timepoint,stationcode,longitude,latitude,area,positionname,primarypollutant,aqi,pm10,pm10_24h,pm2_5,pm2_5_24h,o3,o3_24h,o3_8h,o3_8h_24h,no2,no2_24h,so2,so2_24h,co,co_24h
2026-09-19T2100,1001A,116.3611,39.8786,北京市,万寿西宫,颗粒物(PM10),68,74,48,35,25,128,NA,146,144,17,16,2,3,0.4,0.3
2026-09-19T2100,1003A,116.4174,39.9289,北京市,东四,颗粒物(PM10),58,61,46,31,25,132,NA,155,153,11,15,4,4,0.4,0.4
2026-09-19T2100,1004A,116.4073,39.8858,北京市,天坛,颗粒物(PM10),55,57,46,31,24,100,NA,147,141,19,23,2,3,0.7,0.6
2026-09-19T2100,1005A,116.4622,39.9364,北京市,农展馆,颗粒物(PM10),75,84,53,36,25,121,NA,145,143,15,19,2,3,0.5,0.4
2026-09-19T2100,1006A,116.3399,39.9293,北京市,官园,颗粒物(PM10),67,73,50,35,24,128,NA,144,143,13,16,3,3,0.7,0.6
2026-09-19T2100,1007A,116.2879,39.9613,北京市,海淀万柳,颗粒物(PM10),75,85,56,40,24,108,NA,136,133,22,19,3,3,0.6,0.5
2026-09-19T2100,1008A,116.6635,40.1349,北京市,顺义新城,,39,39,38,27,24,92,NA,151,143,25,19,4,6,0.6,0.5
2026-09-19T2100,1009A,116.6275,40.327,北京市,怀柔镇,,50,50,42,26,23,101,NA,147,143,22,14,2,3,0.7,0.6
2026-09-19T2100,1010A,116.2295,40.217,北京市,昌平镇,颗粒物(PM10),58,60,49,33,27,93,NA,143,139,24,15,3,3,0.6,0.5
2026-09-19T2100,1011A,116.3968,39.982,北京市,奥体中心,颗粒物(PM10),62,66,48,36,25,130,NA,143,142,12,18,6,6,0.6,0.5
2026-09-19T2100,1015A,117.1446,39.1659,天津市,勤俭道,,42,34,45,17,22,132,NA,162,162,15,32,6,6,0.7,0.8
2026-09-19T2100,1018A,117.2016,39.0928,天津市,前进道,,40,40,36,18,18,123,NA,166,163,18,19,7,8,0.5,0.5
2026-09-19T2100,1019A,117.1837,39.2134,天津市,淮河道,颗粒物(PM10),58,60,46,24,23,122,NA,164,160,22,28,8,9,1.0,1
2026-09-19T2100,1021A,117.308261,39.088386,天津市,跃进路,,48,48,47,22,22,120,NA,169,166,19,29,6,7,0.5,0.5
2026-09-19T2100,1023A,117.707,39.0344,天津市,第四大街,,39,39,40,16,17,71,NA,116,112,49,36,6,8,0.8,0.9
2026-09-19T2100,1024A,117.4573,38.8395,天津市,永明路,,34,34,36,16,18,96,NA,140,135,22,22,6,7,0.6,0.6
2026-09-19T2100,1026A,117.7641,39.1588,天津市,汉北路,,40,40,34,19,17,61,NA,132,121,52,25,6,6,0.6,0.6
2026-09-19T2100,1030A,114.5919,38.0328,石家庄市,高新区,细颗粒物(PM2.5),90,95,97,55,59,136,NA,166,165,19,19,3,3,0.7,0.6
2026-09-19T2100,1032A,114.4556,38.0136,石家庄市,西南高教,细颗粒物(PM2.5),102,104,87,62,60,122,NA,157,153,25,23,3,3,0.4,0.5
2026-09-19T2100,1033A,114.533,38.0177,石家庄市,世纪公园,细颗粒物(PM2.5),86,83,81,53,58,124,NA,144,142,17,20,2,2,0.8,0.9
2026-09-19T2100,1034A,114.5105,38.0489,石家庄市,人民会堂,细颗粒物(PM2.5),80,83,93,50,52,155,NA,169,169,16,17,3,3,0.5,0.5
2026-09-19T2100,1040A,118.1707,39.6505,唐山市,十二中,,49,49,44,24,21,103,NA,145,137,24,19,4,5,0.7,0.7
2026-09-19T2100,1041A,118.1868,39.6219,唐山市,小山,,38,38,53,18,15,120,NA,135,118,12,14,14,9,0.4,0.6
2026-09-19T2100,1046A,119.5247,39.9346,秦皇岛市,建设大厦,颗粒物(PM10),58,61,44,23,11,93,NA,114,110,15,24,4,4,0.4,0.3
2026-09-19T2100,1049A,114.492,36.5712,邯郸市,矿院,细颗粒物(PM2.5),110,92,80,71,65,156,NA,206,196,18,16,7,13,1.1,1.4
2026-09-19T2100,1050A,114.4839,36.6136,邯郸市,丛台公园,细颗粒物(PM2.5),113,95,84,74,67,161,NA,200,195,13,15,11,21,0.6,1
2026-09-19T2100,1051A,115.4803,38.8568,保定市,游泳馆,细颗粒物(PM2.5),72,58,43,46,29,131,NA,157,153,14,9,1,2,0.8,0.7
2026-09-19T2100,1052A,115.509,38.8895,保定市,华电二区,NA,NA,NA,50,44,34,NA,NA,156,156,12,11,1,2,0.7,0.6
2026-09-19T2100,1053A,115.4588,38.9037,保定市,接待中心,细颗粒物(PM2.5),74,72,50,47,34,126,NA,150,146,8,6,6,6,0.4,0.3
2026-09-19T2100,1054A,115.4484,38.8344,保定市,地表水厂,细颗粒物(PM2.5),72,70,46,46,30,125,NA,150,147,15,11,4,4,0.7,0.6
2026-09-19T2100,1057A,114.8884,40.8336,张家口市,人民公园,NA,NA,NA,54,NA,32,NA,NA,163,NA,NA,14,NA,1,NA,0.5
2026-09-19T2100,1059A,114.868581,40.804273,张家口市,五金库,颗粒物(PM10),67,73,65,33,33,103,NA,145,127,24,18,/,/,/,/
2026-09-19T2100,1060A,114.8901,40.762,张家口市,世纪豪园,颗粒物(PM10),83,95,58,34,30,98,NA,144,132,23,13,6,6,0.8,0.7
2026-09-19T2100,1062A,117.9531,40.908,承德市,铁路,颗粒物(PM10),53,54,48,23,26,106,NA,126,116,24,19,13,7,0.4,0.5
2026-09-19T2100,1063A,117.9397,40.9763,承德市,中国银行,,50,50,47,19,26,116,NA,132,126,8,13,8,8,0.4,0.5
2026-09-19T2100,1067A,116.6712,39.5109,廊坊市,药材公司,颗粒物(PM10),76,86,50,40,24,97,NA,145,139,18,18,2,3,0.5,0.4
2026-09-19T2100,1068A,116.7215,39.5592,廊坊市,开发区,细颗粒物(PM2.5),56,56,47,38,27,94,NA,158,151,16,22,3,2,0.4,0.4
2026-09-19T2100,1070A,116.7246,39.5273,廊坊市,北华航天学院,NA,NA,NA,44,NA,32,NA,NA,125,NA,NA,43,NA,2,NA,0.3
2026-09-19T2100,1071A,116.8733,38.2922,沧州市,沧县城建局,颗粒物(PM10),70,78,43,35,26,105,NA,158,148,26,19,5,6,0.3,0.1
2026-09-19T2100,1072A,116.8462,38.3189,沧州市,电视转播站,一氧化碳(CO),60,NA,0,2,2,39,NA,NA,NA,12,12,2,2,6.0,6
2026-09-19T2100,1073A,116.8588,38.3161,沧州市,市环保局,颗粒物(PM10),75,85,48,40,28,90,NA,142,135,20,16,5,6,0.2,0.1
2026-09-19T2100,1074A,115.6839,37.754,衡水市,电机北厂,细颗粒物(PM2.5),104,91,60,64,48,146,NA,182,178,18,16,5,4,0.4,0.3
2026-09-19T2100,1075A,115.6303,37.7318,衡水市,市监测站,细颗粒物(PM2.5),88,100,67,54,34,75,NA,174,156,29,15,4,7,1.2,0.8
2026-09-19T2100,1077A,114.4687,37.0883,邢台市,达活泉,细颗粒物(PM2.5),96,101,85,58,55,142,NA,186,183,15,8,1,2,0.7,0.6
2026-09-19T2100,1078A,114.4954,37.0309,邢台市,邢师高专,颗粒物(PM10),102,124,90,57,53,92,NA,169,157,27,18,2,2,0.8,0.8
2026-09-19T2100,1079A,114.5281,37.0857,邢台市,路桥公司,细颗粒物(PM2.5),106,98,74,66,55,117,NA,170,164,19,10,4,3,0.6,0.5
2026-09-19T2100,1080A,114.4721,37.0713,邢台市,市环保局,细颗粒物(PM2.5),96,103,93,58,56,146,NA,176,172,19,18,5,4,0.6,0.6
2026-09-19T2100,1081A,112.5138,37.8916,太原市,尖草坪,细颗粒物(PM2.5),100,98,77,60,43,110,NA,160,154,36,23,21,13,0.9,0.7
2026-09-19T2100,1084A,112.4691,37.7125,太原市,晋源,细颗粒物(PM2.5),110,94,77,70,53,87,NA,156,144,45,32,23,12,1.0,1
2026-09-19T2100,1085A,112.5595,37.7391,太原市,小店,细颗粒物(PM2.5),105,99,87,65,54,125,NA,168,161,20,16,34,11,1.0,0.9
2026-09-19T2100,1087A,112.5705,37.8199,太原市,坞城,细颗粒物(PM2.5),102,75,70,62,49,133,NA,164,160,31,33,31,15,1.2,1.1
2026-09-19T2100,1088A,112.5495,37.9853,太原市,南寨,颗粒物(PM10),84,97,70,45,44,30,NA,135,113,49,24,6,8,0.7,0.9
2026-09-19T2100,1090A,111.6506,40.7517,呼和浩特市,呼市一监,,29,17,46,14,26,92,NA,123,116,13,15,4,5,0.4,0.5
2026-09-19T2100,1094A,111.7516,40.8369,呼和浩特市,如意水处理厂,,30,NA,46,10,27,93,NA,124,118,16,31,6,8,0.3,0.5
2026-09-19T2100,1095A,111.727798,40.806187,呼和浩特市,二十九中,,28,21,51,13,27,87,NA,124,117,19,28,6,8,0.5,0.6
2026-09-19T2100,1097A,111.717,40.7617,呼和浩特市,化肥厂生活区,,28,NA,51,13,29,88,NA,122,116,13,25,7,8,0.5,0.7
2026-09-19T2100,1099A,123.5058,41.7084,沈阳市,浑南东路,颗粒物(PM10),58,60,38,27,16,14,NA,127,109,91,33,12,14,0.6,0.7
2026-09-19T2100,1100A,123.4238,41.6992,沈阳市,新秀街,颗粒物(PM10),60,63,43,26,16,32,NA,117,98,69,38,15,19,0.5,0.6
2026-09-19T2100,1102A,123.5903,41.8412,沈阳市,东陵路,,44,44,40,17,14,59,NA,112,106,28,21,10,13,0.5,0.7
2026-09-19T2100,1103A,123.4267,41.8466,沈阳市,陵东街,,32,32,32,21,16,83,NA,106,102,10,18,7,9,0.5,0.6
2026-09-19T2100,1104A,123.4116,41.7654,沈阳市,文化路,,50,50,40,26,14,69,NA,117,108,40,27,11,20,0.5,0.6
2026-09-19T2100,1105A,123.4673,41.787,沈阳市,小河沿,,35,35,36,21,15,82,NA,110,107,18,23,7,10,0.6,0.7
2026-09-19T2100,1106A,123.4019,41.7978,沈阳市,太原街,颗粒物(PM10),60,64,45,25,15,94,NA,124,119,22,24,6,10,0.5,0.6
2026-09-19T2100,1108A,123.3778,41.9233,沈阳市,京沈街,颗粒物(PM10),55,56,48,24,16,55,NA,116,103,52,31,6,8,0.5,0.7
2026-09-19T2100,1109A,121.6119,38.974,大连市,甘井子,,30,24,20,12,8,94,NA,114,110,17,10,6,6,0.5,0.4
2026-09-19T2100,1110A,121.565,38.9509,大连市,周水子,,30,24,25,15,13,95,NA,115,112,14,14,5,6,0.6,0.6
2026-09-19T2100,1111A,121.5637,38.8849,大连市,星海三站,,31,14,53,8,6,97,NA,114,112,7,7,5,5,0.7,0.7
2026-09-19T2100,1112A,121.6301,38.9117,大连市,青泥洼桥,,27,24,19,12,9,85,NA,107,103,12,8,7,7,0.4,0.4
2026-09-19T2100,1113A,121.6248,38.8643,大连市,傅家庄,,27,15,17,13,7,84,NA,112,107,8,6,7,7,0.6,0.5
2026-09-19T2100,1114A,121.5117,38.8636,大连市,七贤岭,,30,26,24,10,10,95,NA,113,111,12,10,6,6,0.4,0.6
2026-09-19T2100,1116A,121.7507,39.1339,大连市,金州,,28,28,20,12,11,84,NA,116,107,20,11,11,9,0.5,0.5
2026-09-19T2100,1117A,121.7811,39.0495,大连市,开发区,,28,26,24,19,12,87,NA,109,107,20,15,5,5,0.6,0.6
2026-09-19T2100,1118A,121.9762,39.0631,大连市,双D港,,30,28,16,21,9,75,NA,107,99,6,5,7,7,0.3,0.3
2026-09-19T2100,1120A,125.2874,43.9024,长春市,客车厂,,49,49,41,22,16,87,NA,87,86,32,22,6,5,0.5,0.5
2026-09-19T2100,1121A,125.2943,43.8508,长春市,邮电学院,,42,42,31,23,17,101,NA,88,88,18,18,7,6,0.4,0.4
2026-09-19T2100,1122A,125.3648,43.8745,长春市,劳动公园,,50,50,34,23,17,103,NA,92,88,14,14,6,5,0.4,0.4
2026-09-19T2100,1123A,125.3233,43.8781,长春市,园林处,,48,48,36,22,18,109,NA,95,95,15,18,9,8,0.5,0.5
2026-09-19T2100,1124A,125.4604,43.7904,长春市,净月潭,,30,22,18,21,12,56,NA,90,76,10,6,7,8,0.4,0.3
2026-09-19T2100,1126A,125.38,43.8422,长春市,经开区环卫处,,34,34,34,19,15,104,NA,85,84,15,22,10,8,0.5,0.4
2026-09-19T2100,1127A,125.234,43.7761,长春市,高新区管委会,,38,38,27,18,15,66,NA,86,76,27,18,8,8,0.4,0.3
2026-09-19T2100,1128A,125.1695,43.83,长春市,岱山公园,颗粒物(PM10),53,54,48,25,19,52,NA,85,76,60,34,6,4,0.5,0.4
2026-09-19T2100,1130A,126.5557,45.8109,哈尔滨市,松北商大,,33,33,30,14,12,76,NA,98,92,17,16,6,6,0.4,0.4
2026-09-19T2100,1132A,126.6162,45.719,哈尔滨市,南岗学府路,,38,38,40,11,10,85,NA,100,95,17,21,6,6,0.6,0.6
2026-09-19T2100,1133A,126.6894,45.7733,哈尔滨市,太平宏伟公园,,28,28,37,11,10,83,NA,98,92,16,19,8,9,0.3,0.3
2026-09-19T2100,1134A,126.6361,45.7672,哈尔滨市,道外承德广场,,50,50,51,14,10,73,NA,100,93,29,20,5,5,0.4,0.4
2026-09-19T2100,1136A,126.644,45.7261,哈尔滨市,动力和平路,NA,NA,NA,49,11,11,80,NA,97,91,19,25,7,9,0.6,0.7
2026-09-19T2100,1137A,126.5933,45.7479,哈尔滨市,道里建国路,,40,40,35,15,10,77,NA,101,95,18,14,9,7,0.3,0.5
2026-09-19T2100,1138A,126.6127,45.6119,哈尔滨市,平房东轻厂,,35,35,31,5,7,80,NA,97,94,7,7,5,5,0.3,0.4
2026-09-19T2100,1139A,126.5875,45.9827,哈尔滨市,呼兰师专,,38,38,37,10,9,80,NA,99,94,18,19,5,5,0.6,0.6
2026-09-19T2100,1140A,126.6299,45.6799,哈尔滨市,省农科院,,46,46,59,19,16,71,NA,95,88,25,29,5,6,0.6,0.7
2026-09-19T2100,1141A,121.401,31.2382,上海市,普陀,,25,25,24,15,17,57,NA,82,69,27,22,5,5,0.3,0.3
2026-09-19T2100,1142A,121.4774,31.2043,上海市,十五厂,,25,25,24,16,16,61,NA,72,62,21,14,5,5,0.6,0.6
2026-09-19T2100,1143A,121.4673,31.3011,上海市,虹口,,24,24,27,16,18,55,NA,74,58,26,18,5,4,0.3,0.3
2026-09-19T2100,1147A,121.4253,31.226,上海市,静安监测站,,23,23,22,16,18,68,NA,100,81,25,18,7,7,0.6,0.7
2026-09-19T2100,1148A,121.7029,31.1905,上海市,浦东川沙,,27,16,21,11,15,84,NA,69,69,14,16,11,11,0.6,0.6
2026-09-19T2100,1149A,121.5339,31.229,上海市,浦东新区监测站,,23,23,22,14,15,59,NA,66,59,21,16,8,8,0.3,0.3
2026-09-19T2100,1150A,121.5776,31.2038,上海市,浦东张江,,26,26,23,16,15,66,NA,71,66,26,15,6,6,0.5,0.5
2026-09-19T2100,1151A,118.8033,32.1085,南京市,迈皋桥,,17,17,29,8,22,54,NA,71,67,15,23,5,5,1.0,1
2026-09-19T2100,1152A,118.7487,32.057,南京市,草场门,,27,27,37,9,24,47,NA,75,70,27,31,5,6,0.6,0.8
2026-09-19T2100,1154A,118.770105,32.004342,南京市,中华门,,24,24,39,10,30,46,NA,54,NA,12,23,7,6,0.2,0.4
2026-09-19T2100,1155A,118.8059,32.0329,南京市,瑞金路,,27,27,37,8,24,45,NA,76,66,17,26,4,4,0.4,0.6
2026-09-19T2100,1156A,118.7946,32.0774,南京市,玄武湖,,35,35,36,5,19,37,NA,66,58,29,30,4,4,0.4,0.4
2026-09-19T2100,1157A,118.6415,32.0964,南京市,浦口,,28,28,31,7,21,55,NA,81,72,17,15,5,6,0.4,0.7
2026-09-19T2100,1158A,118.730129,32.000956,南京市,奥体中心,,27,27,40,12,27,56,NA,83,73,17,29,5,7,0.6,0.8
2026-09-19T2100,1159A,118.9072,32.1047,南京市,仙林大学城,,17,14,37,2,20,54,NA,63,60,17,34,3,4,0.3,0.4
2026-09-19T2100,1163A,120.5974,31.3247,苏州市,轧钢厂,,20,17,34,14,22,52,NA,100,81,23,26,5,5,0.8,0.9
2026-09-19T2100,1164A,120.6329,31.2741,苏州市,吴中区,,20,20,35,12,23,46,NA,105,85,20,19,6,6,0.7,0.8
2026-09-19T2100,1165A,120.5566,31.3049,苏州市,苏州新区,,18,16,36,12,25,51,NA,104,90,16,20,6,7,0.6,0.6
2026-09-19T2100,1166A,120.668709,31.312523,苏州市,苏州工业园区,,25,25,32,17,21,57,NA,111,88,13,14,6,6,0.7,0.7
2026-09-19T2100,1167A,120.6408,31.3707,苏州市,相城区,,19,12,31,7,20,60,NA,108,87,10,15,8,8,0.8,0.8
2026-09-19T2100,1168A,120.9056,31.9669,南通市,狼山街道,,17,6,8,6,9,53,NA,66,65,8,8,4,5,0.7,0.7
2026-09-19T2100,1170A,120.8635,32.0231,南通市,城中,,23,17,15,7,11,71,NA,68,68,8,9,1,1,0.3,0.4
2026-09-19T2100,1171A,120.9376,31.9301,南通市,星湖花园,,18,NA,11,10,11,55,NA,65,65,8,7,4,4,0.8,0.7
2026-09-19T2100,1172A,120.8053,32.046,南通市,紫琅学院,,20,18,6,10,10,62,NA,64,64,8,7,3,3,0.7,0.6
2026-09-19T2100,1173A,119.1759,34.5885,连云港市,市环境监测站,,22,14,18,12,10,69,NA,104,90,12,10,8,10,0.4,0.4
2026-09-19T2100,1180A,117.257,34.2161,徐州市,新城区,,39,39,55,15,27,67,NA,105,94,9,15,5,6,0.7,0.8
2026-09-19T2100,1182A,117.2933,34.2796,徐州市,农科院,,29,29,54,15,33,72,NA,104,95,8,17,8,10,0.4,0.6
2026-09-19T2100,1186A,119.3895,32.377,扬州市,邗江监测站,,21,14,27,5,15,67,NA,67,67,7,10,3,4,0.5,0.6
2026-09-19T2100,1188A,120.2693,31.4864,无锡市,雪浪,,19,19,30,3,20,60,NA,104,87,13,20,5,6,0.6,0.8
2026-09-19T2100,1189A,120.2761,31.621,无锡市,黄巷,,17,17,28,8,24,52,NA,81,72,23,28,4,4,0.9,1
2026-09-19T2100,1191A,120.2422,31.5037,无锡市,漆塘,,22,21,38,5,19,70,NA,104,90,13,21,7,7,0.6,0.8
2026-09-19T2100,1192A,120.3489,31.5865,无锡市,东亭,,17,12,21,6,20,52,NA,80,70,16,25,6,7,0.5,0.7
2026-09-19T2100,1193A,120.3538,31.5474,无锡市,旺庄,,20,15,27,5,21,61,NA,98,85,13,20,6,7,0.7,0.9
2026-09-19T2100,1194A,120.2447,31.5633,无锡市,荣巷,,20,17,27,4,18,64,NA,94,80,15,21,7,7,0.6,0.9
2026-09-19T2100,1195A,120.2986,31.6816,无锡市,堰桥,,18,12,20,5,17,56,NA,72,66,16,22,5,5,0.8,0.7
2026-09-19T2100,1196A,119.9524,31.7586,常州市,市监测站,,34,34,35,13,13,43,NA,72,54,22,21,5,5,0.4,0.5
2026-09-19T2100,1200A,119.9351,31.703,常州市,武进监测站,,18,18,28,10,18,50,NA,76,59,15,20,1,2,0.4,0.5
2026-09-19T2100,1203A,119.6708,32.187,镇江市,新区办事处,,21,12,21,9,19,66,NA,68,65,13,30,3,3,0.5,0.7
2026-09-19T2100,1204A,119.497455,32.196732,镇江市,职教中心,,19,11,22,7,17,60,NA,68,66,14,21,4,4,0.3,0.5
2026-09-19T2100,1205A,119.43,32.1328,镇江市,丹徒区监测站,,17,14,26,8,20,54,NA,70,67,23,25,6,5,0.4,0.6
2026-09-19T2100,1206A,119.9042,32.488,泰州市,公园路,,22,9,14,7,10,68,NA,66,66,5,6,8,8,0.4,0.5
2026-09-19T2100,1207A,119.9189,32.4626,泰州市,莲花,,21,10,16,5,6,67,NA,66,66,4,5,8,8,0.3,0.4
2026-09-19T2100,1209A,119.8877,32.4636,泰州市,留学生创业园,,24,13,18,9,14,75,NA,74,74,4,5,7,8,0.6,0.6
2026-09-19T2100,1210A,119.0566,33.5991,淮安市,钵池山,,24,12,22,7,13,76,NA,75,71,9,16,5,5,0.6,0.6
2026-09-19T2100,1211A,119.0083,33.578,淮安市,北京南路,,31,31,27,11,13,73,NA,76,72,10,13,6,6,0.6,0.6
2026-09-19T2100,1212A,118.9938,33.6083,淮安市,市监测站,,22,14,15,13,13,68,NA,78,74,13,16,8,8,0.8,0.9
2026-09-19T2100,1213A,119.135,33.5038,淮安市,楚州区监测站,,22,15,18,6,12,69,NA,68,67,7,13,6,6,0.4,0.4
2026-09-19T2100,1216A,120.1554,33.3941,盐城市,市监测站,,25,25,17,16,9,48,NA,82,71,19,10,5,5,0.7,0.6
2026-09-19T2100,1218A,120.214332,33.37951,盐城市,开发区管委会,,19,17,17,13,10,35,NA,76,67,19,5,10,10,0.7,0.6
2026-09-19T2100,1220A,118.2924,33.933,宿迁市,宿迁学院,,28,28,22,15,12,59,NA,96,80,16,14,2,2,0.4,0.4
2026-09-19T2100,1221A,118.2321,33.9572,宿迁市,宿迁中学,NA,NA,27,21,14,12,58,NA,90,79,15,10,NA,3,0.8,0.7
2026-09-19T2100,1223A,120.2073,30.2111,杭州市,滨江,,47,47,58,29,34,101,NA,132,129,21,25,6,6,0.6,0.6
2026-09-19T2100,1224A,120.0625,30.2737,杭州市,西溪,,45,45,48,31,31,93,NA,124,121,19,20,5,4,0.7,0.7
2026-09-19T2100,1226A,120.3417,30.315,杭州市,下沙,,38,37,44,26,34,99,NA,136,130,10,14,8,7,0.7,0.7
2026-09-19T2100,1227A,120.1252,30.2465,杭州市,卧龙桥,,50,47,43,35,31,51,NA,124,115,30,19,6,6,0.8,0.7
2026-09-19T2100,1228A,120.1902,30.2691,杭州市,浙江农大,,43,42,46,30,32,84,NA,119,115,28,25,8,9,0.8,0.8
2026-09-19T2100,1230A,120.1195,30.3121,杭州市,和睦小学,,49,44,42,34,31,83,NA,126,119,24,19,7,7,0.8,0.8
2026-09-19T2100,1231A,120.3076,30.4146,杭州市,临平镇,,40,40,55,25,33,93,NA,134,128,14,15,7,7,0.7,0.7
2026-09-19T2100,1232A,120.2753,30.1839,杭州市,城厢镇,细颗粒物(PM2.5),52,49,54,36,34,86,NA,115,113,14,15,7,7,0.7,0.7
2026-09-19T2100,1233A,120.0883,30.1808,杭州市,云栖,细颗粒物(PM2.5),64,53,46,42,33,47,NA,122,109,25,17,6,6,0.9,0.8
2026-09-19T2100,1234A,121.8352,29.9111,宁波市,区环保大楼,,32,32,39,14,17,51,NA,83,79,23,28,7,8,0.5,0.6
2026-09-19T2100,1235A,121.5595,29.8208,宁波市,万里学院,,29,29,33,12,19,71,NA,91,91,14,14,6,7,0.6,0.7
2026-09-19T2100,1236A,121.713,29.9564,宁波市,龙赛医院,,31,31,32,12,13,60,NA,87,84,16,10,7,7,0.5,0.5
2026-09-19T2100,1240A,121.5855,29.8635,宁波市,太古小学,,23,23,32,11,17,63,NA,82,81,9,9,5,5,0.6,0.6
2026-09-19T2100,1241A,121.5239,29.8673,宁波市,市环境监测中心,,33,33,37,10,21,77,NA,92,91,8,10,7,8,0.8,0.8
2026-09-19T2100,1242A,120.6342,28.0088,温州市,瓯海,,36,36,43,21,27,71,NA,139,110,15,25,6,7,0.5,0.5
2026-09-19T2100,1243A,120.6747,27.9881,温州市,南浦,,36,35,46,25,29,71,NA,135,110,12,17,7,7,0.5,0.5
2026-09-19T2100,1244A,120.76,27.9745,温州市,龙湾,,44,44,54,21,26,74,NA,135,106,9,19,7,7,0.5,0.5
2026-09-19T2100,1247A,120.6053,29.9927,绍兴市,城东开发委,颗粒物(PM10),55,56,63,36,40,97,NA,133,125,26,23,7,7,0.8,0.7
2026-09-19T2100,1250A,120.075,30.867,湖州市,城西水厂,,20,18,52,14,36,57,NA,114,104,17,29,7,8,0.5,0.7
2026-09-19T2100,1252A,120.7439,30.778,嘉兴市,清河小学,,21,21,38,10,24,60,NA,132,118,14,15,5,6,0.3,0.3
2026-09-19T2100,1253A,120.7261,30.7477,嘉兴市,嘉兴学院,NA,NA,19,33,16,26,66,NA,139,126,NA,19,6,6,0.1,0.1
2026-09-19T2100,1255A,121.2727,28.6461,台州市,黄岩环保大楼,,35,33,44,24,28,83,NA,93,92,5,10,/,/,/,/
2026-09-19T2100,1256A,121.4188,28.6545,台州市,台州环保大楼,,28,27,47,19,26,79,NA,95,92,6,15,/,/,0.7,0.8
2026-09-19T2100,1257A,121.3768,28.5772,台州市,路桥田洋王,,34,34,49,17,28,79,NA,104,95,7,15,7,7,0.5,0.5
2026-09-19T2100,1258A,122.1223,30.0203,舟山市,定海檀枫,,31,31,27,14,15,57,NA,79,72,13,7,7,7,0.7,0.7
2026-09-19T2100,1260A,122.1898,29.9945,舟山市,临城新区,,21,20,21,12,13,65,NA,80,75,5,6,6,6,0.5,0.5
2026-09-19T2100,1262A,119.6478,29.0773,金华市,十五中,细颗粒物(PM2.5),76,80,65,48,39,139,NA,196,184,21,20,5,10,0.8,0.7
2026-09-19T2100,1263A,119.6859,29.1032,金华市,监测站,细颗粒物(PM2.5),78,78,65,49,37,127,NA,186,168,26,22,2,3,0.7,0.7
2026-09-19T2100,1264A,118.8694,28.94,衢州市,环保大楼,细颗粒物(PM2.5),92,87,62,56,40,108,NA,198,170,28,20,/,/,/,/
2026-09-19T2100,1266A,118.8622,28.9809,衢州市,衢州学院,细颗粒物(PM2.5),72,71,53,46,35,106,NA,194,170,28,22,8,9,1.0,0.9
2026-09-19T2100,1267A,119.9141,28.4513,丽水市,监测站大楼,,46,45,43,32,32,116,NA,139,133,17,22,6,6,0.8,0.7
2026-09-19T2100,1268A,119.93,28.4589,丽水市,莲都小学,颗粒物(PM10),53,54,44,34,28,109,NA,145,137,22,17,/,/,/,/
2026-09-19T2100,1269A,119.8794,28.4232,丽水市,余庄前,细颗粒物(PM2.5),64,62,41,42,28,63,NA,150,115,16,15,6,6,0.8,0.7
2026-09-19T2100,1270A,117.1957,31.7845,合肥市,明珠广场,,34,34,49,12,31,54,NA,108,98,21,21,10,10,0.4,0.5
2026-09-19T2100,1271A,117.307,31.8765,合肥市,三里街,,22,22,41,10,30,49,NA,101,88,19,16,4,5,0.7,0.8
2026-09-19T2100,1272A,117.2587,31.8703,合肥市,琥珀山庄,,24,24,44,9,28,55,NA,107,97,15,17,6,6,0.5,0.6
2026-09-19T2100,1275A,117.2593,31.9376,合肥市,庐阳区,,34,34,40,13,28,40,NA,98,86,28,16,7,7,0.6,0.7
2026-09-19T2100,1276A,117.345251,31.861615,合肥市,瑶海区,,29,29,41,12,26,48,NA,100,88,16,15,3,3,0.5,0.6
2026-09-19T2100,1277A,117.3033,31.7967,合肥市,包河区,,31,31,45,11,28,17,NA,109,85,55,34,7,7,0.5,0.5
2026-09-19T2100,1278A,117.278,31.7392,合肥市,滨湖新区,,29,29,49,11,27,56,NA,126,112,19,22,7,7,0.7,0.8
2026-09-19T2100,1279A,117.1324,31.8395,合肥市,高新区,,34,34,44,13,27,50,NA,106,97,25,19,6,6,0.7,0.6
2026-09-19T2100,1282A,119.2681,26.0506,福州市,师大,,40,40,41,26,22,120,NA,175,164,12,10,6,6,0.4,0.5
2026-09-19T2100,1283A,119.2983,26.1028,福州市,五四北路,,43,41,38,26,26,137,NA,176,168,10,13,6,6,0.4,0.4
2026-09-19T2100,1284A,119.2648,26.0769,福州市,杨桥西路,,42,42,44,23,25,130,NA,174,165,12,13,4,5,/,/
2026-09-19T2100,1287A,118.1519,24.4768,厦门市,洪文,,43,43,41,25,23,118,NA,166,151,11,14,4,4,0.4,0.4
2026-09-19T2100,1288A,118.0671,24.4447,厦门市,鼓浪屿,,48,48,45,24,23,119,NA,165,145,9,15,3,4,/,/
2026-09-19T2100,1291A,115.8887,28.7006,南昌市,省林业公司,细颗粒物(PM2.5),78,53,42,49,39,112,NA,149,146,9,8,6,6,0.8,0.6
2026-09-19T2100,1292A,115.813,28.7443,南昌市,林科所,细颗粒物(PM2.5),76,51,37,48,36,107,NA,136,134,19,12,8,8,1.2,1.1
2026-09-19T2100,1294A,115.8518,28.687,南昌市,建工学校,细颗粒物(PM2.5),76,56,48,48,37,116,NA,141,139,17,13,10,10,1.1,0.9
2026-09-19T2100,1295A,115.8926,28.6425,南昌市,象湖,细颗粒物(PM2.5),60,43,39,40,39,103,NA,128,126,15,13,8,9,0.9,0.8
2026-09-19T2100,1299A,116.9866,36.6118,济南市,科干所,颗粒物(PM10),51,51,77,25,47,134,NA,198,186,24,28,6,7,0.6,0.7
2026-09-19T2100,1300A,116.9379,36.6652,济南市,农科所,颗粒物(PM10),65,71,75,30,47,116,NA,199,184,34,33,5,7,0.5,0.5
2026-09-19T2100,1301A,117.1265,36.6736,济南市,开发区,颗粒物(PM10),78,88,84,40,45,133,NA,195,184,24,33,7,8,0.8,0.9
2026-09-19T2100,1303A,117.0616,36.6865,济南市,省种子仓库,颗粒物(PM10),86,100,88,38,38,136,NA,196,186,27,34,5,7,0.6,0.7
2026-09-19T2100,1304A,116.9495185,36.644937,济南市,机床二厂,颗粒物(PM10),73,81,92,30,52,139,NA,198,189,26,33,8,10,0.5,0.6
2026-09-19T2100,1305A,117.0496,36.6629,济南市,市监测站,颗粒物(PM10),75,85,83,32,41,133,NA,193,183,24,30,5,7,0.7,0.8
2026-09-19T2100,1306A,116.7674,36.5458,济南市,长清党校,颗粒物(PM10),67,73,103,33,53,165,NA,211,202,14,33,5,5,0.4,0.5
2026-09-19T2100,1310A,120.404,36.0625,青岛市,市南区东部子站,NA,NA,14,14,8,8,105,NA,122,116,6,9,7,7,NA,0
2026-09-19T2100,1311A,120.362344,36.10282,青岛市,四方区子站,,34,17,16,9,8,107,NA,125,119,5,8,3,3,0.4,0.4
2026-09-19T2100,1312A,120.294373,36.054183,青岛市,市南区西部子站,,33,12,12,6,7,105,NA,109,104,4,18,5,5,0.5,0.5
2026-09-19T2100,1313A,120.4581,36.0858,青岛市,崂山区子站,,32,19,15,10,8,100,NA,120,115,9,9,9,8,0.4,0.4
2026-09-19T2100,1315A,120.3945,36.3083,青岛市,城阳区子站,,30,24,28,11,14,96,NA,135,123,14,17,4,4,0.3,0.3
2026-09-19T2100,1316A,113.6843,34.7622,郑州市,烟厂,,47,47,75,32,55,90,NA,137,122,18,17,5,7,0.3,0.5
2026-09-19T2100,1318A,113.669,34.8034,郑州市,银行学校,细颗粒物(PM2.5),54,49,78,37,60,93,NA,133,120,16,18,3,5,0.4,0.6
2026-09-19T2100,1319A,113.5612,34.8143,郑州市,供水公司,NA,NA,51,78,29,50,NA,NA,144,131,14,23,3,5,0.5,0.7
2026-09-19T2100,1320A,113.7269,34.7187,郑州市,经开区管委,NA,NA,55,74,31,51,90,NA,135,119,22,22,NA,5,NA,0.6
2026-09-19T2100,1321A,113.7332,34.7727,郑州市,四十七中,NA,NA,NA,NA,NA,NA,NA,NA,NA,NA,NA,NA,NA,NA,NA,NA
2026-09-19T2100,1323A,113.6361,34.7537,郑州市,河医大,颗粒物(PM10),54,55,84,34,51,92,NA,135,118,15,20,6,8,0.6,0.8
2026-09-19T2100,1325A,114.3676,30.5584,武汉市,东湖梨园,颗粒物(PM10),56,58,41,29,31,95,NA,139,136,19,17,9,9,0.9,0.8
2026-09-19T2100,1326A,114.2527,30.5578,武汉市,汉阳月湖,NA,NA,49,46,40,35,NA,NA,120,119,28,12,4,5,0.6,0.5
2026-09-19T2100,1327A,114.2819,30.6189,武汉市,汉口花桥,细颗粒物(PM2.5),76,53,41,48,36,87,NA,133,130,35,17,7,8,0.6,0.5
2026-09-19T2100,1328A,114.3024,30.5332,武汉市,武昌紫阳,颗粒物(PM10),65,71,51,37,30,72,NA,130,124,39,18,8,8,0.6,0.5
2026-09-19T2100,1329A,114.3646,30.6217,武汉市,青山钢花,颗粒物(PM10),55,56,42,33,29,74,NA,130,125,42,19,10,10,0.6,0.5
2026-09-19T2100,1330A,114.156697,30.482592,武汉市,沌口新区,,48,39,46,33,35,86,NA,126,120,17,17,10,11,0.3,0.3
2026-09-19T2100,1331A,114.3013,30.5944,武汉市,汉口江滩,颗粒物(PM10),55,56,48,37,34,90,NA,115,112,28,26,4,5,0.8,0.3
2026-09-19T2100,1333A,114.1285,30.6339,武汉市,吴家山,,50,50,47,33,35,63,NA,133,124,38,18,8,8,0.7,0.7
2026-09-19T2100,1335A,113.082,28.2421,长沙市,经开区环保局,细颗粒物(PM2.5),64,65,52,42,37,68,NA,86,86,22,13,5,5,1.0,0.8
2026-09-19T2100,1336A,112.8873,28.2202,长沙市,高开区环保局,细颗粒物(PM2.5),72,67,49,46,36,71,NA,82,82,16,9,5,5,1.0,1
2026-09-19T2100,1337A,113.0785,28.2012,长沙市,马坡岭,"颗粒物(PM10),细颗粒物(PM2.5)",60,63,52,40,37,78,NA,95,95,19,14,8,7,0.7,0.6
2026-09-19T2100,1338A,112.9448,28.1894,长沙市,湖南师范大学,"颗粒物(PM10),细颗粒物(PM2.5)",64,69,53,42,35,76,NA,89,89,18,12,8,8,0.7,0.7
2026-09-19T2100,1339A,113.0177,28.1322,长沙市,雨花区环保局,细颗粒物(PM2.5),72,64,47,46,34,68,NA,96,96,20,12,7,7,1.2,1.1
2026-09-19T2100,1340A,112.9795,28.2593,长沙市,伍家岭,颗粒物(PM10),61,65,51,37,33,74,NA,84,84,13,9,4,4,0.7,0.6
2026-09-19T2100,1341A,113.002,28.1944,长沙市,火车新站,颗粒物(PM10),57,59,47,37,36,77,NA,89,89,13,9,5,6,0.9,0.8
2026-09-19T2100,1342A,112.9846,28.1177,长沙市,天心区环保局,细颗粒物(PM2.5),72,63,49,46,41,77,NA,97,97,19,14,4,4,0.7,0.6
2026-09-19T2100,1343A,112.8906,28.1307,长沙市,湖南中医药大学,细颗粒物(PM2.5),66,63,50,43,40,71,NA,90,88,17,9,8,8,0.8,0.7
2026-09-19T2100,1345A,113.2346,23.1423,广州市,广雅中学,,46,44,48,32,31,107,NA,178,162,24,23,5,6,0.7,0.6
2026-09-19T2100,1346A,113.2611,23.105,广州市,市五中,臭氧1小时(O3_1h),68,60,46,42,32,174,NA,215,206,30,21,5,6,/,/
2026-09-19T2100,1348A,113.3477,23.0916,广州市,广东商学院,颗粒物(PM10),65,70,49,40,27,84,NA,212,190,43,32,5,6,0.7,0.6
2026-09-19T2100,1349A,113.4332,23.105,广州市,市八十六中,,48,41,36,33,27,116,NA,212,191,50,40,7,8,/,/
2026-09-19T2100,1350A,113.3506,22.9488,广州市,番禺中学,NA,NA,54,48,35,27,NA,NA,206,206,34,22,6,6,0.5,0.4
2026-09-19T2100,1351A,113.2147,23.3918,广州市,花都师范,颗粒物(PM10),57,59,61,37,38,91,NA,188,175,32,31,4,4,0.6,0.6
2026-09-19T2100,1352A,113.2599,23.1329,广州市,市监测站,颗粒物(PM10),56,58,48,37,28,81,NA,170,152,33,21,1,2,/,/
2026-09-19T2100,1353A,113.5618,23.3119,广州市,九龙镇镇龙,细颗粒物(PM2.5),86,78,51,53,34,32,NA,117,90,30,22,8,8,0.8,0.7
2026-09-19T2100,1354A,113.2764,23.1544,广州市,麓湖,,46,46,42,32,29,62,NA,131,121,53,35,7,9,0.7,0.6
2026-09-19T2100,1356A,114.0948,22.5506,深圳市,通心岭子站,,44,38,30,22,16,140,NA,162,158,7,8,3,3,0.7,0.6
2026-09-19T2100,1357A,114.1153,22.5713,深圳市,洪湖,,44,44,35,22,18,126,NA,161,152,21,16,2,2,0.7,0.6
2026-09-19T2100,1358A,113.9823,22.5398,深圳市,华侨城,,40,36,31,21,16,125,NA,169,162,22,16,/,/,/,/
2026-09-19T2100,1359A,113.9181,22.517,深圳市,南海子站,,47,47,35,26,20,100,NA,158,155,38,14,2,2,0.9,0.8
2026-09-19T2100,1360A,114.2345,22.565,深圳市,盐田,,46,36,32,22,17,147,NA,144,144,10,11,10,9,0.7,0.7
2026-09-19T2100,1363A,114.4911,22.5381,深圳市,南澳,,39,30,28,23,15,122,NA,144,138,10,11,/,/,/,/
2026-09-19T2100,1364A,114.41,22.6346,深圳市,葵涌,,41,28,32,19,18,131,NA,158,157,13,10,8,8,0.8,0.8
2026-09-19T2100,1365A,114.2967,22.5978,深圳市,梅沙,,45,34,29,18,15,141,NA,150,148,10,9,/,/,/,/
2026-09-19T2100,1366A,114.0563,22.7353,深圳市,观澜,颗粒物(PM10),62,66,52,26,23,106,NA,207,186,44,26,4,4,0.8,0.6
2026-09-19T2100,1367A,113.5811,22.2618,珠海市,吉大,NA,NA,33,24,24,17,124,NA,137,137,NA,13,NA,8,NA,0.8
2026-09-19T2100,1368A,113.4893,22.2323,珠海市,前山,,43,33,31,22,17,136,NA,143,143,19,17,/,/,/,/
2026-09-19T2100,1369A,113.6284,22.4252,珠海市,唐家,,45,30,21,20,17,142,NA,157,157,10,13,/,/,/,/
2026-09-19T2100,1370A,113.2986,22.2284,珠海市,斗门,,44,27,27,17,17,139,NA,150,150,9,11,11,10,0.5,0.5
2026-09-19T2100,1371A,113.1293,23.0065,佛山市,湾梁,臭氧1小时(O3_1h),85,48,48,36,30,188,NA,199,199,21,20,/,/,/,/
2026-09-19T2100,1372A,113.1082,23.0477,佛山市,华材职中,细颗粒物(PM2.5),84,70,51,52,37,184,NA,220,217,26,17,3,3,0.7,0.6
2026-09-19T2100,1373A,113.1439,23.045,佛山市,南海气象局,臭氧1小时(O3_1h),103,55,49,41,34,206,NA,197,197,22,24,/,/,/,/
2026-09-19T2100,1374A,113.2879,22.8094,佛山市,顺德苏岗,,44,44,42,21,27,140,NA,212,200,18,21,/,/,0.4,0.4
2026-09-19T2100,1376A,112.8384,22.8678,佛山市,高明孔堂,,45,45,45,30,28,144,NA,197,183,13,16,/,/,/,/
2026-09-19T2100,1377A,112.8835,23.1584,佛山市,三水监测站,细颗粒物(PM2.5),100,85,79,60,47,144,NA,216,208,36,30,5,7,0.5,0.5
2026-09-19T2100,1378A,112.8668,23.185,佛山市,三水云东海,细颗粒物(PM2.5),84,77,70,52,47,127,NA,203,191,26,23,/,/,/,/
2026-09-19T2100,1379A,113.377,22.5211,中山市,华柏园,,45,32,31,22,19,144,NA,158,158,13,12,/,/,/,/
2026-09-19T2100,1380A,113.3879,22.5499,中山市,张溪,,50,28,36,16,18,158,NA,177,177,13,16,/,/,/,/
2026-09-19T2100,1381A,113.4071,22.5111,中山市,紫马岭,,45,38,29,22,18,142,NA,174,173,15,13,9,9,0.6,0.6
2026-09-19T2100,1383A,113.1063,22.6058,江门市,北街,,40,30,37,23,22,126,NA,182,170,11,10,/,/,/,/
2026-09-19T2100,1384A,113.073,22.5835,江门市,西区,,49,49,40,22,24,129,NA,178,166,16,18,/,/,/,/
2026-09-19T2100,1385A,113.0218,22.531,江门市,圭峰西,,40,40,39,26,21,124,NA,173,159,20,15,/,/,/,/
2026-09-19T2100,1390A,113.7943,23.0132,东莞市,东城石井,颗粒物(PM10),56,58,43,36,26,107,NA,140,127,27,16,7,8,0.9,0.8
2026-09-19T2100,1391A,113.7384,22.9659,东莞市,南城西平,颗粒物(PM10),53,53,46,30,27,147,NA,170,166,20,25,9,9,0.8,0.8
2026-09-19T2100,1392A,114.4181,23.0528,惠州市,河南岸金山湖子站,,43,39,41,23,25,135,NA,126,123,17,14,9,9,0.6,0.6
2026-09-19T2100,1393A,114.4055,23.0824,惠州市,下埔横江三路子站,"颗粒物(PM10),细颗粒物(PM2.5)",52,52,42,36,24,124,NA,115,113,20,13,9,7,0.6,0.6
2026-09-19T2100,1395A,114.4645,22.7832,惠州市,惠阳区承修路船湖子站,,49,42,43,21,22,155,NA,163,163,9,11,5,5,0.8,0.9
2026-09-19T2100,1396A,114.5316,22.7423,惠州市,大亚湾管委会子站,,45,45,39,21,22,136,NA,149,146,15,14,8,11,0.5,0.6
2026-09-19T2100,1397A,112.426,23.062,肇庆市,睦岗子站,颗粒物(PM10),63,67,62,36,39,120,NA,194,178,24,29,7,8,/,/
2026-09-19T2100,1398A,112.4645,23.0476,肇庆市,城中子站,颗粒物(PM10),60,64,57,37,36,84,NA,187,173,59,27,11,15,0.9,0.8
2026-09-19T2100,1399A,112.5545,23.1525,肇庆市,坑口子站,细颗粒物(PM2.5),56,50,56,38,41,150,NA,206,195,10,12,6,9,0.6,0.6
2026-09-19T2100,1401A,108.3098,22.788,南宁市,二十一中,细颗粒物(PM2.5),74,53,41,47,32,111,NA,132,127,11,15,18,7,0.7,0.8
2026-09-19T2100,1402A,108.3135,22.8529,南宁市,北湖,细颗粒物(PM2.5),74,47,52,47,39,106,NA,139,134,24,22,6,9,0.7,0.6
2026-09-19T2100,1403A,108.3205,22.8222,南宁市,市监测站,,48,43,42,33,30,122,NA,142,137,10,14,15,8,0.8,0.8
2026-09-19T2100,1404A,108.3828,22.8038,南宁市,大自然花园,NA,NA,NA,40,45,30,NA,NA,132,128,18,15,11,6,0.8,0.8
2026-09-19T2100,1406A,108.2397,22.8462,南宁市,区农职院,细颗粒物(PM2.5),76,56,48,48,35,67,NA,148,130,28,19,8,11,0.8,0.7
2026-09-19T2100,1407A,108.3285,22.7356,南宁市,英华嘉园,细颗粒物(PM2.5),100,86,55,60,36,12,NA,129,105,79,28,10,6,1.0,0.8
2026-09-19T2100,1410A,110.3189,20.0596,海口市,海南大学,,27,27,28,12,13,73,NA,74,69,3,3,5,5,0.4,0.4
2026-09-19T2100,1411A,110.2827,20.0051,海口市,秀英海南医院,,24,24,22,14,13,68,NA,73,62,4,4,6,6,0.2,0.2
2026-09-19T2100,1412A,110.3391,19.9979,海口市,海南师范大学,,27,27,28,12,12,65,NA,71,60,4,3,4,4,0.7,0.5
2026-09-19T2100,1413A,110.3303,20.0359,海口市,龙华路环保局宿舍,,28,28,28,15,14,72,NA,74,69,3,4,/,/,0.3,0.3
2026-09-19T2100,1416A,106.4216,29.8256,重庆市,天生,,24,24,21,12,10,39,NA,67,64,14,14,8,8,0.8,0.8
2026-09-19T2100,1417A,106.6264,29.7226,重庆市,两路,NA,NA,35,27,10,9,NA,NA,64,64,12,14,4,4,0.8,0.8
2026-09-19T2100,1419A,106.5778,29.5103,重庆市,南坪,,36,36,31,22,9,48,NA,87,84,22,20,5,4,0.7,0.7
2026-09-19T2100,1420A,106.6556,29.6277,重庆市,唐家沱,,20,20,13,3,6,43,NA,80,77,14,16,8,8,0.8,0.8
2026-09-19T2100,1431A,103.9727,30.7242,成都市,金泉两河,,35,NA,24,24,19,36,NA,48,48,11,18,1,2,0.6,0.7
2026-09-19T2100,1432A,104.1423,30.6765,成都市,十里店,,24,24,31,16,25,31,NA,48,47,14,22,4,5,0.9,1
2026-09-19T2100,1433A,104.0594,30.5765,成都市,三瓦窑,,29,NA,24,20,27,38,NA,50,50,18,29,6,6,0.9,1
2026-09-19T2100,1434A,104.1122,30.6306,成都市,沙河铺,,35,35,34,17,25,28,NA,36,36,19,27,8,7,0.7,1
2026-09-19T2100,1439A,106.6863,26.6035,贵阳市,马鞍山,,23,19,16,12,12,72,NA,80,76,6,7,7,5,/,/
2026-09-19T2100,1441A,106.6241,26.6266,贵阳市,鉴湖路,,39,39,30,14,12,64,NA,73,70,8,7,9,10,0.6,0.6
2026-09-19T2100,1442A,106.7468,26.6344,贵阳市,燕子冲,,24,24,27,15,13,69,NA,79,75,11,10,6,7,0.4,0.5
2026-09-19T2100,1443A,106.6556,26.4362,贵阳市,碧云窝,,34,34,33,14,13,64,NA,72,70,10,7,6,8,/,/
2026-09-19T2100,1445A,106.6963,26.6063,贵阳市,红边门,,27,27,24,16,12,60,NA,74,69,13,10,3,4,/,/
2026-09-19T2100,1446A,106.7162383,26.56964667,贵阳市,新华路,,36,36,31,14,12,56,NA,72,68,16,14,6,7,0.5,0.5
2026-09-19T2100,1447A,106.6742,26.542,贵阳市,太慈桥,,31,31,25,11,13,71,NA,76,74,7,9,6,4,/,/
2026-09-19T2100,1450A,102.8203,24.889,昆明市,呈贡新区,,31,31,13,15,7,51,NA,84,81,27,11,4,3,0.4,0.4
2026-09-19T2100,1452A,102.7253,25.0904,昆明市,龙泉镇,,42,42,18,15,7,36,NA,78,72,26,14,3,3,0.5,0.3
2026-09-19T2100,1453A,102.7267,25.0378,昆明市,东风东路,,39,36,14,27,8,40,NA,75,69,31,11,7,5,0.6,0.4
2026-09-19T2100,1454A,102.6744,25.0671,昆明市,金鼎山,,30,30,14,18,9,55,NA,80,76,24,10,5,4,0.6,0.5
2026-09-19T2100,1455A,102.6643,25.0401,昆明市,碧鸡广场,,47,47,17,28,8,38,NA,71,65,31,10,7,6,0.7,0.5
2026-09-19T2100,1456A,91.132,29.6515,拉萨市,八廓街,,25,11,10,5,6,77,NA,98,96,14,13,8,9,0.3,0.3
2026-09-19T2100,1457A,91.1221,29.6748,拉萨市,市环保局,,19,9,10,5,6,58,NA,93,89,22,13,8,9,0.3,0.3
2026-09-19T2100,1458A,91.0874,29.6476,拉萨市,区监测站,,24,9,8,5,7,74,NA,93,91,21,17,6,8,0.2,0.1
2026-09-19T2100,1459A,91.1774,29.6541,拉萨市,西藏大学,,27,11,9,5,6,86,NA,101,100,16,13,7,7,0.2,0.2
2026-09-19T2100,1460A,90.9798,29.6586,拉萨市,区辐射站,,24,12,12,9,7,76,NA,85,84,20,18,7,8,0.3,0.3
2026-09-19T2100,1461A,91.0831,29.6292,拉萨市,拉萨火车站,,26,11,10,6,6,82,NA,92,92,11,19,7,7,0.3,0.3
2026-09-19T2100,1463A,108.9931,34.2629,西安市,兴庆小区,细颗粒物(PM2.5),82,66,59,51,39,70,NA,100,95,17,29,4,5,0.7,0.7
2026-09-19T2100,1464A,109.0595,34.2569,西安市,纺织城,细颗粒物(PM2.5),98,99,62,59,44,62,NA,93,84,20,24,3,4,0.8,0.7
2026-09-19T2100,1465A,108.9377,34.2178,西安市,小寨,细颗粒物(PM2.5),80,65,62,50,43,70,NA,91,88,16,26,2,3,0.9,0.9
2026-09-19T2100,1466A,108.9522,34.2739,西安市,市人民体育场,细颗粒物(PM2.5),102,68,63,62,45,80,NA,116,108,21,29,3,5,1.0,0.9
2026-09-19T2100,1467A,108.8923,34.2322,西安市,高新西区,细颗粒物(PM2.5),84,76,63,52,40,74,NA,101,95,15,22,4,6,0.7,0.6
2026-09-19T2100,1468A,108.9386,34.3446,西安市,经开区,细颗粒物(PM2.5),106,95,67,66,43,46,NA,106,96,22,20,2,4,0.8,0.8
2026-09-19T2100,1469A,108.894,34.1557,西安市,长安区,细颗粒物(PM2.5),80,55,60,50,42,73,NA,83,78,30,31,2,3,0.6,0.6
2026-09-19T2100,1471A,109.213,34.3748,西安市,临潼区,细颗粒物(PM2.5),90,60,48,55,36,59,NA,94,88,23,16,3,4,0.9,0.8
2026-09-19T2100,1474A,109.0508,34.321,西安市,广运潭,细颗粒物(PM2.5),104,89,67,64,43,50,NA,94,87,24,28,6,7,0.9,0.8
2026-09-19T2100,1479A,103.8309,36.0467,兰州市,铁路设计院,,38,38,37,14,15,71,NA,74,74,23,24,5,3,0.3,0.2
2026-09-19T2100,1489A,106.1361,38.5039,银川市,学院路,颗粒物(PM10),55,56,46,19,21,80,NA,83,83,11,19,4,4,0.3,0.3
2026-09-19T2100,1490A,87.5796,43.8299,乌鲁木齐市,监测站,颗粒物(PM10),52,52,49,3,16,66,NA,107,106,40,33,3,3,0.6,0.5
2026-09-19T2100,1491A,87.6044,43.7679,乌鲁木齐市,收费所,,49,46,59,34,19,35,NA,107,102,68,34,2,2,0.7,0.4
2026-09-19T2100,1493A,87.5529,43.8704,乌鲁木齐市,铁路局,,45,45,57,10,17,64,NA,100,99,35,37,7,8,0.6,0.6
2026-09-19T2100,1494A,87.6408,43.8258,乌鲁木齐市,三十一中学,颗粒物(PM10),52,52,54,15,15,82,NA,106,106,26,26,7,7,0.6,0.5
2026-09-19T2100,1496A,87.7218,44.1747,乌鲁木齐市,米东区环保局,,35,35,55,6,13,92,NA,106,106,6,14,9,11,0.3,0.3
2026-09-19T2100,1508A,112.9508,27.8626,湘潭市,板塘,细颗粒物(PM2.5),66,64,53,43,38,87,NA,107,107,14,9,11,10,0.6,0.5
2026-09-19T2100,1511A,112.9114,27.8404,湘潭市,市监测站,细颗粒物(PM2.5),62,44,37,41,37,71,NA,91,91,13,8,4,3,0.6,0.5
2026-09-19T2100,1512A,112.8935,27.8729,湘潭市,江麓,细颗粒物(PM2.5),70,67,51,45,37,63,NA,89,87,24,9,8,7,0.6,0.5
2026-09-19T2100,1513A,112.9227,27.8159,湘潭市,岳塘,细颗粒物(PM2.5),64,64,53,42,38,80,NA,105,104,15,8,8,8,0.2,0.1
2026-09-19T2100,1514A,112.9073,27.9118,湘潭市,科大,细颗粒物(PM2.5),110,110,59,70,38,71,NA,92,92,19,8,8,7,1.0,0.8
2026-09-19T2100,1515A,113.1265,27.8306,株洲市,天台山庄,细颗粒物(PM2.5),78,70,57,49,41,75,NA,93,93,27,19,3,2,0.8,0.7
2026-09-19T2100,1518A,113.0937,27.8919,株洲市,株冶医院,细颗粒物(PM2.5),100,70,53,60,40,51,NA,90,90,30,15,5,4,1.1,0.9
2026-09-19T2100,1519A,113.1709,27.8661,株洲市,市四中,细颗粒物(PM2.5),101,89,57,61,42,81,NA,100,100,24,16,6,5,0.8,0.6
2026-09-19T2100,1520A,113.1515,27.8265,株洲市,火车站,细颗粒物(PM2.5),90,74,56,55,44,86,NA,99,99,20,16,12,10,0.8,0.7
2026-09-19T2100,1524A,113.1329,27.8491,株洲市,市监测站,细颗粒物(PM2.5),82,74,57,51,39,79,NA,97,97,25,19,9,8,0.6,0.5
2026-09-19T2100,1562A,113.0048,27.9153,湘潭市,昭山,细颗粒物(PM2.5),68,68,61,44,38,65,NA,92,92,13,6,8,7,0.7,0.7
2026-09-19T2100,1585A,109.8761,40.6533,包头市,市环境监测站,,28,NA,34,19,22,77,NA,115,107,13,23,4,8,0.4,0.5
2026-09-19T2100,1587A,109.9992,40.5843,包头市,包头八中,,34,34,45,19,25,81,NA,117,110,20,22,6,9,0.4,0.4
2026-09-19T2100,1589A,109.8641,40.6288,包头市,惠龙物流,,33,NA,35,23,24,76,NA,112,105,13,23,5,8,0.5,0.6
2026-09-19T2100,1590A,110.0376,40.5546,包头市,东河鸿龙湾,,23,17,33,16,26,73,NA,120,112,17,22,4,6,0.7,0.7
2026-09-19T2100,1591A,110.0024,39.8127,鄂尔多斯市,综合楼,,39,31,42,27,23,93,NA,119,116,17,20,5,6,0.6,0.5
2026-09-19T2100,1592A,109.9485,39.8259,鄂尔多斯市,巴音孟克林场办事处,,30,22,36,21,22,92,NA,119,114,14,14,4,6,0.4,0.4
2026-09-19T2100,1593A,109.7734,39.5987,鄂尔多斯市,康泽苑,,36,36,33,18,19,90,NA,114,110,14,13,5,5,0.5,0.5
2026-09-19T2100,1594A,109.8121,39.5987,鄂尔多斯市,华泰汽车城,NA,NA,NA,31,28,20,NA,NA,108,106,NA,14,NA,3,NA,0.5
2026-09-19T2100,1595A,109.9734,39.7884,鄂尔多斯市,奥林花园,,45,31,43,31,24,90,NA,109,102,14,16,4,5,0.7,0.6
2026-09-19T2100,1597A,122.2704,40.7093,营口市,大庆路,颗粒物(PM10),58,61,43,27,18,104,NA,105,104,14,21,7,9,0.7,1
2026-09-19T2100,1598A,122.215,40.6511,营口市,镜湖西路,,40,35,37,28,20,117,NA,114,114,13,20,2,4,0.4,0.5
2026-09-19T2100,1599A,122.1667,40.665,营口市,西炮台,颗粒物(PM10),55,57,40,28,17,102,NA,105,105,9,20,6,6,0.3,0.4
2026-09-19T2100,1600A,124.33,40.0625,丹东市,江湾东路,颗粒物(PM10),53,53,49,29,19,11,NA,91,71,51,21,6,7,0.8,0.8
2026-09-19T2100,1601A,124.4242,40.1513,丹东市,临江后街,颗粒物(PM10),79,90,42,30,18,32,NA,88,74,33,16,5,6,0.6,0.5
2026-09-19T2100,1602A,124.3935,40.1461,丹东市,元宝山,颗粒物(PM10),54,55,32,31,16,42,NA,87,77,21,14,8,8,0.9,0.6
2026-09-19T2100,1603A,124.3634,40.1093,丹东市,民主桥,,47,47,38,32,16,17,NA,82,67,35,21,9,10,0.4,0.2
2026-09-19T2100,1604A,122.0303,41.1489,盘锦市,开发区,细颗粒物(PM2.5),72,NA,24,46,18,97,NA,106,106,11,12,5,5,0.5,0.5
2026-09-19T2100,1605A,122.0486,41.0883,盘锦市,兴隆台,,27,26,28,12,14,85,NA,108,103,31,29,4,5,0.5,0.5
2026-09-19T2100,1606A,121.8297,41.1026,盘锦市,新生街道,细颗粒物(PM2.5),78,NA,20,49,17,51,NA,106,93,20,16,4,5,0.5,0.4
2026-09-19T2100,1607A,120.904878,40.721091,葫芦岛市,龙港区,,43,24,26,16,14,137,NA,139,139,4,14,6,6,0.2,0.2
2026-09-19T2100,1608A,120.8382,40.7521,葫芦岛市,化工街,,38,36,41,19,21,119,NA,129,129,8,36,1,5,0.3,0.3
2026-09-19T2100,1609A,120.8339,40.7078,葫芦岛市,新区,,40,27,33,20,17,128,NA,135,135,5,19,4,4,0.4,0.4
2026-09-19T2100,1610A,120.8697,40.7679,葫芦岛市,东城区,,40,30,46,19,28,127,NA,135,135,10,30,5,12,0.6,0.5
2026-09-19T2100,1611A,118.5818,24.9116,泉州市,涂山街,,40,39,36,28,23,105,NA,150,136,12,11,5,4,0.5,0.5
2026-09-19T2100,1612A,118.597,24.8976,泉州市,津头埔,,41,41,38,26,22,97,NA,141,128,14,12,3,4,0.6,0.6
2026-09-19T2100,1613A,118.6669,24.9422,泉州市,万安,NA,NA,38,37,15,18,100,NA,154,141,NA,10,NA,5,0.7,0.7
2026-09-19T2100,1618A,118.3429,35.0532,临沂市,沂河小区,,44,44,37,13,13,88,NA,150,137,13,14,9,9,0.4,0.5
2026-09-19T2100,1619A,118.2962,35.0568,临沂市,鲁南制药厂,,39,39,34,12,12,86,NA,160,143,14,12,9,8,0.6,0.7
2026-09-19T2100,1620A,118.2793,34.9976,临沂市,新光毛纺厂,,27,24,28,14,13,85,NA,156,139,20,20,11,10,0.3,0.4
2026-09-19T2100,1621A,118.3955,35.0889,临沂市,河东保险公司,,34,34,38,14,17,90,NA,158,144,23,23,8,7,0.4,0.5
2026-09-19T2100,1622A,116.3034,37.4675,德州市,儿童乐园,颗粒物(PM10),68,75,57,37,32,129,NA,190,179,22,16,7,9,0.7,0.5
2026-09-19T2100,1624A,116.2992,37.4449,德州市,监理站,颗粒物(PM10),63,68,54,32,28,128,NA,184,174,22,16,7,11,0.6,0.5
2026-09-19T2100,1625A,115.9789,36.4372,聊城市,区政府,细颗粒物(PM2.5),123,132,127,85,89,148,NA,220,211,27,28,9,8,0.9,0.8
2026-09-19T2100,1629A,117.9961,37.3604,滨州市,第二水厂,,46,46,35,12,16,87,NA,153,138,25,16,9,9,0.7,0.7
2026-09-19T2100,1630A,117.9789,37.3931,滨州市,北中新校,,48,48,36,12,18,97,NA,154,139,19,21,11,10,0.6,0.5
2026-09-19T2100,1631A,118.0413,36.8101,淄博市,人民公园,颗粒物(PM10),60,63,55,18,29,97,NA,156,148,24,24,7,8,0.3,0.4
2026-09-19T2100,1633A,117.8524,36.4848,淄博市,双山,颗粒物(PM10),65,70,75,39,44,127,NA,189,178,24,23,9,10,1.2,1.3
2026-09-19T2100,1634A,117.9595,36.6332,淄博市,气象站,颗粒物(PM10),78,88,73,38,45,108,NA,175,162,33,26,8,9,1.1,0.8
2026-09-19T2100,1637A,117.5628,34.8379,枣庄市,市中区政府,颗粒物(PM10),74,83,72,36,32,82,NA,154,140,21,19,6,14,0.4,0.4
2026-09-19T2100,1638A,117.2855,34.7838,枣庄市,薛城环保局,颗粒物(PM10),65,71,63,27,27,57,NA,148,130,60,31,4,6,0.4,0.4
2026-09-19T2100,1639A,117.5854,34.7744,枣庄市,峄城区政府,颗粒物(PM10),84,97,64,41,25,77,NA,152,135,22,16,8,12,0.4,0.3
2026-09-19T2100,1641A,117.4516,35.0992,枣庄市,山亭区环保局,细颗粒物(PM2.5),104,100,64,64,39,84,NA,150,131,26,16,7,5,0.7,0.5
2026-09-19T2100,1642A,121.2517,37.564,烟台市,开发区,,41,41,32,13,11,96,NA,116,108,15,14,6,6,0.7,0.7
2026-09-19T2100,1644A,121.3181,37.5436,烟台市,西郊化工站,,32,29,25,11,10,102,NA,119,114,10,13,6,6,0.6,0.6
2026-09-19T2100,1645A,121.4419,37.4858,烟台市,莱山环保局,,33,19,19,14,10,104,NA,122,115,9,9,4,3,0.4,0.4
2026-09-19T2100,1646A,121.2619,37.4965,烟台市,福山环保局,颗粒物(PM10),51,51,39,22,15,82,NA,130,113,21,15,2,2,0.3,0.3
2026-09-19T2100,1650A,119.1436,36.7022,潍坊市,环保局,颗粒物(PM10),58,61,50,34,25,121,NA,187,170,26,21,7,6,0.7,0.7
2026-09-19T2100,1653A,116.6229,35.4288,济宁市,火炬城,细颗粒物(PM2.5),80,84,69,50,40,119,NA,185,179,29,15,2,2,0.6,0.5
2026-09-19T2100,1656A,117.1436,36.1938,泰安市,监测站,NA,NA,78,105,NA,109,183,NA,212,208,13,27,5,7,0.9,0.9
2026-09-19T2100,1657A,117.0905,36.2002,泰安市,人口学校,颗粒物(PM10),74,83,102,45,59,174,NA,196,193,16,25,9,10,0.6,0.7
2026-09-19T2100,1658A,117.0992,36.1757,泰安市,电力学校,颗粒物(PM10),65,70,100,41,64,170,NA,210,205,16,25,5,7,0.4,0.5
2026-09-19T2100,1659A,119.4711,35.421,日照市,监测站,,25,14,13,6,6,78,NA,110,97,11,28,7,8,0.3,0.3
2026-09-19T2100,1660A,119.523,35.4216,日照市,市政府广场,,28,7,13,5,5,89,NA,114,105,8,13,7,6,0.4,0.4
2026-09-19T2100,1661A,119.5511,35.4113,日照市,港务局,,30,19,14,6,4,95,NA,119,110,6,7,7,7,0.5,0.5
2026-09-19T2100,1662A,122.121,37.4231,威海市,华夏技校,,27,27,16,12,10,80,NA,108,95,13,12,/,/,0.4,0.4
2026-09-19T2100,1663A,122.0508,37.5236,威海市,山大分校,,27,NA,16,14,10,86,NA,113,104,12,7,/,/,/,/
2026-09-19T2100,1664A,122.1067,37.5067,威海市,市监测站,,28,15,18,11,9,88,NA,109,100,12,11,4,4,0.5,0.4
2026-09-19T2100,1666A,118.6612,37.4313,东营市,市环保局,,37,31,31,19,16,117,NA,139,134,4,8,9,10,0.4,0.3
2026-09-19T2100,1669A,113.5821,24.7733,韶关市,市八中,,32,30,42,22,30,68,NA,103,92,6,8,8,12,0.6,0.5
2026-09-19T2100,1671A,113.5916,24.7973,韶关市,园林处,,40,33,34,28,29,70,NA,103,93,8,8,10,13,/,/
2026-09-19T2100,1673A,113.5971,24.6864,韶关市,曲江监测站,,33,33,38,20,27,58,NA,106,93,13,13,9,11,0.8,0.8
2026-09-19T2100,1674A,116.6795,23.3666,汕头市,金平子站,,41,24,33,16,21,129,NA,164,160,9,11,4,5,0.6,0.6
2026-09-19T2100,1675A,116.7248,23.3632,汕头市,龙湖子站,,38,33,41,19,20,120,NA,152,149,5,5,5,6,/,/
2026-09-19T2100,1676A,116.7257,23.2774,汕头市,濠江子站,,39,23,34,18,19,122,NA,156,150,8,8,6,7,/,/
2026-09-19T2100,1677A,116.7518,23.4712,汕头市,澄海子站,,39,38,38,20,23,122,NA,151,150,8,8,6,6,0.6,0.6
2026-09-19T2100,1678A,116.6088,23.2539,汕头市,潮阳子站,,38,25,33,18,21,119,NA,162,154,7,8,7,8,0.4,0.4
2026-09-19T2100,1680A,110.3648,21.2697,湛江市,湛江影剧院,,19,15,32,9,17,58,NA,110,83,7,6,5,8,0.4,0.4
2026-09-19T2100,1681A,110.3907,21.2279,湛江市,市环境监测站,,20,12,27,10,16,64,NA,106,79,6,6,4,5,0.5,0.5
2026-09-19T2100,1682A,110.3936,21.1943,湛江市,环保局宿舍,,22,18,26,10,15,69,NA,107,83,6,8,7,7,/,/
2026-09-19T2100,1683A,110.4138,21.2033,湛江市,霞山游泳场,,21,18,27,8,13,67,NA,93,77,5,10,7,8,/,/
2026-09-19T2100,1685A,110.4512,21.239,湛江市,坡头区环保局,,26,19,26,18,17,66,NA,106,84,5,6,5,7,0.4,0.5
2026-09-19T2100,1686A,111.0285,21.469,茂名市,电白南海,,22,22,39,9,19,63,NA,100,77,12,10,4,6,0.4,0.6
2026-09-19T2100,1687A,110.9294,21.6533,茂名市,茂石化七小,,31,31,44,16,25,53,NA,102,84,12,8,6,8,0.7,0.8
2026-09-19T2100,1688A,110.9108,21.6688,茂名市,健康路,NA,NA,NA,32,14,27,56,NA,116,98,13,8,7,10,0.9,0.9
2026-09-19T2100,1689A,110.8592,21.6826,茂名市,高岭,,34,34,50,16,26,43,NA,115,89,19,11,5,5,/,/
2026-09-19T2100,1690A,116.1248,24.3307,梅州市,梅江月梅,,44,44,38,26,26,62,NA,116,95,15,11,/,/,/,/
2026-09-19T2100,1691A,116.0798,24.2719,梅州市,梅县新城,细颗粒物(PM2.5),64,65,46,42,30,31,NA,121,88,27,17,10,10,0.6,0.5
2026-09-19T2100,1693A,115.3653,22.7751,汕尾市,市环保局,,48,34,31,22,20,153,NA,154,154,13,14,11,12,0.5,0.5
2026-09-19T2100,1695A,115.362,22.7926,汕尾市,新城中学,,47,36,32,22,20,148,NA,152,152,11,12,8,8,0.7,0.7
2026-09-19T2100,1697A,114.6962,23.7538,河源市,东埔,,43,43,36,29,30,30,NA,93,53,20,13,6,7,0.9,0.8
2026-09-19T2100,1698A,114.6895,23.7232,河源市,老城,颗粒物(PM10),56,58,46,30,30,48,NA,103,86,18,12,6,8,1.0,1
2026-09-19T2100,1701A,111.9491,21.8658,阳江市,马南垌,,40,28,31,14,17,128,NA,106,106,6,6,7,7,0.5,0.6
2026-09-19T2100,1703A,113.0218,23.7086,清远市,凤城街办,细颗粒物(PM2.5),58,58,60,39,41,82,NA,162,149,18,16,/,/,/,/
2026-09-19T2100,1708A,116.3701,23.5345,揭阳市,新兴,,43,43,45,29,26,121,NA,154,148,12,14,8,10,0.8,0.8
2026-09-19T2100,1709A,116.3261,23.5442,揭阳市,西马,,48,48,51,28,28,130,NA,159,155,7,10,6,8,0.7,0.7
2026-09-19T2100,1710A,116.361,23.5627,揭阳市,东兴,,42,36,45,29,29,125,NA,155,150,12,14,7,10,/,/
2026-09-19T2100,1711A,116.4151,23.5295,揭阳市,渔湖,,40,40,46,28,27,115,NA,153,148,12,12,5,9,/,/
2026-09-19T2100,1714A,112.0281,22.9738,云浮市,牧羊,,48,NA,52,33,32,104,NA,157,138,16,17,111,45,0.7,0.8
2026-09-19T2100,1715A,102.575,24.371,玉溪市,东风水库,,32,32,14,19,8,58,NA,72,71,10,8,8,8,0.5,0.5
2026-09-19T2100,1723A,113.2926,40.0759,大同市,云冈宾馆,NA,NA,57,68,29,32,NA,NA,142,142,21,25,8,12,0.7,0.9
2026-09-19T2100,1724A,113.3437,40.0921,大同市,大同大学,颗粒物(PM10),90,105,67,20,31,82,NA,142,134,45,27,7,12,0.5,0.7
2026-09-19T2100,1725A,113.2637,40.129,大同市,安家小村,颗粒物(PM10),64,69,75,22,34,98,NA,140,136,12,24,3,8,0.4,0.7
2026-09-19T2100,1727A,113.1146,36.1547,长治市,清华站,细颗粒物(PM2.5),100,71,62,60,46,134,NA,164,158,13,16,11,10,1.1,0.8
2026-09-19T2100,1730A,113.0887,36.2126,长治市,审计局,细颗粒物(PM2.5),110,74,57,70,47,144,NA,162,158,15,17,12,12,1.1,0.8
2026-09-19T2100,1731A,113.0845,36.1856,长治市,长治八中,细颗粒物(PM2.5),94,94,76,57,49,138,NA,160,154,15,20,12,12,1.3,1
2026-09-19T2100,1733A,111.5552,36.0791,临汾市,临钢医院,细颗粒物(PM2.5),98,111,82,59,39,119,NA,166,157,26,19,9,7,0.9,0.7
2026-09-19T2100,1734A,111.4984,36.0734,临汾市,技工学校,细颗粒物(PM2.5),96,108,80,58,45,107,NA,163,152,26,19,7,6,1.0,0.7
2026-09-19T2100,1736A,111.5017,36.0857,临汾市,市委,细颗粒物(PM2.5),98,104,79,59,41,117,NA,169,159,22,17,8,6,1.0,0.7
2026-09-19T2100,1739A,113.4894,37.8717,阳泉市,赛鱼,细颗粒物(PM2.5),86,68,88,53,51,19,NA,146,118,72,42,7,8,0.8,0.7
2026-09-19T2100,1740A,113.582,37.8473,阳泉市,南庄,细颗粒物(PM2.5),96,84,86,58,55,82,NA,154,142,16,26,5,9,0.9,1
2026-09-19T2100,1742A,113.5616,37.8706,阳泉市,平坦,细颗粒物(PM2.5),108,97,88,68,56,115,NA,156,150,18,33,14,14,0.9,0.9
2026-09-19T2100,1743A,113.5115,37.8391,阳泉市,大阳泉,细颗粒物(PM2.5),78,74,58,49,42,103,NA,146,140,30,15,5,6,0.9,0.9
2026-09-19T2100,1744A,118.9229,42.2816,赤峰市,松山一中,,34,29,32,22,33,106,NA,146,125,11,14,13,12,0.5,0.6
2026-09-19T2100,1745A,118.9588,42.2733,赤峰市,哈达街,,36,30,40,25,29,108,NA,147,130,12,16,9,10,0.7,0.7
2026-09-19T2100,1746A,118.8792,42.2551,赤峰市,天义路,,29,17,34,16,26,91,NA,135,115,12,15,4,10,0.7,0.8
2026-09-19T2100,1748A,123.0441,41.1201,鞍山市,深沟寺,,46,46,26,25,14,83,NA,113,108,18,9,6,6,0.5,0.6
2026-09-19T2100,1749A,123.011,41.0931,鞍山市,太阳城,颗粒物(PM10),57,59,35,29,15,74,NA,113,107,19,15,8,8,0.6,0.6
2026-09-19T2100,1750A,123.0483,41.1445,鞍山市,太平,颗粒物(PM10),60,63,34,26,14,72,NA,95,91,19,13,8,9,1.0,0.9
2026-09-19T2100,1751A,122.964,41.0968,鞍山市,铁西三道街,颗粒物(PM10),100,119,54,35,21,67,NA,113,105,33,19,6,6,0.9,1
2026-09-19T2100,1753A,123.0219,41.0822,鞍山市,明达新区,颗粒物(PM10),52,52,32,30,17,87,NA,110,105,12,10,8,8,0.8,0.8
2026-09-19T2100,1755A,123.7974,41.8494,抚顺市,望花区,颗粒物(PM10),52,52,43,22,17,78,NA,107,103,33,25,9,9,0.7,0.8
2026-09-19T2100,1756A,123.9161,41.8827,抚顺市,顺城区,颗粒物(PM10),55,56,33,37,13,22,NA,107,93,64,24,10,10,1.0,0.7
2026-09-19T2100,1757A,124.0437,41.8615,抚顺市,东洲区,颗粒物(PM10),63,68,28,25,12,81,NA,109,102,17,13,13,10,0.8,0.6
2026-09-19T2100,1758A,123.9246,41.8638,抚顺市,新抚区,颗粒物(PM10),66,72,42,32,17,59,NA,107,99,27,23,8,8,1.1,0.6
2026-09-19T2100,1759A,124.0972,41.8961,抚顺市,大伙房水库,,38,38,19,17,10,78,NA,116,107,15,14,14,12,0.7,0.4
2026-09-19T2100,1760A,123.708,41.8386,抚顺市,沈抚新城,颗粒物(PM10),58,61,45,28,16,52,NA,117,108,48,29,15,12,0.7,1
2026-09-19T2100,1761A,123.8274146,41.31234549,本溪市,大峪,,18,18,26,7,7,46,NA,95,84,22,20,6,6,0.6,0.6
2026-09-19T2100,1763A,123.7169,41.3094,本溪市,彩屯,,44,44,47,18,18,47,NA,86,77,22,22,6,9,0.7,1.6
2026-09-19T2100,1764A,123.7672166,41.28649327,本溪市,东明,,30,30,31,15,10,75,NA,95,92,15,23,5,5,0.5,0.5
2026-09-19T2100,1765A,123.799345,41.266614,本溪市,新立屯,,28,28,23,10,7,43,NA,96,65,36,27,8,8,0.5,0.4
2026-09-19T2100,1766A,123.829144,41.336777,本溪市,威宁,,48,48,31,14,11,30,NA,93,79,34,15,5,5,0.4,0.4
2026-09-19T2100,1767A,121.1114,41.0879,锦州市,南山,,49,NA,33,34,20,100,NA,118,117,22,34,6,7,0.4,0.3
2026-09-19T2100,1768A,121.060361,40.842794,锦州市,开发区,,44,44,50,30,25,121,NA,135,135,17,43,6,11,0.5,0.6
2026-09-19T2100,1769A,121.1836,41.1118,锦州市,百股街道,,50,36,31,35,20,124,NA,132,132,15,19,12,9,0.8,0.6
2026-09-19T2100,1770A,121.1176,41.1224,锦州市,天安街道,,50,37,43,35,25,109,NA,116,116,12,34,8,10,0.6,0.6
2026-09-19T2100,1771A,121.1303,41.1385,锦州市,北湖公园,细颗粒物(PM2.5),70,NA,37,45,21,116,NA,121,121,10,25,6,7,0.3,0.3
2026-09-19T2100,1772A,126.54,43.8622,吉林市,哈达湾,,39,39,27,26,16,56,NA,102,91,29,16,4,4,0.4,0.3
2026-09-19T2100,1773A,126.5843,43.8358,吉林市,东局子,,24,24,19,16,13,62,NA,98,85,24,18,5,5,0.5,0.4
2026-09-19T2100,1774A,126.5051,43.8243,吉林市,电力学院,颗粒物(PM10),96,114,38,50,19,23,NA,94,70,39,18,7,7,0.8,0.5
2026-09-19T2100,1775A,126.6133,43.8971,吉林市,江北,,46,46,29,30,13,44,NA,95,82,22,14,6,6,0.5,0.5
2026-09-19T2100,1776A,126.5549,43.8304,吉林市,江南公园,,38,38,27,20,16,46,NA,96,85,23,12,4,4,0.2,0.1
2026-09-19T2100,1779A,123.9307,47.3641,齐齐哈尔市,安居小区,,16,16,42,7,9,20,NA,86,50,4,10,3,4,0.3,0.4
2026-09-19T2100,1780A,123.9497,47.3389,齐齐哈尔市,中心广场,,12,NA,28,8,8,21,NA,85,51,3,9,4,5,0.1,0.2
2026-09-19T2100,1781A,123.9483,47.3229,齐齐哈尔市,农牧车辆厂,,12,9,33,8,9,23,NA,88,53,2,6,5,6,0.3,0.3
2026-09-19T2100,1783A,123.9442,47.2994,齐齐哈尔市,市环境监测站,,13,13,31,4,9,22,NA,86,54,3,6,3,4,0.2,0.3
2026-09-19T2100,1784A,129.61,44.561,牡丹江市,环保大楼,,37,37,26,8,9,7,NA,70,47,32,19,6,6,0.5,0.3
2026-09-19T2100,1787A,129.6364,44.6075,牡丹江市,机车工厂,,43,43,48,25,15,11,NA,68,50,25,18,7,6,0.4,0.3
2026-09-19T2100,1788A,129.6386,44.5462,牡丹江市,第一中学,,21,21,26,13,9,3,NA,69,46,33,14,3,3,0.5,0.4
2026-09-19T2100,1789A,124.8085,46.0381,大庆市,大同区,,45,45,41,13,13,85,NA,112,106,4,8,6,6,0.5,0.5
2026-09-19T2100,1790A,125.1166,46.5255,大庆市,龙凤区,颗粒物(PM10),52,52,35,12,14,56,NA,105,96,8,8,3,3,0.0,0
2026-09-19T2100,1791A,124.8894,46.4007,大庆市,红岗区,,33,33,31,14,13,43,NA,100,91,5,9,6,7,0.4,0.4
2026-09-19T2100,1792A,125.1391,46.578,大庆市,萨尔图区,,33,33,49,18,13,42,NA,95,88,10,11,7,7,0.4,0.5
2026-09-19T2100,1793A,124.9026,46.6217,大庆市,让胡路区,,37,37,42,17,15,44,NA,103,90,4,8,4,4,0.1,0.4
2026-09-19T2100,1794A,118.3603,31.3515,芜湖市,监测站,颗粒物(PM10),53,54,42,36,29,48,NA,125,106,33,37,8,8,0.8,0.7
2026-09-19T2100,1795A,118.3716,31.4135,芜湖市,科创中心,颗粒物(PM10),53,53,43,27,26,50,NA,123,104,28,30,7,9,0.8,0.8
2026-09-19T2100,1796A,118.3671,31.3132,芜湖市,四水厂,颗粒物(PM10),52,52,42,24,25,68,NA,139,119,19,32,7,8,0.5,0.8
2026-09-19T2100,1798A,118.5084,31.6838,马鞍山市,湖东路四小,NA,NA,NA,60,18,31,51,NA,95,79,20,33,8,12,1.0,1.5
2026-09-19T2100,1799A,118.5019,31.6449,马鞍山市,开发区,,34,34,54,17,33,57,NA,103,91,19,31,8,11,1.0,1.6
2026-09-19T2100,1803A,115.9873,29.6816,九江市,十里,细颗粒物(PM2.5),106,82,52,66,39,121,NA,135,135,23,13,4,3,1.2,0.9
2026-09-19T2100,1804A,115.9583,29.7047,九江市,茅山头,细颗粒物(PM2.5),90,70,46,55,44,100,NA,132,131,43,13,4,4,1.0,0.8
2026-09-19T2100,1805A,115.9877,29.7295,九江市,西园,细颗粒物(PM2.5),112,77,47,73,43,82,NA,129,121,53,15,11,8,1.1,0.9
2026-09-19T2100,1808A,115.9112,29.6038,九江市,综合工业园,细颗粒物(PM2.5),105,86,49,65,41,66,NA,134,126,71,29,8,8,1.2,0.9
2026-09-19T2100,1812A,112.3934,34.6517,洛阳市,市委党校,细颗粒物(PM2.5),116,109,89,77,64,107,NA,157,151,24,22,13,14,0.9,0.8
2026-09-19T2100,1815A,112.494,34.6883,洛阳市,河南林校,细颗粒物(PM2.5),105,92,85,65,62,98,NA,149,140,24,27,11,11,0.7,0.7
2026-09-19T2100,1816A,112.3843,34.623,洛阳市,开发区管委会,细颗粒物(PM2.5),119,107,78,80,57,NA,NA,157,155,NA,18,NA,14,NA,0.7
2026-09-19T2100,1817A,112.4263,34.6249,洛阳市,市委新办公区,细颗粒物(PM2.5),105,108,79,65,56,98,NA,150,143,25,19,16,13,0.8,0.7
2026-09-19T2100,1819A,114.3552,36.1017,安阳市,红庙街,细颗粒物(PM2.5),114,120,100,75,63,141,NA,198,191,23,21,2,8,0.9,1.1
2026-09-19T2100,1820A,114.361,36.0681,安阳市,银杏小区,细颗粒物(PM2.5),125,117,100,87,61,135,NA,201,191,26,21,5,7,1.1,1.2
2026-09-19T2100,1824A,114.3389,34.778,开封市,肿瘤医院,颗粒物(PM10),98,117,99,52,56,88,NA,139,128,20,23,5,7,0.7,0.8
2026-09-19T2100,1826A,114.2884,34.7966,开封市,世纪星幼儿园,颗粒物(PM10),88,103,83,50,53,87,NA,138,126,25,23,3,5,0.6,0.7
2026-09-19T2100,1832A,113.3257,33.7423,平顶山市,新华旅馆,细颗粒物(PM2.5),102,92,80,62,56,82,NA,129,120,23,20,8,10,0.8,0.8
2026-09-19T2100,1833A,113.2917,33.737,平顶山市,规划设计院,细颗粒物(PM2.5),86,67,72,53,55,104,NA,132,126,17,20,8,9,0.8,0.9
2026-09-19T2100,1834A,113.182,33.7738,平顶山市,平顶山工学院,颗粒物(PM10),75,85,81,42,51,77,NA,133,124,24,18,10,11,0.7,0.7
2026-09-19T2100,1835A,111.1922,34.7752,三门峡市,市政府,细颗粒物(PM2.5),64,54,53,42,37,111,NA,150,141,17,22,6,8,0.7,0.7
2026-09-19T2100,1836A,111.1588,34.794,三门峡市,开发区,细颗粒物(PM2.5),74,71,64,47,43,105,NA,143,138,16,15,6,8,0.7,0.7
2026-09-19T2100,1840A,111.2991,30.6981,宜昌市,白龙岗,,40,39,30,28,20,56,NA,85,82,12,12,4,4,0.5,0.5
2026-09-19T2100,1842A,111.263451,30.696754,宜昌市,点军区,,43,43,27,28,18,52,NA,85,80,12,12,6,5,0.4,0.4
2026-09-19T2100,1843A,111.3276,30.782,宜昌市,夷陵区,,36,29,25,25,17,54,NA,98,92,14,12,6,6,0.5,0.5
2026-09-19T2100,1844A,112.2493,30.3198,荆州市,市图书馆,细颗粒物(PM2.5),56,46,45,38,34,81,NA,118,116,24,12,7,7,0.8,0.7
2026-09-19T2100,1845A,112.2009,30.3543,荆州市,市委党校,,44,44,40,24,33,85,NA,108,107,18,12,7,6,0.7,0.7
2026-09-19T2100,1848A,113.1494,29.425,岳阳市,城陵矶,颗粒物(PM10),55,56,58,26,23,71,NA,105,102,22,13,4,4,1.1,1
2026-09-19T2100,1849A,113.1493,29.3575,岳阳市,开发区,,39,39,51,25,36,83,NA,116,114,17,14,7,7,0.7,0.7
2026-09-19T2100,1850A,113.2672,29.4752,岳阳市,云溪区,细颗粒物(PM2.5),64,49,46,42,40,79,NA,106,104,12,10,5,5,0.7,0.8
2026-09-19T2100,1851A,112.9944,29.44,岳阳市,君山区,,48,48,46,30,30,79,NA,104,103,14,10,4,4,0.7,0.6
2026-09-19T2100,1854A,111.696,28.9725,常德市,市二中,,50,37,33,35,28,69,NA,95,94,12,10,9,9,0.8,0.7
2026-09-19T2100,1858A,110.532,29.1219,张家界市,永定新区,,44,44,37,22,20,36,NA,78,70,19,10,/,/,/,/
2026-09-19T2100,1859A,110.4696,29.1244,张家界市,电业局,,32,25,24,22,20,19,NA,74,64,26,13,6,2,0.7,0.6
2026-09-19T2100,1860A,110.5573,29.3486,张家界市,未央路,,22,NA,16,15,20,33,NA,72,58,9,8,5,5,0.2,0.2
2026-09-19T2100,1864A,110.3091,25.2705,桂林市,龙隐路小学,NA,NA,41,30,28,23,69,NA,89,86,11,10,5,4,NA,0.7
2026-09-19T2100,1865A,110.2849361,25.22909545,桂林市,八中,,27,27,30,14,13,67,NA,99,92,12,9,5,4,0.7,0.7
2026-09-19T2100,1867A,109.1435,21.4085,北海市,海滩公园,,26,23,37,16,21,81,NA,147,132,5,6,4,7,0.5,0.6
2026-09-19T2100,1868A,109.0983,21.466,北海市,新市环保局,,28,26,36,17,25,89,NA,154,140,8,10,7,10,0.4,0.5
2026-09-19T2100,1869A,109.1775,21.5232,北海市,北海工业园,,26,25,41,16,25,83,NA,152,136,7,9,3,7,0.6,0.6
2026-09-19T2100,1870A,109.4854,24.3898,柳州市,柳东小学,颗粒物(PM10),55,56,36,36,27,105,NA,117,116,12,11,12,6,0.7,0.7
2026-09-19T2100,1871A,109.4109,24.3304,柳州市,环保监测站,,45,44,42,31,28,98,NA,129,127,14,17,6,9,0.8,0.9
2026-09-19T2100,1872A,109.3886,24.3408,柳州市,河西水厂,颗粒物(PM10),57,59,53,27,32,90,NA,132,128,22,19,12,14,0.8,0.8
2026-09-19T2100,1873A,109.4263,24.2951,柳州市,市四中,细颗粒物(PM2.5),60,54,46,40,29,89,NA,138,134,20,18,7,7,0.8,0.7
2026-09-19T2100,1874A,109.396,24.3658,柳州市,市九中,NA,NA,82,50,44,32,88,NA,119,117,23,19,13,10,NA,0.8
2026-09-19T2100,1875A,109.4912,24.3164,柳州市,古亭山,细颗粒物(PM2.5),74,NA,59,47,26,52,NA,120,106,27,19,4,5,0.8,0.7
2026-09-19T2100,1877A,109.4962,18.2682,三亚市,河西子站,,12,NA,11,8,7,30,NA,45,37,4,3,4,4,0.4,0.4
2026-09-19T2100,1878A,104.7775,31.4741,绵阳市,富乐山,,28,28,21,4,6,32,NA,36,33,18,12,9,10,0.7,0.7
2026-09-19T2100,1880A,104.6698,31.4668,绵阳市,高新区自来水公司,,14,14,19,6,9,38,NA,39,39,9,14,8,8,0.8,0.8
2026-09-19T2100,1883A,104.6204,28.7728,宜宾市,市委,,42,42,33,29,23,43,NA,69,62,18,15,8,10,0.9,0.8
2026-09-19T2100,1884A,104.6056,28.7931,宜宾市,宜宾四中,,48,44,37,33,26,52,NA,72,67,13,14,8,9,1.0,1
2026-09-19T2100,1886A,104.5743,28.7199,宜宾市,黄金嘴,NA,NA,NA,36,NA,26,52,NA,75,67,20,18,NA,15,0.7,0.7
2026-09-19T2100,1888A,101.6891,26.571,攀枝花市,弄弄坪,,26,26,40,3,12,43,NA,62,54,7,18,4,19,0.4,0.7
2026-09-19T2100,1889A,101.577,26.5914,攀枝花市,河门口,,43,43,30,6,11,34,NA,68,56,10,10,9,12,0.6,0.8
2026-09-19T2100,1891A,101.7365,26.4986,攀枝花市,仁和,NA,NA,24,15,16,10,NA,NA,48,40,21,10,24,9,2.9,1
2026-09-19T2100,1894A,105.4427,28.9063,泸州市,小市上码头,,27,23,21,12,11,84,NA,88,88,8,11,6,5,0.6,0.7
2026-09-19T2100,1895A,105.4241,28.8573,泸州市,兰田宪桥,,26,26,24,9,9,75,NA,79,78,12,14,5,6,0.6,0.6
2026-09-19T2100,1896A,105.4378,28.8833,泸州市,市环监站,,23,16,18,10,12,72,NA,78,78,9,12,4,5,0.9,0.9
2026-09-19T2100,1901A,104.424,31.1209,德阳市,东山公园,,12,9,12,6,10,36,NA,35,35,10,11,5,5,0.8,0.9
2026-09-19T2100,1902A,104.3827,31.1318,德阳市,西小区,,18,18,21,8,11,45,NA,43,43,9,16,10,11,0.7,0.7
2026-09-19T2100,1904A,104.3553,31.1091,德阳市,耐火材料厂,,22,18,20,15,13,41,NA,43,43,6,11,5,3,0.7,0.7
2026-09-19T2100,1906A,106.0791,30.8022,南充市,南充市委,,13,13,17,6,8,23,NA,41,40,12,13,6,6,0.4,0.5
2026-09-19T2100,1907A,106.1038,30.8215,南充市,南充炼油厂,,11,11,18,5,8,16,NA,41,38,21,13,7,7,0.4,0.4
2026-09-19T2100,1911A,106.9218,27.6872,遵义市,丁字口,,42,42,24,27,18,29,NA,82,70,31,12,7,7,1.1,0.8
2026-09-19T2100,1912A,106.9241,27.7044,遵义市,凤凰山,,33,33,24,20,18,68,NA,89,87,5,3,7,6,0.6,0.6
2026-09-19T2100,1913A,106.8895,27.648,遵义市,忠庄,颗粒物(PM10),52,52,29,28,20,58,NA,88,84,13,7,7,6,0.7,0.6
2026-09-19T2100,1915A,106.9225,27.7253,遵义市,干田坝,颗粒物(PM10),57,59,33,24,19,61,NA,93,88,12,6,7,8,0.7,0.6
2026-09-19T2100,1916A,103.7897,25.5036,曲靖市,环境监测站,,23,23,13,9,7,36,NA,62,58,21,11,6,3,0.5,0.4
2026-09-19T2100,1917A,103.8013,25.5357,曲靖市,烟厂办公区,,18,18,11,11,6,38,NA,61,59,13,6,3,2,0.6,0.6
2026-09-19T2100,1919A,108.6726,34.315,咸阳市,实验中学,细颗粒物(PM2.5),104,90,66,64,45,59,NA,108,89,24,22,6,7,0.8,0.7
2026-09-19T2100,1920A,108.7226,34.3622,咸阳市,师范学院,细颗粒物(PM2.5),107,82,62,67,44,46,NA,112,93,23,23,6,8,0.6,0.6
2026-09-19T2100,1923A,109.0696,35.0699,铜川市,王益区政府,细颗粒物(PM2.5),72,58,37,46,30,96,NA,120,114,10,11,4,4,0.9,0.8
2026-09-19T2100,1924A,108.9345,34.9059,铜川市,新区管委会,NA,NA,NA,45,NA,32,NA,NA,112,109,NA,19,NA,5,NA,0.9
2026-09-19T2100,1927A,109.4569,36.6161,延安市,延大医附院,,46,32,30,32,27,71,NA,90,78,20,18,4,4,0.7,0.7
2026-09-19T2100,1929A,109.5053,36.6105,延安市,百米大道,细颗粒物(PM2.5),52,44,50,36,28,57,NA,94,81,24,21,2,3,1.0,0.9
2026-09-19T2100,1931A,107.0802,34.3129,宝鸡市,竹园沟,细颗粒物(PM2.5),62,44,36,41,35,44,NA,78,68,12,12,5,5,0.6,0.6
2026-09-19T2100,1933A,107.1429,34.3549,宝鸡市,监测站,细颗粒物(PM2.5),68,59,52,44,40,44,NA,81,73,24,17,2,2,0.7,0.7
2026-09-19T2100,1934A,107.1172,34.3759,宝鸡市,技工学校,,50,40,44,35,38,67,NA,82,78,10,12,6,6,0.8,0.8
2026-09-19T2100,1936A,107.2025,34.3518,宝鸡市,文理学院,细颗粒物(PM2.5),60,47,48,40,38,70,NA,85,80,16,14,5,5,0.6,0.6
2026-09-19T2100,1937A,107.2396,34.3626,宝鸡市,三迪小学,细颗粒物(PM2.5),70,NA,51,45,42,66,NA,83,78,17,17,4,4,0.6,0.6
2026-09-19T2100,1940A,109.4605,34.4927,渭南市,体育馆,细颗粒物(PM2.5),101,80,67,61,46,66,NA,102,96,27,26,5,5,0.8,0.7
2026-09-19T2100,1941A,109.4257,34.5067,渭南市,高新一小,细颗粒物(PM2.5),105,102,68,65,48,54,NA,106,98,27,18,4,5,0.5,0.4
2026-09-19T2100,1944A,102.1691,38.5166,金昌市,天庆家园,,29,24,20,6,7,92,NA,97,95,9,5,4,4,0.2,0.1
2026-09-19T2100,1945A,98.291,39.7705,嘉峪关市,气象局,,30,29,28,8,9,94,NA,109,108,13,16,5,5,0.4,0.4
2026-09-19T2100,1948A,106.3668,39.0145,石嘴山市,大武口朝阳西街,,34,22,42,16,24,108,NA,108,108,7,20,5,12,0.4,0.8
2026-09-19T2100,1949A,106.7713,39.2278,石嘴山市,惠农南大街,,28,28,37,9,15,88,NA,96,96,9,16,8,12,0.4,0.6
2026-09-19T2100,1950A,106.7074,39.1332,石嘴山市,红果子镇惠新街,,47,47,43,15,17,100,NA,107,107,10,16,11,10,1.5,0.7
2026-09-19T2100,1951A,84.886,45.6029,克拉玛依市,长征新村,颗粒物(PM10),73,81,47,43,16,45,NA,96,92,49,13,6,4,0.8,0.4
2026-09-19T2100,1952A,84.8894,45.5827,克拉玛依市,南林小区,颗粒物(PM10),85,99,44,41,7,14,NA,93,84,62,16,8,8,0.2,0.1
2026-09-19T2100,1954A,84.896,44.3328,克拉玛依市,独山子区,,42,42,50,25,10,103,NA,124,120,25,14,7,5,0.5,0.4
2026-09-19T2100,1955A,85.6888,46.0909,克拉玛依市,乌尔禾区商贸楼,颗粒物(PM10),52,52,54,24,18,76,NA,93,91,13,19,7,7,0.3,0.3
2026-09-19T2100,1956A,86.1476,41.7529,巴音郭楞蒙古自治州,孔雀公园,颗粒物(PM10),99,118,89,38,23,76,NA,95,93,17,39,3,3,0.4,0.4
2026-09-19T2100,1957A,86.1971,41.7166,巴音郭楞蒙古自治州,棉纺厂,颗粒物(PM10),106,134,116,38,27,78,NA,99,96,18,31,/,/,/,/
2026-09-19T2100,1958A,86.236,41.7172,巴音郭楞蒙古自治州,经济开发区,颗粒物(PM10),92,108,74,48,23,66,NA,100,94,20,14,2,2,0.3,0.2
2026-09-19T2100,1961A,117.5323,36.6865,济南市,东山小学,颗粒物(PM10),73,81,81,32,43,93,NA,185,166,32,26,8,8,0.5,0.6
2026-09-19T2100,1982A,122.0693,37.2175,威海市,文登开发区,NA,NA,31,24,11,11,NA,NA,130,124,18,11,/,/,/,/
2026-09-19T2100,2031A,113.1836,27.9959,株洲市,云田中学,细颗粒物(PM2.5),100,83,55,60,41,53,NA,97,96,35,15,10,9,0.7,0.6
2026-09-19T2100,2054A,114.1096,32.1059,信阳市,平桥分局,细颗粒物(PM2.5),62,46,38,41,35,76,NA,94,92,10,11,7,7,0.6,0.5
2026-09-19T2100,2064A,113.9956,32.1272,信阳市,南湾水厂,细颗粒物(PM2.5),68,48,44,44,32,60,NA,88,82,12,9,6,6,0.6,0.6
2026-09-19T2100,2065A,114.078,32.1194,信阳市,市酿酒公司,颗粒物(PM10),53,54,47,33,34,58,NA,86,82,15,9,6,6,0.7,0.7
2026-09-19T2100,2066A,114.0712,32.1393,信阳市,审计局,细颗粒物(PM2.5),54,47,46,37,33,61,NA,86,83,12,8,8,8,0.6,0.6
2026-09-19T2100,2068A,114.6755,33.6347,周口市,周口师范,,49,49,46,31,32,66,NA,100,94,17,13,2,2,0.6,0.6
2026-09-19T2100,2160A,112.8496,35.5051,晋城市,自来水公司,颗粒物(PM10),73,81,86,25,46,143,NA,173,169,15,21,6,7,0.7,1.1
2026-09-19T2100,2162A,112.8509,35.4886,晋城市,市环保局,细颗粒物(PM2.5),74,71,71,47,48,130,NA,162,156,14,22,5,7,0.5,0.7
2026-09-19T2100,2166A,112.4399,39.3521,朔州市,平朔,颗粒物(PM10),71,79,54,42,24,77,NA,138,124,26,15,6,7,0.3,0.2
2026-09-19T2100,2167A,112.4574,39.362,朔州市,朔唯,颗粒物(PM10),81,93,57,38,26,95,NA,148,138,29,19,12,9,/,/
2026-09-19T2100,2168A,112.426,39.3199,朔州市,区政府,颗粒物(PM10),71,79,46,44,24,81,NA,134,123,31,14,4,5,0.5,0.4
2026-09-19T2100,2169A,112.4075,39.3277,朔州市,市环保局,颗粒物(PM10),75,84,47,42,27,79,NA,145,131,36,15,3,4,/,/
2026-09-19T2100,2170A,112.4273,39.3682,朔州市,市二中,颗粒物(PM10),93,109,60,40,28,88,NA,149,134,36,23,5,6,/,/
2026-09-19T2100,2174A,112.6992,37.6984,晋中市,榆次区政府,细颗粒物(PM2.5),116,132,80,77,53,127,NA,173,164,26,14,26,11,0.6,0.4
2026-09-19T2100,2175A,110.996,35.0148,运城市,运城中学,细颗粒物(PM2.5),70,68,60,45,39,134,NA,154,150,13,18,7,8,0.7,0.8
2026-09-19T2100,2178A,110.9685,35.0305,运城市,地区技校,细颗粒物(PM2.5),80,73,63,50,42,135,NA,153,149,11,17,6,7,0.6,0.7
2026-09-19T2100,2181A,112.7313,38.457,忻州市,开发区,细颗粒物(PM2.5),94,91,60,57,41,64,NA,145,131,51,28,7,7,1.0,0.8
2026-09-19T2100,2182A,112.7023,38.4932,忻州市,会展中心,细颗粒物(PM2.5),84,84,62,52,43,61,NA,148,131,42,23,6,7,0.8,0.6
2026-09-19T2100,2183A,111.1447,37.5212,吕梁市,环保局,颗粒物(PM10),83,96,59,36,30,36,NA,132,108,60,30,3,5,0.7,0.6
2026-09-19T2100,2185A,111.1285,37.5338,吕梁市,自来水公司,颗粒物(PM10),67,73,62,35,33,75,NA,135,124,30,24,3,5,0.6,0.6
2026-09-19T2100,2187A,106.8172,39.6972,乌海市,市林业局,,34,34,46,12,19,91,NA,106,106,6,16,3,13,0.3,0.5
2026-09-19T2100,2188A,106.7907,39.6666,乌海市,中海勃湾学校,,32,32,36,7,18,97,NA,110,110,6,20,9,20,0.3,0.6
2026-09-19T2100,2191A,122.253,43.6801,通辽市,艺术职业学校,颗粒物(PM10),54,55,43,23,18,109,NA,134,128,7,8,9,10,0.5,0.5
2026-09-19T2100,2195A,107.4206,40.7609,巴彦淖尔市,附二中,,37,37,39,17,22,55,NA,81,76,18,12,8,9,0.5,0.6
2026-09-19T2100,2196A,107.37,40.7372,巴彦淖尔市,市环保大楼,,41,41,41,13,20,62,NA,81,79,12,10,13,14,0.6,0.6
2026-09-19T2100,2197A,113.1306,40.9924,乌兰察布市,集宁新区,,31,26,39,12,24,99,NA,137,129,10,13,5,6,0.3,0.4
2026-09-19T2100,2202A,116.1048,43.9318,锡林郭勒盟,市环保监测站,,25,25,37,3,11,70,NA,110,96,8,12,2,3,0.2,0.3
2026-09-19T2100,2203A,116.0778,43.9312,锡林郭勒盟,市政府,,25,25,31,5,11,69,NA,102,90,8,10,4,2,0.2,0.2
2026-09-19T2100,2205A,105.699,38.8409,阿拉善盟,蒙二幼,颗粒物(PM10),53,54,37,13,13,103,NA,114,113,2,5,7,9,0.4,0.5
2026-09-19T2100,2206A,105.7198,38.8508,阿拉善盟,环保局新楼,,41,41,31,14,11,101,NA,111,110,4,5,8,9,0.5,0.5
2026-09-19T2100,2207A,121.6095,41.9978,阜新市,工业园区,,39,39,42,10,14,105,NA,126,119,8,14,7,18,0.3,0.3
2026-09-19T2100,2208A,121.6567,42.0188,阜新市,长青街,,34,30,31,12,11,106,NA,124,120,13,16,17,17,0.4,0.4
2026-09-19T2100,2209A,121.6672,42.07,阜新市,农业园区,,34,31,34,14,11,107,NA,126,122,8,11,5,11,0.5,0.5
2026-09-19T2100,2211A,121.6343,42.0455,阜新市,玉龙新城,,41,41,43,24,13,99,NA,128,121,16,24,12,13,0.4,0.3
2026-09-19T2100,2212A,123.1978,41.2036,辽阳市,宏伟区,颗粒物(PM10),64,69,32,22,10,99,NA,118,115,13,7,9,9,0.5,0.4
2026-09-19T2100,2213A,123.1684,41.2497,辽阳市,新华园,颗粒物(PM10),56,58,37,34,14,67,NA,115,107,35,18,5,4,0.9,0.6
2026-09-19T2100,2214A,123.2355,41.2663,辽阳市,滨河路,,49,49,34,24,13,72,NA,114,102,26,15,10,9,0.7,0.4
2026-09-19T2100,2217A,123.865,42.292,铁岭市,水上乐园,,38,38,32,20,9,66,NA,122,114,40,17,9,9,0.4,0.4
2026-09-19T2100,2219A,123.7158,42.2218,铁岭市,金沙江路北,颗粒物(PM10),55,56,45,24,17,39,NA,117,102,64,25,14,13,0.5,0.5
2026-09-19T2100,2220A,120.4318,41.588,朝阳市,西梁,,35,32,41,15,11,110,NA,121,119,6,14,8,9,0.4,0.5
2026-09-19T2100,2221A,120.452,41.565,朝阳市,河畔小区,,37,27,25,15,10,117,NA,127,126,6,7,7,7,0.6,0.7
2026-09-19T2100,2222A,120.4176,41.5648,朝阳市,八里堡,,37,37,30,16,11,111,NA,125,123,9,10,5,6,0.7,0.7
2026-09-19T2100,2226A,124.3744,43.1842,四平市,境园,,46,46,36,31,17,85,NA,124,121,35,20,8,7,0.4,0.4
2026-09-19T2100,2227A,125.1359,42.8845,辽源市,环保局,,42,42,22,24,12,18,NA,93,71,47,23,6,5,0.7,0.6
2026-09-19T2100,2229A,125.9359,41.7174,通化市,光明,,38,38,29,9,9,24,NA,88,66,19,11,6,6,0.5,0.6
2026-09-19T2100,2230A,125.9446,41.7323,通化市,铁路,,15,15,23,9,9,39,NA,87,73,19,17,2,4,0.5,0.6
2026-09-19T2100,2231A,126.4219,41.9172,白山市,喜丰,颗粒物(PM10),59,62,52,17,12,28,NA,105,81,39,25,6,7,0.7,0.7
2026-09-19T2100,2232A,126.4082,41.9416,白山市,环保局,NA,NA,NA,NA,NA,NA,NA,NA,68,NA,NA,NA,NA,NA,NA,NA
2026-09-19T2100,2233A,124.8007,45.1213,松原市,江南,,36,36,40,24,18,90,NA,100,97,11,10,1,1,0.4,0.4
2026-09-19T2100,2234A,124.7967,45.1721,松原市,江北,,42,42,36,15,13,96,NA,96,96,6,5,2,2,0.5,0.4
2026-09-19T2100,2235A,122.7909,45.608,白城市,洮北区环保局,,21,21,31,4,14,67,NA,106,99,2,2,8,5,0.4,0.4
2026-09-19T2100,2236A,122.8741,45.5725,白城市,市环保局,,22,14,28,3,11,70,NA,95,89,8,9,3,3,0.5,0.5
2026-09-19T2100,2237A,129.4704,42.8885,延边朝鲜族自治州,妇幼医院,,23,22,21,16,13,48,NA,63,59,10,7,8,8,0.7,0.6
2026-09-19T2100,2238A,129.5047,42.9117,延边朝鲜族自治州,延边医院,,21,21,15,10,10,55,NA,63,62,6,6,5,5,0.6,0.5
2026-09-19T2100,2239A,129.395,42.8884,延边朝鲜族自治州,朝阳川镇医院,,22,22,21,10,11,44,NA,71,64,9,8,10,10,0.5,0.5
2026-09-19T2100,2240A,130.9618,45.2926,鸡西市,环保局,颗粒物(PM10),53,54,43,21,14,8,NA,78,53,31,16,5,5,0.4,0.3
2026-09-19T2100,2243A,130.9294,45.2959,鸡西市,第一中学,,46,46,34,12,11,14,NA,78,58,30,13,5,5,0.3,0
2026-09-19T2100,2244A,130.2537,47.3416,鹤岗市,哈啤分公司,,49,49,34,21,15,72,NA,95,92,19,14,8,9,0.1,0.1
2026-09-19T2100,2245A,130.2683,47.3087,鹤岗市,斯达机电,颗粒物(PM10),51,51,47,5,17,93,NA,97,97,14,15,6,6,0.5,0.4
2026-09-19T2100,2246A,130.3114,47.3388,鹤岗市,东山纸板厂,颗粒物(PM10),82,94,125,22,21,37,NA,71,61,20,24,6,7,0.4,0.6
2026-09-19T2100,2248A,131.1509,46.6936,双鸭山市,双合村,颗粒物(PM10),82,94,44,38,17,17,NA,93,66,37,16,18,12,2.7,0.6
2026-09-19T2100,2249A,131.1651,46.6191,双鸭山市,南小市,,22,NA,23,15,13,50,NA,80,61,8,11,8,6,0.4,0.4
2026-09-19T2100,2250A,131.1526,46.6554,双鸭山市,环保局,,48,48,39,20,14,30,NA,90,66,32,18,10,10,0.4,0.2
2026-09-19T2100,2252A,128.8663,47.7199,伊春市,环保局,,26,22,31,18,18,39,NA,94,70,20,12,1,2,0.6,0.7
2026-09-19T2100,2253A,128.9014,47.732,伊春市,电力嘉园,,31,31,32,20,17,31,NA,98,67,18,12,3,3,0.7,0.6
2026-09-19T2100,2255A,130.2749,46.8028,佳木斯市,佳纺,颗粒物(PM10),82,94,47,16,12,6,NA,84,57,82,31,1,2,0.4,0.3
2026-09-19T2100,2257A,130.3258,46.7975,佳木斯市,环保局,,32,32,37,8,17,52,NA,94,88,32,23,4,4,0.5,0.4
2026-09-19T2100,2263A,127.4832,50.2524,黑河市,交通局,NA,NA,10,22,4,9,34,NA,35,28,NA,5,5,6,0.2,0.1
2026-09-19T2100,2264A,127.5146,50.2339,黑河市,环保局,,13,13,18,9,10,28,NA,24,24,9,8,12,10,0.1,0.1
2026-09-19T2100,2266A,126.9783,46.6365,绥化市,人和东街,,39,39,35,11,11,78,NA,105,95,12,9,4,14,0.4,0.5
2026-09-19T2100,2267A,126.964,46.6527,绥化市,党政办公中心,,42,42,36,15,10,93,NA,107,102,11,10,9,10,0.5,0.5
2026-09-19T2100,2269A,124.1068,50.4091,大兴安岭地区,科技局,,11,9,19,3,9,34,NA,35,32,3,4,1,2,0.4,0.4
2026-09-19T2100,2270A,117.396,32.9389,蚌埠市,工人疗养院,,23,23,33,6,26,61,NA,71,70,14,20,5,6,0.4,0.5
2026-09-19T2100,2271A,117.3606,32.9428,蚌埠市,百货大楼,,20,20,33,5,24,61,NA,72,70,18,21,9,10,0.5,0.6
2026-09-19T2100,2273A,117.4183,32.8909,蚌埠市,蚌埠学院,,27,27,28,6,25,40,NA,68,66,30,16,5,6,0.2,0.4
2026-09-19T2100,2274A,117.3534,32.9672,蚌埠市,淮上区政府,,27,27,34,7,26,72,NA,75,75,12,22,6,5,0.4,0.5
2026-09-19T2100,2275A,117.3143,32.8977,蚌埠市,高新区,,22,22,30,6,28,44,NA,65,62,22,27,4,5,0.3,0.5
2026-09-19T2100,2277A,116.8304,32.7726,淮南市,潘集区政府,,37,37,30,16,27,40,NA,75,68,17,13,6,6,0.4,0.4
2026-09-19T2100,2279A,116.8569,32.5949,淮南市,谢家集区政府,,45,45,35,17,25,35,NA,76,68,27,16,6,7,0.4,0.4
2026-09-19T2100,2280A,116.8279,32.6333,淮南市,八公山区政府,,36,36,38,15,32,27,NA,72,63,23,15,3,4,0.4,0.5
2026-09-19T2100,2282A,116.8005,33.9749,淮北市,监测站,,36,36,40,16,22,75,NA,93,87,11,13,7,6,0.3,0.4
2026-09-19T2100,2283A,116.8094,33.9008,淮北市,烈山区政府,,26,24,36,18,23,70,NA,92,86,12,12,4,5,0.4,0.5
2026-09-19T2100,2285A,117.8176,30.9412,铜陵市,市第四中学,颗粒物(PM10),59,62,47,34,26,88,NA,141,125,26,27,8,8,0.7,0.7
2026-09-19T2100,2287A,117.7806,30.9413,铜陵市,市新民污水厂,,39,37,42,27,28,98,NA,124,116,16,19,9,9,0.6,0.5
2026-09-19T2100,2289A,117.846,30.9414,铜陵市,车站新区,颗粒物(PM10),64,69,60,36,26,89,NA,142,129,19,20,7,8,0.7,0.7
2026-09-19T2100,2290A,117.8472,30.9699,铜陵市,市职教基地,"颗粒物(PM10),细颗粒物(PM2.5)",58,61,52,39,25,86,NA,136,124,13,19,5,6,0.7,0.7
2026-09-19T2100,2291A,117.0806,30.5181,安庆市,环科院,,47,47,32,30,23,114,NA,136,133,8,8,6,7,0.9,1
2026-09-19T2100,2292A,117.0331,30.5118,安庆市,马山宾馆,,40,39,32,28,23,117,NA,136,134,10,11,5,6,1.1,1.1
2026-09-19T2100,2294A,116.9897,30.6146,安庆市,安庆大学,,39,35,28,27,20,119,NA,128,128,11,11,5,5,0.5,0.5
2026-09-19T2100,2295A,118.2905,29.6965,黄山市,延安路89号,,39,37,44,27,34,88,NA,127,107,7,9,4,4,0.7,0.6
2026-09-19T2100,2297A,118.1369,30.2755,黄山市,黄山区政府5号楼,细颗粒物(PM2.5),60,49,37,40,28,97,NA,99,99,7,6,4,5,0.8,0.7
2026-09-19T2100,2301A,115.8276,32.8929,阜阳市,市监测站,颗粒物(PM10),53,53,41,35,33,42,NA,77,72,30,16,7,7,0.5,0.4
2026-09-19T2100,2303A,115.8551,32.8606,阜阳市,开发区,颗粒物(PM10),68,74,53,34,34,44,NA,77,73,31,16,6,6,0.6,0.5
2026-09-19T2100,2307A,116.5078,31.7369,六安市,监测大楼,,45,33,32,31,27,63,NA,97,90,13,13,3,3,0.5,0.5
2026-09-19T2100,2308A,116.4738,31.7642,六安市,皖西学院,,40,37,33,28,26,76,NA,106,100,9,8,7,7,0.7,0.6
2026-09-19T2100,2309A,116.4997,31.7904,六安市,朝阳厂,NA,NA,38,36,28,28,NA,NA,88,87,11,10,3,2,0.4,0.4
2026-09-19T2100,2310A,116.5566,31.7885,六安市,开发区,,42,42,38,28,28,64,NA,103,94,19,12,6,6,0.3,0.3
2026-09-19T2100,2311A,115.8071,33.8399,亳州市,污水处理厂,,36,36,37,17,23,75,NA,99,94,16,14,5,5,0.3,0.3
2026-09-19T2100,2312A,115.7789,33.8519,亳州市,三国揽胜宫,,35,35,36,20,25,79,NA,97,94,12,12,6,6,0.3,0.4
2026-09-19T2100,2314A,117.4698,30.6617,池州市,池州学院,,44,44,40,28,29,95,NA,134,129,26,24,6,7,0.7,0.8
2026-09-19T2100,2316A,118.7578,30.9457,宣城市,鳌峰子站,,45,45,39,25,31,70,NA,141,131,11,12,6,6,0.5,0.7
2026-09-19T2100,2317A,118.7384,30.9745,宣城市,敬亭山子站,,39,37,50,27,42,53,NA,133,121,12,11,2,4,0.5,0.9
2026-09-19T2100,2318A,118.7172,30.9428,宣城市,开发区子站,颗粒物(PM10),55,57,40,28,36,79,NA,146,139,8,12,6,6,0.4,0.7
2026-09-19T2100,2319A,119.0142,25.4324,莆田市,荔城区仓后路,,33,33,37,22,22,100,NA,144,127,10,9,/,/,/,/
2026-09-19T2100,2320A,119.0016,25.4553,莆田市,莆田市监测站,,39,36,33,27,19,91,NA,147,134,9,6,6,6,0.8,0.7
2026-09-19T2100,2321A,119.112,25.4561,莆田市,涵江区六中,,45,45,45,30,23,106,NA,146,130,10,9,/,/,0.6,0.6
2026-09-19T2100,2322A,119.1014,25.3215,莆田市,秀屿区政府,,34,19,37,16,22,106,NA,138,122,4,8,2,3,0.6,0.5
2026-09-19T2100,2324A,117.621,26.2626,三明市,三钢,,39,31,31,27,32,47,NA,114,92,19,14,4,6,0.4,0.7
2026-09-19T2100,2325A,117.6352,26.2714,三明市,三明二中,,48,NA,34,33,28,48,NA,113,93,18,12,5,6,0.7,0.7
2026-09-19T2100,2326A,117.6028,26.2377,三明市,三元区政府,,48,46,35,33,27,43,NA,111,87,22,14,7,8,0.7,0.8
2026-09-19T2100,2332A,118.1682,26.6371,南平市,南平市监测站,,33,30,34,23,25,48,NA,114,88,17,14,4,6,0.5,0.5
2026-09-19T2100,2334A,118.1757,26.6276,南平市,南平七中,,42,35,34,29,24,47,NA,117,93,19,13,4,4,0.6,0.6
2026-09-19T2100,2336A,117.022,25.1031,龙岩市,龙岩市监测站,细颗粒物(PM2.5),54,42,35,37,27,54,NA,110,94,21,15,11,8,0.6,0.4
2026-09-19T2100,2337A,117.0257,25.0662,龙岩市,闽西职业技术学院,,38,38,39,22,22,58,NA,110,91,11,8,6,7,0.5,0.4
2026-09-19T2100,2338A,117.0195,25.0306,龙岩市,龙岩学院,,33,23,31,23,21,53,NA,111,89,12,9,6,7,/,/
2026-09-19T2100,2341A,119.5387,26.6611,宁德市,宁德市监测站,,46,41,34,28,22,145,NA,156,155,6,6,8,8,0.7,0.8
2026-09-19T2100,2343A,117.2114,29.2931,景德镇市,老干部活动中心,,46,38,39,32,32,73,NA,115,101,19,12,6,4,0.8,0.7
2026-09-19T2100,2344A,117.1893,29.2789,景德镇市,兽医站,颗粒物(PM10),58,61,54,32,34,94,NA,118,111,12,14,4,4,0.7,0.7
2026-09-19T2100,2346A,117.246,29.2958,景德镇市,陶研所,,38,28,34,26,34,87,NA,116,102,7,8,4,4,1.1,1.2
2026-09-19T2100,2348A,113.8384,27.6436,萍乡市,中医院,细颗粒物(PM2.5),70,51,70,45,53,82,NA,98,98,17,21,11,15,1.0,1.3
2026-09-19T2100,2350A,113.8677,27.6438,萍乡市,市环保局,细颗粒物(PM2.5),88,55,58,54,55,85,NA,108,108,15,18,5,9,0.8,0.9
2026-09-19T2100,2351A,113.8663,27.6202,萍乡市,安源区政府,细颗粒物(PM2.5),82,57,50,51,48,84,NA,101,101,11,11,7,9,0.6,0.6
2026-09-19T2100,2353A,114.9887,27.8433,新余市,飞宇,细颗粒物(PM2.5),70,58,67,45,42,118,NA,163,156,16,16,16,14,0.6,0.5
2026-09-19T2100,2354A,114.9234,27.8248,新余市,第二水厂,"颗粒物(PM10),细颗粒物(PM2.5)",60,64,68,40,42,121,NA,162,155,12,15,17,17,0.8,0.7
2026-09-19T2100,2355A,114.931,27.8037,新余市,市气象局,细颗粒物(PM2.5),68,59,60,44,44,114,NA,159,150,15,14,20,18,0.6,0.6
2026-09-19T2100,2358A,117.0561,28.2641,鹰潭市,新监测站,颗粒物(PM10),63,67,65,37,40,122,NA,166,146,3,3,4,6,0.6,0.6
2026-09-19T2100,2359A,117.0312,28.2474,鹰潭市,财苑宾馆,细颗粒物(PM2.5),62,54,57,41,42,128,NA,171,153,2,5,7,9,/,/
2026-09-19T2100,2360A,117.0221,28.2263,鹰潭市,体育馆,细颗粒物(PM2.5),60,57,56,40,39,114,NA,167,148,12,9,8,8,0.8,0.6
2026-09-19T2100,2363A,114.9368,25.8663,赣州市,地委,细颗粒物(PM2.5),76,58,52,48,41,109,NA,113,110,4,6,2,5,0.5,0.5
2026-09-19T2100,2364A,114.946,25.8483,赣州市,气象台,细颗粒物(PM2.5),62,57,52,41,42,119,NA,121,115,10,8,6,9,0.4,0.4
2026-09-19T2100,2365A,114.932,25.8332,赣州市,市图书馆,细颗粒物(PM2.5),68,50,49,44,42,132,NA,124,123,7,7,4,4,0.6,0.8
2026-09-19T2100,2366A,114.8905,25.8472,赣州市,华坚鞋城,细颗粒物(PM2.5),90,NA,56,55,49,142,NA,122,122,8,7,2,2,0.6,0.6
2026-09-19T2100,2367A,114.9753,27.0803,吉安市,红声器材厂,细颗粒物(PM2.5),68,49,56,44,40,122,NA,144,134,16,14,14,14,0.6,0.6
2026-09-19T2100,2369A,114.9903,27.1313,吉安市,市环境监测站,"颗粒物(PM10),细颗粒物(PM2.5)",58,60,54,39,35,133,NA,142,138,11,13,6,6,/,/
2026-09-19T2100,2370A,115.009527,27.096792,吉安市,青原区法院,细颗粒物(PM2.5),68,57,58,44,38,142,NA,154,144,12,11,9,11,0.5,0.5
2026-09-19T2100,2373A,114.3954,27.7843,宜春市,市石油公司,细颗粒物(PM2.5),112,88,69,73,65,92,NA,128,125,23,16,11,12,1.5,1.2
2026-09-19T2100,2374A,114.37,27.7916,宜春市,市气象局,细颗粒物(PM2.5),111,94,71,72,51,92,NA,133,130,21,16,6,7,1.5,1.3
2026-09-19T2100,2375A,114.401,27.8059,宜春市,市广电局,细颗粒物(PM2.5),101,74,67,61,52,110,NA,133,131,17,18,6,7,1.1,1.2
2026-09-19T2100,2377A,116.3544,27.9833,抚州市,市站,,46,46,51,30,36,113,NA,136,133,2,4,1,5,0.6,0.8
2026-09-19T2100,2378A,116.3562,27.9631,抚州市,血防站,NA,NA,50,52,30,33,111,NA,128,126,6,7,NA,5,0.7,0.8
2026-09-19T2100,2379A,116.3561,28.0007,抚州市,采茶剧团,颗粒物(PM10),53,54,52,31,39,120,NA,140,138,2,3,12,12,0.7,0.8
2026-09-19T2100,2380A,116.3854,27.9648,抚州市,医学分院,颗粒物(PM10),53,53,50,35,36,107,NA,126,123,4,5,25,7,0.8,1
2026-09-19T2100,2382A,117.9758,28.4439,上饶市,市监测站,颗粒物(PM10),53,54,56,36,35,110,NA,194,160,3,9,1,3,/,/
2026-09-19T2100,2383A,117.9521,28.4637,上饶市,凤凰光学,细颗粒物(PM2.5),56,57,58,38,37,92,NA,172,138,16,15,3,9,0.6,0.5
2026-09-19T2100,2385A,114.17,35.9019,鹤壁市,市监测站,细颗粒物(PM2.5),112,105,93,73,61,106,NA,191,177,15,10,3,8,0.8,0.9
2026-09-19T2100,2386A,114.2953,35.7512,鹤壁市,市交警支队,细颗粒物(PM2.5),111,108,90,72,53,129,NA,186,177,29,20,5,10,0.9,1.1
2026-09-19T2100,2387A,114.2877,35.7302,鹤壁市,迎宾馆,细颗粒物(PM2.5),102,120,101,62,54,131,NA,195,184,26,15,6,11,1.0,1
2026-09-19T2100,2389A,113.836,35.3104,新乡市,环保西院,颗粒物(PM10),93,109,101,40,48,110,NA,164,149,18,26,9,12,0.9,0.9
2026-09-19T2100,2390A,113.8847,35.2724,新乡市,开发区,"颗粒物(PM10),细颗粒物(PM2.5)",66,72,77,43,51,117,NA,159,150,26,26,6,8,0.4,0.6
2026-09-19T2100,2391A,113.8836,35.3028,新乡市,环保东院,颗粒物(PM10),73,82,79,45,46,123,NA,168,158,25,20,6,8,0.8,0.9
2026-09-19T2100,2392A,115.0312,35.7636,濮阳市,环保局,细颗粒物(PM2.5),130,113,106,93,76,113,NA,189,176,29,17,1,4,1.3,1
2026-09-19T2100,2398A,113.7904,33.9949,许昌市,开发区,颗粒物(PM10),90,106,102,39,59,67,NA,121,108,37,21,5,6,0.4,0.4
2026-09-19T2100,2399A,114.051,33.5721,漯河市,三五一五工厂,,49,49,57,31,40,80,NA,117,106,19,20,5,6,0.8,0.8
2026-09-19T2100,2400A,114.0055,33.5698,漯河市,漯河大学,细颗粒物(PM2.5),66,49,54,43,46,82,NA,118,108,18,19,6,6,0.7,0.7
2026-09-19T2100,2401A,114.0134,33.5826,漯河市,市水利局,,48,48,57,30,40,88,NA,120,110,16,17,7,8,0.8,0.8
2026-09-19T2100,2402A,114.0261,33.5697,漯河市,市广电局,,46,42,51,32,39,84,NA,121,111,16,17,4,4,0.6,0.6
2026-09-19T2100,2404A,112.5338,33.0086,南阳市,瓦房庄,细颗粒物(PM2.5),76,64,47,48,36,58,NA,100,88,28,22,6,6,1.0,0.8
2026-09-19T2100,2405A,112.5002,32.9734,南阳市,汉画馆,细颗粒物(PM2.5),66,71,54,43,33,42,NA,91,82,27,20,7,7,1.0,0.9
2026-09-19T2100,2406A,112.5778,33.0144,南阳市,气象站,细颗粒物(PM2.5),72,47,41,46,34,68,NA,103,96,22,22,8,8,0.9,0.9
2026-09-19T2100,2407A,112.548,32.9687,南阳市,理工学院,"颗粒物(PM10),细颗粒物(PM2.5)",58,61,44,39,34,45,NA,98,90,30,22,9,9,1.1,1
2026-09-19T2100,2408A,115.6701,34.4283,商丘市,环境监测站,,36,33,49,25,28,88,NA,109,100,12,12,7,5,0.5,0.6
2026-09-19T2100,2409A,115.6458,34.4047,商丘市,粮食局,,42,42,43,18,26,86,NA,110,101,18,11,6,7,0.6,0.6
2026-09-19T2100,2420A,114.0194,32.9648,驻马店市,市一纸厂,细颗粒物(PM2.5),64,56,47,42,37,70,NA,110,98,17,12,5,5,0.4,0.5
2026-09-19T2100,2421A,114.0112,33.0149,驻马店市,市彩印厂,细颗粒物(PM2.5),66,50,43,43,32,59,NA,109,98,18,10,3,2,0.5,0.5
2026-09-19T2100,2423A,115.0547,30.2332,黄石市,沈家营,,49,49,51,32,29,126,NA,133,133,5,7,10,11,0.6,0.7
2026-09-19T2100,2426A,114.899,30.211,黄石市,铁山,,47,47,45,22,29,101,NA,149,146,23,17,6,7,0.7,0.7
2026-09-19T2100,2427A,115.0259,30.2108,黄石市,团城山,颗粒物(PM10),56,58,51,33,30,124,NA,128,128,9,10,5,6,0.8,0.9
2026-09-19T2100,2429A,110.78,32.6494,十堰市,滨河新村,细颗粒物(PM2.5),64,55,32,42,22,62,NA,85,82,29,14,/,/,0.9,0.8
2026-09-19T2100,2430A,110.7305,32.6408,十堰市,刘家沟,,43,36,25,30,20,68,NA,76,75,7,9,/,/,/,/
2026-09-19T2100,2431A,110.8843,32.5712,十堰市,铁二处,细颗粒物(PM2.5),56,38,24,38,22,78,NA,92,89,16,13,6,6,0.8,0.6
2026-09-19T2100,2432A,112.1555,32.0197,襄阳市,襄城运动路,细颗粒物(PM2.5),66,62,54,43,33,71,NA,108,103,17,13,7,8,0.8,0.7
2026-09-19T2100,2434A,112.1829,32.1146,襄阳市,高新管委会,细颗粒物(PM2.5),76,70,45,48,34,71,NA,107,103,24,17,8,8,0.9,0.9
2026-09-19T2100,2435A,112.2105,32.0903,襄阳市,襄州航空路,NA,NA,NA,61,44,37,80,NA,103,99,16,15,6,6,0.9,0.7
2026-09-19T2100,2436A,114.894,30.3989,鄂州市,市政府,NA,NA,61,38,46,26,98,NA,121,120,23,17,7,6,NA,0.6
2026-09-19T2100,2437A,114.8986,30.3714,鄂州市,赵家坝,细颗粒物(PM2.5),60,62,42,40,27,117,NA,152,151,22,16,7,7,0.8,0.7
2026-09-19T2100,2439A,112.2012,31.048,荆门市,竹园小学,颗粒物(PM10),65,70,48,31,34,83,NA,118,107,12,10,7,9,0.9,0.8
2026-09-19T2100,2440A,112.1968,30.9892,荆门市,掇刀,细颗粒物(PM2.5),58,47,41,39,33,105,NA,126,118,10,7,7,7,0.7,0.6
2026-09-19T2100,2444A,113.9062,30.9378,孝感市,东城区,颗粒物(PM10),71,79,57,22,38,81,NA,116,112,11,4,6,5,0.6,0.7
2026-09-19T2100,2446A,114.9021,30.474,黄冈市,职工中心,细颗粒物(PM2.5),70,51,36,45,27,143,NA,137,137,16,10,6,8,1.0,0.7
2026-09-19T2100,2451A,113.3587,31.7275,随州市,市委党校,,48,48,45,30,30,68,NA,109,101,8,7,7,7,0.7,0.7
2026-09-19T2100,2452A,113.3745,31.6926,随州市,市林业局,,49,49,46,26,25,65,NA,106,99,18,8,6,6,0.8,0.7
2026-09-19T2100,2453A,113.3984,31.7309,随州市,市立交桥水厂,,46,46,50,27,32,53,NA,105,92,12,12,5,5,0.7,0.7
2026-09-19T2100,2454A,109.4978,30.2979,恩施土家族苗族自治州,湖北民院,,30,30,24,18,12,13,NA,47,44,20,14,4,4,0.5,0.6
2026-09-19T2100,2457A,112.6209,26.9268,衡阳市,衡阳化工总厂,细颗粒物(PM2.5),72,75,57,46,35,72,NA,89,87,13,9,8,8,1.0,0.9
2026-09-19T2100,2458A,112.621,26.8957,衡阳市,珠晖区环保局,细颗粒物(PM2.5),74,73,59,47,34,70,NA,92,90,20,15,6,6,1.2,1
2026-09-19T2100,2459A,112.628,26.8654,衡阳市,市委党校,NA,NA,NA,49,NA,41,NA,NA,74,NA,NA,8,NA,7,NA,1.1
2026-09-19T2100,2460A,112.6007,26.8977,衡阳市,市监测站,NA,NA,78,50,NA,38,79,NA,100,98,16,11,6,6,1.1,1
2026-09-19T2100,2461A,112.5658,26.9013,衡阳市,真空机电公司,NA,NA,63,48,55,39,79,NA,96,94,NA,8,6,7,1.1,1
2026-09-19T2100,2464A,111.5277,27.2442,邵阳市,市化工厂,细颗粒物(PM2.5),80,NA,40,50,30,92,NA,110,108,8,6,11,11,0.5,0.5
2026-09-19T2100,2466A,111.4327,27.2276,邵阳市,市环保局,细颗粒物(PM2.5),56,56,51,38,32,89,NA,101,99,9,8,9,8,0.8,0.7
2026-09-19T2100,2468A,112.3458,28.581,益阳市,市环保局,细颗粒物(PM2.5),66,57,42,43,36,64,NA,86,84,15,10,6,6,1.0,0.9
2026-09-19T2100,2473A,113.0116,25.8228,郴州市,市职中,细颗粒物(PM2.5),56,42,36,38,33,48,NA,65,64,12,9,7,8,1.0,0.9
2026-09-19T2100,2475A,113.0381,25.8074,郴州市,市审计局,细颗粒物(PM2.5),56,50,41,38,33,47,NA,64,63,9,8,8,9,/,/
2026-09-19T2100,2476A,113.0348,25.7757,郴州市,市环保局,细颗粒物(PM2.5),58,49,38,39,33,50,NA,58,58,10,9,9,8,0.8,0.8
2026-09-19T2100,2478A,111.6126,26.4266,永州市,市环境监测站,,36,31,41,25,31,54,NA,83,78,10,8,7,5,0.9,0.9
2026-09-19T2100,2480A,111.6248,26.3803,永州市,永州市环保局,NA,NA,NA,46,NA,27,NA,NA,82,82,NA,3,NA,4,NA,0.8
2026-09-19T2100,2481A,111.5989,26.4523,永州市,冷水滩区环保局,,43,32,45,30,31,57,NA,86,81,7,5,10,7,1.0,1
2026-09-19T2100,2483A,109.9297,27.5383,怀化市,河西地税局,,26,22,20,18,17,53,NA,65,64,10,8,5,4,/,/
2026-09-19T2100,2484A,109.9783,27.5342,怀化市,市四医院,,40,33,29,28,20,58,NA,68,67,10,9,8,8,0.6,0.5
2026-09-19T2100,2485A,109.9971,27.5579,怀化市,监测楼,,43,35,28,30,22,48,NA,61,60,15,11,3,5,0.5,0.4
2026-09-19T2100,2488A,111.9984,27.7346,娄底市,市监测站,细颗粒物(PM2.5),76,53,33,48,24,62,NA,86,78,13,6,4,3,0.6,0.5
2026-09-19T2100,2491A,111.9888,27.7035,娄底市,市政府,细颗粒物(PM2.5),70,48,27,45,23,73,NA,94,88,8,5,3,3,0.4,0.3
2026-09-19T2100,2493A,109.7298,28.3164,湘西土家族苗族自治州,州政府,,32,32,20,19,16,30,NA,64,56,6,4,3,3,0.5,0.5
2026-09-19T2100,2494A,109.6957,28.2676,湘西土家族苗族自治州,吉首市计生局,,26,25,18,18,15,41,NA,66,58,10,8,5,5,0.4,0.3
2026-09-19T2100,2496A,111.3126,23.4772,梧州市,市十一中,颗粒物(PM10),107,137,77,39,36,34,NA,124,107,52,31,9,10,0.5,0.4
2026-09-19T2100,2498A,111.26,23.4794,梧州市,龙新,细颗粒物(PM2.5),74,72,63,47,36,39,NA,121,107,51,28,7,11,0.6,0.6
2026-09-19T2100,2499A,108.3411,21.6159,防城港市,沙万,颗粒物(PM10),64,69,59,27,28,123,NA,148,137,17,15,8,10,0.9,1
2026-09-19T2100,2500A,108.3515,21.7733,防城港市,防城档案局,颗粒物(PM10),53,54,57,28,26,127,NA,122,120,10,11,9,7,0.9,0.9
2026-09-19T2100,2501A,108.3506,21.6414,防城港市,大海花园,颗粒物(PM10),65,70,49,40,31,118,NA,163,149,17,11,20,13,0.8,0.9
2026-09-19T2100,2502A,108.6238,21.9667,钦州市,市环保站,细颗粒物(PM2.5),58,58,40,39,22,132,NA,125,125,18,12,10,9,0.7,0.7
2026-09-19T2100,2503A,108.655,21.9481,钦州市,沙埠小学,细颗粒物(PM2.5),62,52,53,41,27,129,NA,122,122,16,14,8,9,0.5,0.5
2026-09-19T2100,2504A,108.5989,21.7435,钦州市,港区一小,颗粒物(PM10),65,70,68,36,25,120,NA,159,151,24,21,48,10,2.6,0.8
2026-09-19T2100,2506A,109.604387,23.066791,贵港市,江南子站,细颗粒物(PM2.5),84,78,71,52,45,113,NA,159,148,19,24,4,4,0.8,0.8
2026-09-19T2100,2508A,109.5669,23.1065,贵港市,荷城子站,细颗粒物(PM2.5),58,58,60,39,40,73,NA,152,134,34,22,5,6,0.9,0.8
2026-09-19T2100,2511A,110.1433,22.6162,玉林市,南江一中,颗粒物(PM10),71,79,53,45,33,74,NA,158,141,42,17,10,14,0.8,0.6
2026-09-19T2100,2512A,106.6102,23.901,百色市,市监测站,,43,38,33,30,15,61,NA,119,114,14,10,7,8,0.6,0.5
2026-09-19T2100,2513A,106.6524,23.8842,百色市,市中心血站,颗粒物(PM10),73,81,46,39,25,39,NA,121,112,49,17,8,9,0.7,0.6
2026-09-19T2100,2514A,111.5264,24.4178,贺州市,环保小区,,34,34,36,22,29,72,NA,107,102,12,9,12,12,0.6,0.6
2026-09-19T2100,2515A,111.561,24.4074,贺州市,政协大楼,,36,35,34,25,29,76,NA,110,104,11,12,10,10,0.9,0.8
2026-09-19T2100,2517A,108.0496,24.6957,河池市,市环保站,,36,32,35,25,19,57,NA,107,100,11,9,7,6,0.7,0.7
2026-09-19T2100,2520A,109.2203,23.7252,来宾市,来宾技工学校,"颗粒物(PM10),细颗粒物(PM2.5)",54,55,51,37,32,102,NA,144,140,11,13,6,8,0.8,0.7
2026-09-19T2100,2521A,107.3473,22.4137,崇左市,市环保局江州分局,颗粒物(PM10),60,63,40,32,20,37,NA,122,110,47,17,6,6,0.8,0.7
2026-09-19T2100,2524A,105.8211,32.4444,广元市,老城,,21,17,16,4,1,66,NA,58,58,5,12,2,3,0.6,0.6
2026-09-19T2100,2526A,105.8629,32.429,广元市,监测站,,26,26,23,1,1,60,NA,58,58,10,12,4,5,0.7,0.7
2026-09-19T2100,2528A,105.5581,30.5231,遂宁市,市监测站,,13,13,23,3,10,32,NA,58,56,10,10,4,5,0.6,0.7
2026-09-19T2100,2530A,105.5917,30.4727,遂宁市,美宁食品公司,,14,11,18,1,14,43,NA,58,58,8,11,9,10,0.6,0.7
2026-09-19T2100,2531A,105.0703,29.61,内江市,市监测站,,29,29,14,16,9,63,NA,73,71,9,10,5,4,0.6,0.6
2026-09-19T2100,2533A,105.0657,29.5807,内江市,内江二中,,21,19,22,13,8,65,NA,72,71,10,10,8,6,0.4,0.4
2026-09-19T2100,2534A,105.0407,29.5828,内江市,内江日报社,,22,NA,10,15,9,63,NA,74,72,8,11,3,2,0.2,0.2
2026-09-19T2100,2536A,103.7629,29.5844,乐山市,牛耳桥,,25,25,21,17,17,49,NA,63,62,12,11,5,5,1.0,0.9
2026-09-19T2100,2537A,103.7501,29.6002,乐山市,市第三水厂,,27,27,20,15,17,56,NA,69,68,12,11,4,4,1.0,0.9
2026-09-19T2100,2538A,103.7571,29.5664,乐山市,市监测站,,25,25,21,15,16,55,NA,64,64,10,8,3,3,0.8,0.7
2026-09-19T2100,2540A,103.8414,30.0871,眉山市,气象局,,43,43,38,20,20,34,NA,70,64,22,13,8,8,1.2,1.1
2026-09-19T2100,2544A,106.6307,30.4577,广安市,市委,,14,14,10,4,7,39,NA,52,51,7,9,8,8,0.5,0.5
2026-09-19T2100,2545A,106.6266,30.4662,广安市,友谊中学,,18,18,12,4,7,44,NA,58,56,5,6,9,9,0.7,0.8
2026-09-19T2100,2547A,106.6386,30.4551,广安市,广电花园,,13,11,9,4,6,39,NA,52,51,5,8,10,10,0.6,0.6
2026-09-19T2100,2549A,107.5087,31.2186,达州市,市环境监测站,,17,17,16,3,3,7,NA,16,15,20,17,8,6,0.4,0.4
2026-09-19T2100,2550A,107.4988,31.2132,达州市,凤凰小区,,24,24,14,5,4,10,NA,19,17,20,17,10,6,0.4,0.3
2026-09-19T2100,2551A,107.5081,31.1987,达州市,达县机关宾馆,NA,NA,22,13,4,4,NA,NA,18,17,24,21,8,5,0.3,0.3
2026-09-19T2100,2552A,107.4644,31.2124,达州市,市政中心,,47,47,25,12,4,4,NA,21,16,29,19,5,5,0.7,0.5
2026-09-19T2100,2555A,103.011,29.9833,雅安市,市政府,,25,23,21,17,16,52,NA,58,58,12,12,5,5,0.8,0.8
2026-09-19T2100,2556A,102.9907,29.9778,雅安市,川农大,,21,21,22,14,14,42,NA,48,46,11,9,6,6,0.8,0.7
2026-09-19T2100,2562A,104.6357,30.1508,资阳市,资阳中学,,22,21,24,15,15,64,NA,74,72,3,6,6,5,0.4,0.4
2026-09-19T2100,2565A,104.6297,30.1259,资阳市,区法院,,25,NA,14,17,16,62,NA,74,71,6,7,2,2,0.6,0.6
2026-09-19T2100,2568A,102.2503,31.8896,阿坝藏族羌族自治州,马师校,NA,NA,NA,26,NA,10,15,NA,50,43,14,4,5,4,0.5,0.5
2026-09-19T2100,2570A,101.96,30.048,甘孜藏族自治州,水桥子,,17,17,8,9,2,40,NA,63,60,13,9,2,2,0.4,0.3
2026-09-19T2100,2573A,102.2629,27.8981,凉山彝族自治州,西昌市政府,,49,49,24,5,13,59,NA,71,68,6,7,7,8,0.8,0.7
2026-09-19T2100,2574A,102.2686,27.885,凉山彝族自治州,凉山州政府,,18,12,19,7,13,56,NA,70,67,7,8,10,5,0.7,0.7
2026-09-19T2100,2577A,104.8293,26.592,六盘水市,黄土坡,,22,NA,9,15,8,59,NA,62,62,11,6,3,3,0.3,0.3
2026-09-19T2100,2579A,104.8481,26.5898,六盘水市,民中,,20,NA,10,14,9,59,NA,60,60,8,6,1,2,0.2,0.3
2026-09-19T2100,2580A,104.9541,26.5506,六盘水市,双水,,22,NA,7,8,7,68,NA,64,64,6,4,5,5,0.1,0.1
2026-09-19T2100,2585A,109.1839,27.7344,铜仁市,铜仁卫校,NA,NA,20,19,11,8,NA,NA,66,63,3,3,2,2,0.3,0.6
2026-09-19T2100,2586A,109.1752,27.6945,铜仁市,铜仁七中,,19,16,16,13,8,52,NA,66,62,6,5,4,4,0.5,0.5
2026-09-19T2100,2587A,105.287,27.3133,毕节市,八中,,30,24,22,21,17,50,NA,64,63,10,8,7,7,0.6,0.5
2026-09-19T2100,2588A,105.3079,27.2987,毕节市,师专,,30,27,26,21,15,26,NA,61,55,35,11,27,11,0.4,0.5
2026-09-19T2100,2589A,104.9022,25.0943,黔西南布依族苗族自治州,场坝街,,26,26,16,16,11,51,NA,59,59,9,3,5,5,0.4,0.3
2026-09-19T2100,2590A,104.8812,25.0994,黔西南布依族苗族自治州,坪东大道,,31,31,17,18,12,24,NA,57,53,20,4,4,4,0.6,0.3
2026-09-19T2100,2591A,107.9765,26.5724,黔东南苗族侗族自治州,市环境监测站,,29,NA,27,20,20,75,NA,76,75,6,6,3,3,0.4,0.5
2026-09-19T2100,2593A,107.5223,26.2371,黔南布依族苗族自治州,小围寨,,27,27,15,17,14,79,NA,88,86,5,6,4,4,0.5,0.5
2026-09-19T2100,2594A,99.1589,25.1137,保山市,市环境监测站,,13,13,18,7,6,27,NA,55,46,7,7,7,7,0.3,0.3
2026-09-19T2100,2595A,99.1616,25.1381,保山市,市环保局,,9,NA,6,6,7,24,NA,49,40,3,4,4,4,0.5,0.5
2026-09-19T2100,2596A,103.7668,27.3736,昭通市,监测站,,35,35,22,17,11,43,NA,68,64,15,8,7,4,0.4,0.5
2026-09-19T2100,2599A,100.2497,26.8802,丽江市,丽江古城,,17,13,16,4,9,54,NA,68,65,11,10,3,4,0.7,0.6
2026-09-19T2100,2600A,100.2203,26.8906,丽江市,市中心,,15,NA,14,9,11,48,NA,63,59,13,13,5,5,0.6,0.6
2026-09-19T2100,2601A,100.9801,22.7634,普洱市,市环保局,,35,35,24,20,6,33,NA,53,48,9,4,7,7,0.7,0.7
2026-09-19T2100,2602A,100.9763,22.8237,普洱市,普洱第二中学,,28,28,20,12,7,32,NA,54,47,10,6,9,8,0.7,0.7
2026-09-19T2100,2603A,100.0779,23.8981,临沧市,市环保局,,12,NA,7,8,5,25,NA,49,44,12,8,4,5,0.5,0.4
2026-09-19T2100,2604A,100.0894,23.882,临沧市,市气象局,,17,17,13,9,7,26,NA,52,47,9,6,9,8,0.5,0.5
2026-09-19T2100,2606A,101.5379,25.0492,楚雄彝族自治州,市经济开发区,,22,21,8,15,7,22,NA,48,44,22,7,3,2,0.4,0.2
2026-09-19T2100,2610A,104.2533,23.3595,文山壮族苗族自治州,州水务局,,31,31,15,18,10,42,NA,68,62,16,7,5,4,0.5,0.3
2026-09-19T2100,2611A,104.2319,23.3892,文山壮族苗族自治州,市便民服务中心,,28,21,14,19,10,47,NA,73,68,20,9,3,3,0.5,0.4
2026-09-19T2100,2612A,100.8018,21.9995,西双版纳傣族自治州,景洪市江南,,34,34,26,12,11,27,NA,54,47,10,7,9,9,0.7,0.7
2026-09-19T2100,2613A,100.7995,22.0238,西双版纳傣族自治州,景洪市江北,,31,31,19,17,7,28,NA,54,47,8,5,9,9,0.5,0.5
2026-09-19T2100,2614A,100.2168,25.5818,大理白族自治州,大理市环境监测站,,13,NA,5,4,6,39,NA,54,45,7,6,5,5,0.5,0.5
2026-09-19T2100,2615A,100.1542,25.7055,大理白族自治州,大理古城,,18,18,12,8,7,23,NA,46,39,13,10,6,4,0.1,0.2
2026-09-19T2100,2616A,98.5611,24.4273,德宏傣族景颇族自治州,德宏州监测站,NA,NA,17,17,3,14,NA,NA,65,56,15,11,8,8,0.8,0.8
2026-09-19T2100,2618A,98.859,25.8541,怒江傈僳族自治州,州监测站,,16,14,18,11,11,30,NA,62,53,10,8,4,4,0.6,0.5
2026-09-19T2100,2619A,98.8607,25.8168,怒江傈僳族自治州,泸水一中,,15,NA,18,10,12,24,NA,56,46,14,13,5,5,0.6,0.5
2026-09-19T2100,2621A,99.7054,27.8319,迪庆藏族自治州,迪庆州站,,19,11,15,10,7,59,NA,82,77,11,9,7,7,0.3,0.4
2026-09-19T2100,2622A,97.1813,31.1289,昌都市,昌都监测站,,50,50,16,19,4,29,NA,81,74,46,14,5,6,0.7,0.4
2026-09-19T2100,2624A,91.7592,29.234,山南市,山南监测站,,26,9,7,3,2,82,NA,105,101,13,7,8,8,0.2,0.2
2026-09-19T2100,2625A,91.7701,29.2436,山南市,山南人民医院,,27,14,8,2,3,84,NA,104,102,8,4,9,9,0.3,0.2
2026-09-19T2100,2626A,88.8873,29.2723,日喀则市,日喀则监测站,,27,10,9,7,3,84,NA,95,94,11,7,7,7,0.3,0.3
2026-09-19T2100,2628A,92.0653,31.4846,那曲市,那曲监测站,,42,33,26,29,15,68,NA,98,91,37,14,8,7,1.0,0.6
2026-09-19T2100,2630A,80.1171,32.4999,阿里地区,阿里监测站,NA,NA,19,18,1,5,NA,NA,147,147,6,10,4,3,0.2,0.2
2026-09-19T2100,2632A,94.3683,29.6373,林芝市,林芝监测站,NA,NA,11,10,6,5,NA,NA,93,93,6,6,5,5,0.3,0.3
2026-09-19T2100,2633A,94.3616,29.6634,林芝市,林芝人民医院,,29,10,13,4,7,90,NA,92,92,7,6,4,4,0.3,0.4
2026-09-19T2100,2635A,107.0155,33.0707,汉中市,市监测站,,17,10,8,7,3,52,NA,71,65,6,11,4,4,0.6,0.5
2026-09-19T2100,2636A,107.0083,33.114,汉中市,鑫源开发区,,21,12,12,8,3,65,NA,80,76,9,8,6,6,0.7,0.7
2026-09-19T2100,2637A,107.0072,33.0323,汉中市,南郑大河坎水厂,,30,21,11,21,4,35,NA,51,43,11,8,2,2,0.5,0.5
2026-09-19T2100,2639A,109.7445,38.2919,榆林市,世纪广场,,45,45,36,26,26,76,NA,129,118,29,12,33,10,0.7,0.6
2026-09-19T2100,2640A,109.729,38.2837,榆林市,实验中学,,38,38,36,22,25,99,NA,133,124,19,12,8,9,0.6,0.5
2026-09-19T2100,2641A,109.7347,38.2491,榆林市,环保监测大楼,,33,33,32,22,26,97,NA,130,120,21,12,8,7,0.6,0.5
2026-09-19T2100,2644A,109.0088,32.6974,安康市,汉滨区检察院,,35,35,12,18,7,44,NA,78,74,19,9,5,4,0.9,0.9
2026-09-19T2100,2645A,109.9155,33.8714,商洛市,监测站,细颗粒物(PM2.5),60,54,37,40,28,108,NA,139,132,17,16,22,21,0.6,0.5
2026-09-19T2100,2647A,104.1727,36.5448,白银市,第三小学,,27,16,27,9,11,84,NA,92,89,7,11,3,10,0.3,0.5
2026-09-19T2100,2648A,104.1467,36.5482,白银市,动力公司,,25,12,21,6,9,78,NA,86,81,6,13,3,6,0.4,0.5
2026-09-19T2100,2650A,105.72058,34.57859,天水市,公园小学,,28,28,25,9,12,46,NA,64,62,19,15,7,8,0.3,0.4
2026-09-19T2100,2651A,105.89428,34.55353,天水市,麦积国土局,,33,33,28,10,12,59,NA,75,74,14,9,1,6,0.5,0.5
2026-09-19T2100,2652A,102.6203,37.925,武威市,监测站,,33,33,38,6,9,68,NA,94,85,18,8,8,11,0.3,0.2
2026-09-19T2100,2654A,100.4699,38.9525,张掖市,润泉湖,,23,23,15,13,10,62,NA,93,84,25,10,3,3,0.3,0.3
2026-09-19T2100,2655A,100.4155,38.9422,张掖市,区工会,,24,19,19,11,10,74,NA,97,94,20,10,2,2,0.3,0.3
2026-09-19T2100,2656A,106.6633,35.5338,平凉市,聚贤嘉苑,,40,40,34,27,15,58,NA,71,53,19,14,8,8,0.6,0.7
2026-09-19T2100,2657A,106.7021,35.5307,平凉市,博物馆,,42,42,36,12,16,64,NA,76,57,12,13,10,11,0.4,0.5
2026-09-19T2100,2661A,107.6325,35.7357,庆阳市,庆阳五中,,23,23,26,10,16,65,NA,77,70,9,7,2,3,0.4,0.4
2026-09-19T2100,2662A,107.6361,35.7067,庆阳市,市环保局,,25,25,30,11,15,62,NA,78,72,12,7,3,3,0.5,0.4
2026-09-19T2100,2669A,102.9097,34.9841,甘南藏族自治州,州政府,,23,11,25,2,11,71,NA,66,66,5,14,5,6,0.2,0.3
2026-09-19T2100,2671A,100.9016,36.9464,海北藏族自治州,海晏县西海镇,,30,20,19,11,12,93,NA,111,108,3,2,7,8,0.4,0.4
2026-09-19T2100,2672A,102.02,35.5101,黄南藏族自治州,同仁县隆务镇,,41,41,30,16,13,72,NA,100,92,2,3,11,11,0.3,0.3
2026-09-19T2100,2673A,100.6158,36.2985,海南藏族自治州,共和县恰卜恰镇,,23,21,22,11,10,73,NA,94,89,11,6,7,8,0.4,0.4
2026-09-19T2100,2674A,100.2262,34.4854,果洛藏族自治州,玛沁县大武镇,,24,20,26,7,7,74,NA,82,81,5,2,18,18,0.5,0.4
2026-09-19T2100,2675A,97.0386,33.0138,玉树藏族自治州,玉树县结古镇,,22,7,11,3,3,70,NA,104,100,24,13,4,4,0.5,0.6
2026-09-19T2100,2676A,97.373,37.376,海西蒙古族藏族自治州,德令哈市,,29,15,28,6,10,90,NA,97,91,2,2,10,9,0.4,0.4
2026-09-19T2100,2677A,106.1535,37.9648,吴忠市,教育园区,,39,39,47,18,21,84,NA,87,87,6,12,4,7,0.3,0.4
2026-09-19T2100,2679A,106.1851,37.9957,吴忠市,新区二泵站,颗粒物(PM10),55,57,45,18,18,78,NA,84,84,11,14,6,8,0.3,0.4
2026-09-19T2100,2682A,105.1965,37.4996,中卫市,环保局站,,27,12,66,10,21,86,NA,103,99,8,8,3,3,0.4,0.4
2026-09-19T2100,2684A,106.2753,36.0057,固原市,监测站,颗粒物(PM10),64,69,25,15,9,85,NA,80,80,9,6,7,7,0.6,0.6
2026-09-19T2100,2685A,106.2384,36.0189,固原市,新区,颗粒物(PM10),54,55,23,19,12,75,NA,75,75,14,7,6,6,0.4,0.5
2026-09-19T2100,2686A,89.1905,42.9419,吐鲁番市,市环保局,颗粒物(PM10),63,67,50,29,20,84,NA,96,96,24,15,7,6,0.6,0.4
2026-09-19T2100,2687A,89.1674,42.9558,吐鲁番市,地区环保局,颗粒物(PM10),68,75,52,35,12,77,NA,105,104,24,18,2,2,0.5,0.4
2026-09-19T2100,2688A,93.5124,42.8176,哈密市,地区监测站,颗粒物(PM10),66,72,34,36,15,52,NA,114,108,66,23,2,4,0.7,0.3
2026-09-19T2100,2689A,93.5014,42.8312,哈密市,哈密师范学校,颗粒物(PM10),60,64,35,39,17,58,NA,109,105,39,25,4,4,0.5,0.4
2026-09-19T2100,2692A,87.2722,44.0298,昌吉回族自治州,新区政务中心,,33,24,34,23,13,89,NA,101,101,10,23,7,8,0.3,0.5
2026-09-19T2100,2693A,82.0482,44.8553,博尔塔拉蒙古自治州,市党校,,48,48,67,20,11,105,NA,109,109,10,10,4,8,0.2,0.2
2026-09-19T2100,2694A,82.0805,44.8966,博尔塔拉蒙古自治州,市环保局,颗粒物(PM10),64,69,66,16,9,72,NA,108,107,36,15,8,6,0.7,0.3
2026-09-19T2100,2695A,80.2899,41.1684,阿克苏地区,电视台,颗粒物(PM10),108,140,265,57,96,87,NA,85,85,8,23,6,6,0.4,0.6
2026-09-19T2100,2696A,80.2592,41.1541,阿克苏地区,艺术中心,颗粒物(PM10),109,141,320,58,100,95,NA,94,94,10,31,5,6,0.2,0.5
2026-09-19T2100,2697A,76.1457,39.7143,克孜勒苏柯尔克孜自治州,市人民政府,颗粒物(PM10),83,95,58,48,28,104,NA,108,108,4,8,2,5,0.2,0.2
2026-09-19T2100,2698A,76.0071,39.466,喀什地区,巡警大队,颗粒物(PM10),69,76,74,37,29,106,NA,109,109,9,24,3,4,0.1,0.2
2026-09-19T2100,2699A,75.9756,39.4693,喀什地区,吾办,颗粒物(PM10),70,77,69,37,27,99,NA,105,105,8,16,4,3,0.3,0.4
2026-09-19T2100,2704A,81.3002,43.9177,伊犁哈萨克自治州,新政府片区,颗粒物(PM10),67,73,79,26,25,75,NA,92,92,31,34,6,7,0.7,0.8
2026-09-19T2100,2705A,81.3364,43.9409,伊犁哈萨克自治州,第二水厂,颗粒物(PM10),88,102,99,32,23,57,NA,100,99,39,32,7,7,0.6,0.6
2026-09-19T2100,2706A,82.9993,46.7432,塔城地区,东门外小游园,NA,NA,96,74,26,14,NA,NA,98,98,5,5,4,4,0.5,0.4
2026-09-19T2100,2708A,88.1266,47.8515,阿勒泰地区,市站,颗粒物(PM10),52,52,47,22,5,16,NA,78,68,61,21,2,1,0.5,0.3
2026-09-19T2100,2709A,86.0391,44.298,石河子市,艾青诗歌馆,,49,49,44,21,7,87,NA,114,114,27,15,8,8,0.6,0.4
2026-09-19T2100,2711A,87.5352,44.1606,五家渠市,农水大厦,颗粒物(PM10),51,51,63,24,15,75,NA,100,100,14,15,4,6,0.4,0.3
2026-09-19T2100,2809A,113.6668,24.7756,韶关市,大学路288号,,43,NA,43,30,31,43,NA,100,71,17,16,13,15,/,/
2026-09-19T2100,2835A,101.7222,26.567,攀枝花市,四十中小,,29,21,28,8,14,33,NA,61,50,22,14,32,40,2.9,1.2
2026-09-19T2100,2842A,118.0937,24.5054,厦门市,湖里中学,,44,44,43,24,23,110,NA,168,153,11,13,3,3,0.6,0.6
2026-09-19T2100,2845A,113.1561,36.1912,长治市,德盛苑,颗粒物(PM10),75,84,55,46,44,143,NA,171,166,13,10,16,13,1.2,1.1
2026-09-19T2100,2846A,113.3209,23.1323,广州市,体育西,NA,NA,53,46,39,27,102,NA,192,175,NA,37,6,7,0.9,0.8
2026-09-19T2100,2858A,117.7917,39.2473,天津市,河西一经路,颗粒物(PM10),57,59,41,21,19,99,NA,141,136,32,30,10,15,0.8,0.9
2026-09-19T2100,2859A,117.3747,38.9845,天津市,津沽路,颗粒物(PM10),78,89,48,44,21,61,NA,152,138,58,31,5,7,0.8,1
2026-09-19T2100,2860A,117.159,39.0844,天津市,宾水西道,,46,46,34,22,19,111,NA,161,155,20,13,4,5,0.5,0.5
2026-09-19T2100,2865A,112.7195,37.683,晋中市,榆次三中,NA,NA,NA,78,NA,57,119,NA,176,168,31,22,21,11,NA,0.8
2026-09-19T2100,2867A,111.1225,37.5093,吕梁市,马茂庄小学,颗粒物(PM10),80,92,65,38,32,50,NA,137,117,45,32,2,7,0.8,0.7
2026-09-19T2100,2868A,126.4737,43.953,吉林市,九站,细颗粒物(PM2.5),98,NA,38,59,19,48,NA,106,94,50,28,16,14,0.5,0.4
2026-09-19T2100,2869A,119.4472,32.4156,扬州市,五台山医院,,24,11,24,7,14,76,NA,69,69,5,11,9,9,0.6,0.7
2026-09-19T2100,2870A,119.4369,32.1891,镇江市,市疾控中心,,20,12,21,6,18,62,NA,65,65,10,15,4,5,0.6,0.7
2026-09-19T2100,2871A,121.6156,29.9015,宁波市,万里国际学校,,21,21,25,11,18,62,NA,74,74,17,17,8,9,0.6,0.6
2026-09-19T2100,2872A,120.7845,30.7524,嘉兴市,南湖区残联,,20,17,35,14,24,58,NA,147,128,11,15,6,7,0.1,0.2
2026-09-19T2100,2873A,120.083,30.8929,湖州市,仁皇山新区,,23,20,52,16,36,58,NA,122,110,16,26,6,7,0.5,0.7
2026-09-19T2100,2875A,115.783962,32.889217,阜阳市,阜阳职业技术学院,颗粒物(PM10),60,64,44,32,31,53,NA,87,82,22,12,4,4,0.6,0.5
2026-09-19T2100,2877A,119.1638,36.6524,潍坊市,坊子邮政,"颗粒物(PM10),细颗粒物(PM2.5)",74,83,52,47,31,118,NA,183,169,26,17,4,3,0.9,0.8
2026-09-19T2100,2880A,104.0219,30.6561,成都市,大石西路,,37,37,32,14,25,36,NA,47,47,12,20,4,4,0.5,0.7
2026-09-19T2100,2881A,107.8909,26.531,黔东南苗族侗族自治州,凯里学院,NA,NA,NA,19,28,19,90,NA,86,86,NA,3,4,4,0.4,0.5
2026-09-19T2100,2882A,102.5388,24.3703,玉溪市,玉溪一中,,35,35,18,16,10,34,NA,69,62,14,11,4,5,0.4,0.4
2026-09-19T2100,2883A,102.5382,24.339,玉溪市,文体中心,,33,29,19,23,11,42,NA,68,62,14,10,6,6,0.6,0.5
2026-09-19T2100,2884A,98.2672,39.7978,嘉峪关市,酒钢宾馆,,32,29,30,12,8,100,NA,111,111,10,14,5,11,0.2,0.6
2026-09-19T2100,2885A,104.9344,33.3827,陇南市,滨江中学,,44,44,30,14,6,32,NA,66,51,21,7,8,8,0.6,0.5
2026-09-19T2100,2894A,117.0561,32.6536,淮南市,经济技术开发区消防队,,30,30,31,10,24,37,NA,65,58,30,16,9,9,0.3,0.3
2026-09-19T2100,2897A,123.2429,41.7341,沈阳市,沈辽西路,颗粒物(PM10),68,74,50,37,19,63,NA,117,105,40,31,9,16,0.6,0.7
2026-09-19T2100,2900A,123.5951,41.9085,沈阳市,裕农路,,34,34,30,16,14,83,NA,111,106,22,19,8,11,0.4,0.7
2026-09-19T2100,2902A,106.6347,30.4868,广安市,北辰小学,,16,14,11,5,8,50,NA,61,61,7,8,9,9,0.6,0.6
2026-09-19T2100,2907A,120.1846,30.8592,湖州市,吴兴区站,,26,24,37,18,32,49,NA,115,98,16,18,7,7,0.8,0.8
2026-09-19T2100,2919A,116.7022,39.5454,廊坊市,河北工业大学,颗粒物(PM10),64,69,44,41,30,130,NA,156,155,15,22,3,2,0.5,0.4
2026-09-19T2100,2920A,117.71,24.5048,漳州市,蓝田镇,,48,48,55,28,31,119,NA,185,167,14,15,6,8,0.4,0.5
2026-09-19T2100,2921A,120.5482,30.0003,绍兴市,树下王站,,42,32,54,29,37,110,NA,134,129,17,26,4,4,0.8,0.8
2026-09-19T2100,2922A,117.194,39.1069,天津市,大理道,,39,36,34,20,19,123,NA,165,162,24,23,5,5,0.6,0.6
2026-09-19T2100,2924A,106.2266,38.4417,银川市,水乡路,,45,45,48,11,17,97,NA,78,78,9,16,5,7,0.4,0.5
2026-09-19T2100,2925A,106.2758,38.4841,银川市,上海东路,,33,33,35,10,19,103,NA,86,86,10,19,6,10,0.2,0.4
2026-09-19T2100,2926A,106.1016,38.4971,银川市,文昌北街,颗粒物(PM10),54,55,54,17,22,84,NA,80,80,13,25,4,5,0.4,0.5
2026-09-19T2100,2929A,114.8858,30.4519,黄冈市,红卫路,细颗粒物(PM2.5),54,49,35,37,27,148,NA,153,153,19,12,6,4,0.9,0.5
2026-09-19T2100,2996A,118.2781,33.9658,宿迁市,市供电局,,28,28,23,12,13,54,NA,93,80,20,14,5,4,0.8,0.7
2026-09-19T2100,2997A,119.8767,32.3291,泰州市,王营,,20,NA,11,8,9,63,NA,68,64,5,4,8,9,0.4,0.4
2026-09-19T2100,3000A,119.3577,34.6971,连云港市,德源药业,,36,36,29,12,8,55,NA,95,76,20,18,4,5,0.2,0.2
2026-09-19T2100,3002A,119.9701,31.813,常州市,行政中心,,28,23,21,19,18,36,NA,60,49,25,21,6,7,0.5,0.5
2026-09-19T2100,3003A,120.0434,31.7726,常州市,经开区,,25,25,31,13,16,44,NA,58,47,20,21,6,9,0.5,0.6
2026-09-19T2100,3004A,120.1543,33.3664,盐城市,宝龙广场,,15,12,14,10,9,47,NA,58,55,11,5,9,9,0.6,0.6
2026-09-19T2100,3005A,117.1812,34.29,徐州市,鼓楼区政府,,27,27,51,9,28,81,NA,110,102,6,14,6,7,0.8,0.9
2026-09-19T2100,3006A,117.1693,34.1781,徐州市,铜山区招生办,,34,34,48,9,24,66,NA,113,99,11,11,6,8,0.4,0.6
2026-09-19T2100,3007A,119.178,34.8442,连云港市,新城一中,NA,NA,35,26,13,9,51,NA,102,80,25,20,10,9,NA,0.3
2026-09-19T2100,3008A,119.3607,34.7519,连云港市,胡沟管理处,,22,19,15,9,3,70,NA,106,83,16,18,12,11,0.4,0.3
2026-09-19T2100,3009A,119.1478,34.5913,连云港市,矿山设计院,,22,22,21,12,10,65,NA,94,83,9,10,4,5,0.3,0.4
2026-09-19T2100,3010A,119.8919,31.7892,常州市,钟楼,,26,26,33,15,14,44,NA,68,57,13,15,8,9,0.4,0.5
2026-09-19T2100,3012A,112.1849,31.0361,荆门市,西山林语,颗粒物(PM10),51,51,36,30,32,101,NA,116,110,8,7,6,5,0.9,0.8
2026-09-19T2100,3014A,106.4958,29.5347,重庆市,歇台子,,34,34,25,19,8,64,NA,83,83,10,19,7,7,0.7,0.8
2026-09-19T2100,3015A,106.4067,29.5729,重庆市,龙井湾,,24,24,22,13,9,61,NA,97,95,11,15,8,8,0.8,0.8
2026-09-19T2100,3016A,106.5506,29.415,重庆市,龙洲湾,,39,39,24,23,9,54,NA,95,92,13,19,8,8,0.7,0.6
2026-09-19T2100,3018A,111.5048,36.1015,临汾市,唐尧大酒店,细颗粒物(PM2.5),84,95,71,52,38,114,NA,160,152,21,17,9,7,1.1,0.8
2026-09-19T2100,3020A,117.2096,39.1698,天津市,中山北路,颗粒物(PM10),51,51,46,25,21,117,NA,152,149,22,31,5,6,0.8,0.8
2026-09-19T2100,3021A,115,35.7667,濮阳市,濮水河管理处,细颗粒物(PM2.5),122,128,128,84,71,96,NA,171,150,22,21,4,5,0.9,0.9
2026-09-19T2100,3025A,113.0479,23.6343,清远市,技师学院,细颗粒物(PM2.5),76,72,62,48,41,140,NA,176,171,22,27,12,8,0.9,0.9
2026-09-19T2100,3026A,116.6179,23.6608,潮州市,市政府,颗粒物(PM10),59,62,43,34,27,137,NA,156,155,18,10,7,7,0.8,0.8
2026-09-19T2100,3028A,104.7765,29.3623,自贡市,檀木林体育馆,,19,17,14,5,6,59,NA,82,80,8,9,7,7,0.7,0.7
2026-09-19T2100,3033A,87.4652,43.4569,乌鲁木齐市,培训基地,,46,46,35,17,9,102,NA,111,111,5,4,4,4,0.4,0.4
2026-09-19T2100,3034A,113.1076,41.0385,乌兰察布市,光明街小学,,30,23,44,12,22,93,NA,131,123,9,19,3,5,0.4,0.4
2026-09-19T2100,3036A,118.6903,37.4337,东营市,开发区管委会,,38,38,40,21,19,118,NA,137,133,11,13,4,3,0.3,0.3
2026-09-19T2100,3038A,103.3757,23.3679,红河哈尼族彝族自治州,州图书馆,,26,26,14,14,12,56,NA,66,63,8,4,5,4,0.4,0.2
2026-09-19T2100,3039A,111.1911,34.7829,三门峡市,三门峡市第一小学,细颗粒物(PM2.5),52,50,58,36,39,118,NA,150,145,17,16,8,11,0.7,0.7
2026-09-19T2100,3045A,109.9647,33.8486,商洛市,商州区中学,细颗粒物(PM2.5),60,46,44,40,30,88,NA,100,96,21,25,5,11,0.4,0.5
2026-09-19T2100,3046A,115.9084,28.6062,南昌市,机电学校,细颗粒物(PM2.5),56,47,48,38,40,121,NA,142,141,10,8,9,9,0.7,0.8
2026-09-19T2100,3048A,119.5799,26.0937,福州市,九龙,,37,30,31,19,21,116,NA,164,147,9,10,6,7,0.3,0.4
2026-09-19T2100,3051A,117.385,39.1483,天津市,西四道,,50,50,42,21,20,88,NA,156,146,29,27,5,5,0.4,0.4
2026-09-19T2100,3054A,113.9194,35.2847,新乡市,市委党校,颗粒物(PM10),64,69,65,37,45,106,NA,161,151,27,23,8,10,0.6,0.7
2026-09-19T2100,3055A,101.7775,36.643,西宁市,城北区政府,,22,20,27,15,19,68,NA,69,69,11,22,6,9,0.7,1.1
2026-09-19T2100,3057A,121.5989,37.4016,烟台市,牟平检察院,,36,14,18,9,10,115,NA,124,120,5,10,4,4,0.3,0.3
2026-09-19T2100,3058A,119.2656,42.0356,赤峰市,银河街,颗粒物(PM10),53,53,48,21,27,99,NA,141,133,14,18,5,12,0.8,0.8
2026-09-19T2100,3059A,117.7181,36.205,济南市,泰兴公司,颗粒物(PM10),70,78,82,30,40,146,NA,205,190,26,32,6,5,0.4,0.6
2026-09-19T2100,3061A,119.7511,49.1576,呼伦贝尔市,国华电力东,,25,24,25,17,12,36,NA,42,42,11,7,4,4,0.3,0.3
2026-09-19T2100,3064A,117.6861,36.2172,济南市,莱芜战役纪念馆,颗粒物(PM10),70,78,77,31,41,154,NA,207,197,23,26,10,9,0.5,0.6
2026-09-19T2100,3065A,101.9534,29.9976,甘孜藏族自治州,州环保局,,25,25,19,7,2,20,NA,58,51,23,10,3,3,0.2,0.1
2026-09-19T2100,3066A,116.2722,37.438,德州市,九衢泉纯净水厂,颗粒物(PM10),113,153,63,52,30,50,NA,172,145,99,26,NA,10,0.8,0.5
2026-09-19T2100,3109A,115.0094,25.8614,赣州市,赣县区卫计委,细颗粒物(PM2.5),62,55,44,41,34,110,NA,126,114,7,9,2,4,0.8,0.8
2026-09-19T2100,3123A,105.9408,26.2431,安顺市,凤凰山,,29,27,18,20,13,59,NA,65,64,6,4,3,3,0.5,0.5
2026-09-19T2100,3124A,105.9443,26.2567,安顺市,金钟山,,27,27,17,18,12,62,NA,69,68,6,4,6,5,0.4,0.4
2026-09-19T2100,3125A,105.8983,26.248,安顺市,娄家坡,,23,20,16,16,12,57,NA,57,NA,4,3,6,6,0.4,0.4
2026-09-19T2100,3131A,114.878,40.7992,张家口市,烟厂,颗粒物(PM10),70,77,64,32,36,101,NA,144,128,17,16,/,/,/,/
2026-09-19T2100,3132A,119.5979,39.938,秦皇岛市,文明里,NA,NA,NA,NA,NA,NA,NA,NA,NA,NA,NA,NA,NA,NA,NA,NA
2026-09-19T2100,3133A,106.5469,29.5655,重庆市,上清寺,,25,24,17,17,8,52,NA,80,78,16,21,3,3,0.7,0.7
2026-09-19T2100,3134A,113.8172,34.0339,许昌市,市一中,颗粒物(PM10),72,80,90,44,61,94,NA,110,106,16,17,6,7,0.6,0.7
2026-09-19T2100,3136A,104.2724,30.559,成都市,龙泉驿区区政府,,18,14,23,12,24,39,NA,52,52,14,19,4,4,0.7,0.8
2026-09-19T2100,3138A,111.7152,29.0288,常德市,武陵区永安,细颗粒物(PM2.5),54,43,35,37,29,86,NA,98,98,13,11,8,8,0.8,0.7
2026-09-19T2100,3139A,111.6891,28.9881,常德市,鼎城区玉霞,,48,36,34,33,28,73,NA,101,100,15,11,9,8,0.9,0.8
2026-09-19T2100,3140A,111.6651,29.0526,常德市,武陵区长庚,,46,46,35,31,29,92,NA,100,100,8,8,7,7,0.9,0.9
2026-09-19T2100,3141A,114.3921,36.0879,安阳市,信访局,细颗粒物(PM2.5),108,94,95,68,62,172,NA,209,204,19,21,4,9,0.8,1
2026-09-19T2100,3147A,114.3434,34.8101,开封市,龙亭公园,颗粒物(PM10),101,122,102,36,47,100,NA,146,137,14,20,4,6,0.9,0.9
2026-09-19T2100,3148A,103.829,30.0563,眉山市,区人社局,NA,NA,47,40,18,18,NA,NA,68,67,26,17,8,9,1.1,1
2026-09-19T2100,3149A,115.0174,30.1591,黄石市,笔架山北路,颗粒物(PM10),61,65,70,38,32,123,NA,142,142,13,13,9,12,1.0,1.1
2026-09-19T2100,3151A,114.375,27.8096,宜春市,宜春学院北校区,细颗粒物(PM2.5),105,87,69,65,54,104,NA,129,129,14,15,6,7,1.3,1.4
2026-09-19T2100,3153A,114.3876,30.4908,武汉市,民族大道182号,细颗粒物(PM2.5),60,42,34,40,30,105,NA,136,132,24,15,6,6,1.2,1
2026-09-19T2100,3164A,119.4682,32.394,扬州市,广陵建设局,,22,16,26,6,18,68,NA,64,64,9,18,9,10,0.2,0.3
2026-09-19T2100,3171A,115.6069,34.4465,商丘市,梁园区档案局,,34,34,45,18,26,82,NA,120,107,21,11,5,6,0.5,0.4
2026-09-19T2100,3173A,117.0598,30.5351,安庆市,市人大,,43,43,31,27,21,113,NA,133,130,13,12,6,7,0.7,0.8
2026-09-19T2100,3178A,119.0587,36.7209,潍坊市,潍坊七中,颗粒物(PM10),60,63,49,38,26,128,NA,178,165,22,17,6,6,0.6,0.6
2026-09-19T2100,3179A,102.7491,25.012,昆明市,官渡区博物馆,NA,NA,NA,20,18,7,61,NA,77,76,15,10,4,4,0.4,0.3
2026-09-19T2100,3180A,99.7122,27.8129,迪庆藏族自治州,质量技术监督局,,20,19,13,12,6,61,NA,78,76,9,10,6,6,0.3,0.2
2026-09-19T2100,3181A,106.776805,31.852614,巴中市,市五中,,14,14,16,4,3,21,NA,39,32,8,8,11,12,0.7,0.8
2026-09-19T2100,3183A,106.7419,31.8654,巴中市,圣泉水务公司,,13,10,25,9,3,12,NA,46,39,16,8,12,12,0.8,0.7
2026-09-19T2100,3187A,116.9508,33.666,宿州市,远航博物馆,,38,38,42,19,27,55,NA,86,79,22,21,7,7,0.7,0.6
2026-09-19T2100,3188A,115.6684,37.7216,衡水市,市城管局,颗粒物(PM10),109,141,88,57,39,114,NA,172,165,39,18,5,8,0.7,0.5
2026-09-19T2100,3190A,116.0254,29.6995,九江市,外国语学校,细颗粒物(PM2.5),103,80,44,63,42,122,NA,137,136,35,17,8,7,1.0,0.7
2026-09-19T2100,3191A,118.3243,33.95,宿迁市,宿豫区政府,,30,30,23,16,14,60,NA,94,82,16,9,5,5,0.7,0.6
2026-09-19T2100,3192A,80.0906,32.5029,阿里地区,阿里藏医院,,49,8,11,3,4,156,NA,156,156,3,3,2,2,0.2,0.2
2026-09-19T2100,3194A,112.2749,30.3124,荆州市,管委会,,50,42,39,35,37,68,NA,111,108,24,13,6,6,0.6,0.6
2026-09-19T2100,3195A,119.3649,32.3961,扬州市,市体育局,,24,12,26,4,17,74,NA,70,70,4,10,8,8,0.3,0.5
2026-09-19T2100,3200A,115.9772,36.4986,聊城市,监控中心,细颗粒物(PM2.5),119,124,118,80,94,122,NA,233,214,43,35,7,7,0.6,0.5
2026-09-19T2100,3206A,114.9148,27.8069,新余市,新钢沁园村,细颗粒物(PM2.5),64,51,53,42,43,117,NA,155,147,16,14,12,13,0.6,0.6
2026-09-19T2100,3207A,118.31131,32.3033,滁州市,市政府原办公楼,,29,21,24,20,28,57,NA,75,73,11,13,6,6,0.4,0.4
2026-09-19T2100,3208A,112.7279,38.4157,忻州市,市政府,细颗粒物(PM2.5),92,98,64,56,41,59,NA,154,143,60,28,6,7,1.0,0.8
2026-09-19T2100,3209A,119.5231,26.6562,宁德市,宁德一中,,46,40,35,32,25,145,NA,161,160,6,8,5,6,0.4,0.5
2026-09-19T2100,3210A,114.3645,34.7955,开封市,汴京公园,颗粒物(PM10),97,115,109,38,51,100,NA,144,136,12,23,6,8,0.4,0.4
2026-09-19T2100,3216A,117.662,24.5187,漳州市,漳州党校,,48,48,52,21,30,124,NA,177,168,14,15,/,/,/,/
2026-09-19T2100,3237A,117.4918,30.6617,池州市,展览馆,,41,41,43,24,28,94,NA,136,130,16,17,4,5,0.6,0.7
2026-09-19T2100,3241A,103.7439,36.0841,兰州市,百合公园,,44,44,35,21,13,51,NA,70,69,34,28,10,6,0.5,0.4
2026-09-19T2100,3242A,103.9613,35.9985,兰州市,和平,,28,28,21,12,11,80,NA,81,81,11,10,13,10,0.4,0.4
2026-09-19T2100,3247A,104.9551,33.3709,陇南市,市总工会,,16,16,22,4,5,44,NA,68,54,6,5,8,8,0.5,0.4
2026-09-19T2100,3248A,98.2644,39.7723,嘉峪关市,雄关区,,41,41,33,11,8,97,NA,114,113,14,12,3,4,0.3,0.4
2026-09-19T2100,3265A,121.4242,31.3303,上海市,宝山庙行,,28,28,29,15,17,41,NA,70,43,35,25,8,8,0.6,0.6
2026-09-19T2100,3266A,121.8789,31.4662,上海市,崇明上实东滩,,29,15,21,10,14,90,NA,86,86,4,4,10,9,0.3,0.3
2026-09-19T2100,3268A,121.316,31.2839,上海市,嘉定南翔,,40,37,25,28,19,18,NA,70,58,45,23,8,8,0.4,0.4
2026-09-19T2100,3269A,121.3357,30.7455,上海市,金山新城,,20,19,29,14,20,41,NA,72,59,15,20,3,4,0.4,0.7
2026-09-19T2100,3270A,121.4996,31.0741,上海市,闵行浦江,,25,22,22,17,17,58,NA,68,64,13,11,6,6,0.4,0.4
2026-09-19T2100,3271A,121.2886,31.1663,上海市,青浦徐泾,,22,22,26,15,20,46,NA,79,68,21,18,6,6,0.5,0.5
2026-09-19T2100,3272A,121.2193,31.0382,上海市,松江图书馆,,24,24,37,14,23,59,NA,94,81,21,24,6,7,0.5,0.5
2026-09-19T2100,3273A,121.3904,31.206,上海市,长宁仙霞,,26,23,25,18,19,53,NA,74,61,25,23,6,6,0.3,0.3
2026-09-19T2100,3274A,121.7964,31.0507,上海市,浦东惠南,,28,14,25,9,17,87,NA,70,70,11,21,10,10,0.5,0.6
2026-09-19T2100,3282A,113.3399,40.0586,大同市,大同市卫生学校,颗粒物(PM10),58,61,68,22,37,94,NA,140,134,16,24,10,14,0.4,0.6
2026-09-19T2100,3283A,109.9154,40.5684,包头市,滨河大厦,,30,NA,27,21,24,72,NA,113,106,17,24,6,8,0.3,0.4
2026-09-19T2100,3284A,106.8129,39.7274,乌海市,海北新区,NA,NA,31,53,19,16,NA,NA,92,92,7,16,8,18,0.3,0.6
2026-09-19T2100,3285A,113.1383,40.9513,乌兰察布市,北京八中,,30,25,50,7,19,95,NA,133,125,10,22,6,5,0.2,0.4
2026-09-19T2100,3286A,118.9359,42.3146,赤峰市,桥北物流园区,,34,24,43,20,27,106,NA,152,131,12,29,5,11,0.7,0.8
2026-09-19T2100,3287A,119.3842,32.198,镇江市,富润路1号,,18,15,25,12,23,54,NA,65,62,17,25,7,7,0.2,0.3
2026-09-19T2100,3288A,117.4619,34.4368,徐州市,大泉街道,颗粒物(PM10),59,62,62,25,36,75,NA,124,110,11,18,7,6,0.6,0.7
2026-09-19T2100,3289A,120.7431,31.3188,苏州市,方洲路,,18,17,25,12,19,53,NA,103,81,17,15,8,7,0.6,0.6
2026-09-19T2100,3290A,120.4979,31.2777,苏州市,木渎中学,,18,13,28,8,21,56,NA,130,105,17,19,5,6,0.8,0.9
2026-09-19T2100,3291A,121.0631,32.0644,南通市,通州监测站,,23,9,10,8,8,71,NA,74,74,4,3,1,2,0.7,0.6
2026-09-19T2100,3293A,120.1518,33.3369,盐城市,月亮广场,,17,16,19,10,11,52,NA,77,73,8,6,10,10,0.6,0.6
2026-09-19T2100,3294A,119.565282,32.422263,扬州市,引江管理处,,23,15,20,9,15,71,NA,65,65,1,7,3,4,0.5,0.7
2026-09-19T2100,3295A,120.1226,32.515,泰州市,姜堰区政府广场,,23,11,17,9,9,71,NA,80,79,5,4,6,6,0.5,0.5
2026-09-19T2100,3298A,113.5718,23.5493,广州市,从化街口,细颗粒物(PM2.5),62,59,56,41,40,21,NA,126,83,28,17,7,8,0.8,0.7
2026-09-19T2100,3299A,113.3463,23.369,广州市,白云竹料,细颗粒物(PM2.5),90,80,59,55,39,51,NA,160,126,40,25,5,5,1.1,0.8
2026-09-19T2100,3300A,113.2981,23.2365,广州市,白云嘉禾,,50,50,49,32,29,91,NA,150,128,38,35,4,5,/,/
2026-09-19T2100,3301A,113.4256,23.1716,广州市,黄埔科学城,细颗粒物(PM2.5),68,59,48,44,33,58,NA,152,125,28,22,6,7,0.9,0.8
2026-09-19T2100,3302A,113.3942,23.0485,广州市,番禺大学城,细颗粒物(PM2.5),66,52,48,43,29,121,NA,223,208,45,24,6,7,0.7,0.6
2026-09-19T2100,3303A,113.4923,22.8169,广州市,南沙黄阁,颗粒物(PM10),52,52,48,17,26,144,NA,234,222,18,24,9,10,/,/
2026-09-19T2100,3304A,113.534,22.7893,广州市,南沙街,颗粒物(PM10),52,52,46,20,27,136,NA,211,197,15,21,9,9,0.7,0.7
2026-09-19T2100,3305A,114.0614,22.556,深圳市,莲花,,38,34,32,20,18,120,NA,138,134,14,12,/,/,/,/
2026-09-19T2100,3306A,114.0144,22.6163,深圳市,民治,,40,32,40,23,20,128,NA,166,162,16,22,/,/,/,/
2026-09-19T2100,3307A,114.1756,22.6421,深圳市,横岗,,45,38,32,20,16,144,NA,186,174,21,14,/,/,/,/
2026-09-19T2100,3308A,113.3493,22.0572,珠海市,金湾,,42,31,29,21,17,134,NA,146,146,11,8,/,/,0.5,0.4
2026-09-19T2100,3311A,113.1077,22.5647,江门市,江海富民,颗粒物(PM10),65,70,60,26,22,131,NA,184,171,15,15,/,/,0.4,0.3
2026-09-19T2100,3313A,112.4572,23.0163,肇庆市,高要湖西,细颗粒物(PM2.5),58,57,53,39,40,144,NA,182,178,9,13,6,8,0.6,0.6
2026-09-19T2100,3314A,114.4334,22.8134,惠州市,惠阳秋长,,50,41,40,21,22,158,NA,158,158,5,8,/,/,/,/
2026-09-19T2100,3315A,116.1234,24.2994,梅州市,梅龙,细颗粒物(PM2.5),76,63,38,48,25,53,NA,117,96,21,10,10,9,0.9,0.7
2026-09-19T2100,3317A,111.9785,21.8954,阳江市,两阳中学,,40,23,33,16,21,127,NA,107,107,10,12,/,/,0.5,0.5
2026-09-19T2100,3318A,112.9898,23.7403,清远市,清新太和,颗粒物(PM10),55,57,64,30,38,113,NA,142,125,8,12,9,10,0.7,0.7
2026-09-19T2100,3319A,113.7283,23.041,东莞市,万江金泰,细颗粒物(PM2.5),60,57,43,40,28,150,NA,162,156,18,14,6,6,0.9,0.7
2026-09-19T2100,3320A,116.4028,23.5699,揭阳市,曲溪,颗粒物(PM10),52,52,47,27,26,128,NA,174,165,10,12,8,12,0.8,0.7
2026-09-19T2100,3323A,115.2772,40.9723,张家口市,青少年活动中心,,28,23,34,19,25,81,NA,142,126,12,7,3,2,0.1,0.1
2026-09-19T2100,3324A,116.8011,38.294,沧州市,河北水利电力学院,细颗粒物(PM2.5),76,83,41,48,24,84,NA,137,129,27,14,6,7,0.6,0.3
2026-09-19T2100,3325A,117.0362,39.3827,天津市,雍阳西道,颗粒物(PM10),69,76,47,30,21,132,NA,150,150,14,21,7,7,0.6,0.6
2026-09-19T2100,3326A,117.0291,39.0612,天津市,辛老路,颗粒物(PM10),68,75,44,31,22,97,NA,161,151,24,21,4,4,0.7,0.6
2026-09-19T2100,3327A,116.9638,38.9374,天津市,地纬路,颗粒物(PM10),54,55,43,25,21,103,NA,156,147,18,20,7,7,0.7,0.8
2026-09-19T2100,3328A,118.4209,31.3704,芜湖市,市气象局,,43,43,41,22,29,56,NA,131,112,23,35,8,10,0.5,0.8
2026-09-19T2100,3329A,117.011,32.5891,淮南市,山南新区,,25,25,27,17,25,46,NA,72,66,19,14,4,4,0.2,0.2
2026-09-19T2100,3331A,118.3268,32.2633,滁州市,图书馆,,19,13,23,10,19,58,NA,71,68,9,13,6,6,0.3,0.3
2026-09-19T2100,3332A,115.7631,33.803,亳州市,亳州学院,,50,44,40,35,28,78,NA,105,100,11,9,4,4,0.4,0.4
2026-09-19T2100,3333A,117.5626,30.695,池州市,第八中学,,38,38,43,24,29,105,NA,144,140,16,21,6,7,0.7,0.8
2026-09-19T2100,3334A,117.5037,30.6242,池州市,第十二中学,,45,39,42,31,30,91,NA,151,145,19,20,4,5,1.0,1.1
2026-09-19T2100,3335A,113.3137,35.2643,焦作市,马村街道办,颗粒物(PM10),64,69,77,39,43,107,NA,167,151,17,16,4,4,0.6,0.7
2026-09-19T2100,3336A,113.2464,35.2374,焦作市,焦作技师学院,"颗粒物(PM10),细颗粒物(PM2.5)",70,78,68,45,37,111,NA,168,151,17,11,6,8,0.5,0.6
2026-09-19T2100,3337A,113.8611,34.0443,许昌市,许昌学院,细颗粒物(PM2.5),72,79,101,46,60,93,NA,117,111,20,19,7,8,0.5,0.5
2026-09-19T2100,3338A,113.8428,34.0825,许昌市,芙蓉广场,细颗粒物(PM2.5),78,53,92,49,61,94,NA,114,111,12,15,6,8,0.6,0.7
2026-09-19T2100,3339A,114.0002,33.0404,驻马店市,小管楼,细颗粒物(PM2.5),52,48,46,36,35,65,NA,113,104,21,16,3,3,0.3,0.3
2026-09-19T2100,3340A,112.6005,34.6323,洛阳市,伊滨,细颗粒物(PM2.5),115,83,73,76,50,99,NA,132,125,24,20,5,7,0.6,0.6
2026-09-19T2100,3341A,112.495,34.6338,洛阳市,中移产业园,细颗粒物(PM2.5),114,102,80,75,57,94,NA,150,141,26,19,15,12,0.8,0.8
2026-09-19T2100,3342A,128.7948,47.7291,伊春市,中心小学,,45,NA,30,31,19,54,NA,100,72,8,17,1,1,0.8,0.9
2026-09-19T2100,3343A,128.6736,47.729,伊春市,检察院,颗粒物(PM10),54,55,42,22,16,41,NA,107,81,14,10,4,4,0.4,0.4
2026-09-19T2100,3345A,131.0413,45.7795,七台河市,中波台,,31,31,17,11,9,47,NA,85,77,11,8,3,4,0.5,0.4
2026-09-19T2100,3346A,108.3871,31.1627,重庆市,安康,,21,21,10,13,7,8,NA,28,25,15,11,8,8,0.8,0.8
2026-09-19T2100,3347A,105.8983,29.36,重庆市,北山路,,24,21,19,12,13,74,NA,82,82,7,14,8,8,0.5,0.6
2026-09-19T2100,3350A,106.648859,29.023807,重庆市,滩子口,,40,40,28,24,15,72,NA,94,93,9,12,12,11,0.7,0.5
2026-09-19T2100,3351A,105.7164,29.7077,重庆市,棠香,,24,22,14,14,8,74,NA,80,80,6,7,6,8,0.8,0.8
2026-09-19T2100,3352A,107.0733,29.8618,重庆市,桃源西路,,27,27,22,11,10,40,NA,53,53,8,10,5,9,0.6,0.6
2026-09-19T2100,3353A,107.3536,29.7283,重庆市,迎宾大道,,30,30,16,10,7,43,NA,68,68,13,12,2,2,0.6,0.5
2026-09-19T2100,3354A,108.8152,29.5079,重庆市,舟白,,22,22,19,4,4,45,NA,53,52,9,8,6,6,0.4,0.4
2026-09-19T2100,3355A,108.3679,30.8429,重庆市,周家坝,,39,39,18,14,7,13,NA,64,58,38,14,2,3,1.0,0.6
2026-09-19T2100,3356A,108.4323,30.7554,重庆市,百安坝,,34,34,18,13,6,39,NA,66,64,14,12,10,9,0.6,0.5
2026-09-19T2100,3357A,104.0028,30.6891,成都市,金博路,,32,32,21,14,21,29,NA,43,43,13,21,2,2,1.0,1.1
2026-09-19T2100,3359A,104.056,30.5228,成都市,华阳,,30,24,26,21,24,34,NA,36,34,15,22,2,2,0.8,0.9
2026-09-19T2100,3360A,104.7894,29.3197,自贡市,南湖救助站,,19,19,19,8,9,54,NA,87,83,10,9,10,9,0.9,0.9
2026-09-19T2100,3361A,103.7313,29.563,乐山市,理工大学,,21,21,20,13,15,46,NA,63,62,9,6,8,9,0.8,0.7
2026-09-19T2100,3363A,117.9883,36.8372,淄博市,新区,颗粒物(PM10),56,58,48,22,33,97,NA,154,143,30,35,7,6,0.6,0.6
2026-09-19T2100,3364A,117.316,34.8106,枣庄市,市环保局,颗粒物(PM10),58,61,64,27,31,93,NA,143,133,18,17,5,10,0.5,0.5
2026-09-19T2100,3365A,118.5721,37.5654,东营市,垦利区民丰路,,36,36,26,17,7,89,NA,131,116,18,12,5,4,0.3,0.3
2026-09-19T2100,3366A,121.5202,37.4336,烟台市,中国农业大学,,32,22,24,11,11,102,NA,123,113,10,12,7,8,0.2,0.2
2026-09-19T2100,3368A,119.1978,36.6871,潍坊市,高新实验学校,颗粒物(PM10),68,75,56,34,24,108,NA,185,166,24,17,8,7,0.8,0.8
2026-09-19T2100,3370A,118.3563,35.0215,临沂市,十里堡居委,,34,34,30,19,14,83,NA,152,137,19,17,10,10,0.6,0.6
2026-09-19T2100,3371A,116.3693,37.44,德州市,开发区人民医院,颗粒物(PM10),62,66,53,35,30,114,NA,175,163,30,20,7,9,0.6,0.5
2026-09-19T2100,3374A,115.5562,35.089,菏泽市,定陶老年大学,颗粒物(PM10),93,110,87,50,43,92,NA,169,156,25,18,6,6,0.6,0.4
2026-09-19T2100,3375A,102.8016,24.8336,昆明市,青年创业园,,25,25,11,11,8,51,NA,81,78,22,9,4,4,0.6,0.6
2026-09-19T2100,3376A,103.7926,25.4651,曲靖市,南苑二区,,19,19,11,11,7,42,NA,62,58,13,7,4,4,0.5,0.5
2026-09-19T2100,3377A,103.7442,25.5259,曲靖市,曲靖师范学院,,30,30,13,7,6,44,NA,64,61,8,6,5,4,0.4,0.4
2026-09-19T2100,3379A,122.1122,40.2275,营口市,鲅鱼圈市民活动中心,,42,42,32,19,15,83,NA,119,114,14,16,4,4,0.6,0.5
2026-09-19T2100,3380A,102.8915,34.9618,甘南藏族自治州,甘肃民族师范学院,,26,21,31,9,14,82,NA,82,82,10,20,7,8,0.4,0.4
2026-09-19T2100,3396A,112.0764,32.0089,襄阳市,襄城隆中路,,49,47,35,34,27,60,NA,104,96,20,13,8,8,0.7,0.6
2026-09-19T2100,3397A,112.1154,32.103,襄阳市,高新台子湾,细颗粒物(PM2.5),70,50,32,45,34,71,NA,106,102,18,13,6,6,0.7,0.6
2026-09-19T2100,3398A,114.9134,30.4446,黄冈市,市林业局,NA,NA,49,34,34,21,144,NA,142,142,13,9,NA,5,0.9,0.5
2026-09-19T2100,3399A,112.6703,26.8817,衡阳市,师范学院,细颗粒物(PM2.5),78,65,45,49,33,82,NA,94,94,10,7,8,6,1.0,0.9
2026-09-19T2100,3400A,109.1844,21.4396,北海市,龙潭自来水厂,,33,33,39,15,23,75,NA,141,125,7,8,11,10,0.5,0.6
2026-09-19T2100,3401A,108.4829,22.762,南宁市,红星社区,颗粒物(PM10),80,92,43,47,31,94,NA,135,129,14,17,11,10,0.9,0.9
2026-09-19T2100,3402A,109.5422,24.3994,柳州市,市二中,,38,28,38,26,27,84,NA,121,117,13,17,9,9,0.9,0.9
2026-09-19T2100,3404A,108.5959,21.9634,钦州市,北职校,NA,NA,NA,47,NA,23,NA,NA,71,NA,NA,15,NA,11,NA,0.6
2026-09-19T2100,3405A,109.5886,23.1172,贵港市,新世纪学校,细颗粒物(PM2.5),70,63,58,45,41,97,NA,158,146,22,18,/,/,0.8,0.8
2026-09-19T2100,3407A,120.6915,30.7741,嘉兴市,秀洲住建,,26,26,35,18,25,68,NA,136,126,17,15,6,6,0.2,0.3
2026-09-19T2100,3408A,120.5685,29.936,绍兴市,绍兴中专,颗粒物(PM10),55,56,58,34,39,115,NA,153,144,17,23,7,7,0.9,0.8
2026-09-19T2100,3409A,120.4905,30.086,绍兴市,柯桥区政府,,44,44,50,27,38,103,NA,134,130,13,18,7,8,0.6,0.6
2026-09-19T2100,3410A,120.8751,30.0249,绍兴市,重华小学,,39,39,53,24,37,108,NA,134,128,13,21,6,6,0.5,0.5
2026-09-19T2100,3411A,120.837,30.0137,绍兴市,上虞中学,,44,44,60,28,39,104,NA,134,127,19,32,4,4,0.8,0.7
2026-09-19T2100,3416A,119.1758,36.7139,潍坊市,潍坊学院,颗粒物(PM10),63,68,51,30,25,107,NA,182,161,35,20,7,7,0.5,0.5
2026-09-19T2100,3418A,116.8336,40.4095,北京市,密云新城,,46,46,40,24,19,86,NA,144,136,16,14,3,4,0.6,0.5
2026-09-19T2100,3419A,109.9449,40.6259,包头市,包头市委党校,,25,NA,33,16,23,78,NA,111,105,15,24,3,8,0.5,0.6
2026-09-19T2100,3421A,113.1776,40.9779,乌兰察布市,市委党校,,31,23,46,14,26,99,NA,144,133,11,29,21,6,0.4,0.5
2026-09-19T2100,3422A,118.8443,31.919,南京市,江宁彩虹桥,,45,45,36,13,22,53,NA,97,79,10,18,5,5,0.3,0.4
2026-09-19T2100,3425A,120.642,31.1733,苏州市,越秀幼儿园,,25,25,33,13,27,52,NA,116,95,13,17,4,5,0.6,0.7
2026-09-19T2100,3426A,118.8757,33.2897,淮安市,新华书店,,20,16,23,8,10,62,NA,76,75,13,11,9,10,0.5,0.6
2026-09-19T2100,3427A,118.8497,32.3599,南京市,六合雄州,,17,17,28,6,16,49,NA,67,61,9,14,4,4,0.7,0.7
2026-09-19T2100,3429A,119.8595,31.706,常州市,武进经发区,,27,27,33,12,15,32,NA,72,52,21,24,6,8,0.7,0.7
2026-09-19T2100,3430A,119.5812,31.7256,常州市,金坛城区,,19,8,25,6,20,59,NA,85,73,9,17,2,4,0.4,0.5
2026-09-19T2100,3431A,120.6502,31.4117,苏州市,高铁新城,,19,14,31,7,19,60,NA,98,79,16,22,7,7,0.5,0.7
2026-09-19T2100,3432A,120.9348,31.9874,南通市,环境教育馆,,18,7,11,6,9,56,NA,66,66,9,9,5,5,0.3,0.4
2026-09-19T2100,3434A,119.2414,34.6539,连云港市,工贸学校,,26,19,19,11,9,81,NA,107,95,5,7,7,9,0.3,0.4
2026-09-19T2100,3435A,119.9186,32.4322,泰州市,周山河街区,,20,14,16,11,11,63,NA,70,67,8,9,10,10,0.6,0.6
2026-09-19T2100,3436A,120.4283,33.2048,盐城市,大丰高级中学,,26,22,11,18,10,41,NA,89,79,23,8,7,7,0.6,0.6
2026-09-19T2100,3437A,88.3088,43.3637,乌鲁木齐市,达坂城区环保局,,35,24,27,13,10,112,NA,114,114,8,6,3,8,0.2,0.2
2026-09-19T2100,3438A,87.6132,43.8791,乌鲁木齐市,红光山片区,,43,43,47,12,20,82,NA,104,104,26,31,3,4,0.1,0.1
2026-09-19T2100,3439A,87.7008,43.8003,乌鲁木齐市,新师大温泉校区,,48,48,61,18,16,83,NA,117,116,20,14,10,10,0.3,0.3
2026-09-19T2100,3440A,87.4892,43.84,乌鲁木齐市,大绿谷,,42,42,58,23,16,74,NA,102,102,34,30,1,2,0.3,0.4
2026-09-19T2100,3441A,87.5461,44.1909,五家渠市,经开区管委会,,46,46,66,12,12,82,NA,98,98,13,17,2,4,0.3,0.4
2026-09-19T2100,3442A,86.047,44.2331,石河子市,南区管委会,颗粒物(PM10),85,99,53,24,7,81,NA,112,112,33,13,8,6,0.3,0.3
2026-09-19T2100,3443A,113.2905,23.5541,广州市,花都梯面,,50,48,50,35,33,55,NA,128,107,27,25,5,6,/,/
2026-09-19T2100,3444A,116.4539,23.2684,汕头市,潮南峡山,,38,36,37,19,23,120,NA,167,155,11,12,8,9,0.6,0.7
2026-09-19T2100,3445A,113.786,23.7479,广州市,从化良口,细颗粒物(PM2.5),52,38,36,36,29,56,NA,101,88,8,10,6,6,/,/
2026-09-19T2100,3446A,113.805,23.2614,广州市,增城荔城,,47,47,49,29,34,47,NA,134,114,21,16,8,11,0.7,0.6
2026-09-19T2100,3447A,114.344,22.7115,深圳市,坪山,,49,33,36,20,21,154,NA,161,150,12,15,5,5,0.6,0.7
2026-09-19T2100,3448A,113.5436,22.1163,珠海市,横琴,颗粒物(PM10),53,53,34,35,17,133,NA,152,150,10,12,/,/,/,/
2026-09-19T2100,3449A,113.0496,22.4669,江门市,新会银湖,,41,39,33,22,21,130,NA,150,146,13,20,7,5,0.7,0.7
2026-09-19T2100,3450A,111.0101,21.5165,茂名市,电白水东,,19,14,25,10,21,58,NA,92,72,6,7,5,6,/,/
2026-09-19T2100,3451A,112.5617,23.2082,肇庆市,鼎湖凤凰,,50,50,49,35,35,110,NA,197,179,13,12,8,9,/,/
2026-09-19T2100,3452A,114.6521,22.7755,惠州市,大亚湾霞涌,,44,38,32,27,20,138,NA,156,156,12,11,/,/,/,/
2026-09-19T2100,3453A,112.0125,21.8749,阳江市,阳东陶然,,40,26,31,12,20,128,NA,109,109,8,10,6,6,0.3,0.4
2026-09-19T2100,3454A,113.3527,22.4781,中山市,中山南区,,44,29,28,13,18,139,NA,156,156,12,11,7,7,0.6,0.5
2026-09-19T2100,3455A,113.076,23.72,清远市,清城东城,细颗粒物(PM2.5),106,100,57,66,38,75,NA,136,119,19,15,/,/,/,/
2026-09-19T2100,3456A,114.2887,38.0905,石家庄市,鹿泉一中,细颗粒物(PM2.5),108,89,95,68,65,129,NA,161,159,10,11,2,3,0.4,0.5
2026-09-19T2100,3457A,118.4357,39.277,唐山市,冀东油田职工医院,颗粒物(PM10),66,72,49,29,21,136,NA,150,150,17,18,4,4,0.5,0.4
2026-09-19T2100,3458A,114.7893,36.5592,邯郸市,香泉濮院小区,细颗粒物(PM2.5),111,112,111,72,85,134,NA,192,183,38,26,3,4,0.7,0.7
2026-09-19T2100,3459A,115.599,37.5491,衡水市,地表水厂,颗粒物(PM10),99,118,87,50,40,88,NA,168,158,35,18,4,2,0.6,0.5
2026-09-19T2100,3460A,117.4065,40.0583,天津市,北环路,,47,47,33,22,15,88,NA,131,122,9,8,5,6,0.3,0.2
2026-09-19T2100,3461A,117.3041,39.7167,天津市,建设路,颗粒物(PM10),70,78,48,37,23,96,NA,142,137,31,28,11,10,0.8,0.7
2026-09-19T2100,3462A,117.8201,39.3519,天津市,滨水东路,,41,41,48,20,21,87,NA,139,131,47,25,9,10,0.6,0.7
2026-09-19T2100,3463A,116.9708,33.5911,宿州市,社会福利中心,,32,25,35,22,28,43,NA,84,71,32,24,6,7,0.4,0.5
2026-09-19T2100,3464A,117.3802,31.9148,合肥市,高教基地,,19,19,38,8,22,45,NA,91,81,11,13,7,7,0.6,0.7
2026-09-19T2100,3465A,118.4783,31.3226,芜湖市,清苑社区,,40,40,43,27,26,29,NA,149,118,44,38,6,8,0.6,0.9
2026-09-19T2100,3466A,118.2746,31.2326,芜湖市,扬子职业技术学院,颗粒物(PM10),55,56,37,23,24,60,NA,145,119,20,21,5,7,0.7,0.7
2026-09-19T2100,3468A,115.79,32.8614,阜阳市,市规划展馆,,48,48,38,30,32,57,NA,88,83,22,15,5,4,0.7,0.6
2026-09-19T2100,3469A,115.835101,32.918568,阜阳市,枣园社区,细颗粒物(PM2.5),62,58,41,41,36,46,NA,78,75,33,16,3,3,0.7,0.6
2026-09-19T2100,3471A,113.6104,34.8688,郑州市,惠济区政府,颗粒物(PM10),59,62,91,29,54,85,NA,134,120,20,27,1,4,0.2,0.4
2026-09-19T2100,3473A,114.2485,34.8306,开封市,技师学院,颗粒物(PM10),104,128,109,49,56,98,NA,142,132,15,28,5,5,0.8,0.9
2026-09-19T2100,3474A,114.2616,35.6824,鹤壁市,大新区,细颗粒物(PM2.5),117,120,81,78,54,112,NA,201,180,47,15,5,9,0.9,0.9
2026-09-19T2100,3475A,113.9189,35.3042,新乡市,市政府,颗粒物(PM10),79,90,92,43,47,109,NA,158,149,23,23,8,10,0.6,0.7
2026-09-19T2100,3477A,113.1656,35.2536,焦作市,中站许衡医院,颗粒物(PM10),76,86,67,35,32,93,NA,170,150,26,12,6,7,0.5,0.5
2026-09-19T2100,3478A,113.9691,33.568,漯河市,市图书馆,颗粒物(PM10),55,56,62,36,41,74,NA,108,98,17,17,7,8,0.6,0.6
2026-09-19T2100,3481A,125.127,46.6277,大庆市,萨区政府监测点,,37,37,35,9,13,42,NA,110,101,6,7,6,8,0.4,0.4
2026-09-19T2100,3482A,107.754,29.3275,重庆市,芙蓉中路,,27,27,19,15,8,9,NA,32,31,14,8,10,10,0.7,0.7
2026-09-19T2100,3484A,106.2629,29.3202,重庆市,行政中心,,31,31,36,16,9,57,NA,111,106,14,15,17,12,0.6,0.6
2026-09-19T2100,3486A,124.4029,43.1411,四平市,植物园,,46,46,32,29,16,59,NA,130,118,51,28,5,8,0.4,0.3
2026-09-19T2100,3488A,104.387954,30.746684,成都市,青白江技师分院,,35,35,31,15,25,31,NA,40,40,10,18,5,5,1.1,1.2
2026-09-19T2100,3489A,104.0788,30.4054,成都市,科学城,,34,34,33,23,21,41,NA,63,61,17,17,8,8,0.8,0.8
2026-09-19T2100,3491A,104.6899,31.5324,绵阳市,西科大附属小学,,14,14,18,6,9,28,NA,38,38,21,16,8,8,0.5,0.5
2026-09-19T2100,3492A,104.5647,31.5343,绵阳市,安州区旅游局,,12,10,13,7,8,36,NA,43,42,10,11,7,6,0.3,0.3
2026-09-19T2100,3494A,117.1673,36.9782,济南市,济阳区政府,颗粒物(PM10),63,68,61,32,28,133,NA,157,155,14,18,7,5,0.5,0.5
2026-09-19T2100,3495A,117.1168,36.6299,济南市,锦屏中学,颗粒物(PM10),60,63,81,32,48,106,NA,198,179,19,19,6,7,0.3,0.3
2026-09-19T2100,3496A,118.359,35.1067,临沂市,南坊新区,,34,34,38,11,16,101,NA,167,154,9,12,5,6,0.3,0.4
2026-09-19T2100,3498A,118.5063,37.8606,东营市,河口城区,NA,NA,34,24,1,10,NA,NA,120,120,NA,6,NA,2,NA,0.7
2026-09-19T2100,3500A,116.5808,35.3703,济宁市,北湖一中,细颗粒物(PM2.5),72,76,69,46,43,144,NA,177,175,12,13,2,3,0.5,0.4
2026-09-19T2100,3501A,116.8251,35.5592,济宁市,服务中心,细颗粒物(PM2.5),101,88,73,61,47,126,NA,182,175,28,18,5,5,0.4,0.3
2026-09-19T2100,3502A,117.1812,36.2273,泰安市,国网新校,臭氧1小时(O3_1h),73,66,80,36,59,178,NA,209,204,6,11,4,4,0.6,0.8
2026-09-19T2100,3503A,117.0315,36.2017,泰安市,交通技校,臭氧1小时(O3_1h),92,61,87,30,57,193,NA,217,214,13,33,5,6,0.6,0.8
2026-09-19T2100,3504A,117.083,36.13,泰安市,山东第一医科大学,颗粒物(PM10),68,75,96,35,59,163,NA,199,192,28,26,6,8,0.4,0.5
2026-09-19T2100,3505A,122.1379,37.3414,威海市,临港区管委会,,19,19,16,11,9,55,NA,116,96,29,10,5,6,0.3,0.3
2026-09-19T2100,3507A,119.5326,35.4627,日照市,职业技术学院,,28,19,13,8,5,89,NA,116,108,6,6,9,9,0.3,0.3
2026-09-19T2100,3511A,116.5687,37.3331,德州市,陵城艺术中心,NA,NA,85,56,44,28,NA,NA,154,149,33,15,8,9,0.6,0.5
2026-09-19T2100,3513A,116.0443,36.436,聊城市,九州社区,细颗粒物(PM2.5),136,187,155,99,91,121,NA,230,213,45,28,9,13,0.9,0.8
2026-09-19T2100,3514A,117.9379,37.3959,滨州市,中海酒店,,36,36,38,10,18,99,NA,154,142,14,19,8,7,0.3,0.3
2026-09-19T2100,3515A,117.9381509,37.35547456,滨州市,开发区一中,,41,41,42,7,16,96,NA,157,145,13,11,8,7,0.4,0.4
2026-09-19T2100,3516A,118.0914,37.6938,滨州市,金海六路,,34,32,28,17,18,108,NA,134,130,11,23,3,6,0.3,0.3
2026-09-19T2100,3520A,106.3495,38.9837,石嘴山市,妇女儿童医院,,34,25,41,18,25,107,NA,109,109,4,15,4,11,0.3,0.7
2026-09-19T2100,3521A,106.7495,39.2068,石嘴山市,石大公路,,35,35,45,12,17,89,NA,97,97,11,17,15,8,0.3,0.5
2026-09-19T2100,3523A,106.5105,38.3857,银川市,滨河新区,,36,33,30,25,17,88,NA,80,80,17,19,7,11,0.6,0.4
2026-09-19T2100,3525A,108.6394,34.408,咸阳市,奥体中心,细颗粒物(PM2.5),107,70,57,67,46,50,NA,106,88,17,22,2,4,0.7,0.6
2026-09-19T2100,3526A,119.5188,25.9666,福州市,吴航,,38,38,34,24,20,113,NA,153,144,11,13,8,9,0.4,0.4
2026-09-19T2100,3527A,118.0961,24.5689,厦门市,集美中学,颗粒物(PM10),52,52,43,31,24,115,NA,175,160,15,13,3,3,0.5,0.4
2026-09-19T2100,3528A,118.1502,24.7246,厦门市,同安二实小,,45,45,34,28,23,105,NA,141,130,13,8,5,3,0.8,0.7
2026-09-19T2100,3530A,117.6288,24.5309,漳州市,西洋坪路,,44,44,49,25,30,121,NA,166,156,10,11,5,6,0.4,0.5
2026-09-19T2100,3531A,110.296,25.1254,桂林市,旅游学院,,34,34,29,23,24,73,NA,100,96,7,7,2,3,0.7,0.7
2026-09-19T2100,3532A,110.1951,22.6832,玉林市,玉林师范学院东校区,,48,44,43,33,31,113,NA,166,150,11,14,3,7,0.5,0.6
2026-09-19T2100,3533A,110.0527,22.5894,玉林市,福绵环保局,细颗粒物(PM2.5),98,80,46,59,32,74,NA,158,140,28,13,6,8,0.9,0.7
2026-09-19T2100,3534A,111.4744,24.455,贺州市,西湾,颗粒物(PM10),54,55,43,24,25,64,NA,90,85,9,10,8,8,0.6,0.6
2026-09-19T2100,3535A,109.1781,23.7293,来宾市,兴宾区政府,NA,NA,45,42,40,29,95,NA,144,139,NA,6,NA,8,0.8,0.8
2026-09-19T2100,3538A,107.5175,26.2977,黔南布依族苗族自治州,沙坝,,24,24,20,16,16,70,NA,81,76,5,7,3,3,0.6,0.6
2026-09-19T2100,3539A,110.5111,19.9737,海口市,桂林洋子站,,30,30,30,13,14,61,NA,62,54,3,4,/,/,/,/
2026-09-19T2100,3540A,109.7348,18.3443,三亚市,君悦子站,,14,14,17,5,5,36,NA,43,39,2,3,4,4,0.5,0.5
2026-09-19T2100,3541A,109.5726195,19.51688767,儋州市,第一中学子站,,15,15,23,5,9,33,NA,64,34,2,2,3,3,0.4,0.3
2026-09-19T2100,3542A,109.5567,19.5187,儋州市,东坡学校子站,,13,NA,23,9,9,30,NA,62,31,4,3,5,5,0.4,0.4
2026-09-19T2100,3544A,121.4891,30.925,上海市,奉贤南桥新城,,29,29,26,19,17,43,NA,75,64,25,14,5,5,0.4,0.4
2026-09-19T2100,3545A,110.8053,32.8401,十堰市,郧阳区金沙路,,43,NA,21,30,15,86,NA,95,95,8,8,7,8,0.7,0.8
2026-09-19T2100,3546A,111.4606,30.5519,宜昌市,猇亭区张家湾站,细颗粒物(PM2.5),72,77,33,46,21,94,NA,96,96,9,8,6,9,0.5,0.4
2026-09-19T2100,3547A,112.1631,31.0134,荆门市,龙泉中学南校,NA,NA,NA,30,NA,37,NA,NA,122,118,8,7,5,5,0.7,0.6
2026-09-19T2100,3549A,109.5061,30.3771,恩施土家族苗族自治州,龙凤新区,,25,25,19,6,8,24,NA,47,43,7,8,4,4,0.6,0.7
2026-09-19T2100,3550A,102.8,24.9787,昆明市,昆明学院,,30,30,16,19,6,61,NA,76,75,17,9,6,5,0.6,0.6
2026-09-19T2100,3551A,102.5969,24.6738,昆明市,晋宁区生态环境分局,,50,NA,14,35,11,73,NA,85,84,12,7,8,5,0.4,0.4
2026-09-19T2100,3552A,102.6673,24.9861,昆明市,云天化总部,,33,33,13,22,6,50,NA,78,74,20,7,6,5,0.4,0.3
2026-09-19T2100,3557A,119.9463,30.0496,杭州市,镇二中,细颗粒物(PM2.5),62,64,46,41,33,118,NA,138,134,19,22,7,7,0.9,0.7
2026-09-19T2100,3558A,119.7184,30.2367,杭州市,市府大楼,细颗粒物(PM2.5),78,69,44,49,31,110,NA,131,129,18,14,8,8,0.7,0.5
2026-09-19T2100,3560A,120.4715,30.0414,绍兴市,柯桥妇保,颗粒物(PM10),51,51,62,34,41,116,NA,146,141,14,19,8,8,0.8,0.8
2026-09-19T2100,3561A,120.6985,27.9252,温州市,茶山,,38,38,44,22,24,76,NA,138,112,16,17,/,/,/,/
2026-09-19T2100,3562A,120.4146,30.8538,湖州市,南浔区站,,39,NA,32,27,28,64,NA,130,118,16,11,8,8,0.7,0.6
2026-09-19T2100,3564A,121.25678,28.66823971,台州市,台州科技职业学院,,38,38,47,24,28,71,NA,97,83,8,13,9,10,0.7,0.7
2026-09-19T2100,3565A,113.1371,40.1122,大同市,云冈站,颗粒物(PM10),97,115,70,24,30,93,NA,132,124,8,17,8,11,0.3,0.4
2026-09-19T2100,3566A,113.1186,40.2556,大同市,图书馆,颗粒物(PM10),72,80,49,22,25,76,NA,121,111,17,13,9,9,0.8,0.7
2026-09-19T2100,3567A,113.5931,40.0459,大同市,区一中,颗粒物(PM10),53,54,53,35,32,85,NA,141,126,14,12,15,14,0.8,0.8
2026-09-19T2100,3568A,113.0603,36.0464,长治市,向阳小学,颗粒物(PM10),98,116,76,53,41,128,NA,161,153,16,11,8,7,1.0,0.6
2026-09-19T2100,3569A,112.8788,36.315,长治市,屯留一中,细颗粒物(PM2.5),92,68,59,56,45,130,NA,165,153,16,16,12,13,0.9,0.8
2026-09-19T2100,3571A,112.2938,39.5296,朔州市,一水厂,,48,48,56,21,24,117,NA,137,136,8,25,1,3,0.6,0.6
2026-09-19T2100,3575A,118.0927,39.5807,唐山市,正泰大街热力站,NA,NA,61,41,18,13,89,NA,NA,NA,31,15,3,4,NA,0.4
2026-09-19T2100,3576A,118.1561,39.8322,唐山市,丰润区政府,NA,NA,43,49,30,16,NA,NA,139,134,35,19,7,5,0.6,0.6
2026-09-19T2100,3577A,118.436906,39.73802,唐山市,金山小学,颗粒物(PM10),65,70,56,19,16,94,NA,130,113,37,19,9,13,0.6,1.2
2026-09-19T2100,3578A,118.2449,39.6693,唐山市,政府服务中心,,42,42,65,23,21,121,NA,144,137,16,28,4,5,0.5,0.8
2026-09-19T2100,3580A,114.1998,36.4439,邯郸市,峰峰矿区临水派出所,细颗粒物(PM2.5),102,81,74,62,59,193,NA,208,208,9,18,4,23,0.6,1.5
2026-09-19T2100,3581A,115.3136,38.9511,保定市,满城区生态环境分局,细颗粒物(PM2.5),84,85,58,52,39,105,NA,146,141,16,11,2,2,0.6,0.6
2026-09-19T2100,3582A,115.4709,38.7628,保定市,清苑区第二中学,细颗粒物(PM2.5),78,79,57,49,32,120,NA,147,145,15,11,4,4,0.4,0.4
2026-09-19T2100,3583A,115.6231,39.0223,保定市,徐水物探局,颗粒物(PM10),78,88,49,47,29,106,NA,150,145,22,8,1,1,0.5,0.4
2026-09-19T2100,3590A,113.8362,34.566,郑州市,北区建设指挥部,,47,47,85,28,49,97,NA,118,114,18,26,2,6,0.4,0.5
2026-09-19T2100,3591A,113.3029,34.8041,郑州市,上街区政府,"颗粒物(PM10),细颗粒物(PM2.5)",64,69,85,42,58,98,NA,154,140,22,23,4,8,0.7,0.9
2026-09-19T2100,3592A,114.4518,34.7503,开封市,祥符区生态环境局,颗粒物(PM10),68,74,95,42,54,92,NA,138,128,17,27,3,4,0.7,0.7
2026-09-19T2100,3593A,112.5736,34.8993,洛阳市,吉利监测站,颗粒物(PM10),69,76,71,44,46,104,NA,168,153,20,18,9,11,0.4,0.6
2026-09-19T2100,3594A,112.8736,33.9068,平顶山市,石龙区,细颗粒物(PM2.5),129,112,78,91,52,NA,NA,145,135,27,24,7,10,1.0,0.9
2026-09-19T2100,3596A,114.1573,35.9607,鹤壁市,南山宾馆,细颗粒物(PM2.5),100,115,97,60,60,154,NA,187,182,13,12,6,10,0.8,1
2026-09-19T2100,3598A,111.1031,34.719,三门峡市,富达温泉假日酒店,颗粒物(PM10),63,68,57,38,33,114,NA,143,138,15,16,8,8,0.8,0.7
2026-09-19T2100,3599A,106.2648,29.9853,重庆市,书院路,,12,10,14,7,13,37,NA,58,56,8,11,6,11,1.0,0.9
2026-09-19T2100,3600A,106.2334,29.5583,重庆市,虎峰,颗粒物(PM10),53,53,37,16,14,49,NA,93,91,14,12,19,27,0.8,0.8
2026-09-19T2100,3601A,106.0497,29.8345,重庆市,龙门街,,28,28,22,8,14,57,NA,82,80,11,13,12,11,0.8,0.8
2026-09-19T2100,3604A,119.3267,35.1043,日照市,岚山环保分局,,29,19,23,9,6,90,NA,113,104,4,9,7,8,0.4,0.4
2026-09-19T2100,3605A,109.1019,34.5302,西安市,无线电监控中心,细颗粒物(PM2.5),101,84,61,61,48,86,NA,119,114,27,26,5,8,1.1,1
2026-09-19T2100,3610A,105.5931,29.4105,重庆市,昌元,,25,25,20,9,11,64,NA,90,88,11,13,10,10,0.6,0.6
2026-09-19T2100,3612A,85.1045,45.6895,克拉玛依市,白碱滩区新站,NA,NA,NA,34,NA,6,NA,NA,94,94,16,8,6,6,0.3,0.3
2026-09-19T2100,3613A,87.3069,44.0093,昌吉回族自治州,亚心广场,颗粒物(PM10),56,58,52,15,11,75,NA,109,108,28,30,8,9,0.2,0.3
2026-09-19T2100,3614A,79.9241,37.0878,和田地区,地区环保局,颗粒物(PM10),110,146,83,35,25,82,NA,106,103,7,2,2,2,0.3,0.3
2026-09-19T2100,3615A,79.9132,37.1137,和田地区,市环保局,颗粒物(PM10),104,129,78,33,23,98,NA,111,110,NA,5,1,2,0.5,0.5
2026-09-19T2100,3616A,106.7617,31.8343,巴中市,市中心医院,,22,22,17,3,3,21,NA,46,40,12,7,9,9,0.8,0.8
2026-09-19T2100,3617A,105.8047,32.4167,广元市,经开区,,21,10,11,6,5,67,NA,61,61,6,12,5,6,0.5,0.6
2026-09-19T2100,3618A,112.4702,37.7821,太原市,金胜,细颗粒物(PM2.5),105,94,75,65,48,119,NA,163,157,22,19,20,13,0.6,0.5
2026-09-19T2100,3619A,113.6169,37.8565,阳泉市,龙柱,细颗粒物(PM2.5),96,95,108,58,60,80,NA,138,129,33,33,15,26,1.0,1.4
2026-09-19T2100,3620A,112.8258,35.4804,晋城市,泽州一中,细颗粒物(PM2.5),102,79,83,62,45,148,NA,180,174,12,15,6,6,0.9,1.2
2026-09-19T2100,3622A,113.5556,24.8082,韶关市,碧湖山庄,,39,32,43,27,30,65,NA,92,82,9,11,6,7,1.2,1.1
2026-09-19T2100,3623A,113.8952,22.586,深圳市,西乡,,46,46,40,23,19,114,NA,175,170,33,21,5,4,0.6,0.5
2026-09-19T2100,3624A,116.4069,23.2533,汕头市,潮南子站,,36,36,43,19,22,113,NA,159,148,9,8,8,9,/,/
2026-09-19T2100,3625A,113.2568,22.7629,佛山市,容桂街道办,,36,36,41,25,28,112,NA,201,182,18,18,/,/,/,/
2026-09-19T2100,3628A,112.0335,22.9376,云浮市,文笔,,48,45,51,33,36,115,NA,161,141,7,12,5,7,0.5,0.5
2026-09-19T2100,3629A,101.8304,36.5785,西宁市,世纪职校,,28,NA,25,19,20,55,NA,81,76,27,22,3,6,0.8,0.9
2026-09-19T2100,3633A,118.4914,31.681,马鞍山市,雨山,,35,35,49,17,28,53,NA,93,80,20,34,6,10,1.0,1.6
2026-09-19T2100,3635A,112.3678,34.6623,洛阳市,河科大西苑校区,细颗粒物(PM2.5),120,121,97,81,62,113,NA,165,159,30,26,13,14,0.9,0.9
2026-09-19T2100,3636A,112.4387,34.678,洛阳市,英才小学,细颗粒物(PM2.5),109,98,103,69,72,106,NA,149,144,23,38,10,13,0.8,0.9
2026-09-19T2100,3637A,131.0136,45.7688,七台河市,人民广场,,36,36,31,16,12,28,NA,80,71,30,11,6,6,0.8,0.6
2026-09-19T2100,3638A,104.7637,29.3373,自贡市,轻化工大学,,18,8,12,6,8,55,NA,81,78,10,11,10,10,0.7,0.8
2026-09-19T2100,3642A,120.3454,36.0735,青岛市,市北区南部,,31,16,14,6,7,98,NA,118,112,6,8,6,7,0.5,0.5
2026-09-19T2100,3643A,120.3897,36.18,青岛市,李沧区北部,,29,22,20,10,9,92,NA,108,104,12,14,4,4,0.6,0.5
2026-09-19T2100,3644A,117.8662,36.8049,淄博市,三金集团,NA,NA,78,69,42,36,112,NA,170,157,28,28,NA,14,0.6,0.6
2026-09-19T2100,3645A,118.0259,36.8409,淄博市,东风化工厂,颗粒物(PM10),65,70,68,18,30,111,NA,177,167,29,30,9,8,0.4,0.5
2026-09-19T2100,3646A,118.4979,37.4623,东营市,胜利站,,34,34,32,16,15,100,NA,135,122,14,11,3,2,0.3,0.3
2026-09-19T2100,3648A,106.2176,37.9832,吴忠市,文卫南街,颗粒物(PM10),60,64,57,15,19,83,NA,87,87,10,12,1,2,0.3,0.4
2026-09-19T2100,3650A,105.1696,37.5164,中卫市,沙坡头区政府站,,25,NA,51,13,18,79,NA,101,96,10,9,2,2,0.4,0.4
2026-09-19T2100,3654A,114.8093,30.4091,鄂州市,精准医疗中心,细颗粒物(PM2.5),52,51,36,36,26,129,NA,150,150,16,11,7,5,1.1,0.7
2026-09-19T2100,3655A,114.3379,29.8683,咸宁市,长江产业园,颗粒物(PM10),54,55,62,33,39,84,NA,127,123,23,16,5,6,1.0,1.1
2026-09-19T2100,3656A,120.1554,30.2863,杭州市,消防大队,细颗粒物(PM2.5),52,44,45,36,35,97,NA,135,129,18,20,9,9,0.7,0.7
2026-09-19T2100,3658A,120.6156,30.0762,绍兴市,袍江中学,,44,44,49,27,30,100,NA,135,128,21,22,9,9,0.7,0.6
2026-09-19T2100,3659A,119.656,29.1132,金华市,气象局,细颗粒物(PM2.5),74,77,69,47,39,128,NA,198,177,28,28,6,7,0.7,0.7
2026-09-19T2100,3662A,123.6341,47.2079,齐齐哈尔市,富区青少年活动中心,,9,9,33,1,8,18,NA,81,50,3,7,3,4,0.4,0.5
2026-09-19T2100,3663A,124.117,50.4279,大兴安岭地区,红旗社区,,18,NA,3,12,10,34,NA,39,36,2,3,4,4,0.2,0.2
2026-09-19T2100,3664A,119.4171,34.734,连云港市,连云街道,,47,47,20,22,8,73,NA,101,88,15,12,13,10,0.8,0.6
2026-09-19T2100,3665A,76.1654,39.7157,克孜勒苏柯尔克孜自治州,克州文化中心,颗粒物(PM10),83,95,62,44,32,111,NA,111,111,6,8,2,3,0.2,0.2
2026-09-19T2100,3667A,111.0279,35.0543,运城市,水利职院,细颗粒物(PM2.5),76,72,71,48,45,130,NA,152,148,10,21,7,8,0.7,0.9
2026-09-19T2100,3669A,114.4706,36.0634,安阳市,左辅环卫站,细颗粒物(PM2.5),115,141,118,76,61,141,NA,189,178,27,18,6,10,1.1,1.3
2026-09-19T2100,3670A,111.0522,35.0439,运城市,禹都公园,颗粒物(PM10),71,79,73,40,42,133,NA,161,155,11,18,7,8,0.9,1.1
2026-09-19T2100,3671A,116.0879,39.9725,北京市,门头沟三家店,颗粒物(PM10),69,76,59,38,30,68,NA,134,123,29,23,3,3,0.8,0.7
2026-09-19T2100,3672A,116.1507,39.8246,北京市,丰台云岗,颗粒物(PM10),68,74,52,41,27,105,NA,140,136,14,13,3,3,0.4,0.3
2026-09-19T2100,3674A,115.9578,39.7602,北京市,房山燕山,颗粒物(PM10),53,54,49,33,30,76,NA,125,116,9,10,3,2,0.8,0.7
2026-09-19T2100,3675A,116.4669,39.7734,北京市,大兴旧宫,颗粒物(PM10),63,68,46,32,22,96,NA,143,136,19,20,3,3,0.6,0.5
2026-09-19T2100,3677A,98.5887,24.4366,德宏傣族景颇族自治州,芒市人民政府综合楼,,37,37,40,13,14,21,NA,53,43,10,9,7,8,0.8,0.7
2026-09-19T2100,3678A,116.5907,35.4054,济宁市,市第七中学,细颗粒物(PM2.5),80,84,77,50,43,150,NA,176,174,12,16,5,5,0.6,0.6
2026-09-19T2100,3683A,109.8332,40.6577,包头市,昆区政府,,25,NA,35,17,24,74,NA,103,96,14,23,4,10,0.5,0.6
2026-09-19T2100,3684A,130.8639,45.8144,七台河市,新建矿广场,,31,31,52,12,17,39,NA,79,64,23,27,5,9,1.9,0.8
2026-09-19T2100,3685A,117.897,28.4316,上饶市,双创科技城,细颗粒物(PM2.5),60,50,55,40,38,120,NA,185,149,9,14,3,9,0.7,0.6
2026-09-19T2100,3689A,113.9002,35.372,新乡市,行政服务中心,颗粒物(PM10),70,78,85,44,49,72,NA,161,138,46,25,7,8,0.6,0.6
2026-09-19T2100,3690A,115.9718,28.7032,南昌市,外国语学校,NA,NA,41,45,35,39,NA,NA,133,133,17,12,7,7,0.6,0.6
2026-09-19T2100,3692A,118.2043,39.6703,唐山市,消防缸窑路中队,颗粒物(PM10),56,58,71,22,23,117,NA,150,142,18,23,9,11,0.6,0.8
2026-09-19T2100,3693A,118.1432,39.6203,唐山市,路南电大,NA,NA,NA,42,56,56,NA,NA,NA,NA,30,24,2,2,0.5,0.6
2026-09-19T2100,3694A,115.9859,40.4562,北京市,延庆石河营,颗粒物(PM10),56,58,49,31,27,126,NA,151,149,15,14,3,3,0.6,0.5
2026-09-19T2100,3695A,116.6151,40.3052,北京市,怀柔新城,颗粒物(PM10),51,51,42,30,25,87,NA,133,128,14,13,2,2,0.6,0.6
2026-09-19T2100,3696A,116.2542,39.8764,北京市,丰台小屯,颗粒物(PM10),69,76,49,40,25,103,NA,138,133,25,19,3,3,0.6,0.5
2026-09-19T2100,3697A,116.8399,40.3843,北京市,密云镇,,46,46,36,24,19,99,NA,139,135,24,17,6,6,0.5,0.5
2026-09-19T2100,3699A,111.6519,40.8389,呼和浩特市,海东办,,25,14,44,3,18,78,NA,117,111,22,32,8,10,0.3,0.5
2026-09-19T2100,3701A,116.9647,33.6252,宿州市,皖北煤电集团,,44,44,42,23,25,59,NA,86,79,20,16,14,8,0.5,0.5
2026-09-19T2100,3706A,122.2584,43.6333,通辽市,老干部活动中心,,47,47,40,16,16,103,NA,130,124,7,8,12,12,0.5,0.6
2026-09-19T2100,3707A,131.0069,45.2988,鸡西市,欧美日汽修厂,颗粒物(PM10),65,71,49,11,15,7,NA,78,55,21,15,4,4,0.6,0.5
2026-09-19T2100,3708A,122.2923,43.6189,通辽市,东方明珠社区,,46,46,40,12,16,105,NA,134,128,13,12,9,14,0.4,0.5
2026-09-19T2100,3710A,121.5593,29.8976,宁波市,白沙活动中心,,22,22,29,12,20,64,NA,83,81,15,13,10,11,0.4,0.4
2026-09-19T2100,3713A,124.3286,43.1726,四平市,世纪城,,43,43,35,26,17,107,NA,122,122,20,17,6,7,0.4,0.4
2026-09-19T2100,3715A,117.3091,32.9314,蚌埠市,蚌埠田家炳中学,,39,39,42,9,29,55,NA,67,65,17,24,8,8,0.4,0.5
2026-09-19T2100,3719A,97.1707,31.1428,昌都市,昌都会议中心,,20,20,11,10,5,63,NA,92,90,12,6,4,3,0.4,0.3
2026-09-19T2100,3726A,88.8775,29.2425,日喀则市,林业技术推广中心,,27,18,9,10,1,84,NA,92,92,4,2,5,5,0.3,0.3
2026-09-19T2100,3728A,104.6701,28.8053,宜宾市,白酒学院,,38,36,28,26,20,49,NA,74,71,15,11,5,5,0.8,0.8
2026-09-19T2100,3734A,118.5753,37.4405,东营市,理想之城,,34,34,28,17,13,80,NA,142,121,25,14,4,3,0.6,0.5
2026-09-19T2100,3860A,118.3915,35.0297,临沂市,皇山花园小区,,29,29,36,11,15,90,NA,148,136,15,21,10,12,0.5,0.6
2026-09-19T2100,3861A,119.2046,36.7696,潍坊市,寒亭区实验一小,颗粒物(PM10),70,78,52,36,28,106,NA,184,164,30,19,5,5,0.4,0.5
2026-09-19T2100,3866A,122.2469,40.663,营口市,三高中,,49,49,44,27,19,111,NA,111,111,11,19,9,11,0.4,0.8
2026-09-19T2100,3867A,102.074,36.5056,海东市,平安区公安局北苑,,34,34,28,16,17,52,NA,91,86,31,12,5,6,1.2,0.8
2026-09-19T2100,3981A,113.2456,35.18,焦作市,原李万街道办,颗粒物(PM10),90,105,83,43,44,93,NA,158,141,29,25,8,10,0.3,0.4
2026-09-19T2100,3994A,102.2174,31.9016,阿坝藏族羌族自治州,马尔康中学西区,,15,14,14,10,7,26,NA,59,54,10,3,4,4,0.5,0.5
2026-09-19T2100,4002A,109.2312,23.7428,来宾市,中南小学,细颗粒物(PM2.5),62,54,45,41,33,76,NA,139,130,22,18,7,8,0.6,0.6
2026-09-19T2100,4004A,115.4199,38.8665,保定市,双鹰农机,细颗粒物(PM2.5),82,79,47,51,33,115,NA,145,140,12,6,3,2,0.4,0.4
2026-09-19T2100,4006A,122.3622,40.6762,营口市,老边实验小学,细颗粒物(PM2.5),80,61,47,50,26,78,NA,115,105,32,27,8,15,0.9,0.8
2026-09-19T2100,4008A,112.5233,32.9921,南阳市,卧龙区政府,颗粒物(PM10),70,77,55,44,35,47,NA,93,83,32,20,6,6,1.1,1
2026-09-19T2100,4010A,112.5608,37.8807,太原市,育英中学,细颗粒物(PM2.5),88,67,72,54,44,127,NA,161,156,24,23,20,9,1.1,0.8
2026-09-19T2100,4011A,103.8505,30.6946,成都市,光华大道三段,,32,32,23,19,14,33,NA,46,45,10,12,2,3,0.8,0.9
2026-09-19T2100,4017A,116.7926,33.9534,淮北市,市博物馆,,37,37,37,18,22,74,NA,98,90,13,13,5,6,0.4,0.5
2026-09-19T2100,4018A,116.0564,36.4609,聊城市,星美广场,细颗粒物(PM2.5),141,167,142,105,95,112,NA,232,212,41,27,10,9,0.7,0.7
2026-09-19T2100,4022A,102.1648,38.5369,金昌市,金川区人防中心,,30,17,11,12,9,93,NA,106,103,14,5,5,4,0.2,0.1
2026-09-19T2100,4024A,114.6491,37.9014,石家庄市,栾城区星河路,细颗粒物(PM2.5),96,99,98,58,63,148,NA,174,171,17,23,5,4,0.5,0.6
2026-09-19T2100,4027A,75.9485,39.4688,喀什地区,老干局,颗粒物(PM10),68,74,66,28,23,98,NA,103,103,9,18,6,4,0.2,0.3
2026-09-19T2100,4028A,117.9955,37.3752,滨州市,滨州市西街道办事处,,46,46,38,13,16,88,NA,154,137,24,15,6,5,0.5,0.5
2026-09-19T2100,4033A,122.3124,29.9619,舟山市,普陀东港中学,,25,19,22,8,13,79,NA,86,81,4,5,7,7,0.5,0.5
2026-09-19T2100,4034A,115.515,38.8589,保定市,植保所站,NA,NA,NA,46,NA,32,NA,NA,157,NA,NA,14,NA,5,NA,0.1
2026-09-19T2100,4036A,116.646,23.676,潮州市,金山,细颗粒物(PM2.5),54,54,40,37,27,147,NA,158,158,10,9,5,4,0.7,0.6
2026-09-19T2100,4051A,86.0791,44.3018,石河子市,世纪广场,,46,46,49,28,14,58,NA,116,114,53,18,5,6,0.8,0.6
2026-09-19T2100,4054A,109.0324,32.6913,安康市,市邮政管理局,,23,23,12,13,6,31,NA,75,68,26,11,4,4,1.3,1.2
2026-09-19T2100,4055A,108.8869,34.2662,西安市,行知小学,细颗粒物(PM2.5),102,76,69,62,47,66,NA,104,94,22,28,2,4,0.8,0.8
2026-09-19T2100,4056A,108.6601,34.3767,咸阳市,五陵塬路2号,细颗粒物(PM2.5),108,94,65,68,45,48,NA,107,86,20,25,5,7,0.7,0.7
2026-09-19T2100,4057A,115.9423,40.4431,北京市,延庆百泉,颗粒物(PM10),55,56,48,28,29,88,NA,143,136,14,15,1,1,0.7,0.6
2026-09-19T2100,4058A,116.6598,39.9164,北京市,通州新华,颗粒物(PM10),62,66,44,33,21,116,NA,135,134,19,15,1,2,0.7,0.6
2026-09-19T2100,4059A,114.4563,38.0365,石家庄市,裕华西路63号,细颗粒物(PM2.5),94,90,91,57,58,116,NA,159,156,27,20,3,3,0.6,0.6
2026-09-19T2100,4060A,114.5586,38.0581,石家庄市,和平路363号,细颗粒物(PM2.5),86,78,79,53,61,130,NA,165,162,17,17,3,3,0.5,0.5
2026-09-19T2100,4061A,114.8347,38.0213,石家庄市,廉州西路160号,细颗粒物(PM2.5),100,97,89,60,60,114,NA,157,153,24,26,2,3,0.8,0.7
2026-09-19T2100,4062A,114.4498,38.0729,石家庄市,北城路41号,细颗粒物(PM2.5),82,87,82,51,50,140,NA,162,161,16,22,4,4,0.6,0.6
2026-09-19T2100,4063A,115.2124,37.9433,辛集市,市政府,细颗粒物(PM2.5),96,105,76,58,45,126,NA,179,174,31,21,3,3,0.6,0.4
2026-09-19T2100,4064A,115.2008,37.9338,辛集市,城管大队,细颗粒物(PM2.5),96,92,63,58,46,118,NA,172,166,24,12,3,3,0.7,0.5
2026-09-19T2100,4065A,118.1267,39.6579,唐山市,光明北路515号,,41,41,36,24,21,96,NA,132,121,32,19,6,6,0.5,0.5
2026-09-19T2100,4066A,119.7458,39.9952,秦皇岛市,南园路157号,,45,45,32,19,14,51,NA,132,122,52,37,5,6,0.3,0.3
2026-09-19T2100,4067A,119.5131,39.8858,秦皇岛市,翠岛大街1号,,33,33,29,19,12,95,NA,125,120,16,15,6,6,0.3,0.2
2026-09-19T2100,4068A,114.5209,36.7697,邯郸市,建安街268号,细颗粒物(PM2.5),110,117,87,70,56,107,NA,187,172,41,21,2,2,0.6,0.6
2026-09-19T2100,4069A,114.5488,36.6177,邯郸市,丛台东路558号,细颗粒物(PM2.5),122,111,85,84,73,76,NA,198,179,88,39,3,5,0.6,0.7
2026-09-19T2100,4070A,114.5558,37.0578,邢台市,襄都区政府南院,细颗粒物(PM2.5),108,108,95,68,69,109,NA,163,152,35,17,1,2,0.5,0.5
2026-09-19T2100,4071A,114.9883,38.5232,定州市,交通局,细颗粒物(PM2.5),84,95,78,52,38,105,NA,156,151,24,17,3,3,0.8,0.6
2026-09-19T2100,4072A,115.0045,38.5136,定州市,第五中学,颗粒物(PM10),83,96,76,51,39,91,NA,143,136,31,19,2,2,0.5,0.4
2026-09-19T2100,4073A,117.9462,40.95,承德市,杏林街1号,,42,40,46,29,33,115,NA,129,123,8,13,8,8,0.4,0.6
2026-09-19T2100,4074A,112.449,37.8509,太原市,西矿街336号,细颗粒物(PM2.5),98,100,79,59,48,95,NA,161,151,39,22,15,12,1.1,1.1
2026-09-19T2100,4075A,112.4792,37.9393,太原市,迎宾北路9号,细颗粒物(PM2.5),88,74,71,54,44,116,NA,164,157,21,21,12,11,0.7,0.6
2026-09-19T2100,4076A,112.551,37.8575,太原市,迎泽大街248号,细颗粒物(PM2.5),98,110,79,59,42,128,NA,154,150,24,24,21,10,1.1,0.8
2026-09-19T2100,4077A,113.588,37.8712,阳泉市,宁波路,细颗粒物(PM2.5),88,80,76,54,53,134,NA,159,155,15,28,8,9,0.9,1
2026-09-19T2100,4078A,112.8246,35.5152,晋城市,前书院路,颗粒物(PM10),64,69,83,30,38,142,NA,173,168,13,16,8,8,0.5,1
2026-09-19T2100,4079A,112.8864,35.4773,晋城市,祥云街666号,细颗粒物(PM2.5),54,54,75,37,51,134,NA,164,161,15,20,6,11,0.6,0.9
2026-09-19T2100,4080A,112.7375,37.7215,晋中市,广安街188号,细颗粒物(PM2.5),110,115,82,71,58,149,NA,178,173,23,19,26,11,0.6,0.4
2026-09-19T2100,4081A,111.0081,35.0748,运城市,学苑北路2555号,细颗粒物(PM2.5),76,70,66,48,43,137,NA,158,154,11,21,6,7,0.8,0.9
2026-09-19T2100,4082A,121.2548,38.8188,大连市,旅顺,,33,17,21,8,10,103,NA,114,112,7,10,5,6,0.5,0.5
2026-09-19T2100,4083A,123.153,41.2874,辽阳市,铁西路150号,颗粒物(PM10),57,59,40,32,19,82,NA,110,104,21,14,10,9,1.1,0.8
2026-09-19T2100,4084A,123.835,42.2853,铁岭市,新华街20号,颗粒物(PM10),55,56,37,20,11,50,NA,115,105,62,22,13,12,0.6,0.5
2026-09-19T2100,4085A,125.0998,42.9134,辽源市,安宁大街333号,,42,42,33,21,12,38,NA,88,67,31,20,6,7,0.6,0.5
2026-09-19T2100,4086A,118.7641,32.0841,南京市,新模范马路66号,,31,31,40,6,21,50,NA,74,70,24,33,4,4,0.2,0.4
2026-09-19T2100,4087A,120.3138,31.4927,无锡市,清舒道1号,,17,12,30,4,20,54,NA,98,83,12,19,3,4,0.6,0.8
2026-09-19T2100,4088A,117.1553,34.2567,徐州市,纺织东路16号,,39,39,48,12,27,77,NA,113,102,12,17,5,8,0.6,0.7
2026-09-19T2100,4089A,119.9551,31.863,常州市,崇义南街5-H号,,19,15,18,13,14,44,NA,56,50,13,14,8,8,0.4,0.4
2026-09-19T2100,4090A,120.4282,31.3228,苏州市,学森路9号,,19,18,39,8,21,58,NA,127,101,22,25,8,9,0.5,0.7
2026-09-19T2100,4091A,120.8692,31.9885,南通市,洪江路,,21,NA,9,7,10,65,NA,66,66,7,7,3,4,0.7,0.8
2026-09-19T2100,4092A,119.119691,33.550006,淮安市,枚皋中路89号,,24,14,22,6,14,75,NA,66,64,9,16,6,6,0.6,0.7
2026-09-19T2100,4093A,119.5202,32.3705,扬州市,廖家沟步道,,22,14,21,7,15,69,NA,70,70,9,12,6,6,0.4,0.5
2026-09-19T2100,4094A,118.352,33.7886,宿迁市,春华路,,23,23,23,14,13,62,NA,86,78,13,10,5,5,0.5,0.4
2026-09-19T2100,4095A,121.8962,29.7529,宁波市,中科路88号,,22,22,25,11,15,51,NA,71,68,19,16,8,9,0.7,0.8
2026-09-19T2100,4096A,120.6935,28.0114,温州市,鹿城惠民路,,44,44,52,21,26,80,NA,139,120,8,14,/,/,0.4,0.4
2026-09-19T2100,4097A,118.9646,28.9832,衢州市,衢州三中,细颗粒物(PM2.5),102,86,58,62,40,99,NA,199,168,36,24,5,5,1.1,1
2026-09-19T2100,4098A,117.2518,31.8404,合肥市,中国科学技术大学,,29,29,41,9,25,63,NA,114,106,15,16,6,7,0.3,0.5
2026-09-19T2100,4099A,118.5726,31.1371,芜湖市,湾沚区人民法院,,40,33,39,28,30,82,NA,160,147,15,19,5,5,0.7,0.9
2026-09-19T2100,4100A,116.8322,33.9884,淮北市,杜集区第一实验学校,,25,25,36,13,23,74,NA,97,90,10,13,6,6,0.6,0.6
2026-09-19T2100,4101A,118.3196,32.3335,滁州市,银山路666号,,21,21,32,14,21,54,NA,73,71,11,14,4,4,0.5,0.4
2026-09-19T2100,4102A,118.3426,32.2979,滁州市,黄山路555号,,26,26,37,14,22,56,NA,75,71,16,15,7,7,0.3,0.4
2026-09-19T2100,4103A,116.9929,33.6412,宿州市,中兴路,,37,37,46,17,26,51,NA,84,75,24,18,11,11,0.8,0.8
2026-09-19T2100,4104A,119.3106,26.0648,福州市,路通桥巷6号,,42,40,41,29,27,113,NA,171,158,12,10,/,/,/,/
2026-09-19T2100,4105A,118.6355,24.9148,泉州市,霞新路6号,细颗粒物(PM2.5),58,48,37,39,24,103,NA,158,142,13,12,/,/,0.5,0.5
2026-09-19T2100,4106A,115.7923,28.6873,南昌市,工业二路,细颗粒物(PM2.5),84,70,52,52,39,116,NA,138,136,14,10,6,6,0.9,0.7
2026-09-19T2100,4107A,113.8686,27.6668,萍乡市,联洪村委会,细颗粒物(PM2.5),88,66,83,54,59,84,NA,104,104,16,21,17,19,0.8,1
2026-09-19T2100,4108A,117.7107,36.2385,济南市,山财大街5号,颗粒物(PM10),62,66,72,29,41,147,NA,200,189,25,22,6,4,0.7,0.8
2026-09-19T2100,4109A,116.9744,36.6889,济南市,无影山路12号,颗粒物(PM10),65,70,70,30,40,128,NA,197,186,29,31,7,7,0.7,0.8
2026-09-19T2100,4110A,120.5222,36.4089,青岛市,盟旺路653号,,28,26,20,3,10,89,NA,112,104,17,12,6,6,0.7,0.7
2026-09-19T2100,4111A,116.6075,35.4566,济宁市,任和路,颗粒物(PM10),90,105,72,51,41,94,NA,179,171,37,15,2,3,0.7,0.5
2026-09-19T2100,4112A,116.5648,35.3921,济宁市,文体南路1号,细颗粒物(PM2.5),100,84,71,60,42,112,NA,179,170,19,15,2,3,0.8,0.7
2026-09-19T2100,4113A,116.0091,36.4495,聊城市,利民路,细颗粒物(PM2.5),121,137,138,83,86,139,NA,236,223,37,28,10,11,1.0,0.9
2026-09-19T2100,4114A,115.4239,35.2593,菏泽市,黄河路600号,细颗粒物(PM2.5),119,120,99,80,54,90,NA,167,154,25,18,5,8,0.6,0.5
2026-09-19T2100,4115A,115.5025,35.2727,菏泽市,菏泽市人社局,细颗粒物(PM2.5),109,122,90,69,45,116,NA,172,165,20,15,5,6,0.5,0.3
2026-09-19T2100,4116A,113.284,33.7139,平顶山市,姚电大道23号,NA,NA,95,81,50,49,98,NA,114,NA,20,18,10,12,NA,0.7
2026-09-19T2100,4117A,114.2918,36.0769,安阳市,钢三路198号,细颗粒物(PM2.5),111,109,95,72,61,NA,NA,168,165,24,15,7,9,0.9,1.2
2026-09-19T2100,4118A,115.0552,35.7816,濮阳市,中原东路68号,细颗粒物(PM2.5),116,154,155,77,73,102,NA,190,174,33,18,10,6,1.5,1
2026-09-19T2100,4119A,115.6701,34.3767,商丘市,北海东路185号,,49,49,53,26,29,63,NA,112,96,29,13,6,6,0.3,0.4
2026-09-19T2100,4120A,115.6172,34.3704,商丘市,中山大街3号,颗粒物(PM10),69,76,62,28,27,32,NA,114,92,46,19,6,6,0.7,0.7
2026-09-19T2100,4121A,114.8466,33.7333,周口市,羲皇大道,细颗粒物(PM2.5),54,51,52,37,34,72,NA,91,88,14,14,4,5,0.8,0.8
2026-09-19T2100,4122A,112.6071,35.1015,济源市,市委党校,细颗粒物(PM2.5),88,96,96,54,54,116,NA,168,157,20,19,5,9,0.7,0.9
2026-09-19T2100,4123A,112.596,35.0702,济源市,沁园中路1号,细颗粒物(PM2.5),74,82,94,47,56,124,NA,171,160,20,26,3,7,0.8,1.2
2026-09-19T2100,4124A,112.2213,31.0654,荆门市,新台西路6号,NA,NA,53,41,38,33,NA,NA,115,104,18,8,8,8,0.6,0.6
2026-09-19T2100,4125A,113.946,30.8999,孝感市,天仙南路1号,颗粒物(PM10),52,52,56,34,37,89,NA,116,112,6,5,5,5,0.6,0.6
2026-09-19T2100,4127A,111.9812,27.7591,娄底市,涟钢职大,细颗粒物(PM2.5),62,57,29,41,18,72,NA,100,91,9,6,3,3,0.8,0.7
2026-09-19T2100,4128A,112.0303,27.7457,娄底市,娄底体校,细颗粒物(PM2.5),68,60,36,44,22,73,NA,98,93,10,6,2,1,0.7,0.6
2026-09-19T2100,4129A,113.8666,23.1062,东莞市,裕兴路,细颗粒物(PM2.5),66,68,52,43,27,121,NA,149,135,31,20,6,8,0.9,0.8
2026-09-19T2100,4130A,114.0076,22.9739,东莞市,教育路1号,颗粒物(PM10),74,83,53,38,25,176,NA,162,162,31,22,11,11,0.8,0.8
2026-09-19T2100,4131A,113.7981,22.8124,东莞市,长怡路1号,,47,47,52,21,25,137,NA,223,203,30,27,6,6,0.6,0.6
2026-09-19T2100,4132A,108.2927,23.1477,南宁市,起凤路9号,颗粒物(PM10),57,59,51,38,37,73,NA,130,116,22,23,5,5,0.7,0.6
2026-09-19T2100,4133A,106.6273,23.8798,百色市,龙景西路,细颗粒物(PM2.5),84,NA,40,52,25,54,NA,126,120,21,14,10,10,0.7,0.6
2026-09-19T2100,4134A,110.1952,20.0451,海口市,长滨二路9号,,22,22,24,10,11,69,NA,72,66,4,4,/,/,/,/
2026-09-19T2100,4135A,109.1714,18.3739,三亚市,城东小学站,,12,12,17,6,10,14,NA,37,34,6,6,/,/,/,/
2026-09-19T2100,4136A,108.6971,30.9377,重庆市,云师幼儿园,,10,10,10,5,3,30,NA,54,48,7,7,5,5,0.7,0.6
2026-09-19T2100,4137A,107.3276,30.3284,重庆市,公安局,,27,27,10,8,5,34,NA,54,53,10,7,8,8,0.6,0.5
2026-09-19T2100,4138A,108.0575,30.3254,重庆市,忠县中学,,26,26,20,17,7,58,NA,61,61,14,9,6,6,0.5,0.5
2026-09-19T2100,4139A,109.4542,31.0182,重庆市,竹枝路2号,,16,16,11,7,4,23,NA,53,48,21,13,6,6,0.6,0.5
2026-09-19T2100,4140A,107.7422,29.871,重庆市,龙河路,,24,24,22,12,8,60,NA,80,80,11,13,8,8,0.8,0.8
2026-09-19T2100,4141A,108.7636,28.84,重庆市,桃花源中路,,24,24,21,1,4,31,NA,36,34,7,6,8,7,0.8,0.7
2026-09-19T2100,4142A,108.9758,28.4416,重庆市,秀山县高级中学,,28,28,14,13,10,35,NA,43,40,7,6,7,8,1.0,1
2026-09-19T2100,4143A,108.1558,29.2859,重庆市,河堡街,,24,24,19,16,9,31,NA,44,44,9,8,6,6,1.0,1
2026-09-19T2100,4144A,104.3257,30.6406,成都市,八角井街185号,,27,27,32,10,21,35,NA,46,45,10,15,7,6,0.8,0.9
2026-09-19T2100,4145A,104.4144,31.1495,德阳市,市林业局,,25,25,26,10,11,42,NA,37,37,8,18,12,12,0.9,0.9
2026-09-19T2100,4146A,104.7092,31.4972,绵阳市,科技城新区公安局,,23,23,20,7,8,34,NA,40,40,20,22,10,10,0.7,0.6
2026-09-19T2100,4147A,105.0433,29.6105,内江市,玉峰路西段888号,,26,26,18,13,8,59,NA,71,68,9,10,5,4,0.5,0.5
2026-09-19T2100,4148A,103.8836,30.0695,眉山市,眉职院,,42,42,33,21,15,39,NA,69,63,26,14,7,7,1.1,1
2026-09-19T2100,4149A,104.6146,28.7422,宜宾市,宜宾市职业技术学校,,42,38,33,29,25,63,NA,80,74,12,14,6,7,0.9,1
2026-09-19T2100,4150A,104.6646,30.1116,资阳市,正兴街66号,,26,24,17,18,14,53,NA,68,65,8,6,2,2,0.3,0.3
2026-09-19T2100,4151A,104.8899,26.5685,六盘水市,钟山大道中段564号,,20,15,15,10,7,62,NA,60,60,4,4,4,3,0.3,0.3
2026-09-19T2100,4152A,107.0425,27.7087,遵义市,乌江大道东段1号,,38,34,22,26,19,57,NA,83,79,19,9,8,9,0.7,0.6
2026-09-19T2100,4153A,101.5536,25.0343,楚雄彝族自治州,团结路562号,,14,10,7,4,3,43,NA,54,52,5,3,3,3,0.3,0.3
2026-09-19T2100,4154A,103.401,23.3561,红河哈尼族彝族自治州,蒙自市朝阳路,,23,NA,12,16,9,53,NA,66,62,3,2,3,3,0.2,0.2
2026-09-19T2100,4155A,107.1721,34.3558,宝鸡市,滨河北路,细颗粒物(PM2.5),56,50,52,38,39,66,NA,81,77,11,14,3,4,0.9,0.8
2026-09-19T2100,4156A,108.6372,34.3031,咸阳市,胭脂路9号,细颗粒物(PM2.5),103,81,69,63,47,50,NA,98,77,34,24,2,4,0.9,0.8
2026-09-19T2100,4157A,108.0371,34.3035,咸阳市,杨扶路,细颗粒物(PM2.5),100,NA,52,60,54,67,NA,75,65,11,16,3,4,0.7,0.7
2026-09-19T2100,4158A,108.0895,34.2623,咸阳市,新桥路,细颗粒物(PM2.5),92,NA,55,56,52,66,NA,73,72,16,16,5,6,0.5,0.5
2026-09-19T2100,4159A,110.4531,35.4578,渭南市,桢州大街,细颗粒物(PM2.5),172,NA,78,130,72,102,NA,169,158,14,14,10,16,1.2,1.4
2026-09-19T2100,4160A,110.4368,35.4773,渭南市,太史大街,细颗粒物(PM2.5),102,91,86,62,57,85,NA,144,132,20,19,9,14,0.9,1.3
2026-09-19T2100,4161A,109.485,36.6347,延安市,志丹路,,50,50,39,34,27,85,NA,112,107,17,10,3,4,0.9,0.9
2026-09-19T2100,4162A,101.6769,36.6535,西宁市,海晏路105号,NA,NA,18,24,13,20,71,NA,80,80,NA,15,NA,2,0.4,0.4
2026-09-19T2100,4163A,102.0984,36.5119,海东市,滨河路,,35,25,19,17,17,10,NA,79,58,70,36,14,14,1.3,0.6
2026-09-19T2100,4164A,87.2057,43.9289,昌吉回族自治州,财政所,颗粒物(PM10),67,73,55,21,10,73,NA,104,103,18,15,8,8,0.1,0.3
2026-09-19T2100,4165A,82.9716,46.7464,塔城地区,文化广场,颗粒物(PM10),106,134,57,56,13,25,NA,90,83,72,9,6,2,0.9,0.3
2026-09-19T2100,4166A,88.1198,47.7931,阿勒泰地区,阿勒泰路33号,,49,49,30,10,3,28,NA,86,80,60,13,3,3,0.5,0.4
2026-09-19T2100,4167A,86.0126,44.2349,石河子市,城南景苑小区,颗粒物(PM10),74,83,41,29,9,79,NA,110,110,29,15,9,8,0.4,0.3
2026-09-19T2100,4168A,87.055284,43.999117,五家渠市,建设西街760号,NA,NA,NA,66,48,18,45,NA,114,108,49,28,6,5,0.5,0.5
2026-09-19T2100,4180A,113.8157285,34.126705,许昌市,新元大道996号,细颗粒物(PM2.5),80,NA,84,50,64,56,NA,97,93,28,22,4,5,0.6,0.6
2026-09-19T2100,4181A,112.3571,28.5588,益阳市,龙洲站,颗粒物(PM10),60,64,50,38,32,66,NA,86,84,14,11,8,8,0.9,0.8
2026-09-19T2100,4182A,116.1942,39.9158,北京市,石景山八角,颗粒物(PM10),82,94,56,40,25,112,NA,142,139,24,21,1,3,0.7,0.5
2026-09-19T2100,4183A,121.417401,31.16637,上海市,冠生园路458号,,22,20,23,15,17,63,NA,77,68,21,18,8,8,0.4,0.5
2026-09-19T2100,4184A,115.479691,35.244011,菏泽市,永昌路1号,细颗粒物(PM2.5),128,149,91,90,47,121,NA,179,170,19,15,5,7,0.9,0.7
2026-09-19T2100,4185A,115.078022,30.21118,黄石市,磁湖东路29号,颗粒物(PM10),57,59,55,36,32,129,NA,135,135,6,8,5,6,0.9,0.9
2026-09-19T2100,4186A,117.194237,34.229354,徐州市,解放南路202号,,32,32,50,11,26,73,NA,109,99,14,17,8,9,0.6,0.7
2026-09-19T2100,4187A,112.3425,28.611,益阳市,幸福渠东路223号,颗粒物(PM10),64,69,46,41,33,56,NA,84,81,25,13,8,8,0.7,0.6
2026-09-19T2100,4188A,112.3712,28.5764,益阳市,益鑫泰路85号,颗粒物(PM10),61,65,51,40,35,71,NA,85,84,15,11,10,10,0.9,0.7
2026-09-19T2100,4189A,113.113092,36.199482,长治市,英华南巷50号,细颗粒物(PM2.5),108,82,59,68,54,149,NA,168,160,16,13,12,12,1.2,1.3
2026-09-19T2100,4190A,113.23666,36.33435,长治市,学府街1号,颗粒物(PM10),63,67,58,41,39,142,NA,162,156,3,8,7,7,1.0,0.9
2026-09-19T2100,4191A,118.527362,31.722269,马鞍山市,慈湖高新区,,32,32,51,18,31,54,NA,99,75,19,32,5,7,0.6,0.9
2026-09-19T2100,4192A,115.931587,28.686774,南昌市,南京东路235号,细颗粒物(PM2.5),56,44,33,38,39,108,NA,141,139,13,10,5,5,0.3,0.3
2026-09-19T2100,4193A,115.471542,35.280012,菏泽市,长城路999号,颗粒物(PM10),88,102,84,53,46,110,NA,177,167,31,20,7,9,0.9,0.8
2026-09-19T2100,4194A,117.078628,40.151726,北京市,平谷新城,颗粒物(PM10),58,61,36,35,20,86,NA,133,128,12,6,2,3,0.6,0.5
2026-09-19T2100,4196A,117.24369,39.102911,天津市,光华路,,46,46,35,24,20,126,NA,162,160,10,17,9,9,0.4,0.4
2026-09-19T2100,4197A,118.130859,39.636026,唐山市,友谊北路34号,颗粒物(PM10),61,65,53,35,25,100,NA,122,109,27,19,7,6,0.6,0.6
2026-09-19T2100,4198A,119.509013,39.825305,秦皇岛市,北戴河轮滑馆,,46,46,33,20,10,113,NA,126,124,8,20,7,5,0.5,0.3
2026-09-19T2100,4199A,113.2798248,40.09972476,大同市,魏都大道141号,颗粒物(PM10),110,144,96,18,35,86,NA,130,122,17,32,9,12,0.4,0.6
2026-09-19T2100,4200A,112.7478,37.6954,晋中市,迎宾街26号,细颗粒物(PM2.5),127,146,79,89,53,140,NA,178,172,20,16,26,12,1.1,0.5
2026-09-19T2100,4201A,122.944647,41.082639,鞍山市,兴盛南路290号,颗粒物(PM10),80,92,65,37,21,73,NA,119,108,31,26,9,9,0.8,0.8
2026-09-19T2100,4202A,113.9856,32.9802,驻马店市,交通路1233号,颗粒物(PM10),53,54,55,34,38,61,NA,112,97,20,14,5,4,0.7,0.5
2026-09-19T2100,4203A,111.3168,30.7203,宜昌市,西陵二路116号,,43,43,27,25,17,59,NA,99,95,19,13,8,7,0.6,0.6
2026-09-19T2100,4204A,111.3526,30.6374,宜昌市,沈家店路6号,,49,36,33,34,24,50,NA,85,82,13,14,7,8,0.6,0.5
2026-09-19T2100,4205A,121.541914,31.268301,上海市,宁武路151号,NA,NA,25,27,17,17,NA,NA,72,54,43,26,8,8,0.3,0.3
2026-09-19T2100,4206A,119.028838,33.631911,淮安市,承德北路606号,,22,22,25,10,13,63,NA,70,68,10,14,6,7,0.6,0.6
2026-09-19T2100,4207A,120.12211,33.393982,盐城市,黄海中路88号,,29,29,21,19,9,45,NA,83,71,16,6,10,10,0.7,0.6
2026-09-19T2100,4209A,117.003137,32.644456,淮南市,国庆中路369号,,41,41,40,15,28,43,NA,63,59,18,12,9,9,0.2,0.2
2026-09-19T2100,4210A,118.335445,29.720283,黄山市,滨江东路7-2号,,46,46,46,29,31,90,NA,118,102,5,8,/,/,/,/
2026-09-19T2100,4211A,118.190438,28.444845,上饶市,裕丰大道,,43,43,63,27,40,122,NA,170,146,8,12,10,14,0.7,0.8
2026-09-19T2100,4212A,118.3039243,36.82708161,淄博市,广场路1号,颗粒物(PM10),60,63,46,35,36,69,NA,166,147,50,31,6,6,0.2,0.2
2026-09-19T2100,4213A,121.364239,37.529648,烟台市,青年南路118号,,32,19,15,10,9,102,NA,118,112,12,11,8,7,0.6,0.5
2026-09-19T2100,4214A,112.460027,34.694929,洛阳市,春都路1号院,细颗粒物(PM2.5),104,87,95,64,71,100,NA,145,139,21,30,7,8,0.4,0.6
2026-09-19T2100,4215A,113.916569,35.331547,新乡市,建设东路46号,颗粒物(PM10),88,103,92,47,45,88,NA,151,138,25,24,9,11,0.8,0.9
2026-09-19T2100,4216A,115.0923632,35.76857718,濮阳市,任丘路479号,细颗粒物(PM2.5),125,151,142,87,87,120,NA,204,193,30,22,5,9,1.0,0.9
2026-09-19T2100,4217A,114.3182,29.8447,咸宁市,双鹤路18号,细颗粒物(PM2.5),72,52,61,46,40,84,NA,131,127,11,12,4,7,0.8,0.8
2026-09-19T2100,4218A,111.446,27.2472,邵阳市,北塔二期4-26地块,细颗粒物(PM2.5),56,56,44,38,28,74,NA,94,91,11,8,6,5,0.8,0.8
2026-09-19T2100,4219A,111.4739,27.2282,邵阳市,邵水西路287号,细颗粒物(PM2.5),64,NA,42,42,32,91,NA,101,100,6,5,11,9,0.6,0.5
2026-09-19T2100,4220A,114.214113,22.713717,深圳市,黄阁路,,49,36,37,20,19,154,NA,172,159,17,16,6,6,1.0,0.9
2026-09-19T2100,4221A,108.2177,22.7774,南宁市,乐贤路16号,细颗粒物(PM2.5),66,69,50,43,35,70,NA,140,123,33,27,10,8,0.7,0.7
2026-09-19T2100,4222A,110.1835,25.2444,桂林市,环湖路276号,,36,NA,24,25,24,74,NA,109,102,10,8,3,3,0.6,0.6
2026-09-19T2100,4223A,106.4686218,29.48920871,重庆市,双山路147号,,37,37,21,19,10,61,NA,85,85,15,24,6,6,0.9,0.9
2026-09-19T2100,4224A,104.2433276,30.53529463,成都市,鲸龙路1057号,,17,17,32,6,23,35,NA,52,50,18,21,8,8,0.8,0.9
2026-09-19T2100,4225A,104.714266,29.338571,自贡市,贡兴路74号,,25,25,17,15,9,51,NA,82,78,5,6,7,7,0.6,0.6
2026-09-19T2100,4226A,104.765114,31.453094,绵阳市,绵阳市气象局,,23,23,19,8,10,24,NA,29,27,22,14,6,6,0.6,0.6
2026-09-19T2100,4227A,106.108336,30.788436,南充市,梨树横街98号,,11,11,15,4,8,33,NA,47,47,7,12,8,8,0.2,0.3
2026-09-19T2100,4229A,102.2342,27.8859,凉山彝族自治州,凯乐南路30号,,18,17,20,8,14,50,NA,66,62,16,16,19,8,1.8,0.9
2026-09-19T2100,4230A,106.688212,26.56952,贵阳市,花果园大街66号,,30,30,24,15,13,71,NA,78,75,10,11,4,4,/,/
2026-09-19T2100,4231A,106.687268,26.516892,贵阳市,漓江路57号,,27,27,21,14,13,58,NA,69,66,11,11,8,7,0.5,0.5
2026-09-19T2100,4233A,108.596239,34.118792,西安市,西苑北路977号,细颗粒物(PM2.5),96,88,78,58,50,68,NA,80,74,13,22,5,5,1.0,0.9
2026-09-19T2100,4234A,108.949652,34.870529,铜川市,大唐三路,细颗粒物(PM2.5),56,45,54,38,35,98,NA,117,110,11,12,4,6,0.9,0.9
2026-09-19T2100,4235A,109.5051,34.4921,渭南市,渭花路4号,细颗粒物(PM2.5),92,78,56,56,43,54,NA,101,94,22,17,5,5,0.6,0.5
2026-09-19T2100,4236A,103.629272,36.093822,兰州市,庄浪东路808号,,40,40,34,16,12,65,NA,70,69,23,21,12,12,0.4,0.6
2026-09-19T2100,4237A,103.7251,36.104344,兰州市,安宁西路88号,,37,37,40,18,13,95,NA,88,87,7,17,11,10,0.3,0.3
2026-09-19T2100,4238A,103.846982,36.067567,兰州市,北滨河东路1号,,31,31,32,20,15,75,NA,73,73,19,17,6,4,0.4,0.4
2026-09-19T2100,4239A,102.193042,38.531887,金昌市,长春路96号,,32,19,19,12,9,100,NA,116,111,8,4,5,4,0.1,0.1
2026-09-19T2100,4240A,98.495752,39.733935,酒泉市,玉门东路5号,,34,34,34,23,14,86,NA,103,103,10,13,6,7,0.5,0.3
2026-09-19T2100,4241A,98.5099,39.7506,酒泉市,北大街108号,,31,31,38,14,16,91,NA,107,106,9,13,5,6,0.2,0.2
2026-09-19T2100,4242A,106.226373,38.491976,银川市,广场西路,颗粒物(PM10),51,51,38,10,18,93,NA,80,80,10,17,4,6,0.3,0.4
2026-09-19T2100,4243A,92.0515,31.4787,那曲市,那曲市委宣传部,,29,12,10,10,8,91,NA,108,103,14,9,3,3,0.5,0.4
2026-09-19T2100,4244A,111.4879,36.053,临汾市,启星学校,细颗粒物(PM2.5),106,95,65,66,48,96,NA,151,140,24,19,9,7,0.9,0.7
2026-09-19T2100,4245A,106.8609,27.5969,遵义市,遵南大道1161号,,45,45,35,24,22,61,NA,90,84,15,10,8,6,0.8,0.7
2026-09-19T2100,4246A,105.833962,30.18863087,重庆市,桃园路24号,,24,24,19,8,13,44,NA,68,63,7,7,2,3,0.5,0.5
2026-09-19T2100,4247A,107.091033,29.153966,重庆市,钟楼街32号,,40,39,22,28,20,38,NA,77,71,11,7,8,8,0.7,0.7
2026-09-19T2100,4248A,107.8042979,30.67350233,重庆市,人民南路309号,,31,31,20,11,5,23,NA,40,38,9,4,6,6,0.3,0.3
2026-09-19T2100,4249A,118.8707617,31.34017673,南京市,汶溪路181号,NA,NA,32,27,14,19,NA,NA,129,116,14,11,2,2,0.6,0.6
2026-09-19T2100,4250A,114.089259,33.588274,漯河市,韶山路11号,细颗粒物(PM2.5),60,48,55,40,40,79,NA,118,106,19,18,8,9,0.4,0.4
2026-09-19T2100,4251A,112.1433,32.0581,襄阳市,铁院东路4号,颗粒物(PM10),61,65,48,37,30,77,NA,112,108,17,12,8,8,0.8,0.7
2026-09-19T2100,4252A,113.0138,25.8011,郴州市,好美居路49号,,45,42,35,31,25,58,NA,67,67,10,8,10,9,/,/
2026-09-19T2100,4253A,116.010205,29.659402,九江市,莲花大道8号,细颗粒物(PM2.5),130,NA,54,92,41,69,NA,113,106,16,10,7,7,0.9,0.7
2026-09-19T2100,4254A,120.2925,31.5685,无锡市,健康路105号,,21,21,29,3,18,63,NA,89,80,10,21,4,5,0.5,0.7
2026-09-19T2100,4255A,110.16795,22.640993,玉林市,人民东路196号,细颗粒物(PM2.5),64,60,42,42,33,72,NA,150,136,28,13,6,9,0.9,0.7
2026-09-19T2100,4256A,107.375,22.3736,崇左市,石景林东路7号,,46,32,34,32,22,54,NA,120,108,18,13,7,7,0.6,0.6
2026-09-19T2100,4257A,104.6092,35.5962,定西市,将台街,,45,45,37,6,6,80,NA,82,82,9,8,5,6,0.3,0.3
2026-09-19T2100,4258A,111.2416,23.4155,梧州市,政贤路18号,颗粒物(PM10),73,81,58,45,35,53,NA,150,133,33,20,8,10,0.6,0.5
2026-09-19T2100,4259A,113.835877,34.0155267,许昌市,望田路111号,颗粒物(PM10),85,98,96,39,60,93,NA,119,113,23,19,6,7,0.6,0.7
2026-09-19T2100,4260A,109.5933,23.095,贵港市,中山路155-3号,细颗粒物(PM2.5),68,58,67,44,43,140,NA,168,162,11,19,/,/,0.8,0.8
2026-09-19T2100,4261A,103.7247,27.3415,昭通市,环东路146号,,25,25,14,16,10,59,NA,73,71,9,10,1,3,0.5,0.6
2026-09-19T2100,4263A,105.3688,27.3598,毕节市,工业大道,,20,19,24,14,16,56,NA,69,68,11,7,8,10,/,/
2026-09-19T2100,4264A,113.234,35.219,焦作市,新安路1731号,细颗粒物(PM2.5),90,82,78,55,48,112,NA,172,157,20,18,5,5,0.1,0.2
2026-09-19T2100,4265A,113.108806,29.353066,岳阳市,求索西路365号,,43,43,47,26,33,70,NA,86,86,12,13,4,4,0.9,0.9
2026-09-19T2100,4266A,117.7325,34.5683,枣庄市,文化路178号,颗粒物(PM10),78,88,61,42,28,62,NA,130,112,25,18,7,8,0.4,0.4
2026-09-19T2100,4268A,112.1722,30.3366,荆州市,学苑路85号,NA,NA,53,39,35,35,95,NA,121,120,NA,9,6,6,0.6,0.6
2026-09-19T2100,4269A,114.6701,33.6167,周口市,七一路,细颗粒物(PM2.5),70,48,46,45,38,70,NA,107,97,20,14,8,8,0.7,0.6
2026-09-19T2100,4270A,102.6447,37.9293,武威市,钟楼街149号,,28,28,34,11,11,75,NA,98,90,15,6,9,10,0.3,0.2
2026-09-19T2100,4271A,103.2464,35.6123,临夏回族自治州,滨河东路1号,NA,NA,NA,40,12,17,45,NA,47,NA,15,13,6,8,0.4,0.4
2026-09-19T2100,4273A,81.2737,43.9337,伊犁哈萨克自治州,安徽路800号,颗粒物(PM10),91,107,91,36,27,41,NA,103,99,66,46,7,8,1.0,0.9
2026-09-19T2100,4274A,117.7994,40.9605,承德市,滨河大街98号,,42,40,43,29,28,105,NA,134,126,7,10,10,12,0.4,0.6
2026-09-19T2100,4275A,111.591512,40.827312,呼和浩特市,成吉思汗西街8号,,26,NA,46,11,23,83,NA,108,104,16,43,4,7,0.4,0.5
2026-09-19T2100,4276A,111.6597,40.8077,呼和浩特市,公园东路75号,,25,14,53,14,24,80,NA,106,101,13,20,7,9,0.5,0.7
2026-09-19T2100,4277A,111.5427,40.7846,呼和浩特市,金海路35号,,27,14,52,12,20,84,NA,106,102,16,29,5,7,0.3,0.5
2026-09-19T2100,4278A,106.8212,39.6741,乌海市,海拉北路,,33,25,41,23,22,92,NA,105,105,4,17,10,21,0.2,0.5
2026-09-19T2100,4279A,119.7569,49.2222,呼伦贝尔市,伊敏大街东7号,,25,25,22,12,9,26,NA,39,38,18,8,5,5,0.3,0.3
2026-09-19T2100,4280A,122.0921,46.065,兴安盟,洮儿河南路,,22,22,34,12,14,50,NA,104,88,15,9,5,5,0.2,0.2
2026-09-19T2100,4281A,125.334645,43.916281,长春市,北亚泰大街1068号,,47,47,41,22,17,90,NA,84,84,27,28,7,7,0.4,0.4
2026-09-19T2100,4282A,126.6769,45.7379,哈尔滨市,华山路1号,,34,34,38,17,10,75,NA,98,89,24,24,8,10,0.1,0.2
2026-09-19T2100,4283A,126.9717,45.5356,哈尔滨市,解放大街52号,,45,45,36,9,5,75,NA,109,96,13,12,7,8,0.5,0.5
2026-09-19T2100,4284A,128.8325,47.8447,伊春市,永安路4-1号,,32,32,29,8,10,53,NA,96,82,8,6,1,2,0.2,0.3
2026-09-19T2100,4285A,130.363,46.806,佳木斯市,顺和街,,41,41,37,17,16,64,NA,93,87,20,22,2,2,0.5,0.4
2026-09-19T2100,4286A,130.3952,46.8268,佳木斯市,长安路196号,颗粒物(PM10),53,53,41,25,13,58,NA,91,82,27,17,3,2,0.6,0.3
2026-09-19T2100,4287A,129.5992,44.5964,牡丹江市,东晓云街98号,,47,47,40,20,13,24,NA,69,48,14,14,8,7,0.5,0.4
2026-09-19T2100,4288A,117.2438,34.2844,徐州市,龙潭环路5号,,31,31,55,14,31,74,NA,109,98,7,17,8,9,0.8,0.9
2026-09-19T2100,4289A,117.154766,29.256967,景德镇市,青少年活动中心,细颗粒物(PM2.5),58,41,47,39,34,78,NA,120,108,15,14,13,10,/,/
2026-09-19T2100,4290A,120.196923,35.954556,青岛市,珠江路669号,,34,17,14,8,7,106,NA,123,117,7,8,4,4,0.5,0.5
2026-09-19T2100,4291A,120.0424,35.8656,青岛市,黄岛区人民政府广场,,30,14,16,6,8,93,NA,115,106,8,12,4,4,0.3,0.3
2026-09-19T2100,4292A,116.352738,37.420875,德州市,新河东路,颗粒物(PM10),65,70,51,36,27,90,NA,178,161,42,17,8,9,0.7,0.7
2026-09-19T2100,4293A,113.605125,34.755221,郑州市,计划路2号,颗粒物(PM10),55,56,84,27,52,94,NA,142,124,16,19,2,5,0.2,0.3
2026-09-19T2100,4294A,113.6525645,34.77362682,郑州市,同乐路9号,颗粒物(PM10),56,58,80,32,55,84,NA,135,118,23,22,4,6,0.4,0.5
2026-09-19T2100,4295A,113.2722,35.2121,焦作市,人民路3066号,颗粒物(PM10),77,87,86,34,49,100,NA,162,145,17,21,5,5,0.1,0.3
2026-09-19T2100,4296A,114.6421,33.6417,周口市,健康路46号,细颗粒物(PM2.5),58,46,47,39,39,69,NA,104,95,20,17,1,2,0.6,0.5
2026-09-19T2100,4297A,114.649,33.596,周口市,太昊路,细颗粒物(PM2.5),60,NA,63,40,37,76,NA,110,100,20,19,4,4,0.8,0.8
2026-09-19T2100,4298A,114.284,29.8595,咸宁市,碧桂路,细颗粒物(PM2.5),78,60,68,49,41,71,NA,123,118,21,20,3,4,0.7,0.7
2026-09-19T2100,4299A,111.6195,26.2253,永州市,徐家井路86号,,42,37,33,29,25,74,NA,84,84,10,10,6,6,0.9,0.9
2026-09-19T2100,4300A,114.4089,23.1147,惠州市,文华一路1号,颗粒物(PM10),56,58,39,32,22,110,NA,117,112,24,10,/,/,/,/
2026-09-19T2100,4301A,110.2803,25.2773,桂林市,信义路13号,,30,22,30,21,23,73,NA,99,94,10,8,5,5,0.9,0.8
2026-09-19T2100,4302A,108.0901,24.6945,河池市,上任中路54号,细颗粒物(PM2.5),58,54,40,39,19,42,NA,100,90,30,16,8,7,0.8,0.8
2026-09-19T2100,4303A,105.5911,30.5368,遂宁市,环岛商务中心9号楼,,14,14,24,2,10,36,NA,54,53,9,13,7,7,0.7,0.7
2026-09-19T2100,4304A,106.1172,30.843,南充市,清泉寺北路188号,,27,27,16,4,8,25,NA,50,47,12,9,9,9,0.5,0.6
2026-09-19T2100,4305A,106.067,30.7616,南充市,同庆路1号,,17,17,18,6,8,25,NA,47,46,16,14,7,7,0.5,0.5
2026-09-19T2100,4306A,103.0544,30.0133,雅安市,滨江西路,,23,22,21,16,16,54,NA,58,58,9,11,4,4,0.5,0.5
2026-09-19T2100,4307A,108.9817,34.2035,西安市,曲江池东路988号,细颗粒物(PM2.5),76,74,68,48,42,81,NA,94,92,15,31,4,4,0.7,0.6
2026-09-19T2100,4308A,107.3898,34.3601,宝鸡市,陈仓区北开路21号,细颗粒物(PM2.5),86,63,55,53,44,68,NA,81,77,12,15,13,6,0.8,0.6
2026-09-19T2100,4309A,104.6159,35.5701,定西市,正龙路62号,,43,43,33,6,5,78,NA,77,77,10,9,2,3,0.2,0.3
2026-09-19T2100,4310A,103.207136,35.599807,临夏回族自治州,新华街21号,,29,29,39,14,20,72,NA,83,83,10,12,8,9,0.3,0.4
2026-09-19T2100,4311A,122.0383,46.0691,兴安盟,科尔沁北路63号,,31,31,32,10,12,65,NA,105,94,8,7,6,6,0,0.3
2026-09-19T2100,4312A,119.019,31.6512,南京市,中山西路1号,,18,14,32,10,21,56,NA,99,82,12,15,3,4,0.7,0.7
2026-09-19T2100,4314A,114.0494,38.059,石家庄市,矿区区委大楼,颗粒物(PM10),98,117,85,46,43,73,NA,156,140,31,21,7,8,0.6,0.6
2026-09-19T2100,4325A,105.3665,28.77434,泸州市,纳溪区委政协,,30,30,24,20,16,78,NA,89,86,13,16,4,4,0.6,0.7
2026-09-19T2100,4326A,113.0794,22.5999,江门市,五邑大学,,40,40,40,24,22,127,NA,180,167,14,15,10,10,0.6,0.5
