timepoint,stationcode,longitude,latitude,area,positionname,primarypollutant,aqi,pm10,pm10_24h,pm2_5,pm2_5_24h,o3,o3_24h,o3_8h,o3_8h_24h,no2,no2_24h,so2,so2_24h,co,co_24h
2026-09-22T1800,1001A,116.3611,39.8786,北京市,万寿西宫,,38,22,55,14,29,121,NA,131,131,11,19,3,3,0.4,0.4
2026-09-22T1800,1003A,116.4174,39.9289,北京市,东四,,47,27,49,12,27,148,NA,157,157,10,20,3,3,0.9,0.5
2026-09-22T1800,1004A,116.4073,39.8858,北京市,天坛,,44,31,52,14,27,139,NA,148,148,9,23,3,3,0.5,0.7
2026-09-22T1800,1005A,116.4622,39.9364,北京市,农展馆,,42,36,57,17,30,134,NA,138,138,11,26,4,3,0.4,0.5
2026-09-22T1800,1006A,116.3399,39.9293,北京市,官园,,43,35,56,19,27,136,NA,142,142,13,27,4,4,0.4,0.5
2026-09-22T1800,1007A,116.2879,39.9613,北京市,海淀万柳,,40,39,62,19,28,127,NA,138,138,16,36,4,3,0.4,0.5
2026-09-22T1800,1008A,116.6635,40.1349,北京市,顺义新城,,45,28,51,12,25,142,NA,148,148,17,28,5,4,0.5,0.5
2026-09-22T1800,1009A,116.6275,40.327,北京市,怀柔镇,,47,32,37,19,22,149,NA,159,159,13,12,3,2,0.5,0.5
2026-09-22T1800,1010A,116.2295,40.217,北京市,昌平镇,颗粒物(PM10),53,54,49,25,27,147,NA,148,148,13,17,3,3,0.4,0.5
2026-09-22T1800,1011A,116.3968,39.982,北京市,奥体中心,,40,30,51,14,28,126,NA,130,130,8,24,7,6,0.4,0.5
2026-09-22T1800,1015A,117.1446,39.1659,天津市,勤俭道,臭氧1小时(O3_1h),55,26,56,12,30,164,NA,154,154,10,19,6,7,0.4,0.7
2026-09-22T1800,1018A,117.2016,39.0928,天津市,前进道,臭氧1小时(O3_1h),57,21,52,10,27,165,NA,159,159,14,19,7,8,0.3,0.5
2026-09-22T1800,1019A,117.1837,39.2134,天津市,淮河道,,50,25,62,12,29,160,NA,156,156,11,24,8,9,0.3,0.8
2026-09-22T1800,1021A,117.308261,39.088386,天津市,跃进路,臭氧1小时(O3_1h),73,39,58,15,28,178,NA,165,165,18,22,8,7,0.6,0.6
2026-09-22T1800,1023A,117.707,39.0344,天津市,第四大街,,49,49,52,19,25,147,NA,158,158,31,26,8,8,0.9,1.1
2026-09-22T1800,1024A,117.4573,38.8395,天津市,永明路,颗粒物(PM10),75,85,49,41,26,173,NA,169,169,17,20,9,7,0.8,0.7
2026-09-22T1800,1026A,117.7641,39.1588,天津市,汉北路,颗粒物(PM10),52,52,60,19,26,158,NA,162,162,24,33,6,6,0.6,0.9
2026-09-22T1800,1030A,114.5919,38.0328,石家庄市,高新区,,47,45,66,30,38,149,NA,145,145,9,13,1,2,0.4,0.6
2026-09-22T1800,1032A,114.4556,38.0136,石家庄市,西南高教,臭氧1小时(O3_1h),59,46,61,29,39,167,NA,157,157,10,16,3,3,0.3,0.4
2026-09-22T1800,1033A,114.533,38.0177,石家庄市,世纪公园,颗粒物(PM10),63,68,61,34,43,130,NA,128,128,6,14,2,2,0.6,0.7
2026-09-22T1800,1034A,114.5105,38.0489,石家庄市,人民会堂,颗粒物(PM10),53,54,61,30,36,145,NA,148,148,14,16,3,3,0.3,0.4
2026-09-22T1800,1040A,118.1707,39.6505,唐山市,十二中,臭氧1小时(O3_1h),73,42,45,25,28,178,NA,169,169,14,17,7,3,0.7,0.7
2026-09-22T1800,1041A,118.1868,39.6219,唐山市,小山,颗粒物(PM10),65,71,61,20,23,129,NA,142,142,15,15,11,7,0.7,0.7
2026-09-22T1800,1046A,119.5247,39.9346,秦皇岛市,建设大厦,臭氧1小时(O3_1h),98,84,79,35,31,198,NA,164,164,12,36,7,7,0.8,0.8
2026-09-22T1800,1049A,114.492,36.5712,邯郸市,矿院,细颗粒物(PM2.5),72,49,56,46,50,118,NA,122,122,3,18,5,6,0.7,1.1
2026-09-22T1800,1050A,114.4839,36.6136,邯郸市,丛台公园,臭氧1小时(O3_1h),57,54,62,37,54,165,NA,166,166,2,13,10,17,0.6,0.9
2026-09-22T1800,1051A,115.4803,38.8568,保定市,游泳馆,NA,NA,49,62,30,56,155,NA,150,150,NA,13,2,2,0.6,0.8
2026-09-22T1800,1052A,115.509,38.8895,保定市,华电二区,,49,44,73,27,52,154,NA,149,149,8,11,2,2,0.6,0.7
2026-09-22T1800,1053A,115.4588,38.9037,保定市,接待中心,,49,44,69,32,67,154,NA,151,151,9,11,5,5,0.5,0.2
2026-09-22T1800,1054A,115.4484,38.8344,保定市,地表水厂,,46,39,62,25,56,145,NA,147,147,15,24,2,5,0.6,0.8
2026-09-22T1800,1057A,114.8884,40.8336,张家口市,人民公园,,41,40,28,20,12,130,NA,130,130,18,13,9,7,0.1,0
2026-09-22T1800,1059A,114.868581,40.804273,张家口市,五金库,,45,45,31,15,12,128,NA,128,128,15,14,/,/,/,/
2026-09-22T1800,1060A,114.8901,40.762,张家口市,世纪豪园,,42,42,29,12,7,123,NA,123,123,14,12,8,7,0.5,0.5
2026-09-22T1800,1062A,117.9531,40.908,承德市,铁路,,37,37,26,10,12,106,NA,121,121,22,15,7,7,0.3,0.3
2026-09-22T1800,1063A,117.9397,40.9763,承德市,中国银行,,39,38,23,12,10,123,NA,119,119,6,14,7,7,0.4,0.3
2026-09-22T1800,1067A,116.6712,39.5109,廊坊市,药材公司,颗粒物(PM10),58,60,79,24,49,140,NA,152,150,9,18,4,5,0.4,0.5
2026-09-22T1800,1068A,116.7215,39.5592,廊坊市,开发区,,50,41,68,24,40,160,NA,163,163,8,16,1,2,0.3,0.5
2026-09-22T1800,1070A,116.7246,39.5273,廊坊市,北华航天学院,颗粒物(PM10),57,59,64,12,33,155,NA,159,159,5,17,2,3,0.4,0.6
2026-09-22T1800,1071A,116.8733,38.2922,沧州市,沧县城建局,,42,37,43,23,28,132,NA,140,139,13,18,4,8,0.1,0.2
2026-09-22T1800,1072A,116.8462,38.3189,沧州市,电视转播站,,44,34,49,22,24,138,NA,143,143,6,13,9,8,0.0,0.1
2026-09-22T1800,1073A,116.8588,38.3161,沧州市,市环保局,NA,NA,NA,NA,NA,NA,NA,NA,NA,NA,NA,NA,NA,NA,NA,NA
2026-09-22T1800,1074A,115.6839,37.754,衡水市,电机北厂,臭氧1小时(O3_1h),82,41,50,37,44,185,NA,164,164,10,20,3,3,0.4,0.5
2026-09-22T1800,1075A,115.6303,37.7318,衡水市,市监测站,,48,41,26,18,15,151,NA,NA,NA,12,18,35,47,1.0,1.2
2026-09-22T1800,1077A,114.4687,37.0883,邢台市,达活泉,臭氧1小时(O3_1h),73,66,43,38,31,178,NA,166,166,5,9,3,4,0.5,0.7
2026-09-22T1800,1078A,114.4954,37.0309,邢台市,邢师高专,"颗粒物(PM10),细颗粒物(PM2.5)",60,64,50,40,32,164,NA,159,159,11,12,3,4,0.6,0.9
2026-09-22T1800,1079A,114.5281,37.0857,邢台市,路桥公司,细颗粒物(PM2.5),64,57,39,42,29,160,NA,150,150,7,11,5,4,0.5,0.5
2026-09-22T1800,1080A,114.4721,37.0713,邢台市,市环保局,臭氧1小时(O3_1h),73,70,46,37,29,178,NA,167,167,10,10,7,7,0.5,0.6
2026-09-22T1800,1081A,112.5138,37.8916,太原市,尖草坪,细颗粒物(PM2.5),88,59,77,54,60,156,NA,120,120,14,25,9,9,0.8,0.8
2026-09-22T1800,1084A,112.4691,37.7125,太原市,晋源,细颗粒物(PM2.5),72,64,73,46,58,145,NA,126,126,14,30,8,7,0.8,1
2026-09-22T1800,1085A,112.5595,37.7391,太原市,小店,细颗粒物(PM2.5),62,44,71,41,56,158,NA,135,135,9,19,8,9,0.8,1.1
2026-09-22T1800,1087A,112.5705,37.8199,太原市,坞城,细颗粒物(PM2.5),84,59,71,52,61,156,NA,122,122,20,37,12,13,1.1,1.2
2026-09-22T1800,1088A,112.5495,37.9853,太原市,南寨,细颗粒物(PM2.5),109,87,76,69,54,129,NA,100,100,24,25,8,7,1.0,1.1
2026-09-22T1800,1090A,111.6506,40.7517,呼和浩特市,呼市一监,,44,24,30,16,15,138,NA,127,127,7,23,6,6,0.3,0.5
2026-09-22T1800,1094A,111.7516,40.8369,呼和浩特市,如意水处理厂,,45,22,32,14,14,142,NA,97,NA,12,38,10,9,0.3,0.3
2026-09-22T1800,1095A,111.727798,40.806187,呼和浩特市,二十九中,,41,28,31,19,15,131,NA,127,127,22,34,9,8,0.4,0.6
2026-09-22T1800,1097A,111.717,40.7617,呼和浩特市,化肥厂生活区,,44,21,31,11,13,138,NA,126,126,12,30,8,8,0.5,0.7
2026-09-22T1800,1099A,123.5058,41.7084,沈阳市,浑南东路,,32,31,55,8,20,102,NA,132,132,29,36,11,14,0.5,0.9
2026-09-22T1800,1100A,123.4238,41.6992,沈阳市,新秀街,,50,50,48,6,16,90,NA,126,126,37,43,8,12,0.5,0.7
2026-09-22T1800,1102A,123.5903,41.8412,沈阳市,东陵路,NA,NA,NA,36,6,10,115,NA,125,125,15,24,12,13,0.4,0.7
2026-09-22T1800,1103A,123.4267,41.8466,沈阳市,陵东街,,41,41,42,7,19,103,NA,114,114,7,22,7,9,0.4,0.9
2026-09-22T1800,1104A,123.4116,41.7654,沈阳市,文化路,NA,NA,47,45,NA,20,101,NA,128,128,26,42,10,13,0.5,1
2026-09-22T1800,1105A,123.4673,41.787,沈阳市,小河沿,,40,40,39,8,17,108,NA,119,119,15,33,8,8,0.6,1
2026-09-22T1800,1106A,123.4019,41.7978,沈阳市,太原街,,34,33,53,7,20,106,NA,130,130,19,41,6,8,0.5,1
2026-09-22T1800,1108A,123.3778,41.9233,沈阳市,京沈街,颗粒物(PM10),51,51,51,8,17,104,NA,131,131,27,42,8,9,0.4,1.1
2026-09-22T1800,1109A,121.6119,38.974,大连市,甘井子,,32,24,24,17,10,100,NA,121,117,31,19,8,9,0.6,0.5
2026-09-22T1800,1110A,121.565,38.9509,大连市,周水子,,37,26,27,13,11,118,NA,126,126,19,30,6,7,0.7,0.6
2026-09-22T1800,1111A,121.5637,38.8849,大连市,星海三站,,43,28,24,17,10,135,NA,122,122,11,14,8,8,0.5,0.5
2026-09-22T1800,1112A,121.6301,38.9117,大连市,青泥洼桥,,35,20,28,11,10,112,NA,112,112,14,21,8,8,0.3,0.2
2026-09-22T1800,1113A,121.6248,38.8643,大连市,傅家庄,,42,NA,21,24,8,134,NA,130,130,10,13,7,8,0.8,0.7
2026-09-22T1800,1114A,121.5117,38.8636,大连市,七贤岭,,42,42,16,21,8,121,NA,113,113,22,14,6,8,1.0,0.5
2026-09-22T1800,1116A,121.7507,39.1339,大连市,金州,,35,29,26,14,12,110,NA,137,137,26,16,9,8,0.6,0.5
2026-09-22T1800,1117A,121.7811,39.0495,大连市,开发区,,29,23,23,10,13,92,NA,108,108,39,22,6,9,0.6,0.6
2026-09-22T1800,1118A,121.9762,39.0631,大连市,双D港,,33,11,21,7,9,104,NA,126,126,15,10,7,9,0.8,0.6
2026-09-22T1800,1120A,125.2874,43.9024,长春市,客车厂,,34,34,28,14,12,99,NA,99,99,34,23,7,5,0.6,0.5
2026-09-22T1800,1121A,125.2943,43.8508,长春市,邮电学院,,44,44,20,11,12,115,NA,100,100,20,11,8,6,0.4,0.3
2026-09-22T1800,1122A,125.3648,43.8745,长春市,劳动公园,,36,30,23,11,12,115,NA,106,106,20,20,6,5,0.3,0.3
2026-09-22T1800,1123A,125.3233,43.8781,长春市,园林处,,38,31,29,11,13,121,NA,106,106,18,17,9,8,0.6,0.5
2026-09-22T1800,1124A,125.4604,43.7904,长春市,净月潭,,31,17,15,7,10,98,NA,97,97,7,6,8,8,0.3,0.3
2026-09-22T1800,1126A,125.38,43.8422,长春市,经开区环卫处,,35,33,23,12,12,109,NA,98,98,18,18,9,8,0.5,0.4
2026-09-22T1800,1127A,125.234,43.7761,长春市,高新区管委会,,38,38,25,12,12,95,NA,98,98,31,20,8,8,0.6,0.4
2026-09-22T1800,1128A,125.1695,43.83,长春市,岱山公园,,37,37,26,13,16,88,NA,99,99,49,29,6,4,0.5,0.4
2026-09-22T1800,1130A,126.5557,45.8109,哈尔滨市,松北商大,,23,18,48,5,20,71,NA,78,78,11,30,6,6,0.4,0.6
2026-09-22T1800,1132A,126.6162,45.719,哈尔滨市,南岗学府路,,34,34,42,10,12,68,NA,81,81,20,33,5,6,0.5,0.6
2026-09-22T1800,1133A,126.6894,45.7733,哈尔滨市,太平宏伟公园,,26,26,53,7,11,54,NA,75,75,27,32,8,10,0.3,0.5
2026-09-22T1800,1134A,126.6361,45.7672,哈尔滨市,道外承德广场,,41,41,53,10,12,64,NA,79,79,22,32,4,5,0.5,0.6
2026-09-22T1800,1136A,126.644,45.7261,哈尔滨市,动力和平路,颗粒物(PM10),55,57,73,8,17,60,NA,76,76,28,37,9,9,0.7,0.9
2026-09-22T1800,1137A,126.5933,45.7479,哈尔滨市,道里建国路,,33,33,34,8,10,61,NA,80,80,23,31,7,7,1.6,1
2026-09-22T1800,1138A,126.6127,45.6119,哈尔滨市,平房东轻厂,,27,27,28,14,10,57,NA,80,80,28,23,6,6,0.4,0.4
2026-09-22T1800,1139A,126.5875,45.9827,哈尔滨市,呼兰师专,,40,40,28,7,5,63,NA,77,77,21,20,5,5,0.7,0.7
2026-09-22T1800,1140A,126.6299,45.6799,哈尔滨市,省农科院,颗粒物(PM10),81,93,84,25,28,54,NA,61,61,30,42,5,9,0.7,0.9
2026-09-22T1800,1141A,121.401,31.2382,上海市,普陀,,38,38,37,21,24,115,NA,135,133,16,19,5,5,0.4,0.4
2026-09-22T1800,1142A,121.4774,31.2043,上海市,十五厂,,36,36,36,22,25,111,NA,126,126,7,12,6,6,0.7,0.7
2026-09-22T1800,1143A,121.4673,31.3011,上海市,虹口,,40,40,40,24,24,102,NA,118,116,16,17,5,4,0.4,0.3
2026-09-22T1800,1147A,121.4253,31.226,上海市,静安监测站,,40,38,38,23,24,128,NA,143,142,10,14,7,8,0.7,0.7
2026-09-22T1800,1148A,121.7029,31.1905,上海市,浦东川沙,,36,34,39,21,23,113,NA,122,121,9,22,11,11,0.7,0.7
2026-09-22T1800,1149A,121.5339,31.229,上海市,浦东新区监测站,,34,33,37,22,23,107,NA,117,117,11,20,8,9,0.4,0.4
2026-09-22T1800,1150A,121.5776,31.2038,上海市,浦东张江,,37,35,37,20,25,116,NA,126,126,10,19,7,7,0.3,0.3
2026-09-22T1800,1151A,118.8033,32.1085,南京市,迈皋桥,,40,40,52,18,40,115,NA,120,120,8,16,5,6,0.7,0.9
2026-09-22T1800,1152A,118.7487,32.057,南京市,草场门,颗粒物(PM10),55,56,52,23,34,138,NA,126,126,25,20,7,7,0.8,0.9
2026-09-22T1800,1154A,118.770105,32.004342,南京市,中华门,颗粒物(PM10),55,56,46,23,34,131,NA,119,119,11,9,6,6,0.4,0.5
2026-09-22T1800,1155A,118.8059,32.0329,南京市,瑞金路,颗粒物(PM10),56,58,55,22,34,136,NA,121,121,20,17,4,4,0.6,0.6
2026-09-22T1800,1156A,118.7946,32.0774,南京市,玄武湖,颗粒物(PM10),55,57,53,16,32,130,NA,122,122,20,23,4,4,0.3,0.4
2026-09-22T1800,1157A,118.6415,32.0964,南京市,浦口,,48,48,50,19,38,120,NA,125,125,16,19,6,6,0.7,0.8
2026-09-22T1800,1158A,118.730129,32.000956,南京市,奥体中心,颗粒物(PM10),51,51,52,23,42,138,NA,130,130,19,18,6,6,0.7,0.8
2026-09-22T1800,1159A,118.9072,32.1047,南京市,仙林大学城,,46,46,59,16,34,119,NA,121,121,14,25,4,4,0.5,0.6
2026-09-22T1800,1163A,120.5974,31.3247,苏州市,轧钢厂,颗粒物(PM10),53,54,44,23,19,144,NA,140,140,32,23,6,6,0.8,0.8
2026-09-22T1800,1164A,120.6329,31.2741,苏州市,吴中区,颗粒物(PM10),53,53,44,30,26,150,NA,143,143,19,16,6,6,0.8,0.8
2026-09-22T1800,1165A,120.5566,31.3049,苏州市,苏州新区,颗粒物(PM10),52,52,41,30,27,150,NA,140,140,22,18,7,7,0.7,0.6
2026-09-22T1800,1166A,120.668709,31.312523,苏州市,苏州工业园区,臭氧1小时(O3_1h),54,53,42,31,25,163,NA,156,156,14,11,7,7,0.7,0.7
2026-09-22T1800,1167A,120.6408,31.3707,苏州市,相城区,颗粒物(PM10),59,62,43,32,24,147,NA,145,145,24,13,9,8,0.9,0.8
2026-09-22T1800,1168A,120.9056,31.9669,南通市,狼山街道,,35,27,31,10,21,109,NA,135,133,6,11,6,6,0.7,0.7
2026-09-22T1800,1170A,120.8635,32.0231,南通市,城中,,39,39,41,9,21,102,NA,126,124,8,11,2,1,0.3,0.4
2026-09-22T1800,1171A,120.9376,31.9301,南通市,星湖花园,,32,25,34,10,23,102,NA,139,136,7,9,4,4,0.7,0.7
2026-09-22T1800,1172A,120.8053,32.046,南通市,紫琅学院,,31,31,39,9,24,96,NA,124,122,9,13,4,4,0.7,0.8
2026-09-22T1800,1173A,119.1759,34.5885,连云港市,市环境监测站,,40,12,30,0,15,126,NA,130,130,8,23,9,11,0.3,0.5
2026-09-22T1800,1180A,117.257,34.2161,徐州市,新城区,,47,44,76,6,39,148,NA,140,140,15,21,7,7,0.7,0.9
2026-09-22T1800,1182A,117.2933,34.2796,徐州市,农科院,NA,NA,NA,79,NA,56,146,NA,133,133,21,25,11,12,0.5,0.7
2026-09-22T1800,1186A,119.3895,32.377,扬州市,邗江监测站,,40,36,50,8,23,127,NA,130,130,13,12,4,5,0.5,0.6
2026-09-22T1800,1188A,120.2693,31.4864,无锡市,雪浪,细颗粒物(PM2.5),74,78,47,47,26,166,NA,142,142,24,19,7,7,0.9,0.8
2026-09-22T1800,1189A,120.2761,31.621,无锡市,黄巷,颗粒物(PM10),68,75,54,36,31,150,NA,144,144,36,30,5,5,1.2,1
2026-09-22T1800,1191A,120.2422,31.5037,无锡市,漆塘,细颗粒物(PM2.5),68,70,56,44,28,164,NA,145,145,15,18,8,8,0.8,0.8
2026-09-22T1800,1192A,120.3489,31.5865,无锡市,东亭,细颗粒物(PM2.5),80,68,41,50,26,158,NA,153,153,32,24,8,7,1.0,0.7
2026-09-22T1800,1193A,120.3538,31.5474,无锡市,旺庄,细颗粒物(PM2.5),92,82,46,56,26,168,NA,159,159,29,18,8,7,1.2,0.9
2026-09-22T1800,1194A,120.2447,31.5633,无锡市,荣巷,颗粒物(PM10),65,70,50,39,26,168,NA,146,146,24,23,8,8,1.0,1
2026-09-22T1800,1195A,120.2986,31.6816,无锡市,堰桥,颗粒物(PM10),58,61,49,29,29,132,NA,140,140,29,24,7,7,0.9,0.8
2026-09-22T1800,1196A,119.9524,31.7586,常州市,市监测站,,42,42,45,18,29,134,NA,125,125,17,22,7,7,0.6,0.6
2026-09-22T1800,1200A,119.9351,31.703,常州市,武进监测站,,44,42,46,25,33,140,NA,120,120,17,23,5,4,0.6,0.6
2026-09-22T1800,1203A,119.6708,32.187,镇江市,新区办事处,,44,44,39,29,30,111,NA,128,126,37,22,5,3,0.7,0.6
2026-09-22T1800,1204A,119.497455,32.196732,镇江市,职教中心,,35,31,47,14,30,109,NA,116,116,17,22,5,8,0.5,0.5
2026-09-22T1800,1205A,119.43,32.1328,镇江市,丹徒区监测站,,44,38,45,20,30,140,NA,131,131,15,22,7,6,0.5,0.7
2026-09-22T1800,1206A,119.9042,32.488,泰州市,公园路,,39,39,40,18,24,119,NA,129,129,9,9,12,12,0.6,0.6
2026-09-22T1800,1207A,119.9189,32.4626,泰州市,莲花,,44,44,45,19,22,121,NA,127,127,6,7,18,14,0.5,0.6
2026-09-22T1800,1209A,119.8877,32.4636,泰州市,留学生创业园,,40,29,36,17,26,126,NA,137,137,6,8,10,11,0.7,0.8
2026-09-22T1800,1210A,119.0566,33.5991,淮安市,钵池山,,38,36,54,7,33,121,NA,129,129,14,21,7,7,0.7,0.8
2026-09-22T1800,1211A,119.0083,33.578,淮安市,北京南路,,46,46,52,13,30,131,NA,132,132,21,18,8,8,0.6,0.8
2026-09-22T1800,1212A,118.9938,33.6083,淮安市,市监测站,颗粒物(PM10),51,51,48,18,39,137,NA,140,140,36,24,12,11,0.6,0.6
2026-09-22T1800,1213A,119.135,33.5038,淮安市,楚州区监测站,,39,39,47,6,28,104,NA,115,115,16,17,8,8,0.7,0.8
2026-09-22T1800,1216A,120.1554,33.3941,盐城市,市监测站,NA,NA,24,36,8,20,113,NA,125,125,8,11,5,5,NA,0.7
2026-09-22T1800,1218A,120.214332,33.37951,盐城市,开发区管委会,,34,28,38,8,23,107,NA,115,114,4,8,10,11,0.6,0.7
2026-09-22T1800,1220A,118.2924,33.933,宿迁市,宿迁学院,,47,29,40,10,26,150,NA,143,143,17,22,2,4,0.4,0.6
2026-09-22T1800,1221A,118.2321,33.9572,宿迁市,宿迁中学,,45,28,44,8,30,143,NA,138,138,14,17,4,6,0.5,0.8
2026-09-22T1800,1223A,120.2073,30.2111,杭州市,滨江,,40,40,53,18,33,115,NA,131,131,23,19,6,7,0.5,0.6
2026-09-22T1800,1224A,120.0625,30.2737,杭州市,西溪,,34,23,48,18,39,107,NA,113,113,13,17,4,4,0.5,0.6
2026-09-22T1800,1226A,120.3417,30.315,杭州市,下沙,,42,33,38,19,28,132,NA,138,138,10,11,8,8,0.6,0.7
2026-09-22T1800,1227A,120.1252,30.2465,杭州市,卧龙桥,,31,31,42,21,35,67,NA,115,115,21,16,6,6,0.6,0.7
2026-09-22T1800,1228A,120.1902,30.2691,杭州市,浙江农大,,37,37,41,18,29,114,NA,122,122,18,21,8,9,0.7,0.8
2026-09-22T1800,1230A,120.1195,30.3121,杭州市,和睦小学,,44,44,42,30,30,125,NA,125,125,19,17,7,7,0.7,0.8
2026-09-22T1800,1231A,120.3076,30.4146,杭州市,临平镇,NA,NA,65,45,36,27,120,NA,132,132,19,17,8,8,NA,0.7
2026-09-22T1800,1232A,120.2753,30.1839,杭州市,城厢镇,,41,41,50,17,32,92,NA,107,107,20,14,8,8,0.6,0.7
2026-09-22T1800,1233A,120.0883,30.1808,杭州市,云栖,,38,38,44,20,33,94,NA,120,120,21,17,6,6,0.7,0.8
2026-09-22T1800,1234A,121.8352,29.9111,宁波市,区环保大楼,,42,42,33,18,14,120,NA,130,130,18,17,7,6,0.6,0.5
2026-09-22T1800,1235A,121.5595,29.8208,宁波市,万里学院,,46,35,31,16,17,147,NA,149,149,11,19,6,6,0.6,0.6
2026-09-22T1800,1236A,121.713,29.9564,宁波市,龙赛医院,,43,43,35,19,16,131,NA,141,141,13,14,7,7,0.6,0.6
2026-09-22T1800,1240A,121.5855,29.8635,宁波市,太古小学,,47,47,33,20,15,134,NA,135,135,10,11,5,5,0.6,0.7
2026-09-22T1800,1241A,121.5239,29.8673,宁波市,市环境监测中心,,45,26,31,21,18,143,NA,150,150,12,10,9,9,0.8,0.8
2026-09-22T1800,1242A,120.6342,28.0088,温州市,瓯海,,33,32,42,15,28,105,NA,145,142,13,18,6,6,0.4,0.5
2026-09-22T1800,1243A,120.6747,27.9881,温州市,南浦,颗粒物(PM10),55,56,89,17,29,105,NA,145,142,12,11,6,7,0.4,0.7
2026-09-22T1800,1244A,120.76,27.9745,温州市,龙湾,,34,32,56,12,28,106,NA,142,139,11,17,6,7,0.4,0.5
2026-09-22T1800,1247A,120.6053,29.9927,绍兴市,城东开发委,,35,35,45,20,27,105,NA,127,127,21,16,6,7,0.6,0.6
2026-09-22T1800,1250A,120.075,30.867,湖州市,城西水厂,,38,38,40,25,26,113,NA,116,116,18,17,6,7,0.7,0.7
2026-09-22T1800,1252A,120.7439,30.778,嘉兴市,清河小学,,48,48,43,17,19,146,NA,138,138,17,12,6,6,0.5,0.5
2026-09-22T1800,1253A,120.7261,30.7477,嘉兴市,嘉兴学院,,48,47,34,33,25,152,NA,143,143,21,20,6,7,0.6,0.2
2026-09-22T1800,1255A,121.2727,28.6461,台州市,黄岩环保大楼,,34,32,40,14,26,108,NA,125,124,12,9,/,/,/,/
2026-09-22T1800,1256A,121.4188,28.6545,台州市,台州环保大楼,,38,29,42,10,22,119,NA,124,124,8,9,/,/,0.7,0.8
2026-09-22T1800,1257A,121.3768,28.5772,台州市,路桥田洋王,,37,31,44,14,24,118,NA,128,128,8,11,6,7,0.5,0.5
2026-09-22T1800,1258A,122.1223,30.0203,舟山市,定海檀枫,,37,30,26,19,14,118,NA,121,121,6,6,7,7,0.7,0.7
2026-09-22T1800,1260A,122.1898,29.9945,舟山市,临城新区,,37,22,23,10,13,118,NA,124,124,5,8,6,6,0.5,0.5
2026-09-22T1800,1262A,119.6478,29.0773,金华市,十五中,颗粒物(PM10),56,58,74,30,47,137,NA,188,188,21,26,7,6,0.7,0.4
2026-09-22T1800,1263A,119.6859,29.1032,金华市,监测站,颗粒物(PM10),52,52,74,29,47,132,NA,182,182,20,31,5,4,0.7,0.7
2026-09-22T1800,1264A,118.8694,28.94,衢州市,环保大楼,臭氧1小时(O3_1h),85,67,59,46,40,188,NA,206,206,17,17,/,/,/,/
2026-09-22T1800,1266A,118.8622,28.9809,衢州市,衢州学院,细颗粒物(PM2.5),72,62,51,46,38,144,NA,184,183,23,18,8,8,0.6,0.5
2026-09-22T1800,1267A,119.9141,28.4513,丽水市,监测站大楼,臭氧1小时(O3_1h),64,42,41,32,31,171,NA,140,140,15,17,6,6,0.8,0.8
2026-09-22T1800,1268A,119.93,28.4589,丽水市,莲都小学,臭氧1小时(O3_1h),69,54,43,30,28,175,NA,142,142,14,15,/,/,/,/
2026-09-22T1800,1269A,119.8794,28.4232,丽水市,余庄前,臭氧1小时(O3_1h),57,42,40,26,28,165,NA,145,145,14,15,6,6,0.7,0.7
2026-09-22T1800,1270A,117.1957,31.7845,合肥市,明珠广场,细颗粒物(PM2.5),68,73,51,44,39,53,NA,100,58,33,17,10,10,0.6,0.5
2026-09-22T1800,1271A,117.307,31.8765,合肥市,三里街,颗粒物(PM10),56,58,46,35,40,73,NA,93,63,16,13,5,4,0.9,0.8
2026-09-22T1800,1272A,117.2587,31.8703,合肥市,琥珀山庄,颗粒物(PM10),58,61,46,36,34,64,NA,100,68,25,14,6,6,0.7,0.5
2026-09-22T1800,1275A,117.2593,31.9376,合肥市,庐阳区,颗粒物(PM10),58,61,46,32,39,72,NA,102,72,23,16,8,7,0.8,0.7
2026-09-22T1800,1276A,117.345251,31.861615,合肥市,瑶海区,颗粒物(PM10),56,58,44,30,35,77,NA,100,NA,14,10,4,4,0.7,0.7
2026-09-22T1800,1277A,117.3033,31.7967,合肥市,包河区,颗粒物(PM10),56,58,48,29,35,46,NA,76,53,43,36,5,6,0.8,0.6
2026-09-22T1800,1278A,117.278,31.7392,合肥市,滨湖新区,,48,48,47,22,35,74,NA,101,67,17,16,8,7,0.9,0.9
2026-09-22T1800,1279A,117.1324,31.8395,合肥市,高新区,颗粒物(PM10),62,66,48,38,35,74,NA,105,71,24,17,7,7,0.8,0.7
2026-09-22T1800,1282A,119.2681,26.0506,福州市,师大,,45,45,38,28,22,132,NA,147,147,8,7,5,5,0.4,0.4
2026-09-22T1800,1283A,119.2983,26.1028,福州市,五四北路,,46,38,36,32,22,129,NA,140,140,11,10,4,5,0.4,0.4
2026-09-22T1800,1284A,119.2648,26.0769,福州市,杨桥西路,,46,46,39,30,22,129,NA,144,144,10,8,3,4,/,/
2026-09-22T1800,1287A,118.1519,24.4768,厦门市,洪文,,38,36,35,17,20,120,NA,149,148,8,10,2,3,0.4,0.4
2026-09-22T1800,1288A,118.0671,24.4447,厦门市,鼓浪屿,,38,37,38,21,19,119,NA,149,147,10,9,2,3,/,/
2026-09-22T1800,1291A,115.8887,28.7006,南昌市,省林业公司,,39,34,44,27,39,122,NA,106,106,5,8,5,7,0.5,0.6
2026-09-22T1800,1292A,115.813,28.7443,南昌市,林科所,,46,NA,35,32,33,98,NA,85,85,14,11,7,7,1.2,1.2
2026-09-22T1800,1294A,115.8518,28.687,南昌市,建工学校,颗粒物(PM10),51,51,56,30,36,102,NA,86,86,15,16,8,9,1.0,1.1
2026-09-22T1800,1295A,115.8926,28.6425,南昌市,象湖,,46,34,42,32,40,97,NA,83,83,10,12,8,8,0.9,1
2026-09-22T1800,1299A,116.9866,36.6118,济南市,科干所,臭氧1小时(O3_1h),59,29,30,4,7,167,NA,147,147,21,26,6,7,0.3,0.4
2026-09-22T1800,1300A,116.9379,36.6652,济南市,农科所,,50,29,50,5,18,157,NA,151,151,14,40,5,6,0.2,0.4
2026-09-22T1800,1301A,117.1265,36.6736,济南市,开发区,,47,39,41,4,6,150,NA,137,137,25,25,7,7,0.3,0.4
2026-09-22T1800,1303A,117.0616,36.6865,济南市,省种子仓库,臭氧1小时(O3_1h),62,44,61,6,13,169,NA,144,144,20,41,6,6,0.4,0.5
2026-09-22T1800,1304A,116.9495185,36.644937,济南市,机床二厂,臭氧1小时(O3_1h),59,34,47,4,10,167,NA,147,147,17,32,8,10,0.1,0.3
2026-09-22T1800,1305A,117.0496,36.6629,济南市,市监测站,臭氧1小时(O3_1h),52,39,41,4,6,161,NA,140,140,19,25,5,5,0.5,0.6
2026-09-22T1800,1306A,116.7674,36.5458,济南市,长清党校,臭氧1小时(O3_1h),52,24,39,0,5,161,NA,149,149,8,26,6,5,0.2,0.2
2026-09-22T1800,1310A,120.404,36.0625,青岛市,市南区东部子站,,47,22,31,7,8,150,NA,132,132,12,29,8,8,0.4,0.4
2026-09-22T1800,1311A,120.362344,36.10282,青岛市,四方区子站,,40,19,30,6,8,125,NA,127,127,18,22,5,5,0.4,0.4
2026-09-22T1800,1312A,120.294373,36.054183,青岛市,市南区西部子站,,49,14,29,4,9,154,NA,143,143,10,25,6,8,0.5,0.5
2026-09-22T1800,1313A,120.4581,36.0858,青岛市,崂山区子站,,45,19,21,7,6,141,NA,140,140,21,18,10,10,0.5,0.4
2026-09-22T1800,1315A,120.3945,36.3083,青岛市,城阳区子站,,40,29,38,5,12,126,NA,142,142,19,23,5,6,0.3,0.3
2026-09-22T1800,1316A,113.6843,34.7622,郑州市,烟厂,细颗粒物(PM2.5),98,NA,66,59,62,188,NA,160,160,12,16,4,7,0.8,0.7
2026-09-22T1800,1318A,113.669,34.8034,郑州市,银行学校,细颗粒物(PM2.5),106,79,67,66,63,173,NA,149,149,11,16,3,4,0.5,0.6
2026-09-22T1800,1319A,113.5612,34.8143,郑州市,供水公司,细颗粒物(PM2.5),76,57,70,48,52,177,NA,155,155,14,20,1,3,0.6,0.8
2026-09-22T1800,1320A,113.7269,34.7187,郑州市,经开区管委,细颗粒物(PM2.5),80,67,64,50,56,181,NA,164,164,9,14,6,7,0.5,0.7
2026-09-22T1800,1321A,113.7332,34.7727,郑州市,四十七中,细颗粒物(PM2.5),90,73,75,55,59,177,NA,159,159,13,16,4,4,0.5,0.7
2026-09-22T1800,1323A,113.6361,34.7537,郑州市,河医大,细颗粒物(PM2.5),82,76,86,51,56,163,NA,141,141,11,19,6,7,0.6,0.9
2026-09-22T1800,1325A,114.3676,30.5584,武汉市,东湖梨园,,46,46,33,28,17,56,NA,72,62,18,14,8,8,0.9,0.8
2026-09-22T1800,1326A,114.2527,30.5578,武汉市,汉阳月湖,NA,NA,43,24,32,18,52,NA,75,63,NA,9,4,4,0.6,0.5
2026-09-22T1800,1327A,114.2819,30.6189,武汉市,汉口花桥,细颗粒物(PM2.5),56,NA,25,38,21,68,NA,77,71,24,14,7,7,0.6,0.4
2026-09-22T1800,1328A,114.3024,30.5332,武汉市,武昌紫阳,,48,48,29,29,16,58,NA,77,69,29,14,8,8,0.6,0.5
2026-09-22T1800,1329A,114.3646,30.6217,武汉市,青山钢花,,36,32,22,25,19,60,NA,72,67,25,14,9,9,0.6,0.5
2026-09-22T1800,1330A,114.156697,30.482592,武汉市,沌口新区,,46,41,21,32,16,57,NA,74,69,28,17,10,10,0.4,0.4
2026-09-22T1800,1331A,114.3013,30.5944,武汉市,汉口江滩,,43,43,28,30,19,54,NA,74,57,22,16,3,4,0.8,0.7
2026-09-22T1800,1333A,114.1285,30.6339,武汉市,吴家山,,47,47,26,26,18,61,NA,81,77,34,17,7,7,0.8,0.7
2026-09-22T1800,1335A,113.082,28.2421,长沙市,经开区环保局,,21,21,44,14,29,50,NA,48,48,13,14,4,4,0.6,0.7
2026-09-22T1800,1336A,112.8873,28.2202,长沙市,高开区环保局,,20,16,41,8,26,63,NA,54,54,8,8,4,4,1.0,1
2026-09-22T1800,1337A,113.0785,28.2012,长沙市,马坡岭,,23,22,44,16,30,49,NA,52,52,18,14,7,7,0.5,0.6
2026-09-22T1800,1338A,112.9448,28.1894,长沙市,湖南师范大学,,21,21,45,9,27,66,NA,58,58,13,11,8,7,0.6,0.7
2026-09-22T1800,1339A,113.0177,28.1322,长沙市,雨花区环保局,,28,28,42,16,31,55,NA,51,51,12,10,7,7,1.0,1.1
2026-09-22T1800,1340A,112.9795,28.2593,长沙市,伍家岭,,23,23,42,11,25,57,NA,52,52,10,9,4,4,0.8,0.8
2026-09-22T1800,1341A,113.002,28.1944,长沙市,火车新站,,31,31,41,12,27,55,NA,50,50,12,9,4,5,0.9,0.9
2026-09-22T1800,1342A,112.9846,28.1177,长沙市,天心区环保局,,24,24,47,16,38,65,NA,59,59,16,13,4,4,0.6,0.7
2026-09-22T1800,1343A,112.8906,28.1307,长沙市,湖南中医药大学,NA,NA,NA,43,NA,30,70,NA,57,57,5,7,6,7,NA,0.8
2026-09-22T1800,1345A,113.2346,23.1423,广州市,广雅中学,NA,NA,50,39,35,27,185,NA,154,154,32,30,6,6,NA,0.6
2026-09-22T1800,1346A,113.2611,23.105,广州市,市五中,臭氧1小时(O3_1h),98,37,37,30,29,198,NA,184,184,22,25,5,5,/,/
2026-09-22T1800,1348A,113.3477,23.0916,广州市,广东商学院,臭氧1小时(O3_1h),95,48,35,35,24,196,NA,180,180,31,36,6,6,0.7,0.6
2026-09-22T1800,1349A,113.4332,23.105,广州市,市八十六中,细颗粒物(PM2.5),62,47,33,41,28,146,NA,176,176,61,51,8,8,/,/
2026-09-22T1800,1350A,113.3506,22.9488,广州市,番禺中学,,44,36,38,28,26,138,NA,167,167,31,20,5,5,0.6,0.4
2026-09-22T1800,1351A,113.2147,23.3918,广州市,花都师范,,37,31,46,21,31,118,NA,137,137,44,44,3,3,0.7,0.7
2026-09-22T1800,1352A,113.2599,23.1329,广州市,市监测站,臭氧1小时(O3_1h),87,48,41,31,27,189,NA,156,156,23,25,2,2,/,/
2026-09-22T1800,1353A,113.5618,23.3119,广州市,九龙镇镇龙,,36,30,34,25,26,85,NA,129,129,19,15,8,8,0.7,0.8
2026-09-22T1800,1354A,113.2764,23.1544,广州市,麓湖,臭氧1小时(O3_1h),62,51,40,36,28,169,NA,157,157,35,43,8,7,0.8,0.7
2026-09-22T1800,1356A,114.0948,22.5506,深圳市,通心岭子站,,33,21,24,14,16,104,NA,109,109,5,7,2,2,0.6,0.6
2026-09-22T1800,1357A,114.1153,22.5713,深圳市,洪湖,,33,32,29,13,17,104,NA,108,108,9,15,1,2,0.7,0.7
2026-09-22T1800,1358A,113.9823,22.5398,深圳市,华侨城,,33,29,27,19,17,104,NA,112,112,15,15,/,/,/,/
2026-09-22T1800,1359A,113.9181,22.517,深圳市,南海子站,,35,27,29,23,20,112,NA,116,116,7,11,1,1,0.8,0.8
2026-09-22T1800,1360A,114.2345,22.565,深圳市,盐田,,33,21,25,13,14,104,NA,104,104,3,12,8,8,0.7,0.7
2026-09-22T1800,1363A,114.4911,22.5381,深圳市,南澳,,22,20,20,10,15,58,NA,101,97,44,12,/,/,/,/
2026-09-22T1800,1364A,114.41,22.6346,深圳市,葵涌,,33,19,23,10,14,103,NA,107,107,12,11,7,7,0.8,0.8
2026-09-22T1800,1365A,114.2967,22.5978,深圳市,梅沙,,34,20,24,10,14,106,NA,114,114,6,10,/,/,/,/
2026-09-22T1800,1366A,114.0563,22.7353,深圳市,观澜,,31,NA,44,18,26,98,NA,132,132,30,32,3,3,0.7,0.7
2026-09-22T1800,1367A,113.5811,22.2618,珠海市,吉大,NA,NA,NA,21,17,17,97,NA,103,103,12,12,NA,8,0.9,0.8
2026-09-22T1800,1368A,113.4893,22.2323,珠海市,前山,,34,30,29,17,19,108,NA,107,107,17,18,/,/,/,/
2026-09-22T1800,1369A,113.6284,22.4252,珠海市,唐家,,35,NA,24,19,18,112,NA,112,112,5,12,/,/,/,/
2026-09-22T1800,1370A,113.2986,22.2284,珠海市,斗门,,36,NA,24,20,23,115,NA,121,121,11,9,10,10,0.6,0.6
2026-09-22T1800,1371A,113.1293,23.0065,佛山市,湾梁,臭氧1小时(O3_1h),75,41,42,36,34,180,NA,171,171,25,20,/,/,/,/
2026-09-22T1800,1372A,113.1082,23.0477,佛山市,华材职中,臭氧1小时(O3_1h),89,44,40,40,35,191,NA,176,176,20,16,2,2,0.7,0.7
2026-09-22T1800,1373A,113.1439,23.045,佛山市,南海气象局,臭氧1小时(O3_1h),68,37,40,36,35,174,NA,159,159,25,21,/,/,/,/
2026-09-22T1800,1374A,113.2879,22.8094,佛山市,顺德苏岗,臭氧1小时(O3_1h),59,38,36,25,30,167,NA,184,184,14,17,/,/,0.4,0.5
2026-09-22T1800,1376A,112.8384,22.8678,佛山市,高明孔堂,臭氧1小时(O3_1h),60,46,44,36,32,168,NA,156,156,14,12,/,/,/,/
2026-09-22T1800,1377A,112.8835,23.1584,佛山市,三水监测站,颗粒物(PM10),62,66,56,35,43,157,NA,163,163,34,30,4,5,0.5,0.5
2026-09-22T1800,1378A,112.8668,23.185,佛山市,三水云东海,颗粒物(PM10),53,54,53,30,41,146,NA,138,138,24,19,/,/,/,/
2026-09-22T1800,1379A,113.377,22.5211,中山市,华柏园,,39,31,32,22,21,122,NA,119,119,10,12,/,/,/,/
2026-09-22T1800,1380A,113.3879,22.5499,中山市,张溪,,41,32,34,24,20,130,NA,128,128,16,15,/,/,/,/
2026-09-22T1800,1381A,113.4071,22.5111,中山市,紫马岭,,42,28,27,18,18,133,NA,126,126,8,14,9,9,0.6,0.7
2026-09-22T1800,1383A,113.1063,22.6058,江门市,北街,,43,23,36,19,26,136,NA,157,157,7,8,/,/,/,/
2026-09-22T1800,1384A,113.073,22.5835,江门市,西区,,45,34,34,17,24,141,NA,151,151,14,15,/,/,/,/
2026-09-22T1800,1385A,113.0218,22.531,江门市,圭峰西,,41,17,37,14,25,130,NA,140,140,12,15,/,/,/,/
2026-09-22T1800,1390A,113.7943,23.0132,东莞市,东城石井,颗粒物(PM10),54,55,45,36,33,133,NA,167,167,21,21,6,7,0.9,0.9
2026-09-22T1800,1391A,113.7384,22.9659,东莞市,南城西平,,43,32,43,19,33,135,NA,172,172,30,29,7,8,0.9,0.9
2026-09-22T1800,1392A,114.4181,23.0528,惠州市,河南岸金山湖子站,,43,39,35,28,24,136,NA,135,135,12,14,4,7,0.6,0.6
2026-09-22T1800,1393A,114.4055,23.0824,惠州市,下埔横江三路子站,,40,40,39,25,24,128,NA,130,130,14,14,7,8,0.4,0.6
2026-09-22T1800,1395A,114.4645,22.7832,惠州市,惠阳区承修路船湖子站,NA,NA,27,33,16,20,116,NA,119,119,6,11,NA,4,0.7,0.7
2026-09-22T1800,1396A,114.5316,22.7423,惠州市,大亚湾管委会子站,,32,22,29,13,16,101,NA,101,101,12,13,9,9,0.6,0.6
2026-09-22T1800,1397A,112.426,23.062,肇庆市,睦岗子站,,43,32,50,30,39,133,NA,153,153,10,26,7,10,/,/
2026-09-22T1800,1398A,112.4645,23.0476,肇庆市,城中子站,,36,30,48,25,37,110,NA,140,140,18,23,9,17,0.8,0.9
2026-09-22T1800,1399A,112.5545,23.1525,肇庆市,坑口子站,臭氧1小时(O3_1h),74,41,48,37,39,179,NA,165,165,21,12,8,7,0.6,0.7
2026-09-22T1800,1401A,108.3098,22.788,南宁市,二十一中,颗粒物(PM10),80,92,51,27,33,85,NA,126,126,20,20,4,5,0.7,0.9
2026-09-22T1800,1402A,108.3135,22.8529,南宁市,北湖,,35,NA,64,24,47,93,NA,125,125,18,32,4,6,0.6,0.6
2026-09-22T1800,1403A,108.3205,22.8222,南宁市,市监测站,,33,NA,41,23,29,101,NA,131,131,11,16,5,6,0.8,0.8
2026-09-22T1800,1404A,108.3828,22.8038,南宁市,大自然花园,,46,NA,40,32,32,92,NA,133,133,14,18,4,4,0.7,0.7
2026-09-22T1800,1406A,108.2397,22.8462,南宁市,区农职院,,30,24,50,21,36,91,NA,131,131,21,18,6,14,0.5,0.6
2026-09-22T1800,1407A,108.3285,22.7356,南宁市,英华嘉园,,45,NA,48,31,31,84,NA,123,123,15,23,5,5,0.5,0.7
2026-09-22T1800,1410A,110.3189,20.0596,海口市,海南大学,,34,24,27,18,20,107,NA,107,107,3,4,6,6,0.4,0.4
2026-09-22T1800,1411A,110.2827,20.0051,海口市,秀英海南医院,,33,30,29,17,20,103,NA,104,104,3,6,6,6,0.3,0.3
2026-09-22T1800,1412A,110.3391,19.9979,海口市,海南师范大学,NA,NA,28,30,17,20,101,NA,104,104,4,5,4,4,NA,0.5
2026-09-22T1800,1413A,110.3303,20.0359,海口市,龙华路环保局宿舍,,35,24,26,16,19,109,NA,109,109,4,5,/,/,0.4,0.4
2026-09-22T1800,1416A,106.4216,29.8256,重庆市,天生,,32,32,27,6,12,41,NA,44,44,18,19,8,8,0.9,0.8
2026-09-22T1800,1417A,106.6264,29.7226,重庆市,两路,,24,24,30,7,13,45,NA,41,41,24,25,4,4,0.9,0.8
2026-09-22T1800,1419A,106.5778,29.5103,重庆市,南坪,,39,39,38,12,18,46,NA,47,47,20,21,4,6,0.7,0.6
2026-09-22T1800,1420A,106.6556,29.6277,重庆市,唐家沱,,15,15,20,10,10,46,NA,39,39,28,23,8,8,0.7,0.7
2026-09-22T1800,1431A,103.9727,30.7242,成都市,金泉两河,,39,39,45,18,24,100,NA,77,77,16,23,3,2,0.6,0.6
2026-09-22T1800,1432A,104.1423,30.6765,成都市,十里店,,40,38,32,22,22,128,NA,96,96,12,15,7,7,0.6,0.7
2026-09-22T1800,1433A,104.0594,30.5765,成都市,三瓦窑,,33,24,30,16,23,103,NA,91,91,17,22,7,8,0.9,0.8
2026-09-22T1800,1434A,104.1122,30.6306,成都市,沙河铺,,29,29,32,15,21,84,NA,76,76,18,20,8,8,0.8,0.7
2026-09-22T1800,1439A,106.6863,26.6035,贵阳市,马鞍山,NA,NA,27,37,21,27,109,NA,114,114,NA,11,NA,4,/,/
2026-09-22T1800,1441A,106.6241,26.6266,贵阳市,鉴湖路,,44,44,48,26,26,108,NA,108,108,10,10,10,9,0.6,0.8
2026-09-22T1800,1442A,106.7468,26.6344,贵阳市,燕子冲,NA,NA,41,47,25,28,124,NA,119,119,9,11,NA,8,0.5,0.7
2026-09-22T1800,1443A,106.6556,26.4362,贵阳市,碧云窝,,36,36,47,20,26,102,NA,105,105,6,10,5,7,/,/
2026-09-22T1800,1445A,106.6963,26.6063,贵阳市,红边门,,34,34,39,23,27,102,NA,110,110,11,10,3,6,/,/
2026-09-22T1800,1446A,106.7162383,26.56964667,贵阳市,新华路,,34,34,47,23,28,96,NA,102,102,14,13,7,8,0.5,0.7
2026-09-22T1800,1447A,106.6742,26.542,贵阳市,太慈桥,NA,NA,39,39,NA,30,101,NA,117,115,10,11,5,5,/,/
2026-09-22T1800,1450A,102.8203,24.889,昆明市,呈贡新区,,29,17,16,12,11,92,NA,81,81,7,14,4,3,0.3,0.4
2026-09-22T1800,1452A,102.7253,25.0904,昆明市,龙泉镇,,32,32,25,14,12,80,NA,81,81,12,19,3,2,0.5,0.4
2026-09-22T1800,1453A,102.7267,25.0378,昆明市,东风东路,,25,14,24,14,12,79,NA,79,79,14,12,5,5,0.7,0.8
2026-09-22T1800,1454A,102.6744,25.0671,昆明市,金鼎山,,28,28,28,12,15,80,NA,85,84,13,16,5,5,0.5,0.5
2026-09-22T1800,1455A,102.6643,25.0401,昆明市,碧鸡广场,,23,18,22,12,12,72,NA,76,76,13,17,7,8,0.5,0.5
2026-09-22T1800,1456A,91.132,29.6515,拉萨市,八廓街,,33,7,8,7,6,103,NA,103,103,8,7,9,9,0.2,0.2
2026-09-22T1800,1457A,91.1221,29.6748,拉萨市,市环保局,,30,11,9,6,6,95,NA,92,90,12,10,9,9,0.3,0.2
2026-09-22T1800,1458A,91.0874,29.6476,拉萨市,区监测站,,32,6,8,5,6,100,NA,98,98,12,10,7,8,0.3,0.2
2026-09-22T1800,1459A,91.1774,29.6541,拉萨市,西藏大学,,33,12,7,5,6,105,NA,104,104,9,8,7,8,0.2,0.2
2026-09-22T1800,1460A,90.9798,29.6586,拉萨市,区辐射站,NA,NA,NA,11,NA,6,82,NA,88,86,NA,15,NA,7,0.2,0.2
2026-09-22T1800,1461A,91.0831,29.6292,拉萨市,拉萨火车站,,32,7,7,5,5,100,NA,96,96,8,7,7,7,0.3,0.3
2026-09-22T1800,1463A,108.9931,34.2629,西安市,兴庆小区,,43,40,38,20,25,135,NA,98,98,12,25,4,4,0.6,0.6
2026-09-22T1800,1464A,109.0595,34.2569,西安市,纺织城,,38,38,34,24,26,105,NA,97,97,24,21,3,3,0.8,0.7
2026-09-22T1800,1465A,108.9377,34.2178,西安市,小寨,,40,39,42,20,31,125,NA,100,100,16,26,2,2,0.6,0.7
2026-09-22T1800,1466A,108.9522,34.2739,西安市,市人民体育场,,50,46,44,26,30,159,NA,117,117,18,34,3,3,0.9,0.9
2026-09-22T1800,1467A,108.8923,34.2322,西安市,高新西区,,40,28,46,16,31,128,NA,110,110,14,23,5,5,0.6,0.7
2026-09-22T1800,1468A,108.9386,34.3446,西安市,经开区,,46,46,42,26,32,137,NA,107,107,8,22,1,2,0.5,0.6
2026-09-22T1800,1469A,108.894,34.1557,西安市,长安区,颗粒物(PM10),55,57,43,30,30,121,NA,105,105,22,23,3,2,0.5,0.5
2026-09-22T1800,1471A,109.213,34.3748,西安市,临潼区,,47,47,39,26,28,122,NA,106,106,14,21,4,3,0.8,0.8
2026-09-22T1800,1474A,109.0508,34.321,西安市,广运潭,,40,33,47,19,24,127,NA,100,100,14,24,5,6,0.7,0.7
2026-09-22T1800,1479A,103.8309,36.0467,兰州市,铁路设计院,,42,33,52,18,25,133,NA,114,114,13,48,5,6,0.2,0.8
2026-09-22T1800,1489A,106.1361,38.5039,银川市,学院路,,47,36,69,15,31,148,NA,132,132,9,44,6,5,0.2,0.4
2026-09-22T1800,1490A,87.5796,43.8299,乌鲁木齐市,监测站,,40,40,54,13,14,68,NA,86,83,16,16,2,3,0.5,0.4
2026-09-22T1800,1491A,87.6044,43.7679,乌鲁木齐市,收费所,颗粒物(PM10),52,52,55,14,20,54,NA,90,86,15,17,1,2,0.3,0.3
2026-09-22T1800,1493A,87.5529,43.8704,乌鲁木齐市,铁路局,NA,NA,54,61,14,19,71,NA,86,86,18,18,7,8,NA,0.6
2026-09-22T1800,1494A,87.6408,43.8258,乌鲁木齐市,三十一中学,,44,44,60,20,22,64,NA,88,88,15,13,5,7,0.6,0.6
2026-09-22T1800,1496A,87.7218,44.1747,乌鲁木齐市,米东区环保局,,36,36,82,22,28,95,NA,90,90,3,7,10,11,0.4,0.3
2026-09-22T1800,1508A,112.9508,27.8626,湘潭市,板塘,,22,21,50,12,34,68,NA,62,62,10,9,11,11,0.6,0.6
2026-09-22T1800,1511A,112.9114,27.8404,湘潭市,市监测站,,18,NA,31,12,34,54,NA,51,51,10,9,3,3,0.6,0.6
2026-09-22T1800,1512A,112.8935,27.8729,湘潭市,江麓,,28,28,49,12,33,60,NA,54,54,9,9,7,8,0.5,0.5
2026-09-22T1800,1513A,112.9227,27.8159,湘潭市,岳塘,,22,22,49,12,34,64,NA,56,56,9,9,8,8,0.4,0.2
2026-09-22T1800,1514A,112.9073,27.9118,湘潭市,科大,,28,28,52,10,33,60,NA,56,56,8,6,7,7,0.5,0.5
2026-09-22T1800,1515A,113.1265,27.8306,株洲市,天台山庄,,30,30,61,18,41,57,NA,53,53,12,17,2,2,0.7,0.8
2026-09-22T1800,1518A,113.0937,27.8919,株洲市,株冶医院,,23,22,47,16,40,56,NA,53,53,12,15,4,4,0.9,1
2026-09-22T1800,1519A,113.1709,27.8661,株洲市,市四中,,32,30,58,22,42,53,NA,55,55,17,18,5,5,0.6,0.7
2026-09-22T1800,1520A,113.1515,27.8265,株洲市,火车站,,30,29,56,21,46,58,NA,55,55,15,16,10,10,0.7,0.8
2026-09-22T1800,1524A,113.1329,27.8491,株洲市,市监测站,,27,27,54,17,36,59,NA,54,54,17,19,8,8,0.5,0.6
2026-09-22T1800,1562A,113.0048,27.9153,湘潭市,昭山,,22,22,53,12,33,59,NA,51,51,4,5,7,7,0.6,0.7
2026-09-22T1800,1585A,109.8761,40.6533,包头市,市环境监测站,,39,25,46,21,23,122,NA,110,110,21,47,11,9,0.7,0.8
2026-09-22T1800,1587A,109.9992,40.5843,包头市,包头八中,,38,31,44,21,20,121,NA,112,112,17,42,10,12,0.2,1
2026-09-22T1800,1589A,109.8641,40.6288,包头市,惠龙物流,,40,26,37,24,25,128,NA,110,110,18,44,14,11,0.6,0.8
2026-09-22T1800,1590A,110.0376,40.5546,包头市,东河鸿龙湾,,38,18,35,15,20,119,NA,114,114,8,39,5,7,0.5,0.7
2026-09-22T1800,1591A,110.0024,39.8127,鄂尔多斯市,综合楼,,39,17,38,14,17,122,NA,124,124,13,31,6,10,0.3,0.4
2026-09-22T1800,1592A,109.9485,39.8259,鄂尔多斯市,巴音孟克林场办事处,NA,NA,NA,36,NA,15,120,NA,122,122,10,27,4,8,0.3,0.5
2026-09-22T1800,1593A,109.7734,39.5987,鄂尔多斯市,康泽苑,,39,17,30,8,11,124,NA,119,119,8,19,4,4,0.3,0.3
2026-09-22T1800,1594A,109.8121,39.5987,鄂尔多斯市,华泰汽车城,,38,NA,32,18,13,120,NA,114,114,9,30,2,2,0.3,0.4
2026-09-22T1800,1595A,109.9734,39.7884,鄂尔多斯市,奥林花园,,37,NA,36,17,15,116,NA,118,118,8,32,4,6,0.3,0.4
2026-09-22T1800,1597A,122.2704,40.7093,营口市,大庆路,颗粒物(PM10),54,55,59,19,28,141,NA,132,132,20,34,11,14,1.0,1.7
2026-09-22T1800,1598A,122.215,40.6511,营口市,镜湖西路,NA,NA,NA,63,NA,31,NA,NA,153,153,NA,39,NA,8,NA,0.7
2026-09-22T1800,1599A,122.1667,40.665,营口市,西炮台,颗粒物(PM10),55,56,65,28,27,160,NA,141,141,8,42,6,8,0.7,0.7
2026-09-22T1800,1600A,124.33,40.0625,丹东市,江湾东路,,33,33,32,12,13,74,NA,96,96,28,17,10,8,0.7,0.8
2026-09-22T1800,1601A,124.4242,40.1513,丹东市,临江后街,颗粒物(PM10),83,95,31,34,12,74,NA,93,93,15,16,8,6,0.8,0.5
2026-09-22T1800,1602A,124.3935,40.1461,丹东市,元宝山,,42,42,17,11,6,73,NA,91,89,21,11,9,8,0.6,0.5
2026-09-22T1800,1603A,124.3634,40.1093,丹东市,民主桥,,33,33,28,14,11,68,NA,85,85,24,18,11,10,0.3,0.2
2026-09-22T1800,1604A,122.0303,41.1489,盘锦市,开发区,NA,NA,NA,65,25,29,148,NA,148,148,12,33,6,7,0.7,0.7
2026-09-22T1800,1605A,122.0486,41.0883,盘锦市,兴隆台,,45,40,46,25,23,141,NA,149,149,22,56,6,10,0.9,1
2026-09-22T1800,1606A,121.8297,41.1026,盘锦市,新生街道,细颗粒物(PM2.5),56,39,29,38,29,160,NA,149,149,12,31,8,8,0.8,0.6
2026-09-22T1800,1607A,120.904878,40.721091,葫芦岛市,龙港区,臭氧1小时(O3_1h),87,NA,41,38,22,189,NA,181,181,6,15,7,7,0.5,0.5
2026-09-22T1800,1608A,120.8382,40.7521,葫芦岛市,化工街,臭氧1小时(O3_1h),67,44,47,32,24,173,NA,172,172,11,30,5,5,0.5,0.6
2026-09-22T1800,1609A,120.8339,40.7078,葫芦岛市,新区,臭氧1小时(O3_1h),82,42,36,28,24,185,NA,178,178,7,18,5,5,0.6,0.7
2026-09-22T1800,1610A,120.8697,40.7679,葫芦岛市,东城区,臭氧1小时(O3_1h),69,42,56,30,39,175,NA,181,181,15,30,6,12,0.8,0.8
2026-09-22T1800,1611A,118.5818,24.9116,泉州市,涂山街,,38,38,33,20,20,120,NA,144,142,8,8,4,4,0.6,0.5
2026-09-22T1800,1612A,118.597,24.8976,泉州市,津头埔,,44,44,36,21,21,114,NA,138,136,11,11,3,3,0.5,0.6
2026-09-22T1800,1613A,118.6669,24.9422,泉州市,万安,NA,NA,NA,35,NA,18,118,NA,146,143,10,8,NA,5,0.6,0.7
2026-09-22T1800,1618A,118.3429,35.0532,临沂市,沂河小区,NA,NA,31,39,2,6,130,NA,134,134,12,19,NA,10,0.5,0.5
2026-09-22T1800,1619A,118.2962,35.0568,临沂市,鲁南制药厂,,45,34,33,2,5,144,NA,145,145,12,16,9,9,0.7,0.6
2026-09-22T1800,1620A,118.2793,34.9976,临沂市,新光毛纺厂,,44,27,26,2,4,138,NA,140,140,18,22,10,10,0.4,0.3
2026-09-22T1800,1621A,118.3955,35.0889,临沂市,河东保险公司,,43,31,38,2,9,136,NA,146,146,24,27,8,8,0.6,0.4
2026-09-22T1800,1622A,116.3034,37.4675,德州市,儿童乐园,,45,29,56,2,22,144,NA,160,160,9,35,8,10,0.3,0.5
2026-09-22T1800,1624A,116.2992,37.4449,德州市,监理站,,44,29,49,2,19,140,NA,152,152,8,26,7,10,0.4,0.6
2026-09-22T1800,1625A,115.9789,36.4372,聊城市,区政府,,49,38,56,6,24,155,NA,157,157,8,25,7,9,0.3,0.5
2026-09-22T1800,1629A,117.9961,37.3604,滨州市,第二水厂,NA,NA,27,31,2,16,134,NA,137,137,14,19,8,11,NA,0.8
2026-09-22T1800,1630A,117.9789,37.3931,滨州市,北中新校,,43,24,28,3,12,136,NA,140,140,12,14,11,12,0.6,0.6
2026-09-22T1800,1631A,118.0413,36.8101,淄博市,人民公园,,45,39,49,6,15,144,NA,128,128,13,26,8,11,0.4,0.5
2026-09-22T1800,1633A,117.8524,36.4848,淄博市,双山,,47,47,36,8,9,143,NA,118,118,14,26,9,10,0.5,0.5
2026-09-22T1800,1634A,117.9595,36.6332,淄博市,气象站,,46,46,45,8,14,132,NA,127,127,15,25,8,9,0.6,0.6
2026-09-22T1800,1637A,117.5628,34.8379,枣庄市,市中区政府,,50,48,50,6,14,159,NA,158,158,30,22,11,9,0.3,0.4
2026-09-22T1800,1638A,117.2855,34.7838,枣庄市,薛城环保局,臭氧1小时(O3_1h),73,51,81,2,39,178,NA,159,159,17,34,6,5,0.3,0.4
2026-09-22T1800,1639A,117.5854,34.7744,枣庄市,峄城区政府,臭氧1小时(O3_1h),88,58,50,6,12,190,NA,169,169,11,18,9,10,0.2,0.2
2026-09-22T1800,1641A,117.4516,35.0992,枣庄市,山亭区环保局,,46,19,33,3,11,146,NA,129,129,10,16,5,4,0.2,0.3
2026-09-22T1800,1642A,121.2517,37.564,烟台市,开发区,,46,31,30,8,7,146,NA,146,146,13,23,6,8,0.7,0.6
2026-09-22T1800,1644A,121.3181,37.5436,烟台市,西郊化工站,,43,27,32,10,9,135,NA,136,136,24,27,9,8,0.9,0.7
2026-09-22T1800,1645A,121.4419,37.4858,烟台市,莱山环保局,,50,29,25,13,7,157,NA,148,148,11,18,3,4,0.5,0.5
2026-09-22T1800,1646A,121.2619,37.4965,烟台市,福山环保局,,44,44,42,8,9,131,NA,139,139,21,26,4,4,0.4,0.4
2026-09-22T1800,1650A,119.1436,36.7022,潍坊市,环保局,,42,39,30,3,9,134,NA,130,130,14,19,6,6,0.7,0.5
2026-09-22T1800,1653A,116.6229,35.4288,济宁市,火炬城,臭氧1小时(O3_1h),69,40,64,3,27,175,NA,149,149,11,28,2,2,0.1,0.4
2026-09-22T1800,1656A,117.1436,36.1938,泰安市,监测站,,42,12,34,4,11,132,NA,128,128,8,15,7,7,0.3,0.4
2026-09-22T1800,1657A,117.0905,36.2002,泰安市,人口学校,,39,31,31,4,6,124,NA,121,121,11,11,10,10,0.4,0.5
2026-09-22T1800,1658A,117.0992,36.1757,泰安市,电力学校,,42,14,34,2,12,133,NA,129,129,9,16,6,7,0.2,0.3
2026-09-22T1800,1659A,119.4711,35.421,日照市,监测站,,46,24,16,7,3,147,NA,135,135,20,15,10,10,0.4,0.3
2026-09-22T1800,1660A,119.523,35.4216,日照市,市政府广场,NA,NA,22,20,6,3,162,NA,146,146,NA,14,7,8,0.5,0.5
2026-09-22T1800,1661A,119.5511,35.4113,日照市,港务局,臭氧1小时(O3_1h),65,24,21,5,2,172,NA,156,156,12,12,8,8,0.6,0.5
2026-09-22T1800,1662A,122.121,37.4231,威海市,华夏技校,,36,14,18,4,5,115,NA,116,116,15,13,/,/,0.3,0.4
2026-09-22T1800,1663A,122.0508,37.5236,威海市,山大分校,,40,15,19,4,5,127,NA,122,122,6,10,/,/,/,/
2026-09-22T1800,1664A,122.1067,37.5067,威海市,市监测站,,35,12,25,4,6,111,NA,113,113,10,15,4,5,0.4,0.5
2026-09-22T1800,1666A,118.6612,37.4313,东营市,市环保局,,36,29,27,1,11,114,NA,135,132,7,12,20,11,0.6,0.7
2026-09-22T1800,1669A,113.5821,24.7733,韶关市,市八中,细颗粒物(PM2.5),70,66,38,45,28,96,NA,99,99,6,8,9,14,0.4,0.5
2026-09-22T1800,1671A,113.5916,24.7973,韶关市,园林处,,35,26,32,24,28,104,NA,99,99,6,9,10,15,/,/
2026-09-22T1800,1673A,113.5971,24.6864,韶关市,曲江监测站,,50,40,42,35,30,128,NA,114,114,17,18,12,15,1.0,0.8
2026-09-22T1800,1674A,116.6795,23.3666,汕头市,金平子站,NA,NA,NA,23,NA,18,131,NA,142,142,NA,11,4,4,0.6,0.7
2026-09-22T1800,1675A,116.7248,23.3632,汕头市,龙湖子站,,39,36,30,16,19,124,NA,133,133,3,4,5,5,/,/
2026-09-22T1800,1676A,116.7257,23.2774,汕头市,濠江子站,,40,34,27,17,17,125,NA,134,134,7,8,6,6,/,/
2026-09-22T1800,1677A,116.7518,23.4712,汕头市,澄海子站,,44,39,28,19,19,138,NA,143,143,8,7,5,5,0.7,0.7
2026-09-22T1800,1678A,116.6088,23.2539,汕头市,潮阳子站,,42,40,22,21,18,133,NA,135,135,5,7,7,7,0.5,0.6
2026-09-22T1800,1680A,110.3648,21.2697,湛江市,湛江影剧院,,34,32,33,22,23,106,NA,122,119,9,8,5,7,0.5,0.6
2026-09-22T1800,1681A,110.3907,21.2279,湛江市,市环境监测站,,34,30,28,18,21,106,NA,116,113,6,6,4,5,0.6,0.6
2026-09-22T1800,1682A,110.3936,21.1943,湛江市,环保局宿舍,,35,26,28,19,21,110,NA,124,120,9,9,7,8,/,/
2026-09-22T1800,1683A,110.4138,21.2033,湛江市,霞山游泳场,,33,33,30,20,18,101,NA,108,106,8,9,6,7,/,/
2026-09-22T1800,1685A,110.4512,21.239,湛江市,坡头区环保局,,34,30,26,16,20,106,NA,118,115,4,5,6,6,0.5,0.5
2026-09-22T1800,1686A,111.0285,21.469,茂名市,电白南海,NA,NA,48,38,21,20,97,NA,118,116,NA,10,5,5,1.0,0.7
2026-09-22T1800,1687A,110.9294,21.6533,茂名市,茂石化七小,,36,36,38,24,27,88,NA,111,111,10,10,5,8,0.7,0.7
2026-09-22T1800,1688A,110.9108,21.6688,茂名市,健康路,NA,NA,31,29,NA,27,98,NA,126,126,12,9,6,13,0.9,0.9
2026-09-22T1800,1689A,110.8592,21.6826,茂名市,高岭,,36,36,50,23,31,98,NA,121,121,11,16,6,14,/,/
2026-09-22T1800,1690A,116.1248,24.3307,梅州市,梅江月梅,,30,26,25,17,17,95,NA,96,96,8,9,/,/,/,/
2026-09-22T1800,1691A,116.0798,24.2719,梅州市,梅县新城,,29,26,25,16,19,90,NA,89,89,9,9,9,9,0.6,0.6
2026-09-22T1800,1693A,115.3653,22.7751,汕尾市,市环保局,,46,34,25,17,17,145,NA,120,120,18,14,12,11,0.6,0.5
2026-09-22T1800,1695A,115.362,22.7926,汕尾市,新城中学,,45,34,29,14,14,144,NA,118,118,13,11,9,8,0.9,0.8
2026-09-22T1800,1697A,114.6962,23.7538,河源市,东埔,NA,NA,NA,35,33,28,109,NA,119,119,NA,12,6,7,0.9,0.8
2026-09-22T1800,1698A,114.6895,23.7232,河源市,老城,细颗粒物(PM2.5),88,54,46,54,29,98,NA,117,117,14,13,7,7,0.8,0.7
2026-09-22T1800,1701A,111.9491,21.8658,阳江市,马南垌,,35,23,27,14,20,112,NA,118,117,5,6,6,7,0.6,0.6
2026-09-22T1800,1703A,113.0218,23.7086,清远市,凤城街办,,39,33,37,27,28,122,NA,134,134,11,11,/,/,/,/
2026-09-22T1800,1708A,116.3701,23.5345,揭阳市,新兴,,45,36,29,22,18,144,NA,126,126,11,14,8,9,0.8,0.8
2026-09-22T1800,1709A,116.3261,23.5442,揭阳市,西马,,50,50,33,24,17,146,NA,130,130,8,9,5,6,0.7,0.7
2026-09-22T1800,1710A,116.361,23.5627,揭阳市,东兴,,47,32,27,24,18,148,NA,125,125,10,12,7,8,/,/
2026-09-22T1800,1711A,116.4151,23.5295,揭阳市,渔湖,,45,40,29,21,18,141,NA,124,124,10,11,6,7,/,/
2026-09-22T1800,1714A,112.0281,22.9738,云浮市,牧羊,,40,NA,64,28,38,120,NA,140,140,11,23,70,19,0.8,0.8
2026-09-22T1800,1715A,102.575,24.371,玉溪市,东风水库,,25,25,16,7,8,76,NA,70,70,7,9,5,5,0.4,0.5
2026-09-22T1800,1723A,113.2926,40.0759,大同市,云冈宾馆,,37,28,53,20,17,118,NA,120,120,21,39,9,10,0.5,0.5
2026-09-22T1800,1724A,113.3437,40.0921,大同市,大同大学,,39,37,59,25,19,122,NA,122,122,17,33,7,13,0.6,0.6
2026-09-22T1800,1725A,113.2637,40.129,大同市,安家小村,,37,37,51,24,20,118,NA,122,122,20,33,9,7,0.5,0.6
2026-09-22T1800,1727A,113.1146,36.1547,长治市,清华站,细颗粒物(PM2.5),60,44,60,40,49,141,NA,136,136,7,13,9,9,0.8,1
2026-09-22T1800,1730A,113.0887,36.2126,长治市,审计局,细颗粒物(PM2.5),56,NA,52,38,50,131,NA,126,126,11,15,11,11,0.6,0.9
2026-09-22T1800,1731A,113.0845,36.1856,长治市,长治八中,,46,42,62,32,48,132,NA,127,127,10,15,12,12,0.8,1.1
2026-09-22T1800,1733A,111.5552,36.0791,临汾市,临钢医院,细颗粒物(PM2.5),68,71,72,44,43,170,NA,149,149,14,19,7,8,0.9,1
2026-09-22T1800,1734A,111.4984,36.0734,临汾市,技工学校,颗粒物(PM10),72,80,80,43,48,162,NA,146,146,12,18,6,8,0.8,1
2026-09-22T1800,1736A,111.5017,36.0857,临汾市,市委,颗粒物(PM10),63,68,83,37,44,164,NA,148,148,11,16,6,8,0.9,1
2026-09-22T1800,1739A,113.4894,37.8717,阳泉市,赛鱼,细颗粒物(PM2.5),110,105,69,70,41,88,NA,100,100,33,35,19,9,1.0,0.8
2026-09-22T1800,1740A,113.582,37.8473,阳泉市,南庄,细颗粒物(PM2.5),96,58,59,58,40,122,NA,106,106,16,23,19,8,1.0,0.9
2026-09-22T1800,1742A,113.5616,37.8706,阳泉市,平坦,细颗粒物(PM2.5),92,65,64,56,39,122,NA,106,106,18,34,23,15,1.1,1
2026-09-22T1800,1743A,113.5115,37.8391,阳泉市,大阳泉,细颗粒物(PM2.5),80,NA,46,50,38,114,NA,104,104,18,15,23,8,1.0,0.9
2026-09-22T1800,1744A,118.9229,42.2816,赤峰市,松山一中,,35,NA,9,17,8,111,NA,122,120,11,20,9,13,0.3,0.4
2026-09-22T1800,1745A,118.9588,42.2733,赤峰市,哈达街,,35,NA,21,17,11,112,NA,126,124,16,16,7,10,0.6,0.6
2026-09-22T1800,1746A,118.8792,42.2551,赤峰市,天义路,,32,NA,15,10,7,102,NA,120,117,16,16,4,8,0.7,0.6
2026-09-22T1800,1748A,123.0441,41.1201,鞍山市,深沟寺,,36,36,34,14,14,105,NA,118,118,16,18,8,8,0.5,0.6
2026-09-22T1800,1749A,123.011,41.0931,鞍山市,太阳城,颗粒物(PM10),57,59,41,16,13,88,NA,115,115,37,24,9,10,0.6,0.8
2026-09-22T1800,1750A,123.0483,41.1445,鞍山市,太平,,39,39,44,11,15,90,NA,106,106,25,24,9,10,0.9,1
2026-09-22T1800,1751A,122.964,41.0968,鞍山市,铁西三道街,,38,38,55,13,22,95,NA,118,118,27,37,7,9,0.9,1.2
2026-09-22T1800,1753A,123.0219,41.0822,鞍山市,明达新区,,39,39,36,13,15,98,NA,115,115,19,16,8,10,0.8,1
2026-09-22T1800,1755A,123.7974,41.8494,抚顺市,望花区,颗粒物(PM10),58,60,47,11,15,90,NA,121,121,44,30,15,10,0.9,0.8
2026-09-22T1800,1756A,123.9161,41.8827,抚顺市,顺城区,,38,38,30,10,10,98,NA,124,124,33,25,17,12,0.8,0.7
2026-09-22T1800,1757A,124.0437,41.8615,抚顺市,东洲区,颗粒物(PM10),56,58,23,14,7,93,NA,120,120,39,14,14,9,0.7,0.6
2026-09-22T1800,1758A,123.9246,41.8638,抚顺市,新抚区,,48,48,40,11,13,105,NA,122,122,22,26,12,10,0.7,0.5
2026-09-22T1800,1759A,124.0972,41.8961,抚顺市,大伙房水库,,40,30,32,9,7,126,NA,126,126,17,15,16,13,0.6,0.5
2026-09-22T1800,1760A,123.708,41.8386,抚顺市,沈抚新城,,45,45,45,6,13,107,NA,130,130,22,31,11,15,0.5,1.1
2026-09-22T1800,1761A,123.8274146,41.31234549,本溪市,大峪,颗粒物(PM10),56,58,25,24,9,105,NA,109,109,28,27,8,8,0.9,0.9
2026-09-22T1800,1763A,123.7169,41.3094,本溪市,彩屯,,49,49,40,14,14,103,NA,114,114,30,28,11,16,0.9,1.8
2026-09-22T1800,1764A,123.7672166,41.28649327,本溪市,东明,颗粒物(PM10),54,55,37,22,11,120,NA,116,116,41,43,12,9,1.1,0.9
2026-09-22T1800,1765A,123.799345,41.266614,本溪市,新立屯,颗粒物(PM10),63,68,22,14,4,19,NA,100,98,99,37,10,9,1.0,0.6
2026-09-22T1800,1766A,123.829144,41.336777,本溪市,威宁,颗粒物(PM10),56,58,36,17,11,111,NA,112,112,22,23,8,7,0.6,0.6
2026-09-22T1800,1767A,121.1114,41.0879,锦州市,南山,臭氧1小时(O3_1h),65,63,54,19,29,172,NA,157,157,20,42,10,8,0.5,0.7
2026-09-22T1800,1768A,121.060361,40.842794,锦州市,开发区,臭氧1小时(O3_1h),94,104,76,25,34,195,NA,182,182,16,45,6,14,0.9,0.8
2026-09-22T1800,1769A,121.1836,41.1118,锦州市,百股街道,臭氧1小时(O3_1h),80,55,46,23,27,184,NA,173,173,17,30,10,10,0.9,0.9
2026-09-22T1800,1770A,121.1176,41.1224,锦州市,天安街道,颗粒物(PM10),70,77,65,21,38,161,NA,148,148,19,43,13,18,0.6,0.7
2026-09-22T1800,1771A,121.1303,41.1385,锦州市,北湖公园,臭氧1小时(O3_1h),63,60,51,21,32,170,NA,154,154,13,33,35,17,0.6,0.6
2026-09-22T1800,1772A,126.54,43.8622,吉林市,哈达湾,,30,18,19,7,12,96,NA,90,90,13,16,3,4,0.3,0.3
2026-09-22T1800,1773A,126.5843,43.8358,吉林市,东局子,,25,16,24,8,10,79,NA,83,83,22,18,5,5,0.4,0.5
2026-09-22T1800,1774A,126.5051,43.8243,吉林市,电力学院,,28,20,26,9,17,89,NA,84,84,11,17,7,8,0.4,0.6
2026-09-22T1800,1775A,126.6133,43.8971,吉林市,江北,,24,24,31,9,11,76,NA,80,80,11,12,7,7,0.4,0.4
2026-09-22T1800,1776A,126.5549,43.8304,吉林市,江南公园,,27,22,19,10,11,84,NA,82,82,14,13,4,4,0.1,0.1
2026-09-22T1800,1779A,123.9307,47.3641,齐齐哈尔市,安居小区,,39,39,40,7,8,61,NA,78,78,19,22,4,4,0.4,0.4
2026-09-22T1800,1780A,123.9497,47.3389,齐齐哈尔市,中心广场,,27,27,24,9,9,64,NA,84,84,20,20,4,4,0.2,0.1
2026-09-22T1800,1781A,123.9483,47.3229,齐齐哈尔市,农牧车辆厂,,36,36,39,8,10,69,NA,86,86,16,19,6,5,0.5,0.6
2026-09-22T1800,1783A,123.9442,47.2994,齐齐哈尔市,市环境监测站,NA,NA,NA,37,NA,15,63,NA,81,81,24,21,4,4,0.4,0.4
2026-09-22T1800,1784A,129.61,44.561,牡丹江市,环保大楼,,18,18,18,11,7,48,NA,65,65,26,12,5,5,0.3,0.2
2026-09-22T1800,1787A,129.6364,44.6075,牡丹江市,机车工厂,颗粒物(PM10),68,75,47,25,13,46,NA,66,66,22,13,6,5,0.3,0.4
2026-09-22T1800,1788A,129.6386,44.5462,牡丹江市,第一中学,,27,27,19,16,6,31,NA,67,66,32,10,3,2,0.4,0.4
2026-09-22T1800,1789A,124.8085,46.0381,大庆市,大同区,,33,33,29,8,10,90,NA,100,98,16,16,5,5,0.5,0.4
2026-09-22T1800,1790A,125.1166,46.5255,大庆市,龙凤区,,30,30,28,16,11,72,NA,83,83,16,17,2,2,0.3,0.3
2026-09-22T1800,1791A,124.8894,46.4007,大庆市,红岗区,,27,24,25,12,11,85,NA,87,87,8,16,7,7,0.3,0.3
2026-09-22T1800,1792A,125.1391,46.578,大庆市,萨尔图区,,38,38,26,12,8,73,NA,79,79,15,15,8,8,0.6,0.6
2026-09-22T1800,1793A,124.9026,46.6217,大庆市,让胡路区,,40,40,35,14,9,76,NA,84,84,16,23,4,5,0.3,0.4
2026-09-22T1800,1794A,118.3603,31.3515,芜湖市,监测站,,41,41,38,16,33,92,NA,98,97,20,16,9,8,0.5,0.6
2026-09-22T1800,1795A,118.3716,31.4135,芜湖市,科创中心,,32,32,39,19,25,81,NA,104,102,28,14,9,7,0.7,0.8
2026-09-22T1800,1796A,118.3671,31.3132,芜湖市,四水厂,,32,28,37,15,26,100,NA,102,102,14,13,8,8,0.5,0.6
2026-09-22T1800,1798A,118.5084,31.6838,马鞍山市,湖东路四小,NA,NA,25,48,NA,29,118,NA,106,106,10,11,8,8,1.0,1.1
2026-09-22T1800,1799A,118.5019,31.6449,马鞍山市,开发区,,39,30,42,12,31,122,NA,104,104,12,14,7,7,1.0,1.1
2026-09-22T1800,1803A,115.9873,29.6816,九江市,十里,,33,26,46,9,30,103,NA,99,99,15,16,3,3,1.0,1
2026-09-22T1800,1804A,115.9583,29.7047,九江市,茅山头,,32,29,42,12,36,102,NA,96,96,14,15,3,4,0.8,0.8
2026-09-22T1800,1805A,115.9877,29.7295,九江市,西园,,33,24,42,16,32,103,NA,98,98,11,15,6,7,0.9,0.9
2026-09-22T1800,1808A,115.9112,29.6038,九江市,综合工业园,,32,32,45,12,33,88,NA,96,96,23,26,8,8,1.0,1
2026-09-22T1800,1812A,112.3934,34.6517,洛阳市,市委党校,细颗粒物(PM2.5),98,68,52,59,42,165,NA,141,141,10,12,10,11,0.7,0.7
2026-09-22T1800,1815A,112.494,34.6883,洛阳市,河南林校,细颗粒物(PM2.5),80,63,56,50,41,147,NA,129,129,12,18,8,10,0.5,0.6
2026-09-22T1800,1816A,112.3843,34.623,洛阳市,开发区管委会,细颗粒物(PM2.5),92,70,42,56,37,153,NA,132,132,12,10,9,8,0.7,0.6
2026-09-22T1800,1817A,112.4263,34.6249,洛阳市,市委新办公区,细颗粒物(PM2.5),92,66,45,56,37,160,NA,131,131,12,13,14,11,0.7,0.6
2026-09-22T1800,1819A,114.3552,36.1017,安阳市,红庙街,细颗粒物(PM2.5),92,71,80,56,70,178,NA,169,169,13,16,1,5,0.8,1.2
2026-09-22T1800,1820A,114.361,36.0681,安阳市,银杏小区,细颗粒物(PM2.5),92,83,85,56,69,178,NA,173,173,14,18,5,7,1.1,1.5
2026-09-22T1800,1824A,114.3389,34.778,开封市,肿瘤医院,细颗粒物(PM2.5),60,56,83,40,78,163,NA,164,164,8,13,5,6,0.7,1
2026-09-22T1800,1826A,114.2884,34.7966,开封市,世纪星幼儿园,NA,NA,NA,75,47,68,165,NA,160,160,14,17,4,3,0.6,0.8
2026-09-22T1800,1832A,113.3257,33.7423,平顶山市,新华旅馆,细颗粒物(PM2.5),112,85,63,73,55,145,NA,141,141,17,15,8,9,0.8,0.8
2026-09-22T1800,1833A,113.2917,33.737,平顶山市,规划设计院,细颗粒物(PM2.5),118,93,59,79,54,131,NA,132,132,17,16,9,8,1.0,0.9
2026-09-22T1800,1834A,113.182,33.7738,平顶山市,平顶山工学院,细颗粒物(PM2.5),105,83,62,65,46,140,NA,132,132,11,13,10,11,0.8,0.7
2026-09-22T1800,1835A,111.1922,34.7752,三门峡市,市政府,,49,41,40,34,30,137,NA,131,131,12,16,6,7,0.6,0.6
2026-09-22T1800,1836A,111.1588,34.794,三门峡市,开发区,,43,41,39,30,29,125,NA,124,124,20,12,6,6,0.6,0.6
2026-09-22T1800,1840A,111.2991,30.6981,宜昌市,白龙岗,,31,31,13,21,6,72,NA,61,61,8,10,5,4,0.5,0.5
2026-09-22T1800,1842A,111.263451,30.696754,宜昌市,点军区,,36,36,12,19,5,72,NA,57,57,10,9,6,6,0.5,0.4
2026-09-22T1800,1843A,111.3276,30.782,宜昌市,夷陵区,,25,25,9,17,5,71,NA,58,58,14,14,6,6,0.6,0.6
2026-09-22T1800,1844A,112.2493,30.3198,荆州市,市图书馆,细颗粒物(PM2.5),68,45,38,44,35,93,NA,86,86,16,13,6,6,0.9,0.8
2026-09-22T1800,1845A,112.2009,30.3543,荆州市,市委党校,细颗粒物(PM2.5),68,49,38,44,31,75,NA,79,79,13,11,6,6,0.9,0.8
2026-09-22T1800,1848A,113.1494,29.425,岳阳市,城陵矶,,24,24,35,0,9,61,NA,56,56,12,11,3,3,1.2,1.2
2026-09-22T1800,1849A,113.1493,29.3575,岳阳市,开发区,,19,6,20,4,15,59,NA,60,60,18,12,6,6,0.8,0.7
2026-09-22T1800,1850A,113.2672,29.4752,岳阳市,云溪区,,21,20,24,14,16,65,NA,59,59,10,9,5,5,0.9,0.8
2026-09-22T1800,1851A,112.9944,29.44,岳阳市,君山区,,26,26,28,11,12,70,NA,65,65,12,10,4,4,0.7,0.7
2026-09-22T1800,1854A,111.696,28.9725,常德市,市二中,,42,NA,15,29,15,86,NA,83,83,12,8,9,9,0.9,0.9
2026-09-22T1800,1858A,110.532,29.1219,张家界市,永定新区,,22,9,18,4,7,69,NA,72,72,11,11,/,/,/,/
2026-09-22T1800,1859A,110.4696,29.1244,张家界市,电业局,,25,6,9,3,7,78,NA,83,83,12,11,1,1,0.7,0.7
2026-09-22T1800,1860A,110.5573,29.3486,张家界市,未央路,,24,6,5,3,5,76,NA,81,81,8,11,6,6,0.4,0.4
2026-09-22T1800,1864A,110.3091,25.2705,桂林市,龙隐路小学,,45,40,43,31,34,99,NA,104,104,15,11,5,5,0.8,0.8
2026-09-22T1800,1865A,110.2849361,25.22909545,桂林市,八中,,30,29,42,11,17,96,NA,102,102,8,10,4,6,0.7,0.7
2026-09-22T1800,1867A,109.1435,21.4085,北海市,海滩公园,,39,27,28,27,20,98,NA,117,112,12,6,3,4,0.7,0.6
2026-09-22T1800,1868A,109.0983,21.466,北海市,新市环保局,,35,18,28,15,24,112,NA,122,122,11,10,6,7,0.6,0.6
2026-09-22T1800,1869A,109.1775,21.5232,北海市,北海工业园,NA,NA,NA,37,NA,27,71,NA,108,104,18,10,3,4,0.7,0.7
2026-09-22T1800,1870A,109.4854,24.3898,柳州市,柳东小学,,50,50,59,21,33,104,NA,126,126,6,13,5,6,0.7,0.8
2026-09-22T1800,1871A,109.4109,24.3304,柳州市,环保监测站,,38,38,43,15,32,98,NA,118,118,8,16,5,6,0.7,0.9
2026-09-22T1800,1872A,109.3886,24.3408,柳州市,河西水厂,,50,50,61,22,36,99,NA,115,115,8,24,10,12,0.7,0.9
2026-09-22T1800,1873A,109.4263,24.2951,柳州市,市四中,,43,43,48,15,34,95,NA,120,120,11,15,6,7,0.6,0.7
2026-09-22T1800,1874A,109.396,24.3658,柳州市,市九中,颗粒物(PM10),66,72,49,24,34,102,NA,121,121,10,13,6,8,0.6,0.7
2026-09-22T1800,1875A,109.4912,24.3164,柳州市,古亭山,,29,29,44,14,32,86,NA,116,116,8,16,4,5,0.7,0.8
2026-09-22T1800,1877A,109.4962,18.2682,三亚市,河西子站,,24,24,25,15,16,74,NA,87,81,3,4,4,4,0.2,0.2
2026-09-22T1800,1878A,104.7775,31.4741,绵阳市,富乐山,,48,48,37,17,20,46,NA,63,63,10,13,10,10,0.8,0.8
2026-09-22T1800,1880A,104.6698,31.4668,绵阳市,高新区自来水公司,,42,42,42,27,25,79,NA,74,74,14,13,9,9,1.0,0.9
2026-09-22T1800,1883A,104.6204,28.7728,宜宾市,市委,,19,15,27,12,18,58,NA,51,51,15,22,28,10,0.7,0.8
2026-09-22T1800,1884A,104.6056,28.7931,宜宾市,宜宾四中,,19,17,29,11,19,59,NA,56,56,12,16,17,8,0.8,0.9
2026-09-22T1800,1886A,104.5743,28.7199,宜宾市,黄金嘴,,17,16,24,8,13,54,NA,50,50,14,15,3,2,0.6,0.6
2026-09-22T1800,1888A,101.6891,26.571,攀枝花市,弄弄坪,,23,11,42,7,15,71,NA,68,68,6,21,3,19,0.3,0.6
2026-09-22T1800,1889A,101.577,26.5914,攀枝花市,河门口,,23,18,24,9,13,71,NA,75,75,5,11,7,11,0.6,0.9
2026-09-22T1800,1891A,101.7365,26.4986,攀枝花市,仁和,,17,16,19,11,13,52,NA,53,53,10,9,6,7,0.6,0.7
2026-09-22T1800,1894A,105.4427,28.9063,泸州市,小市上码头,,22,10,27,5,16,70,NA,61,61,7,14,6,9,0.5,0.6
2026-09-22T1800,1895A,105.4241,28.8573,泸州市,兰田宪桥,,16,14,28,2,10,51,NA,53,53,9,14,6,6,0.5,0.6
2026-09-22T1800,1896A,105.4378,28.8833,泸州市,市环监站,,17,9,20,4,14,53,NA,56,56,11,14,4,5,0.8,0.9
2026-09-22T1800,1901A,104.424,31.1209,德阳市,东山公园,细颗粒物(PM2.5),54,45,27,37,33,83,NA,69,69,7,12,6,7,1.0,0.9
2026-09-22T1800,1902A,104.3827,31.1318,德阳市,西小区,细颗粒物(PM2.5),60,53,46,40,35,102,NA,72,72,14,24,10,11,0.7,0.7
2026-09-22T1800,1904A,104.3553,31.1091,德阳市,耐火材料厂,细颗粒物(PM2.5),80,53,47,50,37,113,NA,72,72,14,24,2,4,0.8,0.8
2026-09-22T1800,1906A,106.0791,30.8022,南充市,南充市委,,16,10,21,4,10,49,NA,43,43,12,16,6,6,0.5,0.5
2026-09-22T1800,1907A,106.1038,30.8215,南充市,南充炼油厂,,16,5,19,5,10,51,NA,48,48,12,13,6,8,0.4,0.4
2026-09-22T1800,1911A,106.9218,27.6872,遵义市,丁字口,,28,28,23,17,13,67,NA,70,70,12,8,6,6,0.6,0.9
2026-09-22T1800,1912A,106.9241,27.7044,遵义市,凤凰山,,24,22,18,16,13,76,NA,76,76,2,2,5,5,0.6,0.7
2026-09-22T1800,1913A,106.8895,27.648,遵义市,忠庄,,33,29,20,23,15,77,NA,77,77,7,7,4,5,0.7,0.7
2026-09-22T1800,1915A,106.9225,27.7253,遵义市,干田坝,,25,25,24,17,14,74,NA,77,77,5,5,6,6,0.7,0.7
2026-09-22T1800,1916A,103.7897,25.5036,曲靖市,环境监测站,,29,28,22,12,16,90,NA,91,91,12,12,4,4,0.3,0.4
2026-09-22T1800,1917A,103.8013,25.5357,曲靖市,烟厂办公区,,33,33,25,17,13,86,NA,81,81,7,7,2,3,0.5,0.6
2026-09-22T1800,1919A,108.6726,34.315,咸阳市,实验中学,,43,43,41,30,33,137,NA,111,111,16,22,6,6,0.7,0.7
2026-09-22T1800,1920A,108.7226,34.3622,咸阳市,师范学院,,49,49,39,29,35,133,NA,107,107,13,20,7,7,0.5,0.5
2026-09-22T1800,1923A,109.0696,35.0699,铜川市,王益区政府,颗粒物(PM10),54,55,38,32,31,128,NA,130,130,17,14,6,4,0.9,0.8
2026-09-22T1800,1924A,108.9345,34.9059,铜川市,新区管委会,,37,37,39,25,29,118,NA,111,111,12,15,3,3,0.9,0.9
2026-09-22T1800,1927A,109.4569,36.6161,延安市,延大医附院,,30,24,24,10,21,94,NA,96,96,6,17,4,4,0.6,0.6
2026-09-22T1800,1929A,109.5053,36.6105,延安市,百米大道,,29,29,32,10,23,92,NA,102,102,13,17,4,4,0.8,0.8
2026-09-22T1800,1931A,107.0802,34.3129,宝鸡市,竹园沟,NA,NA,NA,30,NA,22,102,NA,95,95,10,11,NA,5,0.4,0.4
2026-09-22T1800,1933A,107.1429,34.3549,宝鸡市,监测站,,38,38,38,20,25,112,NA,95,95,13,15,2,2,0.6,0.6
2026-09-22T1800,1934A,107.1172,34.3759,宝鸡市,技工学校,,42,42,39,19,29,121,NA,97,97,13,13,6,7,0.7,0.7
2026-09-22T1800,1936A,107.2025,34.3518,宝鸡市,文理学院,,35,33,38,19,26,111,NA,96,96,9,14,5,5,0.5,0.5
2026-09-22T1800,1937A,107.2396,34.3626,宝鸡市,三迪小学,,48,40,41,33,31,108,NA,96,96,18,21,4,4,0.5,0.5
2026-09-22T1800,1940A,109.4605,34.4927,渭南市,体育馆,,48,48,46,29,33,111,NA,102,102,18,28,6,7,0.7,0.7
2026-09-22T1800,1941A,109.4257,34.5067,渭南市,高新一小,颗粒物(PM10),53,53,38,28,31,122,NA,106,106,9,19,3,3,0.6,0.5
2026-09-22T1800,1944A,102.1691,38.5166,金昌市,天庆家园,,38,29,50,13,14,121,NA,114,114,10,22,7,13,0.3,0.4
2026-09-22T1800,1945A,98.291,39.7705,嘉峪关市,气象局,,41,41,32,10,8,126,NA,116,116,7,17,7,6,0.3,0.4
2026-09-22T1800,1948A,106.3668,39.0145,石嘴山市,大武口朝阳西街,,44,42,62,14,33,140,NA,142,142,22,35,4,21,0.5,0.9
2026-09-22T1800,1949A,106.7713,39.2278,石嘴山市,惠农南大街,,35,23,44,8,14,109,NA,114,114,11,28,10,16,0.3,0.5
2026-09-22T1800,1950A,106.7074,39.1332,石嘴山市,红果子镇惠新街,颗粒物(PM10),52,52,60,14,27,104,NA,101,NA,20,30,8,9,0.4,0.7
2026-09-22T1800,1951A,84.886,45.6029,克拉玛依市,长征新村,,29,21,48,14,17,92,NA,95,93,10,4,2,3,0.4,0.4
2026-09-22T1800,1952A,84.8894,45.5827,克拉玛依市,南林小区,,31,23,49,0,9,98,NA,94,94,9,5,7,6,0.1,0.1
2026-09-22T1800,1954A,84.896,44.3328,克拉玛依市,独山子区,,32,22,44,7,10,102,NA,96,96,2,4,4,4,0.2,0.2
2026-09-22T1800,1955A,85.6888,46.0909,克拉玛依市,乌尔禾区商贸楼,颗粒物(PM10),53,54,96,17,33,93,NA,86,86,5,7,7,8,0.3,0.4
2026-09-22T1800,1956A,86.1476,41.7529,巴音郭楞蒙古自治州,孔雀公园,,35,20,54,7,15,111,NA,93,93,5,18,3,4,0.2,0.3
2026-09-22T1800,1957A,86.1971,41.7166,巴音郭楞蒙古自治州,棉纺厂,,35,19,62,10,18,112,NA,90,90,9,20,/,/,/,/
2026-09-22T1800,1958A,86.236,41.7172,巴音郭楞蒙古自治州,经济开发区,,36,19,53,5,18,113,NA,101,101,7,8,3,2,0.2,0.2
2026-09-22T1800,1961A,117.5323,36.6865,济南市,东山小学,臭氧1小时(O3_1h),54,44,42,7,5,163,NA,131,131,16,32,12,10,0.5,0.4
2026-09-22T1800,1982A,122.0693,37.2175,威海市,文登开发区,,31,20,24,3,8,98,NA,111,111,17,17,/,/,/,/
2026-09-22T1800,2031A,113.1836,27.9959,株洲市,云田中学,,30,30,55,21,42,42,NA,56,56,20,17,9,10,0.6,0.6
2026-09-22T1800,2054A,114.1096,32.1059,信阳市,平桥分局,细颗粒物(PM2.5),84,56,42,52,39,93,NA,85,85,9,9,7,7,0.7,0.6
2026-09-22T1800,2064A,113.9956,32.1272,信阳市,南湾水厂,细颗粒物(PM2.5),84,74,50,52,36,83,NA,71,71,11,10,6,6,0.8,0.6
2026-09-22T1800,2065A,114.078,32.1194,信阳市,市酿酒公司,细颗粒物(PM2.5),74,78,56,47,38,84,NA,79,79,10,9,6,6,0.9,0.8
2026-09-22T1800,2066A,114.0712,32.1393,信阳市,审计局,颗粒物(PM10),70,78,52,40,37,90,NA,80,80,9,9,6,6,0.6,0.6
2026-09-22T1800,2068A,114.6755,33.6347,周口市,周口师范,细颗粒物(PM2.5),88,NA,99,54,66,154,NA,143,143,12,16,4,3,0.6,0.8
2026-09-22T1800,2160A,112.8496,35.5051,晋城市,自来水公司,颗粒物(PM10),70,77,68,42,36,157,NA,146,146,11,18,8,7,0.8,0.9
2026-09-22T1800,2162A,112.8509,35.4886,晋城市,市环保局,细颗粒物(PM2.5),96,78,53,58,48,148,NA,137,137,9,14,7,6,0.7,0.8
2026-09-22T1800,2166A,112.4399,39.3521,朔州市,平朔,,32,20,78,14,23,102,NA,105,105,8,26,3,7,0.2,0.3
2026-09-22T1800,2167A,112.4574,39.362,朔州市,朔唯,,35,25,71,17,20,112,NA,114,114,6,30,6,10,/,/
2026-09-22T1800,2168A,112.426,39.3199,朔州市,区政府,,30,27,57,18,23,95,NA,101,101,10,27,4,4,0.2,0.3
2026-09-22T1800,2169A,112.4075,39.3277,朔州市,市环保局,,32,27,49,19,23,100,NA,111,111,9,23,3,4,/,/
2026-09-22T1800,2170A,112.4273,39.3682,朔州市,市二中,NA,NA,28,81,NA,23,108,NA,114,114,NA,37,NA,7,/,/
2026-09-22T1800,2174A,112.6992,37.6984,晋中市,榆次区政府,细颗粒物(PM2.5),74,51,67,47,55,154,NA,123,123,6,16,12,12,0.6,0.8
2026-09-22T1800,2175A,110.996,35.0148,运城市,运城中学,,40,40,44,22,29,116,NA,110,110,8,10,5,6,0.7,0.7
2026-09-22T1800,2178A,110.9685,35.0305,运城市,地区技校,,39,35,42,27,33,117,NA,115,115,6,10,4,5,0.6,0.7
2026-09-22T1800,2181A,112.7313,38.457,忻州市,开发区,颗粒物(PM10),59,62,49,35,37,114,NA,100,100,16,19,7,8,0.9,0.9
2026-09-22T1800,2182A,112.7023,38.4932,忻州市,会展中心,细颗粒物(PM2.5),60,48,54,40,38,113,NA,103,103,13,22,6,6,0.6,0.6
2026-09-22T1800,2183A,111.1447,37.5212,吕梁市,环保局,,33,27,36,23,19,105,NA,103,103,12,29,3,3,0.6,0.6
2026-09-22T1800,2185A,111.1285,37.5338,吕梁市,自来水公司,,35,21,36,21,24,112,NA,106,106,9,22,1,2,0.5,0.6
2026-09-22T1800,2187A,106.8172,39.6972,乌海市,市林业局,,36,32,51,14,21,114,NA,120,120,4,25,6,22,0.2,0.8
2026-09-22T1800,2188A,106.7907,39.6666,乌海市,中海勃湾学校,,37,26,47,12,23,116,NA,123,122,5,33,3,22,0.3,0.8
2026-09-22T1800,2191A,122.253,43.6801,通辽市,艺术职业学校,,33,31,37,15,13,105,NA,117,116,16,15,9,13,0.4,0.5
2026-09-22T1800,2195A,107.4206,40.7609,巴彦淖尔市,附二中,,40,35,46,20,22,126,NA,122,122,11,30,11,10,0.4,0.6
2026-09-22T1800,2196A,107.37,40.7372,巴彦淖尔市,市环保大楼,,39,39,36,17,12,117,NA,121,121,5,14,16,15,0.6,0.6
2026-09-22T1800,2197A,113.1306,40.9924,乌兰察布市,集宁新区,,48,31,34,21,16,151,NA,136,136,6,31,7,7,0.3,0.4
2026-09-22T1800,2202A,116.1048,43.9318,锡林郭勒盟,市环保监测站,,36,20,18,4,3,114,NA,119,119,9,8,3,3,0.3,0.2
2026-09-22T1800,2203A,116.0778,43.9312,锡林郭勒盟,市政府,,33,16,17,7,5,104,NA,108,108,9,6,2,2,0.2,0.2
2026-09-22T1800,2205A,105.699,38.8409,阿拉善盟,蒙二幼,,40,24,26,5,9,125,NA,129,129,3,6,8,8,0.4,0.5
2026-09-22T1800,2206A,105.7198,38.8508,阿拉善盟,环保局新楼,,36,20,21,8,10,113,NA,118,118,4,5,8,9,0.5,0.5
2026-09-22T1800,2207A,121.6095,41.9978,阜新市,工业园区,颗粒物(PM10),75,85,73,11,26,138,NA,144,144,9,30,13,14,0.7,0.8
2026-09-22T1800,2208A,121.6567,42.0188,阜新市,长青街,,50,50,54,9,19,128,NA,136,136,16,37,14,18,0.5,0.6
2026-09-22T1800,2209A,121.6672,42.07,阜新市,农业园区,颗粒物(PM10),55,56,49,9,18,136,NA,142,142,9,20,7,19,0.6,0.7
2026-09-22T1800,2211A,121.6343,42.0455,阜新市,玉龙新城,颗粒物(PM10),63,67,61,12,18,139,NA,149,149,14,38,12,14,0.4,0.3
2026-09-22T1800,2212A,123.1978,41.2036,辽阳市,宏伟区,,35,30,40,6,9,111,NA,129,129,11,13,10,10,0.5,0.5
2026-09-22T1800,2213A,123.1684,41.2497,辽阳市,新华园,,41,41,51,12,19,90,NA,120,116,29,34,11,10,0.8,0.9
2026-09-22T1800,2214A,123.2355,41.2663,辽阳市,滨河路,,34,34,51,8,16,87,NA,124,124,31,29,10,13,0.7,0.7
2026-09-22T1800,2217A,123.865,42.292,铁岭市,水上乐园,,47,47,33,5,6,131,NA,142,142,20,17,13,10,0.4,0.3
2026-09-22T1800,2219A,123.7158,42.2218,铁岭市,金沙江路北,,49,49,38,6,11,115,NA,131,131,25,34,13,12,0.6,0.5
2026-09-22T1800,2220A,120.4318,41.588,朝阳市,西梁,,36,24,53,15,16,115,NA,122,122,9,30,7,10,0.3,0.5
2026-09-22T1800,2221A,120.452,41.565,朝阳市,河畔小区,,35,20,41,7,12,112,NA,122,122,12,19,7,10,0.6,0.8
2026-09-22T1800,2222A,120.4176,41.5648,朝阳市,八里堡,,39,39,51,11,16,113,NA,123,123,12,22,6,8,0.6,0.9
2026-09-22T1800,2226A,124.3744,43.1842,四平市,境园,,47,38,32,16,12,150,NA,137,137,19,23,10,7,0.5,0.4
2026-09-22T1800,2227A,125.1359,42.8845,辽源市,环保局,,38,23,31,8,9,121,NA,107,107,12,21,7,7,0.6,0.6
2026-09-22T1800,2229A,125.9359,41.7174,通化市,光明,,30,30,21,6,7,48,NA,80,80,31,11,11,7,0.5,0.5
2026-09-22T1800,2230A,125.9446,41.7323,通化市,铁路,,24,22,17,3,7,74,NA,84,84,19,20,8,5,0.5,0.6
2026-09-22T1800,2231A,126.4219,41.9172,白山市,喜丰,,26,26,52,15,8,70,NA,100,97,30,24,8,8,0.9,0.7
2026-09-22T1800,2232A,126.4082,41.9416,白山市,环保局,NA,NA,NA,NA,NA,NA,NA,NA,NA,NA,NA,NA,NA,NA,NA,NA
2026-09-22T1800,2233A,124.8007,45.1213,松原市,江南,颗粒物(PM10),63,68,28,38,12,72,NA,88,88,34,13,2,1,0.5,0.3
2026-09-22T1800,2234A,124.7967,45.1721,松原市,江北,,50,50,23,32,11,80,NA,85,85,15,17,2,2,0.5,0.4
2026-09-22T1800,2235A,122.7909,45.608,白城市,洮北区环保局,,30,29,21,21,11,82,NA,94,94,5,6,6,2,0.5,0.4
2026-09-22T1800,2236A,122.8741,45.5725,白城市,市环保局,NA,NA,31,18,NA,9,84,NA,90,90,13,11,5,5,0.6,0.6
2026-09-22T1800,2237A,129.4704,42.8885,延边朝鲜族自治州,妇幼医院,,37,37,15,16,8,58,NA,76,76,13,8,8,8,0.6,0.6
2026-09-22T1800,2238A,129.5047,42.9117,延边朝鲜族自治州,延边医院,,20,20,11,10,6,61,NA,76,76,20,10,7,4,0.6,0.5
2026-09-22T1800,2239A,129.395,42.8884,延边朝鲜族自治州,朝阳川镇医院,颗粒物(PM10),54,55,29,26,9,50,NA,68,67,22,14,10,10,0.7,0.6
2026-09-22T1800,2240A,130.9618,45.2926,鸡西市,环保局,,18,18,22,8,9,42,NA,62,61,26,15,7,6,0.3,0.3
2026-09-22T1800,2243A,130.9294,45.2959,鸡西市,第一中学,,17,17,31,7,4,41,NA,67,65,28,13,4,4,0.2,0.1
2026-09-22T1800,2244A,130.2537,47.3416,鹤岗市,哈啤分公司,颗粒物(PM10),111,148,38,34,5,35,NA,64,63,21,8,9,9,0.5,0.3
2026-09-22T1800,2245A,130.2683,47.3087,鹤岗市,斯达机电,,24,24,26,12,7,43,NA,57,56,26,15,6,6,0.5,0.4
2026-09-22T1800,2246A,130.3114,47.3388,鹤岗市,东山纸板厂,NA,NA,NA,64,41,16,8,NA,56,51,46,20,6,7,0.4,0.5
2026-09-22T1800,2248A,131.1509,46.6936,双鸭山市,双合村,,26,26,42,8,14,38,NA,55,55,19,16,9,12,0.4,1.1
2026-09-22T1800,2249A,131.1651,46.6191,双鸭山市,南小市,颗粒物(PM10),68,75,23,13,7,28,NA,58,56,34,8,4,7,0.4,0.2
2026-09-22T1800,2250A,131.1526,46.6554,双鸭山市,环保局,,34,34,39,3,9,42,NA,55,55,20,18,8,9,0.1,0.2
2026-09-22T1800,2252A,128.8663,47.7199,伊春市,环保局,,30,30,22,14,6,23,NA,50,49,32,11,3,1,0.7,0.6
2026-09-22T1800,2253A,128.9014,47.732,伊春市,电力嘉园,,44,44,23,18,7,32,NA,55,55,27,10,4,3,0.2,0.1
2026-09-22T1800,2255A,130.2749,46.8028,佳木斯市,佳纺,,18,18,30,11,7,26,NA,63,61,33,13,3,3,0.3,0.2
2026-09-22T1800,2257A,130.3258,46.7975,佳木斯市,环保局,,17,16,23,8,6,52,NA,64,64,15,18,2,2,0.4,0.3
2026-09-22T1800,2263A,127.4832,50.2524,黑河市,交通局,NA,NA,30,23,9,8,46,NA,53,53,NA,10,6,6,0.2,0.2
2026-09-22T1800,2264A,127.5146,50.2339,黑河市,环保局,,36,36,25,16,9,44,NA,56,56,20,15,12,9,0.2,0.2
2026-09-22T1800,2266A,126.9783,46.6365,绥化市,人和东街,,23,23,17,13,5,55,NA,68,68,18,11,3,4,0.5,0.4
2026-09-22T1800,2267A,126.964,46.6527,绥化市,党政办公中心,,50,50,26,19,7,49,NA,72,72,28,15,8,9,0.6,0.5
2026-09-22T1800,2269A,124.1068,50.4091,大兴安岭地区,科技局,,25,25,26,8,7,50,NA,56,56,9,6,2,2,0.2,0.2
2026-09-22T1800,2270A,117.396,32.9389,蚌埠市,工人疗养院,,49,49,60,22,43,119,NA,122,122,14,20,7,7,0.6,0.7
2026-09-22T1800,2271A,117.3606,32.9428,蚌埠市,百货大楼,颗粒物(PM10),53,54,62,18,35,109,NA,125,125,17,25,10,11,0.7,0.7
2026-09-22T1800,2273A,117.4183,32.8909,蚌埠市,蚌埠学院,,39,39,45,19,36,107,NA,99,99,8,17,6,7,0.4,0.5
2026-09-22T1800,2274A,117.3534,32.9672,蚌埠市,淮上区政府,颗粒物(PM10),62,66,59,27,41,111,NA,135,135,24,26,6,6,0.6,0.6
2026-09-22T1800,2275A,117.3143,32.8977,蚌埠市,高新区,颗粒物(PM10),56,58,51,27,37,104,NA,103,103,19,26,6,7,0.5,0.5
2026-09-22T1800,2277A,116.8304,32.7726,淮南市,潘集区政府,颗粒物(PM10),58,61,45,22,32,91,NA,96,95,16,12,6,7,0.5,0.5
2026-09-22T1800,2279A,116.8569,32.5949,淮南市,谢家集区政府,NA,NA,NA,45,26,30,96,NA,99,99,16,12,6,7,0.3,0.4
2026-09-22T1800,2280A,116.8279,32.6333,淮南市,八公山区政府,,39,39,42,18,35,84,NA,93,93,12,11,5,4,0.4,0.5
2026-09-22T1800,2282A,116.8005,33.9749,淮北市,监测站,,48,26,70,7,43,153,NA,142,142,15,18,7,7,0.3,0.6
2026-09-22T1800,2283A,116.8094,33.9008,淮北市,烈山区政府,NA,NA,21,81,3,62,175,NA,148,148,10,16,NA,5,0.3,0.6
2026-09-22T1800,2285A,117.8176,30.9412,铜陵市,市第四中学,颗粒物(PM10),56,58,54,27,38,87,NA,96,94,21,12,10,9,0.9,0.7
2026-09-22T1800,2287A,117.7806,30.9413,铜陵市,市新民污水厂,颗粒物(PM10),53,53,60,34,42,75,NA,96,90,26,15,9,9,0.8,0.6
2026-09-22T1800,2289A,117.846,30.9414,铜陵市,车站新区,颗粒物(PM10),63,67,74,28,38,63,NA,90,84,31,14,10,8,0.7,0.7
2026-09-22T1800,2290A,117.8472,30.9699,铜陵市,市职教基地,颗粒物(PM10),56,58,64,27,37,81,NA,98,95,23,12,6,5,1.0,0.8
2026-09-22T1800,2291A,117.0806,30.5181,安庆市,环科院,,50,43,32,35,28,74,NA,90,82,12,8,6,6,0.7,0.7
2026-09-22T1800,2292A,117.0331,30.5118,安庆市,马山宾馆,细颗粒物(PM2.5),58,NA,33,39,27,76,NA,88,82,12,12,4,5,1.2,1.2
2026-09-22T1800,2294A,116.9897,30.6146,安庆市,安庆大学,,45,33,28,31,30,76,NA,90,89,11,11,3,4,0.6,0.6
2026-09-22T1800,2295A,118.2905,29.6965,黄山市,延安路89号,细颗粒物(PM2.5),68,59,39,44,29,129,NA,135,135,10,8,5,5,0.8,0.7
2026-09-22T1800,2297A,118.1369,30.2755,黄山市,黄山区政府5号楼,细颗粒物(PM2.5),68,52,35,44,28,58,NA,81,80,7,5,4,4,0.7,0.7
2026-09-22T1800,2301A,115.8276,32.8929,阜阳市,市监测站,细颗粒物(PM2.5),88,72,65,54,50,115,NA,108,108,12,16,8,7,0.5,0.5
2026-09-22T1800,2303A,115.8551,32.8606,阜阳市,开发区,颗粒物(PM10),71,79,71,43,50,111,NA,100,100,16,18,7,6,0.6,0.7
2026-09-22T1800,2307A,116.5078,31.7369,六安市,监测大楼,,49,40,29,34,34,65,NA,103,77,10,8,3,3,0.4,0.4
2026-09-22T1800,2308A,116.4738,31.7642,六安市,皖西学院,,45,43,37,31,30,72,NA,112,82,9,7,7,7,0.5,0.5
2026-09-22T1800,2309A,116.4997,31.7904,六安市,朝阳厂,,48,44,33,33,33,61,NA,92,70,11,8,3,2,0.4,0.4
2026-09-22T1800,2310A,116.5566,31.7885,六安市,开发区,颗粒物(PM10),53,53,38,34,32,66,NA,106,80,20,11,6,5,0.4,0.4
2026-09-22T1800,2311A,115.8071,33.8399,亳州市,污水处理厂,,44,35,77,1,47,140,NA,141,141,10,18,9,6,0.2,0.5
2026-09-22T1800,2312A,115.7789,33.8519,亳州市,三国揽胜宫,,43,41,64,2,57,135,NA,135,135,11,16,6,6,0.2,0.6
2026-09-22T1800,2314A,117.4698,30.6617,池州市,池州学院,,45,35,45,31,34,61,NA,67,66,33,21,6,6,0.7,0.7
2026-09-22T1800,2316A,118.7578,30.9457,宣城市,鳌峰子站,,48,48,47,26,42,86,NA,95,93,8,9,6,6,0.5,0.6
2026-09-22T1800,2317A,118.7384,30.9745,宣城市,敬亭山子站,,48,48,50,28,46,76,NA,94,92,14,12,3,3,0.6,0.6
2026-09-22T1800,2318A,118.7172,30.9428,宣城市,开发区子站,,50,50,45,31,46,92,NA,101,100,10,8,5,6,0.6,0.6
2026-09-22T1800,2319A,119.0142,25.4324,莆田市,荔城区仓后路,颗粒物(PM10),55,57,36,31,21,119,NA,123,122,10,7,/,/,/,/
2026-09-22T1800,2320A,119.0016,25.4553,莆田市,莆田市监测站,颗粒物(PM10),55,57,37,22,21,125,NA,123,123,8,5,6,5,0.9,0.7
2026-09-22T1800,2321A,119.112,25.4561,莆田市,涵江区六中,颗粒物(PM10),55,57,39,31,20,125,NA,132,131,9,5,/,/,0.9,0.6
2026-09-22T1800,2322A,119.1014,25.3215,莆田市,秀屿区政府,NA,NA,NA,35,NA,19,114,NA,131,128,14,6,5,3,NA,0.5
2026-09-22T1800,2324A,117.621,26.2626,三明市,三钢,NA,NA,41,36,30,31,100,NA,98,98,NA,16,6,7,NA,1
2026-09-22T1800,2325A,117.6352,26.2714,三明市,三明二中,,49,NA,37,34,40,98,NA,97,97,9,14,6,7,0.5,0.7
2026-09-22T1800,2326A,117.6028,26.2377,三明市,三元区政府,,42,40,41,29,33,92,NA,89,89,12,16,8,10,0.8,1
2026-09-22T1800,2332A,118.1682,26.6371,南平市,南平市监测站,,26,25,31,18,21,82,NA,100,99,6,10,4,5,0.5,0.5
2026-09-22T1800,2334A,118.1757,26.6276,南平市,南平七中,,35,35,31,17,22,88,NA,101,100,4,10,4,4,0.5,0.6
2026-09-22T1800,2336A,117.022,25.1031,龙岩市,龙岩市监测站,,27,NA,29,13,21,84,NA,105,105,6,12,5,7,0.4,0.4
2026-09-22T1800,2337A,117.0257,25.0662,龙岩市,闽西职业技术学院,,26,22,30,13,19,83,NA,101,101,6,7,4,5,0.4,0.4
2026-09-22T1800,2338A,117.0195,25.0306,龙岩市,龙岩学院,,21,12,28,10,20,65,NA,96,96,9,6,4,5,/,/
2026-09-22T1800,2341A,119.5387,26.6611,宁德市,宁德市监测站,,39,33,34,21,20,122,NA,148,147,6,5,7,7,0.7,0.7
2026-09-22T1800,2343A,117.2114,29.2931,景德镇市,老干部活动中心,,40,NA,39,28,35,71,NA,75,75,8,10,4,4,0.8,0.7
2026-09-22T1800,2344A,117.1893,29.2789,景德镇市,兽医站,,41,41,52,22,34,79,NA,78,78,5,11,5,4,0.7,0.7
2026-09-22T1800,2346A,117.246,29.2958,景德镇市,陶研所,,43,35,36,30,30,65,NA,76,76,8,10,5,4,0.8,0.8
2026-09-22T1800,2348A,113.8384,27.6436,萍乡市,中医院,细颗粒物(PM2.5),74,68,72,47,55,52,NA,76,76,19,22,7,13,1.0,1.3
2026-09-22T1800,2350A,113.8677,27.6438,萍乡市,市环保局,细颗粒物(PM2.5),92,61,64,56,60,68,NA,87,87,12,17,5,11,0.7,1
2026-09-22T1800,2351A,113.8663,27.6202,萍乡市,安源区政府,细颗粒物(PM2.5),82,61,63,51,58,69,NA,77,77,14,13,9,10,0.8,0.8
2026-09-22T1800,2353A,114.9887,27.8433,新余市,飞宇,细颗粒物(PM2.5),68,49,52,44,41,108,NA,121,121,13,14,8,12,0.7,0.7
2026-09-22T1800,2354A,114.9234,27.8248,新余市,第二水厂,颗粒物(PM10),65,71,64,42,39,111,NA,120,120,12,12,14,14,0.8,0.9
2026-09-22T1800,2355A,114.931,27.8037,新余市,市气象局,细颗粒物(PM2.5),62,56,56,41,40,101,NA,114,114,12,11,17,16,0.7,0.8
2026-09-22T1800,2358A,117.0561,28.2641,鹰潭市,新监测站,,37,37,70,21,46,101,NA,123,123,2,2,4,6,0.5,0.7
2026-09-22T1800,2359A,117.0312,28.2474,鹰潭市,财苑宾馆,,32,32,55,20,43,100,NA,126,126,1,4,5,8,/,/
2026-09-22T1800,2360A,117.0221,28.2263,鹰潭市,体育馆,,39,39,57,25,41,94,NA,122,122,5,5,6,7,0.7,0.7
2026-09-22T1800,2363A,114.9368,25.8663,赣州市,地委,,50,46,50,35,37,83,NA,105,104,36,11,3,4,0.7,0.6
2026-09-22T1800,2364A,114.946,25.8483,赣州市,气象台,细颗粒物(PM2.5),52,47,48,36,37,101,NA,113,113,9,10,5,8,0.3,0.4
2026-09-22T1800,2365A,114.932,25.8332,赣州市,市图书馆,细颗粒物(PM2.5),62,NA,45,41,36,110,NA,116,116,5,8,4,4,1.1,0.9
2026-09-22T1800,2366A,114.8905,25.8472,赣州市,华坚鞋城,细颗粒物(PM2.5),66,48,47,43,38,100,NA,110,110,9,9,1,2,1.7,1
2026-09-22T1800,2367A,114.9753,27.0803,吉安市,红声器材厂,颗粒物(PM10),68,75,55,40,38,104,NA,120,120,12,9,11,12,0.7,0.6
2026-09-22T1800,2369A,114.9903,27.1313,吉安市,市环境监测站,细颗粒物(PM2.5),56,55,53,38,36,105,NA,116,116,11,9,6,6,/,/
2026-09-22T1800,2370A,115.009527,27.096792,吉安市,青原区法院,细颗粒物(PM2.5),66,57,54,43,39,112,NA,127,127,12,10,8,8,0.6,0.5
2026-09-22T1800,2373A,114.3954,27.7843,宜春市,市石油公司,细颗粒物(PM2.5),70,57,59,45,42,92,NA,95,94,8,11,2,7,0.8,0.7
2026-09-22T1800,2374A,114.37,27.7916,宜春市,市气象局,细颗粒物(PM2.5),76,NA,58,48,42,98,NA,99,99,8,12,3,3,0.9,0.9
2026-09-22T1800,2375A,114.401,27.8059,宜春市,市广电局,细颗粒物(PM2.5),58,NA,42,39,41,102,NA,108,108,10,13,4,5,0.7,0.6
2026-09-22T1800,2377A,116.3544,27.9833,抚州市,市站,,46,46,55,31,36,88,NA,83,83,3,3,5,9,1.0,0.9
2026-09-22T1800,2378A,116.3562,27.9631,抚州市,血防站,,44,44,54,30,35,90,NA,87,87,7,7,4,9,0.9,0.8
2026-09-22T1800,2379A,116.3561,28.0007,抚州市,采茶剧团,细颗粒物(PM2.5),56,42,52,38,39,105,NA,97,97,3,3,13,15,0.9,0.9
2026-09-22T1800,2380A,116.3854,27.9648,抚州市,医学分院,细颗粒物(PM2.5),60,NA,49,40,40,87,NA,85,85,3,4,4,8,1.1,1.1
2026-09-22T1800,2382A,117.9758,28.4439,上饶市,市监测站,,42,42,47,25,30,99,NA,180,171,2,6,1,5,/,/
2026-09-22T1800,2383A,117.9521,28.4637,上饶市,凤凰光学,,42,42,48,23,29,90,NA,157,149,4,11,4,5,0.6,0.5
2026-09-22T1800,2385A,114.17,35.9019,鹤壁市,市监测站,细颗粒物(PM2.5),110,105,97,70,84,176,NA,161,161,12,11,1,6,0.9,1.1
2026-09-22T1800,2386A,114.2953,35.7512,鹤壁市,市交警支队,细颗粒物(PM2.5),110,102,97,71,74,172,NA,164,164,18,21,6,7,0.9,1
2026-09-22T1800,2387A,114.2877,35.7302,鹤壁市,迎宾馆,细颗粒物(PM2.5),111,119,134,72,86,178,NA,173,173,13,15,9,8,0.9,1
2026-09-22T1800,2389A,113.836,35.3104,新乡市,环保西院,细颗粒物(PM2.5),96,92,99,58,68,169,NA,164,164,11,22,9,11,0.9,1.1
2026-09-22T1800,2390A,113.8847,35.2724,新乡市,开发区,细颗粒物(PM2.5),105,75,80,65,76,172,NA,166,166,13,25,6,7,0.6,0.7
2026-09-22T1800,2391A,113.8836,35.3028,新乡市,环保东院,细颗粒物(PM2.5),101,76,84,61,79,178,NA,172,172,10,18,6,7,0.8,1
2026-09-22T1800,2392A,115.0312,35.7636,濮阳市,环保局,臭氧1小时(O3_1h),70,72,65,44,54,176,NA,162,162,11,12,3,2,0.9,1
2026-09-22T1800,2398A,113.7904,33.9949,许昌市,开发区,NA,NA,59,72,45,53,149,NA,148,148,15,16,NA,5,0.3,0.5
2026-09-22T1800,2399A,114.051,33.5721,漯河市,三五一五工厂,细颗粒物(PM2.5),110,111,77,71,64,126,NA,135,135,NA,21,6,6,1.0,1
2026-09-22T1800,2400A,114.0055,33.5698,漯河市,漯河大学,细颗粒物(PM2.5),115,97,82,76,67,108,NA,132,132,25,20,6,7,0.9,0.8
2026-09-22T1800,2401A,114.0134,33.5826,漯河市,市水利局,细颗粒物(PM2.5),112,100,91,73,62,119,NA,137,137,23,21,8,9,1.0,0.9
2026-09-22T1800,2402A,114.0261,33.5697,漯河市,市广电局,NA,NA,98,85,52,52,117,NA,138,138,24,18,NA,5,0.8,0.7
2026-09-22T1800,2404A,112.5338,33.0086,南阳市,瓦房庄,细颗粒物(PM2.5),103,85,57,63,39,112,NA,128,128,19,13,6,6,1.0,0.8
2026-09-22T1800,2405A,112.5002,32.9734,南阳市,汉画馆,细颗粒物(PM2.5),107,110,66,67,43,99,NA,118,118,28,14,7,7,1.0,0.9
2026-09-22T1800,2406A,112.5778,33.0144,南阳市,气象站,细颗粒物(PM2.5),88,72,49,54,37,106,NA,122,122,21,13,7,8,1.0,0.8
2026-09-22T1800,2407A,112.548,32.9687,南阳市,理工学院,细颗粒物(PM2.5),107,88,56,67,41,104,NA,124,124,22,13,9,9,1.0,0.9
2026-09-22T1800,2408A,115.6701,34.4283,商丘市,环境监测站,,50,47,115,26,55,160,NA,151,151,13,20,10,6,0.5,0.8
2026-09-22T1800,2409A,115.6458,34.4047,商丘市,粮食局,,50,43,102,28,56,158,NA,153,153,13,19,7,8,0.6,0.9
2026-09-22T1800,2420A,114.0194,32.9648,驻马店市,市一纸厂,细颗粒物(PM2.5),108,98,82,68,59,98,NA,105,105,14,14,5,6,0.6,0.5
2026-09-22T1800,2421A,114.0112,33.0149,驻马店市,市彩印厂,细颗粒物(PM2.5),92,105,82,56,54,108,NA,101,101,13,14,3,3,0.7,0.6
2026-09-22T1800,2423A,115.0547,30.2332,黄石市,沈家营,,37,37,32,16,14,48,NA,45,45,7,7,10,11,0.6,0.6
2026-09-22T1800,2426A,114.899,30.211,黄石市,铁山,,26,25,30,18,18,58,NA,50,50,21,15,6,7,0.5,0.6
2026-09-22T1800,2427A,115.0259,30.2108,黄石市,团城山,,42,42,36,20,17,52,NA,41,41,8,9,7,8,0.8,0.9
2026-09-22T1800,2429A,110.78,32.6494,十堰市,滨河新村,细颗粒物(PM2.5),80,64,44,50,32,132,NA,112,112,15,18,/,/,0.9,0.9
2026-09-22T1800,2430A,110.7305,32.6408,十堰市,刘家沟,细颗粒物(PM2.5),68,58,39,44,32,120,NA,112,112,12,12,/,/,/,/
2026-09-22T1800,2431A,110.8843,32.5712,十堰市,铁二处,细颗粒物(PM2.5),58,52,41,39,37,112,NA,108,108,12,18,7,7,0.8,0.8
2026-09-22T1800,2432A,112.1555,32.0197,襄阳市,襄城运动路,"颗粒物(PM10),细颗粒物(PM2.5)",84,97,74,52,41,110,NA,94,94,13,14,7,7,0.9,0.8
2026-09-22T1800,2434A,112.1829,32.1146,襄阳市,高新管委会,细颗粒物(PM2.5),94,76,63,57,46,115,NA,92,92,15,19,6,7,0.9,0.8
2026-09-22T1800,2435A,112.2105,32.0903,襄阳市,襄州航空路,颗粒物(PM10),98,116,78,51,44,100,NA,88,88,16,16,7,7,0.9,0.8
2026-09-22T1800,2436A,114.894,30.3989,鄂州市,市政府,,21,21,22,14,9,52,NA,54,54,17,12,5,5,0.6,0.6
2026-09-22T1800,2437A,114.8986,30.3714,鄂州市,赵家坝,颗粒物(PM10),54,55,25,21,11,52,NA,55,54,23,14,3,3,0.8,0.7
2026-09-22T1800,2439A,112.2012,31.048,荆门市,竹园小学,细颗粒物(PM2.5),80,85,70,50,41,93,NA,105,105,12,9,7,7,1.0,0.9
2026-09-22T1800,2440A,112.1968,30.9892,荆门市,掇刀,细颗粒物(PM2.5),92,69,46,56,40,103,NA,108,108,7,6,6,6,0.8,0.8
2026-09-22T1800,2444A,113.9062,30.9378,孝感市,东城区,,50,50,29,28,17,89,NA,97,97,5,4,5,5,0.7,0.6
2026-09-22T1800,2446A,114.9021,30.474,黄冈市,职工中心,,28,28,20,16,11,62,NA,63,63,13,9,4,4,0.7,0.6
2026-09-22T1800,2451A,113.3587,31.7275,随州市,市委党校,细颗粒物(PM2.5),88,74,45,54,28,84,NA,109,109,16,7,8,8,1.0,0.7
2026-09-22T1800,2452A,113.3745,31.6926,随州市,市林业局,颗粒物(PM10),63,68,43,39,24,88,NA,104,104,9,6,6,6,0.8,0.8
2026-09-22T1800,2453A,113.3984,31.7309,随州市,市立交桥水厂,细颗粒物(PM2.5),66,64,40,43,24,84,NA,103,100,11,5,5,5,0.7,0.7
2026-09-22T1800,2454A,109.4978,30.2979,恩施土家族苗族自治州,湖北民院,,19,16,12,10,6,58,NA,58,58,12,8,4,4,0.5,0.4
2026-09-22T1800,2457A,112.6209,26.9268,衡阳市,衡阳化工总厂,,35,35,59,24,48,65,NA,64,64,7,8,7,8,0.8,0.9
2026-09-22T1800,2458A,112.621,26.8957,衡阳市,珠晖区环保局,颗粒物(PM10),55,56,62,22,38,67,NA,68,68,14,14,6,6,0.9,1
2026-09-22T1800,2459A,112.628,26.8654,衡阳市,市委党校,,49,49,56,28,43,72,NA,77,77,8,7,5,7,0.8,0.9
2026-09-22T1800,2460A,112.6007,26.8977,衡阳市,市监测站,NA,NA,46,50,42,47,71,NA,71,71,8,9,5,5,NA,1
2026-09-22T1800,2461A,112.5658,26.9013,衡阳市,真空机电公司,NA,NA,NA,50,NA,48,59,NA,66,66,NA,7,6,8,NA,1.2
2026-09-22T1800,2464A,111.5277,27.2442,邵阳市,市化工厂,,50,37,41,35,45,66,NA,71,71,6,6,9,10,0.6,0.5
2026-09-22T1800,2466A,111.4327,27.2276,邵阳市,市环保局,细颗粒物(PM2.5),54,47,58,37,46,62,NA,66,66,8,8,6,8,1.0,1
2026-09-22T1800,2468A,112.3458,28.581,益阳市,市环保局,,32,NA,27,22,23,61,NA,65,64,16,10,6,6,1.0,1
2026-09-22T1800,2473A,113.0116,25.8228,郴州市,市职中,细颗粒物(PM2.5),86,65,60,53,54,70,NA,64,64,10,18,7,8,0.8,1
2026-09-22T1800,2475A,113.0381,25.8074,郴州市,市审计局,细颗粒物(PM2.5),68,64,64,44,52,74,NA,69,69,8,15,8,9,/,/
2026-09-22T1800,2476A,113.0348,25.7757,郴州市,市环保局,细颗粒物(PM2.5),72,64,58,46,51,71,NA,70,70,10,16,9,9,0.8,0.8
2026-09-22T1800,2478A,111.6126,26.4266,永州市,市环境监测站,细颗粒物(PM2.5),64,48,62,42,55,69,NA,69,69,9,9,7,6,1.0,1
2026-09-22T1800,2480A,111.6248,26.3803,永州市,永州市环保局,细颗粒物(PM2.5),56,48,68,38,51,70,NA,71,71,3,4,3,4,1.0,0.9
2026-09-22T1800,2481A,111.5989,26.4523,永州市,冷水滩区环保局,细颗粒物(PM2.5),64,53,67,42,52,75,NA,74,74,6,7,10,10,1.0,1.1
2026-09-22T1800,2483A,109.9297,27.5383,怀化市,河西地税局,,19,12,15,4,12,59,NA,54,50,10,8,4,4,/,/
2026-09-22T1800,2484A,109.9783,27.5342,怀化市,市四医院,,18,18,23,9,15,52,NA,51,44,10,8,7,7,0.6,0.6
2026-09-22T1800,2485A,109.9971,27.5579,怀化市,监测楼,,16,10,19,6,14,49,NA,47,42,11,10,3,4,0.5,0.5
2026-09-22T1800,2488A,111.9984,27.7346,娄底市,市监测站,,17,16,28,4,20,54,NA,52,48,8,7,4,4,0.6,0.6
2026-09-22T1800,2491A,111.9888,27.7035,娄底市,市政府,,18,13,24,4,23,56,NA,56,51,9,6,4,4,0.4,0.4
2026-09-22T1800,2493A,109.7298,28.3164,湘西土家族苗族自治州,州政府,,21,8,15,3,8,67,NA,57,57,5,5,3,3,0.5,0.5
2026-09-22T1800,2494A,109.6957,28.2676,湘西土家族苗族自治州,吉首市计生局,,21,5,11,2,7,66,NA,55,55,11,9,5,5,0.4,0.4
2026-09-22T1800,2496A,111.3126,23.4772,梧州市,市十一中,,49,42,56,34,27,133,NA,130,130,18,23,11,11,0.8,0.5
2026-09-22T1800,2498A,111.26,23.4794,梧州市,龙新,颗粒物(PM10),60,64,45,34,26,117,NA,113,113,11,24,5,13,0.6,0.6
2026-09-22T1800,2499A,108.3411,21.6159,防城港市,沙万,颗粒物(PM10),66,72,55,29,32,104,NA,94,94,27,19,8,8,1.1,1
2026-09-22T1800,2500A,108.3515,21.7733,防城港市,防城档案局,颗粒物(PM10),60,63,47,34,29,82,NA,92,92,33,12,16,8,1.9,0.9
2026-09-22T1800,2501A,108.3506,21.6414,防城港市,大海花园,颗粒物(PM10),61,65,44,40,38,104,NA,102,102,19,14,9,9,1.0,0.9
2026-09-22T1800,2502A,108.6238,21.9667,钦州市,市环保站,,39,39,44,22,26,96,NA,104,103,23,16,15,11,0.8,0.9
2026-09-22T1800,2503A,108.655,21.9481,钦州市,沙埠小学,,27,27,60,16,32,75,NA,95,95,20,22,8,11,0.5,0.7
2026-09-22T1800,2504A,108.5989,21.7435,钦州市,港区一小,颗粒物(PM10),52,52,60,32,27,53,NA,86,81,54,26,16,7,0.7,0.7
2026-09-22T1800,2506A,109.604387,23.066791,贵港市,江南子站,颗粒物(PM10),67,73,60,16,40,64,NA,106,104,31,19,3,6,0.8,0.8
2026-09-22T1800,2508A,109.5669,23.1065,贵港市,荷城子站,NA,NA,44,51,16,37,73,NA,102,101,23,16,5,7,NA,0.8
2026-09-22T1800,2511A,110.1433,22.6162,玉林市,南江一中,,33,NA,38,23,33,89,NA,125,125,10,12,6,17,0.6,0.7
2026-09-22T1800,2512A,106.6102,23.901,百色市,市监测站,,40,40,36,23,24,107,NA,113,113,7,13,9,8,0.4,0.4
2026-09-22T1800,2513A,106.6524,23.8842,百色市,市中心血站,,40,38,53,28,35,112,NA,116,116,6,17,13,11,0.4,0.6
2026-09-22T1800,2514A,111.5264,24.4178,贺州市,环保小区,,33,27,32,23,26,96,NA,108,108,5,10,12,12,0.5,0.5
2026-09-22T1800,2515A,111.561,24.4074,贺州市,政协大楼,,29,27,26,19,24,92,NA,113,113,10,13,10,10,0.8,0.8
2026-09-22T1800,2517A,108.0496,24.6957,河池市,市环保站,,39,35,42,27,28,100,NA,102,102,4,11,9,7,0.7,0.7
2026-09-22T1800,2520A,109.2203,23.7252,来宾市,来宾技工学校,,40,37,58,28,36,74,NA,102,102,11,16,8,11,0.7,0.8
2026-09-22T1800,2521A,107.3473,22.4137,崇左市,市环保局江州分局,,36,31,42,21,24,115,NA,116,116,8,14,7,4,0.6,0.6
2026-09-22T1800,2524A,105.8211,32.4444,广元市,老城,,30,17,22,0,7,95,NA,83,83,6,18,2,3,0.7,0.8
2026-09-22T1800,2526A,105.8629,32.429,广元市,监测站,,29,29,31,2,6,84,NA,80,80,14,14,5,5,0.8,0.8
2026-09-22T1800,2528A,105.5581,30.5231,遂宁市,市监测站,,25,25,29,11,11,69,NA,60,60,12,15,5,7,0.7,0.7
2026-09-22T1800,2530A,105.5917,30.4727,遂宁市,美宁食品公司,,25,20,22,17,16,65,NA,57,57,11,16,14,12,0.5,0.7
2026-09-22T1800,2531A,105.0703,29.61,内江市,市监测站,,27,27,29,11,25,70,NA,59,59,11,17,5,5,0.5,0.6
2026-09-22T1800,2533A,105.0657,29.5807,内江市,内江二中,,21,21,32,10,21,62,NA,57,57,13,19,8,8,0.3,0.4
2026-09-22T1800,2534A,105.0407,29.5828,内江市,内江日报社,,20,NA,25,10,23,62,NA,57,57,10,21,4,6,0.1,0.2
2026-09-22T1800,2536A,103.7629,29.5844,乐山市,牛耳桥,,17,13,31,5,18,52,NA,37,37,5,13,7,6,0.8,1
2026-09-22T1800,2537A,103.7501,29.6002,乐山市,市第三水厂,,17,13,30,5,18,54,NA,41,41,7,16,4,4,0.9,1
2026-09-22T1800,2538A,103.7571,29.5664,乐山市,市监测站,,16,16,31,0,15,49,NA,34,34,5,14,3,4,0.7,0.8
2026-09-22T1800,2540A,103.8414,30.0871,眉山市,气象局,,23,14,31,9,18,71,NA,78,78,8,14,7,9,0.9,1
2026-09-22T1800,2544A,106.6307,30.4577,广安市,市委,,14,12,13,6,9,44,NA,40,40,10,8,7,7,0.5,0.5
2026-09-22T1800,2545A,106.6266,30.4662,广安市,友谊中学,,16,12,12,6,8,49,NA,43,43,11,7,9,9,0.8,0.7
2026-09-22T1800,2547A,106.6386,30.4551,广安市,广电花园,,13,NA,9,7,10,40,NA,36,36,15,8,10,10,0.7,0.6
2026-09-22T1800,2549A,107.5087,31.2186,达州市,市环境监测站,,16,16,20,8,3,33,NA,29,29,24,21,5,6,0.7,0.6
2026-09-22T1800,2550A,107.4988,31.2132,达州市,凤凰小区,,12,9,16,6,4,37,NA,34,34,24,21,5,6,0.6,0.5
2026-09-22T1800,2551A,107.5081,31.1987,达州市,达县机关宾馆,,18,NA,18,12,5,32,NA,33,33,28,28,4,5,0.6,0.5
2026-09-22T1800,2552A,107.4644,31.2124,达州市,市政中心,,19,19,26,4,2,45,NA,40,40,20,22,4,5,0.7,0.6
2026-09-22T1800,2555A,103.011,29.9833,雅安市,市政府,,25,13,14,8,8,77,NA,62,62,9,6,5,6,0.7,0.6
2026-09-22T1800,2556A,102.9907,29.9778,雅安市,川农大,,21,13,17,8,8,65,NA,52,52,5,5,6,6,0.7,0.7
2026-09-22T1800,2562A,104.6357,30.1508,资阳市,资阳中学,,27,27,36,11,22,81,NA,68,68,4,11,3,5,0.2,0.3
2026-09-22T1800,2565A,104.6297,30.1259,资阳市,区法院,,26,11,23,11,27,81,NA,66,66,5,14,2,2,0.5,0.6
2026-09-22T1800,2568A,102.2503,31.8896,阿坝藏族羌族自治州,马师校,,22,22,23,7,6,29,NA,33,33,8,4,4,4,0.6,0.5
2026-09-22T1800,2570A,101.96,30.048,甘孜藏族自治州,水桥子,,22,NA,5,3,3,70,NA,62,62,4,8,2,2,0.1,0.2
2026-09-22T1800,2573A,102.2629,27.8981,凉山彝族自治州,西昌市政府,,33,NA,13,23,10,32,NA,45,42,19,10,4,5,1.0,1
2026-09-22T1800,2574A,102.2686,27.885,凉山彝族自治州,凉山州政府,,19,NA,15,13,9,38,NA,48,46,15,9,4,5,0.8,0.7
2026-09-22T1800,2577A,104.8293,26.592,六盘水市,黄土坡,,33,33,22,23,20,49,NA,62,62,11,11,4,4,0.5,0.5
2026-09-22T1800,2579A,104.8481,26.5898,六盘水市,民中,,27,27,22,18,18,41,NA,59,57,16,13,1,2,0.5,0.5
2026-09-22T1800,2580A,104.9541,26.5506,六盘水市,双水,,29,22,20,20,16,86,NA,80,80,8,8,5,5,0.3,0.3
2026-09-22T1800,2585A,109.1839,27.7344,铜仁市,铜仁卫校,NA,NA,12,24,7,10,72,NA,59,59,4,3,NA,2,NA,0.5
2026-09-22T1800,2586A,109.1752,27.6945,铜仁市,铜仁七中,,24,11,20,2,11,74,NA,62,62,4,5,4,4,0.5,0.6
2026-09-22T1800,2587A,105.287,27.3133,毕节市,八中,,35,35,17,22,10,60,NA,62,62,4,5,8,6,0.5,0.6
2026-09-22T1800,2588A,105.3079,27.2987,毕节市,师专,,41,41,16,20,9,55,NA,62,62,10,5,11,8,0.5,0.5
2026-09-22T1800,2589A,104.9022,25.0943,黔西南布依族苗族自治州,场坝街,,25,18,24,12,18,79,NA,73,73,4,5,5,6,0.3,0.4
2026-09-22T1800,2590A,104.8812,25.0994,黔西南布依族苗族自治州,坪东大道,,25,19,25,17,20,76,NA,72,72,4,8,5,4,0.3,0.4
2026-09-22T1800,2591A,107.9765,26.5724,黔东南苗族侗族自治州,市环境监测站,,34,34,40,23,32,73,NA,95,95,6,13,3,4,0.6,0.6
2026-09-22T1800,2593A,107.5223,26.2371,黔南布依族苗族自治州,小围寨,,33,19,27,18,24,103,NA,102,102,4,12,5,5,0.6,0.6
2026-09-22T1800,2594A,99.1589,25.1137,保山市,市环境监测站,,21,21,22,8,8,60,NA,59,59,6,7,8,8,0.2,0.3
2026-09-22T1800,2595A,99.1616,25.1381,保山市,市环保局,,16,8,10,2,8,51,NA,56,56,4,5,4,4,0.5,0.4
2026-09-22T1800,2596A,103.7668,27.3736,昭通市,监测站,,32,32,28,10,10,54,NA,55,53,10,10,3,3,0.4,0.4
2026-09-22T1800,2599A,100.2497,26.8802,丽江市,丽江古城,,20,15,17,11,9,62,NA,64,64,9,11,6,5,0.6,0.6
2026-09-22T1800,2600A,100.2203,26.8906,丽江市,市中心,,23,16,13,16,9,59,NA,59,59,11,11,4,4,0.6,0.5
2026-09-22T1800,2601A,100.9801,22.7634,普洱市,市环保局,,24,24,30,9,11,61,NA,61,61,4,6,7,7,0.6,0.7
2026-09-22T1800,2602A,100.9763,22.8237,普洱市,普洱第二中学,,28,28,30,16,13,62,NA,63,63,4,9,9,8,0.6,0.7
2026-09-22T1800,2603A,100.0779,23.8981,临沧市,市环保局,,11,NA,15,7,7,35,NA,44,44,10,10,5,6,0.5,0.4
2026-09-22T1800,2604A,100.0894,23.882,临沧市,市气象局,NA,NA,18,23,NA,11,41,NA,45,45,NA,8,17,10,0.5,0.5
2026-09-22T1800,2606A,101.5379,25.0492,楚雄彝族自治州,市经济开发区,,16,NA,17,11,10,45,NA,45,45,7,11,2,3,0.2,0.2
2026-09-22T1800,2610A,104.2533,23.3595,文山壮族苗族自治州,州水务局,,26,24,26,15,20,82,NA,75,75,9,10,6,5,0.4,0.4
2026-09-22T1800,2611A,104.2319,23.3892,文山壮族苗族自治州,市便民服务中心,NA,NA,33,24,14,17,86,NA,80,80,NA,10,4,3,NA,0.5
2026-09-22T1800,2612A,100.8018,21.9995,西双版纳傣族自治州,景洪市江南,NA,NA,24,27,13,15,57,NA,55,55,NA,8,9,9,0.6,0.7
2026-09-22T1800,2613A,100.7995,22.0238,西双版纳傣族自治州,景洪市江北,,25,25,25,10,13,61,NA,58,58,3,4,9,9,0.4,0.5
2026-09-22T1800,2614A,100.2168,25.5818,大理白族自治州,大理市环境监测站,,18,10,8,6,7,57,NA,58,58,7,6,5,5,0.2,0.2
2026-09-22T1800,2615A,100.1542,25.7055,大理白族自治州,大理古城,,36,36,15,10,9,36,NA,59,59,16,11,10,8,0.2,0.2
2026-09-22T1800,2616A,98.5611,24.4273,德宏傣族景颇族自治州,德宏州监测站,,17,17,17,9,14,54,NA,75,70,8,10,8,9,0.6,0.7
2026-09-22T1800,2618A,98.859,25.8541,怒江傈僳族自治州,州监测站,,22,NA,15,14,14,70,NA,63,63,8,10,5,5,0.5,0.5
2026-09-22T1800,2619A,98.8607,25.8168,怒江傈僳族自治州,泸水一中,颗粒物(PM10),58,60,24,20,14,40,NA,50,50,23,15,6,5,0.6,0.6
2026-09-22T1800,2621A,99.7054,27.8319,迪庆藏族自治州,迪庆州站,,21,14,14,6,5,65,NA,59,59,8,8,8,8,0.3,0.4
2026-09-22T1800,2622A,97.1813,31.1289,昌都市,昌都监测站,,21,20,9,12,3,66,NA,68,68,7,8,5,5,0.3,0.3
2026-09-22T1800,2624A,91.7592,29.234,山南市,山南监测站,,28,8,5,1,2,87,NA,73,73,6,7,7,8,0.3,0.2
2026-09-22T1800,2625A,91.7701,29.2436,山南市,山南人民医院,,30,NA,10,7,3,96,NA,79,79,4,6,6,7,0.2,0.3
2026-09-22T1800,2626A,88.8873,29.2723,日喀则市,日喀则监测站,,25,6,5,0,3,79,NA,102,81,4,4,8,8,0.3,0.3
2026-09-22T1800,2628A,92.0653,31.4846,那曲市,那曲监测站,NA,NA,NA,29,13,21,98,NA,103,103,NA,17,7,7,0.4,0.7
2026-09-22T1800,2630A,80.1171,32.4999,阿里地区,阿里监测站,,44,10,15,0,4,139,NA,133,133,5,11,5,6,0.2,0.2
2026-09-22T1800,2632A,94.3683,29.6373,林芝市,林芝监测站,,16,5,7,2,5,50,NA,57,49,14,8,5,5,0.4,0.3
2026-09-22T1800,2633A,94.3616,29.6634,林芝市,林芝人民医院,NA,NA,NA,7,NA,6,55,NA,55,53,NA,6,5,5,0.3,0.4
2026-09-22T1800,2635A,107.0155,33.0707,汉中市,市监测站,,25,14,17,2,6,78,NA,74,74,2,7,4,4,0.6,0.6
2026-09-22T1800,2636A,107.0083,33.114,汉中市,鑫源开发区,,28,6,17,1,5,88,NA,80,80,6,12,6,6,0.8,0.8
2026-09-22T1800,2637A,107.0072,33.0323,汉中市,南郑大河坎水厂,,22,11,19,2,7,68,NA,68,68,6,10,3,3,0.5,0.5
2026-09-22T1800,2639A,109.7445,38.2919,榆林市,世纪广场,NA,NA,43,51,NA,24,109,NA,115,114,14,47,7,9,0.4,0.6
2026-09-22T1800,2640A,109.729,38.2837,榆林市,实验中学,,38,38,44,16,24,111,NA,118,118,14,42,5,9,0.4,0.5
2026-09-22T1800,2641A,109.7347,38.2491,榆林市,环保监测大楼,,36,31,40,15,22,114,NA,117,117,11,35,8,9,0.4,0.5
2026-09-22T1800,2644A,109.0088,32.6974,安康市,汉滨区检察院,,31,22,23,13,11,97,NA,101,101,9,13,3,3,0.9,0.9
2026-09-22T1800,2645A,109.9155,33.8714,商洛市,监测站,,30,25,19,19,13,94,NA,120,109,14,10,9,9,0.7,0.7
2026-09-22T1800,2647A,104.1727,36.5448,白银市,第三小学,,37,23,50,14,21,118,NA,114,114,8,23,7,17,0.4,0.7
2026-09-22T1800,2648A,104.1467,36.5482,白银市,动力公司,,46,46,56,15,16,110,NA,107,107,8,27,11,9,0.5,0.7
2026-09-22T1800,2650A,105.72058,34.57859,天水市,公园小学,,43,43,37,21,18,82,NA,82,82,24,23,10,9,0.5,0.4
2026-09-22T1800,2651A,105.89428,34.55353,天水市,麦积国土局,,40,40,34,24,18,103,NA,98,98,10,10,14,7,0.4,0.4
2026-09-22T1800,2652A,102.6203,37.925,武威市,监测站,,38,20,40,8,13,119,NA,112,112,4,24,12,11,0.2,0.4
2026-09-22T1800,2654A,100.4699,38.9525,张掖市,润泉湖,NA,NA,NA,40,NA,16,137,NA,120,120,6,19,4,8,0.2,0.3
2026-09-22T1800,2655A,100.4155,38.9422,张掖市,区工会,,45,17,37,10,15,141,NA,128,128,5,19,3,6,0.2,0.3
2026-09-22T1800,2656A,106.6633,35.5338,平凉市,聚贤嘉苑,,41,41,42,16,28,99,NA,90,90,14,20,11,9,0.7,0.7
2026-09-22T1800,2657A,106.7021,35.5307,平凉市,博物馆,,41,41,52,18,30,101,NA,95,95,15,22,11,11,0.6,0.7
2026-09-22T1800,2661A,107.6325,35.7357,庆阳市,庆阳五中,,38,33,39,26,24,113,NA,105,105,12,10,2,2,0.5,0.4
2026-09-22T1800,2662A,107.6361,35.7067,庆阳市,市环保局,,39,39,42,18,23,118,NA,107,107,10,9,1,2,0.4,0.5
2026-09-22T1800,2669A,102.9097,34.9841,甘南藏族自治州,州政府,,33,NA,23,23,11,71,NA,72,72,5,14,7,6,0.2,0.3
2026-09-22T1800,2671A,100.9016,36.9464,海北藏族自治州,海晏县西海镇,,35,11,14,11,8,109,NA,106,106,2,7,7,7,0.3,0.4
2026-09-22T1800,2672A,102.02,35.5101,黄南藏族自治州,同仁县隆务镇,,36,18,20,10,10,115,NA,106,106,7,2,11,11,0.2,0.2
2026-09-22T1800,2673A,100.6158,36.2985,海南藏族自治州,共和县恰卜恰镇,,35,14,19,5,10,111,NA,102,102,3,8,5,8,0.3,0.4
2026-09-22T1800,2674A,100.2262,34.4854,果洛藏族自治州,玛沁县大武镇,,31,22,25,7,8,98,NA,90,90,1,4,18,16,0.4,0.4
2026-09-22T1800,2675A,97.0386,33.0138,玉树藏族自治州,玉树县结古镇,,34,10,7,2,3,108,NA,108,105,4,12,4,4,0.5,0.5
2026-09-22T1800,2676A,97.373,37.376,海西蒙古族藏族自治州,德令哈市,,37,14,13,9,8,116,NA,104,104,1,2,13,11,0.4,0.3
2026-09-22T1800,2677A,106.1535,37.9648,吴忠市,教育园区,,41,38,52,20,27,131,NA,118,118,9,29,7,7,0.3,0.5
2026-09-22T1800,2679A,106.1851,37.9957,吴忠市,新区二泵站,,43,40,57,15,26,135,NA,121,121,12,27,8,11,0.3,0.5
2026-09-22T1800,2682A,105.1965,37.4996,中卫市,环保局站,,46,44,59,17,28,147,NA,120,120,10,28,8,5,0.5,0.6
2026-09-22T1800,2684A,106.2753,36.0057,固原市,监测站,,39,35,28,19,12,122,NA,111,111,8,20,8,8,0.8,0.8
2026-09-22T1800,2685A,106.2384,36.0189,固原市,新区,,35,35,26,20,14,109,NA,112,112,11,15,6,6,0.5,0.5
2026-09-22T1800,2686A,89.1905,42.9419,吐鲁番市,市环保局,颗粒物(PM10),51,51,94,22,29,109,NA,94,94,10,14,5,5,0.4,0.5
2026-09-22T1800,2687A,89.1674,42.9558,吐鲁番市,地区环保局,,41,41,91,25,27,116,NA,96,96,6,12,3,2,0.6,0.6
2026-09-22T1800,2688A,93.5124,42.8176,哈密市,地区监测站,颗粒物(PM10),58,61,103,29,42,111,NA,93,93,7,29,4,4,0.0,0.2
2026-09-22T1800,2689A,93.5014,42.8312,哈密市,哈密师范学校,颗粒物(PM10),51,51,111,29,44,97,NA,88,88,7,33,4,5,0.2,0.4
2026-09-22T1800,2692A,87.2722,44.0298,昌吉回族自治州,新区政务中心,,27,27,51,12,19,78,NA,83,83,10,13,6,8,0.3,0.3
2026-09-22T1800,2693A,82.0482,44.8553,博尔塔拉蒙古自治州,市党校,,35,27,33,3,9,111,NA,94,94,3,8,3,3,0.2,0.2
2026-09-22T1800,2694A,82.0805,44.8966,博尔塔拉蒙古自治州,市环保局,,37,17,25,3,4,118,NA,94,94,5,10,6,5,0.2,0.3
2026-09-22T1800,2695A,80.2899,41.1684,阿克苏地区,电视台,,35,18,47,15,21,110,NA,91,91,5,15,3,5,0.4,0.6
2026-09-22T1800,2696A,80.2592,41.1541,阿克苏地区,艺术中心,,39,31,65,16,24,122,NA,97,97,4,25,6,6,0.2,0.4
2026-09-22T1800,2697A,76.1457,39.7143,克孜勒苏柯尔克孜自治州,市人民政府,,34,20,30,9,13,108,NA,97,97,2,5,3,7,0.3,0.3
2026-09-22T1800,2698A,76.0071,39.466,喀什地区,巡警大队,NA,NA,NA,51,NA,18,NA,NA,116,NA,NA,22,NA,4,NA,0.2
2026-09-22T1800,2699A,75.9756,39.4693,喀什地区,吾办,,39,34,49,4,14,124,NA,98,98,2,14,3,3,0.2,0.3
2026-09-22T1800,2704A,81.3002,43.9177,伊犁哈萨克自治州,新政府片区,,32,30,47,5,13,102,NA,86,86,5,10,4,5,0.3,0.4
2026-09-22T1800,2705A,81.3364,43.9409,伊犁哈萨克自治州,第二水厂,,34,31,57,11,14,107,NA,93,93,6,13,7,7,0.4,0.4
2026-09-22T1800,2706A,82.9993,46.7432,塔城地区,东门外小游园,,33,33,40,15,16,87,NA,74,74,4,6,3,2,0.6,0.6
2026-09-22T1800,2708A,88.1266,47.8515,阿勒泰地区,市站,,37,37,44,9,7,59,NA,58,58,29,22,2,2,0.4,0.4
2026-09-22T1800,2709A,86.0391,44.298,石河子市,艾青诗歌馆,,35,33,78,15,20,110,NA,95,95,2,6,6,5,0.4,0.4
2026-09-22T1800,2711A,87.5352,44.1606,五家渠市,农水大厦,NA,NA,39,103,20,25,85,NA,82,82,NA,5,4,5,0.2,0.3
2026-09-22T1800,2809A,113.6668,24.7756,韶关市,大学路288号,颗粒物(PM10),63,68,46,28,27,87,NA,105,105,12,14,13,15,/,/
2026-09-22T1800,2835A,101.7222,26.567,攀枝花市,四十中小,,26,26,30,8,15,68,NA,68,68,5,14,7,35,0.7,0.9
2026-09-22T1800,2842A,118.0937,24.5054,厦门市,湖里中学,,39,34,36,18,19,124,NA,158,156,4,6,2,2,0.5,0.6
2026-09-22T1800,2845A,113.1561,36.1912,长治市,德盛苑,细颗粒物(PM2.5),64,48,46,42,44,142,NA,135,135,8,8,12,13,0.9,1.1
2026-09-22T1800,2846A,113.3209,23.1323,广州市,体育西,臭氧1小时(O3_1h),111,52,40,36,28,221,NA,181,181,32,36,6,6,0.9,0.9
2026-09-22T1800,2858A,117.7917,39.2473,天津市,河西一经路,臭氧1小时(O3_1h),69,49,67,20,29,175,NA,170,170,16,32,6,8,0.8,1
2026-09-22T1800,2859A,117.3747,38.9845,天津市,津沽路,臭氧1小时(O3_1h),55,45,56,15,27,164,NA,158,158,26,31,6,6,0.8,0.9
2026-09-22T1800,2860A,117.159,39.0844,天津市,宾水西道,臭氧1小时(O3_1h),54,17,49,9,31,163,NA,160,160,7,22,5,6,0.3,0.4
2026-09-22T1800,2865A,112.7195,37.683,晋中市,榆次三中,颗粒物(PM10),55,56,70,37,56,153,NA,129,129,7,23,11,12,0.7,0.7
2026-09-22T1800,2867A,111.1225,37.5093,吕梁市,马茂庄小学,,36,30,39,18,21,115,NA,108,108,7,29,3,2,0.6,0.7
2026-09-22T1800,2868A,126.4737,43.953,吉林市,九站,,30,24,23,8,13,96,NA,97,97,19,22,7,12,0.4,0.4
2026-09-22T1800,2869A,119.4472,32.4156,扬州市,五台山医院,,40,20,41,14,26,128,NA,128,128,11,16,11,13,0.8,0.8
2026-09-22T1800,2870A,119.4369,32.1891,镇江市,市疾控中心,,38,29,40,15,27,120,NA,124,124,12,16,8,9,0.6,0.8
2026-09-22T1800,2871A,121.6156,29.9015,宁波市,万里国际学校,,40,33,31,20,15,128,NA,130,130,15,15,9,9,0.7,0.6
2026-09-22T1800,2872A,120.7845,30.7524,嘉兴市,南湖区残联,细颗粒物(PM2.5),62,59,37,41,26,138,NA,147,147,25,15,7,7,0.3,0.1
2026-09-22T1800,2873A,120.083,30.8929,湖州市,仁皇山新区,,36,35,40,25,29,113,NA,120,119,16,15,7,7,0.6,0.6
2026-09-22T1800,2875A,115.783962,32.889217,阜阳市,阜阳职业技术学院,颗粒物(PM10),70,78,70,42,47,120,NA,110,110,10,15,6,5,0.6,0.6
2026-09-22T1800,2877A,119.1638,36.6524,潍坊市,坊子邮政,,40,34,35,3,15,126,NA,130,130,10,19,4,6,0.6,0.6
2026-09-22T1800,2880A,104.0219,30.6561,成都市,大石西路,,48,48,38,15,20,92,NA,72,72,22,24,6,5,0.4,0.5
2026-09-22T1800,2881A,107.8909,26.531,黔东南苗族侗族自治州,凯里学院,,46,46,32,28,30,93,NA,112,112,5,11,5,5,0.6,0.6
2026-09-22T1800,2882A,102.5388,24.3703,玉溪市,玉溪一中,,22,16,20,7,8,69,NA,72,72,6,10,3,7,0.3,0.4
2026-09-22T1800,2883A,102.5382,24.339,玉溪市,文体中心,,31,31,24,11,12,68,NA,70,70,6,11,5,5,0.3,0.5
2026-09-22T1800,2884A,98.2672,39.7978,嘉峪关市,酒钢宾馆,,46,46,39,10,13,126,NA,120,120,12,14,5,8,0.4,0.3
2026-09-22T1800,2885A,104.9344,33.3827,陇南市,滨江中学,,32,32,38,17,15,80,NA,80,80,9,11,10,9,0.4,0.4
2026-09-22T1800,2894A,117.0561,32.6536,淮南市,经济技术开发区消防队,,39,39,42,21,29,100,NA,99,99,14,14,9,10,0.4,0.4
2026-09-22T1800,2897A,123.2429,41.7341,沈阳市,沈辽西路,颗粒物(PM10),56,58,67,12,24,95,NA,132,132,32,49,8,12,0.5,0.9
2026-09-22T1800,2900A,123.5951,41.9085,沈阳市,裕农路,,36,33,20,8,10,115,NA,126,126,13,22,9,10,0.4,0.6
2026-09-22T1800,2902A,106.6347,30.4868,广安市,北辰小学,,18,11,13,5,9,56,NA,52,52,12,10,9,9,0.7,0.7
2026-09-22T1800,2907A,120.1846,30.8592,湖州市,吴兴区站,,38,34,35,26,29,107,NA,111,111,13,10,7,8,0.7,0.7
2026-09-22T1800,2919A,116.7022,39.5454,廊坊市,河北工业大学,,50,50,64,21,53,156,NA,160,160,9,15,2,3,0.4,0.5
2026-09-22T1800,2920A,117.71,24.5048,漳州市,蓝田镇,,50,50,39,24,21,145,NA,176,176,8,10,6,7,0.4,0.4
2026-09-22T1800,2921A,120.5482,30.0003,绍兴市,树下王站,,34,20,29,15,26,108,NA,131,131,18,15,4,4,0.7,0.7
2026-09-22T1800,2922A,117.194,39.1069,天津市,大理道,臭氧1小时(O3_1h),57,19,48,8,27,165,NA,160,160,18,24,6,6,0.4,0.6
2026-09-22T1800,2924A,106.2266,38.4417,银川市,水乡路,NA,NA,NA,74,14,34,125,NA,110,110,10,40,6,7,0.3,0.8
2026-09-22T1800,2925A,106.2758,38.4841,银川市,上海东路,,42,25,54,6,31,133,NA,123,123,14,44,6,12,0.1,0.6
2026-09-22T1800,2926A,106.1016,38.4971,银川市,文昌北街,,43,43,80,14,32,136,NA,122,122,11,46,5,6,0.3,0.5
2026-09-22T1800,2929A,114.8858,30.4519,黄冈市,红卫路,,29,NA,17,20,13,67,NA,64,64,12,10,3,3,0.4,0.4
2026-09-22T1800,2996A,118.2781,33.9658,宿迁市,市供电局,,50,31,44,9,27,157,NA,138,138,13,23,6,7,0.7,1
2026-09-22T1800,2997A,119.8767,32.3291,泰州市,王营,,34,34,41,14,24,97,NA,121,121,13,9,12,11,0.5,0.6
2026-09-22T1800,3000A,119.3577,34.6971,连云港市,德源药业,,44,31,30,7,9,140,NA,124,124,18,28,6,6,0.3,0.3
2026-09-22T1800,3002A,119.9701,31.813,常州市,行政中心,颗粒物(PM10),55,56,51,25,31,128,NA,122,122,27,24,8,8,0.9,0.7
2026-09-22T1800,3003A,120.0434,31.7726,常州市,经开区,,44,44,56,22,30,124,NA,128,128,14,23,12,12,0.7,0.8
2026-09-22T1800,3004A,120.1543,33.3664,盐城市,宝龙广场,,31,27,30,10,20,98,NA,110,110,7,6,9,9,0.7,0.7
2026-09-22T1800,3005A,117.1812,34.29,徐州市,鼓楼区政府,,50,42,83,8,52,158,NA,144,144,10,20,8,9,0.8,1
2026-09-22T1800,3006A,117.1693,34.1781,徐州市,铜山区招生办,,50,36,76,6,38,160,NA,146,146,15,20,8,9,0.4,0.7
2026-09-22T1800,3007A,119.178,34.8442,连云港市,新城一中,,46,23,30,8,16,146,NA,129,129,16,31,9,13,0.3,0.5
2026-09-22T1800,3008A,119.3607,34.7519,连云港市,胡沟管理处,,45,24,21,7,5,142,NA,145,145,24,20,13,11,0.4,0.4
2026-09-22T1800,3009A,119.1478,34.5913,连云港市,矿山设计院,,37,17,34,5,14,118,NA,130,130,9,21,5,8,0.3,0.5
2026-09-22T1800,3010A,119.8919,31.7892,常州市,钟楼,颗粒物(PM10),53,54,52,20,29,141,NA,116,116,19,21,11,10,0.7,0.6
2026-09-22T1800,3012A,112.1849,31.0361,荆门市,西山林语,细颗粒物(PM2.5),72,58,44,46,38,96,NA,106,106,8,7,6,6,0.9,0.8
2026-09-22T1800,3014A,106.4958,29.5347,重庆市,歇台子,,31,31,30,13,12,27,NA,28,27,34,30,7,8,0.8,0.8
2026-09-22T1800,3015A,106.4067,29.5729,重庆市,龙井湾,,21,9,19,8,12,66,NA,59,59,8,16,8,8,0.9,0.8
2026-09-22T1800,3016A,106.5506,29.415,重庆市,龙洲湾,,24,24,30,14,15,61,NA,47,47,10,15,8,9,0.5,0.5
2026-09-22T1800,3018A,111.5048,36.1015,临汾市,唐尧大酒店,颗粒物(PM10),63,68,67,38,42,163,NA,146,146,10,16,8,9,1.0,1.1
2026-09-22T1800,3020A,117.2096,39.1698,天津市,中山北路,,47,22,52,8,26,149,NA,148,148,15,25,5,6,0.6,0.8
2026-09-22T1800,3021A,115,35.7667,濮阳市,濮水河管理处,颗粒物(PM10),62,66,93,29,49,136,NA,151,151,34,17,3,4,0.8,0.7
2026-09-22T1800,3025A,113.0479,23.6343,清远市,技师学院,,45,42,45,31,30,135,NA,142,142,22,29,9,8,0.6,0.9
2026-09-22T1800,3026A,116.6179,23.6608,潮州市,市政府,,46,31,29,29,20,147,NA,128,128,12,11,6,7,0.9,0.9
2026-09-22T1800,3028A,104.7765,29.3623,自贡市,檀木林体育馆,,20,5,24,4,16,62,NA,64,64,11,10,7,7,0.7,0.7
2026-09-22T1800,3033A,87.4652,43.4569,乌鲁木齐市,培训基地,,31,NA,34,14,14,97,NA,103,103,4,5,3,4,0.4,0.4
2026-09-22T1800,3034A,113.1076,41.0385,乌兰察布市,光明街小学,,45,29,33,27,17,143,NA,132,132,7,33,7,7,0.4,0.4
2026-09-22T1800,3036A,118.6903,37.4337,东营市,开发区管委会,,36,28,32,1,12,113,NA,125,124,13,15,4,3,0.4,0.5
2026-09-22T1800,3038A,103.3757,23.3679,红河哈尼族彝族自治州,州图书馆,,36,NA,25,25,19,74,NA,75,75,3,5,3,3,0.2,0.3
2026-09-22T1800,3039A,111.1911,34.7829,三门峡市,三门峡市第一小学,细颗粒物(PM2.5),54,52,45,37,30,144,NA,131,131,12,10,3,4,0.6,0.6
2026-09-22T1800,3045A,109.9647,33.8486,商洛市,商州区中学,,30,28,22,20,13,94,NA,102,102,21,17,18,6,0.5,0.5
2026-09-22T1800,3046A,115.9084,28.6062,南昌市,机电学校,细颗粒物(PM2.5),54,42,53,37,41,115,NA,99,99,7,8,8,9,0.8,0.9
2026-09-22T1800,3048A,119.5799,26.0937,福州市,九龙,,47,30,31,24,18,148,NA,144,144,6,7,5,6,0.4,0.4
2026-09-22T1800,3051A,117.385,39.1483,天津市,西四道,臭氧1小时(O3_1h),68,47,61,18,28,174,NA,157,157,20,37,10,6,1.1,0.6
2026-09-22T1800,3054A,113.9194,35.2847,新乡市,市委党校,细颗粒物(PM2.5),119,85,86,80,78,176,NA,166,166,12,20,7,8,0.8,0.9
2026-09-22T1800,3055A,101.7775,36.643,西宁市,城北区政府,,32,20,23,16,14,100,NA,104,104,15,18,6,12,0.7,1
2026-09-22T1800,3057A,121.5989,37.4016,烟台市,牟平检察院,,41,17,31,4,10,131,NA,136,136,8,20,5,6,0.4,0.4
2026-09-22T1800,3058A,119.2656,42.0356,赤峰市,银河街,,45,45,43,18,17,112,NA,122,122,20,21,43,13,0.6,0.7
2026-09-22T1800,3059A,117.7181,36.205,济南市,泰兴公司,,42,27,35,2,6,133,NA,116,116,13,34,8,4,0.6,0.3
2026-09-22T1800,3061A,119.7511,49.1576,呼伦贝尔市,国华电力东,,28,28,27,8,12,61,NA,56,56,14,16,5,6,0.2,0.2
2026-09-22T1800,3064A,117.6861,36.2172,济南市,莱芜战役纪念馆,,44,36,31,9,6,138,NA,118,118,14,28,10,6,0.7,0.3
2026-09-22T1800,3065A,101.9534,29.9976,甘孜藏族自治州,州环保局,,21,21,9,5,1,59,NA,52,52,9,12,3,3,0.3,0.2
2026-09-22T1800,3066A,116.2722,37.438,德州市,九衢泉纯净水厂,,44,31,62,2,20,138,NA,159,156,14,47,9,12,0.4,0.6
2026-09-22T1800,3109A,115.0094,25.8614,赣州市,赣县区卫计委,,50,41,41,35,32,101,NA,120,120,4,11,2,4,0.9,0.9
2026-09-22T1800,3123A,105.9408,26.2431,安顺市,凤凰山,,30,NA,34,18,27,94,NA,87,87,5,7,5,9,0.6,0.7
2026-09-22T1800,3124A,105.9443,26.2567,安顺市,金钟山,,31,18,33,18,26,99,NA,92,92,5,6,5,8,0.5,0.5
2026-09-22T1800,3125A,105.8983,26.248,安顺市,娄家坡,,29,NA,32,16,24,91,NA,82,82,3,5,6,9,0.4,0.5
2026-09-22T1800,3131A,114.878,40.7992,张家口市,烟厂,,43,43,29,21,13,132,NA,127,127,14,13,/,/,/,/
2026-09-22T1800,3132A,119.5979,39.938,秦皇岛市,文明里,臭氧1小时(O3_1h),90,86,86,34,34,192,NA,184,184,11,30,4,6,0.7,0.5
2026-09-22T1800,3133A,106.5469,29.5655,重庆市,上清寺,,20,20,27,13,16,32,NA,27,27,37,37,3,4,0.7,0.7
2026-09-22T1800,3134A,113.8172,34.0339,许昌市,市一中,细颗粒物(PM2.5),86,56,75,53,56,149,NA,138,138,10,13,6,6,0.7,0.8
2026-09-22T1800,3136A,104.2724,30.559,成都市,龙泉驿区区政府,,30,17,21,14,17,94,NA,92,92,11,14,2,3,0.7,0.7
2026-09-22T1800,3138A,111.7152,29.0288,常德市,武陵区永安,,46,NA,17,32,14,86,NA,83,83,9,7,7,8,0.8,0.8
2026-09-22T1800,3139A,111.6891,28.9881,常德市,鼎城区玉霞,,42,NA,18,29,14,93,NA,85,85,11,9,8,8,1.0,0.9
2026-09-22T1800,3140A,111.6651,29.0526,常德市,武陵区长庚,细颗粒物(PM2.5),52,NA,18,36,18,75,NA,78,78,12,7,7,7,1.0,0.9
2026-09-22T1800,3141A,114.3921,36.0879,安阳市,信访局,臭氧1小时(O3_1h),84,66,76,50,63,187,NA,179,179,12,15,3,5,0.6,0.9
2026-09-22T1800,3147A,114.3434,34.8101,开封市,龙亭公园,臭氧1小时(O3_1h),74,60,100,32,75,179,NA,168,168,6,15,5,6,0.8,1.1
2026-09-22T1800,3148A,103.829,30.0563,眉山市,区人社局,,33,33,40,8,16,68,NA,78,78,12,16,7,9,0.9,1
2026-09-22T1800,3149A,115.0174,30.1591,黄石市,笔架山北路,,42,42,53,17,19,56,NA,45,45,9,14,9,10,1.0,1.2
2026-09-22T1800,3151A,114.375,27.8096,宜春市,宜春学院北校区,细颗粒物(PM2.5),68,55,60,44,42,97,NA,99,99,6,10,2,3,1.0,1
2026-09-22T1800,3153A,114.3876,30.4908,武汉市,民族大道182号,,28,28,21,17,17,60,NA,73,66,25,15,5,6,0.9,1
2026-09-22T1800,3164A,119.4682,32.394,扬州市,广陵建设局,,39,26,47,9,29,124,NA,125,125,11,21,10,12,0.3,0.4
2026-09-22T1800,3171A,115.6069,34.4465,商丘市,梁园区档案局,臭氧1小时(O3_1h),62,43,84,39,50,169,NA,156,156,11,22,6,6,0.5,0.6
2026-09-22T1800,3173A,117.0598,30.5351,安庆市,市人大,,48,43,30,33,25,73,NA,88,82,14,12,6,6,0.8,0.8
2026-09-22T1800,3178A,119.0587,36.7209,潍坊市,潍坊七中,,39,29,37,0,14,122,NA,126,126,12,23,6,6,0.4,0.4
2026-09-22T1800,3179A,102.7491,25.012,昆明市,官渡区博物馆,NA,NA,24,19,19,10,81,NA,77,77,NA,10,5,4,NA,0.3
2026-09-22T1800,3180A,99.7122,27.8129,迪庆藏族自治州,质量技术监督局,,21,14,13,8,4,67,NA,59,59,7,7,6,6,0.2,0.2
2026-09-22T1800,3181A,106.776805,31.852614,巴中市,市五中,,16,16,17,3,6,51,NA,48,48,15,9,12,11,0.8,0.8
2026-09-22T1800,3183A,106.7419,31.8654,巴中市,圣泉水务公司,,21,14,17,3,7,65,NA,54,54,8,11,12,12,0.8,0.8
2026-09-22T1800,3187A,116.9508,33.666,宿州市,远航博物馆,,50,37,65,6,41,159,NA,138,138,9,22,8,9,0.4,0.6
2026-09-22T1800,3188A,115.6684,37.7216,衡水市,市城管局,"颗粒物(PM10),臭氧1小时(O3_1h)",60,64,66,30,34,168,NA,154,154,21,23,2,4,0.5,0.6
2026-09-22T1800,3190A,116.0254,29.6995,九江市,外国语学校,,36,15,42,14,30,114,NA,103,103,15,20,7,8,0.7,0.7
2026-09-22T1800,3191A,118.3243,33.95,宿迁市,宿豫区政府,臭氧1小时(O3_1h),59,39,49,12,30,167,NA,143,143,12,17,7,8,0.9,1.1
2026-09-22T1800,3192A,80.0906,32.5029,阿里地区,阿里藏医院,,45,7,10,2,3,144,NA,138,138,3,4,5,6,0.2,0.2
2026-09-22T1800,3194A,112.2749,30.3124,荆州市,管委会,细颗粒物(PM2.5),64,56,39,42,37,87,NA,80,80,16,11,6,6,0.7,0.7
2026-09-22T1800,3195A,119.3649,32.3961,扬州市,市体育局,,38,34,50,10,26,121,NA,125,124,8,12,9,12,0.4,0.5
2026-09-22T1800,3200A,115.9772,36.4986,聊城市,监控中心,臭氧1小时(O3_1h),67,38,55,9,28,173,NA,174,174,13,34,6,7,0.2,0.2
2026-09-22T1800,3206A,114.9148,27.8069,新余市,新钢沁园村,细颗粒物(PM2.5),68,50,51,44,39,108,NA,118,118,14,12,12,9,0.7,0.7
2026-09-22T1800,3207A,118.31131,32.3033,滁州市,市政府原办公楼,,41,41,48,27,51,116,NA,115,115,12,14,6,7,0.5,0.6
2026-09-22T1800,3208A,112.7279,38.4157,忻州市,市政府,细颗粒物(PM2.5),52,42,53,36,37,120,NA,106,106,23,23,7,8,0.9,0.9
2026-09-22T1800,3209A,119.5231,26.6562,宁德市,宁德一中,,41,38,34,26,21,129,NA,154,152,7,6,5,6,0.4,0.4
2026-09-22T1800,3210A,114.3645,34.7955,开封市,汴京公园,臭氧1小时(O3_1h),64,56,102,35,60,171,NA,163,163,6,14,7,7,0.7,1
2026-09-22T1800,3216A,117.662,24.5187,漳州市,漳州党校,,47,42,38,25,22,149,NA,177,177,14,12,/,/,/,/
2026-09-22T1800,3237A,117.4918,30.6617,池州市,展览馆,,50,45,45,35,31,61,NA,67,66,28,18,4,5,0.6,0.7
2026-09-22T1800,3241A,103.7439,36.0841,兰州市,百合公园,,43,38,45,26,24,137,NA,122,122,13,37,10,10,0.5,0.6
2026-09-22T1800,3242A,103.9613,35.9985,兰州市,和平,,37,23,32,18,17,118,NA,117,117,10,14,11,13,0.2,0.6
2026-09-22T1800,3247A,104.9551,33.3709,陇南市,市总工会,,31,31,34,13,14,86,NA,84,84,7,11,8,8,0.4,0.4
2026-09-22T1800,3248A,98.2644,39.7723,嘉峪关市,雄关区,,41,36,34,10,8,130,NA,121,121,6,17,5,6,0.3,0.3
2026-09-22T1800,3265A,121.4242,31.3303,上海市,宝山庙行,,41,41,41,22,24,99,NA,119,116,16,20,9,8,0.5,0.5
2026-09-22T1800,3266A,121.8789,31.4662,上海市,崇明上实东滩,,36,28,30,18,22,113,NA,120,120,6,7,10,10,0.4,0.4
2026-09-22T1800,3268A,121.316,31.2839,上海市,嘉定南翔,,38,38,40,21,26,102,NA,133,131,20,20,10,10,0.5,0.5
2026-09-22T1800,3269A,121.3357,30.7455,上海市,金山新城,,34,30,34,20,23,106,NA,117,117,7,12,4,4,0.6,0.6
2026-09-22T1800,3270A,121.4996,31.0741,上海市,闵行浦江,,39,39,38,22,24,108,NA,131,130,12,14,7,7,0.6,0.5
2026-09-22T1800,3271A,121.2886,31.1663,上海市,青浦徐泾,,49,46,38,34,26,110,NA,138,138,7,15,6,7,0.6,0.5
2026-09-22T1800,3272A,121.2193,31.0382,上海市,松江图书馆,颗粒物(PM10),56,58,52,35,28,124,NA,160,160,12,17,7,8,0.6,0.6
2026-09-22T1800,3273A,121.3904,31.206,上海市,长宁仙霞,,36,36,38,20,24,103,NA,126,124,16,18,2,2,0.4,0.3
2026-09-22T1800,3274A,121.7964,31.0507,上海市,浦东惠南,,36,35,39,21,23,115,NA,127,127,11,24,10,10,0.7,0.7
2026-09-22T1800,3282A,113.3399,40.0586,大同市,大同市卫生学校,,38,36,49,17,17,120,NA,120,120,13,35,8,12,0.4,0.5
2026-09-22T1800,3283A,109.9154,40.5684,包头市,滨河大厦,,37,NA,25,19,18,118,NA,107,107,9,45,10,9,0.3,0.6
2026-09-22T1800,3284A,106.8129,39.7274,乌海市,海北新区,,36,24,53,5,20,115,NA,122,122,3,36,3,18,0.2,0.8
2026-09-22T1800,3285A,113.1383,40.9513,乌兰察布市,北京八中,,45,42,35,13,9,144,NA,129,129,6,27,4,7,0.2,0.2
2026-09-22T1800,3286A,118.9359,42.3146,赤峰市,桥北物流园区,,34,NA,15,9,7,108,NA,130,127,23,24,3,7,0.6,0.6
2026-09-22T1800,3287A,119.3842,32.198,镇江市,富润路1号,,38,31,41,21,32,121,NA,131,131,19,19,8,10,0.3,0.5
2026-09-22T1800,3288A,117.4619,34.4368,徐州市,大泉街道,颗粒物(PM10),70,78,68,14,32,162,NA,147,147,18,27,9,10,0.8,0.8
2026-09-22T1800,3289A,120.7431,31.3188,苏州市,方洲路,,49,47,38,32,25,154,NA,151,151,15,15,8,8,0.6,0.6
2026-09-22T1800,3290A,120.4979,31.2777,苏州市,木渎中学,,45,45,37,25,23,130,NA,136,136,20,15,6,6,0.8,0.7
2026-09-22T1800,3291A,121.0631,32.0644,南通市,通州监测站,,32,19,34,5,19,102,NA,112,111,6,9,1,1,0.6,0.6
2026-09-22T1800,3293A,120.1518,33.3369,盐城市,月亮广场,,35,16,30,8,18,109,NA,117,117,6,6,10,10,0.5,0.5
2026-09-22T1800,3294A,119.565282,32.422263,扬州市,引江管理处,,34,34,40,14,27,108,NA,114,114,12,10,5,6,0.7,0.8
2026-09-22T1800,3295A,120.1226,32.515,泰州市,姜堰区政府广场,,38,37,42,20,26,121,NA,130,130,8,11,8,8,0.6,0.7
2026-09-22T1800,3298A,113.5718,23.5493,广州市,从化街口,,49,44,41,34,31,97,NA,112,112,9,14,8,7,0.7,0.7
2026-09-22T1800,3299A,113.3463,23.369,广州市,白云竹料,细颗粒物(PM2.5),56,46,46,38,34,132,NA,144,144,24,30,5,4,0.9,0.8
2026-09-22T1800,3300A,113.2981,23.2365,广州市,白云嘉禾,臭氧1小时(O3_1h),90,61,46,40,31,192,NA,160,160,37,37,4,4,/,/
2026-09-22T1800,3301A,113.4256,23.1716,广州市,黄埔科学城,,50,44,46,35,38,88,NA,149,149,30,28,6,7,0.9,0.9
2026-09-22T1800,3302A,113.3942,23.0485,广州市,番禺大学城,臭氧1小时(O3_1h),67,37,38,31,26,173,NA,178,178,22,23,6,7,0.7,0.6
2026-09-22T1800,3303A,113.4923,22.8169,广州市,南沙黄阁,,49,31,37,19,23,156,NA,155,155,14,20,10,10,/,/
2026-09-22T1800,3304A,113.534,22.7893,广州市,南沙街,NA,NA,NA,35,NA,24,138,NA,147,147,NA,17,NA,9,NA,0.7
2026-09-22T1800,3305A,114.0614,22.556,深圳市,莲花,,33,27,24,20,18,104,NA,102,102,10,11,/,/,/,/
2026-09-22T1800,3306A,114.0144,22.6163,深圳市,民治,,34,33,30,18,18,107,NA,110,110,9,20,/,/,/,/
2026-09-22T1800,3307A,114.1756,22.6421,深圳市,横岗,,35,32,38,18,22,111,NA,113,113,12,25,/,/,/,/
2026-09-22T1800,3308A,113.3493,22.0572,珠海市,金湾,,37,22,22,15,18,116,NA,116,116,8,9,/,/,0.4,0.5
2026-09-22T1800,3311A,113.1077,22.5647,江门市,江海富民,,49,49,56,17,26,145,NA,157,157,12,13,/,/,0.3,0.3
2026-09-22T1800,3313A,112.4572,23.0163,肇庆市,高要湖西,NA,NA,NA,52,NA,38,130,NA,151,151,5,12,5,10,0.5,0.7
2026-09-22T1800,3314A,114.4334,22.8134,惠州市,惠阳秋长,,37,27,31,18,19,117,NA,123,123,2,8,/,/,/,/
2026-09-22T1800,3315A,116.1234,24.2994,梅州市,梅龙,,36,36,22,14,18,98,NA,96,96,8,9,6,7,0.8,0.8
2026-09-22T1800,3317A,111.9785,21.8954,阳江市,两阳中学,,37,20,26,14,20,116,NA,119,119,5,10,/,/,0.5,0.5
2026-09-22T1800,3318A,112.9898,23.7403,清远市,清新太和,,41,41,44,28,33,86,NA,135,130,8,7,7,8,0.8,0.8
2026-09-22T1800,3319A,113.7283,23.041,东莞市,万江金泰,臭氧1小时(O3_1h),77,37,46,31,38,181,NA,186,186,17,21,6,6,0.9,0.8
2026-09-22T1800,3320A,116.4028,23.5699,揭阳市,曲溪,颗粒物(PM10),55,56,31,28,19,155,NA,136,136,11,12,9,10,1.1,0.7
2026-09-22T1800,3323A,115.2772,40.9723,张家口市,青少年活动中心,,43,27,12,19,9,136,NA,134,134,7,7,2,1,0.2,0.1
2026-09-22T1800,3324A,116.8011,38.294,沧州市,河北水利电力学院,,39,36,51,26,25,122,NA,128,128,12,18,6,8,0.3,0.5
2026-09-22T1800,3325A,117.0362,39.3827,天津市,雍阳西道,NA,NA,NA,72,8,36,132,NA,142,142,12,25,NA,8,NA,0.7
2026-09-22T1800,3326A,117.0291,39.0612,天津市,辛老路,,50,23,68,9,33,157,NA,153,153,9,19,4,5,0.6,0.7
2026-09-22T1800,3327A,116.9638,38.9374,天津市,地纬路,,47,22,62,8,31,149,NA,148,148,12,20,7,8,0.3,0.6
2026-09-22T1800,3328A,118.4209,31.3704,芜湖市,市气象局,NA,NA,32,35,NA,26,87,NA,98,97,19,14,12,8,NA,0.6
2026-09-22T1800,3329A,117.011,32.5891,淮南市,山南新区,颗粒物(PM10),55,57,47,21,29,94,NA,85,NA,11,14,18,5,0.0,0.2
2026-09-22T1800,3331A,118.3268,32.2633,滁州市,图书馆,,42,42,52,19,39,105,NA,109,109,14,14,7,8,0.5,0.6
2026-09-22T1800,3332A,115.7631,33.803,亳州市,亳州学院,,46,35,76,3,56,147,NA,146,146,8,12,3,4,0.2,0.5
2026-09-22T1800,3333A,117.5626,30.695,池州市,第八中学,,49,49,47,33,32,49,NA,66,65,30,19,6,6,0.7,0.7
2026-09-22T1800,3334A,117.5037,30.6242,池州市,第十二中学,,42,42,45,29,30,71,NA,71,71,19,16,3,4,0.8,0.9
2026-09-22T1800,3335A,113.3137,35.2643,焦作市,马村街道办,细颗粒物(PM2.5),74,61,73,47,53,153,NA,150,150,8,14,7,4,0.6,0.7
2026-09-22T1800,3336A,113.2464,35.2374,焦作市,焦作技师学院,细颗粒物(PM2.5),70,59,67,45,49,153,NA,148,148,6,11,6,7,0.8,0.9
2026-09-22T1800,3337A,113.8611,34.0443,许昌市,许昌学院,细颗粒物(PM2.5),58,50,75,39,51,160,NA,152,152,9,14,6,8,0.4,0.6
2026-09-22T1800,3338A,113.8428,34.0825,许昌市,芙蓉广场,细颗粒物(PM2.5),72,NA,76,46,52,148,NA,153,153,12,15,7,8,0.6,0.8
2026-09-22T1800,3339A,114.0002,33.0404,驻马店市,小管楼,细颗粒物(PM2.5),106,104,84,66,58,124,NA,111,111,NA,19,6,5,0.5,0.4
2026-09-22T1800,3340A,112.6005,34.6323,洛阳市,伊滨,细颗粒物(PM2.5),70,66,48,45,34,117,NA,117,117,14,15,9,8,0.5,0.5
2026-09-22T1800,3341A,112.495,34.6338,洛阳市,中移产业园,细颗粒物(PM2.5),80,69,50,50,40,160,NA,134,134,12,11,11,10,0.6,0.6
2026-09-22T1800,3342A,128.7948,47.7291,伊春市,中心小学,,24,24,25,11,6,35,NA,60,60,24,8,2,2,0.8,0.7
2026-09-22T1800,3343A,128.6736,47.729,伊春市,检察院,,36,36,21,14,6,48,NA,61,61,10,4,5,5,0.4,0.3
2026-09-22T1800,3345A,131.0413,45.7795,七台河市,中波台,,20,20,18,11,5,49,NA,64,64,18,15,4,3,0.4,0.4
2026-09-22T1800,3346A,108.3871,31.1627,重庆市,安康,,13,13,16,3,5,39,NA,42,42,11,11,8,8,0.8,0.7
2026-09-22T1800,3347A,105.8983,29.36,重庆市,北山路,,25,20,24,17,26,50,NA,63,62,13,18,8,8,0.5,0.6
2026-09-22T1800,3350A,106.648859,29.023807,重庆市,滩子口,,21,21,29,10,14,52,NA,42,42,10,17,20,13,0.5,0.4
2026-09-22T1800,3351A,105.7164,29.7077,重庆市,棠香,,16,14,32,10,17,49,NA,57,57,12,12,4,7,0.9,0.9
2026-09-22T1800,3352A,107.0733,29.8618,重庆市,桃源西路,,20,20,26,13,10,34,NA,34,34,19,15,6,10,0.7,0.6
2026-09-22T1800,3353A,107.3536,29.7283,重庆市,迎宾大道,,13,13,20,7,5,29,NA,34,34,22,18,3,2,0.6,0.6
2026-09-22T1800,3354A,108.8152,29.5079,重庆市,舟白,,17,11,14,7,3,54,NA,48,48,8,7,5,5,0.5,0.5
2026-09-22T1800,3355A,108.3679,30.8429,重庆市,周家坝,,16,16,13,5,3,41,NA,46,46,20,12,5,5,0.8,0.7
2026-09-22T1800,3356A,108.4323,30.7554,重庆市,百安坝,,28,28,15,14,5,38,NA,46,46,27,10,11,11,0.7,0.6
2026-09-22T1800,3357A,104.0028,30.6891,成都市,金博路,,28,26,29,16,22,88,NA,69,69,16,21,3,3,1.0,1
2026-09-22T1800,3359A,104.056,30.5228,成都市,华阳,,29,24,27,12,20,92,NA,83,83,9,13,2,3,0.7,0.8
2026-09-22T1800,3360A,104.7894,29.3197,自贡市,南湖救助站,NA,NA,NA,31,NA,20,67,NA,69,69,8,9,NA,7,0.9,0.9
2026-09-22T1800,3361A,103.7313,29.563,乐山市,理工大学,,16,12,29,3,18,51,NA,36,36,5,12,10,9,0.7,0.8
2026-09-22T1800,3363A,117.9883,36.8372,淄博市,新区,,45,29,37,6,17,143,NA,133,133,18,31,7,6,0.6,0.7
2026-09-22T1800,3364A,117.316,34.8106,枣庄市,市环保局,臭氧1小时(O3_1h),58,44,68,1,29,166,NA,143,143,13,21,8,6,0.4,0.5
2026-09-22T1800,3365A,118.5721,37.5654,东营市,垦利区民丰路,NA,NA,NA,30,0,12,96,NA,134,123,12,22,6,6,0.2,0.4
2026-09-22T1800,3366A,121.5202,37.4336,烟台市,中国农业大学,,48,22,33,6,8,153,NA,149,149,10,22,9,9,0.3,0.3
2026-09-22T1800,3368A,119.1978,36.6871,潍坊市,高新实验学校,,46,46,34,2,9,138,NA,136,136,19,19,10,8,0.9,0.6
2026-09-22T1800,3370A,118.3563,35.0215,临沂市,十里堡居委,,43,24,27,3,6,136,NA,137,137,20,22,12,11,0.6,0.6
2026-09-22T1800,3371A,116.3693,37.44,德州市,开发区人民医院,,43,22,60,1,29,136,NA,149,149,6,45,7,10,0.2,0.6
2026-09-22T1800,3374A,115.5562,35.089,菏泽市,定陶老年大学,臭氧1小时(O3_1h),78,73,101,36,63,182,NA,180,180,12,20,6,8,0.4,0.6
2026-09-22T1800,3375A,102.8016,24.8336,昆明市,青年创业园,,28,NA,20,16,11,89,NA,77,77,8,19,3,4,0.6,0.7
2026-09-22T1800,3376A,103.7926,25.4651,曲靖市,南苑二区,,27,NA,21,16,16,86,NA,84,84,7,8,4,4,0.4,0.5
2026-09-22T1800,3377A,103.7442,25.5259,曲靖市,曲靖师范学院,,42,42,22,16,13,87,NA,79,79,6,7,4,4,0.4,0.4
2026-09-22T1800,3379A,122.1122,40.2275,营口市,鲅鱼圈市民活动中心,臭氧1小时(O3_1h),67,59,58,24,23,173,NA,162,162,11,36,5,6,0.8,0.8
2026-09-22T1800,3380A,102.8915,34.9618,甘南藏族自治州,甘肃民族师范学院,,27,27,51,16,26,85,NA,87,87,11,21,9,8,0.4,0.5
2026-09-22T1800,3396A,112.0764,32.0089,襄阳市,襄城隆中路,细颗粒物(PM2.5),84,58,43,52,40,104,NA,92,92,19,15,8,9,0.8,0.8
2026-09-22T1800,3397A,112.1154,32.103,襄阳市,高新台子湾,细颗粒物(PM2.5),94,58,49,57,50,111,NA,99,99,12,15,7,7,0.8,0.7
2026-09-22T1800,3398A,114.9134,30.4446,黄冈市,市林业局,NA,NA,18,16,11,7,62,NA,63,63,NA,7,4,4,0.5,0.4
2026-09-22T1800,3399A,112.6703,26.8817,衡阳市,师范学院,,49,41,48,34,38,72,NA,75,75,8,7,7,6,1.0,0.9
2026-09-22T1800,3400A,109.1844,21.4396,北海市,龙潭自来水厂,细颗粒物(PM2.5),54,47,35,37,25,70,NA,111,104,12,8,8,10,0.7,0.7
2026-09-22T1800,3401A,108.4829,22.762,南宁市,红星社区,,43,40,53,30,35,72,NA,124,123,15,19,6,8,0.9,1
2026-09-22T1800,3402A,109.5422,24.3994,柳州市,市二中,,38,38,50,16,34,100,NA,120,120,7,22,8,9,0.6,0.7
2026-09-22T1800,3404A,108.5959,21.9634,钦州市,北职校,,47,47,53,22,27,91,NA,100,100,25,17,12,12,0.7,0.8
2026-09-22T1800,3405A,109.5886,23.1172,贵港市,新世纪学校,颗粒物(PM10),53,53,56,25,43,65,NA,109,104,27,18,/,/,0.8,0.8
2026-09-22T1800,3407A,120.6915,30.7741,嘉兴市,秀洲住建,颗粒物(PM10),61,65,41,37,25,139,NA,141,141,24,17,6,6,0.4,0.3
2026-09-22T1800,3408A,120.5685,29.936,绍兴市,绍兴中专,,35,33,47,18,30,112,NA,142,142,12,18,7,7,0.7,0.8
2026-09-22T1800,3409A,120.4905,30.086,绍兴市,柯桥区政府,,45,44,38,31,28,95,NA,127,126,30,10,10,7,0.4,0.5
2026-09-22T1800,3410A,120.8751,30.0249,绍兴市,重华小学,,50,50,36,27,23,122,NA,133,133,14,11,6,6,0.5,0.5
2026-09-22T1800,3411A,120.837,30.0137,绍兴市,上虞中学,,45,45,38,27,23,123,NA,134,134,16,14,4,4,0.7,0.7
2026-09-22T1800,3416A,119.1758,36.7139,潍坊市,潍坊学院,,44,44,32,3,10,134,NA,127,127,12,18,9,8,0.6,0.5
2026-09-22T1800,3418A,116.8336,40.4095,北京市,密云新城,,50,33,36,16,18,159,NA,160,160,13,12,3,2,0.5,0.4
2026-09-22T1800,3419A,109.9449,40.6259,包头市,包头市委党校,,41,22,28,16,19,131,NA,111,111,14,40,11,11,0.4,0.9
2026-09-22T1800,3421A,113.1776,40.9779,乌兰察布市,市委党校,,48,22,34,22,15,152,NA,141,141,5,34,2,4,0.4,0.5
2026-09-22T1800,3422A,118.8443,31.919,南京市,江宁彩虹桥,,46,46,42,15,28,116,NA,117,117,6,7,6,5,0.5,0.4
2026-09-22T1800,3425A,120.642,31.1733,苏州市,越秀幼儿园,颗粒物(PM10),55,57,45,31,29,145,NA,134,134,23,17,6,6,0.8,0.7
2026-09-22T1800,3426A,118.8757,33.2897,淮安市,新华书店,,37,26,60,7,25,117,NA,126,126,8,16,10,13,0.5,0.7
2026-09-22T1800,3427A,118.8497,32.3599,南京市,六合雄州,,31,27,46,14,39,98,NA,110,110,19,16,4,4,0.8,0.9
2026-09-22T1800,3429A,119.8595,31.706,常州市,武进经发区,颗粒物(PM10),53,54,58,33,31,127,NA,117,117,29,20,10,9,0.9,0.9
2026-09-22T1800,3430A,119.5812,31.7256,常州市,金坛城区,,40,40,43,25,29,120,NA,128,128,19,16,4,5,0.7,0.7
2026-09-22T1800,3431A,120.6502,31.4117,苏州市,高铁新城,细颗粒物(PM2.5),58,56,41,39,25,156,NA,148,148,23,17,8,8,0.8,0.7
2026-09-22T1800,3432A,120.9348,31.9874,南通市,环境教育馆,,34,17,26,10,19,106,NA,139,130,7,11,6,6,0.3,0.4
2026-09-22T1800,3434A,119.2414,34.6539,连云港市,工贸学校,,45,29,30,8,11,142,NA,131,131,12,18,8,9,0.3,0.4
2026-09-22T1800,3435A,119.9186,32.4322,泰州市,周山河街区,,40,39,37,22,25,126,NA,132,132,11,11,16,14,0.6,0.7
2026-09-22T1800,3436A,120.4283,33.2048,盐城市,大丰高级中学,,38,24,33,7,23,120,NA,124,124,5,9,7,8,0.5,0.6
2026-09-22T1800,3437A,88.3088,43.3637,乌鲁木齐市,达坂城区环保局,颗粒物(PM10),111,147,64,30,20,107,NA,100,96,6,6,3,5,0.3,0.3
2026-09-22T1800,3438A,87.6132,43.8791,乌鲁木齐市,红光山片区,,42,42,61,20,18,76,NA,90,89,16,18,3,4,0.1,0.1
2026-09-22T1800,3439A,87.7008,43.8003,乌鲁木齐市,新师大温泉校区,颗粒物(PM10),71,79,71,36,22,77,NA,94,94,11,10,8,10,0.2,0.3
2026-09-22T1800,3440A,87.4892,43.84,乌鲁木齐市,大绿谷,,21,18,61,11,18,67,NA,80,76,15,20,3,2,0.5,0.4
2026-09-22T1800,3441A,87.5461,44.1909,五家渠市,经开区管委会,颗粒物(PM10),51,51,114,16,26,84,NA,81,81,7,8,2,4,0.4,0.4
2026-09-22T1800,3442A,86.047,44.2331,石河子市,南区管委会,细颗粒物(PM2.5),74,NA,83,47,14,107,NA,95,95,5,7,5,5,0.1,0.1
2026-09-22T1800,3443A,113.2905,23.5541,广州市,花都梯面,NA,NA,49,45,33,30,96,NA,120,120,NA,27,5,6,/,/
2026-09-22T1800,3444A,116.4539,23.2684,汕头市,潮南峡山,,48,33,26,22,18,153,NA,138,138,10,10,8,8,0.6,0.7
2026-09-22T1800,3445A,113.786,23.7479,广州市,从化良口,,33,27,34,23,29,60,NA,94,92,7,10,6,6,/,/
2026-09-22T1800,3446A,113.805,23.2614,广州市,增城荔城,"颗粒物(PM10),细颗粒物(PM2.5)",54,55,35,37,27,139,NA,174,174,18,15,9,9,0.6,0.6
2026-09-22T1800,3447A,114.344,22.7115,深圳市,坪山,,31,25,30,17,17,98,NA,100,100,18,15,5,5,0.6,0.6
2026-09-22T1800,3448A,113.5436,22.1163,珠海市,横琴,,34,26,26,17,17,108,NA,119,119,8,10,/,/,/,/
2026-09-22T1800,3449A,113.0496,22.4669,江门市,新会银湖,,40,40,37,14,25,116,NA,130,130,11,16,3,4,0.7,0.7
2026-09-22T1800,3450A,111.0101,21.5165,茂名市,电白水东,,29,NA,26,16,23,92,NA,104,104,8,11,4,7,/,/
2026-09-22T1800,3451A,112.5617,23.2082,肇庆市,鼎湖凤凰,臭氧1小时(O3_1h),104,55,37,35,27,207,NA,176,176,29,11,12,8,/,/
2026-09-22T1800,3452A,114.6521,22.7755,惠州市,大亚湾霞涌,,35,22,28,14,17,111,NA,110,110,6,13,/,/,/,/
2026-09-22T1800,3453A,112.0125,21.8749,阳江市,阳东陶然,,36,22,26,10,20,114,NA,117,117,5,9,5,6,0.6,0.8
2026-09-22T1800,3454A,113.3527,22.4781,中山市,中山南区,,42,NA,22,26,20,132,NA,129,129,8,11,7,8,0.6,0.6
2026-09-22T1800,3455A,113.076,23.72,清远市,清城东城,,43,35,39,26,27,135,NA,136,136,15,15,/,/,/,/
2026-09-22T1800,3456A,114.2887,38.0905,石家庄市,鹿泉一中,颗粒物(PM10),55,56,60,35,37,152,NA,140,140,11,10,3,3,0.5,0.5
2026-09-22T1800,3457A,118.4357,39.277,唐山市,冀东油田职工医院,颗粒物(PM10),73,81,62,34,33,174,NA,171,171,14,17,5,6,0.5,0.6
2026-09-22T1800,3458A,114.7893,36.5592,邯郸市,香泉濮院小区,细颗粒物(PM2.5),68,52,65,44,63,163,NA,158,158,14,24,2,6,0.4,0.6
2026-09-22T1800,3459A,115.599,37.5491,衡水市,地表水厂,颗粒物(PM10),65,70,57,21,28,166,NA,160,160,10,15,5,8,0.5,0.6
2026-09-22T1800,3460A,117.4065,40.0583,天津市,北环路,,50,31,48,15,25,159,NA,160,160,13,12,6,6,0.2,0.3
2026-09-22T1800,3461A,117.3041,39.7167,天津市,建设路,,47,24,61,9,33,150,NA,165,165,15,29,13,13,0.6,0.9
2026-09-22T1800,3462A,117.8201,39.3519,天津市,滨水东路,臭氧1小时(O3_1h),58,43,62,22,33,166,NA,164,164,21,35,9,10,0.5,0.7
2026-09-22T1800,3463A,116.9708,33.5911,宿州市,社会福利中心,,47,23,54,5,44,150,NA,140,140,16,24,8,10,0.4,0.6
2026-09-22T1800,3464A,117.3802,31.9148,合肥市,高教基地,颗粒物(PM10),51,51,52,23,33,43,NA,90,61,9,9,8,8,0.6,0.6
2026-09-22T1800,3465A,118.4783,31.3226,芜湖市,清苑社区,,32,32,38,14,29,86,NA,92,92,28,18,6,6,0.5,0.6
2026-09-22T1800,3466A,118.2746,31.2326,芜湖市,扬子职业技术学院,,37,37,36,22,27,80,NA,98,96,30,12,6,6,0.6,0.6
2026-09-22T1800,3468A,115.79,32.8614,阜阳市,市规划展馆,颗粒物(PM10),60,64,58,35,46,110,NA,106,106,16,16,6,5,0.6,0.7
2026-09-22T1800,3469A,115.835101,32.918568,阜阳市,枣园社区,细颗粒物(PM2.5),94,91,62,57,55,99,NA,100,100,27,21,4,4,0.7,0.7
2026-09-22T1800,3471A,113.6104,34.8688,郑州市,惠济区政府,细颗粒物(PM2.5),108,77,76,68,56,163,NA,141,141,11,25,3,4,0.8,1.1
2026-09-22T1800,3473A,114.2485,34.8306,开封市,技师学院,细颗粒物(PM2.5),84,71,103,52,68,183,NA,162,162,8,25,4,4,1.0,1.2
2026-09-22T1800,3474A,114.2616,35.6824,鹤壁市,大新区,细颗粒物(PM2.5),109,78,90,69,70,187,NA,180,180,16,14,5,5,0.8,0.9
2026-09-22T1800,3475A,113.9189,35.3042,新乡市,市政府,细颗粒物(PM2.5),112,108,141,73,78,180,NA,164,164,13,20,7,7,0.7,0.8
2026-09-22T1800,3477A,113.1656,35.2536,焦作市,中站许衡医院,细颗粒物(PM2.5),60,57,62,40,40,154,NA,146,146,9,12,6,6,0.6,0.6
2026-09-22T1800,3478A,113.9691,33.568,漯河市,市图书馆,细颗粒物(PM2.5),105,116,97,65,59,106,NA,121,121,15,16,8,7,0.9,0.8
2026-09-22T1800,3481A,125.127,46.6277,大庆市,萨区政府监测点,NA,NA,NA,9,11,6,80,NA,87,87,12,9,6,7,0.4,0.3
2026-09-22T1800,3482A,107.754,29.3275,重庆市,芙蓉中路,,14,6,17,5,6,42,NA,48,48,14,10,9,9,0.7,0.6
2026-09-22T1800,3484A,106.2629,29.3202,重庆市,行政中心,,38,38,38,12,16,41,NA,43,43,21,20,12,11,0.6,0.6
2026-09-22T1800,3486A,124.4029,43.1411,四平市,植物园,,50,38,21,19,10,160,NA,137,137,16,18,7,7,0.5,0.2
2026-09-22T1800,3488A,104.387954,30.746684,成都市,青白江技师分院,,38,38,33,26,24,103,NA,78,78,10,13,4,5,0.7,0.7
2026-09-22T1800,3489A,104.0788,30.4054,成都市,科学城,,29,22,19,20,14,88,NA,86,86,7,11,8,8,0.7,0.7
2026-09-22T1800,3491A,104.6899,31.5324,绵阳市,西科大附属小学,,45,45,39,29,23,83,NA,68,68,16,18,9,9,0.6,0.5
2026-09-22T1800,3492A,104.5647,31.5343,绵阳市,安州区旅游局,,32,32,36,20,26,70,NA,58,58,18,18,4,6,0.4,0.3
2026-09-22T1800,3494A,117.1673,36.9782,济南市,济阳区政府,,49,49,52,4,14,137,NA,118,118,13,26,13,7,0.4,0.4
2026-09-22T1800,3495A,117.1168,36.6299,济南市,锦屏中学,臭氧1小时(O3_1h),54,42,27,6,5,163,NA,135,135,16,14,7,6,0.2,0.2
2026-09-22T1800,3496A,118.359,35.1067,临沂市,南坊新区,,46,34,36,2,10,147,NA,151,151,13,17,8,8,0.6,0.5
2026-09-22T1800,3498A,118.5063,37.8606,东营市,河口城区,,38,34,37,2,20,120,NA,132,132,6,10,4,4,0.6,0.7
2026-09-22T1800,3500A,116.5808,35.3703,济宁市,北湖一中,臭氧1小时(O3_1h),63,44,66,5,35,170,NA,158,158,9,21,5,3,0.2,0.4
2026-09-22T1800,3501A,116.8251,35.5592,济宁市,服务中心,,42,21,63,2,24,132,NA,124,124,8,30,4,4,0.2,0.6
2026-09-22T1800,3502A,117.1812,36.2273,泰安市,国网新校,,42,24,16,7,7,133,NA,125,125,10,7,5,4,0.4,0.4
2026-09-22T1800,3503A,117.0315,36.2017,泰安市,交通技校,,45,17,24,4,7,144,NA,134,134,11,31,4,5,0.5,0.5
2026-09-22T1800,3504A,117.083,36.13,泰安市,山东第一医科大学,,42,22,45,3,18,134,NA,135,135,11,23,8,10,0.4,0.5
2026-09-22T1800,3505A,122.1379,37.3414,威海市,临港区管委会,,32,17,23,6,5,100,NA,104,104,18,16,7,7,0.2,0.3
2026-09-22T1800,3507A,119.5326,35.4627,日照市,职业技术学院,臭氧1小时(O3_1h),58,17,20,5,2,166,NA,151,151,10,11,11,11,0.3,0.3
2026-09-22T1800,3511A,116.5687,37.3331,德州市,陵城艺术中心,NA,NA,31,50,1,22,138,NA,136,136,NA,22,9,10,0.3,0.5
2026-09-22T1800,3513A,116.0443,36.436,聊城市,九州社区,臭氧1小时(O3_1h),69,38,62,10,20,175,NA,177,177,3,25,6,13,0.3,0.5
2026-09-22T1800,3514A,117.9379,37.3959,滨州市,中海酒店,,45,17,23,1,9,141,NA,144,144,6,14,9,7,0.2,0.3
2026-09-22T1800,3515A,117.9381509,37.35547456,滨州市,开发区一中,NA,NA,27,36,1,15,139,NA,146,145,4,15,7,8,NA,0.4
2026-09-22T1800,3516A,118.0914,37.6938,滨州市,金海六路,颗粒物(PM10),51,51,38,1,20,138,NA,145,145,10,23,6,5,0.6,0.6
2026-09-22T1800,3520A,106.3495,38.9837,石嘴山市,妇女儿童医院,,48,41,63,16,33,153,NA,144,144,8,26,8,14,0.4,0.7
2026-09-22T1800,3521A,106.7495,39.2068,石嘴山市,石大公路,,35,35,48,5,15,107,NA,110,110,12,34,5,7,0.2,0.5
2026-09-22T1800,3523A,106.5105,38.3857,银川市,滨河新区,,40,25,33,11,15,126,NA,124,124,9,26,6,14,0.1,0.3
2026-09-22T1800,3525A,108.6394,34.408,咸阳市,奥体中心,,35,30,35,24,36,112,NA,92,92,5,21,2,2,0.5,0.5
2026-09-22T1800,3526A,119.5188,25.9666,福州市,吴航,NA,NA,NA,30,NA,19,134,NA,133,133,NA,10,8,8,0.5,0.4
2026-09-22T1800,3527A,118.0961,24.5689,厦门市,集美中学,,39,33,35,18,19,122,NA,155,153,10,7,2,2,0.4,0.4
2026-09-22T1800,3528A,118.1502,24.7246,厦门市,同安二实小,,43,40,30,28,22,137,NA,129,129,12,7,4,3,0.8,0.7
2026-09-22T1800,3530A,117.6288,24.5309,漳州市,西洋坪路,颗粒物(PM10),53,54,38,27,21,149,NA,162,162,8,8,4,4,0.4,0.4
2026-09-22T1800,3531A,110.296,25.1254,桂林市,旅游学院,,37,37,42,20,34,96,NA,98,98,8,10,2,5,0.7,0.7
2026-09-22T1800,3532A,110.1951,22.6832,玉林市,玉林师范学院东校区,,36,31,45,25,34,91,NA,137,131,9,15,2,6,0.4,0.6
2026-09-22T1800,3533A,110.0527,22.5894,玉林市,福绵环保局,,43,43,46,27,32,88,NA,111,110,12,12,6,8,0.7,0.8
2026-09-22T1800,3534A,111.4744,24.455,贺州市,西湾,,42,42,48,28,27,78,NA,94,94,11,13,9,8,0.8,0.7
2026-09-22T1800,3535A,109.1781,23.7293,来宾市,兴宾区政府,,43,43,47,26,32,92,NA,102,102,7,8,6,6,0.8,0.9
2026-09-22T1800,3538A,107.5175,26.2977,黔南布依族苗族自治州,沙坝,NA,NA,29,35,16,22,89,NA,93,93,NA,10,2,3,0.6,0.7
2026-09-22T1800,3539A,110.5111,19.9737,海口市,桂林洋子站,,28,24,30,17,21,88,NA,94,94,8,4,/,/,/,/
2026-09-22T1800,3540A,109.7348,18.3443,三亚市,君悦子站,,25,19,28,12,16,77,NA,79,79,3,5,4,4,0.6,0.7
2026-09-22T1800,3541A,109.5726195,19.51688767,儋州市,第一中学子站,,26,26,30,13,20,77,NA,85,83,6,3,4,4,0.4,0.4
2026-09-22T1800,3542A,109.5567,19.5187,儋州市,东坡学校子站,,34,34,29,13,19,79,NA,84,82,6,4,4,4,0.5,0.5
2026-09-22T1800,3544A,121.4891,30.925,上海市,奉贤南桥新城,,47,47,41,27,26,106,NA,125,125,17,18,5,5,0.6,0.6
2026-09-22T1800,3545A,110.8053,32.8401,十堰市,郧阳区金沙路,颗粒物(PM10),66,72,28,37,16,116,NA,103,103,10,9,7,7,0.9,0.8
2026-09-22T1800,3546A,111.4606,30.5519,宜昌市,猇亭区张家湾站,,29,29,18,15,6,68,NA,62,62,10,8,7,8,0.4,0.5
2026-09-22T1800,3547A,112.1631,31.0134,荆门市,龙泉中学南校,细颗粒物(PM2.5),92,56,35,56,34,113,NA,118,118,7,6,5,5,0.9,0.7
2026-09-22T1800,3549A,109.5061,30.3771,恩施土家族苗族自治州,龙凤新区,,12,4,7,1,5,38,NA,55,55,3,4,4,4,0.7,0.7
2026-09-22T1800,3550A,102.8,24.9787,昆明市,昆明学院,,26,17,23,16,10,82,NA,75,75,10,16,5,6,0.5,0.5
2026-09-22T1800,3551A,102.5969,24.6738,昆明市,晋宁区生态环境分局,,24,NA,22,16,17,76,NA,85,85,10,11,7,6,0.5,0.5
2026-09-22T1800,3552A,102.6673,24.9861,昆明市,云天化总部,,24,18,19,15,9,76,NA,84,84,11,14,5,5,0.3,0.2
2026-09-22T1800,3557A,119.9463,30.0496,杭州市,镇二中,,43,38,50,27,42,137,NA,137,137,18,29,7,7,0.7,0.9
2026-09-22T1800,3558A,119.7184,30.2367,杭州市,市府大楼,,43,43,45,29,39,124,NA,122,122,17,18,7,8,0.4,0.6
2026-09-22T1800,3560A,120.4715,30.0414,绍兴市,柯桥妇保,,39,39,44,26,29,117,NA,137,137,19,11,9,8,0.6,0.7
2026-09-22T1800,3561A,120.6985,27.9252,温州市,茶山,,40,40,45,13,27,117,NA,156,149,15,16,/,/,/,/
2026-09-22T1800,3562A,120.4146,30.8538,湖州市,南浔区站,细颗粒物(PM2.5),54,45,37,37,28,138,NA,136,136,13,11,9,9,0.7,0.6
2026-09-22T1800,3564A,121.25678,28.66823971,台州市,台州科技职业学院,,34,32,44,16,29,108,NA,123,123,11,12,10,9,0.7,0.8
2026-09-22T1800,3565A,113.1371,40.1122,大同市,云冈站,,43,43,53,26,20,104,NA,111,111,26,20,12,10,0.4,0.3
2026-09-22T1800,3566A,113.1186,40.2556,大同市,图书馆,,35,35,35,23,16,112,NA,114,114,14,12,13,10,0.6,0.6
2026-09-22T1800,3567A,113.5931,40.0459,大同市,区一中,,39,36,28,24,15,122,NA,124,124,14,9,14,11,0.7,0.7
2026-09-22T1800,3568A,113.0603,36.0464,长治市,向阳小学,细颗粒物(PM2.5),56,50,57,38,38,142,NA,137,137,20,9,9,7,0.6,0.7
2026-09-22T1800,3569A,112.8788,36.315,长治市,屯留一中,,45,43,62,31,53,121,NA,121,121,9,16,14,13,0.8,1.1
2026-09-22T1800,3571A,112.2938,39.5296,朔州市,一水厂,,40,35,59,20,17,126,NA,113,113,7,36,2,3,0.5,0.6
2026-09-22T1800,3575A,118.0927,39.5807,唐山市,正泰大街热力站,臭氧1小时(O3_1h),75,43,60,24,33,180,NA,176,176,14,23,2,2,0.4,0.7
2026-09-22T1800,3576A,118.1561,39.8322,唐山市,丰润区政府,,44,44,72,15,30,123,NA,107,107,22,28,11,8,0.5,0.6
2026-09-22T1800,3577A,118.436906,39.73802,唐山市,金山小学,颗粒物(PM10),68,75,67,21,31,162,NA,145,145,21,24,5,3,0.7,0.7
2026-09-22T1800,3578A,118.2449,39.6693,唐山市,政府服务中心,NA,NA,NA,NA,NA,NA,NA,NA,NA,NA,NA,NA,NA,NA,NA,NA
2026-09-22T1800,3580A,114.1998,36.4439,邯郸市,峰峰矿区临水派出所,细颗粒物(PM2.5),111,NA,64,72,63,189,NA,168,168,NA,9,NA,9,1.1,1
2026-09-22T1800,3581A,115.3136,38.9511,保定市,满城区生态环境分局,颗粒物(PM10),51,51,73,26,56,146,NA,154,154,7,11,2,2,0.5,0.6
2026-09-22T1800,3582A,115.4709,38.7628,保定市,清苑区第二中学,NA,NA,NA,82,NA,52,NA,NA,148,NA,NA,17,NA,6,NA,0.5
2026-09-22T1800,3583A,115.6231,39.0223,保定市,徐水物探局,颗粒物(PM10),51,51,69,29,47,146,NA,148,148,7,12,2,2,0.4,0.5
2026-09-22T1800,3590A,113.8362,34.566,郑州市,北区建设指挥部,细颗粒物(PM2.5),74,71,73,47,56,174,NA,164,164,19,34,5,6,0.3,0.5
2026-09-22T1800,3591A,113.3029,34.8041,郑州市,上街区政府,细颗粒物(PM2.5),94,84,73,57,56,169,NA,144,144,10,20,3,6,0.8,0.9
2026-09-22T1800,3592A,114.4518,34.7503,开封市,祥符区生态环境局,细颗粒物(PM2.5),80,60,72,50,78,169,NA,163,163,12,13,4,7,0.6,0.8
2026-09-22T1800,3593A,112.5736,34.8993,洛阳市,吉利监测站,细颗粒物(PM2.5),86,73,49,53,36,157,NA,148,148,10,13,9,10,0.5,0.5
2026-09-22T1800,3594A,112.8736,33.9068,平顶山市,石龙区,细颗粒物(PM2.5),80,75,54,50,45,140,NA,148,148,15,17,8,10,1.0,0.9
2026-09-22T1800,3596A,114.1573,35.9607,鹤壁市,南山宾馆,细颗粒物(PM2.5),106,113,108,66,81,165,NA,158,158,22,14,8,7,0.9,1
2026-09-22T1800,3598A,111.1031,34.719,三门峡市,富达温泉假日酒店,颗粒物(PM10),53,54,46,27,27,118,NA,118,118,20,20,12,12,0.8,0.7
2026-09-22T1800,3599A,106.2648,29.9853,重庆市,书院路,,20,NA,17,14,16,33,NA,37,37,13,12,6,9,1.0,0.9
2026-09-22T1800,3600A,106.2334,29.5583,重庆市,虎峰,,29,29,34,18,15,65,NA,58,58,11,15,9,13,0.8,0.8
2026-09-22T1800,3601A,106.0497,29.8345,重庆市,龙门街,,19,19,32,9,19,52,NA,54,54,11,19,7,8,0.8,0.9
2026-09-22T1800,3604A,119.3267,35.1043,日照市,岚山环保分局,,50,29,34,5,6,157,NA,136,136,14,29,10,28,0.5,2.8
2026-09-22T1800,3605A,109.1019,34.5302,西安市,无线电监控中心,,45,42,41,21,30,141,NA,114,114,9,21,6,6,0.7,0.8
2026-09-22T1800,3610A,105.5931,29.4105,重庆市,昌元,NA,NA,24,27,14,22,58,NA,60,60,13,16,9,10,NA,0.7
2026-09-22T1800,3612A,85.1045,45.6895,克拉玛依市,白碱滩区新站,颗粒物(PM10),55,57,54,19,20,107,NA,96,96,3,3,6,6,0.4,0.4
2026-09-22T1800,3613A,87.3069,44.0093,昌吉回族自治州,亚心广场,,27,24,73,18,16,86,NA,88,88,11,15,8,10,0.2,0.2
2026-09-22T1800,3614A,79.9241,37.0878,和田地区,地区环保局,颗粒物(PM10),53,53,113,8,15,113,NA,108,108,1,2,2,2,0.2,0.3
2026-09-22T1800,3615A,79.9132,37.1137,和田地区,市环保局,NA,NA,62,104,7,15,119,NA,108,108,NA,6,NA,2,0.4,0.5
2026-09-22T1800,3616A,106.7617,31.8343,巴中市,市中心医院,,22,12,20,6,6,69,NA,58,58,3,9,10,9,0.8,0.9
2026-09-22T1800,3617A,105.8047,32.4167,广元市,经开区,,26,10,19,5,10,81,NA,85,85,14,19,5,6,0.6,0.6
2026-09-22T1800,3618A,112.4702,37.7821,太原市,金胜,细颗粒物(PM2.5),88,NA,83,54,53,149,NA,123,123,15,20,10,9,0.5,0.6
2026-09-22T1800,3619A,113.6169,37.8565,阳泉市,龙柱,细颗粒物(PM2.5),92,78,75,56,42,87,NA,96,96,34,30,17,17,1.2,1.2
2026-09-22T1800,3620A,112.8258,35.4804,晋城市,泽州一中,颗粒物(PM10),60,64,66,38,36,167,NA,150,150,9,13,7,6,1.1,1.1
2026-09-22T1800,3622A,113.5556,24.8082,韶关市,碧湖山庄,细颗粒物(PM2.5),72,66,40,46,27,99,NA,96,96,9,10,8,8,0.7,0.8
2026-09-22T1800,3623A,113.8952,22.586,深圳市,西乡,,37,37,33,20,19,103,NA,107,107,22,21,1,2,0.6,0.6
2026-09-22T1800,3624A,116.4069,23.2533,汕头市,潮南子站,,46,42,30,28,19,146,NA,130,130,13,10,9,8,/,/
2026-09-22T1800,3625A,113.2568,22.7629,佛山市,容桂街道办,,46,34,37,24,32,145,NA,162,162,14,15,/,/,/,/
2026-09-22T1800,3628A,112.0335,22.9376,云浮市,文笔,,50,50,65,23,42,117,NA,137,137,5,18,5,11,0.5,0.6
2026-09-22T1800,3629A,101.8304,36.5785,西宁市,世纪职校,,32,NA,21,15,17,102,NA,103,103,10,20,4,9,0.9,1.1
2026-09-22T1800,3633A,118.4914,31.681,马鞍山市,雨山,,37,37,37,14,32,117,NA,106,106,11,12,4,5,1.0,1
2026-09-22T1800,3635A,112.3678,34.6623,洛阳市,河科大西苑校区,细颗粒物(PM2.5),92,75,54,56,40,167,NA,144,144,14,17,7,9,0.6,0.8
2026-09-22T1800,3636A,112.4387,34.678,洛阳市,英才小学,细颗粒物(PM2.5),88,67,61,54,45,144,NA,130,130,23,26,7,10,0.6,0.8
2026-09-22T1800,3637A,131.0136,45.7688,七台河市,人民广场,,28,28,24,4,4,31,NA,60,58,31,15,6,6,0.6,0.5
2026-09-22T1800,3638A,104.7637,29.3373,自贡市,轻化工大学,,22,8,22,2,19,69,NA,67,67,9,9,11,10,0.6,0.7
2026-09-22T1800,3642A,120.3454,36.0735,青岛市,市北区南部,,44,25,34,5,9,138,NA,127,127,12,21,8,10,0.5,0.5
2026-09-22T1800,3643A,120.3897,36.18,青岛市,李沧区北部,,37,24,39,4,8,118,NA,139,139,15,21,4,5,0.6,0.6
2026-09-22T1800,3644A,117.8662,36.8049,淄博市,三金集团,,49,37,47,8,19,156,NA,148,148,14,28,6,6,0.4,0.5
2026-09-22T1800,3645A,118.0259,36.8409,淄博市,东风化工厂,"颗粒物(PM10),臭氧1小时(O3_1h)",53,53,51,8,16,162,NA,147,147,16,25,8,8,0.3,0.4
2026-09-22T1800,3646A,118.4979,37.4623,东营市,胜利站,,35,27,32,3,16,111,NA,144,141,13,18,6,4,0.2,0.3
2026-09-22T1800,3648A,106.2176,37.9832,吴忠市,文卫南街,,43,36,55,14,28,136,NA,123,123,8,26,5,11,0.2,0.4
2026-09-22T1800,3650A,105.1696,37.5164,中卫市,沙坡头区政府站,NA,NA,NA,66,NA,31,138,NA,119,119,NA,36,NA,7,NA,0.6
2026-09-22T1800,3654A,114.8093,30.4091,鄂州市,精准医疗中心,,23,22,22,14,10,71,NA,66,66,12,8,3,5,0.7,0.7
2026-09-22T1800,3655A,114.3379,29.8683,咸宁市,长江产业园,,20,14,32,14,20,63,NA,59,59,22,16,4,5,0.6,0.8
2026-09-22T1800,3656A,120.1554,30.2863,杭州市,消防大队,,41,39,38,25,32,131,NA,131,131,19,16,9,9,0.6,0.6
2026-09-22T1800,3658A,120.6156,30.0762,绍兴市,袍江中学,,39,38,37,22,22,124,NA,131,131,19,14,8,9,0.5,0.6
2026-09-22T1800,3659A,119.656,29.1132,金华市,气象局,颗粒物(PM10),60,63,76,33,46,133,NA,180,180,21,34,8,8,0.7,0.8
2026-09-22T1800,3662A,123.6341,47.2079,齐齐哈尔市,富区青少年活动中心,颗粒物(PM10),52,52,34,14,11,67,NA,76,76,24,15,4,4,0.6,0.6
2026-09-22T1800,3663A,124.117,50.4279,大兴安岭地区,红旗社区,,17,17,16,11,11,45,NA,60,60,14,11,3,3,0.2,0.2
2026-09-22T1800,3664A,119.4171,34.734,连云港市,连云街道,,39,21,19,7,8,122,NA,131,131,18,22,10,11,0.6,0.6
2026-09-22T1800,3665A,76.1654,39.7157,克孜勒苏柯尔克孜自治州,克州文化中心,,35,26,29,9,14,112,NA,106,106,1,2,3,6,0.2,0.2
2026-09-22T1800,3667A,111.0279,35.0543,运城市,水利职院,,38,31,50,26,34,116,NA,113,113,7,13,5,7,1.0,1.1
2026-09-22T1800,3669A,114.4706,36.0634,安阳市,左辅环卫站,颗粒物(PM10),100,119,87,52,59,144,NA,159,159,18,14,4,6,0.5,0.7
2026-09-22T1800,3670A,111.0522,35.0439,运城市,禹都公园,,40,38,50,24,30,125,NA,116,116,6,12,5,7,0.9,0.9
2026-09-22T1800,3671A,116.0879,39.9725,北京市,门头沟三家店,颗粒物(PM10),53,54,48,30,24,147,NA,142,142,15,27,3,2,0.5,0.5
2026-09-22T1800,3672A,116.1507,39.8246,北京市,丰台云岗,,47,47,57,26,26,142,NA,148,148,13,20,6,5,0.5,0.5
2026-09-22T1800,3674A,115.9578,39.7602,北京市,房山燕山,,39,38,35,24,23,124,NA,123,123,10,9,2,2,0.0,0.4
2026-09-22T1800,3675A,116.4669,39.7734,北京市,大兴旧宫,,43,30,45,15,25,137,NA,145,145,15,27,4,3,0.4,0.1
2026-09-22T1800,3677A,98.5887,24.4366,德宏傣族景颇族自治州,芒市人民政府综合楼,,37,37,34,13,11,46,NA,60,60,8,9,8,8,0.6,0.7
2026-09-22T1800,3678A,116.5907,35.4054,济宁市,市第七中学,臭氧1小时(O3_1h),60,35,68,3,30,168,NA,148,148,10,23,4,4,0.3,0.5
2026-09-22T1800,3683A,109.8332,40.6577,包头市,昆区政府,,36,28,37,25,23,106,NA,101,101,29,45,14,12,0.9,0.7
2026-09-22T1800,3684A,130.8639,45.8144,七台河市,新建矿广场,颗粒物(PM10),70,78,23,10,4,42,NA,62,60,21,13,5,5,0.2,0.1
2026-09-22T1800,3685A,117.897,28.4316,上饶市,双创科技城,,39,39,44,21,30,89,NA,162,150,6,12,3,6,0.6,0.6
2026-09-22T1800,3689A,113.9002,35.372,新乡市,行政服务中心,细颗粒物(PM2.5),101,87,140,61,83,147,NA,158,158,20,21,5,9,0.4,0.6
2026-09-22T1800,3690A,115.9718,28.7032,南昌市,外国语学校,细颗粒物(PM2.5),54,49,52,37,46,97,NA,87,87,10,12,6,7,0.9,0.7
2026-09-22T1800,3692A,118.2043,39.6703,唐山市,消防缸窑路中队,臭氧1小时(O3_1h),82,66,75,22,31,185,NA,174,174,15,29,14,8,0.6,0.6
2026-09-22T1800,3693A,118.1432,39.6203,唐山市,路南电大,臭氧1小时(O3_1h),75,62,62,27,34,180,NA,174,174,12,15,4,2,0.6,0.7
2026-09-22T1800,3694A,115.9859,40.4562,北京市,延庆石河营,,45,43,40,22,22,144,NA,140,140,6,21,4,3,0.4,0.4
2026-09-22T1800,3695A,116.6151,40.3052,北京市,怀柔新城,,43,36,36,19,22,136,NA,147,147,16,13,3,2,0.5,0.5
2026-09-22T1800,3696A,116.2542,39.8764,北京市,丰台小屯,NA,NA,NA,NA,NA,NA,NA,NA,NA,NA,NA,NA,NA,NA,NA,NA
2026-09-22T1800,3697A,116.8399,40.3843,北京市,密云镇,,48,34,38,19,22,151,NA,151,151,12,28,4,5,0.4,0.4
2026-09-22T1800,3699A,111.6519,40.8389,呼和浩特市,海东办,,42,29,28,8,8,132,NA,123,123,13,42,10,10,0.4,0.4
2026-09-22T1800,3701A,116.9647,33.6252,宿州市,皖北煤电集团,,48,34,61,6,38,152,NA,134,134,16,21,9,10,0.4,0.6
2026-09-22T1800,3706A,122.2584,43.6333,通辽市,老干部活动中心,,37,37,33,8,10,99,NA,114,114,17,15,11,11,0.5,0.6
2026-09-22T1800,3707A,131.0069,45.2988,鸡西市,欧美日汽修厂,,38,38,37,18,9,29,NA,64,62,30,15,14,3,0.8,0.6
2026-09-22T1800,3708A,122.2923,43.6189,通辽市,东方明珠社区,,36,36,30,9,8,100,NA,118,118,22,17,10,12,0.4,0.3
2026-09-22T1800,3710A,121.5593,29.8976,宁波市,白沙活动中心,,42,31,25,22,17,133,NA,140,140,15,13,11,11,0.4,0.4
2026-09-22T1800,3713A,124.3286,43.1726,四平市,世纪城,,48,33,32,20,13,153,NA,136,136,20,21,9,7,0.6,0.4
2026-09-22T1800,3715A,117.3091,32.9314,蚌埠市,蚌埠田家炳中学,颗粒物(PM10),65,70,62,32,39,100,NA,118,118,28,25,9,9,0.6,0.6
2026-09-22T1800,3719A,97.1707,31.1428,昌都市,昌都会议中心,,23,16,8,10,4,71,NA,71,71,5,5,4,4,0.2,0.3
2026-09-22T1800,3726A,88.8775,29.2425,日喀则市,林业技术推广中心,,25,11,8,0,4,79,NA,87,81,3,2,3,4,0.3,0.2
2026-09-22T1800,3728A,104.6701,28.8053,宜宾市,白酒学院,,20,11,24,8,15,64,NA,61,61,11,15,9,6,0.7,0.7
2026-09-22T1800,3734A,118.5753,37.4405,东营市,理想之城,NA,NA,NA,NA,NA,NA,NA,NA,NA,NA,NA,NA,NA,NA,NA,NA
2026-09-22T1800,3860A,118.3915,35.0297,临沂市,皇山花园小区,,41,36,40,2,10,130,NA,135,135,21,27,13,13,0.5,0.5
2026-09-22T1800,3861A,119.2046,36.7696,潍坊市,寒亭区实验一小,,46,46,36,2,12,136,NA,130,130,12,24,7,5,0.4,0.3
2026-09-22T1800,3866A,122.2469,40.663,营口市,三高中,颗粒物(PM10),58,60,49,16,17,158,NA,145,145,15,33,12,15,0.5,0.7
2026-09-22T1800,3867A,102.074,36.5056,海东市,平安区公安局北苑,,36,21,25,17,18,114,NA,116,116,13,9,10,9,0.7,0.8
2026-09-22T1800,3981A,113.2456,35.18,焦作市,原李万街道办,颗粒物(PM10),55,57,79,34,45,149,NA,137,137,6,22,9,9,0.4,0.5
2026-09-22T1800,3994A,102.2174,31.9016,阿坝藏族羌族自治州,马尔康中学西区,,13,13,11,6,5,38,NA,42,42,6,3,4,4,0.5,0.5
2026-09-22T1800,4002A,109.2312,23.7428,来宾市,中南小学,,45,36,51,31,37,75,NA,102,102,13,18,8,8,0.7,0.7
2026-09-22T1800,4004A,115.4199,38.8665,保定市,双鹰农机,,48,48,65,20,62,143,NA,146,146,8,11,3,3,0.4,0.5
2026-09-22T1800,4006A,122.3622,40.6762,营口市,老边实验小学,臭氧1小时(O3_1h),59,58,79,30,32,167,NA,147,147,24,44,9,24,0.8,1.3
2026-09-22T1800,4008A,112.5233,32.9921,南阳市,卧龙区政府,细颗粒物(PM2.5),110,114,62,70,41,99,NA,124,124,31,13,7,6,1.1,1
2026-09-22T1800,4010A,112.5608,37.8807,太原市,育英中学,颗粒物(PM10),60,64,77,0,65,156,NA,118,118,12,26,6,5,0.8,0.9
2026-09-22T1800,4011A,103.8505,30.6946,成都市,光华大道三段,,40,40,43,20,24,95,NA,77,77,12,20,4,4,0.7,0.8
2026-09-22T1800,4017A,116.7926,33.9534,淮北市,市博物馆,,49,37,69,6,44,155,NA,148,148,13,16,8,7,0.3,0.7
2026-09-22T1800,4018A,116.0564,36.4609,聊城市,星美广场,臭氧1小时(O3_1h),65,42,56,10,23,172,NA,173,173,10,27,8,8,0.2,0.3
2026-09-22T1800,4022A,102.1648,38.5369,金昌市,金川区人防中心,NA,NA,22,34,NA,13,131,NA,122,122,10,15,6,11,0.1,0.2
2026-09-22T1800,4024A,114.6491,37.9014,石家庄市,栾城区星河路,,49,44,56,32,41,156,NA,148,148,10,14,5,4,0.1,0.4
2026-09-22T1800,4027A,75.9485,39.4688,喀什地区,老干局,,38,36,36,0,12,120,NA,98,98,3,9,5,4,0.1,0.2
2026-09-22T1800,4028A,117.9955,37.3752,滨州市,滨州市西街道办事处,,42,29,29,3,14,134,NA,140,140,11,16,7,7,0.3,0.5
2026-09-22T1800,4033A,122.3124,29.9619,舟山市,普陀东港中学,,36,16,21,9,11,114,NA,121,121,5,4,7,8,0.5,0.5
2026-09-22T1800,4034A,115.515,38.8589,保定市,植保所站,,49,44,74,24,58,156,NA,152,152,7,15,3,2,0.5,0.7
2026-09-22T1800,4036A,116.646,23.676,潮州市,金山,,43,38,23,25,17,135,NA,117,117,7,4,5,4,0.6,0.6
2026-09-22T1800,4051A,86.0791,44.3018,石河子市,世纪广场,NA,NA,NA,80,29,24,114,NA,100,100,NA,8,3,4,0.2,0.6
2026-09-22T1800,4054A,109.0324,32.6913,安康市,市邮政管理局,,26,21,22,14,14,81,NA,97,97,13,19,2,3,1.1,1.2
2026-09-22T1800,4055A,108.8869,34.2662,西安市,行知小学,,43,40,48,24,32,135,NA,110,110,19,32,3,3,0.7,0.8
2026-09-22T1800,4056A,108.6601,34.3767,咸阳市,五陵塬路2号,,39,32,47,27,33,124,NA,103,103,15,24,5,5,0.6,0.6
2026-09-22T1800,4057A,115.9423,40.4431,北京市,延庆百泉,,46,38,39,18,21,145,NA,135,135,12,22,1,1,0.6,0.6
2026-09-22T1800,4058A,116.6598,39.9164,北京市,通州新华,,41,26,56,10,29,129,NA,123,123,15,33,2,2,0.6,0.7
2026-09-22T1800,4059A,114.4563,38.0365,石家庄市,裕华西路63号,,46,46,55,26,38,144,NA,149,149,13,13,4,4,0.4,0.5
2026-09-22T1800,4060A,114.5586,38.0581,石家庄市,和平路363号,,46,40,51,22,40,147,NA,146,146,14,14,3,2,0.8,0.8
2026-09-22T1800,4061A,114.8347,38.0213,石家庄市,廉州西路160号,NA,NA,50,61,26,47,144,NA,142,142,NA,19,2,2,0.5,0.7
2026-09-22T1800,4062A,114.4498,38.0729,石家庄市,北城路41号,,47,41,53,28,35,150,NA,150,150,14,17,6,6,0.2,0.4
2026-09-22T1800,4063A,115.2124,37.9433,辛集市,市政府,臭氧1小时(O3_1h),70,49,70,18,46,176,NA,171,171,24,21,3,4,0.4,0.6
2026-09-22T1800,4064A,115.2008,37.9338,辛集市,城管大队,,50,48,57,27,58,160,NA,162,162,12,12,3,3,0.4,0.7
2026-09-22T1800,4065A,118.1267,39.6579,唐山市,光明北路515号,,45,44,46,30,29,142,NA,137,137,17,22,4,5,0.3,0.5
2026-09-22T1800,4066A,119.7458,39.9952,秦皇岛市,南园路157号,臭氧1小时(O3_1h),101,76,69,26,37,201,NA,203,203,7,38,7,10,0.5,0.9
2026-09-22T1800,4067A,119.5131,39.8858,秦皇岛市,翠岛大街1号,臭氧1小时(O3_1h),104,60,63,40,33,207,NA,188,188,8,19,10,12,0.7,0.9
2026-09-22T1800,4068A,114.5209,36.7697,邯郸市,建安街268号,臭氧1小时(O3_1h),63,54,55,37,35,170,NA,166,166,12,21,2,5,0.5,0.7
2026-09-22T1800,4069A,114.5488,36.6177,邯郸市,丛台东路558号,臭氧1小时(O3_1h),58,48,60,34,54,166,NA,166,166,8,35,3,7,0.5,0.7
2026-09-22T1800,4070A,114.5558,37.0578,邢台市,襄都区政府南院,NA,NA,74,54,38,42,157,NA,153,153,NA,18,2,3,NA,0.6
2026-09-22T1800,4071A,114.9883,38.5232,定州市,交通局,NA,NA,62,90,26,56,146,NA,149,149,16,18,NA,6,0.5,0.7
2026-09-22T1800,4072A,115.0045,38.5136,定州市,第五中学,颗粒物(PM10),58,60,89,22,60,131,NA,139,139,16,19,2,3,0.4,0.6
2026-09-22T1800,4073A,117.9462,40.95,承德市,杏林街1号,,40,32,25,21,16,128,NA,126,126,4,14,6,6,0.4,0.4
2026-09-22T1800,4074A,112.449,37.8509,太原市,西矿街336号,细颗粒物(PM2.5),80,81,69,50,50,152,NA,114,114,18,17,10,9,1.1,1.1
2026-09-22T1800,4075A,112.4792,37.9393,太原市,迎宾北路9号,细颗粒物(PM2.5),116,124,79,77,52,133,NA,115,115,23,22,10,9,0.8,0.7
2026-09-22T1800,4076A,112.551,37.8575,太原市,迎泽大街248号,细颗粒物(PM2.5),80,87,108,50,57,154,NA,115,115,17,24,8,8,0.8,1
2026-09-22T1800,4077A,113.588,37.8712,阳泉市,宁波路,细颗粒物(PM2.5),115,NA,54,76,37,124,NA,108,108,18,32,16,9,1.0,0.9
2026-09-22T1800,4078A,112.8246,35.5152,晋城市,前书院路,细颗粒物(PM2.5),62,57,65,41,32,156,NA,141,141,8,16,9,7,0.7,0.7
2026-09-22T1800,4079A,112.8864,35.4773,晋城市,祥云街666号,细颗粒物(PM2.5),113,NA,55,74,51,158,NA,142,142,9,15,8,7,0.6,0.6
2026-09-22T1800,4080A,112.7375,37.7215,晋中市,广安街188号,细颗粒物(PM2.5),78,53,71,49,55,154,NA,130,130,8,22,11,11,0.5,0.5
2026-09-22T1800,4081A,111.0081,35.0748,运城市,学苑北路2555号,,38,38,53,24,34,120,NA,118,118,6,18,4,6,0.7,1
2026-09-22T1800,4082A,121.2548,38.8188,大连市,旅顺,,48,22,27,9,10,152,NA,126,126,14,15,8,8,0.6,0.5
2026-09-22T1800,4083A,123.153,41.2874,辽阳市,铁西路150号,,45,45,58,12,20,98,NA,118,118,20,28,10,13,1.1,1.2
2026-09-22T1800,4084A,123.835,42.2853,铁岭市,新华街20号,,48,48,32,8,7,111,NA,131,131,32,25,14,12,0.7,0.6
2026-09-22T1800,4085A,125.0998,42.9134,辽源市,安宁大街333号,颗粒物(PM10),52,52,30,7,9,99,NA,102,102,30,16,6,5,0.5,0.5
2026-09-22T1800,4086A,118.7641,32.0841,南京市,新模范马路66号,颗粒物(PM10),55,56,57,20,34,140,NA,130,130,19,20,4,4,0.4,0.5
2026-09-22T1800,4087A,120.3138,31.4927,无锡市,清舒道1号,细颗粒物(PM2.5),74,69,45,47,27,150,NA,138,138,26,18,5,5,1.0,0.8
2026-09-22T1800,4088A,117.1553,34.2567,徐州市,纺织东路16号,臭氧1小时(O3_1h),57,47,63,7,49,165,NA,147,147,14,20,8,10,0.6,0.8
2026-09-22T1800,4089A,119.9551,31.863,常州市,崇义南街5-H号,颗粒物(PM10),53,54,51,23,28,122,NA,132,132,18,16,9,9,0.6,0.5
2026-09-22T1800,4090A,120.4282,31.3228,苏州市,学森路9号,,48,48,44,24,23,128,NA,128,128,21,24,9,9,0.7,0.7
2026-09-22T1800,4091A,120.8692,31.9885,南通市,洪江路,,32,26,31,11,23,102,NA,120,120,6,11,4,5,0.8,0.8
2026-09-22T1800,4092A,119.119691,33.550006,淮安市,枚皋中路89号,,30,27,43,5,28,94,NA,116,116,9,17,7,6,0.7,0.8
2026-09-22T1800,4093A,119.5202,32.3705,扬州市,廖家沟步道,,39,32,38,8,25,122,NA,125,125,13,14,8,9,0.6,0.6
2026-09-22T1800,4094A,118.352,33.7886,宿迁市,春华路,,46,22,56,8,33,147,NA,140,140,13,18,6,6,0.4,0.6
2026-09-22T1800,4095A,121.8962,29.7529,宁波市,中科路88号,,39,30,27,13,14,123,NA,139,139,8,12,9,9,0.6,0.7
2026-09-22T1800,4096A,120.6935,28.0114,温州市,鹿城惠民路,,38,28,50,11,26,119,NA,151,150,7,13,/,/,0.4,0.5
2026-09-22T1800,4097A,118.9646,28.9832,衢州市,衢州三中,臭氧1小时(O3_1h),75,58,59,38,42,180,NA,216,216,21,20,4,5,0.6,0.6
2026-09-22T1800,4098A,117.2518,31.8404,合肥市,中国科学技术大学,颗粒物(PM10),60,63,45,33,32,70,NA,105,72,23,13,8,7,0.6,0.5
2026-09-22T1800,4099A,118.5726,31.1371,芜湖市,湾沚区人民法院,,35,35,43,17,37,94,NA,101,100,18,12,7,6,0.6,0.8
2026-09-22T1800,4100A,116.8322,33.9884,淮北市,杜集区第一实验学校,臭氧1小时(O3_1h),73,30,92,3,74,178,NA,154,154,12,23,9,9,0.4,0.9
2026-09-22T1800,4101A,118.3196,32.3335,滁州市,银山路666号,,44,44,62,24,44,119,NA,111,111,11,14,4,5,0.5,0.6
2026-09-22T1800,4102A,118.3426,32.2979,滁州市,黄山路555号,颗粒物(PM10),51,51,72,20,47,118,NA,116,116,15,16,8,9,0.5,0.6
2026-09-22T1800,4103A,116.9929,33.6412,宿州市,中兴路,,47,16,64,5,42,148,NA,132,132,15,21,13,13,0.7,0.9
2026-09-22T1800,4104A,119.3106,26.0648,福州市,路通桥巷6号,,45,45,36,28,24,122,NA,135,135,8,6,/,/,/,/
2026-09-22T1800,4105A,118.6355,24.9148,泉州市,霞新路6号,,40,40,34,23,21,122,NA,152,149,7,9,/,/,0.5,0.5
2026-09-22T1800,4106A,115.7923,28.6873,南昌市,工业二路,NA,NA,NA,50,33,34,99,NA,86,86,12,12,6,6,0.8,0.9
2026-09-22T1800,4107A,113.8686,27.6668,萍乡市,联洪村委会,细颗粒物(PM2.5),86,88,83,53,57,58,NA,77,77,10,18,9,15,0.5,0.7
2026-09-22T1800,4108A,117.7107,36.2385,济南市,山财大街5号,,40,24,16,1,4,125,NA,108,108,13,22,12,4,0.8,0.4
2026-09-22T1800,4109A,116.9744,36.6889,济南市,无影山路12号,臭氧1小时(O3_1h),59,36,56,4,20,167,NA,147,147,19,45,8,8,0.4,0.6
2026-09-22T1800,4110A,120.5222,36.4089,青岛市,盟旺路653号,,36,20,32,2,8,114,NA,126,126,12,21,6,7,0.6,0.7
2026-09-22T1800,4111A,116.6075,35.4566,济宁市,任和路,臭氧1小时(O3_1h),64,26,73,3,35,171,NA,145,145,15,31,3,3,0.2,0.5
2026-09-22T1800,4112A,116.5648,35.3921,济宁市,文体南路1号,臭氧1小时(O3_1h),59,19,54,3,36,167,NA,156,156,11,20,3,3,0.3,0.6
2026-09-22T1800,4113A,116.0091,36.4495,聊城市,利民路,臭氧1小时(O3_1h),60,26,52,7,21,168,NA,173,173,8,27,9,11,0.5,0.6
2026-09-22T1800,4114A,115.4239,35.2593,菏泽市,黄河路600号,臭氧1小时(O3_1h),84,88,104,37,89,187,NA,165,165,14,21,4,6,0.5,0.6
2026-09-22T1800,4115A,115.5025,35.2727,菏泽市,菏泽市人社局,臭氧1小时(O3_1h),78,79,99,42,71,182,NA,177,177,7,14,4,6,0.3,0.4
2026-09-22T1800,4116A,113.284,33.7139,平顶山市,姚电大道23号,细颗粒物(PM2.5),113,100,68,74,53,133,NA,132,132,20,15,10,11,0.9,0.7
2026-09-22T1800,4117A,114.2918,36.0769,安阳市,钢三路198号,细颗粒物(PM2.5),109,NA,81,69,72,142,NA,142,142,7,12,5,7,1.0,1.3
2026-09-22T1800,4118A,115.0552,35.7816,濮阳市,中原东路68号,臭氧1小时(O3_1h),90,76,103,35,47,192,NA,167,167,13,14,12,6,0.7,0.8
2026-09-22T1800,4119A,115.6701,34.3767,商丘市,北海东路185号,臭氧1小时(O3_1h),53,NA,93,32,59,162,NA,164,164,11,14,6,7,0.4,0.7
2026-09-22T1800,4120A,115.6172,34.3704,商丘市,中山大街3号,臭氧1小时(O3_1h),64,33,108,25,60,171,NA,173,173,7,19,6,7,0.5,0.9
2026-09-22T1800,4121A,114.8466,33.7333,周口市,羲皇大道,细颗粒物(PM2.5),70,67,109,45,62,145,NA,145,145,15,16,6,5,0.7,0.9
2026-09-22T1800,4122A,112.6071,35.1015,济源市,市委党校,细颗粒物(PM2.5),98,77,69,59,43,168,NA,145,145,11,17,4,6,0.7,0.9
2026-09-22T1800,4123A,112.596,35.0702,济源市,沁园中路1号,细颗粒物(PM2.5),98,84,68,59,44,171,NA,148,148,13,26,2,4,0.9,1.2
2026-09-22T1800,4124A,112.2213,31.0654,荆门市,新台西路6号,细颗粒物(PM2.5),74,57,50,47,42,90,NA,101,101,9,6,9,9,0.7,0.7
2026-09-22T1800,4125A,113.946,30.8999,孝感市,天仙南路1号,,46,46,34,28,20,85,NA,92,92,7,6,5,5,0.6,0.6
2026-09-22T1800,4127A,111.9812,27.7591,娄底市,涟钢职大,NA,NA,13,20,8,15,57,NA,53,53,8,6,3,3,NA,1.1
2026-09-22T1800,4128A,112.0303,27.7457,娄底市,娄底体校,,20,12,32,3,21,61,NA,52,52,6,7,2,2,0.5,0.6
2026-09-22T1800,4129A,113.8666,23.1062,东莞市,裕兴路,臭氧1小时(O3_1h),78,53,51,32,34,182,NA,197,197,28,26,5,6,0.9,0.9
2026-09-22T1800,4130A,114.0076,22.9739,东莞市,教育路1号,,47,47,50,21,29,150,NA,170,170,20,25,10,11,0.8,0.8
2026-09-22T1800,4131A,113.7981,22.8124,东莞市,长怡路1号,,39,38,47,19,27,123,NA,157,157,37,28,7,6,0.6,0.6
2026-09-22T1800,4132A,108.2927,23.1477,南宁市,起凤路9号,细颗粒物(PM2.5),56,56,59,38,43,110,NA,145,140,10,23,4,5,0.7,0.7
2026-09-22T1800,4133A,106.6273,23.8798,百色市,龙景西路,颗粒物(PM10),53,54,53,24,32,123,NA,120,120,6,16,13,11,0.5,0.5
2026-09-22T1800,4134A,110.1952,20.0451,海口市,长滨二路9号,,33,20,25,15,19,104,NA,109,109,4,6,/,/,/,/
2026-09-22T1800,4135A,109.1714,18.3739,三亚市,城东小学站,,33,33,28,11,16,69,NA,88,88,8,6,/,/,/,/
2026-09-22T1800,4136A,108.6971,30.9377,重庆市,云师幼儿园,,22,22,11,2,3,54,NA,50,50,11,11,5,5,0.7,0.7
2026-09-22T1800,4137A,107.3276,30.3284,重庆市,公安局,,21,21,18,6,9,52,NA,49,49,11,10,9,11,0.5,0.5
2026-09-22T1800,4138A,108.0575,30.3254,重庆市,忠县中学,,19,19,16,13,8,47,NA,40,40,17,14,6,6,0.7,0.6
2026-09-22T1800,4139A,109.4542,31.0182,重庆市,竹枝路2号,,15,7,8,2,3,46,NA,40,40,18,13,5,5,0.7,0.6
2026-09-22T1800,4140A,107.7422,29.871,重庆市,龙河路,,28,28,20,14,6,35,NA,29,29,25,13,8,8,0.9,0.8
2026-09-22T1800,4141A,108.7636,28.84,重庆市,桃花源中路,,21,21,26,2,8,40,NA,43,43,6,7,6,6,0.7,0.6
2026-09-22T1800,4142A,108.9758,28.4416,重庆市,秀山县高级中学,,16,2,7,2,6,49,NA,47,47,5,5,8,8,0.6,0.6
2026-09-22T1800,4143A,108.1558,29.2859,重庆市,河堡街,,18,18,18,10,8,32,NA,38,38,16,12,7,7,1.1,0.9
2026-09-22T1800,4144A,104.3257,30.6406,成都市,八角井街185号,,34,24,34,13,17,108,NA,87,87,7,13,7,8,0.7,0.7
2026-09-22T1800,4145A,104.4144,31.1495,德阳市,市林业局,颗粒物(PM10),54,55,48,36,33,86,NA,68,68,11,28,13,14,1.0,1
2026-09-22T1800,4146A,104.7092,31.4972,绵阳市,科技城新区公安局,颗粒物(PM10),55,56,36,20,22,79,NA,69,69,17,20,10,10,0.7,0.6
2026-09-22T1800,4147A,105.0433,29.6105,内江市,玉峰路西段888号,,20,NA,25,12,24,64,NA,57,57,9,16,5,5,0.4,0.5
2026-09-22T1800,4148A,103.8836,30.0695,眉山市,眉职院,,20,18,34,7,16,61,NA,69,69,8,13,7,8,0.9,0.9
2026-09-22T1800,4149A,104.6146,28.7422,宜宾市,宜宾市职业技术学校,,22,21,22,15,15,66,NA,62,62,14,15,8,6,0.8,0.7
2026-09-22T1800,4150A,104.6646,30.1116,资阳市,正兴街66号,NA,NA,NA,33,NA,26,79,NA,61,61,NA,11,2,2,0.1,0.2
2026-09-22T1800,4151A,104.8899,26.5685,六盘水市,钟山大道中段564号,,32,32,32,21,19,72,NA,71,71,12,9,4,4,0.5,0.5
2026-09-22T1800,4152A,107.0425,27.7087,遵义市,乌江大道东段1号,,32,NA,17,22,14,74,NA,71,71,8,7,7,7,0.7,0.7
2026-09-22T1800,4153A,101.5536,25.0343,楚雄彝族自治州,团结路562号,,16,10,15,2,7,51,NA,49,49,3,7,3,4,0.2,0.3
2026-09-22T1800,4154A,103.401,23.3561,红河哈尼族彝族自治州,蒙自市朝阳路,,25,NA,15,17,16,73,NA,74,74,2,4,4,4,0.2,0.2
2026-09-22T1800,4155A,107.1721,34.3558,宝鸡市,滨河北路,,34,27,40,19,27,107,NA,93,93,11,15,3,4,0.7,0.8
2026-09-22T1800,4156A,108.6372,34.3031,咸阳市,胭脂路9号,,43,41,46,27,35,137,NA,109,109,13,22,3,3,0.8,0.8
2026-09-22T1800,4157A,108.0371,34.3035,咸阳市,杨扶路,,36,29,36,24,37,114,NA,108,108,9,13,3,3,0.7,0.7
2026-09-22T1800,4158A,108.0895,34.2623,咸阳市,新桥路,,37,37,45,25,41,118,NA,103,103,3,15,5,5,0.4,0.4
2026-09-22T1800,4159A,110.4531,35.4578,渭南市,桢州大街,,41,34,35,19,34,129,NA,132,132,3,8,8,10,0.7,0.8
2026-09-22T1800,4160A,110.4368,35.4773,渭南市,太史大街,,33,20,33,15,24,104,NA,110,110,8,11,7,8,0.7,0.8
2026-09-22T1800,4161A,109.485,36.6347,延安市,志丹路,,34,13,31,10,21,106,NA,109,109,6,16,4,4,0.6,0.8
2026-09-22T1800,4162A,101.6769,36.6535,西宁市,海晏路105号,,27,22,16,10,14,86,NA,101,101,14,18,5,3,0.4,0.5
2026-09-22T1800,4163A,102.0984,36.5119,海东市,滨河路,,39,32,20,27,19,95,NA,109,109,32,28,13,10,0.6,0.7
2026-09-22T1800,4164A,87.2057,43.9289,昌吉回族自治州,财政所,,29,29,83,12,18,70,NA,83,83,7,9,7,8,0.2,0.1
2026-09-22T1800,4165A,82.9716,46.7464,塔城地区,文化广场,,27,23,22,4,10,86,NA,74,74,3,5,2,2,0.3,0.4
2026-09-22T1800,4166A,88.1198,47.7931,阿勒泰地区,阿勒泰路33号,,39,39,43,1,4,82,NA,68,68,5,9,3,3,0.4,0.4
2026-09-22T1800,4167A,86.0126,44.2349,石河子市,城南景苑小区,,35,9,74,4,16,110,NA,93,93,5,11,6,6,0.2,0.3
2026-09-22T1800,4168A,87.055284,43.999117,五家渠市,建设西街760号,,29,23,79,7,20,92,NA,90,90,6,9,4,4,0.2,0.3
2026-09-22T1800,4180A,113.8157285,34.126705,许昌市,新元大道996号,NA,NA,62,67,44,58,145,NA,150,150,14,16,NA,5,0.5,0.6
2026-09-22T1800,4181A,112.3571,28.5588,益阳市,龙洲站,,32,32,38,17,19,63,NA,66,65,15,10,8,8,1.0,0.9
2026-09-22T1800,4182A,116.1942,39.9158,北京市,石景山八角,颗粒物(PM10),52,52,67,20,25,141,NA,142,142,19,37,2,2,0.6,0.6
2026-09-22T1800,4183A,121.417401,31.16637,上海市,冠生园路458号,,37,33,35,22,24,116,NA,130,130,11,15,8,8,0.5,0.5
2026-09-22T1800,4184A,115.479691,35.244011,菏泽市,永昌路1号,臭氧1小时(O3_1h),103,94,99,42,67,205,NA,182,182,14,16,4,6,0.7,0.7
2026-09-22T1800,4185A,115.078022,30.21118,黄石市,磁湖东路29号,,41,41,32,13,13,56,NA,52,52,11,8,3,5,1.0,0.8
2026-09-22T1800,4186A,117.194237,34.229354,徐州市,解放南路202号,,49,37,76,6,42,156,NA,141,141,15,22,10,10,0.7,0.9
2026-09-22T1800,4187A,112.3425,28.611,益阳市,幸福渠东路223号,,31,31,30,20,22,54,NA,60,58,18,13,7,8,0.7,0.6
2026-09-22T1800,4188A,112.3712,28.5764,益阳市,益鑫泰路85号,,33,33,37,22,23,57,NA,60,59,14,10,10,10,1.0,0.9
2026-09-22T1800,4189A,113.113092,36.199482,长治市,英华南巷50号,,45,44,56,31,48,134,NA,132,132,10,14,10,11,1.0,1.2
2026-09-22T1800,4190A,113.23666,36.33435,长治市,学府街1号,颗粒物(PM10),51,51,61,34,48,133,NA,133,133,4,8,9,9,1.2,1.3
2026-09-22T1800,4191A,118.527362,31.722269,马鞍山市,慈湖高新区,,33,26,46,13,31,103,NA,104,104,19,13,6,6,0.7,0.7
2026-09-22T1800,4192A,115.931587,28.686774,南昌市,南京东路235号,NA,NA,57,39,33,43,105,NA,94,94,9,11,4,4,NA,0.6
2026-09-22T1800,4193A,115.471542,35.280012,菏泽市,长城路999号,NA,NA,NA,89,35,73,200,NA,179,179,22,20,7,9,0.8,0.9
2026-09-22T1800,4194A,117.078628,40.151726,北京市,平谷新城,,46,31,30,18,22,147,NA,148,148,14,12,4,2,0.5,0.5
2026-09-22T1800,4196A,117.24369,39.102911,天津市,光华路,臭氧1小时(O3_1h),54,23,51,8,27,163,NA,151,151,7,12,9,10,0.4,0.5
2026-09-22T1800,4197A,118.130859,39.636026,唐山市,友谊北路34号,颗粒物(PM10),55,56,67,29,36,153,NA,129,129,19,23,6,6,0.5,0.6
2026-09-22T1800,4198A,119.509013,39.825305,秦皇岛市,北戴河轮滑馆,臭氧1小时(O3_1h),105,69,76,38,32,209,NA,203,203,11,14,8,13,0.8,1.1
2026-09-22T1800,4199A,113.2798248,40.09972476,大同市,魏都大道141号,颗粒物(PM10),52,52,75,26,20,114,NA,116,116,20,44,10,11,0.5,0.6
2026-09-22T1800,4200A,112.7478,37.6954,晋中市,迎宾街26号,细颗粒物(PM2.5),84,58,70,52,54,154,NA,128,128,7,18,13,13,0.6,0.6
2026-09-22T1800,4201A,122.944647,41.082639,鞍山市,兴盛南路290号,,50,50,70,16,22,101,NA,127,127,30,44,10,12,0.7,1
2026-09-22T1800,4202A,113.9856,32.9802,驻马店市,交通路1233号,细颗粒物(PM2.5),105,119,85,65,55,101,NA,100,100,14,16,4,4,0.7,0.6
2026-09-22T1800,4203A,111.3168,30.7203,宜昌市,西陵二路116号,,26,24,13,18,5,65,NA,53,53,15,19,7,7,0.7,0.7
2026-09-22T1800,4204A,111.3526,30.6374,宜昌市,沈家店路6号,,30,NA,15,21,8,45,NA,47,47,21,14,7,7,0.6,0.5
2026-09-22T1800,4205A,121.541914,31.268301,上海市,宁武路151号,,47,47,42,27,25,86,NA,117,114,34,23,9,9,0.4,0.4
2026-09-22T1800,4206A,119.028838,33.631911,淮安市,承德北路606号,,38,36,57,5,29,121,NA,128,128,12,20,8,9,0.7,0.8
2026-09-22T1800,4207A,120.12211,33.393982,盐城市,黄海中路88号,,35,19,37,5,19,111,NA,120,120,4,5,10,10,0.6,0.7
2026-09-22T1800,4209A,117.003137,32.644456,淮南市,国庆中路369号,颗粒物(PM10),55,57,54,20,34,102,NA,93,93,13,12,11,11,0.2,0.3
2026-09-22T1800,4210A,118.335445,29.720283,黄山市,滨江东路7-2号,细颗粒物(PM2.5),72,70,47,46,30,115,NA,129,129,11,9,/,/,/,/
2026-09-22T1800,4211A,118.190438,28.444845,上饶市,裕丰大道,颗粒物(PM10),53,54,59,28,36,124,NA,160,160,8,12,16,14,0.8,0.8
2026-09-22T1800,4212A,118.3039243,36.82708161,淄博市,广场路1号,,49,31,25,12,15,155,NA,141,141,14,23,8,6,0.4,1
2026-09-22T1800,4213A,121.364239,37.529648,烟台市,青年南路118号,,45,17,17,11,6,143,NA,135,135,19,20,9,9,0.7,0.6
2026-09-22T1800,4214A,112.460027,34.694929,洛阳市,春都路1号院,NA,NA,62,55,54,43,147,NA,127,127,11,22,NA,9,0.5,0.7
2026-09-22T1800,4215A,113.916569,35.331547,新乡市,建设东路46号,细颗粒物(PM2.5),112,112,133,73,77,172,NA,161,161,11,26,8,11,0.6,0.9
2026-09-22T1800,4216A,115.0923632,35.76857718,濮阳市,任丘路479号,臭氧1小时(O3_1h),98,77,106,52,62,198,NA,183,183,14,19,7,5,0.6,0.8
2026-09-22T1800,4217A,114.3182,29.8447,咸宁市,双鹤路18号,,21,18,30,10,20,65,NA,60,60,20,13,4,4,0.6,0.8
2026-09-22T1800,4218A,111.446,27.2472,邵阳市,北塔二期4-26地块,细颗粒物(PM2.5),52,38,45,36,40,52,NA,57,57,11,9,5,6,0.9,0.9
2026-09-22T1800,4219A,111.4739,27.2282,邵阳市,邵水西路287号,细颗粒物(PM2.5),52,47,53,36,46,56,NA,65,65,7,6,8,9,0.7,0.7
2026-09-22T1800,4220A,114.214113,22.713717,深圳市,黄阁路,,33,29,23,15,14,104,NA,105,105,13,15,5,6,0.9,0.9
2026-09-22T1800,4221A,108.2177,22.7774,南宁市,乐贤路16号,,45,45,51,30,32,76,NA,121,120,34,30,6,10,0.7,0.7
2026-09-22T1800,4222A,110.1835,25.2444,桂林市,环湖路276号,,32,24,36,22,33,92,NA,105,105,12,12,3,9,0.7,0.7
2026-09-22T1800,4223A,106.4686218,29.48920871,重庆市,双山路147号,,30,25,30,21,17,36,NA,36,36,25,35,7,7,0.8,0.8
2026-09-22T1800,4224A,104.2433276,30.53529463,成都市,鲸龙路1057号,NA,NA,21,27,12,16,107,NA,94,94,NA,17,8,9,0.7,0.7
2026-09-22T1800,4225A,104.714266,29.338571,自贡市,贡兴路74号,,23,9,25,2,16,71,NA,70,70,4,5,7,7,0.5,0.5
2026-09-22T1800,4226A,104.765114,31.453094,绵阳市,绵阳市气象局,,41,41,35,20,21,83,NA,65,65,12,13,7,7,0.7,0.7
2026-09-22T1800,4227A,106.108336,30.788436,南充市,梨树横街98号,,18,8,19,3,10,55,NA,49,49,8,11,8,9,0.4,0.5
2026-09-22T1800,4229A,102.2342,27.8859,凉山彝族自治州,凯乐南路30号,NA,NA,NA,15,NA,8,34,NA,48,38,NA,14,4,5,NA,0.7
2026-09-22T1800,4230A,106.688212,26.56952,贵阳市,花果园大街66号,,34,20,39,15,26,107,NA,114,114,10,12,3,5,/,/
2026-09-22T1800,4231A,106.687268,26.516892,贵阳市,漓江路57号,,38,34,38,26,28,86,NA,102,102,14,11,5,7,0.6,0.7
2026-09-22T1800,4233A,108.596239,34.118792,西安市,西苑北路977号,颗粒物(PM10),52,52,51,26,31,114,NA,108,108,9,18,4,5,0.8,0.8
2026-09-22T1800,4234A,108.949652,34.870529,铜川市,大唐三路,,40,40,41,24,32,120,NA,112,112,12,13,5,5,0.8,0.9
2026-09-22T1800,4235A,109.5051,34.4921,渭南市,渭花路4号,细颗粒物(PM2.5),52,48,40,36,32,114,NA,100,100,17,17,5,6,0.5,0.5
2026-09-22T1800,4236A,103.629272,36.093822,兰州市,庄浪东路808号,,48,48,49,25,28,125,NA,135,135,19,34,14,16,0.6,0.7
2026-09-22T1800,4237A,103.7251,36.104344,兰州市,安宁西路88号,,46,41,55,22,25,147,NA,138,138,9,28,13,14,0.4,0.5
2026-09-22T1800,4238A,103.846982,36.067567,兰州市,北滨河东路1号,细颗粒物(PM2.5),106,NA,51,66,29,127,NA,112,112,12,48,6,8,0.4,0.9
2026-09-22T1800,4239A,102.193042,38.531887,金昌市,长春路96号,,46,25,45,6,13,147,NA,135,135,3,17,6,14,0.2,0.3
2026-09-22T1800,4240A,98.495752,39.733935,酒泉市,玉门东路5号,,40,34,34,17,14,126,NA,117,117,5,11,10,9,0.3,0.3
2026-09-22T1800,4241A,98.5099,39.7506,酒泉市,北大街108号,,41,34,37,22,14,130,NA,121,121,3,12,9,9,0.3,0.3
2026-09-22T1800,4242A,106.226373,38.491976,银川市,广场西路,,42,26,48,12,31,132,NA,120,120,11,36,5,8,0.2,0.6
2026-09-22T1800,4243A,92.0515,31.4787,那曲市,那曲市委宣传部,,32,NA,13,5,12,102,NA,106,106,5,12,3,3,0.3,0.4
2026-09-22T1800,4244A,111.4879,36.053,临汾市,启星学校,细颗粒物(PM2.5),74,54,63,47,49,149,NA,136,136,12,20,7,9,0.8,1
2026-09-22T1800,4245A,106.8609,27.5969,遵义市,遵南大道1161号,,41,41,24,26,17,79,NA,78,78,7,6,4,3,0.7,0.7
2026-09-22T1800,4246A,105.833962,30.18863087,重庆市,桃园路24号,,19,18,25,7,20,58,NA,50,50,7,9,2,2,0.6,0.6
2026-09-22T1800,4247A,107.091033,29.153966,重庆市,钟楼街32号,,28,24,21,19,11,43,NA,55,55,20,11,6,6,0.7,0.7
2026-09-22T1800,4248A,107.8042979,30.67350233,重庆市,人民南路309号,,22,22,22,2,2,41,NA,42,42,5,7,7,7,0.7,0.3
2026-09-22T1800,4249A,118.8707617,31.34017673,南京市,汶溪路181号,,31,31,35,9,26,88,NA,99,97,26,12,2,2,0.5,0.9
2026-09-22T1800,4250A,114.089259,33.588274,漯河市,韶山路11号,细颗粒物(PM2.5),108,112,101,68,66,123,NA,133,133,19,22,8,9,0.6,0.5
2026-09-22T1800,4251A,112.1433,32.0581,襄阳市,铁院东路4号,颗粒物(PM10),80,91,66,47,39,106,NA,96,96,15,14,8,8,0.8,0.8
2026-09-22T1800,4252A,113.0138,25.8011,郴州市,好美居路49号,细颗粒物(PM2.5),90,59,57,55,45,72,NA,70,70,11,18,8,8,/,/
2026-09-22T1800,4253A,116.010205,29.659402,九江市,莲花大道8号,,25,25,51,12,34,75,NA,85,84,15,11,8,7,0.7,0.8
2026-09-22T1800,4254A,120.2925,31.5685,无锡市,健康路105号,颗粒物(PM10),80,91,48,38,23,148,NA,142,142,35,20,6,6,1.0,0.7
2026-09-22T1800,4255A,110.16795,22.640993,玉林市,人民东路196号,,32,32,44,22,35,83,NA,125,124,11,11,3,10,0.7,0.7
2026-09-22T1800,4256A,107.375,22.3736,崇左市,石景林东路7号,颗粒物(PM10),53,53,35,25,24,117,NA,124,123,6,13,5,6,0.5,0.6
2026-09-22T1800,4257A,104.6092,35.5962,定西市,将台街,NA,NA,32,48,4,13,110,NA,109,109,9,20,NA,6,0.3,0.3
2026-09-22T1800,4258A,111.2416,23.4155,梧州市,政贤路18号,细颗粒物(PM2.5),62,52,47,41,26,121,NA,124,124,15,21,11,13,0.9,0.7
2026-09-22T1800,4259A,113.835877,34.0155267,许昌市,望田路111号,细颗粒物(PM2.5),78,65,82,49,55,159,NA,150,150,12,15,6,7,0.7,0.7
2026-09-22T1800,4260A,109.5933,23.095,贵港市,中山路155-3号,,42,42,62,11,40,74,NA,108,107,29,16,/,/,0.9,0.8
2026-09-22T1800,4261A,103.7247,27.3415,昭通市,环东路146号,,24,24,17,11,11,59,NA,65,65,11,11,10,11,0.6,0.6
2026-09-22T1800,4263A,105.3688,27.3598,毕节市,工业大道,,24,24,15,16,9,60,NA,71,70,7,5,10,10,/,/
2026-09-22T1800,4264A,113.234,35.219,焦作市,新安路1731号,细颗粒物(PM2.5),88,74,76,54,58,156,NA,148,148,8,21,11,6,0.1,0.3
2026-09-22T1800,4265A,113.108806,29.353066,岳阳市,求索西路365号,,15,10,24,8,15,47,NA,44,44,12,10,4,4,1.0,0.9
2026-09-22T1800,4266A,117.7325,34.5683,枣庄市,文化路178号,臭氧1小时(O3_1h),72,53,68,11,19,177,NA,165,165,12,29,11,12,0.4,0.4
2026-09-22T1800,4268A,112.1722,30.3366,荆州市,学苑路85号,细颗粒物(PM2.5),68,48,42,44,32,82,NA,90,90,7,8,6,6,0.7,0.7
2026-09-22T1800,4269A,114.6701,33.6167,周口市,七一路,NA,NA,55,94,NA,79,163,NA,151,151,11,14,10,9,0.6,0.8
2026-09-22T1800,4270A,102.6447,37.9293,武威市,钟楼街149号,,38,19,39,6,12,119,NA,112,112,3,18,10,10,0.2,0.3
2026-09-22T1800,4271A,103.2464,35.6123,临夏回族自治州,滨河东路1号,NA,NA,37,46,22,21,112,NA,105,105,7,13,9,9,NA,0.4
2026-09-22T1800,4273A,81.2737,43.9337,伊犁哈萨克自治州,安徽路800号,,35,29,57,7,12,109,NA,95,95,2,11,6,6,0.3,0.4
2026-09-22T1800,4274A,117.7994,40.9605,承德市,滨河大街98号,,45,NA,34,31,12,116,NA,122,122,4,14,9,9,0.4,0.4
2026-09-22T1800,4275A,111.591512,40.827312,呼和浩特市,成吉思汗西街8号,,40,29,26,10,7,127,NA,118,118,13,39,6,6,0.3,0.4
2026-09-22T1800,4276A,111.6597,40.8077,呼和浩特市,公园东路75号,,39,27,31,14,10,123,NA,110,110,8,27,9,8,0.4,0.6
2026-09-22T1800,4277A,111.5427,40.7846,呼和浩特市,金海路35号,,37,34,32,23,11,117,NA,112,112,13,35,7,6,0.2,0.3
2026-09-22T1800,4278A,106.8212,39.6741,乌海市,海拉北路,,36,26,49,7,22,115,NA,119,119,2,27,8,32,0.3,0.8
2026-09-22T1800,4279A,119.7569,49.2222,呼伦贝尔市,伊敏大街东7号,,18,18,24,11,12,52,NA,52,52,20,27,5,7,0.3,0.4
2026-09-22T1800,4280A,122.0921,46.065,兴安盟,洮儿河南路,,35,35,32,20,14,78,NA,80,80,13,14,6,7,0.2,0.2
2026-09-22T1800,4281A,125.334645,43.916281,长春市,北亚泰大街1068号,,34,31,23,16,15,106,NA,97,97,26,26,9,8,0.5,0.4
2026-09-22T1800,4282A,126.6769,45.7379,哈尔滨市,华山路1号,,27,27,42,5,12,66,NA,80,80,19,30,6,7,0.1,0.3
2026-09-22T1800,4283A,126.9717,45.5356,哈尔滨市,解放大街52号,,47,47,42,1,3,53,NA,82,81,34,23,6,6,0.6,0.5
2026-09-22T1800,4284A,128.8325,47.8447,伊春市,永安路4-1号,,15,NA,14,8,8,46,NA,56,56,6,4,1,1,0.2,0.2
2026-09-22T1800,4285A,130.363,46.806,佳木斯市,顺和街,,22,16,25,15,9,50,NA,64,64,17,20,1,2,0.3,0.3
2026-09-22T1800,4286A,130.3952,46.8268,佳木斯市,长安路196号,,19,19,23,11,6,45,NA,64,64,21,14,2,2,0.3,0.3
2026-09-22T1800,4287A,129.5992,44.5964,牡丹江市,东晓云街98号,,34,34,31,12,9,29,NA,65,64,32,9,7,7,0.5,0.4
2026-09-22T1800,4288A,117.2438,34.2844,徐州市,龙潭环路5号,,47,44,85,8,53,148,NA,139,139,11,23,11,12,0.9,1
2026-09-22T1800,4289A,117.154766,29.256967,景德镇市,青少年活动中心,,40,32,45,28,36,68,NA,65,65,7,14,6,9,/,/
2026-09-22T1800,4290A,120.196923,35.954556,青岛市,珠江路669号,,45,24,39,5,8,142,NA,131,131,15,42,5,8,0.6,0.5
2026-09-22T1800,4291A,120.0424,35.8656,青岛市,黄岛区人民政府广场,,45,22,28,4,6,142,NA,153,153,11,25,5,6,0.4,0.3
2026-09-22T1800,4292A,116.352738,37.420875,德州市,新河东路,,39,22,44,2,16,123,NA,145,145,14,37,7,10,0.4,0.4
2026-09-22T1800,4293A,113.605125,34.755221,郑州市,计划路2号,细颗粒物(PM2.5),88,84,77,54,57,174,NA,153,153,14,20,1,5,0.5,0.4
2026-09-22T1800,4294A,113.6525645,34.77362682,郑州市,同乐路9号,细颗粒物(PM2.5),98,72,69,59,59,172,NA,154,154,15,22,4,5,0.5,0.6
2026-09-22T1800,4295A,113.2722,35.2121,焦作市,人民路3066号,细颗粒物(PM2.5),72,57,73,46,54,148,NA,141,141,5,18,5,5,0.1,0.4
2026-09-22T1800,4296A,114.6421,33.6417,周口市,健康路46号,细颗粒物(PM2.5),74,NA,90,47,72,157,NA,145,145,14,21,3,2,0.5,0.7
2026-09-22T1800,4297A,114.649,33.596,周口市,太昊路,颗粒物(PM10),66,72,120,37,71,156,NA,153,153,18,21,5,5,0.9,1.1
2026-09-22T1800,4298A,114.284,29.8595,咸宁市,碧桂路,,21,20,36,14,20,67,NA,61,61,22,19,4,5,0.5,0.8
2026-09-22T1800,4299A,111.6195,26.2253,永州市,徐家井路86号,细颗粒物(PM2.5),60,48,65,40,52,91,NA,84,84,9,11,7,7,1.1,1
2026-09-22T1800,4300A,114.4089,23.1147,惠州市,文华一路1号,,46,41,34,24,22,147,NA,141,141,12,12,/,/,/,/
2026-09-22T1800,4301A,110.2803,25.2773,桂林市,信义路13号,,42,42,46,23,35,108,NA,113,113,9,10,5,5,0.8,0.9
2026-09-22T1800,4302A,108.0901,24.6945,河池市,上任中路54号,NA,NA,NA,51,NA,28,100,NA,96,96,NA,15,8,8,0.9,0.9
2026-09-22T1800,4303A,105.5911,30.5368,遂宁市,环岛商务中心9号楼,,24,24,27,8,12,62,NA,55,55,13,15,8,8,0.8,0.7
2026-09-22T1800,4304A,106.1172,30.843,南充市,清泉寺北路188号,,17,13,20,4,10,54,NA,47,47,8,9,9,10,0.5,0.5
2026-09-22T1800,4305A,106.067,30.7616,南充市,同庆路1号,,18,14,20,4,10,55,NA,54,54,13,16,7,8,0.5,0.5
2026-09-22T1800,4306A,103.0544,30.0133,雅安市,滨江西路,,25,22,19,11,9,80,NA,67,67,10,7,5,4,0.5,0.4
2026-09-22T1800,4307A,108.9817,34.2035,西安市,曲江池东路988号,,40,31,40,15,27,125,NA,106,106,12,25,3,3,0.5,0.6
2026-09-22T1800,4308A,107.3898,34.3601,宝鸡市,陈仓区北开路21号,,36,34,42,20,32,114,NA,106,106,9,12,5,5,0.5,0.5
2026-09-22T1800,4309A,104.6159,35.5701,定西市,正龙路62号,,34,31,41,8,14,108,NA,104,104,5,8,4,3,0.3,0.3
2026-09-22T1800,4310A,103.207136,35.599807,临夏回族自治州,新华街21号,,44,44,43,23,21,103,NA,104,104,11,13,9,9,0.3,0.3
2026-09-22T1800,4311A,122.0383,46.0691,兴安盟,科尔沁北路63号,,32,32,24,11,11,80,NA,82,82,14,14,3,6,0.7,0.4
2026-09-22T1800,4312A,119.019,31.6512,南京市,中山西路1号,,39,39,37,12,26,121,NA,118,118,7,9,4,4,0.9,0.8
2026-09-22T1800,4314A,114.0494,38.059,石家庄市,矿区区委大楼,,48,48,50,24,25,118,NA,103,103,11,15,7,9,0.5,0.5
2026-09-22T1800,4325A,105.3665,28.77434,泸州市,纳溪区委政协,,17,17,23,9,17,54,NA,52,52,10,18,4,4,0.6,0.7
2026-09-22T1800,4326A,113.0794,22.5999,江门市,五邑大学,,46,28,36,19,24,145,NA,159,159,10,12,9,11,0.5,0.5
