timepoint,stationcode,longitude,latitude,area,positionname,primarypollutant,aqi,pm10,pm10_24h,pm2_5,pm2_5_24h,o3,o3_24h,o3_8h,o3_8h_24h,no2,no2_24h,so2,so2_24h,co,co_24h
2026-07-23T1600,1001A,116.3611,39.8786,北京市,万寿西宫,,43,19,26,19,19,135,NA,98,98,9,12,3,3,0.6,0.5
2026-07-23T1600,1003A,116.4174,39.9289,北京市,东四,,45,23,27,16,19,141,NA,100,100,11,15,2,2,0.6,0.5
2026-07-23T1600,1004A,116.4073,39.8858,北京市,天坛,,39,37,32,12,16,124,NA,93,93,8,10,2,2,1.0,0.8
2026-07-23T1600,1005A,116.4622,39.9364,北京市,农展馆,,40,33,31,24,22,128,NA,88,88,10,18,1,1,0.7,0.6
2026-07-23T1600,1006A,116.3399,39.9293,北京市,官园,,43,25,30,14,17,137,NA,93,93,11,14,3,2,0.7,0.6
2026-07-23T1600,1007A,116.2879,39.9613,北京市,海淀万柳,,40,29,30,19,20,126,NA,86,86,13,15,3,2,0.7,0.5
2026-07-23T1600,1008A,116.6635,40.1349,北京市,顺义新城,,38,28,24,19,19,119,NA,94,94,2,4,3,3,0.7,0.5
2026-07-23T1600,1009A,116.6275,40.327,北京市,怀柔镇,,39,21,21,15,15,123,NA,108,108,5,6,3,3,0.6,0.5
2026-07-23T1600,1010A,116.2295,40.217,北京市,昌平镇,,37,19,23,13,16,117,NA,99,99,7,10,2,2,1.0,0.9
2026-07-23T1600,1011A,116.3968,39.982,北京市,奥体中心,,37,19,29,13,19,118,NA,81,81,12,18,3,3,0.7,0.6
2026-07-23T1600,1015A,117.1446,39.1659,天津市,勤俭道,,41,10,37,7,27,131,NA,58,58,9,24,3,3,0.8,1.1
2026-07-23T1600,1018A,117.2016,39.0928,天津市,前进道,,42,12,33,9,24,132,NA,68,68,4,17,5,5,0.5,0.7
2026-07-23T1600,1019A,117.1837,39.2134,天津市,淮河道,,42,12,45,8,28,133,NA,50,50,8,27,6,7,0.7,1
2026-07-23T1600,1021A,117.308261,39.088386,天津市,跃进路,NA,NA,14,34,10,24,110,NA,50,50,NA,26,15,5,1.0,1
2026-07-23T1600,1023A,117.707,39.0344,天津市,第四大街,,39,39,31,23,14,108,NA,84,84,16,39,4,4,0.9,0.6
2026-07-23T1600,1024A,117.4573,38.8395,天津市,永明路,,36,18,27,12,18,113,NA,69,69,12,20,2,2,0.9,0.5
2026-07-23T1600,1026A,117.7641,39.1588,天津市,汉北路,,42,42,32,28,17,93,NA,61,55,18,22,7,7,2.1,1.2
2026-07-23T1600,1030A,114.5919,38.0328,石家庄市,高新区,,50,NA,27,22,16,158,NA,146,146,4,5,2,2,0.4,0.5
2026-07-23T1600,1032A,114.4556,38.0136,石家庄市,西南高教,臭氧1小时(O3_1h),65,37,20,29,15,172,NA,146,146,7,9,1,2,0.3,0.4
2026-07-23T1600,1033A,114.533,38.0177,石家庄市,世纪公园,,45,28,32,18,14,141,NA,126,126,7,8,3,3,0.4,0.4
2026-07-23T1600,1034A,114.5105,38.0489,石家庄市,人民会堂,臭氧1小时(O3_1h),55,27,25,16,14,164,NA,142,142,1,3,2,2,0.2,0.3
2026-07-23T1600,1040A,118.1707,39.6505,唐山市,十二中,颗粒物(PM10),69,76,56,34,32,72,NA,66,66,20,24,7,13,1.6,1.5
2026-07-23T1600,1041A,118.1868,39.6219,唐山市,小山,细颗粒物(PM2.5),60,44,31,40,31,82,NA,69,69,13,18,6,8,1.6,1.4
2026-07-23T1600,1046A,119.5247,39.9346,秦皇岛市,建设大厦,,34,34,33,9,11,106,NA,92,92,5,25,5,6,0.4,0.4
2026-07-23T1600,1049A,114.492,36.5712,邯郸市,矿院,,50,NA,14,17,11,158,NA,157,157,2,3,1,2,0.3,0.4
2026-07-23T1600,1050A,114.4839,36.6136,邯郸市,丛台公园,,50,17,11,15,7,158,NA,155,155,1,3,4,6,0.2,0.3
2026-07-23T1600,1051A,115.4803,38.8568,保定市,游泳馆,,44,20,21,16,16,138,NA,111,111,4,5,1,6,0.2,0.1
2026-07-23T1600,1052A,115.509,38.8895,保定市,华电二区,,49,20,20,8,13,154,NA,119,119,1,5,3,2,0.4,0.5
2026-07-23T1600,1053A,115.4588,38.9037,保定市,接待中心,,44,NA,30,26,16,139,NA,109,109,2,4,2,2,0.4,0.3
2026-07-23T1600,1054A,115.4484,38.8344,保定市,地表水厂,,44,30,25,22,12,139,NA,113,113,2,5,2,2,0.2,0.2
2026-07-23T1600,1057A,114.8884,40.8336,张家口市,人民公园,,40,NA,21,23,24,128,NA,114,114,8,10,2,2,0.3,0.4
2026-07-23T1600,1059A,114.868581,40.804273,张家口市,五金库,颗粒物(PM10),53,53,38,12,16,120,NA,110,110,11,11,/,/,/,/
2026-07-23T1600,1060A,114.8901,40.762,张家口市,世纪豪园,NA,NA,NA,25,22,18,122,NA,108,108,5,6,4,3,NA,0.5
2026-07-23T1600,1062A,117.9531,40.908,承德市,铁路,细颗粒物(PM2.5),58,50,32,39,20,100,NA,70,70,12,10,29,7,0.6,0.5
2026-07-23T1600,1063A,117.9397,40.9763,承德市,中国银行,,48,46,32,33,18,100,NA,77,77,6,8,14,6,0.7,0.5
2026-07-23T1600,1067A,116.6712,39.5109,廊坊市,药材公司,细颗粒物(PM2.5),60,45,31,40,21,107,NA,67,67,9,14,3,3,1.1,0.6
2026-07-23T1600,1068A,116.7215,39.5592,廊坊市,开发区,,49,45,28,34,21,108,NA,64,64,6,9,2,3,1.2,0.7
2026-07-23T1600,1070A,116.7246,39.5273,廊坊市,北华航天学院,细颗粒物(PM2.5),58,40,25,39,27,102,NA,62,62,9,16,1,3,1.2,0.6
2026-07-23T1600,1071A,116.8733,38.2922,沧州市,沧县城建局,,43,NA,20,16,19,136,NA,121,121,2,6,4,4,0.4,0.3
2026-07-23T1600,1072A,116.8462,38.3189,沧州市,电视转播站,,42,20,23,15,13,133,NA,112,112,6,8,3,3,0.2,0.2
2026-07-23T1600,1073A,116.8588,38.3161,沧州市,市环保局,,45,32,37,16,16,142,NA,127,127,6,10,2,3,0.1,0.1
2026-07-23T1600,1074A,115.6839,37.754,衡水市,电机北厂,,46,39,28,4,16,146,NA,123,123,3,5,3,3,0.4,0.4
2026-07-23T1600,1075A,115.6303,37.7318,衡水市,市监测站,,45,35,28,6,11,144,NA,126,126,4,4,3,3,0.5,0.5
2026-07-23T1600,1077A,114.4687,37.0883,邢台市,达活泉,,50,19,21,7,9,157,NA,142,142,2,2,3,3,0.2,0.2
2026-07-23T1600,1078A,114.4954,37.0309,邢台市,邢师高专,,47,18,21,6,9,148,NA,144,144,2,3,1,1,0.3,0.5
2026-07-23T1600,1079A,114.5281,37.0857,邢台市,路桥公司,,43,15,22,12,7,135,NA,128,128,2,4,3,3,0,0
2026-07-23T1600,1080A,114.4721,37.0713,邢台市,市环保局,,47,18,22,10,10,148,NA,136,136,2,3,2,3,0.2,0.4
2026-07-23T1600,1081A,112.5138,37.8916,太原市,尖草坪,臭氧1小时(O3_1h),53,30,30,16,18,162,NA,144,144,4,11,7,7,0.4,0.5
2026-07-23T1600,1084A,112.4691,37.7125,太原市,晋源,臭氧1小时(O3_1h),83,34,32,33,21,186,NA,146,146,11,13,29,7,1.1,0.7
2026-07-23T1600,1085A,112.5595,37.7391,太原市,小店,,48,30,37,15,19,152,NA,140,140,22,13,9,8,0.4,0.4
2026-07-23T1600,1087A,112.5705,37.8199,太原市,坞城,臭氧1小时(O3_1h),57,34,38,21,19,165,NA,147,147,7,14,10,11,0,0.1
2026-07-23T1600,1088A,112.5495,37.9853,太原市,南寨,臭氧1小时(O3_1h),52,33,39,24,19,161,NA,132,132,7,20,14,13,0.9,0.8
2026-07-23T1600,1090A,111.6506,40.7517,呼和浩特市,呼市一监,,50,12,16,5,10,158,NA,145,145,3,7,8,8,0.3,0.3
2026-07-23T1600,1094A,111.7516,40.8369,呼和浩特市,如意水处理厂,臭氧1小时(O3_1h),55,15,20,13,12,164,NA,153,153,6,9,6,6,0.4,0.4
2026-07-23T1600,1095A,111.727798,40.806187,呼和浩特市,二十九中,臭氧1小时(O3_1h),55,11,21,8,13,164,NA,149,149,2,5,10,10,0.3,0.4
2026-07-23T1600,1097A,111.717,40.7617,呼和浩特市,化肥厂生活区,臭氧1小时(O3_1h),53,NA,24,14,18,162,NA,151,151,6,9,12,13,0.6,0.6
2026-07-23T1600,1099A,123.5058,41.7084,沈阳市,浑南东路,臭氧1小时(O3_1h),57,22,30,9,17,165,NA,136,136,5,16,5,4,0.8,0.8
2026-07-23T1600,1100A,123.4238,41.6992,沈阳市,新秀街,NA,NA,NA,NA,NA,NA,NA,NA,NA,NA,NA,NA,NA,NA,NA,NA
2026-07-23T1600,1102A,123.5903,41.8412,沈阳市,东陵路,,48,27,34,7,17,151,NA,135,135,3,12,4,4,0.5,0.7
2026-07-23T1600,1103A,123.4267,41.8466,沈阳市,陵东街,,44,29,32,12,21,140,NA,140,140,5,8,2,3,0.5,0.6
2026-07-23T1600,1104A,123.4116,41.7654,沈阳市,文化路,,48,30,35,7,18,153,NA,145,145,5,12,4,4,0.5,0.7
2026-07-23T1600,1105A,123.4673,41.787,沈阳市,小河沿,,45,29,33,9,18,144,NA,136,136,6,13,2,2,0.8,1
2026-07-23T1600,1106A,123.4019,41.7978,沈阳市,太原街,臭氧1小时(O3_1h),59,19,37,13,20,167,NA,158,158,6,11,1,3,0.5,0.7
2026-07-23T1600,1108A,123.3778,41.9233,沈阳市,京沈街,臭氧1小时(O3_1h),98,49,46,24,26,198,NA,164,164,8,12,3,4,0.7,0.8
2026-07-23T1600,1109A,121.6119,38.974,大连市,甘井子,,30,17,15,10,9,95,NA,91,91,2,3,8,8,0.6,0.7
2026-07-23T1600,1110A,121.565,38.9509,大连市,周水子,,25,19,15,9,11,80,NA,85,85,11,12,5,6,0.9,0.9
2026-07-23T1600,1111A,121.5637,38.8849,大连市,星海三站,,28,10,14,7,9,88,NA,88,88,3,4,5,5,0.9,0.9
2026-07-23T1600,1112A,121.6301,38.9117,大连市,青泥洼桥,,27,10,11,8,10,84,NA,83,83,2,2,7,7,0.8,0.8
2026-07-23T1600,1113A,121.6248,38.8643,大连市,傅家庄,,26,NA,11,13,9,82,NA,81,81,1,2,7,7,0.7,0.7
2026-07-23T1600,1114A,121.5117,38.8636,大连市,七贤岭,,26,13,16,11,9,83,NA,82,82,5,5,6,6,0.6,0.6
2026-07-23T1600,1116A,121.7507,39.1339,大连市,金州,,26,12,14,10,10,82,NA,80,80,11,6,9,10,0.6,0.6
2026-07-23T1600,1117A,121.7811,39.0495,大连市,开发区,,27,17,19,8,10,84,NA,83,83,6,9,8,7,0.6,0.6
2026-07-23T1600,1118A,121.9762,39.0631,大连市,双D港,,36,NA,14,25,10,89,NA,76,76,5,3,6,6,0.5,0.4
2026-07-23T1600,1120A,125.2874,43.9024,长春市,客车厂,,34,34,43,11,29,105,NA,125,124,8,8,4,4,0.5,0.6
2026-07-23T1600,1121A,125.2943,43.8508,长春市,邮电学院,,34,34,35,12,29,99,NA,117,116,3,5,8,7,0.4,0.5
2026-07-23T1600,1122A,125.3648,43.8745,长春市,劳动公园,NA,NA,45,37,13,28,101,NA,119,119,NA,10,5,6,0,0.3
2026-07-23T1600,1123A,125.3233,43.8781,长春市,园林处,,41,41,39,11,27,102,NA,120,120,7,8,3,2,0.4,0.5
2026-07-23T1600,1124A,125.4604,43.7904,长春市,净月潭,,31,31,32,11,28,73,NA,92,92,2,5,5,6,0.3,0.5
2026-07-23T1600,1126A,125.38,43.8422,长春市,经开区环卫处,,32,28,40,10,27,101,NA,113,113,6,9,2,3,0.3,0.5
2026-07-23T1600,1127A,125.234,43.7761,长春市,高新区管委会,,36,36,44,10,28,101,NA,111,111,4,8,4,4,0.5,0.6
2026-07-23T1600,1128A,125.1695,43.83,长春市,岱山公园,,38,38,40,14,27,104,NA,116,116,6,13,2,2,0.3,0.5
2026-07-23T1600,1130A,126.5557,45.8109,哈尔滨市,松北商大,颗粒物(PM10),63,68,49,35,35,134,NA,109,109,10,17,6,6,0.6,0.7
2026-07-23T1600,1132A,126.6162,45.719,哈尔滨市,南岗学府路,颗粒物(PM10),54,55,53,28,25,157,NA,116,116,5,17,6,8,0.4,0.4
2026-07-23T1600,1133A,126.6894,45.7733,哈尔滨市,太平宏伟公园,颗粒物(PM10),78,88,58,30,25,158,NA,116,116,13,20,7,7,0.5,0.5
2026-07-23T1600,1134A,126.6361,45.7672,哈尔滨市,道外承德广场,颗粒物(PM10),65,71,63,35,27,169,NA,122,122,9,22,6,6,1.3,0.9
2026-07-23T1600,1136A,126.644,45.7261,哈尔滨市,动力和平路,NA,NA,NA,60,33,24,143,NA,118,118,15,23,11,4,0.4,0.6
2026-07-23T1600,1137A,126.5933,45.7479,哈尔滨市,道里建国路,颗粒物(PM10),61,65,59,33,32,122,NA,109,109,3,16,4,5,0.5,1.1
2026-07-23T1600,1138A,126.6127,45.6119,哈尔滨市,平房东轻厂,,45,32,32,31,21,139,NA,107,107,4,11,5,7,0.7,0.8
2026-07-23T1600,1139A,126.5875,45.9827,哈尔滨市,呼兰师专,颗粒物(PM10),90,106,57,35,24,162,NA,127,127,14,21,18,10,0.3,0.6
2026-07-23T1600,1140A,126.6299,45.6799,哈尔滨市,省农科院,颗粒物(PM10),69,76,68,40,30,129,NA,103,103,12,31,5,5,0.4,0.6
2026-07-23T1600,1141A,121.401,31.2382,上海市,普陀,臭氧1小时(O3_1h),62,48,35,29,22,169,NA,144,144,10,14,5,6,0.3,0.3
2026-07-23T1600,1142A,121.4774,31.2043,上海市,十五厂,臭氧1小时(O3_1h),68,58,35,32,22,174,NA,146,146,11,16,5,5,0.5,0.5
2026-07-23T1600,1143A,121.4673,31.3011,上海市,虹口,臭氧1小时(O3_1h),60,47,37,34,23,168,NA,148,148,4,9,4,4,0.9,0.8
2026-07-23T1600,1147A,121.4253,31.226,上海市,静安监测站,臭氧1小时(O3_1h),84,53,35,37,23,187,NA,146,146,11,15,8,7,0.8,0.8
2026-07-23T1600,1148A,121.7029,31.1905,上海市,浦东川沙,臭氧1小时(O3_1h),57,47,33,31,22,165,NA,137,137,5,11,8,8,0.7,0.7
2026-07-23T1600,1149A,121.5339,31.229,上海市,浦东新区监测站,,48,47,33,33,23,151,NA,132,132,8,13,6,7,0.7,0.6
2026-07-23T1600,1150A,121.5776,31.2038,上海市,浦东张江,臭氧1小时(O3_1h),62,49,33,30,20,169,NA,148,148,4,11,7,7,0.4,0.4
2026-07-23T1600,1151A,118.8033,32.1085,南京市,迈皋桥,,28,9,23,0,10,89,NA,98,98,2,4,4,5,0.1,0.2
2026-07-23T1600,1152A,118.7487,32.057,南京市,草场门,,28,7,22,1,10,87,NA,99,99,7,12,5,5,0.4,0.5
2026-07-23T1600,1154A,118.770105,32.004342,南京市,中华门,,22,2,20,1,9,68,NA,85,85,8,13,6,6,0.1,0.1
2026-07-23T1600,1155A,118.8059,32.0329,南京市,瑞金路,,21,7,24,5,12,66,NA,96,96,12,17,4,4,0.6,0.6
2026-07-23T1600,1156A,118.7946,32.0774,南京市,玄武湖,,38,38,30,0,8,74,NA,86,86,1,11,6,8,0.1,0.2
2026-07-23T1600,1157A,118.6415,32.0964,南京市,浦口,,28,28,29,3,7,66,NA,80,80,5,13,3,3,0.3,0.5
2026-07-23T1600,1158A,118.730129,32.000956,南京市,奥体中心,,26,11,26,0,8,83,NA,96,96,7,13,4,5,0.8,1
2026-07-23T1600,1159A,118.9072,32.1047,南京市,仙林大学城,,26,2,31,0,11,83,NA,100,100,7,15,8,8,0.2,0.3
2026-07-23T1600,1163A,120.5974,31.3247,苏州市,轧钢厂,,33,29,32,15,17,105,NA,108,108,12,22,10,9,0.4,0.6
2026-07-23T1600,1164A,120.6329,31.2741,苏州市,吴中区,,37,32,32,17,19,117,NA,106,106,4,18,5,5,0.5,0.5
2026-07-23T1600,1165A,120.5566,31.3049,苏州市,苏州新区,,39,35,30,20,21,122,NA,112,112,6,15,6,6,0.4,0.4
2026-07-23T1600,1166A,120.668709,31.312523,苏州市,苏州工业园区,,45,40,30,27,18,141,NA,110,110,6,13,10,9,0.2,0.3
2026-07-23T1600,1167A,120.6408,31.3707,苏州市,相城区,,36,36,30,14,19,103,NA,117,117,3,16,12,12,0.6,0.7
2026-07-23T1600,1168A,120.9056,31.9669,南通市,狼山街道,,46,25,26,12,17,145,NA,154,154,4,18,4,4,0.4,0.5
2026-07-23T1600,1170A,120.8635,32.0231,南通市,城中,,42,33,32,6,12,132,NA,135,135,4,17,3,3,0.5,0.7
2026-07-23T1600,1171A,120.9376,31.9301,南通市,星湖花园,,49,27,28,17,20,156,NA,142,142,5,20,4,4,0.3,0.5
2026-07-23T1600,1172A,120.8053,32.046,南通市,紫琅学院,,37,36,28,8,13,117,NA,126,126,31,25,5,5,0.5,0.7
2026-07-23T1600,1173A,119.1759,34.5885,连云港市,市环境监测站,,35,NA,11,24,12,89,NA,67,67,4,10,4,4,0.4,0.4
2026-07-23T1600,1180A,117.257,34.2161,徐州市,新城区,NA,NA,NA,17,NA,4,95,NA,81,81,5,8,6,6,NA,0
2026-07-23T1600,1182A,117.2933,34.2796,徐州市,农科院,,30,17,19,8,14,94,NA,80,80,5,9,2,3,0.5,0.5
2026-07-23T1600,1186A,119.3895,32.377,扬州市,邗江监测站,,26,12,21,10,12,81,NA,84,84,4,15,6,7,0.5,0.5
2026-07-23T1600,1188A,120.2693,31.4864,无锡市,雪浪,,31,29,31,9,15,99,NA,107,107,5,9,4,5,0.7,0.9
2026-07-23T1600,1189A,120.2761,31.621,无锡市,黄巷,,28,25,27,2,6,89,NA,82,82,7,18,7,6,0.9,1
2026-07-23T1600,1191A,120.2422,31.5037,无锡市,漆塘,,33,32,30,16,15,103,NA,110,110,2,6,6,6,0.5,0.6
2026-07-23T1600,1192A,120.3489,31.5865,无锡市,东亭,,33,22,21,10,13,104,NA,99,99,6,19,6,6,0.3,0.4
2026-07-23T1600,1193A,120.3538,31.5474,无锡市,旺庄,,31,22,24,8,13,99,NA,102,102,2,14,8,8,0.7,0.8
2026-07-23T1600,1194A,120.2447,31.5633,无锡市,荣巷,,36,29,26,9,11,114,NA,110,110,3,11,6,5,0.3,0.4
2026-07-23T1600,1195A,120.2986,31.6816,无锡市,堰桥,,40,27,22,9,9,125,NA,106,106,8,21,5,5,0.8,0.9
2026-07-23T1600,1196A,119.9524,31.7586,常州市,市监测站,,28,24,28,4,12,89,NA,87,87,2,15,8,7,0.3,0.4
2026-07-23T1600,1200A,119.9351,31.703,常州市,武进监测站,,28,23,22,6,13,87,NA,80,80,4,13,4,5,0.3,0.5
2026-07-23T1600,1203A,119.6708,32.187,镇江市,新区办事处,,32,32,25,13,15,98,NA,94,94,6,18,1,4,0.4,0.5
2026-07-23T1600,1204A,119.497455,32.196732,镇江市,职教中心,,33,33,25,14,12,102,NA,84,84,8,18,6,6,0.4,0.5
2026-07-23T1600,1205A,119.43,32.1328,镇江市,丹徒区监测站,,32,28,27,13,13,101,NA,87,87,1,14,5,5,0.7,0.8
2026-07-23T1600,1206A,119.9042,32.488,泰州市,公园路,,28,22,22,8,11,89,NA,112,112,2,12,8,8,0.5,0.6
2026-07-23T1600,1207A,119.9189,32.4626,泰州市,莲花,,30,22,25,9,10,95,NA,107,107,2,13,7,8,0.4,0.6
2026-07-23T1600,1209A,119.8877,32.4636,泰州市,留学生创业园,,27,22,28,15,17,86,NA,107,107,6,18,8,10,0.6,0.7
2026-07-23T1600,1210A,119.0566,33.5991,淮安市,钵池山,,29,29,25,13,17,51,NA,49,49,11,13,2,2,1.0,1
2026-07-23T1600,1211A,119.0083,33.578,淮安市,北京南路,,26,NA,20,18,22,43,NA,48,48,23,13,4,4,1.1,1
2026-07-23T1600,1212A,118.9938,33.6083,淮安市,市监测站,,18,NA,11,11,15,57,NA,53,53,12,15,6,6,0.9,1
2026-07-23T1600,1213A,119.135,33.5038,淮安市,楚州区监测站,,23,17,12,16,15,60,NA,54,54,10,10,4,4,0.9,0.8
2026-07-23T1600,1216A,120.1554,33.3941,盐城市,市监测站,,22,11,12,6,7,69,NA,73,73,4,8,9,9,0.4,0.4
2026-07-23T1600,1218A,120.214332,33.37951,盐城市,开发区管委会,,20,20,14,8,11,64,NA,72,72,3,7,8,9,0.6,0.7
2026-07-23T1600,1220A,118.2924,33.933,宿迁市,宿迁学院,,14,7,17,2,14,43,NA,39,NA,2,4,11,8,0.2,0.7
2026-07-23T1600,1221A,118.2321,33.9572,宿迁市,宿迁中学,,25,8,15,5,13,79,NA,72,72,7,12,5,6,0.7,0.7
2026-07-23T1600,1223A,120.2073,30.2111,杭州市,滨江,,31,31,33,14,16,66,NA,81,81,19,24,4,4,0.4,0.4
2026-07-23T1600,1224A,120.0625,30.2737,杭州市,西溪,,26,NA,16,18,12,45,NA,61,61,6,13,4,4,0.6,0.6
2026-07-23T1600,1226A,120.3417,30.315,杭州市,下沙,,35,35,29,16,18,85,NA,99,99,12,28,4,4,0.7,0.8
2026-07-23T1600,1227A,120.1252,30.2465,杭州市,卧龙桥,,30,30,26,19,14,57,NA,76,76,9,12,5,6,0.7,0.6
2026-07-23T1600,1228A,120.1902,30.2691,杭州市,浙江农大,,27,27,28,13,8,71,NA,75,75,15,29,6,7,0.4,0.5
2026-07-23T1600,1230A,120.1195,30.3121,杭州市,和睦小学,,30,30,10,16,14,70,NA,77,77,10,16,8,9,0.7,0.7
2026-07-23T1600,1231A,120.3076,30.4146,杭州市,临平镇,,32,32,34,16,18,92,NA,97,97,8,21,6,6,0.6,0.7
2026-07-23T1600,1232A,120.2753,30.1839,杭州市,城厢镇,,30,30,33,18,18,66,NA,79,79,16,21,5,5,0.6,0.6
2026-07-23T1600,1233A,120.0883,30.1808,杭州市,云栖,,26,26,31,12,14,40,NA,64,64,16,15,5,5,0.7,0.8
2026-07-23T1600,1234A,121.8352,29.9111,宁波市,区环保大楼,,45,45,49,18,22,99,NA,97,97,5,7,4,5,0.7,0.7
2026-07-23T1600,1235A,121.5595,29.8208,宁波市,万里学院,,47,47,42,20,23,112,NA,107,107,4,9,5,5,0.6,0.6
2026-07-23T1600,1236A,121.713,29.9564,宁波市,龙赛医院,,47,47,47,24,23,120,NA,108,108,4,9,6,7,0.3,0.4
2026-07-23T1600,1240A,121.5855,29.8635,宁波市,太古小学,,42,42,43,18,21,107,NA,102,102,1,5,4,4,0.4,0.5
2026-07-23T1600,1241A,121.5239,29.8673,宁波市,市环境监测中心,颗粒物(PM10),52,52,45,26,25,111,NA,110,110,6,8,9,10,0.4,0.4
2026-07-23T1600,1242A,120.6342,28.0088,温州市,瓯海,,43,43,42,23,22,118,NA,115,115,9,10,5,5,0.4,0.4
2026-07-23T1600,1243A,120.6747,27.9881,温州市,南浦,颗粒物(PM10),55,56,49,30,23,120,NA,118,118,8,7,6,5,0.5,0.5
2026-07-23T1600,1244A,120.76,27.9745,温州市,龙湾,颗粒物(PM10),60,64,48,27,21,108,NA,87,87,7,7,6,6,0.6,0.5
2026-07-23T1600,1247A,120.6053,29.9927,绍兴市,城东开发委,,40,36,32,28,20,124,NA,101,101,8,8,10,9,0.5,0.6
2026-07-23T1600,1250A,120.075,30.867,湖州市,城西水厂,,31,26,27,18,16,98,NA,103,103,4,19,6,6,0.4,0.4
2026-07-23T1600,1252A,120.7439,30.778,嘉兴市,清河小学,,45,36,31,6,11,141,NA,138,138,9,15,5,6,0.5,0.9
2026-07-23T1600,1253A,120.7261,30.7477,嘉兴市,嘉兴学院,,45,28,31,19,21,144,NA,142,142,9,15,2,2,0.6,0.6
2026-07-23T1600,1255A,121.2727,28.6461,台州市,黄岩环保大楼,颗粒物(PM10),53,54,46,16,19,100,NA,85,85,5,4,/,/,/,/
2026-07-23T1600,1256A,121.4188,28.6545,台州市,台州环保大楼,,46,46,43,13,18,66,NA,65,65,4,5,/,/,0.4,0.4
2026-07-23T1600,1257A,121.3768,28.5772,台州市,路桥田洋王,,43,43,45,17,18,82,NA,69,69,4,5,6,5,0.2,0.2
2026-07-23T1600,1258A,122.1223,30.0203,舟山市,定海檀枫,,40,40,44,15,19,77,NA,78,78,16,15,7,7,0.6,0.6
2026-07-23T1600,1260A,122.1898,29.9945,舟山市,临城新区,,36,36,44,17,17,89,NA,74,74,5,9,3,2,0.6,0.7
2026-07-23T1600,1262A,119.6478,29.0773,金华市,十五中,,35,34,33,15,17,110,NA,102,102,6,11,2,2,0.3,0.5
2026-07-23T1600,1263A,119.6859,29.1032,金华市,监测站,,32,29,32,21,17,101,NA,95,95,6,10,2,2,0.4,0.5
2026-07-23T1600,1264A,118.8694,28.94,衢州市,环保大楼,,28,28,35,16,18,83,NA,80,80,5,14,/,/,/,/
2026-07-23T1600,1266A,118.8622,28.9809,衢州市,衢州学院,,29,21,37,15,23,90,NA,86,86,4,21,4,4,0.5,0.6
2026-07-23T1600,1267A,119.9141,28.4513,丽水市,监测站大楼,,44,44,28,18,15,86,NA,84,84,6,10,5,4,0.6,0.6
2026-07-23T1600,1268A,119.93,28.4589,丽水市,莲都小学,,37,37,31,16,14,94,NA,87,87,4,8,/,/,/,/
2026-07-23T1600,1269A,119.8794,28.4232,丽水市,余庄前,,32,32,29,18,15,102,NA,103,103,4,8,6,6,0.6,0.6
2026-07-23T1600,1270A,117.1957,31.7845,合肥市,明珠广场,,15,9,14,6,8,45,NA,57,57,25,13,8,7,0.6,0.6
2026-07-23T1600,1271A,117.307,31.8765,合肥市,三里街,,14,5,14,0,8,43,NA,57,57,17,14,9,9,0.5,0.6
2026-07-23T1600,1272A,117.2587,31.8703,合肥市,琥珀山庄,,17,12,16,1,7,54,NA,62,62,12,11,7,8,0.4,0.4
2026-07-23T1600,1275A,117.2593,31.9376,合肥市,庐阳区,,15,12,15,3,9,45,NA,60,58,20,13,9,9,0.4,0.4
2026-07-23T1600,1276A,117.345251,31.861615,合肥市,瑶海区,,15,5,14,0,7,47,NA,59,59,18,10,2,2,0.2,0.3
2026-07-23T1600,1277A,117.3033,31.7967,合肥市,包河区,,14,2,16,0,6,40,NA,62,61,27,16,8,8,0.4,0.4
2026-07-23T1600,1278A,117.278,31.7392,合肥市,滨湖新区,,15,2,11,0,6,47,NA,66,66,19,8,7,7,0.6,0.6
2026-07-23T1600,1279A,117.1324,31.8395,合肥市,高新区,,15,9,16,2,8,46,NA,39,39,17,10,7,7,0.5,0.6
2026-07-23T1600,1282A,119.2681,26.0506,福州市,师大,颗粒物(PM10),66,72,57,31,26,152,NA,127,127,7,12,5,5,0.4,0.4
2026-07-23T1600,1283A,119.2983,26.1028,福州市,五四北路,颗粒物(PM10),58,61,52,31,26,159,NA,132,132,9,13,5,5,0.6,0.5
2026-07-23T1600,1284A,119.2648,26.0769,福州市,杨桥西路,细颗粒物(PM2.5),72,74,57,46,26,159,NA,129,129,6,12,5,4,/,/
2026-07-23T1600,1287A,118.1519,24.4768,厦门市,洪文,颗粒物(PM10),52,52,48,20,21,86,NA,88,88,7,11,3,4,0.2,0.2
2026-07-23T1600,1288A,118.0671,24.4447,厦门市,鼓浪屿,,44,44,48,22,21,54,NA,72,72,29,11,3,3,/,/
2026-07-23T1600,1291A,115.8887,28.7006,南昌市,省林业公司,NA,NA,17,17,16,15,104,NA,91,91,2,12,6,5,NA,0.6
2026-07-23T1600,1292A,115.813,28.7443,南昌市,林科所,NA,NA,27,18,NA,13,90,NA,76,76,7,18,9,4,NA,0.7
2026-07-23T1600,1294A,115.8518,28.687,南昌市,建工学校,,30,23,18,20,16,96,NA,81,81,6,14,5,5,0.5,0.6
2026-07-23T1600,1295A,115.8926,28.6425,南昌市,象湖,,32,18,14,14,16,100,NA,84,84,6,15,9,9,0.3,0.4
2026-07-23T1600,1299A,116.9866,36.6118,济南市,科干所,臭氧1小时(O3_1h),53,27,21,11,7,162,NA,146,146,10,12,5,4,0.8,0.7
2026-07-23T1600,1300A,116.9379,36.6652,济南市,农科所,,47,29,18,12,6,150,NA,140,140,6,10,4,4,0.3,0.3
2026-07-23T1600,1301A,117.1265,36.6736,济南市,开发区,臭氧1小时(O3_1h),58,29,25,11,8,166,NA,155,155,14,11,7,6,0.7,0.6
2026-07-23T1600,1303A,117.0616,36.6865,济南市,省种子仓库,臭氧1小时(O3_1h),53,24,27,11,9,162,NA,150,150,9,14,6,5,0.2,0.2
2026-07-23T1600,1304A,116.9495185,36.644937,济南市,机床二厂,臭氧1小时(O3_1h),57,32,25,15,7,165,NA,155,155,5,7,7,6,0.4,0.4
2026-07-23T1600,1305A,117.0496,36.6629,济南市,市监测站,臭氧1小时(O3_1h),52,29,24,9,8,161,NA,144,144,9,14,4,4,0.5,0.6
2026-07-23T1600,1306A,116.7674,36.5458,济南市,长清党校,,47,32,21,14,9,149,NA,133,133,6,9,4,4,0.6,0.3
2026-07-23T1600,1310A,120.404,36.0625,青岛市,市南区东部子站,,33,12,14,8,13,104,NA,89,89,7,12,7,7,0.4,0.3
2026-07-23T1600,1311A,120.362344,36.10282,青岛市,四方区子站,,38,14,13,6,14,120,NA,104,104,5,8,8,7,0.8,0.7
2026-07-23T1600,1312A,120.294373,36.054183,青岛市,市南区西部子站,,39,14,11,13,12,123,NA,86,86,15,22,7,6,0.8,0.7
2026-07-23T1600,1313A,120.4581,36.0858,青岛市,崂山区子站,NA,NA,NA,14,NA,12,126,NA,103,103,21,16,8,7,0.4,0.4
2026-07-23T1600,1315A,120.3945,36.3083,青岛市,城阳区子站,,41,14,18,5,13,131,NA,130,130,12,12,4,4,0.4,0.4
2026-07-23T1600,1316A,113.6843,34.7622,郑州市,烟厂,,47,NA,24,29,16,148,NA,127,127,7,8,2,2,0.3,0.4
2026-07-23T1600,1318A,113.669,34.8034,郑州市,银行学校,,47,46,30,22,20,148,NA,122,122,11,10,3,3,0.3,0.3
2026-07-23T1600,1319A,113.5612,34.8143,郑州市,供水公司,,49,39,31,28,20,155,NA,142,142,8,10,3,3,0.4,0.4
2026-07-23T1600,1320A,113.7269,34.7187,郑州市,经开区管委,,44,37,33,23,18,140,NA,124,124,6,11,3,3,0.5,0.5
2026-07-23T1600,1321A,113.7332,34.7727,郑州市,四十七中,颗粒物(PM10),56,58,31,31,20,147,NA,122,122,9,9,1,1,0.4,0.4
2026-07-23T1600,1323A,113.6361,34.7537,郑州市,河医大,,45,44,34,29,19,141,NA,125,125,7,10,1,1,0.5,0.5
2026-07-23T1600,1325A,114.3676,30.5584,武汉市,东湖梨园,,30,21,16,15,7,93,NA,66,66,6,10,6,6,0.4,0.5
2026-07-23T1600,1326A,114.2527,30.5578,武汉市,汉阳月湖,,29,NA,17,20,8,90,NA,67,67,6,11,4,4,0.9,0.9
2026-07-23T1600,1327A,114.2819,30.6189,武汉市,汉口花桥,,35,NA,13,19,11,109,NA,78,78,5,9,5,5,0.5,0.5
2026-07-23T1600,1328A,114.3024,30.5332,武汉市,武昌紫阳,颗粒物(PM10),77,87,22,21,9,105,NA,74,74,6,11,4,5,0.3,0.5
2026-07-23T1600,1329A,114.3646,30.6217,武汉市,青山钢花,,31,20,13,16,10,98,NA,68,68,4,8,5,5,0.5,0.5
2026-07-23T1600,1330A,114.156697,30.482592,武汉市,沌口新区,,35,26,15,17,9,110,NA,78,78,8,11,6,6,0.3,0.4
2026-07-23T1600,1331A,114.3013,30.5944,武汉市,汉口江滩,NA,NA,NA,16,NA,10,88,NA,73,73,28,17,2,2,0.6,0.6
2026-07-23T1600,1333A,114.1285,30.6339,武汉市,吴家山,,31,26,17,13,11,99,NA,75,75,4,12,4,5,0.4,0.5
2026-07-23T1600,1335A,113.082,28.2421,长沙市,经开区环保局,,32,29,27,14,15,101,NA,79,79,2,5,5,5,0.5,0.5
2026-07-23T1600,1336A,112.8873,28.2202,长沙市,高开区环保局,,27,27,27,16,14,78,NA,58,58,1,4,3,4,0.6,0.7
2026-07-23T1600,1337A,113.0785,28.2012,长沙市,马坡岭,,33,26,27,15,14,105,NA,86,86,4,7,8,7,0.3,0.3
2026-07-23T1600,1338A,112.9448,28.1894,长沙市,湖南师范大学,,32,32,27,10,13,92,NA,69,69,2,4,6,7,0.2,0.3
2026-07-23T1600,1339A,113.0177,28.1322,长沙市,雨花区环保局,,32,32,26,10,14,95,NA,80,80,5,8,6,6,0.7,0.7
2026-07-23T1600,1340A,112.9795,28.2593,长沙市,伍家岭,,30,28,26,14,15,96,NA,70,70,2,7,4,4,0.3,0.3
2026-07-23T1600,1341A,113.002,28.1944,长沙市,火车新站,,29,27,29,13,14,92,NA,72,72,2,6,8,9,0.4,0.5
2026-07-23T1600,1342A,112.9846,28.1177,长沙市,天心区环保局,,30,24,27,13,16,95,NA,80,80,3,8,4,4,0.3,0.3
2026-07-23T1600,1343A,112.8906,28.1307,长沙市,湖南中医药大学,,38,38,26,12,13,85,NA,66,66,2,7,6,6,0.5,0.6
2026-07-23T1600,1345A,113.2346,23.1423,广州市,广雅中学,,48,42,39,27,21,152,NA,107,107,10,14,5,5,0.3,0.4
2026-07-23T1600,1346A,113.2611,23.105,广州市,市五中,臭氧1小时(O3_1h),70,42,42,25,24,176,NA,126,126,9,17,4,4,/,/
2026-07-23T1600,1348A,113.3477,23.0916,广州市,广东商学院,,44,40,36,20,20,140,NA,103,103,5,19,4,4,0.4,0.5
2026-07-23T1600,1349A,113.4332,23.105,广州市,市八十六中,,43,31,29,18,16,137,NA,102,102,10,25,5,6,/,/
2026-07-23T1600,1350A,113.3506,22.9488,广州市,番禺中学,NA,NA,47,41,22,20,120,NA,99,99,7,12,NA,6,0.3,0.4
2026-07-23T1600,1351A,113.2147,23.3918,广州市,花都师范,细颗粒物(PM2.5),78,61,48,49,28,174,NA,117,117,10,24,3,3,0.2,0.4
2026-07-23T1600,1352A,113.2599,23.1329,广州市,市监测站,臭氧1小时(O3_1h),53,48,42,25,22,162,NA,114,114,7,13,2,2,/,/
2026-07-23T1600,1353A,113.5618,23.3119,广州市,九龙镇镇龙,,45,44,44,20,22,142,NA,104,104,11,22,8,8,0.4,0.5
2026-07-23T1600,1354A,113.2764,23.1544,广州市,麓湖,,47,40,37,24,21,148,NA,107,107,8,15,5,6,0.6,0.6
2026-07-23T1600,1356A,114.0948,22.5506,深圳市,通心岭子站,,39,39,38,18,15,114,NA,90,90,9,9,5,5,0.6,0.6
2026-07-23T1600,1357A,114.1153,22.5713,深圳市,洪湖,,38,38,40,18,17,104,NA,85,85,5,9,6,7,0.5,0.4
2026-07-23T1600,1358A,113.9823,22.5398,深圳市,华侨城,,41,41,23,22,15,80,NA,82,82,22,11,/,/,/,/
2026-07-23T1600,1359A,113.9181,22.517,深圳市,南海子站,,35,35,39,17,21,74,NA,73,73,21,10,8,6,0.7,0.7
2026-07-23T1600,1360A,114.2345,22.565,深圳市,盐田,,28,28,32,17,16,77,NA,58,58,12,16,6,6,0.5,0.4
2026-07-23T1600,1363A,114.4911,22.5381,深圳市,南澳,,38,38,40,16,14,71,NA,64,64,4,5,/,/,/,/
2026-07-23T1600,1364A,114.41,22.6346,深圳市,葵涌,,40,40,36,22,18,79,NA,65,65,7,8,7,7,0.7,0.7
2026-07-23T1600,1365A,114.2967,22.5978,深圳市,梅沙,,39,39,35,18,14,93,NA,70,70,2,8,/,/,/,/
2026-07-23T1600,1366A,114.0563,22.7353,深圳市,观澜,,50,41,40,18,17,159,NA,108,108,20,19,7,6,0.3,0.4
2026-07-23T1600,1367A,113.5811,22.2618,珠海市,吉大,,34,34,36,20,19,64,NA,64,64,2,3,6,6,0.7,0.6
2026-07-23T1600,1368A,113.4893,22.2323,珠海市,前山,,38,38,36,18,16,61,NA,59,59,5,6,/,/,/,/
2026-07-23T1600,1369A,113.6284,22.4252,珠海市,唐家,,32,31,25,22,20,78,NA,68,68,2,4,/,/,/,/
2026-07-23T1600,1370A,113.2986,22.2284,珠海市,斗门,NA,NA,26,25,18,19,64,NA,63,63,2,2,NA,6,NA,0.5
2026-07-23T1600,1371A,113.1293,23.0065,佛山市,湾梁,,43,36,36,19,21,137,NA,112,112,8,16,/,/,/,/
2026-07-23T1600,1372A,113.1082,23.0477,佛山市,华材职中,,41,41,35,20,21,131,NA,104,104,3,8,6,7,0.4,0.4
2026-07-23T1600,1373A,113.1439,23.045,佛山市,南海气象局,,43,43,41,18,22,124,NA,101,101,8,15,/,/,/,/
2026-07-23T1600,1374A,113.2879,22.8094,佛山市,顺德苏岗,,37,37,37,23,23,112,NA,96,96,20,15,/,/,0.5,0.6
2026-07-23T1600,1376A,112.8384,22.8678,佛山市,高明孔堂,,44,44,34,20,17,94,NA,79,79,4,5,/,/,/,/
2026-07-23T1600,1377A,112.8835,23.1584,佛山市,三水监测站,,48,48,44,22,26,119,NA,83,83,8,24,5,6,0.3,0.7
2026-07-23T1600,1378A,112.8668,23.185,佛山市,三水云东海,,36,36,42,21,22,105,NA,84,84,3,14,/,/,/,/
2026-07-23T1600,1379A,113.377,22.5211,中山市,华柏园,颗粒物(PM10),54,55,34,18,16,78,NA,66,66,2,5,/,/,/,/
2026-07-23T1600,1380A,113.3879,22.5499,中山市,张溪,颗粒物(PM10),53,53,37,28,17,84,NA,74,74,5,8,/,/,/,/
2026-07-23T1600,1381A,113.4071,22.5111,中山市,紫马岭,,38,38,32,24,17,74,NA,69,69,2,5,7,7,0.4,0.4
2026-07-23T1600,1383A,113.1063,22.6058,江门市,北街,,34,34,37,17,17,86,NA,77,77,2,8,/,/,/,/
2026-07-23T1600,1384A,113.073,22.5835,江门市,西区,,40,40,38,18,21,98,NA,85,85,6,10,/,/,/,/
2026-07-23T1600,1385A,113.0218,22.531,江门市,圭峰西,,35,35,36,17,19,80,NA,76,76,6,9,/,/,/,/
2026-07-23T1600,1386A,113.0826,22.5947,江门市,东湖,NA,NA,NA,37,NA,17,NA,NA,75,NA,NA,11,NA,6,NA,0.4
2026-07-23T1600,1390A,113.7943,23.0132,东莞市,东城石井,,35,30,36,15,17,110,NA,106,106,6,10,5,4,0.5,0.5
2026-07-23T1600,1391A,113.7384,22.9659,东莞市,南城西平,,34,28,31,12,14,107,NA,83,83,7,13,24,18,0.5,0.5
2026-07-23T1600,1392A,114.4181,23.0528,惠州市,河南岸金山湖子站,,45,45,41,25,20,110,NA,87,87,6,10,7,8,0.5,0.5
2026-07-23T1600,1393A,114.4055,23.0824,惠州市,下埔横江三路子站,NA,NA,NA,49,NA,20,122,NA,94,94,NA,10,6,6,0.5,0.5
2026-07-23T1600,1395A,114.4645,22.7832,惠州市,惠阳区承修路船湖子站,,40,40,42,19,17,83,NA,74,74,3,5,4,4,0.7,0.7
2026-07-23T1600,1396A,114.5316,22.7423,惠州市,大亚湾管委会子站,,37,37,37,20,17,75,NA,70,70,6,11,8,8,0.5,0.5
2026-07-23T1600,1397A,112.426,23.062,肇庆市,睦岗子站,,40,37,39,28,21,100,NA,83,83,4,12,6,7,/,/
2026-07-23T1600,1398A,112.4645,23.0476,肇庆市,城中子站,,33,32,36,23,21,89,NA,74,74,7,13,12,15,0.5,0.6
2026-07-23T1600,1399A,112.5545,23.1525,肇庆市,坑口子站,,38,38,36,25,19,92,NA,78,78,4,11,6,7,0.2,0.2
2026-07-23T1600,1401A,108.3098,22.788,南宁市,二十一中,,23,13,23,4,13,73,NA,63,63,5,7,2,2,0.7,0.7
2026-07-23T1600,1402A,108.3135,22.8529,南宁市,北湖,,21,7,22,7,14,65,NA,57,57,6,9,2,2,0.5,0.5
2026-07-23T1600,1403A,108.3205,22.8222,南宁市,市监测站,,24,14,22,4,10,75,NA,65,65,3,4,3,4,0.5,0.5
2026-07-23T1600,1404A,108.3828,22.8038,南宁市,大自然花园,,20,9,21,4,13,62,NA,60,60,4,7,4,4,0.5,0.6
2026-07-23T1600,1406A,108.2397,22.8462,南宁市,区农职院,,24,13,22,9,15,75,NA,66,66,2,4,3,3,0.6,0.7
2026-07-23T1600,1407A,108.3285,22.7356,南宁市,英华嘉园,,20,14,25,4,13,63,NA,58,58,5,6,4,4,0.6,0.7
2026-07-23T1600,1410A,110.3189,20.0596,海口市,海南大学,,23,23,37,13,20,64,NA,68,68,2,5,5,5,0.3,0.4
2026-07-23T1600,1411A,110.2827,20.0051,海口市,秀英海南医院,,23,23,30,13,22,66,NA,70,70,4,9,6,5,0.2,0.3
2026-07-23T1600,1412A,110.3391,19.9979,海口市,海南师范大学,,29,29,40,14,21,64,NA,68,68,3,7,3,3,0.4,0.4
2026-07-23T1600,1413A,110.3303,20.0359,海口市,龙华路环保局宿舍,,29,29,38,17,25,64,NA,68,68,3,6,/,/,0.3,0.3
2026-07-23T1600,1416A,106.4216,29.8256,重庆市,天生,臭氧1小时(O3_1h),73,40,42,16,18,178,NA,153,153,9,15,9,10,0.6,0.7
2026-07-23T1600,1417A,106.6264,29.7226,重庆市,两路,臭氧1小时(O3_1h),63,49,46,16,18,170,NA,144,144,11,22,14,14,0.5,0.6
2026-07-23T1600,1419A,106.5778,29.5103,重庆市,南坪,,45,35,33,18,18,143,NA,131,131,10,14,15,14,0.6,0.6
2026-07-23T1600,1420A,106.6556,29.6277,重庆市,唐家沱,,48,30,32,16,19,151,NA,138,138,5,16,12,12,0.1,0.2
2026-07-23T1600,1431A,103.9727,30.7242,成都市,金泉两河,臭氧1小时(O3_1h),77,27,51,20,30,181,NA,150,150,10,22,4,5,0.5,0.6
2026-07-23T1600,1432A,104.1423,30.6765,成都市,十里店,NA,NA,41,50,27,31,166,NA,151,151,7,20,NA,10,NA,0.7
2026-07-23T1600,1433A,104.0594,30.5765,成都市,三瓦窑,臭氧1小时(O3_1h),78,29,57,23,35,182,NA,155,155,17,40,8,10,0.5,0.7
2026-07-23T1600,1434A,104.1122,30.6306,成都市,沙河铺,臭氧1小时(O3_1h),92,32,53,25,32,193,NA,161,161,11,23,9,9,0.6,0.7
2026-07-23T1600,1439A,106.6863,26.6035,贵阳市,马鞍山,,38,22,25,11,17,120,NA,106,106,4,6,4,5,/,/
2026-07-23T1600,1441A,106.6241,26.6266,贵阳市,鉴湖路,,39,39,39,15,17,123,NA,105,105,4,5,7,8,0.5,0.7
2026-07-23T1600,1442A,106.7468,26.6344,贵阳市,燕子冲,,37,29,37,14,16,117,NA,102,102,7,8,8,8,0.5,0.6
2026-07-23T1600,1443A,106.6556,26.4362,贵阳市,碧云窝,,41,41,44,13,17,112,NA,102,102,3,4,4,8,/,/
2026-07-23T1600,1445A,106.6963,26.6063,贵阳市,红边门,,37,27,30,19,19,117,NA,102,102,8,8,6,8,/,/
2026-07-23T1600,1446A,106.7162383,26.56964667,贵阳市,新华路,,41,31,41,16,18,130,NA,116,116,6,10,92,49,0.5,0.5
2026-07-23T1600,1447A,106.6742,26.542,贵阳市,太慈桥,,37,29,32,14,19,118,NA,107,107,5,7,4,5,/,/
2026-07-23T1600,1450A,102.8203,24.889,昆明市,呈贡新区,,40,18,23,4,12,126,NA,107,107,3,12,6,6,0.5,0.7
2026-07-23T1600,1452A,102.7253,25.0904,昆明市,龙泉镇,,44,24,24,12,15,138,NA,92,92,12,19,6,5,0.4,0.4
2026-07-23T1600,1453A,102.7267,25.0378,昆明市,东风东路,,42,NA,27,21,21,134,NA,99,99,9,21,4,5,0.4,0.5
2026-07-23T1600,1454A,102.6744,25.0671,昆明市,金鼎山,,44,NA,29,15,17,139,NA,100,100,6,15,4,4,0.1,0.3
2026-07-23T1600,1455A,102.6643,25.0401,昆明市,碧鸡广场,,39,NA,24,19,19,124,NA,90,90,7,15,6,6,0.5,0.6
2026-07-23T1600,1456A,91.132,29.6515,拉萨市,八廓街,,28,10,8,5,6,88,NA,87,78,7,8,7,7,0.3,0.3
2026-07-23T1600,1457A,91.1221,29.6748,拉萨市,市环保局,,25,6,8,6,6,80,NA,82,77,10,9,6,6,0.3,0.3
2026-07-23T1600,1458A,91.0874,29.6476,拉萨市,区监测站,,26,7,8,5,6,82,NA,85,68,10,11,7,7,0.2,0.2
2026-07-23T1600,1459A,91.1774,29.6541,拉萨市,西藏大学,,29,8,8,5,5,90,NA,85,77,8,11,5,5,0.3,0.3
2026-07-23T1600,1460A,90.9798,29.6586,拉萨市,区辐射站,,24,9,11,5,7,76,NA,78,62,11,17,8,7,0.2,0.2
2026-07-23T1600,1461A,91.0831,29.6292,拉萨市,拉萨火车站,,26,6,7,5,6,83,NA,83,66,7,11,4,5,0.3,0.3
2026-07-23T1600,1463A,108.9931,34.2629,西安市,兴庆小区,臭氧1小时(O3_1h),101,NA,37,27,14,202,NA,174,174,6,10,7,6,NA,0.4
2026-07-23T1600,1464A,109.0595,34.2569,西安市,纺织城,NA,NA,NA,37,NA,16,186,NA,153,153,4,12,11,10,NA,0.8
2026-07-23T1600,1465A,108.9377,34.2178,西安市,小寨,臭氧1小时(O3_1h),92,55,35,29,15,193,NA,162,162,11,12,8,6,0.7,0.6
2026-07-23T1600,1466A,108.9522,34.2739,西安市,市人民体育场,臭氧1小时(O3_1h),105,57,37,34,14,209,NA,175,175,10,14,8,7,0.6,0.5
2026-07-23T1600,1467A,108.8923,34.2322,西安市,高新西区,臭氧1小时(O3_1h),107,56,35,26,13,213,NA,178,178,8,10,5,4,0.5,0.4
2026-07-23T1600,1468A,108.9386,34.3446,西安市,经开区,臭氧1小时(O3_1h),85,54,36,30,14,188,NA,152,152,6,11,3,3,0.6,0.5
2026-07-23T1600,1469A,108.894,34.1557,西安市,长安区,臭氧1小时(O3_1h),100,41,41,18,14,200,NA,172,172,10,15,3,2,0.4,0.4
2026-07-23T1600,1471A,109.213,34.3748,西安市,临潼区,臭氧1小时(O3_1h),75,52,34,27,17,180,NA,145,145,6,9,7,8,0.8,0.7
2026-07-23T1600,1474A,109.0508,34.321,西安市,广运潭,臭氧1小时(O3_1h),70,47,37,24,16,176,NA,147,147,9,16,4,5,0.8,0.7
2026-07-23T1600,1479A,103.8309,36.0467,兰州市,铁路设计院,NA,NA,NA,44,NA,17,193,NA,150,150,16,35,10,14,0.6,0.8
2026-07-23T1600,1489A,106.1361,38.5039,银川市,学院路,臭氧1小时(O3_1h),117,54,64,20,18,234,NA,161,161,12,29,5,6,0.6,0.6
2026-07-23T1600,1490A,87.5796,43.8299,乌鲁木齐市,监测站,,35,16,31,13,10,110,NA,94,94,5,11,5,6,0.3,0.3
2026-07-23T1600,1491A,87.6044,43.7679,乌鲁木齐市,收费所,,37,28,29,7,12,116,NA,97,97,10,15,9,10,0.3,0.3
2026-07-23T1600,1493A,87.5529,43.8704,乌鲁木齐市,铁路局,,36,22,34,4,11,114,NA,98,98,4,10,7,8,0.4,0.5
2026-07-23T1600,1494A,87.6408,43.8258,乌鲁木齐市,三十一中学,,38,25,36,10,11,119,NA,102,102,6,9,5,4,0.5,0.5
2026-07-23T1600,1496A,87.7218,44.1747,乌鲁木齐市,米东区环保局,,39,17,47,3,16,124,NA,100,100,2,5,11,9,0.4,0.3
2026-07-23T1600,1508A,112.9508,27.8626,湘潭市,板塘,,29,26,28,15,13,90,NA,69,69,7,10,9,9,0.2,0.2
2026-07-23T1600,1511A,112.9114,27.8404,湘潭市,市监测站,,25,12,19,9,15,79,NA,64,64,6,14,5,9,0.2,0.5
2026-07-23T1600,1512A,112.8935,27.8729,湘潭市,江麓,,26,24,25,10,13,82,NA,70,70,4,8,8,8,0.2,0.3
2026-07-23T1600,1513A,112.9227,27.8159,湘潭市,岳塘,,43,43,29,11,14,102,NA,76,76,4,9,3,7,0.2,0.2
2026-07-23T1600,1514A,112.9073,27.9118,湘潭市,科大,NA,NA,35,28,2,12,84,NA,72,72,3,9,NA,6,0.3,0.4
2026-07-23T1600,1515A,113.1265,27.8306,株洲市,天台山庄,,26,22,24,16,16,83,NA,67,67,2,4,1,1,0.2,0.2
2026-07-23T1600,1518A,113.0937,27.8919,株洲市,株冶医院,,28,21,26,12,15,88,NA,73,73,3,10,3,4,0.3,0.4
2026-07-23T1600,1519A,113.1709,27.8661,株洲市,市四中,,27,18,26,12,16,84,NA,69,69,5,7,5,5,0.6,0.6
2026-07-23T1600,1520A,113.1515,27.8265,株洲市,火车站,,29,29,36,19,17,88,NA,72,72,8,9,12,12,0.2,0.4
2026-07-23T1600,1524A,113.1329,27.8491,株洲市,市监测站,,29,22,25,17,17,92,NA,75,75,4,7,6,7,0.4,0.5
2026-07-23T1600,1562A,113.0048,27.9153,湘潭市,昭山,,29,29,24,11,12,86,NA,70,70,4,8,6,6,0.1,0.1
2026-07-23T1600,1585A,109.8761,40.6533,包头市,市环境监测站,臭氧1小时(O3_1h),82,NA,24,14,14,185,NA,151,151,10,15,6,9,0.5,0.7
2026-07-23T1600,1587A,109.9992,40.5843,包头市,包头八中,臭氧1小时(O3_1h),55,23,32,16,15,164,NA,140,140,10,12,9,13,0.5,0.6
2026-07-23T1600,1589A,109.8641,40.6288,包头市,惠龙物流,臭氧1小时(O3_1h),65,20,28,13,15,172,NA,144,144,11,13,5,7,0.4,0.5
2026-07-23T1600,1590A,110.0376,40.5546,包头市,东河鸿龙湾,臭氧1小时(O3_1h),65,NA,24,19,13,172,NA,154,154,10,11,8,11,0.4,0.4
2026-07-23T1600,1591A,110.0024,39.8127,鄂尔多斯市,综合楼,,47,27,27,11,10,149,NA,135,120,7,15,5,4,0.6,0.6
2026-07-23T1600,1592A,109.9485,39.8259,鄂尔多斯市,巴音孟克林场办事处,,47,31,26,4,9,150,NA,134,122,10,14,7,4,0.6,0.6
2026-07-23T1600,1593A,109.7734,39.5987,鄂尔多斯市,康泽苑,,50,36,23,6,9,159,NA,124,121,7,11,14,13,0.2,0.3
2026-07-23T1600,1594A,109.8121,39.5987,鄂尔多斯市,华泰汽车城,,47,29,25,10,10,149,NA,114,108,6,11,11,9,0.6,0.6
2026-07-23T1600,1595A,109.9734,39.7884,鄂尔多斯市,奥林花园,,47,24,27,4,10,148,NA,124,119,9,14,6,4,0.5,0.4
2026-07-23T1600,1597A,122.2704,40.7093,营口市,大庆路,,33,20,31,5,17,105,NA,119,119,4,8,7,10,0.6,0.8
2026-07-23T1600,1598A,122.215,40.6511,营口市,镜湖西路,,28,11,24,9,18,87,NA,96,96,10,12,3,6,0.4,0.4
2026-07-23T1600,1599A,122.1667,40.665,营口市,西炮台,,27,14,22,8,15,86,NA,88,88,9,13,5,6,0.4,0.5
2026-07-23T1600,1600A,124.33,40.0625,丹东市,江湾东路,,31,23,25,10,15,97,NA,79,79,5,11,5,6,0.5,0.5
2026-07-23T1600,1601A,124.4242,40.1513,丹东市,临江后街,,27,24,32,11,14,84,NA,73,73,6,9,3,4,0.6,0.6
2026-07-23T1600,1602A,124.3935,40.1461,丹东市,元宝山,,26,20,29,9,14,83,NA,70,70,4,10,2,3,0.6,0.7
2026-07-23T1600,1603A,124.3634,40.1093,丹东市,民主桥,,27,26,31,10,15,86,NA,74,74,3,9,4,5,0.6,0.7
2026-07-23T1600,1604A,122.0303,41.1489,盘锦市,开发区,,30,22,20,12,14,94,NA,90,90,7,8,4,4,0.4,0.5
2026-07-23T1600,1605A,122.0486,41.0883,盘锦市,兴隆台,,24,22,25,11,20,76,NA,63,54,7,13,5,6,0.5,0.6
2026-07-23T1600,1606A,121.8297,41.1026,盘锦市,新生街道,,32,17,16,9,15,102,NA,83,83,8,9,4,5,0.6,0.7
2026-07-23T1600,1607A,120.904878,40.721091,葫芦岛市,龙港区,,35,31,24,12,17,111,NA,100,100,5,13,3,3,0.4,0.4
2026-07-23T1600,1608A,120.8382,40.7521,葫芦岛市,化工街,,38,NA,26,26,19,108,NA,93,93,8,27,5,7,0.4,0.3
2026-07-23T1600,1609A,120.8339,40.7078,葫芦岛市,新区,,34,32,24,23,16,108,NA,94,94,2,10,2,2,0.6,0.7
2026-07-23T1600,1610A,120.8697,40.7679,葫芦岛市,东城区,,37,21,30,20,25,118,NA,99,99,4,22,1,8,0.4,0.4
2026-07-23T1600,1611A,118.5818,24.9116,泉州市,涂山街,颗粒物(PM10),54,55,53,22,24,159,NA,131,131,10,16,3,4,0.8,0.7
2026-07-23T1600,1612A,118.597,24.8976,泉州市,津头埔,颗粒物(PM10),55,57,56,25,27,141,NA,117,117,10,16,2,3,0.5,0.5
2026-07-23T1600,1613A,118.6669,24.9422,泉州市,万安,颗粒物(PM10),55,56,53,33,24,129,NA,119,119,12,15,8,4,0.5,0.6
2026-07-23T1600,1618A,118.3429,35.0532,临沂市,沂河小区,,30,22,30,8,18,95,NA,89,89,4,8,11,12,0.3,0.3
2026-07-23T1600,1619A,118.2962,35.0568,临沂市,鲁南制药厂,,33,14,25,8,16,103,NA,102,102,7,10,9,12,0.6,0.6
2026-07-23T1600,1620A,118.2793,34.9976,临沂市,新光毛纺厂,,35,22,21,7,19,109,NA,102,102,2,11,6,9,0.2,0.3
2026-07-23T1600,1621A,118.3955,35.0889,临沂市,河东保险公司,,29,29,25,12,18,90,NA,90,90,6,9,9,10,0.5,0.4
2026-07-23T1600,1622A,116.3034,37.4675,德州市,儿童乐园,,45,12,15,0,9,142,NA,131,131,2,6,9,9,0.6,0.6
2026-07-23T1600,1624A,116.2992,37.4449,德州市,监理站,,45,7,14,0,8,142,NA,130,130,1,5,11,12,0.3,0.3
2026-07-23T1600,1625A,115.9789,36.4372,聊城市,区政府,,44,19,18,7,4,138,NA,129,129,2,4,4,4,0.5,0.5
2026-07-23T1600,1629A,117.9961,37.3604,滨州市,第二水厂,NA,NA,27,27,8,17,186,NA,152,152,3,7,NA,8,0.3,0.4
2026-07-23T1600,1630A,117.9789,37.3931,滨州市,北中新校,臭氧1小时(O3_1h),94,27,28,6,16,195,NA,156,156,5,8,7,6,0.4,0.5
2026-07-23T1600,1631A,118.0413,36.8101,淄博市,人民公园,臭氧1小时(O3_1h),52,36,51,6,25,161,NA,168,168,6,15,10,12,0.3,0.4
2026-07-23T1600,1633A,117.8524,36.4848,淄博市,双山,,41,30,34,8,19,129,NA,128,128,8,15,4,4,0.6,0.7
2026-07-23T1600,1634A,117.9595,36.6332,淄博市,气象站,,48,33,48,5,21,151,NA,148,148,7,14,11,12,0.2,0.4
2026-07-23T1600,1637A,117.5628,34.8379,枣庄市,市中区政府,,37,24,30,7,16,117,NA,95,95,8,16,4,6,0.2,0.3
2026-07-23T1600,1638A,117.2855,34.7838,枣庄市,薛城环保局,,43,29,27,3,15,136,NA,104,104,5,14,8,8,0.3,0.3
2026-07-23T1600,1639A,117.5854,34.7744,枣庄市,峄城区政府,,33,19,29,3,14,105,NA,92,92,3,13,4,5,0.5,0.4
2026-07-23T1600,1641A,117.4516,35.0992,枣庄市,山亭区环保局,,43,27,27,12,16,135,NA,106,106,5,7,5,9,0.4,0.4
2026-07-23T1600,1642A,121.2517,37.564,烟台市,开发区,,31,17,17,5,10,99,NA,100,100,9,11,5,6,0.6,0.6
2026-07-23T1600,1644A,121.3181,37.5436,烟台市,西郊化工站,,31,17,14,6,11,99,NA,95,95,4,7,7,5,0.6,0.5
2026-07-23T1600,1645A,121.4419,37.4858,烟台市,莱山环保局,,34,NA,8,12,12,106,NA,95,95,8,10,2,3,0.7,0.7
2026-07-23T1600,1646A,121.2619,37.4965,烟台市,福山环保局,,35,24,20,6,9,110,NA,108,108,12,11,4,4,0.3,0.2
2026-07-23T1600,1650A,119.1436,36.7022,潍坊市,环保局,,49,39,34,8,11,154,NA,137,137,11,14,4,5,0.8,0.7
2026-07-23T1600,1653A,116.6229,35.4288,济宁市,火炬城,,41,27,30,6,12,131,NA,118,118,4,8,4,4,0.6,0.6
2026-07-23T1600,1656A,117.1436,36.1938,泰安市,监测站,,42,29,29,12,17,133,NA,131,131,5,8,6,7,0.2,0.3
2026-07-23T1600,1657A,117.0905,36.2002,泰安市,人口学校,,44,24,32,11,18,139,NA,140,140,14,7,7,7,0.5,0.5
2026-07-23T1600,1658A,117.0992,36.1757,泰安市,电力学校,,41,24,27,11,17,131,NA,133,133,2,9,6,7,0.2,0.2
2026-07-23T1600,1659A,119.4711,35.421,日照市,监测站,,45,27,21,12,19,142,NA,102,102,16,19,18,11,1.3,0.9
2026-07-23T1600,1660A,119.523,35.4216,日照市,市政府广场,,40,22,16,10,18,126,NA,91,91,10,10,15,11,1.1,0.7
2026-07-23T1600,1661A,119.5511,35.4113,日照市,港务局,,37,27,16,10,14,118,NA,98,98,11,12,8,8,0.9,0.9
2026-07-23T1600,1662A,122.121,37.4231,威海市,华夏技校,,27,5,9,2,15,85,NA,88,88,6,10,/,/,0.3,0.3
2026-07-23T1600,1663A,122.0508,37.5236,威海市,山大分校,,30,7,13,5,16,95,NA,92,92,3,8,/,/,/,/
2026-07-23T1600,1664A,122.1067,37.5067,威海市,市监测站,,26,15,11,9,14,82,NA,76,76,7,11,2,2,0.4,0.5
2026-07-23T1600,1666A,118.6612,37.4313,东营市,市环保局,臭氧1小时(O3_1h),102,41,26,14,15,204,NA,147,147,10,11,7,8,0.6,0.5
2026-07-23T1600,1669A,113.5821,24.7733,韶关市,市八中,颗粒物(PM10),60,63,45,33,24,101,NA,89,89,6,15,5,17,0.6,0.7
2026-07-23T1600,1671A,113.5916,24.7973,韶关市,园林处,,32,31,40,22,24,102,NA,88,88,6,17,8,14,/,/
2026-07-23T1600,1673A,113.5971,24.6864,韶关市,曲江监测站,,30,30,38,21,20,92,NA,84,84,7,17,7,8,0.5,0.6
2026-07-23T1600,1674A,116.6795,23.3666,汕头市,金平子站,,38,38,40,16,20,83,NA,84,84,3,6,3,3,0.5,0.6
2026-07-23T1600,1675A,116.7248,23.3632,汕头市,龙湖子站,,30,30,33,13,22,71,NA,76,76,1,3,4,4,/,/
2026-07-23T1600,1676A,116.7257,23.2774,汕头市,濠江子站,,36,36,44,16,19,67,NA,71,71,2,11,6,6,/,/
2026-07-23T1600,1677A,116.7518,23.4712,汕头市,澄海子站,,49,49,50,18,22,89,NA,94,94,4,7,4,5,0.6,0.6
2026-07-23T1600,1678A,116.6088,23.2539,汕头市,潮阳子站,,33,33,37,16,22,65,NA,70,70,6,5,9,7,0.4,0.4
2026-07-23T1600,1680A,110.3648,21.2697,湛江市,湛江影剧院,,36,36,41,15,21,62,NA,74,74,7,9,9,7,0.7,0.6
2026-07-23T1600,1681A,110.3907,21.2279,湛江市,市环境监测站,,46,46,39,21,23,63,NA,67,67,7,9,3,4,0.5,0.6
2026-07-23T1600,1682A,110.3936,21.1943,湛江市,环保局宿舍,,40,40,39,19,22,68,NA,74,74,5,9,6,8,/,/
2026-07-23T1600,1683A,110.4138,21.2033,湛江市,霞山游泳场,,39,39,38,23,20,63,NA,71,71,8,6,6,7,/,/
2026-07-23T1600,1685A,110.4512,21.239,湛江市,坡头区环保局,,37,37,38,18,21,66,NA,70,70,4,5,4,4,0.4,0.4
2026-07-23T1600,1686A,111.0285,21.469,茂名市,电白南海,颗粒物(PM10),55,56,45,19,19,61,NA,70,64,5,4,2,2,0.4,0.5
2026-07-23T1600,1687A,110.9294,21.6533,茂名市,茂石化七小,,39,39,44,15,20,61,NA,63,63,6,8,6,7,0.7,0.8
2026-07-23T1600,1688A,110.9108,21.6688,茂名市,健康路,NA,NA,34,37,15,19,62,NA,62,62,NA,7,4,4,NA,0.6
2026-07-23T1600,1689A,110.8592,21.6826,茂名市,高岭,,44,44,48,17,20,60,NA,60,60,4,7,4,5,/,/
2026-07-23T1600,1690A,116.1248,24.3307,梅州市,梅江月梅,,32,32,38,16,22,69,NA,64,64,4,8,/,/,/,/
2026-07-23T1600,1691A,116.0798,24.2719,梅州市,梅县新城,,33,33,36,11,21,68,NA,61,61,5,10,9,9,0.4,0.5
2026-07-23T1600,1693A,115.3653,22.7751,汕尾市,市环保局,,35,35,34,13,16,66,NA,62,62,1,2,5,5,0.4,0.4
2026-07-23T1600,1695A,115.362,22.7926,汕尾市,新城中学,NA,NA,NA,38,14,17,66,NA,62,62,2,3,6,6,0.4,0.6
2026-07-23T1600,1697A,114.6962,23.7538,河源市,东埔,,49,37,39,34,23,99,NA,80,80,5,8,4,5,0.3,0.3
2026-07-23T1600,1698A,114.6895,23.7232,河源市,老城,,46,39,43,32,25,101,NA,81,81,8,12,8,11,0.5,0.5
2026-07-23T1600,1701A,111.9491,21.8658,阳江市,马南垌,,36,36,35,19,18,71,NA,67,67,2,3,6,5,0.4,0.5
2026-07-23T1600,1703A,113.0218,23.7086,清远市,凤城街办,,43,43,42,23,22,135,NA,104,104,9,19,/,/,/,/
2026-07-23T1600,1708A,116.3701,23.5345,揭阳市,新兴,NA,NA,NA,47,NA,22,85,NA,66,66,NA,10,NA,6,NA,0.5
2026-07-23T1600,1709A,116.3261,23.5442,揭阳市,西马,,33,33,48,12,22,76,NA,65,65,3,7,4,5,0.6,0.6
2026-07-23T1600,1710A,116.361,23.5627,揭阳市,东兴,,38,38,44,13,22,77,NA,66,66,6,11,5,5,/,/
2026-07-23T1600,1711A,116.4151,23.5295,揭阳市,渔湖,,41,41,47,19,23,93,NA,73,73,4,8,3,3,/,/
2026-07-23T1600,1714A,112.0281,22.9738,云浮市,牧羊,,48,48,37,12,14,70,NA,61,61,7,11,11,20,0.6,0.7
2026-07-23T1600,1715A,102.575,24.371,玉溪市,东风水库,,31,NA,16,5,9,97,NA,82,82,5,8,3,3,0.3,0.4
2026-07-23T1600,1723A,113.2926,40.0759,大同市,云冈宾馆,臭氧1小时(O3_1h),60,20,28,6,11,168,NA,154,154,7,13,7,9,0.6,0.6
2026-07-23T1600,1724A,113.3437,40.0921,大同市,大同大学,臭氧1小时(O3_1h),59,22,31,9,12,167,NA,158,158,6,14,7,8,0.4,0.5
2026-07-23T1600,1725A,113.2637,40.129,大同市,安家小村,臭氧1小时(O3_1h),72,35,32,14,13,177,NA,161,161,8,13,8,9,0.2,0.3
2026-07-23T1600,1727A,113.1146,36.1547,长治市,清华站,,43,27,27,25,21,135,NA,117,117,4,7,7,8,0.6,0.9
2026-07-23T1600,1730A,113.0887,36.2126,长治市,审计局,,48,NA,29,33,23,141,NA,126,126,2,7,10,10,0.7,0.9
2026-07-23T1600,1731A,113.0845,36.1856,长治市,长治八中,,41,32,33,23,22,131,NA,115,115,3,8,11,11,0.7,1
2026-07-23T1600,1733A,111.5552,36.0791,临汾市,临钢医院,臭氧1小时(O3_1h),75,35,35,17,12,180,NA,145,145,11,15,7,9,0.6,0.7
2026-07-23T1600,1734A,111.4984,36.0734,临汾市,技工学校,臭氧1小时(O3_1h),67,48,42,28,20,173,NA,138,138,7,12,5,8,0.6,0.7
2026-07-23T1600,1736A,111.5017,36.0857,临汾市,市委,臭氧1小时(O3_1h),65,55,54,20,14,172,NA,137,137,7,12,6,9,0.6,0.6
2026-07-23T1600,1739A,113.4894,37.8717,阳泉市,赛鱼,,46,37,29,32,15,87,NA,122,122,39,15,11,9,0.9,0.9
2026-07-23T1600,1740A,113.582,37.8473,阳泉市,南庄,,42,NA,30,24,17,134,NA,131,131,7,14,10,18,0.7,0.8
2026-07-23T1600,1742A,113.5616,37.8706,阳泉市,平坦,,43,27,26,20,17,136,NA,131,131,6,12,8,13,0.6,0.7
2026-07-23T1600,1743A,113.5115,37.8391,阳泉市,大阳泉,,35,NA,18,20,13,111,NA,111,111,3,7,6,8,0.6,0.7
2026-07-23T1600,1744A,118.9229,42.2816,赤峰市,松山一中,,38,23,15,12,13,120,NA,112,112,6,7,8,8,0.8,0.7
2026-07-23T1600,1745A,118.9588,42.2733,赤峰市,哈达街,,34,NA,17,17,13,107,NA,99,99,13,12,13,13,0.6,0.5
2026-07-23T1600,1746A,118.8792,42.2551,赤峰市,天义路,,32,NA,12,15,12,101,NA,96,96,8,10,8,10,0.6,0.6
2026-07-23T1600,1748A,123.0441,41.1201,鞍山市,深沟寺,,27,27,29,13,21,85,NA,111,111,6,9,7,7,0.6,0.8
2026-07-23T1600,1749A,123.011,41.0931,鞍山市,太阳城,,31,24,29,14,22,98,NA,112,112,9,9,7,7,0.8,1
2026-07-23T1600,1750A,123.0483,41.1445,鞍山市,太平,颗粒物(PM10),70,78,39,40,22,165,NA,130,130,20,12,10,7,1.9,0.8
2026-07-23T1600,1751A,122.964,41.0968,鞍山市,铁西三道街,,46,31,36,17,25,145,NA,138,138,8,11,5,4,0.9,1
2026-07-23T1600,1753A,123.0219,41.0822,鞍山市,明达新区,,35,21,28,12,20,110,NA,116,116,6,8,4,3,0.7,0.9
2026-07-23T1600,1755A,123.7974,41.8494,抚顺市,望花区,,45,17,35,8,22,144,NA,119,119,8,15,9,11,0.7,0.7
2026-07-23T1600,1756A,123.9161,41.8827,抚顺市,顺城区,,39,12,30,5,19,122,NA,112,112,8,19,9,9,0.6,0.8
2026-07-23T1600,1757A,124.0437,41.8615,抚顺市,东洲区,,46,19,25,10,14,146,NA,116,116,9,9,10,7,0.4,0.3
2026-07-23T1600,1758A,123.9246,41.8638,抚顺市,新抚区,,37,19,31,5,19,116,NA,101,101,5,16,9,8,0.6,0.8
2026-07-23T1600,1759A,124.0972,41.8961,抚顺市,大伙房水库,,47,17,22,6,15,149,NA,110,110,8,11,12,11,0.5,0.6
2026-07-23T1600,1760A,123.708,41.8386,抚顺市,沈抚新城,臭氧1小时(O3_1h),63,22,38,7,19,170,NA,134,134,11,16,9,8,0.9,0.9
2026-07-23T1600,1761A,123.8274146,41.31234549,本溪市,大峪,,33,16,21,6,11,105,NA,109,109,2,9,5,5,0.4,0.4
2026-07-23T1600,1763A,123.7169,41.3094,本溪市,彩屯,,36,17,29,4,18,113,NA,96,96,7,15,8,9,0.7,1.4
2026-07-23T1600,1764A,123.7672166,41.28649327,本溪市,东明,,39,31,27,8,12,122,NA,108,108,4,8,4,4,0.5,0.6
2026-07-23T1600,1765A,123.799345,41.266614,本溪市,新立屯,,32,21,20,5,9,100,NA,98,98,8,12,7,7,0.6,0.6
2026-07-23T1600,1766A,123.829144,41.336777,本溪市,威宁,,30,28,26,10,14,94,NA,112,112,4,11,9,8,0.4,0.6
2026-07-23T1600,1767A,121.1114,41.0879,锦州市,南山,,33,29,32,13,24,104,NA,92,92,5,15,1,4,0.3,0.4
2026-07-23T1600,1768A,121.060361,40.842794,锦州市,开发区,,38,21,40,19,16,120,NA,108,108,10,17,6,6,0.5,0.5
2026-07-23T1600,1769A,121.1836,41.1118,锦州市,百股街道,,38,29,24,18,18,121,NA,107,107,3,5,2,3,1.0,0.7
2026-07-23T1600,1770A,121.1176,41.1224,锦州市,天安街道,,35,33,33,16,22,111,NA,99,99,8,17,3,4,0.3,0.4
2026-07-23T1600,1771A,121.1303,41.1385,锦州市,北湖公园,,34,28,40,16,22,107,NA,97,97,5,11,3,4,0.5,0.5
2026-07-23T1600,1772A,126.54,43.8622,吉林市,哈达湾,,33,16,28,12,23,103,NA,126,126,17,13,7,6,0.5,0.6
2026-07-23T1600,1773A,126.5843,43.8358,吉林市,东局子,,32,13,25,10,19,101,NA,111,111,16,11,4,4,0.3,0.4
2026-07-23T1600,1774A,126.5051,43.8243,吉林市,电力学院,,36,19,32,11,22,114,NA,129,129,7,11,5,5,0.3,0.5
2026-07-23T1600,1775A,126.6133,43.8971,吉林市,江北,,33,33,33,20,22,76,NA,109,109,21,10,6,6,0.5,0.7
2026-07-23T1600,1776A,126.5549,43.8304,吉林市,江南公园,,35,19,28,10,20,112,NA,119,119,14,7,4,3,0.2,0.3
2026-07-23T1600,1779A,123.9307,47.3641,齐齐哈尔市,安居小区,,45,45,31,24,15,114,NA,110,110,9,7,4,4,1.0,0.8
2026-07-23T1600,1780A,123.9497,47.3389,齐齐哈尔市,中心广场,,43,43,32,23,14,122,NA,117,117,10,9,4,5,0.7,0.6
2026-07-23T1600,1781A,123.9483,47.3229,齐齐哈尔市,农牧车辆厂,颗粒物(PM10),51,51,37,26,15,118,NA,113,113,8,7,6,6,0.2,0.2
2026-07-23T1600,1783A,123.9442,47.2994,齐齐哈尔市,市环境监测站,,42,42,27,26,14,108,NA,104,104,8,6,3,3,0.8,0.7
2026-07-23T1600,1784A,129.61,44.561,牡丹江市,环保大楼,,34,34,29,14,19,78,NA,88,88,6,12,7,7,0.5,0.5
2026-07-23T1600,1787A,129.6364,44.6075,牡丹江市,机车工厂,,28,20,34,10,24,89,NA,88,88,9,16,6,5,0.4,0.5
2026-07-23T1600,1788A,129.6386,44.5462,牡丹江市,第一中学,,25,15,28,6,14,78,NA,89,89,7,13,13,11,0.5,0.5
2026-07-23T1600,1789A,124.8085,46.0381,大庆市,大同区,,42,28,49,23,30,134,NA,126,126,8,11,6,6,0.5,0.8
2026-07-23T1600,1790A,125.1166,46.5255,大庆市,龙凤区,,48,48,43,20,31,116,NA,110,110,10,10,8,7,0.1,0.2
2026-07-23T1600,1791A,124.8894,46.4007,大庆市,红岗区,,36,33,39,11,29,113,NA,107,107,4,5,6,6,0.4,0.7
2026-07-23T1600,1792A,125.1391,46.578,大庆市,萨尔图区,,36,29,47,15,33,115,NA,107,107,12,10,7,6,0.4,0.6
2026-07-23T1600,1793A,124.9026,46.6217,大庆市,让胡路区,,34,32,46,18,37,108,NA,104,104,8,9,5,4,0.4,0.7
2026-07-23T1600,1794A,118.3603,31.3515,芜湖市,监测站,,30,30,32,21,19,51,NA,78,78,33,21,6,6,0.6,0.6
2026-07-23T1600,1795A,118.3716,31.4135,芜湖市,科创中心,,33,33,35,15,19,32,NA,82,82,44,23,4,4,0.5,0.4
2026-07-23T1600,1796A,118.3671,31.3132,芜湖市,四水厂,,21,18,30,14,17,66,NA,80,80,16,15,6,6,0.5,0.4
2026-07-23T1600,1798A,118.5084,31.6838,马鞍山市,湖东路四小,,25,NA,40,12,15,77,NA,97,97,10,12,7,8,0.8,0.7
2026-07-23T1600,1799A,118.5019,31.6449,马鞍山市,开发区,,25,19,38,12,20,77,NA,98,98,7,11,5,5,0.7,0.7
2026-07-23T1600,1803A,115.9873,29.6816,九江市,十里,NA,NA,NA,23,NA,12,NA,NA,84,84,NA,12,NA,4,NA,0.5
2026-07-23T1600,1804A,115.9583,29.7047,九江市,茅山头,,26,NA,23,11,14,81,NA,87,87,8,13,4,4,0.5,0.5
2026-07-23T1600,1805A,115.9877,29.7295,九江市,西园,,25,15,18,12,12,79,NA,84,84,14,14,2,4,0.4,0.4
2026-07-23T1600,1808A,115.9112,29.6038,九江市,综合工业园,,27,15,17,8,10,85,NA,92,92,6,13,1,2,0.3,0.3
2026-07-23T1600,1812A,112.3934,34.6517,洛阳市,市委党校,,47,33,31,29,19,150,NA,122,122,7,11,8,8,0.5,0.5
2026-07-23T1600,1815A,112.494,34.6883,洛阳市,河南林校,臭氧1小时(O3_1h),55,31,37,25,17,164,NA,134,134,9,15,12,12,0.4,0.3
2026-07-23T1600,1816A,112.3843,34.623,洛阳市,开发区管委会,,49,NA,28,31,19,155,NA,130,130,10,14,12,12,0.6,0.6
2026-07-23T1600,1817A,112.4263,34.6249,洛阳市,市委新办公区,细颗粒物(PM2.5),62,NA,26,41,17,141,NA,121,121,6,11,11,11,0.4,0.3
2026-07-23T1600,1819A,114.3552,36.1017,安阳市,红庙街,,45,24,18,18,13,144,NA,140,140,3,6,3,4,0.4,0.4
2026-07-23T1600,1820A,114.361,36.0681,安阳市,银杏小区,,46,NA,20,21,13,147,NA,144,144,6,7,2,2,0.4,0.5
2026-07-23T1600,1824A,114.3389,34.778,开封市,肿瘤医院,,41,37,32,23,21,129,NA,118,118,11,12,4,5,0.7,0.3
2026-07-23T1600,1826A,114.2884,34.7966,开封市,世纪星幼儿园,臭氧1小时(O3_1h),64,35,30,28,20,171,NA,137,137,8,10,3,4,0.7,0.6
2026-07-23T1600,1832A,113.3257,33.7423,平顶山市,新华旅馆,,41,24,26,9,17,130,NA,100,100,7,12,3,4,0.6,0.6
2026-07-23T1600,1833A,113.2917,33.737,平顶山市,规划设计院,,39,20,27,10,17,124,NA,98,98,8,11,6,6,0.5,0.5
2026-07-23T1600,1834A,113.182,33.7738,平顶山市,平顶山工学院,,40,NA,21,23,20,126,NA,101,101,6,9,8,7,0.6,0.6
2026-07-23T1600,1835A,111.1922,34.7752,三门峡市,市政府,,45,40,45,31,29,123,NA,113,113,7,11,7,9,0.6,0.6
2026-07-23T1600,1836A,111.1588,34.794,三门峡市,开发区,,40,37,51,20,29,127,NA,116,116,11,12,6,7,0.5,0.6
2026-07-23T1600,1840A,111.2991,30.6981,宜昌市,白龙岗,颗粒物(PM10),51,51,30,30,16,132,NA,99,99,6,8,9,9,0.3,0.3
2026-07-23T1600,1842A,111.263451,30.696754,宜昌市,点军区,,48,36,24,33,18,145,NA,131,131,12,21,7,6,0.3,0.3
2026-07-23T1600,1843A,111.3276,30.782,宜昌市,夷陵区,NA,NA,38,16,23,11,132,NA,103,103,9,10,NA,5,0.3,0.3
2026-07-23T1600,1844A,112.2493,30.3198,荆州市,市图书馆,,32,29,16,17,10,101,NA,93,93,4,7,4,4,0.4,0.4
2026-07-23T1600,1845A,112.2009,30.3543,荆州市,市委党校,,28,23,17,10,10,89,NA,72,72,3,6,4,5,0.5,0.5
2026-07-23T1600,1848A,113.1494,29.425,岳阳市,城陵矶,,32,23,29,6,5,102,NA,81,81,2,8,1,2,0.9,0.9
2026-07-23T1600,1849A,113.1493,29.3575,岳阳市,开发区,,34,16,20,5,10,107,NA,84,84,2,9,4,5,0.6,0.7
2026-07-23T1600,1850A,113.2672,29.4752,岳阳市,云溪区,,31,19,19,16,10,99,NA,75,75,2,3,3,3,0.8,0.8
2026-07-23T1600,1851A,112.9944,29.44,岳阳市,君山区,,35,25,25,18,9,110,NA,82,82,11,14,2,3,0.4,0.5
2026-07-23T1600,1854A,111.696,28.9725,常德市,市二中,,25,24,18,14,7,80,NA,69,69,2,4,6,6,0.9,0.9
2026-07-23T1600,1858A,110.532,29.1219,张家界市,永定新区,,20,15,20,14,18,58,NA,64,64,4,7,/,/,/,/
2026-07-23T1600,1859A,110.4696,29.1244,张家界市,电业局,,24,24,23,12,17,62,NA,55,55,6,7,6,6,0.6,0.7
2026-07-23T1600,1860A,110.5573,29.3486,张家界市,未央路,,29,14,8,14,14,90,NA,72,72,4,6,8,7,0.3,0.4
2026-07-23T1600,1864A,110.3091,25.2705,桂林市,龙隐路小学,,26,26,22,15,10,59,NA,52,52,2,5,4,4,0.6,0.7
2026-07-23T1600,1865A,110.2849361,25.22909545,桂林市,八中,,24,24,25,6,10,58,NA,50,50,5,9,4,4,0.4,0.5
2026-07-23T1600,1867A,109.1435,21.4085,北海市,海滩公园,,33,33,38,6,13,82,NA,67,67,3,4,2,2,0.7,0.5
2026-07-23T1600,1868A,109.0983,21.466,北海市,新市环保局,,27,17,24,3,13,84,NA,68,68,5,6,1,2,0.6,0.6
2026-07-23T1600,1869A,109.1775,21.5232,北海市,北海工业园,,26,26,32,4,13,65,NA,60,60,12,8,1,4,0.5,0.5
2026-07-23T1600,1870A,109.4854,24.3898,柳州市,柳东小学,,27,24,26,11,14,84,NA,66,66,4,8,4,4,0.7,0.7
2026-07-23T1600,1871A,109.4109,24.3304,柳州市,环保监测站,,26,26,25,10,12,77,NA,65,65,8,9,8,8,0.7,0.8
2026-07-23T1600,1872A,109.3886,24.3408,柳州市,河西水厂,,29,29,29,18,14,73,NA,62,62,15,12,8,8,0.6,0.7
2026-07-23T1600,1873A,109.4263,24.2951,柳州市,市四中,,34,34,34,13,17,80,NA,65,65,4,9,5,5,0.5,0.6
2026-07-23T1600,1874A,109.396,24.3658,柳州市,市九中,,33,33,30,9,12,85,NA,67,67,5,8,6,6,0.4,0.6
2026-07-23T1600,1875A,109.4912,24.3164,柳州市,古亭山,,26,26,26,11,14,74,NA,55,55,2,9,3,3,0.6,0.6
2026-07-23T1600,1877A,109.4962,18.2682,三亚市,河西子站,,38,38,33,21,21,93,NA,86,86,4,7,3,3,0.3,0.3
2026-07-23T1600,1878A,104.7775,31.4741,绵阳市,富乐山,臭氧1小时(O3_1h),67,42,48,19,29,173,NA,149,149,7,14,14,13,0.7,0.8
2026-07-23T1600,1880A,104.6698,31.4668,绵阳市,高新区自来水公司,臭氧1小时(O3_1h),77,40,60,18,28,181,NA,161,161,4,20,14,13,0.7,0.8
2026-07-23T1600,1883A,104.6204,28.7728,宜宾市,市委,臭氧1小时(O3_1h),101,47,39,34,21,202,NA,158,158,9,15,8,10,0.8,0.8
2026-07-23T1600,1884A,104.6056,28.7931,宜宾市,宜宾四中,臭氧1小时(O3_1h),78,40,40,30,25,182,NA,144,144,8,14,9,12,0.7,0.7
2026-07-23T1600,1886A,104.5743,28.7199,宜宾市,黄金嘴,臭氧1小时(O3_1h),97,46,40,29,23,197,NA,152,152,9,15,9,12,0.4,0.5
2026-07-23T1600,1888A,101.6891,26.571,攀枝花市,弄弄坪,,46,43,44,15,19,147,NA,110,110,10,21,16,23,0.6,0.9
2026-07-23T1600,1889A,101.577,26.5914,攀枝花市,河门口,臭氧1小时(O3_1h),104,44,30,33,15,207,NA,137,137,10,15,27,18,1.9,1.3
2026-07-23T1600,1891A,101.7365,26.4986,攀枝花市,仁和,,35,26,31,16,22,109,NA,91,91,5,9,10,10,0.5,0.7
2026-07-23T1600,1894A,105.4427,28.9063,泸州市,小市上码头,臭氧1小时(O3_1h),101,38,35,23,21,201,NA,168,168,7,13,7,9,0.4,0.5
2026-07-23T1600,1895A,105.4241,28.8573,泸州市,兰田宪桥,臭氧1小时(O3_1h),77,38,43,15,20,181,NA,143,143,8,17,8,8,0.5,0.6
2026-07-23T1600,1896A,105.4378,28.8833,泸州市,市环监站,臭氧1小时(O3_1h),70,20,22,9,9,176,NA,145,145,8,19,8,8,0.6,0.3
2026-07-23T1600,1901A,104.424,31.1209,德阳市,东山公园,,50,32,43,17,30,157,NA,126,126,3,13,6,7,0.7,0.8
2026-07-23T1600,1902A,104.3827,31.1318,德阳市,西小区,臭氧1小时(O3_1h),78,32,45,20,31,182,NA,138,138,10,23,12,16,0.6,0.7
2026-07-23T1600,1904A,104.3553,31.1091,德阳市,耐火材料厂,臭氧1小时(O3_1h),80,40,51,18,33,184,NA,135,135,4,22,4,8,0.7,0.8
2026-07-23T1600,1906A,106.0791,30.8022,南充市,南充市委,,45,44,48,18,22,141,NA,133,133,4,11,8,9,0.3,0.3
2026-07-23T1600,1907A,106.1038,30.8215,南充市,南充炼油厂,,48,48,52,18,22,136,NA,127,127,3,10,7,8,0.3,0.4
2026-07-23T1600,1911A,106.9218,27.6872,遵义市,丁字口,,40,35,30,28,23,125,NA,102,102,6,9,7,7,0.4,0.5
2026-07-23T1600,1912A,106.9241,27.7044,遵义市,凤凰山,NA,NA,NA,27,26,22,123,NA,98,98,NA,4,5,7,0.6,0.6
2026-07-23T1600,1913A,106.8895,27.648,遵义市,忠庄,,44,NA,35,28,24,139,NA,110,110,6,9,3,4,0.8,0.8
2026-07-23T1600,1915A,106.9225,27.7253,遵义市,干田坝,,45,34,36,31,22,116,NA,95,95,5,10,2,3,0.5,0.6
2026-07-23T1600,1916A,103.7897,25.5036,曲靖市,环境监测站,,45,34,35,17,21,142,NA,117,117,11,16,2,4,0.6,0.7
2026-07-23T1600,1917A,103.8013,25.5357,曲靖市,烟厂办公区,NA,NA,NA,36,21,22,114,NA,99,99,9,17,NA,4,0.5,0.7
2026-07-23T1600,1919A,108.6726,34.315,咸阳市,实验中学,臭氧1小时(O3_1h),93,36,33,19,14,194,NA,167,167,6,9,7,6,0.3,0.3
2026-07-23T1600,1920A,108.7226,34.3622,咸阳市,师范学院,臭氧1小时(O3_1h),82,40,36,21,15,185,NA,158,158,4,9,7,6,0.5,0.5
2026-07-23T1600,1923A,109.0696,35.0699,铜川市,王益区政府,臭氧1小时(O3_1h),54,38,26,24,15,163,NA,130,130,6,10,8,8,0.4,0.4
2026-07-23T1600,1924A,108.9345,34.9059,铜川市,新区管委会,臭氧1小时(O3_1h),62,38,30,19,15,169,NA,143,143,12,14,6,9,0.4,0.4
2026-07-23T1600,1927A,109.4569,36.6161,延安市,延大医附院,,38,27,25,11,17,119,NA,94,94,5,19,2,2,0.6,0.6
2026-07-23T1600,1929A,109.5053,36.6105,延安市,百米大道,,39,36,45,13,22,123,NA,101,101,2,21,3,3,0.5,0.5
2026-07-23T1600,1931A,107.0802,34.3129,宝鸡市,竹园沟,NA,NA,NA,27,NA,13,NA,NA,185,NA,NA,6,NA,7,NA,0.7
2026-07-23T1600,1933A,107.1429,34.3549,宝鸡市,监测站,臭氧1小时(O3_1h),72,41,33,17,14,177,NA,136,136,6,8,10,9,0.4,0.4
2026-07-23T1600,1934A,107.1172,34.3759,宝鸡市,技工学校,臭氧1小时(O3_1h),78,38,32,16,15,182,NA,138,138,6,6,6,6,0.4,0.5
2026-07-23T1600,1936A,107.2025,34.3518,宝鸡市,文理学院,NA,NA,27,31,15,15,176,NA,139,139,NA,11,8,9,0.5,0.6
2026-07-23T1600,1937A,107.2396,34.3626,宝鸡市,三迪小学,臭氧1小时(O3_1h),78,44,37,18,16,182,NA,140,140,13,13,4,5,0.4,0.5
2026-07-23T1600,1940A,109.4605,34.4927,渭南市,体育馆,臭氧1小时(O3_1h),54,39,38,21,19,163,NA,144,144,6,14,8,10,0.5,0.5
2026-07-23T1600,1941A,109.4257,34.5067,渭南市,高新一小,臭氧1小时(O3_1h),58,45,37,20,18,166,NA,144,144,3,7,8,10,0.5,0.5
2026-07-23T1600,1944A,102.1691,38.5166,金昌市,天庆家园,,41,41,56,4,21,130,NA,111,111,5,16,2,15,0.1,0.5
2026-07-23T1600,1945A,98.291,39.7705,嘉峪关市,气象局,颗粒物(PM10),112,149,46,41,16,144,NA,124,124,4,14,2,4,0.6,0.6
2026-07-23T1600,1948A,106.3668,39.0145,石嘴山市,大武口朝阳西街,臭氧1小时(O3_1h),109,61,59,17,22,217,NA,172,172,11,20,18,17,1.9,1.1
2026-07-23T1600,1949A,106.7713,39.2278,石嘴山市,惠农南大街,臭氧1小时(O3_1h),70,43,51,15,17,176,NA,146,146,11,17,12,17,0.3,0.4
2026-07-23T1600,1950A,106.7074,39.1332,石嘴山市,红果子镇惠新街,臭氧1小时(O3_1h),68,39,54,13,18,174,NA,145,145,7,20,10,11,0.6,0.7
2026-07-23T1600,1951A,84.886,45.6029,克拉玛依市,长征新村,NA,NA,NA,19,NA,9,122,NA,95,89,3,7,3,4,NA,0.3
2026-07-23T1600,1952A,84.8894,45.5827,克拉玛依市,南林小区,,37,8,19,0,2,118,NA,91,84,1,7,5,6,0.2,0.1
2026-07-23T1600,1954A,84.896,44.3328,克拉玛依市,独山子区,,30,22,17,0,2,93,NA,100,82,8,6,7,6,0.4,0.3
2026-07-23T1600,1955A,85.6888,46.0909,克拉玛依市,乌尔禾区商贸楼,,39,14,28,6,15,122,NA,86,86,3,9,8,8,0.2,0.2
2026-07-23T1600,1956A,86.1476,41.7529,巴音郭楞蒙古自治州,孔雀公园,颗粒物(PM10),65,71,67,17,16,111,NA,120,105,6,6,7,7,0.2,0.2
2026-07-23T1600,1957A,86.1971,41.7166,巴音郭楞蒙古自治州,棉纺厂,颗粒物(PM10),77,87,77,16,18,114,NA,108,104,4,10,/,/,/,/
2026-07-23T1600,1958A,86.236,41.7172,巴音郭楞蒙古自治州,经济开发区,颗粒物(PM10),60,63,71,10,19,109,NA,108,105,6,7,4,4,0.3,0.2
2026-07-23T1600,1961A,117.5323,36.6865,济南市,东山小学,臭氧1小时(O3_1h),80,34,35,5,9,184,NA,155,155,8,13,4,4,0.5,0.5
2026-07-23T1600,1982A,122.0693,37.2175,威海市,文登开发区,,29,14,11,6,11,91,NA,100,100,7,8,/,/,/,/
2026-07-23T1600,2031A,113.1836,27.9959,株洲市,云田中学,,30,20,24,14,14,94,NA,76,76,4,6,8,8,0.3,0.3
2026-07-23T1600,2054A,114.1096,32.1059,信阳市,平桥分局,,28,12,11,11,8,87,NA,75,75,4,6,5,6,0.4,0.5
2026-07-23T1600,2064A,113.9956,32.1272,信阳市,南湾水厂,NA,NA,8,14,8,7,88,NA,75,75,3,4,6,6,NA,0.5
2026-07-23T1600,2065A,114.078,32.1194,信阳市,市酿酒公司,,27,14,15,5,6,85,NA,73,73,3,4,5,5,0.5,0.6
2026-07-23T1600,2066A,114.0712,32.1393,信阳市,审计局,,29,NA,19,15,8,91,NA,78,78,3,5,7,7,0.5,0.6
2026-07-23T1600,2068A,114.6755,33.6347,周口市,周口师范,,36,17,18,9,9,114,NA,86,86,4,9,4,4,0.6,0.7
2026-07-23T1600,2160A,112.8496,35.5051,晋城市,自来水公司,,49,36,29,26,12,155,NA,122,122,6,10,4,4,0.5,0.7
2026-07-23T1600,2162A,112.8509,35.4886,晋城市,市环保局,颗粒物(PM10),63,68,40,36,16,146,NA,114,114,6,8,4,5,0.5,0.7
2026-07-23T1600,2166A,112.4399,39.3521,朔州市,平朔,,49,14,31,2,11,154,NA,128,128,4,10,4,5,0.2,0.2
2026-07-23T1600,2167A,112.4574,39.362,朔州市,朔唯,,50,18,35,4,9,158,NA,129,129,2,11,4,5,/,/
2026-07-23T1600,2168A,112.426,39.3199,朔州市,区政府,,48,17,24,3,7,152,NA,132,132,4,10,10,6,0.3,0.3
2026-07-23T1600,2169A,112.4075,39.3277,朔州市,市环保局,,46,13,26,3,10,145,NA,137,137,5,11,4,4,/,/
2026-07-23T1600,2170A,112.4273,39.3682,朔州市,市二中,臭氧1小时(O3_1h),59,17,32,4,9,167,NA,135,135,7,16,4,4,/,/
2026-07-23T1600,2174A,112.6992,37.6984,晋中市,榆次区政府,臭氧1小时(O3_1h),69,34,30,28,20,175,NA,148,148,5,7,9,8,0.3,0.2
2026-07-23T1600,2175A,110.996,35.0148,运城市,运城中学,,42,33,38,25,18,132,NA,117,117,4,6,3,4,0.5,0.5
2026-07-23T1600,2178A,110.9685,35.0305,运城市,地区技校,NA,NA,36,34,18,19,146,NA,134,134,3,7,NA,4,0.6,0.6
2026-07-23T1600,2181A,112.7313,38.457,忻州市,开发区,臭氧1小时(O3_1h),59,30,33,26,16,167,NA,140,140,11,19,7,6,0.7,0.6
2026-07-23T1600,2182A,112.7023,38.4932,忻州市,会展中心,臭氧1小时(O3_1h),54,34,34,21,18,163,NA,129,129,8,13,7,6,0.7,0.5
2026-07-23T1600,2183A,111.1447,37.5212,吕梁市,环保局,,49,32,27,9,8,155,NA,113,113,10,12,7,8,0.3,0.3
2026-07-23T1600,2185A,111.1285,37.5338,吕梁市,自来水公司,,48,30,37,3,11,153,NA,111,111,6,15,5,6,0.4,0.4
2026-07-23T1600,2187A,106.8172,39.6972,乌海市,市林业局,臭氧1小时(O3_1h),95,43,51,21,17,196,NA,146,146,7,18,12,20,0.3,0.5
2026-07-23T1600,2188A,106.7907,39.6666,乌海市,中海勃湾学校,臭氧1小时(O3_1h),104,40,47,19,17,208,NA,153,153,8,18,18,20,0.3,0.5
2026-07-23T1600,2191A,122.253,43.6801,通辽市,艺术职业学校,,48,29,50,20,33,151,NA,152,152,8,10,5,6,0.3,0.5
2026-07-23T1600,2195A,107.4206,40.7609,巴彦淖尔市,附二中,臭氧1小时(O3_1h),93,34,80,15,29,194,NA,146,146,9,10,14,15,0.8,0.7
2026-07-23T1600,2196A,107.37,40.7372,巴彦淖尔市,市环保大楼,臭氧1小时(O3_1h),79,44,95,15,27,183,NA,144,144,7,8,11,11,0.8,0.7
2026-07-23T1600,2197A,113.1306,40.9924,乌兰察布市,集宁新区,臭氧1小时(O3_1h),88,22,24,7,14,190,NA,165,165,6,9,4,6,0.6,0.5
2026-07-23T1600,2202A,116.1048,43.9318,锡林郭勒盟,市环保监测站,,42,17,18,2,8,132,NA,123,123,6,7,7,10,0.3,0.3
2026-07-23T1600,2203A,116.0778,43.9312,锡林郭勒盟,市政府,,38,12,13,2,9,121,NA,121,121,10,6,8,9,0.3,0.2
2026-07-23T1600,2205A,105.699,38.8409,阿拉善盟,蒙二幼,,50,34,33,8,9,160,NA,148,148,2,4,11,10,0.2,0.3
2026-07-23T1600,2206A,105.7198,38.8508,阿拉善盟,环保局新楼,,45,21,27,6,8,143,NA,138,138,3,3,11,10,0.4,0.4
2026-07-23T1600,2207A,121.6095,41.9978,阜新市,工业园区,,41,35,35,4,21,131,NA,127,127,7,12,4,8,0.5,0.6
2026-07-23T1600,2208A,121.6567,42.0188,阜新市,长青街,,40,19,32,4,20,128,NA,123,123,5,10,7,10,0.4,0.5
2026-07-23T1600,2209A,121.6672,42.07,阜新市,农业园区,,41,28,49,4,22,129,NA,126,126,7,10,2,3,0.6,0.7
2026-07-23T1600,2211A,121.6343,42.0455,阜新市,玉龙新城,,41,37,35,4,17,129,NA,120,120,5,10,1,3,0.5,0.7
2026-07-23T1600,2212A,123.1978,41.2036,辽阳市,宏伟区,,31,23,30,9,15,99,NA,100,100,4,5,6,6,0.4,0.4
2026-07-23T1600,2213A,123.1684,41.2497,辽阳市,新华园,,40,38,30,10,18,127,NA,135,135,6,8,6,6,0.6,0.8
2026-07-23T1600,2214A,123.2355,41.2663,辽阳市,滨河路,,32,29,27,9,17,101,NA,110,110,7,9,7,7,0.7,0.8
2026-07-23T1600,2217A,123.865,42.292,铁岭市,水上乐园,,44,27,38,7,20,138,NA,120,120,10,16,8,8,0.4,0.5
2026-07-23T1600,2219A,123.7158,42.2218,铁岭市,金沙江路北,,45,38,41,9,25,143,NA,131,131,9,18,4,6,0.5,0.6
2026-07-23T1600,2220A,120.4318,41.588,朝阳市,西梁,,38,24,24,20,12,119,NA,113,113,5,9,9,10,0.7,0.8
2026-07-23T1600,2221A,120.452,41.565,朝阳市,河畔小区,,39,19,21,12,16,122,NA,118,118,4,7,10,11,0.7,0.8
2026-07-23T1600,2222A,120.4176,41.5648,朝阳市,八里堡,,37,28,27,6,13,117,NA,112,112,8,11,6,7,0.7,0.8
2026-07-23T1600,2226A,124.3744,43.1842,四平市,境园,,35,11,38,7,28,109,NA,119,119,1,9,4,5,0.3,0.6
2026-07-23T1600,2227A,125.1359,42.8845,辽源市,环保局,,34,18,29,4,19,107,NA,106,106,2,10,5,6,0.4,0.7
2026-07-23T1600,2229A,125.9359,41.7174,通化市,光明,,29,20,28,8,13,91,NA,81,81,3,11,9,11,0.4,0.6
2026-07-23T1600,2230A,125.9446,41.7323,通化市,铁路,,30,26,26,6,12,94,NA,86,86,8,16,10,11,0.4,0.6
2026-07-23T1600,2231A,126.4219,41.9172,白山市,喜丰,,36,36,51,5,15,82,NA,73,73,5,17,14,15,0.6,0.7
2026-07-23T1600,2232A,126.4082,41.9416,白山市,环保局,NA,NA,NA,28,NA,10,96,NA,76,76,NA,8,10,11,0.6,0.7
2026-07-23T1600,2233A,124.8007,45.1213,松原市,江南,细颗粒物(PM2.5),103,NA,54,63,44,136,NA,117,117,5,8,2,1,0.4,0.5
2026-07-23T1600,2234A,124.7967,45.1721,松原市,江北,,40,34,52,28,35,128,NA,112,112,6,5,1,2,0.4,0.6
2026-07-23T1600,2235A,122.7909,45.608,白城市,洮北区环保局,,40,20,33,17,31,128,NA,99,99,2,5,2,3,0.4,0.5
2026-07-23T1600,2236A,122.8741,45.5725,白城市,市环保局,,34,NA,32,20,27,107,NA,100,100,6,8,3,4,0.3,0.4
2026-07-23T1600,2237A,129.4704,42.8885,延边朝鲜族自治州,妇幼医院,,25,16,28,8,20,77,NA,67,67,1,10,6,6,0.4,0.5
2026-07-23T1600,2238A,129.5047,42.9117,延边朝鲜族自治州,延边医院,,25,12,23,8,16,79,NA,66,66,2,8,7,7,0.4,0.5
2026-07-23T1600,2239A,129.395,42.8884,延边朝鲜族自治州,朝阳川镇医院,,24,13,21,10,20,76,NA,63,63,2,12,12,12,0.3,0.4
2026-07-23T1600,2240A,130.9618,45.2926,鸡西市,环保局,,34,22,32,14,20,108,NA,103,103,11,20,10,11,0.5,0.5
2026-07-23T1600,2243A,130.9294,45.2959,鸡西市,第一中学,NA,NA,21,28,15,21,104,NA,111,111,NA,20,5,5,0.4,0.3
2026-07-23T1600,2244A,130.2537,47.3416,鹤岗市,哈啤分公司,,41,30,21,16,13,130,NA,98,98,8,11,4,4,0.1,0.1
2026-07-23T1600,2245A,130.2683,47.3087,鹤岗市,斯达机电,,35,20,27,19,17,111,NA,96,96,10,16,6,6,0.3,0.2
2026-07-23T1600,2246A,130.3114,47.3388,鹤岗市,东山纸板厂,,45,35,26,31,15,111,NA,91,91,12,21,5,6,0.2,0.3
2026-07-23T1600,2248A,131.1509,46.6936,双鸭山市,双合村,,33,17,28,17,18,103,NA,108,108,10,19,6,8,0.1,0.6
2026-07-23T1600,2249A,131.1651,46.6191,双鸭山市,南小市,NA,NA,NA,19,NA,13,94,NA,103,103,9,14,4,7,0.3,0.4
2026-07-23T1600,2250A,131.1526,46.6554,双鸭山市,环保局,,30,23,23,15,15,95,NA,100,100,8,12,5,6,0.0,0.2
2026-07-23T1600,2252A,128.8663,47.7199,伊春市,环保局,,26,13,14,12,8,82,NA,79,79,7,7,2,1,0.5,0.5
2026-07-23T1600,2253A,128.9014,47.732,伊春市,电力嘉园,NA,NA,NA,16,20,14,94,NA,83,83,4,7,9,4,NA,0.7
2026-07-23T1600,2255A,130.2749,46.8028,佳木斯市,佳纺,,49,49,67,7,14,100,NA,82,82,11,29,3,4,0.3,0.3
2026-07-23T1600,2257A,130.3258,46.7975,佳木斯市,环保局,,36,36,42,2,18,80,NA,75,75,21,38,3,5,0.4,0.5
2026-07-23T1600,2263A,127.4832,50.2524,黑河市,交通局,,27,20,19,8,10,84,NA,73,73,5,8,6,6,0.2,0.2
2026-07-23T1600,2264A,127.5146,50.2339,黑河市,环保局,,25,13,18,13,11,78,NA,66,66,9,9,8,8,0.2,0.3
2026-07-23T1600,2266A,126.9783,46.6365,绥化市,人和东街,,46,46,31,24,16,145,NA,114,114,11,14,14,10,0.5,0.4
2026-07-23T1600,2267A,126.964,46.6527,绥化市,党政办公中心,,47,40,28,22,15,149,NA,120,120,10,15,9,9,0.6,0.5
2026-07-23T1600,2269A,124.1068,50.4091,大兴安岭地区,科技局,,26,22,22,18,15,68,NA,62,62,3,3,5,7,0.1,0.4
2026-07-23T1600,2270A,117.396,32.9389,蚌埠市,工人疗养院,,19,12,16,9,8,59,NA,57,57,8,16,5,5,0.3,0.3
2026-07-23T1600,2271A,117.3606,32.9428,蚌埠市,百货大楼,,18,NA,8,7,8,55,NA,53,53,5,17,8,8,0.7,0.7
2026-07-23T1600,2273A,117.4183,32.8909,蚌埠市,蚌埠学院,,20,NA,8,14,7,56,NA,54,54,2,5,5,5,0.4,0.4
2026-07-23T1600,2274A,117.3534,32.9672,蚌埠市,淮上区政府,,20,12,12,5,5,64,NA,57,57,4,17,6,6,0.4,0.4
2026-07-23T1600,2275A,117.3143,32.8977,蚌埠市,高新区,,17,12,9,4,6,54,NA,53,53,6,9,9,9,0.4,0.4
2026-07-23T1600,2277A,116.8304,32.7726,淮南市,潘集区政府,,19,9,10,0,5,60,NA,54,54,8,12,5,5,0.3,0.3
2026-07-23T1600,2279A,116.8569,32.5949,淮南市,谢家集区政府,,18,6,8,1,7,56,NA,53,53,4,11,7,7,0.1,0.1
2026-07-23T1600,2280A,116.8279,32.6333,淮南市,八公山区政府,,17,15,12,0,6,52,NA,52,52,4,6,4,5,0.1,0.1
2026-07-23T1600,2282A,116.8005,33.9749,淮北市,监测站,,34,18,19,9,9,108,NA,94,94,4,9,6,7,0.5,0.6
2026-07-23T1600,2283A,116.8094,33.9008,淮北市,烈山区政府,,30,2,18,2,8,96,NA,85,85,3,10,4,5,0.4,0.5
2026-07-23T1600,2285A,117.8176,30.9412,铜陵市,市第四中学,,36,36,37,15,17,95,NA,79,79,3,20,9,10,0.5,0.7
2026-07-23T1600,2287A,117.7806,30.9413,铜陵市,市新民污水厂,,33,33,34,14,15,95,NA,73,73,7,21,11,9,0.5,0.8
2026-07-23T1600,2289A,117.846,30.9414,铜陵市,车站新区,,30,30,42,13,41,91,NA,74,74,9,15,13,13,0.6,0.6
2026-07-23T1600,2290A,117.8472,30.9699,铜陵市,市职教基地,,30,25,31,21,17,94,NA,87,87,5,16,10,11,0.5,0.6
2026-07-23T1600,2291A,117.0806,30.5181,安庆市,环科院,,30,19,21,14,13,94,NA,74,74,6,20,9,10,0.6,0.7
2026-07-23T1600,2292A,117.0331,30.5118,安庆市,马山宾馆,,27,27,19,14,12,79,NA,70,70,10,19,2,3,0.6,0.6
2026-07-23T1600,2294A,116.9897,30.6146,安庆市,安庆大学,,33,33,23,14,11,90,NA,78,78,6,15,4,4,0.4,0.4
2026-07-23T1600,2295A,118.2905,29.6965,黄山市,延安路89号,,29,29,29,13,16,79,NA,66,66,1,4,3,2,0.4,0.4
2026-07-23T1600,2297A,118.1369,30.2755,黄山市,黄山区政府5号楼,,32,32,27,12,15,74,NA,65,65,3,4,3,3,0.6,0.7
2026-07-23T1600,2301A,115.8276,32.8929,阜阳市,市监测站,,26,13,17,7,6,81,NA,63,63,6,9,6,6,0.5,0.5
2026-07-23T1600,2303A,115.8551,32.8606,阜阳市,开发区,NA,NA,13,16,5,6,79,NA,61,61,5,11,NA,4,0.2,0.2
2026-07-23T1600,2307A,116.5078,31.7369,六安市,监测大楼,,23,4,6,0,4,72,NA,49,49,7,7,4,4,0.3,0.4
2026-07-23T1600,2308A,116.4738,31.7642,六安市,皖西学院,,25,2,5,0,4,78,NA,54,54,2,5,6,6,0.5,0.6
2026-07-23T1600,2309A,116.4997,31.7904,六安市,朝阳厂,NA,NA,NA,5,NA,4,64,NA,43,43,5,9,1,2,0.2,0.2
2026-07-23T1600,2310A,116.5566,31.7885,六安市,开发区,,25,3,7,0,5,79,NA,50,50,10,7,6,6,0.2,0.3
2026-07-23T1600,2311A,115.8071,33.8399,亳州市,污水处理厂,,32,13,13,0,5,101,NA,85,85,7,11,2,3,0.4,0.4
2026-07-23T1600,2312A,115.7789,33.8519,亳州市,三国揽胜宫,,31,20,17,1,4,98,NA,85,85,3,8,4,4,0.3,0.3
2026-07-23T1600,2314A,117.4698,30.6617,池州市,池州学院,,31,31,30,17,16,78,NA,58,58,6,10,4,4,0.4,0.6
2026-07-23T1600,2316A,118.7578,30.9457,宣城市,鳌峰子站,,22,22,28,6,14,54,NA,60,60,2,6,6,7,0.2,0.2
2026-07-23T1600,2317A,118.7384,30.9745,宣城市,敬亭山子站,NA,NA,NA,28,8,17,55,NA,57,57,3,4,9,8,0.2,0.3
2026-07-23T1600,2318A,118.7172,30.9428,宣城市,开发区子站,,25,25,29,9,16,60,NA,60,60,2,5,8,9,0.2,0.2
2026-07-23T1600,2319A,119.0142,25.4324,莆田市,荔城区仓后路,颗粒物(PM10),55,57,56,36,34,157,NA,121,121,9,13,/,/,/,/
2026-07-23T1600,2320A,119.0016,25.4553,莆田市,莆田市监测站,臭氧1小时(O3_1h),57,55,49,30,29,165,NA,122,122,9,11,6,4,0.4,0.4
2026-07-23T1600,2321A,119.112,25.4561,莆田市,涵江区六中,细颗粒物(PM2.5),62,60,54,41,29,153,NA,139,139,7,16,/,/,0.4,0.6
2026-07-23T1600,2322A,119.1014,25.3215,莆田市,秀屿区政府,颗粒物(PM10),52,52,50,33,27,128,NA,114,114,5,10,6,7,0.6,0.6
2026-07-23T1600,2324A,117.621,26.2626,三明市,三钢,,31,31,30,17,21,88,NA,88,88,7,13,11,10,0.9,0.9
2026-07-23T1600,2325A,117.6352,26.2714,三明市,三明二中,,29,29,32,19,19,89,NA,86,86,4,11,7,7,0.5,0.6
2026-07-23T1600,2326A,117.6028,26.2377,三明市,三元区政府,NA,NA,NA,33,21,18,96,NA,89,89,2,8,5,6,0.3,0.4
2026-07-23T1600,2332A,118.1682,26.6371,南平市,南平市监测站,,31,30,34,14,20,98,NA,90,90,4,11,4,5,0.3,0.7
2026-07-23T1600,2334A,118.1757,26.6276,南平市,南平七中,,39,39,34,15,18,98,NA,84,84,3,10,3,3,0.3,0.5
2026-07-23T1600,2336A,117.022,25.1031,龙岩市,龙岩市监测站,,30,30,33,13,20,63,NA,67,67,3,8,4,7,0.1,0.1
2026-07-23T1600,2337A,117.0257,25.0662,龙岩市,闽西职业技术学院,,28,28,34,14,19,65,NA,66,66,1,5,6,6,0.3,0.3
2026-07-23T1600,2338A,117.0195,25.0306,龙岩市,龙岩学院,,36,36,35,10,17,63,NA,63,63,1,5,4,3,/,/
2026-07-23T1600,2341A,119.5387,26.6611,宁德市,宁德市监测站,颗粒物(PM10),68,74,53,38,26,164,NA,125,125,11,15,7,7,1.0,1.4
2026-07-23T1600,2343A,117.2114,29.2931,景德镇市,老干部活动中心,,28,17,21,13,12,88,NA,73,73,5,9,4,5,0.7,0.7
2026-07-23T1600,2344A,117.1893,29.2789,景德镇市,兽医站,,38,38,31,14,12,81,NA,70,70,6,8,4,4,0.6,0.6
2026-07-23T1600,2346A,117.246,29.2958,景德镇市,陶研所,,27,21,22,15,12,84,NA,72,72,4,8,3,4,0.4,0.4
2026-07-23T1600,2348A,113.8384,27.6436,萍乡市,中医院,NA,NA,26,20,18,10,66,NA,61,61,NA,6,6,7,0.4,0.6
2026-07-23T1600,2350A,113.8677,27.6438,萍乡市,市环保局,,22,NA,15,8,11,68,NA,63,63,1,5,10,13,0.2,0.3
2026-07-23T1600,2351A,113.8663,27.6202,萍乡市,安源区政府,,20,13,24,6,12,64,NA,59,59,1,10,5,9,0.4,0.6
2026-07-23T1600,2353A,114.9887,27.8433,新余市,飞宇,,26,26,34,8,11,74,NA,71,71,8,13,3,5,0.6,0.7
2026-07-23T1600,2354A,114.9234,27.8248,新余市,第二水厂,,26,26,32,10,9,76,NA,76,76,11,14,12,6,0.7,0.4
2026-07-23T1600,2355A,114.931,27.8037,新余市,市气象局,NA,NA,24,31,16,12,70,NA,68,68,8,16,NA,5,1.6,1.7
2026-07-23T1600,2358A,117.0561,28.2641,鹰潭市,新监测站,,42,42,36,18,17,96,NA,76,76,2,5,6,7,0.3,0.3
2026-07-23T1600,2359A,117.0312,28.2474,鹰潭市,财苑宾馆,,44,44,36,14,14,99,NA,79,79,3,7,4,5,/,/
2026-07-23T1600,2360A,117.0221,28.2263,鹰潭市,体育馆,,37,37,38,11,13,95,NA,80,80,2,8,3,9,0.3,0.4
2026-07-23T1600,2363A,114.9368,25.8663,赣州市,地委,,30,30,40,19,20,95,NA,89,89,6,6,2,3,0.3,0.4
2026-07-23T1600,2364A,114.946,25.8483,赣州市,气象台,,30,27,37,21,22,86,NA,84,84,5,7,3,5,0.4,0.5
2026-07-23T1600,2365A,114.932,25.8332,赣州市,市图书馆,,30,18,35,14,20,93,NA,88,88,5,7,5,4,0.5,0.8
2026-07-23T1600,2366A,114.8905,25.8472,赣州市,华坚鞋城,,36,36,45,19,20,86,NA,86,86,6,8,1,2,0.3,0.4
2026-07-23T1600,2367A,114.9753,27.0803,吉安市,红声器材厂,,28,28,41,14,19,86,NA,94,94,4,8,8,8,0.2,0.2
2026-07-23T1600,2369A,114.9903,27.1313,吉安市,市环境监测站,,32,32,39,16,16,85,NA,93,93,2,5,8,8,/,/
2026-07-23T1600,2370A,115.009527,27.096792,吉安市,青原区法院,,33,33,40,4,14,84,NA,91,91,4,5,7,7,0.2,0.2
2026-07-23T1600,2373A,114.3954,27.7843,宜春市,市石油公司,,20,18,31,3,11,63,NA,57,57,2,7,6,6,0.1,0.2
2026-07-23T1600,2374A,114.37,27.7916,宜春市,市气象局,,23,18,26,4,8,72,NA,64,64,3,7,3,2,0.5,0.5
2026-07-23T1600,2375A,114.401,27.8059,宜春市,市广电局,,22,19,23,8,13,68,NA,62,62,3,8,1,2,0.4,0.5
2026-07-23T1600,2377A,116.3544,27.9833,抚州市,市站,,30,30,35,12,17,73,NA,70,70,8,4,3,4,0.8,0.8
2026-07-23T1600,2378A,116.3562,27.9631,抚州市,血防站,,30,30,34,16,16,79,NA,72,72,4,7,6,7,0.5,0.6
2026-07-23T1600,2379A,116.3561,28.0007,抚州市,采茶剧团,,29,29,36,12,14,85,NA,77,77,5,7,16,17,0.5,0.6
2026-07-23T1600,2380A,116.3854,27.9648,抚州市,医学分院,,31,31,35,11,12,86,NA,76,76,3,6,4,5,0.7,0.7
2026-07-23T1600,2382A,117.9758,28.4439,上饶市,市监测站,,38,38,36,18,15,77,NA,85,85,2,7,8,12,/,/
2026-07-23T1600,2383A,117.9521,28.4637,上饶市,凤凰光学,,33,32,33,23,17,99,NA,96,96,4,9,4,5,0.3,0.3
2026-07-23T1600,2385A,114.17,35.9019,鹤壁市,市监测站,,45,NA,26,28,23,144,NA,136,136,2,5,3,4,0.8,0.7
2026-07-23T1600,2386A,114.2953,35.7512,鹤壁市,市交警支队,,44,22,25,2,16,139,NA,132,132,10,12,6,6,0.7,0.6
2026-07-23T1600,2387A,114.2877,35.7302,鹤壁市,迎宾馆,,47,19,19,12,13,150,NA,142,142,4,7,4,3,0.7,0.6
2026-07-23T1600,2389A,113.836,35.3104,新乡市,环保西院,,44,28,24,13,12,138,NA,137,137,3,5,7,7,0.7,0.7
2026-07-23T1600,2390A,113.8847,35.2724,新乡市,开发区,,42,25,25,10,10,133,NA,134,134,6,8,7,7,0.6,0.5
2026-07-23T1600,2391A,113.8836,35.3028,新乡市,环保东院,,45,25,32,9,10,142,NA,140,140,5,7,6,6,0.5,0.5
2026-07-23T1600,2392A,115.0312,35.7636,濮阳市,环保局,,46,26,25,13,10,147,NA,138,138,8,8,2,3,0.8,0.7
2026-07-23T1600,2398A,113.7904,33.9949,许昌市,开发区,,38,19,30,13,17,120,NA,91,91,4,12,3,3,0.4,0.5
2026-07-23T1600,2399A,114.051,33.5721,漯河市,三五一五工厂,,45,45,26,2,17,128,NA,99,99,8,17,4,5,0.4,0.4
2026-07-23T1600,2400A,114.0055,33.5698,漯河市,漯河大学,,42,27,27,4,18,134,NA,100,100,8,16,5,6,0.4,0.4
2026-07-23T1600,2401A,114.0134,33.5826,漯河市,市水利局,,41,19,21,13,16,131,NA,102,102,8,15,5,6,0.5,0.5
2026-07-23T1600,2402A,114.0261,33.5697,漯河市,市广电局,,43,22,22,8,15,136,NA,105,105,3,12,3,4,0.5,0.5
2026-07-23T1600,2404A,112.5338,33.0086,南阳市,瓦房庄,,32,21,22,12,8,102,NA,73,73,6,7,6,6,0.6,0.6
2026-07-23T1600,2405A,112.5002,32.9734,南阳市,汉画馆,,35,24,19,9,6,109,NA,88,88,7,7,6,6,0.5,0.5
2026-07-23T1600,2406A,112.5778,33.0144,南阳市,气象站,,37,15,14,13,8,116,NA,96,96,8,8,7,7,0.5,0.4
2026-07-23T1600,2407A,112.548,32.9687,南阳市,理工学院,,34,22,19,15,12,107,NA,88,88,6,11,7,8,0.4,0.4
2026-07-23T1600,2408A,115.6701,34.4283,商丘市,环境监测站,,39,NA,26,13,14,124,NA,91,91,2,9,5,5,0.4,0.5
2026-07-23T1600,2409A,115.6458,34.4047,商丘市,粮食局,,40,NA,20,18,10,125,NA,91,91,3,9,3,4,0.2,0.3
2026-07-23T1600,2420A,114.0194,32.9648,驻马店市,市一纸厂,,39,16,15,13,9,122,NA,98,98,1,6,4,4,0.2,0.2
2026-07-23T1600,2421A,114.0112,33.0149,驻马店市,市彩印厂,,36,15,18,11,8,115,NA,96,96,1,4,4,5,0.4,0.4
2026-07-23T1600,2423A,115.0547,30.2332,黄石市,沈家营,,19,19,34,3,7,57,NA,42,42,2,10,4,5,0.3,0.5
2026-07-23T1600,2426A,114.899,30.211,黄石市,铁山,,22,14,21,2,6,70,NA,60,60,2,12,4,4,0.4,0.5
2026-07-23T1600,2427A,115.0259,30.2108,黄石市,团城山,,21,12,29,8,7,65,NA,52,52,2,9,4,4,0.7,0.9
2026-07-23T1600,2429A,110.78,32.6494,十堰市,滨河新村,,40,15,24,2,14,128,NA,101,101,4,7,/,/,0.6,0.7
2026-07-23T1600,2430A,110.7305,32.6408,十堰市,刘家沟,,43,8,24,5,16,135,NA,102,102,4,6,/,/,/,/
2026-07-23T1600,2431A,110.8843,32.5712,十堰市,铁二处,,39,NA,27,16,20,124,NA,112,112,5,10,7,10,0.5,0.9
2026-07-23T1600,2432A,112.1555,32.0197,襄阳市,襄城运动路,,43,43,25,30,15,127,NA,84,84,7,6,9,8,0.5,0.5
2026-07-23T1600,2434A,112.1829,32.1146,襄阳市,高新管委会,,41,34,24,25,15,130,NA,91,91,8,7,10,10,0.5,0.5
2026-07-23T1600,2435A,112.2105,32.0903,襄阳市,襄州航空路,,39,34,23,27,15,124,NA,90,90,3,5,7,7,0.4,0.5
2026-07-23T1600,2436A,114.894,30.3989,鄂州市,市政府,,25,21,19,8,6,80,NA,68,68,5,14,3,3,0.3,0.4
2026-07-23T1600,2437A,114.8986,30.3714,鄂州市,赵家坝,,28,13,20,9,6,89,NA,73,73,4,12,6,5,0.5,0.6
2026-07-23T1600,2439A,112.2012,31.048,荆门市,竹园小学,,33,23,19,23,13,96,NA,81,81,11,8,4,4,0.8,0.8
2026-07-23T1600,2440A,112.1968,30.9892,荆门市,掇刀,,33,NA,18,23,12,93,NA,76,76,4,6,7,5,0.7,0.6
2026-07-23T1600,2444A,113.9062,30.9378,孝感市,东城区,,35,35,23,16,4,102,NA,75,75,2,12,3,4,0.6,0.7
2026-07-23T1600,2446A,114.9021,30.474,黄冈市,职工中心,NA,NA,15,12,5,6,92,NA,70,70,NA,11,10,10,0.4,0.5
2026-07-23T1600,2451A,113.3587,31.7275,随州市,市委党校,NA,NA,NA,26,NA,8,NA,NA,51,NA,NA,4,NA,3,NA,0.4
2026-07-23T1600,2452A,113.3745,31.6926,随州市,市林业局,,29,10,11,3,6,92,NA,79,79,2,4,1,2,0.6,0.6
2026-07-23T1600,2453A,113.3984,31.7309,随州市,市立交桥水厂,NA,NA,13,17,7,8,83,NA,71,71,1,4,3,3,NA,0.5
2026-07-23T1600,2454A,109.4978,30.2979,恩施土家族苗族自治州,湖北民院,,35,34,34,12,20,110,NA,92,92,2,6,6,5,0.5,0.5
2026-07-23T1600,2457A,112.6209,26.9268,衡阳市,衡阳化工总厂,,24,24,23,13,12,70,NA,70,70,3,5,4,6,0.5,0.5
2026-07-23T1600,2458A,112.621,26.8957,衡阳市,珠晖区环保局,,36,36,24,10,8,81,NA,78,78,3,5,7,8,0.5,0.6
2026-07-23T1600,2459A,112.628,26.8654,衡阳市,市委党校,,23,21,22,12,12,73,NA,70,70,1,4,4,5,0.2,0.3
2026-07-23T1600,2460A,112.6007,26.8977,衡阳市,市监测站,,25,22,24,10,12,80,NA,78,78,3,6,2,4,0.6,0.8
2026-07-23T1600,2461A,112.5658,26.9013,衡阳市,真空机电公司,,24,22,21,12,13,76,NA,74,74,4,8,7,11,0.6,0.9
2026-07-23T1600,2464A,111.5277,27.2442,邵阳市,市化工厂,,22,14,17,4,7,69,NA,63,63,1,6,10,9,0.3,0.4
2026-07-23T1600,2466A,111.4327,27.2276,邵阳市,市环保局,,38,38,22,10,14,66,NA,58,58,4,7,3,3,0.4,0.5
2026-07-23T1600,2468A,112.3458,28.581,益阳市,市环保局,,30,20,19,19,10,94,NA,72,72,3,8,6,6,0.7,0.7
2026-07-23T1600,2473A,113.0116,25.8228,郴州市,市职中,,22,22,23,14,14,63,NA,60,60,2,3,7,9,0.5,0.5
2026-07-23T1600,2475A,113.0381,25.8074,郴州市,市审计局,,25,25,21,12,14,66,NA,60,60,2,3,4,9,/,/
2026-07-23T1600,2476A,113.0348,25.7757,郴州市,市环保局,,21,20,34,14,13,66,NA,60,60,4,4,7,12,0.4,0.4
2026-07-23T1600,2478A,111.6126,26.4266,永州市,市环境监测站,,24,24,22,14,14,63,NA,61,61,6,6,3,4,0.6,0.6
2026-07-23T1600,2480A,111.6248,26.3803,永州市,永州市环保局,,21,21,27,14,15,67,NA,64,64,3,5,2,3,0.6,0.6
2026-07-23T1600,2481A,111.5989,26.4523,永州市,冷水滩区环保局,NA,NA,24,26,NA,12,66,NA,64,64,4,5,1,5,0.6,0.6
2026-07-23T1600,2483A,109.9297,27.5383,怀化市,河西地税局,,31,31,20,14,12,83,NA,71,71,3,5,6,5,/,/
2026-07-23T1600,2484A,109.9783,27.5342,怀化市,市四医院,,27,9,22,7,13,86,NA,73,73,5,7,5,4,0.3,0.4
2026-07-23T1600,2485A,109.9971,27.5579,怀化市,监测楼,,29,29,23,12,13,92,NA,80,80,5,7,6,6,0.3,0.3
2026-07-23T1600,2488A,111.9984,27.7346,娄底市,市监测站,,38,38,24,11,12,59,NA,49,49,2,11,4,4,0.2,0.5
2026-07-23T1600,2491A,111.9888,27.7035,娄底市,市政府,,20,19,19,3,52,64,NA,52,52,4,7,5,3,0.3,0.3
2026-07-23T1600,2493A,109.7298,28.3164,湘西土家族苗族自治州,州政府,,25,21,22,17,19,78,NA,63,63,1,4,5,4,0.4,0.5
2026-07-23T1600,2494A,109.6957,28.2676,湘西土家族苗族自治州,吉首市计生局,,25,18,20,14,17,78,NA,66,66,5,7,4,4,0.3,0.3
2026-07-23T1600,2496A,111.3126,23.4772,梧州市,市十一中,,46,46,27,10,9,90,NA,69,69,10,15,8,9,0.3,0.4
2026-07-23T1600,2498A,111.26,23.4794,梧州市,龙新,,39,39,25,19,8,92,NA,71,71,6,15,5,7,0.3,0.7
2026-07-23T1600,2499A,108.3411,21.6159,防城港市,沙万,,24,24,27,10,9,43,NA,44,43,20,21,4,4,0.6,0.6
2026-07-23T1600,2500A,108.3515,21.7733,防城港市,防城档案局,,16,14,27,10,12,51,NA,36,36,10,14,2,3,0.7,0.7
2026-07-23T1600,2501A,108.3506,21.6414,防城港市,大海花园,NA,NA,20,19,NA,10,54,NA,52,50,16,14,7,7,0.8,0.4
2026-07-23T1600,2502A,108.6238,21.9667,钦州市,市环保站,,20,12,15,8,9,64,NA,48,48,8,10,5,5,0.8,0.7
2026-07-23T1600,2503A,108.655,21.9481,钦州市,沙埠小学,,20,13,23,10,6,63,NA,49,49,6,11,6,6,0.8,0.7
2026-07-23T1600,2504A,108.5989,21.7435,钦州市,港区一小,,21,21,26,14,7,60,NA,49,48,11,15,4,4,1.1,0.8
2026-07-23T1600,2506A,109.604387,23.066791,贵港市,江南子站,NA,NA,NA,NA,NA,NA,NA,NA,NA,NA,NA,NA,NA,NA,NA,NA
2026-07-23T1600,2508A,109.5669,23.1065,贵港市,荷城子站,,23,NA,27,16,13,62,NA,60,60,9,13,5,8,0.7,0.7
2026-07-23T1600,2511A,110.1433,22.6162,玉林市,南江一中,,21,21,24,12,18,51,NA,56,56,6,9,3,3,0.3,0.4
2026-07-23T1600,2512A,106.6102,23.901,百色市,市监测站,,39,15,34,12,19,123,NA,89,89,6,11,9,11,0.3,0.4
2026-07-23T1600,2513A,106.6524,23.8842,百色市,市中心血站,,36,28,36,21,21,115,NA,77,77,5,13,8,12,0.3,0.5
2026-07-23T1600,2514A,111.5264,24.4178,贺州市,环保小区,,26,20,20,14,13,82,NA,62,62,4,8,9,9,0.3,0.3
2026-07-23T1600,2515A,111.561,24.4074,贺州市,政协大楼,,28,24,15,16,13,88,NA,62,62,6,12,13,12,0.6,0.6
2026-07-23T1600,2517A,108.0496,24.6957,河池市,市环保站,,35,35,30,14,17,69,NA,59,59,4,5,4,7,0.7,0.7
2026-07-23T1600,2520A,109.2203,23.7252,来宾市,来宾技工学校,,47,47,28,13,14,65,NA,61,61,10,12,16,5,0.6,0.6
2026-07-23T1600,2521A,107.3473,22.4137,崇左市,市环保局江州分局,,34,34,29,6,13,82,NA,74,74,4,10,6,7,0.4,0.5
2026-07-23T1600,2524A,105.8211,32.4444,广元市,老城,,45,33,42,16,25,143,NA,124,124,3,18,9,11,0.3,0.4
2026-07-23T1600,2526A,105.8629,32.429,广元市,监测站,,49,49,52,15,26,145,NA,130,130,6,12,18,7,0.3,0.5
2026-07-23T1600,2528A,105.5581,30.5231,遂宁市,市监测站,,49,46,48,19,19,156,NA,142,142,5,10,9,13,0.5,0.6
2026-07-23T1600,2530A,105.5917,30.4727,遂宁市,美宁食品公司,,48,48,52,24,22,153,NA,141,141,10,37,9,11,0.5,0.7
2026-07-23T1600,2531A,105.0703,29.61,内江市,市监测站,臭氧1小时(O3_1h),84,20,33,20,23,187,NA,159,159,8,18,11,11,0.5,0.6
2026-07-23T1600,2533A,105.0657,29.5807,内江市,内江二中,臭氧1小时(O3_1h),77,NA,31,20,24,181,NA,155,155,6,14,9,9,0.3,0.4
2026-07-23T1600,2534A,105.0407,29.5828,内江市,内江日报社,臭氧1小时(O3_1h),69,NA,33,20,26,175,NA,149,149,4,23,11,11,0.4,0.3
2026-07-23T1600,2536A,103.7629,29.5844,乐山市,牛耳桥,,48,35,45,15,17,152,NA,150,150,11,23,7,8,0.7,0.8
2026-07-23T1600,2537A,103.7501,29.6002,乐山市,市第三水厂,臭氧1小时(O3_1h),53,36,47,15,24,162,NA,157,157,7,22,5,6,0.8,0.9
2026-07-23T1600,2538A,103.7571,29.5664,乐山市,市监测站,臭氧1小时(O3_1h),58,45,53,14,22,166,NA,183,183,14,17,5,7,0.6,0.7
2026-07-23T1600,2540A,103.8414,30.0871,眉山市,气象局,臭氧1小时(O3_1h),90,28,38,10,18,192,NA,154,154,14,46,9,10,0.7,0.7
2026-07-23T1600,2544A,106.6307,30.4577,广安市,市委,,46,45,40,16,25,147,NA,130,130,5,10,12,11,0.4,0.5
2026-07-23T1600,2545A,106.6266,30.4662,广安市,友谊中学,,45,37,37,10,23,144,NA,130,130,6,11,12,12,0.4,0.4
2026-07-23T1600,2547A,106.6386,30.4551,广安市,广电花园,,47,47,41,18,24,149,NA,130,130,6,15,9,9,0.5,0.6
2026-07-23T1600,2549A,107.5087,31.2186,达州市,市环境监测站,,40,40,44,17,17,126,NA,114,114,5,17,6,7,0.3,0.4
2026-07-23T1600,2550A,107.4988,31.2132,达州市,凤凰小区,,41,41,45,16,17,129,NA,119,119,5,16,5,6,0.2,0.3
2026-07-23T1600,2551A,107.5081,31.1987,达州市,达县机关宾馆,,41,41,47,14,21,129,NA,120,120,10,27,4,6,0.3,0.3
2026-07-23T1600,2552A,107.4644,31.2124,达州市,市政中心,,50,50,54,21,20,131,NA,124,124,8,21,5,6,0.3,0.3
2026-07-23T1600,2555A,103.011,29.9833,雅安市,市政府,,42,38,32,24,19,132,NA,105,105,12,11,13,9,0.5,0.4
2026-07-23T1600,2556A,102.9907,29.9778,雅安市,川农大,,39,39,31,23,19,114,NA,97,97,9,9,9,7,0.5,0.4
2026-07-23T1600,2562A,104.6357,30.1508,资阳市,资阳中学,臭氧1小时(O3_1h),55,38,42,16,21,164,NA,147,147,7,10,6,8,0.4,0.4
2026-07-23T1600,2565A,104.6297,30.1259,资阳市,区法院,,50,20,32,20,22,160,NA,151,151,5,14,10,10,0.4,0.4
2026-07-23T1600,2568A,102.2503,31.8896,阿坝藏族羌族自治州,马师校,,41,12,27,8,10,129,NA,92,92,4,4,4,4,0.1,0.2
2026-07-23T1600,2570A,101.96,30.048,甘孜藏族自治州,水桥子,,35,NA,26,20,13,111,NA,84,84,4,20,3,3,0.1,0.1
2026-07-23T1600,2573A,102.2629,27.8981,凉山彝族自治州,西昌市政府,臭氧1小时(O3_1h),59,33,29,21,21,167,NA,129,129,5,9,16,14,0.7,0.7
2026-07-23T1600,2574A,102.2686,27.885,凉山彝族自治州,凉山州政府,臭氧1小时(O3_1h),59,38,36,22,24,167,NA,126,126,6,11,11,11,0.5,0.7
2026-07-23T1600,2577A,104.8293,26.592,六盘水市,黄土坡,,36,28,26,21,18,113,NA,99,99,7,8,4,4,0.5,0.5
2026-07-23T1600,2579A,104.8481,26.5898,六盘水市,民中,,37,24,28,17,20,116,NA,101,101,6,7,2,2,0.4,0.4
2026-07-23T1600,2580A,104.9541,26.5506,六盘水市,双水,,36,24,31,16,18,113,NA,99,99,6,7,5,5,0.2,0.2
2026-07-23T1600,2585A,109.1839,27.7344,铜仁市,铜仁卫校,,29,12,26,9,10,90,NA,78,78,2,5,2,2,0.2,0.4
2026-07-23T1600,2586A,109.1752,27.6945,铜仁市,铜仁七中,,25,15,22,15,13,80,NA,72,72,2,4,6,6,0.2,0.2
2026-07-23T1600,2587A,105.287,27.3133,毕节市,八中,颗粒物(PM10),60,64,45,18,21,143,NA,124,124,13,18,9,9,0.5,0.6
2026-07-23T1600,2588A,105.3079,27.2987,毕节市,师专,,44,38,42,26,23,139,NA,111,111,6,15,10,9,0.6,0.6
2026-07-23T1600,2589A,104.9022,25.0943,黔西南布依族苗族自治州,场坝街,,35,15,27,15,19,110,NA,93,93,3,13,4,18,0.2,0.3
2026-07-23T1600,2590A,104.8812,25.0994,黔西南布依族苗族自治州,坪东大道,NA,NA,NA,26,NA,17,105,NA,90,90,NA,10,NA,9,0.3,0.4
2026-07-23T1600,2591A,107.9765,26.5724,黔东南苗族侗族自治州,市环境监测站,,29,18,22,16,18,92,NA,86,86,1,3,2,2,0.3,0.4
2026-07-23T1600,2593A,107.5223,26.2371,黔南布依族苗族自治州,小围寨,,29,12,18,12,17,92,NA,82,82,3,4,5,5,0.5,0.5
2026-07-23T1600,2594A,99.1589,25.1137,保山市,市环境监测站,,25,6,14,1,5,78,NA,69,69,5,7,7,6,0.3,0.3
2026-07-23T1600,2595A,99.1616,25.1381,保山市,市环保局,,26,15,16,3,4,81,NA,70,70,3,4,6,6,0.2,0.2
2026-07-23T1600,2596A,103.7668,27.3736,昭通市,监测站,,40,30,41,18,27,126,NA,124,124,9,11,6,8,0.4,0.5
2026-07-23T1600,2599A,100.2497,26.8802,丽江市,丽江古城,NA,NA,18,18,5,10,100,NA,72,72,6,10,NA,3,0.5,0.6
2026-07-23T1600,2600A,100.2203,26.8906,丽江市,市中心,,32,20,18,6,10,100,NA,70,70,4,9,7,6,0.4,0.2
2026-07-23T1600,2601A,100.9801,22.7634,普洱市,市环保局,,23,23,29,12,14,62,NA,53,53,4,4,6,6,0.6,0.8
2026-07-23T1600,2602A,100.9763,22.8237,普洱市,普洱第二中学,NA,NA,19,28,5,12,66,NA,52,52,4,6,NA,9,0.5,0.7
2026-07-23T1600,2603A,100.0779,23.8981,临沧市,市环保局,NA,NA,19,20,5,10,61,NA,52,52,7,10,10,8,NA,0.5
2026-07-23T1600,2604A,100.0894,23.882,临沧市,市气象局,,22,21,20,5,11,68,NA,53,53,5,6,8,8,0.5,0.7
2026-07-23T1600,2606A,101.5379,25.0492,楚雄彝族自治州,市经济开发区,,26,5,17,3,10,83,NA,66,66,3,11,1,2,0.7,0.8
2026-07-23T1600,2610A,104.2533,23.3595,文山壮族苗族自治州,州水务局,,28,22,18,11,11,88,NA,83,83,8,6,10,10,0.3,0.3
2026-07-23T1600,2611A,104.2319,23.3892,文山壮族苗族自治州,市便民服务中心,,24,11,20,10,11,74,NA,81,81,12,10,3,3,0.4,0.4
2026-07-23T1600,2612A,100.8018,21.9995,西双版纳傣族自治州,景洪市江南,,21,14,19,8,11,65,NA,52,52,4,5,10,10,0.6,0.6
2026-07-23T1600,2613A,100.7995,22.0238,西双版纳傣族自治州,景洪市江北,,21,20,34,11,9,65,NA,53,53,4,4,12,11,0.5,0.6
2026-07-23T1600,2614A,100.2168,25.5818,大理白族自治州,大理市环境监测站,NA,NA,8,10,3,6,80,NA,68,68,9,9,5,5,NA,0.3
2026-07-23T1600,2615A,100.1542,25.7055,大理白族自治州,大理古城,,28,19,11,3,6,87,NA,76,76,5,10,7,7,0.5,0.6
2026-07-23T1600,2616A,98.5611,24.4273,德宏傣族景颇族自治州,德宏州监测站,,24,NA,5,8,8,74,NA,63,63,3,5,8,10,0.4,0.5
2026-07-23T1600,2618A,98.859,25.8541,怒江傈僳族自治州,州监测站,,25,10,18,6,11,79,NA,55,55,3,6,6,5,0.5,0.5
2026-07-23T1600,2619A,98.8607,25.8168,怒江傈僳族自治州,泸水一中,,23,19,19,7,12,73,NA,54,54,8,11,4,4,0.4,0.5
2026-07-23T1600,2621A,99.7054,27.8319,迪庆藏族自治州,迪庆州站,,34,24,21,6,11,106,NA,78,78,8,11,8,8,0.1,0.1
2026-07-23T1600,2622A,97.1813,31.1289,昌都市,昌都监测站,,32,NA,14,10,3,100,NA,100,100,4,14,3,2,0.4,0.4
2026-07-23T1600,2624A,91.7592,29.234,山南市,山南监测站,,25,12,8,1,2,77,NA,70,67,3,5,5,5,0.2,0.2
2026-07-23T1600,2625A,91.7701,29.2436,山南市,山南人民医院,,26,26,10,1,2,73,NA,75,67,4,3,4,6,0.4,0.4
2026-07-23T1600,2626A,88.8873,29.2723,日喀则市,日喀则监测站,,20,8,7,5,3,62,NA,71,64,6,5,6,6,0.3,0.2
2026-07-23T1600,2628A,92.0653,31.4846,那曲市,那曲监测站,,31,18,15,5,8,98,NA,86,85,4,6,5,5,0.3,0.3
2026-07-23T1600,2630A,80.1171,32.4999,阿里地区,阿里监测站,,27,3,8,0,3,85,NA,74,74,1,3,6,5,0.3,0.2
2026-07-23T1600,2632A,94.3683,29.6373,林芝市,林芝监测站,,16,7,8,3,5,50,NA,46,46,5,5,3,4,0.4,0.3
2026-07-23T1600,2633A,94.3616,29.6634,林芝市,林芝人民医院,,18,7,11,7,6,57,NA,47,47,5,6,3,3,0.4,0.4
2026-07-23T1600,2635A,107.0155,33.0707,汉中市,市监测站,,44,26,26,13,11,140,NA,135,135,5,6,4,4,0.3,0.3
2026-07-23T1600,2636A,107.0083,33.114,汉中市,鑫源开发区,,45,30,24,5,12,142,NA,135,135,5,7,5,5,0.5,0.5
2026-07-23T1600,2637A,107.0072,33.0323,汉中市,南郑大河坎水厂,,44,16,25,10,13,140,NA,136,136,6,6,3,2,0.4,0.5
2026-07-23T1600,2639A,109.7445,38.2919,榆林市,世纪广场,,50,13,24,6,9,157,NA,143,143,4,12,5,11,0.4,0.4
2026-07-23T1600,2640A,109.729,38.2837,榆林市,实验中学,,50,21,30,6,9,160,NA,145,145,5,11,6,12,0.3,0.4
2026-07-23T1600,2641A,109.7347,38.2491,榆林市,环保监测大楼,,50,14,25,8,10,157,NA,142,142,4,11,8,11,0.2,0.2
2026-07-23T1600,2644A,109.0088,32.6974,安康市,汉滨区检察院,,45,18,29,8,11,143,NA,116,116,5,7,2,1,0.3,0.3
2026-07-23T1600,2645A,109.9155,33.8714,商洛市,监测站,,47,20,28,15,17,149,NA,118,118,6,10,6,6,0.4,0.5
2026-07-23T1600,2647A,104.1727,36.5448,白银市,第三小学,,43,19,50,6,20,136,NA,135,135,6,28,4,17,0.4,0.7
2026-07-23T1600,2648A,104.1467,36.5482,白银市,动力公司,,42,4,48,2,17,133,NA,117,117,5,24,3,9,0.6,0.8
2026-07-23T1600,2650A,105.72058,34.57859,天水市,公园小学,,42,33,41,19,23,132,NA,125,125,7,13,5,13,0.5,0.5
2026-07-23T1600,2651A,105.89428,34.55353,天水市,麦积国土局,,46,35,34,14,19,146,NA,139,139,5,9,8,9,0.3,0.4
2026-07-23T1600,2652A,102.6203,37.925,武威市,监测站,,48,NA,35,13,14,153,NA,123,123,2,18,11,13,0.3,0.4
2026-07-23T1600,2654A,100.4699,38.9525,张掖市,润泉湖,,48,37,46,14,18,151,NA,142,142,5,15,7,8,0.2,0.3
2026-07-23T1600,2655A,100.4155,38.9422,张掖市,区工会,臭氧1小时(O3_1h),59,36,39,12,18,167,NA,139,139,4,13,7,7,0.2,0.3
2026-07-23T1600,2656A,106.6633,35.5338,平凉市,聚贤嘉苑,,41,41,36,18,17,121,NA,107,107,9,20,12,9,0.7,0.8
2026-07-23T1600,2657A,106.7021,35.5307,平凉市,博物馆,,40,40,48,16,18,120,NA,117,117,7,16,10,10,0.7,0.9
2026-07-23T1600,2661A,107.6325,35.7357,庆阳市,庆阳五中,,48,35,28,17,10,152,NA,135,135,6,8,6,7,0.5,0.4
2026-07-23T1600,2662A,107.6361,35.7067,庆阳市,市环保局,,46,32,25,17,10,147,NA,131,131,7,8,8,8,0.7,0.6
2026-07-23T1600,2669A,102.9097,34.9841,甘南藏族自治州,州政府,,41,10,32,1,13,131,NA,102,102,1,14,6,6,0.2,0.3
2026-07-23T1600,2671A,100.9016,36.9464,海北藏族自治州,海晏县西海镇,,49,14,22,5,10,156,NA,128,128,1,3,9,8,0.4,0.4
2026-07-23T1600,2672A,102.02,35.5101,黄南藏族自治州,同仁县隆务镇,臭氧1小时(O3_1h),63,NA,18,9,12,170,NA,142,142,1,2,8,8,0.1,0.2
2026-07-23T1600,2673A,100.6158,36.2985,海南藏族自治州,共和县恰卜恰镇,,45,8,23,7,13,142,NA,122,122,1,4,5,5,0.4,0.4
2026-07-23T1600,2674A,100.2262,34.4854,果洛藏族自治州,玛沁县大武镇,,37,31,35,7,11,116,NA,96,96,1,4,5,9,0.4,0.4
2026-07-23T1600,2675A,97.0386,33.0138,玉树藏族自治州,玉树县结古镇,,42,14,47,2,16,134,NA,121,121,2,8,5,3,0.2,0.2
2026-07-23T1600,2676A,97.373,37.376,海西蒙古族藏族自治州,德令哈市,,43,17,35,6,10,135,NA,121,121,1,2,12,11,0.4,0.4
2026-07-23T1600,2677A,106.1535,37.9648,吴忠市,教育园区,NA,NA,38,42,12,15,190,NA,142,142,NA,15,7,6,0.4,0.4
2026-07-23T1600,2679A,106.1851,37.9957,吴忠市,新区二泵站,臭氧1小时(O3_1h),94,64,47,10,13,195,NA,151,151,6,9,7,8,0.5,0.4
2026-07-23T1600,2682A,105.1965,37.4996,中卫市,环保局站,臭氧1小时(O3_1h),64,40,41,10,19,171,NA,138,138,10,16,6,6,0.2,0.2
2026-07-23T1600,2684A,106.2753,36.0057,固原市,监测站,,44,29,28,16,15,140,NA,143,143,4,12,6,6,0.3,0.3
2026-07-23T1600,2685A,106.2384,36.0189,固原市,新区,,41,36,28,20,16,131,NA,138,138,10,9,6,6,0.4,0.4
2026-07-23T1600,2686A,89.1905,42.9419,吐鲁番市,市环保局,颗粒物(PM10),143,230,224,66,63,127,NA,105,105,3,8,6,5,0.4,0.4
2026-07-23T1600,2687A,89.1674,42.9558,吐鲁番市,地区环保局,颗粒物(PM10),136,213,207,58,73,133,NA,103,103,6,8,7,7,0.2,0.2
2026-07-23T1600,2688A,93.5124,42.8176,哈密市,地区监测站,颗粒物(PM10),56,58,69,26,23,112,NA,102,100,5,9,6,4,0.1,0.1
2026-07-23T1600,2689A,93.5014,42.8312,哈密市,哈密师范学校,颗粒物(PM10),58,61,71,25,22,94,NA,98,84,8,9,1,2,0.2,0.2
2026-07-23T1600,2692A,87.2722,44.0298,昌吉回族自治州,新区政务中心,,32,12,20,10,12,100,NA,98,98,4,10,6,10,0.1,0.2
2026-07-23T1600,2693A,82.0482,44.8553,博尔塔拉蒙古自治州,市党校,颗粒物(PM10),73,81,26,8,8,113,NA,100,100,2,8,2,3,0.1,0.3
2026-07-23T1600,2694A,82.0805,44.8966,博尔塔拉蒙古自治州,市环保局,,35,13,25,4,4,112,NA,83,83,5,11,3,3,0,0
2026-07-23T1600,2695A,80.2899,41.1684,阿克苏地区,电视台,,38,38,78,15,24,119,NA,112,112,4,5,5,5,0.6,0.6
2026-07-23T1600,2696A,80.2592,41.1541,阿克苏地区,艺术中心,,39,31,65,24,28,122,NA,109,109,12,15,5,4,0.2,0.2
2026-07-23T1600,2697A,76.1457,39.7143,克孜勒苏柯尔克孜自治州,市人民政府,,42,36,71,15,20,133,NA,121,121,2,3,2,7,0.1,0.1
2026-07-23T1600,2698A,76.0071,39.466,喀什地区,巡警大队,,44,44,91,15,17,140,NA,128,128,4,7,4,4,0.1,0.1
2026-07-23T1600,2699A,75.9756,39.4693,喀什地区,吾办,,43,42,60,13,22,136,NA,123,123,2,2,4,3,0.2,0.2
2026-07-23T1600,2704A,81.3002,43.9177,伊犁哈萨克自治州,新政府片区,,32,13,15,4,8,101,NA,79,79,4,11,3,3,0.6,0.8
2026-07-23T1600,2705A,81.3364,43.9409,伊犁哈萨克自治州,第二水厂,,35,14,16,11,9,110,NA,86,86,5,9,5,5,0.4,0.5
2026-07-23T1600,2706A,82.9993,46.7432,塔城地区,东门外小游园,,29,22,29,2,6,92,NA,74,74,2,4,7,6,0.3,0.3
2026-07-23T1600,2708A,88.1266,47.8515,阿勒泰地区,市站,,32,20,26,2,6,101,NA,85,85,12,13,8,7,0.6,0.6
2026-07-23T1600,2709A,86.0391,44.298,石河子市,艾青诗歌馆,,38,12,18,2,4,120,NA,121,121,3,5,6,5,0.3,0.3
2026-07-23T1600,2711A,87.5352,44.1606,五家渠市,农水大厦,,35,9,42,2,11,111,NA,96,96,2,2,10,11,0.2,0.2
2026-07-23T1600,2809A,113.6668,24.7756,韶关市,大学路288号,颗粒物(PM10),56,58,48,19,23,110,NA,89,89,6,12,11,18,/,/
2026-07-23T1600,2835A,101.7222,26.567,攀枝花市,四十中小,,42,36,30,17,22,134,NA,114,114,6,20,12,26,0.6,1.2
2026-07-23T1600,2842A,118.0937,24.5054,厦门市,湖里中学,NA,NA,NA,47,21,21,104,NA,109,109,1,7,2,2,0.4,0.4
2026-07-23T1600,2845A,113.1561,36.1912,长治市,德盛苑,,44,29,24,26,17,139,NA,124,124,6,9,10,11,0.8,1
2026-07-23T1600,2846A,113.3209,23.1323,广州市,体育西,,46,44,40,21,20,147,NA,106,106,14,22,5,5,0.4,0.5
2026-07-23T1600,2858A,117.7917,39.2473,天津市,河西一经路,颗粒物(PM10),51,51,45,26,23,82,NA,48,48,14,17,8,10,1.2,0.8
2026-07-23T1600,2859A,117.3747,38.9845,天津市,津沽路,,40,13,27,3,16,126,NA,74,74,10,23,2,2,0.7,0.7
2026-07-23T1600,2860A,117.159,39.0844,天津市,宾水西道,,41,NA,36,10,27,131,NA,74,74,7,16,3,3,0.4,0.6
2026-07-23T1600,2865A,112.7195,37.683,晋中市,榆次三中,臭氧1小时(O3_1h),64,41,26,34,19,171,NA,149,149,4,6,12,12,0.5,0.3
2026-07-23T1600,2867A,111.1225,37.5093,吕梁市,马茂庄小学,,49,38,44,11,9,154,NA,108,108,8,18,8,10,0.5,0.4
2026-07-23T1600,2868A,126.4737,43.953,吉林市,九站,,37,37,40,20,25,90,NA,131,131,24,18,19,6,0.7,0.7
2026-07-23T1600,2869A,119.4472,32.4156,扬州市,五台山医院,,27,19,22,6,9,84,NA,82,82,2,15,9,10,0.5,0.6
2026-07-23T1600,2870A,119.4369,32.1891,镇江市,市疾控中心,,33,33,24,15,12,91,NA,74,74,5,13,5,5,0.5,0.5
2026-07-23T1600,2871A,121.6156,29.9015,宁波市,万里国际学校,,42,42,37,20,21,111,NA,107,107,6,9,7,7,0.4,0.4
2026-07-23T1600,2872A,120.7845,30.7524,嘉兴市,南湖区残联,臭氧1小时(O3_1h),64,45,35,25,21,171,NA,155,155,4,9,5,5,0.8,0.8
2026-07-23T1600,2873A,120.083,30.8929,湖州市,仁皇山新区,,40,30,26,28,18,92,NA,102,102,4,21,5,5,0.4,0.5
2026-07-23T1600,2875A,115.783962,32.889217,阜阳市,阜阳职业技术学院,,27,15,16,8,8,86,NA,69,69,2,7,4,4,0.4,0.4
2026-07-23T1600,2877A,119.1638,36.6524,潍坊市,坊子邮政,,50,39,32,11,15,158,NA,140,140,8,15,8,8,0.7,0.5
2026-07-23T1600,2880A,104.0219,30.6561,成都市,大石西路,臭氧1小时(O3_1h),72,48,53,25,33,177,NA,146,146,16,22,6,8,0.8,0.9
2026-07-23T1600,2881A,107.8909,26.531,黔东南苗族侗族自治州,凯里学院,,30,NA,17,13,18,96,NA,92,92,1,3,2,2,0.4,0.5
2026-07-23T1600,2882A,102.5388,24.3703,玉溪市,玉溪一中,NA,NA,NA,20,2,8,85,NA,83,83,7,12,3,3,0.2,0.4
2026-07-23T1600,2883A,102.5382,24.339,玉溪市,文体中心,,27,17,19,6,10,84,NA,79,79,8,12,4,4,0.2,0.4
2026-07-23T1600,2884A,98.2672,39.7978,嘉峪关市,酒钢宾馆,颗粒物(PM10),80,92,47,22,14,132,NA,117,117,9,13,8,7,0.6,0.5
2026-07-23T1600,2885A,104.9344,33.3827,陇南市,滨江中学,,46,32,38,21,22,146,NA,134,134,4,6,8,9,0.3,0.4
2026-07-23T1600,2894A,117.0561,32.6536,淮南市,经济技术开发区消防队,,19,4,10,1,10,59,NA,57,57,5,10,7,8,0.4,0.5
2026-07-23T1600,2897A,123.2429,41.7341,沈阳市,沈辽西路,,45,30,43,12,26,144,NA,130,130,6,13,4,6,0.6,0.9
2026-07-23T1600,2900A,123.5951,41.9085,沈阳市,裕农路,,50,26,31,8,20,160,NA,137,137,3,11,5,5,0.8,0.9
2026-07-23T1600,2902A,106.6347,30.4868,广安市,北辰小学,颗粒物(PM10),66,72,45,19,24,144,NA,136,136,6,11,9,8,0.4,0.4
2026-07-23T1600,2907A,120.1846,30.8592,湖州市,吴兴区站,NA,NA,24,25,14,17,102,NA,109,109,5,20,6,6,NA,0.6
2026-07-23T1600,2919A,116.7022,39.5454,廊坊市,河北工业大学,细颗粒物(PM2.5),52,45,23,36,24,107,NA,66,66,7,11,3,2,1.1,0.6
2026-07-23T1600,2920A,117.71,24.5048,漳州市,蓝田镇,,41,36,49,16,23,130,NA,93,93,6,11,6,6,0.3,0.3
2026-07-23T1600,2921A,120.5482,30.0003,绍兴市,树下王站,,37,23,30,19,20,118,NA,100,100,6,10,3,3,0.4,0.4
2026-07-23T1600,2922A,117.194,39.1069,天津市,大理道,,42,12,38,3,25,134,NA,67,67,8,20,1,2,0.5,0.7
2026-07-23T1600,2924A,106.2266,38.4417,银川市,水乡路,臭氧1小时(O3_1h),114,64,57,24,15,228,NA,170,170,13,17,7,7,0.5,0.4
2026-07-23T1600,2925A,106.2758,38.4841,银川市,上海东路,臭氧1小时(O3_1h),104,23,37,18,19,208,NA,173,173,10,17,5,4,0.5,0.5
2026-07-23T1600,2926A,106.1016,38.4971,银川市,文昌北街,臭氧1小时(O3_1h),110,62,56,17,20,220,NA,158,158,12,37,8,9,0.7,0.5
2026-07-23T1600,2929A,114.8858,30.4519,黄冈市,红卫路,,27,16,12,6,7,85,NA,67,67,2,5,6,7,0.3,0.4
2026-07-23T1600,2996A,118.2781,33.9658,宿迁市,市供电局,,27,8,14,3,12,86,NA,77,77,6,12,4,4,0.7,0.7
2026-07-23T1600,2997A,119.8767,32.3291,泰州市,王营,,25,22,21,12,12,79,NA,91,91,4,20,9,10,0.4,0.7
2026-07-23T1600,3000A,119.3577,34.6971,连云港市,德源药业,,23,19,16,7,8,72,NA,60,60,12,19,4,4,0.4,0.5
2026-07-23T1600,3002A,119.9701,31.813,常州市,行政中心,,33,33,28,7,13,90,NA,88,88,2,13,7,7,0.3,0.4
2026-07-23T1600,3003A,120.0434,31.7726,常州市,经开区,,29,24,25,6,12,90,NA,86,86,4,17,3,4,0.6,1.3
2026-07-23T1600,3004A,120.1543,33.3664,盐城市,宝龙广场,,21,12,15,5,7,66,NA,67,67,3,7,8,8,0.9,0.9
2026-07-23T1600,3005A,117.1812,34.29,徐州市,鼓楼区政府,,36,20,18,12,16,113,NA,93,93,8,11,6,7,0.5,0.5
2026-07-23T1600,3006A,117.1693,34.1781,徐州市,铜山区招生办,,35,14,20,7,13,109,NA,89,89,2,7,7,6,0.2,0.2
2026-07-23T1600,3007A,119.178,34.8442,连云港市,新城一中,,37,36,17,16,9,118,NA,85,85,10,8,7,6,0.5,0.4
2026-07-23T1600,3008A,119.3607,34.7519,连云港市,胡沟管理处,,35,27,13,17,5,110,NA,78,78,12,16,10,9,0.6,0.3
2026-07-23T1600,3009A,119.1478,34.5913,连云港市,矿山设计院,,25,17,13,14,10,79,NA,61,61,4,13,3,2,0.6,0.6
2026-07-23T1600,3010A,119.8919,31.7892,常州市,钟楼,,31,28,28,6,12,99,NA,91,91,5,14,7,8,0.4,0.5
2026-07-23T1600,3012A,112.1849,31.0361,荆门市,西山林语,,33,28,18,23,12,93,NA,77,77,4,5,6,6,0.8,0.8
2026-07-23T1600,3014A,106.4958,29.5347,重庆市,歇台子,,46,31,34,21,15,146,NA,138,138,10,12,8,8,0.4,0.6
2026-07-23T1600,3015A,106.4067,29.5729,重庆市,龙井湾,臭氧1小时(O3_1h),75,61,37,19,17,180,NA,168,168,8,12,8,9,0.5,0.6
2026-07-23T1600,3016A,106.5506,29.415,重庆市,龙洲湾,,47,NA,31,18,16,149,NA,127,127,8,13,7,7,0.4,0.5
2026-07-23T1600,3018A,111.5048,36.1015,临汾市,唐尧大酒店,臭氧1小时(O3_1h),69,60,59,19,13,175,NA,148,148,6,15,6,7,0.7,0.8
2026-07-23T1600,3020A,117.2096,39.1698,天津市,中山北路,,39,16,49,7,26,124,NA,47,47,4,20,2,2,0.7,1.1
2026-07-23T1600,3021A,115,35.7667,濮阳市,濮水河管理处,,42,16,14,14,10,134,NA,116,116,8,7,3,2,0.7,0.6
2026-07-23T1600,3025A,113.0479,23.6343,清远市,技师学院,,44,40,40,26,21,140,NA,108,108,10,22,6,6,0.5,0.5
2026-07-23T1600,3026A,116.6179,23.6608,潮州市,市政府,颗粒物(PM10),53,53,53,19,26,111,NA,82,82,5,12,4,7,0.7,0.8
2026-07-23T1600,3028A,104.7765,29.3623,自贡市,檀木林体育馆,臭氧1小时(O3_1h),53,33,36,11,22,162,NA,158,158,5,12,7,8,0.4,0.5
2026-07-23T1600,3033A,87.4652,43.4569,乌鲁木齐市,培训基地,,38,12,18,2,7,119,NA,104,104,5,4,7,6,0.0,0
2026-07-23T1600,3034A,113.1076,41.0385,乌兰察布市,光明街小学,臭氧1小时(O3_1h),70,25,29,13,14,176,NA,156,156,6,8,7,5,0.3,0.3
2026-07-23T1600,3036A,118.6903,37.4337,东营市,开发区管委会,臭氧1小时(O3_1h),103,46,33,12,13,206,NA,146,146,12,11,5,6,0.6,0.6
2026-07-23T1600,3038A,103.3757,23.3679,红河哈尼族彝族自治州,州图书馆,,23,23,28,7,19,55,NA,68,68,6,5,3,18,0.3,0.4
2026-07-23T1600,3039A,111.1911,34.7829,三门峡市,三门峡市第一小学,,43,42,48,30,29,127,NA,115,115,8,10,8,9,0.7,0.7
2026-07-23T1600,3045A,109.9647,33.8486,商洛市,商州区中学,,45,19,30,13,19,141,NA,115,115,5,17,5,8,0.4,0.5
2026-07-23T1600,3046A,115.9084,28.6062,南昌市,机电学校,,36,26,28,15,15,113,NA,91,91,6,15,7,7,0.6,0.7
2026-07-23T1600,3048A,119.5799,26.0937,福州市,九龙,,48,47,49,33,26,124,NA,110,110,5,14,6,7,0.3,0.4
2026-07-23T1600,3051A,117.385,39.1483,天津市,西四道,,36,21,39,14,23,115,NA,57,57,14,27,1,2,1.0,1.2
2026-07-23T1600,3054A,113.9194,35.2847,新乡市,市委党校,,43,13,19,10,10,136,NA,137,137,5,7,5,5,0.5,0.5
2026-07-23T1600,3055A,101.7775,36.643,西宁市,城北区政府,,50,15,28,9,18,160,NA,127,127,10,17,5,17,0.0,0.4
2026-07-23T1600,3057A,121.5989,37.4016,烟台市,牟平检察院,,29,5,9,4,11,90,NA,95,95,5,7,4,6,0.3,0.3
2026-07-23T1600,3058A,119.2656,42.0356,赤峰市,银河街,,39,20,24,12,15,122,NA,103,103,8,11,11,13,0.8,0.7
2026-07-23T1600,3059A,117.7181,36.205,济南市,泰兴公司,,37,22,39,6,17,118,NA,117,117,5,16,7,9,0.2,0.4
2026-07-23T1600,3061A,119.7511,49.1576,呼伦贝尔市,国华电力东,,31,11,17,4,12,98,NA,79,79,4,8,12,5,0.3,0.3
2026-07-23T1600,3064A,117.6861,36.2172,济南市,莱芜战役纪念馆,,40,22,36,8,16,127,NA,120,120,5,13,4,5,0.2,0.4
2026-07-23T1600,3065A,101.9534,29.9976,甘孜藏族自治州,州环保局,,36,31,25,25,11,99,NA,81,81,12,17,3,3,0.4,0.4
2026-07-23T1600,3066A,116.2722,37.438,德州市,九衢泉纯净水厂,,45,9,15,0,7,142,NA,129,129,7,10,10,9,0.3,0.3
2026-07-23T1600,3109A,115.0094,25.8614,赣州市,赣县区卫计委,,25,22,38,9,17,78,NA,76,76,5,11,2,3,0.6,0.6
2026-07-23T1600,3123A,105.9408,26.2431,安顺市,凤凰山,,33,15,28,12,16,104,NA,100,100,4,5,5,5,0.5,0.6
2026-07-23T1600,3124A,105.9443,26.2567,安顺市,金钟山,,35,NA,19,15,20,111,NA,106,106,3,4,6,7,0.5,0.5
2026-07-23T1600,3125A,105.8983,26.248,安顺市,娄家坡,,35,19,21,17,17,109,NA,103,103,2,3,5,5,0.3,0.4
2026-07-23T1600,3131A,114.878,40.7992,张家口市,烟厂,,39,23,29,2,18,123,NA,110,110,6,7,/,/,/,/
2026-07-23T1600,3132A,119.5979,39.938,秦皇岛市,文明里,,39,39,38,18,12,112,NA,96,96,2,19,7,7,0.3,0.3
2026-07-23T1600,3133A,106.5469,29.5655,重庆市,上清寺,,48,35,36,17,16,152,NA,140,140,11,23,9,10,0.3,0.3
2026-07-23T1600,3134A,113.8172,34.0339,许昌市,市一中,,40,28,27,16,16,128,NA,95,95,6,11,1,2,0.5,0.5
2026-07-23T1600,3136A,104.2724,30.559,成都市,龙泉驿区区政府,臭氧1小时(O3_1h),128,51,39,33,27,256,NA,203,203,10,11,7,6,0.8,0.8
2026-07-23T1600,3138A,111.7152,29.0288,常德市,武陵区永安,,27,21,16,14,8,86,NA,72,72,1,6,6,7,0.4,0.4
2026-07-23T1600,3139A,111.6891,28.9881,常德市,鼎城区玉霞,,28,26,16,12,7,87,NA,74,74,2,4,8,8,0.7,0.7
2026-07-23T1600,3140A,111.6651,29.0526,常德市,武陵区长庚,,29,22,15,20,8,85,NA,70,70,1,3,7,7,0.6,0.7
2026-07-23T1600,3141A,114.3921,36.0879,安阳市,信访局,,49,24,22,12,15,156,NA,148,148,2,4,3,3,0.4,0.4
2026-07-23T1600,3147A,114.3434,34.8101,开封市,龙亭公园,颗粒物(PM10),53,54,30,30,15,112,NA,113,107,5,6,5,4,0.6,0.5
2026-07-23T1600,3148A,103.829,30.0563,眉山市,区人社局,臭氧1小时(O3_1h),93,41,49,8,14,194,NA,141,141,14,36,9,12,0.6,0.6
2026-07-23T1600,3149A,115.0174,30.1591,黄石市,笔架山北路,,25,25,42,7,7,63,NA,52,52,2,9,4,5,0.4,0.6
2026-07-23T1600,3151A,114.375,27.8096,宜春市,宜春学院北校区,,22,18,27,5,11,68,NA,62,62,1,6,2,3,0.5,0.5
2026-07-23T1600,3153A,114.3876,30.4908,武汉市,民族大道182号,,29,NA,10,17,11,91,NA,66,66,3,9,3,3,0.7,0.9
2026-07-23T1600,3164A,119.4682,32.394,扬州市,广陵建设局,,23,22,31,7,12,72,NA,79,79,12,26,4,5,0.4,0.6
2026-07-23T1600,3171A,115.6069,34.4465,商丘市,梁园区档案局,,40,12,24,2,11,127,NA,96,96,4,10,1,2,0.3,0.4
2026-07-23T1600,3173A,117.0598,30.5351,安庆市,市人大,,41,41,22,17,13,91,NA,77,77,2,13,6,7,0.6,0.6
2026-07-23T1600,3178A,119.0587,36.7209,潍坊市,潍坊七中,臭氧1小时(O3_1h),59,34,30,7,11,167,NA,147,147,3,10,2,2,0.6,0.5
2026-07-23T1600,3179A,102.7491,25.012,昆明市,官渡区博物馆,,42,25,31,19,19,133,NA,97,97,6,30,4,4,0.3,0.6
2026-07-23T1600,3180A,99.7122,27.8129,迪庆藏族自治州,质量技术监督局,,32,19,18,10,8,102,NA,81,81,13,13,8,8,0.3,0.4
2026-07-23T1600,3181A,106.776805,31.852614,巴中市,市五中,,40,40,44,21,25,121,NA,111,111,5,12,10,9,0.4,0.6
2026-07-23T1600,3183A,106.7419,31.8654,巴中市,圣泉水务公司,,42,42,44,17,26,127,NA,124,124,4,14,10,10,0.6,0.7
2026-07-23T1600,3187A,116.9508,33.666,宿州市,远航博物馆,,26,14,15,7,9,83,NA,70,70,3,11,6,7,0.2,0.3
2026-07-23T1600,3188A,115.6684,37.7216,衡水市,市城管局,,45,29,28,15,16,143,NA,122,122,4,3,3,2,0.4,0.3
2026-07-23T1600,3190A,116.0254,29.6995,九江市,外国语学校,,25,22,20,12,12,78,NA,75,75,9,7,8,7,0.4,0.4
2026-07-23T1600,3191A,118.3243,33.95,宿迁市,宿豫区政府,,24,9,16,4,11,76,NA,67,67,8,14,4,4,0.4,0.4
2026-07-23T1600,3192A,80.0906,32.5029,阿里地区,阿里藏医院,,29,NA,9,2,3,92,NA,80,80,1,1,6,6,0.2,0.2
2026-07-23T1600,3194A,112.2749,30.3124,荆州市,管委会,,29,18,11,17,12,91,NA,72,72,3,6,4,5,0.4,0.4
2026-07-23T1600,3195A,119.3649,32.3961,扬州市,市体育局,,23,19,27,10,11,73,NA,82,82,2,10,4,5,0.2,0.3
2026-07-23T1600,3200A,115.9772,36.4986,聊城市,监控中心,,47,14,12,8,6,150,NA,143,143,2,4,8,8,0.3,0.4
2026-07-23T1600,3206A,114.9148,27.8069,新余市,新钢沁园村,,26,24,32,18,13,83,NA,82,82,4,11,7,8,1.0,0.9
2026-07-23T1600,3207A,118.31131,32.3033,滁州市,市政府原办公楼,,20,15,18,13,21,64,NA,75,75,5,13,6,6,0.3,0.4
2026-07-23T1600,3208A,112.7279,38.4157,忻州市,市政府,臭氧1小时(O3_1h),68,37,33,17,17,174,NA,138,138,10,18,8,7,0.8,0.7
2026-07-23T1600,3209A,119.5231,26.6562,宁德市,宁德一中,颗粒物(PM10),54,55,53,32,30,158,NA,124,124,6,11,11,12,0.6,1
2026-07-23T1600,3210A,114.3645,34.7955,开封市,汴京公园,,42,40,31,20,20,133,NA,126,124,9,12,5,5,0.3,0.3
2026-07-23T1600,3216A,117.662,24.5187,漳州市,漳州党校,,34,31,50,21,25,106,NA,91,91,3,8,/,/,/,/
2026-07-23T1600,3237A,117.4918,30.6617,池州市,展览馆,,38,38,30,14,15,79,NA,70,70,4,8,4,2,0.2,0.6
2026-07-23T1600,3241A,103.7439,36.0841,兰州市,百合公园,臭氧1小时(O3_1h),100,38,49,13,17,200,NA,150,150,11,38,8,16,0.3,0.4
2026-07-23T1600,3242A,103.9613,35.9985,兰州市,和平,臭氧1小时(O3_1h),82,NA,30,14,15,185,NA,145,145,4,12,11,12,0.2,0.2
2026-07-23T1600,3247A,104.9551,33.3709,陇南市,市总工会,,47,39,38,16,19,149,NA,142,142,4,5,8,8,0.3,0.4
2026-07-23T1600,3248A,98.2644,39.7723,嘉峪关市,雄关区,颗粒物(PM10),108,139,46,39,16,143,NA,123,123,6,20,4,5,0.4,0.3
2026-07-23T1600,3265A,121.4242,31.3303,上海市,宝山庙行,臭氧1小时(O3_1h),63,49,38,33,24,170,NA,143,143,6,11,12,11,0.3,0.3
2026-07-23T1600,3266A,121.8789,31.4662,上海市,崇明上实东滩,臭氧1小时(O3_1h),67,52,32,29,21,173,NA,142,142,7,16,3,4,0.4,0.4
2026-07-23T1600,3268A,121.316,31.2839,上海市,嘉定南翔,,49,49,33,32,24,154,NA,129,129,12,23,4,4,0.3,0.3
2026-07-23T1600,3269A,121.3357,30.7455,上海市,金山新城,NA,NA,50,41,34,26,179,NA,130,130,NA,6,4,4,0.5,0.5
2026-07-23T1600,3270A,121.4996,31.0741,上海市,闵行浦江,,48,48,37,28,21,150,NA,126,126,7,12,6,6,0.7,0.6
2026-07-23T1600,3271A,121.2886,31.1663,上海市,青浦徐泾,,46,40,39,29,26,146,NA,129,129,1,7,6,6,0.5,0.5
2026-07-23T1600,3272A,121.2193,31.0382,上海市,松江图书馆,颗粒物(PM10),56,58,45,32,27,138,NA,128,128,6,14,6,6,0.7,0.7
2026-07-23T1600,3273A,121.3904,31.206,上海市,长宁仙霞,颗粒物(PM10),63,67,37,29,21,150,NA,123,123,12,14,8,7,0.3,0.3
2026-07-23T1600,3274A,121.7964,31.0507,上海市,浦东惠南,臭氧1小时(O3_1h),60,48,34,30,20,168,NA,136,136,7,12,8,8,0.9,0.8
2026-07-23T1600,3282A,113.3399,40.0586,大同市,大同市卫生学校,臭氧1小时(O3_1h),59,13,31,11,12,167,NA,156,156,6,15,6,7,0.5,0.5
2026-07-23T1600,3283A,109.9154,40.5684,包头市,滨河大厦,臭氧1小时(O3_1h),59,14,22,10,14,167,NA,140,140,6,13,8,8,0.5,0.6
2026-07-23T1600,3284A,106.8129,39.7274,乌海市,海北新区,臭氧1小时(O3_1h),67,57,70,5,14,173,NA,127,127,10,17,16,19,0.4,0.6
2026-07-23T1600,3285A,113.1383,40.9513,乌兰察布市,北京八中,臭氧1小时(O3_1h),63,32,33,7,8,170,NA,151,151,5,10,8,9,0.5,0.5
2026-07-23T1600,3286A,118.9359,42.3146,赤峰市,桥北物流园区,,38,24,21,21,16,120,NA,100,100,11,13,14,24,1.1,0.8
2026-07-23T1600,3287A,119.3842,32.198,镇江市,富润路1号,,26,26,23,18,16,78,NA,89,89,26,15,9,9,0.3,0.4
2026-07-23T1600,3288A,117.4619,34.4368,徐州市,大泉街道,,27,16,27,7,13,85,NA,81,81,5,9,7,7,0.3,0.4
2026-07-23T1600,3289A,120.7431,31.3188,苏州市,方洲路,细颗粒物(PM2.5),54,44,28,37,34,160,NA,134,134,9,14,7,7,0.6,0.6
2026-07-23T1600,3290A,120.4979,31.2777,苏州市,木渎中学,,38,28,25,17,16,120,NA,108,108,6,12,4,4,0.4,0.4
2026-07-23T1600,3291A,121.0631,32.0644,南通市,通州监测站,臭氧1小时(O3_1h),57,34,28,14,12,165,NA,138,138,7,12,7,7,0.7,0.7
2026-07-23T1600,3293A,120.1518,33.3369,盐城市,月亮广场,,23,10,13,8,10,71,NA,83,83,3,6,8,8,0.4,0.5
2026-07-23T1600,3294A,119.565282,32.422263,扬州市,引江管理处,,21,20,24,10,13,67,NA,78,78,5,14,1,2,0.6,0.7
2026-07-23T1600,3295A,120.1226,32.515,泰州市,姜堰区政府广场,,38,21,27,13,16,120,NA,115,115,8,16,8,9,0.5,0.7
2026-07-23T1600,3298A,113.5718,23.5493,广州市,从化街口,细颗粒物(PM2.5),52,50,44,36,26,156,NA,101,101,9,17,8,8,0.6,0.6
2026-07-23T1600,3299A,113.3463,23.369,广州市,白云竹料,颗粒物(PM10),55,57,45,27,22,150,NA,101,101,10,20,3,3,0.6,0.7
2026-07-23T1600,3300A,113.2981,23.2365,广州市,白云嘉禾,颗粒物(PM10),54,55,48,24,23,157,NA,106,106,10,21,9,8,/,/
2026-07-23T1600,3301A,113.4256,23.1716,广州市,黄埔科学城,,45,45,45,24,20,128,NA,94,94,7,19,7,6,0.3,0.4
2026-07-23T1600,3302A,113.3942,23.0485,广州市,番禺大学城,颗粒物(PM10),52,52,39,16,17,140,NA,102,102,10,16,6,6,0.5,0.6
2026-07-23T1600,3303A,113.4923,22.8169,广州市,南沙黄阁,,46,41,37,32,25,100,NA,84,84,5,11,6,6,/,/
2026-07-23T1600,3304A,113.534,22.7893,广州市,南沙街,,31,25,33,18,17,98,NA,81,81,5,10,9,9,0.6,0.6
2026-07-23T1600,3305A,114.0614,22.556,深圳市,莲花,,40,40,36,24,21,86,NA,70,70,9,9,/,/,/,/
2026-07-23T1600,3306A,114.0144,22.6163,深圳市,民治,颗粒物(PM10),58,61,44,21,18,98,NA,85,85,18,16,/,/,/,/
2026-07-23T1600,3307A,114.1756,22.6421,深圳市,横岗,,41,41,41,19,19,108,NA,92,92,15,20,/,/,/,/
2026-07-23T1600,3308A,113.3493,22.0572,珠海市,金湾,,30,30,22,15,18,72,NA,68,68,3,5,/,/,0.2,0.3
2026-07-23T1600,3311A,113.1077,22.5647,江门市,江海富民,,46,46,50,15,20,95,NA,84,84,10,14,/,/,0.3,0.4
2026-07-23T1600,3313A,112.4572,23.0163,肇庆市,高要湖西,,40,40,39,17,20,85,NA,75,75,7,8,5,7,0.4,0.5
2026-07-23T1600,3314A,114.4334,22.8134,惠州市,惠阳秋长,,39,39,37,14,15,90,NA,80,80,4,7,/,/,/,/
2026-07-23T1600,3315A,116.1234,24.2994,梅州市,梅龙,,27,27,35,14,20,69,NA,62,62,4,7,6,6,0.6,0.6
2026-07-23T1600,3317A,111.9785,21.8954,阳江市,两阳中学,,38,38,32,19,20,72,NA,68,68,1,4,/,/,0.2,0.3
2026-07-23T1600,3318A,112.9898,23.7403,清远市,清新太和,颗粒物(PM10),52,52,42,28,23,133,NA,107,107,10,15,7,7,0.5,0.6
2026-07-23T1600,3319A,113.7283,23.041,东莞市,万江金泰,,34,34,34,15,16,102,NA,90,90,8,12,8,8,0.5,0.5
2026-07-23T1600,3320A,116.4028,23.5699,揭阳市,曲溪,,28,21,42,14,20,89,NA,73,73,5,6,10,10,0.4,0.5
2026-07-23T1600,3323A,115.2772,40.9723,张家口市,青少年活动中心,,37,12,18,11,12,116,NA,108,108,4,6,7,8,0.2,0.2
2026-07-23T1600,3324A,116.8011,38.294,沧州市,河北水利电力学院,,45,NA,9,12,14,143,NA,134,134,4,7,1,2,0.2,0.3
2026-07-23T1600,3325A,117.0362,39.3827,天津市,雍阳西道,,36,19,35,14,26,115,NA,48,48,9,14,5,4,0.8,0.8
2026-07-23T1600,3326A,117.0291,39.0612,天津市,辛老路,,42,15,37,12,26,132,NA,67,67,5,19,2,2,0.8,0.8
2026-07-23T1600,3327A,116.9638,38.9374,天津市,地纬路,,42,17,31,15,25,134,NA,87,87,8,18,4,4,0.8,0.6
2026-07-23T1600,3328A,118.4209,31.3704,芜湖市,市气象局,,22,16,28,15,19,39,NA,69,69,21,19,5,6,0.4,0.5
2026-07-23T1600,3329A,117.011,32.5891,淮南市,山南新区,,17,9,6,1,10,54,NA,50,50,4,8,12,12,0.2,0.2
2026-07-23T1600,3331A,118.3268,32.2633,滁州市,图书馆,,22,13,18,4,12,70,NA,76,76,2,11,6,7,0.3,0.4
2026-07-23T1600,3332A,115.7631,33.803,亳州市,亳州学院,,33,3,6,3,6,105,NA,91,91,3,9,1,2,0.4,0.4
2026-07-23T1600,3333A,117.5626,30.695,池州市,第八中学,,31,31,29,15,16,77,NA,68,68,1,9,4,4,0.3,0.4
2026-07-23T1600,3334A,117.5037,30.6242,池州市,第十二中学,,25,25,32,15,17,75,NA,68,68,2,10,4,5,0.6,1.1
2026-07-23T1600,3335A,113.3137,35.2643,焦作市,马村街道办,,49,28,30,11,18,155,NA,122,122,7,8,8,6,0.4,0.3
2026-07-23T1600,3336A,113.2464,35.2374,焦作市,焦作技师学院,,47,25,33,12,17,150,NA,128,128,5,7,8,7,0.5,0.6
2026-07-23T1600,3337A,113.8611,34.0443,许昌市,许昌学院,,39,NA,20,14,17,122,NA,90,90,1,8,3,3,0.4,0.4
2026-07-23T1600,3338A,113.8428,34.0825,许昌市,芙蓉广场,NA,NA,33,28,16,18,123,NA,96,96,2,6,3,3,NA,0.4
2026-07-23T1600,3339A,114.0002,33.0404,驻马店市,小管楼,,40,13,17,9,11,126,NA,105,105,5,9,4,4,0.2,0.3
2026-07-23T1600,3340A,112.6005,34.6323,洛阳市,伊滨,臭氧1小时(O3_1h),67,40,34,37,19,173,NA,141,141,9,13,6,7,0.5,0.4
2026-07-23T1600,3341A,112.495,34.6338,洛阳市,中移产业园,细颗粒物(PM2.5),52,NA,32,36,20,143,NA,123,123,2,9,9,8,1.0,0.9
2026-07-23T1600,3342A,128.7948,47.7291,伊春市,中心小学,,25,11,13,2,12,80,NA,91,91,4,6,7,10,0.6,0.6
2026-07-23T1600,3343A,128.6736,47.729,伊春市,检察院,NA,NA,18,19,17,7,NA,NA,61,NA,4,7,3,2,0.3,0.4
2026-07-23T1600,3345A,131.0413,45.7795,七台河市,中波台,,27,9,17,4,12,85,NA,54,54,6,27,6,6,0.5,0.4
2026-07-23T1600,3346A,108.3871,31.1627,重庆市,安康,,40,24,36,11,20,128,NA,104,104,4,8,8,8,0.3,0.3
2026-07-23T1600,3347A,105.8983,29.36,重庆市,北山路,臭氧1小时(O3_1h),105,27,34,22,19,210,NA,183,183,5,12,11,10,0.5,0.6
2026-07-23T1600,3350A,106.648859,29.023807,重庆市,滩子口,,49,21,30,21,16,154,NA,126,126,3,11,9,11,0.3,0.3
2026-07-23T1600,3351A,105.7164,29.7077,重庆市,棠香,臭氧1小时(O3_1h),62,55,35,14,20,169,NA,147,147,6,14,9,10,0.3,0.5
2026-07-23T1600,3352A,107.0733,29.8618,重庆市,桃源西路,,49,29,31,13,20,156,NA,124,124,6,8,3,8,0.6,0.6
2026-07-23T1600,3353A,107.3536,29.7283,重庆市,迎宾大道,,42,NA,32,12,18,134,NA,116,116,4,23,2,4,0.3,0.5
2026-07-23T1600,3354A,108.8152,29.5079,重庆市,舟白,,33,18,25,12,16,103,NA,88,88,2,5,8,8,0.4,0.4
2026-07-23T1600,3355A,108.3679,30.8429,重庆市,周家坝,,50,21,38,16,21,157,NA,117,117,7,16,8,9,0.4,0.5
2026-07-23T1600,3356A,108.4323,30.7554,重庆市,百安坝,NA,NA,NA,37,NA,21,NA,NA,141,125,NA,10,NA,7,NA,0.3
2026-07-23T1600,3357A,104.0028,30.6891,成都市,金博路,臭氧1小时(O3_1h),82,38,43,26,30,185,NA,146,146,11,28,10,12,0.9,1
2026-07-23T1600,3359A,104.056,30.5228,成都市,华阳,NA,NA,39,52,21,31,189,NA,161,161,11,21,4,4,NA,0.8
2026-07-23T1600,3360A,104.7894,29.3197,自贡市,南湖救助站,臭氧1小时(O3_1h),69,48,49,17,19,175,NA,172,172,5,7,10,7,0.5,0.5
2026-07-23T1600,3361A,103.7313,29.563,乐山市,理工大学,臭氧1小时(O3_1h),65,34,48,10,23,172,NA,159,159,7,18,7,8,0.6,0.9
2026-07-23T1600,3363A,117.9883,36.8372,淄博市,新区,,49,17,34,7,24,154,NA,154,154,6,13,7,6,0.6,0.6
2026-07-23T1600,3364A,117.316,34.8106,枣庄市,市环保局,NA,NA,NA,20,NA,11,129,NA,99,99,8,12,7,7,0.4,0.4
2026-07-23T1600,3365A,118.5721,37.5654,东营市,垦利区民丰路,臭氧1小时(O3_1h),89,22,23,11,15,191,NA,157,157,8,11,6,6,0.4,0.1
2026-07-23T1600,3366A,121.5202,37.4336,烟台市,中国农业大学,,30,12,11,5,10,96,NA,96,96,7,8,5,6,0.6,0.6
2026-07-23T1600,3368A,119.1978,36.6871,潍坊市,高新实验学校,臭氧1小时(O3_1h),59,41,36,12,14,167,NA,146,146,4,10,2,2,0.7,0.5
2026-07-23T1600,3370A,118.3563,35.0215,临沂市,十里堡居委,,28,14,21,8,19,89,NA,85,85,8,16,8,11,0.5,0.6
2026-07-23T1600,3371A,116.3693,37.44,德州市,开发区人民医院,,45,5,19,0,9,141,NA,131,131,5,9,7,7,0.5,0.4
2026-07-23T1600,3374A,115.5562,35.089,菏泽市,定陶老年大学,,44,24,26,8,10,138,NA,122,122,6,10,2,3,0.4,0.6
2026-07-23T1600,3375A,102.8016,24.8336,昆明市,青年创业园,NA,NA,4,17,3,12,117,NA,100,100,4,13,NA,6,0.2,0.4
2026-07-23T1600,3376A,103.7926,25.4651,曲靖市,南苑二区,,39,NA,32,24,29,123,NA,104,104,9,14,4,4,0.7,0.8
2026-07-23T1600,3377A,103.7442,25.5259,曲靖市,曲靖师范学院,,42,22,30,19,21,132,NA,104,104,8,16,6,7,0.4,0.5
2026-07-23T1600,3379A,122.1122,40.2275,营口市,鲅鱼圈市民活动中心,颗粒物(PM10),82,94,29,10,12,83,NA,83,83,18,9,8,7,0.4,0.7
2026-07-23T1600,3380A,102.8915,34.9618,甘南藏族自治州,甘肃民族师范学院,,43,NA,42,15,13,135,NA,110,110,8,22,5,4,0.3,0.3
2026-07-23T1600,3396A,112.0764,32.0089,襄阳市,襄城隆中路,,38,30,23,24,20,121,NA,82,82,4,6,6,6,0.2,0.4
2026-07-23T1600,3397A,112.1154,32.103,襄阳市,高新台子湾,,39,32,27,27,17,123,NA,84,84,6,7,4,4,0.5,0.5
2026-07-23T1600,3398A,114.9134,30.4446,黄冈市,市林业局,,29,17,13,8,6,91,NA,78,78,4,11,5,4,0.5,0.4
2026-07-23T1600,3399A,112.6703,26.8817,衡阳市,师范学院,,24,24,23,14,13,73,NA,73,73,1,3,9,10,0.5,0.5
2026-07-23T1600,3400A,109.1844,21.4396,北海市,龙潭自来水厂,,25,25,27,11,12,79,NA,63,63,4,4,2,3,0.6,0.6
2026-07-23T1600,3401A,108.4829,22.762,南宁市,红星社区,,23,5,21,3,12,73,NA,65,65,2,4,5,5,0.5,0.5
2026-07-23T1600,3402A,109.5422,24.3994,柳州市,市二中,,28,28,24,11,12,86,NA,67,67,4,11,6,6,0.3,0.4
2026-07-23T1600,3404A,108.5959,21.9634,钦州市,北职校,,22,17,23,13,13,69,NA,53,53,5,11,4,5,0.5,0.5
2026-07-23T1600,3405A,109.5886,23.1172,贵港市,新世纪学校,,32,NA,27,22,15,68,NA,57,57,15,19,/,/,0.3,0.6
2026-07-23T1600,3407A,120.6915,30.7741,嘉兴市,秀洲住建,,49,37,31,17,18,154,NA,140,140,5,13,3,3,0.4,0.5
2026-07-23T1600,3408A,120.5685,29.936,绍兴市,绍兴中专,,33,29,32,21,19,104,NA,95,95,2,7,4,4,0.7,0.8
2026-07-23T1600,3409A,120.4905,30.086,绍兴市,柯桥区政府,,39,31,30,24,20,124,NA,108,108,6,14,5,5,0.6,0.7
2026-07-23T1600,3410A,120.8751,30.0249,绍兴市,重华小学,,33,26,33,23,21,98,NA,94,94,10,11,11,10,0.9,0.9
2026-07-23T1600,3411A,120.837,30.0137,绍兴市,上虞中学,,30,27,35,19,21,96,NA,96,96,7,14,7,8,0.7,0.7
2026-07-23T1600,3416A,119.1758,36.7139,潍坊市,潍坊学院,臭氧1小时(O3_1h),65,36,32,11,13,172,NA,153,153,12,15,6,5,0.8,0.6
2026-07-23T1600,3418A,116.8336,40.4095,北京市,密云新城,,35,19,23,13,15,110,NA,90,90,4,10,2,2,0.6,0.5
2026-07-23T1600,3419A,109.9449,40.6259,包头市,包头市委党校,臭氧1小时(O3_1h),64,NA,21,16,15,171,NA,143,143,9,16,4,9,0.4,0.6
2026-07-23T1600,3421A,113.1776,40.9779,乌兰察布市,市委党校,臭氧1小时(O3_1h),79,16,32,11,14,183,NA,163,163,8,14,2,3,0.3,0.2
2026-07-23T1600,3422A,118.8443,31.919,南京市,江宁彩虹桥,,27,11,29,0,11,85,NA,99,99,11,21,4,4,0.4,0.5
2026-07-23T1600,3425A,120.642,31.1733,苏州市,越秀幼儿园,,39,33,29,18,21,122,NA,111,111,1,12,4,3,0.5,0.6
2026-07-23T1600,3426A,118.8757,33.2897,淮安市,新华书店,,23,23,15,12,10,68,NA,61,61,10,8,7,7,1.1,0.9
2026-07-23T1600,3427A,118.8497,32.3599,南京市,六合雄州,,25,14,22,0,9,77,NA,86,86,5,24,4,4,0.7,0.8
2026-07-23T1600,3429A,119.8595,31.706,常州市,武进经发区,,27,27,29,17,16,85,NA,87,87,2,14,5,6,0.7,0.8
2026-07-23T1600,3430A,119.5812,31.7256,常州市,金坛城区,,28,28,25,15,16,78,NA,84,84,4,18,7,7,0.6,0.7
2026-07-23T1600,3431A,120.6502,31.4117,苏州市,高铁新城,,39,39,34,26,17,109,NA,103,103,18,27,5,5,0.7,0.7
2026-07-23T1600,3432A,120.9348,31.9874,南通市,环境教育馆,,37,29,30,8,12,118,NA,144,144,6,22,6,6,0.5,0.6
2026-07-23T1600,3434A,119.2414,34.6539,连云港市,工贸学校,,25,15,12,15,8,79,NA,72,72,4,5,5,4,0.5,0.4
2026-07-23T1600,3435A,119.9186,32.4322,泰州市,周山河街区,,30,19,21,13,15,94,NA,107,107,2,11,10,10,0.3,0.5
2026-07-23T1600,3436A,120.4283,33.2048,盐城市,大丰高级中学,,24,14,24,7,15,75,NA,94,94,5,10,8,9,0.5,0.8
2026-07-23T1600,3437A,88.3088,43.3637,乌鲁木齐市,达坂城区环保局,,44,44,66,1,14,133,NA,118,118,5,6,3,3,0.2,0.2
2026-07-23T1600,3438A,87.6132,43.8791,乌鲁木齐市,红光山片区,,37,31,41,6,16,118,NA,99,99,7,11,11,13,0.4,0.4
2026-07-23T1600,3439A,87.7008,43.8003,乌鲁木齐市,新师大温泉校区,,42,30,42,24,27,134,NA,110,110,7,9,9,9,0.2,0.2
2026-07-23T1600,3440A,87.4892,43.84,乌鲁木齐市,大绿谷,,30,NA,29,16,9,96,NA,80,80,5,13,1,3,0.5,0.6
2026-07-23T1600,3441A,87.5461,44.1909,五家渠市,经开区管委会,,36,25,46,3,12,114,NA,100,100,2,6,2,3,0.3,0.4
2026-07-23T1600,3442A,86.047,44.2331,石河子市,南区管委会,,39,21,21,2,3,123,NA,114,114,3,5,9,7,0.4,0.2
2026-07-23T1600,3443A,113.2905,23.5541,广州市,花都梯面,颗粒物(PM10),60,63,45,32,20,111,NA,80,80,10,17,3,4,/,/
2026-07-23T1600,3444A,116.4539,23.2684,汕头市,潮南峡山,颗粒物(PM10),53,54,48,26,23,86,NA,81,81,6,5,8,7,0.6,0.6
2026-07-23T1600,3445A,113.786,23.7479,广州市,从化良口,,36,34,34,18,20,114,NA,81,81,6,13,5,4,/,/
2026-07-23T1600,3446A,113.805,23.2614,广州市,增城荔城,细颗粒物(PM2.5),80,61,41,50,26,174,NA,120,120,10,16,9,9,0.7,0.6
2026-07-23T1600,3447A,114.344,22.7115,深圳市,坪山,,41,41,32,19,14,83,NA,70,70,7,9,4,4,0.7,0.7
2026-07-23T1600,3448A,113.5436,22.1163,珠海市,横琴,,34,34,38,17,20,72,NA,66,66,2,3,/,/,/,/
2026-07-23T1600,3449A,113.0496,22.4669,江门市,新会银湖,,30,30,34,14,19,75,NA,86,86,7,16,2,3,0.5,0.5
2026-07-23T1600,3450A,111.0101,21.5165,茂名市,电白水东,,34,34,35,16,18,61,NA,68,64,5,4,2,2,/,/
2026-07-23T1600,3451A,112.5617,23.2082,肇庆市,鼎湖凤凰,,35,35,30,20,15,95,NA,79,79,5,6,4,5,/,/
2026-07-23T1600,3452A,114.6521,22.7755,惠州市,大亚湾霞涌,,36,36,36,20,16,79,NA,65,65,4,4,/,/,/,/
2026-07-23T1600,3453A,112.0125,21.8749,阳江市,阳东陶然,,33,33,33,17,19,68,NA,68,68,1,3,6,6,0.5,0.6
2026-07-23T1600,3454A,113.3527,22.4781,中山市,中山南区,,45,31,24,31,17,85,NA,71,71,2,3,5,5,0.5,0.5
2026-07-23T1600,3455A,113.076,23.72,清远市,清城东城,,45,44,37,31,20,141,NA,111,111,10,15,/,/,/,/
2026-07-23T1600,3456A,114.2887,38.0905,石家庄市,鹿泉一中,,48,30,35,22,16,153,NA,141,141,2,4,1,2,0.4,0.4
2026-07-23T1600,3457A,118.4357,39.277,唐山市,冀东油田职工医院,,50,36,32,35,23,98,NA,71,71,10,21,3,3,0.3,0.6
2026-07-23T1600,3458A,114.7893,36.5592,邯郸市,香泉濮院小区,,48,5,10,3,8,153,NA,147,147,4,5,3,3,0.4,0.5
2026-07-23T1600,3459A,115.599,37.5491,衡水市,地表水厂,,44,19,20,8,10,139,NA,122,122,3,4,4,4,0.3,0.2
2026-07-23T1600,3460A,117.4065,40.0583,天津市,北环路,,33,28,28,18,17,104,NA,75,75,2,2,14,8,1.5,1.1
2026-07-23T1600,3461A,117.3041,39.7167,天津市,建设路,,44,44,35,29,25,71,NA,53,53,12,12,8,6,1.6,1.2
2026-07-23T1600,3462A,117.8201,39.3519,天津市,滨水东路,,43,39,36,30,25,81,NA,60,60,19,24,7,8,1.5,1.3
2026-07-23T1600,3463A,116.9708,33.5911,宿州市,社会福利中心,,23,9,15,6,13,71,NA,63,63,6,21,5,6,0.3,0.3
2026-07-23T1600,3464A,117.3802,31.9148,合肥市,高教基地,,15,2,14,0,6,46,NA,57,57,8,5,6,6,0.4,0.5
2026-07-23T1600,3465A,118.4783,31.3226,芜湖市,清苑社区,,16,11,32,11,19,29,NA,62,62,27,15,5,5,0.3,0.4
2026-07-23T1600,3466A,118.2746,31.2326,芜湖市,扬子职业技术学院,,18,14,29,12,16,54,NA,73,73,9,7,3,4,0.4,0.4
2026-07-23T1600,3468A,115.79,32.8614,阜阳市,市规划展馆,,26,26,17,6,7,82,NA,64,64,5,10,2,1,0.4,0.5
2026-07-23T1600,3469A,115.835101,32.918568,阜阳市,枣园社区,,25,14,18,6,7,79,NA,62,62,6,10,4,4,0.4,0.4
2026-07-23T1600,3471A,113.6104,34.8688,郑州市,惠济区政府,,44,43,30,21,18,138,NA,126,126,6,8,2,3,0.6,0.6
2026-07-23T1600,3473A,114.2485,34.8306,开封市,技师学院,颗粒物(PM10),61,65,34,28,14,141,NA,128,128,8,6,5,5,0.6,0.6
2026-07-23T1600,3474A,114.2616,35.6824,鹤壁市,大新区,,49,24,18,18,15,155,NA,147,147,2,4,3,3,0.7,0.7
2026-07-23T1600,3475A,113.9189,35.3042,新乡市,市政府,,42,24,22,12,13,132,NA,132,132,4,7,11,11,0.2,0.3
2026-07-23T1600,3477A,113.1656,35.2536,焦作市,中站许衡医院,,46,34,33,13,21,146,NA,130,130,8,10,8,7,0.5,0.7
2026-07-23T1600,3478A,113.9691,33.568,漯河市,市图书馆,,40,14,25,9,15,126,NA,94,94,7,15,6,8,0.6,0.6
2026-07-23T1600,3481A,125.127,46.6277,大庆市,萨区政府监测点,,40,28,47,18,38,125,NA,111,111,11,6,5,6,0.3,0.5
2026-07-23T1600,3482A,107.754,29.3275,重庆市,芙蓉中路,,37,28,18,18,15,116,NA,88,88,8,12,9,9,0.6,0.5
2026-07-23T1600,3484A,106.2629,29.3202,重庆市,行政中心,臭氧1小时(O3_1h),73,36,44,23,21,178,NA,162,162,8,18,10,13,0.4,0.5
2026-07-23T1600,3486A,124.4029,43.1411,四平市,植物园,,33,21,37,6,26,103,NA,115,115,2,11,4,4,0.2,0.5
2026-07-23T1600,3488A,104.387954,30.746684,成都市,青白江技师分院,臭氧1小时(O3_1h),95,40,49,22,28,196,NA,150,150,7,24,6,7,0.6,0.7
2026-07-23T1600,3489A,104.0788,30.4054,成都市,科学城,臭氧1小时(O3_1h),88,35,48,29,28,190,NA,174,174,5,16,7,8,0.6,0.7
2026-07-23T1600,3491A,104.6899,31.5324,绵阳市,西科大附属小学,臭氧1小时(O3_1h),65,37,63,26,28,172,NA,153,153,6,18,8,8,0.4,0.5
2026-07-23T1600,3492A,104.5647,31.5343,绵阳市,安州区旅游局,臭氧1小时(O3_1h),78,33,49,20,25,182,NA,162,162,2,7,4,5,0.5,0.5
2026-07-23T1600,3494A,117.1673,36.9782,济南市,济阳区政府,,49,34,25,12,10,155,NA,149,149,10,12,7,6,0.3,0.3
2026-07-23T1600,3495A,117.1168,36.6299,济南市,锦屏中学,,44,24,22,8,8,139,NA,131,131,3,7,3,3,0.3,0.4
2026-07-23T1600,3496A,118.359,35.1067,临沂市,南坊新区,,36,22,30,6,22,114,NA,106,106,6,10,9,9,0.4,0.4
2026-07-23T1600,3498A,118.5063,37.8606,东营市,河口城区,臭氧1小时(O3_1h),95,17,22,1,14,196,NA,145,145,8,9,13,12,0.4,0.5
2026-07-23T1600,3500A,116.5808,35.3703,济宁市,北湖一中,,40,27,31,10,13,127,NA,115,115,5,8,4,5,0.3,0.4
2026-07-23T1600,3501A,116.8251,35.5592,济宁市,服务中心,,45,45,36,2,19,111,NA,108,108,2,10,1,2,0.2,0.3
2026-07-23T1600,3502A,117.1812,36.2273,泰安市,国网新校,,44,20,22,11,16,138,NA,140,140,2,5,3,4,0.7,0.7
2026-07-23T1600,3503A,117.0315,36.2017,泰安市,交通技校,NA,NA,NA,25,16,15,147,NA,141,141,7,9,3,3,0.2,0.2
2026-07-23T1600,3504A,117.083,36.13,泰安市,山东第一医科大学,,45,27,29,12,19,144,NA,135,135,4,9,6,6,0,0.2
2026-07-23T1600,3505A,122.1379,37.3414,威海市,临港区管委会,,27,5,10,4,12,85,NA,89,89,6,7,5,6,0.3,0.3
2026-07-23T1600,3507A,119.5326,35.4627,日照市,职业技术学院,,38,22,18,7,16,120,NA,103,103,14,13,11,10,0.8,0.7
2026-07-23T1600,3511A,116.5687,37.3331,德州市,陵城艺术中心,,49,12,17,1,10,154,NA,145,145,5,8,9,10,0.4,0.4
2026-07-23T1600,3513A,116.0443,36.436,聊城市,九州社区,,46,17,20,3,4,146,NA,143,143,2,4,4,6,0.4,0.4
2026-07-23T1600,3514A,117.9379,37.3959,滨州市,中海酒店,臭氧1小时(O3_1h),73,14,20,2,14,178,NA,151,151,1,5,9,9,0.4,0.4
2026-07-23T1600,3515A,117.9381509,37.35547456,滨州市,开发区一中,臭氧1小时(O3_1h),58,24,29,6,16,166,NA,141,141,2,5,10,9,0.3,0.3
2026-07-23T1600,3516A,118.0914,37.6938,滨州市,金海六路,臭氧1小时(O3_1h),65,17,25,3,19,172,NA,137,137,4,11,8,5,0.4,0.4
2026-07-23T1600,3520A,106.3495,38.9837,石嘴山市,妇女儿童医院,臭氧1小时(O3_1h),94,52,48,11,22,195,NA,153,153,13,19,21,18,1.9,1.3
2026-07-23T1600,3521A,106.7495,39.2068,石嘴山市,石大公路,臭氧1小时(O3_1h),69,48,53,19,18,175,NA,146,146,14,19,8,8,0.3,0.4
2026-07-23T1600,3523A,106.5105,38.3857,银川市,滨河新区,臭氧1小时(O3_1h),123,54,52,18,18,246,NA,196,196,15,16,14,16,0.6,0.5
2026-07-23T1600,3525A,108.6394,34.408,咸阳市,奥体中心,臭氧1小时(O3_1h),84,36,35,19,13,187,NA,165,165,7,10,5,4,0.3,0.2
2026-07-23T1600,3526A,119.5188,25.9666,福州市,吴航,颗粒物(PM10),53,53,47,27,25,138,NA,116,116,7,10,7,6,0.6,0.5
2026-07-23T1600,3527A,118.0961,24.5689,厦门市,集美中学,,41,41,47,18,22,112,NA,107,107,6,13,2,2,0.5,0.5
2026-07-23T1600,3528A,118.1502,24.7246,厦门市,同安二实小,,43,41,38,23,22,135,NA,124,124,14,13,2,2,0.7,0.7
2026-07-23T1600,3530A,117.6288,24.5309,漳州市,西洋坪路,,34,34,45,16,25,95,NA,84,84,3,8,5,6,0.3,0.4
2026-07-23T1600,3531A,110.296,25.1254,桂林市,旅游学院,NA,NA,15,28,10,13,58,NA,49,49,2,3,NA,6,0.3,0.3
2026-07-23T1600,3532A,110.1951,22.6832,玉林市,玉林师范学院东校区,,23,23,28,15,14,67,NA,64,64,3,8,4,4,0.3,0.4
2026-07-23T1600,3533A,110.0527,22.5894,玉林市,福绵环保局,,19,19,31,12,16,56,NA,59,59,7,14,2,4,0.3,0.4
2026-07-23T1600,3534A,111.4744,24.455,贺州市,西湾,,26,25,25,11,11,82,NA,58,58,9,11,11,11,0.4,0.4
2026-07-23T1600,3535A,109.1781,23.7293,来宾市,兴宾区政府,,23,23,27,8,14,70,NA,65,65,5,7,6,9,0.6,0.7
2026-07-23T1600,3538A,107.5175,26.2977,黔南布依族苗族自治州,沙坝,,31,12,20,6,16,97,NA,85,85,2,4,3,3,0.4,0.5
2026-07-23T1600,3539A,110.5111,19.9737,海口市,桂林洋子站,,24,24,37,13,19,61,NA,60,60,3,4,/,/,/,/
2026-07-23T1600,3540A,109.7348,18.3443,三亚市,君悦子站,,42,42,35,15,17,70,NA,75,75,3,6,3,3,0.3,0.4
2026-07-23T1600,3541A,109.5726195,19.51688767,儋州市,第一中学子站,,26,26,25,10,15,54,NA,54,54,1,4,1,2,0.7,0.7
2026-07-23T1600,3542A,109.5567,19.5187,儋州市,东坡学校子站,,19,18,31,10,16,58,NA,59,59,1,4,1,2,0.4,0.6
2026-07-23T1600,3544A,121.4891,30.925,上海市,奉贤南桥新城,,49,49,37,32,23,156,NA,123,123,9,12,3,3,0.6,0.6
2026-07-23T1600,3545A,110.8053,32.8401,十堰市,郧阳区金沙路,,40,21,25,8,17,125,NA,102,102,6,7,7,8,0.7,0.8
2026-07-23T1600,3546A,111.4606,30.5519,宜昌市,猇亭区张家湾站,,39,31,29,18,15,122,NA,95,95,4,7,9,9,0.4,0.4
2026-07-23T1600,3547A,112.1631,31.0134,荆门市,龙泉中学南校,,33,22,15,10,10,103,NA,83,83,4,6,6,6,0.8,0.7
2026-07-23T1600,3549A,109.5061,30.3771,恩施土家族苗族自治州,龙凤新区,,44,44,31,17,21,103,NA,91,91,4,6,6,5,0.5,0.5
2026-07-23T1600,3550A,102.8,24.9787,昆明市,昆明学院,,40,15,35,13,17,127,NA,99,99,7,24,6,6,0.4,0.7
2026-07-23T1600,3551A,102.5969,24.6738,昆明市,晋宁区生态环境分局,,35,13,18,11,12,109,NA,99,99,5,8,4,8,0.4,0.5
2026-07-23T1600,3552A,102.6673,24.9861,昆明市,云天化总部,NA,NA,NA,20,15,14,125,NA,111,111,7,14,NA,6,0.2,0.4
2026-07-23T1600,3557A,119.9463,30.0496,杭州市,镇二中,,40,40,28,18,17,78,NA,71,71,20,20,5,6,0.4,0.5
2026-07-23T1600,3558A,119.7184,30.2367,杭州市,市府大楼,,27,27,16,14,10,68,NA,61,61,2,7,8,8,0.4,0.6
2026-07-23T1600,3560A,120.4715,30.0414,绍兴市,柯桥妇保,NA,NA,NA,38,NA,25,NA,NA,107,NA,NA,14,NA,6,NA,0.4
2026-07-23T1600,3561A,120.6985,27.9252,温州市,茶山,,49,49,45,23,23,104,NA,99,99,7,11,/,/,/,/
2026-07-23T1600,3562A,120.4146,30.8538,湖州市,南浔区站,,42,35,24,22,20,132,NA,110,110,5,14,5,5,0.4,0.5
2026-07-23T1600,3564A,121.25678,28.66823971,台州市,台州科技职业学院,,43,43,40,18,18,97,NA,82,82,6,6,6,6,0.6,0.7
2026-07-23T1600,3565A,113.1371,40.1122,大同市,云冈站,臭氧1小时(O3_1h),57,25,24,8,10,165,NA,156,156,7,9,7,7,0.5,0.5
2026-07-23T1600,3566A,113.1186,40.2556,大同市,图书馆,,49,12,25,4,10,154,NA,141,141,5,9,7,8,0.8,0.8
2026-07-23T1600,3567A,113.5931,40.0459,大同市,区一中,,40,21,23,11,12,127,NA,149,149,10,11,8,9,0.4,0.5
2026-07-23T1600,3568A,113.0603,36.0464,长治市,向阳小学,,40,32,35,28,23,128,NA,109,109,2,6,6,6,0.1,0.4
2026-07-23T1600,3569A,112.8788,36.315,长治市,屯留一中,,43,NA,28,30,18,122,NA,104,104,5,10,10,11,1.2,1
2026-07-23T1600,3571A,112.2938,39.5296,朔州市,一水厂,臭氧1小时(O3_1h),60,30,39,4,10,168,NA,142,142,3,15,4,5,0.3,0.5
2026-07-23T1600,3575A,118.0927,39.5807,唐山市,正泰大街热力站,,39,39,46,25,21,86,NA,67,67,14,20,6,8,1.5,1.3
2026-07-23T1600,3576A,118.1561,39.8322,唐山市,丰润区政府,,30,30,30,17,17,75,NA,67,67,16,23,4,5,1.4,1.7
2026-07-23T1600,3577A,118.436906,39.73802,唐山市,金山小学,,33,22,30,22,25,104,NA,88,88,10,19,4,6,1.6,1.8
2026-07-23T1600,3578A,118.2449,39.6693,唐山市,政府服务中心,颗粒物(PM10),54,55,43,29,23,76,NA,71,71,12,19,7,11,1.2,1.4
2026-07-23T1600,3580A,114.1998,36.4439,邯郸市,峰峰矿区临水派出所,,47,NA,23,22,12,149,NA,143,143,4,5,3,4,0.5,0.7
2026-07-23T1600,3581A,115.3136,38.9511,保定市,满城区生态环境分局,,49,14,18,14,14,155,NA,129,129,1,3,1,3,0.0,0.1
2026-07-23T1600,3582A,115.4709,38.7628,保定市,清苑区第二中学,,48,21,20,16,14,151,NA,117,117,7,10,3,2,0.3,0.3
2026-07-23T1600,3583A,115.6231,39.0223,保定市,徐水物探局,,44,NA,12,19,14,140,NA,109,109,4,8,2,2,0.3,0.3
2026-07-23T1600,3590A,113.8362,34.566,郑州市,北区建设指挥部,,45,37,35,18,15,142,NA,120,120,5,11,1,2,0.4,0.4
2026-07-23T1600,3591A,113.3029,34.8041,郑州市,上街区政府,,49,43,35,22,19,154,NA,144,144,6,8,3,3,0.6,0.6
2026-07-23T1600,3592A,114.4518,34.7503,开封市,祥符区生态环境局,,41,27,28,14,17,131,NA,116,115,3,10,10,13,0.6,0.6
2026-07-23T1600,3593A,112.5736,34.8993,洛阳市,吉利监测站,,47,31,33,12,15,150,NA,132,132,4,10,8,8,0.3,0.3
2026-07-23T1600,3594A,112.8736,33.9068,平顶山市,石龙区,,39,24,32,22,20,122,NA,108,108,9,12,10,9,0.6,0.6
2026-07-23T1600,3596A,114.1573,35.9607,鹤壁市,南山宾馆,,44,NA,19,25,25,139,NA,135,135,6,6,10,10,0.6,0.7
2026-07-23T1600,3598A,111.1031,34.719,三门峡市,富达温泉假日酒店,,36,25,42,24,26,114,NA,113,113,10,15,6,5,0.5,0.5
2026-07-23T1600,3599A,106.2648,29.9853,重庆市,书院路,臭氧1小时(O3_1h),55,29,28,14,19,164,NA,138,138,6,8,6,6,0.4,0.5
2026-07-23T1600,3600A,106.2334,29.5583,重庆市,虎峰,,37,34,44,19,17,118,NA,101,101,8,12,6,7,0.4,0.4
2026-07-23T1600,3601A,106.0497,29.8345,重庆市,龙门街,臭氧1小时(O3_1h),95,62,44,22,19,196,NA,160,160,9,13,20,14,0.4,0.5
2026-07-23T1600,3604A,119.3267,35.1043,日照市,岚山环保分局,,44,NA,29,24,22,140,NA,100,100,9,18,9,13,0.7,0.9
2026-07-23T1600,3605A,109.1019,34.5302,西安市,无线电监控中心,,50,34,34,14,14,158,NA,134,134,4,12,2,4,0.6,0.6
2026-07-23T1600,3610A,105.5931,29.4105,重庆市,昌元,臭氧1小时(O3_1h),87,66,44,19,22,189,NA,160,160,8,20,10,11,0.4,0.5
2026-07-23T1600,3612A,85.1045,45.6895,克拉玛依市,白碱滩区新站,,42,18,28,0,6,132,NA,101,101,1,8,9,9,0.2,0.2
2026-07-23T1600,3613A,87.3069,44.0093,昌吉回族自治州,亚心广场,NA,NA,NA,30,0,8,107,NA,105,105,3,9,9,11,0,0.2
2026-07-23T1600,3614A,79.9241,37.0878,和田地区,地区环保局,颗粒物(PM10),95,112,489,19,116,134,NA,116,116,2,3,1,2,0.2,0.2
2026-07-23T1600,3615A,79.9132,37.1137,和田地区,市环保局,颗粒物(PM10),68,75,448,14,124,133,NA,117,117,2,2,1,1,0.3,0.3
2026-07-23T1600,3616A,106.7617,31.8343,巴中市,市中心医院,,40,40,52,21,26,124,NA,116,116,6,14,12,11,0.5,0.6
2026-07-23T1600,3617A,105.8047,32.4167,广元市,经开区,,46,42,55,25,28,145,NA,129,129,6,18,12,10,0.4,0.6
2026-07-23T1600,3618A,112.4702,37.7821,太原市,金胜,臭氧1小时(O3_1h),83,46,33,27,17,186,NA,147,147,13,12,23,9,0.7,0.3
2026-07-23T1600,3619A,113.6169,37.8565,阳泉市,龙柱,,37,19,33,16,19,118,NA,121,121,5,12,6,14,0.7,0.9
2026-07-23T1600,3620A,112.8258,35.4804,晋城市,泽州一中,,48,33,30,31,16,151,NA,117,117,7,9,5,5,0.5,0.7
2026-07-23T1600,3622A,113.5556,24.8082,韶关市,碧湖山庄,颗粒物(PM10),59,62,43,37,23,90,NA,82,82,8,12,5,8,0.4,0.6
2026-07-23T1600,3623A,113.8952,22.586,深圳市,西乡,,43,43,40,19,18,95,NA,85,85,19,15,7,4,0.8,0.7
2026-07-23T1600,3624A,116.4069,23.2533,汕头市,潮南子站,颗粒物(PM10),60,63,49,31,24,78,NA,75,75,4,4,6,7,/,/
2026-07-23T1600,3625A,113.2568,22.7629,佛山市,容桂街道办,,34,34,33,18,22,107,NA,93,93,9,13,/,/,/,/
2026-07-23T1600,3628A,112.0335,22.9376,云浮市,文笔,,36,36,42,13,16,73,NA,65,65,2,4,4,4,0.6,0.7
2026-07-23T1600,3629A,101.8304,36.5785,西宁市,世纪职校,NA,NA,15,21,12,16,154,NA,122,122,NA,13,NA,8,0,0.6
2026-07-23T1600,3633A,118.4914,31.681,马鞍山市,雨山,,25,19,34,16,20,79,NA,100,100,13,13,8,5,1.0,0.8
2026-07-23T1600,3635A,112.3678,34.6623,洛阳市,河科大西苑校区,,47,32,33,21,19,150,NA,126,126,5,11,16,15,0.3,0.2
2026-07-23T1600,3636A,112.4387,34.678,洛阳市,英才小学,,45,NA,27,23,17,143,NA,115,115,6,11,10,10,0.7,0.6
2026-07-23T1600,3637A,131.0136,45.7688,七台河市,人民广场,NA,NA,NA,29,5,12,91,NA,76,76,8,23,7,7,0.5,0.6
2026-07-23T1600,3638A,104.7637,29.3373,自贡市,轻化工大学,臭氧1小时(O3_1h),59,38,44,16,30,167,NA,156,156,8,17,11,11,0.5,0.6
2026-07-23T1600,3642A,120.3454,36.0735,青岛市,市北区南部,,42,12,13,9,13,133,NA,110,110,9,15,8,6,1.0,0.9
2026-07-23T1600,3643A,120.3897,36.18,青岛市,李沧区北部,,37,9,11,5,13,116,NA,112,112,13,14,4,4,0.6,0.6
2026-07-23T1600,3644A,117.8662,36.8049,淄博市,三金集团,臭氧1小时(O3_1h),53,24,26,11,19,162,NA,156,156,7,17,4,6,0.2,0.4
2026-07-23T1600,3645A,118.0259,36.8409,淄博市,东风化工厂,臭氧1小时(O3_1h),54,34,58,7,26,163,NA,161,161,6,13,8,8,0.6,0.7
2026-07-23T1600,3646A,118.4979,37.4623,东营市,胜利站,臭氧1小时(O3_1h),80,21,33,10,16,184,NA,149,149,11,10,4,4,0.6,0.7
2026-07-23T1600,3648A,106.2176,37.9832,吴忠市,文卫南街,臭氧1小时(O3_1h),101,NA,35,20,19,202,NA,153,153,7,11,7,7,0.4,0.4
2026-07-23T1600,3650A,105.1696,37.5164,中卫市,沙坡头区政府站,臭氧1小时(O3_1h),63,52,49,18,17,170,NA,136,136,7,15,6,6,0.4,0.4
2026-07-23T1600,3654A,114.8093,30.4091,鄂州市,精准医疗中心,,25,9,19,7,8,78,NA,68,68,3,13,4,5,0.4,0.7
2026-07-23T1600,3655A,114.3379,29.8683,咸宁市,长江产业园,,23,15,12,5,5,72,NA,57,57,3,7,3,3,0.5,0.6
2026-07-23T1600,3656A,120.1554,30.2863,杭州市,消防大队,,33,33,24,16,15,66,NA,78,78,11,13,8,8,0.6,0.7
2026-07-23T1600,3658A,120.6156,30.0762,绍兴市,袍江中学,,40,36,36,21,20,127,NA,106,106,5,11,7,6,0.4,0.4
2026-07-23T1600,3659A,119.656,29.1132,金华市,气象局,,35,35,35,15,18,97,NA,93,93,8,10,3,3,0.5,0.5
2026-07-23T1600,3662A,123.6341,47.2079,齐齐哈尔市,富区青少年活动中心,,46,46,30,20,15,98,NA,100,100,11,8,4,4,0.6,0.5
2026-07-23T1600,3663A,124.117,50.4279,大兴安岭地区,红旗社区,,24,NA,10,10,12,76,NA,69,69,5,6,6,6,0.2,0.3
2026-07-23T1600,3664A,119.4171,34.734,连云港市,连云街道,,25,20,16,11,8,79,NA,63,63,4,12,2,3,0.6,0.5
2026-07-23T1600,3665A,76.1654,39.7157,克孜勒苏柯尔克孜自治州,克州文化中心,,45,41,61,17,19,141,NA,133,133,2,3,5,12,0.1,0.1
2026-07-23T1600,3667A,111.0279,35.0543,运城市,水利职院,,45,41,44,24,21,143,NA,126,126,4,9,4,5,0.7,0.8
2026-07-23T1600,3669A,114.4706,36.0634,安阳市,左辅环卫站,,41,11,21,7,12,131,NA,123,123,2,2,3,3,0.6,0.6
2026-07-23T1600,3670A,111.0522,35.0439,运城市,禹都公园,,45,36,42,20,20,144,NA,131,131,4,8,5,5,0.3,0.4
2026-07-23T1600,3671A,116.0879,39.9725,北京市,门头沟三家店,,37,19,28,14,18,116,NA,94,94,10,14,3,3,0.6,0.5
2026-07-23T1600,3672A,116.1507,39.8246,北京市,丰台云岗,,39,29,27,14,17,122,NA,90,90,10,9,3,3,0.6,0.4
2026-07-23T1600,3674A,115.9578,39.7602,北京市,房山燕山,,43,36,26,25,18,136,NA,95,95,10,9,1,1,0.6,0.4
2026-07-23T1600,3675A,116.4669,39.7734,北京市,大兴旧宫,,37,31,33,20,20,117,NA,75,75,8,14,2,2,1.0,0.7
2026-07-23T1600,3677A,98.5887,24.4366,德宏傣族景颇族自治州,芒市人民政府综合楼,,24,24,22,2,5,71,NA,59,59,6,6,8,8,0.6,0.7
2026-07-23T1600,3678A,116.5907,35.4054,济宁市,市第七中学,,45,33,36,6,10,141,NA,120,120,3,8,5,5,0.4,0.5
2026-07-23T1600,3683A,109.8332,40.6577,包头市,昆区政府,臭氧1小时(O3_1h),63,21,28,14,16,170,NA,142,142,16,18,13,10,0.7,0.7
2026-07-23T1600,3684A,130.8639,45.8144,七台河市,新建矿广场,,35,9,35,6,20,109,NA,104,104,10,26,4,9,0.4,0.6
2026-07-23T1600,3685A,117.897,28.4316,上饶市,双创科技城,,39,39,34,20,17,96,NA,84,84,6,13,6,9,0.7,0.7
2026-07-23T1600,3689A,113.9002,35.372,新乡市,行政服务中心,,44,21,22,16,12,139,NA,126,126,8,12,9,6,0.4,0.4
2026-07-23T1600,3690A,115.9718,28.7032,南昌市,外国语学校,,31,31,29,12,19,95,NA,81,81,4,11,10,12,0.6,0.7
2026-07-23T1600,3692A,118.2043,39.6703,唐山市,消防缸窑路中队,颗粒物(PM10),60,63,49,32,27,56,NA,46,46,19,24,4,4,1.5,1.5
2026-07-23T1600,3693A,118.1432,39.6203,唐山市,路南电大,颗粒物(PM10),55,57,46,30,26,64,NA,70,70,28,24,5,9,1.8,1.4
2026-07-23T1600,3694A,115.9859,40.4562,北京市,延庆石河营,,33,3,17,2,13,103,NA,96,90,3,6,3,2,0.3,0.3
2026-07-23T1600,3695A,116.6151,40.3052,北京市,怀柔新城,,34,16,21,12,17,107,NA,95,95,2,4,1,1,0.7,0.6
2026-07-23T1600,3696A,116.2542,39.8764,北京市,丰台小屯,,39,24,31,15,20,123,NA,80,80,5,8,3,3,0.7,0.5
2026-07-23T1600,3697A,116.8399,40.3843,北京市,密云镇,,33,18,24,15,17,103,NA,86,86,4,11,3,3,0.7,0.6
2026-07-23T1600,3699A,111.6519,40.8389,呼和浩特市,海东办,臭氧1小时(O3_1h),62,17,19,8,7,169,NA,152,152,7,11,6,7,0.3,0.2
2026-07-23T1600,3701A,116.9647,33.6252,宿州市,皖北煤电集团,,24,16,19,7,11,74,NA,64,64,5,12,7,7,0.4,0.4
2026-07-23T1600,3706A,122.2584,43.6333,通辽市,老干部活动中心,,45,32,50,17,33,144,NA,144,144,5,8,7,7,0.5,0.7
2026-07-23T1600,3707A,131.0069,45.2988,鸡西市,欧美日汽修厂,,30,25,31,7,15,95,NA,96,96,11,20,3,3,0.4,0.5
2026-07-23T1600,3708A,122.2923,43.6189,通辽市,东方明珠社区,,44,17,45,17,27,138,NA,137,137,7,7,17,8,0.6,0.6
2026-07-23T1600,3710A,121.5593,29.8976,宁波市,白沙活动中心,,39,36,31,27,24,106,NA,104,104,7,10,8,8,0.3,0.3
2026-07-23T1600,3713A,124.3286,43.1726,四平市,世纪城,,33,19,39,9,28,104,NA,116,116,2,5,3,3,0.4,0.6
2026-07-23T1600,3715A,117.3091,32.9314,蚌埠市,蚌埠田家炳中学,,19,16,17,10,7,60,NA,59,59,7,10,8,8,0.4,0.4
2026-07-23T1600,3719A,97.1707,31.1428,昌都市,昌都会议中心,,35,13,11,8,6,111,NA,114,109,4,6,2,2,0.3,0.3
2026-07-23T1600,3726A,88.8775,29.2425,日喀则市,林业技术推广中心,,19,17,9,0,2,59,NA,69,64,4,2,4,4,0.3,0.2
2026-07-23T1600,3728A,104.6701,28.8053,宜宾市,白酒学院,臭氧1小时(O3_1h),95,43,39,26,23,196,NA,161,161,9,15,10,12,0.5,0.5
2026-07-23T1600,3734A,118.5753,37.4405,东营市,理想之城,臭氧1小时(O3_1h),102,NA,21,15,14,204,NA,153,153,8,11,6,5,0.7,0.7
2026-07-23T1600,3860A,118.3915,35.0297,临沂市,皇山花园小区,NA,NA,NA,25,NA,22,NA,NA,141,95,NA,12,NA,10,NA,0.5
2026-07-23T1600,3861A,119.2046,36.7696,潍坊市,寒亭区实验一小,臭氧1小时(O3_1h),74,41,34,13,15,179,NA,154,154,10,16,6,4,0.7,0.7
2026-07-23T1600,3866A,122.2469,40.663,营口市,三高中,,35,31,34,8,15,111,NA,121,121,4,6,8,11,0.5,0.6
2026-07-23T1600,3867A,102.074,36.5056,海东市,平安区公安局北苑,臭氧1小时(O3_1h),52,21,32,8,14,161,NA,128,128,2,8,8,12,0.4,0.5
2026-07-23T1600,3981A,113.2456,35.18,焦作市,原李万街道办,,50,23,30,12,17,160,NA,146,146,6,6,9,6,0.5,0.5
2026-07-23T1600,3994A,102.2174,31.9016,阿坝藏族羌族自治州,马尔康中学西区,,39,NA,11,8,11,124,NA,89,89,2,3,3,3,0.1,0.1
2026-07-23T1600,4002A,109.2312,23.7428,来宾市,中南小学,,26,26,25,13,13,71,NA,66,66,5,6,6,6,0.5,0.5
2026-07-23T1600,4004A,115.4199,38.8665,保定市,双鹰农机,,45,NA,17,20,16,143,NA,116,116,2,3,1,3,0.1,0
2026-07-23T1600,4006A,122.3622,40.6762,营口市,老边实验小学,,38,17,33,8,22,120,NA,126,126,13,17,6,6,0.4,0.7
2026-07-23T1600,4008A,112.5233,32.9921,南阳市,卧龙区政府,,34,23,17,11,8,108,NA,88,88,4,5,5,5,0.6,0.6
2026-07-23T1600,4010A,112.5608,37.8807,太原市,育英中学,臭氧1小时(O3_1h),52,26,29,15,18,161,NA,143,143,7,12,8,9,0.3,0.3
2026-07-23T1600,4011A,103.8505,30.6946,成都市,光华大道三段,臭氧1小时(O3_1h),73,NA,45,29,26,178,NA,143,143,11,13,5,7,0.7,0.7
2026-07-23T1600,4017A,116.7926,33.9534,淮北市,市博物馆,,34,NA,16,9,11,108,NA,96,96,3,8,2,4,0.3,0.3
2026-07-23T1600,4018A,116.0564,36.4609,聊城市,星美广场,NA,NA,24,22,NA,4,144,NA,143,143,2,4,NA,4,NA,0.2
2026-07-23T1600,4022A,102.1648,38.5369,金昌市,金川区人防中心,,50,27,37,6,14,157,NA,142,142,4,12,5,9,0.2,0.3
2026-07-23T1600,4024A,114.6491,37.9014,石家庄市,栾城区星河路,,50,19,18,12,11,159,NA,141,141,3,7,1,2,0.5,0.4
2026-07-23T1600,4027A,75.9485,39.4688,喀什地区,老干局,颗粒物(PM10),57,59,81,26,21,136,NA,118,118,3,4,4,4,0.3,0.3
2026-07-23T1600,4028A,117.9955,37.3752,滨州市,滨州市西街道办事处,臭氧1小时(O3_1h),90,29,23,6,16,192,NA,151,151,2,6,7,5,0.6,0.6
2026-07-23T1600,4033A,122.3124,29.9619,舟山市,普陀东港中学,,29,29,34,18,18,78,NA,80,80,7,5,6,6,0.6,0.5
2026-07-23T1600,4034A,115.515,38.8589,保定市,植保所站,,46,NA,25,23,12,145,NA,113,113,3,5,3,3,0.0,0
2026-07-23T1600,4036A,116.646,23.676,潮州市,金山,,43,43,46,17,24,110,NA,78,78,4,7,3,4,0.3,0.5
2026-07-23T1600,4051A,86.0791,44.3018,石河子市,世纪广场,,38,18,23,0,7,119,NA,120,120,2,3,3,4,0.4,0.4
2026-07-23T1600,4054A,109.0324,32.6913,安康市,市邮政管理局,,48,13,28,7,12,151,NA,133,133,4,8,1,3,0.6,0.7
2026-07-23T1600,4055A,108.8869,34.2662,西安市,行知小学,臭氧1小时(O3_1h),100,54,36,32,13,200,NA,167,167,9,15,6,6,0.6,0.5
2026-07-23T1600,4056A,108.6601,34.3767,咸阳市,五陵塬路2号,臭氧1小时(O3_1h),83,40,35,18,16,186,NA,158,158,9,14,6,5,0.6,0.6
2026-07-23T1600,4057A,115.9423,40.4431,北京市,延庆百泉,,34,4,16,3,11,106,NA,98,98,2,3,1,1,0.5,0.5
2026-07-23T1600,4058A,116.6598,39.9164,北京市,通州新华,,43,43,41,28,26,103,NA,73,73,9,13,4,4,1.4,0.9
2026-07-23T1600,4059A,114.4563,38.0365,石家庄市,裕华西路63号,臭氧1小时(O3_1h),53,28,22,15,14,162,NA,140,140,3,5,3,3,0.3,0.4
2026-07-23T1600,4060A,114.5586,38.0581,石家庄市,和平路363号,臭氧1小时(O3_1h),52,29,18,27,13,161,NA,142,142,5,6,3,3,0.3,0.3
2026-07-23T1600,4061A,114.8347,38.0213,石家庄市,廉州西路160号,,45,NA,20,15,15,143,NA,132,132,2,4,4,2,0.4,0.6
2026-07-23T1600,4062A,114.4498,38.0729,石家庄市,北城路41号,臭氧1小时(O3_1h),52,25,25,13,13,161,NA,141,141,2,4,2,2,0.4,0.4
2026-07-23T1600,4063A,115.2124,37.9433,辛集市,市政府,,50,23,17,2,7,160,NA,154,154,9,5,5,4,0.2,0.2
2026-07-23T1600,4064A,115.2008,37.9338,辛集市,城管大队,,45,17,19,6,8,142,NA,142,142,5,4,1,2,0.3,0.4
2026-07-23T1600,4065A,118.1267,39.6579,唐山市,光明北路515号,,40,40,33,18,21,70,NA,105,69,26,24,4,6,1.5,1.4
2026-07-23T1600,4066A,119.7458,39.9952,秦皇岛市,南园路157号,,34,23,20,11,11,108,NA,94,94,2,21,5,5,0.3,0.3
2026-07-23T1600,4067A,119.5131,39.8858,秦皇岛市,翠岛大街1号,,31,22,22,19,11,99,NA,88,88,3,15,4,4,0.3,0.4
2026-07-23T1600,4068A,114.5209,36.7697,邯郸市,建安街268号,NA,NA,12,16,9,8,149,NA,144,144,3,9,3,2,NA,0.2
2026-07-23T1600,4069A,114.5488,36.6177,邯郸市,丛台东路558号,,43,9,20,4,7,137,NA,135,135,1,5,3,3,0.2,0.3
2026-07-23T1600,4070A,114.5558,37.0578,邢台市,襄都区政府南院,,46,31,20,15,10,146,NA,139,139,3,6,3,3,0.4,0.5
2026-07-23T1600,4071A,114.9883,38.5232,定州市,交通局,,44,41,42,16,11,140,NA,124,124,8,9,3,1,0.5,0.5
2026-07-23T1600,4072A,115.0045,38.5136,定州市,第五中学,,44,34,33,25,13,139,NA,123,123,6,8,4,4,0.2,0.3
2026-07-23T1600,4073A,117.9462,40.95,承德市,杏林街1号,,46,44,28,32,22,90,NA,67,67,6,8,15,6,0.7,0.5
2026-07-23T1600,4074A,112.449,37.8509,太原市,西矿街336号,臭氧1小时(O3_1h),65,43,36,24,20,172,NA,141,141,17,16,15,9,0.6,0.5
2026-07-23T1600,4075A,112.4792,37.9393,太原市,迎宾北路9号,臭氧1小时(O3_1h),64,30,31,22,20,171,NA,162,162,9,15,9,8,0.7,0.7
2026-07-23T1600,4076A,112.551,37.8575,太原市,迎泽大街248号,,49,31,36,19,19,155,NA,139,139,9,14,9,9,0.5,0.6
2026-07-23T1600,4077A,113.588,37.8712,阳泉市,宁波路,,42,24,26,23,15,134,NA,127,127,7,12,5,12,0.5,0.7
2026-07-23T1600,4078A,112.8246,35.5152,晋城市,前书院路,,47,39,33,17,12,148,NA,116,116,2,6,5,5,0.8,1
2026-07-23T1600,4079A,112.8864,35.4773,晋城市,祥云街666号,,45,45,33,24,18,143,NA,109,109,6,8,5,5,0.6,0.7
2026-07-23T1600,4080A,112.7375,37.7215,晋中市,广安街188号,臭氧1小时(O3_1h),63,35,30,27,18,170,NA,148,148,4,7,11,10,0.3,0.2
2026-07-23T1600,4081A,111.0081,35.0748,运城市,学苑北路2555号,,44,35,46,17,22,138,NA,126,126,3,9,4,5,0.6,0.7
2026-07-23T1600,4082A,121.2548,38.8188,大连市,旅顺,,27,7,18,5,13,85,NA,82,82,6,8,6,6,0.5,0.5
2026-07-23T1600,4083A,123.153,41.2874,辽阳市,铁西路150号,,49,42,35,20,18,155,NA,136,136,8,7,7,6,0.2,0.4
2026-07-23T1600,4084A,123.835,42.2853,铁岭市,新华街20号,,50,28,45,9,23,157,NA,137,137,7,14,6,6,0.5,0.6
2026-07-23T1600,4085A,125.0998,42.9134,辽源市,安宁大街333号,,35,34,32,5,22,111,NA,111,111,1,8,6,11,0.5,0.6
2026-07-23T1600,4086A,118.7641,32.0841,南京市,新模范马路66号,,27,5,28,0,9,85,NA,100,100,2,6,4,4,0.2,0.3
2026-07-23T1600,4087A,120.3138,31.4927,无锡市,清舒道1号,,31,27,27,8,12,99,NA,111,111,4,8,8,7,0.5,0.6
2026-07-23T1600,4088A,117.1553,34.2567,徐州市,纺织东路16号,,34,9,7,5,11,106,NA,87,87,4,7,5,5,0.6,0.6
2026-07-23T1600,4089A,119.9551,31.863,常州市,崇义南街5-H号,,33,33,26,6,11,98,NA,87,87,8,16,6,6,0.6,0.7
2026-07-23T1600,4090A,120.4282,31.3228,苏州市,学森路9号,,34,23,30,11,14,108,NA,103,103,3,12,6,7,0.5,0.5
2026-07-23T1600,4091A,120.8692,31.9885,南通市,洪江路,,40,22,26,13,18,128,NA,130,130,7,20,5,4,0.6,0.7
2026-07-23T1600,4092A,119.119691,33.550006,淮安市,枚皋中路89号,,22,17,17,15,11,57,NA,56,56,15,12,8,8,1.0,1
2026-07-23T1600,4093A,119.5202,32.3705,扬州市,廖家沟步道,NA,NA,NA,27,7,11,68,NA,19,NA,16,22,4,4,0.3,0.4
2026-07-23T1600,4094A,118.352,33.7886,宿迁市,春华路,,22,7,15,4,11,68,NA,63,63,4,7,8,8,0.3,0.3
2026-07-23T1600,4095A,121.8962,29.7529,宁波市,中科路88号,NA,NA,35,38,14,18,95,NA,98,98,2,2,NA,6,0.5,0.5
2026-07-23T1600,4096A,120.6935,28.0114,温州市,鹿城惠民路,颗粒物(PM10),53,53,52,22,21,122,NA,106,106,6,7,/,/,0.4,0.3
2026-07-23T1600,4097A,118.9646,28.9832,衢州市,衢州三中,,28,28,39,12,18,84,NA,82,82,8,17,3,4,0.6,0.7
2026-07-23T1600,4098A,117.2518,31.8404,合肥市,中国科学技术大学,,17,12,15,0,7,52,NA,65,65,19,8,10,9,0.6,0.6
2026-07-23T1600,4099A,118.5726,31.1371,芜湖市,湾沚区人民法院,,32,24,23,18,17,102,NA,68,68,4,10,3,3,0.5,0.5
2026-07-23T1600,4100A,116.8322,33.9884,淮北市,杜集区第一实验学校,,33,26,25,3,7,103,NA,89,89,5,9,3,4,0.5,0.6
2026-07-23T1600,4101A,118.3196,32.3335,滁州市,银山路666号,,22,14,14,8,16,70,NA,76,76,2,13,4,5,0.3,0.5
2026-07-23T1600,4102A,118.3426,32.2979,滁州市,黄山路555号,NA,NA,NA,29,7,16,72,NA,76,76,2,13,5,7,NA,0.5
2026-07-23T1600,4103A,116.9929,33.6412,宿州市,中兴路,,21,15,21,7,11,67,NA,56,56,6,14,9,9,0.3,0.3
2026-07-23T1600,4104A,119.3106,26.0648,福州市,路通桥巷6号,颗粒物(PM10),55,57,54,30,29,156,NA,125,125,6,10,/,/,/,/
2026-07-23T1600,4105A,118.6355,24.9148,泉州市,霞新路6号,,45,45,44,23,26,142,NA,122,122,9,16,/,/,0.6,0.6
2026-07-23T1600,4106A,115.7923,28.6873,南昌市,工业二路,,36,36,28,16,14,96,NA,78,78,1,16,7,6,0.5,0.5
2026-07-23T1600,4107A,113.8686,27.6668,萍乡市,联洪村委会,,21,19,20,7,8,66,NA,59,59,2,4,7,7,0.4,0.4
2026-07-23T1600,4108A,117.7107,36.2385,济南市,山财大街5号,NA,NA,17,34,7,17,132,NA,134,134,5,14,4,9,NA,0.6
2026-07-23T1600,4109A,116.9744,36.6889,济南市,无影山路12号,,45,22,20,15,7,144,NA,134,134,11,15,4,4,0.6,0.5
2026-07-23T1600,4110A,120.5222,36.4089,青岛市,盟旺路653号,,49,15,15,8,10,156,NA,117,117,10,8,7,6,0.8,0.8
2026-07-23T1600,4111A,116.6075,35.4566,济宁市,任和路,,44,25,28,10,13,138,NA,120,120,5,7,3,4,0.5,0.5
2026-07-23T1600,4112A,116.5648,35.3921,济宁市,文体南路1号,,43,33,23,3,9,137,NA,121,121,4,6,3,3,0.4,0.3
2026-07-23T1600,4113A,116.0091,36.4495,聊城市,利民路,,48,8,16,6,4,152,NA,144,144,2,4,8,8,0,0.1
2026-07-23T1600,4114A,115.4239,35.2593,菏泽市,黄河路600号,,42,40,28,12,13,134,NA,123,123,8,10,5,5,0.3,0.3
2026-07-23T1600,4115A,115.5025,35.2727,菏泽市,菏泽市人社局,,37,25,25,14,13,117,NA,115,115,5,7,2,3,0.4,0.4
2026-07-23T1600,4116A,113.284,33.7139,平顶山市,姚电大道23号,,40,21,29,14,18,127,NA,100,100,9,15,7,7,0.7,0.7
2026-07-23T1600,4117A,114.2918,36.0769,安阳市,钢三路198号,,41,NA,19,17,12,129,NA,131,131,1,4,2,3,0.5,0.7
2026-07-23T1600,4118A,115.0552,35.7816,濮阳市,中原东路68号,,44,35,25,19,10,140,NA,129,129,6,7,8,5,0.7,0.7
2026-07-23T1600,4119A,115.6701,34.3767,商丘市,北海东路185号,,40,NA,24,13,11,127,NA,93,93,3,11,4,4,0.4,0.4
2026-07-23T1600,4120A,115.6172,34.3704,商丘市,中山大街3号,,38,9,27,6,11,121,NA,85,85,3,13,5,5,0.4,0.5
2026-07-23T1600,4121A,114.8466,33.7333,周口市,羲皇大道,NA,NA,NA,22,6,11,118,NA,91,91,NA,7,4,4,0.4,0.4
2026-07-23T1600,4122A,112.6071,35.1015,济源市,市委党校,,33,29,37,18,19,105,NA,84,84,8,13,2,3,0.5,0.5
2026-07-23T1600,4123A,112.596,35.0702,济源市,沁园中路1号,,46,26,34,15,17,147,NA,128,128,7,12,1,3,0.5,0.6
2026-07-23T1600,4124A,112.2213,31.0654,荆门市,新台西路6号,,34,25,19,20,15,107,NA,83,83,4,6,7,7,0.7,0.7
2026-07-23T1600,4125A,113.946,30.8999,孝感市,天仙南路1号,,32,21,16,18,12,102,NA,70,70,3,12,7,8,0.4,0.6
2026-07-23T1600,4127A,111.9812,27.7591,娄底市,涟钢职大,,24,17,18,11,6,76,NA,59,59,2,7,2,2,0.2,0.9
2026-07-23T1600,4128A,112.0303,27.7457,娄底市,娄底体校,NA,NA,NA,25,10,10,75,NA,58,58,2,7,5,4,NA,0.4
2026-07-23T1600,4129A,113.8666,23.1062,东莞市,裕兴路,臭氧1小时(O3_1h),72,54,44,18,17,177,NA,139,139,11,16,6,7,0.4,0.4
2026-07-23T1600,4130A,114.0076,22.9739,东莞市,教育路1号,臭氧1小时(O3_1h),78,38,44,14,18,182,NA,132,132,10,18,7,7,0.8,0.7
2026-07-23T1600,4131A,113.7981,22.8124,东莞市,长怡路1号,,35,35,43,14,17,93,NA,88,88,6,14,6,5,0.5,0.6
2026-07-23T1600,4132A,108.2927,23.1477,南宁市,起凤路9号,,24,16,25,9,16,76,NA,62,62,5,8,1,2,0.6,0.5
2026-07-23T1600,4133A,106.6273,23.8798,百色市,龙景西路,,49,49,45,13,21,123,NA,76,76,6,12,13,15,0.4,0.4
2026-07-23T1600,4134A,110.1952,20.0451,海口市,长滨二路9号,,24,24,32,13,20,65,NA,67,67,2,5,/,/,/,/
2026-07-23T1600,4135A,109.1714,18.3739,三亚市,城东小学站,,21,20,30,12,16,65,NA,72,72,4,7,/,/,/,/
2026-07-23T1600,4136A,108.6971,30.9377,重庆市,云师幼儿园,,38,18,27,14,15,119,NA,106,106,3,12,4,4,0.5,0.5
2026-07-23T1600,4137A,107.3276,30.3284,重庆市,公安局,,40,35,31,14,16,127,NA,119,119,2,8,8,9,0.7,0.7
2026-07-23T1600,4138A,108.0575,30.3254,重庆市,忠县中学,,44,37,37,11,16,139,NA,112,112,7,23,4,5,0.5,0.6
2026-07-23T1600,4139A,109.4542,31.0182,重庆市,竹枝路2号,,39,36,48,19,14,122,NA,99,99,5,12,11,12,0.5,0.5
2026-07-23T1600,4140A,107.7422,29.871,重庆市,龙河路,,36,28,30,17,16,114,NA,107,107,5,10,6,6,0.4,0.5
2026-07-23T1600,4141A,108.7636,28.84,重庆市,桃花源中路,,32,32,30,18,17,89,NA,77,77,13,12,7,7,0.6,0.6
2026-07-23T1600,4142A,108.9758,28.4416,重庆市,秀山县高级中学,,28,NA,20,19,14,78,NA,64,64,4,6,7,6,0.5,0.6
2026-07-23T1600,4143A,108.1558,29.2859,重庆市,河堡街,,32,NA,18,20,17,101,NA,78,78,3,8,6,6,0.7,0.7
2026-07-23T1600,4144A,104.3257,30.6406,成都市,八角井街185号,臭氧1小时(O3_1h),119,38,56,33,28,238,NA,184,184,10,18,8,8,0.7,0.7
2026-07-23T1600,4145A,104.4144,31.1495,德阳市,市林业局,臭氧1小时(O3_1h),60,39,51,15,30,168,NA,141,141,5,22,13,15,0.6,0.7
2026-07-23T1600,4146A,104.7092,31.4972,绵阳市,科技城新区公安局,臭氧1小时(O3_1h),77,37,58,16,28,181,NA,156,156,5,17,16,15,0.6,0.7
2026-07-23T1600,4147A,105.0433,29.6105,内江市,玉峰路西段888号,臭氧1小时(O3_1h),69,24,30,18,23,175,NA,147,147,5,15,10,11,0.4,0.5
2026-07-23T1600,4148A,103.8836,30.0695,眉山市,眉职院,臭氧1小时(O3_1h),93,28,48,12,22,194,NA,140,140,10,37,9,11,0.6,0.7
2026-07-23T1600,4149A,104.6146,28.7422,宜宾市,宜宾市职业技术学校,臭氧1小时(O3_1h),103,45,43,29,26,205,NA,158,158,9,15,10,10,0.9,0.9
2026-07-23T1600,4150A,104.6646,30.1116,资阳市,正兴街66号,臭氧1小时(O3_1h),60,28,36,23,21,168,NA,146,146,4,10,9,8,0.2,0.3
2026-07-23T1600,4151A,104.8899,26.5685,六盘水市,钟山大道中段564号,,37,37,34,16,18,114,NA,102,102,4,5,3,2,0.7,0.7
2026-07-23T1600,4152A,107.0425,27.7087,遵义市,乌江大道东段1号,,38,24,28,19,20,121,NA,101,101,7,9,8,8,0.5,0.5
2026-07-23T1600,4153A,101.5536,25.0343,楚雄彝族自治州,团结路562号,,28,12,14,4,9,89,NA,74,74,2,7,2,3,0.6,0.7
2026-07-23T1600,4154A,103.401,23.3561,红河哈尼族彝族自治州,蒙自市朝阳路,,16,14,17,9,14,51,NA,64,64,10,6,6,10,0.4,0.3
2026-07-23T1600,4155A,107.1721,34.3558,宝鸡市,滨河北路,臭氧1小时(O3_1h),62,26,25,11,13,169,NA,132,132,4,6,7,7,0.5,0.6
2026-07-23T1600,4156A,108.6372,34.3031,咸阳市,胭脂路9号,臭氧1小时(O3_1h),93,26,31,21,16,194,NA,168,168,5,9,8,7,0.5,0.5
2026-07-23T1600,4157A,108.0371,34.3035,咸阳市,杨扶路,臭氧1小时(O3_1h),117,33,29,19,19,233,NA,162,162,7,7,4,3,0.3,0.3
2026-07-23T1600,4158A,108.0895,34.2623,咸阳市,新桥路,NA,NA,NA,31,NA,14,240,NA,166,166,NA,12,NA,5,0.2,0.2
2026-07-23T1600,4159A,110.4531,35.4578,渭南市,桢州大街,臭氧1小时(O3_1h),87,54,38,24,20,189,NA,152,152,3,7,10,12,1.0,0.9
2026-07-23T1600,4160A,110.4368,35.4773,渭南市,太史大街,NA,NA,39,41,23,21,157,NA,132,132,5,10,NA,12,0.7,0.8
2026-07-23T1600,4161A,109.485,36.6347,延安市,志丹路,,43,22,32,14,19,135,NA,116,116,6,16,2,2,0.5,0.5
2026-07-23T1600,4162A,101.6769,36.6535,西宁市,海晏路105号,,49,NA,30,15,17,156,NA,126,126,2,15,4,6,0.2,0.4
2026-07-23T1600,4163A,102.0984,36.5119,海东市,滨河路,,50,NA,24,4,14,159,NA,125,125,6,30,6,10,0.3,0.5
2026-07-23T1600,4164A,87.2057,43.9289,昌吉回族自治州,财政所,,35,24,32,3,6,110,NA,102,102,5,7,8,8,0.0,0
2026-07-23T1600,4165A,82.9716,46.7464,塔城地区,文化广场,,30,30,23,5,6,79,NA,62,62,2,4,4,4,0.3,0.3
2026-07-23T1600,4166A,88.1198,47.7931,阿勒泰地区,阿勒泰路33号,,33,14,19,1,4,104,NA,90,90,5,8,7,7,0.3,0.4
2026-07-23T1600,4167A,86.0126,44.2349,石河子市,城南景苑小区,,40,21,20,5,7,128,NA,120,120,6,9,9,7,0.5,0.4
2026-07-23T1600,4168A,87.055284,43.999117,五家渠市,建设西街760号,,36,23,43,3,12,113,NA,105,105,4,8,8,8,0.2,0.2
2026-07-23T1600,4180A,113.8157285,34.126705,许昌市,新元大道996号,NA,NA,26,29,18,18,NA,NA,68,68,4,10,4,5,0.7,0.7
2026-07-23T1600,4181A,112.3571,28.5588,益阳市,龙洲站,,35,NA,20,24,12,88,NA,68,68,3,5,8,8,0.7,0.7
2026-07-23T1600,4182A,116.1942,39.9158,北京市,石景山八角,,40,29,31,21,22,128,NA,95,95,18,10,2,3,0.7,0.5
2026-07-23T1600,4183A,121.417401,31.16637,上海市,冠生园路458号,臭氧1小时(O3_1h),53,47,31,34,22,162,NA,121,121,11,14,6,6,0.7,0.5
2026-07-23T1600,4184A,115.479691,35.244011,菏泽市,永昌路1号,,43,39,26,13,14,136,NA,131,131,6,10,6,6,0.2,0.3
2026-07-23T1600,4185A,115.078022,30.21118,黄石市,磁湖东路29号,NA,NA,27,32,11,10,67,NA,60,60,3,17,3,6,NA,1
2026-07-23T1600,4186A,117.194237,34.229354,徐州市,解放南路202号,,31,20,23,8,12,99,NA,81,81,6,9,6,7,0.7,0.7
2026-07-23T1600,4187A,112.3425,28.611,益阳市,幸福渠东路223号,,29,NA,18,18,14,91,NA,71,71,4,7,7,7,0.6,0.6
2026-07-23T1600,4188A,112.3712,28.5764,益阳市,益鑫泰路85号,NA,NA,NA,19,18,13,84,NA,66,66,5,7,10,10,0.8,0.8
2026-07-23T1600,4189A,113.113092,36.199482,长治市,英华南巷50号,,45,35,31,26,19,143,NA,126,126,2,7,10,11,0.6,0.8
2026-07-23T1600,4190A,113.23666,36.33435,长治市,学府街1号,,48,36,30,24,16,151,NA,149,149,3,3,5,6,0.5,0.6
2026-07-23T1600,4191A,118.527362,31.722269,马鞍山市,慈湖高新区,,24,24,39,13,24,60,NA,91,91,14,14,7,8,0.5,0.9
2026-07-23T1600,4192A,115.931587,28.686774,南昌市,南京东路235号,,35,18,23,14,17,112,NA,95,95,6,14,5,5,0.7,0.8
2026-07-23T1600,4193A,115.471542,35.280012,菏泽市,长城路999号,,40,27,22,14,13,128,NA,119,119,6,9,8,8,0.5,0.5
2026-07-23T1600,4194A,117.078628,40.151726,北京市,平谷新城,,39,36,26,27,19,101,NA,71,71,5,6,3,1,1.0,0.7
2026-07-23T1600,4196A,117.24369,39.102911,天津市,光华路,,36,NA,42,12,32,113,NA,53,53,7,19,5,6,0.5,0.6
2026-07-23T1600,4197A,118.130859,39.636026,唐山市,友谊北路34号,颗粒物(PM10),60,64,52,17,14,69,NA,65,65,27,25,5,8,1.7,1.5
2026-07-23T1600,4198A,119.509013,39.825305,秦皇岛市,北戴河轮滑馆,,35,35,32,12,12,105,NA,91,91,7,19,5,6,0.4,0.4
2026-07-23T1600,4199A,113.2798248,40.09972476,大同市,魏都大道141号,,50,34,36,18,14,160,NA,148,148,10,16,7,8,0.5,0.6
2026-07-23T1600,4200A,112.7478,37.6954,晋中市,迎宾街26号,臭氧1小时(O3_1h),58,34,25,23,18,166,NA,146,146,6,8,8,8,0.5,0.4
2026-07-23T1600,4201A,122.944647,41.082639,鞍山市,兴盛南路290号,,45,32,33,19,24,142,NA,130,130,14,17,4,3,0.7,0.7
2026-07-23T1600,4202A,113.9856,32.9802,驻马店市,交通路1233号,,37,20,18,4,8,118,NA,98,98,7,10,5,5,0.3,0.3
2026-07-23T1600,4203A,111.3168,30.7203,宜昌市,西陵二路116号,,43,31,23,20,12,137,NA,102,102,4,6,6,6,0.4,0.4
2026-07-23T1600,4204A,111.3526,30.6374,宜昌市,沈家店路6号,细颗粒物(PM2.5),52,NA,30,36,21,110,NA,92,92,15,13,5,5,0.4,0.4
2026-07-23T1600,4205A,121.541914,31.268301,上海市,宁武路151号,颗粒物(PM10),58,60,39,29,21,149,NA,131,131,14,19,6,6,0.6,0.5
2026-07-23T1600,4206A,119.028838,33.631911,淮安市,承德北路606号,,18,17,16,12,15,45,NA,48,48,15,10,5,6,0.7,0.7
2026-07-23T1600,4207A,120.12211,33.393982,盐城市,黄海中路88号,,25,17,17,6,7,77,NA,80,80,3,6,9,9,0.6,0.7
2026-07-23T1600,4209A,117.003137,32.644456,淮南市,国庆中路369号,,17,12,15,1,8,52,NA,51,51,6,11,12,12,0.2,0.2
2026-07-23T1600,4210A,118.335445,29.720283,黄山市,滨江东路7-2号,,41,41,40,16,14,80,NA,66,66,1,4,/,/,/,/
2026-07-23T1600,4211A,118.190438,28.444845,上饶市,裕丰大道,,29,25,27,20,13,74,NA,74,74,3,6,12,11,0.5,0.4
2026-07-23T1600,4212A,118.3039243,36.82708161,淄博市,广场路1号,,50,34,35,23,34,157,NA,163,163,11,15,6,6,0.7,0.8
2026-07-23T1600,4213A,121.364239,37.529648,烟台市,青年南路118号,,31,9,9,6,11,98,NA,91,91,7,11,7,7,0.4,0.3
2026-07-23T1600,4214A,112.460027,34.694929,洛阳市,春都路1号院,,44,29,25,24,18,140,NA,114,114,6,9,2,3,0.5,0.4
2026-07-23T1600,4215A,113.916569,35.331547,新乡市,建设东路46号,,40,29,24,15,11,128,NA,125,125,3,5,6,7,0.5,0.6
2026-07-23T1600,4216A,115.0923632,35.76857718,濮阳市,任丘路479号,细颗粒物(PM2.5),58,49,35,39,14,148,NA,131,131,2,3,6,5,0.7,0.5
2026-07-23T1600,4217A,114.3182,29.8447,咸宁市,双鹤路18号,,25,NA,11,14,5,78,NA,62,62,1,4,4,4,0.6,0.7
2026-07-23T1600,4218A,111.446,27.2472,邵阳市,北塔二期4-26地块,颗粒物(PM10),72,80,22,5,8,57,NA,57,57,3,6,5,5,0.5,0.6
2026-07-23T1600,4219A,111.4739,27.2282,邵阳市,邵水西路287号,,23,23,19,12,14,70,NA,65,65,1,6,1,2,0.3,0.4
2026-07-23T1600,4220A,114.214113,22.713717,深圳市,黄阁路,,47,47,35,21,16,118,NA,87,87,8,11,7,7,0.6,0.7
2026-07-23T1600,4221A,108.2177,22.7774,南宁市,乐贤路16号,,22,16,26,4,13,68,NA,63,63,6,13,6,4,0.6,0.6
2026-07-23T1600,4222A,110.1835,25.2444,桂林市,环湖路276号,,20,19,14,13,13,62,NA,56,56,1,4,4,4,0.4,0.5
2026-07-23T1600,4223A,106.4686218,29.48920871,重庆市,双山路147号,,49,33,37,9,16,154,NA,134,134,8,12,13,14,0.6,0.6
2026-07-23T1600,4224A,104.2433276,30.53529463,成都市,鲸龙路1057号,臭氧1小时(O3_1h),130,60,47,32,27,260,NA,208,208,12,26,11,11,0.7,0.7
2026-07-23T1600,4225A,104.714266,29.338571,自贡市,贡兴路74号,臭氧1小时(O3_1h),88,18,35,12,24,190,NA,172,172,5,12,12,12,0.2,0.3
2026-07-23T1600,4226A,104.765114,31.453094,绵阳市,绵阳市气象局,臭氧1小时(O3_1h),52,38,53,24,27,161,NA,134,134,11,19,8,8,0.6,0.7
2026-07-23T1600,4227A,106.108336,30.788436,南充市,梨树横街98号,,44,43,49,17,20,139,NA,126,126,6,11,8,9,0.2,0.2
2026-07-23T1600,4229A,102.2342,27.8859,凉山彝族自治州,凯乐南路30号,,48,30,32,20,24,153,NA,113,113,6,18,11,11,0.9,1
2026-07-23T1600,4230A,106.688212,26.56952,贵阳市,花果园大街66号,,34,18,32,18,19,108,NA,93,93,5,7,2,3,/,/
2026-07-23T1600,4231A,106.687268,26.516892,贵阳市,漓江路57号,NA,NA,27,32,16,18,109,NA,93,93,4,7,4,4,NA,0.5
2026-07-23T1600,4233A,108.596239,34.118792,西安市,西苑北路977号,臭氧1小时(O3_1h),121,63,40,19,13,242,NA,188,188,11,11,7,6,0.4,0.4
2026-07-23T1600,4234A,108.949652,34.870529,铜川市,大唐三路,臭氧1小时(O3_1h),63,50,36,18,14,170,NA,144,144,10,12,7,9,0.6,0.6
2026-07-23T1600,4235A,109.5051,34.4921,渭南市,渭花路4号,臭氧1小时(O3_1h),63,46,39,22,19,170,NA,144,144,6,10,8,9,0.4,0.4
2026-07-23T1600,4236A,103.629272,36.093822,兰州市,庄浪东路808号,臭氧1小时(O3_1h),88,31,41,18,19,190,NA,154,154,12,29,15,23,0.4,0.5
2026-07-23T1600,4237A,103.7251,36.104344,兰州市,安宁西路88号,臭氧1小时(O3_1h),107,30,44,9,19,213,NA,170,170,6,24,13,19,0.3,0.4
2026-07-23T1600,4238A,103.846982,36.067567,兰州市,北滨河东路1号,臭氧1小时(O3_1h),80,28,45,14,18,184,NA,141,141,10,37,16,17,0.4,0.6
2026-07-23T1600,4239A,102.193042,38.531887,金昌市,长春路96号,NA,NA,34,49,9,15,141,NA,128,128,9,12,5,9,NA,0.4
2026-07-23T1600,4240A,98.495752,39.733935,酒泉市,玉门东路5号,颗粒物(PM10),83,95,44,33,17,136,NA,112,112,4,11,7,7,0.3,0.3
2026-07-23T1600,4241A,98.5099,39.7506,酒泉市,北大街108号,颗粒物(PM10),78,88,50,24,19,138,NA,115,115,3,10,12,13,0.3,0.3
2026-07-23T1600,4242A,106.226373,38.491976,银川市,广场西路,臭氧1小时(O3_1h),116,67,49,22,16,231,NA,169,169,11,18,7,7,0.4,0.4
2026-07-23T1600,4243A,92.0515,31.4787,那曲市,那曲市委宣传部,,31,15,9,7,6,98,NA,90,88,4,6,5,4,0.2,0.2
2026-07-23T1600,4244A,111.4879,36.053,临汾市,启星学校,臭氧1小时(O3_1h),62,50,37,23,19,169,NA,137,137,7,12,6,9,0.9,0.9
2026-07-23T1600,4245A,106.8609,27.5969,遵义市,遵南大道1161号,,46,43,41,25,24,146,NA,124,124,4,7,4,7,0.4,0.5
2026-07-23T1600,4246A,105.833962,30.18863087,重庆市,桃园路24号,臭氧1小时(O3_1h),72,42,39,22,24,177,NA,144,144,4,8,4,5,0.5,0.6
2026-07-23T1600,4247A,107.091033,29.153966,重庆市,钟楼街32号,,35,22,28,22,18,112,NA,102,102,1,11,11,11,0.6,0.7
2026-07-23T1600,4248A,107.8042979,30.67350233,重庆市,人民南路309号,颗粒物(PM10),68,74,51,11,17,127,NA,114,114,3,9,6,7,0.2,0.4
2026-07-23T1600,4249A,118.8707617,31.34017673,南京市,汶溪路181号,,24,18,28,5,12,76,NA,75,75,1,5,2,4,0.3,0.5
2026-07-23T1600,4250A,114.089259,33.588274,漯河市,韶山路11号,,40,25,27,15,14,127,NA,100,100,5,13,6,7,0.5,0.5
2026-07-23T1600,4251A,112.1433,32.0581,襄阳市,铁院东路4号,,40,24,24,21,11,125,NA,87,87,9,9,7,6,0.6,0.6
2026-07-23T1600,4252A,113.0138,25.8011,郴州市,好美居路49号,,21,21,18,9,9,64,NA,60,60,3,5,7,9,/,/
2026-07-23T1600,4253A,116.010205,29.659402,九江市,莲花大道8号,,22,12,15,11,12,69,NA,67,67,5,6,5,5,0.5,0.5
2026-07-23T1600,4254A,120.2925,31.5685,无锡市,健康路105号,,32,32,32,9,13,99,NA,95,95,8,14,4,5,0.6,0.7
2026-07-23T1600,4255A,110.16795,22.640993,玉林市,人民东路196号,,23,16,24,16,19,54,NA,55,55,16,15,3,3,0.3,0.5
2026-07-23T1600,4256A,107.375,22.3736,崇左市,石景林东路7号,,22,21,23,5,11,70,NA,76,76,4,10,3,5,0.5,0.5
2026-07-23T1600,4257A,104.6092,35.5962,定西市,将台街,,47,25,32,5,11,148,NA,124,124,3,18,6,5,0.2,0.2
2026-07-23T1600,4258A,111.2416,23.4155,梧州市,政贤路18号,,32,32,27,11,10,74,NA,68,68,1,13,6,7,0.7,0.8
2026-07-23T1600,4259A,113.835877,34.0155267,许昌市,望田路111号,,38,24,26,16,19,121,NA,87,87,8,12,3,2,0.6,0.6
2026-07-23T1600,4260A,109.5933,23.095,贵港市,中山路155-3号,,47,47,35,18,18,78,NA,64,64,6,15,/,/,0.5,0.6
2026-07-23T1600,4261A,103.7247,27.3415,昭通市,环东路146号,,43,37,39,19,21,137,NA,129,129,8,12,5,10,0.3,0.4
2026-07-23T1600,4263A,105.3688,27.3598,毕节市,工业大道,,41,30,28,17,20,129,NA,122,122,10,19,7,9,/,/
2026-07-23T1600,4264A,113.234,35.219,焦作市,新安路1731号,,48,22,31,13,19,153,NA,132,132,10,10,9,7,0.4,0.4
2026-07-23T1600,4265A,113.108806,29.353066,岳阳市,求索西路365号,,29,18,21,13,10,92,NA,68,68,5,8,2,2,0.5,0.6
2026-07-23T1600,4266A,117.7325,34.5683,枣庄市,文化路178号,NA,NA,NA,25,1,12,96,NA,92,92,5,14,8,8,0.4,0.5
2026-07-23T1600,4268A,112.1722,30.3366,荆州市,学苑路85号,颗粒物(PM10),52,52,27,17,8,94,NA,71,71,1,11,10,6,0.5,0.5
2026-07-23T1600,4269A,114.6701,33.6167,周口市,七一路,,40,21,19,6,12,125,NA,95,95,5,9,1,1,0.5,0.5
2026-07-23T1600,4270A,102.6447,37.9293,武威市,钟楼街149号,,50,22,38,5,17,158,NA,120,120,4,24,10,10,0.3,0.4
2026-07-23T1600,4271A,103.2464,35.6123,临夏回族自治州,滨河东路1号,,46,27,49,6,29,147,NA,120,120,6,15,10,8,0.5,0.6
2026-07-23T1600,4273A,81.2737,43.9337,伊犁哈萨克自治州,安徽路800号,,38,8,18,4,7,119,NA,96,96,3,12,3,4,0.4,0.5
2026-07-23T1600,4274A,117.7994,40.9605,承德市,滨河大街98号,,35,33,32,15,18,111,NA,70,70,5,6,20,11,0.6,0.5
2026-07-23T1600,4275A,111.591512,40.827312,呼和浩特市,成吉思汗西街8号,臭氧1小时(O3_1h),54,19,20,14,9,163,NA,141,141,12,21,9,6,0.4,0.4
2026-07-23T1600,4276A,111.6597,40.8077,呼和浩特市,公园东路75号,,46,17,17,12,11,145,NA,143,143,7,10,13,14,0.4,0.4
2026-07-23T1600,4277A,111.5427,40.7846,呼和浩特市,金海路35号,,47,17,28,10,12,148,NA,134,134,9,14,9,6,0.5,0.5
2026-07-23T1600,4278A,106.8212,39.6741,乌海市,海拉北路,臭氧1小时(O3_1h),97,54,65,32,28,197,NA,144,144,8,20,9,18,0.5,0.6
2026-07-23T1600,4279A,119.7569,49.2222,呼伦贝尔市,伊敏大街东7号,,29,12,19,2,13,90,NA,71,71,7,15,5,5,0.5,0.6
2026-07-23T1600,4280A,122.0921,46.065,兴安盟,洮儿河南路,,49,37,30,34,21,120,NA,109,109,2,10,5,6,0.3,0.4
2026-07-23T1600,4281A,125.334645,43.916281,长春市,北亚泰大街1068号,,40,40,47,13,29,101,NA,118,118,8,10,2,3,0.5,0.6
2026-07-23T1600,4282A,126.6769,45.7379,哈尔滨市,华山路1号,NA,NA,46,46,31,24,149,NA,123,123,8,18,NA,10,0.4,0.4
2026-07-23T1600,4283A,126.9717,45.5356,哈尔滨市,解放大街52号,,44,35,48,14,13,140,NA,119,119,5,13,5,3,0.7,0.8
2026-07-23T1600,4284A,128.8325,47.8447,伊春市,永安路4-1号,,30,NA,15,18,11,96,NA,88,88,3,4,2,2,0.4,0.5
2026-07-23T1600,4285A,130.363,46.806,佳木斯市,顺和街,,32,32,33,11,17,87,NA,76,76,22,28,2,2,0.4,0.4
2026-07-23T1600,4286A,130.3952,46.8268,佳木斯市,长安路196号,,42,42,45,9,15,101,NA,89,89,14,27,3,4,0.3,0.3
2026-07-23T1600,4287A,129.5992,44.5964,牡丹江市,东晓云街98号,,30,30,35,3,18,86,NA,92,92,6,11,7,7,0.3,0.4
2026-07-23T1600,4288A,117.2438,34.2844,徐州市,龙潭环路5号,,32,19,21,9,15,102,NA,86,86,7,10,5,5,0.6,0.6
2026-07-23T1600,4289A,117.154766,29.256967,景德镇市,青少年活动中心,,26,26,30,14,15,67,NA,60,60,10,12,16,15,/,/
2026-07-23T1600,4290A,120.196923,35.954556,青岛市,珠江路669号,,50,36,12,35,13,137,NA,100,100,20,16,8,3,1.4,0.5
2026-07-23T1600,4291A,120.0424,35.8656,青岛市,黄岛区人民政府广场,,42,39,13,29,14,127,NA,101,101,15,12,7,6,0.9,0.4
2026-07-23T1600,4292A,116.352738,37.420875,德州市,新河东路,,45,5,15,0,7,141,NA,126,126,9,12,7,7,0.7,0.5
2026-07-23T1600,4293A,113.605125,34.755221,郑州市,计划路2号,,45,36,33,25,19,142,NA,127,127,9,11,3,3,0.4,0.4
2026-07-23T1600,4294A,113.6525645,34.77362682,郑州市,同乐路9号,,49,36,33,34,24,150,NA,135,135,4,6,2,2,0.3,0.3
2026-07-23T1600,4295A,113.2722,35.2121,焦作市,人民路3066号,,46,24,28,11,18,147,NA,130,130,5,7,11,7,0.8,0.8
2026-07-23T1600,4296A,114.6421,33.6417,周口市,健康路46号,,37,20,18,2,7,116,NA,90,90,3,7,1,2,0.5,0.6
2026-07-23T1600,4297A,114.649,33.596,周口市,太昊路,,37,15,19,2,7,116,NA,84,84,2,9,2,2,0.8,0.9
2026-07-23T1600,4298A,114.284,29.8595,咸宁市,碧桂路,,23,16,13,9,6,71,NA,60,60,3,6,4,2,0.5,0.4
2026-07-23T1600,4299A,111.6195,26.2253,永州市,徐家井路86号,,25,22,23,17,15,63,NA,61,61,6,7,5,5,0.5,0.5
2026-07-23T1600,4300A,114.4089,23.1147,惠州市,文华一路1号,,40,40,41,23,20,126,NA,98,98,3,8,/,/,/,/
2026-07-23T1600,4301A,110.2803,25.2773,桂林市,信义路13号,,28,28,25,14,15,55,NA,46,46,3,6,3,3,0.6,0.7
2026-07-23T1600,4302A,108.0901,24.6945,河池市,上任中路54号,,23,16,30,8,15,73,NA,53,53,3,7,5,7,0.9,0.9
2026-07-23T1600,4303A,105.5911,30.5368,遂宁市,环岛商务中心9号楼,NA,NA,NA,49,NA,18,149,NA,134,134,6,11,9,21,0.3,0.7
2026-07-23T1600,4304A,106.1172,30.843,南充市,清泉寺北路188号,,44,40,47,17,22,140,NA,129,129,4,9,8,9,0.2,0.3
2026-07-23T1600,4305A,106.067,30.7616,南充市,同庆路1号,,46,43,45,19,21,146,NA,130,130,6,9,8,9,0.3,0.3
2026-07-23T1600,4306A,103.0544,30.0133,雅安市,滨江西路,,43,35,34,20,20,135,NA,110,110,10,10,13,9,0.6,0.6
2026-07-23T1600,4307A,108.9817,34.2035,西安市,曲江池东路988号,臭氧1小时(O3_1h),101,74,39,24,14,201,NA,168,168,7,12,4,3,0.7,0.6
2026-07-23T1600,4308A,107.3898,34.3601,宝鸡市,陈仓区北开路21号,臭氧1小时(O3_1h),60,34,34,17,17,168,NA,132,132,8,10,5,6,0.6,0.5
2026-07-23T1600,4309A,104.6159,35.5701,定西市,正龙路62号,,44,31,38,7,10,140,NA,116,116,5,10,6,6,0.3,0.3
2026-07-23T1600,4310A,103.207136,35.599807,临夏回族自治州,新华街21号,,42,14,45,9,19,133,NA,129,129,6,10,10,14,0.3,0.4
2026-07-23T1600,4311A,122.0383,46.0691,兴安盟,科尔沁北路63号,,45,45,29,23,18,118,NA,112,112,8,12,3,3,0.2,0.4
2026-07-23T1600,4312A,119.019,31.6512,南京市,中山西路1号,,23,9,23,2,11,72,NA,82,82,6,8,4,4,0.5,0.7
2026-07-23T1600,4314A,114.0494,38.059,石家庄市,矿区区委大楼,臭氧1小时(O3_1h),54,29,22,11,7,163,NA,134,134,1,3,3,4,0.4,0.4
2026-07-23T1600,4325A,105.3665,28.77434,泸州市,纳溪区委政协,臭氧1小时(O3_1h),93,34,38,23,25,194,NA,149,149,19,20,8,7,0.3,0.4
