timepoint,stationcode,longitude,latitude,area,positionname,primarypollutant,aqi,pm10,pm10_24h,pm2_5,pm2_5_24h,o3,o3_24h,o3_8h,o3_8h_24h,no2,no2_24h,so2,so2_24h,co,co_24h
2026-07-23T1400,1001A,116.3611,39.8786,北京市,万寿西宫,,33,26,25,21,18,105,NA,86,84,14,12,3,3,0.7,0.5
2026-07-23T1400,1003A,116.4174,39.9289,北京市,东四,,32,31,26,21,18,102,NA,95,86,21,15,3,2,0.7,0.4
2026-07-23T1400,1004A,116.4073,39.8858,北京市,天坛,,41,41,30,17,15,100,NA,77,77,10,10,2,2,1.0,0.8
2026-07-23T1400,1005A,116.4622,39.9364,北京市,农展馆,,33,30,30,23,21,105,NA,71,71,14,18,2,1,0.8,0.6
2026-07-23T1400,1006A,116.3399,39.9293,北京市,官园,,35,35,29,21,16,98,NA,91,81,16,13,2,2,0.8,0.6
2026-07-23T1400,1007A,116.2879,39.9613,北京市,海淀万柳,,35,22,29,16,20,109,NA,76,66,10,15,3,2,0.6,0.5
2026-07-23T1400,1008A,116.6635,40.1349,北京市,顺义新城,,35,20,24,14,19,109,NA,75,75,1,4,3,3,0.6,0.4
2026-07-23T1400,1009A,116.6275,40.327,北京市,怀柔镇,,38,23,21,16,15,120,NA,96,96,6,6,3,3,0.6,0.5
2026-07-23T1400,1010A,116.2295,40.217,北京市,昌平镇,,37,18,23,11,16,116,NA,87,87,8,9,2,2,1.0,0.9
2026-07-23T1400,1011A,116.3968,39.982,北京市,奥体中心,,30,30,29,20,19,85,NA,68,68,17,18,3,2,0.8,0.5
2026-07-23T1400,1015A,117.1446,39.1659,天津市,勤俭道,,42,38,37,29,26,51,NA,36,36,29,24,3,3,1.6,1
2026-07-23T1400,1018A,117.2016,39.0928,天津市,前进道,,48,40,32,33,24,51,NA,49,49,27,18,5,5,1.3,0.7
2026-07-23T1400,1019A,117.1837,39.2134,天津市,淮河道,"颗粒物(PM10),细颗粒物(PM2.5)",52,52,45,36,28,45,NA,26,24,24,28,6,7,1.7,1
2026-07-23T1400,1021A,117.308261,39.088386,天津市,跃进路,,28,24,33,19,23,79,NA,29,29,19,26,5,5,1.3,1
2026-07-23T1400,1023A,117.707,39.0344,天津市,第四大街,,36,24,29,12,13,115,NA,68,68,20,40,4,4,0.5,0.6
2026-07-23T1400,1024A,117.4573,38.8395,天津市,永明路,,35,29,26,19,17,111,NA,53,53,9,20,2,2,0.6,0.4
2026-07-23T1400,1026A,117.7641,39.1588,天津市,汉北路,,45,45,29,21,16,69,NA,61,51,23,22,6,7,1.7,1
2026-07-23T1400,1030A,114.5919,38.0328,石家庄市,高新区,臭氧1小时(O3_1h),55,27,28,14,18,164,NA,123,123,4,5,2,2,0.4,0.5
2026-07-23T1400,1032A,114.4556,38.0136,石家庄市,西南高教,臭氧1小时(O3_1h),53,20,20,16,16,162,NA,122,122,8,9,1,1,0.4,0.4
2026-07-23T1400,1033A,114.533,38.0177,石家庄市,世纪公园,,47,36,33,17,15,149,NA,105,105,8,8,3,3,0.4,0.4
2026-07-23T1400,1034A,114.5105,38.0489,石家庄市,人民会堂,,50,22,27,19,16,159,NA,121,121,2,3,2,2,0.3,0.3
2026-07-23T1400,1040A,118.1707,39.6505,唐山市,十二中,"颗粒物(PM10),细颗粒物(PM2.5)",64,69,52,42,30,77,NA,61,61,19,23,8,12,1.7,1.4
2026-07-23T1400,1041A,118.1868,39.6219,唐山市,小山,细颗粒物(PM2.5),84,NA,28,52,29,79,NA,62,62,15,17,10,8,1.9,1.3
2026-07-23T1400,1046A,119.5247,39.9346,秦皇岛市,建设大厦,,35,35,32,19,11,99,NA,77,77,6,27,5,6,0.4,0.4
2026-07-23T1400,1049A,114.492,36.5712,邯郸市,矿院,,50,8,14,8,11,160,NA,147,147,2,3,2,2,0.3,0.4
2026-07-23T1400,1050A,114.4839,36.6136,邯郸市,丛台公园,,50,13,12,4,7,159,NA,146,146,2,3,5,6,0.3,0.3
2026-07-23T1400,1051A,115.4803,38.8568,保定市,游泳馆,,39,20,20,15,16,124,NA,98,98,4,5,2,7,0.2,0
2026-07-23T1400,1052A,115.509,38.8895,保定市,华电二区,,40,22,20,20,12,128,NA,100,100,4,5,3,2,0.6,0.5
2026-07-23T1400,1053A,115.4588,38.9037,保定市,接待中心,NA,NA,NA,32,NA,15,125,NA,94,94,3,4,2,2,0.4,0.3
2026-07-23T1400,1054A,115.4484,38.8344,保定市,地表水厂,,40,21,25,5,11,128,NA,98,98,3,5,2,2,0.2,0.2
2026-07-23T1400,1057A,114.8884,40.8336,张家口市,人民公园,,40,12,21,9,24,127,NA,92,92,8,10,2,2,0.3,0.4
2026-07-23T1400,1059A,114.868581,40.804273,张家口市,五金库,,40,17,35,8,16,127,NA,97,97,7,11,/,/,/,/
2026-07-23T1400,1060A,114.8901,40.762,张家口市,世纪豪园,NA,NA,18,25,0,19,129,NA,102,102,3,6,5,3,NA,0.5
2026-07-23T1400,1062A,117.9531,40.908,承德市,铁路,细颗粒物(PM2.5),62,60,30,41,16,74,NA,54,54,10,10,16,5,0.7,0.4
2026-07-23T1400,1063A,117.9397,40.9763,承德市,中国银行,,42,42,29,27,15,85,NA,64,64,8,8,9,5,0.6,0.5
2026-07-23T1400,1067A,116.6712,39.5109,廊坊市,药材公司,,36,35,28,25,19,82,NA,48,48,11,14,6,2,1.2,0.5
2026-07-23T1400,1068A,116.7215,39.5592,廊坊市,开发区,,43,30,25,30,19,76,NA,45,45,6,9,5,3,1.4,0.6
2026-07-23T1400,1070A,116.7246,39.5273,廊坊市,北华航天学院,,46,NA,22,32,25,71,NA,43,43,16,16,4,3,1.4,0.6
2026-07-23T1400,1071A,116.8733,38.2922,沧州市,沧县城建局,,40,36,20,28,18,119,NA,110,110,6,7,5,4,0.4,0.3
2026-07-23T1400,1072A,116.8462,38.3189,沧州市,电视转播站,,36,35,23,20,12,113,NA,97,97,6,8,2,3,0.2,0.2
2026-07-23T1400,1073A,116.8588,38.3161,沧州市,市环保局,颗粒物(PM10),51,51,36,23,16,129,NA,113,113,6,10,3,3,0.1,0.1
2026-07-23T1400,1074A,115.6839,37.754,衡水市,电机北厂,,45,31,30,17,17,141,NA,110,110,4,5,4,3,0.4,0.4
2026-07-23T1400,1075A,115.6303,37.7318,衡水市,市监测站,,44,31,28,15,12,140,NA,113,113,3,4,3,3,0.5,0.5
2026-07-23T1400,1077A,114.4687,37.0883,邢台市,达活泉,,49,14,24,14,10,156,NA,124,124,2,2,3,3,0.1,0.3
2026-07-23T1400,1078A,114.4954,37.0309,邢台市,邢师高专,NA,NA,3,22,2,10,154,NA,124,124,2,3,1,1,NA,0.5
2026-07-23T1400,1079A,114.5281,37.0857,邢台市,路桥公司,,45,19,23,3,7,142,NA,108,108,2,4,3,3,0,0
2026-07-23T1400,1080A,114.4721,37.0713,邢台市,市环保局,,48,9,23,4,12,151,NA,117,117,2,4,3,3,0.2,0.4
2026-07-23T1400,1081A,112.5138,37.8916,太原市,尖草坪,臭氧1小时(O3_1h),65,32,30,20,18,172,NA,119,119,5,11,7,7,0.5,0.5
2026-07-23T1400,1084A,112.4691,37.7125,太原市,晋源,,50,33,32,20,20,158,NA,115,115,7,13,7,6,0.6,0.7
2026-07-23T1400,1085A,112.5595,37.7391,太原市,小店,臭氧1小时(O3_1h),72,32,36,19,19,177,NA,112,112,8,12,9,8,0.4,0.4
2026-07-23T1400,1087A,112.5705,37.8199,太原市,坞城,臭氧1小时(O3_1h),75,44,38,18,19,180,NA,125,125,8,14,13,11,0,0.2
2026-07-23T1400,1088A,112.5495,37.9853,太原市,南寨,臭氧1小时(O3_1h),75,33,40,16,19,180,NA,98,98,10,20,17,13,1.2,0.8
2026-07-23T1400,1090A,111.6506,40.7517,呼和浩特市,呼市一监,,50,14,18,1,10,158,NA,123,123,4,7,9,8,0.3,0.3
2026-07-23T1400,1094A,111.7516,40.8369,呼和浩特市,如意水处理厂,臭氧1小时(O3_1h),68,15,21,8,12,174,NA,131,131,6,9,7,6,0.4,0.4
2026-07-23T1400,1095A,111.727798,40.806187,呼和浩特市,二十九中,臭氧1小时(O3_1h),62,NA,22,17,14,169,NA,128,128,1,5,11,11,0.3,0.4
2026-07-23T1400,1097A,111.717,40.7617,呼和浩特市,化肥厂生活区,臭氧1小时(O3_1h),59,14,28,13,18,167,NA,130,130,5,9,13,13,0.6,0.7
2026-07-23T1400,1099A,123.5058,41.7084,沈阳市,浑南东路,,50,22,32,11,18,159,NA,108,108,3,16,5,4,0.7,0.9
2026-07-23T1400,1100A,123.4238,41.6992,沈阳市,新秀街,NA,NA,NA,NA,NA,NA,NA,NA,NA,NA,NA,NA,NA,NA,NA,NA
2026-07-23T1400,1102A,123.5903,41.8412,沈阳市,东陵路,臭氧1小时(O3_1h),55,30,36,11,19,164,NA,110,110,3,12,4,4,0.6,0.7
2026-07-23T1400,1103A,123.4267,41.8466,沈阳市,陵东街,臭氧1小时(O3_1h),72,31,32,17,21,177,NA,119,119,8,9,3,3,0.6,0.7
2026-07-23T1400,1104A,123.4116,41.7654,沈阳市,文化路,臭氧1小时(O3_1h),75,35,36,13,18,180,NA,121,121,7,12,4,4,0.6,0.7
2026-07-23T1400,1105A,123.4673,41.787,沈阳市,小河沿,臭氧1小时(O3_1h),53,34,33,14,19,162,NA,107,107,8,13,2,2,0.9,1
2026-07-23T1400,1106A,123.4019,41.7978,沈阳市,太原街,臭氧1小时(O3_1h),87,39,39,21,20,189,NA,131,131,11,11,2,3,0.6,0.7
2026-07-23T1400,1108A,123.3778,41.9233,沈阳市,京沈街,臭氧1小时(O3_1h),85,47,46,17,25,188,NA,131,131,5,12,4,4,0.7,0.8
2026-07-23T1400,1109A,121.6119,38.974,大连市,甘井子,,29,14,15,7,9,91,NA,85,85,2,3,8,8,0.6,0.7
2026-07-23T1400,1110A,121.565,38.9509,大连市,周水子,,28,19,16,9,11,88,NA,78,78,9,12,6,7,0.9,0.9
2026-07-23T1400,1111A,121.5637,38.8849,大连市,星海三站,,28,11,15,6,10,89,NA,84,84,2,4,5,5,0.9,0.8
2026-07-23T1400,1112A,121.6301,38.9117,大连市,青泥洼桥,,28,11,12,8,10,88,NA,79,79,2,2,7,7,0.8,0.8
2026-07-23T1400,1113A,121.6248,38.8643,大连市,傅家庄,,28,NA,11,12,9,89,NA,76,76,2,2,7,7,0.7,0.6
2026-07-23T1400,1114A,121.5117,38.8636,大连市,七贤岭,,26,12,17,7,9,81,NA,77,77,6,6,6,6,0.6,0.6
2026-07-23T1400,1116A,121.7507,39.1339,大连市,金州,,28,12,15,8,10,88,NA,74,74,3,6,10,10,0.6,0.6
2026-07-23T1400,1117A,121.7811,39.0495,大连市,开发区,,26,15,19,6,10,83,NA,80,80,11,9,9,7,0.6,0.7
2026-07-23T1400,1118A,121.9762,39.0631,大连市,双D港,,26,14,14,14,9,81,NA,70,70,3,3,6,6,0.5,0.4
2026-07-23T1400,1120A,125.2874,43.9024,长春市,客车厂,,37,26,45,10,30,117,NA,120,120,4,8,4,4,0.5,0.7
2026-07-23T1400,1121A,125.2943,43.8508,长春市,邮电学院,,35,17,36,13,30,111,NA,112,112,2,5,10,7,0.4,0.6
2026-07-23T1400,1122A,125.3648,43.8745,长春市,劳动公园,NA,NA,35,36,13,29,122,NA,113,113,NA,9,5,6,0,0.4
2026-07-23T1400,1123A,125.3233,43.8781,长春市,园林处,,36,21,39,13,28,113,NA,115,115,4,8,2,2,0.3,0.5
2026-07-23T1400,1124A,125.4604,43.7904,长春市,净月潭,,32,24,33,15,29,102,NA,83,83,3,5,6,6,0.3,0.5
2026-07-23T1400,1126A,125.38,43.8422,长春市,经开区环卫处,,35,28,41,14,28,112,NA,106,106,4,9,3,3,0.4,0.5
2026-07-23T1400,1127A,125.234,43.7761,长春市,高新区管委会,NA,NA,37,45,16,29,112,NA,102,102,NA,8,4,4,0.5,0.6
2026-07-23T1400,1128A,125.1695,43.83,长春市,岱山公园,,35,25,41,11,28,110,NA,111,111,3,13,2,2,0.3,0.5
2026-07-23T1400,1130A,126.5557,45.8109,哈尔滨市,松北商大,"颗粒物(PM10),细颗粒物(PM2.5)",54,55,47,37,34,144,NA,85,85,9,17,6,6,0.7,0.7
2026-07-23T1400,1132A,126.6162,45.719,哈尔滨市,南岗学府路,颗粒物(PM10),55,57,52,29,24,145,NA,88,88,8,17,8,8,0.4,0.4
2026-07-23T1400,1133A,126.6894,45.7733,哈尔滨市,太平宏伟公园,颗粒物(PM10),60,64,54,32,23,141,NA,92,92,12,20,8,7,0.5,0.5
2026-07-23T1400,1134A,126.6361,45.7672,哈尔滨市,道外承德广场,颗粒物(PM10),56,58,61,32,26,150,NA,94,94,16,22,7,6,1.2,0.9
2026-07-23T1400,1136A,126.644,45.7261,哈尔滨市,动力和平路,NA,NA,NA,59,38,23,153,NA,93,93,11,22,8,4,0.5,0.5
2026-07-23T1400,1137A,126.5933,45.7479,哈尔滨市,道里建国路,颗粒物(PM10),53,54,57,36,32,136,NA,90,90,5,16,4,4,0.9,1.1
2026-07-23T1400,1138A,126.6127,45.6119,哈尔滨市,平房东轻厂,,45,32,31,30,21,141,NA,76,76,4,12,7,7,0.7,0.8
2026-07-23T1400,1139A,126.5875,45.9827,哈尔滨市,呼兰师专,NA,NA,NA,52,NA,22,175,NA,89,89,16,21,15,10,0.4,0.6
2026-07-23T1400,1140A,126.6299,45.6799,哈尔滨市,省农科院,颗粒物(PM10),90,106,64,45,28,125,NA,76,76,18,31,6,5,0.5,0.6
2026-07-23T1400,1141A,121.401,31.2382,上海市,普陀,,47,42,33,26,21,149,NA,115,115,8,14,5,6,0.3,0.3
2026-07-23T1400,1142A,121.4774,31.2043,上海市,十五厂,臭氧1小时(O3_1h),55,47,34,28,21,164,NA,114,114,10,16,5,5,0.5,0.5
2026-07-23T1400,1143A,121.4673,31.3011,上海市,虹口,臭氧1小时(O3_1h),65,46,35,36,22,172,NA,120,120,5,9,4,4,0.9,0.8
2026-07-23T1400,1147A,121.4253,31.226,上海市,静安监测站,臭氧1小时(O3_1h),53,44,33,30,22,162,NA,115,115,8,15,7,7,0.8,0.8
2026-07-23T1400,1148A,121.7029,31.1905,上海市,浦东川沙,,50,45,32,30,21,159,NA,112,112,4,12,8,8,0.7,0.7
2026-07-23T1400,1149A,121.5339,31.229,上海市,浦东新区监测站,臭氧1小时(O3_1h),57,48,32,34,22,165,NA,106,106,9,13,7,7,0.7,0.6
2026-07-23T1400,1150A,121.5776,31.2038,上海市,浦东张江,臭氧1小时(O3_1h),68,47,31,30,19,174,NA,120,120,4,11,7,7,0.4,0.4
2026-07-23T1400,1151A,118.8033,32.1085,南京市,迈皋桥,,40,31,23,14,10,128,NA,79,79,2,4,7,5,0.2,0.2
2026-07-23T1400,1152A,118.7487,32.057,南京市,草场门,,41,34,22,12,10,129,NA,83,83,6,12,6,6,0.5,0.5
2026-07-23T1400,1154A,118.770105,32.004342,南京市,中华门,,37,36,20,13,9,116,NA,68,68,5,13,7,6,0.0,0.1
2026-07-23T1400,1155A,118.8059,32.0329,南京市,瑞金路,,44,44,24,18,11,118,NA,74,74,10,17,4,4,0.8,0.6
2026-07-23T1400,1156A,118.7946,32.0774,南京市,玄武湖,,46,46,29,9,9,115,NA,69,69,4,11,8,8,0.2,0.2
2026-07-23T1400,1157A,118.6415,32.0964,南京市,浦口,,33,33,28,10,7,100,NA,65,65,5,13,3,3,0.4,0.5
2026-07-23T1400,1158A,118.730129,32.000956,南京市,奥体中心,,43,43,26,15,8,124,NA,77,77,7,13,7,5,1.0,1
2026-07-23T1400,1159A,118.9072,32.1047,南京市,仙林大学城,颗粒物(PM10),53,53,32,11,10,136,NA,82,82,7,15,9,8,0.5,0.3
2026-07-23T1400,1163A,120.5974,31.3247,苏州市,轧钢厂,,36,31,31,16,17,114,NA,89,89,13,22,10,9,0.5,0.6
2026-07-23T1400,1164A,120.6329,31.2741,苏州市,吴中区,,40,30,32,17,19,126,NA,82,82,2,18,5,5,0.5,0.5
2026-07-23T1400,1165A,120.5566,31.3049,苏州市,苏州新区,,31,31,30,17,20,99,NA,94,94,5,15,5,6,0.4,0.4
2026-07-23T1400,1166A,120.668709,31.312523,苏州市,苏州工业园区,,35,30,30,21,18,110,NA,90,90,6,13,9,9,0.2,0.3
2026-07-23T1400,1167A,120.6408,31.3707,苏州市,相城区,,42,42,30,19,19,126,NA,97,97,3,16,12,12,0.7,0.7
2026-07-23T1400,1168A,120.9056,31.9669,南通市,狼山街道,臭氧1小时(O3_1h),102,43,27,23,18,204,NA,126,126,7,18,5,5,0.5,0.5
2026-07-23T1400,1170A,120.8635,32.0231,南通市,城中,臭氧1小时(O3_1h),74,46,33,10,13,179,NA,114,114,6,18,3,3,0.6,0.7
2026-07-23T1400,1171A,120.9376,31.9301,南通市,星湖花园,臭氧1小时(O3_1h),82,36,29,22,21,185,NA,115,115,7,21,4,4,0.4,0.5
2026-07-23T1400,1172A,120.8053,32.046,南通市,紫琅学院,臭氧1小时(O3_1h),73,46,29,12,13,178,NA,101,101,11,25,5,5,0.6,0.7
2026-07-23T1400,1173A,119.1759,34.5885,连云港市,市环境监测站,,32,NA,10,22,11,74,NA,60,60,4,10,5,4,0.5,0.4
2026-07-23T1400,1180A,117.257,34.2161,徐州市,新城区,NA,NA,12,17,NA,5,94,NA,70,70,4,8,6,6,0.0,0
2026-07-23T1400,1182A,117.2933,34.2796,徐州市,农科院,,30,17,20,4,14,95,NA,68,68,2,9,2,3,0.5,0.5
2026-07-23T1400,1186A,119.3895,32.377,扬州市,邗江监测站,,29,22,22,8,12,92,NA,70,70,2,15,6,7,0.4,0.5
2026-07-23T1400,1188A,120.2693,31.4864,无锡市,雪浪,,37,31,31,12,14,117,NA,92,92,6,9,4,6,0.8,1
2026-07-23T1400,1189A,120.2761,31.621,无锡市,黄巷,NA,NA,32,26,NA,6,96,NA,67,67,3,18,7,6,1.0,1
2026-07-23T1400,1191A,120.2422,31.5037,无锡市,漆塘,,39,36,29,26,15,124,NA,95,95,2,6,6,6,0.6,0.6
2026-07-23T1400,1192A,120.3489,31.5865,无锡市,东亭,,32,24,21,13,12,102,NA,83,83,6,19,6,6,0.3,0.4
2026-07-23T1400,1193A,120.3538,31.5474,无锡市,旺庄,,33,27,24,11,13,105,NA,88,88,2,15,8,8,0.7,0.8
2026-07-23T1400,1194A,120.2447,31.5633,无锡市,荣巷,,34,27,25,9,11,106,NA,93,93,4,11,6,5,0.3,0.4
2026-07-23T1400,1195A,120.2986,31.6816,无锡市,堰桥,,40,24,21,10,8,126,NA,84,84,8,21,5,6,0.8,0.9
2026-07-23T1400,1196A,119.9524,31.7586,常州市,市监测站,,29,28,27,4,12,92,NA,68,68,2,15,7,7,0.3,0.4
2026-07-23T1400,1200A,119.9351,31.703,常州市,武进监测站,,25,22,21,6,13,80,NA,65,65,3,13,4,5,0.3,0.5
2026-07-23T1400,1203A,119.6708,32.187,镇江市,新区办事处,,31,31,24,12,14,91,NA,80,80,6,18,3,4,0.4,0.6
2026-07-23T1400,1204A,119.497455,32.196732,镇江市,职教中心,,31,31,23,12,12,91,NA,65,65,6,18,6,6,0.3,0.5
2026-07-23T1400,1205A,119.43,32.1328,镇江市,丹徒区监测站,,33,33,27,13,13,96,NA,67,67,1,14,5,5,0.7,0.8
2026-07-23T1400,1206A,119.9042,32.488,泰州市,公园路,,39,27,22,12,11,124,NA,92,92,2,12,8,8,0.5,0.6
2026-07-23T1400,1207A,119.9189,32.4626,泰州市,莲花,,38,34,25,12,10,119,NA,91,91,1,13,8,8,0.4,0.6
2026-07-23T1400,1209A,119.8877,32.4636,泰州市,留学生创业园,,40,40,28,24,16,123,NA,93,93,5,18,9,10,0.6,0.7
2026-07-23T1400,1210A,119.0566,33.5991,淮安市,钵池山,,24,24,25,13,18,59,NA,41,41,9,13,2,2,1.0,1
2026-07-23T1400,1211A,119.0083,33.578,淮安市,北京南路,,25,17,19,17,21,62,NA,39,39,9,12,3,4,1.0,1
2026-07-23T1400,1212A,118.9938,33.6083,淮安市,市监测站,,21,NA,11,10,14,65,NA,45,45,10,14,6,6,0.9,1
2026-07-23T1400,1213A,119.135,33.5038,淮安市,楚州区监测站,,23,15,11,14,14,73,NA,42,42,5,9,4,4,0.8,0.8
2026-07-23T1400,1216A,120.1554,33.3941,盐城市,市监测站,,27,9,12,7,6,84,NA,60,60,5,8,9,9,0.4,0.4
2026-07-23T1400,1218A,120.214332,33.37951,盐城市,开发区管委会,,24,14,13,12,10,74,NA,63,63,3,7,9,9,0.7,0.7
2026-07-23T1400,1220A,118.2924,33.933,宿迁市,宿迁学院,NA,NA,NA,17,NA,14,NA,NA,61,NA,NA,4,NA,8,NA,0.7
2026-07-23T1400,1221A,118.2321,33.9572,宿迁市,宿迁中学,,26,8,16,5,13,82,NA,61,61,6,12,5,6,0.7,0.6
2026-07-23T1400,1223A,120.2073,30.2111,杭州市,滨江,,29,29,33,13,16,85,NA,70,70,8,23,4,4,0.3,0.4
2026-07-23T1400,1224A,120.0625,30.2737,杭州市,西溪,,19,16,17,9,12,58,NA,50,50,2,13,4,4,0.6,0.6
2026-07-23T1400,1226A,120.3417,30.315,杭州市,下沙,,34,34,28,15,18,96,NA,82,82,6,28,4,4,0.7,0.9
2026-07-23T1400,1227A,120.1252,30.2465,杭州市,卧龙桥,,32,32,25,19,14,79,NA,63,63,6,12,6,6,0.5,0.6
2026-07-23T1400,1228A,120.1902,30.2691,杭州市,浙江农大,,27,27,28,15,8,82,NA,61,61,12,29,7,7,0.4,0.5
2026-07-23T1400,1230A,120.1195,30.3121,杭州市,和睦小学,,24,17,8,12,13,74,NA,64,64,3,16,9,9,0.6,0.7
2026-07-23T1400,1231A,120.3076,30.4146,杭州市,临平镇,,32,26,33,15,17,100,NA,78,78,2,21,6,6,0.5,0.7
2026-07-23T1400,1232A,120.2753,30.1839,杭州市,城厢镇,,28,28,33,19,18,69,NA,71,71,8,20,4,5,0.5,0.6
2026-07-23T1400,1233A,120.0883,30.1808,杭州市,云栖,,32,32,31,14,15,68,NA,54,54,15,14,6,5,0.7,0.8
2026-07-23T1400,1234A,121.8352,29.9111,宁波市,区环保大楼,,46,46,48,20,22,105,NA,87,87,3,7,5,5,0.7,0.7
2026-07-23T1400,1235A,121.5595,29.8208,宁波市,万里学院,,50,50,41,24,23,118,NA,94,94,4,9,5,5,0.6,0.6
2026-07-23T1400,1236A,121.713,29.9564,宁波市,龙赛医院,,45,45,46,24,22,116,NA,96,96,3,9,6,7,0.3,0.4
2026-07-23T1400,1240A,121.5855,29.8635,宁波市,太古小学,NA,NA,NA,42,NA,21,109,NA,91,91,2,5,4,4,0.5,0.5
2026-07-23T1400,1241A,121.5239,29.8673,宁波市,市环境监测中心,颗粒物(PM10),51,51,44,25,25,124,NA,96,96,4,8,10,10,0.4,0.5
2026-07-23T1400,1242A,120.6342,28.0088,温州市,瓯海,,44,44,42,23,22,119,NA,91,91,8,10,6,5,0.4,0.5
2026-07-23T1400,1243A,120.6747,27.9881,温州市,南浦,颗粒物(PM10),53,54,49,26,23,122,NA,48,NA,5,7,5,5,0.5,0.5
2026-07-23T1400,1244A,120.76,27.9745,温州市,龙湾,颗粒物(PM10),56,58,47,24,21,105,NA,72,72,5,7,6,6,0.5,0.5
2026-07-23T1400,1247A,120.6053,29.9927,绍兴市,城东开发委,,38,35,32,26,20,98,NA,83,83,5,7,10,9,0.5,0.6
2026-07-23T1400,1250A,120.075,30.867,湖州市,城西水厂,,37,28,26,19,16,116,NA,84,84,5,19,6,6,0.4,0.4
2026-07-23T1400,1252A,120.7439,30.778,嘉兴市,清河小学,,50,50,30,22,11,158,NA,106,106,11,15,5,6,0.6,1
2026-07-23T1400,1253A,120.7261,30.7477,嘉兴市,嘉兴学院,臭氧1小时(O3_1h),75,42,31,31,20,180,NA,114,114,9,15,2,2,0.6,0.6
2026-07-23T1400,1255A,121.2727,28.6461,台州市,黄岩环保大楼,,46,46,45,17,19,90,NA,71,71,3,4,/,/,/,/
2026-07-23T1400,1256A,121.4188,28.6545,台州市,台州环保大楼,,40,40,43,11,19,78,NA,57,57,2,5,/,/,0.4,0.4
2026-07-23T1400,1257A,121.3768,28.5772,台州市,路桥田洋王,,42,42,45,16,18,81,NA,57,57,2,5,6,5,0.2,0.2
2026-07-23T1400,1258A,122.1223,30.0203,舟山市,定海檀枫,,46,46,45,18,19,93,NA,70,70,12,15,7,7,0.6,0.6
2026-07-23T1400,1260A,122.1898,29.9945,舟山市,临城新区,,38,38,46,21,18,87,NA,61,61,10,9,3,2,0.6,0.7
2026-07-23T1400,1262A,119.6478,29.0773,金华市,十五中,,30,30,33,14,16,89,NA,83,83,7,10,1,2,0.4,0.5
2026-07-23T1400,1263A,119.6859,29.1032,金华市,监测站,,28,26,31,18,17,87,NA,79,79,6,10,2,2,0.4,0.5
2026-07-23T1400,1264A,118.8694,28.94,衢州市,环保大楼,,30,30,36,17,18,92,NA,65,65,6,14,/,/,/,/
2026-07-23T1400,1266A,118.8622,28.9809,衢州市,衢州学院,,35,26,38,16,25,110,NA,66,66,6,21,4,4,0.6,0.6
2026-07-23T1400,1267A,119.9141,28.4513,丽水市,监测站大楼,,37,37,28,19,14,94,NA,67,67,7,10,5,5,0.6,0.6
2026-07-23T1400,1268A,119.93,28.4589,丽水市,莲都小学,,39,39,31,16,14,93,NA,71,71,4,8,/,/,/,/
2026-07-23T1400,1269A,119.8794,28.4232,丽水市,余庄前,NA,NA,33,29,18,14,98,NA,86,86,5,8,11,6,NA,0.6
2026-07-23T1400,1270A,117.1957,31.7845,合肥市,明珠广场,,20,7,14,2,8,62,NA,56,56,7,12,7,7,0.5,0.6
2026-07-23T1400,1271A,117.307,31.8765,合肥市,三里街,,18,9,14,3,8,56,NA,55,55,10,13,9,9,0.4,0.6
2026-07-23T1400,1272A,117.2587,31.8703,合肥市,琥珀山庄,,21,7,16,3,8,66,NA,60,60,6,11,7,8,0.3,0.4
2026-07-23T1400,1275A,117.2593,31.9376,合肥市,庐阳区,,21,NA,15,12,9,65,NA,60,60,7,12,9,9,0.4,0.4
2026-07-23T1400,1276A,117.345251,31.861615,合肥市,瑶海区,,22,0,14,0,7,68,NA,56,56,3,9,2,2,0.2,0.3
2026-07-23T1400,1277A,117.3033,31.7967,合肥市,包河区,NA,NA,NA,17,0,6,70,NA,60,60,5,15,7,8,0.2,0.4
2026-07-23T1400,1278A,117.278,31.7392,合肥市,滨湖新区,,22,0,13,0,6,70,NA,65,65,9,7,6,7,0.5,0.6
2026-07-23T1400,1279A,117.1324,31.8395,合肥市,高新区,,14,9,17,6,8,42,NA,38,38,3,10,7,7,0.5,0.6
2026-07-23T1400,1282A,119.2681,26.0506,福州市,师大,,43,34,56,25,26,137,NA,98,98,5,12,4,5,0.4,0.4
2026-07-23T1400,1283A,119.2983,26.1028,福州市,五四北路,,48,33,53,28,27,152,NA,101,101,8,13,4,5,0.5,0.5
2026-07-23T1400,1284A,119.2648,26.0769,福州市,杨桥西路,细颗粒物(PM2.5),58,46,56,39,25,144,NA,100,100,6,12,4,4,/,/
2026-07-23T1400,1287A,118.1519,24.4768,厦门市,洪文,颗粒物(PM10),53,54,47,22,21,99,NA,75,75,7,12,4,4,0.2,0.2
2026-07-23T1400,1288A,118.0671,24.4447,厦门市,鼓浪屿,,40,40,48,21,21,64,NA,64,64,10,10,3,3,/,/
2026-07-23T1400,1291A,115.8887,28.7006,南昌市,省林业公司,,33,22,17,19,15,103,NA,71,71,2,12,6,5,0.5,0.6
2026-07-23T1400,1292A,115.813,28.7443,南昌市,林科所,NA,NA,22,19,14,12,87,NA,54,54,2,18,NA,5,0.7,0.7
2026-07-23T1400,1294A,115.8518,28.687,南昌市,建工学校,,31,25,19,21,16,97,NA,62,62,4,14,5,5,0.5,0.5
2026-07-23T1400,1295A,115.8926,28.6425,南昌市,象湖,,31,18,14,16,16,99,NA,64,64,5,15,9,9,0.3,0.4
2026-07-23T1400,1299A,116.9866,36.6118,济南市,科干所,,50,17,22,4,7,158,NA,132,132,9,11,4,4,0.7,0.7
2026-07-23T1400,1300A,116.9379,36.6652,济南市,农科所,,48,20,19,6,6,153,NA,127,127,6,10,4,4,0.3,0.3
2026-07-23T1400,1301A,117.1265,36.6736,济南市,开发区,臭氧1小时(O3_1h),73,22,26,9,8,178,NA,142,142,12,11,8,6,0.6,0.6
2026-07-23T1400,1303A,117.0616,36.6865,济南市,省种子仓库,臭氧1小时(O3_1h),62,27,29,10,9,169,NA,138,138,12,14,6,5,0.2,0.2
2026-07-23T1400,1304A,116.9495185,36.644937,济南市,机床二厂,臭氧1小时(O3_1h),55,20,26,9,7,164,NA,141,141,5,7,6,6,0.4,0.4
2026-07-23T1400,1305A,117.0496,36.6629,济南市,市监测站,,48,20,25,4,8,152,NA,132,132,8,13,4,4,0.5,0.6
2026-07-23T1400,1306A,116.7674,36.5458,济南市,长清党校,,43,22,22,9,8,135,NA,125,125,6,9,4,4,0.4,0.3
2026-07-23T1400,1310A,120.404,36.0625,青岛市,市南区东部子站,,29,17,13,10,13,91,NA,72,72,14,12,7,6,0.4,0.3
2026-07-23T1400,1311A,120.362344,36.10282,青岛市,四方区子站,,32,9,12,3,13,101,NA,88,88,6,8,7,7,0.7,0.7
2026-07-23T1400,1312A,120.294373,36.054183,青岛市,市南区西部子站,,30,12,10,9,12,96,NA,70,70,34,23,7,6,0.7,0.7
2026-07-23T1400,1313A,120.4581,36.0858,青岛市,崂山区子站,,35,17,13,8,11,109,NA,86,86,28,15,8,7,0.5,0.3
2026-07-23T1400,1315A,120.3945,36.3083,青岛市,城阳区子站,,50,36,17,8,13,160,NA,112,112,16,12,5,4,0.4,0.4
2026-07-23T1400,1316A,113.6843,34.7622,郑州市,烟厂,,46,41,22,25,15,146,NA,120,119,8,9,2,2,0.4,0.4
2026-07-23T1400,1318A,113.669,34.8034,郑州市,银行学校,,43,32,30,16,21,135,NA,117,112,8,10,3,3,0.4,0.3
2026-07-23T1400,1319A,113.5612,34.8143,郑州市,供水公司,,50,40,32,28,21,160,NA,130,130,10,10,3,3,0.4,0.4
2026-07-23T1400,1320A,113.7269,34.7187,郑州市,经开区管委,,45,38,32,25,18,142,NA,117,117,8,11,3,3,0.5,0.5
2026-07-23T1400,1321A,113.7332,34.7727,郑州市,四十七中,,43,43,30,19,19,130,NA,119,113,8,9,2,1,0.4,0.4
2026-07-23T1400,1323A,113.6361,34.7537,郑州市,河医大,,45,45,34,16,20,138,NA,117,117,8,10,1,1,0.5,0.5
2026-07-23T1400,1325A,114.3676,30.5584,武汉市,东湖梨园,,24,17,16,14,6,76,NA,56,56,6,10,6,6,0.4,0.5
2026-07-23T1400,1326A,114.2527,30.5578,武汉市,汉阳月湖,,28,26,16,14,7,87,NA,58,58,6,11,4,4,1.0,0.9
2026-07-23T1400,1327A,114.2819,30.6189,武汉市,汉口花桥,,38,NA,12,26,10,100,NA,65,65,5,9,5,5,0.5,0.5
2026-07-23T1400,1328A,114.3024,30.5332,武汉市,武昌紫阳,NA,NA,NA,19,12,8,91,NA,60,60,NA,11,8,5,0.1,0.6
2026-07-23T1400,1329A,114.3646,30.6217,武汉市,青山钢花,,25,21,12,12,9,79,NA,57,57,4,8,5,5,0.5,0.5
2026-07-23T1400,1330A,114.156697,30.482592,武汉市,沌口新区,,30,17,13,13,8,96,NA,65,65,5,11,6,6,0.3,0.4
2026-07-23T1400,1331A,114.3013,30.5944,武汉市,汉口江滩,,34,34,14,16,9,89,NA,62,62,18,17,2,2,0.6,0.6
2026-07-23T1400,1333A,114.1285,30.6339,武汉市,吴家山,,30,25,16,16,10,94,NA,62,62,3,13,4,5,0.4,0.4
2026-07-23T1400,1335A,113.082,28.2421,长沙市,经开区环保局,,32,32,27,15,15,94,NA,62,62,2,5,5,4,0.5,0.6
2026-07-23T1400,1336A,112.8873,28.2202,长沙市,高开区环保局,,24,24,27,16,14,73,NA,46,46,1,4,3,4,0.7,0.7
2026-07-23T1400,1337A,113.0785,28.2012,长沙市,马坡岭,,32,27,27,15,14,102,NA,68,68,4,7,7,7,0.3,0.3
2026-07-23T1400,1338A,112.9448,28.1894,长沙市,湖南师范大学,,27,25,27,11,14,86,NA,54,54,2,4,6,7,0.3,0.3
2026-07-23T1400,1339A,113.0177,28.1322,长沙市,雨花区环保局,,31,28,26,11,14,97,NA,65,65,6,8,7,6,0.7,0.7
2026-07-23T1400,1340A,112.9795,28.2593,长沙市,伍家岭,,29,29,26,14,15,87,NA,55,55,2,7,4,4,0.2,0.3
2026-07-23T1400,1341A,113.002,28.1944,长沙市,火车新站,,32,32,29,14,15,87,NA,56,56,2,6,9,9,0.4,0.5
2026-07-23T1400,1342A,112.9846,28.1177,长沙市,天心区环保局,,30,26,27,14,16,96,NA,65,65,3,8,4,4,0.4,0.3
2026-07-23T1400,1343A,112.8906,28.1307,长沙市,湖南中医药大学,,32,32,25,13,13,88,NA,51,51,2,7,6,6,0.5,0.6
2026-07-23T1400,1345A,113.2346,23.1423,广州市,广雅中学,,45,45,39,27,21,143,NA,78,78,9,15,5,5,0.4,0.4
2026-07-23T1400,1346A,113.2611,23.105,广州市,市五中,臭氧1小时(O3_1h),52,42,41,25,23,161,NA,89,89,9,17,4,4,/,/
2026-07-23T1400,1348A,113.3477,23.0916,广州市,广东商学院,,41,39,35,20,19,129,NA,72,72,6,19,4,4,0.4,0.5
2026-07-23T1400,1349A,113.4332,23.105,广州市,市八十六中,,37,30,29,17,16,118,NA,75,75,6,25,5,6,/,/
2026-07-23T1400,1350A,113.3506,22.9488,广州市,番禺中学,颗粒物(PM10),55,56,40,24,20,125,NA,76,76,5,12,6,6,0.3,0.4
2026-07-23T1400,1351A,113.2147,23.3918,广州市,花都师范,细颗粒物(PM2.5),94,70,45,57,26,155,NA,77,77,11,24,2,3,0.2,0.4
2026-07-23T1400,1352A,113.2599,23.1329,广州市,市监测站,,46,43,41,25,21,146,NA,81,81,5,12,2,2,/,/
2026-07-23T1400,1353A,113.5618,23.3119,广州市,九龙镇镇龙,,50,50,44,23,21,140,NA,72,72,12,22,8,8,0.5,0.5
2026-07-23T1400,1354A,113.2764,23.1544,广州市,麓湖,,44,41,37,24,21,140,NA,75,75,8,15,5,6,0.5,0.6
2026-07-23T1400,1356A,114.0948,22.5506,深圳市,通心岭子站,,39,39,38,18,15,111,NA,70,70,7,9,5,5,0.6,0.6
2026-07-23T1400,1357A,114.1153,22.5713,深圳市,洪湖,,36,36,40,18,17,103,NA,61,61,3,9,6,7,0.5,0.4
2026-07-23T1400,1358A,113.9823,22.5398,深圳市,华侨城,,39,39,23,23,14,106,NA,70,70,10,10,/,/,/,/
2026-07-23T1400,1359A,113.9181,22.517,深圳市,南海子站,,35,35,39,15,22,92,NA,63,63,9,9,7,6,0.7,0.7
2026-07-23T1400,1360A,114.2345,22.565,深圳市,盐田,,25,16,33,16,16,77,NA,42,42,4,16,6,6,0.4,0.4
2026-07-23T1400,1363A,114.4911,22.5381,深圳市,南澳,,34,34,40,11,13,62,NA,54,54,4,5,/,/,/,/
2026-07-23T1400,1364A,114.41,22.6346,深圳市,葵涌,,33,33,35,18,17,61,NA,53,53,5,8,7,7,0.7,0.7
2026-07-23T1400,1365A,114.2967,22.5978,深圳市,梅沙,,35,35,36,17,14,75,NA,53,53,7,8,/,/,/,/
2026-07-23T1400,1366A,114.0563,22.7353,深圳市,观澜,,44,37,40,15,17,140,NA,76,76,14,19,6,6,0.3,0.4
2026-07-23T1400,1367A,113.5811,22.2618,珠海市,吉大,,36,36,38,19,18,70,NA,57,57,2,3,6,6,0.6,0.6
2026-07-23T1400,1368A,113.4893,22.2323,珠海市,前山,,37,37,36,17,16,64,NA,54,54,4,6,/,/,/,/
2026-07-23T1400,1369A,113.6284,22.4252,珠海市,唐家,,32,30,25,22,20,77,NA,54,54,2,4,/,/,/,/
2026-07-23T1400,1370A,113.2986,22.2284,珠海市,斗门,,22,20,25,15,19,66,NA,58,58,2,2,6,6,0.4,0.5
2026-07-23T1400,1371A,113.1293,23.0065,佛山市,湾梁,,39,39,36,19,21,122,NA,85,85,8,16,/,/,/,/
2026-07-23T1400,1372A,113.1082,23.0477,佛山市,华材职中,,41,41,35,22,21,126,NA,80,80,3,9,6,7,0.4,0.4
2026-07-23T1400,1373A,113.1439,23.045,佛山市,南海气象局,颗粒物(PM10),58,60,39,20,22,119,NA,77,77,8,15,/,/,/,/
2026-07-23T1400,1374A,113.2879,22.8094,佛山市,顺德苏岗,,38,36,37,23,23,120,NA,76,76,11,14,/,/,0.6,0.6
2026-07-23T1400,1376A,112.8384,22.8678,佛山市,高明孔堂,,42,42,31,20,17,90,NA,63,63,4,5,/,/,/,/
2026-07-23T1400,1377A,112.8835,23.1584,佛山市,三水监测站,,36,36,42,20,24,109,NA,58,58,9,24,4,6,0.3,0.7
2026-07-23T1400,1378A,112.8668,23.185,佛山市,三水云东海,,45,45,41,24,22,114,NA,59,59,5,15,/,/,/,/
2026-07-23T1400,1379A,113.377,22.5211,中山市,华柏园,,44,44,35,16,17,70,NA,56,56,1,6,/,/,/,/
2026-07-23T1400,1380A,113.3879,22.5499,中山市,张溪,,47,47,36,27,17,81,NA,62,62,4,8,/,/,/,/
2026-07-23T1400,1381A,113.4071,22.5111,中山市,紫马岭,,36,36,32,18,17,70,NA,56,56,1,5,7,7,0.4,0.4
2026-07-23T1400,1383A,113.1063,22.6058,江门市,北街,,43,43,36,19,16,95,NA,62,62,3,9,/,/,/,/
2026-07-23T1400,1384A,113.073,22.5835,江门市,西区,,42,42,37,18,20,102,NA,68,68,5,10,/,/,/,/
2026-07-23T1400,1385A,113.0218,22.531,江门市,圭峰西,,36,36,34,17,19,80,NA,62,62,6,9,/,/,/,/
2026-07-23T1400,1386A,113.0826,22.5947,江门市,东湖,NA,NA,NA,37,NA,16,NA,NA,75,NA,NA,10,NA,6,NA,0.4
2026-07-23T1400,1390A,113.7943,23.0132,东莞市,东城石井,,46,38,36,19,17,146,NA,87,87,8,10,4,4,0.5,0.5
2026-07-23T1400,1391A,113.7384,22.9659,东莞市,南城西平,,26,24,31,10,14,82,NA,63,63,5,13,24,16,0.5,0.4
2026-07-23T1400,1392A,114.4181,23.0528,惠州市,河南岸金山湖子站,,47,47,41,27,19,107,NA,66,66,6,10,7,8,0.5,0.5
2026-07-23T1400,1393A,114.4055,23.0824,惠州市,下埔横江三路子站,NA,NA,48,48,20,19,110,NA,69,69,6,10,NA,6,0.5,0.5
2026-07-23T1400,1395A,114.4645,22.7832,惠州市,惠阳区承修路船湖子站,,37,37,42,18,17,84,NA,60,60,3,5,4,4,0.7,0.7
2026-07-23T1400,1396A,114.5316,22.7423,惠州市,大亚湾管委会子站,,34,34,38,17,17,78,NA,56,56,4,11,8,8,0.5,0.5
2026-07-23T1400,1397A,112.426,23.062,肇庆市,睦岗子站,,45,38,37,31,20,101,NA,64,64,2,13,6,7,/,/
2026-07-23T1400,1398A,112.4645,23.0476,肇庆市,城中子站,,35,35,35,22,20,87,NA,61,61,10,14,13,15,0.5,0.6
2026-07-23T1400,1399A,112.5545,23.1525,肇庆市,坑口子站,,40,40,35,24,18,95,NA,58,58,5,11,6,7,0.2,0.2
2026-07-23T1400,1401A,108.3098,22.788,南宁市,二十一中,,43,43,23,12,13,66,NA,53,53,5,7,1,2,0.7,0.7
2026-07-23T1400,1402A,108.3135,22.8529,南宁市,北湖,,46,46,24,14,14,61,NA,47,47,6,9,2,2,0.5,0.6
2026-07-23T1400,1403A,108.3205,22.8222,南宁市,市监测站,,40,40,23,10,10,69,NA,56,56,2,4,3,4,0.5,0.5
2026-07-23T1400,1404A,108.3828,22.8038,南宁市,大自然花园,,22,22,22,9,13,65,NA,52,52,5,7,4,4,0.6,0.6
2026-07-23T1400,1406A,108.2397,22.8462,南宁市,区农职院,,31,31,23,13,15,71,NA,56,56,3,4,3,3,0.6,0.7
2026-07-23T1400,1407A,108.3285,22.7356,南宁市,英华嘉园,,23,20,26,8,14,71,NA,49,49,5,6,4,4,0.7,0.7
2026-07-23T1400,1410A,110.3189,20.0596,海口市,海南大学,,24,24,38,14,20,69,NA,66,66,3,5,5,5,0.3,0.4
2026-07-23T1400,1411A,110.2827,20.0051,海口市,秀英海南医院,,24,24,31,14,22,74,NA,65,65,3,9,5,5,0.2,0.3
2026-07-23T1400,1412A,110.3391,19.9979,海口市,海南师范大学,,32,32,42,16,21,70,NA,64,64,2,7,3,3,0.4,0.4
2026-07-23T1400,1413A,110.3303,20.0359,海口市,龙华路环保局宿舍,,32,32,39,18,25,71,NA,66,66,3,6,/,/,0.3,0.3
2026-07-23T1400,1416A,106.4216,29.8256,重庆市,天生,臭氧1小时(O3_1h),77,38,42,16,18,181,NA,129,129,10,14,10,10,0.6,0.7
2026-07-23T1400,1417A,106.6264,29.7226,重庆市,两路,臭氧1小时(O3_1h),77,49,47,18,17,181,NA,116,116,11,22,14,14,0.6,0.6
2026-07-23T1400,1419A,106.5778,29.5103,重庆市,南坪,,45,28,33,22,17,141,NA,116,116,10,14,16,13,0.7,0.6
2026-07-23T1400,1420A,106.6556,29.6277,重庆市,唐家沱,臭氧1小时(O3_1h),62,34,32,25,19,169,NA,110,110,7,16,13,12,0.2,0.2
2026-07-23T1400,1431A,103.9727,30.7242,成都市,金泉两河,臭氧1小时(O3_1h),73,50,51,26,30,178,NA,116,116,8,22,5,4,0.5,0.6
2026-07-23T1400,1432A,104.1423,30.6765,成都市,十里店,臭氧1小时(O3_1h),88,31,50,29,31,190,NA,117,117,11,19,10,10,0.7,0.7
2026-07-23T1400,1433A,104.0594,30.5765,成都市,三瓦窑,臭氧1小时(O3_1h),97,50,57,32,35,197,NA,112,112,16,39,10,10,0.6,0.7
2026-07-23T1400,1434A,104.1122,30.6306,成都市,沙河铺,臭氧1小时(O3_1h),93,58,51,34,31,194,NA,126,126,16,23,11,9,0.7,0.7
2026-07-23T1400,1439A,106.6863,26.6035,贵阳市,马鞍山,,37,19,25,12,17,118,NA,92,92,5,6,3,6,/,/
2026-07-23T1400,1441A,106.6241,26.6266,贵阳市,鉴湖路,,36,34,39,15,17,114,NA,92,92,4,5,7,8,0.6,0.7
2026-07-23T1400,1442A,106.7468,26.6344,贵阳市,燕子冲,,48,48,39,13,17,112,NA,87,87,7,9,10,9,0.5,0.6
2026-07-23T1400,1443A,106.6556,26.4362,贵阳市,碧云窝,颗粒物(PM10),55,56,44,19,17,110,NA,90,90,4,5,6,8,/,/
2026-07-23T1400,1445A,106.6963,26.6063,贵阳市,红边门,,36,29,31,20,18,113,NA,90,90,7,9,6,9,/,/
2026-07-23T1400,1446A,106.7162383,26.56964667,贵阳市,新华路,,44,34,41,17,18,138,NA,105,105,6,10,61,54,0.5,0.5
2026-07-23T1400,1447A,106.6742,26.542,贵阳市,太慈桥,,37,31,32,17,19,117,NA,93,93,5,7,5,5,/,/
2026-07-23T1400,1450A,102.8203,24.889,昆明市,呈贡新区,,39,33,24,14,13,124,NA,95,95,5,13,6,5,0.7,0.7
2026-07-23T1400,1452A,102.7253,25.0904,昆明市,龙泉镇,,39,NA,23,11,15,122,NA,60,60,12,19,6,5,0.4,0.4
2026-07-23T1400,1453A,102.7267,25.0378,昆明市,东风东路,,39,28,27,27,21,123,NA,71,71,9,21,5,5,0.5,0.5
2026-07-23T1400,1454A,102.6744,25.0671,昆明市,金鼎山,,37,34,29,17,17,117,NA,69,69,8,15,5,4,0.2,0.3
2026-07-23T1400,1455A,102.6643,25.0401,昆明市,碧鸡广场,,48,NA,23,33,19,108,NA,66,66,7,15,7,6,0.6,0.6
2026-07-23T1400,1456A,91.132,29.6515,拉萨市,八廓街,,30,6,8,5,6,95,NA,87,72,5,8,6,7,0.3,0.3
2026-07-23T1400,1457A,91.1221,29.6748,拉萨市,市环保局,,29,8,8,6,6,92,NA,82,71,9,9,6,6,0.3,0.3
2026-07-23T1400,1458A,91.0874,29.6476,拉萨市,区监测站,,25,5,8,5,6,80,NA,85,63,6,11,7,7,0.2,0.2
2026-07-23T1400,1459A,91.1774,29.6541,拉萨市,西藏大学,,31,6,9,5,6,98,NA,85,70,10,11,5,5,0.3,0.3
2026-07-23T1400,1460A,90.9798,29.6586,拉萨市,区辐射站,,24,9,11,5,7,75,NA,78,59,8,17,7,8,0.2,0.2
2026-07-23T1400,1461A,91.0831,29.6292,拉萨市,拉萨火车站,,25,8,7,5,6,77,NA,83,62,7,11,5,5,0.3,0.3
2026-07-23T1400,1463A,108.9931,34.2629,西安市,兴庆小区,臭氧1小时(O3_1h),93,46,36,17,12,194,NA,143,143,7,10,7,6,0.4,0.4
2026-07-23T1400,1464A,109.0595,34.2569,西安市,纺织城,NA,NA,39,35,20,15,181,NA,122,122,4,12,NA,10,0.9,0.8
2026-07-23T1400,1465A,108.9377,34.2178,西安市,小寨,臭氧1小时(O3_1h),82,41,33,18,14,185,NA,136,136,10,12,8,6,0.6,0.6
2026-07-23T1400,1466A,108.9522,34.2739,西安市,市人民体育场,臭氧1小时(O3_1h),99,38,36,18,12,199,NA,147,147,10,14,8,7,0.5,0.5
2026-07-23T1400,1467A,108.8923,34.2322,西安市,高新西区,臭氧1小时(O3_1h),99,42,33,15,12,199,NA,151,151,8,10,5,4,0.4,0.4
2026-07-23T1400,1468A,108.9386,34.3446,西安市,经开区,臭氧1小时(O3_1h),68,39,34,19,13,174,NA,125,125,6,11,3,3,0.5,0.5
2026-07-23T1400,1469A,108.894,34.1557,西安市,长安区,臭氧1小时(O3_1h),100,40,40,19,14,200,NA,140,140,11,15,4,2,0.4,0.4
2026-07-23T1400,1471A,109.213,34.3748,西安市,临潼区,臭氧1小时(O3_1h),68,48,31,25,16,174,NA,122,122,6,9,8,8,0.8,0.7
2026-07-23T1400,1474A,109.0508,34.321,西安市,广运潭,臭氧1小时(O3_1h),68,43,34,19,15,174,NA,118,118,9,16,4,5,0.7,0.7
2026-07-23T1400,1479A,103.8309,36.0467,兰州市,铁路设计院,臭氧1小时(O3_1h),106,35,44,22,17,211,NA,109,109,22,35,NA,14,0.8,0.8
2026-07-23T1400,1489A,106.1361,38.5039,银川市,学院路,臭氧1小时(O3_1h),98,50,64,17,18,198,NA,115,115,10,30,6,6,0.6,0.6
2026-07-23T1400,1490A,87.5796,43.8299,乌鲁木齐市,监测站,,32,20,52,10,14,102,NA,88,88,12,11,5,6,0.4,0.3
2026-07-23T1400,1491A,87.6044,43.7679,乌鲁木齐市,收费所,,32,19,47,10,16,102,NA,91,91,15,14,8,10,0.3,0.3
2026-07-23T1400,1493A,87.5529,43.8704,乌鲁木齐市,铁路局,,35,21,50,10,14,111,NA,91,91,9,10,7,8,0.5,0.5
2026-07-23T1400,1494A,87.6408,43.8258,乌鲁木齐市,三十一中学,,35,23,53,8,15,109,NA,91,91,10,9,4,4,0.5,0.5
2026-07-23T1400,1496A,87.7218,44.1747,乌鲁木齐市,米东区环保局,,37,20,65,1,18,118,NA,86,86,2,5,10,9,0.3,0.3
2026-07-23T1400,1508A,112.9508,27.8626,湘潭市,板塘,,24,22,29,12,12,76,NA,56,56,5,10,9,9,0.2,0.2
2026-07-23T1400,1511A,112.9114,27.8404,湘潭市,市监测站,,24,10,20,8,15,74,NA,52,52,9,14,9,9,0.4,0.5
2026-07-23T1400,1512A,112.8935,27.8729,湘潭市,江麓,,25,23,26,9,14,80,NA,58,58,2,8,8,8,0.1,0.3
2026-07-23T1400,1513A,112.9227,27.8159,湘潭市,岳塘,,38,38,30,9,15,91,NA,58,58,3,9,1,7,0.1,0.2
2026-07-23T1400,1514A,112.9073,27.9118,湘潭市,科大,,31,31,28,4,13,84,NA,56,56,2,9,5,5,0.3,0.4
2026-07-23T1400,1515A,113.1265,27.8306,株洲市,天台山庄,,26,23,24,16,16,82,NA,55,55,2,4,1,1,0.2,0.2
2026-07-23T1400,1518A,113.0937,27.8919,株洲市,株冶医院,,28,23,27,15,15,87,NA,60,60,2,10,4,4,0.4,0.4
2026-07-23T1400,1519A,113.1709,27.8661,株洲市,市四中,,25,19,27,12,16,80,NA,56,56,4,7,5,5,0.6,0.6
2026-07-23T1400,1520A,113.1515,27.8265,株洲市,火车站,,27,27,37,15,18,86,NA,60,60,6,10,13,12,0.3,0.4
2026-07-23T1400,1524A,113.1329,27.8491,株洲市,市监测站,,28,23,26,16,17,89,NA,62,62,5,7,7,7,0.5,0.5
2026-07-23T1400,1562A,113.0048,27.9153,湘潭市,昭山,,26,17,24,11,13,83,NA,57,57,2,8,6,6,0.1,0.1
2026-07-23T1400,1585A,109.8761,40.6533,包头市,市环境监测站,臭氧1小时(O3_1h),74,16,25,12,14,179,NA,125,125,8,15,8,9,0.5,0.7
2026-07-23T1400,1587A,109.9992,40.5843,包头市,包头八中,,50,17,34,4,15,160,NA,122,122,9,12,11,14,0.5,0.6
2026-07-23T1400,1589A,109.8641,40.6288,包头市,惠龙物流,臭氧1小时(O3_1h),53,10,29,6,15,162,NA,124,124,8,12,4,7,0.3,0.5
2026-07-23T1400,1590A,110.0376,40.5546,包头市,东河鸿龙湾,臭氧1小时(O3_1h),60,NA,25,11,13,168,NA,134,134,8,11,8,11,0.4,0.4
2026-07-23T1400,1591A,110.0024,39.8127,鄂尔多斯市,综合楼,,41,19,28,6,10,131,NA,135,112,11,16,4,4,0.6,0.6
2026-07-23T1400,1592A,109.9485,39.8259,鄂尔多斯市,巴音孟克林场办事处,,44,12,26,8,9,139,NA,134,113,10,14,4,4,0.6,0.6
2026-07-23T1400,1593A,109.7734,39.5987,鄂尔多斯市,康泽苑,,47,24,23,7,9,150,NA,124,106,7,11,13,13,0.2,0.3
2026-07-23T1400,1594A,109.8121,39.5987,鄂尔多斯市,华泰汽车城,,42,27,25,7,10,133,NA,114,94,5,11,10,9,0.6,0.6
2026-07-23T1400,1595A,109.9734,39.7884,鄂尔多斯市,奥林花园,,42,22,27,7,10,133,NA,124,111,13,13,6,4,0.5,0.4
2026-07-23T1400,1597A,122.2704,40.7093,营口市,大庆路,,49,30,32,13,19,156,NA,108,108,7,8,10,10,0.9,0.8
2026-07-23T1400,1598A,122.215,40.6511,营口市,镜湖西路,,32,18,25,11,19,102,NA,87,87,9,12,5,6,0.5,0.4
2026-07-23T1400,1599A,122.1667,40.665,营口市,西炮台,,31,19,23,11,16,99,NA,79,79,10,14,6,6,0.4,0.5
2026-07-23T1400,1600A,124.33,40.0625,丹东市,江湾东路,,27,25,24,11,14,85,NA,66,66,4,11,5,6,0.5,0.5
2026-07-23T1400,1601A,124.4242,40.1513,丹东市,临江后街,,28,28,32,12,14,78,NA,61,61,5,9,3,4,0.6,0.6
2026-07-23T1400,1602A,124.3935,40.1461,丹东市,元宝山,,25,25,29,10,14,72,NA,57,57,4,10,2,3,0.7,0.7
2026-07-23T1400,1603A,124.3634,40.1093,丹东市,民主桥,,31,31,31,12,14,77,NA,62,62,2,9,4,5,0.6,0.7
2026-07-23T1400,1604A,122.0303,41.1489,盘锦市,开发区,,29,21,22,5,15,90,NA,83,83,5,9,4,4,0.4,0.5
2026-07-23T1400,1605A,122.0486,41.0883,盘锦市,兴隆台,NA,NA,19,26,4,21,66,NA,63,49,8,13,5,6,NA,0.6
2026-07-23T1400,1606A,121.8297,41.1026,盘锦市,新生街道,,30,19,17,8,17,93,NA,75,75,6,9,3,5,0.6,0.7
2026-07-23T1400,1607A,120.904878,40.721091,葫芦岛市,龙港区,,36,33,25,20,17,113,NA,88,88,5,13,4,3,0.4,0.4
2026-07-23T1400,1608A,120.8382,40.7521,葫芦岛市,化工街,,34,22,27,20,19,106,NA,74,74,6,28,5,7,0.4,0.3
2026-07-23T1400,1609A,120.8339,40.7078,葫芦岛市,新区,,35,34,24,20,17,109,NA,83,83,2,11,3,3,0.6,0.7
2026-07-23T1400,1610A,120.8697,40.7679,葫芦岛市,东城区,,38,38,31,23,26,113,NA,81,81,4,22,1,8,0.4,0.5
2026-07-23T1400,1611A,118.5818,24.9116,泉州市,涂山街,臭氧1小时(O3_1h),73,64,53,24,23,178,NA,98,98,10,16,2,4,0.7,0.7
2026-07-23T1400,1612A,118.597,24.8976,泉州市,津头埔,颗粒物(PM10),69,76,57,29,27,151,NA,89,89,11,16,3,3,0.5,0.5
2026-07-23T1400,1613A,118.6669,24.9422,泉州市,万安,颗粒物(PM10),57,59,54,38,24,148,NA,90,90,9,15,6,4,0.5,0.6
2026-07-23T1400,1618A,118.3429,35.0532,临沂市,沂河小区,,36,36,31,12,18,103,NA,77,77,4,8,14,12,0.3,0.3
2026-07-23T1400,1619A,118.2962,35.0568,临沂市,鲁南制药厂,,33,24,26,11,16,103,NA,85,85,6,10,10,12,0.7,0.7
2026-07-23T1400,1620A,118.2793,34.9976,临沂市,新光毛纺厂,,37,17,22,13,19,117,NA,84,84,3,11,6,9,0.2,0.4
2026-07-23T1400,1621A,118.3955,35.0889,临沂市,河东保险公司,,30,29,24,10,18,96,NA,80,80,2,9,11,10,0.4,0.4
2026-07-23T1400,1622A,116.3034,37.4675,德州市,儿童乐园,,44,12,17,4,10,138,NA,116,116,3,6,9,9,0.6,0.6
2026-07-23T1400,1624A,116.2992,37.4449,德州市,监理站,,43,7,16,3,9,136,NA,116,116,2,5,12,12,0.3,0.3
2026-07-23T1400,1625A,115.9789,36.4372,聊城市,区政府,,43,7,20,5,4,137,NA,124,123,2,4,4,4,0.5,0.5
2026-07-23T1400,1629A,117.9961,37.3604,滨州市,第二水厂,,50,7,29,1,18,159,NA,120,120,3,7,7,8,0.2,0.4
2026-07-23T1400,1630A,117.9789,37.3931,滨州市,北中新校,臭氧1小时(O3_1h),63,12,30,0,17,170,NA,127,127,4,9,7,6,0.4,0.5
2026-07-23T1400,1631A,118.0413,36.8101,淄博市,人民公园,臭氧1小时(O3_1h),92,46,50,17,25,193,NA,142,142,9,15,11,12,0.4,0.4
2026-07-23T1400,1633A,117.8524,36.4848,淄博市,双山,,44,24,35,8,19,139,NA,113,113,6,15,4,4,0.6,0.8
2026-07-23T1400,1634A,117.9595,36.6332,淄博市,气象站,臭氧1小时(O3_1h),54,22,47,5,21,163,NA,129,129,8,14,11,12,0.2,0.4
2026-07-23T1400,1637A,117.5628,34.8379,枣庄市,市中区政府,,34,24,30,11,17,106,NA,80,80,10,16,6,6,0.3,0.3
2026-07-23T1400,1638A,117.2855,34.7838,枣庄市,薛城环保局,,39,22,28,4,16,124,NA,86,86,2,14,8,8,0.3,0.3
2026-07-23T1400,1639A,117.5854,34.7744,枣庄市,峄城区政府,,33,14,30,9,15,104,NA,81,81,2,13,4,5,0.5,0.4
2026-07-23T1400,1641A,117.4516,35.0992,枣庄市,山亭区环保局,,39,24,28,11,17,124,NA,89,89,5,7,5,9,0.4,0.4
2026-07-23T1400,1642A,121.2517,37.564,烟台市,开发区,,36,19,19,16,10,113,NA,90,90,6,11,7,6,0.6,0.6
2026-07-23T1400,1644A,121.3181,37.5436,烟台市,西郊化工站,,32,NA,16,8,11,101,NA,86,86,3,7,8,6,0.7,0.5
2026-07-23T1400,1645A,121.4419,37.4858,烟台市,莱山环保局,,33,NA,8,14,12,105,NA,85,85,7,10,3,3,0.7,0.7
2026-07-23T1400,1646A,121.2619,37.4965,烟台市,福山环保局,,38,19,19,6,9,121,NA,96,96,10,11,5,4,0.3,0.2
2026-07-23T1400,1650A,119.1436,36.7022,潍坊市,环保局,臭氧1小时(O3_1h),52,44,33,9,11,161,NA,107,107,9,14,5,5,0.7,0.6
2026-07-23T1400,1653A,116.6229,35.4288,济宁市,火炬城,,41,31,30,8,12,131,NA,104,104,5,8,4,4,0.6,0.6
2026-07-23T1400,1656A,117.1436,36.1938,泰安市,监测站,,46,29,29,16,17,146,NA,124,124,5,8,6,7,0.3,0.3
2026-07-23T1400,1657A,117.0905,36.2002,泰安市,人口学校,,46,27,33,10,19,145,NA,134,134,5,7,7,7,0.5,0.5
2026-07-23T1400,1658A,117.0992,36.1757,泰安市,电力学校,,41,19,28,11,18,129,NA,122,122,3,9,6,7,0.2,0.2
2026-07-23T1400,1659A,119.4711,35.421,日照市,监测站,细颗粒物(PM2.5),64,61,18,42,17,144,NA,76,76,25,19,31,10,3.0,0.7
2026-07-23T1400,1660A,119.523,35.4216,日照市,市政府广场,颗粒物(PM10),55,56,14,35,16,114,NA,74,74,20,9,24,10,2.1,0.6
2026-07-23T1400,1661A,119.5511,35.4113,日照市,港务局,,43,39,14,30,13,106,NA,83,83,18,12,12,8,1.4,0.9
2026-07-23T1400,1662A,122.121,37.4231,威海市,华夏技校,,30,NA,10,7,15,93,NA,80,80,7,10,/,/,0.3,0.3
2026-07-23T1400,1663A,122.0508,37.5236,威海市,山大分校,,31,NA,13,11,16,97,NA,86,86,4,8,/,/,/,/
2026-07-23T1400,1664A,122.1067,37.5067,威海市,市监测站,,25,5,11,4,14,79,NA,68,68,4,12,2,2,0.4,0.5
2026-07-23T1400,1666A,118.6612,37.4313,东营市,市环保局,臭氧1小时(O3_1h),67,29,27,8,16,173,NA,111,111,8,11,6,8,0.5,0.5
2026-07-23T1400,1669A,113.5821,24.7733,韶关市,市八中,颗粒物(PM10),55,57,44,31,23,103,NA,69,69,6,15,10,17,0.6,0.7
2026-07-23T1400,1671A,113.5916,24.7973,韶关市,园林处,,33,30,40,22,24,104,NA,67,67,7,17,12,14,/,/
2026-07-23T1400,1673A,113.5971,24.6864,韶关市,曲江监测站,,31,26,38,20,20,98,NA,62,62,9,17,9,8,0.5,0.6
2026-07-23T1400,1674A,116.6795,23.3666,汕头市,金平子站,,41,41,39,21,20,98,NA,75,75,5,6,3,3,0.5,0.6
2026-07-23T1400,1675A,116.7248,23.3632,汕头市,龙湖子站,,47,47,33,20,22,89,NA,69,69,1,3,5,4,/,/
2026-07-23T1400,1676A,116.7257,23.2774,汕头市,濠江子站,,47,47,45,18,20,71,NA,64,64,4,11,6,6,/,/
2026-07-23T1400,1677A,116.7518,23.4712,汕头市,澄海子站,颗粒物(PM10),72,80,49,22,22,106,NA,77,77,4,7,5,5,0.6,0.6
2026-07-23T1400,1678A,116.6088,23.2539,汕头市,潮阳子站,,49,49,38,21,22,69,NA,64,64,15,5,8,7,0.6,0.4
2026-07-23T1400,1680A,110.3648,21.2697,湛江市,湛江影剧院,,32,32,41,18,21,89,NA,72,72,5,9,8,7,0.8,0.6
2026-07-23T1400,1681A,110.3907,21.2279,湛江市,市环境监测站,,46,46,39,21,24,70,NA,65,65,4,9,4,4,0.6,0.6
2026-07-23T1400,1682A,110.3936,21.1943,湛江市,环保局宿舍,,34,34,39,20,22,73,NA,72,72,4,9,7,8,/,/
2026-07-23T1400,1683A,110.4138,21.2033,湛江市,霞山游泳场,,35,35,38,20,20,74,NA,71,71,2,6,6,7,/,/
2026-07-23T1400,1685A,110.4512,21.239,湛江市,坡头区环保局,NA,NA,33,38,16,21,71,NA,69,69,3,5,NA,4,0.4,0.4
2026-07-23T1400,1686A,111.0285,21.469,茂名市,电白南海,,44,44,45,18,19,64,NA,70,66,4,4,2,2,0.5,0.5
2026-07-23T1400,1687A,110.9294,21.6533,茂名市,茂石化七小,,44,44,44,17,20,65,NA,55,55,5,8,6,7,0.7,0.8
2026-07-23T1400,1688A,110.9108,21.6688,茂名市,健康路,NA,NA,34,37,16,19,66,NA,57,57,NA,6,4,4,0.6,0.6
2026-07-23T1400,1689A,110.8592,21.6826,茂名市,高岭,,41,41,48,18,20,63,NA,57,57,3,7,5,5,/,/
2026-07-23T1400,1690A,116.1248,24.3307,梅州市,梅江月梅,,27,27,38,15,22,65,NA,53,53,4,8,/,/,/,/
2026-07-23T1400,1691A,116.0798,24.2719,梅州市,梅县新城,,27,27,36,12,21,63,NA,52,52,5,10,9,9,0.4,0.5
2026-07-23T1400,1693A,115.3653,22.7751,汕尾市,市环保局,,38,38,36,15,16,65,NA,57,57,1,3,5,5,0.4,0.4
2026-07-23T1400,1695A,115.362,22.7926,汕尾市,新城中学,NA,NA,39,38,15,17,61,NA,54,54,2,3,NA,6,0.4,0.6
2026-07-23T1400,1697A,114.6962,23.7538,河源市,东埔,,50,35,39,35,23,98,NA,63,63,6,8,5,5,0.3,0.3
2026-07-23T1400,1698A,114.6895,23.7232,河源市,老城,,38,34,43,26,25,95,NA,62,62,8,12,8,11,0.5,0.5
2026-07-23T1400,1701A,111.9491,21.8658,阳江市,马南垌,,42,42,34,20,18,66,NA,63,63,2,3,5,5,0.4,0.5
2026-07-23T1400,1703A,113.0218,23.7086,清远市,凤城街办,,44,44,41,24,21,133,NA,77,77,9,19,/,/,/,/
2026-07-23T1400,1708A,116.3701,23.5345,揭阳市,新兴,,23,23,48,14,22,68,NA,56,56,4,9,6,6,0.4,0.5
2026-07-23T1400,1709A,116.3261,23.5442,揭阳市,西马,,26,26,51,12,22,68,NA,55,55,2,7,4,5,0.6,0.6
2026-07-23T1400,1710A,116.361,23.5627,揭阳市,东兴,,34,34,46,12,23,68,NA,55,55,5,11,5,5,/,/
2026-07-23T1400,1711A,116.4151,23.5295,揭阳市,渔湖,,26,26,48,14,23,77,NA,60,60,2,8,3,3,/,/
2026-07-23T1400,1714A,112.0281,22.9738,云浮市,牧羊,,46,46,34,12,14,67,NA,47,47,5,11,10,19,0.6,0.7
2026-07-23T1400,1715A,102.575,24.371,玉溪市,东风水库,NA,NA,NA,17,11,9,97,NA,71,71,6,8,3,3,0.4,0.4
2026-07-23T1400,1723A,113.2926,40.0759,大同市,云冈宾馆,臭氧1小时(O3_1h),57,14,30,5,13,165,NA,136,136,6,13,8,9,0.5,0.6
2026-07-23T1400,1724A,113.3437,40.0921,大同市,大同大学,臭氧1小时(O3_1h),65,18,33,6,13,172,NA,142,142,6,14,8,8,0.4,0.5
2026-07-23T1400,1725A,113.2637,40.129,大同市,安家小村,臭氧1小时(O3_1h),70,19,34,3,15,176,NA,140,140,6,13,9,9,0.2,0.3
2026-07-23T1400,1727A,113.1146,36.1547,长治市,清华站,,45,32,26,25,21,142,NA,98,98,4,7,7,8,0.7,0.9
2026-07-23T1400,1730A,113.0887,36.2126,长治市,审计局,,45,35,28,31,22,142,NA,106,106,3,7,10,10,0.7,0.9
2026-07-23T1400,1731A,113.0845,36.1856,长治市,长治八中,,42,35,33,29,21,134,NA,98,98,4,8,11,11,0.8,1
2026-07-23T1400,1733A,111.5552,36.0791,临汾市,临钢医院,臭氧1小时(O3_1h),73,38,33,17,11,178,NA,113,113,11,15,9,9,0.7,0.7
2026-07-23T1400,1734A,111.4984,36.0734,临汾市,技工学校,臭氧1小时(O3_1h),65,46,41,27,20,172,NA,107,107,7,13,8,8,0.6,0.7
2026-07-23T1400,1736A,111.5017,36.0857,临汾市,市委,臭氧1小时(O3_1h),63,58,52,22,13,170,NA,106,106,7,12,8,9,0.6,0.6
2026-07-23T1400,1739A,113.4894,37.8717,阳泉市,赛鱼,,43,36,29,14,15,136,NA,105,105,3,15,8,10,0.9,0.8
2026-07-23T1400,1740A,113.582,37.8473,阳泉市,南庄,,44,19,31,10,17,139,NA,111,111,6,14,11,18,0.7,0.8
2026-07-23T1400,1742A,113.5616,37.8706,阳泉市,平坦,,44,21,26,15,17,140,NA,111,111,5,12,10,13,0.6,0.7
2026-07-23T1400,1743A,113.5115,37.8391,阳泉市,大阳泉,,39,NA,19,14,12,122,NA,102,102,3,8,8,9,0.7,0.7
2026-07-23T1400,1744A,118.9229,42.2816,赤峰市,松山一中,,36,18,15,10,13,113,NA,105,105,7,7,8,8,0.8,0.7
2026-07-23T1400,1745A,118.9588,42.2733,赤峰市,哈达街,NA,NA,NA,17,NA,13,100,NA,90,90,11,11,13,13,0.6,0.5
2026-07-23T1400,1746A,118.8792,42.2551,赤峰市,天义路,,32,NA,12,16,11,102,NA,89,89,7,10,8,10,0.6,0.6
2026-07-23T1400,1748A,123.0441,41.1201,鞍山市,深沟寺,,48,34,30,21,22,151,NA,98,98,10,9,11,7,1.1,0.8
2026-07-23T1400,1749A,123.011,41.0931,鞍山市,太阳城,,44,30,32,17,24,139,NA,99,99,10,10,8,7,1.0,1
2026-07-23T1400,1750A,123.0483,41.1445,鞍山市,太平,颗粒物(PM10),64,69,38,35,22,166,NA,105,105,14,11,11,7,1.7,0.7
2026-07-23T1400,1751A,122.964,41.0968,鞍山市,铁西三道街,,48,34,38,19,26,153,NA,116,116,7,11,6,5,1.0,1
2026-07-23T1400,1753A,123.0219,41.0822,鞍山市,明达新区,,43,25,30,14,21,136,NA,103,103,7,8,4,3,0.8,0.9
2026-07-23T1400,1755A,123.7974,41.8494,抚顺市,望花区,,40,28,37,7,23,127,NA,105,105,6,15,9,11,0.5,0.7
2026-07-23T1400,1756A,123.9161,41.8827,抚顺市,顺城区,,37,22,32,5,20,117,NA,92,92,6,19,9,9,0.6,0.8
2026-07-23T1400,1757A,124.0437,41.8615,抚顺市,东洲区,,39,21,26,9,15,124,NA,92,92,7,9,7,7,0.3,0.4
2026-07-23T1400,1758A,123.9246,41.8638,抚顺市,新抚区,,34,16,33,4,20,106,NA,81,81,5,16,9,8,0.6,0.8
2026-07-23T1400,1759A,124.0972,41.8961,抚顺市,大伙房水库,,44,20,23,6,16,138,NA,84,84,8,11,12,11,0.5,0.6
2026-07-23T1400,1760A,123.708,41.8386,抚顺市,沈抚新城,,47,29,38,6,20,150,NA,109,109,9,16,8,8,0.7,0.9
2026-07-23T1400,1761A,123.8274146,41.31234549,本溪市,大峪,,38,19,22,8,11,121,NA,89,89,5,9,5,5,0.5,0.4
2026-07-23T1400,1763A,123.7169,41.3094,本溪市,彩屯,,37,14,30,3,19,117,NA,79,79,5,16,8,9,0.6,1.4
2026-07-23T1400,1764A,123.7672166,41.28649327,本溪市,东明,,36,26,26,7,13,114,NA,90,90,4,8,4,4,0.5,0.6
2026-07-23T1400,1765A,123.799345,41.266614,本溪市,新立屯,,35,19,20,5,10,109,NA,84,84,3,12,7,7,0.5,0.6
2026-07-23T1400,1766A,123.829144,41.336777,本溪市,威宁,,44,21,25,11,14,140,NA,93,93,6,11,10,8,0.6,0.6
2026-07-23T1400,1767A,121.1114,41.0879,锦州市,南山,,37,37,34,12,25,104,NA,76,76,5,15,2,4,0.3,0.4
2026-07-23T1400,1768A,121.060361,40.842794,锦州市,开发区,,38,22,43,20,17,119,NA,96,96,9,18,6,6,0.5,0.5
2026-07-23T1400,1769A,121.1836,41.1118,锦州市,百股街道,,44,44,26,17,19,120,NA,104,93,3,6,3,3,1.0,0.7
2026-07-23T1400,1770A,121.1176,41.1224,锦州市,天安街道,,43,43,35,15,23,114,NA,83,83,9,18,4,4,0.3,0.4
2026-07-23T1400,1771A,121.1303,41.1385,锦州市,北湖公园,,46,46,45,19,24,110,NA,83,83,6,11,3,4,0.5,0.5
2026-07-23T1400,1772A,126.54,43.8622,吉林市,哈达湾,,36,19,29,16,24,114,NA,116,116,13,12,6,6,0.5,0.6
2026-07-23T1400,1773A,126.5843,43.8358,吉林市,东局子,,31,25,26,15,20,98,NA,98,98,8,11,4,4,0.3,0.4
2026-07-23T1400,1774A,126.5051,43.8243,吉林市,电力学院,,37,18,32,13,23,117,NA,115,115,4,11,4,5,0.4,0.5
2026-07-23T1400,1775A,126.6133,43.8971,吉林市,江北,,33,33,33,18,23,96,NA,99,99,7,10,6,6,0.5,0.7
2026-07-23T1400,1776A,126.5549,43.8304,吉林市,江南公园,,34,25,28,14,21,107,NA,105,105,5,6,3,3,0.2,0.3
2026-07-23T1400,1779A,123.9307,47.3641,齐齐哈尔市,安居小区,,39,39,30,22,14,119,NA,105,105,7,6,4,4,0.9,0.8
2026-07-23T1400,1780A,123.9497,47.3389,齐齐哈尔市,中心广场,,49,49,31,24,12,122,NA,107,107,8,8,4,5,0.7,0.6
2026-07-23T1400,1781A,123.9483,47.3229,齐齐哈尔市,农牧车辆厂,颗粒物(PM10),53,53,36,25,14,122,NA,108,108,6,6,6,6,0.2,0.2
2026-07-23T1400,1783A,123.9442,47.2994,齐齐哈尔市,市环境监测站,,39,39,25,24,12,116,NA,100,100,5,6,3,3,0.8,0.7
2026-07-23T1400,1784A,129.61,44.561,牡丹江市,环保大楼,,40,40,29,13,19,95,NA,73,73,6,12,6,7,0.4,0.5
2026-07-23T1400,1787A,129.6364,44.6075,牡丹江市,机车工厂,,30,27,34,16,24,94,NA,70,70,8,16,9,5,0.3,0.5
2026-07-23T1400,1788A,129.6386,44.5462,牡丹江市,第一中学,,30,27,29,12,15,93,NA,75,75,4,13,13,11,0.5,0.5
2026-07-23T1400,1789A,124.8085,46.0381,大庆市,大同区,,46,32,50,29,30,146,NA,113,113,6,12,7,6,0.7,0.8
2026-07-23T1400,1790A,125.1166,46.5255,大庆市,龙凤区,NA,NA,NA,41,NA,31,112,NA,98,98,8,10,7,7,0.0,0.2
2026-07-23T1400,1791A,124.8894,46.4007,大庆市,红岗区,,36,30,39,22,31,115,NA,98,98,2,5,7,6,0.5,0.7
2026-07-23T1400,1792A,125.1391,46.578,大庆市,萨尔图区,,39,27,48,21,35,123,NA,96,96,9,9,6,6,0.3,0.6
2026-07-23T1400,1793A,124.9026,46.6217,大庆市,让胡路区,细颗粒物(PM2.5),66,52,46,43,38,117,NA,93,93,7,9,4,4,0.6,0.7
2026-07-23T1400,1794A,118.3603,31.3515,芜湖市,监测站,,38,38,32,14,20,93,NA,70,70,17,21,6,6,0.6,0.6
2026-07-23T1400,1795A,118.3716,31.4135,芜湖市,科创中心,颗粒物(PM10),51,51,34,23,19,116,NA,76,76,10,20,4,4,0.4,0.4
2026-07-23T1400,1796A,118.3671,31.3132,芜湖市,四水厂,,36,36,31,14,17,86,NA,70,70,10,16,6,6,0.4,0.4
2026-07-23T1400,1798A,118.5084,31.6838,马鞍山市,湖东路四小,,47,47,41,13,15,126,NA,84,84,4,12,8,8,0.6,0.7
2026-07-23T1400,1799A,118.5019,31.6449,马鞍山市,开发区,,43,43,38,19,20,134,NA,84,84,1,11,6,6,0.6,0.7
2026-07-23T1400,1803A,115.9873,29.6816,九江市,十里,,31,31,22,13,12,98,NA,74,74,5,11,5,4,0.5,0.5
2026-07-23T1400,1804A,115.9583,29.7047,九江市,茅山头,,34,34,22,15,14,96,NA,78,78,7,13,4,4,0.5,0.5
2026-07-23T1400,1805A,115.9877,29.7295,九江市,西园,,29,20,18,12,12,92,NA,75,75,14,14,4,4,0.4,0.4
2026-07-23T1400,1808A,115.9112,29.6038,九江市,综合工业园,,33,23,17,14,10,104,NA,82,82,6,13,3,2,0.6,0.3
2026-07-23T1400,1812A,112.3934,34.6517,洛阳市,市委党校,,43,26,32,15,19,136,NA,111,111,7,11,8,8,0.5,0.5
2026-07-23T1400,1815A,112.494,34.6883,洛阳市,河南林校,,46,30,38,13,18,147,NA,120,120,8,15,12,12,0.4,0.3
2026-07-23T1400,1816A,112.3843,34.623,洛阳市,开发区管委会,,45,27,29,11,19,143,NA,119,119,10,14,13,13,0.6,0.6
2026-07-23T1400,1817A,112.4263,34.6249,洛阳市,市委新办公区,,43,17,27,12,16,137,NA,110,110,6,11,12,11,0.4,0.3
2026-07-23T1400,1819A,114.3552,36.1017,安阳市,红庙街,,47,14,19,9,13,149,NA,134,134,3,6,3,4,0.5,0.4
2026-07-23T1400,1820A,114.361,36.0681,安阳市,银杏小区,,47,20,22,16,14,148,NA,139,139,5,7,1,2,0.5,0.5
2026-07-23T1400,1824A,114.3389,34.778,开封市,肿瘤医院,,46,46,31,31,20,130,NA,115,111,12,11,8,5,0.7,0.3
2026-07-23T1400,1826A,114.2884,34.7966,开封市,世纪星幼儿园,,48,38,29,27,19,151,NA,128,127,8,10,5,4,0.6,0.6
2026-07-23T1400,1832A,113.3257,33.7423,平顶山市,新华旅馆,,37,17,26,12,18,117,NA,82,82,7,12,3,4,0.5,0.6
2026-07-23T1400,1833A,113.2917,33.737,平顶山市,规划设计院,,36,19,28,17,18,114,NA,80,80,7,11,6,6,0.4,0.5
2026-07-23T1400,1834A,113.182,33.7738,平顶山市,平顶山工学院,,36,NA,22,22,20,113,NA,83,83,6,9,7,7,0.5,0.6
2026-07-23T1400,1835A,111.1922,34.7752,三门峡市,市政府,,48,43,44,33,27,129,NA,103,103,6,11,7,9,0.6,0.6
2026-07-23T1400,1836A,111.1588,34.794,三门峡市,开发区,,41,38,50,27,28,130,NA,104,104,9,12,6,8,0.5,0.6
2026-07-23T1400,1840A,111.2991,30.6981,宜昌市,白龙岗,,38,31,29,21,16,119,NA,74,74,5,8,9,9,0.3,0.3
2026-07-23T1400,1842A,111.263451,30.696754,宜昌市,点军区,,46,31,24,25,18,145,NA,88,88,9,21,7,6,0.4,0.3
2026-07-23T1400,1843A,111.3276,30.782,宜昌市,夷陵区,NA,NA,NA,16,20,12,126,NA,78,78,7,10,4,5,0.3,0.3
2026-07-23T1400,1844A,112.2493,30.3198,荆州市,市图书馆,,32,32,14,21,10,100,NA,67,67,4,7,4,4,0.5,0.4
2026-07-23T1400,1845A,112.2009,30.3543,荆州市,市委党校,,30,26,16,16,10,96,NA,56,56,3,6,5,5,0.5,0.5
2026-07-23T1400,1848A,113.1494,29.425,岳阳市,城陵矶,,39,39,28,5,5,90,NA,64,64,2,8,2,2,0.9,0.9
2026-07-23T1400,1849A,113.1493,29.3575,岳阳市,开发区,,31,18,19,9,10,99,NA,67,67,2,9,4,5,0.6,0.7
2026-07-23T1400,1850A,113.2672,29.4752,岳阳市,云溪区,,33,NA,19,23,9,93,NA,60,60,2,3,3,2,0.8,0.8
2026-07-23T1400,1851A,112.9944,29.44,岳阳市,君山区,,32,26,23,15,8,102,NA,64,64,11,14,3,3,0.5,0.5
2026-07-23T1400,1854A,111.696,28.9725,常德市,市二中,,25,25,17,12,6,72,NA,55,55,1,4,6,6,0.9,0.9
2026-07-23T1400,1858A,110.532,29.1219,张家界市,永定新区,,25,21,20,15,18,77,NA,54,54,4,7,/,/,/,/
2026-07-23T1400,1859A,110.4696,29.1244,张家界市,电业局,,28,28,23,14,17,69,NA,45,45,5,7,6,6,0.6,0.7
2026-07-23T1400,1860A,110.5573,29.3486,张家界市,未央路,,26,NA,8,14,14,81,NA,53,53,4,6,8,7,0.4,0.4
2026-07-23T1400,1864A,110.3091,25.2705,桂林市,龙隐路小学,,31,31,22,9,10,59,NA,45,45,3,5,4,5,0.6,0.7
2026-07-23T1400,1865A,110.2849361,25.22909545,桂林市,八中,,30,30,24,8,10,60,NA,41,41,5,9,4,4,0.4,0.5
2026-07-23T1400,1867A,109.1435,21.4085,北海市,海滩公园,,28,28,39,2,13,66,NA,60,60,2,4,2,2,0.6,0.5
2026-07-23T1400,1868A,109.0983,21.466,北海市,新市环保局,,23,20,25,8,13,73,NA,60,60,5,7,1,2,0.6,0.6
2026-07-23T1400,1869A,109.1775,21.5232,北海市,北海工业园,,20,12,32,8,13,64,NA,47,47,6,8,1,4,0.5,0.5
2026-07-23T1400,1870A,109.4854,24.3898,柳州市,柳东小学,,30,30,26,12,14,83,NA,50,50,4,8,4,5,0.7,0.7
2026-07-23T1400,1871A,109.4109,24.3304,柳州市,环保监测站,,32,32,26,10,13,70,NA,53,53,7,9,8,8,0.6,0.8
2026-07-23T1400,1872A,109.3886,24.3408,柳州市,河西水厂,,28,28,29,15,14,73,NA,54,54,6,11,8,9,0.6,0.7
2026-07-23T1400,1873A,109.4263,24.2951,柳州市,市四中,,39,39,33,13,17,72,NA,52,52,3,9,6,5,0.5,0.7
2026-07-23T1400,1874A,109.396,24.3658,柳州市,市九中,,24,21,31,11,13,76,NA,56,56,4,8,5,6,0.5,0.6
2026-07-23T1400,1875A,109.4912,24.3164,柳州市,古亭山,,28,28,27,10,14,66,NA,40,40,3,9,3,3,0.6,0.6
2026-07-23T1400,1877A,109.4962,18.2682,三亚市,河西子站,,42,42,34,20,21,90,NA,76,76,4,7,3,3,0.3,0.3
2026-07-23T1400,1878A,104.7775,31.4741,绵阳市,富乐山,臭氧1小时(O3_1h),74,48,48,23,29,179,NA,123,123,9,14,15,13,0.8,0.8
2026-07-23T1400,1880A,104.6698,31.4668,绵阳市,高新区自来水公司,臭氧1小时(O3_1h),75,45,61,19,29,180,NA,137,137,6,20,13,13,0.7,0.8
2026-07-23T1400,1883A,104.6204,28.7728,宜宾市,市委,臭氧1小时(O3_1h),79,51,37,33,19,183,NA,126,126,10,15,8,10,0.9,0.8
2026-07-23T1400,1884A,104.6056,28.7931,宜宾市,宜宾四中,,50,45,39,34,24,158,NA,118,118,7,14,10,12,0.7,0.7
2026-07-23T1400,1886A,104.5743,28.7199,宜宾市,黄金嘴,臭氧1小时(O3_1h),59,50,38,32,22,167,NA,123,123,8,15,8,12,0.5,0.5
2026-07-23T1400,1888A,101.6891,26.571,攀枝花市,弄弄坪,,45,38,42,16,18,141,NA,82,82,10,22,20,23,0.7,0.9
2026-07-23T1400,1889A,101.577,26.5914,攀枝花市,河门口,臭氧1小时(O3_1h),97,42,28,29,12,197,NA,94,94,11,15,32,16,2.2,1.2
2026-07-23T1400,1891A,101.7365,26.4986,攀枝花市,仁和,,33,29,30,18,22,104,NA,71,71,6,10,14,10,0.6,0.8
2026-07-23T1400,1894A,105.4427,28.9063,泸州市,小市上码头,臭氧1小时(O3_1h),101,41,34,24,20,202,NA,128,128,9,13,6,9,0.4,0.5
2026-07-23T1400,1895A,105.4241,28.8573,泸州市,兰田宪桥,臭氧1小时(O3_1h),68,41,42,15,20,174,NA,101,101,7,17,8,8,0.6,0.6
2026-07-23T1400,1896A,105.4378,28.8833,泸州市,市环监站,臭氧1小时(O3_1h),74,21,22,10,9,179,NA,112,112,9,19,8,8,0.0,0.2
2026-07-23T1400,1901A,104.424,31.1209,德阳市,东山公园,臭氧1小时(O3_1h),55,41,44,26,30,164,NA,104,104,6,13,7,7,0.8,0.8
2026-07-23T1400,1902A,104.3827,31.1318,德阳市,西小区,臭氧1小时(O3_1h),79,43,46,25,32,183,NA,108,108,12,23,12,16,0.7,0.7
2026-07-23T1400,1904A,104.3553,31.1091,德阳市,耐火材料厂,臭氧1小时(O3_1h),77,43,52,22,33,181,NA,104,104,8,23,5,9,0.8,0.8
2026-07-23T1400,1906A,106.0791,30.8022,南充市,南充市委,,43,42,49,19,22,136,NA,105,105,4,11,8,9,0.3,0.4
2026-07-23T1400,1907A,106.1038,30.8215,南充市,南充炼油厂,,46,46,53,18,23,139,NA,107,107,3,10,8,8,0.3,0.4
2026-07-23T1400,1911A,106.9218,27.6872,遵义市,丁字口,,39,38,30,27,23,120,NA,79,79,4,9,7,7,0.4,0.5
2026-07-23T1400,1912A,106.9241,27.7044,遵义市,凤凰山,,38,NA,28,26,22,110,NA,80,80,1,4,6,7,0.6,0.6
2026-07-23T1400,1913A,106.8895,27.648,遵义市,忠庄,,40,30,35,26,24,127,NA,84,84,5,9,3,4,0.8,0.8
2026-07-23T1400,1915A,106.9225,27.7253,遵义市,干田坝,,37,37,36,22,22,111,NA,70,70,4,10,3,3,0.6,0.6
2026-07-23T1400,1916A,103.7897,25.5036,曲靖市,环境监测站,,48,37,35,19,22,152,NA,95,95,11,16,2,4,0.6,0.7
2026-07-23T1400,1917A,103.8013,25.5357,曲靖市,烟厂办公区,,41,NA,35,22,21,130,NA,78,78,8,17,2,4,0.6,0.7
2026-07-23T1400,1919A,108.6726,34.315,咸阳市,实验中学,臭氧1小时(O3_1h),87,36,33,14,13,189,NA,139,139,6,9,8,6,0.3,0.3
2026-07-23T1400,1920A,108.7226,34.3622,咸阳市,师范学院,臭氧1小时(O3_1h),69,32,35,15,15,175,NA,132,132,4,9,7,6,0.5,0.5
2026-07-23T1400,1923A,109.0696,35.0699,铜川市,王益区政府,,50,30,25,19,14,157,NA,99,99,6,10,10,8,0.4,0.4
2026-07-23T1400,1924A,108.9345,34.9059,铜川市,新区管委会,,50,44,30,20,15,158,NA,120,120,11,14,7,9,0.4,0.4
2026-07-23T1400,1927A,109.4569,36.6161,延安市,延大医附院,,42,42,25,17,17,110,NA,68,68,7,20,2,2,0.7,0.6
2026-07-23T1400,1929A,109.5053,36.6105,延安市,百米大道,,38,35,43,15,21,120,NA,74,74,1,22,3,3,0.5,0.5
2026-07-23T1400,1931A,107.0802,34.3129,宝鸡市,竹园沟,NA,NA,NA,28,NA,14,NA,NA,185,78,NA,6,NA,7,NA,0.7
2026-07-23T1400,1933A,107.1429,34.3549,宝鸡市,监测站,臭氧1小时(O3_1h),65,40,33,15,15,172,NA,101,101,7,8,11,10,0.4,0.5
2026-07-23T1400,1934A,107.1172,34.3759,宝鸡市,技工学校,臭氧1小时(O3_1h),69,36,33,16,16,175,NA,105,105,6,6,6,6,0.5,0.5
2026-07-23T1400,1936A,107.2025,34.3518,宝鸡市,文理学院,臭氧1小时(O3_1h),65,26,33,15,15,172,NA,103,103,8,11,9,9,0.5,0.6
2026-07-23T1400,1937A,107.2396,34.3626,宝鸡市,三迪小学,臭氧1小时(O3_1h),65,47,37,18,16,172,NA,104,104,13,13,4,5,0.4,0.5
2026-07-23T1400,1940A,109.4605,34.4927,渭南市,体育馆,,50,36,42,30,18,158,NA,120,120,6,14,8,10,0.6,0.5
2026-07-23T1400,1941A,109.4257,34.5067,渭南市,高新一小,颗粒物(PM10),59,62,36,26,18,160,NA,120,120,3,7,9,10,0.6,0.5
2026-07-23T1400,1944A,102.1691,38.5166,金昌市,天庆家园,颗粒物(PM10),53,53,55,14,20,124,NA,87,87,3,16,5,15,0.1,0.5
2026-07-23T1400,1945A,98.291,39.7705,嘉峪关市,气象局,颗粒物(PM10),65,70,39,17,15,142,NA,105,105,5,14,3,4,0.5,0.6
2026-07-23T1400,1948A,106.3668,39.0145,石嘴山市,大武口朝阳西街,臭氧1小时(O3_1h),112,61,57,20,21,224,NA,136,136,12,20,18,16,2.2,0.9
2026-07-23T1400,1949A,106.7713,39.2278,石嘴山市,惠农南大街,臭氧1小时(O3_1h),54,46,51,12,18,163,NA,127,127,9,17,13,17,0.3,0.5
2026-07-23T1400,1950A,106.7074,39.1332,石嘴山市,红果子镇惠新街,臭氧1小时(O3_1h),53,42,55,15,19,162,NA,123,123,6,21,11,12,0.6,0.7
2026-07-23T1400,1951A,84.886,45.6029,克拉玛依市,长征新村,NA,NA,16,19,2,9,107,NA,95,85,6,7,NA,4,0.3,0.3
2026-07-23T1400,1952A,84.8894,45.5827,克拉玛依市,南林小区,,33,18,20,0,2,103,NA,91,78,5,7,7,6,0.1,0.1
2026-07-23T1400,1954A,84.896,44.3328,克拉玛依市,独山子区,,30,17,17,2,2,94,NA,100,76,7,5,6,6,0.4,0.3
2026-07-23T1400,1955A,85.6888,46.0909,克拉玛依市,乌尔禾区商贸楼,,30,13,28,11,15,95,NA,74,74,7,9,8,8,0.2,0.3
2026-07-23T1400,1956A,86.1476,41.7529,巴音郭楞蒙古自治州,孔雀公园,,49,49,65,13,15,101,NA,120,106,8,5,7,7,0.2,0.2
2026-07-23T1400,1957A,86.1971,41.7166,巴音郭楞蒙古自治州,棉纺厂,颗粒物(PM10),85,99,74,23,17,112,NA,108,100,7,10,/,/,/,/
2026-07-23T1400,1958A,86.236,41.7172,巴音郭楞蒙古自治州,经济开发区,颗粒物(PM10),58,61,68,18,18,111,NA,108,102,7,7,4,4,0.3,0.2
2026-07-23T1400,1961A,117.5323,36.6865,济南市,东山小学,臭氧1小时(O3_1h),62,24,35,5,9,169,NA,130,130,8,13,4,4,0.5,0.5
2026-07-23T1400,1982A,122.0693,37.2175,威海市,文登开发区,,40,13,11,6,11,125,NA,91,91,7,8,/,/,/,/
2026-07-23T1400,2031A,113.1836,27.9959,株洲市,云田中学,,29,20,25,14,14,90,NA,63,63,4,6,8,8,0.3,0.3
2026-07-23T1400,2054A,114.1096,32.1059,信阳市,平桥分局,,27,14,11,5,7,85,NA,66,66,4,6,5,6,0.4,0.5
2026-07-23T1400,2064A,113.9956,32.1272,信阳市,南湾水厂,,27,14,14,6,6,85,NA,65,65,3,4,6,6,0.5,0.5
2026-07-23T1400,2065A,114.078,32.1194,信阳市,市酿酒公司,,26,NA,15,10,7,81,NA,63,63,3,4,5,5,0.6,0.6
2026-07-23T1400,2066A,114.0712,32.1393,信阳市,审计局,,27,8,19,5,8,86,NA,68,68,4,5,6,7,0.6,0.6
2026-07-23T1400,2068A,114.6755,33.6347,周口市,周口师范,,33,NA,18,16,9,105,NA,67,67,4,9,4,4,0.6,0.7
2026-07-23T1400,2160A,112.8496,35.5051,晋城市,自来水公司,,40,21,29,11,12,127,NA,104,104,5,10,3,4,0.4,0.7
2026-07-23T1400,2162A,112.8509,35.4886,晋城市,市环保局,,38,29,39,16,15,119,NA,98,98,5,8,4,5,0.4,0.7
2026-07-23T1400,2166A,112.4399,39.3521,朔州市,平朔,,47,14,33,4,12,150,NA,108,108,3,10,4,6,0.2,0.2
2026-07-23T1400,2167A,112.4574,39.362,朔州市,朔唯,,47,16,36,4,10,150,NA,109,109,2,11,4,5,/,/
2026-07-23T1400,2168A,112.426,39.3199,朔州市,区政府,,48,12,25,3,8,151,NA,116,116,4,10,10,6,0.3,0.3
2026-07-23T1400,2169A,112.4075,39.3277,朔州市,市环保局,,46,23,27,6,11,147,NA,119,119,4,11,5,4,/,/
2026-07-23T1400,2170A,112.4273,39.3682,朔州市,市二中,臭氧1小时(O3_1h),53,24,33,3,10,162,NA,109,109,7,16,4,4,/,/
2026-07-23T1400,2174A,112.6992,37.6984,晋中市,榆次区政府,臭氧1小时(O3_1h),63,36,29,27,19,170,NA,123,123,4,8,14,8,0.4,0.2
2026-07-23T1400,2175A,110.996,35.0148,运城市,运城中学,,45,45,38,17,17,122,NA,108,108,4,6,3,4,0.5,0.5
2026-07-23T1400,2178A,110.9685,35.0305,运城市,地区技校,,44,33,34,16,18,139,NA,121,121,3,7,3,4,0.6,0.6
2026-07-23T1400,2181A,112.7313,38.457,忻州市,开发区,NA,NA,34,33,26,16,164,NA,105,105,NA,18,9,6,0.7,0.6
2026-07-23T1400,2182A,112.7023,38.4932,忻州市,会展中心,臭氧1小时(O3_1h),54,46,34,24,17,163,NA,100,100,6,13,7,6,0.7,0.5
2026-07-23T1400,2183A,111.1447,37.5212,吕梁市,环保局,,44,27,28,5,9,139,NA,91,91,8,12,8,8,0.5,0.3
2026-07-23T1400,2185A,111.1285,37.5338,吕梁市,自来水公司,,40,28,38,5,11,125,NA,90,90,11,15,5,6,0.6,0.4
2026-07-23T1400,2187A,106.8172,39.6972,乌海市,市林业局,臭氧1小时(O3_1h),64,47,50,10,17,171,NA,125,125,10,17,13,20,0.4,0.5
2026-07-23T1400,2188A,106.7907,39.6666,乌海市,中海勃湾学校,臭氧1小时(O3_1h),75,37,46,17,16,180,NA,130,130,9,18,16,19,0.3,0.5
2026-07-23T1400,2191A,122.253,43.6801,通辽市,艺术职业学校,,50,28,52,19,35,158,NA,146,146,7,10,5,6,0.3,0.5
2026-07-23T1400,2195A,107.4206,40.7609,巴彦淖尔市,附二中,,50,21,81,16,30,158,NA,121,121,6,10,14,15,0.6,0.7
2026-07-23T1400,2196A,107.37,40.7372,巴彦淖尔市,市环保大楼,,49,35,96,6,27,155,NA,124,124,6,8,11,12,0.6,0.7
2026-07-23T1400,2197A,113.1306,40.9924,乌兰察布市,集宁新区,臭氧1小时(O3_1h),78,19,25,14,15,182,NA,150,150,6,9,5,6,0.6,0.5
2026-07-23T1400,2202A,116.1048,43.9318,锡林郭勒盟,市环保监测站,,47,NA,18,7,8,148,NA,108,108,4,7,10,10,0.3,0.3
2026-07-23T1400,2203A,116.0778,43.9312,锡林郭勒盟,市政府,,46,16,13,2,8,145,NA,107,107,3,6,8,9,0.2,0.2
2026-07-23T1400,2205A,105.699,38.8409,阿拉善盟,蒙二幼,NA,NA,NA,34,4,9,155,NA,140,140,3,5,12,10,0.2,0.3
2026-07-23T1400,2206A,105.7198,38.8508,阿拉善盟,环保局新楼,,45,21,28,8,9,143,NA,136,136,3,3,11,10,0.4,0.4
2026-07-23T1400,2207A,121.6095,41.9978,阜新市,工业园区,,43,28,38,4,23,135,NA,116,116,7,12,4,8,0.5,0.6
2026-07-23T1400,2208A,121.6567,42.0188,阜新市,长青街,,41,20,35,4,22,131,NA,115,115,4,11,7,10,0.4,0.6
2026-07-23T1400,2209A,121.6672,42.07,阜新市,农业园区,,42,40,54,4,24,134,NA,119,119,7,10,3,3,0.6,0.7
2026-07-23T1400,2211A,121.6343,42.0455,阜新市,玉龙新城,,40,31,37,4,18,127,NA,109,109,5,10,2,3,0.5,0.7
2026-07-23T1400,2212A,123.1978,41.2036,辽阳市,宏伟区,颗粒物(PM10),58,60,32,17,16,126,NA,90,90,8,6,6,6,0.5,0.5
2026-07-23T1400,2213A,123.1684,41.2497,辽阳市,新华园,臭氧1小时(O3_1h),64,48,32,17,19,171,NA,119,119,7,8,6,6,0.7,0.8
2026-07-23T1400,2214A,123.2355,41.2663,辽阳市,滨河路,,42,27,28,13,18,132,NA,100,100,5,9,7,7,0.7,0.8
2026-07-23T1400,2217A,123.865,42.292,铁岭市,水上乐园,,45,21,39,7,21,142,NA,94,94,10,16,8,8,0.4,0.5
2026-07-23T1400,2219A,123.7158,42.2218,铁岭市,金沙江路北,,50,41,43,16,26,157,NA,108,108,9,19,4,6,0.6,0.6
2026-07-23T1400,2220A,120.4318,41.588,朝阳市,西梁,,35,27,24,2,11,112,NA,101,101,4,9,9,10,0.7,0.8
2026-07-23T1400,2221A,120.452,41.565,朝阳市,河畔小区,,39,25,21,19,16,122,NA,108,108,4,7,10,11,0.7,0.9
2026-07-23T1400,2222A,120.4176,41.5648,朝阳市,八里堡,,36,21,30,8,13,115,NA,96,96,6,11,7,7,0.7,0.8
2026-07-23T1400,2226A,124.3744,43.1842,四平市,境园,,44,44,41,19,29,122,NA,111,111,4,10,6,5,0.7,0.6
2026-07-23T1400,2227A,125.1359,42.8845,辽源市,环保局,,35,18,30,4,20,110,NA,89,89,2,10,5,6,0.5,0.7
2026-07-23T1400,2229A,125.9359,41.7174,通化市,光明,,28,24,28,11,12,88,NA,62,62,4,11,9,11,0.4,0.6
2026-07-23T1400,2230A,125.9446,41.7323,通化市,铁路,,29,18,26,10,12,90,NA,65,65,6,15,8,11,0.4,0.6
2026-07-23T1400,2231A,126.4219,41.9172,白山市,喜丰,,28,28,50,5,14,82,NA,55,55,4,17,14,15,0.6,0.7
2026-07-23T1400,2232A,126.4082,41.9416,白山市,环保局,,22,21,27,6,10,69,NA,59,59,3,7,9,11,0.7,0.7
2026-07-23T1400,2233A,124.8007,45.1213,松原市,江南,,48,42,55,33,42,134,NA,105,105,6,8,1,1,0.5,0.5
2026-07-23T1400,2234A,124.7967,45.1721,松原市,江北,,41,26,53,23,35,131,NA,101,101,6,5,1,2,0.5,0.6
2026-07-23T1400,2235A,122.7909,45.608,白城市,洮北区环保局,,43,30,33,30,31,117,NA,82,82,3,5,2,4,0.4,0.5
2026-07-23T1400,2236A,122.8741,45.5725,白城市,市环保局,,36,27,32,20,26,113,NA,88,88,5,8,3,4,0.4,0.5
2026-07-23T1400,2237A,129.4704,42.8885,延边朝鲜族自治州,妇幼医院,,23,17,29,10,20,73,NA,54,54,2,10,6,6,0.4,0.5
2026-07-23T1400,2238A,129.5047,42.9117,延边朝鲜族自治州,延边医院,,24,18,24,9,16,74,NA,59,59,2,8,7,7,0.4,0.5
2026-07-23T1400,2239A,129.395,42.8884,延边朝鲜族自治州,朝阳川镇医院,,23,13,22,12,20,71,NA,47,47,2,12,12,12,0.3,0.4
2026-07-23T1400,2240A,130.9618,45.2926,鸡西市,环保局,,37,37,32,20,20,111,NA,79,79,11,20,10,11,0.4,0.5
2026-07-23T1400,2243A,130.9294,45.2959,鸡西市,第一中学,,34,NA,27,19,22,106,NA,98,98,9,19,5,5,0.3,0.3
2026-07-23T1400,2244A,130.2537,47.3416,鹤岗市,哈啤分公司,,35,26,19,17,12,112,NA,77,77,8,11,4,4,0.2,0.1
2026-07-23T1400,2245A,130.2683,47.3087,鹤岗市,斯达机电,,42,NA,26,29,16,112,NA,77,77,9,16,6,6,0.2,0.2
2026-07-23T1400,2246A,130.3114,47.3388,鹤岗市,东山纸板厂,,34,33,25,16,13,106,NA,69,69,13,20,5,6,0.2,0.3
2026-07-23T1400,2248A,131.1509,46.6936,双鸭山市,双合村,,33,25,28,15,18,105,NA,94,94,13,19,7,8,0.1,0.6
2026-07-23T1400,2249A,131.1651,46.6191,双鸭山市,南小市,,34,34,18,14,13,100,NA,88,88,15,14,4,7,0.4,0.4
2026-07-23T1400,2250A,131.1526,46.6554,双鸭山市,环保局,,31,16,23,16,16,98,NA,83,83,12,12,6,6,0,0.2
2026-07-23T1400,2252A,128.8663,47.7199,伊春市,环保局,NA,NA,6,15,6,8,92,NA,62,62,8,7,2,1,NA,0.5
2026-07-23T1400,2253A,128.9014,47.732,伊春市,电力嘉园,NA,NA,12,17,8,14,99,NA,68,68,NA,7,NA,3,0.7,0.7
2026-07-23T1400,2255A,130.2749,46.8028,佳木斯市,佳纺,,41,41,64,25,14,114,NA,59,59,8,28,4,4,0.3,0.3
2026-07-23T1400,2257A,130.3258,46.7975,佳木斯市,环保局,细颗粒物(PM2.5),64,45,39,42,17,114,NA,62,62,12,38,4,5,0.3,0.5
2026-07-23T1400,2263A,127.4832,50.2524,黑河市,交通局,,27,18,20,8,10,85,NA,63,63,4,8,6,6,0.2,0.2
2026-07-23T1400,2264A,127.5146,50.2339,黑河市,环保局,,24,NA,19,16,11,74,NA,57,57,7,9,8,8,0.3,0.3
2026-07-23T1400,2266A,126.9783,46.6365,绥化市,人和东街,,43,38,30,19,16,137,NA,94,94,7,14,13,10,0.5,0.4
2026-07-23T1400,2267A,126.964,46.6527,绥化市,党政办公中心,,45,37,27,20,16,143,NA,101,101,10,15,12,9,0.6,0.5
2026-07-23T1400,2269A,124.1068,50.4091,大兴安岭地区,科技局,NA,NA,NA,22,NA,14,68,NA,56,56,2,3,6,8,0,0.4
2026-07-23T1400,2270A,117.396,32.9389,蚌埠市,工人疗养院,,19,17,15,11,7,59,NA,47,47,7,16,5,5,0.4,0.3
2026-07-23T1400,2271A,117.3606,32.9428,蚌埠市,百货大楼,,19,10,8,9,7,58,NA,44,44,6,17,8,8,0.7,0.7
2026-07-23T1400,2273A,117.4183,32.8909,蚌埠市,蚌埠学院,,18,14,8,9,6,56,NA,45,45,2,6,5,5,0.5,0.4
2026-07-23T1400,2274A,117.3534,32.9672,蚌埠市,淮上区政府,,19,5,11,2,5,60,NA,45,45,5,16,6,6,0.4,0.4
2026-07-23T1400,2275A,117.3143,32.8977,蚌埠市,高新区,,19,NA,9,8,5,59,NA,46,46,6,9,9,9,0.4,0.4
2026-07-23T1400,2277A,116.8304,32.7726,淮南市,潘集区政府,,18,8,10,4,6,55,NA,52,52,8,12,4,5,0.3,0.3
2026-07-23T1400,2279A,116.8569,32.5949,淮南市,谢家集区政府,,18,NA,8,3,7,56,NA,52,52,5,11,7,7,0.1,0.1
2026-07-23T1400,2280A,116.8279,32.6333,淮南市,八公山区政府,,18,3,12,1,6,56,NA,51,51,4,6,6,5,0.1,0.2
2026-07-23T1400,2282A,116.8005,33.9749,淮北市,监测站,,38,21,19,11,9,119,NA,79,79,5,9,6,7,0.6,0.6
2026-07-23T1400,2283A,116.8094,33.9008,淮北市,烈山区政府,,34,4,20,4,8,106,NA,73,73,4,10,4,5,0.4,0.5
2026-07-23T1400,2285A,117.8176,30.9412,铜陵市,市第四中学,,39,39,37,15,17,85,NA,63,63,5,20,8,10,0.4,0.7
2026-07-23T1400,2287A,117.7806,30.9413,铜陵市,市新民污水厂,,32,32,34,14,15,80,NA,53,53,7,21,10,8,0.4,0.8
2026-07-23T1400,2289A,117.846,30.9414,铜陵市,车站新区,,33,33,41,15,45,76,NA,60,60,8,15,13,13,0.6,0.6
2026-07-23T1400,2290A,117.8472,30.9699,铜陵市,市职教基地,,34,34,31,23,16,85,NA,68,68,5,16,7,11,0.4,0.6
2026-07-23T1400,2291A,117.0806,30.5181,安庆市,环科院,,33,33,21,14,12,89,NA,55,55,3,20,10,10,0.6,0.7
2026-07-23T1400,2292A,117.0331,30.5118,安庆市,马山宾馆,,30,30,19,15,12,89,NA,52,52,6,19,2,3,0.6,0.6
2026-07-23T1400,2294A,116.9897,30.6146,安庆市,安庆大学,,36,36,22,14,11,98,NA,63,63,6,15,5,4,0.4,0.4
2026-07-23T1400,2295A,118.2905,29.6965,黄山市,延安路89号,,27,27,28,12,15,71,NA,48,48,1,4,2,2,0.4,0.4
2026-07-23T1400,2297A,118.1369,30.2755,黄山市,黄山区政府5号楼,,30,30,27,14,14,73,NA,50,50,2,4,3,3,0.6,0.7
2026-07-23T1400,2301A,115.8276,32.8929,阜阳市,市监测站,,21,10,18,5,7,66,NA,54,54,6,9,6,6,0.5,0.5
2026-07-23T1400,2303A,115.8551,32.8606,阜阳市,开发区,,20,14,19,4,6,62,NA,51,51,6,11,4,4,0.2,0.3
2026-07-23T1400,2307A,116.5078,31.7369,六安市,监测大楼,,15,NA,6,3,5,45,NA,37,37,8,7,4,4,0.4,0.4
2026-07-23T1400,2308A,116.4738,31.7642,六安市,皖西学院,,19,NA,5,2,4,59,NA,41,41,3,5,6,6,0.6,0.6
2026-07-23T1400,2309A,116.4997,31.7904,六安市,朝阳厂,,14,NA,5,3,5,44,NA,33,33,7,9,1,2,0.2,0.3
2026-07-23T1400,2310A,116.5566,31.7885,六安市,开发区,,16,5,7,3,5,50,NA,37,37,2,6,5,6,0.3,0.3
2026-07-23T1400,2311A,115.8071,33.8399,亳州市,污水处理厂,,31,6,12,0,5,98,NA,68,68,5,10,2,3,0.3,0.3
2026-07-23T1400,2312A,115.7789,33.8519,亳州市,三国揽胜宫,,31,14,16,2,4,99,NA,69,69,1,8,4,4,0.3,0.3
2026-07-23T1400,2314A,117.4698,30.6617,池州市,池州学院,,33,33,30,17,16,52,NA,46,46,7,10,4,4,0.3,0.6
2026-07-23T1400,2316A,118.7578,30.9457,宣城市,鳌峰子站,,23,23,28,13,14,64,NA,50,50,2,6,7,7,0.2,0.2
2026-07-23T1400,2317A,118.7384,30.9745,宣城市,敬亭山子站,,23,23,27,16,16,58,NA,47,47,2,4,7,8,0.2,0.3
2026-07-23T1400,2318A,118.7172,30.9428,宣城市,开发区子站,,26,26,28,13,16,64,NA,50,50,2,5,8,9,0.2,0.2
2026-07-23T1400,2319A,119.0142,25.4324,莆田市,荔城区仓后路,颗粒物(PM10),56,58,56,37,32,153,NA,88,88,9,13,/,/,/,/
2026-07-23T1400,2320A,119.0016,25.4553,莆田市,莆田市监测站,颗粒物(PM10),57,59,50,28,28,156,NA,86,86,8,11,4,4,0.4,0.4
2026-07-23T1400,2321A,119.112,25.4561,莆田市,涵江区六中,细颗粒物(PM2.5),64,58,54,42,28,155,NA,102,102,7,16,/,/,0.4,0.7
2026-07-23T1400,2322A,119.1014,25.3215,莆田市,秀屿区政府,细颗粒物(PM2.5),54,54,50,37,26,124,NA,88,88,5,10,6,7,0.6,0.6
2026-07-23T1400,2324A,117.621,26.2626,三明市,三钢,,39,39,30,15,20,91,NA,70,70,4,13,7,10,0.5,0.9
2026-07-23T1400,2325A,117.6352,26.2714,三明市,三明二中,,44,44,33,18,19,91,NA,69,69,3,11,5,7,0.4,0.6
2026-07-23T1400,2326A,117.6028,26.2377,三明市,三元区政府,,33,33,32,18,18,91,NA,69,69,3,8,5,6,0.4,0.5
2026-07-23T1400,2332A,118.1682,26.6371,南平市,南平市监测站,,34,34,34,17,20,97,NA,68,68,4,11,4,5,0.3,0.7
2026-07-23T1400,2334A,118.1757,26.6276,南平市,南平七中,,39,39,34,18,18,96,NA,64,64,3,10,4,4,0.4,0.5
2026-07-23T1400,2336A,117.022,25.1031,龙岩市,龙岩市监测站,,37,37,34,13,20,66,NA,61,61,1,8,5,7,0.0,0.2
2026-07-23T1400,2337A,117.0257,25.0662,龙岩市,闽西职业技术学院,,21,17,35,13,18,65,NA,62,62,2,5,5,6,0.2,0.3
2026-07-23T1400,2338A,117.0195,25.0306,龙岩市,龙岩学院,,29,29,35,10,17,62,NA,62,62,1,5,3,3,/,/
2026-07-23T1400,2341A,119.5387,26.6611,宁德市,宁德市监测站,颗粒物(PM10),69,76,52,40,25,164,NA,94,94,10,16,7,7,1.5,1.5
2026-07-23T1400,2343A,117.2114,29.2931,景德镇市,老干部活动中心,,27,21,21,18,13,86,NA,53,53,7,9,6,5,0.7,0.7
2026-07-23T1400,2344A,117.1893,29.2789,景德镇市,兽医站,,44,44,30,14,12,83,NA,66,66,6,8,4,4,0.5,0.6
2026-07-23T1400,2346A,117.246,29.2958,景德镇市,陶研所,,25,25,23,14,12,80,NA,56,56,6,9,4,4,0.4,0.4
2026-07-23T1400,2348A,113.8384,27.6436,萍乡市,中医院,NA,NA,19,19,8,10,68,NA,46,46,2,6,6,7,NA,0.6
2026-07-23T1400,2350A,113.8677,27.6438,萍乡市,市环保局,,22,14,15,8,11,70,NA,50,50,1,5,6,14,0.2,0.3
2026-07-23T1400,2351A,113.8663,27.6202,萍乡市,安源区政府,,21,13,25,6,12,65,NA,45,45,1,10,4,9,0.4,0.6
2026-07-23T1400,2353A,114.9887,27.8433,新余市,飞宇,,28,28,34,9,11,74,NA,65,65,5,13,3,5,0.6,0.7
2026-07-23T1400,2354A,114.9234,27.8248,新余市,第二水厂,,26,26,32,7,9,81,NA,70,70,6,14,11,6,0.5,0.4
2026-07-23T1400,2355A,114.931,27.8037,新余市,市气象局,,28,28,30,13,11,71,NA,62,62,7,16,1,5,2.1,1.6
2026-07-23T1400,2358A,117.0561,28.2641,鹰潭市,新监测站,,30,30,36,15,17,85,NA,57,57,2,5,6,7,0.2,0.3
2026-07-23T1400,2359A,117.0312,28.2474,鹰潭市,财苑宾馆,,32,29,36,22,14,87,NA,61,61,1,7,5,4,/,/
2026-07-23T1400,2360A,117.0221,28.2263,鹰潭市,体育馆,,33,33,37,16,12,88,NA,58,58,3,8,4,9,0.4,0.4
2026-07-23T1400,2363A,114.9368,25.8663,赣州市,地委,,34,34,40,20,19,92,NA,82,82,3,6,3,3,0.2,0.4
2026-07-23T1400,2364A,114.946,25.8483,赣州市,气象台,,31,31,37,19,21,85,NA,77,77,4,8,5,5,0.4,0.5
2026-07-23T1400,2365A,114.932,25.8332,赣州市,市图书馆,,34,34,37,15,20,92,NA,80,80,3,7,4,4,0.6,0.8
2026-07-23T1400,2366A,114.8905,25.8472,赣州市,华坚鞋城,,42,42,45,23,20,85,NA,76,76,5,8,2,2,0.3,0.4
2026-07-23T1400,2367A,114.9753,27.0803,吉安市,红声器材厂,NA,NA,45,42,16,19,101,NA,87,87,NA,8,NA,8,0.3,0.2
2026-07-23T1400,2369A,114.9903,27.1313,吉安市,市环境监测站,,36,36,39,20,16,102,NA,86,86,3,5,9,8,/,/
2026-07-23T1400,2370A,115.009527,27.096792,吉安市,青原区法院,,33,33,40,10,15,99,NA,86,86,5,5,8,7,0.2,0.2
2026-07-23T1400,2373A,114.3954,27.7843,宜春市,市石油公司,,21,17,32,8,11,67,NA,43,43,3,7,6,6,0.1,0.2
2026-07-23T1400,2374A,114.37,27.7916,宜春市,市气象局,,24,24,26,4,8,73,NA,50,50,3,7,1,2,0.5,0.5
2026-07-23T1400,2375A,114.401,27.8059,宜春市,市广电局,,22,17,24,6,13,68,NA,49,49,3,8,1,2,0.4,0.5
2026-07-23T1400,2377A,116.3544,27.9833,抚州市,市站,,36,36,35,19,16,80,NA,61,61,2,4,2,4,0.8,0.8
2026-07-23T1400,2378A,116.3562,27.9631,抚州市,血防站,,35,35,33,16,16,82,NA,58,58,2,7,6,7,0.5,0.6
2026-07-23T1400,2379A,116.3561,28.0007,抚州市,采茶剧团,,39,39,37,14,14,89,NA,64,64,4,7,16,16,0.6,0.6
2026-07-23T1400,2380A,116.3854,27.9648,抚州市,医学分院,,38,38,35,10,11,89,NA,61,61,3,6,4,5,0.7,0.7
2026-07-23T1400,2382A,117.9758,28.4439,上饶市,市监测站,,39,39,37,16,15,99,NA,70,70,2,8,7,12,/,/
2026-07-23T1400,2383A,117.9521,28.4637,上饶市,凤凰光学,,33,32,33,23,17,104,NA,78,78,3,9,4,5,0.3,0.3
2026-07-23T1400,2385A,114.17,35.9019,鹤壁市,市监测站,,48,26,26,22,23,151,NA,125,125,2,5,2,4,0.7,0.7
2026-07-23T1400,2386A,114.2953,35.7512,鹤壁市,市交警支队,,43,19,24,8,17,136,NA,121,121,11,12,6,6,0.6,0.6
2026-07-23T1400,2387A,114.2877,35.7302,鹤壁市,迎宾馆,,46,24,20,13,14,147,NA,130,130,5,7,3,2,0.7,0.6
2026-07-23T1400,2389A,113.836,35.3104,新乡市,环保西院,,46,25,24,9,13,146,NA,134,134,2,5,8,7,0.7,0.7
2026-07-23T1400,2390A,113.8847,35.2724,新乡市,开发区,,44,11,25,8,10,140,NA,130,130,6,8,9,7,0.6,0.5
2026-07-23T1400,2391A,113.8836,35.3028,新乡市,环保东院,,47,20,33,11,11,148,NA,137,137,6,7,7,6,0.5,0.5
2026-07-23T1400,2392A,115.0312,35.7636,濮阳市,环保局,,45,23,24,6,10,144,NA,130,130,8,8,3,3,0.7,0.7
2026-07-23T1400,2398A,113.7904,33.9949,许昌市,开发区,,38,20,30,14,18,119,NA,68,68,4,12,3,3,0.5,0.5
2026-07-23T1400,2399A,114.051,33.5721,漯河市,三五一五工厂,,39,NA,25,18,18,124,NA,74,74,9,17,5,5,0.4,0.4
2026-07-23T1400,2400A,114.0055,33.5698,漯河市,漯河大学,NA,NA,NA,28,NA,18,130,NA,74,74,9,16,6,6,0.4,0.4
2026-07-23T1400,2401A,114.0134,33.5826,漯河市,市水利局,,41,17,22,15,16,129,NA,77,77,10,15,6,6,0.5,0.5
2026-07-23T1400,2402A,114.0261,33.5697,漯河市,市广电局,,43,22,23,22,16,135,NA,79,79,4,12,4,4,0.5,0.5
2026-07-23T1400,2404A,112.5338,33.0086,南阳市,瓦房庄,NA,NA,42,22,7,8,NA,NA,56,56,5,7,6,6,0.6,0.6
2026-07-23T1400,2405A,112.5002,32.9734,南阳市,汉画馆,,34,22,20,10,7,108,NA,73,73,4,7,6,6,0.5,0.5
2026-07-23T1400,2406A,112.5778,33.0144,南阳市,气象站,,36,13,14,10,8,115,NA,80,80,6,8,6,7,0.5,0.4
2026-07-23T1400,2407A,112.548,32.9687,南阳市,理工学院,,33,20,20,12,13,104,NA,72,72,5,11,7,8,0.4,0.4
2026-07-23T1400,2408A,115.6701,34.4283,商丘市,环境监测站,,36,NA,28,12,15,113,NA,68,68,2,9,5,5,0.4,0.5
2026-07-23T1400,2409A,115.6458,34.4047,商丘市,粮食局,,35,24,22,15,11,112,NA,69,69,2,9,3,4,0.2,0.3
2026-07-23T1400,2420A,114.0194,32.9648,驻马店市,市一纸厂,,39,7,17,6,9,123,NA,76,76,2,7,4,4,0.3,0.2
2026-07-23T1400,2421A,114.0112,33.0149,驻马店市,市彩印厂,,36,14,20,12,9,114,NA,77,77,1,4,4,5,0.4,0.4
2026-07-23T1400,2423A,115.0547,30.2332,黄石市,沈家营,,30,30,34,5,8,43,NA,29,29,2,10,3,5,0.4,0.5
2026-07-23T1400,2426A,114.899,30.211,黄石市,铁山,,21,17,22,3,6,66,NA,46,46,3,12,4,4,0.5,0.6
2026-07-23T1400,2427A,115.0259,30.2108,黄石市,团城山,,22,22,29,9,6,59,NA,41,41,2,9,4,4,0.7,0.9
2026-07-23T1400,2429A,110.78,32.6494,十堰市,滨河新村,,32,18,25,16,15,101,NA,94,94,4,8,/,/,0.6,0.7
2026-07-23T1400,2430A,110.7305,32.6408,十堰市,刘家沟,,35,10,27,2,17,111,NA,92,92,4,6,/,/,/,/
2026-07-23T1400,2431A,110.8843,32.5712,十堰市,铁二处,,35,NA,29,9,21,110,NA,106,106,6,10,8,10,0.6,0.9
2026-07-23T1400,2432A,112.1555,32.0197,襄阳市,襄城运动路,,39,39,24,27,14,111,NA,63,63,6,6,8,8,0.5,0.4
2026-07-23T1400,2434A,112.1829,32.1146,襄阳市,高新管委会,,43,34,23,30,15,112,NA,71,71,6,7,10,10,0.5,0.5
2026-07-23T1400,2435A,112.2105,32.0903,襄阳市,襄州航空路,,40,NA,22,28,14,114,NA,70,70,4,5,7,7,0.5,0.5
2026-07-23T1400,2436A,114.894,30.3989,鄂州市,市政府,,24,16,18,14,5,75,NA,52,52,15,14,2,3,0.4,0.4
2026-07-23T1400,2437A,114.8986,30.3714,鄂州市,赵家坝,,27,19,20,9,6,86,NA,54,54,8,13,6,5,0.6,0.6
2026-07-23T1400,2439A,112.2012,31.048,荆门市,竹园小学,,30,23,18,17,12,96,NA,67,67,6,7,4,4,0.8,0.8
2026-07-23T1400,2440A,112.1968,30.9892,荆门市,掇刀,,29,21,17,16,11,90,NA,61,61,5,6,7,5,0.7,0.6
2026-07-23T1400,2444A,113.9062,30.9378,孝感市,东城区,,33,33,21,7,3,93,NA,57,57,2,12,4,4,0.6,0.6
2026-07-23T1400,2446A,114.9021,30.474,黄冈市,职工中心,,25,14,11,12,6,77,NA,52,52,6,11,10,10,0.4,0.5
2026-07-23T1400,2451A,113.3587,31.7275,随州市,市委党校,NA,NA,NA,24,NA,7,NA,NA,51,51,NA,4,NA,3,NA,0.4
2026-07-23T1400,2452A,113.3745,31.6926,随州市,市林业局,,27,8,10,8,6,86,NA,66,66,2,4,2,2,0.6,0.6
2026-07-23T1400,2453A,113.3984,31.7309,随州市,市立交桥水厂,,26,11,17,1,8,82,NA,59,59,2,4,3,3,0.5,0.5
2026-07-23T1400,2454A,109.4978,30.2979,恩施土家族苗族自治州,湖北民院,,35,35,34,14,21,106,NA,71,71,1,6,5,5,0.5,0.5
2026-07-23T1400,2457A,112.6209,26.9268,衡阳市,衡阳化工总厂,,25,21,23,13,12,78,NA,61,61,3,6,5,6,0.5,0.5
2026-07-23T1400,2458A,112.621,26.8957,衡阳市,珠晖区环保局,,35,35,24,9,8,86,NA,67,67,2,5,8,8,0.5,0.6
2026-07-23T1400,2459A,112.628,26.8654,衡阳市,市委党校,,31,31,23,12,13,77,NA,61,61,1,4,5,5,0.2,0.3
2026-07-23T1400,2460A,112.6007,26.8977,衡阳市,市监测站,,27,21,25,10,12,84,NA,67,67,3,6,2,4,0.6,0.8
2026-07-23T1400,2461A,112.5658,26.9013,衡阳市,真空机电公司,,26,15,21,12,13,82,NA,63,63,4,8,8,11,1.0,0.9
2026-07-23T1400,2464A,111.5277,27.2442,邵阳市,市化工厂,,23,12,16,3,8,73,NA,48,48,2,6,10,9,0.3,0.4
2026-07-23T1400,2466A,111.4327,27.2276,邵阳市,市环保局,,27,27,19,10,14,74,NA,44,44,4,7,3,3,0.4,0.5
2026-07-23T1400,2468A,112.3458,28.581,益阳市,市环保局,NA,NA,9,18,NA,8,84,NA,58,58,2,8,7,6,0.7,0.7
2026-07-23T1400,2473A,113.0116,25.8228,郴州市,市职中,,26,26,23,14,14,67,NA,55,55,2,3,10,9,0.5,0.5
2026-07-23T1400,2475A,113.0381,25.8074,郴州市,市审计局,,27,27,21,12,14,66,NA,54,54,2,3,6,9,/,/
2026-07-23T1400,2476A,113.0348,25.7757,郴州市,市环保局,,22,18,34,13,13,70,NA,54,54,3,4,9,12,0.4,0.4
2026-07-23T1400,2478A,111.6126,26.4266,永州市,市环境监测站,,23,23,22,15,14,59,NA,57,57,5,6,4,4,0.6,0.6
2026-07-23T1400,2480A,111.6248,26.3803,永州市,永州市环保局,,24,24,27,15,15,60,NA,59,59,4,4,2,3,0.6,0.6
2026-07-23T1400,2481A,111.5989,26.4523,永州市,冷水滩区环保局,,23,23,26,8,15,64,NA,60,60,4,5,4,6,0.5,0.6
2026-07-23T1400,2483A,109.9297,27.5383,怀化市,河西地税局,,30,30,20,15,12,79,NA,61,61,2,5,5,5,/,/
2026-07-23T1400,2484A,109.9783,27.5342,怀化市,市四医院,,26,19,23,8,13,82,NA,62,62,5,7,5,4,0.3,0.4
2026-07-23T1400,2485A,109.9971,27.5579,怀化市,监测楼,,28,24,23,15,12,87,NA,70,70,5,7,6,6,0.3,0.3
2026-07-23T1400,2488A,111.9984,27.7346,娄底市,市监测站,,33,33,23,14,12,62,NA,40,40,2,11,4,4,0.2,0.5
2026-07-23T1400,2491A,111.9888,27.7035,娄底市,市政府,,32,32,18,3,64,66,NA,42,42,3,7,5,3,0.3,0.3
2026-07-23T1400,2493A,109.7298,28.3164,湘西土家族苗族自治州,州政府,,24,18,22,16,19,76,NA,49,49,2,4,4,4,0.5,0.5
2026-07-23T1400,2494A,109.6957,28.2676,湘西土家族苗族自治州,吉首市计生局,,24,17,19,14,17,76,NA,47,47,4,7,4,4,0.3,0.3
2026-07-23T1400,2496A,111.3126,23.4772,梧州市,市十一中,,38,38,25,17,8,93,NA,50,50,6,15,9,9,0.3,0.4
2026-07-23T1400,2498A,111.26,23.4794,梧州市,龙新,,43,43,25,13,7,79,NA,50,50,5,15,6,7,0.3,0.7
2026-07-23T1400,2499A,108.3411,21.6159,防城港市,沙万,,18,9,28,8,9,55,NA,44,44,5,21,3,4,0.6,0.6
2026-07-23T1400,2500A,108.3515,21.7733,防城港市,防城档案局,,16,16,28,8,12,38,NA,32,32,13,15,2,3,0.7,0.7
2026-07-23T1400,2501A,108.3506,21.6414,防城港市,大海花园,,20,12,20,12,11,61,NA,52,52,4,14,6,8,0.3,0.4
2026-07-23T1400,2502A,108.6238,21.9667,钦州市,市环保站,,14,NA,15,3,9,44,NA,44,44,11,11,5,5,0.7,0.7
2026-07-23T1400,2503A,108.655,21.9481,钦州市,沙埠小学,,15,8,24,2,6,47,NA,43,43,8,11,6,6,0.7,0.7
2026-07-23T1400,2504A,108.5989,21.7435,钦州市,港区一小,,15,15,27,9,7,47,NA,49,45,14,16,4,4,0.8,0.9
2026-07-23T1400,2506A,109.604387,23.066791,贵港市,江南子站,NA,NA,NA,NA,NA,NA,NA,NA,NA,NA,NA,NA,NA,NA,NA,NA
2026-07-23T1400,2508A,109.5669,23.1065,贵港市,荷城子站,,46,46,26,24,12,86,NA,46,46,8,13,9,8,0.8,0.7
2026-07-23T1400,2511A,110.1433,22.6162,玉林市,南江一中,,33,28,24,23,18,62,NA,48,48,6,9,1,3,0.3,0.5
2026-07-23T1400,2512A,106.6102,23.901,百色市,市监测站,NA,NA,39,36,26,20,112,NA,62,62,NA,11,9,10,0.3,0.4
2026-07-23T1400,2513A,106.6524,23.8842,百色市,市中心血站,,34,31,37,23,22,106,NA,56,56,6,13,8,12,0.4,0.5
2026-07-23T1400,2514A,111.5264,24.4178,贺州市,环保小区,,31,31,20,15,12,80,NA,46,46,6,9,9,9,0.3,0.3
2026-07-23T1400,2515A,111.561,24.4074,贺州市,政协大楼,,26,NA,14,18,13,79,NA,47,47,7,12,12,12,0.6,0.6
2026-07-23T1400,2517A,108.0496,24.6957,河池市,市环保站,,33,33,31,14,17,75,NA,50,50,3,5,7,8,0.7,0.7
2026-07-23T1400,2520A,109.2203,23.7252,来宾市,来宾技工学校,,25,25,28,11,14,68,NA,53,53,7,11,3,4,0.6,0.6
2026-07-23T1400,2521A,107.3473,22.4137,崇左市,市环保局江州分局,,32,30,31,6,13,101,NA,55,55,4,11,6,7,0.4,0.5
2026-07-23T1400,2524A,105.8211,32.4444,广元市,老城,,44,NA,42,16,26,139,NA,103,103,3,18,6,12,0.3,0.4
2026-07-23T1400,2526A,105.8629,32.429,广元市,监测站,,44,38,52,16,27,138,NA,114,114,6,12,1,7,0.4,0.5
2026-07-23T1400,2528A,105.5581,30.5231,遂宁市,市监测站,,47,36,48,17,19,150,NA,123,123,4,10,9,13,0.5,0.6
2026-07-23T1400,2530A,105.5917,30.4727,遂宁市,美宁食品公司,,48,36,51,16,22,152,NA,118,118,8,37,10,11,0.6,0.7
2026-07-23T1400,2531A,105.0703,29.61,内江市,市监测站,臭氧1小时(O3_1h),87,27,34,25,23,189,NA,123,123,10,18,12,11,0.6,0.6
2026-07-23T1400,2533A,105.0657,29.5807,内江市,内江二中,臭氧1小时(O3_1h),75,NA,32,22,23,180,NA,126,126,7,14,10,9,0.3,0.4
2026-07-23T1400,2534A,105.0407,29.5828,内江市,内江日报社,臭氧1小时(O3_1h),69,NA,34,22,26,175,NA,114,114,4,22,14,11,0.4,0.3
2026-07-23T1400,2536A,103.7629,29.5844,乐山市,牛耳桥,臭氧1小时(O3_1h),105,46,45,21,16,210,NA,114,114,15,22,14,8,0.8,0.8
2026-07-23T1400,2537A,103.7501,29.6002,乐山市,市第三水厂,臭氧1小时(O3_1h),101,42,47,20,24,202,NA,122,122,12,22,11,6,0.9,0.9
2026-07-23T1400,2538A,103.7571,29.5664,乐山市,市监测站,臭氧1小时(O3_1h),109,54,52,17,22,218,NA,141,141,12,16,11,7,NA,0.7
2026-07-23T1400,2540A,103.8414,30.0871,眉山市,气象局,NA,NA,46,38,17,18,198,NA,102,102,15,46,15,10,NA,0.7
2026-07-23T1400,2544A,106.6307,30.4577,广安市,市委,,45,45,39,12,25,135,NA,106,106,5,10,11,11,0.4,0.5
2026-07-23T1400,2545A,106.6266,30.4662,广安市,友谊中学,,44,39,37,10,23,138,NA,108,108,6,11,11,12,0.5,0.4
2026-07-23T1400,2547A,106.6386,30.4551,广安市,广电花园,,43,40,41,18,24,135,NA,104,104,6,15,9,10,0.5,0.7
2026-07-23T1400,2549A,107.5087,31.2186,达州市,市环境监测站,,42,34,44,16,17,132,NA,89,89,8,17,7,7,0.4,0.4
2026-07-23T1400,2550A,107.4988,31.2132,达州市,凤凰小区,,44,44,45,16,17,137,NA,96,96,6,16,6,6,0.3,0.3
2026-07-23T1400,2551A,107.5081,31.1987,达州市,达县机关宾馆,,44,44,47,15,21,134,NA,99,99,13,27,6,6,0.3,0.3
2026-07-23T1400,2552A,107.4644,31.2124,达州市,市政中心,,50,50,54,19,20,140,NA,101,101,9,21,6,7,0.3,0.3
2026-07-23T1400,2555A,103.011,29.9833,雅安市,市政府,,43,30,31,22,19,136,NA,86,86,8,10,11,8,0.4,0.4
2026-07-23T1400,2556A,102.9907,29.9778,雅安市,川农大,,43,34,30,20,19,136,NA,87,85,7,9,10,6,0.4,0.4
2026-07-23T1400,2562A,104.6357,30.1508,资阳市,资阳中学,,50,38,42,17,21,160,NA,126,126,6,10,8,8,0.4,0.4
2026-07-23T1400,2565A,104.6297,30.1259,资阳市,区法院,,49,NA,32,20,22,155,NA,121,121,5,14,11,10,0.4,0.4
2026-07-23T1400,2568A,102.2503,31.8896,阿坝藏族羌族自治州,马师校,,44,22,27,7,10,138,NA,67,67,2,4,4,4,0.2,0.2
2026-07-23T1400,2570A,101.96,30.048,甘孜藏族自治州,水桥子,,35,20,25,10,12,111,NA,58,58,2,20,2,3,0.1,0.1
2026-07-23T1400,2573A,102.2629,27.8981,凉山彝族自治州,西昌市政府,臭氧1小时(O3_1h),62,34,28,20,21,169,NA,100,100,7,9,22,14,1.1,0.7
2026-07-23T1400,2574A,102.2686,27.885,凉山彝族自治州,凉山州政府,臭氧1小时(O3_1h),53,37,35,21,23,162,NA,95,95,8,11,18,11,0.9,0.7
2026-07-23T1400,2577A,104.8293,26.592,六盘水市,黄土坡,,34,30,26,16,18,106,NA,88,88,7,8,4,4,0.5,0.5
2026-07-23T1400,2579A,104.8481,26.5898,六盘水市,民中,,34,26,28,22,20,106,NA,92,92,5,7,2,2,0.4,0.4
2026-07-23T1400,2580A,104.9541,26.5506,六盘水市,双水,,34,29,32,17,18,107,NA,90,90,5,7,5,5,0.1,0.2
2026-07-23T1400,2585A,109.1839,27.7344,铜仁市,铜仁卫校,,28,13,26,12,10,88,NA,61,61,2,5,2,2,0.3,0.4
2026-07-23T1400,2586A,109.1752,27.6945,铜仁市,铜仁七中,,26,NA,21,16,13,82,NA,56,56,3,4,6,6,0.2,0.2
2026-07-23T1400,2587A,105.287,27.3133,毕节市,八中,,47,35,43,18,21,150,NA,86,86,10,18,11,9,0.5,0.6
2026-07-23T1400,2588A,105.3079,27.2987,毕节市,师专,,43,33,41,20,22,137,NA,83,83,6,15,13,9,0.6,0.6
2026-07-23T1400,2589A,104.9022,25.0943,黔西南布依族苗族自治州,场坝街,,34,10,28,9,20,106,NA,73,73,3,13,4,18,0.3,0.3
2026-07-23T1400,2590A,104.8812,25.0994,黔西南布依族苗族自治州,坪东大道,NA,NA,12,25,8,18,103,NA,70,70,2,10,NA,9,0.3,0.4
2026-07-23T1400,2591A,107.9765,26.5724,黔东南苗族侗族自治州,市环境监测站,,30,20,22,20,18,93,NA,78,78,1,4,2,2,0.4,0.4
2026-07-23T1400,2593A,107.5223,26.2371,黔南布依族苗族自治州,小围寨,,30,NA,18,13,18,93,NA,71,71,3,5,6,5,0.5,0.5
2026-07-23T1400,2594A,99.1589,25.1137,保山市,市环境监测站,,25,13,14,3,6,80,NA,55,55,6,7,6,6,0.3,0.3
2026-07-23T1400,2595A,99.1616,25.1381,保山市,市环保局,,27,9,16,4,4,86,NA,56,56,4,4,6,5,0.2,0.2
2026-07-23T1400,2596A,103.7668,27.3736,昭通市,监测站,NA,NA,27,41,23,27,129,NA,108,108,8,11,7,8,NA,0.5
2026-07-23T1400,2599A,100.2497,26.8802,丽江市,丽江古城,,28,11,17,5,10,87,NA,57,57,6,10,4,3,0.6,0.6
2026-07-23T1400,2600A,100.2203,26.8906,丽江市,市中心,,26,13,18,6,10,81,NA,53,53,5,9,7,6,0.4,0.2
2026-07-23T1400,2601A,100.9801,22.7634,普洱市,市环保局,,24,24,29,10,14,64,NA,44,44,3,4,6,6,0.5,0.8
2026-07-23T1400,2602A,100.9763,22.8237,普洱市,普洱第二中学,,20,20,29,6,13,61,NA,41,41,4,6,9,9,0.6,0.7
2026-07-23T1400,2603A,100.0779,23.8981,临沧市,市环保局,NA,NA,NA,20,NA,10,54,NA,38,38,NA,10,8,7,0.5,0.5
2026-07-23T1400,2604A,100.0894,23.882,临沧市,市气象局,,20,14,21,6,11,61,NA,41,41,4,6,8,8,0.5,0.7
2026-07-23T1400,2606A,101.5379,25.0492,楚雄彝族自治州,市经济开发区,,25,6,17,4,10,77,NA,48,48,3,11,1,2,0.7,0.8
2026-07-23T1400,2610A,104.2533,23.3595,文山壮族苗族自治州,州水务局,,30,25,18,14,11,93,NA,70,70,2,6,10,10,0.3,0.3
2026-07-23T1400,2611A,104.2319,23.3892,文山壮族苗族自治州,市便民服务中心,,28,26,20,7,12,89,NA,72,72,7,10,4,4,0.3,0.4
2026-07-23T1400,2612A,100.8018,21.9995,西双版纳傣族自治州,景洪市江南,,23,20,20,16,12,64,NA,40,40,4,5,10,10,0.6,0.6
2026-07-23T1400,2613A,100.7995,22.0238,西双版纳傣族自治州,景洪市江北,,28,NA,34,19,9,68,NA,40,40,4,4,11,11,0.6,0.6
2026-07-23T1400,2614A,100.2168,25.5818,大理白族自治州,大理市环境监测站,,24,9,10,5,6,75,NA,61,61,8,9,5,5,0.3,0.3
2026-07-23T1400,2615A,100.1542,25.7055,大理白族自治州,大理古城,,28,11,11,3,6,88,NA,62,62,6,10,7,7,0.6,0.6
2026-07-23T1400,2616A,98.5611,24.4273,德宏傣族景颇族自治州,德宏州监测站,,26,NA,5,11,8,81,NA,51,51,4,5,8,10,0.4,0.5
2026-07-23T1400,2618A,98.859,25.8541,怒江傈僳族自治州,州监测站,,23,14,18,12,11,73,NA,39,39,3,6,6,5,0.5,0.5
2026-07-23T1400,2619A,98.8607,25.8168,怒江傈僳族自治州,泸水一中,,35,NA,19,24,12,63,NA,36,36,12,11,4,4,0.3,0.6
2026-07-23T1400,2621A,99.7054,27.8319,迪庆藏族自治州,迪庆州站,,30,11,21,4,11,96,NA,56,56,7,11,8,8,0.0,0.1
2026-07-23T1400,2622A,97.1813,31.1289,昌都市,昌都监测站,,32,8,14,2,3,101,NA,99,99,4,14,3,2,0.4,0.4
2026-07-23T1400,2624A,91.7592,29.234,山南市,山南监测站,,25,5,7,1,2,80,NA,70,64,2,5,6,6,0.2,0.2
2026-07-23T1400,2625A,91.7701,29.2436,山南市,山南人民医院,,25,6,9,1,2,80,NA,75,64,3,3,5,6,0.4,0.4
2026-07-23T1400,2626A,88.8873,29.2723,日喀则市,日喀则监测站,,21,9,6,8,2,67,NA,71,66,4,4,6,6,0.3,0.2
2026-07-23T1400,2628A,92.0653,31.4846,那曲市,那曲监测站,,28,17,16,2,8,89,NA,86,78,3,6,5,5,0.3,0.3
2026-07-23T1400,2630A,80.1171,32.4999,阿里地区,阿里监测站,,25,2,8,1,3,79,NA,68,68,1,3,6,5,0.3,0.2
2026-07-23T1400,2632A,94.3683,29.6373,林芝市,林芝监测站,,18,4,8,4,5,55,NA,43,43,4,5,4,4,0.4,0.3
2026-07-23T1400,2633A,94.3616,29.6634,林芝市,林芝人民医院,,16,8,11,3,6,50,NA,42,42,6,6,3,3,0.4,0.4
2026-07-23T1400,2635A,107.0155,33.0707,汉中市,市监测站,,45,16,28,9,12,144,NA,128,128,5,6,4,4,0.5,0.3
2026-07-23T1400,2636A,107.0083,33.114,汉中市,鑫源开发区,,48,24,25,2,13,151,NA,129,129,6,7,5,6,0.5,0.5
2026-07-23T1400,2637A,107.0072,33.0323,汉中市,南郑大河坎水厂,,45,10,25,6,14,143,NA,129,129,5,6,2,2,0.4,0.5
2026-07-23T1400,2639A,109.7445,38.2919,榆林市,世纪广场,臭氧1小时(O3_1h),54,20,25,5,9,163,NA,136,136,5,12,6,12,0.4,0.4
2026-07-23T1400,2640A,109.729,38.2837,榆林市,实验中学,,50,32,31,6,9,160,NA,139,139,6,11,6,12,0.3,0.4
2026-07-23T1400,2641A,109.7347,38.2491,榆林市,环保监测大楼,,46,19,25,8,10,147,NA,136,136,3,12,10,10,0.1,0.2
2026-07-23T1400,2644A,109.0088,32.6974,安康市,汉滨区检察院,,43,21,30,8,11,135,NA,100,100,5,7,2,2,0.3,0.3
2026-07-23T1400,2645A,109.9155,33.8714,商洛市,监测站,,47,18,28,12,17,150,NA,87,87,6,10,8,7,0.4,0.5
2026-07-23T1400,2647A,104.1727,36.5448,白银市,第三小学,,44,34,50,13,20,140,NA,102,102,7,29,13,17,0.5,0.7
2026-07-23T1400,2648A,104.1467,36.5482,白银市,动力公司,,46,14,48,10,18,145,NA,90,90,6,24,11,9,0.8,0.8
2026-07-23T1400,2650A,105.72058,34.57859,天水市,公园小学,颗粒物(PM10),55,56,41,19,22,144,NA,104,104,7,12,7,13,0.7,0.5
2026-07-23T1400,2651A,105.89428,34.55353,天水市,麦积国土局,,49,29,34,18,19,156,NA,122,122,4,9,7,10,0.4,0.4
2026-07-23T1400,2652A,102.6203,37.925,武威市,监测站,,48,25,36,12,15,153,NA,97,97,2,18,11,13,0.3,0.4
2026-07-23T1400,2654A,100.4699,38.9525,张掖市,润泉湖,,50,50,45,21,18,155,NA,75,NA,7,15,7,8,0.3,0.3
2026-07-23T1400,2655A,100.4155,38.9422,张掖市,区工会,臭氧1小时(O3_1h),78,34,37,19,18,182,NA,115,115,5,13,7,7,0.3,0.3
2026-07-23T1400,2656A,106.6633,35.5338,平凉市,聚贤嘉苑,,44,41,36,22,17,140,NA,82,82,14,20,13,9,1.1,0.8
2026-07-23T1400,2657A,106.7021,35.5307,平凉市,博物馆,,43,43,49,22,19,132,NA,89,89,12,16,11,9,1.0,0.9
2026-07-23T1400,2661A,107.6325,35.7357,庆阳市,庆阳五中,,44,31,28,14,10,140,NA,122,122,6,8,6,7,0.5,0.4
2026-07-23T1400,2662A,107.6361,35.7067,庆阳市,市环保局,,43,28,25,14,10,135,NA,122,122,6,8,8,9,0.7,0.6
2026-07-23T1400,2669A,102.9097,34.9841,甘南藏族自治州,州政府,,42,13,32,4,12,132,NA,73,73,1,14,7,6,0.2,0.3
2026-07-23T1400,2671A,100.9016,36.9464,海北藏族自治州,海晏县西海镇,,47,17,23,7,10,148,NA,105,105,1,3,8,8,0.3,0.4
2026-07-23T1400,2672A,102.02,35.5101,黄南藏族自治州,同仁县隆务镇,臭氧1小时(O3_1h),57,NA,19,9,12,165,NA,124,124,1,2,8,8,0.2,0.2
2026-07-23T1400,2673A,100.6158,36.2985,海南藏族自治州,共和县恰卜恰镇,NA,NA,12,24,NA,13,133,NA,105,105,1,4,5,6,0.4,0.4
2026-07-23T1400,2674A,100.2262,34.4854,果洛藏族自治州,玛沁县大武镇,,39,31,36,7,11,124,NA,74,74,1,4,7,10,0.4,0.4
2026-07-23T1400,2675A,97.0386,33.0138,玉树藏族自治州,玉树县结古镇,,41,NA,47,13,16,131,NA,100,100,2,8,5,3,0.2,0.2
2026-07-23T1400,2676A,97.373,37.376,海西蒙古族藏族自治州,德令哈市,,42,29,35,12,11,134,NA,114,114,1,2,11,11,0.3,0.4
2026-07-23T1400,2677A,106.1535,37.9648,吴忠市,教育园区,臭氧1小时(O3_1h),59,34,42,3,15,167,NA,108,108,5,14,8,6,0.4,0.4
2026-07-23T1400,2679A,106.1851,37.9957,吴忠市,新区二泵站,臭氧1小时(O3_1h),75,65,46,8,13,180,NA,118,118,4,9,7,8,0.4,0.4
2026-07-23T1400,2682A,105.1965,37.4996,中卫市,环保局站,臭氧1小时(O3_1h),63,NA,41,39,19,170,NA,110,110,8,16,6,7,0.3,0.2
2026-07-23T1400,2684A,106.2753,36.0057,固原市,监测站,,45,28,27,17,15,141,NA,128,128,4,12,7,6,0.3,0.3
2026-07-23T1400,2685A,106.2384,36.0189,固原市,新区,,45,27,27,8,16,144,NA,127,127,4,9,7,7,0.3,0.4
2026-07-23T1400,2686A,89.1905,42.9419,吐鲁番市,市环保局,颗粒物(PM10),163,276,210,86,59,122,NA,91,91,4,8,6,5,0.4,0.4
2026-07-23T1400,2687A,89.1674,42.9558,吐鲁番市,地区环保局,细颗粒物(PM2.5),189,309,194,142,69,119,NA,85,85,12,8,8,7,0.2,0.2
2026-07-23T1400,2688A,93.5124,42.8176,哈密市,地区监测站,颗粒物(PM10),63,67,65,22,21,109,NA,102,93,5,8,6,4,0.1,0.2
2026-07-23T1400,2689A,93.5014,42.8312,哈密市,哈密师范学校,颗粒物(PM10),65,71,68,20,21,98,NA,98,76,6,9,1,2,0.2,0.2
2026-07-23T1400,2692A,87.2722,44.0298,昌吉回族自治州,新区政务中心,,33,14,21,10,13,105,NA,91,91,6,10,7,10,0.2,0.2
2026-07-23T1400,2693A,82.0482,44.8553,博尔塔拉蒙古自治州,市党校,NA,NA,NA,24,NA,9,104,NA,70,70,4,8,3,3,0.1,0.3
2026-07-23T1400,2694A,82.0805,44.8966,博尔塔拉蒙古自治州,市环保局,,34,18,26,2,4,107,NA,65,65,5,11,2,3,0,0
2026-07-23T1400,2695A,80.2899,41.1684,阿克苏地区,电视台,,38,38,87,11,27,116,NA,111,109,5,5,4,5,0.6,0.6
2026-07-23T1400,2696A,80.2592,41.1541,阿克苏地区,艺术中心,,38,38,72,9,31,119,NA,109,105,13,15,4,4,0.2,0.2
2026-07-23T1400,2697A,76.1457,39.7143,克孜勒苏柯尔克孜自治州,市人民政府,,42,38,71,16,21,133,NA,117,116,2,3,1,7,0.1,0.1
2026-07-23T1400,2698A,76.0071,39.466,喀什地区,巡警大队,,47,47,94,7,18,135,NA,123,123,6,7,4,4,0.1,0.2
2026-07-23T1400,2699A,75.9756,39.4693,喀什地区,吾办,,46,46,62,12,23,129,NA,118,118,1,2,3,3,0.2,0.2
2026-07-23T1400,2704A,81.3002,43.9177,伊犁哈萨克自治州,新政府片区,,32,20,15,8,8,102,NA,68,68,5,11,3,3,0.6,0.8
2026-07-23T1400,2705A,81.3364,43.9409,伊犁哈萨克自治州,第二水厂,,34,13,16,7,8,108,NA,70,70,5,10,5,4,0.4,0.5
2026-07-23T1400,2706A,82.9993,46.7432,塔城地区,东门外小游园,NA,NA,14,29,2,6,94,NA,61,61,4,4,NA,6,NA,0.3
2026-07-23T1400,2708A,88.1266,47.8515,阿勒泰地区,市站,,34,15,28,2,7,107,NA,68,68,11,14,7,7,0.6,0.6
2026-07-23T1400,2709A,86.0391,44.298,石河子市,艾青诗歌馆,,41,25,21,6,5,131,NA,118,118,4,5,8,4,0.3,0.3
2026-07-23T1400,2711A,87.5352,44.1606,五家渠市,农水大厦,,33,22,54,2,13,104,NA,85,85,2,2,10,11,0.2,0.2
2026-07-23T1400,2809A,113.6668,24.7756,韶关市,大学路288号,,50,50,48,18,23,104,NA,66,66,7,12,14,18,/,/
2026-07-23T1400,2835A,101.7222,26.567,攀枝花市,四十中小,,44,38,28,20,21,140,NA,88,88,8,20,19,27,0.8,1.2
2026-07-23T1400,2842A,118.0937,24.5054,厦门市,湖里中学,NA,NA,NA,46,20,20,105,NA,86,86,NA,8,3,3,0.4,0.4
2026-07-23T1400,2845A,113.1561,36.1912,长治市,德盛苑,,46,34,24,22,16,145,NA,104,104,8,9,10,11,0.8,1
2026-07-23T1400,2846A,113.3209,23.1323,广州市,体育西,,43,42,39,21,20,137,NA,75,75,11,22,5,5,0.4,0.5
2026-07-23T1400,2858A,117.7917,39.2473,天津市,河西一经路,颗粒物(PM10),58,60,41,28,22,65,NA,40,35,17,17,9,10,1.1,0.7
2026-07-23T1400,2859A,117.3747,38.9845,天津市,津沽路,,33,20,27,9,16,105,NA,51,51,18,24,2,2,0.8,0.8
2026-07-23T1400,2860A,117.159,39.0844,天津市,宾水西道,细颗粒物(PM2.5),58,48,35,39,26,61,NA,55,55,28,16,4,3,1.1,0.6
2026-07-23T1400,2865A,112.7195,37.683,晋中市,榆次三中,臭氧1小时(O3_1h),64,34,24,16,17,171,NA,124,124,2,6,20,12,0.4,0.3
2026-07-23T1400,2867A,111.1225,37.5093,吕梁市,马茂庄小学,,43,38,45,11,10,136,NA,86,86,11,18,8,10,0.6,0.4
2026-07-23T1400,2868A,126.4737,43.953,吉林市,九站,,44,33,40,17,25,140,NA,124,124,8,17,5,5,0.7,0.7
2026-07-23T1400,2869A,119.4472,32.4156,扬州市,五台山医院,,26,16,22,6,9,83,NA,67,67,2,15,9,10,0.5,0.6
2026-07-23T1400,2870A,119.4369,32.1891,镇江市,市疾控中心,,29,29,22,13,11,81,NA,56,56,2,13,5,5,0.5,0.5
2026-07-23T1400,2871A,121.6156,29.9015,宁波市,万里国际学校,,43,43,36,23,20,114,NA,95,95,5,9,6,7,0.4,0.4
2026-07-23T1400,2872A,120.7845,30.7524,嘉兴市,南湖区残联,臭氧1小时(O3_1h),82,63,34,35,20,185,NA,123,123,4,9,5,5,0.8,0.8
2026-07-23T1400,2873A,120.083,30.8929,湖州市,仁皇山新区,,43,34,25,30,16,111,NA,81,81,4,21,5,5,0.5,0.5
2026-07-23T1400,2875A,115.783962,32.889217,阜阳市,阜阳职业技术学院,,23,8,18,5,8,71,NA,61,61,3,7,4,4,0.4,0.5
2026-07-23T1400,2877A,119.1638,36.6524,潍坊市,坊子邮政,臭氧1小时(O3_1h),57,44,31,10,14,165,NA,107,107,9,15,8,8,0.6,0.5
2026-07-23T1400,2880A,104.0219,30.6561,成都市,大石西路,臭氧1小时(O3_1h),73,36,53,31,32,178,NA,119,119,15,22,8,8,0.9,0.9
2026-07-23T1400,2881A,107.8909,26.531,黔东南苗族侗族自治州,凯里学院,,31,NA,18,16,18,97,NA,82,82,2,3,2,2,0.4,0.5
2026-07-23T1400,2882A,102.5388,24.3703,玉溪市,玉溪一中,NA,NA,NA,20,NA,8,97,NA,70,70,6,12,3,3,NA,0.3
2026-07-23T1400,2883A,102.5382,24.339,玉溪市,文体中心,,35,35,19,16,10,93,NA,68,68,6,12,4,4,0.3,0.4
2026-07-23T1400,2884A,98.2672,39.7978,嘉峪关市,酒钢宾馆,颗粒物(PM10),62,66,42,12,13,134,NA,98,98,6,13,6,7,0.5,0.5
2026-07-23T1400,2885A,104.9344,33.3827,陇南市,滨江中学,,46,36,37,18,21,146,NA,116,116,4,6,9,9,0.3,0.4
2026-07-23T1400,2894A,117.0561,32.6536,淮南市,经济技术开发区消防队,,20,NA,10,7,11,61,NA,54,54,5,10,8,8,0.5,0.5
2026-07-23T1400,2897A,123.2429,41.7341,沈阳市,沈辽西路,,49,34,43,13,26,154,NA,106,106,5,13,5,6,0.7,0.9
2026-07-23T1400,2900A,123.5951,41.9085,沈阳市,裕农路,,49,29,32,12,22,156,NA,108,108,4,12,4,5,0.9,0.9
2026-07-23T1400,2902A,106.6347,30.4868,广安市,北辰小学,颗粒物(PM10),52,52,44,18,24,148,NA,116,116,6,11,9,8,0.4,0.4
2026-07-23T1400,2907A,120.1846,30.8592,湖州市,吴兴区站,NA,NA,25,25,15,17,112,NA,80,80,4,20,NA,6,0.5,0.6
2026-07-23T1400,2919A,116.7022,39.5454,廊坊市,河北工业大学,,40,40,21,26,22,79,NA,48,48,8,11,5,2,1.3,0.5
2026-07-23T1400,2920A,117.71,24.5048,漳州市,蓝田镇,,38,35,49,16,23,119,NA,66,66,5,11,6,6,0.3,0.3
2026-07-23T1400,2921A,120.5482,30.0003,绍兴市,树下王站,,31,31,30,20,20,99,NA,83,83,4,10,4,3,0.4,0.4
2026-07-23T1400,2922A,117.194,39.1069,天津市,大理道,,45,44,37,31,25,52,NA,48,48,28,20,2,2,1.3,0.7
2026-07-23T1400,2924A,106.2266,38.4417,银川市,水乡路,臭氧1小时(O3_1h),107,56,55,18,14,214,NA,127,127,12,17,9,7,0.5,0.4
2026-07-23T1400,2925A,106.2758,38.4841,银川市,上海东路,臭氧1小时(O3_1h),104,42,36,20,18,207,NA,129,129,12,17,6,4,0.5,0.5
2026-07-23T1400,2926A,106.1016,38.4971,银川市,文昌北街,臭氧1小时(O3_1h),89,44,53,16,19,191,NA,112,112,11,37,9,8,0.6,0.5
2026-07-23T1400,2929A,114.8858,30.4519,黄冈市,红卫路,,25,16,11,10,7,78,NA,50,50,2,5,6,7,0.3,0.4
2026-07-23T1400,2996A,118.2781,33.9658,宿迁市,市供电局,,27,7,14,3,12,85,NA,68,68,4,12,4,4,0.7,0.7
2026-07-23T1400,2997A,119.8767,32.3291,泰州市,王营,,29,23,20,11,11,91,NA,73,73,2,20,9,10,0.4,0.7
2026-07-23T1400,3000A,119.3577,34.6971,连云港市,德源药业,,22,14,17,9,8,68,NA,52,52,11,21,4,4,0.5,0.5
2026-07-23T1400,3002A,119.9701,31.813,常州市,行政中心,,33,33,27,7,13,89,NA,70,70,4,13,9,7,0.3,0.4
2026-07-23T1400,3003A,120.0434,31.7726,常州市,经开区,,29,25,25,6,12,91,NA,71,71,4,17,3,4,0.7,1.3
2026-07-23T1400,3004A,120.1543,33.3664,盐城市,宝龙广场,,26,19,15,6,7,82,NA,55,55,6,7,8,8,1.0,0.9
2026-07-23T1400,3005A,117.1812,34.29,徐州市,鼓楼区政府,,38,17,18,8,16,119,NA,80,80,7,11,8,7,0.4,0.5
2026-07-23T1400,3006A,117.1693,34.1781,徐州市,铜山区招生办,,33,9,20,8,13,105,NA,73,73,1,7,6,6,0.2,0.2
2026-07-23T1400,3007A,119.178,34.8442,连云港市,新城一中,,31,31,16,21,8,98,NA,76,73,4,9,7,6,0.5,0.4
2026-07-23T1400,3008A,119.3607,34.7519,连云港市,胡沟管理处,,26,22,12,12,5,81,NA,66,64,23,19,10,10,0.4,0.3
2026-07-23T1400,3009A,119.1478,34.5913,连云港市,矿山设计院,,25,19,13,17,9,70,NA,50,50,4,13,3,2,0.6,0.6
2026-07-23T1400,3010A,119.8919,31.7892,常州市,钟楼,,31,31,28,3,12,98,NA,72,72,4,14,8,8,0.4,0.5
2026-07-23T1400,3012A,112.1849,31.0361,荆门市,西山林语,,40,40,16,20,11,90,NA,63,63,4,5,6,6,0.8,0.8
2026-07-23T1400,3014A,106.4958,29.5347,重庆市,歇台子,臭氧1小时(O3_1h),55,26,34,17,15,164,NA,119,119,8,12,9,8,0.5,0.6
2026-07-23T1400,3015A,106.4067,29.5729,重庆市,龙井湾,臭氧1小时(O3_1h),105,64,36,25,16,209,NA,142,142,11,12,9,9,0.6,0.6
2026-07-23T1400,3016A,106.5506,29.415,重庆市,龙洲湾,,49,NA,32,20,16,154,NA,102,102,9,13,7,7,0.5,0.5
2026-07-23T1400,3018A,111.5048,36.1015,临汾市,唐尧大酒店,NA,NA,62,57,25,12,172,NA,111,111,6,15,8,7,NA,0.7
2026-07-23T1400,3020A,117.2096,39.1698,天津市,中山北路,颗粒物(PM10),60,64,47,24,26,42,NA,23,22,23,21,3,2,1.7,1.1
2026-07-23T1400,3021A,115,35.7667,濮阳市,濮水河管理处,,41,12,15,11,10,129,NA,104,104,6,7,2,2,0.7,0.6
2026-07-23T1400,3025A,113.0479,23.6343,清远市,技师学院,,45,37,39,23,20,144,NA,78,78,10,22,4,6,0.5,0.5
2026-07-23T1400,3026A,116.6179,23.6608,潮州市,市政府,,39,39,53,15,26,86,NA,61,61,4,12,7,6,0.6,0.8
2026-07-23T1400,3028A,104.7765,29.3623,自贡市,檀木林体育馆,臭氧1小时(O3_1h),89,31,36,17,22,191,NA,131,131,8,12,9,8,0.4,0.5
2026-07-23T1400,3033A,87.4652,43.4569,乌鲁木齐市,培训基地,,34,7,25,3,9,106,NA,98,98,3,4,6,6,0,0
2026-07-23T1400,3034A,113.1076,41.0385,乌兰察布市,光明街小学,臭氧1小时(O3_1h),64,19,29,13,14,171,NA,143,143,6,8,2,5,0.5,0.3
2026-07-23T1400,3036A,118.6903,37.4337,东营市,开发区管委会,臭氧1小时(O3_1h),64,32,34,6,13,171,NA,110,110,9,11,4,6,0.5,0.6
2026-07-23T1400,3038A,103.3757,23.3679,红河哈尼族彝族自治州,州图书馆,,22,17,28,9,19,70,NA,60,60,3,4,3,18,0.3,0.4
2026-07-23T1400,3039A,111.1911,34.7829,三门峡市,三门峡市第一小学,,49,49,48,30,28,132,NA,104,104,7,10,7,9,0.7,0.7
2026-07-23T1400,3045A,109.9647,33.8486,商洛市,商州区中学,,44,NA,29,12,19,140,NA,88,88,6,18,6,8,0.4,0.5
2026-07-23T1400,3046A,115.9084,28.6062,南昌市,机电学校,,36,36,27,16,15,107,NA,66,66,5,15,7,7,0.6,0.7
2026-07-23T1400,3048A,119.5799,26.0937,福州市,九龙,细颗粒物(PM2.5),62,51,50,41,26,141,NA,84,84,7,14,7,7,0.4,0.4
2026-07-23T1400,3051A,117.385,39.1483,天津市,西四道,,41,41,38,24,22,72,NA,34,34,27,27,1,2,1.5,1.2
2026-07-23T1400,3054A,113.9194,35.2847,新乡市,市委党校,,45,9,20,2,10,144,NA,131,131,4,7,5,4,0.5,0.5
2026-07-23T1400,3055A,101.7775,36.643,西宁市,城北区政府,臭氧1小时(O3_1h),58,29,29,13,18,166,NA,98,98,12,17,11,17,0.2,0.4
2026-07-23T1400,3057A,121.5989,37.4016,烟台市,牟平检察院,,32,NA,9,5,12,101,NA,87,87,3,7,5,6,0.3,0.3
2026-07-23T1400,3058A,119.2656,42.0356,赤峰市,银河街,,37,NA,24,20,15,116,NA,92,92,8,12,9,13,0.8,0.7
2026-07-23T1400,3059A,117.7181,36.205,济南市,泰兴公司,,39,34,40,6,18,122,NA,105,105,6,16,8,9,0.2,0.4
2026-07-23T1400,3061A,119.7511,49.1576,呼伦贝尔市,国华电力东,,30,NA,18,9,12,96,NA,65,65,4,8,5,4,0.3,0.3
2026-07-23T1400,3064A,117.6861,36.2172,济南市,莱芜战役纪念馆,,40,27,37,8,17,125,NA,108,108,5,14,4,5,0.2,0.4
2026-07-23T1400,3065A,101.9534,29.9976,甘孜藏族自治州,州环保局,,34,34,23,12,10,105,NA,62,62,10,17,3,3,0.4,0.4
2026-07-23T1400,3066A,116.2722,37.438,德州市,九衢泉纯净水厂,,43,5,17,1,7,137,NA,116,116,6,10,9,9,0.3,0.3
2026-07-23T1400,3109A,115.0094,25.8614,赣州市,赣县区卫计委,,32,32,39,19,17,74,NA,70,70,4,11,2,2,0.6,0.6
2026-07-23T1400,3123A,105.9408,26.2431,安顺市,凤凰山,,33,14,29,13,16,104,NA,97,97,3,5,5,5,0.5,0.6
2026-07-23T1400,3124A,105.9443,26.2567,安顺市,金钟山,,35,13,20,13,20,110,NA,103,103,3,4,7,7,0.5,0.5
2026-07-23T1400,3125A,105.8983,26.248,安顺市,娄家坡,,33,19,21,15,17,105,NA,99,99,3,3,6,6,0.3,0.4
2026-07-23T1400,3131A,114.878,40.7992,张家口市,烟厂,,40,20,28,8,19,126,NA,98,98,6,7,/,/,/,/
2026-07-23T1400,3132A,119.5979,39.938,秦皇岛市,文明里,,45,45,36,19,11,103,NA,80,80,2,20,7,7,0.3,0.3
2026-07-23T1400,3133A,106.5469,29.5655,重庆市,上清寺,,47,30,36,16,16,149,NA,119,119,13,22,10,10,0.3,0.3
2026-07-23T1400,3134A,113.8172,34.0339,许昌市,市一中,,39,23,27,15,16,122,NA,72,72,6,11,1,2,0.5,0.5
2026-07-23T1400,3136A,104.2724,30.559,成都市,龙泉驿区区政府,臭氧1小时(O3_1h),132,68,36,42,26,263,NA,160,160,17,11,10,6,0.9,0.8
2026-07-23T1400,3138A,111.7152,29.0288,常德市,武陵区永安,,24,19,15,11,8,75,NA,59,59,1,6,6,7,0.4,0.4
2026-07-23T1400,3139A,111.6891,28.9881,常德市,鼎城区玉霞,,25,19,15,11,7,77,NA,58,58,2,4,8,8,0.7,0.7
2026-07-23T1400,3140A,111.6651,29.0526,常德市,武陵区长庚,,25,23,14,17,7,77,NA,58,58,1,3,7,7,0.6,0.7
2026-07-23T1400,3141A,114.3921,36.0879,安阳市,信访局,,49,23,24,23,16,156,NA,143,143,2,4,3,3,0.5,0.4
2026-07-23T1400,3147A,114.3434,34.8101,开封市,龙亭公园,,44,44,27,18,13,118,NA,113,104,4,6,5,4,0.6,0.5
2026-07-23T1400,3148A,103.829,30.0563,眉山市,区人社局,臭氧1小时(O3_1h),79,44,49,14,14,183,NA,100,100,20,35,14,11,0.6,0.6
2026-07-23T1400,3149A,115.0174,30.1591,黄石市,笔架山北路,,38,38,42,9,7,54,NA,40,40,2,9,5,5,0.4,0.6
2026-07-23T1400,3151A,114.375,27.8096,宜春市,宜春学院北校区,,23,16,27,10,11,72,NA,49,49,1,6,4,3,0.4,0.5
2026-07-23T1400,3153A,114.3876,30.4908,武汉市,民族大道182号,,24,NA,10,15,10,74,NA,55,55,3,9,3,3,0.7,0.9
2026-07-23T1400,3164A,119.4682,32.394,扬州市,广陵建设局,,41,41,31,9,12,89,NA,65,65,6,26,5,5,0.4,0.6
2026-07-23T1400,3171A,115.6069,34.4465,商丘市,梁园区档案局,,37,NA,24,16,12,118,NA,74,74,4,10,1,2,0.3,0.4
2026-07-23T1400,3173A,117.0598,30.5351,安庆市,市人大,,32,32,21,17,13,93,NA,57,57,2,13,5,7,0.5,0.6
2026-07-23T1400,3178A,119.0587,36.7209,潍坊市,潍坊七中,臭氧1小时(O3_1h),70,34,30,6,11,176,NA,113,113,4,10,2,2,0.6,0.5
2026-07-23T1400,3179A,102.7491,25.012,昆明市,官渡区博物馆,,39,34,31,20,18,124,NA,64,64,8,30,4,4,0.5,0.6
2026-07-23T1400,3180A,99.7122,27.8129,迪庆藏族自治州,质量技术监督局,,32,13,18,3,8,101,NA,64,64,7,13,8,8,0.3,0.4
2026-07-23T1400,3181A,106.776805,31.852614,巴中市,市五中,,39,36,44,17,25,122,NA,90,90,5,12,9,9,0.4,0.6
2026-07-23T1400,3183A,106.7419,31.8654,巴中市,圣泉水务公司,,41,38,44,12,26,129,NA,102,102,4,14,10,10,0.5,0.7
2026-07-23T1400,3187A,116.9508,33.666,宿州市,远航博物馆,,24,NA,16,4,8,75,NA,58,58,2,10,6,7,0.2,0.3
2026-07-23T1400,3188A,115.6684,37.7216,衡水市,市城管局,,43,29,29,10,15,137,NA,109,109,3,3,1,3,0.3,0.3
2026-07-23T1400,3190A,116.0254,29.6995,九江市,外国语学校,,29,21,21,20,12,91,NA,67,67,4,7,7,8,0.4,0.4
2026-07-23T1400,3191A,118.3243,33.95,宿迁市,宿豫区政府,,24,8,16,4,11,76,NA,58,58,7,14,4,4,0.4,0.4
2026-07-23T1400,3192A,80.0906,32.5029,阿里地区,阿里藏医院,,27,3,10,2,3,86,NA,74,74,1,1,6,6,0.2,0.2
2026-07-23T1400,3194A,112.2749,30.3124,荆州市,管委会,,29,NA,10,20,12,88,NA,56,56,3,6,4,5,0.4,0.4
2026-07-23T1400,3195A,119.3649,32.3961,扬州市,市体育局,,23,22,27,9,11,72,NA,66,66,2,10,4,5,0.2,0.3
2026-07-23T1400,3200A,115.9772,36.4986,聊城市,监控中心,,47,5,14,4,6,148,NA,132,132,1,4,7,8,0.3,0.4
2026-07-23T1400,3206A,114.9148,27.8069,新余市,新钢沁园村,,28,28,32,10,12,85,NA,75,75,4,12,7,8,0.8,0.8
2026-07-23T1400,3207A,118.31131,32.3033,滁州市,市政府原办公楼,,33,23,17,23,21,92,NA,58,58,3,13,7,6,0.4,0.4
2026-07-23T1400,3208A,112.7279,38.4157,忻州市,市政府,臭氧1小时(O3_1h),67,32,34,20,17,173,NA,106,106,10,18,8,7,0.8,0.7
2026-07-23T1400,3209A,119.5231,26.6562,宁德市,宁德一中,臭氧1小时(O3_1h),58,51,52,32,30,166,NA,93,93,5,11,11,12,1.2,1.1
2026-07-23T1400,3210A,114.3645,34.7955,开封市,汴京公园,,49,49,29,32,19,138,NA,126,119,10,12,7,4,0.3,0.3
2026-07-23T1400,3216A,117.662,24.5187,漳州市,漳州党校,,36,33,50,22,25,115,NA,71,71,3,8,/,/,/,/
2026-07-23T1400,3237A,117.4918,30.6617,池州市,展览馆,,39,39,29,14,14,75,NA,53,53,3,8,4,2,0.2,0.6
2026-07-23T1400,3241A,103.7439,36.0841,兰州市,百合公园,臭氧1小时(O3_1h),97,42,50,16,16,197,NA,102,102,17,37,12,16,0.3,0.4
2026-07-23T1400,3242A,103.9613,35.9985,兰州市,和平,臭氧1小时(O3_1h),99,24,30,19,15,199,NA,118,118,7,12,17,12,0.4,0.2
2026-07-23T1400,3247A,104.9551,33.3709,陇南市,市总工会,,46,40,36,22,19,147,NA,124,124,4,5,8,8,0.4,0.4
2026-07-23T1400,3248A,98.2644,39.7723,嘉峪关市,雄关区,,45,38,40,16,14,143,NA,88,88,6,20,5,5,0.4,0.2
2026-07-23T1400,3265A,121.4242,31.3303,上海市,宝山庙行,,50,46,35,32,23,157,NA,114,114,6,11,11,11,0.3,0.3
2026-07-23T1400,3266A,121.8789,31.4662,上海市,崇明上实东滩,臭氧1小时(O3_1h),69,49,30,32,21,175,NA,111,111,7,16,4,5,0.5,0.4
2026-07-23T1400,3268A,121.316,31.2839,上海市,嘉定南翔,,39,36,31,27,22,123,NA,102,102,6,23,4,4,0.3,0.3
2026-07-23T1400,3269A,121.3357,30.7455,上海市,金山新城,NA,NA,46,40,34,25,148,NA,102,102,NA,6,4,3,0.5,0.5
2026-07-23T1400,3270A,121.4996,31.0741,上海市,闵行浦江,,50,49,35,27,20,157,NA,99,99,8,12,6,6,0.7,0.6
2026-07-23T1400,3271A,121.2886,31.1663,上海市,青浦徐泾,,48,42,37,33,25,150,NA,103,103,1,7,6,6,0.5,0.5
2026-07-23T1400,3272A,121.2193,31.0382,上海市,松江图书馆,颗粒物(PM10),53,53,43,31,26,141,NA,103,103,9,14,6,6,0.7,0.7
2026-07-23T1400,3273A,121.3904,31.206,上海市,长宁仙霞,颗粒物(PM10),65,71,34,26,19,137,NA,95,95,13,14,8,7,0.3,0.3
2026-07-23T1400,3274A,121.7964,31.0507,上海市,浦东惠南,,50,45,32,31,19,159,NA,109,109,7,12,8,8,0.8,0.8
2026-07-23T1400,3282A,113.3399,40.0586,大同市,大同市卫生学校,NA,NA,NA,35,10,13,171,NA,135,135,5,15,6,7,0.4,0.6
2026-07-23T1400,3283A,109.9154,40.5684,包头市,滨河大厦,,48,15,24,6,14,151,NA,124,124,7,13,7,8,0.5,0.6
2026-07-23T1400,3284A,106.8129,39.7274,乌海市,海北新区,颗粒物(PM10),54,55,69,8,15,149,NA,106,106,14,17,19,18,0.4,0.5
2026-07-23T1400,3285A,113.1383,40.9513,乌兰察布市,北京八中,NA,NA,17,34,2,8,161,NA,134,134,NA,10,10,9,0.5,0.5
2026-07-23T1400,3286A,118.9359,42.3146,赤峰市,桥北物流园区,,36,NA,20,21,15,113,NA,82,82,7,13,16,23,1.1,0.8
2026-07-23T1400,3287A,119.3842,32.198,镇江市,富润路1号,,31,28,22,17,16,99,NA,68,68,2,14,9,9,0.3,0.4
2026-07-23T1400,3288A,117.4619,34.4368,徐州市,大泉街道,颗粒物(PM10),56,58,26,3,13,100,NA,73,73,4,9,7,7,0.3,0.4
2026-07-23T1400,3289A,120.7431,31.3188,苏州市,方洲路,细颗粒物(PM2.5),66,44,27,43,31,156,NA,100,100,10,14,7,7,0.6,0.6
2026-07-23T1400,3290A,120.4979,31.2777,苏州市,木渎中学,,30,27,24,16,16,96,NA,91,91,6,13,4,4,0.3,0.5
2026-07-23T1400,3291A,121.0631,32.0644,南通市,通州监测站,臭氧1小时(O3_1h),63,31,29,12,12,170,NA,106,106,6,13,8,8,0.7,0.7
2026-07-23T1400,3293A,120.1518,33.3369,盐城市,月亮广场,,32,17,13,12,9,101,NA,72,72,5,6,8,8,0.5,0.5
2026-07-23T1400,3294A,119.565282,32.422263,扬州市,引江管理处,,25,25,24,13,13,80,NA,67,67,2,14,1,2,0.6,0.7
2026-07-23T1400,3295A,120.1226,32.515,泰州市,姜堰区政府广场,,34,24,26,7,16,107,NA,95,95,5,16,8,9,0.5,0.7
2026-07-23T1400,3298A,113.5718,23.5493,广州市,从化街口,,47,47,43,32,25,124,NA,68,68,8,17,8,8,0.6,0.6
2026-07-23T1400,3299A,113.3463,23.369,广州市,白云竹料,颗粒物(PM10),52,52,44,24,22,136,NA,67,67,8,20,3,3,0.6,0.6
2026-07-23T1400,3300A,113.2981,23.2365,广州市,白云嘉禾,颗粒物(PM10),53,54,47,24,23,137,NA,71,71,9,22,8,8,/,/
2026-07-23T1400,3301A,113.4256,23.1716,广州市,黄埔科学城,NA,NA,41,44,22,19,112,NA,66,66,NA,18,7,6,0.3,0.4
2026-07-23T1400,3302A,113.3942,23.0485,广州市,番禺大学城,颗粒物(PM10),52,52,37,16,16,130,NA,76,76,9,16,6,6,0.5,0.6
2026-07-23T1400,3303A,113.4923,22.8169,广州市,南沙黄阁,,43,43,36,30,25,99,NA,66,66,4,12,6,6,/,/
2026-07-23T1400,3304A,113.534,22.7893,广州市,南沙街,,30,30,34,18,17,84,NA,66,66,3,11,9,9,0.6,0.6
2026-07-23T1400,3305A,114.0614,22.556,深圳市,莲花,,38,38,36,26,20,82,NA,55,55,6,8,/,/,/,/
2026-07-23T1400,3306A,114.0144,22.6163,深圳市,民治,颗粒物(PM10),56,58,42,22,18,115,NA,65,65,8,15,/,/,/,/
2026-07-23T1400,3307A,114.1756,22.6421,深圳市,横岗,,40,40,41,20,19,115,NA,71,71,14,20,/,/,/,/
2026-07-23T1400,3308A,113.3493,22.0572,珠海市,金湾,,28,28,22,16,18,70,NA,59,59,3,5,/,/,0.3,0.3
2026-07-23T1400,3311A,113.1077,22.5647,江门市,江海富民,,36,36,50,16,19,105,NA,67,67,9,14,/,/,0.3,0.4
2026-07-23T1400,3313A,112.4572,23.0163,肇庆市,高要湖西,,44,44,37,18,20,91,NA,60,60,4,9,6,7,0.4,0.5
2026-07-23T1400,3314A,114.4334,22.8134,惠州市,惠阳秋长,,29,29,37,14,15,92,NA,61,61,2,6,/,/,/,/
2026-07-23T1400,3315A,116.1234,24.2994,梅州市,梅龙,,29,29,35,15,20,63,NA,54,54,3,7,6,6,0.6,0.6
2026-07-23T1400,3317A,111.9785,21.8954,阳江市,两阳中学,,34,34,30,18,19,69,NA,59,59,2,4,/,/,0.2,0.3
2026-07-23T1400,3318A,112.9898,23.7403,清远市,清新太和,,49,49,40,26,22,138,NA,80,80,7,15,6,7,0.5,0.6
2026-07-23T1400,3319A,113.7283,23.041,东莞市,万江金泰,,38,38,34,18,16,120,NA,73,73,8,12,8,8,0.6,0.5
2026-07-23T1400,3320A,116.4028,23.5699,揭阳市,曲溪,,24,22,44,12,21,74,NA,61,61,1,6,10,10,0.4,0.5
2026-07-23T1400,3323A,115.2772,40.9723,张家口市,青少年活动中心,,43,8,19,1,11,137,NA,93,93,3,6,8,8,0.2,0.2
2026-07-23T1400,3324A,116.8011,38.294,沧州市,河北水利电力学院,,43,NA,8,20,13,137,NA,120,120,4,7,1,2,0.2,0.3
2026-07-23T1400,3325A,117.0362,39.3827,天津市,雍阳西道,细颗粒物(PM2.5),72,61,33,46,25,52,NA,42,34,15,14,5,4,1.5,0.8
2026-07-23T1400,3326A,117.0291,39.0612,天津市,辛老路,细颗粒物(PM2.5),54,45,36,37,25,64,NA,42,42,23,20,2,2,1.1,0.7
2026-07-23T1400,3327A,116.9638,38.9374,天津市,地纬路,细颗粒物(PM2.5),54,42,30,37,23,82,NA,64,64,21,18,4,3,0.9,0.6
2026-07-23T1400,3328A,118.4209,31.3704,芜湖市,市气象局,,32,32,29,18,19,81,NA,63,63,8,18,5,6,0.4,0.5
2026-07-23T1400,3329A,117.011,32.5891,淮南市,山南新区,,18,9,7,7,11,55,NA,47,47,4,9,12,12,0.2,0.2
2026-07-23T1400,3331A,118.3268,32.2633,滁州市,图书馆,,30,21,18,10,12,96,NA,59,59,2,11,8,7,0.4,0.4
2026-07-23T1400,3332A,115.7631,33.803,亳州市,亳州学院,,33,8,6,4,6,105,NA,73,73,2,9,1,2,0.3,0.4
2026-07-23T1400,3333A,117.5626,30.695,池州市,第八中学,,32,32,29,15,16,73,NA,55,55,2,9,4,4,0.3,0.4
2026-07-23T1400,3334A,117.5037,30.6242,池州市,第十二中学,,31,31,32,18,17,73,NA,53,53,2,10,4,5,0.6,1.1
2026-07-23T1400,3335A,113.3137,35.2643,焦作市,马村街道办,,45,27,32,15,20,142,NA,108,108,6,8,7,6,0.3,0.4
2026-07-23T1400,3336A,113.2464,35.2374,焦作市,焦作技师学院,,48,32,35,14,19,153,NA,114,114,5,7,10,7,0.5,0.6
2026-07-23T1400,3337A,113.8611,34.0443,许昌市,许昌学院,,36,17,22,7,18,115,NA,68,68,2,8,3,3,0.4,0.4
2026-07-23T1400,3338A,113.8428,34.0825,许昌市,芙蓉广场,,37,20,28,16,18,117,NA,73,73,2,6,3,3,0.4,0.4
2026-07-23T1400,3339A,114.0002,33.0404,驻马店市,小管楼,,39,16,19,9,13,122,NA,84,84,7,9,4,4,0.2,0.3
2026-07-23T1400,3340A,112.6005,34.6323,洛阳市,伊滨,,49,36,34,15,19,156,NA,125,125,8,13,6,7,0.5,0.4
2026-07-23T1400,3341A,112.495,34.6338,洛阳市,中移产业园,,43,30,32,20,20,136,NA,111,111,3,9,9,8,1.0,0.9
2026-07-23T1400,3342A,128.7948,47.7291,伊春市,中心小学,,35,NA,13,16,12,109,NA,80,80,5,6,9,8,0.6,0.6
2026-07-23T1400,3343A,128.6736,47.729,伊春市,检察院,NA,NA,8,19,4,6,NA,NA,61,NA,4,7,3,2,0.4,0.4
2026-07-23T1400,3345A,131.0413,45.7795,七台河市,中波台,,25,NA,18,17,13,69,NA,37,37,21,27,6,6,0.5,0.4
2026-07-23T1400,3346A,108.3871,31.1627,重庆市,安康,,38,22,37,11,22,121,NA,85,85,3,9,8,8,0.3,0.3
2026-07-23T1400,3347A,105.8983,29.36,重庆市,北山路,臭氧1小时(O3_1h),110,28,34,24,18,219,NA,154,154,6,12,10,10,0.6,0.6
2026-07-23T1400,3350A,106.648859,29.023807,重庆市,滩子口,NA,NA,21,31,16,14,138,NA,101,101,4,11,NA,11,0.3,0.3
2026-07-23T1400,3351A,105.7164,29.7077,重庆市,棠香,臭氧1小时(O3_1h),55,50,36,20,20,164,NA,110,110,7,14,10,10,0.4,0.5
2026-07-23T1400,3352A,107.0733,29.8618,重庆市,桃源西路,,46,23,31,12,20,146,NA,92,92,7,8,5,8,0.8,0.6
2026-07-23T1400,3353A,107.3536,29.7283,重庆市,迎宾大道,,44,12,32,10,18,139,NA,87,87,7,24,2,4,0.4,0.5
2026-07-23T1400,3354A,108.8152,29.5079,重庆市,舟白,,35,NA,25,18,16,111,NA,67,67,2,5,9,8,0.4,0.4
2026-07-23T1400,3355A,108.3679,30.8429,重庆市,周家坝,,44,NA,39,18,22,140,NA,90,90,6,16,7,9,0.4,0.5
2026-07-23T1400,3356A,108.4323,30.7554,重庆市,百安坝,臭氧1小时(O3_1h),53,27,37,14,21,162,NA,105,105,8,10,6,8,0.3,0.3
2026-07-23T1400,3357A,104.0028,30.6891,成都市,金博路,臭氧1小时(O3_1h),70,NA,41,30,30,176,NA,110,110,10,28,12,12,0.9,1
2026-07-23T1400,3359A,104.056,30.5228,成都市,华阳,臭氧1小时(O3_1h),104,58,51,31,31,208,NA,123,123,14,20,NA,4,0.7,0.8
2026-07-23T1400,3360A,104.7894,29.3197,自贡市,南湖救助站,臭氧1小时(O3_1h),102,45,48,23,18,204,NA,NA,NA,7,7,9,7,0.5,0.5
2026-07-23T1400,3361A,103.7313,29.563,乐山市,理工大学,臭氧1小时(O3_1h),107,42,48,15,23,214,NA,122,122,10,18,12,8,0.7,0.9
2026-07-23T1400,3363A,117.9883,36.8372,淄博市,新区,臭氧1小时(O3_1h),82,36,34,15,24,185,NA,126,126,9,13,6,7,0.6,0.6
2026-07-23T1400,3364A,117.316,34.8106,枣庄市,市环保局,NA,NA,17,21,6,11,113,NA,84,84,8,12,NA,7,0.5,0.4
2026-07-23T1400,3365A,118.5721,37.5654,东营市,垦利区民丰路,NA,NA,22,25,9,16,176,NA,118,118,NA,11,6,6,0.4,0.1
2026-07-23T1400,3366A,121.5202,37.4336,烟台市,中国农业大学,,32,9,12,7,10,102,NA,90,90,5,8,6,6,0.6,0.6
2026-07-23T1400,3368A,119.1978,36.6871,潍坊市,高新实验学校,臭氧1小时(O3_1h),77,58,35,16,13,181,NA,110,110,6,10,2,2,0.7,0.5
2026-07-23T1400,3370A,118.3563,35.0215,临沂市,十里堡居委,,31,17,21,10,20,98,NA,73,73,9,17,11,11,0.6,0.6
2026-07-23T1400,3371A,116.3693,37.44,德州市,开发区人民医院,,43,19,22,4,10,136,NA,118,118,5,9,7,7,0.5,0.4
2026-07-23T1400,3374A,115.5562,35.089,菏泽市,定陶老年大学,,41,22,26,12,10,131,NA,112,112,6,10,3,3,0.4,0.6
2026-07-23T1400,3375A,102.8016,24.8336,昆明市,青年创业园,,37,NA,17,17,12,118,NA,78,78,5,13,6,6,0.3,0.4
2026-07-23T1400,3376A,103.7926,25.4651,曲靖市,南苑二区,,41,NA,35,26,30,130,NA,83,83,6,15,4,4,0.7,0.8
2026-07-23T1400,3377A,103.7442,25.5259,曲靖市,曲靖师范学院,,36,13,31,9,22,114,NA,84,84,4,17,4,7,0.4,0.5
2026-07-23T1400,3379A,122.1122,40.2275,营口市,鲅鱼圈市民活动中心,,46,46,26,8,12,87,NA,72,72,9,8,7,7,0.4,0.8
2026-07-23T1400,3380A,102.8915,34.9618,甘南藏族自治州,甘肃民族师范学院,,41,20,42,13,12,129,NA,76,76,8,22,4,4,0.3,0.3
2026-07-23T1400,3396A,112.0764,32.0089,襄阳市,襄城隆中路,,43,NA,23,30,19,106,NA,64,64,5,6,6,6,0.2,0.4
2026-07-23T1400,3397A,112.1154,32.103,襄阳市,高新台子湾,,48,48,26,33,16,106,NA,65,65,6,7,4,4,0.6,0.5
2026-07-23T1400,3398A,114.9134,30.4446,黄冈市,市林业局,,28,17,12,8,5,89,NA,61,61,4,11,4,4,0.4,0.4
2026-07-23T1400,3399A,112.6703,26.8817,衡阳市,师范学院,,25,20,24,10,13,80,NA,63,63,1,3,10,10,0.5,0.5
2026-07-23T1400,3400A,109.1844,21.4396,北海市,龙潭自来水厂,,23,23,26,7,12,59,NA,50,50,3,4,2,3,0.5,0.6
2026-07-23T1400,3401A,108.4829,22.762,南宁市,红星社区,,23,17,21,9,12,71,NA,57,57,2,5,5,5,0.5,0.5
2026-07-23T1400,3402A,109.5422,24.3994,柳州市,市二中,,25,19,25,11,12,79,NA,48,48,5,11,6,6,0.3,0.4
2026-07-23T1400,3404A,108.5959,21.9634,钦州市,北职校,,17,10,24,2,13,52,NA,49,49,9,12,3,5,0.5,0.5
2026-07-23T1400,3405A,109.5886,23.1172,贵港市,新世纪学校,,42,41,25,29,14,86,NA,42,42,13,19,/,/,0.4,0.6
2026-07-23T1400,3407A,120.6915,30.7741,嘉兴市,秀洲住建,臭氧1小时(O3_1h),68,47,30,28,17,174,NA,106,106,7,13,4,3,0.5,0.5
2026-07-23T1400,3408A,120.5685,29.936,绍兴市,绍兴中专,,30,28,31,21,18,93,NA,82,82,2,7,5,4,0.7,0.8
2026-07-23T1400,3409A,120.4905,30.086,绍兴市,柯桥区政府,,32,29,30,22,20,100,NA,88,88,6,14,5,5,0.6,0.7
2026-07-23T1400,3410A,120.8751,30.0249,绍兴市,重华小学,,30,26,33,21,21,91,NA,85,85,6,11,11,10,0.9,0.9
2026-07-23T1400,3411A,120.837,30.0137,绍兴市,上虞中学,,29,28,35,20,20,89,NA,86,86,6,15,7,8,0.7,0.7
2026-07-23T1400,3416A,119.1758,36.7139,潍坊市,潍坊学院,NA,NA,58,32,14,13,180,NA,109,109,NA,15,6,6,0.8,0.6
2026-07-23T1400,3418A,116.8336,40.4095,北京市,密云新城,,34,18,24,13,15,108,NA,68,68,6,10,3,2,0.6,0.5
2026-07-23T1400,3419A,109.9449,40.6259,包头市,包头市委党校,臭氧1小时(O3_1h),57,12,22,11,15,165,NA,120,120,8,16,6,9,0.4,0.6
2026-07-23T1400,3421A,113.1776,40.9779,乌兰察布市,市委党校,臭氧1小时(O3_1h),70,28,32,12,14,176,NA,146,146,7,13,3,3,0.2,0.2
2026-07-23T1400,3422A,118.8443,31.919,南京市,江宁彩虹桥,,39,38,29,14,11,123,NA,78,78,5,21,4,4,0.5,0.5
2026-07-23T1400,3425A,120.642,31.1733,苏州市,越秀幼儿园,,42,42,29,20,21,117,NA,88,88,2,13,2,3,0.6,0.6
2026-07-23T1400,3426A,118.8757,33.2897,淮安市,新华书店,,24,13,14,9,9,74,NA,54,54,2,8,7,7,1.1,0.9
2026-07-23T1400,3427A,118.8497,32.3599,南京市,六合雄州,NA,NA,NA,21,NA,8,112,NA,66,66,NA,24,4,4,0.9,0.8
2026-07-23T1400,3429A,119.8595,31.706,常州市,武进经发区,,28,28,29,17,15,86,NA,71,71,1,14,5,6,0.7,0.8
2026-07-23T1400,3430A,119.5812,31.7256,常州市,金坛城区,,27,NA,24,18,16,86,NA,67,67,2,17,6,7,0.6,0.7
2026-07-23T1400,3431A,120.6502,31.4117,苏州市,高铁新城,,40,40,33,22,17,99,NA,83,83,14,27,5,5,0.7,0.7
2026-07-23T1400,3432A,120.9348,31.9874,南通市,环境教育馆,臭氧1小时(O3_1h),78,51,31,16,13,182,NA,110,110,9,23,7,6,0.6,0.6
2026-07-23T1400,3434A,119.2414,34.6539,连云港市,工贸学校,,30,23,12,21,8,72,NA,69,69,4,5,4,4,0.5,0.4
2026-07-23T1400,3435A,119.9186,32.4322,泰州市,周山河街区,,36,30,22,15,14,114,NA,90,90,2,11,10,10,0.3,0.5
2026-07-23T1400,3436A,120.4283,33.2048,盐城市,大丰高级中学,,26,12,23,8,15,82,NA,84,84,6,10,8,9,0.5,0.8
2026-07-23T1400,3437A,88.3088,43.3637,乌鲁木齐市,达坂城区环保局,,38,31,92,15,18,119,NA,110,110,3,6,3,4,0.1,0.2
2026-07-23T1400,3438A,87.6132,43.8791,乌鲁木齐市,红光山片区,,35,21,53,8,19,112,NA,90,90,9,11,11,12,0.4,0.4
2026-07-23T1400,3439A,87.7008,43.8003,乌鲁木齐市,新师大温泉校区,,45,45,60,23,28,116,NA,99,99,13,9,8,9,0.2,0.2
2026-07-23T1400,3440A,87.4892,43.84,乌鲁木齐市,大绿谷,,29,25,38,2,10,91,NA,79,78,13,13,2,3,0.7,0.6
2026-07-23T1400,3441A,87.5461,44.1909,五家渠市,经开区管委会,,35,29,58,1,16,109,NA,89,89,2,6,2,3,0.3,0.4
2026-07-23T1400,3442A,86.047,44.2331,石河子市,南区管委会,,40,23,24,1,3,128,NA,108,108,4,5,12,7,0.3,0.2
2026-07-23T1400,3443A,113.2905,23.5541,广州市,花都梯面,颗粒物(PM10),52,52,43,24,19,101,NA,55,55,11,17,4,4,/,/
2026-07-23T1400,3444A,116.4539,23.2684,汕头市,潮南峡山,颗粒物(PM10),53,54,47,29,23,98,NA,72,72,5,5,7,7,0.6,0.6
2026-07-23T1400,3445A,113.786,23.7479,广州市,从化良口,,35,35,34,19,20,100,NA,56,56,6,13,5,4,/,/
2026-07-23T1400,3446A,113.805,23.2614,广州市,增城荔城,细颗粒物(PM2.5),62,62,40,41,23,164,NA,80,80,10,16,9,9,0.6,0.6
2026-07-23T1400,3447A,114.344,22.7115,深圳市,坪山,,35,35,32,18,14,74,NA,55,55,4,9,4,4,0.7,0.7
2026-07-23T1400,3448A,113.5436,22.1163,珠海市,横琴,,35,35,38,16,20,70,NA,59,59,2,2,/,/,/,/
2026-07-23T1400,3449A,113.0496,22.4669,江门市,新会银湖,,38,38,33,17,19,107,NA,67,67,7,16,4,3,0.6,0.5
2026-07-23T1400,3450A,111.0101,21.5165,茂名市,电白水东,,39,39,34,17,18,64,NA,68,65,4,4,2,2,/,/
2026-07-23T1400,3451A,112.5617,23.2082,肇庆市,鼎湖凤凰,,39,39,28,24,15,102,NA,57,57,6,6,5,5,/,/
2026-07-23T1400,3452A,114.6521,22.7755,惠州市,大亚湾霞涌,,38,38,37,19,16,69,NA,56,56,3,4,/,/,/,/
2026-07-23T1400,3453A,112.0125,21.8749,阳江市,阳东陶然,,32,32,32,17,19,71,NA,58,58,1,3,6,6,0.5,0.6
2026-07-23T1400,3454A,113.3527,22.4781,中山市,中山南区,,39,27,24,27,17,77,NA,56,56,2,3,5,5,0.5,0.5
2026-07-23T1400,3455A,113.076,23.72,清远市,清城东城,,43,41,37,28,19,136,NA,76,76,10,15,/,/,/,/
2026-07-23T1400,3456A,114.2887,38.0905,石家庄市,鹿泉一中,,48,28,37,17,16,151,NA,120,120,2,5,1,2,0.4,0.4
2026-07-23T1400,3457A,118.4357,39.277,唐山市,冀东油田职工医院,,47,47,30,32,21,84,NA,60,60,15,21,3,3,0.6,0.6
2026-07-23T1400,3458A,114.7893,36.5592,邯郸市,香泉濮院小区,,48,4,10,4,10,153,NA,141,141,2,5,3,3,0.3,0.5
2026-07-23T1400,3459A,115.599,37.5491,衡水市,地表水厂,,43,12,22,6,11,136,NA,108,108,3,4,4,4,0.3,0.2
2026-07-23T1400,3460A,117.4065,40.0583,天津市,北环路,,31,31,26,20,17,90,NA,58,58,2,2,13,7,1.6,1
2026-07-23T1400,3461A,117.3041,39.7167,天津市,建设路,,35,34,32,24,22,66,NA,44,44,8,11,10,6,1.8,1.1
2026-07-23T1400,3462A,117.8201,39.3519,天津市,滨水东路,,40,37,33,28,23,91,NA,47,47,15,24,9,8,1.5,1.2
2026-07-23T1400,3463A,116.9708,33.5911,宿州市,社会福利中心,,22,11,16,2,12,70,NA,49,49,5,20,5,6,0.2,0.3
2026-07-23T1400,3464A,117.3802,31.9148,合肥市,高教基地,,21,12,14,1,7,66,NA,54,54,3,5,6,6,0.3,0.5
2026-07-23T1400,3465A,118.4783,31.3226,芜湖市,清苑社区,,33,33,33,15,19,71,NA,57,57,2,14,4,5,0.3,0.4
2026-07-23T1400,3466A,118.2746,31.2326,芜湖市,扬子职业技术学院,,34,34,31,9,17,75,NA,66,66,1,7,3,4,0.3,0.5
2026-07-23T1400,3468A,115.79,32.8614,阜阳市,市规划展馆,,29,29,18,4,8,67,NA,55,55,5,10,2,1,0.4,0.5
2026-07-23T1400,3469A,115.835101,32.918568,阜阳市,枣园社区,,20,NA,19,4,8,64,NA,52,52,6,10,4,4,0.4,0.4
2026-07-23T1400,3471A,113.6104,34.8688,郑州市,惠济区政府,,45,28,31,20,18,144,NA,123,119,6,9,2,3,0.6,0.6
2026-07-23T1400,3473A,114.2485,34.8306,开封市,技师学院,NA,NA,56,31,NA,13,139,NA,124,122,6,6,6,5,0.6,0.6
2026-07-23T1400,3474A,114.2616,35.6824,鹤壁市,大新区,,48,20,19,16,15,151,NA,135,135,2,4,4,3,0.8,0.6
2026-07-23T1400,3475A,113.9189,35.3042,新乡市,市政府,,44,21,22,11,13,139,NA,129,129,4,7,10,11,0.2,0.3
2026-07-23T1400,3477A,113.1656,35.2536,焦作市,中站许衡医院,,49,34,34,18,22,154,NA,118,118,9,10,12,7,0.6,0.7
2026-07-23T1400,3478A,113.9691,33.568,漯河市,市图书馆,,39,24,28,15,16,122,NA,69,69,8,15,6,8,0.6,0.6
2026-07-23T1400,3481A,125.127,46.6277,大庆市,萨区政府监测点,细颗粒物(PM2.5),62,NA,49,41,40,128,NA,97,97,9,5,5,6,0.3,0.5
2026-07-23T1400,3482A,107.754,29.3275,重庆市,芙蓉中路,,34,18,17,18,14,108,NA,63,63,4,12,9,9,0.6,0.5
2026-07-23T1400,3484A,106.2629,29.3202,重庆市,行政中心,臭氧1小时(O3_1h),93,46,44,26,19,194,NA,128,128,11,17,13,13,0.5,0.5
2026-07-23T1400,3486A,124.4029,43.1411,四平市,植物园,,37,27,41,10,27,116,NA,106,106,2,11,4,4,0.3,0.5
2026-07-23T1400,3488A,104.387954,30.746684,成都市,青白江技师分院,臭氧1小时(O3_1h),105,40,48,34,28,209,NA,107,107,14,24,9,7,0.8,0.7
2026-07-23T1400,3489A,104.0788,30.4054,成都市,科学城,臭氧1小时(O3_1h),123,61,47,39,27,246,NA,138,138,10,15,8,8,0.7,0.7
2026-07-23T1400,3491A,104.6899,31.5324,绵阳市,西科大附属小学,臭氧1小时(O3_1h),84,44,63,29,28,187,NA,127,127,8,19,8,8,0.5,0.5
2026-07-23T1400,3492A,104.5647,31.5343,绵阳市,安州区旅游局,臭氧1小时(O3_1h),107,46,49,29,25,214,NA,140,140,5,7,6,5,0.5,0.5
2026-07-23T1400,3494A,117.1673,36.9782,济南市,济阳区政府,,50,24,26,12,11,157,NA,140,140,8,13,6,6,0.3,0.3
2026-07-23T1400,3495A,117.1168,36.6299,济南市,锦屏中学,,47,20,23,6,8,150,NA,122,122,8,7,3,3,0.3,0.4
2026-07-23T1400,3496A,118.359,35.1067,临沂市,南坊新区,颗粒物(PM10),51,51,30,20,22,123,NA,91,91,7,11,13,8,0.4,0.4
2026-07-23T1400,3498A,118.5063,37.8606,东营市,河口城区,臭氧1小时(O3_1h),70,36,24,19,16,176,NA,122,122,9,9,13,11,0.5,0.5
2026-07-23T1400,3500A,116.5808,35.3703,济宁市,北湖一中,,40,40,31,16,13,127,NA,105,105,8,8,4,5,0.4,0.4
2026-07-23T1400,3501A,116.8251,35.5592,济宁市,服务中心,NA,NA,NA,35,NA,20,119,NA,99,99,4,10,1,2,NA,0.3
2026-07-23T1400,3502A,117.1812,36.2273,泰安市,国网新校,,50,39,23,18,16,158,NA,131,131,4,5,4,4,0.7,0.7
2026-07-23T1400,3503A,117.0315,36.2017,泰安市,交通技校,NA,NA,22,26,18,15,140,NA,131,131,NA,9,3,3,0.2,0.2
2026-07-23T1400,3504A,117.083,36.13,泰安市,山东第一医科大学,,45,19,30,12,19,142,NA,123,123,4,9,6,6,0.1,0.2
2026-07-23T1400,3505A,122.1379,37.3414,威海市,临港区管委会,,30,9,11,5,12,96,NA,80,80,6,6,6,6,0.3,0.3
2026-07-23T1400,3507A,119.5326,35.4627,日照市,职业技术学院,细颗粒物(PM2.5),60,56,16,40,15,120,NA,87,87,24,12,22,9,2.0,0.6
2026-07-23T1400,3511A,116.5687,37.3331,德州市,陵城艺术中心,,48,7,19,4,10,151,NA,126,126,6,8,9,9,0.4,0.4
2026-07-23T1400,3513A,116.0443,36.436,聊城市,九州社区,,47,13,22,2,4,148,NA,138,138,2,4,6,6,0.3,0.4
2026-07-23T1400,3514A,117.9379,37.3959,滨州市,中海酒店,臭氧1小时(O3_1h),59,7,21,0,14,167,NA,126,126,2,5,9,9,0.4,0.4
2026-07-23T1400,3515A,117.9381509,37.35547456,滨州市,开发区一中,,47,12,30,1,16,150,NA,114,114,2,5,10,9,0.2,0.3
2026-07-23T1400,3516A,118.0914,37.6938,滨州市,金海六路,臭氧1小时(O3_1h),55,17,28,3,20,164,NA,110,110,5,12,8,5,0.4,0.5
2026-07-23T1400,3520A,106.3495,38.9837,石嘴山市,妇女儿童医院,臭氧1小时(O3_1h),74,51,46,21,22,179,NA,120,120,10,19,17,18,1.0,1.1
2026-07-23T1400,3521A,106.7495,39.2068,石嘴山市,石大公路,颗粒物(PM10),65,71,52,12,18,155,NA,123,123,10,19,7,8,0.3,0.4
2026-07-23T1400,3523A,106.5105,38.3857,银川市,滨河新区,臭氧1小时(O3_1h),122,56,51,20,17,243,NA,156,156,15,16,18,16,0.8,0.5
2026-07-23T1400,3525A,108.6394,34.408,咸阳市,奥体中心,臭氧1小时(O3_1h),83,35,34,14,13,186,NA,132,132,7,10,6,4,0.2,0.2
2026-07-23T1400,3526A,119.5188,25.9666,福州市,吴航,颗粒物(PM10),53,53,46,29,24,142,NA,90,90,7,10,7,6,0.6,0.5
2026-07-23T1400,3527A,118.0961,24.5689,厦门市,集美中学,,45,44,47,20,21,142,NA,87,87,10,13,4,2,0.5,0.5
2026-07-23T1400,3528A,118.1502,24.7246,厦门市,同安二实小,,46,39,37,23,22,147,NA,94,94,8,13,2,2,0.7,0.7
2026-07-23T1400,3530A,117.6288,24.5309,漳州市,西洋坪路,,34,34,46,17,25,101,NA,64,64,3,8,6,6,0.3,0.5
2026-07-23T1400,3531A,110.296,25.1254,桂林市,旅游学院,,28,28,29,12,13,60,NA,40,40,2,3,5,5,0.3,0.3
2026-07-23T1400,3532A,110.1951,22.6832,玉林市,玉林师范学院东校区,,28,28,27,13,13,68,NA,55,55,3,8,4,4,0.4,0.4
2026-07-23T1400,3533A,110.0527,22.5894,玉林市,福绵环保局,,25,25,30,7,16,67,NA,47,47,5,14,2,4,0.3,0.5
2026-07-23T1400,3534A,111.4744,24.455,贺州市,西湾,,24,NA,27,13,12,74,NA,44,44,6,11,11,11,0.3,0.4
2026-07-23T1400,3535A,109.1781,23.7293,来宾市,兴宾区政府,,26,26,28,9,14,75,NA,53,53,2,7,6,9,0.7,0.7
2026-07-23T1400,3538A,107.5175,26.2977,黔南布依族苗族自治州,沙坝,,31,14,20,13,16,97,NA,73,73,2,4,3,3,0.4,0.5
2026-07-23T1400,3539A,110.5111,19.9737,海口市,桂林洋子站,,23,23,38,13,20,57,NA,56,56,2,4,/,/,/,/
2026-07-23T1400,3540A,109.7348,18.3443,三亚市,君悦子站,,36,36,36,15,17,78,NA,66,66,3,6,3,3,0.4,0.4
2026-07-23T1400,3541A,109.5726195,19.51688767,儋州市,第一中学子站,,32,32,25,12,15,56,NA,50,50,2,5,1,2,0.8,0.7
2026-07-23T1400,3542A,109.5567,19.5187,儋州市,东坡学校子站,,22,22,32,13,16,61,NA,54,54,1,4,1,2,0.5,0.6
2026-07-23T1400,3544A,121.4891,30.925,上海市,奉贤南桥新城,细颗粒物(PM2.5),54,52,35,37,22,160,NA,97,97,9,12,3,3,0.6,0.6
2026-07-23T1400,3545A,110.8053,32.8401,十堰市,郧阳区金沙路,,31,23,26,2,18,97,NA,99,99,3,8,7,8,0.7,0.8
2026-07-23T1400,3546A,111.4606,30.5519,宜昌市,猇亭区张家湾站,,40,38,28,23,14,125,NA,71,71,3,7,9,9,0.4,0.3
2026-07-23T1400,3547A,112.1631,31.0134,荆门市,龙泉中学南校,,31,16,15,15,10,99,NA,67,67,5,6,6,6,0.8,0.7
2026-07-23T1400,3549A,109.5061,30.3771,恩施土家族苗族自治州,龙凤新区,,33,31,30,14,20,104,NA,71,71,4,6,6,5,0.5,0.5
2026-07-23T1400,3550A,102.8,24.9787,昆明市,昆明学院,,41,31,35,19,17,130,NA,68,68,8,24,6,6,0.6,0.7
2026-07-23T1400,3551A,102.5969,24.6738,昆明市,晋宁区生态环境分局,,36,NA,18,15,12,115,NA,83,83,6,8,6,8,0.4,0.5
2026-07-23T1400,3552A,102.6673,24.9861,昆明市,云天化总部,NA,NA,NA,20,20,14,122,NA,83,83,8,15,NA,6,0.4,0.4
2026-07-23T1400,3557A,119.9463,30.0496,杭州市,镇二中,,29,29,27,15,16,79,NA,54,54,10,19,6,6,0.4,0.5
2026-07-23T1400,3558A,119.7184,30.2367,杭州市,市府大楼,,27,27,15,16,9,65,NA,48,48,2,8,8,8,0.4,0.6
2026-07-23T1400,3560A,120.4715,30.0414,绍兴市,柯桥妇保,NA,NA,NA,37,NA,24,NA,NA,107,NA,NA,13,NA,6,NA,0.4
2026-07-23T1400,3561A,120.6985,27.9252,温州市,茶山,,49,49,45,20,23,105,NA,85,85,8,11,/,/,/,/
2026-07-23T1400,3562A,120.4146,30.8538,湖州市,南浔区站,,40,32,23,21,19,127,NA,84,84,5,14,5,5,0.4,0.5
2026-07-23T1400,3564A,121.25678,28.66823971,台州市,台州科技职业学院,,40,40,40,18,18,88,NA,68,68,4,6,6,6,0.6,0.7
2026-07-23T1400,3565A,113.1371,40.1122,大同市,云冈站,臭氧1小时(O3_1h),53,27,27,2,12,162,NA,101,NA,6,9,6,7,0.5,0.6
2026-07-23T1400,3566A,113.1186,40.2556,大同市,图书馆,,49,15,27,2,12,154,NA,128,128,4,10,7,8,0.8,0.9
2026-07-23T1400,3567A,113.5931,40.0459,大同市,区一中,臭氧1小时(O3_1h),65,21,24,6,12,172,NA,137,137,7,11,8,9,0.4,0.5
2026-07-23T1400,3568A,113.0603,36.0464,长治市,向阳小学,,40,39,35,24,22,128,NA,90,90,3,6,7,6,0.3,0.4
2026-07-23T1400,3569A,112.8788,36.315,长治市,屯留一中,,38,30,28,20,17,119,NA,88,88,7,10,10,11,1.2,1
2026-07-23T1400,3571A,112.2938,39.5296,朔州市,一水厂,,50,44,42,2,12,159,NA,118,118,3,16,6,5,0.4,0.5
2026-07-23T1400,3575A,118.0927,39.5807,唐山市,正泰大街热力站,颗粒物(PM10),55,57,42,27,20,54,NA,60,60,24,19,7,7,2.0,1.2
2026-07-23T1400,3576A,118.1561,39.8322,唐山市,丰润区政府,,30,30,28,20,15,73,NA,52,52,14,23,6,4,1.6,1.6
2026-07-23T1400,3577A,118.436906,39.73802,唐山市,金山小学,,46,NA,28,32,25,98,NA,78,78,12,20,6,6,1.7,1.7
2026-07-23T1400,3578A,118.2449,39.6693,唐山市,政府服务中心,,43,43,40,22,22,74,NA,64,64,10,19,8,11,1.2,1.3
2026-07-23T1400,3580A,114.1998,36.4439,邯郸市,峰峰矿区临水派出所,,47,32,23,10,12,150,NA,122,122,6,6,4,4,0.7,0.7
2026-07-23T1400,3581A,115.3136,38.9511,保定市,满城区生态环境分局,,45,22,19,20,14,141,NA,112,112,1,3,3,3,0.1,0.1
2026-07-23T1400,3582A,115.4709,38.7628,保定市,清苑区第二中学,,44,17,20,14,14,140,NA,100,100,8,10,1,2,0.3,0.3
2026-07-23T1400,3583A,115.6231,39.0223,保定市,徐水物探局,,40,NA,12,18,13,128,NA,91,91,4,8,2,2,0.4,0.3
2026-07-23T1400,3590A,113.8362,34.566,郑州市,北区建设指挥部,,43,43,35,16,15,129,NA,120,116,5,12,2,2,0.4,0.4
2026-07-23T1400,3591A,113.3029,34.8041,郑州市,上街区政府,,50,34,36,24,20,157,NA,129,129,6,8,3,3,0.6,0.6
2026-07-23T1400,3592A,114.4518,34.7503,开封市,祥符区生态环境局,,42,30,28,19,17,134,NA,116,110,3,10,10,13,0.6,0.6
2026-07-23T1400,3593A,112.5736,34.8993,洛阳市,吉利监测站,,45,25,34,1,15,144,NA,120,120,5,10,8,8,0.3,0.3
2026-07-23T1400,3594A,112.8736,33.9068,平顶山市,石龙区,,40,23,32,20,20,128,NA,84,84,8,12,11,9,0.6,0.5
2026-07-23T1400,3596A,114.1573,35.9607,鹤壁市,南山宾馆,NA,NA,13,21,NA,27,146,NA,119,119,NA,6,11,10,NA,0.7
2026-07-23T1400,3598A,111.1031,34.719,三门峡市,富达温泉假日酒店,,40,31,41,25,25,126,NA,99,99,11,15,8,5,0.5,0.5
2026-07-23T1400,3599A,106.2648,29.9853,重庆市,书院路,,50,30,28,13,20,157,NA,114,114,5,8,6,6,0.4,0.5
2026-07-23T1400,3600A,106.2334,29.5583,重庆市,虎峰,,46,46,44,22,17,122,NA,85,85,8,12,6,7,0.4,0.4
2026-07-23T1400,3601A,106.0497,29.8345,重庆市,龙门街,颗粒物(PM10),89,104,43,20,19,182,NA,132,132,8,13,18,13,0.5,0.5
2026-07-23T1400,3604A,119.3267,35.1043,日照市,岚山环保分局,NA,NA,34,29,16,21,104,NA,74,74,NA,19,NA,13,NA,0.9
2026-07-23T1400,3605A,109.1019,34.5302,西安市,无线电监控中心,,48,47,35,18,14,152,NA,107,107,4,12,3,4,0.6,0.6
2026-07-23T1400,3610A,105.5931,29.4105,重庆市,昌元,臭氧1小时(O3_1h),85,28,42,21,22,188,NA,134,134,9,20,11,11,0.5,0.5
2026-07-23T1400,3612A,85.1045,45.6895,克拉玛依市,白碱滩区新站,,38,33,30,1,6,119,NA,95,95,5,8,9,10,0.2,0.2
2026-07-23T1400,3613A,87.3069,44.0093,昌吉回族自治州,亚心广场,,35,22,43,4,10,111,NA,100,100,6,9,10,11,0.1,0.2
2026-07-23T1400,3614A,79.9241,37.0878,和田地区,地区环保局,颗粒物(PM10),68,75,516,17,121,129,NA,110,110,2,3,1,2,0.2,0.2
2026-07-23T1400,3615A,79.9132,37.1137,和田地区,市环保局,颗粒物(PM10),80,91,485,13,129,129,NA,112,111,2,2,1,2,0.3,0.3
2026-07-23T1400,3616A,106.7617,31.8343,巴中市,市中心医院,,40,32,52,18,26,125,NA,92,92,5,14,11,11,0.5,0.7
2026-07-23T1400,3617A,105.8047,32.4167,广元市,经开区,,45,45,56,25,29,140,NA,108,108,7,18,9,10,0.4,0.6
2026-07-23T1400,3618A,112.4702,37.7821,太原市,金胜,臭氧1小时(O3_1h),60,35,32,15,16,168,NA,116,116,7,12,9,8,0.3,0.3
2026-07-23T1400,3619A,113.6169,37.8565,阳泉市,龙柱,,40,32,34,9,19,126,NA,96,96,2,12,7,15,0.7,0.9
2026-07-23T1400,3620A,112.8258,35.4804,晋城市,泽州一中,,37,27,31,21,15,117,NA,100,100,4,9,4,5,0.4,0.7
2026-07-23T1400,3622A,113.5556,24.8082,韶关市,碧湖山庄,颗粒物(PM10),57,59,43,30,23,100,NA,64,64,8,12,9,8,0.5,0.6
2026-07-23T1400,3623A,113.8952,22.586,深圳市,西乡,,44,44,40,21,18,107,NA,71,71,12,14,5,4,0.6,0.7
2026-07-23T1400,3624A,116.4069,23.2533,汕头市,潮南子站,颗粒物(PM10),63,68,48,31,23,91,NA,64,64,5,4,6,7,/,/
2026-07-23T1400,3625A,113.2568,22.7629,佛山市,容桂街道办,,41,41,33,19,22,108,NA,75,75,7,13,/,/,/,/
2026-07-23T1400,3628A,112.0335,22.9376,云浮市,文笔,,44,44,41,13,15,72,NA,50,50,2,4,4,4,0.6,0.7
2026-07-23T1400,3629A,101.8304,36.5785,西宁市,世纪职校,臭氧1小时(O3_1h),59,11,22,4,16,167,NA,91,91,6,13,5,8,0.3,0.6
2026-07-23T1400,3633A,118.4914,31.681,马鞍山市,雨山,,46,37,33,32,20,126,NA,87,87,6,12,8,4,0.7,0.8
2026-07-23T1400,3635A,112.3678,34.6623,洛阳市,河科大西苑校区,,45,31,34,18,19,144,NA,116,116,6,11,15,15,0.3,0.2
2026-07-23T1400,3636A,112.4387,34.678,洛阳市,英才小学,,41,16,29,8,18,130,NA,104,104,7,11,9,10,0.6,0.6
2026-07-23T1400,3637A,131.0136,45.7688,七台河市,人民广场,,28,NA,30,9,12,88,NA,58,58,11,23,7,7,0.5,0.6
2026-07-23T1400,3638A,104.7637,29.3373,自贡市,轻化工大学,臭氧1小时(O3_1h),83,38,43,19,29,186,NA,123,123,10,17,12,11,0.6,0.6
2026-07-23T1400,3642A,120.3454,36.0735,青岛市,市北区南部,,37,11,12,7,12,116,NA,93,93,14,16,6,6,0.9,0.9
2026-07-23T1400,3643A,120.3897,36.18,青岛市,李沧区北部,,36,12,10,4,13,115,NA,98,98,13,14,4,4,0.6,0.6
2026-07-23T1400,3644A,117.8662,36.8049,淄博市,三金集团,臭氧1小时(O3_1h),68,15,26,15,19,174,NA,123,123,8,17,4,6,0.3,0.4
2026-07-23T1400,3645A,118.0259,36.8409,淄博市,东风化工厂,臭氧1小时(O3_1h),99,51,58,16,26,199,NA,132,132,9,13,8,8,0.7,0.7
2026-07-23T1400,3646A,118.4979,37.4623,东营市,胜利站,臭氧1小时(O3_1h),78,31,35,7,17,182,NA,113,113,10,10,5,4,0.6,0.8
2026-07-23T1400,3648A,106.2176,37.9832,吴忠市,文卫南街,臭氧1小时(O3_1h),75,NA,35,22,19,180,NA,120,120,5,10,7,7,0.4,0.4
2026-07-23T1400,3650A,105.1696,37.5164,中卫市,沙坡头区政府站,NA,NA,NA,45,13,17,163,NA,106,106,7,15,6,6,0.4,0.4
2026-07-23T1400,3654A,114.8093,30.4091,鄂州市,精准医疗中心,,24,11,19,6,7,76,NA,54,54,7,14,4,5,0.5,0.7
2026-07-23T1400,3655A,114.3379,29.8683,咸宁市,长江产业园,,20,11,12,5,5,63,NA,52,52,3,7,3,3,0.6,0.6
2026-07-23T1400,3656A,120.1554,30.2863,杭州市,消防大队,,36,36,24,14,14,84,NA,65,65,4,12,9,8,0.6,0.7
2026-07-23T1400,3658A,120.6156,30.0762,绍兴市,袍江中学,,38,38,37,22,20,101,NA,89,89,4,11,7,6,0.5,0.4
2026-07-23T1400,3659A,119.656,29.1132,金华市,气象局,,33,33,35,16,18,73,NA,80,80,5,10,2,2,0.4,0.5
2026-07-23T1400,3662A,123.6341,47.2079,齐齐哈尔市,富区青少年活动中心,,41,41,29,21,14,109,NA,97,97,7,8,4,4,0.5,0.4
2026-07-23T1400,3663A,124.117,50.4279,大兴安岭地区,红旗社区,,25,NA,9,16,12,78,NA,62,62,5,6,7,6,0.2,0.3
2026-07-23T1400,3664A,119.4171,34.734,连云港市,连云街道,,34,34,16,20,7,65,NA,57,53,20,12,4,3,0.6,0.5
2026-07-23T1400,3665A,76.1654,39.7157,克孜勒苏柯尔克孜自治州,克州文化中心,,45,41,61,14,19,142,NA,128,128,2,3,5,12,0.1,0.1
2026-07-23T1400,3667A,111.0279,35.0543,运城市,水利职院,,42,40,43,16,20,133,NA,109,109,3,9,4,6,0.7,0.7
2026-07-23T1400,3669A,114.4706,36.0634,安阳市,左辅环卫站,,41,29,23,14,13,131,NA,113,113,2,2,3,3,0.7,0.6
2026-07-23T1400,3670A,111.0522,35.0439,运城市,禹都公园,,44,40,41,17,19,138,NA,111,111,4,8,5,6,0.3,0.4
2026-07-23T1400,3671A,116.0879,39.9725,北京市,门头沟三家店,,34,20,29,14,19,106,NA,81,81,7,14,3,3,0.6,0.5
2026-07-23T1400,3672A,116.1507,39.8246,北京市,丰台云岗,,33,31,26,17,17,104,NA,70,70,11,9,4,3,0.6,0.4
2026-07-23T1400,3674A,115.9578,39.7602,北京市,房山燕山,,34,30,25,22,17,108,NA,84,82,10,9,1,1,0.5,0.4
2026-07-23T1400,3675A,116.4669,39.7734,北京市,大兴旧宫,,45,45,32,27,19,77,NA,57,57,11,13,2,1,0.9,0.7
2026-07-23T1400,3677A,98.5887,24.4366,德宏傣族景颇族自治州,芒市人民政府综合楼,,24,19,22,9,6,76,NA,49,49,5,6,7,8,0.6,0.7
2026-07-23T1400,3678A,116.5907,35.4054,济宁市,市第七中学,,43,38,36,9,10,136,NA,108,108,3,8,5,5,0.5,0.5
2026-07-23T1400,3683A,109.8332,40.6577,包头市,昆区政府,臭氧1小时(O3_1h),54,22,28,13,16,163,NA,123,123,10,17,6,10,0.5,0.7
2026-07-23T1400,3684A,130.8639,45.8144,七台河市,新建矿广场,,34,22,36,17,20,108,NA,88,88,12,26,4,9,0.5,0.6
2026-07-23T1400,3685A,117.897,28.4316,上饶市,双创科技城,,37,37,33,18,17,89,NA,65,65,4,13,4,9,0.6,0.7
2026-07-23T1400,3689A,113.9002,35.372,新乡市,行政服务中心,,43,16,23,5,13,137,NA,119,119,7,12,11,5,0.3,0.4
2026-07-23T1400,3690A,115.9718,28.7032,南昌市,外国语学校,,30,24,29,14,19,94,NA,62,62,3,11,11,12,0.6,0.7
2026-07-23T1400,3692A,118.2043,39.6703,唐山市,消防缸窑路中队,颗粒物(PM10),53,54,45,36,25,56,NA,39,39,18,24,4,3,1.4,1.4
2026-07-23T1400,3693A,118.1432,39.6203,唐山市,路南电大,颗粒物(PM10),57,59,42,28,24,74,NA,68,68,24,23,8,9,2.0,1.3
2026-07-23T1400,3694A,115.9859,40.4562,北京市,延庆石河营,,28,7,18,6,13,89,NA,96,91,3,6,2,2,0.3,0.3
2026-07-23T1400,3695A,116.6151,40.3052,北京市,怀柔新城,,34,19,21,14,16,106,NA,86,86,3,4,2,1,0.7,0.6
2026-07-23T1400,3696A,116.2542,39.8764,北京市,丰台小屯,,33,30,30,19,20,104,NA,63,63,8,8,3,3,0.6,0.5
2026-07-23T1400,3697A,116.8399,40.3843,北京市,密云镇,,35,19,24,13,17,112,NA,67,67,5,11,4,3,0.6,0.6
2026-07-23T1400,3699A,111.6519,40.8389,呼和浩特市,海东办,臭氧1小时(O3_1h),68,22,20,4,7,174,NA,133,133,9,11,6,8,0.3,0.2
2026-07-23T1400,3701A,116.9647,33.6252,宿州市,皖北煤电集团,,22,17,19,4,11,70,NA,52,52,5,12,7,7,0.4,0.4
2026-07-23T1400,3706A,122.2584,43.6333,通辽市,老干部活动中心,,47,23,51,19,34,148,NA,137,137,4,8,7,7,0.5,0.7
2026-07-23T1400,3707A,131.0069,45.2988,鸡西市,欧美日汽修厂,,31,NA,32,18,16,99,NA,85,85,8,20,3,3,0.4,0.5
2026-07-23T1400,3708A,122.2923,43.6189,通辽市,东方明珠社区,,45,NA,47,11,29,143,NA,130,130,5,7,12,8,0.5,0.6
2026-07-23T1400,3710A,121.5593,29.8976,宁波市,白沙活动中心,,37,36,30,25,23,117,NA,93,93,6,10,8,8,0.3,0.3
2026-07-23T1400,3713A,124.3286,43.1726,四平市,世纪城,,40,40,41,17,30,121,NA,106,106,2,5,4,3,0.5,0.6
2026-07-23T1400,3715A,117.3091,32.9314,蚌埠市,蚌埠田家炳中学,,18,16,17,7,6,57,NA,47,47,6,10,10,8,0.4,0.4
2026-07-23T1400,3719A,97.1707,31.1428,昌都市,昌都会议中心,,35,7,11,2,5,112,NA,114,110,4,6,2,2,0.3,0.3
2026-07-23T1400,3726A,88.8775,29.2425,日喀则市,林业技术推广中心,,21,20,8,7,2,67,NA,69,67,2,2,4,4,0.2,0.2
2026-07-23T1400,3728A,104.6701,28.8053,宜宾市,白酒学院,臭氧1小时(O3_1h),65,43,37,25,22,172,NA,128,128,9,15,10,12,0.5,0.5
2026-07-23T1400,3734A,118.5753,37.4405,东营市,理想之城,臭氧1小时(O3_1h),58,22,24,11,14,166,NA,108,108,6,11,7,4,0.6,0.7
2026-07-23T1400,3860A,118.3915,35.0297,临沂市,皇山花园小区,,36,24,25,15,21,114,NA,82,82,4,12,11,10,0.6,0.5
2026-07-23T1400,3861A,119.2046,36.7696,潍坊市,寒亭区实验一小,臭氧1小时(O3_1h),92,51,33,15,15,193,NA,113,113,11,17,5,4,0.6,0.7
2026-07-23T1400,3866A,122.2469,40.663,营口市,三高中,,46,35,37,14,17,146,NA,109,109,6,6,11,11,0.7,0.6
2026-07-23T1400,3867A,102.074,36.5056,海东市,平安区公安局北苑,,50,31,33,18,14,158,NA,103,103,4,8,9,12,0.4,0.5
2026-07-23T1400,3981A,113.2456,35.18,焦作市,原李万街道办,臭氧1小时(O3_1h),52,NA,32,15,18,161,NA,133,133,3,6,5,6,0.4,0.5
2026-07-23T1400,3994A,102.2174,31.9016,阿坝藏族羌族自治州,马尔康中学西区,,41,NA,12,7,11,129,NA,67,67,2,4,3,3,0.1,0.1
2026-07-23T1400,4002A,109.2312,23.7428,来宾市,中南小学,,30,30,26,11,13,73,NA,55,55,4,6,7,6,0.5,0.5
2026-07-23T1400,4004A,115.4199,38.8665,保定市,双鹰农机,,41,NA,18,25,16,130,NA,100,100,1,3,1,3,0.1,0
2026-07-23T1400,4006A,122.3622,40.6762,营口市,老边实验小学,,45,22,35,12,23,142,NA,112,112,11,16,6,6,0.5,0.7
2026-07-23T1400,4008A,112.5233,32.9921,南阳市,卧龙区政府,,33,19,17,15,8,104,NA,74,74,2,5,5,5,0.5,0.6
2026-07-23T1400,4010A,112.5608,37.8807,太原市,育英中学,臭氧1小时(O3_1h),70,28,29,18,19,176,NA,120,120,7,12,9,9,0.4,0.3
2026-07-23T1400,4011A,103.8505,30.6946,成都市,光华大道三段,臭氧1小时(O3_1h),58,35,43,30,26,166,NA,118,118,9,13,6,7,0.7,0.7
2026-07-23T1400,4017A,116.7926,33.9534,淮北市,市博物馆,,38,19,16,14,11,121,NA,82,82,4,8,3,4,0.2,0.3
2026-07-23T1400,4018A,116.0564,36.4609,聊城市,星美广场,,45,14,24,3,5,144,NA,135,135,2,4,5,4,0.2,0.2
2026-07-23T1400,4022A,102.1648,38.5369,金昌市,金川区人防中心,,48,29,37,7,14,151,NA,117,117,4,12,6,9,0.2,0.3
2026-07-23T1400,4024A,114.6491,37.9014,石家庄市,栾城区星河路,,50,20,19,16,13,157,NA,118,118,3,7,1,2,0.4,0.4
2026-07-23T1400,4027A,75.9485,39.4688,喀什地区,老干局,颗粒物(PM10),56,58,81,18,20,128,NA,112,110,2,4,4,4,0.3,0.3
2026-07-23T1400,4028A,117.9955,37.3752,滨州市,滨州市西街道办事处,臭氧1小时(O3_1h),54,2,24,0,17,163,NA,122,122,2,6,6,5,0.5,0.6
2026-07-23T1400,4033A,122.3124,29.9619,舟山市,普陀东港中学,,34,34,35,20,18,88,NA,71,71,4,4,6,6,0.6,0.5
2026-07-23T1400,4034A,115.515,38.8589,保定市,植保所站,,42,42,24,10,12,126,NA,98,98,4,5,3,3,0.0,0
2026-07-23T1400,4036A,116.646,23.676,潮州市,金山,,44,44,47,15,24,82,NA,58,58,2,7,6,4,0.3,0.5
2026-07-23T1400,4051A,86.0791,44.3018,石河子市,世纪广场,,40,36,29,5,7,128,NA,118,118,2,3,6,4,0.4,0.4
2026-07-23T1400,4054A,109.0324,32.6913,安康市,市邮政管理局,,47,16,29,6,12,149,NA,118,118,4,8,1,3,0.6,0.7
2026-07-23T1400,4055A,108.8869,34.2662,西安市,行知小学,臭氧1小时(O3_1h),83,38,34,17,12,186,NA,139,139,8,15,7,6,0.5,0.5
2026-07-23T1400,4056A,108.6601,34.3767,咸阳市,五陵塬路2号,臭氧1小时(O3_1h),80,33,34,13,15,184,NA,130,130,9,14,8,5,0.6,0.6
2026-07-23T1400,4057A,115.9423,40.4431,北京市,延庆百泉,,33,6,17,3,12,105,NA,92,92,1,3,1,1,0.5,0.5
2026-07-23T1400,4058A,116.6598,39.9164,北京市,通州新华,,42,42,38,28,24,90,NA,60,60,7,13,5,4,1.3,0.9
2026-07-23T1400,4059A,114.4563,38.0365,石家庄市,裕华西路63号,,50,27,23,20,15,158,NA,116,116,4,5,3,3,0.4,0.4
2026-07-23T1400,4060A,114.5586,38.0581,石家庄市,和平路363号,,50,11,19,3,14,159,NA,120,120,4,6,3,3,0.3,0.3
2026-07-23T1400,4061A,114.8347,38.0213,石家庄市,廉州西路160号,NA,NA,21,23,8,17,146,NA,116,116,2,5,3,2,NA,0.6
2026-07-23T1400,4062A,114.4498,38.0729,石家庄市,北城路41号,,50,27,26,16,14,157,NA,118,118,3,5,2,2,0.4,0.5
2026-07-23T1400,4063A,115.2124,37.9433,辛集市,市政府,NA,NA,19,19,3,10,158,NA,138,138,8,5,NA,4,0.2,0.2
2026-07-23T1400,4064A,115.2008,37.9338,辛集市,城管大队,,46,NA,22,9,11,145,NA,125,125,3,4,1,2,0.2,0.4
2026-07-23T1400,4065A,118.1267,39.6579,唐山市,光明北路515号,,46,46,31,26,20,71,NA,105,67,22,22,4,6,1.6,1.3
2026-07-23T1400,4066A,119.7458,39.9952,秦皇岛市,南园路157号,,30,21,19,16,10,93,NA,82,82,2,22,5,6,0.3,0.3
2026-07-23T1400,4067A,119.5131,39.8858,秦皇岛市,翠岛大街1号,,29,24,22,12,11,90,NA,78,78,3,16,4,4,0.3,0.4
2026-07-23T1400,4068A,114.5209,36.7697,邯郸市,建安街268号,,48,8,17,3,8,152,NA,135,135,3,9,1,3,0.1,0.2
2026-07-23T1400,4069A,114.5488,36.6177,邯郸市,丛台东路558号,,45,26,21,9,7,143,NA,126,126,2,5,3,3,0.2,0.3
2026-07-23T1400,4070A,114.5558,37.0578,邢台市,襄都区政府南院,,47,6,21,5,11,150,NA,122,122,3,6,3,3,0.4,0.5
2026-07-23T1400,4071A,114.9883,38.5232,定州市,交通局,,42,33,44,13,13,134,NA,112,112,7,9,1,1,0.5,0.5
2026-07-23T1400,4072A,115.0045,38.5136,定州市,第五中学,,42,32,36,16,14,133,NA,107,107,6,8,4,4,0.2,0.3
2026-07-23T1400,4073A,117.9462,40.95,承德市,杏林街1号,细颗粒物(PM2.5),64,49,25,42,19,73,NA,57,57,8,8,12,5,0.7,0.5
2026-07-23T1400,4074A,112.449,37.8509,太原市,西矿街336号,臭氧1小时(O3_1h),70,42,36,23,20,176,NA,115,115,11,16,11,9,0.5,0.4
2026-07-23T1400,4075A,112.4792,37.9393,太原市,迎宾北路9号,臭氧1小时(O3_1h),69,28,32,23,21,175,NA,124,124,8,15,9,8,0.7,0.7
2026-07-23T1400,4076A,112.551,37.8575,太原市,迎泽大街248号,臭氧1小时(O3_1h),64,40,37,18,20,171,NA,116,116,10,14,10,9,0.6,0.6
2026-07-23T1400,4077A,113.588,37.8712,阳泉市,宁波路,,43,15,26,12,15,137,NA,106,106,6,12,6,12,0.5,0.7
2026-07-23T1400,4078A,112.8246,35.5152,晋城市,前书院路,,39,30,33,4,12,124,NA,98,98,1,6,4,5,0.7,1
2026-07-23T1400,4079A,112.8864,35.4773,晋城市,祥云街666号,,38,32,33,26,18,120,NA,87,87,2,8,5,5,0.6,0.7
2026-07-23T1400,4080A,112.7375,37.7215,晋中市,广安街188号,臭氧1小时(O3_1h),62,34,30,22,18,169,NA,124,124,4,7,17,10,0.4,0.2
2026-07-23T1400,4081A,111.0081,35.0748,运城市,学苑北路2555号,,43,43,45,23,22,130,NA,110,110,2,9,5,5,0.6,0.7
2026-07-23T1400,4082A,121.2548,38.8188,大连市,旅顺,,27,8,18,5,13,84,NA,74,74,6,8,6,6,0.5,0.5
2026-07-23T1400,4083A,123.153,41.2874,辽阳市,铁西路150号,,50,49,35,20,19,160,NA,118,118,8,7,8,6,0.2,0.4
2026-07-23T1400,4084A,123.835,42.2853,铁岭市,新华街20号,,50,29,47,10,24,160,NA,114,114,7,14,6,6,0.5,0.7
2026-07-23T1400,4085A,125.0998,42.9134,辽源市,安宁大街333号,,37,13,32,5,23,117,NA,98,98,2,8,7,10,0.5,0.6
2026-07-23T1400,4086A,118.7641,32.0841,南京市,新模范马路66号,,41,41,28,13,9,131,NA,82,82,1,6,4,4,0.3,0.3
2026-07-23T1400,4087A,120.3138,31.4927,无锡市,清舒道1号,,38,32,26,11,12,119,NA,98,98,3,8,7,7,0.5,0.6
2026-07-23T1400,4088A,117.1553,34.2567,徐州市,纺织东路16号,,35,NA,8,6,11,109,NA,74,74,4,7,5,5,0.6,0.6
2026-07-23T1400,4089A,119.9551,31.863,常州市,崇义南街5-H号,,29,29,25,5,12,92,NA,68,68,5,16,6,6,0.6,0.7
2026-07-23T1400,4090A,120.4282,31.3228,苏州市,学森路9号,,30,21,29,10,14,93,NA,87,87,3,12,6,7,0.5,0.5
2026-07-23T1400,4091A,120.8692,31.9885,南通市,洪江路,臭氧1小时(O3_1h),74,37,28,21,19,179,NA,106,106,8,21,3,4,0.8,0.8
2026-07-23T1400,4092A,119.119691,33.550006,淮安市,枚皋中路89号,,21,21,16,11,10,58,NA,49,49,5,11,7,8,1.0,0.9
2026-07-23T1400,4093A,119.5202,32.3705,扬州市,廖家沟步道,,30,25,27,8,11,93,NA,19,NA,5,21,4,4,0.3,0.4
2026-07-23T1400,4094A,118.352,33.7886,宿迁市,春华路,,22,7,15,4,11,68,NA,56,56,4,7,8,8,0.3,0.3
2026-07-23T1400,4095A,121.8962,29.7529,宁波市,中科路88号,,34,34,38,17,18,105,NA,90,90,2,2,6,6,0.6,0.5
2026-07-23T1400,4096A,120.6935,28.0114,温州市,鹿城惠民路,,50,50,53,20,21,121,NA,87,87,5,8,/,/,0.4,0.3
2026-07-23T1400,4097A,118.9646,28.9832,衢州市,衢州三中,,34,31,39,14,18,106,NA,64,64,9,17,3,4,0.6,0.7
2026-07-23T1400,4098A,117.2518,31.8404,合肥市,中国科学技术大学,,21,9,15,1,8,67,NA,63,63,4,7,9,9,0.6,0.6
2026-07-23T1400,4099A,118.5726,31.1371,芜湖市,湾沚区人民法院,,26,26,23,15,17,61,NA,51,51,2,10,3,3,0.4,0.5
2026-07-23T1400,4100A,116.8322,33.9884,淮北市,杜集区第一实验学校,,36,28,26,8,7,115,NA,76,76,6,9,4,4,0.6,0.6
2026-07-23T1400,4101A,118.3196,32.3335,滁州市,银山路666号,,30,20,13,17,16,95,NA,60,60,2,13,6,5,0.4,0.5
2026-07-23T1400,4102A,118.3426,32.2979,滁州市,黄山路555号,NA,NA,38,28,18,16,98,NA,60,60,2,13,NA,7,0.4,0.5
2026-07-23T1400,4103A,116.9929,33.6412,宿州市,中兴路,,21,9,20,4,11,66,NA,45,45,4,14,9,9,0.2,0.3
2026-07-23T1400,4104A,119.3106,26.0648,福州市,路通桥巷6号,颗粒物(PM10),51,51,53,23,28,140,NA,95,95,4,10,/,/,/,/
2026-07-23T1400,4105A,118.6355,24.9148,泉州市,霞新路6号,,46,46,45,27,26,147,NA,94,94,9,16,/,/,0.6,0.5
2026-07-23T1400,4106A,115.7923,28.6873,南昌市,工业二路,,27,26,27,15,14,86,NA,57,57,2,16,6,6,0.5,0.5
2026-07-23T1400,4107A,113.8686,27.6668,萍乡市,联洪村委会,,21,17,20,4,8,66,NA,46,46,2,4,7,7,0.4,0.4
2026-07-23T1400,4108A,117.7107,36.2385,济南市,山财大街5号,NA,NA,24,36,6,18,129,NA,116,116,4,15,NA,10,NA,0.6
2026-07-23T1400,4109A,116.9744,36.6889,济南市,无影山路12号,,46,19,21,8,7,146,NA,124,124,10,15,4,4,0.5,0.5
2026-07-23T1400,4110A,120.5222,36.4089,青岛市,盟旺路653号,,35,27,14,4,10,109,NA,97,97,7,8,7,6,0.8,0.8
2026-07-23T1400,4111A,116.6075,35.4566,济宁市,任和路,,43,26,28,15,12,136,NA,112,112,4,7,3,4,0.5,0.6
2026-07-23T1400,4112A,116.5648,35.3921,济宁市,文体南路1号,NA,NA,NA,22,5,9,135,NA,109,109,4,6,4,3,0.4,0.3
2026-07-23T1400,4113A,116.0091,36.4495,聊城市,利民路,,48,4,18,4,5,151,NA,138,138,2,5,9,8,0,0.1
2026-07-23T1400,4114A,115.4239,35.2593,菏泽市,黄河路600号,,41,34,27,11,12,130,NA,112,112,8,10,5,5,0.3,0.3
2026-07-23T1400,4115A,115.5025,35.2727,菏泽市,菏泽市人社局,,39,27,24,10,12,124,NA,109,109,4,7,3,3,0.4,0.4
2026-07-23T1400,4116A,113.284,33.7139,平顶山市,姚电大道23号,,36,17,30,16,19,113,NA,80,80,9,15,7,7,0.6,0.7
2026-07-23T1400,4117A,114.2918,36.0769,安阳市,钢三路198号,,42,25,20,6,12,134,NA,119,119,2,4,3,3,0.7,0.7
2026-07-23T1400,4118A,115.0552,35.7816,濮阳市,中原东路68号,,41,16,26,2,10,131,NA,119,119,6,7,5,5,0.7,0.7
2026-07-23T1400,4119A,115.6701,34.3767,商丘市,北海东路185号,,36,9,24,2,13,114,NA,69,69,2,11,4,4,0.4,0.4
2026-07-23T1400,4120A,115.6172,34.3704,商丘市,中山大街3号,,32,NA,27,15,12,102,NA,63,63,4,13,4,5,0.4,0.5
2026-07-23T1400,4121A,114.8466,33.7333,周口市,羲皇大道,,35,24,23,10,11,112,NA,71,71,3,7,4,4,0.4,0.4
2026-07-23T1400,4122A,112.6071,35.1015,济源市,市委党校,,32,23,38,2,20,100,NA,75,75,8,12,2,3,0.5,0.5
2026-07-23T1400,4123A,112.596,35.0702,济源市,沁园中路1号,,45,12,36,3,18,144,NA,114,114,5,12,3,3,0.5,0.6
2026-07-23T1400,4124A,112.2213,31.0654,荆门市,新台西路6号,,30,26,18,18,14,95,NA,66,66,4,6,7,7,0.7,0.7
2026-07-23T1400,4125A,113.946,30.8999,孝感市,天仙南路1号,,29,28,15,18,11,91,NA,50,50,3,13,7,8,0.4,0.6
2026-07-23T1400,4127A,111.9812,27.7591,娄底市,涟钢职大,,26,NA,18,17,7,81,NA,44,44,3,8,1,2,0.5,1.1
2026-07-23T1400,4128A,112.0303,27.7457,娄底市,娄底体校,,24,24,25,10,10,76,NA,42,42,1,6,4,4,0.2,0.4
2026-07-23T1400,4129A,113.8666,23.1062,东莞市,裕兴路,臭氧1小时(O3_1h),62,58,43,21,16,169,NA,105,105,12,16,6,7,0.4,0.4
2026-07-23T1400,4130A,114.0076,22.9739,东莞市,教育路1号,,50,32,44,13,18,158,NA,93,93,9,17,7,7,0.8,0.7
2026-07-23T1400,4131A,113.7981,22.8124,东莞市,长怡路1号,,36,36,44,14,17,104,NA,71,71,7,14,6,5,0.6,0.6
2026-07-23T1400,4132A,108.2927,23.1477,南宁市,起凤路9号,,25,17,26,12,16,78,NA,52,52,5,8,1,2,0.5,0.5
2026-07-23T1400,4133A,106.6273,23.8798,百色市,龙景西路,颗粒物(PM10),51,51,46,20,22,112,NA,50,50,7,12,14,15,0.4,0.4
2026-07-23T1400,4134A,110.1952,20.0451,海口市,长滨二路9号,,24,24,33,14,20,73,NA,62,62,2,6,/,/,/,/
2026-07-23T1400,4135A,109.1714,18.3739,三亚市,城东小学站,,29,29,31,11,16,64,NA,64,64,14,7,/,/,/,/
2026-07-23T1400,4136A,108.6971,30.9377,重庆市,云师幼儿园,,39,16,27,16,15,122,NA,88,88,4,13,4,4,0.5,0.5
2026-07-23T1400,4137A,107.3276,30.3284,重庆市,公安局,,39,38,31,18,16,123,NA,100,100,2,8,8,9,0.7,0.8
2026-07-23T1400,4138A,108.0575,30.3254,重庆市,忠县中学,,46,36,37,18,16,146,NA,81,81,10,23,5,5,0.5,0.6
2026-07-23T1400,4139A,109.4542,31.0182,重庆市,竹枝路2号,颗粒物(PM10),68,75,48,12,14,112,NA,77,77,6,12,11,12,0.5,0.5
2026-07-23T1400,4140A,107.7422,29.871,重庆市,龙河路,,44,38,30,18,17,138,NA,85,85,8,10,7,7,0.5,0.5
2026-07-23T1400,4141A,108.7636,28.84,重庆市,桃花源中路,,30,28,30,15,16,94,NA,61,61,12,12,6,7,0.6,0.6
2026-07-23T1400,4142A,108.9758,28.4416,重庆市,秀山县高级中学,,29,29,19,18,14,74,NA,46,46,3,6,7,6,0.5,0.6
2026-07-23T1400,4143A,108.1558,29.2859,重庆市,河堡街,,30,NA,18,19,16,95,NA,57,57,4,8,6,6,0.7,0.7
2026-07-23T1400,4144A,104.3257,30.6406,成都市,八角井街185号,臭氧1小时(O3_1h),123,75,54,48,27,245,NA,142,142,19,17,11,7,0.8,0.7
2026-07-23T1400,4145A,104.4144,31.1495,德阳市,市林业局,臭氧1小时(O3_1h),88,52,52,23,31,190,NA,113,113,10,22,14,15,0.7,0.7
2026-07-23T1400,4146A,104.7092,31.4972,绵阳市,科技城新区公安局,臭氧1小时(O3_1h),78,50,58,17,29,182,NA,129,129,7,17,15,15,0.7,0.7
2026-07-23T1400,4147A,105.0433,29.6105,内江市,玉峰路西段888号,臭氧1小时(O3_1h),69,NA,31,19,22,175,NA,113,113,7,15,11,11,0.4,0.5
2026-07-23T1400,4148A,103.8836,30.0695,眉山市,眉职院,臭氧1小时(O3_1h),88,42,48,20,21,190,NA,93,93,15,36,13,11,0.8,0.7
2026-07-23T1400,4149A,104.6146,28.7422,宜宾市,宜宾市职业技术学校,臭氧1小时(O3_1h),72,48,41,30,25,177,NA,129,129,10,15,9,10,0.9,0.9
2026-07-23T1400,4150A,104.6646,30.1116,资阳市,正兴街66号,臭氧1小时(O3_1h),57,34,37,24,21,165,NA,116,116,5,10,10,8,0.2,0.3
2026-07-23T1400,4151A,104.8899,26.5685,六盘水市,钟山大道中段564号,,43,43,34,17,18,109,NA,93,93,4,5,2,2,0.7,0.7
2026-07-23T1400,4152A,107.0425,27.7087,遵义市,乌江大道东段1号,,39,NA,28,27,20,118,NA,78,78,6,9,7,8,0.5,0.5
2026-07-23T1400,4153A,101.5536,25.0343,楚雄彝族自治州,团结路562号,,27,8,14,3,9,84,NA,56,56,2,7,2,3,0.6,0.7
2026-07-23T1400,4154A,103.401,23.3561,红河哈尼族彝族自治州,蒙自市朝阳路,,21,20,17,13,15,65,NA,58,58,3,6,5,10,0.3,0.3
2026-07-23T1400,4155A,107.1721,34.3558,宝鸡市,滨河北路,臭氧1小时(O3_1h),54,25,26,16,13,163,NA,99,99,4,6,7,7,0.6,0.6
2026-07-23T1400,4156A,108.6372,34.3031,咸阳市,胭脂路9号,臭氧1小时(O3_1h),95,28,30,16,15,196,NA,141,141,6,9,9,7,0.5,0.5
2026-07-23T1400,4157A,108.0371,34.3035,咸阳市,杨扶路,臭氧1小时(O3_1h),72,27,29,16,18,177,NA,121,121,5,6,3,3,0.3,0.3
2026-07-23T1400,4158A,108.0895,34.2623,咸阳市,新桥路,臭氧1小时(O3_1h),98,33,31,15,14,198,NA,130,130,11,12,5,5,0.2,0.2
2026-07-23T1400,4159A,110.4531,35.4578,渭南市,桢州大街,臭氧1小时(O3_1h),70,49,35,22,19,176,NA,130,130,3,7,9,12,0.9,0.9
2026-07-23T1400,4160A,110.4368,35.4773,渭南市,太史大街,,47,37,40,22,20,149,NA,112,112,5,10,9,12,0.7,0.7
2026-07-23T1400,4161A,109.485,36.6347,延安市,志丹路,,42,28,31,17,18,132,NA,88,88,6,16,2,2,0.5,0.5
2026-07-23T1400,4162A,101.6769,36.6535,西宁市,海晏路105号,,50,13,31,4,17,160,NA,93,93,3,15,6,5,0.3,0.4
2026-07-23T1400,4163A,102.0984,36.5119,海东市,滨河路,,49,11,24,10,14,154,NA,94,94,9,30,7,10,0.4,0.5
2026-07-23T1400,4164A,87.2057,43.9289,昌吉回族自治州,财政所,,37,28,41,2,7,118,NA,92,92,10,7,10,8,0.1,0
2026-07-23T1400,4165A,82.9716,46.7464,塔城地区,文化广场,,25,17,23,4,6,80,NA,53,53,2,4,4,4,0.3,0.3
2026-07-23T1400,4166A,88.1198,47.7931,阿勒泰地区,阿勒泰路33号,,34,13,21,3,5,107,NA,75,75,5,9,7,7,0.3,0.4
2026-07-23T1400,4167A,86.0126,44.2349,石河子市,城南景苑小区,,42,22,21,8,8,133,NA,116,116,8,9,15,7,0.5,0.4
2026-07-23T1400,4168A,87.055284,43.999117,五家渠市,建设西街760号,,37,29,53,4,14,116,NA,97,97,6,8,9,8,0.2,0.2
2026-07-23T1400,4180A,113.8157285,34.126705,许昌市,新元大道996号,,28,26,29,19,19,88,NA,49,49,4,10,4,5,0.7,0.7
2026-07-23T1400,4181A,112.3571,28.5588,益阳市,龙洲站,,28,NA,20,19,12,82,NA,56,56,3,5,8,8,0.7,0.7
2026-07-23T1400,4182A,116.1942,39.9158,北京市,石景山八角,,38,25,30,21,21,119,NA,80,80,12,9,3,3,0.6,0.5
2026-07-23T1400,4183A,121.417401,31.16637,上海市,冠生园路458号,,43,39,29,30,21,132,NA,94,94,8,14,6,6,0.5,0.5
2026-07-23T1400,4184A,115.479691,35.244011,菏泽市,永昌路1号,,44,25,26,10,14,140,NA,126,126,3,10,6,6,0.2,0.4
2026-07-23T1400,4185A,115.078022,30.21118,黄石市,磁湖东路29号,NA,NA,26,30,18,9,59,NA,42,42,NA,17,3,6,0.8,1
2026-07-23T1400,4186A,117.194237,34.229354,徐州市,解放南路202号,,31,22,23,8,12,98,NA,69,69,6,9,7,7,0.7,0.7
2026-07-23T1400,4187A,112.3425,28.611,益阳市,幸福渠东路223号,,26,21,18,18,13,83,NA,57,57,4,7,7,7,0.6,0.6
2026-07-23T1400,4188A,112.3712,28.5764,益阳市,益鑫泰路85号,,29,29,19,17,12,79,NA,54,54,4,6,10,10,0.8,0.8
2026-07-23T1400,4189A,113.113092,36.199482,长治市,英华南巷50号,,46,38,31,30,19,146,NA,106,106,3,7,11,11,0.7,0.8
2026-07-23T1400,4190A,113.23666,36.33435,长治市,学府街1号,臭氧1小时(O3_1h),65,38,29,32,16,172,NA,127,127,2,3,7,6,0.6,0.6
2026-07-23T1400,4191A,118.527362,31.722269,马鞍山市,慈湖高新区,,39,34,39,19,24,124,NA,79,79,7,14,9,8,0.6,0.9
2026-07-23T1400,4192A,115.931587,28.686774,南昌市,南京东路235号,,35,32,24,17,17,112,NA,74,74,5,14,5,5,0.7,0.8
2026-07-23T1400,4193A,115.471542,35.280012,菏泽市,长城路999号,,40,24,22,9,12,125,NA,109,109,6,9,8,8,0.5,0.5
2026-07-23T1400,4194A,117.078628,40.151726,北京市,平谷新城,,36,31,25,25,18,92,NA,54,54,5,6,3,1,0.8,0.6
2026-07-23T1400,4196A,117.24369,39.102911,天津市,光华路,细颗粒物(PM2.5),70,NA,41,45,31,51,NA,30,30,28,20,6,6,1.1,0.6
2026-07-23T1400,4197A,118.130859,39.636026,唐山市,友谊北路34号,颗粒物(PM10),61,65,48,20,13,61,NA,62,62,29,23,6,8,2.0,1.4
2026-07-23T1400,4198A,119.509013,39.825305,秦皇岛市,北戴河轮滑馆,,30,29,31,16,11,94,NA,88,88,8,20,5,6,0.4,0.5
2026-07-23T1400,4199A,113.2798248,40.09972476,大同市,魏都大道141号,臭氧1小时(O3_1h),53,23,38,5,15,162,NA,128,128,8,16,8,8,0.5,0.6
2026-07-23T1400,4200A,112.7478,37.6954,晋中市,迎宾街26号,臭氧1小时(O3_1h),57,31,24,22,17,165,NA,122,122,5,8,15,8,0.6,0.4
2026-07-23T1400,4201A,122.944647,41.082639,鞍山市,兴盛南路290号,,48,27,34,17,25,151,NA,112,112,10,17,4,3,0.9,0.7
2026-07-23T1400,4202A,113.9856,32.9802,驻马店市,交通路1233号,,37,20,20,12,10,118,NA,77,77,6,10,5,5,0.3,0.3
2026-07-23T1400,4203A,111.3168,30.7203,宜昌市,西陵二路116号,,40,28,24,21,13,128,NA,75,75,4,6,6,6,0.3,0.4
2026-07-23T1400,4204A,111.3526,30.6374,宜昌市,沈家店路6号,,43,43,30,26,21,114,NA,67,67,9,13,4,5,0.4,0.4
2026-07-23T1400,4205A,121.541914,31.268301,上海市,宁武路151号,臭氧1小时(O3_1h),67,57,37,28,20,173,NA,104,104,13,19,6,6,0.6,0.5
2026-07-23T1400,4206A,119.028838,33.631911,淮安市,承德北路606号,,19,14,14,9,14,58,NA,41,41,6,10,5,6,0.7,0.7
2026-07-23T1400,4207A,120.12211,33.393982,盐城市,黄海中路88号,,32,12,17,10,7,102,NA,65,65,3,7,9,9,0.7,0.7
2026-07-23T1400,4209A,117.003137,32.644456,淮南市,国庆中路369号,,19,19,17,10,9,49,NA,50,50,9,11,12,12,0.2,0.2
2026-07-23T1400,4210A,118.335445,29.720283,黄山市,滨江东路7-2号,,34,34,39,14,14,76,NA,50,50,1,4,/,/,/,/
2026-07-23T1400,4211A,118.190438,28.444845,上饶市,裕丰大道,,38,28,28,26,12,97,NA,57,57,2,6,11,11,0.4,0.4
2026-07-23T1400,4212A,118.3039243,36.82708161,淄博市,广场路1号,臭氧1小时(O3_1h),67,48,34,27,33,173,NA,129,129,10,15,8,6,0.8,0.7
2026-07-23T1400,4213A,121.364239,37.529648,烟台市,青年南路118号,,31,NA,10,7,11,99,NA,82,82,6,11,7,7,0.4,0.3
2026-07-23T1400,4214A,112.460027,34.694929,洛阳市,春都路1号院,,40,22,26,12,18,128,NA,103,103,5,9,2,3,0.4,0.4
2026-07-23T1400,4215A,113.916569,35.331547,新乡市,建设东路46号,,42,15,25,10,11,133,NA,118,118,3,5,7,7,0.5,0.6
2026-07-23T1400,4216A,115.0923632,35.76857718,濮阳市,任丘路479号,,46,24,36,4,14,145,NA,122,122,1,3,6,5,0.7,0.5
2026-07-23T1400,4217A,114.3182,29.8447,咸宁市,双鹤路18号,,21,11,11,6,5,67,NA,58,58,1,4,4,4,0.6,0.7
2026-07-23T1400,4218A,111.446,27.2472,邵阳市,北塔二期4-26地块,,23,23,18,5,8,67,NA,43,43,4,6,6,5,0.5,0.6
2026-07-23T1400,4219A,111.4739,27.2282,邵阳市,邵水西路287号,,24,21,18,12,14,75,NA,50,50,1,6,1,2,0.3,0.5
2026-07-23T1400,4220A,114.214113,22.713717,深圳市,黄阁路,颗粒物(PM10),52,52,35,20,16,95,NA,64,64,4,10,7,7,0.6,0.7
2026-07-23T1400,4221A,108.2177,22.7774,南宁市,乐贤路16号,NA,NA,NA,27,NA,13,72,NA,49,49,7,13,4,4,NA,0.6
2026-07-23T1400,4222A,110.1835,25.2444,桂林市,环湖路276号,,20,14,13,13,13,62,NA,53,53,1,4,4,4,0.4,0.5
2026-07-23T1400,4223A,106.4686218,29.48920871,重庆市,双山路147号,,49,31,37,18,16,154,NA,114,114,8,12,13,14,0.7,0.6
2026-07-23T1400,4224A,104.2433276,30.53529463,成都市,鲸龙路1057号,臭氧1小时(O3_1h),128,66,45,38,25,255,NA,162,162,18,25,14,11,0.8,0.7
2026-07-23T1400,4225A,104.714266,29.338571,自贡市,贡兴路74号,臭氧1小时(O3_1h),93,32,35,16,23,194,NA,129,129,5,12,14,12,0.2,0.3
2026-07-23T1400,4226A,104.765114,31.453094,绵阳市,绵阳市气象局,,50,42,54,24,27,159,NA,109,109,8,19,8,8,0.6,0.7
2026-07-23T1400,4227A,106.108336,30.788436,南充市,梨树横街98号,,43,41,49,17,21,135,NA,104,104,5,11,8,10,0.2,0.2
2026-07-23T1400,4229A,102.2342,27.8859,凉山彝族自治州,凯乐南路30号,,47,32,31,18,24,149,NA,79,79,9,18,16,11,1.2,1
2026-07-23T1400,4230A,106.688212,26.56952,贵阳市,花果园大街66号,,33,21,32,15,19,103,NA,82,82,5,7,2,3,/,/
2026-07-23T1400,4231A,106.687268,26.516892,贵阳市,漓江路57号,,33,27,32,18,18,104,NA,78,78,5,7,4,4,0.4,0.5
2026-07-23T1400,4233A,108.596239,34.118792,西安市,西苑北路977号,臭氧1小时(O3_1h),121,54,39,16,13,241,NA,148,148,13,11,7,6,0.5,0.4
2026-07-23T1400,4234A,108.949652,34.870529,铜川市,大唐三路,臭氧1小时(O3_1h),53,45,37,23,13,162,NA,123,123,9,12,8,9,0.7,0.6
2026-07-23T1400,4235A,109.5051,34.4921,渭南市,渭花路4号,,49,39,37,22,18,156,NA,118,118,4,10,9,9,0.5,0.4
2026-07-23T1400,4236A,103.629272,36.093822,兰州市,庄浪东路808号,臭氧1小时(O3_1h),98,44,41,23,18,198,NA,110,110,13,29,20,23,0.5,0.5
2026-07-23T1400,4237A,103.7251,36.104344,兰州市,安宁西路88号,臭氧1小时(O3_1h),107,33,44,17,19,213,NA,120,120,9,24,16,19,0.4,0.4
2026-07-23T1400,4238A,103.846982,36.067567,兰州市,北滨河东路1号,臭氧1小时(O3_1h),88,35,45,15,17,190,NA,95,95,14,38,18,17,0.5,0.7
2026-07-23T1400,4239A,102.193042,38.531887,金昌市,长春路96号,NA,NA,NA,48,NA,15,142,NA,109,109,2,11,NA,9,0.3,0.4
2026-07-23T1400,4240A,98.495752,39.733935,酒泉市,玉门东路5号,颗粒物(PM10),70,78,38,10,16,136,NA,91,91,2,11,7,7,0.2,0.3
2026-07-23T1400,4241A,98.5099,39.7506,酒泉市,北大街108号,颗粒物(PM10),65,70,46,13,18,136,NA,91,91,2,10,12,13,0.3,0.4
2026-07-23T1400,4242A,106.226373,38.491976,银川市,广场西路,臭氧1小时(O3_1h),109,56,47,25,16,218,NA,127,127,12,18,8,7,0.4,0.4
2026-07-23T1400,4243A,92.0515,31.4787,那曲市,那曲市委宣传部,,29,5,9,4,5,90,NA,90,83,4,6,5,4,0.2,0.2
2026-07-23T1400,4244A,111.4879,36.053,临汾市,启星学校,臭氧1小时(O3_1h),59,48,35,20,18,167,NA,107,107,8,12,7,9,0.9,0.9
2026-07-23T1400,4245A,106.8609,27.5969,遵义市,遵南大道1161号,NA,NA,45,40,18,24,134,NA,92,92,4,7,6,7,NA,0.5
2026-07-23T1400,4246A,105.833962,30.18863087,重庆市,桃园路24号,,48,NA,37,20,24,151,NA,122,122,3,8,4,5,0.5,0.6
2026-07-23T1400,4247A,107.091033,29.153966,重庆市,钟楼街32号,,35,26,29,20,17,109,NA,82,82,1,11,11,11,0.6,0.6
2026-07-23T1400,4248A,107.8042979,30.67350233,重庆市,人民南路309号,,46,46,48,20,17,121,NA,101,101,3,9,6,7,0.3,0.4
2026-07-23T1400,4249A,118.8707617,31.34017673,南京市,汶溪路181号,,34,34,27,6,12,66,NA,63,63,1,5,2,4,0.3,0.5
2026-07-23T1400,4250A,114.089259,33.588274,漯河市,韶山路11号,,38,28,28,18,15,121,NA,74,74,5,13,7,7,0.5,0.5
2026-07-23T1400,4251A,112.1433,32.0581,襄阳市,铁院东路4号,,46,34,23,32,10,112,NA,68,68,8,8,7,6,0.6,0.6
2026-07-23T1400,4252A,113.0138,25.8011,郴州市,好美居路49号,,23,23,19,6,9,68,NA,56,56,4,5,11,9,/,/
2026-07-23T1400,4253A,116.010205,29.659402,九江市,莲花大道8号,,26,NA,15,17,12,82,NA,57,57,3,6,6,5,0.5,0.5
2026-07-23T1400,4254A,120.2925,31.5685,无锡市,健康路105号,,32,32,32,10,13,102,NA,78,78,7,14,5,5,0.6,0.8
2026-07-23T1400,4255A,110.16795,22.640993,玉林市,人民东路196号,,29,22,23,20,19,57,NA,46,46,16,15,4,3,0.3,0.5
2026-07-23T1400,4256A,107.375,22.3736,崇左市,石景林东路7号,,30,23,23,3,11,94,NA,59,59,4,10,3,6,0.5,0.5
2026-07-23T1400,4257A,104.6092,35.5962,定西市,将台街,,45,30,31,14,11,142,NA,91,91,3,18,6,5,0.2,0.2
2026-07-23T1400,4258A,111.2416,23.4155,梧州市,政贤路18号,,31,31,28,9,11,81,NA,53,53,1,13,6,7,0.7,0.8
2026-07-23T1400,4259A,113.835877,34.0155267,许昌市,望田路111号,,36,NA,27,17,20,113,NA,64,64,8,11,3,2,0.6,0.6
2026-07-23T1400,4260A,109.5933,23.095,贵港市,中山路155-3号,颗粒物(PM10),56,58,32,26,17,95,NA,48,48,8,15,/,/,0.6,0.6
2026-07-23T1400,4261A,103.7247,27.3415,昭通市,环东路146号,,46,20,39,17,21,146,NA,112,112,5,12,7,11,0.3,0.4
2026-07-23T1400,4263A,105.3688,27.3598,毕节市,工业大道,,47,NA,27,26,20,150,NA,91,91,6,19,8,9,/,/
2026-07-23T1400,4264A,113.234,35.219,焦作市,新安路1731号,,48,20,33,12,20,152,NA,118,118,9,10,9,7,0.4,0.4
2026-07-23T1400,4265A,113.108806,29.353066,岳阳市,求索西路365号,,26,19,21,16,10,82,NA,56,56,5,7,2,2,0.5,0.6
2026-07-23T1400,4266A,117.7325,34.5683,枣庄市,文化路178号,,34,9,25,1,13,106,NA,78,78,5,14,8,8,0.4,0.5
2026-07-23T1400,4268A,112.1722,30.3366,荆州市,学苑路85号,颗粒物(PM10),63,68,25,25,7,100,NA,50,50,4,11,7,5,0.4,0.5
2026-07-23T1400,4269A,114.6701,33.6167,周口市,七一路,,36,19,19,9,12,114,NA,74,74,5,9,2,1,0.5,0.5
2026-07-23T1400,4270A,102.6447,37.9293,武威市,钟楼街149号,,48,27,38,26,17,153,NA,90,90,4,24,10,10,0.3,0.4
2026-07-23T1400,4271A,103.2464,35.6123,临夏回族自治州,滨河东路1号,,47,31,52,4,29,148,NA,95,95,5,15,11,8,0.5,0.6
2026-07-23T1400,4273A,81.2737,43.9337,伊犁哈萨克自治州,安徽路800号,,38,16,18,5,7,120,NA,80,80,4,12,4,4,0.4,0.5
2026-07-23T1400,4274A,117.7994,40.9605,承德市,滨河大街98号,细颗粒物(PM2.5),74,56,29,47,16,72,NA,53,53,6,6,22,10,0.7,0.4
2026-07-23T1400,4275A,111.591512,40.827312,呼和浩特市,成吉思汗西街8号,臭氧1小时(O3_1h),58,19,21,8,9,166,NA,114,114,12,21,8,6,0.4,0.4
2026-07-23T1400,4276A,111.6597,40.8077,呼和浩特市,公园东路75号,,47,17,18,9,11,150,NA,121,NA,8,10,15,14,0.4,0.4
2026-07-23T1400,4277A,111.5427,40.7846,呼和浩特市,金海路35号,,47,18,30,2,12,150,NA,113,113,10,14,9,6,0.5,0.5
2026-07-23T1400,4278A,106.8212,39.6741,乌海市,海拉北路,颗粒物(PM10),60,63,63,25,27,165,NA,120,120,12,20,14,18,0.5,0.6
2026-07-23T1400,4279A,119.7569,49.2222,呼伦贝尔市,伊敏大街东7号,,27,22,18,8,13,85,NA,58,58,7,15,5,5,0.5,0.6
2026-07-23T1400,4280A,122.0921,46.065,兴安盟,洮儿河南路,,46,NA,28,32,20,121,NA,86,86,2,10,6,6,0.4,0.4
2026-07-23T1400,4281A,125.334645,43.916281,长春市,北亚泰大街1068号,颗粒物(PM10),92,108,48,13,30,109,NA,113,113,5,11,3,3,0.4,0.7
2026-07-23T1400,4282A,126.6769,45.7379,哈尔滨市,华山路1号,颗粒物(PM10),53,53,45,32,23,150,NA,100,100,7,18,10,9,0.3,0.4
2026-07-23T1400,4283A,126.9717,45.5356,哈尔滨市,解放大街52号,,45,45,47,15,12,142,NA,98,98,5,13,2,3,0.8,0.8
2026-07-23T1400,4284A,128.8325,47.8447,伊春市,永安路4-1号,,29,12,15,4,11,90,NA,76,76,2,4,2,2,0.4,0.5
2026-07-23T1400,4285A,130.363,46.806,佳木斯市,顺和街,,46,42,32,32,17,108,NA,60,60,11,27,2,2,0.4,0.3
2026-07-23T1400,4286A,130.3952,46.8268,佳木斯市,长安路196号,颗粒物(PM10),54,55,42,22,14,123,NA,66,66,7,27,4,5,0.3,0.3
2026-07-23T1400,4287A,129.5992,44.5964,牡丹江市,东晓云街98号,,31,24,35,8,19,99,NA,75,75,7,11,7,7,0.2,0.4
2026-07-23T1400,4288A,117.2438,34.2844,徐州市,龙潭环路5号,,34,17,22,8,16,108,NA,74,74,6,10,5,6,0.6,0.6
2026-07-23T1400,4289A,117.154766,29.256967,景德镇市,青少年活动中心,,42,42,31,18,15,72,NA,46,46,7,12,13,17,/,/
2026-07-23T1400,4290A,120.196923,35.954556,青岛市,珠江路669号,,32,9,10,7,10,102,NA,85,85,14,15,2,3,0.5,0.5
2026-07-23T1400,4291A,120.0424,35.8656,青岛市,黄岛区人民政府广场,,35,22,10,11,12,110,NA,85,85,13,12,7,5,0.4,0.3
2026-07-23T1400,4292A,116.352738,37.420875,德州市,新河东路,,43,7,17,2,8,135,NA,110,110,9,12,7,7,0.6,0.5
2026-07-23T1400,4293A,113.605125,34.755221,郑州市,计划路2号,,44,36,33,23,19,138,NA,119,119,10,11,3,3,0.4,0.4
2026-07-23T1400,4294A,113.6525645,34.77362682,郑州市,同乐路9号,,49,41,34,22,24,154,NA,126,126,5,6,2,2,0.3,0.3
2026-07-23T1400,4295A,113.2722,35.2121,焦作市,人民路3066号,,47,18,29,10,20,150,NA,119,119,4,7,6,6,0.7,0.8
2026-07-23T1400,4296A,114.6421,33.6417,周口市,健康路46号,,36,23,18,4,7,113,NA,72,72,4,7,1,2,0.5,0.6
2026-07-23T1400,4297A,114.649,33.596,周口市,太昊路,,32,16,20,2,7,102,NA,62,62,2,10,2,2,0.8,0.8
2026-07-23T1400,4298A,114.284,29.8595,咸宁市,碧桂路,NA,NA,19,13,15,5,63,NA,57,57,3,6,4,2,NA,0.4
2026-07-23T1400,4299A,111.6195,26.2253,永州市,徐家井路86号,,26,24,23,18,14,65,NA,57,57,5,7,4,5,0.5,0.5
2026-07-23T1400,4300A,114.4089,23.1147,惠州市,文华一路1号,,42,42,40,25,19,118,NA,72,72,4,7,/,/,/,/
2026-07-23T1400,4301A,110.2803,25.2773,桂林市,信义路13号,,32,32,25,15,15,54,NA,38,38,3,6,3,4,0.6,0.7
2026-07-23T1400,4302A,108.0901,24.6945,河池市,上任中路54号,,26,26,31,4,17,66,NA,43,43,3,7,7,8,0.8,0.9
2026-07-23T1400,4303A,105.5911,30.5368,遂宁市,环岛商务中心9号楼,NA,NA,36,49,12,18,146,NA,109,109,3,11,NA,12,0.6,0.7
2026-07-23T1400,4304A,106.1172,30.843,南充市,清泉寺北路188号,,44,41,48,17,22,139,NA,111,111,4,9,8,9,0.2,0.3
2026-07-23T1400,4305A,106.067,30.7616,南充市,同庆路1号,,45,38,46,19,21,143,NA,112,112,5,9,8,9,0.3,0.4
2026-07-23T1400,4306A,103.0544,30.0133,雅安市,滨江西路,,43,30,34,15,20,135,NA,91,91,6,10,12,9,0.6,0.6
2026-07-23T1400,4307A,108.9817,34.2035,西安市,曲江池东路988号,臭氧1小时(O3_1h),92,40,37,15,13,193,NA,139,139,8,12,4,3,0.7,0.6
2026-07-23T1400,4308A,107.3898,34.3601,宝鸡市,陈仓区北开路21号,,50,33,35,18,17,157,NA,97,97,8,10,5,6,0.6,0.5
2026-07-23T1400,4309A,104.6159,35.5701,定西市,正龙路62号,,40,33,37,10,10,128,NA,88,88,6,10,6,6,0.3,0.3
2026-07-23T1400,4310A,103.207136,35.599807,临夏回族自治州,新华街21号,,43,39,45,8,19,137,NA,100,100,5,10,11,14,0.4,0.4
2026-07-23T1400,4311A,122.0383,46.0691,兴安盟,科尔沁北路63号,,40,28,26,25,17,127,NA,90,90,5,12,3,3,0.3,0.4
2026-07-23T1400,4312A,119.019,31.6512,南京市,中山西路1号,,30,29,24,9,11,94,NA,72,72,4,8,4,4,0.5,0.7
2026-07-23T1400,4314A,114.0494,38.059,石家庄市,矿区区委大楼,臭氧1小时(O3_1h),52,25,23,9,8,161,NA,106,106,2,3,4,4,0.3,0.4
2026-07-23T1400,4325A,105.3665,28.77434,泸州市,纳溪区委政协,臭氧1小时(O3_1h),90,30,38,22,25,192,NA,103,103,11,20,10,7,0.3,0.4
