timepoint,stationcode,longitude,latitude,area,positionname,primarypollutant,aqi,pm10,pm10_24h,pm2_5,pm2_5_24h,o3,o3_24h,o3_8h,o3_8h_24h,no2,no2_24h,so2,so2_24h,co,co_24h
2026-07-23T2300,1001A,116.3611,39.8786,北京市,万寿西宫,,38,37,30,26,23,101,NA,127,124,13,13,3,3,1.0,0.6
2026-07-23T2300,1003A,116.4174,39.9289,北京市,东四,,45,42,32,31,23,91,NA,128,124,21,17,3,2,0.9,0.6
2026-07-23T2300,1004A,116.4073,39.8858,北京市,天坛,颗粒物(PM10),51,51,41,24,20,41,NA,114,100,6,10,2,2,1.3,1
2026-07-23T2300,1005A,116.4622,39.9364,北京市,农展馆,,49,46,38,34,27,83,NA,115,109,17,19,1,1,1.0,0.7
2026-07-23T2300,1006A,116.3399,39.9293,北京市,官园,细颗粒物(PM2.5),52,48,35,36,22,94,NA,128,126,17,14,3,2,1.0,0.7
2026-07-23T2300,1007A,116.2879,39.9613,北京市,海淀万柳,,40,40,33,27,22,72,NA,120,112,21,15,2,2,0.9,0.6
2026-07-23T2300,1008A,116.6635,40.1349,北京市,顺义新城,细颗粒物(PM2.5),56,46,30,38,24,76,NA,112,102,7,4,2,3,0.9,0.6
2026-07-23T2300,1009A,116.6275,40.327,北京市,怀柔镇,,22,21,22,15,16,60,NA,121,100,4,5,3,3,0.6,0.6
2026-07-23T2300,1010A,116.2295,40.217,北京市,昌平镇,,26,25,25,18,17,44,NA,115,92,13,10,2,2,1.0,0.9
2026-07-23T2300,1011A,116.3968,39.982,北京市,奥体中心,,42,39,32,29,22,93,NA,111,110,17,18,2,3,1.0,0.7
2026-07-23T2300,1015A,117.1446,39.1659,天津市,勤俭道,,42,38,36,29,26,76,NA,112,110,17,22,3,3,1.3,1.1
2026-07-23T2300,1018A,117.2016,39.0928,天津市,前进道,,36,26,34,25,26,85,NA,116,114,10,16,6,5,0.9,0.8
2026-07-23T2300,1019A,117.1837,39.2134,天津市,淮河道,,48,44,42,33,27,59,NA,106,101,20,24,6,7,1.3,1
2026-07-23T2300,1021A,117.308261,39.088386,天津市,跃进路,NA,NA,49,36,30,25,NA,NA,116,NA,22,30,6,6,1.3,1.1
2026-07-23T2300,1023A,117.707,39.0344,天津市,第四大街,"颗粒物(PM10),细颗粒物(PM2.5)",56,58,41,38,21,54,NA,96,85,31,38,4,4,1.8,0.9
2026-07-23T2300,1024A,117.4573,38.8395,天津市,永明路,细颗粒物(PM2.5),52,46,37,36,25,75,NA,102,95,12,23,2,2,1.1,0.7
2026-07-23T2300,1026A,117.7641,39.1588,天津市,汉北路,,47,47,39,24,21,54,NA,90,87,14,21,7,8,1.9,1.4
2026-07-23T2300,1030A,114.5919,38.0328,石家庄市,高新区,,39,39,25,24,16,112,NA,156,136,6,6,2,2,0.5,0.4
2026-07-23T2300,1032A,114.4556,38.0136,石家庄市,西南高教,,36,34,23,21,14,114,NA,161,149,11,10,1,2,0.3,0.3
2026-07-23T2300,1033A,114.533,38.0177,石家庄市,世纪公园,,27,27,28,18,12,76,NA,133,113,8,8,3,3,0.4,0.4
2026-07-23T2300,1034A,114.5105,38.0489,石家庄市,人民会堂,,36,34,22,25,14,111,NA,153,137,5,4,1,2,0.2,0.3
2026-07-23T2300,1040A,118.1707,39.6505,唐山市,十二中,,38,33,59,26,34,97,NA,95,95,7,21,3,13,1.0,1.5
2026-07-23T2300,1041A,118.1868,39.6219,唐山市,小山,细颗粒物(PM2.5),52,NA,36,36,35,101,NA,100,100,2,14,2,8,0.9,1.4
2026-07-23T2300,1046A,119.5247,39.9346,秦皇岛市,建设大厦,颗粒物(PM10),56,58,36,25,13,48,NA,106,99,37,19,6,6,0.5,0.4
2026-07-23T2300,1049A,114.492,36.5712,邯郸市,矿院,,35,18,13,16,11,109,NA,158,140,8,2,10,3,1.3,0.5
2026-07-23T2300,1050A,114.4839,36.6136,邯郸市,丛台公园,,31,22,9,9,6,97,NA,156,134,11,3,7,6,1.0,0.4
2026-07-23T2300,1051A,115.4803,38.8568,保定市,游泳馆,,36,36,24,24,18,115,NA,132,129,9,5,2,5,0.3,0.1
2026-07-23T2300,1052A,115.509,38.8895,保定市,华电二区,NA,NA,33,22,24,15,121,NA,141,135,NA,5,8,2,0.8,0.5
2026-07-23T2300,1053A,115.4588,38.9037,保定市,接待中心,,40,40,29,21,18,109,NA,132,126,9,4,2,2,0.6,0.3
2026-07-23T2300,1054A,115.4484,38.8344,保定市,地表水厂,,43,38,27,30,15,117,NA,132,126,8,5,2,2,0.4,0.2
2026-07-23T2300,1057A,114.8884,40.8336,张家口市,人民公园,,33,NA,19,23,22,63,NA,123,101,12,11,2,2,0.3,0.4
2026-07-23T2300,1059A,114.868581,40.804273,张家口市,五金库,,30,30,34,14,15,86,NA,117,102,13,11,/,/,/,/
2026-07-23T2300,1060A,114.8901,40.762,张家口市,世纪豪园,,30,22,23,21,17,77,NA,114,97,13,7,4,4,0.4,0.5
2026-07-23T2300,1062A,117.9531,40.908,承德市,铁路,细颗粒物(PM2.5),60,62,43,40,28,23,NA,86,65,13,11,6,10,0.7,0.5
2026-07-23T2300,1063A,117.9397,40.9763,承德市,中国银行,细颗粒物(PM2.5),60,59,43,40,27,22,NA,90,66,11,9,4,8,0.7,0.6
2026-07-23T2300,1067A,116.6712,39.5109,廊坊市,药材公司,,46,46,39,27,27,79,NA,103,100,12,14,2,3,1.0,0.8
2026-07-23T2300,1068A,116.7215,39.5592,廊坊市,开发区,,48,34,35,33,27,58,NA,99,89,28,13,1,2,1.1,0.9
2026-07-23T2300,1070A,116.7246,39.5273,廊坊市,北华航天学院,,46,33,33,32,33,70,NA,98,95,14,17,3,3,1.0,0.9
2026-07-23T2300,1071A,116.8733,38.2922,沧州市,沧县城建局,,46,35,23,32,23,91,NA,128,120,10,6,4,4,0.6,0.4
2026-07-23T2300,1072A,116.8462,38.3189,沧州市,电视转播站,,45,45,32,29,16,82,NA,123,112,9,8,3,3,0.5,0.3
2026-07-23T2300,1073A,116.8588,38.3161,沧州市,市环保局,颗粒物(PM10),53,53,41,26,20,100,NA,137,127,13,10,4,3,0.4,0.1
2026-07-23T2300,1074A,115.6839,37.754,衡水市,电机北厂,颗粒物(PM10),65,70,29,41,15,90,NA,141,125,20,6,3,3,0.4,0.4
2026-07-23T2300,1075A,115.6303,37.7318,衡水市,市监测站,,47,47,28,27,11,109,NA,141,132,12,4,3,3,0.6,0.5
2026-07-23T2300,1077A,114.4687,37.0883,邢台市,达活泉,,32,18,16,10,8,102,NA,156,135,2,3,3,3,0.5,0.3
2026-07-23T2300,1078A,114.4954,37.0309,邢台市,邢师高专,,36,36,17,12,8,76,NA,149,123,4,3,2,1,1.1,0.5
2026-07-23T2300,1079A,114.5281,37.0857,邢台市,路桥公司,,32,32,19,11,7,85,NA,136,111,6,4,1,3,0.5,0.1
2026-07-23T2300,1080A,114.4721,37.0713,邢台市,市环保局,,29,22,19,7,8,90,NA,149,124,4,3,3,3,0.6,0.4
2026-07-23T2300,1081A,112.5138,37.8916,太原市,尖草坪,,35,24,32,11,19,109,NA,163,142,18,10,7,7,0.8,0.5
2026-07-23T2300,1084A,112.4691,37.7125,太原市,晋源,,34,34,34,10,20,106,NA,158,138,20,12,4,8,0.5,0.7
2026-07-23T2300,1085A,112.5595,37.7391,太原市,小店,NA,NA,NA,39,NA,19,NA,NA,155,NA,NA,15,NA,8,NA,0.4
2026-07-23T2300,1087A,112.5705,37.8199,太原市,坞城,,36,17,38,13,18,114,NA,164,140,17,13,8,11,0.8,0.2
2026-07-23T2300,1088A,112.5495,37.9853,太原市,南寨,,26,18,38,11,19,81,NA,153,124,14,18,10,13,0.6,0.8
2026-07-23T2300,1090A,111.6506,40.7517,呼和浩特市,呼市一监,,26,22,15,6,8,81,NA,152,126,17,8,8,8,0.6,0.3
2026-07-23T2300,1094A,111.7516,40.8369,呼和浩特市,如意水处理厂,,22,22,20,10,12,70,NA,160,112,29,13,8,6,0.5,0.4
2026-07-23T2300,1095A,111.727798,40.806187,呼和浩特市,二十九中,,29,28,21,20,13,84,NA,158,124,16,7,11,10,0.6,0.4
2026-07-23T2300,1097A,111.717,40.7617,呼和浩特市,化肥厂生活区,,32,25,20,16,17,102,NA,158,131,13,10,14,13,0.8,0.7
2026-07-23T2300,1099A,123.5058,41.7084,沈阳市,浑南东路,,44,44,28,29,15,21,NA,153,94,70,21,2,4,0.9,0.8
2026-07-23T2300,1100A,123.4238,41.6992,沈阳市,新秀街,NA,NA,NA,NA,NA,NA,NA,NA,NA,NA,NA,NA,NA,NA,NA,NA
2026-07-23T2300,1102A,123.5903,41.8412,沈阳市,东陵路,颗粒物(PM10),51,51,34,33,15,62,NA,147,109,16,10,4,4,0.6,0.6
2026-07-23T2300,1103A,123.4267,41.8466,沈阳市,陵东街,细颗粒物(PM2.5),64,NA,30,42,21,58,NA,146,97,10,8,2,3,0.8,0.7
2026-07-23T2300,1104A,123.4116,41.7654,沈阳市,文化路,细颗粒物(PM2.5),78,61,35,49,18,84,NA,156,119,26,14,3,4,0.9,0.7
2026-07-23T2300,1105A,123.4673,41.787,沈阳市,小河沿,细颗粒物(PM2.5),70,NA,31,45,17,112,NA,146,111,21,14,2,2,1.0,0.9
2026-07-23T2300,1106A,123.4019,41.7978,沈阳市,太原街,颗粒物(PM10),81,93,40,44,21,111,NA,169,130,23,14,1,2,1.0,0.7
2026-07-23T2300,1108A,123.3778,41.9233,沈阳市,京沈街,细颗粒物(PM2.5),72,75,48,46,26,88,NA,183,136,24,14,4,4,0.9,0.8
2026-07-23T2300,1109A,121.6119,38.974,大连市,甘井子,,29,12,16,12,12,91,NA,92,87,2,3,8,8,0.6,0.7
2026-07-23T2300,1110A,121.565,38.9509,大连市,周水子,,32,NA,16,22,16,78,NA,85,68,14,15,7,6,0.9,0.9
2026-07-23T2300,1111A,121.5637,38.8849,大连市,星海三站,,31,15,14,13,12,98,NA,89,85,3,4,5,5,0.9,0.9
2026-07-23T2300,1112A,121.6301,38.9117,大连市,青泥洼桥,,28,NA,14,14,13,87,NA,85,81,1,2,7,7,0.7,0.8
2026-07-23T2300,1113A,121.6248,38.8643,大连市,傅家庄,,30,11,12,9,12,93,NA,83,83,2,2,7,7,0.6,0.7
2026-07-23T2300,1114A,121.5117,38.8636,大连市,七贤岭,,30,17,18,12,13,95,NA,84,84,3,5,6,6,0.6,0.6
2026-07-23T2300,1116A,121.7507,39.1339,大连市,金州,,23,11,14,9,12,72,NA,83,72,5,5,10,10,0.6,0.6
2026-07-23T2300,1117A,121.7811,39.0495,大连市,开发区,,26,17,18,10,12,82,NA,84,79,6,8,8,8,0.6,0.6
2026-07-23T2300,1118A,121.9762,39.0631,大连市,双D港,,11,10,15,3,12,34,NA,80,60,1,3,6,6,0.4,0.5
2026-07-23T2300,1120A,125.2874,43.9024,长春市,客车厂,,28,28,35,17,21,55,NA,125,83,17,9,4,4,0.6,0.6
2026-07-23T2300,1121A,125.2943,43.8508,长春市,邮电学院,,22,20,30,15,22,44,NA,117,72,11,5,6,7,0.4,0.5
2026-07-23T2300,1122A,125.3648,43.8745,长春市,劳动公园,,19,13,30,11,21,60,NA,119,79,16,11,6,6,0.4,0.3
2026-07-23T2300,1123A,125.3233,43.8781,长春市,园林处,,28,28,32,14,21,60,NA,120,84,13,8,2,2,0.4,0.4
2026-07-23T2300,1124A,125.4604,43.7904,长春市,净月潭,,20,20,26,13,21,29,NA,92,38,5,4,6,6,0.2,0.4
2026-07-23T2300,1126A,125.38,43.8422,长春市,经开区环卫处,,24,24,31,11,20,60,NA,113,76,13,9,2,2,0.3,0.4
2026-07-23T2300,1127A,125.234,43.7761,长春市,高新区管委会,,26,26,38,12,21,47,NA,111,77,18,8,4,4,0.5,0.6
2026-07-23T2300,1128A,125.1695,43.83,长春市,岱山公园,,21,21,32,14,21,44,NA,116,77,29,12,1,2,0.4,0.4
2026-07-23T2300,1130A,126.5557,45.8109,哈尔滨市,松北商大,,19,19,48,12,33,30,NA,132,94,24,17,5,6,0.6,0.7
2026-07-23T2300,1132A,126.6162,45.719,哈尔滨市,南岗学府路,,32,32,52,12,24,44,NA,142,108,35,18,10,8,0.5,0.4
2026-07-23T2300,1133A,126.6894,45.7733,哈尔滨市,太平宏伟公园,颗粒物(PM10),53,53,57,36,26,6,NA,139,93,79,24,6,7,0.6,0.5
2026-07-23T2300,1134A,126.6361,45.7672,哈尔滨市,道外承德广场,颗粒物(PM10),63,67,65,27,28,20,NA,144,88,59,27,4,6,0.6,0.8
2026-07-23T2300,1136A,126.644,45.7261,哈尔滨市,动力和平路,,36,34,56,25,24,42,NA,144,108,48,24,1,4,0.6,0.6
2026-07-23T2300,1137A,126.5933,45.7479,哈尔滨市,道里建国路,"颗粒物(PM10),细颗粒物(PM2.5)",56,58,61,38,32,38,NA,125,91,45,19,4,5,0.9,1.1
2026-07-23T2300,1138A,126.6127,45.6119,哈尔滨市,平房东轻厂,NA,NA,NA,34,NA,24,65,NA,132,113,20,13,4,7,0.7,0.8
2026-07-23T2300,1139A,126.5875,45.9827,哈尔滨市,呼兰师专,,18,18,58,12,25,37,NA,146,110,29,22,5,10,0.3,0.5
2026-07-23T2300,1140A,126.6299,45.6799,哈尔滨市,省农科院,,50,50,61,12,29,14,NA,123,93,83,33,5,5,0.6,0.6
2026-07-23T2300,1141A,121.401,31.2382,上海市,普陀,,44,44,43,25,26,79,NA,167,150,16,14,6,6,0.2,0.3
2026-07-23T2300,1142A,121.4774,31.2043,上海市,十五厂,,45,45,45,26,27,69,NA,168,139,14,15,5,5,0.5,0.5
2026-07-23T2300,1143A,121.4673,31.3011,上海市,虹口,,47,47,46,26,28,83,NA,171,147,10,9,4,4,0.8,0.9
2026-07-23T2300,1147A,121.4253,31.226,上海市,静安监测站,,48,48,46,25,28,85,NA,173,154,13,14,7,7,0.6,0.8
2026-07-23T2300,1148A,121.7029,31.1905,上海市,浦东川沙,,46,46,44,26,27,62,NA,162,137,19,12,9,8,0.5,0.7
2026-07-23T2300,1149A,121.5339,31.229,上海市,浦东新区监测站,,41,41,41,25,27,71,NA,152,130,12,13,7,7,0.6,0.6
2026-07-23T2300,1150A,121.5776,31.2038,上海市,浦东张江,,39,39,42,22,25,79,NA,171,145,10,11,7,7,0.2,0.3
2026-07-23T2300,1151A,118.8033,32.1085,南京市,迈皋桥,,18,18,24,12,11,31,NA,99,46,13,8,5,5,0.5,0.3
2026-07-23T2300,1152A,118.7487,32.057,南京市,草场门,,20,19,23,14,12,32,NA,102,55,31,16,5,6,0.7,0.6
2026-07-23T2300,1154A,118.770105,32.004342,南京市,中华门,,19,19,20,11,10,14,NA,85,34,28,17,7,6,0.1,0.1
2026-07-23T2300,1155A,118.8059,32.0329,南京市,瑞金路,,18,14,24,12,14,20,NA,96,37,32,22,4,4,0.8,0.7
2026-07-23T2300,1156A,118.7946,32.0774,南京市,玄武湖,,14,14,31,7,9,32,NA,86,38,20,15,7,8,0.4,0.3
2026-07-23T2300,1157A,118.6415,32.0964,南京市,浦口,,21,21,27,5,8,12,NA,82,30,17,14,3,3,0.3,0.5
2026-07-23T2300,1158A,118.730129,32.000956,南京市,奥体中心,,23,23,28,11,10,29,NA,98,50,29,17,4,5,1.2,1
2026-07-23T2300,1159A,118.9072,32.1047,南京市,仙林大学城,NA,NA,NA,33,12,12,30,NA,101,44,22,19,8,8,0.3,0.4
2026-07-23T2300,1163A,120.5974,31.3247,苏州市,轧钢厂,,47,47,41,25,21,86,NA,128,124,24,21,10,9,0.7,0.6
2026-07-23T2300,1164A,120.6329,31.2741,苏州市,吴中区,颗粒物(PM10),58,60,44,32,25,112,NA,144,144,16,16,6,5,0.6,0.5
2026-07-23T2300,1165A,120.5566,31.3049,苏州市,苏州新区,,47,47,40,29,27,62,NA,135,131,29,15,8,6,0.8,0.5
2026-07-23T2300,1166A,120.668709,31.312523,苏州市,苏州工业园区,颗粒物(PM10),51,51,42,28,26,116,NA,158,158,9,12,10,9,0.4,0.4
2026-07-23T2300,1167A,120.6408,31.3707,苏州市,相城区,,48,40,42,33,28,97,NA,146,140,16,15,13,12,1.1,0.8
2026-07-23T2300,1168A,120.9056,31.9669,南通市,狼山街道,,28,17,27,16,18,89,NA,171,124,9,16,3,5,0.4,0.5
2026-07-23T2300,1170A,120.8635,32.0231,南通市,城中,,32,24,32,22,13,88,NA,147,114,8,15,2,3,0.7,0.7
2026-07-23T2300,1171A,120.9376,31.9301,南通市,星湖花园,,28,17,28,16,21,88,NA,168,131,10,17,3,4,0.3,0.4
2026-07-23T2300,1172A,120.8053,32.046,南通市,紫琅学院,,28,22,30,11,14,88,NA,144,100,9,22,3,5,0.6,0.6
2026-07-23T2300,1173A,119.1759,34.5885,连云港市,市环境监测站,,20,NA,11,14,13,52,NA,73,65,7,10,4,4,0.4,0.4
2026-07-23T2300,1180A,117.257,34.2161,徐州市,新城区,NA,NA,0,13,NA,2,51,NA,93,76,1,7,6,6,0.3,0.1
2026-07-23T2300,1182A,117.2933,34.2796,徐州市,农科院,,23,22,19,16,15,53,NA,91,74,8,8,2,3,0.5,0.5
2026-07-23T2300,1186A,119.3895,32.377,扬州市,邗江监测站,,16,NA,18,10,13,49,NA,89,61,12,14,7,8,0.5,0.5
2026-07-23T2300,1188A,120.2693,31.4864,无锡市,雪浪,,33,29,34,23,17,64,NA,113,84,21,11,4,4,1.0,0.8
2026-07-23T2300,1189A,120.2761,31.621,无锡市,黄巷,,31,31,28,12,4,47,NA,86,68,34,15,7,6,1.5,1
2026-07-23T2300,1191A,120.2422,31.5037,无锡市,漆塘,,30,30,33,16,16,66,NA,114,80,18,8,7,6,0.9,0.6
2026-07-23T2300,1192A,120.3489,31.5865,无锡市,东亭,,35,NA,22,24,15,52,NA,105,78,24,17,7,6,0.9,0.4
2026-07-23T2300,1193A,120.3538,31.5474,无锡市,旺庄,,35,28,26,24,15,54,NA,108,82,20,14,9,8,1.2,0.8
2026-07-23T2300,1194A,120.2447,31.5633,无锡市,荣巷,,42,31,28,29,14,77,NA,114,88,23,12,6,6,0.7,0.4
2026-07-23T2300,1195A,120.2986,31.6816,无锡市,堰桥,,39,27,25,27,12,63,NA,114,86,20,19,6,5,1.1,0.9
2026-07-23T2300,1196A,119.9524,31.7586,常州市,市监测站,,20,NA,23,14,11,52,NA,92,62,19,12,8,7,0.5,0.4
2026-07-23T2300,1200A,119.9351,31.703,常州市,武进监测站,,29,29,24,18,14,58,NA,87,63,20,14,5,5,0.6,0.5
2026-07-23T2300,1203A,119.6708,32.187,镇江市,新区办事处,,22,16,24,15,15,34,NA,96,57,28,19,7,5,0.5,0.5
2026-07-23T2300,1204A,119.497455,32.196732,镇江市,职教中心,,21,21,25,14,13,28,NA,88,57,35,20,4,6,0.5,0.6
2026-07-23T2300,1205A,119.43,32.1328,镇江市,丹徒区监测站,,28,20,26,19,15,28,NA,91,59,30,15,6,5,0.9,0.8
2026-07-23T2300,1206A,119.9042,32.488,泰州市,公园路,,16,NA,19,11,11,49,NA,112,65,5,12,7,8,0.5,0.6
2026-07-23T2300,1207A,119.9189,32.4626,泰州市,莲花,,17,NA,21,6,10,53,NA,108,68,3,12,6,8,0.4,0.5
2026-07-23T2300,1209A,119.8877,32.4636,泰州市,留学生创业园,,18,14,26,9,16,55,NA,107,68,7,17,8,10,0.8,0.8
2026-07-23T2300,1210A,119.0566,33.5991,淮安市,钵池山,,16,14,23,10,16,49,NA,54,49,7,12,2,2,0.9,1
2026-07-23T2300,1211A,119.0083,33.578,淮安市,北京南路,,15,14,19,9,20,48,NA,55,49,4,12,3,4,0.8,1
2026-07-23T2300,1212A,118.9938,33.6083,淮安市,市监测站,,15,NA,10,8,14,48,NA,58,52,10,13,6,6,0.9,1
2026-07-23T2300,1213A,119.135,33.5038,淮安市,楚州区监测站,,13,NA,10,8,14,41,NA,60,45,9,10,4,4,0.8,0.8
2026-07-23T2300,1216A,120.1554,33.3941,盐城市,市监测站,,19,4,12,3,7,58,NA,75,61,9,9,9,9,0.3,0.4
2026-07-23T2300,1218A,120.214332,33.37951,盐城市,开发区管委会,,17,NA,15,9,11,52,NA,73,59,9,7,10,9,0.6,0.7
2026-07-23T2300,1220A,118.2924,33.933,宿迁市,宿迁学院,,17,13,16,11,14,53,NA,57,54,3,5,8,8,0.2,0.6
2026-07-23T2300,1221A,118.2321,33.9572,宿迁市,宿迁中学,NA,NA,NA,15,NA,13,NA,NA,77,69,NA,11,NA,6,NA,0.7
2026-07-23T2300,1223A,120.2073,30.2111,杭州市,滨江,颗粒物(PM10),63,67,39,31,19,20,NA,88,64,61,27,5,4,0.7,0.5
2026-07-23T2300,1224A,120.0625,30.2737,杭州市,西溪,,27,27,20,16,14,12,NA,66,42,22,12,4,4,0.7,0.7
2026-07-23T2300,1226A,120.3417,30.315,杭州市,下沙,颗粒物(PM10),56,58,35,33,20,60,NA,102,95,33,25,3,4,0.9,0.8
2026-07-23T2300,1227A,120.1252,30.2465,杭州市,卧龙桥,,33,27,28,23,19,24,NA,81,42,12,12,5,6,0.7,0.7
2026-07-23T2300,1228A,120.1902,30.2691,杭州市,浙江农大,颗粒物(PM10),59,62,34,38,14,55,NA,83,66,40,27,9,7,0.6,0.5
2026-07-23T2300,1230A,120.1195,30.3121,杭州市,和睦小学,细颗粒物(PM2.5),66,NA,17,43,17,82,NA,82,79,22,15,10,9,0.9,0.7
2026-07-23T2300,1231A,120.3076,30.4146,杭州市,临平镇,颗粒物(PM10),67,73,40,34,21,55,NA,103,90,32,18,7,6,0.8,0.7
2026-07-23T2300,1232A,120.2753,30.1839,杭州市,城厢镇,颗粒物(PM10),51,51,35,34,22,7,NA,88,62,63,22,5,5,0.8,0.7
2026-07-23T2300,1233A,120.0883,30.1808,杭州市,云栖,,36,36,33,21,17,21,NA,69,40,18,15,5,5,0.8,0.8
2026-07-23T2300,1234A,121.8352,29.9111,宁波市,区环保大楼,,33,33,44,14,20,42,NA,98,64,3,4,4,4,0.6,0.7
2026-07-23T2300,1235A,121.5595,29.8208,宁波市,万里学院,,38,38,43,12,21,45,NA,111,79,11,8,11,6,0.5,0.6
2026-07-23T2300,1236A,121.713,29.9564,宁波市,龙赛医院,,36,36,45,13,22,46,NA,112,77,4,6,8,7,0.2,0.3
2026-07-23T2300,1240A,121.5855,29.8635,宁波市,太古小学,,37,37,42,15,19,43,NA,106,76,5,3,4,4,0.2,0.4
2026-07-23T2300,1241A,121.5239,29.8673,宁波市,市环境监测中心,颗粒物(PM10),51,51,48,15,24,51,NA,115,81,8,8,18,10,0.4,0.4
2026-07-23T2300,1242A,120.6342,28.0088,温州市,瓯海,,48,48,44,26,24,78,NA,115,92,9,10,5,5,0.5,0.5
2026-07-23T2300,1243A,120.6747,27.9881,温州市,南浦,颗粒物(PM10),51,51,51,27,25,86,NA,118,95,7,8,5,6,0.6,0.5
2026-07-23T2300,1244A,120.76,27.9745,温州市,龙湾,颗粒物(PM10),51,51,51,22,22,72,NA,96,85,7,7,6,6,0.5,0.5
2026-07-23T2300,1247A,120.6053,29.9927,绍兴市,城东开发委,,42,42,37,29,25,77,NA,117,107,7,8,10,10,0.6,0.6
2026-07-23T2300,1250A,120.075,30.867,湖州市,城西水厂,,42,42,30,27,19,62,NA,112,89,24,20,6,6,0.4,0.4
2026-07-23T2300,1252A,120.7439,30.778,嘉兴市,清河小学,颗粒物(PM10),53,53,43,14,17,65,NA,159,128,20,15,5,5,0.6,0.8
2026-07-23T2300,1253A,120.7261,30.7477,嘉兴市,嘉兴学院,,39,38,36,27,27,65,NA,168,132,21,16,2,3,0.7,0.6
2026-07-23T2300,1255A,121.2727,28.6461,台州市,黄岩环保大楼,,39,39,45,17,18,50,NA,91,71,5,4,/,/,/,/
2026-07-23T2300,1256A,121.4188,28.6545,台州市,台州环保大楼,,41,41,40,26,17,50,NA,66,50,5,4,/,/,0.4,0.4
2026-07-23T2300,1257A,121.3768,28.5772,台州市,路桥田洋王,,49,49,43,20,17,51,NA,70,56,8,5,6,6,0.3,0.2
2026-07-23T2300,1258A,122.1223,30.0203,舟山市,定海檀枫,,38,38,42,15,17,53,NA,81,62,10,14,7,7,0.6,0.6
2026-07-23T2300,1260A,122.1898,29.9945,舟山市,临城新区,,29,29,38,12,15,47,NA,81,64,5,8,2,3,0.6,0.6
2026-07-23T2300,1262A,119.6478,29.0773,金华市,十五中,,38,38,38,21,20,69,NA,110,93,6,10,1,2,0.4,0.5
2026-07-23T2300,1263A,119.6859,29.1032,金华市,监测站,,43,43,36,12,19,58,NA,102,86,12,10,2,2,0.5,0.5
2026-07-23T2300,1264A,118.8694,28.94,衢州市,环保大楼,,45,45,38,23,20,37,NA,91,67,20,14,/,/,/,/
2026-07-23T2300,1266A,118.8622,28.9809,衢州市,衢州学院,,47,47,35,24,22,11,NA,103,73,51,19,4,4,0.7,0.6
2026-07-23T2300,1267A,119.9141,28.4513,丽水市,监测站大楼,,43,43,32,24,17,82,NA,86,71,11,10,5,5,0.6,0.6
2026-07-23T2300,1268A,119.93,28.4589,丽水市,莲都小学,,46,46,36,28,17,95,NA,89,80,9,9,/,/,/,/
2026-07-23T2300,1269A,119.8794,28.4232,丽水市,余庄前,,46,46,33,26,18,102,NA,103,93,8,8,5,6,0.6,0.6
2026-07-23T2300,1270A,117.1957,31.7845,合肥市,明珠广场,,20,NA,11,8,8,61,NA,58,49,7,13,7,7,0.5,0.6
2026-07-23T2300,1271A,117.307,31.8765,合肥市,三里街,,15,12,12,5,7,46,NA,58,39,10,14,9,9,0.5,0.5
2026-07-23T2300,1272A,117.2587,31.8703,合肥市,琥珀山庄,,18,17,15,6,7,56,NA,62,48,8,12,7,8,0.4,0.4
2026-07-23T2300,1275A,117.2593,31.9376,合肥市,庐阳区,,19,9,14,4,8,58,NA,60,45,9,14,9,9,0.4,0.4
2026-07-23T2300,1276A,117.345251,31.861615,合肥市,瑶海区,,15,12,13,8,6,46,NA,61,42,9,12,2,2,0.3,0.2
2026-07-23T2300,1277A,117.3033,31.7967,合肥市,包河区,,19,7,12,2,4,60,NA,62,43,6,12,8,8,0.3,0.4
2026-07-23T2300,1278A,117.278,31.7392,合肥市,滨湖新区,,21,9,9,4,5,67,NA,66,58,4,9,6,7,0.6,0.6
2026-07-23T2300,1279A,117.1324,31.8395,合肥市,高新区,,20,14,15,7,7,61,NA,47,47,6,11,7,7,0.6,0.5
2026-07-23T2300,1282A,119.2681,26.0506,福州市,师大,颗粒物(PM10),60,63,57,25,28,64,NA,146,116,15,13,5,5,0.4,0.4
2026-07-23T2300,1283A,119.2983,26.1028,福州市,五四北路,NA,NA,52,53,21,27,NA,NA,153,126,19,14,6,5,0.5,0.5
2026-07-23T2300,1284A,119.2648,26.0769,福州市,杨桥西路,NA,NA,56,57,18,27,NA,NA,149,NA,14,12,5,5,/,/
2026-07-23T2300,1287A,118.1519,24.4768,厦门市,洪文,,45,45,51,22,22,47,NA,94,66,18,12,3,4,0.2,0.2
2026-07-23T2300,1288A,118.0671,24.4447,厦门市,鼓浪屿,,47,47,49,23,22,54,NA,72,50,16,13,3,3,/,/
2026-07-23T2300,1291A,115.8887,28.7006,南昌市,省林业公司,,35,34,21,24,18,68,NA,103,92,16,12,6,6,0.6,0.6
2026-07-23T2300,1292A,115.813,28.7443,南昌市,林科所,,26,24,23,18,15,29,NA,89,75,41,20,8,5,0.6,0.9
2026-07-23T2300,1294A,115.8518,28.687,南昌市,建工学校,,33,30,20,23,20,56,NA,94,79,15,13,5,5,0.5,0.5
2026-07-23T2300,1295A,115.8926,28.6425,南昌市,象湖,,36,28,19,25,18,46,NA,96,78,21,15,8,9,0.4,0.4
2026-07-23T2300,1299A,116.9866,36.6118,济南市,科干所,细颗粒物(PM2.5),54,39,22,37,12,128,NA,157,148,13,12,4,4,0.8,0.7
2026-07-23T2300,1300A,116.9379,36.6652,济南市,农科所,,42,17,19,15,11,132,NA,147,140,11,10,5,4,0.3,0.3
2026-07-23T2300,1301A,117.1265,36.6736,济南市,开发区,细颗粒物(PM2.5),62,NA,24,41,13,105,NA,162,137,12,12,6,6,0.8,0.7
2026-07-23T2300,1303A,117.0616,36.6865,济南市,省种子仓库,,46,36,26,32,13,137,NA,159,149,13,13,6,6,0.2,0.2
2026-07-23T2300,1304A,116.9495185,36.644937,济南市,机床二厂,,49,27,23,23,12,156,NA,162,158,8,7,7,6,0.5,0.4
2026-07-23T2300,1305A,117.0496,36.6629,济南市,市监测站,,42,37,24,29,11,132,NA,154,148,16,13,5,4,0.6,0.6
2026-07-23T2300,1306A,116.7674,36.5458,济南市,长清党校,,46,NA,23,32,14,123,NA,142,136,14,9,5,4,0.4,0.4
2026-07-23T2300,1310A,120.404,36.0625,青岛市,市南区东部子站,,23,NA,16,16,15,58,NA,104,86,13,12,7,7,0.4,0.4
2026-07-23T2300,1311A,120.362344,36.10282,青岛市,四方区子站,,26,12,16,12,15,82,NA,120,109,5,8,8,8,0.8,0.8
2026-07-23T2300,1312A,120.294373,36.054183,青岛市,市南区西部子站,,22,NA,14,12,14,69,NA,106,98,18,23,7,6,0.7,0.7
2026-07-23T2300,1313A,120.4581,36.0858,青岛市,崂山区子站,,27,NA,17,15,12,85,NA,116,108,10,18,8,8,0.4,0.5
2026-07-23T2300,1315A,120.3945,36.3083,青岛市,城阳区子站,NA,NA,17,21,17,16,NA,NA,139,118,9,12,4,4,0.4,0.4
2026-07-23T2300,1316A,113.6843,34.7622,郑州市,烟厂,,43,10,24,4,17,135,NA,132,119,6,10,2,2,0.2,0.3
2026-07-23T2300,1318A,113.669,34.8034,郑州市,银行学校,NA,NA,NA,25,12,18,123,NA,125,110,8,10,3,3,NA,0.3
2026-07-23T2300,1319A,113.5612,34.8143,郑州市,供水公司,,40,14,25,7,15,126,NA,151,134,9,10,3,3,0.2,0.3
2026-07-23T2300,1320A,113.7269,34.7187,郑州市,经开区管委,,41,NA,28,16,18,130,NA,130,114,6,12,3,3,0.4,0.5
2026-07-23T2300,1321A,113.7332,34.7727,郑州市,四十七中,,41,19,29,12,19,130,NA,126,114,6,9,2,1,0.3,0.4
2026-07-23T2300,1323A,113.6361,34.7537,郑州市,河医大,,40,14,28,10,17,126,NA,130,108,8,12,1,1,0.4,0.5
2026-07-23T2300,1325A,114.3676,30.5584,武汉市,东湖梨园,,26,26,20,14,10,25,NA,79,64,19,9,6,6,0.4,0.5
2026-07-23T2300,1326A,114.2527,30.5578,武汉市,汉阳月湖,,30,30,23,17,12,36,NA,85,70,18,10,4,4,1.0,1
2026-07-23T2300,1327A,114.2819,30.6189,武汉市,汉口花桥,,26,26,17,11,14,40,NA,100,82,18,9,5,5,0.5,0.6
2026-07-23T2300,1328A,114.3024,30.5332,武汉市,武昌紫阳,,21,21,30,12,11,54,NA,90,83,6,10,5,5,0.4,0.5
2026-07-23T2300,1329A,114.3646,30.6217,武汉市,青山钢花,,27,27,18,13,12,44,NA,88,75,10,8,5,4,0.5,0.5
2026-07-23T2300,1330A,114.156697,30.482592,武汉市,沌口新区,,25,25,19,17,12,46,NA,94,76,20,11,6,6,0.3,0.4
2026-07-23T2300,1331A,114.3013,30.5944,武汉市,汉口江滩,,30,25,20,21,13,10,NA,79,55,50,24,2,2,0.7,0.7
2026-07-23T2300,1333A,114.1285,30.6339,武汉市,吴家山,,32,31,24,22,14,55,NA,97,84,19,11,5,5,0.4,0.5
2026-07-23T2300,1335A,113.082,28.2421,长沙市,经开区环保局,,29,29,26,16,15,47,NA,94,76,7,5,4,5,0.4,0.5
2026-07-23T2300,1336A,112.8873,28.2202,长沙市,高开区环保局,,32,32,27,14,14,52,NA,76,71,6,4,8,4,1.0,0.7
2026-07-23T2300,1337A,113.0785,28.2012,长沙市,马坡岭,,29,29,27,15,14,48,NA,99,79,10,7,6,7,0.1,0.3
2026-07-23T2300,1338A,112.9448,28.1894,长沙市,湖南师范大学,,33,33,29,17,13,46,NA,87,76,6,5,6,7,0.3,0.3
2026-07-23T2300,1339A,113.0177,28.1322,长沙市,雨花区环保局,,25,25,27,16,13,51,NA,92,75,9,9,6,6,0.6,0.7
2026-07-23T2300,1340A,112.9795,28.2593,长沙市,伍家岭,,29,29,26,16,15,47,NA,88,78,12,7,4,4,0.3,0.3
2026-07-23T2300,1341A,113.002,28.1944,长沙市,火车新站,,28,28,30,15,15,50,NA,86,73,4,5,7,9,0.4,0.5
2026-07-23T2300,1342A,112.9846,28.1177,长沙市,天心区环保局,,23,23,27,12,15,53,NA,95,82,9,8,4,4,0.3,0.3
2026-07-23T2300,1343A,112.8906,28.1307,长沙市,湖南中医药大学,,29,29,28,16,13,47,NA,82,71,13,7,11,7,1.0,0.6
2026-07-23T2300,1345A,113.2346,23.1423,广州市,广雅中学,,44,44,41,22,23,46,NA,132,99,19,15,5,5,0.5,0.4
2026-07-23T2300,1346A,113.2611,23.105,广州市,市五中,,44,44,43,22,24,54,NA,152,113,19,16,5,4,/,/
2026-07-23T2300,1348A,113.3477,23.0916,广州市,广东商学院,,44,44,38,21,20,32,NA,125,90,29,17,4,4,0.5,0.5
2026-07-23T2300,1349A,113.4332,23.105,广州市,市八十六中,,33,33,31,21,18,25,NA,120,85,38,24,5,6,/,/
2026-07-23T2300,1350A,113.3506,22.9488,广州市,番禺中学,颗粒物(PM10),52,52,48,19,21,46,NA,115,87,12,12,6,6,0.3,0.4
2026-07-23T2300,1351A,113.2147,23.3918,广州市,花都师范,颗粒物(PM10),53,53,52,26,33,62,NA,163,132,23,21,3,3,0.3,0.3
2026-07-23T2300,1352A,113.2599,23.1329,广州市,市监测站,,43,43,44,24,24,52,NA,138,105,15,12,3,2,/,/
2026-07-23T2300,1353A,113.5618,23.3119,广州市,九龙镇镇龙,,49,49,45,21,22,28,NA,140,99,34,22,9,8,0.5,0.5
2026-07-23T2300,1354A,113.2764,23.1544,广州市,麓湖,NA,NA,42,39,27,23,NA,NA,131,NA,17,16,6,7,0.5,0.6
2026-07-23T2300,1356A,114.0948,22.5506,深圳市,通心岭子站,,36,36,38,18,17,39,NA,101,74,17,10,4,4,0.7,0.6
2026-07-23T2300,1357A,114.1153,22.5713,深圳市,洪湖,,41,41,39,17,18,43,NA,95,71,14,9,6,6,0.5,0.5
2026-07-23T2300,1358A,113.9823,22.5398,深圳市,华侨城,,32,32,26,16,17,55,NA,88,70,8,12,/,/,/,/
2026-07-23T2300,1359A,113.9181,22.517,深圳市,南海子站,,40,40,39,19,19,55,NA,81,68,4,10,6,6,0.7,0.7
2026-07-23T2300,1360A,114.2345,22.565,深圳市,盐田,,31,31,34,15,16,35,NA,75,64,21,16,6,6,0.5,0.5
2026-07-23T2300,1363A,114.4911,22.5381,深圳市,南澳,,41,41,40,17,15,32,NA,72,64,6,5,/,/,/,/
2026-07-23T2300,1364A,114.41,22.6346,深圳市,葵涌,NA,NA,47,37,28,20,NA,NA,76,76,11,8,7,7,0.7,0.7
2026-07-23T2300,1365A,114.2967,22.5978,深圳市,梅沙,,36,36,36,14,15,41,NA,82,70,4,8,/,/,/,/
2026-07-23T2300,1366A,114.0563,22.7353,深圳市,观澜,颗粒物(PM10),53,54,42,20,18,30,NA,130,94,35,22,6,6,0.6,0.4
2026-07-23T2300,1367A,113.5811,22.2618,珠海市,吉大,,28,28,33,18,20,62,NA,66,61,1,2,6,6,0.6,0.6
2026-07-23T2300,1368A,113.4893,22.2323,珠海市,前山,,35,35,35,17,17,60,NA,63,60,4,6,/,/,/,/
2026-07-23T2300,1369A,113.6284,22.4252,珠海市,唐家,,30,30,27,21,21,64,NA,71,64,3,3,/,/,/,/
2026-07-23T2300,1370A,113.2986,22.2284,珠海市,斗门,,26,26,26,18,18,54,NA,65,60,2,2,6,6,0.1,0.4
2026-07-23T2300,1371A,113.1293,23.0065,佛山市,湾梁,NA,NA,NA,38,NA,23,NA,NA,132,110,NA,15,NA,NA,NA,NA
2026-07-23T2300,1372A,113.1082,23.0477,佛山市,华材职中,,44,44,38,23,22,47,NA,126,98,14,8,8,6,0.7,0.4
2026-07-23T2300,1373A,113.1439,23.045,佛山市,南海气象局,,45,45,44,23,23,45,NA,124,94,20,15,/,/,/,/
2026-07-23T2300,1374A,113.2879,22.8094,佛山市,顺德苏岗,,35,35,41,18,23,54,NA,107,80,10,15,/,/,0.5,0.6
2026-07-23T2300,1376A,112.8384,22.8678,佛山市,高明孔堂,,47,47,35,22,19,44,NA,90,73,10,5,/,/,/,/
2026-07-23T2300,1377A,112.8835,23.1584,佛山市,三水监测站,,41,41,47,28,26,18,NA,107,76,25,22,5,5,0.4,0.5
2026-07-23T2300,1378A,112.8668,23.185,佛山市,三水云东海,,50,50,44,23,24,28,NA,102,70,21,13,/,/,/,/
2026-07-23T2300,1379A,113.377,22.5211,中山市,华柏园,,26,26,38,16,17,53,NA,73,67,6,4,/,/,/,/
2026-07-23T2300,1380A,113.3879,22.5499,中山市,张溪,,35,35,37,11,19,59,NA,82,72,4,6,/,/,/,/
2026-07-23T2300,1381A,113.4071,22.5111,中山市,紫马岭,,29,29,33,17,18,48,NA,76,66,6,4,7,7,0.4,0.4
2026-07-23T2300,1383A,113.1063,22.6058,江门市,北街,,38,38,37,20,18,40,NA,85,64,8,9,/,/,/,/
2026-07-23T2300,1384A,113.073,22.5835,江门市,西区,,44,44,40,22,21,41,NA,92,65,11,10,/,/,/,/
2026-07-23T2300,1385A,113.0218,22.531,江门市,圭峰西,,35,35,37,20,20,45,NA,81,59,9,9,/,/,/,/
2026-07-23T2300,1386A,113.0826,22.5947,江门市,东湖,NA,NA,NA,39,NA,19,NA,NA,54,NA,NA,12,NA,6,NA,0.4
2026-07-23T2300,1390A,113.7943,23.0132,东莞市,东城石井,,42,42,36,21,18,52,NA,120,90,12,10,4,4,0.5,0.5
2026-07-23T2300,1391A,113.7384,22.9659,东莞市,南城西平,,34,34,31,16,14,46,NA,98,77,14,12,8,19,0.5,0.5
2026-07-23T2300,1392A,114.4181,23.0528,惠州市,河南岸金山湖子站,,36,36,41,17,20,48,NA,101,78,12,10,7,8,0.5,0.5
2026-07-23T2300,1393A,114.4055,23.0824,惠州市,下埔横江三路子站,颗粒物(PM10),52,52,51,24,20,53,NA,110,80,13,11,6,6,0.5,0.5
2026-07-23T2300,1395A,114.4645,22.7832,惠州市,惠阳区承修路船湖子站,,43,43,42,19,18,61,NA,81,70,6,6,4,4,0.7,0.7
2026-07-23T2300,1396A,114.5316,22.7423,惠州市,大亚湾管委会子站,,36,36,36,15,17,67,NA,79,74,7,10,8,8,0.6,0.5
2026-07-23T2300,1397A,112.426,23.062,肇庆市,睦岗子站,,40,40,41,14,23,46,NA,96,77,7,10,6,7,/,/
2026-07-23T2300,1398A,112.4645,23.0476,肇庆市,城中子站,,35,35,38,16,21,45,NA,84,67,10,13,14,15,0.6,0.6
2026-07-23T2300,1399A,112.5545,23.1525,肇庆市,坑口子站,,35,35,39,18,21,32,NA,95,72,14,11,8,8,0.2,0.2
2026-07-23T2300,1401A,108.3098,22.788,南宁市,二十一中,,19,19,23,13,11,51,NA,69,63,7,6,2,2,0.8,0.7
2026-07-23T2300,1402A,108.3135,22.8529,南宁市,北湖,,23,23,22,16,13,45,NA,63,56,8,9,3,2,0.6,0.5
2026-07-23T2300,1403A,108.3205,22.8222,南宁市,市监测站,,26,26,22,10,9,51,NA,71,64,5,4,4,3,0.5,0.5
2026-07-23T2300,1404A,108.3828,22.8038,南宁市,大自然花园,,20,20,20,12,12,48,NA,65,60,8,7,4,4,0.6,0.6
2026-07-23T2300,1406A,108.2397,22.8462,南宁市,区农职院,,23,22,21,16,13,54,NA,72,62,4,4,4,3,0.7,0.7
2026-07-23T2300,1407A,108.3285,22.7356,南宁市,英华嘉园,,26,26,26,12,12,43,NA,64,56,11,6,4,4,0.5,0.6
2026-07-23T2300,1410A,110.3189,20.0596,海口市,海南大学,,41,41,35,18,18,61,NA,69,62,3,4,5,5,0.3,0.4
2026-07-23T2300,1411A,110.2827,20.0051,海口市,秀英海南医院,,34,34,28,22,19,37,NA,71,56,23,8,5,5,0.2,0.3
2026-07-23T2300,1412A,110.3391,19.9979,海口市,海南师范大学,,38,38,38,20,19,55,NA,69,62,4,4,3,3,0.4,0.4
2026-07-23T2300,1413A,110.3303,20.0359,海口市,龙华路环保局宿舍,,36,36,37,20,24,61,NA,69,62,4,5,/,/,0.3,0.3
2026-07-23T2300,1416A,106.4216,29.8256,重庆市,天生,,41,41,42,26,20,110,NA,173,150,14,15,11,10,0.7,0.7
2026-07-23T2300,1417A,106.6264,29.7226,重庆市,两路,,45,45,43,23,18,98,NA,160,129,20,21,13,14,0.6,0.6
2026-07-23T2300,1419A,106.5778,29.5103,重庆市,南坪,,48,48,34,19,18,102,NA,143,129,13,14,12,13,0.6,0.6
2026-07-23T2300,1420A,106.6556,29.6277,重庆市,唐家沱,,48,48,34,24,19,91,NA,152,118,15,16,11,12,0.2,0.2
2026-07-23T2300,1431A,103.9727,30.7242,成都市,金泉两河,颗粒物(PM10),65,70,53,41,33,106,NA,182,158,23,21,3,5,0.6,0.6
2026-07-23T2300,1432A,104.1423,30.6765,成都市,十里店,NA,NA,44,54,28,33,NA,NA,176,162,13,20,7,11,0.7,0.7
2026-07-23T2300,1433A,104.0594,30.5765,成都市,三瓦窑,颗粒物(PM10),52,52,59,29,36,113,NA,199,175,42,39,7,9,0.7,0.7
2026-07-23T2300,1434A,104.1122,30.6306,成都市,沙河铺,,42,30,54,29,33,111,NA,193,176,24,23,7,9,0.6,0.7
2026-07-23T2300,1439A,106.6863,26.6035,贵阳市,马鞍山,,28,14,23,9,16,89,NA,118,107,5,6,3,3,/,/
2026-07-23T2300,1441A,106.6241,26.6266,贵阳市,鉴湖路,NA,NA,34,42,12,17,NA,NA,119,NA,5,4,6,8,0.5,0.7
2026-07-23T2300,1442A,106.7468,26.6344,贵阳市,燕子冲,,26,22,34,10,15,83,NA,110,96,7,8,7,9,0.5,0.6
2026-07-23T2300,1443A,106.6556,26.4362,贵阳市,碧云窝,,29,29,42,12,17,76,NA,111,99,7,4,4,6,/,/
2026-07-23T2300,1445A,106.6963,26.6063,贵阳市,红边门,,25,17,29,9,19,77,NA,111,97,9,8,5,7,/,/
2026-07-23T2300,1446A,106.7162383,26.56964667,贵阳市,新华路,,27,27,38,9,17,81,NA,122,96,7,8,4,44,0.6,0.5
2026-07-23T2300,1447A,106.6742,26.542,贵阳市,太慈桥,NA,NA,NA,30,0,17,78,NA,117,104,5,7,2,5,/,/
2026-07-23T2300,1450A,102.8203,24.889,昆明市,呈贡新区,,44,44,24,16,13,74,NA,121,106,10,10,1,5,0.8,0.7
2026-07-23T2300,1452A,102.7253,25.0904,昆明市,龙泉镇,颗粒物(PM10),53,54,24,19,17,83,NA,123,111,16,18,6,6,0.4,0.4
2026-07-23T2300,1453A,102.7267,25.0378,昆明市,东风东路,,28,28,24,9,19,75,NA,122,108,16,17,5,5,0.5,0.5
2026-07-23T2300,1454A,102.6744,25.0671,昆明市,金鼎山,,27,20,28,12,15,85,NA,125,114,17,13,4,4,0.2,0.2
2026-07-23T2300,1455A,102.6643,25.0401,昆明市,碧鸡广场,,33,33,23,18,18,65,NA,110,98,21,12,6,6,0.6,0.6
2026-07-23T2300,1456A,91.132,29.6515,拉萨市,八廓街,NA,NA,18,9,8,6,NA,NA,91,81,12,8,7,7,0.3,0.3
2026-07-23T2300,1457A,91.1221,29.6748,拉萨市,市环保局,,18,15,8,5,6,55,NA,88,76,20,9,6,6,0.3,0.3
2026-07-23T2300,1458A,91.0874,29.6476,拉萨市,区监测站,,17,13,8,7,5,52,NA,85,71,26,11,7,7,0.2,0.2
2026-07-23T2300,1459A,91.1774,29.6541,拉萨市,西藏大学,,23,13,8,10,5,71,NA,92,83,10,10,5,5,0.3,0.3
2026-07-23T2300,1460A,90.9798,29.6586,拉萨市,区辐射站,,22,22,12,10,7,45,NA,78,64,28,16,8,7,0.2,0.2
2026-07-23T2300,1461A,91.0831,29.6292,拉萨市,拉萨火车站,,17,9,7,6,6,53,NA,83,73,26,11,6,5,0.3,0.3
2026-07-23T2300,1463A,108.9931,34.2629,西安市,兴庆小区,,48,46,43,33,19,117,NA,192,171,18,11,5,6,0.7,0.5
2026-07-23T2300,1464A,109.0595,34.2569,西安市,纺织城,,31,31,41,20,20,85,NA,178,161,16,13,9,10,0.4,0.7
2026-07-23T2300,1465A,108.9377,34.2178,西安市,小寨,,43,43,39,22,19,97,NA,182,159,14,12,5,6,0.7,0.6
2026-07-23T2300,1466A,108.9522,34.2739,西安市,市人民体育场,颗粒物(PM10),51,51,41,33,19,113,NA,198,176,28,15,7,7,0.7,0.5
2026-07-23T2300,1467A,108.8923,34.2322,西安市,高新西区,颗粒物(PM10),58,61,41,32,16,124,NA,200,180,16,10,4,4,0.6,0.5
2026-07-23T2300,1468A,108.9386,34.3446,西安市,经开区,颗粒物(PM10),52,52,40,32,18,116,NA,177,162,12,11,3,3,0.6,0.5
2026-07-23T2300,1469A,108.894,34.1557,西安市,长安区,,49,49,44,27,17,91,NA,195,163,25,15,2,2,0.5,0.4
2026-07-23T2300,1471A,109.213,34.3748,西安市,临潼区,细颗粒物(PM2.5),66,57,38,43,21,106,NA,174,157,13,9,7,8,0.9,0.8
2026-07-23T2300,1474A,109.0508,34.321,西安市,广运潭,"颗粒物(PM10),细颗粒物(PM2.5)",58,60,42,39,19,96,NA,171,149,22,17,4,4,0.8,0.7
2026-07-23T2300,1479A,103.8309,36.0467,兰州市,铁路设计院,颗粒物(PM10),67,73,47,33,19,25,NA,184,132,82,38,8,14,1.0,0.8
2026-07-23T2300,1489A,106.1361,38.5039,银川市,学院路,颗粒物(PM10),71,79,65,26,19,132,NA,211,194,24,24,4,6,0.5,0.6
2026-07-23T2300,1490A,87.5796,43.8299,乌鲁木齐市,监测站,,34,34,22,12,10,79,NA,110,103,33,14,6,6,0.4,0.4
2026-07-23T2300,1491A,87.6044,43.7679,乌鲁木齐市,收费所,,34,34,21,16,10,71,NA,109,101,37,18,10,10,0.6,0.3
2026-07-23T2300,1493A,87.5529,43.8704,乌鲁木齐市,铁路局,,45,45,24,17,10,77,NA,111,103,28,13,8,9,0.6,0.5
2026-07-23T2300,1494A,87.6408,43.8258,乌鲁木齐市,三十一中学,,37,37,26,16,8,82,NA,112,105,25,11,5,5,0.6,0.5
2026-07-23T2300,1496A,87.7218,44.1747,乌鲁木齐市,米东区环保局,颗粒物(PM10),56,58,28,22,12,46,NA,115,94,16,6,7,9,0.3,0.3
2026-07-23T2300,1508A,112.9508,27.8626,湘潭市,板塘,,29,29,26,14,13,52,NA,82,74,12,9,10,9,0.2,0.2
2026-07-23T2300,1511A,112.9114,27.8404,湘潭市,市监测站,,23,NA,18,16,14,42,NA,74,64,12,12,5,9,0.3,0.4
2026-07-23T2300,1512A,112.8935,27.8729,湘潭市,江麓,,33,33,25,17,13,39,NA,79,66,20,10,12,9,1.0,0.4
2026-07-23T2300,1513A,112.9227,27.8159,湘潭市,岳塘,,23,NA,29,16,14,49,NA,94,81,8,7,4,4,0.1,0.1
2026-07-23T2300,1514A,112.9073,27.9118,湘潭市,科大,NA,NA,41,30,NA,10,NA,NA,83,77,NA,9,NA,7,NA,0.4
2026-07-23T2300,1515A,113.1265,27.8306,株洲市,天台山庄,,26,26,24,14,15,48,NA,76,63,4,3,1,1,0.2,0.2
2026-07-23T2300,1518A,113.0937,27.8919,株洲市,株冶医院,,28,28,25,15,14,53,NA,82,70,6,7,3,4,0.3,0.3
2026-07-23T2300,1519A,113.1709,27.8661,株洲市,市四中,,27,27,24,17,15,45,NA,77,64,8,7,5,5,0.6,0.6
2026-07-23T2300,1520A,113.1515,27.8265,株洲市,火车站,NA,NA,NA,34,NA,13,48,NA,81,67,11,9,13,12,0.3,0.3
2026-07-23T2300,1524A,113.1329,27.8491,株洲市,市监测站,,27,27,24,14,16,55,NA,84,72,6,7,7,7,0.5,0.5
2026-07-23T2300,1562A,113.0048,27.9153,湘潭市,昭山,,34,34,24,16,13,39,NA,79,66,10,8,5,6,0.1,0.1
2026-07-23T2300,1585A,109.8761,40.6533,包头市,市环境监测站,,36,36,20,16,13,84,NA,161,124,39,20,12,9,0.7,0.7
2026-07-23T2300,1587A,109.9992,40.5843,包头市,包头八中,,40,40,29,24,15,80,NA,144,100,24,18,18,15,0.6,0.6
2026-07-23T2300,1589A,109.8641,40.6288,包头市,惠龙物流,,32,27,25,18,14,102,NA,154,126,18,16,4,7,0.3,0.5
2026-07-23T2300,1590A,110.0376,40.5546,包头市,东河鸿龙湾,,28,28,19,10,12,73,NA,154,117,25,14,8,11,0.4,0.4
2026-07-23T2300,1591A,110.0024,39.8127,鄂尔多斯市,综合楼,,36,36,28,19,11,90,NA,137,119,44,18,4,4,0.9,0.7
2026-07-23T2300,1592A,109.9485,39.8259,鄂尔多斯市,巴音孟克林场办事处,,35,34,25,9,10,110,NA,142,131,24,15,5,5,0.6,0.6
2026-07-23T2300,1593A,109.7734,39.5987,鄂尔多斯市,康泽苑,,36,36,22,19,10,80,NA,153,133,24,12,13,13,0.4,0.3
2026-07-23T2300,1594A,109.8121,39.5987,鄂尔多斯市,华泰汽车城,,34,34,24,17,11,59,NA,137,116,35,12,9,9,0.9,0.7
2026-07-23T2300,1595A,109.9734,39.7884,鄂尔多斯市,奥林花园,,48,48,27,18,10,57,NA,138,115,44,15,4,4,0.6,0.5
2026-07-23T2300,1597A,122.2704,40.7093,营口市,大庆路,,27,27,27,13,11,48,NA,123,86,18,9,7,9,0.7,0.7
2026-07-23T2300,1598A,122.215,40.6511,营口市,镜湖西路,,38,31,21,26,14,78,NA,98,85,16,12,3,6,0,0.4
2026-07-23T2300,1599A,122.1667,40.665,营口市,西炮台,,29,24,20,20,13,75,NA,91,79,10,13,5,6,0.5,0.5
2026-07-23T2300,1600A,124.33,40.0625,丹东市,江湾东路,,30,30,26,12,13,72,NA,88,85,10,10,5,5,0.5,0.5
2026-07-23T2300,1601A,124.4242,40.1513,丹东市,临江后街,,24,13,26,5,13,76,NA,82,81,4,8,3,4,0.5,0.6
2026-07-23T2300,1602A,124.3935,40.1461,丹东市,元宝山,,24,18,26,5,13,76,NA,80,80,4,9,3,3,0.6,0.7
2026-07-23T2300,1603A,124.3634,40.1093,丹东市,民主桥,,34,34,31,11,13,67,NA,81,77,10,8,6,5,0.9,0.6
2026-07-23T2300,1604A,122.0303,41.1489,盘锦市,开发区,,31,24,18,16,10,98,NA,97,97,12,8,4,4,0.5,0.4
2026-07-23T2300,1605A,122.0486,41.0883,盘锦市,兴隆台,,24,17,20,11,14,74,NA,75,75,30,15,5,5,0.7,0.6
2026-07-23T2300,1606A,121.8297,41.1026,盘锦市,新生街道,,33,23,14,23,12,70,NA,95,85,14,9,4,4,0.7,0.6
2026-07-23T2300,1607A,120.904878,40.721091,葫芦岛市,龙港区,,42,42,27,23,18,88,NA,109,96,8,11,3,3,0.4,0.4
2026-07-23T2300,1608A,120.8382,40.7521,葫芦岛市,化工街,,34,34,31,22,20,65,NA,103,84,21,27,5,7,0.4,0.4
2026-07-23T2300,1609A,120.8339,40.7078,葫芦岛市,新区,,36,36,27,21,18,62,NA,106,91,14,10,2,2,0.6,0.7
2026-07-23T2300,1610A,120.8697,40.7679,葫芦岛市,东城区,,37,37,33,19,24,63,NA,113,94,24,22,1,8,0.4,0.4
2026-07-23T2300,1611A,118.5818,24.9116,泉州市,涂山街,,46,46,54,21,24,66,NA,146,105,18,17,2,4,0.7,0.7
2026-07-23T2300,1612A,118.597,24.8976,泉州市,津头埔,,46,46,58,24,28,57,NA,130,86,17,17,2,4,0.5,0.5
2026-07-23T2300,1613A,118.6669,24.9422,泉州市,万安,颗粒物(PM10),53,54,54,18,26,61,NA,130,86,13,15,4,5,0.6,0.6
2026-07-23T2300,1618A,118.3429,35.0532,临沂市,沂河小区,,15,14,29,7,16,48,NA,95,74,9,8,11,12,0.3,0.3
2026-07-23T2300,1619A,118.2962,35.0568,临沂市,鲁南制药厂,,15,14,24,9,15,46,NA,102,72,10,10,8,12,0.6,0.6
2026-07-23T2300,1620A,118.2793,34.9976,临沂市,新光毛纺厂,,17,NA,18,11,16,52,NA,105,79,10,10,9,10,0.2,0.3
2026-07-23T2300,1621A,118.3955,35.0889,临沂市,河东保险公司,,16,9,24,4,17,51,NA,96,70,8,8,10,10,0.4,0.4
2026-07-23T2300,1622A,116.3034,37.4675,德州市,儿童乐园,,48,NA,17,33,14,105,NA,138,131,11,6,10,10,0.7,0.6
2026-07-23T2300,1624A,116.2992,37.4449,德州市,监理站,,48,NA,13,33,12,117,NA,139,133,9,5,12,12,0.4,0.3
2026-07-23T2300,1625A,115.9789,36.4372,聊城市,区政府,,39,2,12,0,3,123,NA,138,134,2,3,4,4,0.4,0.5
2026-07-23T2300,1629A,117.9961,37.3604,滨州市,第二水厂,,44,44,27,30,21,135,NA,170,161,11,8,7,8,0.7,0.4
2026-07-23T2300,1630A,117.9789,37.3931,滨州市,北中新校,,48,NA,28,33,20,134,NA,177,166,11,8,6,7,0.6,0.5
2026-07-23T2300,1631A,118.0413,36.8101,淄博市,人民公园,,41,22,52,15,26,130,NA,180,159,8,15,9,12,0.3,0.4
2026-07-23T2300,1633A,117.8524,36.4848,淄博市,双山,,39,14,30,3,17,122,NA,134,122,7,13,2,4,0.4,0.7
2026-07-23T2300,1634A,117.9595,36.6332,淄博市,气象站,颗粒物(PM10),68,74,50,15,21,117,NA,157,148,9,13,11,12,0.2,0.3
2026-07-23T2300,1637A,117.5628,34.8379,枣庄市,市中区政府,,24,24,28,9,15,60,NA,100,80,12,16,8,6,0.2,0.3
2026-07-23T2300,1638A,117.2855,34.7838,枣庄市,薛城环保局,,32,NA,24,22,13,45,NA,117,85,20,13,7,8,0.3,0.3
2026-07-23T2300,1639A,117.5854,34.7744,枣庄市,峄城区政府,,19,19,27,10,13,51,NA,98,75,13,12,4,4,0.5,0.5
2026-07-23T2300,1641A,117.4516,35.0992,枣庄市,山亭区环保局,,23,19,23,12,13,71,NA,120,100,7,7,5,7,0.4,0.4
2026-07-23T2300,1642A,121.2517,37.564,烟台市,开发区,,23,12,16,3,10,71,NA,105,81,10,11,4,5,0.8,0.6
2026-07-23T2300,1644A,121.3181,37.5436,烟台市,西郊化工站,,24,5,13,1,10,76,NA,98,86,4,6,4,6,0.5,0.6
2026-07-23T2300,1645A,121.4419,37.4858,烟台市,莱山环保局,,24,9,6,2,11,76,NA,98,92,11,10,2,2,0.7,0.7
2026-07-23T2300,1646A,121.2619,37.4965,烟台市,福山环保局,,24,7,21,2,9,76,NA,110,84,7,11,3,4,0.2,0.3
2026-07-23T2300,1650A,119.1436,36.7022,潍坊市,环保局,颗粒物(PM10),55,56,46,33,17,92,NA,158,134,20,16,6,5,1.5,0.8
2026-07-23T2300,1653A,116.6229,35.4288,济宁市,火炬城,,32,30,31,12,12,101,NA,130,124,10,8,4,4,0.6,0.6
2026-07-23T2300,1656A,117.1436,36.1938,泰安市,监测站,,36,19,26,8,15,114,NA,139,128,3,7,5,7,0.2,0.3
2026-07-23T2300,1657A,117.0905,36.2002,泰安市,人口学校,,36,19,29,15,17,113,NA,147,136,4,8,6,7,0.4,0.5
2026-07-23T2300,1658A,117.0992,36.1757,泰安市,电力学校,,35,NA,25,14,17,109,NA,135,128,6,7,6,6,0.1,0.2
2026-07-23T2300,1659A,119.4711,35.421,日照市,监测站,,17,14,24,8,20,52,NA,122,93,19,22,8,11,0.5,0.9
2026-07-23T2300,1660A,119.523,35.4216,日照市,市政府广场,,22,22,22,10,20,34,NA,106,84,31,14,11,11,0.6,0.8
2026-07-23T2300,1661A,119.5511,35.4113,日照市,港务局,,19,19,21,7,18,60,NA,110,93,17,14,8,8,0.9,1
2026-07-23T2300,1662A,122.121,37.4231,威海市,华夏技校,,24,NA,8,1,11,74,NA,88,76,8,10,/,/,0.3,0.3
2026-07-23T2300,1663A,122.0508,37.5236,威海市,山大分校,,30,2,12,0,13,93,NA,95,86,4,7,/,/,/,/
2026-07-23T2300,1664A,122.1067,37.5067,威海市,市监测站,,21,5,10,0,12,66,NA,80,70,7,10,2,2,0.4,0.4
2026-07-23T2300,1666A,118.6612,37.4313,东营市,市环保局,,35,7,27,5,17,109,NA,176,156,10,11,4,8,0.5,0.6
2026-07-23T2300,1669A,113.5821,24.7733,韶关市,市八中,,35,35,49,17,25,50,NA,101,89,18,14,6,15,0.7,0.7
2026-07-23T2300,1671A,113.5916,24.7973,韶关市,园林处,颗粒物(PM10),58,61,41,38,26,54,NA,100,88,22,16,14,15,/,/
2026-07-23T2300,1673A,113.5971,24.6864,韶关市,曲江监测站,颗粒物(PM10),57,59,40,21,23,54,NA,99,87,21,16,9,8,0.7,0.6
2026-07-23T2300,1674A,116.6795,23.3666,汕头市,金平子站,,29,29,38,13,19,51,NA,85,59,7,7,4,4,0.6,0.6
2026-07-23T2300,1675A,116.7248,23.3632,汕头市,龙湖子站,,24,24,31,14,19,33,NA,78,54,15,4,5,4,/,/
2026-07-23T2300,1676A,116.7257,23.2774,汕头市,濠江子站,,30,30,41,15,19,32,NA,72,56,16,9,6,6,/,/
2026-07-23T2300,1677A,116.7518,23.4712,汕头市,澄海子站,,26,26,47,16,21,33,NA,94,58,17,8,5,5,0.8,0.6
2026-07-23T2300,1678A,116.6088,23.2539,汕头市,潮阳子站,,32,32,35,18,20,50,NA,72,60,4,5,7,7,0.4,0.4
2026-07-23T2300,1680A,110.3648,21.2697,湛江市,湛江影剧院,,31,31,40,17,20,60,NA,74,60,5,8,6,7,0.5,0.6
2026-07-23T2300,1681A,110.3907,21.2279,湛江市,市环境监测站,,32,32,39,18,23,58,NA,67,58,4,7,2,3,0.5,0.6
2026-07-23T2300,1682A,110.3936,21.1943,湛江市,环保局宿舍,,28,28,36,18,21,65,NA,74,64,2,7,6,7,/,/
2026-07-23T2300,1683A,110.4138,21.2033,湛江市,霞山游泳场,,33,33,38,17,21,66,NA,71,63,1,5,6,6,/,/
2026-07-23T2300,1685A,110.4512,21.239,湛江市,坡头区环保局,,38,29,37,26,20,61,NA,70,62,4,4,3,4,0.4,0.4
2026-07-23T2300,1686A,111.0285,21.469,茂名市,电白南海,,31,31,43,18,19,53,NA,70,55,4,4,2,2,0.4,0.4
2026-07-23T2300,1687A,110.9294,21.6533,茂名市,茂石化七小,,46,46,43,26,21,43,NA,63,52,9,8,6,7,0.7,0.8
2026-07-23T2300,1688A,110.9108,21.6688,茂名市,健康路,,36,36,36,23,20,47,NA,65,54,6,6,4,4,0.4,0.5
2026-07-23T2300,1689A,110.8592,21.6826,茂名市,高岭,,41,41,46,21,20,46,NA,61,52,9,6,5,5,/,/
2026-07-23T2300,1690A,116.1248,24.3307,梅州市,梅江月梅,,42,42,38,25,24,57,NA,67,58,10,8,/,/,/,/
2026-07-23T2300,1691A,116.0798,24.2719,梅州市,梅县新城,,36,36,37,24,22,52,NA,66,52,12,10,9,9,0.5,0.5
2026-07-23T2300,1693A,115.3653,22.7751,汕尾市,市环保局,,30,30,33,16,16,60,NA,66,64,4,3,6,5,0.4,0.4
2026-07-23T2300,1695A,115.362,22.7926,汕尾市,新城中学,,29,29,36,17,17,64,NA,65,65,3,3,6,6,0.5,0.5
2026-07-23T2300,1697A,114.6962,23.7538,河源市,东埔,,36,36,37,19,23,60,NA,92,70,11,9,6,5,0.4,0.3
2026-07-23T2300,1698A,114.6895,23.7232,河源市,老城,,44,44,42,17,28,63,NA,92,70,14,12,9,11,0.6,0.5
2026-07-23T2300,1701A,111.9491,21.8658,阳江市,马南垌,,37,37,37,19,19,55,NA,68,62,3,3,6,5,0.4,0.5
2026-07-23T2300,1703A,113.0218,23.7086,清远市,凤城街办,颗粒物(PM10),60,63,47,35,24,86,NA,132,116,15,18,/,/,/,/
2026-07-23T2300,1708A,116.3701,23.5345,揭阳市,新兴,,39,39,45,21,23,45,NA,79,70,7,9,5,6,0.5,0.5
2026-07-23T2300,1709A,116.3261,23.5442,揭阳市,西马,,48,48,50,23,22,45,NA,80,72,7,7,4,5,0.7,0.6
2026-07-23T2300,1710A,116.361,23.5627,揭阳市,东兴,,36,36,46,19,22,48,NA,79,72,9,11,4,5,/,/
2026-07-23T2300,1711A,116.4151,23.5295,揭阳市,渔湖,,40,40,48,23,25,41,NA,84,70,8,8,3,4,/,/
2026-07-23T2300,1714A,112.0281,22.9738,云浮市,牧羊,,32,32,36,22,16,38,NA,68,57,16,11,15,15,0.7,0.7
2026-07-23T2300,1715A,102.575,24.371,玉溪市,东风水库,,42,42,19,10,10,36,NA,95,76,18,9,4,3,0.5,0.5
2026-07-23T2300,1723A,113.2926,40.0759,大同市,云冈宾馆,,35,21,21,15,10,109,NA,156,122,12,10,7,8,0.6,0.6
2026-07-23T2300,1724A,113.3437,40.0921,大同市,大同大学,,35,13,24,8,10,109,NA,161,126,11,11,9,8,0.4,0.4
2026-07-23T2300,1725A,113.2637,40.129,大同市,安家小村,,34,26,27,14,11,106,NA,164,127,10,10,9,8,0.2,0.2
2026-07-23T2300,1727A,113.1146,36.1547,长治市,清华站,,36,12,25,2,20,115,NA,133,123,6,7,8,8,0.8,0.9
2026-07-23T2300,1730A,113.0887,36.2126,长治市,审计局,,35,15,28,10,22,110,NA,135,121,6,7,9,11,0.5,0.9
2026-07-23T2300,1731A,113.0845,36.1856,长治市,长治八中,,34,16,29,11,19,108,NA,127,117,7,8,11,11,0.7,1
2026-07-23T2300,1733A,111.5552,36.0791,临汾市,临钢医院,,34,32,38,9,14,107,NA,173,150,18,16,6,9,0.4,0.7
2026-07-23T2300,1734A,111.4984,36.0734,临汾市,技工学校,,40,40,46,18,23,113,NA,169,144,8,12,5,8,0.5,0.7
2026-07-23T2300,1736A,111.5017,36.0857,临汾市,市委,颗粒物(PM10),62,66,62,7,16,113,NA,168,144,7,13,7,8,0.4,0.6
2026-07-23T2300,1739A,113.4894,37.8717,阳泉市,赛鱼,细颗粒物(PM2.5),54,NA,28,37,17,126,NA,130,118,6,14,8,9,0.9,0.9
2026-07-23T2300,1740A,113.582,37.8473,阳泉市,南庄,,45,40,30,31,17,142,NA,142,141,10,13,11,17,0.8,0.8
2026-07-23T2300,1742A,113.5616,37.8706,阳泉市,平坦,,48,40,26,33,17,144,NA,144,144,9,12,9,13,0.7,0.7
2026-07-23T2300,1743A,113.5115,37.8391,阳泉市,大阳泉,,35,35,20,14,14,98,NA,120,106,7,8,6,8,0.7,0.7
2026-07-23T2300,1744A,118.9229,42.2816,赤峰市,松山一中,,34,28,20,19,15,107,NA,120,118,16,8,22,9,0.8,0.7
2026-07-23T2300,1745A,118.9588,42.2733,赤峰市,哈达街,,26,23,18,11,16,82,NA,110,106,24,12,35,14,0.8,0.5
2026-07-23T2300,1746A,118.8792,42.2551,赤峰市,天义路,,30,12,14,7,15,94,NA,103,100,17,11,8,10,0.6,0.6
2026-07-23T2300,1748A,123.0441,41.1201,鞍山市,深沟寺,,33,31,27,23,18,47,NA,111,70,15,9,7,7,0.7,0.7
2026-07-23T2300,1749A,123.011,41.0931,鞍山市,太阳城,,39,34,26,27,19,42,NA,115,82,15,9,7,7,0.9,0.9
2026-07-23T2300,1750A,123.0483,41.1445,鞍山市,太平,,42,42,41,23,23,48,NA,143,100,15,13,7,7,0.7,1
2026-07-23T2300,1751A,122.964,41.0968,鞍山市,铁西三道街,,44,44,34,27,22,48,NA,139,100,28,12,5,5,0.8,0.9
2026-07-23T2300,1753A,123.0219,41.0822,鞍山市,明达新区,,29,29,26,20,17,60,NA,119,88,13,9,4,4,0.8,0.8
2026-07-23T2300,1755A,123.7974,41.8494,抚顺市,望花区,,46,46,34,25,18,102,NA,148,137,21,15,12,11,0.9,0.7
2026-07-23T2300,1756A,123.9161,41.8827,抚顺市,顺城区,,36,36,28,23,16,33,NA,128,99,34,19,8,9,0.9,0.8
2026-07-23T2300,1757A,124.0437,41.8615,抚顺市,东洲区,,34,34,24,20,13,46,NA,130,98,16,10,8,7,0.5,0.3
2026-07-23T2300,1758A,123.9246,41.8638,抚顺市,新抚区,,32,30,26,22,15,52,NA,121,102,14,15,8,9,1.1,0.8
2026-07-23T2300,1759A,124.0972,41.8961,抚顺市,大伙房水库,,16,16,21,8,13,23,NA,131,93,16,12,11,11,0.5,0.5
2026-07-23T2300,1760A,123.708,41.8386,抚顺市,沈抚新城,颗粒物(PM10),59,62,36,23,16,56,NA,158,128,33,17,7,8,0.9,0.9
2026-07-23T2300,1761A,123.8274146,41.31234549,本溪市,大峪,,32,32,24,15,11,32,NA,111,71,21,10,5,5,0.6,0.5
2026-07-23T2300,1763A,123.7169,41.3094,本溪市,彩屯,,38,38,28,16,15,51,NA,104,69,21,14,7,8,2.1,1.1
2026-07-23T2300,1764A,123.7672166,41.28649327,本溪市,东明,,25,16,27,11,11,79,NA,116,99,8,8,5,4,0.6,0.6
2026-07-23T2300,1765A,123.799345,41.266614,本溪市,新立屯,,24,24,20,11,9,48,NA,102,64,21,16,7,7,0.6,0.6
2026-07-23T2300,1766A,123.829144,41.336777,本溪市,威宁,,32,32,29,13,13,15,NA,116,58,26,12,8,8,0.5,0.6
2026-07-23T2300,1767A,121.1114,41.0879,锦州市,南山,,50,NA,30,35,24,43,NA,102,86,36,16,2,2,0.3,0.3
2026-07-23T2300,1768A,121.060361,40.842794,锦州市,开发区,颗粒物(PM10),69,76,39,36,19,90,NA,116,96,26,18,8,6,0.7,0.5
2026-07-23T2300,1769A,121.1836,41.1118,锦州市,百股街道,细颗粒物(PM2.5),52,NA,24,36,19,67,NA,115,96,14,6,3,3,0.5,0.7
2026-07-23T2300,1770A,121.1176,41.1224,锦州市,天安街道,,49,34,33,34,23,57,NA,107,92,30,17,4,4,0.4,0.4
2026-07-23T2300,1771A,121.1303,41.1385,锦州市,北湖公园,,42,NA,37,29,22,69,NA,107,97,18,10,3,4,0.5,0.5
2026-07-23T2300,1772A,126.54,43.8622,吉林市,哈达湾,,23,23,24,16,20,56,NA,126,83,14,13,6,6,0.5,0.5
2026-07-23T2300,1773A,126.5843,43.8358,吉林市,东局子,,22,22,23,14,17,50,NA,112,74,8,10,4,4,0.3,0.3
2026-07-23T2300,1774A,126.5051,43.8243,吉林市,电力学院,,36,36,26,15,19,46,NA,129,82,15,10,5,5,0.4,0.4
2026-07-23T2300,1775A,126.6133,43.8971,吉林市,江北,,27,27,32,17,20,26,NA,109,54,9,9,6,6,0.5,0.6
2026-07-23T2300,1776A,126.5549,43.8304,吉林市,江南公园,,24,24,25,15,17,40,NA,120,80,25,8,3,3,0.2,0.3
2026-07-23T2300,1779A,123.9307,47.3641,齐齐哈尔市,安居小区,,25,25,33,15,18,69,NA,110,86,16,9,4,4,0.9,0.9
2026-07-23T2300,1780A,123.9497,47.3389,齐齐哈尔市,中心广场,颗粒物(PM10),58,60,39,26,19,47,NA,117,82,37,14,4,4,0.7,0.6
2026-07-23T2300,1781A,123.9483,47.3229,齐齐哈尔市,农牧车辆厂,颗粒物(PM10),60,63,44,26,19,37,NA,114,82,33,10,6,6,0.4,0.2
2026-07-23T2300,1783A,123.9442,47.2994,齐齐哈尔市,市环境监测站,,50,50,33,22,17,34,NA,106,76,26,10,3,3,0.8,0.7
2026-07-23T2300,1784A,129.61,44.561,牡丹江市,环保大楼,,26,26,28,4,17,67,NA,90,70,5,10,6,7,0.4,0.5
2026-07-23T2300,1787A,129.6364,44.6075,牡丹江市,机车工厂,,27,27,32,14,23,55,NA,91,69,19,15,3,5,0.3,0.4
2026-07-23T2300,1788A,129.6386,44.5462,牡丹江市,第一中学,,30,30,25,10,12,67,NA,90,63,5,12,10,11,0.4,0.5
2026-07-23T2300,1789A,124.8085,46.0381,大庆市,大同区,,32,32,44,19,25,76,NA,128,92,20,14,5,6,0.6,0.8
2026-07-23T2300,1790A,125.1166,46.5255,大庆市,龙凤区,,32,32,43,18,27,66,NA,110,84,22,12,8,7,0.3,0.2
2026-07-23T2300,1791A,124.8894,46.4007,大庆市,红岗区,,19,19,35,5,26,58,NA,111,86,7,6,6,6,0.5,0.7
2026-07-23T2300,1792A,125.1391,46.578,大庆市,萨尔图区,颗粒物(PM10),60,63,44,22,28,52,NA,109,84,34,13,7,6,0.5,0.5
2026-07-23T2300,1793A,124.9026,46.6217,大庆市,让胡路区,,29,29,45,20,34,74,NA,112,83,14,12,5,4,0.5,0.6
2026-07-23T2300,1794A,118.3603,31.3515,芜湖市,监测站,,18,8,29,7,17,31,NA,80,52,36,20,6,6,0.6,0.6
2026-07-23T2300,1795A,118.3716,31.4135,芜湖市,科创中心,,18,17,33,9,17,32,NA,82,44,35,23,4,4,0.7,0.5
2026-07-23T2300,1796A,118.3671,31.3132,芜湖市,四水厂,,14,11,27,8,15,44,NA,85,70,17,13,5,6,0.5,0.5
2026-07-23T2300,1798A,118.5084,31.6838,马鞍山市,湖东路四小,,23,NA,36,16,17,48,NA,98,53,12,13,8,8,0.8,0.7
2026-07-23T2300,1799A,118.5019,31.6449,马鞍山市,开发区,,29,24,39,20,20,41,NA,100,58,14,11,5,6,0.8,0.7
2026-07-23T2300,1803A,115.9873,29.6816,九江市,十里,,47,47,27,18,14,4,NA,84,30,44,18,5,7,0.3,0.4
2026-07-23T2300,1804A,115.9583,29.7047,九江市,茅山头,,50,39,28,35,19,23,NA,88,49,40,19,4,4,0.7,0.5
2026-07-23T2300,1805A,115.9877,29.7295,九江市,西园,,36,32,21,25,16,37,NA,87,52,38,22,4,4,0.5,0.4
2026-07-23T2300,1808A,115.9112,29.6038,九江市,综合工业园,,35,30,21,24,14,25,NA,92,39,25,14,2,2,0.4,0.3
2026-07-23T2300,1812A,112.3934,34.6517,洛阳市,市委党校,,33,31,29,20,17,104,NA,132,121,11,11,8,8,0.5,0.5
2026-07-23T2300,1815A,112.494,34.6883,洛阳市,河南林校,,38,38,36,24,16,98,NA,136,120,14,14,12,12,0.3,0.3
2026-07-23T2300,1816A,112.3843,34.623,洛阳市,开发区管委会,,35,27,26,19,17,110,NA,138,127,14,14,13,13,0.6,0.6
2026-07-23T2300,1817A,112.4263,34.6249,洛阳市,市委新办公区,,33,28,24,23,16,99,NA,130,117,11,10,12,11,0.3,0.3
2026-07-23T2300,1819A,114.3552,36.1017,安阳市,红庙街,,39,16,15,5,12,123,NA,143,131,3,5,2,4,0.3,0.4
2026-07-23T2300,1820A,114.361,36.0681,安阳市,银杏小区,,39,12,17,6,11,124,NA,145,135,6,7,3,2,0.4,0.5
2026-07-23T2300,1824A,114.3389,34.778,开封市,肿瘤医院,,40,16,25,7,16,126,NA,126,117,11,12,5,6,0.5,0.4
2026-07-23T2300,1826A,114.2884,34.7966,开封市,世纪星幼儿园,,41,15,25,14,17,131,NA,144,127,9,10,4,4,0.6,0.6
2026-07-23T2300,1832A,113.3257,33.7423,平顶山市,新华旅馆,,40,40,25,12,16,85,NA,125,115,20,12,5,4,0.6,0.5
2026-07-23T2300,1833A,113.2917,33.737,平顶山市,规划设计院,,31,23,23,10,14,98,NA,118,111,15,12,7,6,0.5,0.4
2026-07-23T2300,1834A,113.182,33.7738,平顶山市,平顶山工学院,,31,31,18,13,17,97,NA,119,116,14,9,7,7,0.6,0.6
2026-07-23T2300,1835A,111.1922,34.7752,三门峡市,市政府,NA,NA,30,46,15,29,NA,NA,128,NA,9,11,9,9,0.6,0.6
2026-07-23T2300,1836A,111.1588,34.794,三门峡市,开发区,,37,37,51,24,32,117,NA,130,126,14,12,8,7,0.5,0.6
2026-07-23T2300,1840A,111.2991,30.6981,宜昌市,白龙岗,,26,24,33,2,19,81,NA,123,112,8,8,8,9,0.2,0.3
2026-07-23T2300,1842A,111.263451,30.696754,宜昌市,点军区,颗粒物(PM10),54,55,31,7,22,69,NA,141,NA,6,20,6,7,0.2,0.3
2026-07-23T2300,1843A,111.3276,30.782,宜昌市,夷陵区,,27,11,19,8,14,84,NA,128,115,7,9,4,5,0.1,0.3
2026-07-23T2300,1844A,112.2493,30.3198,荆州市,市图书馆,,33,NA,22,15,14,103,NA,100,100,4,6,3,4,0.4,0.4
2026-07-23T2300,1845A,112.2009,30.3543,荆州市,市委党校,,32,20,21,9,14,101,NA,94,94,3,5,4,5,0.5,0.5
2026-07-23T2300,1848A,113.1494,29.425,岳阳市,城陵矶,NA,NA,43,30,19,7,NA,NA,108,NA,14,6,4,6,1.0,1
2026-07-23T2300,1849A,113.1493,29.3575,岳阳市,开发区,,28,28,22,18,12,58,NA,106,96,23,10,6,5,0.7,0.7
2026-07-23T2300,1850A,113.2672,29.4752,岳阳市,云溪区,,32,32,22,8,12,77,NA,102,99,3,3,6,3,0.3,0.7
2026-07-23T2300,1851A,112.9944,29.44,岳阳市,君山区,,36,36,28,9,12,71,NA,103,97,21,15,3,3,0.5,0.5
2026-07-23T2300,1854A,111.696,28.9725,常德市,市二中,,25,23,20,17,11,51,NA,77,70,13,4,8,6,1.0,0.9
2026-07-23T2300,1858A,110.532,29.1219,张家界市,永定新区,,32,25,22,22,19,47,NA,67,62,9,7,/,/,/,/
2026-07-23T2300,1859A,110.4696,29.1244,张家界市,电业局,,29,29,25,20,18,45,NA,61,54,10,7,6,6,0.7,0.7
2026-07-23T2300,1860A,110.5573,29.3486,张家界市,未央路,,28,NA,9,19,15,28,NA,81,57,8,6,7,7,0.4,0.4
2026-07-23T2300,1864A,110.3091,25.2705,桂林市,龙隐路小学,,30,30,25,16,12,24,NA,58,44,10,5,4,4,0.8,0.7
2026-07-23T2300,1865A,110.2849361,25.22909545,桂林市,八中,,20,20,23,12,10,29,NA,57,46,13,9,4,4,0.5,0.4
2026-07-23T2300,1867A,109.1435,21.4085,北海市,海滩公园,,38,38,34,22,16,40,NA,77,69,11,5,4,3,0.6,0.5
2026-07-23T2300,1868A,109.0983,21.466,北海市,新市环保局,,30,30,27,17,15,45,NA,78,70,15,9,5,2,0.7,0.7
2026-07-23T2300,1869A,109.1775,21.5232,北海市,北海工业园,,27,27,34,14,15,34,NA,71,60,13,9,10,4,0.6,0.5
2026-07-23T2300,1870A,109.4854,24.3898,柳州市,柳东小学,,21,21,24,10,14,56,NA,84,76,8,8,4,4,0.6,0.7
2026-07-23T2300,1871A,109.4109,24.3304,柳州市,环保监测站,,17,17,25,8,12,46,NA,74,67,11,9,8,8,0.8,0.8
2026-07-23T2300,1872A,109.3886,24.3408,柳州市,河西水厂,,19,19,30,7,14,52,NA,71,64,10,12,8,8,0.6,0.6
2026-07-23T2300,1873A,109.4263,24.2951,柳州市,市四中,,16,16,30,9,16,42,NA,78,68,13,8,6,5,0.5,0.6
2026-07-23T2300,1874A,109.396,24.3658,柳州市,市九中,,17,9,31,8,12,52,NA,80,73,10,8,5,6,0.6,0.6
2026-07-23T2300,1875A,109.4912,24.3164,柳州市,古亭山,,14,9,25,6,14,42,NA,73,65,11,8,3,4,0.6,0.6
2026-07-23T2300,1877A,109.4962,18.2682,三亚市,河西子站,,39,39,37,21,21,84,NA,86,85,4,6,3,3,0.4,0.3
2026-07-23T2300,1878A,104.7775,31.4741,绵阳市,富乐山,,44,44,47,28,28,140,NA,168,158,14,13,15,14,0.9,0.8
2026-07-23T2300,1880A,104.6698,31.4668,绵阳市,高新区自来水公司,颗粒物(PM10),63,68,60,38,29,130,NA,184,170,24,16,14,13,0.9,0.8
2026-07-23T2300,1883A,104.6204,28.7728,宜宾市,市委,颗粒物(PM10),53,54,42,35,24,112,NA,191,172,19,15,7,10,0.9,0.8
2026-07-23T2300,1884A,104.6056,28.7931,宜宾市,宜宾四中,细颗粒物(PM2.5),82,61,42,51,28,104,NA,170,157,20,13,10,13,0.8,0.7
2026-07-23T2300,1886A,104.5743,28.7199,宜宾市,黄金嘴,颗粒物(PM10),55,56,42,33,24,89,NA,184,158,24,15,9,12,0.6,0.5
2026-07-23T2300,1888A,101.6891,26.571,攀枝花市,弄弄坪,,41,41,44,20,20,61,NA,136,115,26,20,10,20,0.4,0.8
2026-07-23T2300,1889A,101.577,26.5914,攀枝花市,河门口,颗粒物(PM10),53,54,36,34,22,76,NA,178,142,19,16,28,21,0.9,1.4
2026-07-23T2300,1891A,101.7365,26.4986,攀枝花市,仁和,,35,35,36,24,25,55,NA,110,101,12,10,5,11,0.5,0.7
2026-07-23T2300,1894A,105.4427,28.9063,泸州市,小市上码头,,40,40,35,24,22,107,NA,186,158,19,13,6,8,0.5,0.5
2026-07-23T2300,1895A,105.4241,28.8573,泸州市,兰田宪桥,,47,47,44,26,21,80,NA,168,132,15,17,7,8,0.6,0.6
2026-07-23T2300,1896A,105.4378,28.8833,泸州市,市环监站,,36,21,22,7,9,114,NA,168,145,13,17,7,8,0.6,0.3
2026-07-23T2300,1901A,104.424,31.1209,德阳市,东山公园,,45,44,42,31,31,134,NA,170,164,12,13,7,7,0.8,0.8
2026-07-23T2300,1902A,104.3827,31.1318,德阳市,西小区,细颗粒物(PM2.5),52,43,44,36,32,123,NA,180,165,20,21,12,16,0.8,0.7
2026-07-23T2300,1904A,104.3553,31.1091,德阳市,耐火材料厂,细颗粒物(PM2.5),82,64,51,51,34,83,NA,180,155,32,22,14,9,0.9,0.8
2026-07-23T2300,1906A,106.0791,30.8022,南充市,南充市委,,45,45,47,18,21,108,NA,138,129,11,11,7,9,0.3,0.3
2026-07-23T2300,1907A,106.1038,30.8215,南充市,南充炼油厂,,46,46,48,23,22,102,NA,141,132,9,9,6,8,0.4,0.4
2026-07-23T2300,1911A,106.9218,27.6872,遵义市,丁字口,,34,34,32,20,25,81,NA,119,106,6,8,8,8,0.5,0.5
2026-07-23T2300,1912A,106.9241,27.7044,遵义市,凤凰山,,27,25,26,18,22,86,NA,117,109,5,5,6,7,0.7,0.6
2026-07-23T2300,1913A,106.8895,27.648,遵义市,忠庄,,38,32,34,26,25,84,NA,128,112,8,9,4,4,0.8,0.9
2026-07-23T2300,1915A,106.9225,27.7253,遵义市,干田坝,,42,42,37,20,23,76,NA,110,97,7,10,4,3,0.6,0.6
2026-07-23T2300,1916A,103.7897,25.5036,曲靖市,环境监测站,NA,NA,28,34,17,20,NA,NA,131,NA,15,15,2,2,0.6,0.6
2026-07-23T2300,1917A,103.8013,25.5357,曲靖市,烟厂办公区,NA,NA,NA,33,21,21,NA,NA,113,NA,14,17,2,3,0.6,0.7
2026-07-23T2300,1919A,108.6726,34.315,咸阳市,实验中学,细颗粒物(PM2.5),56,44,36,38,18,128,NA,191,174,11,9,9,7,0.5,0.3
2026-07-23T2300,1920A,108.7226,34.3622,咸阳市,师范学院,细颗粒物(PM2.5),54,50,39,37,19,126,NA,179,165,6,8,7,7,0.6,0.5
2026-07-23T2300,1923A,109.0696,35.0699,铜川市,王益区政府,,43,39,27,30,18,88,NA,161,144,10,10,8,8,0.5,0.4
2026-07-23T2300,1924A,108.9345,34.9059,铜川市,新区管委会,,47,47,32,31,17,115,NA,160,145,19,14,10,9,0.6,0.4
2026-07-23T2300,1927A,109.4569,36.6161,延安市,延大医附院,,35,32,31,24,19,23,NA,116,91,45,17,2,2,0.7,0.6
2026-07-23T2300,1929A,109.5053,36.6105,延安市,百米大道,颗粒物(PM10),74,83,50,35,24,26,NA,123,90,24,17,3,3,0.6,0.6
2026-07-23T2300,1931A,107.0802,34.3129,宝鸡市,竹园沟,,29,26,23,12,11,92,NA,130,130,12,7,7,7,0.6,0.6
2026-07-23T2300,1933A,107.1429,34.3549,宝鸡市,监测站,,30,28,33,21,16,83,NA,180,152,18,9,8,9,0.5,0.4
2026-07-23T2300,1934A,107.1172,34.3759,宝鸡市,技工学校,,38,34,31,24,16,121,NA,182,169,11,7,6,6,0.6,0.5
2026-07-23T2300,1936A,107.2025,34.3518,宝鸡市,文理学院,颗粒物(PM10),53,54,31,20,15,102,NA,184,165,22,13,9,9,0.8,0.6
2026-07-23T2300,1937A,107.2396,34.3626,宝鸡市,三迪小学,,35,34,35,24,17,99,NA,186,171,27,15,4,5,0.6,0.5
2026-07-23T2300,1940A,109.4605,34.4927,渭南市,体育馆,细颗粒物(PM2.5),68,48,39,44,25,110,NA,161,148,10,12,7,10,0.6,0.5
2026-07-23T2300,1941A,109.4257,34.5067,渭南市,高新一小,,46,40,40,32,22,111,NA,162,149,6,7,7,10,0.6,0.5
2026-07-23T2300,1944A,102.1691,38.5166,金昌市,天庆家园,NA,NA,90,59,36,20,NA,NA,126,120,21,16,10,14,0.4,0.4
2026-07-23T2300,1945A,98.291,39.7705,嘉峪关市,气象局,颗粒物(PM10),80,92,56,29,19,112,NA,142,134,12,14,4,4,0.5,0.6
2026-07-23T2300,1948A,106.3668,39.0145,石嘴山市,大武口朝阳西街,颗粒物(PM10),53,54,61,24,22,114,NA,213,184,30,20,14,17,0.9,1.3
2026-07-23T2300,1949A,106.7713,39.2278,石嘴山市,惠农南大街,,32,29,46,22,16,90,NA,167,137,14,17,12,13,0.2,0.3
2026-07-23T2300,1950A,106.7074,39.1332,石嘴山市,红果子镇惠新街,细颗粒物(PM2.5),64,52,53,42,18,111,NA,166,148,13,13,5,10,0.8,0.6
2026-07-23T2300,1951A,84.886,45.6029,克拉玛依市,长征新村,,32,18,18,7,9,102,NA,118,115,7,5,4,4,0.4,0.3
2026-07-23T2300,1952A,84.8894,45.5827,克拉玛依市,南林小区,,31,19,15,2,0,97,NA,116,112,5,5,6,6,0.1,0.1
2026-07-23T2300,1954A,84.896,44.3328,克拉玛依市,独山子区,,43,43,20,8,3,51,NA,100,77,20,9,6,6,0.5,0.4
2026-07-23T2300,1955A,85.6888,46.0909,克拉玛依市,乌尔禾区商贸楼,,30,25,22,13,12,94,NA,110,108,9,8,8,8,0.2,0.2
2026-07-23T2300,1956A,86.1476,41.7529,巴音郭楞蒙古自治州,孔雀公园,颗粒物(PM10),58,60,79,20,19,112,NA,120,111,5,5,7,7,0.2,0.2
2026-07-23T2300,1957A,86.1971,41.7166,巴音郭楞蒙古自治州,棉纺厂,NA,NA,NA,94,NA,21,NA,NA,109,108,17,10,/,/,/,/
2026-07-23T2300,1958A,86.236,41.7172,巴音郭楞蒙古自治州,经济开发区,颗粒物(PM10),60,64,78,23,20,103,NA,109,107,9,7,5,4,0.4,0.3
2026-07-23T2300,1961A,117.5323,36.6865,济南市,东山小学,,42,42,32,23,11,96,NA,175,152,19,13,3,4,0.6,0.5
2026-07-23T2300,1982A,122.0693,37.2175,威海市,文登开发区,,29,4,10,2,8,92,NA,104,89,4,7,/,/,/,/
2026-07-23T2300,2031A,113.1836,27.9959,株洲市,云田中学,,29,29,24,17,14,42,NA,87,70,8,6,8,8,0.3,0.3
2026-07-23T2300,2054A,114.1096,32.1059,信阳市,平桥分局,,38,12,13,4,9,119,NA,98,98,7,6,6,6,0.3,0.5
2026-07-23T2300,2064A,113.9956,32.1272,信阳市,南湾水厂,,36,28,16,4,8,114,NA,99,99,4,5,5,6,0.4,0.5
2026-07-23T2300,2065A,114.078,32.1194,信阳市,市酿酒公司,,36,25,16,15,8,113,NA,94,94,4,4,4,5,0.3,0.5
2026-07-23T2300,2066A,114.0712,32.1393,信阳市,审计局,,37,19,20,19,10,118,NA,99,99,6,5,6,7,0.4,0.5
2026-07-23T2300,2068A,114.6755,33.6347,周口市,周口师范,,26,15,16,12,7,81,NA,110,104,8,8,5,4,0.7,0.7
2026-07-23T2300,2160A,112.8496,35.5051,晋城市,自来水公司,,30,30,27,11,12,96,NA,142,133,15,10,4,4,1.3,0.8
2026-07-23T2300,2162A,112.8509,35.4886,晋城市,市环保局,,39,39,36,11,14,91,NA,133,125,14,9,6,5,1.3,0.8
2026-07-23T2300,2166A,112.4399,39.3521,朔州市,平朔,,40,14,30,3,8,126,NA,151,143,4,9,4,5,0.1,0.2
2026-07-23T2300,2167A,112.4574,39.362,朔州市,朔唯,,44,28,33,2,8,139,NA,153,150,1,8,3,5,/,/
2026-07-23T2300,2168A,112.426,39.3199,朔州市,区政府,,40,17,22,3,8,126,NA,151,142,5,8,5,6,0.3,0.3
2026-07-23T2300,2169A,112.4075,39.3277,朔州市,市环保局,,39,15,24,5,8,123,NA,147,139,9,9,3,4,/,/
2026-07-23T2300,2170A,112.4273,39.3682,朔州市,市二中,,38,20,29,7,7,119,NA,163,154,8,14,5,4,/,/
2026-07-23T2300,2174A,112.6992,37.6984,晋中市,榆次区政府,NA,NA,14,30,NA,20,125,NA,159,142,2,7,4,8,0.4,0.2
2026-07-23T2300,2175A,110.996,35.0148,运城市,运城中学,,40,40,40,9,20,124,NA,128,128,6,6,3,3,0.4,0.5
2026-07-23T2300,2178A,110.9685,35.0305,运城市,地区技校,NA,NA,45,37,16,22,NA,NA,144,144,5,7,3,4,0.6,0.7
2026-07-23T2300,2181A,112.7313,38.457,忻州市,开发区,,28,28,32,19,18,89,NA,146,124,14,17,4,6,0.6,0.7
2026-07-23T2300,2182A,112.7023,38.4932,忻州市,会展中心,,32,32,35,17,18,81,NA,147,123,11,12,5,6,0.6,0.6
2026-07-23T2300,2183A,111.1447,37.5212,吕梁市,环保局,,33,33,32,15,10,71,NA,147,124,22,15,5,8,0.3,0.3
2026-07-23T2300,2185A,111.1285,37.5338,吕梁市,自来水公司,,41,41,37,16,10,76,NA,141,124,19,15,4,6,0.4,0.5
2026-07-23T2300,2187A,106.8172,39.6972,乌海市,市林业局,,47,47,49,10,16,126,NA,177,157,15,17,7,16,0.6,0.5
2026-07-23T2300,2188A,106.7907,39.6666,乌海市,中海勃湾学校,颗粒物(PM10),62,66,46,16,17,128,NA,189,174,16,15,10,18,0.5,0.4
2026-07-23T2300,2191A,122.253,43.6801,通辽市,艺术职业学校,,40,40,45,24,28,123,NA,154,138,12,10,9,6,0.4,0.4
2026-07-23T2300,2195A,107.4206,40.7609,巴彦淖尔市,附二中,颗粒物(PM10),60,64,73,25,28,146,NA,177,168,8,9,14,14,0.8,0.7
2026-07-23T2300,2196A,107.37,40.7372,巴彦淖尔市,市环保大楼,颗粒物(PM10),74,83,89,24,25,147,NA,172,167,8,7,12,11,0.8,0.7
2026-07-23T2300,2197A,113.1306,40.9924,乌兰察布市,集宁新区,,39,39,24,21,14,101,NA,175,146,30,10,9,6,0.6,0.5
2026-07-23T2300,2202A,116.1048,43.9318,锡林郭勒盟,市环保监测站,,30,20,15,1,8,94,NA,130,112,10,8,10,11,0.2,0.3
2026-07-23T2300,2203A,116.0778,43.9312,锡林郭勒盟,市政府,,27,9,12,5,7,85,NA,125,109,14,7,8,9,0.4,0.3
2026-07-23T2300,2205A,105.699,38.8409,阿拉善盟,蒙二幼,,46,31,34,7,8,146,NA,157,153,2,4,10,11,0.3,0.3
2026-07-23T2300,2206A,105.7198,38.8508,阿拉善盟,环保局新楼,,46,29,27,9,8,147,NA,145,145,2,3,10,10,0.4,0.4
2026-07-23T2300,2207A,121.6095,41.9978,阜新市,工业园区,,38,36,31,26,16,85,NA,130,109,17,11,7,7,0.6,0.6
2026-07-23T2300,2208A,121.6567,42.0188,阜新市,长青街,,32,25,25,19,15,100,NA,125,109,12,11,10,10,0.5,0.5
2026-07-23T2300,2209A,121.6672,42.07,阜新市,农业园区,颗粒物(PM10),52,52,39,24,16,106,NA,128,113,11,9,4,4,0.7,0.7
2026-07-23T2300,2211A,121.6343,42.0455,阜新市,玉龙新城,细颗粒物(PM2.5),58,45,28,39,15,87,NA,124,108,16,9,6,3,0.7,0.6
2026-07-23T2300,2212A,123.1978,41.2036,辽阳市,宏伟区,,40,40,28,12,14,63,NA,107,85,6,6,7,6,0.5,0.5
2026-07-23T2300,2213A,123.1684,41.2497,辽阳市,新华园,,46,46,34,25,20,61,NA,159,126,20,9,6,5,0.9,0.8
2026-07-23T2300,2214A,123.2355,41.2663,辽阳市,滨河路,,44,44,28,20,17,52,NA,117,82,27,12,8,7,0.8,0.8
2026-07-23T2300,2217A,123.865,42.292,铁岭市,水上乐园,,32,32,31,15,12,53,NA,136,107,17,15,7,8,0.4,0.4
2026-07-23T2300,2219A,123.7158,42.2218,铁岭市,金沙江路北,,37,37,35,18,18,22,NA,143,104,49,18,2,5,0.5,0.5
2026-07-23T2300,2220A,120.4318,41.588,朝阳市,西梁,,32,27,25,22,12,75,NA,117,99,9,8,9,9,0.8,0.8
2026-07-23T2300,2221A,120.452,41.565,朝阳市,河畔小区,,27,27,22,18,16,86,NA,121,103,7,6,10,11,0.8,0.8
2026-07-23T2300,2222A,120.4176,41.5648,朝阳市,八里堡,,40,28,27,28,13,66,NA,116,94,12,11,8,7,0.7,0.8
2026-07-23T2300,2226A,124.3744,43.1842,四平市,境园,颗粒物(PM10),64,69,33,16,23,8,NA,120,82,38,12,4,5,0.4,0.5
2026-07-23T2300,2227A,125.1359,42.8845,辽源市,环保局,,27,27,26,14,15,52,NA,109,89,14,9,6,6,0.4,0.6
2026-07-23T2300,2229A,125.9359,41.7174,通化市,光明,,35,35,30,11,13,20,NA,90,58,14,11,9,11,0.6,0.6
2026-07-23T2300,2230A,125.9446,41.7323,通化市,铁路,,27,27,26,15,13,12,NA,94,58,22,16,11,10,0.8,0.6
2026-07-23T2300,2231A,126.4219,41.9172,白山市,喜丰,,37,37,52,14,15,5,NA,79,38,15,16,14,15,0.7,0.7
2026-07-23T2300,2232A,126.4082,41.9416,白山市,环保局,,24,24,25,11,9,17,NA,83,60,7,8,10,11,0.7,0.7
2026-07-23T2300,2233A,124.8007,45.1213,松原市,江南,,37,21,48,18,39,117,NA,125,122,8,9,1,1,0.4,0.4
2026-07-23T2300,2234A,124.7967,45.1721,松原市,江北,,30,14,44,11,32,96,NA,118,109,6,6,2,2,0.5,0.6
2026-07-23T2300,2235A,122.7909,45.608,白城市,洮北区环保局,,37,37,31,25,29,95,NA,118,113,6,5,3,3,0.4,0.5
2026-07-23T2300,2236A,122.8741,45.5725,白城市,市环保局,,31,31,30,16,26,60,NA,109,89,34,12,3,3,0.4,0.4
2026-07-23T2300,2237A,129.4704,42.8885,延边朝鲜族自治州,妇幼医院,,23,12,20,8,17,71,NA,80,80,3,7,6,6,0.4,0.5
2026-07-23T2300,2238A,129.5047,42.9117,延边朝鲜族自治州,延边医院,,22,9,19,9,13,69,NA,80,79,5,6,8,7,0.4,0.4
2026-07-23T2300,2239A,129.395,42.8884,延边朝鲜族自治州,朝阳川镇医院,,23,10,19,9,17,71,NA,78,77,5,9,12,12,0.3,0.3
2026-07-23T2300,2240A,130.9618,45.2926,鸡西市,环保局,,18,18,31,12,19,51,NA,110,72,14,20,10,11,0.5,0.5
2026-07-23T2300,2243A,130.9294,45.2959,鸡西市,第一中学,,26,18,28,18,21,67,NA,112,79,15,20,5,5,0.4,0.3
2026-07-23T2300,2244A,130.2537,47.3416,鹤岗市,哈啤分公司,,22,22,22,8,11,62,NA,98,72,7,11,4,4,0.2,0.1
2026-07-23T2300,2245A,130.2683,47.3087,鹤岗市,斯达机电,,23,18,25,16,18,54,NA,105,86,16,17,6,6,0.3,0.3
2026-07-23T2300,2246A,130.3114,47.3388,鹤岗市,东山纸板厂,,17,13,23,8,14,53,NA,100,79,12,18,5,6,0.2,0.3
2026-07-23T2300,2248A,131.1509,46.6936,双鸭山市,双合村,,32,NA,29,22,19,2,NA,108,37,53,22,6,8,0.2,0.6
2026-07-23T2300,2249A,131.1651,46.6191,双鸭山市,南小市,,18,NA,19,12,12,11,NA,103,46,34,16,6,7,0.4,0.4
2026-07-23T2300,2250A,131.1526,46.6554,双鸭山市,环保局,,30,30,25,18,16,10,NA,101,47,32,14,6,6,0.4,0.2
2026-07-23T2300,2252A,128.8663,47.7199,伊春市,环保局,,26,20,17,18,11,42,NA,86,69,8,8,3,2,0.5,0.5
2026-07-23T2300,2253A,128.9014,47.732,伊春市,电力嘉园,,18,15,20,12,14,55,NA,92,79,6,7,3,4,0.6,0.7
2026-07-23T2300,2255A,130.2749,46.8028,佳木斯市,佳纺,,41,41,52,10,11,62,NA,105,86,15,25,3,4,0.3,0.3
2026-07-23T2300,2257A,130.3258,46.7975,佳木斯市,环保局,,30,30,40,12,16,72,NA,97,80,16,33,3,4,0.3,0.4
2026-07-23T2300,2263A,127.4832,50.2524,黑河市,交通局,,23,23,19,10,10,55,NA,83,70,10,8,6,6,0.2,0.2
2026-07-23T2300,2264A,127.5146,50.2339,黑河市,环保局,,18,17,16,11,11,55,NA,75,68,8,9,8,8,0.3,0.3
2026-07-23T2300,2266A,126.9783,46.6365,绥化市,人和东街,,41,41,32,26,16,44,NA,136,106,33,15,10,11,0.4,0.4
2026-07-23T2300,2267A,126.964,46.6527,绥化市,党政办公中心,,36,32,28,25,17,54,NA,141,114,31,16,8,9,0.5,0.5
2026-07-23T2300,2269A,124.1068,50.4091,大兴安岭地区,科技局,,23,20,23,12,14,73,NA,69,69,4,3,5,7,0.1,0.3
2026-07-23T2300,2270A,117.396,32.9389,蚌埠市,工人疗养院,,16,16,16,2,8,42,NA,58,49,5,12,5,5,0.2,0.3
2026-07-23T2300,2271A,117.3606,32.9428,蚌埠市,百货大楼,,15,4,7,2,8,48,NA,54,48,6,14,8,8,0.6,0.7
2026-07-23T2300,2273A,117.4183,32.8909,蚌埠市,蚌埠学院,,13,5,9,2,8,40,NA,54,43,1,4,5,5,0.3,0.4
2026-07-23T2300,2274A,117.3534,32.9672,蚌埠市,淮上区政府,,16,7,10,0,5,50,NA,59,53,5,12,6,6,0.3,0.4
2026-07-23T2300,2275A,117.3143,32.8977,蚌埠市,高新区,,14,12,10,0,6,42,NA,54,45,5,8,9,9,0.3,0.4
2026-07-23T2300,2277A,116.8304,32.7726,淮南市,潘集区政府,,14,NA,7,9,4,43,NA,57,54,13,10,5,5,0.3,0.3
2026-07-23T2300,2279A,116.8569,32.5949,淮南市,谢家集区政府,,15,NA,6,10,4,37,NA,56,48,13,8,7,7,0.2,0.1
2026-07-23T2300,2280A,116.8279,32.6333,淮南市,八公山区政府,,22,22,10,8,3,37,NA,54,48,8,6,4,5,0.2,0.1
2026-07-23T2300,2282A,116.8005,33.9749,淮北市,监测站,,21,21,22,9,10,54,NA,109,89,15,9,6,6,0.5,0.6
2026-07-23T2300,2283A,116.8094,33.9008,淮北市,烈山区政府,,17,10,18,4,8,54,NA,99,82,12,10,5,5,0.4,0.5
2026-07-23T2300,2285A,117.8176,30.9412,铜陵市,市第四中学,,18,18,37,7,16,40,NA,92,67,11,19,8,10,0.5,0.7
2026-07-23T2300,2287A,117.7806,30.9413,铜陵市,市新民污水厂,,34,34,34,13,15,23,NA,86,63,22,20,9,9,0.8,0.8
2026-07-23T2300,2289A,117.846,30.9414,铜陵市,车站新区,,21,21,40,8,27,37,NA,86,68,13,14,12,12,0.5,0.6
2026-07-23T2300,2290A,117.8472,30.9699,铜陵市,市职教基地,,15,NA,28,10,16,38,NA,92,70,15,16,12,11,0.5,0.6
2026-07-23T2300,2291A,117.0806,30.5181,安庆市,环科院,,24,24,22,11,12,39,NA,82,55,19,20,11,10,1.0,0.8
2026-07-23T2300,2292A,117.0331,30.5118,安庆市,马山宾馆,,22,22,20,12,12,42,NA,80,58,15,18,2,2,1.3,0.7
2026-07-23T2300,2294A,116.9897,30.6146,安庆市,安庆大学,,22,22,23,13,11,19,NA,86,55,21,15,4,4,0.6,0.4
2026-07-23T2300,2295A,118.2905,29.6965,黄山市,延安路89号,,33,33,29,21,15,22,NA,72,57,6,4,2,2,0.4,0.4
2026-07-23T2300,2297A,118.1369,30.2755,黄山市,黄山区政府5号楼,,29,20,27,20,16,19,NA,68,47,7,4,3,3,0.7,0.7
2026-07-23T2300,2301A,115.8276,32.8929,阜阳市,市监测站,,15,8,14,4,5,46,NA,72,66,11,9,6,6,0.4,0.5
2026-07-23T2300,2303A,115.8551,32.8606,阜阳市,开发区,,15,2,13,2,5,46,NA,69,64,11,11,4,4,0.4,0.3
2026-07-23T2300,2307A,116.5078,31.7369,六安市,监测大楼,,12,NA,6,8,5,32,NA,58,52,12,7,5,4,0.4,0.4
2026-07-23T2300,2308A,116.4738,31.7642,六安市,皖西学院,,13,6,6,6,4,39,NA,67,61,12,5,8,6,0.6,0.6
2026-07-23T2300,2309A,116.4997,31.7904,六安市,朝阳厂,,13,NA,6,9,5,33,NA,54,50,9,8,1,2,0.2,0.2
2026-07-23T2300,2310A,116.5566,31.7885,六安市,开发区,,11,8,7,7,6,33,NA,60,52,4,6,5,6,0.3,0.3
2026-07-23T2300,2311A,115.8071,33.8399,亳州市,污水处理厂,,18,18,13,7,6,56,NA,102,95,14,12,2,3,0.5,0.4
2026-07-23T2300,2312A,115.7789,33.8519,亳州市,三国揽胜宫,,21,21,18,9,6,59,NA,101,90,9,7,4,4,0.3,0.3
2026-07-23T2300,2314A,117.4698,30.6617,池州市,池州学院,,19,NA,25,7,13,59,NA,72,70,12,10,4,4,0.4,0.6
2026-07-23T2300,2316A,118.7578,30.9457,宣城市,鳌峰子站,,13,13,27,7,12,10,NA,61,49,22,6,7,7,0.3,0.2
2026-07-23T2300,2317A,118.7384,30.9745,宣城市,敬亭山子站,,12,12,27,3,16,33,NA,59,43,2,4,7,8,0.2,0.3
2026-07-23T2300,2318A,118.7172,30.9428,宣城市,开发区子站,,10,10,26,5,14,31,NA,62,51,12,4,8,8,0.2,0.2
2026-07-23T2300,2319A,119.0142,25.4324,莆田市,荔城区仓后路,颗粒物(PM10),58,60,57,27,37,42,NA,138,87,22,14,/,/,/,/
2026-07-23T2300,2320A,119.0016,25.4553,莆田市,莆田市监测站,颗粒物(PM10),51,51,50,34,32,38,NA,142,92,16,12,6,5,0.4,0.4
2026-07-23T2300,2321A,119.112,25.4561,莆田市,涵江区六中,,47,47,55,27,30,51,NA,141,89,14,14,/,/,0.5,0.6
2026-07-23T2300,2322A,119.1014,25.3215,莆田市,秀屿区政府,,41,41,50,13,28,63,NA,119,82,8,10,6,6,0.6,0.6
2026-07-23T2300,2324A,117.621,26.2626,三明市,三钢,,35,28,32,24,22,31,NA,93,69,18,12,4,9,0.5,0.9
2026-07-23T2300,2325A,117.6352,26.2714,三明市,三明二中,,30,28,34,21,20,32,NA,93,72,17,10,4,6,0.6,0.6
2026-07-23T2300,2326A,117.6028,26.2377,三明市,三元区政府,,34,34,36,21,19,27,NA,95,61,22,10,4,6,0.5,0.4
2026-07-23T2300,2332A,118.1682,26.6371,南平市,南平市监测站,,38,38,36,26,22,36,NA,93,67,16,11,4,5,0.5,0.6
2026-07-23T2300,2334A,118.1757,26.6276,南平市,南平七中,,33,24,35,23,19,34,NA,94,69,13,10,3,4,0.5,0.5
2026-07-23T2300,2336A,117.022,25.1031,龙岩市,龙岩市监测站,,32,27,33,22,20,26,NA,68,48,11,8,10,7,0.2,0.2
2026-07-23T2300,2337A,117.0257,25.0662,龙岩市,闽西职业技术学院,,33,33,35,17,19,28,NA,66,46,11,6,11,7,0.3,0.3
2026-07-23T2300,2338A,117.0195,25.0306,龙岩市,龙岩学院,,22,22,33,15,16,36,NA,64,50,5,5,4,3,/,/
2026-07-23T2300,2341A,119.5387,26.6611,宁德市,宁德市监测站,,26,23,49,18,26,82,NA,157,134,13,13,5,6,0.8,1
2026-07-23T2300,2343A,117.2114,29.2931,景德镇市,老干部活动中心,,32,32,25,17,15,37,NA,82,63,10,10,4,6,0.8,0.7
2026-07-23T2300,2344A,117.1893,29.2789,景德镇市,兽医站,,36,36,34,13,12,44,NA,78,63,6,8,4,4,0.7,0.6
2026-07-23T2300,2346A,117.246,29.2958,景德镇市,陶研所,,39,39,25,23,14,32,NA,79,58,11,9,4,4,0.5,0.4
2026-07-23T2300,2348A,113.8384,27.6436,萍乡市,中医院,,23,21,20,16,10,50,NA,64,58,13,6,7,7,0.5,0.5
2026-07-23T2300,2350A,113.8677,27.6438,萍乡市,市环保局,,26,26,15,9,12,62,NA,68,65,4,4,15,13,0.3,0.3
2026-07-23T2300,2351A,113.8663,27.6202,萍乡市,安源区政府,,24,24,22,9,13,49,NA,63,59,5,9,6,8,0.5,0.6
2026-07-23T2300,2353A,114.9887,27.8433,新余市,飞宇,,37,37,36,15,13,32,NA,73,56,21,13,3,5,0.9,0.7
2026-07-23T2300,2354A,114.9234,27.8248,新余市,第二水厂,,49,49,35,20,13,52,NA,78,66,12,12,12,9,0.5,0.5
2026-07-23T2300,2355A,114.931,27.8037,新余市,市气象局,,35,35,32,18,14,45,NA,69,62,16,13,1,4,1.5,1.8
2026-07-23T2300,2358A,117.0561,28.2641,鹰潭市,新监测站,,33,32,38,23,17,28,NA,89,71,9,6,6,7,0.3,0.3
2026-07-23T2300,2359A,117.0312,28.2474,鹰潭市,财苑宾馆,,46,46,38,24,15,19,NA,93,75,23,8,15,5,/,/
2026-07-23T2300,2360A,117.0221,28.2263,鹰潭市,体育馆,,40,40,38,11,14,24,NA,91,70,17,9,3,9,0.5,0.4
2026-07-23T2300,2363A,114.9368,25.8663,赣州市,地委,颗粒物(PM10),52,52,39,23,20,68,NA,93,81,9,5,3,3,0.4,0.4
2026-07-23T2300,2364A,114.946,25.8483,赣州市,气象台,,39,33,36,27,21,59,NA,87,74,12,7,4,5,0.5,0.5
2026-07-23T2300,2365A,114.932,25.8332,赣州市,市图书馆,,43,43,34,24,20,68,NA,93,81,10,7,5,4,0.8,0.7
2026-07-23T2300,2366A,114.8905,25.8472,赣州市,华坚鞋城,颗粒物(PM10),53,53,44,31,21,50,NA,86,70,12,8,1,2,0.4,0.4
2026-07-23T2300,2367A,114.9753,27.0803,吉安市,红声器材厂,,30,30,38,16,17,39,NA,94,66,18,8,8,8,0.3,0.3
2026-07-23T2300,2369A,114.9903,27.1313,吉安市,市环境监测站,,34,34,37,15,15,36,NA,94,67,19,6,9,8,/,/
2026-07-23T2300,2370A,115.009527,27.096792,吉安市,青原区法院,,38,38,38,15,13,47,NA,92,72,24,7,8,8,0.3,0.2
2026-07-23T2300,2373A,114.3954,27.7843,宜春市,市石油公司,NA,NA,24,31,11,12,NA,NA,62,52,3,6,7,6,0.3,0.2
2026-07-23T2300,2374A,114.37,27.7916,宜春市,市气象局,,25,25,26,13,9,54,NA,71,66,6,7,2,2,0.5,0.5
2026-07-23T2300,2375A,114.401,27.8059,宜春市,市广电局,,28,28,24,4,13,50,NA,67,59,6,7,1,1,0.5,0.5
2026-07-23T2300,2377A,116.3544,27.9833,抚州市,市站,,41,41,37,23,17,43,NA,74,62,10,6,5,4,0.9,0.8
2026-07-23T2300,2378A,116.3562,27.9631,抚州市,血防站,,34,34,34,20,17,34,NA,78,63,17,7,6,7,0.7,0.6
2026-07-23T2300,2379A,116.3561,28.0007,抚州市,采茶剧团,颗粒物(PM10),52,52,39,28,16,13,NA,85,64,30,8,17,16,0.7,0.6
2026-07-23T2300,2380A,116.3854,27.9648,抚州市,医学分院,,47,47,38,20,14,32,NA,85,69,14,7,10,4,0.9,0.8
2026-07-23T2300,2382A,117.9758,28.4439,上饶市,市监测站,,45,45,39,19,18,40,NA,90,56,8,8,9,12,/,/
2026-07-23T2300,2383A,117.9521,28.4637,上饶市,凤凰光学,,36,36,35,20,21,56,NA,102,73,5,9,4,6,0.3,0.3
2026-07-23T2300,2385A,114.17,35.9019,鹤壁市,市监测站,,42,NA,26,29,23,110,NA,140,117,3,4,6,4,0.7,0.8
2026-07-23T2300,2386A,114.2953,35.7512,鹤壁市,市交警支队,,36,NA,24,22,17,114,NA,136,125,11,11,3,6,0.6,0.7
2026-07-23T2300,2387A,114.2877,35.7302,鹤壁市,迎宾馆,,37,NA,16,14,12,116,NA,146,134,8,6,3,3,0.5,0.6
2026-07-23T2300,2389A,113.836,35.3104,新乡市,环保西院,,38,24,25,10,11,119,NA,142,128,4,4,7,7,0.7,0.7
2026-07-23T2300,2390A,113.8847,35.2724,新乡市,开发区,,39,27,24,4,9,124,NA,137,125,6,8,6,7,0.5,0.6
2026-07-23T2300,2391A,113.8836,35.3028,新乡市,环保东院,,41,34,30,1,9,129,NA,145,133,6,7,5,6,0.5,0.5
2026-07-23T2300,2392A,115.0312,35.7636,濮阳市,环保局,,38,NA,20,7,9,121,NA,143,138,8,8,2,2,0.7,0.7
2026-07-23T2300,2398A,113.7904,33.9949,许昌市,开发区,,30,30,25,15,14,94,NA,117,111,11,10,3,3,0.4,0.5
2026-07-23T2300,2399A,114.051,33.5721,漯河市,三五一五工厂,,43,43,23,24,14,71,NA,127,114,24,16,6,5,0.4,0.4
2026-07-23T2300,2400A,114.0055,33.5698,漯河市,漯河大学,,33,28,22,23,16,72,NA,132,120,24,16,6,6,0.4,0.4
2026-07-23T2300,2401A,114.0134,33.5826,漯河市,市水利局,,24,24,17,14,11,74,NA,134,NA,23,15,6,6,0.5,0.5
2026-07-23T2300,2402A,114.0261,33.5697,漯河市,市广电局,,29,29,19,18,14,77,NA,134,121,18,12,6,4,0.5,0.5
2026-07-23T2300,2404A,112.5338,33.0086,南阳市,瓦房庄,,30,26,23,4,8,94,NA,94,93,10,8,6,6,0.6,0.6
2026-07-23T2300,2405A,112.5002,32.9734,南阳市,汉画馆,,30,28,20,2,8,95,NA,102,96,10,9,6,7,0.4,0.5
2026-07-23T2300,2406A,112.5778,33.0144,南阳市,气象站,,32,20,14,2,8,100,NA,111,107,13,9,6,6,0.5,0.4
2026-07-23T2300,2407A,112.548,32.9687,南阳市,理工学院,,29,21,19,9,12,92,NA,102,98,13,10,7,7,0.4,0.4
2026-07-23T2300,2408A,115.6701,34.4283,商丘市,环境监测站,,29,29,26,18,12,80,NA,117,110,7,8,5,5,0.4,0.4
2026-07-23T2300,2409A,115.6458,34.4047,商丘市,粮食局,,33,33,20,9,9,80,NA,116,108,10,8,3,4,0.2,0.2
2026-07-23T2300,2420A,114.0194,32.9648,驻马店市,市一纸厂,,45,45,15,7,10,102,NA,119,106,5,7,5,4,0.2,0.3
2026-07-23T2300,2421A,114.0112,33.0149,驻马店市,市彩印厂,,43,NA,15,30,8,94,NA,112,102,7,5,4,5,0.4,0.4
2026-07-23T2300,2423A,115.0547,30.2332,黄石市,沈家营,颗粒物(PM10),56,58,37,8,9,28,NA,54,46,17,11,4,4,1.0,0.5
2026-07-23T2300,2426A,114.899,30.211,黄石市,铁山,,31,31,23,10,8,45,NA,70,60,15,10,3,4,0.6,0.5
2026-07-23T2300,2427A,115.0259,30.2108,黄石市,团城山,,48,48,33,17,9,35,NA,65,59,16,8,4,4,1.3,0.9
2026-07-23T2300,2429A,110.78,32.6494,十堰市,滨河新村,,49,38,21,34,12,44,NA,118,105,32,9,/,/,0.9,0.7
2026-07-23T2300,2430A,110.7305,32.6408,十堰市,刘家沟,,26,26,20,11,12,62,NA,127,116,6,6,/,/,/,/
2026-07-23T2300,2431A,110.8843,32.5712,十堰市,铁二处,,25,18,21,17,16,53,NA,120,98,7,9,7,9,0.6,0.7
2026-07-23T2300,2432A,112.1555,32.0197,襄阳市,襄城运动路,,34,25,31,15,19,107,NA,118,116,6,7,8,8,0.4,0.5
2026-07-23T2300,2434A,112.1829,32.1146,襄阳市,高新管委会,,42,42,29,22,20,100,NA,123,118,7,9,10,10,0.6,0.6
2026-07-23T2300,2435A,112.2105,32.0903,襄阳市,襄州航空路,,38,38,28,20,18,96,NA,123,117,6,7,7,8,0.4,0.5
2026-07-23T2300,2436A,114.894,30.3989,鄂州市,市政府,颗粒物(PM10),52,52,25,9,8,47,NA,77,65,17,13,5,3,0.6,0.4
2026-07-23T2300,2437A,114.8986,30.3714,鄂州市,赵家坝,,38,38,22,14,8,37,NA,82,74,20,11,8,7,0.8,0.6
2026-07-23T2300,2439A,112.2012,31.048,荆门市,竹园小学,,27,NA,24,18,17,86,NA,96,93,8,8,4,4,0.7,0.8
2026-07-23T2300,2440A,112.1968,30.9892,荆门市,掇刀,,28,20,23,17,15,88,NA,93,92,10,7,6,6,0.6,0.6
2026-07-23T2300,2444A,113.9062,30.9378,孝感市,东城区,,38,38,30,15,10,60,NA,98,90,13,10,4,4,0.6,0.7
2026-07-23T2300,2446A,114.9021,30.474,黄冈市,职工中心,NA,NA,22,16,2,7,55,NA,84,73,15,11,NA,11,0.4,0.6
2026-07-23T2300,2451A,113.3587,31.7275,随州市,市委党校,NA,NA,12,20,9,11,NA,NA,51,NA,4,4,3,3,0.4,0.5
2026-07-23T2300,2452A,113.3745,31.6926,随州市,市林业局,,38,NA,13,10,9,120,NA,101,101,4,4,1,2,0.5,0.6
2026-07-23T2300,2453A,113.3984,31.7309,随州市,市立交桥水厂,,31,NA,19,12,10,99,NA,88,88,4,4,3,3,0.4,0.5
2026-07-23T2300,2454A,109.4978,30.2979,恩施土家族苗族自治州,湖北民院,,40,40,37,22,19,68,NA,107,95,7,5,5,5,0.5,0.5
2026-07-23T2300,2457A,112.6209,26.9268,衡阳市,衡阳化工总厂,,26,26,23,15,12,43,NA,74,60,8,5,5,6,0.5,0.5
2026-07-23T2300,2458A,112.621,26.8957,衡阳市,珠晖区环保局,,23,23,22,11,9,48,NA,82,66,7,5,6,8,0.6,0.6
2026-07-23T2300,2459A,112.628,26.8654,衡阳市,市委党校,,25,NA,22,17,12,43,NA,74,60,5,4,3,4,0.2,0.2
2026-07-23T2300,2460A,112.6007,26.8977,衡阳市,市监测站,,27,27,23,14,10,48,NA,82,65,8,5,6,4,0.7,0.6
2026-07-23T2300,2461A,112.5658,26.9013,衡阳市,真空机电公司,,37,37,22,16,13,45,NA,77,58,16,9,11,12,1.2,1.1
2026-07-23T2300,2464A,111.5277,27.2442,邵阳市,市化工厂,NA,NA,17,21,NA,4,47,NA,70,61,7,6,9,9,0.3,0.3
2026-07-23T2300,2466A,111.4327,27.2276,邵阳市,市环保局,,25,NA,24,17,15,48,NA,67,59,6,7,5,3,0.4,0.5
2026-07-23T2300,2468A,112.3458,28.581,益阳市,市环保局,,23,NA,19,16,13,61,NA,85,77,3,7,6,6,0.6,0.7
2026-07-23T2300,2473A,113.0116,25.8228,郴州市,市职中,,36,36,22,24,15,42,NA,64,56,10,4,7,9,0.5,0.5
2026-07-23T2300,2475A,113.0381,25.8074,郴州市,市审计局,,34,34,22,23,14,42,NA,64,55,10,4,15,8,/,/
2026-07-23T2300,2476A,113.0348,25.7757,郴州市,市环保局,,35,26,32,24,14,35,NA,65,55,18,5,15,11,0.5,0.4
2026-07-23T2300,2478A,111.6126,26.4266,永州市,市环境监测站,,28,28,23,16,14,52,NA,63,59,8,6,4,4,0.6,0.6
2026-07-23T2300,2480A,111.6248,26.3803,永州市,永州市环保局,,30,30,28,18,15,51,NA,66,62,6,4,2,3,0.6,0.6
2026-07-23T2300,2481A,111.5989,26.4523,永州市,冷水滩区环保局,,32,32,25,13,7,56,NA,66,63,8,5,5,4,0.5,0.5
2026-07-23T2300,2483A,109.9297,27.5383,怀化市,河西地税局,,26,26,23,14,13,20,NA,78,69,8,5,5,5,/,/
2026-07-23T2300,2484A,109.9783,27.5342,怀化市,市四医院,,39,36,22,27,13,36,NA,80,64,16,7,5,5,0.3,0.3
2026-07-23T2300,2485A,109.9971,27.5579,怀化市,监测楼,,25,24,23,17,13,46,NA,84,71,12,6,5,6,0.3,0.3
2026-07-23T2300,2488A,111.9984,27.7346,娄底市,市监测站,,22,19,27,15,14,42,NA,58,51,5,9,3,4,0.2,0.5
2026-07-23T2300,2491A,111.9888,27.7035,娄底市,市政府,,24,24,22,6,4,48,NA,62,57,5,6,3,4,0.2,0.3
2026-07-23T2300,2493A,109.7298,28.3164,湘西土家族苗族自治州,州政府,,40,40,23,23,20,23,NA,76,66,8,4,4,4,0.6,0.5
2026-07-23T2300,2494A,109.6957,28.2676,湘西土家族苗族自治州,吉首市计生局,,30,21,19,21,17,33,NA,78,67,9,7,4,4,0.4,0.4
2026-07-23T2300,2496A,111.3126,23.4772,梧州市,市十一中,颗粒物(PM10),62,66,37,23,13,14,NA,80,39,36,19,10,9,0.5,0.4
2026-07-23T2300,2498A,111.26,23.4794,梧州市,龙新,,35,35,35,16,10,30,NA,79,51,15,13,3,6,0.4,0.6
2026-07-23T2300,2499A,108.3411,21.6159,防城港市,沙万,,43,43,26,17,10,21,NA,45,35,29,20,4,4,0.7,0.6
2026-07-23T2300,2500A,108.3515,21.7733,防城港市,防城档案局,,41,41,25,21,12,11,NA,42,36,21,14,4,3,1.0,0.8
2026-07-23T2300,2501A,108.3506,21.6414,防城港市,大海花园,,38,37,20,26,12,20,NA,52,42,30,14,9,7,0.7,0.5
2026-07-23T2300,2502A,108.6238,21.9667,钦州市,市环保站,,27,27,15,13,9,22,NA,54,48,14,10,5,5,0.8,0.8
2026-07-23T2300,2503A,108.655,21.9481,钦州市,沙埠小学,,28,28,22,14,6,26,NA,53,43,9,11,5,6,0.7,0.8
2026-07-23T2300,2504A,108.5989,21.7435,钦州市,港区一小,,33,33,28,5,8,18,NA,49,26,25,20,4,4,0.9,1
2026-07-23T2300,2506A,109.604387,23.066791,贵港市,江南子站,NA,NA,NA,NA,NA,NA,NA,NA,NA,NA,NA,NA,NA,NA,NA,NA
2026-07-23T2300,2508A,109.5669,23.1065,贵港市,荷城子站,NA,NA,9,25,7,13,NA,NA,63,NA,10,12,4,8,0.7,0.7
2026-07-23T2300,2511A,110.1433,22.6162,玉林市,南江一中,颗粒物(PM10),53,54,26,19,18,16,NA,56,28,20,12,1,2,0.4,0.4
2026-07-23T2300,2512A,106.6102,23.901,百色市,市监测站,,36,27,34,25,19,82,NA,111,102,10,11,15,11,0.5,0.4
2026-07-23T2300,2513A,106.6524,23.8842,百色市,市中心血站,,28,24,36,8,21,87,NA,106,100,7,12,11,12,0.4,0.4
2026-07-23T2300,2514A,111.5264,24.4178,贺州市,环保小区,细颗粒物(PM2.5),84,NA,26,52,16,20,NA,77,61,20,9,9,9,0.5,0.3
2026-07-23T2300,2515A,111.561,24.4074,贺州市,政协大楼,,46,38,22,32,17,20,NA,80,62,27,12,13,12,0.8,0.6
2026-07-23T2300,2517A,108.0496,24.6957,河池市,市环保站,,46,46,28,22,16,14,NA,67,46,15,7,4,6,0.8,0.7
2026-07-23T2300,2520A,109.2203,23.7252,来宾市,来宾技工学校,,17,17,29,6,14,39,NA,64,54,13,12,4,5,0.6,0.6
2026-07-23T2300,2521A,107.3473,22.4137,崇左市,市环保局江州分局,,19,18,25,13,12,52,NA,92,75,13,11,10,7,1.0,0.6
2026-07-23T2300,2524A,105.8211,32.4444,广元市,老城,,46,46,41,24,24,98,NA,145,137,14,16,6,9,0.3,0.4
2026-07-23T2300,2526A,105.8629,32.429,广元市,监测站,颗粒物(PM10),55,57,52,26,24,95,NA,146,137,15,12,3,6,0.4,0.5
2026-07-23T2300,2528A,105.5581,30.5231,遂宁市,市监测站,颗粒物(PM10),63,68,49,24,19,99,NA,153,134,21,10,15,13,0.7,0.6
2026-07-23T2300,2530A,105.5917,30.4727,遂宁市,美宁食品公司,颗粒物(PM10),77,87,54,32,22,56,NA,151,123,64,32,10,11,1.0,0.7
2026-07-23T2300,2531A,105.0703,29.61,内江市,市监测站,,44,44,32,29,25,114,NA,184,165,23,17,11,11,0.5,0.6
2026-07-23T2300,2533A,105.0657,29.5807,内江市,内江二中,细颗粒物(PM2.5),52,NA,32,36,25,114,NA,180,162,19,14,9,9,0.5,0.4
2026-07-23T2300,2534A,105.0407,29.5828,内江市,内江日报社,"颗粒物(PM10),细颗粒物(PM2.5)",60,64,33,40,28,108,NA,175,161,32,19,12,12,0.6,0.3
2026-07-23T2300,2536A,103.7629,29.5844,乐山市,牛耳桥,,42,42,47,22,19,125,NA,170,142,16,22,7,8,0.8,0.8
2026-07-23T2300,2537A,103.7501,29.6002,乐山市,市第三水厂,,43,38,46,21,24,135,NA,175,151,14,20,5,6,0.9,0.9
2026-07-23T2300,2538A,103.7571,29.5664,乐山市,市监测站,颗粒物(PM10),63,67,56,35,23,121,NA,183,155,16,16,6,7,0.7,0.8
2026-07-23T2300,2540A,103.8414,30.0871,眉山市,气象局,细颗粒物(PM2.5),62,64,42,41,24,124,NA,194,176,32,46,10,11,1.0,0.8
2026-07-23T2300,2544A,106.6307,30.4577,广安市,市委,,45,42,42,31,26,108,NA,144,130,11,11,12,11,0.4,0.5
2026-07-23T2300,2545A,106.6266,30.4662,广安市,友谊中学,,44,44,37,29,22,100,NA,143,126,13,12,12,12,0.5,0.5
2026-07-23T2300,2547A,106.6386,30.4551,广安市,广电花园,颗粒物(PM10),52,52,41,25,24,101,NA,145,126,14,13,10,9,0.6,0.6
2026-07-23T2300,2549A,107.5087,31.2186,达州市,市环境监测站,NA,NA,40,43,20,18,NA,NA,128,118,7,16,6,7,0.3,0.4
2026-07-23T2300,2550A,107.4988,31.2132,达州市,凤凰小区,,41,41,46,17,17,106,NA,131,116,8,14,5,6,0.2,0.3
2026-07-23T2300,2551A,107.5081,31.1987,达州市,达县机关宾馆,,41,41,45,17,20,104,NA,130,113,14,21,4,6,0.2,0.3
2026-07-23T2300,2552A,107.4644,31.2124,达州市,市政中心,颗粒物(PM10),57,59,52,18,20,104,NA,139,120,11,19,5,6,0.2,0.3
2026-07-23T2300,2555A,103.011,29.9833,雅安市,市政府,,32,32,32,20,20,63,NA,121,98,10,10,7,9,0.4,0.4
2026-07-23T2300,2556A,102.9907,29.9778,雅安市,川农大,,31,31,31,20,20,72,NA,112,96,12,9,10,7,0.5,0.4
2026-07-23T2300,2562A,104.6357,30.1508,资阳市,资阳中学,颗粒物(PM10),55,56,42,27,22,101,NA,163,144,10,10,6,7,0.4,0.4
2026-07-23T2300,2565A,104.6297,30.1259,资阳市,区法院,颗粒物(PM10),51,51,32,26,24,114,NA,160,144,14,13,9,10,0.4,0.4
2026-07-23T2300,2568A,102.2503,31.8896,阿坝藏族羌族自治州,马师校,,35,35,27,8,9,50,NA,122,90,4,4,4,4,0.3,0.2
2026-07-23T2300,2570A,101.96,30.048,甘孜藏族自治州,水桥子,,28,28,25,7,11,9,NA,102,57,43,25,3,3,0.3,0.1
2026-07-23T2300,2573A,102.2629,27.8981,凉山彝族自治州,西昌市政府,NA,NA,NA,29,17,22,NA,NA,147,126,5,9,4,12,0.4,0.6
2026-07-23T2300,2574A,102.2686,27.885,凉山彝族自治州,凉山州政府,,29,28,34,16,22,90,NA,144,118,7,10,4,9,0.5,0.6
2026-07-23T2300,2577A,104.8293,26.592,六盘水市,黄土坡,,31,18,25,17,19,98,NA,114,112,6,7,2,3,0.5,0.5
2026-07-23T2300,2579A,104.8481,26.5898,六盘水市,民中,,31,NA,25,20,20,99,NA,113,111,5,6,1,1,0.4,0.4
2026-07-23T2300,2580A,104.9541,26.5506,六盘水市,双水,,29,22,31,17,18,91,NA,112,107,6,6,4,4,0.4,0.3
2026-07-23T2300,2585A,109.1839,27.7344,铜仁市,铜仁卫校,,42,42,25,14,10,28,NA,87,71,24,6,2,2,0.4,0.4
2026-07-23T2300,2586A,109.1752,27.6945,铜仁市,铜仁七中,,19,19,21,12,13,42,NA,78,66,8,5,6,6,0.3,0.2
2026-07-23T2300,2587A,105.287,27.3133,毕节市,八中,颗粒物(PM10),78,89,59,28,22,55,NA,136,106,25,18,8,9,0.7,0.6
2026-07-23T2300,2588A,105.3079,27.2987,毕节市,师专,颗粒物(PM10),53,53,45,25,24,54,NA,122,99,27,15,7,9,0.7,0.6
2026-07-23T2300,2589A,104.9022,25.0943,黔西南布依族苗族自治州,场坝街,,30,24,27,15,18,93,NA,105,98,3,10,4,14,0.3,0.3
2026-07-23T2300,2590A,104.8812,25.0994,黔西南布依族苗族自治州,坪东大道,,29,NA,24,19,18,90,NA,101,97,2,9,6,9,0.4,0.4
2026-07-23T2300,2591A,107.9765,26.5724,黔东南苗族侗族自治州,市环境监测站,,23,17,21,16,17,70,NA,90,83,3,3,2,2,0.5,0.4
2026-07-23T2300,2593A,107.5223,26.2371,黔南布依族苗族自治州,小围寨,,24,14,15,12,15,74,NA,91,83,3,4,5,5,0.4,0.5
2026-07-23T2300,2594A,99.1589,25.1137,保山市,市环境监测站,,15,11,14,10,5,47,NA,78,66,11,6,7,6,0.3,0.3
2026-07-23T2300,2595A,99.1616,25.1381,保山市,市环保局,,18,14,16,2,5,55,NA,82,71,3,4,6,6,0.3,0.2
2026-07-23T2300,2596A,103.7668,27.3736,昭通市,监测站,,40,37,41,28,27,112,NA,130,128,14,11,7,8,0.4,0.5
2026-07-23T2300,2599A,100.2497,26.8802,丽江市,丽江古城,NA,NA,NA,18,15,11,NA,NA,98,NA,7,9,4,4,0.5,0.6
2026-07-23T2300,2600A,100.2203,26.8906,丽江市,市中心,,30,20,18,20,11,96,NA,96,96,6,7,5,6,0.4,0.2
2026-07-23T2300,2601A,100.9801,22.7634,普洱市,市环保局,NA,NA,29,27,14,13,41,NA,59,46,4,5,6,6,NA,0.7
2026-07-23T2300,2602A,100.9763,22.8237,普洱市,普洱第二中学,,24,24,25,14,10,46,NA,60,54,4,6,2,7,0.5,0.7
2026-07-23T2300,2603A,100.0779,23.8981,临沧市,市环保局,NA,NA,NA,16,11,8,39,NA,59,56,10,10,7,8,0.4,0.5
2026-07-23T2300,2604A,100.0894,23.882,临沧市,市气象局,,23,23,21,15,10,43,NA,66,62,8,7,7,8,0.7,0.6
2026-07-23T2300,2606A,101.5379,25.0492,楚雄彝族自治州,市经济开发区,,43,43,16,9,9,79,NA,83,83,9,11,2,2,0.8,0.8
2026-07-23T2300,2610A,104.2533,23.3595,文山壮族苗族自治州,州水务局,,21,11,18,8,11,66,NA,87,72,4,6,10,10,0.3,0.3
2026-07-23T2300,2611A,104.2319,23.3892,文山壮族苗族自治州,市便民服务中心,,22,20,19,15,12,68,NA,83,69,8,10,3,3,0.4,0.4
2026-07-23T2300,2612A,100.8018,21.9995,西双版纳傣族自治州,景洪市江南,,27,27,19,15,11,30,NA,62,47,6,5,10,10,0.7,0.6
2026-07-23T2300,2613A,100.7995,22.0238,西双版纳傣族自治州,景洪市江北,,44,44,35,6,8,34,NA,63,47,4,4,11,11,0.5,0.6
2026-07-23T2300,2614A,100.2168,25.5818,大理白族自治州,大理市环境监测站,NA,NA,12,10,7,6,NA,NA,80,80,9,9,5,5,0.3,0.3
2026-07-23T2300,2615A,100.1542,25.7055,大理白族自治州,大理古城,,19,19,12,9,6,56,NA,85,72,16,9,6,7,0.6,0.6
2026-07-23T2300,2616A,98.5611,24.4273,德宏傣族景颇族自治州,德宏州监测站,,19,NA,4,13,8,38,NA,72,58,4,5,8,10,0.5,0.5
2026-07-23T2300,2618A,98.859,25.8541,怒江傈僳族自治州,州监测站,,30,30,18,13,11,34,NA,77,68,15,7,5,5,0.7,0.5
2026-07-23T2300,2619A,98.8607,25.8168,怒江傈僳族自治州,泸水一中,,18,12,18,12,12,36,NA,70,60,15,11,4,4,0.5,0.5
2026-07-23T2300,2621A,99.7054,27.8319,迪庆藏族自治州,迪庆州站,,30,12,18,9,9,96,NA,100,98,9,9,8,8,0.1,0.1
2026-07-23T2300,2622A,97.1813,31.1289,昌都市,昌都监测站,,21,19,13,3,4,66,NA,102,90,9,9,2,3,0.4,0.4
2026-07-23T2300,2624A,91.7592,29.234,山南市,山南监测站,,31,8,8,2,2,97,NA,84,84,1,4,5,5,0.2,0.2
2026-07-23T2300,2625A,91.7701,29.2436,山南市,山南人民医院,,29,8,12,3,2,92,NA,78,78,2,4,4,5,0.2,0.3
2026-07-23T2300,2626A,88.8873,29.2723,日喀则市,日喀则监测站,,23,23,7,3,3,50,NA,71,67,14,5,6,6,0.3,0.2
2026-07-23T2300,2628A,92.0653,31.4846,那曲市,那曲监测站,,40,40,16,18,8,94,NA,95,94,13,7,5,5,0.3,0.3
2026-07-23T2300,2630A,80.1171,32.4999,阿里地区,阿里监测站,,28,8,7,3,2,89,NA,91,91,2,2,6,6,0.3,0.2
2026-07-23T2300,2632A,94.3683,29.6373,林芝市,林芝监测站,,13,12,9,9,6,36,NA,64,61,6,5,2,4,0.4,0.4
2026-07-23T2300,2633A,94.3616,29.6634,林芝市,林芝人民医院,,12,9,10,8,6,29,NA,56,50,6,6,3,3,0.4,0.4
2026-07-23T2300,2635A,107.0155,33.0707,汉中市,市监测站,,47,47,25,21,10,92,NA,142,128,11,6,4,4,0.4,0.3
2026-07-23T2300,2636A,107.0083,33.114,汉中市,鑫源开发区,,39,39,23,24,10,94,NA,143,122,12,8,6,5,0.7,0.5
2026-07-23T2300,2637A,107.0072,33.0323,汉中市,南郑大河坎水厂,,43,41,22,30,12,70,NA,144,119,12,7,3,3,0.6,0.5
2026-07-23T2300,2639A,109.7445,38.2919,榆林市,世纪广场,,32,29,22,8,8,101,NA,153,135,26,13,20,10,0.5,0.4
2026-07-23T2300,2640A,109.729,38.2837,榆林市,实验中学,,29,28,28,10,8,91,NA,157,140,36,12,17,11,0.4,0.3
2026-07-23T2300,2641A,109.7347,38.2491,榆林市,环保监测大楼,,33,17,23,11,10,104,NA,152,140,25,11,7,16,0.3,0.2
2026-07-23T2300,2644A,109.0088,32.6974,安康市,汉滨区检察院,,22,22,23,7,8,38,NA,135,101,11,7,1,1,0.3,0.3
2026-07-23T2300,2645A,109.9155,33.8714,商洛市,监测站,,29,23,28,13,16,92,NA,142,122,15,10,6,7,0.4,0.5
2026-07-23T2300,2647A,104.1727,36.5448,白银市,第三小学,颗粒物(PM10),68,75,49,32,20,58,NA,143,122,65,26,13,17,0.7,0.7
2026-07-23T2300,2648A,104.1467,36.5482,白银市,动力公司,颗粒物(PM10),83,96,48,32,18,64,NA,142,122,37,22,2,8,0.8,0.8
2026-07-23T2300,2650A,105.72058,34.57859,天水市,公园小学,颗粒物(PM10),53,53,45,26,23,91,NA,137,124,17,13,16,12,0.4,0.5
2026-07-23T2300,2651A,105.89428,34.55353,天水市,麦积国土局,NA,NA,NA,34,NA,20,135,NA,152,146,NA,9,5,8,0.4,0.4
2026-07-23T2300,2652A,102.6203,37.925,武威市,监测站,颗粒物(PM10),65,71,38,23,16,120,NA,156,145,16,17,14,13,0.4,0.4
2026-07-23T2300,2654A,100.4699,38.9525,张掖市,润泉湖,颗粒物(PM10),58,60,50,19,19,126,NA,150,139,13,13,8,8,0.2,0.3
2026-07-23T2300,2655A,100.4155,38.9422,张掖市,区工会,,46,46,42,17,18,137,NA,170,159,11,11,8,7,0.2,0.3
2026-07-23T2300,2656A,106.6633,35.5338,平凉市,聚贤嘉苑,,49,49,37,19,18,143,NA,138,138,14,18,8,9,0.7,0.8
2026-07-23T2300,2657A,106.7021,35.5307,平凉市,博物馆,颗粒物(PM10),51,51,46,21,20,138,NA,134,134,19,17,10,10,0.7,0.9
2026-07-23T2300,2661A,107.6325,35.7357,庆阳市,庆阳五中,,48,38,29,23,13,152,NA,152,152,9,8,6,7,0.5,0.5
2026-07-23T2300,2662A,107.6361,35.7067,庆阳市,市环保局,,48,35,26,27,12,152,NA,153,153,10,8,8,9,0.7,0.7
2026-07-23T2300,2669A,102.9097,34.9841,甘南藏族自治州,州政府,颗粒物(PM10),73,82,37,35,14,49,NA,135,111,29,16,6,6,0.4,0.3
2026-07-23T2300,2671A,100.9016,36.9464,海北藏族自治州,海晏县西海镇,,35,31,21,23,10,111,NA,159,154,7,3,10,8,0.5,0.4
2026-07-23T2300,2672A,102.02,35.5101,黄南藏族自治州,同仁县隆务镇,,41,25,18,14,12,130,NA,166,157,1,2,7,8,0.2,0.2
2026-07-23T2300,2673A,100.6158,36.2985,海南藏族自治州,共和县恰卜恰镇,,42,42,23,20,12,131,NA,144,142,8,4,15,6,0.5,0.5
2026-07-23T2300,2674A,100.2262,34.4854,果洛藏族自治州,玛沁县大武镇,,48,48,36,17,10,68,NA,126,113,4,4,8,7,0.4,0.4
2026-07-23T2300,2675A,97.0386,33.0138,玉树藏族自治州,玉树县结古镇,,30,24,48,4,17,94,NA,129,110,16,10,6,4,0.2,0.2
2026-07-23T2300,2676A,97.373,37.376,海西蒙古族藏族自治州,德令哈市,,35,22,27,9,9,112,NA,134,128,1,2,11,11,0.5,0.4
2026-07-23T2300,2677A,106.1535,37.9648,吴忠市,教育园区,颗粒物(PM10),85,98,43,29,18,150,NA,182,178,17,16,6,7,0.6,0.4
2026-07-23T2300,2679A,106.1851,37.9957,吴忠市,新区二泵站,颗粒物(PM10),52,52,48,24,14,139,NA,184,175,13,10,7,8,0.6,0.4
2026-07-23T2300,2682A,105.1965,37.4996,中卫市,环保局站,颗粒物(PM10),62,66,40,22,24,116,NA,164,145,25,17,8,7,0.4,0.3
2026-07-23T2300,2684A,106.2753,36.0057,固原市,监测站,,39,39,31,17,16,115,NA,145,126,22,13,7,6,0.3,0.3
2026-07-23T2300,2685A,106.2384,36.0189,固原市,新区,,36,36,30,23,18,112,NA,142,133,14,9,6,6,0.5,0.4
2026-07-23T2300,2686A,89.1905,42.9419,吐鲁番市,市环保局,颗粒物(PM10),103,126,217,42,63,70,NA,117,103,22,8,7,6,0.6,0.4
2026-07-23T2300,2687A,89.1674,42.9558,吐鲁番市,地区环保局,颗粒物(PM10),102,124,209,43,75,67,NA,116,94,30,14,8,7,0.5,0.2
2026-07-23T2300,2688A,93.5124,42.8176,哈密市,地区监测站,,47,47,73,14,23,111,NA,104,95,4,10,2,4,0.0,0.1
2026-07-23T2300,2689A,93.5014,42.8312,哈密市,哈密师范学校,,38,38,74,10,23,105,NA,98,80,8,12,3,2,0.1,0.2
2026-07-23T2300,2692A,87.2722,44.0298,昌吉回族自治州,新区政务中心,,27,27,18,18,10,50,NA,101,88,34,11,5,8,0.3,0.2
2026-07-23T2300,2693A,82.0482,44.8553,博尔塔拉蒙古自治州,市党校,颗粒物(PM10),61,65,38,3,9,75,NA,108,100,4,6,3,3,0.2,0.2
2026-07-23T2300,2694A,82.0805,44.8966,博尔塔拉蒙古自治州,市环保局,NA,NA,NA,21,8,5,NA,NA,110,107,14,10,2,3,0.1,0
2026-07-23T2300,2695A,80.2899,41.1684,阿克苏地区,电视台,NA,NA,161,64,NA,18,NA,NA,112,105,22,6,4,5,0.4,0.6
2026-07-23T2300,2696A,80.2592,41.1541,阿克苏地区,艺术中心,细颗粒物(PM2.5),58,NA,44,39,24,89,NA,119,113,25,14,5,4,0.5,0.2
2026-07-23T2300,2697A,76.1457,39.7143,克孜勒苏柯尔克孜自治州,市人民政府,颗粒物(PM10),70,77,44,29,20,97,NA,144,139,42,5,2,7,0.3,0.1
2026-07-23T2300,2698A,76.0071,39.466,喀什地区,巡警大队,颗粒物(PM10),70,78,46,32,15,79,NA,144,135,45,8,5,4,0.5,0.1
2026-07-23T2300,2699A,75.9756,39.4693,喀什地区,吾办,颗粒物(PM10),88,103,51,40,16,76,NA,136,128,24,4,4,3,0.5,0.2
2026-07-23T2300,2704A,81.3002,43.9177,伊犁哈萨克自治州,新政府片区,,32,24,16,14,9,100,NA,108,108,10,9,3,3,0.6,0.7
2026-07-23T2300,2705A,81.3364,43.9409,伊犁哈萨克自治州,第二水厂,,33,20,18,7,9,103,NA,114,113,8,9,4,5,0.4,0.5
2026-07-23T2300,2706A,82.9993,46.7432,塔城地区,东门外小游园,NA,NA,53,32,12,7,66,NA,94,90,NA,4,7,6,0,0.2
2026-07-23T2300,2708A,88.1266,47.8515,阿勒泰地区,市站,,32,32,25,2,3,47,NA,98,84,32,15,8,7,0.6,0.6
2026-07-23T2300,2709A,86.0391,44.298,石河子市,艾青诗歌馆,NA,NA,NA,20,NA,3,NA,NA,123,92,NA,8,5,5,0.4,0.3
2026-07-23T2300,2711A,87.5352,44.1606,五家渠市,农水大厦,,36,36,24,10,8,82,NA,104,97,3,2,9,11,0.3,0.2
2026-07-23T2300,2809A,113.6668,24.7756,韶关市,大学路288号,,43,35,47,30,23,57,NA,108,97,10,10,36,19,/,/
2026-07-23T2300,2835A,101.7222,26.567,攀枝花市,四十中小,,43,42,34,30,24,69,NA,134,112,30,18,27,25,0.7,1
2026-07-23T2300,2842A,118.0937,24.5054,厦门市,湖里中学,,43,43,48,21,22,52,NA,110,76,10,9,2,3,0.4,0.4
2026-07-23T2300,2845A,113.1561,36.1912,长治市,德盛苑,,37,14,22,8,17,118,NA,136,129,9,9,10,11,0.9,1
2026-07-23T2300,2846A,113.3209,23.1323,广州市,体育西,,41,41,42,21,21,47,NA,131,98,26,22,6,6,0.5,0.5
2026-07-23T2300,2858A,117.7917,39.2473,天津市,河西一经路,颗粒物(PM10),53,53,51,33,27,57,NA,87,85,14,15,8,10,0.9,0.9
2026-07-23T2300,2859A,117.3747,38.9845,天津市,津沽路,,45,38,31,31,21,85,NA,118,113,12,22,3,2,1.2,0.9
2026-07-23T2300,2860A,117.159,39.0844,天津市,宾水西道,,36,33,36,25,28,84,NA,118,117,9,15,3,3,0.8,0.6
2026-07-23T2300,2865A,112.7195,37.683,晋中市,榆次三中,,42,12,27,3,19,134,NA,159,141,4,6,9,11,0.4,0.3
2026-07-23T2300,2867A,111.1225,37.5093,吕梁市,马茂庄小学,,44,44,41,14,10,61,NA,144,119,33,19,8,10,0.5,0.5
2026-07-23T2300,2868A,126.4737,43.953,吉林市,九站,,26,26,35,18,22,8,NA,131,65,48,19,1,5,0.6,0.6
2026-07-23T2300,2869A,119.4472,32.4156,扬州市,五台山医院,,23,23,24,7,8,38,NA,87,59,13,16,9,10,0.5,0.6
2026-07-23T2300,2870A,119.4369,32.1891,镇江市,市疾控中心,,18,17,23,12,13,18,NA,79,51,23,14,6,5,0.7,0.6
2026-07-23T2300,2871A,121.6156,29.9015,宁波市,万里国际学校,,39,39,40,14,20,46,NA,111,81,6,7,7,7,0.3,0.4
2026-07-23T2300,2872A,120.7845,30.7524,嘉兴市,南湖区残联,,44,44,44,27,27,63,NA,184,140,16,9,5,5,0.9,0.8
2026-07-23T2300,2873A,120.083,30.8929,湖州市,仁皇山新区,,34,34,30,17,21,67,NA,110,86,22,21,4,5,0.5,0.5
2026-07-23T2300,2875A,115.783962,32.889217,阜阳市,阜阳职业技术学院,,31,31,15,3,7,56,NA,78,72,7,6,4,4,0.5,0.4
2026-07-23T2300,2877A,119.1638,36.6524,潍坊市,坊子邮政,,41,41,40,28,21,88,NA,161,135,22,16,9,8,1.1,0.7
2026-07-23T2300,2880A,104.0219,30.6561,成都市,大石西路,,50,50,54,32,34,122,NA,180,167,21,23,5,8,1.1,1
2026-07-23T2300,2881A,107.8909,26.531,黔东南苗族侗族自治州,凯里学院,,26,NA,14,18,18,79,NA,95,88,2,3,3,2,0.5,0.5
2026-07-23T2300,2882A,102.5388,24.3703,玉溪市,玉溪一中,,25,22,22,17,9,41,NA,90,66,17,14,9,4,0.4,0.4
2026-07-23T2300,2883A,102.5382,24.339,玉溪市,文体中心,,16,16,20,9,10,45,NA,89,71,12,13,4,5,0.4,0.5
2026-07-23T2300,2884A,98.2672,39.7978,嘉峪关市,酒钢宾馆,颗粒物(PM10),74,83,57,26,17,107,NA,130,122,24,15,18,9,1.3,0.5
2026-07-23T2300,2885A,104.9344,33.3827,陇南市,滨江中学,,42,42,39,21,22,131,NA,147,143,6,6,9,9,0.4,0.4
2026-07-23T2300,2894A,117.0561,32.6536,淮南市,经济技术开发区消防队,,15,7,9,7,8,48,NA,60,54,7,9,8,8,0.4,0.5
2026-07-23T2300,2897A,123.2429,41.7341,沈阳市,沈辽西路,细颗粒物(PM2.5),72,67,42,46,26,77,NA,146,124,26,14,4,6,1.0,0.9
2026-07-23T2300,2900A,123.5951,41.9085,沈阳市,裕农路,细颗粒物(PM2.5),68,NA,30,44,18,106,NA,149,129,12,10,4,5,1.0,1
2026-07-23T2300,2902A,106.6347,30.4868,广安市,北辰小学,,45,45,44,31,25,99,NA,147,134,12,11,9,9,0.4,0.4
2026-07-23T2300,2907A,120.1846,30.8592,湖州市,吴兴区站,,37,37,30,7,17,68,NA,111,91,26,17,5,6,0.6,0.6
2026-07-23T2300,2919A,116.7022,39.5454,廊坊市,河北工业大学,,48,NA,31,33,31,88,NA,105,104,10,12,2,2,0.9,0.8
2026-07-23T2300,2920A,117.71,24.5048,漳州市,蓝田镇,细颗粒物(PM2.5),64,63,54,42,29,78,NA,116,104,13,12,6,6,0.4,0.3
2026-07-23T2300,2921A,120.5482,30.0003,绍兴市,树下王站,,38,29,31,26,22,85,NA,114,107,7,9,3,3,0.4,0.4
2026-07-23T2300,2922A,117.194,39.1069,天津市,大理道,,35,32,38,24,25,90,NA,121,120,12,19,2,2,0.8,0.7
2026-07-23T2300,2924A,106.2266,38.4417,银川市,水乡路,颗粒物(PM10),58,61,58,24,16,146,NA,220,202,20,15,6,8,0.5,0.5
2026-07-23T2300,2925A,106.2758,38.4841,银川市,上海东路,,48,48,36,22,19,139,NA,206,191,20,15,3,4,0.5,0.5
2026-07-23T2300,2926A,106.1016,38.4971,银川市,文昌北街,颗粒物(PM10),69,76,56,24,19,138,NA,204,190,21,29,6,9,0.7,0.6
2026-07-23T2300,2929A,114.8858,30.4519,黄冈市,红卫路,,25,20,15,17,10,50,NA,78,67,2,4,6,6,0.3,0.4
2026-07-23T2300,2996A,118.2781,33.9658,宿迁市,市供电局,,21,11,14,9,11,66,NA,81,72,7,11,4,4,0.6,0.7
2026-07-23T2300,2997A,119.8767,32.3291,泰州市,王营,,12,NA,19,8,11,32,NA,91,55,10,16,7,9,0.4,0.6
2026-07-23T2300,3000A,119.3577,34.6971,连云港市,德源药业,,17,17,18,9,9,52,NA,63,58,10,18,4,4,0.4,0.4
2026-07-23T2300,3002A,119.9701,31.813,常州市,行政中心,,25,22,29,17,14,43,NA,88,59,25,14,7,7,0.3,0.4
2026-07-23T2300,3003A,120.0434,31.7726,常州市,经开区,,23,NA,28,16,13,49,NA,92,60,22,17,4,4,0.8,1.2
2026-07-23T2300,3004A,120.1543,33.3664,盐城市,宝龙广场,,15,7,15,1,7,48,NA,69,54,8,7,8,8,0.9,1
2026-07-23T2300,3005A,117.1812,34.29,徐州市,鼓楼区政府,,23,NA,18,16,17,54,NA,108,88,12,11,8,7,0.5,0.5
2026-07-23T2300,3006A,117.1693,34.1781,徐州市,铜山区招生办,,25,NA,20,17,14,53,NA,105,83,6,6,6,6,0.2,0.2
2026-07-23T2300,3007A,119.178,34.8442,连云港市,新城一中,,19,19,19,13,10,52,NA,93,75,6,8,7,7,0.5,0.5
2026-07-23T2300,3008A,119.3607,34.7519,连云港市,胡沟管理处,,21,14,12,5,7,65,NA,81,75,7,12,8,11,0.3,0.3
2026-07-23T2300,3009A,119.1478,34.5913,连云港市,矿山设计院,,20,17,14,14,11,47,NA,68,62,8,13,1,1,0.6,0.6
2026-07-23T2300,3010A,119.8919,31.7892,常州市,钟楼,,29,23,27,20,14,49,NA,95,59,27,15,8,8,0.6,0.5
2026-07-23T2300,3012A,112.1849,31.0361,荆门市,西山林语,NA,NA,NA,25,14,15,60,NA,92,87,6,5,6,6,0.7,0.8
2026-07-23T2300,3014A,106.4958,29.5347,重庆市,歇台子,,42,42,33,27,17,95,NA,150,124,12,13,7,8,0.8,0.6
2026-07-23T2300,3015A,106.4067,29.5729,重庆市,龙井湾,,38,38,38,16,17,104,NA,186,150,15,12,8,9,0.5,0.6
2026-07-23T2300,3016A,106.5506,29.415,重庆市,龙洲湾,,41,41,29,28,17,85,NA,148,126,17,13,6,8,0.5,0.5
2026-07-23T2300,3018A,111.5048,36.1015,临汾市,唐尧大酒店,颗粒物(PM10),69,76,65,12,16,111,NA,170,147,6,14,5,7,0.5,0.7
2026-07-23T2300,3020A,117.2096,39.1698,天津市,中山北路,颗粒物(PM10),55,57,50,26,25,59,NA,103,98,12,18,2,2,1.2,1.1
2026-07-23T2300,3021A,115,35.7667,濮阳市,濮水河管理处,,29,4,11,4,8,91,NA,129,122,11,7,2,2,0.6,0.6
2026-07-23T2300,3025A,113.0479,23.6343,清远市,技师学院,颗粒物(PM10),79,90,48,48,25,60,NA,138,118,36,21,8,6,0.7,0.6
2026-07-23T2300,3026A,116.6179,23.6608,潮州市,市政府,颗粒物(PM10),55,56,51,27,26,33,NA,97,73,18,13,5,7,1.0,0.8
2026-07-23T2300,3028A,104.7765,29.3623,自贡市,檀木林体育馆,,46,43,39,32,24,132,NA,175,156,15,13,8,8,0.6,0.5
2026-07-23T2300,3033A,87.4652,43.4569,乌鲁木齐市,培训基地,,30,19,14,13,6,96,NA,114,113,7,5,6,7,0.1,0
2026-07-23T2300,3034A,113.1076,41.0385,乌兰察布市,光明街小学,,38,38,30,14,12,79,NA,163,136,24,9,6,5,0.4,0.3
2026-07-23T2300,3036A,118.6903,37.4337,东营市,开发区管委会,,36,18,35,7,16,113,NA,176,158,13,12,4,7,0.5,0.6
2026-07-23T2300,3038A,103.3757,23.3679,红河哈尼族彝族自治州,州图书馆,,22,18,25,15,17,62,NA,69,58,4,5,3,18,0.3,0.4
2026-07-23T2300,3039A,111.1911,34.7829,三门峡市,三门峡市第一小学,,38,24,49,16,31,120,NA,132,130,10,10,9,9,0.6,0.7
2026-07-23T2300,3045A,109.9647,33.8486,商洛市,商州区中学,,22,NA,29,14,18,68,NA,133,111,31,16,5,8,0.4,0.5
2026-07-23T2300,3046A,115.9084,28.6062,南昌市,机电学校,,41,41,32,24,18,47,NA,105,84,20,15,6,7,0.7,0.7
2026-07-23T2300,3048A,119.5799,26.0937,福州市,九龙,,34,34,48,14,25,41,NA,126,82,12,13,6,6,0.3,0.4
2026-07-23T2300,3051A,117.385,39.1483,天津市,西四道,,50,50,42,34,26,76,NA,111,109,19,23,1,2,1.4,1.2
2026-07-23T2300,3054A,113.9194,35.2847,新乡市,市委党校,,40,25,18,6,9,126,NA,140,127,6,6,4,5,0.5,0.5
2026-07-23T2300,3055A,101.7775,36.643,西宁市,城北区政府,NA,NA,28,28,17,17,86,NA,161,147,9,16,7,17,NA,0.4
2026-07-23T2300,3057A,121.5989,37.4016,烟台市,牟平检察院,,27,NA,8,8,11,86,NA,99,90,5,7,8,7,0.3,0.3
2026-07-23T2300,3058A,119.2656,42.0356,赤峰市,银河街,,32,32,28,18,18,73,NA,115,102,12,11,13,13,0.8,0.7
2026-07-23T2300,3059A,117.7181,36.205,济南市,泰兴公司,,33,31,38,23,20,76,NA,122,108,24,16,8,9,0.4,0.4
2026-07-23T2300,3061A,119.7511,49.1576,呼伦贝尔市,国华电力东,,23,22,17,8,12,72,NA,95,89,6,7,5,5,0.3,0.3
2026-07-23T2300,3064A,117.6861,36.2172,济南市,莱芜战役纪念馆,,39,31,34,27,18,88,NA,125,114,18,13,5,5,0.5,0.3
2026-07-23T2300,3065A,101.9534,29.9976,甘孜藏族自治州,州环保局,,17,17,24,10,11,24,NA,95,68,20,22,4,3,0.3,0.3
2026-07-23T2300,3066A,116.2722,37.438,德州市,九衢泉纯净水厂,,40,NA,15,28,10,127,NA,137,132,11,10,10,10,0.4,0.3
2026-07-23T2300,3109A,115.0094,25.8614,赣州市,赣县区卫计委,,35,35,36,11,17,39,NA,78,63,23,11,2,2,0.7,0.6
2026-07-23T2300,3123A,105.9408,26.2431,安顺市,凤凰山,,26,26,25,12,17,83,NA,102,94,5,4,6,5,0.6,0.6
2026-07-23T2300,3124A,105.9443,26.2567,安顺市,金钟山,,28,22,20,18,19,87,NA,108,100,4,3,8,7,0.5,0.5
2026-07-23T2300,3125A,105.8983,26.248,安顺市,娄家坡,,29,21,21,19,17,90,NA,106,100,3,2,7,5,0.5,0.4
2026-07-23T2300,3131A,114.878,40.7992,张家口市,烟厂,,34,34,29,17,15,86,NA,118,104,14,8,/,/,/,/
2026-07-23T2300,3132A,119.5979,39.938,秦皇岛市,文明里,颗粒物(PM10),53,54,43,24,15,90,NA,109,104,16,15,8,7,0.3,0.3
2026-07-23T2300,3133A,106.5469,29.5655,重庆市,上清寺,,36,36,34,17,17,82,NA,156,126,27,23,9,10,0.3,0.3
2026-07-23T2300,3134A,113.8172,34.0339,许昌市,市一中,,29,27,24,20,15,92,NA,118,112,15,11,2,2,0.5,0.5
2026-07-23T2300,3136A,104.2724,30.559,成都市,龙泉驿区区政府,,50,44,43,35,29,142,NA,252,218,15,13,5,6,0.9,0.8
2026-07-23T2300,3138A,111.7152,29.0288,常德市,武陵区永安,,36,36,20,17,11,56,NA,79,70,6,5,8,7,0.5,0.4
2026-07-23T2300,3139A,111.6891,28.9881,常德市,鼎城区玉霞,,38,27,19,26,11,52,NA,80,71,12,4,16,9,0.8,0.7
2026-07-23T2300,3140A,111.6651,29.0526,常德市,武陵区长庚,NA,NA,NA,17,NA,11,NA,NA,81,NA,NA,3,NA,8,NA,0.6
2026-07-23T2300,3141A,114.3921,36.0879,安阳市,信访局,,44,17,18,8,12,138,NA,152,143,3,4,2,3,0.3,0.4
2026-07-23T2300,3147A,114.3434,34.8101,开封市,龙亭公园,NA,NA,NA,25,15,13,NA,NA,115,108,5,6,4,5,0.4,0.5
2026-07-23T2300,3148A,103.829,30.0563,眉山市,区人社局,颗粒物(PM10),57,59,50,21,16,135,NA,185,174,27,36,9,12,0.7,0.7
2026-07-23T2300,3149A,115.0174,30.1591,黄石市,笔架山北路,颗粒物(PM10),58,60,44,14,9,44,NA,62,55,9,8,5,5,0.6,0.6
2026-07-23T2300,3151A,114.375,27.8096,宜春市,宜春学院北校区,,22,22,26,6,11,50,NA,67,58,4,5,2,3,0.5,0.5
2026-07-23T2300,3153A,114.3876,30.4908,武汉市,民族大道182号,,23,NA,14,16,12,44,NA,78,66,13,8,3,3,0.8,0.9
2026-07-23T2300,3164A,119.4682,32.394,扬州市,广陵建设局,,22,22,30,15,13,34,NA,85,52,25,27,5,5,0.6,0.6
2026-07-23T2300,3171A,115.6069,34.4465,商丘市,梁园区档案局,,35,35,26,18,11,74,NA,124,115,13,10,1,1,0.4,0.4
2026-07-23T2300,3173A,117.0598,30.5351,安庆市,市人大,,17,17,21,8,12,50,NA,85,62,10,12,6,5,0.7,0.6
2026-07-23T2300,3178A,119.0587,36.7209,潍坊市,潍坊七中,细颗粒物(PM2.5),58,48,36,39,16,113,NA,169,152,16,10,4,2,1.3,0.6
2026-07-23T2300,3179A,102.7491,25.012,昆明市,官渡区博物馆,,29,29,30,10,17,64,NA,122,103,24,24,4,4,0.5,0.6
2026-07-23T2300,3180A,99.7122,27.8129,迪庆藏族自治州,质量技术监督局,,32,9,16,5,8,100,NA,100,99,11,11,8,8,0.4,0.4
2026-07-23T2300,3181A,106.776805,31.852614,巴中市,市五中,,49,49,43,31,23,60,NA,122,102,12,11,9,9,0.5,0.5
2026-07-23T2300,3183A,106.7419,31.8654,巴中市,圣泉水务公司,,47,47,43,32,24,62,NA,129,102,23,14,10,10,0.6,0.6
2026-07-23T2300,3187A,116.9508,33.666,宿州市,远航博物馆,,14,14,17,7,10,34,NA,81,69,18,11,7,7,0.3,0.3
2026-07-23T2300,3188A,115.6684,37.7216,衡水市,市城管局,,42,30,29,29,17,104,NA,138,128,13,4,4,2,0.4,0.3
2026-07-23T2300,3190A,116.0254,29.6995,九江市,外国语学校,,48,33,20,33,16,26,NA,81,58,35,10,8,8,0.6,0.5
2026-07-23T2300,3191A,118.3243,33.95,宿迁市,宿豫区政府,,17,15,16,10,11,52,NA,72,63,12,15,3,4,0.4,0.4
2026-07-23T2300,3192A,80.0906,32.5029,阿里地区,阿里藏医院,,31,7,11,5,3,97,NA,98,98,1,1,6,6,0.2,0.2
2026-07-23T2300,3194A,112.2749,30.3124,荆州市,管委会,,30,16,16,12,16,95,NA,88,88,5,6,4,5,0.3,0.4
2026-07-23T2300,3195A,119.3649,32.3961,扬州市,市体育局,,22,22,25,8,11,45,NA,85,59,8,10,4,5,0.3,0.3
2026-07-23T2300,3200A,115.9772,36.4986,聊城市,监控中心,,40,6,10,4,6,128,NA,150,136,1,4,8,8,0.3,0.3
2026-07-23T2300,3206A,114.9148,27.8069,新余市,新钢沁园村,,47,47,35,18,14,49,NA,82,69,16,10,6,10,0.8,0.8
2026-07-23T2300,3207A,118.31131,32.3033,滁州市,市政府原办公楼,,20,NA,18,14,21,58,NA,79,56,8,14,6,6,0.3,0.4
2026-07-23T2300,3208A,112.7279,38.4157,忻州市,市政府,,36,36,34,21,18,95,NA,158,133,15,16,5,7,0.7,0.8
2026-07-23T2300,3209A,119.5231,26.6562,宁德市,宁德一中,,40,40,51,27,30,76,NA,148,120,9,10,11,11,0.3,0.7
2026-07-23T2300,3210A,114.3645,34.7955,开封市,汴京公园,,41,15,26,8,18,131,NA,132,120,10,11,4,5,0.2,0.3
2026-07-23T2300,3216A,117.662,24.5187,漳州市,漳州党校,颗粒物(PM10),64,69,53,31,27,82,NA,113,105,13,9,/,/,/,/
2026-07-23T2300,3237A,117.4918,30.6617,池州市,展览馆,,18,13,27,6,13,56,NA,79,73,8,8,4,3,0.2,0.6
2026-07-23T2300,3241A,103.7439,36.0841,兰州市,百合公园,,50,50,49,14,16,59,NA,188,141,48,36,7,15,0.3,0.4
2026-07-23T2300,3242A,103.9613,35.9985,兰州市,和平,,39,39,32,18,16,110,NA,172,138,6,12,8,12,0.1,0.2
2026-07-23T2300,3247A,104.9551,33.3709,陇南市,市总工会,颗粒物(PM10),60,63,39,24,21,144,NA,150,145,5,5,8,8,0.4,0.4
2026-07-23T2300,3248A,98.2644,39.7723,嘉峪关市,雄关区,颗粒物(PM10),70,77,53,30,18,110,NA,142,131,11,20,4,5,0.4,0.3
2026-07-23T2300,3265A,121.4242,31.3303,上海市,宝山庙行,颗粒物(PM10),53,54,48,27,29,91,NA,166,152,10,10,11,11,0.2,0.3
2026-07-23T2300,3266A,121.8789,31.4662,上海市,崇明上实东滩,,35,35,38,20,23,60,NA,155,109,12,13,3,4,0.4,0.4
2026-07-23T2300,3268A,121.316,31.2839,上海市,嘉定南翔,,41,41,41,26,29,77,NA,151,140,21,22,4,4,0.2,0.3
2026-07-23T2300,3269A,121.3357,30.7455,上海市,金山新城,,47,47,48,25,30,51,NA,159,124,13,7,4,4,0.5,0.5
2026-07-23T2300,3270A,121.4996,31.0741,上海市,闵行浦江,,44,44,45,25,25,57,NA,153,125,14,12,6,6,0.5,0.6
2026-07-23T2300,3271A,121.2886,31.1663,上海市,青浦徐泾,,46,46,47,25,30,72,NA,156,139,6,7,6,6,0.5,0.5
2026-07-23T2300,3272A,121.2193,31.0382,上海市,松江图书馆,,47,47,57,31,32,54,NA,153,126,19,14,6,6,0.6,0.7
2026-07-23T2300,3273A,121.3904,31.206,上海市,长宁仙霞,,45,33,46,31,27,62,NA,150,134,15,13,8,8,0.2,0.3
2026-07-23T2300,3274A,121.7964,31.0507,上海市,浦东惠南,,42,42,43,20,24,55,NA,155,114,13,14,8,8,0.7,0.8
2026-07-23T2300,3282A,113.3399,40.0586,大同市,大同市卫生学校,,33,23,28,13,11,105,NA,160,123,14,12,6,7,0.5,0.5
2026-07-23T2300,3283A,109.9154,40.5684,包头市,滨河大厦,,26,24,17,17,13,81,NA,143,113,24,17,7,8,0.5,0.6
2026-07-23T2300,3284A,106.8129,39.7274,乌海市,海北新区,颗粒物(PM10),59,62,68,26,14,111,NA,159,145,15,18,10,18,0.5,0.6
2026-07-23T2300,3285A,113.1383,40.9513,乌兰察布市,北京八中,,29,29,28,8,9,81,NA,156,128,29,11,8,9,0.6,0.6
2026-07-23T2300,3286A,118.9359,42.3146,赤峰市,桥北物流园区,,32,26,22,8,18,101,NA,116,114,12,13,16,24,0.7,0.8
2026-07-23T2300,3287A,119.3842,32.198,镇江市,富润路1号,,26,24,24,18,17,16,NA,89,48,38,17,9,9,0.5,0.4
2026-07-23T2300,3288A,117.4619,34.4368,徐州市,大泉街道,,22,17,27,15,15,49,NA,90,74,11,9,7,7,0.4,0.4
2026-07-23T2300,3289A,120.7431,31.3188,苏州市,方洲路,,48,48,38,31,36,107,NA,161,151,15,14,7,7,0.6,0.6
2026-07-23T2300,3290A,120.4979,31.2777,苏州市,木渎中学,,35,35,32,22,20,57,NA,128,123,21,13,5,4,0.7,0.5
2026-07-23T2300,3291A,121.0631,32.0644,南通市,通州监测站,,34,24,30,16,15,107,NA,165,136,2,12,7,7,0.7,0.7
2026-07-23T2300,3293A,120.1518,33.3369,盐城市,月亮广场,,18,8,14,7,10,56,NA,84,64,8,7,8,8,0.3,0.5
2026-07-23T2300,3294A,119.565282,32.422263,扬州市,引江管理处,,14,14,23,7,13,40,NA,82,57,8,13,1,1,0.6,0.7
2026-07-23T2300,3295A,120.1226,32.515,泰州市,姜堰区政府广场,,18,18,24,9,16,48,NA,116,75,14,16,8,9,0.6,0.6
2026-07-23T2300,3298A,113.5718,23.5493,广州市,从化街口,,48,48,48,22,28,51,NA,140,119,29,16,9,8,0.8,0.7
2026-07-23T2300,3299A,113.3463,23.369,广州市,白云竹料,,46,46,49,22,24,34,NA,137,106,30,20,4,4,0.7,0.7
2026-07-23T2300,3300A,113.2981,23.2365,广州市,白云嘉禾,,46,46,51,23,24,56,NA,138,108,19,20,9,9,/,/
2026-07-23T2300,3301A,113.4256,23.1716,广州市,黄埔科学城,,45,45,45,21,21,32,NA,115,81,22,18,7,7,0.4,0.4
2026-07-23T2300,3302A,113.3942,23.0485,广州市,番禺大学城,,40,40,41,17,17,46,NA,125,94,22,17,6,6,0.5,0.6
2026-07-23T2300,3303A,113.4923,22.8169,广州市,南沙黄阁,,35,35,36,12,23,42,NA,93,72,16,12,7,6,/,/
2026-07-23T2300,3304A,113.534,22.7893,广州市,南沙街,,42,42,36,18,18,44,NA,89,73,16,11,9,9,0.6,0.6
2026-07-23T2300,3305A,114.0614,22.556,深圳市,莲花,,36,36,36,19,22,36,NA,75,56,17,9,/,/,/,/
2026-07-23T2300,3306A,114.0144,22.6163,深圳市,民治,,29,29,43,18,19,32,NA,98,67,35,20,/,/,/,/
2026-07-23T2300,3307A,114.1756,22.6421,深圳市,横岗,,31,31,40,17,19,46,NA,99,76,24,21,/,/,/,/
2026-07-23T2300,3308A,113.3493,22.0572,珠海市,金湾,,33,33,24,16,17,66,NA,72,69,5,4,/,/,0.3,0.3
2026-07-23T2300,3311A,113.1077,22.5647,江门市,江海富民,,50,50,52,21,20,42,NA,92,66,12,14,/,/,0.4,0.4
2026-07-23T2300,3313A,112.4572,23.0163,肇庆市,高要湖西,,37,37,43,18,21,41,NA,84,65,8,9,7,7,0.5,0.5
2026-07-23T2300,3314A,114.4334,22.8134,惠州市,惠阳秋长,,31,31,38,17,16,59,NA,87,72,8,8,/,/,/,/
2026-07-23T2300,3315A,116.1234,24.2994,梅州市,梅龙,,48,48,36,30,22,71,NA,66,62,10,8,8,7,0.7,0.6
2026-07-23T2300,3317A,111.9785,21.8954,阳江市,两阳中学,,32,32,33,18,20,58,NA,70,64,2,4,/,/,0.3,0.3
2026-07-23T2300,3318A,112.9898,23.7403,清远市,清新太和,,45,45,47,23,25,109,NA,121,109,10,18,5,7,0.5,0.6
2026-07-23T2300,3319A,113.7283,23.041,东莞市,万江金泰,,31,31,33,20,17,48,NA,105,82,15,12,8,8,0.6,0.6
2026-07-23T2300,3320A,116.4028,23.5699,揭阳市,曲溪,,39,35,43,27,22,42,NA,86,72,8,7,9,10,0.5,0.5
2026-07-23T2300,3323A,115.2772,40.9723,张家口市,青少年活动中心,,18,12,15,12,10,47,NA,119,90,6,5,8,8,0.2,0.2
2026-07-23T2300,3324A,116.8011,38.294,沧州市,河北水利电力学院,,38,29,14,26,17,107,NA,142,134,10,7,3,2,0.6,0.3
2026-07-23T2300,3325A,117.0362,39.3827,天津市,雍阳西道,细颗粒物(PM2.5),54,52,40,37,29,67,NA,97,97,14,14,5,5,1.3,1
2026-07-23T2300,3326A,117.0291,39.0612,天津市,辛老路,,40,39,38,28,28,74,NA,120,117,18,19,1,2,1.1,0.8
2026-07-23T2300,3327A,116.9638,38.9374,天津市,地纬路,,35,32,33,24,27,77,NA,132,128,17,16,4,4,0.8,0.7
2026-07-23T2300,3328A,118.4209,31.3704,芜湖市,市气象局,,16,11,26,7,16,29,NA,69,46,31,17,6,5,0.5,0.5
2026-07-23T2300,3329A,117.011,32.5891,淮南市,山南新区,,15,NA,6,8,8,47,NA,55,52,7,7,12,12,0.2,0.2
2026-07-23T2300,3331A,118.3268,32.2633,滁州市,图书馆,,21,NA,19,5,13,66,NA,81,61,6,11,6,7,0.3,0.4
2026-07-23T2300,3332A,115.7631,33.803,亳州市,亳州学院,,18,NA,6,12,7,55,NA,107,94,11,8,2,2,0.4,0.4
2026-07-23T2300,3333A,117.5626,30.695,池州市,第八中学,,16,15,26,8,14,50,NA,75,67,6,7,4,4,0.2,0.4
2026-07-23T2300,3334A,117.5037,30.6242,池州市,第十二中学,,17,17,28,10,14,30,NA,76,62,13,10,4,5,0.6,1
2026-07-23T2300,3335A,113.3137,35.2643,焦作市,马村街道办,,35,23,27,7,15,110,NA,142,134,7,8,5,6,0.2,0.3
2026-07-23T2300,3336A,113.2464,35.2374,焦作市,焦作技师学院,,35,24,26,9,14,111,NA,145,136,5,6,6,8,0.4,0.5
2026-07-23T2300,3337A,113.8611,34.0443,许昌市,许昌学院,,32,31,19,22,15,80,NA,116,109,15,8,4,3,0.3,0.4
2026-07-23T2300,3338A,113.8428,34.0825,许昌市,芙蓉广场,,26,25,26,18,15,75,NA,110,NA,20,7,5,3,0.4,0.4
2026-07-23T2300,3339A,114.0002,33.0404,驻马店市,小管楼,,20,20,14,7,10,64,NA,122,105,28,11,3,4,0.2,0.2
2026-07-23T2300,3340A,112.6005,34.6323,洛阳市,伊滨,,42,42,33,20,16,112,NA,147,130,12,13,7,7,0.4,0.4
2026-07-23T2300,3341A,112.495,34.6338,洛阳市,中移产业园,,38,30,29,26,19,95,NA,130,116,9,8,8,8,0.9,0.9
2026-07-23T2300,3342A,128.7948,47.7291,伊春市,中心小学,,40,34,15,28,15,48,NA,97,74,5,6,4,9,0.6,0.6
2026-07-23T2300,3343A,128.6736,47.729,伊春市,检察院,,23,23,17,8,7,42,NA,78,72,5,6,2,2,0.0,0.3
2026-07-23T2300,3345A,131.0413,45.7795,七台河市,中波台,,15,10,12,4,9,11,NA,66,47,29,24,6,6,0.5,0.5
2026-07-23T2300,3346A,108.3871,31.1627,重庆市,安康,,47,47,37,28,13,98,NA,120,110,4,8,8,8,0.3,0.3
2026-07-23T2300,3347A,105.8983,29.36,重庆市,北山路,NA,NA,73,32,31,22,NA,NA,211,193,24,13,8,10,0.5,0.5
2026-07-23T2300,3350A,106.648859,29.023807,重庆市,滩子口,,39,36,30,27,19,98,NA,139,126,12,11,17,12,0.4,0.3
2026-07-23T2300,3351A,105.7164,29.7077,重庆市,棠香,,40,NA,36,26,21,128,NA,174,165,14,14,10,10,0.5,0.5
2026-07-23T2300,3352A,107.0733,29.8618,重庆市,桃源西路,,44,44,32,18,20,93,NA,145,127,6,8,4,8,0.4,0.6
2026-07-23T2300,3353A,107.3536,29.7283,重庆市,迎宾大道,,41,41,30,22,17,61,NA,135,102,22,22,2,3,0.5,0.5
2026-07-23T2300,3354A,108.8152,29.5079,重庆市,舟白,,37,37,24,21,16,53,NA,103,81,9,5,8,8,0.4,0.4
2026-07-23T2300,3355A,108.3679,30.8429,重庆市,周家坝,,41,41,39,19,21,80,NA,150,134,17,14,8,9,0.5,0.5
2026-07-23T2300,3356A,108.4323,30.7554,重庆市,百安坝,颗粒物(PM10),60,63,39,22,21,88,NA,154,122,9,9,4,7,0.3,0.3
2026-07-23T2300,3357A,104.0028,30.6891,成都市,金博路,,45,45,45,30,32,99,NA,181,160,37,29,10,12,1.0,1
2026-07-23T2300,3359A,104.056,30.5228,成都市,华阳,颗粒物(PM10),56,58,57,32,34,98,NA,202,169,35,23,3,4,0.8,0.8
2026-07-23T2300,3360A,104.7894,29.3197,自贡市,南湖救助站,颗粒物(PM10),67,73,57,37,25,146,NA,178,159,15,10,12,9,0.8,0.6
2026-07-23T2300,3361A,103.7313,29.563,乐山市,理工大学,颗粒物(PM10),60,64,48,39,23,112,NA,183,151,15,17,10,10,0.9,0.9
2026-07-23T2300,3363A,117.9883,36.8372,淄博市,新区,,37,19,35,18,26,117,NA,169,143,10,14,6,6,0.5,0.6
2026-07-23T2300,3364A,117.316,34.8106,枣庄市,市环保局,,28,NA,17,19,10,55,NA,110,94,13,11,6,7,0.4,0.4
2026-07-23T2300,3365A,118.5721,37.5654,东营市,垦利区民丰路,,42,14,30,6,22,132,NA,182,162,11,12,5,6,0.4,0.3
2026-07-23T2300,3366A,121.5202,37.4336,烟台市,中国农业大学,,26,14,11,6,8,83,NA,96,87,6,8,5,6,0.6,0.6
2026-07-23T2300,3368A,119.1978,36.6871,潍坊市,高新实验学校,,44,44,45,24,19,86,NA,168,136,16,11,2,2,1.1,0.7
2026-07-23T2300,3370A,118.3563,35.0215,临沂市,十里堡居委,,13,7,20,7,18,41,NA,91,68,17,16,8,11,0.5,0.6
2026-07-23T2300,3371A,116.3693,37.44,德州市,开发区人民医院,,43,41,18,30,12,105,NA,138,130,14,9,8,7,0.6,0.4
2026-07-23T2300,3374A,115.5562,35.089,菏泽市,定陶老年大学,,35,14,22,10,9,109,NA,133,120,9,9,2,3,0.4,0.5
2026-07-23T2300,3375A,102.8016,24.8336,昆明市,青年创业园,NA,NA,23,16,5,11,NA,NA,113,NA,23,13,3,6,0.4,0.4
2026-07-23T2300,3376A,103.7926,25.4651,曲靖市,南苑二区,,26,25,27,17,26,82,NA,118,100,13,14,4,4,0.6,0.7
2026-07-23T2300,3377A,103.7442,25.5259,曲靖市,曲靖师范学院,,30,30,31,17,21,84,NA,117,105,11,14,5,6,0.5,0.5
2026-07-23T2300,3379A,122.1122,40.2275,营口市,鲅鱼圈市民活动中心,,36,NA,30,25,12,73,NA,95,93,17,9,7,7,0.5,0.6
2026-07-23T2300,3380A,102.8915,34.9618,甘南藏族自治州,甘肃民族师范学院,颗粒物(PM10),106,135,55,37,19,12,NA,137,100,76,30,4,4,0.4,0.3
2026-07-23T2300,3396A,112.0764,32.0089,襄阳市,襄城隆中路,,34,20,26,10,24,106,NA,112,111,5,7,6,6,0.5,0.4
2026-07-23T2300,3397A,112.1154,32.103,襄阳市,高新台子湾,NA,NA,NA,28,NA,20,NA,NA,121,121,NA,8,7,4,0.5,0.5
2026-07-23T2300,3398A,114.9134,30.4446,黄冈市,市林业局,,30,30,18,14,8,58,NA,89,77,15,11,3,4,0.4,0.4
2026-07-23T2300,3399A,112.6703,26.8817,衡阳市,师范学院,,22,22,23,8,12,41,NA,77,61,4,3,9,9,0.5,0.5
2026-07-23T2300,3400A,109.1844,21.4396,北海市,龙潭自来水厂,,30,30,29,18,15,35,NA,70,61,10,5,4,3,0.6,0.6
2026-07-23T2300,3401A,108.4829,22.762,南宁市,红星社区,,23,23,21,10,12,49,NA,70,62,6,4,5,5,0.5,0.5
2026-07-23T2300,3402A,109.5422,24.3994,柳州市,市二中,NA,NA,13,26,5,12,NA,NA,84,84,12,11,7,7,0.3,0.4
2026-07-23T2300,3404A,108.5959,21.9634,钦州市,北职校,,32,32,22,14,12,21,NA,60,52,17,11,3,4,0.6,0.5
2026-07-23T2300,3405A,109.5886,23.1172,贵港市,新世纪学校,,15,NA,25,10,15,30,NA,64,42,13,17,/,/,0.4,0.5
2026-07-23T2300,3407A,120.6915,30.7741,嘉兴市,秀洲住建,,45,45,39,31,24,67,NA,166,130,16,13,4,4,0.5,0.5
2026-07-23T2300,3408A,120.5685,29.936,绍兴市,绍兴中专,,39,39,34,22,21,92,NA,100,92,5,6,4,4,0.8,0.8
2026-07-23T2300,3409A,120.4905,30.086,绍兴市,柯桥区政府,,38,38,33,23,24,88,NA,118,112,8,12,5,5,0.7,0.7
2026-07-23T2300,3410A,120.8751,30.0249,绍兴市,重华小学,,44,44,39,25,24,66,NA,100,88,7,11,10,10,1.0,1
2026-07-23T2300,3411A,120.837,30.0137,绍兴市,上虞中学,,50,50,43,25,25,68,NA,104,91,17,15,9,8,0.7,0.8
2026-07-23T2300,3416A,119.1758,36.7139,潍坊市,潍坊学院,颗粒物(PM10),56,58,42,36,20,95,NA,171,142,21,17,7,6,1.3,0.8
2026-07-23T2300,3418A,116.8336,40.4095,北京市,密云新城,,25,25,25,16,16,25,NA,113,84,6,9,2,2,0.6,0.6
2026-07-23T2300,3419A,109.9449,40.6259,包头市,包头市委党校,,42,42,20,22,15,67,NA,150,106,39,21,18,9,0.9,0.6
2026-07-23T2300,3421A,113.1776,40.9779,乌兰察布市,市委党校,,34,34,28,16,12,106,NA,171,142,24,13,1,3,0.2,0.2
2026-07-23T2300,3422A,118.8443,31.919,南京市,江宁彩虹桥,,17,17,27,8,10,17,NA,102,50,32,20,4,4,0.5,0.5
2026-07-23T2300,3425A,120.642,31.1733,苏州市,越秀幼儿园,颗粒物(PM10),60,64,37,35,28,89,NA,142,139,15,12,3,3,0.7,0.6
2026-07-23T2300,3426A,118.8757,33.2897,淮安市,新华书店,,17,8,15,5,10,54,NA,68,57,4,8,6,7,1.0,0.9
2026-07-23T2300,3427A,118.8497,32.3599,南京市,六合雄州,,32,32,25,12,9,15,NA,89,44,34,25,4,4,0.6,0.8
2026-07-23T2300,3429A,119.8595,31.706,常州市,武进经发区,,37,37,31,16,16,41,NA,93,58,30,16,6,6,0.8,0.8
2026-07-23T2300,3430A,119.5812,31.7256,常州市,金坛城区,,30,30,27,14,17,36,NA,88,55,24,17,7,7,0.7,0.7
2026-07-23T2300,3431A,120.6502,31.4117,苏州市,高铁新城,,44,44,40,21,22,55,NA,118,102,20,25,6,5,1.2,0.8
2026-07-23T2300,3432A,120.9348,31.9874,南通市,环境教育馆,,33,NA,30,23,12,73,NA,147,110,13,19,5,6,0.6,0.6
2026-07-23T2300,3434A,119.2414,34.6539,连云港市,工贸学校,,21,14,13,12,9,65,NA,74,70,3,5,5,5,0.4,0.4
2026-07-23T2300,3435A,119.9186,32.4322,泰州市,周山河街区,,15,11,18,10,14,38,NA,107,60,3,10,9,10,0.3,0.4
2026-07-23T2300,3436A,120.4283,33.2048,盐城市,大丰高级中学,,19,5,23,5,15,59,NA,97,68,5,10,8,9,0.6,0.8
2026-07-23T2300,3437A,88.3088,43.3637,乌鲁木齐市,达坂城区环保局,,36,30,31,4,8,114,NA,133,132,5,6,10,5,0.2,0.2
2026-07-23T2300,3438A,87.6132,43.8791,乌鲁木齐市,红光山片区,,24,24,25,14,8,76,NA,112,106,36,14,12,13,0.6,0.5
2026-07-23T2300,3439A,87.7008,43.8003,乌鲁木齐市,新师大温泉校区,,40,40,30,19,18,93,NA,126,118,18,10,9,9,0.4,0.2
2026-07-23T2300,3440A,87.4892,43.84,乌鲁木齐市,大绿谷,,32,32,21,11,8,81,NA,98,97,32,15,6,3,1.3,0.6
2026-07-23T2300,3441A,87.5461,44.1909,五家渠市,经开区管委会,,41,41,26,12,7,67,NA,106,95,11,6,1,3,0.3,0.3
2026-07-23T2300,3442A,86.047,44.2331,石河子市,南区管委会,,42,42,23,14,4,61,NA,118,89,14,6,7,8,0.2,0.2
2026-07-23T2300,3443A,113.2905,23.5541,广州市,花都梯面,,39,39,48,26,24,50,NA,107,89,21,16,3,4,/,/
2026-07-23T2300,3444A,116.4539,23.2684,汕头市,潮南峡山,,39,39,49,18,24,50,NA,85,63,6,5,6,7,0.6,0.6
2026-07-23T2300,3445A,113.786,23.7479,广州市,从化良口,,40,38,34,28,21,92,NA,107,104,17,11,5,4,/,/
2026-07-23T2300,3446A,113.805,23.2614,广州市,增城荔城,,33,33,43,13,28,48,NA,164,122,21,17,8,9,0.6,0.6
2026-07-23T2300,3447A,114.344,22.7115,深圳市,坪山,,25,25,32,3,15,56,NA,80,72,6,9,4,4,0.7,0.7
2026-07-23T2300,3448A,113.5436,22.1163,珠海市,横琴,,38,38,38,19,20,62,NA,70,67,2,2,/,/,/,/
2026-07-23T2300,3449A,113.0496,22.4669,江门市,新会银湖,,36,36,39,20,19,38,NA,90,57,12,15,2,3,0.5,0.5
2026-07-23T2300,3450A,111.0101,21.5165,茂名市,电白水东,,31,31,35,17,18,52,NA,68,56,6,4,2,2,/,/
2026-07-23T2300,3451A,112.5617,23.2082,肇庆市,鼎湖凤凰,,39,39,33,20,17,33,NA,97,69,9,6,7,6,/,/
2026-07-23T2300,3452A,114.6521,22.7755,惠州市,大亚湾霞涌,,29,29,35,16,16,63,NA,80,78,4,4,/,/,/,/
2026-07-23T2300,3453A,112.0125,21.8749,阳江市,阳东陶然,,25,25,32,16,18,54,NA,69,60,2,3,6,6,0.6,0.6
2026-07-23T2300,3454A,113.3527,22.4781,中山市,中山南区,,22,22,25,12,19,63,NA,78,73,2,2,5,5,0.5,0.5
2026-07-23T2300,3455A,113.076,23.72,清远市,清城东城,,45,45,42,21,24,74,NA,130,108,10,15,/,/,/,/
2026-07-23T2300,3456A,114.2887,38.0905,石家庄市,鹿泉一中,,39,39,31,17,13,108,NA,154,136,3,4,1,1,0.3,0.3
2026-07-23T2300,3457A,118.4357,39.277,唐山市,冀东油田职工医院,,35,11,32,8,23,109,NA,108,108,6,17,3,3,0.2,0.5
2026-07-23T2300,3458A,114.7893,36.5592,邯郸市,香泉濮院小区,,38,NA,7,22,6,119,NA,151,140,11,4,3,3,0.7,0.4
2026-07-23T2300,3459A,115.599,37.5491,衡水市,地表水厂,,34,34,21,17,9,84,NA,137,117,19,6,4,4,0.3,0.2
2026-07-23T2300,3460A,117.4065,40.0583,天津市,北环路,,36,36,31,22,20,43,NA,93,82,6,3,6,9,1.1,1.2
2026-07-23T2300,3461A,117.3041,39.7167,天津市,建设路,,45,45,41,29,28,69,NA,78,78,6,13,6,7,1.4,1.5
2026-07-23T2300,3462A,117.8201,39.3519,天津市,滨水东路,,46,40,41,32,30,74,NA,89,86,11,19,8,9,1.4,1.5
2026-07-23T2300,3463A,116.9708,33.5911,宿州市,社会福利中心,,16,15,16,9,14,21,NA,73,57,31,19,6,6,0.3,0.3
2026-07-23T2300,3464A,117.3802,31.9148,合肥市,高教基地,,14,14,14,8,6,42,NA,57,40,11,7,5,6,0.4,0.4
2026-07-23T2300,3465A,118.4783,31.3226,芜湖市,清苑社区,,13,13,29,8,16,35,NA,62,36,17,14,5,4,0.3,0.4
2026-07-23T2300,3466A,118.2746,31.2326,芜湖市,扬子职业技术学院,,17,8,26,6,13,54,NA,73,65,9,6,3,4,0.4,0.4
2026-07-23T2300,3468A,115.79,32.8614,阜阳市,市规划展馆,,15,8,15,4,6,48,NA,73,66,12,10,2,2,0.4,0.4
2026-07-23T2300,3469A,115.835101,32.918568,阜阳市,枣园社区,,15,13,14,2,5,47,NA,72,65,10,9,4,4,0.4,0.4
2026-07-23T2300,3471A,113.6104,34.8688,郑州市,惠济区政府,,40,24,25,4,15,127,NA,135,129,9,8,2,2,0.4,0.6
2026-07-23T2300,3473A,114.2485,34.8306,开封市,技师学院,,40,18,27,2,12,128,NA,135,123,7,7,4,5,0.5,0.6
2026-07-23T2300,3474A,114.2616,35.6824,鹤壁市,大新区,NA,NA,NA,16,16,15,123,NA,149,137,3,3,2,3,0.6,0.7
2026-07-23T2300,3475A,113.9189,35.3042,新乡市,市政府,,40,12,20,8,11,125,NA,136,126,6,6,10,11,0.2,0.3
2026-07-23T2300,3477A,113.1656,35.2536,焦作市,中站许衡医院,,32,30,31,9,17,102,NA,143,129,7,8,5,7,0.3,0.6
2026-07-23T2300,3478A,113.9691,33.568,漯河市,市图书馆,,29,25,23,20,13,82,NA,124,113,17,15,6,8,0.6,0.6
2026-07-23T2300,3481A,125.127,46.6277,大庆市,萨区政府监测点,,36,36,42,25,34,71,NA,118,98,22,9,7,6,0.3,0.4
2026-07-23T2300,3482A,107.754,29.3275,重庆市,芙蓉中路,,36,36,20,17,16,43,NA,106,80,16,12,9,9,0.6,0.6
2026-07-23T2300,3484A,106.2629,29.3202,重庆市,行政中心,,45,45,43,22,23,106,NA,179,143,11,16,12,13,0.4,0.5
2026-07-23T2300,3486A,124.4029,43.1411,四平市,植物园,,25,21,29,12,19,7,NA,115,76,50,12,3,4,0.4,0.4
2026-07-23T2300,3488A,104.387954,30.746684,成都市,青白江技师分院,,50,50,51,30,29,108,NA,208,185,43,25,6,7,0.8,0.8
2026-07-23T2300,3489A,104.0788,30.4054,成都市,科学城,NA,NA,NA,50,NA,29,NA,NA,216,192,16,16,7,8,0.7,0.7
2026-07-23T2300,3491A,104.6899,31.5324,绵阳市,西科大附属小学,颗粒物(PM10),64,69,59,26,27,100,NA,177,151,27,16,8,8,0.6,0.6
2026-07-23T2300,3492A,104.5647,31.5343,绵阳市,安州区旅游局,细颗粒物(PM2.5),52,49,48,36,25,102,NA,190,168,11,7,6,6,0.6,0.5
2026-07-23T2300,3494A,117.1673,36.9782,济南市,济阳区政府,,38,32,25,19,12,120,NA,154,136,14,13,5,6,0.3,0.3
2026-07-23T2300,3495A,117.1168,36.6299,济南市,锦屏中学,细颗粒物(PM2.5),58,39,21,39,13,116,NA,140,131,8,7,3,3,0.4,0.4
2026-07-23T2300,3496A,118.359,35.1067,临沂市,南坊新区,,18,17,28,6,20,57,NA,116,90,10,9,8,9,0.3,0.4
2026-07-23T2300,3498A,118.5063,37.8606,东营市,河口城区,,46,31,26,21,17,145,NA,180,165,9,10,10,12,0.6,0.5
2026-07-23T2300,3500A,116.5808,35.3703,济宁市,北湖一中,,34,22,30,7,13,107,NA,130,123,8,8,5,5,0.3,0.4
2026-07-23T2300,3501A,116.8251,35.5592,济宁市,服务中心,,29,18,33,6,15,91,NA,120,115,11,9,1,2,0.2,0.3
2026-07-23T2300,3502A,117.1812,36.2273,泰安市,国网新校,,32,17,18,13,14,102,NA,144,126,5,4,3,4,0.6,0.7
2026-07-23T2300,3503A,117.0315,36.2017,泰安市,交通技校,,37,17,25,10,16,116,NA,149,139,7,10,2,3,0.2,0.2
2026-07-23T2300,3504A,117.083,36.13,泰安市,山东第一医科大学,,38,9,25,7,18,120,NA,146,136,5,9,5,6,0.1,0.2
2026-07-23T2300,3505A,122.1379,37.3414,威海市,临港区管委会,,26,NA,8,4,9,81,NA,91,80,4,6,9,6,0.2,0.3
2026-07-23T2300,3507A,119.5326,35.4627,日照市,职业技术学院,,19,19,23,11,19,53,NA,115,93,19,15,9,10,0.6,0.7
2026-07-23T2300,3511A,116.5687,37.3331,德州市,陵城艺术中心,细颗粒物(PM2.5),54,NA,16,37,12,104,NA,152,137,11,8,10,9,0.5,0.4
2026-07-23T2300,3513A,116.0443,36.436,聊城市,九州社区,NA,NA,NA,15,NA,3,NA,NA,147,144,NA,3,NA,6,NA,0.4
2026-07-23T2300,3514A,117.9379,37.3959,滨州市,中海酒店,,43,NA,21,30,18,123,NA,170,154,10,6,9,9,0.4,0.4
2026-07-23T2300,3515A,117.9381509,37.35547456,滨州市,开发区一中,细颗粒物(PM2.5),101,NA,29,61,21,123,NA,153,141,6,5,10,10,0.3,0.3
2026-07-23T2300,3516A,118.0914,37.6938,滨州市,金海六路,,39,39,30,16,21,95,NA,161,135,27,13,5,6,0.2,0.4
2026-07-23T2300,3520A,106.3495,38.9837,石嘴山市,妇女儿童医院,颗粒物(PM10),53,54,51,21,23,110,NA,185,165,23,20,13,18,1.0,1.3
2026-07-23T2300,3521A,106.7495,39.2068,石嘴山市,石大公路,颗粒物(PM10),53,53,52,20,16,116,NA,160,135,17,18,8,7,0.5,0.4
2026-07-23T2300,3523A,106.5105,38.3857,银川市,滨河新区,,38,28,49,16,18,120,NA,232,193,15,16,6,16,0.4,0.5
2026-07-23T2300,3525A,108.6394,34.408,咸阳市,奥体中心,细颗粒物(PM2.5),70,62,38,45,17,121,NA,180,162,11,10,3,4,0.4,0.2
2026-07-23T2300,3526A,119.5188,25.9666,福州市,吴航,细颗粒物(PM2.5),101,104,50,61,27,48,NA,129,92,14,11,8,7,0.6,0.6
2026-07-23T2300,3527A,118.0961,24.5689,厦门市,集美中学,颗粒物(PM10),53,53,48,27,23,46,NA,118,76,22,15,3,3,0.7,0.5
2026-07-23T2300,3528A,118.1502,24.7246,厦门市,同安二实小,,37,37,38,18,23,48,NA,130,85,20,14,2,2,0.7,0.7
2026-07-23T2300,3530A,117.6288,24.5309,漳州市,西洋坪路,颗粒物(PM10),53,54,47,31,26,82,NA,102,97,9,8,5,6,0.5,0.5
2026-07-23T2300,3531A,110.296,25.1254,桂林市,旅游学院,NA,NA,24,28,13,13,NA,NA,56,NA,3,3,3,6,0.4,0.3
2026-07-23T2300,3532A,110.1951,22.6832,玉林市,玉林师范学院东校区,,30,28,28,21,14,33,NA,66,47,11,6,6,4,0.5,0.4
2026-07-23T2300,3533A,110.0527,22.5894,玉林市,福绵环保局,,32,32,27,14,14,23,NA,62,40,16,12,4,3,0.5,0.4
2026-07-23T2300,3534A,111.4744,24.455,贺州市,西湾,颗粒物(PM10),55,57,32,19,15,19,NA,68,50,16,10,12,11,0.4,0.4
2026-07-23T2300,3535A,109.1781,23.7293,来宾市,兴宾区政府,,15,14,26,7,13,46,NA,69,59,7,7,6,9,0.8,0.7
2026-07-23T2300,3538A,107.5175,26.2977,黔南布依族苗族自治州,沙坝,,22,12,17,10,15,68,NA,92,80,3,3,4,3,0.5,0.5
2026-07-23T2300,3539A,110.5111,19.9737,海口市,桂林洋子站,,47,47,35,23,18,45,NA,60,57,8,4,/,/,/,/
2026-07-23T2300,3540A,109.7348,18.3443,三亚市,君悦子站,,27,27,34,16,17,80,NA,76,73,3,5,3,3,0.3,0.4
2026-07-23T2300,3541A,109.5726195,19.51688767,儋州市,第一中学子站,,40,40,20,26,14,53,NA,64,63,7,4,2,2,0.5,0.7
2026-07-23T2300,3542A,109.5567,19.5187,儋州市,东坡学校子站,,45,45,29,16,14,61,NA,70,70,8,4,3,2,0.5,0.5
2026-07-23T2300,3544A,121.4891,30.925,上海市,奉贤南桥新城,,42,42,46,22,26,50,NA,151,114,12,11,3,3,0.5,0.6
2026-07-23T2300,3545A,110.8053,32.8401,十堰市,郧阳区金沙路,,22,15,19,15,14,69,NA,116,108,4,7,7,7,0.8,0.7
2026-07-23T2300,3546A,111.4606,30.5519,宜昌市,猇亭区张家湾站,NA,NA,NA,33,NA,19,NA,NA,117,111,5,7,4,8,NA,0.4
2026-07-23T2300,3547A,112.1631,31.0134,荆门市,龙泉中学南校,,25,21,22,12,12,79,NA,102,97,10,6,6,6,0.7,0.7
2026-07-23T2300,3549A,109.5061,30.3771,恩施土家族苗族自治州,龙凤新区,,45,45,34,15,20,72,NA,105,84,4,5,5,5,0.4,0.5
2026-07-23T2300,3550A,102.8,24.9787,昆明市,昆明学院,,40,40,32,15,16,61,NA,122,102,19,20,7,6,0.7,0.7
2026-07-23T2300,3551A,102.5969,24.6738,昆明市,晋宁区生态环境分局,,26,20,17,18,12,82,NA,108,98,8,8,5,6,0.6,0.5
2026-07-23T2300,3552A,102.6673,24.9861,昆明市,云天化总部,,31,31,20,12,15,85,NA,118,108,11,12,1,5,0.3,0.4
2026-07-23T2300,3557A,119.9463,30.0496,杭州市,镇二中,,49,48,34,34,20,21,NA,83,58,46,26,5,6,0.5,0.5
2026-07-23T2300,3558A,119.7184,30.2367,杭州市,市府大楼,,32,31,19,22,14,20,NA,69,50,15,7,9,8,0.6,0.6
2026-07-23T2300,3560A,120.4715,30.0414,绍兴市,柯桥妇保,NA,NA,NA,41,NA,28,NA,NA,62,NA,NA,14,NA,6,NA,0.4
2026-07-23T2300,3561A,120.6985,27.9252,温州市,茶山,,46,46,45,31,23,74,NA,104,88,9,9,/,/,/,/
2026-07-23T2300,3562A,120.4146,30.8538,湖州市,南浔区站,,48,43,31,33,25,67,NA,125,108,19,14,5,5,0.6,0.5
2026-07-23T2300,3564A,121.25678,28.66823971,台州市,台州科技职业学院,,36,36,39,16,17,47,NA,88,69,7,6,7,6,0.7,0.7
2026-07-23T2300,3565A,113.1371,40.1122,大同市,云冈站,,28,28,19,11,7,73,NA,156,120,17,8,6,6,0.6,0.5
2026-07-23T2300,3566A,113.1186,40.2556,大同市,图书馆,,22,20,19,6,7,70,NA,149,126,5,7,6,7,0.8,0.8
2026-07-23T2300,3567A,113.5931,40.0459,大同市,区一中,,33,4,21,2,9,104,NA,152,123,8,10,8,9,0.4,0.4
2026-07-23T2300,3568A,113.0603,36.0464,长治市,向阳小学,,31,22,29,8,21,99,NA,128,119,7,6,6,6,0.4,0.4
2026-07-23T2300,3569A,112.8788,36.315,长治市,屯留一中,,30,27,27,11,17,93,NA,119,112,11,11,11,11,1.0,1
2026-07-23T2300,3571A,112.2938,39.5296,朔州市,一水厂,,41,38,31,2,7,130,NA,155,149,11,11,4,5,0.4,0.4
2026-07-23T2300,3575A,118.0927,39.5807,唐山市,正泰大街热力站,,30,28,50,21,26,84,NA,79,79,7,19,3,8,0.9,1.5
2026-07-23T2300,3576A,118.1561,39.8322,唐山市,丰润区政府,,45,45,35,27,20,56,NA,82,78,21,21,4,5,2.4,1.9
2026-07-23T2300,3577A,118.436906,39.73802,唐山市,金山小学,颗粒物(PM10),53,53,33,32,26,80,NA,114,110,15,16,3,6,1.2,1.7
2026-07-23T2300,3578A,118.2449,39.6693,唐山市,政府服务中心,,34,34,45,19,24,88,NA,97,97,7,15,4,11,0.6,1.3
2026-07-23T2300,3580A,114.1998,36.4439,邯郸市,峰峰矿区临水派出所,,30,30,25,10,15,55,NA,150,127,8,6,2,5,1.0,0.8
2026-07-23T2300,3581A,115.3136,38.9511,保定市,满城区生态环境分局,,41,41,21,20,16,90,NA,147,133,14,4,3,2,0.2,0.1
2026-07-23T2300,3582A,115.4709,38.7628,保定市,清苑区第二中学,颗粒物(PM10),52,52,25,22,16,102,NA,140,128,23,12,3,2,0.4,0.3
2026-07-23T2300,3583A,115.6231,39.0223,保定市,徐水物探局,,38,38,17,21,17,83,NA,131,117,20,9,1,2,0.6,0.4
2026-07-23T2300,3590A,113.8362,34.566,郑州市,北区建设指挥部,,44,30,31,11,14,140,NA,132,126,5,9,1,2,0.3,0.4
2026-07-23T2300,3591A,113.3029,34.8041,郑州市,上街区政府,,35,17,31,7,17,109,NA,144,131,7,7,3,3,0.4,0.6
2026-07-23T2300,3592A,114.4518,34.7503,开封市,祥符区生态环境局,,41,NA,25,16,17,130,NA,125,117,4,8,27,14,0.6,0.6
2026-07-23T2300,3593A,112.5736,34.8993,洛阳市,吉利监测站,,38,26,29,16,13,119,NA,141,131,10,9,8,8,0.2,0.3
2026-07-23T2300,3594A,112.8736,33.9068,平顶山市,石龙区,颗粒物(PM10),81,93,33,21,19,10,NA,114,68,64,17,11,10,0.5,0.6
2026-07-23T2300,3596A,114.1573,35.9607,鹤壁市,南山宾馆,NA,NA,19,16,6,27,NA,NA,137,NA,5,7,10,10,0.5,0.7
2026-07-23T2300,3598A,111.1031,34.719,三门峡市,富达温泉假日酒店,,37,37,44,19,28,111,NA,117,110,12,14,6,6,0.5,0.5
2026-07-23T2300,3599A,106.2648,29.9853,重庆市,书院路,,37,29,27,19,18,116,NA,158,147,8,8,8,7,0.5,0.5
2026-07-23T2300,3600A,106.2334,29.5583,重庆市,虎峰,颗粒物(PM10),52,52,42,22,18,90,NA,115,107,17,12,6,7,0.4,0.4
2026-07-23T2300,3601A,106.0497,29.8345,重庆市,龙门街,颗粒物(PM10),58,61,47,24,20,118,NA,190,169,15,13,21,18,0.5,0.5
2026-07-23T2300,3604A,119.3267,35.1043,日照市,岚山环保分局,,17,14,33,8,23,53,NA,113,90,16,19,9,13,0.6,0.9
2026-07-23T2300,3605A,109.1019,34.5302,西安市,无线电监控中心,细颗粒物(PM2.5),86,56,37,53,20,82,NA,152,129,16,12,1,3,0.7,0.6
2026-07-23T2300,3610A,105.5931,29.4105,重庆市,昌元,,48,46,43,33,22,74,NA,191,157,54,20,10,11,0.8,0.5
2026-07-23T2300,3612A,85.1045,45.6895,克拉玛依市,白碱滩区新站,,34,31,24,5,4,107,NA,126,122,6,6,9,9,0.2,0.2
2026-07-23T2300,3613A,87.3069,44.0093,昌吉回族自治州,亚心广场,,34,34,22,10,4,68,NA,107,97,26,10,9,10,0.2,0.1
2026-07-23T2300,3614A,79.9241,37.0878,和田地区,地区环保局,颗粒物(PM10),152,254,358,91,87,63,NA,133,116,24,4,21,3,0.8,0.3
2026-07-23T2300,3615A,79.9132,37.1137,和田地区,市环保局,颗粒物(PM10),137,215,318,90,90,78,NA,131,118,20,3,3,1,0.5,0.3
2026-07-23T2300,3616A,106.7617,31.8343,巴中市,市中心医院,颗粒物(PM10),73,81,52,40,26,47,NA,126,99,23,14,11,11,0.7,0.6
2026-07-23T2300,3617A,105.8047,32.4167,广元市,经开区,颗粒物(PM10),51,51,54,24,29,103,NA,147,141,17,18,6,10,0.5,0.6
2026-07-23T2300,3618A,112.4702,37.7821,太原市,金胜,,38,28,33,4,16,119,NA,167,146,9,11,6,10,0.2,0.3
2026-07-23T2300,3619A,113.6169,37.8565,阳泉市,龙柱,,41,41,33,28,20,123,NA,128,128,8,11,5,12,0.8,0.9
2026-07-23T2300,3620A,112.8258,35.4804,晋城市,泽州一中,,31,14,30,9,14,98,NA,137,132,14,10,5,5,1.1,0.7
2026-07-23T2300,3622A,113.5556,24.8082,韶关市,碧湖山庄,,44,44,46,30,26,42,NA,96,81,16,12,5,6,0.7,0.6
2026-07-23T2300,3623A,113.8952,22.586,深圳市,西乡,,40,40,40,19,19,55,NA,92,72,13,15,3,4,0.6,0.6
2026-07-23T2300,3624A,116.4069,23.2533,汕头市,潮南子站,,28,28,48,15,24,54,NA,79,62,4,4,6,7,/,/
2026-07-23T2300,3625A,113.2568,22.7629,佛山市,容桂街道办,,32,29,35,22,22,45,NA,103,76,16,13,/,/,/,/
2026-07-23T2300,3628A,112.0335,22.9376,云浮市,文笔,,46,46,44,27,18,42,NA,73,63,7,4,4,4,0.7,0.6
2026-07-23T2300,3629A,101.8304,36.5785,西宁市,世纪职校,,38,28,23,26,17,88,NA,163,138,21,14,8,7,0.7,0.7
2026-07-23T2300,3633A,118.4914,31.681,马鞍山市,雨山,,21,21,33,9,19,44,NA,101,56,14,14,6,6,1.0,0.9
2026-07-23T2300,3635A,112.3678,34.6623,洛阳市,河科大西苑校区,,34,30,29,16,18,108,NA,134,124,8,10,15,15,0.3,0.2
2026-07-23T2300,3636A,112.4387,34.678,洛阳市,英才小学,,43,NA,23,30,16,91,NA,124,112,11,11,10,10,0.6,0.6
2026-07-23T2300,3637A,131.0136,45.7688,七台河市,人民广场,,19,NA,23,13,10,30,NA,84,65,17,22,7,7,0.7,0.6
2026-07-23T2300,3638A,104.7637,29.3373,自贡市,轻化工大学,NA,NA,38,44,35,32,NA,NA,170,162,16,17,11,11,0.6,0.6
2026-07-23T2300,3642A,120.3454,36.0735,青岛市,市北区南部,,29,17,16,9,14,90,NA,128,116,12,16,7,7,0.9,1
2026-07-23T2300,3643A,120.3897,36.18,青岛市,李沧区北部,,25,NA,13,12,13,80,NA,121,105,11,14,4,4,0.6,0.7
2026-07-23T2300,3644A,117.8662,36.8049,淄博市,三金集团,NA,NA,NA,28,31,23,NA,NA,170,147,4,15,3,7,0.2,0.4
2026-07-23T2300,3645A,118.0259,36.8409,淄博市,东风化工厂,,42,39,60,15,27,133,NA,184,161,10,13,4,7,0.6,0.7
2026-07-23T2300,3646A,118.4979,37.4623,东营市,胜利站,,42,28,32,4,20,134,NA,180,162,6,11,3,4,0.7,0.8
2026-07-23T2300,3648A,106.2176,37.9832,吴忠市,文卫南街,颗粒物(PM10),65,71,35,26,19,147,NA,190,184,12,10,8,7,0.6,0.4
2026-07-23T2300,3650A,105.1696,37.5164,中卫市,沙坡头区政府站,颗粒物(PM10),55,57,47,29,18,114,NA,161,144,24,16,11,6,0.7,0.5
2026-07-23T2300,3654A,114.8093,30.4091,鄂州市,精准医疗中心,,28,28,21,15,9,37,NA,74,63,18,11,6,5,0.9,0.7
2026-07-23T2300,3655A,114.3379,29.8683,咸宁市,长江产业园,,26,26,16,9,8,29,NA,69,57,12,7,3,3,0.6,0.6
2026-07-23T2300,3656A,120.1554,30.2863,杭州市,消防大队,,45,43,30,31,18,60,NA,84,73,18,13,9,8,0.8,0.7
2026-07-23T2300,3658A,120.6156,30.0762,绍兴市,袍江中学,,46,46,41,26,23,75,NA,120,106,8,10,6,6,0.3,0.4
2026-07-23T2300,3659A,119.656,29.1132,金华市,气象局,,44,44,40,25,20,69,NA,98,88,8,12,3,2,0.5,0.5
2026-07-23T2300,3662A,123.6341,47.2079,齐齐哈尔市,富区青少年活动中心,,26,26,35,17,19,48,NA,102,73,19,11,4,4,0.5,0.5
2026-07-23T2300,3663A,124.117,50.4279,大兴安岭地区,红旗社区,,27,9,9,6,11,85,NA,75,75,9,7,7,6,0.3,0.2
2026-07-23T2300,3664A,119.4171,34.734,连云港市,连云街道,,22,14,18,10,10,68,NA,74,72,1,12,2,3,0.5,0.5
2026-07-23T2300,3665A,76.1654,39.7157,克孜勒苏柯尔克孜自治州,克州文化中心,颗粒物(PM10),71,79,52,28,20,131,NA,149,148,13,3,5,12,0.2,0.1
2026-07-23T2300,3667A,111.0279,35.0543,运城市,水利职院,,43,40,45,19,22,137,NA,142,142,4,9,4,5,0.6,0.8
2026-07-23T2300,3669A,114.4706,36.0634,安阳市,左辅环卫站,,37,NA,15,10,10,116,NA,126,120,1,2,2,3,0.5,0.6
2026-07-23T2300,3670A,111.0522,35.0439,运城市,禹都公园,,45,42,44,16,22,144,NA,146,146,4,8,4,5,0.2,0.4
2026-07-23T2300,3671A,116.0879,39.9725,北京市,门头沟三家店,,33,31,28,23,20,50,NA,120,109,29,14,3,3,0.7,0.6
2026-07-23T2300,3672A,116.1507,39.8246,北京市,丰台云岗,,39,39,32,25,18,56,NA,115,104,18,10,3,3,0.8,0.5
2026-07-23T2300,3674A,115.9578,39.7602,北京市,房山燕山,,45,43,31,31,22,68,NA,120,108,9,10,2,1,0.7,0.5
2026-07-23T2300,3675A,116.4669,39.7734,北京市,大兴旧宫,,39,39,37,24,23,68,NA,110,106,12,14,1,2,1.3,0.9
2026-07-23T2300,3677A,98.5887,24.4366,德宏傣族景颇族自治州,芒市人民政府综合楼,,22,22,21,4,5,35,NA,68,55,6,7,8,8,0.7,0.7
2026-07-23T2300,3678A,116.5907,35.4054,济宁市,市第七中学,,35,28,33,7,10,110,NA,138,131,8,7,5,5,0.4,0.5
2026-07-23T2300,3683A,109.8332,40.6577,包头市,昆区政府,,35,35,24,18,16,111,NA,154,130,29,21,9,11,0.6,0.7
2026-07-23T2300,3684A,130.8639,45.8144,七台河市,新建矿广场,,29,22,32,20,17,32,NA,110,79,23,24,5,8,0.7,0.6
2026-07-23T2300,3685A,117.897,28.4316,上饶市,双创科技城,,41,41,37,26,21,35,NA,94,70,14,13,9,10,0.8,0.7
2026-07-23T2300,3689A,113.9002,35.372,新乡市,行政服务中心,,35,6,19,5,11,110,NA,134,125,12,10,7,7,0.3,0.4
2026-07-23T2300,3690A,115.9718,28.7032,南昌市,外国语学校,,37,37,33,23,20,57,NA,93,82,15,11,12,12,0.7,0.7
2026-07-23T2300,3692A,118.2043,39.6703,唐山市,消防缸窑路中队,,32,NA,50,22,29,76,NA,73,73,10,20,4,4,0.9,1.4
2026-07-23T2300,3693A,118.1432,39.6203,唐山市,路南电大,,43,31,53,30,29,106,NA,96,96,8,22,1,9,1.0,1.5
2026-07-23T2300,3694A,115.9859,40.4562,北京市,延庆石河营,,35,33,18,24,13,80,NA,96,91,8,7,3,2,0.4,0.3
2026-07-23T2300,3695A,116.6151,40.3052,北京市,怀柔新城,,25,21,21,17,17,56,NA,107,90,2,3,1,1,0.7,0.7
2026-07-23T2300,3696A,116.2542,39.8764,北京市,丰台小屯,,42,42,35,28,23,74,NA,112,106,13,9,3,3,1.0,0.7
2026-07-23T2300,3697A,116.8399,40.3843,北京市,密云镇,,27,27,26,18,18,44,NA,108,92,18,12,3,3,0.7,0.6
2026-07-23T2300,3699A,111.6519,40.8389,呼和浩特市,海东办,,24,24,20,8,6,73,NA,163,125,26,14,8,7,0.3,0.2
2026-07-23T2300,3701A,116.9647,33.6252,宿州市,皖北煤电集团,,19,19,20,9,12,34,NA,75,62,18,12,6,7,0.4,0.4
2026-07-23T2300,3706A,122.2584,43.6333,通辽市,老干部活动中心,,36,32,43,21,28,113,NA,145,128,8,8,8,7,0.6,0.6
2026-07-23T2300,3707A,131.0069,45.2988,鸡西市,欧美日汽修厂,,22,17,27,12,14,68,NA,98,81,20,19,3,3,0.5,0.5
2026-07-23T2300,3708A,122.2923,43.6189,通辽市,东方明珠社区,,33,33,36,18,22,98,NA,138,121,12,7,12,9,0.4,0.5
2026-07-23T2300,3710A,121.5593,29.8976,宁波市,白沙活动中心,,30,30,33,15,23,43,NA,107,76,13,9,9,8,0.3,0.3
2026-07-23T2300,3713A,124.3286,43.1726,四平市,世纪城,,40,40,34,28,23,24,NA,117,71,58,13,2,3,0.5,0.5
2026-07-23T2300,3715A,117.3091,32.9314,蚌埠市,蚌埠田家炳中学,NA,NA,15,17,2,8,NA,NA,59,53,4,9,7,8,0.4,0.4
2026-07-23T2300,3719A,97.1707,31.1428,昌都市,昌都会议中心,,25,7,10,3,5,80,NA,114,101,4,5,2,2,0.3,0.3
2026-07-23T2300,3726A,88.8775,29.2425,日喀则市,林业技术推广中心,,19,14,9,13,2,48,NA,69,65,3,3,4,4,0.3,0.2
2026-07-23T2300,3728A,104.6701,28.8053,宜宾市,白酒学院,NA,NA,NA,41,NA,25,NA,NA,187,177,NA,16,NA,13,NA,0.5
2026-07-23T2300,3734A,118.5753,37.4405,东营市,理想之城,,40,9,23,6,18,126,NA,179,162,10,12,5,5,0.6,0.7
2026-07-23T2300,3860A,118.3915,35.0297,临沂市,皇山花园小区,NA,NA,NA,26,NA,23,51,NA,102,NA,11,11,9,11,0.6,0.6
2026-07-23T2300,3861A,119.2046,36.7696,潍坊市,寒亭区实验一小,颗粒物(PM10),55,56,43,37,21,101,NA,176,144,23,18,8,6,1.7,0.9
2026-07-23T2300,3866A,122.2469,40.663,营口市,三高中,,29,26,28,20,13,86,NA,126,101,8,6,8,11,0.3,0.6
2026-07-23T2300,3867A,102.074,36.5056,海东市,平安区公安局北苑,,40,40,29,18,14,100,NA,164,148,4,7,8,11,0.5,0.5
2026-07-23T2300,3981A,113.2456,35.18,焦作市,原李万街道办,NA,NA,NA,26,12,14,NA,NA,154,147,4,5,3,6,0.3,0.5
2026-07-23T2300,3994A,102.2174,31.9016,阿坝藏族羌族自治州,马尔康中学西区,,16,10,10,10,9,51,NA,118,90,4,3,4,3,0.2,0.1
2026-07-23T2300,4002A,109.2312,23.7428,来宾市,中南小学,,13,10,24,9,13,39,NA,68,58,10,7,6,6,0.5,0.5
2026-07-23T2300,4004A,115.4199,38.8665,保定市,双鹰农机,,39,37,21,27,18,122,NA,136,132,7,3,3,2,0.2,0.1
2026-07-23T2300,4006A,122.3622,40.6762,营口市,老边实验小学,,45,NA,28,31,18,33,NA,130,84,48,19,5,6,0.5,0.5
2026-07-23T2300,4008A,112.5233,32.9921,南阳市,卧龙区政府,,31,14,19,10,10,98,NA,101,97,9,6,6,5,0.5,0.6
2026-07-23T2300,4010A,112.5608,37.8807,太原市,育英中学,,33,22,29,15,18,104,NA,157,134,17,12,8,9,0.4,0.3
2026-07-23T2300,4011A,103.8505,30.6946,成都市,光华大道三段,,50,49,47,35,29,114,NA,170,159,12,14,4,7,0.7,0.7
2026-07-23T2300,4017A,116.7926,33.9534,淮北市,市博物馆,,19,19,17,7,11,60,NA,110,90,10,8,4,4,0.3,0.3
2026-07-23T2300,4018A,116.0564,36.4609,聊城市,星美广场,,40,7,16,2,4,126,NA,143,133,2,3,5,5,0.3,0.2
2026-07-23T2300,4022A,102.1648,38.5369,金昌市,金川区人防中心,,39,39,42,18,14,119,NA,156,142,13,12,6,9,0.3,0.3
2026-07-23T2300,4024A,114.6491,37.9014,石家庄市,栾城区星河路,,33,33,18,16,10,78,NA,152,125,18,8,3,2,0.6,0.5
2026-07-23T2300,4027A,75.9485,39.4688,喀什地区,老干局,"颗粒物(PM10),细颗粒物(PM2.5)",82,94,52,51,22,107,NA,136,132,14,5,3,4,0.4,0.3
2026-07-23T2300,4028A,117.9955,37.3752,滨州市,滨州市西街道办事处,,42,29,23,29,20,128,NA,171,158,9,6,6,5,0.6,0.6
2026-07-23T2300,4033A,122.3124,29.9619,舟山市,普陀东港中学,,32,32,31,14,17,49,NA,80,63,9,6,5,6,0.5,0.5
2026-07-23T2300,4034A,115.515,38.8589,保定市,植保所站,,38,38,26,20,14,110,NA,136,129,11,6,3,3,0.2,0
2026-07-23T2300,4036A,116.646,23.676,潮州市,金山,,40,40,47,23,25,38,NA,97,75,17,8,6,4,0.5,0.5
2026-07-23T2300,4051A,86.0791,44.3018,石河子市,世纪广场,颗粒物(PM10),84,97,27,15,7,49,NA,121,91,12,5,4,5,0.5,0.5
2026-07-23T2300,4054A,109.0324,32.6913,安康市,市邮政管理局,,22,22,21,8,8,61,NA,149,116,9,8,4,2,0.7,0.7
2026-07-23T2300,4055A,108.8869,34.2662,西安市,行知小学,颗粒物(PM10),54,55,41,31,17,122,NA,187,170,15,15,5,6,0.7,0.5
2026-07-23T2300,4056A,108.6601,34.3767,咸阳市,五陵塬路2号,细颗粒物(PM2.5),74,68,40,47,20,112,NA,178,156,22,15,4,5,0.7,0.6
2026-07-23T2300,4057A,115.9423,40.4431,北京市,延庆百泉,,29,29,17,18,11,65,NA,106,96,4,3,1,1,0.6,0.5
2026-07-23T2300,4058A,116.6598,39.9164,北京市,通州新华,,43,43,44,29,30,86,NA,104,102,11,14,4,4,1.4,1.1
2026-07-23T2300,4059A,114.4563,38.0365,石家庄市,裕华西路63号,,31,23,20,14,12,97,NA,155,137,9,6,3,3,0.4,0.4
2026-07-23T2300,4060A,114.5586,38.0581,石家庄市,和平路363号,,39,NA,17,27,12,100,NA,154,132,9,7,3,3,0.3,0.3
2026-07-23T2300,4061A,114.8347,38.0213,石家庄市,廉州西路160号,,34,34,20,21,13,101,NA,142,122,5,4,2,2,0.3,0.5
2026-07-23T2300,4062A,114.4498,38.0729,石家庄市,北城路41号,,37,37,23,14,11,90,NA,154,135,10,5,2,2,0.4,0.4
2026-07-23T2300,4063A,115.2124,37.9433,辛集市,市政府,,39,35,19,19,7,124,NA,160,152,14,7,5,4,0.3,0.2
2026-07-23T2300,4064A,115.2008,37.9338,辛集市,城管大队,,36,36,19,24,9,113,NA,146,138,8,5,2,2,0.5,0.4
2026-07-23T2300,4065A,118.1267,39.6579,唐山市,光明北路515号,,45,12,39,10,25,141,NA,105,100,6,22,3,6,0.3,1.5
2026-07-23T2300,4066A,119.7458,39.9952,秦皇岛市,南园路157号,,46,46,22,24,13,21,NA,107,97,56,15,5,5,0.4,0.3
2026-07-23T2300,4067A,119.5131,39.8858,秦皇岛市,翠岛大街1号,,32,NA,24,22,14,100,NA,102,102,5,11,3,4,0.3,0.3
2026-07-23T2300,4068A,114.5209,36.7697,邯郸市,建安街268号,NA,NA,27,13,15,7,NA,NA,147,129,12,7,3,3,0.5,0.2
2026-07-23T2300,4069A,114.5488,36.6177,邯郸市,丛台东路558号,,23,21,17,16,5,72,NA,135,114,29,5,4,3,1.0,0.3
2026-07-23T2300,4070A,114.5558,37.0578,邢台市,襄都区政府南院,,30,30,17,14,10,96,NA,148,126,7,6,3,3,1.1,0.6
2026-07-23T2300,4071A,114.9883,38.5232,定州市,交通局,颗粒物(PM10),67,73,45,22,13,85,NA,137,127,22,10,1,2,0.6,0.5
2026-07-23T2300,4072A,115.0045,38.5136,定州市,第五中学,颗粒物(PM10),53,53,35,25,14,84,NA,137,123,25,10,4,4,0.3,0.3
2026-07-23T2300,4073A,117.9462,40.95,承德市,杏林街1号,细颗粒物(PM2.5),76,57,39,48,31,15,NA,78,58,15,9,4,7,0.8,0.6
2026-07-23T2300,4074A,112.449,37.8509,太原市,西矿街336号,,35,32,38,20,20,111,NA,166,147,16,15,7,10,0.5,0.5
2026-07-23T2300,4075A,112.4792,37.9393,太原市,迎宾北路9号,,31,24,32,7,20,98,NA,166,143,12,13,5,8,0.7,0.7
2026-07-23T2300,4076A,112.551,37.8575,太原市,迎泽大街248号,,35,27,35,7,18,112,NA,157,137,15,13,7,9,0.6,0.6
2026-07-23T2300,4077A,113.588,37.8712,阳泉市,宁波路,,44,26,24,22,17,140,NA,141,141,11,12,6,10,0.7,0.7
2026-07-23T2300,4078A,112.8246,35.5152,晋城市,前书院路,NA,NA,27,30,3,11,NA,NA,137,129,NA,7,NA,5,NA,1
2026-07-23T2300,4079A,112.8864,35.4773,晋城市,祥云街666号,,31,16,28,7,14,97,NA,132,124,9,8,4,5,0.5,0.7
2026-07-23T2300,4080A,112.7375,37.7215,晋中市,广安街188号,,38,NA,31,17,18,121,NA,159,141,7,7,9,10,0.2,0.2
2026-07-23T2300,4081A,111.0081,35.0748,运城市,学苑北路2555号,,43,27,43,20,24,135,NA,136,136,4,8,5,5,0.5,0.7
2026-07-23T2300,4082A,121.2548,38.8188,大连市,旅顺,,28,23,19,19,15,84,NA,84,79,6,7,5,6,0.5,0.5
2026-07-23T2300,4083A,123.153,41.2874,辽阳市,铁西路150号,,38,NA,36,26,20,82,NA,155,126,12,8,5,6,0.6,0.4
2026-07-23T2300,4084A,123.835,42.2853,铁岭市,新华街20号,颗粒物(PM10),55,57,37,27,17,35,NA,157,117,46,16,6,6,0.8,0.6
2026-07-23T2300,4085A,125.0998,42.9134,辽源市,安宁大街333号,,25,NA,26,17,16,58,NA,113,92,10,7,5,12,0.6,0.6
2026-07-23T2300,4086A,118.7641,32.0841,南京市,新模范马路66号,,19,19,27,8,9,29,NA,104,51,21,10,5,4,0.5,0.4
2026-07-23T2300,4087A,120.3138,31.4927,无锡市,清舒道1号,,46,34,30,32,15,56,NA,115,82,23,10,8,7,0.9,0.6
2026-07-23T2300,4088A,117.1553,34.2567,徐州市,纺织东路16号,,20,NA,6,14,12,52,NA,102,83,8,7,5,5,0.6,0.6
2026-07-23T2300,4089A,119.9551,31.863,常州市,崇义南街5-H号,,29,29,27,17,13,21,NA,90,49,36,17,6,6,0.8,0.7
2026-07-23T2300,4090A,120.4282,31.3228,苏州市,学森路9号,,50,50,36,23,18,56,NA,117,104,22,13,7,7,0.8,0.6
2026-07-23T2300,4091A,120.8692,31.9885,南通市,洪江路,,27,NA,25,16,18,86,NA,150,113,8,16,4,4,0.7,0.7
2026-07-23T2300,4092A,119.119691,33.550006,淮安市,枚皋中路89号,,17,11,16,7,10,52,NA,62,54,10,12,8,8,0.8,0.9
2026-07-23T2300,4093A,119.5202,32.3705,扬州市,廖家沟步道,,18,15,21,12,11,37,NA,82,59,20,20,4,4,0.4,0.4
2026-07-23T2300,4094A,118.352,33.7886,宿迁市,春华路,,15,14,13,9,9,48,NA,67,59,7,7,8,8,0.3,0.3
2026-07-23T2300,4095A,121.8962,29.7529,宁波市,中科路88号,NA,NA,29,36,11,16,NA,NA,99,80,2,2,6,6,0.4,0.5
2026-07-23T2300,4096A,120.6935,28.0114,温州市,鹿城惠民路,颗粒物(PM10),55,57,53,27,22,86,NA,117,95,7,8,/,/,0.4,0.3
2026-07-23T2300,4097A,118.9646,28.9832,衢州市,衢州三中,,45,45,40,23,19,28,NA,96,69,27,18,4,4,0.7,0.7
2026-07-23T2300,4098A,117.2518,31.8404,合肥市,中国科学技术大学,,20,7,14,7,7,62,NA,65,54,6,10,9,9,0.6,0.6
2026-07-23T2300,4099A,118.5726,31.1371,芜湖市,湾沚区人民法院,,21,NA,22,4,15,67,NA,80,78,5,7,3,3,0.6,0.5
2026-07-23T2300,4100A,116.8322,33.9884,淮北市,杜集区第一实验学校,,32,32,28,9,9,49,NA,105,85,14,9,5,4,0.6,0.6
2026-07-23T2300,4101A,118.3196,32.3335,滁州市,银山路666号,,20,NA,14,7,16,64,NA,80,57,6,15,4,5,0.3,0.5
2026-07-23T2300,4102A,118.3426,32.2979,滁州市,黄山路555号,NA,NA,18,31,NA,16,NA,NA,84,NA,10,13,6,7,0.2,0.5
2026-07-23T2300,4103A,116.9929,33.6412,宿州市,中兴路,,17,17,22,8,12,29,NA,67,54,22,14,9,9,0.3,0.3
2026-07-23T2300,4104A,119.3106,26.0648,福州市,路通桥巷6号,,44,44,54,29,31,59,NA,144,114,16,11,/,/,/,/
2026-07-23T2300,4105A,118.6355,24.9148,泉州市,霞新路6号,,44,44,45,30,26,47,NA,135,87,23,17,/,/,0.7,0.6
2026-07-23T2300,4106A,115.7923,28.6873,南昌市,工业二路,,44,44,33,26,16,5,NA,91,69,54,15,6,6,0.6,0.5
2026-07-23T2300,4107A,113.8686,27.6668,萍乡市,联洪村委会,,22,22,21,13,9,60,NA,64,62,2,4,8,7,0.4,0.4
2026-07-23T2300,4108A,117.7107,36.2385,济南市,山财大街5号,,36,34,32,25,19,96,NA,134,118,13,13,4,8,0.8,0.6
2026-07-23T2300,4109A,116.9744,36.6889,济南市,无影山路12号,,41,19,19,18,12,130,NA,141,136,13,14,5,4,0.5,0.5
2026-07-23T2300,4110A,120.5222,36.4089,青岛市,盟旺路653号,,30,22,18,10,12,94,NA,128,114,7,9,7,7,0.8,0.8
2026-07-23T2300,4111A,116.6075,35.4566,济宁市,任和路,,33,31,28,12,13,105,NA,135,127,8,6,4,4,0.5,0.5
2026-07-23T2300,4112A,116.5648,35.3921,济宁市,文体南路1号,颗粒物(PM10),60,63,23,15,10,102,NA,136,126,7,6,2,3,0.2,0.3
2026-07-23T2300,4113A,116.0091,36.4495,聊城市,利民路,NA,NA,18,13,1,4,141,NA,152,148,1,3,8,8,NA,0.1
2026-07-23T2300,4114A,115.4239,35.2593,菏泽市,黄河路600号,,37,8,23,0,12,117,NA,129,116,8,9,4,5,0.3,0.3
2026-07-23T2300,4115A,115.5025,35.2727,菏泽市,菏泽市人社局,,39,7,18,0,10,122,NA,121,113,2,6,2,3,0.3,0.4
2026-07-23T2300,4116A,113.284,33.7139,平顶山市,姚电大道23号,,31,27,24,19,16,98,NA,119,110,19,16,8,7,0.7,0.7
2026-07-23T2300,4117A,114.2918,36.0769,安阳市,钢三路198号,,34,9,18,4,11,108,NA,131,113,2,4,2,3,0.5,0.7
2026-07-23T2300,4118A,115.0552,35.7816,濮阳市,中原东路68号,,39,12,20,2,8,124,NA,136,134,8,6,4,5,0.6,0.7
2026-07-23T2300,4119A,115.6701,34.3767,商丘市,北海东路185号,,27,24,22,18,10,84,NA,116,108,10,10,4,4,0.4,0.4
2026-07-23T2300,4120A,115.6172,34.3704,商丘市,中山大街3号,,30,30,24,14,11,82,NA,109,104,13,12,5,5,0.5,0.4
2026-07-23T2300,4121A,114.8466,33.7333,周口市,羲皇大道,,43,43,22,10,10,88,NA,113,106,5,7,3,4,0.5,0.4
2026-07-23T2300,4122A,112.6071,35.1015,济源市,市委党校,,27,21,36,3,17,84,NA,120,117,10,13,3,3,0.3,0.6
2026-07-23T2300,4123A,112.596,35.0702,济源市,沁园中路1号,,38,13,33,1,16,120,NA,148,140,9,12,5,4,0.4,0.6
2026-07-23T2300,4124A,112.2213,31.0654,荆门市,新台西路6号,,29,NA,25,19,17,91,NA,107,104,5,6,7,7,0.7,0.7
2026-07-23T2300,4125A,113.946,30.8999,孝感市,天仙南路1号,,36,36,24,22,17,42,NA,97,84,19,12,7,8,0.5,0.5
2026-07-23T2300,4127A,111.9812,27.7591,娄底市,涟钢职大,,22,22,20,2,8,53,NA,74,65,4,6,2,2,0.2,0.7
2026-07-23T2300,4128A,112.0303,27.7457,娄底市,娄底体校,NA,NA,NA,27,NA,11,NA,NA,72,65,5,5,4,4,0.4,0.3
2026-07-23T2300,4129A,113.8666,23.1062,东莞市,裕兴路,,50,50,46,23,18,48,NA,157,104,31,17,7,7,0.4,0.4
2026-07-23T2300,4130A,114.0076,22.9739,东莞市,教育路1号,颗粒物(PM10),63,67,46,32,21,52,NA,156,113,23,18,7,7,0.8,0.8
2026-07-23T2300,4131A,113.7981,22.8124,东莞市,长怡路1号,,47,47,43,18,17,44,NA,95,74,19,14,5,5,0.7,0.6
2026-07-23T2300,4132A,108.2927,23.1477,南宁市,起凤路9号,,29,29,24,18,15,45,NA,73,61,9,8,3,2,0.6,0.5
2026-07-23T2300,4133A,106.6273,23.8798,百色市,龙景西路,,33,33,42,13,20,80,NA,111,102,9,13,20,15,0.5,0.5
2026-07-23T2300,4134A,110.1952,20.0451,海口市,长滨二路9号,,39,39,34,20,20,55,NA,69,60,3,4,/,/,/,/
2026-07-23T2300,4135A,109.1714,18.3739,三亚市,城东小学站,,38,38,28,21,18,70,NA,75,71,6,6,/,/,/,/
2026-07-23T2300,4136A,108.6971,30.9377,重庆市,云师幼儿园,,36,36,27,14,15,106,NA,120,114,8,12,4,4,0.5,0.5
2026-07-23T2300,4137A,107.3276,30.3284,重庆市,公安局,,28,28,32,14,17,62,NA,124,99,22,9,9,9,0.8,0.7
2026-07-23T2300,4138A,108.0575,30.3254,重庆市,忠县中学,,38,38,38,22,20,24,NA,139,99,56,24,5,5,0.5,0.5
2026-07-23T2300,4139A,109.4542,31.0182,重庆市,竹枝路2号,,34,34,44,15,15,91,NA,111,102,12,12,12,12,0.4,0.5
2026-07-23T2300,4140A,107.7422,29.871,重庆市,龙河路,,29,28,29,17,17,91,NA,122,103,5,9,6,6,0.5,0.5
2026-07-23T2300,4141A,108.7636,28.84,重庆市,桃花源中路,,34,34,30,22,17,45,NA,88,70,15,13,6,7,0.7,0.6
2026-07-23T2300,4142A,108.9758,28.4416,重庆市,秀山县高级中学,,38,34,21,26,18,45,NA,78,69,7,5,7,7,0.6,0.6
2026-07-23T2300,4143A,108.1558,29.2859,重庆市,河堡街,,32,30,18,22,18,35,NA,95,74,18,9,5,6,0.8,0.7
2026-07-23T2300,4144A,104.3257,30.6406,成都市,八角井街185号,颗粒物(PM10),56,58,58,24,30,150,NA,236,210,16,19,7,8,0.7,0.7
2026-07-23T2300,4145A,104.4144,31.1495,德阳市,市林业局,颗粒物(PM10),58,61,51,37,32,82,NA,180,157,69,23,14,15,0.9,0.8
2026-07-23T2300,4146A,104.7092,31.4972,绵阳市,科技城新区公安局,颗粒物(PM10),53,53,58,31,28,142,NA,184,173,20,17,11,15,0.7,0.7
2026-07-23T2300,4147A,105.0433,29.6105,内江市,玉峰路西段888号,,43,36,32,30,24,105,NA,174,157,24,14,11,11,0.7,0.5
2026-07-23T2300,4148A,103.8836,30.0695,眉山市,眉职院,颗粒物(PM10),65,70,53,36,25,132,NA,194,180,22,37,8,12,0.8,0.8
2026-07-23T2300,4149A,104.6146,28.7422,宜宾市,宜宾市职业技术学校,"颗粒物(PM10),细颗粒物(PM2.5)",54,55,45,37,28,111,NA,189,172,20,15,8,10,1.1,0.9
2026-07-23T2300,4150A,104.6646,30.1116,资阳市,正兴街66号,,50,50,37,26,22,112,NA,167,149,13,10,8,8,0.3,0.3
2026-07-23T2300,4151A,104.8899,26.5685,六盘水市,钟山大道中段564号,,32,32,33,18,18,100,NA,115,112,3,4,2,2,0.7,0.7
2026-07-23T2300,4152A,107.0425,27.7087,遵义市,乌江大道东段1号,,29,28,28,20,21,86,NA,118,109,8,9,8,8,0.5,0.5
2026-07-23T2300,4153A,101.5536,25.0343,楚雄彝族自治州,团结路562号,,29,18,15,10,10,92,NA,92,92,8,7,4,3,0.7,0.7
2026-07-23T2300,4154A,103.401,23.3561,红河哈尼族彝族自治州,蒙自市朝阳路,,19,15,16,7,13,59,NA,64,53,4,6,5,9,0.3,0.3
2026-07-23T2300,4155A,107.1721,34.3558,宝鸡市,滨河北路,,46,46,30,25,17,95,NA,173,154,16,7,6,7,0.7,0.6
2026-07-23T2300,4156A,108.6372,34.3031,咸阳市,胭脂路9号,细颗粒物(PM2.5),66,NA,32,43,21,119,NA,193,170,11,10,7,7,0.7,0.6
2026-07-23T2300,4157A,108.0371,34.3035,咸阳市,杨扶路,细颗粒物(PM2.5),54,42,31,37,23,127,NA,200,182,10,8,2,3,0.4,0.3
2026-07-23T2300,4158A,108.0895,34.2623,咸阳市,新桥路,,50,50,35,35,18,134,NA,215,194,15,13,4,5,0.4,0.3
2026-07-23T2300,4159A,110.4531,35.4578,渭南市,桢州大街,细颗粒物(PM2.5),56,NA,42,38,27,103,NA,181,160,9,6,9,12,0.8,1
2026-07-23T2300,4160A,110.4368,35.4773,渭南市,太史大街,颗粒物(PM10),53,53,48,35,27,80,NA,154,133,11,10,6,11,0.7,0.8
2026-07-23T2300,4161A,109.485,36.6347,延安市,志丹路,,43,43,35,27,21,94,NA,136,126,18,15,2,2,0.6,0.5
2026-07-23T2300,4162A,101.6769,36.6535,西宁市,海晏路105号,颗粒物(PM10),73,81,30,28,17,52,NA,161,133,54,15,4,5,0.5,0.4
2026-07-23T2300,4163A,102.0984,36.5119,海东市,滨河路,,46,46,22,27,14,26,NA,153,104,72,31,7,9,0.6,0.5
2026-07-23T2300,4164A,87.2057,43.9289,昌吉回族自治州,财政所,,32,32,23,10,4,67,NA,110,96,10,8,8,9,0.0,0
2026-07-23T2300,4165A,82.9716,46.7464,塔城地区,文化广场,,30,30,24,8,7,76,NA,84,84,3,4,4,4,0.3,0.3
2026-07-23T2300,4166A,88.1198,47.7931,阿勒泰地区,阿勒泰路33号,细颗粒物(PM2.5),58,NA,18,39,4,74,NA,101,92,11,8,7,7,0.4,0.4
2026-07-23T2300,4167A,86.0126,44.2349,石河子市,城南景苑小区,,35,35,21,11,7,51,NA,124,90,20,9,7,8,0.4,0.4
2026-07-23T2300,4168A,87.055284,43.999117,五家渠市,建设西街760号,,45,NA,34,31,11,53,NA,111,96,23,8,8,8,0.2,0.2
2026-07-23T2300,4180A,113.8157285,34.126705,许昌市,新元大道996号,,38,38,26,18,17,85,NA,104,102,14,10,4,4,0.7,0.7
2026-07-23T2300,4181A,112.3571,28.5588,益阳市,龙洲站,,33,33,23,14,15,59,NA,82,74,4,5,8,9,0.5,0.7
2026-07-23T2300,4182A,116.1942,39.9158,北京市,石景山八角,,46,46,34,28,23,83,NA,130,123,25,13,1,3,0.9,0.6
2026-07-23T2300,4183A,121.417401,31.16637,上海市,冠生园路458号,,45,45,40,23,26,66,NA,147,133,15,13,6,6,0.4,0.5
2026-07-23T2300,4184A,115.479691,35.244011,菏泽市,永昌路1号,,42,7,21,0,12,132,NA,138,124,5,8,6,6,0.2,0.2
2026-07-23T2300,4185A,115.078022,30.21118,黄石市,磁湖东路29号,,48,48,38,18,13,44,NA,65,56,21,17,14,7,0.9,0.9
2026-07-23T2300,4186A,117.194237,34.229354,徐州市,解放南路202号,,21,21,23,13,13,46,NA,94,75,14,9,7,7,0.7,0.7
2026-07-23T2300,4187A,112.3425,28.611,益阳市,幸福渠东路223号,,26,26,20,13,15,59,NA,84,75,4,6,6,7,0.5,0.6
2026-07-23T2300,4188A,112.3712,28.5764,益阳市,益鑫泰路85号,,22,22,22,14,14,55,NA,78,70,5,6,9,10,0.7,0.8
2026-07-23T2300,4189A,113.113092,36.199482,长治市,英华南巷50号,,37,14,29,12,19,117,NA,135,123,7,7,11,11,0.7,0.8
2026-07-23T2300,4190A,113.23666,36.33435,长治市,学府街1号,,36,9,25,9,16,114,NA,158,129,3,3,5,6,0.5,0.6
2026-07-23T2300,4191A,118.527362,31.722269,马鞍山市,慈湖高新区,,30,30,40,15,22,39,NA,91,39,12,16,8,8,0.6,0.6
2026-07-23T2300,4192A,115.931587,28.686774,南昌市,南京东路235号,,35,28,24,24,18,67,NA,109,94,17,13,8,6,0.8,0.8
2026-07-23T2300,4193A,115.471542,35.280012,菏泽市,长城路999号,,36,5,16,0,10,115,NA,126,116,4,7,8,8,0.4,0.5
2026-07-23T2300,4194A,117.078628,40.151726,北京市,平谷新城,,36,36,30,23,21,66,NA,102,97,6,6,2,2,1.1,0.8
2026-07-23T2300,4196A,117.24369,39.102911,天津市,光华路,,49,37,41,34,32,73,NA,100,97,12,19,6,6,0.9,0.7
2026-07-23T2300,4197A,118.130859,39.636026,唐山市,友谊北路34号,,39,36,58,9,17,122,NA,93,93,5,23,1,8,0.6,1.6
2026-07-23T2300,4198A,119.509013,39.825305,秦皇岛市,北戴河轮滑馆,,35,35,34,17,13,104,NA,110,110,7,14,6,6,0.4,0.4
2026-07-23T2300,4199A,113.2798248,40.09972476,大同市,魏都大道141号,,33,18,28,7,10,105,NA,150,116,14,13,6,7,0.5,0.5
2026-07-23T2300,4200A,112.7478,37.6954,晋中市,迎宾街26号,,39,NA,26,18,19,122,NA,154,135,7,8,5,7,0.3,0.4
2026-07-23T2300,4201A,122.944647,41.082639,鞍山市,兴盛南路290号,,42,40,32,29,23,23,NA,140,95,52,18,4,3,0.6,0.6
2026-07-23T2300,4202A,113.9856,32.9802,驻马店市,交通路1233号,颗粒物(PM10),61,65,20,30,9,95,NA,116,104,14,11,4,5,0.3,0.3
2026-07-23T2300,4203A,111.3168,30.7203,宜昌市,西陵二路116号,,24,18,25,3,14,74,NA,128,115,8,6,7,6,0.2,0.3
2026-07-23T2300,4204A,111.3526,30.6374,宜昌市,沈家店路6号,,22,10,34,2,24,68,NA,114,102,10,13,5,5,0.3,0.4
2026-07-23T2300,4205A,121.541914,31.268301,上海市,宁武路151号,颗粒物(PM10),52,52,51,30,26,70,NA,150,125,16,19,6,6,0.5,0.5
2026-07-23T2300,4206A,119.028838,33.631911,淮安市,承德北路606号,,16,12,14,8,12,51,NA,54,50,4,9,5,5,0.6,0.7
2026-07-23T2300,4207A,120.12211,33.393982,盐城市,黄海中路88号,,20,9,17,2,8,63,NA,83,67,6,7,9,9,0.6,0.7
2026-07-23T2300,4209A,117.003137,32.644456,淮南市,国庆中路369号,,22,22,15,8,7,41,NA,51,48,12,10,12,12,0.2,0.2
2026-07-23T2300,4210A,118.335445,29.720283,黄山市,滨江东路7-2号,,29,29,39,16,14,23,NA,74,57,4,3,/,/,/,/
2026-07-23T2300,4211A,118.190438,28.444845,上饶市,裕丰大道,,33,33,31,19,18,39,NA,81,54,6,7,12,11,0.5,0.4
2026-07-23T2300,4212A,118.3039243,36.82708161,淄博市,广场路1号,,36,NA,35,25,33,102,NA,173,128,17,16,5,6,0.5,0.8
2026-07-23T2300,4213A,121.364239,37.529648,烟台市,青年南路118号,,23,7,8,2,10,71,NA,96,86,10,10,6,7,0.3,0.4
2026-07-23T2300,4214A,112.460027,34.694929,洛阳市,春都路1号院,,32,27,24,22,17,88,NA,122,108,10,9,3,3,0.4,0.4
2026-07-23T2300,4215A,113.916569,35.331547,新乡市,建设东路46号,,35,6,24,3,11,109,NA,129,118,6,5,6,7,0.5,0.6
2026-07-23T2300,4216A,115.0923632,35.76857718,濮阳市,任丘路479号,,41,11,29,6,14,129,NA,138,134,2,2,4,5,0.6,0.5
2026-07-23T2300,4217A,114.3182,29.8447,咸宁市,双鹤路18号,,16,16,14,5,7,48,NA,75,70,5,3,4,4,0.7,0.6
2026-07-23T2300,4218A,111.446,27.2472,邵阳市,北塔二期4-26地块,,16,16,27,10,11,44,NA,60,53,6,6,12,7,0.6,0.6
2026-07-23T2300,4219A,111.4739,27.2282,邵阳市,邵水西路287号,,26,NA,22,18,15,50,NA,72,62,5,5,1,2,0.4,0.4
2026-07-23T2300,4220A,114.214113,22.713717,深圳市,黄阁路,,35,35,36,17,17,48,NA,100,83,15,11,7,7,0.7,0.7
2026-07-23T2300,4221A,108.2177,22.7774,南宁市,乐贤路16号,,29,29,26,13,12,43,NA,67,54,16,12,5,4,0.5,0.6
2026-07-23T2300,4222A,110.1835,25.2444,桂林市,环湖路276号,,22,19,15,15,12,48,NA,62,56,3,3,4,4,0.5,0.5
2026-07-23T2300,4223A,106.4686218,29.48920871,重庆市,双山路147号,,41,41,35,23,16,96,NA,152,131,14,12,13,14,0.7,0.6
2026-07-23T2300,4224A,104.2433276,30.53529463,成都市,鲸龙路1057号,颗粒物(PM10),58,61,52,31,29,140,NA,252,221,30,26,10,11,0.8,0.7
2026-07-23T2300,4225A,104.714266,29.338571,自贡市,贡兴路74号,细颗粒物(PM2.5),62,53,36,41,27,118,NA,188,160,8,12,12,12,0.5,0.3
2026-07-23T2300,4226A,104.765114,31.453094,绵阳市,绵阳市气象局,颗粒物(PM10),54,55,53,27,27,138,NA,162,156,22,20,12,8,0.7,0.7
2026-07-23T2300,4227A,106.108336,30.788436,南充市,梨树横街98号,,48,48,48,20,21,114,NA,138,130,11,12,8,9,0.2,0.3
2026-07-23T2300,4229A,102.2342,27.8859,凉山彝族自治州,凯乐南路30号,,26,24,31,14,23,82,NA,134,109,12,17,4,10,0.6,0.9
2026-07-23T2300,4230A,106.688212,26.56952,贵阳市,花果园大街66号,,25,24,29,10,17,79,NA,105,97,5,6,1,3,/,/
2026-07-23T2300,4231A,106.687268,26.516892,贵阳市,漓江路57号,NA,NA,14,30,9,18,NA,NA,106,NA,7,7,3,4,0.5,0.5
2026-07-23T2300,4233A,108.596239,34.118792,西安市,西苑北路977号,颗粒物(PM10),57,59,44,32,16,126,NA,228,206,16,12,6,6,0.5,0.4
2026-07-23T2300,4234A,108.949652,34.870529,铜川市,大唐三路,细颗粒物(PM2.5),54,53,41,37,18,123,NA,164,152,13,12,9,9,0.8,0.6
2026-07-23T2300,4235A,109.5051,34.4921,渭南市,渭花路4号,细颗粒物(PM2.5),66,53,41,43,23,84,NA,164,144,13,9,7,9,0.5,0.4
2026-07-23T2300,4236A,103.629272,36.093822,兰州市,庄浪东路808号,,43,43,40,17,18,42,NA,187,116,76,30,10,22,0.4,0.5
2026-07-23T2300,4237A,103.7251,36.104344,兰州市,安宁西路88号,颗粒物(PM10),60,64,45,26,20,85,NA,208,164,36,24,10,18,0.4,0.4
2026-07-23T2300,4238A,103.846982,36.067567,兰州市,北滨河东路1号,,46,46,45,20,18,21,NA,176,122,86,41,13,17,0.6,0.7
2026-07-23T2300,4239A,102.193042,38.531887,金昌市,长春路96号,颗粒物(PM10),61,65,55,21,16,104,NA,144,135,19,12,6,9,0.4,0.4
2026-07-23T2300,4240A,98.495752,39.733935,酒泉市,玉门东路5号,颗粒物(PM10),83,95,56,40,20,101,NA,134,124,11,11,8,7,0.4,0.3
2026-07-23T2300,4241A,98.5099,39.7506,酒泉市,北大街108号,NA,NA,NA,56,NA,20,97,NA,133,123,10,10,12,13,NA,0.4
2026-07-23T2300,4242A,106.226373,38.491976,银川市,广场西路,NA,NA,68,54,28,18,NA,NA,227,NA,25,17,6,7,0.4,0.4
2026-07-23T2300,4243A,92.0515,31.4787,那曲市,那曲市委宣传部,,30,17,9,15,7,96,NA,98,98,10,7,6,5,0.4,0.2
2026-07-23T2300,4244A,111.4879,36.053,临汾市,启星学校,,35,28,41,18,21,111,NA,164,137,8,12,7,8,0.7,0.9
2026-07-23T2300,4245A,106.8609,27.5969,遵义市,遵南大道1161号,,38,32,40,26,24,85,NA,134,120,9,7,6,7,0.5,0.5
2026-07-23T2300,4246A,105.833962,30.18863087,重庆市,桃园路24号,,45,41,36,31,25,116,NA,171,158,11,8,5,5,0.7,0.6
2026-07-23T2300,4247A,107.091033,29.153966,重庆市,钟楼街32号,,45,35,28,31,19,66,NA,110,96,18,10,11,11,0.7,0.7
2026-07-23T2300,4248A,107.8042979,30.67350233,重庆市,人民南路309号,颗粒物(PM10),55,56,53,16,16,89,NA,124,110,12,8,7,6,0.4,0.4
2026-07-23T2300,4249A,118.8707617,31.34017673,南京市,汶溪路181号,,20,14,24,2,10,61,NA,75,64,1,5,2,3,0.4,0.5
2026-07-23T2300,4250A,114.089259,33.588274,漯河市,韶山路11号,,36,36,23,17,12,52,NA,128,110,31,14,7,7,0.5,0.4
2026-07-23T2300,4251A,112.1433,32.0581,襄阳市,铁院东路4号,,35,31,28,13,14,110,NA,124,122,9,10,6,6,0.6,0.6
2026-07-23T2300,4252A,113.0138,25.8011,郴州市,好美居路49号,,30,24,20,21,9,52,NA,64,59,8,5,9,10,/,/
2026-07-23T2300,4253A,116.010205,29.659402,九江市,莲花大道8号,,21,21,15,14,12,35,NA,69,42,5,5,5,5,0.6,0.5
2026-07-23T2300,4254A,120.2925,31.5685,无锡市,健康路105号,,43,36,33,30,16,56,NA,100,79,31,15,5,5,1.2,0.8
2026-07-23T2300,4255A,110.16795,22.640993,玉林市,人民东路196号,,32,NA,24,22,19,21,NA,55,37,20,16,3,3,0.5,0.5
2026-07-23T2300,4256A,107.375,22.3736,崇左市,石景林东路7号,,17,14,20,9,10,54,NA,84,70,9,10,3,5,0.5,0.5
2026-07-23T2300,4257A,104.6092,35.5962,定西市,将台街,颗粒物(PM10),58,60,37,17,12,117,NA,145,138,11,16,5,6,0.2,0.2
2026-07-23T2300,4258A,111.2416,23.4155,梧州市,政贤路18号,,46,46,35,14,14,29,NA,75,53,23,14,9,7,0.8,0.8
2026-07-23T2300,4259A,113.835877,34.0155267,许昌市,望田路111号,,32,32,23,22,17,93,NA,115,110,10,11,1,3,0.6,0.6
2026-07-23T2300,4260A,109.5933,23.095,贵港市,中山路155-3号,,24,24,32,14,17,35,NA,73,48,12,13,/,/,0.6,0.6
2026-07-23T2300,4261A,103.7247,27.3415,昭通市,环东路146号,,40,37,40,26,22,126,NA,143,139,12,11,4,11,0.4,0.4
2026-07-23T2300,4263A,105.3688,27.3598,毕节市,工业大道,,40,30,31,28,22,50,NA,133,92,22,19,7,8,/,/
2026-07-23T2300,4264A,113.234,35.219,焦作市,新安路1731号,,37,30,28,10,15,116,NA,148,139,8,10,5,8,0.3,0.4
2026-07-23T2300,4265A,113.108806,29.353066,岳阳市,求索西路365号,,29,29,23,16,12,67,NA,89,86,9,8,2,2,0.5,0.6
2026-07-23T2300,4266A,117.7325,34.5683,枣庄市,文化路178号,,19,19,21,9,11,56,NA,94,78,12,12,8,8,0.3,0.5
2026-07-23T2300,4268A,112.1722,30.3366,荆州市,学苑路85号,,30,18,29,7,11,96,NA,92,91,4,11,9,7,0.5,0.5
2026-07-23T2300,4269A,114.6701,33.6167,周口市,七一路,,26,26,16,15,9,82,NA,118,110,11,9,2,1,0.6,0.5
2026-07-23T2300,4270A,102.6447,37.9293,武威市,钟楼街149号,细颗粒物(PM2.5),76,55,37,48,19,125,NA,158,150,16,23,12,11,0.4,0.4
2026-07-23T2300,4271A,103.2464,35.6123,临夏回族自治州,滨河东路1号,颗粒物(PM10),97,115,50,36,30,41,NA,144,102,45,18,8,9,0.9,0.6
2026-07-23T2300,4273A,81.2737,43.9337,伊犁哈萨克自治州,安徽路800号,,36,21,18,12,7,114,NA,124,123,7,9,4,4,0.4,0.5
2026-07-23T2300,4274A,117.7994,40.9605,承德市,滨河大街98号,颗粒物(PM10),51,51,38,27,24,19,NA,79,50,16,7,6,12,0.6,0.5
2026-07-23T2300,4275A,111.591512,40.827312,呼和浩特市,成吉思汗西街8号,,27,27,21,10,9,62,NA,155,119,39,24,5,6,0.4,0.4
2026-07-23T2300,4276A,111.6597,40.8077,呼和浩特市,公园东路75号,,24,24,18,10,9,64,NA,143,122,25,11,13,14,0.6,0.4
2026-07-23T2300,4277A,111.5427,40.7846,呼和浩特市,金海路35号,,30,24,27,21,10,83,NA,146,119,19,16,5,6,0.5,0.5
2026-07-23T2300,4278A,106.8212,39.6741,乌海市,海拉北路,颗粒物(PM10),58,61,62,31,28,110,NA,179,159,18,18,2,16,0.7,0.6
2026-07-23T2300,4279A,119.7569,49.2222,呼伦贝尔市,伊敏大街东7号,,25,NA,21,17,12,74,NA,87,85,10,13,5,5,0.4,0.5
2026-07-23T2300,4280A,122.0921,46.065,兴安盟,洮儿河南路,,30,30,31,14,19,75,NA,121,98,5,10,6,6,0.2,0.4
2026-07-23T2300,4281A,125.334645,43.916281,长春市,北亚泰大街1068号,,33,33,40,15,23,47,NA,118,72,23,12,3,3,0.5,0.6
2026-07-23T2300,4282A,126.6769,45.7379,哈尔滨市,华山路1号,细颗粒物(PM2.5),72,NA,46,46,30,58,NA,147,117,36,20,7,9,0.5,0.4
2026-07-23T2300,4283A,126.9717,45.5356,哈尔滨市,解放大街52号,,33,33,50,6,14,70,NA,133,100,22,15,2,3,0.6,0.8
2026-07-23T2300,4284A,128.8325,47.8447,伊春市,永安路4-1号,,14,10,14,8,10,42,NA,91,78,7,4,2,2,0.3,0.5
2026-07-23T2300,4285A,130.363,46.806,佳木斯市,顺和街,,25,23,31,5,15,78,NA,98,91,10,27,2,2,0.3,0.4
2026-07-23T2300,4286A,130.3952,46.8268,佳木斯市,长安路196号,,31,31,40,4,13,77,NA,111,93,12,26,6,4,0.2,0.3
2026-07-23T2300,4287A,129.5992,44.5964,牡丹江市,东晓云街98号,,28,28,34,8,17,74,NA,96,76,5,10,6,7,0.3,0.4
2026-07-23T2300,4288A,117.2438,34.2844,徐州市,龙潭环路5号,,24,24,22,15,16,55,NA,99,85,12,10,5,5,0.6,0.6
2026-07-23T2300,4289A,117.154766,29.256967,景德镇市,青少年活动中心,细颗粒物(PM2.5),60,51,31,40,17,11,NA,65,45,50,14,50,18,/,/
2026-07-23T2300,4290A,120.196923,35.954556,青岛市,珠江路669号,,25,NA,14,14,15,79,NA,116,105,8,16,3,4,0.5,0.6
2026-07-23T2300,4291A,120.0424,35.8656,青岛市,黄岛区人民政府广场,,24,NA,18,10,17,74,NA,112,97,12,14,6,6,0.4,0.4
2026-07-23T2300,4292A,116.352738,37.420875,德州市,新河东路,,37,27,14,24,10,118,NA,139,136,16,12,7,7,0.7,0.5
2026-07-23T2300,4293A,113.605125,34.755221,郑州市,计划路2号,,40,14,27,10,17,126,NA,132,113,9,12,3,3,0.2,0.4
2026-07-23T2300,4294A,113.6525645,34.77362682,郑州市,同乐路9号,,42,9,29,7,22,133,NA,140,126,6,7,2,2,0.2,0.3
2026-07-23T2300,4295A,113.2722,35.2121,焦作市,人民路3066号,,34,28,25,5,15,107,NA,143,132,7,7,8,9,0.5,0.8
2026-07-23T2300,4296A,114.6421,33.6417,周口市,健康路46号,,35,26,16,24,6,82,NA,113,106,6,7,2,1,0.7,0.5
2026-07-23T2300,4297A,114.649,33.596,周口市,太昊路,,30,30,17,13,6,66,NA,108,99,11,9,2,2,1.0,0.9
2026-07-23T2300,4298A,114.284,29.8595,咸宁市,碧桂路,,27,27,19,11,8,36,NA,69,62,8,5,5,3,0.5,0.5
2026-07-23T2300,4299A,111.6195,26.2253,永州市,徐家井路86号,,29,29,24,19,16,56,NA,61,59,7,6,4,5,0.7,0.5
2026-07-23T2300,4300A,114.4089,23.1147,惠州市,文华一路1号,,44,44,42,19,20,53,NA,115,88,12,8,/,/,/,/
2026-07-23T2300,4301A,110.2803,25.2773,桂林市,信义路13号,,36,34,26,25,16,21,NA,53,40,16,7,19,4,1.0,0.7
2026-07-23T2300,4302A,108.0901,24.6945,河池市,上任中路54号,,31,31,30,9,12,6,NA,61,37,20,9,4,7,0.9,0.9
2026-07-23T2300,4303A,105.5911,30.5368,遂宁市,环岛商务中心9号楼,颗粒物(PM10),58,60,51,30,20,89,NA,146,123,23,14,9,20,0.5,0.6
2026-07-23T2300,4304A,106.1172,30.843,南充市,清泉寺北路188号,,40,40,46,23,22,112,NA,146,140,9,8,9,9,0.2,0.2
2026-07-23T2300,4305A,106.067,30.7616,南充市,同庆路1号,,48,48,43,22,20,109,NA,142,131,10,9,7,9,0.3,0.3
2026-07-23T2300,4306A,103.0544,30.0133,雅安市,滨江西路,,34,34,35,22,20,82,NA,126,109,9,9,11,10,0.6,0.6
2026-07-23T2300,4307A,108.9817,34.2035,西安市,曲江池东路988号,NA,NA,NA,42,18,17,82,NA,191,163,17,12,2,3,NA,0.6
2026-07-23T2300,4308A,107.3898,34.3601,宝鸡市,陈仓区北开路21号,颗粒物(PM10),58,60,32,34,19,106,NA,177,169,36,13,6,6,0.7,0.5
2026-07-23T2300,4309A,104.6159,35.5701,定西市,正龙路62号,NA,NA,50,38,15,11,NA,NA,138,138,11,11,7,7,0.4,0.3
2026-07-23T2300,4310A,103.207136,35.599807,临夏回族自治州,新华街21号,细颗粒物(PM2.5),64,63,45,42,21,67,NA,137,113,21,11,10,14,0.5,0.4
2026-07-23T2300,4311A,122.0383,46.0691,兴安盟,科尔沁北路63号,,29,29,31,12,18,92,NA,125,105,7,12,1,2,0.2,0.4
2026-07-23T2300,4312A,119.019,31.6512,南京市,中山西路1号,,19,17,22,13,10,35,NA,82,46,16,10,4,4,0.7,0.6
2026-07-23T2300,4314A,114.0494,38.059,石家庄市,矿区区委大楼,,25,25,21,14,6,76,NA,157,135,20,4,4,4,0.4,0.3
2026-07-23T2300,4325A,105.3665,28.77434,泸州市,纳溪区委政协,,49,46,39,34,27,78,NA,190,151,25,21,6,7,0.4,0.4
