timepoint,stationcode,longitude,latitude,area,positionname,primarypollutant,aqi,pm10,pm10_24h,pm2_5,pm2_5_24h,o3,o3_24h,o3_8h,o3_8h_24h,no2,no2_24h,so2,so2_24h,co,co_24h
2026-09-07T2000,1001A,116.3611,39.8786,北京市,万寿西宫,,27,27,74,8,24,61,NA,116,105,3,13,2,3,0.3,0.5
2026-09-07T2000,1003A,116.4174,39.9289,北京市,东四,,22,22,46,7,24,58,NA,110,102,9,19,3,4,0.2,0.4
2026-09-07T2000,1004A,116.4073,39.8858,北京市,天坛,,21,21,46,7,24,57,NA,104,97,2,13,2,3,0.4,0.7
2026-09-07T2000,1005A,116.4622,39.9364,北京市,农展馆,NA,NA,NA,55,NA,29,NA,NA,180,NA,NA,24,NA,4,NA,0.6
2026-09-07T2000,1006A,116.3399,39.9293,北京市,官园,,22,22,52,10,24,56,NA,109,97,11,17,2,4,0.3,0.5
2026-09-07T2000,1007A,116.2879,39.9613,北京市,海淀万柳,,20,20,53,9,23,55,NA,104,92,4,14,2,3,0.1,0.4
2026-09-07T2000,1008A,116.6635,40.1349,北京市,顺义新城,,19,16,41,4,23,58,NA,90,81,6,15,2,3,0.3,0.6
2026-09-07T2000,1009A,116.6275,40.327,北京市,怀柔镇,,19,19,38,8,23,51,NA,84,69,7,8,1,2,0.4,0.7
2026-09-07T2000,1010A,116.2295,40.217,北京市,昌平镇,,19,10,44,4,26,59,NA,86,78,6,18,1,2,0.3,0.6
2026-09-07T2000,1011A,116.3968,39.982,北京市,奥体中心,,22,22,41,8,23,55,NA,95,86,6,17,2,3,0.3,0.5
2026-09-07T2000,1015A,117.1446,39.1659,天津市,勤俭道,,46,45,38,32,22,66,NA,162,156,13,16,4,7,0.9,0.8
2026-09-07T2000,1018A,117.2016,39.0928,天津市,前进道,,44,44,36,19,17,90,NA,161,157,12,16,7,10,0.5,0.3
2026-09-07T2000,1019A,117.1837,39.2134,天津市,淮河道,颗粒物(PM10),56,58,41,26,18,60,NA,150,144,13,16,6,9,0.4,0.2
2026-09-07T2000,1021A,117.308261,39.088386,天津市,跃进路,,39,39,38,16,16,103,NA,152,150,14,17,7,8,0.5,0.5
2026-09-07T2000,1023A,117.707,39.0344,天津市,第四大街,颗粒物(PM10),55,56,39,13,17,63,NA,135,130,10,23,5,9,0.6,0.7
2026-09-07T2000,1024A,117.4573,38.8395,天津市,永明路,,37,37,31,15,16,99,NA,139,138,4,10,6,6,0.8,0.8
2026-09-07T2000,1026A,117.7641,39.1588,天津市,汉北路,,36,36,33,10,14,53,NA,144,135,12,26,3,7,0.9,0.6
2026-09-07T2000,1030A,114.5919,38.0328,石家庄市,高新区,颗粒物(PM10),58,61,54,28,30,112,NA,149,144,15,16,3,3,0.6,0.6
2026-09-07T2000,1032A,114.4556,38.0136,石家庄市,西南高教,颗粒物(PM10),61,65,50,32,28,127,NA,158,156,13,17,3,4,0.5,0.5
2026-09-07T2000,1033A,114.533,38.0177,石家庄市,世纪公园,颗粒物(PM10),55,56,55,29,27,129,NA,139,137,11,13,2,4,0.7,0.7
2026-09-07T2000,1034A,114.5105,38.0489,石家庄市,人民会堂,细颗粒物(PM2.5),90,64,55,55,31,116,NA,151,147,18,16,1,5,0.4,0.5
2026-09-07T2000,1040A,118.1707,39.6505,唐山市,十二中,,42,42,43,10,16,47,NA,119,102,15,18,19,9,0.8,0.6
2026-09-07T2000,1041A,118.1868,39.6219,唐山市,小山,颗粒物(PM10),60,64,53,14,12,50,NA,124,107,5,13,12,7,0.8,0.5
2026-09-07T2000,1046A,119.5247,39.9346,秦皇岛市,建设大厦,,25,25,40,4,13,46,NA,73,59,6,12,4,7,0.4,0.7
2026-09-07T2000,1049A,114.492,36.5712,邯郸市,矿院,臭氧1小时(O3_1h),75,46,49,44,36,180,NA,210,208,9,22,5,9,0.5,0.7
2026-09-07T2000,1050A,114.4839,36.6136,邯郸市,丛台公园,臭氧1小时(O3_1h),70,60,51,37,29,176,NA,202,200,8,15,12,22,0.4,1
2026-09-07T2000,1051A,115.4803,38.8568,保定市,游泳馆,细颗粒物(PM2.5),56,47,50,38,33,132,NA,153,152,12,24,3,2,0.7,0.6
2026-09-07T2000,1052A,115.509,38.8895,保定市,华电二区,细颗粒物(PM2.5),56,53,52,38,32,117,NA,147,146,10,20,2,3,0.5,0.4
2026-09-07T2000,1053A,115.4588,38.9037,保定市,接待中心,,50,40,52,35,33,114,NA,150,147,8,13,4,6,0.5,0.4
2026-09-07T2000,1054A,115.4484,38.8344,保定市,地表水厂,颗粒物(PM10),70,78,80,39,32,122,NA,142,140,9,22,4,5,0.3,0.4
2026-09-07T2000,1057A,114.8884,40.8336,张家口市,人民公园,,29,NA,32,20,18,57,NA,66,66,7,10,1,1,0.3,0.3
2026-09-07T2000,1059A,114.868581,40.804273,张家口市,五金库,,20,20,38,7,11,53,NA,68,61,8,11,/,/,/,/
2026-09-07T2000,1060A,114.8901,40.762,张家口市,世纪豪园,,17,NA,33,11,10,52,NA,66,60,6,7,5,5,0.4,0.4
2026-09-07T2000,1062A,117.9531,40.908,承德市,铁路,,20,20,48,5,23,33,NA,60,55,12,14,5,6,0.2,0.4
2026-09-07T2000,1063A,117.9397,40.9763,承德市,中国银行,,17,5,36,3,20,52,NA,60,58,4,10,5,7,0.2,0.4
2026-09-07T2000,1067A,116.6712,39.5109,廊坊市,药材公司,,22,22,47,12,23,68,NA,152,142,5,14,1,5,0.4,0.4
2026-09-07T2000,1068A,116.7215,39.5592,廊坊市,开发区,,21,12,40,12,24,65,NA,150,139,5,12,3,3,0.3,0.4
2026-09-07T2000,1070A,116.7246,39.5273,廊坊市,北华航天学院,,21,21,40,11,24,52,NA,150,138,13,14,3,5,0.3,0.4
2026-09-07T2000,1071A,116.8733,38.2922,沧州市,沧县城建局,,38,38,30,19,19,102,NA,151,146,16,15,7,8,0.6,0.5
2026-09-07T2000,1072A,116.8462,38.3189,沧州市,电视转播站,颗粒物(PM10),56,58,36,24,16,111,NA,142,139,7,8,2,2,0.3,0.1
2026-09-07T2000,1073A,116.8588,38.3161,沧州市,市环保局,颗粒物(PM10),64,69,35,26,20,101,NA,136,134,11,15,7,7,0.4,0.2
2026-09-07T2000,1074A,115.6839,37.754,衡水市,电机北厂,,41,41,37,27,22,128,NA,154,150,14,17,3,7,0.5,0.5
2026-09-07T2000,1075A,115.6303,37.7318,衡水市,市监测站,,50,50,53,19,18,128,NA,153,150,12,15,6,8,0.6,0.6
2026-09-07T2000,1077A,114.4687,37.0883,邢台市,达活泉,NA,NA,NA,49,NA,23,136,NA,179,175,8,9,1,3,0.5,0.6
2026-09-07T2000,1078A,114.4954,37.0309,邢台市,邢师高专,颗粒物(PM10),72,80,54,42,29,124,NA,172,169,25,15,4,4,0.7,0.8
2026-09-07T2000,1079A,114.5281,37.0857,邢台市,路桥公司,,50,50,40,34,24,124,NA,163,161,10,13,4,4,0.8,0.5
2026-09-07T2000,1080A,114.4721,37.0713,邢台市,市环保局,颗粒物(PM10),63,68,52,31,26,131,NA,177,174,21,17,4,6,0.3,0.4
2026-09-07T2000,1081A,112.5138,37.8916,太原市,尖草坪,,41,41,48,26,25,83,NA,104,102,14,16,7,10,0.6,0.5
2026-09-07T2000,1084A,112.4691,37.7125,太原市,晋源,,40,40,49,23,26,80,NA,105,101,16,21,5,9,0.7,0.8
2026-09-07T2000,1085A,112.5595,37.7391,太原市,小店,,50,50,64,24,29,78,NA,98,98,21,32,6,12,0.9,0.9
2026-09-07T2000,1087A,112.5705,37.8199,太原市,坞城,,41,41,56,28,32,73,NA,98,95,16,27,10,17,1.0,1.3
2026-09-07T2000,1088A,112.5495,37.9853,太原市,南寨,,30,30,48,21,27,69,NA,84,83,11,21,5,5,0.6,0.6
2026-09-07T2000,1090A,111.6506,40.7517,呼和浩特市,呼市一监,,13,NA,23,7,11,40,NA,59,56,13,10,5,5,0.3,0.3
2026-09-07T2000,1094A,111.7516,40.8369,呼和浩特市,如意水处理厂,,17,NA,17,10,12,53,NA,67,58,9,13,6,6,0.3,0.3
2026-09-07T2000,1095A,111.727798,40.806187,呼和浩特市,二十九中,,20,NA,21,14,13,54,NA,71,64,5,7,10,10,0.6,0.6
2026-09-07T2000,1097A,111.717,40.7617,呼和浩特市,化肥厂生活区,,16,7,19,4,14,50,NA,71,65,11,12,6,6,0.4,0.5
2026-09-07T2000,1099A,123.5058,41.7084,沈阳市,浑南东路,,26,26,42,7,21,60,NA,50,47,5,31,7,13,0.5,0.8
2026-09-07T2000,1100A,123.4238,41.6992,沈阳市,新秀街,NA,NA,NA,NA,NA,NA,NA,NA,NA,NA,NA,NA,NA,NA,NA,NA
2026-09-07T2000,1102A,123.5903,41.8412,沈阳市,东陵路,,15,11,43,7,19,45,NA,41,41,11,26,8,12,0.4,0.8
2026-09-07T2000,1103A,123.4267,41.8466,沈阳市,陵东街,,20,20,29,8,14,45,NA,51,42,8,12,5,7,0.4,0.7
2026-09-07T2000,1104A,123.4116,41.7654,沈阳市,文化路,,24,24,40,7,15,52,NA,52,46,7,20,7,16,0.5,0.9
2026-09-07T2000,1105A,123.4673,41.787,沈阳市,小河沿,,20,20,34,7,16,50,NA,42,42,8,18,6,10,0.6,0.9
2026-09-07T2000,1106A,123.4019,41.7978,沈阳市,太原街,,30,30,41,10,15,50,NA,58,44,4,11,5,12,0.6,0.9
2026-09-07T2000,1108A,123.3778,41.9233,沈阳市,京沈街,,15,12,34,10,12,48,NA,72,49,8,17,4,8,0.5,0.7
2026-09-07T2000,1109A,121.6119,38.974,大连市,甘井子,,41,41,24,16,12,44,NA,116,93,10,15,6,7,0.6,0.6
2026-09-07T2000,1110A,121.565,38.9509,大连市,周水子,,39,39,25,18,12,43,NA,116,97,11,19,7,7,0.3,0.3
2026-09-07T2000,1111A,121.5637,38.8849,大连市,星海三站,,36,36,23,23,12,48,NA,109,92,10,13,5,5,0.6,0.5
2026-09-07T2000,1112A,121.6301,38.9117,大连市,青泥洼桥,颗粒物(PM10),52,52,27,18,13,46,NA,118,98,12,16,6,7,0.4,0.3
2026-09-07T2000,1113A,121.6248,38.8643,大连市,傅家庄,,37,37,16,19,8,38,NA,103,83,16,11,9,10,0.7,0.6
2026-09-07T2000,1114A,121.5117,38.8636,大连市,七贤岭,,38,38,18,16,12,50,NA,103,87,10,11,6,7,0.7,0.5
2026-09-07T2000,1116A,121.7507,39.1339,大连市,金州,颗粒物(PM10),56,58,24,25,13,41,NA,106,84,13,14,5,8,0.6,0.5
2026-09-07T2000,1117A,121.7811,39.0495,大连市,开发区,,39,NA,19,27,14,48,NA,107,88,11,21,5,6,0.5,0.5
2026-09-07T2000,1118A,121.9762,39.0631,大连市,双D港,,49,49,21,34,10,38,NA,94,80,13,7,7,7,0.8,0.7
2026-09-07T2000,1120A,125.2874,43.9024,长春市,客车厂,,43,NA,37,30,22,23,NA,73,37,23,21,4,5,0.7,0.7
2026-09-07T2000,1121A,125.2943,43.8508,长春市,邮电学院,,32,NA,29,22,22,24,NA,46,34,11,13,6,6,0.6,0.6
2026-09-07T2000,1122A,125.3648,43.8745,长春市,劳动公园,,36,25,34,25,24,27,NA,49,36,15,13,4,4,0.7,0.7
2026-09-07T2000,1123A,125.3233,43.8781,长春市,园林处,,33,NA,33,23,22,28,NA,73,37,14,15,6,7,0.6,0.6
2026-09-07T2000,1124A,125.4604,43.7904,长春市,净月潭,,29,22,23,20,20,21,NA,33,32,10,8,7,7,0.5,0.4
2026-09-07T2000,1126A,125.38,43.8422,长春市,经开区环卫处,,30,21,46,21,23,28,NA,36,36,15,31,7,8,0.6,0.6
2026-09-07T2000,1127A,125.234,43.7761,长春市,高新区管委会,,28,24,33,19,21,26,NA,48,35,16,18,7,7,0.7,0.6
2026-09-07T2000,1128A,125.1695,43.83,长春市,岱山公园,,39,30,38,27,23,14,NA,47,32,32,35,4,4,0.8,0.8
2026-09-07T2000,1130A,126.5557,45.8109,哈尔滨市,松北商大,,13,13,19,2,12,28,NA,38,36,14,14,5,5,0.5,0.6
2026-09-07T2000,1132A,126.6162,45.719,哈尔滨市,南岗学府路,,29,29,32,5,11,38,NA,44,43,13,19,5,6,0.5,0.5
2026-09-07T2000,1133A,126.6894,45.7733,哈尔滨市,太平宏伟公园,,27,27,21,5,9,35,NA,41,40,10,11,7,8,0.4,0.4
2026-09-07T2000,1134A,126.6361,45.7672,哈尔滨市,道外承德广场,,32,32,34,6,10,40,NA,43,43,9,13,4,4,0.6,0.7
2026-09-07T2000,1136A,126.644,45.7261,哈尔滨市,动力和平路,,18,14,22,12,11,40,NA,44,44,10,15,7,9,0.5,0.6
2026-09-07T2000,1137A,126.5933,45.7479,哈尔滨市,道里建国路,,15,15,20,5,10,38,NA,43,43,11,16,4,5,0.4,0.7
2026-09-07T2000,1138A,126.6127,45.6119,哈尔滨市,平房东轻厂,,21,21,23,5,8,24,NA,36,35,23,12,7,9,0.4,0.6
2026-09-07T2000,1139A,126.5875,45.9827,哈尔滨市,呼兰师专,,19,19,21,3,8,33,NA,41,40,12,16,6,4,0.6,0.7
2026-09-07T2000,1140A,126.6299,45.6799,哈尔滨市,省农科院,,18,18,30,12,13,40,NA,45,44,10,23,4,5,0.6,0.6
2026-09-07T2000,1141A,121.401,31.2382,上海市,普陀,,30,21,21,10,13,94,NA,102,101,12,17,5,6,0.2,0.3
2026-09-07T2000,1142A,121.4774,31.2043,上海市,十五厂,,29,20,18,12,11,91,NA,98,96,12,13,5,5,0.4,0.5
2026-09-07T2000,1143A,121.4673,31.3011,上海市,虹口,NA,NA,NA,22,NA,10,NA,NA,94,94,NA,11,NA,4,NA,0.4
2026-09-07T2000,1147A,121.4253,31.226,上海市,静安监测站,,32,23,21,13,12,102,NA,111,110,11,15,7,7,0.6,0.7
2026-09-07T2000,1148A,121.7029,31.1905,上海市,浦东川沙,,31,31,22,16,12,94,NA,101,100,13,15,9,10,0.7,0.7
2026-09-07T2000,1149A,121.5339,31.229,上海市,浦东新区监测站,,27,22,20,13,10,85,NA,92,91,14,13,8,8,0.3,0.3
2026-09-07T2000,1150A,121.5776,31.2038,上海市,浦东张江,,32,25,20,12,10,100,NA,103,102,10,12,6,7,0.2,0.2
2026-09-07T2000,1151A,118.8033,32.1085,南京市,迈皋桥,,21,19,12,8,4,65,NA,96,90,12,15,5,5,0.3,0.4
2026-09-07T2000,1152A,118.7487,32.057,南京市,草场门,,31,19,18,7,4,98,NA,126,120,21,17,6,6,0.4,0.4
2026-09-07T2000,1154A,118.770105,32.004342,南京市,中华门,,26,14,14,5,3,83,NA,113,108,8,13,6,6,0.1,0.1
2026-09-07T2000,1155A,118.8059,32.0329,南京市,瑞金路,,29,22,16,5,4,92,NA,121,116,16,13,4,4,0.2,0.3
2026-09-07T2000,1156A,118.7946,32.0774,南京市,玄武湖,,22,17,22,3,4,69,NA,120,111,37,19,3,4,0.4,0.4
2026-09-07T2000,1157A,118.6415,32.0964,南京市,浦口,,35,24,22,5,5,111,NA,125,124,14,12,5,6,0.3,0.5
2026-09-07T2000,1158A,118.730129,32.000956,南京市,奥体中心,,33,22,18,5,2,105,NA,128,123,12,15,8,8,0.3,0.3
2026-09-07T2000,1159A,118.9072,32.1047,南京市,仙林大学城,,27,27,23,9,5,77,NA,105,101,22,20,3,4,0.3,0.3
2026-09-07T2000,1163A,120.5974,31.3247,苏州市,轧钢厂,,25,21,26,9,11,79,NA,122,115,20,20,6,6,0.6,0.8
2026-09-07T2000,1164A,120.6329,31.2741,苏州市,吴中区,,24,23,25,8,9,76,NA,121,115,16,13,6,6,0.5,0.7
2026-09-07T2000,1165A,120.5566,31.3049,苏州市,苏州新区,,24,19,22,9,10,76,NA,128,119,17,15,6,8,0.4,0.6
2026-09-07T2000,1166A,120.668709,31.312523,苏州市,苏州工业园区,NA,NA,NA,NA,NA,NA,NA,NA,NA,NA,NA,NA,NA,NA,NA,NA
2026-09-07T2000,1167A,120.6408,31.3707,苏州市,相城区,,24,22,25,6,8,74,NA,120,114,17,11,8,9,0.6,0.8
2026-09-07T2000,1168A,120.9056,31.9669,南通市,狼山街道,,27,16,11,5,2,84,NA,97,94,6,4,4,4,0.5,0.5
2026-09-07T2000,1170A,120.8635,32.0231,南通市,城中,,25,18,15,6,2,80,NA,94,90,8,6,1,1,0.3,0.3
2026-09-07T2000,1171A,120.9376,31.9301,南通市,星湖花园,,25,9,10,4,3,80,NA,96,92,8,6,4,3,0.4,0.4
2026-09-07T2000,1172A,120.8053,32.046,南通市,紫琅学院,,24,13,8,7,3,76,NA,92,88,7,5,2,3,0.6,0.6
2026-09-07T2000,1173A,119.1759,34.5885,连云港市,市环境监测站,,31,19,17,7,8,99,NA,138,132,8,18,7,7,0.4,0.4
2026-09-07T2000,1180A,117.257,34.2161,徐州市,新城区,颗粒物(PM10),60,63,43,32,20,124,NA,162,159,16,12,10,10,0.8,0.7
2026-09-07T2000,1182A,117.2933,34.2796,徐州市,农科院,颗粒物(PM10),60,63,41,38,20,128,NA,157,155,24,16,9,10,0.9,0.9
2026-09-07T2000,1186A,119.3895,32.377,扬州市,邗江监测站,,32,22,17,7,6,101,NA,112,111,12,9,8,7,0.4,0.4
2026-09-07T2000,1188A,120.2693,31.4864,无锡市,雪浪,,29,29,24,7,6,77,NA,124,116,18,16,6,7,0.3,0.3
2026-09-07T2000,1189A,120.2761,31.621,无锡市,黄巷,,22,21,27,4,8,68,NA,97,92,22,26,8,9,1.0,1
2026-09-07T2000,1191A,120.2422,31.5037,无锡市,漆塘,,33,33,33,18,9,82,NA,126,118,14,12,8,7,0.7,0.7
2026-09-07T2000,1192A,120.3489,31.5865,无锡市,东亭,,22,17,17,7,6,68,NA,110,102,22,21,7,8,0.5,0.6
2026-09-07T2000,1193A,120.3538,31.5474,无锡市,旺庄,NA,NA,NA,21,NA,7,74,NA,123,115,20,13,6,7,0.7,0.8
2026-09-07T2000,1194A,120.2447,31.5633,无锡市,荣巷,,24,24,22,7,5,73,NA,114,106,21,17,8,7,0.7,0.7
2026-09-07T2000,1195A,120.2986,31.6816,无锡市,堰桥,,23,9,16,9,6,72,NA,108,100,16,15,7,6,0.7,0.7
2026-09-07T2000,1196A,119.9524,31.7586,常州市,市监测站,,23,9,13,9,4,73,NA,103,97,12,10,5,5,0.3,0.3
2026-09-07T2000,1200A,119.9351,31.703,常州市,武进监测站,,29,23,21,6,4,90,NA,121,115,12,14,7,7,0.3,0.3
2026-09-07T2000,1203A,119.6708,32.187,镇江市,新区办事处,,25,25,20,9,8,70,NA,108,99,37,26,3,5,0.4,0.4
2026-09-07T2000,1204A,119.497455,32.196732,镇江市,职教中心,,32,32,24,8,7,88,NA,108,103,18,12,3,5,0.3,0.3
2026-09-07T2000,1205A,119.43,32.1328,镇江市,丹徒区监测站,,26,21,19,10,7,82,NA,118,112,25,15,4,5,0.4,0.4
2026-09-07T2000,1206A,119.9042,32.488,泰州市,公园路,NA,NA,NA,11,NA,5,78,NA,102,99,7,6,8,9,NA,0.3
2026-09-07T2000,1207A,119.9189,32.4626,泰州市,莲花,,25,12,15,4,5,78,NA,99,96,5,5,8,10,0.4,0.3
2026-09-07T2000,1209A,119.8877,32.4636,泰州市,留学生创业园,,27,12,18,6,11,85,NA,105,103,5,7,7,8,0.5,0.5
2026-09-07T2000,1210A,119.0566,33.5991,淮安市,钵池山,,30,22,22,13,12,96,NA,124,121,12,13,5,6,0.5,0.4
2026-09-07T2000,1211A,119.0083,33.578,淮安市,北京南路,,34,34,25,16,11,100,NA,127,125,23,18,6,7,0.6,0.6
2026-09-07T2000,1212A,118.9938,33.6083,淮安市,市监测站,,36,19,15,12,11,113,NA,126,126,12,17,9,9,0.6,0.6
2026-09-07T2000,1213A,119.135,33.5038,淮安市,楚州区监测站,,28,24,17,12,10,89,NA,115,112,13,12,6,6,0.8,0.7
2026-09-07T2000,1216A,120.1554,33.3941,盐城市,市监测站,,25,17,14,3,4,80,NA,94,91,10,9,6,6,0.6,0.6
2026-09-07T2000,1218A,120.214332,33.37951,盐城市,开发区管委会,,24,14,17,6,7,75,NA,85,83,8,6,10,10,0.5,0.5
2026-09-07T2000,1220A,118.2924,33.933,宿迁市,宿迁学院,,48,48,31,25,15,119,NA,150,149,17,15,2,2,0.7,0.6
2026-09-07T2000,1221A,118.2321,33.9572,宿迁市,宿迁中学,,42,42,29,25,14,124,NA,141,141,16,17,5,5,0.5,0.6
2026-09-07T2000,1223A,120.2073,30.2111,杭州市,滨江,,40,32,27,14,12,127,NA,140,140,22,17,6,6,0.4,0.5
2026-09-07T2000,1224A,120.0625,30.2737,杭州市,西溪,,31,22,19,6,8,98,NA,124,123,12,10,4,4,0.6,0.4
2026-09-07T2000,1226A,120.3417,30.315,杭州市,下沙,,38,27,23,19,13,119,NA,133,133,21,16,6,6,0.7,0.7
2026-09-07T2000,1227A,120.1252,30.2465,杭州市,卧龙桥,,20,15,20,11,11,61,NA,128,118,22,11,6,6,0.3,0.4
2026-09-07T2000,1228A,120.1902,30.2691,杭州市,浙江农大,,35,35,25,15,11,109,NA,123,123,23,16,8,8,0.6,0.7
2026-09-07T2000,1230A,120.1195,30.3121,杭州市,和睦小学,,36,17,20,11,12,113,NA,128,128,16,11,6,7,0.5,0.6
2026-09-07T2000,1231A,120.3076,30.4146,杭州市,临平镇,,41,30,26,13,12,131,NA,138,138,15,12,7,7,0.6,0.6
2026-09-07T2000,1232A,120.2753,30.1839,杭州市,城厢镇,,37,14,22,11,10,116,NA,122,122,10,8,6,6,0.4,0.5
2026-09-07T2000,1233A,120.0883,30.1808,杭州市,云栖,,27,27,24,8,12,73,NA,121,115,19,12,6,6,0.6,0.6
2026-09-07T2000,1234A,121.8352,29.9111,宁波市,区环保大楼,,34,34,25,13,8,88,NA,118,116,22,16,6,6,0.4,0.4
2026-09-07T2000,1235A,121.5595,29.8208,宁波市,万里学院,,41,29,20,19,11,131,NA,141,141,14,10,6,6,0.6,0.5
2026-09-07T2000,1236A,121.713,29.9564,宁波市,龙赛医院,NA,NA,NA,23,NA,7,94,NA,124,121,8,9,7,8,0.4,0.4
2026-09-07T2000,1240A,121.5855,29.8635,宁波市,太古小学,,39,39,28,15,10,117,NA,128,128,10,9,5,5,0.6,0.6
2026-09-07T2000,1241A,121.5239,29.8673,宁波市,市环境监测中心,,40,NA,19,21,11,125,NA,141,141,13,10,5,5,0.9,0.8
2026-09-07T2000,1242A,120.6342,28.0088,温州市,瓯海,,32,30,33,19,21,102,NA,116,112,22,25,6,6,0.5,0.5
2026-09-07T2000,1243A,120.6747,27.9881,温州市,南浦,,42,42,34,26,19,107,NA,114,113,20,17,7,7,0.4,0.4
2026-09-07T2000,1244A,120.76,27.9745,温州市,龙湾,,37,27,38,10,15,116,NA,111,111,11,19,6,6,0.3,0.3
2026-09-07T2000,1247A,120.6053,29.9927,绍兴市,城东开发委,,43,33,27,15,13,135,NA,140,140,17,12,7,6,0.6,0.6
2026-09-07T2000,1250A,120.075,30.867,湖州市,城西水厂,,33,33,24,16,12,85,NA,138,134,56,22,7,7,0.4,0.5
2026-09-07T2000,1252A,120.7439,30.778,嘉兴市,清河小学,NA,NA,NA,30,NA,7,NA,NA,116,NA,NA,15,NA,5,NA,0.5
2026-09-07T2000,1253A,120.7261,30.7477,嘉兴市,嘉兴学院,,45,26,18,16,11,144,NA,153,153,14,14,5,5,0.5,0.5
2026-09-07T2000,1255A,121.2727,28.6461,台州市,黄岩环保大楼,,45,45,27,25,13,87,NA,121,118,24,10,/,/,/,/
2026-09-07T2000,1256A,121.4188,28.6545,台州市,台州环保大楼,,44,44,29,24,13,117,NA,122,122,8,8,/,/,0.6,0.6
2026-09-07T2000,1257A,121.3768,28.5772,台州市,路桥田洋王,,38,37,25,22,12,120,NA,126,126,9,8,6,6,0.7,0.6
2026-09-07T2000,1258A,122.1223,30.0203,舟山市,定海檀枫,,29,25,17,9,7,91,NA,106,104,6,6,7,7,0.6,0.6
2026-09-07T2000,1260A,122.1898,29.9945,舟山市,临城新区,,29,19,17,17,7,92,NA,108,105,11,9,6,6,0.6,0.5
2026-09-07T2000,1262A,119.6478,29.0773,金华市,十五中,,46,46,35,22,19,99,NA,143,133,29,17,6,4,0.5,0.5
2026-09-07T2000,1263A,119.6859,29.1032,金华市,监测站,颗粒物(PM10),56,58,35,29,16,84,NA,137,128,34,16,6,3,0.5,0.3
2026-09-07T2000,1264A,118.8694,28.94,衢州市,环保大楼,,49,49,32,29,18,97,NA,136,132,19,14,/,/,/,/
2026-09-07T2000,1266A,118.8622,28.9809,衢州市,衢州学院,颗粒物(PM10),63,67,29,40,19,71,NA,134,127,25,22,7,7,0.8,0.7
2026-09-07T2000,1267A,119.9141,28.4513,丽水市,监测站大楼,细颗粒物(PM2.5),62,NA,30,41,18,84,NA,121,118,21,17,6,6,0.7,0.6
2026-09-07T2000,1268A,119.93,28.4589,丽水市,莲都小学,,47,47,33,24,18,90,NA,130,127,19,14,/,/,/,/
2026-09-07T2000,1269A,119.8794,28.4232,丽水市,余庄前,,25,25,27,12,15,59,NA,129,117,10,11,5,5,0.5,0.5
2026-09-07T2000,1270A,117.1957,31.7845,合肥市,明珠广场,,36,36,27,22,11,114,NA,136,133,14,13,10,10,0.6,0.6
2026-09-07T2000,1271A,117.307,31.8765,合肥市,三里街,,41,41,27,26,12,111,NA,123,122,14,13,12,12,0.6,0.6
2026-09-07T2000,1272A,117.2587,31.8703,合肥市,琥珀山庄,,39,31,25,18,10,122,NA,130,130,13,12,6,6,0.5,0.5
2026-09-07T2000,1275A,117.2593,31.9376,合肥市,庐阳区,,44,44,32,29,15,116,NA,134,132,19,17,9,9,0.5,0.6
2026-09-07T2000,1276A,117.345251,31.861615,合肥市,瑶海区,,39,39,25,20,9,112,NA,125,123,11,9,3,4,0.5,0.5
2026-09-07T2000,1277A,117.3033,31.7967,合肥市,包河区,,41,41,29,20,11,79,NA,120,113,49,39,7,8,0.2,0.2
2026-09-07T2000,1278A,117.278,31.7392,合肥市,滨湖新区,,36,27,25,15,10,114,NA,138,136,10,13,8,8,0.7,0.6
2026-09-07T2000,1279A,117.1324,31.8395,合肥市,高新区,,41,41,31,24,13,118,NA,139,136,21,19,7,8,0.4,0.4
2026-09-07T2000,1282A,119.2681,26.0506,福州市,师大,,40,NA,29,19,13,128,NA,141,139,9,8,6,5,0.4,0.4
2026-09-07T2000,1283A,119.2983,26.1028,福州市,五四北路,,42,42,30,18,18,117,NA,136,134,13,12,5,5,0.4,0.3
2026-09-07T2000,1284A,119.2648,26.0769,福州市,杨桥西路,,39,39,32,14,14,122,NA,137,136,11,10,4,4,/,/
2026-09-07T2000,1287A,118.1519,24.4768,厦门市,洪文,,40,23,20,13,13,127,NA,128,128,7,11,3,3,0.3,0.3
2026-09-07T2000,1288A,118.0671,24.4447,厦门市,鼓浪屿,,47,20,20,11,14,148,NA,126,126,5,15,3,4,/,/
2026-09-07T2000,1291A,115.8887,28.7006,南昌市,省林业公司,,40,36,25,25,17,128,NA,146,145,7,6,7,9,0.4,0.4
2026-09-07T2000,1292A,115.813,28.7443,南昌市,林科所,,36,NA,17,13,13,115,NA,139,135,15,9,8,8,0.5,0.5
2026-09-07T2000,1294A,115.8518,28.687,南昌市,建工学校,,42,41,29,23,17,133,NA,138,138,12,12,10,10,0.6,0.6
2026-09-07T2000,1295A,115.8926,28.6425,南昌市,象湖,颗粒物(PM10),60,63,22,19,17,133,NA,133,133,13,12,10,10,0.6,0.5
2026-09-07T2000,1299A,116.9866,36.6118,济南市,科干所,,46,31,34,19,16,145,NA,167,165,16,19,8,8,0.4,0.3
2026-09-07T2000,1300A,116.9379,36.6652,济南市,农科所,NA,NA,NA,50,16,18,144,NA,170,170,18,32,6,7,0.3,0.3
2026-09-07T2000,1301A,117.1265,36.6736,济南市,开发区,颗粒物(PM10),55,56,41,19,15,142,NA,171,169,28,27,11,9,0.4,0.5
2026-09-07T2000,1303A,117.0616,36.6865,济南市,省种子仓库,颗粒物(PM10),51,51,46,16,11,135,NA,156,156,23,19,13,13,0.3,0.4
2026-09-07T2000,1304A,116.9495185,36.644937,济南市,机床二厂,,46,42,46,17,17,146,NA,165,164,17,22,10,9,0.3,0.3
2026-09-07T2000,1305A,117.0496,36.6629,济南市,市监测站,,49,49,46,17,16,137,NA,159,158,17,24,8,7,0.6,0.6
2026-09-07T2000,1306A,116.7674,36.5458,济南市,长清党校,,49,49,48,16,22,150,NA,163,163,14,21,5,6,0.3,0.3
2026-09-07T2000,1310A,120.404,36.0625,青岛市,市南区东部子站,,38,14,15,7,6,121,NA,128,127,9,13,7,7,0.4,0.3
2026-09-07T2000,1311A,120.362344,36.10282,青岛市,四方区子站,,39,12,16,8,6,123,NA,144,139,9,12,4,4,0.4,0.4
2026-09-07T2000,1312A,120.294373,36.054183,青岛市,市南区西部子站,,38,12,13,5,7,119,NA,133,130,6,14,7,7,0.5,0.4
2026-09-07T2000,1313A,120.4581,36.0858,青岛市,崂山区子站,,37,14,18,8,5,117,NA,129,128,10,8,8,8,0.4,0.4
2026-09-07T2000,1315A,120.3945,36.3083,青岛市,城阳区子站,,36,31,23,12,9,113,NA,147,142,19,14,5,5,0.3,0.3
2026-09-07T2000,1316A,113.6843,34.7622,郑州市,烟厂,颗粒物(PM10),55,56,66,33,37,163,NA,192,187,22,21,3,5,0.3,0.5
2026-09-07T2000,1318A,113.669,34.8034,郑州市,银行学校,臭氧1小时(O3_1h),60,60,65,39,40,168,NA,193,189,16,24,6,6,0.4,0.5
2026-09-07T2000,1319A,113.5612,34.8143,郑州市,供水公司,颗粒物(PM10),61,65,65,32,37,153,NA,184,177,20,26,9,8,0.8,0.8
2026-09-07T2000,1320A,113.7269,34.7187,郑州市,经开区管委,颗粒物(PM10),65,70,70,34,41,147,NA,198,187,22,37,3,4,0.6,0.8
2026-09-07T2000,1321A,113.7332,34.7727,郑州市,四十七中,颗粒物(PM10),55,57,65,29,40,146,NA,200,191,18,20,5,6,0.5,0.7
2026-09-07T2000,1323A,113.6361,34.7537,郑州市,河医大,细颗粒物(PM2.5),56,57,62,38,39,155,NA,184,178,18,17,6,6,0.5,0.5
2026-09-07T2000,1325A,114.3676,30.5584,武汉市,东湖梨园,颗粒物(PM10),51,51,33,25,23,146,NA,181,179,17,18,10,10,0.7,0.7
2026-09-07T2000,1326A,114.2527,30.5578,武汉市,汉阳月湖,颗粒物(PM10),51,51,38,34,25,142,NA,173,171,38,21,5,5,0.9,0.6
2026-09-07T2000,1327A,114.2819,30.6189,武汉市,汉口花桥,臭氧1小时(O3_1h),78,58,38,36,26,182,NA,203,203,17,15,9,8,0.6,0.3
2026-09-07T2000,1328A,114.3024,30.5332,武汉市,武昌紫阳,,50,50,43,25,23,115,NA,165,161,21,16,9,10,0.5,0.5
2026-09-07T2000,1329A,114.3646,30.6217,武汉市,青山钢花,颗粒物(PM10),59,62,42,38,25,145,NA,198,196,22,18,10,10,0.8,0.7
2026-09-07T2000,1330A,114.156697,30.482592,武汉市,沌口新区,臭氧1小时(O3_1h),64,49,33,30,23,171,NA,180,180,20,16,12,12,0.3,0.3
2026-09-07T2000,1331A,114.3013,30.5944,武汉市,汉口江滩,颗粒物(PM10),53,53,37,30,24,128,NA,193,188,51,20,5,5,0.6,0.5
2026-09-07T2000,1333A,114.1285,30.6339,武汉市,吴家山,臭氧1小时(O3_1h),67,49,32,34,24,173,NA,191,191,18,16,9,9,0.6,0.5
2026-09-07T2000,1335A,113.082,28.2421,长沙市,经开区环保局,细颗粒物(PM2.5),52,37,50,36,35,136,NA,192,189,18,22,5,6,0.7,0.6
2026-09-07T2000,1336A,112.8873,28.2202,长沙市,高开区环保局,,48,48,51,29,30,114,NA,168,163,14,16,4,5,0.8,0.8
2026-09-07T2000,1337A,113.0785,28.2012,长沙市,马坡岭,NA,NA,62,54,NA,37,181,NA,244,240,24,23,8,9,0.7,0.7
2026-09-07T2000,1338A,112.9448,28.1894,长沙市,湖南师范大学,,46,44,50,32,30,130,NA,175,170,12,14,10,10,0.5,0.5
2026-09-07T2000,1339A,113.0177,28.1322,长沙市,雨花区环保局,细颗粒物(PM2.5),60,49,50,40,33,166,NA,203,202,16,21,7,8,0.9,0.9
2026-09-07T2000,1340A,112.9795,28.2593,长沙市,伍家岭,,50,46,55,35,37,120,NA,170,165,19,25,4,5,0.5,0.5
2026-09-07T2000,1341A,113.002,28.1944,长沙市,火车新站,颗粒物(PM10),55,56,52,32,33,134,NA,184,181,16,17,6,6,0.8,0.8
2026-09-07T2000,1342A,112.9846,28.1177,长沙市,天心区环保局,颗粒物(PM10),53,53,53,33,34,158,NA,204,201,23,26,4,4,0.7,0.7
2026-09-07T2000,1343A,112.8906,28.1307,长沙市,湖南中医药大学,细颗粒物(PM2.5),72,49,51,46,33,112,NA,178,171,18,22,7,7,0.5,0.5
2026-09-07T2000,1345A,113.2346,23.1423,广州市,广雅中学,,50,50,46,29,26,95,NA,139,139,33,38,5,6,0.5,0.5
2026-09-07T2000,1346A,113.2611,23.105,广州市,市五中,,46,45,38,32,28,143,NA,157,157,22,35,4,5,/,/
2026-09-07T2000,1348A,113.3477,23.0916,广州市,广东商学院,细颗粒物(PM2.5),58,59,40,39,25,139,NA,128,128,34,40,5,5,0.8,0.7
2026-09-07T2000,1349A,113.4332,23.105,广州市,市八十六中,细颗粒物(PM2.5),62,53,35,41,26,167,NA,154,154,64,48,7,7,/,/
2026-09-07T2000,1350A,113.3506,22.9488,广州市,番禺中学,细颗粒物(PM2.5),60,50,45,40,30,165,NA,165,165,24,34,5,5,0.6,0.5
2026-09-07T2000,1351A,113.2147,23.3918,广州市,花都师范,,49,NA,36,34,25,103,NA,111,111,15,20,6,5,0.7,0.7
2026-09-07T2000,1352A,113.2599,23.1329,广州市,市监测站,,45,45,38,29,25,116,NA,147,147,26,33,1,2,/,/
2026-09-07T2000,1353A,113.5618,23.3119,广州市,九龙镇镇龙,,42,42,37,28,23,33,NA,86,80,38,21,8,8,0.5,0.5
2026-09-07T2000,1354A,113.2764,23.1544,广州市,麓湖,,33,31,34,23,22,95,NA,122,121,19,24,5,5,0.5,0.7
2026-09-07T2000,1356A,114.0948,22.5506,深圳市,通心岭子站,,38,38,28,26,18,113,NA,136,135,20,16,1,2,0.7,0.6
2026-09-07T2000,1357A,114.1153,22.5713,深圳市,洪湖,,43,43,32,25,18,90,NA,137,133,43,29,1,2,0.7,0.6
2026-09-07T2000,1358A,113.9823,22.5398,深圳市,华侨城,,50,38,29,27,21,159,NA,165,165,38,35,/,/,/,/
2026-09-07T2000,1359A,113.9181,22.517,深圳市,南海子站,细颗粒物(PM2.5),88,55,36,54,27,149,NA,206,206,51,43,1,1,0.9,0.8
2026-09-07T2000,1360A,114.2345,22.565,深圳市,盐田,,39,30,25,20,16,45,NA,96,84,78,26,8,7,0.8,0.8
2026-09-07T2000,1363A,114.4911,22.5381,深圳市,南澳,NA,NA,NA,30,23,15,130,NA,136,136,NA,13,/,/,/,/
2026-09-07T2000,1364A,114.41,22.6346,深圳市,葵涌,,33,31,28,22,16,103,NA,118,116,20,15,7,7,0.9,0.8
2026-09-07T2000,1365A,114.2967,22.5978,深圳市,梅沙,,29,29,25,16,14,90,NA,96,89,24,15,/,/,/,/
2026-09-07T2000,1366A,114.0563,22.7353,深圳市,观澜,颗粒物(PM10),58,61,43,35,25,140,NA,157,157,44,37,3,4,0.7,0.6
2026-09-07T2000,1367A,113.5811,22.2618,珠海市,吉大,,45,28,25,24,20,142,NA,177,177,31,15,8,7,0.9,0.8
2026-09-07T2000,1368A,113.4893,22.2323,珠海市,前山,NA,NA,NA,32,NA,22,135,NA,135,135,24,21,/,/,/,/
2026-09-07T2000,1369A,113.6284,22.4252,珠海市,唐家,臭氧1小时(O3_1h),60,32,26,25,28,168,NA,202,202,6,6,/,/,/,/
2026-09-07T2000,1370A,113.2986,22.2284,珠海市,斗门,,38,23,31,23,27,120,NA,147,146,12,14,8,8,0.9,0.8
2026-09-07T2000,1371A,113.1293,23.0065,佛山市,湾梁,,44,44,37,29,26,114,NA,159,159,23,30,/,/,/,/
2026-09-07T2000,1372A,113.1082,23.0477,佛山市,华材职中,,42,36,37,29,30,101,NA,155,152,23,27,9,9,0.6,0.6
2026-09-07T2000,1373A,113.1439,23.045,佛山市,南海气象局,,48,37,41,33,29,129,NA,143,143,28,29,/,/,/,/
2026-09-07T2000,1374A,113.2879,22.8094,佛山市,顺德苏岗,细颗粒物(PM2.5),54,53,40,37,33,148,NA,171,171,24,28,/,/,0.8,0.8
2026-09-07T2000,1376A,112.8384,22.8678,佛山市,高明孔堂,颗粒物(PM10),54,55,32,28,20,115,NA,157,157,12,15,/,/,/,/
2026-09-07T2000,1377A,112.8835,23.1584,佛山市,三水监测站,,42,34,32,29,23,89,NA,118,117,32,26,3,5,0.5,0.5
2026-09-07T2000,1378A,112.8668,23.185,佛山市,三水云东海,,41,41,36,22,21,70,NA,104,101,11,14,/,/,/,/
2026-09-07T2000,1379A,113.377,22.5211,中山市,华柏园,臭氧1小时(O3_1h),53,48,47,32,34,162,NA,191,190,18,22,/,/,/,/
2026-09-07T2000,1380A,113.3879,22.5499,中山市,张溪,臭氧1小时(O3_1h),74,51,53,30,35,179,NA,191,191,20,27,/,/,/,/
2026-09-07T2000,1381A,113.4071,22.5111,中山市,紫马岭,细颗粒物(PM2.5),52,47,42,36,31,137,NA,192,191,22,17,8,9,0.7,0.6
2026-09-07T2000,1383A,113.1063,22.6058,江门市,北街,细颗粒物(PM2.5),60,49,40,40,28,147,NA,181,181,20,19,/,/,/,/
2026-09-07T2000,1384A,113.073,22.5835,江门市,西区,颗粒物(PM10),57,59,35,33,29,139,NA,168,168,23,26,/,/,/,/
2026-09-07T2000,1385A,113.0218,22.531,江门市,圭峰西,,49,49,36,28,26,117,NA,145,145,22,15,/,/,/,/
2026-09-07T2000,1390A,113.7943,23.0132,东莞市,东城石井,,32,30,40,22,30,72,NA,107,107,16,24,5,6,0.9,0.9
2026-09-07T2000,1391A,113.7384,22.9659,东莞市,南城西平,,40,32,40,26,37,125,NA,126,126,20,26,5,6,0.8,0.9
2026-09-07T2000,1392A,114.4181,23.0528,惠州市,河南岸金山湖子站,,38,38,39,23,24,83,NA,108,106,16,18,7,8,0.8,0.8
2026-09-07T2000,1393A,114.4055,23.0824,惠州市,下埔横江三路子站,,35,35,43,22,25,98,NA,116,116,11,16,5,6,0.6,0.6
2026-09-07T2000,1395A,114.4645,22.7832,惠州市,惠阳区承修路船湖子站,,44,44,42,26,26,106,NA,125,125,17,13,2,3,1.0,0.9
2026-09-07T2000,1396A,114.5316,22.7423,惠州市,大亚湾管委会子站,,46,46,35,28,23,88,NA,107,107,26,19,6,7,0.9,0.8
2026-09-07T2000,1397A,112.426,23.062,肇庆市,睦岗子站,颗粒物(PM10),55,56,25,33,17,63,NA,105,105,38,14,7,7,/,/
2026-09-07T2000,1398A,112.4645,23.0476,肇庆市,城中子站,,48,38,23,33,17,96,NA,121,121,27,23,12,9,0.9,0.8
2026-09-07T2000,1399A,112.5545,23.1525,肇庆市,坑口子站,细颗粒物(PM2.5),52,37,26,36,17,80,NA,118,118,6,7,6,6,0.6,0.6
2026-09-07T2000,1401A,108.3098,22.788,南宁市,二十一中,,48,39,38,33,25,95,NA,133,131,21,24,4,9,1.0,1
2026-09-07T2000,1402A,108.3135,22.8529,南宁市,北湖,细颗粒物(PM2.5),74,47,44,47,32,72,NA,127,122,32,24,5,9,0.9,0.8
2026-09-07T2000,1403A,108.3205,22.8222,南宁市,市监测站,,40,28,39,28,24,81,NA,126,122,29,22,5,8,0.8,0.8
2026-09-07T2000,1404A,108.3828,22.8038,南宁市,大自然花园,,40,38,32,28,23,72,NA,113,110,20,20,4,8,0.8,0.7
2026-09-07T2000,1406A,108.2397,22.8462,南宁市,区农职院,细颗粒物(PM2.5),68,58,44,44,28,92,NA,161,158,23,15,17,9,0.7,0.8
2026-09-07T2000,1407A,108.3285,22.7356,南宁市,英华嘉园,细颗粒物(PM2.5),66,52,44,43,22,73,NA,124,120,29,20,5,9,0.9,0.7
2026-09-07T2000,1410A,110.3189,20.0596,海口市,海南大学,,28,18,18,12,12,89,NA,94,93,4,6,6,6,0.4,0.5
2026-09-07T2000,1411A,110.2827,20.0051,海口市,秀英海南医院,,25,17,16,14,14,77,NA,93,90,6,9,6,6,0.3,0.4
2026-09-07T2000,1412A,110.3391,19.9979,海口市,海南师范大学,,25,17,20,15,14,77,NA,96,91,5,5,3,3,0.6,0.5
2026-09-07T2000,1413A,110.3303,20.0359,海口市,龙华路环保局宿舍,,27,16,18,14,13,84,NA,96,93,6,5,/,/,0.4,0.4
2026-09-07T2000,1416A,106.4216,29.8256,重庆市,天生,,38,35,31,26,17,108,NA,137,135,14,18,11,10,0.7,0.7
2026-09-07T2000,1417A,106.6264,29.7226,重庆市,两路,,41,41,37,20,15,108,NA,117,117,16,20,5,6,0.6,0.5
2026-09-07T2000,1419A,106.5778,29.5103,重庆市,南坪,,34,34,29,17,11,104,NA,106,106,15,12,7,6,0.2,0.2
2026-09-07T2000,1420A,106.6556,29.6277,重庆市,唐家沱,,38,35,27,16,12,120,NA,101,101,9,13,14,14,0.6,0.5
2026-09-07T2000,1431A,103.9727,30.7242,成都市,金泉两河,细颗粒物(PM2.5),62,58,52,41,40,139,NA,142,142,14,15,3,4,0.7,0.6
2026-09-07T2000,1432A,104.1423,30.6765,成都市,十里店,颗粒物(PM10),53,53,67,36,48,106,NA,143,143,9,19,6,6,0.8,0.9
2026-09-07T2000,1433A,104.0594,30.5765,成都市,三瓦窑,颗粒物(PM10),69,76,64,24,45,121,NA,158,158,13,21,6,7,0.6,0.7
2026-09-07T2000,1434A,104.1122,30.6306,成都市,沙河铺,NA,NA,62,55,28,47,97,NA,141,135,21,24,7,8,NA,0.7
2026-09-07T2000,1439A,106.6863,26.6035,贵阳市,马鞍山,NA,NA,NA,19,NA,12,67,NA,88,83,NA,8,NA,3,/,/
2026-09-07T2000,1441A,106.6241,26.6266,贵阳市,鉴湖路,,31,31,36,18,16,71,NA,91,86,9,7,9,11,0.6,0.6
2026-09-07T2000,1442A,106.7468,26.6344,贵阳市,燕子冲,NA,NA,NA,27,12,12,59,NA,88,81,14,13,5,6,0.6,0.6
2026-09-07T2000,1443A,106.6556,26.4362,贵阳市,碧云窝,,34,34,39,14,18,63,NA,79,76,8,8,9,12,/,/
2026-09-07T2000,1445A,106.6963,26.6063,贵阳市,红边门,,22,22,25,14,15,53,NA,77,70,16,12,4,6,/,/
2026-09-07T2000,1446A,106.7162383,26.56964667,贵阳市,新华路,,34,34,35,11,14,58,NA,81,76,14,14,5,7,0.6,0.6
2026-09-07T2000,1447A,106.6742,26.542,贵阳市,太慈桥,,29,29,29,15,16,69,NA,86,82,9,10,5,5,/,/
2026-09-07T2000,1450A,102.8203,24.889,昆明市,呈贡新区,,38,31,22,26,18,96,NA,105,105,12,11,2,4,0.4,0.5
2026-09-07T2000,1452A,102.7253,25.0904,昆明市,龙泉镇,,43,43,29,29,19,89,NA,112,112,18,15,8,8,0.4,0.4
2026-09-07T2000,1453A,102.7267,25.0378,昆明市,东风东路,NA,NA,NA,30,29,20,93,NA,110,110,NA,19,4,5,NA,0.4
2026-09-07T2000,1454A,102.6744,25.0671,昆明市,金鼎山,,37,37,30,25,18,103,NA,109,109,15,13,4,5,0.3,0.3
2026-09-07T2000,1455A,102.6643,25.0401,昆明市,碧鸡广场,NA,NA,34,29,NA,18,91,NA,102,102,NA,10,6,7,0.5,0.5
2026-09-07T2000,1456A,91.132,29.6515,拉萨市,八廓街,,21,8,7,6,6,66,NA,79,79,17,9,9,8,0.3,0.2
2026-09-07T2000,1457A,91.1221,29.6748,拉萨市,市环保局,,17,12,8,6,5,54,NA,77,75,17,9,8,8,0.3,0.2
2026-09-07T2000,1458A,91.0874,29.6476,拉萨市,区监测站,,21,15,8,8,6,66,NA,80,80,17,12,8,7,0.3,0.2
2026-09-07T2000,1459A,91.1774,29.6541,拉萨市,西藏大学,,23,6,7,6,5,71,NA,82,82,13,10,6,6,0.3,0.2
2026-09-07T2000,1460A,90.9798,29.6586,拉萨市,区辐射站,,23,23,8,12,7,55,NA,73,73,24,19,7,9,0.3,0.2
2026-09-07T2000,1461A,91.0831,29.6292,拉萨市,拉萨火车站,,20,14,8,5,6,61,NA,76,76,20,12,8,7,0.4,0.3
2026-09-07T2000,1463A,108.9931,34.2629,西安市,兴庆小区,细颗粒物(PM2.5),68,67,66,44,43,173,NA,196,196,24,16,6,7,0.8,0.7
2026-09-07T2000,1464A,109.0595,34.2569,西安市,纺织城,颗粒物(PM10),73,81,72,46,46,151,NA,178,178,23,27,4,4,0.9,0.8
2026-09-07T2000,1465A,108.9377,34.2178,西安市,小寨,细颗粒物(PM2.5),100,101,71,60,45,158,NA,188,188,18,18,4,4,0.9,0.8
2026-09-07T2000,1466A,108.9522,34.2739,西安市,市人民体育场,细颗粒物(PM2.5),102,78,69,62,42,193,NA,207,207,22,19,6,6,0.9,0.8
2026-09-07T2000,1467A,108.8923,34.2322,西安市,高新西区,NA,NA,104,76,59,44,163,NA,203,203,NA,16,7,7,0.6,0.6
2026-09-07T2000,1468A,108.9386,34.3446,西安市,经开区,细颗粒物(PM2.5),76,80,72,48,42,159,NA,176,176,13,10,4,5,0.8,0.7
2026-09-07T2000,1469A,108.894,34.1557,西安市,长安区,细颗粒物(PM2.5),105,93,78,65,46,143,NA,180,180,23,23,4,4,0.9,0.8
2026-09-07T2000,1471A,109.213,34.3748,西安市,临潼区,细颗粒物(PM2.5),88,92,71,54,49,144,NA,170,170,16,15,5,5,1.0,0.9
2026-09-07T2000,1474A,109.0508,34.321,西安市,广运潭,细颗粒物(PM2.5),72,76,74,46,46,150,NA,168,168,16,15,7,8,0.9,0.7
2026-09-07T2000,1479A,103.8309,36.0467,兰州市,铁路设计院,,23,22,24,16,13,51,NA,75,57,21,19,3,2,0.6,0.6
2026-09-07T2000,1489A,106.1361,38.5039,银川市,学院路,,16,16,40,4,20,39,NA,72,42,11,16,3,4,0.3,0.6
2026-09-07T2000,1490A,87.5796,43.8299,乌鲁木齐市,监测站,,37,37,37,1,11,113,NA,108,108,15,25,4,3,0.4,0.5
2026-09-07T2000,1491A,87.6044,43.7679,乌鲁木齐市,收费所,,40,40,39,10,12,110,NA,110,110,18,31,2,2,0.4,0.3
2026-09-07T2000,1493A,87.5529,43.8704,乌鲁木齐市,铁路局,,38,38,43,3,13,110,NA,107,107,15,29,8,7,0.4,0.5
2026-09-07T2000,1494A,87.6408,43.8258,乌鲁木齐市,三十一中学,,38,38,41,15,12,108,NA,108,108,11,22,7,6,0.6,0.7
2026-09-07T2000,1496A,87.7218,44.1747,乌鲁木齐市,米东区环保局,,36,21,61,16,14,114,NA,109,109,1,19,9,10,0.2,0.4
2026-09-07T2000,1508A,112.9508,27.8626,湘潭市,板塘,,48,48,48,31,32,138,NA,167,160,10,14,9,9,0.6,0.5
2026-09-07T2000,1511A,112.9114,27.8404,湘潭市,市监测站,细颗粒物(PM2.5),52,42,33,36,33,122,NA,155,150,14,13,5,4,0.5,0.6
2026-09-07T2000,1512A,112.8935,27.8729,湘潭市,江麓,细颗粒物(PM2.5),56,55,46,38,31,112,NA,154,149,12,12,6,6,0.4,0.4
2026-09-07T2000,1513A,112.9227,27.8159,湘潭市,岳塘,颗粒物(PM10),55,56,51,30,31,126,NA,165,160,13,13,9,10,0.4,0.6
2026-09-07T2000,1514A,112.9073,27.9118,湘潭市,科大,颗粒物(PM10),55,57,49,33,31,111,NA,161,154,14,12,7,8,0.5,0.4
2026-09-07T2000,1515A,113.1265,27.8306,株洲市,天台山庄,细颗粒物(PM2.5),56,56,47,38,32,137,NA,180,177,28,19,3,3,0.9,0.7
2026-09-07T2000,1518A,113.0937,27.8919,株洲市,株冶医院,"颗粒物(PM10),细颗粒物(PM2.5)",60,63,45,40,29,95,NA,170,162,28,19,5,5,1.0,0.8
2026-09-07T2000,1519A,113.1709,27.8661,株洲市,市四中,细颗粒物(PM2.5),74,76,57,47,39,108,NA,191,184,38,26,6,6,1.0,0.9
2026-09-07T2000,1520A,113.1515,27.8265,株洲市,火车站,细颗粒物(PM2.5),107,84,54,67,38,128,NA,189,184,36,24,13,11,1.4,0.9
2026-09-07T2000,1524A,113.1329,27.8491,株洲市,市监测站,颗粒物(PM10),54,55,49,36,34,162,NA,189,186,25,23,9,9,0.7,0.6
2026-09-07T2000,1562A,113.0048,27.9153,湘潭市,昭山,颗粒物(PM10),60,63,50,38,29,53,NA,156,144,50,21,7,8,0.8,0.7
2026-09-07T2000,1585A,109.8761,40.6533,包头市,市环境监测站,,14,14,21,4,8,42,NA,61,49,14,10,3,4,0.4,0.3
2026-09-07T2000,1587A,109.9992,40.5843,包头市,包头八中,,14,13,25,4,8,44,NA,63,48,16,14,2,4,0.2,0.3
2026-09-07T2000,1589A,109.8641,40.6288,包头市,惠龙物流,,14,NA,16,7,8,44,NA,59,47,12,11,2,4,0.4,0.4
2026-09-07T2000,1590A,110.0376,40.5546,包头市,东河鸿龙湾,,18,NA,25,12,16,40,NA,49,48,20,20,10,11,0.6,0.7
2026-09-07T2000,1591A,110.0024,39.8127,鄂尔多斯市,综合楼,NA,NA,NA,43,6,20,60,NA,75,72,10,27,2,5,0.3,0.5
2026-09-07T2000,1592A,109.9485,39.8259,鄂尔多斯市,巴音孟克林场办事处,,19,7,35,7,20,58,NA,75,72,13,24,5,6,0.3,0.5
2026-09-07T2000,1593A,109.7734,39.5987,鄂尔多斯市,康泽苑,,19,NA,34,12,19,58,NA,77,76,9,17,9,10,0.3,0.4
2026-09-07T2000,1594A,109.8121,39.5987,鄂尔多斯市,华泰汽车城,,16,12,34,6,20,51,NA,65,64,9,21,4,5,0.5,0.6
2026-09-07T2000,1595A,109.9734,39.7884,鄂尔多斯市,奥林花园,,19,14,37,8,19,60,NA,75,72,8,19,2,4,0.5,0.6
2026-09-07T2000,1597A,122.2704,40.7093,营口市,大庆路,,23,23,36,7,14,53,NA,46,42,11,18,6,8,0.6,0.8
2026-09-07T2000,1598A,122.215,40.6511,营口市,镜湖西路,,20,20,30,3,8,44,NA,46,36,12,19,3,4,0.4,0.5
2026-09-07T2000,1599A,122.1667,40.665,营口市,西炮台,,21,21,25,6,9,48,NA,48,39,11,12,4,5,0.3,0.3
2026-09-07T2000,1600A,124.33,40.0625,丹东市,江湾东路,颗粒物(PM10),53,54,36,30,16,70,NA,93,91,16,15,4,6,0.9,0.7
2026-09-07T2000,1601A,124.4242,40.1513,丹东市,临江后街,颗粒物(PM10),57,59,33,38,17,60,NA,83,80,16,12,2,3,1.0,0.8
2026-09-07T2000,1602A,124.3935,40.1461,丹东市,元宝山,细颗粒物(PM2.5),54,50,30,37,14,56,NA,80,78,10,10,6,7,0.9,0.7
2026-09-07T2000,1603A,124.3634,40.1093,丹东市,民主桥,细颗粒物(PM2.5),64,49,31,42,15,58,NA,81,78,12,16,6,7,0.7,0.4
2026-09-07T2000,1604A,122.0303,41.1489,盘锦市,开发区,,18,18,20,10,6,51,NA,69,53,7,10,4,4,0.4,0.4
2026-09-07T2000,1605A,122.0486,41.0883,盘锦市,兴隆台,,21,21,23,8,9,47,NA,58,48,9,19,3,4,0.5,0.5
2026-09-07T2000,1606A,121.8297,41.1026,盘锦市,新生街道,,16,16,16,9,6,48,NA,54,54,12,14,4,5,0.5,0.5
2026-09-07T2000,1607A,120.904878,40.721091,葫芦岛市,龙港区,NA,NA,23,24,9,11,55,NA,90,66,NA,12,7,7,0.2,0.1
2026-09-07T2000,1608A,120.8382,40.7521,葫芦岛市,化工街,,31,31,36,7,14,54,NA,64,64,9,15,6,5,0.2,0.3
2026-09-07T2000,1609A,120.8339,40.7078,葫芦岛市,新区,,22,17,21,15,11,58,NA,68,68,10,10,8,6,0.4,0.3
2026-09-07T2000,1610A,120.8697,40.7679,葫芦岛市,东城区,,20,20,25,10,17,61,NA,72,72,8,16,8,7,0.5,0.5
2026-09-07T2000,1611A,118.5818,24.9116,泉州市,涂山街,,39,24,29,17,17,123,NA,142,139,11,9,2,3,0.5,0.5
2026-09-07T2000,1612A,118.597,24.8976,泉州市,津头埔,,37,31,30,16,16,118,NA,135,133,10,10,2,2,0.5,0.5
2026-09-07T2000,1613A,118.6669,24.9422,泉州市,万安,,40,31,30,13,14,125,NA,135,134,6,9,4,4,0.5,0.5
2026-09-07T2000,1618A,118.3429,35.0532,临沂市,沂河小区,颗粒物(PM10),55,56,41,24,15,155,NA,190,190,18,17,9,12,0.4,0.3
2026-09-07T2000,1619A,118.2962,35.0568,临沂市,鲁南制药厂,臭氧1小时(O3_1h),72,66,39,38,17,177,NA,199,199,21,17,11,13,0.7,0.6
2026-09-07T2000,1620A,118.2793,34.9976,临沂市,新光毛纺厂,臭氧1小时(O3_1h),64,63,35,38,19,171,NA,194,194,27,25,14,14,0.7,0.6
2026-09-07T2000,1621A,118.3955,35.0889,临沂市,河东保险公司,颗粒物(PM10),51,51,38,24,16,143,NA,206,203,27,21,9,10,0.6,0.6
2026-09-07T2000,1622A,116.3034,37.4675,德州市,儿童乐园,,46,46,41,14,19,122,NA,155,148,14,17,12,13,0.5,0.5
2026-09-07T2000,1624A,116.2992,37.4449,德州市,监理站,,41,41,38,15,16,130,NA,164,161,14,15,14,16,0.5,0.5
2026-09-07T2000,1625A,115.9789,36.4372,聊城市,区政府,,45,38,61,9,31,143,NA,193,187,11,21,8,10,0.4,0.6
2026-09-07T2000,1629A,117.9961,37.3604,滨州市,第二水厂,,32,22,24,4,7,101,NA,132,130,12,16,7,9,0.5,0.6
2026-09-07T2000,1630A,117.9789,37.3931,滨州市,北中新校,,34,19,25,4,9,106,NA,134,131,10,17,9,11,0.7,0.8
2026-09-07T2000,1631A,118.0413,36.8101,淄博市,人民公园,,39,39,48,13,17,108,NA,150,146,13,23,6,9,0.2,0.4
2026-09-07T2000,1633A,117.8524,36.4848,淄博市,双山,,40,40,37,15,16,120,NA,170,166,19,22,11,12,0.6,0.6
2026-09-07T2000,1634A,117.9595,36.6332,淄博市,气象站,,39,39,50,9,14,97,NA,152,150,20,25,10,13,0.5,0.5
2026-09-07T2000,1637A,117.5628,34.8379,枣庄市,市中区政府,臭氧1小时(O3_1h),77,80,60,41,30,181,NA,195,195,16,16,7,11,0.5,0.4
2026-09-07T2000,1638A,117.2855,34.7838,枣庄市,薛城环保局,细颗粒物(PM2.5),78,83,60,49,29,165,NA,190,190,22,20,7,6,0.7,0.6
2026-09-07T2000,1639A,117.5854,34.7744,枣庄市,峄城区政府,颗粒物(PM10),68,75,64,41,28,158,NA,194,194,14,13,8,10,0.5,0.4
2026-09-07T2000,1641A,117.4516,35.0992,枣庄市,山亭区环保局,细颗粒物(PM2.5),80,78,46,50,23,174,NA,193,193,16,12,8,8,1.1,0.9
2026-09-07T2000,1642A,121.2517,37.564,烟台市,开发区,,35,22,22,4,8,111,NA,113,113,7,18,7,7,0.5,0.5
2026-09-07T2000,1644A,121.3181,37.5436,烟台市,西郊化工站,,32,22,20,6,6,102,NA,108,108,12,18,7,10,0.6,0.6
2026-09-07T2000,1645A,121.4419,37.4858,烟台市,莱山环保局,,32,7,9,7,6,100,NA,111,111,7,12,2,3,0.3,0.3
2026-09-07T2000,1646A,121.2619,37.4965,烟台市,福山环保局,,33,19,31,6,9,104,NA,109,109,6,15,3,3,0.3,0.3
2026-09-07T2000,1650A,119.1436,36.7022,潍坊市,环保局,,34,24,37,4,15,108,NA,155,148,11,22,4,5,0.5,0.6
2026-09-07T2000,1653A,116.6229,35.4288,济宁市,火炬城,臭氧1小时(O3_1h),69,50,58,28,30,175,NA,206,202,12,14,3,4,0.4,0.5
2026-09-07T2000,1656A,117.1436,36.1938,泰安市,监测站,臭氧1小时(O3_1h),80,46,46,23,23,184,NA,191,191,12,12,11,9,0.4,0.4
2026-09-07T2000,1657A,117.0905,36.2002,泰安市,人口学校,臭氧1小时(O3_1h),60,53,50,26,23,168,NA,171,171,12,14,14,11,0.5,0.5
2026-09-07T2000,1658A,117.0992,36.1757,泰安市,电力学校,臭氧1小时(O3_1h),87,51,49,22,23,189,NA,191,191,9,15,10,8,0.3,0.4
2026-09-07T2000,1659A,119.4711,35.421,日照市,监测站,,31,19,18,8,10,99,NA,131,124,15,35,9,9,0.3,0.4
2026-09-07T2000,1660A,119.523,35.4216,日照市,市政府广场,,34,12,16,6,7,106,NA,131,129,8,18,4,5,0.4,0.4
2026-09-07T2000,1661A,119.5511,35.4113,日照市,港务局,,36,12,16,2,4,113,NA,132,128,4,16,5,5,0.4,0.5
2026-09-07T2000,1662A,122.121,37.4231,威海市,华夏技校,,27,12,11,6,7,84,NA,103,101,15,12,/,/,0.3,0.3
2026-09-07T2000,1663A,122.0508,37.5236,威海市,山大分校,,25,5,14,3,9,80,NA,106,104,7,10,/,/,/,/
2026-09-07T2000,1664A,122.1067,37.5067,威海市,市监测站,,25,10,15,4,7,80,NA,106,104,8,10,4,5,0.3,0.4
2026-09-07T2000,1666A,118.6612,37.4313,东营市,市环保局,,32,17,15,2,7,102,NA,124,122,4,9,4,4,0.3,0.3
2026-09-07T2000,1669A,113.5821,24.7733,韶关市,市八中,,43,43,36,25,21,54,NA,94,88,20,9,8,9,0.9,0.7
2026-09-07T2000,1671A,113.5916,24.7973,韶关市,园林处,,46,44,32,32,24,66,NA,96,92,16,11,26,14,/,/
2026-09-07T2000,1673A,113.5971,24.6864,韶关市,曲江监测站,,44,44,37,28,24,40,NA,94,85,21,14,10,12,0.7,0.6
2026-09-07T2000,1674A,116.6795,23.3666,汕头市,金平子站,,30,12,17,9,12,93,NA,100,100,8,10,4,4,0.6,0.6
2026-09-07T2000,1675A,116.7248,23.3632,汕头市,龙湖子站,,27,23,25,11,13,84,NA,93,92,10,9,6,6,/,/
2026-09-07T2000,1676A,116.7257,23.2774,汕头市,濠江子站,NA,NA,25,24,8,14,92,NA,98,98,NA,9,6,6,/,/
2026-09-07T2000,1677A,116.7518,23.4712,汕头市,澄海子站,,23,14,25,9,15,73,NA,93,89,10,10,4,4,0.7,0.7
2026-09-07T2000,1678A,116.6088,23.2539,汕头市,潮阳子站,,27,27,24,10,14,80,NA,90,90,10,8,7,7,0.3,0.4
2026-09-07T2000,1680A,110.3648,21.2697,湛江市,湛江影剧院,,27,21,27,14,21,85,NA,106,105,12,9,6,12,0.5,0.5
2026-09-07T2000,1681A,110.3907,21.2279,湛江市,市环境监测站,,25,14,23,11,18,79,NA,102,100,7,7,4,8,0.4,0.5
2026-09-07T2000,1682A,110.3936,21.1943,湛江市,环保局宿舍,,28,19,24,11,19,89,NA,107,105,8,10,7,10,/,/
2026-09-07T2000,1683A,110.4138,21.2033,湛江市,霞山游泳场,,27,11,22,10,18,86,NA,100,97,7,9,6,10,/,/
2026-09-07T2000,1685A,110.4512,21.239,湛江市,坡头区环保局,,27,18,22,13,16,85,NA,108,106,5,8,5,8,0.5,0.5
2026-09-07T2000,1686A,111.0285,21.469,茂名市,电白南海,NA,NA,NA,20,14,12,106,NA,106,106,10,6,NA,4,0.5,0.5
2026-09-07T2000,1687A,110.9294,21.6533,茂名市,茂石化七小,,43,NA,20,30,17,93,NA,85,85,10,9,6,8,0.7,0.6
2026-09-07T2000,1688A,110.9108,21.6688,茂名市,健康路,,38,NA,16,26,15,99,NA,92,92,10,6,7,9,0.7,0.6
2026-09-07T2000,1689A,110.8592,21.6826,茂名市,高岭,,42,NA,24,29,18,95,NA,91,91,12,12,6,9,/,/
2026-09-07T2000,1690A,116.1248,24.3307,梅州市,梅江月梅,,39,39,30,27,18,51,NA,85,80,12,10,/,/,/,/
2026-09-07T2000,1691A,116.0798,24.2719,梅州市,梅县新城,,49,NA,27,34,18,57,NA,91,87,20,13,10,9,0.8,0.7
2026-09-07T2000,1693A,115.3653,22.7751,汕尾市,市环保局,,44,NA,26,19,21,140,NA,142,142,13,12,6,6,0.5,0.5
2026-09-07T2000,1695A,115.362,22.7926,汕尾市,新城中学,,44,27,29,18,21,140,NA,139,139,11,10,8,7,0.8,0.8
2026-09-07T2000,1697A,114.6962,23.7538,河源市,东埔,,46,43,28,32,21,67,NA,94,91,13,14,6,6,0.7,0.7
2026-09-07T2000,1698A,114.6895,23.7232,河源市,老城,,44,44,30,28,20,48,NA,92,87,14,13,6,7,0.8,0.8
2026-09-07T2000,1701A,111.9491,21.8658,阳江市,马南垌,,25,22,16,12,15,79,NA,93,93,6,8,6,7,0.7,0.7
2026-09-07T2000,1703A,113.0218,23.7086,清远市,凤城街办,,36,36,27,23,15,91,NA,116,116,10,7,/,/,/,/
2026-09-07T2000,1708A,116.3701,23.5345,揭阳市,新兴,,27,27,35,13,20,61,NA,101,97,19,15,12,8,0.8,0.9
2026-09-07T2000,1709A,116.3261,23.5442,揭阳市,西马,,34,34,37,12,20,62,NA,106,101,14,12,5,5,0.7,0.8
2026-09-07T2000,1710A,116.361,23.5627,揭阳市,东兴,,22,22,34,13,20,69,NA,107,103,13,16,5,8,/,/
2026-09-07T2000,1711A,116.4151,23.5295,揭阳市,渔湖,,25,25,37,12,22,70,NA,102,99,8,14,4,6,/,/
2026-09-07T2000,1714A,112.0281,22.9738,云浮市,牧羊,,30,NA,31,21,13,68,NA,84,84,14,15,9,9,0.7,0.7
2026-09-07T2000,1715A,102.575,24.371,玉溪市,东风水库,,36,36,21,20,14,88,NA,96,96,8,8,6,8,0.5,0.6
2026-09-07T2000,1723A,113.2926,40.0759,大同市,云冈宾馆,,15,14,40,8,13,45,NA,70,52,10,25,6,9,0.5,0.6
2026-09-07T2000,1724A,113.3437,40.0921,大同市,大同大学,,15,11,43,10,12,41,NA,64,47,12,21,5,10,0.4,0.5
2026-09-07T2000,1725A,113.2637,40.129,大同市,安家小村,,15,8,26,6,9,48,NA,76,55,6,13,3,5,0.5,0.6
2026-09-07T2000,1727A,113.1146,36.1547,长治市,清华站,,44,41,47,22,27,140,NA,171,163,6,11,14,10,0.7,0.7
2026-09-07T2000,1730A,113.0887,36.2126,长治市,审计局,,44,37,44,30,28,138,NA,173,165,11,16,12,13,0.8,0.9
2026-09-07T2000,1731A,113.0845,36.1856,长治市,长治八中,,47,43,52,26,28,148,NA,175,167,10,16,12,12,0.7,0.9
2026-09-07T2000,1733A,111.5552,36.0791,临汾市,临钢医院,颗粒物(PM10),104,128,77,47,29,138,NA,177,173,22,17,17,8,1.1,0.7
2026-09-07T2000,1734A,111.4984,36.0734,临汾市,技工学校,颗粒物(PM10),86,100,74,48,37,129,NA,170,167,20,18,12,6,1.1,0.8
2026-09-07T2000,1736A,111.5017,36.0857,临汾市,市委,颗粒物(PM10),84,97,75,48,33,133,NA,176,173,18,15,13,10,0.9,0.6
2026-09-07T2000,1739A,113.4894,37.8717,阳泉市,赛鱼,细颗粒物(PM2.5),78,68,64,49,34,102,NA,93,93,18,56,8,9,0.9,0.7
2026-09-07T2000,1740A,113.582,37.8473,阳泉市,南庄,细颗粒物(PM2.5),70,70,79,45,37,134,NA,123,123,21,33,13,17,1.2,1.1
2026-09-07T2000,1742A,113.5616,37.8706,阳泉市,平坦,细颗粒物(PM2.5),74,76,80,47,39,125,NA,121,121,20,45,13,15,1.2,1.1
2026-09-07T2000,1743A,113.5115,37.8391,阳泉市,大阳泉,颗粒物(PM10),56,58,48,30,32,119,NA,124,97,12,16,5,7,0.8,0.8
2026-09-07T2000,1744A,118.9229,42.2816,赤峰市,松山一中,,45,45,22,21,13,46,NA,88,57,16,9,8,10,0.6,0.5
2026-09-07T2000,1745A,118.9588,42.2733,赤峰市,哈达街,,20,NA,18,14,11,47,NA,84,52,14,10,9,10,0.5,0.5
2026-09-07T2000,1746A,118.8792,42.2551,赤峰市,天义路,,13,6,13,3,9,39,NA,76,43,15,11,4,7,0.6,0.6
2026-09-07T2000,1748A,123.0441,41.1201,鞍山市,深沟寺,,21,21,28,7,13,41,NA,60,37,11,12,6,6,0.5,0.8
2026-09-07T2000,1749A,123.011,41.0931,鞍山市,太阳城,,27,27,43,8,16,48,NA,56,37,9,14,6,7,0.9,1
2026-09-07T2000,1750A,123.0483,41.1445,鞍山市,太平,,19,19,36,8,15,40,NA,50,32,13,17,8,10,0.7,1.2
2026-09-07T2000,1751A,122.964,41.0968,鞍山市,铁西三道街,,30,29,50,13,19,27,NA,57,22,32,26,23,13,3.0,2.2
2026-09-07T2000,1753A,123.0219,41.0822,鞍山市,明达新区,,23,23,32,7,14,43,NA,59,34,9,12,6,8,0.7,1
2026-09-07T2000,1755A,123.7974,41.8494,抚顺市,望花区,,18,13,49,6,25,55,NA,46,41,8,24,6,8,0.4,0.8
2026-09-07T2000,1756A,123.9161,41.8827,抚顺市,顺城区,,16,7,36,4,24,50,NA,46,39,8,24,8,10,0.6,0.9
2026-09-07T2000,1757A,124.0437,41.8615,抚顺市,东洲区,,16,10,29,2,17,49,NA,55,40,12,15,8,9,0.4,0.7
2026-09-07T2000,1758A,123.9246,41.8638,抚顺市,新抚区,,16,4,42,4,24,49,NA,42,35,7,23,5,6,0.4,0.8
2026-09-07T2000,1759A,124.0972,41.8961,抚顺市,大伙房水库,,15,12,25,1,16,47,NA,51,36,10,14,11,12,0.5,0.8
2026-09-07T2000,1760A,123.708,41.8386,抚顺市,沈抚新城,,17,9,47,6,22,53,NA,46,45,9,24,7,10,0.4,0.8
2026-09-07T2000,1761A,123.8274146,41.31234549,本溪市,大峪,,11,5,35,2,16,33,NA,55,39,10,22,6,7,0.6,1
2026-09-07T2000,1763A,123.7169,41.3094,本溪市,彩屯,,11,11,45,2,25,35,NA,52,37,10,19,6,8,0.6,1.2
2026-09-07T2000,1764A,123.7672166,41.28649327,本溪市,东明,,10,4,43,3,20,32,NA,52,36,12,30,4,6,0.7,1.1
2026-09-07T2000,1765A,123.799345,41.266614,本溪市,新立屯,,11,7,30,2,15,35,NA,61,42,7,24,8,9,0.5,0.9
2026-09-07T2000,1766A,123.829144,41.336777,本溪市,威宁,,11,6,40,5,19,34,NA,54,37,8,17,5,5,0.4,0.7
2026-09-07T2000,1767A,121.1114,41.0879,锦州市,南山,,21,21,23,13,14,54,NA,65,65,13,23,6,6,0.4,0.3
2026-09-07T2000,1768A,121.060361,40.842794,锦州市,开发区,,27,27,38,11,14,57,NA,66,66,15,18,6,10,0.4,0.5
2026-09-07T2000,1769A,121.1836,41.1118,锦州市,百股街道,,23,22,24,16,15,56,NA,71,68,10,14,7,8,0.4,0.4
2026-09-07T2000,1770A,121.1176,41.1224,锦州市,天安街道,,23,23,29,12,15,52,NA,61,61,9,16,7,8,0.4,0.5
2026-09-07T2000,1771A,121.1303,41.1385,锦州市,北湖公园,,22,22,26,14,13,55,NA,65,65,8,12,6,5,0.3,0.3
2026-09-07T2000,1772A,126.54,43.8622,吉林市,哈达湾,,22,21,29,15,19,41,NA,64,34,10,14,2,3,0.5,0.5
2026-09-07T2000,1773A,126.5843,43.8358,吉林市,东局子,,34,34,18,14,14,44,NA,64,34,10,13,5,5,0.6,0.6
2026-09-07T2000,1774A,126.5051,43.8243,吉林市,电力学院,,29,27,37,20,20,38,NA,59,31,7,11,8,8,0.8,0.6
2026-09-07T2000,1775A,126.6133,43.8971,吉林市,江北,,26,26,48,14,16,37,NA,53,34,9,12,3,3,0.6,0.3
2026-09-07T2000,1776A,126.5549,43.8304,吉林市,江南公园,,23,20,26,16,16,42,NA,63,34,7,9,4,3,0.4,0.3
2026-09-07T2000,1779A,123.9307,47.3641,齐齐哈尔市,安居小区,颗粒物(PM10),58,60,18,10,6,6,NA,43,37,42,6,4,3,0.9,0.4
2026-09-07T2000,1780A,123.9497,47.3389,齐齐哈尔市,中心广场,,18,NA,3,12,5,27,NA,46,43,21,6,2,3,0.3,0.2
2026-09-07T2000,1781A,123.9483,47.3229,齐齐哈尔市,农牧车辆厂,,24,24,18,5,5,32,NA,47,46,12,4,5,5,0.5,0.4
2026-09-07T2000,1783A,123.9442,47.2994,齐齐哈尔市,市环境监测站,,36,36,15,7,3,20,NA,48,45,22,4,4,4,0.2,0.1
2026-09-07T2000,1784A,129.61,44.561,牡丹江市,环保大楼,,22,22,20,4,7,45,NA,65,63,7,12,5,6,0.4,0.4
2026-09-07T2000,1787A,129.6364,44.6075,牡丹江市,机车工厂,,33,33,33,8,11,39,NA,67,65,5,13,8,8,0.9,0.4
2026-09-07T2000,1788A,129.6386,44.5462,牡丹江市,第一中学,,19,19,21,6,7,51,NA,74,71,5,10,3,4,0.4,0.4
2026-09-07T2000,1789A,124.8085,46.0381,大庆市,大同区,,30,30,25,5,10,59,NA,67,66,14,9,3,5,0.5,0.6
2026-09-07T2000,1790A,125.1166,46.5255,大庆市,龙凤区,,34,34,25,14,11,20,NA,50,46,31,6,4,4,0.1,0.1
2026-09-07T2000,1791A,124.8894,46.4007,大庆市,红岗区,,29,29,28,9,9,32,NA,51,48,17,5,7,6,0.3,0.4
2026-09-07T2000,1792A,125.1391,46.578,大庆市,萨尔图区,,36,36,24,8,9,28,NA,47,43,23,5,6,6,0.5,0.5
2026-09-07T2000,1793A,124.9026,46.6217,大庆市,让胡路区,,27,27,26,8,11,32,NA,48,46,14,3,4,4,0.2,0.2
2026-09-07T2000,1794A,118.3603,31.3515,芜湖市,监测站,,38,22,30,14,15,119,NA,150,150,14,20,6,9,0.5,0.6
2026-09-07T2000,1795A,118.3716,31.4135,芜湖市,科创中心,,35,35,33,20,15,66,NA,149,140,69,22,6,8,0.4,0.6
2026-09-07T2000,1796A,118.3671,31.3132,芜湖市,四水厂,,38,32,31,15,12,121,NA,152,152,16,16,7,9,0.5,0.6
2026-09-07T2000,1798A,118.5084,31.6838,马鞍山市,湖东路四小,,35,23,29,12,11,112,NA,152,148,18,14,8,9,0.8,0.8
2026-09-07T2000,1799A,118.5019,31.6449,马鞍山市,开发区,,35,35,28,15,12,97,NA,149,144,28,16,7,8,0.7,0.7
2026-09-07T2000,1803A,115.9873,29.6816,九江市,十里,,43,38,34,30,18,121,NA,148,145,20,13,4,4,0.8,0.7
2026-09-07T2000,1804A,115.9583,29.7047,九江市,茅山头,,44,44,30,17,16,136,NA,143,143,14,13,4,4,0.4,0.4
2026-09-07T2000,1805A,115.9877,29.7295,九江市,西园,,39,31,30,22,17,124,NA,145,143,29,20,6,6,0.3,0.3
2026-09-07T2000,1808A,115.9112,29.6038,九江市,综合工业园,细颗粒物(PM2.5),54,47,28,37,15,106,NA,152,147,42,20,4,4,0.6,0.6
2026-09-07T2000,1812A,112.3934,34.6517,洛阳市,市委党校,NA,NA,NA,75,NA,53,159,NA,180,178,13,21,NA,13,NA,0.8
2026-09-07T2000,1815A,112.494,34.6883,洛阳市,河南林校,细颗粒物(PM2.5),82,86,71,51,45,145,NA,182,179,27,20,11,12,0.5,0.5
2026-09-07T2000,1816A,112.3843,34.623,洛阳市,开发区管委会,NA,NA,NA,66,NA,46,174,NA,195,192,NA,15,15,16,0.6,0.7
2026-09-07T2000,1817A,112.4263,34.6249,洛阳市,市委新办公区,颗粒物(PM10),67,73,70,43,50,156,NA,179,177,15,15,13,15,0.6,0.7
2026-09-07T2000,1819A,114.3552,36.1017,安阳市,红庙街,臭氧1小时(O3_1h),70,54,69,38,38,176,NA,198,194,14,17,5,10,0.8,1.1
2026-09-07T2000,1820A,114.361,36.0681,安阳市,银杏小区,臭氧1小时(O3_1h),78,53,63,40,37,182,NA,201,198,14,16,4,7,0.7,0.9
2026-09-07T2000,1824A,114.3389,34.778,开封市,肿瘤医院,颗粒物(PM10),68,74,73,40,49,141,NA,197,185,16,15,6,7,0.6,0.7
2026-09-07T2000,1826A,114.2884,34.7966,开封市,世纪星幼儿园,细颗粒物(PM2.5),82,72,69,51,46,129,NA,188,176,21,24,4,5,0.4,0.4
2026-09-07T2000,1832A,113.3257,33.7423,平顶山市,新华旅馆,颗粒物(PM10),53,54,74,36,42,139,NA,161,155,13,23,11,9,0.8,0.9
2026-09-07T2000,1833A,113.2917,33.737,平顶山市,规划设计院,颗粒物(PM10),54,55,73,26,44,130,NA,159,152,17,18,9,9,0.6,0.7
2026-09-07T2000,1834A,113.182,33.7738,平顶山市,平顶山工学院,,43,43,62,16,36,132,NA,166,159,16,16,9,10,0.6,0.7
2026-09-07T2000,1835A,111.1922,34.7752,三门峡市,市政府,臭氧1小时(O3_1h),62,61,60,37,40,169,NA,163,163,14,12,8,11,0.7,0.7
2026-09-07T2000,1836A,111.1588,34.794,三门峡市,开发区,颗粒物(PM10),66,72,69,37,41,165,NA,162,162,17,15,7,10,0.7,0.7
2026-09-07T2000,1840A,111.2991,30.6981,宜昌市,白龙岗,颗粒物(PM10),51,51,48,32,31,151,NA,184,182,10,14,7,6,0.5,0.5
2026-09-07T2000,1842A,111.263451,30.696754,宜昌市,点军区,颗粒物(PM10),55,57,46,26,31,162,NA,182,181,11,12,6,6,0.3,0.5
2026-09-07T2000,1843A,111.3276,30.782,宜昌市,夷陵区,臭氧1小时(O3_1h),53,42,43,32,30,162,NA,185,185,15,17,7,7,0.4,0.4
2026-09-07T2000,1844A,112.2493,30.3198,荆州市,市图书馆,细颗粒物(PM2.5),52,42,40,36,30,124,NA,180,176,21,19,8,9,0.6,0.6
2026-09-07T2000,1845A,112.2009,30.3543,荆州市,市委党校,,48,48,47,26,29,134,NA,174,172,20,19,8,9,0.8,0.8
2026-09-07T2000,1848A,113.1494,29.425,岳阳市,城陵矶,颗粒物(PM10),59,62,60,35,31,91,NA,169,158,62,31,4,4,0.8,0.8
2026-09-07T2000,1849A,113.1493,29.3575,岳阳市,开发区,NA,NA,41,48,29,35,158,NA,172,172,13,21,NA,7,0.8,0.9
2026-09-07T2000,1850A,113.2672,29.4752,岳阳市,云溪区,细颗粒物(PM2.5),84,74,55,52,39,123,NA,191,183,17,17,7,16,0.9,0.8
2026-09-07T2000,1851A,112.9944,29.44,岳阳市,君山区,细颗粒物(PM2.5),52,48,58,36,40,139,NA,179,174,24,19,5,6,0.7,0.6
2026-09-07T2000,1854A,111.696,28.9725,常德市,市二中,细颗粒物(PM2.5),98,NA,53,59,43,85,NA,154,145,38,16,10,10,0.9,0.9
2026-09-07T2000,1858A,110.532,29.1219,张家界市,永定新区,NA,NA,43,52,27,31,95,NA,153,144,NA,10,/,/,/,/
2026-09-07T2000,1859A,110.4696,29.1244,张家界市,电业局,,50,50,38,33,31,88,NA,158,146,32,12,1,1,0.7,0.6
2026-09-07T2000,1860A,110.5573,29.3486,张家界市,未央路,NA,NA,NA,26,NA,27,NA,NA,150,148,NA,7,NA,3,NA,0.7
2026-09-07T2000,1864A,110.3091,25.2705,桂林市,龙隐路小学,,49,NA,38,34,26,56,NA,88,80,12,13,5,7,0.7,0.7
2026-09-07T2000,1865A,110.2849361,25.22909545,桂林市,八中,,43,43,41,30,18,49,NA,88,78,13,15,5,7,0.7,0.7
2026-09-07T2000,1867A,109.1435,21.4085,北海市,海滩公园,,47,47,39,32,28,131,NA,140,140,8,6,5,6,0.6,0.6
2026-09-07T2000,1868A,109.0983,21.466,北海市,新市环保局,细颗粒物(PM2.5),68,48,40,44,30,148,NA,138,138,12,9,9,6,0.6,0.6
2026-09-07T2000,1869A,109.1775,21.5232,北海市,北海工业园,,46,45,42,32,27,63,NA,100,91,27,11,2,3,0.6,0.6
2026-09-07T2000,1870A,109.4854,24.3898,柳州市,柳东小学,,40,40,30,25,23,124,NA,112,112,15,9,10,9,1.3,0.8
2026-09-07T2000,1871A,109.4109,24.3304,柳州市,环保监测站,颗粒物(PM10),53,54,44,22,29,100,NA,116,116,13,15,6,14,0.9,1
2026-09-07T2000,1872A,109.3886,24.3408,柳州市,河西水厂,细颗粒物(PM2.5),84,71,52,52,32,113,NA,116,116,18,17,23,24,0.9,0.8
2026-09-07T2000,1873A,109.4263,24.2951,柳州市,市四中,,46,46,47,27,28,86,NA,117,117,11,12,6,9,0.8,0.9
2026-09-07T2000,1874A,109.396,24.3658,柳州市,市九中,颗粒物(PM10),65,71,50,27,32,120,NA,122,122,18,14,26,17,0.8,0.7
2026-09-07T2000,1875A,109.4912,24.3164,柳州市,古亭山,细颗粒物(PM2.5),62,NA,34,41,24,85,NA,106,106,12,16,4,5,0.7,0.7
2026-09-07T2000,1877A,109.4962,18.2682,三亚市,河西子站,,28,20,17,18,13,89,NA,96,96,5,8,3,4,0.6,0.6
2026-09-07T2000,1878A,104.7775,31.4741,绵阳市,富乐山,颗粒物(PM10),58,60,62,34,36,90,NA,102,101,8,11,10,10,0.8,0.8
2026-09-07T2000,1880A,104.6698,31.4668,绵阳市,高新区自来水公司,,47,47,52,30,36,110,NA,132,132,16,14,10,9,0.7,0.7
2026-09-07T2000,1883A,104.6204,28.7728,宜宾市,市委,细颗粒物(PM2.5),80,60,50,50,39,90,NA,102,101,16,16,10,12,0.6,0.6
2026-09-07T2000,1884A,104.6056,28.7931,宜宾市,宜宾四中,细颗粒物(PM2.5),102,71,57,62,41,98,NA,105,104,12,15,9,12,0.9,0.9
2026-09-07T2000,1886A,104.5743,28.7199,宜宾市,黄金嘴,细颗粒物(PM2.5),118,91,50,79,35,93,NA,106,104,16,15,11,13,0.7,0.6
2026-09-07T2000,1888A,101.6891,26.571,攀枝花市,弄弄坪,,40,40,64,12,31,63,NA,101,97,26,19,9,13,0.7,0.6
2026-09-07T2000,1889A,101.577,26.5914,攀枝花市,河门口,,43,43,43,27,28,68,NA,107,104,15,12,7,15,0.8,1.3
2026-09-07T2000,1891A,101.7365,26.4986,攀枝花市,仁和,,36,36,40,25,29,53,NA,81,78,12,11,6,9,0.6,0.8
2026-09-07T2000,1894A,105.4427,28.9063,泸州市,小市上码头,细颗粒物(PM2.5),72,74,52,46,31,136,NA,136,136,9,11,5,7,0.5,0.4
2026-09-07T2000,1895A,105.4241,28.8573,泸州市,兰田宪桥,颗粒物(PM10),59,62,52,26,21,117,NA,124,124,15,16,6,6,0.6,0.6
2026-09-07T2000,1896A,105.4378,28.8833,泸州市,市环监站,细颗粒物(PM2.5),58,44,30,39,21,130,NA,123,123,15,12,6,8,0.7,0.6
2026-09-07T2000,1901A,104.424,31.1209,德阳市,东山公园,,35,28,46,24,50,92,NA,95,95,7,11,9,9,0.8,0.9
2026-09-07T2000,1902A,104.3827,31.1318,德阳市,西小区,,32,32,47,22,42,98,NA,103,103,10,16,10,12,0.8,0.9
2026-09-07T2000,1904A,104.3553,31.1091,德阳市,耐火材料厂,,36,36,49,24,44,98,NA,104,104,7,13,3,4,1.0,1.1
2026-09-07T2000,1906A,106.0791,30.8022,南充市,南充市委,,28,19,34,10,22,89,NA,98,97,11,15,7,7,0.4,0.5
2026-09-07T2000,1907A,106.1038,30.8215,南充市,南充炼油厂,,30,20,40,13,28,93,NA,106,105,12,14,8,9,0.2,0.3
2026-09-07T2000,1911A,106.9218,27.6872,遵义市,丁字口,,42,NA,23,29,22,66,NA,87,84,16,13,9,9,0.7,0.7
2026-09-07T2000,1912A,106.9241,27.7044,遵义市,凤凰山,,29,25,19,20,17,77,NA,91,90,4,5,5,6,0.6,0.5
2026-09-07T2000,1913A,106.8895,27.648,遵义市,忠庄,颗粒物(PM10),53,54,32,31,22,74,NA,86,85,9,8,2,4,0.7,0.7
2026-09-07T2000,1915A,106.9225,27.7253,遵义市,干田坝,颗粒物(PM10),60,63,28,28,20,70,NA,91,89,10,9,6,7,0.8,0.8
2026-09-07T2000,1916A,103.7897,25.5036,曲靖市,环境监测站,,30,30,34,18,25,86,NA,117,113,9,12,2,4,0.4,0.5
2026-09-07T2000,1917A,103.8013,25.5357,曲靖市,烟厂办公区,,49,49,35,11,23,87,NA,111,111,5,9,1,4,0.4,0.6
2026-09-07T2000,1919A,108.6726,34.315,咸阳市,实验中学,细颗粒物(PM2.5),106,102,71,66,45,120,NA,190,185,18,16,8,10,0.8,0.7
2026-09-07T2000,1920A,108.7226,34.3622,咸阳市,师范学院,细颗粒物(PM2.5),112,107,69,73,46,114,NA,179,174,17,12,8,10,0.7,0.6
2026-09-07T2000,1923A,109.0696,35.0699,铜川市,王益区政府,细颗粒物(PM2.5),90,82,53,55,39,121,NA,152,150,23,12,8,5,1.0,0.8
2026-09-07T2000,1924A,108.9345,34.9059,铜川市,新区管委会,细颗粒物(PM2.5),70,70,58,45,38,149,NA,154,154,18,17,9,7,1.1,0.9
2026-09-07T2000,1927A,109.4569,36.6161,延安市,延大医附院,细颗粒物(PM2.5),84,71,57,52,36,36,NA,60,60,32,26,3,3,1.1,0.9
2026-09-07T2000,1929A,109.5053,36.6105,延安市,百米大道,细颗粒物(PM2.5),88,101,84,54,41,66,NA,76,76,22,30,5,5,1.1,0.9
2026-09-07T2000,1931A,107.0802,34.3129,宝鸡市,竹园沟,细颗粒物(PM2.5),66,47,48,43,44,44,NA,77,75,8,9,5,5,0.9,0.8
2026-09-07T2000,1933A,107.1429,34.3549,宝鸡市,监测站,细颗粒物(PM2.5),78,67,61,49,47,70,NA,78,78,15,15,3,2,0.8,0.7
2026-09-07T2000,1934A,107.1172,34.3759,宝鸡市,技工学校,细颗粒物(PM2.5),76,62,56,48,45,65,NA,80,80,16,10,6,6,0.8,0.8
2026-09-07T2000,1936A,107.2025,34.3518,宝鸡市,文理学院,细颗粒物(PM2.5),84,68,62,52,47,65,NA,75,75,26,20,5,5,0.8,0.7
2026-09-07T2000,1937A,107.2396,34.3626,宝鸡市,三迪小学,细颗粒物(PM2.5),84,62,64,52,48,77,NA,83,83,19,17,4,4,1.0,1
2026-09-07T2000,1940A,109.4605,34.4927,渭南市,体育馆,"颗粒物(PM10),细颗粒物(PM2.5)",74,83,72,47,44,172,NA,178,178,12,11,7,7,0.8,0.6
2026-09-07T2000,1941A,109.4257,34.5067,渭南市,高新一小,细颗粒物(PM2.5),86,89,71,53,44,155,NA,175,175,10,8,5,5,0.7,0.5
2026-09-07T2000,1944A,102.1691,38.5166,金昌市,天庆家园,NA,NA,NA,4,6,5,73,NA,70,70,6,4,4,3,0.2,0.2
2026-09-07T2000,1945A,98.291,39.7705,嘉峪关市,气象局,,25,9,2,6,6,78,NA,75,73,6,7,8,8,0.5,0.5
2026-09-07T2000,1948A,106.3668,39.0145,石嘴山市,大武口朝阳西街,,12,5,31,2,20,38,NA,48,40,17,23,4,8,0.5,1.1
2026-09-07T2000,1949A,106.7713,39.2278,石嘴山市,惠农南大街,,33,26,42,23,23,34,NA,42,29,17,25,11,16,1.0,1.2
2026-09-07T2000,1950A,106.7074,39.1332,石嘴山市,红果子镇惠新街,,12,NA,36,4,20,35,NA,48,29,24,30,17,14,0.7,1.3
2026-09-07T2000,1951A,84.886,45.6029,克拉玛依市,长征新村,,30,26,35,6,13,96,NA,106,106,16,15,3,4,0.5,0.6
2026-09-07T2000,1952A,84.8894,45.5827,克拉玛依市,南林小区,,30,23,34,2,8,96,NA,104,104,6,19,6,7,0.4,0.6
2026-09-07T2000,1954A,84.896,44.3328,克拉玛依市,独山子区,,39,18,31,8,3,124,NA,119,119,6,5,6,4,0.3,0.2
2026-09-07T2000,1955A,85.6888,46.0909,克拉玛依市,乌尔禾区商贸楼,,28,25,32,15,14,88,NA,104,104,9,14,6,7,0.4,0.4
2026-09-07T2000,1956A,86.1476,41.7529,巴音郭楞蒙古自治州,孔雀公园,颗粒物(PM10),88,103,122,37,40,86,NA,93,89,4,7,2,2,0.2,0.2
2026-09-07T2000,1957A,86.1971,41.7166,巴音郭楞蒙古自治州,棉纺厂,颗粒物(PM10),104,130,141,39,38,90,NA,91,91,6,11,/,/,/,/
2026-09-07T2000,1958A,86.236,41.7172,巴音郭楞蒙古自治州,经济开发区,颗粒物(PM10),85,99,111,39,35,90,NA,91,91,3,6,2,2,0.2,0.2
2026-09-07T2000,1961A,117.5323,36.6865,济南市,东山小学,,49,49,44,21,12,143,NA,178,176,18,27,8,10,0.3,0.4
2026-09-07T2000,1982A,122.0693,37.2175,威海市,文登开发区,,26,26,17,8,10,79,NA,105,102,15,14,/,/,/,/
2026-09-07T2000,2031A,113.1836,27.9959,株洲市,云田中学,细颗粒物(PM2.5),90,74,45,55,32,101,NA,162,156,30,19,10,10,0.6,0.5
2026-09-07T2000,2054A,114.1096,32.1059,信阳市,平桥分局,,40,39,37,15,18,125,NA,138,136,12,16,9,8,0.4,0.3
2026-09-07T2000,2064A,113.9956,32.1272,信阳市,南湾水厂,,49,49,37,18,19,120,NA,136,134,10,10,7,7,0.5,0.5
2026-09-07T2000,2065A,114.078,32.1194,信阳市,市酿酒公司,,42,42,40,18,20,122,NA,129,129,14,14,7,8,0.3,0.7
2026-09-07T2000,2066A,114.0712,32.1393,信阳市,审计局,颗粒物(PM10),63,67,55,26,21,127,NA,142,140,12,16,8,10,0.4,0.4
2026-09-07T2000,2068A,114.6755,33.6347,周口市,周口师范,,48,38,51,22,23,152,NA,162,161,10,10,5,5,0.6,0.6
2026-09-07T2000,2160A,112.8496,35.5051,晋城市,自来水公司,颗粒物(PM10),68,75,57,30,23,158,NA,174,168,13,17,7,6,0.6,0.6
2026-09-07T2000,2162A,112.8509,35.4886,晋城市,市环保局,颗粒物(PM10),62,66,54,33,30,144,NA,161,156,16,21,8,7,0.6,0.7
2026-09-07T2000,2166A,112.4399,39.3521,朔州市,平朔,,20,19,72,14,22,33,NA,50,50,12,29,6,8,0.4,0.3
2026-09-07T2000,2167A,112.4574,39.362,朔州市,朔唯,,31,31,74,10,19,39,NA,56,56,7,31,7,10,/,/
2026-09-07T2000,2168A,112.426,39.3199,朔州市,区政府,,40,40,57,19,20,45,NA,51,51,13,26,6,9,0.5,0.5
2026-09-07T2000,2169A,112.4075,39.3277,朔州市,市环保局,,30,28,49,21,21,38,NA,57,55,16,24,3,6,/,/
2026-09-07T2000,2170A,112.4273,39.3682,朔州市,市二中,,30,30,66,10,20,32,NA,48,48,21,43,3,6,/,/
2026-09-07T2000,2174A,112.6992,37.6984,晋中市,榆次区政府,,39,39,55,24,33,52,NA,120,96,24,17,8,11,0.7,0.6
2026-09-07T2000,2175A,110.996,35.0148,运城市,运城中学,细颗粒物(PM2.5),56,56,53,38,32,156,NA,166,157,10,8,6,7,0.7,0.7
2026-09-07T2000,2178A,110.9685,35.0305,运城市,地区技校,细颗粒物(PM2.5),62,57,51,41,33,158,NA,164,160,9,9,5,6,0.5,0.5
2026-09-07T2000,2181A,112.7313,38.457,忻州市,开发区,,30,21,38,12,20,96,NA,79,79,8,20,6,7,0.6,0.7
2026-09-07T2000,2182A,112.7023,38.4932,忻州市,会展中心,,31,29,40,17,23,98,NA,77,77,7,18,4,6,0.7,0.8
2026-09-07T2000,2183A,111.1447,37.5212,吕梁市,环保局,,23,NA,66,16,26,70,NA,70,69,26,29,2,9,0.6,0.7
2026-09-07T2000,2185A,111.1285,37.5338,吕梁市,自来水公司,,26,NA,59,16,27,82,NA,70,70,15,25,1,9,0.5,0.6
2026-09-07T2000,2187A,106.8172,39.6972,乌海市,市林业局,,24,24,33,7,13,49,NA,69,40,4,7,3,7,0.5,0.5
2026-09-07T2000,2188A,106.7907,39.6666,乌海市,中海勃湾学校,,15,9,21,6,12,46,NA,79,41,7,9,4,8,0.4,0.5
2026-09-07T2000,2191A,122.253,43.6801,通辽市,艺术职业学校,,31,31,31,14,13,55,NA,65,56,7,5,7,8,0.5,0.5
2026-09-07T2000,2195A,107.4206,40.7609,巴彦淖尔市,附二中,,23,23,16,13,6,38,NA,49,46,10,6,7,8,0.5,0.5
2026-09-07T2000,2196A,107.37,40.7372,巴彦淖尔市,市环保大楼,,40,40,29,9,5,39,NA,53,45,8,4,13,13,0.5,0.5
2026-09-07T2000,2197A,113.1306,40.9924,乌兰察布市,集宁新区,,27,27,28,11,15,49,NA,80,50,10,10,8,8,0.5,0.4
2026-09-07T2000,2202A,116.1048,43.9318,锡林郭勒盟,市环保监测站,,21,21,14,2,3,55,NA,61,61,11,8,1,2,0.3,0.3
2026-09-07T2000,2203A,116.0778,43.9312,锡林郭勒盟,市政府,,18,15,15,7,4,56,NA,64,64,10,5,1,2,0.2,0.2
2026-09-07T2000,2205A,105.699,38.8409,阿拉善盟,蒙二幼,,16,NA,25,4,14,51,NA,60,50,4,6,8,8,0.6,0.7
2026-09-07T2000,2206A,105.7198,38.8508,阿拉善盟,环保局新楼,,17,NA,26,3,13,54,NA,62,52,4,6,10,10,0.5,0.6
2026-09-07T2000,2207A,121.6095,41.9978,阜新市,工业园区,,22,22,23,12,7,50,NA,61,58,7,11,4,7,0.4,0.3
2026-09-07T2000,2208A,121.6567,42.0188,阜新市,长青街,,18,16,21,12,7,47,NA,59,56,12,15,7,11,0.6,0.4
2026-09-07T2000,2209A,121.6672,42.07,阜新市,农业园区,,21,21,17,11,6,50,NA,62,59,9,11,3,5,0.6,0.5
2026-09-07T2000,2211A,121.6343,42.0455,阜新市,玉龙新城,,16,16,18,10,7,48,NA,62,59,11,14,5,7,0.4,0.3
2026-09-07T2000,2212A,123.1978,41.2036,辽阳市,宏伟区,,18,18,31,7,12,41,NA,62,38,10,12,6,7,0.5,0.7
2026-09-07T2000,2213A,123.1684,41.2497,辽阳市,新华园,,16,8,40,6,17,50,NA,52,38,12,23,7,8,0.5,0.8
2026-09-07T2000,2214A,123.2355,41.2663,辽阳市,滨河路,,14,14,35,5,16,43,NA,54,37,10,17,7,9,0.5,0.8
2026-09-07T2000,2217A,123.865,42.292,铁岭市,水上乐园,,16,16,43,10,20,36,NA,48,39,9,16,8,10,0.6,0.7
2026-09-07T2000,2219A,123.7158,42.2218,铁岭市,金沙江路北,,19,15,36,13,17,44,NA,47,44,6,24,11,13,0.5,0.6
2026-09-07T2000,2220A,120.4318,41.588,朝阳市,西梁,,17,11,22,6,8,52,NA,61,60,7,7,8,9,0.2,0.3
2026-09-07T2000,2221A,120.452,41.565,朝阳市,河畔小区,,17,17,23,3,8,54,NA,67,61,7,6,16,13,0.6,0.7
2026-09-07T2000,2222A,120.4176,41.5648,朝阳市,八里堡,,23,23,28,9,10,51,NA,63,61,9,7,16,14,0.6,0.6
2026-09-07T2000,2226A,124.3744,43.1842,四平市,境园,臭氧1小时(O3_1h),55,NA,34,22,19,164,NA,68,66,7,17,4,5,0.4,0.5
2026-09-07T2000,2227A,125.1359,42.8845,辽源市,环保局,,24,24,32,9,15,51,NA,57,42,8,17,4,6,0.6,0.6
2026-09-07T2000,2229A,125.9359,41.7174,通化市,光明,,17,17,40,0,23,27,NA,102,82,7,11,6,8,0.5,1.2
2026-09-07T2000,2230A,125.9446,41.7323,通化市,铁路,,15,15,45,0,26,27,NA,101,81,10,18,5,5,0.6,1.4
2026-09-07T2000,2231A,126.4219,41.9172,白山市,喜丰,,33,33,44,2,20,24,NA,108,92,12,17,6,7,0.7,0.7
2026-09-07T2000,2232A,126.4082,41.9416,白山市,环保局,,13,13,33,0,18,23,NA,102,88,8,9,6,5,0.6,0.7
2026-09-07T2000,2233A,124.8007,45.1213,松原市,江南,,16,13,19,11,16,43,NA,50,47,3,4,2,1,0.2,0.3
2026-09-07T2000,2234A,124.7967,45.1721,松原市,江北,,12,8,22,8,12,34,NA,47,43,7,6,1,1,0.3,0.4
2026-09-07T2000,2235A,122.7909,45.608,白城市,洮北区环保局,NA,NA,35,27,20,11,28,NA,53,47,NA,3,5,4,NA,0.4
2026-09-07T2000,2236A,122.8741,45.5725,白城市,市环保局,,22,NA,15,15,11,29,NA,50,47,15,6,4,3,0.5,0.5
2026-09-07T2000,2237A,129.4704,42.8885,延边朝鲜族自治州,妇幼医院,,33,33,16,16,9,31,NA,69,62,14,8,7,6,0.7,0.6
2026-09-07T2000,2238A,129.5047,42.9117,延边朝鲜族自治州,延边医院,颗粒物(PM10),55,57,20,33,12,26,NA,71,66,24,11,4,4,1.0,0.8
2026-09-07T2000,2239A,129.395,42.8884,延边朝鲜族自治州,朝阳川镇医院,,36,28,17,25,14,25,NA,70,63,14,10,9,9,0.9,0.7
2026-09-07T2000,2240A,130.9618,45.2926,鸡西市,环保局,NA,NA,NA,32,5,12,49,NA,35,NA,5,15,1,2,0.5,0.4
2026-09-07T2000,2243A,130.9294,45.2959,鸡西市,第一中学,,15,NA,23,8,10,47,NA,60,57,4,11,4,4,0.1,0.1
2026-09-07T2000,2244A,130.2537,47.3416,鹤岗市,哈啤分公司,,25,21,20,17,8,33,NA,46,40,4,4,7,7,0.6,0.4
2026-09-07T2000,2245A,130.2683,47.3087,鹤岗市,斯达机电,,32,32,27,18,9,34,NA,39,36,9,7,5,5,0.5,0.4
2026-09-07T2000,2246A,130.3114,47.3388,鹤岗市,东山纸板厂,颗粒物(PM10),55,57,59,18,11,37,NA,45,42,5,9,6,6,0.7,0.5
2026-09-07T2000,2248A,131.1509,46.6936,双鸭山市,双合村,,32,NA,18,22,10,28,NA,37,28,2,7,9,9,0.4,0.2
2026-09-07T2000,2249A,131.1651,46.6191,双鸭山市,南小市,,29,NA,16,20,10,26,NA,33,28,4,8,3,9,0.2,0.1
2026-09-07T2000,2250A,131.1526,46.6554,双鸭山市,环保局,,32,32,24,20,12,26,NA,38,27,4,8,9,9,0.5,0.3
2026-09-07T2000,2252A,128.8663,47.7199,伊春市,环保局,,35,35,21,7,10,12,NA,33,29,11,5,1,1,0.7,0.7
2026-09-07T2000,2253A,128.9014,47.732,伊春市,电力嘉园,,24,24,20,10,11,24,NA,42,37,7,3,3,3,0.8,1
2026-09-07T2000,2255A,130.2749,46.8028,佳木斯市,佳纺,,22,22,39,11,8,23,NA,30,26,6,9,1,1,0.5,0.4
2026-09-07T2000,2257A,130.3258,46.7975,佳木斯市,环保局,,32,NA,20,22,10,19,NA,39,27,11,11,2,3,0.6,0.4
2026-09-07T2000,2263A,127.4832,50.2524,黑河市,交通局,,23,23,23,7,13,34,NA,47,44,11,6,7,7,0.4,0.4
2026-09-07T2000,2264A,127.5146,50.2339,黑河市,环保局,,16,16,15,9,13,36,NA,42,39,7,6,6,8,0.4,0.5
2026-09-07T2000,2266A,126.9783,46.6365,绥化市,人和东街,,12,12,23,3,9,37,NA,46,42,5,5,11,14,0.3,0.4
2026-09-07T2000,2267A,126.964,46.6527,绥化市,党政办公中心,,12,12,23,8,11,37,NA,51,46,8,6,8,10,0.3,0.4
2026-09-07T2000,2269A,124.1068,50.4091,大兴安岭地区,科技局,,30,30,20,6,9,34,NA,47,45,6,3,5,5,0.3,0.2
2026-09-07T2000,2270A,117.396,32.9389,蚌埠市,工人疗养院,,45,45,35,21,17,105,NA,150,147,22,22,7,7,0.5,0.4
2026-09-07T2000,2271A,117.3606,32.9428,蚌埠市,百货大楼,,41,41,35,21,14,110,NA,155,151,23,26,11,11,0.6,0.6
2026-09-07T2000,2273A,117.4183,32.8909,蚌埠市,蚌埠学院,,42,36,34,29,18,113,NA,149,148,11,22,6,7,0.4,0.4
2026-09-07T2000,2274A,117.3534,32.9672,蚌埠市,淮上区政府,,48,48,39,29,20,116,NA,154,152,22,21,5,5,0.5,0.4
2026-09-07T2000,2275A,117.3143,32.8977,蚌埠市,高新区,颗粒物(PM10),55,56,32,32,16,108,NA,147,144,16,14,6,5,0.4,0.4
2026-09-07T2000,2277A,116.8304,32.7726,淮南市,潘集区政府,,49,43,36,34,18,135,NA,148,147,8,14,6,8,0.4,0.3
2026-09-07T2000,2279A,116.8569,32.5949,淮南市,谢家集区政府,颗粒物(PM10),55,57,35,36,15,116,NA,157,154,28,15,7,8,0.4,0.3
2026-09-07T2000,2280A,116.8279,32.6333,淮南市,八公山区政府,细颗粒物(PM2.5),60,52,37,40,19,121,NA,160,156,14,12,8,10,0.3,0.3
2026-09-07T2000,2282A,116.8005,33.9749,淮北市,监测站,颗粒物(PM10),53,54,42,32,23,140,NA,166,164,11,11,5,7,0.4,0.4
2026-09-07T2000,2283A,116.8094,33.9008,淮北市,烈山区政府,,47,47,40,28,22,139,NA,168,167,15,14,5,7,0.4,0.5
2026-09-07T2000,2285A,117.8176,30.9412,铜陵市,市第四中学,,43,43,40,23,14,130,NA,170,170,12,15,9,11,0.6,0.6
2026-09-07T2000,2287A,117.7806,30.9413,铜陵市,市新民污水厂,,46,46,32,20,12,117,NA,156,155,22,27,8,9,0.4,0.4
2026-09-07T2000,2289A,117.846,30.9414,铜陵市,车站新区,颗粒物(PM10),56,58,37,23,16,113,NA,172,169,20,20,10,10,0.6,0.6
2026-09-07T2000,2290A,117.8472,30.9699,铜陵市,市职教基地,,50,50,36,27,14,119,NA,160,159,11,16,6,7,0.7,0.8
2026-09-07T2000,2291A,117.0806,30.5181,安庆市,环科院,,40,34,29,19,14,126,NA,143,142,15,8,7,6,0.8,0.7
2026-09-07T2000,2292A,117.0331,30.5118,安庆市,马山宾馆,,40,40,26,23,14,128,NA,144,143,16,10,6,5,0.7,0.6
2026-09-07T2000,2294A,116.9897,30.6146,安庆市,安庆大学,,39,34,25,21,14,124,NA,126,126,12,11,4,5,0.3,0.4
2026-09-07T2000,2295A,118.2905,29.6965,黄山市,延安路89号,细颗粒物(PM2.5),64,68,26,42,14,66,NA,119,110,11,5,4,4,0.6,0.5
2026-09-07T2000,2297A,118.1369,30.2755,黄山市,黄山区政府5号楼,颗粒物(PM10),55,56,30,25,11,62,NA,104,100,8,4,4,4,0.6,0.6
2026-09-07T2000,2301A,115.8276,32.8929,阜阳市,市监测站,,47,47,45,18,24,129,NA,160,158,10,26,8,8,0.7,0.7
2026-09-07T2000,2303A,115.8551,32.8606,阜阳市,开发区,颗粒物(PM10),55,56,52,23,22,128,NA,152,151,14,23,6,6,0.4,0.4
2026-09-07T2000,2307A,116.5078,31.7369,六安市,监测大楼,,37,27,23,22,16,116,NA,132,131,10,12,4,4,0.5,0.4
2026-09-07T2000,2308A,116.4738,31.7642,六安市,皖西学院,,46,46,30,24,15,120,NA,145,143,11,10,7,7,0.6,0.6
2026-09-07T2000,2309A,116.4997,31.7904,六安市,朝阳厂,,34,30,20,22,15,107,NA,124,122,10,11,2,2,0.3,0.3
2026-09-07T2000,2310A,116.5566,31.7885,六安市,开发区,颗粒物(PM10),53,54,37,30,18,98,NA,143,139,18,19,6,6,0.2,0.2
2026-09-07T2000,2311A,115.8071,33.8399,亳州市,污水处理厂,颗粒物(PM10),63,67,53,35,30,115,NA,168,158,18,18,12,17,0.4,0.3
2026-09-07T2000,2312A,115.7789,33.8519,亳州市,三国揽胜宫,"颗粒物(PM10),细颗粒物(PM2.5)",60,63,48,40,26,116,NA,168,160,17,14,8,7,0.4,0.4
2026-09-07T2000,2314A,117.4698,30.6617,池州市,池州学院,,44,44,30,24,16,120,NA,143,143,24,21,6,6,0.6,0.6
2026-09-07T2000,2316A,118.7578,30.9457,宣城市,鳌峰子站,,34,21,23,9,10,106,NA,119,119,6,7,5,6,0.3,0.4
2026-09-07T2000,2317A,118.7384,30.9745,宣城市,敬亭山子站,,31,31,23,6,10,82,NA,113,108,3,6,4,5,0.3,0.3
2026-09-07T2000,2318A,118.7172,30.9428,宣城市,开发区子站,,31,23,24,12,13,97,NA,124,123,9,9,4,6,0.5,0.5
2026-09-07T2000,2319A,119.0142,25.4324,莆田市,荔城区仓后路,,48,39,30,33,17,122,NA,122,121,11,11,/,/,/,/
2026-09-07T2000,2320A,119.0016,25.4553,莆田市,莆田市监测站,,43,30,28,9,10,135,NA,131,130,8,5,5,10,0.5,0.5
2026-09-07T2000,2321A,119.112,25.4561,莆田市,涵江区六中,,43,26,25,10,11,135,NA,137,137,6,7,/,/,0.4,0.4
2026-09-07T2000,2322A,119.1014,25.3215,莆田市,秀屿区政府,,40,30,28,17,13,126,NA,128,128,5,4,6,6,0.4,0.4
2026-09-07T2000,2324A,117.621,26.2626,三明市,三钢,,38,29,26,26,20,51,NA,113,97,18,13,5,5,0.6,0.6
2026-09-07T2000,2325A,117.6352,26.2714,三明市,三明二中,,35,NA,29,24,18,52,NA,111,99,19,11,5,6,0.7,0.6
2026-09-07T2000,2326A,117.6028,26.2377,三明市,三元区政府,细颗粒物(PM2.5),64,NA,27,42,18,56,NA,118,106,22,10,8,8,0.8,0.7
2026-09-07T2000,2332A,118.1682,26.6371,南平市,南平市监测站,,30,30,25,21,16,59,NA,108,97,16,12,4,4,0.6,0.4
2026-09-07T2000,2334A,118.1757,26.6276,南平市,南平七中,,40,28,25,28,15,57,NA,110,100,16,11,4,4,0.5,0.4
2026-09-07T2000,2336A,117.022,25.1031,龙岩市,龙岩市监测站,,29,16,26,15,17,92,NA,101,99,6,9,8,7,0.2,0.2
2026-09-07T2000,2337A,117.0257,25.0662,龙岩市,闽西职业技术学院,,29,29,27,17,16,80,NA,97,94,6,4,5,6,0.3,0.3
2026-09-07T2000,2338A,117.0195,25.0306,龙岩市,龙岩学院,,24,16,26,13,16,76,NA,91,88,4,5,3,2,/,/
2026-09-07T2000,2341A,119.5387,26.6611,宁德市,宁德市监测站,,42,25,28,14,14,133,NA,143,142,5,5,6,6,0.7,0.8
2026-09-07T2000,2343A,117.2114,29.2931,景德镇市,老干部活动中心,,39,30,20,27,16,78,NA,122,115,6,4,3,3,1.0,0.9
2026-09-07T2000,2344A,117.1893,29.2789,景德镇市,兽医站,,41,41,34,18,14,49,NA,124,113,39,5,4,4,0.9,0.7
2026-09-07T2000,2346A,117.246,29.2958,景德镇市,陶研所,,22,22,23,7,16,66,NA,116,108,7,5,5,4,0.8,0.7
2026-09-07T2000,2348A,113.8384,27.6436,萍乡市,中医院,颗粒物(PM10),53,54,50,34,34,114,NA,149,146,16,17,9,12,0.8,0.9
2026-09-07T2000,2350A,113.8677,27.6438,萍乡市,市环保局,细颗粒物(PM2.5),60,56,42,40,36,131,NA,159,157,13,11,11,10,0.6,0.6
2026-09-07T2000,2351A,113.8663,27.6202,萍乡市,安源区政府,细颗粒物(PM2.5),52,50,48,36,32,112,NA,143,142,11,7,9,8,0.8,0.7
2026-09-07T2000,2353A,114.9887,27.8433,新余市,飞宇,,43,43,43,25,24,106,NA,153,146,21,15,10,12,0.4,0.4
2026-09-07T2000,2354A,114.9234,27.8248,新余市,第二水厂,,47,47,49,23,25,123,NA,154,150,13,15,4,4,0.6,0.6
2026-09-07T2000,2355A,114.931,27.8037,新余市,市气象局,,39,35,40,27,27,112,NA,156,151,13,13,9,11,0.6,0.7
2026-09-07T2000,2358A,117.0561,28.2641,鹰潭市,新监测站,颗粒物(PM10),60,64,39,18,26,105,NA,140,135,6,6,4,6,0.2,0.4
2026-09-07T2000,2359A,117.0312,28.2474,鹰潭市,财苑宾馆,颗粒物(PM10),55,57,39,16,26,112,NA,141,137,1,4,4,7,/,/
2026-09-07T2000,2360A,117.0221,28.2263,鹰潭市,体育馆,,47,47,47,24,30,104,NA,136,130,5,8,5,8,0.5,0.5
2026-09-07T2000,2363A,114.9368,25.8663,赣州市,地委,,39,39,35,24,22,86,NA,112,109,10,7,5,3,0.5,0.4
2026-09-07T2000,2364A,114.946,25.8483,赣州市,气象台,,47,47,37,23,22,93,NA,113,109,12,10,11,5,0.3,0.3
2026-09-07T2000,2365A,114.932,25.8332,赣州市,市图书馆,,40,34,33,28,21,104,NA,119,118,7,9,4,4,0.6,0.6
2026-09-07T2000,2366A,114.8905,25.8472,赣州市,华坚鞋城,,39,39,38,24,22,101,NA,118,115,14,10,1,2,0.2,0.2
2026-09-07T2000,2367A,114.9753,27.0803,吉安市,红声器材厂,,36,34,45,25,28,103,NA,139,136,16,12,10,10,0.4,0.4
2026-09-07T2000,2369A,114.9903,27.1313,吉安市,市环境监测站,,40,40,44,17,26,102,NA,142,137,14,10,11,12,/,/
2026-09-07T2000,2370A,115.009527,27.096792,吉安市,青原区法院,,44,44,46,23,27,76,NA,149,139,38,16,8,11,0.6,0.5
2026-09-07T2000,2373A,114.3954,27.7843,宜春市,市石油公司,,44,44,49,26,26,86,NA,28,NA,14,10,8,7,0.7,0.8
2026-09-07T2000,2374A,114.37,27.7916,宜春市,市气象局,,48,38,43,33,25,96,NA,124,120,16,10,2,2,0.7,0.7
2026-09-07T2000,2375A,114.401,27.8059,宜春市,市广电局,,37,37,43,24,24,106,NA,126,123,12,10,4,4,0.4,0.4
2026-09-07T2000,2377A,116.3544,27.9833,抚州市,市站,,34,34,35,20,21,98,NA,130,128,3,3,2,4,0.4,0.4
2026-09-07T2000,2378A,116.3562,27.9631,抚州市,血防站,,48,48,38,16,19,103,NA,127,124,8,6,5,6,0.5,0.5
2026-09-07T2000,2379A,116.3561,28.0007,抚州市,采茶剧团,,45,36,35,31,25,102,NA,135,132,10,5,9,9,0.6,0.6
2026-09-07T2000,2380A,116.3854,27.9648,抚州市,医学分院,,36,36,35,25,21,97,NA,125,123,5,4,11,8,0.8,0.7
2026-09-07T2000,2382A,117.9758,28.4439,上饶市,市监测站,,39,39,37,16,19,107,NA,147,142,3,6,1,3,/,/
2026-09-07T2000,2383A,117.9521,28.4637,上饶市,凤凰光学,,34,34,38,22,19,100,NA,134,131,4,11,4,7,0.4,0.4
2026-09-07T2000,2385A,114.17,35.9019,鹤壁市,市监测站,颗粒物(PM10),78,89,69,40,38,150,NA,189,185,15,16,8,7,0.8,0.7
2026-09-07T2000,2386A,114.2953,35.7512,鹤壁市,市交警支队,颗粒物(PM10),54,55,51,28,30,135,NA,174,170,27,20,6,5,0.8,0.8
2026-09-07T2000,2387A,114.2877,35.7302,鹤壁市,迎宾馆,细颗粒物(PM2.5),70,58,52,45,30,142,NA,184,180,17,13,7,8,0.8,0.8
2026-09-07T2000,2389A,113.836,35.3104,新乡市,环保西院,臭氧1小时(O3_1h),80,78,66,36,40,184,NA,215,212,12,16,11,11,0.8,0.8
2026-09-07T2000,2390A,113.8847,35.2724,新乡市,开发区,臭氧1小时(O3_1h),65,58,58,27,37,172,NA,211,207,12,20,11,11,0.7,0.7
2026-09-07T2000,2391A,113.8836,35.3028,新乡市,环保东院,颗粒物(PM10),72,80,65,41,42,171,NA,216,212,14,17,11,10,0.7,1
2026-09-07T2000,2392A,115.0312,35.7636,濮阳市,环保局,颗粒物(PM10),83,95,80,40,46,173,NA,200,197,13,20,3,4,0.4,0.5
2026-09-07T2000,2398A,113.7904,33.9949,许昌市,开发区,颗粒物(PM10),82,94,118,49,52,115,NA,168,160,26,32,6,6,0.2,0.4
2026-09-07T2000,2399A,114.051,33.5721,漯河市,三五一五工厂,,50,50,64,29,38,127,NA,159,153,21,22,7,7,0.7,0.7
2026-09-07T2000,2400A,114.0055,33.5698,漯河市,漯河大学,,44,44,58,27,38,129,NA,160,155,19,20,7,8,0.6,0.6
2026-09-07T2000,2401A,114.0134,33.5826,漯河市,市水利局,,48,48,53,27,35,130,NA,163,157,14,16,8,9,0.6,0.6
2026-09-07T2000,2402A,114.0261,33.5697,漯河市,市广电局,颗粒物(PM10),53,54,55,24,30,127,NA,164,158,20,17,6,7,0.5,0.5
2026-09-07T2000,2404A,112.5338,33.0086,南阳市,瓦房庄,,42,42,53,6,24,133,NA,163,156,13,12,8,7,0.6,0.7
2026-09-07T2000,2405A,112.5002,32.9734,南阳市,汉画馆,,39,36,57,11,27,122,NA,162,153,11,15,8,8,0.7,0.9
2026-09-07T2000,2406A,112.5778,33.0144,南阳市,气象站,,44,44,55,16,24,125,NA,156,149,15,12,8,8,0.7,0.7
2026-09-07T2000,2407A,112.548,32.9687,南阳市,理工学院,NA,NA,41,55,15,30,130,NA,160,154,12,13,NA,9,0.6,0.7
2026-09-07T2000,2408A,115.6701,34.4283,商丘市,环境监测站,颗粒物(PM10),69,76,51,33,28,137,NA,172,169,20,13,6,4,0.7,0.4
2026-09-07T2000,2409A,115.6458,34.4047,商丘市,粮食局,颗粒物(PM10),51,51,51,32,30,151,NA,173,172,14,14,6,7,0.6,0.6
2026-09-07T2000,2420A,114.0194,32.9648,驻马店市,市一纸厂,颗粒物(PM10),53,54,45,14,25,105,NA,143,136,23,17,6,6,0.5,0.3
2026-09-07T2000,2421A,114.0112,33.0149,驻马店市,市彩印厂,,42,42,44,19,22,119,NA,145,139,11,12,5,6,0.4,0.4
2026-09-07T2000,2423A,115.0547,30.2332,黄石市,沈家营,,38,22,34,16,19,121,NA,157,154,5,9,9,13,0.6,0.6
2026-09-07T2000,2426A,114.899,30.211,黄石市,铁山,,39,39,32,15,18,122,NA,153,150,7,10,6,4,0.4,0.4
2026-09-07T2000,2427A,115.0259,30.2108,黄石市,团城山,,40,39,38,16,19,128,NA,149,148,6,7,5,7,0.3,0.3
2026-09-07T2000,2429A,110.78,32.6494,十堰市,滨河新村,,50,48,49,32,30,158,NA,159,159,11,13,/,/,0.6,0.7
2026-09-07T2000,2430A,110.7305,32.6408,十堰市,刘家沟,细颗粒物(PM2.5),58,NA,16,39,45,157,NA,NA,NA,12,10,/,/,/,/
2026-09-07T2000,2431A,110.8843,32.5712,十堰市,铁二处,细颗粒物(PM2.5),60,52,43,40,30,132,NA,158,155,12,11,6,6,0.8,0.8
2026-09-07T2000,2432A,112.1555,32.0197,襄阳市,襄城运动路,颗粒物(PM10),58,61,55,33,29,124,NA,155,151,21,14,8,7,0.7,0.7
2026-09-07T2000,2434A,112.1829,32.1146,襄阳市,高新管委会,,47,41,52,31,31,149,NA,159,158,16,16,10,10,0.4,0.5
2026-09-07T2000,2435A,112.2105,32.0903,襄阳市,襄州航空路,,46,44,47,32,27,126,NA,156,153,21,13,7,7,0.6,0.6
2026-09-07T2000,2436A,114.894,30.3989,鄂州市,市政府,,44,40,41,19,22,140,NA,174,172,13,17,5,8,0.5,0.5
2026-09-07T2000,2437A,114.8986,30.3714,鄂州市,赵家坝,,45,37,43,23,21,141,NA,170,168,12,16,10,11,0.5,0.5
2026-09-07T2000,2439A,112.2012,31.048,荆门市,竹园小学,细颗粒物(PM2.5),86,64,60,53,40,146,NA,180,179,15,14,7,7,0.8,0.8
2026-09-07T2000,2440A,112.1968,30.9892,荆门市,掇刀,细颗粒物(PM2.5),105,66,62,65,45,152,NA,172,171,12,11,13,12,0.9,0.7
2026-09-07T2000,2444A,113.9062,30.9378,孝感市,东城区,颗粒物(PM10),74,83,49,43,23,156,NA,176,176,12,9,7,6,0.7,0.5
2026-09-07T2000,2446A,114.9021,30.474,黄冈市,职工中心,细颗粒物(PM2.5),52,46,28,36,22,160,NA,181,181,9,10,8,15,0.6,0.5
2026-09-07T2000,2451A,113.3587,31.7275,随州市,市委党校,,38,30,31,0,15,119,NA,147,142,13,11,10,9,0.6,0.5
2026-09-07T2000,2452A,113.3745,31.6926,随州市,市林业局,,37,23,25,16,14,117,NA,144,139,15,11,6,6,0.7,0.6
2026-09-07T2000,2453A,113.3984,31.7309,随州市,市立交桥水厂,,34,34,31,18,14,102,NA,136,131,26,13,6,6,0.7,0.6
2026-09-07T2000,2454A,109.4978,30.2979,恩施土家族苗族自治州,湖北民院,细颗粒物(PM2.5),62,NA,39,41,25,112,NA,142,138,9,6,8,7,0.4,0.3
2026-09-07T2000,2457A,112.6209,26.9268,衡阳市,衡阳化工总厂,NA,NA,NA,48,NA,31,118,NA,166,159,8,11,8,10,0.7,0.8
2026-09-07T2000,2458A,112.621,26.8957,衡阳市,珠晖区环保局,细颗粒物(PM2.5),60,59,54,40,28,119,NA,166,159,22,23,5,7,0.9,0.8
2026-09-07T2000,2459A,112.628,26.8654,衡阳市,市委党校,,45,37,48,30,32,141,NA,178,175,22,20,9,11,0.9,1.1
2026-09-07T2000,2460A,112.6007,26.8977,衡阳市,市监测站,细颗粒物(PM2.5),68,62,50,44,31,126,NA,181,175,17,16,7,9,0.9,0.8
2026-09-07T2000,2461A,112.5658,26.9013,衡阳市,真空机电公司,细颗粒物(PM2.5),68,NA,44,44,32,123,NA,156,151,18,17,8,8,0.9,0.8
2026-09-07T2000,2464A,111.5277,27.2442,邵阳市,市化工厂,细颗粒物(PM2.5),58,NA,43,39,36,113,NA,163,156,18,13,14,12,0.5,0.5
2026-09-07T2000,2466A,111.4327,27.2276,邵阳市,市环保局,,41,33,46,28,35,129,NA,148,146,11,13,6,6,0.6,0.7
2026-09-07T2000,2468A,112.3458,28.581,益阳市,市环保局,颗粒物(PM10),58,60,39,29,35,108,NA,148,140,16,15,7,7,0.9,0.8
2026-09-07T2000,2473A,113.0116,25.8228,郴州市,市职中,,43,43,39,30,28,47,NA,121,110,23,15,8,8,1.0,1
2026-09-07T2000,2475A,113.0381,25.8074,郴州市,市审计局,颗粒物(PM10),58,61,51,32,29,69,NA,122,115,15,12,6,7,/,/
2026-09-07T2000,2476A,113.0348,25.7757,郴州市,市环保局,,38,NA,37,26,32,81,NA,116,110,9,12,8,8,0.7,0.9
2026-09-07T2000,2478A,111.6126,26.4266,永州市,市环境监测站,颗粒物(PM10),60,64,47,35,35,71,NA,120,115,19,12,5,6,1.0,1
2026-09-07T2000,2480A,111.6248,26.3803,永州市,永州市环保局,,48,39,43,33,32,108,NA,124,124,9,12,6,7,0.7,0.8
2026-09-07T2000,2481A,111.5989,26.4523,永州市,冷水滩区环保局,,48,48,54,33,37,86,NA,118,115,10,9,17,24,0.9,1
2026-09-07T2000,2483A,109.9297,27.5383,怀化市,河西地税局,,43,43,40,30,24,65,NA,114,108,29,14,4,4,/,/
2026-09-07T2000,2484A,109.9783,27.5342,怀化市,市四医院,细颗粒物(PM2.5),107,NA,40,67,24,84,NA,118,113,20,14,11,10,0.6,0.6
2026-09-07T2000,2485A,109.9971,27.5579,怀化市,监测楼,NA,NA,NA,41,45,28,89,NA,103,102,17,13,NA,4,NA,0.6
2026-09-07T2000,2488A,111.9984,27.7346,娄底市,市监测站,,43,31,54,30,35,116,NA,146,142,11,21,5,12,0.7,0.9
2026-09-07T2000,2491A,111.9888,27.7035,娄底市,市政府,细颗粒物(PM2.5),56,NA,44,38,30,108,NA,160,154,14,10,12,10,0.8,0.7
2026-09-07T2000,2493A,109.7298,28.3164,湘西土家族苗族自治州,州政府,细颗粒物(PM2.5),84,59,30,52,23,80,NA,128,123,10,5,4,3,0.5,0.5
2026-09-07T2000,2494A,109.6957,28.2676,湘西土家族苗族自治州,吉首市计生局,,32,29,23,22,21,91,NA,144,139,17,10,5,5,0.4,0.3
2026-09-07T2000,2496A,111.3126,23.4772,梧州市,市十一中,,33,NA,25,23,13,4,NA,80,66,50,15,8,9,0.7,0.6
2026-09-07T2000,2498A,111.26,23.4794,梧州市,龙新,,48,48,32,26,12,37,NA,86,82,26,14,8,14,0.8,0.7
2026-09-07T2000,2499A,108.3411,21.6159,防城港市,沙万,颗粒物(PM10),58,60,33,26,21,124,NA,107,107,19,11,8,6,0.7,0.6
2026-09-07T2000,2500A,108.3515,21.7733,防城港市,防城档案局,颗粒物(PM10),55,57,45,33,21,150,NA,119,119,9,9,8,5,0.9,0.7
2026-09-07T2000,2501A,108.3506,21.6414,防城港市,大海花园,臭氧1小时(O3_1h),53,30,30,27,20,162,NA,138,138,9,6,6,5,0.8,0.7
2026-09-07T2000,2502A,108.6238,21.9667,钦州市,市环保站,,44,44,31,13,15,97,NA,103,103,15,10,7,7,0.7,0.7
2026-09-07T2000,2503A,108.655,21.9481,钦州市,沙埠小学,细颗粒物(PM2.5),68,49,39,44,19,96,NA,106,105,22,10,7,6,0.6,0.6
2026-09-07T2000,2504A,108.5989,21.7435,钦州市,港区一小,颗粒物(PM10),58,61,47,28,21,121,NA,124,124,17,18,6,6,0.7,0.6
2026-09-07T2000,2506A,109.604387,23.066791,贵港市,江南子站,,32,31,33,22,20,79,NA,103,102,13,15,4,5,0.7,0.7
2026-09-07T2000,2508A,109.5669,23.1065,贵港市,荷城子站,,36,36,28,20,17,79,NA,99,98,12,12,2,3,0.8,0.7
2026-09-07T2000,2511A,110.1433,22.6162,玉林市,南江一中,,31,31,25,21,13,80,NA,107,105,19,13,4,6,0.5,0.5
2026-09-07T2000,2512A,106.6102,23.901,百色市,市监测站,,27,27,23,15,12,55,NA,92,92,9,10,7,8,0.6,0.5
2026-09-07T2000,2513A,106.6524,23.8842,百色市,市中心血站,,40,40,32,22,19,66,NA,95,95,21,16,14,10,0.5,0.4
2026-09-07T2000,2514A,111.5264,24.4178,贺州市,环保小区,,34,34,29,22,19,69,NA,90,89,17,10,10,9,0.5,0.5
2026-09-07T2000,2515A,111.561,24.4074,贺州市,政协大楼,,45,36,27,31,22,61,NA,97,94,10,9,10,10,0.7,0.6
2026-09-07T2000,2517A,108.0496,24.6957,河池市,市环保站,NA,NA,NA,25,NA,8,60,NA,83,81,9,10,6,6,0.7,0.8
2026-09-07T2000,2520A,109.2203,23.7252,来宾市,来宾技工学校,NA,NA,25,33,14,20,69,NA,90,88,9,11,4,9,NA,0.9
2026-09-07T2000,2521A,107.3473,22.4137,崇左市,市环保局江州分局,,32,32,34,15,15,86,NA,98,98,9,10,2,3,0.5,0.5
2026-09-07T2000,2524A,105.8211,32.4444,广元市,老城,,38,38,44,26,37,52,NA,106,100,38,25,4,5,0.6,0.8
2026-09-07T2000,2526A,105.8629,32.429,广元市,监测站,NA,NA,55,55,39,37,62,NA,102,98,17,15,NA,11,0.5,0.5
2026-09-07T2000,2528A,105.5581,30.5231,遂宁市,市监测站,,38,32,41,15,23,121,NA,128,128,10,17,7,16,0.6,0.7
2026-09-07T2000,2530A,105.5917,30.4727,遂宁市,美宁食品公司,,34,34,49,18,33,108,NA,121,121,16,27,12,11,0.6,0.7
2026-09-07T2000,2531A,105.0703,29.61,内江市,市监测站,,47,37,30,29,31,149,NA,148,148,12,13,7,6,0.5,0.5
2026-09-07T2000,2533A,105.0657,29.5807,内江市,内江二中,,43,43,36,30,33,136,NA,138,138,11,16,7,8,0.4,0.4
2026-09-07T2000,2534A,105.0407,29.5828,内江市,内江日报社,,45,35,26,31,30,136,NA,136,136,9,12,12,10,0.6,0.5
2026-09-07T2000,2536A,103.7629,29.5844,乐山市,牛耳桥,细颗粒物(PM2.5),62,54,56,41,44,92,NA,130,128,14,17,6,8,0.7,0.8
2026-09-07T2000,2537A,103.7501,29.6002,乐山市,市第三水厂,细颗粒物(PM2.5),74,60,55,47,41,86,NA,125,122,16,17,5,6,1.1,1.1
2026-09-07T2000,2538A,103.7571,29.5664,乐山市,市监测站,细颗粒物(PM2.5),58,50,56,39,44,97,NA,129,128,9,13,3,5,1.1,1.1
2026-09-07T2000,2540A,103.8414,30.0871,眉山市,气象局,颗粒物(PM10),77,87,64,48,48,115,NA,150,150,26,23,11,12,1.1,1.1
2026-09-07T2000,2544A,106.6307,30.4577,广安市,市委,,33,20,31,8,26,104,NA,108,108,10,12,11,10,0.4,0.5
2026-09-07T2000,2545A,106.6266,30.4662,广安市,友谊中学,,33,30,34,10,29,104,NA,111,109,11,11,14,12,0.6,0.6
2026-09-07T2000,2547A,106.6386,30.4551,广安市,广电花园,,34,23,31,14,32,106,NA,115,114,11,10,11,11,0.6,0.6
2026-09-07T2000,2549A,107.5087,31.2186,达州市,市环境监测站,,33,33,55,21,36,95,NA,133,128,20,22,7,7,0.4,0.6
2026-09-07T2000,2550A,107.4988,31.2132,达州市,凤凰小区,,36,36,53,17,37,109,NA,142,137,13,21,6,7,0.3,0.5
2026-09-07T2000,2551A,107.5081,31.1987,达州市,达县机关宾馆,,46,46,58,21,37,79,NA,140,132,37,28,6,7,0.4,0.5
2026-09-07T2000,2552A,107.4644,31.2124,达州市,市政中心,,44,44,65,21,35,106,NA,147,140,17,24,6,6,0.3,0.5
2026-09-07T2000,2555A,103.011,29.9833,雅安市,市政府,,43,39,38,30,31,42,NA,69,68,9,8,5,5,0.6,0.6
2026-09-07T2000,2556A,102.9907,29.9778,雅安市,川农大,,28,24,32,19,28,41,NA,65,59,10,7,6,6,0.5,0.6
2026-09-07T2000,2562A,104.6357,30.1508,资阳市,资阳中学,细颗粒物(PM2.5),58,52,45,39,33,118,NA,126,126,7,10,5,6,0.4,0.4
2026-09-07T2000,2565A,104.6297,30.1259,资阳市,区法院,NA,NA,NA,32,NA,36,113,NA,121,121,NA,14,7,7,0.6,0.6
2026-09-07T2000,2568A,102.2503,31.8896,阿坝藏族羌族自治州,马师校,颗粒物(PM10),55,56,27,10,10,28,NA,56,52,10,7,4,4,0.4,0.4
2026-09-07T2000,2570A,101.96,30.048,甘孜藏族自治州,水桥子,,23,15,16,9,11,71,NA,87,85,6,8,3,3,0.2,0.2
2026-09-07T2000,2573A,102.2629,27.8981,凉山彝族自治州,西昌市政府,,32,24,32,22,27,95,NA,104,104,9,6,16,9,0.8,0.6
2026-09-07T2000,2574A,102.2686,27.885,凉山彝族自治州,凉山州政府,,32,32,33,22,28,99,NA,104,104,6,7,8,7,0.7,0.7
2026-09-07T2000,2577A,104.8293,26.592,六盘水市,黄土坡,,28,NA,16,15,14,87,NA,90,90,7,6,3,3,0.3,0.3
2026-09-07T2000,2579A,104.8481,26.5898,六盘水市,民中,,27,NA,17,15,15,86,NA,87,87,7,7,3,1,0.4,0.4
2026-09-07T2000,2580A,104.9541,26.5506,六盘水市,双水,,26,NA,13,10,11,83,NA,83,83,10,6,5,5,0.1,0.2
2026-09-07T2000,2585A,109.1839,27.7344,铜仁市,铜仁卫校,,41,41,31,24,17,53,NA,130,120,38,12,12,5,0.3,0.4
2026-09-07T2000,2586A,109.1752,27.6945,铜仁市,铜仁七中,,38,38,22,21,15,61,NA,114,105,18,8,8,7,0.6,0.4
2026-09-07T2000,2587A,105.287,27.3133,毕节市,八中,,35,NA,23,24,16,98,NA,95,95,11,8,8,9,0.5,0.4
2026-09-07T2000,2588A,105.3079,27.2987,毕节市,师专,,33,30,26,23,17,95,NA,94,94,9,10,8,8,0.3,0.4
2026-09-07T2000,2589A,104.9022,25.0943,黔西南布依族苗族自治州,场坝街,,25,19,16,17,11,80,NA,83,83,8,5,7,8,0.5,0.4
2026-09-07T2000,2590A,104.8812,25.0994,黔西南布依族苗族自治州,坪东大道,,25,18,16,13,11,80,NA,85,85,6,6,4,4,0.4,0.4
2026-09-07T2000,2591A,107.9765,26.5724,黔东南苗族侗族自治州,市环境监测站,,28,28,24,12,14,33,NA,69,62,16,11,3,3,0.6,0.5
2026-09-07T2000,2593A,107.5223,26.2371,黔南布依族苗族自治州,小围寨,,21,19,7,4,6,65,NA,72,72,3,5,3,5,0.6,0.5
2026-09-07T2000,2594A,99.1589,25.1137,保山市,市环境监测站,,22,22,18,10,9,51,NA,51,51,7,7,8,8,0.3,0.3
2026-09-07T2000,2595A,99.1616,25.1381,保山市,市环保局,,18,NA,10,12,9,50,NA,67,64,6,5,6,6,0.5,0.5
2026-09-07T2000,2596A,103.7668,27.3736,昭通市,监测站,,39,31,34,27,22,98,NA,100,100,4,8,5,6,0.4,0.4
2026-09-07T2000,2599A,100.2497,26.8802,丽江市,丽江古城,,25,20,21,14,12,79,NA,84,84,11,10,7,6,0.6,0.7
2026-09-07T2000,2600A,100.2203,26.8906,丽江市,市中心,NA,NA,NA,18,12,14,71,NA,77,77,7,8,8,8,NA,0.6
2026-09-07T2000,2601A,100.9801,22.7634,普洱市,市环保局,,24,24,27,10,11,46,NA,62,52,4,6,6,6,0.6,0.7
2026-09-07T2000,2602A,100.9763,22.8237,普洱市,普洱第二中学,颗粒物(PM10),58,61,45,16,13,41,NA,62,57,5,6,5,5,1.0,1
2026-09-07T2000,2603A,100.0779,23.8981,临沧市,市环保局,,47,47,19,12,9,46,NA,67,66,14,10,10,7,0.5,0.6
2026-09-07T2000,2604A,100.0894,23.882,临沧市,市气象局,,30,30,18,5,12,60,NA,69,69,11,8,9,9,0.6,0.6
2026-09-07T2000,2606A,101.5379,25.0492,楚雄彝族自治州,市经济开发区,NA,NA,NA,22,15,16,36,NA,62,56,14,8,1,2,0.6,0.5
2026-09-07T2000,2610A,104.2533,23.3595,文山壮族苗族自治州,州水务局,NA,NA,NA,22,NA,14,67,NA,84,84,9,8,9,10,0.4,0.3
2026-09-07T2000,2611A,104.2319,23.3892,文山壮族苗族自治州,市便民服务中心,,29,25,24,20,14,70,NA,84,84,10,12,6,7,0.4,0.4
2026-09-07T2000,2612A,100.8018,21.9995,西双版纳傣族自治州,景洪市江南,,23,23,25,10,12,40,NA,42,42,8,7,9,8,0.8,0.7
2026-09-07T2000,2613A,100.7995,22.0238,西双版纳傣族自治州,景洪市江北,,20,20,26,7,11,36,NA,42,42,10,5,10,10,0.7,0.6
2026-09-07T2000,2614A,100.2168,25.5818,大理白族自治州,大理市环境监测站,,22,NA,14,15,10,53,NA,69,68,9,7,5,5,0.5,0.5
2026-09-07T2000,2615A,100.1542,25.7055,大理白族自治州,大理古城,,28,25,21,19,11,51,NA,81,76,14,8,7,7,0.6,0.5
2026-09-07T2000,2616A,98.5611,24.4273,德宏傣族景颇族自治州,德宏州监测站,细颗粒物(PM2.5),52,44,20,36,17,69,NA,77,77,12,6,10,11,0.7,0.6
2026-09-07T2000,2618A,98.859,25.8541,怒江傈僳族自治州,州监测站,,16,16,16,8,11,45,NA,67,64,9,10,4,5,0.6,0.7
2026-09-07T2000,2619A,98.8607,25.8168,怒江傈僳族自治州,泸水一中,,13,11,20,4,12,40,NA,58,56,11,13,5,5,0.6,0.6
2026-09-07T2000,2621A,99.7054,27.8319,迪庆藏族自治州,迪庆州站,,26,26,16,8,6,62,NA,65,65,13,10,8,7,0.3,0.3
2026-09-07T2000,2622A,97.1813,31.1289,昌都市,昌都监测站,,31,31,21,4,3,66,NA,56,56,5,8,4,4,0.3,0.3
2026-09-07T2000,2624A,91.7592,29.234,山南市,山南监测站,,23,3,3,1,1,73,NA,72,72,3,4,9,9,0.2,0.2
2026-09-07T2000,2625A,91.7701,29.2436,山南市,山南人民医院,,24,NA,5,8,2,75,NA,75,75,4,3,6,8,0.3,0.3
2026-09-07T2000,2626A,88.8873,29.2723,日喀则市,日喀则监测站,,20,11,10,8,3,63,NA,78,75,7,9,7,6,0.2,0.3
2026-09-07T2000,2628A,92.0653,31.4846,那曲市,那曲监测站,,30,30,34,20,18,65,NA,74,74,18,15,8,8,0.6,0.6
2026-09-07T2000,2630A,80.1171,32.4999,阿里地区,阿里监测站,,30,4,3,2,1,96,NA,94,89,5,4,5,5,0.3,0.2
2026-09-07T2000,2632A,94.3683,29.6373,林芝市,林芝监测站,,9,8,8,4,5,16,NA,36,34,17,7,4,3,0.5,0.4
2026-09-07T2000,2633A,94.3616,29.6634,林芝市,林芝人民医院,,12,11,12,8,7,19,NA,40,37,14,8,5,5,0.6,0.5
2026-09-07T2000,2635A,107.0155,33.0707,汉中市,市监测站,颗粒物(PM10),54,55,50,36,35,99,NA,132,124,9,8,5,6,0.6,0.6
2026-09-07T2000,2636A,107.0083,33.114,汉中市,鑫源开发区,,49,45,49,34,36,108,NA,147,140,12,10,6,7,0.7,0.7
2026-09-07T2000,2637A,107.0072,33.0323,汉中市,南郑大河坎水厂,,50,49,58,35,37,94,NA,123,116,12,12,4,5,0.6,0.7
2026-09-07T2000,2639A,109.7445,38.2919,榆林市,世纪广场,,28,22,32,13,22,88,NA,107,106,23,16,7,9,0.6,0.5
2026-09-07T2000,2640A,109.729,38.2837,榆林市,实验中学,,30,20,33,14,21,95,NA,108,108,19,15,6,11,0.6,0.6
2026-09-07T2000,2641A,109.7347,38.2491,榆林市,环保监测大楼,,30,15,26,12,23,95,NA,105,105,18,14,8,7,0.6,0.6
2026-09-07T2000,2644A,109.0088,32.6974,安康市,汉滨区检察院,细颗粒物(PM2.5),74,61,41,47,26,99,NA,157,148,16,9,2,4,0.8,0.7
2026-09-07T2000,2645A,109.9155,33.8714,商洛市,监测站,,50,50,48,35,31,152,NA,174,166,14,11,39,13,0.7,0.6
2026-09-07T2000,2647A,104.1727,36.5448,白银市,第三小学,,18,NA,5,5,3,55,NA,69,54,4,6,3,3,0.2,0.2
2026-09-07T2000,2648A,104.1467,36.5482,白银市,动力公司,,17,NA,4,5,4,53,NA,64,51,3,4,2,2,0.5,0.5
2026-09-07T2000,2650A,105.72058,34.57859,天水市,公园小学,,26,24,44,18,29,33,NA,114,44,16,13,11,10,0.6,0.7
2026-09-07T2000,2651A,105.89428,34.55353,天水市,麦积国土局,,25,24,45,17,31,32,NA,149,50,20,12,4,8,0.6,0.6
2026-09-07T2000,2652A,102.6203,37.925,武威市,监测站,,20,NA,13,3,9,62,NA,58,55,6,6,8,9,0.1,0.3
2026-09-07T2000,2654A,100.4699,38.9525,张掖市,润泉湖,,23,9,14,9,10,72,NA,69,69,10,8,3,3,0.3,0.3
2026-09-07T2000,2655A,100.4155,38.9422,张掖市,区工会,,27,NA,18,8,10,85,NA,79,79,4,6,8,8,0.3,0.4
2026-09-07T2000,2656A,106.6633,35.5338,平凉市,聚贤嘉苑,,21,21,37,5,21,49,NA,116,55,10,13,6,10,0.6,0.8
2026-09-07T2000,2657A,106.7021,35.5307,平凉市,博物馆,,16,16,39,4,22,44,NA,106,52,10,15,9,10,0.5,0.7
2026-09-07T2000,2661A,107.6325,35.7357,庆阳市,庆阳五中,,18,16,43,6,27,55,NA,126,69,9,12,2,4,0.4,0.4
2026-09-07T2000,2662A,107.6361,35.7067,庆阳市,市环保局,,20,19,43,11,26,62,NA,126,72,10,10,3,4,0.7,0.6
2026-09-07T2000,2669A,102.9097,34.9841,甘南藏族自治州,州政府,,19,12,12,2,6,58,NA,66,62,10,7,5,6,0.4,0.4
2026-09-07T2000,2671A,100.9016,36.9464,海北藏族自治州,海晏县西海镇,,35,14,14,10,8,109,NA,110,110,1,3,6,6,0.5,0.6
2026-09-07T2000,2672A,102.02,35.5101,黄南藏族自治州,同仁县隆务镇,NA,NA,NA,19,NA,11,80,NA,91,90,NA,3,NA,10,0.3,0.3
2026-09-07T2000,2673A,100.6158,36.2985,海南藏族自治州,共和县恰卜恰镇,,28,8,13,5,6,87,NA,89,89,2,4,6,8,0.6,0.6
2026-09-07T2000,2674A,100.2262,34.4854,果洛藏族自治州,玛沁县大武镇,,25,25,15,6,6,75,NA,79,79,2,3,12,12,0.6,0.4
2026-09-07T2000,2675A,97.0386,33.0138,玉树藏族自治州,玉树县结古镇,,20,13,12,4,3,62,NA,72,72,12,15,3,4,0.5,0.5
2026-09-07T2000,2676A,97.373,37.376,海西蒙古族藏族自治州,德令哈市,,39,39,26,17,11,116,NA,116,116,2,3,12,12,0.5,0.4
2026-09-07T2000,2677A,106.1535,37.9648,吴忠市,教育园区,,12,12,42,8,30,37,NA,59,38,8,13,4,4,0.4,0.6
2026-09-07T2000,2679A,106.1851,37.9957,吴忠市,新区二泵站,,17,17,43,5,27,34,NA,59,36,10,15,6,6,0.4,0.5
2026-09-07T2000,2682A,105.1965,37.4996,中卫市,环保局站,,19,5,38,2,17,59,NA,64,57,5,4,2,2,0.4,0.4
2026-09-07T2000,2684A,106.2753,36.0057,固原市,监测站,,18,3,13,2,9,56,NA,72,62,7,7,7,6,0.2,0.3
2026-09-07T2000,2685A,106.2384,36.0189,固原市,新区,,16,NA,11,4,10,51,NA,67,56,8,8,5,5,0.4,0.4
2026-09-07T2000,2686A,89.1905,42.9419,吐鲁番市,市环保局,颗粒物(PM10),65,70,62,29,19,105,NA,110,110,10,11,6,6,0.5,0.5
2026-09-07T2000,2687A,89.1674,42.9558,吐鲁番市,地区环保局,颗粒物(PM10),59,62,60,28,16,106,NA,114,114,10,17,2,3,0.4,0.5
2026-09-07T2000,2688A,93.5124,42.8176,哈密市,地区监测站,,26,26,40,12,15,81,NA,88,88,5,21,3,3,0.1,0.3
2026-09-07T2000,2689A,93.5014,42.8312,哈密市,哈密师范学校,,26,19,45,15,23,83,NA,88,88,5,23,6,8,0.0,0.3
2026-09-07T2000,2692A,87.2722,44.0298,昌吉回族自治州,新区政务中心,,33,15,22,10,10,103,NA,100,100,6,20,7,7,0.2,0.3
2026-09-07T2000,2693A,82.0482,44.8553,博尔塔拉蒙古自治州,市党校,,41,41,53,2,10,118,NA,115,115,5,6,4,5,0.2,0.2
2026-09-07T2000,2694A,82.0805,44.8966,博尔塔拉蒙古自治州,市环保局,,39,34,42,9,11,122,NA,115,115,2,12,6,6,0.2,0.3
2026-09-07T2000,2695A,80.2899,41.1684,阿克苏地区,电视台,,46,42,40,32,23,95,NA,91,91,3,12,7,6,0.2,0.5
2026-09-07T2000,2696A,80.2592,41.1541,阿克苏地区,艺术中心,,48,48,51,32,25,106,NA,102,102,4,17,4,5,0.3,0.4
2026-09-07T2000,2697A,76.1457,39.7143,克孜勒苏柯尔克孜自治州,市人民政府,,38,38,54,17,19,96,NA,108,108,13,13,3,2,0,0
2026-09-07T2000,2698A,76.0071,39.466,喀什地区,巡警大队,颗粒物(PM10),53,53,55,18,16,86,NA,93,93,19,18,4,4,0.5,0.4
2026-09-07T2000,2699A,75.9756,39.4693,喀什地区,吾办,颗粒物(PM10),53,54,58,13,19,85,NA,88,88,9,14,6,6,0.3,0.3
2026-09-07T2000,2704A,81.3002,43.9177,伊犁哈萨克自治州,新政府片区,,36,19,41,10,14,113,NA,103,103,4,20,4,5,0.5,0.7
2026-09-07T2000,2705A,81.3364,43.9409,伊犁哈萨克自治州,第二水厂,,37,12,50,6,13,117,NA,104,104,6,17,6,7,0.4,0.6
2026-09-07T2000,2706A,82.9993,46.7432,塔城地区,东门外小游园,,49,49,56,12,9,98,NA,102,102,3,5,4,4,0.3,0.3
2026-09-07T2000,2708A,88.1266,47.8515,阿勒泰地区,市站,,25,25,32,10,4,76,NA,85,85,15,16,1,1,0.3,0.3
2026-09-07T2000,2709A,86.0391,44.298,石河子市,艾青诗歌馆,,36,22,31,2,5,114,NA,118,118,6,10,6,6,0.4,0.4
2026-09-07T2000,2711A,87.5352,44.1606,五家渠市,农水大厦,,34,20,51,6,17,108,NA,106,106,2,20,3,4,0.3,0.4
2026-09-07T2000,2809A,113.6668,24.7756,韶关市,大学路288号,,33,33,35,23,22,39,NA,98,88,15,8,11,12,/,/
2026-09-07T2000,2835A,101.7222,26.567,攀枝花市,四十中小,,46,46,55,22,37,60,NA,96,92,34,19,9,31,1.4,1.2
2026-09-07T2000,2842A,118.0937,24.5054,厦门市,湖里中学,,44,26,21,13,13,140,NA,129,129,5,9,2,2,0.4,0.5
2026-09-07T2000,2845A,113.1561,36.1912,长治市,德盛苑,,45,40,39,26,28,144,NA,177,166,6,8,12,14,0.9,1.1
2026-09-07T2000,2846A,113.3209,23.1323,广州市,体育西,颗粒物(PM10),58,60,39,34,23,106,NA,131,131,45,40,5,6,0.9,0.8
2026-09-07T2000,2858A,117.7917,39.2473,天津市,河西一经路,NA,NA,NA,39,NA,16,58,NA,152,143,14,24,8,12,0.7,0.9
2026-09-07T2000,2859A,117.3747,38.9845,天津市,津沽路,,40,40,36,15,17,109,NA,153,151,12,23,6,7,0.6,0.7
2026-09-07T2000,2860A,117.159,39.0844,天津市,宾水西道,颗粒物(PM10),51,51,36,21,17,85,NA,161,156,5,8,5,7,0.6,0.5
2026-09-07T2000,2865A,112.7195,37.683,晋中市,榆次三中,细颗粒物(PM2.5),56,NA,55,38,34,65,NA,120,110,30,18,8,10,0.9,0.8
2026-09-07T2000,2867A,111.1225,37.5093,吕梁市,马茂庄小学,,22,NA,68,11,27,69,NA,69,69,27,32,3,9,0.6,0.7
2026-09-07T2000,2868A,126.4737,43.953,吉林市,九站,,42,30,37,29,23,37,NA,57,26,17,26,18,13,0.7,0.7
2026-09-07T2000,2869A,119.4472,32.4156,扬州市,五台山医院,,33,18,12,11,9,104,NA,115,113,8,7,6,6,0.6,0.6
2026-09-07T2000,2870A,119.4369,32.1891,镇江市,市疾控中心,,29,18,14,7,5,90,NA,114,111,17,9,7,7,0.6,0.6
2026-09-07T2000,2871A,121.6156,29.9015,宁波市,万里国际学校,,32,26,20,12,11,101,NA,126,124,20,16,8,8,0.5,0.5
2026-09-07T2000,2872A,120.7845,30.7524,嘉兴市,南湖区残联,,45,42,25,20,11,141,NA,154,154,11,11,7,7,0.5,0.5
2026-09-07T2000,2873A,120.083,30.8929,湖州市,仁皇山新区,,45,31,21,16,11,144,NA,148,148,12,12,6,7,0.4,0.5
2026-09-07T2000,2875A,115.783962,32.889217,阜阳市,阜阳职业技术学院,,44,42,41,19,20,139,NA,165,162,9,16,4,4,0.4,0.4
2026-09-07T2000,2877A,119.1638,36.6524,潍坊市,坊子邮政,,35,27,35,3,14,112,NA,156,152,10,18,3,4,0.4,0.5
2026-09-07T2000,2880A,104.0219,30.6561,成都市,大石西路,颗粒物(PM10),58,61,58,34,48,120,NA,134,134,14,17,5,6,0.6,0.7
2026-09-07T2000,2881A,107.8909,26.531,黔东南苗族侗族自治州,凯里学院,,28,NA,11,19,12,46,NA,79,72,13,8,4,4,0.5,0.4
2026-09-07T2000,2882A,102.5388,24.3703,玉溪市,玉溪一中,,25,22,23,15,14,78,NA,87,86,8,9,3,6,0.3,0.4
2026-09-07T2000,2883A,102.5382,24.339,玉溪市,文体中心,,38,38,24,12,14,79,NA,86,85,5,7,5,7,0.2,0.3
2026-09-07T2000,2884A,98.2672,39.7978,嘉峪关市,酒钢宾馆,,24,7,8,1,7,75,NA,69,69,8,9,8,10,0.6,0.8
2026-09-07T2000,2885A,104.9344,33.3827,陇南市,滨江中学,颗粒物(PM10),51,51,38,14,22,70,NA,104,99,6,6,8,8,0.6,0.5
2026-09-07T2000,2894A,117.0561,32.6536,淮南市,经济技术开发区消防队,,41,41,34,24,16,122,NA,156,154,24,22,10,10,0.3,0.3
2026-09-07T2000,2897A,123.2429,41.7341,沈阳市,沈辽西路,,35,35,43,7,18,49,NA,47,47,12,22,6,12,0.5,0.8
2026-09-07T2000,2900A,123.5951,41.9085,沈阳市,裕农路,,22,22,38,8,19,42,NA,40,40,12,24,7,12,0.4,0.7
2026-09-07T2000,2902A,106.6347,30.4868,广安市,北辰小学,,33,26,38,16,28,104,NA,114,112,14,13,10,10,0.6,0.6
2026-09-07T2000,2907A,120.1846,30.8592,湖州市,吴兴区站,,42,25,20,18,11,134,NA,134,134,15,13,7,8,0.4,0.5
2026-09-07T2000,2919A,116.7022,39.5454,廊坊市,河北工业大学,,25,25,41,11,26,63,NA,153,143,7,14,3,3,0.3,0.3
2026-09-07T2000,2920A,117.71,24.5048,漳州市,蓝田镇,,34,31,28,15,17,108,NA,124,119,7,9,6,6,0.4,0.5
2026-09-07T2000,2921A,120.5482,30.0003,绍兴市,树下王站,,41,NA,16,14,13,129,NA,130,130,16,14,4,4,0.7,0.7
2026-09-07T2000,2922A,117.194,39.1069,天津市,大理道,,40,40,32,24,18,86,NA,158,154,16,19,4,6,0.7,0.5
2026-09-07T2000,2924A,106.2266,38.4417,银川市,水乡路,,37,37,42,4,20,38,NA,79,38,13,15,3,4,0.5,0.6
2026-09-07T2000,2925A,106.2758,38.4841,银川市,上海东路,,13,13,26,3,19,32,NA,68,32,14,16,6,6,0.5,0.6
2026-09-07T2000,2926A,106.1016,38.4971,银川市,文昌北街,,21,21,42,5,22,43,NA,75,42,10,18,3,4,0.4,0.6
2026-09-07T2000,2929A,114.8858,30.4519,黄冈市,红卫路,,46,46,35,18,21,130,NA,185,181,21,11,11,12,0.5,0.4
2026-09-07T2000,2996A,118.2781,33.9658,宿迁市,市供电局,,42,38,33,18,12,134,NA,150,150,15,16,4,5,0.6,0.5
2026-09-07T2000,2997A,119.8767,32.3291,泰州市,王营,,25,17,13,4,6,78,NA,100,96,7,8,9,10,0.4,0.4
2026-09-07T2000,3000A,119.3577,34.6971,连云港市,德源药业,,48,48,27,7,9,52,NA,118,104,38,24,5,6,0.2,0.2
2026-09-07T2000,3002A,119.9701,31.813,常州市,行政中心,,28,28,20,8,5,83,NA,117,111,17,16,6,7,0.4,0.4
2026-09-07T2000,3003A,120.0434,31.7726,常州市,经开区,,24,24,21,6,4,76,NA,113,105,16,12,9,8,0.4,0.4
2026-09-07T2000,3004A,120.1543,33.3664,盐城市,宝龙广场,,22,14,10,4,6,69,NA,84,80,6,5,8,9,0.3,0.6
2026-09-07T2000,3005A,117.1812,34.29,徐州市,鼓楼区政府,细颗粒物(PM2.5),60,56,35,40,21,133,NA,161,159,9,8,6,7,0.7,0.6
2026-09-07T2000,3006A,117.1693,34.1781,徐州市,铜山区招生办,颗粒物(PM10),60,63,47,31,23,118,NA,170,166,21,15,9,9,0.7,0.6
2026-09-07T2000,3007A,119.178,34.8442,连云港市,新城一中,,30,30,32,11,13,87,NA,127,120,27,20,9,11,0.5,0.4
2026-09-07T2000,3008A,119.3607,34.7519,连云港市,胡沟管理处,,34,22,17,14,5,107,NA,118,115,21,21,10,11,0.6,0.5
2026-09-07T2000,3009A,119.1478,34.5913,连云港市,矿山设计院,,31,19,21,7,10,97,NA,135,130,7,19,3,3,0.3,0.3
2026-09-07T2000,3010A,119.8919,31.7892,常州市,钟楼,NA,NA,17,24,6,5,92,NA,122,118,12,15,8,10,NA,0
2026-09-07T2000,3012A,112.1849,31.0361,荆门市,西山林语,细颗粒物(PM2.5),54,NA,53,37,36,136,NA,178,175,12,12,11,10,0.9,1
2026-09-07T2000,3014A,106.4958,29.5347,重庆市,歇台子,,30,29,25,15,9,94,NA,117,114,16,12,8,8,0.6,0.5
2026-09-07T2000,3015A,106.4067,29.5729,重庆市,龙井湾,,45,45,20,23,12,127,NA,140,140,14,11,10,9,0.7,0.7
2026-09-07T2000,3016A,106.5506,29.415,重庆市,龙洲湾,,35,35,20,14,8,79,NA,99,98,7,10,7,8,0.5,0.5
2026-09-07T2000,3018A,111.5048,36.1015,临汾市,唐尧大酒店,颗粒物(PM10),98,116,87,45,31,125,NA,165,162,19,16,14,8,1.1,0.8
2026-09-07T2000,3020A,117.2096,39.1698,天津市,中山北路,颗粒物(PM10),52,52,40,27,17,62,NA,148,142,16,16,4,6,0.8,0.6
2026-09-07T2000,3021A,115,35.7667,濮阳市,濮水河管理处,"颗粒物(PM10),臭氧1小时(O3_1h)",53,54,66,30,44,162,NA,191,188,7,18,5,7,0.7,0.7
2026-09-07T2000,3025A,113.0479,23.6343,清远市,技师学院,,32,29,31,17,18,101,NA,111,111,16,13,8,8,0.8,0.8
2026-09-07T2000,3026A,116.6179,23.6608,潮州市,市政府,,31,31,27,19,18,67,NA,115,109,15,11,5,7,0.5,0.5
2026-09-07T2000,3028A,104.7765,29.3623,自贡市,檀木林体育馆,NA,NA,42,34,31,25,116,NA,147,146,11,10,NA,9,NA,0.6
2026-09-07T2000,3033A,87.4652,43.4569,乌鲁木齐市,培训基地,,41,41,19,18,5,120,NA,118,118,4,5,3,3,0.3,0.3
2026-09-07T2000,3034A,113.1076,41.0385,乌兰察布市,光明街小学,,22,22,31,10,13,50,NA,70,50,10,11,4,7,0.4,0.4
2026-09-07T2000,3036A,118.6903,37.4337,东营市,开发区管委会,,32,22,26,0,6,101,NA,127,125,6,8,4,4,0.5,0.5
2026-09-07T2000,3038A,103.3757,23.3679,红河哈尼族彝族自治州,州图书馆,,30,27,21,21,16,60,NA,84,81,4,4,5,5,0.4,0.3
2026-09-07T2000,3039A,111.1911,34.7829,三门峡市,三门峡市第一小学,细颗粒物(PM2.5),66,62,65,43,42,171,NA,164,164,12,11,9,10,0.7,0.7
2026-09-07T2000,3045A,109.9647,33.8486,商洛市,商州区中学,颗粒物(PM10),52,52,54,35,33,130,NA,168,157,22,18,52,15,0.7,0.6
2026-09-07T2000,3046A,115.9084,28.6062,南昌市,机电学校,,43,36,29,16,15,137,NA,145,143,17,14,9,10,0.6,0.6
2026-09-07T2000,3048A,119.5799,26.0937,福州市,九龙,,31,30,26,11,11,99,NA,146,141,6,7,5,6,0.6,0.7
2026-09-07T2000,3051A,117.385,39.1483,天津市,西四道,,27,27,36,13,17,72,NA,147,141,9,20,3,5,0.7,0.5
2026-09-07T2000,3054A,113.9194,35.2847,新乡市,市委党校,臭氧1小时(O3_1h),70,59,55,35,39,176,NA,219,213,15,23,11,9,0.9,0.9
2026-09-07T2000,3055A,101.7775,36.643,西宁市,城北区政府,,23,14,13,12,10,72,NA,87,84,21,16,8,7,0.8,0.9
2026-09-07T2000,3057A,121.5989,37.4016,烟台市,牟平检察院,,31,17,14,7,9,98,NA,112,112,7,11,6,6,0.3,0.3
2026-09-07T2000,3058A,119.2656,42.0356,赤峰市,银河街,,14,10,30,8,15,43,NA,70,50,14,10,5,6,0.6,0.7
2026-09-07T2000,3059A,117.7181,36.205,济南市,泰兴公司,NA,NA,51,42,12,16,139,NA,186,182,NA,31,7,7,0.4,0.5
2026-09-07T2000,3061A,119.7511,49.1576,呼伦贝尔市,国华电力东,,36,36,21,11,12,38,NA,52,51,17,9,4,4,0.3,0.3
2026-09-07T2000,3064A,117.6861,36.2172,济南市,莱芜战役纪念馆,,48,36,42,8,16,152,NA,186,182,17,23,9,7,0.7,0.8
2026-09-07T2000,3065A,101.9534,29.9976,甘孜藏族自治州,州环保局,,21,21,22,14,12,57,NA,80,76,17,11,2,3,0.3,0.3
2026-09-07T2000,3066A,116.2722,37.438,德州市,九衢泉纯净水厂,,41,39,42,13,18,130,NA,160,157,12,20,4,7,0.4,0.5
2026-09-07T2000,3109A,115.0094,25.8614,赣州市,赣县区卫计委,,44,44,30,14,20,70,NA,124,116,15,18,2,2,0.8,0.6
2026-09-07T2000,3123A,105.9408,26.2431,安顺市,凤凰山,,26,NA,15,18,15,69,NA,85,83,6,7,5,5,0.5,0.5
2026-09-07T2000,3124A,105.9443,26.2567,安顺市,金钟山,,26,18,15,18,16,74,NA,89,87,6,5,5,5,0.6,0.6
2026-09-07T2000,3125A,105.8983,26.248,安顺市,娄家坡,,26,NA,17,18,15,70,NA,85,83,5,4,5,5,0.5,0.4
2026-09-07T2000,3131A,114.878,40.7992,张家口市,烟厂,,29,27,36,20,16,51,NA,66,60,7,9,/,/,/,/
2026-09-07T2000,3132A,119.5979,39.938,秦皇岛市,文明里,,31,31,39,3,12,57,NA,76,63,2,6,8,11,0.3,0.4
2026-09-07T2000,3133A,106.5469,29.5655,重庆市,上清寺,,31,22,23,11,11,99,NA,106,105,20,20,4,4,0.4,0.3
2026-09-07T2000,3134A,113.8172,34.0339,许昌市,市一中,颗粒物(PM10),58,61,76,37,46,118,NA,159,153,17,16,8,8,0.7,0.8
2026-09-07T2000,3136A,104.2724,30.559,成都市,龙泉驿区区政府,,43,36,44,30,41,93,NA,114,114,10,14,4,5,0.7,0.7
2026-09-07T2000,3138A,111.7152,29.0288,常德市,武陵区永安,细颗粒物(PM2.5),108,NA,60,68,49,113,NA,161,154,NA,14,10,10,1.1,1
2026-09-07T2000,3139A,111.6891,28.9881,常德市,鼎城区玉霞,细颗粒物(PM2.5),94,60,59,57,46,114,NA,160,154,17,18,13,13,1.0,1
2026-09-07T2000,3140A,111.6651,29.0526,常德市,武陵区长庚,,49,49,61,34,45,131,NA,164,160,7,13,9,11,0.9,1
2026-09-07T2000,3141A,114.3921,36.0879,安阳市,信访局,臭氧1小时(O3_1h),75,52,67,39,41,180,NA,205,202,17,17,4,8,0.6,0.8
2026-09-07T2000,3147A,114.3434,34.8101,开封市,龙亭公园,"颗粒物(PM10),臭氧1小时(O3_1h)",58,60,76,30,40,166,NA,210,201,5,13,4,5,0.6,0.7
2026-09-07T2000,3148A,103.829,30.0563,眉山市,区人社局,颗粒物(PM10),71,79,67,43,43,131,NA,147,147,22,20,11,15,1.0,0.9
2026-09-07T2000,3149A,115.0174,30.1591,黄石市,笔架山北路,,48,48,42,15,16,119,NA,142,140,6,6,10,10,0.5,0.5
2026-09-07T2000,3151A,114.375,27.8096,宜春市,宜春学院北校区,,38,38,44,25,24,103,NA,116,114,9,9,3,2,0.5,0.5
2026-09-07T2000,3153A,114.3876,30.4908,武汉市,民族大道182号,NA,NA,30,30,30,25,158,NA,178,176,NA,17,6,7,0.5,0.8
2026-09-07T2000,3164A,119.4682,32.394,扬州市,广陵建设局,,33,18,19,7,6,105,NA,112,111,6,10,8,8,0.2,0.2
2026-09-07T2000,3171A,115.6069,34.4465,商丘市,梁园区档案局,颗粒物(PM10),55,57,52,19,27,144,NA,178,176,21,20,5,5,0.6,0.6
2026-09-07T2000,3173A,117.0598,30.5351,安庆市,市人大,,45,45,27,27,13,117,NA,143,141,20,13,7,7,0.7,0.6
2026-09-07T2000,3178A,119.0587,36.7209,潍坊市,潍坊七中,,35,24,34,5,12,110,NA,144,140,9,20,4,5,0.4,0.4
2026-09-07T2000,3179A,102.7491,25.012,昆明市,官渡区博物馆,,30,28,28,21,17,87,NA,108,107,16,16,4,4,0.5,0.5
2026-09-07T2000,3180A,99.7122,27.8129,迪庆藏族自治州,质量技术监督局,,16,16,16,11,7,47,NA,62,62,22,9,6,6,0.3,0.3
2026-09-07T2000,3181A,106.776805,31.852614,巴中市,市五中,细颗粒物(PM2.5),106,NA,55,66,44,74,NA,109,106,15,16,12,12,0.9,0.9
2026-09-07T2000,3183A,106.7419,31.8654,巴中市,圣泉水务公司,,49,43,47,34,39,90,NA,121,118,16,13,13,12,0.8,0.8
2026-09-07T2000,3187A,116.9508,33.666,宿州市,远航博物馆,,49,46,40,27,24,156,NA,172,172,13,17,7,8,0.6,0.6
2026-09-07T2000,3188A,115.6684,37.7216,衡水市,市城管局,颗粒物(PM10),63,68,61,23,24,130,NA,150,147,17,21,1,5,0.5,0.4
2026-09-07T2000,3190A,116.0254,29.6995,九江市,外国语学校,细颗粒物(PM2.5),90,NA,31,55,18,123,NA,153,151,23,14,6,6,0.3,0.2
2026-09-07T2000,3191A,118.3243,33.95,宿迁市,宿豫区政府,,44,44,27,24,13,113,NA,142,141,27,15,6,6,0.6,0.5
2026-09-07T2000,3192A,80.0906,32.5029,阿里地区,阿里藏医院,,30,13,7,3,2,96,NA,90,85,3,3,6,6,0.3,0.3
2026-09-07T2000,3194A,112.2749,30.3124,荆州市,管委会,细颗粒物(PM2.5),52,44,44,36,35,131,NA,170,166,10,20,11,12,0.5,0.5
2026-09-07T2000,3195A,119.3649,32.3961,扬州市,市体育局,,30,22,17,9,6,94,NA,112,108,10,9,7,7,0.3,0.3
2026-09-07T2000,3200A,115.9772,36.4986,聊城市,监控中心,,47,47,62,12,38,128,NA,186,175,18,32,7,8,0.4,0.6
2026-09-07T2000,3206A,114.9148,27.8069,新余市,新钢沁园村,,37,33,34,22,26,118,NA,154,150,13,12,7,10,0.5,0.4
2026-09-07T2000,3207A,118.31131,32.3033,滁州市,市政府原办公楼,,45,NA,21,31,20,116,NA,129,127,14,8,7,7,0.3,0.3
2026-09-07T2000,3208A,112.7279,38.4157,忻州市,市政府,,30,23,40,20,23,93,NA,82,82,11,20,5,7,0.6,0.7
2026-09-07T2000,3209A,119.5231,26.6562,宁德市,宁德一中,,43,34,29,16,16,137,NA,149,149,8,7,5,5,0.5,0.5
2026-09-07T2000,3210A,114.3645,34.7955,开封市,汴京公园,细颗粒物(PM2.5),86,90,85,53,44,150,NA,211,199,17,15,8,8,0.5,0.5
2026-09-07T2000,3216A,117.662,24.5187,漳州市,漳州党校,,34,28,27,12,16,107,NA,128,122,10,9,/,/,/,/
2026-09-07T2000,3237A,117.4918,30.6617,池州市,展览馆,,48,48,32,24,17,121,NA,148,148,18,14,7,5,0.6,0.6
2026-09-07T2000,3241A,103.7439,36.0841,兰州市,百合公园,,25,19,23,17,10,44,NA,68,49,18,16,2,4,0.4,0.4
2026-09-07T2000,3242A,103.9613,35.9985,兰州市,和平,,18,11,19,10,11,55,NA,76,64,6,6,10,10,0.8,0.8
2026-09-07T2000,3247A,104.9551,33.3709,陇南市,市总工会,,36,36,36,10,19,70,NA,105,99,5,5,8,8,0.6,0.5
2026-09-07T2000,3248A,98.2644,39.7723,嘉峪关市,雄关区,,25,18,18,2,5,77,NA,72,72,8,8,4,3,0.2,0.2
2026-09-07T2000,3265A,121.4242,31.3303,上海市,宝山庙行,,26,26,23,12,11,77,NA,91,90,19,14,7,7,0.4,0.4
2026-09-07T2000,3266A,121.8789,31.4662,上海市,崇明上实东滩,,33,16,16,10,10,103,NA,104,104,6,8,8,8,0.4,0.3
2026-09-07T2000,3268A,121.316,31.2839,上海市,嘉定南翔,,27,27,19,13,11,76,NA,100,96,19,12,8,8,0.5,0.4
2026-09-07T2000,3269A,121.3357,30.7455,上海市,金山新城,,28,28,24,15,14,77,NA,121,113,17,16,4,5,0.8,0.8
2026-09-07T2000,3270A,121.4996,31.0741,上海市,闵行浦江,,27,24,21,12,11,86,NA,98,96,14,16,7,7,0.6,0.6
2026-09-07T2000,3271A,121.2886,31.1663,上海市,青浦徐泾,,25,25,21,14,12,76,NA,105,100,13,8,8,6,0.6,0.4
2026-09-07T2000,3272A,121.2193,31.0382,上海市,松江图书馆,,31,31,27,15,14,55,NA,104,92,42,23,7,7,0.5,0.4
2026-09-07T2000,3273A,121.3904,31.206,上海市,长宁仙霞,,28,20,22,12,12,89,NA,96,95,7,13,5,6,0.3,0.3
2026-09-07T2000,3274A,121.7964,31.0507,上海市,浦东惠南,,31,25,23,11,10,98,NA,103,102,14,16,9,10,0.8,0.8
2026-09-07T2000,3282A,113.3399,40.0586,大同市,大同市卫生学校,,14,12,41,7,11,42,NA,66,48,13,22,6,11,0.4,0.5
2026-09-07T2000,3283A,109.9154,40.5684,包头市,滨河大厦,,13,NA,15,7,8,41,NA,61,45,11,10,5,6,0.3,0.3
2026-09-07T2000,3284A,106.8129,39.7274,乌海市,海北新区,,15,15,28,4,12,45,NA,63,37,7,7,7,6,0.3,0.4
2026-09-07T2000,3285A,113.1383,40.9513,乌兰察布市,北京八中,,16,15,28,11,10,41,NA,75,50,12,11,13,16,0.4,0.3
2026-09-07T2000,3286A,118.9359,42.3146,赤峰市,桥北物流园区,,14,10,18,4,8,44,NA,86,55,13,10,4,4,0.5,0.5
2026-09-07T2000,3287A,119.3842,32.198,镇江市,富润路1号,,27,22,18,12,11,48,NA,120,108,54,21,7,7,0.3,0.2
2026-09-07T2000,3288A,117.4619,34.4368,徐州市,大泉街道,细颗粒物(PM2.5),62,64,42,41,20,139,NA,176,174,14,11,5,5,0.9,0.6
2026-09-07T2000,3289A,120.7431,31.3188,苏州市,方洲路,,24,19,20,11,10,74,NA,117,108,14,11,7,8,0.4,0.6
2026-09-07T2000,3290A,120.4979,31.2777,苏州市,木渎中学,NA,NA,19,21,8,9,86,NA,140,134,17,15,5,6,NA,0.3
2026-09-07T2000,3291A,121.0631,32.0644,南通市,通州监测站,,27,17,13,6,2,84,NA,91,90,4,4,1,1,0.5,0.5
2026-09-07T2000,3293A,120.1518,33.3369,盐城市,月亮广场,,25,12,13,7,6,79,NA,89,87,6,5,10,10,0.2,0.2
2026-09-07T2000,3294A,119.565282,32.422263,扬州市,引江管理处,,29,25,17,11,9,92,NA,100,99,10,7,3,4,0.5,0.5
2026-09-07T2000,3295A,120.1226,32.515,泰州市,姜堰区政府广场,,26,17,21,10,12,81,NA,104,99,5,7,6,8,0.5,0.5
2026-09-07T2000,3298A,113.5718,23.5493,广州市,从化街口,细颗粒物(PM2.5),54,51,32,37,22,39,NA,89,83,21,10,6,6,0.6,0.5
2026-09-07T2000,3299A,113.3463,23.369,广州市,白云竹料,,45,43,45,31,27,79,NA,107,104,16,27,4,4,0.7,0.7
2026-09-07T2000,3300A,113.2981,23.2365,广州市,白云嘉禾,颗粒物(PM10),51,51,45,31,27,56,NA,128,122,46,35,12,13,/,/
2026-09-07T2000,3301A,113.4256,23.1716,广州市,黄埔科学城,,36,29,30,25,24,49,NA,103,100,26,22,6,6,0.7,0.8
2026-09-07T2000,3302A,113.3942,23.0485,广州市,番禺大学城,臭氧1小时(O3_1h),82,NA,38,42,29,185,NA,158,158,28,35,8,9,0.7,0.7
2026-09-07T2000,3303A,113.4923,22.8169,广州市,南沙黄阁,臭氧1小时(O3_1h),73,67,46,38,35,178,NA,196,196,32,39,9,9,/,/
2026-09-07T2000,3304A,113.534,22.7893,广州市,南沙街,臭氧1小时(O3_1h),73,72,48,39,36,178,NA,202,202,23,31,7,7,0.9,0.9
2026-09-07T2000,3305A,114.0614,22.556,深圳市,莲花,,41,41,29,26,18,118,NA,112,112,19,19,/,/,/,/
2026-09-07T2000,3306A,114.0144,22.6163,深圳市,民治,细颗粒物(PM2.5),54,49,38,37,25,130,NA,126,126,40,50,/,/,/,/
2026-09-07T2000,3307A,114.1756,22.6421,深圳市,横岗,,42,42,32,28,21,92,NA,139,134,55,32,/,/,/,/
2026-09-07T2000,3308A,113.3493,22.0572,珠海市,金湾,,34,25,21,17,18,108,NA,135,134,6,9,/,/,0.2,0.2
2026-09-07T2000,3311A,113.1077,22.5647,江门市,江海富民,细颗粒物(PM2.5),74,71,63,47,31,148,NA,178,178,22,22,/,/,0.5,0.5
2026-09-07T2000,3313A,112.4572,23.0163,肇庆市,高要湖西,,32,28,23,20,13,101,NA,120,120,6,10,5,8,1.3,1
2026-09-07T2000,3314A,114.4334,22.8134,惠州市,惠阳秋长,NA,NA,NA,36,NA,23,NA,NA,120,NA,NA,19,NA,NA,NA,NA
2026-09-07T2000,3315A,116.1234,24.2994,梅州市,梅龙,,39,36,24,27,17,56,NA,91,86,12,9,6,7,0.7,0.6
2026-09-07T2000,3317A,111.9785,21.8954,阳江市,两阳中学,,28,14,9,12,14,89,NA,104,104,6,11,/,/,0.7,0.7
2026-09-07T2000,3318A,112.9898,23.7403,清远市,清新太和,,36,36,32,17,19,98,NA,116,116,6,8,11,10,0.5,0.5
2026-09-07T2000,3319A,113.7283,23.041,东莞市,万江金泰,,38,36,44,20,29,120,NA,139,139,16,30,4,7,0.9,0.9
2026-09-07T2000,3320A,116.4028,23.5699,揭阳市,曲溪,,21,20,31,11,22,67,NA,113,109,12,15,8,8,1.4,0.8
2026-09-07T2000,3323A,115.2772,40.9723,张家口市,青少年活动中心,,19,NA,12,7,10,60,NA,91,79,3,6,3,4,0.2,0.2
2026-09-07T2000,3324A,116.8011,38.294,沧州市,河北水利电力学院,,44,44,36,22,18,108,NA,147,143,11,14,6,7,0.5,0.3
2026-09-07T2000,3325A,117.0362,39.3827,天津市,雍阳西道,,23,23,38,9,17,56,NA,138,128,5,16,6,8,0.4,0.5
2026-09-07T2000,3326A,117.0291,39.0612,天津市,辛老路,,27,23,31,12,15,86,NA,172,167,14,20,10,10,0.6,0.4
2026-09-07T2000,3327A,116.9638,38.9374,天津市,地纬路,,43,43,36,19,18,100,NA,162,158,20,20,6,9,0.6,0.5
2026-09-07T2000,3328A,118.4209,31.3704,芜湖市,市气象局,,32,28,23,15,13,102,NA,139,137,22,11,6,8,0.5,0.6
2026-09-07T2000,3329A,117.011,32.5891,淮南市,山南新区,,43,32,32,30,15,132,NA,160,158,18,16,5,6,0.2,0.1
2026-09-07T2000,3331A,118.3268,32.2633,滁州市,图书馆,,34,22,18,15,10,107,NA,120,119,18,15,7,7,0.3,0.3
2026-09-07T2000,3332A,115.7631,33.803,亳州市,亳州学院,,45,42,48,18,27,141,NA,168,164,6,15,8,6,0.2,0.6
2026-09-07T2000,3333A,117.5626,30.695,池州市,第八中学,,35,35,33,20,18,110,NA,147,146,19,21,7,7,0.5,0.5
2026-09-07T2000,3334A,117.5037,30.6242,池州市,第十二中学,颗粒物(PM10),55,56,33,29,16,126,NA,159,158,19,20,5,4,0.8,0.9
2026-09-07T2000,3335A,113.3137,35.2643,焦作市,马村街道办,细颗粒物(PM2.5),90,95,57,55,36,174,NA,191,189,17,13,4,6,0.5,0.5
2026-09-07T2000,3336A,113.2464,35.2374,焦作市,焦作技师学院,臭氧1小时(O3_1h),87,86,57,51,32,189,NA,187,187,11,9,5,7,0.3,0.2
2026-09-07T2000,3337A,113.8611,34.0443,许昌市,许昌学院,颗粒物(PM10),61,65,73,39,44,112,NA,173,162,26,21,8,9,0.4,0.5
2026-09-07T2000,3338A,113.8428,34.0825,许昌市,芙蓉广场,颗粒物(PM10),54,55,76,32,45,127,NA,172,163,15,17,7,8,0.6,0.7
2026-09-07T2000,3339A,114.0002,33.0404,驻马店市,小管楼,,40,40,49,17,28,119,NA,153,145,17,16,4,4,0.3,0.4
2026-09-07T2000,3340A,112.6005,34.6323,洛阳市,伊滨,颗粒物(PM10),69,76,75,42,48,145,NA,179,175,16,17,9,8,0.6,0.6
2026-09-07T2000,3341A,112.495,34.6338,洛阳市,中移产业园,细颗粒物(PM2.5),76,84,82,48,55,157,NA,188,185,16,18,11,12,0.5,0.5
2026-09-07T2000,3342A,128.7948,47.7291,伊春市,中心小学,,18,NA,13,12,10,15,NA,41,35,11,3,1,1,0.7,0.7
2026-09-07T2000,3343A,128.6736,47.729,伊春市,检察院,,26,26,23,9,11,33,NA,45,42,1,3,3,3,0.3,0.4
2026-09-07T2000,3345A,131.0413,45.7795,七台河市,中波台,,13,NA,13,9,6,39,NA,67,58,2,6,3,4,0.6,0.4
2026-09-07T2000,3346A,108.3871,31.1627,重庆市,安康,NA,NA,NA,33,NA,26,70,NA,125,114,NA,14,8,8,NA,0.5
2026-09-07T2000,3347A,105.8983,29.36,重庆市,北山路,NA,NA,19,26,NA,18,113,NA,121,121,16,16,9,10,0.7,0.7
2026-09-07T2000,3350A,106.648859,29.023807,重庆市,滩子口,,22,22,23,14,12,65,NA,90,87,7,14,7,14,0.3,0.4
2026-09-07T2000,3351A,105.7164,29.7077,重庆市,棠香,,36,36,34,20,30,112,NA,124,124,14,16,6,6,0.5,0.5
2026-09-07T2000,3352A,107.0733,29.8618,重庆市,桃源西路,颗粒物(PM10),69,76,39,28,29,109,NA,112,112,13,11,5,6,0.3,0.3
2026-09-07T2000,3353A,107.3536,29.7283,重庆市,迎宾大道,,32,30,28,20,18,101,NA,114,108,34,26,8,5,0.8,0.5
2026-09-07T2000,3354A,108.8152,29.5079,重庆市,舟白,,30,25,30,21,17,94,NA,117,111,8,5,7,7,0.5,0.4
2026-09-07T2000,3355A,108.3679,30.8429,重庆市,周家坝,颗粒物(PM10),65,70,46,27,35,51,NA,131,122,43,17,5,6,0.6,0.7
2026-09-07T2000,3356A,108.4323,30.7554,重庆市,百安坝,,33,33,34,18,21,101,NA,136,132,15,11,2,5,0.4,0.4
2026-09-07T2000,3357A,104.0028,30.6891,成都市,金博路,颗粒物(PM10),61,65,49,39,43,136,NA,135,135,17,17,3,5,0.9,0.9
2026-09-07T2000,3359A,104.056,30.5228,成都市,华阳,,46,46,54,29,42,104,NA,138,138,14,15,3,3,0.8,0.8
2026-09-07T2000,3360A,104.7894,29.3197,自贡市,南湖救助站,,44,44,47,27,33,129,NA,170,170,13,11,9,9,0.8,0.8
2026-09-07T2000,3361A,103.7313,29.563,乐山市,理工大学,细颗粒物(PM2.5),56,47,50,38,45,89,NA,122,119,12,13,5,6,0.7,0.8
2026-09-07T2000,3363A,117.9883,36.8372,淄博市,新区,,34,29,34,12,15,106,NA,139,136,15,29,7,6,0.4,0.5
2026-09-07T2000,3364A,117.316,34.8106,枣庄市,市环保局,颗粒物(PM10),58,61,49,36,26,165,NA,183,183,11,12,6,5,0.5,0.5
2026-09-07T2000,3365A,118.5721,37.5654,东营市,垦利区民丰路,,35,12,15,5,6,111,NA,120,120,8,11,2,3,0.6,0.6
2026-09-07T2000,3366A,121.5202,37.4336,烟台市,中国农业大学,,33,17,17,6,7,104,NA,114,114,4,16,7,8,0.2,0.2
2026-09-07T2000,3368A,119.1978,36.6871,潍坊市,高新实验学校,,34,22,38,4,16,107,NA,154,143,12,19,6,7,0.1,0.5
2026-09-07T2000,3370A,118.3563,35.0215,临沂市,十里堡居委,颗粒物(PM10),58,61,34,33,17,152,NA,195,195,25,19,13,15,0.7,0.6
2026-09-07T2000,3371A,116.3693,37.44,德州市,开发区人民医院,,44,44,41,12,17,124,NA,156,153,16,19,7,11,0.5,0.6
2026-09-07T2000,3374A,115.5562,35.089,菏泽市,定陶老年大学,颗粒物(PM10),62,66,76,32,46,159,NA,211,201,16,19,4,5,0.4,0.5
2026-09-07T2000,3375A,102.8016,24.8336,昆明市,青年创业园,,32,NA,24,22,14,100,NA,104,104,11,10,5,4,0.6,0.6
2026-09-07T2000,3376A,103.7926,25.4651,曲靖市,南苑二区,,29,19,33,15,25,91,NA,109,108,4,6,3,4,0.5,0.6
2026-09-07T2000,3377A,103.7442,25.5259,曲靖市,曲靖师范学院,,38,38,29,15,23,93,NA,113,113,6,8,4,6,0.4,0.5
2026-09-07T2000,3379A,122.1122,40.2275,营口市,鲅鱼圈市民活动中心,,25,25,39,8,14,43,NA,58,42,9,17,10,9,0.7,0.7
2026-09-07T2000,3380A,102.8915,34.9618,甘南藏族自治州,甘肃民族师范学院,,23,NA,10,16,10,68,NA,78,75,5,5,6,6,0.4,0.4
2026-09-07T2000,3396A,112.0764,32.0089,襄阳市,襄城隆中路,NA,NA,NA,59,NA,30,136,NA,147,145,NA,14,8,9,0.6,0.6
2026-09-07T2000,3397A,112.1154,32.103,襄阳市,高新台子湾,,47,37,53,21,33,150,NA,166,164,15,16,8,7,0.6,0.6
2026-09-07T2000,3398A,114.9134,30.4446,黄冈市,市林业局,,46,46,34,23,19,132,NA,173,170,20,9,12,12,0.3,0.3
2026-09-07T2000,3399A,112.6703,26.8817,衡阳市,师范学院,,50,NA,50,35,30,120,NA,179,172,13,10,8,10,0.9,0.9
2026-09-07T2000,3400A,109.1844,21.4396,北海市,龙潭自来水厂,细颗粒物(PM2.5),60,48,40,40,31,135,NA,141,141,10,8,5,5,0.5,0.4
2026-09-07T2000,3401A,108.4829,22.762,南宁市,红星社区,颗粒物(PM10),63,68,32,38,20,68,NA,118,113,27,19,6,8,0.9,0.8
2026-09-07T2000,3402A,109.5422,24.3994,柳州市,市二中,,42,38,34,29,25,119,NA,120,120,17,13,15,9,1.1,0.7
2026-09-07T2000,3404A,108.5959,21.9634,钦州市,北职校,,38,38,34,26,16,92,NA,108,106,15,8,7,8,0.8,0.7
2026-09-07T2000,3405A,109.5886,23.1172,贵港市,新世纪学校,,46,46,30,23,21,72,NA,103,101,18,12,/,/,0.7,0.6
2026-09-07T2000,3407A,120.6915,30.7741,嘉兴市,秀洲住建,,45,32,23,13,9,141,NA,152,152,13,13,5,5,0.2,0.3
2026-09-07T2000,3408A,120.5685,29.936,绍兴市,绍兴中专,,30,30,28,17,14,80,NA,138,134,26,14,6,5,0.6,0.6
2026-09-07T2000,3409A,120.4905,30.086,绍兴市,柯桥区政府,,42,32,25,18,13,133,NA,145,145,21,15,9,7,0.4,0.4
2026-09-07T2000,3410A,120.8751,30.0249,绍兴市,重华小学,,40,33,26,14,14,126,NA,130,130,16,13,5,5,0.8,0.8
2026-09-07T2000,3411A,120.837,30.0137,绍兴市,上虞中学,,42,42,29,20,14,108,NA,127,127,27,21,5,5,0.6,0.6
2026-09-07T2000,3416A,119.1758,36.7139,潍坊市,潍坊学院,,35,22,34,3,14,109,NA,148,142,9,17,6,7,0.4,0.4
2026-09-07T2000,3418A,116.8336,40.4095,北京市,密云新城,,18,10,34,5,20,55,NA,79,70,4,6,2,3,0.3,0.6
2026-09-07T2000,3419A,109.9449,40.6259,包头市,包头市委党校,,13,NA,11,7,7,40,NA,63,48,14,10,2,2,0.3,0.3
2026-09-07T2000,3421A,113.1776,40.9779,乌兰察布市,市委党校,,27,16,26,16,13,39,NA,79,56,22,10,79,14,0.3,0.3
2026-09-07T2000,3422A,118.8443,31.919,南京市,江宁彩虹桥,,33,26,22,4,4,104,NA,135,131,14,12,3,4,0.4,0.4
2026-09-07T2000,3425A,120.642,31.1733,苏州市,越秀幼儿园,NA,NA,33,22,10,9,70,NA,132,125,NA,13,NA,5,0.5,0.6
2026-09-07T2000,3426A,118.8757,33.2897,淮安市,新华书店,,34,34,29,14,12,107,NA,129,127,13,11,10,12,0.9,0.8
2026-09-07T2000,3427A,118.8497,32.3599,南京市,六合雄州,颗粒物(PM10),58,60,23,26,5,69,NA,109,103,24,13,4,4,0.8,0.7
2026-09-07T2000,3429A,119.8595,31.706,常州市,武进经发区,,27,27,26,12,11,75,NA,126,117,23,12,7,7,0.4,0.4
2026-09-07T2000,3430A,119.5812,31.7256,常州市,金坛城区,,32,NA,22,11,10,100,NA,124,122,13,11,10,9,0.3,0.4
2026-09-07T2000,3431A,120.6502,31.4117,苏州市,高铁新城,,24,22,26,8,11,74,NA,116,110,17,20,7,8,0.5,0.7
2026-09-07T2000,3432A,120.9348,31.9874,南通市,环境教育馆,,23,17,14,6,2,72,NA,95,91,11,4,6,6,0.4,0.4
2026-09-07T2000,3434A,119.2414,34.6539,连云港市,工贸学校,,31,21,20,13,9,99,NA,139,133,8,9,8,7,0.6,0.6
2026-09-07T2000,3435A,119.9186,32.4322,泰州市,周山河街区,,25,14,15,8,9,80,NA,102,100,6,6,10,11,0.4,0.4
2026-09-07T2000,3436A,120.4283,33.2048,盐城市,大丰高级中学,NA,NA,9,10,3,5,85,NA,93,92,4,6,NA,8,0.2,0.3
2026-09-07T2000,3437A,88.3088,43.3637,乌鲁木齐市,达坂城区环保局,NA,NA,27,22,11,6,119,NA,117,117,NA,5,NA,8,0.2,0.2
2026-09-07T2000,3438A,87.6132,43.8791,乌鲁木齐市,红光山片区,,44,44,39,8,11,102,NA,103,103,20,28,2,2,0.1,0.2
2026-09-07T2000,3439A,87.7008,43.8003,乌鲁木齐市,新师大温泉校区,,45,45,39,12,7,118,NA,113,113,4,10,10,9,0.3,0.3
2026-09-07T2000,3440A,87.4892,43.84,乌鲁木齐市,大绿谷,,37,36,38,19,11,117,NA,106,106,10,23,2,1,0.3,0.4
2026-09-07T2000,3441A,87.5461,44.1909,五家渠市,经开区管委会,,34,23,49,5,12,107,NA,106,106,3,18,3,2,0.3,0.4
2026-09-07T2000,3442A,86.047,44.2331,石河子市,南区管委会,NA,NA,33,40,3,7,114,NA,112,112,9,10,6,5,NA,0.3
2026-09-07T2000,3443A,113.2905,23.5541,广州市,花都梯面,,46,43,35,32,22,37,NA,92,86,19,13,5,7,/,/
2026-09-07T2000,3444A,116.4539,23.2684,汕头市,潮南峡山,,33,33,29,20,17,76,NA,92,90,9,11,8,7,0.6,0.6
2026-09-07T2000,3445A,113.786,23.7479,广州市,从化良口,,30,26,24,21,13,54,NA,81,76,6,6,6,6,/,/
2026-09-07T2000,3446A,113.805,23.2614,广州市,增城荔城,,32,32,25,22,20,35,NA,78,72,11,12,8,8,0.7,0.7
2026-09-07T2000,3447A,114.344,22.7115,深圳市,坪山,,35,26,33,18,21,112,NA,118,115,24,22,5,4,0.7,0.7
2026-09-07T2000,3448A,113.5436,22.1163,珠海市,横琴,,44,24,25,20,19,139,NA,172,172,7,8,/,/,/,/
2026-09-07T2000,3449A,113.0496,22.4669,江门市,新会银湖,,40,40,38,15,32,112,NA,148,147,18,25,3,3,0.8,0.9
2026-09-07T2000,3450A,111.0101,21.5165,茂名市,电白水东,,35,NA,11,12,13,109,NA,101,101,6,7,4,5,/,/
2026-09-07T2000,3451A,112.5617,23.2082,肇庆市,鼎湖凤凰,,27,27,21,18,12,68,NA,114,113,8,8,8,8,/,/
2026-09-07T2000,3452A,114.6521,22.7755,惠州市,大亚湾霞涌,臭氧1小时(O3_1h),62,14,23,7,20,169,NA,148,148,14,11,/,/,/,/
2026-09-07T2000,3453A,112.0125,21.8749,阳江市,阳东陶然,,27,16,14,9,14,85,NA,109,108,6,8,4,5,0.5,0.6
2026-09-07T2000,3454A,113.3527,22.4781,中山市,中山南区,,48,36,34,28,31,153,NA,177,176,14,17,6,7,0.6,0.6
2026-09-07T2000,3455A,113.076,23.72,清远市,清城东城,,38,38,25,24,16,84,NA,112,111,15,11,/,/,/,/
2026-09-07T2000,3456A,114.2887,38.0905,石家庄市,鹿泉一中,细颗粒物(PM2.5),64,62,66,42,30,107,NA,147,141,10,10,1,3,0.5,0.5
2026-09-07T2000,3457A,118.4357,39.277,唐山市,冀东油田职工医院,,38,38,35,18,20,60,NA,114,100,8,11,1,5,0.2,0.2
2026-09-07T2000,3458A,114.7893,36.5592,邯郸市,香泉濮院小区,颗粒物(PM10),69,76,66,37,42,148,NA,192,188,17,25,2,5,0.4,0.5
2026-09-07T2000,3459A,115.599,37.5491,衡水市,地表水厂,颗粒物(PM10),65,71,61,23,20,124,NA,150,148,15,26,3,4,0.6,0.5
2026-09-07T2000,3460A,117.4065,40.0583,天津市,北环路,,17,17,36,8,18,38,NA,100,87,3,10,4,6,0.2,0.4
2026-09-07T2000,3461A,117.3041,39.7167,天津市,建设路,,21,21,38,7,18,54,NA,121,109,8,16,2,4,0.4,0.6
2026-09-07T2000,3462A,117.8201,39.3519,天津市,滨水东路,,25,25,34,10,16,49,NA,134,122,13,20,6,9,0.4,0.5
2026-09-07T2000,3463A,116.9708,33.5911,宿州市,社会福利中心,颗粒物(PM10),56,58,43,32,24,136,NA,167,165,24,19,7,10,0.6,0.6
2026-09-07T2000,3464A,117.3802,31.9148,合肥市,高教基地,,41,41,23,23,11,114,NA,131,130,13,10,8,8,0.5,0.4
2026-09-07T2000,3465A,118.4783,31.3226,芜湖市,清苑社区,,27,27,24,10,9,65,NA,127,120,54,22,5,5,0.4,0.4
2026-09-07T2000,3466A,118.2746,31.2326,芜湖市,扬子职业技术学院,,38,29,26,19,13,119,NA,152,150,13,14,5,6,0.4,0.5
2026-09-07T2000,3468A,115.79,32.8614,阜阳市,市规划展馆,,40,35,40,21,20,125,NA,155,152,12,14,4,5,0.5,0.5
2026-09-07T2000,3469A,115.835101,32.918568,阜阳市,枣园社区,,43,43,51,18,26,122,NA,158,155,17,34,5,5,0.4,0.5
2026-09-07T2000,3471A,113.6104,34.8688,郑州市,惠济区政府,细颗粒物(PM2.5),70,70,73,45,41,151,NA,191,184,22,23,4,4,0.6,0.5
2026-09-07T2000,3473A,114.2485,34.8306,开封市,技师学院,颗粒物(PM10),58,60,74,35,41,157,NA,201,193,11,23,4,5,0.7,0.8
2026-09-07T2000,3474A,114.2616,35.6824,鹤壁市,大新区,颗粒物(PM10),53,54,48,34,33,131,NA,187,181,25,11,5,5,0.6,0.5
2026-09-07T2000,3475A,113.9189,35.3042,新乡市,市政府,颗粒物(PM10),62,66,72,40,41,163,NA,206,200,17,21,7,7,0.5,0.6
2026-09-07T2000,3477A,113.1656,35.2536,焦作市,中站许衡医院,颗粒物(PM10),78,89,53,28,27,173,NA,179,176,18,8,6,8,0.5,0.4
2026-09-07T2000,3478A,113.9691,33.568,漯河市,市图书馆,,39,39,65,16,36,123,NA,150,145,16,23,7,9,0.6,0.6
2026-09-07T2000,3481A,125.127,46.6277,大庆市,萨区政府监测点,,20,20,23,9,10,43,NA,54,54,8,2,6,6,0.2,0.3
2026-09-07T2000,3482A,107.754,29.3275,重庆市,芙蓉中路,,24,24,20,7,11,52,NA,88,78,11,13,10,10,0.5,0.5
2026-09-07T2000,3484A,106.2629,29.3202,重庆市,行政中心,,40,40,31,21,12,94,NA,116,115,15,10,12,11,0.4,0.3
2026-09-07T2000,3486A,124.4029,43.1411,四平市,植物园,,29,NA,26,20,18,30,NA,57,39,6,20,2,4,0.4,0.4
2026-09-07T2000,3488A,104.387954,30.746684,成都市,青白江技师分院,NA,NA,53,75,42,51,66,NA,103,103,NA,23,6,5,1.0,0.9
2026-09-07T2000,3489A,104.0788,30.4054,成都市,科学城,,34,NA,45,21,44,108,NA,134,134,7,16,8,8,0.9,1.1
2026-09-07T2000,3491A,104.6899,31.5324,绵阳市,西科大附属小学,,46,42,51,32,34,103,NA,121,121,22,18,10,9,0.5,0.6
2026-09-07T2000,3492A,104.5647,31.5343,绵阳市,安州区旅游局,颗粒物(PM10),53,53,57,30,38,99,NA,116,116,14,14,6,7,0.3,0.4
2026-09-07T2000,3494A,117.1673,36.9782,济南市,济阳区政府,颗粒物(PM10),53,54,44,14,19,113,NA,142,141,17,20,8,16,0.4,0.5
2026-09-07T2000,3495A,117.1168,36.6299,济南市,锦屏中学,,50,44,36,17,16,157,NA,181,180,13,15,9,6,0.5,0.5
2026-09-07T2000,3496A,118.359,35.1067,临沂市,南坊新区,颗粒物(PM10),56,58,38,25,18,154,NA,205,203,27,20,10,11,0.6,0.6
2026-09-07T2000,3498A,118.5063,37.8606,东营市,河口城区,,30,17,22,3,6,93,NA,126,123,7,8,3,5,0.5,0.6
2026-09-07T2000,3500A,116.5808,35.3703,济宁市,北湖一中,臭氧1小时(O3_1h),72,50,62,25,36,177,NA,215,209,9,17,2,4,0.4,0.4
2026-09-07T2000,3501A,116.8251,35.5592,济宁市,服务中心,颗粒物(PM10),55,56,56,30,33,143,NA,193,187,16,16,6,5,0.7,0.8
2026-09-07T2000,3502A,117.1812,36.2273,泰安市,国网新校,NA,NA,42,34,24,22,156,NA,174,173,NA,7,8,8,0.0,0.5
2026-09-07T2000,3503A,117.0315,36.2017,泰安市,交通技校,臭氧1小时(O3_1h),90,42,44,20,24,192,NA,202,202,16,16,10,8,0.4,0.4
2026-09-07T2000,3504A,117.083,36.13,泰安市,山东第一医科大学,颗粒物(PM10),58,61,49,26,26,159,NA,191,187,23,17,12,10,0.5,0.4
2026-09-07T2000,3505A,122.1379,37.3414,威海市,临港区管委会,,28,22,13,8,5,88,NA,101,101,10,9,6,7,0.3,0.3
2026-09-07T2000,3507A,119.5326,35.4627,日照市,职业技术学院,,33,12,15,5,6,103,NA,136,129,9,12,7,9,0.3,0.3
2026-09-07T2000,3511A,116.5687,37.3331,德州市,陵城艺术中心,颗粒物(PM10),51,51,44,14,17,120,NA,136,133,8,15,10,14,0.6,0.7
2026-09-07T2000,3513A,116.0443,36.436,聊城市,九州社区,颗粒物(PM10),53,54,72,10,33,144,NA,191,182,18,22,10,13,0.4,0.6
2026-09-07T2000,3514A,117.9379,37.3959,滨州市,中海酒店,,35,24,23,3,7,112,NA,143,142,14,18,6,8,0.2,0.3
2026-09-07T2000,3515A,117.9381509,37.35547456,滨州市,开发区一中,,34,29,30,3,8,107,NA,142,138,5,8,4,5,0.2,0.2
2026-09-07T2000,3516A,118.0914,37.6938,滨州市,金海六路,,34,29,26,6,13,108,NA,131,130,10,15,3,3,0.6,0.1
2026-09-07T2000,3520A,106.3495,38.9837,石嘴山市,妇女儿童医院,,14,7,26,4,22,42,NA,51,43,10,18,5,8,0.4,1
2026-09-07T2000,3521A,106.7495,39.2068,石嘴山市,石大公路,,16,14,41,11,17,36,NA,50,32,19,26,6,10,0.7,1.3
2026-09-07T2000,3523A,106.5105,38.3857,银川市,滨河新区,,11,5,24,4,17,33,NA,63,40,12,11,6,7,0.5,0.5
2026-09-07T2000,3525A,108.6394,34.408,咸阳市,奥体中心,细颗粒物(PM2.5),112,81,68,73,48,104,NA,174,168,15,11,5,6,0.7,0.6
2026-09-07T2000,3526A,119.5188,25.9666,福州市,吴航,,40,25,24,13,12,126,NA,137,136,7,9,7,7,0.5,0.6
2026-09-07T2000,3527A,118.0961,24.5689,厦门市,集美中学,NA,NA,NA,20,NA,12,143,NA,143,142,7,8,2,2,0.3,0.3
2026-09-07T2000,3528A,118.1502,24.7246,厦门市,同安二实小,,37,18,13,14,12,117,NA,139,136,8,5,2,2,0.6,0.6
2026-09-07T2000,3530A,117.6288,24.5309,漳州市,西洋坪路,,35,29,30,14,17,112,NA,119,116,4,6,4,5,0.5,0.6
2026-09-07T2000,3531A,110.296,25.1254,桂林市,旅游学院,,42,42,31,17,26,38,NA,86,80,33,14,3,4,0.8,0.7
2026-09-07T2000,3532A,110.1951,22.6832,玉林市,玉林师范学院东校区,,29,23,21,20,15,67,NA,112,108,5,8,3,4,0.4,0.5
2026-09-07T2000,3533A,110.0527,22.5894,玉林市,福绵环保局,,28,21,26,19,16,78,NA,117,114,14,11,4,7,0.7,0.7
2026-09-07T2000,3534A,111.4744,24.455,贺州市,西湾,,47,47,36,21,20,44,NA,79,76,20,11,12,12,0.5,0.5
2026-09-07T2000,3535A,109.1781,23.7293,来宾市,兴宾区政府,,23,20,31,14,20,72,NA,99,98,10,11,6,8,0.6,0.7
2026-09-07T2000,3538A,107.5175,26.2977,黔南布依族苗族自治州,沙坝,,19,12,11,6,7,58,NA,68,67,5,5,3,3,0.4,0.4
2026-09-07T2000,3539A,110.5111,19.9737,海口市,桂林洋子站,NA,NA,34,26,21,15,82,NA,91,88,NA,6,/,/,/,/
2026-09-07T2000,3540A,109.7348,18.3443,三亚市,君悦子站,,23,17,20,16,9,45,NA,82,73,12,11,4,4,0.8,0.7
2026-09-07T2000,3541A,109.5726195,19.51688767,儋州市,第一中学子站,,24,24,19,16,12,71,NA,80,79,5,4,4,4,0.5,0.5
2026-09-07T2000,3542A,109.5567,19.5187,儋州市,东坡学校子站,,28,21,19,19,14,65,NA,78,76,6,4,3,4,0.5,0.4
2026-09-07T2000,3544A,121.4891,30.925,上海市,奉贤南桥新城,,31,31,25,16,13,74,NA,98,94,16,16,4,4,0.3,0.2
2026-09-07T2000,3545A,110.8053,32.8401,十堰市,郧阳区金沙路,细颗粒物(PM2.5),56,53,41,38,29,147,NA,155,155,14,9,10,8,0.6,0.5
2026-09-07T2000,3546A,111.4606,30.5519,宜昌市,猇亭区张家湾站,,43,43,48,25,28,132,NA,166,163,7,12,8,9,0.3,0.3
2026-09-07T2000,3547A,112.1631,31.0134,荆门市,龙泉中学南校,颗粒物(PM10),54,55,48,36,32,157,NA,168,168,11,11,7,6,0.9,0.9
2026-09-07T2000,3549A,109.5061,30.3771,恩施土家族苗族自治州,龙凤新区,细颗粒物(PM2.5),58,NA,31,39,26,92,NA,133,124,11,6,7,6,0.5,0.4
2026-09-07T2000,3550A,102.8,24.9787,昆明市,昆明学院,,26,26,29,17,14,77,NA,102,101,21,13,6,5,0.5,0.5
2026-09-07T2000,3551A,102.5969,24.6738,昆明市,晋宁区生态环境分局,,50,43,20,35,20,98,NA,106,106,10,8,6,6,0.4,0.3
2026-09-07T2000,3552A,102.6673,24.9861,昆明市,云天化总部,,38,27,25,26,15,103,NA,106,106,9,7,5,5,0.6,0.6
2026-09-07T2000,3557A,119.9463,30.0496,杭州市,镇二中,,37,37,21,24,14,94,NA,116,114,29,14,6,6,0.4,0.5
2026-09-07T2000,3558A,119.7184,30.2367,杭州市,市府大楼,,36,NA,19,18,13,114,NA,113,113,8,9,7,7,0.6,0.6
2026-09-07T2000,3560A,120.4715,30.0414,绍兴市,柯桥妇保,,32,32,28,17,15,95,NA,141,138,21,12,8,7,0.5,0.6
2026-09-07T2000,3561A,120.6985,27.9252,温州市,茶山,,35,32,30,17,17,111,NA,114,112,15,17,/,/,/,/
2026-09-07T2000,3562A,120.4146,30.8538,湖州市,南浔区站,NA,NA,27,21,18,10,146,NA,149,149,NA,9,8,8,0.4,0.5
2026-09-07T2000,3564A,121.25678,28.66823971,台州市,台州科技职业学院,,39,31,23,27,13,113,NA,124,124,13,7,8,8,0.5,0.4
2026-09-07T2000,3565A,113.1371,40.1122,大同市,云冈站,,14,NA,35,7,10,44,NA,74,52,6,16,6,8,0.3,0.4
2026-09-07T2000,3566A,113.1186,40.2556,大同市,图书馆,,18,16,33,12,11,45,NA,72,50,7,11,8,8,0.8,0.7
2026-09-07T2000,3567A,113.5931,40.0459,大同市,区一中,,20,10,23,7,11,61,NA,84,68,8,10,10,11,0.5,0.5
2026-09-07T2000,3568A,113.0603,36.0464,长治市,向阳小学,颗粒物(PM10),74,83,76,35,27,160,NA,172,168,9,8,11,11,0.6,0.6
2026-09-07T2000,3569A,112.8788,36.315,长治市,屯留一中,颗粒物(PM10),53,54,46,31,27,142,NA,174,165,14,15,14,14,0.6,0.5
2026-09-07T2000,3571A,112.2938,39.5296,朔州市,一水厂,,26,26,54,11,15,40,NA,62,53,22,33,2,3,0.7,0.6
2026-09-07T2000,3575A,118.0927,39.5807,唐山市,正泰大街热力站,颗粒物(PM10),81,93,48,26,17,57,NA,136,120,2,10,8,4,0.7,0.4
2026-09-07T2000,3576A,118.1561,39.8322,唐山市,丰润区政府,,42,42,55,8,12,48,NA,104,90,4,19,5,10,0.5,0.9
2026-09-07T2000,3577A,118.436906,39.73802,唐山市,金山小学,,40,40,65,10,24,49,NA,109,92,10,19,3,10,0.4,0.5
2026-09-07T2000,3578A,118.2449,39.6693,唐山市,政府服务中心,,49,49,68,23,22,48,NA,119,102,10,17,9,5,0.8,0.5
2026-09-07T2000,3580A,114.1998,36.4439,邯郸市,峰峰矿区临水派出所,细颗粒物(PM2.5),80,63,53,50,31,171,NA,181,180,11,12,18,20,0.5,0.8
2026-09-07T2000,3581A,115.3136,38.9511,保定市,满城区生态环境分局,,46,NA,62,32,41,118,NA,145,142,6,11,3,4,0.5,0.6
2026-09-07T2000,3582A,115.4709,38.7628,保定市,清苑区第二中学,,47,47,64,31,31,134,NA,151,150,7,19,3,5,0.4,0.3
2026-09-07T2000,3583A,115.6231,39.0223,保定市,徐水物探局,,48,NA,57,33,31,107,NA,147,144,10,19,2,3,0.4,0.4
2026-09-07T2000,3590A,113.8362,34.566,郑州市,北区建设指挥部,颗粒物(PM10),80,91,82,39,43,141,NA,198,186,25,25,6,9,0.4,0.5
2026-09-07T2000,3591A,113.3029,34.8041,郑州市,上街区政府,细颗粒物(PM2.5),80,86,79,50,48,128,NA,183,176,22,22,6,8,0.7,0.7
2026-09-07T2000,3592A,114.4518,34.7503,开封市,祥符区生态环境局,颗粒物(PM10),122,176,91,54,51,26,NA,196,165,105,38,3,5,0.8,0.7
2026-09-07T2000,3593A,112.5736,34.8993,洛阳市,吉利监测站,细颗粒物(PM2.5),76,61,75,48,43,150,NA,180,176,44,29,11,12,0.5,0.7
2026-09-07T2000,3594A,112.8736,33.9068,平顶山市,石龙区,细颗粒物(PM2.5),70,74,98,45,47,128,NA,163,154,19,45,10,10,0.6,0.7
2026-09-07T2000,3596A,114.1573,35.9607,鹤壁市,南山宾馆,颗粒物(PM10),71,79,51,42,40,150,NA,185,179,15,9,7,8,0.8,0.8
2026-09-07T2000,3598A,111.1031,34.719,三门峡市,富达温泉假日酒店,颗粒物(PM10),66,72,70,38,43,164,NA,155,155,14,16,9,10,0.8,0.8
2026-09-07T2000,3599A,106.2648,29.9853,重庆市,书院路,,45,NA,22,31,24,102,NA,119,118,11,12,7,10,0.8,0.7
2026-09-07T2000,3600A,106.2334,29.5583,重庆市,虎峰,,48,48,32,27,13,142,NA,146,146,13,8,7,9,0.7,0.6
2026-09-07T2000,3601A,106.0497,29.8345,重庆市,龙门街,,49,44,31,22,15,156,NA,156,156,11,13,10,10,0.7,0.6
2026-09-07T2000,3604A,119.3267,35.1043,日照市,岚山环保分局,,33,12,21,4,7,105,NA,142,132,12,13,8,14,0.4,0.7
2026-09-07T2000,3605A,109.1019,34.5302,西安市,无线电监控中心,NA,NA,87,68,60,46,127,NA,162,160,35,19,NA,9,1.0,0.9
2026-09-07T2000,3610A,105.5931,29.4105,重庆市,昌元,,35,27,38,24,24,111,NA,122,122,15,13,8,9,0.5,0.6
2026-09-07T2000,3612A,85.1045,45.6895,克拉玛依市,白碱滩区新站,,35,15,27,7,6,110,NA,107,107,3,6,6,6,0.3,0.3
2026-09-07T2000,3613A,87.3069,44.0093,昌吉回族自治州,亚心广场,,35,29,41,5,10,112,NA,109,109,6,30,9,9,0.1,0.4
2026-09-07T2000,3614A,79.9241,37.0878,和田地区,地区环保局,颗粒物(PM10),83,95,153,34,54,112,NA,106,106,3,9,1,1,0.5,0.6
2026-09-07T2000,3615A,79.9132,37.1137,和田地区,市环保局,颗粒物(PM10),88,102,143,35,54,112,NA,109,109,2,3,1,2,0.3,0.5
2026-09-07T2000,3616A,106.7617,31.8343,巴中市,市中心医院,NA,NA,NA,NA,42,44,92,NA,120,118,13,16,10,8,0.9,1
2026-09-07T2000,3617A,105.8047,32.4167,广元市,经开区,,42,42,50,27,34,67,NA,108,104,31,20,6,6,0.5,0.5
2026-09-07T2000,3618A,112.4702,37.7821,太原市,金胜,,43,43,49,20,24,79,NA,105,101,13,17,6,10,0.3,0.3
2026-09-07T2000,3619A,113.6169,37.8565,阳泉市,龙柱,细颗粒物(PM2.5),68,64,92,44,46,119,NA,109,109,18,38,4,19,0.9,1.4
2026-09-07T2000,3620A,112.8258,35.4804,晋城市,泽州一中,臭氧1小时(O3_1h),54,51,65,22,27,163,NA,180,176,12,15,7,6,0.5,0.6
2026-09-07T2000,3622A,113.5556,24.8082,韶关市,碧湖山庄,细颗粒物(PM2.5),62,50,38,41,24,51,NA,89,84,20,9,8,8,0.6,0.9
2026-09-07T2000,3623A,113.8952,22.586,深圳市,西乡,细颗粒物(PM2.5),92,82,37,56,24,179,NA,174,174,54,35,5,4,0.8,0.7
2026-09-07T2000,3624A,116.4069,23.2533,汕头市,潮南子站,,23,19,26,10,13,73,NA,90,87,4,9,6,7,/,/
2026-09-07T2000,3625A,113.2568,22.7629,佛山市,容桂街道办,细颗粒物(PM2.5),54,53,42,37,37,144,NA,175,175,34,37,/,/,/,/
2026-09-07T2000,3628A,112.0335,22.9376,云浮市,文笔,,41,41,32,24,15,74,NA,93,93,7,13,6,10,0.5,0.5
2026-09-07T2000,3629A,101.8304,36.5785,西宁市,世纪职校,,21,17,11,14,11,67,NA,84,82,14,9,5,4,0.7,0.6
2026-09-07T2000,3633A,118.4914,31.681,马鞍山市,雨山,,39,39,28,12,12,111,NA,153,148,14,12,8,8,0.7,0.8
2026-09-07T2000,3635A,112.3678,34.6623,洛阳市,河科大西苑校区,颗粒物(PM10),74,83,85,40,51,175,NA,194,192,15,25,9,12,0.9,1
2026-09-07T2000,3636A,112.4387,34.678,洛阳市,英才小学,颗粒物(PM10),80,92,82,48,46,151,NA,178,175,17,21,9,9,0.6,0.7
2026-09-07T2000,3637A,131.0136,45.7688,七台河市,人民广场,,19,NA,22,13,6,39,NA,62,53,4,9,6,6,0.7,0.5
2026-09-07T2000,3638A,104.7637,29.3373,自贡市,轻化工大学,,40,36,38,28,31,124,NA,149,148,11,16,11,11,0.7,0.7
2026-09-07T2000,3642A,120.3454,36.0735,青岛市,市北区南部,,35,14,16,5,5,111,NA,133,129,7,11,6,6,0.4,0.4
2026-09-07T2000,3643A,120.3897,36.18,青岛市,李沧区北部,,33,27,22,10,8,104,NA,138,133,18,16,4,4,0.6,0.6
2026-09-07T2000,3644A,117.8662,36.8049,淄博市,三金集团,,37,37,42,10,14,115,NA,150,150,15,24,8,10,0.4,0.5
2026-09-07T2000,3645A,118.0259,36.8409,淄博市,东风化工厂,,48,48,50,14,16,117,NA,161,157,16,24,7,8,0.5,0.6
2026-09-07T2000,3646A,118.4979,37.4623,东营市,胜利站,,35,22,26,2,7,112,NA,124,122,7,9,4,4,0.1,0.2
2026-09-07T2000,3648A,106.2176,37.9832,吴忠市,文卫南街,,30,30,54,11,28,36,NA,62,38,10,11,6,6,0.5,0.7
2026-09-07T2000,3650A,105.1696,37.5164,中卫市,沙坡头区政府站,,19,2,39,2,16,60,NA,65,57,4,4,4,4,0.3,0.4
2026-09-07T2000,3654A,114.8093,30.4091,鄂州市,精准医疗中心,,50,47,35,23,23,160,NA,175,175,9,14,12,15,0.6,0.5
2026-09-07T2000,3655A,114.3379,29.8683,咸宁市,长江产业园,,49,49,37,32,24,111,NA,130,128,14,12,6,4,0.4,0.3
2026-09-07T2000,3656A,120.1554,30.2863,杭州市,消防大队,,38,18,21,13,11,121,NA,133,133,17,12,8,8,0.6,0.7
2026-09-07T2000,3658A,120.6156,30.0762,绍兴市,袍江中学,,41,41,28,18,14,124,NA,132,132,20,13,8,7,0.5,0.5
2026-09-07T2000,3659A,119.656,29.1132,金华市,气象局,,46,46,38,26,20,97,NA,136,127,22,19,5,5,0.6,0.6
2026-09-07T2000,3662A,123.6341,47.2079,齐齐哈尔市,富区青少年活动中心,颗粒物(PM10),70,78,16,18,4,18,NA,46,43,24,6,4,3,0.6,0.3
2026-09-07T2000,3663A,124.117,50.4279,大兴安岭地区,红旗社区,,10,7,7,7,6,32,NA,51,48,5,3,5,5,0.2,0.1
2026-09-07T2000,3664A,119.4171,34.734,连云港市,连云街道,,37,19,21,8,9,118,NA,128,126,7,13,8,10,0.5,0.5
2026-09-07T2000,3665A,76.1654,39.7157,克孜勒苏柯尔克孜自治州,克州文化中心,,49,49,51,10,19,103,NA,108,108,5,7,2,2,0.1,0.1
2026-09-07T2000,3667A,111.0279,35.0543,运城市,水利职院,颗粒物(PM10),58,60,57,33,32,160,NA,156,156,8,8,7,7,0.7,0.7
2026-09-07T2000,3669A,114.4706,36.0634,安阳市,左辅环卫站,颗粒物(PM10),78,88,72,42,37,146,NA,177,174,14,20,6,7,0.6,0.7
2026-09-07T2000,3670A,111.0522,35.0439,运城市,禹都公园,臭氧1小时(O3_1h),68,52,56,43,32,174,NA,173,168,9,7,8,7,0.6,0.6
2026-09-07T2000,3671A,116.0879,39.9725,北京市,门头沟三家店,,18,14,52,8,29,55,NA,121,104,12,21,2,2,0.4,0.7
2026-09-07T2000,3672A,116.1507,39.8246,北京市,丰台云岗,,20,20,54,9,27,48,NA,104,88,9,17,2,3,0.3,0.6
2026-09-07T2000,3674A,115.9578,39.7602,北京市,房山燕山,,17,17,50,10,30,54,NA,109,94,8,11,3,3,0.3,0.5
2026-09-07T2000,3675A,116.4669,39.7734,北京市,大兴旧宫,,31,31,71,12,23,76,NA,114,110,7,16,3,4,0.6,0.7
2026-09-07T2000,3677A,98.5887,24.4366,德宏傣族景颇族自治州,芒市人民政府综合楼,颗粒物(PM10),57,59,40,26,17,65,NA,69,69,12,8,8,9,0.9,0.8
2026-09-07T2000,3678A,116.5907,35.4054,济宁市,市第七中学,臭氧1小时(O3_1h),68,40,66,25,34,174,NA,202,197,10,17,4,5,0.5,0.5
2026-09-07T2000,3683A,109.8332,40.6577,包头市,昆区政府,,18,NA,14,12,8,45,NA,58,45,14,10,5,5,0.4,0.4
2026-09-07T2000,3684A,130.8639,45.8144,七台河市,新建矿广场,,18,14,26,12,8,39,NA,64,54,4,17,4,4,0.9,0.7
2026-09-07T2000,3685A,117.897,28.4316,上饶市,双创科技城,,30,30,35,20,21,95,NA,137,128,11,10,4,7,0.5,0.5
2026-09-07T2000,3689A,113.9002,35.372,新乡市,行政服务中心,NA,NA,NA,69,NA,41,150,NA,201,194,NA,20,8,9,1.0,1
2026-09-07T2000,3690A,115.9718,28.7032,南昌市,外国语学校,,42,40,29,27,18,134,NA,128,128,12,17,6,7,0.9,0.9
2026-09-07T2000,3692A,118.2043,39.6703,唐山市,消防缸窑路中队,颗粒物(PM10),63,68,71,14,20,46,NA,119,102,13,18,19,9,0.7,0.5
2026-09-07T2000,3693A,118.1432,39.6203,唐山市,路南电大,颗粒物(PM10),58,61,51,26,23,49,NA,127,110,4,7,9,4,0.8,0.5
2026-09-07T2000,3694A,115.9859,40.4562,北京市,延庆石河营,,20,5,42,2,28,61,NA,84,74,5,10,3,3,0.2,0.5
2026-09-07T2000,3695A,116.6151,40.3052,北京市,怀柔新城,,16,16,38,7,24,51,NA,79,68,4,8,2,3,0.2,0.5
2026-09-07T2000,3696A,116.2542,39.8764,北京市,丰台小屯,,19,19,51,8,25,56,NA,107,95,8,21,2,2,0.4,0.6
2026-09-07T2000,3697A,116.8399,40.3843,北京市,密云镇,,18,13,37,4,19,55,NA,76,68,4,12,4,4,0.3,0.5
2026-09-07T2000,3699A,111.6519,40.8389,呼和浩特市,海东办,,16,5,14,3,7,49,NA,65,60,9,13,8,8,0.4,0.4
2026-09-07T2000,3701A,116.9647,33.6252,宿州市,皖北煤电集团,"颗粒物(PM10),臭氧1小时(O3_1h)",55,57,37,35,18,164,NA,174,174,13,12,9,10,0.5,0.5
2026-09-07T2000,3706A,122.2584,43.6333,通辽市,老干部活动中心,,32,32,34,13,13,49,NA,61,49,10,6,8,10,0.6,0.6
2026-09-07T2000,3707A,131.0069,45.2988,鸡西市,欧美日汽修厂,NA,NA,NA,33,8,12,44,NA,71,61,6,13,4,4,0.4,0.4
2026-09-07T2000,3708A,122.2923,43.6189,通辽市,东方明珠社区,,39,39,39,14,12,49,NA,61,50,13,10,5,8,0.4,0.5
2026-09-07T2000,3710A,121.5593,29.8976,宁波市,白沙活动中心,,36,22,17,14,10,115,NA,137,137,12,8,11,10,0.5,0.4
2026-09-07T2000,3713A,124.3286,43.1726,四平市,世纪城,,32,30,31,22,20,29,NA,75,42,11,14,6,6,0.6,0.4
2026-09-07T2000,3715A,117.3091,32.9314,蚌埠市,蚌埠田家炳中学,颗粒物(PM10),54,55,44,28,15,124,NA,158,156,13,16,8,8,0.6,0.5
2026-09-07T2000,3719A,97.1707,31.1428,昌都市,昌都会议中心,,23,NA,8,11,4,71,NA,61,61,4,5,3,3,0.3,0.3
2026-09-07T2000,3726A,88.8775,29.2425,日喀则市,林业技术推广中心,NA,NA,NA,8,NA,3,59,NA,80,76,4,3,5,5,NA,0.2
2026-09-07T2000,3728A,104.6701,28.8053,宜宾市,白酒学院,细颗粒物(PM2.5),90,72,46,55,36,102,NA,112,111,12,15,6,8,0.7,0.9
2026-09-07T2000,3734A,118.5753,37.4405,东营市,理想之城,,33,17,18,1,6,104,NA,122,120,8,13,3,2,0.7,0.7
2026-09-07T2000,3860A,118.3915,35.0297,临沂市,皇山花园小区,颗粒物(PM10),55,56,36,24,17,138,NA,194,192,26,21,11,14,0.7,0.6
2026-09-07T2000,3861A,119.2046,36.7696,潍坊市,寒亭区实验一小,,31,27,35,7,14,98,NA,146,140,16,28,3,4,0.4,0.5
2026-09-07T2000,3866A,122.2469,40.663,营口市,三高中,,24,24,33,5,15,52,NA,49,41,7,16,9,10,0.3,0.5
2026-09-07T2000,3867A,102.074,36.5056,海东市,平安区公安局北苑,,23,19,20,16,11,73,NA,84,82,9,8,10,6,0.6,0.5
2026-09-07T2000,3981A,113.2456,35.18,焦作市,原李万街道办,臭氧1小时(O3_1h),98,80,71,42,34,198,NA,189,189,17,21,3,4,0.4,0.4
2026-09-07T2000,3994A,102.2174,31.9016,阿坝藏族羌族自治州,马尔康中学西区,,16,NA,7,11,11,38,NA,61,56,5,3,4,4,0.3,0.2
2026-09-07T2000,4002A,109.2312,23.7428,来宾市,中南小学,,27,27,28,12,20,54,NA,85,82,15,16,7,8,0.7,0.7
2026-09-07T2000,4004A,115.4199,38.8665,保定市,双鹰农机,细颗粒物(PM2.5),58,41,62,39,38,114,NA,143,142,8,17,3,2,0.5,0.5
2026-09-07T2000,4006A,122.3622,40.6762,营口市,老边实验小学,,19,14,38,3,18,59,NA,58,48,6,21,7,10,0.6,1
2026-09-07T2000,4008A,112.5233,32.9921,南阳市,卧龙区政府,,38,36,56,14,26,121,NA,165,156,20,12,7,7,0.9,0.9
2026-09-07T2000,4010A,112.5608,37.8807,太原市,育英中学,,46,33,50,32,26,77,NA,97,93,12,24,8,11,0.5,0.6
2026-09-07T2000,4011A,103.8505,30.6946,成都市,光华大道三段,细颗粒物(PM2.5),62,62,55,41,39,133,NA,131,131,16,12,5,7,0.9,0.9
2026-09-07T2000,4017A,116.7926,33.9534,淮北市,市博物馆,细颗粒物(PM2.5),66,59,43,43,24,147,NA,177,175,15,12,14,9,0.6,0.5
2026-09-07T2000,4018A,116.0564,36.4609,聊城市,星美广场,颗粒物(PM10),60,64,74,13,37,124,NA,192,180,25,22,12,11,0.4,0.6
2026-09-07T2000,4022A,102.1648,38.5369,金昌市,金川区人防中心,,27,NA,1,3,5,84,NA,78,78,6,4,2,3,0.2,0.2
2026-09-07T2000,4024A,114.6491,37.9014,石家庄市,栾城区星河路,颗粒物(PM10),73,82,57,36,32,119,NA,145,143,17,19,5,4,0.6,0.5
2026-09-07T2000,4027A,75.9485,39.4688,喀什地区,老干局,,38,38,63,11,14,83,NA,84,84,8,21,4,4,0.3,0.2
2026-09-07T2000,4028A,117.9955,37.3752,滨州市,滨州市西街道办事处,,33,24,24,5,7,104,NA,134,131,11,14,4,6,0.1,0.1
2026-09-07T2000,4033A,122.3124,29.9619,舟山市,普陀东港中学,,31,10,14,6,5,97,NA,103,102,6,6,7,7,0.7,0.7
2026-09-07T2000,4034A,115.515,38.8589,保定市,植保所站,,50,50,53,34,31,132,NA,155,155,10,23,1,3,0.6,0.6
2026-09-07T2000,4036A,116.646,23.676,潮州市,金山,,28,20,25,19,17,73,NA,120,115,12,9,3,4,0.5,0.5
2026-09-07T2000,4051A,86.0791,44.3018,石河子市,世纪广场,,37,20,30,4,4,117,NA,123,123,8,11,5,4,0.9,0.8
2026-09-07T2000,4054A,109.0324,32.6913,安康市,市邮政管理局,细颗粒物(PM2.5),68,68,45,44,27,105,NA,165,154,17,10,3,5,1.1,0.9
2026-09-07T2000,4055A,108.8869,34.2662,西安市,行知小学,细颗粒物(PM2.5),105,103,74,65,45,159,NA,192,192,20,17,5,5,0.8,0.7
2026-09-07T2000,4056A,108.6601,34.3767,咸阳市,五陵塬路2号,细颗粒物(PM2.5),121,120,77,83,49,105,NA,176,169,18,17,7,9,0.8,0.7
2026-09-07T2000,4057A,115.9423,40.4431,北京市,延庆百泉,,20,7,45,2,27,61,NA,86,73,8,15,2,3,0.6,0.8
2026-09-07T2000,4058A,116.6598,39.9164,北京市,通州新华,,18,17,41,7,22,57,NA,101,96,6,14,4,5,0.4,0.6
2026-09-07T2000,4059A,114.4563,38.0365,石家庄市,裕华西路63号,颗粒物(PM10),54,55,51,28,28,113,NA,150,147,13,15,4,6,0.5,0.5
2026-09-07T2000,4060A,114.5586,38.0581,石家庄市,和平路363号,,48,45,49,33,30,113,NA,152,148,15,16,3,3,0.5,0.5
2026-09-07T2000,4061A,114.8347,38.0213,石家庄市,廉州西路160号,颗粒物(PM10),64,69,64,35,34,101,NA,152,148,15,18,2,3,0.5,0.5
2026-09-07T2000,4062A,114.4498,38.0729,石家庄市,北城路41号,颗粒物(PM10),55,57,56,30,28,108,NA,149,144,17,19,5,6,0.6,0.7
2026-09-07T2000,4063A,115.2124,37.9433,辛集市,市政府,颗粒物(PM10),68,74,57,36,25,113,NA,162,156,25,22,3,8,0.4,0.4
2026-09-07T2000,4064A,115.2008,37.9338,辛集市,城管大队,颗粒物(PM10),69,76,52,39,27,116,NA,153,148,15,17,4,8,0.4,0.5
2026-09-07T2000,4065A,118.1267,39.6579,唐山市,光明北路515号,,32,32,33,10,17,46,NA,124,107,16,14,20,8,0.7,0.4
2026-09-07T2000,4066A,119.7458,39.9952,秦皇岛市,南园路157号,,29,29,37,6,12,50,NA,76,62,12,24,8,8,0.2,0.3
2026-09-07T2000,4067A,119.5131,39.8858,秦皇岛市,翠岛大街1号,,21,21,35,2,13,55,NA,80,68,6,15,6,8,0.3,0.4
2026-09-07T2000,4068A,114.5209,36.7697,邯郸市,建安街268号,颗粒物(PM10),80,91,72,45,35,122,NA,187,181,35,27,2,6,0.5,0.5
2026-09-07T2000,4069A,114.5488,36.6177,邯郸市,丛台东路558号,颗粒物(PM10),70,77,62,42,35,170,NA,199,197,14,35,3,8,0.5,0.6
2026-09-07T2000,4070A,114.5558,37.0578,邢台市,襄都区政府南院,颗粒物(PM10),68,74,49,43,29,129,NA,174,171,11,12,2,3,0.6,0.7
2026-09-07T2000,4071A,114.9883,38.5232,定州市,交通局,细颗粒物(PM2.5),94,108,78,57,32,110,NA,144,140,21,24,2,4,0.7,0.6
2026-09-07T2000,4072A,115.0045,38.5136,定州市,第五中学,颗粒物(PM10),95,112,78,48,31,113,NA,140,137,18,23,7,7,0.5,0.4
2026-09-07T2000,4073A,117.9462,40.95,承德市,杏林街1号,,12,NA,36,6,26,38,NA,56,52,6,10,5,5,0.3,0.6
2026-09-07T2000,4074A,112.449,37.8509,太原市,西矿街336号,,33,31,49,23,25,88,NA,106,105,16,19,8,9,0.8,0.8
2026-09-07T2000,4075A,112.4792,37.9393,太原市,迎宾北路9号,,48,48,47,24,24,62,NA,99,97,15,18,5,9,0.5,0.4
2026-09-07T2000,4076A,112.551,37.8575,太原市,迎泽大街248号,,40,30,48,28,26,75,NA,94,92,16,21,10,13,1.0,1
2026-09-07T2000,4077A,113.588,37.8712,阳泉市,宁波路,细颗粒物(PM2.5),96,60,72,58,32,117,NA,118,118,22,38,8,12,0.9,0.9
2026-09-07T2000,4078A,112.8246,35.5152,晋城市,前书院路,颗粒物(PM10),52,52,62,21,22,156,NA,171,166,10,14,8,7,0.6,0.7
2026-09-07T2000,4079A,112.8864,35.4773,晋城市,祥云街666号,颗粒物(PM10),51,51,46,29,28,159,NA,167,164,8,15,7,6,0.6,0.6
2026-09-07T2000,4080A,112.7375,37.7215,晋中市,广安街188号,细颗粒物(PM2.5),56,47,54,38,34,63,NA,118,103,28,20,7,9,0.4,0.5
2026-09-07T2000,4081A,111.0081,35.0748,运城市,学苑北路2555号,臭氧1小时(O3_1h),54,51,57,36,33,163,NA,162,162,10,10,6,5,0.7,0.7
2026-09-07T2000,4082A,121.2548,38.8188,大连市,旅顺,,26,NA,18,18,12,49,NA,96,82,10,11,6,8,0.5,0.4
2026-09-07T2000,4083A,123.153,41.2874,辽阳市,铁西路150号,,15,9,39,7,17,45,NA,54,36,14,19,6,9,0.7,1.1
2026-09-07T2000,4084A,123.835,42.2853,铁岭市,新华街20号,,29,29,38,12,15,43,NA,52,44,7,22,8,11,0.4,0.6
2026-09-07T2000,4085A,125.0998,42.9134,辽源市,安宁大街333号,,21,21,36,9,18,47,NA,54,40,6,18,4,4,0.5,0.6
2026-09-07T2000,4086A,118.7641,32.0841,南京市,新模范马路66号,,31,24,20,6,4,97,NA,130,124,19,11,3,4,0.2,0.2
2026-09-07T2000,4087A,120.3138,31.4927,无锡市,清舒道1号,,26,26,23,9,6,75,NA,116,110,15,14,5,6,0.6,0.7
2026-09-07T2000,4088A,117.1553,34.2567,徐州市,纺织东路16号,颗粒物(PM10),60,63,43,38,23,151,NA,167,167,16,12,7,7,0.7,0.6
2026-09-07T2000,4089A,119.9551,31.863,常州市,崇义南街5-H号,NA,NA,20,19,4,4,78,NA,107,102,12,13,7,8,NA,0
2026-09-07T2000,4090A,120.4282,31.3228,苏州市,学森路9号,,27,27,28,7,8,82,NA,146,137,17,15,10,10,0.5,0.6
2026-09-07T2000,4091A,120.8692,31.9885,南通市,洪江路,,25,12,9,7,3,77,NA,89,86,10,6,4,4,0.6,0.5
2026-09-07T2000,4092A,119.119691,33.550006,淮安市,枚皋中路89号,NA,NA,17,24,10,10,69,NA,117,108,NA,14,NA,6,0.5,0.5
2026-09-07T2000,4093A,119.5202,32.3705,扬州市,廖家沟步道,,30,16,17,5,5,94,NA,110,108,15,12,8,7,0.3,0.3
2026-09-07T2000,4094A,118.352,33.7886,宿迁市,春华路,,42,42,32,22,13,110,NA,133,133,16,13,5,5,0.4,0.3
2026-09-07T2000,4095A,121.8962,29.7529,宁波市,中科路88号,,34,29,19,14,7,106,NA,129,128,16,9,10,8,0.9,0.8
2026-09-07T2000,4096A,120.6935,28.0114,温州市,鹿城惠民路,,39,34,37,10,18,123,NA,114,114,9,17,/,/,0.3,0.4
2026-09-07T2000,4097A,118.9646,28.9832,衢州市,衢州三中,颗粒物(PM10),51,51,30,34,17,79,NA,140,130,29,20,4,4,0.8,0.7
2026-09-07T2000,4098A,117.2518,31.8404,合肥市,中国科学技术大学,,41,29,26,18,10,129,NA,143,142,12,12,6,7,0.3,0.3
2026-09-07T2000,4099A,118.5726,31.1371,芜湖市,湾沚区人民法院,,34,25,19,11,11,108,NA,129,129,17,9,5,5,0.4,0.4
2026-09-07T2000,4100A,116.8322,33.9884,淮北市,杜集区第一实验学校,,46,44,27,32,19,142,NA,168,166,9,8,6,7,0.7,0.6
2026-09-07T2000,4101A,118.3196,32.3335,滁州市,银山路666号,,34,24,24,18,14,107,NA,124,123,14,12,1,2,0.3,0.3
2026-09-07T2000,4102A,118.3426,32.2979,滁州市,黄山路555号,,37,36,31,16,14,118,NA,128,127,14,10,8,8,0.3,0.2
2026-09-07T2000,4103A,116.9929,33.6412,宿州市,中兴路,颗粒物(PM10),65,71,48,37,22,157,NA,171,171,14,17,12,13,0.7,0.6
2026-09-07T2000,4104A,119.3106,26.0648,福州市,路通桥巷6号,NA,NA,29,30,18,16,120,NA,137,136,NA,8,/,/,/,/
2026-09-07T2000,4105A,118.6355,24.9148,泉州市,霞新路6号,NA,NA,NA,35,18,12,128,NA,140,138,NA,27,/,/,0.5,0.3
2026-09-07T2000,4106A,115.7923,28.6873,南昌市,工业二路,细颗粒物(PM2.5),54,51,32,37,16,113,NA,141,138,14,7,7,7,0.5,0.4
2026-09-07T2000,4107A,113.8686,27.6668,萍乡市,联洪村委会,颗粒物(PM10),57,59,55,35,32,112,NA,144,140,18,15,9,14,0.6,0.7
2026-09-07T2000,4108A,117.7107,36.2385,济南市,山财大街5号,,46,29,31,7,14,146,NA,176,173,16,21,5,4,0.4,0.5
2026-09-07T2000,4109A,116.9744,36.6889,济南市,无影山路12号,,46,39,46,16,17,146,NA,164,164,17,34,7,8,0.5,0.6
2026-09-07T2000,4110A,120.5222,36.4089,青岛市,盟旺路653号,,34,20,20,9,7,107,NA,126,123,13,14,6,6,0.7,0.6
2026-09-07T2000,4111A,116.6075,35.4566,济宁市,任和路,颗粒物(PM10),54,55,66,25,38,153,NA,207,199,14,17,3,3,0.6,0.6
2026-09-07T2000,4112A,116.5648,35.3921,济宁市,文体南路1号,颗粒物(PM10),65,71,66,27,34,164,NA,200,194,14,22,4,6,0.4,0.6
2026-09-07T2000,4113A,116.0091,36.4495,聊城市,利民路,,44,37,55,10,32,140,NA,202,192,16,23,10,13,0.5,0.6
2026-09-07T2000,4114A,115.4239,35.2593,菏泽市,黄河路600号,颗粒物(PM10),75,85,98,43,65,152,NA,198,186,16,37,7,7,0.5,0.6
2026-09-07T2000,4115A,115.5025,35.2727,菏泽市,菏泽市人社局,细颗粒物(PM2.5),76,77,84,48,56,144,NA,202,189,16,23,5,6,0.5,0.6
2026-09-07T2000,4116A,113.284,33.7139,平顶山市,姚电大道23号,颗粒物(PM10),56,58,81,29,43,136,NA,162,156,11,14,10,10,0.9,1
2026-09-07T2000,4117A,114.2918,36.0769,安阳市,钢三路198号,NA,NA,NA,61,43,37,155,NA,174,172,8,10,6,7,0.7,0.8
2026-09-07T2000,4118A,115.0552,35.7816,濮阳市,中原东路68号,颗粒物(PM10),84,97,92,44,44,154,NA,206,199,17,17,8,7,1.1,1.1
2026-09-07T2000,4119A,115.6701,34.3767,商丘市,北海东路185号,颗粒物(PM10),57,59,57,32,29,136,NA,179,175,18,26,5,6,0.6,0.6
2026-09-07T2000,4120A,115.6172,34.3704,商丘市,中山大街3号,颗粒物(PM10),57,59,69,22,33,146,NA,186,184,11,32,7,7,0.6,0.6
2026-09-07T2000,4121A,114.8466,33.7333,周口市,羲皇大道,颗粒物(PM10),85,98,58,30,30,129,NA,171,164,20,14,5,6,0.9,0.9
2026-09-07T2000,4122A,112.6071,35.1015,济源市,市委党校,颗粒物(PM10),70,77,81,42,44,156,NA,186,182,13,17,4,11,0.6,0.8
2026-09-07T2000,4123A,112.596,35.0702,济源市,沁园中路1号,NA,NA,76,72,36,42,164,NA,186,184,10,19,NA,6,0.7,1.2
2026-09-07T2000,4124A,112.2213,31.0654,荆门市,新台西路6号,细颗粒物(PM2.5),84,65,67,52,48,139,NA,182,180,17,21,12,13,0.9,0.9
2026-09-07T2000,4125A,113.946,30.8999,孝感市,天仙南路1号,臭氧1小时(O3_1h),69,61,44,35,24,175,NA,180,180,8,9,5,7,0.4,0.3
2026-09-07T2000,4127A,111.9812,27.7591,娄底市,涟钢职大,NA,NA,NA,38,NA,22,105,NA,152,145,17,10,5,4,0.7,0.7
2026-09-07T2000,4128A,112.0303,27.7457,娄底市,娄底体校,细颗粒物(PM2.5),96,67,46,58,33,94,NA,150,141,9,9,2,3,0.5,0.4
2026-09-07T2000,4129A,113.8666,23.1062,东莞市,裕兴路,颗粒物(PM10),53,54,46,30,27,127,NA,126,126,33,29,4,5,0.6,0.6
2026-09-07T2000,4130A,114.0076,22.9739,东莞市,教育路1号,颗粒物(PM10),66,72,63,34,34,112,NA,152,152,41,36,10,10,1.1,0.9
2026-09-07T2000,4131A,113.7981,22.8124,东莞市,长怡路1号,,38,38,48,21,30,65,NA,143,136,23,29,6,7,0.7,0.7
2026-09-07T2000,4132A,108.2927,23.1477,南宁市,起凤路9号,,39,37,34,27,23,80,NA,114,111,16,18,4,4,0.6,0.6
2026-09-07T2000,4133A,106.6273,23.8798,百色市,龙景西路,,39,31,36,27,16,67,NA,97,97,14,12,10,9,0.8,0.7
2026-09-07T2000,4134A,110.1952,20.0451,海口市,长滨二路9号,,26,15,18,9,13,81,NA,100,95,8,6,/,/,/,/
2026-09-07T2000,4135A,109.1714,18.3739,三亚市,城东小学站,,32,32,21,18,13,87,NA,100,99,10,6,/,/,/,/
2026-09-07T2000,4136A,108.6971,30.9377,重庆市,云师幼儿园,,35,35,13,20,24,85,NA,130,120,14,14,6,6,0.8,0.8
2026-09-07T2000,4137A,107.3276,30.3284,重庆市,公安局,,27,27,30,9,17,82,NA,121,110,12,9,8,9,0.3,0.3
2026-09-07T2000,4138A,108.0575,30.3254,重庆市,忠县中学,,45,44,47,31,32,105,NA,128,125,18,21,8,6,0.6,0.6
2026-09-07T2000,4139A,109.4542,31.0182,重庆市,竹枝路2号,,35,29,26,24,17,80,NA,134,119,27,13,6,6,0.5,0.4
2026-09-07T2000,4140A,107.7422,29.871,重庆市,龙河路,,26,20,29,13,19,81,NA,110,102,5,12,13,13,0.4,0.4
2026-09-07T2000,4141A,108.7636,28.84,重庆市,桃花源中路,颗粒物(PM10),53,53,35,34,19,76,NA,108,101,16,14,9,8,0.7,0.6
2026-09-07T2000,4142A,108.9758,28.4416,重庆市,秀山县高级中学,细颗粒物(PM2.5),88,NA,30,54,22,69,NA,118,110,13,7,8,8,0.7,0.4
2026-09-07T2000,4143A,108.1558,29.2859,重庆市,河堡街,,32,32,23,21,17,52,NA,90,78,10,8,7,6,0.8,0.7
2026-09-07T2000,4144A,104.3257,30.6406,成都市,八角井街185号,,47,47,62,24,42,76,NA,115,114,25,25,8,8,0.7,0.8
2026-09-07T2000,4145A,104.4144,31.1495,德阳市,市林业局,,42,42,65,22,48,83,NA,100,99,18,19,13,14,0.7,0.8
2026-09-07T2000,4146A,104.7092,31.4972,绵阳市,科技城新区公安局,颗粒物(PM10),54,55,53,34,34,101,NA,122,122,22,19,10,9,0.7,0.7
2026-09-07T2000,4147A,105.0433,29.6105,内江市,玉峰路西段888号,,42,37,31,29,30,129,NA,137,137,16,14,10,9,0.5,0.4
2026-09-07T2000,4148A,103.8836,30.0695,眉山市,眉职院,颗粒物(PM10),56,58,59,33,39,95,NA,138,138,22,23,8,10,0.9,1
2026-09-07T2000,4149A,104.6146,28.7422,宜宾市,宜宾市职业技术学校,细颗粒物(PM2.5),70,56,49,45,39,105,NA,115,112,12,14,6,9,0.9,0.9
2026-09-07T2000,4150A,104.6646,30.1116,资阳市,正兴街66号,细颗粒物(PM2.5),52,37,44,36,35,108,NA,120,120,9,13,7,7,0.5,0.5
2026-09-07T2000,4151A,104.8899,26.5685,六盘水市,钟山大道中段564号,,26,16,21,9,13,83,NA,83,83,6,5,3,2,0.6,0.6
2026-09-07T2000,4152A,107.0425,27.7087,遵义市,乌江大道东段1号,,43,36,25,30,19,59,NA,80,77,17,11,9,9,0.7,0.6
2026-09-07T2000,4153A,101.5536,25.0343,楚雄彝族自治州,团结路562号,,30,30,21,16,13,60,NA,71,70,6,4,3,3,0.4,0.3
2026-09-07T2000,4154A,103.401,23.3561,红河哈尼族彝族自治州,蒙自市朝阳路,,24,24,14,14,14,58,NA,82,80,6,5,4,4,0.3,0.2
2026-09-07T2000,4155A,107.1721,34.3558,宝鸡市,滨河北路,细颗粒物(PM2.5),86,63,62,53,48,69,NA,78,78,17,14,4,4,0.9,0.8
2026-09-07T2000,4156A,108.6372,34.3031,咸阳市,胭脂路9号,细颗粒物(PM2.5),111,89,64,72,46,112,NA,185,178,17,14,4,7,0.8,0.7
2026-09-07T2000,4157A,108.0371,34.3035,咸阳市,杨扶路,细颗粒物(PM2.5),108,76,66,68,54,105,NA,141,131,12,12,5,5,0.6,0.5
2026-09-07T2000,4158A,108.0895,34.2623,咸阳市,新桥路,细颗粒物(PM2.5),110,85,70,71,53,74,NA,150,134,30,16,6,7,0.6,0.5
2026-09-07T2000,4159A,110.4531,35.4578,渭南市,桢州大街,细颗粒物(PM2.5),101,81,67,61,51,127,NA,143,143,21,13,19,18,1.9,1.3
2026-09-07T2000,4160A,110.4368,35.4773,渭南市,太史大街,细颗粒物(PM2.5),100,100,83,60,48,124,NA,146,146,21,17,16,18,1.6,1.3
2026-09-07T2000,4161A,109.485,36.6347,延安市,志丹路,细颗粒物(PM2.5),92,87,66,56,40,84,NA,82,82,22,22,5,5,0.9,0.9
2026-09-07T2000,4162A,101.6769,36.6535,西宁市,海晏路105号,,25,17,10,14,13,77,NA,88,88,8,7,2,2,0.4,0.4
2026-09-07T2000,4163A,102.0984,36.5119,海东市,滨河路,,20,14,12,14,14,61,NA,73,71,28,29,11,8,0.5,0.5
2026-09-07T2000,4164A,87.2057,43.9289,昌吉回族自治州,财政所,,41,41,42,10,9,103,NA,107,107,17,12,8,8,0.0,0
2026-09-07T2000,4165A,82.9716,46.7464,塔城地区,文化广场,,33,24,42,9,8,104,NA,108,108,5,9,2,3,0.6,0.7
2026-09-07T2000,4166A,88.1198,47.7931,阿勒泰地区,阿勒泰路33号,,27,19,23,5,3,84,NA,92,92,15,12,3,3,0.3,0.3
2026-09-07T2000,4167A,86.0126,44.2349,石河子市,城南景苑小区,,37,28,22,8,6,116,NA,118,118,9,8,8,7,0.2,0.2
2026-09-07T2000,4168A,87.055284,43.999117,五家渠市,建设西街760号,,38,38,45,10,10,114,NA,109,109,9,27,4,4,0.2,0.3
2026-09-07T2000,4180A,113.8157285,34.126705,许昌市,新元大道996号,颗粒物(PM10),60,63,74,33,45,112,NA,167,156,17,20,8,6,0.5,0.6
2026-09-07T2000,4181A,112.3571,28.5588,益阳市,龙洲站,,46,46,46,31,33,111,NA,151,142,9,18,8,8,0.7,0.8
2026-09-07T2000,4182A,116.1942,39.9158,北京市,石景山八角,,24,24,59,10,27,52,NA,116,101,12,25,7,6,0.4,0.6
2026-09-07T2000,4183A,121.417401,31.16637,上海市,冠生园路458号,,31,19,19,10,11,97,NA,104,104,9,13,8,8,0.6,0.6
2026-09-07T2000,4184A,115.479691,35.244011,菏泽市,永昌路1号,臭氧1小时(O3_1h),73,70,87,33,48,178,NA,223,210,8,20,8,9,0.4,0.5
2026-09-07T2000,4185A,115.078022,30.21118,黄石市,磁湖东路29号,,40,40,39,18,20,123,NA,149,147,5,9,5,8,0.5,0.4
2026-09-07T2000,4186A,117.194237,34.229354,徐州市,解放南路202号,颗粒物(PM10),55,57,46,35,24,130,NA,164,161,18,15,8,8,0.8,0.7
2026-09-07T2000,4187A,112.3425,28.611,益阳市,幸福渠东路223号,细颗粒物(PM2.5),98,NA,43,59,37,97,NA,140,130,22,14,18,12,0.7,0.7
2026-09-07T2000,4188A,112.3712,28.5764,益阳市,益鑫泰路85号,,50,50,45,35,36,97,NA,134,126,15,16,11,12,0.4,0.9
2026-09-07T2000,4189A,113.113092,36.199482,长治市,英华南巷50号,,43,40,48,30,29,126,NA,176,162,10,10,13,16,0.9,1.2
2026-09-07T2000,4190A,113.23666,36.33435,长治市,学府街1号,臭氧1小时(O3_1h),80,58,54,32,27,184,NA,184,179,2,5,14,16,1.0,1
2026-09-07T2000,4191A,118.527362,31.722269,马鞍山市,慈湖高新区,,31,27,27,11,12,99,NA,144,138,22,16,6,6,0.6,0.6
2026-09-07T2000,4192A,115.931587,28.686774,南昌市,南京东路235号,,46,34,30,21,18,145,NA,142,142,6,8,5,6,0.9,0.8
2026-09-07T2000,4193A,115.471542,35.280012,菏泽市,长城路999号,颗粒物(PM10),71,79,85,35,58,155,NA,205,193,24,28,7,7,0.7,0.8
2026-09-07T2000,4194A,117.078628,40.151726,北京市,平谷新城,,22,22,38,13,24,50,NA,92,83,7,8,4,4,0.3,0.4
2026-09-07T2000,4196A,117.24369,39.102911,天津市,光华路,,44,44,35,21,18,88,NA,150,147,10,15,9,11,0.5,0.4
2026-09-07T2000,4197A,118.130859,39.636026,唐山市,友谊北路34号,颗粒物(PM10),54,55,53,24,22,46,NA,119,103,14,15,17,7,0.8,0.6
2026-09-07T2000,4198A,119.509013,39.825305,秦皇岛市,北戴河轮滑馆,,29,29,35,8,12,60,NA,82,70,4,10,5,8,0.3,0.4
2026-09-07T2000,4199A,113.2798248,40.09972476,大同市,魏都大道141号,,14,7,43,5,10,42,NA,67,48,9,20,7,9,0.3,0.4
2026-09-07T2000,4200A,112.7478,37.6954,晋中市,迎宾街26号,细颗粒物(PM2.5),58,41,59,39,34,105,NA,124,121,15,17,9,11,0.4,0.4
2026-09-07T2000,4201A,122.944647,41.082639,鞍山市,兴盛南路290号,,19,19,48,10,17,52,NA,58,38,11,24,10,11,1.0,1.5
2026-09-07T2000,4202A,113.9856,32.9802,驻马店市,交通路1233号,,39,39,48,16,24,121,NA,142,137,14,18,8,5,0.5,0.4
2026-09-07T2000,4203A,111.3168,30.7203,宜昌市,西陵二路116号,颗粒物(PM10),51,51,44,31,25,154,NA,192,190,9,13,7,6,0.7,0.6
2026-09-07T2000,4204A,111.3526,30.6374,宜昌市,沈家店路6号,颗粒物(PM10),55,56,45,25,31,120,NA,160,156,17,22,8,8,0.4,0.4
2026-09-07T2000,4205A,121.541914,31.268301,上海市,宁武路151号,,30,28,23,14,10,93,NA,98,96,15,15,8,8,0.3,0.3
2026-09-07T2000,4206A,119.028838,33.631911,淮安市,承德北路606号,,46,46,23,27,13,88,NA,122,119,19,14,7,8,0.7,0.6
2026-09-07T2000,4207A,120.12211,33.393982,盐城市,黄海中路88号,,28,14,17,5,5,89,NA,97,95,3,5,9,9,0.5,0.5
2026-09-07T2000,4209A,117.003137,32.644456,淮南市,国庆中路369号,,45,45,36,29,17,126,NA,148,147,15,13,11,13,0.3,0.3
2026-09-07T2000,4210A,118.335445,29.720283,黄山市,滨江东路7-2号,颗粒物(PM10),53,54,35,29,14,67,NA,113,103,9,5,/,/,/,/
2026-09-07T2000,4211A,118.190438,28.444845,上饶市,裕丰大道,细颗粒物(PM2.5),74,62,41,47,24,84,NA,127,122,19,9,10,10,0.6,0.6
2026-09-07T2000,4212A,118.3039243,36.82708161,淄博市,广场路1号,,36,34,26,25,18,109,NA,146,141,16,19,5,6,0.3,0.5
2026-09-07T2000,4213A,121.364239,37.529648,烟台市,青年南路118号,,32,9,10,7,6,100,NA,106,106,12,16,8,8,0.4,0.4
2026-09-07T2000,4214A,112.460027,34.694929,洛阳市,春都路1号院,细颗粒物(PM2.5),86,97,72,53,44,143,NA,176,172,12,14,10,9,0.2,0.3
2026-09-07T2000,4215A,113.916569,35.331547,新乡市,建设东路46号,颗粒物(PM10),73,81,77,34,45,131,NA,194,184,20,22,7,10,0.7,0.8
2026-09-07T2000,4216A,115.0923632,35.76857718,濮阳市,任丘路479号,颗粒物(PM10),73,82,94,42,55,171,NA,216,209,15,20,4,7,0.5,0.6
2026-09-07T2000,4217A,114.3182,29.8447,咸宁市,双鹤路18号,颗粒物(PM10),55,56,36,26,21,128,NA,138,137,9,7,8,4,0.4,0.4
2026-09-07T2000,4218A,111.446,27.2472,邵阳市,北塔二期4-26地块,细颗粒物(PM2.5),60,46,44,40,27,117,NA,146,143,14,10,8,6,0.7,0.8
2026-09-07T2000,4219A,111.4739,27.2282,邵阳市,邵水西路287号,NA,NA,NA,46,NA,35,133,NA,168,164,NA,10,NA,8,NA,0.5
2026-09-07T2000,4220A,114.214113,22.713717,深圳市,黄阁路,,42,42,34,23,19,100,NA,131,123,49,33,5,5,1.0,0.9
2026-09-07T2000,4221A,108.2177,22.7774,南宁市,乐贤路16号,细颗粒物(PM2.5),74,61,44,47,28,60,NA,121,118,30,21,7,7,1.0,0.9
2026-09-07T2000,4222A,110.1835,25.2444,桂林市,环湖路276号,,31,31,38,21,29,72,NA,114,110,18,19,9,11,0.7,0.9
2026-09-07T2000,4223A,106.4686218,29.48920871,重庆市,双山路147号,,34,34,21,14,10,90,NA,112,111,18,12,7,7,0.5,0.4
2026-09-07T2000,4224A,104.2433276,30.53529463,成都市,鲸龙路1057号,,39,39,49,26,39,102,NA,126,126,17,23,10,10,1.0,1
2026-09-07T2000,4225A,104.714266,29.338571,自贡市,贡兴路74号,,50,38,34,35,28,133,NA,140,140,5,8,9,9,0.5,0.5
2026-09-07T2000,4226A,104.765114,31.453094,绵阳市,绵阳市气象局,颗粒物(PM10),55,56,56,34,36,102,NA,113,113,15,17,9,8,0.7,0.7
2026-09-07T2000,4227A,106.108336,30.788436,南充市,梨树横街98号,,32,22,36,13,24,101,NA,105,105,12,15,10,10,0.2,0.2
2026-09-07T2000,4229A,102.2342,27.8859,凉山彝族自治州,凯乐南路30号,,35,35,36,22,30,94,NA,98,98,14,17,24,7,1.2,0.7
2026-09-07T2000,4230A,106.688212,26.56952,贵阳市,花果园大街66号,,23,23,28,11,15,58,NA,74,70,14,11,4,4,/,/
2026-09-07T2000,4231A,106.687268,26.516892,贵阳市,漓江路57号,,36,31,28,25,19,56,NA,75,71,14,10,6,7,0.6,0.6
2026-09-07T2000,4233A,108.596239,34.118792,西安市,西苑北路977号,细颗粒物(PM2.5),135,114,82,98,54,119,NA,164,160,20,18,9,8,0.9,0.7
2026-09-07T2000,4234A,108.949652,34.870529,铜川市,大唐三路,细颗粒物(PM2.5),104,84,61,64,39,144,NA,156,156,17,13,11,9,1.0,0.8
2026-09-07T2000,4235A,109.5051,34.4921,渭南市,渭花路4号,颗粒物(PM10),84,97,72,51,46,158,NA,175,175,14,13,5,5,0.7,0.5
2026-09-07T2000,4236A,103.629272,36.093822,兰州市,庄浪东路808号,NA,NA,NA,23,14,11,35,NA,71,50,NA,14,9,9,0.5,0.4
2026-09-07T2000,4237A,103.7251,36.104344,兰州市,安宁西路88号,,23,23,25,13,11,55,NA,79,60,8,11,9,9,0.4,0.3
2026-09-07T2000,4238A,103.846982,36.067567,兰州市,北滨河东路1号,,29,29,27,15,12,39,NA,68,50,26,18,4,4,0.6,0.5
2026-09-07T2000,4239A,102.193042,38.531887,金昌市,长春路96号,,30,NA,7,7,6,95,NA,84,84,2,3,3,4,0.3,0.1
2026-09-07T2000,4240A,98.495752,39.733935,酒泉市,玉门东路5号,,23,NA,3,12,7,73,NA,74,74,6,5,6,6,0.1,0.2
2026-09-07T2000,4241A,98.5099,39.7506,酒泉市,北大街108号,,25,NA,1,11,7,77,NA,74,74,4,4,5,5,0.1,0.2
2026-09-07T2000,4242A,106.226373,38.491976,银川市,广场西路,,17,17,32,2,21,35,NA,73,38,12,14,5,6,0.1,0.5
2026-09-07T2000,4243A,92.0515,31.4787,那曲市,那曲市委宣传部,,23,13,16,6,10,72,NA,80,80,9,13,7,7,0.3,0.4
2026-09-07T2000,4244A,111.4879,36.053,临汾市,启星学校,细颗粒物(PM2.5),82,93,69,51,39,127,NA,166,163,18,17,12,8,1.0,0.7
2026-09-07T2000,4245A,106.8609,27.5969,遵义市,遵南大道1161号,颗粒物(PM10),63,68,43,32,25,83,NA,95,94,10,11,5,6,0.7,0.6
2026-09-07T2000,4246A,105.833962,30.18863087,重庆市,桃园路24号,,47,23,32,19,24,148,NA,147,147,8,10,4,4,0.4,0.5
2026-09-07T2000,4247A,107.091033,29.153966,重庆市,钟楼街32号,,25,24,27,17,19,54,NA,84,75,10,10,5,5,0.6,0.6
2026-09-07T2000,4248A,107.8042979,30.67350233,重庆市,人民南路309号,,39,39,53,15,28,82,NA,117,109,11,10,8,8,0.3,0.4
2026-09-07T2000,4249A,118.8707617,31.34017673,南京市,汶溪路181号,,36,10,22,6,3,113,NA,129,128,12,7,1,2,0.6,0.6
2026-09-07T2000,4250A,114.089259,33.588274,漯河市,韶山路11号,,46,46,63,31,38,117,NA,158,148,26,24,9,10,0.6,0.6
2026-09-07T2000,4251A,112.1433,32.0581,襄阳市,铁院东路4号,,48,39,56,20,27,152,NA,166,164,14,16,8,8,0.3,0.4
2026-09-07T2000,4252A,113.0138,25.8011,郴州市,好美居路49号,,48,40,26,33,22,62,NA,117,109,20,14,8,10,/,/
2026-09-07T2000,4253A,116.010205,29.659402,九江市,莲花大道8号,,37,25,29,16,15,118,NA,127,127,8,7,8,7,0.4,0.4
2026-09-07T2000,4254A,120.2925,31.5685,无锡市,健康路105号,,32,32,25,6,5,71,NA,113,105,19,17,6,7,0.5,0.5
2026-09-07T2000,4255A,110.16795,22.640993,玉林市,人民东路196号,,25,25,19,13,14,59,NA,101,97,8,10,2,3,0.7,0.7
2026-09-07T2000,4256A,107.375,22.3736,崇左市,石景林东路7号,,32,NA,22,15,14,100,NA,106,106,10,12,7,7,0.5,0.5
2026-09-07T2000,4257A,104.6092,35.5962,定西市,将台街,,22,22,39,1,12,69,NA,81,75,8,8,5,6,0.2,0.3
2026-09-07T2000,4258A,111.2416,23.4155,梧州市,政贤路18号,,34,34,28,17,14,75,NA,103,103,11,14,7,9,0.5,0.5
2026-09-07T2000,4259A,113.835877,34.0155267,许昌市,望田路111号,颗粒物(PM10),65,70,78,38,52,123,NA,170,163,20,16,7,7,0.5,0.6
2026-09-07T2000,4260A,109.5933,23.095,贵港市,中山路155-3号,,32,20,34,12,20,102,NA,109,109,8,12,/,/,0.6,0.7
2026-09-07T2000,4261A,103.7247,27.3415,昭通市,环东路146号,,49,49,31,21,19,99,NA,106,106,7,10,6,8,0.5,0.5
2026-09-07T2000,4263A,105.3688,27.3598,毕节市,工业大道,,45,45,25,23,14,99,NA,104,104,11,9,9,10,/,/
2026-09-07T2000,4264A,113.234,35.219,焦作市,新安路1731号,臭氧1小时(O3_1h),109,68,56,41,32,217,NA,194,194,12,12,3,6,NA,0.3
2026-09-07T2000,4265A,113.108806,29.353066,岳阳市,求索西路365号,,46,43,52,20,33,145,NA,150,150,13,20,4,5,0.6,0.6
2026-09-07T2000,4266A,117.7325,34.5683,枣庄市,文化路178号,颗粒物(PM10),79,90,55,48,25,124,NA,184,180,16,16,7,9,1.2,1.1
2026-09-07T2000,4268A,112.1722,30.3366,荆州市,学苑路85号,NA,NA,NA,46,NA,32,122,NA,189,182,22,18,7,5,NA,0.4
2026-09-07T2000,4269A,114.6701,33.6167,周口市,七一路,,46,43,53,31,30,146,NA,169,166,20,16,8,8,0.4,0.4
2026-09-07T2000,4270A,102.6447,37.9293,武威市,钟楼街149号,,19,3,11,2,9,58,NA,59,56,4,5,8,8,0.2,0.2
2026-09-07T2000,4271A,103.2464,35.6123,临夏回族自治州,滨河东路1号,,20,NA,13,10,10,61,NA,88,79,9,6,6,7,0.3,0.3
2026-09-07T2000,4273A,81.2737,43.9337,伊犁哈萨克自治州,安徽路800号,,36,25,53,16,16,115,NA,107,107,7,25,4,6,0.3,0.6
2026-09-07T2000,4274A,117.7994,40.9605,承德市,滨河大街98号,,14,6,35,3,21,43,NA,53,47,3,9,7,9,0.1,0.4
2026-09-07T2000,4275A,111.591512,40.827312,呼和浩特市,成吉思汗西街8号,,13,NA,14,2,6,41,NA,55,45,13,16,4,4,0.3,0.3
2026-09-07T2000,4276A,111.6597,40.8077,呼和浩特市,公园东路75号,,28,NA,17,19,8,45,NA,59,54,8,10,6,7,0.3,0.3
2026-09-07T2000,4277A,111.5427,40.7846,呼和浩特市,金海路35号,,14,6,18,4,7,42,NA,61,48,14,13,4,4,0.3,0.3
2026-09-07T2000,4278A,106.8212,39.6741,乌海市,海拉北路,,15,10,20,10,17,44,NA,76,36,3,4,10,10,0.3,0.3
2026-09-07T2000,4279A,119.7569,49.2222,呼伦贝尔市,伊敏大街东7号,,37,37,20,10,10,35,NA,49,49,20,14,5,5,0.3,0.3
2026-09-07T2000,4280A,122.0921,46.065,兴安盟,洮儿河南路,颗粒物(PM10),71,79,23,27,9,4,NA,53,45,36,6,6,7,0.7,0.4
2026-09-07T2000,4281A,125.334645,43.916281,长春市,北亚泰大街1068号,,36,NA,42,25,24,23,NA,62,33,19,23,6,6,0.5,0.5
2026-09-07T2000,4282A,126.6769,45.7379,哈尔滨市,华山路1号,,14,14,16,6,8,38,NA,41,41,10,13,7,7,0.3,0.2
2026-09-07T2000,4283A,126.9717,45.5356,哈尔滨市,解放大街52号,,26,26,26,9,4,30,NA,37,37,17,13,6,6,0.6,0.5
2026-09-07T2000,4284A,128.8325,47.8447,伊春市,永安路4-1号,,20,20,15,11,11,22,NA,39,36,2,2,2,2,0.3,0.4
2026-09-07T2000,4285A,130.363,46.806,佳木斯市,顺和街,,35,NA,17,24,9,27,NA,40,36,10,8,3,2,0.5,0.3
2026-09-07T2000,4286A,130.3952,46.8268,佳木斯市,长安路196号,,30,NA,18,21,10,31,NA,38,38,3,8,2,3,0.5,0.4
2026-09-07T2000,4287A,129.5992,44.5964,牡丹江市,东晓云街98号,,30,30,27,3,8,45,NA,67,66,2,7,7,7,0.4,0.4
2026-09-07T2000,4288A,117.2438,34.2844,徐州市,龙潭环路5号,颗粒物(PM10),58,61,41,37,22,113,NA,161,156,14,12,8,9,0.8,0.7
2026-09-07T2000,4289A,117.154766,29.256967,景德镇市,青少年活动中心,,35,35,26,20,15,70,NA,126,119,31,8,26,6,/,/
2026-09-07T2000,4290A,120.196923,35.954556,青岛市,珠江路669号,,36,17,20,5,5,114,NA,148,146,19,21,4,6,0.4,0.5
2026-09-07T2000,4291A,120.0424,35.8656,青岛市,黄岛区人民政府广场,,35,17,14,4,6,111,NA,131,129,12,17,4,4,0.3,0.3
2026-09-07T2000,4292A,116.352738,37.420875,德州市,新河东路,,39,31,35,12,17,124,NA,154,151,18,20,11,13,0.6,0.6
2026-09-07T2000,4293A,113.605125,34.755221,郑州市,计划路2号,颗粒物(PM10),62,66,67,38,39,163,NA,188,182,14,16,4,5,0.2,0.3
2026-09-07T2000,4294A,113.6525645,34.77362682,郑州市,同乐路9号,颗粒物(PM10),60,64,67,39,44,159,NA,188,182,17,24,4,5,0.4,0.5
2026-09-07T2000,4295A,113.2722,35.2121,焦作市,人民路3066号,臭氧1小时(O3_1h),99,88,66,51,36,199,NA,196,196,14,11,5,5,0.5,0.5
2026-09-07T2000,4296A,114.6421,33.6417,周口市,健康路46号,,48,38,46,22,26,152,NA,162,160,12,12,3,3,0.4,0.4
2026-09-07T2000,4297A,114.649,33.596,周口市,太昊路,,48,48,58,18,28,150,NA,168,166,18,17,4,4,0.7,0.7
2026-09-07T2000,4298A,114.284,29.8595,咸宁市,碧桂路,,43,43,36,27,23,116,NA,143,140,18,11,4,3,0.5,0.5
2026-09-07T2000,4299A,111.6195,26.2253,永州市,徐家井路86号,,40,39,41,28,30,100,NA,116,115,9,11,6,7,0.9,0.9
2026-09-07T2000,4300A,114.4089,23.1147,惠州市,文华一路1号,,41,41,41,24,23,90,NA,110,109,11,16,/,/,/,/
2026-09-07T2000,4301A,110.2803,25.2773,桂林市,信义路13号,,39,39,40,25,28,70,NA,100,97,21,14,7,8,0.7,0.7
2026-09-07T2000,4302A,108.0901,24.6945,河池市,上任中路54号,,26,26,26,17,10,45,NA,68,66,10,10,7,6,0.9,0.9
2026-09-07T2000,4303A,105.5911,30.5368,遂宁市,环岛商务中心9号楼,,36,24,36,19,23,115,NA,129,129,14,15,8,11,0.5,0.6
2026-09-07T2000,4304A,106.1172,30.843,南充市,清泉寺北路188号,,30,27,41,9,27,94,NA,108,107,10,11,10,11,0.3,0.4
2026-09-07T2000,4305A,106.067,30.7616,南充市,同庆路1号,,30,25,35,18,24,93,NA,109,107,13,13,8,9,0.4,0.4
2026-09-07T2000,4306A,103.0544,30.0133,雅安市,滨江西路,,39,36,37,27,29,45,NA,83,79,8,7,4,4,0.3,0.3
2026-09-07T2000,4307A,108.9817,34.2035,西安市,曲江池东路988号,细颗粒物(PM2.5),94,85,71,57,43,163,NA,194,194,15,23,5,5,0.8,0.8
2026-09-07T2000,4308A,107.3898,34.3601,宝鸡市,陈仓区北开路21号,细颗粒物(PM2.5),84,82,72,52,54,77,NA,86,86,23,22,6,7,0.7,0.7
2026-09-07T2000,4309A,104.6159,35.5701,定西市,正龙路62号,,28,28,30,1,12,63,NA,86,69,7,7,4,4,0.2,0.3
2026-09-07T2000,4310A,103.207136,35.599807,临夏回族自治州,新华街21号,,29,29,15,13,10,69,NA,81,77,4,4,8,9,0.3,0.3
2026-09-07T2000,4311A,122.0383,46.0691,兴安盟,科尔沁北路63号,,44,44,22,20,7,14,NA,54,48,33,4,6,5,0.7,0.4
2026-09-07T2000,4312A,119.019,31.6512,南京市,中山西路1号,,38,14,16,4,4,120,NA,132,132,10,9,4,4,0.5,0.5
2026-09-07T2000,4314A,114.0494,38.059,石家庄市,矿区区委大楼,颗粒物(PM10),59,62,64,21,21,101,NA,134,129,20,17,6,9,0.7,0.6
2026-09-07T2000,4325A,105.3665,28.77434,泸州市,纳溪区委政协,细颗粒物(PM2.5),110,NA,34,70,34,109,NA,130,130,20,17,6,5,0.8,0.7
2026-09-07T2000,4326A,113.0794,22.5999,江门市,五邑大学,细颗粒物(PM2.5),56,55,39,38,28,147,NA,160,160,19,21,7,8,0.7,0.6
