timepoint,stationcode,longitude,latitude,area,positionname,primarypollutant,aqi,pm10,pm10_24h,pm2_5,pm2_5_24h,o3,o3_24h,o3_8h,o3_8h_24h,no2,no2_24h,so2,so2_24h,co,co_24h
2026-09-07T2100,1001A,116.3611,39.8786,北京市,万寿西宫,,21,21,69,7,23,52,NA,116,94,4,13,2,3,0.3,0.5
2026-09-07T2100,1003A,116.4174,39.9289,北京市,东四,,18,18,45,6,23,48,NA,110,91,11,19,3,4,0.3,0.4
2026-09-07T2100,1004A,116.4073,39.8858,北京市,天坛,,15,15,44,6,22,45,NA,104,87,7,13,2,3,0.4,0.6
2026-09-07T2100,1005A,116.4622,39.9364,北京市,农展馆,NA,NA,NA,55,NA,29,NA,NA,172,NA,NA,25,NA,4,NA,0.6
2026-09-07T2100,1006A,116.3399,39.9293,北京市,官园,,18,18,50,8,24,49,NA,109,86,11,17,1,3,0.3,0.5
2026-09-07T2100,1007A,116.2879,39.9613,北京市,海淀万柳,,15,14,50,6,22,47,NA,104,83,5,14,2,3,0.1,0.3
2026-09-07T2100,1008A,116.6635,40.1349,北京市,顺义新城,,16,11,39,3,21,50,NA,90,72,6,14,2,3,0.3,0.5
2026-09-07T2100,1009A,116.6275,40.327,北京市,怀柔镇,,17,11,36,6,22,53,NA,84,64,5,8,1,2,0.3,0.7
2026-09-07T2100,1010A,116.2295,40.217,北京市,昌平镇,,16,9,42,4,24,51,NA,86,71,7,18,1,2,0.3,0.6
2026-09-07T2100,1011A,116.3968,39.982,北京市,奥体中心,,17,17,40,7,22,47,NA,95,78,9,17,2,3,0.3,0.5
2026-09-07T2100,1015A,117.1446,39.1659,天津市,勤俭道,,24,24,38,16,22,57,NA,162,144,10,16,5,7,1.0,0.8
2026-09-07T2100,1018A,117.2016,39.0928,天津市,前进道,,19,16,36,8,17,58,NA,161,146,8,16,6,10,0.5,0.3
2026-09-07T2100,1019A,117.1837,39.2134,天津市,淮河道,,29,29,40,13,18,55,NA,150,134,9,15,6,9,0.4,0.2
2026-09-07T2100,1021A,117.308261,39.088386,天津市,跃进路,,26,26,38,10,16,53,NA,152,138,10,17,4,8,0.6,0.5
2026-09-07T2100,1023A,117.707,39.0344,天津市,第四大街,,30,30,39,8,17,52,NA,135,119,11,22,5,9,0.7,0.7
2026-09-07T2100,1024A,117.4573,38.8395,天津市,永明路,,38,38,31,10,16,66,NA,139,129,3,10,5,6,0.7,0.8
2026-09-07T2100,1026A,117.7641,39.1588,天津市,汉北路,,35,35,34,10,15,42,NA,144,124,12,25,3,7,0.8,0.6
2026-09-07T2100,1030A,114.5919,38.0328,石家庄市,高新区,细颗粒物(PM2.5),76,81,56,48,31,123,NA,149,139,15,16,3,3,0.6,0.6
2026-09-07T2100,1032A,114.4556,38.0136,石家庄市,西南高教,颗粒物(PM10),59,62,50,35,29,119,NA,158,151,12,17,2,4,0.5,0.5
2026-09-07T2100,1033A,114.533,38.0177,石家庄市,世纪公园,细颗粒物(PM2.5),64,58,55,42,27,126,NA,139,134,11,13,2,3,0.8,0.8
2026-09-07T2100,1034A,114.5105,38.0489,石家庄市,人民会堂,"颗粒物(PM10),细颗粒物(PM2.5)",58,60,56,39,31,113,NA,151,141,15,16,1,5,0.4,0.5
2026-09-07T2100,1040A,118.1707,39.6505,唐山市,十二中,,20,20,43,8,16,41,NA,119,92,16,19,18,10,0.7,0.6
2026-09-07T2100,1041A,118.1868,39.6219,唐山市,小山,颗粒物(PM10),51,51,54,1,12,45,NA,124,96,7,13,12,8,0.8,0.6
2026-09-07T2100,1046A,119.5247,39.9346,秦皇岛市,建设大厦,,20,20,40,2,13,47,NA,73,55,6,12,3,7,0.4,0.7
2026-09-07T2100,1049A,114.492,36.5712,邯郸市,矿院,细颗粒物(PM2.5),68,52,49,44,37,166,NA,210,203,11,22,5,9,0.6,0.7
2026-09-07T2100,1050A,114.4839,36.6136,邯郸市,丛台公园,颗粒物(PM10),52,52,52,28,30,151,NA,202,194,10,15,12,23,0.4,1
2026-09-07T2100,1051A,115.4803,38.8568,保定市,游泳馆,,46,41,49,32,34,105,NA,153,147,10,24,3,2,0.6,0.6
2026-09-07T2100,1052A,115.509,38.8895,保定市,华电二区,颗粒物(PM10),53,54,53,22,32,93,NA,147,139,8,19,2,3,0.4,0.4
2026-09-07T2100,1053A,115.4588,38.9037,保定市,接待中心,,48,41,52,33,33,92,NA,150,140,4,13,4,5,0.4,0.4
2026-09-07T2100,1054A,115.4484,38.8344,保定市,地表水厂,颗粒物(PM10),58,61,80,29,33,96,NA,142,134,6,22,4,5,0.2,0.4
2026-09-07T2100,1057A,114.8884,40.8336,张家口市,人民公园,,20,18,31,14,17,49,NA,66,65,8,10,1,1,0.3,0.3
2026-09-07T2100,1059A,114.868581,40.804273,张家口市,五金库,,16,10,36,3,11,51,NA,68,61,7,10,/,/,/,/
2026-09-07T2100,1060A,114.8901,40.762,张家口市,世纪豪园,,15,9,32,4,9,48,NA,66,59,6,7,5,5,0.4,0.4
2026-09-07T2100,1062A,117.9531,40.908,承德市,铁路,,14,14,45,2,21,29,NA,60,51,12,13,5,6,0.2,0.4
2026-09-07T2100,1063A,117.9397,40.9763,承德市,中国银行,,15,7,35,3,19,45,NA,60,57,5,10,5,7,0.2,0.4
2026-09-07T2100,1067A,116.6712,39.5109,廊坊市,药材公司,,32,32,47,8,23,55,NA,152,128,7,14,1,5,0.3,0.4
2026-09-07T2100,1068A,116.7215,39.5592,廊坊市,开发区,,18,NA,39,11,23,57,NA,150,124,4,12,3,3,0.3,0.3
2026-09-07T2100,1070A,116.7246,39.5273,廊坊市,北华航天学院,,21,21,38,10,24,51,NA,150,123,6,14,3,5,0.3,0.3
2026-09-07T2100,1071A,116.8733,38.2922,沧州市,沧县城建局,,39,39,30,26,19,98,NA,151,139,14,15,7,8,0.7,0.5
2026-09-07T2100,1072A,116.8462,38.3189,沧州市,电视转播站,,50,50,36,25,17,102,NA,142,134,6,8,1,2,0.2,0.1
2026-09-07T2100,1073A,116.8588,38.3161,沧州市,市环保局,颗粒物(PM10),54,55,36,22,20,91,NA,136,127,12,15,6,7,0.3,0.2
2026-09-07T2100,1074A,115.6839,37.754,衡水市,电机北厂,,50,50,37,32,23,129,NA,154,147,14,17,3,7,0.5,0.5
2026-09-07T2100,1075A,115.6303,37.7318,衡水市,市监测站,颗粒物(PM10),58,60,54,18,19,129,NA,153,146,12,15,6,8,0.6,0.6
2026-09-07T2100,1077A,114.4687,37.0883,邢台市,达活泉,颗粒物(PM10),69,76,51,41,24,131,NA,179,169,7,9,1,3,0.6,0.6
2026-09-07T2100,1078A,114.4954,37.0309,邢台市,邢师高专,颗粒物(PM10),69,76,55,31,29,124,NA,172,163,10,15,4,4,0.7,0.8
2026-09-07T2100,1079A,114.5281,37.0857,邢台市,路桥公司,颗粒物(PM10),55,57,40,35,24,114,NA,163,154,10,12,4,4,0.8,0.5
2026-09-07T2100,1080A,114.4721,37.0713,邢台市,市环保局,颗粒物(PM10),64,69,53,34,26,128,NA,177,167,11,17,4,6,0.3,0.4
2026-09-07T2100,1081A,112.5138,37.8916,太原市,尖草坪,,32,30,47,22,24,69,NA,104,96,19,16,7,10,1.1,0.6
2026-09-07T2100,1084A,112.4691,37.7125,太原市,晋源,,36,35,49,25,26,76,NA,105,98,16,21,5,9,0.7,0.8
2026-09-07T2100,1085A,112.5595,37.7391,太原市,小店,NA,NA,38,63,16,28,NA,NA,98,98,NA,32,NA,12,NA,0.9
2026-09-07T2100,1087A,112.5705,37.8199,太原市,坞城,,32,26,56,22,31,74,NA,98,91,14,27,10,17,1.0,1.3
2026-09-07T2100,1088A,112.5495,37.9853,太原市,南寨,,32,NA,46,22,27,61,NA,84,79,16,20,4,5,0.6,0.6
2026-09-07T2100,1090A,111.6506,40.7517,呼和浩特市,呼市一监,,20,NA,20,14,10,52,NA,59,55,6,9,4,4,0.3,0.3
2026-09-07T2100,1094A,111.7516,40.8369,呼和浩特市,如意水处理厂,,17,9,15,7,11,53,NA,67,57,12,11,6,6,0.3,0.3
2026-09-07T2100,1095A,111.727798,40.806187,呼和浩特市,二十九中,,19,NA,18,9,12,60,NA,71,62,4,6,10,10,0.6,0.6
2026-09-07T2100,1097A,111.717,40.7617,呼和浩特市,化肥厂生活区,,20,NA,15,12,12,61,NA,71,64,7,10,6,6,0.4,0.4
2026-09-07T2100,1099A,123.5058,41.7084,沈阳市,浑南东路,,28,28,41,13,20,48,NA,50,49,7,28,8,13,0.6,0.8
2026-09-07T2100,1100A,123.4238,41.6992,沈阳市,新秀街,NA,NA,NA,NA,NA,NA,NA,NA,NA,NA,NA,NA,NA,NA,NA,NA
2026-09-07T2100,1102A,123.5903,41.8412,沈阳市,东陵路,,18,NA,41,12,19,40,NA,42,42,9,25,10,13,0.5,0.7
2026-09-07T2100,1103A,123.4267,41.8466,沈阳市,陵东街,,20,20,28,13,13,39,NA,51,42,7,12,5,7,0.5,0.7
2026-09-07T2100,1104A,123.4116,41.7654,沈阳市,文化路,,27,27,39,12,15,44,NA,52,47,7,19,8,16,0.6,0.8
2026-09-07T2100,1105A,123.4673,41.787,沈阳市,小河沿,,20,20,34,12,15,41,NA,44,44,8,18,6,10,0.7,0.9
2026-09-07T2100,1106A,123.4019,41.7978,沈阳市,太原街,,38,38,41,14,15,42,NA,58,45,5,11,5,12,0.7,0.9
2026-09-07T2100,1108A,123.3778,41.9233,沈阳市,京沈街,,21,21,32,14,12,38,NA,72,48,13,16,4,8,0.6,0.7
2026-09-07T2100,1109A,121.6119,38.974,大连市,甘井子,,39,39,25,16,12,44,NA,116,82,9,15,6,7,0.6,0.6
2026-09-07T2100,1110A,121.565,38.9509,大连市,周水子,,34,34,26,13,12,50,NA,116,84,6,19,7,7,0.3,0.3
2026-09-07T2100,1111A,121.5637,38.8849,大连市,星海三站,,33,33,24,15,12,50,NA,109,84,8,13,5,5,0.6,0.5
2026-09-07T2100,1112A,121.6301,38.9117,大连市,青泥洼桥,,47,47,28,16,13,45,NA,118,86,12,16,6,7,0.3,0.3
2026-09-07T2100,1113A,121.6248,38.8643,大连市,傅家庄,,32,32,17,16,9,40,NA,103,75,15,11,8,10,0.7,0.6
2026-09-07T2100,1114A,121.5117,38.8636,大连市,七贤岭,,32,32,19,11,12,49,NA,103,80,10,11,6,7,0.7,0.5
2026-09-07T2100,1116A,121.7507,39.1339,大连市,金州,,43,43,25,18,13,39,NA,106,75,15,14,6,7,0.7,0.5
2026-09-07T2100,1117A,121.7811,39.0495,大连市,开发区,,35,25,20,24,14,45,NA,107,79,14,21,5,6,0.6,0.5
2026-09-07T2100,1118A,121.9762,39.0631,大连市,双D港,,34,34,21,18,11,40,NA,94,74,13,8,7,7,0.9,0.7
2026-09-07T2100,1120A,125.2874,43.9024,长春市,客车厂,,43,38,36,30,22,13,NA,73,34,29,19,5,5,0.8,0.7
2026-09-07T2100,1121A,125.2943,43.8508,长春市,邮电学院,,36,25,28,25,22,16,NA,46,33,12,13,6,6,0.6,0.6
2026-09-07T2100,1122A,125.3648,43.8745,长春市,劳动公园,,35,28,33,24,24,21,NA,49,35,16,13,4,4,0.7,0.7
2026-09-07T2100,1123A,125.3233,43.8781,长春市,园林处,,38,NA,32,26,22,22,NA,73,36,17,15,8,7,0.7,0.6
2026-09-07T2100,1124A,125.4604,43.7904,长春市,净月潭,,32,22,23,22,20,16,NA,33,31,13,8,7,7,0.5,0.4
2026-09-07T2100,1126A,125.38,43.8422,长春市,经开区环卫处,,33,32,43,23,23,19,NA,36,35,17,28,7,8,0.6,0.6
2026-09-07T2100,1127A,125.234,43.7761,长春市,高新区管委会,,33,25,32,23,21,9,NA,48,33,29,18,7,7,0.7,0.6
2026-09-07T2100,1128A,125.1695,43.83,长春市,岱山公园,,38,38,37,25,23,5,NA,47,28,36,31,3,4,0.8,0.7
2026-09-07T2100,1130A,126.5557,45.8109,哈尔滨市,松北商大,,20,20,18,6,12,24,NA,38,34,16,14,5,5,0.5,0.6
2026-09-07T2100,1132A,126.6162,45.719,哈尔滨市,南岗学府路,,26,26,30,2,11,31,NA,44,42,17,18,5,6,0.5,0.5
2026-09-07T2100,1133A,126.6894,45.7733,哈尔滨市,太平宏伟公园,,30,30,20,8,9,29,NA,41,39,13,10,7,7,0.4,0.4
2026-09-07T2100,1134A,126.6361,45.7672,哈尔滨市,道外承德广场,,28,28,33,1,10,36,NA,43,42,10,13,3,4,0.7,0.7
2026-09-07T2100,1136A,126.644,45.7261,哈尔滨市,动力和平路,,20,20,22,5,11,31,NA,44,42,16,15,7,9,0.5,0.6
2026-09-07T2100,1137A,126.5933,45.7479,哈尔滨市,道里建国路,,16,16,19,2,10,26,NA,43,41,19,15,4,5,0.4,0.6
2026-09-07T2100,1138A,126.6127,45.6119,哈尔滨市,平房东轻厂,NA,NA,23,23,2,7,NA,NA,36,35,34,13,6,8,0.4,0.6
2026-09-07T2100,1139A,126.5875,45.9827,哈尔滨市,呼兰师专,,18,18,20,4,8,27,NA,41,38,12,15,5,4,0.6,0.7
2026-09-07T2100,1140A,126.6299,45.6799,哈尔滨市,省农科院,,19,19,28,10,12,38,NA,45,44,9,21,4,5,0.6,0.6
2026-09-07T2100,1141A,121.401,31.2382,上海市,普陀,,32,22,21,11,13,100,NA,102,101,11,17,5,6,0.2,0.3
2026-09-07T2100,1142A,121.4774,31.2043,上海市,十五厂,,31,18,18,11,11,98,NA,98,96,10,13,5,5,0.4,0.5
2026-09-07T2100,1143A,121.4673,31.3011,上海市,虹口,,29,24,22,10,10,90,NA,94,93,8,11,4,4,0.3,0.3
2026-09-07T2100,1147A,121.4253,31.226,上海市,静安监测站,,34,22,21,12,12,107,NA,111,110,12,15,7,7,0.6,0.6
2026-09-07T2100,1148A,121.7029,31.1905,上海市,浦东川沙,,30,30,22,16,12,85,NA,101,97,18,15,9,10,0.7,0.7
2026-09-07T2100,1149A,121.5339,31.229,上海市,浦东新区监测站,,28,24,20,13,10,89,NA,92,90,14,13,8,8,0.3,0.3
2026-09-07T2100,1150A,121.5776,31.2038,上海市,浦东张江,,31,27,20,14,10,99,NA,103,101,10,12,6,7,0.2,0.2
2026-09-07T2100,1151A,118.8033,32.1085,南京市,迈皋桥,,20,20,12,12,5,60,NA,96,85,22,16,6,5,0.4,0.4
2026-09-07T2100,1152A,118.7487,32.057,南京市,草场门,,30,17,18,6,4,93,NA,126,115,23,18,6,6,0.4,0.4
2026-09-07T2100,1154A,118.770105,32.004342,南京市,中华门,NA,NA,19,14,5,3,NA,NA,113,107,6,12,7,6,0.2,0.2
2026-09-07T2100,1155A,118.8059,32.0329,南京市,瑞金路,,29,17,16,4,4,91,NA,121,112,15,13,4,4,0.2,0.3
2026-09-07T2100,1156A,118.7946,32.0774,南京市,玄武湖,,23,23,22,5,4,65,NA,120,103,40,19,5,4,0.4,0.4
2026-09-07T2100,1157A,118.6415,32.0964,南京市,浦口,,34,24,22,6,4,106,NA,125,122,14,12,5,6,0.4,0.5
2026-09-07T2100,1158A,118.730129,32.000956,南京市,奥体中心,,31,20,18,6,2,97,NA,128,118,16,15,8,8,0.3,0.3
2026-09-07T2100,1159A,118.9072,32.1047,南京市,仙林大学城,,22,22,22,12,5,64,NA,105,95,31,20,4,4,0.3,0.3
2026-09-07T2100,1163A,120.5974,31.3247,苏州市,轧钢厂,,24,24,26,11,11,64,NA,122,107,28,20,6,6,0.7,0.8
2026-09-07T2100,1164A,120.6329,31.2741,苏州市,吴中区,,23,23,25,9,9,69,NA,121,107,16,13,6,6,0.5,0.7
2026-09-07T2100,1165A,120.5566,31.3049,苏州市,苏州新区,,19,19,22,9,10,60,NA,128,110,24,15,6,8,0.4,0.6
2026-09-07T2100,1166A,120.668709,31.312523,苏州市,苏州工业园区,NA,NA,NA,NA,NA,NA,NA,NA,NA,NA,NA,NA,NA,NA,NA,NA
2026-09-07T2100,1167A,120.6408,31.3707,苏州市,相城区,,30,30,25,10,8,54,NA,120,104,30,12,9,9,0.6,0.8
2026-09-07T2100,1168A,120.9056,31.9669,南通市,狼山街道,,26,17,11,6,2,81,NA,97,92,7,4,4,4,0.5,0.5
2026-09-07T2100,1170A,120.8635,32.0231,南通市,城中,,25,18,15,8,2,79,NA,94,88,8,6,2,1,0.3,0.3
2026-09-07T2100,1171A,120.9376,31.9301,南通市,星湖花园,,23,20,10,6,3,73,NA,96,89,10,6,4,3,0.5,0.4
2026-09-07T2100,1172A,120.8053,32.046,南通市,紫琅学院,,22,10,8,9,3,69,NA,92,85,8,5,2,3,0.6,0.6
2026-09-07T2100,1173A,119.1759,34.5885,连云港市,市环境监测站,,27,17,17,7,8,84,NA,138,124,11,18,6,7,0.4,0.4
2026-09-07T2100,1180A,117.257,34.2161,徐州市,新城区,颗粒物(PM10),62,66,45,38,21,114,NA,162,152,15,12,10,10,0.8,0.7
2026-09-07T2100,1182A,117.2933,34.2796,徐州市,农科院,细颗粒物(PM2.5),84,73,42,52,22,107,NA,157,148,23,16,8,10,1.0,0.9
2026-09-07T2100,1186A,119.3895,32.377,扬州市,邗江监测站,,31,17,17,7,6,99,NA,112,109,12,9,8,7,0.4,0.4
2026-09-07T2100,1188A,120.2693,31.4864,无锡市,雪浪,,24,24,24,6,6,66,NA,124,108,20,16,6,7,0.3,0.3
2026-09-07T2100,1189A,120.2761,31.621,无锡市,黄巷,,20,16,27,4,8,63,NA,97,87,22,26,8,9,1.0,1
2026-09-07T2100,1191A,120.2422,31.5037,无锡市,漆塘,,25,25,32,13,10,77,NA,126,111,13,12,7,7,0.7,0.7
2026-09-07T2100,1192A,120.3489,31.5865,无锡市,东亭,,17,17,16,7,6,50,NA,110,94,34,21,8,8,0.5,0.6
2026-09-07T2100,1193A,120.3538,31.5474,无锡市,旺庄,NA,NA,NA,21,10,7,64,NA,123,107,23,13,7,7,0.7,0.8
2026-09-07T2100,1194A,120.2447,31.5633,无锡市,荣巷,,22,17,22,5,5,68,NA,114,100,20,17,7,7,0.7,0.7
2026-09-07T2100,1195A,120.2986,31.6816,无锡市,堰桥,,22,14,15,11,6,68,NA,108,94,16,15,6,6,0.6,0.7
2026-09-07T2100,1196A,119.9524,31.7586,常州市,市监测站,,19,NA,13,10,4,59,NA,103,92,18,10,4,5,0.3,0.3
2026-09-07T2100,1200A,119.9351,31.703,常州市,武进监测站,,25,23,21,6,4,77,NA,121,109,16,14,6,7,0.3,0.3
2026-09-07T2100,1203A,119.6708,32.187,镇江市,新区办事处,,30,30,21,12,8,56,NA,108,92,47,27,3,5,0.4,0.4
2026-09-07T2100,1204A,119.497455,32.196732,镇江市,职教中心,,32,32,24,9,7,83,NA,108,99,19,13,2,5,0.3,0.3
2026-09-07T2100,1205A,119.43,32.1328,镇江市,丹徒区监测站,,24,24,19,12,8,68,NA,118,105,36,16,5,5,0.4,0.4
2026-09-07T2100,1206A,119.9042,32.488,泰州市,公园路,NA,NA,14,12,5,5,73,NA,102,96,6,6,8,9,NA,0.2
2026-09-07T2100,1207A,119.9189,32.4626,泰州市,莲花,,24,12,15,5,5,74,NA,99,94,5,5,8,10,0.3,0.3
2026-09-07T2100,1209A,119.8877,32.4636,泰州市,留学生创业园,,26,12,17,6,11,81,NA,105,101,5,7,7,8,0.6,0.5
2026-09-07T2100,1210A,119.0566,33.5991,淮安市,钵池山,,29,29,23,17,12,74,NA,124,116,22,14,5,6,0.5,0.4
2026-09-07T2100,1211A,119.0083,33.578,淮安市,北京南路,,31,31,25,17,11,77,NA,127,119,30,19,6,7,0.6,0.6
2026-09-07T2100,1212A,118.9938,33.6083,淮安市,市监测站,,31,19,15,12,12,98,NA,126,123,14,17,8,9,0.6,0.6
2026-09-07T2100,1213A,119.135,33.5038,淮安市,楚州区监测站,,46,46,18,19,11,54,NA,115,103,37,13,6,6,0.8,0.8
2026-09-07T2100,1216A,120.1554,33.3941,盐城市,市监测站,,25,11,14,5,4,78,NA,94,88,12,9,6,6,0.6,0.6
2026-09-07T2100,1218A,120.214332,33.37951,盐城市,开发区管委会,,25,11,16,5,7,78,NA,85,82,8,6,10,10,0.5,0.5
2026-09-07T2100,1220A,118.2924,33.933,宿迁市,宿迁学院,,50,50,32,24,15,103,NA,150,143,25,16,2,2,0.7,0.6
2026-09-07T2100,1221A,118.2321,33.9572,宿迁市,宿迁中学,,39,39,30,24,15,121,NA,141,140,13,17,4,5,0.5,0.6
2026-09-07T2100,1223A,120.2073,30.2111,杭州市,滨江,,37,35,27,15,13,118,NA,140,138,26,17,6,6,0.4,0.5
2026-09-07T2100,1224A,120.0625,30.2737,杭州市,西溪,,20,17,20,8,8,61,NA,124,115,14,10,4,4,0.6,0.5
2026-09-07T2100,1226A,120.3417,30.315,杭州市,下沙,,33,26,23,18,13,105,NA,133,130,28,16,6,6,0.7,0.7
2026-09-07T2100,1227A,120.1252,30.2465,杭州市,卧龙桥,,20,16,19,11,11,62,NA,128,110,20,12,6,6,0.3,0.4
2026-09-07T2100,1228A,120.1902,30.2691,杭州市,浙江农大,,41,41,26,20,11,79,NA,123,118,48,18,8,8,0.6,0.7
2026-09-07T2100,1230A,120.1195,30.3121,杭州市,和睦小学,,31,18,20,13,12,99,NA,128,125,20,12,6,7,0.5,0.6
2026-09-07T2100,1231A,120.3076,30.4146,杭州市,临平镇,,36,35,26,16,12,115,NA,138,137,21,13,7,7,0.6,0.6
2026-09-07T2100,1232A,120.2753,30.1839,杭州市,城厢镇,,34,14,21,12,10,107,NA,122,120,12,8,6,6,0.4,0.5
2026-09-07T2100,1233A,120.0883,30.1808,杭州市,云栖,,23,23,24,9,12,61,NA,121,108,19,12,6,6,0.6,0.6
2026-09-07T2100,1234A,121.8352,29.9111,宁波市,区环保大楼,,28,28,25,8,8,78,NA,118,114,20,16,5,6,0.4,0.4
2026-09-07T2100,1235A,121.5595,29.8208,宁波市,万里学院,,30,26,21,8,11,96,NA,141,137,11,10,6,6,0.5,0.5
2026-09-07T2100,1236A,121.713,29.9564,宁波市,龙赛医院,NA,NA,NA,23,NA,7,NA,NA,124,124,NA,9,NA,8,NA,0.4
2026-09-07T2100,1240A,121.5855,29.8635,宁波市,太古小学,,28,25,28,7,10,89,NA,128,124,6,9,4,5,0.6,0.6
2026-09-07T2100,1241A,121.5239,29.8673,宁波市,市环境监测中心,,30,17,19,7,12,96,NA,141,137,7,10,5,5,0.8,0.8
2026-09-07T2100,1242A,120.6342,28.0088,温州市,瓯海,,33,27,33,15,20,105,NA,116,111,17,24,6,6,0.4,0.5
2026-09-07T2100,1243A,120.6747,27.9881,温州市,南浦,,35,31,33,19,19,110,NA,114,112,13,17,7,7,0.4,0.4
2026-09-07T2100,1244A,120.76,27.9745,温州市,龙湾,,37,28,37,11,15,118,NA,113,113,10,18,6,6,0.3,0.3
2026-09-07T2100,1247A,120.6053,29.9927,绍兴市,城东开发委,,39,35,27,16,12,122,NA,140,138,18,13,7,6,0.6,0.6
2026-09-07T2100,1250A,120.075,30.867,湖州市,城西水厂,,41,41,25,20,12,60,NA,138,125,64,24,7,7,0.5,0.5
2026-09-07T2100,1252A,120.7439,30.778,嘉兴市,清河小学,NA,NA,NA,28,NA,6,NA,NA,106,NA,NA,16,NA,5,NA,0.5
2026-09-07T2100,1253A,120.7261,30.7477,嘉兴市,嘉兴学院,,32,18,18,11,11,101,NA,153,147,13,14,4,5,0.4,0.5
2026-09-07T2100,1255A,121.2727,28.6461,台州市,黄岩环保大楼,,42,42,28,26,13,96,NA,121,116,17,10,/,/,/,/
2026-09-07T2100,1256A,121.4188,28.6545,台州市,台州环保大楼,,39,39,29,25,14,97,NA,122,120,11,8,/,/,0.7,0.6
2026-09-07T2100,1257A,121.3768,28.5772,台州市,路桥田洋王,,39,34,25,21,12,124,NA,127,127,10,8,6,6,0.8,0.6
2026-09-07T2100,1258A,122.1223,30.0203,舟山市,定海檀枫,,30,18,17,7,7,95,NA,106,101,5,6,7,7,0.6,0.6
2026-09-07T2100,1260A,122.1898,29.9945,舟山市,临城新区,,29,17,17,10,7,91,NA,108,101,10,10,6,6,0.6,0.5
2026-09-07T2100,1262A,119.6478,29.0773,金华市,十五中,,43,43,35,21,19,109,NA,143,128,28,17,4,4,0.5,0.5
2026-09-07T2100,1263A,119.6859,29.1032,金华市,监测站,,47,47,34,22,16,89,NA,137,121,34,17,4,3,0.5,0.3
2026-09-07T2100,1264A,118.8694,28.94,衢州市,环保大楼,颗粒物(PM10),54,55,32,34,18,66,NA,136,123,25,14,/,/,/,/
2026-09-07T2100,1266A,118.8622,28.9809,衢州市,衢州学院,,38,38,28,21,18,72,NA,134,118,24,22,7,7,0.7,0.7
2026-09-07T2100,1267A,119.9141,28.4513,丽水市,监测站大楼,,43,43,30,24,18,76,NA,121,113,20,17,6,6,0.6,0.6
2026-09-07T2100,1268A,119.93,28.4589,丽水市,莲都小学,,35,35,33,18,18,86,NA,130,122,17,14,/,/,/,/
2026-09-07T2100,1269A,119.8794,28.4232,丽水市,余庄前,,38,38,27,22,15,35,NA,129,105,13,11,5,5,0.5,0.5
2026-09-07T2100,1270A,117.1957,31.7845,合肥市,明珠广场,,39,39,28,22,12,109,NA,136,129,14,13,10,10,0.6,0.6
2026-09-07T2100,1271A,117.307,31.8765,合肥市,三里街,,39,39,28,26,12,103,NA,123,120,19,13,12,12,0.6,0.6
2026-09-07T2100,1272A,117.2587,31.8703,合肥市,琥珀山庄,,37,34,26,19,11,118,NA,130,128,15,12,6,6,0.5,0.5
2026-09-07T2100,1275A,117.2593,31.9376,合肥市,庐阳区,,48,48,32,31,16,104,NA,134,128,24,17,9,9,0.5,0.6
2026-09-07T2100,1276A,117.345251,31.861615,合肥市,瑶海区,,48,48,26,22,9,110,NA,125,121,12,9,4,4,0.5,0.5
2026-09-07T2100,1277A,117.3033,31.7967,合肥市,包河区,,48,48,30,22,11,65,NA,120,105,59,40,7,8,0.2,0.2
2026-09-07T2100,1278A,117.278,31.7392,合肥市,滨湖新区,,41,41,26,25,10,98,NA,138,130,17,14,8,8,0.7,0.6
2026-09-07T2100,1279A,117.1324,31.8395,合肥市,高新区,,41,41,31,22,13,112,NA,139,131,22,19,7,8,0.4,0.4
2026-09-07T2100,1282A,119.2681,26.0506,福州市,师大,,36,27,29,16,13,115,NA,141,137,8,8,5,5,0.4,0.4
2026-09-07T2100,1283A,119.2983,26.1028,福州市,五四北路,,42,42,30,14,19,118,NA,136,133,12,12,5,5,0.3,0.3
2026-09-07T2100,1284A,119.2648,26.0769,福州市,杨桥西路,,40,30,32,10,14,125,NA,137,136,8,10,4,4,/,/
2026-09-07T2100,1287A,118.1519,24.4768,厦门市,洪文,,38,20,20,12,13,121,NA,128,127,8,11,3,3,0.3,0.3
2026-09-07T2100,1288A,118.0671,24.4447,厦门市,鼓浪屿,,39,20,21,11,14,122,NA,126,124,9,14,3,4,/,/
2026-09-07T2100,1291A,115.8887,28.7006,南昌市,省林业公司,细颗粒物(PM2.5),106,70,27,66,19,105,NA,146,139,11,7,7,9,0.5,0.4
2026-09-07T2100,1292A,115.813,28.7443,南昌市,林科所,,37,22,17,13,13,118,NA,139,133,12,9,8,8,0.5,0.5
2026-09-07T2100,1294A,115.8518,28.687,南昌市,建工学校,,45,45,30,30,17,108,NA,138,134,23,12,10,10,0.7,0.6
2026-09-07T2100,1295A,115.8926,28.6425,南昌市,象湖,NA,NA,25,22,18,17,NA,NA,133,132,13,12,10,10,0.6,0.5
2026-09-07T2100,1299A,116.9866,36.6118,济南市,科干所,,41,34,34,16,16,131,NA,167,160,16,19,9,8,0.3,0.3
2026-09-07T2100,1300A,116.9379,36.6652,济南市,农科所,,44,44,50,20,18,120,NA,170,164,22,32,8,7,0.3,0.3
2026-09-07T2100,1301A,117.1265,36.6736,济南市,开发区,颗粒物(PM10),57,59,42,18,15,120,NA,171,162,26,27,13,9,0.4,0.5
2026-09-07T2100,1303A,117.0616,36.6865,济南市,省种子仓库,颗粒物(PM10),60,63,47,17,11,109,NA,156,150,28,20,15,13,0.3,0.4
2026-09-07T2100,1304A,116.9495185,36.644937,济南市,机床二厂,,46,46,46,19,17,129,NA,165,160,20,22,13,9,0.3,0.3
2026-09-07T2100,1305A,117.0496,36.6629,济南市,市监测站,颗粒物(PM10),55,56,47,17,16,116,NA,159,153,19,24,9,7,0.6,0.6
2026-09-07T2100,1306A,116.7674,36.5458,济南市,长清党校,NA,NA,44,47,18,21,NA,NA,164,164,NA,21,NA,6,NA,0.3
2026-09-07T2100,1310A,120.404,36.0625,青岛市,市南区东部子站,,37,17,15,8,6,116,NA,128,124,11,13,8,7,0.4,0.3
2026-09-07T2100,1311A,120.362344,36.10282,青岛市,四方区子站,,39,14,16,7,6,124,NA,144,134,6,12,4,4,0.4,0.4
2026-09-07T2100,1312A,120.294373,36.054183,青岛市,市南区西部子站,,36,9,13,5,7,115,NA,133,124,8,14,7,7,0.4,0.4
2026-09-07T2100,1313A,120.4581,36.0858,青岛市,崂山区子站,,34,17,18,8,5,106,NA,129,125,12,8,7,8,0.4,0.4
2026-09-07T2100,1315A,120.3945,36.3083,青岛市,城阳区子站,,34,27,24,14,9,107,NA,147,137,19,14,5,5,0.3,0.3
2026-09-07T2100,1316A,113.6843,34.7622,郑州市,烟厂,颗粒物(PM10),63,68,67,36,37,139,NA,192,180,23,21,3,5,0.3,0.5
2026-09-07T2100,1318A,113.669,34.8034,郑州市,银行学校,颗粒物(PM10),61,65,65,36,40,142,NA,193,182,18,24,5,6,0.4,0.5
2026-09-07T2100,1319A,113.5612,34.8143,郑州市,供水公司,颗粒物(PM10),62,66,66,35,37,142,NA,184,171,21,26,9,8,0.7,0.8
2026-09-07T2100,1320A,113.7269,34.7187,郑州市,经开区管委,颗粒物(PM10),63,68,71,29,41,136,NA,198,179,22,36,3,4,0.7,0.8
2026-09-07T2100,1321A,113.7332,34.7727,郑州市,四十七中,颗粒物(PM10),64,69,66,33,40,132,NA,200,182,19,20,5,5,0.6,0.7
2026-09-07T2100,1323A,113.6361,34.7537,郑州市,河医大,颗粒物(PM10),61,65,64,37,39,134,NA,184,170,19,18,6,6,0.4,0.5
2026-09-07T2100,1325A,114.3676,30.5584,武汉市,东湖梨园,细颗粒物(PM2.5),54,46,33,37,23,139,NA,181,173,20,18,10,10,0.7,0.7
2026-09-07T2100,1326A,114.2527,30.5578,武汉市,汉阳月湖,颗粒物(PM10),60,64,39,36,25,103,NA,173,162,44,22,5,5,0.8,0.6
2026-09-07T2100,1327A,114.2819,30.6189,武汉市,汉口花桥,细颗粒物(PM2.5),64,56,38,42,27,142,NA,203,197,24,15,8,8,0.5,0.4
2026-09-07T2100,1328A,114.3024,30.5332,武汉市,武昌紫阳,,42,42,42,21,23,99,NA,165,152,24,16,9,10,0.5,0.5
2026-09-07T2100,1329A,114.3646,30.6217,武汉市,青山钢花,细颗粒物(PM2.5),60,59,43,40,26,135,NA,198,189,22,17,12,10,0.8,0.7
2026-09-07T2100,1330A,114.156697,30.482592,武汉市,沌口新区,"颗粒物(PM10),臭氧1小时(O3_1h)",53,54,33,34,24,162,NA,180,179,24,17,12,12,0.4,0.3
2026-09-07T2100,1331A,114.3013,30.5944,武汉市,汉口江滩,颗粒物(PM10),55,56,37,36,25,111,NA,193,179,48,19,6,5,0.6,0.5
2026-09-07T2100,1333A,114.1285,30.6339,武汉市,吴家山,颗粒物(PM10),53,54,32,32,23,148,NA,191,188,25,15,9,8,0.7,0.5
2026-09-07T2100,1335A,113.082,28.2421,长沙市,经开区环保局,细颗粒物(PM2.5),54,48,51,37,35,135,NA,192,182,15,22,6,6,0.6,0.6
2026-09-07T2100,1336A,112.8873,28.2202,长沙市,高开区环保局,颗粒物(PM10),51,51,51,34,31,101,NA,168,155,18,16,4,5,0.9,0.8
2026-09-07T2100,1337A,113.0785,28.2012,长沙市,马坡岭,NA,NA,53,55,31,37,NA,NA,244,240,17,23,8,9,0.7,0.7
2026-09-07T2100,1338A,112.9448,28.1894,长沙市,湖南师范大学,,45,42,51,31,31,109,NA,175,162,14,14,10,10,0.5,0.5
2026-09-07T2100,1339A,113.0177,28.1322,长沙市,雨花区环保局,颗粒物(PM10),93,109,53,41,34,119,NA,203,194,21,22,7,8,0.9,0.9
2026-09-07T2100,1340A,112.9795,28.2593,长沙市,伍家岭,细颗粒物(PM2.5),58,53,56,39,38,80,NA,170,154,45,26,5,5,0.5,0.5
2026-09-07T2100,1341A,113.002,28.1944,长沙市,火车新站,,50,50,52,34,34,117,NA,184,174,13,18,5,6,0.8,0.8
2026-09-07T2100,1342A,112.9846,28.1177,长沙市,天心区环保局,颗粒物(PM10),53,53,54,35,35,132,NA,204,193,25,26,4,4,0.7,0.7
2026-09-07T2100,1343A,112.8906,28.1307,长沙市,湖南中医药大学,细颗粒物(PM2.5),102,NA,52,62,35,81,NA,178,160,25,22,7,7,0.6,0.5
2026-09-07T2100,1345A,113.2346,23.1423,广州市,广雅中学,颗粒物(PM10),54,55,46,34,27,104,NA,139,137,43,37,5,6,0.6,0.5
2026-09-07T2100,1346A,113.2611,23.105,广州市,市五中,,50,48,39,35,28,156,NA,160,160,23,35,4,5,/,/
2026-09-07T2100,1348A,113.3477,23.0916,广州市,广东商学院,细颗粒物(PM2.5),60,58,41,40,26,127,NA,129,129,40,38,5,5,0.9,0.7
2026-09-07T2100,1349A,113.4332,23.105,广州市,市八十六中,细颗粒物(PM2.5),74,60,37,47,27,159,NA,157,157,64,48,7,7,/,/
2026-09-07T2100,1350A,113.3506,22.9488,广州市,番禺中学,细颗粒物(PM2.5),72,59,46,46,30,167,NA,170,170,23,33,5,5,0.6,0.5
2026-09-07T2100,1351A,113.2147,23.3918,广州市,花都师范,,50,38,36,35,26,93,NA,111,109,18,19,6,6,0.7,0.7
2026-09-07T2100,1352A,113.2599,23.1329,广州市,市监测站,,49,49,39,32,25,141,NA,148,148,21,32,1,2,/,/
2026-09-07T2100,1353A,113.5618,23.3119,广州市,九龙镇镇龙,,45,43,38,31,24,31,NA,86,74,30,22,8,8,0.5,0.5
2026-09-07T2100,1354A,113.2764,23.1544,广州市,麓湖,,40,38,34,28,22,45,NA,122,112,40,24,5,5,0.6,0.7
2026-09-07T2100,1356A,114.0948,22.5506,深圳市,通心岭子站,,38,38,29,25,18,90,NA,136,129,21,16,2,2,0.7,0.6
2026-09-07T2100,1357A,114.1153,22.5713,深圳市,洪湖,,39,39,32,24,19,89,NA,137,127,31,29,1,2,0.7,0.6
2026-09-07T2100,1358A,113.9823,22.5398,深圳市,华侨城,,50,28,30,18,21,160,NA,168,168,24,35,/,/,/,/
2026-09-07T2100,1359A,113.9181,22.517,深圳市,南海子站,细颗粒物(PM2.5),56,47,37,38,28,147,NA,206,205,37,43,1,1,0.9,0.8
2026-09-07T2100,1360A,114.2345,22.565,深圳市,盐田,,33,29,26,19,16,103,NA,96,84,26,26,7,7,0.8,0.8
2026-09-07T2100,1363A,114.4911,22.5381,深圳市,南澳,NA,NA,NA,31,25,16,NA,NA,138,138,26,13,/,/,/,/
2026-09-07T2100,1364A,114.41,22.6346,深圳市,葵涌,,34,34,29,20,17,61,NA,118,110,22,16,7,7,0.9,0.8
2026-09-07T2100,1365A,114.2967,22.5978,深圳市,梅沙,,43,31,26,18,14,135,NA,96,92,11,15,/,/,/,/
2026-09-07T2100,1366A,114.0563,22.7353,深圳市,观澜,颗粒物(PM10),62,66,44,39,26,124,NA,158,158,49,37,4,4,0.7,0.6
2026-09-07T2100,1367A,113.5811,22.2618,珠海市,吉大,,39,23,25,16,20,122,NA,177,173,20,16,7,7,0.9,0.8
2026-09-07T2100,1368A,113.4893,22.2323,珠海市,前山,,44,22,32,13,21,138,NA,136,136,10,20,/,/,/,/
2026-09-07T2100,1369A,113.6284,22.4252,珠海市,唐家,,40,25,26,19,28,128,NA,202,196,10,7,/,/,/,/
2026-09-07T2100,1370A,113.2986,22.2284,珠海市,斗门,,36,22,31,20,27,114,NA,147,142,10,14,9,8,1.0,0.8
2026-09-07T2100,1371A,113.1293,23.0065,佛山市,湾梁,颗粒物(PM10),62,66,39,38,27,98,NA,159,151,44,30,/,/,/,/
2026-09-07T2100,1372A,113.1082,23.0477,佛山市,华材职中,颗粒物(PM10),51,51,38,35,31,67,NA,155,142,30,26,9,9,0.7,0.6
2026-09-07T2100,1373A,113.1439,23.045,佛山市,南海气象局,细颗粒物(PM2.5),60,58,43,40,30,115,NA,143,140,42,30,/,/,/,/
2026-09-07T2100,1374A,113.2879,22.8094,佛山市,顺德苏岗,细颗粒物(PM2.5),64,46,42,42,34,133,NA,171,170,26,28,/,/,0.8,0.8
2026-09-07T2100,1376A,112.8384,22.8678,佛山市,高明孔堂,,48,48,33,28,21,112,NA,157,153,11,15,/,/,/,/
2026-09-07T2100,1377A,112.8835,23.1584,佛山市,三水监测站,,46,46,33,30,24,40,NA,118,107,63,27,3,5,0.6,0.5
2026-09-07T2100,1378A,112.8668,23.185,佛山市,三水云东海,,45,45,36,27,21,46,NA,104,93,29,14,/,/,/,/
2026-09-07T2100,1379A,113.377,22.5211,中山市,华柏园,,44,42,47,26,34,138,NA,191,185,14,22,/,/,/,/
2026-09-07T2100,1380A,113.3879,22.5499,中山市,张溪,,47,43,53,21,35,148,NA,191,187,16,26,/,/,/,/
2026-09-07T2100,1381A,113.4071,22.5111,中山市,紫马岭,,40,40,42,28,31,112,NA,192,182,16,17,8,9,0.6,0.6
2026-09-07T2100,1383A,113.1063,22.6058,江门市,北街,,45,43,41,31,28,116,NA,181,177,14,18,/,/,/,/
2026-09-07T2100,1384A,113.073,22.5835,江门市,西区,,49,49,36,22,29,98,NA,168,164,24,26,/,/,/,/
2026-09-07T2100,1385A,113.0218,22.531,江门市,圭峰西,,39,36,36,27,26,101,NA,145,141,20,15,/,/,/,/
2026-09-07T2100,1390A,113.7943,23.0132,东莞市,东城石井,,38,38,40,26,30,58,NA,107,106,21,24,6,6,0.9,0.9
2026-09-07T2100,1391A,113.7384,22.9659,东莞市,南城西平,细颗粒物(PM2.5),56,46,40,38,37,148,NA,132,132,27,25,3,6,0.8,0.9
2026-09-07T2100,1392A,114.4181,23.0528,惠州市,河南岸金山湖子站,,45,45,39,25,25,101,NA,108,106,18,18,7,8,0.8,0.8
2026-09-07T2100,1393A,114.4055,23.0824,惠州市,下埔横江三路子站,,47,47,43,31,25,86,NA,116,113,19,16,4,6,0.7,0.6
2026-09-07T2100,1395A,114.4645,22.7832,惠州市,惠阳区承修路船湖子站,,41,41,43,26,26,104,NA,125,125,17,13,2,3,1.0,0.9
2026-09-07T2100,1396A,114.5316,22.7423,惠州市,大亚湾管委会子站,,40,40,36,24,23,89,NA,107,107,27,20,6,7,0.9,0.8
2026-09-07T2100,1397A,112.426,23.062,肇庆市,睦岗子站,,50,50,27,19,18,57,NA,105,101,24,14,7,7,/,/
2026-09-07T2100,1398A,112.4645,23.0476,肇庆市,城中子站,,42,41,24,29,18,41,NA,121,116,51,24,14,9,0.9,0.8
2026-09-07T2100,1399A,112.5545,23.1525,肇庆市,坑口子站,,33,27,27,23,18,66,NA,118,113,6,7,6,6,0.6,0.6
2026-09-07T2100,1401A,108.3098,22.788,南宁市,二十一中,细颗粒物(PM2.5),62,46,39,41,26,71,NA,133,123,29,24,4,9,1.0,1
2026-09-07T2100,1402A,108.3135,22.8529,南宁市,北湖,细颗粒物(PM2.5),106,67,45,66,34,26,NA,127,108,62,26,5,9,1.1,0.8
2026-09-07T2100,1403A,108.3205,22.8222,南宁市,市监测站,,48,43,40,33,24,69,NA,126,113,32,23,5,8,0.9,0.8
2026-09-07T2100,1404A,108.3828,22.8038,南宁市,大自然花园,,42,NA,33,29,23,65,NA,113,104,21,20,5,8,0.8,0.7
2026-09-07T2100,1406A,108.2397,22.8462,南宁市,区农职院,细颗粒物(PM2.5),82,68,46,51,29,70,NA,161,148,22,16,18,10,0.7,0.8
2026-09-07T2100,1407A,108.3285,22.7356,南宁市,英华嘉园,细颗粒物(PM2.5),64,64,46,42,24,10,NA,124,107,76,23,5,9,1.1,0.7
2026-09-07T2100,1410A,110.3189,20.0596,海口市,海南大学,,27,20,18,13,12,85,NA,94,91,5,6,5,6,0.5,0.5
2026-09-07T2100,1411A,110.2827,20.0051,海口市,秀英海南医院,,24,20,16,16,14,75,NA,93,89,6,9,6,6,0.4,0.4
2026-09-07T2100,1412A,110.3391,19.9979,海口市,海南师范大学,,25,20,20,15,14,79,NA,96,88,5,5,3,3,0.6,0.5
2026-09-07T2100,1413A,110.3303,20.0359,海口市,龙华路环保局宿舍,,27,18,18,14,13,84,NA,96,91,5,5,/,/,0.4,0.4
2026-09-07T2100,1416A,106.4216,29.8256,重庆市,天生,,40,40,31,25,18,101,NA,137,131,14,18,11,10,0.7,0.7
2026-09-07T2100,1417A,106.6264,29.7226,重庆市,两路,,50,50,38,35,16,103,NA,117,116,16,19,7,6,0.6,0.5
2026-09-07T2100,1419A,106.5778,29.5103,重庆市,南坪,,36,35,29,16,12,114,NA,106,106,15,12,7,6,0.3,0.2
2026-09-07T2100,1420A,106.6556,29.6277,重庆市,唐家沱,,45,45,27,19,13,103,NA,103,103,16,13,13,14,0.6,0.5
2026-09-07T2100,1431A,103.9727,30.7242,成都市,金泉两河,细颗粒物(PM2.5),86,66,53,53,41,129,NA,148,148,16,15,3,4,0.7,0.6
2026-09-07T2100,1432A,104.1423,30.6765,成都市,十里店,细颗粒物(PM2.5),68,68,68,44,48,89,NA,143,142,15,19,6,6,0.9,0.9
2026-09-07T2100,1433A,104.0594,30.5765,成都市,三瓦窑,NA,NA,52,63,25,45,NA,NA,164,164,27,21,6,7,0.6,0.7
2026-09-07T2100,1434A,104.1122,30.6306,成都市,沙河铺,,48,47,55,33,47,91,NA,141,130,20,24,8,8,0.5,0.7
2026-09-07T2100,1439A,106.6863,26.6035,贵阳市,马鞍山,NA,NA,12,19,5,12,NA,NA,88,82,7,7,2,3,/,/
2026-09-07T2100,1441A,106.6241,26.6266,贵阳市,鉴湖路,,41,41,36,14,16,60,NA,91,81,14,7,9,11,0.7,0.6
2026-09-07T2100,1442A,106.7468,26.6344,贵阳市,燕子冲,,24,24,26,13,12,50,NA,88,76,16,12,5,6,0.6,0.6
2026-09-07T2100,1443A,106.6556,26.4362,贵阳市,碧云窝,,39,39,39,15,17,50,NA,79,73,16,8,8,11,/,/
2026-09-07T2100,1445A,106.6963,26.6063,贵阳市,红边门,,27,27,25,9,14,46,NA,77,66,16,12,3,6,/,/
2026-09-07T2100,1446A,106.7162383,26.56964667,贵阳市,新华路,,31,31,34,8,13,55,NA,81,72,14,14,5,7,0.6,0.6
2026-09-07T2100,1447A,106.6742,26.542,贵阳市,太慈桥,,27,27,28,12,15,50,NA,86,78,17,10,5,5,/,/
2026-09-07T2100,1450A,102.8203,24.889,昆明市,呈贡新区,,42,38,23,29,18,77,NA,105,103,22,11,2,4,0.5,0.5
2026-09-07T2100,1452A,102.7253,25.0904,昆明市,龙泉镇,颗粒物(PM10),58,61,30,30,19,73,NA,112,108,20,16,9,8,0.4,0.4
2026-09-07T2100,1453A,102.7267,25.0378,昆明市,东风东路,NA,NA,NA,30,NA,20,NA,NA,111,111,16,18,4,4,0.5,0.4
2026-09-07T2100,1454A,102.6744,25.0671,昆明市,金鼎山,NA,NA,37,31,24,18,NA,NA,111,111,15,12,5,5,0.3,0.3
2026-09-07T2100,1455A,102.6643,25.0401,昆明市,碧鸡广场,NA,NA,49,30,32,19,NA,NA,104,104,16,10,8,7,0.6,0.5
2026-09-07T2100,1456A,91.132,29.6515,拉萨市,八廓街,,22,11,7,5,5,68,NA,79,78,17,9,8,8,0.3,0.2
2026-09-07T2100,1457A,91.1221,29.6748,拉萨市,市环保局,,14,13,8,5,5,43,NA,77,71,23,10,8,8,0.4,0.2
2026-09-07T2100,1458A,91.0874,29.6476,拉萨市,区监测站,,18,12,8,8,6,57,NA,80,78,21,12,8,7,0.3,0.3
2026-09-07T2100,1459A,91.1774,29.6541,拉萨市,西藏大学,,21,8,7,5,5,66,NA,82,80,16,10,7,6,0.3,0.2
2026-09-07T2100,1460A,90.9798,29.6586,拉萨市,区辐射站,NA,NA,14,8,7,7,NA,NA,73,73,22,19,8,9,0.2,0.2
2026-09-07T2100,1461A,91.0831,29.6292,拉萨市,拉萨火车站,,19,10,8,5,5,59,NA,76,75,19,13,7,7,0.3,0.3
2026-09-07T2100,1463A,108.9931,34.2629,西安市,兴庆小区,细颗粒物(PM2.5),100,80,67,60,44,168,NA,196,196,19,16,6,7,0.9,0.8
2026-09-07T2100,1464A,109.0595,34.2569,西安市,纺织城,细颗粒物(PM2.5),90,99,74,55,46,102,NA,178,170,31,27,3,4,1.0,0.8
2026-09-07T2100,1465A,108.9377,34.2178,西安市,小寨,细颗粒物(PM2.5),104,101,72,64,46,142,NA,188,185,18,18,3,4,0.9,0.8
2026-09-07T2100,1466A,108.9522,34.2739,西安市,市人民体育场,细颗粒物(PM2.5),105,85,70,65,43,152,NA,207,203,25,19,6,6,0.9,0.8
2026-09-07T2100,1467A,108.8923,34.2322,西安市,高新西区,细颗粒物(PM2.5),105,107,77,65,45,129,NA,203,197,21,17,7,7,0.6,0.6
2026-09-07T2100,1468A,108.9386,34.3446,西安市,经开区,细颗粒物(PM2.5),101,97,74,61,43,127,NA,176,172,16,10,4,5,0.8,0.7
2026-09-07T2100,1469A,108.894,34.1557,西安市,长安区,细颗粒物(PM2.5),108,92,78,68,48,104,NA,180,173,34,23,4,4,1.0,0.9
2026-09-07T2100,1471A,109.213,34.3748,西安市,临潼区,细颗粒物(PM2.5),96,80,72,58,49,146,NA,170,169,14,15,5,5,1.0,0.9
2026-09-07T2100,1474A,109.0508,34.321,西安市,广运潭,细颗粒物(PM2.5),80,77,74,50,46,149,NA,168,168,17,15,7,8,0.9,0.8
2026-09-07T2100,1479A,103.8309,36.0467,兰州市,铁路设计院,,28,28,22,13,12,53,NA,75,56,12,18,3,2,0.5,0.6
2026-09-07T2100,1489A,106.1361,38.5039,银川市,学院路,,21,21,38,3,19,40,NA,72,42,9,15,3,4,0.3,0.5
2026-09-07T2100,1490A,87.5796,43.8299,乌鲁木齐市,监测站,,40,40,38,4,11,91,NA,109,109,30,26,3,3,0.6,0.5
2026-09-07T2100,1491A,87.6044,43.7679,乌鲁木齐市,收费所,,38,38,40,10,12,85,NA,110,110,35,32,2,2,0.5,0.4
2026-09-07T2100,1493A,87.5529,43.8704,乌鲁木齐市,铁路局,,39,39,43,12,13,96,NA,108,108,21,30,8,7,0.5,0.5
2026-09-07T2100,1494A,87.6408,43.8258,乌鲁木齐市,三十一中学,,43,43,41,14,13,99,NA,111,111,16,22,7,6,0.7,0.7
2026-09-07T2100,1496A,87.7218,44.1747,乌鲁木齐市,米东区环保局,,32,20,59,8,13,100,NA,110,110,1,19,10,10,0.3,0.4
2026-09-07T2100,1508A,112.9508,27.8626,湘潭市,板塘,颗粒物(PM10),52,52,49,33,33,129,NA,167,154,11,14,9,9,0.6,0.5
2026-09-07T2100,1511A,112.9114,27.8404,湘潭市,市监测站,细颗粒物(PM2.5),60,44,34,40,34,105,NA,155,144,15,13,4,4,0.5,0.6
2026-09-07T2100,1512A,112.8935,27.8729,湘潭市,江麓,细颗粒物(PM2.5),62,55,47,41,32,95,NA,154,142,16,13,7,6,0.5,0.4
2026-09-07T2100,1513A,112.9227,27.8159,湘潭市,岳塘,细颗粒物(PM2.5),70,53,52,45,32,107,NA,165,153,16,14,8,10,0.6,0.6
2026-09-07T2100,1514A,112.9073,27.9118,湘潭市,科大,颗粒物(PM10),52,52,49,34,31,109,NA,161,149,19,13,8,8,0.5,0.4
2026-09-07T2100,1515A,113.1265,27.8306,株洲市,天台山庄,细颗粒物(PM2.5),64,68,49,42,33,77,NA,180,166,55,21,3,3,1.3,0.7
2026-09-07T2100,1518A,113.0937,27.8919,株洲市,株冶医院,,49,49,46,34,30,79,NA,170,150,26,19,5,5,1.0,0.8
2026-09-07T2100,1519A,113.1709,27.8661,株洲市,市四中,细颗粒物(PM2.5),84,84,59,52,40,36,NA,191,165,63,28,5,6,1.2,0.9
2026-09-07T2100,1520A,113.1515,27.8265,株洲市,火车站,细颗粒物(PM2.5),126,109,57,88,41,74,NA,189,171,44,25,13,11,1.7,0.9
2026-09-07T2100,1524A,113.1329,27.8491,株洲市,市监测站,颗粒物(PM10),53,53,50,34,34,122,NA,189,178,38,24,11,9,0.9,0.6
2026-09-07T2100,1562A,113.0048,27.9153,湘潭市,昭山,颗粒物(PM10),51,51,50,34,29,24,NA,156,129,59,23,7,8,0.8,0.7
2026-09-07T2100,1585A,109.8761,40.6533,包头市,市环境监测站,,16,16,19,3,7,39,NA,61,47,20,11,2,4,0.3,0.3
2026-09-07T2100,1587A,109.9992,40.5843,包头市,包头八中,,15,15,23,4,7,36,NA,63,46,18,14,3,4,0.3,0.3
2026-09-07T2100,1589A,109.8641,40.6288,包头市,惠龙物流,,15,5,14,2,7,47,NA,59,47,12,10,2,4,0.3,0.4
2026-09-07T2100,1590A,110.0376,40.5546,包头市,东河鸿龙湾,,15,14,22,10,15,36,NA,49,46,20,19,10,11,0.8,0.7
2026-09-07T2100,1591A,110.0024,39.8127,鄂尔多斯市,综合楼,,20,NA,41,7,19,62,NA,75,70,8,26,2,5,0.3,0.4
2026-09-07T2100,1592A,109.9485,39.8259,鄂尔多斯市,巴音孟克林场办事处,,19,NA,33,8,19,59,NA,75,69,10,23,4,6,0.3,0.4
2026-09-07T2100,1593A,109.7734,39.5987,鄂尔多斯市,康泽苑,,19,5,32,2,18,58,NA,77,73,8,17,8,10,0.3,0.4
2026-09-07T2100,1594A,109.8121,39.5987,鄂尔多斯市,华泰汽车城,,16,12,33,8,19,51,NA,65,63,8,20,4,5,0.5,0.6
2026-09-07T2100,1595A,109.9734,39.7884,鄂尔多斯市,奥林花园,NA,NA,12,35,8,19,NA,NA,75,70,6,19,2,4,0.4,0.6
2026-09-07T2100,1597A,122.2704,40.7093,营口市,大庆路,,23,23,36,8,14,52,NA,46,44,11,18,6,8,0.6,0.8
2026-09-07T2100,1598A,122.215,40.6511,营口市,镜湖西路,,22,22,30,5,8,44,NA,46,38,12,18,3,4,0.4,0.5
2026-09-07T2100,1599A,122.1667,40.665,营口市,西炮台,,24,24,25,9,10,46,NA,48,41,9,12,4,5,0.3,0.3
2026-09-07T2100,1600A,124.33,40.0625,丹东市,江湾东路,颗粒物(PM10),52,52,36,25,16,49,NA,93,85,16,15,4,6,0.8,0.7
2026-09-07T2100,1601A,124.4242,40.1513,丹东市,临江后街,颗粒物(PM10),53,53,33,33,17,38,NA,83,75,15,12,3,3,0.9,0.8
2026-09-07T2100,1602A,124.3935,40.1461,丹东市,元宝山,,40,40,30,26,15,33,NA,80,72,11,9,6,7,0.8,0.7
2026-09-07T2100,1603A,124.3634,40.1093,丹东市,民主桥,,46,46,31,28,15,41,NA,81,73,11,16,6,7,0.6,0.4
2026-09-07T2100,1604A,122.0303,41.1489,盘锦市,开发区,,19,18,20,13,6,48,NA,69,54,7,9,4,4,0.5,0.4
2026-09-07T2100,1605A,122.0486,41.0883,盘锦市,兴隆台,,15,13,23,9,9,45,NA,58,49,8,18,3,4,0.5,0.5
2026-09-07T2100,1606A,121.8297,41.1026,盘锦市,新生街道,,19,14,16,13,6,41,NA,54,53,13,14,4,5,0.6,0.5
2026-09-07T2100,1607A,120.904878,40.721091,葫芦岛市,龙港区,,16,14,25,8,10,49,NA,90,64,18,13,7,7,0.2,0.2
2026-09-07T2100,1608A,120.8382,40.7521,葫芦岛市,化工街,,27,27,37,11,14,50,NA,64,63,9,14,4,5,0.3,0.3
2026-09-07T2100,1609A,120.8339,40.7078,葫芦岛市,新区,,18,18,21,8,11,55,NA,68,67,8,10,7,6,0.5,0.4
2026-09-07T2100,1610A,120.8697,40.7679,葫芦岛市,东城区,,18,18,25,10,16,56,NA,72,70,10,16,8,7,0.5,0.5
2026-09-07T2100,1611A,118.5818,24.9116,泉州市,涂山街,,38,20,28,19,18,120,NA,142,135,10,9,3,3,0.5,0.5
2026-09-07T2100,1612A,118.597,24.8976,泉州市,津头埔,,34,27,30,20,17,107,NA,135,129,14,10,2,2,0.5,0.5
2026-09-07T2100,1613A,118.6669,24.9422,泉州市,万安,,39,29,30,14,14,123,NA,135,132,7,9,4,4,0.5,0.5
2026-09-07T2100,1618A,118.3429,35.0532,临沂市,沂河小区,,48,48,42,23,16,112,NA,190,182,16,17,10,12,0.3,0.3
2026-09-07T2100,1619A,118.2962,35.0568,临沂市,鲁南制药厂,,44,44,39,21,17,123,NA,199,192,18,18,13,13,0.7,0.6
2026-09-07T2100,1620A,118.2793,34.9976,临沂市,新光毛纺厂,颗粒物(PM10),53,53,37,34,20,104,NA,194,185,28,26,15,14,0.6,0.6
2026-09-07T2100,1621A,118.3955,35.0889,临沂市,河东保险公司,颗粒物(PM10),51,51,39,23,17,101,NA,206,191,28,22,9,10,0.6,0.6
2026-09-07T2100,1622A,116.3034,37.4675,德州市,儿童乐园,,46,46,41,19,19,120,NA,155,140,8,17,12,13,0.5,0.5
2026-09-07T2100,1624A,116.2992,37.4449,德州市,监理站,,48,48,38,18,16,126,NA,164,154,10,15,14,16,0.5,0.5
2026-09-07T2100,1625A,115.9789,36.4372,聊城市,区政府,,44,44,60,12,31,130,NA,193,177,15,21,10,10,0.5,0.6
2026-09-07T2100,1629A,117.9961,37.3604,滨州市,第二水厂,,32,17,24,6,8,102,NA,132,125,13,15,7,9,0.5,0.6
2026-09-07T2100,1630A,117.9789,37.3931,滨州市,北中新校,,34,24,26,5,9,108,NA,134,125,9,17,9,11,0.7,0.8
2026-09-07T2100,1631A,118.0413,36.8101,淄博市,人民公园,,32,31,48,10,17,101,NA,150,137,13,23,5,9,0.2,0.4
2026-09-07T2100,1633A,117.8524,36.4848,淄博市,双山,,45,45,37,27,16,105,NA,170,159,19,22,20,12,0.6,0.6
2026-09-07T2100,1634A,117.9595,36.6332,淄博市,气象站,,48,48,51,22,14,106,NA,152,144,16,25,8,13,0.4,0.5
2026-09-07T2100,1637A,117.5628,34.8379,枣庄市,市中区政府,颗粒物(PM10),74,83,61,45,31,160,NA,195,192,16,16,7,11,0.5,0.4
2026-09-07T2100,1638A,117.2855,34.7838,枣庄市,薛城环保局,颗粒物(PM10),91,107,62,53,29,73,NA,190,177,81,22,7,6,0.8,0.6
2026-09-07T2100,1639A,117.5854,34.7744,枣庄市,峄城区政府,细颗粒物(PM2.5),120,127,66,81,30,115,NA,194,186,24,13,7,10,0.6,0.4
2026-09-07T2100,1641A,117.4516,35.0992,枣庄市,山亭区环保局,细颗粒物(PM2.5),92,78,47,56,24,136,NA,193,186,21,12,6,8,1.1,0.9
2026-09-07T2100,1642A,121.2517,37.564,烟台市,开发区,,36,36,23,13,9,93,NA,113,111,8,18,6,7,0.5,0.5
2026-09-07T2100,1644A,121.3181,37.5436,烟台市,西郊化工站,,31,27,20,8,7,99,NA,108,108,11,18,7,10,0.6,0.6
2026-09-07T2100,1645A,121.4419,37.4858,烟台市,莱山环保局,,33,14,10,7,7,103,NA,111,111,8,12,3,3,0.3,0.3
2026-09-07T2100,1646A,121.2619,37.4965,烟台市,福山环保局,,33,17,31,7,9,103,NA,109,109,4,15,3,3,0.3,0.3
2026-09-07T2100,1650A,119.1436,36.7022,潍坊市,环保局,,29,17,37,1,15,91,NA,155,139,11,21,4,5,0.5,0.6
2026-09-07T2100,1653A,116.6229,35.4288,济宁市,火炬城,颗粒物(PM10),53,54,58,27,30,159,NA,206,196,14,14,3,4,0.5,0.5
2026-09-07T2100,1656A,117.1436,36.1938,泰安市,监测站,,50,46,45,21,23,159,NA,191,187,12,12,9,9,0.4,0.4
2026-09-07T2100,1657A,117.0905,36.2002,泰安市,人口学校,,48,48,50,21,22,148,NA,171,168,13,14,13,11,0.5,0.5
2026-09-07T2100,1658A,117.0992,36.1757,泰安市,电力学校,臭氧1小时(O3_1h),57,46,48,23,23,165,NA,191,188,11,15,8,8,0.3,0.4
2026-09-07T2100,1659A,119.4711,35.421,日照市,监测站,,26,12,19,6,10,83,NA,131,118,16,35,8,9,0.3,0.4
2026-09-07T2100,1660A,119.523,35.4216,日照市,市政府广场,NA,NA,9,16,4,7,NA,NA,131,128,8,19,5,5,0.4,0.4
2026-09-07T2100,1661A,119.5511,35.4113,日照市,港务局,,35,9,16,3,4,110,NA,132,125,5,16,5,5,0.4,0.5
2026-09-07T2100,1662A,122.121,37.4231,威海市,华夏技校,,23,12,11,7,7,73,NA,103,98,9,12,/,/,0.3,0.3
2026-09-07T2100,1663A,122.0508,37.5236,威海市,山大分校,,28,7,14,5,9,88,NA,106,102,6,10,/,/,/,/
2026-09-07T2100,1664A,122.1067,37.5067,威海市,市监测站,,28,10,15,5,7,89,NA,106,102,7,10,4,5,0.3,0.4
2026-09-07T2100,1666A,118.6612,37.4313,东营市,市环保局,,28,2,14,0,7,88,NA,124,118,2,9,3,4,0.3,0.3
2026-09-07T2100,1669A,113.5821,24.7733,韶关市,市八中,,26,26,36,17,21,52,NA,94,81,21,9,21,9,0.8,0.7
2026-09-07T2100,1671A,113.5916,24.7973,韶关市,园林处,,39,39,32,25,24,66,NA,96,87,16,11,12,14,/,/
2026-09-07T2100,1673A,113.5971,24.6864,韶关市,曲江监测站,,44,44,36,20,24,29,NA,94,76,23,14,10,12,0.7,0.6
2026-09-07T2100,1674A,116.6795,23.3666,汕头市,金平子站,,26,13,17,7,11,81,NA,100,97,9,10,4,4,0.6,0.6
2026-09-07T2100,1675A,116.7248,23.3632,汕头市,龙湖子站,,25,22,24,11,13,77,NA,93,91,9,9,5,6,/,/
2026-09-07T2100,1676A,116.7257,23.2774,汕头市,濠江子站,NA,NA,13,24,13,14,NA,NA,99,99,8,9,NA,6,/,/
2026-09-07T2100,1677A,116.7518,23.4712,汕头市,澄海子站,,25,20,25,12,15,78,NA,93,88,10,9,4,4,0.7,0.7
2026-09-07T2100,1678A,116.6088,23.2539,汕头市,潮阳子站,,25,20,23,8,14,78,NA,90,89,6,8,7,7,0.3,0.4
2026-09-07T2100,1680A,110.3648,21.2697,湛江市,湛江影剧院,,25,15,27,12,20,78,NA,106,102,10,9,5,12,0.5,0.5
2026-09-07T2100,1681A,110.3907,21.2279,湛江市,市环境监测站,,22,14,23,11,18,70,NA,102,96,11,6,5,8,0.5,0.5
2026-09-07T2100,1682A,110.3936,21.1943,湛江市,环保局宿舍,,25,18,23,14,19,77,NA,107,102,12,9,9,10,/,/
2026-09-07T2100,1683A,110.4138,21.2033,湛江市,霞山游泳场,,27,13,21,9,17,84,NA,100,95,5,9,6,10,/,/
2026-09-07T2100,1685A,110.4512,21.239,湛江市,坡头区环保局,,28,20,22,13,16,89,NA,108,105,5,8,5,8,0.5,0.5
2026-09-07T2100,1686A,111.0285,21.469,茂名市,电白南海,NA,NA,17,20,14,12,92,NA,107,107,10,6,4,4,NA,0.5
2026-09-07T2100,1687A,110.9294,21.6533,茂名市,茂石化七小,,35,NA,20,24,18,85,NA,85,85,11,9,6,8,0.7,0.6
2026-09-07T2100,1688A,110.9108,21.6688,茂名市,健康路,,33,27,16,23,16,86,NA,93,93,9,6,8,9,0.7,0.6
2026-09-07T2100,1689A,110.8592,21.6826,茂名市,高岭,,45,NA,24,31,18,83,NA,91,91,14,12,6,9,/,/
2026-09-07T2100,1690A,116.1248,24.3307,梅州市,梅江月梅,,46,46,31,28,19,27,NA,85,72,24,10,/,/,/,/
2026-09-07T2100,1691A,116.0798,24.2719,梅州市,梅县新城,,43,41,27,30,19,44,NA,91,81,19,13,10,9,0.8,0.7
2026-09-07T2100,1693A,115.3653,22.7751,汕尾市,市环保局,,41,NA,26,18,21,130,NA,145,145,11,12,6,6,0.5,0.5
2026-09-07T2100,1695A,115.362,22.7926,汕尾市,新城中学,,40,NA,28,17,22,127,NA,141,141,8,10,8,7,0.8,0.8
2026-09-07T2100,1697A,114.6962,23.7538,河源市,东埔,,45,41,29,31,22,40,NA,94,84,22,14,6,6,0.9,0.7
2026-09-07T2100,1698A,114.6895,23.7232,河源市,老城,,34,34,30,23,20,44,NA,92,81,13,13,6,7,0.8,0.8
2026-09-07T2100,1701A,111.9491,21.8658,阳江市,马南垌,,24,19,16,9,15,74,NA,93,93,5,8,6,7,0.7,0.7
2026-09-07T2100,1703A,113.0218,23.7086,清远市,凤城街办,,36,36,28,22,16,71,NA,116,112,11,7,/,/,/,/
2026-09-07T2100,1708A,116.3701,23.5345,揭阳市,新兴,,31,31,35,16,20,63,NA,101,91,16,15,8,8,0.7,0.9
2026-09-07T2100,1709A,116.3261,23.5442,揭阳市,西马,,26,26,37,13,20,58,NA,106,93,13,12,4,5,0.7,0.8
2026-09-07T2100,1710A,116.361,23.5627,揭阳市,东兴,,22,22,34,14,20,65,NA,107,97,12,16,6,8,/,/
2026-09-07T2100,1711A,116.4151,23.5295,揭阳市,渔湖,,33,33,37,17,22,73,NA,102,94,8,13,4,5,/,/
2026-09-07T2100,1714A,112.0281,22.9738,云浮市,牧羊,,32,NA,30,22,13,61,NA,84,84,13,15,27,10,0.7,0.7
2026-09-07T2100,1715A,102.575,24.371,玉溪市,东风水库,,48,48,22,17,14,90,NA,96,94,8,8,6,8,0.5,0.6
2026-09-07T2100,1723A,113.2926,40.0759,大同市,云冈宾馆,,14,13,36,8,12,42,NA,70,49,9,22,6,8,0.5,0.6
2026-09-07T2100,1724A,113.3437,40.0921,大同市,大同大学,,12,8,41,6,11,38,NA,64,44,14,20,5,10,0.4,0.5
2026-09-07T2100,1725A,113.2637,40.129,大同市,安家小村,,15,NA,25,8,9,47,NA,76,52,5,12,2,4,0.5,0.6
2026-09-07T2100,1727A,113.1146,36.1547,长治市,清华站,,42,40,47,28,27,133,NA,171,157,6,11,12,10,0.6,0.7
2026-09-07T2100,1730A,113.0887,36.2126,长治市,审计局,,47,36,44,26,27,148,NA,173,161,9,16,12,13,0.8,0.9
2026-09-07T2100,1731A,113.0845,36.1856,长治市,长治八中,颗粒物(PM10),52,52,52,25,27,143,NA,175,162,11,16,12,12,0.7,0.9
2026-09-07T2100,1733A,111.5552,36.0791,临汾市,临钢医院,颗粒物(PM10),104,128,77,52,29,128,NA,177,166,23,16,17,9,1.3,0.7
2026-09-07T2100,1734A,111.4984,36.0734,临汾市,技工学校,"颗粒物(PM10),细颗粒物(PM2.5)",90,105,74,55,38,124,NA,170,160,22,17,14,7,1.3,0.8
2026-09-07T2100,1736A,111.5017,36.0857,临汾市,市委,颗粒物(PM10),93,110,77,54,34,130,NA,176,166,19,15,16,10,1.2,0.7
2026-09-07T2100,1739A,113.4894,37.8717,阳泉市,赛鱼,细颗粒物(PM2.5),64,42,63,42,35,106,NA,97,97,17,52,7,9,0.8,0.7
2026-09-07T2100,1740A,113.582,37.8473,阳泉市,南庄,细颗粒物(PM2.5),80,59,79,50,38,120,NA,125,125,20,33,12,17,1.2,1.1
2026-09-07T2100,1742A,113.5616,37.8706,阳泉市,平坦,细颗粒物(PM2.5),62,54,79,41,39,126,NA,124,124,13,45,12,15,1.1,1.1
2026-09-07T2100,1743A,113.5115,37.8391,阳泉市,大阳泉,NA,NA,49,49,29,32,NA,NA,124,97,9,16,4,7,0.7,0.8
2026-09-07T2100,1744A,118.9229,42.2816,赤峰市,松山一中,,20,20,22,8,12,49,NA,88,55,13,9,8,10,0.6,0.5
2026-09-07T2100,1745A,118.9588,42.2733,赤峰市,哈达街,,15,NA,16,7,10,46,NA,84,50,16,10,9,10,0.5,0.5
2026-09-07T2100,1746A,118.8792,42.2551,赤峰市,天义路,,10,6,12,4,8,32,NA,76,40,17,11,4,6,0.6,0.6
2026-09-07T2100,1748A,123.0441,41.1201,鞍山市,深沟寺,,21,21,28,9,13,44,NA,60,39,11,12,6,6,0.5,0.7
2026-09-07T2100,1749A,123.011,41.0931,鞍山市,太阳城,,26,26,41,11,16,47,NA,56,40,9,14,6,7,0.7,1
2026-09-07T2100,1750A,123.0483,41.1445,鞍山市,太平,,21,21,35,10,15,40,NA,50,34,12,16,8,10,0.7,1.1
2026-09-07T2100,1751A,122.964,41.0968,鞍山市,铁西三道街,,34,30,49,15,18,30,NA,57,23,28,26,21,13,3.4,2.3
2026-09-07T2100,1753A,123.0219,41.0822,鞍山市,明达新区,,23,23,32,8,14,45,NA,59,37,8,12,6,8,0.7,1
2026-09-07T2100,1755A,123.7974,41.8494,抚顺市,望花区,,18,16,47,12,24,44,NA,46,43,10,22,5,8,0.5,0.8
2026-09-07T2100,1756A,123.9161,41.8827,抚顺市,顺城区,,15,11,34,6,22,48,NA,46,42,8,22,8,10,0.6,0.9
2026-09-07T2100,1757A,124.0437,41.8615,抚顺市,东洲区,,16,4,27,3,16,50,NA,55,41,12,15,7,9,0.4,0.7
2026-09-07T2100,1758A,123.9246,41.8638,抚顺市,新抚区,,15,8,40,6,23,47,NA,42,38,8,22,5,6,0.5,0.7
2026-09-07T2100,1759A,124.0972,41.8961,抚顺市,大伙房水库,,16,7,23,1,16,50,NA,51,38,9,14,11,12,0.5,0.8
2026-09-07T2100,1760A,123.708,41.8386,抚顺市,沈抚新城,,18,15,45,12,21,47,NA,47,47,10,22,7,10,0.5,0.8
2026-09-07T2100,1761A,123.8274146,41.31234549,本溪市,大峪,,12,6,33,2,15,37,NA,55,33,8,22,6,7,0.6,1
2026-09-07T2100,1763A,123.7169,41.3094,本溪市,彩屯,,16,16,44,5,24,41,NA,52,34,9,18,6,8,0.6,1.2
2026-09-07T2100,1764A,123.7672166,41.28649327,本溪市,东明,,13,7,41,4,19,39,NA,52,31,9,28,4,6,0.6,1.1
2026-09-07T2100,1765A,123.799345,41.266614,本溪市,新立屯,,13,4,29,4,14,39,NA,61,35,6,23,8,9,0.5,0.8
2026-09-07T2100,1766A,123.829144,41.336777,本溪市,威宁,,12,7,38,6,19,38,NA,54,32,7,17,5,5,0.4,0.7
2026-09-07T2100,1767A,121.1114,41.0879,锦州市,南山,,25,21,23,17,14,51,NA,65,64,14,22,6,6,0.4,0.3
2026-09-07T2100,1768A,121.060361,40.842794,锦州市,开发区,,22,22,37,15,14,51,NA,66,65,16,18,6,9,0.4,0.5
2026-09-07T2100,1769A,121.1836,41.1118,锦州市,百股街道,,28,19,24,19,15,52,NA,71,66,12,13,8,8,0.5,0.4
2026-09-07T2100,1770A,121.1176,41.1224,锦州市,天安街道,,25,23,29,17,15,49,NA,61,60,12,16,7,8,0.5,0.5
2026-09-07T2100,1771A,121.1303,41.1385,锦州市,北湖公园,,25,24,26,17,14,52,NA,65,64,9,12,5,5,0.4,0.3
2026-09-07T2100,1772A,126.54,43.8622,吉林市,哈达湾,,25,22,28,17,18,38,NA,64,36,11,14,3,3,0.6,0.5
2026-09-07T2100,1773A,126.5843,43.8358,吉林市,东局子,,30,30,19,14,14,41,NA,64,36,10,13,5,5,0.6,0.6
2026-09-07T2100,1774A,126.5051,43.8243,吉林市,电力学院,,32,30,34,22,20,34,NA,59,33,8,10,9,8,0.8,0.6
2026-09-07T2100,1775A,126.6133,43.8971,吉林市,江北,,25,25,42,14,15,33,NA,53,35,6,11,2,3,0.6,0.3
2026-09-07T2100,1776A,126.5549,43.8304,吉林市,江南公园,,25,19,25,17,16,39,NA,63,36,7,9,4,3,0.4,0.3
2026-09-07T2100,1779A,123.9307,47.3641,齐齐哈尔市,安居小区,,33,33,18,7,5,12,NA,43,34,25,7,3,3,0.6,0.4
2026-09-07T2100,1780A,123.9497,47.3389,齐齐哈尔市,中心广场,,12,NA,3,8,5,21,NA,46,40,24,6,2,3,0.3,0.2
2026-09-07T2100,1781A,123.9483,47.3229,齐齐哈尔市,农牧车辆厂,,39,39,19,7,4,23,NA,47,43,18,4,6,5,0.5,0.4
2026-09-07T2100,1783A,123.9442,47.2994,齐齐哈尔市,市环境监测站,,48,48,16,12,3,9,NA,48,41,30,5,4,4,0.3,0.1
2026-09-07T2100,1784A,129.61,44.561,牡丹江市,环保大楼,,15,15,20,2,7,31,NA,65,58,7,12,5,6,0.4,0.4
2026-09-07T2100,1787A,129.6364,44.6075,牡丹江市,机车工厂,,28,28,32,2,11,27,NA,67,60,6,12,7,8,0.4,0.4
2026-09-07T2100,1788A,129.6386,44.5462,牡丹江市,第一中学,,12,12,20,3,7,37,NA,74,66,5,9,3,4,0.4,0.4
2026-09-07T2100,1789A,124.8085,46.0381,大庆市,大同区,,17,16,23,5,10,52,NA,67,65,11,7,4,5,0.4,0.6
2026-09-07T2100,1790A,125.1166,46.5255,大庆市,龙凤区,,33,33,25,15,11,22,NA,50,43,28,7,3,4,0.1,0.1
2026-09-07T2100,1791A,124.8894,46.4007,大庆市,红岗区,,29,29,28,5,8,31,NA,51,46,14,5,7,6,0.4,0.4
2026-09-07T2100,1792A,125.1391,46.578,大庆市,萨尔图区,,26,26,24,7,9,32,NA,47,42,16,6,6,6,0.5,0.5
2026-09-07T2100,1793A,124.9026,46.6217,大庆市,让胡路区,,27,27,26,5,11,28,NA,48,44,14,3,4,4,0.2,0.2
2026-09-07T2100,1794A,118.3603,31.3515,芜湖市,监测站,,33,26,29,16,15,103,NA,150,146,22,20,6,9,0.5,0.6
2026-09-07T2100,1795A,118.3716,31.4135,芜湖市,科创中心,,48,48,34,22,15,56,NA,149,129,62,24,6,8,0.5,0.6
2026-09-07T2100,1796A,118.3671,31.3132,芜湖市,四水厂,,34,29,31,14,11,108,NA,152,148,22,15,7,9,0.6,0.6
2026-09-07T2100,1798A,118.5084,31.6838,马鞍山市,湖东路四小,,31,21,29,13,11,98,NA,152,139,21,15,8,9,0.8,0.8
2026-09-07T2100,1799A,118.5019,31.6449,马鞍山市,开发区,,34,34,28,16,12,90,NA,149,134,26,16,8,8,0.9,0.7
2026-09-07T2100,1803A,115.9873,29.6816,九江市,十里,细颗粒物(PM2.5),54,47,35,37,19,104,NA,148,140,23,14,4,4,0.8,0.7
2026-09-07T2100,1804A,115.9583,29.7047,九江市,茅山头,,41,33,29,16,15,131,NA,143,142,14,13,4,4,0.4,0.4
2026-09-07T2100,1805A,115.9877,29.7295,九江市,西园,,38,38,30,23,17,116,NA,149,145,33,19,6,6,0.3,0.3
2026-09-07T2100,1808A,115.9112,29.6038,九江市,综合工业园,细颗粒物(PM2.5),94,68,30,57,16,68,NA,152,137,78,23,4,4,0.7,0.6
2026-09-07T2100,1812A,112.3934,34.6517,洛阳市,市委党校,NA,NA,88,76,44,53,NA,NA,180,177,NA,21,13,13,0.7,0.8
2026-09-07T2100,1815A,112.494,34.6883,洛阳市,河南林校,细颗粒物(PM2.5),90,98,72,55,45,123,NA,182,171,28,20,13,12,0.6,0.5
2026-09-07T2100,1816A,112.3843,34.623,洛阳市,开发区管委会,NA,NA,69,66,53,47,NA,NA,195,191,18,15,16,16,NA,0.7
2026-09-07T2100,1817A,112.4263,34.6249,洛阳市,市委新办公区,细颗粒物(PM2.5),78,82,70,49,50,130,NA,179,170,20,15,14,15,0.7,0.7
2026-09-07T2100,1819A,114.3552,36.1017,安阳市,红庙街,细颗粒物(PM2.5),64,63,70,42,38,162,NA,198,189,17,17,6,10,0.8,1.1
2026-09-07T2100,1820A,114.361,36.0681,安阳市,银杏小区,臭氧1小时(O3_1h),68,62,64,34,37,174,NA,201,194,14,15,4,7,0.7,0.9
2026-09-07T2100,1824A,114.3389,34.778,开封市,肿瘤医院,颗粒物(PM10),69,76,74,41,49,114,NA,197,173,21,16,6,7,0.6,0.7
2026-09-07T2100,1826A,114.2884,34.7966,开封市,世纪星幼儿园,颗粒物(PM10),74,83,71,38,46,119,NA,188,166,21,24,5,5,0.4,0.4
2026-09-07T2100,1832A,113.3257,33.7423,平顶山市,新华旅馆,颗粒物(PM10),64,69,72,28,40,121,NA,161,149,15,22,11,9,0.8,0.9
2026-09-07T2100,1833A,113.2917,33.737,平顶山市,规划设计院,颗粒物(PM10),58,61,73,35,44,118,NA,159,145,17,18,9,9,0.6,0.7
2026-09-07T2100,1834A,113.182,33.7738,平顶山市,平顶山工学院,,44,44,61,22,36,138,NA,166,155,12,16,10,10,0.6,0.7
2026-09-07T2100,1835A,111.1922,34.7752,三门峡市,市政府,颗粒物(PM10),56,58,59,32,40,162,NA,163,162,14,12,10,11,0.6,0.7
2026-09-07T2100,1836A,111.1588,34.794,三门峡市,开发区,细颗粒物(PM2.5),66,67,68,43,41,160,NA,162,161,18,15,9,10,0.7,0.7
2026-09-07T2100,1840A,111.2991,30.6981,宜昌市,白龙岗,,48,48,48,30,31,137,NA,184,176,11,13,7,6,0.6,0.5
2026-09-07T2100,1842A,111.263451,30.696754,宜昌市,点军区,,47,47,46,28,31,139,NA,182,175,18,13,7,6,0.3,0.5
2026-09-07T2100,1843A,111.3276,30.782,宜昌市,夷陵区,颗粒物(PM10),52,52,43,26,30,126,NA,185,179,17,17,7,7,0.5,0.4
2026-09-07T2100,1844A,112.2493,30.3198,荆州市,市图书馆,颗粒物(PM10),55,56,41,32,30,136,NA,180,170,11,19,9,9,0.6,0.6
2026-09-07T2100,1845A,112.2009,30.3543,荆州市,市委党校,,49,49,48,30,29,123,NA,174,166,18,19,8,9,0.8,0.8
2026-09-07T2100,1848A,113.1494,29.425,岳阳市,城陵矶,颗粒物(PM10),64,69,60,36,31,89,NA,169,147,46,32,11,4,0.8,0.8
2026-09-07T2100,1849A,113.1493,29.3575,岳阳市,开发区,NA,NA,58,48,34,35,140,NA,172,169,NA,22,7,7,0.9,0.9
2026-09-07T2100,1850A,113.2672,29.4752,岳阳市,云溪区,细颗粒物(PM2.5),92,85,56,56,40,116,NA,191,171,13,17,6,16,0.8,0.8
2026-09-07T2100,1851A,112.9944,29.44,岳阳市,君山区,细颗粒物(PM2.5),60,54,58,40,39,115,NA,179,166,31,19,6,6,0.6,0.6
2026-09-07T2100,1854A,111.696,28.9725,常德市,市二中,细颗粒物(PM2.5),103,NA,53,63,44,88,NA,154,135,27,16,9,10,0.9,0.9
2026-09-07T2100,1858A,110.532,29.1219,张家界市,永定新区,NA,NA,52,52,35,31,98,NA,153,137,NA,10,/,/,/,/
2026-09-07T2100,1859A,110.4696,29.1244,张家界市,电业局,,45,43,38,31,31,101,NA,158,139,18,12,1,1,0.7,0.6
2026-09-07T2100,1860A,110.5573,29.3486,张家界市,未央路,NA,NA,NA,26,NA,28,NA,NA,150,NA,NA,7,NA,3,NA,0.7
2026-09-07T2100,1864A,110.3091,25.2705,桂林市,龙隐路小学,,43,NA,38,30,26,61,NA,88,74,12,13,5,7,0.6,0.7
2026-09-07T2100,1865A,110.2849361,25.22909545,桂林市,八中,,46,46,41,16,18,49,NA,88,70,22,15,5,7,0.7,0.7
2026-09-07T2100,1867A,109.1435,21.4085,北海市,海滩公园,,46,34,39,32,29,128,NA,141,141,4,6,4,6,0.6,0.6
2026-09-07T2100,1868A,109.0983,21.466,北海市,新市环保局,细颗粒物(PM2.5),66,50,41,43,31,141,NA,138,138,10,9,6,7,0.6,0.6
2026-09-07T2100,1869A,109.1775,21.5232,北海市,北海工业园,颗粒物(PM10),57,59,44,31,27,44,NA,100,83,27,12,2,3,0.7,0.6
2026-09-07T2100,1870A,109.4854,24.3898,柳州市,柳东小学,,46,46,31,18,23,100,NA,113,113,13,9,6,9,0.8,0.8
2026-09-07T2100,1871A,109.4109,24.3304,柳州市,环保监测站,,34,34,43,19,28,74,NA,116,114,17,15,6,14,0.9,1
2026-09-07T2100,1872A,109.3886,24.3408,柳州市,河西水厂,颗粒物(PM10),70,78,53,41,33,77,NA,116,114,24,18,16,24,1.0,0.8
2026-09-07T2100,1873A,109.4263,24.2951,柳州市,市四中,,49,49,47,28,28,62,NA,117,111,20,12,6,9,0.9,0.9
2026-09-07T2100,1874A,109.396,24.3658,柳州市,市九中,颗粒物(PM10),69,76,51,33,32,102,NA,123,123,18,15,15,17,0.8,0.7
2026-09-07T2100,1875A,109.4912,24.3164,柳州市,古亭山,,48,36,34,33,24,56,NA,106,101,19,16,4,5,0.7,0.7
2026-09-07T2100,1877A,109.4962,18.2682,三亚市,河西子站,,29,22,18,19,14,90,NA,96,96,4,8,4,4,0.6,0.6
2026-09-07T2100,1878A,104.7775,31.4741,绵阳市,富乐山,"颗粒物(PM10),细颗粒物(PM2.5)",56,58,62,38,36,80,NA,102,97,12,11,10,10,0.8,0.8
2026-09-07T2100,1880A,104.6698,31.4668,绵阳市,高新区自来水公司,,49,49,52,32,36,97,NA,132,128,20,14,10,9,0.7,0.7
2026-09-07T2100,1883A,104.6204,28.7728,宜宾市,市委,细颗粒物(PM2.5),108,85,52,68,41,80,NA,102,98,17,16,10,12,0.7,0.6
2026-09-07T2100,1884A,104.6056,28.7931,宜宾市,宜宾四中,细颗粒物(PM2.5),122,105,60,84,44,81,NA,105,101,15,14,9,12,1.1,0.9
2026-09-07T2100,1886A,104.5743,28.7199,宜宾市,黄金嘴,细颗粒物(PM2.5),111,89,49,72,36,86,NA,106,100,16,15,12,14,0.7,0.6
2026-09-07T2100,1888A,101.6891,26.571,攀枝花市,弄弄坪,颗粒物(PM10),58,60,63,15,30,57,NA,101,91,22,19,23,13,1.1,0.6
2026-09-07T2100,1889A,101.577,26.5914,攀枝花市,河门口,,39,39,42,26,28,68,NA,107,97,8,12,8,14,0.9,1.3
2026-09-07T2100,1891A,101.7365,26.4986,攀枝花市,仁和,,43,43,40,27,29,42,NA,81,73,9,10,6,8,0.6,0.8
2026-09-07T2100,1894A,105.4427,28.9063,泸州市,小市上码头,细颗粒物(PM2.5),122,128,56,84,34,127,NA,136,136,13,11,6,8,0.6,0.4
2026-09-07T2100,1895A,105.4241,28.8573,泸州市,兰田宪桥,颗粒物(PM10),73,82,54,36,22,114,NA,124,123,14,16,6,6,0.7,0.6
2026-09-07T2100,1896A,105.4378,28.8833,泸州市,市环监站,细颗粒物(PM2.5),84,73,32,52,23,117,NA,124,124,15,12,6,8,0.8,0.6
2026-09-07T2100,1901A,104.424,31.1209,德阳市,东山公园,,38,29,45,26,49,89,NA,95,95,8,10,7,9,0.8,0.9
2026-09-07T2100,1902A,104.3827,31.1318,德阳市,西小区,细颗粒物(PM2.5),58,39,47,39,43,88,NA,103,102,20,16,12,12,0.9,0.9
2026-09-07T2100,1904A,104.3553,31.1091,德阳市,耐火材料厂,细颗粒物(PM2.5),84,57,50,52,44,94,NA,105,105,12,13,5,4,1.1,1.1
2026-09-07T2100,1906A,106.0791,30.8022,南充市,南充市委,,28,28,34,15,22,83,NA,98,95,15,15,8,7,0.4,0.4
2026-09-07T2100,1907A,106.1038,30.8215,南充市,南充炼油厂,,46,46,41,23,28,83,NA,106,101,16,14,9,9,0.3,0.3
2026-09-07T2100,1911A,106.9218,27.6872,遵义市,丁字口,,48,NA,23,33,22,46,NA,87,79,21,13,9,9,0.8,0.7
2026-09-07T2100,1912A,106.9241,27.7044,遵义市,凤凰山,,38,26,19,26,17,67,NA,91,87,5,5,5,6,0.6,0.5
2026-09-07T2100,1913A,106.8895,27.648,遵义市,忠庄,"颗粒物(PM10),细颗粒物(PM2.5)",52,52,33,36,22,66,NA,86,82,10,8,3,4,0.7,0.7
2026-09-07T2100,1915A,106.9225,27.7253,遵义市,干田坝,颗粒物(PM10),60,63,29,28,20,60,NA,91,84,13,9,6,7,0.8,0.8
2026-09-07T2100,1916A,103.7897,25.5036,曲靖市,环境监测站,,26,26,33,18,25,78,NA,117,107,9,12,2,4,0.5,0.6
2026-09-07T2100,1917A,103.8013,25.5357,曲靖市,烟厂办公区,,39,39,35,11,23,79,NA,111,108,5,9,1,4,0.4,0.6
2026-09-07T2100,1919A,108.6726,34.315,咸阳市,实验中学,细颗粒物(PM2.5),110,96,73,70,47,103,NA,190,175,18,16,8,10,0.8,0.7
2026-09-07T2100,1920A,108.7226,34.3622,咸阳市,师范学院,细颗粒物(PM2.5),114,98,70,75,48,108,NA,179,166,15,12,8,10,0.7,0.6
2026-09-07T2100,1923A,109.0696,35.0699,铜川市,王益区政府,细颗粒物(PM2.5),105,88,54,65,40,83,NA,152,142,20,12,6,5,1.0,0.8
2026-09-07T2100,1924A,108.9345,34.9059,铜川市,新区管委会,细颗粒物(PM2.5),92,73,58,56,38,144,NA,154,154,17,16,8,7,1.1,0.9
2026-09-07T2100,1927A,109.4569,36.6161,延安市,延大医附院,细颗粒物(PM2.5),88,55,57,54,38,25,NA,60,56,40,27,3,3,1.1,0.9
2026-09-07T2100,1929A,109.5053,36.6105,延安市,百米大道,细颗粒物(PM2.5),96,96,85,58,42,53,NA,76,73,26,30,5,5,1.1,0.9
2026-09-07T2100,1931A,107.0802,34.3129,宝鸡市,竹园沟,细颗粒物(PM2.5),56,48,48,38,44,38,NA,77,71,8,9,5,5,0.9,0.8
2026-09-07T2100,1933A,107.1429,34.3549,宝鸡市,监测站,颗粒物(PM10),55,56,59,27,45,57,NA,78,78,13,15,3,2,0.6,0.7
2026-09-07T2100,1934A,107.1172,34.3759,宝鸡市,技工学校,,45,45,56,28,45,61,NA,80,80,10,9,6,6,0.8,0.8
2026-09-07T2100,1936A,107.2025,34.3518,宝鸡市,文理学院,颗粒物(PM10),60,63,62,32,46,62,NA,75,75,12,20,5,5,0.7,0.7
2026-09-07T2100,1937A,107.2396,34.3626,宝鸡市,三迪小学,颗粒物(PM10),56,58,64,32,47,61,NA,83,83,15,17,4,4,0.9,1
2026-09-07T2100,1940A,109.4605,34.4927,渭南市,体育馆,细颗粒物(PM2.5),92,97,73,56,44,104,NA,178,171,45,12,6,7,0.8,0.6
2026-09-07T2100,1941A,109.4257,34.5067,渭南市,高新一小,细颗粒物(PM2.5),90,93,72,55,45,153,NA,175,173,12,8,6,5,0.7,0.5
2026-09-07T2100,1944A,102.1691,38.5166,金昌市,天庆家园,NA,NA,NA,4,2,5,79,NA,72,72,4,4,4,3,0.2,0.2
2026-09-07T2100,1945A,98.291,39.7705,嘉峪关市,气象局,,24,12,3,6,6,76,NA,75,75,7,7,8,8,0.5,0.5
2026-09-07T2100,1948A,106.3668,39.0145,石嘴山市,大武口朝阳西街,,14,3,31,3,19,42,NA,48,41,15,23,3,8,0.5,1.1
2026-09-07T2100,1949A,106.7713,39.2278,石嘴山市,惠农南大街,,26,NA,39,18,23,36,NA,42,31,12,24,12,16,1.0,1.2
2026-09-07T2100,1950A,106.7074,39.1332,石嘴山市,红果子镇惠新街,,20,20,35,12,19,31,NA,48,29,29,30,10,14,0.9,1.3
2026-09-07T2100,1951A,84.886,45.6029,克拉玛依市,长征新村,,34,34,35,9,13,83,NA,106,104,23,15,3,4,0.6,0.6
2026-09-07T2100,1952A,84.8894,45.5827,克拉玛依市,南林小区,,28,28,34,8,8,74,NA,104,101,18,19,6,7,0.6,0.6
2026-09-07T2100,1954A,84.896,44.3328,克拉玛依市,独山子区,,35,22,31,9,3,109,NA,119,119,13,5,6,4,0.3,0.2
2026-09-07T2100,1955A,85.6888,46.0909,克拉玛依市,乌尔禾区商贸楼,,33,33,32,17,14,75,NA,104,102,17,13,7,7,0.5,0.4
2026-09-07T2100,1956A,86.1476,41.7529,巴音郭楞蒙古自治州,孔雀公园,颗粒物(PM10),75,85,124,36,41,79,NA,93,89,7,6,3,2,0.2,0.2
2026-09-07T2100,1957A,86.1971,41.7166,巴音郭楞蒙古自治州,棉纺厂,颗粒物(PM10),95,112,144,38,39,85,NA,91,91,7,11,/,/,/,/
2026-09-07T2100,1958A,86.236,41.7172,巴音郭楞蒙古自治州,经济开发区,颗粒物(PM10),72,80,113,38,36,85,NA,91,90,5,6,1,1,0.2,0.2
2026-09-07T2100,1961A,117.5323,36.6865,济南市,东山小学,,49,49,43,14,12,105,NA,178,168,20,26,9,10,0.3,0.4
2026-09-07T2100,1982A,122.0693,37.2175,威海市,文登开发区,,37,37,18,14,10,62,NA,105,96,21,14,/,/,/,/
2026-09-07T2100,2031A,113.1836,27.9959,株洲市,云田中学,细颗粒物(PM2.5),76,65,46,48,33,87,NA,162,147,23,19,10,10,0.6,0.5
2026-09-07T2100,2054A,114.1096,32.1059,信阳市,平桥分局,颗粒物(PM10),51,51,37,23,18,107,NA,138,132,16,16,8,8,0.4,0.3
2026-09-07T2100,2064A,113.9956,32.1272,信阳市,南湾水厂,,49,49,37,14,18,115,NA,136,131,9,10,7,7,0.6,0.5
2026-09-07T2100,2065A,114.078,32.1194,信阳市,市酿酒公司,NA,NA,42,40,21,20,NA,NA,129,128,16,14,8,8,0.3,0.7
2026-09-07T2100,2066A,114.0712,32.1393,信阳市,审计局,,48,48,54,13,21,125,NA,142,137,12,16,9,10,0.3,0.4
2026-09-07T2100,2068A,114.6755,33.6347,周口市,周口师范,,46,46,50,24,23,136,NA,162,158,13,10,6,5,0.6,0.6
2026-09-07T2100,2160A,112.8496,35.5051,晋城市,自来水公司,颗粒物(PM10),58,60,57,31,23,161,NA,174,167,16,17,6,6,0.6,0.6
2026-09-07T2100,2162A,112.8509,35.4886,晋城市,市环保局,颗粒物(PM10),65,70,55,35,30,148,NA,161,154,16,20,8,7,0.7,0.7
2026-09-07T2100,2166A,112.4399,39.3521,朔州市,平朔,,23,NA,70,16,21,35,NA,50,50,11,28,5,8,0.4,0.3
2026-09-07T2100,2167A,112.4574,39.362,朔州市,朔唯,,27,27,70,5,18,40,NA,56,56,9,30,5,10,/,/
2026-09-07T2100,2168A,112.426,39.3199,朔州市,区政府,,41,41,57,18,20,48,NA,54,54,9,25,6,9,0.7,0.5
2026-09-07T2100,2169A,112.4075,39.3277,朔州市,市环保局,,20,16,48,14,20,44,NA,57,57,14,24,3,6,/,/
2026-09-07T2100,2170A,112.4273,39.3682,朔州市,市二中,,27,27,65,6,19,38,NA,49,49,16,41,3,6,/,/
2026-09-07T2100,2174A,112.6992,37.6984,晋中市,榆次区政府,,42,34,55,29,32,88,NA,120,88,14,18,8,11,0.6,0.6
2026-09-07T2100,2175A,110.996,35.0148,运城市,运城中学,细颗粒物(PM2.5),64,50,54,42,32,158,NA,166,157,12,8,8,6,0.7,0.7
2026-09-07T2100,2178A,110.9685,35.0305,运城市,地区技校,细颗粒物(PM2.5),96,79,53,58,34,126,NA,164,156,16,9,5,6,0.8,0.5
2026-09-07T2100,2181A,112.7313,38.457,忻州市,开发区,,26,21,36,16,20,82,NA,80,80,11,19,5,7,0.7,0.7
2026-09-07T2100,2182A,112.7023,38.4932,忻州市,会展中心,,30,30,39,14,22,84,NA,77,77,10,17,4,6,0.7,0.8
2026-09-07T2100,2183A,111.1447,37.5212,吕梁市,环保局,,26,19,61,17,26,83,NA,71,71,10,27,2,9,0.5,0.7
2026-09-07T2100,2185A,111.1285,37.5338,吕梁市,自来水公司,,28,23,57,19,27,82,NA,74,74,10,24,1,8,0.5,0.6
2026-09-07T2100,2187A,106.8172,39.6972,乌海市,市林业局,,29,29,32,14,12,40,NA,69,41,7,7,4,7,0.5,0.5
2026-09-07T2100,2188A,106.7907,39.6666,乌海市,中海勃湾学校,,15,10,20,7,11,45,NA,79,42,7,9,1,8,0.4,0.5
2026-09-07T2100,2191A,122.253,43.6801,通辽市,艺术职业学校,,26,26,30,10,13,54,NA,65,56,7,5,7,8,0.5,0.5
2026-09-07T2100,2195A,107.4206,40.7609,巴彦淖尔市,附二中,,23,23,16,16,7,38,NA,49,45,8,6,7,8,0.5,0.5
2026-09-07T2100,2196A,107.37,40.7372,巴彦淖尔市,市环保大楼,,37,37,28,10,5,39,NA,53,44,7,5,13,13,0.5,0.5
2026-09-07T2100,2197A,113.1306,40.9924,乌兰察布市,集宁新区,,25,25,28,13,14,53,NA,80,49,10,10,8,8,0.4,0.4
2026-09-07T2100,2202A,116.1048,43.9318,锡林郭勒盟,市环保监测站,,20,20,14,9,4,40,NA,61,59,20,8,3,2,0.3,0.3
2026-09-07T2100,2203A,116.0778,43.9312,锡林郭勒盟,市政府,,19,19,12,2,4,35,NA,64,61,26,6,2,2,0.2,0.2
2026-09-07T2100,2205A,105.699,38.8409,阿拉善盟,蒙二幼,,18,6,22,2,13,55,NA,60,51,4,6,8,8,0.6,0.7
2026-09-07T2100,2206A,105.7198,38.8508,阿拉善盟,环保局新楼,,19,NA,23,2,12,59,NA,62,54,4,5,10,10,0.5,0.6
2026-09-07T2100,2207A,121.6095,41.9978,阜新市,工业园区,,15,11,22,10,7,47,NA,61,56,8,11,4,7,0.4,0.3
2026-09-07T2100,2208A,121.6567,42.0188,阜新市,长青街,,16,16,20,11,8,45,NA,59,54,14,15,6,10,1.0,0.5
2026-09-07T2100,2209A,121.6672,42.07,阜新市,农业园区,NA,NA,NA,16,10,7,NA,NA,62,58,10,11,3,5,0.7,0.6
2026-09-07T2100,2211A,121.6343,42.0455,阜新市,玉龙新城,,24,24,18,12,7,44,NA,62,56,14,14,6,7,0.6,0.3
2026-09-07T2100,2212A,123.1978,41.2036,辽阳市,宏伟区,,15,13,29,7,12,48,NA,62,39,9,11,6,7,0.5,0.6
2026-09-07T2100,2213A,123.1684,41.2497,辽阳市,新华园,,18,18,39,9,17,48,NA,52,40,12,22,6,8,0.5,0.8
2026-09-07T2100,2214A,123.2355,41.2663,辽阳市,滨河路,,14,10,34,8,16,43,NA,54,38,10,16,7,8,0.5,0.8
2026-09-07T2100,2217A,123.865,42.292,铁岭市,水上乐园,,18,16,41,12,20,21,NA,48,37,19,16,8,10,0.7,0.7
2026-09-07T2100,2219A,123.7158,42.2218,铁岭市,金沙江路北,,22,19,35,15,17,40,NA,47,44,8,22,10,13,0.5,0.6
2026-09-07T2100,2220A,120.4318,41.588,朝阳市,西梁,,21,21,22,2,7,49,NA,61,58,7,7,8,9,0.2,0.3
2026-09-07T2100,2221A,120.452,41.565,朝阳市,河畔小区,,16,15,22,8,8,50,NA,67,60,8,6,16,13,0.6,0.7
2026-09-07T2100,2222A,120.4176,41.5648,朝阳市,八里堡,,21,21,28,7,10,36,NA,63,57,20,7,23,15,0.7,0.6
2026-09-07T2100,2226A,124.3744,43.1842,四平市,境园,,32,NA,33,22,19,60,NA,69,69,9,15,4,5,0.4,0.5
2026-09-07T2100,2227A,125.1359,42.8845,辽源市,环保局,,27,27,31,11,14,47,NA,57,43,8,15,5,6,0.6,0.6
2026-09-07T2100,2229A,125.9359,41.7174,通化市,光明,,12,12,39,0,22,20,NA,102,68,7,11,6,8,0.5,1.2
2026-09-07T2100,2230A,125.9446,41.7323,通化市,铁路,,9,9,44,0,25,20,NA,101,68,11,18,4,5,0.5,1.4
2026-09-07T2100,2231A,126.4219,41.9172,白山市,喜丰,,17,17,42,0,19,28,NA,108,79,9,16,6,7,0.6,0.7
2026-09-07T2100,2232A,126.4082,41.9416,白山市,环保局,,9,7,31,0,17,27,NA,102,76,6,8,6,5,0.6,0.7
2026-09-07T2100,2233A,124.8007,45.1213,松原市,江南,,15,NA,18,10,15,41,NA,50,46,4,4,1,1,0.2,0.3
2026-09-07T2100,2234A,124.7967,45.1721,松原市,江北,,11,8,20,6,12,35,NA,47,42,4,5,2,1,0.3,0.4
2026-09-07T2100,2235A,122.7909,45.608,白城市,洮北区环保局,NA,NA,37,27,19,11,NA,NA,53,47,12,3,4,4,NA,0.4
2026-09-07T2100,2236A,122.8741,45.5725,白城市,市环保局,,36,36,15,25,11,15,NA,50,44,24,6,4,3,0.6,0.5
2026-09-07T2100,2237A,129.4704,42.8885,延边朝鲜族自治州,妇幼医院,,28,20,16,19,10,27,NA,69,58,11,9,6,6,0.7,0.6
2026-09-07T2100,2238A,129.5047,42.9117,延边朝鲜族自治州,延边医院,,42,42,21,25,13,27,NA,71,61,18,12,4,4,0.9,0.8
2026-09-07T2100,2239A,129.395,42.8884,延边朝鲜族自治州,朝阳川镇医院,,29,28,17,20,14,33,NA,70,58,10,10,9,9,0.8,0.7
2026-09-07T2100,2240A,130.9618,45.2926,鸡西市,环保局,NA,NA,NA,32,11,12,49,NA,35,NA,5,14,2,2,0.5,0.4
2026-09-07T2100,2243A,130.9294,45.2959,鸡西市,第一中学,,19,NA,22,13,10,45,NA,60,54,4,10,4,4,0.2,0.1
2026-09-07T2100,2244A,130.2537,47.3416,鹤岗市,哈啤分公司,NA,NA,24,20,11,8,NA,NA,46,40,4,4,7,7,0.5,0.4
2026-09-07T2100,2245A,130.2683,47.3087,鹤岗市,斯达机电,,36,36,27,12,9,26,NA,39,34,8,7,5,5,0.4,0.4
2026-09-07T2100,2246A,130.3114,47.3388,鹤岗市,东山纸板厂,颗粒物(PM10),56,58,58,11,11,36,NA,45,40,6,9,5,6,0.7,0.5
2026-09-07T2100,2248A,131.1509,46.6936,双鸭山市,双合村,,32,NA,17,22,10,27,NA,37,28,3,7,9,9,0.5,0.2
2026-09-07T2100,2249A,131.1651,46.6191,双鸭山市,南小市,,25,NA,16,17,10,25,NA,33,27,5,8,3,9,0.2,0.1
2026-09-07T2100,2250A,131.1526,46.6554,双鸭山市,环保局,,29,29,24,18,12,28,NA,38,28,4,8,9,9,0.4,0.3
2026-09-07T2100,2252A,128.8663,47.7199,伊春市,环保局,,34,34,21,9,10,12,NA,33,26,10,5,3,2,0.7,0.7
2026-09-07T2100,2253A,128.9014,47.732,伊春市,电力嘉园,,24,24,20,10,11,17,NA,42,34,6,3,2,3,0.8,0.9
2026-09-07T2100,2255A,130.2749,46.8028,佳木斯市,佳纺,,23,23,37,16,8,25,NA,30,26,4,9,1,1,0.4,0.4
2026-09-07T2100,2257A,130.3258,46.7975,佳木斯市,环保局,,33,NA,20,23,10,22,NA,39,26,6,10,2,3,0.5,0.4
2026-09-07T2100,2263A,127.4832,50.2524,黑河市,交通局,,20,20,23,8,12,35,NA,47,43,9,6,7,7,0.4,0.4
2026-09-07T2100,2264A,127.5146,50.2339,黑河市,环保局,,13,12,15,9,12,36,NA,42,38,6,6,6,8,0.4,0.5
2026-09-07T2100,2266A,126.9783,46.6365,绥化市,人和东街,,12,7,21,2,8,37,NA,46,42,3,4,11,13,0.2,0.4
2026-09-07T2100,2267A,126.964,46.6527,绥化市,党政办公中心,,13,8,21,3,10,39,NA,51,45,5,6,8,9,0.3,0.4
2026-09-07T2100,2269A,124.1068,50.4091,大兴安岭地区,科技局,,23,23,20,2,9,28,NA,47,43,4,3,5,5,0.3,0.2
2026-09-07T2100,2270A,117.396,32.9389,蚌埠市,工人疗养院,,44,44,35,16,16,72,NA,150,136,46,23,12,7,0.4,0.4
2026-09-07T2100,2271A,117.3606,32.9428,蚌埠市,百货大楼,,40,40,35,18,15,102,NA,155,144,20,26,11,11,0.6,0.6
2026-09-07T2100,2273A,117.4183,32.8909,蚌埠市,蚌埠学院,,33,31,34,22,18,104,NA,149,142,10,21,6,7,0.3,0.4
2026-09-07T2100,2274A,117.3534,32.9672,蚌埠市,淮上区政府,,41,41,40,19,20,84,NA,154,143,41,22,9,6,0.4,0.4
2026-09-07T2100,2275A,117.3143,32.8977,蚌埠市,高新区,细颗粒物(PM2.5),54,51,33,37,17,106,NA,147,139,11,14,7,5,0.4,0.4
2026-09-07T2100,2277A,116.8304,32.7726,淮南市,潘集区政府,颗粒物(PM10),60,64,37,36,19,111,NA,148,141,17,14,7,8,0.4,0.4
2026-09-07T2100,2279A,116.8569,32.5949,淮南市,谢家集区政府,颗粒物(PM10),53,53,35,31,15,130,NA,157,152,14,14,6,8,0.4,0.3
2026-09-07T2100,2280A,116.8279,32.6333,淮南市,八公山区政府,细颗粒物(PM2.5),70,58,38,45,20,112,NA,160,151,13,12,7,10,0.3,0.3
2026-09-07T2100,2282A,116.8005,33.9749,淮北市,监测站,颗粒物(PM10),55,56,42,32,23,130,NA,166,158,17,11,5,7,0.4,0.4
2026-09-07T2100,2283A,116.8094,33.9008,淮北市,烈山区政府,颗粒物(PM10),55,57,40,35,23,124,NA,168,161,15,14,5,7,0.4,0.5
2026-09-07T2100,2285A,117.8176,30.9412,铜陵市,市第四中学,颗粒物(PM10),51,51,41,28,15,86,NA,170,161,28,16,10,11,0.5,0.6
2026-09-07T2100,2287A,117.7806,30.9413,铜陵市,市新民污水厂,,42,42,32,18,12,102,NA,156,150,14,26,7,9,0.4,0.4
2026-09-07T2100,2289A,117.846,30.9414,铜陵市,车站新区,颗粒物(PM10),64,69,38,36,17,68,NA,172,158,37,21,9,10,0.7,0.6
2026-09-07T2100,2290A,117.8472,30.9699,铜陵市,市职教基地,颗粒物(PM10),58,61,37,35,15,91,NA,160,152,17,16,8,7,0.7,0.8
2026-09-07T2100,2291A,117.0806,30.5181,安庆市,环科院,,40,40,30,26,14,123,NA,143,140,10,8,6,6,0.8,0.7
2026-09-07T2100,2292A,117.0331,30.5118,安庆市,马山宾馆,,44,44,27,26,14,127,NA,144,142,11,10,6,5,0.7,0.6
2026-09-07T2100,2294A,116.9897,30.6146,安庆市,安庆大学,,41,34,26,14,14,131,NA,127,127,11,11,5,5,0.4,0.4
2026-09-07T2100,2295A,118.2905,29.6965,黄山市,延安路89号,,33,33,26,19,14,82,NA,119,105,8,5,4,4,0.5,0.5
2026-09-07T2100,2297A,118.1369,30.2755,黄山市,黄山区政府5号楼,,49,40,30,34,12,48,NA,104,93,6,4,4,4,0.6,0.6
2026-09-07T2100,2301A,115.8276,32.8929,阜阳市,市监测站,,37,37,44,22,24,118,NA,160,153,13,25,7,8,0.7,0.7
2026-09-07T2100,2303A,115.8551,32.8606,阜阳市,开发区,颗粒物(PM10),59,62,52,24,22,129,NA,152,148,12,22,6,6,0.4,0.4
2026-09-07T2100,2307A,116.5078,31.7369,六安市,监测大楼,,42,37,24,29,17,97,NA,132,128,16,12,4,4,0.5,0.4
2026-09-07T2100,2308A,116.4738,31.7642,六安市,皖西学院,,39,39,30,26,16,109,NA,145,138,14,10,8,7,0.6,0.6
2026-09-07T2100,2309A,116.4997,31.7904,六安市,朝阳厂,,38,NA,20,26,15,92,NA,124,119,16,11,2,2,0.4,0.3
2026-09-07T2100,2310A,116.5566,31.7885,六安市,开发区,细颗粒物(PM2.5),54,42,37,37,19,80,NA,143,132,26,20,6,6,0.3,0.2
2026-09-07T2100,2311A,115.8071,33.8399,亳州市,污水处理厂,颗粒物(PM10),62,66,54,35,30,117,NA,168,151,15,17,9,18,0.3,0.3
2026-09-07T2100,2312A,115.7789,33.8519,亳州市,三国揽胜宫,细颗粒物(PM2.5),82,70,49,51,28,117,NA,168,154,17,14,9,8,0.5,0.4
2026-09-07T2100,2314A,117.4698,30.6617,池州市,池州学院,,41,41,31,22,16,103,NA,143,139,17,21,6,6,0.5,0.6
2026-09-07T2100,2316A,118.7578,30.9457,宣城市,鳌峰子站,NA,NA,26,23,12,11,81,NA,119,115,17,7,5,6,NA,0.4
2026-09-07T2100,2317A,118.7384,30.9745,宣城市,敬亭山子站,,26,24,23,4,9,83,NA,113,105,2,6,4,5,0.2,0.3
2026-09-07T2100,2318A,118.7172,30.9428,宣城市,开发区子站,,29,23,24,11,13,90,NA,124,120,8,9,4,6,0.5,0.5
2026-09-07T2100,2319A,119.0142,25.4324,莆田市,荔城区仓后路,,39,28,31,23,18,122,NA,122,120,9,11,/,/,/,/
2026-09-07T2100,2320A,119.0016,25.4553,莆田市,莆田市监测站,,40,20,28,8,10,125,NA,131,129,6,5,5,10,0.5,0.5
2026-09-07T2100,2321A,119.112,25.4561,莆田市,涵江区六中,,40,25,25,10,11,126,NA,137,136,7,7,/,/,0.4,0.4
2026-09-07T2100,2322A,119.1014,25.3215,莆田市,秀屿区政府,,40,33,28,9,13,125,NA,128,128,4,4,6,6,0.4,0.4
2026-09-07T2100,2324A,117.621,26.2626,三明市,三钢,,32,25,27,22,20,46,NA,113,88,16,13,4,5,0.5,0.6
2026-09-07T2100,2325A,117.6352,26.2714,三明市,三明二中,,29,27,29,20,19,45,NA,111,90,17,11,5,6,0.6,0.6
2026-09-07T2100,2326A,117.6028,26.2377,三明市,三元区政府,NA,NA,33,27,31,18,NA,NA,118,102,NA,10,6,8,0.5,0.7
2026-09-07T2100,2332A,118.1682,26.6371,南平市,南平市监测站,,30,29,26,21,16,52,NA,108,89,15,12,4,4,0.5,0.4
2026-09-07T2100,2334A,118.1757,26.6276,南平市,南平七中,,32,25,26,22,15,59,NA,110,92,12,11,4,4,0.5,0.4
2026-09-07T2100,2336A,117.022,25.1031,龙岩市,龙岩市监测站,,26,NA,25,18,17,72,NA,101,95,15,9,7,7,0.2,0.2
2026-09-07T2100,2337A,117.0257,25.0662,龙岩市,闽西职业技术学院,,35,35,28,18,16,47,NA,97,88,8,4,5,6,0.4,0.3
2026-09-07T2100,2338A,117.0195,25.0306,龙岩市,龙岩学院,,20,18,26,14,16,60,NA,91,84,6,5,3,2,/,/
2026-09-07T2100,2341A,119.5387,26.6611,宁德市,宁德市监测站,,41,25,28,14,14,131,NA,143,142,5,5,7,6,0.8,0.8
2026-09-07T2100,2343A,117.2114,29.2931,景德镇市,老干部活动中心,,34,34,20,23,16,67,NA,122,108,13,4,4,3,1.0,0.9
2026-09-07T2100,2344A,117.1893,29.2789,景德镇市,兽医站,颗粒物(PM10),54,55,35,23,14,41,NA,124,102,53,7,4,4,0.9,0.7
2026-09-07T2100,2346A,117.246,29.2958,景德镇市,陶研所,,28,25,23,19,16,57,NA,116,100,8,5,4,4,0.8,0.8
2026-09-07T2100,2348A,113.8384,27.6436,萍乡市,中医院,,38,38,49,23,34,98,NA,149,138,16,17,8,12,0.8,0.9
2026-09-07T2100,2350A,113.8677,27.6438,萍乡市,市环保局,,50,50,43,33,36,98,NA,159,149,14,11,10,10,0.6,0.6
2026-09-07T2100,2351A,113.8663,27.6202,萍乡市,安源区政府,细颗粒物(PM2.5),58,51,48,39,32,90,NA,143,136,12,7,8,8,0.7,0.7
2026-09-07T2100,2353A,114.9887,27.8433,新余市,飞宇,,38,38,43,22,24,103,NA,153,140,19,15,9,12,0.4,0.4
2026-09-07T2100,2354A,114.9234,27.8248,新余市,第二水厂,,45,45,49,17,25,114,NA,154,145,16,15,4,4,0.7,0.6
2026-09-07T2100,2355A,114.931,27.8037,新余市,市气象局,,45,36,40,31,27,98,NA,156,143,16,13,8,11,0.6,0.7
2026-09-07T2100,2358A,117.0561,28.2641,鹰潭市,新监测站,颗粒物(PM10),51,51,40,26,26,91,NA,140,128,10,6,4,6,0.3,0.4
2026-09-07T2100,2359A,117.0312,28.2474,鹰潭市,财苑宾馆,,49,49,39,23,26,97,NA,141,132,10,4,5,7,/,/
2026-09-07T2100,2360A,117.0221,28.2263,鹰潭市,体育馆,,43,43,47,25,30,92,NA,136,124,6,8,6,8,0.5,0.5
2026-09-07T2100,2363A,114.9368,25.8663,赣州市,地委,,50,50,36,30,23,80,NA,112,105,5,7,13,3,0.5,0.4
2026-09-07T2100,2364A,114.946,25.8483,赣州市,气象台,颗粒物(PM10),54,55,37,24,22,81,NA,113,105,15,10,10,5,0.3,0.3
2026-09-07T2100,2365A,114.932,25.8332,赣州市,市图书馆,,40,40,34,26,21,97,NA,119,115,8,9,10,4,0.6,0.6
2026-09-07T2100,2366A,114.8905,25.8472,赣州市,华坚鞋城,,36,36,38,24,22,94,NA,118,111,14,10,1,2,0.1,0.2
2026-09-07T2100,2367A,114.9753,27.0803,吉安市,红声器材厂,,46,45,45,32,28,69,NA,139,127,23,13,9,10,0.5,0.4
2026-09-07T2100,2369A,114.9903,27.1313,吉安市,市环境监测站,,43,40,44,30,26,82,NA,142,129,16,10,13,12,/,/
2026-09-07T2100,2370A,115.009527,27.096792,吉安市,青原区法院,,45,45,45,22,26,81,NA,149,130,12,16,9,11,0.5,0.5
2026-09-07T2100,2373A,114.3954,27.7843,宜春市,市石油公司,颗粒物(PM10),52,52,49,30,26,58,NA,28,NA,14,11,8,7,0.8,0.7
2026-09-07T2100,2374A,114.37,27.7916,宜春市,市气象局,,45,45,43,30,25,74,NA,124,113,11,10,2,2,0.7,0.7
2026-09-07T2100,2375A,114.401,27.8059,宜春市,市广电局,,43,43,43,28,24,91,NA,126,118,16,9,4,4,0.4,0.4
2026-09-07T2100,2377A,116.3544,27.9833,抚州市,市站,,43,43,35,29,21,86,NA,130,122,4,3,43,5,0.4,0.4
2026-09-07T2100,2378A,116.3562,27.9631,抚州市,血防站,,42,42,38,21,19,91,NA,127,120,6,6,21,7,0.5,0.5
2026-09-07T2100,2379A,116.3561,28.0007,抚州市,采茶剧团,,40,40,35,28,25,96,NA,135,128,8,5,24,9,0.6,0.6
2026-09-07T2100,2380A,116.3854,27.9648,抚州市,医学分院,,38,38,35,19,21,85,NA,125,118,5,4,6,8,0.8,0.7
2026-09-07T2100,2382A,117.9758,28.4439,上饶市,市监测站,,45,42,37,31,19,85,NA,147,136,5,6,2,3,/,/
2026-09-07T2100,2383A,117.9521,28.4637,上饶市,凤凰光学,,35,35,38,16,18,96,NA,134,127,4,10,3,7,0.3,0.4
2026-09-07T2100,2385A,114.17,35.9019,鹤壁市,市监测站,细颗粒物(PM2.5),96,76,70,58,39,108,NA,189,175,35,17,8,7,0.8,0.7
2026-09-07T2100,2386A,114.2953,35.7512,鹤壁市,市交警支队,细颗粒物(PM2.5),86,75,52,53,31,121,NA,174,163,32,19,8,5,0.9,0.8
2026-09-07T2100,2387A,114.2877,35.7302,鹤壁市,迎宾馆,细颗粒物(PM2.5),78,63,52,49,30,136,NA,184,173,22,13,9,8,0.9,0.8
2026-09-07T2100,2389A,113.836,35.3104,新乡市,环保西院,颗粒物(PM10),70,78,67,37,40,160,NA,215,206,13,16,11,11,0.7,0.8
2026-09-07T2100,2390A,113.8847,35.2724,新乡市,开发区,颗粒物(PM10),54,55,58,35,37,143,NA,211,198,17,20,11,11,0.7,0.7
2026-09-07T2100,2391A,113.8836,35.3028,新乡市,环保东院,颗粒物(PM10),67,73,66,41,43,156,NA,216,205,14,17,9,10,0.6,0.9
2026-09-07T2100,2392A,115.0312,35.7636,濮阳市,环保局,颗粒物(PM10),68,74,79,40,46,158,NA,200,192,15,20,1,4,0.4,0.5
2026-09-07T2100,2398A,113.7904,33.9949,许昌市,开发区,颗粒物(PM10),104,128,120,63,52,85,NA,168,149,42,33,6,6,0.3,0.4
2026-09-07T2100,2399A,114.051,33.5721,漯河市,三五一五工厂,颗粒物(PM10),58,60,63,28,37,119,NA,159,148,20,21,6,7,0.7,0.7
2026-09-07T2100,2400A,114.0055,33.5698,漯河市,漯河大学,颗粒物(PM10),53,54,56,32,36,125,NA,160,150,19,19,7,8,0.6,0.6
2026-09-07T2100,2401A,114.0134,33.5826,漯河市,市水利局,,46,46,52,29,34,128,NA,163,153,13,16,8,9,0.6,0.6
2026-09-07T2100,2402A,114.0261,33.5697,漯河市,市广电局,颗粒物(PM10),57,59,54,22,30,115,NA,164,152,25,17,7,7,0.5,0.5
2026-09-07T2100,2404A,112.5338,33.0086,南阳市,瓦房庄,,44,44,52,21,24,125,NA,163,150,16,13,8,7,0.6,0.7
2026-09-07T2100,2405A,112.5002,32.9734,南阳市,汉画馆,,40,40,56,10,26,103,NA,162,145,12,15,8,8,0.8,0.9
2026-09-07T2100,2406A,112.5778,33.0144,南阳市,气象站,,47,47,54,20,23,118,NA,156,143,17,12,8,8,0.7,0.7
2026-09-07T2100,2407A,112.548,32.9687,南阳市,理工学院,NA,NA,45,54,14,29,NA,NA,160,152,NA,13,NA,9,NA,0.7
2026-09-07T2100,2408A,115.6701,34.4283,商丘市,环境监测站,颗粒物(PM10),76,86,53,37,29,107,NA,172,161,28,14,6,4,0.7,0.4
2026-09-07T2100,2409A,115.6458,34.4047,商丘市,粮食局,颗粒物(PM10),56,58,52,36,30,133,NA,173,168,16,14,6,7,0.7,0.6
2026-09-07T2100,2420A,114.0194,32.9648,驻马店市,市一纸厂,,40,40,44,20,23,98,NA,143,130,22,17,6,6,0.3,0.3
2026-09-07T2100,2421A,114.0112,33.0149,驻马店市,市彩印厂,,47,47,43,20,22,103,NA,145,134,19,12,6,6,0.4,0.4
2026-09-07T2100,2423A,115.0547,30.2332,黄石市,沈家营,,35,23,33,14,19,111,NA,157,148,4,9,7,13,0.6,0.6
2026-09-07T2100,2426A,114.899,30.211,黄石市,铁山,,33,32,32,18,18,105,NA,153,144,6,10,7,4,0.4,0.4
2026-09-07T2100,2427A,115.0259,30.2108,黄石市,团城山,,48,48,38,16,19,136,NA,149,147,6,7,7,7,0.3,0.3
2026-09-07T2100,2429A,110.78,32.6494,十堰市,滨河新村,,48,48,48,28,30,149,NA,159,158,12,14,/,/,0.7,0.7
2026-09-07T2100,2430A,110.7305,32.6408,十堰市,刘家沟,细颗粒物(PM2.5),54,NA,21,37,43,138,NA,NA,NA,12,10,/,/,/,/
2026-09-07T2100,2431A,110.8843,32.5712,十堰市,铁二处,细颗粒物(PM2.5),60,54,43,40,30,106,NA,158,149,10,11,5,6,0.8,0.8
2026-09-07T2100,2432A,112.1555,32.0197,襄阳市,襄城运动路,颗粒物(PM10),60,63,55,22,28,108,NA,155,145,18,15,7,7,0.7,0.7
2026-09-07T2100,2434A,112.1829,32.1146,襄阳市,高新管委会,,46,46,52,32,31,140,NA,159,155,18,16,10,10,0.5,0.5
2026-09-07T2100,2435A,112.2105,32.0903,襄阳市,襄州航空路,细颗粒物(PM2.5),58,58,47,39,27,104,NA,156,147,25,13,8,7,0.7,0.6
2026-09-07T2100,2436A,114.894,30.3989,鄂州市,市政府,,46,46,42,21,22,117,NA,174,164,15,17,5,8,0.6,0.5
2026-09-07T2100,2437A,114.8986,30.3714,鄂州市,赵家坝,细颗粒物(PM2.5),52,43,43,36,21,92,NA,170,159,24,16,10,11,0.6,0.5
2026-09-07T2100,2439A,112.2012,31.048,荆门市,竹园小学,细颗粒物(PM2.5),76,63,60,48,41,113,NA,180,174,22,15,7,7,0.8,0.8
2026-09-07T2100,2440A,112.1968,30.9892,荆门市,掇刀,细颗粒物(PM2.5),135,111,65,98,48,132,NA,172,168,17,12,16,12,0.9,0.7
2026-09-07T2100,2444A,113.9062,30.9378,孝感市,东城区,颗粒物(PM10),71,79,50,42,24,141,NA,176,175,10,10,7,6,0.6,0.6
2026-09-07T2100,2446A,114.9021,30.474,黄冈市,职工中心,臭氧1小时(O3_1h),57,48,29,38,23,165,NA,181,180,12,9,8,15,0.6,0.5
2026-09-07T2100,2451A,113.3587,31.7275,随州市,市委党校,,38,38,31,18,15,105,NA,147,135,13,11,9,9,0.6,0.5
2026-09-07T2100,2452A,113.3745,31.6926,随州市,市林业局,,35,23,25,20,14,110,NA,144,133,17,11,7,6,0.7,0.6
2026-09-07T2100,2453A,113.3984,31.7309,随州市,市立交桥水厂,,41,41,31,22,14,95,NA,136,125,22,14,6,6,0.6,0.6
2026-09-07T2100,2454A,109.4978,30.2979,恩施土家族苗族自治州,湖北民院,细颗粒物(PM2.5),58,42,39,39,25,101,NA,142,132,10,6,8,7,0.3,0.3
2026-09-07T2100,2457A,112.6209,26.9268,衡阳市,衡阳化工总厂,NA,NA,NA,48,NA,30,NA,NA,166,159,NA,10,NA,10,NA,0.7
2026-09-07T2100,2458A,112.621,26.8957,衡阳市,珠晖区环保局,颗粒物(PM10),58,61,54,38,28,77,NA,166,148,47,24,5,8,0.9,0.8
2026-09-07T2100,2459A,112.628,26.8654,衡阳市,市委党校,细颗粒物(PM2.5),56,NA,48,38,32,120,NA,178,168,23,21,8,11,1.0,1.1
2026-09-07T2100,2460A,112.6007,26.8977,衡阳市,市监测站,细颗粒物(PM2.5),72,67,50,46,31,102,NA,181,164,22,16,6,9,1.0,0.8
2026-09-07T2100,2461A,112.5658,26.9013,衡阳市,真空机电公司,细颗粒物(PM2.5),74,76,45,47,32,109,NA,156,145,18,17,8,8,0.9,0.8
2026-09-07T2100,2464A,111.5277,27.2442,邵阳市,市化工厂,细颗粒物(PM2.5),92,59,43,56,37,109,NA,163,149,16,13,15,12,0.6,0.5
2026-09-07T2100,2466A,111.4327,27.2276,邵阳市,市环保局,细颗粒物(PM2.5),64,NA,46,42,35,110,NA,148,141,15,14,10,7,0.7,0.7
2026-09-07T2100,2468A,112.3458,28.581,益阳市,市环保局,颗粒物(PM10),55,57,40,36,35,105,NA,148,133,17,15,7,7,0.9,0.8
2026-09-07T2100,2473A,113.0116,25.8228,郴州市,市职中,,44,44,39,30,27,27,NA,121,96,20,14,8,8,1.1,1
2026-09-07T2100,2475A,113.0381,25.8074,郴州市,市审计局,颗粒物(PM10),57,59,51,34,29,53,NA,122,104,15,13,6,7,/,/
2026-09-07T2100,2476A,113.0348,25.7757,郴州市,市环保局,,44,44,37,30,32,61,NA,116,101,15,13,8,8,0.7,0.9
2026-09-07T2100,2478A,111.6126,26.4266,永州市,市环境监测站,颗粒物(PM10),58,60,48,36,35,82,NA,120,110,15,12,6,6,0.9,1
2026-09-07T2100,2480A,111.6248,26.3803,永州市,永州市环保局,细颗粒物(PM2.5),52,46,43,36,32,102,NA,124,120,10,11,6,7,0.7,0.8
2026-09-07T2100,2481A,111.5989,26.4523,永州市,冷水滩区环保局,NA,NA,55,53,34,37,89,NA,118,111,8,9,NA,24,0.9,0.9
2026-09-07T2100,2483A,109.9297,27.5383,怀化市,河西地税局,,41,41,40,23,24,55,NA,114,100,17,14,3,4,/,/
2026-09-07T2100,2484A,109.9783,27.5342,怀化市,市四医院,细颗粒物(PM2.5),88,55,40,54,25,79,NA,118,107,17,14,10,10,0.6,0.6
2026-09-07T2100,2485A,109.9971,27.5579,怀化市,监测楼,NA,NA,69,41,29,27,NA,NA,103,102,NA,13,4,4,0.5,0.6
2026-09-07T2100,2488A,111.9984,27.7346,娄底市,市监测站,细颗粒物(PM2.5),68,NA,53,44,36,95,NA,146,135,13,21,6,12,0.7,0.9
2026-09-07T2100,2491A,111.9888,27.7035,娄底市,市政府,细颗粒物(PM2.5),78,52,44,49,31,70,NA,160,142,16,10,13,10,0.8,0.7
2026-09-07T2100,2493A,109.7298,28.3164,湘西土家族苗族自治州,州政府,颗粒物(PM10),61,65,31,34,24,63,NA,128,115,8,5,4,3,0.5,0.5
2026-09-07T2100,2494A,109.6957,28.2676,湘西土家族苗族自治州,吉首市计生局,,40,34,23,28,22,83,NA,144,130,12,10,5,5,0.4,0.3
2026-09-07T2100,2496A,111.3126,23.4772,梧州市,市十一中,,29,29,25,12,14,3,NA,80,55,49,17,8,9,0.6,0.6
2026-09-07T2100,2498A,111.26,23.4794,梧州市,龙新,颗粒物(PM10),56,58,33,30,13,5,NA,86,69,46,14,8,14,0.9,0.7
2026-09-07T2100,2499A,108.3411,21.6159,防城港市,沙万,,48,48,34,22,21,109,NA,109,109,18,12,7,6,0.8,0.6
2026-09-07T2100,2500A,108.3515,21.7733,防城港市,防城档案局,,48,48,45,29,21,137,NA,123,123,6,9,8,5,0.8,0.7
2026-09-07T2100,2501A,108.3506,21.6414,防城港市,大海花园,,47,31,30,26,20,149,NA,142,142,7,7,6,6,0.8,0.7
2026-09-07T2100,2502A,108.6238,21.9667,钦州市,市环保站,,48,48,31,18,15,118,NA,104,104,20,11,8,7,0.9,0.7
2026-09-07T2100,2503A,108.655,21.9481,钦州市,沙埠小学,颗粒物(PM10),88,102,42,26,19,103,NA,106,105,29,11,9,7,0.7,0.6
2026-09-07T2100,2504A,108.5989,21.7435,钦州市,港区一小,颗粒物(PM10),60,63,48,27,21,108,NA,124,123,23,18,8,6,0.7,0.6
2026-09-07T2100,2506A,109.604387,23.066791,贵港市,江南子站,,34,34,33,23,20,76,NA,103,100,15,16,4,6,0.8,0.7
2026-09-07T2100,2508A,109.5669,23.1065,贵港市,荷城子站,,41,41,29,26,17,69,NA,99,94,15,12,2,3,0.8,0.7
2026-09-07T2100,2511A,110.1433,22.6162,玉林市,南江一中,,32,32,25,13,13,69,NA,107,101,22,13,4,6,0.6,0.5
2026-09-07T2100,2512A,106.6102,23.901,百色市,市监测站,,28,28,23,14,12,50,NA,92,89,10,10,7,8,0.6,0.5
2026-09-07T2100,2513A,106.6524,23.8842,百色市,市中心血站,,50,48,32,35,20,56,NA,95,92,37,17,11,10,0.6,0.4
2026-09-07T2100,2514A,111.5264,24.4178,贺州市,环保小区,,50,45,29,35,19,47,NA,90,84,12,10,10,9,0.5,0.5
2026-09-07T2100,2515A,111.561,24.4074,贺州市,政协大楼,细颗粒物(PM2.5),56,39,27,38,23,39,NA,97,86,9,9,11,10,0.6,0.6
2026-09-07T2100,2517A,108.0496,24.6957,河池市,市环保站,NA,NA,NA,25,NA,7,NA,NA,83,80,8,10,7,6,0.7,0.8
2026-09-07T2100,2520A,109.2203,23.7252,来宾市,来宾技工学校,,24,24,33,12,19,68,NA,90,85,10,11,5,9,0.8,0.9
2026-09-07T2100,2521A,107.3473,22.4137,崇左市,市环保局江州分局,颗粒物(PM10),53,54,35,28,16,54,NA,98,92,25,11,4,3,0.6,0.5
2026-09-07T2100,2524A,105.8211,32.4444,广元市,老城,,50,50,43,29,36,71,NA,106,95,26,24,5,5,0.6,0.8
2026-09-07T2100,2526A,105.8629,32.429,广元市,监测站,NA,NA,50,55,NA,37,62,NA,102,93,20,15,7,10,0.5,0.5
2026-09-07T2100,2528A,105.5581,30.5231,遂宁市,市监测站,,39,39,41,19,23,108,NA,128,126,13,17,7,15,0.6,0.7
2026-09-07T2100,2530A,105.5917,30.4727,遂宁市,美宁食品公司,,33,30,48,20,32,104,NA,121,120,15,26,11,11,0.6,0.7
2026-09-07T2100,2531A,105.0703,29.61,内江市,市监测站,细颗粒物(PM2.5),76,NA,31,48,33,134,NA,148,148,16,13,8,6,0.6,0.5
2026-09-07T2100,2533A,105.0657,29.5807,内江市,内江二中,,50,50,36,33,33,123,NA,139,139,14,16,8,8,0.4,0.4
2026-09-07T2100,2534A,105.0407,29.5828,内江市,内江日报社,细颗粒物(PM2.5),58,NA,27,39,31,131,NA,138,138,12,12,13,11,0.6,0.5
2026-09-07T2100,2536A,103.7629,29.5844,乐山市,牛耳桥,细颗粒物(PM2.5),66,58,56,43,44,83,NA,130,124,13,17,7,8,0.8,0.8
2026-09-07T2100,2537A,103.7501,29.6002,乐山市,市第三水厂,细颗粒物(PM2.5),90,67,56,55,42,78,NA,125,117,15,17,5,6,1.1,1.1
2026-09-07T2100,2538A,103.7571,29.5664,乐山市,市监测站,细颗粒物(PM2.5),60,53,55,40,44,89,NA,129,123,10,13,3,5,1.1,1.1
2026-09-07T2100,2540A,103.8414,30.0871,眉山市,气象局,细颗粒物(PM2.5),110,98,65,71,48,116,NA,150,149,29,24,14,12,1.2,1.1
2026-09-07T2100,2544A,106.6307,30.4577,广安市,市委,,30,17,31,12,25,96,NA,108,108,12,11,11,10,0.4,0.5
2026-09-07T2100,2545A,106.6266,30.4662,广安市,友谊中学,,27,27,33,16,29,82,NA,111,107,16,11,13,12,0.6,0.6
2026-09-07T2100,2547A,106.6386,30.4551,广安市,广电花园,,32,NA,30,16,31,102,NA,115,114,11,10,10,11,0.5,0.6
2026-09-07T2100,2549A,107.5087,31.2186,达州市,市环境监测站,,46,46,54,32,35,76,NA,133,119,24,22,7,7,0.5,0.6
2026-09-07T2100,2550A,107.4988,31.2132,达州市,凤凰小区,,42,41,52,29,36,78,NA,142,128,27,20,6,7,0.4,0.5
2026-09-07T2100,2551A,107.5081,31.1987,达州市,达县机关宾馆,,48,48,56,24,36,46,NA,140,118,59,28,5,7,0.4,0.5
2026-09-07T2100,2552A,107.4644,31.2124,达州市,市政中心,颗粒物(PM10),54,55,64,33,35,87,NA,147,131,25,23,7,6,0.4,0.5
2026-09-07T2100,2555A,103.011,29.9833,雅安市,市政府,,40,36,36,28,29,36,NA,69,63,9,8,5,5,0.6,0.6
2026-09-07T2100,2556A,102.9907,29.9778,雅安市,川农大,,29,26,31,20,27,46,NA,65,56,9,7,6,6,0.5,0.6
2026-09-07T2100,2562A,104.6357,30.1508,资阳市,资阳中学,细颗粒物(PM2.5),78,57,46,49,34,114,NA,126,124,9,10,5,6,0.4,0.4
2026-09-07T2100,2565A,104.6297,30.1259,资阳市,区法院,NA,NA,55,33,53,37,105,NA,121,119,NA,14,8,7,0.7,0.6
2026-09-07T2100,2568A,102.2503,31.8896,阿坝藏族羌族自治州,马师校,,31,31,26,9,10,17,NA,56,45,15,8,4,4,0.4,0.4
2026-09-07T2100,2570A,101.96,30.048,甘孜藏族自治州,水桥子,,23,NA,15,8,10,72,NA,87,82,3,8,3,3,0.2,0.2
2026-09-07T2100,2573A,102.2629,27.8981,凉山彝族自治州,西昌市政府,细颗粒物(PM2.5),52,NA,32,36,26,77,NA,104,100,10,6,9,9,0.7,0.6
2026-09-07T2100,2574A,102.2686,27.885,凉山彝族自治州,凉山州政府,,39,34,33,27,27,92,NA,104,103,8,7,7,7,0.7,0.7
2026-09-07T2100,2577A,104.8293,26.592,六盘水市,黄土坡,,28,NA,16,16,13,87,NA,90,90,7,6,3,3,0.3,0.3
2026-09-07T2100,2579A,104.8481,26.5898,六盘水市,民中,,28,NA,16,16,14,87,NA,88,88,7,7,1,1,0.4,0.4
2026-09-07T2100,2580A,104.9541,26.5506,六盘水市,双水,,26,12,13,10,10,82,NA,84,84,9,6,5,5,0.2,0.2
2026-09-07T2100,2585A,109.1839,27.7344,铜仁市,铜仁卫校,颗粒物(PM10),51,51,30,21,17,56,NA,130,108,27,12,10,5,0.3,0.4
2026-09-07T2100,2586A,109.1752,27.6945,铜仁市,铜仁七中,NA,NA,57,24,24,16,NA,NA,114,100,16,8,8,7,0.6,0.4
2026-09-07T2100,2587A,105.287,27.3133,毕节市,八中,,35,NA,22,24,16,84,NA,95,95,12,8,7,8,0.5,0.4
2026-09-07T2100,2588A,105.3079,27.2987,毕节市,师专,,27,25,26,16,16,86,NA,95,95,8,10,8,8,0.3,0.4
2026-09-07T2100,2589A,104.9022,25.0943,黔西南布依族苗族自治州,场坝街,,29,NA,15,20,11,73,NA,83,82,8,5,6,8,0.5,0.4
2026-09-07T2100,2590A,104.8812,25.0994,黔西南布依族苗族自治州,坪东大道,,32,NA,15,22,12,73,NA,85,83,7,6,4,4,0.5,0.4
2026-09-07T2100,2591A,107.9765,26.5724,黔东南苗族侗族自治州,市环境监测站,,23,23,23,12,14,26,NA,69,54,18,11,3,3,0.5,0.5
2026-09-07T2100,2593A,107.5223,26.2371,黔南布依族苗族自治州,小围寨,,18,14,7,12,6,50,NA,72,69,6,5,3,5,0.6,0.5
2026-09-07T2100,2594A,99.1589,25.1137,保山市,市环境监测站,,17,15,18,7,9,53,NA,51,51,8,7,7,8,0.3,0.3
2026-09-07T2100,2595A,99.1616,25.1381,保山市,市环保局,,19,NA,10,13,9,51,NA,67,61,6,5,6,6,0.5,0.5
2026-09-07T2100,2596A,103.7668,27.3736,昭通市,监测站,,32,30,34,22,22,95,NA,100,99,8,8,4,6,0.4,0.4
2026-09-07T2100,2599A,100.2497,26.8802,丽江市,丽江古城,,25,24,20,17,12,58,NA,84,81,16,10,6,6,0.7,0.7
2026-09-07T2100,2600A,100.2203,26.8906,丽江市,市中心,NA,NA,NA,18,NA,14,53,NA,77,74,14,8,8,8,NA,0.6
2026-09-07T2100,2601A,100.9801,22.7634,普洱市,市环保局,,30,30,26,11,10,40,NA,62,52,4,5,6,6,0.7,0.7
2026-09-07T2100,2602A,100.9763,22.8237,普洱市,普洱第二中学,,27,27,45,14,13,39,NA,62,54,4,5,5,5,1.0,1
2026-09-07T2100,2603A,100.0779,23.8981,临沧市,市环保局,,42,42,20,19,9,44,NA,67,63,11,10,8,7,0.6,0.6
2026-09-07T2100,2604A,100.0894,23.882,临沧市,市气象局,,28,28,19,10,12,49,NA,69,67,8,8,9,9,0.6,0.6
2026-09-07T2100,2606A,101.5379,25.0492,楚雄彝族自治州,市经济开发区,NA,NA,NA,22,16,16,NA,NA,62,55,12,8,1,2,0.7,0.6
2026-09-07T2100,2610A,104.2533,23.3595,文山壮族苗族自治州,州水务局,NA,NA,25,21,18,14,NA,NA,84,83,7,8,9,10,0.4,0.3
2026-09-07T2100,2611A,104.2319,23.3892,文山壮族苗族自治州,市便民服务中心,,22,22,24,12,14,66,NA,84,81,10,12,5,7,0.4,0.4
2026-09-07T2100,2612A,100.8018,21.9995,西双版纳傣族自治州,景洪市江南,,26,26,24,8,11,29,NA,42,41,9,7,9,8,0.8,0.7
2026-09-07T2100,2613A,100.7995,22.0238,西双版纳傣族自治州,景洪市江北,,28,28,25,10,10,22,NA,42,40,14,5,10,10,0.7,0.6
2026-09-07T2100,2614A,100.2168,25.5818,大理白族自治州,大理市环境监测站,,19,14,14,13,10,52,NA,69,65,8,7,5,5,0.5,0.5
2026-09-07T2100,2615A,100.1542,25.7055,大理白族自治州,大理古城,,26,20,21,18,11,51,NA,81,72,12,8,6,7,0.5,0.5
2026-09-07T2100,2616A,98.5611,24.4273,德宏傣族景颇族自治州,德宏州监测站,细颗粒物(PM2.5),76,51,21,48,18,48,NA,77,74,13,6,10,11,0.7,0.6
2026-09-07T2100,2618A,98.859,25.8541,怒江傈僳族自治州,州监测站,,21,21,16,7,11,38,NA,67,60,12,10,4,5,0.7,0.7
2026-09-07T2100,2619A,98.8607,25.8168,怒江傈僳族自治州,泸水一中,,12,NA,19,8,12,30,NA,58,52,14,13,5,5,0.7,0.6
2026-09-07T2100,2621A,99.7054,27.8319,迪庆藏族自治州,迪庆州站,,18,18,17,8,6,49,NA,65,64,15,10,7,7,0.4,0.3
2026-09-07T2100,2622A,97.1813,31.1289,昌都市,昌都监测站,,19,9,20,5,3,60,NA,57,57,6,7,4,4,0.3,0.3
2026-09-07T2100,2624A,91.7592,29.234,山南市,山南监测站,,20,4,3,1,1,62,NA,72,71,6,3,9,9,0.3,0.2
2026-09-07T2100,2625A,91.7701,29.2436,山南市,山南人民医院,,22,11,5,9,3,68,NA,75,74,4,3,6,7,0.3,0.3
2026-09-07T2100,2626A,88.8873,29.2723,日喀则市,日喀则监测站,,19,10,10,8,4,58,NA,78,72,11,8,6,6,0.3,0.3
2026-09-07T2100,2628A,92.0653,31.4846,那曲市,那曲监测站,,47,47,34,28,18,58,NA,75,75,24,15,9,8,0.6,0.6
2026-09-07T2100,2630A,80.1171,32.4999,阿里地区,阿里监测站,,28,4,3,2,1,89,NA,94,89,3,4,4,5,0.2,0.2
2026-09-07T2100,2632A,94.3683,29.6373,林芝市,林芝监测站,,10,10,8,6,5,16,NA,36,32,13,7,3,3,0.5,0.4
2026-09-07T2100,2633A,94.3616,29.6634,林芝市,林芝人民医院,,16,11,12,11,6,16,NA,40,35,12,8,5,5,0.6,0.5
2026-09-07T2100,2635A,107.0155,33.0707,汉中市,市监测站,细颗粒物(PM2.5),88,59,50,54,37,79,NA,132,116,13,8,5,6,0.7,0.6
2026-09-07T2100,2636A,107.0083,33.114,汉中市,鑫源开发区,细颗粒物(PM2.5),64,52,49,42,37,92,NA,147,133,14,10,6,7,0.8,0.7
2026-09-07T2100,2637A,107.0072,33.0323,汉中市,南郑大河坎水厂,细颗粒物(PM2.5),80,61,58,50,38,60,NA,123,107,12,12,4,5,0.7,0.7
2026-09-07T2100,2639A,109.7445,38.2919,榆林市,世纪广场,,28,16,31,13,22,89,NA,107,103,19,16,8,9,0.5,0.5
2026-09-07T2100,2640A,109.729,38.2837,榆林市,实验中学,,30,16,32,14,21,94,NA,108,107,16,15,7,10,0.5,0.6
2026-09-07T2100,2641A,109.7347,38.2491,榆林市,环保监测大楼,,29,NA,26,14,23,90,NA,105,103,17,15,11,8,0.6,0.6
2026-09-07T2100,2644A,109.0088,32.6974,安康市,汉滨区检察院,细颗粒物(PM2.5),56,52,41,38,26,79,NA,157,138,14,9,1,3,0.7,0.7
2026-09-07T2100,2645A,109.9155,33.8714,商洛市,监测站,颗粒物(PM10),52,52,48,34,32,126,NA,174,159,18,12,22,14,0.7,0.6
2026-09-07T2100,2647A,104.1727,36.5448,白银市,第三小学,,18,NA,5,5,3,56,NA,69,54,4,6,3,3,0.2,0.2
2026-09-07T2100,2648A,104.1467,36.5482,白银市,动力公司,,18,NA,3,2,3,55,NA,64,51,2,4,2,2,0.5,0.5
2026-09-07T2100,2650A,105.72058,34.57859,天水市,公园小学,,27,27,42,16,28,34,NA,114,43,14,13,10,10,0.7,0.7
2026-09-07T2100,2651A,105.89428,34.55353,天水市,麦积国土局,,28,28,44,15,30,27,NA,149,44,22,12,5,8,0.6,0.6
2026-09-07T2100,2652A,102.6203,37.925,武威市,监测站,,20,5,12,4,9,61,NA,58,57,5,6,8,9,0.1,0.2
2026-09-07T2100,2654A,100.4699,38.9525,张掖市,润泉湖,,26,7,12,4,10,81,NA,70,70,5,8,2,3,0.3,0.3
2026-09-07T2100,2655A,100.4155,38.9422,张掖市,区工会,,27,8,16,8,10,84,NA,80,80,5,6,8,8,0.3,0.4
2026-09-07T2100,2656A,106.6633,35.5338,平凉市,聚贤嘉苑,,21,21,36,3,20,48,NA,116,55,10,13,9,10,0.6,0.8
2026-09-07T2100,2657A,106.7021,35.5307,平凉市,博物馆,,21,21,38,5,21,47,NA,106,52,9,15,9,10,0.5,0.7
2026-09-07T2100,2661A,107.6325,35.7357,庆阳市,庆阳五中,,16,16,41,2,26,50,NA,126,64,7,12,2,4,0.4,0.4
2026-09-07T2100,2662A,107.6361,35.7067,庆阳市,市环保局,,19,19,41,6,25,55,NA,126,68,8,10,3,4,0.7,0.6
2026-09-07T2100,2669A,102.9097,34.9841,甘南藏族自治州,州政府,,19,13,12,7,5,60,NA,66,62,10,7,6,6,0.4,0.4
2026-09-07T2100,2671A,100.9016,36.9464,海北藏族自治州,海晏县西海镇,,34,24,15,15,8,107,NA,110,110,2,3,6,6,0.5,0.6
2026-09-07T2100,2672A,102.02,35.5101,黄南藏族自治州,同仁县隆务镇,NA,NA,NA,18,NA,10,78,NA,91,88,3,3,NA,10,NA,0.3
2026-09-07T2100,2673A,100.6158,36.2985,海南藏族自治州,共和县恰卜恰镇,,26,15,12,10,7,83,NA,89,88,3,4,6,8,0.6,0.6
2026-09-07T2100,2674A,100.2262,34.4854,果洛藏族自治州,玛沁县大武镇,NA,NA,28,15,6,6,NA,NA,79,79,1,2,12,12,0.3,0.4
2026-09-07T2100,2675A,97.0386,33.0138,玉树藏族自治州,玉树县结古镇,,16,7,11,5,3,51,NA,72,70,16,15,3,4,0.5,0.5
2026-09-07T2100,2676A,97.373,37.376,海西蒙古族藏族自治州,德令哈市,,35,29,27,18,12,111,NA,117,117,2,2,11,12,0.5,0.4
2026-09-07T2100,2677A,106.1535,37.9648,吴忠市,教育园区,,15,NA,39,10,29,33,NA,59,36,10,12,4,4,0.5,0.6
2026-09-07T2100,2679A,106.1851,37.9957,吴忠市,新区二泵站,,10,9,40,2,25,30,NA,59,34,13,14,6,6,0.5,0.5
2026-09-07T2100,2682A,105.1965,37.4996,中卫市,环保局站,,20,NA,33,7,17,62,NA,64,57,5,4,2,2,0.4,0.4
2026-09-07T2100,2684A,106.2753,36.0057,固原市,监测站,,18,5,11,5,8,55,NA,72,61,8,7,6,6,0.2,0.3
2026-09-07T2100,2685A,106.2384,36.0189,固原市,新区,,17,6,10,4,9,52,NA,67,55,7,8,5,5,0.4,0.4
2026-09-07T2100,2686A,89.1905,42.9419,吐鲁番市,市环保局,颗粒物(PM10),78,88,61,30,19,89,NA,110,108,14,11,6,6,0.6,0.5
2026-09-07T2100,2687A,89.1674,42.9558,吐鲁番市,地区环保局,颗粒物(PM10),68,75,60,40,17,74,NA,114,110,34,16,2,2,0.8,0.5
2026-09-07T2100,2688A,93.5124,42.8176,哈密市,地区监测站,,25,20,40,12,15,78,NA,88,87,6,21,3,3,0.1,0.3
2026-09-07T2100,2689A,93.5014,42.8312,哈密市,哈密师范学校,,25,NA,43,17,23,79,NA,88,87,6,22,6,8,0.1,0.3
2026-09-07T2100,2692A,87.2722,44.0298,昌吉回族自治州,新区政务中心,,29,19,22,18,10,91,NA,103,103,14,21,7,7,0.2,0.3
2026-09-07T2100,2693A,82.0482,44.8553,博尔塔拉蒙古自治州,市党校,颗粒物(PM10),51,51,53,14,10,107,NA,116,116,14,7,4,5,0.2,0.2
2026-09-07T2100,2694A,82.0805,44.8966,博尔塔拉蒙古自治州,市环保局,,46,46,42,8,11,104,NA,115,115,16,13,10,6,0.3,0.3
2026-09-07T2100,2695A,80.2899,41.1684,阿克苏地区,电视台,NA,NA,46,41,31,24,NA,NA,92,92,5,12,7,6,0.3,0.5
2026-09-07T2100,2696A,80.2592,41.1541,阿克苏地区,艺术中心,颗粒物(PM10),56,58,52,30,26,83,NA,102,100,18,17,4,5,0.3,0.4
2026-09-07T2100,2697A,76.1457,39.7143,克孜勒苏柯尔克孜自治州,市人民政府,,50,50,55,22,20,94,NA,108,107,20,14,11,3,0,0
2026-09-07T2100,2698A,76.0071,39.466,喀什地区,巡警大队,颗粒物(PM10),54,55,56,20,16,86,NA,93,92,18,18,4,4,0.5,0.4
2026-09-07T2100,2699A,75.9756,39.4693,喀什地区,吾办,颗粒物(PM10),65,71,61,19,19,82,NA,88,87,9,14,6,6,0.3,0.3
2026-09-07T2100,2704A,81.3002,43.9177,伊犁哈萨克自治州,新政府片区,,32,23,40,10,14,100,NA,105,105,11,20,4,5,0.5,0.7
2026-09-07T2100,2705A,81.3364,43.9409,伊犁哈萨克自治州,第二水厂,,30,28,49,11,13,93,NA,106,106,14,17,6,7,0.5,0.6
2026-09-07T2100,2706A,82.9993,46.7432,塔城地区,东门外小游园,,33,33,55,21,9,94,NA,102,101,6,5,5,4,0.3,0.3
2026-09-07T2100,2708A,88.1266,47.8515,阿勒泰地区,市站,,33,32,32,23,4,33,NA,85,78,45,16,1,1,0.5,0.3
2026-09-07T2100,2709A,86.0391,44.298,石河子市,艾青诗歌馆,,30,23,31,7,5,96,NA,118,117,14,11,6,6,0.5,0.4
2026-09-07T2100,2711A,87.5352,44.1606,五家渠市,农水大厦,,32,21,51,15,17,101,NA,109,109,4,20,4,4,0.3,0.4
2026-09-07T2100,2809A,113.6668,24.7756,韶关市,大学路288号,,29,NA,35,20,22,41,NA,98,79,7,8,11,12,/,/
2026-09-07T2100,2835A,101.7222,26.567,攀枝花市,四十中小,,43,43,54,15,36,71,NA,96,87,12,19,8,31,0.9,1.1
2026-09-07T2100,2842A,118.0937,24.5054,厦门市,湖里中学,,38,23,21,12,13,119,NA,129,128,3,9,2,2,0.4,0.4
2026-09-07T2100,2845A,113.1561,36.1912,长治市,德盛苑,细颗粒物(PM2.5),52,46,40,36,28,153,NA,177,162,8,8,12,14,0.9,1.1
2026-09-07T2100,2846A,113.3209,23.1323,广州市,体育西,颗粒物(PM10),53,54,40,31,24,135,NA,133,133,37,40,5,6,0.9,0.8
2026-09-07T2100,2858A,117.7917,39.2473,天津市,河西一经路,,40,40,40,12,16,36,NA,152,127,24,25,8,12,0.7,0.9
2026-09-07T2100,2859A,117.3747,38.9845,天津市,津沽路,,41,41,36,10,17,62,NA,153,140,14,23,6,7,0.9,0.7
2026-09-07T2100,2860A,117.159,39.0844,天津市,宾水西道,,19,15,35,8,17,59,NA,161,144,2,8,4,7,0.6,0.5
2026-09-07T2100,2865A,112.7195,37.683,晋中市,榆次三中,细颗粒物(PM2.5),56,NA,55,38,35,113,NA,120,104,9,18,8,10,0.8,0.8
2026-09-07T2100,2867A,111.1225,37.5093,吕梁市,马茂庄小学,,26,20,66,12,26,81,NA,72,72,14,29,3,9,0.6,0.7
2026-09-07T2100,2868A,126.4737,43.953,吉林市,九站,,43,30,36,30,23,30,NA,57,26,20,25,12,13,0.7,0.7
2026-09-07T2100,2869A,119.4472,32.4156,扬州市,五台山医院,,28,24,13,15,9,88,NA,115,110,13,7,7,6,0.6,0.6
2026-09-07T2100,2870A,119.4369,32.1891,镇江市,市疾控中心,,29,23,14,12,6,91,NA,114,108,14,9,7,7,0.6,0.6
2026-09-07T2100,2871A,121.6156,29.9015,宁波市,万里国际学校,,30,23,20,5,11,95,NA,126,121,10,16,8,8,0.4,0.5
2026-09-07T2100,2872A,120.7845,30.7524,嘉兴市,南湖区残联,,28,25,26,13,11,89,NA,154,147,12,11,7,7,0.5,0.5
2026-09-07T2100,2873A,120.083,30.8929,湖州市,仁皇山新区,,42,26,21,14,11,132,NA,148,147,12,12,6,7,0.4,0.5
2026-09-07T2100,2875A,115.783962,32.889217,阜阳市,阜阳职业技术学院,,42,42,41,25,20,132,NA,165,158,8,15,4,4,0.4,0.4
2026-09-07T2100,2877A,119.1638,36.6524,潍坊市,坊子邮政,,29,19,35,2,14,92,NA,156,143,10,18,2,3,0.4,0.5
2026-09-07T2100,2880A,104.0219,30.6561,成都市,大石西路,细颗粒物(PM2.5),68,66,58,44,48,94,NA,136,136,17,17,5,6,0.7,0.7
2026-09-07T2100,2881A,107.8909,26.531,黔东南苗族侗族自治州,凯里学院,,29,NA,11,20,13,37,NA,79,67,13,8,3,4,0.5,0.4
2026-09-07T2100,2882A,102.5388,24.3703,玉溪市,玉溪一中,,23,23,23,15,14,69,NA,87,84,10,8,3,6,0.4,0.3
2026-09-07T2100,2883A,102.5382,24.339,玉溪市,文体中心,颗粒物(PM10),51,51,25,14,14,60,NA,86,81,14,7,5,7,0.4,0.3
2026-09-07T2100,2884A,98.2672,39.7978,嘉峪关市,酒钢宾馆,,24,9,8,7,7,74,NA,71,71,9,9,7,10,0.5,0.8
2026-09-07T2100,2885A,104.9344,33.3827,陇南市,滨江中学,,46,46,38,5,21,57,NA,104,92,9,6,8,8,0.6,0.6
2026-09-07T2100,2894A,117.0561,32.6536,淮南市,经济技术开发区消防队,,41,41,34,26,17,118,NA,156,149,22,22,10,10,0.3,0.3
2026-09-07T2100,2897A,123.2429,41.7341,沈阳市,沈辽西路,,45,45,43,11,18,45,NA,48,48,11,22,8,12,0.6,0.8
2026-09-07T2100,2900A,123.5951,41.9085,沈阳市,裕农路,,21,21,37,13,19,38,NA,41,41,9,23,7,12,0.5,0.7
2026-09-07T2100,2902A,106.6347,30.4868,广安市,北辰小学,,31,30,38,19,28,97,NA,114,111,15,13,10,10,0.6,0.6
2026-09-07T2100,2907A,120.1846,30.8592,湖州市,吴兴区站,,38,24,20,18,11,120,NA,134,133,17,13,7,8,0.4,0.5
2026-09-07T2100,2919A,116.7022,39.5454,廊坊市,河北工业大学,,20,20,40,11,26,54,NA,153,128,7,14,3,4,0.2,0.3
2026-09-07T2100,2920A,117.71,24.5048,漳州市,蓝田镇,,32,32,28,15,17,100,NA,124,114,9,9,6,6,0.4,0.5
2026-09-07T2100,2921A,120.5482,30.0003,绍兴市,树下王站,,43,NA,17,30,14,80,NA,130,125,31,15,4,4,0.8,0.7
2026-09-07T2100,2922A,117.194,39.1069,天津市,大理道,,18,14,31,8,18,57,NA,158,143,12,19,2,6,0.8,0.6
2026-09-07T2100,2924A,106.2266,38.4417,银川市,水乡路,,34,34,41,7,19,28,NA,79,37,15,14,3,4,0.6,0.6
2026-09-07T2100,2925A,106.2758,38.4841,银川市,上海东路,,12,12,25,5,17,21,NA,68,31,18,15,6,6,0.7,0.6
2026-09-07T2100,2926A,106.1016,38.4971,银川市,文昌北街,,23,23,39,4,20,42,NA,75,43,9,17,3,4,0.3,0.6
2026-09-07T2100,2929A,114.8858,30.4519,黄冈市,红卫路,颗粒物(PM10),52,52,36,29,21,129,NA,185,174,22,11,12,12,0.6,0.4
2026-09-07T2100,2996A,118.2781,33.9658,宿迁市,市供电局,,42,42,33,21,13,112,NA,150,146,22,16,4,5,0.6,0.5
2026-09-07T2100,2997A,119.8767,32.3291,泰州市,王营,,20,18,13,7,6,63,NA,100,92,10,8,9,10,0.4,0.4
2026-09-07T2100,3000A,119.3577,34.6971,连云港市,德源药业,,44,44,28,9,9,52,NA,118,93,34,25,5,6,0.2,0.2
2026-09-07T2100,3002A,119.9701,31.813,常州市,行政中心,,25,25,20,8,5,69,NA,117,104,22,16,7,7,0.4,0.4
2026-09-07T2100,3003A,120.0434,31.7726,常州市,经开区,,26,26,22,6,4,49,NA,113,97,39,14,8,8,0.5,0.4
2026-09-07T2100,3004A,120.1543,33.3664,盐城市,宝龙广场,,21,9,10,7,6,67,NA,84,77,7,5,9,9,0.3,0.6
2026-09-07T2100,3005A,117.1812,34.29,徐州市,鼓楼区政府,颗粒物(PM10),75,85,38,47,23,81,NA,161,149,32,9,8,7,0.9,0.6
2026-09-07T2100,3006A,117.1693,34.1781,徐州市,铜山区招生办,颗粒物(PM10),63,68,48,41,24,96,NA,170,157,23,15,8,9,0.7,0.6
2026-09-07T2100,3007A,119.178,34.8442,连云港市,新城一中,,26,26,32,9,13,61,NA,127,110,38,21,7,11,0.3,0.5
2026-09-07T2100,3008A,119.3607,34.7519,连云港市,胡沟管理处,,34,19,17,5,5,106,NA,118,116,17,20,10,11,0.6,0.5
2026-09-07T2100,3009A,119.1478,34.5913,连云港市,矿山设计院,,26,12,20,5,10,82,NA,135,123,8,19,3,3,0.3,0.3
2026-09-07T2100,3010A,119.8919,31.7892,常州市,钟楼,,26,15,24,4,5,81,NA,122,112,14,15,8,10,0.5,0
2026-09-07T2100,3012A,112.1849,31.0361,荆门市,西山林语,细颗粒物(PM2.5),74,NA,53,47,36,118,NA,178,170,14,12,10,10,1.0,1
2026-09-07T2100,3014A,106.4958,29.5347,重庆市,歇台子,,35,34,25,18,10,109,NA,117,113,14,12,9,8,0.6,0.5
2026-09-07T2100,3015A,106.4067,29.5729,重庆市,龙井湾,,37,36,21,22,12,118,NA,140,139,12,11,10,9,0.7,0.7
2026-09-07T2100,3016A,106.5506,29.415,重庆市,龙洲湾,,37,37,20,18,9,86,NA,99,97,11,10,8,8,0.5,0.5
2026-09-07T2100,3018A,111.5048,36.1015,临汾市,唐尧大酒店,颗粒物(PM10),99,118,88,50,32,124,NA,165,155,19,16,17,8,1.3,0.8
2026-09-07T2100,3020A,117.2096,39.1698,天津市,中山北路,,28,28,40,16,18,50,NA,148,130,12,16,4,6,0.8,0.7
2026-09-07T2100,3021A,115,35.7667,濮阳市,濮水河管理处,细颗粒物(PM2.5),60,57,66,40,44,135,NA,191,180,9,18,6,7,0.7,0.7
2026-09-07T2100,3025A,113.0479,23.6343,清远市,技师学院,,35,35,31,19,18,86,NA,111,109,19,13,8,8,0.9,0.8
2026-09-07T2100,3026A,116.6179,23.6608,潮州市,市政府,,32,32,28,17,18,59,NA,115,102,15,11,6,7,0.5,0.5
2026-09-07T2100,3028A,104.7765,29.3623,自贡市,檀木林体育馆,NA,NA,NA,34,45,26,NA,NA,148,148,19,11,8,9,0.7,0.6
2026-09-07T2100,3033A,87.4652,43.4569,乌鲁木齐市,培训基地,,41,41,20,14,5,115,NA,119,119,9,5,4,3,0.3,0.3
2026-09-07T2100,3034A,113.1076,41.0385,乌兰察布市,光明街小学,,28,28,30,11,12,47,NA,70,48,14,10,3,6,0.4,0.4
2026-09-07T2100,3036A,118.6903,37.4337,东营市,开发区管委会,,29,10,25,0,6,90,NA,127,121,4,8,4,4,0.5,0.5
2026-09-07T2100,3038A,103.3757,23.3679,红河哈尼族彝族自治州,州图书馆,,26,24,21,18,16,64,NA,84,78,4,4,5,5,0.4,0.3
2026-09-07T2100,3039A,111.1911,34.7829,三门峡市,三门峡市第一小学,臭氧1小时(O3_1h),59,60,65,36,41,167,NA,164,163,11,11,11,10,0.6,0.7
2026-09-07T2100,3045A,109.9647,33.8486,商洛市,商州区中学,颗粒物(PM10),76,86,56,32,33,109,NA,168,148,26,19,9,15,0.5,0.6
2026-09-07T2100,3046A,115.9084,28.6062,南昌市,机电学校,,46,29,30,15,15,145,NA,145,143,14,14,10,10,0.6,0.6
2026-09-07T2100,3048A,119.5799,26.0937,福州市,九龙,,32,29,26,10,11,100,NA,146,132,6,7,5,6,0.7,0.7
2026-09-07T2100,3051A,117.385,39.1483,天津市,西四道,,23,23,36,10,17,48,NA,147,130,10,20,2,5,0.5,0.5
2026-09-07T2100,3054A,113.9194,35.2847,新乡市,市委党校,颗粒物(PM10),69,76,56,39,39,147,NA,219,205,20,23,8,9,0.9,0.9
2026-09-07T2100,3055A,101.7775,36.643,西宁市,城北区政府,,21,15,12,14,10,66,NA,87,84,23,16,9,7,0.8,0.8
2026-09-07T2100,3057A,121.5989,37.4016,烟台市,牟平检察院,,31,9,14,7,9,98,NA,112,110,6,11,6,6,0.3,0.3
2026-09-07T2100,3058A,119.2656,42.0356,赤峰市,银河街,,14,14,29,8,14,43,NA,70,50,14,10,5,5,0.6,0.7
2026-09-07T2100,3059A,117.7181,36.205,济南市,泰兴公司,NA,NA,36,42,13,16,NA,NA,186,181,25,31,6,7,0.4,0.5
2026-09-07T2100,3061A,119.7511,49.1576,呼伦贝尔市,国华电力东,,36,36,22,11,12,27,NA,52,48,20,10,4,4,0.4,0.3
2026-09-07T2100,3064A,117.6861,36.2172,济南市,莱芜战役纪念馆,,42,31,41,9,16,134,NA,186,176,21,23,7,7,0.7,0.7
2026-09-07T2100,3065A,101.9534,29.9976,甘孜藏族自治州,州环保局,,25,25,22,12,11,54,NA,80,71,16,11,2,3,0.3,0.3
2026-09-07T2100,3066A,116.2722,37.438,德州市,九衢泉纯净水厂,,44,44,42,18,18,124,NA,160,151,11,20,6,7,0.5,0.5
2026-09-07T2100,3109A,115.0094,25.8614,赣州市,赣县区卫计委,颗粒物(PM10),59,62,31,14,20,34,NA,124,104,30,18,1,2,0.8,0.6
2026-09-07T2100,3123A,105.9408,26.2431,安顺市,凤凰山,,26,NA,14,18,15,62,NA,85,80,7,7,5,5,0.5,0.5
2026-09-07T2100,3124A,105.9443,26.2567,安顺市,金钟山,,23,19,15,16,16,68,NA,89,85,5,5,6,5,0.6,0.6
2026-09-07T2100,3125A,105.8983,26.248,安顺市,娄家坡,,20,14,16,14,14,64,NA,85,80,4,4,6,5,0.5,0.4
2026-09-07T2100,3131A,114.878,40.7992,张家口市,烟厂,,15,NA,34,2,15,48,NA,66,60,8,9,/,/,/,/
2026-09-07T2100,3132A,119.5979,39.938,秦皇岛市,文明里,,27,27,39,3,11,53,NA,76,60,2,6,8,11,0.3,0.4
2026-09-07T2100,3133A,106.5469,29.5655,重庆市,上清寺,,34,32,23,16,11,106,NA,106,103,16,20,4,4,0.3,0.3
2026-09-07T2100,3134A,113.8172,34.0339,许昌市,市一中,颗粒物(PM10),68,74,76,41,46,102,NA,159,146,21,16,8,9,0.7,0.8
2026-09-07T2100,3136A,104.2724,30.559,成都市,龙泉驿区区政府,,42,36,44,29,41,81,NA,114,111,13,14,4,5,0.7,0.7
2026-09-07T2100,3138A,111.7152,29.0288,常德市,武陵区永安,细颗粒物(PM2.5),119,81,61,80,50,113,NA,161,148,NA,14,10,10,1.1,1
2026-09-07T2100,3139A,111.6891,28.9881,常德市,鼎城区玉霞,细颗粒物(PM2.5),108,70,59,68,46,93,NA,160,143,21,17,13,13,1.1,1
2026-09-07T2100,3140A,111.6651,29.0526,常德市,武陵区长庚,细颗粒物(PM2.5),84,57,61,52,45,126,NA,164,156,8,13,10,11,1.0,1
2026-09-07T2100,3141A,114.3921,36.0879,安阳市,信访局,细颗粒物(PM2.5),78,65,68,49,42,171,NA,205,197,17,17,4,8,0.6,0.8
2026-09-07T2100,3147A,114.3434,34.8101,开封市,龙亭公园,颗粒物(PM10),64,69,76,31,40,142,NA,210,192,9,12,4,5,0.7,0.7
2026-09-07T2100,3148A,103.829,30.0563,眉山市,区人社局,细颗粒物(PM2.5),72,79,68,46,43,119,NA,147,147,20,20,11,15,1.0,1
2026-09-07T2100,3149A,115.0174,30.1591,黄石市,笔架山北路,颗粒物(PM10),53,53,43,15,16,124,NA,142,138,9,6,8,10,0.5,0.5
2026-09-07T2100,3151A,114.375,27.8096,宜春市,宜春学院北校区,,46,46,44,26,24,85,NA,116,109,11,9,3,2,0.5,0.5
2026-09-07T2100,3153A,114.3876,30.4908,武汉市,民族大道182号,NA,NA,NA,29,NA,25,153,NA,178,173,17,16,NA,7,0.5,0.8
2026-09-07T2100,3164A,119.4682,32.394,扬州市,广陵建设局,,32,20,18,8,6,100,NA,112,110,6,10,8,8,0.2,0.2
2026-09-07T2100,3171A,115.6069,34.4465,商丘市,梁园区档案局,颗粒物(PM10),68,75,53,35,28,114,NA,178,168,31,20,4,5,0.6,0.6
2026-09-07T2100,3173A,117.0598,30.5351,安庆市,市人大,,40,40,28,28,14,113,NA,143,138,15,13,7,7,0.7,0.6
2026-09-07T2100,3178A,119.0587,36.7209,潍坊市,潍坊七中,,27,9,34,8,12,86,NA,144,131,11,20,4,5,0.3,0.4
2026-09-07T2100,3179A,102.7491,25.012,昆明市,官渡区博物馆,,32,32,28,22,18,61,NA,108,103,33,16,4,4,0.6,0.5
2026-09-07T2100,3180A,99.7122,27.8129,迪庆藏族自治州,质量技术监督局,,18,18,16,11,7,46,NA,62,62,17,9,7,6,0.3,0.3
2026-09-07T2100,3181A,106.776805,31.852614,巴中市,市五中,细颗粒物(PM2.5),115,78,55,76,43,62,NA,109,100,18,16,12,12,1.0,0.9
2026-09-07T2100,3183A,106.7419,31.8654,巴中市,圣泉水务公司,细颗粒物(PM2.5),105,NA,47,65,39,73,NA,121,112,19,13,14,12,0.9,0.8
2026-09-07T2100,3187A,116.9508,33.666,宿州市,远航博物馆,颗粒物(PM10),51,51,41,29,25,146,NA,172,171,11,17,7,8,0.6,0.6
2026-09-07T2100,3188A,115.6684,37.7216,衡水市,市城管局,颗粒物(PM10),68,74,61,27,25,124,NA,150,143,17,21,2,4,0.5,0.4
2026-09-07T2100,3190A,116.0254,29.6995,九江市,外国语学校,颗粒物(PM10),55,57,32,21,18,124,NA,153,148,24,15,8,6,0.2,0.2
2026-09-07T2100,3191A,118.3243,33.95,宿迁市,宿豫区政府,,40,40,28,22,13,106,NA,142,137,26,15,5,6,0.6,0.5
2026-09-07T2100,3192A,80.0906,32.5029,阿里地区,阿里藏医院,,27,5,6,3,2,85,NA,90,85,2,3,6,6,0.3,0.3
2026-09-07T2100,3194A,112.2749,30.3124,荆州市,管委会,"颗粒物(PM10),细颗粒物(PM2.5)",52,52,44,36,35,122,NA,170,161,15,20,18,13,0.5,0.5
2026-09-07T2100,3195A,119.3649,32.3961,扬州市,市体育局,,27,24,18,13,7,86,NA,112,105,16,9,8,7,0.3,0.3
2026-09-07T2100,3200A,115.9772,36.4986,聊城市,监控中心,颗粒物(PM10),60,64,62,15,36,107,NA,186,166,25,32,6,8,0.4,0.6
2026-09-07T2100,3206A,114.9148,27.8069,新余市,新钢沁园村,,35,35,34,24,26,105,NA,154,143,17,12,8,10,0.5,0.4
2026-09-07T2100,3207A,118.31131,32.3033,滁州市,市政府原办公楼,,34,34,21,23,20,107,NA,129,125,16,9,7,7,0.4,0.3
2026-09-07T2100,3208A,112.7279,38.4157,忻州市,市政府,,28,28,39,17,23,89,NA,82,81,10,20,5,7,0.6,0.7
2026-09-07T2100,3209A,119.5231,26.6562,宁德市,宁德一中,,38,28,29,19,16,120,NA,149,145,9,7,4,5,0.4,0.5
2026-09-07T2100,3210A,114.3645,34.7955,开封市,汴京公园,颗粒物(PM10),95,113,86,49,44,123,NA,211,188,21,15,8,8,0.6,0.5
2026-09-07T2100,3216A,117.662,24.5187,漳州市,漳州党校,,33,28,27,12,15,104,NA,128,117,10,9,/,/,/,/
2026-09-07T2100,3237A,117.4918,30.6617,池州市,展览馆,颗粒物(PM10),51,51,33,25,17,93,NA,148,143,18,14,5,5,0.5,0.6
2026-09-07T2100,3241A,103.7439,36.0841,兰州市,百合公园,,25,25,22,15,9,46,NA,68,47,13,17,1,4,0.3,0.4
2026-09-07T2100,3242A,103.9613,35.9985,兰州市,和平,,17,13,16,2,9,53,NA,76,62,5,6,10,10,0.7,0.8
2026-09-07T2100,3247A,104.9551,33.3709,陇南市,市总工会,,30,30,35,4,19,60,NA,105,92,7,5,8,8,0.6,0.5
2026-09-07T2100,3248A,98.2644,39.7723,嘉峪关市,雄关区,NA,NA,21,18,2,5,NA,NA,74,74,9,8,3,3,0.2,0.2
2026-09-07T2100,3265A,121.4242,31.3303,上海市,宝山庙行,,27,27,23,12,11,85,NA,91,89,15,14,7,7,0.4,0.4
2026-09-07T2100,3266A,121.8789,31.4662,上海市,崇明上实东滩,,32,16,16,9,10,101,NA,104,104,6,7,8,8,0.4,0.3
2026-09-07T2100,3268A,121.316,31.2839,上海市,嘉定南翔,,26,25,19,12,11,82,NA,100,93,17,12,8,8,0.4,0.4
2026-09-07T2100,3269A,121.3357,30.7455,上海市,金山新城,,29,29,24,16,14,70,NA,121,106,18,16,5,5,0.8,0.8
2026-09-07T2100,3270A,121.4996,31.0741,上海市,闵行浦江,,28,24,22,13,11,89,NA,98,94,13,16,7,7,0.6,0.6
2026-09-07T2100,3271A,121.2886,31.1663,上海市,青浦徐泾,,25,25,21,14,12,73,NA,105,95,15,9,8,7,0.6,0.4
2026-09-07T2100,3272A,121.2193,31.0382,上海市,松江图书馆,,30,30,27,16,14,62,NA,104,87,27,23,7,7,0.5,0.4
2026-09-07T2100,3273A,121.3904,31.206,上海市,长宁仙霞,,30,21,22,13,12,94,NA,96,95,7,13,6,6,0.3,0.3
2026-09-07T2100,3274A,121.7964,31.0507,上海市,浦东惠南,,30,25,23,11,10,94,NA,103,100,14,16,10,10,0.8,0.8
2026-09-07T2100,3282A,113.3399,40.0586,大同市,大同市卫生学校,,14,14,39,5,10,40,NA,66,45,12,21,6,11,0.4,0.5
2026-09-07T2100,3283A,109.9154,40.5684,包头市,滨河大厦,,13,8,13,4,8,39,NA,61,45,10,9,5,6,0.3,0.3
2026-09-07T2100,3284A,106.8129,39.7274,乌海市,海北新区,,15,15,26,4,11,43,NA,63,38,9,7,6,6,0.3,0.4
2026-09-07T2100,3285A,113.1383,40.9513,乌兰察布市,北京八中,,14,13,26,8,9,44,NA,75,49,12,10,11,16,0.4,0.3
2026-09-07T2100,3286A,118.9359,42.3146,赤峰市,桥北物流园区,,13,NA,17,9,7,31,NA,86,50,24,10,4,4,0.5,0.5
2026-09-07T2100,3287A,119.3842,32.198,镇江市,富润路1号,,38,24,18,13,11,22,NA,120,94,76,24,6,7,0.3,0.2
2026-09-07T2100,3288A,117.4619,34.4368,徐州市,大泉街道,颗粒物(PM10),60,64,42,37,20,121,NA,176,168,10,10,4,5,0.6,0.6
2026-09-07T2100,3289A,120.7431,31.3188,苏州市,方洲路,,26,26,20,16,10,66,NA,117,101,16,11,7,8,0.5,0.6
2026-09-07T2100,3290A,120.4979,31.2777,苏州市,木渎中学,,24,18,21,7,9,74,NA,140,128,20,15,5,6,0.6,0.3
2026-09-07T2100,3291A,121.0631,32.0644,南通市,通州监测站,,26,17,13,7,2,82,NA,91,89,5,4,1,1,0.5,0.5
2026-09-07T2100,3293A,120.1518,33.3369,盐城市,月亮广场,,26,12,13,6,6,82,NA,89,86,6,6,10,10,0.2,0.2
2026-09-07T2100,3294A,119.565282,32.422263,扬州市,引江管理处,,24,23,17,12,9,75,NA,100,96,16,8,3,4,0.5,0.5
2026-09-07T2100,3295A,120.1226,32.515,泰州市,姜堰区政府广场,,24,18,21,7,12,75,NA,104,95,5,7,7,8,0.5,0.5
2026-09-07T2100,3298A,113.5718,23.5493,广州市,从化街口,,45,43,33,31,23,29,NA,89,76,21,11,6,6,0.6,0.5
2026-09-07T2100,3299A,113.3463,23.369,广州市,白云竹料,细颗粒物(PM2.5),62,56,46,41,28,38,NA,107,93,33,26,4,4,0.9,0.7
2026-09-07T2100,3300A,113.2981,23.2365,广州市,白云嘉禾,,42,42,46,28,27,41,NA,128,111,48,35,12,13,/,/
2026-09-07T2100,3301A,113.4256,23.1716,广州市,黄埔科学城,NA,NA,37,30,28,24,NA,NA,103,99,34,22,6,6,0.8,0.8
2026-09-07T2100,3302A,113.3942,23.0485,广州市,番禺大学城,细颗粒物(PM2.5),80,NA,38,50,30,175,NA,164,164,29,34,8,9,0.7,0.7
2026-09-07T2100,3303A,113.4923,22.8169,广州市,南沙黄阁,"颗粒物(PM10),臭氧1小时(O3_1h)",58,61,47,35,35,166,NA,202,202,25,38,9,9,/,/
2026-09-07T2100,3304A,113.534,22.7893,广州市,南沙街,"细颗粒物(PM2.5),臭氧1小时(O3_1h)",72,66,49,46,36,177,NA,209,209,26,31,7,7,0.9,0.9
2026-09-07T2100,3305A,114.0614,22.556,深圳市,莲花,,39,39,29,24,18,102,NA,112,109,22,19,/,/,/,/
2026-09-07T2100,3306A,114.0144,22.6163,深圳市,民治,细颗粒物(PM2.5),62,57,40,41,26,106,NA,126,121,60,50,/,/,/,/
2026-09-07T2100,3307A,114.1756,22.6421,深圳市,横岗,NA,NA,37,32,26,21,NA,NA,139,128,50,33,/,/,/,/
2026-09-07T2100,3308A,113.3493,22.0572,珠海市,金湾,,35,24,21,16,18,109,NA,135,131,7,9,/,/,0.2,0.2
2026-09-07T2100,3311A,113.1077,22.5647,江门市,江海富民,颗粒物(PM10),65,71,64,33,32,111,NA,178,175,19,22,/,/,0.5,0.5
2026-09-07T2100,3313A,112.4572,23.0163,肇庆市,高要湖西,,32,30,23,22,13,86,NA,120,119,6,9,5,8,1.3,1
2026-09-07T2100,3314A,114.4334,22.8134,惠州市,惠阳秋长,NA,NA,NA,36,NA,24,NA,NA,120,NA,NA,19,/,/,/,/
2026-09-07T2100,3315A,116.1234,24.2994,梅州市,梅龙,,35,29,25,24,17,43,NA,91,80,13,9,9,7,0.7,0.6
2026-09-07T2100,3317A,111.9785,21.8954,阳江市,两阳中学,,22,12,9,10,14,70,NA,104,103,10,11,/,/,0.6,0.7
2026-09-07T2100,3318A,112.9898,23.7403,清远市,清新太和,,30,29,33,13,19,93,NA,116,114,4,8,10,10,0.5,0.5
2026-09-07T2100,3319A,113.7283,23.041,东莞市,万江金泰,颗粒物(PM10),55,56,44,30,29,133,NA,142,142,18,30,5,7,0.9,0.9
2026-09-07T2100,3320A,116.4028,23.5699,揭阳市,曲溪,,22,22,31,13,22,69,NA,113,101,10,15,6,8,0.9,0.8
2026-09-07T2100,3323A,115.2772,40.9723,张家口市,青少年活动中心,,19,5,11,4,10,58,NA,91,75,2,6,4,4,0.2,0.2
2026-09-07T2100,3324A,116.8011,38.294,沧州市,河北水利电力学院,,39,39,36,23,18,100,NA,147,137,10,14,7,7,0.6,0.4
2026-09-07T2100,3325A,117.0362,39.3827,天津市,雍阳西道,,20,20,37,8,16,47,NA,138,116,6,15,6,8,0.5,0.5
2026-09-07T2100,3326A,117.0291,39.0612,天津市,辛老路,,20,10,30,5,15,61,NA,172,154,12,20,9,10,0.6,0.4
2026-09-07T2100,3327A,116.9638,38.9374,天津市,地纬路,,36,36,36,17,18,67,NA,162,147,12,19,6,9,0.7,0.5
2026-09-07T2100,3328A,118.4209,31.3704,芜湖市,市气象局,,31,30,22,21,13,99,NA,139,133,19,11,6,8,0.6,0.6
2026-09-07T2100,3329A,117.011,32.5891,淮南市,山南新区,细颗粒物(PM2.5),56,53,33,38,16,120,NA,160,154,20,16,6,6,0.2,0.1
2026-09-07T2100,3331A,118.3268,32.2633,滁州市,图书馆,,34,22,18,15,10,106,NA,120,118,20,15,7,7,0.3,0.3
2026-09-07T2100,3332A,115.7631,33.803,亳州市,亳州学院,,50,50,49,21,27,130,NA,168,159,8,15,10,7,0.2,0.6
2026-09-07T2100,3333A,117.5626,30.695,池州市,第八中学,,39,39,33,22,18,94,NA,147,141,14,20,8,7,0.5,0.5
2026-09-07T2100,3334A,117.5037,30.6242,池州市,第十二中学,颗粒物(PM10),65,70,35,37,16,84,NA,159,150,29,20,4,4,0.9,0.9
2026-09-07T2100,3335A,113.3137,35.2643,焦作市,马村街道办,颗粒物(PM10),85,99,58,51,37,138,NA,191,182,22,13,4,6,0.8,0.5
2026-09-07T2100,3336A,113.2464,35.2374,焦作市,焦作技师学院,颗粒物(PM10),92,108,59,40,32,158,NA,187,182,15,9,5,7,0.6,0.2
2026-09-07T2100,3337A,113.8611,34.0443,许昌市,许昌学院,细颗粒物(PM2.5),80,85,72,50,44,93,NA,173,152,32,21,9,9,0.5,0.5
2026-09-07T2100,3338A,113.8428,34.0825,许昌市,芙蓉广场,细颗粒物(PM2.5),64,63,76,42,45,110,NA,172,156,20,17,7,8,0.6,0.7
2026-09-07T2100,3339A,114.0002,33.0404,驻马店市,小管楼,颗粒物(PM10),55,56,49,22,27,104,NA,153,138,21,17,3,4,0.3,0.4
2026-09-07T2100,3340A,112.6005,34.6323,洛阳市,伊滨,细颗粒物(PM2.5),88,89,75,54,48,102,NA,179,165,22,17,9,8,0.6,0.6
2026-09-07T2100,3341A,112.495,34.6338,洛阳市,中移产业园,细颗粒物(PM2.5),114,104,83,75,55,129,NA,188,178,24,18,12,12,0.5,0.5
2026-09-07T2100,3342A,128.7948,47.7291,伊春市,中心小学,,25,21,13,17,11,10,NA,41,32,8,3,1,1,0.7,0.7
2026-09-07T2100,3343A,128.6736,47.729,伊春市,检察院,,27,27,22,4,11,32,NA,45,41,1,2,3,3,0.3,0.4
2026-09-07T2100,3345A,131.0413,45.7795,七台河市,中波台,,18,NA,13,12,6,38,NA,67,51,1,6,3,4,0.6,0.4
2026-09-07T2100,3346A,108.3871,31.1627,重庆市,安康,NA,NA,66,34,NA,25,NA,NA,125,111,NA,13,8,8,0.6,0.5
2026-09-07T2100,3347A,105.8983,29.36,重庆市,北山路,NA,NA,21,25,15,18,113,NA,121,121,NA,15,9,10,0.7,0.7
2026-09-07T2100,3350A,106.648859,29.023807,重庆市,滩子口,,34,34,23,21,13,52,NA,90,83,11,13,10,14,0.4,0.4
2026-09-07T2100,3351A,105.7164,29.7077,重庆市,棠香,,39,34,34,24,29,124,NA,125,125,15,16,8,6,0.5,0.5
2026-09-07T2100,3352A,107.0733,29.8618,重庆市,桃源西路,细颗粒物(PM2.5),86,74,40,53,30,95,NA,112,109,15,11,6,6,0.5,0.3
2026-09-07T2100,3353A,107.3536,29.7283,重庆市,迎宾大道,,35,27,28,24,18,60,NA,114,100,53,27,6,5,0.7,0.5
2026-09-07T2100,3354A,108.8152,29.5079,重庆市,舟白,,39,36,30,27,17,82,NA,117,105,8,5,7,7,0.6,0.4
2026-09-07T2100,3355A,108.3679,30.8429,重庆市,周家坝,细颗粒物(PM2.5),76,68,46,48,35,51,NA,131,112,35,17,5,6,0.7,0.7
2026-09-07T2100,3356A,108.4323,30.7554,重庆市,百安坝,颗粒物(PM10),61,65,35,37,22,72,NA,136,124,24,11,4,4,0.6,0.4
2026-09-07T2100,3357A,104.0028,30.6891,成都市,金博路,细颗粒物(PM2.5),92,76,50,56,43,110,NA,140,140,18,17,4,5,1.0,0.9
2026-09-07T2100,3359A,104.056,30.5228,成都市,华阳,,41,41,54,28,42,95,NA,138,137,13,15,2,3,0.7,0.8
2026-09-07T2100,3360A,104.7894,29.3197,自贡市,南湖救助站,,45,45,47,28,34,121,NA,170,165,11,11,9,9,0.8,0.8
2026-09-07T2100,3361A,103.7313,29.563,乐山市,理工大学,细颗粒物(PM2.5),66,51,51,43,45,80,NA,122,114,12,13,6,6,0.7,0.8
2026-09-07T2100,3363A,117.9883,36.8372,淄博市,新区,,31,22,33,10,14,98,NA,139,127,15,28,5,6,0.4,0.5
2026-09-07T2100,3364A,117.316,34.8106,枣庄市,市环保局,颗粒物(PM10),60,63,50,33,26,158,NA,183,181,10,12,10,5,0.5,0.5
2026-09-07T2100,3365A,118.5721,37.5654,东营市,垦利区民丰路,,27,7,15,1,6,86,NA,120,116,9,10,2,3,0.6,0.6
2026-09-07T2100,3366A,121.5202,37.4336,烟台市,中国农业大学,,34,17,18,6,7,106,NA,114,114,5,16,8,8,0.1,0.2
2026-09-07T2100,3368A,119.1978,36.6871,潍坊市,高新实验学校,,29,19,38,1,16,91,NA,154,134,8,19,6,7,0.1,0.5
2026-09-07T2100,3370A,118.3563,35.0215,临沂市,十里堡居委,,36,36,34,25,17,109,NA,195,186,19,19,15,15,0.6,0.6
2026-09-07T2100,3371A,116.3693,37.44,德州市,开发区人民医院,颗粒物(PM10),51,51,42,18,17,117,NA,156,145,16,18,7,11,0.5,0.6
2026-09-07T2100,3374A,115.5562,35.089,菏泽市,定陶老年大学,颗粒物(PM10),68,75,76,42,46,142,NA,211,191,18,19,4,4,0.5,0.5
2026-09-07T2100,3375A,102.8016,24.8336,昆明市,青年创业园,,29,27,24,17,15,90,NA,104,104,12,10,5,4,0.6,0.6
2026-09-07T2100,3376A,103.7926,25.4651,曲靖市,南苑二区,,26,26,32,16,24,74,NA,109,104,10,6,4,4,0.7,0.6
2026-09-07T2100,3377A,103.7442,25.5259,曲靖市,曲靖师范学院,,36,36,29,16,22,80,NA,113,109,9,8,5,6,0.6,0.5
2026-09-07T2100,3379A,122.1122,40.2275,营口市,鲅鱼圈市民活动中心,,29,29,39,8,14,46,NA,58,37,9,16,9,9,0.7,0.7
2026-09-07T2100,3380A,102.8915,34.9618,甘南藏族自治州,甘肃民族师范学院,,23,14,10,9,10,72,NA,78,74,4,5,6,6,0.4,0.4
2026-09-07T2100,3396A,112.0764,32.0089,襄阳市,襄城隆中路,NA,NA,NA,60,NA,30,NA,NA,147,144,11,14,8,9,0.6,0.6
2026-09-07T2100,3397A,112.1154,32.103,襄阳市,高新台子湾,颗粒物(PM10),53,54,52,28,32,100,NA,166,156,47,17,8,7,0.6,0.6
2026-09-07T2100,3398A,114.9134,30.4446,黄冈市,市林业局,颗粒物(PM10),55,57,35,24,19,116,NA,173,162,19,9,12,12,0.4,0.3
2026-09-07T2100,3399A,112.6703,26.8817,衡阳市,师范学院,细颗粒物(PM2.5),60,49,50,40,30,92,NA,179,161,17,11,7,10,0.9,0.9
2026-09-07T2100,3400A,109.1844,21.4396,北海市,龙潭自来水厂,细颗粒物(PM2.5),52,46,40,36,31,117,NA,141,139,8,8,4,5,0.5,0.4
2026-09-07T2100,3401A,108.4829,22.762,南宁市,红星社区,,45,45,33,26,20,75,NA,118,108,17,19,7,8,0.9,0.8
2026-09-07T2100,3402A,109.5422,24.3994,柳州市,市二中,,42,39,34,29,25,88,NA,120,118,18,13,14,9,0.8,0.7
2026-09-07T2100,3404A,108.5959,21.9634,钦州市,北职校,,49,49,34,30,17,127,NA,108,108,11,8,9,8,0.9,0.7
2026-09-07T2100,3405A,109.5886,23.1172,贵港市,新世纪学校,NA,NA,31,30,30,21,NA,NA,103,101,15,12,/,/,0.7,0.6
2026-09-07T2100,3407A,120.6915,30.7741,嘉兴市,秀洲住建,NA,NA,26,23,9,9,93,NA,152,145,NA,12,5,5,0.2,0.3
2026-09-07T2100,3408A,120.5685,29.936,绍兴市,绍兴中专,,30,30,27,16,14,82,NA,138,127,21,14,5,5,0.6,0.6
2026-09-07T2100,3409A,120.4905,30.086,绍兴市,柯桥区政府,,37,31,25,17,13,118,NA,145,142,25,15,8,7,0.4,0.4
2026-09-07T2100,3410A,120.8751,30.0249,绍兴市,重华小学,,39,38,26,16,14,122,NA,130,130,17,13,5,5,0.8,0.8
2026-09-07T2100,3411A,120.837,30.0137,绍兴市,上虞中学,颗粒物(PM10),51,51,29,26,15,98,NA,127,124,28,21,5,5,0.6,0.6
2026-09-07T2100,3416A,119.1758,36.7139,潍坊市,潍坊学院,,29,22,34,0,14,90,NA,148,134,9,17,5,7,0.3,0.4
2026-09-07T2100,3418A,116.8336,40.4095,北京市,密云新城,,16,7,32,4,19,51,NA,79,65,5,6,3,3,0.3,0.5
2026-09-07T2100,3419A,109.9449,40.6259,包头市,包头市委党校,,13,6,10,6,6,40,NA,63,46,15,10,1,2,0.3,0.3
2026-09-07T2100,3421A,113.1776,40.9779,乌兰察布市,市委党校,二氧化硫(SO2),64,19,25,14,12,46,NA,79,54,20,9,243,24,0.5,0.3
2026-09-07T2100,3422A,118.8443,31.919,南京市,江宁彩虹桥,,30,28,22,5,4,96,NA,135,126,16,12,4,4,0.4,0.4
2026-09-07T2100,3425A,120.642,31.1733,苏州市,越秀幼儿园,NA,NA,NA,22,NA,9,NA,NA,132,124,30,14,5,5,NA,0.6
2026-09-07T2100,3426A,118.8757,33.2897,淮安市,新华书店,,33,33,29,18,12,90,NA,129,122,17,11,10,12,0.9,0.8
2026-09-07T2100,3427A,118.8497,32.3599,南京市,六合雄州,,40,40,23,15,5,58,NA,109,97,23,14,4,4,0.7,0.7
2026-09-07T2100,3429A,119.8595,31.706,常州市,武进经发区,,22,22,26,9,11,69,NA,126,108,19,13,6,7,0.4,0.4
2026-09-07T2100,3430A,119.5812,31.7256,常州市,金坛城区,,27,11,21,11,10,84,NA,124,117,16,11,8,9,0.3,0.4
2026-09-07T2100,3431A,120.6502,31.4117,苏州市,高铁新城,,36,36,26,11,11,58,NA,116,101,28,21,7,8,0.5,0.7
2026-09-07T2100,3432A,120.9348,31.9874,南通市,环境教育馆,,22,22,14,7,2,68,NA,95,87,12,5,6,6,0.4,0.4
2026-09-07T2100,3434A,119.2414,34.6539,连云港市,工贸学校,,30,17,19,10,9,94,NA,139,126,7,9,7,7,0.6,0.6
2026-09-07T2100,3435A,119.9186,32.4322,泰州市,周山河街区,,24,14,15,8,9,75,NA,102,97,6,6,10,11,0.4,0.4
2026-09-07T2100,3436A,120.4283,33.2048,盐城市,大丰高级中学,NA,NA,9,10,2,5,NA,NA,93,91,6,6,7,8,0.2,0.3
2026-09-07T2100,3437A,88.3088,43.3637,乌鲁木齐市,达坂城区环保局,NA,NA,NA,22,30,7,117,NA,119,119,4,5,13,9,NA,0.2
2026-09-07T2100,3438A,87.6132,43.8791,乌鲁木齐市,红光山片区,,38,38,40,12,12,98,NA,105,105,18,28,2,2,0.2,0.2
2026-09-07T2100,3439A,87.7008,43.8003,乌鲁木齐市,新师大温泉校区,,45,45,40,29,8,104,NA,116,116,10,10,11,10,0.3,0.3
2026-09-07T2100,3440A,87.4892,43.84,乌鲁木齐市,大绿谷,,35,35,39,21,11,104,NA,109,109,17,23,2,2,0.3,0.4
2026-09-07T2100,3441A,87.5461,44.1909,五家渠市,经开区管委会,,36,36,49,9,12,95,NA,107,107,7,18,3,2,0.3,0.4
2026-09-07T2100,3442A,86.047,44.2331,石河子市,南区管委会,NA,NA,NA,40,NA,7,NA,NA,113,113,18,10,6,5,NA,0.4
2026-09-07T2100,3443A,113.2905,23.5541,广州市,花都梯面,,35,34,35,24,22,37,NA,92,79,14,13,6,7,/,/
2026-09-07T2100,3444A,116.4539,23.2684,汕头市,潮南峡山,,35,35,29,21,17,68,NA,92,87,10,11,8,7,0.6,0.6
2026-09-07T2100,3445A,113.786,23.7479,广州市,从化良口,,28,23,24,19,13,55,NA,81,73,7,6,6,6,/,/
2026-09-07T2100,3446A,113.805,23.2614,广州市,增城荔城,,26,26,26,16,20,25,NA,78,65,19,12,7,8,0.8,0.7
2026-09-07T2100,3447A,114.344,22.7115,深圳市,坪山,,44,28,34,19,21,140,NA,122,122,20,22,5,4,0.7,0.7
2026-09-07T2100,3448A,113.5436,22.1163,珠海市,横琴,,41,27,25,24,19,131,NA,172,167,6,8,/,/,/,/
2026-09-07T2100,3449A,113.0496,22.4669,江门市,新会银湖,,32,32,39,15,31,98,NA,148,142,16,24,3,3,0.7,0.9
2026-09-07T2100,3450A,111.0101,21.5165,茂名市,电白水东,,32,NA,11,10,13,100,NA,103,103,6,7,4,5,/,/
2026-09-07T2100,3451A,112.5617,23.2082,肇庆市,鼎湖凤凰,,26,26,21,18,13,48,NA,114,106,8,8,8,8,/,/
2026-09-07T2100,3452A,114.6521,22.7755,惠州市,大亚湾霞涌,臭氧1小时(O3_1h),65,16,23,16,20,172,NA,159,159,8,11,/,/,/,/
2026-09-07T2100,3453A,112.0125,21.8749,阳江市,阳东陶然,,25,13,14,8,14,80,NA,109,104,6,7,4,5,0.5,0.6
2026-09-07T2100,3454A,113.3527,22.4781,中山市,中山南区,,38,29,34,19,31,120,NA,177,168,14,17,6,7,0.6,0.6
2026-09-07T2100,3455A,113.076,23.72,清远市,清城东城,,47,47,26,27,17,61,NA,112,106,18,11,/,/,/,/
2026-09-07T2100,3456A,114.2887,38.0905,石家庄市,鹿泉一中,细颗粒物(PM2.5),72,75,66,46,30,102,NA,147,134,9,10,3,3,0.5,0.5
2026-09-07T2100,3457A,118.4357,39.277,唐山市,冀东油田职工医院,,40,40,36,11,20,52,NA,114,91,10,11,2,5,0.3,0.2
2026-09-07T2100,3458A,114.7893,36.5592,邯郸市,香泉濮院小区,颗粒物(PM10),72,80,67,38,42,142,NA,192,182,16,25,3,5,0.5,0.5
2026-09-07T2100,3459A,115.599,37.5491,衡水市,地表水厂,颗粒物(PM10),65,71,62,23,21,116,NA,150,144,19,27,2,4,0.6,0.5
2026-09-07T2100,3460A,117.4065,40.0583,天津市,北环路,,17,17,35,8,17,38,NA,100,79,6,10,4,6,0.2,0.4
2026-09-07T2100,3461A,117.3041,39.7167,天津市,建设路,,21,21,38,7,18,49,NA,121,98,9,15,3,5,0.5,0.6
2026-09-07T2100,3462A,117.8201,39.3519,天津市,滨水东路,,29,29,35,11,16,43,NA,134,111,8,19,8,9,0.7,0.5
2026-09-07T2100,3463A,116.9708,33.5911,宿州市,社会福利中心,,50,49,43,35,25,103,NA,167,158,30,20,8,10,0.6,0.6
2026-09-07T2100,3464A,117.3802,31.9148,合肥市,高教基地,,46,46,24,26,11,119,NA,131,128,12,10,7,8,0.5,0.5
2026-09-07T2100,3465A,118.4783,31.3226,芜湖市,清苑社区,,45,24,24,12,9,31,NA,127,108,89,24,5,5,0.4,0.4
2026-09-07T2100,3466A,118.2746,31.2326,芜湖市,扬子职业技术学院,,33,26,25,21,13,105,NA,152,144,16,13,5,6,0.4,0.5
2026-09-07T2100,3468A,115.79,32.8614,阜阳市,市规划展馆,,45,45,40,26,21,121,NA,155,147,12,14,5,5,0.5,0.5
2026-09-07T2100,3469A,115.835101,32.918568,阜阳市,枣园社区,,42,42,51,22,26,96,NA,158,148,34,34,5,5,0.5,0.5
2026-09-07T2100,3471A,113.6104,34.8688,郑州市,惠济区政府,颗粒物(PM10),69,76,74,42,42,126,NA,191,175,24,23,3,4,0.5,0.5
2026-09-07T2100,3473A,114.2485,34.8306,开封市,技师学院,颗粒物(PM10),64,69,75,33,41,142,NA,201,184,9,22,4,5,0.7,0.8
2026-09-07T2100,3474A,114.2616,35.6824,鹤壁市,大新区,细颗粒物(PM2.5),76,67,50,48,34,118,NA,187,172,24,10,4,5,0.6,0.5
2026-09-07T2100,3475A,113.9189,35.3042,新乡市,市政府,细颗粒物(PM2.5),70,70,72,45,41,139,NA,206,192,19,21,6,7,0.5,0.6
2026-09-07T2100,3477A,113.1656,35.2536,焦作市,中站许衡医院,臭氧1小时(O3_1h),79,70,54,32,27,183,NA,179,175,15,9,7,8,0.4,0.4
2026-09-07T2100,3478A,113.9691,33.568,漯河市,市图书馆,,37,34,63,24,35,117,NA,150,141,16,21,7,9,0.6,0.6
2026-09-07T2100,3481A,125.127,46.6277,大庆市,萨区政府监测点,,19,19,22,10,10,37,NA,54,52,11,3,6,6,0.3,0.3
2026-09-07T2100,3482A,107.754,29.3275,重庆市,芙蓉中路,,23,23,19,16,11,47,NA,88,72,12,12,10,10,0.5,0.5
2026-09-07T2100,3484A,106.2629,29.3202,重庆市,行政中心,颗粒物(PM10),55,57,32,35,13,60,NA,116,108,31,11,16,12,0.5,0.3
2026-09-07T2100,3486A,124.4029,43.1411,四平市,植物园,,29,NA,25,20,17,30,NA,57,39,5,18,2,4,0.4,0.4
2026-09-07T2100,3488A,104.387954,30.746684,成都市,青白江技师分院,NA,NA,NA,75,NA,52,49,NA,103,98,34,24,5,5,1.0,0.9
2026-09-07T2100,3489A,104.0788,30.4054,成都市,科学城,,49,49,45,34,44,97,NA,134,132,14,16,8,8,1.0,1.1
2026-09-07T2100,3491A,104.6899,31.5324,绵阳市,西科大附属小学,颗粒物(PM10),53,53,52,36,34,82,NA,121,116,28,18,10,9,0.6,0.6
2026-09-07T2100,3492A,104.5647,31.5343,绵阳市,安州区旅游局,细颗粒物(PM2.5),62,58,58,41,38,90,NA,116,112,14,14,7,7,0.4,0.4
2026-09-07T2100,3494A,117.1673,36.9782,济南市,济阳区政府,,42,42,44,15,19,104,NA,142,138,12,20,7,16,0.3,0.5
2026-09-07T2100,3495A,117.1168,36.6299,济南市,锦屏中学,,46,46,36,16,16,135,NA,181,175,15,14,10,6,0.5,0.5
2026-09-07T2100,3496A,118.359,35.1067,临沂市,南坊新区,颗粒物(PM10),55,56,39,23,19,112,NA,205,193,27,21,8,11,0.6,0.6
2026-09-07T2100,3498A,118.5063,37.8606,东营市,河口城区,,25,22,22,6,6,80,NA,126,115,5,8,2,5,0.6,0.6
2026-09-07T2100,3500A,116.5808,35.3703,济宁市,北湖一中,臭氧1小时(O3_1h),62,61,63,29,36,169,NA,215,201,11,17,3,4,0.4,0.5
2026-09-07T2100,3501A,116.8251,35.5592,济宁市,服务中心,颗粒物(PM10),58,60,56,30,33,133,NA,193,178,18,16,6,5,0.7,0.8
2026-09-07T2100,3502A,117.1812,36.2273,泰安市,国网新校,NA,NA,NA,33,NA,22,NA,NA,174,173,8,7,7,8,NA,0.5
2026-09-07T2100,3503A,117.0315,36.2017,泰安市,交通技校,臭氧1小时(O3_1h),69,39,44,19,23,175,NA,202,200,16,16,10,8,0.4,0.4
2026-09-07T2100,3504A,117.083,36.13,泰安市,山东第一医科大学,颗粒物(PM10),58,61,50,30,26,139,NA,191,181,24,17,11,10,0.5,0.4
2026-09-07T2100,3505A,122.1379,37.3414,威海市,临港区管委会,,23,12,13,7,6,73,NA,101,98,10,9,6,7,0.3,0.3
2026-09-07T2100,3507A,119.5326,35.4627,日照市,职业技术学院,,30,17,15,11,6,93,NA,136,123,9,13,8,9,0.3,0.3
2026-09-07T2100,3511A,116.5687,37.3331,德州市,陵城艺术中心,,41,41,44,14,17,108,NA,136,128,8,15,9,14,0.6,0.7
2026-09-07T2100,3513A,116.0443,36.436,聊城市,九州社区,颗粒物(PM10),60,64,72,12,32,139,NA,191,174,20,21,10,13,0.5,0.5
2026-09-07T2100,3514A,117.9379,37.3959,滨州市,中海酒店,,38,12,23,3,8,119,NA,143,136,11,18,6,7,0.2,0.3
2026-09-07T2100,3515A,117.9381509,37.35547456,滨州市,开发区一中,,33,22,30,4,8,105,NA,142,133,6,8,4,5,0.2,0.2
2026-09-07T2100,3516A,118.0914,37.6938,滨州市,金海六路,,32,19,26,6,13,100,NA,131,128,6,15,2,3,0.7,0.1
2026-09-07T2100,3520A,106.3495,38.9837,石嘴山市,妇女儿童医院,,14,8,25,3,21,43,NA,51,43,10,18,4,8,0.4,1
2026-09-07T2100,3521A,106.7495,39.2068,石嘴山市,石大公路,,19,16,39,13,16,37,NA,50,33,16,25,5,9,0.7,1.3
2026-09-07T2100,3523A,106.5105,38.3857,银川市,滨河新区,,14,NA,22,7,15,43,NA,63,40,9,10,6,6,0.4,0.5
2026-09-07T2100,3525A,108.6394,34.408,咸阳市,奥体中心,细颗粒物(PM2.5),121,87,69,83,50,95,NA,174,159,17,11,5,6,0.7,0.6
2026-09-07T2100,3526A,119.5188,25.9666,福州市,吴航,,40,24,24,12,12,128,NA,137,134,7,8,7,7,0.5,0.6
2026-09-07T2100,3527A,118.0961,24.5689,厦门市,集美中学,,40,24,20,12,12,125,NA,143,138,8,8,2,2,0.2,0.3
2026-09-07T2100,3528A,118.1502,24.7246,厦门市,同安二实小,,35,17,13,13,12,109,NA,139,131,7,5,2,2,0.6,0.6
2026-09-07T2100,3530A,117.6288,24.5309,漳州市,西洋坪路,,34,26,30,12,17,106,NA,119,112,3,6,5,5,0.5,0.6
2026-09-07T2100,3531A,110.296,25.1254,桂林市,旅游学院,,40,40,31,25,25,27,NA,86,73,26,14,3,4,0.8,0.7
2026-09-07T2100,3532A,110.1951,22.6832,玉林市,玉林师范学院东校区,,21,21,21,14,15,59,NA,112,101,5,7,3,4,0.4,0.5
2026-09-07T2100,3533A,110.0527,22.5894,玉林市,福绵环保局,,24,21,26,16,15,75,NA,117,108,14,11,5,7,0.7,0.7
2026-09-07T2100,3534A,111.4744,24.455,贺州市,西湾,颗粒物(PM10),58,61,36,24,20,39,NA,79,71,18,11,12,12,0.5,0.5
2026-09-07T2100,3535A,109.1781,23.7293,来宾市,兴宾区政府,,23,23,30,13,19,55,NA,99,94,12,11,6,8,0.6,0.7
2026-09-07T2100,3538A,107.5175,26.2977,黔南布依族苗族自治州,沙坝,,19,19,11,10,7,55,NA,68,66,4,5,3,3,0.4,0.4
2026-09-07T2100,3539A,110.5111,19.9737,海口市,桂林洋子站,NA,NA,24,25,14,15,NA,NA,91,87,5,6,/,/,/,/
2026-09-07T2100,3540A,109.7348,18.3443,三亚市,君悦子站,,22,22,20,14,9,40,NA,82,67,12,11,4,4,0.7,0.7
2026-09-07T2100,3541A,109.5726195,19.51688767,儋州市,第一中学子站,,28,28,19,19,11,65,NA,80,78,6,4,4,4,0.5,0.5
2026-09-07T2100,3542A,109.5567,19.5187,儋州市,东坡学校子站,,33,NA,18,23,13,60,NA,78,74,6,4,3,3,0.5,0.4
2026-09-07T2100,3544A,121.4891,30.925,上海市,奉贤南桥新城,,31,31,26,16,13,71,NA,98,89,20,17,3,4,0.3,0.2
2026-09-07T2100,3545A,110.8053,32.8401,十堰市,郧阳区金沙路,颗粒物(PM10),53,53,40,36,29,138,NA,155,153,16,9,9,8,0.5,0.5
2026-09-07T2100,3546A,111.4606,30.5519,宜昌市,猇亭区张家湾站,颗粒物(PM10),56,58,49,32,28,124,NA,166,159,8,11,10,9,0.5,0.3
2026-09-07T2100,3547A,112.1631,31.0134,荆门市,龙泉中学南校,细颗粒物(PM2.5),70,52,48,45,33,131,NA,168,165,13,12,7,6,1.0,0.9
2026-09-07T2100,3549A,109.5061,30.3771,恩施土家族苗族自治州,龙凤新区,NA,NA,NA,31,50,26,NA,NA,133,122,11,7,7,6,0.6,0.4
2026-09-07T2100,3550A,102.8,24.9787,昆明市,昆明学院,,35,35,29,23,15,70,NA,102,98,20,13,6,5,0.6,0.5
2026-09-07T2100,3551A,102.5969,24.6738,昆明市,晋宁区生态环境分局,,48,46,21,33,20,95,NA,106,105,10,8,8,6,0.4,0.3
2026-09-07T2100,3552A,102.6673,24.9861,昆明市,云天化总部,,36,33,26,25,16,89,NA,107,107,9,8,6,5,0.7,0.6
2026-09-07T2100,3557A,119.9463,30.0496,杭州市,镇二中,细颗粒物(PM2.5),76,60,22,48,15,77,NA,116,111,28,15,7,6,0.5,0.5
2026-09-07T2100,3558A,119.7184,30.2367,杭州市,市府大楼,细颗粒物(PM2.5),94,NA,19,57,14,72,NA,113,109,13,9,7,7,0.7,0.6
2026-09-07T2100,3560A,120.4715,30.0414,绍兴市,柯桥妇保,,39,39,28,23,15,90,NA,141,132,15,12,7,7,0.5,0.6
2026-09-07T2100,3561A,120.6985,27.9252,温州市,茶山,,32,32,30,18,17,100,NA,114,110,16,17,/,/,/,/
2026-09-07T2100,3562A,120.4146,30.8538,湖州市,南浔区站,NA,NA,27,21,18,10,120,NA,149,147,NA,9,8,8,0.4,0.5
2026-09-07T2100,3564A,121.25678,28.66823971,台州市,台州科技职业学院,,38,27,23,23,13,119,NA,124,124,10,7,8,8,0.5,0.4
2026-09-07T2100,3565A,113.1371,40.1122,大同市,云冈站,,14,9,32,6,10,42,NA,74,48,7,14,6,7,0.2,0.4
2026-09-07T2100,3566A,113.1186,40.2556,大同市,图书馆,,15,14,31,7,10,45,NA,72,48,5,10,7,8,0.6,0.7
2026-09-07T2100,3567A,113.5931,40.0459,大同市,区一中,,19,8,22,4,11,58,NA,84,64,8,10,10,11,0.5,0.5
2026-09-07T2100,3568A,113.0603,36.0464,长治市,向阳小学,颗粒物(PM10),80,92,77,31,27,139,NA,172,165,9,8,10,10,0.6,0.6
2026-09-07T2100,3569A,112.8788,36.315,长治市,屯留一中,"颗粒物(PM10),细颗粒物(PM2.5)",52,52,46,36,27,146,NA,174,161,14,15,14,14,0.7,0.5
2026-09-07T2100,3571A,112.2938,39.5296,朔州市,一水厂,,28,23,51,19,15,46,NA,62,50,13,31,1,3,0.8,0.6
2026-09-07T2100,3575A,118.0927,39.5807,唐山市,正泰大街热力站,NA,NA,112,51,9,17,NA,NA,136,117,2,9,4,4,0.7,0.4
2026-09-07T2100,3576A,118.1561,39.8322,唐山市,丰润区政府,,22,22,55,2,12,43,NA,104,82,5,18,7,9,0.6,0.9
2026-09-07T2100,3577A,118.436906,39.73802,唐山市,金山小学,颗粒物(PM10),52,52,62,13,23,47,NA,109,82,10,18,9,10,0.6,0.5
2026-09-07T2100,3578A,118.2449,39.6693,唐山市,政府服务中心,,42,42,68,13,21,43,NA,119,92,11,17,10,5,0.8,0.6
2026-09-07T2100,3580A,114.1998,36.4439,邯郸市,峰峰矿区临水派出所,细颗粒物(PM2.5),76,63,54,48,32,175,NA,181,178,11,12,11,20,0.5,0.8
2026-09-07T2100,3581A,115.3136,38.9511,保定市,满城区生态环境分局,细颗粒物(PM2.5),52,NA,60,36,40,106,NA,145,137,5,11,3,4,0.5,0.6
2026-09-07T2100,3582A,115.4709,38.7628,保定市,清苑区第二中学,,42,36,62,29,31,109,NA,151,144,5,18,3,5,0.4,0.3
2026-09-07T2100,3583A,115.6231,39.0223,保定市,徐水物探局,,43,NA,56,30,31,79,NA,147,134,8,19,2,3,0.3,0.4
2026-09-07T2100,3590A,113.8362,34.566,郑州市,北区建设指挥部,颗粒物(PM10),89,104,82,41,43,128,NA,198,177,24,25,6,8,0.5,0.5
2026-09-07T2100,3591A,113.3029,34.8041,郑州市,上街区政府,细颗粒物(PM2.5),96,98,81,58,48,123,NA,183,168,20,22,7,8,0.7,0.7
2026-09-07T2100,3592A,114.4518,34.7503,开封市,祥符区生态环境局,颗粒物(PM10),103,127,92,50,51,24,NA,196,142,89,40,3,4,0.7,0.7
2026-09-07T2100,3593A,112.5736,34.8993,洛阳市,吉利监测站,细颗粒物(PM2.5),62,63,75,41,43,149,NA,180,170,18,29,12,12,0.5,0.7
2026-09-07T2100,3594A,112.8736,33.9068,平顶山市,石龙区,NA,NA,86,97,41,46,NA,NA,163,151,21,45,10,10,0.6,0.7
2026-09-07T2100,3596A,114.1573,35.9607,鹤壁市,南山宾馆,细颗粒物(PM2.5),88,80,52,54,40,129,NA,185,171,30,10,7,8,0.8,0.8
2026-09-07T2100,3598A,111.1031,34.719,三门峡市,富达温泉假日酒店,颗粒物(PM10),66,72,70,37,43,151,NA,155,152,18,16,8,10,0.8,0.8
2026-09-07T2100,3599A,106.2648,29.9853,重庆市,书院路,细颗粒物(PM2.5),86,NA,22,53,25,84,NA,119,114,11,12,7,10,0.9,0.7
2026-09-07T2100,3600A,106.2334,29.5583,重庆市,虎峰,,42,42,33,27,13,125,NA,146,144,14,9,8,9,0.7,0.6
2026-09-07T2100,3601A,106.0497,29.8345,重庆市,龙门街,,48,48,31,28,15,136,NA,156,156,13,13,14,10,0.8,0.6
2026-09-07T2100,3604A,119.3267,35.1043,日照市,岚山环保分局,,31,14,21,4,7,99,NA,142,126,14,13,8,14,0.4,0.7
2026-09-07T2100,3605A,109.1019,34.5302,西安市,无线电监控中心,细颗粒物(PM2.5),102,97,69,62,47,NA,NA,162,160,NA,19,9,9,1.0,0.9
2026-09-07T2100,3610A,105.5931,29.4105,重庆市,昌元,细颗粒物(PM2.5),64,67,38,42,24,96,NA,122,120,24,13,9,9,0.7,0.6
2026-09-07T2100,3612A,85.1045,45.6895,克拉玛依市,白碱滩区新站,,32,18,26,10,6,101,NA,107,107,6,6,6,6,0.3,0.3
2026-09-07T2100,3613A,87.3069,44.0093,昌吉回族自治州,亚心广场,,30,27,41,8,10,93,NA,110,110,17,30,8,9,0.2,0.4
2026-09-07T2100,3614A,79.9241,37.0878,和田地区,地区环保局,NA,NA,NA,153,38,53,104,NA,107,107,6,9,2,1,0.5,0.6
2026-09-07T2100,3615A,79.9132,37.1137,和田地区,市环保局,颗粒物(PM10),87,101,145,42,55,103,NA,109,109,2,3,3,2,0.3,0.5
2026-09-07T2100,3616A,106.7617,31.8343,巴中市,市中心医院,细颗粒物(PM2.5),110,76,76,70,44,67,NA,120,111,20,16,10,8,1.1,1
2026-09-07T2100,3617A,105.8047,32.4167,广元市,经开区,,44,44,50,29,33,87,NA,108,100,21,19,6,6,0.5,0.5
2026-09-07T2100,3618A,112.4702,37.7821,太原市,金胜,,34,34,48,22,24,82,NA,105,98,12,16,7,10,0.4,0.3
2026-09-07T2100,3619A,113.6169,37.8565,阳泉市,龙柱,细颗粒物(PM2.5),58,56,92,39,46,106,NA,110,110,18,37,3,18,1.0,1.4
2026-09-07T2100,3620A,112.8258,35.4804,晋城市,泽州一中,"颗粒物(PM10),臭氧1小时(O3_1h)",58,60,65,29,27,166,NA,180,174,10,15,7,6,0.5,0.6
2026-09-07T2100,3622A,113.5556,24.8082,韶关市,碧湖山庄,,38,31,38,26,24,63,NA,89,80,11,9,7,8,0.6,0.9
2026-09-07T2100,3623A,113.8952,22.586,深圳市,西乡,细颗粒物(PM2.5),88,81,39,54,26,120,NA,174,169,72,36,7,4,0.8,0.7
2026-09-07T2100,3624A,116.4069,23.2533,汕头市,潮南子站,,30,30,27,18,14,73,NA,90,84,7,8,7,7,/,/
2026-09-07T2100,3625A,113.2568,22.7629,佛山市,容桂街道办,细颗粒物(PM2.5),64,61,44,42,37,116,NA,176,176,42,37,/,/,/,/
2026-09-07T2100,3628A,112.0335,22.9376,云浮市,文笔,,40,40,32,26,16,68,NA,93,93,8,13,6,10,0.5,0.5
2026-09-07T2100,3629A,101.8304,36.5785,西宁市,世纪职校,,22,NA,10,15,10,63,NA,84,80,12,9,8,4,0.7,0.6
2026-09-07T2100,3633A,118.4914,31.681,马鞍山市,雨山,,34,34,28,14,12,96,NA,153,140,18,13,8,8,0.7,0.8
2026-09-07T2100,3635A,112.3678,34.6623,洛阳市,河科大西苑校区,颗粒物(PM10),76,86,85,47,51,158,NA,194,186,17,25,10,12,0.9,1
2026-09-07T2100,3636A,112.4387,34.678,洛阳市,英才小学,"颗粒物(PM10),细颗粒物(PM2.5)",88,102,83,54,47,127,NA,178,168,21,21,9,9,0.7,0.7
2026-09-07T2100,3637A,131.0136,45.7688,七台河市,人民广场,,22,NA,21,15,7,34,NA,62,47,4,9,6,6,0.7,0.6
2026-09-07T2100,3638A,104.7637,29.3373,自贡市,轻化工大学,细颗粒物(PM2.5),82,NA,38,51,32,111,NA,149,146,13,16,12,11,0.7,0.7
2026-09-07T2100,3642A,120.3454,36.0735,青岛市,市北区南部,,35,14,16,5,5,109,NA,133,124,6,11,6,6,0.4,0.4
2026-09-07T2100,3643A,120.3897,36.18,青岛市,李沧区北部,,33,24,22,11,8,105,NA,138,126,16,16,4,4,0.6,0.6
2026-09-07T2100,3644A,117.8662,36.8049,淄博市,三金集团,,34,32,42,9,15,108,NA,150,145,15,24,8,10,0.3,0.5
2026-09-07T2100,3645A,118.0259,36.8409,淄博市,东风化工厂,,41,41,50,8,16,112,NA,161,146,16,24,5,8,0.4,0.6
2026-09-07T2100,3646A,118.4979,37.4623,东营市,胜利站,,29,16,26,0,7,90,NA,124,118,6,9,3,4,0.1,0.2
2026-09-07T2100,3648A,106.2176,37.9832,吴忠市,文卫南街,,40,40,53,3,27,32,NA,62,36,10,10,6,6,0.6,0.7
2026-09-07T2100,3650A,105.1696,37.5164,中卫市,沙坡头区政府站,,20,5,35,2,14,63,NA,65,57,3,4,4,4,0.3,0.4
2026-09-07T2100,3654A,114.8093,30.4091,鄂州市,精准医疗中心,NA,NA,52,36,30,23,124,NA,175,171,14,14,NA,15,0.7,0.5
2026-09-07T2100,3655A,114.3379,29.8683,咸宁市,长江产业园,NA,NA,42,37,35,24,NA,NA,130,127,15,11,5,4,0.3,0.3
2026-09-07T2100,3656A,120.1554,30.2863,杭州市,消防大队,,34,17,21,13,11,108,NA,133,131,19,13,8,8,0.6,0.7
2026-09-07T2100,3658A,120.6156,30.0762,绍兴市,袍江中学,,41,41,28,19,14,119,NA,132,130,20,14,8,7,0.5,0.5
2026-09-07T2100,3659A,119.656,29.1132,金华市,气象局,颗粒物(PM10),54,55,39,34,21,92,NA,136,119,23,19,9,5,0.7,0.6
2026-09-07T2100,3662A,123.6341,47.2079,齐齐哈尔市,富区青少年活动中心,颗粒物(PM10),96,114,20,17,5,2,NA,46,38,39,7,5,3,0.6,0.3
2026-09-07T2100,3663A,124.117,50.4279,大兴安岭地区,红旗社区,,11,7,7,4,6,34,NA,51,46,3,3,4,5,0.1,0.1
2026-09-07T2100,3664A,119.4171,34.734,连云港市,连云街道,,36,18,22,8,9,113,NA,128,124,7,13,8,10,0.5,0.5
2026-09-07T2100,3665A,76.1654,39.7157,克孜勒苏柯尔克孜自治州,克州文化中心,颗粒物(PM10),58,60,52,18,19,104,NA,108,108,7,7,6,2,0.1,0.1
2026-09-07T2100,3667A,111.0279,35.0543,运城市,水利职院,臭氧1小时(O3_1h),57,57,58,36,32,165,NA,157,157,8,8,9,7,0.7,0.7
2026-09-07T2100,3669A,114.4706,36.0634,安阳市,左辅环卫站,颗粒物(PM10),90,105,74,39,37,137,NA,177,169,14,20,6,7,0.6,0.7
2026-09-07T2100,3670A,111.0522,35.0439,运城市,禹都公园,臭氧1小时(O3_1h),77,57,56,40,33,181,NA,173,170,8,7,10,7,0.6,0.6
2026-09-07T2100,3671A,116.0879,39.9725,北京市,门头沟三家店,,17,6,49,3,28,52,NA,121,92,10,21,2,2,0.4,0.7
2026-09-07T2100,3672A,116.1507,39.8246,北京市,丰台云岗,,16,16,52,7,26,46,NA,104,78,7,17,3,3,0.3,0.5
2026-09-07T2100,3674A,115.9578,39.7602,北京市,房山燕山,,17,17,49,10,30,47,NA,109,83,8,11,3,3,0.3,0.5
2026-09-07T2100,3675A,116.4669,39.7734,北京市,大兴旧宫,,17,17,68,6,22,53,NA,114,100,5,15,3,4,0.5,0.7
2026-09-07T2100,3677A,98.5887,24.4366,德宏傣族景颇族自治州,芒市人民政府综合楼,颗粒物(PM10),72,80,41,39,17,46,NA,69,66,15,9,9,9,1.0,0.9
2026-09-07T2100,3678A,116.5907,35.4054,济宁市,市第七中学,颗粒物(PM10),58,60,66,22,34,152,NA,202,188,13,17,5,6,0.5,0.5
2026-09-07T2100,3683A,109.8332,40.6577,包头市,昆区政府,,15,12,12,7,8,48,NA,58,46,14,10,4,5,0.4,0.4
2026-09-07T2100,3684A,130.8639,45.8144,七台河市,新建矿广场,,16,14,25,11,8,32,NA,64,48,5,16,4,4,0.9,0.7
2026-09-07T2100,3685A,117.897,28.4316,上饶市,双创科技城,,32,32,35,17,20,89,NA,137,122,12,10,3,7,0.5,0.5
2026-09-07T2100,3689A,113.9002,35.372,新乡市,行政服务中心,NA,NA,NA,70,NA,41,NA,NA,201,191,16,20,27,10,NA,1
2026-09-07T2100,3690A,115.9718,28.7032,南昌市,外国语学校,,42,31,29,18,18,134,NA,128,128,13,17,7,7,0.9,0.9
2026-09-07T2100,3692A,118.2043,39.6703,唐山市,消防缸窑路中队,,44,44,71,15,20,44,NA,119,92,11,18,15,9,0.6,0.5
2026-09-07T2100,3693A,118.1432,39.6203,唐山市,路南电大,,43,43,51,22,23,44,NA,127,99,4,7,10,4,0.8,0.5
2026-09-07T2100,3694A,115.9859,40.4562,北京市,延庆石河营,,15,4,39,2,26,47,NA,84,68,5,10,3,3,0.3,0.5
2026-09-07T2100,3695A,116.6151,40.3052,北京市,怀柔新城,,17,10,36,5,23,54,NA,79,63,3,8,2,3,0.2,0.5
2026-09-07T2100,3696A,116.2542,39.8764,北京市,丰台小屯,,16,15,49,6,24,49,NA,107,85,8,20,2,2,0.3,0.6
2026-09-07T2100,3697A,116.8399,40.3843,北京市,密云镇,,16,8,35,3,18,49,NA,76,64,4,11,3,4,0.2,0.5
2026-09-07T2100,3699A,111.6519,40.8389,呼和浩特市,海东办,,17,7,11,5,6,52,NA,65,59,9,11,8,8,0.3,0.3
2026-09-07T2100,3701A,116.9647,33.6252,宿州市,皖北煤电集团,细颗粒物(PM2.5),56,57,38,38,19,131,NA,174,170,19,13,9,10,0.5,0.5
2026-09-07T2100,3706A,122.2584,43.6333,通辽市,老干部活动中心,,33,33,33,9,12,47,NA,61,49,10,6,8,10,0.6,0.6
2026-09-07T2100,3707A,131.0069,45.2988,鸡西市,欧美日汽修厂,NA,NA,NA,32,9,11,49,NA,71,57,3,12,3,4,0.5,0.4
2026-09-07T2100,3708A,122.2923,43.6189,通辽市,东方明珠社区,,28,28,38,7,12,51,NA,61,50,9,10,6,8,0.4,0.5
2026-09-07T2100,3710A,121.5593,29.8976,宁波市,白沙活动中心,,29,17,17,7,10,91,NA,137,132,8,8,11,11,0.4,0.4
2026-09-07T2100,3713A,124.3286,43.1726,四平市,世纪城,,32,NA,31,22,20,26,NA,75,41,10,14,5,6,0.4,0.4
2026-09-07T2100,3715A,117.3091,32.9314,蚌埠市,蚌埠田家炳中学,,41,41,44,23,16,110,NA,158,150,10,16,8,8,0.5,0.5
2026-09-07T2100,3719A,97.1707,31.1428,昌都市,昌都会议中心,,21,16,8,10,4,67,NA,62,62,4,5,3,3,0.3,0.3
2026-09-07T2100,3726A,88.8775,29.2425,日喀则市,林业技术推广中心,NA,NA,10,7,2,2,NA,NA,80,75,4,3,5,5,0.3,0.2
2026-09-07T2100,3728A,104.6701,28.8053,宜宾市,白酒学院,细颗粒物(PM2.5),88,70,47,54,38,99,NA,112,109,15,15,7,8,0.7,0.9
2026-09-07T2100,3734A,118.5753,37.4405,东营市,理想之城,,27,5,18,0,6,86,NA,122,116,4,13,3,2,0.6,0.7
2026-09-07T2100,3860A,118.3915,35.0297,临沂市,皇山花园小区,,36,36,36,19,18,112,NA,194,183,21,21,11,14,0.6,0.6
2026-09-07T2100,3861A,119.2046,36.7696,潍坊市,寒亭区实验一小,,29,29,35,8,14,63,NA,146,129,31,28,3,4,0.4,0.5
2026-09-07T2100,3866A,122.2469,40.663,营口市,三高中,,24,24,33,8,15,52,NA,49,44,6,16,10,10,0.5,0.5
2026-09-07T2100,3867A,102.074,36.5056,海东市,平安区公安局北苑,,26,18,19,18,11,69,NA,84,81,8,9,8,6,0.6,0.5
2026-09-07T2100,3981A,113.2456,35.18,焦作市,原李万街道办,臭氧1小时(O3_1h),82,73,71,43,34,185,NA,189,188,17,21,3,4,0.4,0.4
2026-09-07T2100,3994A,102.2174,31.9016,阿坝藏族羌族自治州,马尔康中学西区,,15,NA,7,10,11,29,NA,61,51,6,3,4,4,0.3,0.2
2026-09-07T2100,4002A,109.2312,23.7428,来宾市,中南小学,,34,34,29,11,19,39,NA,85,77,23,17,7,8,0.7,0.7
2026-09-07T2100,4004A,115.4199,38.8665,保定市,双鹰农机,,40,30,61,28,38,98,NA,143,135,6,17,3,2,0.4,0.5
2026-09-07T2100,4006A,122.3622,40.6762,营口市,老边实验小学,,19,9,37,7,18,59,NA,58,51,7,19,7,10,0.6,1
2026-09-07T2100,4008A,112.5233,32.9921,南阳市,卧龙区政府,,44,44,55,15,25,115,NA,165,148,19,12,7,7,0.9,0.9
2026-09-07T2100,4010A,112.5608,37.8807,太原市,育英中学,,35,NA,49,24,26,89,NA,97,91,8,23,8,11,0.4,0.6
2026-09-07T2100,4011A,103.8505,30.6946,成都市,光华大道三段,细颗粒物(PM2.5),70,71,54,45,38,130,NA,138,138,15,12,5,7,0.9,0.8
2026-09-07T2100,4017A,116.7926,33.9534,淮北市,市博物馆,颗粒物(PM10),63,67,44,41,25,142,NA,177,170,18,12,29,10,0.7,0.6
2026-09-07T2100,4018A,116.0564,36.4609,聊城市,星美广场,颗粒物(PM10),65,71,75,16,36,112,NA,192,169,27,23,11,11,0.5,0.6
2026-09-07T2100,4022A,102.1648,38.5369,金昌市,金川区人防中心,NA,NA,NA,1,10,5,89,NA,80,80,5,4,1,3,0.2,0.2
2026-09-07T2100,4024A,114.6491,37.9014,石家庄市,栾城区星河路,颗粒物(PM10),60,64,58,34,32,117,NA,145,141,15,20,5,4,0.6,0.5
2026-09-07T2100,4027A,75.9485,39.4688,喀什地区,老干局,NA,NA,42,64,13,14,NA,NA,84,83,9,21,4,4,0.2,0.2
2026-09-07T2100,4028A,117.9955,37.3752,滨州市,滨州市西街道办事处,,33,19,24,5,7,103,NA,134,125,12,14,4,6,0.1,0.1
2026-09-07T2100,4033A,122.3124,29.9619,舟山市,普陀东港中学,,32,14,14,7,5,101,NA,103,101,5,6,7,7,0.7,0.7
2026-09-07T2100,4034A,115.515,38.8589,保定市,植保所站,,42,42,53,26,31,106,NA,155,149,9,22,3,3,0.6,0.6
2026-09-07T2100,4036A,116.646,23.676,潮州市,金山,,26,24,25,18,17,65,NA,120,107,14,9,4,4,0.5,0.5
2026-09-07T2100,4051A,86.0791,44.3018,石河子市,世纪广场,,33,19,30,11,4,104,NA,123,122,13,12,5,5,0.8,0.8
2026-09-07T2100,4054A,109.0324,32.6913,安康市,市邮政管理局,细颗粒物(PM2.5),104,86,47,64,28,79,NA,165,142,21,10,7,5,1.2,0.9
2026-09-07T2100,4055A,108.8869,34.2662,西安市,行知小学,细颗粒物(PM2.5),110,110,76,70,46,111,NA,192,184,28,18,5,5,0.9,0.7
2026-09-07T2100,4056A,108.6601,34.3767,咸阳市,五陵塬路2号,细颗粒物(PM2.5),127,125,79,89,52,93,NA,176,159,18,17,7,9,0.9,0.7
2026-09-07T2100,4057A,115.9423,40.4431,北京市,延庆百泉,,18,4,43,2,26,57,NA,86,69,7,14,1,3,0.6,0.8
2026-09-07T2100,4058A,116.6598,39.9164,北京市,通州新华,,16,10,39,3,21,49,NA,101,87,6,14,4,5,0.3,0.6
2026-09-07T2100,4059A,114.4563,38.0365,石家庄市,裕华西路63号,NA,NA,66,52,37,29,NA,NA,150,146,12,15,3,6,0.5,0.5
2026-09-07T2100,4060A,114.5586,38.0581,石家庄市,和平路363号,细颗粒物(PM2.5),62,49,49,41,31,116,NA,152,141,13,16,3,3,0.5,0.5
2026-09-07T2100,4061A,114.8347,38.0213,石家庄市,廉州西路160号,细颗粒物(PM2.5),68,73,66,44,35,79,NA,152,138,18,18,2,3,0.6,0.5
2026-09-07T2100,4062A,114.4498,38.0729,石家庄市,北城路41号,NA,NA,78,57,35,28,NA,NA,149,141,15,20,4,6,0.7,0.7
2026-09-07T2100,4063A,115.2124,37.9433,辛集市,市政府,颗粒物(PM10),61,65,58,30,25,129,NA,162,151,17,22,2,7,0.3,0.4
2026-09-07T2100,4064A,115.2008,37.9338,辛集市,城管大队,颗粒物(PM10),63,67,52,37,28,118,NA,153,144,15,17,4,8,0.4,0.5
2026-09-07T2100,4065A,118.1267,39.6579,唐山市,光明北路515号,,20,20,33,11,17,45,NA,124,97,13,15,12,8,0.5,0.4
2026-09-07T2100,4066A,119.7458,39.9952,秦皇岛市,南园路157号,,37,37,38,8,12,55,NA,76,58,6,23,6,8,0.2,0.3
2026-09-07T2100,4067A,119.5131,39.8858,秦皇岛市,翠岛大街1号,,20,20,35,10,13,56,NA,80,65,4,15,5,8,0.3,0.4
2026-09-07T2100,4068A,114.5209,36.7697,邯郸市,建安街268号,颗粒物(PM10),71,79,72,38,35,120,NA,187,172,26,26,3,6,0.4,0.5
2026-09-07T2100,4069A,114.5488,36.6177,邯郸市,丛台东路558号,颗粒物(PM10),72,80,63,45,36,138,NA,199,189,19,35,4,8,0.5,0.6
2026-09-07T2100,4070A,114.5558,37.0578,邢台市,襄都区政府南院,细颗粒物(PM2.5),70,66,50,45,30,118,NA,174,163,11,11,2,3,0.6,0.7
2026-09-07T2100,4071A,114.9883,38.5232,定州市,交通局,颗粒物(PM10),66,72,78,42,32,97,NA,144,132,17,24,2,4,0.7,0.6
2026-09-07T2100,4072A,115.0045,38.5136,定州市,第五中学,细颗粒物(PM2.5),70,76,78,45,32,105,NA,140,132,12,23,6,7,0.4,0.4
2026-09-07T2100,4073A,117.9462,40.95,承德市,杏林街1号,,10,NA,34,7,25,29,NA,56,48,5,10,5,5,0.3,0.5
2026-09-07T2100,4074A,112.449,37.8509,太原市,西矿街336号,,28,24,48,18,25,87,NA,106,103,15,19,8,9,0.7,0.8
2026-09-07T2100,4075A,112.4792,37.9393,太原市,迎宾北路9号,,29,23,47,20,24,86,NA,99,91,9,18,5,9,0.4,0.4
2026-09-07T2100,4076A,112.551,37.8575,太原市,迎泽大街248号,,27,27,49,17,26,85,NA,94,91,12,21,10,13,0.8,1
2026-09-07T2100,4077A,113.588,37.8712,阳泉市,宁波路,细颗粒物(PM2.5),88,56,71,54,34,108,NA,119,119,17,38,7,11,0.9,0.9
2026-09-07T2100,4078A,112.8246,35.5152,晋城市,前书院路,,48,43,61,15,22,152,NA,171,164,13,14,7,7,0.7,0.7
2026-09-07T2100,4079A,112.8864,35.4773,晋城市,祥云街666号,臭氧1小时(O3_1h),60,50,45,30,28,168,NA,167,164,9,15,6,6,0.6,0.6
2026-09-07T2100,4080A,112.7375,37.7215,晋中市,广安街188号,细颗粒物(PM2.5),60,41,54,40,34,107,NA,118,97,11,20,7,9,0.3,0.5
2026-09-07T2100,4081A,111.0081,35.0748,运城市,学苑北路2555号,臭氧1小时(O3_1h),60,52,56,38,33,168,NA,163,163,10,10,7,5,0.7,0.7
2026-09-07T2100,4082A,121.2548,38.8188,大连市,旅顺,,17,NA,17,9,12,52,NA,96,75,7,11,6,8,0.5,0.4
2026-09-07T2100,4083A,123.153,41.2874,辽阳市,铁西路150号,,16,12,38,11,16,43,NA,54,38,13,18,6,8,0.7,1.1
2026-09-07T2100,4084A,123.835,42.2853,铁岭市,新华街20号,,32,32,37,15,14,38,NA,52,44,8,20,9,11,0.5,0.5
2026-09-07T2100,4085A,125.0998,42.9134,辽源市,安宁大街333号,,20,20,34,11,17,44,NA,54,41,5,17,4,4,0.6,0.6
2026-09-07T2100,4086A,118.7641,32.0841,南京市,新模范马路66号,,29,22,19,3,3,90,NA,130,118,23,12,5,4,0.2,0.2
2026-09-07T2100,4087A,120.3138,31.4927,无锡市,清舒道1号,,26,26,23,8,6,62,NA,116,102,20,15,6,6,0.6,0.7
2026-09-07T2100,4088A,117.1553,34.2567,徐州市,纺织东路16号,细颗粒物(PM2.5),64,67,44,42,24,130,NA,167,162,17,13,7,7,0.7,0.6
2026-09-07T2100,4089A,119.9551,31.863,常州市,崇义南街5-H号,,21,19,19,5,4,66,NA,107,96,14,13,7,8,0.5,0
2026-09-07T2100,4090A,120.4282,31.3228,苏州市,学森路9号,,26,26,28,6,8,79,NA,146,130,15,15,11,10,0.5,0.6
2026-09-07T2100,4091A,120.8692,31.9885,南通市,洪江路,,25,11,8,6,3,77,NA,89,85,10,6,4,4,0.6,0.5
2026-09-07T2100,4092A,119.119691,33.550006,淮安市,枚皋中路89号,NA,NA,20,25,14,10,56,NA,117,99,NA,14,5,6,0.6,0.5
2026-09-07T2100,4093A,119.5202,32.3705,扬州市,廖家沟步道,,27,16,17,6,5,85,NA,110,105,17,12,6,7,0.3,0.3
2026-09-07T2100,4094A,118.352,33.7886,宿迁市,春华路,颗粒物(PM10),60,63,34,37,15,108,NA,133,129,20,13,5,5,0.5,0.4
2026-09-07T2100,4095A,121.8962,29.7529,宁波市,中科路88号,,28,28,19,13,7,78,NA,129,123,24,10,9,8,0.8,0.8
2026-09-07T2100,4096A,120.6935,28.0114,温州市,鹿城惠民路,,38,35,36,10,18,120,NA,116,116,8,16,/,/,0.4,0.4
2026-09-07T2100,4097A,118.9646,28.9832,衢州市,衢州三中,细颗粒物(PM2.5),60,62,30,40,18,40,NA,140,112,45,21,4,4,0.8,0.8
2026-09-07T2100,4098A,117.2518,31.8404,合肥市,中国科学技术大学,,39,39,27,19,10,120,NA,143,138,16,12,6,7,0.3,0.3
2026-09-07T2100,4099A,118.5726,31.1371,芜湖市,湾沚区人民法院,,32,32,19,16,11,78,NA,129,124,35,10,5,5,0.4,0.4
2026-09-07T2100,4100A,116.8322,33.9884,淮北市,杜集区第一实验学校,,49,49,27,30,20,144,NA,168,162,7,8,5,7,0.7,0.6
2026-09-07T2100,4101A,118.3196,32.3335,滁州市,银山路666号,,36,30,24,25,15,76,NA,124,118,22,12,3,2,0.4,0.3
2026-09-07T2100,4102A,118.3426,32.2979,滁州市,黄山路555号,,37,37,31,17,14,101,NA,128,124,26,10,7,8,0.2,0.2
2026-09-07T2100,4103A,116.9929,33.6412,宿州市,中兴路,颗粒物(PM10),61,65,49,34,23,135,NA,171,168,14,17,11,13,0.7,0.6
2026-09-07T2100,4104A,119.3106,26.0648,福州市,路通桥巷6号,NA,NA,29,31,18,17,NA,NA,137,134,8,8,/,/,/,/
2026-09-07T2100,4105A,118.6355,24.9148,泉州市,霞新路6号,NA,NA,NA,34,17,13,130,NA,140,137,NA,28,/,/,0.5,0.3
2026-09-07T2100,4106A,115.7923,28.6873,南昌市,工业二路,,49,49,32,30,16,109,NA,141,134,19,8,7,7,0.5,0.4
2026-09-07T2100,4107A,113.8686,27.6668,萍乡市,联洪村委会,细颗粒物(PM2.5),64,46,55,42,33,96,NA,144,132,22,15,10,14,0.6,0.7
2026-09-07T2100,4108A,117.7107,36.2385,济南市,山财大街5号,,41,31,32,8,14,130,NA,176,167,16,21,3,4,0.4,0.5
2026-09-07T2100,4109A,116.9744,36.6889,济南市,无影山路12号,,41,41,46,20,17,123,NA,164,160,19,34,9,8,0.6,0.6
2026-09-07T2100,4110A,120.5222,36.4089,青岛市,盟旺路653号,,35,21,20,9,8,110,NA,126,120,10,14,6,6,0.6,0.6
2026-09-07T2100,4111A,116.6075,35.4566,济宁市,任和路,NA,NA,59,66,25,38,NA,NA,207,196,14,17,3,3,0.6,0.6
2026-09-07T2100,4112A,116.5648,35.3921,济宁市,文体南路1号,颗粒物(PM10),62,66,66,26,33,149,NA,200,186,16,22,4,6,0.5,0.6
2026-09-07T2100,4113A,116.0091,36.4495,聊城市,利民路,,38,36,54,13,32,120,NA,202,181,21,23,11,13,0.5,0.6
2026-09-07T2100,4114A,115.4239,35.2593,菏泽市,黄河路600号,细颗粒物(PM2.5),84,88,97,52,65,138,NA,198,178,16,36,7,7,0.5,0.6
2026-09-07T2100,4115A,115.5025,35.2727,菏泽市,菏泽市人社局,细颗粒物(PM2.5),102,89,84,62,56,119,NA,202,177,26,23,6,6,0.5,0.6
2026-09-07T2100,4116A,113.284,33.7139,平顶山市,姚电大道23号,NA,NA,59,79,30,42,120,NA,162,150,12,14,12,10,NA,0.9
2026-09-07T2100,4117A,114.2918,36.0769,安阳市,钢三路198号,颗粒物(PM10),61,65,61,38,37,138,NA,174,165,10,10,6,7,0.7,0.8
2026-09-07T2100,4118A,115.0552,35.7816,濮阳市,中原东路68号,颗粒物(PM10),88,103,93,36,44,139,NA,206,191,16,17,9,7,1.0,1.1
2026-09-07T2100,4119A,115.6701,34.3767,商丘市,北海东路185号,颗粒物(PM10),60,64,58,33,30,102,NA,179,165,22,26,6,6,0.6,0.6
2026-09-07T2100,4120A,115.6172,34.3704,商丘市,中山大街3号,颗粒物(PM10),71,79,68,31,33,96,NA,186,173,24,30,6,7,0.7,0.6
2026-09-07T2100,4121A,114.8466,33.7333,周口市,羲皇大道,颗粒物(PM10),82,94,61,38,30,134,NA,171,160,17,14,6,6,0.9,0.9
2026-09-07T2100,4122A,112.6071,35.1015,济源市,市委党校,细颗粒物(PM2.5),84,91,81,52,45,128,NA,186,174,17,17,4,11,0.7,0.8
2026-09-07T2100,4123A,112.596,35.0702,济源市,沁园中路1号,NA,NA,NA,72,NA,42,NA,NA,186,183,9,18,NA,6,0.7,1.2
2026-09-07T2100,4124A,112.2213,31.0654,荆门市,新台西路6号,细颗粒物(PM2.5),90,77,67,55,49,103,NA,182,172,25,21,12,13,1.0,1
2026-09-07T2100,4125A,113.946,30.8999,孝感市,天仙南路1号,颗粒物(PM10),65,70,45,38,25,145,NA,180,180,9,9,5,7,0.4,0.3
2026-09-07T2100,4127A,111.9812,27.7591,娄底市,涟钢职大,NA,NA,NA,38,NA,21,NA,NA,152,144,26,10,4,4,0.6,0.7
2026-09-07T2100,4128A,112.0303,27.7457,娄底市,娄底体校,细颗粒物(PM2.5),80,73,46,50,34,61,NA,150,130,15,10,2,3,0.6,0.4
2026-09-07T2100,4129A,113.8666,23.1062,东莞市,裕兴路,颗粒物(PM10),62,66,47,40,28,111,NA,126,122,35,30,4,5,0.7,0.6
2026-09-07T2100,4130A,114.0076,22.9739,东莞市,教育路1号,颗粒物(PM10),82,94,65,47,35,76,NA,152,151,56,37,10,10,1.0,0.9
2026-09-07T2100,4131A,113.7981,22.8124,东莞市,长怡路1号,,48,48,47,28,30,68,NA,143,131,28,29,6,7,0.8,0.7
2026-09-07T2100,4132A,108.2927,23.1477,南宁市,起凤路9号,细颗粒物(PM2.5),62,54,35,41,24,60,NA,114,104,24,18,4,4,0.7,0.6
2026-09-07T2100,4133A,106.6273,23.8798,百色市,龙景西路,,50,36,35,35,16,20,NA,97,90,25,12,9,9,0.9,0.7
2026-09-07T2100,4134A,110.1952,20.0451,海口市,长滨二路9号,,25,17,18,11,13,78,NA,100,92,7,6,/,/,/,/
2026-09-07T2100,4135A,109.1714,18.3739,三亚市,城东小学站,NA,NA,33,22,27,14,NA,NA,100,97,11,6,/,/,/,/
2026-09-07T2100,4136A,108.6971,30.9377,重庆市,云师幼儿园,,33,23,13,23,24,72,NA,130,111,14,14,6,6,0.8,0.8
2026-09-07T2100,4137A,107.3276,30.3284,重庆市,公安局,,27,27,29,16,17,80,NA,121,104,10,9,8,9,0.3,0.3
2026-09-07T2100,4138A,108.0575,30.3254,重庆市,忠县中学,,50,50,46,33,32,81,NA,128,117,20,21,6,6,0.6,0.6
2026-09-07T2100,4139A,109.4542,31.0182,重庆市,竹枝路2号,,32,28,26,22,17,74,NA,134,110,24,13,6,6,0.5,0.4
2026-09-07T2100,4140A,107.7422,29.871,重庆市,龙河路,,26,19,29,8,18,82,NA,110,95,6,12,13,13,0.4,0.4
2026-09-07T2100,4141A,108.7636,28.84,重庆市,桃花源中路,,49,49,35,34,20,67,NA,108,96,17,14,8,8,0.7,0.6
2026-09-07T2100,4142A,108.9758,28.4416,重庆市,秀山县高级中学,细颗粒物(PM2.5),60,50,30,40,22,62,NA,118,101,8,7,8,8,0.5,0.4
2026-09-07T2100,4143A,108.1558,29.2859,重庆市,河堡街,,35,30,22,24,16,44,NA,90,71,11,8,6,6,0.8,0.7
2026-09-07T2100,4144A,104.3257,30.6406,成都市,八角井街185号,颗粒物(PM10),60,64,62,26,42,82,NA,115,111,22,25,8,8,0.8,0.8
2026-09-07T2100,4145A,104.4144,31.1495,德阳市,市林业局,,49,46,64,34,48,87,NA,100,98,22,19,14,14,0.8,0.8
2026-09-07T2100,4146A,104.7092,31.4972,绵阳市,科技城新区公安局,颗粒物(PM10),60,63,54,35,34,78,NA,122,116,34,20,10,9,0.7,0.7
2026-09-07T2100,4147A,105.0433,29.6105,内江市,玉峰路西段888号,,50,39,32,35,31,122,NA,137,137,14,14,10,9,0.5,0.4
2026-09-07T2100,4148A,103.8836,30.0695,眉山市,眉职院,细颗粒物(PM2.5),80,89,61,50,39,107,NA,138,136,23,23,10,10,1.1,1
2026-09-07T2100,4149A,104.6146,28.7422,宜宾市,宜宾市职业技术学校,细颗粒物(PM2.5),109,80,50,69,41,93,NA,115,109,13,14,6,9,1.0,0.9
2026-09-07T2100,4150A,104.6646,30.1116,资阳市,正兴街66号,细颗粒物(PM2.5),88,61,46,54,36,101,NA,120,118,11,12,8,7,0.6,0.5
2026-09-07T2100,4151A,104.8899,26.5685,六盘水市,钟山大道中段564号,,27,20,20,8,12,86,NA,84,84,5,5,2,2,0.6,0.6
2026-09-07T2100,4152A,107.0425,27.7087,遵义市,乌江大道东段1号,,45,35,25,31,20,56,NA,80,74,16,11,9,9,0.7,0.6
2026-09-07T2100,4153A,101.5536,25.0343,楚雄彝族自治州,团结路562号,,32,32,21,19,13,48,NA,71,68,8,4,3,3,0.4,0.3
2026-09-07T2100,4154A,103.401,23.3561,红河哈尼族彝族自治州,蒙自市朝阳路,,20,18,14,14,14,56,NA,82,75,5,5,4,4,0.3,0.2
2026-09-07T2100,4155A,107.1721,34.3558,宝鸡市,滨河北路,,43,36,60,30,47,57,NA,78,78,12,13,3,4,0.7,0.8
2026-09-07T2100,4156A,108.6372,34.3031,咸阳市,胭脂路9号,细颗粒物(PM2.5),112,90,65,73,48,93,NA,185,168,18,14,4,7,0.8,0.7
2026-09-07T2100,4157A,108.0371,34.3035,咸阳市,杨扶路,细颗粒物(PM2.5),109,77,67,69,55,87,NA,141,121,14,13,4,5,0.6,0.6
2026-09-07T2100,4158A,108.0895,34.2623,咸阳市,新桥路,细颗粒物(PM2.5),118,88,71,79,55,67,NA,150,121,26,16,6,7,0.6,0.5
2026-09-07T2100,4159A,110.4531,35.4578,渭南市,桢州大街,细颗粒物(PM2.5),98,93,69,59,51,107,NA,143,140,18,13,15,18,1.8,1.3
2026-09-07T2100,4160A,110.4368,35.4773,渭南市,太史大街,细颗粒物(PM2.5),86,87,84,53,49,112,NA,146,143,19,16,12,17,1.4,1.3
2026-09-07T2100,4161A,109.485,36.6347,延安市,志丹路,细颗粒物(PM2.5),88,81,68,54,41,78,NA,85,85,19,22,5,5,0.9,0.9
2026-09-07T2100,4162A,101.6769,36.6535,西宁市,海晏路105号,,26,NA,10,18,12,72,NA,88,87,8,7,3,2,0.4,0.4
2026-09-07T2100,4163A,102.0984,36.5119,海东市,滨河路,,20,16,11,14,13,49,NA,73,70,34,29,12,9,0.5,0.5
2026-09-07T2100,4164A,87.2057,43.9289,昌吉回族自治州,财政所,,41,41,43,15,8,83,NA,107,106,27,12,8,8,0.2,0.1
2026-09-07T2100,4165A,82.9716,46.7464,塔城地区,文化广场,,41,41,42,15,8,94,NA,108,107,11,9,2,3,0.7,0.7
2026-09-07T2100,4166A,88.1198,47.7931,阿勒泰地区,阿勒泰路33号,,25,21,23,4,3,78,NA,92,91,17,11,3,3,0.3,0.3
2026-09-07T2100,4167A,86.0126,44.2349,石河子市,城南景苑小区,颗粒物(PM10),60,63,22,17,6,94,NA,118,116,18,8,8,7,0.2,0.2
2026-09-07T2100,4168A,87.055284,43.999117,五家渠市,建设西街760号,颗粒物(PM10),63,68,45,19,10,88,NA,109,109,21,26,4,4,0.4,0.3
2026-09-07T2100,4180A,113.8157285,34.126705,许昌市,新元大道996号,颗粒物(PM10),59,62,74,34,45,101,NA,167,147,20,20,8,6,0.5,0.6
2026-09-07T2100,4181A,112.3571,28.5588,益阳市,龙洲站,细颗粒物(PM2.5),58,55,46,39,34,98,NA,151,135,13,18,8,8,0.8,0.8
2026-09-07T2100,4182A,116.1942,39.9158,北京市,石景山八角,,18,14,57,6,26,55,NA,116,91,9,24,6,6,0.4,0.6
2026-09-07T2100,4183A,121.417401,31.16637,上海市,冠生园路458号,,32,21,19,11,11,102,NA,104,104,9,13,8,8,0.6,0.6
2026-09-07T2100,4184A,115.479691,35.244011,菏泽市,永昌路1号,颗粒物(PM10),74,83,87,44,48,155,NA,223,200,15,20,8,9,0.4,0.5
2026-09-07T2100,4185A,115.078022,30.21118,黄石市,磁湖东路29号,,46,46,40,14,20,131,NA,149,145,6,9,5,8,0.5,0.4
2026-09-07T2100,4186A,117.194237,34.229354,徐州市,解放南路202号,细颗粒物(PM2.5),76,72,47,48,25,110,NA,164,154,25,15,9,8,0.8,0.7
2026-09-07T2100,4187A,112.3425,28.611,益阳市,幸福渠东路223号,细颗粒物(PM2.5),109,72,44,69,39,84,NA,140,121,33,14,18,13,0.9,0.7
2026-09-07T2100,4188A,112.3712,28.5764,益阳市,益鑫泰路85号,细颗粒物(PM2.5),80,53,45,50,37,85,NA,134,116,21,16,11,12,0.7,0.9
2026-09-07T2100,4189A,113.113092,36.199482,长治市,英华南巷50号,,44,44,48,29,30,124,NA,176,155,11,10,14,16,0.9,1.2
2026-09-07T2100,4190A,113.23666,36.33435,长治市,学府街1号,NA,NA,59,54,31,28,NA,NA,184,178,3,5,15,16,1.0,1
2026-09-07T2100,4191A,118.527362,31.722269,马鞍山市,慈湖高新区,,32,32,27,13,12,73,NA,144,128,34,17,6,6,0.5,0.6
2026-09-07T2100,4192A,115.931587,28.686774,南昌市,南京东路235号,,44,41,30,19,18,140,NA,142,141,7,8,5,6,0.9,0.8
2026-09-07T2100,4193A,115.471542,35.280012,菏泽市,长城路999号,细颗粒物(PM2.5),78,84,85,49,58,143,NA,205,184,24,28,6,7,0.7,0.8
2026-09-07T2100,4194A,117.078628,40.151726,北京市,平谷新城,,16,16,36,9,23,51,NA,92,75,5,8,4,4,0.2,0.4
2026-09-07T2100,4196A,117.24369,39.102911,天津市,光华路,,25,25,35,13,18,52,NA,150,135,9,15,8,11,0.6,0.4
2026-09-07T2100,4197A,118.130859,39.636026,唐山市,友谊北路34号,,37,37,53,9,22,39,NA,119,92,15,15,16,8,0.8,0.6
2026-09-07T2100,4198A,119.509013,39.825305,秦皇岛市,北戴河轮滑馆,,24,24,35,2,11,60,NA,82,67,3,10,5,8,0.2,0.4
2026-09-07T2100,4199A,113.2798248,40.09972476,大同市,魏都大道141号,,14,11,39,9,9,42,NA,67,46,7,18,7,9,0.3,0.4
2026-09-07T2100,4200A,112.7478,37.6954,晋中市,迎宾街26号,,46,NA,58,32,35,113,NA,124,116,10,17,9,11,0.3,0.4
2026-09-07T2100,4201A,122.944647,41.082639,鞍山市,兴盛南路290号,,22,22,46,12,16,48,NA,58,41,12,23,11,11,1.1,1.5
2026-09-07T2100,4202A,113.9856,32.9802,驻马店市,交通路1233号,,40,40,47,11,23,116,NA,142,133,13,18,4,4,0.3,0.4
2026-09-07T2100,4203A,111.3168,30.7203,宜昌市,西陵二路116号,颗粒物(PM10),52,52,44,32,25,138,NA,192,183,11,13,6,6,0.6,0.6
2026-09-07T2100,4204A,111.3526,30.6374,宜昌市,沈家店路6号,NA,NA,NA,45,NA,31,117,NA,160,151,14,22,NA,8,0.5,0.4
2026-09-07T2100,4205A,121.541914,31.268301,上海市,宁武路151号,,29,29,23,14,11,90,NA,98,94,17,15,8,8,0.3,0.3
2026-09-07T2100,4206A,119.028838,33.631911,淮安市,承德北路606号,,39,39,24,22,13,80,NA,122,115,19,14,7,8,0.6,0.6
2026-09-07T2100,4207A,120.12211,33.393982,盐城市,黄海中路88号,,28,17,17,6,5,88,NA,97,93,5,5,9,9,0.5,0.5
2026-09-07T2100,4209A,117.003137,32.644456,淮南市,国庆中路369号,NA,NA,54,37,31,17,NA,NA,148,147,15,13,12,13,0.3,0.3
2026-09-07T2100,4210A,118.335445,29.720283,黄山市,滨江东路7-2号,,38,38,35,18,13,80,NA,113,98,7,5,/,/,/,/
2026-09-07T2100,4211A,118.190438,28.444845,上饶市,裕丰大道,细颗粒物(PM2.5),88,73,42,54,24,67,NA,127,115,20,9,8,10,0.6,0.6
2026-09-07T2100,4212A,118.3039243,36.82708161,淄博市,广场路1号,,32,17,26,13,18,100,NA,146,134,16,18,4,6,0.3,0.5
2026-09-07T2100,4213A,121.364239,37.529648,烟台市,青年南路118号,,32,7,10,7,6,101,NA,106,106,9,16,8,8,0.4,0.4
2026-09-07T2100,4214A,112.460027,34.694929,洛阳市,春都路1号院,颗粒物(PM10),88,102,73,50,45,121,NA,176,165,15,14,10,9,0.2,0.3
2026-09-07T2100,4215A,113.916569,35.331547,新乡市,建设东路46号,颗粒物(PM10),84,97,78,41,45,104,NA,194,172,27,22,7,10,0.7,0.8
2026-09-07T2100,4216A,115.0923632,35.76857718,濮阳市,任丘路479号,颗粒物(PM10),75,84,94,41,54,155,NA,216,200,14,19,4,7,0.5,0.6
2026-09-07T2100,4217A,114.3182,29.8447,咸宁市,双鹤路18号,颗粒物(PM10),51,51,36,30,22,116,NA,138,134,10,7,8,4,0.4,0.4
2026-09-07T2100,4218A,111.446,27.2472,邵阳市,北塔二期4-26地块,细颗粒物(PM2.5),66,49,44,43,28,107,NA,146,138,15,10,8,6,0.8,0.8
2026-09-07T2100,4219A,111.4739,27.2282,邵阳市,邵水西路287号,NA,NA,NA,47,NA,36,106,NA,168,157,16,10,15,9,0.5,0.5
2026-09-07T2100,4220A,114.214113,22.713717,深圳市,黄阁路,,40,40,34,23,19,59,NA,131,112,67,33,6,5,1.0,0.9
2026-09-07T2100,4221A,108.2177,22.7774,南宁市,乐贤路16号,细颗粒物(PM2.5),74,75,45,47,28,13,NA,121,106,64,22,7,7,1.1,0.9
2026-09-07T2100,4222A,110.1835,25.2444,桂林市,环湖路276号,细颗粒物(PM2.5),64,56,39,42,30,44,NA,114,100,26,19,11,11,0.9,0.9
2026-09-07T2100,4223A,106.4686218,29.48920871,重庆市,双山路147号,,45,45,21,20,11,97,NA,112,111,20,12,8,7,0.5,0.4
2026-09-07T2100,4224A,104.2433276,30.53529463,成都市,鲸龙路1057号,,41,41,49,28,39,82,NA,126,122,26,24,10,10,1.0,1
2026-09-07T2100,4225A,104.714266,29.338571,自贡市,贡兴路74号,细颗粒物(PM2.5),126,NA,36,88,31,106,NA,140,138,8,8,11,9,0.7,0.5
2026-09-07T2100,4226A,104.765114,31.453094,绵阳市,绵阳市气象局,细颗粒物(PM2.5),54,52,56,37,37,85,NA,113,110,25,17,9,8,0.7,0.7
2026-09-07T2100,4227A,106.108336,30.788436,南充市,梨树横街98号,,30,30,36,19,24,87,NA,105,102,20,16,10,10,0.2,0.2
2026-09-07T2100,4229A,102.2342,27.8859,凉山彝族自治州,凯乐南路30号,,41,41,36,28,30,84,NA,98,96,13,16,20,8,1.2,0.7
2026-09-07T2100,4230A,106.688212,26.56952,贵阳市,花果园大街66号,,20,20,26,8,14,50,NA,74,67,15,11,3,4,/,/
2026-09-07T2100,4231A,106.687268,26.516892,贵阳市,漓江路57号,,30,22,26,21,18,40,NA,75,67,20,10,4,7,0.6,0.6
2026-09-07T2100,4233A,108.596239,34.118792,西安市,西苑北路977号,细颗粒物(PM2.5),105,114,83,65,55,96,NA,164,152,22,18,7,8,0.8,0.7
2026-09-07T2100,4234A,108.949652,34.870529,铜川市,大唐三路,细颗粒物(PM2.5),101,91,63,61,40,144,NA,156,155,11,13,8,9,1.0,0.8
2026-09-07T2100,4235A,109.5051,34.4921,渭南市,渭花路4号,细颗粒物(PM2.5),107,102,74,67,47,116,NA,175,169,22,13,5,5,0.8,0.6
2026-09-07T2100,4236A,103.629272,36.093822,兰州市,庄浪东路808号,NA,NA,18,21,13,10,NA,NA,71,49,13,14,9,9,0.3,0.3
2026-09-07T2100,4237A,103.7251,36.104344,兰州市,安宁西路88号,,24,24,24,12,10,59,NA,79,59,4,11,9,9,0.4,0.3
2026-09-07T2100,4238A,103.846982,36.067567,兰州市,北滨河东路1号,,32,32,25,12,11,52,NA,68,49,11,17,4,4,0.5,0.5
2026-09-07T2100,4239A,102.193042,38.531887,金昌市,长春路96号,,30,3,7,2,5,94,NA,87,87,2,2,3,4,0.2,0.1
2026-09-07T2100,4240A,98.495752,39.733935,酒泉市,玉门东路5号,,22,9,4,9,7,69,NA,75,75,6,4,6,6,0.1,0.2
2026-09-07T2100,4241A,98.5099,39.7506,酒泉市,北大街108号,,21,NA,2,10,6,67,NA,75,75,7,4,5,5,0.1,0.2
2026-09-07T2100,4242A,106.226373,38.491976,银川市,广场西路,,12,12,30,2,19,29,NA,73,37,14,14,5,6,0.1,0.5
2026-09-07T2100,4243A,92.0515,31.4787,那曲市,那曲市委宣传部,,22,14,15,6,9,68,NA,80,80,8,13,7,7,0.2,0.4
2026-09-07T2100,4244A,111.4879,36.053,临汾市,启星学校,细颗粒物(PM2.5),92,101,69,56,40,121,NA,166,157,20,16,16,8,1.2,0.7
2026-09-07T2100,4245A,106.8609,27.5969,遵义市,遵南大道1161号,细颗粒物(PM2.5),58,46,43,39,26,75,NA,95,91,9,10,4,6,0.6,0.6
2026-09-07T2100,4246A,105.833962,30.18863087,重庆市,桃园路24号,,40,36,31,28,25,128,NA,147,147,12,10,8,4,0.6,0.5
2026-09-07T2100,4247A,107.091033,29.153966,重庆市,钟楼街32号,,29,27,27,20,19,39,NA,84,70,14,10,4,5,0.6,0.6
2026-09-07T2100,4248A,107.8042979,30.67350233,重庆市,人民南路309号,颗粒物(PM10),61,65,52,18,27,79,NA,117,104,10,10,8,8,0.3,0.4
2026-09-07T2100,4249A,118.8707617,31.34017673,南京市,汶溪路181号,,31,NA,21,7,3,99,NA,129,124,14,7,1,2,0.6,0.6
2026-09-07T2100,4250A,114.089259,33.588274,漯河市,韶山路11号,颗粒物(PM10),55,56,62,34,37,113,NA,158,142,28,23,9,10,0.6,0.6
2026-09-07T2100,4251A,112.1433,32.0581,襄阳市,铁院东路4号,,46,46,55,26,27,145,NA,166,162,15,16,8,8,0.3,0.4
2026-09-07T2100,4252A,113.0138,25.8011,郴州市,好美居路49号,,46,43,27,32,22,38,NA,117,98,28,13,9,10,/,/
2026-09-07T2100,4253A,116.010205,29.659402,九江市,莲花大道8号,,35,28,29,17,15,112,NA,127,125,8,7,8,7,0.4,0.4
2026-09-07T2100,4254A,120.2925,31.5685,无锡市,健康路105号,,29,29,26,7,5,65,NA,113,98,19,18,6,7,0.4,0.5
2026-09-07T2100,4255A,110.16795,22.640993,玉林市,人民东路196号,,26,24,19,18,14,56,NA,101,92,12,10,2,3,0.7,0.7
2026-09-07T2100,4256A,107.375,22.3736,崇左市,石景林东路7号,,32,NA,22,22,14,74,NA,106,102,16,12,7,7,0.6,0.5
2026-09-07T2100,4257A,104.6092,35.5962,定西市,将台街,,26,26,38,6,11,65,NA,81,74,10,8,5,6,0.2,0.3
2026-09-07T2100,4258A,111.2416,23.4155,梧州市,政贤路18号,,37,37,29,20,14,52,NA,103,96,17,15,7,9,0.5,0.5
2026-09-07T2100,4259A,113.835877,34.0155267,许昌市,望田路111号,细颗粒物(PM2.5),94,92,79,57,52,97,NA,170,154,28,17,7,7,0.6,0.6
2026-09-07T2100,4260A,109.5933,23.095,贵港市,中山路155-3号,,32,32,34,19,20,90,NA,109,107,11,12,/,/,0.6,0.7
2026-09-07T2100,4261A,103.7247,27.3415,昭通市,环东路146号,,43,43,31,16,19,95,NA,106,104,9,10,6,8,0.5,0.5
2026-09-07T2100,4263A,105.3688,27.3598,毕节市,工业大道,,29,20,24,20,14,92,NA,104,104,9,9,9,10,/,/
2026-09-07T2100,4264A,113.234,35.219,焦作市,新安路1731号,NA,NA,NA,54,NA,32,NA,NA,194,194,14,12,2,5,0.8,0.3
2026-09-07T2100,4265A,113.108806,29.353066,岳阳市,求索西路365号,,49,48,52,34,33,124,NA,150,147,14,20,4,5,0.6,0.6
2026-09-07T2100,4266A,117.7325,34.5683,枣庄市,文化路178号,细颗粒物(PM2.5),98,100,57,59,26,108,NA,184,170,17,16,7,9,1.3,1.1
2026-09-07T2100,4268A,112.1722,30.3366,荆州市,学苑路85号,NA,NA,NA,46,NA,32,NA,NA,189,182,32,19,6,5,NA,0.4
2026-09-07T2100,4269A,114.6701,33.6167,周口市,七一路,颗粒物(PM10),55,57,52,32,30,130,NA,169,162,21,16,8,8,0.4,0.4
2026-09-07T2100,4270A,102.6447,37.9293,武威市,钟楼街149号,,19,2,10,1,9,58,NA,59,57,4,5,8,8,0.2,0.2
2026-09-07T2100,4271A,103.2464,35.6123,临夏回族自治州,滨河东路1号,,19,12,12,12,8,58,NA,88,76,6,5,6,6,0.3,0.3
2026-09-07T2100,4273A,81.2737,43.9337,伊犁哈萨克自治州,安徽路800号,,35,26,52,24,16,100,NA,109,109,17,25,4,6,0.5,0.6
2026-09-07T2100,4274A,117.7994,40.9605,承德市,滨河大街98号,,8,7,33,3,20,24,NA,53,46,3,8,7,8,0.1,0.4
2026-09-07T2100,4275A,111.591512,40.827312,呼和浩特市,成吉思汗西街8号,,14,NA,12,1,5,42,NA,55,44,15,14,3,4,0.3,0.3
2026-09-07T2100,4276A,111.6597,40.8077,呼和浩特市,公园东路75号,,15,NA,14,6,7,48,NA,59,53,8,9,6,6,0.3,0.3
2026-09-07T2100,4277A,111.5427,40.7846,呼和浩特市,金海路35号,,13,11,16,4,6,40,NA,61,47,14,12,4,4,0.3,0.3
2026-09-07T2100,4278A,106.8212,39.6741,乌海市,海拉北路,,26,NA,18,18,16,42,NA,76,38,4,4,10,10,0.3,0.3
2026-09-07T2100,4279A,119.7569,49.2222,呼伦贝尔市,伊敏大街东7号,,41,41,20,18,10,21,NA,49,46,30,14,5,5,0.3,0.3
2026-09-07T2100,4280A,122.0921,46.065,兴安盟,洮儿河南路,颗粒物(PM10),53,54,24,23,9,2,NA,53,38,32,8,5,7,0.8,0.4
2026-09-07T2100,4281A,125.334645,43.916281,长春市,北亚泰大街1068号,,45,38,40,31,24,9,NA,62,31,31,22,6,6,0.6,0.5
2026-09-07T2100,4282A,126.6769,45.7379,哈尔滨市,华山路1号,,19,19,16,2,8,32,NA,41,40,13,12,7,7,0.3,0.2
2026-09-07T2100,4283A,126.9717,45.5356,哈尔滨市,解放大街52号,,17,17,25,2,4,32,NA,37,36,14,13,5,6,0.5,0.5
2026-09-07T2100,4284A,128.8325,47.8447,伊春市,永安路4-1号,,20,19,14,14,11,19,NA,39,34,2,2,2,2,0.3,0.4
2026-09-07T2100,4285A,130.363,46.806,佳木斯市,顺和街,,20,20,16,14,9,26,NA,40,34,7,8,3,2,0.5,0.3
2026-09-07T2100,4286A,130.3952,46.8268,佳木斯市,长安路196号,,26,19,18,18,11,28,NA,38,37,3,7,2,3,0.5,0.4
2026-09-07T2100,4287A,129.5992,44.5964,牡丹江市,东晓云街98号,,29,29,26,3,7,32,NA,67,61,2,6,7,7,0.3,0.4
2026-09-07T2100,4288A,117.2438,34.2844,徐州市,龙潭环路5号,细颗粒物(PM2.5),62,58,42,41,23,101,NA,161,148,14,12,8,9,0.8,0.7
2026-09-07T2100,4289A,117.154766,29.256967,景德镇市,青少年活动中心,,47,47,27,27,16,59,NA,126,110,31,8,37,8,/,/
2026-09-07T2100,4290A,120.196923,35.954556,青岛市,珠江路669号,,34,17,20,5,5,108,NA,148,141,25,21,4,6,0.5,0.5
2026-09-07T2100,4291A,120.0424,35.8656,青岛市,黄岛区人民政府广场,,34,17,14,6,6,106,NA,131,126,11,18,4,4,0.3,0.3
2026-09-07T2100,4292A,116.352738,37.420875,德州市,新河东路,,39,39,35,16,17,120,NA,154,144,13,20,10,13,0.6,0.6
2026-09-07T2100,4293A,113.605125,34.755221,郑州市,计划路2号,颗粒物(PM10),70,77,68,38,39,144,NA,188,175,17,16,4,5,0.2,0.3
2026-09-07T2100,4294A,113.6525645,34.77362682,郑州市,同乐路9号,颗粒物(PM10),68,74,68,37,44,146,NA,188,176,15,24,4,5,0.2,0.5
2026-09-07T2100,4295A,113.2722,35.2121,焦作市,人民路3066号,细颗粒物(PM2.5),84,80,67,52,36,182,NA,196,194,12,11,5,5,0.5,0.5
2026-09-07T2100,4296A,114.6421,33.6417,周口市,健康路46号,,43,41,45,24,25,136,NA,162,157,15,12,3,3,0.4,0.4
2026-09-07T2100,4297A,114.649,33.596,周口市,太昊路,颗粒物(PM10),55,57,57,32,27,129,NA,168,162,25,18,4,4,0.8,0.7
2026-09-07T2100,4298A,114.284,29.8595,咸宁市,碧桂路,,44,44,36,28,23,106,NA,143,136,16,11,3,3,0.5,0.5
2026-09-07T2100,4299A,111.6195,26.2253,永州市,徐家井路86号,,47,47,41,32,30,82,NA,116,108,10,10,7,7,0.9,0.9
2026-09-07T2100,4300A,114.4089,23.1147,惠州市,文华一路1号,,50,50,42,30,24,80,NA,110,106,18,17,/,/,/,/
2026-09-07T2100,4301A,110.2803,25.2773,桂林市,信义路13号,,46,44,40,32,28,55,NA,100,90,22,14,9,8,0.7,0.7
2026-09-07T2100,4302A,108.0901,24.6945,河池市,上任中路54号,,25,21,26,17,10,40,NA,68,62,10,10,7,6,0.9,0.9
2026-09-07T2100,4303A,105.5911,30.5368,遂宁市,环岛商务中心9号楼,,35,28,36,24,24,96,NA,129,126,21,16,8,11,0.6,0.6
2026-09-07T2100,4304A,106.1172,30.843,南充市,清泉寺北路188号,,37,37,41,22,27,100,NA,108,105,9,11,10,11,0.4,0.4
2026-09-07T2100,4305A,106.067,30.7616,南充市,同庆路1号,,29,26,35,20,23,84,NA,109,104,20,13,8,9,0.4,0.4
2026-09-07T2100,4306A,103.0544,30.0133,雅安市,滨江西路,,40,36,35,28,28,44,NA,83,74,8,7,4,4,0.3,0.3
2026-09-07T2100,4307A,108.9817,34.2035,西安市,曲江池东路988号,细颗粒物(PM2.5),103,97,72,63,44,154,NA,194,192,15,23,5,5,0.8,0.8
2026-09-07T2100,4308A,107.3898,34.3601,宝鸡市,陈仓区北开路21号,颗粒物(PM10),60,64,71,36,52,67,NA,86,85,12,22,5,7,0.6,0.7
2026-09-07T2100,4309A,104.6159,35.5701,定西市,正龙路62号,NA,NA,NA,29,3,11,NA,NA,86,68,8,7,4,4,0.2,0.3
2026-09-07T2100,4310A,103.207136,35.599807,临夏回族自治州,新华街21号,,22,22,14,10,8,65,NA,81,76,4,4,8,9,0.3,0.3
2026-09-07T2100,4311A,122.0383,46.0691,兴安盟,科尔沁北路63号,,43,43,22,15,7,10,NA,54,42,29,5,6,5,0.5,0.4
2026-09-07T2100,4312A,119.019,31.6512,南京市,中山西路1号,,32,22,17,8,4,100,NA,132,128,16,10,4,4,0.5,0.5
2026-09-07T2100,4314A,114.0494,38.059,石家庄市,矿区区委大楼,,44,44,63,24,21,102,NA,134,126,14,17,6,9,0.6,0.6
2026-09-07T2100,4325A,105.3665,28.77434,泸州市,纳溪区委政协,细颗粒物(PM2.5),145,NA,35,109,38,88,NA,130,126,26,17,6,5,1.0,0.7
2026-09-07T2100,4326A,113.0794,22.5999,江门市,五邑大学,,36,36,39,22,27,104,NA,160,157,18,21,6,8,0.6,0.6
