timepoint,stationcode,longitude,latitude,area,positionname,primarypollutant,aqi,pm10,pm10_24h,pm2_5,pm2_5_24h,o3,o3_24h,o3_8h,o3_8h_24h,no2,no2_24h,so2,so2_24h,co,co_24h
2026-08-15T2100,1001A,116.3611,39.8786,北京市,万寿西宫,,44,26,25,16,14,139,NA,146,146,13,14,2,2,0.5,0.5
2026-08-15T2100,1003A,116.4174,39.9289,北京市,东四,,45,25,23,15,15,144,NA,152,152,16,16,3,3,0.4,0.4
2026-08-15T2100,1004A,116.4073,39.8858,北京市,天坛,,24,24,27,13,14,73,NA,126,116,5,10,2,2,0.6,0.6
2026-08-15T2100,1005A,116.4622,39.9364,北京市,农展馆,,40,25,26,15,15,125,NA,137,137,15,15,2,2,0.6,0.5
2026-08-15T2100,1006A,116.3399,39.9293,北京市,官园,,40,23,23,19,14,128,NA,130,130,13,12,3,4,0.4,0.4
2026-08-15T2100,1007A,116.2879,39.9613,北京市,海淀万柳,,32,27,24,14,13,101,NA,120,118,12,17,3,3,0.5,0.5
2026-08-15T2100,1008A,116.6635,40.1349,北京市,顺义新城,,27,NA,16,16,16,86,NA,141,136,8,12,2,2,0.4,0.4
2026-08-15T2100,1009A,116.6275,40.327,北京市,怀柔镇,,21,21,17,14,11,62,NA,120,112,9,8,3,2,0.4,0.4
2026-08-15T2100,1010A,116.2295,40.217,北京市,昌平镇,,22,21,21,15,14,66,NA,118,107,10,10,2,3,0.5,0.5
2026-08-15T2100,1011A,116.3968,39.982,北京市,奥体中心,,35,29,23,21,16,109,NA,124,124,23,18,3,3,0.5,0.4
2026-08-15T2100,1015A,117.1446,39.1659,天津市,勤俭道,臭氧1小时(O3_1h),54,37,36,18,18,163,NA,191,191,12,23,7,8,1.0,1
2026-08-15T2100,1018A,117.2016,39.0928,天津市,前进道,,47,34,32,16,16,149,NA,188,188,13,20,8,10,0.5,0.6
2026-08-15T2100,1019A,117.1837,39.2134,天津市,淮河道,,49,46,43,19,20,156,NA,179,179,16,23,9,9,0.5,0.5
2026-08-15T2100,1021A,117.308261,39.088386,天津市,跃进路,颗粒物(PM10),59,62,39,29,16,134,NA,181,181,16,27,7,7,1.0,0.9
2026-08-15T2100,1023A,117.707,39.0344,天津市,第四大街,颗粒物(PM10),55,57,40,25,14,117,NA,148,146,25,42,5,7,0.8,0.8
2026-08-15T2100,1024A,117.4573,38.8395,天津市,永明路,,43,41,28,21,13,137,NA,166,164,12,14,4,5,0.9,0.8
2026-08-15T2100,1026A,117.7641,39.1588,天津市,汉北路,,47,47,25,19,12,94,NA,160,154,36,23,8,9,0.8,0.8
2026-08-15T2100,1030A,114.5919,38.0328,石家庄市,高新区,,39,33,28,27,19,100,NA,126,119,8,8,3,3,0.3,0.3
2026-08-15T2100,1032A,114.4556,38.0136,石家庄市,西南高教,,46,46,23,26,17,99,NA,132,126,10,9,1,2,0.5,0.4
2026-08-15T2100,1033A,114.533,38.0177,石家庄市,世纪公园,,40,40,30,23,16,79,NA,111,104,11,5,3,3,0.5,0.4
2026-08-15T2100,1034A,114.5105,38.0489,石家庄市,人民会堂,,34,24,28,21,16,108,NA,122,118,7,8,3,3,0.3,0.2
2026-08-15T2100,1040A,118.1707,39.6505,唐山市,十二中,细颗粒物(PM2.5),66,61,48,43,24,113,NA,138,120,17,14,5,5,0.7,0.6
2026-08-15T2100,1041A,118.1868,39.6219,唐山市,小山,细颗粒物(PM2.5),56,56,30,38,27,107,NA,145,120,19,10,13,8,0.7,0.6
2026-08-15T2100,1046A,119.5247,39.9346,秦皇岛市,建设大厦,,38,32,37,10,9,120,NA,136,133,10,20,6,8,0.4,0.3
2026-08-15T2100,1049A,114.492,36.5712,邯郸市,矿院,,35,25,29,24,23,112,NA,150,137,4,15,2,3,0.4,0.4
2026-08-15T2100,1050A,114.4839,36.6136,邯郸市,丛台公园,,35,32,26,17,17,109,NA,140,130,5,8,7,7,0.4,0.4
2026-08-15T2100,1051A,115.4803,38.8568,保定市,游泳馆,,36,36,24,22,16,107,NA,137,130,10,7,8,6,0.2,0.2
2026-08-15T2100,1052A,115.509,38.8895,保定市,华电二区,,43,43,31,17,13,93,NA,133,124,10,6,1,2,0.6,0.5
2026-08-15T2100,1053A,115.4588,38.9037,保定市,接待中心,,34,34,26,23,14,82,NA,130,116,14,7,4,3,0.4,0.3
2026-08-15T2100,1054A,115.4484,38.8344,保定市,地表水厂,,34,34,27,22,15,89,NA,135,123,14,8,3,3,0.4,0.3
2026-08-15T2100,1057A,114.8884,40.8336,张家口市,人民公园,,29,20,24,18,12,91,NA,134,128,13,10,2,2,0.3,0.3
2026-08-15T2100,1059A,114.868581,40.804273,张家口市,五金库,,30,27,25,14,9,93,NA,128,123,17,11,/,/,/,/
2026-08-15T2100,1060A,114.8901,40.762,张家口市,世纪豪园,,31,28,23,20,16,97,NA,122,116,12,10,6,6,0.6,0.5
2026-08-15T2100,1062A,117.9531,40.908,承德市,铁路,,20,20,18,10,7,48,NA,96,93,13,12,6,6,0.5,0.3
2026-08-15T2100,1063A,117.9397,40.9763,承德市,中国银行,,29,28,21,20,7,45,NA,110,102,19,9,7,8,0.9,0.4
2026-08-15T2100,1067A,116.6712,39.5109,廊坊市,药材公司,,47,47,37,26,22,137,NA,171,171,12,11,2,4,0.5,0.5
2026-08-15T2100,1068A,116.7215,39.5592,廊坊市,开发区,NA,NA,NA,38,33,23,117,NA,167,164,13,10,3,2,0.5,0.5
2026-08-15T2100,1070A,116.7246,39.5273,廊坊市,北华航天学院,颗粒物(PM10),53,53,35,24,23,110,NA,176,172,26,14,3,2,0.6,0.5
2026-08-15T2100,1071A,116.8733,38.2922,沧州市,沧县城建局,,41,35,29,26,20,129,NA,156,152,9,13,6,6,0.6,0.5
2026-08-15T2100,1072A,116.8462,38.3189,沧州市,电视转播站,,47,47,36,24,17,130,NA,147,146,14,17,1,2,0.3,0.2
2026-08-15T2100,1073A,116.8588,38.3161,沧州市,市环保局,,39,32,27,23,19,123,NA,145,142,13,13,6,6,0.9,0.6
2026-08-15T2100,1074A,115.6839,37.754,衡水市,电机北厂,,36,36,43,16,21,96,NA,136,129,13,11,2,4,0.5,0.6
2026-08-15T2100,1075A,115.6303,37.7318,衡水市,市监测站,,49,49,42,3,14,90,NA,135,126,12,8,5,5,0.6,0.7
2026-08-15T2100,1077A,114.4687,37.0883,邢台市,达活泉,,38,38,32,22,18,112,NA,131,128,5,5,2,1,0.5,0.4
2026-08-15T2100,1078A,114.4954,37.0309,邢台市,邢师高专,,28,28,35,18,15,81,NA,122,114,12,8,1,2,0.5,0.5
2026-08-15T2100,1079A,114.5281,37.0857,邢台市,路桥公司,NA,NA,NA,30,NA,16,NA,NA,87,NA,NA,12,NA,2,NA,0.4
2026-08-15T2100,1080A,114.4721,37.0713,邢台市,市环保局,,43,43,29,21,18,113,NA,134,129,8,7,1,2,0.3,0.2
2026-08-15T2100,1081A,112.5138,37.8916,太原市,尖草坪,,42,37,27,29,19,107,NA,155,150,17,11,8,8,0.4,0.4
2026-08-15T2100,1084A,112.4691,37.7125,太原市,晋源,细颗粒物(PM2.5),62,43,28,41,20,88,NA,139,133,27,12,8,6,0.8,0.6
2026-08-15T2100,1085A,112.5595,37.7391,太原市,小店,,38,36,38,26,21,104,NA,149,144,22,20,8,7,0.4,0.5
2026-08-15T2100,1087A,112.5705,37.8199,太原市,坞城,,35,27,26,23,22,109,NA,157,152,16,17,12,12,0.7,0.9
2026-08-15T2100,1088A,112.5495,37.9853,太原市,南寨,,40,38,31,28,22,92,NA,146,140,13,16,13,14,0.8,1
2026-08-15T2100,1090A,111.6506,40.7517,呼和浩特市,呼市一监,,31,9,20,7,11,98,NA,127,119,8,12,9,10,0.3,0.3
2026-08-15T2100,1094A,111.7516,40.8369,呼和浩特市,如意水处理厂,,32,22,20,22,17,97,NA,118,113,16,18,6,6,0.5,0.4
2026-08-15T2100,1095A,111.727798,40.806187,呼和浩特市,二十九中,,38,NA,22,26,13,102,NA,122,118,10,12,10,11,0.7,0.7
2026-08-15T2100,1097A,111.717,40.7617,呼和浩特市,化肥厂生活区,,35,NA,22,20,15,111,NA,127,121,10,14,6,8,0.4,0.5
2026-08-15T2100,1099A,123.5058,41.7084,沈阳市,浑南东路,,30,30,28,20,18,76,NA,149,130,19,20,2,4,1.1,1
2026-08-15T2100,1100A,123.4238,41.6992,沈阳市,新秀街,NA,NA,NA,NA,NA,NA,NA,NA,NA,NA,NA,NA,NA,NA,NA,NA
2026-08-15T2100,1102A,123.5903,41.8412,沈阳市,东陵路,NA,NA,18,28,13,11,NA,NA,144,128,22,17,6,7,0.7,0.7
2026-08-15T2100,1103A,123.4267,41.8466,沈阳市,陵东街,,32,24,22,22,14,23,NA,118,91,13,12,4,5,0.9,0.6
2026-08-15T2100,1104A,123.4116,41.7654,沈阳市,文化路,,24,24,27,13,16,74,NA,158,137,16,20,5,7,0.7,0.6
2026-08-15T2100,1105A,123.4673,41.787,沈阳市,小河沿,,33,31,22,23,15,31,NA,133,104,15,14,4,6,1.0,0.7
2026-08-15T2100,1106A,123.4019,41.7978,沈阳市,太原街,,33,33,34,13,14,82,NA,156,137,11,19,3,5,1.0,0.8
2026-08-15T2100,1108A,123.3778,41.9233,沈阳市,京沈街,,26,26,30,15,14,76,NA,122,114,14,17,2,4,0.8,0.6
2026-08-15T2100,1109A,121.6119,38.974,大连市,甘井子,,23,22,31,16,20,65,NA,111,94,26,16,5,5,0.9,0.9
2026-08-15T2100,1110A,121.565,38.9509,大连市,周水子,,32,NA,28,22,21,31,NA,97,72,49,23,8,7,0.8,0.7
2026-08-15T2100,1111A,121.5637,38.8849,大连市,星海三站,NA,NA,18,26,15,18,70,NA,104,95,NA,12,6,6,0.5,0.6
2026-08-15T2100,1112A,121.6301,38.9117,大连市,青泥洼桥,,43,41,24,30,18,29,NA,92,77,46,16,8,8,1.0,0.8
2026-08-15T2100,1113A,121.6248,38.8643,大连市,傅家庄,,33,12,17,6,13,103,NA,118,100,5,6,5,6,0.7,0.9
2026-08-15T2100,1114A,121.5117,38.8636,大连市,七贤岭,,22,22,24,10,15,68,NA,102,90,18,12,6,6,0.6,0.7
2026-08-15T2100,1116A,121.7507,39.1339,大连市,金州,,19,19,28,13,21,55,NA,87,77,14,13,5,5,0.5,0.7
2026-08-15T2100,1117A,121.7811,39.0495,大连市,开发区,,27,27,33,18,20,42,NA,86,76,28,17,10,9,0.6,0.8
2026-08-15T2100,1118A,121.9762,39.0631,大连市,双D港,,23,23,16,15,9,21,NA,78,58,8,8,6,6,0.6,0.5
2026-08-15T2100,1120A,125.2874,43.9024,长春市,客车厂,,31,31,25,16,13,59,NA,116,104,32,23,4,4,0.5,0.4
2026-08-15T2100,1121A,125.2943,43.8508,长春市,邮电学院,,33,29,19,23,13,36,NA,107,93,16,11,6,6,0.5,0.4
2026-08-15T2100,1122A,125.3648,43.8745,长春市,劳动公园,,40,40,27,26,14,60,NA,102,91,26,24,5,5,0.3,0.3
2026-08-15T2100,1123A,125.3233,43.8781,长春市,园林处,,31,31,22,19,12,65,NA,105,96,22,16,6,6,0.4,0.4
2026-08-15T2100,1124A,125.4604,43.7904,长春市,净月潭,,15,13,13,10,10,37,NA,78,67,4,6,6,6,0.2,0.2
2026-08-15T2100,1126A,125.38,43.8422,长春市,经开区环卫处,,30,30,21,14,11,34,NA,96,80,30,19,5,6,0.4,0.4
2026-08-15T2100,1127A,125.234,43.7761,长春市,高新区管委会,,41,41,22,17,11,39,NA,105,92,29,17,6,6,0.4,0.3
2026-08-15T2100,1128A,125.1695,43.83,长春市,岱山公园,,41,41,29,24,15,20,NA,106,90,57,33,4,3,0.6,0.6
2026-08-15T2100,1130A,126.5557,45.8109,哈尔滨市,松北商大,,20,16,16,5,7,61,NA,83,78,10,19,6,6,0.5,0.4
2026-08-15T2100,1132A,126.6162,45.719,哈尔滨市,南岗学府路,,33,33,26,7,5,52,NA,90,79,17,17,7,6,0.5,0.5
2026-08-15T2100,1133A,126.6894,45.7733,哈尔滨市,太平宏伟公园,NA,NA,NA,22,NA,6,NA,NA,81,76,NA,17,NA,7,NA,0.2
2026-08-15T2100,1134A,126.6361,45.7672,哈尔滨市,道外承德广场,,41,41,35,11,7,49,NA,83,74,20,23,8,8,0.4,0.4
2026-08-15T2100,1136A,126.644,45.7261,哈尔滨市,动力和平路,,21,21,21,5,5,57,NA,90,80,15,15,5,5,0.5,0.5
2026-08-15T2100,1137A,126.5933,45.7479,哈尔滨市,道里建国路,,20,18,19,8,7,62,NA,94,85,13,16,6,5,0.6,0.4
2026-08-15T2100,1138A,126.6127,45.6119,哈尔滨市,平房东轻厂,,32,32,26,11,6,47,NA,87,76,19,24,6,11,0.9,0.7
2026-08-15T2100,1139A,126.5875,45.9827,哈尔滨市,呼兰师专,,20,20,26,9,5,56,NA,78,72,18,24,6,8,0.5,0.5
2026-08-15T2100,1140A,126.6299,45.6799,哈尔滨市,省农科院,,33,33,28,4,8,54,NA,87,77,15,21,5,4,0.4,0.5
2026-08-15T2100,1141A,121.401,31.2382,上海市,普陀,,27,27,16,18,13,51,NA,78,62,26,17,5,5,0.4,0.3
2026-08-15T2100,1142A,121.4774,31.2043,上海市,十五厂,,25,25,17,17,13,62,NA,84,71,16,13,4,4,0.6,0.6
2026-08-15T2100,1143A,121.4673,31.3011,上海市,虹口,NA,NA,27,17,12,12,73,NA,69,65,12,15,4,4,NA,0.3
2026-08-15T2100,1147A,121.4253,31.226,上海市,静安监测站,NA,NA,27,16,15,12,NA,NA,78,67,20,16,6,6,0.7,0.7
2026-08-15T2100,1148A,121.7029,31.1905,上海市,浦东川沙,,34,34,21,23,14,66,NA,106,86,28,24,9,9,0.6,0.6
2026-08-15T2100,1149A,121.5339,31.229,上海市,浦东新区监测站,,26,26,15,17,12,54,NA,74,63,24,19,7,7,0.4,0.4
2026-08-15T2100,1150A,121.5776,31.2038,上海市,浦东张江,,23,23,15,13,12,73,NA,88,74,17,18,6,6,0.3,0.2
2026-08-15T2100,1151A,118.8033,32.1085,南京市,迈皋桥,,24,24,14,9,6,24,NA,71,63,35,16,1,2,0.7,0.7
2026-08-15T2100,1152A,118.7487,32.057,南京市,草场门,,27,27,17,12,7,50,NA,91,85,35,15,6,6,0.5,0.4
2026-08-15T2100,1154A,118.770105,32.004342,南京市,中华门,,19,19,14,8,8,44,NA,58,56,22,17,6,6,0.2,0.1
2026-08-15T2100,1155A,118.8059,32.0329,南京市,瑞金路,,22,22,14,12,8,30,NA,69,62,36,17,4,4,0.5,0.5
2026-08-15T2100,1156A,118.7946,32.0774,南京市,玄武湖,,25,25,20,8,6,31,NA,68,61,21,14,4,4,0.5,0.4
2026-08-15T2100,1157A,118.6415,32.0964,南京市,浦口,,23,23,21,3,6,62,NA,81,74,11,11,4,5,0.4,0.6
2026-08-15T2100,1158A,118.730129,32.000956,南京市,奥体中心,,27,27,20,9,7,46,NA,69,66,25,13,7,6,0.7,0.6
2026-08-15T2100,1159A,118.9072,32.1047,南京市,仙林大学城,,24,24,19,5,6,40,NA,80,73,28,14,3,3,0.2,0.2
2026-08-15T2100,1163A,120.5974,31.3247,苏州市,轧钢厂,,22,22,12,12,7,31,NA,39,37,24,23,3,2,0.7,0.6
2026-08-15T2100,1164A,120.6329,31.2741,苏州市,吴中区,,24,24,14,12,8,26,NA,41,33,18,13,4,4,0.5,0.4
2026-08-15T2100,1165A,120.5566,31.3049,苏州市,苏州新区,,38,38,50,22,11,29,NA,43,40,22,14,7,6,0.7,0.5
2026-08-15T2100,1166A,120.668709,31.312523,苏州市,苏州工业园区,,22,22,12,13,8,30,NA,42,39,22,16,8,8,0.8,0.7
2026-08-15T2100,1167A,120.6408,31.3707,苏州市,相城区,,16,16,11,9,5,44,NA,44,43,9,14,2,2,0.7,0.7
2026-08-15T2100,1168A,120.9056,31.9669,南通市,狼山街道,,19,NA,6,13,5,39,NA,59,55,12,5,5,3,0.6,0.6
2026-08-15T2100,1170A,120.8635,32.0231,南通市,城中,NA,NA,16,14,8,7,NA,NA,60,60,7,8,1,1,0.4,0.3
2026-08-15T2100,1171A,120.9376,31.9301,南通市,星湖花园,,13,10,6,9,6,41,NA,53,50,7,5,2,2,0.5,0.5
2026-08-15T2100,1172A,120.8053,32.046,南通市,紫琅学院,,18,16,6,10,6,56,NA,59,57,4,4,2,2,0.5,0.4
2026-08-15T2100,1173A,119.1759,34.5885,连云港市,市环境监测站,,23,14,18,14,13,72,NA,136,117,9,16,7,8,0.4,0.4
2026-08-15T2100,1180A,117.257,34.2161,徐州市,新城区,,27,27,16,9,7,49,NA,97,88,19,8,7,8,0.3,0.3
2026-08-15T2100,1182A,117.2933,34.2796,徐州市,农科院,,31,31,16,11,10,74,NA,92,88,11,11,6,7,0.8,0.7
2026-08-15T2100,1186A,119.3895,32.377,扬州市,邗江监测站,,19,19,17,12,7,59,NA,82,77,10,4,7,7,0.5,0.4
2026-08-15T2100,1188A,120.2693,31.4864,无锡市,雪浪,,31,31,19,10,11,24,NA,42,40,26,19,5,4,0.8,0.9
2026-08-15T2100,1189A,120.2761,31.621,无锡市,黄巷,NA,NA,28,20,7,13,32,NA,32,31,NA,25,5,5,0.8,1
2026-08-15T2100,1191A,120.2422,31.5037,无锡市,漆塘,,34,34,28,14,11,33,NA,47,46,20,14,6,6,0.5,0.6
2026-08-15T2100,1192A,120.3489,31.5865,无锡市,东亭,,17,17,12,8,11,34,NA,34,34,21,26,6,5,0.5,0.6
2026-08-15T2100,1193A,120.3538,31.5474,无锡市,旺庄,,20,20,14,9,10,37,NA,40,40,20,21,10,9,0.6,0.7
2026-08-15T2100,1194A,120.2447,31.5633,无锡市,荣巷,,14,14,16,6,9,42,NA,48,48,17,18,6,6,0.3,0.5
2026-08-15T2100,1195A,120.2986,31.6816,无锡市,堰桥,NA,NA,17,18,5,11,45,NA,46,46,NA,21,4,5,0.5,0.8
2026-08-15T2100,1196A,119.9524,31.7586,常州市,市监测站,,21,21,17,6,6,32,NA,47,45,17,13,11,12,0.5,0.5
2026-08-15T2100,1200A,119.9351,31.703,常州市,武进监测站,,16,16,17,8,12,38,NA,52,49,16,18,4,5,0.8,0.8
2026-08-15T2100,1203A,119.6708,32.187,镇江市,新区办事处,,17,17,13,10,8,44,NA,70,66,19,11,4,3,0.4,0.4
2026-08-15T2100,1204A,119.497455,32.196732,镇江市,职教中心,,17,14,16,7,9,38,NA,70,65,33,17,4,5,0.3,0.3
2026-08-15T2100,1205A,119.43,32.1328,镇江市,丹徒区监测站,,19,19,17,4,3,50,NA,69,69,20,14,12,5,0.4,0.5
2026-08-15T2100,1206A,119.9042,32.488,泰州市,公园路,,20,14,8,7,3,61,NA,70,69,6,3,6,6,0.3,0.3
2026-08-15T2100,1207A,119.9189,32.4626,泰州市,莲花,,19,15,7,5,3,60,NA,68,67,8,5,7,7,0.1,0.1
2026-08-15T2100,1209A,119.8877,32.4636,泰州市,留学生创业园,,18,14,9,9,7,57,NA,71,69,5,2,7,6,0.5,0.4
2026-08-15T2100,1210A,119.0566,33.5991,淮安市,钵池山,,22,19,16,15,11,34,NA,72,57,16,13,2,2,0.5,0.4
2026-08-15T2100,1211A,119.0083,33.578,淮安市,北京南路,,24,24,18,10,11,14,NA,78,60,38,15,4,4,0.6,0.6
2026-08-15T2100,1212A,118.9938,33.6083,淮安市,市监测站,,14,14,9,8,10,42,NA,80,65,17,17,7,7,0.7,0.6
2026-08-15T2100,1213A,119.135,33.5038,淮安市,楚州区监测站,,13,12,10,9,7,40,NA,72,58,20,12,5,5,0.5,0.5
2026-08-15T2100,1216A,120.1554,33.3941,盐城市,市监测站,,22,22,10,11,4,36,NA,80,68,11,5,10,9,0.5,0.5
2026-08-15T2100,1218A,120.214332,33.37951,盐城市,开发区管委会,,18,14,11,10,7,55,NA,72,69,7,3,9,9,0.6,0.6
2026-08-15T2100,1220A,118.2924,33.933,宿迁市,宿迁学院,,46,36,19,32,12,81,NA,103,101,17,8,11,12,0.6,0.5
2026-08-15T2100,1221A,118.2321,33.9572,宿迁市,宿迁中学,,40,28,19,28,13,94,NA,107,104,14,14,8,10,0.8,0.7
2026-08-15T2100,1223A,120.2073,30.2111,杭州市,滨江,,35,34,18,24,12,55,NA,69,68,24,18,5,4,0.7,0.7
2026-08-15T2100,1224A,120.0625,30.2737,杭州市,西溪,,26,22,13,18,11,34,NA,41,38,12,13,4,5,0.8,0.7
2026-08-15T2100,1226A,120.3417,30.315,杭州市,下沙,,33,NA,14,23,14,51,NA,79,71,22,15,4,4,0.8,0.7
2026-08-15T2100,1227A,120.1252,30.2465,杭州市,卧龙桥,,30,30,16,19,9,20,NA,50,41,17,12,5,5,0.9,0.7
2026-08-15T2100,1228A,120.1902,30.2691,杭州市,浙江农大,,33,25,15,23,12,38,NA,54,51,29,21,6,6,0.7,0.7
2026-08-15T2100,1230A,120.1195,30.3121,杭州市,和睦小学,,23,21,15,16,11,47,NA,60,57,17,14,6,7,0.9,0.8
2026-08-15T2100,1231A,120.3076,30.4146,杭州市,临平镇,,16,14,19,8,13,49,NA,76,70,8,10,6,6,0.7,0.7
2026-08-15T2100,1232A,120.2753,30.1839,杭州市,城厢镇,,32,NA,14,22,11,55,NA,65,65,14,14,5,5,0.7,0.6
2026-08-15T2100,1233A,120.0883,30.1808,杭州市,云栖,,29,29,17,19,7,28,NA,54,46,15,13,5,5,0.9,0.7
2026-08-15T2100,1234A,121.8352,29.9111,宁波市,区环保大楼,,49,49,30,24,17,72,NA,141,119,29,27,5,5,0.8,0.7
2026-08-15T2100,1235A,121.5595,29.8208,宁波市,万里学院,,28,NA,15,19,13,89,NA,134,120,11,13,3,3,0.6,0.6
2026-08-15T2100,1236A,121.713,29.9564,宁波市,龙赛医院,,42,42,27,26,15,88,NA,140,120,21,17,6,6,0.4,0.4
2026-08-15T2100,1240A,121.5855,29.8635,宁波市,太古小学,,25,22,22,14,15,78,NA,133,117,11,10,4,4,0.8,0.6
2026-08-15T2100,1241A,121.5239,29.8673,宁波市,市环境监测中心,,32,NA,18,22,15,96,NA,131,119,22,15,8,8,0.8,0.7
2026-08-15T2100,1242A,120.6342,28.0088,温州市,瓯海,,19,19,19,8,10,50,NA,122,98,20,14,5,5,0.6,0.6
2026-08-15T2100,1243A,120.6747,27.9881,温州市,南浦,,18,16,19,12,12,55,NA,132,110,22,12,5,5,0.6,0.6
2026-08-15T2100,1244A,120.76,27.9745,温州市,龙湾,,19,18,24,12,12,58,NA,128,102,15,12,6,6,0.6,0.6
2026-08-15T2100,1247A,120.6053,29.9927,绍兴市,城东开发委,,42,41,19,29,12,55,NA,93,85,18,8,10,10,0.9,0.7
2026-08-15T2100,1250A,120.075,30.867,湖州市,城西水厂,,30,28,18,21,13,50,NA,59,59,14,18,6,6,0.6,0.4
2026-08-15T2100,1252A,120.7439,30.778,嘉兴市,清河小学,,19,19,18,10,12,32,NA,75,61,21,14,6,6,0.4,0.4
2026-08-15T2100,1253A,120.7261,30.7477,嘉兴市,嘉兴学院,,18,13,12,12,12,39,NA,84,69,16,15,2,2,0.4,0.4
2026-08-15T2100,1255A,121.2727,28.6461,台州市,黄岩环保大楼,,21,17,25,11,16,65,NA,96,74,9,10,/,/,/,/
2026-08-15T2100,1256A,121.4188,28.6545,台州市,台州环保大楼,,20,20,30,14,19,58,NA,112,82,16,12,/,/,0.7,0.7
2026-08-15T2100,1257A,121.3768,28.5772,台州市,路桥田洋王,,22,22,29,13,18,57,NA,119,84,16,11,5,5,0.4,0.4
2026-08-15T2100,1258A,122.1223,30.0203,舟山市,定海檀枫,,42,42,34,26,21,78,NA,131,116,31,12,7,7,0.9,0.9
2026-08-15T2100,1260A,122.1898,29.9945,舟山市,临城新区,,35,24,25,24,20,68,NA,153,127,37,12,6,5,0.8,0.8
2026-08-15T2100,1262A,119.6478,29.0773,金华市,十五中,,21,7,21,4,12,67,NA,94,84,10,10,2,2,0.6,0.5
2026-08-15T2100,1263A,119.6859,29.1032,金华市,监测站,,21,7,20,2,11,67,NA,100,88,14,10,1,2,0.7,0.6
2026-08-15T2100,1264A,118.8694,28.94,衢州市,环保大楼,,20,12,26,8,15,61,NA,85,79,11,12,/,/,/,/
2026-08-15T2100,1266A,118.8622,28.9809,衢州市,衢州学院,,22,10,23,5,14,68,NA,90,84,13,15,5,6,0.4,0.4
2026-08-15T2100,1267A,119.9141,28.4513,丽水市,监测站大楼,,17,9,13,6,6,52,NA,83,70,10,9,5,6,0.6,0.6
2026-08-15T2100,1268A,119.93,28.4589,丽水市,莲都小学,,16,NA,14,9,6,51,NA,89,74,14,12,/,/,/,/
2026-08-15T2100,1269A,119.8794,28.4232,丽水市,余庄前,,16,16,16,5,5,34,NA,97,72,9,8,4,4,0.5,0.5
2026-08-15T2100,1270A,117.1957,31.7845,合肥市,明珠广场,,31,31,19,16,12,23,NA,60,55,34,12,8,8,0.6,0.5
2026-08-15T2100,1271A,117.307,31.8765,合肥市,三里街,,23,22,15,16,11,47,NA,55,55,16,10,10,10,0.4,0.3
2026-08-15T2100,1272A,117.2587,31.8703,合肥市,琥珀山庄,,27,27,19,12,11,49,NA,60,60,16,10,8,8,0.7,0.6
2026-08-15T2100,1275A,117.2593,31.9376,合肥市,庐阳区,,29,22,17,20,10,53,NA,66,66,12,9,9,9,0.8,0.7
2026-08-15T2100,1276A,117.345251,31.861615,合肥市,瑶海区,,24,24,15,16,10,41,NA,57,55,25,12,3,3,0.5,0.4
2026-08-15T2100,1277A,117.3033,31.7967,合肥市,包河区,,28,22,18,11,11,1,NA,53,45,56,24,8,7,0.5,0.3
2026-08-15T2100,1278A,117.278,31.7392,合肥市,滨湖新区,,20,19,17,8,11,22,NA,59,57,39,13,8,8,0.8,0.6
2026-08-15T2100,1279A,117.1324,31.8395,合肥市,高新区,,29,27,20,20,13,63,NA,67,67,13,13,7,7,0.6,0.5
2026-08-15T2100,1282A,119.2681,26.0506,福州市,师大,,23,23,24,15,10,53,NA,90,72,17,8,4,4,0.3,0.3
2026-08-15T2100,1283A,119.2983,26.1028,福州市,五四北路,,18,17,24,12,13,52,NA,88,66,21,14,4,4,0.5,0.4
2026-08-15T2100,1284A,119.2648,26.0769,福州市,杨桥西路,,23,23,24,12,11,57,NA,89,73,14,11,3,4,/,/
2026-08-15T2100,1287A,118.1519,24.4768,厦门市,洪文,,15,14,16,8,10,47,NA,66,60,12,12,5,4,0.2,0.2
2026-08-15T2100,1288A,118.0671,24.4447,厦门市,鼓浪屿,,18,13,19,8,10,57,NA,70,64,8,12,2,2,/,/
2026-08-15T2100,1291A,115.8887,28.7006,南昌市,省林业公司,,27,NA,8,13,9,85,NA,94,94,5,5,5,5,0.7,0.7
2026-08-15T2100,1292A,115.813,28.7443,南昌市,林科所,,21,14,6,12,7,65,NA,84,84,16,5,6,6,0.9,0.8
2026-08-15T2100,1294A,115.8518,28.687,南昌市,建工学校,,21,21,13,14,10,66,NA,84,83,15,8,7,6,0.9,0.8
2026-08-15T2100,1295A,115.8926,28.6425,南昌市,象湖,,25,NA,3,15,10,77,NA,83,83,8,8,8,8,0.5,0.4
2026-08-15T2100,1299A,116.9866,36.6118,济南市,科干所,,33,29,31,15,16,104,NA,161,150,19,16,5,6,0.4,0.4
2026-08-15T2100,1300A,116.9379,36.6652,济南市,农科所,,32,32,33,12,17,98,NA,153,141,20,21,5,6,0.3,0.3
2026-08-15T2100,1301A,117.1265,36.6736,济南市,开发区,,44,44,37,16,17,123,NA,163,152,15,17,8,8,0.4,0.4
2026-08-15T2100,1303A,117.0616,36.6865,济南市,省种子仓库,,36,36,45,18,20,110,NA,155,145,16,25,6,8,0.6,0.6
2026-08-15T2100,1304A,116.9495185,36.644937,济南市,机床二厂,,39,39,37,15,18,117,NA,175,164,17,20,7,8,0.4,0.5
2026-08-15T2100,1305A,117.0496,36.6629,济南市,市监测站,,35,32,38,13,16,109,NA,162,151,18,20,5,6,0.5,0.5
2026-08-15T2100,1306A,116.7674,36.5458,济南市,长清党校,,33,32,34,23,16,105,NA,143,140,9,12,6,6,0.4,0.3
2026-08-15T2100,1310A,120.404,36.0625,青岛市,市南区东部子站,NA,NA,NA,14,NA,9,71,NA,93,92,23,8,6,8,0.3,0.3
2026-08-15T2100,1311A,120.362344,36.10282,青岛市,四方区子站,,28,7,20,3,12,87,NA,109,106,8,16,5,6,0.5,0.5
2026-08-15T2100,1312A,120.294373,36.054183,青岛市,市南区西部子站,,28,5,20,1,16,89,NA,110,105,12,21,7,8,0.5,0.5
2026-08-15T2100,1313A,120.4581,36.0858,青岛市,崂山区子站,,27,5,12,4,9,86,NA,99,98,8,12,8,9,0.3,0.3
2026-08-15T2100,1315A,120.3945,36.3083,青岛市,城阳区子站,,19,17,30,13,19,53,NA,144,121,23,20,4,5,0.4,0.4
2026-08-15T2100,1316A,113.6843,34.7622,郑州市,烟厂,,45,NA,34,31,25,110,NA,133,131,16,14,3,3,0.5,0.4
2026-08-15T2100,1318A,113.669,34.8034,郑州市,银行学校,,36,34,34,25,27,97,NA,128,125,25,16,5,5,0.3,0.3
2026-08-15T2100,1319A,113.5612,34.8143,郑州市,供水公司,,39,38,36,27,24,81,NA,119,114,30,23,6,6,0.7,0.5
2026-08-15T2100,1320A,113.7269,34.7187,郑州市,经开区管委,,39,39,33,27,24,117,NA,155,151,16,15,2,2,0.5,0.5
2026-08-15T2100,1321A,113.7332,34.7727,郑州市,四十七中,,39,35,33,27,25,97,NA,137,132,23,13,4,4,0.5,0.4
2026-08-15T2100,1323A,113.6361,34.7537,郑州市,河医大,,40,37,39,28,25,111,NA,123,122,13,16,4,4,0.4,0.5
2026-08-15T2100,1325A,114.3676,30.5584,武汉市,东湖梨园,,19,19,13,6,6,51,NA,64,61,12,9,6,6,0.4,0.3
2026-08-15T2100,1326A,114.2527,30.5578,武汉市,汉阳月湖,,16,16,13,11,7,35,NA,61,53,21,10,3,3,0.6,0.5
2026-08-15T2100,1327A,114.2819,30.6189,武汉市,汉口花桥,,28,20,13,19,7,50,NA,61,58,14,10,5,6,0.3,0.3
2026-08-15T2100,1328A,114.3024,30.5332,武汉市,武昌紫阳,,28,25,15,19,8,46,NA,61,56,13,8,6,6,0.3,0.2
2026-08-15T2100,1329A,114.3646,30.6217,武汉市,青山钢花,,25,25,11,11,6,48,NA,64,60,14,8,6,6,0.5,0.5
2026-08-15T2100,1330A,114.156697,30.482592,武汉市,沌口新区,,20,19,14,14,8,26,NA,70,60,36,13,8,8,0.4,0.6
2026-08-15T2100,1331A,114.3013,30.5944,武汉市,汉口江滩,NA,NA,14,11,14,6,NA,NA,62,55,NA,10,NA,3,NA,0.5
2026-08-15T2100,1333A,114.1285,30.6339,武汉市,吴家山,,20,20,13,12,8,51,NA,65,62,15,12,6,6,0.3,0.2
2026-08-15T2100,1335A,113.082,28.2421,长沙市,经开区环保局,,42,42,31,24,19,73,NA,93,91,14,7,5,5,0.6,0.6
2026-08-15T2100,1336A,112.8873,28.2202,长沙市,高开区环保局,,41,41,29,24,19,85,NA,98,97,6,4,4,4,0.7,0.6
2026-08-15T2100,1337A,113.0785,28.2012,长沙市,马坡岭,NA,NA,40,31,27,21,87,NA,108,106,14,9,8,7,NA,0.5
2026-08-15T2100,1338A,112.9448,28.1894,长沙市,湖南师范大学,,38,38,30,21,19,73,NA,101,98,10,9,6,6,0.5,0.4
2026-08-15T2100,1339A,113.0177,28.1322,长沙市,雨花区环保局,,37,37,30,24,19,87,NA,101,100,9,5,6,6,1.0,0.9
2026-08-15T2100,1340A,112.9795,28.2593,长沙市,伍家岭,,41,41,33,26,21,77,NA,98,95,12,6,4,4,0.5,0.5
2026-08-15T2100,1341A,113.002,28.1944,长沙市,火车新站,,41,41,31,23,20,82,NA,98,97,10,5,4,4,0.5,0.4
2026-08-15T2100,1342A,112.9846,28.1177,长沙市,天心区环保局,,42,42,29,28,22,89,NA,106,105,14,8,3,3,0.8,0.7
2026-08-15T2100,1343A,112.8906,28.1307,长沙市,湖南中医药大学,,31,31,31,21,18,71,NA,96,93,16,6,6,6,0.9,0.8
2026-08-15T2100,1345A,113.2346,23.1423,广州市,广雅中学,,31,23,18,15,13,97,NA,119,115,17,21,4,4,0.8,0.8
2026-08-15T2100,1346A,113.2611,23.105,广州市,市五中,,40,22,18,12,14,125,NA,171,164,17,16,4,4,/,/
2026-08-15T2100,1348A,113.3477,23.0916,广州市,广东商学院,,37,18,19,11,12,118,NA,171,158,19,19,5,5,0.5,0.5
2026-08-15T2100,1349A,113.4332,23.105,广州市,市八十六中,,38,18,18,14,12,119,NA,164,160,20,26,5,5,/,/
2026-08-15T2100,1350A,113.3506,22.9488,广州市,番禺中学,,34,14,24,10,15,108,NA,167,162,12,15,6,6,0.4,0.4
2026-08-15T2100,1351A,113.2147,23.3918,广州市,花都师范,,39,33,21,27,16,82,NA,107,103,15,17,4,2,0.8,0.5
2026-08-15T2100,1352A,113.2599,23.1329,广州市,市监测站,,37,22,18,14,14,116,NA,149,142,10,12,1,1,/,/
2026-08-15T2100,1353A,113.5618,23.3119,广州市,九龙镇镇龙,,35,31,18,24,12,103,NA,136,133,28,14,9,7,0.8,0.7
2026-08-15T2100,1354A,113.2764,23.1544,广州市,麓湖,,38,23,17,16,12,121,NA,134,122,13,19,4,4,0.8,0.7
2026-08-15T2100,1356A,114.0948,22.5506,深圳市,通心岭子站,,19,19,17,9,10,56,NA,85,83,11,14,3,3,0.9,1
2026-08-15T2100,1357A,114.1153,22.5713,深圳市,洪湖,NA,NA,23,17,11,10,NA,NA,90,90,16,17,6,4,0.6,0.6
2026-08-15T2100,1358A,113.9823,22.5398,深圳市,华侨城,,23,22,18,5,8,72,NA,81,81,14,13,/,/,/,/
2026-08-15T2100,1359A,113.9181,22.517,深圳市,南海子站,,40,34,19,28,11,94,NA,79,79,11,14,6,6,1.0,0.9
2026-08-15T2100,1360A,114.2345,22.565,深圳市,盐田,NA,NA,NA,16,NA,6,14,NA,47,44,43,30,6,7,0.6,0.6
2026-08-15T2100,1363A,114.4911,22.5381,深圳市,南澳,,16,14,14,5,3,51,NA,69,68,8,9,/,/,/,/
2026-08-15T2100,1364A,114.41,22.6346,深圳市,葵涌,,20,14,11,7,5,62,NA,75,75,12,10,6,6,0.7,0.7
2026-08-15T2100,1365A,114.2967,22.5978,深圳市,梅沙,,17,17,12,7,6,36,NA,65,62,15,14,/,/,/,/
2026-08-15T2100,1366A,114.0563,22.7353,深圳市,观澜,,44,44,30,24,16,106,NA,114,114,12,20,3,3,0.9,0.9
2026-08-15T2100,1367A,113.5811,22.2618,珠海市,吉大,NA,NA,17,16,7,9,69,NA,76,76,NA,9,6,6,0.6,0.5
2026-08-15T2100,1368A,113.4893,22.2323,珠海市,前山,,23,15,18,10,12,72,NA,80,80,14,8,/,/,/,/
2026-08-15T2100,1369A,113.6284,22.4252,珠海市,唐家,,24,13,15,5,9,75,NA,77,77,6,9,/,/,/,/
2026-08-15T2100,1370A,113.2986,22.2284,珠海市,斗门,,27,11,17,8,12,84,NA,83,82,9,7,7,7,0.7,0.8
2026-08-15T2100,1371A,113.1293,23.0065,佛山市,湾梁,,30,27,20,18,18,96,NA,153,143,16,16,/,/,/,/
2026-08-15T2100,1372A,113.1082,23.0477,佛山市,华材职中,,32,29,20,21,20,102,NA,144,135,12,14,8,8,0.7,0.7
2026-08-15T2100,1373A,113.1439,23.045,佛山市,南海气象局,,30,NA,21,21,20,95,NA,133,124,19,16,/,/,/,/
2026-08-15T2100,1374A,113.2879,22.8094,佛山市,顺德苏岗,,31,NA,23,14,21,98,NA,178,168,18,15,/,/,0.6,0.6
2026-08-15T2100,1376A,112.8384,22.8678,佛山市,高明孔堂,,25,21,43,13,27,80,NA,130,119,7,19,/,/,/,/
2026-08-15T2100,1377A,112.8835,23.1584,佛山市,三水监测站,,25,19,21,17,22,34,NA,112,88,38,22,5,5,0.7,0.7
2026-08-15T2100,1378A,112.8668,23.185,佛山市,三水云东海,NA,NA,NA,26,20,22,NA,NA,98,88,25,15,/,/,/,/
2026-08-15T2100,1379A,113.377,22.5211,中山市,华柏园,,25,NA,24,11,13,77,NA,114,106,11,6,/,/,/,/
2026-08-15T2100,1380A,113.3879,22.5499,中山市,张溪,,21,8,26,6,16,65,NA,119,110,31,12,/,/,/,/
2026-08-15T2100,1381A,113.4071,22.5111,中山市,紫马岭,,22,NA,20,9,14,70,NA,109,103,11,7,7,8,0.5,0.5
2026-08-15T2100,1383A,113.1063,22.6058,江门市,北街,,29,23,26,20,19,61,NA,131,115,10,9,/,/,/,/
2026-08-15T2100,1384A,113.073,22.5835,江门市,西区,,29,25,28,20,20,77,NA,127,116,12,14,/,/,/,/
2026-08-15T2100,1385A,113.0218,22.531,江门市,圭峰西,,29,NA,26,20,18,69,NA,111,102,8,10,/,/,/,/
2026-08-15T2100,1390A,113.7943,23.0132,东莞市,东城石井,,32,21,27,14,18,100,NA,184,168,16,21,5,6,0.8,0.8
2026-08-15T2100,1391A,113.7384,22.9659,东莞市,南城西平,,33,19,26,12,17,104,NA,155,142,13,25,8,9,0.6,0.6
2026-08-15T2100,1392A,114.4181,23.0528,惠州市,河南岸金山湖子站,,24,20,17,13,12,75,NA,117,111,15,11,8,9,0.6,0.7
2026-08-15T2100,1393A,114.4055,23.0824,惠州市,下埔横江三路子站,,31,25,21,16,12,98,NA,128,123,16,12,4,5,0.7,0.6
2026-08-15T2100,1395A,114.4645,22.7832,惠州市,惠阳区承修路船湖子站,,26,26,17,13,8,41,NA,85,76,26,11,2,2,0.7,0.6
2026-08-15T2100,1396A,114.5316,22.7423,惠州市,大亚湾管委会子站,,25,25,14,14,8,30,NA,68,60,34,15,7,6,0.7,0.6
2026-08-15T2100,1397A,112.426,23.062,肇庆市,睦岗子站,,16,16,20,8,14,41,NA,97,82,24,12,6,6,/,/
2026-08-15T2100,1398A,112.4645,23.0476,肇庆市,城中子站,,20,16,22,14,17,58,NA,94,84,18,15,12,12,0.8,0.7
2026-08-15T2100,1399A,112.5545,23.1525,肇庆市,坑口子站,,15,14,17,10,14,31,NA,93,73,8,7,5,6,0.4,0.4
2026-08-15T2100,1401A,108.3098,22.788,南宁市,二十一中,,33,NA,23,23,18,81,NA,136,130,12,11,5,5,1.1,1
2026-08-15T2100,1402A,108.3135,22.8529,南宁市,北湖,,29,NA,24,20,22,81,NA,132,124,11,14,4,5,0.6,0.6
2026-08-15T2100,1403A,108.3205,22.8222,南宁市,市监测站,,26,22,23,18,16,81,NA,135,128,9,11,4,5,0.6,0.6
2026-08-15T2100,1404A,108.3828,22.8038,南宁市,大自然花园,,32,32,20,20,16,66,NA,120,114,13,10,5,4,0.7,0.7
2026-08-15T2100,1406A,108.2397,22.8462,南宁市,区农职院,,33,33,23,23,19,75,NA,109,106,12,7,6,5,0.6,0.7
2026-08-15T2100,1407A,108.3285,22.7356,南宁市,英华嘉园,,40,NA,26,28,18,81,NA,132,128,10,11,5,4,0.7,0.6
2026-08-15T2100,1410A,110.3189,20.0596,海口市,海南大学,,31,31,24,19,14,54,NA,88,73,16,13,5,5,0.5,0.4
2026-08-15T2100,1411A,110.2827,20.0051,海口市,秀英海南医院,,39,NA,18,27,15,48,NA,79,62,19,12,5,6,0.4,0.3
2026-08-15T2100,1412A,110.3391,19.9979,海口市,海南师范大学,,22,22,28,15,13,50,NA,80,68,10,10,3,4,0.5,0.5
2026-08-15T2100,1413A,110.3303,20.0359,海口市,龙华路环保局宿舍,,23,23,20,13,13,64,NA,92,76,8,11,/,/,0.4,0.4
2026-08-15T2100,1416A,106.4216,29.8256,重庆市,天生,,28,27,24,17,11,87,NA,138,130,12,14,9,10,0.7,0.7
2026-08-15T2100,1417A,106.6264,29.7226,重庆市,两路,,49,49,32,15,10,74,NA,125,115,30,21,6,7,0.7,0.8
2026-08-15T2100,1419A,106.5778,29.5103,重庆市,南坪,,44,44,26,8,8,119,NA,127,127,16,12,6,4,0.7,0.5
2026-08-15T2100,1420A,106.6556,29.6277,重庆市,唐家沱,,42,42,21,24,11,85,NA,124,121,20,17,14,13,0.5,0.4
2026-08-15T2100,1431A,103.9727,30.7242,成都市,金泉两河,颗粒物(PM10),63,67,51,33,36,107,NA,175,160,13,18,1,4,0.7,0.7
2026-08-15T2100,1432A,104.1423,30.6765,成都市,十里店,细颗粒物(PM2.5),66,46,45,43,28,135,NA,155,146,14,21,6,7,0.8,0.8
2026-08-15T2100,1433A,104.0594,30.5765,成都市,三瓦窑,,47,47,38,30,28,131,NA,170,161,20,26,6,6,0.6,0.6
2026-08-15T2100,1434A,104.1122,30.6306,成都市,沙河铺,颗粒物(PM10),57,59,39,33,27,144,NA,142,135,16,20,8,8,0.7,0.7
2026-08-15T2100,1439A,106.6863,26.6035,贵阳市,马鞍山,,19,12,13,8,7,59,NA,73,71,13,8,2,2,/,/
2026-08-15T2100,1441A,106.6241,26.6266,贵阳市,鉴湖路,,27,27,24,10,6,67,NA,76,75,8,7,6,6,0.6,0.6
2026-08-15T2100,1442A,106.7468,26.6344,贵阳市,燕子冲,,19,17,19,10,6,60,NA,73,72,12,7,5,6,0.7,0.6
2026-08-15T2100,1443A,106.6556,26.4362,贵阳市,碧云窝,,29,29,29,19,9,33,NA,78,69,13,9,4,4,/,/
2026-08-15T2100,1445A,106.6963,26.6063,贵阳市,红边门,,24,24,14,9,7,52,NA,73,70,15,8,9,8,/,/
2026-08-15T2100,1446A,106.7162383,26.56964667,贵阳市,新华路,,34,34,21,7,7,49,NA,77,74,14,13,6,6,0.5,0.4
2026-08-15T2100,1447A,106.6742,26.542,贵阳市,太慈桥,,12,12,16,4,6,36,NA,80,74,10,10,2,3,/,/
2026-08-15T2100,1450A,102.8203,24.889,昆明市,呈贡新区,颗粒物(PM10),55,57,27,22,15,98,NA,140,134,20,10,7,4,0.7,0.6
2026-08-15T2100,1452A,102.7253,25.0904,昆明市,龙泉镇,,43,43,30,20,17,116,NA,147,143,15,16,6,6,0.4,0.5
2026-08-15T2100,1453A,102.7267,25.0378,昆明市,东风东路,,36,34,31,22,15,114,NA,145,139,13,14,4,4,0.5,0.5
2026-08-15T2100,1454A,102.6744,25.0671,昆明市,金鼎山,,36,30,26,20,16,114,NA,141,137,15,15,4,5,0.4,0.4
2026-08-15T2100,1455A,102.6643,25.0401,昆明市,碧鸡广场,,34,34,29,21,16,100,NA,127,124,19,16,6,7,0.6,0.6
2026-08-15T2100,1456A,91.132,29.6515,拉萨市,八廓街,,24,12,12,11,7,74,NA,94,92,18,15,8,8,0.1,0.1
2026-08-15T2100,1457A,91.1221,29.6748,拉萨市,市环保局,,22,12,13,6,5,69,NA,91,89,18,14,9,9,0.4,0.4
2026-08-15T2100,1458A,91.0874,29.6476,拉萨市,区监测站,,24,10,10,6,5,74,NA,89,87,19,17,8,8,0.2,0.2
2026-08-15T2100,1459A,91.1774,29.6541,拉萨市,西藏大学,,24,10,10,6,5,75,NA,96,95,19,15,7,7,0.3,0.3
2026-08-15T2100,1460A,90.9798,29.6586,拉萨市,区辐射站,,27,27,12,10,6,66,NA,82,81,21,18,7,7,0.2,0.1
2026-08-15T2100,1461A,91.0831,29.6292,拉萨市,拉萨火车站,,23,11,11,7,6,73,NA,91,88,18,15,6,7,0.3,0.3
2026-08-15T2100,1463A,108.9931,34.2629,西安市,兴庆小区,,37,33,32,17,17,116,NA,146,143,14,15,5,6,0.5,0.5
2026-08-15T2100,1464A,109.0595,34.2569,西安市,纺织城,,30,26,34,19,18,94,NA,127,122,14,20,10,10,0.6,0.6
2026-08-15T2100,1465A,108.9377,34.2178,西安市,小寨,,39,39,31,19,17,106,NA,138,135,14,15,2,2,0.5,0.5
2026-08-15T2100,1466A,108.9522,34.2739,西安市,市人民体育场,,35,32,34,19,17,112,NA,149,146,18,17,8,7,0.6,0.6
2026-08-15T2100,1467A,108.8923,34.2322,西安市,高新西区,,39,39,33,21,18,122,NA,154,152,13,13,6,5,0.5,0.5
2026-08-15T2100,1468A,108.9386,34.3446,西安市,经开区,,34,30,32,16,19,106,NA,129,128,10,9,3,2,0.5,0.5
2026-08-15T2100,1469A,108.894,34.1557,西安市,长安区,,50,50,41,20,19,128,NA,166,164,26,23,2,2,0.5,0.5
2026-08-15T2100,1471A,109.213,34.3748,西安市,临潼区,,26,24,30,17,19,81,NA,123,117,7,8,9,10,0.8,0.8
2026-08-15T2100,1474A,109.0508,34.321,西安市,广运潭,,33,33,36,19,19,86,NA,123,119,19,15,5,5,0.5,0.5
2026-08-15T2100,1479A,103.8309,36.0467,兰州市,铁路设计院,,37,35,41,19,18,116,NA,126,126,12,21,3,4,0.3,0.4
2026-08-15T2100,1489A,106.1361,38.5039,银川市,学院路,,46,46,56,21,18,131,NA,162,158,19,25,5,5,0.9,0.6
2026-08-15T2100,1490A,87.5796,43.8299,乌鲁木齐市,监测站,,37,37,43,2,13,111,NA,115,115,7,23,2,2,0.3,0.5
2026-08-15T2100,1491A,87.6044,43.7679,乌鲁木齐市,收费所,,34,33,48,14,17,106,NA,109,109,9,32,3,3,0.2,0.4
2026-08-15T2100,1493A,87.5529,43.8704,乌鲁木齐市,铁路局,,45,45,48,3,14,104,NA,114,114,10,26,6,7,0.3,0.5
2026-08-15T2100,1494A,87.6408,43.8258,乌鲁木齐市,三十一中学,颗粒物(PM10),54,55,42,24,14,104,NA,111,111,7,16,3,5,0.5,0.6
2026-08-15T2100,1496A,87.7218,44.1747,乌鲁木齐市,米东区环保局,,30,23,64,17,18,96,NA,110,109,1,15,9,10,0.3,0.5
2026-08-15T2100,1508A,112.9508,27.8626,湘潭市,板塘,NA,NA,31,29,19,20,91,NA,95,94,12,10,NA,4,0.5,0.4
2026-08-15T2100,1511A,112.9114,27.8404,湘潭市,市监测站,,27,22,14,18,19,84,NA,89,89,5,4,2,2,0.4,0.4
2026-08-15T2100,1512A,112.8935,27.8729,湘潭市,江麓,,35,35,30,20,19,77,NA,84,83,8,6,5,4,0.1,0.1
2026-08-15T2100,1513A,112.9227,27.8159,湘潭市,岳塘,,32,32,29,20,21,85,NA,92,91,9,7,5,5,0.0,0
2026-08-15T2100,1514A,112.9073,27.9118,湘潭市,科大,颗粒物(PM10),100,120,36,20,14,67,NA,86,84,18,7,4,4,0.4,0.3
2026-08-15T2100,1515A,113.1265,27.8306,株洲市,天台山庄,,33,33,30,23,21,67,NA,91,88,16,7,2,2,0.5,0.4
2026-08-15T2100,1518A,113.0937,27.8919,株洲市,株冶医院,,37,37,27,23,19,40,NA,90,80,20,10,4,3,0.6,0.4
2026-08-15T2100,1519A,113.1709,27.8661,株洲市,市四中,,41,41,33,25,21,65,NA,92,90,18,12,5,5,0.7,0.6
2026-08-15T2100,1520A,113.1515,27.8265,株洲市,火车站,,43,42,31,30,22,69,NA,95,93,20,11,9,9,0.8,0.6
2026-08-15T2100,1524A,113.1329,27.8491,株洲市,市监测站,,39,39,32,26,22,68,NA,96,93,20,11,7,6,0.7,0.5
2026-08-15T2100,1562A,113.0048,27.9153,湘潭市,昭山,,41,41,34,16,15,68,NA,88,85,18,3,6,6,0.2,0.2
2026-08-15T2100,1585A,109.8761,40.6533,包头市,市环境监测站,,26,18,27,6,14,81,NA,133,123,14,21,3,9,0.3,0.6
2026-08-15T2100,1587A,109.9992,40.5843,包头市,包头八中,,38,38,44,19,17,84,NA,122,112,24,22,26,11,0.6,0.5
2026-08-15T2100,1589A,109.8641,40.6288,包头市,惠龙物流,,27,25,26,9,15,86,NA,128,119,20,19,7,7,0.6,0.6
2026-08-15T2100,1590A,110.0376,40.5546,包头市,东河鸿龙湾,,30,17,25,14,14,94,NA,118,111,14,17,8,15,0.4,0.4
2026-08-15T2100,1591A,110.0024,39.8127,鄂尔多斯市,综合楼,,32,NA,43,13,20,101,NA,118,113,18,21,7,10,0.4,0.8
2026-08-15T2100,1592A,109.9485,39.8259,鄂尔多斯市,巴音孟克林场办事处,,27,22,41,6,17,84,NA,118,109,25,20,3,7,0.3,0.4
2026-08-15T2100,1593A,109.7734,39.5987,鄂尔多斯市,康泽苑,NA,NA,NA,39,14,17,NA,NA,124,115,13,17,NA,10,0.3,0.4
2026-08-15T2100,1594A,109.8121,39.5987,鄂尔多斯市,华泰汽车城,,22,22,39,14,17,68,NA,113,99,12,21,2,3,0.5,0.6
2026-08-15T2100,1595A,109.9734,39.7884,鄂尔多斯市,奥林花园,,25,22,43,16,19,80,NA,112,104,15,20,5,7,0.5,0.7
2026-08-15T2100,1597A,122.2704,40.7093,营口市,大庆路,,29,29,33,5,16,47,NA,125,95,22,17,9,10,1.1,1.1
2026-08-15T2100,1598A,122.215,40.6511,营口市,镜湖西路,,15,15,20,8,17,47,NA,121,91,16,17,5,5,0.5,0.7
2026-08-15T2100,1599A,122.1667,40.665,营口市,西炮台,,33,33,33,14,15,46,NA,132,100,18,15,7,6,0.5,0.6
2026-08-15T2100,1600A,124.33,40.0625,丹东市,江湾东路,,26,26,36,15,17,47,NA,78,56,14,13,2,2,0.7,0.6
2026-08-15T2100,1601A,124.4242,40.1513,丹东市,临江后街,,17,17,24,11,12,30,NA,80,56,8,9,1,2,0.7,0.6
2026-08-15T2100,1602A,124.3935,40.1461,丹东市,元宝山,,18,18,24,10,14,28,NA,70,47,9,10,4,4,0.5,0.5
2026-08-15T2100,1603A,124.3634,40.1093,丹东市,民主桥,,26,26,32,14,18,41,NA,72,48,10,15,3,3,0.5,0.4
2026-08-15T2100,1604A,122.0303,41.1489,盘锦市,开发区,,30,NA,18,21,7,71,NA,122,114,11,9,4,5,0.7,0.5
2026-08-15T2100,1605A,122.0486,41.0883,盘锦市,兴隆台,,25,19,22,17,10,53,NA,127,109,25,15,5,6,0.9,0.5
2026-08-15T2100,1606A,121.8297,41.1026,盘锦市,新生街道,,35,26,17,24,9,59,NA,129,118,18,14,6,5,1.1,0.5
2026-08-15T2100,1607A,120.904878,40.721091,葫芦岛市,龙港区,臭氧1小时(O3_1h),63,22,29,18,15,170,NA,160,160,8,27,2,17,0.4,0.4
2026-08-15T2100,1608A,120.8382,40.7521,葫芦岛市,化工街,,46,17,26,15,12,147,NA,151,151,10,27,3,16,0.4,0.3
2026-08-15T2100,1609A,120.8339,40.7078,葫芦岛市,新区,,50,22,26,17,9,158,NA,147,147,6,22,4,10,0.6,0.5
2026-08-15T2100,1610A,120.8697,40.7679,葫芦岛市,东城区,臭氧1小时(O3_1h),65,NA,28,24,14,172,NA,160,160,11,20,5,10,0.6,0.3
2026-08-15T2100,1611A,118.5818,24.9116,泉州市,涂山街,NA,NA,NA,24,10,14,66,NA,88,67,11,15,3,4,0.5,0.5
2026-08-15T2100,1612A,118.597,24.8976,泉州市,津头埔,,22,22,23,14,12,56,NA,84,61,12,13,2,3,0.4,0.4
2026-08-15T2100,1613A,118.6669,24.9422,泉州市,万安,,20,19,23,8,11,63,NA,86,64,9,12,4,4,0.5,0.5
2026-08-15T2100,1618A,118.3429,35.0532,临沂市,沂河小区,,30,22,31,5,17,95,NA,150,140,11,15,12,13,0.3,0.3
2026-08-15T2100,1619A,118.2962,35.0568,临沂市,鲁南制药厂,,31,31,33,11,19,96,NA,160,148,19,20,14,10,0.6,0.6
2026-08-15T2100,1620A,118.2793,34.9976,临沂市,新光毛纺厂,,28,24,25,9,19,87,NA,165,147,21,24,22,12,0.5,0.5
2026-08-15T2100,1621A,118.3955,35.0889,临沂市,河东保险公司,,31,31,30,10,20,79,NA,158,142,37,22,14,11,0.7,0.6
2026-08-15T2100,1622A,116.3034,37.4675,德州市,儿童乐园,,35,24,26,9,17,110,NA,136,128,12,10,12,13,0.5,0.5
2026-08-15T2100,1624A,116.2992,37.4449,德州市,监理站,,38,24,24,9,14,119,NA,144,135,10,7,12,14,0.3,0.3
2026-08-15T2100,1625A,115.9789,36.4372,聊城市,区政府,,34,34,33,8,19,99,NA,135,128,10,11,7,7,0.5,0.5
2026-08-15T2100,1629A,117.9961,37.3604,滨州市,第二水厂,,39,31,26,16,15,123,NA,142,135,7,9,6,8,0.5,0.5
2026-08-15T2100,1630A,117.9789,37.3931,滨州市,北中新校,NA,NA,31,27,20,12,120,NA,148,141,15,14,14,10,NA,0.4
2026-08-15T2100,1631A,118.0413,36.8101,淄博市,人民公园,,45,44,30,14,15,141,NA,177,173,21,14,7,8,0.3,0.2
2026-08-15T2100,1633A,117.8524,36.4848,淄博市,双山,,42,35,37,18,21,132,NA,169,165,22,21,6,7,0.5,0.5
2026-08-15T2100,1634A,117.9595,36.6332,淄博市,气象站,,44,30,38,15,21,138,NA,175,169,18,20,6,8,0.6,0.6
2026-08-15T2100,1637A,117.5628,34.8379,枣庄市,市中区政府,,45,44,29,31,19,110,NA,133,132,18,15,8,8,0.6,0.3
2026-08-15T2100,1638A,117.2855,34.7838,枣庄市,薛城环保局,颗粒物(PM10),55,56,36,21,17,59,NA,139,131,47,20,5,5,0.8,0.6
2026-08-15T2100,1639A,117.5854,34.7744,枣庄市,峄城区政府,,35,34,32,14,20,112,NA,134,133,12,12,7,8,0.5,0.4
2026-08-15T2100,1641A,117.4516,35.0992,枣庄市,山亭区环保局,细颗粒物(PM2.5),52,46,29,36,21,100,NA,109,108,12,8,8,8,0.6,0.4
2026-08-15T2100,1642A,121.2517,37.564,烟台市,开发区,,27,27,26,9,8,71,NA,82,78,16,16,7,7,0.6,0.6
2026-08-15T2100,1644A,121.3181,37.5436,烟台市,西郊化工站,,19,NA,20,8,8,58,NA,85,82,12,13,5,8,0.4,0.3
2026-08-15T2100,1645A,121.4419,37.4858,烟台市,莱山环保局,,21,9,15,7,6,66,NA,104,98,10,13,3,4,0.7,0.6
2026-08-15T2100,1646A,121.2619,37.4965,烟台市,福山环保局,,29,NA,31,20,8,53,NA,91,86,21,18,4,4,0.3,0.3
2026-08-15T2100,1650A,119.1436,36.7022,潍坊市,环保局,,31,24,18,5,6,99,NA,150,143,14,11,6,6,0.6,0.6
2026-08-15T2100,1653A,116.6229,35.4288,济宁市,火炬城,,49,46,34,34,19,127,NA,148,146,5,4,4,3,0.7,0.7
2026-08-15T2100,1656A,117.1436,36.1938,泰安市,监测站,,41,41,38,24,25,37,NA,119,92,24,16,11,12,0.5,0.4
2026-08-15T2100,1657A,117.0905,36.2002,泰安市,人口学校,,33,31,37,23,25,48,NA,114,92,16,13,6,7,0.4,0.4
2026-08-15T2100,1658A,117.0992,36.1757,泰安市,电力学校,,29,29,33,17,27,36,NA,110,89,28,17,6,7,0.3,0.3
2026-08-15T2100,1659A,119.4711,35.421,日照市,监测站,,50,19,21,10,20,159,NA,145,145,12,28,16,9,1.3,0.6
2026-08-15T2100,1660A,119.523,35.4216,日照市,市政府广场,,45,41,26,14,19,143,NA,146,146,27,22,17,8,1.5,0.5
2026-08-15T2100,1661A,119.5511,35.4113,日照市,港务局,,47,36,30,8,23,150,NA,161,159,22,23,17,10,1.4,0.6
2026-08-15T2100,1662A,122.121,37.4231,威海市,华夏技校,,18,9,12,7,10,56,NA,85,74,16,10,/,/,0.3,0.3
2026-08-15T2100,1663A,122.0508,37.5236,威海市,山大分校,,22,15,11,10,8,68,NA,98,88,8,7,/,/,/,/
2026-08-15T2100,1664A,122.1067,37.5067,威海市,市监测站,,21,NA,14,7,9,66,NA,91,78,4,8,2,3,0.2,0.3
2026-08-15T2100,1666A,118.6612,37.4313,东营市,市环保局,,40,NA,14,15,9,126,NA,138,134,6,7,4,4,0.4,0.3
2026-08-15T2100,1669A,113.5821,24.7733,韶关市,市八中,,15,14,20,7,9,46,NA,76,67,11,9,5,7,0.6,0.6
2026-08-15T2100,1671A,113.5916,24.7973,韶关市,园林处,,19,17,13,8,6,60,NA,78,75,10,9,5,7,/,/
2026-08-15T2100,1673A,113.5971,24.6864,韶关市,曲江监测站,,31,31,19,9,11,50,NA,92,80,21,15,7,9,0.9,0.8
2026-08-15T2100,1674A,116.6795,23.3666,汕头市,金平子站,,15,15,13,6,7,42,NA,62,52,20,12,5,5,0.4,0.5
2026-08-15T2100,1675A,116.7248,23.3632,汕头市,龙湖子站,,16,16,17,8,8,45,NA,58,49,12,10,5,5,/,/
2026-08-15T2100,1676A,116.7257,23.2774,汕头市,濠江子站,,14,14,16,9,7,33,NA,54,50,24,13,7,6,/,/
2026-08-15T2100,1677A,116.7518,23.4712,汕头市,澄海子站,,25,25,16,10,10,39,NA,53,48,14,12,4,4,0.7,0.6
2026-08-15T2100,1678A,116.6088,23.2539,汕头市,潮阳子站,,23,NA,14,16,16,51,NA,58,57,6,7,6,7,0.7,0.9
2026-08-15T2100,1680A,110.3648,21.2697,湛江市,湛江影剧院,,36,36,29,20,19,62,NA,98,79,23,13,7,9,0.6,0.5
2026-08-15T2100,1681A,110.3907,21.2279,湛江市,市环境监测站,,20,19,24,14,21,57,NA,95,77,22,12,4,10,0.5,0.5
2026-08-15T2100,1682A,110.3936,21.1943,湛江市,环保局宿舍,,25,22,26,12,18,80,NA,99,82,10,11,6,12,/,/
2026-08-15T2100,1683A,110.4138,21.2033,湛江市,霞山游泳场,,20,19,24,8,17,62,NA,97,78,25,15,8,13,/,/
2026-08-15T2100,1685A,110.4512,21.239,湛江市,坡头区环保局,,25,18,21,10,16,78,NA,104,89,11,10,6,10,0.5,0.6
2026-08-15T2100,1686A,111.0285,21.469,茂名市,电白南海,,36,36,38,14,20,54,NA,97,79,25,12,2,5,0.7,0.7
2026-08-15T2100,1687A,110.9294,21.6533,茂名市,茂石化七小,,40,31,28,28,23,65,NA,90,73,12,12,11,9,0.6,0.6
2026-08-15T2100,1688A,110.9108,21.6688,茂名市,健康路,,36,29,25,25,21,73,NA,99,83,11,8,11,13,0.5,0.5
2026-08-15T2100,1689A,110.8592,21.6826,茂名市,高岭,,44,44,33,28,23,43,NA,86,71,29,14,6,12,/,/
2026-08-15T2100,1690A,116.1248,24.3307,梅州市,梅江月梅,,15,14,21,10,11,45,NA,72,64,9,9,/,/,/,/
2026-08-15T2100,1691A,116.0798,24.2719,梅州市,梅县新城,,14,11,18,9,12,44,NA,72,64,11,11,10,9,0.7,0.7
2026-08-15T2100,1693A,115.3653,22.7751,汕尾市,市环保局,,25,14,15,7,7,77,NA,80,80,14,10,5,5,0.5,0.5
2026-08-15T2100,1695A,115.362,22.7926,汕尾市,新城中学,,22,NA,15,6,8,68,NA,70,70,8,10,6,6,0.6,0.6
2026-08-15T2100,1697A,114.6962,23.7538,河源市,东埔,,24,21,19,14,15,76,NA,94,92,11,11,6,7,0.4,0.4
2026-08-15T2100,1698A,114.6895,23.7232,河源市,老城,,24,24,18,16,14,73,NA,97,95,9,11,9,8,0.7,0.7
2026-08-15T2100,1701A,111.9491,21.8658,阳江市,马南垌,,32,31,24,22,20,40,NA,94,76,20,9,5,6,0.8,0.6
2026-08-15T2100,1703A,113.0218,23.7086,清远市,凤城街办,,27,27,18,17,10,50,NA,93,80,14,7,/,/,/,/
2026-08-15T2100,1708A,116.3701,23.5345,揭阳市,新兴,,27,27,21,10,11,39,NA,69,66,16,11,6,6,0.6,0.6
2026-08-15T2100,1709A,116.3261,23.5442,揭阳市,西马,,27,27,25,10,14,46,NA,75,72,10,8,4,4,0.8,0.8
2026-08-15T2100,1710A,116.361,23.5627,揭阳市,东兴,,20,20,22,10,12,45,NA,75,72,14,11,6,5,/,/
2026-08-15T2100,1711A,116.4151,23.5295,揭阳市,渔湖,,30,30,21,11,12,39,NA,64,62,14,10,5,4,/,/
2026-08-15T2100,1714A,112.0281,22.9738,云浮市,牧羊,,19,NA,24,13,12,31,NA,74,62,20,18,6,8,0.6,0.6
2026-08-15T2100,1715A,102.575,24.371,玉溪市,东风水库,,28,28,25,12,12,81,NA,126,114,7,4,4,5,0.4,0.5
2026-08-15T2100,1723A,113.2926,40.0759,大同市,云冈宾馆,,34,32,29,12,13,107,NA,131,126,12,12,6,10,0.7,0.6
2026-08-15T2100,1724A,113.3437,40.0921,大同市,大同大学,,31,16,28,11,13,99,NA,134,126,15,13,6,9,0.6,0.6
2026-08-15T2100,1725A,113.2637,40.129,大同市,安家小村,,23,20,30,13,15,72,NA,129,117,26,14,5,8,0.5,0.6
2026-08-15T2100,1727A,113.1146,36.1547,长治市,清华站,,25,18,28,17,17,75,NA,120,110,5,6,8,9,0.5,0.8
2026-08-15T2100,1730A,113.0887,36.2126,长治市,审计局,,29,26,26,19,19,90,NA,120,112,7,9,10,11,0.6,0.8
2026-08-15T2100,1731A,113.0845,36.1856,长治市,长治八中,NA,NA,NA,31,NA,17,NA,NA,128,123,NA,4,NA,10,NA,1
2026-08-15T2100,1733A,111.5552,36.0791,临汾市,临钢医院,颗粒物(PM10),70,77,37,28,16,114,NA,142,141,20,11,8,6,1.0,0.7
2026-08-15T2100,1734A,111.4984,36.0734,临汾市,技工学校,颗粒物(PM10),56,58,36,31,22,111,NA,141,138,18,10,7,6,0.9,0.7
2026-08-15T2100,1736A,111.5017,36.0857,临汾市,市委,颗粒物(PM10),71,79,51,25,16,117,NA,142,140,15,9,11,10,0.9,0.7
2026-08-15T2100,1739A,113.4894,37.8717,阳泉市,赛鱼,,27,19,32,16,23,51,NA,121,112,54,19,7,8,0.4,0.5
2026-08-15T2100,1740A,113.582,37.8473,阳泉市,南庄,,38,37,48,26,26,85,NA,126,118,11,18,12,20,0.6,1
2026-08-15T2100,1742A,113.5616,37.8706,阳泉市,平坦,,43,43,39,26,26,94,NA,128,121,10,13,13,14,0.7,0.8
2026-08-15T2100,1743A,113.5115,37.8391,阳泉市,大阳泉,,29,NA,24,20,22,75,NA,109,105,7,9,7,8,0.5,0.6
2026-08-15T2100,1744A,118.9229,42.2816,赤峰市,松山一中,,30,NA,18,11,11,93,NA,116,111,15,15,9,13,0.6,0.6
2026-08-15T2100,1745A,118.9588,42.2733,赤峰市,哈达街,,31,22,20,10,11,97,NA,114,110,12,16,10,16,0.7,0.6
2026-08-15T2100,1746A,118.8792,42.2551,赤峰市,天义路,,28,NA,12,12,9,87,NA,109,104,12,15,7,8,0.6,0.6
2026-08-15T2100,1748A,123.0441,41.1201,鞍山市,深沟寺,,22,22,33,5,17,52,NA,98,76,8,21,5,9,0.6,1.2
2026-08-15T2100,1749A,123.011,41.0931,鞍山市,太阳城,,25,25,36,4,16,34,NA,97,74,6,22,4,8,0.7,1.3
2026-08-15T2100,1750A,123.0483,41.1445,鞍山市,太平,,18,16,64,6,27,56,NA,98,79,12,32,17,13,0.7,1.6
2026-08-15T2100,1751A,122.964,41.0968,鞍山市,铁西三道街,,22,22,48,10,24,64,NA,104,81,10,26,4,11,0.7,1.5
2026-08-15T2100,1753A,123.0219,41.0822,鞍山市,明达新区,,20,19,33,5,16,61,NA,94,79,4,16,3,6,0.5,0.9
2026-08-15T2100,1755A,123.7974,41.8494,抚顺市,望花区,,25,19,26,8,16,78,NA,146,119,16,18,8,9,0.8,0.9
2026-08-15T2100,1756A,123.9161,41.8827,抚顺市,顺城区,,22,21,23,12,11,70,NA,132,111,17,18,8,9,0.8,0.8
2026-08-15T2100,1757A,124.0437,41.8615,抚顺市,东洲区,,25,12,18,3,9,78,NA,124,106,8,13,9,9,0.3,0.5
2026-08-15T2100,1758A,123.9246,41.8638,抚顺市,新抚区,,25,14,24,8,13,79,NA,124,107,9,17,9,10,0.6,0.7
2026-08-15T2100,1759A,124.0972,41.8961,抚顺市,大伙房水库,,27,9,13,1,8,84,NA,126,110,6,14,10,10,0.4,0.6
2026-08-15T2100,1760A,123.708,41.8386,抚顺市,沈抚新城,,23,18,27,10,14,72,NA,162,132,18,20,7,9,1.1,1
2026-08-15T2100,1761A,123.8274146,41.31234549,本溪市,大峪,,27,27,23,13,9,34,NA,101,71,21,18,4,5,0.6,0.7
2026-08-15T2100,1763A,123.7169,41.3094,本溪市,彩屯,,32,32,29,15,16,27,NA,87,63,24,19,5,10,1.5,1.1
2026-08-15T2100,1764A,123.7672166,41.28649327,本溪市,东明,,20,20,25,9,10,46,NA,105,86,18,18,3,4,0.8,0.8
2026-08-15T2100,1765A,123.799345,41.266614,本溪市,新立屯,,14,14,17,3,6,38,NA,99,77,21,15,7,7,0.4,0.5
2026-08-15T2100,1766A,123.829144,41.336777,本溪市,威宁,,24,24,25,13,12,29,NA,99,69,20,13,6,6,0.7,0.6
2026-08-15T2100,1767A,121.1114,41.0879,锦州市,南山,,39,NA,19,19,13,123,NA,137,137,12,15,4,5,0.4,0.3
2026-08-15T2100,1768A,121.060361,40.842794,锦州市,开发区,臭氧1小时(O3_1h),55,32,29,24,15,164,NA,156,156,14,19,5,18,0.5,0.5
2026-08-15T2100,1769A,121.1836,41.1118,锦州市,百股街道,,40,NA,23,18,13,128,NA,140,140,9,16,3,6,0.6,0.6
2026-08-15T2100,1770A,121.1176,41.1224,锦州市,天安街道,,40,31,23,22,12,128,NA,134,134,8,14,4,7,0.5,0.4
2026-08-15T2100,1771A,121.1303,41.1385,锦州市,北湖公园,,45,23,26,19,14,141,NA,91,NA,7,13,3,6,0.3,0.3
2026-08-15T2100,1772A,126.54,43.8622,吉林市,哈达湾,,32,27,20,22,13,62,NA,113,111,16,14,8,10,0.4,0.4
2026-08-15T2100,1773A,126.5843,43.8358,吉林市,东局子,,30,25,19,21,16,56,NA,101,99,21,16,4,5,0.4,0.3
2026-08-15T2100,1774A,126.5051,43.8243,吉林市,电力学院,颗粒物(PM10),65,70,27,27,12,54,NA,102,98,19,11,8,8,0.5,0.3
2026-08-15T2100,1775A,126.6133,43.8971,吉林市,江北,,33,33,21,20,14,46,NA,117,114,12,12,6,7,0.6,0.3
2026-08-15T2100,1776A,126.5549,43.8304,吉林市,江南公园,,41,41,23,24,14,72,NA,120,119,22,14,3,4,0.5,0.3
2026-08-15T2100,1779A,123.9307,47.3641,齐齐哈尔市,安居小区,,27,27,22,8,5,47,NA,74,66,11,8,4,4,0.6,0.6
2026-08-15T2100,1780A,123.9497,47.3389,齐齐哈尔市,中心广场,,30,30,18,15,5,42,NA,74,66,21,12,7,7,0.4,0.4
2026-08-15T2100,1781A,123.9483,47.3229,齐齐哈尔市,农牧车辆厂,,29,29,22,7,5,46,NA,74,66,12,8,5,5,0.3,0.3
2026-08-15T2100,1783A,123.9442,47.2994,齐齐哈尔市,市环境监测站,,20,20,18,10,4,45,NA,71,64,10,9,5,4,0.2,0.1
2026-08-15T2100,1784A,129.61,44.561,牡丹江市,环保大楼,,18,18,17,10,8,37,NA,52,48,7,7,6,7,0.4,0.4
2026-08-15T2100,1787A,129.6364,44.6075,牡丹江市,机车工厂,,37,37,25,11,8,36,NA,49,46,8,9,10,10,0.3,0.3
2026-08-15T2100,1788A,129.6386,44.5462,牡丹江市,第一中学,,25,25,16,2,5,34,NA,50,46,6,6,5,6,0.4,0.4
2026-08-15T2100,1789A,124.8085,46.0381,大庆市,大同区,NA,NA,27,20,16,8,NA,NA,99,90,25,10,6,6,0.6,0.6
2026-08-15T2100,1790A,125.1166,46.5255,大庆市,龙凤区,,20,6,22,2,7,64,NA,77,73,11,7,4,6,0.3,0.2
2026-08-15T2100,1791A,124.8894,46.4007,大庆市,红岗区,,23,23,19,8,10,61,NA,96,82,7,9,8,8,0.3,0.4
2026-08-15T2100,1792A,125.1391,46.578,大庆市,萨尔图区,NA,NA,40,10,2,1,64,NA,NA,NA,10,8,7,7,NA,NA
2026-08-15T2100,1793A,124.9026,46.6217,大庆市,让胡路区,,20,20,18,9,8,55,NA,82,76,13,10,5,5,0.3,0.2
2026-08-15T2100,1794A,118.3603,31.3515,芜湖市,监测站,,28,28,19,16,17,53,NA,65,65,18,14,7,7,0.5,0.5
2026-08-15T2100,1795A,118.3716,31.4135,芜湖市,科创中心,,28,28,21,18,15,54,NA,66,66,17,11,5,5,0.4,0.5
2026-08-15T2100,1796A,118.3671,31.3132,芜湖市,四水厂,,22,22,20,13,14,65,NA,70,70,12,12,5,5,0.5,0.6
2026-08-15T2100,1798A,118.5084,31.6838,马鞍山市,湖东路四小,,20,19,24,14,11,49,NA,72,71,17,8,6,6,0.7,0.6
2026-08-15T2100,1799A,118.5019,31.6449,马鞍山市,开发区,,27,27,20,18,13,45,NA,72,70,19,8,6,6,0.6,0.6
2026-08-15T2100,1803A,115.9873,29.6816,九江市,十里,,23,23,16,10,7,68,NA,72,72,12,10,7,7,0.5,0.4
2026-08-15T2100,1804A,115.9583,29.7047,九江市,茅山头,,27,27,13,6,8,51,NA,62,62,21,11,5,4,0.4,0.4
2026-08-15T2100,1805A,115.9877,29.7295,九江市,西园,,20,19,13,7,4,62,NA,66,66,22,12,3,2,0.3,0.3
2026-08-15T2100,1808A,115.9112,29.6038,九江市,综合工业园,,13,13,12,5,7,38,NA,74,68,24,17,3,3,0.6,0.6
2026-08-15T2100,1812A,112.3934,34.6517,洛阳市,市委党校,,39,39,34,26,25,104,NA,129,128,13,14,9,10,0.6,0.6
2026-08-15T2100,1815A,112.494,34.6883,洛阳市,河南林校,细颗粒物(PM2.5),54,48,40,37,26,69,NA,130,125,29,17,8,8,0.5,0.5
2026-08-15T2100,1816A,112.3843,34.623,洛阳市,开发区管委会,,46,45,31,32,24,108,NA,137,135,15,15,14,14,0.6,0.6
2026-08-15T2100,1817A,112.4263,34.6249,洛阳市,市委新办公区,细颗粒物(PM2.5),60,44,29,40,24,87,NA,123,120,16,11,14,12,0.5,0.4
2026-08-15T2100,1819A,114.3552,36.1017,安阳市,红庙街,,39,39,40,27,24,97,NA,125,118,9,9,4,4,0.8,0.7
2026-08-15T2100,1820A,114.361,36.0681,安阳市,银杏小区,,42,42,38,29,24,95,NA,124,116,12,12,2,2,0.7,0.5
2026-08-15T2100,1824A,114.3389,34.778,开封市,肿瘤医院,细颗粒物(PM2.5),62,46,43,41,31,100,NA,137,130,14,14,3,4,0.5,0.5
2026-08-15T2100,1826A,114.2884,34.7966,开封市,世纪星幼儿园,细颗粒物(PM2.5),62,50,39,41,28,100,NA,127,123,11,10,4,4,0.4,0.4
2026-08-15T2100,1832A,113.3257,33.7423,平顶山市,新华旅馆,颗粒物(PM10),65,70,38,37,30,90,NA,120,118,17,16,4,4,0.6,0.6
2026-08-15T2100,1833A,113.2917,33.737,平顶山市,规划设计院,,49,48,38,34,29,94,NA,115,114,13,15,6,6,0.9,0.8
2026-08-15T2100,1834A,113.182,33.7738,平顶山市,平顶山工学院,,48,39,30,33,28,102,NA,120,120,12,11,6,7,0.6,0.6
2026-08-15T2100,1835A,111.1922,34.7752,三门峡市,市政府,,31,26,28,13,18,99,NA,106,105,9,10,4,5,0.5,0.5
2026-08-15T2100,1836A,111.1588,34.794,三门峡市,开发区,NA,NA,33,35,16,20,93,NA,107,103,13,10,NA,4,0.6,0.6
2026-08-15T2100,1840A,111.2991,30.6981,宜昌市,白龙岗,,36,36,22,13,9,51,NA,105,95,21,10,4,4,0.5,0.4
2026-08-15T2100,1842A,111.263451,30.696754,宜昌市,点军区,NA,NA,NA,23,19,9,NA,NA,114,108,15,11,3,3,0.3,0.3
2026-08-15T2100,1843A,111.3276,30.782,宜昌市,夷陵区,,26,26,20,11,10,45,NA,108,95,13,11,4,4,0.4,0.3
2026-08-15T2100,1844A,112.2493,30.3198,荆州市,市图书馆,,36,36,24,18,18,71,NA,108,99,14,8,5,6,0.7,0.7
2026-08-15T2100,1845A,112.2009,30.3543,荆州市,市委党校,,30,30,26,21,19,78,NA,107,101,10,7,6,5,0.5,0.5
2026-08-15T2100,1848A,113.1494,29.425,岳阳市,城陵矶,,47,47,30,19,11,76,NA,92,88,17,9,2,4,0.5,0.6
2026-08-15T2100,1849A,113.1493,29.3575,岳阳市,开发区,,23,23,25,15,16,70,NA,97,89,18,11,6,6,0.6,0.6
2026-08-15T2100,1850A,113.2672,29.4752,岳阳市,云溪区,,29,29,30,18,16,66,NA,88,83,6,6,3,3,0.6,0.7
2026-08-15T2100,1851A,112.9944,29.44,岳阳市,君山区,,26,26,28,15,16,67,NA,100,91,14,10,3,3,0.5,0.5
2026-08-15T2100,1854A,111.696,28.9725,常德市,市二中,,32,30,26,22,15,80,NA,108,106,8,7,8,8,0.7,0.6
2026-08-15T2100,1858A,110.532,29.1219,张家界市,永定新区,,32,22,23,22,15,57,NA,86,76,7,8,/,/,/,/
2026-08-15T2100,1859A,110.4696,29.1244,张家界市,电业局,,35,26,24,24,13,55,NA,86,76,9,9,7,7,0.6,0.5
2026-08-15T2100,1860A,110.5573,29.3486,张家界市,未央路,,23,NA,9,16,12,39,NA,94,77,8,6,8,8,0.8,0.8
2026-08-15T2100,1864A,110.3091,25.2705,桂林市,龙隐路小学,,25,25,14,11,7,61,NA,77,74,8,5,4,4,0.6,0.6
2026-08-15T2100,1865A,110.2849361,25.22909545,桂林市,八中,,25,25,14,13,6,64,NA,86,82,15,10,5,4,0.5,0.4
2026-08-15T2100,1867A,109.1435,21.4085,北海市,海滩公园,,31,29,24,8,14,99,NA,118,113,4,4,2,3,0.4,0.5
2026-08-15T2100,1868A,109.0983,21.466,北海市,新市环保局,,33,14,18,2,14,104,NA,120,115,5,8,4,4,0.4,0.5
2026-08-15T2100,1869A,109.1775,21.5232,北海市,北海工业园,,33,16,20,9,19,103,NA,119,113,8,7,2,2,0.5,0.5
2026-08-15T2100,1870A,109.4854,24.3898,柳州市,柳东小学,,22,19,13,11,9,68,NA,91,89,9,6,5,7,0.7,0.7
2026-08-15T2100,1871A,109.4109,24.3304,柳州市,环保监测站,,24,19,15,15,9,74,NA,89,88,19,9,5,7,0.8,0.7
2026-08-15T2100,1872A,109.3886,24.3408,柳州市,河西水厂,,46,35,24,32,15,71,NA,100,97,20,12,6,15,0.7,0.8
2026-08-15T2100,1873A,109.4263,24.2951,柳州市,市四中,,28,21,18,19,8,73,NA,100,98,13,7,6,8,0.7,0.6
2026-08-15T2100,1874A,109.396,24.3658,柳州市,市九中,,40,40,23,28,12,78,NA,88,86,13,9,7,11,0.6,0.7
2026-08-15T2100,1875A,109.4912,24.3164,柳州市,古亭山,,46,41,16,32,12,43,NA,93,85,23,7,4,5,0.8,0.7
2026-08-15T2100,1877A,109.4962,18.2682,三亚市,河西子站,NA,NA,12,16,6,9,NA,NA,87,87,3,6,3,3,0.2,0.3
2026-08-15T2100,1878A,104.7775,31.4741,绵阳市,富乐山,,38,38,40,17,23,103,NA,131,125,7,10,6,6,0.6,0.6
2026-08-15T2100,1880A,104.6698,31.4668,绵阳市,高新区自来水公司,,48,48,42,33,25,107,NA,144,138,19,20,9,8,0.8,0.8
2026-08-15T2100,1883A,104.6204,28.7728,宜宾市,市委,,39,38,36,27,24,118,NA,153,145,11,14,8,12,0.9,0.9
2026-08-15T2100,1884A,104.6056,28.7931,宜宾市,宜宾四中,,40,40,39,25,25,114,NA,154,146,14,10,8,13,0.8,0.8
2026-08-15T2100,1886A,104.5743,28.7199,宜宾市,黄金嘴,细颗粒物(PM2.5),78,66,36,49,22,96,NA,144,137,28,15,13,14,0.8,0.6
2026-08-15T2100,1888A,101.6891,26.571,攀枝花市,弄弄坪,颗粒物(PM10),60,64,50,16,11,88,NA,140,134,34,22,12,12,2.1,0.6
2026-08-15T2100,1889A,101.577,26.5914,攀枝花市,河门口,颗粒物(PM10),53,54,48,31,27,104,NA,151,143,16,17,16,29,0.8,1.3
2026-08-15T2100,1891A,101.7365,26.4986,攀枝花市,仁和,细颗粒物(PM2.5),100,74,35,60,24,60,NA,117,104,14,11,9,11,0.9,0.7
2026-08-15T2100,1894A,105.4427,28.9063,泸州市,小市上码头,,36,30,49,15,28,113,NA,130,128,11,11,6,6,0.4,0.5
2026-08-15T2100,1895A,105.4241,28.8573,泸州市,兰田宪桥,,30,20,43,8,22,95,NA,126,121,14,15,5,4,0.5,0.6
2026-08-15T2100,1896A,105.4378,28.8833,泸州市,市环监站,,34,17,30,2,11,106,NA,129,127,19,15,4,4,0.6,0.7
2026-08-15T2100,1901A,104.424,31.1209,德阳市,东山公园,细颗粒物(PM2.5),64,NA,29,42,31,111,NA,132,130,16,9,5,9,1.1,1
2026-08-15T2100,1902A,104.3827,31.1318,德阳市,西小区,,50,NA,40,35,38,108,NA,141,135,13,19,10,22,0.8,0.8
2026-08-15T2100,1904A,104.3553,31.1091,德阳市,耐火材料厂,细颗粒物(PM2.5),68,NA,45,44,38,129,NA,155,148,8,14,3,13,0.9,0.9
2026-08-15T2100,1906A,106.0791,30.8022,南充市,南充市委,,34,34,30,19,19,88,NA,112,108,14,14,7,7,0.3,0.4
2026-08-15T2100,1907A,106.1038,30.8215,南充市,南充炼油厂,,42,42,38,26,21,92,NA,120,114,13,14,9,9,0.4,0.4
2026-08-15T2100,1911A,106.9218,27.6872,遵义市,丁字口,,29,29,16,9,9,59,NA,78,75,9,8,7,5,0.7,0.7
2026-08-15T2100,1912A,106.9241,27.7044,遵义市,凤凰山,,23,16,14,8,9,72,NA,84,83,5,5,7,7,0.5,0.5
2026-08-15T2100,1913A,106.8895,27.648,遵义市,忠庄,,34,34,15,16,9,62,NA,82,79,7,8,2,2,0.7,0.6
2026-08-15T2100,1915A,106.9225,27.7253,遵义市,干田坝,,43,43,23,10,9,62,NA,84,81,11,9,4,4,0.6,0.6
2026-08-15T2100,1916A,103.7897,25.5036,曲靖市,环境监测站,,38,35,34,26,22,102,NA,158,148,22,17,5,8,0.7,0.8
2026-08-15T2100,1917A,103.8013,25.5357,曲靖市,烟厂办公区,颗粒物(PM10),53,54,31,16,19,100,NA,143,136,15,15,4,10,0.6,0.9
2026-08-15T2100,1919A,108.6726,34.315,咸阳市,实验中学,,37,30,30,20,16,118,NA,138,137,12,9,7,8,0.4,0.3
2026-08-15T2100,1920A,108.7226,34.3622,咸阳市,师范学院,,49,49,33,29,20,92,NA,129,126,19,11,6,8,0.8,0.7
2026-08-15T2100,1923A,109.0696,35.0699,铜川市,王益区政府,,39,39,27,23,17,56,NA,107,101,10,10,8,8,0.6,0.5
2026-08-15T2100,1924A,108.9345,34.9059,铜川市,新区管委会,,35,35,29,16,18,78,NA,111,106,15,14,6,7,0.5,0.5
2026-08-15T2100,1927A,109.4569,36.6161,延安市,延大医附院,,17,13,22,10,12,53,NA,94,86,16,12,3,2,0.4,0.4
2026-08-15T2100,1929A,109.5053,36.6105,延安市,百米大道,,32,32,59,10,20,55,NA,97,87,19,20,1,2,0.6,0.6
2026-08-15T2100,1931A,107.0802,34.3129,宝鸡市,竹园沟,,32,28,26,22,19,58,NA,106,93,9,8,4,4,0.6,0.5
2026-08-15T2100,1933A,107.1429,34.3549,宝鸡市,监测站,,45,45,34,27,22,67,NA,128,116,19,12,3,3,0.5,0.4
2026-08-15T2100,1934A,107.1172,34.3759,宝鸡市,技工学校,,35,31,32,24,22,77,NA,132,125,9,6,7,7,0.7,0.6
2026-08-15T2100,1936A,107.2025,34.3518,宝鸡市,文理学院,颗粒物(PM10),60,64,38,34,23,91,NA,126,122,17,16,5,5,0.6,0.5
2026-08-15T2100,1937A,107.2396,34.3626,宝鸡市,三迪小学,细颗粒物(PM2.5),54,51,34,37,23,89,NA,133,128,21,14,4,4,0.7,0.6
2026-08-15T2100,1940A,109.4605,34.4927,渭南市,体育馆,,44,44,33,17,17,51,NA,109,102,43,13,8,8,0.4,0.3
2026-08-15T2100,1941A,109.4257,34.5067,渭南市,高新一小,,37,37,30,16,15,98,NA,107,106,6,7,4,4,0.4,0.4
2026-08-15T2100,1944A,102.1691,38.5166,金昌市,天庆家园,,41,41,106,18,30,114,NA,121,120,7,7,5,24,0.2,0.2
2026-08-15T2100,1945A,98.291,39.7705,嘉峪关市,气象局,颗粒物(PM10),65,70,33,18,11,111,NA,132,129,8,9,6,6,0.4,0.4
2026-08-15T2100,1948A,106.3668,39.0145,石嘴山市,大武口朝阳西街,颗粒物(PM10),60,63,61,17,29,97,NA,168,155,22,30,27,34,0.6,1
2026-08-15T2100,1949A,106.7713,39.2278,石嘴山市,惠农南大街,颗粒物(PM10),61,65,46,12,16,72,NA,160,136,32,23,24,15,0.4,0.5
2026-08-15T2100,1950A,106.7074,39.1332,石嘴山市,红果子镇惠新街,颗粒物(PM10),52,52,40,13,14,76,NA,156,138,29,22,20,12,0.5,0.5
2026-08-15T2100,1951A,84.886,45.6029,克拉玛依市,长征新村,,44,44,32,16,13,112,NA,107,107,5,9,4,4,0.4,0.4
2026-08-15T2100,1952A,84.8894,45.5827,克拉玛依市,南林小区,,35,29,39,4,7,112,NA,99,99,4,14,9,9,0.2,0.3
2026-08-15T2100,1954A,84.896,44.3328,克拉玛依市,独山子区,NA,NA,NA,26,60,10,113,NA,111,111,3,10,7,7,0.3,0.4
2026-08-15T2100,1955A,85.6888,46.0909,克拉玛依市,乌尔禾区商贸楼,,35,15,30,9,10,109,NA,97,97,6,11,5,6,0.3,0.3
2026-08-15T2100,1956A,86.1476,41.7529,巴音郭楞蒙古自治州,孔雀公园,,37,10,26,4,9,116,NA,131,120,7,5,7,7,0.2,0.2
2026-08-15T2100,1957A,86.1971,41.7166,巴音郭楞蒙古自治州,棉纺厂,,31,15,34,5,11,98,NA,124,111,22,9,/,/,/,/
2026-08-15T2100,1958A,86.236,41.7172,巴音郭楞蒙古自治州,经济开发区,,38,6,23,3,9,120,NA,130,122,7,7,4,4,0.1,0.1
2026-08-15T2100,1961A,117.5323,36.6865,济南市,东山小学,,39,34,35,13,14,122,NA,144,137,11,17,6,5,0.1,0.2
2026-08-15T2100,1982A,122.0693,37.2175,威海市,文登开发区,,18,9,18,5,11,55,NA,83,68,8,14,/,/,/,/
2026-08-15T2100,2031A,113.1836,27.9959,株洲市,云田中学,,34,34,28,23,21,84,NA,100,97,14,10,9,8,0.3,0.3
2026-08-15T2100,2054A,114.1096,32.1059,信阳市,平桥分局,,17,9,14,5,10,54,NA,83,78,8,7,6,6,0.4,0.4
2026-08-15T2100,2064A,113.9956,32.1272,信阳市,南湾水厂,,19,18,22,12,11,60,NA,80,78,7,7,6,6,0.5,0.6
2026-08-15T2100,2065A,114.078,32.1194,信阳市,市酿酒公司,,17,15,20,1,9,52,NA,77,74,7,7,5,5,0.6,0.5
2026-08-15T2100,2066A,114.0712,32.1393,信阳市,审计局,,34,34,28,9,11,56,NA,84,81,9,8,7,7,0.4,0.3
2026-08-15T2100,2068A,114.6755,33.6347,周口市,周口师范,,32,NA,33,22,20,77,NA,106,101,13,13,4,4,0.4,0.5
2026-08-15T2100,2160A,112.8496,35.5051,晋城市,自来水公司,,38,38,39,22,19,115,NA,123,120,10,12,5,5,0.5,0.7
2026-08-15T2100,2162A,112.8509,35.4886,晋城市,市环保局,,46,46,43,24,26,107,NA,115,112,7,9,4,4,0.5,0.6
2026-08-15T2100,2166A,112.4399,39.3521,朔州市,平朔,,32,12,22,11,8,102,NA,131,120,9,10,4,5,0.2,0.1
2026-08-15T2100,2167A,112.4574,39.362,朔州市,朔唯,,33,22,31,5,10,103,NA,131,120,6,13,5,6,/,/
2026-08-15T2100,2168A,112.426,39.3199,朔州市,区政府,,28,23,24,9,9,88,NA,128,117,13,9,4,4,0.2,0.2
2026-08-15T2100,2169A,112.4075,39.3277,朔州市,市环保局,,32,17,23,14,11,100,NA,131,122,11,8,3,4,/,/
2026-08-15T2100,2170A,112.4273,39.3682,朔州市,市二中,,35,27,28,8,8,110,NA,135,123,13,20,4,4,/,/
2026-08-15T2100,2174A,112.6992,37.6984,晋中市,榆次区政府,,35,29,28,21,21,112,NA,151,147,6,11,10,9,0.5,0.6
2026-08-15T2100,2175A,110.996,35.0148,运城市,运城中学,,34,17,20,8,11,106,NA,108,108,6,5,4,4,0.5,0.5
2026-08-15T2100,2178A,110.9685,35.0305,运城市,地区技校,,33,NA,20,15,12,105,NA,109,109,10,6,2,3,0.5,0.6
2026-08-15T2100,2181A,112.7313,38.457,忻州市,开发区,,47,47,25,23,15,106,NA,135,132,11,15,5,5,0.6,0.6
2026-08-15T2100,2182A,112.7023,38.4932,忻州市,会展中心,,46,46,21,18,13,87,NA,132,125,19,13,3,3,0.6,0.5
2026-08-15T2100,2183A,111.1447,37.5212,吕梁市,环保局,,35,32,50,24,17,76,NA,127,118,31,23,7,7,0.6,0.5
2026-08-15T2100,2185A,111.1285,37.5338,吕梁市,自来水公司,,38,38,40,24,16,81,NA,122,117,20,18,4,6,0.7,0.6
2026-08-15T2100,2187A,106.8172,39.6972,乌海市,市林业局,,33,31,40,14,16,104,NA,135,117,8,15,7,12,0.3,0.5
2026-08-15T2100,2188A,106.7907,39.6666,乌海市,中海勃湾学校,,42,42,37,17,14,102,NA,143,118,13,18,8,16,0.3,0.6
2026-08-15T2100,2191A,122.253,43.6801,通辽市,艺术职业学校,,43,43,24,11,11,57,NA,109,95,33,11,5,4,0.5,0.7
2026-08-15T2100,2195A,107.4206,40.7609,巴彦淖尔市,附二中,,35,35,40,10,17,70,NA,93,90,15,14,8,10,0.4,0.5
2026-08-15T2100,2196A,107.37,40.7372,巴彦淖尔市,市环保大楼,,39,39,52,11,14,82,NA,93,92,9,12,12,13,0.6,0.7
2026-08-15T2100,2197A,113.1306,40.9924,乌兰察布市,集宁新区,,37,28,28,18,17,117,NA,137,130,11,14,10,12,0.2,0.2
2026-08-15T2100,2202A,116.1048,43.9318,锡林郭勒盟,市环保监测站,,30,12,15,6,7,94,NA,102,101,6,6,2,2,0.3,0.3
2026-08-15T2100,2203A,116.0778,43.9312,锡林郭勒盟,市政府,,30,NA,11,21,6,92,NA,102,102,6,5,3,3,0.2,0.2
2026-08-15T2100,2205A,105.699,38.8409,阿拉善盟,蒙二幼,颗粒物(PM10),101,122,34,31,10,136,NA,157,154,NA,4,8,9,0.2,0.5
2026-08-15T2100,2206A,105.7198,38.8508,阿拉善盟,环保局新楼,颗粒物(PM10),69,76,29,30,10,131,NA,156,154,4,4,11,12,0.5,0.5
2026-08-15T2100,2207A,121.6095,41.9978,阜新市,工业园区,,35,33,25,14,9,110,NA,137,131,14,18,9,4,0.6,0.5
2026-08-15T2100,2208A,121.6567,42.0188,阜新市,长青街,,31,20,18,12,7,98,NA,132,127,14,17,7,9,0.4,0.4
2026-08-15T2100,2209A,121.6672,42.07,阜新市,农业园区,,38,38,18,11,6,80,NA,126,118,16,14,10,4,0.6,0.5
2026-08-15T2100,2211A,121.6343,42.0455,阜新市,玉龙新城,,39,39,22,11,8,80,NA,139,129,28,21,17,8,0.5,0.4
2026-08-15T2100,2212A,123.1978,41.2036,辽阳市,宏伟区,,16,NA,44,5,22,50,NA,124,95,6,15,4,12,0.4,0.8
2026-08-15T2100,2213A,123.1684,41.2497,辽阳市,新华园,NA,NA,10,46,NA,NA,NA,NA,153,124,11,25,4,7,0.4,0.7
2026-08-15T2100,2214A,123.2355,41.2663,辽阳市,滨河路,,16,12,43,6,21,51,NA,131,102,11,23,7,12,0.7,0.8
2026-08-15T2100,2217A,123.865,42.292,铁岭市,水上乐园,,20,14,24,10,7,61,NA,113,103,25,26,9,9,0.4,0.3
2026-08-15T2100,2219A,123.7158,42.2218,铁岭市,金沙江路北,,19,18,21,13,7,55,NA,107,95,19,15,8,10,0.5,0.3
2026-08-15T2100,2220A,120.4318,41.588,朝阳市,西梁,,34,22,27,8,9,108,NA,111,109,11,17,11,11,0.5,0.5
2026-08-15T2100,2221A,120.452,41.565,朝阳市,河畔小区,,39,NA,20,16,7,123,NA,110,110,11,14,16,13,0.4,0.4
2026-08-15T2100,2222A,120.4176,41.5648,朝阳市,八里堡,,32,32,28,14,8,85,NA,118,110,24,19,15,13,0.8,0.7
2026-08-15T2100,2226A,124.3744,43.1842,四平市,境园,,32,32,22,7,15,102,NA,117,113,4,21,4,6,0.4,0.5
2026-08-15T2100,2227A,125.1359,42.8845,辽源市,环保局,,30,24,20,3,6,96,NA,98,94,4,9,4,5,0.4,0.4
2026-08-15T2100,2229A,125.9359,41.7174,通化市,光明,,21,10,13,3,6,67,NA,96,90,8,6,8,8,0.1,0.3
2026-08-15T2100,2230A,125.9446,41.7323,通化市,铁路,,20,10,13,4,5,64,NA,98,92,12,12,8,9,0.4,0.4
2026-08-15T2100,2231A,126.4219,41.9172,白山市,喜丰,,22,22,35,3,7,32,NA,108,89,27,18,6,9,0.7,0.7
2026-08-15T2100,2232A,126.4082,41.9416,白山市,环保局,,19,19,14,5,4,56,NA,107,97,8,6,10,10,0.7,0.6
2026-08-15T2100,2233A,124.8007,45.1213,松原市,江南,,26,26,15,16,9,49,NA,66,64,18,7,2,2,0.6,0.4
2026-08-15T2100,2234A,124.7967,45.1721,松原市,江北,,49,49,20,26,10,40,NA,68,62,18,11,3,2,0.6,0.4
2026-08-15T2100,2235A,122.7909,45.608,白城市,洮北区环保局,,23,19,29,16,12,72,NA,88,84,9,11,4,6,0.3,0.3
2026-08-15T2100,2236A,122.8741,45.5725,白城市,市环保局,,22,22,14,15,10,53,NA,74,67,17,19,3,3,0.4,0.4
2026-08-15T2100,2237A,129.4704,42.8885,延边朝鲜族自治州,妇幼医院,,18,18,12,10,7,39,NA,56,50,9,6,6,6,0.4,0.4
2026-08-15T2100,2238A,129.5047,42.9117,延边朝鲜族自治州,延边医院,,15,10,9,10,7,41,NA,54,50,4,4,4,4,0.5,0.4
2026-08-15T2100,2239A,129.395,42.8884,延边朝鲜族自治州,朝阳川镇医院,,16,16,12,10,7,37,NA,60,50,11,7,7,7,0.3,0.3
2026-08-15T2100,2240A,130.9618,45.2926,鸡西市,环保局,,18,15,20,12,14,53,NA,64,60,8,13,4,5,0.4,0.4
2026-08-15T2100,2243A,130.9294,45.2959,鸡西市,第一中学,,16,13,18,4,9,51,NA,61,58,6,12,6,6,0.2,0.3
2026-08-15T2100,2244A,130.2537,47.3416,鹤岗市,哈啤分公司,,28,28,23,19,6,43,NA,77,69,13,6,7,6,0.4,0.3
2026-08-15T2100,2245A,130.2683,47.3087,鹤岗市,斯达机电,,27,27,24,11,5,52,NA,67,63,11,8,4,4,0.5,0.4
2026-08-15T2100,2246A,130.3114,47.3388,鹤岗市,东山纸板厂,颗粒物(PM10),63,68,39,6,6,39,NA,75,64,16,10,5,6,0.2,0.1
2026-08-15T2100,2248A,131.1509,46.6936,双鸭山市,双合村,,10,10,29,2,11,26,NA,47,41,14,17,7,8,0.3,0.5
2026-08-15T2100,2249A,131.1651,46.6191,双鸭山市,南小市,,9,9,20,2,8,21,NA,54,42,17,15,6,7,0.8,0.9
2026-08-15T2100,2250A,131.1526,46.6554,双鸭山市,环保局,,26,26,31,10,12,20,NA,48,42,22,19,6,8,0.7,0.9
2026-08-15T2100,2252A,128.8663,47.7199,伊春市,环保局,细颗粒物(PM2.5),62,NA,19,41,11,32,NA,64,58,8,6,1,2,0.4,0.4
2026-08-15T2100,2253A,128.9014,47.732,伊春市,电力嘉园,,19,19,20,12,10,24,NA,67,57,8,6,4,4,0.9,0.8
2026-08-15T2100,2255A,130.2749,46.8028,佳木斯市,佳纺,颗粒物(PM10),57,59,30,18,8,5,NA,72,58,47,15,3,4,0.4,0.3
2026-08-15T2100,2257A,130.3258,46.7975,佳木斯市,环保局,,44,44,25,16,8,26,NA,70,59,37,17,5,4,0.5,0.3
2026-08-15T2100,2263A,127.4832,50.2524,黑河市,交通局,颗粒物(PM10),53,53,21,23,10,15,NA,77,60,21,8,8,7,0.5,0.3
2026-08-15T2100,2264A,127.5146,50.2339,黑河市,环保局,NA,NA,60,23,16,12,NA,NA,69,64,31,12,8,8,0.5,0.4
2026-08-15T2100,2266A,126.9783,46.6365,绥化市,人和东街,,23,23,18,13,5,55,NA,78,70,10,12,9,10,0.2,0.2
2026-08-15T2100,2267A,126.964,46.6527,绥化市,党政办公中心,,24,24,20,12,6,50,NA,82,69,19,17,8,7,0.1,0.1
2026-08-15T2100,2269A,124.1068,50.4091,大兴安岭地区,科技局,,20,20,20,9,11,57,NA,66,63,3,4,4,4,0.2,0.2
2026-08-15T2100,2270A,117.396,32.9389,蚌埠市,工人疗养院,,27,27,21,10,11,45,NA,80,75,12,4,6,6,0.4,0.4
2026-08-15T2100,2271A,117.3606,32.9428,蚌埠市,百货大楼,,20,20,17,8,10,56,NA,79,75,14,9,9,9,0.5,0.5
2026-08-15T2100,2273A,117.4183,32.8909,蚌埠市,蚌埠学院,,21,19,23,9,11,28,NA,81,74,41,12,7,6,0.3,0.3
2026-08-15T2100,2274A,117.3534,32.9672,蚌埠市,淮上区政府,,31,31,17,13,11,36,NA,86,76,29,9,5,5,0.5,0.4
2026-08-15T2100,2275A,117.3143,32.8977,蚌埠市,高新区,,31,31,14,9,9,36,NA,76,68,20,11,9,9,0.4,0.3
2026-08-15T2100,2277A,116.8304,32.7726,淮南市,潘集区政府,,17,14,10,9,12,52,NA,71,68,6,9,5,5,0.3,0.3
2026-08-15T2100,2279A,116.8569,32.5949,淮南市,谢家集区政府,,36,36,13,11,13,57,NA,79,77,8,9,9,9,0.3,0.3
2026-08-15T2100,2280A,116.8279,32.6333,淮南市,八公山区政府,,15,14,17,7,16,48,NA,74,70,7,8,9,10,0.1,0.2
2026-08-15T2100,2282A,116.8005,33.9749,淮北市,监测站,,33,33,14,11,8,74,NA,94,91,12,6,6,4,0.6,0.5
2026-08-15T2100,2283A,116.8094,33.9008,淮北市,烈山区政府,NA,NA,37,9,11,2,70,NA,91,88,11,3,4,4,NA,0.2
2026-08-15T2100,2285A,117.8176,30.9412,铜陵市,市第四中学,,35,35,31,23,18,58,NA,78,78,17,12,10,8,1.0,0.6
2026-08-15T2100,2287A,117.7806,30.9413,铜陵市,市新民污水厂,,32,32,31,22,20,45,NA,64,64,22,16,11,10,0.6,0.6
2026-08-15T2100,2289A,117.846,30.9414,铜陵市,车站新区,,45,45,42,19,18,47,NA,71,70,25,16,9,7,1.0,0.6
2026-08-15T2100,2290A,117.8472,30.9699,铜陵市,市职教基地,,38,38,32,17,16,51,NA,69,69,18,13,10,9,0.8,0.6
2026-08-15T2100,2291A,117.0806,30.5181,安庆市,环科院,,22,21,14,15,11,67,NA,76,76,7,5,4,4,0.6,0.5
2026-08-15T2100,2292A,117.0331,30.5118,安庆市,马山宾馆,NA,NA,17,14,15,11,68,NA,78,78,7,6,NA,3,0.7,0.7
2026-08-15T2100,2294A,116.9897,30.6146,安庆市,安庆大学,,20,11,11,7,7,62,NA,74,74,7,6,3,4,0.5,0.4
2026-08-15T2100,2295A,118.2905,29.6965,黄山市,延安路89号,,21,10,15,3,6,66,NA,76,70,2,4,3,3,0.6,0.7
2026-08-15T2100,2297A,118.1369,30.2755,黄山市,黄山区政府5号楼,,21,16,15,6,5,67,NA,65,65,4,3,3,3,0.5,0.5
2026-08-15T2100,2301A,115.8276,32.8929,阜阳市,市监测站,,41,41,22,16,13,54,NA,77,76,18,13,7,6,0.7,0.6
2026-08-15T2100,2303A,115.8551,32.8606,阜阳市,开发区,颗粒物(PM10),56,58,25,26,12,43,NA,72,70,23,10,4,4,0.6,0.5
2026-08-15T2100,2307A,116.5078,31.7369,六安市,监测大楼,,20,20,8,14,8,34,NA,52,49,4,2,4,3,0.4,0.4
2026-08-15T2100,2308A,116.4738,31.7642,六安市,皖西学院,,23,22,8,16,7,33,NA,54,47,4,3,6,6,0.6,0.5
2026-08-15T2100,2309A,116.4997,31.7904,六安市,朝阳厂,,20,NA,5,14,6,36,NA,45,40,7,6,2,2,0.3,0.2
2026-08-15T2100,2310A,116.5566,31.7885,六安市,开发区,,26,NA,5,18,8,34,NA,54,48,5,4,6,5,0.2,0.2
2026-08-15T2100,2311A,115.8071,33.8399,亳州市,污水处理厂,,22,14,11,5,3,70,NA,92,86,9,7,3,4,0.3,0.2
2026-08-15T2100,2312A,115.7789,33.8519,亳州市,三国揽胜宫,,22,19,16,6,3,69,NA,92,87,4,3,5,6,0.5,0.4
2026-08-15T2100,2314A,117.4698,30.6617,池州市,池州学院,,38,27,19,26,13,59,NA,60,60,14,11,4,4,0.5,0.4
2026-08-15T2100,2316A,118.7578,30.9457,宣城市,鳌峰子站,,19,16,17,11,16,58,NA,62,62,4,5,7,8,0.4,0.5
2026-08-15T2100,2317A,118.7384,30.9745,宣城市,敬亭山子站,,19,19,18,11,17,36,NA,58,55,6,7,4,4,0.4,0.4
2026-08-15T2100,2318A,118.7172,30.9428,宣城市,开发区子站,,20,16,18,11,17,61,NA,67,67,4,4,8,10,0.2,0.3
2026-08-15T2100,2319A,119.0142,25.4324,莆田市,荔城区仓后路,NA,NA,NA,25,40,14,NA,NA,92,68,13,10,/,/,/,/
2026-08-15T2100,2320A,119.0016,25.4553,莆田市,莆田市监测站,,26,26,25,11,12,42,NA,102,75,10,7,5,5,0.5,0.5
2026-08-15T2100,2321A,119.112,25.4561,莆田市,涵江区六中,,21,21,24,10,10,46,NA,97,64,18,12,/,/,0.5,0.4
2026-08-15T2100,2322A,119.1014,25.3215,莆田市,秀屿区政府,,20,20,27,8,11,62,NA,92,69,8,6,8,6,0.4,0.4
2026-08-15T2100,2324A,117.621,26.2626,三明市,三钢,,15,15,19,4,12,31,NA,71,58,13,11,4,8,0.7,0.8
2026-08-15T2100,2325A,117.6352,26.2714,三明市,三明二中,,15,15,21,10,13,26,NA,75,60,10,10,6,8,0.6,0.7
2026-08-15T2100,2326A,117.6028,26.2377,三明市,三元区政府,NA,NA,NA,21,10,15,NA,NA,71,62,10,9,6,8,0.7,0.6
2026-08-15T2100,2332A,118.1682,26.6371,南平市,南平市监测站,,18,16,16,12,10,38,NA,78,67,7,7,4,4,0.5,0.5
2026-08-15T2100,2334A,118.1757,26.6276,南平市,南平七中,,20,20,18,12,9,25,NA,76,62,12,7,3,3,0.5,0.4
2026-08-15T2100,2336A,117.022,25.1031,龙岩市,龙岩市监测站,,15,9,14,7,10,48,NA,67,60,5,6,5,5,0.2,0.2
2026-08-15T2100,2337A,117.0257,25.0662,龙岩市,闽西职业技术学院,,16,16,17,9,9,51,NA,70,63,6,5,5,5,0.5,0.4
2026-08-15T2100,2338A,117.0195,25.0306,龙岩市,龙岩学院,,16,13,17,11,9,28,NA,67,55,4,4,3,4,/,/
2026-08-15T2100,2341A,119.5387,26.6611,宁德市,宁德市监测站,,16,NA,25,11,14,44,NA,100,82,22,18,4,5,0.9,0.9
2026-08-15T2100,2343A,117.2114,29.2931,景德镇市,老干部活动中心,,19,NA,17,10,14,58,NA,75,66,4,9,3,6,0.7,0.8
2026-08-15T2100,2344A,117.1893,29.2789,景德镇市,兽医站,,27,27,27,7,6,56,NA,67,61,2,7,4,4,0.6,0.5
2026-08-15T2100,2346A,117.246,29.2958,景德镇市,陶研所,,22,NA,22,15,16,57,NA,71,61,3,14,3,4,0.8,1.2
2026-08-15T2100,2348A,113.8384,27.6436,萍乡市,中医院,,26,26,21,18,12,57,NA,55,55,7,11,6,7,0.6,0.7
2026-08-15T2100,2350A,113.8677,27.6438,萍乡市,市环保局,,32,32,17,21,17,60,NA,61,61,8,8,1,2,0.5,0.5
2026-08-15T2100,2351A,113.8663,27.6202,萍乡市,安源区政府,,30,27,16,21,13,65,NA,61,61,6,5,5,6,0.4,0.4
2026-08-15T2100,2353A,114.9887,27.8433,新余市,飞宇,NA,NA,23,26,11,9,NA,NA,29,22,13,12,7,4,0.6,0.7
2026-08-15T2100,2354A,114.9234,27.8248,新余市,第二水厂,,28,28,17,18,7,67,NA,75,75,8,8,4,3,0.7,0.7
2026-08-15T2100,2355A,114.931,27.8037,新余市,市气象局,,28,25,16,19,8,75,NA,84,83,6,6,2,1,0.8,0.6
2026-08-15T2100,2358A,117.0561,28.2641,鹰潭市,新监测站,,21,21,24,6,8,60,NA,88,80,5,4,5,4,0.5,0.6
2026-08-15T2100,2359A,117.0312,28.2474,鹰潭市,财苑宾馆,,24,24,23,9,11,52,NA,87,77,14,6,4,4,/,/
2026-08-15T2100,2360A,117.0221,28.2263,鹰潭市,体育馆,,24,24,27,2,9,38,NA,84,72,15,7,4,4,0.6,0.6
2026-08-15T2100,2363A,114.9368,25.8663,赣州市,地委,,31,31,22,6,6,44,NA,80,67,12,5,15,3,0.9,0.8
2026-08-15T2100,2364A,114.946,25.8483,赣州市,气象台,,18,18,17,4,7,49,NA,81,71,8,8,4,5,0.6,0.7
2026-08-15T2100,2365A,114.932,25.8332,赣州市,市图书馆,,19,18,15,4,6,59,NA,87,79,3,5,3,4,0.9,0.9
2026-08-15T2100,2366A,114.8905,25.8472,赣州市,华坚鞋城,,24,24,22,5,9,46,NA,73,62,11,8,2,2,0.7,0.7
2026-08-15T2100,2367A,114.9753,27.0803,吉安市,红声器材厂,,40,40,22,8,4,52,NA,85,82,6,6,7,7,0.3,0.4
2026-08-15T2100,2369A,114.9903,27.1313,吉安市,市环境监测站,,21,21,16,7,3,52,NA,81,78,4,4,8,8,/,/
2026-08-15T2100,2370A,115.009527,27.096792,吉安市,青原区法院,,23,23,18,6,4,55,NA,84,81,7,6,7,7,0.5,0.5
2026-08-15T2100,2373A,114.3954,27.7843,宜春市,市石油公司,,34,34,22,15,11,75,NA,92,90,15,13,12,10,0.7,0.8
2026-08-15T2100,2374A,114.37,27.7916,宜春市,市气象局,,35,35,24,20,11,60,NA,81,79,13,8,3,3,0.9,0.9
2026-08-15T2100,2375A,114.401,27.8059,宜春市,市广电局,,39,39,17,26,14,69,NA,81,80,10,9,4,3,0.7,0.6
2026-08-15T2100,2377A,116.3544,27.9833,抚州市,市站,,25,24,24,10,10,77,NA,72,72,6,6,2,3,0.7,0.7
2026-08-15T2100,2378A,116.3562,27.9631,抚州市,血防站,,37,37,25,15,7,42,NA,72,64,16,7,7,7,0.8,0.7
2026-08-15T2100,2379A,116.3561,28.0007,抚州市,采茶剧团,,26,20,23,10,10,82,NA,82,82,9,7,10,11,0.3,0.4
2026-08-15T2100,2380A,116.3854,27.9648,抚州市,医学分院,,26,26,21,12,8,68,NA,77,76,6,5,10,4,0.7,0.7
2026-08-15T2100,2382A,117.9758,28.4439,上饶市,市监测站,,22,22,53,6,19,40,NA,90,68,2,5,3,8,/,/
2026-08-15T2100,2383A,117.9521,28.4637,上饶市,凤凰光学,,22,16,28,15,36,51,NA,96,80,9,5,14,19,0.5,0.5
2026-08-15T2100,2385A,114.17,35.9019,鹤壁市,市监测站,,37,37,34,22,28,92,NA,133,122,4,4,1,3,0.7,0.7
2026-08-15T2100,2386A,114.2953,35.7512,鹤壁市,市交警支队,,32,31,34,22,23,82,NA,118,108,18,13,2,2,0.6,0.5
2026-08-15T2100,2387A,114.2877,35.7302,鹤壁市,迎宾馆,,33,33,37,12,19,86,NA,122,113,12,8,2,2,0.7,0.6
2026-08-15T2100,2389A,113.836,35.3104,新乡市,环保西院,,37,37,41,17,23,94,NA,128,123,13,12,8,10,0.6,0.7
2026-08-15T2100,2390A,113.8847,35.2724,新乡市,开发区,,28,28,30,13,18,80,NA,120,110,15,12,8,9,0.5,0.5
2026-08-15T2100,2391A,113.8836,35.3028,新乡市,环保东院,,41,41,41,21,19,88,NA,128,118,17,10,7,8,0.4,0.4
2026-08-15T2100,2392A,115.0312,35.7636,濮阳市,环保局,,42,40,40,29,25,119,NA,145,139,11,12,4,7,0.6,0.6
2026-08-15T2100,2398A,113.7904,33.9949,许昌市,开发区,,45,45,41,31,28,79,NA,127,115,15,13,4,4,0.6,0.6
2026-08-15T2100,2399A,114.051,33.5721,漯河市,三五一五工厂,,50,50,41,32,34,91,NA,120,112,16,15,5,5,0.5,0.5
2026-08-15T2100,2400A,114.0055,33.5698,漯河市,漯河大学,,46,45,51,32,36,100,NA,125,118,13,14,8,6,0.6,0.6
2026-08-15T2100,2401A,114.0134,33.5826,漯河市,市水利局,,45,36,42,31,33,97,NA,123,115,14,16,7,7,0.6,0.6
2026-08-15T2100,2402A,114.0261,33.5697,漯河市,市广电局,,49,39,46,34,28,96,NA,125,118,10,11,5,4,0.6,0.6
2026-08-15T2100,2404A,112.5338,33.0086,南阳市,瓦房庄,,45,45,38,25,17,78,NA,107,102,13,10,5,5,0.6,0.5
2026-08-15T2100,2405A,112.5002,32.9734,南阳市,汉画馆,,45,39,35,31,18,74,NA,107,101,17,13,6,6,0.8,0.8
2026-08-15T2100,2406A,112.5778,33.0144,南阳市,气象站,颗粒物(PM10),51,51,30,28,15,73,NA,112,106,16,7,7,7,0.6,0.5
2026-08-15T2100,2407A,112.548,32.9687,南阳市,理工学院,,43,43,34,26,19,77,NA,112,106,19,10,8,8,0.7,0.7
2026-08-15T2100,2408A,115.6701,34.4283,商丘市,环境监测站,,28,28,32,15,20,83,NA,107,102,7,6,5,6,0.3,0.3
2026-08-15T2100,2409A,115.6458,34.4047,商丘市,粮食局,,35,32,30,24,16,90,NA,104,101,6,6,4,5,0.3,0.3
2026-08-15T2100,2420A,114.0194,32.9648,驻马店市,市一纸厂,,26,25,34,18,25,67,NA,109,100,12,11,5,6,0.3,0.3
2026-08-15T2100,2421A,114.0112,33.0149,驻马店市,市彩印厂,,31,31,62,15,24,76,NA,106,100,6,8,6,7,0.3,0.3
2026-08-15T2100,2423A,115.0547,30.2332,黄石市,沈家营,,35,35,24,9,7,67,NA,90,87,4,4,4,4,0.5,0.6
2026-08-15T2100,2426A,114.899,30.211,黄石市,铁山,,31,31,23,8,5,64,NA,94,91,14,8,4,4,0.5,0.4
2026-08-15T2100,2427A,115.0259,30.2108,黄石市,团城山,,32,32,22,7,6,66,NA,87,86,8,4,4,4,0.6,0.7
2026-08-15T2100,2429A,110.78,32.6494,十堰市,滨河新村,,29,29,30,16,13,56,NA,97,88,18,11,/,/,1.0,0.8
2026-08-15T2100,2430A,110.7305,32.6408,十堰市,刘家沟,,28,23,27,19,9,66,NA,108,98,8,4,/,/,/,/
2026-08-15T2100,2431A,110.8843,32.5712,十堰市,铁二处,,33,33,27,20,13,42,NA,93,82,9,6,8,8,0.7,0.6
2026-08-15T2100,2432A,112.1555,32.0197,襄阳市,襄城运动路,,40,40,33,28,21,69,NA,104,99,12,10,7,7,0.6,0.5
2026-08-15T2100,2434A,112.1829,32.1146,襄阳市,高新管委会,,42,37,36,29,27,85,NA,109,106,6,17,6,6,0.5,0.6
2026-08-15T2100,2435A,112.2105,32.0903,襄阳市,襄州航空路,,46,46,38,31,25,72,NA,108,101,12,16,8,9,0.6,0.7
2026-08-15T2100,2436A,114.894,30.3989,鄂州市,市政府,,20,20,14,8,5,40,NA,78,70,17,13,4,4,0.4,0.4
2026-08-15T2100,2437A,114.8986,30.3714,鄂州市,赵家坝,,31,31,14,14,5,46,NA,94,87,20,10,13,8,0.8,0.5
2026-08-15T2100,2439A,112.2012,31.048,荆门市,竹园小学,,45,35,36,31,22,64,NA,110,103,12,4,5,7,0.6,0.6
2026-08-15T2100,2440A,112.1968,30.9892,荆门市,掇刀,,43,43,28,23,21,80,NA,109,105,7,4,9,8,0.6,0.5
2026-08-15T2100,2444A,113.9062,30.9378,孝感市,东城区,,18,18,18,5,3,52,NA,68,66,4,4,3,4,0.4,0.4
2026-08-15T2100,2446A,114.9021,30.474,黄冈市,职工中心,,18,14,11,6,4,55,NA,81,74,8,6,9,9,0.3,0.3
2026-08-15T2100,2451A,113.3587,31.7275,随州市,市委党校,,24,23,34,14,18,76,NA,91,87,8,7,8,7,0.8,0.8
2026-08-15T2100,2452A,113.3745,31.6926,随州市,市林业局,,25,18,29,14,17,78,NA,92,89,7,7,2,2,0.7,0.7
2026-08-15T2100,2453A,113.3984,31.7309,随州市,市立交桥水厂,,20,19,27,13,16,63,NA,82,78,6,5,4,4,0.5,0.6
2026-08-15T2100,2454A,109.4978,30.2979,恩施土家族苗族自治州,湖北民院,NA,NA,22,16,11,7,68,NA,102,97,2,2,9,6,NA,0.1
2026-08-15T2100,2457A,112.6209,26.9268,衡阳市,衡阳化工总厂,,29,20,14,20,8,53,NA,64,62,9,8,6,6,0.5,0.5
2026-08-15T2100,2458A,112.621,26.8957,衡阳市,珠晖区环保局,,23,23,14,12,6,59,NA,65,64,10,10,7,7,1.0,0.9
2026-08-15T2100,2459A,112.628,26.8654,衡阳市,市委党校,,22,15,18,12,9,70,NA,74,74,5,6,5,5,0.8,0.9
2026-08-15T2100,2460A,112.6007,26.8977,衡阳市,市监测站,,28,24,14,19,8,59,NA,73,71,12,7,1,2,0.7,0.6
2026-08-15T2100,2461A,112.5658,26.9013,衡阳市,真空机电公司,,29,29,13,19,11,57,NA,74,70,12,7,5,6,0.9,0.8
2026-08-15T2100,2464A,111.5277,27.2442,邵阳市,市化工厂,,39,NA,15,27,16,43,NA,73,67,15,6,6,5,0.5,0.4
2026-08-15T2100,2466A,111.4327,27.2276,邵阳市,市环保局,,38,NA,16,26,13,55,NA,69,68,13,7,4,4,0.8,0.7
2026-08-15T2100,2468A,112.3458,28.581,益阳市,市环保局,,38,35,24,26,20,68,NA,102,97,9,6,6,6,0.9,0.8
2026-08-15T2100,2473A,113.0116,25.8228,郴州市,市职中,,31,31,19,16,12,34,NA,64,57,9,5,6,6,0.7,0.6
2026-08-15T2100,2475A,113.0381,25.8074,郴州市,市审计局,,36,25,17,25,13,52,NA,67,64,8,6,9,5,/,/
2026-08-15T2100,2476A,113.0348,25.7757,郴州市,市环保局,,35,24,12,24,13,50,NA,66,63,8,6,16,8,0.7,0.5
2026-08-15T2100,2478A,111.6126,26.4266,永州市,市环境监测站,,32,32,20,20,13,77,NA,78,78,8,8,4,6,0.8,0.8
2026-08-15T2100,2480A,111.6248,26.3803,永州市,永州市环保局,,39,34,19,27,13,70,NA,78,78,5,5,6,6,0.8,0.8
2026-08-15T2100,2481A,111.5989,26.4523,永州市,冷水滩区环保局,,38,38,26,22,13,70,NA,75,75,6,5,10,6,0.8,0.7
2026-08-15T2100,2483A,109.9297,27.5383,怀化市,河西地税局,,27,27,21,18,15,34,NA,62,58,18,9,8,11,/,/
2026-08-15T2100,2484A,109.9783,27.5342,怀化市,市四医院,,32,30,21,22,15,44,NA,73,71,13,9,8,6,0.4,0.4
2026-08-15T2100,2485A,109.9971,27.5579,怀化市,监测楼,,39,28,25,27,16,58,NA,75,73,8,7,1,6,0.3,0.3
2026-08-15T2100,2488A,111.9984,27.7346,娄底市,市监测站,,40,37,23,28,15,52,NA,70,67,15,10,2,4,0.6,0.7
2026-08-15T2100,2491A,111.9888,27.7035,娄底市,市政府,细颗粒物(PM2.5),92,NA,16,56,16,35,NA,69,62,9,5,9,5,0.4,0.4
2026-08-15T2100,2493A,109.7298,28.3164,湘西土家族苗族自治州,州政府,,38,38,26,16,12,39,NA,84,78,11,5,3,3,0.5,0.4
2026-08-15T2100,2494A,109.6957,28.2676,湘西土家族苗族自治州,吉首市计生局,,26,NA,20,18,11,35,NA,82,75,15,8,5,4,0.2,0.2
2026-08-15T2100,2496A,111.3126,23.4772,梧州市,市十一中,,22,22,12,5,4,36,NA,77,74,34,12,8,8,0.8,0.6
2026-08-15T2100,2498A,111.26,23.4794,梧州市,龙新,,28,28,19,16,6,79,NA,85,85,20,11,10,9,1.0,0.8
2026-08-15T2100,2499A,108.3411,21.6159,防城港市,沙万,,33,17,30,16,16,104,NA,121,116,6,10,2,5,0.6,0.7
2026-08-15T2100,2500A,108.3515,21.7733,防城港市,防城档案局,,34,34,31,17,16,103,NA,115,113,3,5,7,4,0.6,0.6
2026-08-15T2100,2501A,108.3506,21.6414,防城港市,大海花园,,38,30,25,15,17,121,NA,136,131,3,6,3,6,0.5,0.6
2026-08-15T2100,2502A,108.6238,21.9667,钦州市,市环保站,,32,NA,26,22,14,83,NA,121,117,8,10,7,6,0.7,0.8
2026-08-15T2100,2503A,108.655,21.9481,钦州市,沙埠小学,,29,29,26,13,16,81,NA,127,118,8,13,9,7,0.5,0.6
2026-08-15T2100,2504A,108.5989,21.7435,钦州市,港区一小,,29,18,33,2,14,92,NA,126,119,6,11,4,6,0.7,0.8
2026-08-15T2100,2506A,109.604387,23.066791,贵港市,江南子站,,26,17,20,11,15,82,NA,99,98,8,12,3,3,0.6,0.7
2026-08-15T2100,2508A,109.5669,23.1065,贵港市,荷城子站,,25,17,19,11,11,79,NA,89,89,11,15,2,4,0.7,0.7
2026-08-15T2100,2511A,110.1433,22.6162,玉林市,南江一中,,35,35,20,13,9,70,NA,95,89,8,12,26,10,0.6,0.5
2026-08-15T2100,2512A,106.6102,23.901,百色市,市监测站,,19,NA,13,7,6,59,NA,90,85,8,7,6,7,0.5,0.5
2026-08-15T2100,2513A,106.6524,23.8842,百色市,市中心血站,,29,29,22,12,12,44,NA,85,78,20,10,9,10,0.5,0.5
2026-08-15T2100,2514A,111.5264,24.4178,贺州市,环保小区,,48,NA,14,33,10,62,NA,86,83,8,6,12,12,0.5,0.3
2026-08-15T2100,2515A,111.561,24.4074,贺州市,政协大楼,,45,NA,12,31,11,53,NA,82,78,11,8,11,12,0.7,0.5
2026-08-15T2100,2517A,108.0496,24.6957,河池市,市环保站,,17,14,12,3,6,52,NA,70,66,9,6,5,6,0.8,0.7
2026-08-15T2100,2520A,109.2203,23.7252,来宾市,来宾技工学校,,43,34,18,30,15,87,NA,100,99,10,9,9,9,0.6,0.6
2026-08-15T2100,2521A,107.3473,22.4137,崇左市,市环保局江州分局,,19,18,21,6,9,58,NA,104,94,6,8,3,3,0.5,0.6
2026-08-15T2100,2524A,105.8211,32.4444,广元市,老城,,31,31,24,13,11,62,NA,109,102,19,17,4,5,0.5,0.5
2026-08-15T2100,2526A,105.8629,32.429,广元市,监测站,,30,30,32,12,13,72,NA,108,102,10,11,7,8,0.5,0.5
2026-08-15T2100,2528A,105.5581,30.5231,遂宁市,市监测站,,34,28,36,15,18,108,NA,136,128,12,21,8,8,0.7,0.7
2026-08-15T2100,2530A,105.5917,30.4727,遂宁市,美宁食品公司,,41,41,40,27,26,88,NA,129,120,22,27,11,9,0.7,0.8
2026-08-15T2100,2531A,105.0703,29.61,内江市,市监测站,颗粒物(PM10),66,72,39,33,36,109,NA,158,151,20,13,10,10,0.7,0.6
2026-08-15T2100,2533A,105.0657,29.5807,内江市,内江二中,,47,47,42,26,35,114,NA,151,147,18,18,11,12,0.3,0.4
2026-08-15T2100,2534A,105.0407,29.5828,内江市,内江日报社,NA,NA,33,30,23,33,100,NA,149,143,33,17,10,12,NA,0.4
2026-08-15T2100,2536A,103.7629,29.5844,乐山市,牛耳桥,颗粒物(PM10),63,67,52,35,28,132,NA,158,148,11,17,7,7,1.0,1.1
2026-08-15T2100,2537A,103.7501,29.6002,乐山市,市第三水厂,,50,50,46,30,31,137,NA,160,151,9,17,4,5,0.7,0.8
2026-08-15T2100,2538A,103.7571,29.5664,乐山市,市监测站,细颗粒物(PM2.5),78,68,51,49,29,135,NA,159,150,10,16,5,7,0.8,1.1
2026-08-15T2100,2540A,103.8414,30.0871,眉山市,气象局,,47,37,39,22,27,150,NA,175,165,11,35,8,9,0.9,1
2026-08-15T2100,2544A,106.6307,30.4577,广安市,市委,,30,17,22,11,19,94,NA,122,118,10,11,10,11,0.4,0.4
2026-08-15T2100,2545A,106.6266,30.4662,广安市,友谊中学,,29,17,21,12,18,92,NA,125,119,10,10,12,13,0.5,0.5
2026-08-15T2100,2547A,106.6386,30.4551,广安市,广电花园,,33,14,23,12,23,103,NA,124,121,7,9,10,10,0.5,0.6
2026-08-15T2100,2549A,107.5087,31.2186,达州市,市环境监测站,颗粒物(PM10),60,64,27,24,9,87,NA,121,120,26,18,7,7,0.7,0.5
2026-08-15T2100,2550A,107.4988,31.2132,达州市,凤凰小区,颗粒物(PM10),51,51,27,35,10,89,NA,132,129,28,17,6,6,0.6,0.4
2026-08-15T2100,2551A,107.5081,31.1987,达州市,达县机关宾馆,细颗粒物(PM2.5),66,61,32,43,14,63,NA,128,122,52,27,5,6,0.6,0.4
2026-08-15T2100,2552A,107.4644,31.2124,达州市,市政中心,细颗粒物(PM2.5),78,68,38,49,12,89,NA,136,132,28,18,5,5,0.5,0.3
2026-08-15T2100,2555A,103.011,29.9833,雅安市,市政府,细颗粒物(PM2.5),66,71,33,43,22,108,NA,168,163,18,8,6,6,0.8,0.6
2026-08-15T2100,2556A,102.9907,29.9778,雅安市,川农大,,45,35,26,31,20,127,NA,160,158,14,6,5,5,0.7,0.6
2026-08-15T2100,2562A,104.6357,30.1508,资阳市,资阳中学,颗粒物(PM10),52,52,49,28,35,103,NA,166,152,20,13,8,10,0.5,0.5
2026-08-15T2100,2565A,104.6297,30.1259,资阳市,区法院,,48,38,36,33,36,126,NA,158,153,15,17,8,9,0.6,0.7
2026-08-15T2100,2568A,102.2503,31.8896,阿坝藏族羌族自治州,马师校,NA,NA,NA,22,NA,8,71,NA,105,99,NA,6,NA,4,0.3,0.3
2026-08-15T2100,2570A,101.96,30.048,甘孜藏族自治州,水桥子,,36,16,21,13,9,113,NA,122,120,12,22,3,3,0.4,0.4
2026-08-15T2100,2573A,102.2629,27.8981,凉山彝族自治州,西昌市政府,,38,27,20,26,16,100,NA,145,141,8,7,4,5,0.5,0.4
2026-08-15T2100,2574A,102.2686,27.885,凉山彝族自治州,凉山州政府,,33,33,22,18,14,105,NA,145,141,7,8,4,5,0.4,0.4
2026-08-15T2100,2577A,104.8293,26.592,六盘水市,黄土坡,,35,21,18,19,12,112,NA,142,136,10,10,5,4,0.5,0.4
2026-08-15T2100,2579A,104.8481,26.5898,六盘水市,民中,,35,25,19,24,13,101,NA,137,130,14,15,2,2,0.4,0.4
2026-08-15T2100,2580A,104.9541,26.5506,六盘水市,双水,,32,14,24,12,14,101,NA,124,120,7,13,5,6,0.5,0.7
2026-08-15T2100,2585A,109.1839,27.7344,铜仁市,铜仁卫校,,33,33,21,6,5,58,NA,92,84,5,4,1,2,0.4,0.6
2026-08-15T2100,2586A,109.1752,27.6945,铜仁市,铜仁七中,,31,31,18,9,6,48,NA,92,82,9,5,4,4,0.4,0.3
2026-08-15T2100,2587A,105.287,27.3133,毕节市,八中,,30,NA,23,21,20,83,NA,122,116,17,14,6,6,0.5,0.5
2026-08-15T2100,2588A,105.3079,27.2987,毕节市,师专,,29,27,28,20,18,80,NA,118,113,17,14,15,9,0.5,0.5
2026-08-15T2100,2589A,104.9022,25.0943,黔西南布依族苗族自治州,场坝街,,38,NA,21,26,18,93,NA,109,105,10,14,5,30,0.4,0.4
2026-08-15T2100,2590A,104.8812,25.0994,黔西南布依族苗族自治州,坪东大道,,30,25,23,20,17,96,NA,118,113,5,14,4,10,0.4,0.4
2026-08-15T2100,2591A,107.9765,26.5724,黔东南苗族侗族自治州,市环境监测站,,20,15,13,14,8,47,NA,67,63,6,4,2,2,0.5,0.5
2026-08-15T2100,2593A,107.5223,26.2371,黔南布依族苗族自治州,小围寨,,17,9,6,8,5,54,NA,68,66,4,5,4,4,0.5,0.5
2026-08-15T2100,2594A,99.1589,25.1137,保山市,市环境监测站,,20,20,16,7,8,50,NA,76,70,6,11,7,7,0.3,0.3
2026-08-15T2100,2595A,99.1616,25.1381,保山市,市环保局,,20,NA,10,14,7,56,NA,76,71,3,5,5,5,0.4,0.5
2026-08-15T2100,2596A,103.7668,27.3736,昭通市,监测站,颗粒物(PM10),53,54,38,30,25,137,NA,139,137,8,10,5,8,0.3,0.4
2026-08-15T2100,2599A,100.2497,26.8802,丽江市,丽江古城,,29,26,15,18,7,90,NA,109,108,10,3,10,8,0.5,0.5
2026-08-15T2100,2600A,100.2203,26.8906,丽江市,市中心,,36,36,13,16,8,68,NA,99,97,21,7,8,8,0.6,0.4
2026-08-15T2100,2601A,100.9801,22.7634,普洱市,市环保局,,29,29,30,6,10,70,NA,85,75,4,7,6,6,0.7,0.8
2026-08-15T2100,2602A,100.9763,22.8237,普洱市,普洱第二中学,,26,26,24,15,10,64,NA,95,82,7,7,8,8,0.6,0.6
2026-08-15T2100,2603A,100.0779,23.8981,临沧市,市环保局,,24,18,20,12,8,75,NA,73,72,8,9,7,9,0.5,0.6
2026-08-15T2100,2604A,100.0894,23.882,临沧市,市气象局,,27,13,19,9,10,84,NA,81,81,5,6,10,10,0.5,0.5
2026-08-15T2100,2606A,101.5379,25.0492,楚雄彝族自治州,市经济开发区,,25,24,26,13,15,80,NA,96,94,8,17,1,3,0.3,0.3
2026-08-15T2100,2610A,104.2533,23.3595,文山壮族苗族自治州,州水务局,,31,NA,32,17,18,98,NA,125,121,10,10,7,9,0.4,0.4
2026-08-15T2100,2611A,104.2319,23.3892,文山壮族苗族自治州,市便民服务中心,,30,NA,27,9,18,96,NA,121,118,12,14,4,5,0.3,0.4
2026-08-15T2100,2612A,100.8018,21.9995,西双版纳傣族自治州,景洪市江南,NA,NA,26,20,5,9,75,NA,78,78,7,6,NA,11,NA,0.8
2026-08-15T2100,2613A,100.7995,22.0238,西双版纳傣族自治州,景洪市江北,,20,19,20,14,12,43,NA,68,68,18,5,9,9,0.7,0.6
2026-08-15T2100,2614A,100.2168,25.5818,大理白族自治州,大理市环境监测站,,25,10,9,5,6,78,NA,88,88,8,6,5,5,0.3,0.2
2026-08-15T2100,2615A,100.1542,25.7055,大理白族自治州,大理古城,,29,29,16,18,10,60,NA,91,82,21,11,4,5,0.6,0.5
2026-08-15T2100,2616A,98.5611,24.4273,德宏傣族景颇族自治州,德宏州监测站,,22,NA,10,15,9,45,NA,59,58,9,7,8,9,0.7,0.6
2026-08-15T2100,2618A,98.859,25.8541,怒江傈僳族自治州,州监测站,,33,33,15,9,6,44,NA,80,77,14,6,5,5,0.5,0.4
2026-08-15T2100,2619A,98.8607,25.8168,怒江傈僳族自治州,泸水一中,,18,18,16,11,7,33,NA,72,68,19,8,4,4,0.6,0.5
2026-08-15T2100,2621A,99.7054,27.8319,迪庆藏族自治州,迪庆州站,,21,19,18,4,8,67,NA,85,79,9,10,8,7,0.1,0.2
2026-08-15T2100,2622A,97.1813,31.1289,昌都市,昌都监测站,,27,NA,10,9,4,85,NA,96,92,6,6,4,4,0.3,0.2
2026-08-15T2100,2624A,91.7592,29.234,山南市,山南监测站,,28,10,7,1,2,87,NA,104,102,8,3,7,8,0.3,0.2
2026-08-15T2100,2625A,91.7701,29.2436,山南市,山南人民医院,,27,18,10,3,2,86,NA,104,101,7,3,9,9,0.3,0.3
2026-08-15T2100,2626A,88.8873,29.2723,日喀则市,日喀则监测站,,22,4,5,0,2,70,NA,82,80,8,4,6,6,0.4,0.3
2026-08-15T2100,2628A,92.0653,31.4846,那曲市,那曲监测站,,35,24,18,24,13,65,NA,87,83,23,10,7,7,0.6,0.4
2026-08-15T2100,2630A,80.1171,32.4999,阿里地区,阿里监测站,,35,7,11,3,2,110,NA,98,98,4,4,6,6,0.1,0.1
2026-08-15T2100,2632A,94.3683,29.6373,林芝市,林芝监测站,,18,NA,7,12,4,53,NA,69,64,5,4,3,3,0.5,0.5
2026-08-15T2100,2633A,94.3616,29.6634,林芝市,林芝人民医院,,17,7,8,4,5,54,NA,72,67,4,4,3,3,0.3,0.3
2026-08-15T2100,2635A,107.0155,33.0707,汉中市,市监测站,,30,24,20,21,11,82,NA,110,109,8,7,5,4,0.5,0.4
2026-08-15T2100,2636A,107.0083,33.114,汉中市,鑫源开发区,细颗粒物(PM2.5),58,NA,15,39,7,73,NA,105,103,14,8,6,6,0.4,0.2
2026-08-15T2100,2637A,107.0072,33.0323,汉中市,南郑大河坎水厂,,36,30,22,25,14,77,NA,111,108,10,9,6,4,0.7,0.7
2026-08-15T2100,2639A,109.7445,38.2919,榆林市,世纪广场,,39,12,26,6,15,122,NA,134,132,10,8,5,9,0.3,0.4
2026-08-15T2100,2640A,109.729,38.2837,榆林市,实验中学,,39,NA,25,7,14,123,NA,138,135,11,9,5,8,0.3,0.4
2026-08-15T2100,2641A,109.7347,38.2491,榆林市,环保监测大楼,,38,NA,26,8,15,119,NA,133,130,10,11,5,11,0.3,0.3
2026-08-15T2100,2644A,109.0088,32.6974,安康市,汉滨区检察院,,33,33,20,18,8,36,NA,80,74,12,6,6,6,0.5,0.4
2026-08-15T2100,2645A,109.9155,33.8714,商洛市,监测站,,20,20,23,12,11,35,NA,87,74,19,10,10,10,0.5,0.3
2026-08-15T2100,2647A,104.1727,36.5448,白银市,第三小学,,35,33,34,13,13,110,NA,128,128,13,8,3,14,0.6,0.7
2026-08-15T2100,2648A,104.1467,36.5482,白银市,动力公司,,34,15,23,11,10,106,NA,126,126,15,9,3,4,0.6,0.6
2026-08-15T2100,2650A,105.72058,34.57859,天水市,公园小学,,42,42,33,24,16,61,NA,84,81,12,14,8,8,0.6,0.6
2026-08-15T2100,2651A,105.89428,34.55353,天水市,麦积国土局,,33,33,25,21,17,80,NA,92,89,7,8,10,11,0.4,0.4
2026-08-15T2100,2652A,102.6203,37.925,武威市,监测站,颗粒物(PM10),103,126,52,34,17,102,NA,118,113,8,13,11,11,0.4,0.3
2026-08-15T2100,2654A,100.4699,38.9525,张掖市,润泉湖,颗粒物(PM10),55,56,166,20,48,113,NA,121,120,6,9,8,8,0.3,0.3
2026-08-15T2100,2655A,100.4155,38.9422,张掖市,区工会,,44,44,159,23,49,122,NA,133,132,3,7,8,7,0.5,0.5
2026-08-15T2100,2656A,106.6633,35.5338,平凉市,聚贤嘉苑,,42,41,38,29,25,29,NA,100,88,50,21,10,9,0.8,0.8
2026-08-15T2100,2657A,106.7021,35.5307,平凉市,博物馆,,48,48,46,28,26,46,NA,98,86,34,22,9,9,0.7,0.8
2026-08-15T2100,2661A,107.6325,35.7357,庆阳市,庆阳五中,,33,33,28,21,14,76,NA,94,91,14,8,2,2,0.4,0.4
2026-08-15T2100,2662A,107.6361,35.7067,庆阳市,市环保局,,33,33,30,20,17,82,NA,96,94,12,9,3,3,0.6,0.6
2026-08-15T2100,2669A,102.9097,34.9841,甘南藏族自治州,州政府,,30,30,23,14,13,88,NA,93,93,7,8,6,6,0.3,0.3
2026-08-15T2100,2671A,100.9016,36.9464,海北藏族自治州,海晏县西海镇,,32,16,17,8,11,102,NA,119,118,3,5,8,8,0.4,0.4
2026-08-15T2100,2672A,102.02,35.5101,黄南藏族自治州,同仁县隆务镇,,40,38,22,28,13,113,NA,118,118,3,3,8,8,0.3,0.2
2026-08-15T2100,2673A,100.6158,36.2985,海南藏族自治州,共和县恰卜恰镇,,31,23,18,17,9,98,NA,104,104,4,5,8,8,0.5,0.5
2026-08-15T2100,2674A,100.2262,34.4854,果洛藏族自治州,玛沁县大武镇,,25,12,13,9,7,80,NA,92,88,2,2,17,17,0.4,0.4
2026-08-15T2100,2675A,97.0386,33.0138,玉树藏族自治州,玉树县结古镇,,25,6,11,4,3,80,NA,86,86,7,13,6,6,0.4,0.5
2026-08-15T2100,2676A,97.373,37.376,海西蒙古族藏族自治州,德令哈市,,43,37,24,12,10,136,NA,135,135,1,2,11,10,0.3,0.4
2026-08-15T2100,2677A,106.1535,37.9648,吴忠市,教育园区,颗粒物(PM10),64,69,50,36,22,121,NA,145,140,19,17,10,9,0.5,0.5
2026-08-15T2100,2679A,106.1851,37.9957,吴忠市,新区二泵站,,50,50,48,27,19,133,NA,152,148,17,15,10,13,0.5,0.5
2026-08-15T2100,2682A,105.1965,37.4996,中卫市,环保局站,颗粒物(PM10),62,66,35,22,15,69,NA,136,127,45,20,3,3,0.6,0.5
2026-08-15T2100,2684A,106.2753,36.0057,固原市,监测站,,36,36,20,16,15,52,NA,111,106,37,10,8,6,0.6,0.4
2026-08-15T2100,2685A,106.2384,36.0189,固原市,新区,,45,45,22,8,15,43,NA,101,96,50,12,7,7,0.6,0.5
2026-08-15T2100,2686A,89.1905,42.9419,吐鲁番市,市环保局,颗粒物(PM10),500,617,211,113,50,114,NA,116,116,9,14,4,5,0.5,0.5
2026-08-15T2100,2687A,89.1674,42.9558,吐鲁番市,地区环保局,颗粒物(PM10),500,738,181,132,56,109,NA,109,109,10,15,3,2,0.8,0.9
2026-08-15T2100,2688A,93.5124,42.8176,哈密市,地区监测站,,34,26,20,8,10,108,NA,122,120,9,12,3,4,0.3,0.3
2026-08-15T2100,2689A,93.5014,42.8312,哈密市,哈密师范学校,,31,21,26,21,13,97,NA,109,105,11,15,6,7,0.3,0.3
2026-08-15T2100,2692A,87.2722,44.0298,昌吉回族自治州,新区政务中心,,32,27,35,22,15,102,NA,111,111,10,17,9,8,0.5,0.5
2026-08-15T2100,2693A,82.0482,44.8553,博尔塔拉蒙古自治州,市党校,,35,31,24,16,6,111,NA,117,117,7,4,3,3,0.1,0.1
2026-08-15T2100,2694A,82.0805,44.8966,博尔塔拉蒙古自治州,市环保局,,32,28,42,8,5,100,NA,122,121,12,5,4,4,0.1,0.1
2026-08-15T2100,2695A,80.2899,41.1684,阿克苏地区,电视台,颗粒物(PM10),79,90,86,42,51,102,NA,113,113,8,16,4,4,0.5,0.6
2026-08-15T2100,2696A,80.2592,41.1541,阿克苏地区,艺术中心,细颗粒物(PM2.5),80,54,65,50,48,110,NA,123,122,5,24,4,4,0.4,0.5
2026-08-15T2100,2697A,76.1457,39.7143,克孜勒苏柯尔克孜自治州,市人民政府,颗粒物(PM10),85,98,36,35,13,126,NA,144,138,6,3,2,3,0.1,0.1
2026-08-15T2100,2698A,76.0071,39.466,喀什地区,巡警大队,颗粒物(PM10),66,72,41,31,11,132,NA,147,145,5,6,4,4,0.2,0.2
2026-08-15T2100,2699A,75.9756,39.4693,喀什地区,吾办,颗粒物(PM10),64,69,41,25,9,124,NA,141,138,7,4,3,3,0.5,0.4
2026-08-15T2100,2704A,81.3002,43.9177,伊犁哈萨克自治州,新政府片区,,34,22,38,14,11,108,NA,117,117,10,13,4,4,0.6,0.6
2026-08-15T2100,2705A,81.3364,43.9409,伊犁哈萨克自治州,第二水厂,,36,25,41,8,11,113,NA,126,126,9,12,5,6,0.5,0.5
2026-08-15T2100,2706A,82.9993,46.7432,塔城地区,东门外小游园,,45,45,43,14,8,96,NA,96,96,4,4,2,2,0.3,0.1
2026-08-15T2100,2708A,88.1266,47.8515,阿勒泰地区,市站,,31,20,27,7,4,98,NA,96,96,11,10,10,9,0.4,0.4
2026-08-15T2100,2709A,86.0391,44.298,石河子市,艾青诗歌馆,,31,27,28,7,7,98,NA,112,111,9,10,4,5,0.4,0.4
2026-08-15T2100,2711A,87.5352,44.1606,五家渠市,农水大厦,,29,28,62,18,17,92,NA,103,103,2,15,2,3,0.3,0.4
2026-08-15T2100,2809A,113.6668,24.7756,韶关市,大学路288号,,14,12,20,9,8,43,NA,85,71,6,6,10,11,/,/
2026-08-15T2100,2835A,101.7222,26.567,攀枝花市,四十中小,细颗粒物(PM2.5),64,55,43,42,25,69,NA,128,121,35,22,11,16,1.3,0.9
2026-08-15T2100,2842A,118.0937,24.5054,厦门市,湖里中学,,18,15,18,10,11,56,NA,72,60,8,10,2,2,0.4,0.4
2026-08-15T2100,2845A,113.1561,36.1912,长治市,德盛苑,,21,21,23,12,16,65,NA,111,99,7,8,10,11,0.9,1.1
2026-08-15T2100,2846A,113.3209,23.1323,广州市,体育西,,38,22,20,16,13,120,NA,158,153,22,23,5,5,0.6,0.7
2026-08-15T2100,2858A,117.7917,39.2473,天津市,河西一经路,,46,46,37,24,15,137,NA,176,173,15,26,8,11,0.8,0.9
2026-08-15T2100,2859A,117.3747,38.9845,天津市,津沽路,颗粒物(PM10),54,55,34,30,15,113,NA,182,176,31,28,5,7,0.8,0.8
2026-08-15T2100,2860A,117.159,39.0844,天津市,宾水西道,,47,36,27,19,15,148,NA,180,180,16,19,5,6,0.3,0.3
2026-08-15T2100,2865A,112.7195,37.683,晋中市,榆次三中,,35,22,30,22,22,109,NA,153,149,5,10,7,8,0.4,0.5
2026-08-15T2100,2867A,111.1225,37.5093,吕梁市,马茂庄小学,,41,41,44,19,15,79,NA,123,115,28,21,4,6,0.6,0.6
2026-08-15T2100,2868A,126.4737,43.953,吉林市,九站,,33,33,37,15,19,55,NA,142,116,16,23,3,11,0.4,0.5
2026-08-15T2100,2869A,119.4472,32.4156,扬州市,五台山医院,,16,12,14,6,8,50,NA,82,76,13,4,4,3,0.5,0.5
2026-08-15T2100,2870A,119.4369,32.1891,镇江市,市疾控中心,,19,19,15,9,9,32,NA,72,66,11,8,7,7,0.6,0.6
2026-08-15T2100,2871A,121.6156,29.9015,宁波市,万里国际学校,,25,24,19,16,13,78,NA,137,122,11,10,7,7,0.7,0.6
2026-08-15T2100,2872A,120.7845,30.7524,嘉兴市,南湖区残联,,15,14,15,10,11,34,NA,88,70,20,13,6,5,0.5,0.5
2026-08-15T2100,2873A,120.083,30.8929,湖州市,仁皇山新区,,35,27,17,24,15,50,NA,59,58,17,18,4,4,0.8,0.6
2026-08-15T2100,2875A,115.783962,32.889217,阜阳市,阜阳职业技术学院,,41,41,19,17,12,57,NA,79,77,16,10,3,4,0.6,0.4
2026-08-15T2100,2877A,119.1638,36.6524,潍坊市,坊子邮政,,29,27,22,8,9,90,NA,152,144,17,9,2,3,0.2,0.2
2026-08-15T2100,2880A,104.0219,30.6561,成都市,大石西路,,50,50,49,33,36,135,NA,164,155,16,19,4,5,0.6,0.6
2026-08-15T2100,2881A,107.8909,26.531,黔东南苗族侗族自治州,凯里学院,,22,NA,6,15,10,49,NA,77,70,11,5,3,3,0.5,0.4
2026-08-15T2100,2882A,102.5388,24.3703,玉溪市,玉溪一中,,34,34,25,17,14,80,NA,125,113,19,11,4,4,0.6,0.3
2026-08-15T2100,2883A,102.5382,24.339,玉溪市,文体中心,,36,36,25,13,12,68,NA,121,107,22,12,7,6,0.7,0.5
2026-08-15T2100,2884A,98.2672,39.7978,嘉峪关市,酒钢宾馆,颗粒物(PM10),68,75,36,21,12,110,NA,132,127,14,15,7,11,0.4,0.7
2026-08-15T2100,2885A,104.9344,33.3827,陇南市,滨江中学,,37,37,24,19,14,68,NA,96,86,17,6,8,9,0.7,0.7
2026-08-15T2100,2894A,117.0561,32.6536,淮南市,经济技术开发区消防队,,21,21,12,10,13,64,NA,84,81,14,12,9,9,0.2,0.2
2026-08-15T2100,2897A,123.2429,41.7341,沈阳市,沈辽西路,,31,31,39,19,20,58,NA,149,119,16,29,3,5,0.9,0.7
2026-08-15T2100,2900A,123.5951,41.9085,沈阳市,裕农路,,22,18,18,15,12,38,NA,126,103,16,15,5,5,0.6,0.5
2026-08-15T2100,2902A,106.6347,30.4868,广安市,北辰小学,,29,25,32,16,21,91,NA,116,109,9,10,8,9,0.5,0.5
2026-08-15T2100,2907A,120.1846,30.8592,湖州市,吴兴区站,,28,23,16,19,14,38,NA,56,55,32,18,6,6,0.9,0.6
2026-08-15T2100,2919A,116.7022,39.5454,廊坊市,河北工业大学,,50,50,36,19,17,132,NA,177,176,15,9,3,2,0.5,0.4
2026-08-15T2100,2920A,117.71,24.5048,漳州市,蓝田镇,,28,28,25,19,15,50,NA,73,60,16,12,5,6,0.4,0.4
2026-08-15T2100,2921A,120.5482,30.0003,绍兴市,树下王站,,40,NA,12,28,11,54,NA,87,79,20,12,3,3,0.9,0.8
2026-08-15T2100,2922A,117.194,39.1069,天津市,大理道,,47,37,30,18,15,148,NA,177,177,14,23,4,6,0.5,0.7
2026-08-15T2100,2924A,106.2266,38.4417,银川市,水乡路,颗粒物(PM10),51,51,53,19,18,154,NA,163,163,12,23,8,8,0.6,0.6
2026-08-15T2100,2925A,106.2758,38.4841,银川市,上海东路,,46,41,42,20,18,146,NA,165,162,13,24,9,9,0.4,0.4
2026-08-15T2100,2926A,106.1016,38.4971,银川市,文昌北街,颗粒物(PM10),59,62,56,24,18,117,NA,148,143,22,29,7,7,0.8,0.5
2026-08-15T2100,2929A,114.8858,30.4519,黄冈市,红卫路,NA,NA,19,10,11,6,NA,NA,91,85,12,6,10,8,NA,0.1
2026-08-15T2100,2996A,118.2781,33.9658,宿迁市,市供电局,,38,29,19,26,13,84,NA,109,106,15,12,3,5,0.3,0.2
2026-08-15T2100,2997A,119.8767,32.3291,泰州市,王营,,16,9,6,6,4,50,NA,64,61,8,3,8,8,0.4,0.4
2026-08-15T2100,3000A,119.3577,34.6971,连云港市,德源药业,,36,36,31,7,14,41,NA,137,110,25,28,5,6,0.6,0.6
2026-08-15T2100,3002A,119.9701,31.813,常州市,行政中心,,20,20,17,8,8,34,NA,50,46,17,13,7,7,0.3,0.3
2026-08-15T2100,3003A,120.0434,31.7726,常州市,经开区,,15,15,21,4,8,34,NA,50,47,20,18,2,4,0.4,0.6
2026-08-15T2100,3004A,120.1543,33.3664,盐城市,宝龙广场,,17,17,10,5,2,42,NA,71,65,10,4,8,8,0.6,0.6
2026-08-15T2100,3005A,117.1812,34.29,徐州市,鼓楼区政府,,28,20,13,11,8,88,NA,116,111,11,13,7,6,0.5,0.5
2026-08-15T2100,3006A,117.1693,34.1781,徐州市,铜山区招生办,,27,27,20,8,9,46,NA,105,92,18,9,6,7,0.6,0.6
2026-08-15T2100,3007A,119.178,34.8442,连云港市,新城一中,,18,18,25,8,15,56,NA,136,114,17,13,9,12,0.4,0.8
2026-08-15T2100,3008A,119.3607,34.7519,连云港市,胡沟管理处,,23,9,19,2,12,73,NA,154,129,16,23,11,14,0.6,0.8
2026-08-15T2100,3009A,119.1478,34.5913,连云港市,矿山设计院,,21,9,18,7,10,66,NA,125,110,6,15,2,3,0.3,0.3
2026-08-15T2100,3010A,119.8919,31.7892,常州市,钟楼,,18,18,14,10,8,33,NA,53,51,19,13,7,7,0.3,0.3
2026-08-15T2100,3012A,112.1849,31.0361,荆门市,西山林语,,44,44,32,24,22,68,NA,108,102,7,6,8,8,0.6,0.7
2026-08-15T2100,3014A,106.4958,29.5347,重庆市,歇台子,,32,30,23,11,7,102,NA,123,120,22,12,9,8,0.7,0.5
2026-08-15T2100,3015A,106.4067,29.5729,重庆市,龙井湾,,39,18,15,10,7,124,NA,145,144,11,11,10,8,0.5,0.5
2026-08-15T2100,3016A,106.5506,29.415,重庆市,龙洲湾,,36,36,20,8,7,102,NA,117,115,9,10,7,8,0.4,0.3
2026-08-15T2100,3018A,111.5048,36.1015,临汾市,唐尧大酒店,颗粒物(PM10),76,86,53,24,15,116,NA,143,140,16,10,7,6,1.1,0.8
2026-08-15T2100,3020A,117.2096,39.1698,天津市,中山北路,,48,39,40,20,18,153,NA,180,180,12,23,6,6,0.7,0.8
2026-08-15T2100,3021A,115,35.7667,濮阳市,濮水河管理处,NA,NA,44,35,2,23,NA,NA,119,112,15,9,4,5,0.8,0.7
2026-08-15T2100,3025A,113.0479,23.6343,清远市,技师学院,,19,15,15,10,10,58,NA,90,81,9,7,8,7,0.4,0.4
2026-08-15T2100,3026A,116.6179,23.6608,潮州市,市政府,,18,18,29,11,14,41,NA,80,76,14,16,5,5,0.7,0.7
2026-08-15T2100,3028A,104.7765,29.3623,自贡市,檀木林体育馆,NA,NA,33,42,25,37,117,NA,162,151,19,10,7,8,NA,1.4
2026-08-15T2100,3033A,87.4652,43.4569,乌鲁木齐市,培训基地,,35,31,17,12,9,110,NA,116,115,4,4,3,3,0.3,0.3
2026-08-15T2100,3034A,113.1076,41.0385,乌兰察布市,光明街小学,,36,33,32,25,15,101,NA,129,119,15,16,7,10,0.5,0.4
2026-08-15T2100,3036A,118.6903,37.4337,东营市,开发区管委会,,42,16,21,14,8,133,NA,135,132,6,6,4,3,0.4,0.3
2026-08-15T2100,3038A,103.3757,23.3679,红河哈尼族彝族自治州,州图书馆,,30,21,22,18,18,93,NA,116,111,5,4,16,6,0.4,0.4
2026-08-15T2100,3039A,111.1911,34.7829,三门峡市,三门峡市第一小学,,32,18,30,12,19,100,NA,109,107,10,7,5,4,0.6,0.5
2026-08-15T2100,3045A,109.9647,33.8486,商洛市,商州区中学,,21,21,24,12,12,20,NA,88,68,23,14,9,12,0.5,0.4
2026-08-15T2100,3046A,115.9084,28.6062,南昌市,机电学校,,28,18,17,17,10,89,NA,95,95,9,9,7,7,0.9,0.8
2026-08-15T2100,3048A,119.5799,26.0937,福州市,九龙,,20,20,22,8,9,47,NA,101,74,11,10,5,6,0.4,0.5
2026-08-15T2100,3051A,117.385,39.1483,天津市,西四道,,44,44,33,24,16,127,NA,172,172,21,28,5,4,0.9,0.7
2026-08-15T2100,3054A,113.9194,35.2847,新乡市,市委党校,,35,35,26,12,17,86,NA,123,111,17,12,5,6,0.4,0.4
2026-08-15T2100,3055A,101.7775,36.643,西宁市,城北区政府,,30,19,25,10,17,94,NA,131,127,14,17,6,14,0.7,1.1
2026-08-15T2100,3057A,121.5989,37.4016,烟台市,牟平检察院,,16,12,11,10,7,51,NA,86,80,8,9,6,9,0.3,0.3
2026-08-15T2100,3058A,119.2656,42.0356,赤峰市,银河街,,40,40,26,15,15,81,NA,114,106,16,15,15,15,0.6,0.6
2026-08-15T2100,3059A,117.7181,36.205,济南市,泰兴公司,,39,36,31,27,20,65,NA,142,129,29,22,5,5,0.5,0.3
2026-08-15T2100,3061A,119.7511,49.1576,呼伦贝尔市,国华电力东,,22,21,22,14,12,68,NA,92,81,10,6,4,4,0.2,0.2
2026-08-15T2100,3064A,117.6861,36.2172,济南市,莱芜战役纪念馆,,36,29,36,19,20,115,NA,144,143,19,20,6,6,0.5,0.3
2026-08-15T2100,3065A,101.9534,29.9976,甘孜藏族自治州,州环保局,,35,31,23,24,9,93,NA,114,110,26,20,4,4,0.5,0.3
2026-08-15T2100,3066A,116.2722,37.438,德州市,九衢泉纯净水厂,,37,24,24,10,13,117,NA,151,145,19,17,6,12,0.4,0.4
2026-08-15T2100,3109A,115.0094,25.8614,赣州市,赣县区卫计委,NA,NA,40,17,3,7,NA,NA,76,71,13,10,3,2,0.8,0.8
2026-08-15T2100,3123A,105.9408,26.2431,安顺市,凤凰山,,23,21,22,16,16,66,NA,80,77,7,9,6,10,0.5,0.4
2026-08-15T2100,3124A,105.9443,26.2567,安顺市,金钟山,,22,NA,17,15,16,70,NA,82,80,4,8,7,10,0.5,0.5
2026-08-15T2100,3125A,105.8983,26.248,安顺市,娄家坡,,19,15,19,13,15,60,NA,81,77,7,6,7,12,0.5,0.5
2026-08-15T2100,3131A,114.878,40.7992,张家口市,烟厂,,31,27,25,16,14,98,NA,127,123,12,9,/,/,/,/
2026-08-15T2100,3132A,119.5979,39.938,秦皇岛市,文明里,,36,34,30,12,9,115,NA,130,128,5,9,9,9,0.3,0.3
2026-08-15T2100,3133A,106.5469,29.5655,重庆市,上清寺,,32,32,20,5,7,95,NA,121,117,26,20,10,10,0.5,0.4
2026-08-15T2100,3134A,113.8172,34.0339,许昌市,市一中,NA,NA,NA,38,39,28,92,NA,124,117,16,12,3,3,0.9,0.8
2026-08-15T2100,3136A,104.2724,30.559,成都市,龙泉驿区区政府,,49,NA,22,34,22,110,NA,148,141,10,6,3,3,0.7,0.6
2026-08-15T2100,3138A,111.7152,29.0288,常德市,武陵区永安,,43,37,28,30,15,94,NA,102,102,7,7,7,8,0.7,0.6
2026-08-15T2100,3139A,111.6891,28.9881,常德市,鼎城区玉霞,,38,38,26,25,16,74,NA,112,108,15,9,10,10,0.9,0.8
2026-08-15T2100,3140A,111.6651,29.0526,常德市,武陵区长庚,,39,35,26,27,17,91,NA,110,108,11,6,8,8,0.7,0.7
2026-08-15T2100,3141A,114.3921,36.0879,安阳市,信访局,,46,39,36,32,24,114,NA,134,129,8,7,3,3,0.7,0.7
2026-08-15T2100,3147A,114.3434,34.8101,开封市,龙亭公园,颗粒物(PM10),53,53,47,32,24,110,NA,138,132,9,10,7,5,0.7,0.6
2026-08-15T2100,3148A,103.829,30.0563,眉山市,区人社局,颗粒物(PM10),60,63,51,30,24,138,NA,170,157,15,37,8,10,0.8,0.8
2026-08-15T2100,3149A,115.0174,30.1591,黄石市,笔架山北路,颗粒物(PM10),55,56,36,6,7,71,NA,89,88,12,10,8,8,0.7,0.7
2026-08-15T2100,3151A,114.375,27.8096,宜春市,宜春学院北校区,,33,33,20,17,9,68,NA,82,81,7,6,7,4,0.8,0.7
2026-08-15T2100,3153A,114.3876,30.4908,武汉市,民族大道182号,,32,32,16,13,7,61,NA,77,72,10,8,3,4,0.3,0.5
2026-08-15T2100,3164A,119.4682,32.394,扬州市,广陵建设局,,15,15,18,6,7,38,NA,76,66,30,11,4,3,0.3,0.3
2026-08-15T2100,3171A,115.6069,34.4465,商丘市,梁园区档案局,,36,35,36,25,19,82,NA,114,106,12,9,2,3,0.5,0.5
2026-08-15T2100,3173A,117.0598,30.5351,安庆市,市人大,,21,19,15,12,10,66,NA,74,74,4,3,5,5,0.5,0.7
2026-08-15T2100,3178A,119.0587,36.7209,潍坊市,潍坊七中,,30,29,29,4,8,96,NA,154,144,10,9,2,3,0.3,0.3
2026-08-15T2100,3179A,102.7491,25.012,昆明市,官渡区博物馆,,42,42,31,17,16,111,NA,144,136,14,24,4,5,0.5,0.5
2026-08-15T2100,3180A,99.7122,27.8129,迪庆藏族自治州,质量技术监督局,,22,14,15,6,8,70,NA,87,81,10,11,7,7,0.2,0.2
2026-08-15T2100,3181A,106.776805,31.852614,巴中市,市五中,细颗粒物(PM2.5),64,NA,19,42,13,73,NA,111,107,11,10,10,10,0.6,0.5
2026-08-15T2100,3183A,106.7419,31.8654,巴中市,圣泉水务公司,细颗粒物(PM2.5),76,NA,17,48,15,60,NA,115,105,21,10,11,10,0.7,0.5
2026-08-15T2100,3187A,116.9508,33.666,宿州市,远航博物馆,,21,14,19,7,9,65,NA,83,79,8,9,6,6,0.3,0.3
2026-08-15T2100,3188A,115.6684,37.7216,衡水市,市城管局,,34,34,32,17,18,75,NA,130,119,20,9,3,5,0.3,0.5
2026-08-15T2100,3190A,116.0254,29.6995,九江市,外国语学校,,20,16,12,6,5,64,NA,65,65,19,13,4,3,0.7,0.7
2026-08-15T2100,3191A,118.3243,33.95,宿迁市,宿豫区政府,,45,32,19,31,12,86,NA,104,103,20,14,5,7,0.7,0.6
2026-08-15T2100,3192A,80.0906,32.5029,阿里地区,阿里藏医院,NA,NA,4,13,3,3,NA,NA,96,96,3,3,7,7,0.1,0.1
2026-08-15T2100,3194A,112.2749,30.3124,荆州市,管委会,,37,37,27,22,20,60,NA,102,93,20,8,4,4,0.6,0.5
2026-08-15T2100,3195A,119.3649,32.3961,扬州市,市体育局,,22,22,15,4,5,54,NA,79,74,2,2,7,6,0.2,0.2
2026-08-15T2100,3200A,115.9772,36.4986,聊城市,监控中心,,35,35,27,15,21,86,NA,137,129,17,14,10,11,0.3,0.3
2026-08-15T2100,3206A,114.9148,27.8069,新余市,新钢沁园村,,23,20,15,14,6,73,NA,82,82,6,7,3,3,0.5,0.5
2026-08-15T2100,3207A,118.31131,32.3033,滁州市,市政府原办公楼,,33,NA,8,23,16,73,NA,79,79,7,7,6,6,0.4,0.3
2026-08-15T2100,3208A,112.7279,38.4157,忻州市,市政府,颗粒物(PM10),52,52,29,25,16,98,NA,144,139,18,13,9,6,0.8,0.7
2026-08-15T2100,3209A,119.5231,26.6562,宁德市,宁德一中,,19,18,28,13,17,43,NA,100,82,6,9,11,11,0.6,0.6
2026-08-15T2100,3210A,114.3645,34.7955,开封市,汴京公园,细颗粒物(PM2.5),70,NA,45,45,27,96,NA,139,130,14,11,4,4,0.2,0.1
2026-08-15T2100,3216A,117.662,24.5187,漳州市,漳州党校,,27,27,28,12,16,50,NA,80,66,18,13,/,/,/,/
2026-08-15T2100,3237A,117.4918,30.6617,池州市,展览馆,,26,26,20,18,13,61,NA,64,64,11,9,3,3,0.4,0.4
2026-08-15T2100,3241A,103.7439,36.0841,兰州市,百合公园,,37,37,38,21,16,97,NA,129,127,18,20,7,6,0.4,0.2
2026-08-15T2100,3242A,103.9613,35.9985,兰州市,和平,NA,NA,45,35,20,19,NA,NA,132,132,NA,10,NA,10,NA,0.4
2026-08-15T2100,3247A,104.9551,33.3709,陇南市,市总工会,,38,38,30,9,14,70,NA,93,84,7,5,8,8,0.6,0.6
2026-08-15T2100,3248A,98.2644,39.7723,嘉峪关市,雄关区,颗粒物(PM10),59,62,38,23,10,114,NA,134,131,11,11,4,4,0.3,0.3
2026-08-15T2100,3265A,121.4242,31.3303,上海市,宝山庙行,,23,23,16,13,12,46,NA,65,60,22,17,6,5,0.4,0.3
2026-08-15T2100,3266A,121.8789,31.4662,上海市,崇明上实东滩,,27,9,12,8,9,84,NA,98,98,6,6,5,5,0.3,0.2
2026-08-15T2100,3268A,121.316,31.2839,上海市,嘉定南翔,,19,NA,13,12,11,60,NA,64,57,13,16,6,5,0.1,0.2
2026-08-15T2100,3269A,121.3357,30.7455,上海市,金山新城,,29,25,20,20,16,43,NA,95,84,14,9,6,4,0.6,0.6
2026-08-15T2100,3270A,121.4996,31.0741,上海市,闵行浦江,,26,24,19,18,15,40,NA,91,72,33,17,6,6,0.8,0.6
2026-08-15T2100,3271A,121.2886,31.1663,上海市,青浦徐泾,,21,21,17,12,12,49,NA,75,56,14,10,5,5,0.4,0.3
2026-08-15T2100,3272A,121.2193,31.0382,上海市,松江图书馆,,17,13,21,10,16,54,NA,97,73,18,16,6,6,0.4,0.4
2026-08-15T2100,3273A,121.3904,31.206,上海市,长宁仙霞,,35,28,17,24,13,46,NA,68,58,21,15,5,5,0.6,0.4
2026-08-15T2100,3274A,121.7964,31.0507,上海市,浦东惠南,,50,49,22,35,17,43,NA,94,80,36,19,9,9,0.8,0.7
2026-08-15T2100,3282A,113.3399,40.0586,大同市,大同市卫生学校,,31,22,28,16,13,99,NA,133,127,18,16,6,9,0.6,0.5
2026-08-15T2100,3283A,109.9154,40.5684,包头市,滨河大厦,,30,NA,25,17,14,93,NA,124,116,19,19,5,9,0.4,0.5
2026-08-15T2100,3284A,106.8129,39.7274,乌海市,海北新区,NA,NA,48,51,12,13,NA,NA,119,107,8,21,11,19,0.3,0.5
2026-08-15T2100,3285A,113.1383,40.9513,乌兰察布市,北京八中,,36,36,34,18,10,102,NA,139,131,13,15,8,8,0.2,0.2
2026-08-15T2100,3286A,118.9359,42.3146,赤峰市,桥北物流园区,,42,42,19,19,11,65,NA,115,103,42,20,19,9,0.4,0.4
2026-08-15T2100,3287A,119.3842,32.198,镇江市,富润路1号,,18,16,14,12,13,53,NA,75,72,19,11,4,4,0.3,0.3
2026-08-15T2100,3288A,117.4619,34.4368,徐州市,大泉街道,,23,23,21,14,8,70,NA,100,97,13,10,10,10,0.4,0.5
2026-08-15T2100,3289A,120.7431,31.3188,苏州市,方洲路,,18,14,11,12,8,34,NA,40,38,17,17,7,6,0.6,0.6
2026-08-15T2100,3290A,120.4979,31.2777,苏州市,木渎中学,,31,31,13,18,8,30,NA,46,44,24,14,5,4,1.0,0.6
2026-08-15T2100,3291A,121.0631,32.0644,南通市,通州监测站,,15,14,8,5,4,46,NA,56,53,5,6,1,2,0.7,0.7
2026-08-15T2100,3293A,120.1518,33.3369,盐城市,月亮广场,,21,12,10,8,7,66,NA,79,76,3,3,8,8,0.2,0.2
2026-08-15T2100,3294A,119.565282,32.422263,扬州市,引江管理处,NA,NA,NA,13,NA,9,NA,NA,76,74,21,4,6,4,0.5,0.4
2026-08-15T2100,3295A,120.1226,32.515,泰州市,姜堰区政府广场,,22,18,11,15,7,59,NA,75,72,9,3,8,8,0.5,0.4
2026-08-15T2100,3298A,113.5718,23.5493,广州市,从化街口,,26,26,18,14,13,42,NA,95,79,15,15,7,8,0.8,0.7
2026-08-15T2100,3299A,113.3463,23.369,广州市,白云竹料,,32,30,19,22,14,56,NA,138,126,24,14,4,3,0.7,0.6
2026-08-15T2100,3300A,113.2981,23.2365,广州市,白云嘉禾,,38,38,21,25,15,117,NA,134,124,24,21,6,6,/,/
2026-08-15T2100,3301A,113.4256,23.1716,广州市,黄埔科学城,,33,32,18,20,15,104,NA,125,124,19,18,5,19,0.7,0.7
2026-08-15T2100,3302A,113.3942,23.0485,广州市,番禺大学城,,39,15,17,11,11,124,NA,174,168,14,17,7,7,0.5,0.5
2026-08-15T2100,3303A,113.4923,22.8169,广州市,南沙黄阁,,28,8,20,7,18,88,NA,148,139,24,14,8,8,/,/
2026-08-15T2100,3304A,113.534,22.7893,广州市,南沙街,,30,14,22,7,14,94,NA,132,125,16,13,10,10,0.7,0.7
2026-08-15T2100,3305A,114.0614,22.556,深圳市,莲花,,19,19,19,10,10,39,NA,49,48,12,11,/,/,/,/
2026-08-15T2100,3306A,114.0144,22.6163,深圳市,民治,,25,25,23,15,11,76,NA,87,87,18,20,/,/,/,/
2026-08-15T2100,3307A,114.1756,22.6421,深圳市,横岗,,20,20,19,5,13,45,NA,81,80,32,23,/,/,/,/
2026-08-15T2100,3308A,113.3493,22.0572,珠海市,金湾,,23,21,19,15,12,72,NA,94,88,7,6,/,/,0.4,0.5
2026-08-15T2100,3311A,113.1077,22.5647,江门市,江海富民,,38,28,33,26,18,71,NA,132,121,16,12,/,/,0.5,0.5
2026-08-15T2100,3313A,112.4572,23.0163,肇庆市,高要湖西,,24,20,22,11,18,75,NA,103,94,8,14,6,6,0.7,0.7
2026-08-15T2100,3314A,114.4334,22.8134,惠州市,惠阳秋长,,22,19,12,15,8,59,NA,99,94,18,12,/,/,/,/
2026-08-15T2100,3315A,116.1234,24.2994,梅州市,梅龙,,19,19,17,9,11,45,NA,75,66,8,8,6,6,0.6,0.5
2026-08-15T2100,3317A,111.9785,21.8954,阳江市,两阳中学,,28,25,16,19,17,33,NA,92,71,27,14,/,/,0.4,0.4
2026-08-15T2100,3318A,112.9898,23.7403,清远市,清新太和,,21,21,20,10,12,46,NA,98,78,9,9,7,6,0.7,0.6
2026-08-15T2100,3319A,113.7283,23.041,东莞市,万江金泰,,24,20,26,15,19,76,NA,169,155,18,22,4,5,0.9,0.9
2026-08-15T2100,3320A,116.4028,23.5699,揭阳市,曲溪,,23,23,19,12,12,40,NA,72,68,15,12,3,2,0.8,0.6
2026-08-15T2100,3323A,115.2772,40.9723,张家口市,青少年活动中心,,31,NA,16,13,10,97,NA,130,127,3,4,3,3,0.3,0.3
2026-08-15T2100,3324A,116.8011,38.294,沧州市,河北水利电力学院,,41,41,26,22,15,131,NA,153,151,10,9,4,4,0.6,0.4
2026-08-15T2100,3325A,117.0362,39.3827,天津市,雍阳西道,,50,50,35,25,19,145,NA,172,172,15,18,8,8,0.7,0.2
2026-08-15T2100,3326A,117.0291,39.0612,天津市,辛老路,,41,33,31,13,15,129,NA,170,168,17,20,6,6,0.3,0.4
2026-08-15T2100,3327A,116.9638,38.9374,天津市,地纬路,,39,39,31,18,17,95,NA,178,166,36,21,6,6,0.6,0.6
2026-08-15T2100,3328A,118.4209,31.3704,芜湖市,市气象局,,19,19,16,13,12,48,NA,63,62,20,10,7,7,0.5,0.5
2026-08-15T2100,3329A,117.011,32.5891,淮南市,山南新区,,20,15,10,10,12,61,NA,79,77,13,12,12,12,0.2,0.2
2026-08-15T2100,3331A,118.3268,32.2633,滁州市,图书馆,,21,15,9,13,8,67,NA,78,78,8,8,8,7,0.3,0.2
2026-08-15T2100,3332A,115.7631,33.803,亳州市,亳州学院,,22,6,9,3,3,70,NA,91,85,4,4,2,3,0.6,0.6
2026-08-15T2100,3333A,117.5626,30.695,池州市,第八中学,,29,29,23,18,13,48,NA,61,61,20,13,4,4,0.6,0.6
2026-08-15T2100,3334A,117.5037,30.6242,池州市,第十二中学,,33,29,18,23,12,56,NA,61,61,9,9,2,2,0.8,0.7
2026-08-15T2100,3335A,113.3137,35.2643,焦作市,马村街道办,,46,46,33,24,25,78,NA,111,102,11,8,6,6,0.5,0.5
2026-08-15T2100,3336A,113.2464,35.2374,焦作市,焦作技师学院,,49,49,36,24,23,76,NA,120,112,12,6,7,7,0.5,0.4
2026-08-15T2100,3337A,113.8611,34.0443,许昌市,许昌学院,细颗粒物(PM2.5),56,50,40,38,26,100,NA,121,116,8,12,4,5,0.5,0.5
2026-08-15T2100,3338A,113.8428,34.0825,许昌市,芙蓉广场,,50,50,38,31,28,113,NA,130,125,8,17,5,5,0.4,0.5
2026-08-15T2100,3339A,114.0002,33.0404,驻马店市,小管楼,,28,24,41,19,28,72,NA,110,102,11,12,4,4,0.2,0.2
2026-08-15T2100,3340A,112.6005,34.6323,洛阳市,伊滨,颗粒物(PM10),60,64,40,29,26,85,NA,132,129,13,12,5,5,0.6,0.5
2026-08-15T2100,3341A,112.495,34.6338,洛阳市,中移产业园,,41,41,38,22,26,77,NA,124,120,17,17,10,9,1.0,0.9
2026-08-15T2100,3342A,128.7948,47.7291,伊春市,中心小学,,48,48,17,14,7,20,NA,69,56,11,5,1,1,0.8,0.7
2026-08-15T2100,3343A,128.6736,47.729,伊春市,检察院,,40,40,21,20,8,22,NA,76,62,11,4,4,4,0.5,0.4
2026-08-15T2100,3345A,131.0413,45.7795,七台河市,中波台,,9,9,7,6,5,28,NA,42,40,12,11,3,19,0.8,0.6
2026-08-15T2100,3346A,108.3871,31.1627,重庆市,安康,,45,45,21,25,8,49,NA,87,78,15,8,8,8,0.7,0.6
2026-08-15T2100,3347A,105.8983,29.36,重庆市,北山路,,41,15,25,11,16,130,NA,130,130,12,14,8,9,0.4,0.4
2026-08-15T2100,3350A,106.648859,29.023807,重庆市,滩子口,,26,26,20,10,10,70,NA,97,95,10,8,10,12,0.4,0.3
2026-08-15T2100,3351A,105.7164,29.7077,重庆市,棠香,,32,NA,22,16,21,102,NA,135,126,15,14,8,6,0.6,0.5
2026-08-15T2100,3352A,107.0733,29.8618,重庆市,桃源西路,,38,38,22,20,13,92,NA,105,104,10,8,4,6,0.2,0.4
2026-08-15T2100,3353A,107.3536,29.7283,重庆市,迎宾大道,,25,23,20,12,10,77,NA,121,112,16,18,3,4,0.4,0.4
2026-08-15T2100,3354A,108.8152,29.5079,重庆市,舟白,,34,34,15,12,4,43,NA,74,66,7,3,10,9,0.4,0.3
2026-08-15T2100,3355A,108.3679,30.8429,重庆市,周家坝,颗粒物(PM10),76,86,23,33,8,70,NA,113,106,37,12,6,5,0.6,0.4
2026-08-15T2100,3356A,108.4323,30.7554,重庆市,百安坝,,42,42,18,21,7,49,NA,107,98,27,7,4,4,0.6,0.3
2026-08-15T2100,3357A,104.0028,30.6891,成都市,金博路,,43,31,43,29,37,137,NA,166,158,13,24,9,10,0.9,1
2026-08-15T2100,3359A,104.056,30.5228,成都市,华阳,,41,31,31,24,23,131,NA,165,160,10,12,3,3,0.9,0.8
2026-08-15T2100,3360A,104.7894,29.3197,自贡市,南湖救助站,,42,29,78,18,57,132,NA,160,152,10,13,5,6,0.6,0.8
2026-08-15T2100,3361A,103.7313,29.563,乐山市,理工大学,细颗粒物(PM2.5),58,59,45,39,29,138,NA,163,154,7,16,2,6,0.6,1
2026-08-15T2100,3363A,117.9883,36.8372,淄博市,新区,,44,44,22,30,15,95,NA,160,153,41,21,9,9,0.8,0.7
2026-08-15T2100,3364A,117.316,34.8106,枣庄市,市环保局,,36,27,24,12,16,114,NA,131,131,10,10,9,8,0.6,0.5
2026-08-15T2100,3365A,118.5721,37.5654,东营市,垦利区民丰路,,50,NA,22,35,13,130,NA,144,142,8,8,3,3,0.5,0.4
2026-08-15T2100,3366A,121.5202,37.4336,烟台市,中国农业大学,,16,9,14,4,4,51,NA,85,78,15,11,9,10,0.5,0.5
2026-08-15T2100,3368A,119.1978,36.6871,潍坊市,高新实验学校,,29,29,22,9,6,83,NA,144,134,16,8,1,2,0.6,0.5
2026-08-15T2100,3370A,118.3563,35.0215,临沂市,十里堡居委,,27,14,21,7,17,85,NA,153,138,18,18,10,12,0.6,0.6
2026-08-15T2100,3371A,116.3693,37.44,德州市,开发区人民医院,,31,29,26,10,17,99,NA,128,119,22,16,6,7,0.5,0.5
2026-08-15T2100,3374A,115.5562,35.089,菏泽市,定陶老年大学,,39,39,40,17,29,71,NA,116,108,13,11,4,5,0.5,0.5
2026-08-15T2100,3375A,102.8016,24.8336,昆明市,青年创业园,,32,26,25,18,15,100,NA,147,140,18,12,5,5,0.6,0.5
2026-08-15T2100,3376A,103.7926,25.4651,曲靖市,南苑二区,,37,37,26,20,18,110,NA,166,157,14,10,4,4,0.5,0.5
2026-08-15T2100,3377A,103.7442,25.5259,曲靖市,曲靖师范学院,,49,49,31,21,22,107,NA,140,137,12,24,6,12,0.6,0.7
2026-08-15T2100,3379A,122.1122,40.2275,营口市,鲅鱼圈市民活动中心,,25,20,58,17,24,38,NA,80,60,15,30,7,9,0.5,0.7
2026-08-15T2100,3380A,102.8915,34.9618,甘南藏族自治州,甘肃民族师范学院,,33,29,27,21,20,104,NA,107,107,6,14,5,5,0.3,0.3
2026-08-15T2100,3396A,112.0764,32.0089,襄阳市,襄城隆中路,NA,NA,NA,26,25,18,61,NA,107,100,32,11,6,7,0.5,0.5
2026-08-15T2100,3397A,112.1154,32.103,襄阳市,高新台子湾,细颗粒物(PM2.5),58,NA,27,39,20,86,NA,106,105,13,12,7,8,0.8,0.7
2026-08-15T2100,3398A,114.9134,30.4446,黄冈市,市林业局,,20,18,11,7,4,61,NA,94,87,11,7,3,4,0.4,0.2
2026-08-15T2100,3399A,112.6703,26.8817,衡阳市,师范学院,,29,29,15,15,12,70,NA,75,75,5,5,10,10,0.8,0.8
2026-08-15T2100,3400A,109.1844,21.4396,北海市,龙潭自来水厂,,31,16,19,7,12,98,NA,110,108,4,5,3,3,0.7,0.7
2026-08-15T2100,3401A,108.4829,22.762,南宁市,红星社区,,45,NA,20,31,14,69,NA,115,109,12,9,6,6,0.8,0.7
2026-08-15T2100,3402A,109.5422,24.3994,柳州市,市二中,,22,16,16,15,9,61,NA,106,103,13,8,8,8,0.6,0.5
2026-08-15T2100,3404A,108.5959,21.9634,钦州市,北职校,,35,28,32,24,19,77,NA,115,110,11,9,9,7,0.7,0.6
2026-08-15T2100,3405A,109.5886,23.1172,贵港市,新世纪学校,,25,17,18,11,15,77,NA,92,92,6,11,/,/,0.6,0.7
2026-08-15T2100,3407A,120.6915,30.7741,嘉兴市,秀洲住建,,12,12,12,7,11,36,NA,78,65,15,9,4,4,0.5,0.5
2026-08-15T2100,3408A,120.5685,29.936,绍兴市,绍兴中专,,36,36,18,25,10,60,NA,102,91,14,8,4,4,0.9,0.7
2026-08-15T2100,3409A,120.4905,30.086,绍兴市,柯桥区政府,,40,30,19,28,14,63,NA,86,84,21,14,5,5,1.0,0.8
2026-08-15T2100,3410A,120.8751,30.0249,绍兴市,重华小学,细颗粒物(PM2.5),64,62,22,42,14,51,NA,104,93,23,11,12,12,1.2,1
2026-08-15T2100,3411A,120.837,30.0137,绍兴市,上虞中学,细颗粒物(PM2.5),64,56,24,42,16,52,NA,103,91,27,15,8,8,0.7,0.5
2026-08-15T2100,3416A,119.1758,36.7139,潍坊市,潍坊学院,,29,29,21,7,8,90,NA,139,131,15,9,5,6,0.4,0.4
2026-08-15T2100,3418A,116.8336,40.4095,北京市,密云新城,,25,24,15,17,10,46,NA,123,113,8,5,1,1,0.6,0.5
2026-08-15T2100,3419A,109.9449,40.6259,包头市,包头市委党校,,30,NA,24,21,16,82,NA,129,119,16,24,8,12,0.3,0.7
2026-08-15T2100,3421A,113.1776,40.9779,乌兰察布市,市委党校,,37,33,28,18,16,118,NA,150,142,14,14,4,3,0.3,0.3
2026-08-15T2100,3422A,118.8443,31.919,南京市,江宁彩虹桥,,33,33,18,17,8,9,NA,72,61,41,14,4,4,0.5,0.4
2026-08-15T2100,3425A,120.642,31.1733,苏州市,越秀幼儿园,,20,20,13,13,7,31,NA,55,40,16,11,2,2,0.7,0.7
2026-08-15T2100,3426A,118.8757,33.2897,淮安市,新华书店,,15,13,18,5,11,46,NA,71,62,9,12,11,11,0.7,0.8
2026-08-15T2100,3427A,118.8497,32.3599,南京市,六合雄州,,22,22,13,7,3,53,NA,80,76,9,6,4,4,0.5,0.5
2026-08-15T2100,3429A,119.8595,31.706,常州市,武进经发区,,23,22,21,16,11,31,NA,50,45,22,18,6,5,0.8,0.8
2026-08-15T2100,3430A,119.5812,31.7256,常州市,金坛城区,,28,27,16,19,13,29,NA,62,55,24,14,7,6,0.7,0.6
2026-08-15T2100,3431A,120.6502,31.4117,苏州市,高铁新城,,13,13,9,6,5,41,NA,39,38,13,21,5,6,0.5,0.5
2026-08-15T2100,3432A,120.9348,31.9874,南通市,环境教育馆,,22,22,13,11,5,30,NA,57,52,15,7,5,5,0.5,0.4
2026-08-15T2100,3434A,119.2414,34.6539,连云港市,工贸学校,,23,14,20,8,10,71,NA,139,121,10,15,7,9,0.4,0.3
2026-08-15T2100,3435A,119.9186,32.4322,泰州市,周山河街区,,18,14,11,10,7,57,NA,63,62,8,6,8,7,0.4,0.4
2026-08-15T2100,3436A,120.4283,33.2048,盐城市,大丰高级中学,,21,NA,8,9,5,66,NA,87,80,6,3,8,8,0.3,0.3
2026-08-15T2100,3437A,88.3088,43.3637,乌鲁木齐市,达坂城区环保局,,38,30,29,8,9,119,NA,95,95,6,8,8,10,0.2,0.2
2026-08-15T2100,3438A,87.6132,43.8791,乌鲁木齐市,红光山片区,,49,49,45,13,21,104,NA,112,112,12,27,1,3,0.5,0.6
2026-08-15T2100,3439A,87.7008,43.8003,乌鲁木齐市,新师大温泉校区,,39,39,39,24,12,110,NA,118,118,8,12,8,9,0.2,0.2
2026-08-15T2100,3440A,87.4892,43.84,乌鲁木齐市,大绿谷,颗粒物(PM10),56,58,40,21,12,109,NA,110,110,8,20,1,2,0.4,0.4
2026-08-15T2100,3441A,87.5461,44.1909,五家渠市,经开区管委会,,34,34,59,10,16,86,NA,94,94,5,15,3,2,0.2,0.4
2026-08-15T2100,3442A,86.047,44.2331,石河子市,南区管委会,,33,28,23,6,2,104,NA,109,109,6,5,8,8,0.2,0.2
2026-08-15T2100,3443A,113.2905,23.5541,广州市,花都梯面,,20,NA,19,14,12,14,NA,96,80,22,9,3,4,/,/
2026-08-15T2100,3444A,116.4539,23.2684,汕头市,潮南峡山,,17,16,17,9,9,54,NA,57,57,6,7,6,7,0.4,0.4
2026-08-15T2100,3445A,113.786,23.7479,广州市,从化良口,,15,15,11,10,7,37,NA,82,68,8,9,5,5,/,/
2026-08-15T2100,3446A,113.805,23.2614,广州市,增城荔城,,31,23,21,12,16,98,NA,124,121,23,14,8,7,0.6,0.5
2026-08-15T2100,3447A,114.344,22.7115,深圳市,坪山,,17,12,15,3,9,54,NA,71,71,17,16,4,4,0.9,0.9
2026-08-15T2100,3448A,113.5436,22.1163,珠海市,横琴,,26,26,18,16,10,59,NA,79,77,6,3,/,/,/,/
2026-08-15T2100,3449A,113.0496,22.4669,江门市,新会银湖,,25,NA,24,17,18,50,NA,112,98,14,15,1,1,0.6,0.6
2026-08-15T2100,3450A,111.0101,21.5165,茂名市,电白水东,,25,24,24,17,21,78,NA,94,88,12,9,4,7,/,/
2026-08-15T2100,3451A,112.5617,23.2082,肇庆市,鼎湖凤凰,,11,11,15,5,8,35,NA,78,61,2,5,5,5,/,/
2026-08-15T2100,3452A,114.6521,22.7755,惠州市,大亚湾霞涌,,18,6,14,6,7,56,NA,76,72,15,8,/,/,/,/
2026-08-15T2100,3453A,112.0125,21.8749,阳江市,阳东陶然,,30,24,22,21,19,50,NA,101,86,21,11,3,4,0.8,0.6
2026-08-15T2100,3454A,113.3527,22.4781,中山市,中山南区,,25,5,15,4,16,77,NA,116,109,6,7,6,6,0.3,0.4
2026-08-15T2100,3455A,113.076,23.72,清远市,清城东城,,27,27,14,13,9,44,NA,95,87,16,9,/,/,/,/
2026-08-15T2100,3456A,114.2887,38.0905,石家庄市,鹿泉一中,,40,40,33,15,16,114,NA,132,127,2,5,3,3,0.3,0.3
2026-08-15T2100,3457A,118.4357,39.277,唐山市,冀东油田职工医院,,45,45,39,12,18,118,NA,158,140,9,19,2,7,0.3,0.6
2026-08-15T2100,3458A,114.7893,36.5592,邯郸市,香泉濮院小区,,33,NA,24,22,24,105,NA,126,118,7,12,3,3,0.2,0.3
2026-08-15T2100,3459A,115.599,37.5491,衡水市,地表水厂,,43,43,37,6,17,36,NA,127,104,40,19,1,4,0.3,0.3
2026-08-15T2100,3460A,117.4065,40.0583,天津市,北环路,,31,31,30,20,16,67,NA,113,110,5,6,5,6,0.5,0.5
2026-08-15T2100,3461A,117.3041,39.7167,天津市,建设路,,38,36,40,24,24,120,NA,146,144,18,16,7,8,1.0,1
2026-08-15T2100,3462A,117.8201,39.3519,天津市,滨水东路,,43,43,42,22,18,137,NA,155,153,23,23,12,13,0.7,0.7
2026-08-15T2100,3463A,116.9708,33.5911,宿州市,社会福利中心,,21,21,18,12,11,36,NA,88,77,24,10,6,6,0.3,0.3
2026-08-15T2100,3464A,117.3802,31.9148,合肥市,高教基地,,22,22,16,11,8,22,NA,55,50,6,5,7,7,0.4,0.4
2026-08-15T2100,3465A,118.4783,31.3226,芜湖市,清苑社区,,25,20,18,17,13,20,NA,60,55,50,15,3,3,0.4,0.4
2026-08-15T2100,3466A,118.2746,31.2326,芜湖市,扬子职业技术学院,,20,20,19,14,13,61,NA,73,73,11,11,4,4,0.4,0.5
2026-08-15T2100,3468A,115.79,32.8614,阜阳市,市规划展馆,,36,35,19,25,13,57,NA,80,78,16,9,3,3,0.7,0.5
2026-08-15T2100,3469A,115.835101,32.918568,阜阳市,枣园社区,,38,38,24,24,14,57,NA,75,74,18,16,5,5,0.5,0.4
2026-08-15T2100,3471A,113.6104,34.8688,郑州市,惠济区政府,,42,NA,36,29,23,91,NA,127,122,20,19,3,3,0.6,0.7
2026-08-15T2100,3473A,114.2485,34.8306,开封市,技师学院,,42,40,38,29,26,112,NA,126,121,11,15,4,5,0.7,0.6
2026-08-15T2100,3474A,114.2616,35.6824,鹤壁市,大新区,,49,NA,33,34,25,81,NA,125,112,19,4,5,4,0.5,0.6
2026-08-15T2100,3475A,113.9189,35.3042,新乡市,市政府,,35,30,38,24,21,87,NA,117,108,12,11,5,5,0.2,0.3
2026-08-15T2100,3477A,113.1656,35.2536,焦作市,中站许衡医院,,42,42,37,23,23,94,NA,122,112,7,7,8,9,0.4,0.4
2026-08-15T2100,3478A,113.9691,33.568,漯河市,市图书馆,,48,41,50,33,32,90,NA,116,110,10,9,8,7,0.7,0.7
2026-08-15T2100,3481A,125.127,46.6277,大庆市,萨区政府监测点,,26,26,19,11,5,65,NA,82,79,8,4,6,6,0.3,0.3
2026-08-15T2100,3482A,107.754,29.3275,重庆市,芙蓉中路,,17,17,13,8,4,48,NA,80,75,7,7,10,10,0.5,0.5
2026-08-15T2100,3484A,106.2629,29.3202,重庆市,行政中心,,45,45,37,10,19,88,NA,133,124,18,16,12,14,0.6,0.6
2026-08-15T2100,3486A,124.4029,43.1411,四平市,植物园,,32,18,24,9,11,102,NA,115,110,8,21,4,7,0.3,0.3
2026-08-15T2100,3488A,104.387954,30.746684,成都市,青白江技师分院,细颗粒物(PM2.5),82,58,30,51,24,118,NA,140,136,17,16,5,6,1.1,0.9
2026-08-15T2100,3489A,104.0788,30.4054,成都市,科学城,,48,44,26,33,25,138,NA,161,158,7,10,7,7,0.7,0.7
2026-08-15T2100,3491A,104.6899,31.5324,绵阳市,西科大附属小学,,47,47,45,27,24,99,NA,134,126,18,23,7,7,0.5,0.5
2026-08-15T2100,3492A,104.5647,31.5343,绵阳市,安州区旅游局,,49,43,39,34,26,97,NA,135,122,17,13,9,8,0.4,0.3
2026-08-15T2100,3494A,117.1673,36.9782,济南市,济阳区政府,,34,34,37,13,17,108,NA,129,126,27,14,8,9,0.3,0.3
2026-08-15T2100,3495A,117.1168,36.6299,济南市,锦屏中学,,34,34,31,14,15,63,NA,158,137,11,8,3,3,0.2,0.2
2026-08-15T2100,3496A,118.359,35.1067,临沂市,南坊新区,,35,14,35,5,26,109,NA,163,154,14,19,8,10,0.4,0.4
2026-08-15T2100,3498A,118.5063,37.8606,东营市,河口城区,,40,29,22,19,12,128,NA,158,155,5,7,30,7,0.8,0.6
2026-08-15T2100,3500A,116.5808,35.3703,济宁市,北湖一中,颗粒物(PM10),52,52,37,33,21,114,NA,154,151,15,6,3,2,0.4,0.4
2026-08-15T2100,3501A,116.8251,35.5592,济宁市,服务中心,,41,41,35,28,25,102,NA,147,140,21,10,2,2,0.4,0.4
2026-08-15T2100,3502A,117.1812,36.2273,泰安市,国网新校,,41,27,23,24,24,130,NA,140,128,9,9,6,7,0.5,0.5
2026-08-15T2100,3503A,117.0315,36.2017,泰安市,交通技校,,32,32,31,22,25,72,NA,119,101,20,17,5,5,0.4,0.3
2026-08-15T2100,3504A,117.083,36.13,泰安市,山东第一医科大学,,38,24,31,19,28,19,NA,130,94,75,22,7,9,0.5,0.4
2026-08-15T2100,3505A,122.1379,37.3414,威海市,临港区管委会,,17,9,10,9,7,54,NA,77,71,9,6,8,8,0.2,0.2
2026-08-15T2100,3507A,119.5326,35.4627,日照市,职业技术学院,,48,48,29,17,22,97,NA,149,143,35,25,14,10,1.3,0.6
2026-08-15T2100,3511A,116.5687,37.3331,德州市,陵城艺术中心,,36,29,28,8,20,114,NA,137,132,13,10,7,6,0.4,0.5
2026-08-15T2100,3513A,116.0443,36.436,聊城市,九州社区,颗粒物(PM10),61,65,51,14,24,75,NA,151,136,26,14,8,11,0.5,0.5
2026-08-15T2100,3514A,117.9379,37.3959,滨州市,中海酒店,,47,29,22,13,11,148,NA,164,161,9,10,19,11,0.5,0.3
2026-08-15T2100,3515A,117.9381509,37.35547456,滨州市,开发区一中,,38,31,28,16,13,120,NA,143,138,8,9,13,12,0.4,0.3
2026-08-15T2100,3516A,118.0914,37.6938,滨州市,金海六路,,37,37,24,19,21,117,NA,156,149,20,17,14,7,0.3,0.3
2026-08-15T2100,3520A,106.3495,38.9837,石嘴山市,妇女儿童医院,,50,50,50,12,25,90,NA,164,150,23,24,12,12,0.7,1
2026-08-15T2100,3521A,106.7495,39.2068,石嘴山市,石大公路,颗粒物(PM10),62,66,47,13,15,76,NA,145,127,33,27,21,11,0.4,0.5
2026-08-15T2100,3523A,106.5105,38.3857,银川市,滨河新区,,40,36,41,19,16,128,NA,173,166,13,13,10,17,0.5,0.7
2026-08-15T2100,3525A,108.6394,34.408,咸阳市,奥体中心,,41,41,30,26,20,63,NA,134,126,45,14,3,4,0.4,0.4
2026-08-15T2100,3526A,119.5188,25.9666,福州市,吴航,,19,19,22,10,12,44,NA,99,73,11,9,6,7,0.6,0.6
2026-08-15T2100,3527A,118.0961,24.5689,厦门市,集美中学,,20,20,20,10,11,56,NA,79,61,16,13,4,2,0.1,0.1
2026-08-15T2100,3528A,118.1502,24.7246,厦门市,同安二实小,,21,13,15,6,10,66,NA,80,66,9,12,2,2,0.6,0.6
2026-08-15T2100,3530A,117.6288,24.5309,漳州市,西洋坪路,,30,30,31,12,17,43,NA,76,60,17,14,5,6,0.6,0.6
2026-08-15T2100,3531A,110.296,25.1254,桂林市,旅游学院,,40,40,19,17,9,63,NA,91,88,8,12,1,2,0.4,0.4
2026-08-15T2100,3532A,110.1951,22.6832,玉林市,玉林师范学院东校区,,26,23,12,18,8,55,NA,97,84,18,9,2,2,0.5,0.4
2026-08-15T2100,3533A,110.0527,22.5894,玉林市,福绵环保局,,36,36,20,25,13,67,NA,99,94,17,12,5,7,0.5,0.5
2026-08-15T2100,3534A,111.4744,24.455,贺州市,西湾,NA,NA,31,18,27,10,NA,NA,72,69,12,7,11,11,0.5,0.4
2026-08-15T2100,3535A,109.1781,23.7293,来宾市,兴宾区政府,NA,NA,30,18,22,11,82,NA,102,101,15,10,NA,8,0.5,0.5
2026-08-15T2100,3538A,107.5175,26.2977,黔南布依族苗族自治州,沙坝,,19,NA,9,11,6,59,NA,74,72,4,5,4,5,0.5,0.5
2026-08-15T2100,3539A,110.5111,19.9737,海口市,桂林洋子站,,26,26,24,12,12,37,NA,80,64,14,10,/,/,/,/
2026-08-15T2100,3540A,109.7348,18.3443,三亚市,君悦子站,,25,12,22,4,8,79,NA,75,75,8,9,3,3,0.3,0.4
2026-08-15T2100,3541A,109.5726195,19.51688767,儋州市,第一中学子站,,21,21,22,13,10,49,NA,69,68,8,4,2,2,0.5,0.5
2026-08-15T2100,3542A,109.5567,19.5187,儋州市,东坡学校子站,,20,20,16,13,9,53,NA,68,68,6,3,4,4,0.5,0.5
2026-08-15T2100,3544A,121.4891,30.925,上海市,奉贤南桥新城,,22,22,17,15,12,30,NA,97,82,24,12,3,3,0.6,0.6
2026-08-15T2100,3545A,110.8053,32.8401,十堰市,郧阳区金沙路,,32,23,24,22,10,68,NA,87,83,11,6,10,9,0.8,0.8
2026-08-15T2100,3546A,111.4606,30.5519,宜昌市,猇亭区张家湾站,,32,32,19,19,5,86,NA,99,96,9,9,5,4,0.3,0.3
2026-08-15T2100,3547A,112.1631,31.0134,荆门市,龙泉中学南校,,36,36,25,24,16,85,NA,116,111,10,7,8,8,0.7,0.7
2026-08-15T2100,3549A,109.5061,30.3771,恩施土家族苗族自治州,龙凤新区,,45,NA,11,31,8,51,NA,95,85,7,4,6,6,0.4,0.3
2026-08-15T2100,3550A,102.8,24.9787,昆明市,昆明学院,,38,30,37,13,16,119,NA,148,143,16,18,4,6,0.5,0.5
2026-08-15T2100,3551A,102.5969,24.6738,昆明市,晋宁区生态环境分局,,35,34,26,21,20,110,NA,133,129,13,12,2,2,0.9,0.8
2026-08-15T2100,3552A,102.6673,24.9861,昆明市,云天化总部,,36,25,25,24,13,114,NA,136,132,12,15,5,6,0.6,0.7
2026-08-15T2100,3557A,119.9463,30.0496,杭州市,镇二中,,35,NA,15,24,10,41,NA,73,67,24,15,5,5,0.8,0.6
2026-08-15T2100,3558A,119.7184,30.2367,杭州市,市府大楼,,36,NA,8,25,10,50,NA,59,53,12,7,8,8,0.7,0.6
2026-08-15T2100,3560A,120.4715,30.0414,绍兴市,柯桥妇保,,46,46,24,28,13,48,NA,82,79,14,9,6,7,0.7,0.5
2026-08-15T2100,3561A,120.6985,27.9252,温州市,茶山,,18,14,20,9,9,56,NA,125,103,25,13,/,/,/,/
2026-08-15T2100,3562A,120.4146,30.8538,湖州市,南浔区站,,29,20,16,20,14,43,NA,66,60,25,18,6,5,0.7,0.5
2026-08-15T2100,3564A,121.25678,28.66823971,台州市,台州科技职业学院,,26,26,23,18,15,58,NA,92,73,17,15,8,7,0.6,0.6
2026-08-15T2100,3565A,113.1371,40.1122,大同市,云冈站,,26,11,35,6,14,81,NA,115,107,9,13,5,9,0.5,0.5
2026-08-15T2100,3566A,113.1186,40.2556,大同市,图书馆,,29,15,29,4,13,90,NA,13,NA,8,8,6,6,0.5,0.4
2026-08-15T2100,3567A,113.5931,40.0459,大同市,区一中,,30,NA,27,12,11,95,NA,143,135,19,7,9,11,0.5,0.5
2026-08-15T2100,3568A,113.0603,36.0464,长治市,向阳小学,,41,41,36,25,20,83,NA,130,112,6,7,12,10,0.8,0.8
2026-08-15T2100,3569A,112.8788,36.315,长治市,屯留一中,,44,44,41,24,31,85,NA,162,145,15,11,11,12,1.0,1.2
2026-08-15T2100,3571A,112.2938,39.5296,朔州市,一水厂,,35,14,23,1,8,109,NA,127,118,4,8,1,3,0.4,0.4
2026-08-15T2100,3575A,118.0927,39.5807,唐山市,正泰大街热力站,颗粒物(PM10),58,60,41,22,16,93,NA,153,143,26,18,6,7,0.7,0.7
2026-08-15T2100,3576A,118.1561,39.8322,唐山市,丰润区政府,,37,32,34,11,5,116,NA,121,114,10,14,10,6,0.7,0.7
2026-08-15T2100,3577A,118.436906,39.73802,唐山市,金山小学,,43,43,37,29,22,106,NA,153,138,29,17,3,9,0.7,0.9
2026-08-15T2100,3578A,118.2449,39.6693,唐山市,政府服务中心,,50,50,46,20,18,115,NA,154,148,21,19,3,4,0.7,0.7
2026-08-15T2100,3580A,114.1998,36.4439,邯郸市,峰峰矿区临水派出所,,34,28,30,21,19,108,NA,130,128,6,6,3,4,0.2,0.3
2026-08-15T2100,3581A,115.3136,38.9511,保定市,满城区生态环境分局,,39,36,24,27,17,87,NA,133,121,14,10,3,3,0.2,0.1
2026-08-15T2100,3582A,115.4709,38.7628,保定市,清苑区第二中学,颗粒物(PM10),55,56,26,22,16,100,NA,142,135,24,9,4,3,0.4,0.3
2026-08-15T2100,3583A,115.6231,39.0223,保定市,徐水物探局,,32,32,18,17,14,63,NA,129,119,25,7,3,3,0.3,0.3
2026-08-15T2100,3590A,113.8362,34.566,郑州市,北区建设指挥部,,49,45,34,34,24,104,NA,143,136,18,23,4,4,0.5,0.4
2026-08-15T2100,3591A,113.3029,34.8041,郑州市,上街区政府,,50,48,39,35,27,94,NA,117,112,18,13,6,6,0.5,0.6
2026-08-15T2100,3592A,114.4518,34.7503,开封市,祥符区生态环境局,"颗粒物(PM10),细颗粒物(PM2.5)",58,61,44,39,30,86,NA,131,121,22,12,5,7,0.6,0.6
2026-08-15T2100,3593A,112.5736,34.8993,洛阳市,吉利监测站,,45,45,44,19,26,63,NA,114,107,17,12,8,8,0.3,0.3
2026-08-15T2100,3594A,112.8736,33.9068,平顶山市,石龙区,,49,49,37,33,24,87,NA,119,113,16,10,9,11,0.5,0.5
2026-08-15T2100,3596A,114.1573,35.9607,鹤壁市,南山宾馆,细颗粒物(PM2.5),60,NA,29,40,32,84,NA,123,112,8,8,4,4,0.4,0.5
2026-08-15T2100,3598A,111.1031,34.719,三门峡市,富达温泉假日酒店,,32,32,27,18,15,82,NA,100,95,16,11,7,7,0.6,0.6
2026-08-15T2100,3599A,106.2648,29.9853,重庆市,书院路,,45,32,25,31,25,83,NA,114,107,12,10,7,8,0.8,0.8
2026-08-15T2100,3600A,106.2334,29.5583,重庆市,虎峰,,43,36,25,14,8,136,NA,151,151,16,13,8,8,0.4,0.4
2026-08-15T2100,3601A,106.0497,29.8345,重庆市,龙门街,,38,38,29,12,13,108,NA,144,142,13,13,18,20,0.6,0.6
2026-08-15T2100,3604A,119.3267,35.1043,日照市,岚山环保分局,,26,19,38,0,21,82,NA,145,141,14,26,10,18,0.5,1.2
2026-08-15T2100,3605A,109.1019,34.5302,西安市,无线电监控中心,,50,50,30,34,17,63,NA,111,103,28,13,5,6,0.7,0.5
2026-08-15T2100,3610A,105.5931,29.4105,重庆市,昌元,颗粒物(PM10),65,70,39,28,27,88,NA,140,135,36,18,8,9,0.6,0.5
2026-08-15T2100,3612A,85.1045,45.6895,克拉玛依市,白碱滩区新站,,35,27,33,12,9,109,NA,109,109,2,4,4,5,0.2,0.2
2026-08-15T2100,3613A,87.3069,44.0093,昌吉回族自治州,亚心广场,,48,48,49,13,11,104,NA,115,115,11,20,8,9,0.3,0.4
2026-08-15T2100,3614A,79.9241,37.0878,和田地区,地区环保局,颗粒物(PM10),83,95,141,38,52,88,NA,101,100,8,6,3,2,0.5,0.4
2026-08-15T2100,3615A,79.9132,37.1137,和田地区,市环保局,颗粒物(PM10),75,84,132,38,51,102,NA,107,107,1,6,1,2,0.5,0.5
2026-08-15T2100,3616A,106.7617,31.8343,巴中市,市中心医院,细颗粒物(PM2.5),90,81,28,55,16,63,NA,113,105,27,14,8,7,0.9,0.7
2026-08-15T2100,3617A,105.8047,32.4167,广元市,经开区,,27,24,26,13,14,85,NA,109,104,16,20,6,6,0.5,0.5
2026-08-15T2100,3618A,112.4702,37.7821,太原市,金胜,颗粒物(PM10),53,54,30,28,16,91,NA,146,138,18,11,8,8,0.3,0.2
2026-08-15T2100,3619A,113.6169,37.8565,阳泉市,龙柱,,44,44,50,29,30,59,NA,107,95,26,20,7,12,0.8,1.2
2026-08-15T2100,3620A,112.8258,35.4804,晋城市,泽州一中,颗粒物(PM10),53,54,47,27,27,113,NA,122,118,9,13,5,7,0.6,0.7
2026-08-15T2100,3622A,113.5556,24.8082,韶关市,碧湖山庄,,18,18,20,12,11,45,NA,70,65,12,8,8,7,0.5,0.5
2026-08-15T2100,3623A,113.8952,22.586,深圳市,西乡,,32,31,24,16,11,100,NA,119,119,15,21,5,6,0.8,0.8
2026-08-15T2100,3624A,116.4069,23.2533,汕头市,潮南子站,,17,15,13,6,9,53,NA,62,62,7,8,7,7,/,/
2026-08-15T2100,3625A,113.2568,22.7629,佛山市,容桂街道办,,26,NA,21,15,21,83,NA,174,160,17,16,/,/,/,/
2026-08-15T2100,3628A,112.0335,22.9376,云浮市,文笔,,27,27,28,13,14,42,NA,88,77,12,14,5,6,0.7,0.7
2026-08-15T2100,3629A,101.8304,36.5785,西宁市,世纪职校,,26,NA,20,18,18,51,NA,120,112,47,14,2,6,0.5,0.6
2026-08-15T2100,3633A,118.4914,31.681,马鞍山市,雨山,,26,26,18,14,12,51,NA,74,73,17,12,5,6,0.8,0.8
2026-08-15T2100,3635A,112.3678,34.6623,洛阳市,河科大西苑校区,,46,46,36,32,26,110,NA,135,134,14,13,9,8,0.5,0.5
2026-08-15T2100,3636A,112.4387,34.678,洛阳市,英才小学,,43,39,38,30,27,81,NA,125,122,19,19,11,11,0.6,0.7
2026-08-15T2100,3637A,131.0136,45.7688,七台河市,人民广场,,30,30,17,4,6,23,NA,43,41,16,13,9,9,0.7,0.5
2026-08-15T2100,3638A,104.7637,29.3373,自贡市,轻化工大学,,38,29,48,20,45,119,NA,154,145,17,16,10,10,0.6,0.8
2026-08-15T2100,3642A,120.3454,36.0735,青岛市,市北区南部,,26,9,20,2,14,82,NA,100,96,16,25,5,6,0.3,0.4
2026-08-15T2100,3643A,120.3897,36.18,青岛市,李沧区北部,,26,9,17,4,13,82,NA,118,110,15,17,4,5,0.5,0.6
2026-08-15T2100,3644A,117.8662,36.8049,淄博市,三金集团,,46,46,42,16,20,130,NA,166,157,16,21,6,9,0.4,0.5
2026-08-15T2100,3645A,118.0259,36.8409,淄博市,东风化工厂,,50,50,41,20,18,130,NA,180,173,22,19,10,10,0.4,0.4
2026-08-15T2100,3646A,118.4979,37.4623,东营市,胜利站,,39,31,28,22,13,123,NA,148,143,6,7,11,12,0.5,0.6
2026-08-15T2100,3648A,106.2176,37.9832,吴忠市,文卫南街,,41,40,46,27,23,129,NA,154,151,12,13,9,9,0.5,0.4
2026-08-15T2100,3650A,105.1696,37.5164,中卫市,沙坡头区政府站,,32,32,34,22,18,73,NA,126,119,41,20,5,6,0.5,0.4
2026-08-15T2100,3654A,114.8093,30.4091,鄂州市,精准医疗中心,,18,18,13,8,5,48,NA,92,84,16,7,7,6,0.6,0.6
2026-08-15T2100,3655A,114.3379,29.8683,咸宁市,长江产业园,,25,20,23,12,11,79,NA,90,90,9,9,4,4,0.5,0.6
2026-08-15T2100,3656A,120.1554,30.2863,杭州市,消防大队,,22,17,13,15,10,46,NA,62,59,20,16,9,9,0.8,0.8
2026-08-15T2100,3658A,120.6156,30.0762,绍兴市,袍江中学,,36,34,19,25,12,52,NA,85,82,23,11,5,5,0.8,0.6
2026-08-15T2100,3659A,119.656,29.1132,金华市,气象局,,23,8,17,2,11,73,NA,106,94,9,10,4,4,0.6,0.5
2026-08-15T2100,3662A,123.6341,47.2079,齐齐哈尔市,富区青少年活动中心,,30,30,24,9,5,57,NA,73,68,10,10,4,4,0.3,0.3
2026-08-15T2100,3663A,124.117,50.4279,大兴安岭地区,红旗社区,,27,27,12,6,8,52,NA,74,69,10,8,3,3,0.3,0.3
2026-08-15T2100,3664A,119.4171,34.734,连云港市,连云街道,,26,13,19,7,13,82,NA,154,134,11,16,5,7,0.6,0.8
2026-08-15T2100,3665A,76.1654,39.7157,克孜勒苏柯尔克孜自治州,克州文化中心,NA,NA,NA,50,103,19,NA,NA,142,136,NA,3,NA,4,NA,0.1
2026-08-15T2100,3667A,111.0279,35.0543,运城市,水利职院,,35,19,25,18,13,110,NA,113,113,7,9,4,5,0.1,0.1
2026-08-15T2100,3669A,114.4706,36.0634,安阳市,左辅环卫站,颗粒物(PM10),54,55,22,29,21,83,NA,114,107,10,10,3,3,0.6,0.6
2026-08-15T2100,3670A,111.0522,35.0439,运城市,禹都公园,,35,17,21,15,13,109,NA,112,112,5,5,4,5,0.1,0.2
2026-08-15T2100,3671A,116.0879,39.9725,北京市,门头沟三家店,,33,33,25,18,13,84,NA,124,120,21,19,1,1,0.7,0.6
2026-08-15T2100,3672A,116.1507,39.8246,北京市,丰台云岗,,33,33,30,21,11,84,NA,114,108,16,12,1,2,0.4,0.4
2026-08-15T2100,3674A,115.9578,39.7602,北京市,房山燕山,,25,22,19,15,12,79,NA,101,94,6,7,3,2,0.4,0.4
2026-08-15T2100,3675A,116.4669,39.7734,北京市,大兴旧宫,,27,18,25,11,14,84,NA,137,132,9,14,2,2,0.6,0.6
2026-08-15T2100,3677A,98.5887,24.4366,德宏傣族景颇族自治州,芒市人民政府综合楼,,39,39,30,11,6,45,NA,54,52,7,6,7,8,0.8,0.8
2026-08-15T2100,3678A,116.5907,35.4054,济宁市,市第七中学,,43,43,37,30,22,124,NA,152,150,11,7,6,6,0.5,0.5
2026-08-15T2100,3683A,109.8332,40.6577,包头市,昆区政府,,26,26,31,10,14,81,NA,120,115,22,23,8,13,0.4,0.6
2026-08-15T2100,3684A,130.8639,45.8144,七台河市,新建矿广场,,12,12,19,2,6,30,NA,49,48,16,16,4,6,0.4,0.4
2026-08-15T2100,3685A,117.897,28.4316,上饶市,双创科技城,,22,22,24,11,19,41,NA,86,71,26,10,30,17,0.6,0.5
2026-08-15T2100,3689A,113.9002,35.372,新乡市,行政服务中心,,27,27,34,16,18,53,NA,116,101,23,9,7,9,0.5,0.5
2026-08-15T2100,3690A,115.9718,28.7032,南昌市,外国语学校,,24,17,13,12,9,76,NA,86,86,6,7,12,12,0.5,0.4
2026-08-15T2100,3692A,118.2043,39.6703,唐山市,消防缸窑路中队,颗粒物(PM10),60,64,49,23,18,108,NA,154,148,20,16,3,6,0.7,0.6
2026-08-15T2100,3693A,118.1432,39.6203,唐山市,路南电大,颗粒物(PM10),55,56,41,31,19,113,NA,143,122,13,8,8,7,0.7,0.6
2026-08-15T2100,3694A,115.9859,40.4562,北京市,延庆石河营,,33,24,16,17,11,103,NA,105,105,7,6,3,3,0.4,0.4
2026-08-15T2100,3695A,116.6151,40.3052,北京市,怀柔新城,,22,22,15,13,9,65,NA,108,102,5,6,1,1,0.5,0.5
2026-08-15T2100,3696A,116.2542,39.8764,北京市,丰台小屯,,32,22,23,16,13,102,NA,118,116,14,18,3,3,0.5,0.5
2026-08-15T2100,3697A,116.8399,40.3843,北京市,密云镇,,32,32,20,20,11,79,NA,132,127,26,12,4,4,0.6,0.5
2026-08-15T2100,3699A,111.6519,40.8389,呼和浩特市,海东办,,29,19,18,5,6,90,NA,111,107,17,20,9,8,0.3,0.3
2026-08-15T2100,3701A,116.9647,33.6252,宿州市,皖北煤电集团,,23,23,18,11,10,69,NA,86,84,12,7,7,7,0.3,0.2
2026-08-15T2100,3706A,122.2584,43.6333,通辽市,老干部活动中心,,30,30,22,9,8,63,NA,105,94,23,11,7,8,0.6,0.5
2026-08-15T2100,3707A,131.0069,45.2988,鸡西市,欧美日汽修厂,,17,17,21,10,9,42,NA,60,55,10,12,3,3,0.4,0.4
2026-08-15T2100,3708A,122.2923,43.6189,通辽市,东方明珠社区,,43,43,24,13,9,61,NA,104,92,27,12,12,13,0.5,0.5
2026-08-15T2100,3710A,121.5593,29.8976,宁波市,白沙活动中心,NA,NA,35,18,24,16,81,NA,139,120,15,10,8,8,NA,NA
2026-08-15T2100,3713A,124.3286,43.1726,四平市,世纪城,,35,14,24,8,13,110,NA,116,113,4,22,4,8,0.2,0.3
2026-08-15T2100,3715A,117.3091,32.9314,蚌埠市,蚌埠田家炳中学,NA,NA,38,19,10,10,NA,NA,84,82,38,8,8,8,NA,0.4
2026-08-15T2100,3719A,97.1707,31.1428,昌都市,昌都会议中心,,29,NA,10,11,6,90,NA,102,98,4,4,2,3,0.3,0.3
2026-08-15T2100,3726A,88.8775,29.2425,日喀则市,林业技术推广中心,,22,8,7,0,1,70,NA,81,79,2,2,9,7,0.3,0.2
2026-08-15T2100,3728A,104.6701,28.8053,宜宾市,白酒学院,,39,39,37,25,28,113,NA,155,147,11,13,6,8,0.7,0.7
2026-08-15T2100,3734A,118.5753,37.4405,东营市,理想之城,,39,22,20,17,10,122,NA,145,137,7,8,8,10,0.4,0.4
2026-08-15T2100,3860A,118.3915,35.0297,临沂市,皇山花园小区,,28,14,27,5,19,88,NA,158,142,17,18,10,11,0.7,0.7
2026-08-15T2100,3861A,119.2046,36.7696,潍坊市,寒亭区实验一小,,29,22,19,5,9,92,NA,146,137,16,12,6,5,0.4,0.4
2026-08-15T2100,3866A,122.2469,40.663,营口市,三高中,,35,35,35,10,18,47,NA,126,98,24,21,12,11,0.5,0.8
2026-08-15T2100,3867A,102.074,36.5056,海东市,平安区公安局北苑,,36,33,31,8,19,113,NA,129,129,6,9,6,8,0.5,0.6
2026-08-15T2100,3981A,113.2456,35.18,焦作市,原李万街道办,颗粒物(PM10),54,55,45,31,22,90,NA,125,118,12,8,7,8,0.3,0.3
2026-08-15T2100,3994A,102.2174,31.9016,阿坝藏族羌族自治州,马尔康中学西区,,21,18,9,10,9,67,NA,99,92,8,7,4,4,0.3,0.2
2026-08-15T2100,4002A,109.2312,23.7428,来宾市,中南小学,,30,30,19,16,10,76,NA,96,94,17,10,8,8,0.7,0.7
2026-08-15T2100,4004A,115.4199,38.8665,保定市,双鹰农机,,33,32,25,23,16,77,NA,135,116,11,5,3,3,0.2,0.3
2026-08-15T2100,4006A,122.3622,40.6762,营口市,老边实验小学,,18,14,44,12,26,36,NA,113,83,21,22,8,11,0.8,1.4
2026-08-15T2100,4008A,112.5233,32.9921,南阳市,卧龙区政府,NA,NA,46,37,29,19,81,NA,113,108,NA,10,6,6,0.7,0.7
2026-08-15T2100,4010A,112.5608,37.8807,太原市,育英中学,,35,27,30,24,22,99,NA,154,148,17,14,9,9,0.3,0.5
2026-08-15T2100,4011A,103.8505,30.6946,成都市,光华大道三段,,46,37,44,29,32,146,NA,170,166,10,12,3,8,0.9,0.9
2026-08-15T2100,4017A,116.7926,33.9534,淮北市,市博物馆,,29,26,13,15,8,91,NA,97,97,10,6,4,3,0.5,0.4
2026-08-15T2100,4018A,116.0564,36.4609,聊城市,星美广场,,41,41,43,9,26,83,NA,143,130,16,12,6,8,0.4,0.4
2026-08-15T2100,4022A,102.1648,38.5369,金昌市,金川区人防中心,,41,41,107,16,31,112,NA,121,120,7,4,1,1,0.2,0.2
2026-08-15T2100,4024A,114.6491,37.9014,石家庄市,栾城区星河路,,34,34,24,22,19,98,NA,126,114,10,10,3,2,0.2,0.2
2026-08-15T2100,4027A,75.9485,39.4688,喀什地区,老干局,颗粒物(PM10),65,71,39,20,4,125,NA,142,140,9,5,5,4,0.4,0.3
2026-08-15T2100,4028A,117.9955,37.3752,滨州市,滨州市西街道办事处,,40,34,26,16,13,128,NA,154,146,10,10,4,6,0.3,0.3
2026-08-15T2100,4033A,122.3124,29.9619,舟山市,普陀东港中学,,45,35,26,31,19,48,NA,146,124,46,15,6,6,0.9,0.8
2026-08-15T2100,4034A,115.515,38.8589,保定市,植保所站,,38,38,23,19,13,119,NA,144,139,11,10,1,2,0.2,0.2
2026-08-15T2100,4036A,116.646,23.676,潮州市,金山,,15,NA,20,10,13,48,NA,83,81,12,13,4,4,0.5,0.5
2026-08-15T2100,4051A,86.0791,44.3018,石河子市,世纪广场,,32,22,29,10,5,101,NA,119,118,13,15,2,3,0.4,0.3
2026-08-15T2100,4054A,109.0324,32.6913,安康市,市邮政管理局,细颗粒物(PM2.5),58,44,21,39,10,36,NA,80,73,17,7,3,3,0.7,0.5
2026-08-15T2100,4055A,108.8869,34.2662,西安市,行知小学,,40,40,31,20,17,113,NA,146,143,17,14,7,7,0.7,0.7
2026-08-15T2100,4056A,108.6601,34.3767,咸阳市,五陵塬路2号,颗粒物(PM10),55,56,39,29,23,77,NA,132,122,41,20,5,6,0.6,0.6
2026-08-15T2100,4057A,115.9423,40.4431,北京市,延庆百泉,,34,24,18,19,11,106,NA,110,110,4,3,2,2,0.5,0.5
2026-08-15T2100,4058A,116.6598,39.9164,北京市,通州新华,,41,33,36,20,22,130,NA,145,145,14,16,3,3,0.6,0.6
2026-08-15T2100,4059A,114.4563,38.0365,石家庄市,裕华西路63号,,31,27,23,18,15,98,NA,126,120,6,6,1,1,0.4,0.3
2026-08-15T2100,4060A,114.5586,38.0581,石家庄市,和平路363号,,33,32,22,15,16,105,NA,129,123,7,8,3,3,0.4,0.3
2026-08-15T2100,4061A,114.8347,38.0213,石家庄市,廉州西路160号,,46,46,35,18,20,88,NA,126,117,9,13,3,2,0.6,0.6
2026-08-15T2100,4062A,114.4498,38.0729,石家庄市,北城路41号,,40,40,29,18,15,108,NA,131,126,8,11,2,2,0.4,0.4
2026-08-15T2100,4063A,115.2124,37.9433,辛集市,市政府,,46,46,39,26,21,122,NA,147,137,16,14,5,6,0.4,0.5
2026-08-15T2100,4064A,115.2008,37.9338,辛集市,城管大队,,47,47,39,24,22,112,NA,135,127,12,10,4,3,0.7,0.6
2026-08-15T2100,4065A,118.1267,39.6579,唐山市,光明北路515号,,43,39,28,23,16,135,NA,144,140,16,15,4,6,0.5,0.5
2026-08-15T2100,4066A,119.7458,39.9952,秦皇岛市,南园路157号,,39,38,22,6,5,122,NA,141,137,5,23,7,7,0.3,0.3
2026-08-15T2100,4067A,119.5131,39.8858,秦皇岛市,翠岛大街1号,,37,25,23,10,8,118,NA,134,132,9,10,6,8,0.4,0.3
2026-08-15T2100,4068A,114.5209,36.7697,邯郸市,建安街268号,,35,35,37,14,19,83,NA,131,120,22,20,3,2,0.3,0.3
2026-08-15T2100,4069A,114.5488,36.6177,邯郸市,丛台东路558号,,45,45,39,13,24,90,NA,131,118,13,15,1,2,0.3,0.3
2026-08-15T2100,4070A,114.5558,37.0578,邢台市,襄都区政府南院,颗粒物(PM10),53,53,35,24,22,88,NA,132,121,16,15,2,2,0.4,0.3
2026-08-15T2100,4071A,114.9883,38.5232,定州市,交通局,颗粒物(PM10),60,64,48,18,19,95,NA,132,126,9,10,3,3,0.6,0.6
2026-08-15T2100,4072A,115.0045,38.5136,定州市,第五中学,,40,40,47,19,17,92,NA,130,123,9,11,5,6,0.4,0.4
2026-08-15T2100,4073A,117.9462,40.95,承德市,杏林街1号,,29,22,20,20,15,53,NA,102,100,16,11,5,9,0.5,0.4
2026-08-15T2100,4074A,112.449,37.8509,太原市,西矿街336号,,50,NA,28,35,20,79,NA,151,143,18,12,8,8,0.7,0.5
2026-08-15T2100,4075A,112.4792,37.9393,太原市,迎宾北路9号,,42,39,28,29,17,92,NA,149,143,16,12,6,9,0.9,0.7
2026-08-15T2100,4076A,112.551,37.8575,太原市,迎泽大街248号,,37,37,35,19,20,104,NA,151,146,15,14,9,9,0.7,0.8
2026-08-15T2100,4077A,113.588,37.8712,阳泉市,宁波路,,39,39,38,26,22,84,NA,122,114,12,15,9,14,0.6,0.7
2026-08-15T2100,4078A,112.8246,35.5152,晋城市,前书院路,,40,40,45,25,23,120,NA,128,125,4,7,6,6,0.6,0.7
2026-08-15T2100,4079A,112.8864,35.4773,晋城市,祥云街666号,NA,NA,NA,38,NA,26,NA,NA,115,112,8,9,NA,5,0.5,0.7
2026-08-15T2100,4080A,112.7375,37.7215,晋中市,广安街188号,,33,NA,31,20,21,105,NA,146,143,5,10,13,12,0.2,0.3
2026-08-15T2100,4081A,111.0081,35.0748,运城市,学苑北路2555号,,33,20,26,15,13,105,NA,110,110,6,7,5,6,0.6,0.6
2026-08-15T2100,4082A,121.2548,38.8188,大连市,旅顺,,21,21,40,11,22,48,NA,112,92,14,11,7,8,0.7,0.8
2026-08-15T2100,4083A,123.153,41.2874,辽阳市,铁西路150号,,20,15,41,9,20,63,NA,124,104,14,22,6,7,0.8,0.9
2026-08-15T2100,4084A,123.835,42.2853,铁岭市,新华街20号,,29,29,24,13,7,73,NA,127,117,19,20,8,10,0.3,0.1
2026-08-15T2100,4085A,125.0998,42.9134,辽源市,安宁大街333号,,39,39,19,4,7,94,NA,97,94,6,6,2,3,0.4,0.4
2026-08-15T2100,4086A,118.7641,32.0841,南京市,新模范马路66号,,19,17,19,7,4,59,NA,94,90,18,5,4,4,0.3,0.3
2026-08-15T2100,4087A,120.3138,31.4927,无锡市,清舒道1号,NA,NA,22,17,9,10,NA,NA,44,44,16,17,17,15,0.8,0.7
2026-08-15T2100,4088A,117.1553,34.2567,徐州市,纺织东路16号,,24,20,11,13,8,76,NA,116,108,12,10,6,6,0.6,0.5
2026-08-15T2100,4089A,119.9551,31.863,常州市,崇义南街5-H号,,21,21,15,5,8,35,NA,52,50,16,12,6,6,0.1,0.2
2026-08-15T2100,4090A,120.4282,31.3228,苏州市,学森路9号,,32,32,16,14,7,29,NA,50,46,19,12,8,7,0.8,0.7
2026-08-15T2100,4091A,120.8692,31.9885,南通市,洪江路,,17,NA,7,8,6,52,NA,55,54,4,4,4,4,0.7,0.7
2026-08-15T2100,4092A,119.119691,33.550006,淮安市,枚皋中路89号,,10,10,18,6,8,25,NA,79,58,9,13,4,5,0.5,0.5
2026-08-15T2100,4093A,119.5202,32.3705,扬州市,廖家沟步道,,18,16,15,7,6,56,NA,78,74,14,7,6,6,0.2,0.2
2026-08-15T2100,4094A,118.352,33.7886,宿迁市,春华路,,23,23,20,13,12,62,NA,99,94,14,10,4,5,0.2,0.2
2026-08-15T2100,4095A,121.8962,29.7529,宁波市,中科路88号,,27,24,26,14,16,86,NA,143,132,16,10,8,7,0.7,0.7
2026-08-15T2100,4096A,120.6935,28.0114,温州市,鹿城惠民路,,19,19,23,8,11,58,NA,140,112,18,12,/,/,0.5,0.5
2026-08-15T2100,4097A,118.9646,28.9832,衢州市,衢州三中,,19,NA,21,7,16,60,NA,84,76,12,11,3,4,0.6,0.6
2026-08-15T2100,4098A,117.2518,31.8404,合肥市,中国科学技术大学,,25,24,15,17,11,40,NA,65,63,24,11,4,4,0.5,0.3
2026-08-15T2100,4099A,118.5726,31.1371,芜湖市,湾沚区人民法院,NA,NA,NA,12,15,14,NA,NA,71,71,13,8,3,3,0.3,0.3
2026-08-15T2100,4100A,116.8322,33.9884,淮北市,杜集区第一实验学校,,36,36,20,9,3,70,NA,92,89,14,4,6,5,0.6,0.5
2026-08-15T2100,4101A,118.3196,32.3335,滁州市,银山路666号,,26,NA,13,18,10,71,NA,81,81,5,6,4,4,0.3,0.3
2026-08-15T2100,4102A,118.3426,32.2979,滁州市,黄山路555号,,26,20,17,18,11,74,NA,85,85,7,5,10,8,0.3,0.2
2026-08-15T2100,4103A,116.9929,33.6412,宿州市,中兴路,,26,26,22,12,11,52,NA,72,69,10,8,10,10,0.4,0.3
2026-08-15T2100,4104A,119.3106,26.0648,福州市,路通桥巷6号,,28,21,24,19,15,55,NA,87,71,14,9,/,/,/,/
2026-08-15T2100,4105A,118.6355,24.9148,泉州市,霞新路6号,,20,15,22,11,12,62,NA,87,65,10,14,/,/,0.4,0.4
2026-08-15T2100,4106A,115.7923,28.6873,南昌市,工业二路,,25,25,14,17,10,70,NA,73,73,7,4,6,6,0.6,0.5
2026-08-15T2100,4107A,113.8686,27.6668,萍乡市,联洪村委会,,34,34,28,19,17,56,NA,55,55,5,9,8,9,0.5,0.7
2026-08-15T2100,4108A,117.7107,36.2385,济南市,山财大街5号,,34,27,21,23,17,106,NA,146,143,22,23,6,6,0.7,0.6
2026-08-15T2100,4109A,116.9744,36.6889,济南市,无影山路12号,,34,34,33,11,18,93,NA,144,134,17,22,2,3,0.3,0.4
2026-08-15T2100,4110A,120.5222,36.4089,青岛市,盟旺路653号,,19,19,27,12,15,46,NA,111,96,21,14,7,8,0.6,0.6
2026-08-15T2100,4111A,116.6075,35.4566,济宁市,任和路,颗粒物(PM10),54,55,34,32,19,104,NA,148,142,17,7,2,2,0.6,0.5
2026-08-15T2100,4112A,116.5648,35.3921,济宁市,文体南路1号,细颗粒物(PM2.5),56,40,30,38,18,113,NA,157,153,21,9,4,4,0.2,0.2
2026-08-15T2100,4113A,116.0091,36.4495,聊城市,利民路,,35,35,34,14,21,96,NA,144,133,15,13,9,11,0.5,0.4
2026-08-15T2100,4114A,115.4239,35.2593,菏泽市,黄河路600号,,40,40,46,14,29,92,NA,136,122,10,12,5,5,0.4,0.4
2026-08-15T2100,4115A,115.5025,35.2727,菏泽市,菏泽市人社局,,39,39,43,15,29,101,NA,132,122,12,10,4,5,0.5,0.5
2026-08-15T2100,4116A,113.284,33.7139,平顶山市,姚电大道23号,颗粒物(PM10),54,55,52,30,28,96,NA,128,124,14,17,8,9,0.7,0.6
2026-08-15T2100,4117A,114.2918,36.0769,安阳市,钢三路198号,,38,38,35,24,22,70,NA,111,102,9,7,3,4,0.5,0.5
2026-08-15T2100,4118A,115.0552,35.7816,濮阳市,中原东路68号,,50,50,48,32,23,120,NA,139,136,12,10,3,5,0.9,0.8
2026-08-15T2100,4119A,115.6701,34.3767,商丘市,北海东路185号,,31,31,28,21,16,69,NA,101,95,15,8,4,5,0.5,0.4
2026-08-15T2100,4120A,115.6172,34.3704,商丘市,中山大街3号,,44,44,34,16,17,41,NA,100,89,22,10,5,6,0.5,0.4
2026-08-15T2100,4121A,114.8466,33.7333,周口市,羲皇大道,NA,NA,NA,31,15,19,73,NA,105,96,10,9,4,4,NA,0.9
2026-08-15T2100,4122A,112.6071,35.1015,济源市,市委党校,颗粒物(PM10),58,60,54,23,30,69,NA,116,110,15,13,2,3,0.6,0.7
2026-08-15T2100,4123A,112.596,35.0702,济源市,沁园中路1号,,49,49,53,31,32,90,NA,125,120,13,14,1,3,0.8,1
2026-08-15T2100,4124A,112.2213,31.0654,荆门市,新台西路6号,,42,42,34,20,22,65,NA,106,99,14,8,8,8,0.6,0.6
2026-08-15T2100,4125A,113.946,30.8999,孝感市,天仙南路1号,,17,16,13,2,8,53,NA,65,64,6,8,4,4,0.4,0.3
2026-08-15T2100,4127A,111.9812,27.7591,娄底市,涟钢职大,细颗粒物(PM2.5),52,36,17,36,8,58,NA,72,70,7,6,3,3,0.8,0.9
2026-08-15T2100,4128A,112.0303,27.7457,娄底市,娄底体校,细颗粒物(PM2.5),96,68,30,58,12,33,NA,74,67,12,8,2,2,0.7,0.5
2026-08-15T2100,4129A,113.8666,23.1062,东莞市,裕兴路,,32,29,32,22,22,90,NA,162,152,19,20,7,7,0.6,0.6
2026-08-15T2100,4130A,114.0076,22.9739,东莞市,教育路1号,,40,22,31,15,17,126,NA,174,167,16,22,8,8,0.7,0.7
2026-08-15T2100,4131A,113.7981,22.8124,东莞市,长怡路1号,,35,31,30,21,16,112,NA,142,140,18,19,6,6,0.8,0.8
2026-08-15T2100,4132A,108.2927,23.1477,南宁市,起凤路9号,,32,30,26,22,19,62,NA,94,93,16,12,4,7,0.6,0.6
2026-08-15T2100,4133A,106.6273,23.8798,百色市,龙景西路,,18,NA,15,12,9,54,NA,91,86,11,6,8,7,0.4,0.4
2026-08-15T2100,4134A,110.1952,20.0451,海口市,长滨二路9号,,23,23,21,14,13,51,NA,84,68,14,13,/,/,/,/
2026-08-15T2100,4135A,109.1714,18.3739,三亚市,城东小学站,,26,15,21,3,8,83,NA,88,88,9,5,/,/,/,/
2026-08-15T2100,4136A,108.6971,30.9377,重庆市,云师幼儿园,,20,20,13,7,5,37,NA,92,81,39,10,5,5,0.7,0.6
2026-08-15T2100,4137A,107.3276,30.3284,重庆市,公安局,,22,22,17,9,7,58,NA,107,96,21,8,8,8,0.6,0.6
2026-08-15T2100,4138A,108.0575,30.3254,重庆市,忠县中学,,30,21,22,15,12,23,NA,106,96,59,18,5,5,0.6,0.6
2026-08-15T2100,4139A,109.4542,31.0182,重庆市,竹枝路2号,,28,28,11,10,7,58,NA,94,88,22,12,5,5,0.4,0.3
2026-08-15T2100,4140A,107.7422,29.871,重庆市,龙河路,,25,25,18,7,7,76,NA,104,102,10,10,7,7,0.4,0.4
2026-08-15T2100,4141A,108.7636,28.84,重庆市,桃花源中路,,37,37,22,16,6,45,NA,77,70,11,8,8,8,0.7,0.6
2026-08-15T2100,4142A,108.9758,28.4416,重庆市,秀山县高级中学,,24,24,14,15,6,53,NA,80,74,5,5,7,7,0.6,0.6
2026-08-15T2100,4143A,108.1558,29.2859,重庆市,河堡街,,25,NA,12,17,6,48,NA,76,71,8,5,6,6,0.5,0.6
2026-08-15T2100,4144A,104.3257,30.6406,成都市,八角井街185号,细颗粒物(PM2.5),60,52,35,40,19,127,NA,147,146,13,10,8,7,0.7,0.5
2026-08-15T2100,4145A,104.4144,31.1495,德阳市,市林业局,,49,42,50,34,35,133,NA,145,143,9,20,11,15,0.6,0.6
2026-08-15T2100,4146A,104.7092,31.4972,绵阳市,科技城新区公安局,,42,41,43,29,24,113,NA,141,135,17,19,7,7,0.7,0.7
2026-08-15T2100,4147A,105.0433,29.6105,内江市,玉峰路西段888号,,34,34,38,23,36,95,NA,151,143,29,15,10,12,0.5,0.5
2026-08-15T2100,4148A,103.8836,30.0695,眉山市,眉职院,颗粒物(PM10),54,55,50,29,26,136,NA,169,159,16,24,10,10,0.9,0.9
2026-08-15T2100,4149A,104.6146,28.7422,宜宾市,宜宾市职业技术学校,,46,46,42,31,31,120,NA,153,148,15,13,8,10,1.1,1
2026-08-15T2100,4150A,104.6646,30.1116,资阳市,正兴街66号,,49,49,48,34,36,100,NA,150,141,17,13,5,7,0.4,0.4
2026-08-15T2100,4151A,104.8899,26.5685,六盘水市,钟山大道中段564号,,32,26,34,16,15,101,NA,129,125,7,18,2,2,0.7,0.9
2026-08-15T2100,4152A,107.0425,27.7087,遵义市,乌江大道东段1号,,18,11,10,10,7,56,NA,73,72,12,6,10,7,0.6,0.5
2026-08-15T2100,4153A,101.5536,25.0343,楚雄彝族自治州,团结路562号,,28,24,23,7,11,88,NA,102,101,4,12,2,4,0.3,0.3
2026-08-15T2100,4154A,103.401,23.3561,红河哈尼族彝族自治州,蒙自市朝阳路,,23,17,15,16,14,73,NA,117,108,13,6,31,9,0.7,0.5
2026-08-15T2100,4155A,107.1721,34.3558,宝鸡市,滨河北路,,43,41,34,30,25,71,NA,126,118,16,10,3,4,0.6,0.6
2026-08-15T2100,4156A,108.6372,34.3031,咸阳市,胭脂路9号,,43,43,30,28,20,114,NA,139,138,14,9,3,4,0.4,0.4
2026-08-15T2100,4157A,108.0371,34.3035,咸阳市,杨扶路,,49,40,29,34,23,105,NA,137,135,15,8,3,3,0.4,0.4
2026-08-15T2100,4158A,108.0895,34.2623,咸阳市,新桥路,,45,45,38,27,24,128,NA,153,153,23,15,5,6,0.4,0.4
2026-08-15T2100,4159A,110.4531,35.4578,渭南市,桢州大街,,37,37,32,25,22,63,NA,105,97,9,6,11,13,1.2,1.1
2026-08-15T2100,4160A,110.4368,35.4773,渭南市,太史大街,,37,37,39,23,22,73,NA,115,106,10,10,6,9,0.7,0.8
2026-08-15T2100,4161A,109.485,36.6347,延安市,志丹路,,29,16,25,10,13,92,NA,110,107,8,12,3,3,0.4,0.5
2026-08-15T2100,4162A,101.6769,36.6535,西宁市,海晏路105号,,26,20,24,10,16,83,NA,118,114,13,14,2,3,0.4,0.5
2026-08-15T2100,4163A,102.0984,36.5119,海东市,滨河路,,33,33,25,22,23,32,NA,122,108,60,26,5,8,0.7,0.8
2026-08-15T2100,4164A,87.2057,43.9289,昌吉回族自治州,财政所,,44,44,51,19,11,110,NA,117,117,2,7,8,8,0.1,0.2
2026-08-15T2100,4165A,82.9716,46.7464,塔城地区,文化广场,,40,40,28,13,9,98,NA,97,97,5,7,3,3,0.5,0.5
2026-08-15T2100,4166A,88.1198,47.7931,阿勒泰地区,阿勒泰路33号,,37,37,27,4,2,95,NA,95,95,9,7,8,7,0.4,0.4
2026-08-15T2100,4167A,86.0126,44.2349,石河子市,城南景苑小区,NA,NA,NA,27,NA,6,NA,NA,110,110,6,8,6,6,0.2,0.2
2026-08-15T2100,4168A,87.055284,43.999117,五家渠市,建设西街760号,颗粒物(PM10),76,86,73,22,12,82,NA,110,108,16,21,4,5,0.5,0.5
2026-08-15T2100,4180A,113.8157285,34.126705,许昌市,新元大道996号,NA,NA,36,37,34,28,96,NA,127,119,13,16,NA,12,0.4,0.3
2026-08-15T2100,4181A,112.3571,28.5588,益阳市,龙洲站,,49,49,27,24,19,60,NA,102,96,24,10,8,8,0.6,0.5
2026-08-15T2100,4182A,116.1942,39.9158,北京市,石景山八角,,37,32,35,15,14,116,NA,128,128,16,22,2,2,0.5,0.5
2026-08-15T2100,4183A,121.417401,31.16637,上海市,冠生园路458号,,36,29,16,25,13,60,NA,86,74,18,15,7,7,0.7,0.5
2026-08-15T2100,4184A,115.479691,35.244011,菏泽市,永昌路1号,,39,39,43,14,26,92,NA,143,127,11,9,7,8,0.3,0.3
2026-08-15T2100,4185A,115.078022,30.21118,黄石市,磁湖东路29号,,29,29,25,9,7,72,NA,89,88,7,5,3,4,0.6,0.7
2026-08-15T2100,4186A,117.194237,34.229354,徐州市,解放南路202号,,25,25,21,9,8,56,NA,101,92,17,12,7,6,0.7,0.7
2026-08-15T2100,4187A,112.3425,28.611,益阳市,幸福渠东路223号,,42,42,27,27,19,65,NA,100,95,13,8,7,7,0.7,0.6
2026-08-15T2100,4188A,112.3712,28.5764,益阳市,益鑫泰路85号,,39,27,29,27,20,66,NA,95,92,13,7,9,10,0.8,1
2026-08-15T2100,4189A,113.113092,36.199482,长治市,英华南巷50号,,29,29,31,16,18,78,NA,114,102,4,5,12,13,0.5,0.8
2026-08-15T2100,4190A,113.23666,36.33435,长治市,学府街1号,,45,45,33,28,19,97,NA,112,111,2,2,7,7,0.9,0.7
2026-08-15T2100,4191A,118.527362,31.722269,马鞍山市,慈湖高新区,,21,21,21,13,14,36,NA,69,65,22,10,5,5,0.5,0.5
2026-08-15T2100,4192A,115.931587,28.686774,南昌市,南京东路235号,,29,14,9,12,9,90,NA,98,98,7,7,4,4,0.8,0.8
2026-08-15T2100,4193A,115.471542,35.280012,菏泽市,长城路999号,,39,39,40,11,25,90,NA,128,119,15,11,6,6,0.1,0.2
2026-08-15T2100,4194A,117.078628,40.151726,北京市,平谷新城,,32,31,28,22,16,75,NA,109,107,9,9,2,2,0.6,0.6
2026-08-15T2100,4196A,117.24369,39.102911,天津市,光华路,,46,46,37,22,16,136,NA,167,167,14,16,8,12,0.5,0.8
2026-08-15T2100,4197A,118.130859,39.636026,唐山市,友谊北路34号,颗粒物(PM10),55,57,44,29,20,125,NA,135,118,6,6,6,7,0.6,0.6
2026-08-15T2100,4198A,119.509013,39.825305,秦皇岛市,北戴河轮滑馆,,40,16,29,6,10,125,NA,133,133,10,23,7,8,0.5,0.4
2026-08-15T2100,4199A,113.2798248,40.09972476,大同市,魏都大道141号,,28,17,45,16,15,88,NA,122,116,18,19,6,9,0.5,0.5
2026-08-15T2100,4200A,112.7478,37.6954,晋中市,迎宾街26号,,35,NA,23,20,18,109,NA,151,148,6,9,9,8,0.4,0.4
2026-08-15T2100,4201A,122.944647,41.082639,鞍山市,兴盛南路290号,,19,18,51,10,24,59,NA,112,85,19,30,7,12,0.3,1
2026-08-15T2100,4202A,113.9856,32.9802,驻马店市,交通路1233号,,24,23,39,14,23,74,NA,106,99,8,9,5,6,0.3,0.4
2026-08-15T2100,4203A,111.3168,30.7203,宜昌市,西陵二路116号,NA,NA,26,19,19,4,NA,NA,105,101,26,11,6,6,0.5,0.4
2026-08-15T2100,4204A,111.3526,30.6374,宜昌市,沈家店路6号,,35,35,20,18,8,38,NA,98,86,16,12,5,6,0.4,0.3
2026-08-15T2100,4205A,121.541914,31.268301,上海市,宁武路151号,,26,26,17,16,12,71,NA,83,69,19,21,7,7,0.6,0.5
2026-08-15T2100,4206A,119.028838,33.631911,淮安市,承德北路606号,,24,24,17,11,11,22,NA,74,55,28,13,6,6,0.9,0.9
2026-08-15T2100,4207A,120.12211,33.393982,盐城市,黄海中路88号,,38,27,14,26,5,45,NA,83,73,7,3,9,9,0.5,0.4
2026-08-15T2100,4209A,117.003137,32.644456,淮南市,国庆中路369号,颗粒物(PM10),52,52,25,17,12,36,NA,77,72,32,13,13,13,0.5,0.3
2026-08-15T2100,4210A,118.335445,29.720283,黄山市,滨江东路7-2号,,18,18,21,5,5,42,NA,72,63,7,5,/,/,/,/
2026-08-15T2100,4211A,118.190438,28.444845,上饶市,裕丰大道,,15,15,19,4,15,44,NA,85,66,3,4,7,9,0.5,0.6
2026-08-15T2100,4212A,118.3039243,36.82708161,淄博市,广场路1号,,32,19,19,12,18,100,NA,172,158,21,18,6,7,0.4,0.4
2026-08-15T2100,4213A,121.364239,37.529648,烟台市,青年南路118号,,19,14,14,13,8,46,NA,88,82,15,14,7,8,0.3,0.3
2026-08-15T2100,4214A,112.460027,34.694929,洛阳市,春都路1号院,,48,40,37,33,28,73,NA,128,123,23,16,2,3,0.2,0.3
2026-08-15T2100,4215A,113.916569,35.331547,新乡市,建设东路46号,,36,36,37,19,22,72,NA,107,98,8,9,8,9,0.2,0.3
2026-08-15T2100,4216A,115.0923632,35.76857718,濮阳市,任丘路479号,细颗粒物(PM2.5),58,50,52,39,26,137,NA,150,150,9,13,4,6,0.5,0.5
2026-08-15T2100,4217A,114.3182,29.8447,咸宁市,双鹤路18号,,22,20,23,10,11,68,NA,91,89,6,5,10,72,0.5,0.5
2026-08-15T2100,4218A,111.446,27.2472,邵阳市,北塔二期4-26地块,,26,26,13,6,6,48,NA,66,63,12,6,6,6,0.6,0.5
2026-08-15T2100,4219A,111.4739,27.2282,邵阳市,邵水西路287号,,42,NA,15,29,14,48,NA,76,72,18,7,4,3,0.7,0.6
2026-08-15T2100,4220A,114.214113,22.713717,深圳市,黄阁路,NA,NA,31,18,2,10,63,NA,79,79,NA,13,5,5,1.0,1
2026-08-15T2100,4221A,108.2177,22.7774,南宁市,乐贤路16号,颗粒物(PM10),58,60,27,38,19,72,NA,131,122,41,14,7,8,0.8,0.7
2026-08-15T2100,4222A,110.1835,25.2444,桂林市,环湖路276号,,39,27,13,27,12,61,NA,89,85,11,4,29,11,0.5,0.4
2026-08-15T2100,4223A,106.4686218,29.48920871,重庆市,双山路147号,,40,40,19,14,7,114,NA,128,128,12,9,6,5,0.5,0.3
2026-08-15T2100,4224A,104.2433276,30.53529463,成都市,鲸龙路1057号,,47,47,32,26,21,123,NA,160,155,16,14,9,9,0.8,0.7
2026-08-15T2100,4225A,104.714266,29.338571,自贡市,贡兴路74号,,42,31,49,16,45,133,NA,164,157,6,12,8,9,0.4,0.6
2026-08-15T2100,4226A,104.765114,31.453094,绵阳市,绵阳市气象局,,41,41,37,20,22,112,NA,130,128,11,14,7,7,0.4,0.5
2026-08-15T2100,4227A,106.108336,30.788436,南充市,梨树横街98号,,35,35,31,23,21,78,NA,114,108,21,14,8,10,0.4,0.5
2026-08-15T2100,4229A,102.2342,27.8859,凉山彝族自治州,凯乐南路30号,细颗粒物(PM2.5),52,51,30,36,19,57,NA,140,131,32,18,5,7,0.8,0.5
2026-08-15T2100,4230A,106.688212,26.56952,贵阳市,花果园大街66号,,20,20,16,11,8,50,NA,68,66,12,11,3,3,/,/
2026-08-15T2100,4231A,106.687268,26.516892,贵阳市,漓江路57号,,17,17,14,9,9,34,NA,77,69,16,12,2,3,0.6,0.5
2026-08-15T2100,4233A,108.596239,34.118792,西安市,西苑北路977号,颗粒物(PM10),59,62,40,25,20,107,NA,143,139,15,14,3,3,0.5,0.4
2026-08-15T2100,4234A,108.949652,34.870529,铜川市,大唐三路,颗粒物(PM10),63,68,35,36,19,73,NA,112,106,22,12,7,7,0.7,0.6
2026-08-15T2100,4235A,109.5051,34.4921,渭南市,渭花路4号,,36,36,25,17,17,54,NA,108,102,28,9,5,5,0.4,0.3
2026-08-15T2100,4236A,103.629272,36.093822,兰州市,庄浪东路808号,,29,29,38,19,16,91,NA,119,118,28,25,9,12,0.3,0.3
2026-08-15T2100,4237A,103.7251,36.104344,兰州市,安宁西路88号,,39,39,41,21,20,123,NA,148,146,9,14,9,10,0.3,0.4
2026-08-15T2100,4238A,103.846982,36.067567,兰州市,北滨河东路1号,,39,39,40,18,16,101,NA,128,128,24,24,4,4,0.5,0.5
2026-08-15T2100,4239A,102.193042,38.531887,金昌市,长春路96号,颗粒物(PM10),58,60,99,18,28,115,NA,132,130,5,4,5,5,0.0,0
2026-08-15T2100,4240A,98.495752,39.733935,酒泉市,玉门东路5号,颗粒物(PM10),78,88,37,33,14,98,NA,117,114,11,6,7,7,0.6,0.3
2026-08-15T2100,4241A,98.5099,39.7506,酒泉市,北大街108号,颗粒物(PM10),72,80,40,28,18,101,NA,124,121,10,5,11,11,0.4,0.3
2026-08-15T2100,4242A,106.226373,38.491976,银川市,广场西路,,50,50,47,18,18,150,NA,170,168,15,25,10,10,0.8,0.7
2026-08-15T2100,4243A,92.0515,31.4787,那曲市,那曲市委宣传部,,33,NA,10,23,9,67,NA,90,85,16,8,8,6,0.4,0.2
2026-08-15T2100,4244A,111.4879,36.053,临汾市,启星学校,细颗粒物(PM2.5),60,58,36,40,24,96,NA,134,130,21,11,7,6,1.1,0.9
2026-08-15T2100,4245A,106.8609,27.5969,遵义市,遵南大道1161号,,26,25,19,18,12,61,NA,83,80,6,6,4,4,0.7,0.7
2026-08-15T2100,4246A,105.833962,30.18863087,重庆市,桃园路24号,细颗粒物(PM2.5),56,NA,34,38,29,114,NA,126,122,12,9,3,5,0.5,0.8
2026-08-15T2100,4247A,107.091033,29.153966,重庆市,钟楼街32号,,23,16,18,16,13,35,NA,78,69,16,9,11,12,0.6,0.5
2026-08-15T2100,4248A,107.8042979,30.67350233,重庆市,人民南路309号,,30,30,28,2,5,78,NA,106,102,8,6,7,7,0.0,0.1
2026-08-15T2100,4249A,118.8707617,31.34017673,南京市,汶溪路181号,,15,14,14,3,5,47,NA,59,59,11,7,4,3,0.6,0.6
2026-08-15T2100,4250A,114.089259,33.588274,漯河市,韶山路11号,颗粒物(PM10),62,66,54,32,32,94,NA,122,116,12,15,6,6,0.5,0.5
2026-08-15T2100,4251A,112.1433,32.0581,襄阳市,铁院东路4号,,39,38,34,27,19,81,NA,109,105,14,12,7,8,0.6,0.6
2026-08-15T2100,4252A,113.0138,25.8011,郴州市,好美居路49号,,32,NA,15,22,8,52,NA,62,59,6,5,5,3,/,/
2026-08-15T2100,4253A,116.010205,29.659402,九江市,莲花大道8号,,19,19,15,5,6,46,NA,56,55,7,7,7,7,0.5,0.5
2026-08-15T2100,4254A,120.2925,31.5685,无锡市,健康路105号,,30,30,19,9,10,32,NA,37,37,22,21,7,7,0.7,0.8
2026-08-15T2100,4255A,110.16795,22.640993,玉林市,人民东路196号,,28,24,15,19,12,62,NA,89,82,6,7,3,3,0.7,0.6
2026-08-15T2100,4256A,107.375,22.3736,崇左市,石景林东路7号,,21,12,19,6,9,67,NA,112,103,8,8,3,4,0.5,0.5
2026-08-15T2100,4257A,104.6092,35.5962,定西市,将台街,颗粒物(PM10),55,56,40,18,14,91,NA,106,106,11,13,6,6,0.3,0.2
2026-08-15T2100,4258A,111.2416,23.4155,梧州市,政贤路18号,,25,25,13,6,6,77,NA,87,87,11,9,6,6,0.6,0.5
2026-08-15T2100,4259A,113.835877,34.0155267,许昌市,望田路111号,颗粒物(PM10),64,69,40,40,28,93,NA,120,114,16,14,2,2,0.7,0.7
2026-08-15T2100,4260A,109.5933,23.095,贵港市,中山路155-3号,,28,25,26,12,16,89,NA,106,105,9,9,/,/,0.7,0.7
2026-08-15T2100,4261A,103.7247,27.3415,昭通市,环东路146号,,44,41,34,16,20,138,NA,147,144,10,15,5,10,0.3,0.5
2026-08-15T2100,4263A,105.3688,27.3598,毕节市,工业大道,,22,20,32,15,16,67,NA,127,118,25,14,17,9,/,/
2026-08-15T2100,4264A,113.234,35.219,焦作市,新安路1731号,,49,49,40,23,24,96,NA,125,120,10,8,5,6,0.4,0.4
2026-08-15T2100,4265A,113.108806,29.353066,岳阳市,求索西路365号,,25,25,28,9,17,66,NA,82,77,10,8,2,2,0.6,0.6
2026-08-15T2100,4266A,117.7325,34.5683,枣庄市,文化路178号,,31,31,20,15,10,87,NA,122,114,18,14,8,14,0.4,0.4
2026-08-15T2100,4268A,112.1722,30.3366,荆州市,学苑路85号,,29,27,21,20,20,81,NA,114,106,11,6,5,8,0.6,0.5
2026-08-15T2100,4269A,114.6701,33.6167,周口市,七一路,,30,24,25,21,20,76,NA,113,106,9,9,3,3,0.3,0.4
2026-08-15T2100,4270A,102.6447,37.9293,武威市,钟楼街149号,颗粒物(PM10),101,122,50,36,16,105,NA,128,123,11,13,10,10,0.3,0.3
2026-08-15T2100,4271A,103.2464,35.6123,临夏回族自治州,滨河东路1号,,31,31,54,17,30,70,NA,110,109,24,16,9,9,0.4,0.5
2026-08-15T2100,4273A,81.2737,43.9337,伊犁哈萨克自治州,安徽路800号,,35,30,37,12,9,112,NA,125,125,12,14,5,6,0.5,0.5
2026-08-15T2100,4274A,117.7994,40.9605,承德市,滨河大街98号,,20,20,23,12,11,26,NA,90,78,5,8,6,19,0.5,0.5
2026-08-15T2100,4275A,111.591512,40.827312,呼和浩特市,成吉思汗西街8号,,27,27,21,14,9,80,NA,103,97,26,24,4,5,0.4,0.4
2026-08-15T2100,4276A,111.6597,40.8077,呼和浩特市,公园东路75号,,30,17,19,10,9,95,NA,106,102,12,13,8,8,0.3,0.3
2026-08-15T2100,4277A,111.5427,40.7846,呼和浩特市,金海路35号,,24,24,26,10,11,72,NA,105,98,24,21,5,5,0.4,0.4
2026-08-15T2100,4278A,106.8212,39.6741,乌海市,海拉北路,,33,32,40,17,21,105,NA,137,119,10,16,11,15,0.3,0.5
2026-08-15T2100,4279A,119.7569,49.2222,呼伦贝尔市,伊敏大街东7号,,24,18,22,16,11,74,NA,86,78,11,9,5,5,0.4,0.3
2026-08-15T2100,4280A,122.0921,46.065,兴安盟,洮儿河南路,,32,32,22,12,11,51,NA,90,81,18,13,4,5,0.3,0.3
2026-08-15T2100,4281A,125.334645,43.916281,长春市,北亚泰大街1068号,,38,38,27,25,15,54,NA,93,85,28,24,5,5,0.5,0.4
2026-08-15T2100,4282A,126.6769,45.7379,哈尔滨市,华山路1号,,20,17,14,7,5,63,NA,91,83,9,11,2,2,0,0
2026-08-15T2100,4283A,126.9717,45.5356,哈尔滨市,解放大街52号,,35,35,29,8,3,28,NA,80,60,22,21,6,6,0.5,0.6
2026-08-15T2100,4284A,128.8325,47.8447,伊春市,永安路4-1号,,17,17,12,10,6,27,NA,59,54,5,3,2,2,0.3,0.3
2026-08-15T2100,4285A,130.363,46.806,佳木斯市,顺和街,,39,39,32,14,7,20,NA,76,62,37,14,5,4,0.4,0.2
2026-08-15T2100,4286A,130.3952,46.8268,佳木斯市,长安路196号,,41,41,22,13,7,24,NA,76,63,31,12,5,5,0.4,0.3
2026-08-15T2100,4287A,129.5992,44.5964,牡丹江市,东晓云街98号,,27,27,18,7,5,37,NA,54,50,9,5,9,8,0.2,0.2
2026-08-15T2100,4288A,117.2438,34.2844,徐州市,龙潭环路5号,NA,NA,22,17,11,9,NA,NA,104,94,11,12,7,8,0.7,0.7
2026-08-15T2100,4289A,117.154766,29.256967,景德镇市,青少年活动中心,,21,21,20,10,6,43,NA,57,53,10,7,6,7,/,/
2026-08-15T2100,4290A,120.196923,35.954556,青岛市,珠江路669号,,39,22,26,9,15,122,NA,119,119,10,30,5,6,0.7,0.7
2026-08-15T2100,4291A,120.0424,35.8656,青岛市,黄岛区人民政府广场,,37,14,22,7,16,116,NA,134,132,18,21,7,7,0.4,0.4
2026-08-15T2100,4292A,116.352738,37.420875,德州市,新河东路,,31,29,21,11,13,99,NA,136,128,28,18,9,9,0.5,0.5
2026-08-15T2100,4293A,113.605125,34.755221,郑州市,计划路2号,,40,34,39,28,24,118,NA,130,130,13,12,4,4,0.6,0.3
2026-08-15T2100,4294A,113.6525645,34.77362682,郑州市,同乐路9号,,48,37,37,33,30,103,NA,125,123,11,13,2,3,0.3,0.3
2026-08-15T2100,4295A,113.2722,35.2121,焦作市,人民路3066号,,41,41,35,21,26,84,NA,116,111,9,5,3,4,0.6,0.8
2026-08-15T2100,4296A,114.6421,33.6417,周口市,健康路46号,NA,NA,NA,44,NA,18,NA,NA,98,NA,NA,12,NA,1,NA,0.5
2026-08-15T2100,4297A,114.649,33.596,周口市,太昊路,,33,33,37,14,16,68,NA,102,94,13,12,2,3,0.3,0.3
2026-08-15T2100,4298A,114.284,29.8595,咸宁市,碧桂路,,30,30,28,14,14,54,NA,90,86,10,8,5,5,0.4,0.4
2026-08-15T2100,4299A,111.6195,26.2253,永州市,徐家井路86号,,35,32,22,24,14,63,NA,72,72,10,8,6,6,0.7,0.7
2026-08-15T2100,4300A,114.4089,23.1147,惠州市,文华一路1号,,29,25,19,17,12,90,NA,125,120,15,9,/,/,/,/
2026-08-15T2100,4301A,110.2803,25.2773,桂林市,信义路13号,,20,13,14,13,9,63,NA,81,78,10,5,4,4,0.7,0.6
2026-08-15T2100,4302A,108.0901,24.6945,河池市,上任中路54号,,21,21,16,14,4,33,NA,70,66,25,13,4,5,0.8,0.8
2026-08-15T2100,4303A,105.5911,30.5368,遂宁市,环岛商务中心9号楼,,39,34,32,27,18,90,NA,129,120,19,13,9,8,0.7,0.6
2026-08-15T2100,4304A,106.1172,30.843,南充市,清泉寺北路188号,,36,36,37,22,25,108,NA,123,120,9,12,9,9,0.4,0.4
2026-08-15T2100,4305A,106.067,30.7616,南充市,同庆路1号,,28,20,28,16,16,88,NA,113,108,12,14,6,7,0.4,0.4
2026-08-15T2100,4306A,103.0544,30.0133,雅安市,滨江西路,细颗粒物(PM2.5),60,53,32,40,20,158,NA,180,180,14,7,10,9,0.6,0.5
2026-08-15T2100,4307A,108.9817,34.2035,西安市,曲江池东路988号,,36,36,33,21,17,105,NA,147,143,19,18,5,3,0.6,0.5
2026-08-15T2100,4308A,107.3898,34.3601,宝鸡市,陈仓区北开路21号,,37,37,35,25,22,96,NA,124,122,16,11,4,5,0.4,0.3
2026-08-15T2100,4309A,104.6159,35.5701,定西市,正龙路62号,,28,28,35,18,12,87,NA,105,105,10,10,5,5,0.3,0.3
2026-08-15T2100,4310A,103.207136,35.599807,临夏回族自治州,新华街21号,,45,45,47,24,22,90,NA,115,112,15,10,10,11,0.4,0.4
2026-08-15T2100,4311A,122.0383,46.0691,兴安盟,科尔沁北路63号,NA,NA,NA,NA,NA,NA,NA,NA,NA,NA,NA,NA,NA,NA,NA,NA
2026-08-15T2100,4312A,119.019,31.6512,南京市,中山西路1号,NA,NA,19,11,7,4,26,NA,65,60,NA,7,3,3,NA,0.9
2026-08-15T2100,4314A,114.0494,38.059,石家庄市,矿区区委大楼,,32,28,30,9,8,100,NA,116,114,6,9,4,5,0.3,0.3
2026-08-15T2100,4325A,105.3665,28.77434,泸州市,纳溪区委政协,,32,24,32,17,31,102,NA,142,138,17,15,8,6,0.7,0.7
2026-08-15T2100,4326A,113.0794,22.5999,江门市,五邑大学,,26,26,28,13,18,77,NA,128,116,11,13,7,6,0.5,0.5
