timepoint,stationcode,longitude,latitude,area,positionname,primarypollutant,aqi,pm10,pm10_24h,pm2_5,pm2_5_24h,o3,o3_24h,o3_8h,o3_8h_24h,no2,no2_24h,so2,so2_24h,co,co_24h
2026-08-30T2300,1001A,116.3611,39.8786,北京市,万寿西宫,,27,27,18,8,8,62,NA,101,88,30,26,2,2,0.4,0.4
2026-08-30T2300,1003A,116.4174,39.9289,北京市,东四,,30,30,18,15,9,51,NA,107,92,29,24,3,3,0.4,0.3
2026-08-30T2300,1004A,116.4073,39.8858,北京市,天坛,,16,16,15,8,9,20,NA,88,60,24,22,2,2,0.5,0.4
2026-08-30T2300,1005A,116.4622,39.9364,北京市,农展馆,,24,24,18,9,9,49,NA,98,86,30,22,3,4,0.5,0.5
2026-08-30T2300,1006A,116.3399,39.9293,北京市,官园,,29,29,18,14,7,45,NA,98,85,37,27,4,5,0.4,0.3
2026-08-30T2300,1007A,116.2879,39.9613,北京市,海淀万柳,,23,23,16,9,7,30,NA,90,70,32,21,3,3,0.4,0.4
2026-08-30T2300,1008A,116.6635,40.1349,北京市,顺义新城,,19,19,14,7,6,47,NA,99,84,19,14,2,2,0.4,0.4
2026-08-30T2300,1009A,116.6275,40.327,北京市,怀柔镇,,19,11,9,6,4,60,NA,96,81,9,9,2,2,0.4,0.4
2026-08-30T2300,1010A,116.2295,40.217,北京市,昌平镇,,18,11,16,5,5,55,NA,81,67,10,14,1,2,0.1,0.2
2026-08-30T2300,1011A,116.3968,39.982,北京市,奥体中心,,27,27,15,11,8,29,NA,72,64,41,27,2,3,0.3,0.2
2026-08-30T2300,1015A,117.1446,39.1659,天津市,勤俭道,,41,41,32,20,18,16,NA,105,76,67,25,7,7,1.0,0.7
2026-08-30T2300,1018A,117.2016,39.0928,天津市,前进道,,42,42,31,17,16,8,NA,101,68,68,23,6,6,0.6,0.3
2026-08-30T2300,1019A,117.1837,39.2134,天津市,淮河道,,41,41,33,16,17,15,NA,105,74,72,25,6,6,0.4,0.2
2026-08-30T2300,1021A,117.308261,39.088386,天津市,跃进路,,44,44,34,18,18,24,NA,105,69,58,25,4,4,0.6,0.5
2026-08-30T2300,1023A,117.707,39.0344,天津市,第四大街,,29,29,31,16,18,58,NA,102,77,33,21,4,4,0.8,0.7
2026-08-30T2300,1024A,117.4573,38.8395,天津市,永明路,,47,47,32,23,19,2,NA,97,54,60,27,3,3,1.1,0.8
2026-08-30T2300,1026A,117.7641,39.1588,天津市,汉北路,,16,16,31,7,17,21,NA,101,70,29,24,6,6,0.7,0.7
2026-08-30T2300,1030A,114.5919,38.0328,石家庄市,高新区,,31,31,38,14,17,72,NA,103,89,21,18,4,5,0.3,0.6
2026-08-30T2300,1032A,114.4556,38.0136,石家庄市,西南高教,,40,40,38,20,16,33,NA,108,82,38,16,2,5,0.3,0.4
2026-08-30T2300,1033A,114.533,38.0177,石家庄市,世纪公园,,30,30,32,4,14,80,NA,109,92,12,11,3,3,0.5,0.8
2026-08-30T2300,1034A,114.5105,38.0489,石家庄市,人民会堂,,32,32,40,9,18,68,NA,104,91,19,16,2,3,0.1,0.4
2026-08-30T2300,1040A,118.1707,39.6505,唐山市,十二中,,38,34,37,26,20,48,NA,107,85,31,16,3,4,0.5,0.5
2026-08-30T2300,1041A,118.1868,39.6219,唐山市,小山,,38,34,27,26,22,64,NA,106,87,20,9,2,2,0.4,0.4
2026-08-30T2300,1046A,119.5247,39.9346,秦皇岛市,建设大厦,颗粒物(PM10),55,57,43,8,13,23,NA,110,81,52,29,5,7,0.4,0.6
2026-08-30T2300,1049A,114.492,36.5712,邯郸市,矿院,,42,41,32,29,23,45,NA,152,107,33,17,10,4,0.9,0.9
2026-08-30T2300,1050A,114.4839,36.6136,邯郸市,丛台公园,,34,34,33,2,22,50,NA,146,105,27,13,13,9,0.5,0.7
2026-08-30T2300,1051A,115.4803,38.8568,保定市,游泳馆,,42,42,34,17,20,66,NA,122,109,21,12,1,1,0.5,0.5
2026-08-30T2300,1052A,115.509,38.8895,保定市,华电二区,,31,31,36,20,17,70,NA,116,106,15,9,2,2,0.3,0.4
2026-08-30T2300,1053A,115.4588,38.9037,保定市,接待中心,,33,33,34,14,17,67,NA,116,106,12,9,5,4,0.7,0.7
2026-08-30T2300,1054A,115.4484,38.8344,保定市,地表水厂,NA,NA,NA,45,NA,25,NA,NA,75,NA,NA,17,NA,4,NA,0.5
2026-08-30T2300,1057A,114.8884,40.8336,张家口市,人民公园,,20,18,17,14,8,64,NA,96,86,8,8,1,2,0.3,0.3
2026-08-30T2300,1059A,114.868581,40.804273,张家口市,五金库,,22,10,17,5,5,69,NA,90,83,6,9,/,/,/,/
2026-08-30T2300,1060A,114.8901,40.762,张家口市,世纪豪园,,19,16,16,5,5,60,NA,88,79,10,8,5,5,0.2,0.2
2026-08-30T2300,1062A,117.9531,40.908,承德市,铁路,,30,30,18,6,5,18,NA,77,47,13,11,6,11,0.3,0.3
2026-08-30T2300,1063A,117.9397,40.9763,承德市,中国银行,,26,26,16,9,5,21,NA,89,58,11,9,6,7,0.3,0.2
2026-08-30T2300,1067A,116.6712,39.5109,廊坊市,药材公司,,42,42,34,13,11,53,NA,115,97,20,12,3,2,0.5,0.5
2026-08-30T2300,1068A,116.7215,39.5592,廊坊市,开发区,,32,32,26,13,12,50,NA,124,96,12,12,3,3,0.4,0.4
2026-08-30T2300,1070A,116.7246,39.5273,廊坊市,北华航天学院,,34,34,29,13,12,34,NA,124,100,23,13,3,3,0.4,0.4
2026-08-30T2300,1071A,116.8733,38.2922,沧州市,沧县城建局,细颗粒物(PM2.5),76,65,36,48,28,5,NA,114,68,71,25,6,5,0.9,0.6
2026-08-30T2300,1072A,116.8462,38.3189,沧州市,电视转播站,颗粒物(PM10),54,55,39,26,20,17,NA,97,64,42,19,6,5,0.5,0.2
2026-08-30T2300,1073A,116.8588,38.3161,沧州市,市环保局,颗粒物(PM10),73,82,43,38,23,13,NA,113,74,52,20,3,2,0.7,0.3
2026-08-30T2300,1074A,115.6839,37.754,衡水市,电机北厂,,33,33,38,19,20,65,NA,120,100,19,12,3,3,0.6,0.6
2026-08-30T2300,1075A,115.6303,37.7318,衡水市,市监测站,颗粒物(PM10),52,52,41,13,13,23,NA,117,79,24,11,18,13,1.1,0.9
2026-08-30T2300,1077A,114.4687,37.0883,邢台市,达活泉,,35,35,39,10,17,54,NA,116,84,9,8,7,2,1.8,1.1
2026-08-30T2300,1078A,114.4954,37.0309,邢台市,邢师高专,,29,29,36,13,16,47,NA,118,78,17,12,2,3,0.5,0.8
2026-08-30T2300,1079A,114.5281,37.0857,邢台市,路桥公司,,33,33,30,16,17,36,NA,113,82,27,14,3,2,0.7,0.7
2026-08-30T2300,1080A,114.4721,37.0713,邢台市,市环保局,,31,31,40,10,20,75,NA,118,93,14,12,4,3,0.4,0.6
2026-08-30T2300,1081A,112.5138,37.8916,太原市,尖草坪,,23,22,12,16,10,49,NA,107,85,25,15,7,9,0.3,0.3
2026-08-30T2300,1084A,112.4691,37.7125,太原市,晋源,,28,28,23,10,10,64,NA,111,88,24,20,6,6,0.4,0.4
2026-08-30T2300,1085A,112.5595,37.7391,太原市,小店,颗粒物(PM10),57,59,20,22,13,8,NA,116,72,78,31,10,8,0.6,0.5
2026-08-30T2300,1087A,112.5705,37.8199,太原市,坞城,,44,44,19,21,13,22,NA,113,76,60,28,10,14,0.8,0.9
2026-08-30T2300,1088A,112.5495,37.9853,太原市,南寨,,27,27,26,9,9,16,NA,102,62,23,16,12,12,0.7,0.6
2026-08-30T2300,1090A,111.6506,40.7517,呼和浩特市,呼市一监,,49,39,25,34,10,23,NA,112,90,47,21,10,12,0.4,0.4
2026-08-30T2300,1094A,111.7516,40.8369,呼和浩特市,如意水处理厂,,16,16,15,11,10,50,NA,109,88,30,21,4,6,0.3,0.4
2026-08-30T2300,1095A,111.727798,40.806187,呼和浩特市,二十九中,,24,24,22,4,7,37,NA,113,98,36,16,10,12,0.5,0.6
2026-08-30T2300,1097A,111.717,40.7617,呼和浩特市,化肥厂生活区,,18,18,17,4,8,48,NA,114,97,29,19,6,9,0.3,0.4
2026-08-30T2300,1099A,123.5058,41.7084,沈阳市,浑南东路,,34,34,25,21,16,22,NA,122,65,58,25,5,7,0.8,0.9
2026-08-30T2300,1100A,123.4238,41.6992,沈阳市,新秀街,NA,NA,NA,NA,NA,NA,NA,NA,NA,NA,NA,NA,NA,NA,NA,NA
2026-08-30T2300,1102A,123.5903,41.8412,沈阳市,东陵路,,28,28,30,11,12,42,NA,103,70,28,18,8,9,0.5,0.7
2026-08-30T2300,1103A,123.4267,41.8466,沈阳市,陵东街,,30,26,24,21,16,16,NA,96,53,25,11,5,6,0.7,0.7
2026-08-30T2300,1104A,123.4116,41.7654,沈阳市,文化路,,36,36,28,19,13,58,NA,117,78,34,17,13,11,0.8,0.8
2026-08-30T2300,1105A,123.4673,41.787,沈阳市,小河沿,,32,24,29,22,15,35,NA,99,65,35,12,5,7,0.9,0.8
2026-08-30T2300,1106A,123.4019,41.7978,沈阳市,太原街,颗粒物(PM10),53,54,32,26,15,49,NA,118,92,34,8,7,9,0.9,0.8
2026-08-30T2300,1108A,123.3778,41.9233,沈阳市,京沈街,,29,29,34,7,16,87,NA,118,93,15,15,3,5,0.5,0.8
2026-08-30T2300,1109A,121.6119,38.974,大连市,甘井子,颗粒物(PM10),70,77,52,31,22,88,NA,126,105,14,12,6,6,0.9,1
2026-08-30T2300,1110A,121.565,38.9509,大连市,周水子,细颗粒物(PM2.5),64,NA,29,42,25,51,NA,97,83,23,10,8,8,1.2,1.1
2026-08-30T2300,1111A,121.5637,38.8849,大连市,星海三站,细颗粒物(PM2.5),52,NA,23,36,25,68,NA,130,112,16,8,7,7,0.9,0.7
2026-08-30T2300,1112A,121.6301,38.9117,大连市,青泥洼桥,,48,45,29,33,20,56,NA,120,98,13,9,7,8,0.9,0.8
2026-08-30T2300,1113A,121.6248,38.8643,大连市,傅家庄,,41,27,21,26,16,130,NA,131,129,5,6,9,9,0.7,0.7
2026-08-30T2300,1114A,121.5117,38.8636,大连市,七贤岭,,42,36,27,29,22,98,NA,122,114,10,10,6,6,0.7,0.8
2026-08-30T2300,1116A,121.7507,39.1339,大连市,金州,,44,44,30,29,22,63,NA,132,95,10,8,5,8,0.9,0.8
2026-08-30T2300,1117A,121.7811,39.0495,大连市,开发区,细颗粒物(PM2.5),60,41,34,40,26,72,NA,126,99,30,20,5,5,0.8,0.8
2026-08-30T2300,1118A,121.9762,39.0631,大连市,双D港,,21,21,26,13,22,48,NA,114,78,4,9,7,7,0.9,1
2026-08-30T2300,1120A,125.2874,43.9024,长春市,客车厂,,36,36,28,12,17,6,NA,76,37,50,19,5,4,0.6,0.6
2026-08-30T2300,1121A,125.2943,43.8508,长春市,邮电学院,,22,22,26,14,17,18,NA,78,51,21,9,6,6,0.5,0.5
2026-08-30T2300,1122A,125.3648,43.8745,长春市,劳动公园,,28,28,26,14,17,22,NA,77,55,28,10,5,3,0.6,0.6
2026-08-30T2300,1123A,125.3233,43.8781,长春市,园林处,,26,26,25,16,16,27,NA,75,54,28,11,7,6,0.5,0.5
2026-08-30T2300,1124A,125.4604,43.7904,长春市,净月潭,,19,19,18,11,15,28,NA,78,50,7,7,6,7,0.3,0.4
2026-08-30T2300,1126A,125.38,43.8422,长春市,经开区环卫处,颗粒物(PM10),59,62,28,31,18,2,NA,80,42,50,15,7,7,0.7,0.5
2026-08-30T2300,1127A,125.234,43.7761,长春市,高新区管委会,,33,28,25,23,17,7,NA,77,36,34,16,6,6,0.5,0.5
2026-08-30T2300,1128A,125.1695,43.83,长春市,岱山公园,,37,37,23,17,17,4,NA,74,39,56,17,5,3,0.6,0.6
2026-08-30T2300,1130A,126.5557,45.8109,哈尔滨市,松北商大,,10,10,12,6,7,16,NA,59,32,9,9,5,5,0.4,0.4
2026-08-30T2300,1132A,126.6162,45.719,哈尔滨市,南岗学府路,,19,19,20,2,5,33,NA,62,48,10,12,5,5,0.6,0.6
2026-08-30T2300,1133A,126.6894,45.7733,哈尔滨市,太平宏伟公园,,12,NA,15,7,6,36,NA,65,49,7,10,6,7,0.2,0.3
2026-08-30T2300,1134A,126.6361,45.7672,哈尔滨市,道外承德广场,,21,21,25,2,4,35,NA,64,49,7,12,4,4,0.1,0.2
2026-08-30T2300,1136A,126.644,45.7261,哈尔滨市,动力和平路,,12,11,15,3,6,36,NA,63,50,12,13,6,6,0.7,0.7
2026-08-30T2300,1137A,126.5933,45.7479,哈尔滨市,道里建国路,,9,5,10,4,4,27,NA,62,47,10,12,6,6,0.5,0.7
2026-08-30T2300,1138A,126.6127,45.6119,哈尔滨市,平房东轻厂,NA,NA,NA,12,NA,2,NA,NA,85,NA,NA,4,NA,12,NA,0.7
2026-08-30T2300,1139A,126.5875,45.9827,哈尔滨市,呼兰师专,,8,5,10,2,3,25,NA,61,43,9,11,4,4,0.5,0.5
2026-08-30T2300,1140A,126.6299,45.6799,哈尔滨市,省农科院,,14,14,28,5,8,34,NA,55,41,12,15,4,5,0.5,0.5
2026-08-30T2300,1141A,121.401,31.2382,上海市,普陀,,20,20,19,9,10,51,NA,82,74,10,12,5,5,0.1,0.2
2026-08-30T2300,1142A,121.4774,31.2043,上海市,十五厂,,21,21,19,12,12,45,NA,75,66,2,8,4,4,0.5,0.5
2026-08-30T2300,1143A,121.4673,31.3011,上海市,虹口,,22,22,19,11,11,50,NA,74,67,6,10,4,4,0.2,0.2
2026-08-30T2300,1147A,121.4253,31.226,上海市,静安监测站,,18,18,16,12,10,56,NA,88,79,10,11,6,6,0.6,0.6
2026-08-30T2300,1148A,121.7029,31.1905,上海市,浦东川沙,,25,25,23,14,12,52,NA,76,68,11,13,10,9,0.7,0.7
2026-08-30T2300,1149A,121.5339,31.229,上海市,浦东新区监测站,,23,23,19,13,10,42,NA,70,62,12,13,7,7,0.3,0.3
2026-08-30T2300,1150A,121.5776,31.2038,上海市,浦东张江,,23,23,19,12,10,46,NA,75,65,10,11,6,6,0.2,0.2
2026-08-30T2300,1151A,118.8033,32.1085,南京市,迈皋桥,,19,9,15,1,7,58,NA,56,50,6,14,4,6,0.4,0.6
2026-08-30T2300,1152A,118.7487,32.057,南京市,草场门,,20,7,17,3,8,61,NA,66,58,6,12,6,7,0.5,0.6
2026-08-30T2300,1154A,118.770105,32.004342,南京市,中华门,,17,7,13,2,7,54,NA,63,52,3,8,6,7,0.1,0.2
2026-08-30T2300,1155A,118.8059,32.0329,南京市,瑞金路,,16,7,17,2,8,50,NA,59,49,5,11,4,4,0.4,0.5
2026-08-30T2300,1156A,118.7946,32.0774,南京市,玄武湖,,17,12,20,2,5,54,NA,59,47,6,12,4,4,0.3,0.4
2026-08-30T2300,1157A,118.6415,32.0964,南京市,浦口,,20,17,21,4,8,62,NA,62,56,5,10,4,5,0.3,0.4
2026-08-30T2300,1158A,118.730129,32.000956,南京市,奥体中心,,18,9,19,1,6,55,NA,67,54,5,11,7,8,0.3,0.4
2026-08-30T2300,1159A,118.9072,32.1047,南京市,仙林大学城,NA,NA,7,22,3,8,NA,NA,59,48,8,13,4,5,0.3,0.4
2026-08-30T2300,1163A,120.5974,31.3247,苏州市,轧钢厂,,21,21,20,12,18,47,NA,64,59,21,19,4,4,0.7,0.6
2026-08-30T2300,1164A,120.6329,31.2741,苏州市,吴中区,,17,17,23,9,11,45,NA,60,55,15,9,5,4,0.4,0.4
2026-08-30T2300,1165A,120.5566,31.3049,苏州市,苏州新区,,18,12,18,5,9,57,NA,62,57,11,14,6,6,0.4,0.4
2026-08-30T2300,1166A,120.668709,31.312523,苏州市,苏州工业园区,,20,20,18,10,8,47,NA,63,58,12,10,9,9,0.7,0.6
2026-08-30T2300,1167A,120.6408,31.3707,苏州市,相城区,,18,18,16,9,8,48,NA,59,53,12,12,2,2,0.6,0.6
2026-08-30T2300,1168A,120.9056,31.9669,南通市,狼山街道,,13,9,6,2,3,41,NA,56,54,15,6,4,4,0.8,0.7
2026-08-30T2300,1170A,120.8635,32.0231,南通市,城中,,20,1,11,0,3,63,NA,58,58,8,5,1,1,0.3,0.4
2026-08-30T2300,1171A,120.9376,31.9301,南通市,星湖花园,,17,17,7,7,4,34,NA,55,52,13,6,2,2,0.5,0.5
2026-08-30T2300,1172A,120.8053,32.046,南通市,紫琅学院,NA,NA,NA,5,0,3,70,NA,60,60,6,6,1,2,0.4,0.4
2026-08-30T2300,1173A,119.1759,34.5885,连云港市,市环境监测站,细颗粒物(PM2.5),52,46,21,36,16,104,NA,132,127,9,7,8,6,0.6,0.5
2026-08-30T2300,1180A,117.257,34.2161,徐州市,新城区,,29,29,30,8,17,60,NA,88,82,18,9,11,10,0.8,0.7
2026-08-30T2300,1182A,117.2933,34.2796,徐州市,农科院,,34,34,30,11,19,49,NA,83,72,23,14,9,9,1.0,0.8
2026-08-30T2300,1186A,119.3895,32.377,扬州市,邗江监测站,,16,7,15,1,5,49,NA,56,45,2,3,8,7,0.4,0.5
2026-08-30T2300,1188A,120.2693,31.4864,无锡市,雪浪,,15,5,15,0,8,46,NA,66,60,10,15,4,5,0.6,0.5
2026-08-30T2300,1189A,120.2761,31.621,无锡市,黄巷,,17,NA,19,1,7,53,NA,60,48,18,22,5,6,0.7,0.8
2026-08-30T2300,1191A,120.2422,31.5037,无锡市,漆塘,,17,7,19,2,9,54,NA,70,63,7,12,7,7,0.5,0.5
2026-08-30T2300,1192A,120.3489,31.5865,无锡市,东亭,,12,0,9,0,6,36,NA,56,47,21,21,6,7,0.5,0.5
2026-08-30T2300,1193A,120.3538,31.5474,无锡市,旺庄,,13,9,12,0,6,41,NA,63,50,14,16,4,5,0.6,0.7
2026-08-30T2300,1194A,120.2447,31.5633,无锡市,荣巷,,19,5,15,0,6,58,NA,65,60,11,19,5,6,0.5,0.5
2026-08-30T2300,1195A,120.2986,31.6816,无锡市,堰桥,,18,0,10,0,5,56,NA,57,49,7,16,4,5,0.6,0.8
2026-08-30T2300,1196A,119.9524,31.7586,常州市,市监测站,,11,4,19,2,6,34,NA,56,32,4,13,3,4,0.4,0.5
2026-08-30T2300,1200A,119.9351,31.703,常州市,武进监测站,NA,NA,6,20,NA,10,38,NA,66,36,7,16,4,6,0.3,0.4
2026-08-30T2300,1203A,119.6708,32.187,镇江市,新区办事处,,10,6,15,5,9,32,NA,60,37,14,14,3,2,0.5,0.5
2026-08-30T2300,1204A,119.497455,32.196732,镇江市,职教中心,,11,6,17,2,8,34,NA,55,38,3,8,4,5,0.4,0.6
2026-08-30T2300,1205A,119.43,32.1328,镇江市,丹徒区监测站,,12,7,23,1,10,38,NA,63,44,9,13,6,6,0.3,0.5
2026-08-30T2300,1206A,119.9042,32.488,泰州市,公园路,,13,0,10,0,4,40,NA,52,41,2,3,6,7,0.2,0.2
2026-08-30T2300,1207A,119.9189,32.4626,泰州市,莲花,,13,2,10,0,4,40,NA,50,41,4,5,7,7,0.4,0.4
2026-08-30T2300,1209A,119.8877,32.4636,泰州市,留学生创业园,,14,NA,11,3,8,42,NA,55,43,2,3,7,7,0.5,0.6
2026-08-30T2300,1210A,119.0566,33.5991,淮安市,钵池山,,22,14,14,9,10,69,NA,72,70,8,8,3,4,0.3,0.4
2026-08-30T2300,1211A,119.0083,33.578,淮安市,北京南路,,25,17,14,11,8,79,NA,78,77,7,5,6,5,0.6,0.6
2026-08-30T2300,1212A,118.9938,33.6083,淮安市,市监测站,,25,12,7,11,9,79,NA,81,79,11,10,6,7,0.6,0.5
2026-08-30T2300,1213A,119.135,33.5038,淮安市,楚州区监测站,,25,22,9,8,8,79,NA,71,71,8,6,6,5,0.7,0.6
2026-08-30T2300,1216A,120.1554,33.3941,盐城市,市监测站,NA,NA,0,6,NA,2,43,NA,47,45,2,5,6,5,0.5,0.5
2026-08-30T2300,1218A,120.214332,33.37951,盐城市,开发区管委会,,12,NA,6,3,3,38,NA,41,40,2,2,9,9,0.7,0.7
2026-08-30T2300,1220A,118.2924,33.933,宿迁市,宿迁学院,,42,42,28,25,22,82,NA,112,107,12,8,4,3,0.8,0.8
2026-08-30T2300,1221A,118.2321,33.9572,宿迁市,宿迁中学,,41,41,30,27,25,82,NA,112,106,12,9,5,3,1.0,1
2026-08-30T2300,1223A,120.2073,30.2111,杭州市,滨江,,22,22,19,6,7,26,NA,60,40,23,17,4,4,0.6,0.5
2026-08-30T2300,1224A,120.0625,30.2737,杭州市,西溪,,12,12,12,4,7,8,NA,32,18,16,12,4,4,0.6,0.6
2026-08-30T2300,1226A,120.3417,30.315,杭州市,下沙,,17,13,13,11,8,26,NA,66,50,33,14,4,4,0.7,0.7
2026-08-30T2300,1227A,120.1252,30.2465,杭州市,卧龙桥,,15,15,15,8,7,12,NA,38,25,11,11,6,6,0.4,0.3
2026-08-30T2300,1228A,120.1902,30.2691,杭州市,浙江农大,,18,17,14,12,8,10,NA,46,31,28,17,6,6,0.6,0.5
2026-08-30T2300,1230A,120.1195,30.3121,杭州市,和睦小学,,18,16,16,12,11,13,NA,40,29,22,12,5,6,0.7,0.7
2026-08-30T2300,1231A,120.3076,30.4146,杭州市,临平镇,,16,16,17,9,7,28,NA,59,50,23,9,6,6,0.7,0.6
2026-08-30T2300,1232A,120.2753,30.1839,杭州市,城厢镇,,18,18,18,11,8,22,NA,60,49,18,11,5,5,0.7,0.6
2026-08-30T2300,1233A,120.0883,30.1808,杭州市,云栖,,15,15,16,5,8,21,NA,47,29,14,11,6,6,0.6,0.6
2026-08-30T2300,1234A,121.8352,29.9111,宁波市,区环保大楼,,17,17,18,6,5,45,NA,64,56,6,9,4,4,0.2,0.3
2026-08-30T2300,1235A,121.5595,29.8208,宁波市,万里学院,,14,14,14,6,3,41,NA,73,61,10,8,5,5,0.7,0.7
2026-08-30T2300,1236A,121.713,29.9564,宁波市,龙赛医院,,16,15,18,6,6,50,NA,70,60,2,9,6,7,0.3,0.5
2026-08-30T2300,1240A,121.5855,29.8635,宁波市,太古小学,,15,13,12,4,4,45,NA,68,60,1,4,4,4,0.5,0.5
2026-08-30T2300,1241A,121.5239,29.8673,宁波市,市环境监测中心,,14,14,13,7,6,42,NA,75,63,7,7,16,12,0.7,0.7
2026-08-30T2300,1242A,120.6342,28.0088,温州市,瓯海,,14,13,11,4,5,42,NA,69,50,6,10,5,5,0.4,0.5
2026-08-30T2300,1243A,120.6747,27.9881,温州市,南浦,,15,13,15,4,6,46,NA,74,55,2,6,5,6,0.4,0.5
2026-08-30T2300,1244A,120.76,27.9745,温州市,龙湾,,14,4,16,4,5,42,NA,71,56,5,7,6,6,0.6,0.6
2026-08-30T2300,1247A,120.6053,29.9927,绍兴市,城东开发委,,17,14,18,7,8,52,NA,76,62,2,8,5,5,0.6,0.6
2026-08-30T2300,1250A,120.075,30.867,湖州市,城西水厂,,26,26,16,15,9,20,NA,69,52,33,14,7,6,0.4,0.3
2026-08-30T2300,1252A,120.7439,30.778,嘉兴市,清河小学,,19,7,17,0,4,58,NA,71,71,13,15,6,7,0.4,0.4
2026-08-30T2300,1253A,120.7261,30.7477,嘉兴市,嘉兴学院,,19,7,12,6,8,59,NA,76,76,12,13,2,2,0.2,0.3
2026-08-30T2300,1255A,121.2727,28.6461,台州市,黄岩环保大楼,,15,12,13,3,4,47,NA,73,58,2,4,/,/,/,/
2026-08-30T2300,1256A,121.4188,28.6545,台州市,台州环保大楼,,16,16,14,7,6,45,NA,66,54,2,3,/,/,0.8,0.8
2026-08-30T2300,1257A,121.3768,28.5772,台州市,路桥田洋王,,14,13,14,5,6,42,NA,73,56,6,5,6,5,0.5,0.5
2026-08-30T2300,1258A,122.1223,30.0203,舟山市,定海檀枫,,17,17,16,9,6,43,NA,62,53,10,7,7,7,0.8,0.8
2026-08-30T2300,1260A,122.1898,29.9945,舟山市,临城新区,,25,25,16,4,4,44,NA,57,54,5,5,5,4,0.8,0.7
2026-08-30T2300,1262A,119.6478,29.0773,金华市,十五中,,25,25,18,11,8,33,NA,84,68,18,12,4,3,0.4,0.4
2026-08-30T2300,1263A,119.6859,29.1032,金华市,监测站,,34,34,19,12,7,14,NA,83,57,34,15,3,2,0.6,0.5
2026-08-30T2300,1264A,118.8694,28.94,衢州市,环保大楼,,18,9,13,4,8,57,NA,82,70,10,10,/,/,/,/
2026-08-30T2300,1266A,118.8622,28.9809,衢州市,衢州学院,,16,9,12,5,8,50,NA,72,63,13,11,5,5,0.5,0.5
2026-08-30T2300,1267A,119.9141,28.4513,丽水市,监测站大楼,,14,8,10,6,4,43,NA,64,59,8,9,5,5,0.5,0.6
2026-08-30T2300,1268A,119.93,28.4589,丽水市,莲都小学,,16,6,10,2,2,50,NA,70,64,5,8,/,/,/,/
2026-08-30T2300,1269A,119.8794,28.4232,丽水市,余庄前,,14,14,10,3,3,20,NA,74,60,6,9,5,5,0.5,0.5
2026-08-30T2300,1270A,117.1957,31.7845,合肥市,明珠广场,,22,9,18,5,10,70,NA,63,63,4,7,9,9,0.5,0.5
2026-08-30T2300,1271A,117.307,31.8765,合肥市,三里街,,21,NA,22,6,9,66,NA,57,57,4,7,11,11,0.5,0.5
2026-08-30T2300,1272A,117.2587,31.8703,合肥市,琥珀山庄,,24,9,18,3,9,74,NA,66,66,6,9,9,9,0.3,0.3
2026-08-30T2300,1275A,117.2593,31.9376,合肥市,庐阳区,,24,14,18,3,9,74,NA,66,66,4,7,10,10,0.6,0.7
2026-08-30T2300,1276A,117.345251,31.861615,合肥市,瑶海区,,23,5,15,2,7,71,NA,62,62,6,8,4,4,0.4,0.5
2026-08-30T2300,1277A,117.3033,31.7967,合肥市,包河区,,21,17,17,3,8,66,NA,56,56,11,14,7,8,0.4,0.5
2026-08-30T2300,1278A,117.278,31.7392,合肥市,滨湖新区,,22,5,15,2,8,70,NA,64,60,4,7,8,8,0.6,0.6
2026-08-30T2300,1279A,117.1324,31.8395,合肥市,高新区,,24,9,23,4,11,74,NA,66,66,7,11,7,8,0.5,0.5
2026-08-30T2300,1282A,119.2681,26.0506,福州市,师大,,16,16,13,4,5,45,NA,91,64,6,6,5,4,0.2,0.3
2026-08-30T2300,1283A,119.2983,26.1028,福州市,五四北路,,15,11,13,3,6,45,NA,82,58,7,11,4,4,0.5,0.5
2026-08-30T2300,1284A,119.2648,26.0769,福州市,杨桥西路,,15,13,15,0,6,45,NA,87,59,7,9,3,3,/,/
2026-08-30T2300,1287A,118.1519,24.4768,厦门市,洪文,,19,10,9,5,6,58,NA,70,64,7,5,3,3,0.2,0.2
2026-08-30T2300,1288A,118.0671,24.4447,厦门市,鼓浪屿,,20,12,10,5,7,63,NA,80,67,3,3,2,2,/,/
2026-08-30T2300,1291A,115.8887,28.7006,南昌市,省林业公司,,22,19,18,5,20,70,NA,95,80,4,5,4,5,0.5,0.6
2026-08-30T2300,1292A,115.813,28.7443,南昌市,林科所,,20,NA,15,7,26,61,NA,81,70,2,4,6,6,0.8,0.8
2026-08-30T2300,1294A,115.8518,28.687,南昌市,建工学校,,20,NA,29,7,20,61,NA,82,68,6,9,6,7,0.6,0.7
2026-08-30T2300,1295A,115.8926,28.6425,南昌市,象湖,,18,NA,12,6,19,57,NA,78,66,7,8,7,8,0.4,0.4
2026-08-30T2300,1299A,116.9866,36.6118,济南市,科干所,,24,24,44,8,25,48,NA,125,101,29,23,5,7,0.3,0.4
2026-08-30T2300,1300A,116.9379,36.6652,济南市,农科所,颗粒物(PM10),58,61,34,16,18,5,NA,121,85,67,24,5,7,0.4,0.2
2026-08-30T2300,1301A,117.1265,36.6736,济南市,开发区,,27,27,48,4,25,74,NA,136,112,23,26,7,9,0.4,0.5
2026-08-30T2300,1303A,117.0616,36.6865,济南市,省种子仓库,颗粒物(PM10),63,68,55,14,22,12,NA,123,85,74,32,6,9,0.7,0.5
2026-08-30T2300,1304A,116.9495185,36.644937,济南市,机床二厂,颗粒物(PM10),65,71,42,14,21,27,NA,146,108,58,26,7,8,0.5,0.5
2026-08-30T2300,1305A,117.0496,36.6629,济南市,市监测站,,42,42,50,10,24,37,NA,129,98,44,26,4,7,0.7,0.6
2026-08-30T2300,1306A,116.7674,36.5458,济南市,长清党校,,29,29,41,5,17,45,NA,122,99,27,22,5,5,0.4,0.4
2026-08-30T2300,1310A,120.404,36.0625,青岛市,市南区东部子站,细颗粒物(PM2.5),58,44,29,39,23,102,NA,103,101,12,17,8,8,0.6,0.5
2026-08-30T2300,1311A,120.362344,36.10282,青岛市,四方区子站,,50,41,33,35,27,106,NA,125,113,9,12,6,5,0.6,0.6
2026-08-30T2300,1312A,120.294373,36.054183,青岛市,市南区西部子站,,46,41,34,32,26,109,NA,127,112,12,16,8,7,0.8,0.7
2026-08-30T2300,1313A,120.4581,36.0858,青岛市,崂山区子站,细颗粒物(PM2.5),56,44,25,38,21,111,NA,112,111,7,10,9,9,0.6,0.5
2026-08-30T2300,1315A,120.3945,36.3083,青岛市,城阳区子站,细颗粒物(PM2.5),52,44,37,36,30,91,NA,114,103,10,13,6,5,0.6,0.5
2026-08-30T2300,1316A,113.6843,34.7622,郑州市,烟厂,,31,25,34,17,20,99,NA,134,115,14,12,3,6,0.1,0.4
2026-08-30T2300,1318A,113.669,34.8034,郑州市,银行学校,,34,34,33,16,24,71,NA,118,97,28,18,4,6,0.5,0.8
2026-08-30T2300,1319A,113.5612,34.8143,郑州市,供水公司,,34,34,38,20,21,77,NA,134,106,30,18,7,10,0.7,1
2026-08-30T2300,1320A,113.7269,34.7187,郑州市,经开区管委,,28,22,30,16,17,87,NA,130,111,18,13,2,4,0.6,0.7
2026-08-30T2300,1321A,113.7332,34.7727,郑州市,四十七中,,33,33,34,15,22,73,NA,135,113,27,14,4,7,0.5,0.7
2026-08-30T2300,1323A,113.6361,34.7537,郑州市,河医大,,29,22,37,15,20,90,NA,128,110,19,15,4,8,0.2,0.6
2026-08-30T2300,1325A,114.3676,30.5584,武汉市,东湖梨园,,32,24,29,22,19,75,NA,83,73,8,8,6,7,0.4,0.4
2026-08-30T2300,1326A,114.2527,30.5578,武汉市,汉阳月湖,,43,NA,30,30,22,75,NA,85,76,8,8,3,4,0.3,0.3
2026-08-30T2300,1327A,114.2819,30.6189,武汉市,汉口花桥,,35,33,29,24,22,79,NA,86,76,6,6,6,6,0.3,0.3
2026-08-30T2300,1328A,114.3024,30.5332,武汉市,武昌紫阳,,33,29,34,23,21,70,NA,79,68,5,7,7,7,0.4,0.4
2026-08-30T2300,1329A,114.3646,30.6217,武汉市,青山钢花,,40,NA,30,28,21,80,NA,85,78,8,8,7,7,0.5,0.5
2026-08-30T2300,1330A,114.156697,30.482592,武汉市,沌口新区,,30,25,26,21,20,81,NA,102,84,3,4,8,9,0.2,0.3
2026-08-30T2300,1331A,114.3013,30.5944,武汉市,汉口江滩,,40,NA,28,28,19,81,NA,86,77,7,8,2,3,1.0,0.8
2026-08-30T2300,1333A,114.1285,30.6339,武汉市,吴家山,,39,NA,28,27,20,82,NA,89,81,8,8,7,7,0.5,0.5
2026-08-30T2300,1335A,113.082,28.2421,长沙市,经开区环保局,,25,25,34,13,22,73,NA,108,102,7,7,4,4,0.6,0.6
2026-08-30T2300,1336A,112.8873,28.2202,长沙市,高开区环保局,,28,28,32,15,26,74,NA,109,97,6,5,4,3,0.6,0.7
2026-08-30T2300,1337A,113.0785,28.2012,长沙市,马坡岭,,27,27,35,15,24,83,NA,123,115,6,7,7,6,0.4,0.5
2026-08-30T2300,1338A,112.9448,28.1894,长沙市,湖南师范大学,,24,24,33,15,22,66,NA,108,96,11,7,9,8,0.5,0.6
2026-08-30T2300,1339A,113.0177,28.1322,长沙市,雨花区环保局,,26,26,37,14,22,72,NA,106,97,4,6,6,6,0.7,0.8
2026-08-30T2300,1340A,112.9795,28.2593,长沙市,伍家岭,,24,24,35,13,24,67,NA,105,94,6,7,3,3,0.4,0.5
2026-08-30T2300,1341A,113.002,28.1944,长沙市,火车新站,,26,26,34,17,19,66,NA,101,91,4,6,3,3,0.6,0.7
2026-08-30T2300,1342A,112.9846,28.1177,长沙市,天心区环保局,,27,27,33,15,26,78,NA,114,105,8,9,3,3,0.8,0.9
2026-08-30T2300,1343A,112.8906,28.1307,长沙市,湖南中医药大学,,28,28,31,15,20,73,NA,109,98,8,7,6,6,0.2,0.3
2026-08-30T2300,1345A,113.2346,23.1423,广州市,广雅中学,,25,18,20,12,15,8,NA,48,35,50,27,4,6,0.6,0.6
2026-08-30T2300,1346A,113.2611,23.105,广州市,市五中,NA,NA,19,23,14,19,NA,NA,62,61,24,24,4,3,/,/
2026-08-30T2300,1348A,113.3477,23.0916,广州市,广东商学院,NA,NA,14,25,10,19,NA,NA,66,56,29,29,4,6,0.6,0.6
2026-08-30T2300,1349A,113.4332,23.105,广州市,市八十六中,,19,6,21,4,18,60,NA,76,54,24,38,5,7,/,/
2026-08-30T2300,1350A,113.3506,22.9488,广州市,番禺中学,,25,21,23,17,19,34,NA,73,49,31,25,6,5,0.6,0.6
2026-08-30T2300,1351A,113.2147,23.3918,广州市,花都师范,,19,18,17,13,11,32,NA,64,59,30,20,2,2,0.9,0.8
2026-08-30T2300,1352A,113.2599,23.1329,广州市,市监测站,,20,19,21,14,16,31,NA,63,52,26,21,1,1,/,/
2026-08-30T2300,1353A,113.5618,23.3119,广州市,九龙镇镇龙,,23,11,15,7,10,71,NA,52,50,10,11,7,7,0.4,0.5
2026-08-30T2300,1354A,113.2764,23.1544,广州市,麓湖,,19,19,21,9,14,19,NA,52,42,28,31,5,5,0.4,0.4
2026-08-30T2300,1356A,114.0948,22.5506,深圳市,通心岭子站,,18,10,28,7,19,55,NA,78,55,11,14,3,4,0.6,0.7
2026-08-30T2300,1357A,114.1153,22.5713,深圳市,洪湖,NA,NA,NA,52,NA,33,NA,NA,52,NA,NA,36,NA,2,NA,1.0
2026-08-30T2300,1358A,113.9823,22.5398,深圳市,华侨城,,20,12,29,4,20,64,NA,82,58,9,15,/,/,/,/
2026-08-30T2300,1359A,113.9181,22.517,深圳市,南海子站,NA,NA,14,21,7,23,67,NA,81,58,NA,17,6,6,NA,1
2026-08-30T2300,1360A,114.2345,22.565,深圳市,盐田,,18,18,29,7,17,54,NA,80,52,8,24,6,6,0.7,0.7
2026-08-30T2300,1363A,114.4911,22.5381,深圳市,南澳,,24,24,25,9,13,49,NA,100,64,7,9,/,/,/,/
2026-08-30T2300,1364A,114.41,22.6346,深圳市,葵涌,,23,13,26,7,17,72,NA,95,74,7,11,6,6,0.7,0.8
2026-08-30T2300,1365A,114.2967,22.5978,深圳市,梅沙,,21,15,26,7,15,67,NA,100,72,10,8,/,/,/,/
2026-08-30T2300,1366A,114.0563,22.7353,深圳市,观澜,,22,12,34,5,21,69,NA,90,66,11,33,2,3,0.4,0.5
2026-08-30T2300,1367A,113.5811,22.2618,珠海市,吉大,,22,NA,17,15,16,51,NA,67,54,18,10,6,6,0.8,0.8
2026-08-30T2300,1368A,113.4893,22.2323,珠海市,前山,,20,20,24,13,16,56,NA,75,59,16,16,/,/,/,/
2026-08-30T2300,1369A,113.6284,22.4252,珠海市,唐家,,18,14,18,11,20,55,NA,66,58,20,17,/,/,/,/
2026-08-30T2300,1370A,113.2986,22.2284,珠海市,斗门,,26,18,17,18,18,53,NA,80,56,9,12,7,7,0.8,0.8
2026-08-30T2300,1371A,113.1293,23.0065,佛山市,湾梁,,32,27,16,22,19,20,NA,61,45,40,24,/,/,/,/
2026-08-30T2300,1372A,113.1082,23.0477,佛山市,华材职中,,36,NA,15,25,18,3,NA,67,46,51,17,8,8,0.7,0.5
2026-08-30T2300,1373A,113.1439,23.045,佛山市,南海气象局,,35,31,20,24,19,11,NA,56,39,36,22,/,/,/,/
2026-08-30T2300,1374A,113.2879,22.8094,佛山市,顺德苏岗,,34,34,19,20,23,32,NA,58,50,32,24,/,/,0.7,0.6
2026-08-30T2300,1376A,112.8384,22.8678,佛山市,高明孔堂,,20,12,19,10,14,64,NA,60,59,10,14,/,/,/,/
2026-08-30T2300,1377A,112.8835,23.1584,佛山市,三水监测站,,29,NA,17,20,20,33,NA,52,47,26,26,3,5,0.9,0.9
2026-08-30T2300,1378A,112.8668,23.185,佛山市,三水云东海,,29,22,22,20,17,24,NA,52,43,17,18,/,/,/,/
2026-08-30T2300,1379A,113.377,22.5211,中山市,华柏园,,36,27,19,25,20,34,NA,60,52,30,17,/,/,/,/
2026-08-30T2300,1380A,113.3879,22.5499,中山市,张溪,,33,26,29,23,20,32,NA,60,51,36,22,/,/,/,/
2026-08-30T2300,1381A,113.4071,22.5111,中山市,紫马岭,,30,30,22,21,18,34,NA,54,45,27,15,8,8,0.7,0.7
2026-08-30T2300,1383A,113.1063,22.6058,江门市,北街,,19,NA,21,13,18,57,NA,54,54,18,17,/,/,/,/
2026-08-30T2300,1384A,113.073,22.5835,江门市,西区,,22,22,24,9,18,69,NA,63,63,16,22,/,/,/,/
2026-08-30T2300,1385A,113.0218,22.531,江门市,圭峰西,,22,NA,22,8,16,69,NA,62,62,8,13,/,/,/,/
2026-08-30T2300,1390A,113.7943,23.0132,东莞市,东城石井,,22,10,24,7,18,70,NA,85,68,12,16,5,5,0.7,0.8
2026-08-30T2300,1391A,113.7384,22.9659,东莞市,南城西平,NA,NA,10,26,4,19,NA,NA,78,61,NA,20,NA,5,NA,0.7
2026-08-30T2300,1392A,114.4181,23.0528,惠州市,河南岸金山湖子站,,21,12,17,8,12,67,NA,96,83,11,10,8,8,0.7,0.7
2026-08-30T2300,1393A,114.4055,23.0824,惠州市,下埔横江三路子站,,21,12,19,8,12,65,NA,97,82,11,9,4,5,0.6,0.6
2026-08-30T2300,1395A,114.4645,22.7832,惠州市,惠阳区承修路船湖子站,,20,19,28,13,19,62,NA,100,77,11,10,2,2,0.7,0.7
2026-08-30T2300,1396A,114.5316,22.7423,惠州市,大亚湾管委会子站,,22,9,26,8,18,70,NA,88,71,9,16,6,8,0.6,0.7
2026-08-30T2300,1397A,112.426,23.062,肇庆市,睦岗子站,,20,20,18,11,8,62,NA,62,61,13,15,7,8,/,/
2026-08-30T2300,1398A,112.4645,23.0476,肇庆市,城中子站,,19,14,18,8,10,59,NA,59,56,14,16,12,14,0.7,0.7
2026-08-30T2300,1399A,112.5545,23.1525,肇庆市,坑口子站,,19,19,15,13,9,59,NA,54,54,13,11,7,6,0.5,0.4
2026-08-30T2300,1401A,108.3098,22.788,南宁市,二十一中,,25,21,25,17,17,32,NA,55,42,19,16,5,5,1.0,0.9
2026-08-30T2300,1402A,108.3135,22.8529,南宁市,北湖,,18,15,28,12,20,45,NA,50,45,14,16,4,11,0.8,0.8
2026-08-30T2300,1403A,108.3205,22.8222,南宁市,市监测站,,16,16,28,11,16,41,NA,52,43,13,12,4,9,0.7,0.7
2026-08-30T2300,1404A,108.3828,22.8038,南宁市,大自然花园,,24,24,27,13,17,38,NA,56,45,15,13,7,6,0.7,0.6
2026-08-30T2300,1406A,108.2397,22.8462,南宁市,区农职院,,17,NA,30,10,19,54,NA,54,42,3,10,4,16,0.6,0.7
2026-08-30T2300,1407A,108.3285,22.7356,南宁市,英华嘉园,,20,19,30,14,15,17,NA,52,35,25,16,6,7,0.6,0.5
2026-08-30T2300,1410A,110.3189,20.0596,海口市,海南大学,,23,7,18,2,10,71,NA,84,83,7,6,4,5,0.5,0.4
2026-08-30T2300,1411A,110.2827,20.0051,海口市,秀英海南医院,,22,14,13,4,11,70,NA,77,76,6,8,6,6,0.4,0.3
2026-08-30T2300,1412A,110.3391,19.9979,海口市,海南师范大学,,23,18,19,5,11,72,NA,78,77,6,9,3,4,0.4,0.4
2026-08-30T2300,1413A,110.3303,20.0359,海口市,龙华路环保局宿舍,,24,15,16,4,10,74,NA,84,82,7,7,/,/,0.4,0.3
2026-08-30T2300,1416A,106.4216,29.8256,重庆市,天生,,41,41,28,20,15,62,NA,115,101,14,10,9,9,0.8,0.7
2026-08-30T2300,1417A,106.6264,29.7226,重庆市,两路,,49,49,37,25,16,92,NA,145,132,14,10,5,5,0.6,0.5
2026-08-30T2300,1419A,106.5778,29.5103,重庆市,南坪,,46,46,34,19,15,85,NA,154,140,19,13,12,6,0.7,0.6
2026-08-30T2300,1420A,106.6556,29.6277,重庆市,唐家沱,细颗粒物(PM2.5),70,47,25,45,18,57,NA,166,134,32,17,11,12,0.6,0.5
2026-08-30T2300,1431A,103.9727,30.7242,成都市,金泉两河,,39,38,27,27,15,32,NA,133,100,31,14,1,2,0.6,0.5
2026-08-30T2300,1432A,104.1423,30.6765,成都市,十里店,颗粒物(PM10),52,52,36,30,18,51,NA,138,121,49,19,6,7,0.7,0.6
2026-08-30T2300,1433A,104.0594,30.5765,成都市,三瓦窑,颗粒物(PM10),58,60,41,28,20,32,NA,148,128,73,30,5,6,0.9,0.8
2026-08-30T2300,1434A,104.1122,30.6306,成都市,沙河铺,,32,24,34,22,20,45,NA,121,97,33,27,8,8,0.8,0.7
2026-08-30T2300,1439A,106.6863,26.6035,贵阳市,马鞍山,,22,22,13,10,7,58,NA,86,77,8,6,2,3,/,/
2026-08-30T2300,1441A,106.6241,26.6266,贵阳市,鉴湖路,,31,31,24,11,7,70,NA,79,76,9,8,7,6,0.6,0.6
2026-08-30T2300,1442A,106.7468,26.6344,贵阳市,燕子冲,,34,34,23,12,8,61,NA,82,76,13,8,9,5,0.5,0.5
2026-08-30T2300,1443A,106.6556,26.4362,贵阳市,碧云窝,,36,36,27,12,7,73,NA,86,83,9,6,6,5,/,/
2026-08-30T2300,1445A,106.6963,26.6063,贵阳市,红边门,,27,27,16,10,7,70,NA,85,81,7,5,5,4,/,/
2026-08-30T2300,1446A,106.7162383,26.56964667,贵阳市,新华路,,31,31,25,12,7,74,NA,86,83,8,9,7,6,0.5,0.5
2026-08-30T2300,1447A,106.6742,26.542,贵阳市,太慈桥,,29,29,17,7,7,74,NA,86,84,8,7,3,3,/,/
2026-08-30T2300,1450A,102.8203,24.889,昆明市,呈贡新区,,27,27,14,16,6,59,NA,82,77,14,7,4,4,0.4,0.4
2026-08-30T2300,1452A,102.7253,25.0904,昆明市,龙泉镇,,38,38,13,14,5,65,NA,81,75,12,9,11,8,0.3,0.3
2026-08-30T2300,1453A,102.7267,25.0378,昆明市,东风东路,,22,21,10,14,6,68,NA,89,82,13,9,9,7,0.3,0.3
2026-08-30T2300,1454A,102.6744,25.0671,昆明市,金鼎山,,28,28,14,9,7,57,NA,81,75,13,7,9,6,0.3,0.3
2026-08-30T2300,1455A,102.6643,25.0401,昆明市,碧鸡广场,,25,25,12,14,9,64,NA,79,74,12,8,14,9,0.5,0.5
2026-08-30T2300,1456A,91.132,29.6515,拉萨市,八廓街,,23,14,7,12,6,73,NA,92,84,9,7,8,7,0.1,0.1
2026-08-30T2300,1457A,91.1221,29.6748,拉萨市,市环保局,,21,10,7,6,5,67,NA,89,82,10,9,8,8,0.2,0.2
2026-08-30T2300,1458A,91.0874,29.6476,拉萨市,区监测站,,23,9,7,4,5,72,NA,87,80,11,11,6,6,0.1,0.1
2026-08-30T2300,1459A,91.1774,29.6541,拉萨市,西藏大学,,25,12,7,6,5,78,NA,92,86,8,9,6,6,0.2,0.2
2026-08-30T2300,1460A,90.9798,29.6586,拉萨市,区辐射站,,21,21,9,11,6,57,NA,82,71,13,14,7,7,0.3,0.2
2026-08-30T2300,1461A,91.0831,29.6292,拉萨市,拉萨火车站,,23,7,6,6,5,72,NA,88,84,9,8,6,6,0.2,0.2
2026-08-30T2300,1463A,108.9931,34.2629,西安市,兴庆小区,,37,37,32,13,12,89,NA,160,135,17,15,3,4,0.4,0.4
2026-08-30T2300,1464A,109.0595,34.2569,西安市,纺织城,,49,49,39,14,13,33,NA,137,92,42,25,9,10,0.7,0.7
2026-08-30T2300,1465A,108.9377,34.2178,西安市,小寨,,31,31,34,13,13,77,NA,138,119,20,16,1,2,0.5,0.5
2026-08-30T2300,1466A,108.9522,34.2739,西安市,市人民体育场,,31,31,41,11,13,98,NA,164,143,18,16,3,4,0.4,0.5
2026-08-30T2300,1467A,108.8923,34.2322,西安市,高新西区,,41,41,35,17,12,79,NA,150,135,22,13,5,5,0.4,0.3
2026-08-30T2300,1468A,108.9386,34.3446,西安市,经开区,颗粒物(PM10),67,73,44,18,16,58,NA,146,122,40,19,2,2,0.5,0.5
2026-08-30T2300,1469A,108.894,34.1557,西安市,长安区,,38,38,36,13,12,66,NA,134,115,21,16,2,3,0.5,0.5
2026-08-30T2300,1471A,109.213,34.3748,西安市,临潼区,,35,25,37,10,13,112,NA,146,128,9,14,10,10,0.5,0.6
2026-08-30T2300,1474A,109.0508,34.321,西安市,广运潭,,39,39,39,13,14,65,NA,140,111,25,17,5,5,0.4,0.5
2026-08-30T2300,1479A,103.8309,36.0467,兰州市,铁路设计院,颗粒物(PM10),58,61,47,21,18,84,NA,134,119,33,34,6,6,0.6,0.9
2026-08-30T2300,1489A,106.1361,38.5039,银川市,学院路,,46,46,51,24,14,58,NA,151,114,36,21,4,6,0.4,0.6
2026-08-30T2300,1490A,87.5796,43.8299,乌鲁木齐市,监测站,颗粒物(PM10),69,76,63,16,19,46,NA,161,138,85,38,5,4,1.1,0.6
2026-08-30T2300,1491A,87.6044,43.7679,乌鲁木齐市,收费所,颗粒物(PM10),81,93,78,39,24,4,NA,163,129,126,48,2,2,1.0,0.5
2026-08-30T2300,1493A,87.5529,43.8704,乌鲁木齐市,铁路局,颗粒物(PM10),83,95,72,32,26,71,NA,154,138,67,42,9,9,0.8,0.6
2026-08-30T2300,1494A,87.6408,43.8258,乌鲁木齐市,三十一中学,颗粒物(PM10),72,80,70,26,20,92,NA,159,144,52,30,9,8,0.9,0.6
2026-08-30T2300,1496A,87.7218,44.1747,乌鲁木齐市,米东区环保局,颗粒物(PM10),76,86,66,25,17,128,NA,147,137,7,22,13,12,0.4,0.7
2026-08-30T2300,1508A,112.9508,27.8626,湘潭市,板塘,,25,25,29,15,21,75,NA,106,97,15,12,8,8,0.1,0.1
2026-08-30T2300,1511A,112.9114,27.8404,湘潭市,市监测站,,29,22,18,20,23,74,NA,103,93,9,7,2,2,0.4,0.5
2026-08-30T2300,1512A,112.8935,27.8729,湘潭市,江麓,,32,32,34,18,23,70,NA,92,85,8,7,6,5,0.2,0.2
2026-08-30T2300,1513A,112.9227,27.8159,湘潭市,岳塘,,32,32,36,19,23,63,NA,89,79,9,8,7,7,0.1,0.2
2026-08-30T2300,1514A,112.9073,27.9118,湘潭市,科大,,32,32,39,18,23,76,NA,104,95,8,8,6,7,0.1,0.3
2026-08-30T2300,1515A,113.1265,27.8306,株洲市,天台山庄,,28,27,30,19,21,73,NA,79,72,7,7,2,3,0.6,0.6
2026-08-30T2300,1518A,113.0937,27.8919,株洲市,株冶医院,,28,25,26,19,23,81,NA,93,88,7,6,4,4,0.7,0.7
2026-08-30T2300,1519A,113.1709,27.8661,株洲市,市四中,,29,29,30,18,23,74,NA,73,67,13,11,5,4,0.6,0.8
2026-08-30T2300,1520A,113.1515,27.8265,株洲市,火车站,,29,29,29,20,22,80,NA,83,77,10,11,10,9,0.6,0.7
2026-08-30T2300,1524A,113.1329,27.8491,株洲市,市监测站,,28,25,31,19,24,81,NA,84,77,11,11,8,7,0.9,0.9
2026-08-30T2300,1562A,113.0048,27.9153,湘潭市,昭山,NA,NA,34,35,NA,23,74,NA,91,82,7,4,6,6,0,0.1
2026-08-30T2300,1585A,109.8761,40.6533,包头市,市环境监测站,,49,49,31,25,12,22,NA,115,76,60,32,5,8,0.5,0.5
2026-08-30T2300,1587A,109.9992,40.5843,包头市,包头八中,颗粒物(PM10),52,52,36,16,12,31,NA,116,82,56,30,4,9,0.2,1.3
2026-08-30T2300,1589A,109.8641,40.6288,包头市,惠龙物流,颗粒物(PM10),55,56,28,33,15,19,NA,115,80,72,36,4,9,0.6,0.7
2026-08-30T2300,1590A,110.0376,40.5546,包头市,东河鸿龙湾,,49,49,23,28,11,20,NA,115,88,68,23,9,10,0.5,0.5
2026-08-30T2300,1591A,110.0024,39.8127,鄂尔多斯市,综合楼,NA,NA,NA,22,23,11,24,NA,102,77,62,27,10,11,0.8,0.3
2026-08-30T2300,1592A,109.9485,39.8259,鄂尔多斯市,巴音孟克林场办事处,颗粒物(PM10),72,80,22,30,8,4,NA,106,64,77,30,8,4,1.5,0.6
2026-08-30T2300,1593A,109.7734,39.5987,鄂尔多斯市,康泽苑,,14,9,13,8,5,43,NA,109,84,15,10,8,9,0.3,0.3
2026-08-30T2300,1594A,109.8121,39.5987,鄂尔多斯市,华泰汽车城,,24,24,20,12,6,12,NA,100,59,43,22,4,4,0.7,0.5
2026-08-30T2300,1595A,109.9734,39.7884,鄂尔多斯市,奥林花园,NA,NA,NA,24,23,8,1,NA,104,66,75,26,4,3,0.9,0.5
2026-08-30T2300,1597A,122.2704,40.7093,营口市,大庆路,,50,47,34,35,22,106,NA,133,125,11,15,9,9,1.0,0.8
2026-08-30T2300,1598A,122.215,40.6511,营口市,镜湖西路,,49,40,29,34,23,97,NA,126,120,11,15,2,3,0.7,0.6
2026-08-30T2300,1599A,122.1667,40.665,营口市,西炮台,细颗粒物(PM2.5),58,45,36,39,30,124,NA,147,144,7,11,6,6,0.6,0.4
2026-08-30T2300,1600A,124.33,40.0625,丹东市,江湾东路,,34,34,26,23,16,36,NA,102,81,16,14,3,3,0.8,0.8
2026-08-30T2300,1601A,124.4242,40.1513,丹东市,临江后街,,35,34,22,24,16,26,NA,87,58,15,15,3,3,1.0,0.8
2026-08-30T2300,1602A,124.3935,40.1461,丹东市,元宝山,,36,33,18,25,13,27,NA,76,61,11,9,5,5,0.8,0.7
2026-08-30T2300,1603A,124.3634,40.1093,丹东市,民主桥,细颗粒物(PM2.5),60,41,26,40,18,22,NA,90,70,20,11,6,6,1.1,0.7
2026-08-30T2300,1604A,122.0303,41.1489,盘锦市,开发区,细颗粒物(PM2.5),56,NA,31,38,24,103,NA,130,122,10,10,4,5,0.8,0.7
2026-08-30T2300,1605A,122.0486,41.0883,盘锦市,兴隆台,,40,NA,31,28,21,84,NA,128,114,30,20,5,6,0.9,0.8
2026-08-30T2300,1606A,121.8297,41.1026,盘锦市,新生街道,,38,26,28,26,20,68,NA,126,96,11,10,4,7,0.7,0.7
2026-08-30T2300,1607A,120.904878,40.721091,葫芦岛市,龙港区,,43,NA,33,30,22,86,NA,155,144,24,19,3,5,0.6,0.6
2026-08-30T2300,1608A,120.8382,40.7521,葫芦岛市,化工街,颗粒物(PM10),53,53,44,31,25,27,NA,137,111,61,28,6,6,0.6,0.6
2026-08-30T2300,1609A,120.8339,40.7078,葫芦岛市,新区,,43,NA,38,30,23,90,NA,142,132,11,20,3,4,0.9,0.9
2026-08-30T2300,1610A,120.8697,40.7679,葫芦岛市,东城区,细颗粒物(PM2.5),74,NA,47,47,31,17,NA,148,120,78,29,6,8,0.7,0.6
2026-08-30T2300,1611A,118.5818,24.9116,泉州市,涂山街,,19,11,13,8,9,58,NA,80,73,7,6,2,2,0.5,0.5
2026-08-30T2300,1612A,118.597,24.8976,泉州市,津头埔,,17,10,12,5,7,54,NA,75,68,9,9,1,1,0.4,0.4
2026-08-30T2300,1613A,118.6669,24.9422,泉州市,万安,,18,12,16,4,6,57,NA,81,72,5,6,3,3,0.4,0.5
2026-08-30T2300,1618A,118.3429,35.0532,临沂市,沂河小区,,41,41,37,13,23,76,NA,104,97,18,11,11,11,0.4,0.5
2026-08-30T2300,1619A,118.2962,35.0568,临沂市,鲁南制药厂,,39,39,32,9,24,76,NA,115,105,22,14,9,9,0.6,0.8
2026-08-30T2300,1620A,118.2793,34.9976,临沂市,新光毛纺厂,,29,29,25,10,23,84,NA,110,104,23,17,11,11,0.6,0.7
2026-08-30T2300,1621A,118.3955,35.0889,临沂市,河东保险公司,,46,46,37,30,28,70,NA,103,94,28,17,12,11,0.8,0.8
2026-08-30T2300,1622A,116.3034,37.4675,德州市,儿童乐园,颗粒物(PM10),75,85,34,38,16,12,NA,113,70,57,20,12,12,1.2,0.6
2026-08-30T2300,1624A,116.2992,37.4449,德州市,监理站,颗粒物(PM10),90,105,37,33,16,6,NA,115,72,79,29,14,14,1.0,0.5
2026-08-30T2300,1625A,115.9789,36.4372,聊城市,区政府,,45,45,28,8,14,28,NA,121,86,37,10,6,6,0.7,0.5
2026-08-30T2300,1629A,117.9961,37.3604,滨州市,第二水厂,,29,29,38,6,20,90,NA,141,127,18,15,9,9,0.4,0.5
2026-08-30T2300,1630A,117.9789,37.3931,滨州市,北中新校,,34,34,35,10,20,48,NA,144,116,30,15,8,10,0.7,0.6
2026-08-30T2300,1631A,118.0413,36.8101,淄博市,人民公园,细颗粒物(PM2.5),106,105,59,66,34,38,NA,118,87,48,24,6,7,1.2,0.9
2026-08-30T2300,1633A,117.8524,36.4848,淄博市,双山,NA,NA,52,66,30,40,NA,NA,125,NA,36,28,8,10,0.8,0.8
2026-08-30T2300,1634A,117.9595,36.6332,淄博市,气象站,细颗粒物(PM2.5),102,79,69,62,56,46,NA,143,110,41,33,24,12,0.7,0.6
2026-08-30T2300,1637A,117.5628,34.8379,枣庄市,市中区政府,,31,31,25,4,14,70,NA,91,82,13,11,5,4,0.3,0.3
2026-08-30T2300,1638A,117.2855,34.7838,枣庄市,薛城环保局,,46,46,36,18,18,62,NA,86,71,28,18,4,4,0.6,0.5
2026-08-30T2300,1639A,117.5854,34.7744,枣庄市,峄城区政府,,39,39,28,8,14,45,NA,100,78,22,10,8,6,0.4,0.4
2026-08-30T2300,1641A,117.4516,35.0992,枣庄市,山亭区环保局,,44,44,25,27,15,81,NA,103,94,11,8,10,9,0.8,0.5
2026-08-30T2300,1642A,121.2517,37.564,烟台市,开发区,,48,46,38,33,28,65,NA,128,98,34,22,9,8,0.9,0.8
2026-08-30T2300,1644A,121.3181,37.5436,烟台市,西郊化工站,,39,34,37,27,31,92,NA,119,106,10,19,6,8,0.6,0.6
2026-08-30T2300,1645A,121.4419,37.4858,烟台市,莱山环保局,,32,24,18,22,21,100,NA,122,112,10,10,3,3,0.6,0.6
2026-08-30T2300,1646A,121.2619,37.4965,烟台市,福山环保局,颗粒物(PM10),74,83,52,36,31,31,NA,123,91,44,25,4,4,0.6,0.5
2026-08-30T2300,1650A,119.1436,36.7022,潍坊市,环保局,颗粒物(PM10),79,90,53,42,28,7,NA,123,96,84,28,4,5,1.5,0.9
2026-08-30T2300,1653A,116.6229,35.4288,济宁市,火炬城,颗粒物(PM10),52,52,47,12,24,86,NA,108,107,18,18,1,2,0.5,0.7
2026-08-30T2300,1656A,117.1436,36.1938,泰安市,监测站,,34,34,41,14,26,66,NA,107,91,15,14,5,6,0.7,0.8
2026-08-30T2300,1657A,117.0905,36.2002,泰安市,人口学校,,39,39,39,11,20,73,NA,96,86,14,16,7,8,0.5,0.5
2026-08-30T2300,1658A,117.0992,36.1757,泰安市,电力学校,,31,31,44,21,28,34,NA,106,88,32,16,3,5,0.4,0.4
2026-08-30T2300,1659A,119.4711,35.421,日照市,监测站,细颗粒物(PM2.5),86,NA,25,53,25,103,NA,119,108,17,14,10,9,0.5,0.4
2026-08-30T2300,1660A,119.523,35.4216,日照市,市政府广场,细颗粒物(PM2.5),92,NA,27,56,25,127,NA,123,117,11,9,9,6,0.7,0.5
2026-08-30T2300,1661A,119.5511,35.4113,日照市,港务局,细颗粒物(PM2.5),92,63,29,56,25,130,NA,133,125,10,8,8,6,0.8,0.6
2026-08-30T2300,1662A,122.121,37.4231,威海市,华夏技校,,28,NA,10,19,13,86,NA,94,82,6,12,/,/,0.5,0.4
2026-08-30T2300,1663A,122.0508,37.5236,威海市,山大分校,,35,20,13,19,13,110,NA,113,111,4,5,/,/,/,/
2026-08-30T2300,1664A,122.1067,37.5067,威海市,市监测站,,32,24,13,22,14,74,NA,107,96,12,11,3,3,0.6,0.5
2026-08-30T2300,1666A,118.6612,37.4313,东营市,市环保局,,25,19,33,2,20,78,NA,140,113,21,19,4,7,0.4,0.5
2026-08-30T2300,1669A,113.5821,24.7733,韶关市,市八中,,20,8,11,4,6,63,NA,66,53,5,7,6,9,0.6,0.7
2026-08-30T2300,1671A,113.5916,24.7973,韶关市,园林处,,20,8,13,4,6,64,NA,56,56,6,9,6,8,/,/
2026-08-30T2300,1673A,113.5971,24.6864,韶关市,曲江监测站,,20,20,18,13,10,37,NA,56,43,15,12,9,10,0.5,0.6
2026-08-30T2300,1674A,116.6795,23.3666,汕头市,金平子站,,16,9,15,4,12,51,NA,92,71,10,7,3,3,0.5,0.6
2026-08-30T2300,1675A,116.7248,23.3632,汕头市,龙湖子站,,16,6,22,3,16,49,NA,86,66,6,5,4,4,/,/
2026-08-30T2300,1676A,116.7257,23.2774,汕头市,濠江子站,,17,9,19,4,13,54,NA,90,68,5,7,5,6,/,/
2026-08-30T2300,1677A,116.7518,23.4712,汕头市,澄海子站,,16,4,23,3,14,49,NA,73,57,7,7,4,4,0.6,0.6
2026-08-30T2300,1678A,116.6088,23.2539,汕头市,潮阳子站,,17,10,18,6,14,54,NA,91,73,6,6,6,6,0.8,0.8
2026-08-30T2300,1680A,110.3648,21.2697,湛江市,湛江影剧院,,18,15,28,12,20,44,NA,91,61,9,9,7,8,0.6,0.5
2026-08-30T2300,1681A,110.3907,21.2279,湛江市,市环境监测站,,19,NA,26,13,21,36,NA,87,56,9,7,6,9,0.6,0.6
2026-08-30T2300,1682A,110.3936,21.1943,湛江市,环保局宿舍,,30,26,28,21,23,38,NA,92,59,12,9,21,18,/,/
2026-08-30T2300,1683A,110.4138,21.2033,湛江市,霞山游泳场,,28,27,26,19,20,41,NA,88,59,9,8,13,10,/,/
2026-08-30T2300,1685A,110.4512,21.239,湛江市,坡头区环保局,,18,12,23,12,19,41,NA,93,63,12,9,8,9,0.5,0.5
2026-08-30T2300,1686A,111.0285,21.469,茂名市,电白南海,,19,19,33,11,19,40,NA,64,60,14,8,8,7,0.4,0.3
2026-08-30T2300,1687A,110.9294,21.6533,茂名市,茂石化七小,,16,NA,29,10,20,49,NA,69,56,8,9,15,16,0.5,0.6
2026-08-30T2300,1688A,110.9108,21.6688,茂名市,健康路,,19,14,23,13,20,48,NA,72,57,6,7,22,21,0.5,0.5
2026-08-30T2300,1689A,110.8592,21.6826,茂名市,高岭,,18,14,32,12,20,38,NA,68,52,11,12,8,9,/,/
2026-08-30T2300,1690A,116.1248,24.3307,梅州市,梅江月梅,,13,13,22,4,10,28,NA,60,37,12,10,/,/,/,/
2026-08-30T2300,1691A,116.0798,24.2719,梅州市,梅县新城,,12,7,21,5,11,36,NA,64,40,12,12,9,10,0.6,0.6
2026-08-30T2300,1693A,115.3653,22.7751,汕尾市,市环保局,,20,8,22,7,20,64,NA,103,84,6,6,6,6,0.4,0.5
2026-08-30T2300,1695A,115.362,22.7926,汕尾市,新城中学,,20,16,22,5,19,62,NA,104,81,10,10,7,6,0.7,0.8
2026-08-30T2300,1697A,114.6962,23.7538,河源市,东埔,,17,6,12,4,10,54,NA,74,59,10,10,5,5,0.6,0.7
2026-08-30T2300,1698A,114.6895,23.7232,河源市,老城,,18,NA,16,6,9,55,NA,73,59,8,9,6,6,0.4,0.6
2026-08-30T2300,1701A,111.9491,21.8658,阳江市,马南垌,,18,14,26,12,19,51,NA,67,63,9,9,5,6,0.6,0.7
2026-08-30T2300,1703A,113.0218,23.7086,清远市,凤城街办,,27,27,15,16,10,42,NA,66,58,15,10,/,/,/,/
2026-08-30T2300,1708A,116.3701,23.5345,揭阳市,新兴,,16,16,36,3,18,42,NA,79,61,13,17,7,15,0.7,0.8
2026-08-30T2300,1709A,116.3261,23.5442,揭阳市,西马,,15,15,36,2,19,47,NA,84,66,6,13,3,10,0.6,0.7
2026-08-30T2300,1710A,116.361,23.5627,揭阳市,东兴,,20,20,33,6,18,27,NA,81,60,21,17,5,10,/,/
2026-08-30T2300,1711A,116.4151,23.5295,揭阳市,渔湖,,16,16,36,6,22,29,NA,75,55,21,17,14,9,/,/
2026-08-30T2300,1714A,112.0281,22.9738,云浮市,牧羊,,20,NA,23,12,14,61,NA,51,51,11,17,3,15,0.5,0.6
2026-08-30T2300,1715A,102.575,24.371,玉溪市,东风水库,,25,15,10,5,6,80,NA,90,88,7,6,6,5,0.6,0.6
2026-08-30T2300,1723A,113.2926,40.0759,大同市,云冈宾馆,,37,37,24,16,8,48,NA,99,84,26,21,7,8,0.6,0.6
2026-08-30T2300,1724A,113.3437,40.0921,大同市,大同大学,颗粒物(PM10),53,53,29,10,7,60,NA,102,88,20,19,13,10,0.4,0.5
2026-08-30T2300,1725A,113.2637,40.129,大同市,安家小村,,44,44,28,11,8,23,NA,103,80,44,22,4,5,0.4,0.6
2026-08-30T2300,1727A,113.1146,36.1547,长治市,清华站,,33,30,45,11,17,104,NA,140,118,7,12,11,12,1.5,0.7
2026-08-30T2300,1730A,113.0887,36.2126,长治市,审计局,,30,30,38,16,16,96,NA,138,114,17,19,15,14,1.0,0.7
2026-08-30T2300,1731A,113.0845,36.1856,长治市,长治八中,,33,33,48,15,16,99,NA,140,118,14,18,13,13,1.5,0.8
2026-08-30T2300,1733A,111.5552,36.0791,临汾市,临钢医院,,48,48,56,11,21,54,NA,155,118,30,20,5,8,0.5,0.7
2026-08-30T2300,1734A,111.4984,36.0734,临汾市,技工学校,,38,38,57,18,21,79,NA,158,126,24,19,5,7,0.6,0.7
2026-08-30T2300,1736A,111.5017,36.0857,临汾市,市委,,34,34,57,11,14,88,NA,160,131,18,15,10,11,0.3,0.5
2026-08-30T2300,1739A,113.4894,37.8717,阳泉市,赛鱼,颗粒物(PM10),55,57,43,8,18,5,NA,101,41,58,38,7,9,0.4,0.5
2026-08-30T2300,1740A,113.582,37.8473,阳泉市,南庄,,35,35,42,10,17,31,NA,112,81,27,25,11,13,0.7,0.8
2026-08-30T2300,1742A,113.5616,37.8706,阳泉市,平坦,,38,38,47,14,21,8,NA,111,68,59,36,12,13,0.6,0.8
2026-08-30T2300,1743A,113.5115,37.8391,阳泉市,大阳泉,,27,NA,7,11,9,84,NA,105,96,11,14,6,6,0.6,0.7
2026-08-30T2300,1744A,118.9229,42.2816,赤峰市,松山一中,,22,11,13,5,5,68,NA,88,72,7,12,8,9,0.4,0.4
2026-08-30T2300,1745A,118.9588,42.2733,赤峰市,哈达街,,22,NA,11,7,4,70,NA,84,71,5,11,8,9,0.4,0.5
2026-08-30T2300,1746A,118.8792,42.2551,赤峰市,天义路,,16,5,6,3,3,50,NA,76,58,10,10,4,5,0.5,0.5
2026-08-30T2300,1748A,123.0441,41.1201,鞍山市,深沟寺,,32,32,26,21,16,70,NA,127,95,14,11,6,7,1.1,0.8
2026-08-30T2300,1749A,123.011,41.0931,鞍山市,太阳城,,47,47,35,20,16,83,NA,125,102,11,16,6,7,1.3,1
2026-08-30T2300,1750A,123.0483,41.1445,鞍山市,太平,,48,48,36,26,18,61,NA,121,94,20,16,8,8,1.3,1
2026-08-30T2300,1751A,122.964,41.0968,鞍山市,铁西三道街,颗粒物(PM10),59,62,37,36,22,36,NA,134,91,41,19,6,6,1.5,1.4
2026-08-30T2300,1753A,123.0219,41.0822,鞍山市,明达新区,,42,42,31,26,18,50,NA,129,98,13,10,6,7,1.2,1
2026-08-30T2300,1755A,123.7974,41.8494,抚顺市,望花区,,46,46,39,27,18,28,NA,123,79,35,22,10,12,1.2,1.1
2026-08-30T2300,1756A,123.9161,41.8827,抚顺市,顺城区,颗粒物(PM10),54,55,37,23,19,11,NA,118,62,44,23,10,11,1.0,1
2026-08-30T2300,1757A,124.0437,41.8615,抚顺市,东洲区,,33,33,28,12,15,63,NA,121,91,10,13,9,9,0.6,0.7
2026-08-30T2300,1758A,123.9246,41.8638,抚顺市,新抚区,,48,48,36,22,18,10,NA,114,62,41,20,9,10,0.8,0.9
2026-08-30T2300,1759A,124.0972,41.8961,抚顺市,大伙房水库,,35,32,25,24,14,40,NA,124,90,18,14,12,13,0.6,0.7
2026-08-30T2300,1760A,123.708,41.8386,抚顺市,沈抚新城,,38,38,35,18,16,30,NA,126,82,41,22,9,11,1.0,1.1
2026-08-30T2300,1761A,123.8274146,41.31234549,本溪市,大峪,,36,36,35,10,14,11,NA,106,56,28,16,5,7,0.6,0.9
2026-08-30T2300,1763A,123.7169,41.3094,本溪市,彩屯,,39,39,29,24,14,28,NA,114,72,20,13,6,8,0.5,0.7
2026-08-30T2300,1764A,123.7672166,41.28649327,本溪市,东明,,32,32,38,14,15,27,NA,116,77,30,22,5,7,0.8,1.1
2026-08-30T2300,1765A,123.799345,41.266614,本溪市,新立屯,,19,19,24,7,9,24,NA,102,47,29,18,7,8,0.5,0.6
2026-08-30T2300,1766A,123.829144,41.336777,本溪市,威宁,,32,32,32,9,14,19,NA,116,62,23,14,6,6,0.4,0.7
2026-08-30T2300,1767A,121.1114,41.0879,锦州市,南山,细颗粒物(PM2.5),68,48,39,44,28,48,NA,118,100,35,24,14,10,1.2,0.7
2026-08-30T2300,1768A,121.060361,40.842794,锦州市,开发区,,49,49,59,33,33,92,NA,147,136,25,30,10,13,0.8,0.9
2026-08-30T2300,1769A,121.1836,41.1118,锦州市,百股街道,细颗粒物(PM2.5),60,42,42,40,28,45,NA,132,108,29,14,8,10,1.0,0.9
2026-08-30T2300,1770A,121.1176,41.1224,锦州市,天安街道,细颗粒物(PM2.5),74,66,43,47,30,57,NA,113,98,29,21,16,14,1.2,0.9
2026-08-30T2300,1771A,121.1303,41.1385,锦州市,北湖公园,颗粒物(PM10),51,51,48,31,28,63,NA,118,105,22,17,14,10,0.9,0.8
2026-08-30T2300,1772A,126.54,43.8622,吉林市,哈达湾,,30,30,21,21,13,22,NA,79,65,31,10,2,2,0.4,0.4
2026-08-30T2300,1773A,126.5843,43.8358,吉林市,东局子,,22,22,18,13,15,43,NA,76,56,13,13,4,5,0.5,0.5
2026-08-30T2300,1774A,126.5051,43.8243,吉林市,电力学院,,46,46,26,17,14,20,NA,75,52,19,8,6,6,0.4,0.5
2026-08-30T2300,1775A,126.6133,43.8971,吉林市,江北,,27,27,23,16,13,33,NA,75,61,13,10,5,5,0.8,0.7
2026-08-30T2300,1776A,126.5549,43.8304,吉林市,江南公园,,25,25,21,17,13,29,NA,79,61,17,8,3,3,0.3,0.3
2026-08-30T2300,1779A,123.9307,47.3641,齐齐哈尔市,安居小区,,12,3,8,1,3,38,NA,39,39,2,4,3,4,0.3,0.3
2026-08-30T2300,1780A,123.9497,47.3389,齐齐哈尔市,中心广场,,13,4,7,2,3,40,NA,38,38,2,5,4,4,0.2,0.2
2026-08-30T2300,1781A,123.9483,47.3229,齐齐哈尔市,农牧车辆厂,,13,9,13,1,2,41,NA,40,40,2,4,5,5,0.2,0.2
2026-08-30T2300,1783A,123.9442,47.2994,齐齐哈尔市,市环境监测站,,13,4,9,2,2,40,NA,40,40,2,4,4,4,0.2,0.2
2026-08-30T2300,1784A,129.61,44.561,牡丹江市,环保大楼,,21,21,12,2,6,52,NA,66,58,9,8,6,6,0.4,0.4
2026-08-30T2300,1787A,129.6364,44.6075,牡丹江市,机车工厂,,34,34,30,12,9,46,NA,65,50,12,12,10,11,0.5,0.4
2026-08-30T2300,1788A,129.6386,44.5462,牡丹江市,第一中学,,21,21,20,3,6,38,NA,73,54,10,7,3,4,0.3,0.4
2026-08-30T2300,1789A,124.8085,46.0381,大庆市,大同区,,16,16,10,2,5,50,NA,78,55,4,8,5,5,0.3,0.4
2026-08-30T2300,1790A,125.1166,46.5255,大庆市,龙凤区,,15,15,16,6,8,38,NA,64,38,6,9,3,2,0,0
2026-08-30T2300,1791A,124.8894,46.4007,大庆市,红岗区,,23,23,17,4,7,42,NA,60,40,2,7,6,6,0.4,0.4
2026-08-30T2300,1792A,125.1391,46.578,大庆市,萨尔图区,,12,12,21,5,7,35,NA,54,33,5,9,5,6,0.2,0.2
2026-08-30T2300,1793A,124.9026,46.6217,大庆市,让胡路区,,13,12,16,4,6,39,NA,59,37,1,4,4,4,0.1,0.1
2026-08-30T2300,1794A,118.3603,31.3515,芜湖市,监测站,,15,14,22,10,13,32,NA,82,59,17,14,5,6,0.3,0.5
2026-08-30T2300,1795A,118.3716,31.4135,芜湖市,科创中心,,15,NA,26,10,14,37,NA,82,58,12,13,4,6,0.4,0.6
2026-08-30T2300,1796A,118.3671,31.3132,芜湖市,四水厂,,15,NA,21,10,12,33,NA,86,63,15,12,5,7,0.6,0.6
2026-08-30T2300,1798A,118.5084,31.6838,马鞍山市,湖东路四小,,16,NA,25,11,13,39,NA,76,52,7,10,6,6,0.7,0.8
2026-08-30T2300,1799A,118.5019,31.6449,马鞍山市,开发区,,14,9,24,7,13,44,NA,82,58,6,10,6,7,0.6,0.7
2026-08-30T2300,1803A,115.9873,29.6816,九江市,十里,,19,15,28,13,17,47,NA,97,66,16,11,3,4,0.6,0.6
2026-08-30T2300,1804A,115.9583,29.7047,九江市,茅山头,,16,16,23,8,21,37,NA,88,54,19,16,3,3,0.2,0.3
2026-08-30T2300,1805A,115.9877,29.7295,九江市,西园,,22,22,23,9,15,54,NA,96,67,19,16,3,4,0.4,0.4
2026-08-30T2300,1808A,115.9112,29.6038,九江市,综合工业园,,15,13,22,10,18,40,NA,92,58,25,15,4,4,0.8,0.7
2026-08-30T2300,1812A,112.3934,34.6517,洛阳市,市委党校,,39,39,41,22,24,86,NA,148,126,20,12,12,13,0.6,0.6
2026-08-30T2300,1815A,112.494,34.6883,洛阳市,河南林校,,42,42,50,18,26,73,NA,148,119,27,19,11,13,0.4,0.6
2026-08-30T2300,1816A,112.3843,34.623,洛阳市,开发区管委会,,39,39,35,26,23,90,NA,162,136,21,15,13,15,0.7,0.7
2026-08-30T2300,1817A,112.4263,34.6249,洛阳市,市委新办公区,,46,46,36,26,22,81,NA,146,121,20,12,15,15,0.7,0.6
2026-08-30T2300,1819A,114.3552,36.1017,安阳市,红庙街,,43,43,38,17,22,61,NA,144,114,23,14,4,6,0.8,1
2026-08-30T2300,1820A,114.361,36.0681,安阳市,银杏小区,,48,48,39,20,23,50,NA,146,114,22,10,2,4,0.9,1.1
2026-08-30T2300,1824A,114.3389,34.778,开封市,肿瘤医院,,49,39,31,34,20,87,NA,119,109,17,8,6,6,0.5,0.5
2026-08-30T2300,1826A,114.2884,34.7966,开封市,世纪星幼儿园,,42,42,27,29,19,71,NA,114,101,19,9,4,5,0.5,0.5
2026-08-30T2300,1832A,113.3257,33.7423,平顶山市,新华旅馆,,44,44,48,19,20,91,NA,128,111,17,14,4,6,0.4,0.6
2026-08-30T2300,1833A,113.2917,33.737,平顶山市,规划设计院,,30,30,41,4,19,90,NA,130,110,16,13,9,11,0.5,0.7
2026-08-30T2300,1834A,113.182,33.7738,平顶山市,平顶山工学院,,33,25,37,19,26,104,NA,134,119,10,13,9,10,0.4,0.7
2026-08-30T2300,1835A,111.1922,34.7752,三门峡市,市政府,,41,41,42,18,18,67,NA,153,126,30,24,7,8,0.5,0.6
2026-08-30T2300,1836A,111.1588,34.794,三门峡市,开发区,,46,41,36,32,21,74,NA,144,128,14,11,7,7,0.8,0.8
2026-08-30T2300,1840A,111.2991,30.6981,宜昌市,白龙岗,,39,39,30,11,10,89,NA,121,114,13,13,4,4,0.4,0.4
2026-08-30T2300,1842A,111.263451,30.696754,宜昌市,点军区,颗粒物(PM10),51,51,30,10,11,69,NA,126,115,12,9,4,5,0.3,0.3
2026-08-30T2300,1843A,111.3276,30.782,宜昌市,夷陵区,,50,50,29,20,12,80,NA,121,109,10,9,7,7,0.4,0.3
2026-08-30T2300,1844A,112.2493,30.3198,荆州市,市图书馆,,49,49,39,29,25,86,NA,133,116,13,10,7,7,0.7,0.8
2026-08-30T2300,1845A,112.2009,30.3543,荆州市,市委党校,,36,36,38,18,22,88,NA,139,120,16,10,8,8,0.7,0.8
2026-08-30T2300,1848A,113.1494,29.425,岳阳市,城陵矶,,36,36,36,10,11,78,NA,118,97,4,6,3,4,0.8,0.9
2026-08-30T2300,1849A,113.1493,29.3575,岳阳市,开发区,,25,21,25,15,17,80,NA,123,100,6,7,6,6,0.8,0.8
2026-08-30T2300,1850A,113.2672,29.4752,岳阳市,云溪区,,24,24,30,12,16,70,NA,109,90,7,7,4,4,0.6,0.7
2026-08-30T2300,1851A,112.9944,29.44,岳阳市,君山区,,27,27,30,14,15,74,NA,108,92,6,7,4,4,0.6,0.6
2026-08-30T2300,1854A,111.696,28.9725,常德市,市二中,,49,49,33,17,18,117,NA,125,124,7,7,9,9,0.7,0.9
2026-08-30T2300,1858A,110.532,29.1219,张家界市,永定新区,,43,43,34,28,18,44,NA,110,75,24,11,/,/,/,/
2026-08-30T2300,1859A,110.4696,29.1244,张家界市,电业局,细颗粒物(PM2.5),68,50,28,44,20,49,NA,107,79,21,13,9,9,0.8,0.4
2026-08-30T2300,1860A,110.5573,29.3486,张家界市,未央路,,29,20,17,20,15,34,NA,83,53,6,6,7,7,0.8,0.8
2026-08-30T2300,1864A,110.3091,25.2705,桂林市,龙隐路小学,,20,11,9,9,5,64,NA,59,59,7,8,4,5,0.6,0.6
2026-08-30T2300,1865A,110.2849361,25.22909545,桂林市,八中,,24,11,12,7,5,75,NA,70,70,6,9,4,8,0.6,0.6
2026-08-30T2300,1867A,109.1435,21.4085,北海市,海滩公园,,18,12,22,6,13,55,NA,86,64,4,6,2,3,0.5,0.6
2026-08-30T2300,1868A,109.0983,21.466,北海市,新市环保局,,18,13,20,11,11,56,NA,81,64,7,8,1,3,0.4,0.5
2026-08-30T2300,1869A,109.1775,21.5232,北海市,北海工业园,,24,24,19,8,9,49,NA,72,59,4,5,1,2,0.4,0.5
2026-08-30T2300,1870A,109.4854,24.3898,柳州市,柳东小学,,20,12,14,5,7,64,NA,69,60,4,5,4,5,0.7,0.8
2026-08-30T2300,1871A,109.4109,24.3304,柳州市,环保监测站,,21,17,16,9,11,66,NA,64,63,6,9,8,11,0.7,1
2026-08-30T2300,1872A,109.3886,24.3408,柳州市,河西水厂,,23,17,20,6,7,50,NA,64,53,20,12,19,15,2.3,1.2
2026-08-30T2300,1873A,109.4263,24.2951,柳州市,市四中,,21,9,16,6,9,67,NA,67,65,4,6,8,10,0.7,0.8
2026-08-30T2300,1874A,109.396,24.3658,柳州市,市九中,,18,16,23,8,11,56,NA,53,52,7,11,8,14,0.7,1.1
2026-08-30T2300,1875A,109.4912,24.3164,柳州市,古亭山,,20,12,13,6,8,63,NA,68,60,5,5,3,4,0.6,0.7
2026-08-30T2300,1877A,109.4962,18.2682,三亚市,河西子站,,30,30,24,8,9,44,NA,55,48,4,3,3,3,0.5,0.4
2026-08-30T2300,1878A,104.7775,31.4741,绵阳市,富乐山,,42,42,29,26,11,74,NA,109,103,28,11,8,8,0.7,0.5
2026-08-30T2300,1880A,104.6698,31.4668,绵阳市,高新区自来水公司,细颗粒物(PM2.5),103,88,35,63,19,56,NA,122,110,43,21,10,8,0.6,0.4
2026-08-30T2300,1883A,104.6204,28.7728,宜宾市,市委,,35,35,20,19,12,40,NA,105,87,28,10,8,8,0.8,0.6
2026-08-30T2300,1884A,104.6056,28.7931,宜宾市,宜宾四中,颗粒物(PM10),51,51,22,21,12,44,NA,108,90,20,11,8,10,0.8,0.7
2026-08-30T2300,1886A,104.5743,28.7199,宜宾市,黄金嘴,,31,31,22,16,10,37,NA,94,74,23,10,6,6,0.6,0.4
2026-08-30T2300,1888A,101.6891,26.571,攀枝花市,弄弄坪,,30,30,32,14,9,53,NA,91,80,14,14,10,14,0.3,0.5
2026-08-30T2300,1889A,101.577,26.5914,攀枝花市,河门口,,23,23,26,10,11,56,NA,98,85,8,11,7,13,0.7,0.8
2026-08-30T2300,1891A,101.7365,26.4986,攀枝花市,仁和,,20,20,25,11,14,45,NA,83,68,8,16,6,26,0.5,2
2026-08-30T2300,1894A,105.4427,28.9063,泸州市,小市上码头,,32,32,23,13,8,45,NA,104,86,18,12,4,4,0.4,0.4
2026-08-30T2300,1895A,105.4241,28.8573,泸州市,兰田宪桥,,23,23,16,6,4,26,NA,94,74,15,9,5,6,0.6,0.5
2026-08-30T2300,1896A,105.4378,28.8833,泸州市,市环监站,,20,20,14,4,2,34,NA,103,84,23,10,4,4,0.7,0.6
2026-08-30T2300,1901A,104.424,31.1209,德阳市,东山公园,,34,33,26,20,17,106,NA,131,129,16,13,8,7,0.7,0.7
2026-08-30T2300,1902A,104.3827,31.1318,德阳市,西小区,细颗粒物(PM2.5),54,52,37,37,25,63,NA,135,121,38,27,13,13,0.8,0.8
2026-08-30T2300,1904A,104.3553,31.1091,德阳市,耐火材料厂,细颗粒物(PM2.5),90,75,45,55,29,51,NA,139,118,34,25,5,4,1.0,0.9
2026-08-30T2300,1906A,106.0791,30.8022,南充市,南充市委,,40,40,33,22,17,78,NA,108,100,12,11,7,6,0.3,0.3
2026-08-30T2300,1907A,106.1038,30.8215,南充市,南充炼油厂,,33,33,33,21,16,87,NA,113,107,12,12,4,4,0.5,0.5
2026-08-30T2300,1911A,106.9218,27.6872,遵义市,丁字口,,28,28,15,18,9,64,NA,73,68,5,4,8,7,0.5,0.5
2026-08-30T2300,1912A,106.9241,27.7044,遵义市,凤凰山,,24,24,15,15,10,71,NA,79,76,4,3,5,4,0.3,0.4
2026-08-30T2300,1913A,106.8895,27.648,遵义市,忠庄,,33,33,21,18,13,63,NA,79,73,10,8,3,2,0.4,0.5
2026-08-30T2300,1915A,106.9225,27.7253,遵义市,干田坝,,31,31,23,13,9,64,NA,79,74,6,3,4,3,0.5,0.5
2026-08-30T2300,1916A,103.7897,25.5036,曲靖市,环境监测站,,29,29,15,8,6,61,NA,89,80,14,9,7,3,0.6,0.4
2026-08-30T2300,1917A,103.8013,25.5357,曲靖市,烟厂办公区,,23,23,12,4,5,62,NA,93,82,8,4,2,2,0.6,0.6
2026-08-30T2300,1919A,108.6726,34.315,咸阳市,实验中学,颗粒物(PM10),55,56,41,33,18,81,NA,146,132,24,18,6,7,0.4,0.4
2026-08-30T2300,1920A,108.7226,34.3622,咸阳市,师范学院,,45,45,47,18,21,100,NA,154,132,11,15,6,7,0.6,0.6
2026-08-30T2300,1923A,109.0696,35.0699,铜川市,王益区政府,,41,41,60,17,18,51,NA,151,114,18,14,4,4,0.5,0.5
2026-08-30T2300,1924A,108.9345,34.9059,铜川市,新区管委会,颗粒物(PM10),55,57,51,20,19,79,NA,150,123,18,14,4,5,0.6,0.5
2026-08-30T2300,1927A,109.4569,36.6161,延安市,延大医附院,,32,32,30,9,11,16,NA,100,67,32,16,2,3,0.5,0.4
2026-08-30T2300,1929A,109.5053,36.6105,延安市,百米大道,颗粒物(PM10),89,104,41,20,14,12,NA,115,72,42,15,3,3,0.5,0.4
2026-08-30T2300,1931A,107.0802,34.3129,宝鸡市,竹园沟,,30,30,27,14,11,74,NA,118,98,9,6,4,4,0.3,0.3
2026-08-30T2300,1933A,107.1429,34.3549,宝鸡市,监测站,,36,36,32,16,13,69,NA,126,105,13,10,2,2,0.4,0.3
2026-08-30T2300,1934A,107.1172,34.3759,宝鸡市,技工学校,,37,37,30,15,12,65,NA,128,108,11,7,6,7,0.6,0.5
2026-08-30T2300,1936A,107.2025,34.3518,宝鸡市,文理学院,,48,48,31,18,13,71,NA,132,111,14,9,5,5,0.5,0.4
2026-08-30T2300,1937A,107.2396,34.3626,宝鸡市,三迪小学,,30,30,35,15,15,66,NA,126,102,19,14,4,4,0.6,0.5
2026-08-30T2300,1940A,109.4605,34.4927,渭南市,体育馆,,46,46,44,22,17,64,NA,139,101,29,22,4,7,0.3,0.3
2026-08-30T2300,1941A,109.4257,34.5067,渭南市,高新一小,,50,50,55,21,18,56,NA,141,103,27,17,4,8,0.6,0.6
2026-08-30T2300,1944A,102.1691,38.5166,金昌市,天庆家园,,31,27,54,14,14,99,NA,146,125,20,21,5,12,0.3,0.4
2026-08-30T2300,1945A,98.291,39.7705,嘉峪关市,气象局,,34,34,24,11,9,91,NA,159,139,41,14,10,10,0.5,0.4
2026-08-30T2300,1948A,106.3668,39.0145,石嘴山市,大武口朝阳西街,颗粒物(PM10),51,51,39,22,13,116,NA,158,140,34,23,10,17,0.6,0.6
2026-08-30T2300,1949A,106.7713,39.2278,石嘴山市,惠农南大街,颗粒物(PM10),53,54,30,16,9,60,NA,147,122,35,14,14,15,0.3,0.3
2026-08-30T2300,1950A,106.7074,39.1332,石嘴山市,红果子镇惠新街,颗粒物(PM10),64,69,31,24,7,58,NA,143,119,43,8,7,6,0.6,0.5
2026-08-30T2300,1951A,84.886,45.6029,克拉玛依市,长征新村,,28,25,32,13,13,89,NA,146,134,5,13,4,5,0.4,0.5
2026-08-30T2300,1952A,84.8894,45.5827,克拉玛依市,南林小区,,34,34,38,2,5,86,NA,136,123,13,16,3,4,0.5,0.6
2026-08-30T2300,1954A,84.896,44.3328,克拉玛依市,独山子区,细颗粒物(PM2.5),84,76,53,52,16,95,NA,161,143,22,16,5,5,1.1,1
2026-08-30T2300,1955A,85.6888,46.0909,克拉玛依市,乌尔禾区商贸楼,颗粒物(PM10),52,52,45,16,21,88,NA,114,111,6,19,6,7,0.5,0.6
2026-08-30T2300,1956A,86.1476,41.7529,巴音郭楞蒙古自治州,孔雀公园,颗粒物(PM10),100,120,73,37,22,19,NA,116,94,70,35,3,3,0.7,0.4
2026-08-30T2300,1957A,86.1971,41.7166,巴音郭楞蒙古自治州,棉纺厂,颗粒物(PM10),115,157,86,63,22,33,NA,121,98,61,23,/,/,/,/
2026-08-30T2300,1958A,86.236,41.7172,巴音郭楞蒙古自治州,经济开发区,颗粒物(PM10),62,66,48,28,17,55,NA,119,103,26,7,6,6,0.2,0.1
2026-08-30T2300,1961A,117.5323,36.6865,济南市,东山小学,,29,29,56,2,32,53,NA,126,92,30,25,3,4,0.4,0.6
2026-08-30T2300,1982A,122.0693,37.2175,威海市,文登开发区,,39,NA,20,27,16,50,NA,99,82,20,14,/,/,/,/
2026-08-30T2300,2031A,113.1836,27.9959,株洲市,云田中学,,26,18,29,10,25,82,NA,91,89,5,7,9,9,0.4,0.5
2026-08-30T2300,2054A,114.1096,32.1059,信阳市,平桥分局,,44,44,32,27,20,102,NA,92,92,9,8,7,7,0.4,0.4
2026-08-30T2300,2064A,113.9956,32.1272,信阳市,南湾水厂,,35,32,35,24,19,81,NA,83,82,9,8,7,7,0.5,0.6
2026-08-30T2300,2065A,114.078,32.1194,信阳市,市酿酒公司,,42,39,34,29,19,89,NA,84,84,11,9,6,6,0.6,0.7
2026-08-30T2300,2066A,114.0712,32.1393,信阳市,审计局,,46,46,36,25,19,95,NA,94,94,10,9,8,7,0.5,0.6
2026-08-30T2300,2068A,114.6755,33.6347,周口市,周口师范,,33,31,35,23,19,78,NA,113,102,17,11,5,5,0.5,0.6
2026-08-30T2300,2160A,112.8496,35.5051,晋城市,自来水公司,颗粒物(PM10),52,52,51,22,15,85,NA,152,142,23,16,6,8,0.8,1
2026-08-30T2300,2162A,112.8509,35.4886,晋城市,市环保局,,36,36,50,19,18,89,NA,146,134,19,14,4,7,0.7,0.9
2026-08-30T2300,2166A,112.4399,39.3521,朔州市,平朔,颗粒物(PM10),91,107,39,22,7,33,NA,94,76,22,15,4,6,0.3,0.2
2026-08-30T2300,2167A,112.4574,39.362,朔州市,朔唯,颗粒物(PM10),92,108,46,27,10,27,NA,98,78,28,25,5,7,/,/
2026-08-30T2300,2168A,112.426,39.3199,朔州市,区政府,,50,50,30,16,6,37,NA,90,74,25,14,12,11,0.4,0.2
2026-08-30T2300,2169A,112.4075,39.3277,朔州市,市环保局,,39,39,26,16,8,60,NA,96,82,16,11,4,4,/,/
2026-08-30T2300,2170A,112.4273,39.3682,朔州市,市二中,颗粒物(PM10),102,124,46,25,8,28,NA,102,75,30,22,3,4,/,/
2026-08-30T2300,2174A,112.6992,37.6984,晋中市,榆次区政府,,24,24,38,11,20,52,NA,111,88,10,14,8,10,0.3,0.3
2026-08-30T2300,2175A,110.996,35.0148,运城市,运城中学,颗粒物(PM10),55,56,57,24,26,89,NA,161,135,15,13,8,7,1.0,0.8
2026-08-30T2300,2178A,110.9685,35.0305,运城市,地区技校,颗粒物(PM10),60,64,59,30,29,78,NA,162,125,16,16,5,6,1.4,1
2026-08-30T2300,2181A,112.7313,38.457,忻州市,开发区,,23,13,22,12,6,71,NA,102,87,14,14,5,5,0.5,0.5
2026-08-30T2300,2182A,112.7023,38.4932,忻州市,会展中心,,23,23,21,11,9,53,NA,98,88,13,12,6,6,0.4,0.4
2026-08-30T2300,2183A,111.1447,37.5212,吕梁市,环保局,颗粒物(PM10),55,56,37,9,8,10,NA,115,70,56,20,2,3,0.4,0.3
2026-08-30T2300,2185A,111.1285,37.5338,吕梁市,自来水公司,颗粒物(PM10),57,59,41,18,11,40,NA,113,86,25,16,6,9,0.4,0.4
2026-08-30T2300,2187A,106.8172,39.6972,乌海市,市林业局,,37,37,34,7,11,97,NA,143,130,10,18,4,14,0.2,0.4
2026-08-30T2300,2188A,106.7907,39.6666,乌海市,中海勃湾学校,,46,46,36,12,11,77,NA,160,140,49,25,14,17,0.5,0.5
2026-08-30T2300,2191A,122.253,43.6801,通辽市,艺术职业学校,,27,27,28,15,8,26,NA,73,56,24,10,7,7,0.5,0.4
2026-08-30T2300,2195A,107.4206,40.7609,巴彦淖尔市,附二中,颗粒物(PM10),73,82,28,40,13,15,NA,130,104,68,19,18,10,0.9,0.5
2026-08-30T2300,2196A,107.37,40.7372,巴彦淖尔市,市环保大楼,,50,50,36,14,8,50,NA,129,101,27,7,13,14,0.7,0.5
2026-08-30T2300,2197A,113.1306,40.9924,乌兰察布市,集宁新区,,23,21,23,10,9,71,NA,101,89,12,14,10,8,0.3,0.3
2026-08-30T2300,2202A,116.1048,43.9318,锡林郭勒盟,市环保监测站,,18,17,17,2,4,57,NA,66,62,5,8,2,2,0.3,0.3
2026-08-30T2300,2203A,116.0778,43.9312,锡林郭勒盟,市政府,,20,20,16,7,4,61,NA,70,68,4,7,2,2,0.2,0.2
2026-08-30T2300,2205A,105.699,38.8409,阿拉善盟,蒙二幼,,44,23,22,8,4,139,NA,151,144,6,4,10,9,0.5,0.4
2026-08-30T2300,2206A,105.7198,38.8508,阿拉善盟,环保局新楼,,42,18,18,8,5,134,NA,140,134,3,3,11,11,0.5,0.4
2026-08-30T2300,2207A,121.6095,41.9978,阜新市,工业园区,,17,12,33,0,21,53,NA,98,76,13,14,4,6,0.5,0.7
2026-08-30T2300,2208A,121.6567,42.0188,阜新市,长青街,,17,10,29,0,19,52,NA,94,77,14,17,8,8,0.4,0.6
2026-08-30T2300,2209A,121.6672,42.07,阜新市,农业园区,,16,10,23,0,10,51,NA,92,74,11,11,10,4,0.8,0.8
2026-08-30T2300,2211A,121.6343,42.0455,阜新市,玉龙新城,,20,20,27,0,12,47,NA,101,70,24,20,5,6,0.2,0.5
2026-08-30T2300,2212A,123.1978,41.2036,辽阳市,宏伟区,,41,41,35,23,14,82,NA,141,113,12,11,6,7,0.9,0.8
2026-08-30T2300,2213A,123.1684,41.2497,辽阳市,新华园,颗粒物(PM10),80,91,43,32,21,24,NA,140,84,45,20,3,3,1.3,1.2
2026-08-30T2300,2214A,123.2355,41.2663,辽阳市,滨河路,,36,36,37,20,18,65,NA,147,96,18,16,8,9,0.8,0.9
2026-08-30T2300,2217A,123.865,42.292,铁岭市,水上乐园,,31,31,28,15,12,58,NA,100,78,19,18,9,10,0.3,0.4
2026-08-30T2300,2219A,123.7158,42.2218,铁岭市,金沙江路北,,33,33,32,12,17,32,NA,100,56,43,21,11,12,0.6,0.7
2026-08-30T2300,2220A,120.4318,41.588,朝阳市,西梁,,22,22,32,12,7,39,NA,90,63,14,18,7,10,0.7,0.8
2026-08-30T2300,2221A,120.452,41.565,朝阳市,河畔小区,,19,16,26,2,6,60,NA,94,75,8,12,13,14,0.5,0.5
2026-08-30T2300,2222A,120.4176,41.5648,朝阳市,八里堡,,27,27,32,9,8,28,NA,94,68,27,15,18,16,0.8,0.9
2026-08-30T2300,2226A,124.3744,43.1842,四平市,境园,,46,46,31,11,18,15,NA,95,48,34,15,5,5,0.3,0.5
2026-08-30T2300,2227A,125.1359,42.8845,辽源市,环保局,,32,32,26,14,9,15,NA,105,56,22,10,4,4,0.8,0.8
2026-08-30T2300,2229A,125.9359,41.7174,通化市,光明,,24,24,20,6,5,14,NA,84,45,9,6,9,9,0.5,0.4
2026-08-30T2300,2230A,125.9446,41.7323,通化市,铁路,,14,14,16,4,3,26,NA,86,50,9,9,4,5,0.6,0.6
2026-08-30T2300,2231A,126.4219,41.9172,白山市,喜丰,,33,33,26,6,8,3,NA,93,42,27,14,6,6,1.0,1
2026-08-30T2300,2232A,126.4082,41.9416,白山市,环保局,,20,20,20,4,8,26,NA,92,54,7,8,13,12,0.6,0.7
2026-08-30T2300,2233A,124.8007,45.1213,松原市,江南,,10,NA,14,6,8,32,NA,59,49,1,5,1,2,0.2,0.2
2026-08-30T2300,2234A,124.7967,45.1721,松原市,江北,,9,9,10,5,6,24,NA,60,43,5,5,2,1,0.3,0.3
2026-08-30T2300,2235A,122.7909,45.608,白城市,洮北区环保局,,16,16,17,4,6,32,NA,54,41,1,3,3,4,0.2,0.3
2026-08-30T2300,2236A,122.8741,45.5725,白城市,市环保局,,10,7,7,5,6,29,NA,50,39,6,7,2,3,0.4,0.4
2026-08-30T2300,2237A,129.4704,42.8885,延边朝鲜族自治州,妇幼医院,,15,10,13,10,8,9,NA,72,36,13,8,6,6,0.6,0.5
2026-08-30T2300,2238A,129.5047,42.9117,延边朝鲜族自治州,延边医院,,16,16,15,10,8,21,NA,78,44,14,7,4,4,0.7,0.7
2026-08-30T2300,2239A,129.395,42.8884,延边朝鲜族自治州,朝阳川镇医院,,15,15,13,7,10,11,NA,73,36,11,9,8,8,0.6,0.5
2026-08-30T2300,2240A,130.9618,45.2926,鸡西市,环保局,,17,17,9,8,8,33,NA,81,53,13,9,3,2,0.3,0.3
2026-08-30T2300,2243A,130.9294,45.2959,鸡西市,第一中学,,14,14,11,4,5,30,NA,77,50,12,8,3,3,0.2,0.2
2026-08-30T2300,2244A,130.2537,47.3416,鹤岗市,哈啤分公司,,9,9,12,4,3,21,NA,43,26,3,3,6,6,0.0,0.1
2026-08-30T2300,2245A,130.2683,47.3087,鹤岗市,斯达机电,,15,15,16,2,4,20,NA,39,23,8,6,5,5,0.2,0.1
2026-08-30T2300,2246A,130.3114,47.3388,鹤岗市,东山纸板厂,,26,26,23,2,4,14,NA,44,22,10,7,6,6,0.3,0.2
2026-08-30T2300,2248A,131.1509,46.6936,双鸭山市,双合村,,12,12,9,8,5,25,NA,62,34,10,10,8,8,0.3,0.2
2026-08-30T2300,2249A,131.1651,46.6191,双鸭山市,南小市,,18,NA,8,12,8,43,NA,72,42,4,7,10,7,0.3,0.3
2026-08-30T2300,2250A,131.1526,46.6554,双鸭山市,环保局,,32,32,17,16,7,29,NA,59,35,13,9,8,8,0.0,0
2026-08-30T2300,2252A,128.8663,47.7199,伊春市,环保局,,10,7,12,4,5,29,NA,39,29,4,5,3,2,0.5,0.5
2026-08-30T2300,2253A,128.9014,47.732,伊春市,电力嘉园,,9,6,12,3,5,27,NA,42,29,4,5,12,4,0.8,0.8
2026-08-30T2300,2255A,130.2749,46.8028,佳木斯市,佳纺,,19,NA,12,13,5,22,NA,33,30,7,6,2,2,0.2,0.3
2026-08-30T2300,2257A,130.3258,46.7975,佳木斯市,环保局,,13,13,15,2,6,29,NA,34,32,6,10,2,3,0.3,0.3
2026-08-30T2300,2263A,127.4832,50.2524,黑河市,交通局,,20,20,17,2,10,21,NA,46,26,6,7,8,7,0.4,0.3
2026-08-30T2300,2264A,127.5146,50.2339,黑河市,环保局,,28,22,13,19,9,16,NA,42,22,22,11,8,8,0.6,0.5
2026-08-30T2300,2266A,126.9783,46.6365,绥化市,人和东街,NA,NA,NA,15,NA,5,NA,NA,70,NA,NA,6,NA,12,NA,0.2
2026-08-30T2300,2267A,126.964,46.6527,绥化市,党政办公中心,,10,8,12,2,4,30,NA,76,58,6,8,8,9,0,0
2026-08-30T2300,2269A,124.1068,50.4091,大兴安岭地区,科技局,,22,16,16,15,11,57,NA,52,52,2,3,4,3,0.3,0.3
2026-08-30T2300,2270A,117.396,32.9389,蚌埠市,工人疗养院,细颗粒物(PM2.5),62,NA,29,41,16,105,NA,98,97,11,7,5,5,0.6,0.5
2026-08-30T2300,2271A,117.3606,32.9428,蚌埠市,百货大楼,细颗粒物(PM2.5),66,48,25,43,15,105,NA,105,104,14,8,11,10,0.8,0.6
2026-08-30T2300,2273A,117.4183,32.8909,蚌埠市,蚌埠学院,,43,NA,25,30,16,97,NA,94,92,8,5,6,5,0.6,0.4
2026-08-30T2300,2274A,117.3534,32.9672,蚌埠市,淮上区政府,细颗粒物(PM2.5),78,NA,28,49,18,93,NA,104,102,17,9,5,5,0.7,0.6
2026-08-30T2300,2275A,117.3143,32.8977,蚌埠市,高新区,细颗粒物(PM2.5),82,51,23,51,16,82,NA,96,94,29,8,13,11,0.6,0.5
2026-08-30T2300,2277A,116.8304,32.7726,淮南市,潘集区政府,,38,33,30,26,18,96,NA,106,106,10,7,7,5,0.5,0.4
2026-08-30T2300,2279A,116.8569,32.5949,淮南市,谢家集区政府,,42,34,32,29,21,109,NA,104,104,11,10,8,6,0.6,0.4
2026-08-30T2300,2280A,116.8279,32.6333,淮南市,八公山区政府,细颗粒物(PM2.5),52,40,30,36,21,101,NA,105,105,10,8,6,6,0.4,0.3
2026-08-30T2300,2282A,116.8005,33.9749,淮北市,监测站,,30,30,34,20,21,78,NA,95,91,15,13,6,5,0.7,0.7
2026-08-30T2300,2283A,116.8094,33.9008,淮北市,烈山区政府,,43,43,39,11,18,73,NA,100,94,13,9,5,5,0.5,0.6
2026-08-30T2300,2285A,117.8176,30.9412,铜陵市,市第四中学,,11,NA,34,6,12,34,NA,76,51,16,14,15,13,0.3,0.4
2026-08-30T2300,2287A,117.7806,30.9413,铜陵市,市新民污水厂,,13,13,21,6,11,38,NA,75,55,11,13,15,10,0.2,0.4
2026-08-30T2300,2289A,117.846,30.9414,铜陵市,车站新区,,25,25,35,5,12,37,NA,70,49,14,14,7,9,0.4,0.5
2026-08-30T2300,2290A,117.8472,30.9699,铜陵市,市职教基地,,11,3,24,3,11,33,NA,68,47,14,16,4,6,0.6,0.7
2026-08-30T2300,2291A,117.0806,30.5181,安庆市,环科院,,15,8,21,4,14,46,NA,94,73,2,4,5,5,0.6,0.7
2026-08-30T2300,2292A,117.0331,30.5118,安庆市,马山宾馆,,15,9,20,4,14,47,NA,94,72,4,6,3,4,0.5,0.7
2026-08-30T2300,2294A,116.9897,30.6146,安庆市,安庆大学,,15,7,20,6,14,47,NA,82,64,6,7,4,4,0.3,0.4
2026-08-30T2300,2295A,118.2905,29.6965,黄山市,延安路89号,,15,8,12,1,5,48,NA,55,43,3,3,3,3,0.5,0.5
2026-08-30T2300,2297A,118.1369,30.2755,黄山市,黄山区政府5号楼,,23,7,17,0,8,72,NA,64,62,2,3,3,3,0.5,0.5
2026-08-30T2300,2301A,115.8276,32.8929,阜阳市,市监测站,NA,NA,31,27,13,20,85,NA,87,86,12,9,8,8,NA,0.7
2026-08-30T2300,2303A,115.8551,32.8606,阜阳市,开发区,,35,35,32,11,20,80,NA,87,87,14,10,6,5,0.6,0.5
2026-08-30T2300,2307A,116.5078,31.7369,六安市,监测大楼,,25,NA,23,17,21,75,NA,70,70,1,3,4,4,0.6,0.6
2026-08-30T2300,2308A,116.4738,31.7642,六安市,皖西学院,,26,20,24,18,21,83,NA,77,77,2,4,7,7,0.7,0.7
2026-08-30T2300,2309A,116.4997,31.7904,六安市,朝阳厂,,22,NA,20,15,19,67,NA,61,61,5,7,2,2,0.4,0.4
2026-08-30T2300,2310A,116.5566,31.7885,六安市,开发区,,25,NA,26,17,20,76,NA,72,72,4,6,6,6,0.3,0.4
2026-08-30T2300,2311A,115.8071,33.8399,亳州市,污水处理厂,NA,NA,NA,42,NA,28,48,NA,107,98,15,10,3,4,NA,0.6
2026-08-30T2300,2312A,115.7789,33.8519,亳州市,三国揽胜宫,,49,49,41,26,28,87,NA,107,102,12,9,7,4,0.7,0.7
2026-08-30T2300,2314A,117.4698,30.6617,池州市,池州学院,,12,8,21,4,13,38,NA,82,70,11,17,4,6,0.3,0.5
2026-08-30T2300,2316A,118.7578,30.9457,宣城市,鳌峰子站,,12,10,18,0,10,38,NA,79,61,2,4,5,5,0.3,0.4
2026-08-30T2300,2317A,118.7384,30.9745,宣城市,敬亭山子站,,13,8,21,0,12,40,NA,75,57,1,7,4,5,0.4,0.5
2026-08-30T2300,2318A,118.7172,30.9428,宣城市,开发区子站,,14,8,19,2,13,42,NA,83,63,2,4,6,5,0.6,0.6
2026-08-30T2300,2319A,119.0142,25.4324,莆田市,荔城区仓后路,,21,21,17,8,8,55,NA,73,68,11,9,/,/,/,/
2026-08-30T2300,2320A,119.0016,25.4553,莆田市,莆田市监测站,,17,15,18,7,6,52,NA,77,62,2,3,4,4,0.4,0.4
2026-08-30T2300,2321A,119.112,25.4561,莆田市,涵江区六中,,20,19,16,8,6,61,NA,88,85,8,6,/,/,0.3,0.3
2026-08-30T2300,2322A,119.1014,25.3215,莆田市,秀屿区政府,,20,2,11,0,6,64,NA,86,83,2,3,5,5,0.3,0.4
2026-08-30T2300,2324A,117.621,26.2626,三明市,三钢,,23,23,20,11,9,9,NA,65,30,18,10,4,4,0.6,0.6
2026-08-30T2300,2325A,117.6352,26.2714,三明市,三明二中,,15,15,21,8,10,14,NA,68,33,12,7,5,6,0.6,0.6
2026-08-30T2300,2326A,117.6028,26.2377,三明市,三元区政府,,29,29,24,10,12,10,NA,69,31,8,8,6,7,0.7,0.6
2026-08-30T2300,2332A,118.1682,26.6371,南平市,南平市监测站,,18,17,14,12,8,32,NA,74,61,14,7,4,6,0.6,0.5
2026-08-30T2300,2334A,118.1757,26.6276,南平市,南平七中,,13,10,20,9,8,38,NA,74,64,10,5,4,4,0.5,0.5
2026-08-30T2300,2336A,117.022,25.1031,龙岩市,龙岩市监测站,,26,NA,21,18,16,37,NA,71,49,9,8,9,9,0.3,0.2
2026-08-30T2300,2337A,117.0257,25.0662,龙岩市,闽西职业技术学院,,19,19,24,4,11,22,NA,68,44,7,5,4,5,0.2,0.3
2026-08-30T2300,2338A,117.0195,25.0306,龙岩市,龙岩学院,,18,18,20,6,10,19,NA,64,37,6,6,2,2,/,/
2026-08-30T2300,2341A,119.5387,26.6611,宁德市,宁德市监测站,,15,15,14,9,7,35,NA,78,63,18,9,5,5,0.7,0.6
2026-08-30T2300,2343A,117.2114,29.2931,景德镇市,老干部活动中心,,13,9,9,8,5,40,NA,51,39,6,5,3,3,0.8,0.8
2026-08-30T2300,2344A,117.1893,29.2789,景德镇市,兽医站,,22,22,21,2,4,40,NA,54,38,2,3,4,4,0.5,0.5
2026-08-30T2300,2346A,117.246,29.2958,景德镇市,陶研所,,13,7,11,7,4,41,NA,52,37,2,3,3,4,0.5,0.5
2026-08-30T2300,2348A,113.8384,27.6436,萍乡市,中医院,,15,15,13,6,4,18,NA,69,38,19,9,8,6,0.9,0.7
2026-08-30T2300,2350A,113.8677,27.6438,萍乡市,市环保局,,15,15,9,9,8,22,NA,79,42,12,5,4,3,0.8,0.4
2026-08-30T2300,2351A,113.8663,27.6202,萍乡市,安源区政府,,18,18,13,3,6,16,NA,68,34,8,7,6,7,0.8,1
2026-08-30T2300,2353A,114.9887,27.8433,新余市,飞宇,,28,28,28,15,13,44,NA,80,56,13,11,7,5,0.5,0.5
2026-08-30T2300,2354A,114.9234,27.8248,新余市,第二水厂,,26,26,29,16,13,56,NA,95,72,9,8,6,5,0.7,0.6
2026-08-30T2300,2355A,114.931,27.8037,新余市,市气象局,,27,27,26,15,14,51,NA,83,60,9,9,1,4,0.5,0.5
2026-08-30T2300,2358A,117.0561,28.2641,鹰潭市,新监测站,,29,29,25,4,6,26,NA,77,53,20,6,4,7,0.5,0.5
2026-08-30T2300,2359A,117.0312,28.2474,鹰潭市,财苑宾馆,,27,27,25,6,7,22,NA,82,54,23,5,1,5,/,/
2026-08-30T2300,2360A,117.0221,28.2263,鹰潭市,体育馆,,28,28,27,7,8,13,NA,80,47,27,9,4,8,0.5,0.5
2026-08-30T2300,2363A,114.9368,25.8663,赣州市,地委,,22,9,21,2,8,68,NA,78,70,3,5,2,3,0.6,0.6
2026-08-30T2300,2364A,114.946,25.8483,赣州市,气象台,,20,18,22,2,10,64,NA,81,71,5,5,3,5,0.6,0.5
2026-08-30T2300,2365A,114.932,25.8332,赣州市,市图书馆,,23,2,17,2,7,72,NA,87,77,4,4,4,4,0.6,0.7
2026-08-30T2300,2366A,114.8905,25.8472,赣州市,华坚鞋城,NA,NA,8,22,2,10,NA,NA,79,NA,4,7,1,2,0.7,0.8
2026-08-30T2300,2367A,114.9753,27.0803,吉安市,红声器材厂,,20,20,24,7,9,50,NA,82,65,10,6,7,7,0.3,0.4
2026-08-30T2300,2369A,114.9903,27.1313,吉安市,市环境监测站,,19,19,22,1,6,53,NA,76,62,8,5,11,11,/,/
2026-08-30T2300,2370A,115.009527,27.096792,吉安市,青原区法院,,27,27,26,2,7,61,NA,84,67,8,7,7,8,0.3,0.3
2026-08-30T2300,2373A,114.3954,27.7843,宜春市,市石油公司,,27,27,19,7,6,14,NA,66,34,5,4,4,4,0.6,0.5
2026-08-30T2300,2374A,114.37,27.7916,宜春市,市气象局,,24,24,19,16,16,18,NA,68,36,10,6,1,2,0.5,0.5
2026-08-30T2300,2375A,114.401,27.8059,宜春市,市广电局,,12,12,14,8,10,30,NA,70,46,9,6,3,3,0.3,0.3
2026-08-30T2300,2377A,116.3544,27.9833,抚州市,市站,颗粒物(PM10),74,83,28,6,10,44,NA,82,63,2,3,4,7,0.4,0.5
2026-08-30T2300,2378A,116.3562,27.9631,抚州市,血防站,,18,18,27,6,7,36,NA,73,53,4,7,4,6,0.5,0.5
2026-08-30T2300,2379A,116.3561,28.0007,抚州市,采茶剧团,,21,21,24,3,14,42,NA,88,65,3,4,6,9,0.6,0.6
2026-08-30T2300,2380A,116.3854,27.9648,抚州市,医学分院,,22,22,26,10,11,38,NA,86,60,5,5,6,6,0.4,0.4
2026-08-30T2300,2382A,117.9758,28.4439,上饶市,市监测站,,19,18,16,8,5,58,NA,95,85,4,4,12,2,/,/
2026-08-30T2300,2383A,117.9521,28.4637,上饶市,凤凰光学,,22,22,18,9,8,60,NA,95,86,7,6,5,7,0.4,0.5
2026-08-30T2300,2385A,114.17,35.9019,鹤壁市,市监测站,,42,37,49,29,31,104,NA,140,111,7,8,2,6,0.6,1.2
2026-08-30T2300,2386A,114.2953,35.7512,鹤壁市,市交警支队,,39,39,44,19,29,76,NA,126,96,14,16,4,8,0.7,1
2026-08-30T2300,2387A,114.2877,35.7302,鹤壁市,迎宾馆,,28,25,47,19,23,82,NA,130,105,14,16,4,9,0.7,1
2026-08-30T2300,2389A,113.836,35.3104,新乡市,环保西院,,46,46,47,25,21,40,NA,136,105,30,12,9,12,0.8,1
2026-08-30T2300,2390A,113.8847,35.2724,新乡市,开发区,,39,39,36,27,18,55,NA,131,105,26,13,11,11,0.6,0.8
2026-08-30T2300,2391A,113.8836,35.3028,新乡市,环保东院,,33,33,40,19,18,85,NA,139,120,20,11,9,10,0.8,1
2026-08-30T2300,2392A,115.0312,35.7636,濮阳市,环保局,颗粒物(PM10),51,51,30,24,17,40,NA,122,102,29,12,5,5,0.5,0.4
2026-08-30T2300,2398A,113.7904,33.9949,许昌市,开发区,,33,26,32,17,16,103,NA,130,120,8,9,4,5,0.1,0.2
2026-08-30T2300,2399A,114.051,33.5721,漯河市,三五一五工厂,颗粒物(PM10),52,52,31,26,21,91,NA,118,112,22,14,9,7,0.6,0.6
2026-08-30T2300,2400A,114.0055,33.5698,漯河市,漯河大学,,43,43,34,26,21,101,NA,121,117,18,14,8,7,0.6,0.6
2026-08-30T2300,2401A,114.0134,33.5826,漯河市,市水利局,,42,41,32,29,20,97,NA,120,115,19,14,9,8,0.5,0.5
2026-08-30T2300,2402A,114.0261,33.5697,漯河市,市广电局,,42,42,29,24,19,98,NA,120,114,22,16,16,6,0.5,0.6
2026-08-30T2300,2404A,112.5338,33.0086,南阳市,瓦房庄,颗粒物(PM10),54,55,46,20,18,105,NA,141,130,11,9,8,8,0.6,0.7
2026-08-30T2300,2405A,112.5002,32.9734,南阳市,汉画馆,,50,50,48,15,17,102,NA,138,130,11,11,9,10,0.8,0.9
2026-08-30T2300,2406A,112.5778,33.0144,南阳市,气象站,,38,38,45,12,18,105,NA,139,127,11,10,8,10,0.7,0.8
2026-08-30T2300,2407A,112.548,32.9687,南阳市,理工学院,,37,37,46,10,21,114,NA,142,131,9,11,10,11,0.7,0.9
2026-08-30T2300,2408A,115.6701,34.4283,商丘市,环境监测站,颗粒物(PM10),55,56,56,24,29,71,NA,96,90,20,13,5,4,0.5,0.5
2026-08-30T2300,2409A,115.6458,34.4047,商丘市,粮食局,,46,46,43,23,26,97,NA,102,100,13,10,8,6,0.6,0.7
2026-08-30T2300,2420A,114.0194,32.9648,驻马店市,市一纸厂,,32,21,33,10,19,102,NA,121,116,10,9,8,6,0.2,0.4
2026-08-30T2300,2421A,114.0112,33.0149,驻马店市,市彩印厂,,32,32,37,22,20,95,NA,115,109,8,8,5,5,0.3,0.4
2026-08-30T2300,2423A,115.0547,30.2332,黄石市,沈家营,,22,22,39,6,15,40,NA,97,48,3,5,4,5,0.3,0.4
2026-08-30T2300,2426A,114.899,30.211,黄石市,铁山,,22,22,29,9,18,48,NA,112,66,6,8,4,4,0.5,0.7
2026-08-30T2300,2427A,115.0259,30.2108,黄石市,团城山,,30,30,37,6,16,33,NA,88,46,3,3,4,4,0.2,0.3
2026-08-30T2300,2429A,110.78,32.6494,十堰市,滨河新村,颗粒物(PM10),51,51,33,23,13,52,NA,131,103,24,10,/,/,0.9,0.7
2026-08-30T2300,2430A,110.7305,32.6408,十堰市,刘家沟,,37,37,29,13,11,72,NA,126,103,9,5,/,/,/,/
2026-08-30T2300,2431A,110.8843,32.5712,十堰市,铁二处,,41,41,34,16,14,51,NA,122,84,14,8,9,9,0.6,0.6
2026-08-30T2300,2432A,112.1555,32.0197,襄阳市,襄城运动路,,45,45,58,19,25,118,NA,144,132,8,11,7,9,0.6,0.8
2026-08-30T2300,2434A,112.1829,32.1146,襄阳市,高新管委会,颗粒物(PM10),52,52,53,26,31,104,NA,143,130,17,14,8,9,0.6,0.7
2026-08-30T2300,2435A,112.2105,32.0903,襄阳市,襄州航空路,,41,41,58,18,26,109,NA,143,128,10,11,7,8,0.6,0.7
2026-08-30T2300,2436A,114.894,30.3989,鄂州市,市政府,NA,NA,29,31,12,17,NA,NA,95,74,8,10,3,4,0.4,0.5
2026-08-30T2300,2437A,114.8986,30.3714,鄂州市,赵家坝,,24,24,34,6,18,62,NA,105,72,7,8,3,3,0.5,0.6
2026-08-30T2300,2439A,112.2012,31.048,荆门市,竹园小学,,40,40,48,13,23,115,NA,144,132,7,9,6,7,0.7,0.7
2026-08-30T2300,2440A,112.1968,30.9892,荆门市,掇刀,,37,35,41,15,20,117,NA,145,134,4,5,11,12,0.6,0.6
2026-08-30T2300,2444A,113.9062,30.9378,孝感市,东城区,,28,28,30,12,15,81,NA,92,80,2,2,6,5,0.6,0.6
2026-08-30T2300,2446A,114.9021,30.474,黄冈市,职工中心,,23,20,26,16,18,68,NA,91,70,5,4,12,12,0.4,0.5
2026-08-30T2300,2451A,113.3587,31.7275,随州市,市委党校,,34,28,24,22,14,107,NA,113,113,7,6,7,7,0.9,0.9
2026-08-30T2300,2452A,113.3745,31.6926,随州市,市林业局,,32,31,23,18,12,102,NA,107,107,5,6,3,3,0.7,0.8
2026-08-30T2300,2453A,113.3984,31.7309,随州市,市立交桥水厂,,32,32,26,20,13,92,NA,109,108,9,8,5,5,0.7,0.7
2026-08-30T2300,2454A,109.4978,30.2979,恩施土家族苗族自治州,湖北民院,,48,48,27,23,14,100,NA,116,99,4,4,7,7,0.2,0.2
2026-08-30T2300,2457A,112.6209,26.9268,衡阳市,衡阳化工总厂,,29,24,27,20,14,69,NA,80,77,7,5,4,5,0.7,0.6
2026-08-30T2300,2458A,112.621,26.8957,衡阳市,珠晖区环保局,NA,NA,NA,NA,16,12,63,NA,80,77,17,9,6,6,0.9,0.9
2026-08-30T2300,2459A,112.628,26.8654,衡阳市,市委党校,,26,22,22,18,15,78,NA,89,87,13,6,6,6,0.8,0.8
2026-08-30T2300,2460A,112.6007,26.8977,衡阳市,市监测站,,25,25,20,17,14,80,NA,90,87,7,6,4,4,0.7,0.7
2026-08-30T2300,2461A,112.5658,26.9013,衡阳市,真空机电公司,,28,18,19,18,13,87,NA,94,93,6,6,5,6,0.8,0.8
2026-08-30T2300,2464A,111.5277,27.2442,邵阳市,市化工厂,,36,28,13,25,14,99,NA,91,91,3,3,7,6,0.5,0.4
2026-08-30T2300,2466A,111.4327,27.2276,邵阳市,市环保局,,40,36,19,28,17,82,NA,86,86,13,7,4,4,0.7,0.7
2026-08-30T2300,2468A,112.3458,28.581,益阳市,市环保局,,30,26,31,21,18,85,NA,107,101,5,7,5,6,0.6,0.7
2026-08-30T2300,2473A,113.0116,25.8228,郴州市,市职中,,15,10,10,10,6,44,NA,66,60,6,7,8,8,0.9,0.8
2026-08-30T2300,2475A,113.0381,25.8074,郴州市,市审计局,,16,14,11,8,8,50,NA,61,56,5,7,7,9,/,/
2026-08-30T2300,2476A,113.0348,25.7757,郴州市,市环保局,,15,9,16,9,15,47,NA,60,54,4,6,8,13,0.7,0.7
2026-08-30T2300,2478A,111.6126,26.4266,永州市,市环境监测站,,29,28,17,20,13,71,NA,85,80,9,7,5,4,0.8,0.7
2026-08-30T2300,2480A,111.6248,26.3803,永州市,永州市环保局,,31,31,19,18,12,90,NA,97,95,5,5,5,5,0.8,0.8
2026-08-30T2300,2481A,111.5989,26.4523,永州市,冷水滩区环保局,,32,32,18,18,12,69,NA,84,77,8,4,5,5,0.8,0.8
2026-08-30T2300,2483A,109.9297,27.5383,怀化市,河西地税局,,39,39,23,19,16,8,NA,80,54,36,11,2,2,/,/
2026-08-30T2300,2484A,109.9783,27.5342,怀化市,市四医院,,33,33,22,22,18,51,NA,82,71,16,12,8,7,0.5,0.5
2026-08-30T2300,2485A,109.9971,27.5579,怀化市,监测楼,,34,34,25,21,16,40,NA,76,62,12,10,3,5,0.5,0.5
2026-08-30T2300,2488A,111.9984,27.7346,娄底市,市监测站,,28,28,19,17,11,87,NA,86,86,5,6,2,3,0.6,0.6
2026-08-30T2300,2491A,111.9888,27.7035,娄底市,市政府,,28,19,17,15,10,89,NA,86,86,4,4,2,3,0.4,0.4
2026-08-30T2300,2493A,109.7298,28.3164,湘西土家族苗族自治州,州政府,,30,30,24,20,16,35,NA,84,59,6,4,4,3,0.5,0.5
2026-08-30T2300,2494A,109.6957,28.2676,湘西土家族苗族自治州,吉首市计生局,,28,27,20,19,14,37,NA,85,63,9,8,5,6,0.3,0.3
2026-08-30T2300,2496A,111.3126,23.4772,梧州市,市十一中,,20,NA,20,8,10,64,NA,54,54,4,13,7,7,0.4,0.5
2026-08-30T2300,2498A,111.26,23.4794,梧州市,龙新,,21,8,18,2,8,65,NA,54,54,6,12,7,9,0.4,0.5
2026-08-30T2300,2499A,108.3411,21.6159,防城港市,沙万,,15,14,23,10,12,34,NA,53,49,12,8,3,3,0.7,0.6
2026-08-30T2300,2500A,108.3515,21.7733,防城港市,防城档案局,,19,15,23,7,12,59,NA,58,54,3,5,4,3,0.6,0.6
2026-08-30T2300,2501A,108.3506,21.6414,防城港市,大海花园,NA,NA,NA,18,12,13,50,NA,70,64,6,4,5,6,0.6,0.6
2026-08-30T2300,2502A,108.6238,21.9667,钦州市,市环保站,,15,9,18,9,8,47,NA,66,54,7,8,4,5,0.6,0.6
2026-08-30T2300,2503A,108.655,21.9481,钦州市,沙埠小学,,16,14,28,1,9,50,NA,68,54,5,8,5,5,0.4,0.5
2026-08-30T2300,2504A,108.5989,21.7435,钦州市,港区一小,,18,18,25,4,13,48,NA,70,54,11,10,4,5,0.6,0.6
2026-08-30T2300,2506A,109.604387,23.066791,贵港市,江南子站,,18,NA,15,11,12,55,NA,65,63,5,7,2,3,0.6,0.6
2026-08-30T2300,2508A,109.5669,23.1065,贵港市,荷城子站,,17,NA,15,8,10,53,NA,64,63,6,8,3,5,0.7,0.7
2026-08-30T2300,2511A,110.1433,22.6162,玉林市,南江一中,,13,13,28,2,12,39,NA,61,47,12,19,3,6,0.5,0.6
2026-08-30T2300,2512A,106.6102,23.901,百色市,市监测站,,19,12,18,12,5,60,NA,56,50,5,5,7,7,0.4,0.4
2026-08-30T2300,2513A,106.6524,23.8842,百色市,市中心血站,,34,34,27,10,7,33,NA,60,46,23,12,7,7,0.5,0.5
2026-08-30T2300,2514A,111.5264,24.4178,贺州市,环保小区,,18,12,8,4,5,55,NA,58,56,6,7,11,11,0.3,0.4
2026-08-30T2300,2515A,111.561,24.4074,贺州市,政协大楼,,15,11,9,6,6,47,NA,61,55,5,8,9,9,0.6,0.6
2026-08-30T2300,2517A,108.0496,24.6957,河池市,市环保站,,24,6,16,3,8,76,NA,74,74,3,6,6,6,0.7,0.7
2026-08-30T2300,2520A,109.2203,23.7252,来宾市,来宾技工学校,,22,10,20,7,9,68,NA,63,52,4,7,8,9,0.5,0.5
2026-08-30T2300,2521A,107.3473,22.4137,崇左市,市环保局江州分局,NA,NA,NA,NA,NA,14,89,NA,NA,NA,NA,NA,NA,6,NA,NA
2026-08-30T2300,2524A,105.8211,32.4444,广元市,老城,,32,32,19,19,6,41,NA,101,78,32,16,5,6,0.4,0.4
2026-08-30T2300,2526A,105.8629,32.429,广元市,监测站,,29,29,24,9,2,60,NA,104,90,12,10,6,5,0.4,0.3
2026-08-30T2300,2528A,105.5581,30.5231,遂宁市,市监测站,,46,46,34,20,15,85,NA,116,105,11,10,11,8,0.6,0.6
2026-08-30T2300,2530A,105.5917,30.4727,遂宁市,美宁食品公司,,33,33,30,22,16,81,NA,118,106,11,12,11,10,0.6,0.5
2026-08-30T2300,2531A,105.0703,29.61,内江市,市监测站,,38,27,22,26,13,76,NA,107,92,16,9,7,7,0.5,0.4
2026-08-30T2300,2533A,105.0657,29.5807,内江市,内江二中,,29,28,22,20,13,47,NA,105,83,26,9,7,7,0.4,0.3
2026-08-30T2300,2534A,105.0407,29.5828,内江市,内江日报社,,35,NA,15,24,13,49,NA,106,89,24,10,3,3,0.4,0.3
2026-08-30T2300,2536A,103.7629,29.5844,乐山市,牛耳桥,颗粒物(PM10),53,53,27,24,9,32,NA,116,91,31,14,6,6,0.5,0.4
2026-08-30T2300,2537A,103.7501,29.6002,乐山市,市第三水厂,细颗粒物(PM2.5),58,56,25,39,10,28,NA,124,98,34,14,4,4,1.0,0.8
2026-08-30T2300,2538A,103.7571,29.5664,乐山市,市监测站,,45,45,20,26,8,41,NA,125,103,28,11,5,4,0.9,0.8
2026-08-30T2300,2540A,103.8414,30.0871,眉山市,气象局,颗粒物(PM10),58,61,45,34,18,21,NA,124,92,47,22,8,10,1.0,0.9
2026-08-30T2300,2544A,106.6307,30.4577,广安市,市委,,50,37,24,35,19,70,NA,98,90,13,8,8,8,0.5,0.4
2026-08-30T2300,2545A,106.6266,30.4662,广安市,友谊中学,,43,43,29,30,17,85,NA,108,105,10,7,10,11,0.4,0.4
2026-08-30T2300,2547A,106.6386,30.4551,广安市,广电花园,,48,34,24,33,21,73,NA,102,97,16,9,10,10,0.6,0.6
2026-08-30T2300,2549A,107.5087,31.2186,达州市,市环境监测站,,40,40,35,17,13,35,NA,108,85,31,21,6,7,0.4,0.4
2026-08-30T2300,2550A,107.4988,31.2132,达州市,凤凰小区,,41,41,37,24,15,35,NA,125,97,35,18,5,7,0.4,0.3
2026-08-30T2300,2551A,107.5081,31.1987,达州市,达县机关宾馆,,44,44,35,19,14,17,NA,120,84,59,25,5,6,0.4,0.3
2026-08-30T2300,2552A,107.4644,31.2124,达州市,市政中心,,43,43,47,16,14,38,NA,133,104,48,21,4,6,0.3,0.2
2026-08-30T2300,2555A,103.011,29.9833,雅安市,市政府,,16,16,18,6,7,43,NA,74,59,5,5,5,5,0.3,0.3
2026-08-30T2300,2556A,102.9907,29.9778,雅安市,川农大,,16,16,17,7,7,49,NA,55,51,6,5,6,6,0.3,0.4
2026-08-30T2300,2562A,104.6357,30.1508,资阳市,资阳中学,,48,48,32,18,13,50,NA,111,86,14,8,5,5,0.4,0.4
2026-08-30T2300,2565A,104.6297,30.1259,资阳市,区法院,,32,24,19,22,16,52,NA,119,94,26,12,4,4,0.5,0.4
2026-08-30T2300,2568A,102.2503,31.8896,阿坝藏族羌族自治州,马师校,,29,29,21,8,7,48,NA,89,78,6,5,4,4,0.3,0.3
2026-08-30T2300,2570A,101.96,30.048,甘孜藏族自治州,水桥子,,27,27,12,11,5,8,NA,72,35,27,18,3,3,0.3,0.2
2026-08-30T2300,2573A,102.2629,27.8981,凉山彝族自治州,西昌市政府,,21,15,10,8,8,65,NA,98,85,4,4,5,5,0.4,0.4
2026-08-30T2300,2574A,102.2686,27.885,凉山彝族自治州,凉山州政府,,19,16,14,12,9,60,NA,102,88,8,5,2,3,0.4,0.4
2026-08-30T2300,2577A,104.8293,26.592,六盘水市,黄土坡,,28,20,13,4,5,89,NA,96,95,7,6,4,4,0.2,0.2
2026-08-30T2300,2579A,104.8481,26.5898,六盘水市,民中,,28,14,11,7,6,87,NA,96,95,9,6,2,2,0.3,0.3
2026-08-30T2300,2580A,104.9541,26.5506,六盘水市,双水,,31,27,12,6,6,97,NA,99,99,8,7,5,5,0.7,0.7
2026-08-30T2300,2585A,109.1839,27.7344,铜仁市,铜仁卫校,,14,14,13,9,9,40,NA,85,76,17,4,8,4,0.5,0.4
2026-08-30T2300,2586A,109.1752,27.6945,铜仁市,铜仁七中,,18,18,16,9,9,34,NA,86,66,14,7,6,6,0.5,0.5
2026-08-30T2300,2587A,105.287,27.3133,毕节市,八中,,32,20,14,8,7,100,NA,96,96,4,4,7,6,0.5,0.5
2026-08-30T2300,2588A,105.3079,27.2987,毕节市,师专,,30,21,12,11,8,96,NA,94,94,5,5,8,7,0.4,0.4
2026-08-30T2300,2589A,104.9022,25.0943,黔西南布依族苗族自治州,场坝街,,33,33,36,17,14,69,NA,91,81,12,13,7,25,0.3,0.3
2026-08-30T2300,2590A,104.8812,25.0994,黔西南布依族苗族自治州,坪东大道,,19,19,19,3,10,46,NA,89,70,16,15,4,10,0.4,0.3
2026-08-30T2300,2591A,107.9765,26.5724,黔东南苗族侗族自治州,市环境监测站,,28,NA,11,19,11,22,NA,56,44,16,6,2,2,0.6,0.6
2026-08-30T2300,2593A,107.5223,26.2371,黔南布依族苗族自治州,小围寨,,22,NA,9,15,8,38,NA,49,42,6,5,4,4,0.5,0.5
2026-08-30T2300,2594A,99.1589,25.1137,保山市,市环境监测站,,25,25,18,11,8,35,NA,82,64,7,7,7,7,0.3,0.3
2026-08-30T2300,2595A,99.1616,25.1381,保山市,市环保局,,16,16,10,10,8,42,NA,83,66,4,4,5,6,0.4,0.3
2026-08-30T2300,2596A,103.7668,27.3736,昭通市,监测站,,40,40,28,18,17,80,NA,100,94,11,6,6,4,0.3,0.3
2026-08-30T2300,2599A,100.2497,26.8802,丽江市,丽江古城,,20,15,14,9,6,61,NA,68,64,8,9,4,5,0.7,0.7
2026-08-30T2300,2600A,100.2203,26.8906,丽江市,市中心,,20,NA,10,9,6,62,NA,66,64,3,5,7,8,0.5,0.6
2026-08-30T2300,2601A,100.9801,22.7634,普洱市,市环保局,,41,41,28,18,10,35,NA,74,54,4,6,6,6,0.7,0.7
2026-08-30T2300,2602A,100.9763,22.8237,普洱市,普洱第二中学,,27,27,27,12,10,26,NA,74,55,6,7,6,6,0.6,0.6
2026-08-30T2300,2603A,100.0779,23.8981,临沧市,市环保局,,26,NA,16,18,9,27,NA,76,56,14,9,6,6,0.6,0.4
2026-08-30T2300,2604A,100.0894,23.882,临沧市,市气象局,,28,19,16,19,12,39,NA,79,63,8,6,4,3,0.6,0.5
2026-08-30T2300,2606A,101.5379,25.0492,楚雄彝族自治州,市经济开发区,,22,20,14,15,9,53,NA,64,61,12,10,2,3,0.4,0.5
2026-08-30T2300,2610A,104.2533,23.3595,文山壮族苗族自治州,州水务局,,27,15,27,11,17,84,NA,91,91,6,9,6,8,0.3,0.4
2026-08-30T2300,2611A,104.2319,23.3892,文山壮族苗族自治州,市便民服务中心,,26,13,25,12,16,82,NA,90,89,9,12,5,5,0.2,0.2
2026-08-30T2300,2612A,100.8018,21.9995,西双版纳傣族自治州,景洪市江南,,29,29,20,15,9,20,NA,58,44,8,8,8,8,0.9,0.8
2026-08-30T2300,2613A,100.7995,22.0238,西双版纳傣族自治州,景洪市江北,,42,42,21,15,7,14,NA,48,32,7,5,9,10,0.8,0.7
2026-08-30T2300,2614A,100.2168,25.5818,大理白族自治州,大理市环境监测站,,25,25,12,16,9,34,NA,69,58,20,12,5,5,0.7,0.3
2026-08-30T2300,2615A,100.1542,25.7055,大理白族自治州,大理古城,,15,10,12,10,6,48,NA,60,52,11,9,6,5,0.7,0.8
2026-08-30T2300,2616A,98.5611,24.4273,德宏傣族景颇族自治州,德宏州监测站,,14,NA,4,8,6,42,NA,72,62,5,4,18,11,0.7,0.7
2026-08-30T2300,2618A,98.859,25.8541,怒江傈僳族自治州,州监测站,,18,18,19,8,7,49,NA,57,56,4,5,3,3,0.6,0.7
2026-08-30T2300,2619A,98.8607,25.8168,怒江傈僳族自治州,泸水一中,,15,NA,13,10,9,45,NA,50,50,6,7,4,4,0.5,0.6
2026-08-30T2300,2621A,99.7054,27.8319,迪庆藏族自治州,迪庆州站,,17,11,16,3,7,53,NA,72,60,10,11,6,8,0.5,0.4
2026-08-30T2300,2622A,97.1813,31.1289,昌都市,昌都监测站,,15,11,7,8,3,46,NA,77,70,18,9,4,3,0.4,0.3
2026-08-30T2300,2624A,91.7592,29.234,山南市,山南监测站,,21,8,6,2,2,65,NA,77,72,3,5,9,9,0.5,0.5
2026-08-30T2300,2625A,91.7701,29.2436,山南市,山南人民医院,,21,8,4,8,2,65,NA,72,69,2,4,5,7,0.3,0.3
2026-08-30T2300,2626A,88.8873,29.2723,日喀则市,日喀则监测站,,28,NA,5,12,2,87,NA,83,79,3,4,7,6,0.3,0.3
2026-08-30T2300,2628A,92.0653,31.4846,那曲市,那曲监测站,,34,34,25,21,14,77,NA,98,94,13,10,7,6,0.4,0.3
2026-08-30T2300,2630A,80.1171,32.4999,阿里地区,阿里监测站,,39,20,13,13,3,122,NA,131,128,4,5,5,5,0.2,0.2
2026-08-30T2300,2632A,94.3683,29.6373,林芝市,林芝监测站,,10,9,5,3,4,32,NA,44,40,7,5,3,3,0.4,0.4
2026-08-30T2300,2633A,94.3616,29.6634,林芝市,林芝人民医院,,10,9,5,5,4,30,NA,45,41,8,6,3,4,0.5,0.4
2026-08-30T2300,2635A,107.0155,33.0707,汉中市,市监测站,,28,28,33,16,15,69,NA,118,101,6,11,5,9,0.4,0.7
2026-08-30T2300,2636A,107.0083,33.114,汉中市,鑫源开发区,,39,39,32,27,16,52,NA,129,106,16,13,6,8,0.5,0.6
2026-08-30T2300,2637A,107.0072,33.0323,汉中市,南郑大河坎水厂,,37,37,33,19,13,60,NA,111,91,11,12,4,5,0.4,0.5
2026-08-30T2300,2639A,109.7445,38.2919,榆林市,世纪广场,,42,42,31,16,10,57,NA,144,118,32,25,33,12,0.6,0.4
2026-08-30T2300,2640A,109.729,38.2837,榆林市,实验中学,,34,34,33,17,10,69,NA,147,126,39,28,64,14,0.7,0.5
2026-08-30T2300,2641A,109.7347,38.2491,榆林市,环保监测大楼,颗粒物(PM10),54,55,32,26,11,24,NA,148,120,63,30,15,11,0.7,0.4
2026-08-30T2300,2644A,109.0088,32.6974,安康市,汉滨区检察院,,30,30,30,12,12,46,NA,NA,NA,9,7,3,4,0.5,0.5
2026-08-30T2300,2645A,109.9155,33.8714,商洛市,监测站,,34,34,30,12,14,73,NA,137,112,18,12,11,10,0.3,0.3
2026-08-30T2300,2647A,104.1727,36.5448,白银市,第三小学,颗粒物(PM10),51,51,51,20,22,66,NA,135,110,31,24,19,19,1.0,1.1
2026-08-30T2300,2648A,104.1467,36.5482,白银市,动力公司,,38,38,37,14,14,58,NA,129,99,28,19,5,6,0.7,0.7
2026-08-30T2300,2650A,105.72058,34.57859,天水市,公园小学,,46,46,29,19,11,44,NA,110,97,30,12,10,9,0.6,0.5
2026-08-30T2300,2651A,105.89428,34.55353,天水市,麦积国土局,,37,37,27,16,10,74,NA,123,109,9,9,7,9,0.4,0.3
2026-08-30T2300,2652A,102.6203,37.925,武威市,监测站,,42,42,30,14,10,42,NA,135,99,38,19,11,11,0.6,0.4
2026-08-30T2300,2654A,100.4699,38.9525,张掖市,润泉湖,颗粒物(PM10),56,58,32,23,11,42,NA,140,118,47,13,4,4,0.3,0.2
2026-08-30T2300,2655A,100.4155,38.9422,张掖市,区工会,,44,44,33,17,13,48,NA,153,132,53,14,8,8,0.2,0.2
2026-08-30T2300,2656A,106.6633,35.5338,平凉市,聚贤嘉苑,,39,39,31,17,12,69,NA,128,100,27,16,6,8,0.6,0.5
2026-08-30T2300,2657A,106.7021,35.5307,平凉市,博物馆,,41,41,35,6,9,73,NA,131,107,19,13,7,7,0.5,0.5
2026-08-30T2300,2661A,107.6325,35.7357,庆阳市,庆阳五中,颗粒物(PM10),51,51,38,18,16,102,NA,134,122,18,14,6,6,0.4,0.4
2026-08-30T2300,2662A,107.6361,35.7067,庆阳市,市环保局,颗粒物(PM10),51,51,35,21,14,114,NA,133,125,11,10,4,4,0.5,0.5
2026-08-30T2300,2669A,102.9097,34.9841,甘南藏族自治州,州政府,,26,26,28,11,9,74,NA,102,93,13,13,4,5,0.3,0.3
2026-08-30T2300,2671A,100.9016,36.9464,海北藏族自治州,海晏县西海镇,,38,19,18,7,9,120,NA,125,122,1,3,6,7,0.4,0.4
2026-08-30T2300,2672A,102.02,35.5101,黄南藏族自治州,同仁县隆务镇,,39,39,20,12,11,65,NA,107,100,1,2,9,9,0.2,0.2
2026-08-30T2300,2673A,100.6158,36.2985,海南藏族自治州,共和县恰卜恰镇,,37,37,22,20,9,103,NA,117,115,6,5,9,7,0.5,0.4
2026-08-30T2300,2674A,100.2262,34.4854,果洛藏族自治州,玛沁县大武镇,,34,34,23,16,8,56,NA,126,105,10,4,21,21,0.4,0.4
2026-08-30T2300,2675A,97.0386,33.0138,玉树藏族自治州,玉树县结古镇,,22,22,18,4,4,60,NA,115,101,37,17,4,4,0.5,0.5
2026-08-30T2300,2676A,97.373,37.376,海西蒙古族藏族自治州,德令哈市,,36,20,19,8,7,114,NA,138,130,1,2,11,11,0.4,0.5
2026-08-30T2300,2677A,106.1535,37.9648,吴忠市,教育园区,颗粒物(PM10),56,58,48,36,19,18,NA,149,104,78,28,6,7,0.6,0.4
2026-08-30T2300,2679A,106.1851,37.9957,吴忠市,新区二泵站,,50,50,51,35,16,32,NA,154,109,83,36,8,8,0.9,0.5
2026-08-30T2300,2682A,105.1965,37.4996,中卫市,环保局站,,31,28,32,5,9,97,NA,129,113,9,17,3,4,0.5,0.6
2026-08-30T2300,2684A,106.2753,36.0057,固原市,监测站,,37,37,24,16,9,38,NA,136,105,45,18,6,8,0.6,0.6
2026-08-30T2300,2685A,106.2384,36.0189,固原市,新区,,24,24,24,13,10,76,NA,133,107,23,22,6,6,0.4,0.4
2026-08-30T2300,2686A,89.1905,42.9419,吐鲁番市,市环保局,颗粒物(PM10),74,83,64,30,20,87,NA,124,111,22,13,6,6,0.6,0.5
2026-08-30T2300,2687A,89.1674,42.9558,吐鲁番市,地区环保局,颗粒物(PM10),96,114,68,37,19,59,NA,130,110,35,17,4,4,0.7,0.6
2026-08-30T2300,2688A,93.5124,42.8176,哈密市,地区监测站,,41,41,26,25,15,82,NA,125,106,29,19,3,5,0.3,0.2
2026-08-30T2300,2689A,93.5014,42.8312,哈密市,哈密师范学校,细颗粒物(PM2.5),100,100,43,60,27,49,NA,116,91,40,30,8,7,1.0,0.5
2026-08-30T2300,2692A,87.2722,44.0298,昌吉回族自治州,新区政务中心,颗粒物(PM10),60,63,43,27,17,95,NA,149,140,34,23,8,5,0.4,0.5
2026-08-30T2300,2693A,82.0482,44.8553,博尔塔拉蒙古自治州,市党校,颗粒物(PM10),55,57,101,22,11,97,NA,122,116,10,4,4,4,0.2,0.2
2026-08-30T2300,2694A,82.0805,44.8966,博尔塔拉蒙古自治州,市环保局,颗粒物(PM10),53,53,49,27,9,34,NA,118,96,65,13,8,5,0.9,0.3
2026-08-30T2300,2695A,80.2899,41.1684,阿克苏地区,电视台,颗粒物(PM10),103,127,74,52,29,53,NA,104,90,30,18,6,5,0.8,0.6
2026-08-30T2300,2696A,80.2592,41.1541,阿克苏地区,艺术中心,颗粒物(PM10),116,161,98,55,31,29,NA,119,99,68,26,6,6,0.9,0.4
2026-08-30T2300,2697A,76.1457,39.7143,克孜勒苏柯尔克孜自治州,市人民政府,颗粒物(PM10),96,114,108,42,41,48,NA,116,104,56,11,3,3,0.1,0
2026-08-30T2300,2698A,76.0071,39.466,喀什地区,巡警大队,颗粒物(PM10),118,165,144,77,49,14,NA,116,100,86,27,6,5,1.1,0.3
2026-08-30T2300,2699A,75.9756,39.4693,喀什地区,吾办,颗粒物(PM10),119,168,141,61,45,30,NA,106,94,47,22,7,6,0.8,0.5
2026-08-30T2300,2704A,81.3002,43.9177,伊犁哈萨克自治州,新政府片区,颗粒物(PM10),55,57,55,24,24,43,NA,99,91,51,28,5,6,1.0,0.8
2026-08-30T2300,2705A,81.3364,43.9409,伊犁哈萨克自治州,第二水厂,NA,NA,NA,69,NA,17,8,NA,106,88,65,22,6,7,1.2,0.7
2026-08-30T2300,2706A,82.9993,46.7432,塔城地区,东门外小游园,,42,42,45,18,10,67,NA,93,87,14,7,4,3,0.3,0.2
2026-08-30T2300,2708A,88.1266,47.8515,阿勒泰地区,市站,颗粒物(PM10),61,65,30,10,4,77,NA,100,84,10,13,1,1,0.2,0.2
2026-08-30T2300,2709A,86.0391,44.298,石河子市,艾青诗歌馆,颗粒物(PM10),57,59,62,28,17,112,NA,139,127,16,25,10,10,0.5,0.6
2026-08-30T2300,2711A,87.5352,44.1606,五家渠市,农水大厦,颗粒物(PM10),71,79,74,24,22,120,NA,140,133,7,29,7,4,0.5,0.5
2026-08-30T2300,2809A,113.6668,24.7756,韶关市,大学路288号,,19,10,11,4,6,59,NA,68,54,7,6,8,10,/,/
2026-08-30T2300,2835A,101.7222,26.567,攀枝花市,四十中小,,33,23,21,23,8,50,NA,92,80,21,12,20,10,1.2,0.8
2026-08-30T2300,2842A,118.0937,24.5054,厦门市,湖里中学,,18,10,11,6,7,57,NA,72,65,4,4,1,1,0.4,0.4
2026-08-30T2300,2845A,113.1561,36.1912,长治市,德盛苑,,37,23,39,3,18,117,NA,141,126,8,12,14,17,1.1,0.8
2026-08-30T2300,2846A,113.3209,23.1323,广州市,体育西,,15,14,22,10,17,41,NA,65,58,29,29,5,6,0.7,0.7
2026-08-30T2300,2858A,117.7917,39.2473,天津市,河西一经路,,34,16,33,6,17,32,NA,102,72,68,33,6,6,0.8,0.9
2026-08-30T2300,2859A,117.3747,38.9845,天津市,津沽路,,48,48,35,21,19,15,NA,102,62,63,37,3,3,0.9,0.6
2026-08-30T2300,2860A,117.159,39.0844,天津市,宾水西道,,32,32,26,12,16,10,NA,103,71,46,15,3,4,0.7,0.4
2026-08-30T2300,2865A,112.7195,37.683,晋中市,榆次三中,,17,17,37,10,20,53,NA,114,88,9,13,7,9,0.2,0.4
2026-08-30T2300,2867A,111.1225,37.5093,吕梁市,马茂庄小学,颗粒物(PM10),56,58,40,9,7,10,NA,113,76,60,22,5,9,0.7,0.7
2026-08-30T2300,2868A,126.4737,43.953,吉林市,九站,,36,26,21,25,14,29,NA,85,60,34,16,14,6,0.7,0.6
2026-08-30T2300,2869A,119.4472,32.4156,扬州市,五台山医院,,15,7,17,6,9,48,NA,56,46,3,4,11,12,0.5,0.6
2026-08-30T2300,2870A,119.4369,32.1891,镇江市,市疾控中心,,12,5,17,0,7,38,NA,56,41,3,9,5,6,0.6,0.8
2026-08-30T2300,2871A,121.6156,29.9015,宁波市,万里国际学校,,15,10,12,6,4,48,NA,74,64,3,8,7,7,0.4,0.5
2026-08-30T2300,2872A,120.7845,30.7524,嘉兴市,南湖区残联,,20,14,15,8,9,61,NA,81,79,5,8,5,5,0.5,0.5
2026-08-30T2300,2873A,120.083,30.8929,湖州市,仁皇山新区,NA,NA,26,17,13,11,10,NA,62,53,36,12,5,5,NA,0.4
2026-08-30T2300,2875A,115.783962,32.889217,阜阳市,阜阳职业技术学院,,32,32,28,19,21,90,NA,94,94,8,6,4,4,0.5,0.5
2026-08-30T2300,2877A,119.1638,36.6524,潍坊市,坊子邮政,细颗粒物(PM2.5),103,88,51,63,40,25,NA,119,88,57,25,4,4,0.9,0.6
2026-08-30T2300,2880A,104.0219,30.6561,成都市,大石西路,,46,46,36,28,22,51,NA,131,112,28,20,4,5,0.6,0.5
2026-08-30T2300,2881A,107.8909,26.531,黔东南苗族侗族自治州,凯里学院,,17,17,6,10,10,28,NA,55,45,13,6,3,3,0.6,0.5
2026-08-30T2300,2882A,102.5388,24.3703,玉溪市,玉溪一中,,22,15,16,9,8,70,NA,82,79,13,9,4,4,0.3,0.3
2026-08-30T2300,2883A,102.5382,24.339,玉溪市,文体中心,,24,NA,14,7,7,76,NA,84,82,7,7,4,4,0.4,0.4
2026-08-30T2300,2884A,98.2672,39.7978,嘉峪关市,酒钢宾馆,颗粒物(PM10),51,51,31,13,8,94,NA,153,141,34,11,11,15,0.4,0.3
2026-08-30T2300,2885A,104.9344,33.3827,陇南市,滨江中学,,43,43,34,13,11,79,NA,109,100,7,10,8,10,0.5,0.4
2026-08-30T2300,2894A,117.0561,32.6536,淮南市,经济技术开发区消防队,,50,NA,27,35,21,102,NA,98,98,12,10,10,10,0.5,0.4
2026-08-30T2300,2897A,123.2429,41.7341,沈阳市,沈辽西路,,44,44,30,30,17,18,NA,113,53,58,23,7,5,0.9,0.8
2026-08-30T2300,2900A,123.5951,41.9085,沈阳市,裕农路,,23,21,23,7,13,72,NA,110,90,18,14,9,9,0.4,0.6
2026-08-30T2300,2902A,106.6347,30.4868,广安市,北辰小学,,38,38,30,25,20,63,NA,111,100,16,10,8,9,0.6,0.5
2026-08-30T2300,2907A,120.1846,30.8592,湖州市,吴兴区站,,22,NA,15,15,11,40,NA,54,50,15,11,6,6,0.4,0.4
2026-08-30T2300,2919A,116.7022,39.5454,廊坊市,河北工业大学,,34,34,27,12,14,71,NA,124,106,20,17,1,2,0.4,0.4
2026-08-30T2300,2920A,117.71,24.5048,漳州市,蓝田镇,,15,8,16,3,12,48,NA,75,61,9,11,4,5,0.3,0.4
2026-08-30T2300,2921A,120.5482,30.0003,绍兴市,树下王站,,19,13,14,13,9,50,NA,78,65,8,10,3,3,0.6,0.6
2026-08-30T2300,2922A,117.194,39.1069,天津市,大理道,,45,36,29,14,17,7,NA,103,72,89,32,3,3,0.7,0.5
2026-08-30T2300,2924A,106.2266,38.4417,银川市,水乡路,颗粒物(PM10),60,63,52,22,12,44,NA,135,99,59,21,5,6,1.0,0.7
2026-08-30T2300,2925A,106.2758,38.4841,银川市,上海东路,,37,37,30,24,12,60,NA,148,111,48,22,6,8,0.6,0.5
2026-08-30T2300,2926A,106.1016,38.4971,银川市,文昌北街,,48,48,47,18,12,48,NA,129,92,40,25,3,6,0.4,0.5
2026-08-30T2300,2929A,114.8858,30.4519,黄冈市,红卫路,,25,22,29,17,21,77,NA,105,81,5,5,9,9,0.3,0.3
2026-08-30T2300,2996A,118.2781,33.9658,宿迁市,市供电局,,35,32,30,24,24,87,NA,49,NA,14,14,6,4,0.7,1
2026-08-30T2300,2997A,119.8767,32.3291,泰州市,王营,,12,4,14,0,5,38,NA,52,40,2,3,8,8,0.4,0.4
2026-08-30T2300,3000A,119.3577,34.6971,连云港市,德源药业,细颗粒物(PM2.5),58,48,27,39,17,96,NA,126,120,12,12,6,5,0.8,0.6
2026-08-30T2300,3002A,119.9701,31.813,常州市,行政中心,,10,NA,18,2,9,31,NA,56,34,5,12,7,7,0.3,0.5
2026-08-30T2300,3003A,120.0434,31.7726,常州市,经开区,,14,0,21,0,6,42,NA,52,33,14,14,8,8,0.7,0.8
2026-08-30T2300,3004A,120.1543,33.3664,盐城市,宝龙广场,NA,NA,2,8,NA,3,37,NA,39,36,1,3,8,8,0.4,0.5
2026-08-30T2300,3005A,117.1812,34.29,徐州市,鼓楼区政府,,34,34,30,8,19,54,NA,92,82,19,13,8,7,0.7,0.7
2026-08-30T2300,3006A,117.1693,34.1781,徐州市,铜山区招生办,,34,34,34,7,17,62,NA,96,88,19,10,10,9,0.8,0.8
2026-08-30T2300,3007A,119.178,34.8442,连云港市,新城一中,细颗粒物(PM2.5),121,NA,31,83,26,51,NA,137,121,39,17,10,12,1.2,1.3
2026-08-30T2300,3008A,119.3607,34.7519,连云港市,胡沟管理处,细颗粒物(PM2.5),58,51,20,39,13,102,NA,139,132,11,8,14,12,0.8,0.6
2026-08-30T2300,3009A,119.1478,34.5913,连云港市,矿山设计院,细颗粒物(PM2.5),58,48,25,39,15,83,NA,134,125,17,6,4,2,0.8,0.4
2026-08-30T2300,3010A,119.8919,31.7892,常州市,钟楼,NA,NA,NA,25,0,9,31,NA,58,32,8,16,6,8,0.2,0.4
2026-08-30T2300,3012A,112.1849,31.0361,荆门市,西山林语,,37,21,38,20,22,116,NA,144,133,7,7,10,11,0.7,0.8
2026-08-30T2300,3014A,106.4958,29.5347,重庆市,歇台子,,33,33,28,11,11,95,NA,145,131,19,11,8,8,0.5,0.5
2026-08-30T2300,3015A,106.4067,29.5729,重庆市,龙井湾,,44,44,27,22,14,86,NA,142,127,15,11,8,9,0.6,0.5
2026-08-30T2300,3016A,106.5506,29.415,重庆市,龙洲湾,,43,43,27,20,13,82,NA,141,125,16,11,11,10,0.4,0.4
2026-08-30T2300,3018A,111.5048,36.1015,临汾市,唐尧大酒店,颗粒物(PM10),60,63,61,11,15,75,NA,154,123,23,17,6,7,0.5,0.6
2026-08-30T2300,3020A,117.2096,39.1698,天津市,中山北路,颗粒物(PM10),53,53,33,24,17,7,NA,98,57,72,30,4,4,1.2,0.9
2026-08-30T2300,3021A,115,35.7667,濮阳市,濮水河管理处,,36,31,32,25,16,21,NA,115,93,20,8,5,5,0.8,0.7
2026-08-30T2300,3025A,113.0479,23.6343,清远市,技师学院,,26,26,17,18,10,44,NA,63,58,13,10,5,5,0.6,0.5
2026-08-30T2300,3026A,116.6179,23.6608,潮州市,市政府,,14,9,23,2,16,42,NA,74,60,4,7,4,4,0.3,0.3
2026-08-30T2300,3028A,104.7765,29.3623,自贡市,檀木林体育馆,,34,34,19,20,8,86,NA,124,111,13,10,8,8,0.5,0.4
2026-08-30T2300,3033A,87.4652,43.4569,乌鲁木齐市,培训基地,,46,46,36,10,12,133,NA,154,153,7,6,4,4,0.3,0.3
2026-08-30T2300,3034A,113.1076,41.0385,乌兰察布市,光明街小学,,25,25,20,10,8,49,NA,102,84,27,16,15,5,0.3,0.3
2026-08-30T2300,3036A,118.6903,37.4337,东营市,开发区管委会,,28,28,42,4,18,84,NA,137,110,23,21,5,8,0.4,0.5
2026-08-30T2300,3038A,103.3757,23.3679,红河哈尼族彝族自治州,州图书馆,,33,NA,26,23,23,74,NA,94,89,9,7,10,13,0.2,0.3
2026-08-30T2300,3039A,111.1911,34.7829,三门峡市,三门峡市第一小学,,40,40,41,25,21,70,NA,154,131,28,17,4,5,0.5,0.6
2026-08-30T2300,3045A,109.9647,33.8486,商洛市,商州区中学,,37,37,34,13,12,87,NA,136,117,8,8,5,6,0.5,0.5
2026-08-30T2300,3046A,115.9084,28.6062,南昌市,机电学校,,20,12,26,8,20,63,NA,88,76,9,9,7,8,0.8,0.9
2026-08-30T2300,3048A,119.5799,26.0937,福州市,九龙,,32,32,19,1,5,55,NA,87,70,8,6,5,5,0.6,0.6
2026-08-30T2300,3051A,117.385,39.1483,天津市,西四道,,34,22,31,8,16,4,NA,100,60,67,28,2,2,0.4,0.4
2026-08-30T2300,3054A,113.9194,35.2847,新乡市,市委党校,,25,18,33,15,16,78,NA,136,111,21,13,8,9,0.9,1.1
2026-08-30T2300,3055A,101.7775,36.643,西宁市,城北区政府,,21,19,28,14,15,66,NA,119,105,11,17,6,13,0.6,0.9
2026-08-30T2300,3057A,121.5989,37.4016,烟台市,牟平检察院,,46,NA,26,32,25,78,NA,116,100,11,14,5,6,0.5,0.5
2026-08-30T2300,3058A,119.2656,42.0356,赤峰市,银河街,,17,12,23,10,9,52,NA,85,65,10,14,5,10,0.4,0.5
2026-08-30T2300,3059A,117.7181,36.205,济南市,泰兴公司,颗粒物(PM10),63,68,50,29,25,2,NA,106,62,81,26,6,6,0.9,0.8
2026-08-30T2300,3061A,119.7511,49.1576,呼伦贝尔市,国华电力东,,26,26,23,12,12,47,NA,55,52,8,6,5,5,0.3,0.2
2026-08-30T2300,3064A,117.6861,36.2172,济南市,莱芜战役纪念馆,颗粒物(PM10),65,70,46,24,23,5,NA,111,80,79,25,7,8,1.0,0.5
2026-08-30T2300,3065A,101.9534,29.9976,甘孜藏族自治州,州环保局,,18,18,13,2,3,7,NA,70,38,24,17,3,2,0.3,0.3
2026-08-30T2300,3066A,116.2722,37.438,德州市,九衢泉纯净水厂,,44,44,30,7,14,8,NA,116,77,80,31,10,11,0.4,0.5
2026-08-30T2300,3109A,115.0094,25.8614,赣州市,赣县区卫计委,,22,6,14,2,7,68,NA,83,72,3,3,1,3,0.6,0.6
2026-08-30T2300,3123A,105.9408,26.2431,安顺市,凤凰山,,28,19,15,13,10,88,NA,89,89,6,4,10,8,0.5,0.5
2026-08-30T2300,3124A,105.9443,26.2567,安顺市,金钟山,,27,20,11,14,11,86,NA,95,94,5,4,7,5,0.5,0.4
2026-08-30T2300,3125A,105.8983,26.248,安顺市,娄家坡,,29,NA,14,20,10,86,NA,88,87,7,5,6,4,0.6,0.5
2026-08-30T2300,3131A,114.878,40.7992,张家口市,烟厂,,25,NA,17,17,8,66,NA,91,83,6,7,/,/,/,/
2026-08-30T2300,3132A,119.5979,39.938,秦皇岛市,文明里,,43,43,45,21,15,44,NA,137,109,37,22,9,9,0.4,0.5
2026-08-30T2300,3133A,106.5469,29.5655,重庆市,上清寺,,36,36,22,23,15,76,NA,151,132,29,16,12,11,0.7,0.6
2026-08-30T2300,3134A,113.8172,34.0339,许昌市,市一中,,32,27,34,15,17,101,NA,123,114,10,11,6,7,0.5,0.6
2026-08-30T2300,3136A,104.2724,30.559,成都市,龙泉驿区区政府,,34,34,23,17,15,92,NA,128,112,13,10,4,5,0.7,0.6
2026-08-30T2300,3138A,111.7152,29.0288,常德市,武陵区永安,,44,44,39,16,17,114,NA,129,128,9,9,9,9,0.6,0.7
2026-08-30T2300,3139A,111.6891,28.9881,常德市,鼎城区玉霞,,46,46,35,15,16,120,NA,132,131,7,7,12,11,0.8,0.9
2026-08-30T2300,3140A,111.6651,29.0526,常德市,武陵区长庚,,43,43,35,18,16,116,NA,129,129,5,5,10,10,0.8,0.9
2026-08-30T2300,3141A,114.3921,36.0879,安阳市,信访局,NA,NA,33,35,20,24,79,NA,152,126,NA,13,3,3,0.6,0.8
2026-08-30T2300,3147A,114.3434,34.8101,开封市,龙亭公园,NA,NA,NA,36,69,20,57,NA,123,104,31,7,3,4,0.7,0.6
2026-08-30T2300,3148A,103.829,30.0563,眉山市,区人社局,颗粒物(PM10),60,64,44,39,15,39,NA,121,95,39,22,9,12,0.8,0.7
2026-08-30T2300,3149A,115.0174,30.1591,黄石市,笔架山北路,,33,33,45,7,14,44,NA,99,54,3,5,6,6,0.4,0.5
2026-08-30T2300,3151A,114.375,27.8096,宜春市,宜春学院北校区,,20,20,19,2,5,20,NA,67,41,10,4,1,2,0.4,0.4
2026-08-30T2300,3153A,114.3876,30.4908,武汉市,民族大道182号,,35,27,30,24,21,74,NA,90,75,8,8,5,6,1.0,0.9
2026-08-30T2300,3164A,119.4682,32.394,扬州市,广陵建设局,,13,9,20,2,7,39,NA,51,40,4,5,6,6,0.2,0.2
2026-08-30T2300,3171A,115.6069,34.4465,商丘市,梁园区档案局,颗粒物(PM10),65,70,49,22,26,60,NA,101,93,32,14,5,5,0.7,0.7
2026-08-30T2300,3173A,117.0598,30.5351,安庆市,市人大,,15,6,22,3,13,47,NA,89,68,6,8,6,6,0.5,0.6
2026-08-30T2300,3178A,119.0587,36.7209,潍坊市,潍坊七中,颗粒物(PM10),101,122,67,60,39,0,NA,125,82,67,28,5,6,0.7,0.5
2026-08-30T2300,3179A,102.7491,25.012,昆明市,官渡区博物馆,,20,20,14,10,7,50,NA,80,73,23,13,5,6,0.5,0.5
2026-08-30T2300,3180A,99.7122,27.8129,迪庆藏族自治州,质量技术监督局,,18,12,11,5,5,55,NA,71,56,8,10,5,5,0.4,0.4
2026-08-30T2300,3181A,106.776805,31.852614,巴中市,市五中,,37,37,23,23,13,51,NA,117,90,15,14,11,11,0.6,0.5
2026-08-30T2300,3183A,106.7419,31.8654,巴中市,圣泉水务公司,,43,NA,20,30,11,51,NA,116,93,20,9,11,11,0.4,0.4
2026-08-30T2300,3187A,116.9508,33.666,宿州市,远航博物馆,,35,35,30,15,18,80,NA,104,100,17,10,8,8,0.6,0.5
2026-08-30T2300,3188A,115.6684,37.7216,衡水市,市城管局,,28,23,36,11,16,89,NA,112,98,4,8,5,6,0.3,0.4
2026-08-30T2300,3190A,116.0254,29.6995,九江市,外国语学校,,18,18,28,11,16,46,NA,100,68,18,11,4,4,0.2,0.2
2026-08-30T2300,3191A,118.3243,33.95,宿迁市,宿豫区政府,,44,44,29,28,22,83,NA,114,106,17,11,7,6,0.8,0.8
2026-08-30T2300,3192A,80.0906,32.5029,阿里地区,阿里藏医院,,38,7,10,5,3,120,NA,128,126,2,4,4,4,0.2,0.2
2026-08-30T2300,3194A,112.2749,30.3124,荆州市,管委会,细颗粒物(PM2.5),72,57,35,46,25,80,NA,129,113,11,7,8,8,0.8,0.8
2026-08-30T2300,3195A,119.3649,32.3961,扬州市,市体育局,,17,7,16,1,5,54,NA,59,51,2,2,7,8,0.2,0.3
2026-08-30T2300,3200A,115.9772,36.4986,聊城市,监控中心,颗粒物(PM10),68,74,32,21,19,4,NA,117,72,67,19,10,9,0.5,0.3
2026-08-30T2300,3206A,114.9148,27.8069,新余市,新钢沁园村,,26,26,22,13,13,55,NA,96,67,8,8,4,6,0.4,0.4
2026-08-30T2300,3207A,118.31131,32.3033,滁州市,市政府原办公楼,,24,NA,11,16,17,76,NA,70,70,8,8,6,7,0.3,0.4
2026-08-30T2300,3208A,112.7279,38.4157,忻州市,市政府,,22,22,22,9,6,64,NA,105,89,20,18,13,6,0.4,0.2
2026-08-30T2300,3209A,119.5231,26.6562,宁德市,宁德一中,,14,14,15,9,9,39,NA,81,62,11,4,11,10,0.4,0.3
2026-08-30T2300,3210A,114.3645,34.7955,开封市,汴京公园,,45,45,34,20,18,82,NA,122,108,17,8,6,6,0.4,0.4
2026-08-30T2300,3216A,117.662,24.5187,漳州市,漳州党校,,15,12,19,4,10,48,NA,80,63,10,10,/,/,/,/
2026-08-30T2300,3237A,117.4918,30.6617,池州市,展览馆,,13,7,21,4,12,39,NA,84,71,6,11,3,5,0.2,0.4
2026-08-30T2300,3241A,103.7439,36.0841,兰州市,百合公园,颗粒物(PM10),57,59,45,24,16,55,NA,136,114,59,37,10,9,0.5,0.5
2026-08-30T2300,3242A,103.9613,35.9985,兰州市,和平,,28,22,24,6,10,89,NA,128,112,6,9,10,12,0.5,0.7
2026-08-30T2300,3247A,104.9551,33.3709,陇南市,市总工会,,28,21,25,2,7,88,NA,112,105,2,5,9,8,0.4,0.4
2026-08-30T2300,3248A,98.2644,39.7723,嘉峪关市,雄关区,,39,39,30,10,7,93,NA,156,140,39,15,5,7,0.4,0.3
2026-08-30T2300,3265A,121.4242,31.3303,上海市,宝山庙行,,43,43,33,12,11,50,NA,76,69,4,9,6,6,0.3,0.3
2026-08-30T2300,3266A,121.8789,31.4662,上海市,崇明上实东滩,,19,19,16,13,10,47,NA,72,63,10,6,6,6,0.2,0.2
2026-08-30T2300,3268A,121.316,31.2839,上海市,嘉定南翔,,22,19,16,15,11,47,NA,79,72,9,9,7,6,0.4,0.4
2026-08-30T2300,3269A,121.3357,30.7455,上海市,金山新城,,21,21,19,12,11,51,NA,91,76,7,5,5,5,0.5,0.4
2026-08-30T2300,3270A,121.4996,31.0741,上海市,闵行浦江,,22,22,18,13,9,45,NA,74,63,8,7,6,6,0.6,0.6
2026-08-30T2300,3271A,121.2886,31.1663,上海市,青浦徐泾,,20,20,17,12,10,52,NA,82,75,2,2,6,6,0.4,0.4
2026-08-30T2300,3272A,121.2193,31.0382,上海市,松江图书馆,,20,20,20,14,13,49,NA,89,76,11,9,6,6,0.4,0.4
2026-08-30T2300,3273A,121.3904,31.206,上海市,长宁仙霞,,19,19,17,13,11,45,NA,69,63,5,8,5,5,0.2,0.2
2026-08-30T2300,3274A,121.7964,31.0507,上海市,浦东惠南,,22,22,18,10,9,48,NA,78,66,8,5,9,9,0.7,0.7
2026-08-30T2300,3282A,113.3399,40.0586,大同市,大同市卫生学校,,49,49,26,14,8,53,NA,103,85,28,20,14,10,0.5,0.5
2026-08-30T2300,3283A,109.9154,40.5684,包头市,滨河大厦,,32,31,23,22,13,12,NA,110,82,61,30,8,9,0.5,0.7
2026-08-30T2300,3284A,106.8129,39.7274,乌海市,海北新区,,31,29,44,9,8,99,NA,147,131,13,23,13,19,0.4,0.6
2026-08-30T2300,3285A,113.1383,40.9513,乌兰察布市,北京八中,,28,28,23,5,6,46,NA,103,85,19,12,7,5,0.3,0.1
2026-08-30T2300,3286A,118.9359,42.3146,赤峰市,桥北物流园区,,21,14,12,5,5,66,NA,88,71,8,11,4,4,0.4,0.3
2026-08-30T2300,3287A,119.3842,32.198,镇江市,富润路1号,NA,NA,NA,17,NA,12,NA,NA,57,40,NA,9,NA,6,NA,0.3
2026-08-30T2300,3288A,117.4619,34.4368,徐州市,大泉街道,,32,32,35,10,21,63,NA,94,86,18,12,11,7,0.9,0.7
2026-08-30T2300,3289A,120.7431,31.3188,苏州市,方洲路,,17,17,16,8,9,41,NA,54,51,12,13,7,7,0.6,0.6
2026-08-30T2300,3290A,120.4979,31.2777,苏州市,木渎中学,,17,12,15,8,9,52,NA,66,60,11,12,4,4,0.3,0.3
2026-08-30T2300,3291A,121.0631,32.0644,南通市,通州监测站,,22,22,10,6,4,47,NA,52,51,5,3,2,2,0.6,0.6
2026-08-30T2300,3293A,120.1518,33.3369,盐城市,月亮广场,,13,NA,8,1,5,41,NA,43,42,2,2,8,9,0.3,0.3
2026-08-30T2300,3294A,119.565282,32.422263,扬州市,引江管理处,,12,10,16,1,5,38,NA,50,40,2,2,2,2,0.5,0.5
2026-08-30T2300,3295A,120.1226,32.515,泰州市,姜堰区政府广场,,15,NA,13,3,9,46,NA,55,45,1,3,9,9,0.5,0.5
2026-08-30T2300,3298A,113.5718,23.5493,广州市,从化街口,,17,5,16,4,12,52,NA,52,46,10,11,6,6,0.4,0.4
2026-08-30T2300,3299A,113.3463,23.369,广州市,白云竹料,,18,14,15,12,12,40,NA,59,50,21,16,3,3,0.8,0.8
2026-08-30T2300,3300A,113.2981,23.2365,广州市,白云嘉禾,,16,15,21,11,15,40,NA,56,49,28,28,9,8,/,/
2026-08-30T2300,3301A,113.4256,23.1716,广州市,黄埔科学城,,10,6,23,6,17,30,NA,28,26,13,15,5,6,0.5,0.6
2026-08-30T2300,3302A,113.3942,23.0485,广州市,番禺大学城,,20,20,27,11,19,43,NA,81,49,30,33,6,7,0.5,0.5
2026-08-30T2300,3303A,113.4923,22.8169,广州市,南沙黄阁,,18,12,26,10,22,55,NA,67,58,25,28,8,8,/,/
2026-08-30T2300,3304A,113.534,22.7893,广州市,南沙街,,26,26,29,11,21,50,NA,73,64,26,24,6,6,0.6,0.6
2026-08-30T2300,3305A,114.0614,22.556,深圳市,莲花,,26,26,27,6,18,36,NA,81,45,12,12,/,/,/,/
2026-08-30T2300,3306A,114.0144,22.6163,深圳市,民治,,20,9,46,8,20,62,NA,82,56,14,28,/,/,/,/
2026-08-30T2300,3307A,114.1756,22.6421,深圳市,横岗,NA,NA,NA,48,NA,34,NA,NA,87,NA,NA,26,NA,NA,NA,NA
2026-08-30T2300,3308A,113.3493,22.0572,珠海市,金湾,,23,23,20,15,16,46,NA,84,57,13,9,/,/,0.5,0.5
2026-08-30T2300,3311A,113.1077,22.5647,江门市,江海富民,,31,31,34,14,18,56,NA,58,58,20,18,/,/,0.4,0.5
2026-08-30T2300,3313A,112.4572,23.0163,肇庆市,高要湖西,,23,13,22,8,16,71,NA,62,59,9,14,5,6,0.7,0.8
2026-08-30T2300,3314A,114.4334,22.8134,惠州市,惠阳秋长,,23,9,22,8,15,71,NA,106,84,2,3,/,/,/,/
2026-08-30T2300,3315A,116.1234,24.2994,梅州市,梅龙,,12,12,17,4,10,30,NA,63,42,9,7,6,6,0.6,0.6
2026-08-30T2300,3317A,111.9785,21.8954,阳江市,两阳中学,,18,NA,17,10,17,56,NA,60,58,8,11,/,/,0.5,0.7
2026-08-30T2300,3318A,112.9898,23.7403,清远市,清新太和,,20,18,11,14,6,46,NA,73,63,14,8,7,7,0.6,0.5
2026-08-30T2300,3319A,113.7283,23.041,东莞市,万江金泰,,21,7,21,7,17,67,NA,82,68,12,15,4,5,0.5,0.6
2026-08-30T2300,3320A,116.4028,23.5699,揭阳市,曲溪,,13,13,26,3,19,34,NA,78,58,16,17,5,10,0.5,0.6
2026-08-30T2300,3323A,115.2772,40.9723,张家口市,青少年活动中心,,15,6,6,5,6,46,NA,101,76,10,6,2,3,0.4,0.3
2026-08-30T2300,3324A,116.8011,38.294,沧州市,河北水利电力学院,,41,39,29,14,20,2,NA,101,63,81,23,3,3,0.6,0.4
2026-08-30T2300,3325A,117.0362,39.3827,天津市,雍阳西道,,32,32,27,10,13,40,NA,102,80,54,20,6,6,0.5,0.5
2026-08-30T2300,3326A,117.0291,39.0612,天津市,辛老路,,24,24,32,9,16,61,NA,105,92,34,29,5,5,0.3,0.3
2026-08-30T2300,3327A,116.9638,38.9374,天津市,地纬路,,24,12,30,5,18,74,NA,114,91,34,27,4,5,0.0,0.2
2026-08-30T2300,3328A,118.4209,31.3704,芜湖市,市气象局,,13,13,18,9,12,28,NA,79,56,12,10,6,6,0.9,0.6
2026-08-30T2300,3329A,117.011,32.5891,淮南市,山南新区,,48,38,26,33,20,108,NA,100,100,13,10,6,6,0.3,0.2
2026-08-30T2300,3331A,118.3268,32.2633,滁州市,图书馆,,23,11,13,10,10,71,NA,64,64,3,4,8,8,0.4,0.4
2026-08-30T2300,3332A,115.7631,33.803,亳州市,亳州学院,颗粒物(PM10),55,56,39,26,27,91,NA,115,110,12,9,5,2,0.6,0.6
2026-08-30T2300,3333A,117.5626,30.695,池州市,第八中学,,13,10,22,5,14,40,NA,77,65,6,13,4,4,0.6,0.8
2026-08-30T2300,3334A,117.5037,30.6242,池州市,第十二中学,,19,3,20,1,12,58,NA,81,72,6,10,2,3,0.6,0.7
2026-08-30T2300,3335A,113.3137,35.2643,焦作市,马村街道办,,35,35,46,9,22,98,NA,139,118,9,12,8,10,1.2,0.7
2026-08-30T2300,3336A,113.2464,35.2374,焦作市,焦作技师学院,,31,31,43,10,21,91,NA,138,116,9,11,4,7,0.4,0.7
2026-08-30T2300,3337A,113.8611,34.0443,许昌市,许昌学院,,33,33,34,17,17,100,NA,126,115,13,12,8,8,0.3,0.5
2026-08-30T2300,3338A,113.8428,34.0825,许昌市,芙蓉广场,,41,41,38,23,20,78,NA,126,111,23,13,7,7,0.5,0.6
2026-08-30T2300,3339A,114.0002,33.0404,驻马店市,小管楼,,32,31,35,22,21,98,NA,119,113,12,11,4,3,0.2,0.3
2026-08-30T2300,3340A,112.6005,34.6323,洛阳市,伊滨,颗粒物(PM10),64,69,47,27,23,47,NA,145,106,25,14,9,9,0.7,0.6
2026-08-30T2300,3341A,112.495,34.6338,洛阳市,中移产业园,细颗粒物(PM2.5),70,65,44,45,26,77,NA,147,116,20,12,13,13,1.0,1
2026-08-30T2300,3342A,128.7948,47.7291,伊春市,中心小学,,13,13,27,6,6,33,NA,48,34,3,4,1,1,0.6,0.6
2026-08-30T2300,3343A,128.6736,47.729,伊春市,检察院,,22,22,17,5,5,28,NA,47,34,4,4,3,4,0.4,0.4
2026-08-30T2300,3345A,131.0413,45.7795,七台河市,中波台,NA,NA,7,6,4,3,NA,NA,78,NA,4,8,4,4,0.4,0.4
2026-08-30T2300,3346A,108.3871,31.1627,重庆市,安康,,36,36,31,18,20,71,NA,104,98,10,9,13,13,0.5,0.9
2026-08-30T2300,3347A,105.8983,29.36,重庆市,北山路,,33,32,24,23,14,71,NA,112,103,16,6,8,8,0.7,0.6
2026-08-30T2300,3350A,106.648859,29.023807,重庆市,滩子口,,40,40,26,16,11,68,NA,102,93,12,8,18,14,0.4,0.3
2026-08-30T2300,3351A,105.7164,29.7077,重庆市,棠香,,44,44,31,25,12,44,NA,95,81,21,11,3,6,0.5,0.3
2026-08-30T2300,3352A,107.0733,29.8618,重庆市,桃源西路,,34,34,27,23,14,89,NA,128,115,22,11,3,5,0.4,0.1
2026-08-30T2300,3353A,107.3536,29.7283,重庆市,迎宾大道,,34,34,21,20,12,22,NA,112,83,33,14,3,4,0.6,0.4
2026-08-30T2300,3354A,108.8152,29.5079,重庆市,舟白,,31,31,20,14,10,54,NA,106,84,7,4,7,7,0.4,0.3
2026-08-30T2300,3355A,108.3679,30.8429,重庆市,周家坝,,42,42,31,18,11,61,NA,86,71,8,9,6,6,0.7,0.7
2026-08-30T2300,3356A,108.4323,30.7554,重庆市,百安坝,,44,44,29,23,15,71,NA,110,100,9,7,10,11,0.5,0.4
2026-08-30T2300,3357A,104.0028,30.6891,成都市,金博路,NA,NA,49,22,31,17,NA,NA,138,NA,34,19,2,8,0.7,0.6
2026-08-30T2300,3359A,104.056,30.5228,成都市,华阳,,39,39,29,26,14,69,NA,140,129,22,14,2,3,0.9,0.9
2026-08-30T2300,3360A,104.7894,29.3197,自贡市,南湖救助站,颗粒物(PM10),52,52,27,20,10,27,NA,106,81,41,12,8,7,1.3,1
2026-08-30T2300,3361A,103.7313,29.563,乐山市,理工大学,颗粒物(PM10),53,53,26,28,8,35,NA,120,99,28,10,8,7,0.8,0.6
2026-08-30T2300,3363A,117.9883,36.8372,淄博市,新区,细颗粒物(PM2.5),68,73,44,44,33,20,NA,106,70,62,34,10,12,0.9,0.7
2026-08-30T2300,3364A,117.316,34.8106,枣庄市,市环保局,,42,42,26,16,12,82,NA,89,83,11,12,8,8,0.5,0.5
2026-08-30T2300,3365A,118.5721,37.5654,东营市,垦利区民丰路,,29,24,36,20,17,58,NA,138,113,32,17,11,11,0.7,0.7
2026-08-30T2300,3366A,121.5202,37.4336,烟台市,中国农业大学,,38,36,28,26,22,95,NA,119,109,8,13,8,8,0.8,0.8
2026-08-30T2300,3368A,119.1978,36.6871,潍坊市,高新实验学校,颗粒物(PM10),56,58,50,31,23,23,NA,112,80,21,13,5,6,0.8,0.6
2026-08-30T2300,3370A,118.3563,35.0215,临沂市,十里堡居委,,39,39,27,21,25,82,NA,106,99,20,15,11,10,0.7,0.8
2026-08-30T2300,3371A,116.3693,37.44,德州市,开发区人民医院,颗粒物(PM10),55,56,32,16,16,18,NA,122,74,57,20,8,9,1.3,0.6
2026-08-30T2300,3374A,115.5562,35.089,菏泽市,定陶老年大学,,41,41,39,8,24,81,NA,115,108,18,13,7,5,0.4,0.4
2026-08-30T2300,3375A,102.8016,24.8336,昆明市,青年创业园,,23,23,13,10,6,64,NA,89,82,14,7,6,7,0.5,0.5
2026-08-30T2300,3376A,103.7926,25.4651,曲靖市,南苑二区,,25,25,12,8,6,66,NA,94,84,10,5,4,4,0.7,0.6
2026-08-30T2300,3377A,103.7442,25.5259,曲靖市,曲靖师范学院,,29,29,11,10,5,66,NA,86,70,14,17,4,3,0.4,0.3
2026-08-30T2300,3379A,122.1122,40.2275,营口市,鲅鱼圈市民活动中心,,36,30,33,25,24,69,NA,148,125,11,8,8,8,0.8,0.8
2026-08-30T2300,3380A,102.8915,34.9618,甘南藏族自治州,甘肃民族师范学院,,34,14,31,10,15,106,NA,122,107,6,16,6,6,0.3,0.4
2026-08-30T2300,3396A,112.0764,32.0089,襄阳市,襄城隆中路,,35,35,46,16,25,104,NA,149,136,16,12,8,9,0.8,0.8
2026-08-30T2300,3397A,112.1154,32.103,襄阳市,高新台子湾,,47,47,54,26,27,110,NA,150,134,13,15,7,9,0.5,0.6
2026-08-30T2300,3398A,114.9134,30.4446,黄冈市,市林业局,,24,23,27,12,18,76,NA,101,79,8,7,10,9,0.2,0.3
2026-08-30T2300,3399A,112.6703,26.8817,衡阳市,师范学院,,32,27,22,22,16,90,NA,92,90,5,4,5,5,0.8,0.8
2026-08-30T2300,3400A,109.1844,21.4396,北海市,龙潭自来水厂,,16,13,18,10,10,49,NA,73,60,4,5,3,3,0.6,0.6
2026-08-30T2300,3401A,108.4829,22.762,南宁市,红星社区,,19,14,25,13,16,44,NA,59,47,12,13,7,8,0.8,0.8
2026-08-30T2300,3402A,109.5422,24.3994,柳州市,市二中,,19,10,14,8,8,59,NA,67,57,8,8,8,7,0.6,0.6
2026-08-30T2300,3404A,108.5959,21.9634,钦州市,北职校,,20,18,24,14,9,45,NA,63,51,6,7,6,6,0.6,0.6
2026-08-30T2300,3405A,109.5886,23.1172,贵港市,新世纪学校,,19,NA,14,13,13,50,NA,62,58,4,6,/,/,0.8,0.7
2026-08-30T2300,3407A,120.6915,30.7741,嘉兴市,秀洲住建,,13,10,14,2,5,23,NA,68,65,25,11,3,4,0.4,0.4
2026-08-30T2300,3408A,120.5685,29.936,绍兴市,绍兴中专,,19,15,18,7,8,60,NA,80,64,3,7,4,5,0.5,0.5
2026-08-30T2300,3409A,120.4905,30.086,绍兴市,柯桥区政府,,20,19,16,14,11,28,NA,80,62,26,13,5,6,0.6,0.5
2026-08-30T2300,3410A,120.8751,30.0249,绍兴市,重华小学,,16,16,15,8,9,35,NA,67,52,6,9,3,3,0.8,0.8
2026-08-30T2300,3411A,120.837,30.0137,绍兴市,上虞中学,,16,16,17,10,9,43,NA,67,54,12,10,3,3,0.4,0.5
2026-08-30T2300,3416A,119.1758,36.7139,潍坊市,潍坊学院,细颗粒物(PM2.5),64,66,55,42,36,74,NA,120,111,32,19,6,6,1.0,0.8
2026-08-30T2300,3418A,116.8336,40.4095,北京市,密云新城,,17,8,10,3,4,52,NA,86,62,6,8,3,2,0.4,0.4
2026-08-30T2300,3419A,109.9449,40.6259,包头市,包头市委党校,,30,27,20,17,10,33,NA,115,83,59,35,7,9,0.2,0.9
2026-08-30T2300,3421A,113.1776,40.9779,乌兰察布市,市委党校,,27,27,20,15,7,55,NA,112,93,24,15,14,4,0.4,0.3
2026-08-30T2300,3422A,118.8443,31.919,南京市,江宁彩虹桥,,14,12,21,0,6,44,NA,69,52,6,10,4,4,0.5,0.6
2026-08-30T2300,3425A,120.642,31.1733,苏州市,越秀幼儿园,,19,19,20,8,6,60,NA,58,58,7,11,2,3,0.5,0.5
2026-08-30T2300,3426A,118.8757,33.2897,淮安市,新华书店,,25,13,16,8,9,79,NA,72,72,15,9,11,9,0.7,0.7
2026-08-30T2300,3427A,118.8497,32.3599,南京市,六合雄州,,19,19,20,4,5,59,NA,49,49,2,5,4,4,0.6,0.5
2026-08-30T2300,3429A,119.8595,31.706,常州市,武进经发区,NA,NA,NA,20,2,10,30,NA,67,28,8,15,5,6,0.6,0.7
2026-08-30T2300,3430A,119.5812,31.7256,常州市,金坛城区,,11,6,21,4,12,35,NA,75,46,7,14,6,7,0.3,0.4
2026-08-30T2300,3431A,120.6502,31.4117,苏州市,高铁新城,,22,22,18,10,10,38,NA,54,44,22,17,6,6,0.7,0.7
2026-08-30T2300,3432A,120.9348,31.9874,南通市,环境教育馆,,17,17,13,3,4,44,NA,50,49,13,10,6,6,0.4,0.4
2026-08-30T2300,3434A,119.2414,34.6539,连云港市,工贸学校,颗粒物(PM10),55,57,27,33,18,104,NA,137,131,9,6,8,6,0.8,0.6
2026-08-30T2300,3435A,119.9186,32.4322,泰州市,周山河街区,,14,0,10,0,6,42,NA,52,43,3,4,8,8,0.5,0.6
2026-08-30T2300,3436A,120.4283,33.2048,盐城市,大丰高级中学,,15,2,5,1,4,48,NA,47,46,1,3,8,8,0.4,0.4
2026-08-30T2300,3437A,88.3088,43.3637,乌鲁木齐市,达坂城区环保局,颗粒物(PM10),55,57,41,28,12,84,NA,127,116,20,9,8,6,0.2,0.2
2026-08-30T2300,3438A,87.6132,43.8791,乌鲁木齐市,红光山片区,颗粒物(PM10),65,71,68,26,24,99,NA,155,139,48,48,14,3,0.5,0.4
2026-08-30T2300,3439A,87.7008,43.8003,乌鲁木齐市,新师大温泉校区,颗粒物(PM10),64,69,66,28,14,113,NA,158,150,27,14,11,11,0.5,0.4
2026-08-30T2300,3440A,87.4892,43.84,乌鲁木齐市,大绿谷,颗粒物(PM10),68,74,79,28,20,92,NA,154,145,55,32,6,3,0.9,0.5
2026-08-30T2300,3441A,87.5461,44.1909,五家渠市,经开区管委会,颗粒物(PM10),69,76,69,28,18,113,NA,132,127,8,28,4,2,0.5,0.5
2026-08-30T2300,3442A,86.047,44.2331,石河子市,南区管委会,颗粒物(PM10),60,63,51,16,12,131,NA,135,134,9,12,14,13,0.6,0.6
2026-08-30T2300,3443A,113.2905,23.5541,广州市,花都梯面,,17,17,14,11,9,50,NA,64,58,9,9,5,4,/,/
2026-08-30T2300,3444A,116.4539,23.2684,汕头市,潮南峡山,,18,1,24,0,16,56,NA,88,75,4,7,6,6,0.5,0.5
2026-08-30T2300,3445A,113.786,23.7479,广州市,从化良口,,15,9,16,4,10,47,NA,55,50,8,8,5,5,/,/
2026-08-30T2300,3446A,113.805,23.2614,广州市,增城荔城,,18,8,15,5,11,55,NA,60,60,13,9,7,8,0.6,0.6
2026-08-30T2300,3447A,114.344,22.7115,深圳市,坪山,,19,17,29,9,19,59,NA,87,66,12,15,4,5,1.0,1.1
2026-08-30T2300,3448A,113.5436,22.1163,珠海市,横琴,,19,19,22,12,15,55,NA,89,67,18,8,/,/,/,/
2026-08-30T2300,3449A,113.0496,22.4669,江门市,新会银湖,,21,21,22,12,17,45,NA,49,44,22,19,3,2,0.7,0.7
2026-08-30T2300,3450A,111.0101,21.5165,茂名市,电白水东,,16,14,23,11,19,46,NA,74,57,13,9,6,9,/,/
2026-08-30T2300,3451A,112.5617,23.2082,肇庆市,鼎湖凤凰,,17,15,14,10,9,53,NA,68,64,12,12,7,7,/,/
2026-08-30T2300,3452A,114.6521,22.7755,惠州市,大亚湾霞涌,,22,6,21,5,14,70,NA,100,80,6,7,/,/,/,/
2026-08-30T2300,3453A,112.0125,21.8749,阳江市,阳东陶然,,18,17,20,12,17,44,NA,69,59,14,10,4,5,0.5,0.5
2026-08-30T2300,3454A,113.3527,22.4781,中山市,中山南区,,35,NA,16,24,16,44,NA,66,58,25,14,6,6,0.4,0.4
2026-08-30T2300,3455A,113.076,23.72,清远市,清城东城,,19,19,14,13,7,46,NA,69,62,10,8,/,/,/,/
2026-08-30T2300,3456A,114.2887,38.0905,石家庄市,鹿泉一中,,44,44,46,2,13,46,NA,100,72,15,8,5,4,0.3,0.6
2026-08-30T2300,3457A,118.4357,39.277,唐山市,冀东油田职工医院,,25,25,38,3,24,51,NA,115,88,46,19,1,3,0.3,0.5
2026-08-30T2300,3458A,114.7893,36.5592,邯郸市,香泉濮院小区,,46,46,30,24,24,72,NA,131,107,19,18,3,2,0.4,0.5
2026-08-30T2300,3459A,115.599,37.5491,衡水市,地表水厂,颗粒物(PM10),60,63,36,21,15,4,NA,117,64,48,14,23,4,0.7,0.7
2026-08-30T2300,3460A,117.4065,40.0583,天津市,北环路,,18,8,12,3,5,57,NA,80,67,6,9,4,4,0.2,0.2
2026-08-30T2300,3461A,117.3041,39.7167,天津市,建设路,,27,27,26,12,14,8,NA,97,69,46,14,9,9,0.8,0.7
2026-08-30T2300,3462A,117.8201,39.3519,天津市,滨水东路,,20,10,32,4,17,64,NA,101,84,34,23,6,6,0.2,0.4
2026-08-30T2300,3463A,116.9708,33.5911,宿州市,社会福利中心,,34,34,32,16,19,88,NA,111,108,16,9,8,7,0.6,0.6
2026-08-30T2300,3464A,117.3802,31.9148,合肥市,高教基地,,23,5,16,2,8,71,NA,64,64,5,6,7,7,0.4,0.4
2026-08-30T2300,3465A,118.4783,31.3226,芜湖市,清苑社区,,11,11,21,5,10,26,NA,81,54,18,15,4,4,0.3,0.4
2026-08-30T2300,3466A,118.2746,31.2326,芜湖市,扬子职业技术学院,,18,18,23,9,13,37,NA,83,60,10,12,4,6,0.4,0.5
2026-08-30T2300,3468A,115.79,32.8614,阜阳市,市规划展馆,,28,26,31,12,20,89,NA,97,96,11,7,5,4,0.6,0.6
2026-08-30T2300,3469A,115.835101,32.918568,阜阳市,枣园社区,,34,34,33,14,22,87,NA,89,88,13,10,6,5,0.4,0.4
2026-08-30T2300,3471A,113.6104,34.8688,郑州市,惠济区政府,,38,35,40,26,24,44,NA,143,105,43,17,4,6,0.7,0.8
2026-08-30T2300,3473A,114.2485,34.8306,开封市,技师学院,,38,38,31,15,16,48,NA,117,96,47,11,4,5,0.5,0.5
2026-08-30T2300,3474A,114.2616,35.6824,鹤壁市,大新区,,33,29,40,23,25,80,NA,139,116,10,10,4,7,0.5,0.9
2026-08-30T2300,3475A,113.9189,35.3042,新乡市,市政府,,47,47,43,26,20,52,NA,130,104,30,15,7,7,0.6,0.8
2026-08-30T2300,3477A,113.1656,35.2536,焦作市,中站许衡医院,,42,42,42,24,19,106,NA,144,126,8,9,7,9,0.3,0.6
2026-08-30T2300,3478A,113.9691,33.568,漯河市,市图书馆,,42,42,34,19,19,103,NA,115,111,16,13,9,8,0.7,0.8
2026-08-30T2300,3481A,125.127,46.6277,大庆市,萨区政府监测点,,20,20,16,4,7,38,NA,62,37,2,7,6,6,0.2,0.4
2026-08-30T2300,3482A,107.754,29.3275,重庆市,芙蓉中路,,33,33,22,19,11,41,NA,87,73,14,9,10,10,0.7,0.6
2026-08-30T2300,3484A,106.2629,29.3202,重庆市,行政中心,,34,34,30,21,10,76,NA,118,106,13,9,12,11,0.9,0.8
2026-08-30T2300,3486A,124.4029,43.1411,四平市,植物园,,16,16,23,10,16,35,NA,97,54,25,17,3,4,0.2,0.4
2026-08-30T2300,3488A,104.387954,30.746684,成都市,青白江技师分院,,43,43,29,14,16,54,NA,118,92,29,19,5,6,0.6,0.6
2026-08-30T2300,3489A,104.0788,30.4054,成都市,科学城,,30,30,24,20,15,82,NA,149,128,15,12,8,9,0.9,0.9
2026-08-30T2300,3491A,104.6899,31.5324,绵阳市,西科大附属小学,颗粒物(PM10),68,74,28,24,13,50,NA,121,107,41,21,10,8,1.0,0.8
2026-08-30T2300,3492A,104.5647,31.5343,绵阳市,安州区旅游局,颗粒物(PM10),58,60,32,33,14,55,NA,120,109,20,17,8,7,0.3,0.2
2026-08-30T2300,3494A,117.1673,36.9782,济南市,济阳区政府,,29,29,34,2,14,65,NA,116,93,26,22,6,7,0.3,0.4
2026-08-30T2300,3495A,117.1168,36.6299,济南市,锦屏中学,,20,20,46,3,24,62,NA,125,98,10,10,3,5,0.4,0.5
2026-08-30T2300,3496A,118.359,35.1067,临沂市,南坊新区,,39,39,34,15,29,70,NA,111,97,26,17,9,9,0.7,0.7
2026-08-30T2300,3498A,118.5063,37.8606,东营市,河口城区,,39,39,36,17,20,43,NA,151,112,26,16,1,3,0.8,0.8
2026-08-30T2300,3500A,116.5808,35.3703,济宁市,北湖一中,,47,47,45,14,29,82,NA,108,106,14,14,1,2,0.6,0.7
2026-08-30T2300,3501A,116.8251,35.5592,济宁市,服务中心,颗粒物(PM10),55,56,42,15,27,59,NA,96,87,24,18,2,3,0.6,0.8
2026-08-30T2300,3502A,117.1812,36.2273,泰安市,国网新校,,32,7,19,5,16,100,NA,105,102,12,11,8,8,0.4,0.5
2026-08-30T2300,3503A,117.0315,36.2017,泰安市,交通技校,,38,22,36,4,23,5,NA,111,82,76,28,4,5,0.2,0.3
2026-08-30T2300,3504A,117.083,36.13,泰安市,山东第一医科大学,细颗粒物(PM2.5),56,53,56,38,38,3,NA,114,85,107,27,7,8,0.5,0.5
2026-08-30T2300,3505A,122.1379,37.3414,威海市,临港区管委会,,33,27,16,23,13,78,NA,91,84,12,13,7,7,0.4,0.4
2026-08-30T2300,3507A,119.5326,35.4627,日照市,职业技术学院,细颗粒物(PM2.5),101,63,31,61,27,125,NA,122,117,16,14,12,10,0.7,0.5
2026-08-30T2300,3511A,116.5687,37.3331,德州市,陵城艺术中心,颗粒物(PM10),55,56,39,13,18,8,NA,115,78,42,16,6,8,1.2,0.8
2026-08-30T2300,3513A,116.0443,36.436,聊城市,九州社区,颗粒物(PM10),51,51,50,9,19,42,NA,127,96,44,12,7,11,0.7,0.5
2026-08-30T2300,3514A,117.9379,37.3959,滨州市,中海酒店,,39,39,33,8,16,32,NA,155,123,39,25,5,6,0.6,0.5
2026-08-30T2300,3515A,117.9381509,37.35547456,滨州市,开发区一中,,36,36,45,8,20,82,NA,151,132,25,14,8,8,0.4,0.4
2026-08-30T2300,3516A,118.0914,37.6938,滨州市,金海六路,颗粒物(PM10),55,56,41,14,21,5,NA,162,88,84,31,8,8,0.7,0.5
2026-08-30T2300,3520A,106.3495,38.9837,石嘴山市,妇女儿童医院,,50,50,30,18,10,122,NA,162,151,23,14,14,14,0.5,0.5
2026-08-30T2300,3521A,106.7495,39.2068,石嘴山市,石大公路,颗粒物(PM10),58,61,32,16,8,24,NA,135,96,60,25,6,10,0.4,0.3
2026-08-30T2300,3523A,106.5105,38.3857,银川市,滨河新区,,47,47,34,12,11,98,NA,157,124,17,7,8,18,0.4,0.5
2026-08-30T2300,3525A,108.6394,34.408,咸阳市,奥体中心,颗粒物(PM10),67,73,43,30,21,33,NA,144,109,62,18,3,3,0.4,0.4
2026-08-30T2300,3526A,119.5188,25.9666,福州市,吴航,,17,17,16,7,7,28,NA,79,57,15,9,6,6,0.6,0.6
2026-08-30T2300,3527A,118.0961,24.5689,厦门市,集美中学,,21,10,13,6,7,67,NA,82,73,3,5,2,1,0.2,0.2
2026-08-30T2300,3528A,118.1502,24.7246,厦门市,同安二实小,,14,10,10,6,7,44,NA,76,60,14,6,3,2,0.7,0.7
2026-08-30T2300,3530A,117.6288,24.5309,漳州市,西洋坪路,,12,12,20,5,10,31,NA,68,54,9,9,4,4,0.5,0.6
2026-08-30T2300,3531A,110.296,25.1254,桂林市,旅游学院,NA,NA,NA,24,9,7,71,NA,65,65,6,5,2,3,0.7,0.7
2026-08-30T2300,3532A,110.1951,22.6832,玉林市,玉林师范学院东校区,,15,8,24,4,13,45,NA,62,54,5,12,3,3,0.4,0.5
2026-08-30T2300,3533A,110.0527,22.5894,玉林市,福绵环保局,,14,9,26,8,12,42,NA,57,46,7,10,3,3,0.6,0.6
2026-08-30T2300,3534A,111.4744,24.455,贺州市,西湾,,16,16,21,4,6,45,NA,48,38,5,7,10,10,0.4,0.4
2026-08-30T2300,3535A,109.1781,23.7293,来宾市,兴宾区政府,,21,16,19,6,10,66,NA,66,58,6,7,7,7,0.6,0.6
2026-08-30T2300,3538A,107.5175,26.2977,黔南布依族苗族自治州,沙坝,,22,22,12,14,8,52,NA,61,50,5,5,2,3,0.5,0.8
2026-08-30T2300,3539A,110.5111,19.9737,海口市,桂林洋子站,,21,10,20,5,10,66,NA,76,75,5,6,/,/,/,/
2026-08-30T2300,3540A,109.7348,18.3443,三亚市,君悦子站,,12,12,13,4,6,37,NA,43,40,7,6,3,3,0.4,0.4
2026-08-30T2300,3541A,109.5726195,19.51688767,儋州市,第一中学子站,,21,5,14,0,7,67,NA,62,61,3,4,2,3,0.5,0.4
2026-08-30T2300,3542A,109.5567,19.5187,儋州市,东坡学校子站,,21,10,18,0,6,66,NA,61,61,4,4,1,2,0.4,0.4
2026-08-30T2300,3544A,121.4891,30.925,上海市,奉贤南桥新城,,19,19,19,11,10,46,NA,76,62,7,6,4,4,0.4,0.4
2026-08-30T2300,3545A,110.8053,32.8401,十堰市,郧阳区金沙路,,48,48,33,20,11,79,NA,125,111,11,8,10,10,0.8,0.7
2026-08-30T2300,3546A,111.4606,30.5519,宜昌市,猇亭区张家湾站,,47,47,27,26,10,118,NA,125,125,12,13,10,8,0.6,0.4
2026-08-30T2300,3547A,112.1631,31.0134,荆门市,龙泉中学南校,,38,34,42,13,19,120,NA,146,136,7,7,10,11,0.8,0.9
2026-08-30T2300,3549A,109.5061,30.3771,恩施土家族苗族自治州,龙凤新区,,33,33,19,16,11,71,NA,104,88,4,4,6,6,0.4,0.3
2026-08-30T2300,3550A,102.8,24.9787,昆明市,昆明学院,,32,32,18,9,7,59,NA,83,76,13,11,5,7,0.7,0.7
2026-08-30T2300,3551A,102.5969,24.6738,昆明市,晋宁区生态环境分局,,27,16,12,15,6,85,NA,91,90,6,6,4,2,0.4,0.4
2026-08-30T2300,3552A,102.6673,24.9861,昆明市,云天化总部,,21,20,10,3,3,67,NA,86,82,14,8,7,7,0.6,0.6
2026-08-30T2300,3557A,119.9463,30.0496,杭州市,镇二中,,15,10,15,3,10,46,NA,53,50,13,11,5,6,0.5,0.5
2026-08-30T2300,3558A,119.7184,30.2367,杭州市,市府大楼,,8,6,8,4,8,25,NA,52,36,9,8,6,6,0.8,0.8
2026-08-30T2300,3560A,120.4715,30.0414,绍兴市,柯桥妇保,,32,32,23,13,10,26,NA,88,68,17,10,6,6,0.6,0.5
2026-08-30T2300,3561A,120.6985,27.9252,温州市,茶山,,15,13,13,4,4,45,NA,68,50,6,10,/,/,/,/
2026-08-30T2300,3562A,120.4146,30.8538,湖州市,南浔区站,,18,10,13,5,11,55,NA,55,49,10,13,6,6,0.3,0.3
2026-08-30T2300,3564A,121.25678,28.66823971,台州市,台州科技职业学院,,15,10,11,2,5,46,NA,68,57,4,6,7,7,1.0,0.9
2026-08-30T2300,3565A,113.1371,40.1122,大同市,云冈站,,38,38,18,6,6,28,NA,96,72,27,13,6,6,0.4,0.3
2026-08-30T2300,3566A,113.1186,40.2556,大同市,图书馆,,43,43,24,3,6,11,NA,98,68,28,8,7,6,0.5,0.5
2026-08-30T2300,3567A,113.5931,40.0459,大同市,区一中,,18,12,22,11,7,56,NA,103,82,8,10,9,12,0.6,0.6
2026-08-30T2300,3568A,113.0603,36.0464,长治市,向阳小学,,35,35,51,8,18,75,NA,145,112,8,12,12,14,0.7,0.7
2026-08-30T2300,3569A,112.8788,36.315,长治市,屯留一中,NA,NA,25,34,7,13,49,NA,134,104,31,14,11,13,NA,0.2
2026-08-30T2300,3571A,112.2938,39.5296,朔州市,一水厂,颗粒物(PM10),53,54,35,12,7,16,NA,104,78,45,20,2,2,0.3,0.3
2026-08-30T2300,3575A,118.0927,39.5807,唐山市,正泰大街热力站,,33,33,27,8,12,29,NA,110,72,33,13,3,3,0.3,0.4
2026-08-30T2300,3576A,118.1561,39.8322,唐山市,丰润区政府,,49,49,21,17,8,12,NA,98,71,39,18,4,4,0.5,0.5
2026-08-30T2300,3577A,118.436906,39.73802,唐山市,金山小学,,36,36,32,20,20,66,NA,106,88,21,16,1,2,0.5,0.5
2026-08-30T2300,3578A,118.2449,39.6693,唐山市,政府服务中心,颗粒物(PM10),72,80,30,20,13,22,NA,106,88,47,16,3,2,0.2,0.5
2026-08-30T2300,3580A,114.1998,36.4439,邯郸市,峰峰矿区临水派出所,,34,34,39,12,23,92,NA,139,124,17,12,12,7,0.6,0.9
2026-08-30T2300,3581A,115.3136,38.9511,保定市,满城区生态环境分局,,24,24,28,6,13,68,NA,112,94,7,6,3,3,0.3,0.4
2026-08-30T2300,3582A,115.4709,38.7628,保定市,清苑区第二中学,,31,31,31,9,18,56,NA,125,101,22,13,4,4,0.3,0.4
2026-08-30T2300,3583A,115.6231,39.0223,保定市,徐水物探局,,25,25,22,14,14,80,NA,106,96,8,11,2,1,0.2,0.3
2026-08-30T2300,3590A,113.8362,34.566,郑州市,北区建设指挥部,,42,42,34,15,18,90,NA,126,111,19,14,7,7,0.8,0.5
2026-08-30T2300,3591A,113.3029,34.8041,郑州市,上街区政府,,43,43,49,22,28,65,NA,140,108,20,15,7,7,0.7,1
2026-08-30T2300,3592A,114.4518,34.7503,开封市,祥符区生态环境局,细颗粒物(PM2.5),64,63,39,42,22,63,NA,120,100,28,11,5,4,0.5,0.5
2026-08-30T2300,3593A,112.5736,34.8993,洛阳市,吉利监测站,,39,39,47,22,25,52,NA,139,110,25,14,8,11,0.3,0.4
2026-08-30T2300,3594A,112.8736,33.9068,平顶山市,石龙区,NA,NA,NA,42,40,24,4,NA,133,90,83,18,22,10,0.6,0.6
2026-08-30T2300,3596A,114.1573,35.9607,鹤壁市,南山宾馆,,36,30,41,23,27,113,NA,141,121,7,14,5,8,0.7,1.3
2026-08-30T2300,3598A,111.1031,34.719,三门峡市,富达温泉假日酒店,,45,45,46,18,20,68,NA,146,117,19,18,7,10,1.0,1
2026-08-30T2300,3599A,106.2648,29.9853,重庆市,书院路,,36,35,20,25,18,51,NA,87,78,22,12,17,7,0.9,0.8
2026-08-30T2300,3600A,106.2334,29.5583,重庆市,虎峰,,45,45,33,13,11,79,NA,119,106,12,8,15,8,0.6,0.5
2026-08-30T2300,3601A,106.0497,29.8345,重庆市,龙门街,,47,47,33,28,16,49,NA,110,92,22,10,11,10,0.7,0.6
2026-08-30T2300,3604A,119.3267,35.1043,日照市,岚山环保分局,细颗粒物(PM2.5),76,61,42,48,25,86,NA,136,111,42,37,37,34,3.9,3.4
2026-08-30T2300,3605A,109.1019,34.5302,西安市,无线电监控中心,颗粒物(PM10),67,73,52,38,18,34,NA,153,105,59,23,5,6,0.7,0.6
2026-08-30T2300,3610A,105.5931,29.4105,重庆市,昌元,,31,31,30,16,11,91,NA,128,118,12,12,15,9,0.6,0.4
2026-08-30T2300,3612A,85.1045,45.6895,克拉玛依市,白碱滩区新站,,45,45,37,13,11,96,NA,136,132,2,10,5,6,0.2,0.3
2026-08-30T2300,3613A,87.3069,44.0093,昌吉回族自治州,亚心广场,颗粒物(PM10),72,80,64,22,15,115,NA,158,149,21,25,13,11,0.2,0.3
2026-08-30T2300,3614A,79.9241,37.0878,和田地区,地区环保局,颗粒物(PM10),117,163,177,45,40,80,NA,117,108,18,9,1,2,0.5,0.4
2026-08-30T2300,3615A,79.9132,37.1137,和田地区,市环保局,颗粒物(PM10),106,134,140,57,42,77,NA,118,108,21,5,3,2,0.6,0.4
2026-08-30T2300,3616A,106.7617,31.8343,巴中市,市中心医院,颗粒物(PM10),56,58,34,28,14,42,NA,120,89,24,15,8,8,0.8,0.7
2026-08-30T2300,3617A,105.8047,32.4167,广元市,经开区,,26,26,27,9,12,50,NA,106,85,22,23,4,8,0.4,0.3
2026-08-30T2300,3618A,112.4702,37.7821,太原市,金胜,,33,33,13,14,6,72,NA,111,95,12,12,7,9,0.0,0
2026-08-30T2300,3619A,113.6169,37.8565,阳泉市,龙柱,颗粒物(PM10),57,59,56,20,26,3,NA,102,61,46,30,13,14,0.7,0.9
2026-08-30T2300,3620A,112.8258,35.4804,晋城市,泽州一中,,48,48,48,18,16,99,NA,156,142,18,12,6,8,1.0,1
2026-08-30T2300,3622A,113.5556,24.8082,韶关市,碧湖山庄,,21,21,13,10,6,42,NA,58,47,8,8,6,6,0.7,0.7
2026-08-30T2300,3623A,113.8952,22.586,深圳市,西乡,NA,NA,13,31,5,19,NA,NA,94,75,14,17,6,5,0.9,0.9
2026-08-30T2300,3624A,116.4069,23.2533,汕头市,潮南子站,,17,1,22,0,15,54,NA,84,74,9,9,6,7,/,/
2026-08-30T2300,3625A,113.2568,22.7629,佛山市,容桂街道办,,29,NA,17,20,23,33,NA,60,56,33,23,/,/,/,/
2026-08-30T2300,3628A,112.0335,22.9376,云浮市,文笔,,20,14,24,14,17,60,NA,60,52,10,11,4,7,0.4,0.4
2026-08-30T2300,3629A,101.8304,36.5785,西宁市,世纪职校,,23,NA,19,16,13,58,NA,119,98,15,8,4,7,0.4,0.5
2026-08-30T2300,3633A,118.4914,31.681,马鞍山市,雨山,,13,11,26,7,14,41,NA,79,54,6,10,8,8,0.8,0.9
2026-08-30T2300,3635A,112.3678,34.6623,洛阳市,河科大西苑校区,,47,47,44,17,24,86,NA,157,133,28,14,9,10,0.8,0.7
2026-08-30T2300,3636A,112.4387,34.678,洛阳市,英才小学,,36,36,50,18,26,75,NA,143,116,24,19,9,12,0.6,0.7
2026-08-30T2300,3637A,131.0136,45.7688,七台河市,人民广场,,16,12,12,4,4,50,NA,72,50,6,8,7,6,0.5,0.5
2026-08-30T2300,3638A,104.7637,29.3373,自贡市,轻化工大学,,35,33,22,24,12,59,NA,117,101,30,12,10,10,0.7,0.6
2026-08-30T2300,3642A,120.3454,36.0735,青岛市,市北区南部,细颗粒物(PM2.5),54,45,32,37,29,96,NA,109,98,12,17,6,7,0.6,0.6
2026-08-30T2300,3643A,120.3897,36.18,青岛市,李沧区北部,细颗粒物(PM2.5),56,39,28,38,27,97,NA,117,108,14,14,5,5,0.9,0.7
2026-08-30T2300,3644A,117.8662,36.8049,淄博市,三金集团,颗粒物(PM10),59,62,62,19,34,8,NA,116,79,73,32,11,15,0.7,0.8
2026-08-30T2300,3645A,118.0259,36.8409,淄博市,东风化工厂,细颗粒物(PM2.5),110,119,66,71,40,38,NA,128,86,57,29,17,12,0.8,0.5
2026-08-30T2300,3646A,118.4979,37.4623,东营市,胜利站,颗粒物(PM10),51,51,39,14,24,25,NA,134,94,45,18,4,4,0.8,0.6
2026-08-30T2300,3648A,106.2176,37.9832,吴忠市,文卫南街,细颗粒物(PM2.5),78,82,53,49,22,18,NA,162,114,90,29,7,8,0.5,0.3
2026-08-30T2300,3650A,105.1696,37.5164,中卫市,沙坡头区政府站,,34,34,32,7,11,88,NA,127,113,17,18,4,5,0.3,0.3
2026-08-30T2300,3654A,114.8093,30.4091,鄂州市,精准医疗中心,,27,27,31,18,17,69,NA,92,70,5,6,4,6,0.5,0.6
2026-08-30T2300,3655A,114.3379,29.8683,咸宁市,长江产业园,,33,31,35,23,24,63,NA,117,84,8,8,4,5,0.6,0.6
2026-08-30T2300,3656A,120.1554,30.2863,杭州市,消防大队,,19,14,15,13,11,28,NA,52,38,17,13,6,6,0.7,0.7
2026-08-30T2300,3658A,120.6156,30.0762,绍兴市,袍江中学,,15,15,16,8,9,45,NA,78,59,7,12,4,5,0.4,0.4
2026-08-30T2300,3659A,119.656,29.1132,金华市,气象局,,22,22,17,9,6,7,NA,81,56,43,14,4,4,0.5,0.5
2026-08-30T2300,3662A,123.6341,47.2079,齐齐哈尔市,富区青少年活动中心,,14,7,5,2,2,43,NA,40,40,3,4,3,4,0.3,0.3
2026-08-30T2300,3663A,124.117,50.4279,大兴安岭地区,红旗社区,,20,NA,4,9,8,61,NA,56,56,2,2,4,4,0.2,0.2
2026-08-30T2300,3664A,119.4171,34.734,连云港市,连云街道,颗粒物(PM10),61,65,30,37,17,98,NA,132,124,21,18,9,8,0.9,0.7
2026-08-30T2300,3665A,76.1654,39.7157,克孜勒苏柯尔克孜自治州,克州文化中心,颗粒物(PM10),95,113,103,45,39,62,NA,109,102,36,10,3,3,0.2,0.2
2026-08-30T2300,3667A,111.0279,35.0543,运城市,水利职院,颗粒物(PM10),63,67,66,24,31,99,NA,169,143,14,17,6,8,1.1,1
2026-08-30T2300,3669A,114.4706,36.0634,安阳市,左辅环卫站,,44,44,48,18,22,80,NA,136,109,11,11,6,5,0.9,1.1
2026-08-30T2300,3670A,111.0522,35.0439,运城市,禹都公园,,46,46,62,22,28,118,NA,173,150,9,15,7,8,0.5,0.8
2026-08-30T2300,3671A,116.0879,39.9725,北京市,门头沟三家店,,20,13,12,3,5,64,NA,93,75,13,13,2,2,0.4,0.4
2026-08-30T2300,3672A,116.1507,39.8246,北京市,丰台云岗,,34,34,15,6,5,39,NA,87,70,27,14,1,1,0.4,0.5
2026-08-30T2300,3674A,115.9578,39.7602,北京市,房山燕山,,15,15,9,5,3,38,NA,73,63,13,7,2,3,0.3,0.3
2026-08-30T2300,3675A,116.4669,39.7734,北京市,大兴旧宫,,25,25,18,4,8,24,NA,92,71,41,25,3,3,0.6,0.6
2026-08-30T2300,3677A,98.5887,24.4366,德宏傣族景颇族自治州,芒市人民政府综合楼,,29,29,25,7,5,35,NA,62,53,9,7,12,8,0.7,0.7
2026-08-30T2300,3678A,116.5907,35.4054,济宁市,市第七中学,,44,44,49,13,25,80,NA,102,101,17,17,2,3,0.5,0.6
2026-08-30T2300,3683A,109.8332,40.6577,包头市,昆区政府,,46,46,28,27,11,9,NA,114,78,92,32,3,10,0.2,0.4
2026-08-30T2300,3684A,130.8639,45.8144,七台河市,新建矿广场,,20,17,11,10,4,61,NA,68,38,8,19,9,5,0.6,0.6
2026-08-30T2300,3685A,117.897,28.4316,上饶市,双创科技城,,20,12,14,1,6,61,NA,96,86,5,5,4,5,0.4,0.5
2026-08-30T2300,3689A,113.9002,35.372,新乡市,行政服务中心,,41,41,39,24,20,84,NA,132,108,11,13,6,11,0.7,1
2026-08-30T2300,3690A,115.9718,28.7032,南昌市,外国语学校,,16,9,24,8,20,50,NA,80,63,12,8,5,11,0.4,0.3
2026-08-30T2300,3692A,118.2043,39.6703,唐山市,消防缸窑路中队,颗粒物(PM10),56,58,33,23,17,32,NA,110,91,38,14,4,4,0.6,0.5
2026-08-30T2300,3693A,118.1432,39.6203,唐山市,路南电大,,35,35,30,14,17,40,NA,108,80,34,11,3,3,0.4,0.5
2026-08-30T2300,3694A,115.9859,40.4562,北京市,延庆石河营,,24,24,13,12,5,3,NA,85,48,40,22,3,3,0.3,0.2
2026-08-30T2300,3695A,116.6151,40.3052,北京市,怀柔新城,,19,11,8,4,3,59,NA,82,73,5,6,2,2,0.4,0.4
2026-08-30T2300,3696A,116.2542,39.8764,北京市,丰台小屯,,33,33,15,10,6,19,NA,88,70,51,21,3,3,0.6,0.5
2026-08-30T2300,3697A,116.8399,40.3843,北京市,密云镇,,19,19,13,4,6,19,NA,91,61,22,10,1,1,0.4,0.4
2026-08-30T2300,3699A,111.6519,40.8389,呼和浩特市,海东办,,31,24,19,2,4,16,NA,102,75,62,29,8,10,0.5,0.5
2026-08-30T2300,3701A,116.9647,33.6252,宿州市,皖北煤电集团,,36,36,34,14,19,84,NA,100,98,14,8,11,8,0.4,0.4
2026-08-30T2300,3706A,122.2584,43.6333,通辽市,老干部活动中心,,20,20,22,5,7,38,NA,68,53,12,10,10,10,0.6,0.5
2026-08-30T2300,3707A,131.0069,45.2988,鸡西市,欧美日汽修厂,,13,13,11,8,5,14,NA,75,44,15,11,3,3,0.4,0.4
2026-08-30T2300,3708A,122.2923,43.6189,通辽市,东方明珠社区,,21,21,24,6,6,45,NA,72,57,15,13,5,6,0.4,0.4
2026-08-30T2300,3710A,121.5593,29.8976,宁波市,白沙活动中心,,15,10,10,7,5,46,NA,72,63,4,7,8,9,0.2,0.3
2026-08-30T2300,3713A,124.3286,43.1726,四平市,世纪城,,36,36,29,14,20,29,NA,91,47,41,19,5,4,0.3,0.4
2026-08-30T2300,3715A,117.3091,32.9314,蚌埠市,蚌埠田家炳中学,细颗粒物(PM2.5),64,58,33,42,20,89,NA,103,101,20,7,8,8,0.7,0.5
2026-08-30T2300,3719A,97.1707,31.1428,昌都市,昌都会议中心,,18,6,8,5,4,57,NA,88,80,9,6,4,3,0.3,0.3
2026-08-30T2300,3726A,88.8775,29.2425,日喀则市,林业技术推广中心,,24,6,7,1,2,74,NA,79,76,2,2,6,6,0.2,0.2
2026-08-30T2300,3728A,104.6701,28.8053,宜宾市,白酒学院,,30,30,19,16,10,56,NA,98,86,13,8,6,5,0.8,0.6
2026-08-30T2300,3734A,118.5753,37.4405,东营市,理想之城,,36,36,39,10,19,19,NA,142,96,71,21,1,3,0.5,0.5
2026-08-30T2300,3860A,118.3915,35.0297,临沂市,皇山花园小区,颗粒物(PM10),53,53,36,36,28,67,NA,104,93,28,17,11,11,0.8,0.9
2026-08-30T2300,3861A,119.2046,36.7696,潍坊市,寒亭区实验一小,细颗粒物(PM2.5),72,68,49,46,32,41,NA,120,99,39,27,2,2,0.6,0.3
2026-08-30T2300,3866A,122.2469,40.663,营口市,三高中,,50,45,37,35,23,129,NA,147,147,9,15,9,10,0.6,0.7
2026-08-30T2300,3867A,102.074,36.5056,海东市,平安区公安局北苑,,27,20,27,11,11,85,NA,120,111,6,7,5,8,0.5,0.5
2026-08-30T2300,3981A,113.2456,35.18,焦作市,原李万街道办,,47,47,51,14,21,90,NA,135,116,15,14,3,7,0.2,0.4
2026-08-30T2300,3994A,102.2174,31.9016,阿坝藏族羌族自治州,马尔康中学西区,,19,7,10,5,4,60,NA,85,80,3,2,4,4,0.1,0.2
2026-08-30T2300,4002A,109.2312,23.7428,来宾市,中南小学,,21,10,15,6,9,66,NA,64,55,6,8,7,7,0.6,0.6
2026-08-30T2300,4004A,115.4199,38.8665,保定市,双鹰农机,颗粒物(PM10),53,53,30,16,18,47,NA,117,94,19,8,3,3,0.3,0.4
2026-08-30T2300,4006A,122.3622,40.6762,营口市,老边实验小学,细颗粒物(PM2.5),82,58,40,51,27,49,NA,142,120,36,19,8,15,1.1,0.8
2026-08-30T2300,4008A,112.5233,32.9921,南阳市,卧龙区政府,颗粒物(PM10),53,53,46,22,19,106,NA,142,132,14,11,8,9,0.7,0.8
2026-08-30T2300,4010A,112.5608,37.8807,太原市,育英中学,,33,30,18,23,10,37,NA,108,83,40,21,10,10,0.4,0.3
2026-08-30T2300,4011A,103.8505,30.6946,成都市,光华大道三段,,32,28,24,22,13,48,NA,112,92,15,10,3,4,0.9,0.9
2026-08-30T2300,4017A,116.7926,33.9534,淮北市,市博物馆,,30,NA,29,21,20,85,NA,102,99,13,12,5,4,0.5,0.6
2026-08-30T2300,4018A,116.0564,36.4609,聊城市,星美广场,颗粒物(PM10),52,52,48,15,24,56,NA,123,94,24,11,7,20,0.7,0.5
2026-08-30T2300,4022A,102.1648,38.5369,金昌市,金川区人防中心,,36,36,32,12,13,94,NA,149,130,26,17,4,9,0.3,0.2
2026-08-30T2300,4024A,114.6491,37.9014,石家庄市,栾城区星河路,,35,35,33,12,20,63,NA,105,84,16,16,1,3,0.2,0.5
2026-08-30T2300,4027A,75.9485,39.4688,喀什地区,老干局,颗粒物(PM10),109,142,137,58,39,49,NA,108,100,40,18,4,5,0.7,0.5
2026-08-30T2300,4028A,117.9955,37.3752,滨州市,滨州市西街道办事处,NA,NA,58,40,12,20,17,NA,143,112,53,15,4,5,NA,0.5
2026-08-30T2300,4033A,122.3124,29.9619,舟山市,普陀东港中学,,16,14,14,8,7,50,NA,64,57,4,5,6,6,0.7,0.8
2026-08-30T2300,4034A,115.515,38.8589,保定市,植保所站,,38,38,32,9,16,71,NA,120,107,17,12,2,2,0.4,0.5
2026-08-30T2300,4036A,116.646,23.676,潮州市,金山,,12,4,22,2,15,37,NA,70,NA,3,6,2,2,0.4,0.4
2026-08-30T2300,4051A,86.0791,44.3018,石河子市,世纪广场,颗粒物(PM10),55,56,63,26,22,89,NA,133,117,28,28,7,7,0.7,0.7
2026-08-30T2300,4054A,109.0324,32.6913,安康市,市邮政管理局,,33,33,30,13,14,58,NA,115,93,11,8,3,4,0.7,0.7
2026-08-30T2300,4055A,108.8869,34.2662,西安市,行知小学,颗粒物(PM10),53,54,45,18,16,76,NA,146,129,31,23,3,4,0.6,0.6
2026-08-30T2300,4056A,108.6601,34.3767,咸阳市,五陵塬路2号,颗粒物(PM10),70,78,50,32,22,50,NA,155,127,50,20,5,5,0.4,0.4
2026-08-30T2300,4057A,115.9423,40.4431,北京市,延庆百泉,,16,16,12,7,4,14,NA,79,57,29,13,2,3,0,0.6
2026-08-30T2300,4058A,116.6598,39.9164,北京市,通州新华,,36,32,19,11,7,4,NA,104,82,71,28,3,4,0.6,0.5
2026-08-30T2300,4059A,114.4563,38.0365,石家庄市,裕华西路63号,,30,30,32,15,17,40,NA,101,78,22,17,2,4,0.3,0.5
2026-08-30T2300,4060A,114.5586,38.0581,石家庄市,和平路363号,,24,15,30,5,16,74,NA,105,85,13,13,3,3,0.3,0.6
2026-08-30T2300,4061A,114.8347,38.0213,石家庄市,廉州西路160号,,43,43,34,16,16,31,NA,108,74,46,22,2,2,0.7,0.8
2026-08-30T2300,4062A,114.4498,38.0729,石家庄市,北城路41号,,26,26,33,12,16,44,NA,102,82,29,18,6,5,0.3,0.6
2026-08-30T2300,4063A,115.2124,37.9433,辛集市,市政府,,39,39,37,12,16,90,NA,127,113,21,19,5,2,0.3,0.4
2026-08-30T2300,4064A,115.2008,37.9338,辛集市,城管大队,,48,48,33,22,18,81,NA,116,107,18,15,9,4,0.4,0.4
2026-08-30T2300,4065A,118.1267,39.6579,唐山市,光明北路515号,,28,28,25,11,12,30,NA,110,83,49,18,4,3,0.3,0.4
2026-08-30T2300,4066A,119.7458,39.9952,秦皇岛市,南园路157号,,44,44,36,16,14,11,NA,150,98,82,31,7,8,0.5,0.5
2026-08-30T2300,4067A,119.5131,39.8858,秦皇岛市,翠岛大街1号,,47,47,31,9,13,52,NA,126,108,33,17,7,7,0.5,0.5
2026-08-30T2300,4068A,114.5209,36.7697,邯郸市,建安街268号,,50,50,45,20,21,44,NA,134,82,26,25,4,3,0.4,0.6
2026-08-30T2300,4069A,114.5488,36.6177,邯郸市,丛台东路558号,,50,50,39,18,22,9,NA,143,75,73,33,3,2,0.8,0.7
2026-08-30T2300,4070A,114.5558,37.0578,邢台市,襄都区政府南院,颗粒物(PM10),54,55,42,24,25,38,NA,116,78,19,14,2,2,0.6,0.9
2026-08-30T2300,4071A,114.9883,38.5232,定州市,交通局,,38,38,37,12,12,65,NA,100,85,20,13,4,2,0.5,0.6
2026-08-30T2300,4072A,115.0045,38.5136,定州市,第五中学,颗粒物(PM10),54,55,43,10,15,70,NA,98,85,22,13,9,7,0.4,0.4
2026-08-30T2300,4073A,117.9462,40.95,承德市,杏林街1号,,20,20,17,12,9,21,NA,81,51,17,12,5,6,0.4,0.3
2026-08-30T2300,4074A,112.449,37.8509,太原市,西矿街336号,,28,28,22,7,8,70,NA,112,90,27,17,8,10,0.5,0.4
2026-08-30T2300,4075A,112.4792,37.9393,太原市,迎宾北路9号,,24,24,16,3,8,53,NA,110,88,18,12,8,8,0.4,0.3
2026-08-30T2300,4076A,112.551,37.8575,太原市,迎泽大街248号,,31,31,26,14,11,53,NA,107,88,24,18,9,11,0.7,0.8
2026-08-30T2300,4077A,113.588,37.8712,阳泉市,宁波路,,42,42,42,9,15,12,NA,110,75,59,34,7,7,0.6,0.7
2026-08-30T2300,4078A,112.8246,35.5152,晋城市,前书院路,颗粒物(PM10),63,68,55,11,15,37,NA,157,128,46,16,5,7,1.4,1
2026-08-30T2300,4079A,112.8864,35.4773,晋城市,祥云街666号,,32,26,49,21,19,101,NA,152,141,17,12,5,7,0.7,0.7
2026-08-30T2300,4080A,112.7375,37.7215,晋中市,广安街188号,颗粒物(PM10),54,55,38,18,18,22,NA,110,71,36,20,7,7,0.2,0.3
2026-08-30T2300,4081A,111.0081,35.0748,运城市,学苑北路2555号,颗粒物(PM10),61,65,63,24,30,86,NA,170,139,18,15,7,7,0.7,0.9
2026-08-30T2300,4082A,121.2548,38.8188,大连市,旅顺,细颗粒物(PM2.5),52,49,34,36,26,74,NA,126,112,10,10,6,7,1.0,1
2026-08-30T2300,4083A,123.153,41.2874,辽阳市,铁西路150号,细颗粒物(PM2.5),88,90,41,54,21,16,NA,119,79,46,16,8,8,1.3,1.1
2026-08-30T2300,4084A,123.835,42.2853,铁岭市,新华街20号,,45,45,34,17,14,54,NA,111,76,33,20,8,10,0.4,0.5
2026-08-30T2300,4085A,125.0998,42.9134,辽源市,安宁大街333号,,39,39,36,17,12,26,NA,102,62,16,9,6,6,0.6,0.6
2026-08-30T2300,4086A,118.7641,32.0841,南京市,新模范马路66号,,22,7,23,2,7,70,NA,71,64,2,8,4,4,0.2,0.3
2026-08-30T2300,4087A,120.3138,31.4927,无锡市,清舒道1号,,16,5,16,0,5,49,NA,63,57,9,14,4,4,0.7,0.6
2026-08-30T2300,4088A,117.1553,34.2567,徐州市,纺织东路16号,,29,29,28,10,19,69,NA,97,89,16,13,8,7,0.7,0.7
2026-08-30T2300,4089A,119.9551,31.863,常州市,崇义南街5-H号,,9,NA,17,3,9,27,NA,51,28,7,14,7,8,0.2,0.3
2026-08-30T2300,4090A,120.4282,31.3228,苏州市,学森路9号,,25,25,23,12,7,46,NA,62,49,15,11,7,7,0.6,0.6
2026-08-30T2300,4091A,120.8692,31.9885,南通市,洪江路,,15,5,7,1,4,48,NA,54,54,13,4,4,4,0.8,0.7
2026-08-30T2300,4092A,119.119691,33.550006,淮安市,枚皋中路89号,,23,NA,13,10,8,71,NA,68,68,12,9,5,5,0.6,0.6
2026-08-30T2300,4093A,119.5202,32.3705,扬州市,廖家沟步道,,13,2,17,0,5,39,NA,53,42,5,7,6,6,0.2,0.2
2026-08-30T2300,4094A,118.352,33.7886,宿迁市,春华路,,47,47,34,30,21,99,NA,108,100,14,8,6,4,0.5,0.5
2026-08-30T2300,4095A,121.8962,29.7529,宁波市,中科路88号,,18,14,14,4,3,55,NA,79,69,2,2,8,8,0.7,0.7
2026-08-30T2300,4096A,120.6935,28.0114,温州市,鹿城惠民路,,18,18,14,4,5,45,NA,79,58,4,7,/,/,0.4,0.4
2026-08-30T2300,4097A,118.9646,28.9832,衢州市,衢州三中,,14,7,11,5,9,42,NA,79,68,17,13,4,4,0.7,0.7
2026-08-30T2300,4098A,117.2518,31.8404,合肥市,中国科学技术大学,,24,7,18,2,8,76,NA,68,68,6,8,5,6,0.4,0.4
2026-08-30T2300,4099A,118.5726,31.1371,芜湖市,湾沚区人民法院,,10,NA,18,6,13,32,NA,86,62,8,10,4,4,0.4,0.5
2026-08-30T2300,4100A,116.8322,33.9884,淮北市,杜集区第一实验学校,颗粒物(PM10),51,51,36,24,25,59,NA,92,84,18,11,6,6,0.9,0.8
2026-08-30T2300,4101A,118.3196,32.3335,滁州市,银山路666号,,22,NA,14,12,13,70,NA,65,65,6,4,4,4,0.3,0.3
2026-08-30T2300,4102A,118.3426,32.2979,滁州市,黄山路555号,,23,16,19,13,13,73,NA,65,65,4,6,10,8,0.4,0.4
2026-08-30T2300,4103A,116.9929,33.6412,宿州市,中兴路,,34,34,34,18,21,80,NA,109,103,17,10,12,11,0.6,0.6
2026-08-30T2300,4104A,119.3106,26.0648,福州市,路通桥巷6号,,16,14,13,11,9,40,NA,85,59,8,6,/,/,/,/
2026-08-30T2300,4105A,118.6355,24.9148,泉州市,霞新路6号,,20,8,12,4,8,63,NA,86,76,8,9,/,/,0.4,0.4
2026-08-30T2300,4106A,115.7923,28.6873,南昌市,工业二路,,21,10,24,7,19,67,NA,88,77,4,5,6,6,0.5,0.6
2026-08-30T2300,4107A,113.8686,27.6668,萍乡市,联洪村委会,,15,15,11,2,7,17,NA,69,38,14,4,8,8,0.6,0.4
2026-08-30T2300,4108A,117.7107,36.2385,济南市,山财大街5号,,48,48,40,23,25,20,NA,107,79,60,21,4,4,0.5,0.5
2026-08-30T2300,4109A,116.9744,36.6889,济南市,无影山路12号,颗粒物(PM10),62,66,34,17,17,15,NA,131,99,74,27,6,5,1.1,0.8
2026-08-30T2300,4110A,120.5222,36.4089,青岛市,盟旺路653号,细颗粒物(PM2.5),60,42,36,40,31,74,NA,103,95,11,13,7,7,0.9,0.8
2026-08-30T2300,4111A,116.6075,35.4566,济宁市,任和路,,50,50,46,20,29,49,NA,93,89,23,16,2,3,0.7,0.8
2026-08-30T2300,4112A,116.5648,35.3921,济宁市,文体南路1号,,50,50,48,16,25,53,NA,94,89,24,17,2,3,0.7,0.8
2026-08-30T2300,4113A,116.0091,36.4495,聊城市,利民路,,35,35,32,10,13,31,NA,129,94,47,13,10,10,0.8,0.5
2026-08-30T2300,4114A,115.4239,35.2593,菏泽市,黄河路600号,颗粒物(PM10),52,52,40,12,30,55,NA,121,108,27,13,6,6,0.5,0.4
2026-08-30T2300,4115A,115.5025,35.2727,菏泽市,菏泽市人社局,,35,35,38,12,25,91,NA,114,104,12,10,5,5,0.4,0.5
2026-08-30T2300,4116A,113.284,33.7139,平顶山市,姚电大道23号,,30,29,42,17,22,95,NA,134,118,16,13,10,12,0.6,0.8
2026-08-30T2300,4117A,114.2918,36.0769,安阳市,钢三路198号,,47,47,40,25,23,40,NA,131,98,21,12,5,6,0.7,1
2026-08-30T2300,4118A,115.0552,35.7816,濮阳市,中原东路68号,颗粒物(PM10),75,85,52,34,16,20,NA,116,88,44,14,12,10,1.2,0.8
2026-08-30T2300,4119A,115.6701,34.3767,商丘市,北海东路185号,,39,39,47,19,27,98,NA,111,105,12,9,7,6,0.6,0.6
2026-08-30T2300,4120A,115.6172,34.3704,商丘市,中山大街3号,,45,45,51,23,24,100,NA,114,109,12,10,8,7,0.5,0.5
2026-08-30T2300,4121A,114.8466,33.7333,周口市,羲皇大道,,41,41,44,19,25,102,NA,110,106,9,8,4,4,0.8,0.8
2026-08-30T2300,4122A,112.6071,35.1015,济源市,市委党校,颗粒物(PM10),68,75,56,27,24,51,NA,131,98,23,17,6,5,0.7,0.9
2026-08-30T2300,4123A,112.596,35.0702,济源市,沁园中路1号,颗粒物(PM10),59,62,52,27,25,51,NA,145,107,37,23,5,4,1.7,1.2
2026-08-30T2300,4124A,112.2213,31.0654,荆门市,新台西路6号,,36,36,48,22,24,104,NA,141,123,7,8,10,12,0.7,0.8
2026-08-30T2300,4125A,113.946,30.8999,孝感市,天仙南路1号,NA,NA,27,26,21,18,79,NA,89,78,5,6,5,5,NA,0.3
2026-08-30T2300,4127A,111.9812,27.7591,娄底市,涟钢职大,,29,12,15,9,10,90,NA,84,84,3,4,3,2,0.8,0.9
2026-08-30T2300,4128A,112.0303,27.7457,娄底市,娄底体校,,30,30,22,17,10,87,NA,86,86,5,4,1,1,0.6,0.7
2026-08-30T2300,4129A,113.8666,23.1062,东莞市,裕兴路,,23,7,20,3,15,73,NA,78,75,8,14,1,3,0.5,0.5
2026-08-30T2300,4130A,114.0076,22.9739,东莞市,教育路1号,,21,14,29,11,19,65,NA,94,72,15,16,9,10,0.8,0.8
2026-08-30T2300,4131A,113.7981,22.8124,东莞市,长怡路1号,,25,8,32,3,20,78,NA,90,76,8,18,4,5,0.5,0.6
2026-08-30T2300,4132A,108.2927,23.1477,南宁市,起凤路9号,,18,13,37,8,23,57,NA,55,46,4,14,4,8,0.7,0.8
2026-08-30T2300,4133A,106.6273,23.8798,百色市,龙景西路,NA,NA,19,23,10,10,51,NA,55,48,7,7,NA,8,NA,1.1
2026-08-30T2300,4134A,110.1952,20.0451,海口市,长滨二路9号,,22,7,14,3,9,68,NA,80,79,7,6,/,/,/,/
2026-08-30T2300,4135A,109.1714,18.3739,三亚市,城东小学站,,14,14,16,8,10,43,NA,50,48,6,6,/,/,/,/
2026-08-30T2300,4136A,108.6971,30.9377,重庆市,云师幼儿园,,25,22,19,14,10,78,NA,109,98,8,7,6,5,0.8,0.8
2026-08-30T2300,4137A,107.3276,30.3284,重庆市,公安局,,36,36,33,21,19,43,NA,100,78,15,8,8,13,0.7,0.7
2026-08-30T2300,4138A,108.0575,30.3254,重庆市,忠县中学,,39,39,32,22,14,7,NA,83,52,43,24,6,6,0.6,0.6
2026-08-30T2300,4139A,109.4542,31.0182,重庆市,竹枝路2号,,36,36,23,8,11,77,NA,110,96,18,13,5,6,0.3,0.4
2026-08-30T2300,4140A,107.7422,29.871,重庆市,龙河路,,33,33,28,19,16,48,NA,104,89,9,14,7,9,0.6,0.6
2026-08-30T2300,4141A,108.7636,28.84,重庆市,桃花源中路,,28,28,24,10,10,30,NA,77,54,12,12,8,8,0.5,0.5
2026-08-30T2300,4142A,108.9758,28.4416,重庆市,秀山县高级中学,,26,26,23,10,14,41,NA,84,67,6,7,7,8,0.3,0.4
2026-08-30T2300,4143A,108.1558,29.2859,重庆市,河堡街,,31,31,19,18,12,43,NA,78,64,10,9,6,6,0.7,0.7
2026-08-30T2300,4144A,104.3257,30.6406,成都市,八角井街185号,颗粒物(PM10),52,52,33,11,15,60,NA,124,99,20,10,6,7,0.3,0.4
2026-08-30T2300,4145A,104.4144,31.1495,德阳市,市林业局,颗粒物(PM10),56,58,43,21,19,48,NA,128,104,41,30,12,12,0.7,0.6
2026-08-30T2300,4146A,104.7092,31.4972,绵阳市,科技城新区公安局,细颗粒物(PM2.5),58,46,31,39,12,96,NA,130,128,31,20,13,8,0.7,0.6
2026-08-30T2300,4147A,105.0433,29.6105,内江市,玉峰路西段888号,,33,30,22,23,11,48,NA,107,86,25,10,10,10,0.3,0.2
2026-08-30T2300,4148A,103.8836,30.0695,眉山市,眉职院,颗粒物(PM10),58,61,35,28,14,21,NA,124,87,41,22,7,10,1.0,0.9
2026-08-30T2300,4149A,104.6146,28.7422,宜宾市,宜宾市职业技术学校,,43,43,21,29,11,46,NA,112,95,24,9,8,8,1.2,0.9
2026-08-30T2300,4150A,104.6646,30.1116,资阳市,正兴街66号,,43,43,28,20,15,19,NA,108,78,28,13,4,5,0.5,0.3
2026-08-30T2300,4151A,104.8899,26.5685,六盘水市,钟山大道中段564号,,26,26,19,9,6,74,NA,86,84,17,13,8,5,1.6,1.1
2026-08-30T2300,4152A,107.0425,27.7087,遵义市,乌江大道东段1号,,22,22,12,9,8,37,NA,75,54,9,7,7,7,0.6,0.6
2026-08-30T2300,4153A,101.5536,25.0343,楚雄彝族自治州,团结路562号,,16,16,14,1,2,47,NA,68,62,12,8,4,5,0.4,0.4
2026-08-30T2300,4154A,103.401,23.3561,红河哈尼族彝族自治州,蒙自市朝阳路,,25,24,21,17,19,76,NA,93,90,8,7,11,10,0.2,0.3
2026-08-30T2300,4155A,107.1721,34.3558,宝鸡市,滨河北路,,42,42,31,15,14,70,NA,129,109,14,11,4,4,0.4,0.4
2026-08-30T2300,4156A,108.6372,34.3031,咸阳市,胭脂路9号,,48,48,36,15,17,96,NA,149,136,14,17,2,4,0.3,0.4
2026-08-30T2300,4157A,108.0371,34.3035,咸阳市,杨扶路,颗粒物(PM10),53,53,32,27,17,71,NA,126,108,14,11,3,4,0.4,0.4
2026-08-30T2300,4158A,108.0895,34.2623,咸阳市,新桥路,颗粒物(PM10),62,66,38,29,18,52,NA,130,105,31,17,5,7,0.5,0.4
2026-08-30T2300,4159A,110.4531,35.4578,渭南市,桢州大街,,25,20,49,10,14,80,NA,120,96,8,9,12,16,0.4,0.5
2026-08-30T2300,4160A,110.4368,35.4773,渭南市,太史大街,,36,36,43,9,12,80,NA,125,98,14,12,7,10,0.4,0.5
2026-08-30T2300,4161A,109.485,36.6347,延安市,志丹路,,31,31,37,10,13,24,NA,127,95,46,18,4,4,0.6,0.5
2026-08-30T2300,4162A,101.6769,36.6535,西宁市,海晏路105号,,49,49,21,21,13,47,NA,127,104,30,12,3,4,0.4,0.5
2026-08-30T2300,4163A,102.0984,36.5119,海东市,滨河路,,32,32,21,16,13,36,NA,125,99,53,24,6,9,0.4,0.4
2026-08-30T2300,4164A,87.2057,43.9289,昌吉回族自治州,财政所,颗粒物(PM10),77,87,48,4,4,120,NA,166,159,9,9,11,9,0.2,0.2
2026-08-30T2300,4165A,82.9716,46.7464,塔城地区,文化广场,,33,33,29,18,9,68,NA,93,88,12,8,1,2,0.5,0.4
2026-08-30T2300,4166A,88.1198,47.7931,阿勒泰地区,阿勒泰路33号,颗粒物(PM10),62,66,27,12,3,73,NA,103,87,14,11,3,3,0.4,0.3
2026-08-30T2300,4167A,86.0126,44.2349,石河子市,城南景苑小区,,40,38,46,18,17,127,NA,136,132,8,13,12,12,0.4,0.4
2026-08-30T2300,4168A,87.055284,43.999117,五家渠市,建设西街760号,颗粒物(PM10),66,72,107,22,23,102,NA,156,146,22,29,8,7,0.4,0.5
2026-08-30T2300,4180A,113.8157285,34.126705,许昌市,新元大道996号,,39,39,42,19,20,81,NA,121,107,19,14,4,4,0.2,0.3
2026-08-30T2300,4181A,112.3571,28.5588,益阳市,龙洲站,,29,24,27,20,16,83,NA,106,100,5,6,8,8,0.8,0.9
2026-08-30T2300,4182A,116.1942,39.9158,北京市,石景山八角,,23,18,16,4,4,72,NA,97,84,13,17,3,3,0.3,0.3
2026-08-30T2300,4183A,121.417401,31.16637,上海市,冠生园路458号,,21,21,20,13,11,52,NA,76,70,9,11,7,7,0.5,0.5
2026-08-30T2300,4184A,115.479691,35.244011,菏泽市,永昌路1号,,44,44,38,16,22,80,NA,125,113,20,11,9,8,0.5,0.4
2026-08-30T2300,4185A,115.078022,30.21118,黄石市,磁湖东路29号,,17,17,38,3,17,41,NA,91,52,8,7,3,4,0.6,0.6
2026-08-30T2300,4186A,117.194237,34.229354,徐州市,解放南路202号,,30,30,33,7,18,60,NA,86,80,24,15,9,8,1.1,1
2026-08-30T2300,4187A,112.3425,28.611,益阳市,幸福渠东路223号,,33,23,23,23,16,79,NA,102,95,7,8,7,7,0.6,0.7
2026-08-30T2300,4188A,112.3712,28.5764,益阳市,益鑫泰路85号,,32,26,25,22,17,76,NA,97,90,6,7,10,10,0.7,0.7
2026-08-30T2300,4189A,113.113092,36.199482,长治市,英华南巷50号,,35,35,49,18,18,88,NA,138,113,12,15,15,18,1.0,1.1
2026-08-30T2300,4190A,113.23666,36.33435,长治市,学府街1号,,37,37,57,9,16,84,NA,133,112,4,5,19,16,1.1,0.8
2026-08-30T2300,4191A,118.527362,31.722269,马鞍山市,慈湖高新区,,12,12,26,6,13,33,NA,74,50,9,11,4,6,0.4,0.6
2026-08-30T2300,4192A,115.931587,28.686774,南昌市,南京东路235号,,21,14,21,9,18,67,NA,91,74,7,8,4,4,0.7,0.7
2026-08-30T2300,4193A,115.471542,35.280012,菏泽市,长城路999号,,41,41,35,12,26,67,NA,112,102,18,14,5,5,0.5,0.6
2026-08-30T2300,4194A,117.078628,40.151726,北京市,平谷新城,,14,14,14,9,8,27,NA,78,57,8,7,3,3,0.5,0.5
2026-08-30T2300,4196A,117.24369,39.102911,天津市,光华路,,40,40,29,19,16,10,NA,100,67,72,25,7,7,1.0,0.4
2026-08-30T2300,4197A,118.130859,39.636026,唐山市,友谊北路34号,,37,37,33,17,20,34,NA,105,76,45,20,3,3,0.3,0.5
2026-08-30T2300,4198A,119.509013,39.825305,秦皇岛市,北戴河轮滑馆,,41,41,35,13,13,8,NA,141,99,77,21,6,7,0.6,0.7
2026-08-30T2300,4199A,113.2798248,40.09972476,大同市,魏都大道141号,颗粒物(PM10),58,60,38,13,8,28,NA,94,75,39,24,7,8,0.4,0.4
2026-08-30T2300,4200A,112.7478,37.6954,晋中市,迎宾街26号,,20,17,33,14,19,44,NA,112,86,14,9,8,10,0.4,0.6
2026-08-30T2300,4201A,122.944647,41.082639,鞍山市,兴盛南路290号,颗粒物(PM10),65,70,45,23,20,33,NA,140,98,45,19,7,8,1.1,1
2026-08-30T2300,4202A,113.9856,32.9802,驻马店市,交通路1233号,,33,20,38,16,19,104,NA,114,113,9,10,4,4,0.3,0.5
2026-08-30T2300,4203A,111.3168,30.7203,宜昌市,西陵二路116号,,44,44,26,19,8,80,NA,125,113,11,11,6,6,0.4,0.4
2026-08-30T2300,4204A,111.3526,30.6374,宜昌市,沈家店路6号,,47,47,28,10,11,63,NA,115,108,40,13,8,7,0.5,0.4
2026-08-30T2300,4205A,121.541914,31.268301,上海市,宁武路151号,,22,22,26,11,11,41,NA,51,47,14,21,7,7,0.4,0.4
2026-08-30T2300,4206A,119.028838,33.631911,淮安市,承德北路606号,,24,14,15,11,10,75,NA,72,72,5,5,6,6,0.6,0.6
2026-08-30T2300,4207A,120.12211,33.393982,盐城市,黄海中路88号,,15,7,11,0,4,46,NA,50,48,2,3,9,9,0.4,0.4
2026-08-30T2300,4209A,117.003137,32.644456,淮南市,国庆中路369号,细颗粒物(PM2.5),56,57,41,38,23,100,NA,93,93,10,8,14,14,0.4,0.3
2026-08-30T2300,4210A,118.335445,29.720283,黄山市,滨江东路7-2号,,17,17,20,3,5,40,NA,50,36,5,4,/,/,/,/
2026-08-30T2300,4211A,118.190438,28.444845,上饶市,裕丰大道,,15,8,14,5,8,47,NA,76,69,3,5,7,6,0.6,0.6
2026-08-30T2300,4212A,118.3039243,36.82708161,淄博市,广场路1号,细颗粒物(PM2.5),74,56,39,47,38,12,NA,123,80,22,23,5,7,1.3,0.7
2026-08-30T2300,4213A,121.364239,37.529648,烟台市,青年南路118号,,35,NA,21,24,28,88,NA,113,103,10,16,8,8,0.5,0.5
2026-08-30T2300,4214A,112.460027,34.694929,洛阳市,春都路1号院,NA,NA,NA,45,NA,27,76,NA,144,115,20,17,8,10,0.1,0.4
2026-08-30T2300,4215A,113.916569,35.331547,新乡市,建设东路46号,,49,49,45,21,24,40,NA,123,89,30,15,8,9,0.6,0.9
2026-08-30T2300,4216A,115.0923632,35.76857718,濮阳市,任丘路479号,颗粒物(PM10),65,70,45,25,20,13,NA,123,98,49,11,9,6,0.7,0.5
2026-08-30T2300,4217A,114.3182,29.8447,咸宁市,双鹤路18号,,33,33,36,22,23,67,NA,118,88,8,8,4,4,0.4,0.5
2026-08-30T2300,4218A,111.446,27.2472,邵阳市,北塔二期4-26地块,,36,36,18,17,13,73,NA,73,73,8,5,4,3,0.7,0.7
2026-08-30T2300,4219A,111.4739,27.2282,邵阳市,邵水西路287号,,39,35,17,27,15,89,NA,90,90,6,4,6,4,0.5,0.5
2026-08-30T2300,4220A,114.214113,22.713717,深圳市,黄阁路,,23,11,22,5,16,71,NA,79,70,11,14,5,5,1.0,1.1
2026-08-30T2300,4221A,108.2177,22.7774,南宁市,乐贤路16号,,19,19,26,11,15,38,NA,55,42,10,12,10,7,0.7,0.7
2026-08-30T2300,4222A,110.1835,25.2444,桂林市,环湖路276号,,21,NA,9,6,9,65,NA,64,64,6,8,11,16,0.4,0.5
2026-08-30T2300,4223A,106.4686218,29.48920871,重庆市,双山路147号,颗粒物(PM10),52,52,27,26,13,67,NA,134,120,30,11,6,7,0.5,0.4
2026-08-30T2300,4224A,104.2433276,30.53529463,成都市,鲸龙路1057号,,41,41,30,20,15,41,NA,139,99,50,15,9,9,1.0,0.9
2026-08-30T2300,4225A,104.714266,29.338571,自贡市,贡兴路74号,颗粒物(PM10),51,51,19,20,8,89,NA,129,120,7,6,10,9,0.4,0.4
2026-08-30T2300,4226A,104.765114,31.453094,绵阳市,绵阳市气象局,颗粒物(PM10),51,51,29,25,12,74,NA,118,112,34,17,9,7,0.9,0.7
2026-08-30T2300,4227A,106.108336,30.788436,南充市,梨树横街98号,,49,49,33,26,18,89,NA,112,109,13,12,10,9,0.6,0.6
2026-08-30T2300,4229A,102.2342,27.8859,凉山彝族自治州,凯乐南路30号,NA,NA,15,15,8,7,61,NA,92,79,NA,3,4,5,0.4,0.4
2026-08-30T2300,4230A,106.688212,26.56952,贵阳市,花果园大街66号,,28,28,17,12,8,67,NA,74,73,11,9,2,2,/,/
2026-08-30T2300,4231A,106.687268,26.516892,贵阳市,漓江路57号,,27,27,16,15,8,69,NA,83,80,10,7,3,2,0.6,0.6
2026-08-30T2300,4233A,108.596239,34.118792,西安市,西苑北路977号,颗粒物(PM10),51,51,41,24,12,64,NA,135,119,29,16,2,3,0.4,0.3
2026-08-30T2300,4234A,108.949652,34.870529,铜川市,大唐三路,颗粒物(PM10),55,56,54,21,20,86,NA,152,130,14,10,6,6,0.7,0.7
2026-08-30T2300,4235A,109.5051,34.4921,渭南市,渭花路4号,,39,39,39,11,15,60,NA,140,108,18,13,3,5,0.2,0.2
2026-08-30T2300,4236A,103.629272,36.093822,兰州市,庄浪东路808号,,42,42,41,20,15,81,NA,150,117,29,24,14,13,0.3,0.4
2026-08-30T2300,4237A,103.7251,36.104344,兰州市,安宁西路88号,颗粒物(PM10),65,70,45,22,16,89,NA,152,136,29,20,12,13,0.3,0.4
2026-08-30T2300,4238A,103.846982,36.067567,兰州市,北滨河东路1号,,50,50,47,23,18,61,NA,136,109,45,38,6,6,0.6,0.8
2026-08-30T2300,4239A,102.193042,38.531887,金昌市,长春路96号,,35,33,53,9,18,112,NA,158,140,16,21,5,20,0.3,0.3
2026-08-30T2300,4240A,98.495752,39.733935,酒泉市,玉门东路5号,颗粒物(PM10),65,70,41,26,15,61,NA,150,127,44,11,8,11,0.7,0.5
2026-08-30T2300,4241A,98.5099,39.7506,酒泉市,北大街108号,颗粒物(PM10),62,66,37,28,15,56,NA,157,129,44,12,9,12,1.1,0.6
2026-08-30T2300,4242A,106.226373,38.491976,银川市,广场西路,,38,38,41,10,10,85,NA,145,119,29,20,6,8,0.4,0.5
2026-08-30T2300,4243A,92.0515,31.4787,那曲市,那曲市委宣传部,,26,15,12,11,8,81,NA,102,96,7,8,6,6,0.3,0.4
2026-08-30T2300,4244A,111.4879,36.053,临汾市,启星学校,,50,50,50,19,22,38,NA,154,114,33,17,6,8,0.5,0.7
2026-08-30T2300,4245A,106.8609,27.5969,遵义市,遵南大道1161号,,23,21,14,16,8,66,NA,82,75,4,4,4,3,0.6,0.6
2026-08-30T2300,4246A,105.833962,30.18863087,重庆市,桃园路24号,,34,34,25,22,18,66,NA,108,96,15,8,3,4,0.4,0.3
2026-08-30T2300,4247A,107.091033,29.153966,重庆市,钟楼街32号,,33,33,21,22,13,51,NA,92,73,14,6,13,14,0.8,0.7
2026-08-30T2300,4248A,107.8042979,30.67350233,重庆市,人民南路309号,,49,49,41,19,14,81,NA,103,94,8,7,8,8,0.5,0.6
2026-08-30T2300,4249A,118.8707617,31.34017673,南京市,汶溪路181号,,12,9,19,0,7,37,NA,83,58,3,9,1,9,0.6,0.6
2026-08-30T2300,4250A,114.089259,33.588274,漯河市,韶山路11号,,45,40,40,31,21,77,NA,119,104,26,18,9,9,0.7,0.7
2026-08-30T2300,4251A,112.1433,32.0581,襄阳市,铁院东路4号,,44,44,54,21,21,112,NA,149,137,11,12,9,10,0.5,0.6
2026-08-30T2300,4252A,113.0138,25.8011,郴州市,好美居路49号,,24,24,10,7,6,47,NA,64,59,6,5,9,3,/,/
2026-08-30T2300,4253A,116.010205,29.659402,九江市,莲花大道8号,,20,20,28,13,16,38,NA,87,58,17,8,8,9,0.6,0.6
2026-08-30T2300,4254A,120.2925,31.5685,无锡市,健康路105号,,15,6,17,0,7,45,NA,62,49,14,17,5,4,0.5,0.6
2026-08-30T2300,4255A,110.16795,22.640993,玉林市,人民东路196号,,16,16,23,5,13,40,NA,57,48,8,15,2,6,0.7,0.7
2026-08-30T2300,4256A,107.375,22.3736,崇左市,石景林东路7号,,22,22,24,13,10,17,NA,57,41,12,7,5,6,0.5,0.5
2026-08-30T2300,4257A,104.6092,35.5962,定西市,将台街,颗粒物(PM10),55,56,42,22,11,54,NA,131,102,28,15,5,6,0.4,0.3
2026-08-30T2300,4258A,111.2416,23.4155,梧州市,政贤路18号,,20,8,21,2,10,64,NA,55,55,4,10,6,7,0.5,0.6
2026-08-30T2300,4259A,113.835877,34.0155267,许昌市,望田路111号,,32,27,29,13,16,100,NA,123,114,10,10,6,6,0.4,0.5
2026-08-30T2300,4260A,109.5933,23.095,贵港市,中山路155-3号,,17,17,22,11,13,54,NA,67,63,5,6,/,/,0.6,0.6
2026-08-30T2300,4261A,103.7247,27.3415,昭通市,环东路146号,,29,29,17,13,11,91,NA,104,101,11,8,6,6,0.3,0.4
2026-08-30T2300,4263A,105.3688,27.3598,毕节市,工业大道,,29,26,16,8,5,92,NA,93,91,6,4,11,8,/,/
2026-08-30T2300,4264A,113.234,35.219,焦作市,新安路1731号,,36,36,43,15,23,99,NA,144,126,8,11,3,5,0.5,0.7
2026-08-30T2300,4265A,113.108806,29.353066,岳阳市,求索西路365号,,26,26,28,15,17,56,NA,94,76,10,8,4,4,0.6,0.6
2026-08-30T2300,4266A,117.7325,34.5683,枣庄市,文化路178号,,34,34,37,9,22,56,NA,112,88,29,21,11,11,0.3,0.3
2026-08-30T2300,4268A,112.1722,30.3366,荆州市,学苑路85号,,37,37,33,12,19,96,NA,143,126,9,7,6,5,1.8,1
2026-08-30T2300,4269A,114.6701,33.6167,周口市,七一路,,32,28,35,22,25,97,NA,120,113,12,11,7,6,0.5,0.5
2026-08-30T2300,4270A,102.6447,37.9293,武威市,钟楼街149号,,37,37,25,25,12,36,NA,142,108,42,21,10,9,0.5,0.4
2026-08-30T2300,4271A,103.2464,35.6123,临夏回族自治州,滨河东路1号,,46,46,37,17,13,67,NA,120,103,26,11,5,7,0.4,0.3
2026-08-30T2300,4273A,81.2737,43.9337,伊犁哈萨克自治州,安徽路800号,颗粒物(PM10),74,83,62,33,19,8,NA,102,85,87,35,7,6,1.6,0.8
2026-08-30T2300,4274A,117.7994,40.9605,承德市,滨河大街98号,,19,19,28,9,9,18,NA,81,50,17,11,7,27,0.4,0.5
2026-08-30T2300,4275A,111.591512,40.827312,呼和浩特市,成吉思汗西街8号,,19,7,20,3,4,59,NA,100,82,20,29,5,7,0.2,0.3
2026-08-30T2300,4276A,111.6597,40.8077,呼和浩特市,公园东路75号,,31,31,22,13,6,35,NA,97,81,33,17,7,8,0.2,0.3
2026-08-30T2300,4277A,111.5427,40.7846,呼和浩特市,金海路35号,,21,10,25,4,6,66,NA,98,88,16,25,4,6,0.2,0.3
2026-08-30T2300,4278A,106.8212,39.6741,乌海市,海拉北路,,42,42,36,12,14,68,NA,150,124,37,26,9,16,0.4,0.5
2026-08-30T2300,4279A,119.7569,49.2222,呼伦贝尔市,伊敏大街东7号,,28,28,21,11,10,43,NA,51,49,6,6,6,6,0.3,0.3
2026-08-30T2300,4280A,122.0921,46.065,兴安盟,洮儿河南路,,21,21,20,1,8,32,NA,56,35,7,10,8,8,0.3,0.4
2026-08-30T2300,4281A,125.334645,43.916281,长春市,北亚泰大街1068号,颗粒物(PM10),55,56,32,24,20,2,NA,70,36,55,21,7,6,0.5,0.4
2026-08-30T2300,4282A,126.6769,45.7379,哈尔滨市,华山路1号,,14,7,8,2,5,42,NA,67,55,7,10,5,5,0.2,0.2
2026-08-30T2300,4283A,126.9717,45.5356,哈尔滨市,解放大街52号,,22,22,18,3,3,15,NA,64,46,28,10,12,12,0.3,0.3
2026-08-30T2300,4284A,128.8325,47.8447,伊春市,永安路4-1号,,12,NA,5,8,6,24,NA,40,26,1,2,2,2,0.2,0.2
2026-08-30T2300,4285A,130.363,46.806,佳木斯市,顺和街,,11,7,12,2,5,34,NA,42,38,5,7,3,2,0.2,0.2
2026-08-30T2300,4286A,130.3952,46.8268,佳木斯市,长安路196号,,11,8,10,2,4,35,NA,44,39,2,5,3,3,0.2,0.2
2026-08-30T2300,4287A,129.5992,44.5964,牡丹江市,东晓云街98号,,34,34,28,7,7,51,NA,70,54,6,8,7,8,0.3,0.3
2026-08-30T2300,4288A,117.2438,34.2844,徐州市,龙潭环路5号,,31,31,33,10,21,43,NA,87,77,25,12,10,8,1.3,1.1
2026-08-30T2300,4289A,117.154766,29.256967,景德镇市,青少年活动中心,,18,11,13,1,5,55,NA,52,51,3,6,5,6,/,/
2026-08-30T2300,4290A,120.196923,35.954556,青岛市,珠江路669号,细颗粒物(PM2.5),60,51,37,40,27,66,NA,114,96,32,26,6,6,0.7,0.7
2026-08-30T2300,4291A,120.0424,35.8656,青岛市,黄岛区人民政府广场,细颗粒物(PM2.5),82,58,31,51,26,84,NA,123,107,21,20,7,7,0.6,0.5
2026-08-30T2300,4292A,116.352738,37.420875,德州市,新河东路,,36,36,26,8,9,7,NA,114,77,70,23,9,9,0.7,0.6
2026-08-30T2300,4293A,113.605125,34.755221,郑州市,计划路2号,,35,35,36,15,22,99,NA,134,117,13,11,9,10,0.2,0.4
2026-08-30T2300,4294A,113.6525645,34.77362682,郑州市,同乐路9号,,31,28,36,19,24,99,NA,133,115,17,12,4,6,0.2,0.5
2026-08-30T2300,4295A,113.2722,35.2121,焦作市,人民路3066号,,45,45,49,14,23,88,NA,144,121,10,10,5,5,0.4,0.5
2026-08-30T2300,4296A,114.6421,33.6417,周口市,健康路46号,,40,40,36,24,21,78,NA,108,98,16,12,3,2,0.3,0.4
2026-08-30T2300,4297A,114.649,33.596,周口市,太昊路,,37,37,36,17,23,103,NA,118,114,10,9,4,3,0.6,0.7
2026-08-30T2300,4298A,114.284,29.8595,咸宁市,碧桂路,,34,34,34,21,22,69,NA,123,87,8,9,3,2,0.6,0.6
2026-08-30T2300,4299A,111.6195,26.2253,永州市,徐家井路86号,,31,31,19,21,12,78,NA,86,85,9,8,6,6,0.8,0.7
2026-08-30T2300,4300A,114.4089,23.1147,惠州市,文华一路1号,,18,15,19,8,12,56,NA,83,74,10,7,/,/,/,/
2026-08-30T2300,4301A,110.2803,25.2773,桂林市,信义路13号,,23,NA,10,12,8,71,NA,66,66,7,9,4,8,0.6,0.7
2026-08-30T2300,4302A,108.0901,24.6945,河池市,上任中路54号,NA,NA,16,21,2,9,NA,NA,70,NA,NA,6,6,6,0.7,0.7
2026-08-30T2300,4303A,105.5911,30.5368,遂宁市,环岛商务中心9号楼,,44,44,31,26,13,86,NA,114,106,13,11,10,7,0.5,0.5
2026-08-30T2300,4304A,106.1172,30.843,南充市,清泉寺北路188号,,32,27,33,22,18,85,NA,113,106,13,10,9,9,0.2,0.2
2026-08-30T2300,4305A,106.067,30.7616,南充市,同庆路1号,,38,38,31,24,17,80,NA,116,104,10,8,7,7,0.3,0.2
2026-08-30T2300,4306A,103.0544,30.0133,雅安市,滨江西路,,16,16,15,7,6,50,NA,82,70,6,6,4,5,0.5,0.5
2026-08-30T2300,4307A,108.9817,34.2035,西安市,曲江池东路988号,,25,19,33,12,12,79,NA,144,124,19,13,2,3,0.4,0.5
2026-08-30T2300,4308A,107.3898,34.3601,宝鸡市,陈仓区北开路21号,颗粒物(PM10),52,52,35,17,12,34,NA,129,104,48,13,5,6,0.5,0.4
2026-08-30T2300,4309A,104.6159,35.5701,定西市,正龙路62号,颗粒物(PM10),55,57,36,7,8,59,NA,120,103,17,9,4,4,0.4,0.3
2026-08-30T2300,4310A,103.207136,35.599807,临夏回族自治州,新华街21号,,28,24,35,19,15,65,NA,112,102,16,10,9,9,0.3,0.3
2026-08-30T2300,4311A,122.0383,46.0691,兴安盟,科尔沁北路63号,,21,21,16,5,5,38,NA,58,43,5,7,5,6,0.3,0.4
2026-08-30T2300,4312A,119.019,31.6512,南京市,中山西路1号,,11,2,17,0,8,34,NA,74,53,6,10,4,4,0.4,0.6
2026-08-30T2300,4314A,114.0494,38.059,石家庄市,矿区区委大楼,,16,10,22,0,6,51,NA,103,84,5,6,5,6,0.3,0.4
2026-08-30T2300,4325A,105.3665,28.77434,泸州市,纳溪区委政协,,27,27,21,16,10,46,NA,95,79,14,10,3,3,0.7,0.7
2026-08-30T2300,4326A,113.0794,22.5999,江门市,五邑大学,,20,12,24,7,16,64,NA,61,61,17,19,8,7,0.4,0.5
