timepoint,stationcode,longitude,latitude,area,positionname,primarypollutant,aqi,pm10,pm10_24h,pm2_5,pm2_5_24h,o3,o3_24h,o3_8h,o3_8h_24h,no2,no2_24h,so2,so2_24h,co,co_24h
2026-08-05T2300,1001A,116.3611,39.8786,北京市,万寿西宫,,40,40,29,16,18,125,NA,153,146,16,16,1,1,0.5,0.4
2026-08-05T2300,1003A,116.4174,39.9289,北京市,东四,,37,37,28,24,18,115,NA,159,149,16,17,2,2,0.5,0.4
2026-08-05T2300,1004A,116.4073,39.8858,北京市,天坛,,43,43,29,21,15,40,NA,144,114,12,11,2,2,0.6,0.6
2026-08-05T2300,1005A,116.4622,39.9364,北京市,农展馆,,37,37,31,20,17,115,NA,154,148,16,25,3,3,0.5,0.5
2026-08-05T2300,1006A,116.3399,39.9293,北京市,官园,,38,34,30,26,16,114,NA,136,130,12,16,3,3,0.5,0.5
2026-08-05T2300,1007A,116.2879,39.9613,北京市,海淀万柳,,40,40,28,23,15,69,NA,128,108,18,18,3,3,0.5,0.5
2026-08-05T2300,1008A,116.6635,40.1349,北京市,顺义新城,,43,39,29,30,17,85,NA,182,150,11,10,1,1,0.6,0.5
2026-08-05T2300,1009A,116.6275,40.327,北京市,怀柔镇,,38,38,32,23,19,81,NA,168,137,9,9,3,3,0.6,0.6
2026-08-05T2300,1010A,116.2295,40.217,北京市,昌平镇,,36,32,31,25,18,60,NA,131,96,10,10,3,3,0.7,0.7
2026-08-05T2300,1011A,116.3968,39.982,北京市,奥体中心,,33,33,26,12,15,90,NA,119,115,16,18,3,3,0.4,0.3
2026-08-05T2300,1015A,117.1446,39.1659,天津市,勤俭道,,43,42,39,24,19,136,NA,189,166,15,16,4,3,0.6,0.7
2026-08-05T2300,1018A,117.2016,39.0928,天津市,前进道,颗粒物(PM10),54,55,41,30,20,105,NA,156,133,15,11,6,7,0.5,0.5
2026-08-05T2300,1019A,117.1837,39.2134,天津市,淮河道,,50,50,47,25,23,105,NA,182,150,13,14,6,6,0.4,0.4
2026-08-05T2300,1021A,117.308261,39.088386,天津市,跃进路,,50,50,41,28,21,114,NA,162,136,27,18,5,6,0.6,0.7
2026-08-05T2300,1023A,117.707,39.0344,天津市,第四大街,颗粒物(PM10),58,60,41,30,20,91,NA,133,123,39,30,4,4,0.2,0.2
2026-08-05T2300,1024A,117.4573,38.8395,天津市,永明路,细颗粒物(PM2.5),78,66,34,49,22,102,NA,164,148,17,8,2,2,0.5,0.5
2026-08-05T2300,1026A,117.7641,39.1588,天津市,汉北路,,40,40,30,25,18,92,NA,147,137,29,16,4,4,0.7,0.7
2026-08-05T2300,1030A,114.5919,38.0328,石家庄市,高新区,,46,46,26,32,15,99,NA,150,137,16,12,2,4,0.6,0.5
2026-08-05T2300,1032A,114.4556,38.0136,石家庄市,西南高教,,42,42,23,23,16,113,NA,151,141,9,11,1,2,0.6,0.5
2026-08-05T2300,1033A,114.533,38.0177,石家庄市,世纪公园,颗粒物(PM10),72,80,30,29,15,92,NA,134,120,9,6,3,3,0.6,0.5
2026-08-05T2300,1034A,114.5105,38.0489,石家庄市,人民会堂,,41,30,20,28,16,130,NA,154,147,5,7,2,4,0.4,0.3
2026-08-05T2300,1040A,118.1707,39.6505,唐山市,十二中,,46,46,41,29,28,96,NA,150,116,16,8,5,4,0.7,0.7
2026-08-05T2300,1041A,118.1868,39.6219,唐山市,小山,,45,NA,22,31,26,112,NA,155,119,8,6,14,7,0.4,0.4
2026-08-05T2300,1046A,119.5247,39.9346,秦皇岛市,建设大厦,颗粒物(PM10),57,59,44,22,22,53,NA,133,102,29,9,4,5,0.7,0.6
2026-08-05T2300,1049A,114.492,36.5712,邯郸市,矿院,,45,45,20,31,18,81,NA,147,133,21,4,2,2,0.5,0.4
2026-08-05T2300,1050A,114.4839,36.6136,邯郸市,丛台公园,,38,38,19,23,12,121,NA,146,139,6,5,5,7,0.4,0.4
2026-08-05T2300,1051A,115.4803,38.8568,保定市,游泳馆,,40,40,25,26,17,115,NA,155,142,7,7,4,4,0.1,0.2
2026-08-05T2300,1052A,115.509,38.8895,保定市,华电二区,,33,31,24,23,14,95,NA,164,143,19,10,3,3,0.6,0.6
2026-08-05T2300,1053A,115.4588,38.9037,保定市,接待中心,,42,40,26,29,16,103,NA,154,135,11,8,3,3,0.2,0.2
2026-08-05T2300,1054A,115.4484,38.8344,保定市,地表水厂,颗粒物(PM10),55,57,31,31,16,66,NA,157,131,32,11,3,2,0.5,0.4
2026-08-05T2300,1057A,114.8884,40.8336,张家口市,人民公园,,29,NA,26,20,16,38,NA,104,67,9,9,2,2,0.3,0.4
2026-08-05T2300,1059A,114.868581,40.804273,张家口市,五金库,,23,23,26,14,11,40,NA,98,64,14,12,/,/,/,/
2026-08-05T2300,1060A,114.8901,40.762,张家口市,世纪豪园,,29,23,21,20,20,25,NA,101,58,22,10,4,5,0.7,0.6
2026-08-05T2300,1062A,117.9531,40.908,承德市,铁路,,29,28,23,20,14,29,NA,100,68,8,10,5,5,0.4,0.3
2026-08-05T2300,1063A,117.9397,40.9763,承德市,中国银行,,28,20,24,19,13,33,NA,111,74,13,9,4,4,0.3,0.3
2026-08-05T2300,1067A,116.6712,39.5109,廊坊市,药材公司,,42,36,28,24,16,134,NA,161,161,9,8,3,3,0.5,0.4
2026-08-05T2300,1068A,116.7215,39.5592,廊坊市,开发区,,42,42,32,20,18,106,NA,166,151,12,8,3,3,0.5,0.4
2026-08-05T2300,1070A,116.7246,39.5273,廊坊市,北华航天学院,,49,49,34,33,22,123,NA,177,165,14,10,3,3,0.5,0.4
2026-08-05T2300,1071A,116.8733,38.2922,沧州市,沧县城建局,,39,32,27,27,22,115,NA,150,140,14,9,3,5,0.6,0.5
2026-08-05T2300,1072A,116.8462,38.3189,沧州市,电视转播站,NA,NA,NA,33,NA,19,129,NA,150,146,NA,6,3,3,0.2,0.2
2026-08-05T2300,1073A,116.8588,38.3161,沧州市,市环保局,颗粒物(PM10),55,56,38,21,20,92,NA,127,120,17,10,2,3,0.5,0.5
2026-08-05T2300,1074A,115.6839,37.754,衡水市,电机北厂,,38,38,31,24,12,90,NA,141,128,21,10,2,3,0.7,0.5
2026-08-05T2300,1075A,115.6303,37.7318,衡水市,市监测站,,42,42,30,20,10,74,NA,133,120,12,7,9,7,0.8,0.6
2026-08-05T2300,1077A,114.4687,37.0883,邢台市,达活泉,,32,26,25,22,16,94,NA,132,126,8,3,3,2,0.4,0.4
2026-08-05T2300,1078A,114.4954,37.0309,邢台市,邢师高专,,48,48,23,26,13,65,NA,122,108,14,4,3,3,0.5,0.5
2026-08-05T2300,1079A,114.5281,37.0857,邢台市,路桥公司,颗粒物(PM10),52,52,29,30,13,74,NA,129,117,20,6,3,2,0.5,0.4
2026-08-05T2300,1080A,114.4721,37.0713,邢台市,市环保局,,44,44,26,23,16,114,NA,134,130,8,5,3,4,0.3,0.3
2026-08-05T2300,1081A,112.5138,37.8916,太原市,尖草坪,,29,29,20,14,14,49,NA,104,69,18,13,7,7,0.3,0.6
2026-08-05T2300,1084A,112.4691,37.7125,太原市,晋源,,32,28,24,22,16,52,NA,103,76,14,12,5,6,0.8,0.9
2026-08-05T2300,1085A,112.5595,37.7391,太原市,小店,,45,45,26,20,17,36,NA,107,75,39,23,16,8,1.7,0.8
2026-08-05T2300,1087A,112.5705,37.8199,太原市,坞城,,40,31,19,28,19,42,NA,106,74,31,18,13,11,1.2,1
2026-08-05T2300,1088A,112.5495,37.9853,太原市,南寨,,28,28,22,16,13,11,NA,82,47,16,14,11,11,0.6,0.7
2026-08-05T2300,1090A,111.6506,40.7517,呼和浩特市,呼市一监,,17,17,18,9,13,35,NA,75,60,15,10,9,8,0.5,0.5
2026-08-05T2300,1094A,111.7516,40.8369,呼和浩特市,如意水处理厂,,21,21,21,12,20,26,NA,74,50,27,15,4,5,0.6,0.6
2026-08-05T2300,1095A,111.727798,40.806187,呼和浩特市,二十九中,,40,NA,24,28,19,28,NA,78,57,28,12,10,10,0.6,0.6
2026-08-05T2300,1097A,111.717,40.7617,呼和浩特市,化肥厂生活区,,25,24,22,17,21,37,NA,77,57,18,17,12,12,0.4,0.5
2026-08-05T2300,1099A,123.5058,41.7084,沈阳市,浑南东路,,42,42,34,28,22,13,NA,144,99,64,15,2,3,0.7,0.7
2026-08-05T2300,1100A,123.4238,41.6992,沈阳市,新秀街,NA,NA,NA,NA,NA,NA,NA,NA,NA,NA,NA,NA,NA,NA,NA,NA
2026-08-05T2300,1102A,123.5903,41.8412,沈阳市,东陵路,颗粒物(PM10),54,55,42,23,20,35,NA,129,79,25,19,1,2,0.6,0.6
2026-08-05T2300,1103A,123.4267,41.8466,沈阳市,陵东街,,29,28,33,20,23,50,NA,116,NA,6,7,4,4,0.4,0.7
2026-08-05T2300,1104A,123.4116,41.7654,沈阳市,文化路,,30,30,34,16,22,87,NA,136,113,13,11,4,5,0.4,0.7
2026-08-05T2300,1105A,123.4673,41.787,沈阳市,小河沿,,28,26,33,18,22,88,NA,115,101,8,9,1,1,0.6,0.9
2026-08-05T2300,1106A,123.4019,41.7978,沈阳市,太原街,,32,32,38,18,22,96,NA,133,115,11,9,2,3,0.6,0.8
2026-08-05T2300,1108A,123.3778,41.9233,沈阳市,京沈街,颗粒物(PM10),53,53,46,22,24,56,NA,134,102,30,10,2,2,0.5,0.7
2026-08-05T2300,1109A,121.6119,38.974,大连市,甘井子,,34,32,16,23,11,107,NA,131,120,18,17,4,5,0.6,0.5
2026-08-05T2300,1110A,121.565,38.9509,大连市,周水子,,33,NA,17,23,14,83,NA,127,117,31,18,8,6,0.6,0.4
2026-08-05T2300,1111A,121.5637,38.8849,大连市,星海三站,,40,NA,16,28,13,77,NA,131,125,21,11,6,6,0.7,0.6
2026-08-05T2300,1112A,121.6301,38.9117,大连市,青泥洼桥,,38,38,16,20,10,90,NA,112,92,23,12,9,8,0.4,0.4
2026-08-05T2300,1113A,121.6248,38.8643,大连市,傅家庄,,27,20,11,15,11,84,NA,133,128,15,6,5,5,0.4,0.3
2026-08-05T2300,1114A,121.5117,38.8636,大连市,七贤岭,,37,18,15,13,12,117,NA,117,110,9,13,7,7,0.5,0.6
2026-08-05T2300,1116A,121.7507,39.1339,大连市,金州,,33,33,23,20,14,62,NA,128,97,19,13,8,9,0.7,0.5
2026-08-05T2300,1117A,121.7811,39.0495,大连市,开发区,,36,30,19,25,14,92,NA,115,110,12,19,7,8,0.7,0.6
2026-08-05T2300,1118A,121.9762,39.0631,大连市,双D港,,31,31,12,13,9,54,NA,82,73,23,8,6,6,0.6,0.4
2026-08-05T2300,1120A,125.2874,43.9024,长春市,客车厂,,26,26,36,11,25,68,NA,101,78,20,12,3,2,0.4,0.5
2026-08-05T2300,1121A,125.2943,43.8508,长春市,邮电学院,,26,26,31,15,26,44,NA,96,73,16,7,6,6,0.3,0.4
2026-08-05T2300,1122A,125.3648,43.8745,长春市,劳动公园,,22,22,29,13,24,67,NA,94,81,14,8,3,3,0.4,0.4
2026-08-05T2300,1123A,125.3233,43.8781,长春市,园林处,,20,16,32,13,23,61,NA,100,79,13,8,4,3,0.5,0.5
2026-08-05T2300,1124A,125.4604,43.7904,长春市,净月潭,,36,26,28,25,26,16,NA,110,66,9,6,5,5,0.4,0.4
2026-08-05T2300,1126A,125.38,43.8422,长春市,经开区环卫处,,18,17,32,12,23,53,NA,101,81,10,6,4,4,0.4,0.5
2026-08-05T2300,1127A,125.234,43.7761,长春市,高新区管委会,,33,33,32,20,24,9,NA,108,72,48,9,5,5,0.4,0.4
2026-08-05T2300,1128A,125.1695,43.83,长春市,岱山公园,,22,21,30,15,25,39,NA,78,59,16,8,2,2,0.4,0.5
2026-08-05T2300,1130A,126.5557,45.8109,哈尔滨市,松北商大,,29,29,17,18,8,26,NA,74,60,18,10,5,5,0.6,0.5
2026-08-05T2300,1132A,126.6162,45.719,哈尔滨市,南岗学府路,,44,44,22,20,7,14,NA,89,63,31,15,6,6,0.7,0.4
2026-08-05T2300,1133A,126.6894,45.7733,哈尔滨市,太平宏伟公园,颗粒物(PM10),60,63,32,14,6,8,NA,98,76,59,18,7,6,0.8,0.3
2026-08-05T2300,1134A,126.6361,45.7672,哈尔滨市,道外承德广场,颗粒物(PM10),56,58,32,22,10,25,NA,88,68,46,17,6,6,0.5,0.4
2026-08-05T2300,1136A,126.644,45.7261,哈尔滨市,动力和平路,,48,48,28,14,7,27,NA,91,70,32,17,4,4,0.6,0.5
2026-08-05T2300,1137A,126.5933,45.7479,哈尔滨市,道里建国路,NA,NA,NA,NA,23,8,32,NA,86,72,43,14,5,5,0.8,0.6
2026-08-05T2300,1138A,126.6127,45.6119,哈尔滨市,平房东轻厂,,29,29,13,16,5,0,NA,77,50,46,13,10,10,0.9,0.7
2026-08-05T2300,1139A,126.5875,45.9827,哈尔滨市,呼兰师专,,24,24,24,14,7,36,NA,65,60,31,10,2,4,0.6,0.6
2026-08-05T2300,1140A,126.6299,45.6799,哈尔滨市,省农科院,,45,45,23,22,11,10,NA,86,64,52,21,7,6,0.7,0.5
2026-08-05T2300,1141A,121.401,31.2382,上海市,普陀,,29,28,30,20,22,85,NA,82,82,9,14,5,6,0.2,0.2
2026-08-05T2300,1142A,121.4774,31.2043,上海市,十五厂,,30,29,29,21,19,73,NA,77,76,10,12,4,5,0.5,0.5
2026-08-05T2300,1143A,121.4673,31.3011,上海市,虹口,,32,32,30,21,24,70,NA,83,81,14,12,4,5,0.7,0.7
2026-08-05T2300,1147A,121.4253,31.226,上海市,静安监测站,,32,30,29,22,23,86,NA,88,88,9,11,7,8,0.6,0.6
2026-08-05T2300,1148A,121.7029,31.1905,上海市,浦东川沙,,32,32,30,22,24,82,NA,90,89,11,14,8,9,0.8,0.8
2026-08-05T2300,1149A,121.5339,31.229,上海市,浦东新区监测站,,32,31,29,22,22,71,NA,79,78,15,16,7,8,0.4,0.4
2026-08-05T2300,1150A,121.5776,31.2038,上海市,浦东张江,,30,24,26,21,23,84,NA,92,91,8,14,6,7,0.4,0.4
2026-08-05T2300,1151A,118.8033,32.1085,南京市,迈皋桥,,38,29,35,26,25,64,NA,110,91,7,6,4,4,0.1,0.2
2026-08-05T2300,1152A,118.7487,32.057,南京市,草场门,,34,34,32,23,24,56,NA,122,100,21,9,7,6,0.7,0.7
2026-08-05T2300,1154A,118.770105,32.004342,南京市,中华门,,29,29,28,18,25,48,NA,101,82,13,9,6,6,0.1,0.1
2026-08-05T2300,1155A,118.8059,32.0329,南京市,瑞金路,,33,24,30,23,25,55,NA,111,89,20,12,4,4,0.3,0.3
2026-08-05T2300,1156A,118.7946,32.0774,南京市,玄武湖,,36,34,36,25,23,33,NA,98,72,27,7,4,4,0.5,0.5
2026-08-05T2300,1157A,118.6415,32.0964,南京市,浦口,,35,35,35,21,26,44,NA,127,92,25,15,4,4,0.8,0.8
2026-08-05T2300,1158A,118.730129,32.000956,南京市,奥体中心,,31,31,39,15,23,74,NA,132,111,14,10,7,6,0.7,0.7
2026-08-05T2300,1159A,118.9072,32.1047,南京市,仙林大学城,,41,41,37,25,25,47,NA,110,79,24,11,10,10,0.4,0.4
2026-08-05T2300,1163A,120.5974,31.3247,苏州市,轧钢厂,,29,29,32,20,22,53,NA,89,62,25,25,8,9,0.9,0.9
2026-08-05T2300,1164A,120.6329,31.2741,苏州市,吴中区,,38,36,34,26,23,41,NA,98,71,19,14,7,6,0.9,0.6
2026-08-05T2300,1165A,120.5566,31.3049,苏州市,苏州新区,,36,34,33,25,26,56,NA,97,73,18,15,6,7,0.8,0.7
2026-08-05T2300,1166A,120.668709,31.312523,苏州市,苏州工业园区,,32,32,36,19,23,61,NA,92,71,17,14,10,10,0.8,0.6
2026-08-05T2300,1167A,120.6408,31.3707,苏州市,相城区,,32,24,30,22,24,68,NA,87,64,8,12,3,4,0.7,0.8
2026-08-05T2300,1168A,120.9056,31.9669,南通市,狼山街道,,25,21,20,17,16,63,NA,89,86,13,6,4,5,0.6,0.6
2026-08-05T2300,1170A,120.8635,32.0231,南通市,城中,,25,25,27,17,17,75,NA,91,86,5,4,2,2,0.9,1
2026-08-05T2300,1171A,120.9376,31.9301,南通市,星湖花园,,25,NA,21,17,17,76,NA,86,84,5,5,3,3,0.5,0.6
2026-08-05T2300,1172A,120.8053,32.046,南通市,紫琅学院,,28,NA,24,19,16,66,NA,87,80,5,4,2,3,0.7,0.7
2026-08-05T2300,1173A,119.1759,34.5885,连云港市,市环境监测站,,22,14,20,12,14,69,NA,124,100,9,6,4,4,0.5,0.5
2026-08-05T2300,1180A,117.257,34.2161,徐州市,新城区,,35,29,30,24,20,79,NA,110,101,7,5,8,8,0.4,0.4
2026-08-05T2300,1182A,117.2933,34.2796,徐州市,农科院,,44,44,30,24,22,71,NA,103,95,16,10,5,6,0.8,0.7
2026-08-05T2300,1186A,119.3895,32.377,扬州市,邗江监测站,,36,31,29,25,21,58,NA,97,74,9,4,6,5,0.6,0.6
2026-08-05T2300,1188A,120.2693,31.4864,无锡市,雪浪,,34,34,35,19,25,58,NA,102,73,17,12,5,5,0.8,0.8
2026-08-05T2300,1189A,120.2761,31.621,无锡市,黄巷,,42,42,40,20,18,52,NA,74,41,21,24,5,5,1.0,0.9
2026-08-05T2300,1191A,120.2422,31.5037,无锡市,漆塘,,33,32,37,23,21,70,NA,94,69,9,9,6,7,0.6,0.6
2026-08-05T2300,1192A,120.3489,31.5865,无锡市,东亭,,30,27,24,21,21,42,NA,82,60,33,18,5,6,0.5,0.5
2026-08-05T2300,1193A,120.3538,31.5474,无锡市,旺庄,,26,21,26,18,21,70,NA,96,78,15,14,8,9,0.8,0.7
2026-08-05T2300,1194A,120.2447,31.5633,无锡市,荣巷,,28,22,32,19,21,70,NA,85,69,14,16,6,6,0.5,0.5
2026-08-05T2300,1195A,120.2986,31.6816,无锡市,堰桥,,29,29,29,17,17,59,NA,78,62,15,15,4,5,0.6,0.7
2026-08-05T2300,1196A,119.9524,31.7586,常州市,市监测站,,30,30,35,15,19,54,NA,98,63,14,11,11,11,0.7,0.6
2026-08-05T2300,1200A,119.9351,31.703,常州市,武进监测站,,38,30,29,26,25,52,NA,92,58,18,17,5,6,0.7,0.8
2026-08-05T2300,1203A,119.6708,32.187,镇江市,新区办事处,,32,26,29,22,23,71,NA,86,70,14,14,4,5,0.5,0.8
2026-08-05T2300,1204A,119.497455,32.196732,镇江市,职教中心,,25,23,31,17,21,62,NA,77,60,15,17,5,5,0.5,0.6
2026-08-05T2300,1205A,119.43,32.1328,镇江市,丹徒区监测站,,26,26,34,18,22,70,NA,98,76,16,15,4,6,0.9,1
2026-08-05T2300,1206A,119.9042,32.488,泰州市,公园路,,32,NA,23,22,16,68,NA,80,76,4,3,7,7,0.3,0.4
2026-08-05T2300,1207A,119.9189,32.4626,泰州市,莲花,,24,24,24,15,14,70,NA,81,78,5,5,7,6,0.3,0.4
2026-08-05T2300,1209A,119.8877,32.4636,泰州市,留学生创业园,,25,18,22,16,21,77,NA,88,85,1,2,9,9,0.8,0.7
2026-08-05T2300,1210A,119.0566,33.5991,淮安市,钵池山,,22,19,25,15,19,58,NA,83,74,8,6,1,1,0.6,0.6
2026-08-05T2300,1211A,119.0083,33.578,淮安市,北京南路,,23,22,26,16,20,70,NA,98,88,4,2,4,4,0.7,0.8
2026-08-05T2300,1212A,118.9938,33.6083,淮安市,市监测站,,23,12,19,12,17,72,NA,97,88,12,10,8,7,0.7,0.7
2026-08-05T2300,1213A,119.135,33.5038,淮安市,楚州区监测站,,27,27,26,18,19,55,NA,91,79,13,6,5,5,0.5,0.4
2026-08-05T2300,1216A,120.1554,33.3941,盐城市,市监测站,,19,8,21,6,12,59,NA,99,81,4,4,9,9,0.4,0.5
2026-08-05T2300,1218A,120.214332,33.37951,盐城市,开发区管委会,,17,17,23,9,17,54,NA,88,74,2,2,9,9,0.6,0.7
2026-08-05T2300,1220A,118.2924,33.933,宿迁市,宿迁学院,,49,35,29,34,23,76,NA,103,92,8,5,10,9,0.2,0.1
2026-08-05T2300,1221A,118.2321,33.9572,宿迁市,宿迁中学,,45,43,37,31,23,84,NA,105,97,9,6,5,5,0.6,0.5
2026-08-05T2300,1223A,120.2073,30.2111,杭州市,滨江,,45,45,38,28,24,62,NA,122,77,15,14,6,6,0.4,0.5
2026-08-05T2300,1224A,120.0625,30.2737,杭州市,西溪,,38,26,31,26,28,40,NA,101,71,23,8,4,4,0.7,0.6
2026-08-05T2300,1226A,120.3417,30.315,杭州市,下沙,,45,32,29,31,25,64,NA,104,75,11,10,6,5,0.5,0.6
2026-08-05T2300,1227A,120.1252,30.2465,杭州市,卧龙桥,,39,32,34,27,25,63,NA,116,79,10,9,7,6,0.6,0.6
2026-08-05T2300,1228A,120.1902,30.2691,杭州市,浙江农大,,38,36,33,26,24,51,NA,98,62,24,23,8,7,0.5,0.5
2026-08-05T2300,1230A,120.1195,30.3121,杭州市,和睦小学,,50,NA,32,35,32,62,NA,100,74,6,8,6,8,0.6,0.7
2026-08-05T2300,1231A,120.3076,30.4146,杭州市,临平镇,,45,45,33,27,23,65,NA,93,77,2,4,7,7,0.5,0.5
2026-08-05T2300,1232A,120.2753,30.1839,杭州市,城厢镇,,40,40,39,27,25,55,NA,108,69,10,8,7,6,0.6,0.6
2026-08-05T2300,1233A,120.0883,30.1808,杭州市,云栖,,30,27,40,21,26,16,NA,121,71,25,13,6,6,0.6,0.8
2026-08-05T2300,1234A,121.8352,29.9111,宁波市,区环保大楼,,37,37,33,18,19,53,NA,80,58,15,24,7,7,0.8,0.9
2026-08-05T2300,1235A,121.5595,29.8208,宁波市,万里学院,,39,31,30,27,20,39,NA,94,74,23,19,6,4,0.8,0.8
2026-08-05T2300,1236A,121.713,29.9564,宁波市,龙赛医院,,40,40,36,20,18,58,NA,92,76,12,22,9,11,0.4,0.4
2026-08-05T2300,1240A,121.5855,29.8635,宁波市,太古小学,,41,41,33,22,20,48,NA,96,72,12,17,8,7,0.4,0.5
2026-08-05T2300,1241A,121.5239,29.8673,宁波市,市环境监测中心,,35,35,33,24,20,49,NA,108,85,14,17,9,11,0.6,0.8
2026-08-05T2300,1242A,120.6342,28.0088,温州市,瓯海,,18,18,31,7,19,20,NA,60,38,17,20,5,6,0.5,0.6
2026-08-05T2300,1243A,120.6747,27.9881,温州市,南浦,,18,18,27,9,20,25,NA,67,45,16,13,4,5,0.4,0.4
2026-08-05T2300,1244A,120.76,27.9745,温州市,龙湾,,21,21,31,6,14,31,NA,63,49,12,12,6,6,0.5,0.5
2026-08-05T2300,1247A,120.6053,29.9927,绍兴市,城东开发委,,42,42,35,28,25,52,NA,102,74,11,8,12,12,0.8,0.8
2026-08-05T2300,1250A,120.075,30.867,湖州市,城西水厂,,48,43,36,33,27,66,NA,113,87,16,10,6,7,0.4,0.4
2026-08-05T2300,1252A,120.7439,30.778,嘉兴市,清河小学,,46,39,31,32,20,44,NA,91,69,26,12,6,6,0.4,0.4
2026-08-05T2300,1253A,120.7261,30.7477,嘉兴市,嘉兴学院,,40,29,26,28,20,41,NA,95,72,25,12,3,3,0.2,0.2
2026-08-05T2300,1255A,121.2727,28.6461,台州市,黄岩环保大楼,,22,22,19,13,12,37,NA,66,54,6,5,/,/,/,/
2026-08-05T2300,1256A,121.4188,28.6545,台州市,台州环保大楼,NA,NA,NA,21,15,12,55,NA,64,59,2,5,/,/,0.3,0.3
2026-08-05T2300,1257A,121.3768,28.5772,台州市,路桥田洋王,,36,36,26,16,12,56,NA,71,64,4,4,5,5,0.3,0.3
2026-08-05T2300,1258A,122.1223,30.0203,舟山市,定海檀枫,,30,30,23,18,14,72,NA,71,70,9,6,7,7,0.9,0.7
2026-08-05T2300,1260A,122.1898,29.9945,舟山市,临城新区,,34,34,25,16,16,75,NA,72,72,3,6,5,5,0.7,0.7
2026-08-05T2300,1262A,119.6478,29.0773,金华市,十五中,,24,24,31,16,20,42,NA,101,67,15,12,2,2,0.5,0.5
2026-08-05T2300,1263A,119.6859,29.1032,金华市,监测站,,39,39,35,18,18,31,NA,99,65,23,14,1,2,0.5,0.4
2026-08-05T2300,1264A,118.8694,28.94,衢州市,环保大楼,,26,26,25,17,22,36,NA,124,84,30,15,/,/,/,/
2026-08-05T2300,1266A,118.8622,28.9809,衢州市,衢州学院,,31,31,34,20,21,37,NA,121,80,26,14,5,6,0.5,0.5
2026-08-05T2300,1267A,119.9141,28.4513,丽水市,监测站大楼,,20,20,22,13,15,15,NA,72,34,16,13,5,6,0.7,0.7
2026-08-05T2300,1268A,119.93,28.4589,丽水市,莲都小学,,28,28,26,12,15,22,NA,80,41,16,12,/,/,/,/
2026-08-05T2300,1269A,119.8794,28.4232,丽水市,余庄前,,21,21,26,6,16,0,NA,79,20,10,13,4,4,0.8,0.7
2026-08-05T2300,1270A,117.1957,31.7845,合肥市,明珠广场,,27,24,38,10,26,84,NA,119,100,15,15,8,10,0.8,0.9
2026-08-05T2300,1271A,117.307,31.8765,合肥市,三里街,,36,36,37,22,27,68,NA,113,96,22,15,10,10,0.4,0.4
2026-08-05T2300,1272A,117.2587,31.8703,合肥市,琥珀山庄,,34,34,42,21,28,81,NA,117,99,17,14,8,9,0.5,0.5
2026-08-05T2300,1275A,117.2593,31.9376,合肥市,庐阳区,,44,44,41,22,28,51,NA,119,93,29,17,9,9,0.7,0.8
2026-08-05T2300,1276A,117.345251,31.861615,合肥市,瑶海区,,34,34,40,22,26,70,NA,114,98,16,13,3,3,0.7,0.7
2026-08-05T2300,1277A,117.3033,31.7967,合肥市,包河区,,31,31,39,14,25,70,NA,108,72,26,34,10,10,0.4,0.5
2026-08-05T2300,1278A,117.278,31.7392,合肥市,滨湖新区,,30,22,38,7,25,94,NA,123,108,12,13,7,9,0.7,0.8
2026-08-05T2300,1279A,117.1324,31.8395,合肥市,高新区,,29,29,39,8,27,75,NA,115,95,21,14,7,9,0.6,0.7
2026-08-05T2300,1282A,119.2681,26.0506,福州市,师大,,16,13,26,5,12,50,NA,99,75,4,10,4,5,0.2,0.3
2026-08-05T2300,1283A,119.2983,26.1028,福州市,五四北路,NA,NA,11,24,5,13,NA,NA,96,86,8,11,4,5,0.4,0.4
2026-08-05T2300,1284A,119.2648,26.0769,福州市,杨桥西路,,17,14,26,5,13,52,NA,104,82,7,11,4,4,/,/
2026-08-05T2300,1287A,118.1519,24.4768,厦门市,洪文,,20,20,23,13,14,60,NA,114,87,16,11,4,4,0.2,0.2
2026-08-05T2300,1288A,118.0671,24.4447,厦门市,鼓浪屿,,27,24,29,12,15,86,NA,124,102,16,24,3,3,/,/
2026-08-05T2300,1291A,115.8887,28.7006,南昌市,省林业公司,,30,NA,32,10,28,95,NA,157,130,6,8,5,6,0.4,0.5
2026-08-05T2300,1292A,115.813,28.7443,南昌市,林科所,,25,NA,29,10,23,80,NA,132,105,7,5,4,4,0.5,0.9
2026-08-05T2300,1294A,115.8518,28.687,南昌市,建工学校,,26,18,39,10,25,82,NA,136,112,9,11,6,7,0.6,0.7
2026-08-05T2300,1295A,115.8926,28.6425,南昌市,象湖,,26,NA,27,12,28,83,NA,135,113,6,10,7,9,0.4,0.6
2026-08-05T2300,1299A,116.9866,36.6118,济南市,科干所,细颗粒物(PM2.5),58,41,38,39,26,95,NA,198,153,16,17,3,5,0.9,0.8
2026-08-05T2300,1300A,116.9379,36.6652,济南市,农科所,细颗粒物(PM2.5),56,51,41,38,26,84,NA,181,135,16,17,4,5,0.4,0.3
2026-08-05T2300,1301A,117.1265,36.6736,济南市,开发区,,50,46,41,35,24,92,NA,194,154,12,16,6,7,0.6,0.5
2026-08-05T2300,1303A,117.0616,36.6865,济南市,省种子仓库,细颗粒物(PM2.5),68,53,48,44,27,117,NA,189,159,19,24,7,8,0.5,0.5
2026-08-05T2300,1304A,116.9495185,36.644937,济南市,机床二厂,细颗粒物(PM2.5),74,51,44,47,29,139,NA,211,178,12,13,6,7,0.6,0.5
2026-08-05T2300,1305A,117.0496,36.6629,济南市,市监测站,颗粒物(PM10),57,59,43,37,24,60,NA,190,129,37,24,4,5,0.9,0.7
2026-08-05T2300,1306A,116.7674,36.5458,济南市,长清党校,细颗粒物(PM2.5),76,NA,35,48,22,142,NA,162,158,10,15,5,5,0.5,0.4
2026-08-05T2300,1310A,120.404,36.0625,青岛市,市南区东部子站,,18,NA,9,12,10,43,NA,75,54,6,9,6,7,0.4,0.5
2026-08-05T2300,1311A,120.362344,36.10282,青岛市,四方区子站,,23,NA,13,13,10,73,NA,95,74,4,7,6,6,0.5,0.5
2026-08-05T2300,1312A,120.294373,36.054183,青岛市,市南区西部子站,,19,19,11,13,11,51,NA,76,48,21,21,6,6,0.5,0.5
2026-08-05T2300,1313A,120.4581,36.0858,青岛市,崂山区子站,,38,NA,11,26,12,47,NA,90,76,20,12,8,8,0.4,0.3
2026-08-05T2300,1315A,120.3945,36.3083,青岛市,城阳区子站,,29,29,25,19,13,43,NA,174,113,25,18,4,4,0.4,0.4
2026-08-05T2300,1316A,113.6843,34.7622,郑州市,烟厂,,43,NA,34,30,22,89,NA,138,124,16,11,2,3,0.5,0.5
2026-08-05T2300,1318A,113.669,34.8034,郑州市,银行学校,,40,40,31,28,24,88,NA,138,123,16,10,4,4,0.3,0.4
2026-08-05T2300,1319A,113.5612,34.8143,郑州市,供水公司,,36,36,32,25,26,92,NA,135,121,13,10,4,4,0.4,0.4
2026-08-05T2300,1320A,113.7269,34.7187,郑州市,经开区管委,NA,NA,NA,29,24,23,95,NA,138,126,17,11,2,2,0.5,0.4
2026-08-05T2300,1321A,113.7332,34.7727,郑州市,四十七中,,41,41,34,28,25,86,NA,137,122,19,13,2,2,0.4,0.4
2026-08-05T2300,1323A,113.6361,34.7537,郑州市,河医大,,39,39,37,22,21,93,NA,130,118,16,15,3,4,0.4,0.4
2026-08-05T2300,1325A,114.3676,30.5584,武汉市,东湖梨园,,29,24,39,18,29,92,NA,174,130,10,14,8,7,0.4,0.6
2026-08-05T2300,1326A,114.2527,30.5578,武汉市,汉阳月湖,,43,43,46,22,30,86,NA,170,132,14,19,1,6,0.8,0.8
2026-08-05T2300,1327A,114.2819,30.6189,武汉市,汉口花桥,,40,40,43,26,33,92,NA,185,143,13,13,8,7,1.0,0.8
2026-08-05T2300,1328A,114.3024,30.5332,武汉市,武昌紫阳,,41,41,48,21,31,91,NA,175,144,12,15,4,5,0.5,0.5
2026-08-05T2300,1329A,114.3646,30.6217,武汉市,青山钢花,,30,30,41,20,31,92,NA,181,147,14,12,10,7,0.9,0.7
2026-08-05T2300,1330A,114.156697,30.482592,武汉市,沌口新区,,40,40,45,28,35,92,NA,174,134,14,13,8,8,0.4,0.4
2026-08-05T2300,1331A,114.3013,30.5944,武汉市,汉口江滩,,32,32,43,21,31,94,NA,183,140,11,28,3,3,0.6,0.7
2026-08-05T2300,1333A,114.1285,30.6339,武汉市,吴家山,,32,29,43,22,31,101,NA,176,128,7,17,5,6,0.3,0.5
2026-08-05T2300,1335A,113.082,28.2421,长沙市,经开区环保局,,19,19,26,13,17,50,NA,94,67,14,8,5,4,0.5,0.5
2026-08-05T2300,1336A,112.8873,28.2202,长沙市,高开区环保局,,23,20,23,16,16,60,NA,82,65,8,8,6,3,0.5,0.6
2026-08-05T2300,1337A,113.0785,28.2012,长沙市,马坡岭,,20,19,28,11,17,63,NA,109,74,13,10,7,6,0.2,0.3
2026-08-05T2300,1338A,112.9448,28.1894,长沙市,湖南师范大学,,19,18,23,13,17,54,NA,89,68,7,5,6,6,0.4,0.3
2026-08-05T2300,1339A,113.0177,28.1322,长沙市,雨花区环保局,,20,17,27,13,17,61,NA,96,70,9,10,5,6,0.8,0.8
2026-08-05T2300,1340A,112.9795,28.2593,长沙市,伍家岭,,22,22,27,13,17,64,NA,100,73,8,7,5,4,0.4,0.4
2026-08-05T2300,1341A,113.002,28.1944,长沙市,火车新站,,20,16,32,12,18,64,NA,94,70,8,8,5,5,0.3,0.4
2026-08-05T2300,1342A,112.9846,28.1177,长沙市,天心区环保局,,26,21,27,18,20,66,NA,99,72,13,11,2,3,0.6,0.6
2026-08-05T2300,1343A,112.8906,28.1307,长沙市,湖南中医药大学,,24,24,27,10,16,46,NA,87,62,14,7,6,6,0.7,0.7
2026-08-05T2300,1345A,113.2346,23.1423,广州市,广雅中学,,30,30,31,19,22,73,NA,176,156,31,36,4,4,0.8,0.8
2026-08-05T2300,1346A,113.2611,23.105,广州市,市五中,NA,NA,28,29,17,24,63,NA,221,184,NA,34,5,5,/,/
2026-08-05T2300,1348A,113.3477,23.0916,广州市,广东商学院,,45,45,36,22,22,35,NA,189,138,48,32,5,6,0.6,0.6
2026-08-05T2300,1349A,113.4332,23.105,广州市,市八十六中,NA,NA,NA,31,NA,18,NA,NA,41,NA,NA,50,NA,6,NA,NA
2026-08-05T2300,1350A,113.3506,22.9488,广州市,番禺中学,,28,28,37,17,21,39,NA,183,130,33,34,7,10,0.5,0.5
2026-08-05T2300,1351A,113.2147,23.3918,广州市,花都师范,,24,24,26,10,24,64,NA,135,110,26,26,3,3,0.7,0.7
2026-08-05T2300,1352A,113.2599,23.1329,广州市,市监测站,,32,32,44,15,21,67,NA,190,165,27,52,2,2,/,/
2026-08-05T2300,1353A,113.5618,23.3119,广州市,九龙镇镇龙,,30,30,24,20,13,9,NA,96,72,32,16,7,7,0.7,0.6
2026-08-05T2300,1354A,113.2764,23.1544,广州市,麓湖,,35,35,28,22,19,49,NA,165,126,37,24,4,4,0.5,0.5
2026-08-05T2300,1356A,114.0948,22.5506,深圳市,通心岭子站,NA,NA,16,19,10,8,NA,NA,135,NA,3,20,2,3,0.7,0.9
2026-08-05T2300,1357A,114.1153,22.5713,深圳市,洪湖,,25,25,22,17,17,62,NA,96,76,17,23,7,7,0.6,0.6
2026-08-05T2300,1358A,113.9823,22.5398,深圳市,华侨城,,22,22,24,11,10,65,NA,73,66,8,25,/,/,/,/
2026-08-05T2300,1359A,113.9181,22.517,深圳市,南海子站,,33,26,24,23,15,65,NA,79,71,14,30,6,8,0.8,0.9
2026-08-05T2300,1360A,114.2345,22.565,深圳市,盐田,,22,22,17,10,8,47,NA,88,71,26,24,8,27,0.5,0.5
2026-08-05T2300,1363A,114.4911,22.5381,深圳市,南澳,,27,27,26,14,10,43,NA,106,90,5,9,/,/,/,/
2026-08-05T2300,1364A,114.41,22.6346,深圳市,葵涌,,30,30,23,20,11,47,NA,112,97,11,9,6,6,0.7,0.6
2026-08-05T2300,1365A,114.2967,22.5978,深圳市,梅沙,,35,35,27,9,8,56,NA,103,88,8,12,/,/,/,/
2026-08-05T2300,1366A,114.0563,22.7353,深圳市,观澜,,44,44,47,19,24,34,NA,172,113,40,32,6,6,0.7,0.8
2026-08-05T2300,1367A,113.5811,22.2618,珠海市,吉大,,26,NA,9,18,12,65,NA,98,90,14,16,6,6,0.7,0.7
2026-08-05T2300,1368A,113.4893,22.2323,珠海市,前山,,17,17,17,11,11,51,NA,71,68,17,18,/,/,/,/
2026-08-05T2300,1369A,113.6284,22.4252,珠海市,唐家,,20,NA,9,12,10,64,NA,90,84,5,13,/,/,/,/
2026-08-05T2300,1370A,113.2986,22.2284,珠海市,斗门,,42,NA,9,29,13,78,NA,87,86,4,7,7,7,0.7,0.7
2026-08-05T2300,1371A,113.1293,23.0065,佛山市,湾梁,,29,29,29,17,19,66,NA,178,155,26,31,/,/,/,/
2026-08-05T2300,1372A,113.1082,23.0477,佛山市,华材职中,,28,24,28,17,25,87,NA,179,162,15,28,8,8,0.6,0.7
2026-08-05T2300,1373A,113.1439,23.045,佛山市,南海气象局,,37,37,35,21,23,72,NA,167,150,25,31,/,/,/,/
2026-08-05T2300,1374A,113.2879,22.8094,佛山市,顺德苏岗,,28,27,32,19,22,53,NA,162,108,29,33,/,/,0.8,0.8
2026-08-05T2300,1376A,112.8384,22.8678,佛山市,高明孔堂,,31,31,28,13,16,76,NA,179,157,18,18,/,/,/,/
2026-08-05T2300,1377A,112.8835,23.1584,佛山市,三水监测站,颗粒物(PM10),58,61,34,38,28,37,NA,167,137,71,26,5,5,0.7,0.6
2026-08-05T2300,1378A,112.8668,23.185,佛山市,三水云东海,,39,39,36,25,23,21,NA,133,102,43,17,/,/,/,/
2026-08-05T2300,1379A,113.377,22.5211,中山市,华柏园,,22,22,28,14,9,65,NA,80,75,14,16,/,/,/,/
2026-08-05T2300,1380A,113.3879,22.5499,中山市,张溪,,34,34,26,13,14,68,NA,87,80,17,23,/,/,/,/
2026-08-05T2300,1381A,113.4071,22.5111,中山市,紫马岭,,22,18,18,15,10,42,NA,84,70,19,13,7,7,0.4,0.4
2026-08-05T2300,1383A,113.1063,22.6058,江门市,北街,,20,20,31,13,18,54,NA,160,102,13,23,/,/,/,/
2026-08-05T2300,1384A,113.073,22.5835,江门市,西区,,22,19,28,15,18,56,NA,141,100,20,24,/,/,/,/
2026-08-05T2300,1385A,113.0218,22.531,江门市,圭峰西,,22,NA,21,15,13,44,NA,106,86,36,16,/,/,/,/
2026-08-05T2300,1390A,113.7943,23.0132,东莞市,东城石井,,37,37,34,23,20,59,NA,154,120,10,14,5,5,0.8,0.8
2026-08-05T2300,1391A,113.7384,22.9659,东莞市,南城西平,,37,37,35,24,25,67,NA,168,129,24,31,8,6,0.5,0.6
2026-08-05T2300,1392A,114.4181,23.0528,惠州市,河南岸金山湖子站,,26,26,34,13,20,67,NA,112,96,24,15,9,8,0.6,0.6
2026-08-05T2300,1393A,114.4055,23.0824,惠州市,下埔横江三路子站,,36,36,32,24,17,68,NA,116,101,24,17,6,6,0.6,0.6
2026-08-05T2300,1395A,114.4645,22.7832,惠州市,惠阳区承修路船湖子站,,24,24,30,14,17,63,NA,128,104,9,15,3,3,0.6,0.6
2026-08-05T2300,1396A,114.5316,22.7423,惠州市,大亚湾管委会子站,,23,23,25,10,14,66,NA,96,84,8,17,6,6,0.5,0.6
2026-08-05T2300,1397A,112.426,23.062,肇庆市,睦岗子站,,46,46,31,20,21,80,NA,191,166,34,21,6,6,/,/
2026-08-05T2300,1398A,112.4645,23.0476,肇庆市,城中子站,,34,34,30,22,22,59,NA,176,147,63,30,11,12,0.8,0.7
2026-08-05T2300,1399A,112.5545,23.1525,肇庆市,坑口子站,NA,NA,31,30,24,21,NA,NA,184,183,12,12,6,7,0.4,0.3
2026-08-05T2300,1401A,108.3098,22.788,南宁市,二十一中,,14,14,13,8,6,36,NA,67,50,9,7,4,4,0.6,0.5
2026-08-05T2300,1402A,108.3135,22.8529,南宁市,北湖,,21,21,15,12,10,25,NA,72,52,20,9,4,3,0.6,0.5
2026-08-05T2300,1403A,108.3205,22.8222,南宁市,市监测站,,11,11,14,7,5,34,NA,79,56,10,5,4,4,0.5,0.5
2026-08-05T2300,1404A,108.3828,22.8038,南宁市,大自然花园,,16,NA,12,11,5,30,NA,72,54,13,7,4,4,0.6,0.6
2026-08-05T2300,1406A,108.2397,22.8462,南宁市,区农职院,,18,NA,14,12,10,22,NA,65,46,11,4,8,4,0.6,0.6
2026-08-05T2300,1407A,108.3285,22.7356,南宁市,英华嘉园,,12,12,14,6,6,37,NA,64,46,6,5,4,4,0.6,0.6
2026-08-05T2300,1410A,110.3189,20.0596,海口市,海南大学,,10,10,10,7,5,32,NA,54,43,10,5,5,5,0.4,0.4
2026-08-05T2300,1411A,110.2827,20.0051,海口市,秀英海南医院,,13,10,8,8,7,18,NA,58,40,25,10,6,5,0.4,0.3
2026-08-05T2300,1412A,110.3391,19.9979,海口市,海南师范大学,,12,12,10,6,7,18,NA,53,41,19,7,3,3,0.5,0.4
2026-08-05T2300,1413A,110.3303,20.0359,海口市,龙华路环保局宿舍,,12,12,11,7,7,34,NA,55,45,13,6,/,/,0.4,0.3
2026-08-05T2300,1416A,106.4216,29.8256,重庆市,天生,,32,32,22,16,10,44,NA,116,90,25,14,8,8,0.6,0.5
2026-08-05T2300,1417A,106.6264,29.7226,重庆市,两路,,32,32,23,8,9,50,NA,116,88,20,16,15,13,0.8,0.8
2026-08-05T2300,1419A,106.5778,29.5103,重庆市,南坪,NA,NA,71,31,12,12,NA,NA,153,147,20,16,9,10,0.5,0.7
2026-08-05T2300,1420A,106.6556,29.6277,重庆市,唐家沱,,24,24,22,13,12,57,NA,137,110,23,17,12,12,0.4,0.5
2026-08-05T2300,1431A,103.9727,30.7242,成都市,金泉两河,颗粒物(PM10),52,52,40,28,30,47,NA,184,138,44,16,1,4,0.7,0.6
2026-08-05T2300,1432A,104.1423,30.6765,成都市,十里店,颗粒物(PM10),57,59,56,33,39,57,NA,175,128,38,25,5,8,0.9,0.8
2026-08-05T2300,1433A,104.0594,30.5765,成都市,三瓦窑,细颗粒物(PM2.5),54,44,46,37,37,78,NA,173,138,31,25,5,7,0.6,0.5
2026-08-05T2300,1434A,104.1122,30.6306,成都市,沙河铺,细颗粒物(PM2.5),64,55,50,42,37,32,NA,147,101,37,23,6,8,0.9,0.7
2026-08-05T2300,1439A,106.6863,26.6035,贵阳市,马鞍山,,27,27,18,18,11,35,NA,64,58,12,9,3,3,/,/
2026-08-05T2300,1441A,106.6241,26.6266,贵阳市,鉴湖路,,31,31,29,10,7,68,NA,83,82,15,7,7,7,0.8,0.6
2026-08-05T2300,1442A,106.7468,26.6344,贵阳市,燕子冲,,29,29,28,12,11,46,NA,68,65,12,13,6,7,0.6,0.5
2026-08-05T2300,1443A,106.6556,26.4362,贵阳市,碧云窝,,34,34,36,14,11,62,NA,89,79,10,12,6,6,/,/
2026-08-05T2300,1445A,106.6963,26.6063,贵阳市,红边门,,27,27,24,16,13,48,NA,81,77,18,10,7,10,/,/
2026-08-05T2300,1446A,106.7162383,26.56964667,贵阳市,新华路,NA,NA,34,31,14,13,NA,NA,82,82,15,10,6,7,0.4,0.5
2026-08-05T2300,1447A,106.6742,26.542,贵阳市,太慈桥,,34,34,24,17,11,28,NA,88,71,27,13,3,4,/,/
2026-08-05T2300,1450A,102.8203,24.889,昆明市,呈贡新区,,39,39,30,15,18,43,NA,101,64,23,19,1,5,0.5,0.6
2026-08-05T2300,1452A,102.7253,25.0904,昆明市,龙泉镇,,37,37,24,17,11,30,NA,95,71,25,19,6,6,0.5,0.4
2026-08-05T2300,1453A,102.7267,25.0378,昆明市,东风东路,,30,30,23,19,14,36,NA,96,71,28,17,7,6,0.4,0.4
2026-08-05T2300,1454A,102.6744,25.0671,昆明市,金鼎山,,26,26,26,7,13,56,NA,105,79,13,14,4,5,0.4,0.4
2026-08-05T2300,1455A,102.6643,25.0401,昆明市,碧鸡广场,,36,36,25,22,15,55,NA,99,77,17,15,6,7,0.6,0.5
2026-08-05T2300,1456A,91.132,29.6515,拉萨市,八廓街,,34,15,13,11,8,106,NA,148,140,21,11,8,7,0.1,0.1
2026-08-05T2300,1457A,91.1221,29.6748,拉萨市,市环保局,,39,10,11,4,7,124,NA,144,140,10,9,8,8,0.2,0.2
2026-08-05T2300,1458A,91.0874,29.6476,拉萨市,区监测站,,36,14,9,12,6,113,NA,140,134,18,13,8,7,0.3,0.3
2026-08-05T2300,1459A,91.1774,29.6541,拉萨市,西藏大学,,37,11,11,8,7,118,NA,150,143,15,11,6,6,0.3,0.2
2026-08-05T2300,1460A,90.9798,29.6586,拉萨市,区辐射站,,36,14,14,7,6,113,NA,130,126,14,16,7,8,0.1,0.1
2026-08-05T2300,1461A,91.0831,29.6292,拉萨市,拉萨火车站,,30,17,11,12,6,94,NA,139,133,30,10,6,5,0.3,0.2
2026-08-05T2300,1463A,108.9931,34.2629,西安市,兴庆小区,,22,22,14,12,9,42,NA,62,61,18,13,5,5,0.7,0.6
2026-08-05T2300,1464A,109.0595,34.2569,西安市,纺织城,,20,20,15,7,9,1,NA,50,37,36,13,8,9,1.0,0.9
2026-08-05T2300,1465A,108.9377,34.2178,西安市,小寨,,26,18,16,18,13,31,NA,62,55,16,10,4,5,1.1,0.9
2026-08-05T2300,1466A,108.9522,34.2739,西安市,市人民体育场,,28,28,18,19,13,19,NA,63,56,47,18,6,6,0.9,0.8
2026-08-05T2300,1467A,108.8923,34.2322,西安市,高新西区,,26,26,19,18,12,39,NA,65,60,18,10,4,6,0.7,0.5
2026-08-05T2300,1468A,108.9386,34.3446,西安市,经开区,,26,26,15,18,11,42,NA,57,50,21,11,1,2,0.8,0.7
2026-08-05T2300,1469A,108.894,34.1557,西安市,长安区,,18,18,14,10,8,34,NA,66,58,15,12,2,2,0.5,0.3
2026-08-05T2300,1471A,109.213,34.3748,西安市,临潼区,,43,43,16,28,11,32,NA,63,58,9,7,9,8,0.9,0.8
2026-08-05T2300,1474A,109.0508,34.321,西安市,广运潭,,33,32,19,23,12,18,NA,48,41,28,17,4,4,0.9,0.8
2026-08-05T2300,1479A,103.8309,36.0467,兰州市,铁路设计院,,34,27,39,21,15,106,NA,148,123,16,33,7,11,0.3,0.8
2026-08-05T2300,1489A,106.1361,38.5039,银川市,学院路,NA,NA,NA,41,NA,11,NA,NA,116,NA,NA,22,NA,7,NA,0.5
2026-08-05T2300,1490A,87.5796,43.8299,乌鲁木齐市,监测站,,31,31,62,6,18,96,NA,127,122,24,8,5,5,0.3,0.3
2026-08-05T2300,1491A,87.6044,43.7679,乌鲁木齐市,收费所,,30,30,56,15,20,83,NA,120,114,28,13,3,3,0.4,0.4
2026-08-05T2300,1493A,87.5529,43.8704,乌鲁木齐市,铁路局,,49,49,71,15,22,92,NA,130,124,25,9,6,7,0.5,0.4
2026-08-05T2300,1494A,87.6408,43.8258,乌鲁木齐市,三十一中学,,37,37,67,15,17,100,NA,127,122,20,8,3,4,0.4,0.3
2026-08-05T2300,1496A,87.7218,44.1747,乌鲁木齐市,米东区环保局,,30,30,85,19,25,83,NA,126,116,10,3,8,9,0.3,0.3
2026-08-05T2300,1508A,112.9508,27.8626,湘潭市,板塘,,20,15,25,8,16,61,NA,90,64,15,10,4,3,0.3,0.3
2026-08-05T2300,1511A,112.9114,27.8404,湘潭市,市监测站,,21,10,18,6,18,67,NA,100,72,12,8,3,3,0.3,0.5
2026-08-05T2300,1512A,112.8935,27.8729,湘潭市,江麓,,16,13,28,8,19,50,NA,86,60,9,7,4,5,0.1,0.1
2026-08-05T2300,1513A,112.9227,27.8159,湘潭市,岳塘,NA,NA,NA,58,6,20,NA,NA,44,NA,8,11,8,9,0,0.6
2026-08-05T2300,1514A,112.9073,27.9118,湘潭市,科大,,16,16,26,10,52,40,NA,92,58,15,9,4,4,0.4,0.3
2026-08-05T2300,1515A,113.1265,27.8306,株洲市,天台山庄,,26,26,29,16,18,44,NA,89,58,17,10,2,2,0.3,0.3
2026-08-05T2300,1518A,113.0937,27.8919,株洲市,株冶医院,,23,23,25,16,18,27,NA,86,53,27,12,3,3,0.3,0.3
2026-08-05T2300,1519A,113.1709,27.8661,株洲市,市四中,,28,28,31,16,21,26,NA,82,53,27,15,5,5,0.6,0.5
2026-08-05T2300,1520A,113.1515,27.8265,株洲市,火车站,,23,23,28,12,14,48,NA,91,62,21,14,8,8,0.5,0.5
2026-08-05T2300,1524A,113.1329,27.8491,株洲市,市监测站,,26,26,28,15,17,38,NA,94,58,25,15,8,8,0.5,0.6
2026-08-05T2300,1562A,113.0048,27.9153,湘潭市,昭山,,19,19,28,8,11,42,NA,90,58,15,6,5,6,0.2,0.2
2026-08-05T2300,1585A,109.8761,40.6533,包头市,市环境监测站,,30,30,20,8,15,67,NA,106,86,15,15,5,8,0.5,0.5
2026-08-05T2300,1587A,109.9992,40.5843,包头市,包头八中,,33,33,33,16,17,47,NA,92,73,17,15,7,10,0.5,0.5
2026-08-05T2300,1589A,109.8641,40.6288,包头市,惠龙物流,,26,26,25,16,18,62,NA,101,83,14,15,5,9,0.5,0.7
2026-08-05T2300,1590A,110.0376,40.5546,包头市,东河鸿龙湾,,22,22,25,10,16,41,NA,91,69,17,13,6,9,0.6,0.7
2026-08-05T2300,1591A,110.0024,39.8127,鄂尔多斯市,综合楼,,34,34,28,13,16,52,NA,85,72,20,15,6,7,0.8,0.8
2026-08-05T2300,1592A,109.9485,39.8259,鄂尔多斯市,巴音孟克林场办事处,,36,36,26,7,14,58,NA,90,77,15,12,6,6,0.6,0.7
2026-08-05T2300,1593A,109.7734,39.5987,鄂尔多斯市,康泽苑,,23,NA,21,11,12,71,NA,96,81,9,11,7,7,0.3,0.4
2026-08-05T2300,1594A,109.8121,39.5987,鄂尔多斯市,华泰汽车城,,17,14,23,6,12,54,NA,77,67,12,12,5,5,0.4,0.4
2026-08-05T2300,1595A,109.9734,39.7884,鄂尔多斯市,奥林花园,,36,36,30,17,16,48,NA,82,70,17,12,5,5,0.5,0.6
2026-08-05T2300,1597A,122.2704,40.7093,营口市,大庆路,,30,30,30,17,16,93,NA,142,123,12,13,8,8,0.7,0.7
2026-08-05T2300,1598A,122.215,40.6511,营口市,镜湖西路,细颗粒物(PM2.5),62,NA,26,41,17,63,NA,125,104,20,13,4,3,0.6,0.5
2026-08-05T2300,1599A,122.1667,40.665,营口市,西炮台,,36,NA,21,25,15,82,NA,118,105,9,10,5,6,0.5,0.5
2026-08-05T2300,1600A,124.33,40.0625,丹东市,江湾东路,,32,32,34,20,16,33,NA,111,76,13,15,2,2,0.5,0.5
2026-08-05T2300,1601A,124.4242,40.1513,丹东市,临江后街,颗粒物(PM10),65,71,39,31,17,31,NA,119,80,21,13,2,2,0.8,0.7
2026-08-05T2300,1602A,124.3935,40.1461,丹东市,元宝山,,41,41,27,27,15,34,NA,119,86,17,13,2,3,0.6,0.6
2026-08-05T2300,1603A,124.3634,40.1093,丹东市,民主桥,细颗粒物(PM2.5),60,61,30,40,15,29,NA,108,NA,24,15,5,3,1.1,0.7
2026-08-05T2300,1604A,122.0303,41.1489,盘锦市,开发区,NA,NA,24,25,23,17,NA,NA,142,142,11,8,4,4,0.7,0.6
2026-08-05T2300,1605A,122.0486,41.0883,盘锦市,兴隆台,,30,27,27,16,20,94,NA,110,96,12,8,2,2,0.7,0.7
2026-08-05T2300,1606A,121.8297,41.1026,盘锦市,新生街道,,42,NA,25,29,22,60,NA,116,92,14,9,1,2,0.8,0.7
2026-08-05T2300,1607A,120.904878,40.721091,葫芦岛市,龙港区,NA,NA,29,31,28,25,NA,NA,138,122,10,5,3,9,0.5,0.5
2026-08-05T2300,1608A,120.8382,40.7521,葫芦岛市,化工街,,45,39,36,31,26,56,NA,154,114,34,16,3,3,0.6,0.5
2026-08-05T2300,1609A,120.8339,40.7078,葫芦岛市,新区,,36,29,32,25,26,78,NA,131,112,14,6,3,3,0.7,0.6
2026-08-05T2300,1610A,120.8697,40.7679,葫芦岛市,东城区,,50,38,44,35,31,76,NA,155,118,33,12,3,3,0.8,0.5
2026-08-05T2300,1611A,118.5818,24.9116,泉州市,涂山街,,29,29,28,20,16,57,NA,109,86,16,11,4,2,0.8,0.8
2026-08-05T2300,1612A,118.597,24.8976,泉州市,津头埔,,32,28,29,22,19,54,NA,104,77,15,12,3,2,0.5,0.5
2026-08-05T2300,1613A,118.6669,24.9422,泉州市,万安,,30,30,29,15,14,58,NA,109,81,13,12,5,4,0.5,0.5
2026-08-05T2300,1618A,118.3429,35.0532,临沂市,沂河小区,,39,39,30,21,15,74,NA,109,98,14,11,12,14,0.3,0.5
2026-08-05T2300,1619A,118.2962,35.0568,临沂市,鲁南制药厂,,31,31,24,18,14,97,NA,117,109,12,12,8,10,0.7,0.9
2026-08-05T2300,1620A,118.2793,34.9976,临沂市,新光毛纺厂,,50,NA,18,35,16,81,NA,121,110,18,11,8,8,0.5,0.4
2026-08-05T2300,1621A,118.3955,35.0889,临沂市,河东保险公司,,28,22,26,19,16,79,NA,97,93,14,15,10,13,0.3,0.5
2026-08-05T2300,1622A,116.3034,37.4675,德州市,儿童乐园,细颗粒物(PM2.5),64,NA,31,42,20,107,NA,177,149,14,10,10,11,0.6,0.5
2026-08-05T2300,1624A,116.2992,37.4449,德州市,监理站,细颗粒物(PM2.5),60,44,29,40,19,130,NA,189,163,5,5,11,11,0.4,0.3
2026-08-05T2300,1625A,115.9789,36.4372,聊城市,区政府,,48,46,35,33,20,126,NA,154,140,9,5,5,5,0.6,0.5
2026-08-05T2300,1629A,117.9961,37.3604,滨州市,第二水厂,,30,24,28,0,2,95,NA,146,134,11,13,6,7,0.6,0.6
2026-08-05T2300,1630A,117.9789,37.3931,滨州市,北中新校,,32,27,25,13,12,101,NA,130,117,17,17,10,8,0.7,0.6
2026-08-05T2300,1631A,118.0413,36.8101,淄博市,人民公园,,46,46,45,21,22,60,NA,223,155,29,23,10,15,0.3,0.4
2026-08-05T2300,1633A,117.8524,36.4848,淄博市,双山,颗粒物(PM10),53,53,30,31,15,126,NA,170,166,27,15,8,7,0.8,0.8
2026-08-05T2300,1634A,117.9595,36.6332,淄博市,气象站,颗粒物(PM10),54,55,38,30,19,133,NA,219,207,28,29,14,15,0.4,0.3
2026-08-05T2300,1637A,117.5628,34.8379,枣庄市,市中区政府,,48,48,30,31,18,63,NA,132,117,22,12,6,11,0.4,0.3
2026-08-05T2300,1638A,117.2855,34.7838,枣庄市,薛城环保局,,44,44,36,17,19,86,NA,123,115,32,14,2,6,0.5,0.4
2026-08-05T2300,1639A,117.5854,34.7744,枣庄市,峄城区政府,,44,44,31,24,16,93,NA,122,113,8,7,8,11,0.6,0.5
2026-08-05T2300,1641A,117.4516,35.0992,枣庄市,山亭区环保局,,36,36,25,25,17,76,NA,112,105,9,6,6,6,0.3,0.2
2026-08-05T2300,1642A,121.2517,37.564,烟台市,开发区,,29,29,25,19,9,51,NA,106,78,30,20,8,8,0.6,0.6
2026-08-05T2300,1644A,121.3181,37.5436,烟台市,西郊化工站,,23,NA,12,16,7,57,NA,107,88,11,12,10,8,0.7,0.3
2026-08-05T2300,1645A,121.4419,37.4858,烟台市,莱山环保局,,18,NA,10,12,8,39,NA,122,99,19,11,3,3,0.6,0.6
2026-08-05T2300,1646A,121.2619,37.4965,烟台市,福山环保局,,24,24,25,13,7,64,NA,108,78,17,15,4,5,0.3,0.3
2026-08-05T2300,1650A,119.1436,36.7022,潍坊市,环保局,,41,41,29,12,12,112,NA,128,114,23,21,8,5,0.5,0.5
2026-08-05T2300,1653A,116.6229,35.4288,济宁市,火炬城,,38,38,40,26,22,112,NA,134,130,6,6,4,5,0.5,0.5
2026-08-05T2300,1656A,117.1436,36.1938,泰安市,监测站,,30,22,29,15,17,94,NA,140,114,9,8,6,4,0.4,0.4
2026-08-05T2300,1657A,117.0905,36.2002,泰安市,人口学校,,35,24,32,19,14,109,NA,140,115,7,8,7,8,0.4,0.5
2026-08-05T2300,1658A,117.0992,36.1757,泰安市,电力学校,,29,29,27,19,18,78,NA,133,110,20,9,7,9,0.3,0.3
2026-08-05T2300,1659A,119.4711,35.421,日照市,监测站,,25,19,14,17,12,43,NA,89,56,20,22,8,9,0.5,0.5
2026-08-05T2300,1660A,119.523,35.4216,日照市,市政府广场,,25,24,12,17,10,38,NA,88,67,38,7,9,6,0.4,0.3
2026-08-05T2300,1661A,119.5511,35.4113,日照市,港务局,,39,39,15,12,11,70,NA,91,78,15,8,7,8,0.6,0.6
2026-08-05T2300,1662A,122.121,37.4231,威海市,华夏技校,,32,NA,14,22,9,32,NA,91,43,36,21,/,/,0.4,0.3
2026-08-05T2300,1663A,122.0508,37.5236,威海市,山大分校,细颗粒物(PM2.5),52,NA,12,36,10,39,NA,91,68,40,13,/,/,/,/
2026-08-05T2300,1664A,122.1067,37.5067,威海市,市监测站,,45,NA,8,31,9,35,NA,78,52,26,12,6,3,0.5,0.3
2026-08-05T2300,1666A,118.6612,37.4313,东营市,市环保局,,39,19,21,10,10,122,NA,156,145,7,16,7,12,0.3,0.4
2026-08-05T2300,1669A,113.5821,24.7733,韶关市,市八中,,24,24,23,11,11,34,NA,98,81,21,13,6,21,0.7,0.6
2026-08-05T2300,1671A,113.5916,24.7973,韶关市,园林处,,47,47,22,28,14,43,NA,100,78,24,16,20,22,/,/
2026-08-05T2300,1673A,113.5971,24.6864,韶关市,曲江监测站,,35,35,24,11,12,34,NA,99,79,20,17,9,11,0.8,0.7
2026-08-05T2300,1674A,116.6795,23.3666,汕头市,金平子站,,29,19,28,9,16,90,NA,106,96,9,11,4,5,0.4,0.3
2026-08-05T2300,1675A,116.7248,23.3632,汕头市,龙湖子站,,27,14,23,10,18,86,NA,107,96,7,8,6,5,/,/
2026-08-05T2300,1676A,116.7257,23.2774,汕头市,濠江子站,,27,14,29,10,15,86,NA,107,99,6,9,6,7,/,/
2026-08-05T2300,1677A,116.7518,23.4712,汕头市,澄海子站,,27,24,35,12,20,86,NA,102,95,12,9,5,5,0.7,0.7
2026-08-05T2300,1678A,116.6088,23.2539,汕头市,潮阳子站,,24,24,26,12,19,67,NA,99,82,13,10,7,8,0.6,0.7
2026-08-05T2300,1680A,110.3648,21.2697,湛江市,湛江影剧院,,16,9,9,6,4,50,NA,50,50,3,5,9,6,0.4,0.4
2026-08-05T2300,1681A,110.3907,21.2279,湛江市,市环境监测站,,14,9,7,9,4,43,NA,49,46,6,6,4,4,0.3,0.3
2026-08-05T2300,1682A,110.3936,21.1943,湛江市,环保局宿舍,,16,6,8,6,4,51,NA,53,51,3,6,6,6,/,/
2026-08-05T2300,1683A,110.4138,21.2033,湛江市,霞山游泳场,,16,8,7,4,4,51,NA,50,50,2,6,6,6,/,/
2026-08-05T2300,1685A,110.4512,21.239,湛江市,坡头区环保局,,15,9,10,6,5,48,NA,50,48,4,5,4,4,0.4,0.4
2026-08-05T2300,1686A,111.0285,21.469,茂名市,电白南海,,17,17,19,8,6,48,NA,43,43,6,8,2,2,0.4,0.4
2026-08-05T2300,1687A,110.9294,21.6533,茂名市,茂石化七小,,12,12,12,8,8,30,NA,40,36,10,8,6,5,0.3,0.2
2026-08-05T2300,1688A,110.9108,21.6688,茂名市,健康路,,11,9,9,7,8,34,NA,45,41,6,4,5,5,0.5,0.5
2026-08-05T2300,1689A,110.8592,21.6826,茂名市,高岭,,24,24,16,11,8,29,NA,45,39,8,6,9,11,/,/
2026-08-05T2300,1690A,116.1248,24.3307,梅州市,梅江月梅,,30,30,30,20,24,88,NA,88,83,15,10,/,/,/,/
2026-08-05T2300,1691A,116.0798,24.2719,梅州市,梅县新城,,42,35,33,29,21,75,NA,94,77,16,14,13,28,0.7,0.7
2026-08-05T2300,1693A,115.3653,22.7751,汕尾市,市环保局,NA,NA,NA,25,NA,16,95,NA,95,94,6,8,7,6,NA,0.6
2026-08-05T2300,1695A,115.362,22.7926,汕尾市,新城中学,,22,17,24,13,16,69,NA,88,81,6,5,6,6,0.5,0.6
2026-08-05T2300,1697A,114.6962,23.7538,河源市,东埔,,38,33,25,26,19,39,NA,94,76,20,11,6,6,0.7,0.6
2026-08-05T2300,1698A,114.6895,23.7232,河源市,老城,,42,42,28,18,18,31,NA,92,67,22,11,8,9,0.8,0.7
2026-08-05T2300,1701A,111.9491,21.8658,阳江市,马南垌,,20,20,13,10,9,48,NA,47,47,15,7,5,5,0.6,0.5
2026-08-05T2300,1703A,113.0218,23.7086,清远市,凤城街办,,36,36,22,18,11,72,NA,131,113,12,9,/,/,/,/
2026-08-05T2300,1708A,116.3701,23.5345,揭阳市,新兴,,20,17,53,11,31,61,NA,127,84,15,16,7,7,0.8,0.8
2026-08-05T2300,1709A,116.3261,23.5442,揭阳市,西马,,35,35,57,14,32,64,NA,140,96,11,14,5,6,0.6,0.9
2026-08-05T2300,1710A,116.361,23.5627,揭阳市,东兴,,23,13,55,10,32,71,NA,133,95,13,17,6,7,/,/
2026-08-05T2300,1711A,116.4151,23.5295,揭阳市,渔湖,,20,19,55,12,31,64,NA,127,87,16,15,10,5,/,/
2026-08-05T2300,1714A,112.0281,22.9738,云浮市,牧羊,,28,28,26,13,13,15,NA,101,79,33,16,53,12,0.8,0.7
2026-08-05T2300,1715A,102.575,24.371,玉溪市,东风水库,,35,35,25,8,14,77,NA,120,112,11,10,4,4,0.3,0.4
2026-08-05T2300,1723A,113.2926,40.0759,大同市,云冈宾馆,,30,30,16,8,7,27,NA,78,59,31,14,7,9,0.8,0.7
2026-08-05T2300,1724A,113.3437,40.0921,大同市,大同大学,,22,20,15,15,9,20,NA,80,58,31,10,5,7,0.7,0.6
2026-08-05T2300,1725A,113.2637,40.129,大同市,安家小村,,16,15,15,8,8,19,NA,79,56,31,12,6,8,0.4,0.4
2026-08-05T2300,1727A,113.1146,36.1547,长治市,清华站,,35,35,28,19,19,83,NA,99,92,7,8,8,8,0.5,0.5
2026-08-05T2300,1730A,113.0887,36.2126,长治市,审计局,,48,33,31,33,26,97,NA,99,99,8,10,10,10,0.7,0.9
2026-08-05T2300,1731A,113.0845,36.1856,长治市,长治八中,NA,NA,41,29,NA,18,NA,NA,93,NA,9,10,10,11,0.8,0.8
2026-08-05T2300,1733A,111.5552,36.0791,临汾市,临钢医院,颗粒物(PM10),56,58,39,29,19,56,NA,120,99,17,14,7,7,1.2,0.9
2026-08-05T2300,1734A,111.4984,36.0734,临汾市,技工学校,细颗粒物(PM2.5),100,74,42,60,36,49,NA,90,90,17,12,3,4,1.3,0.9
2026-08-05T2300,1736A,111.5017,36.0857,临汾市,市委,颗粒物(PM10),76,86,57,24,18,49,NA,116,94,17,12,8,8,1.1,0.8
2026-08-05T2300,1739A,113.4894,37.8717,阳泉市,赛鱼,,46,44,27,32,18,4,NA,109,74,40,16,6,8,0.5,0.5
2026-08-05T2300,1740A,113.582,37.8473,阳泉市,南庄,颗粒物(PM10),51,51,32,28,18,47,NA,112,89,12,14,10,14,1.0,0.9
2026-08-05T2300,1742A,113.5616,37.8706,阳泉市,平坦,,46,46,36,30,20,97,NA,112,106,10,17,9,11,0.7,0.7
2026-08-05T2300,1743A,113.5115,37.8391,阳泉市,大阳泉,NA,NA,44,22,24,17,NA,NA,77,68,8,7,7,8,0.6,0.6
2026-08-05T2300,1744A,118.9229,42.2816,赤峰市,松山一中,,25,17,11,14,9,77,NA,108,92,9,8,8,9,0.6,0.6
2026-08-05T2300,1745A,118.9588,42.2733,赤峰市,哈达街,,23,18,12,8,8,73,NA,102,86,11,12,9,14,0.6,0.6
2026-08-05T2300,1746A,118.8792,42.2551,赤峰市,天义路,,24,7,6,4,7,74,NA,92,81,6,7,7,9,0.4,0.5
2026-08-05T2300,1748A,123.0441,41.1201,鞍山市,深沟寺,,42,30,29,29,20,44,NA,122,80,18,11,5,5,0.7,0.9
2026-08-05T2300,1749A,123.011,41.0931,鞍山市,太阳城,颗粒物(PM10),52,52,62,26,21,67,NA,137,92,11,12,3,3,1.2,1.2
2026-08-05T2300,1750A,123.0483,41.1445,鞍山市,太平,,44,44,35,27,19,58,NA,118,84,15,12,5,7,0.8,1
2026-08-05T2300,1751A,122.964,41.0968,鞍山市,铁西三道街,,50,50,39,32,24,74,NA,128,98,22,13,4,6,0.9,1.1
2026-08-05T2300,1753A,123.0219,41.0822,鞍山市,明达新区,,30,30,31,20,21,65,NA,129,93,9,9,3,5,0.9,1.1
2026-08-05T2300,1755A,123.7974,41.8494,抚顺市,望花区,,45,43,39,31,22,42,NA,130,92,25,16,7,7,0.7,0.9
2026-08-05T2300,1756A,123.9161,41.8827,抚顺市,顺城区,,42,42,34,10,22,14,NA,145,91,36,17,7,9,0.8,0.9
2026-08-05T2300,1757A,124.0437,41.8615,抚顺市,东洲区,,36,36,33,24,19,80,NA,146,104,11,11,8,9,0.8,0.7
2026-08-05T2300,1758A,123.9246,41.8638,抚顺市,新抚区,,44,44,34,30,22,14,NA,118,80,31,12,8,8,0.9,0.9
2026-08-05T2300,1759A,124.0972,41.8961,抚顺市,大伙房水库,,26,26,24,18,17,40,NA,132,88,11,9,9,10,0.7,0.6
2026-08-05T2300,1760A,123.708,41.8386,抚顺市,沈抚新城,,42,42,41,25,22,43,NA,140,91,24,18,5,6,0.8,1
2026-08-05T2300,1761A,123.8274146,41.31234549,本溪市,大峪,,45,45,36,26,21,32,NA,161,105,32,19,3,6,1.1,0.8
2026-08-05T2300,1763A,123.7169,41.3094,本溪市,彩屯,细颗粒物(PM2.5),78,71,36,49,20,31,NA,138,85,9,11,4,6,0.6,0.9
2026-08-05T2300,1764A,123.7672166,41.28649327,本溪市,东明,,44,44,41,28,20,60,NA,160,122,29,20,5,5,1.6,0.8
2026-08-05T2300,1765A,123.799345,41.266614,本溪市,新立屯,,39,39,42,26,18,58,NA,136,94,25,21,7,7,1.6,0.9
2026-08-05T2300,1766A,123.829144,41.336777,本溪市,威宁,,44,44,39,23,21,34,NA,146,92,21,13,6,6,0.9,0.7
2026-08-05T2300,1767A,121.1114,41.0879,锦州市,南山,,43,30,42,30,28,70,NA,167,139,26,13,7,5,0.7,0.5
2026-08-05T2300,1768A,121.060361,40.842794,锦州市,开发区,颗粒物(PM10),53,54,52,28,26,87,NA,147,113,24,15,4,5,0.6,0.6
2026-08-05T2300,1769A,121.1836,41.1118,锦州市,百股街道,,39,28,41,27,28,108,NA,162,142,15,8,1,3,1.0,0.9
2026-08-05T2300,1770A,121.1176,41.1224,锦州市,天安街道,,44,44,45,30,29,78,NA,164,142,26,12,5,6,0.8,0.7
2026-08-05T2300,1771A,121.1303,41.1385,锦州市,北湖公园,,50,50,49,25,30,77,NA,158,139,18,9,7,4,0.7,0.7
2026-08-05T2300,1772A,126.54,43.8622,吉林市,哈达湾,细颗粒物(PM2.5),52,NA,30,36,27,58,NA,103,85,11,8,7,7,0.6,0.6
2026-08-05T2300,1773A,126.5843,43.8358,吉林市,东局子,,50,NA,27,35,24,34,NA,89,64,20,11,4,4,0.7,0.6
2026-08-05T2300,1774A,126.5051,43.8243,吉林市,电力学院,,48,42,36,33,27,31,NA,115,66,17,9,5,5,0.7,0.7
2026-08-05T2300,1775A,126.6133,43.8971,吉林市,江北,,42,39,35,29,22,34,NA,99,74,13,7,6,7,0.6,0.6
2026-08-05T2300,1776A,126.5549,43.8304,吉林市,江南公园,,43,34,34,30,26,61,NA,115,89,10,6,2,2,0.4,0.4
2026-08-05T2300,1779A,123.9307,47.3641,齐齐哈尔市,安居小区,,24,24,20,4,7,53,NA,84,73,4,6,2,4,0.6,0.6
2026-08-05T2300,1780A,123.9497,47.3389,齐齐哈尔市,中心广场,,23,23,22,6,8,57,NA,86,77,10,12,4,4,0.5,0.5
2026-08-05T2300,1781A,123.9483,47.3229,齐齐哈尔市,农牧车辆厂,,36,36,32,4,9,46,NA,86,72,9,9,5,5,0.1,0.1
2026-08-05T2300,1783A,123.9442,47.2994,齐齐哈尔市,市环境监测站,,22,22,22,6,7,48,NA,90,74,9,8,8,5,0.3,0.2
2026-08-05T2300,1784A,129.61,44.561,牡丹江市,环保大楼,,28,NA,20,19,17,24,NA,74,46,12,11,6,7,0.5,0.5
2026-08-05T2300,1787A,129.6364,44.6075,牡丹江市,机车工厂,,40,40,33,20,17,9,NA,63,28,15,13,9,9,0.5,0.5
2026-08-05T2300,1788A,129.6386,44.5462,牡丹江市,第一中学,,27,27,28,15,13,27,NA,79,39,11,10,3,6,0.6,0.6
2026-08-05T2300,1789A,124.8085,46.0381,大庆市,大同区,,41,41,21,10,7,35,NA,110,83,36,10,6,6,0.8,0.6
2026-08-05T2300,1790A,125.1166,46.5255,大庆市,龙凤区,,32,32,19,19,13,40,NA,98,78,24,11,8,8,0.4,0.3
2026-08-05T2300,1791A,124.8894,46.4007,大庆市,红岗区,,30,30,16,18,9,58,NA,105,74,14,9,7,7,0.4,0.4
2026-08-05T2300,1792A,125.1391,46.578,大庆市,萨尔图区,,40,40,33,23,14,55,NA,115,90,17,14,6,5,0.2,0.2
2026-08-05T2300,1793A,124.9026,46.6217,大庆市,让胡路区,,32,25,20,22,14,45,NA,88,61,13,8,4,4,0.2,0.2
2026-08-05T2300,1794A,118.3603,31.3515,芜湖市,监测站,细颗粒物(PM2.5),56,NA,38,38,31,91,NA,123,113,13,11,9,8,0.6,0.5
2026-08-05T2300,1795A,118.3716,31.4135,芜湖市,科创中心,,43,40,37,30,27,90,NA,129,115,10,6,7,6,0.6,0.4
2026-08-05T2300,1796A,118.3671,31.3132,芜湖市,四水厂,细颗粒物(PM2.5),74,NA,37,47,40,91,NA,128,118,14,9,12,6,0.6,0.5
2026-08-05T2300,1798A,118.5084,31.6838,马鞍山市,湖东路四小,,39,34,40,27,30,78,NA,128,112,9,8,9,8,0.9,0.9
2026-08-05T2300,1799A,118.5019,31.6449,马鞍山市,开发区,,38,38,44,26,30,80,NA,132,112,9,7,7,7,0.7,0.7
2026-08-05T2300,1803A,115.9873,29.6816,九江市,十里,,30,14,42,7,25,96,NA,180,136,9,12,4,7,0.4,0.7
2026-08-05T2300,1804A,115.9583,29.7047,九江市,茅山头,,39,39,41,5,25,91,NA,180,130,8,14,3,4,0.3,0.5
2026-08-05T2300,1805A,115.9877,29.7295,九江市,西园,,30,13,36,4,23,96,NA,180,143,13,20,2,4,0.3,0.5
2026-08-05T2300,1808A,115.9112,29.6038,九江市,综合工业园,,26,15,41,7,25,82,NA,192,133,15,17,1,4,0.4,0.7
2026-08-05T2300,1812A,112.3934,34.6517,洛阳市,市委党校,,40,34,32,28,21,94,NA,130,121,11,11,8,9,0.6,0.6
2026-08-05T2300,1815A,112.494,34.6883,洛阳市,河南林校,,41,41,33,28,18,73,NA,135,117,24,11,7,7,0.4,0.4
2026-08-05T2300,1816A,112.3843,34.623,洛阳市,开发区管委会,,45,36,30,31,22,106,NA,144,132,12,12,14,14,0.6,0.6
2026-08-05T2300,1817A,112.4263,34.6249,洛阳市,市委新办公区,,42,31,25,29,17,92,NA,132,118,11,9,11,12,0.6,0.4
2026-08-05T2300,1819A,114.3552,36.1017,安阳市,红庙街,,38,38,29,26,19,110,NA,136,128,6,6,4,4,0.6,0.7
2026-08-05T2300,1820A,114.361,36.0681,安阳市,银杏小区,NA,NA,50,30,22,21,99,NA,143,135,NA,3,2,2,0.4,0.5
2026-08-05T2300,1824A,114.3389,34.778,开封市,肿瘤医院,,30,29,39,17,28,94,NA,142,121,8,9,4,4,0.5,0.6
2026-08-05T2300,1826A,114.2884,34.7966,开封市,世纪星幼儿园,,41,41,36,19,26,112,NA,141,126,8,10,2,2,0.6,0.6
2026-08-05T2300,1832A,113.3257,33.7423,平顶山市,新华旅馆,,49,34,35,34,25,107,NA,150,132,12,13,4,5,0.6,0.6
2026-08-05T2300,1833A,113.2917,33.737,平顶山市,规划设计院,,42,42,38,20,24,104,NA,140,123,11,14,7,8,0.6,0.6
2026-08-05T2300,1834A,113.182,33.7738,平顶山市,平顶山工学院,,36,36,32,25,26,113,NA,147,128,12,12,6,7,0.6,0.5
2026-08-05T2300,1835A,111.1922,34.7752,三门峡市,市政府,,17,17,24,4,15,48,NA,100,74,12,14,8,9,0.4,0.5
2026-08-05T2300,1836A,111.1588,34.794,三门峡市,开发区,,22,22,28,8,14,49,NA,100,79,18,11,2,3,0.7,0.8
2026-08-05T2300,1840A,111.2991,30.6981,宜昌市,白龙岗,,22,14,12,6,5,69,NA,61,58,7,9,4,2,0.1,0.1
2026-08-05T2300,1842A,111.263451,30.696754,宜昌市,点军区,,24,22,15,8,6,76,NA,66,63,9,7,10,10,0.3,0.2
2026-08-05T2300,1843A,111.3276,30.782,宜昌市,夷陵区,,21,3,8,3,4,67,NA,63,63,7,9,4,5,0.2,0.2
2026-08-05T2300,1844A,112.2493,30.3198,荆州市,市图书馆,,20,NA,19,7,15,63,NA,101,85,8,8,3,4,0.5,0.5
2026-08-05T2300,1845A,112.2009,30.3543,荆州市,市委党校,,19,17,22,5,13,58,NA,88,81,6,6,5,5,0.4,0.5
2026-08-05T2300,1848A,113.1494,29.425,岳阳市,城陵矶,,24,23,43,2,11,76,NA,93,75,2,12,1,3,0.6,0.7
2026-08-05T2300,1849A,113.1493,29.3575,岳阳市,开发区,,24,8,23,5,14,76,NA,115,68,4,10,5,6,0.4,0.5
2026-08-05T2300,1850A,113.2672,29.4752,岳阳市,云溪区,,17,17,25,9,16,40,NA,124,44,11,14,3,5,0.4,0.4
2026-08-05T2300,1851A,112.9944,29.44,岳阳市,君山区,,23,11,28,3,16,73,NA,110,78,6,11,4,4,0.4,0.4
2026-08-05T2300,1854A,111.696,28.9725,常德市,市二中,,15,11,17,7,8,46,NA,87,72,9,5,6,8,1.0,1
2026-08-05T2300,1858A,110.532,29.1219,张家界市,永定新区,,20,9,13,7,9,62,NA,60,60,7,7,/,/,/,/
2026-08-05T2300,1859A,110.4696,29.1244,张家界市,电业局,,16,8,8,8,8,49,NA,56,55,11,11,6,7,0.7,0.7
2026-08-05T2300,1860A,110.5573,29.3486,张家界市,未央路,,15,NA,9,6,7,46,NA,61,58,4,6,6,8,0.4,0.6
2026-08-05T2300,1864A,110.3091,25.2705,桂林市,龙隐路小学,,13,11,17,9,11,18,NA,68,45,9,6,4,9,0.5,0.5
2026-08-05T2300,1865A,110.2849361,25.22909545,桂林市,八中,,11,11,16,2,6,28,NA,66,46,8,9,4,4,0.4,0.5
2026-08-05T2300,1867A,109.1435,21.4085,北海市,海滩公园,,15,7,13,4,5,48,NA,75,65,4,4,3,3,0.4,0.4
2026-08-05T2300,1868A,109.0983,21.466,北海市,新市环保局,,15,11,12,10,6,45,NA,74,65,6,8,5,5,0.3,0.4
2026-08-05T2300,1869A,109.1775,21.5232,北海市,北海工业园,,15,15,17,3,6,37,NA,68,60,6,8,2,4,0.4,0.4
2026-08-05T2300,1870A,109.4854,24.3898,柳州市,柳东小学,,20,20,11,14,8,31,NA,49,43,8,6,18,6,0.8,0.8
2026-08-05T2300,1871A,109.4109,24.3304,柳州市,环保监测站,,39,28,17,27,10,13,NA,48,39,24,11,16,9,1.0,0.8
2026-08-05T2300,1872A,109.3886,24.3408,柳州市,河西水厂,,42,42,22,15,10,28,NA,48,43,13,12,16,11,0.7,0.8
2026-08-05T2300,1873A,109.4263,24.2951,柳州市,市四中,,23,23,21,16,11,18,NA,53,46,15,9,7,6,0.9,0.7
2026-08-05T2300,1874A,109.396,24.3658,柳州市,市九中,,35,29,20,24,10,28,NA,45,38,10,8,12,8,0.5,0.5
2026-08-05T2300,1875A,109.4912,24.3164,柳州市,古亭山,,25,25,17,16,11,6,NA,50,39,15,8,3,3,0.7,0.7
2026-08-05T2300,1877A,109.4962,18.2682,三亚市,河西子站,NA,NA,NA,12,NA,6,34,NA,43,41,4,4,3,3,0.3,0.4
2026-08-05T2300,1878A,104.7775,31.4741,绵阳市,富乐山,,35,25,23,24,12,85,NA,119,112,13,8,13,13,0.5,0.5
2026-08-05T2300,1880A,104.6698,31.4668,绵阳市,高新区自来水公司,颗粒物(PM10),51,51,31,30,17,70,NA,130,118,35,12,11,11,0.9,0.9
2026-08-05T2300,1883A,104.6204,28.7728,宜宾市,市委,NA,NA,40,29,32,16,NA,NA,116,108,NA,15,NA,11,NA,0.8
2026-08-05T2300,1884A,104.6056,28.7931,宜宾市,宜宾四中,,36,36,29,24,18,64,NA,117,100,22,9,14,14,0.8,0.7
2026-08-05T2300,1886A,104.5743,28.7199,宜宾市,黄金嘴,,40,40,24,22,14,29,NA,98,74,28,14,12,15,0.8,0.7
2026-08-05T2300,1888A,101.6891,26.571,攀枝花市,弄弄坪,颗粒物(PM10),55,57,59,18,17,44,NA,114,93,16,23,16,18,0.6,1.6
2026-08-05T2300,1889A,101.577,26.5914,攀枝花市,河门口,,42,42,37,15,14,49,NA,91,77,11,12,8,10,0.5,0.5
2026-08-05T2300,1891A,101.7365,26.4986,攀枝花市,仁和,,32,31,29,22,17,28,NA,83,63,14,12,10,9,0.9,1.3
2026-08-05T2300,1894A,105.4427,28.9063,泸州市,小市上码头,,47,47,29,24,13,89,NA,149,133,13,12,5,4,0.6,0.5
2026-08-05T2300,1895A,105.4241,28.8573,泸州市,兰田宪桥,,37,37,22,17,7,52,NA,125,102,19,13,4,5,0.6,0.5
2026-08-05T2300,1896A,105.4378,28.8833,泸州市,市环监站,,31,31,23,7,4,79,NA,127,116,17,14,6,6,0.7,0.6
2026-08-05T2300,1901A,104.424,31.1209,德阳市,东山公园,,43,NA,23,30,22,99,NA,143,133,9,6,4,4,0.9,0.9
2026-08-05T2300,1902A,104.3827,31.1318,德阳市,西小区,细颗粒物(PM2.5),64,NA,35,42,26,87,NA,143,133,22,18,10,10,0.9,0.8
2026-08-05T2300,1904A,104.3553,31.1091,德阳市,耐火材料厂,NA,NA,45,37,45,27,NA,NA,155,155,19,17,3,3,1.0,0.9
2026-08-05T2300,1906A,106.0791,30.8022,南充市,南充市委,,29,29,16,16,8,24,NA,83,71,28,13,6,6,0.3,0.2
2026-08-05T2300,1907A,106.1038,30.8215,南充市,南充炼油厂,,32,32,16,22,7,56,NA,86,82,15,8,7,7,0.5,0.4
2026-08-05T2300,1911A,106.9218,27.6872,遵义市,丁字口,,24,24,19,14,12,35,NA,99,73,15,9,8,7,0.8,0.7
2026-08-05T2300,1912A,106.9241,27.7044,遵义市,凤凰山,,21,16,18,9,12,67,NA,97,90,12,10,4,6,0.6,0.6
2026-08-05T2300,1913A,106.8895,27.648,遵义市,忠庄,,25,25,18,17,12,48,NA,105,84,11,8,2,2,0.7,0.6
2026-08-05T2300,1915A,106.9225,27.7253,遵义市,干田坝,,30,26,28,21,13,33,NA,99,74,16,9,4,4,0.8,0.6
2026-08-05T2300,1916A,103.7897,25.5036,曲靖市,环境监测站,,23,19,29,16,15,70,NA,94,82,15,15,2,4,0.6,0.8
2026-08-05T2300,1917A,103.8013,25.5357,曲靖市,烟厂办公区,,27,18,25,8,13,84,NA,88,78,6,10,2,6,0.6,0.9
2026-08-05T2300,1919A,108.6726,34.315,咸阳市,实验中学,,35,NA,14,24,12,40,NA,67,63,19,9,5,5,0.6,0.4
2026-08-05T2300,1920A,108.7226,34.3622,咸阳市,师范学院,,26,22,13,18,11,40,NA,64,61,16,9,6,5,0.8,0.7
2026-08-05T2300,1923A,109.0696,35.0699,铜川市,王益区政府,,10,10,13,4,6,27,NA,46,42,6,8,6,7,0.4,0.4
2026-08-05T2300,1924A,108.9345,34.9059,铜川市,新区管委会,,17,17,16,11,14,34,NA,54,52,12,10,5,5,0.7,0.5
2026-08-05T2300,1927A,109.4569,36.6161,延安市,延大医附院,,23,23,15,13,9,4,NA,34,22,28,13,2,2,0.5,0.5
2026-08-05T2300,1929A,109.5053,36.6105,延安市,百米大道,,23,23,26,16,10,13,NA,38,29,20,17,1,2,0.7,0.7
2026-08-05T2300,1931A,107.0802,34.3129,宝鸡市,竹园沟,,21,17,18,10,12,66,NA,109,89,7,7,4,4,0.6,0.6
2026-08-05T2300,1933A,107.1429,34.3549,宝鸡市,监测站,,20,7,20,6,10,62,NA,108,84,9,7,6,7,0.4,0.4
2026-08-05T2300,1934A,107.1172,34.3759,宝鸡市,技工学校,,20,NA,18,10,13,64,NA,115,88,5,4,6,6,0.6,0.6
2026-08-05T2300,1936A,107.2025,34.3518,宝鸡市,文理学院,,22,9,19,7,14,69,NA,108,90,8,12,5,5,0.4,0.4
2026-08-05T2300,1937A,107.2396,34.3626,宝鸡市,三迪小学,,21,NA,23,7,13,66,NA,106,85,8,10,4,4,0.5,0.5
2026-08-05T2300,1940A,109.4605,34.4927,渭南市,体育馆,,22,22,13,10,9,18,NA,56,45,27,11,7,7,0.6,0.6
2026-08-05T2300,1941A,109.4257,34.5067,渭南市,高新一小,,13,9,15,6,8,40,NA,56,54,11,7,8,8,0.4,0.4
2026-08-05T2300,1944A,102.1691,38.5166,金昌市,天庆家园,,44,44,59,16,17,118,NA,153,145,10,10,77,24,0.7,0.3
2026-08-05T2300,1945A,98.291,39.7705,嘉峪关市,气象局,,48,48,39,17,13,106,NA,145,134,18,14,6,5,0.4,0.5
2026-08-05T2300,1948A,106.3668,39.0145,石嘴山市,大武口朝阳西街,,35,24,26,6,9,111,NA,159,138,11,8,23,13,0.7,0.6
2026-08-05T2300,1949A,106.7713,39.2278,石嘴山市,惠农南大街,,35,18,24,4,7,112,NA,126,118,11,10,15,18,0.3,0.3
2026-08-05T2300,1950A,106.7074,39.1332,石嘴山市,红果子镇惠新街,,35,23,23,6,8,110,NA,138,120,13,13,8,10,0.7,0.7
2026-08-05T2300,1951A,84.886,45.6029,克拉玛依市,长征新村,,35,34,24,15,12,110,NA,124,117,1,3,3,3,0.3,0.3
2026-08-05T2300,1952A,84.8894,45.5827,克拉玛依市,南林小区,,35,35,20,7,3,110,NA,125,116,2,3,10,9,0.1,0.1
2026-08-05T2300,1954A,84.896,44.3328,克拉玛依市,独山子区,,30,25,40,7,11,96,NA,115,108,3,4,7,7,0.4,0.4
2026-08-05T2300,1955A,85.6888,46.0909,克拉玛依市,乌尔禾区商贸楼,颗粒物(PM10),63,68,27,23,16,105,NA,127,116,9,5,5,6,0.2,0.4
2026-08-05T2300,1956A,86.1476,41.7529,巴音郭楞蒙古自治州,孔雀公园,颗粒物(PM10),70,78,50,21,15,86,NA,116,108,25,14,8,9,0.4,0.3
2026-08-05T2300,1957A,86.1971,41.7166,巴音郭楞蒙古自治州,棉纺厂,颗粒物(PM10),57,59,51,20,12,59,NA,124,106,66,32,/,/,/,/
2026-08-05T2300,1958A,86.236,41.7172,巴音郭楞蒙古自治州,经济开发区,颗粒物(PM10),60,64,36,21,10,71,NA,133,120,19,10,6,6,0.3,0.2
2026-08-05T2300,1961A,117.5323,36.6865,济南市,东山小学,,49,49,46,34,24,82,NA,194,154,25,16,4,5,0.3,0.5
2026-08-05T2300,1982A,122.0693,37.2175,威海市,文登开发区,,20,16,12,10,9,62,NA,108,87,10,13,/,/,/,/
2026-08-05T2300,2031A,113.1836,27.9959,株洲市,云田中学,,29,29,23,19,14,39,NA,82,50,19,13,8,9,0.3,0.2
2026-08-05T2300,2054A,114.1096,32.1059,信阳市,平桥分局,,43,36,42,30,27,99,NA,146,119,8,9,6,7,0.5,0.6
2026-08-05T2300,2064A,113.9956,32.1272,信阳市,南湾水厂,,39,37,34,27,24,85,NA,142,115,7,9,6,6,0.6,0.6
2026-08-05T2300,2065A,114.078,32.1194,信阳市,市酿酒公司,,42,42,38,29,25,98,NA,143,118,9,8,6,6,0.7,0.6
2026-08-05T2300,2066A,114.0712,32.1393,信阳市,审计局,,46,46,42,30,27,106,NA,150,127,9,9,7,7,0.6,0.5
2026-08-05T2300,2068A,114.6755,33.6347,周口市,周口师范,NA,NA,42,35,33,18,NA,NA,130,NA,12,8,4,4,0.6,0.6
2026-08-05T2300,2160A,112.8496,35.5051,晋城市,自来水公司,,38,38,28,6,11,61,NA,123,114,32,12,4,4,0.4,0.6
2026-08-05T2300,2162A,112.8509,35.4886,晋城市,市环保局,,50,50,40,18,13,83,NA,109,103,10,10,4,4,0.4,0.6
2026-08-05T2300,2166A,112.4399,39.3521,朔州市,平朔,,24,24,15,11,8,24,NA,60,50,14,8,8,5,0.2,0.1
2026-08-05T2300,2167A,112.4574,39.362,朔州市,朔唯,,24,24,14,6,5,22,NA,60,50,15,6,7,5,/,/
2026-08-05T2300,2168A,112.426,39.3199,朔州市,区政府,,24,24,18,5,5,52,NA,60,56,9,8,7,7,0.4,0.3
2026-08-05T2300,2169A,112.4075,39.3277,朔州市,市环保局,,20,20,13,9,7,54,NA,64,60,12,8,4,4,/,/
2026-08-05T2300,2170A,112.4273,39.3682,朔州市,市二中,,18,12,16,12,5,26,NA,58,49,16,10,6,4,/,/
2026-08-05T2300,2174A,112.6992,37.6984,晋中市,榆次区政府,,33,31,26,23,15,74,NA,107,82,7,15,9,9,0.4,0.6
2026-08-05T2300,2175A,110.996,35.0148,运城市,运城中学,,21,15,21,6,11,65,NA,92,79,8,7,3,3,0.6,0.7
2026-08-05T2300,2178A,110.9685,35.0305,运城市,地区技校,,20,14,20,8,13,62,NA,94,77,10,7,2,3,1.0,1.1
2026-08-05T2300,2181A,112.7313,38.457,忻州市,开发区,,20,19,22,14,12,25,NA,81,55,23,16,4,5,0.6,0.6
2026-08-05T2300,2182A,112.7023,38.4932,忻州市,会展中心,,23,20,20,16,14,44,NA,83,58,11,10,4,5,0.6,0.7
2026-08-05T2300,2183A,111.1447,37.5212,吕梁市,环保局,,41,41,20,14,7,3,NA,66,50,30,17,5,5,0.6,0.5
2026-08-05T2300,2185A,111.1285,37.5338,吕梁市,自来水公司,,36,36,18,9,10,13,NA,51,40,21,15,3,4,0.6,0.6
2026-08-05T2300,2187A,106.8172,39.6972,乌海市,市林业局,,36,22,31,9,11,113,NA,130,117,12,12,5,10,0.3,0.5
2026-08-05T2300,2188A,106.7907,39.6666,乌海市,中海勃湾学校,,37,32,29,10,11,116,NA,123,110,11,16,9,15,0.4,0.5
2026-08-05T2300,2191A,122.253,43.6801,通辽市,艺术职业学校,,37,37,23,24,11,43,NA,129,103,38,12,6,5,0.4,0.3
2026-08-05T2300,2195A,107.4206,40.7609,巴彦淖尔市,附二中,,35,29,26,7,12,111,NA,132,128,9,8,17,11,0.4,0.4
2026-08-05T2300,2196A,107.37,40.7372,巴彦淖尔市,市环保大楼,,41,41,35,15,9,116,NA,132,129,8,6,11,12,0.6,0.6
2026-08-05T2300,2197A,113.1306,40.9924,乌兰察布市,集宁新区,,27,27,28,7,14,60,NA,83,73,15,11,10,11,0.4,0.4
2026-08-05T2300,2202A,116.1048,43.9318,锡林郭勒盟,市环保监测站,,22,19,14,9,5,69,NA,106,88,10,7,3,2,0.3,0.3
2026-08-05T2300,2203A,116.0778,43.9312,锡林郭勒盟,市政府,,24,12,13,4,7,76,NA,104,88,9,7,2,2,0.3,0.3
2026-08-05T2300,2205A,105.699,38.8409,阿拉善盟,蒙二幼,,41,15,25,11,6,130,NA,158,152,5,5,8,8,0.5,0.5
2026-08-05T2300,2206A,105.7198,38.8508,阿拉善盟,环保局新楼,,42,29,18,14,6,133,NA,153,150,5,4,10,10,0.5,0.5
2026-08-05T2300,2207A,121.6095,41.9978,阜新市,工业园区,,44,44,41,26,25,94,NA,129,121,23,11,3,6,0.8,0.7
2026-08-05T2300,2208A,121.6567,42.0188,阜新市,长青街,,39,39,39,24,28,102,NA,126,122,18,12,6,6,0.7,0.7
2026-08-05T2300,2209A,121.6672,42.07,阜新市,农业园区,,38,38,36,24,24,112,NA,128,112,11,9,3,2,0.9,0.9
2026-08-05T2300,2211A,121.6343,42.0455,阜新市,玉龙新城,,37,37,48,18,23,95,NA,132,114,14,10,1,2,0.9,0.8
2026-08-05T2300,2212A,123.1978,41.2036,辽阳市,宏伟区,,35,32,43,24,19,67,NA,132,90,17,10,4,5,0.7,0.7
2026-08-05T2300,2213A,123.1684,41.2497,辽阳市,新华园,NA,NA,77,45,NA,NA,39,NA,163,99,32,15,5,7,0.6,1
2026-08-05T2300,2214A,123.2355,41.2663,辽阳市,滨河路,,36,34,36,25,21,33,NA,160,83,32,13,7,7,0.6,0.7
2026-08-05T2300,2217A,123.865,42.292,铁岭市,水上乐园,细颗粒物(PM2.5),68,62,40,44,22,51,NA,114,NA,14,13,9,8,0.4,0.5
2026-08-05T2300,2219A,123.7158,42.2218,铁岭市,金沙江路北,,43,38,53,30,28,41,NA,122,76,28,18,6,10,0.5,0.7
2026-08-05T2300,2220A,120.4318,41.588,朝阳市,西梁,,37,37,33,2,16,68,NA,111,86,13,9,7,10,0.8,0.9
2026-08-05T2300,2221A,120.452,41.565,朝阳市,河畔小区,,20,16,29,13,21,61,NA,117,83,11,9,10,11,0.7,0.9
2026-08-05T2300,2222A,120.4176,41.5648,朝阳市,八里堡,,34,34,32,8,20,53,NA,110,85,18,10,8,9,0.9,0.9
2026-08-05T2300,2226A,124.3744,43.1842,四平市,境园,,50,NA,34,35,30,42,NA,118,99,30,9,5,5,0.5,0.5
2026-08-05T2300,2227A,125.1359,42.8845,辽源市,环保局,,40,32,31,28,20,41,NA,137,99,18,9,3,3,0.6,0.6
2026-08-05T2300,2229A,125.9359,41.7174,通化市,光明,,22,22,21,10,9,26,NA,92,60,11,9,9,9,0.3,0.3
2026-08-05T2300,2230A,125.9446,41.7323,通化市,铁路,,18,NA,19,12,11,27,NA,90,60,13,16,8,10,0.4,0.4
2026-08-05T2300,2231A,126.4219,41.9172,白山市,喜丰,,35,35,38,9,10,7,NA,100,51,30,18,7,8,0.6,0.6
2026-08-05T2300,2232A,126.4082,41.9416,白山市,环保局,,19,19,22,9,7,33,NA,101,65,5,6,10,10,0.5,0.5
2026-08-05T2300,2233A,124.8007,45.1213,松原市,江南,,33,33,14,13,12,41,NA,94,70,26,10,1,1,0.4,0.4
2026-08-05T2300,2234A,124.7967,45.1721,松原市,江北,,26,22,14,18,11,17,NA,89,56,18,4,1,1,0.6,0.5
2026-08-05T2300,2235A,122.7909,45.608,白城市,洮北区环保局,,23,23,15,10,9,70,NA,82,70,6,7,3,4,0.3,0.3
2026-08-05T2300,2236A,122.8741,45.5725,白城市,市环保局,NA,NA,NA,12,11,10,NA,NA,101,74,16,11,2,3,0.4,0.4
2026-08-05T2300,2237A,129.4704,42.8885,延边朝鲜族自治州,妇幼医院,细颗粒物(PM2.5),56,NA,24,38,19,6,NA,87,44,12,6,6,6,0.6,0.6
2026-08-05T2300,2238A,129.5047,42.9117,延边朝鲜族自治州,延边医院,,34,34,25,21,19,14,NA,86,48,12,5,3,3,0.5,0.5
2026-08-05T2300,2239A,129.395,42.8884,延边朝鲜族自治州,朝阳川镇医院,,17,17,26,3,3,8,NA,78,31,10,13,4,6,0.6,0.6
2026-08-05T2300,2240A,130.9618,45.2926,鸡西市,环保局,,26,26,32,17,21,35,NA,81,52,17,12,2,2,0.4,0.4
2026-08-05T2300,2243A,130.9294,45.2959,鸡西市,第一中学,,28,28,25,14,16,38,NA,68,47,9,10,5,5,0.3,0.4
2026-08-05T2300,2244A,130.2537,47.3416,鹤岗市,哈啤分公司,,17,17,15,10,8,9,NA,75,54,10,8,5,5,0.1,0.1
2026-08-05T2300,2245A,130.2683,47.3087,鹤岗市,斯达机电,,40,40,25,21,12,6,NA,66,50,19,14,4,5,0.3,0.3
2026-08-05T2300,2246A,130.3114,47.3388,鹤岗市,东山纸板厂,,22,16,17,15,9,0,NA,51,28,29,17,6,6,0.3,0.3
2026-08-05T2300,2248A,131.1509,46.6936,双鸭山市,双合村,,34,34,17,12,11,3,NA,74,25,23,10,6,7,0.3,0.4
2026-08-05T2300,2249A,131.1651,46.6191,双鸭山市,南小市,NA,NA,NA,12,10,8,23,NA,65,45,13,8,11,7,0.7,0.7
2026-08-05T2300,2250A,131.1526,46.6554,双鸭山市,环保局,,30,30,19,16,11,12,NA,61,28,15,8,7,8,0.6,0.5
2026-08-05T2300,2252A,128.8663,47.7199,伊春市,环保局,,29,29,13,8,7,6,NA,60,32,7,7,1,1,0.2,0.2
2026-08-05T2300,2253A,128.9014,47.732,伊春市,电力嘉园,,26,26,17,14,13,2,NA,70,34,10,6,2,3,0.9,0.9
2026-08-05T2300,2255A,130.2749,46.8028,佳木斯市,佳纺,颗粒物(PM10),67,73,33,7,6,27,NA,72,46,14,9,3,3,0.3,0.3
2026-08-05T2300,2257A,130.3258,46.7975,佳木斯市,环保局,,24,24,18,8,7,33,NA,73,54,12,8,2,2,0.2,0.3
2026-08-05T2300,2263A,127.4832,50.2524,黑河市,交通局,,32,32,28,15,15,35,NA,80,62,8,9,25,11,0.2,0.1
2026-08-05T2300,2264A,127.5146,50.2339,黑河市,环保局,,28,28,32,13,12,33,NA,89,62,12,12,8,8,0.2,0.2
2026-08-05T2300,2266A,126.9783,46.6365,绥化市,人和东街,,33,32,16,23,9,69,NA,86,77,12,8,10,10,0.5,0.4
2026-08-05T2300,2267A,126.964,46.6527,绥化市,党政办公中心,,29,24,16,16,10,91,NA,97,92,13,10,7,7,0.3,0.3
2026-08-05T2300,2269A,124.1068,50.4091,大兴安岭地区,科技局,,40,40,25,24,13,11,NA,55,38,6,4,3,2,0.5,0.4
2026-08-05T2300,2270A,117.396,32.9389,蚌埠市,工人疗养院,,30,30,31,19,22,61,NA,94,79,4,4,5,5,0.4,0.4
2026-08-05T2300,2271A,117.3606,32.9428,蚌埠市,百货大楼,,26,23,26,18,20,63,NA,92,76,10,10,9,9,0.7,0.7
2026-08-05T2300,2273A,117.4183,32.8909,蚌埠市,蚌埠学院,,32,NA,32,22,20,60,NA,86,74,9,9,5,5,0.3,0.3
2026-08-05T2300,2274A,117.3534,32.9672,蚌埠市,淮上区政府,,22,22,29,15,20,62,NA,89,78,6,5,4,4,0.4,0.5
2026-08-05T2300,2275A,117.3143,32.8977,蚌埠市,高新区,,26,19,29,18,21,62,NA,92,80,10,11,9,10,0.4,0.5
2026-08-05T2300,2277A,116.8304,32.7726,淮南市,潘集区政府,,23,22,33,16,23,61,NA,95,80,8,7,6,6,0.3,0.3
2026-08-05T2300,2279A,116.8569,32.5949,淮南市,谢家集区政府,,20,NA,25,14,27,59,NA,97,81,11,8,8,9,0.2,0.3
2026-08-05T2300,2280A,116.8279,32.6333,淮南市,八公山区政府,,20,20,35,14,25,47,NA,90,73,12,8,8,8,0.1,0.2
2026-08-05T2300,2282A,116.8005,33.9749,淮北市,监测站,,35,32,32,24,23,99,NA,105,105,8,7,3,3,0.4,0.4
2026-08-05T2300,2283A,116.8094,33.9008,淮北市,烈山区政府,NA,NA,51,29,24,20,80,NA,105,101,NA,3,4,4,0.5,0.5
2026-08-05T2300,2285A,117.8176,30.9412,铜陵市,市第四中学,,41,41,40,24,26,36,NA,116,91,41,8,17,11,0.5,0.4
2026-08-05T2300,2287A,117.7806,30.9413,铜陵市,市新民污水厂,,31,31,42,18,28,49,NA,111,71,25,16,11,16,0.5,0.6
2026-08-05T2300,2289A,117.846,30.9414,铜陵市,车站新区,颗粒物(PM10),51,51,45,28,25,72,NA,113,96,18,11,15,14,0.5,0.5
2026-08-05T2300,2290A,117.8472,30.9699,铜陵市,市职教基地,,33,29,32,23,25,73,NA,109,100,17,8,11,9,0.7,0.6
2026-08-05T2300,2291A,117.0806,30.5181,安庆市,环科院,,22,17,32,11,22,70,NA,154,100,9,11,4,8,0.8,0.9
2026-08-05T2300,2292A,117.0331,30.5118,安庆市,马山宾馆,,20,17,36,14,22,63,NA,154,102,13,12,2,4,1.3,1
2026-08-05T2300,2294A,116.9897,30.6146,安庆市,安庆大学,,26,14,27,5,20,82,NA,141,104,6,8,4,5,0.3,0.5
2026-08-05T2300,2295A,118.2905,29.6965,黄山市,延安路89号,,38,35,29,26,22,15,NA,91,42,12,8,3,3,0.5,0.5
2026-08-05T2300,2297A,118.1369,30.2755,黄山市,黄山区政府5号楼,,19,17,24,13,17,38,NA,88,57,6,5,3,3,0.5,0.5
2026-08-05T2300,2301A,115.8276,32.8929,阜阳市,市监测站,,35,35,38,18,27,57,NA,107,81,14,12,6,6,0.4,0.5
2026-08-05T2300,2303A,115.8551,32.8606,阜阳市,开发区,,37,37,43,22,28,48,NA,99,69,17,12,4,4,0.5,0.5
2026-08-05T2300,2307A,116.5078,31.7369,六安市,监测大楼,,26,4,28,3,29,83,NA,108,96,7,10,4,5,0.4,0.5
2026-08-05T2300,2308A,116.4738,31.7642,六安市,皖西学院,,32,NA,36,4,28,100,NA,120,109,6,10,8,8,0.5,0.7
2026-08-05T2300,2309A,116.4997,31.7904,六安市,朝阳厂,,22,8,32,8,25,68,NA,104,90,8,13,1,2,0.2,0.4
2026-08-05T2300,2310A,116.5566,31.7885,六安市,开发区,,26,8,40,8,27,81,NA,120,100,4,9,5,7,0.1,0.3
2026-08-05T2300,2311A,115.8071,33.8399,亳州市,污水处理厂,,48,39,33,33,25,48,NA,116,85,20,10,2,3,0.8,0.5
2026-08-05T2300,2312A,115.7789,33.8519,亳州市,三国揽胜宫,,44,44,35,29,25,62,NA,111,92,12,6,5,4,0.5,0.4
2026-08-05T2300,2314A,117.4698,30.6617,池州市,池州学院,,22,11,25,7,18,70,NA,128,85,13,12,5,4,0.9,0.8
2026-08-05T2300,2316A,118.7578,30.9457,宣城市,鳌峰子站,,27,16,32,10,25,86,NA,103,96,8,5,7,7,0.3,0.3
2026-08-05T2300,2317A,118.7384,30.9745,宣城市,敬亭山子站,,25,NA,37,17,32,69,NA,100,91,7,7,7,8,0.3,0.3
2026-08-05T2300,2318A,118.7172,30.9428,宣城市,开发区子站,,31,16,33,13,28,97,NA,110,106,5,4,8,9,0.2,0.2
2026-08-05T2300,2319A,119.0142,25.4324,莆田市,荔城区仓后路,,18,12,26,7,11,57,NA,89,75,7,8,/,/,/,/
2026-08-05T2300,2320A,119.0016,25.4553,莆田市,莆田市监测站,,17,15,20,10,11,54,NA,94,78,7,7,4,4,0.4,0.4
2026-08-05T2300,2321A,119.112,25.4561,莆田市,涵江区六中,,19,17,22,6,10,58,NA,96,79,8,8,/,/,0.6,0.5
2026-08-05T2300,2322A,119.1014,25.3215,莆田市,秀屿区政府,,19,17,25,4,14,58,NA,97,79,7,6,6,6,0.7,0.7
2026-08-05T2300,2324A,117.621,26.2626,三明市,三钢,,22,14,23,4,16,68,NA,96,79,5,10,4,5,0.4,0.7
2026-08-05T2300,2325A,117.6352,26.2714,三明市,三明二中,,21,NA,24,12,18,66,NA,93,78,5,9,4,6,0.4,0.6
2026-08-05T2300,2326A,117.6028,26.2377,三明市,三元区政府,,22,22,25,13,17,66,NA,96,77,10,10,11,8,1.0,0.6
2026-08-05T2300,2332A,118.1682,26.6371,南平市,南平市监测站,,17,17,20,10,13,38,NA,96,70,11,10,5,7,0.4,0.4
2026-08-05T2300,2334A,118.1757,26.6276,南平市,南平七中,,13,11,25,8,13,41,NA,97,68,8,9,3,5,0.4,0.5
2026-08-05T2300,2336A,117.022,25.1031,龙岩市,龙岩市监测站,,30,23,26,21,21,48,NA,89,71,18,10,8,10,0.3,0.3
2026-08-05T2300,2337A,117.0257,25.0662,龙岩市,闽西职业技术学院,,30,30,29,16,17,61,NA,94,78,10,7,7,8,0.4,0.4
2026-08-05T2300,2338A,117.0195,25.0306,龙岩市,龙岩学院,,30,NA,26,21,16,59,NA,99,82,7,6,5,5,/,/
2026-08-05T2300,2341A,119.5387,26.6611,宁德市,宁德市监测站,,20,19,24,13,15,64,NA,114,87,12,12,6,6,0.6,0.6
2026-08-05T2300,2343A,117.2114,29.2931,景德镇市,老干部活动中心,,22,22,26,14,21,40,NA,98,64,12,7,4,4,0.6,0.5
2026-08-05T2300,2344A,117.1893,29.2789,景德镇市,兽医站,,24,24,36,14,18,42,NA,95,64,10,6,3,4,0.5,0.3
2026-08-05T2300,2346A,117.246,29.2958,景德镇市,陶研所,,25,20,27,17,21,35,NA,92,59,2,5,4,4,0.5,0.5
2026-08-05T2300,2348A,113.8384,27.6436,萍乡市,中医院,,15,12,26,6,16,45,NA,106,52,9,13,6,9,0.6,0.9
2026-08-05T2300,2350A,113.8677,27.6438,萍乡市,市环保局,,18,15,24,12,22,53,NA,109,60,7,9,4,9,0.4,0.6
2026-08-05T2300,2351A,113.8663,27.6202,萍乡市,安源区政府,,18,15,25,12,18,28,NA,101,47,9,9,4,7,0.5,0.7
2026-08-05T2300,2353A,114.9887,27.8433,新余市,飞宇,,38,38,44,22,23,87,NA,132,111,11,15,4,6,0.9,0.9
2026-08-05T2300,2354A,114.9234,27.8248,新余市,第二水厂,,34,34,40,20,23,85,NA,127,111,9,14,4,3,0.5,0.5
2026-08-05T2300,2355A,114.931,27.8037,新余市,市气象局,NA,NA,49,39,20,21,NA,NA,131,NA,12,13,2,5,1.1,0.6
2026-08-05T2300,2358A,117.0561,28.2641,鹰潭市,新监测站,,34,34,37,4,23,72,NA,141,107,4,6,4,7,0.3,0.4
2026-08-05T2300,2359A,117.0312,28.2474,鹰潭市,财苑宾馆,,24,21,36,10,23,76,NA,151,111,2,7,4,8,/,/
2026-08-05T2300,2360A,117.0221,28.2263,鹰潭市,体育馆,,42,42,43,12,22,62,NA,140,106,10,6,11,7,0.6,0.6
2026-08-05T2300,2363A,114.9368,25.8663,赣州市,地委,颗粒物(PM10),60,64,34,30,17,49,NA,116,84,20,9,12,4,0.6,0.5
2026-08-05T2300,2364A,114.946,25.8483,赣州市,气象台,颗粒物(PM10),56,58,25,34,16,51,NA,104,80,21,10,32,7,0.5,0.5
2026-08-05T2300,2365A,114.932,25.8332,赣州市,市图书馆,,45,45,29,27,15,68,NA,113,89,21,13,10,4,1.0,0.8
2026-08-05T2300,2366A,114.8905,25.8472,赣州市,华坚鞋城,细颗粒物(PM2.5),64,53,36,42,20,39,NA,98,72,14,11,1,1,0.4,0.3
2026-08-05T2300,2367A,114.9753,27.0803,吉安市,红声器材厂,,39,39,36,26,18,120,NA,122,104,7,11,10,10,0.4,0.3
2026-08-05T2300,2369A,114.9903,27.1313,吉安市,市环境监测站,,39,38,33,24,18,122,NA,119,108,5,10,13,12,/,/
2026-08-05T2300,2370A,115.009527,27.096792,吉安市,青原区法院,,43,43,41,23,18,113,NA,112,91,6,13,7,8,0.3,0.3
2026-08-05T2300,2373A,114.3954,27.7843,宜春市,市石油公司,,38,38,38,11,24,69,NA,130,88,5,3,6,5,0.8,0.7
2026-08-05T2300,2374A,114.37,27.7916,宜春市,市气象局,,31,31,36,11,21,47,NA,116,77,13,10,3,3,0.9,0.7
2026-08-05T2300,2375A,114.401,27.8059,宜春市,市广电局,,31,31,33,18,24,58,NA,130,86,13,10,5,3,1.0,0.5
2026-08-05T2300,2377A,116.3544,27.9833,抚州市,市站,,40,40,40,19,24,92,NA,128,116,5,8,2,5,0.5,0.7
2026-08-05T2300,2378A,116.3562,27.9631,抚州市,血防站,,36,36,40,19,23,91,NA,118,103,5,9,7,7,0.8,0.8
2026-08-05T2300,2379A,116.3561,28.0007,抚州市,采茶剧团,,36,36,40,16,24,92,NA,128,116,8,8,16,16,0.6,0.7
2026-08-05T2300,2380A,116.3854,27.9648,抚州市,医学分院,,36,36,37,13,21,99,NA,128,116,3,7,4,4,0.5,0.6
2026-08-05T2300,2382A,117.9758,28.4439,上饶市,市监测站,,39,39,39,14,25,96,NA,130,101,2,6,7,8,/,/
2026-08-05T2300,2383A,117.9521,28.4637,上饶市,凤凰光学,,36,36,35,14,22,96,NA,131,107,3,7,4,4,0.3,0.4
2026-08-05T2300,2385A,114.17,35.9019,鹤壁市,市监测站,细颗粒物(PM2.5),52,40,32,36,28,73,NA,140,115,8,5,7,3,0.6,0.7
2026-08-05T2300,2386A,114.2953,35.7512,鹤壁市,市交警支队,,42,33,31,29,22,66,NA,126,117,20,13,6,6,0.7,0.7
2026-08-05T2300,2387A,114.2877,35.7302,鹤壁市,迎宾馆,,41,41,27,18,18,67,NA,135,125,13,8,5,3,0.7,0.7
2026-08-05T2300,2389A,113.836,35.3104,新乡市,环保西院,,40,40,30,26,19,83,NA,127,120,11,5,9,7,0.6,0.7
2026-08-05T2300,2390A,113.8847,35.2724,新乡市,开发区,,33,33,25,18,17,94,NA,122,116,17,8,6,8,0.3,0.3
2026-08-05T2300,2391A,113.8836,35.3028,新乡市,环保东院,颗粒物(PM10),54,55,40,25,18,93,NA,127,120,13,7,4,6,0.6,0.6
2026-08-05T2300,2392A,115.0312,35.7636,濮阳市,环保局,,38,26,35,21,20,119,NA,140,135,10,10,4,5,0.7,0.7
2026-08-05T2300,2398A,113.7904,33.9949,许昌市,开发区,,34,34,39,15,23,107,NA,148,133,8,13,3,4,0.4,0.5
2026-08-05T2300,2399A,114.051,33.5721,漯河市,三五一五工厂,,30,NA,38,19,28,93,NA,142,122,14,14,5,5,0.4,0.4
2026-08-05T2300,2400A,114.0055,33.5698,漯河市,漯河大学,,33,30,54,23,28,102,NA,147,129,10,13,6,6,0.4,0.5
2026-08-05T2300,2401A,114.0134,33.5826,漯河市,市水利局,,32,19,36,14,26,100,NA,149,128,12,14,6,7,0.3,0.4
2026-08-05T2300,2402A,114.0261,33.5697,漯河市,市广电局,,32,27,36,17,24,102,NA,149,130,6,9,4,4,0.4,0.5
2026-08-05T2300,2404A,112.5338,33.0086,南阳市,瓦房庄,,37,37,33,16,15,100,NA,150,116,10,8,6,6,0.4,0.5
2026-08-05T2300,2405A,112.5002,32.9734,南阳市,汉画馆,,34,34,31,15,14,86,NA,149,108,11,8,7,7,0.7,0.7
2026-08-05T2300,2406A,112.5778,33.0144,南阳市,气象站,,38,38,30,15,15,95,NA,152,117,13,10,7,7,0.5,0.6
2026-08-05T2300,2407A,112.548,32.9687,南阳市,理工学院,,35,35,29,22,18,101,NA,152,116,10,9,8,8,0.6,0.6
2026-08-05T2300,2408A,115.6701,34.4283,商丘市,环境监测站,,46,46,42,23,25,82,NA,118,98,8,6,5,6,0.4,0.4
2026-08-05T2300,2409A,115.6458,34.4047,商丘市,粮食局,,49,42,35,34,24,83,NA,115,96,8,5,4,4,0.5,0.4
2026-08-05T2300,2420A,114.0194,32.9648,驻马店市,市一纸厂,,49,48,40,34,27,83,NA,148,127,17,15,5,7,0.5,0.3
2026-08-05T2300,2421A,114.0112,33.0149,驻马店市,市彩印厂,NA,NA,NA,55,30,25,80,NA,140,120,13,13,4,6,0.4,0.4
2026-08-05T2300,2423A,115.0547,30.2332,黄石市,沈家营,,34,34,51,14,28,91,NA,164,127,10,14,4,5,0.4,0.8
2026-08-05T2300,2426A,114.899,30.211,黄石市,铁山,,35,35,41,17,27,100,NA,166,121,8,12,4,4,0.5,0.7
2026-08-05T2300,2427A,115.0259,30.2108,黄石市,团城山,,37,37,47,12,27,92,NA,162,129,5,8,4,4,0.6,0.7
2026-08-05T2300,2429A,110.78,32.6494,十堰市,滨河新村,,28,23,28,19,15,72,NA,78,78,6,6,/,/,0.7,0.8
2026-08-05T2300,2430A,110.7305,32.6408,十堰市,刘家沟,,33,33,28,17,12,64,NA,71,60,5,6,/,/,/,/
2026-08-05T2300,2431A,110.8843,32.5712,十堰市,铁二处,,41,41,28,19,14,50,NA,75,73,6,6,8,8,0.8,0.8
2026-08-05T2300,2432A,112.1555,32.0197,襄阳市,襄城运动路,,23,22,25,16,15,50,NA,108,65,16,14,9,9,0.5,0.6
2026-08-05T2300,2434A,112.1829,32.1146,襄阳市,高新管委会,,24,24,22,13,17,53,NA,118,70,19,19,6,6,0.5,0.6
2026-08-05T2300,2435A,112.2105,32.0903,襄阳市,襄州航空路,,20,20,27,13,15,49,NA,120,71,15,14,7,7,0.6,0.6
2026-08-05T2300,2436A,114.894,30.3989,鄂州市,市政府,,30,20,36,5,19,94,NA,163,133,5,11,3,5,0.4,0.5
2026-08-05T2300,2437A,114.8986,30.3714,鄂州市,赵家坝,,37,37,35,6,18,111,NA,172,142,6,14,9,11,0.5,0.6
2026-08-05T2300,2439A,112.2012,31.048,荆门市,竹园小学,,27,20,30,17,20,86,NA,104,88,6,8,4,4,0.7,0.7
2026-08-05T2300,2440A,112.1968,30.9892,荆门市,掇刀,,33,28,24,23,20,67,NA,102,90,10,11,7,7,0.4,0.5
2026-08-05T2300,2444A,113.9062,30.9378,孝感市,东城区,,30,24,46,18,22,93,NA,147,102,3,7,3,4,0.5,0.6
2026-08-05T2300,2446A,114.9021,30.474,黄冈市,职工中心,,35,NA,23,17,21,112,NA,170,142,2,8,7,7,0.4,0.4
2026-08-05T2300,2451A,113.3587,31.7275,随州市,市委党校,NA,NA,23,36,14,16,NA,NA,131,106,9,8,5,6,0.6,0.6
2026-08-05T2300,2452A,113.3745,31.6926,随州市,市林业局,,32,16,24,8,13,102,NA,123,104,6,9,2,2,0.7,0.7
2026-08-05T2300,2453A,113.3984,31.7309,随州市,市立交桥水厂,,30,23,27,18,14,96,NA,123,106,4,7,4,4,0.7,0.7
2026-08-05T2300,2454A,109.4978,30.2979,恩施土家族苗族自治州,湖北民院,,18,18,17,5,5,10,NA,49,35,14,5,5,5,0.5,0.4
2026-08-05T2300,2457A,112.6209,26.9268,衡阳市,衡阳化工总厂,,19,19,23,12,12,35,NA,74,38,6,8,6,7,0.4,0.5
2026-08-05T2300,2458A,112.621,26.8957,衡阳市,珠晖区环保局,,18,16,18,12,11,29,NA,62,35,14,12,8,7,0.7,0.8
2026-08-05T2300,2459A,112.628,26.8654,衡阳市,市委党校,,19,13,20,13,11,40,NA,78,47,8,7,5,8,0.2,2.8
2026-08-05T2300,2460A,112.6007,26.8977,衡阳市,市监测站,,16,16,21,10,12,44,NA,83,47,6,8,3,2,0.6,0.7
2026-08-05T2300,2461A,112.5658,26.9013,衡阳市,真空机电公司,,26,NA,20,18,15,38,NA,80,44,11,9,13,7,1.0,0.9
2026-08-05T2300,2464A,111.5277,27.2442,邵阳市,市化工厂,,26,26,16,14,13,39,NA,73,53,7,6,3,10,0.3,0.3
2026-08-05T2300,2466A,111.4327,27.2276,邵阳市,市环保局,,16,NA,18,11,13,30,NA,67,49,8,6,4,4,0.5,0.6
2026-08-05T2300,2468A,112.3458,28.581,益阳市,市环保局,,19,19,22,8,16,55,NA,95,77,6,3,4,6,0.7,0.7
2026-08-05T2300,2473A,113.0116,25.8228,郴州市,市职中,,33,27,20,23,15,30,NA,75,55,12,7,9,7,0.7,0.6
2026-08-05T2300,2475A,113.0381,25.8074,郴州市,市审计局,,29,NA,19,20,13,29,NA,63,48,9,8,12,7,/,/
2026-08-05T2300,2476A,113.0348,25.7757,郴州市,市环保局,,33,NA,16,23,14,33,NA,72,56,17,8,15,8,0.7,0.6
2026-08-05T2300,2478A,111.6126,26.4266,永州市,市环境监测站,,23,23,18,15,13,34,NA,68,46,7,7,4,4,0.5,0.5
2026-08-05T2300,2480A,111.6248,26.3803,永州市,永州市环保局,NA,NA,24,16,17,10,39,NA,70,55,NA,5,6,5,0.6,0.7
2026-08-05T2300,2481A,111.5989,26.4523,永州市,冷水滩区环保局,,35,35,24,14,13,38,NA,76,53,8,7,10,11,0.6,0.6
2026-08-05T2300,2483A,109.9297,27.5383,怀化市,河西地税局,,23,23,19,6,12,7,NA,44,30,13,11,7,10,/,/
2026-08-05T2300,2484A,109.9783,27.5342,怀化市,市四医院,,15,15,24,9,11,20,NA,46,39,14,7,6,7,0.4,0.3
2026-08-05T2300,2485A,109.9971,27.5579,怀化市,监测楼,,17,17,19,8,12,31,NA,48,42,7,5,7,8,0.2,0.2
2026-08-05T2300,2488A,111.9984,27.7346,娄底市,市监测站,,12,8,23,8,15,35,NA,74,47,10,13,4,7,0.5,0.7
2026-08-05T2300,2491A,111.9888,27.7035,娄底市,市政府,,16,16,19,6,13,25,NA,74,45,9,8,4,4,0.2,0.4
2026-08-05T2300,2493A,109.7298,28.3164,湘西土家族苗族自治州,州政府,,17,17,19,2,6,15,NA,52,46,4,5,5,4,0.4,0.2
2026-08-05T2300,2494A,109.6957,28.2676,湘西土家族苗族自治州,吉首市计生局,,16,16,10,6,5,19,NA,55,42,6,7,4,4,0.1,0.2
2026-08-05T2300,2496A,111.3126,23.4772,梧州市,市十一中,颗粒物(PM10),68,75,18,12,8,6,NA,61,37,32,18,8,8,0.6,0.7
2026-08-05T2300,2498A,111.26,23.4794,梧州市,龙新,,24,24,20,1,5,19,NA,64,51,22,10,23,12,0.7,0.6
2026-08-05T2300,2499A,108.3411,21.6159,防城港市,沙万,NA,NA,NA,17,9,8,NA,NA,66,52,18,13,4,3,NA,0.6
2026-08-05T2300,2500A,108.3515,21.7733,防城港市,防城档案局,,13,6,13,5,7,39,NA,57,44,10,8,3,4,0.4,0.6
2026-08-05T2300,2501A,108.3506,21.6414,防城港市,大海花园,,14,12,14,9,9,36,NA,66,49,21,10,10,8,1.4,0.6
2026-08-05T2300,2502A,108.6238,21.9667,钦州市,市环保站,,17,NA,10,2,5,52,NA,53,44,8,7,6,7,0.5,0.5
2026-08-05T2300,2503A,108.655,21.9481,钦州市,沙埠小学,NA,NA,NA,18,3,5,54,NA,53,46,4,6,8,8,0.4,0.4
2026-08-05T2300,2504A,108.5989,21.7435,钦州市,港区一小,,13,6,18,2,7,39,NA,53,38,15,16,4,5,0.7,0.7
2026-08-05T2300,2506A,109.604387,23.066791,贵港市,江南子站,,20,17,21,14,10,22,NA,67,42,18,12,8,6,0.6,0.5
2026-08-05T2300,2508A,109.5669,23.1065,贵港市,荷城子站,,17,17,14,7,6,29,NA,66,48,13,8,6,3,0.6,0.6
2026-08-05T2300,2511A,110.1433,22.6162,玉林市,南江一中,,19,19,17,9,6,24,NA,46,33,8,6,14,11,0.4,0.3
2026-08-05T2300,2512A,106.6102,23.901,百色市,市监测站,,15,7,18,7,7,45,NA,73,65,4,7,6,7,0.5,0.6
2026-08-05T2300,2513A,106.6524,23.8842,百色市,市中心血站,,11,10,24,7,11,35,NA,72,63,9,10,6,11,0.2,0.3
2026-08-05T2300,2514A,111.5264,24.4178,贺州市,环保小区,,31,31,16,14,8,28,NA,65,52,11,7,10,10,0.3,0.2
2026-08-05T2300,2515A,111.561,24.4074,贺州市,政协大楼,,25,19,10,17,9,28,NA,62,50,17,10,14,13,0.6,0.6
2026-08-05T2300,2517A,108.0496,24.6957,河池市,市环保站,,19,19,14,9,6,8,NA,41,29,10,6,4,4,0.8,0.8
2026-08-05T2300,2520A,109.2203,23.7252,来宾市,来宾技工学校,,30,24,22,5,8,2,NA,68,52,60,13,10,9,0.5,0.4
2026-08-05T2300,2521A,107.3473,22.4137,崇左市,市环保局江州分局,,19,19,15,8,7,28,NA,61,48,8,7,4,4,0.6,0.6
2026-08-05T2300,2524A,105.8211,32.4444,广元市,老城,,13,13,23,7,7,41,NA,84,65,21,14,6,9,0.4,0.4
2026-08-05T2300,2526A,105.8629,32.429,广元市,监测站,,28,28,24,10,3,48,NA,89,73,17,12,6,6,0.6,0.6
2026-08-05T2300,2528A,105.5581,30.5231,遂宁市,市监测站,,35,35,24,15,8,38,NA,116,104,30,16,7,9,0.6,0.6
2026-08-05T2300,2530A,105.5917,30.4727,遂宁市,美宁食品公司,颗粒物(PM10),51,51,24,24,12,45,NA,111,90,34,21,7,7,0.9,0.7
2026-08-05T2300,2531A,105.0703,29.61,内江市,市监测站,,39,31,28,27,19,43,NA,145,111,30,17,9,10,0.6,0.6
2026-08-05T2300,2533A,105.0657,29.5807,内江市,内江二中,,49,37,30,34,20,58,NA,134,114,25,16,8,8,0.6,0.5
2026-08-05T2300,2534A,105.0407,29.5828,内江市,内江日报社,,43,39,20,30,20,64,NA,133,114,46,14,10,7,0.4,0.4
2026-08-05T2300,2536A,103.7629,29.5844,乐山市,牛耳桥,细颗粒物(PM2.5),70,72,38,45,18,40,NA,114,90,27,15,5,7,1.0,1.2
2026-08-05T2300,2537A,103.7501,29.6002,乐山市,市第三水厂,细颗粒物(PM2.5),105,95,40,65,19,15,NA,115,82,57,18,4,5,1.2,1.1
2026-08-05T2300,2538A,103.7571,29.5664,乐山市,市监测站,,34,34,36,20,16,61,NA,116,97,18,13,4,6,0.8,1.2
2026-08-05T2300,2540A,103.8414,30.0871,眉山市,气象局,,40,40,29,27,21,26,NA,142,99,48,24,8,9,1.0,0.9
2026-08-05T2300,2544A,106.6307,30.4577,广安市,市委,,42,NA,8,29,6,61,NA,84,78,11,7,10,9,0.4,0.4
2026-08-05T2300,2545A,106.6266,30.4662,广安市,友谊中学,,30,NA,11,21,7,64,NA,87,82,11,6,11,10,0.4,0.4
2026-08-05T2300,2547A,106.6386,30.4551,广安市,广电花园,,26,22,10,18,7,54,NA,84,79,12,6,9,9,0.5,0.4
2026-08-05T2300,2549A,107.5087,31.2186,达州市,市环境监测站,,13,13,12,0,2,34,NA,63,56,15,9,6,7,0.3,0.2
2026-08-05T2300,2550A,107.4988,31.2132,达州市,凤凰小区,,14,9,8,3,3,44,NA,70,63,11,7,4,5,0.2,0.2
2026-08-05T2300,2551A,107.5081,31.1987,达州市,达县机关宾馆,,19,19,9,4,3,26,NA,67,54,28,14,4,4,0.3,0.2
2026-08-05T2300,2552A,107.4644,31.2124,达州市,市政中心,,24,24,19,1,4,32,NA,71,60,21,10,4,6,0.2,0.1
2026-08-05T2300,2555A,103.011,29.9833,雅安市,市政府,,26,26,21,13,12,71,NA,135,115,9,7,8,8,0.5,0.5
2026-08-05T2300,2556A,102.9907,29.9778,雅安市,川农大,,26,26,22,16,14,69,NA,126,110,13,6,5,5,0.5,0.5
2026-08-05T2300,2562A,104.6357,30.1508,资阳市,资阳中学,颗粒物(PM10),56,58,35,35,17,68,NA,146,115,13,10,11,9,0.4,0.4
2026-08-05T2300,2565A,104.6297,30.1259,资阳市,区法院,,42,NA,23,29,22,64,NA,138,113,22,17,6,6,0.6,0.5
2026-08-05T2300,2568A,102.2503,31.8896,阿坝藏族羌族自治州,马师校,,25,21,20,5,8,77,NA,134,123,6,4,4,4,0.3,0.3
2026-08-05T2300,2570A,101.96,30.048,甘孜藏族自治州,水桥子,,22,16,15,11,5,70,NA,95,92,20,11,3,3,0.3,0.3
2026-08-05T2300,2573A,102.2629,27.8981,凉山彝族自治州,西昌市政府,,24,24,23,12,13,69,NA,112,91,4,6,5,5,0.4,0.3
2026-08-05T2300,2574A,102.2686,27.885,凉山彝族自治州,凉山州政府,,22,22,27,14,15,64,NA,114,94,7,8,4,13,0.5,0.4
2026-08-05T2300,2577A,104.8293,26.592,六盘水市,黄土坡,,24,24,17,12,10,62,NA,97,90,13,12,4,4,0.4,0.3
2026-08-05T2300,2579A,104.8481,26.5898,六盘水市,民中,,28,23,16,19,10,71,NA,92,89,14,14,2,2,0.4,0.3
2026-08-05T2300,2580A,104.9541,26.5506,六盘水市,双水,,22,19,23,9,9,68,NA,88,86,8,10,5,6,0.4,0.4
2026-08-05T2300,2585A,109.1839,27.7344,铜仁市,铜仁卫校,,26,26,18,6,4,14,NA,55,43,14,4,2,2,0.6,0.5
2026-08-05T2300,2586A,109.1752,27.6945,铜仁市,铜仁七中,,20,20,14,8,4,15,NA,55,42,12,5,4,4,0.4,0.3
2026-08-05T2300,2587A,105.287,27.3133,毕节市,八中,,25,NA,16,17,11,33,NA,87,70,22,14,7,7,0.7,0.7
2026-08-05T2300,2588A,105.3079,27.2987,毕节市,师专,,28,28,28,18,12,41,NA,81,70,13,13,7,8,0.6,0.5
2026-08-05T2300,2589A,104.9022,25.0943,黔西南布依族苗族自治州,场坝街,,23,23,24,13,15,54,NA,108,91,21,11,5,23,0.4,0.4
2026-08-05T2300,2590A,104.8812,25.0994,黔西南布依族苗族自治州,坪东大道,,24,24,25,16,16,35,NA,108,82,25,12,4,11,0.4,0.4
2026-08-05T2300,2591A,107.9765,26.5724,黔东南苗族侗族自治州,市环境监测站,,16,11,15,11,12,37,NA,58,49,6,8,2,2,0.5,0.5
2026-08-05T2300,2593A,107.5223,26.2371,黔南布依族苗族自治州,小围寨,,15,NA,14,7,10,48,NA,70,63,4,8,3,4,0.4,0.4
2026-08-05T2300,2594A,99.1589,25.1137,保山市,市环境监测站,,20,16,16,14,7,44,NA,81,56,6,7,6,6,0.3,0.3
2026-08-05T2300,2595A,99.1616,25.1381,保山市,市环保局,,17,6,9,3,7,52,NA,83,69,3,5,5,5,0.3,0.2
2026-08-05T2300,2596A,103.7668,27.3736,昭通市,监测站,,29,29,35,14,19,92,NA,101,99,5,10,2,6,0.3,0.4
2026-08-05T2300,2599A,100.2497,26.8802,丽江市,丽江古城,,28,28,15,7,8,62,NA,96,93,10,9,8,9,0.6,0.6
2026-08-05T2300,2600A,100.2203,26.8906,丽江市,市中心,,20,18,13,10,9,62,NA,90,89,16,9,7,7,0.5,0.4
2026-08-05T2300,2601A,100.9801,22.7634,普洱市,市环保局,,30,30,22,14,10,21,NA,51,41,5,6,6,6,0.6,0.3
2026-08-05T2300,2602A,100.9763,22.8237,普洱市,普洱第二中学,,35,35,23,18,10,24,NA,58,52,8,5,6,6,0.7,0.6
2026-08-05T2300,2603A,100.0779,23.8981,临沧市,市环保局,,28,28,21,18,11,25,NA,81,59,13,11,2,3,0.8,0.6
2026-08-05T2300,2604A,100.0894,23.882,临沧市,市气象局,,38,38,25,19,13,30,NA,84,59,8,9,6,7,0.4,0.4
2026-08-05T2300,2606A,101.5379,25.0492,楚雄彝族自治州,市经济开发区,NA,NA,106,37,22,20,NA,NA,94,90,24,18,2,4,1.2,1.1
2026-08-05T2300,2610A,104.2533,23.3595,文山壮族苗族自治州,州水务局,,25,19,29,17,15,51,NA,91,79,9,11,6,8,0.3,0.4
2026-08-05T2300,2611A,104.2319,23.3892,文山壮族苗族自治州,市便民服务中心,,29,29,28,20,15,53,NA,88,78,11,14,3,5,0.4,0.5
2026-08-05T2300,2612A,100.8018,21.9995,西双版纳傣族自治州,景洪市江南,,15,13,13,10,7,24,NA,40,32,8,7,10,10,0.9,0.8
2026-08-05T2300,2613A,100.7995,22.0238,西双版纳傣族自治州,景洪市江北,,20,20,13,4,5,19,NA,32,26,4,5,14,14,0.8,0.7
2026-08-05T2300,2614A,100.2168,25.5818,大理白族自治州,大理市环境监测站,,25,25,16,14,9,31,NA,61,46,24,19,5,5,0.4,0.5
2026-08-05T2300,2615A,100.1542,25.7055,大理白族自治州,大理古城,,19,19,16,10,9,43,NA,69,57,27,17,8,8,0.8,0.7
2026-08-05T2300,2616A,98.5611,24.4273,德宏傣族景颇族自治州,德宏州监测站,,32,24,13,22,12,24,NA,64,58,13,10,10,11,0.8,0.7
2026-08-05T2300,2618A,98.859,25.8541,怒江傈僳族自治州,州监测站,,25,25,17,14,12,37,NA,63,60,11,8,5,5,0.6,0.5
2026-08-05T2300,2619A,98.8607,25.8168,怒江傈僳族自治州,泸水一中,,25,NA,20,17,14,33,NA,47,44,14,14,4,4,0.6,0.6
2026-08-05T2300,2621A,99.7054,27.8319,迪庆藏族自治州,迪庆州站,,30,16,16,14,8,96,NA,101,98,11,8,8,7,0.3,0.2
2026-08-05T2300,2622A,97.1813,31.1289,昌都市,昌都监测站,,27,18,19,4,3,84,NA,132,118,23,11,5,5,0.4,0.3
2026-08-05T2300,2624A,91.7592,29.234,山南市,山南监测站,,35,10,7,2,2,111,NA,137,130,6,4,8,8,0.3,0.3
2026-08-05T2300,2625A,91.7701,29.2436,山南市,山南人民医院,,36,8,5,6,3,114,NA,137,132,2,3,3,7,0.3,0.3
2026-08-05T2300,2626A,88.8873,29.2723,日喀则市,日喀则监测站,,25,7,6,5,3,80,NA,118,107,6,6,7,8,0.4,0.4
2026-08-05T2300,2628A,92.0653,31.4846,那曲市,那曲监测站,,36,36,30,10,12,108,NA,138,130,14,13,7,7,0.3,0.4
2026-08-05T2300,2630A,80.1171,32.4999,阿里地区,阿里监测站,,23,11,9,7,3,73,NA,113,88,8,9,4,4,0.2,0.2
2026-08-05T2300,2632A,94.3683,29.6373,林芝市,林芝监测站,,20,12,6,8,5,61,NA,87,80,7,6,4,4,0.4,0.4
2026-08-05T2300,2633A,94.3616,29.6634,林芝市,林芝人民医院,,26,NA,9,18,6,38,NA,88,75,10,7,3,3,0.4,0.4
2026-08-05T2300,2635A,107.0155,33.0707,汉中市,市监测站,,15,13,15,5,4,45,NA,68,58,5,6,4,5,0.3,0.4
2026-08-05T2300,2636A,107.0083,33.114,汉中市,鑫源开发区,,15,10,13,10,4,44,NA,70,59,7,8,5,6,0.2,0.2
2026-08-05T2300,2637A,107.0072,33.0323,汉中市,南郑大河坎水厂,,14,14,14,9,4,36,NA,66,54,9,7,4,3,0.6,0.6
2026-08-05T2300,2639A,109.7445,38.2919,榆林市,世纪广场,,17,NA,9,9,6,54,NA,74,66,17,9,8,7,0.4,0.4
2026-08-05T2300,2640A,109.729,38.2837,榆林市,实验中学,,20,8,7,8,6,63,NA,76,71,10,6,7,8,0.4,0.4
2026-08-05T2300,2641A,109.7347,38.2491,榆林市,环保监测大楼,NA,NA,17,10,8,6,NA,NA,73,NA,7,6,5,7,0.3,0.3
2026-08-05T2300,2644A,109.0088,32.6974,安康市,汉滨区检察院,,16,11,14,7,4,49,NA,53,49,6,5,2,3,0.4,0.4
2026-08-05T2300,2645A,109.9155,33.8714,商洛市,监测站,,15,14,11,10,8,19,NA,69,52,6,8,6,7,0.3,0.3
2026-08-05T2300,2647A,104.1727,36.5448,白银市,第三小学,,35,35,45,14,17,112,NA,124,120,13,20,28,24,0.7,0.8
2026-08-05T2300,2648A,104.1467,36.5482,白银市,动力公司,,43,38,37,18,16,135,NA,133,129,15,18,44,17,1.0,0.6
2026-08-05T2300,2650A,105.72058,34.57859,天水市,公园小学,,34,34,28,16,10,85,NA,103,93,7,14,12,12,0.5,0.5
2026-08-05T2300,2651A,105.89428,34.55353,天水市,麦积国土局,,30,27,23,11,10,94,NA,105,100,7,8,2,9,0.3,0.3
2026-08-05T2300,2652A,102.6203,37.925,武威市,监测站,,37,37,43,16,14,102,NA,144,129,10,14,10,12,0.3,0.3
2026-08-05T2300,2654A,100.4699,38.9525,张掖市,润泉湖,颗粒物(PM10),58,61,37,22,13,118,NA,156,143,14,11,7,7,0.3,0.3
2026-08-05T2300,2655A,100.4155,38.9422,张掖市,区工会,颗粒物(PM10),54,55,70,18,16,121,NA,170,157,12,9,7,7,0.4,0.4
2026-08-05T2300,2656A,106.6633,35.5338,平凉市,聚贤嘉苑,,40,40,27,9,13,59,NA,108,89,16,20,10,9,0.6,0.7
2026-08-05T2300,2657A,106.7021,35.5307,平凉市,博物馆,,43,43,33,11,13,48,NA,110,91,23,17,7,8,0.5,0.6
2026-08-05T2300,2661A,107.6325,35.7357,庆阳市,庆阳五中,,18,9,23,6,11,56,NA,80,62,5,5,8,5,0.4,0.5
2026-08-05T2300,2662A,107.6361,35.7067,庆阳市,市环保局,,18,10,19,4,13,56,NA,78,60,4,6,2,5,0.4,0.4
2026-08-05T2300,2669A,102.9097,34.9841,甘南藏族自治州,州政府,,33,24,32,11,13,105,NA,120,113,13,21,5,5,0.4,0.3
2026-08-05T2300,2671A,100.9016,36.9464,海北藏族自治州,海晏县西海镇,,30,25,20,21,11,82,NA,156,141,12,4,8,8,0.4,0.4
2026-08-05T2300,2672A,102.02,35.5101,黄南藏族自治州,同仁县隆务镇,,32,27,20,14,11,102,NA,139,131,1,2,7,8,0.1,0.1
2026-08-05T2300,2673A,100.6158,36.2985,海南藏族自治州,共和县恰卜恰镇,,39,31,24,15,10,123,NA,142,139,13,7,11,10,0.5,0.4
2026-08-05T2300,2674A,100.2262,34.4854,果洛藏族自治州,玛沁县大武镇,NA,NA,NA,21,18,9,NA,NA,133,NA,2,3,18,15,0.4,0.4
2026-08-05T2300,2675A,97.0386,33.0138,玉树藏族自治州,玉树县结古镇,,30,23,14,5,6,96,NA,149,136,22,12,6,6,0.4,0.3
2026-08-05T2300,2676A,97.373,37.376,海西蒙古族藏族自治州,德令哈市,,32,27,24,9,7,101,NA,154,146,3,2,11,11,0.3,0.3
2026-08-05T2300,2677A,106.1535,37.9648,吴忠市,教育园区,,29,19,26,18,12,92,NA,137,120,11,9,9,6,0.4,0.4
2026-08-05T2300,2679A,106.1851,37.9957,吴忠市,新区二泵站,,32,26,32,22,10,74,NA,152,126,29,14,69,13,0.6,0.4
2026-08-05T2300,2682A,105.1965,37.4996,中卫市,环保局站,,35,35,31,10,8,107,NA,140,130,14,10,7,4,0.5,0.5
2026-08-05T2300,2684A,106.2753,36.0057,固原市,监测站,,28,25,19,17,10,87,NA,104,101,7,8,8,8,0.3,0.3
2026-08-05T2300,2685A,106.2384,36.0189,固原市,新区,,25,16,20,2,10,79,NA,101,96,10,9,7,7,0.3,0.3
2026-08-05T2300,2686A,89.1905,42.9419,吐鲁番市,市环保局,颗粒物(PM10),70,78,78,38,22,87,NA,134,124,31,12,7,6,0.7,0.4
2026-08-05T2300,2687A,89.1674,42.9558,吐鲁番市,地区环保局,颗粒物(PM10),82,94,69,38,25,50,NA,144,124,47,17,8,8,0.6,0.4
2026-08-05T2300,2688A,93.5124,42.8176,哈密市,地区监测站,,39,25,22,8,9,123,NA,128,126,5,7,3,4,0.3,0.3
2026-08-05T2300,2689A,93.5014,42.8312,哈密市,哈密师范学校,,39,21,27,14,11,122,NA,130,126,8,13,5,6,0.2,0.2
2026-08-05T2300,2692A,87.2722,44.0298,昌吉回族自治州,新区政务中心,,39,NA,61,27,24,82,NA,121,114,16,7,7,8,0.3,0.3
2026-08-05T2300,2693A,82.0482,44.8553,博尔塔拉蒙古自治州,市党校,NA,NA,NA,24,NA,7,68,NA,125,112,5,4,4,3,NA,0.2
2026-08-05T2300,2694A,82.0805,44.8966,博尔塔拉蒙古自治州,市环保局,,49,49,27,16,7,91,NA,121,106,14,7,1,2,0.3,0.2
2026-08-05T2300,2695A,80.2899,41.1684,阿克苏地区,电视台,颗粒物(PM10),133,204,82,88,32,18,NA,108,74,74,18,4,4,1.5,0.8
2026-08-05T2300,2696A,80.2592,41.1541,阿克苏地区,艺术中心,NA,NA,NA,53,NA,37,NA,NA,109,NA,NA,22,NA,4,NA,0.4
2026-08-05T2300,2697A,76.1457,39.7143,克孜勒苏柯尔克孜自治州,市人民政府,颗粒物(PM10),117,162,44,39,16,122,NA,134,131,4,4,3,3,0.1,0.1
2026-08-05T2300,2698A,76.0071,39.466,喀什地区,巡警大队,NA,NA,NA,57,NA,15,117,NA,145,142,12,13,4,4,0.3,0.3
2026-08-05T2300,2699A,75.9756,39.4693,喀什地区,吾办,颗粒物(PM10),105,131,54,31,16,123,NA,136,134,4,5,3,5,0.4,0.4
2026-08-05T2300,2704A,81.3002,43.9177,伊犁哈萨克自治州,新政府片区,,24,21,16,16,8,74,NA,107,98,20,9,4,4,0.5,0.4
2026-08-05T2300,2705A,81.3364,43.9409,伊犁哈萨克自治州,第二水厂,,25,25,16,17,9,72,NA,122,114,21,9,5,5,0.6,0.5
2026-08-05T2300,2706A,82.9993,46.7432,塔城地区,东门外小游园,,34,34,31,9,8,99,NA,104,103,4,5,6,6,0.3,0.4
2026-08-05T2300,2708A,88.1266,47.8515,阿勒泰地区,市站,,29,29,83,8,16,66,NA,96,96,28,16,8,8,0.5,0.4
2026-08-05T2300,2709A,86.0391,44.298,石河子市,艾青诗歌馆,,44,44,80,16,15,92,NA,129,113,7,4,6,5,0.6,0.5
2026-08-05T2300,2711A,87.5352,44.1606,五家渠市,农水大厦,,30,27,92,16,35,93,NA,122,116,4,2,1,2,0.2,0.2
2026-08-05T2300,2809A,113.6668,24.7756,韶关市,大学路288号,,38,30,44,26,20,45,NA,117,89,9,10,12,19,/,/
2026-08-05T2300,2835A,101.7222,26.567,攀枝花市,四十中小,,39,37,35,27,19,48,NA,111,88,25,19,20,15,1.0,1.7
2026-08-05T2300,2842A,118.0937,24.5054,厦门市,湖里中学,,21,21,25,12,13,65,NA,118,92,7,13,2,2,0.4,0.4
2026-08-05T2300,2845A,113.1561,36.1912,长治市,德盛苑,,34,34,33,19,28,100,NA,96,96,6,7,10,10,0.9,1.2
2026-08-05T2300,2846A,113.3209,23.1323,广州市,体育西,,39,39,28,24,19,61,NA,191,159,54,39,6,6,0.7,0.6
2026-08-05T2300,2858A,117.7917,39.2473,天津市,河西一经路,,40,32,34,22,18,127,NA,153,148,12,14,4,5,0.8,0.8
2026-08-05T2300,2859A,117.3747,38.9845,天津市,津沽路,,50,43,41,35,20,130,NA,160,152,15,14,2,3,0.4,0.7
2026-08-05T2300,2860A,117.159,39.0844,天津市,宾水西道,,48,48,36,29,20,110,NA,172,143,17,12,3,3,0.3,0.3
2026-08-05T2300,2865A,112.7195,37.683,晋中市,榆次三中,,25,24,20,17,14,75,NA,109,85,6,13,12,11,0.7,0.7
2026-08-05T2300,2867A,111.1225,37.5093,吕梁市,马茂庄小学,颗粒物(PM10),53,53,28,20,9,5,NA,55,31,24,21,4,3,0.7,0.5
2026-08-05T2300,2868A,126.4737,43.953,吉林市,九站,,50,50,39,32,25,45,NA,110,79,22,13,2,3,0.5,0.9
2026-08-05T2300,2869A,119.4472,32.4156,扬州市,五台山医院,,30,30,28,17,18,60,NA,89,74,7,3,13,10,0.6,0.6
2026-08-05T2300,2870A,119.4369,32.1891,镇江市,市疾控中心,,25,23,32,17,22,73,NA,88,73,10,13,3,4,0.6,0.8
2026-08-05T2300,2871A,121.6156,29.9015,宁波市,万里国际学校,,30,30,69,19,21,50,NA,84,76,12,23,9,11,0.2,0.3
2026-08-05T2300,2872A,120.7845,30.7524,嘉兴市,南湖区残联,,42,33,31,29,22,33,NA,94,66,29,12,5,5,0.5,0.5
2026-08-05T2300,2873A,120.083,30.8929,湖州市,仁皇山新区,,45,41,36,31,29,43,NA,106,69,27,14,5,6,0.6,0.5
2026-08-05T2300,2875A,115.783962,32.889217,阜阳市,阜阳职业技术学院,,34,34,41,19,25,71,NA,112,89,9,8,4,4,0.5,0.5
2026-08-05T2300,2877A,119.1638,36.6524,潍坊市,坊子邮政,,46,46,31,22,12,96,NA,126,110,24,19,10,8,0.3,0.3
2026-08-05T2300,2880A,104.0219,30.6561,成都市,大石西路,细颗粒物(PM2.5),60,49,51,40,37,35,NA,176,116,38,23,3,6,0.8,0.5
2026-08-05T2300,2881A,107.8909,26.531,黔东南苗族侗族自治州,凯里学院,,12,NA,15,8,11,36,NA,69,56,8,8,2,3,0.5,0.5
2026-08-05T2300,2882A,102.5388,24.3703,玉溪市,玉溪一中,,30,30,30,16,14,55,NA,112,98,24,13,4,4,0.3,0.3
2026-08-05T2300,2883A,102.5382,24.339,玉溪市,文体中心,,33,30,27,23,14,53,NA,112,102,23,12,5,6,0.5,0.4
2026-08-05T2300,2884A,98.2672,39.7978,嘉峪关市,酒钢宾馆,颗粒物(PM10),51,51,46,15,13,120,NA,142,137,19,20,8,15,0.4,0.6
2026-08-05T2300,2885A,104.9344,33.3827,陇南市,滨江中学,,29,29,25,12,8,74,NA,105,95,7,6,7,8,0.4,0.5
2026-08-05T2300,2894A,117.0561,32.6536,淮南市,经济技术开发区消防队,,21,21,28,14,24,64,NA,101,80,17,11,9,10,0.4,0.6
2026-08-05T2300,2897A,123.2429,41.7341,沈阳市,沈辽西路,,46,46,43,24,24,59,NA,125,97,24,12,2,3,0.6,0.8
2026-08-05T2300,2900A,123.5951,41.9085,沈阳市,裕农路,,42,32,35,29,22,54,NA,137,94,29,13,5,6,0.6,0.6
2026-08-05T2300,2902A,106.6347,30.4868,广安市,北辰小学,,25,17,16,17,9,70,NA,83,79,12,9,8,8,0.4,0.3
2026-08-05T2300,2907A,120.1846,30.8592,湖州市,吴兴区站,细颗粒物(PM2.5),52,36,32,36,28,45,NA,101,73,19,9,6,6,0.5,0.5
2026-08-05T2300,2919A,116.7022,39.5454,廊坊市,河北工业大学,,50,50,34,32,21,159,NA,184,179,8,7,2,2,0.5,0.4
2026-08-05T2300,2920A,117.71,24.5048,漳州市,蓝田镇,,27,27,41,16,25,78,NA,131,112,10,17,6,8,0.3,0.4
2026-08-05T2300,2921A,120.5482,30.0003,绍兴市,树下王站,,42,35,31,29,22,67,NA,111,85,7,5,5,4,0.5,0.5
2026-08-05T2300,2922A,117.194,39.1069,天津市,大理道,,48,48,37,31,22,132,NA,186,162,15,11,2,2,0.5,0.6
2026-08-05T2300,2924A,106.2266,38.4417,银川市,水乡路,,47,47,44,11,11,122,NA,181,146,7,13,4,9,0.3,0.4
2026-08-05T2300,2925A,106.2758,38.4841,银川市,上海东路,,41,41,25,10,9,124,NA,182,145,9,14,7,10,0.4,0.4
2026-08-05T2300,2926A,106.1016,38.4971,银川市,文昌北街,,34,34,40,13,12,104,NA,168,140,10,19,4,7,0.4,0.6
2026-08-05T2300,2929A,114.8858,30.4519,黄冈市,红卫路,,37,16,26,11,22,117,NA,168,140,3,8,6,7,0.5,0.5
2026-08-05T2300,2996A,118.2781,33.9658,宿迁市,市供电局,,43,NA,31,30,19,80,NA,104,96,10,7,2,2,0.4,0.5
2026-08-05T2300,2997A,119.8767,32.3291,泰州市,王营,,33,NA,19,23,17,61,NA,78,73,5,2,9,8,0.5,0.5
2026-08-05T2300,3000A,119.3577,34.6971,连云港市,德源药业,NA,NA,39,31,9,14,58,NA,103,80,NA,18,3,4,0.4,0.6
2026-08-05T2300,3002A,119.9701,31.813,常州市,行政中心,,30,30,33,20,20,55,NA,88,58,16,13,6,7,0.3,0.5
2026-08-05T2300,3003A,120.0434,31.7726,常州市,经开区,,40,40,36,23,21,40,NA,88,47,34,21,7,6,0.8,0.7
2026-08-05T2300,3004A,120.1543,33.3664,盐城市,宝龙广场,,16,12,21,4,10,50,NA,89,74,4,3,8,8,0,0.2
2026-08-05T2300,3005A,117.1812,34.29,徐州市,鼓楼区政府,,29,27,29,19,20,92,NA,112,108,11,11,6,6,0.6,0.8
2026-08-05T2300,3006A,117.1693,34.1781,徐州市,铜山区招生办,,39,39,32,20,19,83,NA,120,112,10,4,6,7,0.6,0.6
2026-08-05T2300,3007A,119.178,34.8442,连云港市,新城一中,,20,NA,18,14,12,50,NA,86,73,23,7,7,6,0.4,0.5
2026-08-05T2300,3008A,119.3607,34.7519,连云港市,胡沟管理处,,41,41,20,17,10,11,NA,121,69,78,24,14,8,0.6,0.5
2026-08-05T2300,3009A,119.1478,34.5913,连云港市,矿山设计院,,22,19,22,12,14,68,NA,118,100,11,7,2,3,0.3,0.7
2026-08-05T2300,3010A,119.8919,31.7892,常州市,钟楼,,39,30,38,27,27,52,NA,101,67,20,15,6,7,0.7,0.4
2026-08-05T2300,3012A,112.1849,31.0361,荆门市,西山林语,,23,19,29,12,17,72,NA,93,78,4,6,7,9,0.5,0.6
2026-08-05T2300,3014A,106.4958,29.5347,重庆市,歇台子,,33,33,28,8,13,67,NA,156,129,30,17,8,8,0.6,0.6
2026-08-05T2300,3015A,106.4067,29.5729,重庆市,龙井湾,,31,16,21,6,12,97,NA,145,121,14,13,8,8,0.7,0.8
2026-08-05T2300,3016A,106.5506,29.415,重庆市,龙洲湾,,31,31,26,9,14,87,NA,164,139,14,16,6,7,0.4,0.5
2026-08-05T2300,3018A,111.5048,36.1015,临汾市,唐尧大酒店,颗粒物(PM10),66,72,60,22,20,53,NA,120,100,16,12,6,6,1.3,1
2026-08-05T2300,3020A,117.2096,39.1698,天津市,中山北路,,46,46,42,27,21,129,NA,179,158,8,12,3,3,0.6,0.7
2026-08-05T2300,3021A,115,35.7667,濮阳市,濮水河管理处,,30,22,25,18,20,94,NA,122,115,10,9,1,2,0.7,0.7
2026-08-05T2300,3025A,113.0479,23.6343,清远市,技师学院,,41,41,22,25,13,38,NA,137,110,33,18,5,6,0.5,0.3
2026-08-05T2300,3026A,116.6179,23.6608,潮州市,市政府,颗粒物(PM10),60,64,50,20,30,94,NA,114,112,11,10,4,5,0.6,0.6
2026-08-05T2300,3028A,104.7765,29.3623,自贡市,檀木林体育馆,,33,33,24,21,12,102,NA,139,127,11,10,6,6,0.7,0.6
2026-08-05T2300,3033A,87.4652,43.4569,乌鲁木齐市,培训基地,NA,NA,17,40,10,17,113,NA,134,132,7,5,7,7,NA,0.2
2026-08-05T2300,3034A,113.1076,41.0385,乌兰察布市,光明街小学,,22,22,33,11,15,56,NA,83,66,10,11,6,6,0.3,0.5
2026-08-05T2300,3036A,118.6903,37.4337,东营市,开发区管委会,,41,22,26,8,10,131,NA,159,148,11,18,9,13,0.5,0.6
2026-08-05T2300,3038A,103.3757,23.3679,红河哈尼族彝族自治州,州图书馆,,25,25,29,14,21,60,NA,91,82,4,6,5,10,0.4,0.4
2026-08-05T2300,3039A,111.1911,34.7829,三门峡市,三门峡市第一小学,,16,15,26,6,17,50,NA,102,78,10,13,6,6,0.6,0.6
2026-08-05T2300,3045A,109.9647,33.8486,商洛市,商州区中学,,26,26,15,13,9,16,NA,77,60,13,10,4,5,0.4,0.3
2026-08-05T2300,3046A,115.9084,28.6062,南昌市,机电学校,,28,22,44,13,29,89,NA,143,118,11,12,8,6,0.9,0.8
2026-08-05T2300,3048A,119.5799,26.0937,福州市,九龙,,16,15,20,3,12,49,NA,100,80,9,8,6,6,0.4,0.4
2026-08-05T2300,3051A,117.385,39.1483,天津市,西四道,细颗粒物(PM2.5),62,61,45,41,23,119,NA,194,143,26,22,2,2,1.4,1
2026-08-05T2300,3054A,113.9194,35.2847,新乡市,市委党校,,39,37,24,27,18,90,NA,126,117,19,9,4,5,0.6,0.6
2026-08-05T2300,3055A,101.7775,36.643,西宁市,城北区政府,NA,NA,NA,29,NA,16,NA,NA,158,147,39,20,10,16,1.0,1.2
2026-08-05T2300,3057A,121.5989,37.4016,烟台市,牟平检察院,,24,24,12,14,8,69,NA,112,77,12,9,7,7,0.3,0.3
2026-08-05T2300,3058A,119.2656,42.0356,赤峰市,银河街,,36,33,27,25,17,59,NA,96,77,15,14,8,13,0.5,0.6
2026-08-05T2300,3059A,117.7181,36.205,济南市,泰兴公司,颗粒物(PM10),58,61,41,8,2,48,NA,146,115,47,22,9,13,0.3,0.6
2026-08-05T2300,3061A,119.7511,49.1576,呼伦贝尔市,国华电力东,颗粒物(PM10),61,65,24,20,17,40,NA,95,78,20,10,4,5,0.3,0.2
2026-08-05T2300,3064A,117.6861,36.2172,济南市,莱芜战役纪念馆,,48,48,36,32,18,138,NA,146,136,16,17,8,9,0.4,0.7
2026-08-05T2300,3065A,101.9534,29.9976,甘孜藏族自治州,州环保局,,20,17,18,11,6,64,NA,84,79,20,19,4,4,0.6,0.5
2026-08-05T2300,3066A,116.2722,37.438,德州市,九衢泉纯净水厂,细颗粒物(PM2.5),54,NA,35,37,20,122,NA,188,146,14,18,12,12,0.5,0.5
2026-08-05T2300,3109A,115.0094,25.8614,赣州市,赣县区卫计委,,37,37,25,17,11,18,NA,93,63,32,14,2,3,0.5,0.4
2026-08-05T2300,3123A,105.9408,26.2431,安顺市,凤凰山,,42,42,20,18,12,70,NA,92,86,12,8,19,8,0.5,0.5
2026-08-05T2300,3124A,105.9443,26.2567,安顺市,金钟山,,34,34,15,18,12,56,NA,93,84,18,7,15,9,0.6,0.5
2026-08-05T2300,3125A,105.8983,26.248,安顺市,娄家坡,,26,20,14,18,13,73,NA,93,88,10,7,14,10,0.4,0.4
2026-08-05T2300,3131A,114.878,40.7992,张家口市,烟厂,,37,37,27,16,13,37,NA,100,65,14,9,/,/,/,/
2026-08-05T2300,3132A,119.5979,39.938,秦皇岛市,文明里,颗粒物(PM10),53,53,47,21,23,86,NA,151,116,14,5,7,8,0.4,0.4
2026-08-05T2300,3133A,106.5469,29.5655,重庆市,上清寺,,22,19,19,14,14,69,NA,151,124,22,19,9,10,0.7,0.8
2026-08-05T2300,3134A,113.8172,34.0339,许昌市,市一中,NA,NA,19,40,16,22,105,NA,150,134,NA,13,2,2,0.4,0.5
2026-08-05T2300,3136A,104.2724,30.559,成都市,龙泉驿区区政府,,35,NA,32,24,29,111,NA,138,118,8,9,2,6,0.7,0.8
2026-08-05T2300,3138A,111.7152,29.0288,常德市,武陵区永安,,18,13,16,5,11,55,NA,85,76,6,4,7,7,0.6,0.6
2026-08-05T2300,3139A,111.6891,28.9881,常德市,鼎城区玉霞,,17,13,16,8,9,54,NA,89,80,10,6,8,10,0.6,0.8
2026-08-05T2300,3140A,111.6651,29.0526,常德市,武陵区长庚,,18,7,17,6,12,56,NA,87,80,6,4,7,9,0.6,0.6
2026-08-05T2300,3141A,114.3921,36.0879,安阳市,信访局,,45,40,28,31,22,115,NA,151,140,10,6,3,3,0.1,0.3
2026-08-05T2300,3147A,114.3434,34.8101,开封市,龙亭公园,,39,39,44,22,24,97,NA,142,124,10,8,4,4,0.5,0.6
2026-08-05T2300,3148A,103.829,30.0563,眉山市,区人社局,,38,38,41,12,19,42,NA,134,100,48,23,8,10,0.8,0.8
2026-08-05T2300,3149A,115.0174,30.1591,黄石市,笔架山北路,颗粒物(PM10),65,70,54,22,24,89,NA,160,120,10,8,6,7,0.6,0.7
2026-08-05T2300,3151A,114.375,27.8096,宜春市,宜春学院北校区,,33,33,40,18,23,48,NA,126,83,12,8,7,7,1.2,0.7
2026-08-05T2300,3153A,114.3876,30.4908,武汉市,民族大道182号,,33,33,43,21,30,104,NA,177,151,16,16,5,6,0.6,0.8
2026-08-05T2300,3164A,119.4682,32.394,扬州市,广陵建设局,,40,40,31,20,17,58,NA,84,65,14,8,11,10,0.3,0.3
2026-08-05T2300,3171A,115.6069,34.4465,商丘市,梁园区档案局,,42,42,37,27,22,86,NA,126,107,14,8,2,3,0.5,0.5
2026-08-05T2300,3173A,117.0598,30.5351,安庆市,市人大,,20,13,29,10,23,63,NA,154,103,6,7,5,7,0.6,0.7
2026-08-05T2300,3178A,119.0587,36.7209,潍坊市,潍坊七中,,41,41,24,12,13,86,NA,140,119,14,10,3,3,0.5,0.4
2026-08-05T2300,3179A,102.7491,25.012,昆明市,官渡区博物馆,,26,26,29,9,14,35,NA,93,67,31,29,3,5,0.5,0.5
2026-08-05T2300,3180A,99.7122,27.8129,迪庆藏族自治州,质量技术监督局,,31,NA,18,14,8,99,NA,100,97,11,10,5,5,0.3,0.3
2026-08-05T2300,3181A,106.776805,31.852614,巴中市,市五中,,18,14,12,12,5,24,NA,75,58,12,7,9,9,0.5,0.4
2026-08-05T2300,3183A,106.7419,31.8654,巴中市,圣泉水务公司,,26,NA,14,18,6,18,NA,82,58,26,10,10,10,0.6,0.6
2026-08-05T2300,3187A,116.9508,33.666,宿州市,远航博物馆,,49,36,31,34,24,50,NA,77,70,16,10,6,6,0.8,0.7
2026-08-05T2300,3188A,115.6684,37.7216,衡水市,市城管局,,32,32,25,21,13,91,NA,140,131,9,7,3,4,0.5,0.4
2026-08-05T2300,3190A,116.0254,29.6995,九江市,外国语学校,NA,NA,15,34,5,25,NA,NA,170,NA,10,13,3,11,0.4,0.7
2026-08-05T2300,3191A,118.3243,33.95,宿迁市,宿豫区政府,,35,35,28,22,18,77,NA,102,92,12,9,4,4,0.6,0.5
2026-08-05T2300,3192A,80.0906,32.5029,阿里地区,阿里藏医院,,22,8,7,4,3,69,NA,114,90,16,7,7,7,0.3,0.2
2026-08-05T2300,3194A,112.2749,30.3124,荆州市,管委会,,19,12,24,6,17,59,NA,99,83,8,7,4,6,0.4,0.5
2026-08-05T2300,3195A,119.3649,32.3961,扬州市,市体育局,,30,27,30,21,18,51,NA,84,66,3,2,5,4,0.3,0.3
2026-08-05T2300,3200A,115.9772,36.4986,聊城市,监控中心,细颗粒物(PM2.5),58,45,36,39,23,79,NA,165,128,18,10,8,9,0.5,0.4
2026-08-05T2300,3206A,114.9148,27.8069,新余市,新钢沁园村,,38,38,39,24,23,91,NA,135,118,7,10,6,9,0.6,0.5
2026-08-05T2300,3207A,118.31131,32.3033,滁州市,市政府原办公楼,,42,NA,27,29,34,68,NA,126,88,14,10,7,7,0.4,0.4
2026-08-05T2300,3208A,112.7279,38.4157,忻州市,市政府,,27,27,25,13,13,36,NA,85,56,21,15,4,3,0.6,0.7
2026-08-05T2300,3209A,119.5231,26.6562,宁德市,宁德一中,,23,NA,22,16,17,61,NA,110,81,6,7,11,12,0.5,0.5
2026-08-05T2300,3210A,114.3645,34.7955,开封市,汴京公园,,31,31,42,20,29,98,NA,145,124,14,13,3,4,0.4,0.4
2026-08-05T2300,3216A,117.662,24.5187,漳州市,漳州党校,,42,42,48,22,30,81,NA,133,118,10,16,/,/,/,/
2026-08-05T2300,3237A,117.4918,30.6617,池州市,展览馆,,18,17,30,9,19,56,NA,134,90,10,9,3,4,0.5,0.5
2026-08-05T2300,3241A,103.7439,36.0841,兰州市,百合公园,,43,43,48,17,16,90,NA,152,112,21,30,8,10,0.3,0.6
2026-08-05T2300,3242A,103.9613,35.9985,兰州市,和平,,31,26,29,18,14,99,NA,146,121,11,11,9,9,0.2,0.2
2026-08-05T2300,3247A,104.9551,33.3709,陇南市,市总工会,,25,25,24,5,8,80,NA,104,95,3,4,6,6,0.5,0.5
2026-08-05T2300,3248A,98.2644,39.7723,嘉峪关市,雄关区,,48,48,40,18,12,112,NA,148,137,17,16,4,5,0.2,0.3
2026-08-05T2300,3265A,121.4242,31.3303,上海市,宝山庙行,,29,26,28,20,22,72,NA,76,75,10,20,4,4,0.3,0.3
2026-08-05T2300,3266A,121.8789,31.4662,上海市,崇明上实东滩,,26,21,26,18,21,76,NA,93,91,3,3,6,7,0.4,0.4
2026-08-05T2300,3268A,121.316,31.2839,上海市,嘉定南翔,,31,31,29,20,22,78,NA,81,76,12,18,5,6,0.3,0.3
2026-08-05T2300,3269A,121.3357,30.7455,上海市,金山新城,,35,31,31,24,24,78,NA,85,82,8,9,4,4,0.6,0.6
2026-08-05T2300,3270A,121.4996,31.0741,上海市,闵行浦江,,39,39,31,27,21,76,NA,78,76,9,13,6,6,0.6,0.6
2026-08-05T2300,3271A,121.2886,31.1663,上海市,青浦徐泾,,32,30,30,22,23,68,NA,78,72,9,7,6,6,0.5,0.5
2026-08-05T2300,3272A,121.2193,31.0382,上海市,松江图书馆,,40,32,30,28,23,74,NA,86,67,9,13,6,6,0.8,0.8
2026-08-05T2300,3273A,121.3904,31.206,上海市,长宁仙霞,,38,28,30,26,22,73,NA,73,72,8,9,7,8,0.3,0.3
2026-08-05T2300,3274A,121.7964,31.0507,上海市,浦东惠南,,30,29,27,21,21,81,NA,86,86,6,13,9,9,0.6,0.6
2026-08-05T2300,3282A,113.3399,40.0586,大同市,大同市卫生学校,,25,NA,20,17,9,37,NA,82,64,23,12,6,7,0.7,0.6
2026-08-05T2300,3283A,109.9154,40.5684,包头市,滨河大厦,,16,14,25,11,16,48,NA,95,75,15,17,7,11,0.5,0.7
2026-08-05T2300,3284A,106.8129,39.7274,乌海市,海北新区,,33,24,38,4,11,104,NA,121,111,16,16,10,14,0.4,0.4
2026-08-05T2300,3285A,113.1383,40.9513,乌兰察布市,北京八中,,22,22,29,7,10,19,NA,79,59,37,12,2,6,0.5,0.3
2026-08-05T2300,3286A,118.9359,42.3146,赤峰市,桥北物流园区,,18,16,12,10,7,56,NA,110,89,6,5,4,4,0.5,0.5
2026-08-05T2300,3287A,119.3842,32.198,镇江市,富润路1号,,29,26,31,20,26,74,NA,100,76,9,9,10,11,0.5,0.5
2026-08-05T2300,3288A,117.4619,34.4368,徐州市,大泉街道,,33,33,28,20,19,101,NA,118,114,3,7,8,9,0.4,0.4
2026-08-05T2300,3289A,120.7431,31.3188,苏州市,方洲路,,28,28,30,19,22,38,NA,81,54,25,19,7,8,1.0,0.8
2026-08-05T2300,3290A,120.4979,31.2777,苏州市,木渎中学,,33,30,28,23,23,56,NA,97,76,20,13,6,5,0.8,0.6
2026-08-05T2300,3291A,121.0631,32.0644,南通市,通州监测站,,24,14,23,10,14,74,NA,94,89,2,2,7,7,0.7,0.7
2026-08-05T2300,3293A,120.1518,33.3369,盐城市,月亮广场,,18,12,21,8,16,57,NA,93,79,1,2,8,8,0.3,0.3
2026-08-05T2300,3294A,119.565282,32.422263,扬州市,引江管理处,,28,28,29,18,20,59,NA,80,71,7,3,1,1,0.7,0.7
2026-08-05T2300,3295A,120.1226,32.515,泰州市,姜堰区政府广场,,26,24,23,18,16,71,NA,89,87,6,4,11,10,0.6,0.6
2026-08-05T2300,3298A,113.5718,23.5493,广州市,从化街口,,25,25,27,13,17,8,NA,76,43,23,16,8,10,0.7,0.6
2026-08-05T2300,3299A,113.3463,23.369,广州市,白云竹料,,39,39,30,24,19,23,NA,108,90,35,24,3,4,0.8,0.7
2026-08-05T2300,3300A,113.2981,23.2365,广州市,白云嘉禾,NA,NA,50,32,34,18,NA,NA,159,142,63,30,5,9,/,/
2026-08-05T2300,3301A,113.4256,23.1716,广州市,黄埔科学城,,39,39,27,26,17,22,NA,144,94,38,21,8,8,1.1,0.8
2026-08-05T2300,3302A,113.3942,23.0485,广州市,番禺大学城,,23,23,30,13,21,62,NA,212,157,30,38,7,8,0.4,0.5
2026-08-05T2300,3303A,113.4923,22.8169,广州市,南沙黄阁,,27,27,44,14,26,70,NA,213,156,21,38,8,8,/,/
2026-08-05T2300,3304A,113.534,22.7893,广州市,南沙街,,33,33,32,15,20,62,NA,180,116,21,30,11,11,0.7,0.7
2026-08-05T2300,3305A,114.0614,22.556,深圳市,莲花,,17,17,20,9,10,54,NA,59,54,10,18,/,/,/,/
2026-08-05T2300,3306A,114.0144,22.6163,深圳市,民治,,23,22,30,16,13,70,NA,88,73,20,37,/,/,/,/
2026-08-05T2300,3307A,114.1756,22.6421,深圳市,横岗,,26,26,23,18,13,54,NA,108,85,36,26,/,/,/,/
2026-08-05T2300,3308A,113.3493,22.0572,珠海市,金湾,,22,20,16,15,10,66,NA,106,95,7,8,/,/,0.4,0.3
2026-08-05T2300,3311A,113.1077,22.5647,江门市,江海富民,,33,33,36,15,16,58,NA,131,98,20,23,/,/,0.2,0.3
2026-08-05T2300,3313A,112.4572,23.0163,肇庆市,高要湖西,,33,33,27,13,20,65,NA,155,125,12,17,6,6,0.6,0.6
2026-08-05T2300,3314A,114.4334,22.8134,惠州市,惠阳秋长,,22,17,29,8,14,70,NA,139,112,11,16,/,/,/,/
2026-08-05T2300,3315A,116.1234,24.2994,梅州市,梅龙,,41,41,27,25,20,90,NA,96,89,13,9,12,9,0.6,0.5
2026-08-05T2300,3317A,111.9785,21.8954,阳江市,两阳中学,,26,24,9,18,9,22,NA,42,32,26,11,/,/,0.5,0.3
2026-08-05T2300,3318A,112.9898,23.7403,清远市,清新太和,,29,23,26,10,13,92,NA,126,113,8,10,5,5,0.4,0.5
2026-08-05T2300,3319A,113.7283,23.041,东莞市,万江金泰,,46,46,33,30,22,58,NA,139,116,29,25,6,5,0.9,0.8
2026-08-05T2300,3320A,116.4028,23.5699,揭阳市,曲溪,,33,33,50,18,36,74,NA,139,96,10,16,3,6,0.9,0.8
2026-08-05T2300,3323A,115.2772,40.9723,张家口市,青少年活动中心,,26,NA,15,18,10,22,NA,71,51,8,6,2,6,0.2,0.2
2026-08-05T2300,3324A,116.8011,38.294,沧州市,河北水利电力学院,细颗粒物(PM2.5),60,NA,25,40,21,162,NA,166,161,10,10,2,3,0.4,0.4
2026-08-05T2300,3325A,117.0362,39.3827,天津市,雍阳西道,细颗粒物(PM2.5),62,63,45,41,27,87,NA,190,159,21,12,4,5,1.0,0.7
2026-08-05T2300,3326A,117.0291,39.0612,天津市,辛老路,颗粒物(PM10),56,58,39,23,20,86,NA,179,153,39,12,3,3,0.7,0.7
2026-08-05T2300,3327A,116.9638,38.9374,天津市,地纬路,细颗粒物(PM2.5),70,64,35,45,19,86,NA,168,133,35,15,3,4,0.9,0.8
2026-08-05T2300,3328A,118.4209,31.3704,芜湖市,市气象局,,45,33,34,31,30,88,NA,122,110,8,4,8,8,0.6,0.5
2026-08-05T2300,3329A,117.011,32.5891,淮南市,山南新区,,22,NA,32,13,22,69,NA,104,90,9,9,13,14,0.3,0.3
2026-08-05T2300,3331A,118.3268,32.2633,滁州市,图书馆,,28,28,39,19,23,62,NA,122,84,11,8,8,8,0.5,0.5
2026-08-05T2300,3332A,115.7631,33.803,亳州市,亳州学院,,35,33,29,24,26,83,NA,116,98,6,5,1,2,0.6,0.6
2026-08-05T2300,3333A,117.5626,30.695,池州市,第八中学,,18,18,33,9,18,43,NA,124,75,9,10,4,5,0.6,0.6
2026-08-05T2300,3334A,117.5037,30.6242,池州市,第十二中学,,23,23,34,10,19,31,NA,137,72,18,12,4,6,1.0,0.8
2026-08-05T2300,3335A,113.3137,35.2643,焦作市,马村街道办,NA,NA,40,30,25,19,NA,NA,125,NA,7,8,5,5,0.5,0.4
2026-08-05T2300,3336A,113.2464,35.2374,焦作市,焦作技师学院,,36,34,37,25,20,92,NA,124,112,7,8,6,6,0.4,0.5
2026-08-05T2300,3337A,113.8611,34.0443,许昌市,许昌学院,,36,36,41,20,24,99,NA,150,129,9,12,2,3,0.3,0.4
2026-08-05T2300,3338A,113.8428,34.0825,许昌市,芙蓉广场,,33,23,38,19,26,105,NA,155,134,6,12,3,4,0.4,0.5
2026-08-05T2300,3339A,114.0002,33.0404,驻马店市,小管楼,,49,46,40,34,26,72,NA,142,119,20,19,4,4,0.3,0.3
2026-08-05T2300,3340A,112.6005,34.6323,洛阳市,伊滨,,42,30,33,29,20,73,NA,126,112,12,8,6,7,0.5,0.5
2026-08-05T2300,3341A,112.495,34.6338,洛阳市,中移产业园,,41,41,32,18,20,82,NA,125,112,10,7,8,9,0.5,0.5
2026-08-05T2300,3342A,128.7948,47.7291,伊春市,中心小学,,22,22,14,12,10,15,NA,71,40,8,6,4,4,0.6,0.6
2026-08-05T2300,3343A,128.6736,47.729,伊春市,检察院,,16,16,15,11,9,19,NA,67,44,3,3,2,2,0.5,0.4
2026-08-05T2300,3345A,131.0413,45.7795,七台河市,中波台,,29,NA,10,20,18,22,NA,74,45,22,13,9,9,0.5,0.5
2026-08-05T2300,3346A,108.3871,31.1627,重庆市,安康,,18,18,13,7,7,30,NA,57,50,8,6,8,8,0.4,0.4
2026-08-05T2300,3347A,105.8983,29.36,重庆市,北山路,,40,40,28,16,17,105,NA,149,135,14,13,8,8,0.7,0.7
2026-08-05T2300,3350A,106.648859,29.023807,重庆市,滩子口,,39,39,25,26,14,63,NA,131,114,16,12,10,16,0.4,0.3
2026-08-05T2300,3351A,105.7164,29.7077,重庆市,棠香,,24,21,23,12,14,75,NA,117,108,16,15,7,5,0.5,0.5
2026-08-05T2300,3352A,107.0733,29.8618,重庆市,桃源西路,,36,36,20,4,7,57,NA,80,76,6,9,8,8,0.5,0.5
2026-08-05T2300,3353A,107.3536,29.7283,重庆市,迎宾大道,,22,22,17,7,8,63,NA,93,75,7,12,2,2,0.3,0.4
2026-08-05T2300,3354A,108.8152,29.5079,重庆市,舟白,,13,13,12,2,3,31,NA,51,43,2,2,7,8,0.3,0.2
2026-08-05T2300,3355A,108.3679,30.8429,重庆市,周家坝,,21,21,14,3,5,47,NA,68,63,9,7,10,10,0.4,0.4
2026-08-05T2300,3356A,108.4323,30.7554,重庆市,百安坝,,23,23,20,4,4,40,NA,64,58,18,10,5,6,0.3,0.3
2026-08-05T2300,3357A,104.0028,30.6891,成都市,金博路,,40,NA,41,28,33,46,NA,183,132,44,21,8,10,1.0,0.8
2026-08-05T2300,3359A,104.056,30.5228,成都市,华阳,细颗粒物(PM2.5),58,44,40,39,32,82,NA,154,136,22,13,2,2,1.1,1
2026-08-05T2300,3360A,104.7894,29.3197,自贡市,南湖救助站,颗粒物(PM10),68,74,44,42,18,70,NA,136,117,28,11,5,6,0.8,0.8
2026-08-05T2300,3361A,103.7313,29.563,乐山市,理工大学,细颗粒物(PM2.5),60,52,34,40,16,54,NA,122,95,23,13,4,6,0.8,1.1
2026-08-05T2300,3363A,117.9883,36.8372,淄博市,新区,,34,34,34,12,7,56,NA,187,149,28,23,9,9,0.6,0.8
2026-08-05T2300,3364A,117.316,34.8106,枣庄市,市环保局,,33,32,27,17,15,105,NA,124,121,12,11,6,12,0.4,0.3
2026-08-05T2300,3365A,118.5721,37.5654,东营市,垦利区民丰路,,33,31,22,13,9,105,NA,127,109,14,14,8,10,0.5,0.6
2026-08-05T2300,3366A,121.5202,37.4336,烟台市,中国农业大学,,18,14,13,12,8,44,NA,118,86,18,11,7,8,0.5,0.5
2026-08-05T2300,3368A,119.1978,36.6871,潍坊市,高新实验学校,,39,39,31,13,12,80,NA,125,107,14,12,1,2,0.6,0.6
2026-08-05T2300,3370A,118.3563,35.0215,临沂市,十里堡居委,,33,31,21,23,16,76,NA,112,100,20,17,10,12,0.7,0.8
2026-08-05T2300,3371A,116.3693,37.44,德州市,开发区人民医院,细颗粒物(PM2.5),54,48,29,37,18,42,NA,177,144,62,13,9,9,0.7,0.6
2026-08-05T2300,3374A,115.5562,35.089,菏泽市,定陶老年大学,细颗粒物(PM2.5),58,46,35,39,26,89,NA,122,118,11,11,6,7,0.5,0.4
2026-08-05T2300,3375A,102.8016,24.8336,昆明市,青年创业园,,22,19,25,15,15,27,NA,118,76,34,18,6,5,0.5,0.6
2026-08-05T2300,3376A,103.7926,25.4651,曲靖市,南苑二区,,24,24,25,11,15,42,NA,96,76,30,20,4,4,0.4,0.5
2026-08-05T2300,3377A,103.7442,25.5259,曲靖市,曲靖师范学院,,43,43,28,10,14,28,NA,88,68,21,23,3,5,0.6,0.8
2026-08-05T2300,3379A,122.1122,40.2275,营口市,鲅鱼圈市民活动中心,细颗粒物(PM2.5),84,76,31,52,20,46,NA,127,109,47,12,8,8,0.7,0.6
2026-08-05T2300,3380A,102.8915,34.9618,甘南藏族自治州,甘肃民族师范学院,,41,NA,38,17,17,130,NA,128,120,9,26,5,5,0.3,0.3
2026-08-05T2300,3396A,112.0764,32.0089,襄阳市,襄城隆中路,,20,20,23,8,16,47,NA,106,63,18,13,7,9,0.5,0.6
2026-08-05T2300,3397A,112.1154,32.103,襄阳市,高新台子湾,,20,20,23,12,16,40,NA,106,60,20,15,7,7,0.5,0.5
2026-08-05T2300,3398A,114.9134,30.4446,黄冈市,市林业局,,36,13,29,10,20,113,NA,163,139,5,10,4,5,0.4,0.5
2026-08-05T2300,3399A,112.6703,26.8817,衡阳市,师范学院,,17,17,22,10,14,41,NA,76,45,7,9,10,12,0.5,0.7
2026-08-05T2300,3400A,109.1844,21.4396,北海市,龙潭自来水厂,,14,10,12,3,5,42,NA,68,59,3,4,3,3,0.4,0.5
2026-08-05T2300,3401A,108.4829,22.762,南宁市,红星社区,,17,17,14,10,6,27,NA,63,49,10,6,6,6,0.7,0.7
2026-08-05T2300,3402A,109.5422,24.3994,柳州市,市二中,,32,27,16,22,9,23,NA,49,41,7,7,13,8,0.6,0.5
2026-08-05T2300,3404A,108.5959,21.9634,钦州市,北职校,,17,6,14,5,9,52,NA,54,45,6,6,4,4,0.5,0.5
2026-08-05T2300,3405A,109.5886,23.1172,贵港市,新世纪学校,,19,NA,12,13,9,28,NA,64,44,12,9,/,/,0.6,0.6
2026-08-05T2300,3407A,120.6915,30.7741,嘉兴市,秀洲住建,细颗粒物(PM2.5),121,NA,27,83,56,25,NA,95,62,32,12,3,4,0.5,0.5
2026-08-05T2300,3408A,120.5685,29.936,绍兴市,绍兴中专,NA,NA,42,32,22,22,NA,NA,114,62,NA,10,NA,5,0.8,0.8
2026-08-05T2300,3409A,120.4905,30.086,绍兴市,柯桥区政府,,42,39,34,29,23,66,NA,117,79,12,12,6,6,0.8,0.8
2026-08-05T2300,3410A,120.8751,30.0249,绍兴市,重华小学,细颗粒物(PM2.5),58,52,34,39,29,54,NA,112,76,14,11,11,12,0.8,0.7
2026-08-05T2300,3411A,120.837,30.0137,绍兴市,上虞中学,,49,44,34,34,25,66,NA,90,82,6,5,9,8,0.4,0.4
2026-08-05T2300,3416A,119.1758,36.7139,潍坊市,潍坊学院,,36,36,32,15,13,67,NA,129,96,59,22,8,7,0.5,0.4
2026-08-05T2300,3418A,116.8336,40.4095,北京市,密云新城,,30,30,28,21,17,40,NA,168,129,6,5,1,1,0.5,0.5
2026-08-05T2300,3419A,109.9449,40.6259,包头市,包头市委党校,,22,22,23,13,15,58,NA,102,83,16,16,7,9,0.7,0.6
2026-08-05T2300,3421A,113.1776,40.9779,乌兰察布市,市委党校,,23,23,25,14,14,56,NA,90,73,15,11,2,3,0.1,0.2
2026-08-05T2300,3422A,118.8443,31.919,南京市,江宁彩虹桥,,30,30,35,16,22,71,NA,132,108,15,10,3,4,0.5,0.6
2026-08-05T2300,3425A,120.642,31.1733,苏州市,越秀幼儿园,细颗粒物(PM2.5),74,NA,32,47,26,42,NA,97,76,24,13,4,3,0.8,0.7
2026-08-05T2300,3426A,118.8757,33.2897,淮安市,新华书店,,40,40,29,18,18,66,NA,88,78,7,4,6,7,0.8,0.8
2026-08-05T2300,3427A,118.8497,32.3599,南京市,六合雄州,,31,31,31,16,17,52,NA,85,67,11,8,4,4,0.6,0.7
2026-08-05T2300,3429A,119.8595,31.706,常州市,武进经发区,,34,34,34,21,23,46,NA,88,50,18,14,4,5,0.9,1
2026-08-05T2300,3430A,119.5812,31.7256,常州市,金坛城区,,30,27,26,21,23,43,NA,106,76,25,13,6,7,0.8,0.8
2026-08-05T2300,3431A,120.6502,31.4117,苏州市,高铁新城,,28,26,38,19,23,62,NA,85,55,18,21,6,6,0.6,0.6
2026-08-05T2300,3432A,120.9348,31.9874,南通市,环境教育馆,,30,27,29,21,16,55,NA,86,82,14,8,5,6,0.5,0.6
2026-08-05T2300,3434A,119.2414,34.6539,连云港市,工贸学校,,24,18,26,12,17,74,NA,118,101,7,4,6,6,0.6,0.5
2026-08-05T2300,3435A,119.9186,32.4322,泰州市,周山河街区,,35,25,26,24,19,68,NA,74,72,6,5,11,10,0.4,0.4
2026-08-05T2300,3436A,120.4283,33.2048,盐城市,大丰高级中学,,25,17,19,17,15,51,NA,99,79,8,3,8,8,0.2,0.3
2026-08-05T2300,3437A,88.3088,43.3637,乌鲁木齐市,达坂城区环保局,,40,35,61,9,17,125,NA,138,136,8,5,6,6,0.3,0.2
2026-08-05T2300,3438A,87.6132,43.8791,乌鲁木齐市,红光山片区,,30,26,71,12,22,96,NA,127,122,24,9,5,5,0.4,0.3
2026-08-05T2300,3439A,87.7008,43.8003,乌鲁木齐市,新师大温泉校区,,36,36,74,15,22,109,NA,138,133,18,8,8,8,0.3,0.2
2026-08-05T2300,3440A,87.4892,43.84,乌鲁木齐市,大绿谷,,32,32,57,11,21,84,NA,114,111,37,10,1,1,0.4,0.4
2026-08-05T2300,3441A,87.5461,44.1909,五家渠市,经开区管委会,NA,NA,42,103,12,31,NA,NA,122,NA,8,5,3,3,0.2,0.3
2026-08-05T2300,3442A,86.047,44.2331,石河子市,南区管委会,,33,31,86,6,17,105,NA,122,112,3,5,7,7,0.2,0.2
2026-08-05T2300,3443A,113.2905,23.5541,广州市,花都梯面,,16,16,23,10,15,5,NA,58,39,24,14,4,4,/,/
2026-08-05T2300,3444A,116.4539,23.2684,汕头市,潮南峡山,,47,47,35,30,24,51,NA,108,80,12,9,8,8,0.5,0.5
2026-08-05T2300,3445A,113.786,23.7479,广州市,从化良口,,20,19,18,14,11,22,NA,66,44,9,10,5,5,/,/
2026-08-05T2300,3446A,113.805,23.2614,广州市,增城荔城,,29,29,26,17,16,18,NA,101,64,22,14,9,9,0.8,0.7
2026-08-05T2300,3447A,114.344,22.7115,深圳市,坪山,,23,16,22,8,13,72,NA,122,101,15,17,4,4,0.8,0.8
2026-08-05T2300,3448A,113.5436,22.1163,珠海市,横琴,,32,27,16,22,11,67,NA,106,92,9,9,/,/,/,/
2026-08-05T2300,3449A,113.0496,22.4669,江门市,新会银湖,,22,18,20,15,11,51,NA,95,83,14,15,3,2,0.4,0.4
2026-08-05T2300,3450A,111.0101,21.5165,茂名市,电白水东,,15,12,7,8,6,47,NA,46,45,9,9,4,5,/,/
2026-08-05T2300,3451A,112.5617,23.2082,肇庆市,鼎湖凤凰,,30,30,20,21,13,63,NA,176,141,9,11,4,6,/,/
2026-08-05T2300,3452A,114.6521,22.7755,惠州市,大亚湾霞涌,,23,NA,19,16,16,68,NA,105,91,8,10,/,/,/,/
2026-08-05T2300,3453A,112.0125,21.8749,阳江市,阳东陶然,,39,NA,14,27,16,23,NA,46,44,23,11,3,4,0.6,0.5
2026-08-05T2300,3454A,113.3527,22.4781,中山市,中山南区,,18,17,11,11,12,56,NA,94,82,19,13,8,6,0.3,0.3
2026-08-05T2300,3455A,113.076,23.72,清远市,清城东城,,32,32,18,21,11,54,NA,120,102,11,11,/,/,/,/
2026-08-05T2300,3456A,114.2887,38.0905,石家庄市,鹿泉一中,,35,32,31,24,15,66,NA,138,121,7,7,3,3,0.3,0.4
2026-08-05T2300,3457A,118.4357,39.277,唐山市,冀东油田职工医院,颗粒物(PM10),58,60,44,30,21,97,NA,160,132,17,10,3,3,0.3,0.4
2026-08-05T2300,3458A,114.7893,36.5592,邯郸市,香泉濮院小区,,50,38,18,35,20,83,NA,130,120,19,9,3,3,0.6,0.4
2026-08-05T2300,3459A,115.599,37.5491,衡水市,地表水厂,,31,31,25,17,12,85,NA,140,129,7,6,3,4,0.3,0.3
2026-08-05T2300,3460A,117.4065,40.0583,天津市,北环路,,49,49,33,23,18,78,NA,133,106,8,6,4,5,0.6,0.5
2026-08-05T2300,3461A,117.3041,39.7167,天津市,建设路,细颗粒物(PM2.5),56,46,42,38,26,88,NA,173,152,14,12,10,10,0.7,0.7
2026-08-05T2300,3462A,117.8201,39.3519,天津市,滨水东路,,44,44,41,22,21,106,NA,160,131,26,20,10,12,0.7,1
2026-08-05T2300,3463A,116.9708,33.5911,宿州市,社会福利中心,细颗粒物(PM2.5),54,37,33,37,23,69,NA,99,89,16,10,6,6,0.5,0.5
2026-08-05T2300,3464A,117.3802,31.9148,合肥市,高教基地,,34,34,38,22,27,60,NA,123,103,17,10,6,7,0.5,0.6
2026-08-05T2300,3465A,118.4783,31.3226,芜湖市,清苑社区,,42,30,37,29,29,70,NA,118,102,22,12,6,4,0.5,0.4
2026-08-05T2300,3466A,118.2746,31.2326,芜湖市,扬子职业技术学院,,38,29,23,26,27,84,NA,118,111,11,7,5,5,0.4,0.3
2026-08-05T2300,3468A,115.79,32.8614,阜阳市,市规划展馆,,32,NA,42,22,26,69,NA,117,92,14,11,2,3,0.5,0.6
2026-08-05T2300,3469A,115.835101,32.918568,阜阳市,枣园社区,,33,33,40,17,31,67,NA,108,82,7,10,4,5,0.6,0.6
2026-08-05T2300,3471A,113.6104,34.8688,郑州市,惠济区政府,,44,44,33,20,21,90,NA,137,123,17,9,2,2,0.6,0.6
2026-08-05T2300,3473A,114.2485,34.8306,开封市,技师学院,,48,48,40,22,24,105,NA,136,119,6,12,4,4,0.6,0.6
2026-08-05T2300,3474A,114.2616,35.6824,鹤壁市,大新区,,50,36,28,35,23,83,NA,139,121,7,4,4,6,0.4,0.5
2026-08-05T2300,3475A,113.9189,35.3042,新乡市,市政府,,49,49,36,26,21,80,NA,125,118,22,9,8,8,0.3,0.3
2026-08-05T2300,3477A,113.1656,35.2536,焦作市,中站许衡医院,,36,34,32,25,21,115,NA,127,120,5,7,6,7,0.3,0.3
2026-08-05T2300,3478A,113.9691,33.568,漯河市,市图书馆,,32,NA,40,22,24,96,NA,138,122,7,10,6,7,0.6,0.7
2026-08-05T2300,3481A,125.127,46.6277,大庆市,萨区政府监测点,,37,37,26,23,19,44,NA,133,108,22,11,5,5,0.5,0.3
2026-08-05T2300,3482A,107.754,29.3275,重庆市,芙蓉中路,,21,21,16,7,5,24,NA,79,54,8,8,9,9,0.4,0.4
2026-08-05T2300,3484A,106.2629,29.3202,重庆市,行政中心,颗粒物(PM10),57,59,38,35,20,68,NA,162,132,24,17,10,11,0.6,0.5
2026-08-05T2300,3486A,124.4029,43.1411,四平市,植物园,,43,34,34,30,28,18,NA,109,73,33,14,3,4,0.5,0.5
2026-08-05T2300,3488A,104.387954,30.746684,成都市,青白江技师分院,,50,NA,40,35,30,71,NA,143,114,24,18,4,5,1.0,0.9
2026-08-05T2300,3489A,104.0788,30.4054,成都市,科学城,,38,38,29,25,22,57,NA,148,124,21,9,6,7,1.1,1
2026-08-05T2300,3491A,104.6899,31.5324,绵阳市,西科大附属小学,颗粒物(PM10),71,79,37,43,18,40,NA,121,103,44,19,8,7,0.5,0.4
2026-08-05T2300,3492A,104.5647,31.5343,绵阳市,安州区旅游局,颗粒物(PM10),52,52,31,32,17,78,NA,127,115,10,7,6,7,0.5,0.4
2026-08-05T2300,3494A,117.1673,36.9782,济南市,济阳区政府,,49,49,34,33,18,72,NA,168,129,36,19,6,6,0.5,0.4
2026-08-05T2300,3495A,117.1168,36.6299,济南市,锦屏中学,,45,44,39,31,24,75,NA,185,114,10,12,3,3,0.2,0.1
2026-08-05T2300,3496A,118.359,35.1067,临沂市,南坊新区,,28,24,30,18,19,88,NA,106,102,11,15,6,9,0.3,0.6
2026-08-05T2300,3498A,118.5063,37.8606,东营市,河口城区,,37,14,20,11,6,118,NA,152,124,8,10,4,9,0.5,0.5
2026-08-05T2300,3500A,116.5808,35.3703,济宁市,北湖一中,,43,43,43,23,24,117,NA,138,136,6,5,2,3,0.4,0.4
2026-08-05T2300,3501A,116.8251,35.5592,济宁市,服务中心,,43,43,35,25,23,77,NA,128,118,19,12,2,2,0.3,0.2
2026-08-05T2300,3502A,117.1812,36.2273,泰安市,国网新校,,40,22,20,22,17,127,NA,134,114,2,3,7,8,0.8,0.8
2026-08-05T2300,3503A,117.0315,36.2017,泰安市,交通技校,,46,42,30,32,18,119,NA,146,123,14,15,4,6,0.7,0.7
2026-08-05T2300,3504A,117.083,36.13,泰安市,山东第一医科大学,,50,41,32,35,20,86,NA,140,100,44,19,7,9,0.4,0.4
2026-08-05T2300,3505A,122.1379,37.3414,威海市,临港区管委会,,32,22,8,22,7,40,NA,94,71,19,11,5,6,0.3,0.2
2026-08-05T2300,3507A,119.5326,35.4627,日照市,职业技术学院,,26,NA,12,18,10,47,NA,94,73,11,5,8,9,0.5,0.4
2026-08-05T2300,3511A,116.5687,37.3331,德州市,陵城艺术中心,细颗粒物(PM2.5),58,44,33,39,23,129,NA,171,157,11,10,7,8,0.5,0.4
2026-08-05T2300,3513A,116.0443,36.436,聊城市,九州社区,颗粒物(PM10),59,62,44,36,24,86,NA,163,141,22,7,4,8,0.3,0.3
2026-08-05T2300,3514A,117.9379,37.3959,滨州市,中海酒店,,36,19,19,10,13,114,NA,139,129,11,9,12,9,0.5,0.4
2026-08-05T2300,3515A,117.9381509,37.35547456,滨州市,开发区一中,,32,27,29,16,17,101,NA,170,153,9,11,11,11,0.5,0.5
2026-08-05T2300,3516A,118.0914,37.6938,滨州市,金海六路,,41,41,28,19,16,79,NA,170,115,14,9,47,12,0,0.1
2026-08-05T2300,3520A,106.3495,38.9837,石嘴山市,妇女儿童医院,,38,20,21,15,11,120,NA,170,143,12,11,22,12,0.6,0.5
2026-08-05T2300,3521A,106.7495,39.2068,石嘴山市,石大公路,,33,23,24,13,8,104,NA,124,114,12,13,5,7,0.3,0.3
2026-08-05T2300,3523A,106.5105,38.3857,银川市,滨河新区,,39,36,25,8,11,122,NA,168,124,8,9,6,16,0.3,0.5
2026-08-05T2300,3525A,108.6394,34.408,咸阳市,奥体中心,,30,30,18,21,12,30,NA,66,61,26,8,3,2,0.3,0.2
2026-08-05T2300,3526A,119.5188,25.9666,福州市,吴航,,18,12,20,7,12,56,NA,92,76,4,10,6,7,0.4,0.5
2026-08-05T2300,3527A,118.0961,24.5689,厦门市,集美中学,,23,23,25,11,14,68,NA,122,95,12,11,1,2,0.2,0.2
2026-08-05T2300,3528A,118.1502,24.7246,厦门市,同安二实小,,25,15,16,9,13,77,NA,100,90,6,9,2,2,0.5,0.5
2026-08-05T2300,3530A,117.6288,24.5309,漳州市,西洋坪路,,32,32,44,22,28,80,NA,122,110,8,14,4,7,0.4,0.5
2026-08-05T2300,3531A,110.296,25.1254,桂林市,旅游学院,,17,17,16,3,4,34,NA,66,53,6,2,3,2,0.3,0.3
2026-08-05T2300,3532A,110.1951,22.6832,玉林市,玉林师范学院东校区,,13,11,13,9,8,17,NA,55,31,17,10,1,2,0.3,0.3
2026-08-05T2300,3533A,110.0527,22.5894,玉林市,福绵环保局,,27,27,22,2,10,10,NA,47,23,15,13,3,7,0.4,0.4
2026-08-05T2300,3534A,111.4744,24.455,贺州市,西湾,,42,42,16,18,7,10,NA,59,38,14,9,11,11,0.4,0.3
2026-08-05T2300,3535A,109.1781,23.7293,来宾市,兴宾区政府,,15,15,18,6,8,34,NA,68,57,4,5,6,8,0.4,0.5
2026-08-05T2300,3538A,107.5175,26.2977,黔南布依族苗族自治州,沙坝,,12,9,15,5,8,37,NA,68,54,5,6,3,4,0.5,0.5
2026-08-05T2300,3539A,110.5111,19.9737,海口市,桂林洋子站,,14,14,14,4,5,20,NA,48,36,10,9,/,/,/,/
2026-08-05T2300,3540A,109.7348,18.3443,三亚市,君悦子站,,12,12,9,3,3,30,NA,44,38,13,8,2,3,0.3,0.3
2026-08-05T2300,3541A,109.5726195,19.51688767,儋州市,第一中学子站,,10,10,14,5,5,19,NA,43,28,6,5,2,4,0.7,0.5
2026-08-05T2300,3542A,109.5567,19.5187,儋州市,东坡学校子站,,14,14,12,4,4,18,NA,40,27,5,4,3,3,0.7,0.7
2026-08-05T2300,3544A,121.4891,30.925,上海市,奉贤南桥新城,,34,34,27,22,20,71,NA,76,73,6,9,2,3,0.5,0.5
2026-08-05T2300,3545A,110.8053,32.8401,十堰市,郧阳区金沙路,,18,NA,20,10,12,57,NA,79,75,5,5,9,9,0.6,0.7
2026-08-05T2300,3546A,111.4606,30.5519,宜昌市,猇亭区张家湾站,,20,18,14,0,2,64,NA,68,68,6,8,6,6,0.2,0.2
2026-08-05T2300,3547A,112.1631,31.0134,荆门市,龙泉中学南校,,23,23,18,15,13,62,NA,93,82,7,6,6,6,0.6,0.5
2026-08-05T2300,3549A,109.5061,30.3771,恩施土家族苗族自治州,龙凤新区,,16,16,10,6,5,5,NA,40,18,6,5,5,5,0.3,0.3
2026-08-05T2300,3550A,102.8,24.9787,昆明市,昆明学院,颗粒物(PM10),55,56,42,18,15,12,NA,100,65,47,27,7,8,0.7,0.7
2026-08-05T2300,3551A,102.5969,24.6738,昆明市,晋宁区生态环境分局,,35,35,31,14,25,67,NA,126,105,22,15,7,8,0.6,0.7
2026-08-05T2300,3552A,102.6673,24.9861,昆明市,云天化总部,,30,30,25,17,11,54,NA,105,81,26,24,12,13,0.6,0.5
2026-08-05T2300,3557A,119.9463,30.0496,杭州市,镇二中,,32,22,33,22,27,31,NA,125,70,30,16,6,7,0.8,0.8
2026-08-05T2300,3558A,119.7184,30.2367,杭州市,市府大楼,,33,23,30,23,25,38,NA,120,82,15,9,8,9,0.4,0.4
2026-08-05T2300,3560A,120.4715,30.0414,绍兴市,柯桥妇保,,49,48,35,34,26,66,NA,118,86,9,7,6,6,0.3,0.4
2026-08-05T2300,3561A,120.6985,27.9252,温州市,茶山,,16,16,24,8,17,8,NA,62,27,30,21,/,/,/,/
2026-08-05T2300,3562A,120.4146,30.8538,湖州市,南浔区站,,49,NA,28,34,26,47,NA,89,71,17,9,5,5,0.5,0.5
2026-08-05T2300,3564A,121.25678,28.66823971,台州市,台州科技职业学院,,23,23,19,12,11,23,NA,56,43,14,8,6,7,0.6,0.6
2026-08-05T2300,3565A,113.1371,40.1122,大同市,云冈站,,14,14,18,7,9,30,NA,71,53,13,10,4,6,0.6,0.6
2026-08-05T2300,3566A,113.1186,40.2556,大同市,图书馆,,17,17,19,3,9,36,NA,77,58,14,11,6,7,0.8,0.8
2026-08-05T2300,3567A,113.5931,40.0459,大同市,区一中,,15,12,13,10,7,35,NA,80,57,4,8,8,9,0.4,0.4
2026-08-05T2300,3568A,113.0603,36.0464,长治市,向阳小学,,33,30,29,23,16,78,NA,95,88,6,8,6,6,0.8,0.7
2026-08-05T2300,3569A,112.8788,36.315,长治市,屯留一中,,50,50,29,31,20,100,NA,111,105,13,10,10,10,1.4,1
2026-08-05T2300,3571A,112.2938,39.5296,朔州市,一水厂,,24,24,20,7,8,8,NA,58,36,47,17,7,6,0.6,0.5
2026-08-05T2300,3575A,118.0927,39.5807,唐山市,正泰大街热力站,,37,37,30,13,13,113,NA,153,134,10,5,3,5,0.3,0.3
2026-08-05T2300,3576A,118.1561,39.8322,唐山市,丰润区政府,,39,39,38,15,13,92,NA,138,95,23,20,8,4,0.5,0.6
2026-08-05T2300,3577A,118.436906,39.73802,唐山市,金山小学,颗粒物(PM10),57,59,34,31,27,55,NA,150,92,36,14,7,6,0.4,0.6
2026-08-05T2300,3578A,118.2449,39.6693,唐山市,政府服务中心,,42,NA,35,29,17,107,NA,156,132,8,11,4,5,0.3,0.5
2026-08-05T2300,3580A,114.1998,36.4439,邯郸市,峰峰矿区临水派出所,,41,41,32,13,19,118,NA,136,127,3,6,3,3,0.2,0.5
2026-08-05T2300,3581A,115.3136,38.9511,保定市,满城区生态环境分局,,41,41,25,23,17,68,NA,167,149,19,13,3,8,0.2,0.1
2026-08-05T2300,3582A,115.4709,38.7628,保定市,清苑区第二中学,,46,46,26,28,16,102,NA,162,141,9,10,1,2,0.4,0.4
2026-08-05T2300,3583A,115.6231,39.0223,保定市,徐水物探局,,33,31,19,23,14,70,NA,140,124,23,11,2,3,0.4,0.3
2026-08-05T2300,3590A,113.8362,34.566,郑州市,北区建设指挥部,,47,47,37,20,25,104,NA,154,136,7,11,3,4,0.5,0.4
2026-08-05T2300,3591A,113.3029,34.8041,郑州市,上街区政府,,46,43,42,32,25,88,NA,138,118,12,12,3,3,0.5,0.5
2026-08-05T2300,3592A,114.4518,34.7503,开封市,祥符区生态环境局,,29,22,38,18,28,90,NA,140,114,10,14,5,5,0.4,0.5
2026-08-05T2300,3593A,112.5736,34.8993,洛阳市,吉利监测站,,40,40,34,25,16,89,NA,127,118,10,7,8,8,0.3,0.3
2026-08-05T2300,3594A,112.8736,33.9068,平顶山市,石龙区,细颗粒物(PM2.5),54,54,34,37,24,74,NA,146,121,25,10,7,8,0.4,0.5
2026-08-05T2300,3596A,114.1573,35.9607,鹤壁市,南山宾馆,细颗粒物(PM2.5),82,55,33,51,33,109,NA,134,120,10,12,2,4,0.5,0.8
2026-08-05T2300,3598A,111.1031,34.719,三门峡市,富达温泉假日酒店,,23,23,27,6,15,45,NA,93,70,11,17,5,6,0.5,0.6
2026-08-05T2300,3599A,106.2648,29.9853,重庆市,书院路,,36,NA,16,25,12,50,NA,96,78,10,9,11,8,0.8,0.8
2026-08-05T2300,3600A,106.2334,29.5583,重庆市,虎峰,,25,24,38,17,15,67,NA,127,99,12,12,4,7,0.3,0.5
2026-08-05T2300,3601A,106.0497,29.8345,重庆市,龙门街,细颗粒物(PM2.5),84,NA,30,52,14,61,NA,126,100,22,17,12,7,0.8,0.6
2026-08-05T2300,3604A,119.3267,35.1043,日照市,岚山环保分局,,29,NA,22,20,12,47,NA,83,69,21,8,11,10,0.6,0.6
2026-08-05T2300,3605A,109.1019,34.5302,西安市,无线电监控中心,,16,NA,12,11,9,28,NA,65,61,23,8,4,4,0.7,0.7
2026-08-05T2300,3610A,105.5931,29.4105,重庆市,昌元,颗粒物(PM10),55,56,31,35,17,56,NA,132,113,33,15,10,15,0.6,0.7
2026-08-05T2300,3612A,85.1045,45.6895,克拉玛依市,白碱滩区新站,,50,50,30,17,10,101,NA,124,117,4,4,3,3,0.3,0.3
2026-08-05T2300,3613A,87.3069,44.0093,昌吉回族自治州,亚心广场,NA,NA,31,80,14,20,NA,NA,125,124,21,7,9,8,0.1,0.5
2026-08-05T2300,3614A,79.9241,37.0878,和田地区,地区环保局,细颗粒物(PM2.5),114,NA,371,75,60,86,NA,118,109,2,2,1,3,0.3,0.3
2026-08-05T2300,3615A,79.9132,37.1137,和田地区,市环保局,颗粒物(PM10),339,451,332,73,72,116,NA,114,112,2,3,3,1,0.3,0.3
2026-08-05T2300,3616A,106.7617,31.8343,巴中市,市中心医院,,30,30,18,15,6,23,NA,78,61,19,12,6,6,0.6,0.6
2026-08-05T2300,3617A,105.8047,32.4167,广元市,经开区,,23,23,24,10,10,40,NA,95,78,26,20,5,9,0.6,0.6
2026-08-05T2300,3618A,112.4702,37.7821,太原市,金胜,,33,33,31,14,13,57,NA,108,77,9,11,6,7,0.2,0.4
2026-08-05T2300,3619A,113.6169,37.8565,阳泉市,龙柱,"颗粒物(PM10),细颗粒物(PM2.5)",52,52,36,36,22,10,NA,96,78,48,15,6,12,0.9,1
2026-08-05T2300,3620A,112.8258,35.4804,晋城市,泽州一中,,37,37,31,16,14,81,NA,123,116,18,12,4,4,0.5,0.7
2026-08-05T2300,3622A,113.5556,24.8082,韶关市,碧湖山庄,,23,23,24,15,14,41,NA,87,70,11,12,6,6,0.6,0.5
2026-08-05T2300,3623A,113.8952,22.586,深圳市,西乡,颗粒物(PM10),60,63,26,15,11,54,NA,90,83,40,36,4,6,0.7,0.7
2026-08-05T2300,3624A,116.4069,23.2533,汕头市,潮南子站,,22,16,40,8,24,69,NA,101,74,7,9,7,7,/,/
2026-08-05T2300,3625A,113.2568,22.7629,佛山市,容桂街道办,,22,22,25,15,21,67,NA,147,98,20,34,/,/,/,/
2026-08-05T2300,3628A,112.0335,22.9376,云浮市,文笔,,22,22,21,14,15,43,NA,107,82,8,9,4,6,0.5,0.5
2026-08-05T2300,3629A,101.8304,36.5785,西宁市,世纪职校,,30,30,19,19,15,71,NA,149,128,54,14,6,6,0.3,0.3
2026-08-05T2300,3633A,118.4914,31.681,马鞍山市,雨山,,43,38,37,30,30,81,NA,132,115,10,9,8,8,0.8,0.8
2026-08-05T2300,3635A,112.3678,34.6623,洛阳市,河科大西苑校区,,36,36,31,24,20,96,NA,134,123,15,14,2,2,0.6,0.5
2026-08-05T2300,3636A,112.4387,34.678,洛阳市,英才小学,NA,NA,42,26,39,19,NA,NA,127,121,NA,12,10,11,0.8,0.7
2026-08-05T2300,3637A,131.0136,45.7688,七台河市,人民广场,,33,33,25,18,15,23,NA,78,45,20,13,8,8,0.7,0.7
2026-08-05T2300,3638A,104.7637,29.3373,自贡市,轻化工大学,,46,NA,23,32,19,89,NA,123,114,18,11,9,9,0.7,0.6
2026-08-05T2300,3642A,120.3454,36.0735,青岛市,市北区南部,,25,16,12,8,10,78,NA,89,72,11,18,4,5,0.6,0.5
2026-08-05T2300,3643A,120.3897,36.18,青岛市,李沧区北部,,26,NA,12,18,11,54,NA,123,87,20,14,3,4,0.6,0.6
2026-08-05T2300,3644A,117.8662,36.8049,淄博市,三金集团,,36,36,49,22,23,95,NA,223,184,36,27,11,9,0.3,0.3
2026-08-05T2300,3645A,118.0259,36.8409,淄博市,东风化工厂,颗粒物(PM10),53,54,52,22,22,64,NA,214,163,29,23,8,9,0.6,0.6
2026-08-05T2300,3646A,118.4979,37.4623,东营市,胜利站,NA,NA,21,28,8,9,NA,NA,153,153,7,15,10,13,0.7,0.7
2026-08-05T2300,3648A,106.2176,37.9832,吴忠市,文卫南街,,32,32,30,16,14,84,NA,148,124,12,8,8,8,0.4,0.3
2026-08-05T2300,3650A,105.1696,37.5164,中卫市,沙坡头区政府站,,33,33,26,17,11,102,NA,139,129,16,10,8,5,0.5,0.4
2026-08-05T2300,3654A,114.8093,30.4091,鄂州市,精准医疗中心,,34,26,30,8,19,106,NA,164,132,7,17,5,5,0.5,0.6
2026-08-05T2300,3655A,114.3379,29.8683,咸宁市,长江产业园,,28,19,28,19,18,75,NA,121,94,5,8,4,4,0.6,0.6
2026-08-05T2300,3656A,120.1554,30.2863,杭州市,消防大队,,39,31,31,27,25,57,NA,98,70,4,4,10,10,0.6,0.6
2026-08-05T2300,3658A,120.6156,30.0762,绍兴市,袍江中学,,42,42,43,28,26,65,NA,112,80,8,10,6,6,0.5,0.5
2026-08-05T2300,3659A,119.656,29.1132,金华市,气象局,,41,41,34,22,20,23,NA,105,69,33,14,4,4,0.6,0.5
2026-08-05T2300,3662A,123.6341,47.2079,齐齐哈尔市,富区青少年活动中心,,40,40,33,12,10,42,NA,70,NA,13,16,6,6,0.4,0.3
2026-08-05T2300,3663A,124.117,50.4279,大兴安岭地区,红旗社区,,27,27,17,18,12,6,NA,66,44,13,6,5,5,0.4,0.2
2026-08-05T2300,3664A,119.4171,34.734,连云港市,连云街道,,23,21,24,14,14,73,NA,92,86,3,7,2,2,0.5,0.6
2026-08-05T2300,3665A,76.1654,39.7157,克孜勒苏柯尔克孜自治州,克州文化中心,颗粒物(PM10),159,267,55,39,22,139,NA,145,144,1,3,3,4,0.1,0.1
2026-08-05T2300,3667A,111.0279,35.0543,运城市,水利职院,,28,28,24,12,12,57,NA,96,81,8,6,4,5,0.9,1
2026-08-05T2300,3669A,114.4706,36.0634,安阳市,左辅环卫站,,44,44,33,26,20,62,NA,128,106,15,7,4,3,0.4,0.5
2026-08-05T2300,3670A,111.0522,35.0439,运城市,禹都公园,,20,11,21,5,9,61,NA,99,83,8,6,4,5,0.5,0.7
2026-08-05T2300,3671A,116.0879,39.9725,北京市,门头沟三家店,,48,39,32,33,21,53,NA,128,100,18,14,1,2,0.7,0.6
2026-08-05T2300,3672A,116.1507,39.8246,北京市,丰台云岗,,44,44,30,20,19,59,NA,124,105,19,10,4,4,0.4,0.4
2026-08-05T2300,3674A,115.9578,39.7602,北京市,房山燕山,,30,30,30,21,20,82,NA,102,92,5,6,2,2,0.5,0.4
2026-08-05T2300,3675A,116.4669,39.7734,北京市,大兴旧宫,,27,27,25,16,13,84,NA,153,130,15,16,2,2,0.7,0.6
2026-08-05T2300,3677A,98.5887,24.4366,德宏傣族景颇族自治州,芒市人民政府综合楼,,49,49,35,22,13,12,NA,48,40,8,11,8,10,1.0,0.7
2026-08-05T2300,3678A,116.5907,35.4054,济宁市,市第七中学,,45,45,44,16,22,134,NA,136,136,6,9,7,7,0.4,0.5
2026-08-05T2300,3683A,109.8332,40.6577,包头市,昆区政府,,25,24,24,16,16,79,NA,99,83,16,17,5,10,0.5,0.6
2026-08-05T2300,3684A,130.8639,45.8144,七台河市,新建矿广场,NA,NA,19,32,13,15,NA,NA,74,NA,19,14,NA,4,0.5,0.5
2026-08-05T2300,3685A,117.897,28.4316,上饶市,双创科技城,,34,34,39,13,23,95,NA,125,108,8,10,4,5,0.4,0.5
2026-08-05T2300,3689A,113.9002,35.372,新乡市,行政服务中心,,44,44,34,27,21,86,NA,121,109,10,9,16,11,0.8,0.7
2026-08-05T2300,3690A,115.9718,28.7032,南昌市,外国语学校,,25,13,36,11,27,80,NA,136,113,4,6,10,12,0.7,0.8
2026-08-05T2300,3692A,118.2043,39.6703,唐山市,消防缸窑路中队,,46,46,37,24,19,100,NA,154,109,17,12,2,3,0.5,0.5
2026-08-05T2300,3693A,118.1432,39.6203,唐山市,路南电大,,46,46,33,16,20,82,NA,158,106,15,5,5,3,0.4,0.4
2026-08-05T2300,3694A,115.9859,40.4562,北京市,延庆石河营,,16,16,21,10,14,31,NA,103,66,11,7,3,3,0.4,0.4
2026-08-05T2300,3695A,116.6151,40.3052,北京市,怀柔新城,细颗粒物(PM2.5),58,39,30,39,17,76,NA,150,120,5,4,3,2,0.7,0.6
2026-08-05T2300,3696A,116.2542,39.8764,北京市,丰台小屯,,38,38,30,24,17,67,NA,134,114,30,8,2,2,0.5,0.4
2026-08-05T2300,3697A,116.8399,40.3843,北京市,密云镇,,38,38,26,21,21,79,NA,160,142,11,11,2,2,0.6,0.5
2026-08-05T2300,3699A,111.6519,40.8389,呼和浩特市,海东办,,23,17,17,10,5,8,NA,72,51,45,22,8,8,0.3,0.3
2026-08-05T2300,3701A,116.9647,33.6252,宿州市,皖北煤电集团,NA,NA,37,33,31,24,NA,NA,94,NA,5,4,7,7,0.5,0.4
2026-08-05T2300,3706A,122.2584,43.6333,通辽市,老干部活动中心,,32,32,18,13,10,89,NA,125,112,12,7,7,8,0.6,0.5
2026-08-05T2300,3707A,131.0069,45.2988,鸡西市,欧美日汽修厂,,27,27,36,18,19,10,NA,72,39,22,16,3,4,0.4,0.5
2026-08-05T2300,3708A,122.2923,43.6189,通辽市,东方明珠社区,,25,18,19,12,11,80,NA,129,110,22,12,6,6,0.5,0.5
2026-08-05T2300,3710A,121.5593,29.8976,宁波市,白沙活动中心,,36,36,31,22,20,52,NA,106,83,7,18,11,12,0.4,0.5
2026-08-05T2300,3713A,124.3286,43.1726,四平市,世纪城,,50,NA,39,35,31,58,NA,108,86,27,9,3,3,0.4,0.5
2026-08-05T2300,3715A,117.3091,32.9314,蚌埠市,蚌埠田家炳中学,,30,30,33,18,23,63,NA,98,84,13,8,8,8,0.4,0.5
2026-08-05T2300,3719A,97.1707,31.1428,昌都市,昌都会议中心,,36,12,8,8,5,114,NA,145,139,4,5,2,2,0.2,0.2
2026-08-05T2300,3726A,88.8775,29.2425,日喀则市,林业技术推广中心,,25,NA,7,6,2,78,NA,114,104,2,2,8,7,0.2,0.2
2026-08-05T2300,3728A,104.6701,28.8053,宜宾市,白酒学院,,33,33,26,23,16,71,NA,118,103,12,12,9,11,0.6,0.6
2026-08-05T2300,3734A,118.5753,37.4405,东营市,理想之城,,38,22,22,10,10,119,NA,163,155,11,19,7,17,0.6,0.7
2026-08-05T2300,3860A,118.3915,35.0297,临沂市,皇山花园小区,,36,31,27,25,18,72,NA,112,100,20,16,12,11,0.8,1
2026-08-05T2300,3861A,119.2046,36.7696,潍坊市,寒亭区实验一小,,39,39,26,17,13,92,NA,129,107,23,18,6,6,0.4,0.5
2026-08-05T2300,3866A,122.2469,40.663,营口市,三高中,臭氧1小时(O3_1h),132,27,34,24,17,263,NA,158,158,10,14,8,9,0.3,0.6
2026-08-05T2300,3867A,102.074,36.5056,海东市,平安区公安局北苑,,48,38,30,33,15,99,NA,142,131,8,8,10,10,0.5,0.5
2026-08-05T2300,3981A,113.2456,35.18,焦作市,原李万街道办,颗粒物(PM10),53,53,44,23,18,92,NA,127,115,9,7,4,6,0.4,0.4
2026-08-05T2300,3994A,102.2174,31.9016,阿坝藏族羌族自治州,马尔康中学西区,,29,15,11,7,8,90,NA,130,121,7,7,3,3,0.2,0.2
2026-08-05T2300,4002A,109.2312,23.7428,来宾市,中南小学,,27,27,19,11,10,24,NA,72,62,27,10,8,7,0.5,0.4
2026-08-05T2300,4004A,115.4199,38.8665,保定市,双鹰农机,NA,NA,67,31,31,16,NA,NA,152,142,10,9,3,3,0.2,0.3
2026-08-05T2300,4006A,122.3622,40.6762,营口市,老边实验小学,细颗粒物(PM2.5),74,NA,30,47,20,38,NA,131,99,35,19,6,7,0.6,0.7
2026-08-05T2300,4008A,112.5233,32.9921,南阳市,卧龙区政府,,41,41,31,12,15,104,NA,154,118,8,7,6,6,0.6,0.7
2026-08-05T2300,4010A,112.5608,37.8807,太原市,育英中学,,23,23,20,11,15,60,NA,99,74,12,13,7,8,0.3,0.4
2026-08-05T2300,4011A,103.8505,30.6946,成都市,光华大道三段,颗粒物(PM10),55,56,41,30,30,105,NA,159,140,24,15,4,6,0.8,0.7
2026-08-05T2300,4017A,116.7926,33.9534,淮北市,市博物馆,,38,34,29,26,24,110,NA,113,113,6,5,3,3,0.3,0.3
2026-08-05T2300,4018A,116.0564,36.4609,聊城市,星美广场,细颗粒物(PM2.5),80,67,38,50,25,99,NA,167,144,16,7,8,9,0.7,0.5
2026-08-05T2300,4022A,102.1648,38.5369,金昌市,金川区人防中心,,37,29,55,12,16,116,NA,143,134,11,8,6,8,0.3,0.3
2026-08-05T2300,4024A,114.6491,37.9014,石家庄市,栾城区星河路,,38,33,18,26,15,98,NA,152,138,14,11,26,4,0.4,0.2
2026-08-05T2300,4027A,75.9485,39.4688,喀什地区,老干局,颗粒物(PM10),103,127,56,27,10,126,NA,133,131,5,7,4,4,0.3,0.3
2026-08-05T2300,4028A,117.9955,37.3752,滨州市,滨州市西街道办事处,,34,22,27,16,16,107,NA,150,137,10,17,9,8,0.5,0.3
2026-08-05T2300,4033A,122.3124,29.9619,舟山市,普陀东港中学,,25,22,20,15,14,80,NA,80,80,1,3,6,7,0.7,0.7
2026-08-05T2300,4034A,115.515,38.8589,保定市,植保所站,,43,35,26,30,14,124,NA,164,151,14,10,6,4,0.1,0.1
2026-08-05T2300,4036A,116.646,23.676,潮州市,金山,,43,41,45,30,27,68,NA,110,105,11,7,3,3,0.6,0.6
2026-08-05T2300,4051A,86.0791,44.3018,石河子市,世纪广场,,46,46,90,13,16,107,NA,127,118,2,5,2,3,0.3,0.7
2026-08-05T2300,4054A,109.0324,32.6913,安康市,市邮政管理局,,16,12,10,4,3,49,NA,60,54,7,7,3,3,0.6,0.7
2026-08-05T2300,4055A,108.8869,34.2662,西安市,行知小学,,29,26,17,20,14,35,NA,61,59,29,16,5,5,1.0,0.7
2026-08-05T2300,4056A,108.6601,34.3767,咸阳市,五陵塬路2号,NA,NA,NA,58,20,12,46,NA,67,66,19,11,4,4,0.7,0.7
2026-08-05T2300,4057A,115.9423,40.4431,北京市,延庆百泉,,14,14,20,9,13,31,NA,109,69,6,4,1,1,0.4,0.5
2026-08-05T2300,4058A,116.6598,39.9164,北京市,通州新华,颗粒物(PM10),55,56,38,34,19,148,NA,158,153,14,20,1,2,0.7,0.6
2026-08-05T2300,4059A,114.4563,38.0365,石家庄市,裕华西路63号,,32,28,21,21,14,100,NA,154,142,12,8,3,3,0.5,0.4
2026-08-05T2300,4060A,114.5586,38.0581,石家庄市,和平路363号,,35,25,15,24,13,108,NA,159,148,9,9,3,3,0.4,0.4
2026-08-05T2300,4061A,114.8347,38.0213,石家庄市,廉州西路160号,,45,45,28,23,14,83,NA,126,116,8,9,2,2,0.6,0.5
2026-08-05T2300,4062A,114.4498,38.0729,石家庄市,北城路41号,,47,47,26,20,12,89,NA,154,138,20,9,2,4,0.6,0.5
2026-08-05T2300,4063A,115.2124,37.9433,辛集市,市政府,,34,34,24,21,9,102,NA,152,148,19,11,5,6,0.4,0.3
2026-08-05T2300,4064A,115.2008,37.9338,辛集市,城管大队,,33,33,19,17,10,100,NA,143,137,15,8,2,2,0.5,0.4
2026-08-05T2300,4065A,118.1267,39.6579,唐山市,光明北路515号,NA,NA,28,30,NA,19,131,NA,168,155,17,10,6,4,NA,0.8
2026-08-05T2300,4066A,119.7458,39.9952,秦皇岛市,南园路157号,NA,NA,NA,38,NA,25,NA,NA,154,113,NA,7,NA,7,NA,0.4
2026-08-05T2300,4067A,119.5131,39.8858,秦皇岛市,翠岛大街1号,,41,41,34,24,24,51,NA,127,100,21,6,4,4,0.5,0.5
2026-08-05T2300,4068A,114.5209,36.7697,邯郸市,建安街268号,,47,47,26,28,13,54,NA,131,102,32,15,3,2,0.4,0.4
2026-08-05T2300,4069A,114.5488,36.6177,邯郸市,丛台东路558号,,43,43,31,26,15,100,NA,140,130,14,11,3,3,0.5,0.4
2026-08-05T2300,4070A,114.5558,37.0578,邢台市,襄都区政府南院,颗粒物(PM10),55,56,27,28,18,72,NA,135,120,24,9,3,2,0.6,0.5
2026-08-05T2300,4071A,114.9883,38.5232,定州市,交通局,颗粒物(PM10),65,70,44,28,13,87,NA,139,122,25,13,3,5,0.7,0.8
2026-08-05T2300,4072A,115.0045,38.5136,定州市,第五中学,颗粒物(PM10),60,63,41,25,13,89,NA,135,122,20,12,4,5,0.4,0.6
2026-08-05T2300,4073A,117.9462,40.95,承德市,杏林街1号,,30,30,23,18,18,30,NA,107,74,17,8,5,4,0.6,0.5
2026-08-05T2300,4074A,112.449,37.8509,太原市,西矿街336号,,40,40,26,18,13,32,NA,106,70,18,16,7,8,0.4,0.5
2026-08-05T2300,4075A,112.4792,37.9393,太原市,迎宾北路9号,,35,35,22,19,14,19,NA,106,65,28,12,5,7,0.7,0.7
2026-08-05T2300,4076A,112.551,37.8575,太原市,迎泽大街248号,,40,40,25,23,15,24,NA,98,68,36,16,12,9,1.3,0.8
2026-08-05T2300,4077A,113.588,37.8712,阳泉市,宁波路,,36,33,27,25,18,97,NA,113,110,11,15,4,5,0.6,0.7
2026-08-05T2300,4078A,112.8246,35.5152,晋城市,前书院路,颗粒物(PM10),53,53,35,15,12,18,NA,121,90,47,15,6,6,0.6,0.9
2026-08-05T2300,4079A,112.8864,35.4773,晋城市,祥云街666号,,27,20,28,9,15,84,NA,118,113,16,8,3,4,0.2,0.4
2026-08-05T2300,4080A,112.7375,37.7215,晋中市,广安街188号,,35,NA,24,24,15,68,NA,103,79,9,12,11,11,0.3,0.2
2026-08-05T2300,4081A,111.0081,35.0748,运城市,学苑北路2555号,,21,21,29,6,12,55,NA,92,77,10,8,5,5,0.6,0.7
2026-08-05T2300,4082A,121.2548,38.8188,大连市,旅顺,细颗粒物(PM2.5),64,52,18,42,13,61,NA,104,91,16,13,8,8,0.5,0.3
2026-08-05T2300,4083A,123.153,41.2874,辽阳市,铁西路150号,颗粒物(PM10),60,64,44,34,22,54,NA,143,104,31,15,7,8,0.9,1.2
2026-08-05T2300,4084A,123.835,42.2853,铁岭市,新华街20号,细颗粒物(PM2.5),64,67,44,42,23,37,NA,140,103,38,15,7,8,0.4,0.5
2026-08-05T2300,4085A,125.0998,42.9134,辽源市,安宁大街333号,细颗粒物(PM2.5),62,NA,30,41,24,62,NA,131,110,12,8,4,4,0.5,0.4
2026-08-05T2300,4086A,118.7641,32.0841,南京市,新模范马路66号,NA,NA,36,34,21,21,NA,NA,134,NA,NA,7,NA,4,0.3,0.4
2026-08-05T2300,4087A,120.3138,31.4927,无锡市,清舒道1号,,32,29,33,22,23,58,NA,92,69,17,12,7,7,0.6,0.6
2026-08-05T2300,4088A,117.1553,34.2567,徐州市,纺织东路16号,,32,21,20,18,22,101,NA,120,116,6,6,6,5,0.6,0.6
2026-08-05T2300,4089A,119.9551,31.863,常州市,崇义南街5-H号,,45,31,31,31,21,30,NA,80,44,25,13,6,7,0.5,0.8
2026-08-05T2300,4090A,120.4282,31.3228,苏州市,学森路9号,,36,36,40,18,23,59,NA,100,72,15,13,7,8,0.6,0.6
2026-08-05T2300,4091A,120.8692,31.9885,南通市,洪江路,,33,NA,23,23,18,64,NA,84,80,5,2,3,4,0.7,0.8
2026-08-05T2300,4092A,119.119691,33.550006,淮安市,枚皋中路89号,,32,28,26,22,18,65,NA,96,87,12,7,4,4,0.6,0.6
2026-08-05T2300,4093A,119.5202,32.3705,扬州市,廖家沟步道,,32,28,30,22,18,63,NA,89,75,15,9,4,4,0.3,0.2
2026-08-05T2300,4094A,118.352,33.7886,宿迁市,春华路,,48,44,31,33,23,66,NA,107,90,11,7,9,9,0.4,0.3
2026-08-05T2300,4095A,121.8962,29.7529,宁波市,中科路88号,,24,24,24,14,15,61,NA,90,72,9,11,7,7,0.6,0.5
2026-08-05T2300,4096A,120.6935,28.0114,温州市,鹿城惠民路,,15,15,32,7,18,35,NA,65,50,5,10,/,/,0.4,0.5
2026-08-05T2300,4097A,118.9646,28.9832,衢州市,衢州三中,,37,37,38,22,23,23,NA,126,75,35,17,3,4,0.6,0.6
2026-08-05T2300,4098A,117.2518,31.8404,合肥市,中国科学技术大学,,34,34,37,14,24,88,NA,131,109,13,11,10,11,0.5,0.7
2026-08-05T2300,4099A,118.5726,31.1371,芜湖市,湾沚区人民法院,NA,NA,NA,34,28,31,NA,NA,110,NA,10,7,4,5,0.6,0.7
2026-08-05T2300,4100A,116.8322,33.9884,淮北市,杜集区第一实验学校,,41,41,38,28,21,94,NA,104,103,7,5,5,5,0.7,0.7
2026-08-05T2300,4101A,118.3196,32.3335,滁州市,银山路666号,,29,28,35,20,27,70,NA,116,84,8,6,4,5,0.4,0.5
2026-08-05T2300,4102A,118.3426,32.2979,滁州市,黄山路555号,,35,31,39,24,26,66,NA,120,82,12,11,9,9,0.4,0.4
2026-08-05T2300,4103A,116.9929,33.6412,宿州市,中兴路,颗粒物(PM10),57,59,44,31,24,61,NA,85,78,10,6,9,9,0.4,0.4
2026-08-05T2300,4104A,119.3106,26.0648,福州市,路通桥巷6号,,16,14,26,10,16,49,NA,93,73,4,8,/,/,/,/
2026-08-05T2300,4105A,118.6355,24.9148,泉州市,霞新路6号,,29,27,25,20,15,60,NA,110,82,13,11,/,/,0.5,0.4
2026-08-05T2300,4106A,115.7923,28.6873,南昌市,工业二路,,24,24,42,12,26,75,NA,130,104,7,6,6,6,0.4,0.6
2026-08-05T2300,4107A,113.8686,27.6668,萍乡市,联洪村委会,,27,27,30,16,18,40,NA,103,55,10,10,11,11,0.7,0.6
2026-08-05T2300,4108A,117.7107,36.2385,济南市,山财大街5号,颗粒物(PM10),53,53,32,28,16,66,NA,157,126,40,20,6,9,0.5,0.7
2026-08-05T2300,4109A,116.9744,36.6889,济南市,无影山路12号,细颗粒物(PM2.5),78,63,41,49,28,92,NA,194,153,33,23,4,5,0.6,0.5
2026-08-05T2300,4110A,120.5222,36.4089,青岛市,盟旺路653号,,19,17,15,13,10,53,NA,97,69,20,11,7,7,0.5,0.5
2026-08-05T2300,4111A,116.6075,35.4566,济宁市,任和路,,50,50,40,32,24,93,NA,126,114,13,10,4,5,0.6,0.5
2026-08-05T2300,4112A,116.5648,35.3921,济宁市,文体南路1号,,41,41,33,27,22,120,NA,135,134,13,8,2,4,0.3,0.3
2026-08-05T2300,4113A,116.0091,36.4495,聊城市,利民路,细颗粒物(PM2.5),84,NA,30,52,23,133,NA,169,155,13,6,8,9,0.5,0.4
2026-08-05T2300,4114A,115.4239,35.2593,菏泽市,黄河路600号,细颗粒物(PM2.5),56,51,34,38,25,88,NA,117,114,14,9,5,5,0.3,0.3
2026-08-05T2300,4115A,115.5025,35.2727,菏泽市,菏泽市人社局,,43,39,33,30,24,91,NA,114,108,10,8,3,4,0.5,0.5
2026-08-05T2300,4116A,113.284,33.7139,平顶山市,姚电大道23号,,46,46,45,23,21,101,NA,153,NA,31,24,9,9,0.8,0.8
2026-08-05T2300,4117A,114.2918,36.0769,安阳市,钢三路198号,,39,37,30,27,18,45,NA,120,100,13,6,2,4,0.4,0.5
2026-08-05T2300,4118A,115.0552,35.7816,濮阳市,中原东路68号,,47,47,41,22,18,108,NA,135,123,9,9,4,6,0.8,0.7
2026-08-05T2300,4119A,115.6701,34.3767,商丘市,北海东路185号,颗粒物(PM10),51,51,41,30,24,88,NA,126,104,6,5,4,4,0.6,0.5
2026-08-05T2300,4120A,115.6172,34.3704,商丘市,中山大街3号,颗粒物(PM10),55,57,42,26,21,95,NA,127,107,7,6,5,4,0.7,0.7
2026-08-05T2300,4121A,114.8466,33.7333,周口市,羲皇大道,颗粒物(PM10),53,53,39,27,21,73,NA,138,106,10,8,4,4,0.7,0.6
2026-08-05T2300,4122A,112.6071,35.1015,济源市,市委党校,颗粒物(PM10),54,55,40,29,21,65,NA,124,109,14,11,2,3,0.6,0.7
2026-08-05T2300,4123A,112.596,35.0702,济源市,沁园中路1号,,44,44,38,25,23,86,NA,129,120,11,13,3,2,0.6,0.8
2026-08-05T2300,4124A,112.2213,31.0654,荆门市,新台西路6号,,21,21,30,14,22,63,NA,100,80,9,8,10,10,1.1,0.7
2026-08-05T2300,4125A,113.946,30.8999,孝感市,天仙南路1号,,30,21,41,3,25,96,NA,156,111,6,10,5,8,0.5,0.6
2026-08-05T2300,4127A,111.9812,27.7591,娄底市,涟钢职大,,18,18,20,1,8,35,NA,85,53,4,6,1,1,0.8,2.3
2026-08-05T2300,4128A,112.0303,27.7457,娄底市,娄底体校,,28,28,26,6,12,22,NA,80,45,7,7,4,5,0.4,0.5
2026-08-05T2300,4129A,113.8666,23.1062,东莞市,裕兴路,颗粒物(PM10),70,78,47,39,23,41,NA,138,89,57,29,9,8,0.8,0.6
2026-08-05T2300,4130A,114.0076,22.9739,东莞市,教育路1号,,46,46,47,20,24,74,NA,188,158,29,35,8,9,0.7,0.8
2026-08-05T2300,4131A,113.7981,22.8124,东莞市,长怡路1号,,35,35,44,16,25,72,NA,177,124,20,31,6,6,0.7,0.9
2026-08-05T2300,4132A,108.2927,23.1477,南宁市,起凤路9号,,13,11,13,7,7,40,NA,55,48,8,7,4,4,0.6,0.6
2026-08-05T2300,4133A,106.6273,23.8798,百色市,龙景西路,,20,20,24,8,10,48,NA,76,69,5,9,6,8,0.4,0.4
2026-08-05T2300,4134A,110.1952,20.0451,海口市,长滨二路9号,,9,9,9,6,5,18,NA,56,40,18,8,/,/,/,/
2026-08-05T2300,4135A,109.1714,18.3739,三亚市,城东小学站,,9,6,7,5,6,28,NA,40,36,3,4,/,/,/,/
2026-08-05T2300,4136A,108.6971,30.9377,重庆市,云师幼儿园,,14,10,15,3,4,43,NA,66,59,11,8,5,5,0.6,0.6
2026-08-05T2300,4137A,107.3276,30.3284,重庆市,公安局,,16,16,14,3,4,34,NA,67,57,11,6,8,8,0.5,0.5
2026-08-05T2300,4138A,108.0575,30.3254,重庆市,忠县中学,,16,12,14,6,6,51,NA,79,68,6,11,4,4,0.7,0.8
2026-08-05T2300,4139A,109.4542,31.0182,重庆市,竹枝路2号,,18,18,11,10,6,18,NA,54,44,19,14,11,11,0.7,0.6
2026-08-05T2300,4140A,107.7422,29.871,重庆市,龙河路,,19,NA,12,5,7,60,NA,86,78,6,10,6,6,0.6,0.6
2026-08-05T2300,4141A,108.7636,28.84,重庆市,桃花源中路,,18,18,13,3,3,28,NA,55,49,8,7,5,6,0.6,0.6
2026-08-05T2300,4142A,108.9758,28.4416,重庆市,秀山县高级中学,,8,7,6,2,3,23,NA,53,45,4,4,7,8,0.4,0.4
2026-08-05T2300,4143A,108.1558,29.2859,重庆市,河堡街,,15,15,10,7,6,39,NA,62,53,6,5,6,6,0.7,0.7
2026-08-05T2300,4144A,104.3257,30.6406,成都市,八角井街185号,,43,43,44,21,27,92,NA,151,120,21,13,7,7,0.5,0.5
2026-08-05T2300,4145A,104.4144,31.1495,德阳市,市林业局,,46,34,37,32,24,33,NA,146,126,73,19,10,10,0.7,0.6
2026-08-05T2300,4146A,104.7092,31.4972,绵阳市,科技城新区公安局,细颗粒物(PM2.5),62,NA,34,41,18,65,NA,130,118,32,16,11,10,0.6,0.5
2026-08-05T2300,4147A,105.0433,29.6105,内江市,玉峰路西段888号,,42,42,26,28,16,45,NA,138,112,33,16,9,10,0.5,0.5
2026-08-05T2300,4148A,103.8836,30.0695,眉山市,眉职院,,30,30,38,12,18,39,NA,136,90,30,19,8,7,0.8,0.8
2026-08-05T2300,4149A,104.6146,28.7422,宜宾市,宜宾市职业技术学校,,38,36,28,26,19,94,NA,112,105,15,11,5,5,1.0,0.9
2026-08-05T2300,4150A,104.6646,30.1116,资阳市,正兴街66号,,47,47,34,28,19,60,NA,135,108,16,12,5,5,0.6,0.5
2026-08-05T2300,4151A,104.8899,26.5685,六盘水市,钟山大道中段564号,,27,27,24,11,10,68,NA,94,92,13,16,4,6,0.5,0.6
2026-08-05T2300,4152A,107.0425,27.7087,遵义市,乌江大道东段1号,,19,19,15,12,12,38,NA,82,66,13,8,8,8,0.5,0.7
2026-08-05T2300,4153A,101.5536,25.0343,楚雄彝族自治州,团结路562号,,34,34,30,22,18,44,NA,102,83,15,14,4,4,0.9,0.9
2026-08-05T2300,4154A,103.401,23.3561,红河哈尼族彝族自治州,蒙自市朝阳路,NA,NA,NA,18,18,18,NA,NA,92,85,5,8,5,12,0.4,0.5
2026-08-05T2300,4155A,107.1721,34.3558,宝鸡市,滨河北路,,20,11,19,7,8,62,NA,104,88,3,5,4,6,0.6,0.7
2026-08-05T2300,4156A,108.6372,34.3031,咸阳市,胭脂路9号,,32,NA,14,22,11,52,NA,72,69,16,9,2,2,0.8,0.6
2026-08-05T2300,4157A,108.0371,34.3035,咸阳市,杨扶路,,29,NA,14,20,15,41,NA,70,63,8,5,3,2,0.4,0.4
2026-08-05T2300,4158A,108.0895,34.2623,咸阳市,新桥路,,29,20,17,20,14,46,NA,69,63,14,12,4,4,0.4,0.4
2026-08-05T2300,4159A,110.4531,35.4578,渭南市,桢州大街,,26,26,32,12,19,51,NA,87,75,6,6,9,11,1.2,1.5
2026-08-05T2300,4160A,110.4368,35.4773,渭南市,太史大街,细颗粒物(PM2.5),68,70,57,44,36,38,NA,80,64,10,8,8,8,1.0,1.2
2026-08-05T2300,4161A,109.485,36.6347,延安市,志丹路,,27,27,15,17,8,33,NA,56,53,16,7,2,2,0.5,0.4
2026-08-05T2300,4162A,101.6769,36.6535,西宁市,海晏路105号,,34,34,25,18,15,83,NA,150,129,20,12,4,5,0.3,0.5
2026-08-05T2300,4163A,102.0984,36.5119,海东市,滨河路,细颗粒物(PM2.5),110,86,32,70,20,24,NA,144,103,83,32,10,10,1.1,0.7
2026-08-05T2300,4164A,87.2057,43.9289,昌吉回族自治州,财政所,,33,33,70,11,15,53,NA,131,116,20,3,8,8,0.3,0.3
2026-08-05T2300,4165A,82.9716,46.7464,塔城地区,文化广场,,23,19,17,8,7,72,NA,107,101,4,4,4,4,0.2,0.4
2026-08-05T2300,4166A,88.1198,47.7931,阿勒泰地区,阿勒泰路33号,,25,25,81,7,19,76,NA,93,93,24,10,8,8,0.5,0.4
2026-08-05T2300,4167A,86.0126,44.2349,石河子市,城南景苑小区,,33,21,68,8,18,105,NA,124,110,4,6,6,6,0.3,0.2
2026-08-05T2300,4168A,87.055284,43.999117,五家渠市,建设西街760号,颗粒物(PM10),78,88,75,21,21,44,NA,129,111,42,7,4,4,0.4,0.3
2026-08-05T2300,4180A,113.8157285,34.126705,许昌市,新元大道996号,,32,32,38,11,24,84,NA,121,106,5,9,3,3,0.2,0.2
2026-08-05T2300,4181A,112.3571,28.5588,益阳市,龙洲站,,18,14,25,6,15,55,NA,93,75,12,7,8,8,0.4,0.5
2026-08-05T2300,4182A,116.1942,39.9158,北京市,石景山八角,,49,49,34,22,17,77,NA,130,118,18,18,4,3,0.6,0.6
2026-08-05T2300,4183A,121.417401,31.16637,上海市,冠生园路458号,,32,29,28,22,22,82,NA,86,85,10,14,7,7,0.6,0.5
2026-08-05T2300,4184A,115.479691,35.244011,菏泽市,永昌路1号,NA,NA,50,39,41,25,98,NA,122,119,NA,9,8,8,0.3,0.3
2026-08-05T2300,4185A,115.078022,30.21118,黄石市,磁湖东路29号,,41,41,50,19,29,88,NA,153,124,17,20,6,6,0.7,0.8
2026-08-05T2300,4186A,117.194237,34.229354,徐州市,解放南路202号,,45,45,37,21,25,77,NA,105,98,15,10,7,5,0.8,0.7
2026-08-05T2300,4187A,112.3425,28.611,益阳市,幸福渠东路223号,,15,15,21,10,16,41,NA,90,71,18,8,6,7,0.5,0.5
2026-08-05T2300,4188A,112.3712,28.5764,益阳市,益鑫泰路85号,,16,10,21,10,17,51,NA,88,70,15,8,9,10,0.5,0.8
2026-08-05T2300,4189A,113.113092,36.199482,长治市,英华南巷50号,,41,41,37,25,24,83,NA,96,94,7,6,11,11,1.0,1.1
2026-08-05T2300,4190A,113.23666,36.33435,长治市,学府街1号,,41,41,34,25,22,104,NA,122,122,3,3,6,7,0.7,0.7
2026-08-05T2300,4191A,118.527362,31.722269,马鞍山市,慈湖高新区,,47,47,47,31,29,71,NA,129,112,10,8,4,4,0.7,0.6
2026-08-05T2300,4192A,115.931587,28.686774,南昌市,南京东路235号,,34,34,30,12,26,91,NA,148,123,6,8,4,5,0.4,0.5
2026-08-05T2300,4193A,115.471542,35.280012,菏泽市,长城路999号,细颗粒物(PM2.5),52,39,31,36,24,94,NA,116,110,9,9,10,10,0.3,0.3
2026-08-05T2300,4194A,117.078628,40.151726,北京市,平谷新城,,37,37,30,25,17,71,NA,138,120,5,4,1,1,0.5,0.5
2026-08-05T2300,4196A,117.24369,39.102911,天津市,光华路,"颗粒物(PM10),细颗粒物(PM2.5)",58,61,40,39,22,120,NA,166,136,13,11,6,6,0.2,0.3
2026-08-05T2300,4197A,118.130859,39.636026,唐山市,友谊北路34号,,45,45,43,26,23,104,NA,153,119,9,5,2,4,0.3,0.4
2026-08-05T2300,4198A,119.509013,39.825305,秦皇岛市,北戴河轮滑馆,,33,33,36,12,21,79,NA,125,99,19,9,4,7,0.5,0.5
2026-08-05T2300,4199A,113.2798248,40.09972476,大同市,魏都大道141号,,19,19,18,11,6,28,NA,73,53,28,12,8,8,0.5,0.5
2026-08-05T2300,4200A,112.7478,37.6954,晋中市,迎宾街26号,,29,29,19,19,15,75,NA,103,89,8,11,8,7,0.2,0.2
2026-08-05T2300,4201A,122.944647,41.082639,鞍山市,兴盛南路290号,颗粒物(PM10),55,56,36,34,24,43,NA,129,90,40,17,4,4,0.6,0.8
2026-08-05T2300,4202A,113.9856,32.9802,驻马店市,交通路1233号,细颗粒物(PM2.5),56,56,42,38,25,81,NA,140,120,16,17,5,6,0.4,0.4
2026-08-05T2300,4203A,111.3168,30.7203,宜昌市,西陵二路116号,,21,17,12,6,3,65,NA,57,57,6,13,6,6,0.3,0.3
2026-08-05T2300,4204A,111.3526,30.6374,宜昌市,沈家店路6号,,26,26,13,7,5,62,NA,58,53,6,8,4,5,0.4,0.3
2026-08-05T2300,4205A,121.541914,31.268301,上海市,宁武路151号,细颗粒物(PM2.5),62,53,32,41,23,66,NA,74,72,21,21,6,7,0.8,0.7
2026-08-05T2300,4206A,119.028838,33.631911,淮安市,承德北路606号,,40,NA,28,28,29,56,NA,91,79,11,5,6,6,0.5,0.4
2026-08-05T2300,4207A,120.12211,33.393982,盐城市,黄海中路88号,,19,12,26,6,15,59,NA,103,84,4,2,9,9,0.6,0.7
2026-08-05T2300,4209A,117.003137,32.644456,淮南市,国庆中路369号,,40,40,38,18,25,49,NA,96,77,21,12,13,14,0.4,0.4
2026-08-05T2300,4210A,118.335445,29.720283,黄山市,滨江东路7-2号,,48,48,40,20,18,35,NA,83,59,8,6,/,/,/,/
2026-08-05T2300,4211A,118.190438,28.444845,上饶市,裕丰大道,,25,23,32,7,21,80,NA,117,87,6,7,12,12,0.6,0.6
2026-08-05T2300,4212A,118.3039243,36.82708161,淄博市,广场路1号,,49,36,26,34,20,41,NA,178,122,49,26,6,7,0.5,0.6
2026-08-05T2300,4213A,121.364239,37.529648,烟台市,青年南路118号,,16,12,10,4,3,50,NA,109,86,16,15,7,8,0.3,0.4
2026-08-05T2300,4214A,112.460027,34.694929,洛阳市,春都路1号院,,40,40,29,26,20,60,NA,122,101,17,12,2,3,0.5,0.5
2026-08-05T2300,4215A,113.916569,35.331547,新乡市,建设东路46号,细颗粒物(PM2.5),56,54,39,38,19,60,NA,114,99,17,7,8,8,0.7,0.7
2026-08-05T2300,4216A,115.0923632,35.76857718,濮阳市,任丘路479号,,44,44,41,24,23,107,NA,145,131,12,9,4,5,0.6,0.6
2026-08-05T2300,4217A,114.3182,29.8447,咸宁市,双鹤路18号,,28,NA,26,19,17,76,NA,127,93,6,6,4,4,0.5,0.5
2026-08-05T2300,4218A,111.446,27.2472,邵阳市,北塔二期4-26地块,,14,14,16,8,10,27,NA,61,48,8,10,5,5,0.7,0.7
2026-08-05T2300,4219A,111.4739,27.2282,邵阳市,邵水西路287号,,20,20,15,11,12,43,NA,76,59,5,5,2,2,0.4,0.4
2026-08-05T2300,4220A,114.214113,22.713717,深圳市,黄阁路,,26,20,25,7,10,83,NA,138,108,8,17,4,5,0.9,0.9
2026-08-05T2300,4221A,108.2177,22.7774,南宁市,乐贤路16号,,25,24,20,17,8,22,NA,71,44,20,15,8,6,0.5,0.5
2026-08-05T2300,4222A,110.1835,25.2444,桂林市,环湖路276号,,24,24,16,16,15,29,NA,66,51,11,6,37,29,0.4,0.4
2026-08-05T2300,4223A,106.4686218,29.48920871,重庆市,双山路147号,,36,36,24,10,13,88,NA,175,150,12,15,13,14,0.7,0.9
2026-08-05T2300,4224A,104.2433276,30.53529463,成都市,鲸龙路1057号,,45,45,40,28,29,43,NA,152,108,54,25,8,10,0.8,0.7
2026-08-05T2300,4225A,104.714266,29.338571,自贡市,贡兴路74号,,40,35,25,28,18,102,NA,135,121,7,7,9,10,0.5,0.5
2026-08-05T2300,4226A,104.765114,31.453094,绵阳市,绵阳市气象局,,32,29,26,22,13,71,NA,120,113,27,13,7,7,0.6,0.5
2026-08-05T2300,4227A,106.108336,30.788436,南充市,梨树横街98号,,37,37,17,20,8,53,NA,89,84,23,9,7,7,0.5,0.4
2026-08-05T2300,4229A,102.2342,27.8859,凉山彝族自治州,凯乐南路30号,,26,25,26,18,15,59,NA,106,85,8,16,5,6,0.4,0.4
2026-08-05T2300,4230A,106.688212,26.56952,贵阳市,花果园大街66号,,29,29,26,12,13,61,NA,79,77,18,12,2,4,/,/
2026-08-05T2300,4231A,106.687268,26.516892,贵阳市,漓江路57号,,21,NA,22,14,12,66,NA,90,86,14,13,4,5,0.5,0.5
2026-08-05T2300,4233A,108.596239,34.118792,西安市,西苑北路977号,,15,13,15,9,7,48,NA,72,67,15,9,1,1,0.5,0.5
2026-08-05T2300,4234A,108.949652,34.870529,铜川市,大唐三路,,13,13,16,8,10,33,NA,42,42,12,7,9,6,0.7,0.6
2026-08-05T2300,4235A,109.5051,34.4921,渭南市,渭花路4号,,17,17,7,7,6,11,NA,56,44,30,10,9,10,0.5,0.5
2026-08-05T2300,4236A,103.629272,36.093822,兰州市,庄浪东路808号,,41,41,46,20,18,52,NA,159,107,55,28,10,20,0.4,0.4
2026-08-05T2300,4237A,103.7251,36.104344,兰州市,安宁西路88号,,45,45,49,19,21,111,NA,172,137,13,23,9,17,0.4,0.6
2026-08-05T2300,4238A,103.846982,36.067567,兰州市,北滨河东路1号,,34,34,38,18,14,94,NA,148,109,19,28,12,16,0.4,0.5
2026-08-05T2300,4239A,102.193042,38.531887,金昌市,长春路96号,,45,41,60,15,18,141,NA,163,156,7,9,8,13,0.4,0.3
2026-08-05T2300,4240A,98.495752,39.733935,酒泉市,玉门东路5号,,46,46,35,21,13,113,NA,135,130,11,10,7,7,0.5,0.3
2026-08-05T2300,4241A,98.5099,39.7506,酒泉市,北大街108号,颗粒物(PM10),53,53,43,18,13,122,NA,141,133,5,9,11,12,0.3,0.4
2026-08-05T2300,4242A,106.226373,38.491976,银川市,广场西路,,39,30,28,7,10,123,NA,187,150,7,14,6,9,0.3,0.4
2026-08-05T2300,4243A,92.0515,31.4787,那曲市,那曲市委宣传部,,48,48,21,20,9,93,NA,142,130,20,12,6,6,0.4,0.3
2026-08-05T2300,4244A,111.4879,36.053,临汾市,启星学校,颗粒物(PM10),53,53,38,32,26,39,NA,108,87,17,12,4,5,1.5,1.2
2026-08-05T2300,4245A,106.8609,27.5969,遵义市,遵南大道1161号,,43,43,24,29,12,48,NA,112,95,29,9,5,5,0.7,0.6
2026-08-05T2300,4246A,105.833962,30.18863087,重庆市,桃园路24号,,29,22,19,20,14,79,NA,106,100,9,10,3,3,0.8,0.7
2026-08-05T2300,4247A,107.091033,29.153966,重庆市,钟楼街32号,,27,27,17,16,12,38,NA,96,80,13,7,12,12,0.6,0.6
2026-08-05T2300,4248A,107.8042979,30.67350233,重庆市,人民南路309号,,33,33,26,3,3,46,NA,68,65,9,3,7,7,0.4,0.4
2026-08-05T2300,4249A,118.8707617,31.34017673,南京市,汶溪路181号,,43,36,30,30,24,67,NA,121,100,16,6,6,4,0.8,0.6
2026-08-05T2300,4250A,114.089259,33.588274,漯河市,韶山路11号,,27,22,44,10,25,85,NA,141,116,15,14,6,7,0.3,0.5
2026-08-05T2300,4251A,112.1433,32.0581,襄阳市,铁院东路4号,,20,17,28,10,13,62,NA,116,72,16,15,6,7,0.6,0.7
2026-08-05T2300,4252A,113.0138,25.8011,郴州市,好美居路49号,,25,19,17,17,7,36,NA,77,57,12,9,12,8,/,/
2026-08-05T2300,4253A,116.010205,29.659402,九江市,莲花大道8号,,25,16,42,10,26,77,NA,141,114,7,9,6,8,0.4,0.7
2026-08-05T2300,4254A,120.2925,31.5685,无锡市,健康路105号,,29,29,35,16,18,62,NA,91,73,20,14,6,6,0.8,0.8
2026-08-05T2300,4255A,110.16795,22.640993,玉林市,人民东路196号,,16,12,16,11,10,24,NA,43,31,6,5,6,4,0.6,0.4
2026-08-05T2300,4256A,107.375,22.3736,崇左市,石景林东路7号,,15,13,14,10,9,33,NA,66,52,12,8,6,5,0.6,0.5
2026-08-05T2300,4257A,104.6092,35.5962,定西市,将台街,,49,49,35,18,9,89,NA,127,118,11,10,3,5,0.2,0.2
2026-08-05T2300,4258A,111.2416,23.4155,梧州市,政贤路18号,,27,27,20,13,11,17,NA,72,58,23,11,22,14,0.7,0.6
2026-08-05T2300,4259A,113.835877,34.0155267,许昌市,望田路111号,,32,23,36,14,24,101,NA,145,128,9,14,2,2,0.5,0.6
2026-08-05T2300,4260A,109.5933,23.095,贵港市,中山路155-3号,,32,32,22,13,10,30,NA,71,50,12,9,/,/,0.5,0.5
2026-08-05T2300,4261A,103.7247,27.3415,昭通市,环东路146号,,44,44,35,17,16,73,NA,104,97,15,20,6,11,0.6,0.6
2026-08-05T2300,4263A,105.3688,27.3598,毕节市,工业大道,,25,25,17,9,9,24,NA,87,65,37,18,9,8,/,/
2026-08-05T2300,4264A,113.234,35.219,焦作市,新安路1731号,,47,47,36,22,22,96,NA,132,118,8,10,5,6,0.8,0.7
2026-08-05T2300,4265A,113.108806,29.353066,岳阳市,求索西路365号,,22,14,28,2,16,69,NA,99,66,2,7,2,3,0.3,0.5
2026-08-05T2300,4266A,117.7325,34.5683,枣庄市,文化路178号,,46,46,29,28,18,95,NA,142,125,11,15,8,12,0.5,0.6
2026-08-05T2300,4268A,112.1722,30.3366,荆州市,学苑路85号,,20,13,21,4,12,63,NA,88,81,2,7,4,4,0.4,0.5
2026-08-05T2300,4269A,114.6701,33.6167,周口市,七一路,,46,40,34,32,25,70,NA,140,107,13,8,8,7,0.5,0.5
2026-08-05T2300,4270A,102.6447,37.9293,武威市,钟楼街149号,,35,34,40,20,13,112,NA,148,132,12,16,10,12,0.4,0.3
2026-08-05T2300,4271A,103.2464,35.6123,临夏回族自治州,滨河东路1号,,44,44,36,25,29,66,NA,142,122,17,13,7,8,0.5,0.5
2026-08-05T2300,4273A,81.2737,43.9337,伊犁哈萨克自治州,安徽路800号,,39,NA,17,27,9,78,NA,132,120,24,7,4,4,0.6,0.5
2026-08-05T2300,4274A,117.7994,40.9605,承德市,滨河大街98号,,25,23,27,17,14,25,NA,112,63,12,6,6,7,0.3,0.5
2026-08-05T2300,4275A,111.591512,40.827312,呼和浩特市,成吉思汗西街8号,,27,27,21,9,9,1,NA,68,41,43,28,4,4,0.4,0.4
2026-08-05T2300,4276A,111.6597,40.8077,呼和浩特市,公园东路75号,,20,17,18,14,10,30,NA,66,52,20,13,6,6,0.3,0.3
2026-08-05T2300,4277A,111.5427,40.7846,呼和浩特市,金海路35号,,16,16,25,6,10,42,NA,64,54,15,17,4,4,0.4,0.5
2026-08-05T2300,4278A,106.8212,39.6741,乌海市,海拉北路,,27,27,37,13,17,72,NA,116,94,12,10,16,17,0.6,0.7
2026-08-05T2300,4279A,119.7569,49.2222,呼伦贝尔市,伊敏大街东7号,,30,30,23,16,18,29,NA,87,66,33,17,5,6,0.2,0.2
2026-08-05T2300,4280A,122.0921,46.065,兴安盟,洮儿河南路,,20,20,21,14,10,36,NA,82,64,18,14,5,6,0.3,0.3
2026-08-05T2300,4281A,125.334645,43.916281,长春市,北亚泰大街1068号,,43,43,35,15,27,48,NA,88,64,36,15,2,2,0.5,0.6
2026-08-05T2300,4282A,126.6769,45.7379,哈尔滨市,华山路1号,,34,34,15,19,8,45,NA,99,82,25,13,9,8,0.4,0.3
2026-08-05T2300,4283A,126.9717,45.5356,哈尔滨市,解放大街52号,,27,27,20,12,4,16,NA,81,55,26,8,9,9,0.6,0.5
2026-08-05T2300,4284A,128.8325,47.8447,伊春市,永安路4-1号,,13,12,9,9,8,9,NA,63,41,8,3,2,2,0.4,0.4
2026-08-05T2300,4285A,130.363,46.806,佳木斯市,顺和街,,24,24,20,12,8,39,NA,80,60,14,9,4,4,0.3,0.2
2026-08-05T2300,4286A,130.3952,46.8268,佳木斯市,长安路196号,颗粒物(PM10),56,58,21,13,7,34,NA,78,58,14,8,4,4,0.3,0.3
2026-08-05T2300,4287A,129.5992,44.5964,牡丹江市,东晓云街98号,,23,23,26,16,14,12,NA,68,29,8,8,8,8,0.4,0.3
2026-08-05T2300,4288A,117.2438,34.2844,徐州市,龙潭环路5号,,32,29,31,22,24,89,NA,108,105,9,8,5,6,0.7,0.6
2026-08-05T2300,4289A,117.154766,29.256967,景德镇市,青少年活动中心,,25,22,34,17,21,40,NA,82,56,10,8,5,8,/,/
2026-08-05T2300,4290A,120.196923,35.954556,青岛市,珠江路669号,,24,14,14,10,11,74,NA,86,70,7,13,4,4,0.6,0.6
2026-08-05T2300,4291A,120.0424,35.8656,青岛市,黄岛区人民政府广场,,18,NA,9,12,10,49,NA,85,68,10,10,5,5,0.3,0.3
2026-08-05T2300,4292A,116.352738,37.420875,德州市,新河东路,,43,41,24,30,15,62,NA,177,135,26,14,6,8,0.7,0.6
2026-08-05T2300,4293A,113.605125,34.755221,郑州市,计划路2号,,40,31,34,28,23,101,NA,138,126,12,11,4,4,0.3,0.4
2026-08-05T2300,4294A,113.6525645,34.77362682,郑州市,同乐路9号,,40,38,33,28,26,101,NA,142,129,12,9,2,3,0.3,0.3
2026-08-05T2300,4295A,113.2722,35.2121,焦作市,人民路3066号,,42,42,34,22,22,88,NA,128,112,8,7,3,4,0.5,0.5
2026-08-05T2300,4296A,114.6421,33.6417,周口市,健康路46号,,39,39,33,20,19,61,NA,133,100,12,7,1,2,0.7,0.7
2026-08-05T2300,4297A,114.649,33.596,周口市,太昊路,,44,44,37,27,19,79,NA,133,104,10,6,2,2,0.8,0.8
2026-08-05T2300,4298A,114.284,29.8595,咸宁市,碧桂路,,23,23,30,14,18,58,NA,121,80,8,9,6,7,0.4,0.5
2026-08-05T2300,4299A,111.6195,26.2253,永州市,徐家井路86号,,16,16,23,11,13,48,NA,72,58,10,8,6,5,0.9,0.9
2026-08-05T2300,4300A,114.4089,23.1147,惠州市,文华一路1号,,29,29,31,17,17,73,NA,113,101,18,16,/,/,/,/
2026-08-05T2300,4301A,110.2803,25.2773,桂林市,信义路13号,,12,12,16,4,11,22,NA,67,44,13,7,4,9,0.5,0.5
2026-08-05T2300,4302A,108.0901,24.6945,河池市,上任中路54号,,22,22,16,8,5,2,NA,35,25,18,11,4,4,0.7,0.7
2026-08-05T2300,4303A,105.5911,30.5368,遂宁市,环岛商务中心9号楼,,33,33,21,22,8,51,NA,112,96,22,11,8,9,0.6,0.6
2026-08-05T2300,4304A,106.1172,30.843,南充市,清泉寺北路188号,,26,25,17,18,7,73,NA,92,91,9,5,8,8,0.2,0.1
2026-08-05T2300,4305A,106.067,30.7616,南充市,同庆路1号,,28,25,16,19,7,36,NA,89,78,32,14,6,6,0.4,0.3
2026-08-05T2300,4306A,103.0544,30.0133,雅安市,滨江西路,,28,26,21,19,14,72,NA,139,120,17,6,8,9,0.7,0.6
2026-08-05T2300,4307A,108.9817,34.2035,西安市,曲江池东路988号,,23,18,17,16,12,48,NA,70,64,16,12,2,2,0.8,0.7
2026-08-05T2300,4308A,107.3898,34.3601,宝鸡市,陈仓区北开路21号,,17,16,20,11,13,52,NA,89,75,9,8,4,4,0.4,0.4
2026-08-05T2300,4309A,104.6159,35.5701,定西市,正龙路62号,,41,41,33,2,7,89,NA,119,112,8,7,5,5,0.2,0.2
2026-08-05T2300,4310A,103.207136,35.599807,临夏回族自治州,新华街21号,颗粒物(PM10),53,54,47,19,22,107,NA,128,126,10,11,9,9,0.5,0.5
2026-08-05T2300,4311A,122.0383,46.0691,兴安盟,科尔沁北路63号,,21,21,17,10,9,45,NA,99,72,17,13,3,3,0.4,0.3
2026-08-05T2300,4312A,119.019,31.6512,南京市,中山西路1号,,36,36,29,24,21,64,NA,118,95,16,11,4,4,0.6,0.6
2026-08-05T2300,4314A,114.0494,38.059,石家庄市,矿区区委大楼,,34,34,33,14,7,66,NA,123,104,6,10,3,6,0.4,0.5
2026-08-05T2300,4325A,105.3665,28.77434,泸州市,纳溪区委政协,,38,27,21,26,14,67,NA,133,114,17,13,4,4,0.7,0.6
2026-08-05T2300,4326A,113.0794,22.5999,江门市,五邑大学,,22,22,25,13,16,54,NA,145,101,18,24,5,4,0.4,0.5
