timepoint,stationcode,longitude,latitude,area,positionname,primarypollutant,aqi,pm10,pm10_24h,pm2_5,pm2_5_24h,o3,o3_24h,o3_8h,o3_8h_24h,no2,no2_24h,so2,so2_24h,co,co_24h
2026-09-18T2200,1001A,116.3611,39.8786,北京市,万寿西宫,,47,47,47,20,26,109,NA,148,140,13,13,3,3,0.4,0.5
2026-09-18T2200,1003A,116.4174,39.9289,北京市,东四,,42,42,44,20,24,112,NA,154,145,14,10,4,4,0.4,0.5
2026-09-18T2200,1004A,116.4073,39.8858,北京市,天坛,,36,34,44,18,26,113,NA,148,142,16,14,3,3,0.7,0.8
2026-09-18T2200,1005A,116.4622,39.9364,北京市,农展馆,,38,38,47,17,26,105,NA,142,136,16,11,3,4,0.4,0.5
2026-09-18T2200,1006A,116.3399,39.9293,北京市,官园,,39,39,53,18,27,111,NA,145,137,11,10,4,3,0.6,0.7
2026-09-18T2200,1007A,116.2879,39.9613,北京市,海淀万柳,,44,44,70,18,30,109,NA,142,135,15,14,3,4,0.5,0.6
2026-09-18T2200,1008A,116.6635,40.1349,北京市,顺义新城,,34,29,37,14,22,107,NA,136,132,14,10,5,5,0.5,0.7
2026-09-18T2200,1009A,116.6275,40.327,北京市,怀柔镇,,48,48,50,26,32,105,NA,138,132,17,9,2,3,0.7,0.8
2026-09-18T2200,1010A,116.2295,40.217,北京市,昌平镇,,47,47,50,27,33,99,NA,144,132,19,11,3,3,0.6,0.7
2026-09-18T2200,1011A,116.3968,39.982,北京市,奥体中心,,39,39,47,19,28,112,NA,133,130,15,4,6,6,0.5,0.6
2026-09-18T2200,1015A,117.1446,39.1659,天津市,勤俭道,,33,24,42,11,23,104,NA,134,128,12,15,6,7,0.8,0.8
2026-09-18T2200,1018A,117.2016,39.0928,天津市,前进道,,31,23,38,10,20,99,NA,130,122,14,14,7,8,0.5,0.8
2026-09-18T2200,1019A,117.1837,39.2134,天津市,淮河道,,27,24,33,11,15,84,NA,129,120,20,15,8,9,0.9,0.9
2026-09-18T2200,1021A,117.308261,39.088386,天津市,跃进路,,34,34,45,13,23,78,NA,128,111,27,21,6,7,0.4,0.7
2026-09-18T2200,1023A,117.707,39.0344,天津市,第四大街,,28,20,28,8,13,88,NA,118,99,28,22,4,6,0.6,0.8
2026-09-18T2200,1024A,117.4573,38.8395,天津市,永明路,,33,20,28,10,15,103,NA,128,120,10,9,4,5,0.5,0.5
2026-09-18T2200,1026A,117.7641,39.1588,天津市,汉北路,,34,19,23,8,10,107,NA,135,122,17,14,5,5,0.5,0.6
2026-09-18T2200,1030A,114.5919,38.0328,石家庄市,高新区,细颗粒物(PM2.5),105,96,73,65,42,82,NA,NA,NA,35,20,3,2,0.5,0.5
2026-09-18T2200,1032A,114.4556,38.0136,石家庄市,西南高教,细颗粒物(PM2.5),110,98,70,71,41,100,NA,153,148,28,20,2,3,0.7,0.5
2026-09-18T2200,1033A,114.533,38.0177,石家庄市,世纪公园,细颗粒物(PM2.5),112,97,75,73,48,83,NA,131,126,28,19,2,2,1.2,0.9
2026-09-18T2200,1034A,114.5105,38.0489,石家庄市,人民会堂,细颗粒物(PM2.5),104,119,87,64,44,111,NA,157,154,30,19,3,3,0.8,0.6
2026-09-18T2200,1040A,118.1707,39.6505,唐山市,十二中,,47,47,32,12,17,95,NA,138,121,17,12,2,4,0.4,0.6
2026-09-18T2200,1041A,118.1868,39.6219,唐山市,小山,颗粒物(PM10),62,66,45,8,12,79,NA,139,118,28,9,5,10,0.2,0.6
2026-09-18T2200,1046A,119.5247,39.9346,秦皇岛市,建设大厦,颗粒物(PM10),63,68,46,28,12,8,NA,118,88,81,35,4,4,0.4,0.3
2026-09-18T2200,1049A,114.492,36.5712,邯郸市,矿院,细颗粒物(PM2.5),114,82,54,75,40,123,NA,174,161,18,26,6,12,1.1,1.4
2026-09-18T2200,1050A,114.4839,36.6136,邯郸市,丛台公园,细颗粒物(PM2.5),132,115,60,95,38,80,NA,170,150,36,21,11,22,0.8,1.5
2026-09-18T2200,1051A,115.4803,38.8568,保定市,游泳馆,颗粒物(PM10),51,51,62,30,46,108,NA,168,155,13,16,1,1,0.8,0.8
2026-09-18T2200,1052A,115.509,38.8895,保定市,华电二区,颗粒物(PM10),56,58,79,30,50,102,NA,164,149,15,17,3,2,0.7,0.7
2026-09-18T2200,1053A,115.4588,38.9037,保定市,接待中心,颗粒物(PM10),53,53,72,32,51,108,NA,158,149,9,11,6,5,0.4,0.5
2026-09-18T2200,1054A,115.4484,38.8344,保定市,地表水厂,,49,49,68,29,46,113,NA,166,154,13,18,3,3,0.6,0.7
2026-09-18T2200,1057A,114.8884,40.8336,张家口市,人民公园,细颗粒物(PM2.5),62,58,54,41,33,157,NA,173,163,9,12,2,2,0.6,0.5
2026-09-18T2200,1059A,114.868581,40.804273,张家口市,五金库,颗粒物(PM10),70,78,64,42,30,159,NA,168,157,11,16,/,/,/,/
2026-09-18T2200,1060A,114.8901,40.762,张家口市,世纪豪园,颗粒物(PM10),58,60,60,38,27,151,NA,165,152,9,12,6,7,0.8,0.7
2026-09-18T2200,1062A,117.9531,40.908,承德市,铁路,颗粒物(PM10),55,57,63,36,36,88,NA,134,115,28,19,6,6,0.5,0.6
2026-09-18T2200,1063A,117.9397,40.9763,承德市,中国银行,,50,50,56,35,34,41,NA,139,112,18,13,6,6,0.4,0.6
2026-09-18T2200,1067A,116.6712,39.5109,廊坊市,药材公司,颗粒物(PM10),54,55,54,25,29,87,NA,143,129,19,11,3,3,0.5,0.6
2026-09-18T2200,1068A,116.7215,39.5592,廊坊市,开发区,,48,48,51,29,30,75,NA,143,125,21,11,3,2,0.4,0.5
2026-09-18T2200,1070A,116.7246,39.5273,廊坊市,北华航天学院,颗粒物(PM10),52,52,41,21,27,80,NA,142,125,21,9,4,2,0.3,0.5
2026-09-18T2200,1071A,116.8733,38.2922,沧州市,沧县城建局,,46,44,56,32,41,73,NA,156,123,35,17,13,8,0.1,0.3
2026-09-18T2200,1072A,116.8462,38.3189,沧州市,电视转播站,NA,NA,NA,70,NA,34,NA,NA,135,NA,NA,18,NA,4,NA,0.2
2026-09-18T2200,1073A,116.8588,38.3161,沧州市,市环保局,,47,47,63,23,44,69,NA,132,105,18,12,6,6,0,0.2
2026-09-18T2200,1074A,115.6839,37.754,衡水市,电机北厂,细颗粒物(PM2.5),82,52,65,51,51,133,NA,171,166,10,17,3,4,0.4,0.4
2026-09-18T2200,1075A,115.6303,37.7318,衡水市,市监测站,颗粒物(PM10),59,62,77,34,41,133,NA,162,157,12,16,11,10,0.8,0.8
2026-09-18T2200,1077A,114.4687,37.0883,邢台市,达活泉,细颗粒物(PM2.5),110,96,68,71,37,119,NA,153,146,11,9,3,3,0.7,0.7
2026-09-18T2200,1078A,114.4954,37.0309,邢台市,邢师高专,细颗粒物(PM2.5),110,129,73,71,38,90,NA,149,137,19,13,1,3,0.9,0.8
2026-09-18T2200,1079A,114.5281,37.0857,邢台市,路桥公司,细颗粒物(PM2.5),116,91,57,77,41,121,NA,140,137,14,12,2,6,0.6,0.7
2026-09-18T2200,1080A,114.4721,37.0713,邢台市,市环保局,细颗粒物(PM2.5),110,102,74,70,37,128,NA,153,149,12,11,4,6,0.6,0.7
2026-09-18T2200,1081A,112.5138,37.8916,太原市,尖草坪,颗粒物(PM10),100,119,64,44,30,69,NA,160,143,50,26,10,11,0.8,0.5
2026-09-18T2200,1084A,112.4691,37.7125,太原市,晋源,细颗粒物(PM2.5),84,78,54,52,32,22,NA,155,130,84,22,10,10,0.9,0.7
2026-09-18T2200,1085A,112.5595,37.7391,太原市,小店,细颗粒物(PM2.5),88,90,55,54,28,80,NA,165,145,31,21,11,10,0.9,0.7
2026-09-18T2200,1087A,112.5705,37.8199,太原市,坞城,细颗粒物(PM2.5),86,74,52,53,31,48,NA,163,140,74,29,12,17,1.1,0.9
2026-09-18T2200,1088A,112.5495,37.9853,太原市,南寨,颗粒物(PM10),73,81,49,39,28,46,NA,138,112,29,26,5,7,0.6,0.7
2026-09-18T2200,1090A,111.6506,40.7517,呼和浩特市,呼市一监,颗粒物(PM10),70,78,40,32,20,65,NA,138,116,32,20,3,4,0.6,0.5
2026-09-18T2200,1094A,111.7516,40.8369,呼和浩特市,如意水处理厂,颗粒物(PM10),53,54,41,30,23,30,NA,139,115,76,24,8,8,0.6,0.4
2026-09-18T2200,1095A,111.727798,40.806187,呼和浩特市,二十九中,颗粒物(PM10),68,75,40,37,23,54,NA,138,119,50,20,8,8,0.7,0.5
2026-09-18T2200,1097A,111.717,40.7617,呼和浩特市,化肥厂生活区,颗粒物(PM10),65,70,41,34,22,71,NA,134,115,41,23,8,8,0.7,0.6
2026-09-18T2200,1099A,123.5058,41.7084,沈阳市,浑南东路,,49,49,38,18,17,49,NA,120,90,39,35,42,19,0.6,0.8
2026-09-18T2200,1100A,123.4238,41.6992,沈阳市,新秀街,颗粒物(PM10),52,52,37,17,15,42,NA,109,81,43,33,19,28,0.4,0.6
2026-09-18T2200,1102A,123.5903,41.8412,沈阳市,东陵路,,32,32,42,14,14,48,NA,112,84,27,24,17,13,0.4,0.6
2026-09-18T2200,1103A,123.4267,41.8466,沈阳市,陵东街,,27,27,32,11,14,62,NA,101,83,19,15,11,10,0.4,0.6
2026-09-18T2200,1104A,123.4116,41.7654,沈阳市,文化路,,31,31,38,9,12,68,NA,111,89,22,26,33,21,0.4,0.6
2026-09-18T2200,1105A,123.4673,41.787,沈阳市,小河沿,,26,26,35,8,14,52,NA,102,82,28,22,15,11,0.5,0.7
2026-09-18T2200,1106A,123.4019,41.7978,沈阳市,太原街,,35,35,39,13,16,66,NA,115,94,25,22,10,12,0.4,0.6
2026-09-18T2200,1108A,123.3778,41.9233,沈阳市,京沈街,颗粒物(PM10),52,52,45,19,17,53,NA,113,85,34,28,7,9,0.5,0.7
2026-09-18T2200,1109A,121.6119,38.974,大连市,甘井子,,31,19,24,7,10,97,NA,101,97,6,9,6,7,0.4,0.5
2026-09-18T2200,1110A,121.565,38.9509,大连市,周水子,,26,26,25,12,12,80,NA,91,84,14,14,6,6,0.6,0.6
2026-09-18T2200,1111A,121.5637,38.8849,大连市,星海三站,颗粒物(PM10),68,75,30,6,9,85,NA,102,86,5,6,2,6,0.6,0.6
2026-09-18T2200,1112A,121.6301,38.9117,大连市,青泥洼桥,,25,20,23,10,12,78,NA,95,85,7,9,7,7,0.4,0.4
2026-09-18T2200,1113A,121.6248,38.8643,大连市,傅家庄,,28,18,19,9,8,89,NA,108,94,3,5,6,6,0.5,0.5
2026-09-18T2200,1114A,121.5117,38.8636,大连市,七贤岭,,28,28,25,6,8,87,NA,104,90,8,9,6,6,0.5,0.5
2026-09-18T2200,1116A,121.7507,39.1339,大连市,金州,,28,16,24,6,14,88,NA,92,88,7,10,8,7,0.5,0.5
2026-09-18T2200,1117A,121.7811,39.0495,大连市,开发区,,25,24,26,8,14,78,NA,93,87,18,14,5,5,0.5,0.6
2026-09-18T2200,1118A,121.9762,39.0631,大连市,双D港,,27,14,19,6,10,86,NA,96,91,3,5,7,8,0.3,0.3
2026-09-18T2200,1120A,125.2874,43.9024,长春市,客车厂,颗粒物(PM10),80,91,40,43,18,13,NA,95,49,78,24,5,6,1.0,0.5
2026-09-18T2200,1121A,125.2943,43.8508,长春市,邮电学院,细颗粒物(PM2.5),68,60,33,44,17,3,NA,95,60,68,14,6,7,0.8,0.4
2026-09-18T2200,1122A,125.3648,43.8745,长春市,劳动公园,颗粒物(PM10),61,65,37,36,17,24,NA,99,64,32,12,5,5,0.6,0.4
2026-09-18T2200,1123A,125.3233,43.8781,长春市,园林处,细颗粒物(PM2.5),62,56,33,41,18,27,NA,98,67,48,14,8,8,0.8,0.5
2026-09-18T2200,1124A,125.4604,43.7904,长春市,净月潭,,20,20,19,12,11,59,NA,99,82,8,5,7,8,0.3,0.4
2026-09-18T2200,1126A,125.38,43.8422,长春市,经开区环卫处,颗粒物(PM10),71,79,36,31,16,3,NA,94,51,66,23,8,8,0.7,0.4
2026-09-18T2200,1127A,125.234,43.7761,长春市,高新区管委会,,35,33,29,24,15,6,NA,94,56,48,15,7,8,0.3,0.3
2026-09-18T2200,1128A,125.1695,43.83,长春市,岱山公园,,47,47,38,24,16,4,NA,91,44,84,32,4,5,0.5,0.4
2026-09-18T2200,1130A,126.5557,45.8109,哈尔滨市,松北商大,,31,31,37,10,16,56,NA,117,94,23,13,6,7,0.4,0.6
2026-09-18T2200,1132A,126.6162,45.719,哈尔滨市,南岗学府路,,33,33,43,7,11,78,NA,116,91,19,15,5,6,0.6,0.6
2026-09-18T2200,1133A,126.6894,45.7733,哈尔滨市,太平宏伟公园,,36,36,41,6,11,63,NA,113,89,28,15,9,9,0.4,0.3
2026-09-18T2200,1134A,126.6361,45.7672,哈尔滨市,道外承德广场,,45,45,53,10,12,76,NA,114,90,23,17,4,5,0.4,0.4
2026-09-18T2200,1136A,126.644,45.7261,哈尔滨市,动力和平路,,43,43,44,19,13,50,NA,111,80,38,20,8,8,0.7,0.7
2026-09-18T2200,1137A,126.5933,45.7479,哈尔滨市,道里建国路,,26,26,38,13,10,81,NA,116,98,14,11,6,7,0.3,0.5
2026-09-18T2200,1138A,126.6127,45.6119,哈尔滨市,平房东轻厂,,33,33,34,6,10,81,NA,108,93,8,6,5,5,0.3,0.4
2026-09-18T2200,1139A,126.5875,45.9827,哈尔滨市,呼兰师专,,31,31,39,7,11,75,NA,117,97,23,15,5,6,0.6,0.7
2026-09-18T2200,1140A,126.6299,45.6799,哈尔滨市,省农科院,,32,32,60,14,16,54,NA,111,77,44,21,5,6,0.6,0.7
2026-09-18T2200,1141A,121.401,31.2382,上海市,普陀,,30,30,33,18,16,56,NA,79,57,20,18,5,6,0.3,0.3
2026-09-18T2200,1142A,121.4774,31.2043,上海市,十五厂,,35,35,34,19,18,52,NA,74,52,17,14,5,6,0.6,0.6
2026-09-18T2200,1143A,121.4673,31.3011,上海市,虹口,,39,39,37,19,18,58,NA,73,58,15,17,4,5,0.3,0.2
2026-09-18T2200,1147A,121.4253,31.226,上海市,静安监测站,,32,31,33,22,20,59,NA,88,67,23,18,7,8,0.7,0.7
2026-09-18T2200,1148A,121.7029,31.1905,上海市,浦东川沙,,35,35,36,16,16,70,NA,81,73,9,13,11,11,0.5,0.5
2026-09-18T2200,1149A,121.5339,31.229,上海市,浦东新区监测站,,35,35,33,17,17,57,NA,69,60,14,17,8,8,0.3,0.3
2026-09-18T2200,1150A,121.5776,31.2038,上海市,浦东张江,,38,38,36,16,17,71,NA,76,69,11,16,7,7,0.7,0.6
2026-09-18T2200,1151A,118.8033,32.1085,南京市,迈皋桥,,38,38,22,24,13,35,NA,96,68,39,15,6,5,1.1,0.9
2026-09-18T2200,1152A,118.7487,32.057,南京市,草场门,,46,46,23,19,11,43,NA,104,82,55,24,7,5,0.9,0.8
2026-09-18T2200,1154A,118.770105,32.004342,南京市,中华门,,41,41,20,20,13,16,NA,94,66,25,18,6,7,0.5,0.3
2026-09-18T2200,1155A,118.8059,32.0329,南京市,瑞金路,,48,48,24,17,12,40,NA,99,77,41,18,4,4,0.8,0.4
2026-09-18T2200,1156A,118.7946,32.0774,南京市,玄武湖,,40,40,24,12,10,36,NA,109,80,45,21,4,4,0.6,0.4
2026-09-18T2200,1157A,118.6415,32.0964,南京市,浦口,,27,25,22,14,12,84,NA,103,92,14,16,5,5,0.6,0.6
2026-09-18T2200,1158A,118.730129,32.000956,南京市,奥体中心,,40,40,25,13,12,44,NA,106,85,44,21,7,6,0.9,0.7
2026-09-18T2200,1159A,118.9072,32.1047,南京市,仙林大学城,,46,46,30,17,14,6,NA,99,65,80,31,3,3,0.6,0.5
2026-09-18T2200,1163A,120.5974,31.3247,苏州市,轧钢厂,颗粒物(PM10),52,52,42,27,18,34,NA,92,72,35,31,5,6,0.8,0.8
2026-09-18T2200,1164A,120.6329,31.2741,苏州市,吴中区,颗粒物(PM10),55,56,40,30,17,31,NA,87,65,29,23,5,6,0.8,0.7
2026-09-18T2200,1165A,120.5566,31.3049,苏州市,苏州新区,,46,46,38,27,16,37,NA,94,69,26,24,7,7,0.6,0.5
2026-09-18T2200,1166A,120.668709,31.312523,苏州市,苏州工业园区,,50,50,38,28,18,38,NA,96,70,24,19,6,7,0.7,0.6
2026-09-18T2200,1167A,120.6408,31.3707,苏州市,相城区,,40,40,37,26,16,31,NA,93,69,30,22,9,9,0.8,0.7
2026-09-18T2200,1168A,120.9056,31.9669,南通市,狼山街道,,24,15,23,11,11,74,NA,87,77,5,9,5,6,0.6,0.6
2026-09-18T2200,1170A,120.8635,32.0231,南通市,城中,,22,14,28,13,13,69,NA,81,67,7,11,1,2,0.3,0.3
2026-09-18T2200,1171A,120.9376,31.9301,南通市,星湖花园,,22,13,23,13,13,68,NA,84,74,6,8,4,5,0.6,0.6
2026-09-18T2200,1172A,120.8053,32.046,南通市,紫琅学院,,23,NA,19,16,13,59,NA,76,60,9,12,3,3,0.6,0.6
2026-09-18T2200,1173A,119.1759,34.5885,连云港市,市环境监测站,,28,12,18,7,9,89,NA,112,89,9,7,9,8,0.4,0.4
2026-09-18T2200,1180A,117.257,34.2161,徐州市,新城区,颗粒物(PM10),58,61,82,28,50,71,NA,117,97,22,26,6,7,0.9,0.9
2026-09-18T2200,1182A,117.2933,34.2796,徐州市,农科院,,48,48,76,30,56,83,NA,118,102,20,24,10,11,0.7,0.8
2026-09-18T2200,1186A,119.3895,32.377,扬州市,邗江监测站,细颗粒物(PM2.5),58,NA,36,39,20,84,NA,109,86,18,13,4,6,0.8,0.7
2026-09-18T2200,1188A,120.2693,31.4864,无锡市,雪浪,,27,27,34,18,14,51,NA,111,92,27,24,5,6,0.8,0.7
2026-09-18T2200,1189A,120.2761,31.621,无锡市,黄巷,NA,NA,32,35,17,14,30,NA,106,83,NA,31,4,4,1.4,0.9
2026-09-18T2200,1191A,120.2422,31.5037,无锡市,漆塘,,43,43,46,19,15,49,NA,121,101,34,23,7,8,0.8,0.7
2026-09-18T2200,1192A,120.3489,31.5865,无锡市,东亭,,36,NA,26,25,13,30,NA,99,76,36,27,7,7,1.0,0.6
2026-09-18T2200,1193A,120.3538,31.5474,无锡市,旺庄,,43,NA,30,30,14,37,NA,111,88,32,22,8,8,1.2,0.8
2026-09-18T2200,1194A,120.2447,31.5633,无锡市,荣巷,NA,NA,NA,32,20,14,NA,NA,112,107,35,25,7,8,1.0,0.8
2026-09-18T2200,1195A,120.2986,31.6816,无锡市,堰桥,,43,NA,28,30,14,20,NA,101,66,45,23,5,6,0.8,0.7
2026-09-18T2200,1196A,119.9524,31.7586,常州市,市监测站,,39,39,43,23,16,38,NA,110,90,41,29,5,6,0.6,0.6
2026-09-18T2200,1200A,119.9351,31.703,常州市,武进监测站,,37,37,49,23,21,37,NA,110,88,34,27,3,4,0.6,0.6
2026-09-18T2200,1203A,119.6708,32.187,镇江市,新区办事处,细颗粒物(PM2.5),56,38,39,38,27,50,NA,93,82,50,29,4,6,1.0,0.6
2026-09-18T2200,1204A,119.497455,32.196732,镇江市,职教中心,细颗粒物(PM2.5),62,43,36,41,28,64,NA,92,84,29,30,4,5,0.7,0.6
2026-09-18T2200,1205A,119.43,32.1328,镇江市,丹徒区监测站,,43,NA,31,30,25,81,NA,88,86,22,33,2,5,1.0,1.1
2026-09-18T2200,1206A,119.9042,32.488,泰州市,公园路,,25,7,24,6,13,77,NA,84,75,4,9,8,9,0.4,0.5
2026-09-18T2200,1207A,119.9189,32.4626,泰州市,莲花,,25,10,26,2,11,78,NA,82,74,4,7,8,9,0.3,0.4
2026-09-18T2200,1209A,119.8877,32.4636,泰州市,留学生创业园,,27,14,26,9,16,84,NA,90,81,3,8,7,8,0.6,0.7
2026-09-18T2200,1210A,119.0566,33.5991,淮安市,钵池山,,19,NA,29,8,19,60,NA,97,74,10,18,5,6,0.6,0.6
2026-09-18T2200,1211A,119.0083,33.578,淮安市,北京南路,,21,19,34,7,18,67,NA,100,79,8,20,6,6,0.6,0.7
2026-09-18T2200,1212A,118.9938,33.6083,淮安市,市监测站,,21,NA,27,7,22,66,NA,99,78,11,25,8,9,0.8,0.9
2026-09-18T2200,1213A,119.135,33.5038,淮安市,楚州区监测站,,20,NA,29,6,19,62,NA,87,71,5,16,6,6,0.4,0.5
2026-09-18T2200,1216A,120.1554,33.3941,盐城市,市监测站,,30,22,26,8,10,94,NA,89,89,11,10,5,5,0.6,0.7
2026-09-18T2200,1218A,120.214332,33.37951,盐城市,开发区管委会,,28,24,26,11,11,87,NA,81,81,5,5,10,10,0.6,0.6
2026-09-18T2200,1220A,118.2924,33.933,宿迁市,宿迁学院,,20,20,48,11,42,59,NA,110,91,15,14,2,3,0.4,0.6
2026-09-18T2200,1221A,118.2321,33.9572,宿迁市,宿迁中学,,19,18,44,8,41,59,NA,100,82,11,11,5,6,0.7,0.9
2026-09-18T2200,1223A,120.2073,30.2111,杭州市,滨江,颗粒物(PM10),60,63,43,28,18,84,NA,158,142,31,22,7,7,0.5,0.4
2026-09-18T2200,1224A,120.0625,30.2737,杭州市,西溪,,35,35,30,24,17,73,NA,157,133,25,15,5,5,0.6,0.5
2026-09-18T2200,1226A,120.3417,30.315,杭州市,下沙,NA,NA,41,28,26,16,NA,NA,152,144,33,20,7,7,0.6,0.6
2026-09-18T2200,1227A,120.1252,30.2465,杭州市,卧龙桥,,46,46,34,28,17,53,NA,156,131,26,16,6,6,0.6,0.5
2026-09-18T2200,1228A,120.1902,30.2691,杭州市,浙江农大,,44,44,34,24,17,80,NA,143,126,26,22,13,10,0.7,0.6
2026-09-18T2200,1230A,120.1195,30.3121,杭州市,和睦小学,,38,38,30,26,18,75,NA,148,127,24,17,8,7,0.7,0.6
2026-09-18T2200,1231A,120.3076,30.4146,杭州市,临平镇,颗粒物(PM10),55,56,38,30,17,90,NA,144,126,20,20,8,8,0.7,0.6
2026-09-18T2200,1232A,120.2753,30.1839,杭州市,城厢镇,颗粒物(PM10),55,56,43,26,21,71,NA,139,120,23,17,8,9,0.6,0.5
2026-09-18T2200,1233A,120.0883,30.1808,杭州市,云栖,,49,44,34,34,19,50,NA,153,124,20,10,6,7,0.7,0.6
2026-09-18T2200,1234A,121.8352,29.9111,宁波市,区环保大楼,,46,46,39,15,14,38,NA,92,82,30,27,8,8,0.6,0.6
2026-09-18T2200,1235A,121.5595,29.8208,宁波市,万里学院,,35,35,38,15,19,77,NA,124,103,8,22,6,6,0.6,0.6
2026-09-18T2200,1236A,121.713,29.9564,宁波市,龙赛医院,,38,38,46,11,17,71,NA,110,102,8,23,7,8,0.5,0.6
2026-09-18T2200,1240A,121.5855,29.8635,宁波市,太古小学,,38,38,44,16,19,67,NA,110,91,6,24,5,5,0.6,0.6
2026-09-18T2200,1241A,121.5239,29.8673,宁波市,市环境监测中心,,32,32,38,19,20,73,NA,124,108,6,19,6,8,0.8,0.8
2026-09-18T2200,1242A,120.6342,28.0088,温州市,瓯海,,36,36,40,19,25,97,NA,134,120,18,27,7,7,0.5,0.5
2026-09-18T2200,1243A,120.6747,27.9881,温州市,南浦,,36,34,42,22,25,113,NA,129,118,11,18,6,7,0.5,0.5
2026-09-18T2200,1244A,120.76,27.9745,温州市,龙湾,颗粒物(PM10),55,57,43,20,20,99,NA,124,117,18,16,6,6,0.4,0.4
2026-09-18T2200,1247A,120.6053,29.9927,绍兴市,城东开发委,颗粒物(PM10),54,55,43,27,25,86,NA,149,122,26,18,7,7,0.6,0.6
2026-09-18T2200,1250A,120.075,30.867,湖州市,城西水厂,颗粒物(PM10),58,60,32,33,16,89,NA,116,112,25,19,8,8,0.8,0.5
2026-09-18T2200,1252A,120.7439,30.778,嘉兴市,清河小学,颗粒物(PM10),56,58,34,36,16,32,NA,105,82,21,16,6,6,0.3,0.2
2026-09-18T2200,1253A,120.7261,30.7477,嘉兴市,嘉兴学院,,44,44,27,30,17,40,NA,111,90,27,20,6,6,0.2,0
2026-09-18T2200,1255A,121.2727,28.6461,台州市,黄岩环保大楼,颗粒物(PM10),58,60,38,36,18,70,NA,138,117,17,10,/,/,/,/
2026-09-18T2200,1256A,121.4188,28.6545,台州市,台州环保大楼,颗粒物(PM10),53,54,42,28,18,80,NA,129,115,18,13,/,/,0.8,0.8
2026-09-18T2200,1257A,121.3768,28.5772,台州市,路桥田洋王,颗粒物(PM10),60,63,37,32,17,69,NA,135,118,28,13,8,7,0.6,0.5
2026-09-18T2200,1258A,122.1223,30.0203,舟山市,定海檀枫,,30,30,29,14,14,62,NA,93,78,6,7,7,7,0.7,0.7
2026-09-18T2200,1260A,122.1898,29.9945,舟山市,临城新区,,23,23,21,13,12,58,NA,94,76,10,8,7,6,0.6,0.5
2026-09-18T2200,1262A,119.6478,29.0773,金华市,十五中,颗粒物(PM10),67,73,55,40,29,145,NA,184,172,23,21,6,5,0.7,0.6
2026-09-18T2200,1263A,119.6859,29.1032,金华市,监测站,颗粒物(PM10),71,79,58,42,29,126,NA,181,160,32,26,4,3,0.9,0.6
2026-09-18T2200,1264A,118.8694,28.94,衢州市,环保大楼,颗粒物(PM10),63,67,52,41,31,92,NA,183,159,35,23,/,/,/,/
2026-09-18T2200,1266A,118.8622,28.9809,衢州市,衢州学院,颗粒物(PM10),52,52,41,31,26,103,NA,179,158,32,25,8,8,0.9,0.9
2026-09-18T2200,1267A,119.9141,28.4513,丽水市,监测站大楼,细颗粒物(PM2.5),66,54,34,43,22,95,NA,145,137,30,19,8,7,0.7,0.6
2026-09-18T2200,1268A,119.93,28.4589,丽水市,莲都小学,NA,NA,52,38,29,20,NA,NA,156,156,20,18,/,/,/,/
2026-09-18T2200,1269A,119.8794,28.4232,丽水市,余庄前,,40,40,28,24,12,58,NA,153,118,24,15,5,5,0.7,0.6
2026-09-18T2200,1270A,117.1957,31.7845,合肥市,明珠广场,,46,46,32,31,21,27,NA,63,47,35,25,10,10,0.5,0.5
2026-09-18T2200,1271A,117.307,31.8765,合肥市,三里街,,38,NA,22,26,16,64,NA,70,70,17,16,4,4,0.7,0.7
2026-09-18T2200,1272A,117.2587,31.8703,合肥市,琥珀山庄,,40,34,25,28,16,53,NA,70,67,22,20,6,6,0.4,0.2
2026-09-18T2200,1275A,117.2593,31.9376,合肥市,庐阳区,,39,27,24,27,16,55,NA,77,69,18,19,7,7,0.7,0.6
2026-09-18T2200,1276A,117.345251,31.861615,合肥市,瑶海区,,42,34,20,29,15,70,NA,81,81,13,11,4,3,0.6,0.5
2026-09-18T2200,1277A,117.3033,31.7967,合肥市,包河区,,34,34,24,19,14,37,NA,54,52,53,46,7,7,0.5,0.5
2026-09-18T2200,1278A,117.278,31.7392,合肥市,滨湖新区,,27,27,24,15,17,63,NA,73,73,19,22,7,6,0.8,0.8
2026-09-18T2200,1279A,117.1324,31.8395,合肥市,高新区,,39,36,27,27,18,37,NA,68,56,23,24,6,6,0.6,0.6
2026-09-18T2200,1282A,119.2681,26.0506,福州市,师大,,41,41,35,17,16,97,NA,148,126,12,9,5,6,0.4,0.5
2026-09-18T2200,1283A,119.2983,26.1028,福州市,五四北路,,35,35,32,18,23,92,NA,144,125,14,12,5,6,0.3,0.4
2026-09-18T2200,1284A,119.2648,26.0769,福州市,杨桥西路,,42,42,35,17,20,80,NA,146,122,18,10,4,4,/,/
2026-09-18T2200,1287A,118.1519,24.4768,厦门市,洪文,,38,38,35,20,18,94,NA,142,121,10,11,3,3,0.4,0.4
2026-09-18T2200,1288A,118.0671,24.4447,厦门市,鼓浪屿,,43,43,39,20,18,92,NA,142,118,10,11,3,3,/,/
2026-09-18T2200,1291A,115.8887,28.7006,南昌市,省林业公司,,50,44,36,35,30,116,NA,160,152,12,6,6,7,0.6,0.5
2026-09-18T2200,1292A,115.813,28.7443,南昌市,林科所,,48,34,34,33,31,116,NA,154,146,16,10,8,8,0.9,0.9
2026-09-18T2200,1294A,115.8518,28.687,南昌市,建工学校,颗粒物(PM10),51,51,45,35,30,109,NA,151,142,17,14,10,10,0.8,0.8
2026-09-18T2200,1295A,115.8926,28.6425,南昌市,象湖,细颗粒物(PM2.5),60,NA,35,40,32,104,NA,140,133,14,12,9,9,0.8,0.7
2026-09-18T2200,1299A,116.9866,36.6118,济南市,科干所,细颗粒物(PM2.5),100,102,75,60,48,138,NA,208,186,27,30,7,8,0.8,0.7
2026-09-18T2200,1300A,116.9379,36.6652,济南市,农科所,细颗粒物(PM2.5),90,88,86,55,54,101,NA,203,175,31,50,13,7,0.6,0.6
2026-09-18T2200,1301A,117.1265,36.6736,济南市,开发区,颗粒物(PM10),74,83,102,40,56,101,NA,220,195,26,33,17,11,0.9,1
2026-09-18T2200,1303A,117.0616,36.6865,济南市,省种子仓库,颗粒物(PM10),80,92,112,34,55,92,NA,227,206,30,49,14,8,0.7,0.8
2026-09-18T2200,1304A,116.9495185,36.644937,济南市,机床二厂,细颗粒物(PM2.5),96,103,102,58,56,111,NA,209,188,30,42,20,11,0.7,0.7
2026-09-18T2200,1305A,117.0496,36.6629,济南市,市监测站,颗粒物(PM10),83,95,100,50,55,100,NA,220,191,26,31,15,7,0.9,0.9
2026-09-18T2200,1306A,116.7674,36.5458,济南市,长清党校,细颗粒物(PM2.5),106,122,89,66,49,120,NA,204,186,39,30,6,7,0.7,0.5
2026-09-18T2200,1310A,120.404,36.0625,青岛市,市南区东部子站,,33,14,16,8,9,105,NA,128,122,7,9,7,7,0.0,0.1
2026-09-18T2200,1311A,120.362344,36.10282,青岛市,四方区子站,,35,12,20,9,10,110,NA,129,124,7,9,3,3,0.4,0.4
2026-09-18T2200,1312A,120.294373,36.054183,青岛市,市南区西部子站,,30,12,15,7,8,93,NA,124,107,25,17,4,5,0.5,0.5
2026-09-18T2200,1313A,120.4581,36.0858,青岛市,崂山区子站,,34,19,17,8,8,106,NA,126,123,7,7,8,9,0.4,0.4
2026-09-18T2200,1315A,120.3945,36.3083,青岛市,城阳区子站,,32,27,30,17,15,102,NA,134,113,18,19,4,4,0.3,0.4
2026-09-18T2200,1316A,113.6843,34.7622,郑州市,烟厂,细颗粒物(PM2.5),94,76,57,57,35,122,NA,159,145,21,16,8,7,0.6,0.4
2026-09-18T2200,1318A,113.669,34.8034,郑州市,银行学校,颗粒物(PM10),86,100,61,51,40,112,NA,154,138,23,17,5,5,0.9,0.6
2026-09-18T2200,1319A,113.5612,34.8143,郑州市,供水公司,细颗粒物(PM2.5),88,93,64,54,38,115,NA,154,136,26,22,6,6,0.8,0.6
2026-09-18T2200,1320A,113.7269,34.7187,郑州市,经开区管委,颗粒物(PM10),92,108,52,49,34,127,NA,164,148,26,20,5,3,0.6,0.5
2026-09-18T2200,1321A,113.7332,34.7727,郑州市,四十七中,NA,NA,NA,NA,NA,NA,NA,NA,NA,NA,NA,NA,NA,NA,NA,NA
2026-09-18T2200,1323A,113.6361,34.7537,郑州市,河医大,颗粒物(PM10),87,101,66,53,39,100,NA,152,132,34,18,8,8,0.9,0.7
2026-09-18T2200,1325A,114.3676,30.5584,武汉市,东湖梨园,,46,34,40,32,32,56,NA,89,82,22,16,9,8,0.7,0.9
2026-09-18T2200,1326A,114.2527,30.5578,武汉市,汉阳月湖,细颗粒物(PM2.5),54,49,38,37,32,53,NA,85,78,15,11,4,4,0.5,0.6
2026-09-18T2200,1327A,114.2819,30.6189,武汉市,汉口花桥,,50,42,36,35,31,64,NA,95,86,19,15,7,7,0.4,0.4
2026-09-18T2200,1328A,114.3024,30.5332,武汉市,武昌紫阳,颗粒物(PM10),53,53,51,33,36,66,NA,95,88,20,17,8,8,0.5,0.7
2026-09-18T2200,1329A,114.3646,30.6217,武汉市,青山钢花,,43,43,33,29,30,57,NA,95,85,20,13,10,10,0.5,0.5
2026-09-18T2200,1330A,114.156697,30.482592,武汉市,沌口新区,细颗粒物(PM2.5),52,50,38,36,29,63,NA,107,100,25,18,10,10,0.3,0.4
2026-09-18T2200,1331A,114.3013,30.5944,武汉市,汉口江滩,细颗粒物(PM2.5),60,45,39,40,29,55,NA,90,80,23,16,4,4,0.2,0.3
2026-09-18T2200,1333A,114.1285,30.6339,武汉市,吴家山,NA,NA,NA,29,NA,28,58,NA,102,93,19,14,7,7,0.6,0.6
2026-09-18T2200,1335A,113.082,28.2421,长沙市,经开区环保局,,43,39,33,30,25,55,NA,61,56,16,11,5,5,0.7,0.6
2026-09-18T2200,1336A,112.8873,28.2202,长沙市,高开区环保局,,40,40,36,27,25,72,NA,68,66,7,8,4,4,1.0,0.9
2026-09-18T2200,1337A,113.0785,28.2012,长沙市,马坡岭,,43,39,36,30,26,59,NA,63,63,16,14,8,7,0.6,0.7
2026-09-18T2200,1338A,112.9448,28.1894,长沙市,湖南师范大学,,47,47,38,30,24,70,NA,69,69,12,11,8,8,0.6,0.5
2026-09-18T2200,1339A,113.0177,28.1322,长沙市,雨花区环保局,,43,40,32,30,24,66,NA,67,67,12,10,7,7,1.0,0.9
2026-09-18T2200,1340A,112.9795,28.2593,长沙市,伍家岭,,43,43,34,28,23,60,NA,64,63,11,9,4,4,0.6,0.5
2026-09-18T2200,1341A,113.002,28.1944,长沙市,火车新站,,46,38,34,32,26,60,NA,63,63,12,10,6,6,0.8,0.7
2026-09-18T2200,1342A,112.9846,28.1177,长沙市,天心区环保局,细颗粒物(PM2.5),52,42,34,36,27,70,NA,71,71,13,13,4,4,0.6,0.5
2026-09-18T2200,1343A,112.8906,28.1307,长沙市,湖南中医药大学,,46,40,35,32,29,72,NA,68,64,7,7,7,7,0.7,0.6
2026-09-18T2200,1345A,113.2346,23.1423,广州市,广雅中学,细颗粒物(PM2.5),58,58,50,39,30,97,NA,162,140,43,20,5,6,0.8,0.7
2026-09-18T2200,1346A,113.2611,23.105,广州市,市五中,细颗粒物(PM2.5),74,69,50,47,34,144,NA,200,180,38,19,5,6,/,/
2026-09-18T2200,1348A,113.3477,23.0916,广州市,广东商学院,颗粒物(PM10),61,65,51,36,29,134,NA,181,156,36,28,6,6,0.7,0.6
2026-09-18T2200,1349A,113.4332,23.105,广州市,市八十六中,NA,NA,31,37,22,28,NA,NA,195,NA,37,33,8,8,/,/
2026-09-18T2200,1350A,113.3506,22.9488,广州市,番禺中学,,39,32,48,18,27,122,NA,184,173,20,17,6,6,0.3,0.4
2026-09-18T2200,1351A,113.2147,23.3918,广州市,花都师范,颗粒物(PM10),54,55,57,36,36,80,NA,154,126,31,26,3,3,0.6,0.6
2026-09-18T2200,1352A,113.2599,23.1329,广州市,市监测站,颗粒物(PM10),66,72,53,42,29,127,NA,166,145,32,20,1,2,/,/
2026-09-18T2200,1353A,113.5618,23.3119,广州市,九龙镇镇龙,细颗粒物(PM2.5),58,54,52,39,34,30,NA,120,87,31,22,8,8,0.8,0.7
2026-09-18T2200,1354A,113.2764,23.1544,广州市,麓湖,细颗粒物(PM2.5),52,48,44,36,28,72,NA,147,120,48,28,7,7,0.6,0.6
2026-09-18T2200,1356A,114.0948,22.5506,深圳市,通心岭子站,,32,26,33,16,18,100,NA,151,133,5,5,3,3,0.6,0.6
2026-09-18T2200,1357A,114.1153,22.5713,深圳市,洪湖,,29,29,38,14,19,84,NA,152,126,15,14,1,2,0.6,0.6
2026-09-18T2200,1358A,113.9823,22.5398,深圳市,华侨城,,33,27,37,17,20,105,NA,156,139,14,11,/,/,/,/
2026-09-18T2200,1359A,113.9181,22.517,深圳市,南海子站,,49,37,35,34,25,112,NA,159,141,6,5,1,1,0.7,0.8
2026-09-18T2200,1360A,114.2345,22.565,深圳市,盐田,,32,32,36,12,19,73,NA,136,109,13,18,8,9,0.7,0.7
2026-09-18T2200,1363A,114.4911,22.5381,深圳市,南澳,,22,22,32,14,17,69,NA,136,99,6,9,/,/,/,/
2026-09-18T2200,1364A,114.41,22.6346,深圳市,葵涌,,24,24,36,16,22,74,NA,146,120,11,9,7,8,0.7,0.8
2026-09-18T2200,1365A,114.2967,22.5978,深圳市,梅沙,,31,31,35,12,17,82,NA,149,115,11,10,/,/,/,/
2026-09-18T2200,1366A,114.0563,22.7353,深圳市,观澜,颗粒物(PM10),55,57,51,25,25,76,NA,171,129,35,23,4,4,0.6,0.6
2026-09-18T2200,1367A,113.5811,22.2618,珠海市,吉大,,24,22,29,15,19,74,NA,139,103,16,13,8,8,0.8,0.8
2026-09-18T2200,1368A,113.4893,22.2323,珠海市,前山,,34,34,39,18,21,82,NA,153,122,22,19,/,/,/,/
2026-09-18T2200,1369A,113.6284,22.4252,珠海市,唐家,NA,NA,NA,91,NA,21,87,NA,165,141,NA,8,/,/,/,/
2026-09-18T2200,1370A,113.2986,22.2284,珠海市,斗门,,29,21,38,13,20,90,NA,169,138,8,10,10,10,0.5,0.5
2026-09-18T2200,1371A,113.1293,23.0065,佛山市,湾梁,细颗粒物(PM2.5),66,66,50,43,34,118,NA,179,163,35,18,/,/,/,/
2026-09-18T2200,1372A,113.1082,23.0477,佛山市,华材职中,细颗粒物(PM2.5),78,70,50,49,36,148,NA,194,184,26,14,2,2,0.7,0.6
2026-09-18T2200,1373A,113.1439,23.045,佛山市,南海气象局,细颗粒物(PM2.5),88,69,48,54,35,125,NA,175,164,46,21,/,/,/,/
2026-09-18T2200,1374A,113.2879,22.8094,佛山市,顺德苏岗,颗粒物(PM10),55,56,46,29,32,121,NA,221,205,24,18,/,/,0.4,0.4
2026-09-18T2200,1376A,112.8384,22.8678,佛山市,高明孔堂,细颗粒物(PM2.5),52,51,48,36,31,144,NA,181,168,14,13,/,/,/,/
2026-09-18T2200,1377A,112.8835,23.1584,佛山市,三水监测站,NA,NA,83,66,59,43,90,NA,192,169,NA,25,5,5,0.5,0.5
2026-09-18T2200,1378A,112.8668,23.185,佛山市,三水云东海,细颗粒物(PM2.5),82,75,61,51,41,109,NA,180,162,27,21,/,/,/,/
2026-09-18T2200,1379A,113.377,22.5211,中山市,华柏园,,32,22,40,20,29,100,NA,179,163,14,11,/,/,/,/
2026-09-18T2200,1380A,113.3879,22.5499,中山市,张溪,,43,43,44,14,24,114,NA,193,179,20,15,/,/,/,/
2026-09-18T2200,1381A,113.4071,22.5111,中山市,紫马岭,,33,25,39,19,24,103,NA,195,175,14,13,9,9,0.6,0.6
2026-09-18T2200,1383A,113.1063,22.6058,江门市,北街,,35,28,42,22,26,110,NA,195,177,8,8,/,/,/,/
2026-09-18T2200,1384A,113.073,22.5835,江门市,西区,颗粒物(PM10),58,61,48,27,28,110,NA,191,173,16,16,/,/,/,/
2026-09-18T2200,1385A,113.0218,22.531,江门市,圭峰西,,38,31,43,19,26,119,NA,183,168,12,14,/,/,/,/
2026-09-18T2200,1390A,113.7943,23.0132,东莞市,东城石井,颗粒物(PM10),52,52,45,33,28,95,NA,123,112,20,15,7,7,0.9,0.8
2026-09-18T2200,1391A,113.7384,22.9659,东莞市,南城西平,,45,45,45,23,27,127,NA,168,160,19,18,9,10,0.8,0.8
2026-09-18T2200,1392A,114.4181,23.0528,惠州市,河南岸金山湖子站,,34,34,41,16,24,78,NA,138,120,23,13,8,8,0.5,0.6
2026-09-18T2200,1393A,114.4055,23.0824,惠州市,下埔横江三路子站,,44,44,46,27,26,78,NA,127,112,22,12,6,7,0.6,0.6
2026-09-18T2200,1395A,114.4645,22.7832,惠州市,惠阳区承修路船湖子站,,31,31,42,17,24,88,NA,161,127,10,9,6,4,0.8,0.7
2026-09-18T2200,1396A,114.5316,22.7423,惠州市,大亚湾管委会子站,,30,30,39,16,22,91,NA,132,108,7,11,10,10,0.5,0.6
2026-09-18T2200,1397A,112.426,23.062,肇庆市,睦岗子站,颗粒物(PM10),79,90,56,39,32,117,NA,183,172,28,28,7,9,/,/
2026-09-18T2200,1398A,112.4645,23.0476,肇庆市,城中子站,颗粒物(PM10),60,64,54,33,34,145,NA,181,176,26,19,11,13,0.9,0.8
2026-09-18T2200,1399A,112.5545,23.1525,肇庆市,坑口子站,颗粒物(PM10),60,63,49,39,34,151,NA,197,190,10,11,7,9,0.6,0.6
2026-09-18T2200,1401A,108.3098,22.788,南宁市,二十一中,,45,31,30,31,20,72,NA,101,96,14,10,5,5,0.6,0.6
2026-09-18T2200,1402A,108.3135,22.8529,南宁市,北湖,细颗粒物(PM2.5),70,65,34,45,17,30,NA,106,88,45,10,7,5,0.7,0.5
2026-09-18T2200,1403A,108.3205,22.8222,南宁市,市监测站,,39,29,30,27,18,79,NA,107,101,12,8,5,6,0.8,0.7
2026-09-18T2200,1404A,108.3828,22.8038,南宁市,大自然花园,,36,31,29,25,19,56,NA,103,88,18,12,4,5,0.7,0.7
2026-09-18T2200,1406A,108.2397,22.8462,南宁市,区农职院,,50,48,43,35,24,32,NA,110,87,27,14,9,8,0.6,0.7
2026-09-18T2200,1407A,108.3285,22.7356,南宁市,英华嘉园,颗粒物(PM10),67,73,37,39,23,4,NA,102,78,68,18,5,5,0.9,0.7
2026-09-18T2200,1410A,110.3189,20.0596,海口市,海南大学,,39,39,35,18,16,112,NA,104,104,2,3,6,6,0.4,0.4
2026-09-18T2200,1411A,110.2827,20.0051,海口市,秀英海南医院,,34,27,24,16,15,106,NA,100,100,3,3,6,6,0.3,0.3
2026-09-18T2200,1412A,110.3391,19.9979,海口市,海南师范大学,,36,36,33,16,16,106,NA,102,102,3,4,4,4,0.4,0.4
2026-09-18T2200,1413A,110.3303,20.0359,海口市,龙华路环保局宿舍,,35,33,32,17,16,110,NA,105,105,3,4,/,/,0.3,0.3
2026-09-18T2200,1416A,106.4216,29.8256,重庆市,天生,,22,22,23,13,9,21,NA,35,34,17,20,8,8,0.7,0.7
2026-09-18T2200,1417A,106.6264,29.7226,重庆市,两路,,25,25,29,12,9,21,NA,32,29,20,17,4,4,0.8,0.8
2026-09-18T2200,1419A,106.5778,29.5103,重庆市,南坪,,44,44,36,3,11,26,NA,36,35,30,25,4,5,0.7,0.7
2026-09-18T2200,1420A,106.6556,29.6277,重庆市,唐家沱,,13,13,19,6,9,24,NA,33,32,16,22,8,11,0.7,0.7
2026-09-18T2200,1431A,103.9727,30.7242,成都市,金泉两河,,33,33,26,21,19,3,NA,47,38,38,21,1,1,0.8,0.7
2026-09-18T2200,1432A,104.1423,30.6765,成都市,十里店,,48,NA,23,33,20,14,NA,56,38,37,18,5,5,1.1,1
2026-09-18T2200,1433A,104.0594,30.5765,成都市,三瓦窑,,38,NA,20,26,19,42,NA,70,60,27,22,6,6,1.0,0.9
2026-09-18T2200,1434A,104.1122,30.6306,成都市,沙河铺,,40,37,27,28,18,17,NA,42,33,34,19,8,8,1.2,1
2026-09-18T2200,1439A,106.6863,26.6035,贵阳市,马鞍山,,13,12,15,9,11,40,NA,70,60,9,7,5,5,/,/
2026-09-18T2200,1441A,106.6241,26.6266,贵阳市,鉴湖路,,34,34,29,17,11,39,NA,60,54,12,6,10,8,0.7,0.6
2026-09-18T2200,1442A,106.7468,26.6344,贵阳市,燕子冲,,29,29,25,15,10,34,NA,72,58,17,9,6,7,0.5,0.4
2026-09-18T2200,1443A,106.6556,26.4362,贵阳市,碧云窝,,29,29,30,14,11,37,NA,60,54,9,6,7,10,/,/
2026-09-18T2200,1445A,106.6963,26.6063,贵阳市,红边门,,14,14,21,9,11,39,NA,64,52,12,9,5,4,/,/
2026-09-18T2200,1446A,106.7162383,26.56964667,贵阳市,新华路,,39,39,29,19,10,26,NA,59,48,28,11,7,6,0.6,0.5
2026-09-18T2200,1447A,106.6742,26.542,贵阳市,太慈桥,,27,27,22,15,11,30,NA,68,55,20,9,3,4,/,/
2026-09-18T2200,1450A,102.8203,24.889,昆明市,呈贡新区,,31,31,17,7,10,32,NA,85,67,28,15,4,4,0.4,0.5
2026-09-18T2200,1452A,102.7253,25.0904,昆明市,龙泉镇,,40,40,19,14,8,37,NA,86,69,24,14,5,3,0.5,0.4
2026-09-18T2200,1453A,102.7267,25.0378,昆明市,东风东路,,17,14,12,4,6,52,NA,80,68,12,11,5,5,0.4,0.5
2026-09-18T2200,1454A,102.6744,25.0671,昆明市,金鼎山,,20,14,16,12,8,61,NA,87,76,9,9,3,4,0.5,0.5
2026-09-18T2200,1455A,102.6643,25.0401,昆明市,碧鸡广场,,26,26,14,5,7,47,NA,78,68,14,9,7,6,0.6,0.6
2026-09-18T2200,1456A,91.132,29.6515,拉萨市,八廓街,,32,15,10,9,6,101,NA,132,120,8,8,8,11,0.2,0.5
2026-09-18T2200,1457A,91.1221,29.6748,拉萨市,市环保局,,31,13,10,5,5,97,NA,126,113,7,10,8,10,0.2,0.2
2026-09-18T2200,1458A,91.0874,29.6476,拉萨市,区监测站,,33,14,8,7,6,103,NA,123,112,9,10,7,9,0.0,0.1
2026-09-18T2200,1459A,91.1774,29.6541,拉萨市,西藏大学,,32,12,8,6,5,102,NA,135,122,9,10,6,9,0.2,0.2
2026-09-18T2200,1460A,90.9798,29.6586,拉萨市,区辐射站,,32,22,12,11,6,102,NA,111,103,7,13,7,8,0.2,0.2
2026-09-18T2200,1461A,91.0831,29.6292,拉萨市,拉萨火车站,,32,9,8,5,5,100,NA,121,112,9,9,6,7,0.2,0.2
2026-09-18T2200,1463A,108.9931,34.2629,西安市,兴庆小区,细颗粒物(PM2.5),68,63,43,44,31,32,NA,90,79,41,17,5,6,0.7,0.5
2026-09-18T2200,1464A,109.0595,34.2569,西安市,纺织城,细颗粒物(PM2.5),76,65,46,48,36,5,NA,80,60,45,20,3,3,0.8,0.6
2026-09-18T2200,1465A,108.9377,34.2178,西安市,小寨,细颗粒物(PM2.5),76,68,47,48,34,46,NA,82,75,30,19,2,3,0.9,0.7
2026-09-18T2200,1466A,108.9522,34.2739,西安市,市人民体育场,细颗粒物(PM2.5),80,65,46,50,31,48,NA,105,93,38,20,3,5,1.0,0.8
2026-09-18T2200,1467A,108.8923,34.2322,西安市,高新西区,细颗粒物(PM2.5),74,76,54,47,32,50,NA,89,80,34,18,5,6,0.7,0.5
2026-09-18T2200,1468A,108.9386,34.3446,西安市,经开区,细颗粒物(PM2.5),78,83,46,49,29,35,NA,100,85,32,11,2,3,0.9,0.6
2026-09-18T2200,1469A,108.894,34.1557,西安市,长安区,细颗粒物(PM2.5),70,64,52,45,35,28,NA,60,54,42,25,2,4,0.5,0.4
2026-09-18T2200,1471A,109.213,34.3748,西安市,临潼区,,43,39,45,30,34,66,NA,90,87,13,13,3,4,0.7,0.7
2026-09-18T2200,1474A,109.0508,34.321,西安市,广运潭,细颗粒物(PM2.5),84,83,47,52,34,5,NA,93,74,62,17,6,6,0.8,0.7
2026-09-18T2200,1479A,103.8309,36.0467,兰州市,铁路设计院,,47,47,47,26,21,50,NA,114,90,33,37,3,6,0.1,0.1
2026-09-18T2200,1489A,106.1361,38.5039,银川市,学院路,颗粒物(PM10),59,62,48,19,19,67,NA,130,118,17,25,4,4,0.3,0.4
2026-09-18T2200,1490A,87.5796,43.8299,乌鲁木齐市,监测站,,35,35,42,4,14,65,NA,98,95,33,26,3,3,0.5,0.4
2026-09-18T2200,1491A,87.6044,43.7679,乌鲁木齐市,收费所,NA,NA,47,45,22,15,NA,NA,104,104,38,33,2,2,0.5,0.3
2026-09-18T2200,1493A,87.5529,43.8704,乌鲁木齐市,铁路局,,45,45,42,19,14,60,NA,98,93,37,32,8,8,0.6,0.6
2026-09-18T2200,1494A,87.6408,43.8258,乌鲁木齐市,三十一中学,,48,48,44,17,14,71,NA,95,92,23,23,6,6,0.5,0.5
2026-09-18T2200,1496A,87.7218,44.1747,乌鲁木齐市,米东区环保局,,31,31,46,12,14,86,NA,97,95,2,13,9,10,0.2,0.3
2026-09-18T2200,1508A,112.9508,27.8626,湘潭市,板塘,,49,48,39,34,27,65,NA,71,70,13,9,10,10,0.5,0.3
2026-09-18T2200,1511A,112.9114,27.8404,湘潭市,市监测站,细颗粒物(PM2.5),54,NA,25,37,26,56,NA,60,59,11,9,3,3,0.4,0.3
2026-09-18T2200,1512A,112.8935,27.8729,湘潭市,江麓,细颗粒物(PM2.5),52,45,37,36,28,57,NA,62,60,14,9,7,7,0.5,0.4
2026-09-18T2200,1513A,112.9227,27.8159,湘潭市,岳塘,,50,47,36,35,27,63,NA,70,69,10,8,8,7,0.0,0.1
2026-09-18T2200,1514A,112.9073,27.9118,湘潭市,科大,颗粒物(PM10),55,56,40,33,27,58,NA,62,61,13,7,7,7,0.6,0.5
2026-09-18T2200,1515A,113.1265,27.8306,株洲市,天台山庄,,50,48,43,35,31,51,NA,61,59,23,20,2,2,0.8,0.6
2026-09-18T2200,1518A,113.0937,27.8919,株洲市,株冶医院,,50,44,40,35,31,51,NA,60,56,18,15,4,4,0.9,0.8
2026-09-18T2200,1519A,113.1709,27.8661,株洲市,市四中,细颗粒物(PM2.5),52,48,41,36,31,63,NA,70,68,16,16,5,6,0.6,0.5
2026-09-18T2200,1520A,113.1515,27.8265,株洲市,火车站,细颗粒物(PM2.5),56,50,43,38,31,58,NA,66,64,19,15,10,11,0.7,0.6
2026-09-18T2200,1524A,113.1329,27.8491,株洲市,市监测站,,50,49,42,35,30,50,NA,62,61,24,19,8,8,0.5,0.4
2026-09-18T2200,1562A,113.0048,27.9153,湘潭市,昭山,颗粒物(PM10),51,51,42,32,28,52,NA,60,59,8,6,7,7,0.7,0.6
2026-09-18T2200,1585A,109.8761,40.6533,包头市,市环境监测站,,46,42,35,32,22,49,NA,120,98,51,26,6,8,0.6,0.5
2026-09-18T2200,1587A,109.9992,40.5843,包头市,包头八中,颗粒物(PM10),62,66,42,27,23,40,NA,113,88,54,26,9,9,0.5,0.4
2026-09-18T2200,1589A,109.8641,40.6288,包头市,惠龙物流,,46,45,35,32,23,47,NA,114,93,55,25,6,9,0.6,0.6
2026-09-18T2200,1590A,110.0376,40.5546,包头市,东河鸿龙湾,颗粒物(PM10),51,51,38,27,22,44,NA,115,87,39,25,7,8,0.7,0.6
2026-09-18T2200,1591A,110.0024,39.8127,鄂尔多斯市,综合楼,,48,48,39,16,19,96,NA,131,126,18,16,4,6,0.4,0.5
2026-09-18T2200,1592A,109.9485,39.8259,鄂尔多斯市,巴音孟克林场办事处,,32,31,36,9,17,102,NA,132,125,12,15,5,6,0.4,0.4
2026-09-18T2200,1593A,109.7734,39.5987,鄂尔多斯市,康泽苑,,28,27,33,13,17,88,NA,126,120,17,14,6,8,0.4,0.4
2026-09-18T2200,1594A,109.8121,39.5987,鄂尔多斯市,华泰汽车城,,28,22,36,13,17,89,NA,120,114,14,15,3,2,0.4,0.4
2026-09-18T2200,1595A,109.9734,39.7884,鄂尔多斯市,奥林花园,,31,31,42,18,19,94,NA,126,117,13,17,4,5,0.5,0.6
2026-09-18T2200,1597A,122.2704,40.7093,营口市,大庆路,,31,31,46,8,24,69,NA,97,88,16,21,7,8,0.6,1
2026-09-18T2200,1598A,122.215,40.6511,营口市,镜湖西路,,37,37,35,19,19,72,NA,103,94,24,21,4,6,0.5,0.5
2026-09-18T2200,1599A,122.1667,40.665,营口市,西炮台,,41,41,39,12,15,61,NA,107,88,21,20,6,6,0.4,0.4
2026-09-18T2200,1600A,124.33,40.0625,丹东市,江湾东路,颗粒物(PM10),95,112,48,48,21,15,NA,88,52,39,21,9,7,1.5,0.8
2026-09-18T2200,1601A,124.4242,40.1513,丹东市,临江后街,颗粒物(PM10),66,72,40,41,19,39,NA,87,64,16,17,4,6,0.5,0.8
2026-09-18T2200,1602A,124.3935,40.1461,丹东市,元宝山,,42,42,39,27,18,47,NA,85,74,12,14,8,7,0.6,0.6
2026-09-18T2200,1603A,124.3634,40.1093,丹东市,民主桥,,42,42,49,20,20,16,NA,78,49,39,22,9,10,0.3,0.5
2026-09-18T2200,1604A,122.0303,41.1489,盘锦市,开发区,NA,NA,36,40,20,30,NA,NA,112,91,38,18,5,7,0.5,0.7
2026-09-18T2200,1605A,122.0486,41.0883,盘锦市,兴隆台,,42,34,44,20,27,16,NA,116,64,84,34,5,8,0.5,0.9
2026-09-18T2200,1606A,121.8297,41.1026,盘锦市,新生街道,,29,29,24,16,23,3,NA,113,58,53,18,5,7,0.5,0.6
2026-09-18T2200,1607A,120.904878,40.721091,葫芦岛市,龙港区,NA,NA,NA,33,14,15,102,NA,104,NA,7,15,6,6,0.2,0.3
2026-09-18T2200,1608A,120.8382,40.7521,葫芦岛市,化工街,,30,24,32,16,17,94,NA,121,116,17,28,3,4,0.3,0.3
2026-09-18T2200,1609A,120.8339,40.7078,葫芦岛市,新区,,31,17,26,4,14,98,NA,131,124,11,16,4,5,0.4,0.4
2026-09-18T2200,1610A,120.8697,40.7679,葫芦岛市,东城区,,32,16,29,9,19,102,NA,123,117,18,31,5,5,0.5,0.5
2026-09-18T2200,1611A,118.5818,24.9116,泉州市,涂山街,,39,39,32,24,19,87,NA,132,117,16,10,7,4,0.5,0.5
2026-09-18T2200,1612A,118.597,24.8976,泉州市,津头埔,,40,40,35,24,19,82,NA,129,111,18,11,5,3,0.6,0.5
2026-09-18T2200,1613A,118.6669,24.9422,泉州市,万安,,39,39,34,18,16,84,NA,140,121,14,10,6,5,0.7,0.6
2026-09-18T2200,1618A,118.3429,35.0532,临沂市,沂河小区,,23,19,70,4,45,73,NA,144,110,11,19,8,10,0.4,0.6
2026-09-18T2200,1619A,118.2962,35.0568,临沂市,鲁南制药厂,,27,27,67,7,40,71,NA,153,118,13,19,7,11,0.5,0.8
2026-09-18T2200,1620A,118.2793,34.9976,临沂市,新光毛纺厂,,27,27,60,8,42,69,NA,148,114,22,29,9,11,0.3,0.5
2026-09-18T2200,1621A,118.3955,35.0889,临沂市,河东保险公司,,23,22,61,5,38,73,NA,154,117,21,28,9,7,0.4,0.5
2026-09-18T2200,1622A,116.3034,37.4675,德州市,儿童乐园,颗粒物(PM10),51,51,89,21,53,114,NA,191,174,14,39,8,9,0.5,0.7
2026-09-18T2200,1624A,116.2992,37.4449,德州市,监理站,NA,NA,44,82,19,46,NA,NA,196,195,16,32,11,12,0.5,0.6
2026-09-18T2200,1625A,115.9789,36.4372,聊城市,区政府,细颗粒物(PM2.5),121,125,80,83,41,82,NA,201,166,40,25,9,12,1.0,0.6
2026-09-18T2200,1629A,117.9961,37.3604,滨州市,第二水厂,,39,39,45,20,25,98,NA,144,129,17,16,8,9,0.8,0.9
2026-09-18T2200,1630A,117.9789,37.3931,滨州市,北中新校,,36,36,46,18,26,94,NA,153,133,14,15,8,11,0.5,0.7
2026-09-18T2200,1631A,118.0413,36.8101,淄博市,人民公园,,44,44,88,25,49,74,NA,195,131,21,25,8,9,0.4,0.6
2026-09-18T2200,1633A,117.8524,36.4848,淄博市,双山,细颗粒物(PM2.5),88,74,77,54,52,99,NA,195,175,26,23,8,8,1.2,1.3
2026-09-18T2200,1634A,117.9595,36.6332,淄博市,气象站,细颗粒物(PM2.5),108,83,83,68,54,97,NA,194,160,25,23,7,8,1.1,1
2026-09-18T2200,1637A,117.5628,34.8379,枣庄市,市中区政府,颗粒物(PM10),56,58,104,28,53,115,NA,158,138,13,28,6,9,0.4,0.6
2026-09-18T2200,1638A,117.2855,34.7838,枣庄市,薛城环保局,颗粒物(PM10),65,71,81,37,39,95,NA,157,133,16,40,6,5,0.4,0.5
2026-09-18T2200,1639A,117.5854,34.7744,枣庄市,峄城区政府,颗粒物(PM10),75,85,108,33,57,79,NA,152,132,25,25,7,9,0.4,0.4
2026-09-18T2200,1641A,117.4516,35.0992,枣庄市,山亭区环保局,细颗粒物(PM2.5),70,73,73,45,42,108,NA,170,148,16,17,6,8,0.5,0.6
2026-09-18T2200,1642A,121.2517,37.564,烟台市,开发区,,39,39,41,12,15,96,NA,125,110,17,22,5,6,0.7,0.6
2026-09-18T2200,1644A,121.3181,37.5436,烟台市,西郊化工站,,35,22,27,7,16,110,NA,124,116,7,17,4,5,0.6,0.6
2026-09-18T2200,1645A,121.4419,37.4858,烟台市,莱山环保局,,31,24,17,10,10,99,NA,126,116,10,10,4,3,0.4,0.4
2026-09-18T2200,1646A,121.2619,37.4965,烟台市,福山环保局,,41,41,42,16,17,81,NA,128,107,19,24,2,2,0.3,0.3
2026-09-18T2200,1650A,119.1436,36.7022,潍坊市,环保局,,34,34,40,15,16,81,NA,162,133,14,16,4,5,0.5,0.7
2026-09-18T2200,1653A,116.6229,35.4288,济宁市,火炬城,颗粒物(PM10),63,68,74,38,37,125,NA,197,176,14,21,3,4,0.4,0.5
2026-09-18T2200,1656A,117.1436,36.1938,泰安市,监测站,细颗粒物(PM2.5),180,NA,100,136,101,125,NA,208,190,44,19,7,9,1.0,1.1
2026-09-18T2200,1657A,117.0905,36.2002,泰安市,人口学校,细颗粒物(PM2.5),105,114,93,65,54,157,NA,192,184,23,19,10,11,0.8,0.8
2026-09-18T2200,1658A,117.0992,36.1757,泰安市,电力学校,细颗粒物(PM2.5),114,122,100,75,70,111,NA,210,191,44,18,NA,8,NA,0.7
2026-09-18T2200,1659A,119.4711,35.421,日照市,监测站,,29,7,15,4,9,91,NA,120,110,12,22,8,8,0.3,0.4
2026-09-18T2200,1660A,119.523,35.4216,日照市,市政府广场,,30,17,17,3,6,94,NA,122,114,8,8,6,6,0.4,0.4
2026-09-18T2200,1661A,119.5511,35.4113,日照市,港务局,,33,12,19,2,4,103,NA,128,122,4,5,7,7,0.5,0.5
2026-09-18T2200,1662A,122.121,37.4231,威海市,华夏技校,,27,17,12,11,6,84,NA,108,95,11,11,/,/,0.4,0.3
2026-09-18T2200,1663A,122.0508,37.5236,威海市,山大分校,,32,17,14,11,8,102,NA,115,104,5,8,/,/,/,/
2026-09-18T2200,1664A,122.1067,37.5067,威海市,市监测站,,30,17,17,9,7,95,NA,110,99,10,12,4,5,0.4,0.4
2026-09-18T2200,1666A,118.6612,37.4313,东营市,市环保局,NA,NA,17,26,7,12,NA,NA,134,129,NA,7,8,6,0.3,0.7
2026-09-18T2200,1669A,113.5821,24.7733,韶关市,市八中,,50,50,60,35,47,80,NA,156,140,20,13,15,17,0.9,0.7
2026-09-18T2200,1671A,113.5916,24.7973,韶关市,园林处,细颗粒物(PM2.5),84,69,46,52,41,83,NA,157,138,19,16,19,18,/,/
2026-09-18T2200,1673A,113.5971,24.6864,韶关市,曲江监测站,颗粒物(PM10),60,63,48,27,33,80,NA,143,117,16,14,11,14,1.2,0.6
2026-09-18T2200,1674A,116.6795,23.3666,汕头市,金平子站,,34,28,28,17,15,108,NA,122,121,13,10,4,5,0.6,0.6
2026-09-18T2200,1675A,116.7248,23.3632,汕头市,龙湖子站,,34,34,35,18,15,104,NA,113,113,4,4,5,5,/,/
2026-09-18T2200,1676A,116.7257,23.2774,汕头市,濠江子站,,35,22,29,16,15,109,NA,116,116,7,7,6,6,/,/
2026-09-18T2200,1677A,116.7518,23.4712,汕头市,澄海子站,,33,27,35,16,16,103,NA,113,113,4,6,4,5,0.6,0.5
2026-09-18T2200,1678A,116.6088,23.2539,汕头市,潮阳子站,,35,29,25,20,16,111,NA,112,112,8,6,7,7,0.5,0.4
2026-09-18T2200,1680A,110.3648,21.2697,湛江市,湛江影剧院,,43,31,34,19,20,136,NA,127,127,6,7,5,6,0.4,0.4
2026-09-18T2200,1681A,110.3907,21.2279,湛江市,市环境监测站,,42,32,31,22,20,133,NA,127,127,5,6,5,5,0.5,0.5
2026-09-18T2200,1682A,110.3936,21.1943,湛江市,环保局宿舍,,42,34,32,21,19,134,NA,132,132,7,7,6,7,/,/
2026-09-18T2200,1683A,110.4138,21.2033,湛江市,霞山游泳场,,41,35,33,16,17,129,NA,122,122,5,10,7,7,/,/
2026-09-18T2200,1685A,110.4512,21.239,湛江市,坡头区环保局,,43,26,31,18,19,136,NA,134,134,4,5,6,6,0.5,0.5
2026-09-18T2200,1686A,111.0285,21.469,茂名市,电白南海,,43,41,44,21,21,136,NA,140,140,12,10,4,6,0.5,0.6
2026-09-18T2200,1687A,110.9294,21.6533,茂名市,茂石化七小,颗粒物(PM10),55,56,48,30,27,104,NA,112,111,11,8,6,7,0.8,0.8
2026-09-18T2200,1688A,110.9108,21.6688,茂名市,健康路,,40,34,32,28,24,122,NA,126,126,10,8,7,11,0.8,0.8
2026-09-18T2200,1689A,110.8592,21.6826,茂名市,高岭,NA,NA,NA,48,26,26,119,NA,120,120,13,12,7,12,/,/
2026-09-18T2200,1690A,116.1248,24.3307,梅州市,梅江月梅,,37,37,39,22,27,58,NA,114,90,10,9,/,/,/,/
2026-09-18T2200,1691A,116.0798,24.2719,梅州市,梅县新城,颗粒物(PM10),57,59,49,37,34,29,NA,114,81,27,16,10,10,0.6,0.5
2026-09-18T2200,1693A,115.3653,22.7751,汕尾市,市环保局,NA,NA,18,33,12,20,NA,NA,126,99,10,12,10,11,0.4,0.4
2026-09-18T2200,1695A,115.362,22.7926,汕尾市,新城中学,,29,29,34,16,20,79,NA,121,106,12,11,7,8,0.7,0.7
2026-09-18T2200,1697A,114.6962,23.7538,河源市,东埔,,45,40,39,31,32,48,NA,108,89,25,12,6,8,0.9,0.8
2026-09-18T2200,1698A,114.6895,23.7232,河源市,老城,,40,38,46,28,30,51,NA,105,86,18,11,6,7,1.0,0.9
2026-09-18T2200,1701A,111.9491,21.8658,阳江市,马南垌,,42,42,35,21,16,134,NA,144,144,7,6,7,7,0.7,0.6
2026-09-18T2200,1703A,113.0218,23.7086,清远市,凤城街办,颗粒物(PM10),53,54,60,34,39,138,NA,200,182,13,15,/,/,/,/
2026-09-18T2200,1708A,116.3701,23.5345,揭阳市,新兴,,38,38,41,20,20,87,NA,125,112,17,12,10,10,0.9,0.8
2026-09-18T2200,1709A,116.3261,23.5442,揭阳市,西马,,45,45,41,18,20,93,NA,133,120,8,7,7,8,0.7,0.6
2026-09-18T2200,1710A,116.361,23.5627,揭阳市,东兴,,36,32,40,25,21,88,NA,124,114,15,13,7,10,/,/
2026-09-18T2200,1711A,116.4151,23.5295,揭阳市,渔湖,,35,34,38,24,19,87,NA,122,110,12,10,6,7,/,/
2026-09-18T2200,1714A,112.0281,22.9738,云浮市,牧羊,细颗粒物(PM2.5),52,45,47,36,29,95,NA,154,140,32,17,47,44,0.8,0.7
2026-09-18T2200,1715A,102.575,24.371,玉溪市,东风水库,,23,23,12,10,6,56,NA,71,66,10,7,9,8,0.5,0.6
2026-09-18T2200,1723A,113.2926,40.0759,大同市,云冈宾馆,颗粒物(PM10),73,82,63,30,24,122,NA,152,134,22,25,12,10,0.9,0.8
2026-09-18T2200,1724A,113.3437,40.0921,大同市,大同大学,颗粒物(PM10),54,55,49,30,22,103,NA,157,137,24,19,15,8,0.7,0.6
2026-09-18T2200,1725A,113.2637,40.129,大同市,安家小村,颗粒物(PM10),65,71,48,34,23,109,NA,156,138,26,15,14,6,0.7,0.6
2026-09-18T2200,1727A,113.1146,36.1547,长治市,清华站,细颗粒物(PM2.5),64,64,56,42,36,85,NA,127,119,17,18,10,11,0.9,0.8
2026-09-18T2200,1730A,113.0887,36.2126,长治市,审计局,细颗粒物(PM2.5),66,50,49,43,37,85,NA,139,128,23,22,11,12,1.2,0.8
2026-09-18T2200,1731A,113.0845,36.1856,长治市,长治八中,颗粒物(PM10),80,92,62,49,38,58,NA,136,116,36,24,11,13,1.2,1
2026-09-18T2200,1733A,111.5552,36.0791,临汾市,临钢医院,颗粒物(PM10),78,89,58,38,27,69,NA,142,120,28,19,5,5,0.7,0.5
2026-09-18T2200,1734A,111.4984,36.0734,临汾市,技工学校,颗粒物(PM10),90,106,58,53,33,62,NA,146,129,39,16,6,5,0.7,0.5
2026-09-18T2200,1736A,111.5017,36.0857,临汾市,市委,颗粒物(PM10),95,113,58,52,28,61,NA,150,133,39,15,6,5,0.9,0.6
2026-09-18T2200,1739A,113.4894,37.8717,阳泉市,赛鱼,细颗粒物(PM2.5),94,85,68,57,34,16,NA,136,116,74,45,6,10,0.8,0.7
2026-09-18T2200,1740A,113.582,37.8473,阳泉市,南庄,细颗粒物(PM2.5),96,84,63,58,34,85,NA,148,139,14,27,4,11,0.8,0.8
2026-09-18T2200,1742A,113.5616,37.8706,阳泉市,平坦,细颗粒物(PM2.5),94,95,76,57,35,131,NA,146,143,13,40,12,16,0.9,0.9
2026-09-18T2200,1743A,113.5115,37.8391,阳泉市,大阳泉,颗粒物(PM10),72,80,43,45,29,107,NA,135,130,11,18,4,15,0.9,0.9
2026-09-18T2200,1744A,118.9229,42.2816,赤峰市,松山一中,,49,NA,36,34,34,98,NA,143,119,20,21,21,16,0.6,0.6
2026-09-18T2200,1745A,118.9588,42.2733,赤峰市,哈达街,,50,38,45,35,31,103,NA,153,124,21,23,10,11,0.8,0.8
2026-09-18T2200,1746A,118.8792,42.2551,赤峰市,天义路,,39,34,30,27,24,109,NA,146,118,15,16,6,9,0.8,0.9
2026-09-18T2200,1748A,123.0441,41.1201,鞍山市,深沟寺,,22,22,23,10,12,60,NA,89,81,10,8,5,6,0.4,0.4
2026-09-18T2200,1749A,123.011,41.0931,鞍山市,太阳城,,32,32,31,11,13,66,NA,81,73,10,15,7,7,0.5,0.5
2026-09-18T2200,1750A,123.0483,41.1445,鞍山市,太平,,22,22,28,11,14,64,NA,78,73,9,11,8,9,0.7,0.7
2026-09-18T2200,1751A,122.964,41.0968,鞍山市,铁西三道街,,29,29,42,15,18,73,NA,88,81,10,17,5,6,0.7,0.8
2026-09-18T2200,1753A,123.0219,41.0822,鞍山市,明达新区,,26,26,30,12,17,66,NA,86,79,10,10,7,8,0.6,0.9
2026-09-18T2200,1755A,123.7974,41.8494,抚顺市,望花区,,45,45,49,18,20,31,NA,108,85,45,26,12,9,1.1,0.8
2026-09-18T2200,1756A,123.9161,41.8827,抚顺市,顺城区,"颗粒物(PM10),细颗粒物(PM2.5)",52,52,34,36,16,7,NA,107,71,54,28,10,11,0.9,0.7
2026-09-18T2200,1757A,124.0437,41.8615,抚顺市,东洲区,,25,25,23,16,10,34,NA,102,80,23,10,9,10,0.5,0.5
2026-09-18T2200,1758A,123.9246,41.8638,抚顺市,新抚区,,37,37,38,24,16,11,NA,101,75,43,24,7,8,0.7,0.5
2026-09-18T2200,1759A,124.0972,41.8961,抚顺市,大伙房水库,,19,11,16,6,9,60,NA,104,88,11,12,11,12,0.4,0.4
2026-09-18T2200,1760A,123.708,41.8386,抚顺市,沈抚新城,颗粒物(PM10),52,52,51,16,17,39,NA,123,92,42,31,10,13,0.7,0.8
2026-09-18T2200,1761A,123.8274146,41.31234549,本溪市,大峪,,34,34,30,13,12,45,NA,91,76,21,18,6,6,0.5,0.5
2026-09-18T2200,1763A,123.7169,41.3094,本溪市,彩屯,,49,49,47,17,19,38,NA,89,64,22,24,7,12,0.7,1.6
2026-09-18T2200,1764A,123.7672166,41.28649327,本溪市,东明,,38,38,33,16,13,33,NA,94,79,42,24,6,6,0.6,0.5
2026-09-18T2200,1765A,123.799345,41.266614,本溪市,新立屯,,21,21,22,6,7,34,NA,92,50,38,31,8,9,0.4,0.5
2026-09-18T2200,1766A,123.829144,41.336777,本溪市,威宁,,43,43,35,11,14,32,NA,90,68,32,18,5,5,0.3,0.5
2026-09-18T2200,1767A,121.1114,41.0879,锦州市,南山,,29,29,27,11,19,62,NA,114,96,45,29,6,6,0.3,0.3
2026-09-18T2200,1768A,121.060361,40.842794,锦州市,开发区,,40,40,42,12,17,72,NA,134,105,47,32,6,7,0.5,0.5
2026-09-18T2200,1769A,121.1836,41.1118,锦州市,百股街道,,30,21,25,13,20,96,NA,122,106,22,19,9,8,0.6,0.6
2026-09-18T2200,1770A,121.1176,41.1224,锦州市,天安街道,,41,41,33,14,22,59,NA,108,93,43,25,12,9,0.5,0.5
2026-09-18T2200,1771A,121.1303,41.1385,锦州市,北湖公园,,35,35,32,12,21,77,NA,113,102,27,18,14,6,0.2,0.2
2026-09-18T2200,1772A,126.54,43.8622,吉林市,哈达湾,,33,33,25,20,15,49,NA,97,72,22,16,3,4,0.3,0.3
2026-09-18T2200,1773A,126.5843,43.8358,吉林市,东局子,,22,19,20,15,13,37,NA,93,59,33,22,4,5,0.5,0.4
2026-09-18T2200,1774A,126.5051,43.8243,吉林市,电力学院,颗粒物(PM10),66,72,38,32,19,17,NA,88,53,29,17,7,7,0.6,0.5
2026-09-18T2200,1775A,126.6133,43.8971,吉林市,江北,,35,35,30,17,14,22,NA,89,57,32,14,6,6,1.1,0.5
2026-09-18T2200,1776A,126.5549,43.8304,吉林市,江南公园,,28,28,22,19,13,46,NA,91,72,12,10,3,4,0.1,0.1
2026-09-18T2200,1779A,123.9307,47.3641,齐齐哈尔市,安居小区,,49,49,65,13,20,107,NA,116,114,11,12,5,5,0.4,0.5
2026-09-18T2200,1780A,123.9497,47.3389,齐齐哈尔市,中心广场,,36,36,50,10,20,108,NA,116,115,8,11,5,5,0.2,0.3
2026-09-18T2200,1781A,123.9483,47.3229,齐齐哈尔市,农牧车辆厂,,35,34,56,17,19,112,NA,123,122,4,6,5,6,0.4,0.4
2026-09-18T2200,1783A,123.9442,47.2994,齐齐哈尔市,市环境监测站,,40,40,49,18,18,110,NA,121,119,6,7,5,5,0.4,0.4
2026-09-18T2200,1784A,129.61,44.561,牡丹江市,环保大楼,,41,41,27,15,12,1,NA,75,42,41,20,6,6,0.5,0.3
2026-09-18T2200,1787A,129.6364,44.6075,牡丹江市,机车工厂,颗粒物(PM10),77,87,47,19,15,20,NA,75,49,18,18,5,5,0.3,0.3
2026-09-18T2200,1788A,129.6386,44.5462,牡丹江市,第一中学,,39,39,36,7,10,5,NA,74,38,28,16,3,3,0.4,0.4
2026-09-18T2200,1789A,124.8085,46.0381,大庆市,大同区,,35,35,50,15,17,102,NA,135,121,8,9,5,6,0.5,0.5
2026-09-18T2200,1790A,125.1166,46.5255,大庆市,龙凤区,,35,35,45,15,21,90,NA,134,118,9,8,2,3,0.1,0.1
2026-09-18T2200,1791A,124.8894,46.4007,大庆市,红岗区,,34,34,44,15,18,99,NA,132,120,8,9,7,8,0.4,0.4
2026-09-18T2200,1792A,125.1391,46.578,大庆市,萨尔图区,,35,35,62,13,20,92,NA,120,111,10,11,7,8,0.5,0.6
2026-09-18T2200,1793A,124.9026,46.6217,大庆市,让胡路区,,44,44,48,12,20,113,NA,132,125,7,8,5,5,0.6,0.7
2026-09-18T2200,1794A,118.3603,31.3515,芜湖市,监测站,,35,35,29,20,23,56,NA,84,74,40,25,8,8,0.7,0.7
2026-09-18T2200,1795A,118.3716,31.4135,芜湖市,科创中心,颗粒物(PM10),63,68,31,23,19,40,NA,88,74,45,21,7,7,0.7,0.8
2026-09-18T2200,1796A,118.3671,31.3132,芜湖市,四水厂,,33,33,24,17,18,74,NA,93,87,24,17,7,7,0.7,0.7
2026-09-18T2200,1798A,118.5084,31.6838,马鞍山市,湖东路四小,,36,36,36,20,18,63,NA,96,86,23,15,8,9,1.0,1.1
2026-09-18T2200,1799A,118.5019,31.6449,马鞍山市,开发区,,32,32,25,19,18,76,NA,99,92,16,16,7,8,1.0,1.1
2026-09-18T2200,1803A,115.9873,29.6816,九江市,十里,细颗粒物(PM2.5),54,51,36,37,23,105,NA,144,134,13,11,2,3,0.7,0.7
2026-09-18T2200,1804A,115.9583,29.7047,九江市,茅山头,细颗粒物(PM2.5),74,56,35,47,28,92,NA,137,127,16,11,3,3,0.7,0.6
2026-09-18T2200,1805A,115.9877,29.7295,九江市,西园,NA,NA,54,38,42,26,NA,NA,138,136,21,9,7,7,0.7,0.7
2026-09-18T2200,1808A,115.9112,29.6038,九江市,综合工业园,,50,44,33,35,24,85,NA,148,126,54,25,8,8,0.8,0.8
2026-09-18T2200,1812A,112.3934,34.6517,洛阳市,市委党校,细颗粒物(PM2.5),115,96,70,76,48,73,NA,151,131,36,19,12,12,0.8,0.6
2026-09-18T2200,1815A,112.494,34.6883,洛阳市,河南林校,细颗粒物(PM2.5),102,85,61,62,37,71,NA,148,130,29,28,9,9,0.7,0.5
2026-09-18T2200,1816A,112.3843,34.623,洛阳市,开发区管委会,细颗粒物(PM2.5),92,69,62,56,44,89,NA,152,134,20,17,14,14,0.6,0.6
2026-09-18T2200,1817A,112.4263,34.6249,洛阳市,市委新办公区,细颗粒物(PM2.5),107,81,60,67,46,NA,NA,144,142,28,16,14,13,0.8,0.5
2026-09-18T2200,1819A,114.3552,36.1017,安阳市,红庙街,细颗粒物(PM2.5),104,99,59,64,33,96,NA,168,148,31,17,4,6,0.9,1.1
2026-09-18T2200,1820A,114.361,36.0681,安阳市,银杏小区,颗粒物(PM10),105,133,65,60,35,43,NA,169,134,47,18,5,9,1.4,1
2026-09-18T2200,1824A,114.3389,34.778,开封市,肿瘤医院,颗粒物(PM10),78,89,65,48,36,110,NA,166,148,26,18,8,6,0.7,0.7
2026-09-18T2200,1826A,114.2884,34.7966,开封市,世纪星幼儿园,NA,NA,75,56,NA,32,110,NA,160,147,31,22,3,4,0.6,0.6
2026-09-18T2200,1832A,113.3257,33.7423,平顶山市,新华旅馆,细颗粒物(PM2.5),72,50,59,46,36,81,NA,140,117,19,17,9,9,0.7,0.7
2026-09-18T2200,1833A,113.2917,33.737,平顶山市,规划设计院,细颗粒物(PM2.5),70,61,66,45,39,66,NA,140,115,26,20,8,8,0.8,0.7
2026-09-18T2200,1834A,113.182,33.7738,平顶山市,平顶山工学院,颗粒物(PM10),53,54,68,36,42,75,NA,135,119,15,17,9,10,0.6,0.8
2026-09-18T2200,1835A,111.1922,34.7752,三门峡市,市政府,,46,44,38,32,30,91,NA,126,121,24,13,7,8,0.6,0.6
2026-09-18T2200,1836A,111.1588,34.794,三门峡市,开发区,细颗粒物(PM2.5),60,53,50,40,30,93,NA,124,119,15,14,8,8,0.6,0.6
2026-09-18T2200,1840A,111.2991,30.6981,宜昌市,白龙岗,,26,24,21,18,11,57,NA,76,70,12,13,4,4,0.5,0.5
2026-09-18T2200,1842A,111.263451,30.696754,宜昌市,点军区,,34,34,21,13,10,47,NA,78,69,14,13,5,5,0.4,0.4
2026-09-18T2200,1843A,111.3276,30.782,宜昌市,夷陵区,,29,20,17,20,12,26,NA,61,53,13,15,6,6,0.5,0.5
2026-09-18T2200,1844A,112.2493,30.3198,荆州市,市图书馆,,32,NA,23,22,24,64,NA,94,89,15,11,7,6,0.7,0.7
2026-09-18T2200,1845A,112.2009,30.3543,荆州市,市委党校,,30,28,28,21,24,60,NA,88,82,12,11,6,6,0.6,0.6
2026-09-18T2200,1848A,113.1494,29.425,岳阳市,城陵矶,,45,45,39,20,13,67,NA,73,73,12,12,3,3,1.0,0.9
2026-09-18T2200,1849A,113.1493,29.3575,岳阳市,开发区,,49,38,32,34,22,72,NA,72,72,14,14,5,6,0.8,0.7
2026-09-18T2200,1850A,113.2672,29.4752,岳阳市,云溪区,,49,34,28,34,21,60,NA,72,70,14,10,5,4,0.8,0.9
2026-09-18T2200,1851A,112.9944,29.44,岳阳市,君山区,,43,43,29,29,20,65,NA,80,75,12,9,4,4,0.6,0.6
2026-09-18T2200,1854A,111.696,28.9725,常德市,市二中,NA,NA,30,20,26,17,NA,NA,92,92,10,8,9,9,0.6,0.5
2026-09-18T2200,1858A,110.532,29.1219,张家界市,永定新区,,40,40,28,24,15,74,NA,78,74,10,8,/,/,/,/
2026-09-18T2200,1859A,110.4696,29.1244,张家界市,电业局,,26,22,17,18,14,76,NA,75,68,8,9,1,2,0.5,0.5
2026-09-18T2200,1860A,110.5573,29.3486,张家界市,未央路,,28,NA,8,19,13,29,NA,72,52,11,8,4,4,0.2,0.1
2026-09-18T2200,1864A,110.3091,25.2705,桂林市,龙隐路小学,,40,NA,34,28,26,70,NA,101,90,11,14,4,7,0.7,0.7
2026-09-18T2200,1865A,110.2849361,25.22909545,桂林市,八中,,36,36,37,18,16,70,NA,106,92,10,12,4,10,0.7,0.6
2026-09-18T2200,1867A,109.1435,21.4085,北海市,海滩公园,,34,28,36,13,20,107,NA,142,124,8,4,5,5,0.6,0.6
2026-09-18T2200,1868A,109.0983,21.466,北海市,新市环保局,,33,24,37,19,22,103,NA,136,118,10,8,8,8,0.4,0.5
2026-09-18T2200,1869A,109.1775,21.5232,北海市,北海工业园,,28,25,41,19,25,88,NA,138,115,7,9,4,7,0.6,0.6
2026-09-18T2200,1870A,109.4854,24.3898,柳州市,柳东小学,,38,34,31,26,25,82,NA,115,107,12,13,5,6,0.6,0.7
2026-09-18T2200,1871A,109.4109,24.3304,柳州市,环保监测站,,32,23,43,22,28,60,NA,114,99,30,19,6,8,0.8,0.8
2026-09-18T2200,1872A,109.3886,24.3408,柳州市,河西水厂,,50,50,56,32,34,48,NA,111,95,35,23,10,16,0.8,0.8
2026-09-18T2200,1873A,109.4263,24.2951,柳州市,市四中,,48,48,46,31,26,54,NA,114,100,29,17,7,6,0.8,0.7
2026-09-18T2200,1874A,109.396,24.3658,柳州市,市九中,颗粒物(PM10),66,72,48,28,32,56,NA,117,98,32,20,9,9,0.7,0.7
2026-09-18T2200,1875A,109.4912,24.3164,柳州市,古亭山,,36,33,37,25,23,22,NA,102,74,39,22,4,5,0.7,0.7
2026-09-18T2200,1877A,109.4962,18.2682,三亚市,河西子站,,16,14,21,9,10,51,NA,67,56,4,4,4,4,0.4,0.4
2026-09-18T2200,1878A,104.7775,31.4741,绵阳市,富乐山,,24,24,24,6,10,39,NA,51,42,7,10,9,10,0.7,0.7
2026-09-18T2200,1880A,104.6698,31.4668,绵阳市,高新区自来水公司,,12,12,23,5,14,34,NA,63,48,14,11,8,9,0.8,0.8
2026-09-18T2200,1883A,104.6204,28.7728,宜宾市,市委,,31,31,28,21,21,39,NA,60,57,18,14,10,10,0.8,0.8
2026-09-18T2200,1884A,104.6056,28.7931,宜宾市,宜宾四中,,36,36,30,23,19,44,NA,64,62,19,11,11,11,1.0,0.9
2026-09-18T2200,1886A,104.5743,28.7199,宜宾市,黄金嘴,,34,34,34,22,22,34,NA,63,56,22,16,15,16,0.8,0.7
2026-09-18T2200,1888A,101.6891,26.571,攀枝花市,弄弄坪,,43,43,42,20,15,37,NA,86,71,22,16,11,18,0.5,0.7
2026-09-18T2200,1889A,101.577,26.5914,攀枝花市,河门口,NA,NA,NA,33,NA,18,NA,NA,77,NA,NA,11,NA,14,NA,0.9
2026-09-18T2200,1891A,101.7365,26.4986,攀枝花市,仁和,,48,45,32,33,22,26,NA,67,50,13,13,6,14,0.9,0.9
2026-09-18T2200,1894A,105.4427,28.9063,泸州市,小市上码头,,17,14,25,6,17,53,NA,60,60,10,13,5,5,0.7,0.7
2026-09-18T2200,1895A,105.4241,28.8573,泸州市,兰田宪桥,,21,21,26,7,17,26,NA,51,49,15,16,6,6,0.6,0.7
2026-09-18T2200,1896A,105.4378,28.8833,泸州市,市环监站,,14,12,25,7,15,44,NA,51,51,12,13,4,5,0.9,0.9
2026-09-18T2200,1901A,104.424,31.1209,德阳市,东山公园,,15,NA,15,10,10,44,NA,56,52,9,9,5,5,1.0,1
2026-09-18T2200,1902A,104.3827,31.1318,德阳市,西小区,,30,30,29,10,12,42,NA,58,54,22,16,10,11,0.8,0.8
2026-09-18T2200,1904A,104.3553,31.1091,德阳市,耐火材料厂,,27,27,29,14,21,41,NA,59,56,17,11,2,3,0.7,0.8
2026-09-18T2200,1906A,106.0791,30.8022,南充市,南充市委,,14,14,25,6,12,29,NA,47,46,13,16,6,6,0.5,0.5
2026-09-18T2200,1907A,106.1038,30.8215,南充市,南充炼油厂,,12,12,26,7,14,32,NA,52,50,9,14,6,8,0.4,0.4
2026-09-18T2200,1911A,106.9218,27.6872,遵义市,丁字口,,37,37,18,21,16,48,NA,80,67,15,11,8,6,0.8,0.8
2026-09-18T2200,1912A,106.9241,27.7044,遵义市,凤凰山,,31,31,24,19,15,61,NA,84,78,5,5,8,6,0.7,0.7
2026-09-18T2200,1913A,106.8895,27.648,遵义市,忠庄,颗粒物(PM10),51,51,26,26,17,50,NA,83,71,10,8,7,5,0.8,0.7
2026-09-18T2200,1915A,106.9225,27.7253,遵义市,干田坝,,33,33,25,20,16,61,NA,90,79,8,7,9,7,0.7,0.7
2026-09-18T2200,1916A,103.7897,25.5036,曲靖市,环境监测站,,22,22,16,10,8,37,NA,76,62,21,12,4,3,0.5,0.5
2026-09-18T2200,1917A,103.8013,25.5357,曲靖市,烟厂办公区,,17,17,18,8,7,44,NA,69,62,10,7,3,3,0.6,0.6
2026-09-18T2200,1919A,108.6726,34.315,咸阳市,实验中学,细颗粒物(PM2.5),90,76,44,55,33,52,NA,98,87,33,16,6,7,0.7,0.6
2026-09-18T2200,1920A,108.7226,34.3622,咸阳市,师范学院,细颗粒物(PM2.5),102,84,45,62,33,45,NA,101,87,29,14,7,8,0.6,0.4
2026-09-18T2200,1923A,109.0696,35.0699,铜川市,王益区政府,,38,31,24,26,18,62,NA,104,93,11,9,4,4,0.8,0.8
2026-09-18T2200,1924A,108.9345,34.9059,铜川市,新区管委会,,39,37,35,27,24,99,NA,111,109,14,16,4,5,0.8,0.8
2026-09-18T2200,1927A,109.4569,36.6161,延安市,延大医附院,NA,NA,NA,28,NA,26,NA,NA,80,NA,NA,17,NA,4,NA,0.7
2026-09-18T2200,1929A,109.5053,36.6105,延安市,百米大道,,49,49,52,24,26,58,NA,85,82,36,22,3,3,1.0,0.9
2026-09-18T2200,1931A,107.0802,34.3129,宝鸡市,竹园沟,,46,NA,35,32,29,35,NA,72,56,14,13,5,5,0.5,0.5
2026-09-18T2200,1933A,107.1429,34.3549,宝鸡市,监测站,,48,39,43,33,31,39,NA,76,62,19,15,2,2,0.6,0.6
2026-09-18T2200,1934A,107.1172,34.3759,宝鸡市,技工学校,,48,36,38,33,30,43,NA,79,67,14,13,6,7,0.7,0.7
2026-09-18T2200,1936A,107.2025,34.3518,宝鸡市,文理学院,细颗粒物(PM2.5),58,44,40,39,31,67,NA,82,80,16,12,5,6,0.6,0.5
2026-09-18T2200,1937A,107.2396,34.3626,宝鸡市,三迪小学,细颗粒物(PM2.5),68,51,41,44,31,65,NA,79,77,22,16,4,5,0.6,0.5
2026-09-18T2200,1940A,109.4605,34.4927,渭南市,体育馆,细颗粒物(PM2.5),90,75,47,55,31,27,NA,107,84,52,16,4,5,0.7,0.6
2026-09-18T2200,1941A,109.4257,34.5067,渭南市,高新一小,细颗粒物(PM2.5),86,66,43,53,30,26,NA,108,95,56,10,3,4,0.4,0.3
2026-09-18T2200,1944A,102.1691,38.5166,金昌市,天庆家园,,33,31,56,9,18,104,NA,110,109,4,13,5,10,0.1,0.3
2026-09-18T2200,1945A,98.291,39.7705,嘉峪关市,气象局,,41,41,60,14,13,83,NA,114,107,26,17,5,22,0.4,0.5
2026-09-18T2200,1948A,106.3668,39.0145,石嘴山市,大武口朝阳西街,颗粒物(PM10),52,52,55,24,30,82,NA,136,125,26,30,8,15,0.6,0.9
2026-09-18T2200,1949A,106.7713,39.2278,石嘴山市,惠农南大街,,34,34,39,19,17,71,NA,132,120,14,16,8,12,0.4,0.6
2026-09-18T2200,1950A,106.7074,39.1332,石嘴山市,红果子镇惠新街,颗粒物(PM10),61,65,49,16,18,81,NA,143,129,11,17,7,8,0.4,0.5
2026-09-18T2200,1951A,84.886,45.6029,克拉玛依市,长征新村,颗粒物(PM10),67,73,39,24,11,50,NA,88,80,32,10,4,3,0.5,0.3
2026-09-18T2200,1952A,84.8894,45.5827,克拉玛依市,南林小区,颗粒物(PM10),93,109,28,27,5,38,NA,87,76,46,11,8,8,0.2,0.1
2026-09-18T2200,1954A,84.896,44.3328,克拉玛依市,独山子区,颗粒物(PM10),54,55,46,18,9,82,NA,111,108,16,10,7,5,0.4,0.3
2026-09-18T2200,1955A,85.6888,46.0909,克拉玛依市,乌尔禾区商贸楼,颗粒物(PM10),103,127,41,58,15,30,NA,88,76,48,14,8,7,0.8,0.3
2026-09-18T2200,1956A,86.1476,41.7529,巴音郭楞蒙古自治州,孔雀公园,颗粒物(PM10),117,162,65,50,21,NA,NA,101,98,54,10,3,3,0.7,0.2
2026-09-18T2200,1957A,86.1971,41.7166,巴音郭楞蒙古自治州,棉纺厂,颗粒物(PM10),117,163,73,54,16,47,NA,102,92,39,19,/,/,/,/
2026-09-18T2200,1958A,86.236,41.7172,巴音郭楞蒙古自治州,经济开发区,颗粒物(PM10),115,159,53,55,16,55,NA,102,93,20,6,2,2,0.3,0.2
2026-09-18T2200,1961A,117.5323,36.6865,济南市,东山小学,颗粒物(PM10),69,76,88,36,51,81,NA,214,174,26,26,8,11,0.5,0.8
2026-09-18T2200,1982A,122.0693,37.2175,威海市,文登开发区,,25,14,18,10,9,80,NA,127,104,10,11,/,/,/,/
2026-09-18T2200,2031A,113.1836,27.9959,株洲市,云田中学,,49,46,41,34,30,57,NA,62,60,17,14,9,9,0.6,0.5
2026-09-18T2200,2054A,114.1096,32.1059,信阳市,平桥分局,细颗粒物(PM2.5),56,39,38,38,35,85,NA,107,100,12,12,7,7,0.5,0.5
2026-09-18T2200,2064A,113.9956,32.1272,信阳市,南湾水厂,,44,44,42,29,32,59,NA,94,80,10,11,6,6,0.5,0.5
2026-09-18T2200,2065A,114.078,32.1194,信阳市,市酿酒公司,细颗粒物(PM2.5),64,47,49,42,34,68,NA,100,90,10,11,6,6,0.6,0.6
2026-09-18T2200,2066A,114.0712,32.1393,信阳市,审计局,,49,47,40,34,31,66,NA,104,91,11,10,8,8,0.6,0.5
2026-09-18T2200,2068A,114.6755,33.6347,周口市,周口师范,颗粒物(PM10),53,53,57,31,29,83,NA,143,115,15,17,1,3,0.6,0.5
2026-09-18T2200,2160A,112.8496,35.5051,晋城市,自来水公司,颗粒物(PM10),70,77,59,34,27,91,NA,166,149,32,19,7,7,0.8,0.9
2026-09-18T2200,2162A,112.8509,35.4886,晋城市,市环保局,细颗粒物(PM2.5),92,89,53,56,32,74,NA,153,136,33,19,9,7,0.7,0.7
2026-09-18T2200,2166A,112.4399,39.3521,朔州市,平朔,颗粒物(PM10),53,53,46,22,18,101,NA,139,126,16,11,6,7,0.3,0.3
2026-09-18T2200,2167A,112.4574,39.362,朔州市,朔唯,颗粒物(PM10),66,72,58,32,20,86,NA,150,134,35,19,7,8,/,/
2026-09-18T2200,2168A,112.426,39.3199,朔州市,区政府,,46,46,46,25,18,102,NA,138,123,16,12,4,5,0.5,0.5
2026-09-18T2200,2169A,112.4075,39.3277,朔州市,市环保局,,42,41,41,29,20,114,NA,147,134,16,12,3,4,/,/
2026-09-18T2200,2170A,112.4273,39.3682,朔州市,市二中,颗粒物(PM10),56,58,45,28,19,114,NA,153,137,22,13,5,6,/,/
2026-09-18T2200,2174A,112.6992,37.6984,晋中市,榆次区政府,细颗粒物(PM2.5),76,85,44,48,26,100,NA,160,143,25,12,10,10,0.4,0.2
2026-09-18T2200,2175A,110.996,35.0148,运城市,运城中学,,48,NA,28,33,22,131,NA,134,134,11,9,6,6,0.6,0.5
2026-09-18T2200,2178A,110.9685,35.0305,运城市,地区技校,,43,38,28,30,21,129,NA,132,132,8,8,4,5,0.5,0.4
2026-09-18T2200,2181A,112.7313,38.457,忻州市,开发区,颗粒物(PM10),71,79,48,42,29,64,NA,155,137,37,23,6,7,0.9,0.7
2026-09-18T2200,2182A,112.7023,38.4932,忻州市,会展中心,颗粒物(PM10),63,67,50,41,30,73,NA,152,131,28,24,6,7,0.6,0.6
2026-09-18T2200,2183A,111.1447,37.5212,吕梁市,环保局,颗粒物(PM10),72,80,48,39,19,31,NA,130,103,68,26,2,5,0.7,0.6
2026-09-18T2200,2185A,111.1285,37.5338,吕梁市,自来水公司,颗粒物(PM10),55,56,46,36,21,73,NA,135,120,37,19,2,5,0.6,0.5
2026-09-18T2200,2187A,106.8172,39.6972,乌海市,市林业局,颗粒物(PM10),55,56,46,8,19,89,NA,129,120,19,16,24,12,0.5,0.5
2026-09-18T2200,2188A,106.7907,39.6666,乌海市,中海勃湾学校,,49,49,36,27,21,59,NA,134,110,51,24,28,17,0.7,0.6
2026-09-18T2200,2191A,122.253,43.6801,通辽市,艺术职业学校,,45,45,48,15,19,104,NA,136,126,7,8,9,10,0.5,0.6
2026-09-18T2200,2195A,107.4206,40.7609,巴彦淖尔市,附二中,颗粒物(PM10),78,89,42,36,21,84,NA,118,104,10,13,12,9,0.6,0.6
2026-09-18T2200,2196A,107.37,40.7372,巴彦淖尔市,市环保大楼,颗粒物(PM10),63,67,42,29,18,73,NA,116,103,22,10,14,14,0.7,0.6
2026-09-18T2200,2197A,113.1306,40.9924,乌兰察布市,集宁新区,颗粒物(PM10),53,54,46,25,25,130,NA,157,145,13,14,7,7,0.4,0.5
2026-09-18T2200,2202A,116.1048,43.9318,锡林郭勒盟,市环保监测站,,38,22,39,11,16,120,NA,151,139,10,8,2,3,0.3,0.4
2026-09-18T2200,2203A,116.0778,43.9312,锡林郭勒盟,市政府,,34,32,31,16,17,106,NA,137,125,8,7,2,3,0.3,0.3
2026-09-18T2200,2205A,105.699,38.8409,阿拉善盟,蒙二幼,,30,26,23,7,7,95,NA,122,116,9,5,8,8,0.5,0.4
2026-09-18T2200,2206A,105.7198,38.8508,阿拉善盟,环保局新楼,,34,20,19,9,8,107,NA,114,110,4,6,8,9,0.5,0.5
2026-09-18T2200,2207A,121.6095,41.9978,阜新市,工业园区,颗粒物(PM10),52,52,38,8,14,81,NA,115,99,15,10,31,13,0.3,0.3
2026-09-18T2200,2208A,121.6567,42.0188,阜新市,长青街,,32,26,29,7,13,100,NA,113,103,13,13,9,13,0.4,0.4
2026-09-18T2200,2209A,121.6672,42.07,阜新市,农业园区,,33,26,30,5,14,104,NA,115,107,10,9,11,8,0.5,0.6
2026-09-18T2200,2211A,121.6343,42.0455,阜新市,玉龙新城,,32,32,30,6,14,100,NA,118,109,13,13,10,12,0.2,0.3
2026-09-18T2200,2212A,123.1978,41.2036,辽阳市,宏伟区,,24,14,26,4,9,75,NA,94,89,6,6,8,8,0.4,0.4
2026-09-18T2200,2213A,123.1684,41.2497,辽阳市,新华园,,22,22,34,10,15,58,NA,88,80,22,17,2,3,0.5,0.5
2026-09-18T2200,2214A,123.2355,41.2663,辽阳市,滨河路,,21,21,30,10,14,65,NA,88,77,11,14,8,8,0.3,0.4
2026-09-18T2200,2217A,123.865,42.292,铁岭市,水上乐园,,40,40,34,14,12,74,NA,132,113,24,21,9,11,0.5,0.4
2026-09-18T2200,2219A,123.7158,42.2218,铁岭市,金沙江路北,,45,45,46,12,16,44,NA,127,87,43,26,12,13,0.4,0.6
2026-09-18T2200,2220A,120.4318,41.588,朝阳市,西梁,,31,24,29,13,13,97,NA,113,110,5,9,8,9,0.3,0.4
2026-09-18T2200,2221A,120.452,41.565,朝阳市,河畔小区,,31,18,22,10,12,99,NA,119,116,9,6,6,8,0.6,0.6
2026-09-18T2200,2222A,120.4176,41.5648,朝阳市,八里堡,,32,22,28,10,12,101,NA,118,112,5,9,5,6,0.6,0.7
2026-09-18T2200,2226A,124.3744,43.1842,四平市,境园,,34,34,30,22,18,21,NA,128,97,52,19,5,8,0.3,0.4
2026-09-18T2200,2227A,125.1359,42.8845,辽源市,环保局,,40,39,32,28,12,10,NA,99,42,49,27,6,6,0.8,0.6
2026-09-18T2200,2229A,125.9359,41.7174,通化市,光明,颗粒物(PM10),52,52,31,11,11,21,NA,84,50,13,12,6,7,0.6,0.7
2026-09-18T2200,2230A,125.9446,41.7323,通化市,铁路,,25,25,26,7,11,31,NA,81,56,16,20,3,6,0.5,0.6
2026-09-18T2200,2231A,126.4219,41.9172,白山市,喜丰,颗粒物(PM10),83,96,51,17,10,22,NA,104,68,43,27,7,7,0.7,0.6
2026-09-18T2200,2232A,126.4082,41.9416,白山市,环保局,NA,NA,NA,23,NA,8,NA,NA,94,68,NA,13,NA,5,NA,0.5
2026-09-18T2200,2233A,124.8007,45.1213,松原市,江南,,32,32,36,22,19,102,NA,124,106,9,8,1,1,0.3,0.3
2026-09-18T2200,2234A,124.7967,45.1721,松原市,江北,,34,26,34,12,13,106,NA,110,106,3,4,1,1,0.3,0.4
2026-09-18T2200,2235A,122.7909,45.608,白城市,洮北区环保局,,40,40,43,19,21,99,NA,129,121,3,2,3,4,0.4,0.4
2026-09-18T2200,2236A,122.8741,45.5725,白城市,市环保局,,28,27,41,15,17,89,NA,120,108,10,8,5,4,0.6,0.6
2026-09-18T2200,2237A,129.4704,42.8885,延边朝鲜族自治州,妇幼医院,,19,16,24,13,14,57,NA,70,63,8,8,8,8,0.6,0.6
2026-09-18T2200,2238A,129.5047,42.9117,延边朝鲜族自治州,延边医院,,20,10,18,8,11,62,NA,70,66,2,6,5,4,0.5,0.6
2026-09-18T2200,2239A,129.395,42.8884,延边朝鲜族自治州,朝阳川镇医院,,16,16,22,9,10,49,NA,74,66,8,8,10,10,0.5,0.5
2026-09-18T2200,2240A,130.9618,45.2926,鸡西市,环保局,颗粒物(PM10),80,92,42,28,16,1,NA,80,37,37,20,6,6,0.5,0.4
2026-09-18T2200,2243A,130.9294,45.2959,鸡西市,第一中学,颗粒物(PM10),72,80,33,20,13,13,NA,81,43,36,21,5,4,0.2,0.2
2026-09-18T2200,2244A,130.2537,47.3416,鹤岗市,哈啤分公司,,27,27,28,13,15,75,NA,105,97,11,13,8,9,0.1,0.1
2026-09-18T2200,2245A,130.2683,47.3087,鹤岗市,斯达机电,颗粒物(PM10),53,54,45,17,16,70,NA,105,97,19,13,6,5,0.5,0.4
2026-09-18T2200,2246A,130.3114,47.3388,鹤岗市,东山纸板厂,颗粒物(PM10),101,122,109,19,25,24,NA,89,71,25,19,5,7,0.4,0.7
2026-09-18T2200,2248A,131.1509,46.6936,双鸭山市,双合村,,42,42,45,20,18,59,NA,108,76,10,16,10,14,0.2,0.7
2026-09-18T2200,2249A,131.1651,46.6191,双鸭山市,南小市,,26,NA,29,18,16,47,NA,102,80,16,8,5,7,0.4,0.4
2026-09-18T2200,2250A,131.1526,46.6554,双鸭山市,环保局,,48,48,42,11,16,65,NA,94,75,9,12,9,9,0.1,0.2
2026-09-18T2200,2252A,128.8663,47.7199,伊春市,环保局,,41,41,36,28,26,58,NA,128,98,11,11,2,2,0.6,0.7
2026-09-18T2200,2253A,128.9014,47.732,伊春市,电力嘉园,,49,49,39,30,22,46,NA,132,97,11,9,3,4,0.6,0.6
2026-09-18T2200,2255A,130.2749,46.8028,佳木斯市,佳纺,颗粒物(PM10),60,63,53,9,16,14,NA,109,68,60,18,3,2,0.3,0.3
2026-09-18T2200,2257A,130.3258,46.7975,佳木斯市,环保局,,38,33,31,26,14,7,NA,109,84,71,13,4,4,0.8,0.3
2026-09-18T2200,2263A,127.4832,50.2524,黑河市,交通局,,50,50,51,21,31,37,NA,108,87,5,12,6,8,0.1,0.3
2026-09-18T2200,2264A,127.5146,50.2339,黑河市,环保局,,39,39,53,18,26,42,NA,107,97,11,11,8,8,0.3,0.5
2026-09-18T2200,2266A,126.9783,46.6365,绥化市,人和东街,,33,33,38,12,15,79,NA,133,106,8,9,19,14,0.4,0.5
2026-09-18T2200,2267A,126.964,46.6527,绥化市,党政办公中心,,37,37,42,13,15,87,NA,134,113,12,10,10,10,0.5,0.5
2026-09-18T2200,2269A,124.1068,50.4091,大兴安岭地区,科技局,,24,24,54,16,22,41,NA,67,55,4,6,2,2,0.4,0.4
2026-09-18T2200,2270A,117.396,32.9389,蚌埠市,工人疗养院,颗粒物(PM10),54,55,23,30,12,19,NA,86,63,53,24,6,6,0.7,0.6
2026-09-18T2200,2271A,117.3606,32.9428,蚌埠市,百货大楼,,47,47,25,29,9,45,NA,88,73,44,22,10,10,0.7,0.5
2026-09-18T2200,2273A,117.4183,32.8909,蚌埠市,蚌埠学院,,43,39,18,30,10,52,NA,93,75,18,12,6,6,0.5,0.4
2026-09-18T2200,2274A,117.3534,32.9672,蚌埠市,淮上区政府,细颗粒物(PM2.5),70,66,30,45,13,23,NA,90,66,64,26,6,6,0.6,0.4
2026-09-18T2200,2275A,117.3143,32.8977,蚌埠市,高新区,,39,39,20,26,8,48,NA,88,71,28,18,5,5,0.5,0.4
2026-09-18T2200,2277A,116.8304,32.7726,淮南市,潘集区政府,细颗粒物(PM2.5),54,54,25,37,16,55,NA,87,81,16,14,6,7,0.5,0.4
2026-09-18T2200,2279A,116.8569,32.5949,淮南市,谢家集区政府,,48,41,33,33,18,60,NA,85,78,16,17,6,7,0.4,0.4
2026-09-18T2200,2280A,116.8279,32.6333,淮南市,八公山区政府,细颗粒物(PM2.5),56,43,32,38,20,53,NA,89,76,15,16,5,7,0.5,0.5
2026-09-18T2200,2282A,116.8005,33.9749,淮北市,监测站,,35,35,59,18,35,78,NA,116,100,18,18,6,7,0.5,0.6
2026-09-18T2200,2283A,116.8094,33.9008,淮北市,烈山区政府,,35,32,59,24,39,66,NA,113,93,22,23,4,6,0.5,0.6
2026-09-18T2200,2285A,117.8176,30.9412,铜陵市,市第四中学,,42,42,47,19,30,39,NA,85,70,49,27,9,9,0.7,0.7
2026-09-18T2200,2287A,117.7806,30.9413,铜陵市,市新民污水厂,颗粒物(PM10),51,51,57,28,35,28,NA,74,65,20,35,7,9,0.5,0.7
2026-09-18T2200,2289A,117.846,30.9414,铜陵市,车站新区,,49,49,65,19,31,60,NA,91,81,20,19,9,8,0.7,0.7
2026-09-18T2200,2290A,117.8472,30.9699,铜陵市,市职教基地,,39,39,53,20,31,61,NA,86,78,19,19,6,6,0.7,0.8
2026-09-18T2200,2291A,117.0806,30.5181,安庆市,环科院,,42,38,34,29,30,66,NA,99,93,11,10,6,6,0.9,0.9
2026-09-18T2200,2292A,117.0331,30.5118,安庆市,马山宾馆,,46,32,31,32,33,72,NA,103,97,12,12,5,5,1.0,1
2026-09-18T2200,2294A,116.9897,30.6146,安庆市,安庆大学,,36,30,28,25,28,68,NA,86,83,14,13,4,4,0.5,0.5
2026-09-18T2200,2295A,118.2905,29.6965,黄山市,延安路89号,细颗粒物(PM2.5),66,57,40,43,29,80,NA,152,127,10,8,5,5,0.7,0.5
2026-09-18T2200,2297A,118.1369,30.2755,黄山市,黄山区政府5号楼,细颗粒物(PM2.5),52,45,35,36,29,81,NA,94,86,6,6,7,4,0.6,0.6
2026-09-18T2200,2301A,115.8276,32.8929,阜阳市,市监测站,,38,38,38,24,24,87,NA,109,96,10,16,7,8,0.4,0.3
2026-09-18T2200,2303A,115.8551,32.8606,阜阳市,开发区,,45,45,47,28,25,74,NA,107,97,15,16,6,6,0.5,0.5
2026-09-18T2200,2307A,116.5078,31.7369,六安市,监测大楼,,45,35,20,31,20,61,NA,80,71,14,12,3,3,0.4,0.4
2026-09-18T2200,2308A,116.4738,31.7642,六安市,皖西学院,,35,24,15,24,18,70,NA,86,81,6,8,6,7,0.5,0.6
2026-09-18T2200,2309A,116.4997,31.7904,六安市,朝阳厂,,35,31,17,24,20,52,NA,68,64,10,10,3,2,0.3,0.3
2026-09-18T2200,2310A,116.5566,31.7885,六安市,开发区,,35,NA,25,24,19,58,NA,79,69,12,14,6,5,0.3,0.3
2026-09-18T2200,2311A,115.8071,33.8399,亳州市,污水处理厂,,48,41,59,33,31,66,NA,124,104,19,15,5,6,0.3,0.3
2026-09-18T2200,2312A,115.7789,33.8519,亳州市,三国揽胜宫,,45,33,57,31,30,80,NA,123,108,12,15,5,6,0.4,0.4
2026-09-18T2200,2314A,117.4698,30.6617,池州市,池州学院,,26,25,33,18,30,62,NA,82,77,20,23,5,6,0.6,0.7
2026-09-18T2200,2316A,118.7578,30.9457,宣城市,鳌峰子站,,26,22,32,12,30,81,NA,89,79,8,12,6,6,0.5,0.8
2026-09-18T2200,2317A,118.7384,30.9745,宣城市,敬亭山子站,,18,17,34,10,34,57,NA,86,74,8,14,2,3,0.4,0.5
2026-09-18T2200,2318A,118.7172,30.9428,宣城市,开发区子站,,27,27,34,12,34,84,NA,97,87,7,11,5,5,0.4,0.5
2026-09-18T2200,2319A,119.0142,25.4324,莆田市,荔城区仓后路,,33,33,31,21,17,88,NA,130,114,11,7,/,/,/,/
2026-09-18T2200,2320A,119.0016,25.4553,莆田市,莆田市监测站,,32,32,28,22,15,72,NA,134,116,9,5,6,6,0.8,0.6
2026-09-18T2200,2321A,119.112,25.4561,莆田市,涵江区六中,,39,34,31,27,16,92,NA,134,117,10,6,/,/,0.6,0.6
2026-09-18T2200,2322A,119.1014,25.3215,莆田市,秀屿区政府,,34,27,33,12,17,106,NA,126,114,3,6,2,6,0.5,0.5
2026-09-18T2200,2324A,117.621,26.2626,三明市,三钢,细颗粒物(PM2.5),64,NA,32,42,30,50,NA,125,94,17,13,5,6,0.4,0.4
2026-09-18T2200,2325A,117.6352,26.2714,三明市,三明二中,,39,28,34,27,27,61,NA,124,105,14,12,5,7,0.7,0.7
2026-09-18T2200,2326A,117.6028,26.2377,三明市,三元区政府,,46,46,35,26,25,43,NA,122,92,26,15,7,8,0.7,0.7
2026-09-18T2200,2332A,118.1682,26.6371,南平市,南平市监测站,,45,36,31,31,23,43,NA,121,90,24,11,4,5,0.5,0.4
2026-09-18T2200,2334A,118.1757,26.6276,南平市,南平七中,,45,NA,34,31,22,49,NA,123,92,19,11,4,4,0.6,0.5
2026-09-18T2200,2336A,117.022,25.1031,龙岩市,龙岩市监测站,,35,33,36,24,27,48,NA,107,85,26,14,7,8,0.5,0.4
2026-09-18T2200,2337A,117.0257,25.0662,龙岩市,闽西职业技术学院,,35,35,41,18,25,56,NA,110,83,10,7,6,7,0.4,0.5
2026-09-18T2200,2338A,117.0195,25.0306,龙岩市,龙岩学院,,26,19,35,18,26,46,NA,110,77,10,9,6,8,/,/
2026-09-18T2200,2341A,119.5387,26.6611,宁德市,宁德市监测站,,28,23,28,19,16,76,NA,131,110,6,6,6,8,0.8,0.8
2026-09-18T2200,2343A,117.2114,29.2931,景德镇市,老干部活动中心,,50,50,35,35,26,110,NA,152,135,12,10,4,4,0.7,0.5
2026-09-18T2200,2344A,117.1893,29.2789,景德镇市,兽医站,颗粒物(PM10),55,56,43,37,25,71,NA,154,131,46,9,4,4,0.8,0.5
2026-09-18T2200,2346A,117.246,29.2958,景德镇市,陶研所,细颗粒物(PM2.5),72,52,31,46,27,75,NA,149,123,31,9,6,4,1.5,1
2026-09-18T2200,2348A,113.8384,27.6436,萍乡市,中医院,细颗粒物(PM2.5),72,54,65,46,48,36,NA,106,92,30,23,22,17,1.5,1.3
2026-09-18T2200,2350A,113.8677,27.6438,萍乡市,市环保局,细颗粒物(PM2.5),80,67,60,50,54,50,NA,113,102,25,19,14,16,1.0,1
2026-09-18T2200,2351A,113.8663,27.6202,萍乡市,安源区政府,细颗粒物(PM2.5),72,49,53,46,51,53,NA,109,99,14,12,10,11,0.6,0.6
2026-09-18T2200,2353A,114.9887,27.8433,新余市,飞宇,细颗粒物(PM2.5),68,64,60,44,44,133,NA,166,159,17,18,15,19,0.5,0.5
2026-09-18T2200,2354A,114.9234,27.8248,新余市,第二水厂,NA,NA,68,71,42,42,NA,NA,180,177,17,16,18,17,0.7,0.7
2026-09-18T2200,2355A,114.931,27.8037,新余市,市气象局,细颗粒物(PM2.5),68,60,60,44,46,146,NA,169,164,15,16,17,19,0.6,0.6
2026-09-18T2200,2358A,117.0561,28.2641,鹰潭市,新监测站,,50,47,52,35,33,128,NA,166,142,3,6,5,12,0.6,0.5
2026-09-18T2200,2359A,117.0312,28.2474,鹰潭市,财苑宾馆,细颗粒物(PM2.5),60,NA,50,40,36,137,NA,174,148,3,9,6,18,/,/
2026-09-18T2200,2360A,117.0221,28.2263,鹰潭市,体育馆,,46,42,52,32,33,129,NA,170,140,8,14,7,16,0.5,0.5
2026-09-18T2200,2363A,114.9368,25.8663,赣州市,地委,细颗粒物(PM2.5),60,57,46,40,32,45,NA,115,76,16,7,6,3,0.5,0.5
2026-09-18T2200,2364A,114.946,25.8483,赣州市,气象台,,48,48,44,26,32,60,NA,121,84,12,9,6,6,0.4,0.4
2026-09-18T2200,2365A,114.932,25.8332,赣州市,市图书馆,,43,42,41,30,31,64,NA,124,92,12,8,3,4,0.9,0.8
2026-09-18T2200,2366A,114.8905,25.8472,赣州市,华坚鞋城,细颗粒物(PM2.5),78,52,46,49,37,78,NA,124,91,10,12,2,1,0.6,0.6
2026-09-18T2200,2367A,114.9753,27.0803,吉安市,红声器材厂,细颗粒物(PM2.5),74,64,68,47,47,144,NA,153,149,15,13,15,14,0.6,0.5
2026-09-18T2200,2369A,114.9903,27.1313,吉安市,市环境监测站,细颗粒物(PM2.5),60,59,65,40,44,153,NA,158,154,14,12,6,6,/,/
2026-09-18T2200,2370A,115.009527,27.096792,吉安市,青原区法院,细颗粒物(PM2.5),62,61,68,41,47,146,NA,159,154,12,14,12,12,0.7,0.7
2026-09-18T2200,2373A,114.3954,27.7843,宜春市,市石油公司,细颗粒物(PM2.5),116,82,73,77,68,65,NA,143,125,21,15,13,12,1.3,1
2026-09-18T2200,2374A,114.37,27.7916,宜春市,市气象局,细颗粒物(PM2.5),80,88,73,50,50,69,NA,154,132,18,15,8,7,1.4,1.1
2026-09-18T2200,2375A,114.401,27.8059,宜春市,市广电局,细颗粒物(PM2.5),92,88,63,56,52,79,NA,151,135,20,17,8,7,1.5,0.9
2026-09-18T2200,2377A,116.3544,27.9833,抚州市,市站,,44,44,54,29,39,136,NA,133,133,4,4,5,6,0.7,0.7
2026-09-18T2200,2378A,116.3562,27.9631,抚州市,血防站,颗粒物(PM10),55,56,53,25,34,131,NA,127,127,6,8,5,6,0.7,0.7
2026-09-18T2200,2379A,116.3561,28.0007,抚州市,采茶剧团,NA,NA,50,53,38,42,136,NA,139,138,3,3,NA,13,0.6,0.7
2026-09-18T2200,2380A,116.3854,27.9648,抚州市,医学分院,颗粒物(PM10),51,51,51,30,36,120,NA,124,123,4,5,8,7,0.8,0.9
2026-09-18T2200,2382A,117.9758,28.4439,上饶市,市监测站,臭氧1小时(O3_1h),59,55,45,34,26,167,NA,192,176,6,6,1,5,/,/
2026-09-18T2200,2383A,117.9521,28.4637,上饶市,凤凰光学,颗粒物(PM10),57,59,46,35,28,140,NA,176,159,13,13,12,9,0.6,0.4
2026-09-18T2200,2385A,114.17,35.9019,鹤壁市,市监测站,颗粒物(PM10),91,107,60,36,35,86,NA,159,128,14,10,5,10,0.8,0.7
2026-09-18T2200,2386A,114.2953,35.7512,鹤壁市,市交警支队,颗粒物(PM10),60,64,51,34,27,92,NA,158,134,32,22,8,6,1.1,0.8
2026-09-18T2200,2387A,114.2877,35.7302,鹤壁市,迎宾馆,颗粒物(PM10),60,64,50,34,25,105,NA,165,142,19,16,9,7,1.0,0.8
2026-09-18T2200,2389A,113.836,35.3104,新乡市,环保西院,颗粒物(PM10),96,114,71,46,34,80,NA,172,144,32,17,11,11,0.9,0.8
2026-09-18T2200,2390A,113.8847,35.2724,新乡市,开发区,细颗粒物(PM2.5),70,61,57,45,32,113,NA,167,150,26,19,8,11,0.6,0.4
2026-09-18T2200,2391A,113.8836,35.3028,新乡市,环保东院,细颗粒物(PM2.5),86,92,59,53,32,129,NA,176,160,22,17,9,8,0.8,0.7
2026-09-18T2200,2392A,115.0312,35.7636,濮阳市,环保局,颗粒物(PM10),73,82,62,38,30,120,NA,167,151,22,20,3,7,0.8,0.9
2026-09-18T2200,2398A,113.7904,33.9949,许昌市,开发区,细颗粒物(PM2.5),103,104,70,63,42,84,NA,158,130,23,17,6,8,0.5,0.4
2026-09-18T2200,2399A,114.051,33.5721,漯河市,三五一五工厂,细颗粒物(PM2.5),76,85,69,48,40,69,NA,151,119,30,24,5,6,0.8,0.7
2026-09-18T2200,2400A,114.0055,33.5698,漯河市,漯河大学,细颗粒物(PM2.5),94,67,68,57,39,56,NA,151,113,27,24,6,7,0.7,0.6
2026-09-18T2200,2401A,114.0134,33.5826,漯河市,市水利局,细颗粒物(PM2.5),96,75,66,58,37,74,NA,151,119,24,22,8,9,0.8,0.7
2026-09-18T2200,2402A,114.0261,33.5697,漯河市,市广电局,细颗粒物(PM2.5),82,61,62,51,33,66,NA,155,121,25,20,4,5,0.6,0.5
2026-09-18T2200,2404A,112.5338,33.0086,南阳市,瓦房庄,细颗粒物(PM2.5),52,44,46,36,31,59,NA,113,86,22,16,6,6,0.8,0.7
2026-09-18T2200,2405A,112.5002,32.9734,南阳市,汉画馆,颗粒物(PM10),53,54,48,34,29,46,NA,115,76,19,14,7,7,0.9,0.7
2026-09-18T2200,2406A,112.5778,33.0144,南阳市,气象站,,38,32,39,26,29,71,NA,109,88,20,16,8,8,0.9,0.8
2026-09-18T2200,2407A,112.548,32.9687,南阳市,理工学院,,45,37,39,31,27,56,NA,112,83,19,15,8,8,0.9,0.8
2026-09-18T2200,2408A,115.6701,34.4283,商丘市,环境监测站,颗粒物(PM10),53,54,63,25,30,95,NA,149,129,10,14,5,6,0.6,0.5
2026-09-18T2200,2409A,115.6458,34.4047,商丘市,粮食局,,44,44,56,25,31,96,NA,149,129,13,15,7,8,0.7,0.6
2026-09-18T2200,2420A,114.0194,32.9648,驻马店市,市一纸厂,,46,41,52,32,36,91,NA,132,110,10,16,5,6,0.3,0.4
2026-09-18T2200,2421A,114.0112,33.0149,驻马店市,市彩印厂,,43,43,51,30,36,80,NA,124,102,11,15,1,3,0.4,0.4
2026-09-18T2200,2423A,115.0547,30.2332,黄石市,沈家营,颗粒物(PM10),59,62,42,29,28,78,NA,126,115,6,8,10,12,0.5,0.4
2026-09-18T2200,2426A,114.899,30.211,黄石市,铁山,细颗粒物(PM2.5),54,43,40,37,32,90,NA,125,116,12,10,5,5,0.6,0.5
2026-09-18T2200,2427A,115.0259,30.2108,黄石市,团城山,细颗粒物(PM2.5),66,62,44,43,29,77,NA,122,110,11,8,5,6,0.7,0.5
2026-09-18T2200,2429A,110.78,32.6494,十堰市,滨河新村,,26,25,32,18,20,77,NA,90,87,16,13,/,/,0.9,0.7
2026-09-18T2200,2430A,110.7305,32.6408,十堰市,刘家沟,,32,32,26,21,20,69,NA,84,81,10,10,/,/,/,/
2026-09-18T2200,2431A,110.8843,32.5712,十堰市,铁二处,,40,30,31,28,27,77,NA,95,90,18,16,7,7,0.7,0.6
2026-09-18T2200,2432A,112.1555,32.0197,襄阳市,襄城运动路,颗粒物(PM10),61,65,62,36,30,66,NA,75,74,16,17,7,7,0.7,0.7
2026-09-18T2200,2434A,112.1829,32.1146,襄阳市,高新管委会,,49,46,49,34,31,56,NA,88,80,29,21,8,8,0.9,0.8
2026-09-18T2200,2435A,112.2105,32.0903,襄阳市,襄州航空路,NA,NA,NA,63,48,32,NA,NA,82,79,20,17,6,6,0.8,0.8
2026-09-18T2200,2436A,114.894,30.3989,鄂州市,市政府,,43,43,34,27,25,68,NA,102,97,18,15,5,5,0.6,0.5
2026-09-18T2200,2437A,114.8986,30.3714,鄂州市,赵家坝,颗粒物(PM10),51,51,38,30,27,85,NA,120,112,13,14,4,4,0.5,0.5
2026-09-18T2200,2439A,112.2012,31.048,荆门市,竹园小学,颗粒物(PM10),60,63,43,37,24,84,NA,93,88,12,11,6,7,0.8,0.7
2026-09-18T2200,2440A,112.1968,30.9892,荆门市,掇刀,,43,40,36,30,28,83,NA,96,90,8,6,6,6,0.5,0.6
2026-09-18T2200,2444A,113.9062,30.9378,孝感市,东城区,细颗粒物(PM2.5),52,45,40,36,25,66,NA,92,86,6,6,6,6,0.6,0.6
2026-09-18T2200,2446A,114.9021,30.474,黄冈市,职工中心,,40,39,38,28,25,82,NA,114,104,9,7,9,9,0.6,0.6
2026-09-18T2200,2451A,113.3587,31.7275,随州市,市委党校,,49,42,46,34,32,69,NA,96,82,10,8,6,7,0.7,0.8
2026-09-18T2200,2452A,113.3745,31.6926,随州市,市林业局,,45,45,39,25,25,61,NA,89,74,9,9,7,6,0.7,0.7
2026-09-18T2200,2453A,113.3984,31.7309,随州市,市立交桥水厂,细颗粒物(PM2.5),58,57,45,39,28,60,NA,88,72,17,13,6,5,0.7,0.7
2026-09-18T2200,2454A,109.4978,30.2979,恩施土家族苗族自治州,湖北民院,NA,NA,29,19,19,10,7,NA,33,25,NA,12,3,4,0.7,0.6
2026-09-18T2200,2457A,112.6209,26.9268,衡阳市,衡阳化工总厂,细颗粒物(PM2.5),70,49,43,45,32,56,NA,63,63,11,8,8,8,0.9,0.7
2026-09-18T2200,2458A,112.621,26.8957,衡阳市,珠晖区环保局,NA,NA,53,48,36,30,NA,NA,69,69,15,14,6,6,0.9,0.8
2026-09-18T2200,2459A,112.628,26.8654,衡阳市,市委党校,细颗粒物(PM2.5),68,44,39,44,34,68,NA,73,73,8,8,6,7,1.0,0.9
2026-09-18T2200,2460A,112.6007,26.8977,衡阳市,市监测站,细颗粒物(PM2.5),64,47,42,42,33,63,NA,70,70,12,9,6,5,1.0,0.8
2026-09-18T2200,2461A,112.5658,26.9013,衡阳市,真空机电公司,细颗粒物(PM2.5),64,47,41,42,38,61,NA,65,65,13,9,8,7,1.0,0.8
2026-09-18T2200,2464A,111.5277,27.2442,邵阳市,市化工厂,NA,NA,NA,34,NA,41,80,NA,85,82,4,6,10,10,0.5,0.5
2026-09-18T2200,2466A,111.4327,27.2276,邵阳市,市环保局,,48,48,54,33,42,72,NA,69,69,8,8,8,8,0.7,0.7
2026-09-18T2200,2468A,112.3458,28.581,益阳市,市环保局,,50,NA,22,35,25,71,NA,78,78,13,11,6,6,0.8,0.8
2026-09-18T2200,2473A,113.0116,25.8228,郴州市,市职中,细颗粒物(PM2.5),62,45,43,41,41,45,NA,52,52,11,10,8,8,0.9,0.8
2026-09-18T2200,2475A,113.0381,25.8074,郴州市,市审计局,细颗粒物(PM2.5),66,51,47,43,41,44,NA,56,55,12,8,8,9,/,/
2026-09-18T2200,2476A,113.0348,25.7757,郴州市,市环保局,细颗粒物(PM2.5),72,58,41,46,39,45,NA,54,53,11,8,8,8,0.7,0.7
2026-09-18T2200,2478A,111.6126,26.4266,永州市,市环境监测站,细颗粒物(PM2.5),58,48,40,39,32,62,NA,75,73,10,8,5,5,0.8,0.8
2026-09-18T2200,2480A,111.6248,26.3803,永州市,永州市环保局,,47,47,44,32,32,72,NA,80,79,4,3,4,4,0.7,0.7
2026-09-18T2200,2481A,111.5989,26.4523,永州市,冷水滩区环保局,NA,NA,NA,44,NA,29,NA,NA,78,77,6,5,8,9,0.9,0.9
2026-09-18T2200,2483A,109.9297,27.5383,怀化市,河西地税局,,23,17,24,16,20,61,NA,66,65,7,8,5,4,/,/
2026-09-18T2200,2484A,109.9783,27.5342,怀化市,市四医院,,23,22,28,16,20,58,NA,67,66,8,8,6,7,0.5,0.5
2026-09-18T2200,2485A,109.9971,27.5579,怀化市,监测楼,,25,20,27,17,21,52,NA,63,62,11,6,3,3,0.4,0.4
2026-09-18T2200,2488A,111.9984,27.7346,娄底市,市监测站,,43,40,26,30,19,61,NA,68,68,8,6,3,4,0.5,0.4
2026-09-18T2200,2491A,111.9888,27.7035,娄底市,市政府,,45,32,23,31,19,69,NA,76,76,8,6,3,2,0.3,0.2
2026-09-18T2200,2493A,109.7298,28.3164,湘西土家族苗族自治州,州政府,,22,20,14,15,10,60,NA,68,61,3,3,3,4,0.4,0.4
2026-09-18T2200,2494A,109.6957,28.2676,湘西土家族苗族自治州,吉首市计生局,,23,19,12,16,11,58,NA,67,59,7,7,5,5,0.3,0.3
2026-09-18T2200,2496A,111.3126,23.4772,梧州市,市十一中,颗粒物(PM10),98,116,70,39,30,31,NA,147,107,47,28,9,10,0.5,0.4
2026-09-18T2200,2498A,111.26,23.4794,梧州市,龙新,颗粒物(PM10),75,85,54,42,27,20,NA,178,142,63,25,9,10,0.7,0.6
2026-09-18T2200,2499A,108.3411,21.6159,防城港市,沙万,颗粒物(PM10),63,67,53,33,25,107,NA,129,126,20,12,8,8,0.9,0.8
2026-09-18T2200,2500A,108.3515,21.7733,防城港市,防城档案局,颗粒物(PM10),91,107,47,41,27,44,NA,125,106,18,11,6,6,1.2,0.9
2026-09-18T2200,2501A,108.3506,21.6414,防城港市,大海花园,,45,35,43,31,26,127,NA,142,141,7,8,16,7,0.8,0.8
2026-09-18T2200,2502A,108.6238,21.9667,钦州市,市环保站,颗粒物(PM10),62,66,39,37,19,101,NA,134,131,21,11,9,9,0.9,0.7
2026-09-18T2200,2503A,108.655,21.9481,钦州市,沙埠小学,细颗粒物(PM2.5),94,90,51,57,23,73,NA,130,122,28,15,10,8,0.7,0.5
2026-09-18T2200,2504A,108.5989,21.7435,钦州市,港区一小,颗粒物(PM10),106,135,56,37,24,80,NA,142,130,42,20,6,6,0.7,0.8
2026-09-18T2200,2506A,109.604387,23.066791,贵港市,江南子站,细颗粒物(PM2.5),64,68,45,42,27,73,NA,137,122,29,17,3,4,0.7,0.7
2026-09-18T2200,2508A,109.5669,23.1065,贵港市,荷城子站,,46,46,43,30,25,99,NA,130,120,14,16,4,4,0.7,0.7
2026-09-18T2200,2511A,110.1433,22.6162,玉林市,南江一中,,50,50,48,30,25,70,NA,140,119,18,21,29,10,0.6,0.6
2026-09-18T2200,2512A,106.6102,23.901,百色市,市监测站,,31,31,33,11,18,26,NA,90,71,18,10,7,9,0.5,0.6
2026-09-18T2200,2513A,106.6524,23.8842,百色市,市中心血站,颗粒物(PM10),62,66,42,29,23,24,NA,88,69,28,13,9,11,0.7,0.6
2026-09-18T2200,2514A,111.5264,24.4178,贺州市,环保小区,细颗粒物(PM2.5),66,54,36,43,27,59,NA,124,102,15,12,12,12,0.6,0.5
2026-09-18T2200,2515A,111.561,24.4074,贺州市,政协大楼,细颗粒物(PM2.5),54,49,32,37,26,59,NA,129,102,26,17,10,10,0.8,0.7
2026-09-18T2200,2517A,108.0496,24.6957,河池市,市环保站,,29,29,29,20,14,20,NA,70,60,18,12,6,6,0.7,0.7
2026-09-18T2200,2520A,109.2203,23.7252,来宾市,来宾技工学校,颗粒物(PM10),60,63,42,29,24,31,NA,116,89,28,15,7,14,0.7,0.6
2026-09-18T2200,2521A,107.3473,22.4137,崇左市,市环保局江州分局,,46,46,28,19,12,31,NA,96,80,26,13,5,5,0.7,0.6
2026-09-18T2200,2524A,105.8211,32.4444,广元市,老城,,14,14,18,5,6,28,NA,59,52,25,11,3,3,0.7,0.7
2026-09-18T2200,2526A,105.8629,32.429,广元市,监测站,,16,16,25,0,4,44,NA,61,58,10,11,5,5,0.6,0.7
2026-09-18T2200,2528A,105.5581,30.5231,遂宁市,市监测站,,24,24,26,11,13,32,NA,63,57,17,14,5,7,0.7,0.7
2026-09-18T2200,2530A,105.5917,30.4727,遂宁市,美宁食品公司,,26,26,22,15,15,30,NA,55,51,17,15,10,13,0.7,0.7
2026-09-18T2200,2531A,105.0703,29.61,内江市,市监测站,,26,26,16,11,14,48,NA,69,66,12,13,4,4,0.6,0.6
2026-09-18T2200,2533A,105.0657,29.5807,内江市,内江二中,,28,28,27,10,14,42,NA,69,64,11,14,6,6,0.5,0.4
2026-09-18T2200,2534A,105.0407,29.5828,内江市,内江日报社,,30,30,20,11,15,41,NA,73,67,15,19,3,8,0.2,0.3
2026-09-18T2200,2536A,103.7629,29.5844,乐山市,牛耳桥,,22,21,21,15,13,60,NA,72,68,12,8,6,6,1.0,0.9
2026-09-18T2200,2537A,103.7501,29.6002,乐山市,市第三水厂,,25,20,19,17,13,60,NA,75,70,14,10,4,4,0.9,0.9
2026-09-18T2200,2538A,103.7571,29.5664,乐山市,市监测站,,23,21,22,16,13,58,NA,71,68,8,8,2,3,0.7,0.7
2026-09-18T2200,2540A,103.8414,30.0871,眉山市,气象局,,39,39,24,18,11,43,NA,73,62,19,12,7,7,1.0,1
2026-09-18T2200,2544A,106.6307,30.4577,广安市,市委,NA,NA,NA,14,NA,16,40,NA,43,43,9,10,7,8,0.5,0.5
2026-09-18T2200,2545A,106.6266,30.4662,广安市,友谊中学,,14,14,18,8,14,43,NA,50,50,8,8,8,9,0.8,0.8
2026-09-18T2200,2547A,106.6386,30.4551,广安市,广电花园,,15,NA,20,10,15,34,NA,43,42,8,10,10,10,0.6,0.6
2026-09-18T2200,2549A,107.5087,31.2186,达州市,市环境监测站,,21,21,20,9,4,2,NA,19,14,21,16,7,5,0.4,0.4
2026-09-18T2200,2550A,107.4988,31.2132,达州市,凤凰小区,NA,NA,22,18,9,4,NA,NA,25,23,22,16,7,5,0.3,0.5
2026-09-18T2200,2551A,107.5081,31.1987,达州市,达县机关宾馆,,23,19,20,16,6,1,NA,16,11,26,24,8,5,0.4,0.4
2026-09-18T2200,2552A,107.4644,31.2124,达州市,市政中心,,38,38,35,11,8,4,NA,21,15,26,22,6,5,0.6,0.6
2026-09-18T2200,2555A,103.011,29.9833,雅安市,市政府,,30,27,27,21,19,47,NA,63,60,19,12,5,5,0.8,0.8
2026-09-18T2200,2556A,102.9907,29.9778,雅安市,川农大,,33,32,31,23,20,27,NA,51,46,13,10,6,6,0.7,0.7
2026-09-18T2200,2562A,104.6357,30.1508,资阳市,资阳中学,,38,38,23,20,14,57,NA,80,76,7,7,5,5,0.4,0.4
2026-09-18T2200,2565A,104.6297,30.1259,资阳市,区法院,,26,NA,14,18,15,61,NA,79,76,8,8,2,2,0.7,0.6
2026-09-18T2200,2568A,102.2503,31.8896,阿坝藏族羌族自治州,马师校,,33,33,22,8,8,3,NA,43,31,8,4,4,4,0.5,0.5
2026-09-18T2200,2570A,101.96,30.048,甘孜藏族自治州,水桥子,,16,5,8,2,3,49,NA,60,54,4,8,1,2,0.2,0.2
2026-09-18T2200,2573A,102.2629,27.8981,凉山彝族自治州,西昌市政府,,28,28,23,15,15,40,NA,77,69,7,11,7,8,0.8,0.8
2026-09-18T2200,2574A,102.2686,27.885,凉山彝族自治州,凉山州政府,,25,21,20,17,15,38,NA,77,68,10,11,4,6,0.8,0.8
2026-09-18T2200,2577A,104.8293,26.592,六盘水市,黄土坡,,19,13,12,9,9,60,NA,66,65,6,6,3,3,0.2,0.3
2026-09-18T2200,2579A,104.8481,26.5898,六盘水市,民中,,18,17,11,12,9,56,NA,63,61,6,6,3,2,0.3,0.3
2026-09-18T2200,2580A,104.9541,26.5506,六盘水市,双水,,18,12,6,5,6,56,NA,63,63,6,5,4,5,0.1,0.1
2026-09-18T2200,2585A,109.1839,27.7344,铜仁市,铜仁卫校,,29,29,24,11,11,52,NA,67,62,4,3,2,2,0.6,0.6
2026-09-18T2200,2586A,109.1752,27.6945,铜仁市,铜仁七中,NA,NA,18,15,9,11,NA,NA,63,61,5,4,4,6,0.5,0.4
2026-09-18T2200,2587A,105.287,27.3133,毕节市,八中,,31,31,29,21,17,34,NA,66,58,10,8,8,7,0.6,0.6
2026-09-18T2200,2588A,105.3079,27.2987,毕节市,师专,,38,38,27,16,15,34,NA,63,56,12,8,11,10,0.6,0.5
2026-09-18T2200,2589A,104.9022,25.0943,黔西南布依族苗族自治州,场坝街,,24,24,15,12,8,42,NA,54,50,4,3,5,4,0.4,0.3
2026-09-18T2200,2590A,104.8812,25.0994,黔西南布依族苗族自治州,坪东大道,,25,23,15,17,8,42,NA,53,50,5,3,4,4,0.3,0.3
2026-09-18T2200,2591A,107.9765,26.5724,黔东南苗族侗族自治州,市环境监测站,,29,27,20,20,14,24,NA,67,54,20,9,3,3,0.6,0.5
2026-09-18T2200,2593A,107.5223,26.2371,黔南布依族苗族自治州,小围寨,,30,22,13,21,12,43,NA,72,61,7,5,5,4,0.5,0.5
2026-09-18T2200,2594A,99.1589,25.1137,保山市,市环境监测站,,20,20,18,14,10,50,NA,98,84,8,7,8,8,0.3,0.3
2026-09-18T2200,2595A,99.1616,25.1381,保山市,市环保局,,16,NA,10,11,10,48,NA,94,79,5,5,4,4,0.5,0.5
2026-09-18T2200,2596A,103.7668,27.3736,昭通市,监测站,,28,28,28,14,15,42,NA,71,63,11,9,3,5,0.5,0.5
2026-09-18T2200,2599A,100.2497,26.8802,丽江市,丽江古城,,19,19,16,5,7,54,NA,87,80,12,11,3,5,0.7,0.6
2026-09-18T2200,2600A,100.2203,26.8906,丽江市,市中心,,22,NA,11,14,8,70,NA,81,78,19,12,4,4,0.6,0.5
2026-09-18T2200,2601A,100.9801,22.7634,普洱市,市环保局,,21,21,22,6,6,40,NA,59,51,5,5,7,7,0.7,0.7
2026-09-18T2200,2602A,100.9763,22.8237,普洱市,普洱第二中学,,17,17,19,6,6,29,NA,53,48,10,7,7,8,0.7,0.7
2026-09-18T2200,2603A,100.0779,23.8981,临沧市,市环保局,NA,NA,NA,17,11,8,30,NA,55,48,11,10,4,7,0.5,0.4
2026-09-18T2200,2604A,100.0894,23.882,临沧市,市气象局,,20,19,17,14,12,34,NA,61,55,8,8,8,9,0.6,0.6
2026-09-18T2200,2606A,101.5379,25.0492,楚雄彝族自治州,市经济开发区,,20,16,8,14,10,47,NA,54,54,7,7,3,2,0.3,0.2
2026-09-18T2200,2610A,104.2533,23.3595,文山壮族苗族自治州,州水务局,,20,NA,10,14,7,44,NA,51,47,5,7,4,4,0.3,0.3
2026-09-18T2200,2611A,104.2319,23.3892,文山壮族苗族自治州,市便民服务中心,,18,15,9,12,7,45,NA,56,52,10,9,3,3,0.4,0.4
2026-09-18T2200,2612A,100.8018,21.9995,西双版纳傣族自治州,景洪市江南,,30,30,21,13,9,19,NA,54,43,9,8,9,9,0.9,0.8
2026-09-18T2200,2613A,100.7995,22.0238,西双版纳傣族自治州,景洪市江北,,28,28,24,7,9,18,NA,51,41,7,5,10,10,0.5,0.6
2026-09-18T2200,2614A,100.2168,25.5818,大理白族自治州,大理市环境监测站,,20,12,14,12,8,62,NA,78,73,6,7,5,5,0.5,0.5
2026-09-18T2200,2615A,100.1542,25.7055,大理白族自治州,大理古城,,20,18,12,14,8,47,NA,79,67,16,10,2,5,0.2,0.6
2026-09-18T2200,2616A,98.5611,24.4273,德宏傣族景颇族自治州,德宏州监测站,,39,27,21,27,21,50,NA,98,85,18,12,8,10,0.9,0.7
2026-09-18T2200,2618A,98.859,25.8541,怒江傈僳族自治州,州监测站,,27,27,27,18,16,34,NA,75,67,15,9,4,4,0.6,0.5
2026-09-18T2200,2619A,98.8607,25.8168,怒江傈僳族自治州,泸水一中,,22,18,22,15,14,25,NA,64,54,23,14,5,5,0.6,0.5
2026-09-18T2200,2621A,99.7054,27.8319,迪庆藏族自治州,迪庆州站,,20,13,16,6,6,63,NA,77,73,10,9,7,8,0.5,0.4
2026-09-18T2200,2622A,97.1813,31.1289,昌都市,昌都监测站,,20,6,8,3,2,61,NA,85,83,9,8,6,5,0.3,0.3
2026-09-18T2200,2624A,91.7592,29.234,山南市,山南监测站,,33,4,6,4,2,104,NA,113,110,2,4,8,8,0.2,0.3
2026-09-18T2200,2625A,91.7701,29.2436,山南市,山南人民医院,,32,8,8,3,2,102,NA,114,110,2,3,8,9,0.2,0.2
2026-09-18T2200,2626A,88.8873,29.2723,日喀则市,日喀则监测站,,28,13,14,3,5,88,NA,100,98,11,11,8,7,0.3,0.3
2026-09-18T2200,2628A,92.0653,31.4846,那曲市,那曲监测站,,36,36,36,16,18,91,NA,122,114,15,17,8,7,0.5,0.6
2026-09-18T2200,2630A,80.1171,32.4999,阿里地区,阿里监测站,,46,12,14,1,2,147,NA,148,147,3,9,2,4,0.2,0.2
2026-09-18T2200,2632A,94.3683,29.6373,林芝市,林芝监测站,,23,12,6,8,4,72,NA,93,92,6,8,5,5,0.3,0.4
2026-09-18T2200,2633A,94.3616,29.6634,林芝市,林芝人民医院,NA,NA,35,8,6,4,NA,NA,100,100,10,7,4,4,0.5,0.4
2026-09-18T2200,2635A,107.0155,33.0707,汉中市,市监测站,,9,3,21,2,7,10,NA,11,11,17,19,5,4,0.5,0.6
2026-09-18T2200,2636A,107.0083,33.114,汉中市,鑫源开发区,NA,NA,NA,12,1,8,69,NA,73,72,NA,8,6,6,0.6,0.7
2026-09-18T2200,2637A,107.0072,33.0323,汉中市,南郑大河坎水厂,,16,7,15,2,10,49,NA,46,46,7,9,2,2,0.4,0.5
2026-09-18T2200,2639A,109.7445,38.2919,榆林市,世纪广场,NA,NA,23,26,11,17,NA,NA,114,107,20,11,10,12,0.4,0.5
2026-09-18T2200,2640A,109.729,38.2837,榆林市,实验中学,,29,22,28,11,17,90,NA,118,107,15,10,4,8,0.4,0.4
2026-09-18T2200,2641A,109.7347,38.2491,榆林市,环保监测大楼,,26,19,24,11,18,83,NA,116,104,19,10,6,7,0.4,0.4
2026-09-18T2200,2644A,109.0088,32.6974,安康市,汉滨区检察院,,19,6,11,4,6,60,NA,71,64,7,9,2,3,0.7,0.8
2026-09-18T2200,2645A,109.9155,33.8714,商洛市,监测站,,39,34,16,27,11,106,NA,92,92,13,11,25,12,0.5,0.4
2026-09-18T2200,2647A,104.1727,36.5448,白银市,第三小学,,37,37,46,13,18,59,NA,107,91,30,23,9,17,0.4,0.6
2026-09-18T2200,2648A,104.1467,36.5482,白银市,动力公司,,32,NA,38,22,14,68,NA,100,90,36,23,18,12,0.5,0.4
2026-09-18T2200,2650A,105.72058,34.57859,天水市,公园小学,,34,34,31,15,14,64,NA,74,69,9,13,7,8,0.5,0.4
2026-09-18T2200,2651A,105.89428,34.55353,天水市,麦积国土局,,40,40,33,19,17,78,NA,84,82,7,8,4,9,0.4,0.4
2026-09-18T2200,2652A,102.6203,37.925,武威市,监测站,颗粒物(PM10),67,73,52,18,18,70,NA,116,99,22,23,13,12,0.3,0.4
2026-09-18T2200,2654A,100.4699,38.9525,张掖市,润泉湖,,29,17,79,14,24,90,NA,107,102,11,12,2,3,0.3,0.2
2026-09-18T2200,2655A,100.4155,38.9422,张掖市,区工会,,49,49,72,14,21,89,NA,114,107,13,9,2,2,0.2,0.2
2026-09-18T2200,2656A,106.6633,35.5338,平凉市,聚贤嘉苑,,34,34,40,7,22,73,NA,80,71,9,11,8,9,0.7,0.7
2026-09-18T2200,2657A,106.7021,35.5307,平凉市,博物馆,,38,38,47,11,26,79,NA,77,77,5,12,9,10,0.4,0.5
2026-09-18T2200,2661A,107.6325,35.7357,庆阳市,庆阳五中,,30,30,35,19,20,73,NA,89,79,10,9,2,2,0.5,0.4
2026-09-18T2200,2662A,107.6361,35.7067,庆阳市,市环保局,,33,33,38,18,20,73,NA,90,82,11,9,3,2,0.4,0.4
2026-09-18T2200,2669A,102.9097,34.9841,甘南藏族自治州,州政府,,30,30,23,12,10,62,NA,97,86,7,7,7,7,0.2,0.2
2026-09-18T2200,2671A,100.9016,36.9464,海北藏族自治州,海晏县西海镇,,35,27,25,24,18,100,NA,129,126,9,8,8,9,0.5,0.4
2026-09-18T2200,2672A,102.02,35.5101,黄南藏族自治州,同仁县隆务镇,,38,38,25,21,11,84,NA,128,115,3,2,10,11,0.3,0.2
2026-09-18T2200,2673A,100.6158,36.2985,海南藏族自治州,共和县恰卜恰镇,,34,34,19,18,9,87,NA,117,110,17,6,9,8,0.5,0.4
2026-09-18T2200,2674A,100.2262,34.4854,果洛藏族自治州,玛沁县大武镇,,45,45,22,20,7,53,NA,105,93,6,3,21,20,0.4,0.4
2026-09-18T2200,2675A,97.0386,33.0138,玉树藏族自治州,玉树县结古镇,,24,19,10,4,3,74,NA,121,112,27,11,4,4,0.6,0.5
2026-09-18T2200,2676A,97.373,37.376,海西蒙古族藏族自治州,德令哈市,,35,34,18,7,6,111,NA,109,109,1,2,14,10,0.4,0.3
2026-09-18T2200,2677A,106.1535,37.9648,吴忠市,教育园区,,40,36,34,28,19,50,NA,98,83,15,15,11,7,0.5,0.5
2026-09-18T2200,2679A,106.1851,37.9957,吴忠市,新区二泵站,NA,NA,31,35,19,16,NA,NA,104,98,NA,14,NA,8,NA,0.4
2026-09-18T2200,2682A,105.1965,37.4996,中卫市,环保局站,颗粒物(PM10),75,84,40,23,17,60,NA,105,98,15,15,4,3,0.5,0.1
2026-09-18T2200,2684A,106.2753,36.0057,固原市,监测站,,29,23,25,20,17,61,NA,81,75,7,6,7,7,0.7,0.7
2026-09-18T2200,2685A,106.2384,36.0189,固原市,新区,,26,18,31,18,20,55,NA,75,69,9,9,6,6,0.6,0.6
2026-09-18T2200,2686A,89.1905,42.9419,吐鲁番市,市环保局,NA,NA,NA,61,NA,16,56,NA,101,96,33,6,5,5,0.6,0.5
2026-09-18T2200,2687A,89.1674,42.9558,吐鲁番市,地区环保局,颗粒物(PM10),77,87,50,32,13,40,NA,103,93,49,8,2,3,0.7,0.4
2026-09-18T2200,2688A,93.5124,42.8176,哈密市,地区监测站,,48,48,25,27,9,71,NA,106,99,29,13,2,5,0.4,0.2
2026-09-18T2200,2689A,93.5014,42.8312,哈密市,哈密师范学校,颗粒物(PM10),65,70,30,38,13,56,NA,102,93,29,17,3,4,0.5,0.3
2026-09-18T2200,2692A,87.2722,44.0298,昌吉回族自治州,新区政务中心,,28,28,29,17,12,72,NA,93,90,18,17,6,7,0.3,0.4
2026-09-18T2200,2693A,82.0482,44.8553,博尔塔拉蒙古自治州,市党校,颗粒物(PM10),67,73,62,29,11,71,NA,93,92,22,9,4,4,0.3,0.2
2026-09-18T2200,2694A,82.0805,44.8966,博尔塔拉蒙古自治州,市环保局,颗粒物(PM10),65,70,58,24,9,60,NA,96,92,43,14,5,7,0.5,0.3
2026-09-18T2200,2695A,80.2899,41.1684,阿克苏地区,电视台,颗粒物(PM10),229,370,221,146,76,56,NA,86,82,22,16,6,6,0.6,0.5
2026-09-18T2200,2696A,80.2592,41.1541,阿克苏地区,艺术中心,颗粒物(PM10),282,407,260,150,79,55,NA,98,88,34,28,6,6,0.4,0.5
2026-09-18T2200,2697A,76.1457,39.7143,克孜勒苏柯尔克孜自治州,市人民政府,,45,45,55,20,18,77,NA,106,102,24,8,17,4,0.2,0.2
2026-09-18T2200,2698A,76.0071,39.466,喀什地区,巡警大队,,38,38,54,16,14,93,NA,116,111,17,7,3,4,0.2,0.1
2026-09-18T2200,2699A,75.9756,39.4693,喀什地区,吾办,,48,48,64,9,13,86,NA,109,104,14,4,4,4,0.5,0.3
2026-09-18T2200,2704A,81.3002,43.9177,伊犁哈萨克自治州,新政府片区,颗粒物(PM10),55,56,57,26,18,69,NA,115,112,44,28,6,6,0.9,0.7
2026-09-18T2200,2705A,81.3364,43.9409,伊犁哈萨克自治州,第二水厂,颗粒物(PM10),75,84,77,30,19,56,NA,114,108,32,29,6,7,0.7,0.7
2026-09-18T2200,2706A,82.9993,46.7432,塔城地区,东门外小游园,颗粒物(PM10),137,214,59,29,9,56,NA,92,88,11,5,3,3,0.4,0.4
2026-09-18T2200,2708A,88.1266,47.8515,阿勒泰地区,市站,颗粒物(PM10),53,53,36,20,5,8,NA,72,62,54,15,2,1,0.5,0.3
2026-09-18T2200,2709A,86.0391,44.298,石河子市,艾青诗歌馆,,41,41,44,13,8,75,NA,102,100,15,15,8,7,0.5,0.4
2026-09-18T2200,2711A,87.5352,44.1606,五家渠市,农水大厦,颗粒物(PM10),69,76,47,12,14,77,NA,94,92,7,12,4,5,0.3,0.3
2026-09-18T2200,2809A,113.6668,24.7756,韶关市,大学路288号,细颗粒物(PM2.5),52,36,53,36,38,85,NA,162,144,7,8,31,20,/,/
2026-09-18T2200,2835A,101.7222,26.567,攀枝花市,四十中小,二氧化硫(SO2),52,NA,25,29,17,45,NA,84,73,28,12,159,36,1.3,1.1
2026-09-18T2200,2842A,118.0937,24.5054,厦门市,湖里中学,,40,40,36,21,19,79,NA,142,122,15,11,2,2,0.5,0.6
2026-09-18T2200,2845A,113.1561,36.1912,长治市,德盛苑,,43,40,43,30,34,114,NA,136,135,6,14,12,15,0.8,0.9
2026-09-18T2200,2846A,113.3209,23.1323,广州市,体育西,细颗粒物(PM2.5),68,69,52,44,30,138,NA,178,157,56,36,6,7,0.9,0.8
2026-09-18T2200,2858A,117.7917,39.2473,天津市,河西一经路,,37,17,28,7,13,117,NA,136,127,10,17,8,9,0.5,0.6
2026-09-18T2200,2859A,117.3747,38.9845,天津市,津沽路,,30,23,35,4,15,94,NA,131,119,21,17,3,5,0.6,0.8
2026-09-18T2200,2860A,117.159,39.0844,天津市,宾水西道,,30,12,39,10,23,96,NA,123,119,9,11,4,5,0.3,0.6
2026-09-18T2200,2865A,112.7195,37.683,晋中市,榆次三中,细颗粒物(PM2.5),88,88,50,54,27,57,NA,158,136,53,22,9,9,0.8,0.7
2026-09-18T2200,2867A,111.1225,37.5093,吕梁市,马茂庄小学,颗粒物(PM10),63,67,45,33,20,55,NA,135,116,53,23,1,4,0.7,0.6
2026-09-18T2200,2868A,126.4737,43.953,吉林市,九站,,47,47,29,29,16,14,NA,104,64,55,24,29,12,0.6,0.4
2026-09-18T2200,2869A,119.4472,32.4156,扬州市,五台山医院,,46,46,33,24,18,76,NA,107,88,16,13,9,10,0.9,0.8
2026-09-18T2200,2870A,119.4369,32.1891,镇江市,市疾控中心,,49,35,29,34,25,64,NA,69,66,21,28,4,4,0.8,0.8
2026-09-18T2200,2871A,121.6156,29.9015,宁波市,万里国际学校,,28,28,34,18,20,67,NA,104,89,9,23,8,8,0.6,0.6
2026-09-18T2200,2872A,120.7845,30.7524,嘉兴市,南湖区残联,颗粒物(PM10),54,55,31,30,18,28,NA,114,88,32,19,7,7,0.2,0.1
2026-09-18T2200,2873A,120.083,30.8929,湖州市,仁皇山新区,细颗粒物(PM2.5),62,63,32,41,18,88,NA,116,112,26,23,8,7,0.9,0.4
2026-09-18T2200,2875A,115.783962,32.889217,阜阳市,阜阳职业技术学院,,41,41,39,26,24,83,NA,112,101,12,12,4,4,0.5,0.4
2026-09-18T2200,2877A,119.1638,36.6524,潍坊市,坊子邮政,,31,31,40,18,20,79,NA,150,122,12,13,2,2,0.6,0.6
2026-09-18T2200,2880A,104.0219,30.6561,成都市,大石西路,,48,48,29,32,22,8,NA,45,30,35,19,4,4,0.9,0.6
2026-09-18T2200,2881A,107.8909,26.531,黔东南苗族侗族自治州,凯里学院,,18,12,13,12,15,39,NA,74,61,6,5,4,4,0.5,0.4
2026-09-18T2200,2882A,102.5388,24.3703,玉溪市,玉溪一中,,23,22,15,16,8,34,NA,68,62,18,10,4,6,0.5,0.4
2026-09-18T2200,2883A,102.5382,24.339,玉溪市,文体中心,,19,16,12,13,8,38,NA,66,59,15,8,5,6,0.5,0.5
2026-09-18T2200,2884A,98.2672,39.7978,嘉峪关市,酒钢宾馆,,36,36,58,11,10,92,NA,100,86,21,15,4,22,0.3,0.5
2026-09-18T2200,2885A,104.9344,33.3827,陇南市,滨江中学,,36,36,31,9,7,35,NA,58,50,10,7,9,8,0.5,0.5
2026-09-18T2200,2894A,117.0561,32.6536,淮南市,经济技术开发区消防队,,45,45,25,30,18,47,NA,85,72,24,20,9,10,0.4,0.4
2026-09-18T2200,2897A,123.2429,41.7341,沈阳市,沈辽西路,,42,42,52,16,20,46,NA,108,78,37,31,8,16,0.5,0.6
2026-09-18T2200,2900A,123.5951,41.9085,沈阳市,裕农路,,28,28,35,10,14,63,NA,113,91,23,20,12,14,0.4,0.6
2026-09-18T2200,2902A,106.6347,30.4868,广安市,北辰小学,,17,17,21,9,14,43,NA,53,52,10,10,9,9,0.7,0.7
2026-09-18T2200,2907A,120.1846,30.8592,湖州市,吴兴区站,,50,41,27,35,18,81,NA,108,105,20,13,7,8,1.0,0.6
2026-09-18T2200,2919A,116.7022,39.5454,廊坊市,河北工业大学,,46,46,45,27,35,85,NA,142,128,24,11,3,3,0.4,0.5
2026-09-18T2200,2920A,117.71,24.5048,漳州市,蓝田镇,,49,49,49,24,26,100,NA,177,152,14,15,7,8,0.4,0.5
2026-09-18T2200,2921A,120.5482,30.0003,绍兴市,树下王站,,39,34,38,27,24,95,NA,154,130,27,21,5,5,0.8,0.7
2026-09-18T2200,2922A,117.194,39.1069,天津市,大理道,,31,21,37,10,20,97,NA,126,120,19,17,4,6,0.6,0.8
2026-09-18T2200,2924A,106.2266,38.4417,银川市,水乡路,,37,37,43,9,17,70,NA,112,100,12,20,5,6,0.4,0.5
2026-09-18T2200,2925A,106.2758,38.4841,银川市,上海东路,,35,35,37,8,19,72,NA,119,107,15,30,5,9,0.3,0.4
2026-09-18T2200,2926A,106.1016,38.4971,银川市,文昌北街,颗粒物(PM10),53,53,50,18,20,51,NA,121,109,32,30,4,5,0.4,0.5
2026-09-18T2200,2929A,114.8858,30.4519,黄冈市,红卫路,,40,38,33,28,27,80,NA,119,107,13,9,3,3,0.4,0.3
2026-09-18T2200,2996A,118.2781,33.9658,宿迁市,市供电局,,21,21,44,9,38,54,NA,102,82,13,14,4,5,0.6,0.8
2026-09-18T2200,2997A,119.8767,32.3291,泰州市,王营,,19,17,26,10,15,59,NA,88,72,8,9,10,10,0.4,0.5
2026-09-18T2200,3000A,119.3577,34.6971,连云港市,德源药业,,34,34,33,9,13,74,NA,101,76,18,18,5,6,0.4,0.6
2026-09-18T2200,3002A,119.9701,31.813,常州市,行政中心,,42,34,39,29,22,41,NA,102,86,33,32,7,8,0.6,0.7
2026-09-18T2200,3003A,120.0434,31.7726,常州市,经开区,颗粒物(PM10),55,56,42,32,16,30,NA,111,84,36,27,10,11,0.7,0.6
2026-09-18T2200,3004A,120.1543,33.3664,盐城市,宝龙广场,,25,24,23,12,10,80,NA,76,76,4,5,9,9,0.6,0.6
2026-09-18T2200,3005A,117.1812,34.29,徐州市,鼓楼区政府,颗粒物(PM10),55,56,70,33,46,82,NA,126,110,14,19,7,7,0.9,0.9
2026-09-18T2200,3006A,117.1693,34.1781,徐州市,铜山区招生办,颗粒物(PM10),53,53,74,33,45,42,NA,124,102,37,20,12,10,0.7,0.7
2026-09-18T2200,3007A,119.178,34.8442,连云港市,新城一中,,23,13,29,4,9,73,NA,107,77,19,28,9,9,0.3,0.3
2026-09-18T2200,3008A,119.3607,34.7519,连云港市,胡沟管理处,,24,14,17,2,6,74,NA,96,70,31,23,13,13,0.3,0.4
2026-09-18T2200,3009A,119.1478,34.5913,连云港市,矿山设计院,,27,14,19,7,8,85,NA,108,88,7,6,5,4,0.4,0.4
2026-09-18T2200,3010A,119.8919,31.7892,常州市,钟楼,颗粒物(PM10),53,53,43,32,21,41,NA,99,85,33,28,9,10,0.6,0.7
2026-09-18T2200,3012A,112.1849,31.0361,荆门市,西山林语,,46,35,30,32,25,88,NA,95,88,5,7,5,5,0.7,0.6
2026-09-18T2200,3014A,106.4958,29.5347,重庆市,歇台子,,25,25,25,8,8,26,NA,35,33,23,23,7,7,0.7,0.8
2026-09-18T2200,3015A,106.4067,29.5729,重庆市,龙井湾,,12,12,16,8,10,37,NA,51,45,12,16,8,8,0.8,0.9
2026-09-18T2200,3016A,106.5506,29.415,重庆市,龙洲湾,,26,26,28,6,11,30,NA,40,39,19,17,7,8,0.6,0.6
2026-09-18T2200,3018A,111.5048,36.1015,临汾市,唐尧大酒店,颗粒物(PM10),76,86,54,45,27,58,NA,140,124,29,15,6,6,0.8,0.7
2026-09-18T2200,3020A,117.2096,39.1698,天津市,中山北路,,35,35,46,15,20,75,NA,118,107,25,20,5,6,0.7,0.8
2026-09-18T2200,3021A,115,35.7667,濮阳市,濮水河管理处,颗粒物(PM10),66,72,58,42,32,57,NA,153,119,31,20,1,6,1.0,0.9
2026-09-18T2200,3025A,113.0479,23.6343,清远市,技师学院,细颗粒物(PM2.5),62,61,60,41,39,83,NA,192,171,34,25,6,8,0.9,0.8
2026-09-18T2200,3026A,116.6179,23.6608,潮州市,市政府,颗粒物(PM10),58,60,41,30,20,103,NA,123,120,15,9,9,10,0.8,0.7
2026-09-18T2200,3028A,104.7765,29.3623,自贡市,檀木林体育馆,,20,20,17,14,10,49,NA,73,69,13,9,7,7,0.7,0.7
2026-09-18T2200,3033A,87.4652,43.4569,乌鲁木齐市,培训基地,,28,19,20,10,10,89,NA,109,106,7,5,3,4,0.4,0.4
2026-09-18T2200,3034A,113.1076,41.0385,乌兰察布市,光明街小学,颗粒物(PM10),53,53,43,19,22,135,NA,149,142,10,16,6,8,0.4,0.5
2026-09-18T2200,3036A,118.6903,37.4337,东营市,开发区管委会,,36,26,31,9,20,115,NA,132,126,9,11,4,3,0.3,0.3
2026-09-18T2200,3038A,103.3757,23.3679,红河哈尼族彝族自治州,州图书馆,,18,18,8,12,7,52,NA,56,54,6,4,6,3,0.3,0.3
2026-09-18T2200,3039A,111.1911,34.7829,三门峡市,三门峡市第一小学,,43,43,43,27,28,115,NA,130,128,12,11,9,10,0.6,0.6
2026-09-18T2200,3045A,109.9647,33.8486,商洛市,商州区中学,,39,NA,17,27,12,98,NA,81,81,15,14,26,7,0.4,0.4
2026-09-18T2200,3046A,115.9084,28.6062,南昌市,机电学校,细颗粒物(PM2.5),56,47,45,38,32,124,NA,159,151,9,8,9,10,0.8,0.7
2026-09-18T2200,3048A,119.5799,26.0937,福州市,九龙,,34,24,28,8,15,107,NA,130,116,8,9,6,7,0.3,0.4
2026-09-18T2200,3051A,117.385,39.1483,天津市,西四道,,37,37,38,14,16,61,NA,124,105,34,18,4,5,0.2,0.4
2026-09-18T2200,3054A,113.9194,35.2847,新乡市,市委党校,细颗粒物(PM2.5),70,71,53,45,30,132,NA,167,154,17,15,10,10,0.7,0.5
2026-09-18T2200,3055A,101.7775,36.643,西宁市,城北区政府,,33,31,38,23,20,55,NA,109,102,49,20,7,12,0.9,1
2026-09-18T2200,3057A,121.5989,37.4016,烟台市,牟平检察院,,31,12,22,6,16,98,NA,129,119,8,13,4,5,0.3,0.4
2026-09-18T2200,3058A,119.2656,42.0356,赤峰市,银河街,,46,46,69,14,41,97,NA,143,122,15,17,9,11,0.7,1
2026-09-18T2200,3059A,117.7181,36.205,济南市,泰兴公司,细颗粒物(PM2.5),119,117,97,80,56,140,NA,192,174,37,32,5,6,0.8,0.7
2026-09-18T2200,3061A,119.7511,49.1576,呼伦贝尔市,国华电力东,,38,38,39,9,17,37,NA,73,56,12,15,4,5,0.3,0.3
2026-09-18T2200,3064A,117.6861,36.2172,济南市,莱芜战役纪念馆,细颗粒物(PM2.5),115,107,92,76,58,166,NA,196,192,26,26,8,9,0.7,0.7
2026-09-18T2200,3065A,101.9534,29.9976,甘孜藏族自治州,州环保局,,26,26,19,1,1,38,NA,52,45,9,10,2,3,0.1,0.1
2026-09-18T2200,3066A,116.2722,37.438,德州市,九衢泉纯净水厂,,46,46,85,21,45,110,NA,189,173,18,46,10,15,0.5,0.6
2026-09-18T2200,3109A,115.0094,25.8614,赣州市,赣县区卫计委,,34,34,40,18,33,74,NA,128,95,7,10,4,3,0.7,0.7
2026-09-18T2200,3123A,105.9408,26.2431,安顺市,凤凰山,,20,19,14,14,10,47,NA,60,56,7,4,3,4,0.5,0.5
2026-09-18T2200,3124A,105.9443,26.2567,安顺市,金钟山,,19,19,14,11,12,51,NA,64,60,6,5,5,5,0.4,0.5
2026-09-18T2200,3125A,105.8983,26.248,安顺市,娄家坡,,15,13,12,10,8,48,NA,56,53,4,3,5,6,0.4,0.4
2026-09-18T2200,3131A,114.878,40.7992,张家口市,烟厂,细颗粒物(PM2.5),76,73,60,48,33,157,NA,167,156,8,13,/,/,/,/
2026-09-18T2200,3132A,119.5979,39.938,秦皇岛市,文明里,NA,NA,NA,40,NA,14,NA,NA,128,NA,NA,27,NA,8,NA,0.3
2026-09-18T2200,3133A,106.5469,29.5655,重庆市,上清寺,,16,16,21,9,9,29,NA,34,32,21,25,3,3,0.6,0.6
2026-09-18T2200,3134A,113.8172,34.0339,许昌市,市一中,细颗粒物(PM2.5),114,112,70,75,43,68,NA,149,122,23,16,7,10,0.7,0.9
2026-09-18T2200,3136A,104.2724,30.559,成都市,龙泉驿区区政府,,40,NA,12,28,15,22,NA,68,50,20,9,3,3,0.9,0.8
2026-09-18T2200,3138A,111.7152,29.0288,常德市,武陵区永安,,36,32,20,25,17,93,NA,92,92,10,10,8,8,0.7,0.6
2026-09-18T2200,3139A,111.6891,28.9881,常德市,鼎城区玉霞,,35,32,20,24,16,99,NA,96,96,9,10,8,8,0.9,0.7
2026-09-18T2200,3140A,111.6651,29.0526,常德市,武陵区长庚,,36,28,19,25,16,82,NA,90,88,10,8,6,7,0.8,0.7
2026-09-18T2200,3141A,114.3921,36.0879,安阳市,信访局,细颗粒物(PM2.5),88,91,54,54,34,134,NA,180,167,27,19,7,9,0.8,0.9
2026-09-18T2200,3147A,114.3434,34.8101,开封市,龙亭公园,颗粒物(PM10),89,104,63,42,29,96,NA,170,149,30,14,7,6,0.9,0.8
2026-09-18T2200,3148A,103.829,30.0563,眉山市,区人社局,,43,43,36,14,10,50,NA,76,65,22,14,8,8,0.9,1
2026-09-18T2200,3149A,115.0174,30.1591,黄石市,笔架山北路,颗粒物(PM10),71,79,63,36,31,92,NA,127,118,8,8,8,9,0.9,0.7
2026-09-18T2200,3151A,114.375,27.8096,宜春市,宜春学院北校区,NA,NA,NA,69,NA,50,NA,NA,151,141,NA,14,9,8,1.6,1.2
2026-09-18T2200,3153A,114.3876,30.4908,武汉市,民族大道182号,细颗粒物(PM2.5),54,NA,35,37,34,71,NA,101,92,15,15,5,6,0.9,1
2026-09-18T2200,3164A,119.4682,32.394,扬州市,广陵建设局,细颗粒物(PM2.5),64,NA,35,42,22,72,NA,106,86,25,19,9,10,0.5,0.4
2026-09-18T2200,3171A,115.6069,34.4465,商丘市,梁园区档案局,,43,43,60,26,30,104,NA,165,144,8,17,5,7,0.4,0.4
2026-09-18T2200,3173A,117.0598,30.5351,安庆市,市人大,,35,30,31,24,30,66,NA,99,92,14,13,6,7,0.7,0.7
2026-09-18T2200,3178A,119.0587,36.7209,潍坊市,潍坊七中,,36,36,39,21,16,80,NA,156,129,14,12,4,4,0.5,0.4
2026-09-18T2200,3179A,102.7491,25.012,昆明市,官渡区博物馆,,15,14,14,4,7,47,NA,82,70,17,10,4,4,0.4,0.4
2026-09-18T2200,3180A,99.7122,27.8129,迪庆藏族自治州,质量技术监督局,,21,13,13,11,6,65,NA,78,73,9,8,6,6,0.3,0.3
2026-09-18T2200,3181A,106.776805,31.852614,巴中市,市五中,,16,16,20,6,6,12,NA,36,32,10,8,12,11,0.8,0.7
2026-09-18T2200,3183A,106.7419,31.8654,巴中市,圣泉水务公司,NA,NA,NA,18,NA,7,4,NA,38,34,16,13,12,11,0.9,0.8
2026-09-18T2200,3187A,116.9508,33.666,宿州市,远航博物馆,,42,40,49,29,37,60,NA,111,92,25,17,6,9,0.6,0.7
2026-09-18T2200,3188A,115.6684,37.7216,衡水市,市城管局,颗粒物(PM10),73,81,94,44,44,118,NA,162,155,18,20,13,8,0.8,0.7
2026-09-18T2200,3190A,116.0254,29.6995,九江市,外国语学校,细颗粒物(PM2.5),70,56,32,45,27,103,NA,148,138,26,15,7,7,0.6,0.5
2026-09-18T2200,3191A,118.3243,33.95,宿迁市,宿豫区政府,,21,21,45,12,40,55,NA,102,83,12,11,6,6,0.5,0.5
2026-09-18T2200,3192A,80.0906,32.5029,阿里地区,阿里藏医院,NA,NA,NA,9,NA,2,NA,NA,156,156,2,4,3,4,0.2,0.2
2026-09-18T2200,3194A,112.2749,30.3124,荆州市,管委会,,42,NA,26,29,26,67,NA,87,83,11,11,6,6,0.5,0.6
2026-09-18T2200,3195A,119.3649,32.3961,扬州市,市体育局,细颗粒物(PM2.5),64,51,34,42,20,73,NA,104,83,21,12,9,9,0.7,0.5
2026-09-18T2200,3200A,115.9772,36.4986,聊城市,监控中心,细颗粒物(PM2.5),135,140,88,98,52,59,NA,209,158,78,37,8,12,0.6,0.3
2026-09-18T2200,3206A,114.9148,27.8069,新余市,新钢沁园村,细颗粒物(PM2.5),54,53,57,37,44,143,NA,163,159,13,14,12,14,0.6,0.6
2026-09-18T2200,3207A,118.31131,32.3033,滁州市,市政府原办公楼,细颗粒物(PM2.5),52,NA,22,36,29,89,NA,105,96,9,13,6,7,0.5,0.6
2026-09-18T2200,3208A,112.7279,38.4157,忻州市,市政府,细颗粒物(PM2.5),74,70,48,47,28,97,NA,159,145,31,24,10,7,0.9,0.7
2026-09-18T2200,3209A,119.5231,26.6562,宁德市,宁德一中,,26,26,27,18,19,80,NA,135,113,7,7,5,6,0.4,0.5
2026-09-18T2200,3210A,114.3645,34.7955,开封市,汴京公园,颗粒物(PM10),82,94,67,46,33,89,NA,166,143,30,14,8,7,0.4,0.3
2026-09-18T2200,3216A,117.662,24.5187,漳州市,漳州党校,,46,46,50,21,27,106,NA,177,155,14,16,/,/,/,/
2026-09-18T2200,3237A,117.4918,30.6617,池州市,展览馆,,27,27,44,13,25,60,NA,83,78,16,17,6,5,0.6,0.7
2026-09-18T2200,3241A,103.7439,36.0841,兰州市,百合公园,,41,41,46,20,21,47,NA,128,101,40,42,6,10,0.3,0.6
2026-09-18T2200,3242A,103.9613,35.9985,兰州市,和平,,33,33,29,18,14,49,NA,117,102,23,14,10,12,0.3,0.4
2026-09-18T2200,3247A,104.9551,33.3709,陇南市,市总工会,,21,21,24,5,7,46,NA,59,53,8,5,8,8,0.4,0.4
2026-09-18T2200,3248A,98.2644,39.7723,嘉峪关市,雄关区,,41,41,47,12,10,90,NA,118,112,23,14,4,19,0.3,0.4
2026-09-18T2200,3265A,121.4242,31.3303,上海市,宝山庙行,,44,44,40,16,17,58,NA,77,64,16,17,8,8,0.6,0.6
2026-09-18T2200,3266A,121.8789,31.4662,上海市,崇明上实东滩,,30,30,27,16,15,75,NA,85,82,4,5,10,11,0.3,0.3
2026-09-18T2200,3268A,121.316,31.2839,上海市,嘉定南翔,,32,32,34,19,17,41,NA,79,59,23,18,8,9,0.4,0.4
2026-09-18T2200,3269A,121.3357,30.7455,上海市,金山新城,,32,32,37,18,20,43,NA,73,49,16,17,4,4,0.8,0.8
2026-09-18T2200,3270A,121.4996,31.0741,上海市,闵行浦江,,30,30,33,18,19,62,NA,78,68,9,11,6,7,0.4,0.4
2026-09-18T2200,3271A,121.2886,31.1663,上海市,青浦徐泾,,46,46,34,26,18,20,NA,83,52,32,13,6,7,0.6,0.4
2026-09-18T2200,3272A,121.2193,31.0382,上海市,松江图书馆,颗粒物(PM10),51,51,46,29,22,43,NA,83,63,21,24,7,7,0.5,0.5
2026-09-18T2200,3273A,121.3904,31.206,上海市,长宁仙霞,,40,40,35,25,19,21,NA,76,43,30,18,6,6,0.4,0.3
2026-09-18T2200,3274A,121.7964,31.0507,上海市,浦东惠南,,36,36,35,15,15,70,NA,84,76,11,15,9,10,0.6,0.6
2026-09-18T2200,3282A,113.3399,40.0586,大同市,大同市卫生学校,颗粒物(PM10),58,60,48,34,21,95,NA,155,133,27,20,22,10,0.5,0.5
2026-09-18T2200,3283A,109.9154,40.5684,包头市,滨河大厦,,36,36,29,16,20,21,NA,104,76,65,28,8,8,0.4,0.4
2026-09-18T2200,3284A,106.8129,39.7274,乌海市,海北新区,颗粒物(PM10),56,58,54,20,17,69,NA,113,98,27,21,26,16,0.5,0.5
2026-09-18T2200,3285A,113.1383,40.9513,乌兰察布市,北京八中,,45,45,58,11,19,108,NA,155,135,16,18,5,9,0.2,0.4
2026-09-18T2200,3286A,118.9359,42.3146,赤峰市,桥北物流园区,颗粒物(PM10),58,61,42,31,29,32,NA,159,110,83,27,46,23,0.9,0.8
2026-09-18T2200,3287A,119.3842,32.198,镇江市,富润路1号,,42,37,35,29,30,98,NA,68,67,16,41,7,8,0.5,0.5
2026-09-18T2200,3288A,117.4619,34.4368,徐州市,大泉街道,细颗粒物(PM2.5),88,94,82,54,56,87,NA,130,113,17,21,8,8,0.9,0.9
2026-09-18T2200,3289A,120.7431,31.3188,苏州市,方洲路,,30,30,32,20,16,43,NA,91,64,16,20,7,8,0.6,0.5
2026-09-18T2200,3290A,120.4979,31.2777,苏州市,木渎中学,,40,40,32,26,17,49,NA,108,92,24,21,6,6,0.9,0.8
2026-09-18T2200,3291A,121.0631,32.0644,南通市,通州监测站,,19,14,23,12,10,58,NA,81,75,8,4,1,1,0.6,0.5
2026-09-18T2200,3293A,120.1518,33.3369,盐城市,月亮广场,,30,23,24,10,12,93,NA,86,86,5,6,10,10,0.5,1.2
2026-09-18T2200,3294A,119.565282,32.422263,扬州市,引江管理处,,35,32,29,24,17,88,NA,96,85,8,10,4,4,0.8,0.7
2026-09-18T2200,3295A,120.1226,32.515,泰州市,姜堰区政府广场,,27,16,26,8,16,86,NA,84,78,2,8,6,7,0.5,0.6
2026-09-18T2200,3298A,113.5718,23.5493,广州市,从化街口,颗粒物(PM10),55,57,54,36,37,38,NA,117,78,20,16,7,7,0.8,0.7
2026-09-18T2200,3299A,113.3463,23.369,广州市,白云竹料,颗粒物(PM10),61,65,57,40,35,65,NA,137,108,29,22,4,5,0.9,0.8
2026-09-18T2200,3300A,113.2981,23.2365,广州市,白云嘉禾,,43,43,50,28,30,86,NA,140,117,38,29,3,4,/,/
2026-09-18T2200,3301A,113.4256,23.1716,广州市,黄埔科学城,细颗粒物(PM2.5),56,56,49,38,32,92,NA,138,109,42,21,8,7,0.8,0.7
2026-09-18T2200,3302A,113.3942,23.0485,广州市,番禺大学城,NA,NA,40,38,30,32,158,NA,183,165,21,21,7,7,NA,0.6
2026-09-18T2200,3303A,113.4923,22.8169,广州市,南沙黄阁,,38,38,51,16,31,114,NA,220,199,16,18,9,10,/,/
2026-09-18T2200,3304A,113.534,22.7893,广州市,南沙街,,47,47,49,18,29,103,NA,202,175,14,16,8,8,0.7,0.7
2026-09-18T2200,3305A,114.0614,22.556,深圳市,莲花,,32,27,35,14,20,102,NA,144,132,10,10,/,/,/,/
2026-09-18T2200,3306A,114.0144,22.6163,深圳市,民治,,31,26,40,19,22,98,NA,162,143,14,15,/,/,/,/
2026-09-18T2200,3307A,114.1756,22.6421,深圳市,横岗,,26,26,37,14,19,81,NA,162,129,21,14,/,/,/,/
2026-09-18T2200,3308A,113.3493,22.0572,珠海市,金湾,,28,27,35,17,19,89,NA,149,117,10,9,/,/,0.4,0.4
2026-09-18T2200,3311A,113.1077,22.5647,江门市,江海富民,颗粒物(PM10),60,64,65,23,28,111,NA,193,177,13,14,/,/,0.3,0.4
2026-09-18T2200,3313A,112.4572,23.0163,肇庆市,高要湖西,颗粒物(PM10),56,58,52,36,35,136,NA,174,171,11,15,6,7,0.6,0.6
2026-09-18T2200,3314A,114.4334,22.8134,惠州市,惠阳秋长,,31,31,43,13,21,86,NA,160,132,8,14,/,/,/,/
2026-09-18T2200,3315A,116.1234,24.2994,梅州市,梅龙,,48,46,42,33,29,56,NA,114,91,16,10,13,9,0.8,0.7
2026-09-18T2200,3317A,111.9785,21.8954,阳江市,两阳中学,,50,50,40,26,24,115,NA,134,131,19,14,/,/,0.6,0.6
2026-09-18T2200,3318A,112.9898,23.7403,清远市,清新太和,颗粒物(PM10),55,56,65,30,39,155,NA,187,175,11,13,10,10,0.7,0.7
2026-09-18T2200,3319A,113.7283,23.041,东莞市,万江金泰,,48,47,45,33,30,136,NA,152,146,15,13,6,6,0.8,0.7
2026-09-18T2200,3320A,116.4028,23.5699,揭阳市,曲溪,颗粒物(PM10),55,56,41,24,21,90,NA,135,121,17,11,8,11,0.7,0.6
2026-09-18T2200,3323A,115.2772,40.9723,张家口市,青少年活动中心,,43,41,30,30,21,93,NA,165,146,14,8,3,2,0.3,0.2
2026-09-18T2200,3324A,116.8011,38.294,沧州市,河北水利电力学院,,41,41,63,25,35,85,NA,137,113,16,13,16,8,0.2,0.5
2026-09-18T2200,3325A,117.0362,39.3827,天津市,雍阳西道,,43,43,38,14,18,61,NA,120,105,33,10,7,8,0.5,0.7
2026-09-18T2200,3326A,117.0291,39.0612,天津市,辛老路,,30,28,45,12,24,95,NA,132,119,17,13,3,4,0.5,0.7
2026-09-18T2200,3327A,116.9638,38.9374,天津市,地纬路,,36,36,45,16,24,85,NA,135,116,16,11,6,7,0.7,0.9
2026-09-18T2200,3328A,118.4209,31.3704,芜湖市,市气象局,,31,31,23,19,17,55,NA,86,77,34,18,8,8,0.6,0.8
2026-09-18T2200,3329A,117.011,32.5891,淮南市,山南新区,,46,46,21,31,17,44,NA,90,75,24,16,4,4,0.3,0.2
2026-09-18T2200,3331A,118.3268,32.2633,滁州市,图书馆,,39,NA,22,27,20,82,NA,94,81,10,15,6,7,0.5,0.5
2026-09-18T2200,3332A,115.7631,33.803,亳州市,亳州学院,,48,41,63,33,32,79,NA,128,113,12,11,3,4,0.4,0.3
2026-09-18T2200,3333A,117.5626,30.695,池州市,第八中学,,29,29,41,17,23,51,NA,91,83,23,20,7,6,0.6,0.7
2026-09-18T2200,3334A,117.5037,30.6242,池州市,第十二中学,,28,26,39,19,27,58,NA,95,85,17,17,5,5,0.9,1
2026-09-18T2200,3335A,113.3137,35.2643,焦作市,马村街道办,颗粒物(PM10),68,75,56,42,34,92,NA,158,140,22,15,4,5,0.7,0.6
2026-09-18T2200,3336A,113.2464,35.2374,焦作市,焦作技师学院,颗粒物(PM10),66,72,51,40,29,120,NA,159,146,16,13,6,7,0.6,0.5
2026-09-18T2200,3337A,113.8611,34.0443,许昌市,许昌学院,细颗粒物(PM2.5),92,102,67,56,37,91,NA,158,131,23,18,10,10,0.6,0.4
2026-09-18T2200,3338A,113.8428,34.0825,许昌市,芙蓉广场,颗粒物(PM10),95,113,71,57,40,79,NA,158,122,19,15,8,9,0.7,0.6
2026-09-18T2200,3339A,114.0002,33.0404,驻马店市,小管楼,,49,43,54,34,40,62,NA,133,103,17,22,4,5,0.3,0.3
2026-09-18T2200,3340A,112.6005,34.6323,洛阳市,伊滨,细颗粒物(PM2.5),102,86,40,62,31,NA,NA,96,96,NA,11,5,8,1.6,1.4
2026-09-18T2200,3341A,112.495,34.6338,洛阳市,中移产业园,细颗粒物(PM2.5),101,80,62,61,41,75,NA,150,132,33,20,12,10,0.9,0.7
2026-09-18T2200,3342A,128.7948,47.7291,伊春市,中心小学,颗粒物(PM10),54,55,28,20,21,48,NA,127,97,15,15,2,1,0.8,0.9
2026-09-18T2200,3343A,128.6736,47.729,伊春市,检察院,颗粒物(PM10),63,67,52,20,22,23,NA,135,97,25,10,3,5,0.6,0.6
2026-09-18T2200,3345A,131.0413,45.7795,七台河市,中波台,,31,31,22,10,12,34,NA,81,62,9,8,3,3,0.5,0.3
2026-09-18T2200,3346A,108.3871,31.1627,重庆市,安康,,8,7,18,5,6,17,NA,21,18,12,13,8,8,0.8,0.8
2026-09-18T2200,3347A,105.8983,29.36,重庆市,北山路,,19,19,19,11,12,15,NA,42,38,34,17,7,7,0.6,0.6
2026-09-18T2200,3350A,106.648859,29.023807,重庆市,滩子口,,28,28,29,15,15,30,NA,42,41,14,12,7,11,0.5,0.5
2026-09-18T2200,3351A,105.7164,29.7077,重庆市,棠香,,18,18,22,12,12,44,NA,58,56,10,12,8,6,0.8,0.8
2026-09-18T2200,3352A,107.0733,29.8618,重庆市,桃源西路,,27,27,25,11,12,30,NA,37,35,9,10,8,7,0.6,0.5
2026-09-18T2200,3353A,107.3536,29.7283,重庆市,迎宾大道,,16,16,15,2,6,28,NA,47,40,12,9,2,2,0.5,0.5
2026-09-18T2200,3354A,108.8152,29.5079,重庆市,舟白,,16,15,16,6,5,51,NA,50,50,8,7,6,6,0.4,0.5
2026-09-18T2200,3355A,108.3679,30.8429,重庆市,周家坝,,11,8,18,7,6,9,NA,54,33,21,15,2,2,0.7,0.7
2026-09-18T2200,3356A,108.4323,30.7554,重庆市,百安坝,,25,25,18,3,7,19,NA,46,38,18,12,8,8,0.7,0.6
2026-09-18T2200,3357A,104.0028,30.6891,成都市,金博路,,35,35,18,22,19,2,NA,44,30,41,20,2,2,1.3,1.1
2026-09-18T2200,3359A,104.056,30.5228,成都市,华阳,,32,31,21,22,16,27,NA,53,40,26,14,2,2,0.9,0.8
2026-09-18T2200,3360A,104.7894,29.3197,自贡市,南湖救助站,,31,31,23,16,13,53,NA,74,71,11,8,7,6,0.9,0.8
2026-09-18T2200,3361A,103.7313,29.563,乐山市,理工大学,,26,20,19,18,13,53,NA,70,65,9,6,4,7,0.7,0.7
2026-09-18T2200,3363A,117.9883,36.8372,淄博市,新区,,48,48,67,29,48,76,NA,186,131,26,30,7,7,0.6,0.9
2026-09-18T2200,3364A,117.316,34.8106,枣庄市,市环保局,颗粒物(PM10),63,68,84,38,42,85,NA,148,123,18,26,7,7,0.6,0.6
2026-09-18T2200,3365A,118.5721,37.5654,东营市,垦利区民丰路,,34,34,30,15,13,85,NA,130,114,16,12,4,4,0.3,0.3
2026-09-18T2200,3366A,121.5202,37.4336,烟台市,中国农业大学,,29,29,26,12,14,85,NA,127,112,13,13,8,8,0.2,0.2
2026-09-18T2200,3368A,119.1978,36.6871,潍坊市,高新实验学校,,36,36,43,11,14,81,NA,155,124,12,13,6,7,0.6,0.7
2026-09-18T2200,3370A,118.3563,35.0215,临沂市,十里堡居委,,22,22,57,7,43,69,NA,146,111,14,20,8,11,0.6,0.8
2026-09-18T2200,3371A,116.3693,37.44,德州市,开发区人民医院,NA,NA,46,82,20,51,NA,NA,184,182,20,30,9,8,0.5,0.7
2026-09-18T2200,3374A,115.5562,35.089,菏泽市,定陶老年大学,细颗粒物(PM2.5),114,146,80,75,38,107,NA,193,165,27,22,7,7,0.6,0.4
2026-09-18T2200,3375A,102.8016,24.8336,昆明市,青年创业园,,20,8,11,4,7,62,NA,79,71,8,11,2,2,0.6,0.6
2026-09-18T2200,3376A,103.7926,25.4651,曲靖市,南苑二区,,19,17,15,13,9,41,NA,69,61,15,9,4,4,0.5,0.5
2026-09-18T2200,3377A,103.7442,25.5259,曲靖市,曲靖师范学院,,29,29,16,4,7,45,NA,72,64,8,6,5,3,0.4,0.4
2026-09-18T2200,3379A,122.1122,40.2275,营口市,鲅鱼圈市民活动中心,,22,22,43,8,22,62,NA,88,80,20,19,4,5,0.5,0.6
2026-09-18T2200,3380A,102.8915,34.9618,甘南藏族自治州,甘肃民族师范学院,,33,24,31,23,16,69,NA,112,96,22,15,7,8,0.4,0.4
2026-09-18T2200,3396A,112.0764,32.0089,襄阳市,襄城隆中路,颗粒物(PM10),67,73,66,37,27,49,NA,68,66,22,19,8,8,0.7,0.6
2026-09-18T2200,3397A,112.1154,32.103,襄阳市,高新台子湾,细颗粒物(PM2.5),52,NA,32,36,30,57,NA,75,71,17,17,6,6,0.6,0.6
2026-09-18T2200,3398A,114.9134,30.4446,黄冈市,市林业局,,35,35,31,22,21,85,NA,115,106,10,6,4,4,0.5,0.4
2026-09-18T2200,3399A,112.6703,26.8817,衡阳市,师范学院,NA,NA,47,38,33,28,NA,NA,74,74,NA,7,NA,6,NA,0.8
2026-09-18T2200,3400A,109.1844,21.4396,北海市,龙潭自来水厂,,34,34,38,14,21,107,NA,131,116,8,6,10,8,0.6,0.5
2026-09-18T2200,3401A,108.4829,22.762,南宁市,红星社区,,46,32,32,32,21,46,NA,105,88,17,10,7,7,0.9,0.8
2026-09-18T2200,3402A,109.5422,24.3994,柳州市,市二中,,40,40,40,28,27,24,NA,115,92,43,23,11,10,0.9,0.9
2026-09-18T2200,3404A,108.5959,21.9634,钦州市,北职校,,46,46,45,30,19,102,NA,134,130,12,11,8,10,0.6,0.5
2026-09-18T2200,3405A,109.5886,23.1172,贵港市,新世纪学校,细颗粒物(PM2.5),62,56,43,41,28,76,NA,135,119,27,16,/,/,0.7,0.7
2026-09-18T2200,3407A,120.6915,30.7741,嘉兴市,秀洲住建,,45,45,31,29,16,36,NA,109,87,23,20,5,6,0.3,0.2
2026-09-18T2200,3408A,120.5685,29.936,绍兴市,绍兴中专,颗粒物(PM10),60,64,41,35,26,53,NA,169,126,40,21,7,7,0.7,0.7
2026-09-18T2200,3409A,120.4905,30.086,绍兴市,柯桥区政府,,49,49,36,32,22,90,NA,153,132,21,17,8,8,0.6,0.4
2026-09-18T2200,3410A,120.8751,30.0249,绍兴市,重华小学,"颗粒物(PM10),细颗粒物(PM2.5)",56,58,36,38,21,91,NA,133,120,26,14,6,6,0.5,0.3
2026-09-18T2200,3411A,120.837,30.0137,绍兴市,上虞中学,颗粒物(PM10),57,59,37,28,21,98,NA,128,116,25,17,6,4,0.7,0.6
2026-09-18T2200,3416A,119.1758,36.7139,潍坊市,潍坊学院,,29,29,42,14,17,85,NA,159,131,14,16,5,7,0.4,0.5
2026-09-18T2200,3418A,116.8336,40.4095,北京市,密云新城,,37,34,57,15,35,116,NA,138,130,11,10,4,4,0.6,0.8
2026-09-18T2200,3419A,109.9449,40.6259,包头市,包头市委党校,,40,40,30,22,20,32,NA,115,92,70,27,5,8,0.6,0.5
2026-09-18T2200,3421A,113.1776,40.9779,乌兰察布市,市委党校,颗粒物(PM10),51,51,55,30,25,67,NA,167,137,52,17,6,7,0.5,0.6
2026-09-18T2200,3422A,118.8443,31.919,南京市,江宁彩虹桥,,40,40,25,18,13,16,NA,103,60,43,16,4,4,0.5,0.4
2026-09-18T2200,3425A,120.642,31.1733,苏州市,越秀幼儿园,,40,38,36,28,20,30,NA,94,72,36,20,4,6,0.6,0.7
2026-09-18T2200,3426A,118.8757,33.2897,淮安市,新华书店,,24,11,43,4,24,74,NA,104,84,4,10,9,10,0.5,0.7
2026-09-18T2200,3427A,118.8497,32.3599,南京市,六合雄州,,47,47,29,28,15,48,NA,94,82,24,16,4,4,0.8,0.9
2026-09-18T2200,3429A,119.8595,31.706,常州市,武进经发区,,45,45,50,20,22,29,NA,108,81,33,29,8,9,0.8,0.9
2026-09-18T2200,3430A,119.5812,31.7256,常州市,金坛城区,,43,38,38,30,27,58,NA,120,105,21,25,4,4,0.7,0.7
2026-09-18T2200,3431A,120.6502,31.4117,苏州市,高铁新城,,50,50,39,25,16,23,NA,91,64,38,26,7,8,0.7,0.6
2026-09-18T2200,3432A,120.9348,31.9874,南通市,环境教育馆,,20,NA,18,10,12,64,NA,84,72,5,13,5,6,0.3,0.4
2026-09-18T2200,3434A,119.2414,34.6539,连云港市,工贸学校,,26,16,14,6,8,83,NA,115,91,7,6,10,8,0.4,0.4
2026-09-18T2200,3435A,119.9186,32.4322,泰州市,周山河街区,,24,13,25,9,15,74,NA,85,74,6,11,10,11,0.6,0.7
2026-09-18T2200,3436A,120.4283,33.2048,盐城市,大丰高级中学,,34,22,25,10,11,108,NA,100,100,7,9,7,7,0.5,0.4
2026-09-18T2200,3437A,88.3088,43.3637,乌鲁木齐市,达坂城区环保局,,34,34,30,22,9,94,NA,108,107,10,6,5,5,0.3,0.2
2026-09-18T2200,3438A,87.6132,43.8791,乌鲁木齐市,红光山片区,,22,NA,38,15,15,70,NA,101,98,30,28,2,4,0.1,0.2
2026-09-18T2200,3439A,87.7008,43.8003,乌鲁木齐市,新师大温泉校区,,38,38,43,19,13,82,NA,102,101,10,9,11,10,0.3,0.2
2026-09-18T2200,3440A,87.4892,43.84,乌鲁木齐市,大绿谷,,42,42,33,19,11,58,NA,98,94,38,25,2,1,0.5,0.4
2026-09-18T2200,3441A,87.5461,44.1909,五家渠市,经开区管委会,颗粒物(PM10),67,73,53,17,11,63,NA,91,88,19,14,2,3,0.3,0.4
2026-09-18T2200,3442A,86.047,44.2331,石河子市,南区管委会,颗粒物(PM10),71,79,44,11,5,72,NA,101,98,11,11,4,5,0.2,0.1
2026-09-18T2200,3443A,113.2905,23.5541,广州市,花都梯面,,38,38,52,26,33,8,NA,134,84,41,24,5,5,/,/
2026-09-18T2200,3444A,116.4539,23.2684,汕头市,潮南峡山,,37,37,33,20,17,96,NA,111,108,12,10,8,8,0.6,0.6
2026-09-18T2200,3445A,113.786,23.7479,广州市,从化良口,,40,33,35,28,27,60,NA,100,77,11,9,6,6,/,/
2026-09-18T2200,3446A,113.805,23.2614,广州市,增城荔城,,43,43,49,26,31,44,NA,132,92,22,17,9,11,0.6,0.6
2026-09-18T2200,3447A,114.344,22.7115,深圳市,坪山,,26,25,38,14,22,82,NA,149,118,14,14,5,5,0.6,0.6
2026-09-18T2200,3448A,113.5436,22.1163,珠海市,横琴,,38,38,36,19,19,83,NA,149,111,16,11,/,/,/,/
2026-09-18T2200,3449A,113.0496,22.4669,江门市,新会银湖,,42,42,43,19,26,95,NA,167,150,13,15,3,4,0.7,0.7
2026-09-18T2200,3450A,111.0101,21.5165,茂名市,电白水东,NA,NA,NA,35,21,22,121,NA,123,122,5,7,4,6,/,/
2026-09-18T2200,3451A,112.5617,23.2082,肇庆市,鼎湖凤凰,细颗粒物(PM2.5),54,51,43,37,29,92,NA,190,171,12,11,9,9,/,/
2026-09-18T2200,3452A,114.6521,22.7755,惠州市,大亚湾霞涌,,29,13,33,11,18,90,NA,136,117,6,8,/,/,/,/
2026-09-18T2200,3453A,112.0125,21.8749,阳江市,阳东陶然,,42,37,35,22,23,134,NA,139,139,8,8,6,6,0.5,0.5
2026-09-18T2200,3454A,113.3527,22.4781,中山市,中山南区,,30,24,32,12,33,96,NA,182,163,13,10,7,7,0.5,0.6
2026-09-18T2200,3455A,113.076,23.72,清远市,清城东城,颗粒物(PM10),60,64,61,36,36,108,NA,186,159,16,16,/,/,/,/
2026-09-18T2200,3456A,114.2887,38.0905,石家庄市,鹿泉一中,细颗粒物(PM2.5),109,82,73,69,90,61,NA,NA,NA,NA,12,3,3,0.6,0.6
2026-09-18T2200,3457A,118.4357,39.277,唐山市,冀东油田职工医院,,36,36,35,15,16,94,NA,134,115,20,13,1,2,0.2,0.2
2026-09-18T2200,3458A,114.7893,36.5592,邯郸市,香泉濮院小区,细颗粒物(PM2.5),141,134,78,105,49,117,NA,158,145,24,27,3,10,0.7,0.7
2026-09-18T2200,3459A,115.599,37.5491,衡水市,地表水厂,NA,NA,NA,NA,NA,NA,NA,NA,NA,NA,NA,NA,NA,NA,NA,NA
2026-09-18T2200,3460A,117.4065,40.0583,天津市,北环路,,31,31,42,13,20,82,NA,140,130,10,7,5,6,0.2,0.5
2026-09-18T2200,3461A,117.3041,39.7167,天津市,建设路,,40,40,35,17,16,85,NA,137,124,19,13,8,9,0.7,0.8
2026-09-18T2200,3462A,117.8201,39.3519,天津市,滨水东路,,49,49,32,17,14,41,NA,127,100,53,16,8,8,0.5,0.6
2026-09-18T2200,3463A,116.9708,33.5911,宿州市,社会福利中心,,43,43,44,30,38,33,NA,106,82,51,23,6,7,0.5,0.5
2026-09-18T2200,3464A,117.3802,31.9148,合肥市,高教基地,,35,29,20,24,13,34,NA,78,67,11,11,7,7,0.6,0.5
2026-09-18T2200,3465A,118.4783,31.3226,芜湖市,清苑社区,,37,30,24,14,17,12,NA,84,63,74,27,6,6,0.6,0.7
2026-09-18T2200,3466A,118.2746,31.2326,芜湖市,扬子职业技术学院,,34,34,26,18,17,32,NA,92,79,42,20,8,6,0.7,0.7
2026-09-18T2200,3468A,115.79,32.8614,阜阳市,市规划展馆,,41,41,36,24,23,82,NA,116,104,13,15,5,6,0.5,0.5
2026-09-18T2200,3469A,115.835101,32.918568,阜阳市,枣园社区,,46,46,40,29,26,71,NA,105,90,17,17,3,4,0.5,0.5
2026-09-18T2200,3471A,113.6104,34.8688,郑州市,惠济区政府,细颗粒物(PM2.5),104,107,73,64,43,84,NA,142,117,35,28,3,5,0.8,0.4
2026-09-18T2200,3473A,114.2485,34.8306,开封市,技师学院,颗粒物(PM10),100,120,74,44,36,81,NA,159,130,46,27,5,5,0.8,0.7
2026-09-18T2200,3474A,114.2616,35.6824,鹤壁市,大新区,颗粒物(PM10),65,71,53,38,30,118,NA,173,154,19,16,9,6,0.9,0.6
2026-09-18T2200,3475A,113.9189,35.3042,新乡市,市政府,颗粒物(PM10),85,98,61,51,31,112,NA,166,151,23,16,10,10,0.7,0.5
2026-09-18T2200,3477A,113.1656,35.2536,焦作市,中站许衡医院,颗粒物(PM10),60,64,50,33,28,127,NA,157,144,19,13,6,6,0.4,0.4
2026-09-18T2200,3478A,113.9691,33.568,漯河市,市图书馆,颗粒物(PM10),71,79,66,41,36,56,NA,135,107,24,22,7,10,0.6,0.4
2026-09-18T2200,3481A,125.127,46.6277,大庆市,萨区政府监测点,,35,31,39,13,19,110,NA,140,132,9,7,8,9,0.5,0.5
2026-09-18T2200,3482A,107.754,29.3275,重庆市,芙蓉中路,,15,15,16,8,7,11,NA,19,19,7,13,10,10,0.7,0.7
2026-09-18T2200,3484A,106.2629,29.3202,重庆市,行政中心,,43,43,35,8,9,25,NA,46,43,25,23,10,15,0.6,0.6
2026-09-18T2200,3486A,124.4029,43.1411,四平市,植物园,,33,22,33,18,18,41,NA,128,100,65,22,5,7,0.3,0.3
2026-09-18T2200,3488A,104.387954,30.746684,成都市,青白江技师分院,,38,38,25,22,19,4,NA,56,34,33,12,5,5,1.3,1.1
2026-09-18T2200,3489A,104.0788,30.4054,成都市,科学城,,24,24,15,12,10,43,NA,70,59,21,9,8,8,0.7,0.9
2026-09-18T2200,3491A,104.6899,31.5324,绵阳市,西科大附属小学,,12,11,19,7,11,38,NA,63,49,15,11,8,8,0.5,0.5
2026-09-18T2200,3492A,104.5647,31.5343,绵阳市,安州区旅游局,,12,NA,15,6,12,38,NA,57,54,9,15,6,6,0.3,0.3
2026-09-18T2200,3494A,117.1673,36.9782,济南市,济阳区政府,颗粒物(PM10),51,51,99,19,59,101,NA,188,161,13,25,6,9,0.5,0.7
2026-09-18T2200,3495A,117.1168,36.6299,济南市,锦屏中学,细颗粒物(PM2.5),107,100,86,67,54,117,NA,220,199,26,24,9,8,0.5,0.4
2026-09-18T2200,3496A,118.359,35.1067,临沂市,南坊新区,,26,22,65,5,49,82,NA,161,123,10,21,6,7,0.2,0.5
2026-09-18T2200,3498A,118.5063,37.8606,东营市,河口城区,,31,29,26,19,9,98,NA,118,113,11,6,2,2,0.7,0.7
2026-09-18T2200,3500A,116.5808,35.3703,济宁市,北湖一中,"颗粒物(PM10),细颗粒物(PM2.5)",76,86,78,48,42,105,NA,193,170,18,20,2,4,0.4,0.4
2026-09-18T2200,3501A,116.8251,35.5592,济宁市,服务中心,颗粒物(PM10),67,73,84,41,46,124,NA,193,168,16,26,4,8,0.3,0.3
2026-09-18T2200,3502A,117.1812,36.2273,泰安市,国网新校,细颗粒物(PM2.5),84,68,74,52,58,175,NA,204,199,7,10,5,6,0.7,0.8
2026-09-18T2200,3503A,117.0315,36.2017,泰安市,交通技校,细颗粒物(PM2.5),96,78,82,58,58,177,NA,212,203,20,21,6,8,0.8,0.9
2026-09-18T2200,3504A,117.083,36.13,泰安市,山东第一医科大学,细颗粒物(PM2.5),96,105,99,58,72,123,NA,202,179,38,24,7,10,0.6,0.8
2026-09-18T2200,3505A,122.1379,37.3414,威海市,临港区管委会,,28,22,14,10,6,89,NA,118,102,12,9,6,6,0.4,0.3
2026-09-18T2200,3507A,119.5326,35.4627,日照市,职业技术学院,,31,9,19,3,6,99,NA,126,119,4,7,9,9,0.3,0.3
2026-09-18T2200,3511A,116.5687,37.3331,德州市,陵城艺术中心,,46,46,77,21,49,78,NA,182,155,15,19,8,9,0.4,0.6
2026-09-18T2200,3513A,116.0443,36.436,聊城市,九州社区,细颗粒物(PM2.5),141,175,90,105,45,126,NA,211,189,42,22,15,15,0.9,0.6
2026-09-18T2200,3514A,117.9379,37.3959,滨州市,中海酒店,,36,36,47,18,26,104,NA,155,139,11,12,5,7,0.2,0.5
2026-09-18T2200,3515A,117.9381509,37.35547456,滨州市,开发区一中,,41,41,57,16,28,104,NA,152,135,9,11,6,7,0.4,0.5
2026-09-18T2200,3516A,118.0914,37.6938,滨州市,金海六路,,33,27,38,22,24,103,NA,143,123,13,9,4,5,0.4,0.4
2026-09-18T2200,3520A,106.3495,38.9837,石嘴山市,妇女儿童医院,,46,46,46,19,26,82,NA,141,131,17,21,8,12,0.5,0.7
2026-09-18T2200,3521A,106.7495,39.2068,石嘴山市,石大公路,颗粒物(PM10),60,63,45,21,19,71,NA,128,111,14,20,6,7,0.3,0.4
2026-09-18T2200,3523A,106.5105,38.3857,银川市,滨河新区,,34,34,34,19,16,62,NA,125,102,21,20,11,17,0.4,0.6
2026-09-18T2200,3525A,108.6394,34.408,咸阳市,奥体中心,细颗粒物(PM2.5),101,NA,39,61,31,46,NA,98,83,19,12,2,3,0.5,0.4
2026-09-18T2200,3526A,119.5188,25.9666,福州市,吴航,,28,28,26,16,15,79,NA,122,106,15,11,7,9,0.4,0.4
2026-09-18T2200,3527A,118.0961,24.5689,厦门市,集美中学,,47,47,35,25,17,86,NA,150,130,15,10,2,2,0.4,0.4
2026-09-18T2200,3528A,118.1502,24.7246,厦门市,同安二实小,,42,42,28,29,19,82,NA,133,122,14,6,6,3,0.7,0.7
2026-09-18T2200,3530A,117.6288,24.5309,漳州市,西洋坪路,,42,42,44,24,25,104,NA,159,144,9,10,5,6,0.4,0.4
2026-09-18T2200,3531A,110.296,25.1254,桂林市,旅游学院,,39,38,33,27,26,73,NA,103,93,8,15,5,5,0.6,0.6
2026-09-18T2200,3532A,110.1951,22.6832,玉林市,玉林师范学院东校区,,43,42,41,30,27,72,NA,139,116,15,14,3,6,0.6,0.5
2026-09-18T2200,3533A,110.0527,22.5894,玉林市,福绵环保局,,46,46,42,26,25,74,NA,150,130,13,13,9,7,0.7,0.6
2026-09-18T2200,3534A,111.4744,24.455,贺州市,西湾,颗粒物(PM10),67,73,45,33,25,32,NA,110,86,35,15,8,8,0.6,0.6
2026-09-18T2200,3535A,109.1781,23.7293,来宾市,兴宾区政府,,42,42,35,29,21,54,NA,119,98,8,8,7,9,0.7,0.7
2026-09-18T2200,3538A,107.5175,26.2977,黔南布依族苗族自治州,沙坝,NA,NA,22,15,20,10,NA,NA,63,60,12,5,3,3,0.6,0.6
2026-09-18T2200,3539A,110.5111,19.9737,海口市,桂林洋子站,,42,42,35,16,15,100,NA,95,95,3,6,/,/,/,/
2026-09-18T2200,3540A,109.7348,18.3443,三亚市,君悦子站,,18,13,23,7,9,56,NA,64,54,4,5,4,4,0.6,0.6
2026-09-18T2200,3541A,109.5726195,19.51688767,儋州市,第一中学子站,,32,32,26,13,11,85,NA,69,69,3,3,4,3,0.3,0.3
2026-09-18T2200,3542A,109.5567,19.5187,儋州市,东坡学校子站,,29,29,25,15,11,82,NA,66,66,3,3,5,5,0.4,0.4
2026-09-18T2200,3544A,121.4891,30.925,上海市,奉贤南桥新城,,41,41,36,23,18,46,NA,74,60,17,16,4,5,0.4,0.4
2026-09-18T2200,3545A,110.8053,32.8401,十堰市,郧阳区金沙路,NA,NA,NA,26,NA,17,74,NA,91,87,11,10,8,8,NA,0.8
2026-09-18T2200,3546A,111.4606,30.5519,宜昌市,猇亭区张家湾站,,30,30,19,20,6,76,NA,96,82,8,7,12,8,0.4,0.4
2026-09-18T2200,3547A,112.1631,31.0134,荆门市,龙泉中学南校,细颗粒物(PM2.5),82,NA,24,51,29,100,NA,98,95,6,9,5,4,0.6,0.6
2026-09-18T2200,3549A,109.5061,30.3771,恩施土家族苗族自治州,龙凤新区,,16,15,10,11,6,11,NA,37,26,9,8,4,4,0.7,0.6
2026-09-18T2200,3550A,102.8,24.9787,昆明市,昆明学院,,20,20,22,7,7,41,NA,77,62,16,14,5,5,0.7,0.7
2026-09-18T2200,3551A,102.5969,24.6738,昆明市,晋宁区生态环境分局,,22,12,14,9,9,69,NA,85,81,7,6,4,3,0.4,0.4
2026-09-18T2200,3552A,102.6673,24.9861,昆明市,云天化总部,,19,13,10,4,6,58,NA,86,75,8,6,5,5,0.3,0.3
2026-09-18T2200,3557A,119.9463,30.0496,杭州市,镇二中,,48,48,40,32,26,93,NA,168,151,24,24,8,8,0.7,0.6
2026-09-18T2200,3558A,119.7184,30.2367,杭州市,市府大楼,,33,33,34,22,21,82,NA,121,110,14,15,8,8,0.4,0.4
2026-09-18T2200,3560A,120.4715,30.0414,绍兴市,柯桥妇保,颗粒物(PM10),61,65,42,33,23,100,NA,167,141,22,15,9,8,0.8,0.6
2026-09-18T2200,3561A,120.6985,27.9252,温州市,茶山,,50,50,40,29,22,80,NA,140,118,21,19,/,/,/,/
2026-09-18T2200,3562A,120.4146,30.8538,湖州市,南浔区站,,42,32,29,29,18,61,NA,118,108,16,15,8,9,0.6,0.5
2026-09-18T2200,3564A,121.25678,28.66823971,台州市,台州科技职业学院,颗粒物(PM10),66,72,42,39,21,44,NA,129,102,37,17,12,10,0.8,0.6
2026-09-18T2200,3565A,113.1371,40.1122,大同市,云冈站,颗粒物(PM10),73,81,55,20,22,75,NA,145,118,16,17,12,10,0.4,0.4
2026-09-18T2200,3566A,113.1186,40.2556,大同市,图书馆,颗粒物(PM10),62,66,51,20,22,43,NA,139,104,13,12,8,11,0.8,0.8
2026-09-18T2200,3567A,113.5931,40.0459,大同市,区一中,细颗粒物(PM2.5),76,54,41,48,22,105,NA,154,136,16,9,9,9,0.8,0.7
2026-09-18T2200,3568A,113.0603,36.0464,长治市,向阳小学,NA,NA,91,71,30,31,NA,NA,133,131,13,14,7,8,0.7,0.6
2026-09-18T2200,3569A,112.8788,36.315,长治市,屯留一中,细颗粒物(PM2.5),116,98,54,77,36,52,NA,155,129,46,18,12,13,0.9,0.8
2026-09-18T2200,3571A,112.2938,39.5296,朔州市,一水厂,颗粒物(PM10),51,51,50,22,21,89,NA,148,134,25,12,2,4,0.6,0.7
2026-09-18T2200,3575A,118.0927,39.5807,唐山市,正泰大街热力站,NA,NA,NA,46,NA,22,NA,NA,123,NA,NA,8,NA,8,NA,0.7
2026-09-18T2200,3576A,118.1561,39.8322,唐山市,丰润区政府,颗粒物(PM10),77,87,38,13,10,62,NA,136,112,32,12,4,8,0.3,0.9
2026-09-18T2200,3577A,118.436906,39.73802,唐山市,金山小学,,49,49,39,2,8,94,NA,139,118,19,14,3,5,0.2,0.3
2026-09-18T2200,3578A,118.2449,39.6693,唐山市,政府服务中心,颗粒物(PM10),58,60,48,14,18,88,NA,137,118,22,14,1,5,0.3,0.5
2026-09-18T2200,3580A,114.1998,36.4439,邯郸市,峰峰矿区临水派出所,细颗粒物(PM2.5),76,68,43,48,28,146,NA,170,164,16,12,9,8,0.8,0.6
2026-09-18T2200,3581A,115.3136,38.9511,保定市,满城区生态环境分局,细颗粒物(PM2.5),74,68,73,47,49,98,NA,160,146,17,13,2,1,0.7,0.6
2026-09-18T2200,3582A,115.4709,38.7628,保定市,清苑区第二中学,细颗粒物(PM2.5),68,67,84,44,45,89,NA,164,145,24,22,4,5,0.5,0.6
2026-09-18T2200,3583A,115.6231,39.0223,保定市,徐水物探局,,45,39,73,31,43,114,NA,160,150,2,16,1,1,0.4,0.6
2026-09-18T2200,3590A,113.8362,34.566,郑州市,北区建设指挥部,细颗粒物(PM2.5),107,129,68,67,41,51,NA,159,120,58,32,8,7,0.7,0.4
2026-09-18T2200,3591A,113.3029,34.8041,郑州市,上街区政府,细颗粒物(PM2.5),92,98,64,56,41,105,NA,156,137,28,23,10,9,0.9,0.7
2026-09-18T2200,3592A,114.4518,34.7503,开封市,祥符区生态环境局,细颗粒物(PM2.5),88,100,72,54,44,91,NA,169,144,26,21,7,5,0.8,0.7
2026-09-18T2200,3593A,112.5736,34.8993,洛阳市,吉利监测站,颗粒物(PM10),69,76,58,44,32,44,NA,133,120,42,27,8,8,0.6,0.4
2026-09-18T2200,3594A,112.8736,33.9068,平顶山市,石龙区,"颗粒物(PM10),细颗粒物(PM2.5)",58,61,79,39,33,57,NA,134,107,44,36,11,10,0.8,0.8
2026-09-18T2200,3596A,114.1573,35.9607,鹤壁市,南山宾馆,颗粒物(PM10),56,58,51,33,31,147,NA,151,147,9,9,11,8,0.9,0.7
2026-09-18T2200,3598A,111.1031,34.719,三门峡市,富达温泉假日酒店,,50,48,44,35,28,87,NA,112,104,16,13,8,8,0.7,0.6
2026-09-18T2200,3599A,106.2648,29.9853,重庆市,书院路,,13,9,17,9,14,35,NA,38,36,8,15,5,6,0.9,1
2026-09-18T2200,3600A,106.2334,29.5583,重庆市,虎峰,,41,41,35,16,15,35,NA,39,38,16,21,65,18,0.8,0.9
2026-09-18T2200,3601A,106.0497,29.8345,重庆市,龙门街,,23,22,24,16,14,26,NA,52,46,22,16,9,9,1.0,0.9
2026-09-18T2200,3604A,119.3267,35.1043,日照市,岚山环保分局,,29,27,27,3,4,92,NA,118,102,9,8,8,9,0.4,0.4
2026-09-18T2200,3605A,109.1019,34.5302,西安市,无线电监控中心,细颗粒物(PM2.5),103,87,39,63,29,8,NA,103,81,90,20,7,7,1.0,0.8
2026-09-18T2200,3610A,105.5931,29.4105,重庆市,昌元,,29,29,22,8,13,44,NA,60,58,14,17,9,10,0.6,0.6
2026-09-18T2200,3612A,85.1045,45.6895,克拉玛依市,白碱滩区新站,,31,31,21,16,5,80,NA,91,90,6,3,6,5,0.3,0.3
2026-09-18T2200,3613A,87.3069,44.0093,昌吉回族自治州,亚心广场,,46,46,42,22,11,81,NA,102,99,16,21,8,8,0.2,0.2
2026-09-18T2200,3614A,79.9241,37.0878,和田地区,地区环保局,颗粒物(PM10),62,66,92,26,39,83,NA,96,95,3,2,3,3,0.4,0.3
2026-09-18T2200,3615A,79.9132,37.1137,和田地区,市环保局,,48,48,107,29,37,81,NA,96,94,6,2,3,2,0.6,0.5
2026-09-18T2200,3616A,106.7617,31.8343,巴中市,市中心医院,,19,19,26,5,7,13,NA,43,38,11,9,9,9,0.8,0.8
2026-09-18T2200,3617A,105.8047,32.4167,广元市,经开区,,15,9,14,6,9,46,NA,61,55,16,13,6,6,0.6,0.6
2026-09-18T2200,3618A,112.4702,37.7821,太原市,金胜,NA,NA,65,52,42,29,NA,NA,162,153,22,18,13,12,0.4,0.3
2026-09-18T2200,3619A,113.6169,37.8565,阳泉市,龙柱,细颗粒物(PM2.5),100,105,89,60,40,100,NA,134,127,24,37,16,41,0.9,1
2026-09-18T2200,3620A,112.8258,35.4804,晋城市,泽州一中,颗粒物(PM10),70,78,56,38,29,100,NA,170,153,24,15,7,7,1.0,1
2026-09-18T2200,3622A,113.5556,24.8082,韶关市,碧湖山庄,细颗粒物(PM2.5),66,56,58,43,41,82,NA,143,131,17,14,6,10,1.3,1.1
2026-09-18T2200,3623A,113.8952,22.586,深圳市,西乡,,46,46,43,21,21,86,NA,168,136,37,20,4,4,0.5,0.5
2026-09-18T2200,3624A,116.4069,23.2533,汕头市,潮南子站,,36,36,38,16,17,98,NA,108,104,7,10,7,8,/,/
2026-09-18T2200,3625A,113.2568,22.7629,佛山市,容桂街道办,颗粒物(PM10),56,58,47,33,32,92,NA,203,186,26,15,/,/,/,/
2026-09-18T2200,3628A,112.0335,22.9376,云浮市,文笔,细颗粒物(PM2.5),60,54,48,40,33,120,NA,161,147,11,13,5,6,0.6,0.5
2026-09-18T2200,3629A,101.8304,36.5785,西宁市,世纪职校,,35,31,26,24,21,73,NA,115,106,24,15,13,9,0.8,0.8
2026-09-18T2200,3633A,118.4914,31.681,马鞍山市,雨山,,37,37,24,20,16,56,NA,97,86,22,16,5,6,1.0,1
2026-09-18T2200,3635A,112.3678,34.6623,洛阳市,河科大西苑校区,细颗粒物(PM2.5),110,100,73,71,46,86,NA,158,141,37,22,9,9,0.9,0.6
2026-09-18T2200,3636A,112.4387,34.678,洛阳市,英才小学,细颗粒物(PM2.5),108,86,58,68,38,67,NA,151,133,53,24,9,8,0.8,0.6
2026-09-18T2200,3637A,131.0136,45.7688,七台河市,人民广场,颗粒物(PM10),63,67,32,21,10,26,NA,72,53,20,12,6,6,0.7,0.6
2026-09-18T2200,3638A,104.7637,29.3373,自贡市,轻化工大学,,39,39,16,16,12,51,NA,71,68,15,11,10,10,0.8,0.7
2026-09-18T2200,3642A,120.3454,36.0735,青岛市,市北区南部,,34,18,18,6,8,107,NA,125,121,6,6,7,6,0.5,0.5
2026-09-18T2200,3643A,120.3897,36.18,青岛市,李沧区北部,,29,27,23,12,9,92,NA,120,110,17,13,4,4,0.6,0.5
2026-09-18T2200,3644A,117.8662,36.8049,淄博市,三金集团,颗粒物(PM10),52,52,84,19,51,87,NA,201,155,20,24,5,6,0.4,0.7
2026-09-18T2200,3645A,118.0259,36.8409,淄博市,东风化工厂,颗粒物(PM10),59,62,88,31,47,85,NA,213,148,26,31,8,8,0.4,0.7
2026-09-18T2200,3646A,118.4979,37.4623,东营市,胜利站,NA,NA,25,13,10,16,106,NA,136,125,10,10,2,4,NA,0.1
2026-09-18T2200,3648A,106.2176,37.9832,吴忠市,文卫南街,颗粒物(PM10),58,60,42,11,19,62,NA,108,91,10,13,2,2,0.4,0.5
2026-09-18T2200,3650A,105.1696,37.5164,中卫市,沙坡头区政府站,颗粒物(PM10),63,68,38,29,16,57,NA,106,97,18,12,5,3,0.5,0.5
2026-09-18T2200,3654A,114.8093,30.4091,鄂州市,精准医疗中心,,42,40,38,29,25,72,NA,114,103,12,10,5,5,0.6,0.6
2026-09-18T2200,3655A,114.3379,29.8683,咸宁市,长江产业园,颗粒物(PM10),63,67,48,37,38,92,NA,108,106,15,11,5,5,1.0,0.8
2026-09-18T2200,3656A,120.1554,30.2863,杭州市,消防大队,,39,37,36,27,18,84,NA,155,134,22,17,10,10,0.6,0.5
2026-09-18T2200,3658A,120.6156,30.0762,绍兴市,袍江中学,,50,50,40,24,21,87,NA,148,125,23,19,8,9,0.6,0.5
2026-09-18T2200,3659A,119.656,29.1132,金华市,气象局,颗粒物(PM10),77,87,59,44,30,122,NA,191,169,37,27,7,6,0.7,0.6
2026-09-18T2200,3662A,123.6341,47.2079,齐齐哈尔市,富区青少年活动中心,,49,49,53,15,18,98,NA,112,107,5,7,3,4,0.5,0.6
2026-09-18T2200,3663A,124.117,50.4279,大兴安岭地区,红旗社区,,29,NA,28,20,26,44,NA,75,62,3,6,4,4,0.3,0.3
2026-09-18T2200,3664A,119.4171,34.734,连云港市,连云街道,,32,14,17,4,8,101,NA,104,96,8,10,9,10,0.5,0.6
2026-09-18T2200,3665A,76.1654,39.7157,克孜勒苏柯尔克孜自治州,克州文化中心,颗粒物(PM10),65,70,56,22,18,84,NA,112,109,23,7,5,3,0.2,0
2026-09-18T2200,3667A,111.0279,35.0543,运城市,水利职院,,43,43,30,27,21,124,NA,133,132,8,7,6,6,0.6,0.6
2026-09-18T2200,3669A,114.4706,36.0634,安阳市,左辅环卫站,颗粒物(PM10),106,134,74,59,34,102,NA,167,144,26,19,9,11,1.3,1.3
2026-09-18T2200,3670A,111.0522,35.0439,运城市,禹都公园,颗粒物(PM10),53,53,31,27,19,136,NA,144,143,10,9,6,6,0.7,0.7
2026-09-18T2200,3671A,116.0879,39.9725,北京市,门头沟三家店,,50,50,61,24,34,107,NA,153,144,19,26,3,3,0.7,0.8
2026-09-18T2200,3672A,116.1507,39.8246,北京市,丰台云岗,,44,44,62,18,35,106,NA,157,144,12,13,3,3,0.4,0.5
2026-09-18T2200,3674A,115.9578,39.7602,北京市,房山燕山,,50,50,56,26,33,109,NA,149,136,12,13,2,2,0.7,0.7
2026-09-18T2200,3675A,116.4669,39.7734,北京市,大兴旧宫,,36,36,43,16,23,96,NA,139,133,17,12,3,3,0.5,0.7
2026-09-18T2200,3677A,98.5887,24.4366,德宏傣族景颇族自治州,芒市人民政府综合楼,NA,NA,70,45,28,18,NA,NA,86,84,14,10,8,9,0.7,0.7
2026-09-18T2200,3678A,116.5907,35.4054,济宁市,市第七中学,颗粒物(PM10),73,82,80,42,39,113,NA,188,168,16,20,4,6,0.5,0.5
2026-09-18T2200,3683A,109.8332,40.6577,包头市,昆区政府,,43,41,35,30,22,61,NA,111,96,51,27,9,9,0.6,0.6
2026-09-18T2200,3684A,130.8639,45.8144,七台河市,新建矿广场,颗粒物(PM10),51,51,46,16,14,11,NA,76,49,47,28,12,12,0.9,0.8
2026-09-18T2200,3685A,117.897,28.4316,上饶市,双创科技城,细颗粒物(PM2.5),64,51,42,42,27,142,NA,188,165,15,14,12,9,0.7,0.5
2026-09-18T2200,3689A,113.9002,35.372,新乡市,行政服务中心,细颗粒物(PM2.5),86,91,67,53,43,85,NA,166,136,29,29,6,12,0.7,0.5
2026-09-18T2200,3690A,115.9718,28.7032,南昌市,外国语学校,细颗粒物(PM2.5),60,40,40,40,32,106,NA,140,134,14,13,7,7,0.6,0.7
2026-09-18T2200,3692A,118.2043,39.6703,唐山市,消防缸窑路中队,颗粒物(PM10),75,84,49,21,17,93,NA,144,121,14,10,6,9,0.3,0.5
2026-09-18T2200,3693A,118.1432,39.6203,唐山市,路南电大,NA,NA,NA,50,NA,25,NA,NA,126,NA,NA,6,NA,6,NA,0.7
2026-09-18T2200,3694A,115.9859,40.4562,北京市,延庆石河营,,36,36,55,23,39,97,NA,152,137,14,10,4,4,0.5,0.5
2026-09-18T2200,3695A,116.6151,40.3052,北京市,怀柔新城,,44,44,45,24,30,94,NA,125,119,15,8,2,2,0.7,0.8
2026-09-18T2200,3696A,116.2542,39.8764,北京市,丰台小屯,,38,38,55,17,32,107,NA,148,139,16,14,3,3,0.5,0.7
2026-09-18T2200,3697A,116.8399,40.3843,北京市,密云镇,,37,32,56,14,37,118,NA,132,130,10,11,7,6,0.5,0.7
2026-09-18T2200,3699A,111.6519,40.8389,呼和浩特市,海东办,颗粒物(PM10),53,53,39,29,13,26,NA,138,108,84,41,9,10,0.6,0.5
2026-09-18T2200,3701A,116.9647,33.6252,宿州市,皖北煤电集团,,43,43,53,24,33,70,NA,110,97,19,15,7,9,0.5,0.6
2026-09-18T2200,3706A,122.2584,43.6333,通辽市,老干部活动中心,,46,46,40,14,18,98,NA,132,122,9,8,13,12,0.5,0.6
2026-09-18T2200,3707A,131.0069,45.2988,鸡西市,欧美日汽修厂,颗粒物(PM10),89,104,46,33,18,3,NA,78,40,28,15,4,4,0.7,0.5
2026-09-18T2200,3708A,122.2923,43.6189,通辽市,东方明珠社区,,46,46,41,19,17,95,NA,136,125,17,12,34,15,0.6,0.5
2026-09-18T2200,3710A,121.5593,29.8976,宁波市,白沙活动中心,,33,33,33,19,19,72,NA,113,97,9,19,10,10,0.4,0.4
2026-09-18T2200,3713A,124.3286,43.1726,四平市,世纪城,颗粒物(PM10),56,58,39,36,21,52,NA,128,112,61,17,10,7,0.6,0.4
2026-09-18T2200,3715A,117.3091,32.9314,蚌埠市,蚌埠田家炳中学,颗粒物(PM10),51,51,31,27,10,35,NA,92,69,44,21,8,9,0.6,0.5
2026-09-18T2200,3719A,97.1707,31.1428,昌都市,昌都会议中心,,22,7,6,6,5,68,NA,88,86,5,4,3,3,0.3,0.3
2026-09-18T2200,3726A,88.8775,29.2425,日喀则市,林业技术推广中心,,26,11,8,2,2,83,NA,97,94,2,2,7,6,0.3,0.2
2026-09-18T2200,3728A,104.6701,28.8053,宜宾市,白酒学院,,28,28,26,18,18,48,NA,67,65,11,11,5,5,0.8,0.7
2026-09-18T2200,3734A,118.5753,37.4405,东营市,理想之城,,33,27,35,9,11,103,NA,130,124,14,10,3,4,0.6,0.6
2026-09-18T2200,3860A,118.3915,35.0297,临沂市,皇山花园小区,NA,NA,27,68,4,46,NA,NA,148,122,14,22,11,13,0.5,0.7
2026-09-18T2200,3861A,119.2046,36.7696,潍坊市,寒亭区实验一小,,34,34,36,19,16,74,NA,160,131,20,15,2,3,0.3,0.4
2026-09-18T2200,3866A,122.2469,40.663,营口市,三高中,NA,NA,36,48,12,24,63,NA,97,88,21,24,10,16,NA,0.8
2026-09-18T2200,3867A,102.074,36.5056,海东市,平安区公安局北苑,,37,37,36,16,22,106,NA,115,112,5,14,12,9,0.6,0.8
2026-09-18T2200,3981A,113.2456,35.18,焦作市,原李万街道办,颗粒物(PM10),95,112,67,52,30,75,NA,148,134,44,18,14,10,0.5,0.4
2026-09-18T2200,3994A,102.2174,31.9016,阿坝藏族羌族自治州,马尔康中学西区,,22,22,13,6,6,11,NA,52,41,6,3,4,4,0.5,0.4
2026-09-18T2200,4002A,109.2312,23.7428,来宾市,中南小学,NA,NA,48,39,34,24,45,NA,110,87,23,17,NA,12,NA,0.5
2026-09-18T2200,4004A,115.4199,38.8665,保定市,双鹰农机,细颗粒物(PM2.5),60,44,71,40,54,115,NA,160,151,7,10,3,3,0.5,0.5
2026-09-18T2200,4006A,122.3622,40.6762,营口市,老边实验小学,颗粒物(PM10),56,58,60,27,29,37,NA,97,62,42,32,13,11,0.9,0.8
2026-09-18T2200,4008A,112.5233,32.9921,南阳市,卧龙区政府,颗粒物(PM10),59,62,52,35,30,47,NA,116,79,25,15,6,6,1.0,0.8
2026-09-18T2200,4010A,112.5608,37.8807,太原市,育英中学,颗粒物(PM10),69,76,57,38,29,92,NA,164,146,32,24,5,9,0.6,0.6
2026-09-18T2200,4011A,103.8505,30.6946,成都市,光华大道三段,,24,24,25,16,17,36,NA,51,48,14,13,3,3,0.9,0.8
2026-09-18T2200,4017A,116.7926,33.9534,淮北市,市博物馆,,31,31,56,17,37,85,NA,120,105,15,17,7,9,0.5,0.6
2026-09-18T2200,4018A,116.0564,36.4609,聊城市,星美广场,细颗粒物(PM2.5),149,168,89,113,45,112,NA,213,178,42,20,12,13,0.8,0.5
2026-09-18T2200,4022A,102.1648,38.5369,金昌市,金川区人防中心,,34,24,41,11,15,108,NA,119,116,4,8,4,6,0.1,0.2
2026-09-18T2200,4024A,114.6491,37.9014,石家庄市,栾城区星河路,细颗粒物(PM2.5),107,95,80,67,48,NA,NA,155,155,NA,17,3,5,0.7,0.6
2026-09-18T2200,4027A,75.9485,39.4688,喀什地区,老干局,颗粒物(PM10),51,51,71,19,8,84,NA,106,101,15,4,4,4,0.2,0.1
2026-09-18T2200,4028A,117.9955,37.3752,滨州市,滨州市西街道办事处,,41,41,50,19,27,93,NA,149,131,18,15,4,6,0.5,0.7
2026-09-18T2200,4033A,122.3124,29.9619,舟山市,普陀东港中学,,26,22,22,18,13,70,NA,96,83,4,6,7,7,0.5,0.5
2026-09-18T2200,4034A,115.515,38.8589,保定市,植保所站,,48,45,60,33,47,105,NA,171,157,17,19,3,3,0.2,0.2
2026-09-18T2200,4036A,116.646,23.676,潮州市,金山,,40,39,36,28,21,103,NA,124,123,14,9,6,5,0.6,0.6
2026-09-18T2200,4051A,86.0791,44.3018,石河子市,世纪广场,,39,39,47,17,9,74,NA,107,102,21,14,7,5,0.6,0.5
2026-09-18T2200,4054A,109.0324,32.6913,安康市,市邮政管理局,,16,10,17,5,8,50,NA,66,59,12,14,3,3,1.2,1
2026-09-18T2200,4055A,108.8869,34.2662,西安市,行知小学,细颗粒物(PM2.5),88,85,53,54,33,50,NA,90,82,34,17,3,4,0.8,0.6
2026-09-18T2200,4056A,108.6601,34.3767,咸阳市,五陵塬路2号,细颗粒物(PM2.5),100,90,52,60,34,49,NA,97,82,29,17,5,6,0.6,0.5
2026-09-18T2200,4057A,115.9423,40.4431,北京市,延庆百泉,,45,45,59,26,37,73,NA,148,132,15,13,1,1,0.7,0.8
2026-09-18T2200,4058A,116.6598,39.9164,北京市,通州新华,,33,33,40,13,21,99,NA,125,122,15,10,2,2,0.5,0.7
2026-09-18T2200,4059A,114.4563,38.0365,石家庄市,裕华西路63号,细颗粒物(PM2.5),105,109,73,65,41,74,NA,138,132,23,17,2,4,0.8,0.6
2026-09-18T2200,4060A,114.5586,38.0581,石家庄市,和平路363号,细颗粒物(PM2.5),120,107,73,82,49,78,NA,150,143,35,18,3,2,0.7,0.6
2026-09-18T2200,4061A,114.8347,38.0213,石家庄市,廉州西路160号,NA,NA,82,86,58,52,NA,NA,146,139,31,22,2,2,0.8,0.7
2026-09-18T2200,4062A,114.4498,38.0729,石家庄市,北城路41号,细颗粒物(PM2.5),98,104,75,59,38,74,NA,149,141,33,22,4,5,0.8,0.5
2026-09-18T2200,4063A,115.2124,37.9433,辛集市,市政府,细颗粒物(PM2.5),108,97,85,68,50,103,NA,163,152,34,25,2,3,0.7,0.5
2026-09-18T2200,4064A,115.2008,37.9338,辛集市,城管大队,细颗粒物(PM2.5),114,90,70,75,53,106,NA,159,152,21,16,3,2,0.7,0.6
2026-09-18T2200,4065A,118.1267,39.6579,唐山市,光明北路515号,,35,30,29,12,16,109,NA,146,129,15,12,4,7,0,0.2
2026-09-18T2200,4066A,119.7458,39.9952,秦皇岛市,南园路157号,,43,36,33,21,13,10,NA,135,95,86,42,6,6,0.4,0.2
2026-09-18T2200,4067A,119.5131,39.8858,秦皇岛市,翠岛大街1号,,40,NA,24,28,10,59,NA,130,119,41,13,6,6,0.4,0.3
2026-09-18T2200,4068A,114.5209,36.7697,邯郸市,建安街268号,细颗粒物(PM2.5),118,113,72,79,41,92,NA,153,130,32,28,2,9,0.7,0.9
2026-09-18T2200,4069A,114.5488,36.6177,邯郸市,丛台东路558号,细颗粒物(PM2.5),129,106,57,91,41,25,NA,165,129,99,44,2,13,0.7,1.2
2026-09-18T2200,4070A,114.5558,37.0578,邢台市,襄都区政府南院,细颗粒物(PM2.5),136,128,74,99,49,122,NA,154,149,11,12,3,4,0.5,0.9
2026-09-18T2200,4071A,114.9883,38.5232,定州市,交通局,"颗粒物(PM10),细颗粒物(PM2.5)",80,91,100,50,51,108,NA,161,149,26,19,2,3,0.7,0.7
2026-09-18T2200,4072A,115.0045,38.5136,定州市,第五中学,颗粒物(PM10),88,102,97,46,52,87,NA,151,136,33,22,1,2,0.5,0.5
2026-09-18T2200,4073A,117.9462,40.95,承德市,杏林街1号,细颗粒物(PM2.5),56,48,60,38,43,110,NA,136,127,10,13,6,6,0.6,0.7
2026-09-18T2200,4074A,112.449,37.8509,太原市,西矿街336号,颗粒物(PM10),72,80,57,40,30,96,NA,161,141,26,19,11,10,1.1,0.9
2026-09-18T2200,4075A,112.4792,37.9393,太原市,迎宾北路9号,"颗粒物(PM10),细颗粒物(PM2.5)",64,69,51,42,29,90,NA,161,145,23,18,8,10,0.5,0.4
2026-09-18T2200,4076A,112.551,37.8575,太原市,迎泽大街248号,细颗粒物(PM2.5),76,80,54,48,28,64,NA,157,141,44,26,7,11,0.8,0.8
2026-09-18T2200,4077A,113.588,37.8712,阳泉市,宁波路,细颗粒物(PM2.5),120,NA,66,81,39,138,NA,150,147,14,38,7,13,1.0,0.9
2026-09-18T2200,4078A,112.8246,35.5152,晋城市,前书院路,颗粒物(PM10),69,76,61,38,23,83,NA,162,142,15,14,8,8,0.4,0.9
2026-09-18T2200,4079A,112.8864,35.4773,晋城市,祥云街666号,"颗粒物(PM10),细颗粒物(PM2.5)",64,69,48,42,27,98,NA,161,149,28,14,6,6,1.0,0.8
2026-09-18T2200,4080A,112.7375,37.7215,晋中市,广安街188号,细颗粒物(PM2.5),86,85,48,53,28,53,NA,163,133,49,16,10,9,0.4,0.3
2026-09-18T2200,4081A,111.0081,35.0748,运城市,学苑北路2555号,,50,47,33,35,22,122,NA,138,137,12,10,5,5,0.7,0.7
2026-09-18T2200,4082A,121.2548,38.8188,大连市,旅顺,,27,20,22,8,10,84,NA,96,89,6,8,5,6,0.5,0.5
2026-09-18T2200,4083A,123.153,41.2874,辽阳市,铁西路150号,,30,30,38,13,13,70,NA,90,85,13,12,6,7,0.7,0.7
2026-09-18T2200,4084A,123.835,42.2853,铁岭市,新华街20号,,38,38,40,10,13,51,NA,128,98,42,25,12,13,0.6,0.6
2026-09-18T2200,4085A,125.0998,42.9134,辽源市,安宁大街333号,,40,38,32,28,12,32,NA,96,70,32,18,5,6,0.6,0.5
2026-09-18T2200,4086A,118.7641,32.0841,南京市,新模范马路66号,颗粒物(PM10),51,51,26,21,12,47,NA,114,89,48,19,4,4,0.5,0.4
2026-09-18T2200,4087A,120.3138,31.4927,无锡市,清舒道1号,,35,35,33,20,14,48,NA,103,86,24,22,4,5,0.8,0.7
2026-09-18T2200,4088A,117.1553,34.2567,徐州市,纺织东路16号,细颗粒物(PM2.5),54,53,69,37,47,78,NA,128,107,25,24,14,9,0.8,0.8
2026-09-18T2200,4089A,119.9551,31.863,常州市,崇义南街5-H号,,45,35,42,31,25,33,NA,98,82,30,26,8,9,0.5,0.7
2026-09-18T2200,4090A,120.4282,31.3228,苏州市,学森路9号,,49,49,39,22,14,54,NA,112,96,28,30,9,9,0.7,0.6
2026-09-18T2200,4091A,120.8692,31.9885,南通市,洪江路,,22,NA,22,11,12,70,NA,80,69,6,9,4,4,0.7,0.7
2026-09-18T2200,4092A,119.119691,33.550006,淮安市,枚皋中路89号,,20,8,31,7,19,63,NA,92,74,7,16,6,6,0.6,0.7
2026-09-18T2200,4093A,119.5202,32.3705,扬州市,廖家沟步道,,49,NA,32,34,20,85,NA,106,91,17,18,7,8,0.7,0.6
2026-09-18T2200,4094A,118.352,33.7886,宿迁市,春华路,,19,19,69,10,49,57,NA,102,82,12,16,5,6,0.3,0.6
2026-09-18T2200,4095A,121.8962,29.7529,宁波市,中科路88号,,27,27,28,14,12,56,NA,118,85,15,14,9,9,0.9,0.8
2026-09-18T2200,4096A,120.6935,28.0114,温州市,鹿城惠民路,颗粒物(PM10),51,51,45,22,21,122,NA,134,130,11,13,/,/,0.4,0.4
2026-09-18T2200,4097A,118.9646,28.9832,衢州市,衢州三中,细颗粒物(PM2.5),70,62,52,45,34,86,NA,186,152,37,30,5,5,1.0,0.9
2026-09-18T2200,4098A,117.2518,31.8404,合肥市,中国科学技术大学,,41,41,25,26,16,59,NA,71,69,20,20,7,7,0.4,0.4
2026-09-18T2200,4099A,118.5726,31.1371,芜湖市,湾沚区人民法院,,24,24,28,15,27,74,NA,94,89,19,17,5,5,0.7,0.8
2026-09-18T2200,4100A,116.8322,33.9884,淮北市,杜集区第一实验学校,,35,35,50,19,37,78,NA,121,102,14,16,7,8,0.7,0.7
2026-09-18T2200,4101A,118.3196,32.3335,滁州市,银山路666号,,46,33,26,32,23,76,NA,96,87,14,15,4,5,0.5,0.5
2026-09-18T2200,4102A,118.3426,32.2979,滁州市,黄山路555号,,48,42,33,33,23,74,NA,105,95,12,15,6,7,0.5,0.5
2026-09-18T2200,4103A,116.9929,33.6412,宿州市,中兴路,,43,43,53,19,32,63,NA,111,97,26,16,11,13,0.8,0.8
2026-09-18T2200,4104A,119.3106,26.0648,福州市,路通桥巷6号,,40,40,32,27,20,84,NA,136,113,15,8,/,/,/,/
2026-09-18T2200,4105A,118.6355,24.9148,泉州市,霞新路6号,,40,40,30,26,18,90,NA,143,123,16,10,/,/,0.5,0.5
2026-09-18T2200,4106A,115.7923,28.6873,南昌市,工业二路,细颗粒物(PM2.5),52,45,47,36,35,113,NA,153,145,14,11,6,7,0.6,0.6
2026-09-18T2200,4107A,113.8686,27.6668,萍乡市,联洪村委会,细颗粒物(PM2.5),84,87,77,52,51,30,NA,110,94,31,21,24,19,1.0,0.8
2026-09-18T2200,4108A,117.7107,36.2385,济南市,山财大街5号,细颗粒物(PM2.5),111,90,90,72,62,152,NA,190,185,28,24,3,5,0.9,1
2026-09-18T2200,4109A,116.9744,36.6889,济南市,无影山路12号,颗粒物(PM10),74,83,92,45,53,100,NA,216,189,25,53,8,8,0.9,0.9
2026-09-18T2200,4110A,120.5222,36.4089,青岛市,盟旺路653号,,31,24,18,17,10,98,NA,123,115,16,11,6,6,0.7,0.7
2026-09-18T2200,4111A,116.6075,35.4566,济宁市,任和路,颗粒物(PM10),63,68,89,29,43,130,NA,197,179,13,28,4,5,0.4,0.5
2026-09-18T2200,4112A,116.5648,35.3921,济宁市,文体南路1号,细颗粒物(PM2.5),94,94,84,57,43,106,NA,189,166,16,20,3,6,0.7,0.6
2026-09-18T2200,4113A,116.0091,36.4495,聊城市,利民路,细颗粒物(PM2.5),132,138,90,95,52,118,NA,219,198,46,20,14,16,1.1,0.7
2026-09-18T2200,4114A,115.4239,35.2593,菏泽市,黄河路600号,细颗粒物(PM2.5),135,163,81,98,42,88,NA,178,151,32,20,10,8,0.7,0.5
2026-09-18T2200,4115A,115.5025,35.2727,菏泽市,菏泽市人社局,细颗粒物(PM2.5),116,134,70,77,36,113,NA,184,162,24,14,6,7,0.5,0.2
2026-09-18T2200,4116A,113.284,33.7139,平顶山市,姚电大道23号,细颗粒物(PM2.5),101,100,74,61,44,53,NA,137,112,22,19,10,11,0.8,0.6
2026-09-18T2200,4117A,114.2918,36.0769,安阳市,钢三路198号,细颗粒物(PM2.5),102,103,66,62,38,56,NA,135,103,29,17,8,11,1.2,1
2026-09-18T2200,4118A,115.0552,35.7816,濮阳市,中原东路68号,颗粒物(PM10),97,115,69,48,30,125,NA,166,151,20,15,7,8,0.7,0.8
2026-09-18T2200,4119A,115.6701,34.3767,商丘市,北海东路185号,细颗粒物(PM2.5),72,63,69,46,30,90,NA,150,133,14,14,6,7,0.4,0.4
2026-09-18T2200,4120A,115.6172,34.3704,商丘市,中山大街3号,颗粒物(PM10),72,80,66,28,34,94,NA,154,131,16,20,6,6,0.7,0.6
2026-09-18T2200,4121A,114.8466,33.7333,周口市,羲皇大道,颗粒物(PM10),65,70,62,35,31,66,NA,148,113,20,15,4,6,0.7,0.7
2026-09-18T2200,4122A,112.6071,35.1015,济源市,市委党校,NA,NA,NA,67,NA,33,69,NA,143,122,NA,21,10,10,1.2,0.9
2026-09-18T2200,4123A,112.596,35.0702,济源市,沁园中路1号,细颗粒物(PM2.5),90,89,63,55,36,86,NA,157,139,30,25,8,8,1.6,1
2026-09-18T2200,4124A,112.2213,31.0654,荆门市,新台西路6号,,49,37,33,34,29,71,NA,88,80,6,6,8,8,0.6,0.5
2026-09-18T2200,4125A,113.946,30.8999,孝感市,天仙南路1号,细颗粒物(PM2.5),68,59,47,44,30,69,NA,89,85,8,7,5,6,0.6,0.6
2026-09-18T2200,4127A,111.9812,27.7591,娄底市,涟钢职大,,46,NA,25,32,17,65,NA,72,72,7,6,3,3,0.6,0.6
2026-09-18T2200,4128A,112.0303,27.7457,娄底市,娄底体校,,47,47,31,27,17,70,NA,78,78,6,6,1,1,0.6,0.5
2026-09-18T2200,4129A,113.8666,23.1062,东莞市,裕兴路,颗粒物(PM10),60,64,51,35,27,115,NA,143,124,35,19,6,6,0.8,0.7
2026-09-18T2200,4130A,114.0076,22.9739,东莞市,教育路1号,颗粒物(PM10),58,61,58,28,27,106,NA,152,136,22,18,11,11,0.7,0.8
2026-09-18T2200,4131A,113.7981,22.8124,东莞市,长怡路1号,,48,48,53,22,27,67,NA,187,166,44,22,7,6,0.6,0.6
2026-09-18T2200,4132A,108.2927,23.1477,南宁市,起凤路9号,细颗粒物(PM2.5),72,67,39,46,25,33,NA,103,85,34,15,5,6,0.6,0.6
2026-09-18T2200,4133A,106.6273,23.8798,百色市,龙景西路,,36,36,54,23,21,17,NA,88,70,24,12,10,11,0.8,0.6
2026-09-18T2200,4134A,110.1952,20.0451,海口市,长滨二路9号,,35,34,29,16,14,109,NA,102,102,2,4,/,/,/,/
2026-09-18T2200,4135A,109.1714,18.3739,三亚市,城东小学站,,22,22,20,12,10,41,NA,79,71,8,6,/,/,/,/
2026-09-18T2200,4136A,108.6971,30.9377,重庆市,云师幼儿园,,15,15,12,2,3,24,NA,43,35,8,10,5,5,0.6,0.7
2026-09-18T2200,4137A,107.3276,30.3284,重庆市,公安局,,18,NA,10,12,6,21,NA,45,33,14,9,8,8,0.6,0.6
2026-09-18T2200,4138A,108.0575,30.3254,重庆市,忠县中学,,16,16,16,5,6,22,NA,43,38,12,11,6,5,0.6,0.5
2026-09-18T2200,4139A,109.4542,31.0182,重庆市,竹枝路2号,,11,10,12,5,6,33,NA,41,39,11,15,5,6,0.5,0.5
2026-09-18T2200,4140A,107.7422,29.871,重庆市,龙河路,,26,26,17,6,9,26,NA,41,38,18,13,8,8,0.8,0.8
2026-09-18T2200,4141A,108.7636,28.84,重庆市,桃花源中路,NA,NA,NA,26,2,13,45,NA,44,44,6,7,7,8,0.7,0.8
2026-09-18T2200,4142A,108.9758,28.4416,重庆市,秀山县高级中学,,13,13,17,8,13,36,NA,49,47,5,6,7,9,1.0,1
2026-09-18T2200,4143A,108.1558,29.2859,重庆市,河堡街,,28,28,21,13,9,14,NA,28,27,9,9,6,7,1.0,1
2026-09-18T2200,4144A,104.3257,30.6406,成都市,八角井街185号,,35,NA,22,24,14,16,NA,64,40,16,10,6,6,0.8,0.7
2026-09-18T2200,4145A,104.4144,31.1495,德阳市,市林业局,,33,33,31,12,15,35,NA,60,51,24,19,12,12,0.9,0.9
2026-09-18T2200,4146A,104.7092,31.4972,绵阳市,科技城新区公安局,,12,8,23,5,12,36,NA,64,50,23,17,9,10,0.6,0.6
2026-09-18T2200,4147A,105.0433,29.6105,内江市,玉峰路西段888号,,15,14,19,10,13,47,NA,68,65,13,13,4,5,0.6,0.5
2026-09-18T2200,4148A,103.8836,30.0695,眉山市,眉职院,,31,31,24,14,10,43,NA,77,61,20,12,7,7,1.0,1
2026-09-18T2200,4149A,104.6146,28.7422,宜宾市,宜宾市职业技术学校,,38,34,30,26,22,57,NA,74,72,15,14,6,7,0.9,0.9
2026-09-18T2200,4150A,104.6646,30.1116,资阳市,正兴街66号,,26,23,19,18,13,56,NA,71,69,8,8,2,2,0.3,0.3
2026-09-18T2200,4151A,104.8899,26.5685,六盘水市,钟山大道中段564号,,19,12,14,6,8,58,NA,63,62,4,4,3,3,0.3,0.4
2026-09-18T2200,4152A,107.0425,27.7087,遵义市,乌江大道东段1号,,26,26,19,16,14,53,NA,77,70,11,8,10,8,0.6,0.7
2026-09-18T2200,4153A,101.5536,25.0343,楚雄彝族自治州,团结路562号,,18,12,12,7,4,55,NA,61,61,3,3,4,3,0.3,0.3
2026-09-18T2200,4154A,103.401,23.3561,红河哈尼族彝族自治州,蒙自市朝阳路,,16,15,12,4,5,51,NA,53,53,3,2,4,4,0.2,0.2
2026-09-18T2200,4155A,107.1721,34.3558,宝鸡市,滨河北路,,49,46,45,34,31,39,NA,77,68,18,13,3,4,0.8,0.7
2026-09-18T2200,4156A,108.6372,34.3031,咸阳市,胭脂路9号,细颗粒物(PM2.5),92,72,45,56,34,55,NA,88,82,28,13,2,4,0.8,0.7
2026-09-18T2200,4157A,108.0371,34.3035,咸阳市,杨扶路,细颗粒物(PM2.5),101,NA,39,61,37,56,NA,86,81,18,13,3,4,0.6,0.5
2026-09-18T2200,4158A,108.0895,34.2623,咸阳市,新桥路,细颗粒物(PM2.5),92,63,46,56,36,70,NA,85,84,17,9,6,6,0.4,0.3
2026-09-18T2200,4159A,110.4531,35.4578,渭南市,桢州大街,细颗粒物(PM2.5),104,73,45,64,39,74,NA,150,136,25,10,10,11,1.3,0.9
2026-09-18T2200,4160A,110.4368,35.4773,渭南市,太史大街,细颗粒物(PM2.5),80,75,57,50,37,64,NA,126,113,34,14,13,11,1.0,0.8
2026-09-18T2200,4161A,109.485,36.6347,延安市,志丹路,,36,33,40,23,25,113,NA,99,99,8,11,4,4,0.9,0.9
2026-09-18T2200,4162A,101.6769,36.6535,西宁市,海晏路105号,,36,36,25,21,18,54,NA,121,110,28,13,3,4,0.4,0.5
2026-09-18T2200,4163A,102.0984,36.5119,海东市,滨河路,,40,39,28,28,20,42,NA,120,95,71,34,22,12,2.4,0.6
2026-09-18T2200,4164A,87.2057,43.9289,昌吉回族自治州,财政所,颗粒物(PM10),91,107,50,19,10,44,NA,98,86,26,11,8,7,0.1,0.2
2026-09-18T2200,4165A,82.9716,46.7464,塔城地区,文化广场,颗粒物(PM10),78,88,43,24,10,60,NA,62,NA,16,8,2,3,0.5,0.3
2026-09-18T2200,4166A,88.1198,47.7931,阿勒泰地区,阿勒泰路33号,颗粒物(PM10),57,59,30,15,3,20,NA,80,73,56,10,3,3,0.7,0.4
2026-09-18T2200,4167A,86.0126,44.2349,石河子市,城南景苑小区,颗粒物(PM10),52,52,36,20,9,76,NA,102,99,12,11,8,8,0.3,0.3
2026-09-18T2200,4168A,87.055284,43.999117,五家渠市,建设西街760号,颗粒物(PM10),84,97,78,26,15,55,NA,107,101,30,25,4,4,0.4,0.3
2026-09-18T2200,4180A,113.8157285,34.126705,许昌市,新元大道996号,细颗粒物(PM2.5),98,112,74,59,40,57,NA,143,106,28,23,11,9,0.6,0.5
2026-09-18T2200,4181A,112.3571,28.5588,益阳市,龙洲站,,44,44,30,28,23,75,NA,79,79,12,11,8,8,0.8,0.7
2026-09-18T2200,4182A,116.1942,39.9158,北京市,石景山八角,,48,48,63,20,38,111,NA,156,145,18,20,2,3,0.5,0.7
2026-09-18T2200,4183A,121.417401,31.16637,上海市,冠生园路458号,,33,33,34,19,18,36,NA,79,48,19,18,8,8,0.5,0.6
2026-09-18T2200,4184A,115.479691,35.244011,菏泽市,永昌路1号,细颗粒物(PM2.5),122,157,72,84,34,113,NA,196,173,26,17,7,7,0.9,0.6
2026-09-18T2200,4185A,115.078022,30.21118,黄石市,磁湖东路29号,细颗粒物(PM2.5),62,59,44,41,29,94,NA,128,118,7,11,6,10,0.7,0.6
2026-09-18T2200,4186A,117.194237,34.229354,徐州市,解放南路202号,颗粒物(PM10),55,57,73,26,45,78,NA,124,109,20,24,9,10,0.8,0.8
2026-09-18T2200,4187A,112.3425,28.611,益阳市,幸福渠东路223号,细颗粒物(PM2.5),54,41,25,37,24,58,NA,71,70,19,13,8,8,0.6,0.5
2026-09-18T2200,4188A,112.3712,28.5764,益阳市,益鑫泰路85号,,45,36,29,31,26,69,NA,75,75,11,11,10,10,0.7,0.6
2026-09-18T2200,4189A,113.113092,36.199482,长治市,英华南巷50号,NA,NA,63,54,36,35,87,NA,135,124,14,20,NA,16,1.8,1.2
2026-09-18T2200,4190A,113.23666,36.33435,长治市,学府街1号,NA,NA,46,44,31,23,NA,NA,149,140,6,9,7,7,0.7,0.7
2026-09-18T2200,4191A,118.527362,31.722269,马鞍山市,慈湖高新区,,33,33,27,19,17,10,NA,93,65,55,19,5,6,0.7,0.7
2026-09-18T2200,4192A,115.931587,28.686774,南昌市,南京东路235号,细颗粒物(PM2.5),62,NA,36,41,31,115,NA,150,142,12,9,5,5,0.3,0.3
2026-09-18T2200,4193A,115.471542,35.280012,菏泽市,长城路999号,细颗粒物(PM2.5),130,150,72,92,40,113,NA,189,166,28,21,11,9,1.0,0.7
2026-09-18T2200,4194A,117.078628,40.151726,北京市,平谷新城,,34,34,51,18,30,106,NA,133,131,7,4,4,3,0.6,0.7
2026-09-18T2200,4196A,117.24369,39.102911,天津市,光华路,,29,17,39,9,21,90,NA,127,116,10,9,9,10,0.3,0.6
2026-09-18T2200,4197A,118.130859,39.636026,唐山市,友谊北路34号,,48,48,46,17,22,97,NA,137,120,18,14,5,7,0.3,0.5
2026-09-18T2200,4198A,119.509013,39.825305,秦皇岛市,北戴河轮滑馆,,37,37,29,11,7,68,NA,130,112,19,7,5,5,0.4,0.3
2026-09-18T2200,4199A,113.2798248,40.09972476,大同市,魏都大道141号,颗粒物(PM10),70,78,70,34,24,114,NA,145,131,21,27,12,10,0.6,0.6
2026-09-18T2200,4200A,112.7478,37.6954,晋中市,迎宾街26号,颗粒物(PM10),75,85,45,44,27,77,NA,162,141,40,15,11,10,0.4,0.3
2026-09-18T2200,4201A,122.944647,41.082639,鞍山市,兴盛南路290号,,43,43,54,11,17,78,NA,96,84,13,18,8,8,0.5,0.6
2026-09-18T2200,4202A,113.9856,32.9802,驻马店市,交通路1233号,颗粒物(PM10),52,52,54,35,38,73,NA,121,94,14,16,4,5,0.4,0.4
2026-09-18T2200,4203A,111.3168,30.7203,宜昌市,西陵二路116号,,26,25,16,18,9,56,NA,68,59,20,14,8,7,0.6,0.5
2026-09-18T2200,4204A,111.3526,30.6374,宜昌市,沈家店路6号,,28,28,20,19,12,55,NA,79,70,11,12,8,8,0.5,0.5
2026-09-18T2200,4205A,121.541914,31.268301,上海市,宁武路151号,,43,43,40,21,18,42,NA,70,50,34,26,8,9,0.3,0.3
2026-09-18T2200,4206A,119.028838,33.631911,淮安市,承德北路606号,,20,12,40,6,19,64,NA,91,71,6,21,6,8,0.6,0.7
2026-09-18T2200,4207A,120.12211,33.393982,盐城市,黄海中路88号,,30,27,32,6,9,94,NA,87,87,5,5,10,10,0.6,0.6
2026-09-18T2200,4209A,117.003137,32.644456,淮南市,国庆中路369号,,50,48,34,35,20,49,NA,80,67,17,16,11,11,0.2,0.3
2026-09-18T2200,4210A,118.335445,29.720283,黄山市,滨江东路7-2号,,50,50,44,35,26,85,NA,142,116,9,9,/,/,/,/
2026-09-18T2200,4211A,118.190438,28.444845,上饶市,裕丰大道,颗粒物(PM10),63,68,53,37,33,146,NA,163,143,13,14,13,14,0.8,0.8
2026-09-18T2200,4212A,118.3039243,36.82708161,淄博市,广场路1号,,36,31,70,25,57,70,NA,172,123,24,24,6,6,0.1,0.6
2026-09-18T2200,4213A,121.364239,37.529648,烟台市,青年南路118号,,32,17,14,7,10,101,NA,123,113,12,11,6,7,0.5,0.6
2026-09-18T2200,4214A,112.460027,34.694929,洛阳市,春都路1号院,细颗粒物(PM2.5),114,88,52,75,38,62,NA,145,126,28,21,8,9,0.7,0.6
2026-09-18T2200,4215A,113.916569,35.331547,新乡市,建设东路46号,颗粒物(PM10),97,115,62,49,31,84,NA,163,140,25,16,11,13,0.9,0.8
2026-09-18T2200,4216A,115.0923632,35.76857718,濮阳市,任丘路479号,"颗粒物(PM10),细颗粒物(PM2.5)",88,103,65,54,33,108,NA,179,154,29,19,6,8,0.9,0.8
2026-09-18T2200,4217A,114.3182,29.8447,咸宁市,双鹤路18号,细颗粒物(PM2.5),64,63,59,42,38,100,NA,113,111,14,9,9,6,0.8,0.7
2026-09-18T2200,4218A,111.446,27.2472,邵阳市,北塔二期4-26地块,,40,40,46,28,37,61,NA,58,58,8,8,5,5,0.8,0.8
2026-09-18T2200,4219A,111.4739,27.2282,邵阳市,邵水西路287号,,46,37,44,32,40,76,NA,75,75,4,6,8,9,0.5,0.6
2026-09-18T2200,4220A,114.214113,22.713717,深圳市,黄阁路,,33,30,40,16,21,105,NA,165,137,13,13,5,6,0.9,0.9
2026-09-18T2200,4221A,108.2177,22.7774,南宁市,乐贤路16号,颗粒物(PM10),58,61,49,35,26,18,NA,102,79,54,24,7,7,0.7,0.7
2026-09-18T2200,4222A,110.1835,25.2444,桂林市,环湖路276号,,39,39,35,26,27,71,NA,104,90,11,24,3,8,0.6,0.7
2026-09-18T2200,4223A,106.4686218,29.48920871,重庆市,双山路147号,,27,27,23,8,13,24,NA,36,33,29,29,6,6,0.8,0.8
2026-09-18T2200,4224A,104.2433276,30.53529463,成都市,鲸龙路1057号,,32,32,19,22,13,36,NA,70,51,27,15,9,8,0.9,0.8
2026-09-18T2200,4225A,104.714266,29.338571,自贡市,贡兴路74号,,24,24,20,14,13,57,NA,78,74,5,6,7,7,0.6,0.6
2026-09-18T2200,4226A,104.765114,31.453094,绵阳市,绵阳市气象局,,13,12,18,7,10,39,NA,55,47,9,11,7,7,0.6,0.7
2026-09-18T2200,4227A,106.108336,30.788436,南充市,梨树横街98号,,13,9,22,5,14,39,NA,52,51,8,13,7,8,0.3,0.4
2026-09-18T2200,4229A,102.2342,27.8859,凉山彝族自治州,凯乐南路30号,,23,23,21,15,16,34,NA,77,70,11,17,4,5,0.8,0.8
2026-09-18T2200,4230A,106.688212,26.56952,贵阳市,花果园大街66号,,28,28,21,9,9,43,NA,70,61,19,9,3,3,/,/
2026-09-18T2200,4231A,106.687268,26.516892,贵阳市,漓江路57号,,24,24,18,15,11,30,NA,60,50,17,9,7,7,0.6,0.5
2026-09-18T2200,4233A,108.596239,34.118792,西安市,西苑北路977号,颗粒物(PM10),69,76,53,44,34,34,NA,77,67,29,16,4,5,0.8,0.7
2026-09-18T2200,4234A,108.949652,34.870529,铜川市,大唐三路,细颗粒物(PM2.5),62,53,99,41,25,72,NA,113,105,19,11,6,5,0.8,0.8
2026-09-18T2200,4235A,109.5051,34.4921,渭南市,渭花路4号,细颗粒物(PM2.5),107,73,45,67,32,26,NA,105,86,19,13,4,5,0.5,0.4
2026-09-18T2200,4236A,103.629272,36.093822,兰州市,庄浪东路808号,NA,NA,NA,20,NA,8,NA,NA,NA,NA,NA,97,NA,12,NA,0.6
2026-09-18T2200,4237A,103.7251,36.104344,兰州市,安宁西路88号,颗粒物(PM10),58,61,54,27,23,66,NA,143,124,27,33,10,14,0.4,0.4
2026-09-18T2200,4238A,103.846982,36.067567,兰州市,北滨河东路1号,NA,NA,40,43,23,20,NA,NA,116,109,15,30,4,7,0.3,0.6
2026-09-18T2200,4239A,102.193042,38.531887,金昌市,长春路96号,,38,31,52,13,17,120,NA,127,127,4,10,4,7,0.1,0.2
2026-09-18T2200,4240A,98.495752,39.733935,酒泉市,玉门东路5号,颗粒物(PM10),51,51,38,22,12,67,NA,111,104,22,7,7,7,0.5,0.3
2026-09-18T2200,4241A,98.5099,39.7506,酒泉市,北大街108号,颗粒物(PM10),68,75,42,33,14,59,NA,116,106,32,7,7,7,0.5,0.3
2026-09-18T2200,4242A,106.226373,38.491976,银川市,广场西路,,36,36,43,16,18,71,NA,121,110,15,23,4,6,0.3,0.4
2026-09-18T2200,4243A,92.0515,31.4787,那曲市,那曲市委宣传部,,31,18,18,10,15,99,NA,133,124,12,12,3,3,0.4,0.6
2026-09-18T2200,4244A,111.4879,36.053,临汾市,启星学校,细颗粒物(PM2.5),94,91,45,57,32,56,NA,136,118,35,16,8,6,0.7,0.5
2026-09-18T2200,4245A,106.8609,27.5969,遵义市,遵南大道1161号,细颗粒物(PM2.5),58,47,30,39,20,26,NA,84,66,26,11,5,5,0.7,0.7
2026-09-18T2200,4246A,105.833962,30.18863087,重庆市,桃园路24号,,19,18,15,13,17,29,NA,53,50,16,9,2,2,0.6,0.5
2026-09-18T2200,4247A,107.091033,29.153966,重庆市,钟楼街32号,,32,31,25,22,21,28,NA,39,34,6,9,4,6,0.6,0.9
2026-09-18T2200,4248A,107.8042979,30.67350233,重庆市,人民南路309号,,22,22,27,4,5,33,NA,42,37,4,6,6,7,0.3,0.3
2026-09-18T2200,4249A,118.8707617,31.34017673,南京市,汶溪路181号,,34,34,23,6,17,73,NA,84,83,14,14,3,3,0.6,0.6
2026-09-18T2200,4250A,114.089259,33.588274,漯河市,韶山路11号,细颗粒物(PM2.5),86,68,65,53,41,70,NA,145,114,28,29,8,10,0.3,0.3
2026-09-18T2200,4251A,112.1433,32.0581,襄阳市,铁院东路4号,颗粒物(PM10),51,51,54,31,26,69,NA,85,81,16,16,7,7,0.7,0.6
2026-09-18T2200,4252A,113.0138,25.8011,郴州市,好美居路49号,颗粒物(PM10),56,58,39,32,27,48,NA,56,56,10,10,6,7,/,/
2026-09-18T2200,4253A,116.010205,29.659402,九江市,莲花大道8号,颗粒物(PM10),57,59,37,35,26,94,NA,128,115,9,8,7,7,0.5,0.5
2026-09-18T2200,4254A,120.2925,31.5685,无锡市,健康路105号,,29,29,35,20,12,41,NA,107,86,31,25,4,6,1.0,0.6
2026-09-18T2200,4255A,110.16795,22.640993,玉林市,人民东路196号,,42,39,39,29,26,76,NA,128,111,11,12,6,6,0.8,0.6
2026-09-18T2200,4256A,107.375,22.3736,崇左市,石景林东路7号,,28,24,21,19,12,31,NA,96,81,20,11,6,6,0.6,0.6
2026-09-18T2200,4257A,104.6092,35.5962,定西市,将台街,颗粒物(PM10),55,57,34,7,10,71,NA,99,92,10,7,5,6,0.3,0.3
2026-09-18T2200,4258A,111.2416,23.4155,梧州市,政贤路18号,颗粒物(PM10),60,63,48,36,25,64,NA,146,127,35,17,8,11,0.6,0.6
2026-09-18T2200,4259A,113.835877,34.0155267,许昌市,望田路111号,细颗粒物(PM2.5),113,99,66,74,40,85,NA,160,131,21,16,8,9,0.7,0.6
2026-09-18T2200,4260A,109.5933,23.095,贵港市,中山路155-3号,细颗粒物(PM2.5),66,65,46,43,28,99,NA,144,133,16,13,/,/,0.7,0.7
2026-09-18T2200,4261A,103.7247,27.3415,昭通市,环东路146号,,30,30,21,13,14,43,NA,79,69,16,11,3,10,0.7,0.7
2026-09-18T2200,4263A,105.3688,27.3598,毕节市,工业大道,,40,40,24,23,11,35,NA,71,60,7,7,12,11,/,/
2026-09-18T2200,4264A,113.234,35.219,焦作市,新安路1731号,细颗粒物(PM2.5),80,83,58,50,35,89,NA,163,146,31,14,6,6,0.3,0.2
2026-09-18T2200,4265A,113.108806,29.353066,岳阳市,求索西路365号,NA,NA,41,30,32,22,NA,NA,58,58,13,10,4,4,0.9,0.8
2026-09-18T2200,4266A,117.7325,34.5683,枣庄市,文化路178号,颗粒物(PM10),112,149,113,72,66,75,NA,144,119,23,21,8,8,0.6,0.7
2026-09-18T2200,4268A,112.1722,30.3366,荆州市,学苑路85号,,43,NA,27,30,24,66,NA,97,91,9,8,7,6,0.6,0.5
2026-09-18T2200,4269A,114.6701,33.6167,周口市,七一路,颗粒物(PM10),55,57,54,37,33,92,NA,151,121,15,13,8,9,0.5,0.5
2026-09-18T2200,4270A,102.6447,37.9293,武威市,钟楼街149号,颗粒物(PM10),60,64,51,19,19,82,NA,121,110,17,18,12,11,0.3,0.3
2026-09-18T2200,4271A,103.2464,35.6123,临夏回族自治州,滨河东路1号,,48,48,48,13,22,83,NA,102,90,8,13,8,9,0.2,0.4
2026-09-18T2200,4273A,81.2737,43.9337,伊犁哈萨克自治州,安徽路800号,颗粒物(PM10),88,103,69,42,19,10,NA,117,100,94,36,6,8,1.4,0.6
2026-09-18T2200,4274A,117.7994,40.9605,承德市,滨河大街98号,颗粒物(PM10),51,51,47,32,41,44,NA,144,113,15,11,7,7,0.4,0.6
2026-09-18T2200,4275A,111.591512,40.827312,呼和浩特市,成吉思汗西街8号,,34,34,40,20,18,66,NA,132,109,42,37,5,7,0.5,0.5
2026-09-18T2200,4276A,111.6597,40.8077,呼和浩特市,公园东路75号,颗粒物(PM10),70,78,40,35,19,46,NA,123,107,46,19,10,9,0.8,0.6
2026-09-18T2200,4277A,111.5427,40.7846,呼和浩特市,金海路35号,,48,48,44,14,18,52,NA,124,100,41,33,5,8,0.5,0.4
2026-09-18T2200,4278A,106.8212,39.6741,乌海市,海拉北路,,50,50,44,26,21,72,NA,122,104,27,19,31,20,0.5,0.5
2026-09-18T2200,4279A,119.7569,49.2222,呼伦贝尔市,伊敏大街东7号,,47,47,41,21,20,34,NA,67,50,17,20,6,6,0.4,0.4
2026-09-18T2200,4280A,122.0921,46.065,兴安盟,洮儿河南路,颗粒物(PM10),53,53,48,19,24,117,NA,131,130,5,9,4,5,0.2,0.4
2026-09-18T2200,4281A,125.334645,43.916281,长春市,北亚泰大街1068号,颗粒物(PM10),90,105,40,40,24,2,NA,92,54,82,22,7,7,1.0,0.4
2026-09-18T2200,4282A,126.6769,45.7379,哈尔滨市,华山路1号,,36,36,41,16,12,61,NA,112,83,30,18,11,10,0.2,0.1
2026-09-18T2200,4283A,126.9717,45.5356,哈尔滨市,解放大街52号,,37,37,33,10,4,71,NA,111,91,16,9,6,9,0.5,0.4
2026-09-18T2200,4284A,128.8325,47.8447,伊春市,永安路4-1号,,50,50,36,18,14,49,NA,125,88,8,7,2,2,0.3,0.4
2026-09-18T2200,4285A,130.363,46.806,佳木斯市,顺和街,,42,42,32,22,15,70,NA,110,86,16,12,2,2,0.4,0.4
2026-09-18T2200,4286A,130.3952,46.8268,佳木斯市,长安路196号,颗粒物(PM10),53,54,34,15,14,64,NA,110,84,19,13,2,3,0.3,0.3
2026-09-18T2200,4287A,129.5992,44.5964,牡丹江市,东晓云街98号,,35,35,36,9,14,26,NA,79,51,13,13,8,7,0.4,0.4
2026-09-18T2200,4288A,117.2438,34.2844,徐州市,龙潭环路5号,颗粒物(PM10),58,61,75,32,48,60,NA,124,99,17,23,8,10,0.9,0.9
2026-09-18T2200,4289A,117.154766,29.256967,景德镇市,青少年活动中心,细颗粒物(PM2.5),62,64,42,41,29,95,NA,152,130,15,13,12,10,/,/
2026-09-18T2200,4290A,120.196923,35.954556,青岛市,珠江路669号,,33,14,16,9,8,105,NA,132,119,11,7,4,4,0.5,0.5
2026-09-18T2200,4291A,120.0424,35.8656,青岛市,黄岛区人民政府广场,,34,19,17,8,8,108,NA,125,118,6,11,4,4,0.3,0.3
2026-09-18T2200,4292A,116.352738,37.420875,德州市,新河东路,,44,44,77,21,42,102,NA,186,168,16,34,13,9,0.8,0.7
2026-09-18T2200,4293A,113.605125,34.755221,郑州市,计划路2号,颗粒物(PM10),90,105,68,53,39,104,NA,158,136,26,17,10,6,0.5,0.4
2026-09-18T2200,4294A,113.6525645,34.77362682,郑州市,同乐路9号,颗粒物(PM10),78,89,62,48,41,113,NA,157,139,29,21,7,6,0.7,0.5
2026-09-18T2200,4295A,113.2722,35.2121,焦作市,人民路3066号,细颗粒物(PM2.5),86,95,62,53,32,79,NA,155,138,31,14,5,5,0.4,0.1
2026-09-18T2200,4296A,114.6421,33.6417,周口市,健康路46号,颗粒物(PM10),57,59,60,29,33,77,NA,147,118,20,20,2,3,0.5,0.4
2026-09-18T2200,4297A,114.649,33.596,周口市,太昊路,颗粒物(PM10),62,66,61,38,32,87,NA,153,119,19,17,3,5,0.7,0.6
2026-09-18T2200,4298A,114.284,29.8595,咸宁市,碧桂路,颗粒物(PM10),62,66,62,40,40,96,NA,112,109,21,16,3,3,0.6,0.6
2026-09-18T2200,4299A,111.6195,26.2253,永州市,徐家井路86号,,50,44,35,35,26,81,NA,89,88,9,9,6,6,0.8,0.9
2026-09-18T2200,4300A,114.4089,23.1147,惠州市,文华一路1号,,34,34,43,18,24,98,NA,132,116,12,10,/,/,/,/
2026-09-18T2200,4301A,110.2803,25.2773,桂林市,信义路13号,,38,38,39,26,26,74,NA,113,102,10,13,5,9,0.8,0.8
2026-09-18T2200,4302A,108.0901,24.6945,河池市,上任中路54号,NA,NA,NA,33,23,13,13,NA,66,53,31,20,6,7,0.8,0.7
2026-09-18T2200,4303A,105.5911,30.5368,遂宁市,环岛商务中心9号楼,,28,28,25,11,12,24,NA,53,48,24,13,7,8,0.8,0.7
2026-09-18T2200,4304A,106.1172,30.843,南充市,清泉寺北路188号,,25,25,22,6,13,32,NA,55,54,8,10,9,10,0.6,0.6
2026-09-18T2200,4305A,106.067,30.7616,南充市,同庆路1号,,20,20,25,9,15,28,NA,53,51,18,17,7,7,0.6,0.5
2026-09-18T2200,4306A,103.0544,30.0133,雅安市,滨江西路,,32,28,30,22,22,50,NA,61,60,11,14,3,4,0.5,0.5
2026-09-18T2200,4307A,108.9817,34.2035,西安市,曲江池东路988号,细颗粒物(PM2.5),80,79,51,50,35,27,NA,83,74,48,20,3,4,0.7,0.5
2026-09-18T2200,4308A,107.3898,34.3601,宝鸡市,陈仓区北开路21号,细颗粒物(PM2.5),74,60,42,47,31,62,NA,84,80,20,13,6,6,0.6,0.5
2026-09-18T2200,4309A,104.6159,35.5701,定西市,正龙路62号,,34,34,33,7,7,72,NA,91,87,7,9,3,3,0.3,0.3
2026-09-18T2200,4310A,103.207136,35.599807,临夏回族自治州,新华街21号,,37,37,49,14,23,87,NA,106,99,9,14,11,10,0.4,0.4
2026-09-18T2200,4311A,122.0383,46.0691,兴安盟,科尔沁北路63号,,38,29,41,10,22,119,NA,132,131,4,7,5,5,0.3,0.5
2026-09-18T2200,4312A,119.019,31.6512,南京市,中山西路1号,,27,27,20,18,15,83,NA,103,97,15,13,4,4,0.7,0.7
2026-09-18T2200,4314A,114.0494,38.059,石家庄市,矿区区委大楼,颗粒物(PM10),68,75,62,43,27,86,NA,147,132,13,15,6,8,0.5,0.5
2026-09-18T2200,4325A,105.3665,28.77434,泸州市,纳溪区委政协,,24,24,24,14,19,18,NA,56,52,33,17,4,4,0.8,0.7
2026-09-18T2200,4326A,113.0794,22.5999,江门市,五邑大学,,42,42,46,23,26,112,NA,192,175,12,13,15,8,0.5,0.5
