timepoint,stationcode,longitude,latitude,area,positionname,primarypollutant,aqi,pm10,pm10_24h,pm2_5,pm2_5_24h,o3,o3_24h,o3_8h,o3_8h_24h,no2,no2_24h,so2,so2_24h,co,co_24h
2026-09-18T1300,1001A,116.3611,39.8786,北京市,万寿西宫,,45,20,52,12,29,142,NA,117,117,11,16,3,3,0.4,0.6
2026-09-18T1300,1003A,116.4174,39.9289,北京市,东四,,46,22,49,11,28,147,NA,124,124,5,15,4,5,0.4,0.6
2026-09-18T1300,1004A,116.4073,39.8858,北京市,天坛,,45,21,49,9,29,141,NA,118,118,8,18,3,3,0.6,0.8
2026-09-18T1300,1005A,116.4622,39.9364,北京市,农展馆,,42,21,52,9,30,133,NA,100,100,8,14,3,5,0.4,0.5
2026-09-18T1300,1006A,116.3399,39.9293,北京市,官园,,45,25,59,10,30,142,NA,115,115,5,13,4,4,0.6,0.7
2026-09-18T1300,1007A,116.2879,39.9613,北京市,海淀万柳,,42,34,80,13,35,134,NA,104,104,11,19,4,4,0.6,0.7
2026-09-18T1300,1008A,116.6635,40.1349,北京市,顺义新城,,41,17,58,11,35,130,NA,104,104,8,13,5,5,0.5,0.8
2026-09-18T1300,1009A,116.6275,40.327,北京市,怀柔镇,,44,31,69,19,45,138,NA,103,103,6,11,3,4,0.8,1
2026-09-18T1300,1010A,116.2295,40.217,北京市,昌平镇,,44,31,57,20,40,139,NA,113,113,9,10,4,3,0.6,0.8
2026-09-18T1300,1011A,116.3968,39.982,北京市,奥体中心,,40,20,53,10,32,126,NA,109,109,2,6,6,6,0.6,0.7
2026-09-18T1300,1015A,117.1446,39.1659,天津市,勤俭道,,40,33,60,16,34,126,NA,89,89,12,17,6,7,0.7,0.8
2026-09-18T1300,1018A,117.2016,39.0928,天津市,前进道,,43,43,55,23,29,127,NA,85,85,12,15,7,9,0.8,0.8
2026-09-18T1300,1019A,117.1837,39.2134,天津市,淮河道,NA,NA,20,54,9,25,125,NA,82,82,NA,16,NA,9,NA,0.8
2026-09-18T1300,1021A,117.308261,39.088386,天津市,跃进路,,44,34,64,17,33,140,NA,77,77,9,21,6,8,0.7,0.7
2026-09-18T1300,1023A,117.707,39.0344,天津市,第四大街,,37,21,48,9,22,118,NA,74,72,10,24,5,6,0.7,0.8
2026-09-18T1300,1024A,117.4573,38.8395,天津市,永明路,,40,18,44,11,24,126,NA,92,81,1,11,4,6,0.5,0.6
2026-09-18T1300,1026A,117.7641,39.1588,天津市,汉北路,,43,19,40,8,18,136,NA,87,87,8,16,5,5,0.6,0.7
2026-09-18T1300,1030A,114.5919,38.0328,石家庄市,高新区,NA,NA,NA,NA,NA,NA,NA,NA,NA,NA,NA,NA,NA,NA,NA,NA
2026-09-18T1300,1032A,114.4556,38.0136,石家庄市,西南高教,细颗粒物(PM2.5),80,74,57,50,25,118,NA,85,85,11,20,2,5,0.6,0.5
2026-09-18T1300,1033A,114.533,38.0177,石家庄市,世纪公园,细颗粒物(PM2.5),76,77,60,48,33,106,NA,77,77,18,16,2,4,0.9,0.8
2026-09-18T1300,1034A,114.5105,38.0489,石家庄市,人民会堂,"颗粒物(PM10),细颗粒物(PM2.5)",80,92,69,50,29,119,NA,85,85,15,18,3,3,0.6,0.5
2026-09-18T1300,1040A,118.1707,39.6505,唐山市,十二中,,45,24,46,15,24,143,NA,108,108,8,12,2,4,0.5,0.7
2026-09-18T1300,1041A,118.1868,39.6219,唐山市,小山,,46,29,59,12,18,146,NA,108,108,2,9,6,15,0.4,0.7
2026-09-18T1300,1046A,119.5247,39.9346,秦皇岛市,建设大厦,,47,47,48,12,13,124,NA,74,74,5,32,4,4,0.2,0.3
2026-09-18T1300,1049A,114.492,36.5712,邯郸市,矿院,臭氧1小时(O3_1h),64,46,42,35,29,171,NA,101,101,12,21,9,12,1.0,1.2
2026-09-18T1300,1050A,114.4839,36.6136,邯郸市,丛台公园,臭氧1小时(O3_1h),63,53,42,31,21,170,NA,98,98,10,18,12,21,0.7,1.3
2026-09-18T1300,1051A,115.4803,38.8568,保定市,游泳馆,臭氧1小时(O3_1h),53,50,66,35,45,162,NA,102,102,6,22,1,3,0.8,0.5
2026-09-18T1300,1052A,115.509,38.8895,保定市,华电二区,细颗粒物(PM2.5),64,60,80,42,49,161,NA,92,92,5,23,3,2,0.7,0.7
2026-09-18T1300,1053A,115.4588,38.9037,保定市,接待中心,细颗粒物(PM2.5),66,44,76,43,51,151,NA,87,87,3,15,5,6,0.4,0.5
2026-09-18T1300,1054A,115.4484,38.8344,保定市,地表水厂,颗粒物(PM10),55,56,69,34,44,160,NA,101,101,6,23,4,4,0.7,0.7
2026-09-18T1300,1057A,114.8884,40.8336,张家口市,人民公园,臭氧1小时(O3_1h),73,54,49,36,26,178,NA,131,131,8,13,5,2,0.6,0.5
2026-09-18T1300,1059A,114.868581,40.804273,张家口市,五金库,臭氧1小时(O3_1h),67,52,55,27,24,173,NA,130,130,11,16,/,/,/,/
2026-09-18T1300,1060A,114.8901,40.762,张家口市,世纪豪园,臭氧1小时(O3_1h),62,50,55,16,22,169,NA,149,149,8,12,8,7,0.7,0.6
2026-09-18T1300,1062A,117.9531,40.908,承德市,铁路,颗粒物(PM10),58,61,67,34,37,141,NA,53,53,5,20,6,7,0.5,0.7
2026-09-18T1300,1063A,117.9397,40.9763,承德市,中国银行,细颗粒物(PM2.5),74,58,60,47,33,152,NA,58,58,5,14,7,7,0.6,0.6
2026-09-18T1300,1067A,116.6712,39.5109,廊坊市,药材公司,,44,38,63,17,34,138,NA,105,105,6,12,3,4,0.6,0.6
2026-09-18T1300,1068A,116.7215,39.5592,廊坊市,开发区,,44,38,62,19,34,138,NA,107,107,5,12,1,2,0.5,0.5
2026-09-18T1300,1070A,116.7246,39.5273,廊坊市,北华航天学院,,44,39,52,14,30,138,NA,104,104,4,11,1,3,0.5,0.5
2026-09-18T1300,1071A,116.8733,38.2922,沧州市,沧县城建局,细颗粒物(PM2.5),78,57,60,49,43,181,NA,106,106,9,19,11,9,0.5,0.3
2026-09-18T1300,1072A,116.8462,38.3189,沧州市,电视转播站,NA,NA,NA,61,NA,29,NA,NA,154,NA,NA,16,NA,5,NA,0.2
2026-09-18T1300,1073A,116.8588,38.3161,沧州市,市环保局,细颗粒物(PM2.5),72,69,70,46,47,149,NA,84,84,9,14,9,6,0.4,0.2
2026-09-18T1300,1074A,115.6839,37.754,衡水市,电机北厂,细颗粒物(PM2.5),96,62,64,58,41,157,NA,74,74,8,19,5,4,0.4,0.4
2026-09-18T1300,1075A,115.6303,37.7318,衡水市,市监测站,细颗粒物(PM2.5),92,77,73,56,31,154,NA,75,75,9,20,10,9,0.9,0.7
2026-09-18T1300,1077A,114.4687,37.0883,邢台市,达活泉,颗粒物(PM10),73,82,50,41,19,148,NA,104,104,9,7,3,4,0.6,0.6
2026-09-18T1300,1078A,114.4954,37.0309,邢台市,邢师高专,颗粒物(PM10),80,92,48,43,20,145,NA,97,97,13,12,4,3,0.7,0.7
2026-09-18T1300,1079A,114.5281,37.0857,邢台市,路桥公司,细颗粒物(PM2.5),84,70,38,52,19,134,NA,88,88,11,11,5,6,0.6,0.5
2026-09-18T1300,1080A,114.4721,37.0713,邢台市,市环保局,颗粒物(PM10),85,99,57,42,21,148,NA,106,106,12,10,7,7,0.6,0.6
2026-09-18T1300,1081A,112.5138,37.8916,太原市,尖草坪,颗粒物(PM10),53,54,53,28,23,149,NA,75,75,13,27,10,11,0.4,0.5
2026-09-18T1300,1084A,112.4691,37.7125,太原市,晋源,,48,44,49,25,27,153,NA,99,99,10,23,8,11,0.6,0.6
2026-09-18T1300,1085A,112.5595,37.7391,太原市,小店,臭氧1小时(O3_1h),52,43,47,18,23,161,NA,97,97,6,23,8,12,0.6,0.6
2026-09-18T1300,1087A,112.5705,37.8199,太原市,坞城,颗粒物(PM10),52,52,42,23,23,153,NA,81,81,16,26,11,17,0.9,0.9
2026-09-18T1300,1088A,112.5495,37.9853,太原市,南寨,颗粒物(PM10),63,67,41,27,20,121,NA,52,52,31,25,20,7,1.9,0.8
2026-09-18T1300,1090A,111.6506,40.7517,呼和浩特市,呼市一监,,44,27,38,10,19,139,NA,84,84,6,22,5,4,0.5,0.5
2026-09-18T1300,1094A,111.7516,40.8369,呼和浩特市,如意水处理厂,,44,34,43,16,20,139,NA,80,80,9,24,10,8,0.4,0.4
2026-09-18T1300,1095A,111.727798,40.806187,呼和浩特市,二十九中,,44,30,39,19,23,138,NA,87,87,7,20,9,8,0.5,0.5
2026-09-18T1300,1097A,111.717,40.7617,呼和浩特市,化肥厂生活区,,43,33,42,16,22,135,NA,86,86,7,24,9,8,0.6,0.6
2026-09-18T1300,1099A,123.5058,41.7084,沈阳市,浑南东路,,39,16,41,5,19,124,NA,76,76,4,34,12,21,0.5,0.8
2026-09-18T1300,1100A,123.4238,41.6992,沈阳市,新秀街,,37,22,40,6,16,116,NA,68,68,8,33,10,24,0.4,0.6
2026-09-18T1300,1102A,123.5903,41.8412,沈阳市,东陵路,,36,23,44,2,16,113,NA,62,62,5,28,9,15,0.4,0.6
2026-09-18T1300,1103A,123.4267,41.8466,沈阳市,陵东街,,33,32,33,4,16,105,NA,59,59,4,13,10,9,0.4,0.6
2026-09-18T1300,1104A,123.4116,41.7654,沈阳市,文化路,,36,32,40,7,14,115,NA,76,76,9,27,12,17,0.4,0.6
2026-09-18T1300,1105A,123.4673,41.787,沈阳市,小河沿,,35,35,37,4,16,106,NA,59,59,6,21,10,11,0.5,0.7
2026-09-18T1300,1106A,123.4019,41.7978,沈阳市,太原街,,37,20,46,7,18,117,NA,75,75,8,22,7,12,0.4,0.6
2026-09-18T1300,1108A,123.3778,41.9233,沈阳市,京沈街,,38,25,53,4,21,120,NA,72,72,8,29,6,9,0.4,0.8
2026-09-18T1300,1109A,121.6119,38.974,大连市,甘井子,,31,24,27,8,12,98,NA,101,92,5,10,7,7,0.5,0.5
2026-09-18T1300,1110A,121.565,38.9509,大连市,周水子,,30,25,25,10,14,94,NA,90,90,7,14,6,6,0.5,0.6
2026-09-18T1300,1111A,121.5637,38.8849,大连市,星海三站,,29,21,17,9,12,92,NA,102,92,6,6,6,6,0.6,0.7
2026-09-18T1300,1112A,121.6301,38.9117,大连市,青泥洼桥,,29,20,27,10,15,91,NA,95,84,6,10,7,7,0.3,0.4
2026-09-18T1300,1113A,121.6248,38.8643,大连市,傅家庄,,30,19,20,13,8,94,NA,108,98,4,5,6,6,0.5,0.5
2026-09-18T1300,1114A,121.5117,38.8636,大连市,七贤岭,,29,28,26,11,12,91,NA,104,96,8,10,6,7,0.5,0.5
2026-09-18T1300,1116A,121.7507,39.1339,大连市,金州,,30,12,29,7,17,93,NA,76,71,6,11,7,6,0.5,0.5
2026-09-18T1300,1117A,121.7811,39.0495,大连市,开发区,,30,24,32,8,16,95,NA,85,78,7,15,6,5,0.5,0.6
2026-09-18T1300,1118A,121.9762,39.0631,大连市,双D港,,30,26,20,9,13,93,NA,96,84,4,6,10,8,0.3,0.4
2026-09-18T1300,1120A,125.2874,43.9024,长春市,客车厂,,30,23,37,9,18,96,NA,94,86,6,15,5,6,0.3,0.5
2026-09-18T1300,1121A,125.2943,43.8508,长春市,邮电学院,,30,23,36,8,18,96,NA,88,80,2,10,6,7,0.2,0.4
2026-09-18T1300,1122A,125.3648,43.8745,长春市,劳动公园,,32,27,33,8,16,102,NA,83,83,4,8,5,6,0.3,0.4
2026-09-18T1300,1123A,125.3233,43.8781,长春市,园林处,,32,24,35,9,17,100,NA,93,85,5,10,7,9,0.3,0.5
2026-09-18T1300,1124A,125.4604,43.7904,长春市,净月潭,,34,16,22,9,13,107,NA,84,84,4,5,8,8,0.3,0.4
2026-09-18T1300,1126A,125.38,43.8422,长春市,经开区环卫处,,32,25,36,11,16,100,NA,75,75,5,15,9,9,0.3,0.4
2026-09-18T1300,1127A,125.234,43.7761,长春市,高新区管委会,,30,17,34,8,16,96,NA,78,78,2,11,7,8,0.1,0.3
2026-09-18T1300,1128A,125.1695,43.83,长春市,岱山公园,,29,22,41,7,17,90,NA,79,79,9,28,4,5,0.3,0.4
2026-09-18T1300,1130A,126.5557,45.8109,哈尔滨市,松北商大,,39,30,39,7,19,122,NA,102,102,9,13,6,7,0.6,0.6
2026-09-18T1300,1132A,126.6162,45.719,哈尔滨市,南岗学府路,,38,36,48,7,14,121,NA,99,99,9,16,6,6,0.6,0.7
2026-09-18T1300,1133A,126.6894,45.7733,哈尔滨市,太平宏伟公园,,49,49,43,2,13,117,NA,97,97,9,15,8,9,0.3,0.3
2026-09-18T1300,1134A,126.6361,45.7672,哈尔滨市,道外承德广场,,48,48,58,4,16,121,NA,101,101,12,17,5,6,0.4,0.4
2026-09-18T1300,1136A,126.644,45.7261,哈尔滨市,动力和平路,,38,25,50,6,16,119,NA,96,96,11,19,8,9,0.6,0.7
2026-09-18T1300,1137A,126.5933,45.7479,哈尔滨市,道里建国路,,38,37,42,9,12,121,NA,99,99,8,11,6,7,0.5,0.6
2026-09-18T1300,1138A,126.6127,45.6119,哈尔滨市,平房东轻厂,,35,26,40,6,12,111,NA,90,90,3,6,6,6,0.4,0.4
2026-09-18T1300,1139A,126.5875,45.9827,哈尔滨市,呼兰师专,,38,34,43,3,14,120,NA,102,102,10,15,5,6,0.7,0.7
2026-09-18T1300,1140A,126.6299,45.6799,哈尔滨市,省农科院,颗粒物(PM10),74,83,70,9,24,118,NA,95,95,9,21,6,6,0.6,0.7
2026-09-18T1300,1141A,121.401,31.2382,上海市,普陀,,47,47,29,22,13,81,NA,78,78,15,16,6,5,0.3,0.2
2026-09-18T1300,1142A,121.4774,31.2043,上海市,十五厂,,49,49,28,25,14,73,NA,74,74,9,10,6,6,0.6,0.5
2026-09-18T1300,1143A,121.4673,31.3011,上海市,虹口,,47,47,33,21,15,76,NA,68,68,11,16,5,5,0.2,0.2
2026-09-18T1300,1147A,121.4253,31.226,上海市,静安监测站,,46,46,29,28,15,91,NA,86,86,13,15,9,8,0.7,0.6
2026-09-18T1300,1148A,121.7029,31.1905,上海市,浦东川沙,,43,43,35,20,14,84,NA,71,71,4,13,11,10,0.5,0.5
2026-09-18T1300,1149A,121.5339,31.229,上海市,浦东新区监测站,,46,46,28,27,14,74,NA,66,66,11,15,9,8,0.3,0.3
2026-09-18T1300,1150A,121.5776,31.2038,上海市,浦东张江,,48,48,31,23,15,82,NA,69,69,9,15,7,7,0.7,0.5
2026-09-18T1300,1151A,118.8033,32.1085,南京市,迈皋桥,,35,18,26,1,21,112,NA,66,62,2,20,6,5,0.8,1
2026-09-18T1300,1152A,118.7487,32.057,南京市,草场门,,36,14,26,1,18,114,NA,73,72,11,30,5,6,0.6,0.9
2026-09-18T1300,1154A,118.770105,32.004342,南京市,中华门,,33,17,22,0,20,105,NA,65,65,12,20,7,7,0.1,0.3
2026-09-18T1300,1155A,118.8059,32.0329,南京市,瑞金路,,35,27,27,1,19,110,NA,65,65,8,23,4,4,0.3,0.6
2026-09-18T1300,1156A,118.7946,32.0774,南京市,玄武湖,,37,18,28,0,19,117,NA,61,61,6,33,5,4,0.3,0.6
2026-09-18T1300,1157A,118.6415,32.0964,南京市,浦口,,36,6,31,3,25,113,NA,62,62,14,22,6,5,0.5,0.8
2026-09-18T1300,1158A,118.730129,32.000956,南京市,奥体中心,,35,15,27,0,20,112,NA,77,77,9,25,5,6,0.5,0.8
2026-09-18T1300,1159A,118.9072,32.1047,南京市,仙林大学城,,41,41,33,7,22,115,NA,52,51,11,38,3,4,0.4,0.6
2026-09-18T1300,1163A,120.5974,31.3247,苏州市,轧钢厂,颗粒物(PM10),53,53,36,20,15,84,NA,70,70,29,34,6,6,0.7,0.8
2026-09-18T1300,1164A,120.6329,31.2741,苏州市,吴中区,,40,40,35,17,14,81,NA,66,66,17,24,6,7,0.6,0.7
2026-09-18T1300,1165A,120.5566,31.3049,苏州市,苏州新区,,46,46,35,18,12,82,NA,71,71,19,25,8,7,0.5,0.5
2026-09-18T1300,1166A,120.668709,31.312523,苏州市,苏州工业园区,,36,36,35,16,15,91,NA,76,76,12,21,7,7,0.6,0.6
2026-09-18T1300,1167A,120.6408,31.3707,苏州市,相城区,,44,44,35,17,14,89,NA,70,70,18,23,10,9,0.7,0.7
2026-09-18T1300,1168A,120.9056,31.9669,南通市,狼山街道,,30,28,23,9,11,95,NA,83,83,4,11,6,6,0.7,0.6
2026-09-18T1300,1170A,120.8635,32.0231,南通市,城中,,28,28,31,10,13,84,NA,76,76,6,11,2,2,0.3,0.4
2026-09-18T1300,1171A,120.9376,31.9301,南通市,星湖花园,,29,23,25,11,14,90,NA,78,78,4,10,5,5,0.7,0.6
2026-09-18T1300,1172A,120.8053,32.046,南通市,紫琅学院,,25,16,23,8,13,80,NA,69,69,3,14,3,4,0.6,0.7
2026-09-18T1300,1173A,119.1759,34.5885,连云港市,市环境监测站,,36,17,30,5,18,114,NA,106,106,3,9,8,9,0.4,0.5
2026-09-18T1300,1180A,117.257,34.2161,徐州市,新城区,颗粒物(PM10),53,54,91,26,57,121,NA,62,62,7,28,7,8,0.8,0.9
2026-09-18T1300,1182A,117.2933,34.2796,徐州市,农科院,颗粒物(PM10),56,58,88,31,63,129,NA,63,63,9,27,11,12,0.8,0.9
2026-09-18T1300,1186A,119.3895,32.377,扬州市,邗江监测站,,37,36,37,8,20,117,NA,76,76,7,18,6,7,0.5,0.7
2026-09-18T1300,1188A,120.2693,31.4864,无锡市,雪浪,,41,41,34,14,11,99,NA,74,74,20,24,7,7,0.7,0.6
2026-09-18T1300,1189A,120.2761,31.621,无锡市,黄巷,,35,28,37,8,11,109,NA,77,77,20,25,4,4,0.9,0.8
2026-09-18T1300,1191A,120.2422,31.5037,无锡市,漆塘,,49,49,45,14,13,108,NA,82,82,19,21,8,8,0.8,0.7
2026-09-18T1300,1192A,120.3489,31.5865,无锡市,东亭,,34,34,26,15,10,100,NA,64,64,22,26,9,7,0.7,0.5
2026-09-18T1300,1193A,120.3538,31.5474,无锡市,旺庄,,35,34,31,13,10,111,NA,78,78,15,20,8,8,0.8,0.8
2026-09-18T1300,1194A,120.2447,31.5633,无锡市,荣巷,,35,34,32,10,11,109,NA,77,74,18,24,7,8,0.7,0.7
2026-09-18T1300,1195A,120.2986,31.6816,无锡市,堰桥,,33,22,32,4,11,105,NA,74,74,12,21,6,6,0.5,0.6
2026-09-18T1300,1196A,119.9524,31.7586,常州市,市监测站,颗粒物(PM10),56,58,43,21,19,102,NA,69,69,31,29,8,6,0.7,0.5
2026-09-18T1300,1200A,119.9351,31.703,常州市,武进监测站,NA,NA,NA,44,NA,18,104,NA,72,72,32,25,5,4,0.7,0.5
2026-09-18T1300,1203A,119.6708,32.187,镇江市,新区办事处,NA,NA,30,42,NA,28,116,NA,62,62,17,30,NA,6,0.7,0.6
2026-09-18T1300,1204A,119.497455,32.196732,镇江市,职教中心,,40,36,37,28,29,93,NA,53,53,22,34,7,6,0.5,0.7
2026-09-18T1300,1205A,119.43,32.1328,镇江市,丹徒区监测站,,45,45,32,26,29,78,NA,51,43,33,40,6,6,1.0,1.1
2026-09-18T1300,1206A,119.9042,32.488,泰州市,公园路,,30,19,31,4,20,96,NA,67,66,1,12,8,9,0.4,0.6
2026-09-18T1300,1207A,119.9189,32.4626,泰州市,莲花,,29,17,33,2,17,91,NA,70,70,3,9,8,10,0.3,0.5
2026-09-18T1300,1209A,119.8877,32.4636,泰州市,留学生创业园,,31,15,33,8,22,97,NA,71,71,2,11,8,9,0.6,0.7
2026-09-18T1300,1210A,119.0566,33.5991,淮安市,钵池山,,36,24,39,13,24,113,NA,70,70,6,19,6,6,0.6,0.7
2026-09-18T1300,1211A,119.0083,33.578,淮安市,北京南路,,37,34,43,11,23,118,NA,60,60,5,23,6,7,0.6,0.8
2026-09-18T1300,1212A,118.9938,33.6083,淮安市,市监测站,,37,24,36,14,29,116,NA,57,57,9,28,9,10,0.9,0.9
2026-09-18T1300,1213A,119.135,33.5038,淮安市,楚州区监测站,,31,27,38,10,24,99,NA,62,62,4,20,7,7,0.4,0.5
2026-09-18T1300,1216A,120.1554,33.3941,盐城市,市监测站,,29,26,26,6,10,92,NA,77,74,4,11,5,5,0.6,0.7
2026-09-18T1300,1218A,120.214332,33.37951,盐城市,开发区管委会,,27,27,26,10,12,82,NA,77,74,2,7,10,10,0.6,0.6
2026-09-18T1300,1220A,118.2924,33.933,宿迁市,宿迁学院,,35,24,62,16,52,109,NA,110,109,10,14,2,3,0.4,0.7
2026-09-18T1300,1221A,118.2321,33.9572,宿迁市,宿迁中学,,33,22,61,12,55,105,NA,94,94,5,12,6,7,0.7,1
2026-09-18T1300,1223A,120.2073,30.2111,杭州市,滨江,,47,30,38,11,17,148,NA,90,90,12,21,6,7,0.3,0.4
2026-09-18T1300,1224A,120.0625,30.2737,杭州市,西溪,,47,33,28,14,15,150,NA,85,85,10,12,5,5,0.5,0.5
2026-09-18T1300,1226A,120.3417,30.315,杭州市,下沙,,46,26,23,15,12,146,NA,84,84,8,16,7,6,0.5,0.6
2026-09-18T1300,1227A,120.1252,30.2465,杭州市,卧龙桥,,47,33,36,13,15,150,NA,77,77,11,14,6,6,0.5,0.5
2026-09-18T1300,1228A,120.1902,30.2691,杭州市,浙江农大,,42,32,30,16,15,133,NA,80,80,14,19,9,9,0.6,0.6
2026-09-18T1300,1230A,120.1195,30.3121,杭州市,和睦小学,,45,31,29,16,14,143,NA,87,87,11,14,8,7,0.6,0.6
2026-09-18T1300,1231A,120.3076,30.4146,杭州市,临平镇,,45,34,32,16,12,141,NA,83,83,11,19,8,7,0.6,0.6
2026-09-18T1300,1232A,120.2753,30.1839,杭州市,城厢镇,,42,36,40,16,19,132,NA,78,78,9,16,8,9,0.5,0.5
2026-09-18T1300,1233A,120.0883,30.1808,杭州市,云栖,NA,NA,36,30,18,16,150,NA,79,79,NA,8,8,6,0.6,0.6
2026-09-18T1300,1234A,121.8352,29.9111,宁波市,区环保大楼,,28,28,35,9,12,83,NA,52,52,17,30,12,7,1.2,0.5
2026-09-18T1300,1235A,121.5595,29.8208,宁波市,万里学院,,43,29,39,7,20,136,NA,77,77,6,26,6,7,0.6,0.6
2026-09-18T1300,1236A,121.713,29.9564,宁波市,龙赛医院,,30,25,41,6,15,96,NA,56,56,2,27,7,8,0.5,0.6
2026-09-18T1300,1240A,121.5855,29.8635,宁波市,太古小学,,38,21,43,7,18,119,NA,68,68,2,26,5,6,0.5,0.6
2026-09-18T1300,1241A,121.5239,29.8673,宁波市,市环境监测中心,,42,37,40,10,19,132,NA,78,78,3,22,8,8,0.7,0.8
2026-09-18T1300,1242A,120.6342,28.0088,温州市,瓯海,,41,24,38,8,24,129,NA,77,77,7,26,6,7,0.4,0.5
2026-09-18T1300,1243A,120.6747,27.9881,温州市,南浦,,44,24,40,12,24,138,NA,81,81,5,17,6,6,0.5,0.5
2026-09-18T1300,1244A,120.76,27.9745,温州市,龙湾,,43,31,39,11,20,136,NA,83,83,6,16,6,6,0.3,0.4
2026-09-18T1300,1247A,120.6053,29.9927,绍兴市,城东开发委,臭氧1小时(O3_1h),60,35,40,24,22,168,NA,92,92,16,15,10,7,0.6,0.6
2026-09-18T1300,1250A,120.075,30.867,湖州市,城西水厂,,35,25,30,12,14,109,NA,86,86,11,19,8,7,0.4,0.4
2026-09-18T1300,1252A,120.7439,30.778,嘉兴市,清河小学,,37,29,28,12,10,117,NA,74,74,9,13,6,6,0.2,0.2
2026-09-18T1300,1253A,120.7261,30.7477,嘉兴市,嘉兴学院,,38,23,21,15,12,121,NA,80,80,9,16,6,6,0,0
2026-09-18T1300,1255A,121.2727,28.6461,台州市,黄岩环保大楼,,44,35,33,12,16,139,NA,88,88,6,8,/,/,/,/
2026-09-18T1300,1256A,121.4188,28.6545,台州市,台州环保大楼,,39,23,39,8,16,122,NA,82,82,4,11,/,/,0.6,0.8
2026-09-18T1300,1257A,121.3768,28.5772,台州市,路桥田洋王,,45,25,36,11,16,142,NA,87,87,6,11,7,6,0.4,0.5
2026-09-18T1300,1258A,122.1223,30.0203,舟山市,定海檀枫,,37,37,27,16,12,93,NA,71,71,4,8,7,7,0.6,0.7
2026-09-18T1300,1260A,122.1898,29.9945,舟山市,临城新区,,30,24,18,15,8,96,NA,76,76,4,7,6,6,0.5,0.5
2026-09-18T1300,1262A,119.6478,29.0773,金华市,十五中,臭氧1小时(O3_1h),63,37,51,20,25,170,NA,110,110,11,23,5,5,0.6,0.5
2026-09-18T1300,1263A,119.6859,29.1032,金华市,监测站,臭氧1小时(O3_1h),67,38,53,19,27,173,NA,104,104,12,30,3,3,0.6,0.6
2026-09-18T1300,1264A,118.8694,28.94,衢州市,环保大楼,臭氧1小时(O3_1h),75,43,49,25,29,180,NA,104,104,13,23,/,/,/,/
2026-09-18T1300,1266A,118.8622,28.9809,衢州市,衢州学院,臭氧1小时(O3_1h),57,32,38,22,23,165,NA,94,94,13,26,8,8,0.8,0.8
2026-09-18T1300,1267A,119.9141,28.4513,丽水市,监测站大楼,,42,31,30,13,18,134,NA,79,79,11,18,7,7,0.5,0.5
2026-09-18T1300,1268A,119.93,28.4589,丽水市,莲都小学,,46,31,33,14,17,146,NA,85,85,9,17,/,/,/,/
2026-09-18T1300,1269A,119.8794,28.4232,丽水市,余庄前,臭氧1小时(O3_1h),55,17,28,7,12,164,NA,85,85,10,14,6,5,0.5,0.5
2026-09-18T1300,1270A,117.1957,31.7845,合肥市,明珠广场,,42,31,27,29,18,52,NA,63,58,32,23,10,10,0.6,0.5
2026-09-18T1300,1271A,117.307,31.8765,合肥市,三里街,,35,NA,24,24,15,54,NA,65,54,21,18,4,4,0.7,0.7
2026-09-18T1300,1272A,117.2587,31.8703,合肥市,琥珀山庄,,29,27,25,20,14,68,NA,70,65,20,18,6,6,0.4,0.2
2026-09-18T1300,1275A,117.2593,31.9376,合肥市,庐阳区,,29,22,24,20,15,70,NA,69,67,21,22,7,7,0.7,0.6
2026-09-18T1300,1276A,117.345251,31.861615,合肥市,瑶海区,,29,NA,20,20,14,69,NA,71,62,16,13,3,3,0.6,0.5
2026-09-18T1300,1277A,117.3033,31.7967,合肥市,包河区,,30,27,26,21,16,44,NA,44,36,41,55,6,7,0.5,0.5
2026-09-18T1300,1278A,117.278,31.7392,合肥市,滨湖新区,,33,27,25,23,18,42,NA,68,57,37,21,6,7,0.8,0.8
2026-09-18T1300,1279A,117.1324,31.8395,合肥市,高新区,,30,24,29,21,16,71,NA,66,62,23,25,6,7,0.6,0.6
2026-09-18T1300,1282A,119.2681,26.0506,福州市,师大,,49,38,35,18,17,154,NA,103,103,7,9,6,6,0.5,0.5
2026-09-18T1300,1283A,119.2983,26.1028,福州市,五四北路,,44,28,27,24,24,138,NA,NA,NA,8,13,6,6,0.4,0.4
2026-09-18T1300,1284A,119.2648,26.0769,福州市,杨桥西路,,46,36,31,25,22,147,NA,100,100,8,9,4,4,/,/
2026-09-18T1300,1287A,118.1519,24.4768,厦门市,洪文,臭氧1小时(O3_1h),53,45,37,24,19,162,NA,110,110,10,12,4,3,0.4,0.4
2026-09-18T1300,1288A,118.0671,24.4447,厦门市,鼓浪屿,颗粒物(PM10),61,65,37,24,18,166,NA,113,113,8,10,3,3,/,/
2026-09-18T1300,1291A,115.8887,28.7006,南昌市,省林业公司,,49,29,40,19,34,155,NA,119,119,5,6,7,7,0.4,0.5
2026-09-18T1300,1292A,115.813,28.7443,南昌市,林科所,,46,27,36,20,32,147,NA,115,115,7,9,8,9,0.8,0.9
2026-09-18T1300,1294A,115.8518,28.687,南昌市,建工学校,,47,33,50,21,32,148,NA,110,110,12,14,10,10,0.7,0.8
2026-09-18T1300,1295A,115.8926,28.6425,南昌市,象湖,,42,30,40,21,34,133,NA,98,98,10,13,9,10,0.6,0.7
2026-09-18T1300,1299A,116.9866,36.6118,济南市,科干所,臭氧1小时(O3_1h),107,73,64,42,40,214,NA,119,119,20,29,9,8,0.7,0.6
2026-09-18T1300,1300A,116.9379,36.6652,济南市,农科所,臭氧1小时(O3_1h),105,90,75,48,44,210,NA,113,113,25,50,8,6,0.6,0.5
2026-09-18T1300,1301A,117.1265,36.6736,济南市,开发区,细颗粒物(PM2.5),92,107,89,56,47,192,NA,112,112,41,34,9,10,0.9,0.9
2026-09-18T1300,1303A,117.0616,36.6865,济南市,省种子仓库,臭氧1小时(O3_1h),101,110,98,54,47,202,NA,91,91,36,49,8,7,0.8,0.8
2026-09-18T1300,1304A,116.9495185,36.644937,济南市,机床二厂,臭氧1小时(O3_1h),104,95,88,51,46,208,NA,122,122,22,42,12,10,0.6,0.6
2026-09-18T1300,1305A,117.0496,36.6629,济南市,市监测站,臭氧1小时(O3_1h),103,107,86,45,44,205,NA,118,118,29,31,8,7,1.0,0.9
2026-09-18T1300,1306A,116.7674,36.5458,济南市,长清党校,臭氧1小时(O3_1h),100,105,75,47,38,200,NA,102,102,17,28,8,6,0.5,0.4
2026-09-18T1300,1310A,120.404,36.0625,青岛市,市南区东部子站,,39,12,15,9,6,124,NA,123,123,6,9,7,7,0.1,0.1
2026-09-18T1300,1311A,120.362344,36.10282,青岛市,四方区子站,,41,24,19,8,8,130,NA,112,112,3,8,4,4,0.4,0.4
2026-09-18T1300,1312A,120.294373,36.054183,青岛市,市南区西部子站,,42,14,14,10,5,134,NA,122,122,9,12,5,6,0.5,0.5
2026-09-18T1300,1313A,120.4581,36.0858,青岛市,崂山区子站,,37,17,16,8,6,118,NA,118,116,4,7,8,9,0.4,0.4
2026-09-18T1300,1315A,120.3945,36.3083,青岛市,城阳区子站,,48,29,28,11,12,152,NA,96,96,7,18,4,4,0.3,0.3
2026-09-18T1300,1316A,113.6843,34.7622,郑州市,烟厂,颗粒物(PM10),68,74,48,26,30,169,NA,101,101,10,12,6,8,0.4,0.4
2026-09-18T1300,1318A,113.669,34.8034,郑州市,银行学校,臭氧1小时(O3_1h),57,56,39,32,33,165,NA,75,75,11,14,5,5,0.7,0.4
2026-09-18T1300,1319A,113.5612,34.8143,郑州市,供水公司,臭氧1小时(O3_1h),59,57,52,35,31,167,NA,95,95,12,20,6,5,0.5,0.5
2026-09-18T1300,1320A,113.7269,34.7187,郑州市,经开区管委,臭氧1小时(O3_1h),65,53,43,27,28,172,NA,106,106,13,17,3,3,0.5,0.5
2026-09-18T1300,1321A,113.7332,34.7727,郑州市,四十七中,NA,NA,NA,NA,NA,NA,NA,NA,NA,NA,NA,NA,NA,NA,NA,NA
2026-09-18T1300,1323A,113.6361,34.7537,郑州市,河医大,颗粒物(PM10),64,69,50,37,31,165,NA,101,101,13,15,8,7,0.6,0.6
2026-09-18T1300,1325A,114.3676,30.5584,武汉市,东湖梨园,细颗粒物(PM2.5),84,62,34,52,26,83,NA,68,68,22,15,14,8,2.1,0.8
2026-09-18T1300,1326A,114.2527,30.5578,武汉市,汉阳月湖,细颗粒物(PM2.5),70,56,31,45,28,78,NA,75,75,16,12,4,4,0.9,0.6
2026-09-18T1300,1327A,114.2819,30.6189,武汉市,汉口花桥,细颗粒物(PM2.5),60,45,32,40,29,83,NA,80,80,19,16,7,7,0.6,0.5
2026-09-18T1300,1328A,114.3024,30.5332,武汉市,武昌紫阳,细颗粒物(PM2.5),74,67,41,47,31,89,NA,78,78,20,16,8,8,1.1,0.7
2026-09-18T1300,1329A,114.3646,30.6217,武汉市,青山钢花,,46,38,30,32,30,92,NA,79,75,10,16,12,11,0.7,0.8
2026-09-18T1300,1330A,114.156697,30.482592,武汉市,沌口新区,,49,49,30,34,26,96,NA,94,93,22,16,10,10,0.6,0.4
2026-09-18T1300,1331A,114.3013,30.5944,武汉市,汉口江滩,,47,47,35,32,26,89,NA,78,78,16,16,4,4,0.5,0.6
2026-09-18T1300,1333A,114.1285,30.6339,武汉市,吴家山,,40,35,29,28,27,99,NA,89,87,14,17,7,7,0.6,0.6
2026-09-18T1300,1335A,113.082,28.2421,长沙市,经开区环保局,,50,50,35,34,25,54,NA,61,54,12,10,5,5,0.6,0.5
2026-09-18T1300,1336A,112.8873,28.2202,长沙市,高开区环保局,细颗粒物(PM2.5),56,54,38,38,26,52,NA,68,56,9,7,4,4,1.0,0.9
2026-09-18T1300,1337A,113.0785,28.2012,长沙市,马坡岭,,50,50,40,35,25,62,NA,63,57,14,13,7,7,0.6,0.7
2026-09-18T1300,1338A,112.9448,28.1894,长沙市,湖南师范大学,,49,48,41,34,25,59,NA,67,59,11,10,8,8,0.5,0.5
2026-09-18T1300,1339A,113.0177,28.1322,长沙市,雨花区环保局,,48,43,36,33,25,57,NA,62,57,11,10,7,7,1.0,0.9
2026-09-18T1300,1340A,112.9795,28.2593,长沙市,伍家岭,颗粒物(PM10),53,54,37,36,23,54,NA,64,54,9,8,4,4,0.6,0.5
2026-09-18T1300,1341A,113.002,28.1944,长沙市,火车新站,NA,NA,51,38,39,26,56,NA,61,54,9,8,NA,6,0.7,0.6
2026-09-18T1300,1342A,112.9846,28.1177,长沙市,天心区环保局,,50,48,39,35,28,62,NA,68,64,12,12,3,4,0.5,0.5
2026-09-18T1300,1343A,112.8906,28.1307,长沙市,湖南中医药大学,细颗粒物(PM2.5),64,46,38,42,30,52,NA,68,58,8,6,7,7,0.6,0.6
2026-09-18T1300,1345A,113.2346,23.1423,广州市,广雅中学,臭氧1小时(O3_1h),65,56,51,38,29,172,NA,95,95,14,18,6,6,0.7,0.7
2026-09-18T1300,1346A,113.2611,23.105,广州市,市五中,臭氧1小时(O3_1h),103,53,48,38,31,206,NA,113,113,13,18,5,6,/,/
2026-09-18T1300,1348A,113.3477,23.0916,广州市,广东商学院,臭氧1小时(O3_1h),97,69,49,42,27,197,NA,101,101,20,26,6,6,0.6,0.6
2026-09-18T1300,1349A,113.4332,23.105,广州市,市八十六中,臭氧1小时(O3_1h),109,49,38,39,28,217,NA,109,109,26,35,10,8,/,/
2026-09-18T1300,1350A,113.3506,22.9488,广州市,番禺中学,臭氧1小时(O3_1h),73,68,46,32,26,178,NA,110,110,12,17,5,5,0.4,0.3
2026-09-18T1300,1351A,113.2147,23.3918,广州市,花都师范,细颗粒物(PM2.5),105,84,61,65,37,183,NA,91,91,18,26,4,3,0.5,0.6
2026-09-18T1300,1352A,113.2599,23.1329,广州市,市监测站,臭氧1小时(O3_1h),65,56,50,35,28,172,NA,97,97,14,19,2,2,/,/
2026-09-18T1300,1353A,113.5618,23.3119,广州市,九龙镇镇龙,颗粒物(PM10),53,53,54,34,34,128,NA,78,78,8,23,8,8,0.6,0.7
2026-09-18T1300,1354A,113.2764,23.1544,广州市,麓湖,臭氧1小时(O3_1h),60,49,45,30,28,168,NA,90,90,19,30,7,7,0.6,0.6
2026-09-18T1300,1356A,114.0948,22.5506,深圳市,通心岭子站,,49,33,35,20,18,156,NA,124,124,6,6,3,3,0.6,0.6
2026-09-18T1300,1357A,114.1153,22.5713,深圳市,洪湖,,49,35,40,24,20,156,NA,113,113,8,13,2,2,0.7,0.6
2026-09-18T1300,1358A,113.9823,22.5398,深圳市,华侨城,臭氧1小时(O3_1h),59,50,41,29,22,167,NA,125,125,10,14,/,/,/,/
2026-09-18T1300,1359A,113.9181,22.517,深圳市,南海子站,臭氧1小时(O3_1h),55,28,44,22,27,164,NA,138,138,3,11,1,1,0.8,0.8
2026-09-18T1300,1360A,114.2345,22.565,深圳市,盐田,,48,34,38,23,20,152,NA,110,110,13,19,8,9,0.8,0.7
2026-09-18T1300,1363A,114.4911,22.5381,深圳市,南澳,,47,38,34,15,17,150,NA,131,131,6,11,/,/,/,/
2026-09-18T1300,1364A,114.41,22.6346,深圳市,葵涌,,46,46,36,30,20,144,NA,131,131,8,9,8,8,0.8,0.8
2026-09-18T1300,1365A,114.2967,22.5978,深圳市,梅沙,,50,36,36,21,17,158,NA,128,128,9,10,/,/,/,/
2026-09-18T1300,1366A,114.0563,22.7353,深圳市,观澜,臭氧1小时(O3_1h),83,45,55,28,25,186,NA,134,134,13,24,3,4,0.7,0.6
2026-09-18T1300,1367A,113.5811,22.2618,珠海市,吉大,,49,41,32,26,21,156,NA,116,116,11,11,8,8,0.8,0.8
2026-09-18T1300,1368A,113.4893,22.2323,珠海市,前山,,49,49,40,25,21,155,NA,120,120,20,17,/,/,/,/
2026-09-18T1300,1369A,113.6284,22.4252,珠海市,唐家,颗粒物(PM10),87,101,82,29,21,176,NA,121,121,6,8,/,/,/,/
2026-09-18T1300,1370A,113.2986,22.2284,珠海市,斗门,臭氧1小时(O3_1h),55,39,39,22,20,164,NA,114,114,8,9,10,9,0.5,0.6
2026-09-18T1300,1371A,113.1293,23.0065,佛山市,湾梁,臭氧1小时(O3_1h),73,53,47,29,32,178,NA,106,106,16,18,/,/,/,/
2026-09-18T1300,1372A,113.1082,23.0477,佛山市,华材职中,臭氧1小时(O3_1h),75,46,49,34,35,180,NA,106,106,9,15,2,2,0.6,0.6
2026-09-18T1300,1373A,113.1439,23.045,佛山市,南海气象局,臭氧1小时(O3_1h),60,36,44,29,32,168,NA,100,100,14,20,/,/,/,/
2026-09-18T1300,1374A,113.2879,22.8094,佛山市,顺德苏岗,臭氧1小时(O3_1h),99,51,42,32,27,199,NA,114,114,13,16,/,/,0.4,0.4
2026-09-18T1300,1376A,112.8384,22.8678,佛山市,高明孔堂,臭氧1小时(O3_1h),78,58,46,40,27,182,NA,103,103,15,12,/,/,/,/
2026-09-18T1300,1377A,112.8835,23.1584,佛山市,三水监测站,臭氧1小时(O3_1h),73,58,60,39,39,178,NA,93,93,13,25,4,5,0.4,0.5
2026-09-18T1300,1378A,112.8668,23.185,佛山市,三水云东海,臭氧1小时(O3_1h),69,66,56,43,37,175,NA,94,94,10,20,/,/,/,/
2026-09-18T1300,1379A,113.377,22.5211,中山市,华柏园,臭氧1小时(O3_1h),53,43,47,34,23,162,NA,112,112,8,10,/,/,/,/
2026-09-18T1300,1380A,113.3879,22.5499,中山市,张溪,臭氧1小时(O3_1h),68,51,41,36,21,174,NA,122,122,11,13,/,/,/,/
2026-09-18T1300,1381A,113.4071,22.5111,中山市,紫马岭,臭氧1小时(O3_1h),73,54,36,31,21,178,NA,110,110,10,12,10,9,0.6,0.6
2026-09-18T1300,1383A,113.1063,22.6058,江门市,北街,臭氧1小时(O3_1h),68,56,41,22,24,174,NA,127,127,6,7,/,/,/,/
2026-09-18T1300,1384A,113.073,22.5835,江门市,西区,臭氧1小时(O3_1h),74,58,45,29,25,179,NA,122,122,14,16,/,/,/,/
2026-09-18T1300,1385A,113.0218,22.531,江门市,圭峰西,臭氧1小时(O3_1h),74,54,42,28,26,179,NA,116,116,14,14,/,/,/,/
2026-09-18T1300,1390A,113.7943,23.0132,东莞市,东城石井,颗粒物(PM10),53,53,50,31,32,144,NA,88,88,13,16,7,7,0.9,0.9
2026-09-18T1300,1391A,113.7384,22.9659,东莞市,南城西平,臭氧1小时(O3_1h),68,55,47,36,28,174,NA,114,114,13,18,9,9,0.8,0.8
2026-09-18T1300,1392A,114.4181,23.0528,惠州市,河南岸金山湖子站,细颗粒物(PM2.5),64,63,43,42,26,153,NA,123,123,10,12,8,7,0.6,0.6
2026-09-18T1300,1393A,114.4055,23.0824,惠州市,下埔横江三路子站,颗粒物(PM10),55,56,48,32,26,138,NA,119,119,7,12,6,7,0.6,0.6
2026-09-18T1300,1395A,114.4645,22.7832,惠州市,惠阳区承修路船湖子站,臭氧1小时(O3_1h),62,47,43,35,25,169,NA,133,133,7,9,4,4,0.7,0.8
2026-09-18T1300,1396A,114.5316,22.7423,惠州市,大亚湾管委会子站,,45,45,40,28,23,140,NA,114,114,9,12,10,10,0.6,0.6
2026-09-18T1300,1397A,112.426,23.062,肇庆市,睦岗子站,NA,NA,NA,46,32,27,174,NA,76,76,9,26,8,9,/,/
2026-09-18T1300,1398A,112.4645,23.0476,肇庆市,城中子站,臭氧1小时(O3_1h),54,50,46,36,29,163,NA,93,93,8,19,11,14,0.8,0.8
2026-09-18T1300,1399A,112.5545,23.1525,肇庆市,坑口子站,臭氧1小时(O3_1h),73,57,42,34,27,178,NA,98,98,8,9,7,8,0.6,0.6
2026-09-18T1300,1401A,108.3098,22.788,南宁市,二十一中,,42,42,29,15,17,98,NA,76,76,6,11,4,5,0.6,0.6
2026-09-18T1300,1402A,108.3135,22.8529,南宁市,北湖,,32,16,30,16,11,102,NA,81,81,5,7,4,5,0.5,0.5
2026-09-18T1300,1403A,108.3205,22.8222,南宁市,市监测站,,39,39,30,16,15,102,NA,83,83,5,8,5,6,0.7,0.7
2026-09-18T1300,1404A,108.3828,22.8038,南宁市,大自然花园,,34,34,27,17,16,100,NA,73,73,7,10,5,5,0.7,0.7
2026-09-18T1300,1406A,108.2397,22.8462,南宁市,区农职院,,46,46,41,18,22,109,NA,75,75,9,12,6,8,0.6,0.7
2026-09-18T1300,1407A,108.3285,22.7356,南宁市,英华嘉园,,38,38,35,18,20,102,NA,71,71,8,15,4,5,0.7,0.6
2026-09-18T1300,1410A,110.3189,20.0596,海口市,海南大学,,31,25,34,11,15,98,NA,99,99,2,3,6,6,0.4,0.4
2026-09-18T1300,1411A,110.2827,20.0051,海口市,秀英海南医院,,30,25,24,13,14,96,NA,93,93,2,3,6,6,0.3,0.3
2026-09-18T1300,1412A,110.3391,19.9979,海口市,海南师范大学,,32,32,32,13,16,99,NA,94,94,2,4,4,4,0.4,0.4
2026-09-18T1300,1413A,110.3303,20.0359,海口市,龙华路环保局宿舍,,32,30,31,14,15,101,NA,99,99,3,4,/,/,0.3,0.4
2026-09-18T1300,1416A,106.4216,29.8256,重庆市,天生,,24,24,22,10,9,20,NA,20,20,24,21,9,8,0.8,0.7
2026-09-18T1300,1417A,106.6264,29.7226,重庆市,两路,,30,30,26,7,9,31,NA,24,23,13,21,4,4,0.8,0.8
2026-09-18T1300,1419A,106.5778,29.5103,重庆市,南坪,,27,27,36,11,12,31,NA,28,28,29,24,3,4,0.7,0.7
2026-09-18T1300,1420A,106.6556,29.6277,重庆市,唐家沱,,19,19,19,6,9,25,NA,13,13,14,26,12,12,0.7,0.7
2026-09-18T1300,1431A,103.9727,30.7242,成都市,金泉两河,,26,20,26,18,17,43,NA,23,23,16,19,1,1,0.7,0.7
2026-09-18T1300,1432A,104.1423,30.6765,成都市,十里店,,33,NA,20,23,16,73,NA,36,36,6,14,5,5,0.9,1
2026-09-18T1300,1433A,104.0594,30.5765,成都市,三瓦窑,,29,NA,17,20,16,75,NA,40,40,13,21,6,5,0.9,0.8
2026-09-18T1300,1434A,104.1122,30.6306,成都市,沙河铺,,26,26,27,18,15,47,NA,22,22,15,16,7,8,1.0,0.9
2026-09-18T1300,1439A,106.6863,26.6035,贵阳市,马鞍山,,24,14,15,7,11,74,NA,64,64,6,6,4,5,/,/
2026-09-18T1300,1441A,106.6241,26.6266,贵阳市,鉴湖路,NA,NA,NA,30,10,11,58,NA,58,58,7,6,8,9,0.6,0.5
2026-09-18T1300,1442A,106.7468,26.6344,贵阳市,燕子冲,,23,19,26,6,10,71,NA,63,63,6,10,6,7,0.4,0.4
2026-09-18T1300,1443A,106.6556,26.4362,贵阳市,碧云窝,,31,31,29,17,11,62,NA,52,52,7,6,9,10,/,/
2026-09-18T1300,1445A,106.6963,26.6063,贵阳市,红边门,,21,17,22,8,11,67,NA,56,56,7,9,2,4,/,/
2026-09-18T1300,1446A,106.7162383,26.56964667,贵阳市,新华路,,31,31,30,7,10,60,NA,50,50,9,11,6,7,0.4,0.5
2026-09-18T1300,1447A,106.6742,26.542,贵阳市,太慈桥,,23,22,22,13,11,72,NA,58,58,6,8,3,5,/,/
2026-09-18T1300,1450A,102.8203,24.889,昆明市,呈贡新区,,29,8,19,4,12,90,NA,66,66,6,15,3,4,0.5,0.6
2026-09-18T1300,1452A,102.7253,25.0904,昆明市,龙泉镇,NA,NA,NA,17,4,8,95,NA,64,64,11,13,3,3,0.3,0.4
2026-09-18T1300,1453A,102.7267,25.0378,昆明市,东风东路,,28,17,13,3,8,87,NA,61,61,9,11,5,5,0.5,0.5
2026-09-18T1300,1454A,102.6744,25.0671,昆明市,金鼎山,,29,13,18,2,9,90,NA,69,69,5,9,4,4,0.5,0.5
2026-09-18T1300,1455A,102.6643,25.0401,昆明市,碧鸡广场,,25,11,14,7,9,78,NA,63,63,4,9,6,6,0.6,0.6
2026-09-18T1300,1456A,91.132,29.6515,拉萨市,八廓街,,42,9,13,5,6,133,NA,122,116,8,8,13,10,0.8,0.3
2026-09-18T1300,1457A,91.1221,29.6748,拉萨市,市环保局,,42,8,10,7,6,133,NA,114,106,9,11,12,10,0.2,0.2
2026-09-18T1300,1458A,91.0874,29.6476,拉萨市,区监测站,,41,8,8,5,6,129,NA,119,112,7,11,9,9,0.1,0.1
2026-09-18T1300,1459A,91.1774,29.6541,拉萨市,西藏大学,,43,7,8,6,5,135,NA,123,120,9,9,12,9,0.2,0.2
2026-09-18T1300,1460A,90.9798,29.6586,拉萨市,区辐射站,,38,18,11,6,6,119,NA,107,98,14,14,10,8,0.2,0.2
2026-09-18T1300,1461A,91.0831,29.6292,拉萨市,拉萨火车站,,39,14,7,5,5,122,NA,118,105,12,9,9,7,0.2,0.2
2026-09-18T1300,1463A,108.9931,34.2629,西安市,兴庆小区,细颗粒物(PM2.5),68,52,37,44,23,73,NA,69,66,16,13,6,6,0.5,0.4
2026-09-18T1300,1464A,109.0595,34.2569,西安市,纺织城,细颗粒物(PM2.5),74,64,36,47,26,62,NA,56,53,16,18,3,3,0.7,0.6
2026-09-18T1300,1465A,108.9377,34.2178,西安市,小寨,细颗粒物(PM2.5),70,54,39,45,24,64,NA,64,60,21,16,2,3,0.8,0.7
2026-09-18T1300,1466A,108.9522,34.2739,西安市,市人民体育场,细颗粒物(PM2.5),58,57,37,39,23,90,NA,80,78,19,16,6,5,0.8,0.7
2026-09-18T1300,1467A,108.8923,34.2322,西安市,高新西区,颗粒物(PM10),63,68,42,40,24,70,NA,75,70,20,14,6,6,0.6,0.4
2026-09-18T1300,1468A,108.9386,34.3446,西安市,经开区,,49,49,37,31,22,90,NA,76,74,8,8,3,3,0.6,0.6
2026-09-18T1300,1469A,108.894,34.1557,西安市,长安区,细颗粒物(PM2.5),54,52,42,37,24,54,NA,60,56,23,18,3,4,0.5,0.4
2026-09-18T1300,1471A,109.213,34.3748,西安市,临潼区,细颗粒物(PM2.5),66,57,38,43,27,78,NA,73,71,14,12,4,4,0.7,0.6
2026-09-18T1300,1474A,109.0508,34.321,西安市,广运潭,细颗粒物(PM2.5),72,47,39,46,26,78,NA,68,68,14,13,8,6,0.7,0.6
2026-09-18T1300,1479A,103.8309,36.0467,兰州市,铁路设计院,,38,38,46,24,20,104,NA,46,46,32,38,18,6,0.4,0.1
2026-09-18T1300,1489A,106.1361,38.5039,银川市,学院路,,35,33,50,15,21,112,NA,52,52,7,28,4,5,0.3,0.4
2026-09-18T1300,1490A,87.5796,43.8299,乌鲁木齐市,监测站,,35,33,40,24,14,79,NA,44,44,22,24,4,3,0.4,0.5
2026-09-18T1300,1491A,87.6044,43.7679,乌鲁木齐市,收费所,NA,NA,23,41,4,14,80,NA,38,38,21,29,NA,2,0.3,0.3
2026-09-18T1300,1493A,87.5529,43.8704,乌鲁木齐市,铁路局,,35,35,40,6,14,83,NA,39,39,18,29,9,8,0.6,0.6
2026-09-18T1300,1494A,87.6408,43.8258,乌鲁木齐市,三十一中学,,36,36,42,14,14,74,NA,41,41,24,22,7,7,0.5,0.5
2026-09-18T1300,1496A,87.7218,44.1747,乌鲁木齐市,米东区环保局,颗粒物(PM10),55,57,49,1,14,80,NA,36,36,11,13,10,11,0.2,0.4
2026-09-18T1300,1508A,112.9508,27.8626,湘潭市,板塘,,48,47,40,33,28,64,NA,69,64,8,8,10,10,0.3,0.3
2026-09-18T1300,1511A,112.9114,27.8404,湘潭市,市监测站,,45,NA,26,31,26,55,NA,58,56,8,10,3,3,0.3,0.3
2026-09-18T1300,1512A,112.8935,27.8729,湘潭市,江麓,,48,43,40,33,30,53,NA,62,54,9,8,7,7,0.4,0.4
2026-09-18T1300,1513A,112.9227,27.8159,湘潭市,岳塘,,45,44,40,31,28,58,NA,70,64,10,8,7,8,0.1,0.1
2026-09-18T1300,1514A,112.9073,27.9118,湘潭市,科大,,49,44,42,34,28,54,NA,62,57,5,6,7,7,0.5,0.4
2026-09-18T1300,1515A,113.1265,27.8306,株洲市,天台山庄,,46,46,44,31,32,59,NA,54,54,20,19,2,2,0.6,0.6
2026-09-18T1300,1518A,113.0937,27.8919,株洲市,株冶医院,细颗粒物(PM2.5),52,46,41,36,31,58,NA,54,54,14,14,4,4,0.8,0.8
2026-09-18T1300,1519A,113.1709,27.8661,株洲市,市四中,,42,38,44,29,32,66,NA,55,55,16,15,6,6,0.6,0.5
2026-09-18T1300,1520A,113.1515,27.8265,株洲市,火车站,,42,41,45,29,33,63,NA,56,56,17,15,10,11,0.6,0.5
2026-09-18T1300,1524A,113.1329,27.8491,株洲市,市监测站,,43,43,43,30,30,62,NA,55,55,19,18,8,8,0.4,0.4
2026-09-18T1300,1562A,113.0048,27.9153,湘潭市,昭山,细颗粒物(PM2.5),56,53,49,38,29,51,NA,58,56,6,5,7,7,0.6,0.6
2026-09-18T1300,1585A,109.8761,40.6533,包头市,市环境监测站,,39,24,33,24,21,124,NA,76,76,11,25,6,8,0.5,0.5
2026-09-18T1300,1587A,109.9992,40.5843,包头市,包头八中,,37,30,37,21,22,118,NA,76,76,12,21,7,10,0.4,0.4
2026-09-18T1300,1589A,109.8641,40.6288,包头市,惠龙物流,,37,27,29,17,19,117,NA,74,74,12,22,8,9,0.6,0.6
2026-09-18T1300,1590A,110.0376,40.5546,包头市,东河鸿龙湾,,38,31,37,12,21,120,NA,73,73,11,21,7,8,0.6,0.6
2026-09-18T1300,1591A,110.0024,39.8127,鄂尔多斯市,综合楼,,39,22,40,13,19,122,NA,88,88,10,17,6,6,0.4,0.4
2026-09-18T1300,1592A,109.9485,39.8259,鄂尔多斯市,巴音孟克林场办事处,,40,22,39,14,19,127,NA,89,89,9,16,4,7,0.4,0.4
2026-09-18T1300,1593A,109.7734,39.5987,鄂尔多斯市,康泽苑,,44,44,34,16,17,120,NA,83,83,9,14,5,10,0.5,0.4
2026-09-18T1300,1594A,109.8121,39.5987,鄂尔多斯市,华泰汽车城,,36,27,38,18,18,113,NA,67,67,9,15,2,4,0.5,0.4
2026-09-18T1300,1595A,109.9734,39.7884,鄂尔多斯市,奥林花园,,38,29,45,16,21,120,NA,75,75,7,19,5,6,0.5,0.6
2026-09-18T1300,1597A,122.2704,40.7093,营口市,大庆路,,29,25,52,6,26,92,NA,78,78,8,22,10,8,0.6,1
2026-09-18T1300,1598A,122.215,40.6511,营口市,镜湖西路,,31,23,37,8,20,97,NA,83,83,10,22,5,6,0.4,0.4
2026-09-18T1300,1599A,122.1667,40.665,营口市,西炮台,,36,28,42,12,16,115,NA,80,80,10,21,7,6,0.3,0.3
2026-09-18T1300,1600A,124.33,40.0625,丹东市,江湾东路,,29,27,52,6,23,91,NA,61,61,3,23,6,7,0.5,0.8
2026-09-18T1300,1601A,124.4242,40.1513,丹东市,临江后街,,28,20,50,4,22,88,NA,49,49,4,19,4,7,0.7,0.9
2026-09-18T1300,1602A,124.3935,40.1461,丹东市,元宝山,,27,27,44,5,21,86,NA,44,44,3,16,7,8,0.5,0.7
2026-09-18T1300,1603A,124.3634,40.1093,丹东市,民主桥,,36,36,53,5,23,80,NA,51,51,2,24,9,10,0.3,0.6
2026-09-18T1300,1604A,122.0303,41.1489,盘锦市,开发区,NA,NA,NA,39,NA,30,114,NA,91,91,NA,16,6,7,0.3,0.6
2026-09-18T1300,1605A,122.0486,41.0883,盘锦市,兴隆台,,38,29,46,0,28,120,NA,86,86,8,26,7,8,0.4,0.9
2026-09-18T1300,1606A,121.8297,41.1026,盘锦市,新生街道,,39,22,26,11,25,124,NA,83,83,8,16,7,7,0.5,0.6
2026-09-18T1300,1607A,120.904878,40.721091,葫芦岛市,龙港区,NA,NA,71,29,NA,14,NA,NA,89,89,NA,13,5,6,0,0.3
2026-09-18T1300,1608A,120.8382,40.7521,葫芦岛市,化工街,,37,17,35,5,18,116,NA,71,71,5,31,1,4,0.2,0.3
2026-09-18T1300,1609A,120.8339,40.7078,葫芦岛市,新区,,40,38,27,6,14,125,NA,82,82,5,15,5,5,0.3,0.4
2026-09-18T1300,1610A,120.8697,40.7679,葫芦岛市,东城区,,38,NA,32,9,20,121,NA,74,74,5,36,4,6,0.4,0.5
2026-09-18T1300,1611A,118.5818,24.9116,泉州市,涂山街,,42,29,34,16,20,132,NA,105,105,7,10,4,4,0.4,0.5
2026-09-18T1300,1612A,118.597,24.8976,泉州市,津头埔,,42,29,35,19,19,133,NA,102,102,9,12,3,4,0.5,0.5
2026-09-18T1300,1613A,118.6669,24.9422,泉州市,万安,,45,32,35,20,17,141,NA,104,104,6,10,5,5,0.6,0.6
2026-09-18T1300,1618A,118.3429,35.0532,临沂市,沂河小区,,49,48,96,13,60,156,NA,93,93,7,25,8,12,0.5,0.8
2026-09-18T1300,1619A,118.2962,35.0568,临沂市,鲁南制药厂,臭氧1小时(O3_1h),54,39,96,13,57,163,NA,109,109,8,25,8,15,0.6,0.9
2026-09-18T1300,1620A,118.2793,34.9976,临沂市,新光毛纺厂,,50,41,88,12,60,158,NA,98,98,14,35,9,14,0.4,0.7
2026-09-18T1300,1621A,118.3955,35.0889,临沂市,河东保险公司,臭氧1小时(O3_1h),57,41,84,9,53,165,NA,88,88,10,33,5,9,0.4,0.7
2026-09-18T1300,1622A,116.3034,37.4675,德州市,儿童乐园,臭氧1小时(O3_1h),80,78,83,49,47,184,NA,92,92,14,41,10,9,0.7,0.6
2026-09-18T1300,1624A,116.2992,37.4449,德州市,监理站,臭氧1小时(O3_1h),87,78,75,48,40,189,NA,100,100,11,32,14,12,0.7,0.5
2026-09-18T1300,1625A,115.9789,36.4372,聊城市,区政府,臭氧1小时(O3_1h),105,95,60,48,24,210,NA,109,109,16,21,20,10,0.7,0.4
2026-09-18T1300,1629A,117.9961,37.3604,滨州市,第二水厂,颗粒物(PM10),51,51,59,18,35,148,NA,76,76,8,19,9,10,0.9,1
2026-09-18T1300,1630A,117.9789,37.3931,滨州市,北中新校,,49,48,58,16,36,154,NA,91,91,7,19,11,13,0.6,0.7
2026-09-18T1300,1631A,118.0413,36.8101,淄博市,人民公园,臭氧1小时(O3_1h),112,119,92,64,54,224,NA,117,117,19,25,11,10,0.8,0.7
2026-09-18T1300,1633A,117.8524,36.4848,淄博市,双山,臭氧1小时(O3_1h),79,73,75,35,50,183,NA,113,113,15,23,9,9,1.3,1.2
2026-09-18T1300,1634A,117.9595,36.6332,淄博市,气象站,臭氧1小时(O3_1h),83,68,81,27,49,186,NA,117,117,14,23,7,8,0.8,0.9
2026-09-18T1300,1637A,117.5628,34.8379,枣庄市,市中区政府,颗粒物(PM10),63,68,115,33,57,164,NA,94,94,12,32,9,11,0.5,0.6
2026-09-18T1300,1638A,117.2855,34.7838,枣庄市,薛城环保局,颗粒物(PM10),74,83,87,28,39,162,NA,98,98,10,53,5,7,0.5,0.5
2026-09-18T1300,1639A,117.5854,34.7744,枣庄市,峄城区政府,颗粒物(PM10),65,70,116,34,61,139,NA,89,89,12,28,9,10,0.5,0.4
2026-09-18T1300,1641A,117.4516,35.0992,枣庄市,山亭区环保局,臭氧1小时(O3_1h),70,70,75,34,40,176,NA,124,124,9,18,9,8,0.5,0.6
2026-09-18T1300,1642A,121.2517,37.564,烟台市,开发区,NA,NA,22,40,4,16,127,NA,76,76,9,22,6,6,NA,0.6
2026-09-18T1300,1644A,121.3181,37.5436,烟台市,西郊化工站,,40,22,28,6,20,125,NA,76,76,9,17,6,6,0.5,0.6
2026-09-18T1300,1645A,121.4419,37.4858,烟台市,莱山环保局,,41,14,17,5,13,130,NA,95,95,6,11,3,3,0.4,0.4
2026-09-18T1300,1646A,121.2619,37.4965,烟台市,福山环保局,,43,36,42,7,19,135,NA,78,78,6,25,3,2,0.3,0.3
2026-09-18T1300,1650A,119.1436,36.7022,潍坊市,环保局,臭氧1小时(O3_1h),60,58,43,20,15,168,NA,99,99,11,16,5,5,0.6,0.7
2026-09-18T1300,1653A,116.6229,35.4288,济宁市,火炬城,臭氧1小时(O3_1h),99,77,69,29,32,199,NA,101,101,9,24,5,4,0.5,0.4
2026-09-18T1300,1656A,117.1436,36.1938,泰安市,监测站,臭氧1小时(O3_1h),100,92,90,59,92,200,NA,134,134,13,17,10,10,0.8,1
2026-09-18T1300,1657A,117.0905,36.2002,泰安市,人口学校,臭氧1小时(O3_1h),83,90,84,35,49,186,NA,127,127,19,18,13,11,0.7,0.8
2026-09-18T1300,1658A,117.0992,36.1757,泰安市,电力学校,臭氧1小时(O3_1h),98,75,91,32,67,198,NA,128,128,10,16,9,8,0.4,0.7
2026-09-18T1300,1659A,119.4711,35.421,日照市,监测站,,37,9,27,3,14,116,NA,78,78,8,26,8,10,0.3,0.4
2026-09-18T1300,1660A,119.523,35.4216,日照市,市政府广场,,38,14,27,5,11,119,NA,102,102,4,11,6,8,0.4,0.5
2026-09-18T1300,1661A,119.5511,35.4113,日照市,港务局,,39,14,29,4,10,124,NA,113,113,3,8,7,9,0.5,0.6
2026-09-18T1300,1662A,122.121,37.4231,威海市,华夏技校,,35,19,12,8,7,112,NA,95,95,14,11,/,/,0.3,0.3
2026-09-18T1300,1663A,122.0508,37.5236,威海市,山大分校,,38,12,15,8,13,121,NA,96,96,3,9,/,/,/,/
2026-09-18T1300,1664A,122.1067,37.5067,威海市,市监测站,,38,27,18,7,8,120,NA,92,92,6,13,4,6,0.4,0.4
2026-09-18T1300,1666A,118.6612,37.4313,东营市,市环保局,,45,29,26,11,14,142,NA,102,102,4,8,7,9,0.7,0.7
2026-09-18T1300,1669A,113.5821,24.7733,韶关市,市八中,细颗粒物(PM2.5),94,74,54,57,46,135,NA,69,69,6,14,11,16,0.5,0.7
2026-09-18T1300,1671A,113.5916,24.7973,韶关市,园林处,细颗粒物(PM2.5),56,NA,40,38,36,141,NA,69,69,10,15,13,18,/,/
2026-09-18T1300,1673A,113.5971,24.6864,韶关市,曲江监测站,,50,41,46,35,30,153,NA,77,77,12,15,20,14,0.5,0.5
2026-09-18T1300,1674A,116.6795,23.3666,汕头市,金平子站,,34,24,30,12,16,106,NA,107,102,8,9,4,5,0.6,0.6
2026-09-18T1300,1675A,116.7248,23.3632,汕头市,龙湖子站,,37,37,39,12,16,100,NA,100,94,2,4,5,6,/,/
2026-09-18T1300,1676A,116.7257,23.2774,汕头市,濠江子站,,39,39,32,14,15,111,NA,105,101,6,7,7,6,/,/
2026-09-18T1300,1677A,116.7518,23.4712,汕头市,澄海子站,,34,28,35,13,17,106,NA,93,92,4,6,5,5,0.5,0.6
2026-09-18T1300,1678A,116.6088,23.2539,汕头市,潮阳子站,,30,20,27,10,16,95,NA,104,95,4,6,7,7,0.4,0.4
2026-09-18T1300,1680A,110.3648,21.2697,湛江市,湛江影剧院,,45,30,36,18,19,142,NA,122,122,6,7,6,6,0.4,0.4
2026-09-18T1300,1681A,110.3907,21.2279,湛江市,市环境监测站,,41,33,32,14,19,131,NA,122,122,5,6,6,5,0.5,0.5
2026-09-18T1300,1682A,110.3936,21.1943,湛江市,环保局宿舍,,45,34,33,17,18,141,NA,124,124,6,7,8,7,/,/
2026-09-18T1300,1683A,110.4138,21.2033,湛江市,霞山游泳场,,40,25,34,16,18,127,NA,113,113,6,9,8,7,/,/
2026-09-18T1300,1685A,110.4512,21.239,湛江市,坡头区环保局,,46,46,32,16,19,137,NA,123,123,5,5,6,6,0.5,0.5
2026-09-18T1300,1686A,111.0285,21.469,茂名市,电白南海,,46,46,46,14,21,136,NA,104,104,8,9,5,6,0.6,0.6
2026-09-18T1300,1687A,110.9294,21.6533,茂名市,茂石化七小,,36,36,49,16,30,112,NA,88,88,5,8,6,7,0.7,0.8
2026-09-18T1300,1688A,110.9108,21.6688,茂名市,健康路,,40,29,33,15,25,125,NA,94,94,5,8,7,11,0.8,0.7
2026-09-18T1300,1689A,110.8592,21.6826,茂名市,高岭,,39,39,50,18,27,121,NA,82,82,8,12,8,12,/,/
2026-09-18T1300,1690A,116.1248,24.3307,梅州市,梅江月梅,,45,45,44,31,31,119,NA,86,86,7,10,/,/,/,/
2026-09-18T1300,1691A,116.0798,24.2719,梅州市,梅县新城,,42,42,52,18,36,114,NA,75,75,6,16,10,10,0.3,0.5
2026-09-18T1300,1693A,115.3653,22.7751,汕尾市,市环保局,,35,31,34,15,21,110,NA,126,114,11,13,11,12,0.4,0.4
2026-09-18T1300,1695A,115.362,22.7926,汕尾市,新城中学,,40,40,37,17,22,126,NA,112,112,9,11,8,8,0.7,0.7
2026-09-18T1300,1697A,114.6962,23.7538,河源市,东埔,细颗粒物(PM2.5),52,NA,42,36,33,111,NA,98,98,7,13,6,8,0.8,0.8
2026-09-18T1300,1698A,114.6895,23.7232,河源市,老城,,46,46,51,31,32,109,NA,93,93,6,13,6,7,1.0,0.9
2026-09-18T1300,1701A,111.9491,21.8658,阳江市,马南垌,,38,20,32,8,16,119,NA,117,117,4,6,7,7,0.6,0.6
2026-09-18T1300,1703A,113.0218,23.7086,清远市,凤城街办,臭氧1小时(O3_1h),95,56,58,36,38,196,NA,99,99,12,15,/,/,/,/
2026-09-18T1300,1708A,116.3701,23.5345,揭阳市,新兴,,39,33,47,16,24,122,NA,107,107,8,12,10,10,0.7,0.8
2026-09-18T1300,1709A,116.3261,23.5442,揭阳市,西马,,39,20,47,14,24,122,NA,109,109,5,8,8,8,0.5,0.7
2026-09-18T1300,1710A,116.361,23.5627,揭阳市,东兴,,37,27,45,15,25,116,NA,100,100,13,13,10,10,/,/
2026-09-18T1300,1711A,116.4151,23.5295,揭阳市,渔湖,,48,48,43,16,22,120,NA,101,101,7,10,7,7,/,/
2026-09-18T1300,1714A,112.0281,22.9738,云浮市,牧羊,颗粒物(PM10),75,84,48,27,27,161,NA,72,72,8,16,5,48,0.7,0.7
2026-09-18T1300,1715A,102.575,24.371,玉溪市,东风水库,,22,10,15,4,7,68,NA,56,56,6,7,8,8,0.6,0.6
2026-09-18T1300,1723A,113.2926,40.0759,大同市,云冈宾馆,"颗粒物(PM10),臭氧1小时(O3_1h)",53,53,58,17,20,162,NA,94,94,11,25,12,11,0.8,0.8
2026-09-18T1300,1724A,113.3437,40.0921,大同市,大同大学,臭氧1小时(O3_1h),58,39,46,23,18,166,NA,111,111,9,19,10,8,0.6,0.6
2026-09-18T1300,1725A,113.2637,40.129,大同市,安家小村,臭氧1小时(O3_1h),58,52,43,24,19,166,NA,129,129,8,14,8,6,0.5,0.6
2026-09-18T1300,1727A,113.1146,36.1547,长治市,清华站,细颗粒物(PM2.5),76,64,36,48,20,109,NA,58,53,20,13,15,10,1.0,0.6
2026-09-18T1300,1730A,113.0887,36.2126,长治市,审计局,细颗粒物(PM2.5),76,60,36,48,26,134,NA,52,52,21,18,16,11,1.1,0.7
2026-09-18T1300,1731A,113.0845,36.1856,长治市,长治八中,细颗粒物(PM2.5),137,NA,43,100,24,140,NA,54,54,25,19,18,12,1.6,0.8
2026-09-18T1300,1733A,111.5552,36.0791,临汾市,临钢医院,颗粒物(PM10),55,56,42,29,19,131,NA,92,92,16,15,5,5,0.6,0.5
2026-09-18T1300,1734A,111.4984,36.0734,临汾市,技工学校,,43,43,45,24,25,136,NA,99,99,13,14,5,5,0.6,0.4
2026-09-18T1300,1736A,111.5017,36.0857,临汾市,市委,颗粒物(PM10),53,54,46,26,21,140,NA,102,102,12,13,5,5,0.6,0.5
2026-09-18T1300,1739A,113.4894,37.8717,阳泉市,赛鱼,细颗粒物(PM2.5),62,49,58,41,23,105,NA,42,42,32,54,15,11,0.8,0.6
2026-09-18T1300,1740A,113.582,37.8473,阳泉市,南庄,颗粒物(PM10),63,67,51,38,24,136,NA,50,50,19,28,19,12,0.9,0.8
2026-09-18T1300,1742A,113.5616,37.8706,阳泉市,平坦,颗粒物(PM10),62,66,61,31,25,125,NA,49,49,22,40,23,17,1.0,0.8
2026-09-18T1300,1743A,113.5115,37.8391,阳泉市,大阳泉,,43,40,27,30,18,118,NA,90,82,21,17,14,18,0.9,0.8
2026-09-18T1300,1744A,118.9229,42.2816,赤峰市,松山一中,NA,NA,NA,29,NA,33,150,NA,102,102,11,20,11,16,0.6,0.6
2026-09-18T1300,1745A,118.9588,42.2733,赤峰市,哈达街,,49,38,46,29,29,156,NA,111,111,10,22,11,11,0.8,0.8
2026-09-18T1300,1746A,118.8792,42.2551,赤峰市,天义路,,48,40,23,25,23,152,NA,121,121,10,15,5,9,0.8,0.8
2026-09-18T1300,1748A,123.0441,41.1201,鞍山市,深沟寺,,28,19,23,6,14,88,NA,86,86,4,8,6,6,0.3,0.4
2026-09-18T1300,1749A,123.011,41.0931,鞍山市,太阳城,,29,28,32,7,15,91,NA,81,79,10,12,8,8,0.4,0.5
2026-09-18T1300,1750A,123.0483,41.1445,鞍山市,太平,,25,18,31,6,16,78,NA,78,75,7,14,8,9,0.6,0.7
2026-09-18T1300,1751A,122.964,41.0968,鞍山市,铁西三道街,,29,25,48,8,20,91,NA,67,67,6,19,6,6,0.7,0.9
2026-09-18T1300,1753A,123.0219,41.0822,鞍山市,明达新区,,28,23,29,6,18,89,NA,78,78,5,9,8,8,0.6,0.9
2026-09-18T1300,1755A,123.7974,41.8494,抚顺市,望花区,,36,20,52,5,24,114,NA,67,67,9,27,8,9,0.6,0.8
2026-09-18T1300,1756A,123.9161,41.8827,抚顺市,顺城区,,34,16,35,3,15,107,NA,67,67,5,25,10,11,0.5,0.7
2026-09-18T1300,1757A,124.0437,41.8615,抚顺市,东洲区,,33,19,32,3,9,105,NA,73,73,3,10,8,10,0.4,0.5
2026-09-18T1300,1758A,123.9246,41.8638,抚顺市,新抚区,,33,25,42,5,17,104,NA,58,58,5,23,7,8,0.3,0.5
2026-09-18T1300,1759A,124.0972,41.8961,抚顺市,大伙房水库,,34,13,18,3,9,107,NA,71,71,6,11,12,12,0.3,0.4
2026-09-18T1300,1760A,123.708,41.8386,抚顺市,沈抚新城,,40,28,51,4,18,128,NA,71,71,9,32,12,16,0.7,0.8
2026-09-18T1300,1761A,123.8274146,41.31234549,本溪市,大峪,,29,13,34,4,13,90,NA,54,54,3,19,7,7,0.4,0.6
2026-09-18T1300,1763A,123.7169,41.3094,本溪市,彩屯,,29,17,52,3,23,92,NA,53,53,6,25,9,15,0.7,2.2
2026-09-18T1300,1764A,123.7672166,41.28649327,本溪市,东明,,30,19,37,4,15,93,NA,54,54,4,23,6,6,0.4,0.5
2026-09-18T1300,1765A,123.799345,41.266614,本溪市,新立屯,,30,13,29,3,10,93,NA,63,63,3,38,9,9,0.4,0.5
2026-09-18T1300,1766A,123.829144,41.336777,本溪市,威宁,,28,13,41,6,16,89,NA,51,51,3,19,5,5,0.3,0.5
2026-09-18T1300,1767A,121.1114,41.0879,锦州市,南山,,37,12,31,5,23,117,NA,75,75,11,28,6,7,0.2,0.3
2026-09-18T1300,1768A,121.060361,40.842794,锦州市,开发区,,42,36,49,8,19,132,NA,86,86,8,28,5,7,0.4,0.5
2026-09-18T1300,1769A,121.1836,41.1118,锦州市,百股街道,,40,35,29,6,22,127,NA,83,83,9,17,7,8,0.5,0.6
2026-09-18T1300,1770A,121.1176,41.1224,锦州市,天安街道,,35,16,37,5,25,112,NA,71,71,6,24,7,9,0.4,0.5
2026-09-18T1300,1771A,121.1303,41.1385,锦州市,北湖公园,,37,18,36,6,24,117,NA,79,79,7,17,5,6,0.1,0.3
2026-09-18T1300,1772A,126.54,43.8622,吉林市,哈达湾,,30,17,26,9,15,96,NA,71,71,4,13,4,4,0.2,0.3
2026-09-18T1300,1773A,126.5843,43.8358,吉林市,东局子,,30,18,24,8,13,95,NA,68,68,7,18,5,5,0.3,0.4
2026-09-18T1300,1774A,126.5051,43.8243,吉林市,电力学院,,28,12,38,8,21,88,NA,56,56,2,16,7,7,0.3,0.5
2026-09-18T1300,1775A,126.6133,43.8971,吉林市,江北,,29,23,30,9,13,90,NA,64,64,6,11,6,6,0.4,0.4
2026-09-18T1300,1776A,126.5549,43.8304,吉林市,江南公园,,29,18,26,9,13,91,NA,64,64,2,11,4,4,0.0,0.1
2026-09-18T1300,1779A,123.9307,47.3641,齐齐哈尔市,安居小区,颗粒物(PM10),67,73,66,16,18,115,NA,89,89,12,11,5,5,0.5,0.5
2026-09-18T1300,1780A,123.9497,47.3389,齐齐哈尔市,中心广场,颗粒物(PM10),51,51,49,17,21,113,NA,89,89,11,11,5,4,0.3,0.3
2026-09-18T1300,1781A,123.9483,47.3229,齐齐哈尔市,农牧车辆厂,颗粒物(PM10),53,53,56,16,19,118,NA,94,94,6,6,6,6,0.3,0.4
2026-09-18T1300,1783A,123.9442,47.2994,齐齐哈尔市,市环境监测站,颗粒物(PM10),53,53,50,15,18,116,NA,93,93,6,7,5,5,0.4,0.4
2026-09-18T1300,1784A,129.61,44.561,牡丹江市,环保大楼,,31,31,28,3,13,81,NA,44,44,5,20,5,6,0.2,0.3
2026-09-18T1300,1787A,129.6364,44.6075,牡丹江市,机车工厂,,25,19,52,8,19,80,NA,40,40,7,20,4,6,0.2,0.4
2026-09-18T1300,1788A,129.6386,44.5462,牡丹江市,第一中学,,25,9,40,5,12,80,NA,43,43,5,18,5,4,0.4,0.5
2026-09-18T1300,1789A,124.8085,46.0381,大庆市,大同区,颗粒物(PM10),57,59,55,18,19,136,NA,114,114,7,10,5,6,0.5,0.6
2026-09-18T1300,1790A,125.1166,46.5255,大庆市,龙凤区,颗粒物(PM10),52,52,47,19,24,139,NA,111,111,7,9,3,4,0.1,0.2
2026-09-18T1300,1791A,124.8894,46.4007,大庆市,红岗区,,48,48,47,20,20,135,NA,105,105,6,9,9,8,0.4,0.5
2026-09-18T1300,1792A,125.1391,46.578,大庆市,萨尔图区,颗粒物(PM10),72,80,69,24,21,126,NA,101,101,8,11,8,8,0.6,0.6
2026-09-18T1300,1793A,124.9026,46.6217,大庆市,让胡路区,,49,49,48,20,21,132,NA,108,108,6,9,5,5,0.7,0.8
2026-09-18T1300,1794A,118.3603,31.3515,芜湖市,监测站,,28,13,33,10,29,87,NA,58,58,15,24,7,8,0.4,0.7
2026-09-18T1300,1795A,118.3716,31.4135,芜湖市,科创中心,,30,17,33,9,23,96,NA,66,66,8,24,6,8,0.4,0.9
2026-09-18T1300,1796A,118.3671,31.3132,芜湖市,四水厂,,30,23,26,9,22,95,NA,66,66,12,17,7,8,0.4,0.7
2026-09-18T1300,1798A,118.5084,31.6838,马鞍山市,湖东路四小,,31,14,44,8,23,99,NA,72,72,7,21,8,10,0.9,1.2
2026-09-18T1300,1799A,118.5019,31.6449,马鞍山市,开发区,,31,24,30,8,23,97,NA,73,73,12,20,7,8,0.9,1.1
2026-09-18T1300,1803A,115.9873,29.6816,九江市,十里,,45,35,41,22,26,144,NA,114,114,11,11,3,3,0.7,0.7
2026-09-18T1300,1804A,115.9583,29.7047,九江市,茅山头,,49,NA,37,34,29,133,NA,108,108,9,11,3,3,0.6,0.6
2026-09-18T1300,1805A,115.9877,29.7295,九江市,西园,颗粒物(PM10),52,52,41,31,27,135,NA,113,113,5,6,7,7,0.8,0.7
2026-09-18T1300,1808A,115.9112,29.6038,九江市,综合工业园,,50,25,40,23,28,158,NA,116,116,15,20,8,8,0.8,0.8
2026-09-18T1300,1812A,112.3934,34.6517,洛阳市,市委党校,细颗粒物(PM2.5),66,53,54,43,40,156,NA,74,74,11,16,10,10,0.6,0.5
2026-09-18T1300,1815A,112.494,34.6883,洛阳市,河南林校,细颗粒物(PM2.5),56,57,48,38,28,147,NA,63,63,13,25,9,9,0.5,0.4
2026-09-18T1300,1816A,112.3843,34.623,洛阳市,开发区管委会,细颗粒物(PM2.5),70,55,49,45,34,149,NA,82,82,14,15,14,13,0.6,0.5
2026-09-18T1300,1817A,112.4263,34.6249,洛阳市,市委新办公区,细颗粒物(PM2.5),58,40,46,39,34,146,NA,73,73,10,13,13,11,0.5,0.5
2026-09-18T1300,1819A,114.3552,36.1017,安阳市,红庙街,颗粒物(PM10),55,56,52,30,27,156,NA,112,112,16,14,12,4,1.3,1.1
2026-09-18T1300,1820A,114.361,36.0681,安阳市,银杏小区,臭氧1小时(O3_1h),59,55,57,33,31,167,NA,117,117,14,14,15,7,1.3,0.7
2026-09-18T1300,1824A,114.3389,34.778,开封市,肿瘤医院,臭氧1小时(O3_1h),67,43,58,23,34,173,NA,116,116,8,17,7,6,0.7,0.6
2026-09-18T1300,1826A,114.2884,34.7966,开封市,世纪星幼儿园,臭氧1小时(O3_1h),54,46,50,26,32,163,NA,113,113,13,20,5,4,0.5,0.6
2026-09-18T1300,1832A,113.3257,33.7423,平顶山市,新华旅馆,,45,41,60,27,31,142,NA,97,97,9,16,10,9,0.6,0.6
2026-09-18T1300,1833A,113.2917,33.737,平顶山市,规划设计院,,46,43,63,30,36,145,NA,91,91,12,19,8,8,0.7,0.6
2026-09-18T1300,1834A,113.182,33.7738,平顶山市,平顶山工学院,细颗粒物(PM2.5),56,53,62,38,39,135,NA,78,78,12,18,11,10,0.9,0.8
2026-09-18T1300,1835A,111.1922,34.7752,三门峡市,市政府,,38,35,35,20,26,119,NA,105,105,12,13,8,8,0.5,0.5
2026-09-18T1300,1836A,111.1588,34.794,三门峡市,开发区,,46,46,43,28,26,117,NA,97,97,14,13,9,8,0.7,0.6
2026-09-18T1300,1840A,111.2991,30.6981,宜昌市,白龙岗,,27,27,17,14,8,72,NA,42,42,12,11,5,4,0.5,0.4
2026-09-18T1300,1842A,111.263451,30.696754,宜昌市,点军区,,30,24,15,21,7,82,NA,34,34,12,12,6,5,0.4,0.4
2026-09-18T1300,1843A,111.3276,30.782,宜昌市,夷陵区,,21,21,13,14,10,56,NA,40,40,18,16,6,6,0.5,0.5
2026-09-18T1300,1844A,112.2493,30.3198,荆州市,市图书馆,,33,25,22,23,20,86,NA,65,65,8,12,6,6,0.6,0.6
2026-09-18T1300,1845A,112.2009,30.3543,荆州市,市委党校,,43,NA,24,30,20,79,NA,59,59,8,13,6,6,0.6,0.5
2026-09-18T1300,1848A,113.1494,29.425,岳阳市,城陵矶,颗粒物(PM10),53,53,36,16,10,60,NA,62,60,16,12,4,3,1.0,0.9
2026-09-18T1300,1849A,113.1493,29.3575,岳阳市,开发区,,38,35,29,26,19,65,NA,60,58,14,14,5,6,0.8,0.6
2026-09-18T1300,1850A,113.2672,29.4752,岳阳市,云溪区,,42,NA,24,29,14,66,NA,65,NA,8,10,3,4,1.3,1
2026-09-18T1300,1851A,112.9944,29.44,岳阳市,君山区,,33,26,24,23,15,77,NA,70,70,8,10,4,4,0.6,0.6
2026-09-18T1300,1854A,111.696,28.9725,常德市,市二中,,25,24,16,17,13,76,NA,71,71,10,8,9,9,0.6,0.5
2026-09-18T1300,1858A,110.532,29.1219,张家界市,永定新区,,27,26,26,12,13,84,NA,70,70,7,10,/,/,/,/
2026-09-18T1300,1859A,110.4696,29.1244,张家界市,电业局,,25,17,14,14,11,79,NA,68,68,10,10,1,2,0.5,0.5
2026-09-18T1300,1860A,110.5573,29.3486,张家界市,未央路,,25,NA,6,12,10,78,NA,54,54,7,9,5,4,0.1,0.2
2026-09-18T1300,1864A,110.3091,25.2705,桂林市,龙隐路小学,,45,45,34,29,26,108,NA,54,54,10,15,5,7,0.7,0.7
2026-09-18T1300,1865A,110.2849361,25.22909545,桂林市,八中,,39,39,36,12,15,114,NA,57,57,9,12,5,11,0.6,0.6
2026-09-18T1300,1867A,109.1435,21.4085,北海市,海滩公园,,48,39,33,33,19,143,NA,109,109,4,4,4,4,0.6,0.6
2026-09-18T1300,1868A,109.0983,21.466,北海市,新市环保局,,46,38,34,25,20,146,NA,110,110,8,7,7,8,0.5,0.5
2026-09-18T1300,1869A,109.1775,21.5232,北海市,北海工业园,,47,40,38,30,22,149,NA,98,98,7,8,3,6,0.6,0.6
2026-09-18T1300,1870A,109.4854,24.3898,柳州市,柳东小学,,40,40,30,23,26,120,NA,50,50,6,13,6,6,0.6,0.7
2026-09-18T1300,1871A,109.4109,24.3304,柳州市,环保监测站,,50,50,43,18,30,123,NA,52,52,9,18,6,8,0.7,0.8
2026-09-18T1300,1872A,109.3886,24.3408,柳州市,河西水厂,,46,45,58,32,36,126,NA,50,50,11,22,12,16,0.7,0.9
2026-09-18T1300,1873A,109.4263,24.2951,柳州市,市四中,,38,23,48,19,27,121,NA,49,49,8,16,7,6,0.7,0.8
2026-09-18T1300,1874A,109.396,24.3658,柳州市,市九中,,45,NA,50,31,34,129,NA,56,56,16,19,12,9,1.0,0.8
2026-09-18T1300,1875A,109.4912,24.3164,柳州市,古亭山,颗粒物(PM10),56,58,37,14,24,113,NA,44,44,6,20,5,5,0.6,0.7
2026-09-18T1300,1877A,109.4962,18.2682,三亚市,河西子站,,33,33,21,10,11,72,NA,62,62,3,3,3,4,0.5,0.4
2026-09-18T1300,1878A,104.7775,31.4741,绵阳市,富乐山,,24,24,25,7,12,59,NA,35,35,15,10,10,9,0.7,0.7
2026-09-18T1300,1880A,104.6698,31.4668,绵阳市,高新区自来水公司,,25,17,24,9,14,78,NA,43,43,4,9,9,9,0.8,0.8
2026-09-18T1300,1883A,104.6204,28.7728,宜宾市,市委,,39,34,26,27,18,47,NA,28,28,13,14,9,11,0.8,0.7
2026-09-18T1300,1884A,104.6056,28.7931,宜宾市,宜宾四中,,34,34,26,23,17,49,NA,32,28,10,11,9,14,0.9,0.9
2026-09-18T1300,1886A,104.5743,28.7199,宜宾市,黄金嘴,,35,35,28,22,17,62,NA,25,25,13,15,22,15,0.7,0.6
2026-09-18T1300,1888A,101.6891,26.571,攀枝花市,弄弄坪,,35,35,38,15,14,91,NA,42,42,9,15,20,17,0.7,0.7
2026-09-18T1300,1889A,101.577,26.5914,攀枝花市,河门口,,32,32,34,17,19,94,NA,45,45,9,11,25,13,1.4,0.8
2026-09-18T1300,1891A,101.7365,26.4986,攀枝花市,仁和,,35,33,24,24,17,81,NA,38,38,9,12,25,12,1.0,0.8
2026-09-18T1300,1894A,105.4427,28.9063,泸州市,小市上码头,,32,30,26,22,17,32,NA,27,22,18,14,6,6,0.8,0.7
2026-09-18T1300,1895A,105.4241,28.8573,泸州市,兰田宪桥,,39,39,25,24,16,35,NA,18,17,16,16,6,5,0.8,0.6
2026-09-18T1300,1896A,105.4378,28.8833,泸州市,市环监站,,30,30,25,21,15,27,NA,19,15,16,14,6,5,1.0,0.9
2026-09-18T1300,1901A,104.424,31.1209,德阳市,东山公园,,21,9,18,6,18,65,NA,36,36,2,7,5,5,0.9,1
2026-09-18T1300,1902A,104.3827,31.1318,德阳市,西小区,,21,20,30,6,15,67,NA,37,37,7,16,10,10,0.7,0.8
2026-09-18T1300,1904A,104.3553,31.1091,德阳市,耐火材料厂,,21,21,34,9,26,62,NA,34,34,6,14,2,2,0.7,0.8
2026-09-18T1300,1906A,106.0791,30.8022,南充市,南充市委,,26,26,24,11,13,32,NA,11,11,13,16,6,6,0.5,0.5
2026-09-18T1300,1907A,106.1038,30.8215,南充市,南充炼油厂,,24,24,26,14,14,34,NA,13,13,11,14,7,8,0.4,0.4
2026-09-18T1300,1911A,106.9218,27.6872,遵义市,丁字口,,36,NA,14,25,14,81,NA,45,45,9,10,7,6,0.7,0.8
2026-09-18T1300,1912A,106.9241,27.7044,遵义市,凤凰山,,29,27,23,20,14,83,NA,47,47,3,4,6,5,0.7,0.8
2026-09-18T1300,1913A,106.8895,27.648,遵义市,忠庄,,29,NA,20,20,15,84,NA,46,46,6,8,7,5,0.6,0.7
2026-09-18T1300,1915A,106.9225,27.7253,遵义市,干田坝,,36,26,20,25,14,93,NA,48,48,5,6,7,7,0.6,0.7
2026-09-18T1300,1916A,103.7897,25.5036,曲靖市,环境监测站,,25,17,18,5,8,80,NA,52,52,9,12,3,3,0.4,0.5
2026-09-18T1300,1917A,103.8013,25.5357,曲靖市,烟厂办公区,,22,13,18,5,8,68,NA,46,46,5,7,2,2,0.5,0.6
2026-09-18T1300,1919A,108.6726,34.315,咸阳市,实验中学,,50,47,32,35,22,93,NA,83,83,14,13,7,7,0.6,0.5
2026-09-18T1300,1920A,108.7226,34.3622,咸阳市,师范学院,细颗粒物(PM2.5),52,44,34,36,24,89,NA,77,77,12,11,8,8,0.5,0.4
2026-09-18T1300,1923A,109.0696,35.0699,铜川市,王益区政府,,31,21,24,21,19,99,NA,92,92,8,9,4,4,0.8,0.7
2026-09-18T1300,1924A,108.9345,34.9059,铜川市,新区管委会,,38,38,33,25,21,99,NA,80,80,13,15,4,5,0.8,0.8
2026-09-18T1300,1927A,109.4569,36.6161,延安市,延大医附院,,31,31,24,20,21,82,NA,40,40,8,16,4,4,0.7,0.7
2026-09-18T1300,1929A,109.5053,36.6105,延安市,百米大道,,30,30,50,16,25,83,NA,44,44,6,22,3,3,0.8,0.9
2026-09-18T1300,1931A,107.0802,34.3129,宝鸡市,竹园沟,,44,44,36,30,26,70,NA,68,68,13,12,5,5,0.5,0.5
2026-09-18T1300,1933A,107.1429,34.3549,宝鸡市,监测站,,48,48,41,31,26,76,NA,75,74,16,14,2,3,0.6,0.5
2026-09-18T1300,1934A,107.1172,34.3759,宝鸡市,技工学校,,45,40,37,31,25,80,NA,79,76,13,12,7,7,0.7,0.7
2026-09-18T1300,1936A,107.2025,34.3518,宝鸡市,文理学院,,46,41,37,32,25,81,NA,78,77,12,10,5,6,0.5,0.5
2026-09-18T1300,1937A,107.2396,34.3626,宝鸡市,三迪小学,,43,40,38,30,25,75,NA,76,72,18,15,5,5,0.5,0.5
2026-09-18T1300,1940A,109.4605,34.4927,渭南市,体育馆,细颗粒物(PM2.5),54,53,39,37,24,99,NA,82,82,10,9,6,6,0.6,0.5
2026-09-18T1300,1941A,109.4257,34.5067,渭南市,高新一小,颗粒物(PM10),60,63,36,38,23,98,NA,83,83,6,6,5,4,0.3,0.3
2026-09-18T1300,1944A,102.1691,38.5166,金昌市,天庆家园,,46,46,62,14,21,105,NA,81,81,4,18,8,17,0.1,0.3
2026-09-18T1300,1945A,98.291,39.7705,嘉峪关市,气象局,,35,17,60,4,14,111,NA,84,84,7,20,4,23,0.5,0.4
2026-09-18T1300,1948A,106.3668,39.0145,石嘴山市,大武口朝阳西街,,47,47,58,28,30,125,NA,59,59,15,36,10,17,0.9,1
2026-09-18T1300,1949A,106.7713,39.2278,石嘴山市,惠农南大街,颗粒物(PM10),68,74,37,18,14,124,NA,65,65,11,20,12,12,0.7,0.6
2026-09-18T1300,1950A,106.7074,39.1332,石嘴山市,红果子镇惠新街,,44,44,49,19,18,128,NA,66,66,8,22,9,7,0.5,0.5
2026-09-18T1300,1951A,84.886,45.6029,克拉玛依市,长征新村,,48,48,43,2,10,74,NA,68,65,7,6,3,4,0.3,0.3
2026-09-18T1300,1952A,84.8894,45.5827,克拉玛依市,南林小区,,24,14,33,0,5,75,NA,71,70,5,8,8,8,0.1,0.1
2026-09-18T1300,1954A,84.896,44.3328,克拉玛依市,独山子区,颗粒物(PM10),51,51,41,8,9,86,NA,71,63,19,10,7,5,0.4,0.3
2026-09-18T1300,1955A,85.6888,46.0909,克拉玛依市,乌尔禾区商贸楼,,39,39,35,7,10,80,NA,44,39,9,13,7,7,0.2,0.3
2026-09-18T1300,1956A,86.1476,41.7529,巴音郭楞蒙古自治州,孔雀公园,细颗粒物(PM2.5),64,57,39,42,13,94,NA,97,80,7,10,3,3,0.2,0.2
2026-09-18T1300,1957A,86.1971,41.7166,巴音郭楞蒙古自治州,棉纺厂,颗粒物(PM10),80,92,43,3,9,88,NA,73,66,15,18,/,/,/,/
2026-09-18T1300,1958A,86.236,41.7172,巴音郭楞蒙古自治州,经济开发区,,44,44,24,4,9,91,NA,89,80,10,4,5,2,0.3,0.2
2026-09-18T1300,1961A,117.5323,36.6865,济南市,东山小学,臭氧1小时(O3_1h),101,93,82,43,45,202,NA,120,120,17,25,12,10,0.8,0.7
2026-09-18T1300,1982A,122.0693,37.2175,威海市,文登开发区,NA,NA,NA,19,NA,12,135,NA,96,96,5,12,/,/,/,/
2026-09-18T1300,2031A,113.1836,27.9959,株洲市,云田中学,,49,45,40,34,30,60,NA,54,52,15,14,9,9,0.6,0.4
2026-09-18T1300,2054A,114.1096,32.1059,信阳市,平桥分局,,49,44,36,34,30,111,NA,92,92,12,11,7,7,0.5,0.5
2026-09-18T1300,2064A,113.9956,32.1272,信阳市,南湾水厂,,48,48,37,27,26,98,NA,73,73,10,11,6,6,0.6,0.5
2026-09-18T1300,2065A,114.078,32.1194,信阳市,市酿酒公司,,49,49,40,23,29,103,NA,86,86,12,12,6,6,0.6,0.6
2026-09-18T1300,2066A,114.0712,32.1393,信阳市,审计局,细颗粒物(PM2.5),74,NA,34,47,27,107,NA,86,86,9,9,9,8,0.6,0.5
2026-09-18T1300,2068A,114.6755,33.6347,周口市,周口师范,颗粒物(PM10),60,63,50,25,30,158,NA,113,113,11,17,3,3,0.4,0.5
2026-09-18T1300,2160A,112.8496,35.5051,晋城市,自来水公司,臭氧1小时(O3_1h),54,54,52,19,23,163,NA,103,103,13,17,7,7,0.6,0.8
2026-09-18T1300,2162A,112.8509,35.4886,晋城市,市环保局,颗粒物(PM10),58,60,47,23,26,152,NA,90,90,12,16,7,6,0.5,0.6
2026-09-18T1300,2166A,112.4399,39.3521,朔州市,平朔,,45,44,44,10,17,142,NA,106,106,4,10,5,7,0.2,0.3
2026-09-18T1300,2167A,112.4574,39.362,朔州市,朔唯,,48,42,58,9,18,153,NA,95,95,3,18,7,10,/,/
2026-09-18T1300,2168A,112.426,39.3199,朔州市,区政府,,45,41,43,6,13,143,NA,114,114,6,12,5,5,0.4,0.4
2026-09-18T1300,2169A,112.4075,39.3277,朔州市,市环保局,,48,39,41,18,17,151,NA,118,118,4,12,4,3,/,/
2026-09-18T1300,2170A,112.4273,39.3682,朔州市,市二中,NA,NA,44,43,5,15,157,NA,125,125,8,13,NA,6,/,/
2026-09-18T1300,2174A,112.6992,37.6984,晋中市,榆次区政府,臭氧1小时(O3_1h),58,44,35,24,20,166,NA,103,103,2,11,9,11,0.2,0.1
2026-09-18T1300,2175A,110.996,35.0148,运城市,运城中学,,38,27,27,21,17,121,NA,117,117,8,8,6,6,0.5,0.5
2026-09-18T1300,2178A,110.9685,35.0305,运城市,地区技校,,38,18,23,12,17,119,NA,110,110,7,7,5,5,0.4,0.4
2026-09-18T1300,2181A,112.7313,38.457,忻州市,开发区,,43,42,42,27,24,137,NA,75,75,17,22,9,7,0.8,0.7
2026-09-18T1300,2182A,112.7023,38.4932,忻州市,会展中心,,44,39,46,20,24,140,NA,69,69,13,23,8,7,0.6,0.6
2026-09-18T1300,2183A,111.1447,37.5212,吕梁市,环保局,,42,42,40,22,14,134,NA,70,70,7,23,4,5,0.6,0.5
2026-09-18T1300,2185A,111.1285,37.5338,吕梁市,自来水公司,,44,34,42,21,16,139,NA,67,67,8,18,3,6,0.5,0.5
2026-09-18T1300,2187A,106.8172,39.6972,乌海市,市林业局,,43,43,47,24,20,95,NA,82,74,31,17,22,14,0.7,0.5
2026-09-18T1300,2188A,106.7907,39.6666,乌海市,中海勃湾学校,NA,NA,38,35,28,21,135,NA,73,73,15,23,27,19,NA,0.5
2026-09-18T1300,2191A,122.253,43.6801,通辽市,艺术职业学校,颗粒物(PM10),56,58,56,20,24,137,NA,126,123,7,8,9,10,0.6,0.6
2026-09-18T1300,2195A,107.4206,40.7609,巴彦淖尔市,附二中,,35,33,40,15,22,111,NA,75,75,7,14,9,9,0.6,0.6
2026-09-18T1300,2196A,107.37,40.7372,巴彦淖尔市,市环保大楼,,40,40,40,12,18,109,NA,78,78,6,11,14,14,0.6,0.7
2026-09-18T1300,2197A,113.1306,40.9924,乌兰察布市,集宁新区,,48,32,43,16,21,152,NA,116,116,5,14,7,7,0.4,0.4
2026-09-18T1300,2202A,116.1048,43.9318,锡林郭勒盟,市环保监测站,,49,33,37,18,15,155,NA,149,148,7,8,4,3,0.4,0.3
2026-09-18T1300,2203A,116.0778,43.9312,锡林郭勒盟,市政府,,44,29,28,15,16,139,NA,137,134,6,7,4,3,0.3,0.3
2026-09-18T1300,2205A,105.699,38.8409,阿拉善盟,蒙二幼,,39,29,21,4,7,122,NA,114,108,4,4,8,9,0.4,0.4
2026-09-18T1300,2206A,105.7198,38.8508,阿拉善盟,环保局新楼,,35,22,17,4,6,112,NA,114,106,5,4,8,9,0.5,0.5
2026-09-18T1300,2207A,121.6095,41.9978,阜新市,工业园区,,38,36,45,1,16,121,NA,92,92,4,9,4,10,0.2,0.3
2026-09-18T1300,2208A,121.6567,42.0188,阜新市,长青街,,38,20,37,1,15,119,NA,101,97,9,13,7,13,0.3,0.4
2026-09-18T1300,2209A,121.6672,42.07,阜新市,农业园区,,38,34,39,0,18,121,NA,103,101,6,9,4,7,0.4,0.6
2026-09-18T1300,2211A,121.6343,42.0455,阜新市,玉龙新城,,40,25,38,0,17,125,NA,97,97,8,13,7,12,0.1,0.3
2026-09-18T1300,2212A,123.1978,41.2036,辽阳市,宏伟区,,30,22,29,4,12,94,NA,94,91,4,6,8,8,0.3,0.4
2026-09-18T1300,2213A,123.1684,41.2497,辽阳市,新华园,,29,24,38,3,17,90,NA,71,71,7,17,2,5,0.4,0.5
2026-09-18T1300,2214A,123.2355,41.2663,辽阳市,滨河路,,29,17,32,4,16,91,NA,75,75,3,15,9,8,0.3,0.4
2026-09-18T1300,2217A,123.865,42.292,铁岭市,水上乐园,,41,26,37,2,13,130,NA,91,91,9,24,10,11,0.3,0.4
2026-09-18T1300,2219A,123.7158,42.2218,铁岭市,金沙江路北,,42,24,51,2,19,132,NA,94,94,10,26,11,12,0.5,0.6
2026-09-18T1300,2220A,120.4318,41.588,朝阳市,西梁,,34,15,38,12,18,108,NA,76,74,3,9,9,9,0.3,0.5
2026-09-18T1300,2221A,120.452,41.565,朝阳市,河畔小区,,35,22,29,3,15,111,NA,113,102,4,6,7,8,0.6,0.7
2026-09-18T1300,2222A,120.4176,41.5648,朝阳市,八里堡,,35,34,37,4,16,111,NA,93,93,4,9,5,6,0.6,0.7
2026-09-18T1300,2226A,124.3744,43.1842,四平市,境园,,40,31,37,8,19,127,NA,104,104,3,15,6,9,0.3,0.4
2026-09-18T1300,2227A,125.1359,42.8845,辽源市,环保局,,32,14,16,1,1,100,NA,NA,NA,4,4,6,6,0.4,0.4
2026-09-18T1300,2229A,125.9359,41.7174,通化市,光明,,31,8,28,3,10,98,NA,45,45,3,12,6,6,0.4,0.7
2026-09-18T1300,2230A,125.9446,41.7323,通化市,铁路,,30,21,26,2,11,96,NA,42,42,10,19,5,6,0.3,0.6
2026-09-18T1300,2231A,126.4219,41.9172,白山市,喜丰,,35,19,48,2,8,112,NA,49,49,9,24,7,7,0.5,0.6
2026-09-18T1300,2232A,126.4082,41.9416,白山市,环保局,,33,15,23,2,6,103,NA,51,51,5,12,7,5,0.4,0.5
2026-09-18T1300,2233A,124.8007,45.1213,松原市,江南,,39,30,45,17,22,124,NA,104,104,3,9,1,1,0.4,0.4
2026-09-18T1300,2234A,124.7967,45.1721,松原市,江北,,41,41,42,6,17,108,NA,101,100,4,4,1,1,0.3,0.4
2026-09-18T1300,2235A,122.7909,45.608,白城市,洮北区环保局,,39,39,46,22,26,122,NA,98,98,2,2,4,6,0.5,0.5
2026-09-18T1300,2236A,122.8741,45.5725,白城市,市环保局,,48,48,44,14,20,117,NA,88,88,7,10,5,4,0.6,0.7
2026-09-18T1300,2237A,129.4704,42.8885,延边朝鲜族自治州,妇幼医院,,29,29,27,8,16,75,NA,46,46,1,8,7,8,0.6,0.7
2026-09-18T1300,2238A,129.5047,42.9117,延边朝鲜族自治州,延边医院,,24,23,20,8,13,75,NA,46,46,1,7,5,4,0.5,0.6
2026-09-18T1300,2239A,129.395,42.8884,延边朝鲜族自治州,朝阳川镇医院,,26,19,26,8,12,82,NA,45,45,4,9,10,10,0.5,0.5
2026-09-18T1300,2240A,130.9618,45.2926,鸡西市,环保局,,34,34,38,6,13,90,NA,54,54,4,14,6,6,0.2,0.3
2026-09-18T1300,2243A,130.9294,45.2959,鸡西市,第一中学,,28,26,28,5,10,89,NA,59,59,4,16,5,4,0.0,0.1
2026-09-18T1300,2244A,130.2537,47.3416,鹤岗市,哈啤分公司,,33,15,31,14,13,105,NA,NA,NA,10,15,10,9,0.0,0
2026-09-18T1300,2245A,130.2683,47.3087,鹤岗市,斯达机电,,40,40,41,16,13,108,NA,60,60,7,13,4,5,0.4,0.4
2026-09-18T1300,2246A,130.3114,47.3388,鹤岗市,东山纸板厂,,49,49,144,16,27,96,NA,47,47,8,21,6,6,0.4,0.7
2026-09-18T1300,2248A,131.1509,46.6936,双鸭山市,双合村,,36,31,44,8,17,113,NA,75,75,5,14,13,14,0.2,0.8
2026-09-18T1300,2249A,131.1651,46.6191,双鸭山市,南小市,,48,48,27,9,14,110,NA,68,68,4,8,8,7,0.4,0.4
2026-09-18T1300,2250A,131.1526,46.6554,双鸭山市,环保局,,37,37,35,13,14,103,NA,71,71,7,10,9,9,0.2,0.2
2026-09-18T1300,2252A,128.8663,47.7199,伊春市,环保局,,42,39,34,25,23,133,NA,92,92,6,10,2,2,0.6,0.7
2026-09-18T1300,2253A,128.9014,47.732,伊春市,电力嘉园,,43,39,37,16,18,135,NA,86,86,5,10,4,4,0.5,0.6
2026-09-18T1300,2255A,130.2749,46.8028,佳木斯市,佳纺,,36,34,56,11,19,115,NA,76,76,4,12,1,2,0.3,0.4
2026-09-18T1300,2257A,130.3258,46.7975,佳木斯市,环保局,,36,29,40,4,14,115,NA,83,83,4,10,4,3,0.3,0.3
2026-09-18T1300,2263A,127.4832,50.2524,黑河市,交通局,,45,45,46,26,25,105,NA,86,81,8,10,7,7,0.3,0.3
2026-09-18T1300,2264A,127.5146,50.2339,黑河市,环保局,细颗粒物(PM2.5),70,54,52,45,24,102,NA,88,82,7,10,8,8,0.4,0.6
2026-09-18T1300,2266A,126.9783,46.6365,绥化市,人和东街,,45,42,41,12,16,142,NA,103,103,4,9,5,17,0.6,0.5
2026-09-18T1300,2267A,126.964,46.6527,绥化市,党政办公中心,,44,43,46,14,17,139,NA,108,108,8,10,10,12,0.6,0.6
2026-09-18T1300,2269A,124.1068,50.4091,大兴安岭地区,科技局,,44,44,46,29,20,57,NA,48,45,4,6,2,2,0.5,0.5
2026-09-18T1300,2270A,117.396,32.9389,蚌埠市,工人疗养院,,23,22,36,16,25,67,NA,86,85,30,19,6,7,0.5,0.6
2026-09-18T1300,2271A,117.3606,32.9428,蚌埠市,百货大楼,,26,26,38,13,21,73,NA,88,88,34,20,11,10,0.5,0.6
2026-09-18T1300,2273A,117.4183,32.8909,蚌埠市,蚌埠学院,,27,27,30,15,23,53,NA,93,88,37,14,8,6,0.4,0.4
2026-09-18T1300,2274A,117.3534,32.9672,蚌埠市,淮上区政府,,26,22,39,12,25,81,NA,88,88,29,21,5,6,0.4,0.5
2026-09-18T1300,2275A,117.3143,32.8977,蚌埠市,高新区,,26,19,32,9,23,83,NA,88,88,12,19,4,5,0.4,0.5
2026-09-18T1300,2277A,116.8304,32.7726,淮南市,潘集区政府,,32,32,34,18,23,78,NA,70,69,14,17,8,8,0.5,0.4
2026-09-18T1300,2279A,116.8569,32.5949,淮南市,谢家集区政府,,38,38,32,20,20,87,NA,75,69,17,17,7,7,0.4,0.5
2026-09-18T1300,2280A,116.8279,32.6333,淮南市,八公山区政府,,42,42,34,24,25,85,NA,60,60,18,16,6,7,0.5,0.5
2026-09-18T1300,2282A,116.8005,33.9749,淮北市,监测站,颗粒物(PM10),57,59,69,35,42,131,NA,84,84,12,18,9,7,0.6,0.6
2026-09-18T1300,2283A,116.8094,33.9008,淮北市,烈山区政府,,43,42,69,30,45,123,NA,70,70,10,23,8,6,0.5,0.5
2026-09-18T1300,2285A,117.8176,30.9412,铜陵市,市第四中学,颗粒物(PM10),61,65,46,40,32,95,NA,38,38,12,19,8,9,0.7,0.7
2026-09-18T1300,2287A,117.7806,30.9413,铜陵市,市新民污水厂,细颗粒物(PM2.5),66,70,60,43,37,72,NA,40,40,20,35,7,8,0.7,0.7
2026-09-18T1300,2289A,117.846,30.9414,铜陵市,车站新区,颗粒物(PM10),78,89,62,45,34,89,NA,42,41,15,17,8,8,0.7,0.7
2026-09-18T1300,2290A,117.8472,30.9699,铜陵市,市职教基地,颗粒物(PM10),65,70,52,38,34,84,NA,39,38,12,17,6,6,0.7,0.7
2026-09-18T1300,2291A,117.0806,30.5181,安庆市,环科院,细颗粒物(PM2.5),72,NA,34,46,32,82,NA,74,62,11,10,6,6,1.1,0.9
2026-09-18T1300,2292A,117.0331,30.5118,安庆市,马山宾馆,细颗粒物(PM2.5),90,NA,33,55,34,88,NA,80,65,14,12,5,6,1.2,0.9
2026-09-18T1300,2294A,116.9897,30.6146,安庆市,安庆大学,,48,34,29,33,28,78,NA,68,66,14,13,4,5,0.6,0.5
2026-09-18T1300,2295A,118.2905,29.6965,黄山市,延安路89号,,49,32,40,24,26,155,NA,93,93,5,8,5,5,0.5,0.5
2026-09-18T1300,2297A,118.1369,30.2755,黄山市,黄山区政府5号楼,,33,28,38,20,26,105,NA,72,72,5,7,4,5,0.6,0.6
2026-09-18T1300,2301A,115.8276,32.8929,阜阳市,市监测站,,33,29,45,21,32,103,NA,78,78,14,16,8,8,0.3,0.4
2026-09-18T1300,2303A,115.8551,32.8606,阜阳市,开发区,,32,24,52,22,34,99,NA,73,73,16,18,7,6,0.5,0.5
2026-09-18T1300,2307A,116.5078,31.7369,六安市,监测大楼,,28,NA,23,19,24,73,NA,79,79,16,12,3,3,0.4,0.5
2026-09-18T1300,2308A,116.4738,31.7642,六安市,皖西学院,,24,NA,20,16,23,76,NA,86,85,9,10,7,7,0.6,0.6
2026-09-18T1300,2309A,116.4997,31.7904,六安市,朝阳厂,,23,NA,23,16,24,61,NA,68,67,11,12,3,2,0.3,0.4
2026-09-18T1300,2310A,116.5566,31.7885,六安市,开发区,,22,14,30,14,23,68,NA,72,72,16,14,5,5,0.3,0.3
2026-09-18T1300,2311A,115.8071,33.8399,亳州市,污水处理厂,颗粒物(PM10),60,63,60,21,30,135,NA,86,86,14,16,7,6,0.3,0.3
2026-09-18T1300,2312A,115.7789,33.8519,亳州市,三国揽胜宫,颗粒物(PM10),63,67,59,32,30,130,NA,87,87,17,15,7,6,0.4,0.3
2026-09-18T1300,2314A,117.4698,30.6617,池州市,池州学院,细颗粒物(PM2.5),58,45,26,39,31,70,NA,55,41,23,25,6,7,0.9,0.7
2026-09-18T1300,2316A,118.7578,30.9457,宣城市,鳌峰子站,,35,26,37,14,32,112,NA,46,46,6,11,6,6,0.9,0.9
2026-09-18T1300,2317A,118.7384,30.9745,宣城市,敬亭山子站,,34,27,34,10,37,106,NA,39,39,8,14,3,2,0.3,0.4
2026-09-18T1300,2318A,118.7172,30.9428,宣城市,开发区子站,,38,33,33,18,36,120,NA,50,50,7,11,6,5,0.4,0.5
2026-09-18T1300,2319A,119.0142,25.4324,莆田市,荔城区仓后路,,44,35,32,20,16,138,NA,103,103,7,7,/,/,/,/
2026-09-18T1300,2320A,119.0016,25.4553,莆田市,莆田市监测站,,40,30,28,11,15,128,NA,104,104,4,5,5,5,0.5,0.6
2026-09-18T1300,2321A,119.112,25.4561,莆田市,涵江区六中,,45,31,32,16,16,144,NA,108,108,5,6,/,/,0.6,0.6
2026-09-18T1300,2322A,119.1014,25.3215,莆田市,秀屿区政府,,50,50,34,26,16,138,NA,106,106,6,6,9,7,0.5,0.5
2026-09-18T1300,2324A,117.621,26.2626,三明市,三钢,NA,NA,NA,32,10,26,128,NA,76,76,6,13,6,6,0.3,0.4
2026-09-18T1300,2325A,117.6352,26.2714,三明市,三明二中,颗粒物(PM10),52,52,34,21,28,128,NA,74,74,6,11,8,7,0.6,0.7
2026-09-18T1300,2326A,117.6028,26.2377,三明市,三元区政府,,40,35,34,20,25,128,NA,70,70,6,14,8,8,0.6,0.7
2026-09-18T1300,2332A,118.1682,26.6371,南平市,南平市监测站,,39,26,32,14,22,123,NA,92,92,6,11,9,6,0.4,0.4
2026-09-18T1300,2334A,118.1757,26.6276,南平市,南平七中,,39,33,35,14,22,123,NA,95,95,5,10,7,4,0.5,0.5
2026-09-18T1300,2336A,117.022,25.1031,龙岩市,龙岩市监测站,,45,45,37,22,30,110,NA,69,69,4,15,7,8,0.4,0.5
2026-09-18T1300,2337A,117.0257,25.0662,龙岩市,闽西职业技术学院,,46,46,44,24,28,124,NA,76,76,4,7,7,8,0.5,0.5
2026-09-18T1300,2338A,117.0195,25.0306,龙岩市,龙岩学院,颗粒物(PM10),51,51,38,24,29,128,NA,70,70,6,9,8,8,/,/
2026-09-18T1300,2341A,119.5387,26.6611,宁德市,宁德市监测站,,46,46,29,20,16,142,NA,82,82,5,6,12,8,0.8,0.8
2026-09-18T1300,2343A,117.2114,29.2931,景德镇市,老干部活动中心,臭氧1小时(O3_1h),67,40,32,20,23,173,NA,107,107,9,10,4,3,0.5,0.5
2026-09-18T1300,2344A,117.1893,29.2789,景德镇市,兽医站,臭氧1小时(O3_1h),72,40,41,28,22,177,NA,112,112,9,7,4,4,0.5,0.5
2026-09-18T1300,2346A,117.246,29.2958,景德镇市,陶研所,臭氧1小时(O3_1h),55,29,26,26,23,164,NA,96,96,7,7,4,4,1.0,0.8
2026-09-18T1300,2348A,113.8384,27.6436,萍乡市,中医院,细颗粒物(PM2.5),88,71,66,54,49,85,NA,37,37,18,23,13,16,1.3,1.3
2026-09-18T1300,2350A,113.8677,27.6438,萍乡市,市环保局,细颗粒物(PM2.5),107,69,58,67,52,86,NA,43,43,16,16,10,16,1.1,0.9
2026-09-18T1300,2351A,113.8663,27.6202,萍乡市,安源区政府,细颗粒物(PM2.5),107,NA,58,67,53,80,NA,42,42,13,13,12,11,1.0,0.6
2026-09-18T1300,2353A,114.9887,27.8433,新余市,飞宇,,50,50,59,35,42,151,NA,101,101,12,19,11,22,0.5,0.5
2026-09-18T1300,2354A,114.9234,27.8248,新余市,第二水厂,颗粒物(PM10),62,66,71,35,42,166,NA,130,130,10,18,14,19,0.7,0.7
2026-09-18T1300,2355A,114.931,27.8037,新余市,市气象局,细颗粒物(PM2.5),68,63,61,44,45,159,NA,112,112,11,17,15,20,0.6,0.6
2026-09-18T1300,2358A,117.0561,28.2641,鹰潭市,新监测站,臭氧1小时(O3_1h),98,72,50,32,33,198,NA,129,129,5,7,11,13,0.5,0.5
2026-09-18T1300,2359A,117.0312,28.2474,鹰潭市,财苑宾馆,臭氧1小时(O3_1h),99,62,50,33,33,199,NA,136,136,7,10,16,19,/,/
2026-09-18T1300,2360A,117.0221,28.2263,鹰潭市,体育馆,臭氧1小时(O3_1h),90,58,53,32,32,192,NA,130,130,9,16,15,16,0.5,0.5
2026-09-18T1300,2363A,114.9368,25.8663,赣州市,地委,,50,45,48,35,33,140,NA,81,81,3,7,4,3,0.6,0.5
2026-09-18T1300,2364A,114.946,25.8483,赣州市,气象台,细颗粒物(PM2.5),52,38,46,36,33,138,NA,85,85,6,10,5,6,0.3,0.4
2026-09-18T1300,2365A,114.932,25.8332,赣州市,市图书馆,,46,43,44,32,32,140,NA,86,86,6,9,3,4,0.8,0.8
2026-09-18T1300,2366A,114.8905,25.8472,赣州市,华坚鞋城,细颗粒物(PM2.5),66,48,47,43,38,143,NA,87,87,13,14,1,1,0.6,0.6
2026-09-18T1300,2367A,114.9753,27.0803,吉安市,红声器材厂,细颗粒物(PM2.5),94,71,68,57,47,161,NA,100,100,14,15,18,14,0.6,0.5
2026-09-18T1300,2369A,114.9903,27.1313,吉安市,市环境监测站,细颗粒物(PM2.5),74,71,63,47,41,159,NA,96,96,12,14,6,7,/,/
2026-09-18T1300,2370A,115.009527,27.096792,吉安市,青原区法院,细颗粒物(PM2.5),74,73,66,47,44,166,NA,102,102,13,13,15,11,0.8,0.6
2026-09-18T1300,2373A,114.3954,27.7843,宜春市,市石油公司,细颗粒物(PM2.5),107,71,65,67,58,144,NA,68,68,10,14,11,10,0.9,0.8
2026-09-18T1300,2374A,114.37,27.7916,宜春市,市气象局,细颗粒物(PM2.5),76,66,65,48,42,154,NA,72,72,9,13,5,7,0.8,1
2026-09-18T1300,2375A,114.401,27.8059,宜春市,市广电局,细颗粒物(PM2.5),94,58,55,57,45,149,NA,76,76,10,15,6,7,0.7,0.8
2026-09-18T1300,2377A,116.3544,27.9833,抚州市,市站,细颗粒物(PM2.5),60,52,56,40,39,135,NA,86,86,4,4,12,6,0.7,0.7
2026-09-18T1300,2378A,116.3562,27.9631,抚州市,血防站,颗粒物(PM10),51,51,55,32,36,131,NA,90,90,7,8,10,6,0.6,0.7
2026-09-18T1300,2379A,116.3561,28.0007,抚州市,采茶剧团,细颗粒物(PM2.5),58,52,55,39,44,140,NA,95,95,3,3,16,13,0.6,0.6
2026-09-18T1300,2380A,116.3854,27.9648,抚州市,医学分院,,45,45,52,30,37,124,NA,82,82,4,6,8,8,0.8,0.9
2026-09-18T1300,2382A,117.9758,28.4439,上饶市,市监测站,臭氧1小时(O3_1h),79,44,43,24,23,183,NA,137,137,2,6,1,5,/,/
2026-09-18T1300,2383A,117.9521,28.4637,上饶市,凤凰光学,臭氧1小时(O3_1h),65,47,45,28,24,172,NA,114,114,4,12,5,9,0.5,0.4
2026-09-18T1300,2385A,114.17,35.9019,鹤壁市,市监测站,细颗粒物(PM2.5),60,50,50,40,29,161,NA,119,119,8,9,10,10,0.9,0.6
2026-09-18T1300,2386A,114.2953,35.7512,鹤壁市,市交警支队,颗粒物(PM10),56,58,47,22,25,164,NA,100,100,11,19,6,6,0.8,0.7
2026-09-18T1300,2387A,114.2877,35.7302,鹤壁市,迎宾馆,臭氧1小时(O3_1h),62,44,46,25,22,169,NA,115,115,12,15,7,7,0.8,0.7
2026-09-18T1300,2389A,113.836,35.3104,新乡市,环保西院,臭氧1小时(O3_1h),70,56,62,22,29,176,NA,115,115,7,15,10,12,0.7,0.7
2026-09-18T1300,2390A,113.8847,35.2724,新乡市,开发区,臭氧1小时(O3_1h),64,51,52,32,28,171,NA,110,110,10,18,7,10,0.3,0.3
2026-09-18T1300,2391A,113.8836,35.3028,新乡市,环保东院,臭氧1小时(O3_1h),80,45,50,24,26,184,NA,121,121,8,16,8,8,0.6,0.6
2026-09-18T1300,2392A,115.0312,35.7636,濮阳市,环保局,臭氧1小时(O3_1h),64,55,53,17,26,171,NA,101,101,11,19,4,8,1.0,0.9
2026-09-18T1300,2398A,113.7904,33.9949,许昌市,开发区,臭氧1小时(O3_1h),57,40,64,35,37,165,NA,101,101,9,19,6,8,0.3,0.4
2026-09-18T1300,2399A,114.051,33.5721,漯河市,三五一五工厂,颗粒物(PM10),51,51,58,22,36,159,NA,108,108,14,22,7,6,0.6,0.6
2026-09-18T1300,2400A,114.0055,33.5698,漯河市,漯河大学,颗粒物(PM10),54,55,60,27,36,156,NA,112,112,16,22,7,7,0.5,0.6
2026-09-18T1300,2401A,114.0134,33.5826,漯河市,市水利局,颗粒物(PM10),55,56,55,20,32,158,NA,110,110,14,20,9,9,0.6,0.6
2026-09-18T1300,2402A,114.0261,33.5697,漯河市,市广电局,颗粒物(PM10),55,56,52,18,30,161,NA,113,113,13,18,5,5,0.4,0.5
2026-09-18T1300,2404A,112.5338,33.0086,南阳市,瓦房庄,颗粒物(PM10),52,52,44,27,28,119,NA,111,111,13,14,7,6,0.7,0.5
2026-09-18T1300,2405A,112.5002,32.9734,南阳市,汉画馆,颗粒物(PM10),52,52,45,28,25,118,NA,115,115,12,13,8,7,0.8,0.7
2026-09-18T1300,2406A,112.5778,33.0144,南阳市,气象站,,42,42,38,29,23,117,NA,103,103,11,15,8,8,0.8,0.7
2026-09-18T1300,2407A,112.548,32.9687,南阳市,理工学院,,46,46,36,26,24,122,NA,112,112,12,13,9,8,0.8,0.7
2026-09-18T1300,2408A,115.6701,34.4283,商丘市,环境监测站,颗粒物(PM10),68,74,56,36,25,159,NA,94,94,12,14,6,6,0.6,0.5
2026-09-18T1300,2409A,115.6458,34.4047,商丘市,粮食局,颗粒物(PM10),64,69,51,31,26,154,NA,91,91,13,15,9,7,0.7,0.6
2026-09-18T1300,2420A,114.0194,32.9648,驻马店市,市一纸厂,颗粒物(PM10),59,62,48,31,32,142,NA,100,100,12,17,5,6,0.3,0.4
2026-09-18T1300,2421A,114.0112,33.0149,驻马店市,市彩印厂,,46,46,45,26,33,141,NA,92,92,11,14,4,3,0.4,0.4
2026-09-18T1300,2423A,115.0547,30.2332,黄石市,沈家营,,39,36,41,24,26,124,NA,69,69,10,9,11,12,0.4,0.4
2026-09-18T1300,2426A,114.899,30.211,黄石市,铁山,NA,NA,56,35,38,27,125,NA,97,97,12,8,NA,3,0.7,0.4
2026-09-18T1300,2427A,115.0259,30.2108,黄石市,团城山,,39,39,41,22,27,123,NA,73,73,7,9,5,6,0.5,0.5
2026-09-18T1300,2429A,110.78,32.6494,十堰市,滨河新村,,44,44,27,27,16,92,NA,70,68,12,12,/,/,0.7,0.6
2026-09-18T1300,2430A,110.7305,32.6408,十堰市,刘家沟,,42,35,25,29,16,72,NA,48,48,14,10,/,/,/,/
2026-09-18T1300,2431A,110.8843,32.5712,十堰市,铁二处,,42,38,30,29,21,91,NA,50,50,18,15,7,7,0.6,0.5
2026-09-18T1300,2432A,112.1555,32.0197,襄阳市,襄城运动路,颗粒物(PM10),59,62,54,33,25,74,NA,63,60,18,16,7,7,0.7,0.6
2026-09-18T1300,2434A,112.1829,32.1146,襄阳市,高新管委会,,48,46,46,33,27,91,NA,61,61,13,21,8,9,0.8,0.8
2026-09-18T1300,2435A,112.2105,32.0903,襄阳市,襄州航空路,颗粒物(PM10),65,71,57,38,28,78,NA,56,56,16,17,6,6,0.8,0.7
2026-09-18T1300,2436A,114.894,30.3989,鄂州市,市政府,,46,46,29,25,21,104,NA,80,80,23,12,6,5,0.7,0.4
2026-09-18T1300,2437A,114.8986,30.3714,鄂州市,赵家坝,细颗粒物(PM2.5),58,47,34,39,23,111,NA,82,82,26,14,17,3,1.3,0.5
2026-09-18T1300,2439A,112.2012,31.048,荆门市,竹园小学,颗粒物(PM10),55,56,33,20,18,91,NA,79,79,12,11,6,7,0.7,0.6
2026-09-18T1300,2440A,112.1968,30.9892,荆门市,掇刀,,36,36,32,25,22,95,NA,84,84,5,7,6,6,0.4,0.5
2026-09-18T1300,2444A,113.9062,30.9378,孝感市,东城区,,38,38,35,24,21,87,NA,59,59,6,6,5,6,0.5,0.6
2026-09-18T1300,2446A,114.9021,30.474,黄冈市,职工中心,,38,36,34,26,23,112,NA,80,80,6,6,9,8,0.6,0.5
2026-09-18T1300,2451A,113.3587,31.7275,随州市,市委党校,细颗粒物(PM2.5),58,57,37,39,26,102,NA,87,87,8,8,10,8,0.8,0.7
2026-09-18T1300,2452A,113.3745,31.6926,随州市,市林业局,颗粒物(PM10),53,53,31,31,19,96,NA,86,86,10,9,6,5,0.8,0.7
2026-09-18T1300,2453A,113.3984,31.7309,随州市,市立交桥水厂,,48,48,32,32,19,95,NA,77,77,11,11,5,5,0.7,0.6
2026-09-18T1300,2454A,109.4978,30.2979,恩施土家族苗族自治州,湖北民院,,16,15,20,11,10,31,NA,25,25,14,14,3,4,0.6,0.6
2026-09-18T1300,2457A,112.6209,26.9268,衡阳市,衡阳化工总厂,颗粒物(PM10),64,69,54,37,37,48,NA,54,48,10,8,8,8,0.7,0.8
2026-09-18T1300,2458A,112.621,26.8957,衡阳市,珠晖区环保局,细颗粒物(PM2.5),58,56,58,39,35,52,NA,52,49,15,13,6,6,1.0,0.9
2026-09-18T1300,2459A,112.628,26.8654,衡阳市,市委党校,细颗粒物(PM2.5),56,42,47,38,38,68,NA,62,61,9,8,8,8,1.0,1
2026-09-18T1300,2460A,112.6007,26.8977,衡阳市,市监测站,细颗粒物(PM2.5),70,60,51,45,41,51,NA,60,54,11,9,6,6,0.9,0.9
2026-09-18T1300,2461A,112.5658,26.9013,衡阳市,真空机电公司,细颗粒物(PM2.5),58,54,50,39,42,53,NA,44,40,7,9,6,7,0.8,0.9
2026-09-18T1300,2464A,111.5277,27.2442,邵阳市,市化工厂,细颗粒物(PM2.5),58,NA,35,39,40,64,NA,48,47,5,6,10,10,0.5,0.4
2026-09-18T1300,2466A,111.4327,27.2276,邵阳市,市环保局,细颗粒物(PM2.5),72,66,56,46,40,59,NA,44,43,9,8,8,8,0.7,0.8
2026-09-18T1300,2468A,112.3458,28.581,益阳市,市环保局,,46,34,22,32,22,64,NA,66,60,11,10,6,6,0.8,0.7
2026-09-18T1300,2473A,113.0116,25.8228,郴州市,市职中,,36,33,36,25,34,35,NA,45,35,9,9,8,8,0.8,0.8
2026-09-18T1300,2475A,113.0381,25.8074,郴州市,市审计局,,42,33,40,29,33,38,NA,49,36,10,8,9,9,/,/
2026-09-18T1300,2476A,113.0348,25.7757,郴州市,市环保局,,38,30,35,26,31,37,NA,46,35,10,8,8,8,0.7,0.6
2026-09-18T1300,2478A,111.6126,26.4266,永州市,市环境监测站,细颗粒物(PM2.5),60,49,37,40,30,61,NA,55,51,7,8,5,5,0.8,0.8
2026-09-18T1300,2480A,111.6248,26.3803,永州市,永州市环保局,细颗粒物(PM2.5),60,57,41,40,29,71,NA,62,53,4,3,4,4,0.7,0.6
2026-09-18T1300,2481A,111.5989,26.4523,永州市,冷水滩区环保局,NA,NA,49,41,34,30,70,NA,59,58,4,5,7,10,NA,0.9
2026-09-18T1300,2483A,109.9297,27.5383,怀化市,河西地税局,,38,38,30,26,25,60,NA,61,59,8,8,4,4,/,/
2026-09-18T1300,2484A,109.9783,27.5342,怀化市,市四医院,,36,35,33,25,24,60,NA,54,54,8,8,9,8,0.5,0.5
2026-09-18T1300,2485A,109.9971,27.5579,怀化市,监测楼,,39,38,32,27,25,56,NA,52,52,5,5,5,3,0.4,0.4
2026-09-18T1300,2488A,111.9984,27.7346,娄底市,市监测站,,24,24,32,14,24,51,NA,55,53,6,7,3,4,0.4,0.4
2026-09-18T1300,2491A,111.9888,27.7035,娄底市,市政府,,20,14,29,14,25,56,NA,52,49,7,6,2,5,0.2,0.2
2026-09-18T1300,2493A,109.7298,28.3164,湘西土家族苗族自治州,州政府,,22,NA,21,10,15,69,NA,60,60,2,3,3,4,0.4,0.5
2026-09-18T1300,2494A,109.6957,28.2676,湘西土家族苗族自治州,吉首市计生局,,22,NA,19,13,14,68,NA,66,66,6,8,5,5,0.3,0.3
2026-09-18T1300,2496A,111.3126,23.4772,梧州市,市十一中,臭氧1小时(O3_1h),52,41,68,31,26,161,NA,63,63,8,29,10,10,0.3,0.3
2026-09-18T1300,2498A,111.26,23.4794,梧州市,龙新,臭氧1小时(O3_1h),98,51,51,24,25,198,NA,74,74,10,25,6,10,0.6,0.6
2026-09-18T1300,2499A,108.3411,21.6159,防城港市,沙万,,35,33,46,18,19,112,NA,82,82,4,14,4,7,0.8,0.8
2026-09-18T1300,2500A,108.3515,21.7733,防城港市,防城档案局,,41,41,39,22,20,120,NA,65,65,5,9,6,6,0.8,0.9
2026-09-18T1300,2501A,108.3506,21.6414,防城港市,大海花园,,39,35,38,21,21,122,NA,77,77,2,9,4,10,0.7,0.8
2026-09-18T1300,2502A,108.6238,21.9667,钦州市,市环保站,,38,31,32,20,14,119,NA,87,87,6,10,8,9,0.6,0.6
2026-09-18T1300,2503A,108.655,21.9481,钦州市,沙埠小学,颗粒物(PM10),52,52,44,11,17,116,NA,73,73,4,14,7,8,0.4,0.4
2026-09-18T1300,2504A,108.5989,21.7435,钦州市,港区一小,颗粒物(PM10),55,56,47,28,17,132,NA,78,78,12,17,7,6,0.8,0.8
2026-09-18T1300,2506A,109.604387,23.066791,贵港市,江南子站,,40,36,38,25,23,125,NA,76,76,6,15,4,4,0.6,0.6
2026-09-18T1300,2508A,109.5669,23.1065,贵港市,荷城子站,NA,NA,41,40,NA,25,123,NA,60,60,8,16,6,4,0.7,0.7
2026-09-18T1300,2511A,110.1433,22.6162,玉林市,南江一中,,47,47,42,24,21,140,NA,84,84,6,23,7,8,0.5,0.5
2026-09-18T1300,2512A,106.6102,23.901,百色市,市监测站,,48,41,39,33,20,100,NA,39,39,6,10,10,9,0.5,0.6
2026-09-18T1300,2513A,106.6524,23.8842,百色市,市中心血站,,30,30,44,21,25,86,NA,36,36,4,13,10,12,0.5,0.5
2026-09-18T1300,2514A,111.5264,24.4178,贺州市,环保小区,,43,34,34,21,25,135,NA,67,67,7,12,12,12,0.4,0.5
2026-09-18T1300,2515A,111.561,24.4074,贺州市,政协大楼,,45,42,31,23,25,141,NA,65,65,8,18,11,10,0.7,0.6
2026-09-18T1300,2517A,108.0496,24.6957,河池市,市环保站,,29,29,28,13,15,61,NA,32,32,6,10,6,8,0.7,0.6
2026-09-18T1300,2520A,109.2203,23.7252,来宾市,来宾技工学校,,47,47,43,27,24,128,NA,59,59,6,13,17,15,0.6,0.6
2026-09-18T1300,2521A,107.3473,22.4137,崇左市,市环保局江州分局,,33,33,23,13,11,89,NA,38,38,10,11,6,5,0.6,0.6
2026-09-18T1300,2524A,105.8211,32.4444,广元市,老城,,18,13,20,0,6,56,NA,31,28,8,10,2,3,0.7,0.7
2026-09-18T1300,2526A,105.8629,32.429,广元市,监测站,,17,15,27,0,4,52,NA,32,29,8,10,5,5,0.7,0.6
2026-09-18T1300,2528A,105.5581,30.5231,遂宁市,市监测站,,29,29,26,15,13,63,NA,22,22,10,14,17,7,0.8,0.7
2026-09-18T1300,2530A,105.5917,30.4727,遂宁市,美宁食品公司,,38,NA,20,26,15,48,NA,18,18,12,15,14,10,0.7,0.6
2026-09-18T1300,2531A,105.0703,29.61,内江市,市监测站,,22,NA,15,15,12,61,NA,27,27,9,14,4,4,0.6,0.6
2026-09-18T1300,2533A,105.0657,29.5807,内江市,内江二中,,20,20,23,14,13,61,NA,32,32,12,14,5,6,0.4,0.4
2026-09-18T1300,2534A,105.0407,29.5828,内江市,内江日报社,,21,NA,15,11,14,66,NA,35,35,13,20,10,6,0.2,0.2
2026-09-18T1300,2536A,103.7629,29.5844,乐山市,牛耳桥,,23,19,16,11,9,71,NA,42,42,6,6,6,6,0.9,0.9
2026-09-18T1300,2537A,103.7501,29.6002,乐山市,市第三水厂,,25,16,15,11,7,77,NA,46,46,5,8,4,4,0.9,0.9
2026-09-18T1300,2538A,103.7571,29.5664,乐山市,市监测站,,23,21,18,10,8,73,NA,43,43,5,7,3,3,0.7,0.7
2026-09-18T1300,2540A,103.8414,30.0871,眉山市,气象局,,25,23,24,4,8,78,NA,40,40,5,11,7,7,0.9,1
2026-09-18T1300,2544A,106.6307,30.4577,广安市,市委,,40,NA,15,28,17,33,NA,25,25,8,11,8,8,0.5,0.5
2026-09-18T1300,2545A,106.6266,30.4662,广安市,友谊中学,,32,23,20,22,14,38,NA,30,30,7,10,9,9,0.8,0.8
2026-09-18T1300,2547A,106.6386,30.4551,广安市,广电花园,NA,NA,15,16,NA,16,30,NA,22,22,8,11,10,10,0.7,0.7
2026-09-18T1300,2549A,107.5087,31.2186,达州市,市环境监测站,,10,10,26,2,7,21,NA,7,7,14,18,5,5,0.4,0.5
2026-09-18T1300,2550A,107.4988,31.2132,达州市,凤凰小区,,10,7,24,2,7,29,NA,11,11,13,18,4,5,0.5,0.6
2026-09-18T1300,2551A,107.5081,31.1987,达州市,达县机关宾馆,,17,17,26,8,8,18,NA,6,6,22,27,4,4,0.4,0.4
2026-09-18T1300,2552A,107.4644,31.2124,达州市,市政中心,,27,27,41,6,11,21,NA,11,11,18,23,4,5,0.5,0.6
2026-09-18T1300,2555A,103.011,29.9833,雅安市,市政府,,36,33,22,25,14,44,NA,15,15,13,10,5,5,0.8,0.7
2026-09-18T1300,2556A,102.9907,29.9778,雅安市,川农大,,36,35,25,25,15,43,NA,12,12,8,9,6,6,0.7,0.7
2026-09-18T1300,2562A,104.6357,30.1508,资阳市,资阳中学,,24,17,22,13,12,75,NA,34,34,3,6,6,5,0.4,0.3
2026-09-18T1300,2565A,104.6297,30.1259,资阳市,区法院,,23,13,13,13,13,72,NA,35,35,4,8,2,2,0.6,0.6
2026-09-18T1300,2568A,102.2503,31.8896,阿坝藏族羌族自治州,马师校,,14,14,20,6,8,39,NA,15,15,4,4,4,4,0.6,0.5
2026-09-18T1300,2570A,101.96,30.048,甘孜藏族自治州,水桥子,,21,5,7,2,2,66,NA,36,35,2,9,2,2,0.2,0.2
2026-09-18T1300,2573A,102.2629,27.8981,凉山彝族自治州,西昌市政府,,40,28,19,28,14,65,NA,31,31,13,11,10,7,1.0,0.7
2026-09-18T1300,2574A,102.2686,27.885,凉山彝族自治州,凉山州政府,,40,32,18,28,12,65,NA,34,34,12,10,8,5,1.0,0.7
2026-09-18T1300,2577A,104.8293,26.592,六盘水市,黄土坡,,20,NA,15,4,11,64,NA,48,48,6,7,4,3,0.4,0.3
2026-09-18T1300,2579A,104.8481,26.5898,六盘水市,民中,,20,12,12,1,11,61,NA,44,44,6,7,1,2,0.3,0.3
2026-09-18T1300,2580A,104.9541,26.5506,六盘水市,双水,,18,NA,7,7,7,57,NA,47,47,4,6,5,4,0.1,0.2
2026-09-18T1300,2585A,109.1839,27.7344,铜仁市,铜仁卫校,,22,14,35,3,20,69,NA,66,66,4,3,2,2,0.6,0.7
2026-09-18T1300,2586A,109.1752,27.6945,铜仁市,铜仁七中,,20,12,25,7,22,63,NA,63,63,4,4,6,7,0.4,0.5
2026-09-18T1300,2587A,105.287,27.3133,毕节市,八中,,21,NA,30,13,16,66,NA,33,33,4,7,8,6,0.5,0.6
2026-09-18T1300,2588A,105.3079,27.2987,毕节市,师专,,20,13,27,8,14,63,NA,34,34,5,7,8,9,0.4,0.5
2026-09-18T1300,2589A,104.9022,25.0943,黔西南布依族苗族自治州,场坝街,,18,9,14,4,8,55,NA,40,40,3,3,5,5,0.3,0.3
2026-09-18T1300,2590A,104.8812,25.0994,黔西南布依族苗族自治州,坪东大道,,18,12,16,10,8,55,NA,39,39,2,3,4,4,0.3,0.3
2026-09-18T1300,2591A,107.9765,26.5724,黔东南苗族侗族自治州,市环境监测站,NA,NA,NA,17,NA,13,70,NA,42,42,NA,6,3,3,0.4,0.4
2026-09-18T1300,2593A,107.5223,26.2371,黔南布依族苗族自治州,小围寨,,22,NA,11,11,11,70,NA,63,63,4,4,4,5,0.5,0.5
2026-09-18T1300,2594A,99.1589,25.1137,保山市,市环境监测站,,31,24,16,9,9,99,NA,47,47,7,6,7,7,0.3,0.3
2026-09-18T1300,2595A,99.1616,25.1381,保山市,市环保局,,30,13,8,12,11,95,NA,44,44,5,4,4,4,0.5,0.5
2026-09-18T1300,2596A,103.7668,27.3736,昭通市,监测站,,35,31,27,24,14,71,NA,37,37,6,9,6,5,0.5,0.5
2026-09-18T1300,2599A,100.2497,26.8802,丽江市,丽江古城,,26,15,15,4,8,82,NA,54,54,9,10,6,5,0.5,0.6
2026-09-18T1300,2600A,100.2203,26.8906,丽江市,市中心,,25,14,10,4,7,78,NA,48,48,10,12,4,4,0.5,0.5
2026-09-18T1300,2601A,100.9801,22.7634,普洱市,市环保局,,19,18,22,3,8,60,NA,53,53,3,5,7,7,0.7,0.7
2026-09-18T1300,2602A,100.9763,22.8237,普洱市,普洱第二中学,,18,17,23,5,8,56,NA,46,46,3,8,8,8,0.6,0.7
2026-09-18T1300,2603A,100.0779,23.8981,临沧市,市环保局,,27,27,18,6,9,51,NA,26,26,6,11,5,7,0.4,0.4
2026-09-18T1300,2604A,100.0894,23.882,临沧市,市气象局,NA,NA,14,16,2,12,55,NA,30,30,3,8,NA,10,NA,0.6
2026-09-18T1300,2606A,101.5379,25.0492,楚雄彝族自治州,市经济开发区,,15,2,8,2,10,47,NA,44,41,6,7,2,2,0.3,0.1
2026-09-18T1300,2610A,104.2533,23.3595,文山壮族苗族自治州,州水务局,,16,12,10,9,7,51,NA,40,40,6,7,4,5,0.3,0.3
2026-09-18T1300,2611A,104.2319,23.3892,文山壮族苗族自治州,市便民服务中心,,18,15,10,4,7,55,NA,46,46,8,9,3,3,0.4,0.4
2026-09-18T1300,2612A,100.8018,21.9995,西双版纳傣族自治州,景洪市江南,,19,19,21,10,9,56,NA,26,26,4,8,9,9,0.7,0.8
2026-09-18T1300,2613A,100.7995,22.0238,西双版纳傣族自治州,景洪市江北,,22,22,21,12,10,56,NA,28,28,4,5,9,10,0.5,0.7
2026-09-18T1300,2614A,100.2168,25.5818,大理白族自治州,大理市环境监测站,,24,12,14,9,9,76,NA,51,51,6,7,5,5,0.5,0.5
2026-09-18T1300,2615A,100.1542,25.7055,大理白族自治州,大理古城,NA,NA,NA,10,8,7,82,NA,53,53,5,9,3,7,NA,0.8
2026-09-18T1300,2616A,98.5611,24.4273,德宏傣族景颇族自治州,德宏州监测站,,30,NA,21,21,20,92,NA,42,42,8,11,9,10,0.7,0.7
2026-09-18T1300,2618A,98.859,25.8541,怒江傈僳族自治州,州监测站,,22,NA,28,12,17,68,NA,30,30,4,11,4,4,0.5,0.5
2026-09-18T1300,2619A,98.8607,25.8168,怒江傈僳族自治州,泸水一中,,26,26,21,9,15,63,NA,23,23,6,13,5,5,0.4,0.5
2026-09-18T1300,2621A,99.7054,27.8319,迪庆藏族自治州,迪庆州站,,25,10,17,6,6,79,NA,53,51,9,9,7,8,0.4,0.4
2026-09-18T1300,2622A,97.1813,31.1289,昌都市,昌都监测站,,20,11,9,2,3,62,NA,42,42,9,9,5,5,0.4,0.3
2026-09-18T1300,2624A,91.7592,29.234,山南市,山南监测站,,31,10,6,1,1,97,NA,113,104,6,5,8,8,0.3,0.3
2026-09-18T1300,2625A,91.7701,29.2436,山南市,山南人民医院,,31,7,8,1,2,97,NA,114,102,4,4,9,9,0.2,0.2
2026-09-18T1300,2626A,88.8873,29.2723,日喀则市,日喀则监测站,,30,4,14,0,4,96,NA,66,65,3,11,7,8,0.2,0.3
2026-09-18T1300,2628A,92.0653,31.4846,那曲市,那曲监测站,,37,22,36,4,18,116,NA,71,71,5,17,6,7,0.3,0.6
2026-09-18T1300,2630A,80.1171,32.4999,阿里地区,阿里监测站,,45,8,13,4,2,142,NA,110,98,8,9,5,4,0.2,0.2
2026-09-18T1300,2632A,94.3683,29.6373,林芝市,林芝监测站,,18,7,7,3,4,57,NA,32,29,7,9,5,5,0.4,0.4
2026-09-18T1300,2633A,94.3616,29.6634,林芝市,林芝人民医院,,18,7,9,4,5,57,NA,30,29,6,8,4,5,0.4,0.4
2026-09-18T1300,2635A,107.0155,33.0707,汉中市,市监测站,,18,18,21,8,8,9,NA,7,7,20,13,4,4,0.6,0.5
2026-09-18T1300,2636A,107.0083,33.114,汉中市,鑫源开发区,,23,13,13,2,8,73,NA,54,51,5,9,6,6,0.7,0.7
2026-09-18T1300,2637A,107.0072,33.0323,汉中市,南郑大河坎水厂,,15,12,15,8,9,46,NA,26,26,7,8,2,2,0.5,0.5
2026-09-18T1300,2639A,109.7445,38.2919,榆林市,世纪广场,,38,27,28,16,18,120,NA,94,94,6,11,6,13,0.5,0.5
2026-09-18T1300,2640A,109.729,38.2837,榆林市,实验中学,,38,29,29,17,18,121,NA,98,98,7,10,4,9,0.4,0.5
2026-09-18T1300,2641A,109.7347,38.2491,榆林市,环保监测大楼,,38,30,26,17,19,120,NA,96,96,7,10,6,7,0.4,0.4
2026-09-18T1300,2644A,109.0088,32.6974,安康市,汉滨区检察院,,23,15,10,9,5,71,NA,65,65,8,9,2,2,0.7,0.7
2026-09-18T1300,2645A,109.9155,33.8714,商洛市,监测站,,21,14,12,10,8,67,NA,57,56,9,11,9,10,0.4,0.4
2026-09-18T1300,2647A,104.1727,36.5448,白银市,第三小学,,34,34,45,14,17,108,NA,58,58,9,22,17,19,0.6,0.6
2026-09-18T1300,2648A,104.1467,36.5482,白银市,动力公司,,34,34,36,8,14,103,NA,57,57,9,24,17,12,0.5,0.4
2026-09-18T1300,2650A,105.72058,34.57859,天水市,公园小学,,28,28,30,9,15,73,NA,74,70,10,12,10,8,0.3,0.4
2026-09-18T1300,2651A,105.89428,34.55353,天水市,麦积国土局,,26,17,34,3,18,83,NA,84,79,4,8,9,9,0.4,0.5
2026-09-18T1300,2652A,102.6203,37.925,武威市,监测站,,38,31,41,10,16,120,NA,68,68,5,22,13,13,0.3,0.3
2026-09-18T1300,2654A,100.4699,38.9525,张掖市,润泉湖,,36,36,76,14,23,108,NA,80,80,4,14,2,3,0.2,0.2
2026-09-18T1300,2655A,100.4155,38.9422,张掖市,区工会,,39,39,70,7,20,115,NA,94,94,3,11,1,2,0.2,0.2
2026-09-18T1300,2656A,106.6633,35.5338,平凉市,聚贤嘉苑,,36,36,40,23,23,66,NA,80,65,8,12,9,9,0.7,0.7
2026-09-18T1300,2657A,106.7021,35.5307,平凉市,博物馆,,47,47,49,24,27,70,NA,68,67,5,14,10,10,0.5,0.5
2026-09-18T1300,2661A,107.6325,35.7357,庆阳市,庆阳五中,,34,34,36,13,20,71,NA,89,72,9,9,2,2,0.5,0.4
2026-09-18T1300,2662A,107.6361,35.7067,庆阳市,市环保局,,35,35,37,21,20,75,NA,90,75,8,8,2,3,0.4,0.3
2026-09-18T1300,2669A,102.9097,34.9841,甘南藏族自治州,州政府,,31,8,27,1,11,99,NA,74,74,2,8,6,7,0.2,0.3
2026-09-18T1300,2671A,100.9016,36.9464,海北藏族自治州,海晏县西海镇,,36,16,23,7,16,115,NA,60,60,2,9,8,9,0.4,0.4
2026-09-18T1300,2672A,102.02,35.5101,黄南藏族自治州,同仁县隆务镇,,42,12,25,9,10,134,NA,94,94,1,2,10,11,0.2,0.2
2026-09-18T1300,2673A,100.6158,36.2985,海南藏族自治州,共和县恰卜恰镇,,35,8,23,5,10,109,NA,78,78,1,8,10,8,0.3,0.4
2026-09-18T1300,2674A,100.2262,34.4854,果洛藏族自治州,玛沁县大武镇,,34,25,22,4,7,107,NA,91,90,1,2,20,18,0.4,0.4
2026-09-18T1300,2675A,97.0386,33.0138,玉树藏族自治州,玉树县结古镇,,36,5,9,2,3,113,NA,73,73,1,10,4,4,0.5,0.5
2026-09-18T1300,2676A,97.373,37.376,海西蒙古族藏族自治州,德令哈市,,34,16,18,5,7,108,NA,85,85,2,2,11,9,0.3,0.3
2026-09-18T1300,2677A,106.1535,37.9648,吴忠市,教育园区,,31,20,31,16,17,98,NA,67,67,5,18,5,7,0.4,0.4
2026-09-18T1300,2679A,106.1851,37.9957,吴忠市,新区二泵站,,39,39,32,1,14,104,NA,77,77,7,15,8,8,0.4,0.4
2026-09-18T1300,2682A,105.1965,37.4996,中卫市,环保局站,,30,24,44,11,18,95,NA,56,56,5,15,3,3,0,0
2026-09-18T1300,2684A,106.2753,36.0057,固原市,监测站,,25,15,22,13,14,80,NA,72,72,4,6,6,7,0.7,0.7
2026-09-18T1300,2685A,106.2384,36.0189,固原市,新区,,31,31,30,18,17,74,NA,62,62,5,9,6,6,0.5,0.6
2026-09-18T1300,2686A,89.1905,42.9419,吐鲁番市,市环保局,颗粒物(PM10),63,67,62,14,16,91,NA,83,80,3,5,5,5,0.5,0.5
2026-09-18T1300,2687A,89.1674,42.9558,吐鲁番市,地区环保局,,45,45,50,5,12,93,NA,82,80,3,7,3,3,0.4,0.4
2026-09-18T1300,2688A,93.5124,42.8176,哈密市,地区监测站,,33,33,29,10,9,89,NA,66,63,10,10,18,4,0.4,0.2
2026-09-18T1300,2689A,93.5014,42.8312,哈密市,哈密师范学校,,32,32,32,6,16,89,NA,51,48,11,16,10,4,0.4,0.3
2026-09-18T1300,2692A,87.2722,44.0298,昌吉回族自治州,新区政务中心,,36,36,29,3,12,86,NA,43,43,7,17,8,7,0.3,0.4
2026-09-18T1300,2693A,82.0482,44.8553,博尔塔拉蒙古自治州,市党校,颗粒物(PM10),53,53,61,3,11,76,NA,44,44,4,8,3,4,0.2,0.2
2026-09-18T1300,2694A,82.0805,44.8966,博尔塔拉蒙古自治州,市环保局,颗粒物(PM10),53,53,74,1,9,80,NA,39,39,2,12,6,6,0.2,0.3
2026-09-18T1300,2695A,80.2899,41.1684,阿克苏地区,电视台,颗粒物(PM10),168,286,83,83,29,73,NA,58,58,8,17,5,6,0.4,0.5
2026-09-18T1300,2696A,80.2592,41.1541,阿克苏地区,艺术中心,颗粒物(PM10),202,351,104,80,32,93,NA,73,73,7,33,6,6,0.3,0.6
2026-09-18T1300,2697A,76.1457,39.7143,克孜勒苏柯尔克孜自治州,市人民政府,颗粒物(PM10),53,54,66,12,19,91,NA,96,80,8,7,4,3,0.2,0.2
2026-09-18T1300,2698A,76.0071,39.466,喀什地区,巡警大队,,37,33,74,13,19,116,NA,113,112,6,8,3,4,0.1,0.1
2026-09-18T1300,2699A,75.9756,39.4693,喀什地区,吾办,,36,36,73,14,18,109,NA,106,106,3,5,4,4,0.3,0.3
2026-09-18T1300,2704A,81.3002,43.9177,伊犁哈萨克自治州,新政府片区,颗粒物(PM10),60,64,50,9,16,85,NA,44,44,11,27,8,6,0.5,0.6
2026-09-18T1300,2705A,81.3364,43.9409,伊犁哈萨克自治州,第二水厂,NA,NA,79,65,11,18,92,NA,39,39,10,28,8,7,NA,0.7
2026-09-18T1300,2706A,82.9993,46.7432,塔城地区,东门外小游园,颗粒物(PM10),58,61,52,2,9,77,NA,43,43,4,5,3,3,0.4,0.4
2026-09-18T1300,2708A,88.1266,47.8515,阿勒泰地区,市站,,42,42,33,1,3,64,NA,38,38,11,9,1,1,0.3,0.2
2026-09-18T1300,2709A,86.0391,44.298,石河子市,艾青诗歌馆,颗粒物(PM10),63,68,41,4,12,76,NA,49,34,12,14,11,6,0.4,0.3
2026-09-18T1300,2711A,87.5352,44.1606,五家渠市,农水大厦,颗粒物(PM10),63,67,42,19,13,72,NA,28,28,17,11,8,5,0.5,0.3
2026-09-18T1300,2809A,113.6668,24.7756,韶关市,大学路288号,颗粒物(PM10),63,68,44,40,32,150,NA,76,76,7,8,16,21,/,/
2026-09-18T1300,2835A,101.7222,26.567,攀枝花市,四十中小,,27,25,24,16,15,85,NA,49,49,8,11,22,25,1.2,1.1
2026-09-18T1300,2842A,118.0937,24.5054,厦门市,湖里中学,,46,35,38,18,20,147,NA,101,101,6,11,2,2,0.5,0.5
2026-09-18T1300,2845A,113.1561,36.1912,长治市,德盛苑,细颗粒物(PM2.5),82,65,30,51,22,110,NA,100,82,25,11,19,13,1.0,0.7
2026-09-18T1300,2846A,113.3209,23.1323,广州市,体育西,臭氧1小时(O3_1h),85,61,51,35,28,188,NA,96,96,28,34,7,7,0.8,0.8
2026-09-18T1300,2858A,117.7917,39.2473,天津市,河西一经路,,45,24,41,10,21,141,NA,83,83,8,19,9,10,0.6,0.7
2026-09-18T1300,2859A,117.3747,38.9845,天津市,津沽路,,41,24,51,8,27,131,NA,80,80,8,18,4,6,0.6,0.8
2026-09-18T1300,2860A,117.159,39.0844,天津市,宾水西道,,44,44,61,26,32,111,NA,87,87,10,13,4,6,0.6,0.7
2026-09-18T1300,2865A,112.7195,37.683,晋中市,榆次三中,臭氧1小时(O3_1h),59,48,40,26,21,167,NA,88,88,5,21,9,10,0.6,0.6
2026-09-18T1300,2867A,111.1225,37.5093,吕梁市,马茂庄小学,,44,36,40,24,15,140,NA,76,76,9,21,1,5,0.6,0.6
2026-09-18T1300,2868A,126.4737,43.953,吉林市,九站,,34,28,27,8,14,108,NA,82,82,7,15,6,6,0.3,0.4
2026-09-18T1300,2869A,119.4472,32.4156,扬州市,五台山医院,,37,21,38,12,20,118,NA,74,74,5,19,10,11,0.7,0.9
2026-09-18T1300,2870A,119.4369,32.1891,镇江市,市疾控中心,,35,33,32,24,28,83,NA,38,38,23,32,6,5,0.8,0.9
2026-09-18T1300,2871A,121.6156,29.9015,宁波市,万里国际学校,,33,33,36,7,19,104,NA,68,68,6,27,8,9,0.5,0.6
2026-09-18T1300,2872A,120.7845,30.7524,嘉兴市,南湖区残联,,38,31,25,15,13,121,NA,74,74,5,15,7,8,0.1,0
2026-09-18T1300,2873A,120.083,30.8929,湖州市,仁皇山新区,,35,26,29,15,16,109,NA,80,80,13,23,8,7,0.5,0.4
2026-09-18T1300,2875A,115.783962,32.889217,阜阳市,阜阳职业技术学院,,36,36,46,20,30,112,NA,87,87,13,13,5,4,0.4,0.5
2026-09-18T1300,2877A,119.1638,36.6524,潍坊市,坊子邮政,颗粒物(PM10),53,53,43,19,20,156,NA,88,88,8,14,2,2,0.7,0.6
2026-09-18T1300,2880A,104.0219,30.6561,成都市,大石西路,,33,27,27,23,18,55,NA,27,27,15,17,4,4,0.6,0.5
2026-09-18T1300,2881A,107.8909,26.531,黔东南苗族侗族自治州,凯里学院,,30,NA,11,21,15,77,NA,50,50,2,4,4,4,0.4,0.4
2026-09-18T1300,2882A,102.5388,24.3703,玉溪市,玉溪一中,,21,18,19,6,10,65,NA,57,57,6,11,4,6,0.4,0.5
2026-09-18T1300,2883A,102.5382,24.339,玉溪市,文体中心,,20,16,19,6,10,63,NA,48,48,4,9,6,7,0.4,0.5
2026-09-18T1300,2884A,98.2672,39.7978,嘉峪关市,酒钢宾馆,NA,NA,22,60,2,12,NA,NA,74,39,8,16,5,23,0.3,0.7
2026-09-18T1300,2885A,104.9344,33.3827,陇南市,滨江中学,,27,27,33,2,8,57,NA,52,50,6,7,8,8,0.5,0.4
2026-09-18T1300,2894A,117.0561,32.6536,淮南市,经济技术开发区消防队,NA,NA,NA,32,NA,21,90,NA,72,72,17,19,9,11,0.4,0.4
2026-09-18T1300,2897A,123.2429,41.7341,沈阳市,沈辽西路,,35,27,57,3,24,111,NA,70,70,6,30,7,17,0.4,0.7
2026-09-18T1300,2900A,123.5951,41.9085,沈阳市,裕农路,,36,34,35,3,16,115,NA,76,76,5,21,6,15,0.5,0.6
2026-09-18T1300,2902A,106.6347,30.4868,广安市,北辰小学,,33,26,23,23,16,43,NA,31,31,9,11,9,9,0.7,0.7
2026-09-18T1300,2907A,120.1846,30.8592,湖州市,吴兴区站,,31,25,26,16,17,98,NA,75,75,6,12,8,8,0.6,0.5
2026-09-18T1300,2919A,116.7022,39.5454,廊坊市,河北工业大学,,43,35,58,24,43,136,NA,105,105,6,12,2,3,0.5,0.6
2026-09-18T1300,2920A,117.71,24.5048,漳州市,蓝田镇,臭氧1小时(O3_1h),70,33,51,14,28,176,NA,100,100,8,15,8,8,0.4,0.5
2026-09-18T1300,2921A,120.5482,30.0003,绍兴市,树下王站,臭氧1小时(O3_1h),63,39,39,24,22,170,NA,87,87,16,19,7,5,0.7,0.7
2026-09-18T1300,2922A,117.194,39.1069,天津市,大理道,,39,39,55,24,30,115,NA,83,83,15,18,4,7,0.8,0.8
2026-09-18T1300,2924A,106.2266,38.4417,银川市,水乡路,,35,33,47,16,19,111,NA,62,62,10,22,6,7,0.4,0.6
2026-09-18T1300,2925A,106.2758,38.4841,银川市,上海东路,,36,27,36,13,18,114,NA,54,54,11,31,6,9,0.3,0.5
2026-09-18T1300,2926A,106.1016,38.4971,银川市,文昌北街,,35,35,51,14,20,106,NA,50,50,12,32,6,5,0.4,0.5
2026-09-18T1300,2929A,114.8858,30.4519,黄冈市,红卫路,,45,39,27,31,23,121,NA,85,85,10,8,4,3,0.4,0.3
2026-09-18T1300,2996A,118.2781,33.9658,宿迁市,市供电局,,34,21,61,12,49,106,NA,98,98,7,14,5,6,0.6,0.9
2026-09-18T1300,2997A,119.8767,32.3291,泰州市,王营,,31,22,32,6,20,98,NA,73,73,2,12,10,10,0.5,0.6
2026-09-18T1300,3000A,119.3577,34.6971,连云港市,德源药业,,35,14,41,9,18,110,NA,81,81,7,18,6,7,0.5,0.7
2026-09-18T1300,3002A,119.9701,31.813,常州市,行政中心,,45,45,43,16,23,99,NA,50,50,27,33,8,9,0.7,0.7
2026-09-18T1300,3003A,120.0434,31.7726,常州市,经开区,,38,35,48,11,20,120,NA,58,58,14,29,10,10,0.7,0.6
2026-09-18T1300,3004A,120.1543,33.3664,盐城市,宝龙广场,,27,27,20,10,11,76,NA,68,68,2,6,9,9,0.6,0.6
2026-09-18T1300,3005A,117.1812,34.29,徐州市,鼓楼区政府,,44,44,80,21,50,130,NA,73,73,7,21,6,8,0.8,0.9
2026-09-18T1300,3006A,117.1693,34.1781,徐州市,铜山区招生办,颗粒物(PM10),51,51,84,26,50,128,NA,77,77,4,22,8,11,0.6,0.7
2026-09-18T1300,3007A,119.178,34.8442,连云港市,新城一中,,36,16,40,7,16,114,NA,81,81,4,31,9,9,0.3,0.4
2026-09-18T1300,3008A,119.3607,34.7519,连云港市,胡沟管理处,,30,14,29,7,13,94,NA,92,91,27,20,11,13,0.4,0.5
2026-09-18T1300,3009A,119.1478,34.5913,连云港市,矿山设计院,,35,14,33,7,17,110,NA,98,98,2,7,4,5,0.3,0.4
2026-09-18T1300,3010A,119.8919,31.7892,常州市,钟楼,颗粒物(PM10),54,55,47,21,21,98,NA,67,60,26,27,12,11,0.9,0.7
2026-09-18T1300,3012A,112.1849,31.0361,荆门市,西山林语,,33,33,23,23,19,98,NA,88,88,5,6,5,5,0.6,0.6
2026-09-18T1300,3014A,106.4958,29.5347,重庆市,歇台子,,28,28,26,7,8,27,NA,26,22,22,26,8,7,0.7,0.9
2026-09-18T1300,3015A,106.4067,29.5729,重庆市,龙井湾,,17,NA,18,10,10,54,NA,42,42,11,19,8,8,0.8,0.9
2026-09-18T1300,3016A,106.5506,29.415,重庆市,龙洲湾,,26,26,28,14,13,32,NA,26,26,21,18,8,8,0.6,0.6
2026-09-18T1300,3018A,111.5048,36.1015,临汾市,唐尧大酒店,,43,43,41,30,20,135,NA,94,94,12,13,6,6,0.7,0.6
2026-09-18T1300,3020A,117.2096,39.1698,天津市,中山北路,,41,41,64,16,29,118,NA,80,80,15,22,5,6,0.8,0.9
2026-09-18T1300,3021A,115,35.7667,濮阳市,濮水河管理处,臭氧1小时(O3_1h),52,47,50,22,28,161,NA,78,78,10,19,7,7,1.0,0.7
2026-09-18T1300,3025A,113.0479,23.6343,清远市,技师学院,臭氧1小时(O3_1h),82,53,59,32,38,185,NA,96,96,15,24,6,8,0.8,0.8
2026-09-18T1300,3026A,116.6179,23.6608,潮州市,市政府,NA,NA,NA,41,12,22,111,NA,101,97,NA,10,8,10,0.6,0.7
2026-09-18T1300,3028A,104.7765,29.3623,自贡市,檀木林体育馆,,21,13,16,6,9,65,NA,39,39,7,9,7,7,0.7,0.7
2026-09-18T1300,3033A,87.4652,43.4569,乌鲁木齐市,培训基地,,32,22,21,8,10,101,NA,88,88,3,5,3,4,0.3,0.4
2026-09-18T1300,3034A,113.1076,41.0385,乌兰察布市,光明街小学,,47,36,40,22,19,148,NA,119,119,6,16,7,9,0.5,0.5
2026-09-18T1300,3036A,118.6903,37.4337,东营市,开发区管委会,,42,33,41,20,28,134,NA,96,96,9,13,3,4,0.3,0.4
2026-09-18T1300,3038A,103.3757,23.3679,红河哈尼族彝族自治州,州图书馆,,17,NA,7,8,7,53,NA,56,52,4,4,3,3,0.3,0.3
2026-09-18T1300,3039A,111.1911,34.7829,三门峡市,三门峡市第一小学,,39,36,39,26,26,123,NA,107,107,10,11,10,10,0.6,0.5
2026-09-18T1300,3045A,109.9647,33.8486,商洛市,商州区中学,,20,17,15,9,8,63,NA,51,51,10,13,5,7,0.4,0.4
2026-09-18T1300,3046A,115.9084,28.6062,南昌市,机电学校,,49,39,50,23,35,155,NA,114,114,6,9,10,10,0.7,0.8
2026-09-18T1300,3048A,119.5799,26.0937,福州市,九龙,,44,36,27,23,14,139,NA,104,104,7,9,7,7,0.4,0.4
2026-09-18T1300,3051A,117.385,39.1483,天津市,西四道,,39,38,54,17,25,122,NA,80,80,10,20,3,5,0.3,0.5
2026-09-18T1300,3054A,113.9194,35.2847,新乡市,市委党校,臭氧1小时(O3_1h),63,40,46,26,25,170,NA,113,113,9,14,8,9,0.4,0.5
2026-09-18T1300,3055A,101.7775,36.643,西宁市,城北区政府,,44,44,36,11,18,92,NA,41,41,22,22,17,13,1.2,1.1
2026-09-18T1300,3057A,121.5989,37.4016,烟台市,牟平检察院,,44,22,23,6,18,139,NA,86,86,5,14,5,5,0.3,0.4
2026-09-18T1300,3058A,119.2656,42.0356,赤峰市,银河街,颗粒物(PM10),72,80,74,44,41,158,NA,114,114,14,18,14,20,1.2,0.9
2026-09-18T1300,3059A,117.7181,36.205,济南市,泰兴公司,臭氧1小时(O3_1h),92,88,73,37,45,193,NA,102,102,15,31,8,5,0.6,0.6
2026-09-18T1300,3061A,119.7511,49.1576,呼伦贝尔市,国华电力东,,28,21,37,15,17,88,NA,42,42,7,12,5,5,0.3,0.3
2026-09-18T1300,3064A,117.6861,36.2172,济南市,莱芜战役纪念馆,臭氧1小时(O3_1h),90,75,73,35,48,192,NA,112,112,15,25,10,8,0.6,0.7
2026-09-18T1300,3065A,101.9534,29.9976,甘孜藏族自治州,州环保局,,33,33,15,1,1,56,NA,36,34,6,11,3,3,0.1,0.1
2026-09-18T1300,3066A,116.2722,37.438,德州市,九衢泉纯净水厂,细颗粒物(PM2.5),78,85,83,49,41,179,NA,93,93,15,60,16,16,0.7,0.6
2026-09-18T1300,3109A,115.0094,25.8614,赣州市,赣县区卫计委,细颗粒物(PM2.5),52,NA,45,36,35,138,NA,71,71,5,12,3,3,0.7,0.6
2026-09-18T1300,3123A,105.9408,26.2431,安顺市,凤凰山,,19,8,15,6,10,60,NA,54,54,3,5,3,4,0.5,0.5
2026-09-18T1300,3124A,105.9443,26.2567,安顺市,金钟山,NA,NA,NA,14,8,11,63,NA,57,57,NA,5,5,6,0.4,0.5
2026-09-18T1300,3125A,105.8983,26.248,安顺市,娄家坡,,18,9,11,8,8,55,NA,51,51,2,3,5,6,0.4,0.4
2026-09-18T1300,3131A,114.878,40.7992,张家口市,烟厂,臭氧1小时(O3_1h),65,56,54,31,29,172,NA,130,130,8,12,/,/,/,/
2026-09-18T1300,3132A,119.5979,39.938,秦皇岛市,文明里,NA,NA,NA,44,NA,12,NA,NA,129,NA,NA,14,NA,8,NA,0.2
2026-09-18T1300,3133A,106.5469,29.5655,重庆市,上清寺,,23,23,20,5,10,29,NA,24,18,24,28,3,3,0.6,0.7
2026-09-18T1300,3134A,113.8172,34.0339,许昌市,市一中,颗粒物(PM10),55,56,60,23,38,154,NA,95,95,9,16,7,10,0.8,0.9
2026-09-18T1300,3136A,104.2724,30.559,成都市,龙泉驿区区政府,,23,NA,9,11,12,73,NA,60,60,4,6,3,3,0.7,0.7
2026-09-18T1300,3138A,111.7152,29.0288,常德市,武陵区永安,,26,21,16,16,13,81,NA,70,70,11,10,8,8,0.6,0.6
2026-09-18T1300,3139A,111.6891,28.9881,常德市,鼎城区玉霞,,25,25,17,17,13,76,NA,72,72,13,10,8,8,0.7,0.7
2026-09-18T1300,3140A,111.6651,29.0526,常德市,武陵区长庚,,26,18,15,15,12,82,NA,62,62,8,8,7,7,0.7,0.7
2026-09-18T1300,3141A,114.3921,36.0879,安阳市,信访局,臭氧1小时(O3_1h),63,57,46,27,29,170,NA,122,122,19,16,17,6,1.2,0.6
2026-09-18T1300,3147A,114.3434,34.8101,开封市,龙亭公园,臭氧1小时(O3_1h),75,60,55,17,26,180,NA,127,127,5,12,7,6,0.8,0.8
2026-09-18T1300,3148A,103.829,30.0563,眉山市,区人社局,,26,26,34,3,9,82,NA,49,49,7,13,8,8,0.9,0.9
2026-09-18T1300,3149A,115.0174,30.1591,黄石市,笔架山北路,颗粒物(PM10),60,63,59,31,30,128,NA,79,79,9,8,10,9,0.7,0.7
2026-09-18T1300,3151A,114.375,27.8096,宜春市,宜春学院北校区,细颗粒物(PM2.5),86,60,63,53,43,150,NA,72,72,9,14,7,7,0.9,1
2026-09-18T1300,3153A,114.3876,30.4908,武汉市,民族大道182号,细颗粒物(PM2.5),62,50,28,41,29,100,NA,78,78,16,16,6,6,1.2,0.9
2026-09-18T1300,3164A,119.4682,32.394,扬州市,广陵建设局,,37,22,38,9,23,117,NA,66,66,6,24,10,11,0.4,0.5
2026-09-18T1300,3171A,115.6069,34.4465,商丘市,梁园区档案局,臭氧1小时(O3_1h),59,60,55,33,27,167,NA,87,87,10,20,9,6,0.4,0.4
2026-09-18T1300,3173A,117.0598,30.5351,安庆市,市人大,细颗粒物(PM2.5),74,NA,31,47,33,85,NA,76,63,15,14,7,7,0.9,0.7
2026-09-18T1300,3178A,119.0587,36.7209,潍坊市,潍坊七中,颗粒物(PM10),58,61,40,14,13,157,NA,98,98,9,12,4,5,0.6,0.4
2026-09-18T1300,3179A,102.7491,25.012,昆明市,官渡区博物馆,,29,20,16,7,7,90,NA,62,62,7,11,5,4,0.3,0.4
2026-09-18T1300,3180A,99.7122,27.8129,迪庆藏族自治州,质量技术监督局,,26,11,13,2,7,81,NA,54,54,7,8,6,6,0.3,0.3
2026-09-18T1300,3181A,106.776805,31.852614,巴中市,市五中,,20,20,18,7,7,27,NA,11,11,7,8,11,11,0.7,0.7
2026-09-18T1300,3183A,106.7419,31.8654,巴中市,圣泉水务公司,,20,20,17,14,7,28,NA,16,16,13,13,11,11,0.8,0.7
2026-09-18T1300,3187A,116.9508,33.666,宿州市,远航博物馆,,35,34,61,13,47,110,NA,83,83,10,17,8,10,0.6,0.7
2026-09-18T1300,3188A,115.6684,37.7216,衡水市,市城管局,颗粒物(PM10),102,125,91,48,37,152,NA,77,74,13,23,9,8,0.8,0.6
2026-09-18T1300,3190A,116.0254,29.6995,九江市,外国语学校,,46,32,43,27,29,147,NA,116,116,13,14,7,7,0.5,0.5
2026-09-18T1300,3191A,118.3243,33.95,宿迁市,宿豫区政府,,33,23,60,16,52,103,NA,101,101,5,14,6,7,0.4,0.6
2026-09-18T1300,3192A,80.0906,32.5029,阿里地区,阿里藏医院,,49,8,9,2,2,156,NA,124,119,3,4,3,4,0.2,0.2
2026-09-18T1300,3194A,112.2749,30.3124,荆州市,管委会,,32,NA,22,22,21,79,NA,59,59,8,10,6,6,0.6,0.5
2026-09-18T1300,3195A,119.3649,32.3961,扬州市,市体育局,,36,36,37,12,21,115,NA,83,83,9,17,10,10,0.4,0.6
2026-09-18T1300,3200A,115.9772,36.4986,聊城市,监控中心,臭氧1小时(O3_1h),113,80,70,54,33,226,NA,100,100,15,31,15,11,0.4,0.1
2026-09-18T1300,3206A,114.9148,27.8069,新余市,新钢沁园村,细颗粒物(PM2.5),66,61,56,43,43,152,NA,114,114,12,16,9,16,0.7,0.6
2026-09-18T1300,3207A,118.31131,32.3033,滁州市,市政府原办公楼,,46,NA,24,32,28,122,NA,84,81,14,17,9,7,0.6,0.6
2026-09-18T1300,3208A,112.7279,38.4157,忻州市,市政府,,45,36,42,25,22,142,NA,76,76,17,22,8,7,0.7,0.6
2026-09-18T1300,3209A,119.5231,26.6562,宁德市,宁德一中,,46,29,28,16,19,145,NA,85,85,6,7,8,6,0.5,0.5
2026-09-18T1300,3210A,114.3645,34.7955,开封市,汴京公园,臭氧1小时(O3_1h),68,56,61,34,31,174,NA,123,123,6,11,9,7,0.2,0.2
2026-09-18T1300,3216A,117.662,24.5187,漳州市,漳州党校,臭氧1小时(O3_1h),57,39,50,26,28,165,NA,106,106,10,16,/,/,/,/
2026-09-18T1300,3237A,117.4918,30.6617,池州市,展览馆,颗粒物(PM10),56,58,47,35,26,67,NA,54,41,18,19,5,6,0.8,0.7
2026-09-18T1300,3241A,103.7439,36.0841,兰州市,百合公园,,44,44,47,15,20,115,NA,39,39,17,48,25,9,0.7,0.6
2026-09-18T1300,3242A,103.9613,35.9985,兰州市,和平,,35,34,29,12,13,110,NA,60,60,6,14,15,12,0.4,0.4
2026-09-18T1300,3247A,104.9551,33.3709,陇南市,市总工会,,19,18,25,5,8,60,NA,54,46,4,5,8,8,0.5,0.4
2026-09-18T1300,3248A,98.2644,39.7723,嘉峪关市,雄关区,,36,29,52,2,11,114,NA,87,87,7,15,4,20,0.2,0.5
2026-09-18T1300,3265A,121.4242,31.3303,上海市,宝山庙行,,46,46,34,22,15,81,NA,72,72,5,20,8,8,0.5,0.6
2026-09-18T1300,3266A,121.8789,31.4662,上海市,崇明上实东滩,,34,34,23,22,13,87,NA,74,74,3,6,10,10,0.3,0.3
2026-09-18T1300,3268A,121.316,31.2839,上海市,嘉定南翔,,43,43,31,23,14,83,NA,68,68,8,18,9,8,0.5,0.4
2026-09-18T1300,3269A,121.3357,30.7455,上海市,金山新城,,40,40,29,21,14,100,NA,63,63,11,14,4,4,0.8,0.7
2026-09-18T1300,3270A,121.4996,31.0741,上海市,闵行浦江,,48,48,32,28,16,81,NA,72,72,3,13,7,7,0.4,0.3
2026-09-18T1300,3271A,121.2886,31.1663,上海市,青浦徐泾,,38,38,29,21,14,107,NA,74,74,2,9,7,7,0.4,0.4
2026-09-18T1300,3272A,121.2193,31.0382,上海市,松江图书馆,,49,49,39,22,17,116,NA,67,65,22,23,7,8,0.5,0.4
2026-09-18T1300,3273A,121.3904,31.206,上海市,长宁仙霞,,48,48,29,21,15,81,NA,74,73,12,15,7,6,0.3,0.3
2026-09-18T1300,3274A,121.7964,31.0507,上海市,浦东惠南,,44,44,32,21,13,85,NA,67,67,5,16,10,10,0.5,0.6
2026-09-18T1300,3282A,113.3399,40.0586,大同市,大同市卫生学校,臭氧1小时(O3_1h),53,42,44,21,19,162,NA,107,107,8,20,11,9,0.4,0.4
2026-09-18T1300,3283A,109.9154,40.5684,包头市,滨河大厦,,36,29,28,22,19,114,NA,68,68,12,22,9,9,0.5,0.4
2026-09-18T1300,3284A,106.8129,39.7274,乌海市,海北新区,颗粒物(PM10),60,64,52,16,18,84,NA,66,64,31,17,25,16,0.7,0.5
2026-09-18T1300,3285A,113.1383,40.9513,乌兰察布市,北京八中,,48,40,57,6,17,152,NA,109,109,6,19,12,9,0.3,0.4
2026-09-18T1300,3286A,118.9359,42.3146,赤峰市,桥北物流园区,臭氧1小时(O3_1h),59,26,41,17,26,167,NA,126,126,9,24,4,21,0.8,0.8
2026-09-18T1300,3287A,119.3842,32.198,镇江市,富润路1号,,43,36,40,30,34,96,NA,30,30,21,48,10,8,0.5,0.6
2026-09-18T1300,3288A,117.4619,34.4368,徐州市,大泉街道,颗粒物(PM10),68,74,85,40,56,139,NA,72,72,10,24,7,9,0.8,0.9
2026-09-18T1300,3289A,120.7431,31.3188,苏州市,方洲路,,33,33,30,17,15,96,NA,68,68,11,23,8,8,0.5,0.5
2026-09-18T1300,3290A,120.4979,31.2777,苏州市,木渎中学,,39,39,28,20,15,91,NA,73,73,21,20,6,6,0.7,0.8
2026-09-18T1300,3291A,121.0631,32.0644,南通市,通州监测站,,27,27,26,8,11,85,NA,76,76,2,6,1,2,0.5,0.5
2026-09-18T1300,3293A,120.1518,33.3369,盐城市,月亮广场,,28,22,23,12,13,89,NA,80,80,3,7,10,10,1.4,1.2
2026-09-18T1300,3294A,119.565282,32.422263,扬州市,引江管理处,,33,29,36,14,20,105,NA,58,58,2,15,4,6,0.6,0.8
2026-09-18T1300,3295A,120.1226,32.515,泰州市,姜堰区政府广场,,30,30,33,11,20,95,NA,75,75,1,10,6,8,0.5,0.6
2026-09-18T1300,3298A,113.5718,23.5493,广州市,从化街口,,48,47,58,33,38,130,NA,69,69,6,17,8,7,0.6,0.7
2026-09-18T1300,3299A,113.3463,23.369,广州市,白云竹料,,49,49,63,30,38,148,NA,89,89,10,24,4,5,0.7,0.8
2026-09-18T1300,3300A,113.2981,23.2365,广州市,白云嘉禾,,49,46,54,28,31,155,NA,77,77,12,31,4,4,/,/
2026-09-18T1300,3301A,113.4256,23.1716,广州市,黄埔科学城,,48,46,52,33,34,153,NA,82,82,8,22,7,7,0.7,0.8
2026-09-18T1300,3302A,113.3942,23.0485,广州市,番禺大学城,臭氧1小时(O3_1h),100,55,49,43,31,200,NA,120,120,20,19,6,8,0.7,0.6
2026-09-18T1300,3303A,113.4923,22.8169,广州市,南沙黄阁,臭氧1小时(O3_1h),100,65,47,46,27,200,NA,112,112,12,18,10,10,/,/
2026-09-18T1300,3304A,113.534,22.7893,广州市,南沙街,臭氧1小时(O3_1h),88,56,48,34,27,190,NA,119,119,12,15,8,8,0.8,0.7
2026-09-18T1300,3305A,114.0614,22.556,深圳市,莲花,,45,37,36,24,22,144,NA,111,111,8,10,/,/,/,/
2026-09-18T1300,3306A,114.0144,22.6163,深圳市,民治,,50,50,44,23,24,158,NA,109,109,9,18,/,/,/,/
2026-09-18T1300,3307A,114.1756,22.6421,深圳市,横岗,臭氧1小时(O3_1h),67,39,40,20,21,173,NA,136,136,9,15,/,/,/,/
2026-09-18T1300,3308A,113.3493,22.0572,珠海市,金湾,臭氧1小时(O3_1h),53,50,38,26,20,162,NA,132,132,9,8,/,/,0.5,0.4
2026-09-18T1300,3311A,113.1077,22.5647,江门市,江海富民,臭氧1小时(O3_1h),72,62,65,24,26,177,NA,128,128,11,13,/,/,0.4,0.4
2026-09-18T1300,3313A,112.4572,23.0163,肇庆市,高要湖西,颗粒物(PM10),54,55,46,35,30,159,NA,81,81,6,14,7,7,0.6,0.6
2026-09-18T1300,3314A,114.4334,22.8134,惠州市,惠阳秋长,臭氧1小时(O3_1h),53,41,45,23,23,162,NA,118,118,11,14,/,/,/,/
2026-09-18T1300,3315A,116.1234,24.2994,梅州市,梅龙,,39,39,45,23,32,123,NA,98,98,6,10,8,9,0.7,0.7
2026-09-18T1300,3317A,111.9785,21.8954,阳江市,两阳中学,,40,40,37,17,22,124,NA,104,104,5,11,/,/,0.5,0.6
2026-09-18T1300,3318A,112.9898,23.7403,清远市,清新太和,臭氧1小时(O3_1h),95,80,59,48,35,196,NA,105,105,10,11,8,11,0.7,0.7
2026-09-18T1300,3319A,113.7283,23.041,东莞市,万江金泰,臭氧1小时(O3_1h),65,51,50,33,32,172,NA,124,124,13,13,6,6,0.8,0.7
2026-09-18T1300,3320A,116.4028,23.5699,揭阳市,曲溪,,41,22,46,13,23,129,NA,110,110,4,11,10,11,0.5,0.7
2026-09-18T1300,3323A,115.2772,40.9723,张家口市,青少年活动中心,臭氧1小时(O3_1h),54,28,21,16,18,163,NA,113,113,4,7,1,1,0.1,0.1
2026-09-18T1300,3324A,116.8011,38.294,沧州市,河北水利电力学院,NA,NA,NA,67,NA,34,157,NA,97,97,NA,14,11,9,0.7,0.5
2026-09-18T1300,3325A,117.0362,39.3827,天津市,雍阳西道,,37,35,48,16,26,118,NA,87,87,5,9,7,8,0.7,0.7
2026-09-18T1300,3326A,117.0291,39.0612,天津市,辛老路,颗粒物(PM10),56,58,60,32,32,130,NA,93,93,12,13,5,5,0.9,0.7
2026-09-18T1300,3327A,116.9638,38.9374,天津市,地纬路,,46,40,57,22,31,145,NA,92,92,6,12,6,7,0.9,0.9
2026-09-18T1300,3328A,118.4209,31.3704,芜湖市,市气象局,,30,18,28,11,20,93,NA,65,65,10,22,8,8,0.4,0.8
2026-09-18T1300,3329A,117.011,32.5891,淮南市,山南新区,,40,31,25,28,20,93,NA,82,82,16,16,4,5,0.3,0.2
2026-09-18T1300,3331A,118.3268,32.2633,滁州市,图书馆,,44,44,23,30,20,119,NA,77,76,15,17,10,7,0.5,0.6
2026-09-18T1300,3332A,115.7631,33.803,亳州市,亳州学院,颗粒物(PM10),57,59,65,26,34,132,NA,88,88,9,12,4,4,0.3,0.3
2026-09-18T1300,3333A,117.5626,30.695,池州市,第八中学,颗粒物(PM10),52,52,46,29,25,75,NA,52,42,19,23,6,6,0.9,0.7
2026-09-18T1300,3334A,117.5037,30.6242,池州市,第十二中学,颗粒物(PM10),53,53,41,32,27,91,NA,60,46,15,18,3,5,1.2,0.9
2026-09-18T1300,3335A,113.3137,35.2643,焦作市,马村街道办,细颗粒物(PM2.5),52,51,48,36,28,159,NA,112,112,12,13,6,4,0.5,0.5
2026-09-18T1300,3336A,113.2464,35.2374,焦作市,焦作技师学院,颗粒物(PM10),57,59,40,28,24,160,NA,122,122,10,11,8,7,0.5,0.5
2026-09-18T1300,3337A,113.8611,34.0443,许昌市,许昌学院,臭氧1小时(O3_1h),58,44,60,32,32,166,NA,102,102,10,18,7,9,0.3,0.4
2026-09-18T1300,3338A,113.8428,34.0825,许昌市,芙蓉广场,臭氧1小时(O3_1h),55,50,60,32,36,164,NA,94,94,3,16,8,9,0.5,0.6
2026-09-18T1300,3339A,114.0002,33.0404,驻马店市,小管楼,颗粒物(PM10),52,52,48,34,38,147,NA,82,82,15,21,5,5,0.3,0.3
2026-09-18T1300,3340A,112.6005,34.6323,洛阳市,伊滨,,43,43,36,29,28,65,NA,30,30,9,10,7,9,1.4,1.4
2026-09-18T1300,3341A,112.495,34.6338,洛阳市,中移产业园,细颗粒物(PM2.5),62,58,46,41,31,156,NA,68,68,7,17,10,9,0.6,0.7
2026-09-18T1300,3342A,128.7948,47.7291,伊春市,中心小学,,42,29,24,18,21,132,NA,98,98,9,13,1,1,0.9,0.9
2026-09-18T1300,3343A,128.6736,47.729,伊春市,检察院,,44,44,48,14,22,137,NA,96,96,5,10,4,5,0.6,0.5
2026-09-18T1300,3345A,131.0413,45.7795,七台河市,中波台,,29,29,17,4,10,90,NA,46,46,4,8,3,3,0.3,0.3
2026-09-18T1300,3346A,108.3871,31.1627,重庆市,安康,,14,14,21,9,7,23,NA,18,18,16,13,8,8,0.9,0.8
2026-09-18T1300,3347A,105.8983,29.36,重庆市,北山路,,22,22,22,14,14,32,NA,30,26,14,17,7,7,0.7,0.6
2026-09-18T1300,3350A,106.648859,29.023807,重庆市,滩子口,,38,33,26,26,15,36,NA,18,18,8,13,25,13,0.5,0.5
2026-09-18T1300,3351A,105.7164,29.7077,重庆市,棠香,NA,NA,NA,21,NA,10,52,NA,30,30,11,13,5,5,0.8,0.7
2026-09-18T1300,3352A,107.0733,29.8618,重庆市,桃源西路,,27,27,26,15,11,36,NA,21,21,9,10,9,6,0.6,0.5
2026-09-18T1300,3353A,107.3536,29.7283,重庆市,迎宾大道,,16,11,15,5,6,51,NA,41,41,6,10,2,3,0.5,0.5
2026-09-18T1300,3354A,108.8152,29.5079,重庆市,舟白,,17,17,15,3,5,51,NA,40,40,7,7,7,6,0.4,0.5
2026-09-18T1300,3355A,108.3679,30.8429,重庆市,周家坝,,20,7,20,3,7,61,NA,48,48,6,16,1,2,0.6,0.7
2026-09-18T1300,3356A,108.4323,30.7554,重庆市,百安坝,,15,14,17,3,9,48,NA,34,34,9,12,8,8,0.6,0.6
2026-09-18T1300,3357A,104.0028,30.6891,成都市,金博路,,28,24,15,19,16,45,NA,21,20,14,17,2,2,1.1,1.1
2026-09-18T1300,3359A,104.056,30.5228,成都市,华阳,,26,24,18,18,13,60,NA,38,38,15,11,2,2,0.8,0.8
2026-09-18T1300,3360A,104.7894,29.3197,自贡市,南湖救助站,,22,22,22,11,12,64,NA,45,45,7,8,6,5,0.8,0.8
2026-09-18T1300,3361A,103.7313,29.563,乐山市,理工大学,,25,19,14,11,8,78,NA,44,44,3,5,4,8,0.7,0.7
2026-09-18T1300,3363A,117.9883,36.8372,淄博市,新区,臭氧1小时(O3_1h),109,102,72,61,52,218,NA,103,103,22,32,9,8,1.0,0.9
2026-09-18T1300,3364A,117.316,34.8106,枣庄市,市环保局,颗粒物(PM10),65,71,87,30,42,151,NA,85,85,10,27,5,8,0.6,0.6
2026-09-18T1300,3365A,118.5721,37.5654,东营市,垦利区民丰路,,42,31,37,14,17,133,NA,96,96,6,13,4,4,0.3,0.4
2026-09-18T1300,3366A,121.5202,37.4336,烟台市,中国农业大学,,43,19,28,3,16,136,NA,91,91,8,14,7,8,0.2,0.2
2026-09-18T1300,3368A,119.1978,36.6871,潍坊市,高新实验学校,NA,NA,66,47,14,12,158,NA,94,94,7,13,NA,7,0.9,0.7
2026-09-18T1300,3370A,118.3563,35.0215,临沂市,十里堡居委,,49,29,82,13,56,156,NA,95,95,8,26,10,14,0.6,0.9
2026-09-18T1300,3371A,116.3693,37.44,德州市,开发区人民医院,臭氧1小时(O3_1h),75,68,76,46,45,180,NA,81,81,12,30,11,8,0.7,0.6
2026-09-18T1300,3374A,115.5562,35.089,菏泽市,定陶老年大学,臭氧1小时(O3_1h),87,61,62,21,27,189,NA,104,104,11,22,8,6,0.3,0.3
2026-09-18T1300,3375A,102.8016,24.8336,昆明市,青年创业园,,26,12,12,9,9,83,NA,63,63,6,11,3,3,0.6,0.6
2026-09-18T1300,3376A,103.7926,25.4651,曲靖市,南苑二区,,22,13,16,7,10,69,NA,46,46,6,8,3,4,0.5,0.5
2026-09-18T1300,3377A,103.7442,25.5259,曲靖市,曲靖师范学院,,23,9,15,5,7,71,NA,50,50,4,6,3,3,0.4,0.4
2026-09-18T1300,3379A,122.1122,40.2275,营口市,鲅鱼圈市民活动中心,,28,28,47,8,27,88,NA,58,58,4,20,4,5,0.5,0.6
2026-09-18T1300,3380A,102.8915,34.9618,甘南藏族自治州,甘肃民族师范学院,,36,12,27,11,15,114,NA,87,87,6,14,9,7,0.3,0.4
2026-09-18T1300,3396A,112.0764,32.0089,襄阳市,襄城隆中路,颗粒物(PM10),55,56,52,31,22,70,NA,48,48,19,16,8,8,0.6,0.5
2026-09-18T1300,3397A,112.1154,32.103,襄阳市,高新台子湾,NA,NA,NA,31,43,25,75,NA,54,54,17,16,6,6,0.6,0.5
2026-09-18T1300,3398A,114.9134,30.4446,黄冈市,市林业局,,36,36,27,22,18,112,NA,80,80,6,5,5,4,0.5,0.4
2026-09-18T1300,3399A,112.6703,26.8817,衡阳市,师范学院,,35,31,48,24,36,65,NA,57,57,8,7,6,7,0.8,0.9
2026-09-18T1300,3400A,109.1844,21.4396,北海市,龙潭自来水厂,,43,37,35,19,19,136,NA,81,81,5,5,11,8,0.6,0.5
2026-09-18T1300,3401A,108.4829,22.762,南宁市,红星社区,,36,36,30,19,18,106,NA,64,64,4,9,6,7,0.8,0.8
2026-09-18T1300,3402A,109.5422,24.3994,柳州市,市二中,,46,46,42,22,27,126,NA,52,52,8,23,10,9,0.8,1
2026-09-18T1300,3404A,108.5959,21.9634,钦州市,北职校,,46,46,40,18,15,125,NA,77,77,6,11,8,10,0.5,0.5
2026-09-18T1300,3405A,109.5886,23.1172,贵港市,新世纪学校,,46,46,40,27,25,128,NA,61,61,8,15,/,/,0.7,0.7
2026-09-18T1300,3407A,120.6915,30.7741,嘉兴市,秀洲住建,,38,27,26,13,10,120,NA,71,71,6,17,5,6,0.2,0.2
2026-09-18T1300,3408A,120.5685,29.936,绍兴市,绍兴中专,臭氧1小时(O3_1h),67,25,38,16,24,173,NA,102,102,12,17,8,7,0.7,0.7
2026-09-18T1300,3409A,120.4905,30.086,绍兴市,柯桥区政府,臭氧1小时(O3_1h),55,37,32,33,20,164,NA,99,99,12,15,8,7,0.4,0.4
2026-09-18T1300,3410A,120.8751,30.0249,绍兴市,重华小学,,48,26,36,13,21,151,NA,85,85,10,13,7,6,0.3,0.3
2026-09-18T1300,3411A,120.837,30.0137,绍兴市,上虞中学,,47,21,38,13,22,150,NA,82,82,12,16,5,4,0.6,0.6
2026-09-18T1300,3416A,119.1758,36.7139,潍坊市,潍坊学院,颗粒物(PM10),58,61,44,20,17,165,NA,98,98,10,16,7,7,0.6,0.5
2026-09-18T1300,3418A,116.8336,40.4095,北京市,密云新城,,47,47,76,27,47,136,NA,104,104,6,12,4,5,0.9,0.9
2026-09-18T1300,3419A,109.9449,40.6259,包头市,包头市委党校,,37,26,28,16,20,116,NA,72,72,13,26,6,8,0.5,0.5
2026-09-18T1300,3421A,113.1776,40.9779,乌兰察布市,市委党校,臭氧1小时(O3_1h),54,42,51,20,20,163,NA,122,122,6,16,6,7,0.5,0.6
2026-09-18T1300,3422A,118.8443,31.919,南京市,江宁彩虹桥,,37,20,28,2,18,118,NA,77,77,2,16,4,5,0.3,0.5
2026-09-18T1300,3425A,120.642,31.1733,苏州市,越秀幼儿园,,33,33,34,14,15,91,NA,69,69,8,18,6,6,0.6,0.6
2026-09-18T1300,3426A,118.8757,33.2897,淮安市,新华书店,,48,48,52,22,30,117,NA,90,90,7,14,11,11,0.8,0.8
2026-09-18T1300,3427A,118.8497,32.3599,南京市,六合雄州,,39,39,35,22,22,95,NA,73,68,13,25,3,4,0.9,1.1
2026-09-18T1300,3429A,119.8595,31.706,常州市,武进经发区,颗粒物(PM10),58,61,50,28,23,127,NA,60,60,18,30,11,10,1.0,0.8
2026-09-18T1300,3430A,119.5812,31.7256,常州市,金坛城区,,41,41,47,26,30,114,NA,56,56,14,28,5,5,0.7,0.8
2026-09-18T1300,3431A,120.6502,31.4117,苏州市,高铁新城,,44,44,36,16,14,92,NA,71,71,19,26,8,8,0.6,0.7
2026-09-18T1300,3432A,120.9348,31.9874,南通市,环境教育馆,,29,14,20,9,12,92,NA,77,77,4,15,6,6,0.5,0.4
2026-09-18T1300,3434A,119.2414,34.6539,连云港市,工贸学校,,41,28,20,11,13,129,NA,112,112,4,6,8,9,0.4,0.5
2026-09-18T1300,3435A,119.9186,32.4322,泰州市,周山河街区,,30,23,28,8,19,93,NA,75,75,4,13,10,11,0.6,0.7
2026-09-18T1300,3436A,120.4283,33.2048,盐城市,大丰高级中学,,30,24,21,8,11,94,NA,83,81,4,10,7,7,0.5,0.3
2026-09-18T1300,3437A,88.3088,43.3637,乌鲁木齐市,达坂城区环保局,,31,24,35,2,10,97,NA,68,68,4,6,5,5,0.2,0.2
2026-09-18T1300,3438A,87.6132,43.8791,乌鲁木齐市,红光山片区,,46,46,36,19,15,73,NA,38,34,29,26,6,4,0.2,0.2
2026-09-18T1300,3439A,87.7008,43.8003,乌鲁木齐市,新师大温泉校区,,43,43,44,7,13,78,NA,59,59,13,9,10,10,0.3,0.2
2026-09-18T1300,3440A,87.4892,43.84,乌鲁木齐市,大绿谷,,26,26,31,2,10,81,NA,50,50,12,23,1,1,0.4,0.4
2026-09-18T1300,3441A,87.5461,44.1909,五家渠市,经开区管委会,颗粒物(PM10),64,69,48,7,11,70,NA,35,32,22,13,6,3,0.5,0.4
2026-09-18T1300,3442A,86.047,44.2331,石河子市,南区管委会,颗粒物(PM10),60,64,36,0,4,82,NA,59,47,9,11,6,5,0.2,0.3
2026-09-18T1300,3443A,113.2905,23.5541,广州市,花都梯面,,49,49,59,29,37,147,NA,74,74,12,26,6,5,/,/
2026-09-18T1300,3444A,116.4539,23.2684,汕头市,潮南峡山,,34,22,36,12,17,108,NA,107,103,8,10,8,8,0.5,0.6
2026-09-18T1300,3445A,113.786,23.7479,广州市,从化良口,,33,33,36,22,28,102,NA,61,61,6,10,6,6,/,/
2026-09-18T1300,3446A,113.805,23.2614,广州市,增城荔城,细颗粒物(PM2.5),56,55,51,38,32,142,NA,98,98,9,17,10,10,0.6,0.6
2026-09-18T1300,3447A,114.344,22.7115,深圳市,坪山,臭氧1小时(O3_1h),60,59,38,35,22,168,NA,121,121,12,13,5,5,0.6,0.6
2026-09-18T1300,3448A,113.5436,22.1163,珠海市,横琴,臭氧1小时(O3_1h),57,51,40,28,21,165,NA,138,138,12,11,/,/,/,/
2026-09-18T1300,3449A,113.0496,22.4669,江门市,新会银湖,,48,43,44,22,25,153,NA,95,95,8,15,3,4,0.7,0.7
2026-09-18T1300,3450A,111.0101,21.5165,茂名市,电白水东,,40,36,35,16,21,126,NA,95,95,6,7,7,6,/,/
2026-09-18T1300,3451A,112.5617,23.2082,肇庆市,鼎湖凤凰,臭氧1小时(O3_1h),58,56,36,35,25,166,NA,83,83,11,9,10,8,/,/
2026-09-18T1300,3452A,114.6521,22.7755,惠州市,大亚湾霞涌,颗粒物(PM10),55,56,29,29,19,142,NA,114,114,7,8,/,/,/,/
2026-09-18T1300,3453A,112.0125,21.8749,阳江市,阳东陶然,,39,29,35,16,21,123,NA,106,106,5,7,6,6,0.5,0.5
2026-09-18T1300,3454A,113.3527,22.4781,中山市,中山南区,细颗粒物(PM2.5),80,NA,32,50,34,162,NA,111,111,9,10,7,7,0.6,0.5
2026-09-18T1300,3455A,113.076,23.72,清远市,清城东城,臭氧1小时(O3_1h),85,52,62,32,36,188,NA,91,91,14,16,/,/,/,/
2026-09-18T1300,3456A,114.2887,38.0905,石家庄市,鹿泉一中,NA,NA,NA,NA,NA,NA,NA,NA,NA,NA,NA,NA,NA,NA,NA,NA
2026-09-18T1300,3457A,118.4357,39.277,唐山市,冀东油田职工医院,,44,25,47,12,25,139,NA,100,100,4,13,1,2,0.2,0.2
2026-09-18T1300,3458A,114.7893,36.5592,邯郸市,香泉濮院小区,细颗粒物(PM2.5),58,48,54,39,30,159,NA,85,85,17,24,7,10,0.5,0.6
2026-09-18T1300,3459A,115.599,37.5491,衡水市,地表水厂,NA,NA,NA,NA,NA,NA,NA,NA,NA,NA,NA,NA,NA,NA,NA,NA
2026-09-18T1300,3460A,117.4065,40.0583,天津市,北环路,,42,22,58,11,29,132,NA,103,103,5,8,6,8,0.3,0.6
2026-09-18T1300,3461A,117.3041,39.7167,天津市,建设路,,43,33,45,15,27,137,NA,99,99,9,15,9,10,0.8,1
2026-09-18T1300,3462A,117.8201,39.3519,天津市,滨水东路,,41,22,47,11,26,130,NA,80,80,6,15,8,9,0.5,0.7
2026-09-18T1300,3463A,116.9708,33.5911,宿州市,社会福利中心,,33,29,59,9,49,105,NA,75,75,8,24,6,8,0.4,0.6
2026-09-18T1300,3464A,117.3802,31.9148,合肥市,高教基地,,25,17,23,11,11,79,NA,63,63,10,11,7,7,0.5,0.5
2026-09-18T1300,3465A,118.4783,31.3226,芜湖市,清苑社区,,27,21,29,8,23,84,NA,54,54,14,27,6,6,0.5,0.7
2026-09-18T1300,3466A,118.2746,31.2326,芜湖市,扬子职业技术学院,,28,23,29,11,22,88,NA,56,56,13,18,6,6,0.5,0.7
2026-09-18T1300,3468A,115.79,32.8614,阜阳市,市规划展馆,,43,43,41,22,30,115,NA,79,79,15,17,7,6,0.5,0.5
2026-09-18T1300,3469A,115.835101,32.918568,阜阳市,枣园社区,,33,31,46,17,34,103,NA,71,71,12,18,4,4,0.5,0.5
2026-09-18T1300,3471A,113.6104,34.8688,郑州市,惠济区政府,颗粒物(PM10),55,56,59,34,35,157,NA,80,80,11,25,2,6,0.1,0.3
2026-09-18T1300,3473A,114.2485,34.8306,开封市,技师学院,臭氧1小时(O3_1h),60,54,58,19,32,168,NA,101,101,6,21,6,5,0.6,0.6
2026-09-18T1300,3474A,114.2616,35.6824,鹤壁市,大新区,臭氧1小时(O3_1h),65,36,52,32,27,172,NA,107,107,13,16,6,6,0.5,0.6
2026-09-18T1300,3475A,113.9189,35.3042,新乡市,市政府,臭氧1小时(O3_1h),63,53,51,19,26,170,NA,112,112,10,14,10,10,0.4,0.4
2026-09-18T1300,3477A,113.1656,35.2536,焦作市,中站许衡医院,,50,47,44,33,23,160,NA,133,133,8,13,6,5,0.4,0.3
2026-09-18T1300,3478A,113.9691,33.568,漯河市,市图书馆,颗粒物(PM10),55,57,57,21,32,142,NA,94,94,14,22,8,10,0.3,0.4
2026-09-18T1300,3481A,125.127,46.6277,大庆市,萨区政府监测点,,45,38,43,25,22,142,NA,117,117,5,7,8,9,0.5,0.5
2026-09-18T1300,3482A,107.754,29.3275,重庆市,芙蓉中路,,8,8,16,5,5,10,NA,4,4,12,16,10,10,0.8,0.7
2026-09-18T1300,3484A,106.2629,29.3202,重庆市,行政中心,,17,17,34,8,12,31,NA,16,16,24,23,23,14,0.6,0.6
2026-09-18T1300,3486A,124.4029,43.1411,四平市,植物园,,37,25,44,9,22,116,NA,95,95,14,24,9,10,0.2,0.3
2026-09-18T1300,3488A,104.387954,30.746684,成都市,青白江技师分院,,22,16,25,15,17,60,NA,47,47,4,8,5,4,1.1,1
2026-09-18T1300,3489A,104.0788,30.4054,成都市,科学城,,26,8,11,8,8,81,NA,51,51,3,6,8,7,0.6,1
2026-09-18T1300,3491A,104.6899,31.5324,绵阳市,西科大附属小学,,25,13,21,8,12,77,NA,46,46,6,11,8,8,0.5,0.6
2026-09-18T1300,3492A,104.5647,31.5343,绵阳市,安州区旅游局,,19,18,16,13,15,56,NA,34,34,13,15,6,6,0.3,0.3
2026-09-18T1300,3494A,117.1673,36.9782,济南市,济阳区政府,颗粒物(PM10),95,112,94,56,54,188,NA,98,98,18,29,11,10,0.9,0.6
2026-09-18T1300,3495A,117.1168,36.6299,济南市,锦屏中学,臭氧1小时(O3_1h),100,115,73,53,43,200,NA,129,129,41,22,9,8,0.5,0.3
2026-09-18T1300,3496A,118.359,35.1067,临沂市,南坊新区,臭氧1小时(O3_1h),65,51,89,17,66,172,NA,97,97,8,26,7,9,0.4,0.6
2026-09-18T1300,3498A,118.5063,37.8606,东营市,河口城区,,37,29,38,3,16,117,NA,89,89,3,7,2,3,0.7,0.8
2026-09-18T1300,3500A,116.5808,35.3703,济宁市,北湖一中,臭氧1小时(O3_1h),95,74,74,35,38,196,NA,101,101,7,22,4,4,0.5,0.4
2026-09-18T1300,3501A,116.8251,35.5592,济宁市,服务中心,臭氧1小时(O3_1h),102,98,76,44,39,204,NA,90,90,8,27,9,7,0.4,0.2
2026-09-18T1300,3502A,117.1812,36.2273,泰安市,国网新校,臭氧1小时(O3_1h),89,68,66,35,57,191,NA,124,124,7,11,7,6,0.7,0.9
2026-09-18T1300,3503A,117.0315,36.2017,泰安市,交通技校,臭氧1小时(O3_1h),103,81,75,40,55,206,NA,138,138,16,20,9,8,0.7,0.8
2026-09-18T1300,3504A,117.083,36.13,泰安市,山东第一医科大学,臭氧1小时(O3_1h),102,114,92,48,65,204,NA,121,121,14,22,12,10,0.5,0.7
2026-09-18T1300,3505A,122.1379,37.3414,威海市,临港区管委会,,39,14,13,7,7,123,NA,101,101,7,9,6,6,0.2,0.3
2026-09-18T1300,3507A,119.5326,35.4627,日照市,职业技术学院,,39,19,31,4,13,124,NA,99,99,3,11,8,10,0.3,0.4
2026-09-18T1300,3511A,116.5687,37.3331,德州市,陵城艺术中心,"颗粒物(PM10),臭氧1小时(O3_1h)",70,78,70,41,42,176,NA,75,75,11,20,11,10,0.7,0.6
2026-09-18T1300,3513A,116.0443,36.436,聊城市,九州社区,臭氧1小时(O3_1h),106,94,60,47,26,211,NA,110,110,11,18,31,12,0.5,0.4
2026-09-18T1300,3514A,117.9379,37.3959,滨州市,中海酒店,,49,46,60,16,35,156,NA,94,94,6,15,8,9,0.4,0.5
2026-09-18T1300,3515A,117.9381509,37.35547456,滨州市,开发区一中,颗粒物(PM10),56,58,71,20,37,155,NA,81,81,5,14,7,9,0.5,0.6
2026-09-18T1300,3516A,118.0914,37.6938,滨州市,金海六路,,49,39,53,15,35,155,NA,98,98,5,12,6,6,0.4,0.5
2026-09-18T1300,3520A,106.3495,38.9837,石嘴山市,妇女儿童医院,,48,48,47,23,26,125,NA,63,63,14,23,15,15,0.9,0.8
2026-09-18T1300,3521A,106.7495,39.2068,石嘴山市,石大公路,颗粒物(PM10),58,61,41,22,17,118,NA,61,61,12,22,10,7,0.5,0.4
2026-09-18T1300,3523A,106.5105,38.3857,银川市,滨河新区,,39,37,29,15,15,122,NA,77,77,12,18,13,14,0.5,0.5
2026-09-18T1300,3525A,108.6394,34.408,咸阳市,奥体中心,,42,35,33,29,22,91,NA,72,72,6,10,4,3,0.5,0.4
2026-09-18T1300,3526A,119.5188,25.9666,福州市,吴航,,40,21,27,12,15,126,NA,101,101,9,11,9,9,0.4,0.4
2026-09-18T1300,3527A,118.0961,24.5689,厦门市,集美中学,,46,32,37,14,18,146,NA,112,112,5,10,2,3,0.3,0.4
2026-09-18T1300,3528A,118.1502,24.7246,厦门市,同安二实小,,39,22,30,14,20,124,NA,98,98,1,6,2,3,0.6,0.7
2026-09-18T1300,3530A,117.6288,24.5309,漳州市,西洋坪路,,49,41,45,19,26,154,NA,96,96,5,10,6,6,0.3,0.4
2026-09-18T1300,3531A,110.296,25.1254,桂林市,旅游学院,,33,24,33,23,25,101,NA,43,43,7,16,4,5,0.6,0.6
2026-09-18T1300,3532A,110.1951,22.6832,玉林市,玉林师范学院东校区,,46,42,35,28,22,146,NA,78,78,8,13,5,6,0.5,0.5
2026-09-18T1300,3533A,110.0527,22.5894,玉林市,福绵环保局,,48,45,35,27,18,151,NA,72,72,11,12,6,7,0.7,0.6
2026-09-18T1300,3534A,111.4744,24.455,贺州市,西湾,,45,NA,42,31,23,113,NA,55,55,7,15,8,8,0.5,0.6
2026-09-18T1300,3535A,109.1781,23.7293,来宾市,兴宾区政府,,42,37,32,20,20,132,NA,56,56,5,7,18,9,0.7,0.7
2026-09-18T1300,3538A,107.5175,26.2977,黔南布依族苗族自治州,沙坝,,20,7,14,6,10,61,NA,53,53,4,5,3,3,0.7,0.6
2026-09-18T1300,3539A,110.5111,19.9737,海口市,桂林洋子站,,28,21,33,11,15,89,NA,84,84,2,5,/,/,/,/
2026-09-18T1300,3540A,109.7348,18.3443,三亚市,君悦子站,,37,37,24,9,10,72,NA,46,46,3,5,4,4,0.6,0.6
2026-09-18T1300,3541A,109.5726195,19.51688767,儋州市,第一中学子站,,21,20,26,10,11,65,NA,67,67,2,2,3,3,0.3,0.3
2026-09-18T1300,3542A,109.5567,19.5187,儋州市,东坡学校子站,,20,13,26,8,11,63,NA,65,65,2,3,5,5,0.4,0.4
2026-09-18T1300,3544A,121.4891,30.925,上海市,奉贤南桥新城,,46,46,31,22,15,78,NA,65,65,7,16,5,5,0.4,0.3
2026-09-18T1300,3545A,110.8053,32.8401,十堰市,郧阳区金沙路,,33,32,26,23,14,92,NA,80,80,10,9,8,8,0.8,0.7
2026-09-18T1300,3546A,111.4606,30.5519,宜昌市,猇亭区张家湾站,,33,18,16,6,4,104,NA,51,51,3,7,7,7,0.4,0.3
2026-09-18T1300,3547A,112.1631,31.0134,荆门市,龙泉中学南校,,31,NA,18,17,21,99,NA,97,95,11,10,4,4,0.6,0.5
2026-09-18T1300,3549A,109.5061,30.3771,恩施土家族苗族自治州,龙凤新区,NA,NA,10,11,7,6,41,NA,28,28,NA,9,4,4,0.6,0.7
2026-09-18T1300,3550A,102.8,24.9787,昆明市,昆明学院,,28,19,22,2,10,87,NA,59,59,10,15,6,5,0.6,0.6
2026-09-18T1300,3551A,102.5969,24.6738,昆明市,晋宁区生态环境分局,,27,13,15,8,11,86,NA,71,71,4,6,3,3,0.4,0.4
2026-09-18T1300,3552A,102.6673,24.9861,昆明市,云天化总部,,28,12,12,1,6,87,NA,71,71,4,6,5,5,0.3,0.3
2026-09-18T1300,3557A,119.9463,30.0496,杭州市,镇二中,臭氧1小时(O3_1h),59,44,37,26,24,167,NA,81,81,13,22,8,7,0.6,0.6
2026-09-18T1300,3558A,119.7184,30.2367,杭州市,市府大楼,,37,33,35,20,23,117,NA,64,64,10,14,8,8,0.4,0.4
2026-09-18T1300,3560A,120.4715,30.0414,绍兴市,柯桥妇保,臭氧1小时(O3_1h),78,52,36,33,20,182,NA,102,102,13,13,10,8,0.6,0.6
2026-09-18T1300,3561A,120.6985,27.9252,温州市,茶山,,46,29,38,12,21,147,NA,84,84,10,18,/,/,/,/
2026-09-18T1300,3562A,120.4146,30.8538,湖州市,南浔区站,,36,24,27,12,16,115,NA,81,81,10,15,9,9,0.4,0.5
2026-09-18T1300,3564A,121.25678,28.66823971,台州市,台州科技职业学院,,42,29,34,12,17,132,NA,80,80,5,13,9,9,0.5,0.6
2026-09-18T1300,3565A,113.1371,40.1122,大同市,云冈站,,48,48,51,21,19,148,NA,78,78,16,17,9,13,0.4,0.3
2026-09-18T1300,3566A,113.1186,40.2556,大同市,图书馆,,48,48,46,20,17,145,NA,77,77,9,12,13,9,0.8,0.8
2026-09-18T1300,3567A,113.5931,40.0459,大同市,区一中,臭氧1小时(O3_1h),55,51,35,17,16,164,NA,114,114,6,8,10,9,0.7,0.6
2026-09-18T1300,3568A,113.0603,36.0464,长治市,向阳小学,颗粒物(PM10),92,108,47,48,19,122,NA,75,68,19,10,13,8,1.0,0.4
2026-09-18T1300,3569A,112.8788,36.315,长治市,屯留一中,细颗粒物(PM2.5),60,49,40,40,24,153,NA,83,83,18,14,17,13,0.8,0.7
2026-09-18T1300,3571A,112.2938,39.5296,朔州市,一水厂,颗粒物(PM10),52,52,50,21,18,156,NA,110,110,4,12,3,5,0.6,0.6
2026-09-18T1300,3575A,118.0927,39.5807,唐山市,正泰大街热力站,NA,NA,NA,62,NA,32,NA,NA,145,NA,NA,5,NA,6,NA,0.5
2026-09-18T1300,3576A,118.1561,39.8322,唐山市,丰润区政府,,45,26,54,4,22,143,NA,109,109,4,14,5,11,0.4,1.1
2026-09-18T1300,3577A,118.436906,39.73802,唐山市,金山小学,,45,24,49,3,17,144,NA,117,117,6,14,3,5,0.2,0.5
2026-09-18T1300,3578A,118.2449,39.6693,唐山市,政府服务中心,NA,NA,NA,60,NA,27,NA,NA,104,104,NA,13,NA,5,NA,0.6
2026-09-18T1300,3580A,114.1998,36.4439,邯郸市,峰峰矿区临水派出所,臭氧1小时(O3_1h),59,37,36,25,22,167,NA,130,130,10,10,12,8,0.8,0.5
2026-09-18T1300,3581A,115.3136,38.9511,保定市,满城区生态环境分局,颗粒物(PM10),63,68,73,34,43,152,NA,96,96,2,18,1,2,0.6,0.6
2026-09-18T1300,3582A,115.4709,38.7628,保定市,清苑区第二中学,细颗粒物(PM2.5),64,66,88,42,44,160,NA,103,103,2,27,5,11,0.6,0.6
2026-09-18T1300,3583A,115.6231,39.0223,保定市,徐水物探局,颗粒物(PM10),56,58,84,34,45,153,NA,98,98,1,29,1,2,0.6,0.6
2026-09-18T1300,3590A,113.8362,34.566,郑州市,北区建设指挥部,臭氧1小时(O3_1h),60,59,52,32,32,168,NA,103,103,11,26,7,6,0.3,0.4
2026-09-18T1300,3591A,113.3029,34.8041,郑州市,上街区政府,"颗粒物(PM10),细颗粒物(PM2.5)",54,55,49,37,33,159,NA,99,99,13,19,5,7,0.6,0.6
2026-09-18T1300,3592A,114.4518,34.7503,开封市,祥符区生态环境局,臭氧1小时(O3_1h),73,59,62,26,40,178,NA,96,96,5,20,6,4,0.6,0.7
2026-09-18T1300,3593A,112.5736,34.8993,洛阳市,吉利监测站,NA,NA,NA,41,NA,23,NA,NA,NA,NA,NA,20,NA,8,NA,0.3
2026-09-18T1300,3594A,112.8736,33.9068,平顶山市,石龙区,,43,38,76,25,31,136,NA,80,80,15,36,8,10,0.8,0.7
2026-09-18T1300,3596A,114.1573,35.9607,鹤壁市,南山宾馆,颗粒物(PM10),66,72,46,34,27,153,NA,133,132,12,8,12,7,1.1,0.6
2026-09-18T1300,3598A,111.1031,34.719,三门峡市,富达温泉假日酒店,,35,27,38,23,25,110,NA,87,87,12,12,8,8,0.6,0.6
2026-09-18T1300,3599A,106.2648,29.9853,重庆市,书院路,,29,22,17,20,15,38,NA,25,25,12,17,6,6,0.9,1
2026-09-18T1300,3600A,106.2334,29.5583,重庆市,虎峰,,30,30,32,14,14,33,NA,27,27,17,20,21,10,0.8,0.8
2026-09-18T1300,3601A,106.0497,29.8345,重庆市,龙门街,,23,23,24,14,14,46,NA,35,29,14,17,11,7,0.8,0.9
2026-09-18T1300,3604A,119.3267,35.1043,日照市,岚山环保分局,,37,17,42,3,13,118,NA,102,102,3,13,8,11,0.4,0.5
2026-09-18T1300,3605A,109.1019,34.5302,西安市,无线电监控中心,,38,26,34,26,22,98,NA,74,74,8,14,8,7,0.8,0.7
2026-09-18T1300,3610A,105.5931,29.4105,重庆市,昌元,,19,NA,24,13,14,42,NA,36,31,15,18,9,10,0.7,0.6
2026-09-18T1300,3612A,85.1045,45.6895,克拉玛依市,白碱滩区新站,,25,18,33,2,10,78,NA,73,73,3,5,5,6,0.2,0.3
2026-09-18T1300,3613A,87.3069,44.0093,昌吉回族自治州,亚心广场,,34,34,41,5,12,94,NA,42,42,6,21,10,9,0.1,0.2
2026-09-18T1300,3614A,79.9241,37.0878,和田地区,地区环保局,颗粒物(PM10),70,78,252,35,76,81,NA,88,75,2,2,3,3,0.4,0.3
2026-09-18T1300,3615A,79.9132,37.1137,和田地区,市环保局,颗粒物(PM10),70,77,264,30,76,71,NA,91,73,4,2,3,2,0.5,0.5
2026-09-18T1300,3616A,106.7617,31.8343,巴中市,市中心医院,NA,NA,20,26,NA,8,34,NA,12,12,5,9,10,9,0.8,0.8
2026-09-18T1300,3617A,105.8047,32.4167,广元市,经开区,,19,8,16,6,9,60,NA,33,29,8,12,5,6,0.6,0.6
2026-09-18T1300,3618A,112.4702,37.7821,太原市,金胜,颗粒物(PM10),53,53,45,25,22,158,NA,91,91,11,17,9,11,0.2,0.2
2026-09-18T1300,3619A,113.6169,37.8565,阳泉市,龙柱,颗粒物(PM10),63,68,77,34,30,130,NA,42,42,16,38,27,42,0.9,1
2026-09-18T1300,3620A,112.8258,35.4804,晋城市,泽州一中,臭氧1小时(O3_1h),64,56,52,29,24,171,NA,93,93,6,13,7,6,0.8,1
2026-09-18T1300,3622A,113.5556,24.8082,韶关市,碧湖山庄,细颗粒物(PM2.5),68,67,52,44,34,133,NA,64,64,10,13,9,9,1.1,1.1
2026-09-18T1300,3623A,113.8952,22.586,深圳市,西乡,臭氧1小时(O3_1h),57,48,48,26,23,165,NA,118,118,8,17,3,4,0.5,0.5
2026-09-18T1300,3624A,116.4069,23.2533,汕头市,潮南子站,,37,37,41,16,19,106,NA,106,98,9,10,7,8,/,/
2026-09-18T1300,3625A,113.2568,22.7629,佛山市,容桂街道办,臭氧1小时(O3_1h),62,53,42,32,29,169,NA,108,108,10,13,/,/,/,/
2026-09-18T1300,3628A,112.0335,22.9376,云浮市,文笔,臭氧1小时(O3_1h),65,61,42,38,29,172,NA,75,75,8,11,6,6,0.5,0.5
2026-09-18T1300,3629A,101.8304,36.5785,西宁市,世纪职校,,36,32,26,21,20,114,NA,39,39,5,17,11,9,0.8,0.9
2026-09-18T1300,3633A,118.4914,31.681,马鞍山市,雨山,,31,18,28,11,18,98,NA,73,73,8,23,5,7,0.8,1.1
2026-09-18T1300,3635A,112.3678,34.6623,洛阳市,河科大西苑校区,细颗粒物(PM2.5),64,52,55,42,32,160,NA,83,83,12,18,9,8,0.6,0.5
2026-09-18T1300,3636A,112.4387,34.678,洛阳市,英才小学,颗粒物(PM10),51,51,45,35,27,152,NA,64,64,12,20,7,7,0.6,0.5
2026-09-18T1300,3637A,131.0136,45.7688,七台河市,人民广场,,26,22,34,5,10,83,NA,44,44,5,11,6,6,0.5,0.6
2026-09-18T1300,3638A,104.7637,29.3373,自贡市,轻化工大学,,20,NA,13,12,12,61,NA,43,43,7,11,10,10,0.7,0.7
2026-09-18T1300,3642A,120.3454,36.0735,青岛市,市北区南部,,39,20,17,8,6,123,NA,120,120,6,5,6,6,0.5,0.5
2026-09-18T1300,3643A,120.3897,36.18,青岛市,李沧区北部,,37,29,21,8,7,118,NA,113,113,8,13,4,4,0.5,0.5
2026-09-18T1300,3644A,117.8662,36.8049,淄博市,三金集团,臭氧1小时(O3_1h),104,113,87,54,59,208,NA,115,115,19,27,8,9,0.9,0.7
2026-09-18T1300,3645A,118.0259,36.8409,淄博市,东风化工厂,臭氧1小时(O3_1h),118,124,93,68,52,236,NA,130,130,23,32,10,10,0.8,0.8
2026-09-18T1300,3646A,118.4979,37.4623,东营市,胜利站,NA,NA,NA,49,16,26,151,NA,103,103,7,12,NA,6,0.1,0.2
2026-09-18T1300,3648A,106.2176,37.9832,吴忠市,文卫南街,,38,38,37,12,17,107,NA,78,78,7,16,2,4,0.4,0.4
2026-09-18T1300,3650A,105.1696,37.5164,中卫市,沙坡头区政府站,,30,23,35,11,15,96,NA,59,59,6,13,2,2,0.4,0.4
2026-09-18T1300,3654A,114.8093,30.4091,鄂州市,精准医疗中心,,38,36,35,26,22,109,NA,80,80,8,11,5,5,0.7,0.5
2026-09-18T1300,3655A,114.3379,29.8683,咸宁市,长江产业园,细颗粒物(PM2.5),58,NA,45,39,37,99,NA,64,64,8,12,5,5,0.8,0.7
2026-09-18T1300,3656A,120.1554,30.2863,杭州市,消防大队,,47,37,32,16,15,148,NA,87,87,11,15,10,10,0.5,0.5
2026-09-18T1300,3658A,120.6156,30.0762,绍兴市,袍江中学,臭氧1小时(O3_1h),55,52,38,29,19,164,NA,93,93,16,17,11,9,0.5,0.5
2026-09-18T1300,3659A,119.656,29.1132,金华市,气象局,臭氧1小时(O3_1h),83,47,50,20,27,186,NA,105,105,12,30,6,6,0.5,0.6
2026-09-18T1300,3662A,123.6341,47.2079,齐齐哈尔市,富区青少年活动中心,颗粒物(PM10),55,57,54,16,21,108,NA,89,89,6,7,5,4,0.5,0.6
2026-09-18T1300,3663A,124.117,50.4279,大兴安岭地区,红旗社区,,40,31,34,28,25,67,NA,58,58,3,7,4,4,0.3,0.3
2026-09-18T1300,3664A,119.4171,34.734,连云港市,连云街道,,37,21,29,9,16,116,NA,96,96,9,14,10,11,0.6,0.7
2026-09-18T1300,3665A,76.1654,39.7157,克孜勒苏柯尔克孜自治州,克州文化中心,颗粒物(PM10),62,66,67,14,21,88,NA,102,88,13,6,3,3,0.0,0
2026-09-18T1300,3667A,111.0279,35.0543,运城市,水利职院,,39,24,25,19,17,122,NA,104,104,5,7,6,6,0.5,0.5
2026-09-18T1300,3669A,114.4706,36.0634,安阳市,左辅环卫站,颗粒物(PM10),63,68,64,32,28,168,NA,99,99,13,17,25,8,1.7,0.9
2026-09-18T1300,3670A,111.0522,35.0439,运城市,禹都公园,,41,31,26,17,15,131,NA,113,113,7,8,6,6,0.7,0.6
2026-09-18T1300,3671A,116.0879,39.9725,北京市,门头沟三家店,,48,48,72,30,40,137,NA,81,81,7,30,4,4,0.8,0.9
2026-09-18T1300,3672A,116.1507,39.8246,北京市,丰台云岗,,49,35,72,20,44,154,NA,108,108,9,17,4,4,0.5,0.6
2026-09-18T1300,3674A,115.9578,39.7602,北京市,房山燕山,颗粒物(PM10),60,64,63,36,38,151,NA,102,102,10,14,2,3,0.7,0.7
2026-09-18T1300,3675A,116.4669,39.7734,北京市,大兴旧宫,,40,18,45,7,26,126,NA,106,106,8,14,3,3,0.5,0.7
2026-09-18T1300,3677A,98.5887,24.4366,德宏傣族景颇族自治州,芒市人民政府综合楼,,40,40,44,16,18,85,NA,40,40,8,10,10,9,0.7,0.8
2026-09-18T1300,3678A,116.5907,35.4054,济宁市,市第七中学,臭氧1小时(O3_1h),88,91,75,34,34,190,NA,102,102,8,23,6,6,0.6,0.5
2026-09-18T1300,3683A,109.8332,40.6577,包头市,昆区政府,,35,34,33,21,20,110,NA,74,74,15,25,8,9,0.6,0.6
2026-09-18T1300,3684A,130.8639,45.8144,七台河市,新建矿广场,,29,22,47,2,15,92,NA,47,47,6,29,3,12,0.4,0.9
2026-09-18T1300,3685A,117.897,28.4316,上饶市,双创科技城,臭氧1小时(O3_1h),98,45,40,29,24,198,NA,132,132,9,13,8,9,0.6,0.5
2026-09-18T1300,3689A,113.9002,35.372,新乡市,行政服务中心,臭氧1小时(O3_1h),74,48,58,29,37,179,NA,87,87,10,28,11,12,0.5,0.5
2026-09-18T1300,3690A,115.9718,28.7032,南昌市,外国语学校,,42,36,44,21,34,132,NA,93,93,12,14,8,8,0.7,0.6
2026-09-18T1300,3692A,118.2043,39.6703,唐山市,消防缸窑路中队,颗粒物(PM10),52,52,64,19,25,149,NA,114,114,7,10,8,9,0.5,0.6
2026-09-18T1300,3693A,118.1432,39.6203,唐山市,路南电大,NA,NA,NA,68,NA,36,NA,NA,148,NA,NA,6,NA,4,NA,0.6
2026-09-18T1300,3694A,115.9859,40.4562,北京市,延庆石河营,,45,34,76,25,54,143,NA,100,100,5,13,4,4,0.5,0.7
2026-09-18T1300,3695A,116.6151,40.3052,北京市,怀柔新城,,38,20,63,12,42,121,NA,95,95,5,10,3,3,0.6,0.9
2026-09-18T1300,3696A,116.2542,39.8764,北京市,丰台小屯,,46,31,60,15,36,146,NA,111,111,11,19,4,4,0.7,0.8
2026-09-18T1300,3697A,116.8399,40.3843,北京市,密云镇,,42,38,76,29,51,130,NA,100,100,6,15,7,8,0.8,0.9
2026-09-18T1300,3699A,111.6519,40.8389,呼和浩特市,海东办,,43,39,41,4,12,135,NA,68,68,10,42,13,11,0.5,0.5
2026-09-18T1300,3701A,116.9647,33.6252,宿州市,皖北煤电集团,,34,32,64,11,45,107,NA,91,91,9,17,8,10,0.5,0.6
2026-09-18T1300,3706A,122.2584,43.6333,通辽市,老干部活动中心,,42,42,49,24,23,134,NA,124,118,6,8,12,12,0.6,0.6
2026-09-18T1300,3707A,131.0069,45.2988,鸡西市,欧美日汽修厂,,29,18,38,12,15,90,NA,45,45,4,13,4,3,0.4,0.5
2026-09-18T1300,3708A,122.2923,43.6189,通辽市,东方明珠社区,,44,37,46,17,22,138,NA,122,120,10,12,11,16,0.5,0.6
2026-09-18T1300,3710A,121.5593,29.8976,宁波市,白沙活动中心,,36,34,29,8,17,114,NA,75,75,6,21,10,11,0.3,0.4
2026-09-18T1300,3713A,124.3286,43.1726,四平市,世纪城,,39,32,44,8,21,122,NA,102,102,5,15,5,8,0.2,0.4
2026-09-18T1300,3715A,117.3091,32.9314,蚌埠市,蚌埠田家炳中学,,29,24,45,11,25,91,NA,92,92,12,20,8,9,0.5,0.6
2026-09-18T1300,3719A,97.1707,31.1428,昌都市,昌都会议中心,,22,6,7,2,5,70,NA,48,48,4,5,4,3,0.4,0.4
2026-09-18T1300,3726A,88.8775,29.2425,日喀则市,林业技术推广中心,,30,3,8,1,1,94,NA,80,74,2,3,4,5,0.2,0.2
2026-09-18T1300,3728A,104.6701,28.8053,宜宾市,白酒学院,,35,31,24,24,17,51,NA,31,31,10,11,5,6,0.7,0.7
2026-09-18T1300,3734A,118.5753,37.4405,东营市,理想之城,,43,31,45,9,16,137,NA,98,98,6,13,4,5,0.6,0.9
2026-09-18T1300,3860A,118.3915,35.0297,临沂市,皇山花园小区,,50,34,91,13,60,160,NA,96,96,8,27,12,15,0.5,0.8
2026-09-18T1300,3861A,119.2046,36.7696,潍坊市,寒亭区实验一小,臭氧1小时(O3_1h),60,56,37,18,15,168,NA,94,94,8,14,4,3,0.5,0.4
2026-09-18T1300,3866A,122.2469,40.663,营口市,三高中,,39,39,48,7,26,93,NA,68,68,8,26,26,16,0.5,0.8
2026-09-18T1300,3867A,102.074,36.5056,海东市,平安区公安局北苑,,35,29,35,18,20,111,NA,57,57,6,16,15,8,0.7,0.8
2026-09-18T1300,3981A,113.2456,35.18,焦作市,原李万街道办,颗粒物(PM10),54,55,59,30,25,141,NA,90,90,12,16,11,9,0.4,0.3
2026-09-18T1300,3994A,102.2174,31.9016,阿坝藏族羌族自治州,马尔康中学西区,,15,5,13,5,6,48,NA,21,21,2,3,4,4,0.3,0.3
2026-09-18T1300,4002A,109.2312,23.7428,来宾市,中南小学,,48,48,35,22,22,120,NA,54,54,8,16,12,12,0.5,0.6
2026-09-18T1300,4004A,115.4199,38.8665,保定市,双鹰农机,细颗粒物(PM2.5),52,51,76,36,50,155,NA,99,99,3,16,3,3,0.6,0.5
2026-09-18T1300,4006A,122.3622,40.6762,营口市,老边实验小学,,41,41,59,8,32,99,NA,75,75,9,29,10,11,0.6,0.9
2026-09-18T1300,4008A,112.5233,32.9921,南阳市,卧龙区政府,,49,49,45,24,26,118,NA,116,116,13,14,6,6,0.8,0.8
2026-09-18T1300,4010A,112.5608,37.8807,太原市,育英中学,颗粒物(PM10),58,61,46,29,22,147,NA,71,71,16,23,7,9,0.5,0.6
2026-09-18T1300,4011A,103.8505,30.6946,成都市,光华大道三段,,20,18,26,14,16,46,NA,37,30,13,12,3,3,0.9,0.8
2026-09-18T1300,4017A,116.7926,33.9534,淮北市,市博物馆,,50,49,65,35,43,133,NA,82,82,12,18,11,10,0.6,0.6
2026-09-18T1300,4018A,116.0564,36.4609,聊城市,星美广场,臭氧1小时(O3_1h),105,85,66,44,27,210,NA,116,116,6,17,12,10,0.4,0.3
2026-09-18T1300,4022A,102.1648,38.5369,金昌市,金川区人防中心,,36,31,46,11,18,114,NA,90,90,4,12,5,8,0.1,0.2
2026-09-18T1300,4024A,114.6491,37.9014,石家庄市,栾城区星河路,细颗粒物(PM2.5),98,98,64,59,35,130,NA,85,85,9,18,3,6,0.7,0.5
2026-09-18T1300,4027A,75.9485,39.4688,喀什地区,老干局,,36,36,80,4,13,107,NA,104,103,4,6,4,4,0.1,0.2
2026-09-18T1300,4028A,117.9955,37.3752,滨州市,滨州市西街道办事处,,49,44,62,18,37,155,NA,88,88,7,17,7,7,0.6,0.7
2026-09-18T1300,4033A,122.3124,29.9619,舟山市,普陀东港中学,,32,28,19,19,9,101,NA,80,80,5,6,8,7,0.6,0.4
2026-09-18T1300,4034A,115.515,38.8589,保定市,植保所站,细颗粒物(PM2.5),72,NA,64,46,44,165,NA,105,105,8,28,3,5,0.2,0.2
2026-09-18T1300,4036A,116.646,23.676,潮州市,金山,,34,24,39,11,23,106,NA,87,87,4,9,5,5,0.5,0.6
2026-09-18T1300,4051A,86.0791,44.3018,石河子市,世纪广场,颗粒物(PM10),72,80,42,4,9,86,NA,62,45,13,13,8,4,0.6,0.5
2026-09-18T1300,4054A,109.0324,32.6913,安康市,市邮政管理局,,21,21,15,12,6,66,NA,55,55,11,15,3,3,0.9,0.9
2026-09-18T1300,4055A,108.8869,34.2662,西安市,行知小学,细颗粒物(PM2.5),62,63,41,41,24,78,NA,75,72,17,13,5,4,0.7,0.6
2026-09-18T1300,4056A,108.6601,34.3767,咸阳市,五陵塬路2号,颗粒物(PM10),53,54,40,36,24,90,NA,76,75,15,15,7,6,0.6,0.5
2026-09-18T1300,4057A,115.9423,40.4431,北京市,延庆百泉,,42,34,81,20,51,134,NA,98,98,10,14,1,1,0.7,0.9
2026-09-18T1300,4058A,116.6598,39.9164,北京市,通州新华,,36,21,48,9,28,114,NA,102,102,7,14,2,2,0.6,0.8
2026-09-18T1300,4059A,114.4563,38.0365,石家庄市,裕华西路63号,细颗粒物(PM2.5),98,88,56,59,26,106,NA,72,72,10,17,2,6,0.6,0.6
2026-09-18T1300,4060A,114.5586,38.0581,石家庄市,和平路363号,细颗粒物(PM2.5),86,82,62,53,33,118,NA,83,83,13,18,3,3,0.6,0.6
2026-09-18T1300,4061A,114.8347,38.0213,石家庄市,廉州西路160号,细颗粒物(PM2.5),105,97,74,65,40,118,NA,60,60,10,22,1,3,0.7,0.6
2026-09-18T1300,4062A,114.4498,38.0729,石家庄市,北城路41号,细颗粒物(PM2.5),68,73,61,44,26,121,NA,78,78,14,22,5,7,0.6,0.5
2026-09-18T1300,4063A,115.2124,37.9433,辛集市,市政府,细颗粒物(PM2.5),82,81,77,51,41,138,NA,72,72,14,25,2,5,0.5,0.5
2026-09-18T1300,4064A,115.2008,37.9338,辛集市,城管大队,细颗粒物(PM2.5),72,75,68,46,44,132,NA,67,67,9,17,3,2,0.6,0.6
2026-09-18T1300,4065A,118.1267,39.6579,唐山市,光明北路515号,,46,39,42,21,27,147,NA,116,116,9,13,4,7,0.2,0.4
2026-09-18T1300,4066A,119.7458,39.9952,秦皇岛市,南园路157号,,43,26,37,2,14,135,NA,96,96,2,37,5,6,0.1,0.2
2026-09-18T1300,4067A,119.5131,39.8858,秦皇岛市,翠岛大街1号,,43,21,27,1,10,137,NA,107,107,6,11,7,6,0.3,0.3
2026-09-18T1300,4068A,114.5209,36.7697,邯郸市,建安街268号,颗粒物(PM10),52,52,56,26,25,157,NA,80,80,20,20,7,9,0.6,0.8
2026-09-18T1300,4069A,114.5488,36.6177,邯郸市,丛台东路558号,臭氧1小时(O3_1h),59,37,40,22,26,167,NA,84,84,13,39,7,13,0.6,1.1
2026-09-18T1300,4070A,114.5558,37.0578,邢台市,襄都区政府南院,细颗粒物(PM2.5),106,96,48,66,25,152,NA,98,98,10,12,3,4,0.8,0.8
2026-09-18T1300,4071A,114.9883,38.5232,定州市,交通局,颗粒物(PM10),73,82,96,40,48,144,NA,93,93,9,19,2,4,0.7,0.6
2026-09-18T1300,4072A,115.0045,38.5136,定州市,第五中学,细颗粒物(PM2.5),78,82,97,49,48,142,NA,87,87,9,24,1,3,0.5,0.5
2026-09-18T1300,4073A,117.9462,40.95,承德市,杏林街1号,细颗粒物(PM2.5),82,72,60,51,43,149,NA,61,61,5,13,6,6,0.7,0.6
2026-09-18T1300,4074A,112.449,37.8509,太原市,西矿街336号,"颗粒物(PM10),臭氧1小时(O3_1h)",54,55,48,32,23,163,NA,93,93,12,18,9,10,0.8,0.8
2026-09-18T1300,4075A,112.4792,37.9393,太原市,迎宾北路9号,,50,49,45,29,23,157,NA,78,78,13,18,10,10,0.3,0.3
2026-09-18T1300,4076A,112.551,37.8575,太原市,迎泽大街248号,,47,47,46,20,22,141,NA,64,64,22,25,9,11,0.6,0.7
2026-09-18T1300,4077A,113.588,37.8712,阳泉市,宁波路,颗粒物(PM10),68,74,58,30,21,139,NA,48,48,18,37,16,15,0.9,0.8
2026-09-18T1300,4078A,112.8246,35.5152,晋城市,前书院路,NA,NA,54,46,18,18,156,NA,87,87,8,12,8,7,NA,1
2026-09-18T1300,4079A,112.8864,35.4773,晋城市,祥云街666号,颗粒物(PM10),51,51,39,28,24,159,NA,98,98,8,12,7,6,0.8,0.8
2026-09-18T1300,4080A,112.7375,37.7215,晋中市,广安街188号,臭氧1小时(O3_1h),65,42,38,23,21,172,NA,108,108,4,12,9,9,0.3,0.3
2026-09-18T1300,4081A,111.0081,35.0748,运城市,学苑北路2555号,,40,26,28,12,18,126,NA,100,100,8,10,5,5,0.6,0.6
2026-09-18T1300,4082A,121.2548,38.8188,大连市,旅顺,,29,27,24,11,12,92,NA,88,88,7,8,6,6,0.5,0.5
2026-09-18T1300,4083A,123.153,41.2874,辽阳市,铁西路150号,,31,31,40,5,15,90,NA,79,79,6,13,7,8,0.6,0.7
2026-09-18T1300,4084A,123.835,42.2853,铁岭市,新华街20号,NA,NA,24,43,3,14,124,NA,85,85,NA,22,NA,13,0.5,0.6
2026-09-18T1300,4085A,125.0998,42.9134,辽源市,安宁大街333号,,31,19,33,2,11,99,NA,65,65,1,19,5,6,0.3,0.5
2026-09-18T1300,4086A,118.7641,32.0841,南京市,新模范马路66号,,38,24,30,1,19,120,NA,77,71,5,27,4,4,0.3,0.5
2026-09-18T1300,4087A,120.3138,31.4927,无锡市,清舒道1号,,38,38,30,15,11,94,NA,69,69,19,21,5,5,0.8,0.7
2026-09-18T1300,4088A,117.1553,34.2567,徐州市,纺织东路16号,颗粒物(PM10),55,57,77,23,51,135,NA,79,79,11,25,8,10,0.7,0.8
2026-09-18T1300,4089A,119.9551,31.863,常州市,崇义南街5-H号,颗粒物(PM10),51,51,49,22,28,101,NA,50,50,20,26,9,9,0.7,0.8
2026-09-18T1300,4090A,120.4282,31.3228,苏州市,学森路9号,,43,43,35,16,11,97,NA,76,76,26,32,10,9,0.6,0.6
2026-09-18T1300,4091A,120.8692,31.9885,南通市,洪江路,,27,23,24,10,12,85,NA,75,75,5,10,4,4,0.8,0.7
2026-09-18T1300,4092A,119.119691,33.550006,淮安市,枚皋中路89号,,37,37,39,9,25,105,NA,60,60,6,17,6,7,0.6,0.7
2026-09-18T1300,4093A,119.5202,32.3705,扬州市,廖家沟步道,,37,32,34,14,22,117,NA,NA,NA,8,24,8,8,0.5,0.6
2026-09-18T1300,4094A,118.352,33.7886,宿迁市,春华路,细颗粒物(PM2.5),100,82,86,60,59,121,NA,77,77,13,18,6,6,0.7,0.7
2026-09-18T1300,4095A,121.8962,29.7529,宁波市,中科路88号,,42,25,28,10,10,132,NA,92,92,6,19,10,9,0.7,0.8
2026-09-18T1300,4096A,120.6935,28.0114,温州市,鹿城惠民路,,41,24,42,9,20,130,NA,84,84,4,13,/,/,0.3,0.4
2026-09-18T1300,4097A,118.9646,28.9832,衢州市,衢州三中,臭氧1小时(O3_1h),65,33,48,22,30,172,NA,92,92,12,31,5,5,0.9,0.9
2026-09-18T1300,4098A,117.2518,31.8404,合肥市,中国科学技术大学,,28,27,24,19,14,64,NA,71,64,21,19,6,7,0.4,0.4
2026-09-18T1300,4099A,118.5726,31.1371,芜湖市,湾沚区人民法院,,34,24,30,9,30,107,NA,51,51,11,18,6,6,0.6,0.7
2026-09-18T1300,4100A,116.8322,33.9884,淮北市,杜集区第一实验学校,,43,39,53,30,43,136,NA,73,73,11,16,10,8,0.7,0.8
2026-09-18T1300,4101A,118.3196,32.3335,滁州市,银山路666号,,35,34,29,24,22,97,NA,80,73,10,18,6,5,0.5,0.6
2026-09-18T1300,4102A,118.3426,32.2979,滁州市,黄山路555号,,41,41,38,28,24,116,NA,86,76,16,19,10,8,0.6,0.6
2026-09-18T1300,4103A,116.9929,33.6412,宿州市,中兴路,,34,22,73,10,43,108,NA,93,93,10,17,12,13,0.7,0.9
2026-09-18T1300,4104A,119.3106,26.0648,福州市,路通桥巷6号,,45,39,32,19,20,144,NA,97,97,5,7,/,/,/,/
2026-09-18T1300,4105A,118.6355,24.9148,泉州市,霞新路6号,,45,31,32,16,18,143,NA,111,111,6,10,/,/,0.5,0.5
2026-09-18T1300,4106A,115.7923,28.6873,南昌市,工业二路,,46,38,49,24,37,145,NA,109,109,8,11,7,7,0.5,0.6
2026-09-18T1300,4107A,113.8686,27.6668,萍乡市,联洪村委会,细颗粒物(PM2.5),90,78,72,55,48,89,NA,40,40,13,18,12,18,0.7,0.7
2026-09-18T1300,4108A,117.7107,36.2385,济南市,山财大街5号,臭氧1小时(O3_1h),90,83,68,44,51,192,NA,112,112,14,24,7,5,0.9,0.9
2026-09-18T1300,4109A,116.9744,36.6889,济南市,无影山路12号,臭氧1小时(O3_1h),103,85,81,47,45,206,NA,110,110,23,54,8,8,0.8,0.8
2026-09-18T1300,4110A,120.5222,36.4089,青岛市,盟旺路653号,,38,20,16,6,7,121,NA,99,99,8,11,6,6,0.7,0.7
2026-09-18T1300,4111A,116.6075,35.4566,济宁市,任和路,NA,NA,NA,80,NA,37,199,NA,104,104,11,28,NA,4,0.5,0.4
2026-09-18T1300,4112A,116.5648,35.3921,济宁市,文体南路1号,臭氧1小时(O3_1h),93,68,81,24,36,194,NA,103,103,6,24,5,6,0.7,0.5
2026-09-18T1300,4113A,116.0091,36.4495,聊城市,利民路,臭氧1小时(O3_1h),114,NA,32,55,20,227,NA,NA,NA,13,16,16,12,0.7,0.5
2026-09-18T1300,4114A,115.4239,35.2593,菏泽市,黄河路600号,臭氧1小时(O3_1h),75,67,64,22,30,180,NA,108,108,12,18,10,7,0.4,0.4
2026-09-18T1300,4115A,115.5025,35.2727,菏泽市,菏泽市人社局,臭氧1小时(O3_1h),78,66,55,26,27,182,NA,119,119,8,12,7,5,0.2,0.2
2026-09-18T1300,4116A,113.284,33.7139,平顶山市,姚电大道23号,颗粒物(PM10),55,56,71,28,44,140,NA,88,88,14,18,12,11,0.6,0.6
2026-09-18T1300,4117A,114.2918,36.0769,安阳市,钢三路198号,颗粒物(PM10),51,51,52,34,31,134,NA,96,96,13,11,16,8,1.2,0.7
2026-09-18T1300,4118A,115.0552,35.7816,濮阳市,中原东路68号,臭氧1小时(O3_1h),63,57,58,20,26,170,NA,108,108,8,14,10,7,0.8,0.6
2026-09-18T1300,4119A,115.6701,34.3767,商丘市,北海东路185号,颗粒物(PM10),64,69,61,28,26,161,NA,91,91,11,14,8,6,0.4,0.4
2026-09-18T1300,4120A,115.6172,34.3704,商丘市,中山大街3号,臭氧1小时(O3_1h),57,54,57,25,33,165,NA,75,75,11,21,7,6,0.6,0.6
2026-09-18T1300,4121A,114.8466,33.7333,周口市,羲皇大道,,49,32,59,15,32,156,NA,116,116,8,15,7,6,0.6,0.7
2026-09-18T1300,4122A,112.6071,35.1015,济源市,市委党校,细颗粒物(PM2.5),60,NA,54,40,26,130,NA,85,85,23,18,15,8,1.4,0.7
2026-09-18T1300,4123A,112.596,35.0702,济源市,沁园中路1号,颗粒物(PM10),61,65,49,36,28,140,NA,88,88,17,22,5,6,0.8,0.9
2026-09-18T1300,4124A,112.2213,31.0654,荆门市,新台西路6号,,35,24,27,24,23,86,NA,72,72,10,6,8,8,0.5,0.5
2026-09-18T1300,4125A,113.946,30.8999,孝感市,天仙南路1号,,40,40,41,25,26,82,NA,63,58,8,6,6,5,0.5,0.6
2026-09-18T1300,4127A,111.9812,27.7591,娄底市,涟钢职大,,21,21,35,8,26,53,NA,56,55,6,6,3,3,0.6,0.6
2026-09-18T1300,4128A,112.0303,27.7457,娄底市,娄底体校,,17,15,37,11,22,53,NA,53,51,7,7,2,2,0.5,0.5
2026-09-18T1300,4129A,113.8666,23.1062,东莞市,裕兴路,颗粒物(PM10),53,54,56,25,30,158,NA,117,117,11,23,7,5,0.8,0.7
2026-09-18T1300,4130A,114.0076,22.9739,东莞市,教育路1号,,49,49,64,21,30,145,NA,117,117,9,20,10,11,0.8,0.8
2026-09-18T1300,4131A,113.7981,22.8124,东莞市,长怡路1号,臭氧1小时(O3_1h),63,49,55,27,28,170,NA,119,119,11,22,6,6,0.6,0.6
2026-09-18T1300,4132A,108.2927,23.1477,南宁市,起凤路9号,,33,27,36,18,22,104,NA,60,60,5,14,5,6,0.6,0.6
2026-09-18T1300,4133A,106.6273,23.8798,百色市,龙景西路,颗粒物(PM10),75,84,55,19,23,89,NA,34,34,6,11,12,12,0.6,0.4
2026-09-18T1300,4134A,110.1952,20.0451,海口市,长滨二路9号,,33,23,28,11,15,103,NA,94,94,3,4,/,/,/,/
2026-09-18T1300,4135A,109.1714,18.3739,三亚市,城东小学站,,25,21,21,9,9,79,NA,41,41,5,5,/,/,/,/
2026-09-18T1300,4136A,108.6971,30.9377,重庆市,云师幼儿园,,17,17,13,2,5,52,NA,38,38,10,11,5,5,0.7,0.7
2026-09-18T1300,4137A,107.3276,30.3284,重庆市,公安局,,14,13,12,8,9,44,NA,39,39,6,10,8,11,0.6,0.5
2026-09-18T1300,4138A,108.0575,30.3254,重庆市,忠县中学,,14,12,13,8,6,43,NA,26,26,8,12,6,5,0.5,0.5
2026-09-18T1300,4139A,109.4542,31.0182,重庆市,竹枝路2号,,13,9,12,8,5,39,NA,32,32,15,17,6,6,0.5,0.6
2026-09-18T1300,4140A,107.7422,29.871,重庆市,龙河路,,18,18,13,7,8,39,NA,31,30,11,13,8,8,0.8,0.7
2026-09-18T1300,4141A,108.7636,28.84,重庆市,桃花源中路,NA,NA,NA,31,2,20,36,NA,36,33,7,8,8,8,0.8,0.8
2026-09-18T1300,4142A,108.9758,28.4416,重庆市,秀山县高级中学,,20,18,43,14,35,46,NA,38,38,7,7,13,9,1.0,1.1
2026-09-18T1300,4143A,108.1558,29.2859,重庆市,河堡街,,21,21,18,5,8,21,NA,12,12,9,11,7,7,1.1,1
2026-09-18T1300,4144A,104.3257,30.6406,成都市,八角井街185号,,29,29,21,11,10,76,NA,56,56,4,7,6,6,0.7,0.7
2026-09-18T1300,4145A,104.4144,31.1495,德阳市,市林业局,,23,23,33,9,17,69,NA,34,34,5,18,12,12,0.9,0.9
2026-09-18T1300,4146A,104.7092,31.4972,绵阳市,科技城新区公安局,,25,24,28,7,15,79,NA,45,45,10,16,9,9,0.6,0.7
2026-09-18T1300,4147A,105.0433,29.6105,内江市,玉峰路西段888号,,21,21,20,11,12,64,NA,28,28,6,14,5,5,0.5,0.5
2026-09-18T1300,4148A,103.8836,30.0695,眉山市,眉职院,,27,12,21,2,9,84,NA,47,47,6,8,8,7,0.9,1
2026-09-18T1300,4149A,104.6146,28.7422,宜宾市,宜宾市职业技术学校,,39,36,25,27,19,65,NA,32,32,12,13,11,7,1.0,0.8
2026-09-18T1300,4150A,104.6646,30.1116,资阳市,正兴街66号,,21,21,16,14,11,65,NA,28,28,4,7,3,2,0.3,0.2
2026-09-18T1300,4151A,104.8899,26.5685,六盘水市,钟山大道中段564号,,20,7,16,2,9,61,NA,45,45,3,5,3,3,0.3,0.4
2026-09-18T1300,4152A,107.0425,27.7087,遵义市,乌江大道东段1号,,26,21,20,18,15,78,NA,42,42,7,8,8,8,0.6,0.7
2026-09-18T1300,4153A,101.5536,25.0343,楚雄彝族自治州,团结路562号,,20,20,12,1,5,54,NA,44,44,2,3,3,3,0.3,0.3
2026-09-18T1300,4154A,103.401,23.3561,红河哈尼族彝族自治州,蒙自市朝阳路,,16,11,11,4,5,50,NA,52,49,2,2,4,4,0.2,0.2
2026-09-18T1300,4155A,107.1721,34.3558,宝鸡市,滨河北路,,46,46,38,30,26,75,NA,74,73,14,12,4,4,0.7,0.7
2026-09-18T1300,4156A,108.6372,34.3031,咸阳市,胭脂路9号,,50,45,33,35,22,83,NA,76,73,12,10,4,4,0.7,0.6
2026-09-18T1300,4157A,108.0371,34.3035,咸阳市,杨扶路,,50,36,30,35,26,85,NA,73,73,11,12,4,4,0.6,0.5
2026-09-18T1300,4158A,108.0895,34.2623,咸阳市,新桥路,细颗粒物(PM2.5),52,48,42,36,26,84,NA,75,75,6,7,6,6,0.4,0.3
2026-09-18T1300,4159A,110.4531,35.4578,渭南市,桢州大街,,44,40,38,30,29,138,NA,98,98,5,8,10,11,0.7,0.8
2026-09-18T1300,4160A,110.4368,35.4773,渭南市,太史大街,,48,48,48,32,29,110,NA,80,80,10,11,10,10,0.7,0.7
2026-09-18T1300,4161A,109.485,36.6347,延安市,志丹路,,30,30,38,19,24,92,NA,58,58,6,11,4,4,0.8,0.8
2026-09-18T1300,4162A,101.6769,36.6535,西宁市,海晏路105号,,35,15,24,6,18,112,NA,41,41,6,14,10,4,0.5,0.5
2026-09-18T1300,4163A,102.0984,36.5119,海东市,滨河路,NA,NA,15,27,12,19,122,NA,50,50,12,35,11,13,NA,0.4
2026-09-18T1300,4164A,87.2057,43.9289,昌吉回族自治州,财政所,,29,18,41,2,9,92,NA,55,55,5,10,7,8,0.2,0.2
2026-09-18T1300,4165A,82.9716,46.7464,塔城地区,文化广场,,48,48,40,2,10,66,NA,42,42,4,8,2,3,0.3,0.3
2026-09-18T1300,4166A,88.1198,47.7931,阿勒泰地区,阿勒泰路33号,,34,34,40,0,2,62,NA,52,46,9,7,3,3,0.4,0.4
2026-09-18T1300,4167A,86.0126,44.2349,石河子市,城南景苑小区,,32,32,33,3,8,72,NA,59,41,17,11,10,9,0.3,0.3
2026-09-18T1300,4168A,87.055284,43.999117,五家渠市,建设西街760号,,32,32,73,6,17,98,NA,47,47,6,25,4,4,0.2,0.3
2026-09-18T1300,4180A,113.8157285,34.126705,许昌市,新元大道996号,,49,49,59,24,35,156,NA,80,80,10,19,8,8,0.4,0.5
2026-09-18T1300,4181A,112.3571,28.5588,益阳市,龙洲站,,50,50,30,30,21,64,NA,69,60,12,11,8,8,0.8,0.7
2026-09-18T1300,4182A,116.1942,39.9158,北京市,石景山八角,,48,35,75,18,45,153,NA,117,117,10,24,5,4,0.7,0.8
2026-09-18T1300,4183A,121.417401,31.16637,上海市,冠生园路458号,,45,45,27,25,15,82,NA,78,78,13,14,8,8,0.6,0.6
2026-09-18T1300,4184A,115.479691,35.244011,菏泽市,永昌路1号,NA,NA,NA,54,32,24,195,NA,127,127,11,15,8,6,0.6,0.6
2026-09-18T1300,4185A,115.078022,30.21118,黄石市,磁湖东路29号,,44,44,41,29,28,129,NA,81,81,9,11,9,9,0.6,0.6
2026-09-18T1300,4186A,117.194237,34.229354,徐州市,解放南路202号,颗粒物(PM10),57,59,83,31,50,127,NA,76,76,14,27,9,12,0.8,0.9
2026-09-18T1300,4187A,112.3425,28.611,益阳市,幸福渠东路223号,,42,NA,24,29,21,62,NA,59,55,12,12,7,8,0.5,0.4
2026-09-18T1300,4188A,112.3712,28.5764,益阳市,益鑫泰路85号,细颗粒物(PM2.5),52,37,29,36,23,60,NA,63,56,12,11,10,10,0.7,0.6
2026-09-18T1300,4189A,113.113092,36.199482,长治市,英华南巷50号,"颗粒物(PM10),细颗粒物(PM2.5)",64,69,37,42,22,122,NA,68,62,21,15,20,15,1.2,1
2026-09-18T1300,4190A,113.23666,36.33435,长治市,学府街1号,,47,42,36,21,18,149,NA,97,97,2,10,8,7,0.7,0.6
2026-09-18T1300,4191A,118.527362,31.722269,马鞍山市,慈湖高新区,,31,11,37,6,22,99,NA,73,73,8,26,5,7,0.5,0.8
2026-09-18T1300,4192A,115.931587,28.686774,南昌市,南京东路235号,,46,25,40,18,33,145,NA,104,104,7,9,5,5,0.3,0.3
2026-09-18T1300,4193A,115.471542,35.280012,菏泽市,长城路999号,臭氧1小时(O3_1h),87,57,56,26,30,189,NA,115,115,13,20,9,8,0.7,0.6
2026-09-18T1300,4194A,117.078628,40.151726,北京市,平谷新城,,37,18,68,10,43,117,NA,91,91,1,6,3,4,0.5,0.8
2026-09-18T1300,4196A,117.24369,39.102911,天津市,光华路,,42,30,56,15,32,133,NA,75,75,2,11,10,11,0.7,0.6
2026-09-18T1300,4197A,118.130859,39.636026,唐山市,友谊北路34号,,49,49,64,29,33,140,NA,106,106,11,15,4,7,0.4,0.6
2026-09-18T1300,4198A,119.509013,39.825305,秦皇岛市,北戴河轮滑馆,,44,18,32,4,9,138,NA,115,115,5,4,5,5,0.4,0.3
2026-09-18T1300,4199A,113.2798248,40.09972476,大同市,魏都大道141号,颗粒物(PM10),62,66,65,22,21,155,NA,93,93,8,28,12,11,0.5,0.5
2026-09-18T1300,4200A,112.7478,37.6954,晋中市,迎宾街26号,臭氧1小时(O3_1h),62,44,33,27,18,169,NA,96,96,5,13,11,10,0.3,0.3
2026-09-18T1300,4201A,122.944647,41.082639,鞍山市,兴盛南路290号,NA,NA,35,55,8,20,97,NA,78,78,8,20,NA,8,0.6,0.7
2026-09-18T1300,4202A,113.9856,32.9802,驻马店市,交通路1233号,颗粒物(PM10),52,52,50,30,35,140,NA,80,80,12,16,6,5,0.4,0.4
2026-09-18T1300,4203A,111.3168,30.7203,宜昌市,西陵二路116号,,21,15,12,11,6,66,NA,44,44,13,11,7,7,0.5,0.4
2026-09-18T1300,4204A,111.3526,30.6374,宜昌市,沈家店路6号,,27,24,17,12,9,86,NA,44,44,8,11,8,8,0.5,0.4
2026-09-18T1300,4205A,121.541914,31.268301,上海市,宁武路151号,颗粒物(PM10),53,53,37,23,15,76,NA,68,68,14,27,9,9,0.3,0.2
2026-09-18T1300,4206A,119.028838,33.631911,淮安市,承德北路606号,,34,24,51,11,26,106,NA,56,56,3,23,8,8,0.8,0.8
2026-09-18T1300,4207A,120.12211,33.393982,盐城市,黄海中路88号,,29,29,32,4,12,89,NA,77,74,2,6,10,10,0.6,0.6
2026-09-18T1300,4209A,117.003137,32.644456,淮南市,国庆中路369号,颗粒物(PM10),54,55,39,31,25,85,NA,68,68,20,16,10,11,0.5,0.4
2026-09-18T1300,4210A,118.335445,29.720283,黄山市,滨江东路7-2号,,46,45,42,22,23,145,NA,93,93,6,9,/,/,/,/
2026-09-18T1300,4211A,118.190438,28.444845,上饶市,裕丰大道,臭氧1小时(O3_1h),65,48,53,30,30,172,NA,117,117,7,13,13,14,0.7,0.7
2026-09-18T1300,4212A,118.3039243,36.82708161,淄博市,广场路1号,臭氧1小时(O3_1h),92,73,81,46,68,193,NA,100,100,11,26,7,8,0.4,0.7
2026-09-18T1300,4213A,121.364239,37.529648,烟台市,青年南路118号,,40,12,13,6,11,126,NA,97,97,8,11,7,7,0.6,0.6
2026-09-18T1300,4214A,112.460027,34.694929,洛阳市,春都路1号院,,48,45,37,33,27,148,NA,59,59,11,19,8,8,0.6,0.6
2026-09-18T1300,4215A,113.916569,35.331547,新乡市,建设东路46号,臭氧1小时(O3_1h),60,42,52,22,28,168,NA,109,109,7,14,10,13,0.7,0.7
2026-09-18T1300,4216A,115.0923632,35.76857718,濮阳市,任丘路479号,臭氧1小时(O3_1h),68,46,53,19,26,174,NA,110,110,6,15,8,7,0.7,0.7
2026-09-18T1300,4217A,114.3182,29.8447,咸宁市,双鹤路18号,NA,NA,53,56,1,36,97,NA,70,70,NA,11,4,4,0.7,0.7
2026-09-18T1300,4218A,111.446,27.2472,邵阳市,北塔二期4-26地块,,48,44,47,33,38,46,NA,34,33,8,8,5,5,0.7,0.8
2026-09-18T1300,4219A,111.4739,27.2282,邵阳市,邵水西路287号,细颗粒物(PM2.5),62,59,43,41,40,59,NA,45,42,7,6,8,9,0.6,0.5
2026-09-18T1300,4220A,114.214113,22.713717,深圳市,黄阁路,臭氧1小时(O3_1h),85,52,39,30,21,188,NA,138,138,14,13,6,6,1.0,1
2026-09-18T1300,4221A,108.2177,22.7774,南宁市,乐贤路16号,,38,38,46,12,23,98,NA,60,60,6,24,6,7,0.6,0.6
2026-09-18T1300,4222A,110.1835,25.2444,桂林市,环湖路276号,NA,NA,NA,35,32,26,114,NA,45,45,9,24,4,10,NA,0.7
2026-09-18T1300,4223A,106.4686218,29.48920871,重庆市,双山路147号,,21,21,22,11,14,26,NA,25,23,27,30,6,6,0.9,0.9
2026-09-18T1300,4224A,104.2433276,30.53529463,成都市,鲸龙路1057号,,24,12,13,8,9,76,NA,52,52,6,11,8,8,0.7,0.8
2026-09-18T1300,4225A,104.714266,29.338571,自贡市,贡兴路74号,,22,16,17,10,12,70,NA,45,45,5,6,7,7,0.6,0.6
2026-09-18T1300,4226A,104.765114,31.453094,绵阳市,绵阳市气象局,,19,16,21,8,12,60,NA,38,36,8,10,7,7,0.7,0.7
2026-09-18T1300,4227A,106.108336,30.788436,南充市,梨树横街98号,NA,NA,20,23,15,15,36,NA,18,14,8,13,8,8,NA,0.5
2026-09-18T1300,4229A,102.2342,27.8859,凉山彝族自治州,凯乐南路30号,,42,31,16,29,11,56,NA,27,27,17,14,7,5,1.0,0.7
2026-09-18T1300,4230A,106.688212,26.56952,贵阳市,花果园大街66号,,23,18,21,7,9,71,NA,62,62,8,9,3,4,/,/
2026-09-18T1300,4231A,106.687268,26.516892,贵阳市,漓江路57号,,22,22,19,9,11,63,NA,52,52,6,9,6,7,0.5,0.5
2026-09-18T1300,4233A,108.596239,34.118792,西安市,西苑北路977号,细颗粒物(PM2.5),58,52,47,39,25,80,NA,65,65,13,15,6,6,0.7,0.7
2026-09-18T1300,4234A,108.949652,34.870529,铜川市,大唐三路,颗粒物(PM10),88,102,92,26,23,101,NA,80,80,6,10,5,5,0.8,0.7
2026-09-18T1300,4235A,109.5051,34.4921,渭南市,渭花路4号,,49,46,37,34,23,96,NA,71,71,8,10,6,5,0.4,0.4
2026-09-18T1300,4236A,103.629272,36.093822,兰州市,庄浪东路808号,NA,NA,NA,NA,NA,NA,NA,NA,NA,NA,NA,NA,NA,NA,NA,NA
2026-09-18T1300,4237A,103.7251,36.104344,兰州市,安宁西路88号,,38,35,53,17,24,119,NA,51,51,9,35,22,13,0.4,0.5
2026-09-18T1300,4238A,103.846982,36.067567,兰州市,北滨河东路1号,,43,43,40,20,19,100,NA,39,39,27,30,15,6,0.7,0.6
2026-09-18T1300,4239A,102.193042,38.531887,金昌市,长春路96号,,39,39,52,11,16,122,NA,95,95,3,12,5,8,0.2,0.2
2026-09-18T1300,4240A,98.495752,39.733935,酒泉市,玉门东路5号,,33,24,42,5,15,104,NA,94,94,4,10,6,7,0.2,0.3
2026-09-18T1300,4241A,98.5099,39.7506,酒泉市,北大街108号,,35,31,44,8,14,112,NA,96,96,2,11,6,7,0.3,0.3
2026-09-18T1300,4242A,106.226373,38.491976,银川市,广场西路,,48,48,46,24,18,117,NA,54,54,11,25,7,7,0.4,0.5
2026-09-18T1300,4243A,92.0515,31.4787,那曲市,那曲市委宣传部,,39,NA,19,4,18,123,NA,41,41,6,12,3,4,0.3,0.6
2026-09-18T1300,4244A,111.4879,36.053,临汾市,启星学校,,42,42,36,29,24,126,NA,93,93,13,13,6,6,0.6,0.5
2026-09-18T1300,4245A,106.8609,27.5969,遵义市,遵南大道1161号,,29,29,26,17,16,89,NA,45,45,5,8,6,4,0.6,0.7
2026-09-18T1300,4246A,105.833962,30.18863087,重庆市,桃园路24号,,29,22,19,20,15,41,NA,30,30,8,9,2,2,0.5,0.5
2026-09-18T1300,4247A,107.091033,29.153966,重庆市,钟楼街32号,,32,27,22,22,15,40,NA,18,18,8,11,7,6,1.0,0.9
2026-09-18T1300,4248A,107.8042979,30.67350233,重庆市,人民南路309号,,23,23,30,8,6,45,NA,39,39,3,9,7,7,0.3,0.3
2026-09-18T1300,4249A,118.8707617,31.34017673,南京市,汶溪路181号,,27,18,24,2,23,84,NA,54,54,10,15,3,3,0.5,0.6
2026-09-18T1300,4250A,114.089259,33.588274,漯河市,韶山路11号,颗粒物(PM10),55,56,57,23,36,158,NA,97,97,13,26,10,10,0.2,0.2
2026-09-18T1300,4251A,112.1433,32.0581,襄阳市,铁院东路4号,颗粒物(PM10),60,64,48,34,20,85,NA,64,64,16,15,8,7,0.6,0.6
2026-09-18T1300,4252A,113.0138,25.8011,郴州市,好美居路49号,,26,NA,26,18,17,34,NA,NA,NA,10,8,7,7,/,/
2026-09-18T1300,4253A,116.010205,29.659402,九江市,莲花大道8号,,42,39,42,27,30,133,NA,100,100,9,8,8,7,0.5,0.5
2026-09-18T1300,4254A,120.2925,31.5685,无锡市,健康路105号,,35,35,32,12,9,109,NA,78,77,17,23,6,6,0.6,0.5
2026-09-18T1300,4255A,110.16795,22.640993,玉林市,人民东路196号,,43,41,34,30,21,135,NA,86,86,8,12,4,6,0.6,0.6
2026-09-18T1300,4256A,107.375,22.3736,崇左市,石景林东路7号,颗粒物(PM10),52,52,18,13,11,98,NA,46,46,7,11,7,6,0.7,0.6
2026-09-18T1300,4257A,104.6092,35.5962,定西市,将台街,,31,17,35,7,11,98,NA,70,70,4,9,7,6,0.4,0.3
2026-09-18T1300,4258A,111.2416,23.4155,梧州市,政贤路18号,臭氧1小时(O3_1h),53,52,42,36,20,162,NA,62,62,9,16,8,11,0.5,0.6
2026-09-18T1300,4259A,113.835877,34.0155267,许昌市,望田路111号,臭氧1小时(O3_1h),58,40,56,30,35,166,NA,105,105,9,16,8,8,0.5,0.6
2026-09-18T1300,4260A,109.5933,23.095,贵港市,中山路155-3号,颗粒物(PM10),51,51,43,27,26,134,NA,78,78,6,14,/,/,0.8,0.7
2026-09-18T1300,4261A,103.7247,27.3415,昭通市,环东路146号,,28,19,19,19,12,77,NA,41,41,10,12,9,10,0.6,0.7
2026-09-18T1300,4263A,105.3688,27.3598,毕节市,工业大道,,22,7,24,2,9,69,NA,39,39,3,7,7,12,/,/
2026-09-18T1300,4264A,113.234,35.219,焦作市,新安路1731号,颗粒物(PM10),53,53,48,31,28,161,NA,108,108,10,11,7,4,0.2,0.2
2026-09-18T1300,4265A,113.108806,29.353066,岳阳市,求索西路365号,,42,41,27,29,18,49,NA,48,45,12,10,3,4,0.9,0.8
2026-09-18T1300,4266A,117.7325,34.5683,枣庄市,文化路178号,颗粒物(PM10),53,53,120,14,66,153,NA,86,86,10,24,8,9,0.5,0.7
2026-09-18T1300,4268A,112.1722,30.3366,荆州市,学苑路85号,,38,NA,23,26,21,86,NA,65,65,8,9,6,6,0.5,0.4
2026-09-18T1300,4269A,114.6701,33.6167,周口市,七一路,臭氧1小时(O3_1h),58,52,47,23,33,166,NA,129,129,8,13,10,9,0.5,0.5
2026-09-18T1300,4270A,102.6447,37.9293,武威市,钟楼街149号,,39,32,42,10,16,122,NA,71,71,4,18,12,11,0.3,0.4
2026-09-18T1300,4271A,103.2464,35.6123,临夏回族自治州,滨河东路1号,,38,38,49,13,23,99,NA,50,50,4,13,9,9,0.3,0.4
2026-09-18T1300,4273A,81.2737,43.9337,伊犁哈萨克自治州,安徽路800号,颗粒物(PM10),63,68,58,7,18,93,NA,41,41,10,32,10,8,0.4,0.6
2026-09-18T1300,4274A,117.7994,40.9605,承德市,滨河大街98号,,48,26,48,26,40,153,NA,NA,NA,5,11,7,8,0.6,0.7
2026-09-18T1300,4275A,111.591512,40.827312,呼和浩特市,成吉思汗西街8号,,41,36,40,19,17,129,NA,59,59,13,39,10,7,0.5,0.5
2026-09-18T1300,4276A,111.6597,40.8077,呼和浩特市,公园东路75号,,37,34,40,16,18,117,NA,72,72,8,19,10,9,0.6,0.6
2026-09-18T1300,4277A,111.5427,40.7846,呼和浩特市,金海路35号,,39,37,45,19,15,122,NA,68,68,9,34,11,8,0.5,0.5
2026-09-18T1300,4278A,106.8212,39.6741,乌海市,海拉北路,颗粒物(PM10),55,56,45,26,22,94,NA,76,68,32,18,32,21,0.8,0.5
2026-09-18T1300,4279A,119.7569,49.2222,呼伦贝尔市,伊敏大街东7号,,41,41,38,17,18,80,NA,34,34,11,17,6,6,0.4,0.4
2026-09-18T1300,4280A,122.0921,46.065,兴安盟,洮儿河南路,,42,42,51,18,28,124,NA,96,96,7,10,6,5,0.3,0.4
2026-09-18T1300,4281A,125.334645,43.916281,长春市,北亚泰大街1068号,,30,23,41,11,30,94,NA,86,78,6,15,7,8,0.3,0.4
2026-09-18T1300,4282A,126.6769,45.7379,哈尔滨市,华山路1号,,44,44,45,5,14,119,NA,94,94,8,17,9,10,0.1,0.2
2026-09-18T1300,4283A,126.9717,45.5356,哈尔滨市,解放大街52号,,37,31,34,3,5,118,NA,98,98,6,8,13,10,0.4,0.5
2026-09-18T1300,4284A,128.8325,47.8447,伊春市,永安路4-1号,,41,39,30,12,12,129,NA,94,94,3,4,2,2,0.3,0.3
2026-09-18T1300,4285A,130.363,46.806,佳木斯市,顺和街,,37,32,33,16,14,117,NA,85,85,5,10,2,2,0.4,0.4
2026-09-18T1300,4286A,130.3952,46.8268,佳木斯市,长安路196号,,37,25,35,9,14,116,NA,82,82,5,12,3,2,0.3,0.4
2026-09-18T1300,4287A,129.5992,44.5964,牡丹江市,东晓云街98号,,27,24,40,8,16,84,NA,44,44,4,13,7,7,0.3,0.4
2026-09-18T1300,4288A,117.2438,34.2844,徐州市,龙潭环路5号,颗粒物(PM10),56,58,87,32,51,133,NA,70,70,9,25,11,12,0.9,0.9
2026-09-18T1300,4289A,117.154766,29.256967,景德镇市,青少年活动中心,臭氧1小时(O3_1h),67,39,38,33,25,173,NA,94,94,8,13,9,9,/,/
2026-09-18T1300,4290A,120.196923,35.954556,青岛市,珠江路669号,,41,12,15,8,6,130,NA,124,124,3,6,4,4,0.5,0.5
2026-09-18T1300,4291A,120.0424,35.8656,青岛市,黄岛区人民政府广场,,40,17,17,6,6,126,NA,92,92,6,11,4,4,0.3,0.3
2026-09-18T1300,4292A,116.352738,37.420875,德州市,新河东路,臭氧1小时(O3_1h),77,70,70,37,38,181,NA,92,92,13,35,12,9,0.8,0.6
2026-09-18T1300,4293A,113.605125,34.755221,郑州市,计划路2号,臭氧1小时(O3_1h),68,66,54,32,31,174,NA,114,114,10,13,7,5,0.4,0.3
2026-09-18T1300,4294A,113.6525645,34.77362682,郑州市,同乐路9号,臭氧1小时(O3_1h),63,50,51,36,34,170,NA,98,98,12,18,6,6,0.5,0.5
2026-09-18T1300,4295A,113.2722,35.2121,焦作市,人民路3066号,,50,50,51,33,27,155,NA,99,99,8,11,5,5,0.1,0.1
2026-09-18T1300,4296A,114.6421,33.6417,周口市,健康路46号,,50,50,52,29,33,160,NA,115,115,12,19,3,3,0.3,0.4
2026-09-18T1300,4297A,114.649,33.596,周口市,太昊路,臭氧1小时(O3_1h),63,55,53,22,33,170,NA,134,134,12,16,6,5,0.6,0.6
2026-09-18T1300,4298A,114.284,29.8595,咸宁市,碧桂路,颗粒物(PM10),65,71,57,39,38,104,NA,68,68,15,17,3,3,0.6,0.6
2026-09-18T1300,4299A,111.6195,26.2253,永州市,徐家井路86号,,46,40,36,32,27,83,NA,66,62,9,9,6,6,0.9,0.8
2026-09-18T1300,4300A,114.4089,23.1147,惠州市,文华一路1号,颗粒物(PM10),53,53,44,32,25,155,NA,128,128,7,10,/,/,/,/
2026-09-18T1300,4301A,110.2803,25.2773,桂林市,信义路13号,,35,34,37,21,26,112,NA,64,64,7,13,5,9,0.8,0.8
2026-09-18T1300,4302A,108.0901,24.6945,河池市,上任中路54号,,34,34,31,9,14,54,NA,24,24,6,18,8,8,0.7,0.7
2026-09-18T1300,4303A,105.5911,30.5368,遂宁市,环岛商务中心9号楼,,18,NA,22,12,12,48,NA,18,18,10,12,8,9,0.8,0.7
2026-09-18T1300,4304A,106.1172,30.843,南充市,清泉寺北路188号,,18,17,22,12,14,38,NA,16,15,8,11,9,10,0.6,0.5
2026-09-18T1300,4305A,106.067,30.7616,南充市,同庆路1号,,25,25,25,13,15,40,NA,13,13,11,16,7,7,0.5,0.5
2026-09-18T1300,4306A,103.0544,30.0133,雅安市,滨江西路,细颗粒物(PM2.5),58,47,25,39,17,30,NA,20,15,20,12,3,4,0.6,0.5
2026-09-18T1300,4307A,108.9817,34.2035,西安市,曲江池东路988号,细颗粒物(PM2.5),68,64,41,44,25,63,NA,63,60,22,16,4,4,0.6,0.5
2026-09-18T1300,4308A,107.3898,34.3601,宝鸡市,陈仓区北开路21号,,43,32,37,30,24,78,NA,73,72,13,11,6,6,0.5,0.4
2026-09-18T1300,4309A,104.6159,35.5701,定西市,正龙路62号,,28,23,36,2,9,88,NA,66,66,7,9,3,4,0.3,0.3
2026-09-18T1300,4310A,103.207136,35.599807,临夏回族自治州,新华街21号,,33,24,47,21,24,104,NA,51,51,7,15,10,10,0.3,0.6
2026-09-18T1300,4311A,122.0383,46.0691,兴安盟,科尔沁北路63号,NA,NA,44,44,7,26,129,NA,96,96,5,10,4,6,NA,0.4
2026-09-18T1300,4312A,119.019,31.6512,南京市,中山西路1号,,33,9,26,0,22,105,NA,70,70,5,17,4,4,0.5,0.8
2026-09-18T1300,4314A,114.0494,38.059,石家庄市,矿区区委大楼,"颗粒物(PM10),细颗粒物(PM2.5)",66,72,53,43,18,138,NA,69,69,8,15,6,10,0.5,0.5
2026-09-18T1300,4325A,105.3665,28.77434,泸州市,纳溪区委政协,,48,NA,20,33,16,37,NA,15,15,15,16,4,4,0.8,0.7
2026-09-18T1300,4326A,113.0794,22.5999,江门市,五邑大学,臭氧1小时(O3_1h),69,44,44,25,26,175,NA,121,121,12,12,6,8,0.6,0.5
