timepoint,stationcode,longitude,latitude,area,positionname,primarypollutant,aqi,pm10,pm10_24h,pm2_5,pm2_5_24h,o3,o3_24h,o3_8h,o3_8h_24h,no2,no2_24h,so2,so2_24h,co,co_24h
2026-09-06T1200,1001A,116.3611,39.8786,北京市,万寿西宫,臭氧1小时(O3_1h),59,28,48,22,28,167,NA,88,88,7,20,5,4,0.6,0.5
2026-09-06T1200,1003A,116.4174,39.9289,北京市,东四,臭氧1小时(O3_1h),65,38,48,20,25,172,NA,77,77,10,24,5,4,0.4,0.4
2026-09-06T1200,1004A,116.4073,39.8858,北京市,天坛,,48,38,42,21,23,152,NA,71,71,6,12,5,3,0.7,0.6
2026-09-06T1200,1005A,116.4622,39.9364,北京市,农展馆,,48,38,48,21,26,152,NA,70,70,12,23,5,4,0.6,0.6
2026-09-06T1200,1006A,116.3399,39.9293,北京市,官园,臭氧1小时(O3_1h),64,47,54,17,25,171,NA,65,65,9,28,6,4,0.6,0.5
2026-09-06T1200,1007A,116.2879,39.9613,北京市,海淀万柳,颗粒物(PM10),63,67,51,30,27,162,NA,68,68,16,24,4,3,0.5,0.3
2026-09-06T1200,1008A,116.6635,40.1349,北京市,顺义新城,,44,37,54,23,30,140,NA,79,79,9,16,5,3,0.6,0.7
2026-09-06T1200,1009A,116.6275,40.327,北京市,怀柔镇,,44,39,37,23,23,139,NA,86,86,5,6,3,2,0.7,0.7
2026-09-06T1200,1010A,116.2295,40.217,北京市,昌平镇,颗粒物(PM10),56,58,47,30,26,155,NA,98,98,15,14,4,2,0.7,0.5
2026-09-06T1200,1011A,116.3968,39.982,北京市,奥体中心,,46,28,48,14,28,145,NA,64,64,10,24,4,3,0.6,0.6
2026-09-06T1200,1015A,117.1446,39.1659,天津市,勤俭道,,35,31,30,12,13,112,NA,70,70,17,17,11,7,0.9,0.8
2026-09-06T1200,1018A,117.2016,39.0928,天津市,前进道,,36,28,30,12,13,113,NA,75,75,15,16,11,8,0.6,0.4
2026-09-06T1200,1019A,117.1837,39.2134,天津市,淮河道,,33,22,36,12,14,104,NA,56,56,14,20,9,10,0.2,0.4
2026-09-06T1200,1021A,117.308261,39.088386,天津市,跃进路,,33,29,30,10,13,103,NA,50,50,16,27,11,8,0.7,0.6
2026-09-06T1200,1023A,117.707,39.0344,天津市,第四大街,,33,33,36,11,12,94,NA,61,61,19,33,7,6,0.6,0.6
2026-09-06T1200,1024A,117.4573,38.8395,天津市,永明路,,34,15,25,7,12,108,NA,62,62,2,12,6,4,0.7,0.7
2026-09-06T1200,1026A,117.7641,39.1588,天津市,汉北路,,32,14,19,5,10,101,NA,77,77,12,17,4,4,0.4,0.4
2026-09-06T1200,1030A,114.5919,38.0328,石家庄市,高新区,,50,37,44,24,25,159,NA,100,100,8,15,1,3,0.5,0.6
2026-09-06T1200,1032A,114.4556,38.0136,石家庄市,西南高教,臭氧1小时(O3_1h),68,56,46,15,21,174,NA,111,111,8,15,8,6,0.5,0.4
2026-09-06T1200,1033A,114.533,38.0177,石家庄市,世纪公园,臭氧1小时(O3_1h),55,38,46,21,23,164,NA,106,106,7,12,3,4,0.8,0.8
2026-09-06T1200,1034A,114.5105,38.0489,石家庄市,人民会堂,,50,48,52,17,21,160,NA,96,96,10,17,4,5,0.4,0.5
2026-09-06T1200,1040A,118.1707,39.6505,唐山市,十二中,,37,14,40,6,18,116,NA,72,72,8,18,8,10,0.4,0.6
2026-09-06T1200,1041A,118.1868,39.6219,唐山市,小山,,36,32,54,1,12,113,NA,72,72,2,11,12,16,0.5,0.6
2026-09-06T1200,1046A,119.5247,39.9346,秦皇岛市,建设大厦,,27,22,42,3,14,84,NA,47,47,2,25,4,9,0.4,0.6
2026-09-06T1200,1049A,114.492,36.5712,邯郸市,矿院,臭氧1小时(O3_1h),89,16,32,10,21,191,NA,133,133,4,8,6,9,0.4,0.5
2026-09-06T1200,1050A,114.4839,36.6136,邯郸市,丛台公园,臭氧1小时(O3_1h),78,22,34,6,16,182,NA,122,122,4,8,10,15,0.4,0.5
2026-09-06T1200,1051A,115.4803,38.8568,保定市,游泳馆,细颗粒物(PM2.5),64,42,47,42,31,160,NA,79,79,18,33,4,2,0.6,0.6
2026-09-06T1200,1052A,115.509,38.8895,保定市,华电二区,,50,47,49,34,25,157,NA,65,65,11,23,5,3,0.4,0.4
2026-09-06T1200,1053A,115.4588,38.9037,保定市,接待中心,,48,37,43,28,28,152,NA,67,67,5,17,6,5,0.4,0.4
2026-09-06T1200,1054A,115.4484,38.8344,保定市,地表水厂,NA,NA,NA,56,NA,29,NA,NA,162,NA,NA,28,NA,5,NA,0.3
2026-09-06T1200,1057A,114.8884,40.8336,张家口市,人民公园,,44,29,30,14,15,140,NA,78,78,10,14,3,2,0.4,0.3
2026-09-06T1200,1059A,114.868581,40.804273,张家口市,五金库,,44,30,35,8,11,138,NA,84,84,10,15,/,/,/,/
2026-09-06T1200,1060A,114.8901,40.762,张家口市,世纪豪园,,44,38,31,9,8,140,NA,85,85,9,15,7,6,0.5,0.3
2026-09-06T1200,1062A,117.9531,40.908,承德市,铁路,,50,46,34,22,15,157,NA,53,53,8,17,22,11,0.6,0.6
2026-09-06T1200,1063A,117.9397,40.9763,承德市,中国银行,臭氧1小时(O3_1h),68,44,29,26,11,174,NA,64,64,8,12,27,9,0.7,0.4
2026-09-06T1200,1067A,116.6712,39.5109,廊坊市,药材公司,,47,42,49,21,24,150,NA,85,85,6,12,4,4,0.5,0.5
2026-09-06T1200,1068A,116.7215,39.5592,廊坊市,开发区,,45,40,44,20,25,141,NA,63,63,9,17,2,2,0.4,0.5
2026-09-06T1200,1070A,116.7246,39.5273,廊坊市,北华航天学院,,46,39,44,18,23,146,NA,67,67,7,15,3,3,0.4,0.5
2026-09-06T1200,1071A,116.8733,38.2922,沧州市,沧县城建局,,42,34,36,23,21,132,NA,80,80,9,16,9,9,0.5,0.6
2026-09-06T1200,1072A,116.8462,38.3189,沧州市,电视转播站,,40,29,44,15,18,127,NA,63,63,5,13,2,3,0.1,0.1
2026-09-06T1200,1073A,116.8588,38.3161,沧州市,市环保局,,39,27,44,14,22,124,NA,70,70,9,16,8,7,0.2,0.2
2026-09-06T1200,1074A,115.6839,37.754,衡水市,电机北厂,,45,16,38,11,24,144,NA,77,77,7,20,8,6,0.6,0.6
2026-09-06T1200,1075A,115.6303,37.7318,衡水市,市监测站,,47,41,50,17,18,148,NA,66,66,10,17,7,5,0.5,0.6
2026-09-06T1200,1077A,114.4687,37.0883,邢台市,达活泉,臭氧1小时(O3_1h),60,40,44,22,19,168,NA,110,110,3,6,3,2,0.4,0.4
2026-09-06T1200,1078A,114.4954,37.0309,邢台市,邢师高专,臭氧1小时(O3_1h),55,40,45,12,18,164,NA,99,99,7,12,5,4,0.7,0.8
2026-09-06T1200,1079A,114.5281,37.0857,邢台市,路桥公司,,49,29,33,12,17,156,NA,103,103,10,12,6,3,0.6,0.4
2026-09-06T1200,1080A,114.4721,37.0713,邢台市,市环保局,臭氧1小时(O3_1h),59,44,48,23,21,167,NA,108,108,15,14,6,4,0.3,0.2
2026-09-06T1200,1081A,112.5138,37.8916,太原市,尖草坪,颗粒物(PM10),53,53,34,22,16,145,NA,86,86,23,15,18,10,1.2,0.5
2026-09-06T1200,1084A,112.4691,37.7125,太原市,晋源,NA,NA,42,32,18,16,155,NA,85,NA,17,18,NA,8,1.1,0.6
2026-09-06T1200,1085A,112.5595,37.7391,太原市,小店,臭氧1小时(O3_1h),62,46,41,24,20,169,NA,92,92,20,25,11,11,0.7,0.7
2026-09-06T1200,1087A,112.5705,37.8199,太原市,坞城,臭氧1小时(O3_1h),54,44,32,19,18,163,NA,96,96,14,22,14,14,1.0,0.9
2026-09-06T1200,1088A,112.5495,37.9853,太原市,南寨,,47,28,33,11,16,149,NA,62,62,10,18,7,6,0.6,0.5
2026-09-06T1200,1090A,111.6506,40.7517,呼和浩特市,呼市一监,,38,34,37,16,17,121,NA,80,80,13,17,11,8,0.5,0.5
2026-09-06T1200,1094A,111.7516,40.8369,呼和浩特市,如意水处理厂,,42,38,35,12,17,132,NA,71,71,14,27,13,8,0.5,0.5
2026-09-06T1200,1095A,111.727798,40.806187,呼和浩特市,二十九中,,40,34,36,16,18,127,NA,78,78,12,18,16,13,0.8,0.7
2026-09-06T1200,1097A,111.717,40.7617,呼和浩特市,化肥厂生活区,,42,39,38,14,21,134,NA,83,83,15,20,14,10,0.6,0.7
2026-09-06T1200,1099A,123.5058,41.7084,沈阳市,浑南东路,,40,29,51,8,34,128,NA,52,52,6,42,16,15,1.0,1.1
2026-09-06T1200,1100A,123.4238,41.6992,沈阳市,新秀街,NA,NA,NA,NA,NA,NA,NA,NA,NA,NA,NA,NA,NA,NA,NA,NA
2026-09-06T1200,1102A,123.5903,41.8412,沈阳市,东陵路,,35,29,58,7,28,110,NA,48,48,9,29,13,11,0.6,1.2
2026-09-06T1200,1103A,123.4267,41.8466,沈阳市,陵东街,,39,39,49,8,29,98,NA,47,47,3,17,8,10,0.6,1
2026-09-06T1200,1104A,123.4116,41.7654,沈阳市,文化路,,35,35,49,7,21,108,NA,64,64,6,27,10,22,0.7,0.9
2026-09-06T1200,1105A,123.4673,41.787,沈阳市,小河沿,,41,41,49,8,27,101,NA,46,46,8,29,9,11,0.8,1.1
2026-09-06T1200,1106A,123.4019,41.7978,沈阳市,太原街,,35,25,56,9,24,111,NA,68,68,2,21,8,19,0.7,1
2026-09-06T1200,1108A,123.3778,41.9233,沈阳市,京沈街,,50,50,65,10,28,118,NA,62,62,10,38,8,11,0.7,1
2026-09-06T1200,1109A,121.6119,38.974,大连市,甘井子,,28,14,20,6,9,87,NA,59,59,5,13,7,8,0.5,0.5
2026-09-06T1200,1110A,121.565,38.9509,大连市,周水子,,27,20,24,6,10,86,NA,55,55,3,10,7,8,0.2,0.2
2026-09-06T1200,1111A,121.5637,38.8849,大连市,星海三站,,27,18,21,4,9,85,NA,62,62,3,8,5,5,0.5,0.5
2026-09-06T1200,1112A,121.6301,38.9117,大连市,青泥洼桥,,27,11,18,5,9,84,NA,63,63,5,10,7,7,0.3,0.4
2026-09-06T1200,1113A,121.6248,38.8643,大连市,傅家庄,,26,16,17,4,9,82,NA,66,66,4,7,8,9,0.5,0.5
2026-09-06T1200,1114A,121.5117,38.8636,大连市,七贤岭,,26,9,19,4,6,81,NA,61,61,7,11,7,7,0.8,0.8
2026-09-06T1200,1116A,121.7507,39.1339,大连市,金州,,27,10,18,5,10,85,NA,65,65,6,8,7,8,0.4,0.4
2026-09-06T1200,1117A,121.7811,39.0495,大连市,开发区,,28,22,26,7,12,89,NA,68,68,8,13,8,6,0.4,0.5
2026-09-06T1200,1118A,121.9762,39.0631,大连市,双D港,,26,10,16,6,8,82,NA,64,64,4,5,8,8,0.5,0.2
2026-09-06T1200,1120A,125.2874,43.9024,长春市,客车厂,,42,40,28,16,14,133,NA,62,62,11,22,6,4,0.6,0.5
2026-09-06T1200,1121A,125.2943,43.8508,长春市,邮电学院,,40,23,21,16,14,128,NA,51,51,6,12,7,6,0.5,0.4
2026-09-06T1200,1122A,125.3648,43.8745,长春市,劳动公园,,39,29,25,14,14,122,NA,52,52,6,12,4,3,0.6,0.5
2026-09-06T1200,1123A,125.3233,43.8781,长春市,园林处,,40,33,28,15,15,126,NA,54,54,9,16,7,6,0.6,0.5
2026-09-06T1200,1124A,125.4604,43.7904,长春市,净月潭,,35,23,14,16,10,112,NA,50,50,6,5,8,7,0.4,0.3
2026-09-06T1200,1126A,125.38,43.8422,长春市,经开区环卫处,,36,32,20,14,10,114,NA,50,50,8,17,9,8,0.5,0.4
2026-09-06T1200,1127A,125.234,43.7761,长春市,高新区管委会,,38,20,25,12,14,120,NA,58,58,5,17,8,7,0.4,0.4
2026-09-06T1200,1128A,125.1695,43.83,长春市,岱山公园,,39,27,25,16,14,123,NA,58,58,10,22,5,4,0.7,0.6
2026-09-06T1200,1130A,126.5557,45.8109,哈尔滨市,松北商大,,30,18,29,3,13,93,NA,45,45,10,24,6,6,0.5,0.6
2026-09-06T1200,1132A,126.6162,45.719,哈尔滨市,南岗学府路,,26,21,31,2,9,83,NA,46,46,13,26,7,6,0.4,0.4
2026-09-06T1200,1133A,126.6894,45.7733,哈尔滨市,太平宏伟公园,,25,23,35,3,10,80,NA,49,49,8,26,8,8,0.2,0.3
2026-09-06T1200,1134A,126.6361,45.7672,哈尔滨市,道外承德广场,,32,32,44,2,12,85,NA,48,48,11,25,5,4,0.5,0.5
2026-09-06T1200,1136A,126.644,45.7261,哈尔滨市,动力和平路,,37,37,34,2,8,81,NA,40,40,13,29,8,9,0.6,0.5
2026-09-06T1200,1137A,126.5933,45.7479,哈尔滨市,道里建国路,,27,23,25,2,8,85,NA,48,48,13,28,7,7,1.0,1.4
2026-09-06T1200,1138A,126.6127,45.6119,哈尔滨市,平房东轻厂,,25,13,18,2,6,79,NA,50,50,5,8,9,6,0.5,0.5
2026-09-06T1200,1139A,126.5875,45.9827,哈尔滨市,呼兰师专,,31,29,35,2,8,98,NA,43,43,12,26,6,5,0.6,0.6
2026-09-06T1200,1140A,126.6299,45.6799,哈尔滨市,省农科院,颗粒物(PM10),63,68,60,22,28,70,NA,33,33,14,34,6,6,0.4,0.5
2026-09-06T1200,1141A,121.401,31.2382,上海市,普陀,,36,20,21,11,10,115,NA,89,89,10,14,6,5,0.3,0.2
2026-09-06T1200,1142A,121.4774,31.2043,上海市,十五厂,,34,21,18,12,10,107,NA,89,89,9,9,5,5,0.5,0.5
2026-09-06T1200,1143A,121.4673,31.3011,上海市,虹口,NA,NA,NA,21,10,10,100,NA,NA,NA,NA,8,4,4,0.3,0.3
2026-09-06T1200,1147A,121.4253,31.226,上海市,静安监测站,,39,16,21,11,12,124,NA,99,99,10,12,7,7,0.6,0.6
2026-09-06T1200,1148A,121.7029,31.1905,上海市,浦东川沙,,34,20,23,10,10,107,NA,100,100,8,7,9,9,0.7,0.7
2026-09-06T1200,1149A,121.5339,31.229,上海市,浦东新区监测站,,30,21,19,12,10,96,NA,84,84,10,13,10,8,0.3,0.3
2026-09-06T1200,1150A,121.5776,31.2038,上海市,浦东张江,,34,19,21,10,10,107,NA,88,88,8,11,6,6,0.2,0.2
2026-09-06T1200,1151A,118.8033,32.1085,南京市,迈皋桥,,28,20,17,3,6,88,NA,58,58,7,16,5,6,0.4,0.6
2026-09-06T1200,1152A,118.7487,32.057,南京市,草场门,,36,19,20,6,6,114,NA,82,82,8,15,5,6,0.4,0.5
2026-09-06T1200,1154A,118.770105,32.004342,南京市,中华门,,34,17,18,5,6,106,NA,75,75,7,9,7,7,0.0,0.2
2026-09-06T1200,1155A,118.8059,32.0329,南京市,瑞金路,,36,27,19,6,6,114,NA,78,78,7,12,4,4,0.5,0.5
2026-09-06T1200,1156A,118.7946,32.0774,南京市,玄武湖,,35,25,23,5,6,112,NA,71,71,4,17,4,4,0.4,0.4
2026-09-06T1200,1157A,118.6415,32.0964,南京市,浦口,,35,35,26,6,6,106,NA,76,76,8,13,5,5,0.5,0.5
2026-09-06T1200,1158A,118.730129,32.000956,南京市,奥体中心,,38,23,23,4,5,119,NA,87,87,7,13,8,9,0.3,0.4
2026-09-06T1200,1159A,118.9072,32.1047,南京市,仙林大学城,,32,19,22,4,6,101,NA,65,65,6,17,4,4,0.3,0.3
2026-09-06T1200,1163A,120.5974,31.3247,苏州市,轧钢厂,,38,23,24,9,10,120,NA,63,63,13,24,5,6,0.8,0.8
2026-09-06T1200,1164A,120.6329,31.2741,苏州市,吴中区,,36,23,27,10,11,114,NA,64,64,8,15,6,6,0.6,0.6
2026-09-06T1200,1165A,120.5566,31.3049,苏州市,苏州新区,,38,23,24,10,12,121,NA,67,67,6,20,7,7,0.5,0.6
2026-09-06T1200,1166A,120.668709,31.312523,苏州市,苏州工业园区,NA,NA,NA,NA,NA,NA,NA,NA,NA,NA,NA,NA,NA,NA,NA,NA
2026-09-06T1200,1167A,120.6408,31.3707,苏州市,相城区,,37,24,26,8,9,118,NA,73,73,6,13,8,7,0.7,0.7
2026-09-06T1200,1168A,120.9056,31.9669,南通市,狼山街道,,31,6,12,1,4,98,NA,76,76,2,6,4,4,0.5,0.5
2026-09-06T1200,1170A,120.8635,32.0231,南通市,城中,,30,14,18,0,5,94,NA,69,69,3,7,1,1,0.3,0.4
2026-09-06T1200,1171A,120.9376,31.9301,南通市,星湖花园,,32,16,15,2,4,100,NA,76,76,4,7,3,3,0.4,0.4
2026-09-06T1200,1172A,120.8053,32.046,南通市,紫琅学院,,30,5,13,0,6,95,NA,64,64,2,7,2,3,0.6,0.6
2026-09-06T1200,1173A,119.1759,34.5885,连云港市,市环境监测站,,36,9,13,7,5,114,NA,80,80,5,11,7,6,0.3,0.3
2026-09-06T1200,1180A,117.257,34.2161,徐州市,新城区,,41,32,35,9,19,129,NA,79,79,4,9,10,10,0.6,0.6
2026-09-06T1200,1182A,117.2933,34.2796,徐州市,农科院,,40,27,39,9,26,126,NA,70,70,5,20,9,9,0.8,0.8
2026-09-06T1200,1186A,119.3895,32.377,扬州市,邗江监测站,,33,14,20,3,6,105,NA,75,75,3,8,5,6,0.4,0.5
2026-09-06T1200,1188A,120.2693,31.4864,无锡市,雪浪,,42,31,28,8,8,134,NA,77,77,10,17,6,7,0.4,0.4
2026-09-06T1200,1189A,120.2761,31.621,无锡市,黄巷,,35,33,29,4,6,110,NA,59,59,16,23,8,7,1.2,1
2026-09-06T1200,1191A,120.2422,31.5037,无锡市,漆塘,,44,44,34,11,11,133,NA,80,80,7,16,7,8,0.8,0.8
2026-09-06T1200,1192A,120.3489,31.5865,无锡市,东亭,,39,27,23,8,9,122,NA,62,62,12,24,8,8,0.7,0.6
2026-09-06T1200,1193A,120.3538,31.5474,无锡市,旺庄,,42,29,25,8,8,133,NA,74,74,7,16,7,7,0.9,0.8
2026-09-06T1200,1194A,120.2447,31.5633,无锡市,荣巷,,38,34,29,7,8,119,NA,72,72,12,18,7,8,0.6,0.6
2026-09-06T1200,1195A,120.2986,31.6816,无锡市,堰桥,,37,27,25,2,10,116,NA,66,66,10,16,7,6,0.8,0.7
2026-09-06T1200,1196A,119.9524,31.7586,常州市,市监测站,,38,38,17,6,6,109,NA,68,68,8,10,6,5,0.4,0.4
2026-09-06T1200,1200A,119.9351,31.703,常州市,武进监测站,,40,25,26,6,8,127,NA,70,70,10,13,6,7,0.4,0.3
2026-09-06T1200,1203A,119.6708,32.187,镇江市,新区办事处,,35,18,22,7,10,112,NA,60,60,12,23,5,5,0.4,0.4
2026-09-06T1200,1204A,119.497455,32.196732,镇江市,职教中心,,35,22,20,8,9,110,NA,73,73,6,12,5,5,0.3,0.3
2026-09-06T1200,1205A,119.43,32.1328,镇江市,丹徒区监测站,,37,28,21,7,9,117,NA,70,70,11,16,6,4,0.5,0.4
2026-09-06T1200,1206A,119.9042,32.488,泰州市,公园路,,31,9,18,2,8,97,NA,66,66,2,6,7,9,0.3,0.3
2026-09-06T1200,1207A,119.9189,32.4626,泰州市,莲花,,30,17,18,3,6,96,NA,67,67,2,4,8,10,0.3,0.4
2026-09-06T1200,1209A,119.8877,32.4636,泰州市,留学生创业园,NA,NA,14,19,8,11,101,NA,65,65,1,5,NA,8,0.4,0.5
2026-09-06T1200,1210A,119.0566,33.5991,淮安市,钵池山,,35,17,21,5,8,110,NA,73,73,6,12,5,5,0.4,0.4
2026-09-06T1200,1211A,119.0083,33.578,淮安市,北京南路,,35,22,22,5,7,111,NA,85,85,8,11,6,6,0.5,0.6
2026-09-06T1200,1212A,118.9938,33.6083,淮安市,市监测站,,36,9,11,5,8,113,NA,82,82,4,9,8,8,0.6,0.6
2026-09-06T1200,1213A,119.135,33.5038,淮安市,楚州区监测站,,33,10,15,5,6,104,NA,78,78,4,9,6,6,0.7,0.7
2026-09-06T1200,1216A,120.1554,33.3941,盐城市,市监测站,,34,15,17,3,6,106,NA,78,78,4,7,5,6,0.6,0.6
2026-09-06T1200,1218A,120.214332,33.37951,盐城市,开发区管委会,NA,NA,16,18,NA,9,95,NA,70,70,2,6,10,10,0.5,0.5
2026-09-06T1200,1220A,118.2924,33.933,宿迁市,宿迁学院,,34,16,19,4,8,107,NA,83,83,7,11,2,2,0.5,0.6
2026-09-06T1200,1221A,118.2321,33.9572,宿迁市,宿迁中学,,33,14,17,3,7,103,NA,83,83,11,14,6,5,0.5,0.6
2026-09-06T1200,1223A,120.2073,30.2111,杭州市,滨江,,41,28,30,12,13,129,NA,77,77,12,20,5,6,0.5,0.5
2026-09-06T1200,1224A,120.0625,30.2737,杭州市,西溪,,34,11,17,6,13,106,NA,56,56,6,14,4,4,0.7,0.3
2026-09-06T1200,1226A,120.3417,30.315,杭州市,下沙,,39,23,24,13,14,123,NA,77,77,6,20,5,5,0.7,0.8
2026-09-06T1200,1227A,120.1252,30.2465,杭州市,卧龙桥,,36,23,23,10,12,113,NA,54,54,7,13,6,7,0.4,0.4
2026-09-06T1200,1228A,120.1902,30.2691,杭州市,浙江农大,,33,22,30,9,12,105,NA,61,61,10,19,8,8,0.7,0.7
2026-09-06T1200,1230A,120.1195,30.3121,杭州市,和睦小学,,35,26,25,10,12,110,NA,71,71,10,14,6,7,0.6,0.6
2026-09-06T1200,1231A,120.3076,30.4146,杭州市,临平镇,,39,31,29,14,14,124,NA,80,80,8,15,7,8,0.7,0.7
2026-09-06T1200,1232A,120.2753,30.1839,杭州市,城厢镇,,34,29,26,15,13,106,NA,66,66,3,12,6,6,0.5,0.5
2026-09-06T1200,1233A,120.0883,30.1808,杭州市,云栖,,35,25,25,11,12,109,NA,55,55,7,12,7,6,0.7,0.7
2026-09-06T1200,1234A,121.8352,29.9111,宁波市,区环保大楼,,31,28,24,6,5,97,NA,68,61,10,15,5,5,0.4,0.5
2026-09-06T1200,1235A,121.5595,29.8208,宁波市,万里学院,NA,NA,19,18,8,8,103,NA,70,68,NA,6,6,6,0.5,0.5
2026-09-06T1200,1236A,121.713,29.9564,宁波市,龙赛医院,,34,28,25,6,5,108,NA,76,76,3,7,7,7,0.4,0.3
2026-09-06T1200,1240A,121.5855,29.8635,宁波市,太古小学,,31,22,24,9,7,99,NA,71,70,2,5,4,5,0.6,0.6
2026-09-06T1200,1241A,121.5239,29.8673,宁波市,市环境监测中心,,32,26,17,7,8,102,NA,64,64,3,8,4,4,0.8,0.8
2026-09-06T1200,1242A,120.6342,28.0088,温州市,瓯海,,33,18,19,6,10,104,NA,86,86,5,14,6,6,0.4,0.4
2026-09-06T1200,1243A,120.6747,27.9881,温州市,南浦,,33,14,16,6,8,104,NA,86,86,2,8,6,6,0.3,0.4
2026-09-06T1200,1244A,120.76,27.9745,温州市,龙湾,NA,NA,8,19,5,7,95,NA,74,74,NA,15,6,6,NA,0.6
2026-09-06T1200,1247A,120.6053,29.9927,绍兴市,城东开发委,,41,34,25,17,12,129,NA,64,64,11,14,7,6,0.7,0.7
2026-09-06T1200,1250A,120.075,30.867,湖州市,城西水厂,,35,29,26,15,14,110,NA,66,66,22,21,8,8,0.4,0.5
2026-09-06T1200,1252A,120.7439,30.778,嘉兴市,清河小学,NA,NA,21,24,6,9,128,NA,77,77,NA,13,6,6,0.5,0.5
2026-09-06T1200,1253A,120.7261,30.7477,嘉兴市,嘉兴学院,,43,19,20,11,12,136,NA,83,83,8,15,6,5,0.5,0.5
2026-09-06T1200,1255A,121.2727,28.6461,台州市,黄岩环保大楼,,28,28,20,11,8,89,NA,85,84,6,6,/,/,/,/
2026-09-06T1200,1256A,121.4188,28.6545,台州市,台州环保大楼,,26,17,17,6,7,82,NA,90,82,3,3,/,/,0.6,0.5
2026-09-06T1200,1257A,121.3768,28.5772,台州市,路桥田洋王,,27,22,19,8,7,85,NA,89,85,6,7,6,6,0.6,0.6
2026-09-06T1200,1258A,122.1223,30.0203,舟山市,定海檀枫,,30,27,23,9,8,94,NA,77,76,4,3,7,7,0.6,0.6
2026-09-06T1200,1260A,122.1898,29.9945,舟山市,临城新区,,31,15,15,7,6,99,NA,76,76,5,6,6,6,0.5,0.5
2026-09-06T1200,1262A,119.6478,29.0773,金华市,十五中,,42,37,28,18,13,134,NA,68,68,14,16,4,4,0.5,0.5
2026-09-06T1200,1263A,119.6859,29.1032,金华市,监测站,,35,18,27,6,11,111,NA,55,55,6,18,3,2,0.2,0.5
2026-09-06T1200,1264A,118.8694,28.94,衢州市,环保大楼,,40,21,28,11,19,126,NA,68,68,7,16,/,/,/,/
2026-09-06T1200,1266A,118.8622,28.9809,衢州市,衢州学院,,38,16,25,9,15,120,NA,70,70,7,17,7,7,0.6,0.6
2026-09-06T1200,1267A,119.9141,28.4513,丽水市,监测站大楼,,38,38,26,12,12,108,NA,50,50,7,15,6,6,0.6,0.6
2026-09-06T1200,1268A,119.93,28.4589,丽水市,莲都小学,,37,29,27,11,12,118,NA,52,52,6,17,/,/,/,/
2026-09-06T1200,1269A,119.8794,28.4232,丽水市,余庄前,,37,21,24,8,9,118,NA,50,50,6,8,6,5,0.5,0.6
2026-09-06T1200,1270A,117.1957,31.7845,合肥市,明珠广场,,35,12,29,3,13,110,NA,72,72,5,21,10,10,0.5,0.5
2026-09-06T1200,1271A,117.307,31.8765,合肥市,三里街,,29,19,23,2,10,92,NA,73,73,6,12,12,12,0.5,0.5
2026-09-06T1200,1272A,117.2587,31.8703,合肥市,琥珀山庄,,32,17,26,3,12,100,NA,78,78,6,14,6,6,0.4,0.5
2026-09-06T1200,1275A,117.2593,31.9376,合肥市,庐阳区,,32,19,26,2,10,100,NA,74,74,5,14,9,8,0.7,0.7
2026-09-06T1200,1276A,117.345251,31.861615,合肥市,瑶海区,,31,19,22,3,9,98,NA,78,78,2,9,3,4,0.4,0.5
2026-09-06T1200,1277A,117.3033,31.7967,合肥市,包河区,,30,17,24,3,10,93,NA,58,58,9,36,6,7,0.1,0.1
2026-09-06T1200,1278A,117.278,31.7392,合肥市,滨湖新区,,34,17,26,2,11,108,NA,77,77,4,20,7,8,0.5,0.6
2026-09-06T1200,1279A,117.1324,31.8395,合肥市,高新区,,33,19,30,2,13,104,NA,72,72,8,20,7,7,0.3,0.4
2026-09-06T1200,1282A,119.2681,26.0506,福州市,师大,,37,7,23,6,10,117,NA,57,57,4,9,5,5,0.4,0.4
2026-09-06T1200,1283A,119.2983,26.1028,福州市,五四北路,NA,NA,NA,23,7,12,111,NA,56,56,8,12,5,5,0.3,0.3
2026-09-06T1200,1284A,119.2648,26.0769,福州市,杨桥西路,,36,13,22,11,9,114,NA,54,54,5,10,4,4,/,/
2026-09-06T1200,1287A,118.1519,24.4768,厦门市,洪文,,30,17,27,11,18,93,NA,69,69,10,15,2,3,0.3,0.4
2026-09-06T1200,1288A,118.0671,24.4447,厦门市,鼓浪屿,,37,37,29,23,18,96,NA,49,49,21,26,6,5,/,/
2026-09-06T1200,1291A,115.8887,28.7006,南昌市,省林业公司,,44,31,25,19,20,139,NA,108,108,3,4,8,8,0.6,0.6
2026-09-06T1200,1292A,115.813,28.7443,南昌市,林科所,,39,17,21,17,18,124,NA,107,107,4,4,8,8,0.6,0.6
2026-09-06T1200,1294A,115.8518,28.687,南昌市,建工学校,,40,NA,29,21,20,127,NA,102,102,8,10,10,9,0.6,0.6
2026-09-06T1200,1295A,115.8926,28.6425,南昌市,象湖,,39,NA,22,21,21,122,NA,95,95,10,11,9,10,0.5,0.5
2026-09-06T1200,1299A,116.9866,36.6118,济南市,科干所,臭氧1小时(O3_1h),65,46,37,23,20,172,NA,97,97,20,20,9,8,0.4,0.3
2026-09-06T1200,1300A,116.9379,36.6652,济南市,农科所,臭氧1小时(O3_1h),68,51,52,22,23,174,NA,76,76,19,33,8,7,0.3,0.4
2026-09-06T1200,1301A,117.1265,36.6736,济南市,开发区,臭氧1小时(O3_1h),74,51,48,23,23,179,NA,93,93,21,29,10,10,0.5,0.5
2026-09-06T1200,1303A,117.0616,36.6865,济南市,省种子仓库,NA,NA,NA,NA,NA,NA,NA,NA,NA,NA,NA,NA,NA,NA,NA,NA
2026-09-06T1200,1304A,116.9495185,36.644937,济南市,机床二厂,臭氧1小时(O3_1h),93,63,50,27,22,194,NA,111,111,23,28,10,9,0.4,0.5
2026-09-06T1200,1305A,117.0496,36.6629,济南市,市监测站,"颗粒物(PM10),臭氧1小时(O3_1h)",53,54,51,18,22,162,NA,74,74,18,24,8,7,0.6,0.7
2026-09-06T1200,1306A,116.7674,36.5458,济南市,长清党校,,50,46,44,22,18,159,NA,96,96,13,28,6,6,0.4,0.7
2026-09-06T1200,1310A,120.404,36.0625,青岛市,市南区东部子站,,34,17,14,5,4,108,NA,77,77,12,11,8,7,0.3,0.3
2026-09-06T1200,1311A,120.362344,36.10282,青岛市,四方区子站,,38,24,15,7,5,121,NA,80,80,10,8,4,4,0.4,0.4
2026-09-06T1200,1312A,120.294373,36.054183,青岛市,市南区西部子站,,35,22,14,7,4,109,NA,78,78,7,8,6,6,0.4,0.5
2026-09-06T1200,1313A,120.4581,36.0858,青岛市,崂山区子站,,33,27,25,6,5,103,NA,79,79,3,5,8,8,0.4,0.3
2026-09-06T1200,1315A,120.3945,36.3083,青岛市,城阳区子站,,33,17,18,4,4,103,NA,75,75,4,6,4,4,0.2,0.2
2026-09-06T1200,1316A,113.6843,34.7622,郑州市,烟厂,NA,NA,NA,54,NA,34,NA,NA,87,84,NA,24,NA,6,NA,0.8
2026-09-06T1200,1318A,113.669,34.8034,郑州市,银行学校,臭氧1小时(O3_1h),93,85,35,40,36,194,NA,111,111,14,21,8,7,0.6,0.6
2026-09-06T1200,1319A,113.5612,34.8143,郑州市,供水公司,臭氧1小时(O3_1h),100,69,60,38,36,200,NA,103,103,16,30,10,10,0.8,0.8
2026-09-06T1200,1320A,113.7269,34.7187,郑州市,经开区管委,臭氧1小时(O3_1h),104,55,52,34,32,207,NA,122,122,14,19,6,5,0.7,0.8
2026-09-06T1200,1321A,113.7332,34.7727,郑州市,四十七中,臭氧1小时(O3_1h),102,70,59,29,34,204,NA,124,124,6,14,8,6,0.7,0.7
2026-09-06T1200,1323A,113.6361,34.7537,郑州市,河医大,臭氧1小时(O3_1h),94,74,61,40,36,195,NA,95,95,12,20,9,7,0.5,0.5
2026-09-06T1200,1325A,114.3676,30.5584,武汉市,东湖梨园,,50,40,36,27,25,157,NA,96,96,16,22,15,14,0.9,1.2
2026-09-06T1200,1326A,114.2527,30.5578,武汉市,汉阳月湖,,47,24,33,17,23,148,NA,105,105,10,18,5,4,0.5,0.5
2026-09-06T1200,1327A,114.2819,30.6189,武汉市,汉口花桥,,49,28,34,19,24,154,NA,115,115,7,15,7,8,0.2,0.2
2026-09-06T1200,1328A,114.3024,30.5332,武汉市,武昌紫阳,,48,36,39,23,24,152,NA,99,99,15,19,13,11,0.8,0.7
2026-09-06T1200,1329A,114.3646,30.6217,武汉市,青山钢花,,50,35,36,20,26,158,NA,102,102,13,18,13,9,1.2,0.6
2026-09-06T1200,1330A,114.156697,30.482592,武汉市,沌口新区,臭氧1小时(O3_1h),59,NA,33,22,26,167,NA,110,110,8,20,10,11,0.2,0.2
2026-09-06T1200,1331A,114.3013,30.5944,武汉市,汉口江滩,臭氧1小时(O3_1h),52,27,29,18,23,161,NA,116,116,11,21,6,5,0.7,0.5
2026-09-06T1200,1333A,114.1285,30.6339,武汉市,吴家山,臭氧1小时(O3_1h),57,24,29,18,23,165,NA,110,110,12,16,9,9,0.4,0.4
2026-09-06T1200,1335A,113.082,28.2421,长沙市,经开区环保局,颗粒物(PM10),53,54,51,31,33,143,NA,87,87,9,13,6,6,0.7,0.6
2026-09-06T1200,1336A,112.8873,28.2202,长沙市,高开区环保局,细颗粒物(PM2.5),62,62,50,41,32,143,NA,83,83,8,12,9,6,0.9,0.8
2026-09-06T1200,1337A,113.0785,28.2012,长沙市,马坡岭,臭氧1小时(O3_1h),60,59,50,35,35,168,NA,107,107,11,14,9,9,0.7,0.6
2026-09-06T1200,1338A,112.9448,28.1894,长沙市,湖南师范大学,颗粒物(PM10),60,63,51,32,32,144,NA,94,94,12,13,11,11,0.6,0.6
2026-09-06T1200,1339A,113.0177,28.1322,长沙市,雨花区环保局,颗粒物(PM10),58,60,49,30,32,140,NA,96,96,10,12,8,8,0.9,0.9
2026-09-06T1200,1340A,112.9795,28.2593,长沙市,伍家岭,颗粒物(PM10),63,68,52,39,36,130,NA,86,86,10,12,7,6,0.6,0.6
2026-09-06T1200,1341A,113.002,28.1944,长沙市,火车新站,颗粒物(PM10),58,61,50,34,32,136,NA,90,90,8,9,7,6,0.8,0.7
2026-09-06T1200,1342A,112.9846,28.1177,长沙市,天心区环保局,颗粒物(PM10),69,76,51,30,33,146,NA,100,100,15,16,6,5,0.7,0.6
2026-09-06T1200,1343A,112.8906,28.1307,长沙市,湖南中医药大学,颗粒物(PM10),57,59,49,35,32,145,NA,92,92,8,9,10,8,0.6,0.5
2026-09-06T1200,1345A,113.2346,23.1423,广州市,广雅中学,,34,34,28,22,18,24,NA,49,29,26,20,5,5,0.5,0.4
2026-09-06T1200,1346A,113.2611,23.105,广州市,市五中,,39,33,26,27,22,34,NA,69,42,25,17,4,4,/,/
2026-09-06T1200,1348A,113.3477,23.0916,广州市,广东商学院,,28,28,29,18,19,23,NA,56,45,30,23,4,5,0.7,0.6
2026-09-06T1200,1349A,113.4332,23.105,广州市,市八十六中,,20,16,22,11,18,21,NA,34,25,39,34,6,7,/,/
2026-09-06T1200,1350A,113.3506,22.9488,广州市,番禺中学,,18,10,25,8,11,56,NA,74,63,16,17,4,5,0.4,0.3
2026-09-06T1200,1351A,113.2147,23.3918,广州市,花都师范,,26,23,26,18,18,54,NA,29,29,7,12,5,5,0.6,0.6
2026-09-06T1200,1352A,113.2599,23.1329,广州市,市监测站,,35,30,27,24,18,34,NA,60,34,21,16,2,1,/,/
2026-09-06T1200,1353A,113.5618,23.3119,广州市,九龙镇镇龙,,18,7,12,4,8,55,NA,32,29,6,11,7,8,0.4,0.5
2026-09-06T1200,1354A,113.2764,23.1544,广州市,麓湖,,30,29,24,21,16,26,NA,24,16,20,24,5,5,0.7,0.6
2026-09-06T1200,1356A,114.0948,22.5506,深圳市,通心岭子站,,27,8,20,6,14,85,NA,82,82,6,7,1,1,0.5,0.5
2026-09-06T1200,1357A,114.1153,22.5713,深圳市,洪湖,,23,11,20,7,13,73,NA,79,79,13,14,1,2,0.8,0.9
2026-09-06T1200,1358A,113.9823,22.5398,深圳市,华侨城,,25,8,24,2,13,80,NA,81,81,12,16,/,/,/,/
2026-09-06T1200,1359A,113.9181,22.517,深圳市,南海子站,,29,NA,24,8,19,91,NA,86,78,5,16,1,1,0.7,0.8
2026-09-06T1200,1360A,114.2345,22.565,深圳市,盐田,,26,17,21,11,9,83,NA,80,80,13,13,7,8,0.7,0.7
2026-09-06T1200,1363A,114.4911,22.5381,深圳市,南澳,,33,9,18,4,9,103,NA,91,91,10,9,/,/,/,/
2026-09-06T1200,1364A,114.41,22.6346,深圳市,葵涌,,29,10,17,6,10,91,NA,84,84,8,8,7,7,0.8,0.8
2026-09-06T1200,1365A,114.2967,22.5978,深圳市,梅沙,,21,15,19,11,9,67,NA,78,76,27,12,/,/,/,/
2026-09-06T1200,1366A,114.0563,22.7353,深圳市,观澜,,26,8,33,3,19,83,NA,60,60,18,28,3,3,0.4,0.5
2026-09-06T1200,1367A,113.5811,22.2618,珠海市,吉大,,30,16,24,5,9,93,NA,91,86,9,11,7,7,0.8,0.8
2026-09-06T1200,1368A,113.4893,22.2323,珠海市,前山,,27,16,25,10,14,86,NA,98,84,10,12,/,/,/,/
2026-09-06T1200,1369A,113.6284,22.4252,珠海市,唐家,,26,16,24,11,19,82,NA,86,78,4,4,/,/,/,/
2026-09-06T1200,1370A,113.2986,22.2284,珠海市,斗门,,39,37,33,27,20,110,NA,82,81,13,11,9,9,0.8,0.7
2026-09-06T1200,1371A,113.1293,23.0065,佛山市,湾梁,,35,NA,29,24,30,30,NA,61,41,24,20,/,/,/,/
2026-09-06T1200,1372A,113.1082,23.0477,佛山市,华材职中,,36,NA,29,25,29,26,NA,48,30,24,17,8,8,0.7,0.6
2026-09-06T1200,1373A,113.1439,23.045,佛山市,南海气象局,,33,24,30,23,27,31,NA,44,32,22,20,/,/,/,/
2026-09-06T1200,1374A,113.2879,22.8094,佛山市,顺德苏岗,,16,14,27,5,24,49,NA,75,65,12,16,/,/,0.5,0.6
2026-09-06T1200,1376A,112.8384,22.8678,佛山市,高明孔堂,,23,23,44,6,29,42,NA,63,47,14,18,/,/,/,/
2026-09-06T1200,1377A,112.8835,23.1584,佛山市,三水监测站,,29,NA,24,20,24,26,NA,26,18,21,16,4,4,0.5,0.5
2026-09-06T1200,1378A,112.8668,23.185,佛山市,三水云东海,,28,22,30,19,22,24,NA,22,15,17,11,/,/,/,/
2026-09-06T1200,1379A,113.377,22.5211,中山市,华柏园,,26,NA,27,14,17,81,NA,86,76,14,11,/,/,/,/
2026-09-06T1200,1380A,113.3879,22.5499,中山市,张溪,,24,17,30,15,20,74,NA,85,78,21,13,/,/,/,/
2026-09-06T1200,1381A,113.4071,22.5111,中山市,紫马岭,,24,14,25,13,18,75,NA,68,60,12,9,8,9,0.6,0.5
2026-09-06T1200,1383A,113.1063,22.6058,江门市,北街,,30,30,35,17,23,38,NA,87,68,22,14,/,/,/,/
2026-09-06T1200,1384A,113.073,22.5835,江门市,西区,,32,25,35,22,24,57,NA,89,74,22,17,/,/,/,/
2026-09-06T1200,1385A,113.0218,22.531,江门市,圭峰西,,41,41,35,28,22,74,NA,87,75,19,14,/,/,/,/
2026-09-06T1200,1390A,113.7943,23.0132,东莞市,东城石井,,19,6,29,4,21,60,NA,67,54,14,13,6,6,0.8,0.8
2026-09-06T1200,1391A,113.7384,22.9659,东莞市,南城西平,,17,9,31,7,25,53,NA,55,53,15,27,4,6,0.7,0.8
2026-09-06T1200,1392A,114.4181,23.0528,惠州市,河南岸金山湖子站,,25,18,17,12,12,77,NA,52,52,11,9,8,8,0.7,0.7
2026-09-06T1200,1393A,114.4055,23.0824,惠州市,下埔横江三路子站,,25,21,17,16,11,78,NA,57,57,10,8,4,5,0.5,0.6
2026-09-06T1200,1395A,114.4645,22.7832,惠州市,惠阳区承修路船湖子站,,35,18,24,12,14,111,NA,61,61,7,10,2,3,0.9,0.9
2026-09-06T1200,1396A,114.5316,22.7423,惠州市,大亚湾管委会子站,,28,13,17,8,12,87,NA,55,55,10,12,7,8,0.8,0.8
2026-09-06T1200,1397A,112.426,23.062,肇庆市,睦岗子站,,11,9,23,4,15,33,NA,50,40,11,14,7,7,/,/
2026-09-06T1200,1398A,112.4645,23.0476,肇庆市,城中子站,,14,9,23,5,19,44,NA,50,42,12,20,8,8,0.8,0.8
2026-09-06T1200,1399A,112.5545,23.1525,肇庆市,坑口子站,,12,4,22,3,21,37,NA,39,37,7,10,5,7,0.5,0.5
2026-09-06T1200,1401A,108.3098,22.788,南宁市,二十一中,,22,20,22,10,15,70,NA,35,35,10,19,6,8,0.8,0.9
2026-09-06T1200,1402A,108.3135,22.8529,南宁市,北湖,,26,26,24,18,16,66,NA,35,35,10,16,13,9,0.6,0.7
2026-09-06T1200,1403A,108.3205,22.8222,南宁市,市监测站,,21,18,21,10,13,66,NA,36,36,8,15,7,8,0.7,0.7
2026-09-06T1200,1404A,108.3828,22.8038,南宁市,大自然花园,,20,14,22,8,14,63,NA,36,36,7,13,5,7,0.6,0.6
2026-09-06T1200,1406A,108.2397,22.8462,南宁市,区农职院,,24,24,23,12,14,76,NA,37,37,4,10,8,7,0.7,0.7
2026-09-06T1200,1407A,108.3285,22.7356,南宁市,英华嘉园,,27,27,25,9,13,67,NA,28,28,9,19,6,7,0.6,0.6
2026-09-06T1200,1410A,110.3189,20.0596,海口市,海南大学,,34,15,20,11,15,108,NA,82,82,4,10,7,7,0.5,0.5
2026-09-06T1200,1411A,110.2827,20.0051,海口市,秀英海南医院,,35,16,15,13,15,112,NA,76,76,8,10,8,7,0.5,0.4
2026-09-06T1200,1412A,110.3391,19.9979,海口市,海南师范大学,NA,NA,25,18,13,15,113,NA,74,74,NA,11,4,4,0.6,0.5
2026-09-06T1200,1413A,110.3303,20.0359,海口市,龙华路环保局宿舍,,35,25,16,12,13,110,NA,89,89,4,9,/,/,0.5,0.5
2026-09-06T1200,1416A,106.4216,29.8256,重庆市,天生,,44,28,44,7,34,139,NA,59,59,11,22,11,11,0.6,0.8
2026-09-06T1200,1417A,106.6264,29.7226,重庆市,两路,,43,43,39,11,20,127,NA,78,78,11,16,6,6,0.4,0.6
2026-09-06T1200,1419A,106.5778,29.5103,重庆市,南坪,,38,30,30,10,17,119,NA,83,83,9,11,5,6,0.2,0.3
2026-09-06T1200,1420A,106.6556,29.6277,重庆市,唐家沱,,37,27,32,4,21,116,NA,64,64,7,17,14,13,0.4,0.5
2026-09-06T1200,1431A,103.9727,30.7242,成都市,金泉两河,,50,50,67,26,53,150,NA,77,77,13,19,3,3,0.6,0.7
2026-09-06T1200,1432A,104.1423,30.6765,成都市,十里店,,42,27,63,22,49,134,NA,72,72,9,26,6,6,1.1,1.4
2026-09-06T1200,1433A,104.0594,30.5765,成都市,三瓦窑,颗粒物(PM10),54,55,72,29,51,153,NA,66,66,13,37,7,7,0.6,0.8
2026-09-06T1200,1434A,104.1122,30.6306,成都市,沙河铺,,41,41,58,27,45,116,NA,62,62,10,23,8,8,0.6,0.8
2026-09-06T1200,1439A,106.6863,26.6035,贵阳市,马鞍山,,33,12,18,4,13,105,NA,77,77,4,5,4,3,/,/
2026-09-06T1200,1441A,106.6241,26.6266,贵阳市,鉴湖路,,34,34,31,7,12,99,NA,79,79,4,5,8,7,0.5,0.5
2026-09-06T1200,1442A,106.7468,26.6344,贵阳市,燕子冲,,35,22,27,12,13,109,NA,83,83,6,6,6,5,0.5,0.5
2026-09-06T1200,1443A,106.6556,26.4362,贵阳市,碧云窝,,41,41,37,10,13,99,NA,76,74,8,8,5,5,/,/
2026-09-06T1200,1445A,106.6963,26.6063,贵阳市,红边门,,31,19,21,11,14,99,NA,76,76,4,5,4,4,/,/
2026-09-06T1200,1446A,106.7162383,26.56964667,贵阳市,新华路,,33,29,28,9,11,105,NA,80,80,9,9,6,6,0.5,0.5
2026-09-06T1200,1447A,106.6742,26.542,贵阳市,太慈桥,,35,24,21,10,11,109,NA,85,85,6,6,4,3,/,/
2026-09-06T1200,1450A,102.8203,24.889,昆明市,呈贡新区,,30,20,18,14,13,93,NA,55,55,9,9,4,4,0.4,0.4
2026-09-06T1200,1452A,102.7253,25.0904,昆明市,龙泉镇,,27,NA,22,6,14,86,NA,44,44,10,13,10,8,0.3,0.3
2026-09-06T1200,1453A,102.7267,25.0378,昆明市,东风东路,,26,24,24,6,13,83,NA,48,48,14,16,6,6,0.5,0.4
2026-09-06T1200,1454A,102.6744,25.0671,昆明市,金鼎山,,38,38,32,11,14,88,NA,48,48,8,13,8,5,0.2,0.3
2026-09-06T1200,1455A,102.6643,25.0401,昆明市,碧鸡广场,,27,18,23,13,14,86,NA,50,50,10,15,12,8,0.5,0.5
2026-09-06T1200,1456A,91.132,29.6515,拉萨市,八廓街,,23,13,9,6,6,72,NA,80,71,12,8,16,11,0.3,0.2
2026-09-06T1200,1457A,91.1221,29.6748,拉萨市,市环保局,,22,16,11,6,6,69,NA,74,64,10,10,17,11,0.2,0.2
2026-09-06T1200,1458A,91.0874,29.6476,拉萨市,区监测站,,23,11,7,6,5,72,NA,79,69,10,12,14,10,0.2,0.2
2026-09-06T1200,1459A,91.1774,29.6541,拉萨市,西藏大学,,22,7,8,6,6,70,NA,83,72,13,10,13,9,0.3,0.2
2026-09-06T1200,1460A,90.9798,29.6586,拉萨市,区辐射站,,21,21,10,8,6,58,NA,61,55,20,17,15,9,0.2,0.2
2026-09-06T1200,1461A,91.0831,29.6292,拉萨市,拉萨火车站,,22,12,8,5,6,68,NA,71,65,11,11,13,8,0.1,0
2026-09-06T1200,1463A,108.9931,34.2629,西安市,兴庆小区,臭氧1小时(O3_1h),75,56,53,35,31,180,NA,128,128,12,13,8,8,0.7,0.6
2026-09-06T1200,1464A,109.0595,34.2569,西安市,纺织城,颗粒物(PM10),63,67,59,40,35,168,NA,99,99,16,25,6,4,0.8,0.7
2026-09-06T1200,1465A,108.9377,34.2178,西安市,小寨,颗粒物(PM10),58,60,58,33,33,164,NA,114,114,16,16,6,5,0.8,0.8
2026-09-06T1200,1466A,108.9522,34.2739,西安市,市人民体育场,臭氧1小时(O3_1h),83,76,54,31,30,186,NA,141,141,16,17,6,6,0.8,0.7
2026-09-06T1200,1467A,108.8923,34.2322,西安市,高新西区,臭氧1小时(O3_1h),74,61,56,32,31,179,NA,130,130,15,15,8,8,0.6,0.5
2026-09-06T1200,1468A,108.9386,34.3446,西安市,经开区,颗粒物(PM10),62,66,57,35,30,168,NA,130,130,8,9,6,5,0.7,0.6
2026-09-06T1200,1469A,108.894,34.1557,西安市,长安区,臭氧1小时(O3_1h),70,69,62,37,33,176,NA,110,110,18,18,7,4,0.8,0.7
2026-09-06T1200,1471A,109.213,34.3748,西安市,临潼区,颗粒物(PM10),64,69,55,41,36,165,NA,118,118,13,15,9,6,0.8,0.8
2026-09-06T1200,1474A,109.0508,34.321,西安市,广运潭,颗粒物(PM10),66,72,58,38,35,160,NA,117,117,12,14,8,8,0.8,0.7
2026-09-06T1200,1479A,103.8309,36.0467,兰州市,铁路设计院,,40,39,41,28,24,69,NA,87,69,37,19,3,3,0.9,0.6
2026-09-06T1200,1489A,106.1361,38.5039,银川市,学院路,,44,42,56,30,28,139,NA,43,42,11,30,5,6,0.4,0.5
2026-09-06T1200,1490A,87.5796,43.8299,乌鲁木齐市,监测站,,48,48,34,10,12,40,NA,33,28,41,26,5,3,0.7,0.4
2026-09-06T1200,1491A,87.6044,43.7679,乌鲁木齐市,收费所,,41,41,30,13,13,36,NA,34,22,47,31,4,2,0.6,0.4
2026-09-06T1200,1493A,87.5529,43.8704,乌鲁木齐市,铁路局,,47,47,34,14,13,40,NA,24,20,48,31,10,8,0.7,0.6
2026-09-06T1200,1494A,87.6408,43.8258,乌鲁木齐市,三十一中学,,46,46,31,8,11,49,NA,50,41,32,21,8,7,0.8,0.6
2026-09-06T1200,1496A,87.7218,44.1747,乌鲁木齐市,米东区环保局,颗粒物(PM10),90,105,36,24,12,25,NA,45,25,37,12,11,10,0.6,0.3
2026-09-06T1200,1508A,112.9508,27.8626,湘潭市,板塘,细颗粒物(PM2.5),64,61,47,42,30,120,NA,87,87,10,9,10,9,0.5,0.4
2026-09-06T1200,1511A,112.9114,27.8404,湘潭市,市监测站,细颗粒物(PM2.5),66,44,32,43,30,117,NA,74,74,11,9,5,4,0.6,0.6
2026-09-06T1200,1512A,112.8935,27.8729,湘潭市,江麓,细颗粒物(PM2.5),52,48,47,36,30,123,NA,82,82,8,9,7,6,0.4,0.3
2026-09-06T1200,1513A,112.9227,27.8159,湘潭市,岳塘,细颗粒物(PM2.5),74,57,51,47,31,119,NA,82,82,10,11,10,9,0.4,0.3
2026-09-06T1200,1514A,112.9073,27.9118,湘潭市,科大,细颗粒物(PM2.5),58,55,50,39,29,125,NA,85,85,6,9,9,8,0.3,0.2
2026-09-06T1200,1515A,113.1265,27.8306,株洲市,天台山庄,细颗粒物(PM2.5),62,60,47,41,32,109,NA,79,79,13,12,3,3,0.7,0.6
2026-09-06T1200,1518A,113.0937,27.8919,株洲市,株冶医院,细颗粒物(PM2.5),64,60,47,42,33,110,NA,68,68,15,18,6,5,0.9,0.8
2026-09-06T1200,1519A,113.1709,27.8661,株洲市,市四中,细颗粒物(PM2.5),54,54,50,37,35,116,NA,62,62,15,21,7,6,0.9,0.9
2026-09-06T1200,1520A,113.1515,27.8265,株洲市,火车站,细颗粒物(PM2.5),72,59,49,46,34,121,NA,74,74,15,16,11,10,0.9,0.8
2026-09-06T1200,1524A,113.1329,27.8491,株洲市,市监测站,细颗粒物(PM2.5),84,71,48,52,33,113,NA,81,81,18,17,9,9,0.7,0.7
2026-09-06T1200,1562A,113.0048,27.9153,湘潭市,昭山,细颗粒物(PM2.5),74,70,56,47,31,123,NA,80,80,6,7,9,8,0.8,0.7
2026-09-06T1200,1585A,109.8761,40.6533,包头市,市环境监测站,颗粒物(PM10),53,54,50,25,27,148,NA,78,78,20,28,11,14,0.7,0.8
2026-09-06T1200,1587A,109.9992,40.5843,包头市,包头八中,颗粒物(PM10),59,62,53,26,28,144,NA,87,87,21,24,14,16,0.6,0.6
2026-09-06T1200,1589A,109.8641,40.6288,包头市,惠龙物流,,46,41,38,32,24,139,NA,85,83,19,22,11,10,0.7,0.6
2026-09-06T1200,1590A,110.0376,40.5546,包头市,东河鸿龙湾,颗粒物(PM10),58,60,44,34,28,129,NA,77,77,20,26,18,15,0.8,0.6
2026-09-06T1200,1591A,110.0024,39.8127,鄂尔多斯市,综合楼,颗粒物(PM10),62,66,59,24,25,146,NA,120,120,17,20,11,11,0.7,0.6
2026-09-06T1200,1592A,109.9485,39.8259,鄂尔多斯市,巴音孟克林场办事处,颗粒物(PM10),53,53,55,27,25,149,NA,121,121,15,19,12,12,0.7,0.7
2026-09-06T1200,1593A,109.7734,39.5987,鄂尔多斯市,康泽苑,,49,46,62,21,24,156,NA,80,80,11,21,13,13,0.6,0.5
2026-09-06T1200,1594A,109.8121,39.5987,鄂尔多斯市,华泰汽车城,,46,39,61,27,26,146,NA,65,65,11,23,5,5,0.8,0.7
2026-09-06T1200,1595A,109.9734,39.7884,鄂尔多斯市,奥林花园,颗粒物(PM10),53,53,59,24,26,140,NA,101,101,14,23,11,9,0.9,0.8
2026-09-06T1200,1597A,122.2704,40.7093,营口市,大庆路,,32,32,41,8,14,100,NA,54,54,10,18,17,14,0.6,1
2026-09-06T1200,1598A,122.215,40.6511,营口市,镜湖西路,,27,26,29,4,8,85,NA,54,54,10,16,5,6,0.4,0.4
2026-09-06T1200,1599A,122.1667,40.665,营口市,西炮台,,30,30,25,10,11,94,NA,52,52,12,14,5,6,0.4,0.3
2026-09-06T1200,1600A,124.33,40.0625,丹东市,江湾东路,NA,NA,NA,38,NA,15,85,NA,38,38,6,17,6,6,0.5,0.7
2026-09-06T1200,1601A,124.4242,40.1513,丹东市,临江后街,,24,15,32,4,14,74,NA,31,31,3,13,3,4,0.5,0.6
2026-09-06T1200,1602A,124.3935,40.1461,丹东市,元宝山,,23,17,26,6,13,72,NA,31,31,4,10,6,6,0.5,0.6
2026-09-06T1200,1603A,124.3634,40.1093,丹东市,民主桥,,27,27,34,7,16,76,NA,36,36,4,15,7,7,0.3,0.4
2026-09-06T1200,1604A,122.0303,41.1489,盘锦市,开发区,,30,23,24,5,8,96,NA,70,70,4,11,5,6,0.4,0.5
2026-09-06T1200,1605A,122.0486,41.0883,盘锦市,兴隆台,,29,27,26,15,15,91,NA,59,59,4,23,4,4,0.4,0.5
2026-09-06T1200,1606A,121.8297,41.1026,盘锦市,新生街道,,31,27,22,5,7,99,NA,68,68,3,10,3,3,0.4,0.4
2026-09-06T1200,1607A,120.904878,40.721091,葫芦岛市,龙港区,,36,29,24,13,13,114,NA,104,100,7,9,6,5,0.2,0.3
2026-09-06T1200,1608A,120.8382,40.7521,葫芦岛市,化工街,,35,24,32,10,18,112,NA,65,65,7,23,3,5,0.2,0.4
2026-09-06T1200,1609A,120.8339,40.7078,葫芦岛市,新区,NA,NA,NA,26,NA,16,119,NA,86,86,5,10,NA,4,0.3,0.4
2026-09-06T1200,1610A,120.8697,40.7679,葫芦岛市,东城区,,38,22,40,12,25,121,NA,64,64,8,30,4,6,0.4,0.6
2026-09-06T1200,1611A,118.5818,24.9116,泉州市,涂山街,,37,19,25,10,17,116,NA,75,75,5,12,2,3,0.5,0.6
2026-09-06T1200,1612A,118.597,24.8976,泉州市,津头埔,,35,19,25,13,15,109,NA,72,72,7,11,2,2,0.5,0.6
2026-09-06T1200,1613A,118.6669,24.9422,泉州市,万安,,32,18,26,12,13,102,NA,70,70,4,10,3,4,0.6,0.5
2026-09-06T1200,1618A,118.3429,35.0532,临沂市,沂河小区,,41,41,28,12,8,118,NA,75,75,11,12,9,9,0.3,0.3
2026-09-06T1200,1619A,118.2962,35.0568,临沂市,鲁南制药厂,,40,34,22,13,8,128,NA,83,83,10,12,9,9,0.6,0.6
2026-09-06T1200,1620A,118.2793,34.9976,临沂市,新光毛纺厂,,40,27,19,12,8,126,NA,79,79,17,18,9,10,0.5,0.5
2026-09-06T1200,1621A,118.3955,35.0889,临沂市,河东保险公司,,40,29,27,6,10,126,NA,73,73,12,18,8,9,0.6,0.6
2026-09-06T1200,1622A,116.3034,37.4675,德州市,儿童乐园,,39,29,37,6,18,124,NA,71,71,14,14,10,14,0.4,0.5
2026-09-06T1200,1624A,116.2992,37.4449,德州市,监理站,,42,24,30,5,14,132,NA,83,83,4,12,10,14,0.4,0.4
2026-09-06T1200,1625A,115.9789,36.4372,聊城市,区政府,臭氧1小时(O3_1h),78,58,50,27,25,182,NA,90,90,10,21,12,10,0.6,0.5
2026-09-06T1200,1629A,117.9961,37.3604,滨州市,第二水厂,,42,34,30,15,15,134,NA,63,63,9,19,9,8,0.7,0.7
2026-09-06T1200,1630A,117.9789,37.3931,滨州市,北中新校,,43,34,36,10,14,137,NA,60,60,10,22,11,9,0.8,0.7
2026-09-06T1200,1631A,118.0413,36.8101,淄博市,人民公园,,48,36,55,16,22,153,NA,78,78,10,21,8,8,0.4,0.6
2026-09-06T1200,1633A,117.8524,36.4848,淄博市,双山,,49,30,43,14,22,156,NA,86,86,8,24,9,9,0.5,0.7
2026-09-06T1200,1634A,117.9595,36.6332,淄博市,气象站,臭氧1小时(O3_1h),75,61,55,16,26,180,NA,86,86,15,24,10,14,0.5,0.5
2026-09-06T1200,1637A,117.5628,34.8379,枣庄市,市中区政府,,41,27,42,8,17,130,NA,85,85,6,15,4,10,0.3,0.4
2026-09-06T1200,1638A,117.2855,34.7838,枣庄市,薛城环保局,NA,NA,NA,45,8,18,148,NA,90,90,7,19,6,8,0.6,0.5
2026-09-06T1200,1639A,117.5854,34.7744,枣庄市,峄城区政府,,48,48,43,19,15,139,NA,94,94,5,10,7,12,0.3,0.3
2026-09-06T1200,1641A,117.4516,35.0992,枣庄市,山亭区环保局,,43,24,26,4,10,135,NA,91,91,7,9,3,3,0.7,0.7
2026-09-06T1200,1642A,121.2517,37.564,烟台市,开发区,,31,17,22,2,6,98,NA,50,50,8,20,7,6,0.4,0.5
2026-09-06T1200,1644A,121.3181,37.5436,烟台市,西郊化工站,,27,12,21,1,4,85,NA,46,46,12,20,12,10,0.5,0.6
2026-09-06T1200,1645A,121.4419,37.4858,烟台市,莱山环保局,,30,9,11,2,4,95,NA,61,61,4,11,2,3,0.3,0.3
2026-09-06T1200,1646A,121.2619,37.4965,烟台市,福山环保局,,26,19,33,1,7,82,NA,34,34,4,18,2,2,0.3,0.3
2026-09-06T1200,1650A,119.1436,36.7022,潍坊市,环保局,,34,22,25,0,5,106,NA,73,73,7,13,3,4,0.3,0.5
2026-09-06T1200,1653A,116.6229,35.4288,济宁市,火炬城,,45,21,41,4,17,141,NA,94,94,5,12,2,4,0.3,0.5
2026-09-06T1200,1656A,117.1436,36.1938,泰安市,监测站,臭氧1小时(O3_1h),60,53,47,21,27,168,NA,107,107,11,12,8,9,1.0,1
2026-09-06T1200,1657A,117.0905,36.2002,泰安市,人口学校,颗粒物(PM10),51,51,43,16,21,146,NA,100,100,14,12,11,11,0.6,0.6
2026-09-06T1200,1658A,117.0992,36.1757,泰安市,电力学校,臭氧1小时(O3_1h),58,48,43,15,26,166,NA,96,96,9,12,7,8,0.3,0.4
2026-09-06T1200,1659A,119.4711,35.421,日照市,监测站,,37,9,9,3,3,116,NA,80,80,7,10,7,8,0.3,0.3
2026-09-06T1200,1660A,119.523,35.4216,日照市,市政府广场,,40,17,10,4,5,126,NA,89,89,6,6,6,5,0.5,0.4
2026-09-06T1200,1661A,119.5511,35.4113,日照市,港务局,,40,14,15,2,2,125,NA,95,95,6,5,5,5,0.5,0.5
2026-09-06T1200,1662A,122.121,37.4231,威海市,华夏技校,,27,9,7,2,3,85,NA,63,63,6,11,/,/,0.3,0.3
2026-09-06T1200,1663A,122.0508,37.5236,威海市,山大分校,,30,7,8,4,6,93,NA,71,71,3,5,/,/,/,/
2026-09-06T1200,1664A,122.1067,37.5067,威海市,市监测站,,28,12,12,4,5,89,NA,69,69,6,8,4,4,0.3,0.3
2026-09-06T1200,1666A,118.6612,37.4313,东营市,市环保局,,33,7,14,2,5,103,NA,82,82,2,6,4,5,0.3,0.3
2026-09-06T1200,1669A,113.5821,24.7733,韶关市,市八中,,33,33,14,16,6,44,NA,29,27,10,7,10,8,0.8,0.7
2026-09-06T1200,1671A,113.5916,24.7973,韶关市,园林处,,24,24,13,15,7,40,NA,30,28,16,9,13,10,/,/
2026-09-06T1200,1673A,113.5971,24.6864,韶关市,曲江监测站,,27,27,14,10,5,39,NA,22,18,16,12,31,18,0.7,0.5
2026-09-06T1200,1674A,116.6795,23.3666,汕头市,金平子站,,38,23,27,15,20,119,NA,49,49,13,22,7,8,0.7,0.7
2026-09-06T1200,1675A,116.7248,23.3632,汕头市,龙湖子站,,32,29,33,12,19,101,NA,48,48,8,16,6,8,/,/
2026-09-06T1200,1676A,116.7257,23.2774,汕头市,濠江子站,,33,30,30,14,18,105,NA,48,48,10,15,8,8,/,/
2026-09-06T1200,1677A,116.7518,23.4712,汕头市,澄海子站,,35,35,23,12,14,83,NA,42,42,6,12,4,5,0.6,0.7
2026-09-06T1200,1678A,116.6088,23.2539,汕头市,潮阳子站,,34,31,25,20,17,107,NA,50,50,11,12,11,9,0.7,0.6
2026-09-06T1200,1680A,110.3648,21.2697,湛江市,湛江影剧院,,35,32,35,18,29,112,NA,65,65,10,13,12,18,0.5,0.6
2026-09-06T1200,1681A,110.3907,21.2279,湛江市,市环境监测站,,31,31,29,15,26,99,NA,63,63,4,10,7,9,0.4,0.5
2026-09-06T1200,1682A,110.3936,21.1943,湛江市,环保局宿舍,,44,44,32,17,27,110,NA,74,74,8,12,9,11,/,/
2026-09-06T1200,1683A,110.4138,21.2033,湛江市,霞山游泳场,,34,27,31,21,25,106,NA,63,63,9,10,10,12,/,/
2026-09-06T1200,1685A,110.4512,21.239,湛江市,坡头区环保局,,34,29,27,20,25,107,NA,63,63,5,8,10,10,0.5,0.6
2026-09-06T1200,1686A,111.0285,21.469,茂名市,电白南海,,35,34,39,11,25,109,NA,56,56,5,12,6,10,0.5,0.6
2026-09-06T1200,1687A,110.9294,21.6533,茂名市,茂石化七小,,32,29,34,14,26,101,NA,48,48,7,10,8,11,0.6,0.7
2026-09-06T1200,1688A,110.9108,21.6688,茂名市,健康路,,37,27,29,15,26,118,NA,52,52,5,9,10,11,0.6,0.7
2026-09-06T1200,1689A,110.8592,21.6826,茂名市,高岭,,44,44,35,21,26,117,NA,49,49,10,13,17,12,/,/
2026-09-06T1200,1690A,116.1248,24.3307,梅州市,梅江月梅,,25,14,20,7,14,77,NA,32,32,6,9,/,/,/,/
2026-09-06T1200,1691A,116.0798,24.2719,梅州市,梅县新城,,22,11,19,8,12,69,NA,32,32,5,11,12,9,0.6,0.6
2026-09-06T1200,1693A,115.3653,22.7751,汕尾市,市环保局,,31,30,16,12,10,99,NA,64,64,12,11,6,6,0.5,0.5
2026-09-06T1200,1695A,115.362,22.7926,汕尾市,新城中学,,29,18,17,11,9,91,NA,58,58,9,10,8,7,0.7,0.7
2026-09-06T1200,1697A,114.6962,23.7538,河源市,东埔,,35,NA,16,24,12,56,NA,47,47,6,9,5,5,0.7,0.7
2026-09-06T1200,1698A,114.6895,23.7232,河源市,老城,,25,20,15,17,11,57,NA,43,43,6,8,6,6,0.7,0.6
2026-09-06T1200,1701A,111.9491,21.8658,阳江市,马南垌,,37,30,26,18,23,117,NA,65,65,10,8,6,8,0.7,0.7
2026-09-06T1200,1703A,113.0218,23.7086,清远市,凤城街办,,19,14,15,8,9,58,NA,40,36,1,5,/,/,/,/
2026-09-06T1200,1708A,116.3701,23.5345,揭阳市,新兴,,39,39,31,12,17,88,NA,34,34,11,17,7,10,0.8,0.8
2026-09-06T1200,1709A,116.3261,23.5442,揭阳市,西马,,44,44,33,14,17,81,NA,29,29,14,13,5,5,0.7,0.7
2026-09-06T1200,1710A,116.361,23.5627,揭阳市,东兴,,46,46,29,16,17,77,NA,28,28,15,18,6,6,/,/
2026-09-06T1200,1711A,116.4151,23.5295,揭阳市,渔湖,,30,30,32,18,20,92,NA,34,34,12,19,7,7,/,/
2026-09-06T1200,1714A,112.0281,22.9738,云浮市,牧羊,,25,25,18,6,7,29,NA,20,20,12,17,4,5,0.7,0.6
2026-09-06T1200,1715A,102.575,24.371,玉溪市,东风水库,,25,10,16,9,10,80,NA,60,60,5,7,5,6,0.5,0.5
2026-09-06T1200,1723A,113.2926,40.0759,大同市,云冈宾馆,,34,33,48,6,12,107,NA,44,44,17,33,11,10,0.9,0.9
2026-09-06T1200,1724A,113.3437,40.0921,大同市,大同大学,,35,35,47,8,10,102,NA,52,52,18,24,11,10,0.4,0.4
2026-09-06T1200,1725A,113.2637,40.129,大同市,安家小村,,40,40,33,12,12,111,NA,50,50,14,17,10,7,0.4,0.4
2026-09-06T1200,1727A,113.1146,36.1547,长治市,清华站,臭氧1小时(O3_1h),69,45,46,25,22,175,NA,75,75,8,14,12,10,0.7,0.9
2026-09-06T1200,1730A,113.0887,36.2126,长治市,审计局,臭氧1小时(O3_1h),65,40,37,24,22,172,NA,81,81,13,20,14,13,0.8,0.9
2026-09-06T1200,1731A,113.0845,36.1856,长治市,长治八中,臭氧1小时(O3_1h),69,41,48,22,23,175,NA,87,87,12,19,14,13,0.8,0.8
2026-09-06T1200,1733A,111.5552,36.0791,临汾市,临钢医院,臭氧1小时(O3_1h),70,52,60,14,23,176,NA,126,126,11,17,7,7,0.6,0.6
2026-09-06T1200,1734A,111.4984,36.0734,临汾市,技工学校,臭氧1小时(O3_1h),67,31,54,16,28,173,NA,119,119,11,16,6,6,0.7,0.7
2026-09-06T1200,1736A,111.5017,36.0857,临汾市,市委,臭氧1小时(O3_1h),75,38,58,17,22,180,NA,123,123,8,14,11,12,0.5,0.6
2026-09-06T1200,1739A,113.4894,37.8717,阳泉市,赛鱼,,44,36,52,25,23,138,NA,46,46,15,44,12,9,0.5,0.6
2026-09-06T1200,1740A,113.582,37.8473,阳泉市,南庄,,50,50,50,27,22,155,NA,57,57,17,26,23,15,0.9,0.9
2026-09-06T1200,1742A,113.5616,37.8706,阳泉市,平坦,,50,50,59,28,24,148,NA,45,45,15,35,23,15,0.9,0.9
2026-09-06T1200,1743A,113.5115,37.8391,阳泉市,大阳泉,NA,NA,NA,37,NA,20,130,NA,112,106,15,15,NA,9,0.6,0.6
2026-09-06T1200,1744A,118.9229,42.2816,赤峰市,松山一中,,43,26,32,4,17,136,NA,68,68,10,24,12,17,0.5,0.7
2026-09-06T1200,1745A,118.9588,42.2733,赤峰市,哈达街,,40,24,30,2,16,128,NA,78,78,10,21,10,20,0.5,0.8
2026-09-06T1200,1746A,118.8792,42.2551,赤峰市,天义路,,39,13,17,2,14,122,NA,62,62,9,21,5,18,0.6,0.7
2026-09-06T1200,1748A,123.0441,41.1201,鞍山市,深沟寺,,30,24,33,10,17,93,NA,61,61,6,11,6,7,0.5,0.7
2026-09-06T1200,1749A,123.011,41.0931,鞍山市,太阳城,,33,33,48,10,18,97,NA,65,65,12,14,7,8,0.6,0.8
2026-09-06T1200,1750A,123.0483,41.1445,鞍山市,太平,,27,23,42,10,18,86,NA,62,62,9,16,9,10,0.7,1
2026-09-06T1200,1751A,122.964,41.0968,鞍山市,铁西三道街,,30,26,48,10,19,96,NA,66,66,5,17,6,7,0.9,1
2026-09-06T1200,1753A,123.0219,41.0822,鞍山市,明达新区,,29,25,39,8,19,91,NA,66,66,5,10,7,8,0.7,1.1
2026-09-06T1200,1755A,123.7974,41.8494,抚顺市,望花区,,43,43,63,13,34,121,NA,56,56,12,30,11,11,1.2,1.3
2026-09-06T1200,1756A,123.9161,41.8827,抚顺市,顺城区,,42,42,48,10,31,121,NA,54,54,8,31,14,13,1.1,1.3
2026-09-06T1200,1757A,124.0437,41.8615,抚顺市,东洲区,,40,37,42,19,23,125,NA,56,56,14,23,13,11,1.0,1
2026-09-06T1200,1758A,123.9246,41.8638,抚顺市,新抚区,,38,38,50,12,29,115,NA,45,45,8,25,9,9,0.9,1.1
2026-09-06T1200,1759A,124.0972,41.8961,抚顺市,大伙房水库,,45,32,34,16,22,143,NA,65,65,12,16,14,14,1.1,1.1
2026-09-06T1200,1760A,123.708,41.8386,抚顺市,沈抚新城,,45,45,68,9,33,118,NA,49,49,12,31,13,13,0.8,1.3
2026-09-06T1200,1761A,123.8274146,41.31234549,本溪市,大峪,,34,25,44,12,21,108,NA,44,44,6,20,6,8,0.5,1
2026-09-06T1200,1763A,123.7169,41.3094,本溪市,彩屯,,34,34,45,13,25,103,NA,42,42,14,17,15,10,1.8,1.3
2026-09-06T1200,1764A,123.7672166,41.28649327,本溪市,东明,,36,36,49,9,23,114,NA,49,49,7,25,4,8,0.6,1.1
2026-09-06T1200,1765A,123.799345,41.266614,本溪市,新立屯,,35,33,31,8,12,110,NA,55,55,6,27,8,9,0.5,0.7
2026-09-06T1200,1766A,123.829144,41.336777,本溪市,威宁,,36,19,51,12,26,114,NA,46,46,8,16,7,7,0.5,1
2026-09-06T1200,1767A,121.1114,41.0879,锦州市,南山,,38,38,34,7,23,113,NA,78,78,11,26,8,8,0.3,0.5
2026-09-06T1200,1768A,121.060361,40.842794,锦州市,开发区,,44,44,56,10,22,106,NA,60,60,6,32,6,15,0.3,0.5
2026-09-06T1200,1769A,121.1836,41.1118,锦州市,百股街道,,43,43,31,9,20,113,NA,90,90,8,16,7,10,0.3,0.5
2026-09-06T1200,1770A,121.1176,41.1224,锦州市,天安街道,,38,38,37,9,24,115,NA,86,86,7,18,9,9,0.6,0.7
2026-09-06T1200,1771A,121.1303,41.1385,锦州市,北湖公园,,39,39,35,10,23,117,NA,93,93,7,14,6,7,0.4,0.5
2026-09-06T1200,1772A,126.54,43.8622,吉林市,哈达湾,,30,16,20,10,12,96,NA,50,50,6,15,3,3,0.3,0.3
2026-09-06T1200,1773A,126.5843,43.8358,吉林市,东局子,,26,15,18,9,10,81,NA,43,43,8,15,6,4,0.4,0.5
2026-09-06T1200,1774A,126.5051,43.8243,吉林市,电力学院,,29,15,30,9,13,91,NA,38,38,2,12,8,7,0.4,0.4
2026-09-06T1200,1775A,126.6133,43.8971,吉林市,江北,NA,NA,NA,23,NA,12,NA,NA,13,NA,NA,12,NA,3,NA,0.4
2026-09-06T1200,1776A,126.5549,43.8304,吉林市,江南公园,,30,18,22,10,12,93,NA,42,42,5,12,4,3,0.2,0.2
2026-09-06T1200,1779A,123.9307,47.3641,齐齐哈尔市,安居小区,,25,25,27,15,9,74,NA,58,55,9,10,4,5,0.4,0.4
2026-09-06T1200,1780A,123.9497,47.3389,齐齐哈尔市,中心广场,,27,27,21,8,7,76,NA,58,56,8,10,4,4,0.3,0.3
2026-09-06T1200,1781A,123.9483,47.3229,齐齐哈尔市,农牧车辆厂,,34,34,31,5,9,79,NA,58,58,5,6,6,6,0.2,0.2
2026-09-06T1200,1783A,123.9442,47.2994,齐齐哈尔市,市环境监测站,,32,32,26,15,9,79,NA,55,55,6,8,4,5,0.2,0.2
2026-09-06T1200,1784A,129.61,44.561,牡丹江市,环保大楼,,23,12,18,4,7,72,NA,28,28,5,12,5,6,0.3,0.4
2026-09-06T1200,1787A,129.6364,44.6075,牡丹江市,机车工厂,,26,26,34,10,12,78,NA,29,29,6,11,6,7,0.2,0.3
2026-09-06T1200,1788A,129.6386,44.5462,牡丹江市,第一中学,,24,17,21,6,7,75,NA,30,30,4,10,4,4,0.3,0.4
2026-09-06T1200,1789A,124.8085,46.0381,大庆市,大同区,,38,25,29,9,12,119,NA,74,74,6,14,5,6,0.6,0.6
2026-09-06T1200,1790A,125.1166,46.5255,大庆市,龙凤区,,34,27,32,11,14,108,NA,60,60,5,12,5,18,0.0,0.1
2026-09-06T1200,1791A,124.8894,46.4007,大庆市,红岗区,,35,18,28,10,12,112,NA,59,59,8,11,8,7,0.4,0.5
2026-09-06T1200,1792A,125.1391,46.578,大庆市,萨尔图区,,37,37,35,5,13,107,NA,64,64,8,11,7,7,0.4,0.3
2026-09-06T1200,1793A,124.9026,46.6217,大庆市,让胡路区,,32,21,24,8,14,102,NA,54,54,7,13,5,4,0.2,0.2
2026-09-06T1200,1794A,118.3603,31.3515,芜湖市,监测站,,41,21,31,8,16,129,NA,66,66,12,23,10,8,0.7,0.7
2026-09-06T1200,1795A,118.3716,31.4135,芜湖市,科创中心,,37,23,32,11,17,118,NA,68,68,20,24,11,8,0.6,0.6
2026-09-06T1200,1796A,118.3671,31.3132,芜湖市,四水厂,,40,37,31,12,14,126,NA,82,82,17,18,12,8,1.0,0.7
2026-09-06T1200,1798A,118.5084,31.6838,马鞍山市,湖东路四小,,47,47,30,12,13,124,NA,75,75,15,14,15,10,1.4,0.9
2026-09-06T1200,1799A,118.5019,31.6449,马鞍山市,开发区,,49,49,32,12,13,121,NA,76,76,18,15,16,9,1.4,0.9
2026-09-06T1200,1803A,115.9873,29.6816,九江市,十里,,44,32,36,13,21,139,NA,99,99,8,10,5,4,0.7,0.7
2026-09-06T1200,1804A,115.9583,29.7047,九江市,茅山头,,42,18,30,13,20,133,NA,97,97,9,10,4,4,0.4,0.4
2026-09-06T1200,1805A,115.9877,29.7295,九江市,西园,,45,31,29,20,21,141,NA,101,101,10,16,6,5,0.4,0.3
2026-09-06T1200,1808A,115.9112,29.6038,九江市,综合工业园,,47,37,28,17,18,148,NA,105,105,17,17,4,3,0.6,0.6
2026-09-06T1200,1812A,112.3934,34.6517,洛阳市,市委党校,臭氧1小时(O3_1h),77,58,63,37,44,181,NA,95,95,10,18,14,14,0.6,0.7
2026-09-06T1200,1815A,112.494,34.6883,洛阳市,河南林校,臭氧1小时(O3_1h),78,62,62,39,39,182,NA,83,83,12,24,15,12,0.5,0.6
2026-09-06T1200,1816A,112.3843,34.623,洛阳市,开发区管委会,臭氧1小时(O3_1h),99,46,61,32,42,199,NA,107,107,8,16,16,16,0.6,0.7
2026-09-06T1200,1817A,112.4263,34.6249,洛阳市,市委新办公区,臭氧1小时(O3_1h),77,32,71,25,49,181,NA,92,92,11,18,16,15,0.6,0.7
2026-09-06T1200,1819A,114.3552,36.1017,安阳市,红庙街,臭氧1小时(O3_1h),82,36,47,21,27,185,NA,118,118,12,16,10,8,1.1,1.1
2026-09-06T1200,1820A,114.361,36.0681,安阳市,银杏小区,臭氧1小时(O3_1h),85,42,59,24,32,188,NA,114,114,10,16,9,6,1.0,1.2
2026-09-06T1200,1824A,114.3389,34.778,开封市,肿瘤医院,臭氧1小时(O3_1h),85,45,57,33,39,188,NA,123,123,4,12,10,8,0.6,0.6
2026-09-06T1200,1826A,114.2884,34.7966,开封市,世纪星幼儿园,臭氧1小时(O3_1h),68,56,55,30,34,174,NA,107,107,13,18,8,6,0.4,0.4
2026-09-06T1200,1832A,113.3257,33.7423,平顶山市,新华旅馆,臭氧1小时(O3_1h),101,67,70,47,40,202,NA,116,116,14,18,12,11,0.9,0.9
2026-09-06T1200,1833A,113.2917,33.737,平顶山市,规划设计院,臭氧1小时(O3_1h),85,75,66,41,40,188,NA,103,103,15,17,12,10,0.8,0.8
2026-09-06T1200,1834A,113.182,33.7738,平顶山市,平顶山工学院,臭氧1小时(O3_1h),67,43,63,33,36,173,NA,113,113,11,15,12,12,0.7,0.7
2026-09-06T1200,1835A,111.1922,34.7752,三门峡市,市政府,臭氧1小时(O3_1h),80,56,45,22,25,184,NA,149,149,10,13,9,11,0.6,0.6
2026-09-06T1200,1836A,111.1588,34.794,三门峡市,开发区,臭氧1小时(O3_1h),73,54,53,23,27,178,NA,138,138,14,15,9,9,0.7,0.6
2026-09-06T1200,1840A,111.2991,30.6981,宜昌市,白龙岗,臭氧1小时(O3_1h),84,46,40,21,22,187,NA,108,108,10,13,6,5,0.5,0.5
2026-09-06T1200,1842A,111.263451,30.696754,宜昌市,点军区,臭氧1小时(O3_1h),84,34,40,21,25,187,NA,92,92,10,13,7,6,0.4,0.4
2026-09-06T1200,1843A,111.3276,30.782,宜昌市,夷陵区,臭氧1小时(O3_1h),74,45,36,19,22,179,NA,112,112,27,17,7,7,0.5,0.4
2026-09-06T1200,1844A,112.2493,30.3198,荆州市,市图书馆,臭氧1小时(O3_1h),52,28,40,22,30,161,NA,112,112,9,18,8,10,0.6,0.7
2026-09-06T1200,1845A,112.2009,30.3543,荆州市,市委党校,臭氧1小时(O3_1h),53,31,44,25,30,162,NA,98,98,8,18,9,10,0.6,0.7
2026-09-06T1200,1848A,113.1494,29.425,岳阳市,城陵矶,颗粒物(PM10),51,51,60,24,27,142,NA,76,76,12,23,5,5,0.9,0.9
2026-09-06T1200,1849A,113.1493,29.3575,岳阳市,开发区,臭氧1小时(O3_1h),75,51,53,22,35,180,NA,114,114,12,22,10,13,0.9,0.9
2026-09-06T1200,1850A,113.2672,29.4752,岳阳市,云溪区,臭氧1小时(O3_1h),62,44,51,34,32,169,NA,73,73,10,15,8,6,0.8,0.8
2026-09-06T1200,1851A,112.9944,29.44,岳阳市,君山区,NA,NA,48,58,13,36,145,NA,95,95,NA,17,5,6,0.5,0.7
2026-09-06T1200,1854A,111.696,28.9725,常德市,市二中,臭氧1小时(O3_1h),62,63,49,22,33,169,NA,80,80,8,13,11,9,0.7,0.8
2026-09-06T1200,1858A,110.532,29.1219,张家界市,永定新区,颗粒物(PM10),58,60,50,26,32,144,NA,58,58,9,11,/,/,/,/
2026-09-06T1200,1859A,110.4696,29.1244,张家界市,电业局,,49,35,41,22,30,156,NA,59,59,10,11,2,2,0.6,0.6
2026-09-06T1200,1860A,110.5573,29.3486,张家界市,未央路,臭氧1小时(O3_1h),59,37,28,23,26,167,NA,91,91,5,7,4,3,0.8,0.8
2026-09-06T1200,1864A,110.3091,25.2705,桂林市,龙隐路小学,,30,30,19,13,14,70,NA,59,59,10,10,5,4,0.6,0.6
2026-09-06T1200,1865A,110.2849361,25.22909545,桂林市,八中,,33,33,23,10,12,73,NA,47,47,13,12,5,5,0.7,0.7
2026-09-06T1200,1867A,109.1435,21.4085,北海市,海滩公园,,32,32,21,15,12,95,NA,58,58,5,5,4,4,0.5,0.5
2026-09-06T1200,1868A,109.0983,21.466,北海市,新市环保局,,30,22,19,14,12,95,NA,59,59,5,6,3,4,0.5,0.5
2026-09-06T1200,1869A,109.1775,21.5232,北海市,北海工业园,,30,30,21,11,12,93,NA,56,56,5,7,2,2,0.5,0.5
2026-09-06T1200,1870A,109.4854,24.3898,柳州市,柳东小学,,26,24,14,18,11,77,NA,65,65,5,5,6,6,0.7,0.7
2026-09-06T1200,1871A,109.4109,24.3304,柳州市,环保监测站,,28,28,19,16,12,83,NA,65,65,7,11,7,10,0.8,0.8
2026-09-06T1200,1872A,109.3886,24.3408,柳州市,河西水厂,,34,34,23,21,12,80,NA,62,62,10,14,14,24,0.7,1.1
2026-09-06T1200,1873A,109.4263,24.2951,柳州市,市四中,,32,32,16,19,11,86,NA,68,68,5,6,8,10,0.8,0.8
2026-09-06T1200,1874A,109.396,24.3658,柳州市,市九中,,27,27,17,15,12,80,NA,66,66,5,9,8,14,0.6,0.7
2026-09-06T1200,1875A,109.4912,24.3164,柳州市,古亭山,,35,35,15,16,10,78,NA,64,64,2,6,4,5,0.6,0.6
2026-09-06T1200,1877A,109.4962,18.2682,三亚市,河西子站,,30,17,16,17,11,95,NA,60,60,10,8,4,4,0.5,0.5
2026-09-06T1200,1878A,104.7775,31.4741,绵阳市,富乐山,颗粒物(PM10),88,103,87,51,54,176,NA,78,78,14,15,13,10,0.9,0.8
2026-09-06T1200,1880A,104.6698,31.4668,绵阳市,高新区自来水公司,细颗粒物(PM2.5),66,66,85,43,58,165,NA,104,104,10,26,12,10,0.8,0.8
2026-09-06T1200,1883A,104.6204,28.7728,宜宾市,市委,,33,31,45,23,32,104,NA,62,62,9,14,11,13,0.6,0.6
2026-09-06T1200,1884A,104.6056,28.7931,宜宾市,宜宾四中,,38,33,48,21,34,119,NA,75,75,9,11,9,13,0.8,0.8
2026-09-06T1200,1886A,104.5743,28.7199,宜宾市,黄金嘴,,29,21,46,16,33,91,NA,60,60,8,14,10,12,0.4,0.6
2026-09-06T1200,1888A,101.6891,26.571,攀枝花市,弄弄坪,颗粒物(PM10),52,52,58,28,33,85,NA,58,54,27,19,47,25,3.2,2.1
2026-09-06T1200,1889A,101.577,26.5914,攀枝花市,河门口,,32,29,39,22,27,97,NA,63,63,8,12,8,8,0.9,1.2
2026-09-06T1200,1891A,101.7365,26.4986,攀枝花市,仁和,细颗粒物(PM2.5),64,NA,45,42,38,92,NA,49,49,14,10,24,9,2.0,1.1
2026-09-06T1200,1894A,105.4427,28.9063,泸州市,小市上码头,,32,26,49,16,28,102,NA,71,71,6,11,5,10,0.3,0.4
2026-09-06T1200,1895A,105.4241,28.8573,泸州市,兰田宪桥,,28,20,48,6,19,88,NA,49,49,6,13,5,6,0.5,0.6
2026-09-06T1200,1896A,105.4378,28.8833,泸州市,市环监站,,30,15,27,8,16,96,NA,62,62,5,11,4,7,0.5,0.6
2026-09-06T1200,1901A,104.424,31.1209,德阳市,东山公园,细颗粒物(PM2.5),58,53,54,39,52,141,NA,91,91,12,12,8,8,0.9,1
2026-09-06T1200,1902A,104.3827,31.1318,德阳市,西小区,颗粒物(PM10),70,77,80,40,69,150,NA,68,68,21,33,13,15,0.9,1
2026-09-06T1200,1904A,104.3553,31.1091,德阳市,耐火材料厂,细颗粒物(PM2.5),82,75,81,51,75,170,NA,65,65,13,25,6,5,1.2,1.3
2026-09-06T1200,1906A,106.0791,30.8022,南充市,南充市委,,34,33,54,22,40,108,NA,63,63,8,15,10,9,0.4,0.5
2026-09-06T1200,1907A,106.1038,30.8215,南充市,南充炼油厂,,38,35,54,24,40,119,NA,74,74,10,16,10,10,0.3,0.5
2026-09-06T1200,1911A,106.9218,27.6872,遵义市,丁字口,,26,19,25,15,22,81,NA,71,71,7,10,7,8,0.5,0.6
2026-09-06T1200,1912A,106.9241,27.7044,遵义市,凤凰山,,25,19,26,12,22,77,NA,74,72,5,6,5,5,0.4,0.5
2026-09-06T1200,1913A,106.8895,27.648,遵义市,忠庄,,27,NA,33,16,25,84,NA,66,66,6,7,4,3,0.5,0.6
2026-09-06T1200,1915A,106.9225,27.7253,遵义市,干田坝,,28,28,32,17,23,82,NA,75,75,3,6,5,5,0.7,0.8
2026-09-06T1200,1916A,103.7897,25.5036,曲靖市,环境监测站,,30,20,23,10,15,95,NA,49,49,9,12,6,7,0.5,0.6
2026-09-06T1200,1917A,103.8013,25.5357,曲靖市,烟厂办公区,,31,28,23,19,13,98,NA,46,46,7,8,10,5,0.6,0.6
2026-09-06T1200,1919A,108.6726,34.315,咸阳市,实验中学,臭氧1小时(O3_1h),78,68,53,31,30,182,NA,143,143,13,14,10,10,0.7,0.6
2026-09-06T1200,1920A,108.7226,34.3622,咸阳市,师范学院,臭氧1小时(O3_1h),70,62,53,36,32,176,NA,141,141,10,11,11,10,0.6,0.8
2026-09-06T1200,1923A,109.0696,35.0699,铜川市,王益区政府,,48,48,40,33,27,151,NA,120,120,9,11,6,5,0.8,0.7
2026-09-06T1200,1924A,108.9345,34.9059,铜川市,新区管委会,颗粒物(PM10),51,51,45,33,28,158,NA,118,118,14,14,6,6,0.9,0.8
2026-09-06T1200,1927A,109.4569,36.6161,延安市,延大医附院,颗粒物(PM10),52,52,39,22,24,110,NA,38,38,13,20,4,4,0.7,0.7
2026-09-06T1200,1929A,109.5053,36.6105,延安市,百米大道,,39,39,69,24,27,123,NA,45,45,12,26,6,5,0.7,0.7
2026-09-06T1200,1931A,107.0802,34.3129,宝鸡市,竹园沟,细颗粒物(PM2.5),66,55,52,43,40,98,NA,68,68,15,11,8,6,0.8,0.8
2026-09-06T1200,1933A,107.1429,34.3549,宝鸡市,监测站,细颗粒物(PM2.5),129,NA,60,91,44,95,NA,78,78,19,16,4,4,0.7,0.7
2026-09-06T1200,1934A,107.1172,34.3759,宝鸡市,技工学校,细颗粒物(PM2.5),66,68,55,43,39,119,NA,93,93,17,12,9,8,0.8,0.7
2026-09-06T1200,1936A,107.2025,34.3518,宝鸡市,文理学院,细颗粒物(PM2.5),68,64,58,44,39,115,NA,97,97,20,14,8,7,0.7,0.6
2026-09-06T1200,1937A,107.2396,34.3626,宝鸡市,三迪小学,细颗粒物(PM2.5),64,60,58,42,41,149,NA,108,108,14,16,8,6,0.9,0.9
2026-09-06T1200,1940A,109.4605,34.4927,渭南市,体育馆,臭氧1小时(O3_1h),70,73,57,37,31,176,NA,124,124,10,14,8,7,0.6,0.5
2026-09-06T1200,1941A,109.4257,34.5067,渭南市,高新一小,臭氧1小时(O3_1h),73,76,55,33,31,178,NA,128,128,6,8,6,5,0.5,0.4
2026-09-06T1200,1944A,102.1691,38.5166,金昌市,天庆家园,颗粒物(PM10),55,56,60,22,25,71,NA,104,81,16,8,12,5,0.4,0.3
2026-09-06T1200,1945A,98.291,39.7705,嘉峪关市,气象局,,27,19,171,10,42,85,NA,82,81,14,13,10,27,0.9,0.7
2026-09-06T1200,1948A,106.3668,39.0145,石嘴山市,大武口朝阳西街,颗粒物(PM10),63,68,48,35,23,122,NA,78,78,31,25,14,8,0.8,0.7
2026-09-06T1200,1949A,106.7713,39.2278,石嘴山市,惠农南大街,,50,50,36,26,20,128,NA,77,77,8,9,12,12,0.6,0.5
2026-09-06T1200,1950A,106.7074,39.1332,石嘴山市,红果子镇惠新街,,48,48,46,22,20,131,NA,72,72,12,21,9,7,0.7,0.8
2026-09-06T1200,1951A,84.886,45.6029,克拉玛依市,长征新村,,44,44,38,12,14,69,NA,66,51,16,17,2,3,0.4,0.5
2026-09-06T1200,1952A,84.8894,45.5827,克拉玛依市,南林小区,,39,39,36,0,8,65,NA,43,37,13,21,7,6,0.7,0.9
2026-09-06T1200,1954A,84.896,44.3328,克拉玛依市,独山子区,,33,15,29,0,5,104,NA,94,94,3,6,3,4,0.2,0.3
2026-09-06T1200,1955A,85.6888,46.0909,克拉玛依市,乌尔禾区商贸楼,,25,25,29,4,12,47,NA,44,39,17,14,6,6,0.4,0.4
2026-09-06T1200,1956A,86.1476,41.7529,巴音郭楞蒙古自治州,孔雀公园,,27,15,42,3,18,84,NA,95,89,14,7,2,2,0.2,0.2
2026-09-06T1200,1957A,86.1971,41.7166,巴音郭楞蒙古自治州,棉纺厂,,24,17,48,4,18,76,NA,89,86,19,11,/,/,/,/
2026-09-06T1200,1958A,86.236,41.7172,巴音郭楞蒙古自治州,经济开发区,,29,NA,34,4,19,90,NA,98,96,5,7,1,1,0.2,0.2
2026-09-06T1200,1961A,117.5323,36.6865,济南市,东山小学,臭氧1小时(O3_1h),70,51,49,18,20,176,NA,94,94,12,24,10,9,0.4,0.5
2026-09-06T1200,1982A,122.0693,37.2175,威海市,文登开发区,,29,9,14,0,8,91,NA,59,59,6,12,/,/,/,/
2026-09-06T1200,2031A,113.1836,27.9959,株洲市,云田中学,,50,50,48,33,31,127,NA,63,63,14,16,12,10,0.6,0.6
2026-09-06T1200,2054A,114.1096,32.1059,信阳市,平桥分局,,46,34,43,17,22,146,NA,68,68,7,18,8,8,0.3,0.3
2026-09-06T1200,2064A,113.9956,32.1272,信阳市,南湾水厂,,45,36,42,12,21,142,NA,102,102,8,11,7,8,0.5,0.6
2026-09-06T1200,2065A,114.078,32.1194,信阳市,市酿酒公司,,42,31,43,28,22,133,NA,100,100,8,14,7,8,0.7,0.7
2026-09-06T1200,2066A,114.0712,32.1393,信阳市,审计局,,50,50,54,18,22,148,NA,107,107,10,17,9,10,0.3,0.4
2026-09-06T1200,2068A,114.6755,33.6347,周口市,周口师范,臭氧1小时(O3_1h),68,58,65,11,31,174,NA,114,114,7,16,6,9,0.7,0.7
2026-09-06T1200,2160A,112.8496,35.5051,晋城市,自来水公司,臭氧1小时(O3_1h),52,42,48,12,20,161,NA,105,105,9,20,6,7,0.5,0.7
2026-09-06T1200,2162A,112.8509,35.4886,晋城市,市环保局,,47,40,47,20,23,149,NA,94,94,9,19,7,7,0.6,0.7
2026-09-06T1200,2166A,112.4399,39.3521,朔州市,平朔,,38,33,41,9,11,119,NA,66,66,7,11,7,6,0.2,0.2
2026-09-06T1200,2167A,112.4574,39.362,朔州市,朔唯,,41,41,49,5,12,123,NA,71,71,8,13,11,8,/,/
2026-09-06T1200,2168A,112.426,39.3199,朔州市,区政府,,36,32,37,6,12,114,NA,67,67,8,12,12,8,0.3,0.3
2026-09-06T1200,2169A,112.4075,39.3277,朔州市,市环保局,,39,30,37,4,13,124,NA,71,71,9,14,5,4,/,/
2026-09-06T1200,2170A,112.4273,39.3682,朔州市,市二中,,46,46,42,3,10,130,NA,74,74,13,17,8,6,/,/
2026-09-06T1200,2174A,112.6992,37.6984,晋中市,榆次区政府,臭氧1小时(O3_1h),64,41,35,16,18,171,NA,96,96,5,10,13,11,0.5,0.4
2026-09-06T1200,2175A,110.996,35.0148,运城市,运城中学,臭氧1小时(O3_1h),73,50,40,28,21,178,NA,184,180,8,8,7,8,0.7,0.6
2026-09-06T1200,2178A,110.9685,35.0305,运城市,地区技校,臭氧1小时(O3_1h),77,54,40,27,24,181,NA,188,184,8,8,7,7,0.5,0.5
2026-09-06T1200,2181A,112.7313,38.457,忻州市,开发区,,39,35,31,15,15,124,NA,63,63,13,26,9,6,0.6,0.5
2026-09-06T1200,2182A,112.7023,38.4932,忻州市,会展中心,,44,44,29,19,13,127,NA,53,53,10,15,9,6,0.6,0.5
2026-09-06T1200,2183A,111.1447,37.5212,吕梁市,环保局,颗粒物(PM10),63,68,52,10,17,146,NA,62,62,6,31,5,6,0.6,0.5
2026-09-06T1200,2185A,111.1285,37.5338,吕梁市,自来水公司,,46,44,54,13,19,146,NA,63,63,9,27,5,8,0.6,0.5
2026-09-06T1200,2187A,106.8172,39.6972,乌海市,市林业局,NA,NA,66,49,39,24,98,NA,91,83,24,12,15,7,NA,0.5
2026-09-06T1200,2188A,106.7907,39.6666,乌海市,中海勃湾学校,,47,47,40,25,22,94,NA,91,77,28,17,25,15,0.9,0.6
2026-09-06T1200,2191A,122.253,43.6801,通辽市,艺术职业学校,,50,37,35,23,18,158,NA,99,99,7,13,11,11,0.6,0.5
2026-09-06T1200,2195A,107.4206,40.7609,巴彦淖尔市,附二中,颗粒物(PM10),65,70,47,27,27,68,NA,74,58,15,12,11,12,0.8,0.7
2026-09-06T1200,2196A,107.37,40.7372,巴彦淖尔市,市环保大楼,颗粒物(PM10),59,62,54,24,26,68,NA,87,66,11,8,14,14,0.8,0.7
2026-09-06T1200,2197A,113.1306,40.9924,乌兰察布市,集宁新区,,47,31,30,14,17,150,NA,61,61,9,21,10,10,0.5,0.5
2026-09-06T1200,2202A,116.1048,43.9318,锡林郭勒盟,市环保监测站,颗粒物(PM10),65,70,42,9,9,77,NA,39,39,13,15,2,3,0.3,0.3
2026-09-06T1200,2203A,116.0778,43.9312,锡林郭勒盟,市政府,,49,49,36,6,9,80,NA,44,44,9,15,3,3,0.2,0.2
2026-09-06T1200,2205A,105.699,38.8409,阿拉善盟,蒙二幼,,44,44,37,17,15,135,NA,124,121,6,6,11,11,0.7,0.6
2026-09-06T1200,2206A,105.7198,38.8508,阿拉善盟,环保局新楼,,41,40,36,15,15,130,NA,125,120,5,5,12,12,0.7,0.6
2026-09-06T1200,2207A,121.6095,41.9978,阜新市,工业园区,,49,49,48,12,23,136,NA,72,72,5,22,7,12,0.4,0.5
2026-09-06T1200,2208A,121.6567,42.0188,阜新市,长青街,,43,42,44,10,24,136,NA,91,91,10,19,7,17,0.5,0.6
2026-09-06T1200,2209A,121.6672,42.07,阜新市,农业园区,,46,42,41,12,22,146,NA,104,104,10,14,6,13,0.7,0.7
2026-09-06T1200,2211A,121.6343,42.0455,阜新市,玉龙新城,颗粒物(PM10),52,52,46,12,19,143,NA,72,72,8,24,9,11,0.4,0.5
2026-09-06T1200,2212A,123.1978,41.2036,辽阳市,宏伟区,,35,35,36,7,13,98,NA,73,73,4,9,7,9,0.4,0.7
2026-09-06T1200,2213A,123.1684,41.2497,辽阳市,新华园,,39,39,45,9,17,111,NA,66,66,9,20,7,10,0.6,0.9
2026-09-06T1200,2214A,123.2355,41.2663,辽阳市,滨河路,,32,25,34,7,16,100,NA,63,63,5,17,8,9,0.5,0.8
2026-09-06T1200,2217A,123.865,42.292,铁岭市,水上乐园,,45,45,42,13,16,115,NA,68,68,15,17,12,10,0.9,0.9
2026-09-06T1200,2219A,123.7158,42.2218,铁岭市,金沙江路北,,35,35,46,10,20,108,NA,66,66,12,25,17,15,0.6,0.9
2026-09-06T1200,2220A,120.4318,41.588,朝阳市,西梁,,43,43,44,22,22,132,NA,79,79,4,14,10,13,0.7,0.5
2026-09-06T1200,2221A,120.452,41.565,朝阳市,河畔小区,,44,42,36,21,18,138,NA,87,87,4,10,15,22,1.2,1
2026-09-06T1200,2222A,120.4176,41.5648,朝阳市,八里堡,,45,45,36,22,18,138,NA,105,105,5,9,16,16,1.0,0.8
2026-09-06T1200,2226A,124.3744,43.1842,四平市,境园,,43,38,36,14,16,136,NA,87,87,4,17,8,6,0.4,0.3
2026-09-06T1200,2227A,125.1359,42.8845,辽源市,环保局,,40,25,27,6,10,128,NA,56,56,4,16,6,5,0.5,0.5
2026-09-06T1200,2229A,125.9359,41.7174,通化市,光明,,46,38,29,29,13,146,NA,40,40,9,10,12,9,0.7,0.5
2026-09-06T1200,2230A,125.9446,41.7323,通化市,铁路,,50,50,26,19,13,141,NA,37,37,12,16,8,5,1.0,0.7
2026-09-06T1200,2231A,126.4219,41.9172,白山市,喜丰,,41,25,38,6,13,130,NA,42,42,5,17,7,7,0.6,0.5
2026-09-06T1200,2232A,126.4082,41.9416,白山市,环保局,,38,22,23,9,10,121,NA,41,41,6,8,6,5,0.6,0.5
2026-09-06T1200,2233A,124.8007,45.1213,松原市,江南,,27,19,28,4,14,84,NA,58,58,1,15,1,1,0.2,0.4
2026-09-06T1200,2234A,124.7967,45.1721,松原市,江北,,25,20,22,6,11,78,NA,51,51,4,11,1,1,0.3,0.4
2026-09-06T1200,2235A,122.7909,45.608,白城市,洮北区环保局,,30,20,26,4,12,95,NA,58,58,1,5,4,4,0.5,0.5
2026-09-06T1200,2236A,122.8741,45.5725,白城市,市环保局,,28,24,24,4,12,88,NA,42,42,6,22,3,3,0.5,0.5
2026-09-06T1200,2237A,129.4704,42.8885,延边朝鲜族自治州,妇幼医院,,22,17,16,6,10,68,NA,27,27,4,6,7,6,0.5,0.5
2026-09-06T1200,2238A,129.5047,42.9117,延边朝鲜族自治州,延边医院,,21,16,16,6,11,66,NA,24,24,4,9,4,4,0.7,0.7
2026-09-06T1200,2239A,129.395,42.8884,延边朝鲜族自治州,朝阳川镇医院,,23,20,15,13,13,72,NA,28,28,7,9,9,9,0.6,0.6
2026-09-06T1200,2240A,130.9618,45.2926,鸡西市,环保局,,26,25,39,8,16,82,NA,36,36,6,17,2,2,0.4,0.5
2026-09-06T1200,2243A,130.9294,45.2959,鸡西市,第一中学,,25,14,30,3,11,77,NA,39,39,4,21,5,4,0.0,0.2
2026-09-06T1200,2244A,130.2537,47.3416,鹤岗市,哈啤分公司,,22,17,20,12,7,68,NA,36,36,12,8,8,6,0.2,0.2
2026-09-06T1200,2245A,130.2683,47.3087,鹤岗市,斯达机电,,25,25,29,5,6,65,NA,24,24,7,14,6,5,0.2,0.2
2026-09-06T1200,2246A,130.3114,47.3388,鹤岗市,东山纸板厂,NA,NA,34,83,5,11,70,NA,26,26,NA,19,6,6,0.2,0.4
2026-09-06T1200,2248A,131.1509,46.6936,双鸭山市,双合村,,24,19,25,2,10,75,NA,50,50,3,11,10,10,0.1,0.4
2026-09-06T1200,2249A,131.1651,46.6191,双鸭山市,南小市,,27,27,20,7,9,65,NA,38,38,6,9,2,7,0.0,0.1
2026-09-06T1200,2250A,131.1526,46.6554,双鸭山市,环保局,,20,17,23,11,9,63,NA,38,38,6,11,10,9,0.2,0.2
2026-09-06T1200,2252A,128.8663,47.7199,伊春市,环保局,,22,13,19,4,8,68,NA,21,21,4,7,1,2,0.5,0.5
2026-09-06T1200,2253A,128.9014,47.732,伊春市,电力嘉园,,22,5,17,5,10,70,NA,26,26,6,7,2,5,0.9,0.9
2026-09-06T1200,2255A,130.2749,46.8028,佳木斯市,佳纺,,25,25,40,4,8,74,NA,37,37,2,14,1,2,0.2,0.3
2026-09-06T1200,2257A,130.3258,46.7975,佳木斯市,环保局,,23,18,22,3,8,71,NA,36,36,3,17,4,3,0.2,0.3
2026-09-06T1200,2263A,127.4832,50.2524,黑河市,交通局,,32,32,31,12,15,40,NA,40,32,9,9,7,8,0.6,0.4
2026-09-06T1200,2264A,127.5146,50.2339,黑河市,环保局,,42,42,22,17,13,37,NA,36,29,6,8,8,9,0.7,0.5
2026-09-06T1200,2266A,126.9783,46.6365,绥化市,人和东街,,23,15,19,2,6,72,NA,46,46,3,8,15,13,0.3,0.3
2026-09-06T1200,2267A,126.964,46.6527,绥化市,党政办公中心,,24,17,20,1,6,76,NA,50,50,5,12,9,10,0.4,0.4
2026-09-06T1200,2269A,124.1068,50.4091,大兴安岭地区,科技局,,20,20,27,13,16,37,NA,33,33,2,3,5,5,0.4,0.2
2026-09-06T1200,2270A,117.396,32.9389,蚌埠市,工人疗养院,,34,21,30,2,13,108,NA,81,81,5,12,6,6,0.4,0.5
2026-09-06T1200,2271A,117.3606,32.9428,蚌埠市,百货大楼,,36,21,28,3,11,114,NA,85,85,5,12,10,10,0.5,0.5
2026-09-06T1200,2273A,117.4183,32.8909,蚌埠市,蚌埠学院,,36,9,27,3,11,113,NA,79,79,2,22,6,8,0.2,0.3
2026-09-06T1200,2274A,117.3534,32.9672,蚌埠市,淮上区政府,,37,17,32,3,11,116,NA,80,80,6,15,6,6,0.4,0.4
2026-09-06T1200,2275A,117.3143,32.8977,蚌埠市,高新区,,34,22,23,3,10,108,NA,74,74,4,13,5,6,0.3,0.3
2026-09-06T1200,2277A,116.8304,32.7726,淮南市,潘集区政府,,34,12,29,5,17,108,NA,72,72,3,12,7,7,0.2,0.3
2026-09-06T1200,2279A,116.8569,32.5949,淮南市,谢家集区政府,,37,23,33,5,16,116,NA,78,78,5,13,5,7,0.3,0.3
2026-09-06T1200,2280A,116.8279,32.6333,淮南市,八公山区政府,,35,18,32,7,17,112,NA,76,76,7,10,7,7,0.1,0.2
2026-09-06T1200,2282A,116.8005,33.9749,淮北市,监测站,,46,19,40,19,25,147,NA,95,95,8,12,6,6,0.3,0.4
2026-09-06T1200,2283A,116.8094,33.9008,淮北市,烈山区政府,,45,11,21,7,15,143,NA,98,98,5,8,4,4,0.3,0.4
2026-09-06T1200,2285A,117.8176,30.9412,铜陵市,市第四中学,,40,37,40,8,18,126,NA,64,64,8,21,10,12,0.5,0.5
2026-09-06T1200,2287A,117.7806,30.9413,铜陵市,市新民污水厂,,38,28,39,10,18,119,NA,53,53,11,18,10,10,0.5,0.4
2026-09-06T1200,2289A,117.846,30.9414,铜陵市,车站新区,,40,30,38,7,16,126,NA,62,62,7,17,10,8,0.5,0.5
2026-09-06T1200,2290A,117.8472,30.9699,铜陵市,市职教基地,,40,34,34,7,16,126,NA,56,56,7,20,8,7,0.7,0.7
2026-09-06T1200,2291A,117.0806,30.5181,安庆市,环科院,,41,31,32,13,17,129,NA,93,93,5,7,6,6,0.7,0.7
2026-09-06T1200,2292A,117.0331,30.5118,安庆市,马山宾馆,,41,21,30,13,17,129,NA,94,94,7,9,5,5,0.6,0.6
2026-09-06T1200,2294A,116.9897,30.6146,安庆市,安庆大学,,39,31,29,12,17,122,NA,95,95,7,9,5,4,0.3,0.3
2026-09-06T1200,2295A,118.2905,29.6965,黄山市,延安路89号,,37,22,25,12,13,118,NA,62,62,2,5,4,4,0.5,0.5
2026-09-06T1200,2297A,118.1369,30.2755,黄山市,黄山区政府5号楼,,35,18,26,6,15,110,NA,50,50,2,4,4,3,0.5,0.6
2026-09-06T1200,2301A,115.8276,32.8929,阜阳市,市监测站,,40,25,40,7,21,127,NA,83,83,5,29,8,8,0.6,0.7
2026-09-06T1200,2303A,115.8551,32.8606,阜阳市,开发区,,38,30,51,6,24,119,NA,71,71,9,27,6,6,0.4,0.4
2026-09-06T1200,2307A,116.5078,31.7369,六安市,监测大楼,,34,16,26,10,21,107,NA,70,70,5,11,4,4,0.4,0.5
2026-09-06T1200,2308A,116.4738,31.7642,六安市,皖西学院,,37,32,33,6,21,117,NA,68,68,5,11,8,7,0.5,0.6
2026-09-06T1200,2309A,116.4997,31.7904,六安市,朝阳厂,,31,NA,23,6,21,99,NA,58,58,6,13,3,2,0.3,0.3
2026-09-06T1200,2310A,116.5566,31.7885,六安市,开发区,,35,14,43,7,25,112,NA,66,66,4,16,6,7,0.2,0.3
2026-09-06T1200,2311A,115.8071,33.8399,亳州市,污水处理厂,,40,23,49,3,28,128,NA,77,77,5,19,6,11,0.2,0.3
2026-09-06T1200,2312A,115.7789,33.8519,亳州市,三国揽胜宫,,42,26,41,0,23,134,NA,81,81,5,14,6,8,0.2,0.5
2026-09-06T1200,2314A,117.4698,30.6617,池州市,池州学院,,40,28,32,18,19,125,NA,62,62,11,17,9,7,0.6,0.5
2026-09-06T1200,2316A,118.7578,30.9457,宣城市,鳌峰子站,,36,14,24,6,11,115,NA,80,80,2,4,6,7,0.3,0.4
2026-09-06T1200,2317A,118.7384,30.9745,宣城市,敬亭山子站,,35,17,27,6,13,112,NA,76,76,3,8,5,6,0.2,0.4
2026-09-06T1200,2318A,118.7172,30.9428,宣城市,开发区子站,,38,24,26,9,13,120,NA,88,88,2,5,16,8,0.5,0.4
2026-09-06T1200,2319A,119.0142,25.4324,莆田市,荔城区仓后路,,36,30,22,13,9,113,NA,64,64,7,11,/,/,/,/
2026-09-06T1200,2320A,119.0016,25.4553,莆田市,莆田市监测站,,36,26,17,3,5,115,NA,66,66,4,4,5,4,0.5,0.5
2026-09-06T1200,2321A,119.112,25.4561,莆田市,涵江区六中,,41,31,18,11,8,129,NA,66,66,6,8,/,/,0.3,0.4
2026-09-06T1200,2322A,119.1014,25.3215,莆田市,秀屿区政府,,40,28,20,16,10,128,NA,79,79,2,4,6,6,0.4,0.5
2026-09-06T1200,2324A,117.621,26.2626,三明市,三钢,,36,18,21,12,8,113,NA,47,47,4,11,4,4,0.4,0.6
2026-09-06T1200,2325A,117.6352,26.2714,三明市,三明二中,,35,32,25,14,14,112,NA,47,47,5,10,6,6,0.5,0.7
2026-09-06T1200,2326A,117.6028,26.2377,三明市,三元区政府,,36,29,25,14,14,114,NA,48,48,5,7,7,6,0.6,0.6
2026-09-06T1200,2332A,118.1682,26.6371,南平市,南平市监测站,,34,17,22,6,11,108,NA,51,51,4,11,4,4,0.3,0.4
2026-09-06T1200,2334A,118.1757,26.6276,南平市,南平七中,,35,28,26,8,11,111,NA,47,47,4,10,4,4,0.4,0.4
2026-09-06T1200,2336A,117.022,25.1031,龙岩市,龙岩市监测站,,28,25,24,15,14,89,NA,36,36,3,9,8,6,0.1,0.3
2026-09-06T1200,2337A,117.0257,25.0662,龙岩市,闽西职业技术学院,,30,30,25,12,13,93,NA,34,34,2,7,6,6,0.3,0.4
2026-09-06T1200,2338A,117.0195,25.0306,龙岩市,龙岩学院,,30,30,24,13,13,95,NA,35,35,3,5,2,2,/,/
2026-09-06T1200,2341A,119.5387,26.6611,宁德市,宁德市监测站,,39,33,22,14,12,123,NA,66,66,5,5,6,6,0.6,0.7
2026-09-06T1200,2343A,117.2114,29.2931,景德镇市,老干部活动中心,,35,19,20,12,16,109,NA,78,78,1,5,4,3,0.8,0.8
2026-09-06T1200,2344A,117.1893,29.2789,景德镇市,兽医站,,48,48,35,22,15,111,NA,80,80,2,3,4,4,0.7,0.7
2026-09-06T1200,2346A,117.246,29.2958,景德镇市,陶研所,,33,23,22,20,18,105,NA,66,66,4,5,5,5,0.7,0.6
2026-09-06T1200,2348A,113.8384,27.6436,萍乡市,中医院,细颗粒物(PM2.5),58,47,50,39,30,116,NA,57,57,17,16,20,13,1.5,1
2026-09-06T1200,2350A,113.8677,27.6438,萍乡市,市环保局,细颗粒物(PM2.5),68,58,43,44,36,128,NA,67,67,14,12,13,9,1.4,0.8
2026-09-06T1200,2351A,113.8663,27.6202,萍乡市,安源区政府,颗粒物(PM10),55,56,51,36,35,108,NA,64,64,10,9,13,12,1.0,0.8
2026-09-06T1200,2353A,114.9887,27.8433,新余市,飞宇,,40,38,39,20,22,125,NA,85,85,8,14,11,11,0.4,0.4
2026-09-06T1200,2354A,114.9234,27.8248,新余市,第二水厂,,42,42,41,23,21,128,NA,97,97,8,12,2,4,0.5,0.5
2026-09-06T1200,2355A,114.931,27.8037,新余市,市气象局,,44,44,37,26,24,120,NA,91,91,8,13,11,9,0.9,0.9
2026-09-06T1200,2358A,117.0561,28.2641,鹰潭市,新监测站,,44,NA,33,28,23,140,NA,80,80,3,3,11,6,0.3,0.4
2026-09-06T1200,2359A,117.0312,28.2474,鹰潭市,财苑宾馆,,46,NA,36,28,23,145,NA,82,82,2,3,12,8,/,/
2026-09-06T1200,2360A,117.0221,28.2263,鹰潭市,体育馆,,44,33,36,25,22,140,NA,79,79,2,4,10,8,0.5,0.6
2026-09-06T1200,2363A,114.9368,25.8663,赣州市,地委,,27,27,34,15,16,86,NA,55,55,4,6,3,2,0.3,0.4
2026-09-06T1200,2364A,114.946,25.8483,赣州市,气象台,NA,NA,NA,36,17,18,88,NA,50,50,4,9,5,5,0.2,0.4
2026-09-06T1200,2365A,114.932,25.8332,赣州市,市图书馆,,31,31,30,18,18,89,NA,54,54,2,7,4,5,0.4,0.6
2026-09-06T1200,2366A,114.8905,25.8472,赣州市,华坚鞋城,,31,31,33,18,20,93,NA,60,60,9,10,2,1,0.2,0.4
2026-09-06T1200,2367A,114.9753,27.0803,吉安市,红声器材厂,,48,48,38,26,20,118,NA,67,67,7,9,9,8,0.5,0.5
2026-09-06T1200,2369A,114.9903,27.1313,吉安市,市环境监测站,,50,50,37,29,21,109,NA,62,62,9,8,10,9,/,/
2026-09-06T1200,2370A,115.009527,27.096792,吉安市,青原区法院,,44,44,38,24,19,124,NA,74,74,7,9,8,8,0.5,0.5
2026-09-06T1200,2373A,114.3954,27.7843,宜春市,市石油公司,细颗粒物(PM2.5),56,48,47,38,29,117,NA,63,63,6,10,9,11,1.1,1
2026-09-06T1200,2374A,114.37,27.7916,宜春市,市气象局,颗粒物(PM10),51,51,47,25,36,122,NA,63,63,7,12,2,2,0.9,1
2026-09-06T1200,2375A,114.401,27.8059,宜春市,市广电局,,48,48,43,0,19,117,NA,71,71,7,10,4,5,0.7,0.8
2026-09-06T1200,2377A,116.3544,27.9833,抚州市,市站,,40,40,37,22,20,98,NA,74,74,1,2,6,4,0.4,0.5
2026-09-06T1200,2378A,116.3562,27.9631,抚州市,血防站,,32,32,38,21,19,99,NA,76,75,4,5,6,6,0.5,0.6
2026-09-06T1200,2379A,116.3561,28.0007,抚州市,采茶剧团,,40,36,38,28,22,109,NA,84,83,2,3,11,7,0.6,0.7
2026-09-06T1200,2380A,116.3854,27.9648,抚州市,医学分院,,37,37,35,19,20,112,NA,82,82,3,4,5,6,0.7,0.8
2026-09-06T1200,2382A,117.9758,28.4439,上饶市,市监测站,,43,31,27,12,14,135,NA,88,88,2,4,3,5,/,/
2026-09-06T1200,2383A,117.9521,28.4637,上饶市,凤凰光学,NA,NA,24,29,11,14,106,NA,67,67,4,7,NA,5,0.4,0.4
2026-09-06T1200,2385A,114.17,35.9019,鹤壁市,市监测站,细颗粒物(PM2.5),86,59,57,53,34,182,NA,119,119,5,10,4,7,0.9,0.9
2026-09-06T1200,2386A,114.2953,35.7512,鹤壁市,市交警支队,臭氧1小时(O3_1h),64,48,49,20,29,171,NA,121,121,11,15,13,11,0.9,0.9
2026-09-06T1200,2387A,114.2877,35.7302,鹤壁市,迎宾馆,臭氧1小时(O3_1h),77,50,49,9,25,181,NA,132,132,11,14,16,11,1.0,0.9
2026-09-06T1200,2389A,113.836,35.3104,新乡市,环保西院,臭氧1小时(O3_1h),85,46,53,22,29,188,NA,112,112,6,14,13,12,0.8,0.8
2026-09-06T1200,2390A,113.8847,35.2724,新乡市,开发区,臭氧1小时(O3_1h),72,44,46,18,25,177,NA,106,106,9,17,13,12,0.7,0.8
2026-09-06T1200,2391A,113.8836,35.3028,新乡市,环保东院,臭氧1小时(O3_1h),85,42,54,21,26,188,NA,139,139,7,12,12,11,1.0,1.1
2026-09-06T1200,2392A,115.0312,35.7636,濮阳市,环保局,臭氧1小时(O3_1h),68,54,53,18,28,174,NA,111,111,8,15,7,9,0.4,0.5
2026-09-06T1200,2398A,113.7904,33.9949,许昌市,开发区,臭氧1小时(O3_1h),95,55,84,30,39,196,NA,114,114,8,15,6,7,0.3,0.5
2026-09-06T1200,2399A,114.051,33.5721,漯河市,三五一五工厂,臭氧1小时(O3_1h),72,38,82,23,55,177,NA,91,91,11,26,8,8,0.7,0.8
2026-09-06T1200,2400A,114.0055,33.5698,漯河市,漯河大学,臭氧1小时(O3_1h),77,49,72,19,47,181,NA,101,101,11,23,8,10,0.6,0.7
2026-09-06T1200,2401A,114.0134,33.5826,漯河市,市水利局,臭氧1小时(O3_1h),74,44,74,26,48,179,NA,68,NA,9,22,9,10,0.6,0.7
2026-09-06T1200,2402A,114.0261,33.5697,漯河市,市广电局,臭氧1小时(O3_1h),78,42,71,30,42,182,NA,112,112,10,20,7,8,0.5,0.6
2026-09-06T1200,2404A,112.5338,33.0086,南阳市,瓦房庄,臭氧1小时(O3_1h),80,51,55,28,22,184,NA,148,148,10,13,9,9,0.7,0.7
2026-09-06T1200,2405A,112.5002,32.9734,南阳市,汉画馆,臭氧1小时(O3_1h),77,51,54,22,23,181,NA,144,144,10,13,10,10,0.9,0.9
2026-09-06T1200,2406A,112.5778,33.0144,南阳市,气象站,臭氧1小时(O3_1h),70,54,55,17,22,176,NA,133,133,8,14,10,10,0.7,0.8
2026-09-06T1200,2407A,112.548,32.9687,南阳市,理工学院,臭氧1小时(O3_1h),78,49,53,27,25,182,NA,144,144,10,13,11,11,0.7,0.7
2026-09-06T1200,2408A,115.6701,34.4283,商丘市,环境监测站,,46,29,53,21,28,145,NA,88,88,7,21,4,5,0.3,0.4
2026-09-06T1200,2409A,115.6458,34.4047,商丘市,粮食局,,45,34,46,17,27,142,NA,93,93,8,15,7,8,0.6,0.6
2026-09-06T1200,2420A,114.0194,32.9648,驻马店市,市一纸厂,臭氧1小时(O3_1h),70,57,56,25,33,176,NA,114,114,9,17,7,8,0.4,0.5
2026-09-06T1200,2421A,114.0112,33.0149,驻马店市,市彩印厂,臭氧1小时(O3_1h),68,56,64,26,36,174,NA,108,108,9,16,8,8,0.5,0.4
2026-09-06T1200,2423A,115.0547,30.2332,黄石市,沈家营,,46,46,42,22,26,144,NA,73,73,9,12,18,11,0.6,0.5
2026-09-06T1200,2426A,114.899,30.211,黄石市,铁山,颗粒物(PM10),63,68,42,32,23,145,NA,69,69,18,21,4,4,0.7,0.6
2026-09-06T1200,2427A,115.0259,30.2108,黄石市,团城山,,44,35,47,23,27,138,NA,70,70,7,11,7,7,0.4,0.4
2026-09-06T1200,2429A,110.78,32.6494,十堰市,滨河新村,臭氧1小时(O3_1h),62,46,43,18,23,169,NA,94,94,9,16,/,/,0.7,0.7
2026-09-06T1200,2430A,110.7305,32.6408,十堰市,刘家沟,NA,NA,NA,43,NA,24,NA,NA,186,NA,NA,9,NA,NA,NA,NA
2026-09-06T1200,2431A,110.8843,32.5712,十堰市,铁二处,臭氧1小时(O3_1h),58,48,38,26,21,166,NA,94,94,11,10,8,9,0.8,0.7
2026-09-06T1200,2432A,112.1555,32.0197,襄阳市,襄城运动路,臭氧1小时(O3_1h),82,92,61,42,28,185,NA,101,101,13,16,10,10,0.8,0.7
2026-09-06T1200,2434A,112.1829,32.1146,襄阳市,高新管委会,臭氧1小时(O3_1h),94,71,63,29,34,195,NA,86,86,13,24,11,11,0.6,0.5
2026-09-06T1200,2435A,112.2105,32.0903,襄阳市,襄州航空路,臭氧1小时(O3_1h),97,66,61,35,35,197,NA,89,89,14,19,9,9,0.7,0.7
2026-09-06T1200,2436A,114.894,30.3989,鄂州市,市政府,,41,30,33,11,19,130,NA,110,110,6,15,5,5,0.4,0.5
2026-09-06T1200,2437A,114.8986,30.3714,鄂州市,赵家坝,,45,32,38,16,21,143,NA,107,107,10,13,8,8,0.5,0.4
2026-09-06T1200,2439A,112.2012,31.048,荆门市,竹园小学,臭氧1小时(O3_1h),68,49,49,26,28,174,NA,125,125,7,14,8,7,0.6,0.7
2026-09-06T1200,2440A,112.1968,30.9892,荆门市,掇刀,臭氧1小时(O3_1h),68,55,45,25,27,174,NA,153,153,5,8,12,13,0.4,0.6
2026-09-06T1200,2444A,113.9062,30.9378,孝感市,东城区,,45,32,44,13,18,142,NA,95,95,3,11,6,7,0.3,0.5
2026-09-06T1200,2446A,114.9021,30.474,黄冈市,职工中心,,39,21,30,15,23,124,NA,100,100,3,11,15,16,0.4,0.5
2026-09-06T1200,2451A,113.3587,31.7275,随州市,市委党校,,46,28,36,11,18,145,NA,80,80,4,12,8,9,0.5,0.6
2026-09-06T1200,2452A,113.3745,31.6926,随州市,市林业局,NA,NA,NA,27,4,18,143,NA,91,91,4,12,4,6,0.6,0.7
2026-09-06T1200,2453A,113.3984,31.7309,随州市,市立交桥水厂,,44,24,36,8,18,140,NA,92,92,6,14,6,6,0.6,0.7
2026-09-06T1200,2454A,109.4978,30.2979,恩施土家族苗族自治州,湖北民院,,42,42,37,24,22,124,NA,95,95,4,5,6,6,0.4,0.3
2026-09-06T1200,2457A,112.6209,26.9268,衡阳市,衡阳化工总厂,颗粒物(PM10),59,62,43,31,29,124,NA,64,64,6,12,9,7,0.8,0.9
2026-09-06T1200,2458A,112.621,26.8957,衡阳市,珠晖区环保局,颗粒物(PM10),58,60,50,29,24,119,NA,66,66,16,18,11,5,1.3,1
2026-09-06T1200,2459A,112.628,26.8654,衡阳市,市委党校,颗粒物(PM10),62,66,39,37,27,114,NA,51,51,14,15,17,8,1.9,1.4
2026-09-06T1200,2460A,112.6007,26.8977,衡阳市,市监测站,颗粒物(PM10),53,54,39,26,26,130,NA,74,74,10,16,9,7,0.9,0.9
2026-09-06T1200,2461A,112.5658,26.9013,衡阳市,真空机电公司,颗粒物(PM10),55,56,38,30,28,136,NA,76,76,6,11,9,8,0.8,0.8
2026-09-06T1200,2464A,111.5277,27.2442,邵阳市,市化工厂,,40,39,34,28,30,124,NA,57,57,4,7,12,11,0.4,0.4
2026-09-06T1200,2466A,111.4327,27.2276,邵阳市,市环保局,颗粒物(PM10),51,51,38,28,28,99,NA,46,46,8,8,10,11,0.7,0.6
2026-09-06T1200,2468A,112.3458,28.581,益阳市,市环保局,细颗粒物(PM2.5),68,46,38,44,33,152,NA,98,98,11,10,8,9,0.8,0.8
2026-09-06T1200,2473A,113.0116,25.8228,郴州市,市职中,,42,32,25,29,19,68,NA,65,65,9,10,6,6,1.0,0.9
2026-09-06T1200,2475A,113.0381,25.8074,郴州市,市审计局,,48,48,32,28,20,68,NA,67,67,8,8,7,6,/,/
2026-09-06T1200,2476A,113.0348,25.7757,郴州市,市环保局,,46,NA,25,32,22,64,NA,67,67,11,8,8,8,0.8,0.8
2026-09-06T1200,2478A,111.6126,26.4266,永州市,市环境监测站,,42,40,32,29,23,60,NA,23,23,12,10,6,5,0.9,0.9
2026-09-06T1200,2480A,111.6248,26.3803,永州市,永州市环保局,,32,30,28,22,22,66,NA,33,33,9,11,6,5,0.8,0.7
2026-09-06T1200,2481A,111.5989,26.4523,永州市,冷水滩区环保局,,46,43,36,32,24,71,NA,30,30,9,8,17,17,0.9,0.8
2026-09-06T1200,2483A,109.9297,27.5383,怀化市,河西地税局,,32,32,41,19,19,101,NA,51,51,9,14,6,3,/,/
2026-09-06T1200,2484A,109.9783,27.5342,怀化市,市四医院,,34,33,37,9,20,108,NA,54,54,11,14,12,6,0.5,0.5
2026-09-06T1200,2485A,109.9971,27.5579,怀化市,监测楼,,39,39,30,26,20,94,NA,45,45,9,12,7,3,0.6,0.6
2026-09-06T1200,2488A,111.9984,27.7346,娄底市,市监测站,,44,44,49,23,30,117,NA,65,65,7,18,7,12,0.6,0.8
2026-09-06T1200,2491A,111.9888,27.7035,娄底市,市政府,,46,46,38,21,22,127,NA,58,58,10,8,11,7,0.8,0.6
2026-09-06T1200,2493A,109.7298,28.3164,湘西土家族苗族自治州,州政府,,33,28,32,23,24,96,NA,32,32,6,6,5,4,0.5,0.6
2026-09-06T1200,2494A,109.6957,28.2676,湘西土家族苗族自治州,吉首市计生局,,36,36,28,23,24,114,NA,30,30,9,14,6,5,0.3,0.3
2026-09-06T1200,2496A,111.3126,23.4772,梧州市,市十一中,,15,2,12,2,7,47,NA,29,28,5,12,6,9,0.5,0.5
2026-09-06T1200,2498A,111.26,23.4794,梧州市,龙新,,16,16,22,3,5,42,NA,37,37,10,15,9,11,0.6,0.6
2026-09-06T1200,2499A,108.3411,21.6159,防城港市,沙万,,35,35,23,16,8,60,NA,48,48,5,6,4,4,0.5,0.5
2026-09-06T1200,2500A,108.3515,21.7733,防城港市,防城档案局,,32,32,22,16,10,60,NA,46,46,6,7,5,4,0.6,0.6
2026-09-06T1200,2501A,108.3506,21.6414,防城港市,大海花园,,28,28,15,13,11,77,NA,60,60,4,5,5,4,0.6,0.6
2026-09-06T1200,2502A,108.6238,21.9667,钦州市,市环保站,,23,17,14,1,6,73,NA,48,48,6,9,6,6,0.6,0.6
2026-09-06T1200,2503A,108.655,21.9481,钦州市,沙埠小学,,33,33,20,3,8,74,NA,48,48,4,9,6,7,0.5,0.6
2026-09-06T1200,2504A,108.5989,21.7435,钦州市,港区一小,,25,25,21,13,11,80,NA,50,50,8,13,5,5,0.7,0.6
2026-09-06T1200,2506A,109.604387,23.066791,贵港市,江南子站,,25,14,12,12,9,78,NA,56,56,6,8,2,2,0.6,0.6
2026-09-06T1200,2508A,109.5669,23.1065,贵港市,荷城子站,,23,17,17,8,7,71,NA,56,56,5,7,2,2,0.7,0.7
2026-09-06T1200,2511A,110.1433,22.6162,玉林市,南江一中,,28,19,22,6,11,88,NA,44,44,9,12,5,5,0.5,0.5
2026-09-06T1200,2512A,106.6102,23.901,百色市,市监测站,,17,14,18,6,6,53,NA,15,15,4,11,7,7,0.4,0.4
2026-09-06T1200,2513A,106.6524,23.8842,百色市,市中心血站,,24,24,25,11,10,50,NA,14,14,6,14,8,10,0.3,0.4
2026-09-06T1200,2514A,111.5264,24.4178,贺州市,环保小区,,30,NA,13,21,11,74,NA,62,62,7,7,8,8,0.4,0.4
2026-09-06T1200,2515A,111.561,24.4074,贺州市,政协大楼,,30,NA,13,21,11,72,NA,60,60,14,8,9,10,0.6,0.5
2026-09-06T1200,2517A,108.0496,24.6957,河池市,市环保站,,22,21,10,4,4,69,NA,60,60,5,4,6,6,0.8,0.7
2026-09-06T1200,2520A,109.2203,23.7252,来宾市,来宾技工学校,,30,27,23,20,10,94,NA,70,70,7,9,7,6,0.8,0.7
2026-09-06T1200,2521A,107.3473,22.4137,崇左市,市环保局江州分局,,24,24,14,5,5,65,NA,33,33,4,7,4,2,0.4,0.4
2026-09-06T1200,2524A,105.8211,32.4444,广元市,老城,颗粒物(PM10),57,59,46,35,37,116,NA,44,44,17,27,4,5,0.9,0.7
2026-09-06T1200,2526A,105.8629,32.429,广元市,监测站,颗粒物(PM10),58,61,54,38,37,111,NA,61,61,16,13,10,10,0.7,0.5
2026-09-06T1200,2528A,105.5581,30.5231,遂宁市,市监测站,,32,20,63,10,42,100,NA,65,65,4,18,8,12,0.5,0.8
2026-09-06T1200,2530A,105.5917,30.4727,遂宁市,美宁食品公司,,32,24,77,11,62,100,NA,50,50,6,33,10,9,0.5,0.8
2026-09-06T1200,2531A,105.0703,29.61,内江市,市监测站,,40,26,39,21,33,127,NA,66,66,9,15,6,5,0.4,0.5
2026-09-06T1200,2533A,105.0657,29.5807,内江市,内江二中,,38,24,45,22,32,119,NA,57,57,8,16,8,7,0.3,0.4
2026-09-06T1200,2534A,105.0407,29.5828,内江市,内江日报社,,37,24,34,22,31,116,NA,64,64,5,19,10,9,0.5,0.6
2026-09-06T1200,2536A,103.7629,29.5844,乐山市,牛耳桥,细颗粒物(PM2.5),60,57,55,40,41,143,NA,52,52,10,17,8,6,0.8,0.8
2026-09-06T1200,2537A,103.7501,29.6002,乐山市,市第三水厂,细颗粒物(PM2.5),56,51,54,38,40,141,NA,51,51,14,21,7,5,1.1,1.1
2026-09-06T1200,2538A,103.7571,29.5664,乐山市,市监测站,细颗粒物(PM2.5),70,70,60,45,41,149,NA,62,62,10,16,7,6,1.3,1.3
2026-09-06T1200,2540A,103.8414,30.0871,眉山市,气象局,颗粒物(PM10),51,51,65,30,45,148,NA,50,50,19,34,10,9,0.9,1
2026-09-06T1200,2544A,106.6307,30.4577,广安市,市委,,38,22,41,12,31,120,NA,71,71,7,12,10,10,0.3,0.5
2026-09-06T1200,2545A,106.6266,30.4662,广安市,友谊中学,,39,25,38,11,32,122,NA,77,77,7,11,12,13,0.5,0.6
2026-09-06T1200,2547A,106.6386,30.4551,广安市,广电花园,,40,24,37,17,36,126,NA,72,72,7,12,11,11,0.4,0.6
2026-09-06T1200,2549A,107.5087,31.2186,达州市,市环境监测站,细颗粒物(PM2.5),70,75,60,45,42,100,NA,45,45,18,25,9,7,0.6,0.6
2026-09-06T1200,2550A,107.4988,31.2132,达州市,凤凰小区,细颗粒物(PM2.5),80,70,61,50,43,108,NA,53,53,17,23,8,7,0.5,0.5
2026-09-06T1200,2551A,107.5081,31.1987,达州市,达县机关宾馆,细颗粒物(PM2.5),62,63,74,41,54,108,NA,44,44,20,41,7,7,0.5,0.6
2026-09-06T1200,2552A,107.4644,31.2124,达州市,市政中心,细颗粒物(PM2.5),78,85,75,49,44,118,NA,58,58,20,27,8,6,0.5,0.5
2026-09-06T1200,2555A,103.011,29.9833,雅安市,市政府,细颗粒物(PM2.5),64,51,45,42,36,83,NA,62,56,10,7,12,6,0.6,0.6
2026-09-06T1200,2556A,102.9907,29.9778,雅安市,川农大,细颗粒物(PM2.5),54,45,43,37,35,75,NA,80,65,6,8,14,8,0.6,0.6
2026-09-06T1200,2562A,104.6357,30.1508,资阳市,资阳中学,NA,NA,NA,40,NA,25,NA,NA,NA,NA,NA,9,NA,5,NA,0.4
2026-09-06T1200,2565A,104.6297,30.1259,资阳市,区法院,,40,NA,30,28,32,121,NA,53,53,8,17,6,5,0.5,0.6
2026-09-06T1200,2568A,102.2503,31.8896,阿坝藏族羌族自治州,马师校,,25,13,22,12,11,77,NA,28,28,6,6,4,4,0.4,0.4
2026-09-06T1200,2570A,101.96,30.048,甘孜藏族自治州,水桥子,,27,26,24,8,12,86,NA,29,29,6,18,3,3,0.2,0.2
2026-09-06T1200,2573A,102.2629,27.8981,凉山彝族自治州,西昌市政府,,42,42,36,27,30,106,NA,59,59,7,8,14,10,0.7,0.7
2026-09-06T1200,2574A,102.2686,27.885,凉山彝族自治州,凉山州政府,,40,34,36,28,29,100,NA,57,57,6,8,9,8,0.7,0.8
2026-09-06T1200,2577A,104.8293,26.592,六盘水市,黄土坡,,28,20,18,7,11,89,NA,43,43,11,10,10,4,0.6,0.3
2026-09-06T1200,2579A,104.8481,26.5898,六盘水市,民中,,28,20,18,19,11,79,NA,39,39,19,16,12,3,1.4,0.5
2026-09-06T1200,2580A,104.9541,26.5506,六盘水市,双水,,26,24,18,12,12,83,NA,38,38,12,10,11,5,0.3,0.2
2026-09-06T1200,2585A,109.1839,27.7344,铜仁市,铜仁卫校,,26,21,25,8,13,83,NA,42,42,10,9,2,2,0.6,0.5
2026-09-06T1200,2586A,109.1752,27.6945,铜仁市,铜仁七中,NA,NA,NA,21,NA,20,NA,NA,101,NA,NA,5,NA,8,NA,0.4
2026-09-06T1200,2587A,105.287,27.3133,毕节市,八中,,35,29,29,24,21,61,NA,27,27,12,12,21,8,0.4,0.5
2026-09-06T1200,2588A,105.3079,27.2987,毕节市,师专,,33,26,30,23,20,62,NA,24,24,10,12,34,11,0.4,0.4
2026-09-06T1200,2589A,104.9022,25.0943,黔西南布依族苗族自治州,场坝街,,33,23,27,23,20,87,NA,39,39,9,8,12,20,0.4,0.4
2026-09-06T1200,2590A,104.8812,25.0994,黔西南布依族苗族自治州,坪东大道,,35,NA,28,24,25,89,NA,39,39,6,11,8,9,0.3,0.4
2026-09-06T1200,2591A,107.9765,26.5724,黔东南苗族侗族自治州,市环境监测站,,34,23,21,18,19,106,NA,78,78,7,5,4,4,0.5,0.5
2026-09-06T1200,2593A,107.5223,26.2371,黔南布依族苗族自治州,小围寨,,40,12,19,10,15,128,NA,86,86,5,5,5,5,0.5,0.5
2026-09-06T1200,2594A,99.1589,25.1137,保山市,市环境监测站,,25,17,18,11,10,78,NA,29,29,8,7,8,7,0.4,0.3
2026-09-06T1200,2595A,99.1616,25.1381,保山市,市环保局,,24,21,11,11,9,75,NA,28,28,9,5,6,6,0.5,0.4
2026-09-06T1200,2596A,103.7668,27.3736,昭通市,监测站,,36,36,37,13,19,96,NA,50,50,6,10,6,6,0.4,0.4
2026-09-06T1200,2599A,100.2497,26.8802,丽江市,丽江古城,,30,27,27,19,18,95,NA,71,71,9,10,7,6,0.7,0.7
2026-09-06T1200,2600A,100.2203,26.8906,丽江市,市中心,,36,36,25,18,19,90,NA,81,74,5,6,10,9,0.7,0.6
2026-09-06T1200,2601A,100.9801,22.7634,普洱市,市环保局,,30,30,35,13,14,62,NA,46,46,6,7,6,6,0.7,0.7
2026-09-06T1200,2602A,100.9763,22.8237,普洱市,普洱第二中学,,30,30,32,10,16,61,NA,38,38,6,8,5,4,1.0,1
2026-09-06T1200,2603A,100.0779,23.8981,临沧市,市环保局,,26,26,20,16,12,45,NA,16,16,11,10,6,7,0.6,0.5
2026-09-06T1200,2604A,100.0894,23.882,临沧市,市气象局,,26,26,22,16,16,50,NA,16,16,10,8,10,10,0.6,0.6
2026-09-06T1200,2606A,101.5379,25.0492,楚雄彝族自治州,市经济开发区,,28,19,37,19,25,77,NA,59,59,7,15,2,3,0.5,0.6
2026-09-06T1200,2610A,104.2533,23.3595,文山壮族苗族自治州,州水务局,,30,30,16,13,11,79,NA,70,70,8,7,11,10,0.4,0.3
2026-09-06T1200,2611A,104.2319,23.3892,文山壮族苗族自治州,市便民服务中心,,28,28,16,15,12,72,NA,66,66,13,10,10,8,0.4,0.3
2026-09-06T1200,2612A,100.8018,21.9995,西双版纳傣族自治州,景洪市江南,NA,NA,17,22,7,13,66,NA,48,48,NA,6,9,8,0.6,0.8
2026-09-06T1200,2613A,100.7995,22.0238,西双版纳傣族自治州,景洪市江北,,18,10,24,2,11,57,NA,41,41,3,5,9,9,0.6,0.6
2026-09-06T1200,2614A,100.2168,25.5818,大理白族自治州,大理市环境监测站,,21,14,16,11,13,66,NA,56,56,6,7,5,5,0.5,0.5
2026-09-06T1200,2615A,100.1542,25.7055,大理白族自治州,大理古城,,26,26,24,15,14,83,NA,50,50,5,9,7,7,0.5,0.5
2026-09-06T1200,2616A,98.5611,24.4273,德宏傣族景颇族自治州,德宏州监测站,,19,9,12,3,11,58,NA,31,27,2,4,10,10,0.5,0.8
2026-09-06T1200,2618A,98.859,25.8541,怒江傈僳族自治州,州监测站,,26,NA,14,18,12,63,NA,26,26,5,10,4,4,0.7,0.7
2026-09-06T1200,2619A,98.8607,25.8168,怒江傈僳族自治州,泸水一中,,29,27,22,20,15,52,NA,16,16,10,18,5,5,0.6,0.6
2026-09-06T1200,2621A,99.7054,27.8319,迪庆藏族自治州,迪庆州站,,30,30,21,14,11,60,NA,51,50,9,9,8,7,0.3,0.3
2026-09-06T1200,2622A,97.1813,31.1289,昌都市,昌都监测站,,18,18,20,2,3,48,NA,19,19,8,8,2,2,0.4,0.3
2026-09-06T1200,2624A,91.7592,29.234,山南市,山南监测站,,16,16,11,1,3,47,NA,22,22,7,9,11,9,0.3,0.3
2026-09-06T1200,2625A,91.7701,29.2436,山南市,山南人民医院,,17,12,9,1,3,52,NA,32,32,6,6,10,8,0.3,0.3
2026-09-06T1200,2626A,88.8873,29.2723,日喀则市,日喀则监测站,,19,13,11,0,4,60,NA,41,41,7,9,6,7,0.3,0.3
2026-09-06T1200,2628A,92.0653,31.4846,那曲市,那曲监测站,,36,36,20,14,11,67,NA,51,39,9,9,7,6,0.4,0.4
2026-09-06T1200,2630A,80.1171,32.4999,阿里地区,阿里监测站,,40,3,3,0,3,126,NA,112,109,4,5,6,6,0.2,0.2
2026-09-06T1200,2632A,94.3683,29.6373,林芝市,林芝监测站,,12,4,8,2,4,36,NA,20,20,4,7,2,3,0.3,0.4
2026-09-06T1200,2633A,94.3616,29.6634,林芝市,林芝人民医院,,12,7,12,4,6,36,NA,18,18,5,8,4,4,0.5,0.5
2026-09-06T1200,2635A,107.0155,33.0707,汉中市,市监测站,,42,34,54,14,38,134,NA,74,74,4,8,6,6,0.5,0.6
2026-09-06T1200,2636A,107.0083,33.114,汉中市,鑫源开发区,,45,45,57,11,42,142,NA,93,93,6,11,6,7,0.6,0.7
2026-09-06T1200,2637A,107.0072,33.0323,汉中市,南郑大河坎水厂,,41,41,56,18,45,123,NA,62,62,7,11,5,5,0.5,0.6
2026-09-06T1200,2639A,109.7445,38.2919,榆林市,世纪广场,,49,40,37,21,20,155,NA,136,136,7,10,8,15,0.5,0.5
2026-09-06T1200,2640A,109.729,38.2837,榆林市,实验中学,,50,44,38,26,21,157,NA,139,139,8,11,7,18,0.5,0.5
2026-09-06T1200,2641A,109.7347,38.2491,榆林市,环保监测大楼,,50,41,33,22,20,158,NA,140,140,9,10,8,10,0.5,0.5
2026-09-06T1200,2644A,109.0088,32.6974,安康市,汉滨区检察院,NA,NA,NA,34,NA,21,NA,NA,138,70,NA,8,NA,4,NA,0.7
2026-09-06T1200,2645A,109.9155,33.8714,商洛市,监测站,臭氧1小时(O3_1h),80,42,41,24,26,184,NA,83,83,8,11,16,12,0.5,0.5
2026-09-06T1200,2647A,104.1727,36.5448,白银市,第三小学,,43,41,39,30,24,70,NA,86,81,19,12,11,25,0.6,0.3
2026-09-06T1200,2648A,104.1467,36.5482,白银市,动力公司,,41,41,36,27,21,59,NA,82,72,18,13,5,14,0.9,0.6
2026-09-06T1200,2650A,105.72058,34.57859,天水市,公园小学,,50,47,50,35,31,102,NA,117,106,17,13,10,9,0.7,0.7
2026-09-06T1200,2651A,105.89428,34.55353,天水市,麦积国土局,,50,50,46,29,32,122,NA,134,119,10,10,7,7,0.5,0.5
2026-09-06T1200,2652A,102.6203,37.925,武威市,监测站,,38,38,49,16,24,72,NA,89,82,8,9,10,12,0.2,0.3
2026-09-06T1200,2654A,100.4699,38.9525,张掖市,润泉湖,颗粒物(PM10),58,61,72,23,25,77,NA,88,80,7,7,3,3,0.3,0.3
2026-09-06T1200,2655A,100.4155,38.9422,张掖市,区工会,颗粒物(PM10),55,56,75,13,28,90,NA,98,93,5,5,8,8,0.2,0.3
2026-09-06T1200,2656A,106.6633,35.5338,平凉市,聚贤嘉苑,细颗粒物(PM2.5),52,48,53,36,34,116,NA,132,122,7,11,8,10,0.8,0.8
2026-09-06T1200,2657A,106.7021,35.5307,平凉市,博物馆,细颗粒物(PM2.5),60,56,59,40,37,123,NA,132,125,6,10,11,12,0.6,0.7
2026-09-06T1200,2661A,107.6325,35.7357,庆阳市,庆阳五中,,46,46,43,28,26,122,NA,123,114,8,8,3,3,0.4,0.4
2026-09-06T1200,2662A,107.6361,35.7067,庆阳市,市环保局,颗粒物(PM10),51,51,44,28,26,128,NA,125,117,8,8,4,3,0.6,0.6
2026-09-06T1200,2669A,102.9097,34.9841,甘南藏族自治州,州政府,,31,31,35,4,16,78,NA,29,29,4,16,7,7,0.4,0.3
2026-09-06T1200,2671A,100.9016,36.9464,海北藏族自治州,海晏县西海镇,,34,24,30,21,25,106,NA,114,98,4,4,8,9,0.6,0.6
2026-09-06T1200,2672A,102.02,35.5101,黄南藏族自治州,同仁县隆务镇,,32,31,31,21,18,101,NA,77,77,6,3,10,10,0.4,0.2
2026-09-06T1200,2673A,100.6158,36.2985,海南藏族自治州,共和县恰卜恰镇,,30,30,21,11,13,96,NA,91,90,2,3,8,8,0.5,0.5
2026-09-06T1200,2674A,100.2262,34.4854,果洛藏族自治州,玛沁县大武镇,,21,21,20,6,8,67,NA,42,42,3,3,8,10,0.4,0.4
2026-09-06T1200,2675A,97.0386,33.0138,玉树藏族自治州,玉树县结古镇,,16,14,9,2,2,50,NA,22,22,6,9,4,4,0.5,0.5
2026-09-06T1200,2676A,97.373,37.376,海西蒙古族藏族自治州,德令哈市,,29,22,14,18,7,90,NA,100,91,3,2,12,11,0.4,0.6
2026-09-06T1200,2677A,106.1535,37.9648,吴忠市,教育园区,,40,34,43,16,23,127,NA,89,89,6,14,5,6,0.5,0.5
2026-09-06T1200,2679A,106.1851,37.9957,吴忠市,新区二泵站,,49,49,41,15,21,134,NA,103,103,8,13,7,8,0.5,0.5
2026-09-06T1200,2682A,105.1965,37.4996,中卫市,环保局站,,46,46,55,28,25,122,NA,87,85,10,16,3,3,0.6,0.5
2026-09-06T1200,2684A,106.2753,36.0057,固原市,监测站,,43,37,36,30,28,118,NA,124,123,7,6,6,7,0.4,0.4
2026-09-06T1200,2685A,106.2384,36.0189,固原市,新区,,46,42,36,32,27,107,NA,113,112,10,7,6,6,0.6,0.5
2026-09-06T1200,2686A,89.1905,42.9419,吐鲁番市,市环保局,颗粒物(PM10),104,128,92,30,27,65,NA,74,59,15,11,39,8,0.5,0.5
2026-09-06T1200,2687A,89.1674,42.9558,吐鲁番市,地区环保局,颗粒物(PM10),90,106,86,23,26,61,NA,72,47,22,16,3,3,0.6,0.5
2026-09-06T1200,2688A,93.5124,42.8176,哈密市,地区监测站,,43,43,29,13,10,74,NA,81,73,16,10,3,3,0.2,0.1
2026-09-06T1200,2689A,93.5014,42.8312,哈密市,哈密师范学校,颗粒物(PM10),53,53,37,9,11,64,NA,78,63,17,12,8,7,0.5,0.4
2026-09-06T1200,2692A,87.2722,44.0298,昌吉回族自治州,新区政务中心,,35,35,21,14,11,18,NA,27,14,41,19,8,7,0.4,0.2
2026-09-06T1200,2693A,82.0482,44.8553,博尔塔拉蒙古自治州,市党校,颗粒物(PM10),55,57,53,1,10,70,NA,49,49,5,7,3,4,0.2,0.2
2026-09-06T1200,2694A,82.0805,44.8966,博尔塔拉蒙古自治州,市环保局,,31,31,46,8,7,72,NA,46,46,11,11,4,5,0.3,0.3
2026-09-06T1200,2695A,80.2899,41.1684,阿克苏地区,电视台,颗粒物(PM10),56,58,38,24,18,55,NA,64,57,19,8,6,5,0.8,0.6
2026-09-06T1200,2696A,80.2592,41.1541,阿克苏地区,艺术中心,,46,46,38,8,19,78,NA,70,63,16,13,6,6,0.3,0.3
2026-09-06T1200,2697A,76.1457,39.7143,克孜勒苏柯尔克孜自治州,市人民政府,颗粒物(PM10),67,73,29,16,15,96,NA,92,82,2,5,3,3,0.1,0.1
2026-09-06T1200,2698A,76.0071,39.466,喀什地区,巡警大队,,32,31,24,6,6,101,NA,85,72,11,10,4,4,0.4,0.4
2026-09-06T1200,2699A,75.9756,39.4693,喀什地区,吾办,,30,30,24,0,6,91,NA,80,70,6,6,6,5,0.3,0.3
2026-09-06T1200,2704A,81.3002,43.9177,伊犁哈萨克自治州,新政府片区,,24,24,33,3,11,65,NA,47,47,8,16,5,6,0.6,0.7
2026-09-06T1200,2705A,81.3364,43.9409,伊犁哈萨克自治州,第二水厂,,32,32,42,6,14,65,NA,40,40,7,15,6,7,0.5,0.6
2026-09-06T1200,2706A,82.9993,46.7432,塔城地区,东门外小游园,,40,40,40,2,10,61,NA,36,36,8,6,3,2,0.3,0.3
2026-09-06T1200,2708A,88.1266,47.8515,阿勒泰地区,市站,颗粒物(PM10),52,52,34,3,5,58,NA,26,26,10,20,2,1,0.2,0.3
2026-09-06T1200,2709A,86.0391,44.298,石河子市,艾青诗歌馆,,29,29,28,2,5,82,NA,58,58,9,14,5,5,0.4,0.4
2026-09-06T1200,2711A,87.5352,44.1606,五家渠市,农水大厦,颗粒物(PM10),59,62,26,18,11,25,NA,51,31,21,8,5,5,0.4,0.3
2026-09-06T1200,2809A,113.6668,24.7756,韶关市,大学路288号,,30,30,16,16,6,55,NA,26,26,7,7,19,15,/,/
2026-09-06T1200,2835A,101.7222,26.567,攀枝花市,四十中小,,46,38,40,32,32,90,NA,63,54,25,23,46,25,3.8,2.6
2026-09-06T1200,2842A,118.0937,24.5054,厦门市,湖里中学,,25,17,27,10,16,78,NA,58,58,25,16,3,2,0.5,0.5
2026-09-06T1200,2845A,113.1561,36.1912,长治市,德盛苑,臭氧1小时(O3_1h),70,34,30,20,20,176,NA,123,123,10,9,13,14,1.2,1.1
2026-09-06T1200,2846A,113.3209,23.1323,广州市,体育西,,20,19,28,14,17,44,NA,57,36,20,24,5,5,0.7,0.7
2026-09-06T1200,2858A,117.7917,39.2473,天津市,河西一经路,,32,14,23,5,10,101,NA,74,74,10,16,8,9,0.6,0.6
2026-09-06T1200,2859A,117.3747,38.9845,天津市,津沽路,,34,17,24,4,8,107,NA,74,74,11,18,11,7,0.6,0.6
2026-09-06T1200,2860A,117.159,39.0844,天津市,宾水西道,,40,27,22,14,13,125,NA,71,71,6,7,12,6,0.8,0.5
2026-09-06T1200,2865A,112.7195,37.683,晋中市,榆次三中,臭氧1小时(O3_1h),62,34,37,13,18,169,NA,93,93,6,11,12,10,0.7,0.5
2026-09-06T1200,2867A,111.1225,37.5093,吕梁市,马茂庄小学,,48,46,52,6,14,153,NA,73,73,8,25,6,9,0.6,0.6
2026-09-06T1200,2868A,126.4737,43.953,吉林市,九站,,32,30,28,9,14,100,NA,47,47,7,22,7,11,0.5,0.6
2026-09-06T1200,2869A,119.4472,32.4156,扬州市,五台山医院,,33,18,20,9,11,103,NA,71,71,2,7,14,14,0.6,0.7
2026-09-06T1200,2870A,119.4369,32.1891,镇江市,市疾控中心,,33,15,18,8,10,103,NA,62,62,4,10,8,7,0.7,0.6
2026-09-06T1200,2871A,121.6156,29.9015,宁波市,万里国际学校,,32,17,17,7,6,102,NA,74,74,6,9,9,8,0.5,0.5
2026-09-06T1200,2872A,120.7845,30.7524,嘉兴市,南湖区残联,,43,17,22,9,11,135,NA,84,84,3,11,6,6,0.5,0.5
2026-09-06T1200,2873A,120.083,30.8929,湖州市,仁皇山新区,,35,20,24,10,14,110,NA,79,79,7,12,6,7,0.4,0.6
2026-09-06T1200,2875A,115.783962,32.889217,阜阳市,阜阳职业技术学院,,41,17,32,6,18,131,NA,94,94,5,13,4,4,0.3,0.4
2026-09-06T1200,2877A,119.1638,36.6524,潍坊市,坊子邮政,NA,NA,19,27,0,7,102,NA,63,63,5,14,NA,3,0.3,0.4
2026-09-06T1200,2880A,104.0219,30.6561,成都市,大石西路,,42,31,61,29,51,132,NA,80,80,13,20,6,5,0.6,0.8
2026-09-06T1200,2881A,107.8909,26.531,黔东南苗族侗族自治州,凯里学院,,39,NA,18,20,19,122,NA,89,89,6,7,5,5,0.4,0.4
2026-09-06T1200,2882A,102.5388,24.3703,玉溪市,玉溪一中,,25,19,18,11,10,79,NA,53,53,6,9,3,4,0.3,0.3
2026-09-06T1200,2883A,102.5382,24.339,玉溪市,文体中心,,25,12,21,12,11,78,NA,54,54,4,7,5,5,0.3,0.3
2026-09-06T1200,2884A,98.2672,39.7978,嘉峪关市,酒钢宾馆,,39,39,190,23,44,71,NA,82,76,28,20,23,42,3.1,1.2
2026-09-06T1200,2885A,104.9344,33.3827,陇南市,滨江中学,,41,41,50,21,33,115,NA,94,93,5,8,10,10,0.4,0.5
2026-09-06T1200,2894A,117.0561,32.6536,淮南市,经济技术开发区消防队,,36,15,25,7,13,113,NA,80,80,11,16,11,11,0.2,0.2
2026-09-06T1200,2897A,123.2429,41.7341,沈阳市,沈辽西路,,34,32,57,8,30,108,NA,50,50,5,34,8,11,0.6,0.8
2026-09-06T1200,2900A,123.5951,41.9085,沈阳市,裕农路,,39,39,47,10,29,111,NA,55,55,11,22,13,13,0.6,1.1
2026-09-06T1200,2902A,106.6347,30.4868,广安市,北辰小学,,39,29,48,16,40,124,NA,68,68,9,15,10,10,0.5,0.6
2026-09-06T1200,2907A,120.1846,30.8592,湖州市,吴兴区站,,32,20,24,10,14,101,NA,71,71,9,17,7,8,0.4,0.6
2026-09-06T1200,2919A,116.7022,39.5454,廊坊市,河北工业大学,,47,26,41,23,27,148,NA,74,74,10,16,2,2,0.4,0.5
2026-09-06T1200,2920A,117.71,24.5048,漳州市,蓝田镇,,32,32,35,21,22,55,NA,32,32,20,17,10,6,0.8,0.5
2026-09-06T1200,2921A,120.5482,30.0003,绍兴市,树下王站,,36,21,18,9,13,115,NA,62,62,8,17,4,4,0.7,0.7
2026-09-06T1200,2922A,117.194,39.1069,天津市,大理道,,35,23,25,13,13,110,NA,73,73,20,19,6,4,0.8,0.6
2026-09-06T1200,2924A,106.2266,38.4417,银川市,水乡路,颗粒物(PM10),62,66,56,26,26,134,NA,85,85,11,16,4,7,0.5,0.6
2026-09-06T1200,2925A,106.2758,38.4841,银川市,上海东路,,42,NA,37,27,26,133,NA,85,85,12,18,8,9,0.5,0.5
2026-09-06T1200,2926A,106.1016,38.4971,银川市,文昌北街,颗粒物(PM10),53,53,59,32,29,135,NA,44,44,14,34,5,7,0.5,0.5
2026-09-06T1200,2929A,114.8858,30.4519,黄冈市,红卫路,,41,24,32,19,23,131,NA,110,110,6,12,10,11,0.3,0.3
2026-09-06T1200,2996A,118.2781,33.9658,宿迁市,市供电局,,35,13,20,4,8,111,NA,84,84,10,16,5,4,0.5,0.5
2026-09-06T1200,2997A,119.8767,32.3291,泰州市,王营,,33,18,17,5,7,103,NA,53,53,2,9,9,9,0.4,0.4
2026-09-06T1200,3000A,119.3577,34.6971,连云港市,德源药业,,34,22,18,7,5,106,NA,89,89,9,10,5,5,0.2,0.2
2026-09-06T1200,3002A,119.9701,31.813,常州市,行政中心,,39,30,25,7,8,122,NA,70,70,13,17,8,7,0.4,0.4
2026-09-06T1200,3003A,120.0434,31.7726,常州市,经开区,,38,17,26,3,7,120,NA,67,67,5,17,5,8,0.4,0.5
2026-09-06T1200,3004A,120.1543,33.3664,盐城市,宝龙广场,,30,14,14,6,7,95,NA,66,66,2,4,9,9,0.8,0.8
2026-09-06T1200,3005A,117.1812,34.29,徐州市,鼓楼区政府,,43,27,32,12,20,137,NA,80,80,5,13,6,7,0.5,0.6
2026-09-06T1200,3006A,117.1693,34.1781,徐州市,铜山区招生办,,45,31,39,10,20,141,NA,86,86,3,11,7,7,0.5,0.5
2026-09-06T1200,3007A,119.178,34.8442,连云港市,新城一中,,36,24,22,5,7,113,NA,76,75,4,8,8,11,0.4,0.5
2026-09-06T1200,3008A,119.3607,34.7519,连云港市,胡沟管理处,,36,5,7,0,1,114,NA,102,102,6,5,10,9,0.4,0.4
2026-09-06T1200,3009A,119.1478,34.5913,连云港市,矿山设计院,,35,9,15,2,4,112,NA,66,66,3,11,2,3,0.2,0.3
2026-09-06T1200,3010A,119.8919,31.7892,常州市,钟楼,,41,41,24,7,10,124,NA,62,62,11,16,10,10,0.1,0.1
2026-09-06T1200,3012A,112.1849,31.0361,荆门市,西山林语,臭氧1小时(O3_1h),69,56,43,31,26,175,NA,141,141,6,9,11,12,0.8,0.9
2026-09-06T1200,3014A,106.4958,29.5347,重庆市,歇台子,,41,16,28,12,18,129,NA,88,88,9,12,8,10,0.5,0.6
2026-09-06T1200,3015A,106.4067,29.5729,重庆市,龙井湾,,42,15,28,6,21,133,NA,91,91,9,12,8,11,0.6,0.7
2026-09-06T1200,3016A,106.5506,29.415,重庆市,龙洲湾,,39,8,25,8,15,124,NA,87,87,7,8,8,9,0.5,0.5
2026-09-06T1200,3018A,111.5048,36.1015,临汾市,唐尧大酒店,臭氧1小时(O3_1h),67,54,69,19,22,173,NA,113,113,9,15,8,8,0.7,0.7
2026-09-06T1200,3020A,117.2096,39.1698,天津市,中山北路,,33,29,37,10,15,104,NA,52,52,16,22,6,6,0.8,0.8
2026-09-06T1200,3021A,115,35.7667,濮阳市,濮水河管理处,臭氧1小时(O3_1h),57,46,53,25,31,165,NA,83,83,7,12,9,7,0.8,0.7
2026-09-06T1200,3025A,113.0479,23.6343,清远市,技师学院,,23,23,20,14,13,48,NA,35,34,3,3,6,6,0.8,0.8
2026-09-06T1200,3026A,116.6179,23.6608,潮州市,市政府,,31,31,24,13,12,63,NA,35,35,7,9,7,6,0.4,0.4
2026-09-06T1200,3028A,104.7765,29.3623,自贡市,檀木林体育馆,,38,28,41,20,35,119,NA,53,53,7,13,9,9,0.6,0.7
2026-09-06T1200,3033A,87.4652,43.4569,乌鲁木齐市,培训基地,,33,9,14,2,8,104,NA,87,87,4,6,4,4,0.3,0.4
2026-09-06T1200,3034A,113.1076,41.0385,乌兰察布市,光明街小学,,45,45,39,14,15,133,NA,56,56,15,34,13,8,0.6,0.5
2026-09-06T1200,3036A,118.6903,37.4337,东营市,开发区管委会,,32,24,24,1,4,102,NA,82,82,7,11,2,2,0.4,0.4
2026-09-06T1200,3038A,103.3757,23.3679,红河哈尼族彝族自治州,州图书馆,,32,23,19,22,15,82,NA,54,54,4,4,8,3,0.4,0.3
2026-09-06T1200,3039A,111.1911,34.7829,三门峡市,三门峡市第一小学,臭氧1小时(O3_1h),85,65,46,28,26,188,NA,148,146,9,11,6,8,0.7,0.6
2026-09-06T1200,3045A,109.9647,33.8486,商洛市,商州区中学,臭氧1小时(O3_1h),85,48,45,28,26,188,NA,87,87,10,19,15,14,0.5,0.5
2026-09-06T1200,3046A,115.9084,28.6062,南昌市,机电学校,,43,34,32,22,20,137,NA,109,109,10,12,9,9,0.6,0.6
2026-09-06T1200,3048A,119.5799,26.0937,福州市,九龙,,39,14,22,12,8,124,NA,58,58,6,9,6,5,0.8,0.6
2026-09-06T1200,3051A,117.385,39.1483,天津市,西四道,,30,20,32,7,14,96,NA,51,51,10,20,3,6,0.3,0.6
2026-09-06T1200,3054A,113.9194,35.2847,新乡市,市委党校,臭氧1小时(O3_1h),84,27,40,13,24,187,NA,134,134,8,14,11,10,0.9,0.9
2026-09-06T1200,3055A,101.7775,36.643,西宁市,城北区政府,,35,29,34,24,23,68,NA,64,62,27,20,6,9,1.1,1
2026-09-06T1200,3057A,121.5989,37.4016,烟台市,牟平检察院,NA,NA,NA,13,NA,4,NA,NA,106,NA,NA,10,NA,5,NA,0.3
2026-09-06T1200,3058A,119.2656,42.0356,赤峰市,银河街,颗粒物(PM10),55,57,52,33,26,160,NA,76,76,15,19,19,14,1.6,1
2026-09-06T1200,3059A,117.7181,36.205,济南市,泰兴公司,臭氧1小时(O3_1h),65,39,35,13,16,172,NA,73,73,11,34,8,6,0.6,0.4
2026-09-06T1200,3061A,119.7511,49.1576,呼伦贝尔市,国华电力东,,20,20,23,8,10,12,NA,31,16,18,8,5,5,0.3,0.2
2026-09-06T1200,3064A,117.6861,36.2172,济南市,莱芜战役纪念馆,臭氧1小时(O3_1h),68,46,34,18,16,174,NA,86,86,13,23,10,5,0.7,0.4
2026-09-06T1200,3065A,101.9534,29.9976,甘孜藏族自治州,州环保局,,25,19,29,7,12,78,NA,21,21,9,20,3,3,0.2,0.2
2026-09-06T1200,3066A,116.2722,37.438,德州市,九衢泉纯净水厂,,40,19,32,6,14,126,NA,81,81,7,13,5,6,0.3,0.4
2026-09-06T1200,3109A,115.0094,25.8614,赣州市,赣县区卫计委,,31,NA,28,19,17,98,NA,51,51,2,11,2,2,0.6,0.6
2026-09-06T1200,3123A,105.9408,26.2431,安顺市,凤凰山,,49,NA,29,34,22,67,NA,65,61,6,7,8,9,0.5,0.5
2026-09-06T1200,3124A,105.9443,26.2567,安顺市,金钟山,细颗粒物(PM2.5),60,NA,30,40,23,71,NA,65,63,6,7,9,9,0.5,0.6
2026-09-06T1200,3125A,105.8983,26.248,安顺市,娄家坡,,35,32,26,24,23,61,NA,62,58,5,7,11,11,0.4,0.4
2026-09-06T1200,3131A,114.878,40.7992,张家口市,烟厂,,43,27,32,15,17,137,NA,80,80,7,14,/,/,/,/
2026-09-06T1200,3132A,119.5979,39.938,秦皇岛市,文明里,,28,21,38,6,13,88,NA,59,59,2,18,8,9,0.2,0.4
2026-09-06T1200,3133A,106.5469,29.5655,重庆市,上清寺,,41,21,30,11,20,131,NA,79,79,15,20,4,5,0.2,0.3
2026-09-06T1200,3134A,113.8172,34.0339,许昌市,市一中,臭氧1小时(O3_1h),88,55,73,33,42,190,NA,99,99,9,17,9,8,0.7,0.8
2026-09-06T1200,3136A,104.2724,30.559,成都市,龙泉驿区区政府,,36,NA,31,23,32,115,NA,86,86,4,9,5,5,0.6,0.6
2026-09-06T1200,3138A,111.7152,29.0288,常德市,武陵区永安,臭氧1小时(O3_1h),57,47,66,26,40,165,NA,103,103,9,15,11,12,0.9,1
2026-09-06T1200,3139A,111.6891,28.9881,常德市,鼎城区玉霞,臭氧1小时(O3_1h),70,43,54,22,35,176,NA,88,88,8,16,14,13,0.9,1
2026-09-06T1200,3140A,111.6651,29.0526,常德市,武陵区长庚,臭氧1小时(O3_1h),59,44,55,22,39,167,NA,100,100,6,12,11,12,0.9,1
2026-09-06T1200,3141A,114.3921,36.0879,安阳市,信访局,臭氧1小时(O3_1h),88,40,51,22,29,190,NA,132,132,10,14,10,7,0.7,0.7
2026-09-06T1200,3147A,114.3434,34.8101,开封市,龙亭公园,NA,NA,50,68,0,33,108,NA,92,92,NA,14,NA,6,NA,0.7
2026-09-06T1200,3148A,103.829,30.0563,眉山市,区人社局,NA,NA,50,66,24,43,138,NA,63,63,NA,32,11,11,0.8,0.9
2026-09-06T1200,3149A,115.0174,30.1591,黄石市,笔架山北路,颗粒物(PM10),62,66,54,30,24,139,NA,64,64,12,13,11,9,0.7,0.6
2026-09-06T1200,3151A,114.375,27.8096,宜春市,宜春学院北校区,细颗粒物(PM2.5),52,50,50,36,29,114,NA,65,65,6,9,3,6,0.7,0.9
2026-09-06T1200,3153A,114.3876,30.4908,武汉市,民族大道182号,臭氧1小时(O3_1h),88,32,39,23,28,190,NA,109,109,12,24,8,13,0.8,1.1
2026-09-06T1200,3164A,119.4682,32.394,扬州市,广陵建设局,,32,23,22,5,7,101,NA,72,72,4,8,7,8,0.2,0.4
2026-09-06T1200,3171A,115.6069,34.4465,商丘市,梁园区档案局,,47,28,53,20,29,149,NA,91,91,7,28,5,6,0.6,0.7
2026-09-06T1200,3173A,117.0598,30.5351,安庆市,市人大,,41,35,28,13,16,129,NA,92,92,9,11,8,7,0.6,0.6
2026-09-06T1200,3178A,119.0587,36.7209,潍坊市,潍坊七中,,33,19,25,0,6,103,NA,68,68,6,11,4,4,0.3,0.4
2026-09-06T1200,3179A,102.7491,25.012,昆明市,官渡区博物馆,,25,24,22,10,13,78,NA,41,41,15,19,4,4,0.5,0.5
2026-09-06T1200,3180A,99.7122,27.8129,迪庆藏族自治州,质量技术监督局,,18,17,15,2,10,56,NA,63,58,9,8,6,6,0.4,0.3
2026-09-06T1200,3181A,106.776805,31.852614,巴中市,市五中,,48,48,58,28,50,128,NA,59,59,10,14,13,13,0.8,0.9
2026-09-06T1200,3183A,106.7419,31.8654,巴中市,圣泉水务公司,,45,43,48,25,42,143,NA,73,73,8,12,14,12,0.7,0.7
2026-09-06T1200,3187A,116.9508,33.666,宿州市,远航博物馆,,40,22,35,12,22,128,NA,87,87,4,10,8,7,0.5,0.5
2026-09-06T1200,3188A,115.6684,37.7216,衡水市,市城管局,,46,44,54,10,23,146,NA,77,77,18,22,22,12,0.4,0.5
2026-09-06T1200,3190A,116.0254,29.6995,九江市,外国语学校,,46,29,35,16,22,146,NA,104,104,9,11,6,5,0.2,0.2
2026-09-06T1200,3191A,118.3243,33.95,宿迁市,宿豫区政府,,35,16,20,4,9,111,NA,85,85,9,13,5,6,0.4,0.4
2026-09-06T1200,3192A,80.0906,32.5029,阿里地区,阿里藏医院,,40,5,6,2,3,126,NA,111,111,3,3,4,4,0.2,0.2
2026-09-06T1200,3194A,112.2749,30.3124,荆州市,管委会,,48,32,44,20,32,153,NA,97,97,7,26,10,11,0.4,0.5
2026-09-06T1200,3195A,119.3649,32.3961,扬州市,市体育局,,32,19,21,4,7,102,NA,75,75,1,5,7,8,0.3,0.3
2026-09-06T1200,3200A,115.9772,36.4986,聊城市,监控中心,臭氧1小时(O3_1h),98,61,46,29,25,198,NA,78,78,13,22,12,9,0.7,0.5
2026-09-06T1200,3206A,114.9148,27.8069,新余市,新钢沁园村,,40,32,32,22,22,125,NA,95,95,7,11,10,8,0.4,0.5
2026-09-06T1200,3207A,118.31131,32.3033,滁州市,市政府原办公楼,,33,24,22,16,19,105,NA,73,73,2,7,7,7,0.3,0.3
2026-09-06T1200,3208A,112.7279,38.4157,忻州市,市政府,,39,39,30,24,14,113,NA,70,70,17,20,8,6,0.6,0.5
2026-09-06T1200,3209A,119.5231,26.6562,宁德市,宁德一中,,40,21,20,12,14,127,NA,68,68,5,5,4,4,0.3,0.4
2026-09-06T1200,3210A,114.3645,34.7955,开封市,汴京公园,臭氧1小时(O3_1h),85,66,74,29,36,188,NA,116,116,6,13,11,8,0.4,0.5
2026-09-06T1200,3216A,117.662,24.5187,漳州市,漳州党校,,28,28,32,18,20,64,NA,38,38,12,11,/,/,/,/
2026-09-06T1200,3237A,117.4918,30.6617,池州市,展览馆,,40,31,32,18,18,128,NA,63,63,8,13,7,5,0.5,0.5
2026-09-06T1200,3241A,103.7439,36.0841,兰州市,百合公园,,43,39,38,30,26,67,NA,93,72,22,14,4,5,0.6,0.4
2026-09-06T1200,3242A,103.9613,35.9985,兰州市,和平,,49,46,36,34,22,66,NA,77,66,20,6,10,10,0.8,0.6
2026-09-06T1200,3247A,104.9551,33.3709,陇南市,市总工会,,35,31,39,21,28,112,NA,102,94,4,6,9,9,0.5,0.6
2026-09-06T1200,3248A,98.2644,39.7723,嘉峪关市,雄关区,,37,37,138,11,39,74,NA,80,73,22,15,5,27,1.6,0.7
2026-09-06T1200,3265A,121.4242,31.3303,上海市,宝山庙行,,31,19,25,11,10,99,NA,78,78,7,13,7,7,0.4,0.4
2026-09-06T1200,3266A,121.8789,31.4662,上海市,崇明上实东滩,,33,10,16,6,8,104,NA,96,96,10,6,8,8,0.4,0.3
2026-09-06T1200,3268A,121.316,31.2839,上海市,嘉定南翔,,35,17,20,10,11,110,NA,74,74,4,13,8,8,0.4,0.5
2026-09-06T1200,3269A,121.3357,30.7455,上海市,金山新城,,38,24,26,14,14,119,NA,63,63,10,17,5,6,0.7,0.7
2026-09-06T1200,3270A,121.4996,31.0741,上海市,闵行浦江,,35,21,22,9,10,111,NA,85,85,8,12,7,7,0.6,0.6
2026-09-06T1200,3271A,121.2886,31.1663,上海市,青浦徐泾,,38,18,24,11,12,121,NA,70,70,2,9,7,7,0.5,0.5
2026-09-06T1200,3272A,121.2193,31.0382,上海市,松江图书馆,,36,30,28,13,14,114,NA,67,67,25,22,7,7,0.5,0.5
2026-09-06T1200,3273A,121.3904,31.206,上海市,长宁仙霞,,34,22,20,10,11,108,NA,80,80,8,10,7,5,0.4,0.2
2026-09-06T1200,3274A,121.7964,31.0507,上海市,浦东惠南,,34,18,23,8,9,107,NA,96,96,2,6,9,10,0.7,0.7
2026-09-06T1200,3282A,113.3399,40.0586,大同市,大同市卫生学校,,34,29,36,4,10,106,NA,54,54,14,22,10,10,0.4,0.3
2026-09-06T1200,3283A,109.9154,40.5684,包头市,滨河大厦,,46,42,38,32,27,130,NA,77,77,19,21,14,11,0.6,0.5
2026-09-06T1200,3284A,106.8129,39.7274,乌海市,海北新区,颗粒物(PM10),65,70,54,29,17,82,NA,80,73,33,15,18,11,0.9,0.6
2026-09-06T1200,3285A,113.1383,40.9513,乌兰察布市,北京八中,,49,41,44,9,11,156,NA,50,50,7,29,15,11,0.4,0.4
2026-09-06T1200,3286A,118.9359,42.3146,赤峰市,桥北物流园区,,45,19,27,4,13,141,NA,72,72,8,22,4,10,0.5,0.5
2026-09-06T1200,3287A,119.3842,32.198,镇江市,富润路1号,,33,19,21,11,13,105,NA,55,55,13,19,6,7,0.3,0.2
2026-09-06T1200,3288A,117.4619,34.4368,徐州市,大泉街道,,41,26,43,11,23,129,NA,72,72,6,15,3,4,0.5,0.6
2026-09-06T1200,3289A,120.7431,31.3188,苏州市,方洲路,,38,23,25,10,11,119,NA,69,69,7,14,9,8,0.7,0.6
2026-09-06T1200,3290A,120.4979,31.2777,苏州市,木渎中学,,39,22,22,10,10,123,NA,70,70,10,16,6,6,0.3,0.4
2026-09-06T1200,3291A,121.0631,32.0644,南通市,通州监测站,,28,12,17,1,6,87,NA,63,63,3,5,1,1,0.5,0.5
2026-09-06T1200,3293A,120.1518,33.3369,盐城市,月亮广场,,31,14,16,7,8,99,NA,75,75,2,5,9,10,0.2,0.3
2026-09-06T1200,3294A,119.565282,32.422263,扬州市,引江管理处,,29,17,19,8,9,90,NA,66,66,2,6,3,4,0.5,0.5
2026-09-06T1200,3295A,120.1226,32.515,泰州市,姜堰区政府广场,,34,16,24,5,14,108,NA,71,71,1,6,6,8,0.5,0.5
2026-09-06T1200,3298A,113.5718,23.5493,广州市,从化街口,,18,14,18,9,12,55,NA,33,33,3,7,6,6,0.4,0.4
2026-09-06T1200,3299A,113.3463,23.369,广州市,白云竹料,,20,9,21,8,16,64,NA,38,37,7,11,4,4,0.5,0.6
2026-09-06T1200,3300A,113.2981,23.2365,广州市,白云嘉禾,,20,11,27,8,17,64,NA,42,32,9,19,11,10,/,/
2026-09-06T1200,3301A,113.4256,23.1716,广州市,黄埔科学城,,17,NA,22,5,19,52,NA,37,34,7,16,5,5,0.6,0.7
2026-09-06T1200,3302A,113.3942,23.0485,广州市,番禺大学城,,24,24,35,12,22,27,NA,NA,NA,25,24,7,8,0.5,0.6
2026-09-06T1200,3303A,113.4923,22.8169,广州市,南沙黄阁,,25,16,28,15,20,77,NA,80,75,22,17,8,8,/,/
2026-09-06T1200,3304A,113.534,22.7893,广州市,南沙街,,26,14,28,12,16,83,NA,80,79,19,15,6,6,0.7,0.7
2026-09-06T1200,3305A,114.0614,22.556,深圳市,莲花,,21,12,22,8,15,66,NA,72,72,11,10,/,/,/,/
2026-09-06T1200,3306A,114.0144,22.6163,深圳市,民治,,25,NA,24,5,15,77,NA,66,66,7,25,/,/,/,/
2026-09-06T1200,3307A,114.1756,22.6421,深圳市,横岗,,25,11,17,8,13,79,NA,78,78,20,23,/,/,/,/
2026-09-06T1200,3308A,113.3493,22.0572,珠海市,金湾,,44,44,23,29,18,122,NA,87,87,10,8,/,/,0.2,0.2
2026-09-06T1200,3311A,113.1077,22.5647,江门市,江海富民,,39,39,58,21,26,54,NA,94,72,22,16,/,/,0.4,0.5
2026-09-06T1200,3313A,112.4572,23.0163,肇庆市,高要湖西,,15,11,32,5,16,45,NA,54,48,14,17,5,5,0.1,0.5
2026-09-06T1200,3314A,114.4334,22.8134,惠州市,惠阳秋长,,38,24,20,8,11,120,NA,59,59,9,12,/,/,/,/
2026-09-06T1200,3315A,116.1234,24.2994,梅州市,梅龙,,25,14,16,6,14,78,NA,31,31,5,9,6,6,0.5,0.6
2026-09-06T1200,3317A,111.9785,21.8954,阳江市,两阳中学,,38,24,18,14,17,119,NA,62,62,7,13,/,/,0.6,0.7
2026-09-06T1200,3318A,112.9898,23.7403,清远市,清新太和,,18,13,17,8,11,56,NA,44,42,2,4,9,9,0.5,0.5
2026-09-06T1200,3319A,113.7283,23.041,东莞市,万江金泰,,24,NA,29,6,24,74,NA,67,54,15,16,5,7,0.7,0.7
2026-09-06T1200,3320A,116.4028,23.5699,揭阳市,曲溪,,41,41,27,10,14,86,NA,30,30,9,16,8,7,0.6,0.6
2026-09-06T1200,3323A,115.2772,40.9723,张家口市,青少年活动中心,,40,11,15,2,9,126,NA,72,72,2,5,3,3,0.3,0.3
2026-09-06T1200,3324A,116.8011,38.294,沧州市,河北水利电力学院,,42,29,34,18,20,132,NA,86,86,8,12,9,7,0.5,0.4
2026-09-06T1200,3325A,117.0362,39.3827,天津市,雍阳西道,,35,21,45,6,17,111,NA,54,54,6,24,9,9,0.6,0.7
2026-09-06T1200,3326A,117.0291,39.0612,天津市,辛老路,,39,17,28,7,14,124,NA,74,74,12,23,9,7,0.4,0.4
2026-09-06T1200,3327A,116.9638,38.9374,天津市,地纬路,,43,17,33,8,20,137,NA,88,88,11,19,7,9,0.5,0.6
2026-09-06T1200,3328A,118.4209,31.3704,芜湖市,市气象局,,36,31,28,15,17,114,NA,75,75,16,14,12,9,0.8,0.7
2026-09-06T1200,3329A,117.011,32.5891,淮南市,山南新区,,36,26,31,6,11,114,NA,87,87,9,16,5,6,0.0,0.2
2026-09-06T1200,3331A,118.3268,32.2633,滁州市,图书馆,,30,25,18,8,11,96,NA,70,70,8,12,7,7,0.3,0.3
2026-09-06T1200,3332A,115.7631,33.803,亳州市,亳州学院,,45,24,35,6,18,142,NA,94,94,7,11,4,5,0.5,0.6
2026-09-06T1200,3333A,117.5626,30.695,池州市,第八中学,,40,32,35,14,18,128,NA,62,62,11,16,7,6,0.5,0.4
2026-09-06T1200,3334A,117.5037,30.6242,池州市,第十二中学,,41,34,34,17,18,130,NA,72,72,10,16,4,4,0.7,0.7
2026-09-06T1200,3335A,113.3137,35.2643,焦作市,马村街道办,臭氧1小时(O3_1h),83,43,46,24,28,186,NA,118,118,9,13,6,5,0.5,0.5
2026-09-06T1200,3336A,113.2464,35.2374,焦作市,焦作技师学院,臭氧1小时(O3_1h),90,53,44,32,25,192,NA,140,140,5,7,14,8,0.3,0.2
2026-09-06T1200,3337A,113.8611,34.0443,许昌市,许昌学院,臭氧1小时(O3_1h),90,45,77,23,41,192,NA,116,116,10,20,9,11,0.5,0.6
2026-09-06T1200,3338A,113.8428,34.0825,许昌市,芙蓉广场,臭氧1小时(O3_1h),89,38,75,36,42,191,NA,105,105,8,23,8,9,0.7,0.8
2026-09-06T1200,3339A,114.0002,33.0404,驻马店市,小管楼,臭氧1小时(O3_1h),74,56,66,31,40,179,NA,98,98,10,20,4,4,0.3,0.3
2026-09-06T1200,3340A,112.6005,34.6323,洛阳市,伊滨,臭氧1小时(O3_1h),65,59,66,40,43,172,NA,77,77,12,16,8,8,0.6,0.7
2026-09-06T1200,3341A,112.495,34.6338,洛阳市,中移产业园,臭氧1小时(O3_1h),89,67,71,36,47,191,NA,90,90,8,19,14,12,0.2,0.3
2026-09-06T1200,3342A,128.7948,47.7291,伊春市,中心小学,,26,NA,17,11,10,81,NA,29,29,3,6,1,1,0.6,0.6
2026-09-06T1200,3343A,128.6736,47.729,伊春市,检察院,,28,13,19,4,8,88,NA,31,31,2,5,3,3,0.3,0.3
2026-09-06T1200,3345A,131.0413,45.7795,七台河市,中波台,,22,12,16,8,9,68,NA,34,34,2,10,3,4,0.3,0.4
2026-09-06T1200,3346A,108.3871,31.1627,重庆市,安康,细颗粒物(PM2.5),100,NA,45,60,37,48,NA,40,33,16,14,8,8,0.7,0.6
2026-09-06T1200,3347A,105.8983,29.36,重庆市,北山路,,28,13,25,9,22,88,NA,59,59,4,12,9,9,0.6,0.7
2026-09-06T1200,3350A,106.648859,29.023807,重庆市,滩子口,,36,32,32,12,20,114,NA,86,86,4,8,8,12,0.3,0.3
2026-09-06T1200,3351A,105.7164,29.7077,重庆市,棠香,,30,NA,44,19,39,94,NA,58,58,7,15,7,6,0.3,0.5
2026-09-06T1200,3352A,107.0733,29.8618,重庆市,桃源西路,,46,34,39,22,28,145,NA,71,71,9,16,12,23,0.5,0.4
2026-09-06T1200,3353A,107.3536,29.7283,重庆市,迎宾大道,,45,NA,21,22,17,141,NA,57,57,9,22,4,6,0.4,0.4
2026-09-06T1200,3354A,108.8152,29.5079,重庆市,舟白,,41,24,29,22,21,130,NA,73,73,3,4,7,7,0.4,0.4
2026-09-06T1200,3355A,108.3679,30.8429,重庆市,周家坝,,42,NA,44,29,34,94,NA,54,54,10,14,7,8,0.6,0.6
2026-09-06T1200,3356A,108.4323,30.7554,重庆市,百安坝,,32,NA,39,21,28,100,NA,69,69,8,9,16,15,0.4,0.4
2026-09-06T1200,3357A,104.0028,30.6891,成都市,金博路,,43,27,59,27,51,137,NA,66,66,9,24,3,3,0.8,1
2026-09-06T1200,3359A,104.056,30.5228,成都市,华阳,颗粒物(PM10),51,51,55,29,46,147,NA,79,79,9,15,3,3,0.7,0.8
2026-09-06T1200,3360A,104.7894,29.3197,自贡市,南湖救助站,,48,42,50,33,39,118,NA,54,54,7,20,8,8,0.8,0.9
2026-09-06T1200,3361A,103.7313,29.563,乐山市,理工大学,颗粒物(PM10),59,62,53,34,40,162,NA,58,58,12,14,11,8,1.1,1.1
2026-09-06T1200,3363A,117.9883,36.8372,淄博市,新区,,50,41,41,16,21,160,NA,60,60,17,28,7,7,0.5,0.6
2026-09-06T1200,3364A,117.316,34.8106,枣庄市,市环保局,,40,32,38,8,16,128,NA,80,80,7,11,4,8,0.5,0.4
2026-09-06T1200,3365A,118.5721,37.5654,东营市,垦利区民丰路,NA,NA,14,20,0,6,99,NA,78,78,NA,13,3,3,0.5,0.6
2026-09-06T1200,3366A,121.5202,37.4336,烟台市,中国农业大学,,31,12,19,0,5,99,NA,51,51,3,15,7,8,0.2,0.2
2026-09-06T1200,3368A,119.1978,36.6871,潍坊市,高新实验学校,,34,22,26,1,8,107,NA,65,65,5,10,6,6,0.4,0.5
2026-09-06T1200,3370A,118.3563,35.0215,临沂市,十里堡居委,,38,24,17,6,8,121,NA,76,76,12,15,10,10,0.6,0.6
2026-09-06T1200,3371A,116.3693,37.44,德州市,开发区人民医院,,42,22,36,5,18,132,NA,77,77,7,18,7,10,0.5,0.5
2026-09-06T1200,3374A,115.5562,35.089,菏泽市,定陶老年大学,臭氧1小时(O3_1h),85,58,54,27,30,188,NA,88,88,10,20,6,5,0.4,0.4
2026-09-06T1200,3375A,102.8016,24.8336,昆明市,青年创业园,,31,24,21,15,13,97,NA,49,49,8,13,6,4,0.6,0.5
2026-09-06T1200,3376A,103.7926,25.4651,曲靖市,南苑二区,,30,17,18,14,12,93,NA,41,41,3,5,4,4,0.5,0.5
2026-09-06T1200,3377A,103.7442,25.5259,曲靖市,曲靖师范学院,NA,NA,NA,19,NA,10,NA,NA,17,NA,NA,15,NA,4,NA,0.4
2026-09-06T1200,3379A,122.1122,40.2275,营口市,鲅鱼圈市民活动中心,,29,16,26,7,10,90,NA,62,62,4,10,10,10,0.5,0.6
2026-09-06T1200,3380A,102.8915,34.9618,甘南藏族自治州,甘肃民族师范学院,,38,37,45,26,22,90,NA,32,32,8,22,6,6,0.5,0.4
2026-09-06T1200,3396A,112.0764,32.0089,襄阳市,襄城隆中路,臭氧1小时(O3_1h),62,54,48,28,24,169,NA,100,100,10,14,10,11,0.6,0.5
2026-09-06T1200,3397A,112.1154,32.103,襄阳市,高新台子湾,臭氧1小时(O3_1h),89,55,68,36,34,191,NA,95,95,10,29,10,10,0.7,0.6
2026-09-06T1200,3398A,114.9134,30.4446,黄冈市,市林业局,,40,23,31,8,18,126,NA,108,108,2,7,10,10,0.2,0.3
2026-09-06T1200,3399A,112.6703,26.8817,衡阳市,师范学院,颗粒物(PM10),61,65,41,21,24,125,NA,52,52,11,16,11,7,1.4,1.1
2026-09-06T1200,3400A,109.1844,21.4396,北海市,龙潭自来水厂,,28,24,19,14,13,89,NA,52,52,4,5,2,3,0.4,0.3
2026-09-06T1200,3401A,108.4829,22.762,南宁市,红星社区,,23,NA,17,5,9,72,NA,41,41,4,15,7,8,0.6,0.7
2026-09-06T1200,3402A,109.5422,24.3994,柳州市,市二中,,29,27,15,20,10,80,NA,69,69,10,8,8,8,0.6,0.5
2026-09-06T1200,3404A,108.5959,21.9634,钦州市,北职校,,23,19,16,3,6,72,NA,49,49,4,7,7,7,0.6,0.6
2026-09-06T1200,3405A,109.5886,23.1172,贵港市,新世纪学校,,22,14,15,9,8,69,NA,52,52,6,7,/,/,0.5,0.5
2026-09-06T1200,3407A,120.6915,30.7741,嘉兴市,秀洲住建,,44,26,25,11,10,140,NA,77,77,7,15,6,6,0.4,0.4
2026-09-06T1200,3408A,120.5685,29.936,绍兴市,绍兴中专,,40,23,25,14,12,127,NA,66,66,6,14,6,5,0.7,0.6
2026-09-06T1200,3409A,120.4905,30.086,绍兴市,柯桥区政府,,40,24,24,12,13,125,NA,78,78,7,17,6,7,0.4,0.5
2026-09-06T1200,3410A,120.8751,30.0249,绍兴市,重华小学,,36,16,25,9,13,115,NA,63,63,6,16,5,4,0.7,0.9
2026-09-06T1200,3411A,120.837,30.0137,绍兴市,上虞中学,,36,21,28,11,15,113,NA,54,54,10,23,5,4,0.6,0.6
2026-09-06T1200,3416A,119.1758,36.7139,潍坊市,潍坊学院,,33,19,26,2,6,105,NA,67,67,6,14,5,6,0.3,0.4
2026-09-06T1200,3418A,116.8336,40.4095,北京市,密云新城,,43,28,37,15,19,135,NA,75,75,4,6,5,3,0.6,0.6
2026-09-06T1200,3419A,109.9449,40.6259,包头市,包头市委党校,,47,40,39,32,26,150,NA,90,90,22,27,14,19,0.7,0.8
2026-09-06T1200,3421A,113.1776,40.9779,乌兰察布市,市委党校,,49,33,44,19,18,155,NA,65,65,8,28,8,13,0.4,0.5
2026-09-06T1200,3422A,118.8443,31.919,南京市,江宁彩虹桥,,39,25,23,5,5,122,NA,89,89,7,11,4,5,0.4,0.4
2026-09-06T1200,3425A,120.642,31.1733,苏州市,越秀幼儿园,,37,33,25,4,11,116,NA,68,68,9,18,5,5,0.7,0.7
2026-09-06T1200,3426A,118.8757,33.2897,淮安市,新华书店,,38,20,25,6,9,121,NA,80,80,4,11,9,11,0.7,0.8
2026-09-06T1200,3427A,118.8497,32.3599,南京市,六合雄州,,29,16,24,0,7,92,NA,59,59,4,12,4,4,0.6,0.7
2026-09-06T1200,3429A,119.8595,31.706,常州市,武进经发区,,39,31,29,15,14,124,NA,66,66,8,15,8,7,0.5,0.5
2026-09-06T1200,3430A,119.5812,31.7256,常州市,金坛城区,,37,35,23,13,13,118,NA,77,77,7,12,8,8,0.4,0.4
2026-09-06T1200,3431A,120.6502,31.4117,苏州市,高铁新城,,37,30,27,11,13,117,NA,67,67,13,18,8,8,0.7,0.7
2026-09-06T1200,3432A,120.9348,31.9874,南通市,环境教育馆,,30,12,20,1,4,96,NA,70,70,2,6,5,6,0.4,0.4
2026-09-06T1200,3434A,119.2414,34.6539,连云港市,工贸学校,,36,16,14,6,6,114,NA,92,92,5,5,7,6,0.5,0.5
2026-09-06T1200,3435A,119.9186,32.4322,泰州市,周山河街区,,32,15,18,8,9,100,NA,70,70,3,6,10,11,0.4,0.4
2026-09-06T1200,3436A,120.4283,33.2048,盐城市,大丰高级中学,,34,12,14,3,7,108,NA,74,74,2,6,8,8,0.2,0.2
2026-09-06T1200,3437A,88.3088,43.3637,乌鲁木齐市,达坂城区环保局,,29,19,26,2,6,90,NA,78,68,4,6,2,8,0.2,0.2
2026-09-06T1200,3438A,87.6132,43.8791,乌鲁木齐市,红光山片区,,41,41,29,16,11,34,NA,50,29,46,25,5,3,0.4,0.2
2026-09-06T1200,3439A,87.7008,43.8003,乌鲁木齐市,新师大温泉校区,,50,50,34,2,10,48,NA,52,48,34,16,12,10,0.5,0.3
2026-09-06T1200,3440A,87.4892,43.84,乌鲁木齐市,大绿谷,,40,40,37,9,10,22,NA,30,28,29,31,2,2,0.6,0.4
2026-09-06T1200,3441A,87.5461,44.1909,五家渠市,经开区管委会,颗粒物(PM10),54,55,31,10,7,31,NA,49,30,19,12,5,3,0.5,0.4
2026-09-06T1200,3442A,86.047,44.2331,石河子市,南区管委会,,27,26,27,0,3,85,NA,78,78,7,11,4,4,0.3,0.3
2026-09-06T1200,3443A,113.2905,23.5541,广州市,花都梯面,,20,20,19,12,13,56,NA,31,31,4,8,7,6,/,/
2026-09-06T1200,3444A,116.4539,23.2684,汕头市,潮南峡山,,30,15,35,10,22,95,NA,45,45,8,14,8,8,0.6,0.7
2026-09-06T1200,3445A,113.786,23.7479,广州市,从化良口,,15,13,14,8,8,48,NA,34,34,4,8,6,6,/,/
2026-09-06T1200,3446A,113.805,23.2614,广州市,增城荔城,,19,4,24,3,19,59,NA,54,40,7,11,8,9,0.6,0.7
2026-09-06T1200,3447A,114.344,22.7115,深圳市,坪山,,29,13,20,9,12,92,NA,61,61,11,16,4,4,0.6,0.6
2026-09-06T1200,3448A,113.5436,22.1163,珠海市,横琴,,31,24,23,17,16,98,NA,88,88,14,9,/,/,/,/
2026-09-06T1200,3449A,113.0496,22.4669,江门市,新会银湖,,38,32,32,26,25,79,NA,69,69,23,19,4,3,0.8,0.8
2026-09-06T1200,3450A,111.0101,21.5165,茂名市,电白水东,,32,14,27,10,28,101,NA,59,59,6,10,6,12,/,/
2026-09-06T1200,3451A,112.5617,23.2082,肇庆市,鼎湖凤凰,,14,4,17,2,12,44,NA,40,40,6,12,8,8,/,/
2026-09-06T1200,3452A,114.6521,22.7755,惠州市,大亚湾霞涌,,24,NA,14,7,6,76,NA,65,65,4,7,/,/,/,/
2026-09-06T1200,3453A,112.0125,21.8749,阳江市,阳东陶然,,36,25,22,16,19,115,NA,76,76,7,9,5,5,0.5,0.6
2026-09-06T1200,3454A,113.3527,22.4781,中山市,中山南区,,25,12,21,12,19,78,NA,80,76,14,11,6,6,0.6,0.5
2026-09-06T1200,3455A,113.076,23.72,清远市,清城东城,,18,17,16,10,10,56,NA,40,40,8,9,/,/,/,/
2026-09-06T1200,3456A,114.2887,38.0905,石家庄市,鹿泉一中,臭氧1小时(O3_1h),63,57,55,16,20,170,NA,96,96,7,9,7,4,0.5,0.5
2026-09-06T1200,3457A,118.4357,39.277,唐山市,冀东油田职工医院,,33,NA,33,16,22,103,NA,66,66,3,15,1,3,0.2,0.3
2026-09-06T1200,3458A,114.7893,36.5592,邯郸市,香泉濮院小区,臭氧1小时(O3_1h),52,27,57,24,35,161,NA,92,92,9,22,4,5,0.3,0.3
2026-09-06T1200,3459A,115.599,37.5491,衡水市,地表水厂,颗粒物(PM10),59,62,55,12,20,146,NA,64,64,6,23,4,4,0.5,0.5
2026-09-06T1200,3460A,117.4065,40.0583,天津市,北环路,,36,36,46,18,25,115,NA,87,87,8,10,9,8,0.5,0.6
2026-09-06T1200,3461A,117.3041,39.7167,天津市,建设路,,34,21,41,10,20,108,NA,54,54,3,17,1,3,0.5,0.7
2026-09-06T1200,3462A,117.8201,39.3519,天津市,滨水东路,,30,18,39,7,17,93,NA,46,46,12,21,18,10,0.7,0.6
2026-09-06T1200,3463A,116.9708,33.5911,宿州市,社会福利中心,,40,22,34,8,21,126,NA,93,93,8,14,8,8,0.6,0.6
2026-09-06T1200,3464A,117.3802,31.9148,合肥市,高教基地,,32,14,21,3,8,101,NA,73,73,4,10,7,8,0.4,0.4
2026-09-06T1200,3465A,118.4783,31.3226,芜湖市,清苑社区,,40,17,28,12,15,128,NA,72,72,21,23,8,6,0.6,0.6
2026-09-06T1200,3466A,118.2746,31.2326,芜湖市,扬子职业技术学院,,41,35,27,14,14,130,NA,79,79,19,17,12,7,1.0,0.5
2026-09-06T1200,3468A,115.79,32.8614,阜阳市,市规划展馆,,40,32,35,7,19,128,NA,90,90,5,13,4,4,0.4,0.4
2026-09-06T1200,3469A,115.835101,32.918568,阜阳市,枣园社区,,39,26,42,5,25,123,NA,71,71,7,27,5,6,0.4,0.5
2026-09-06T1200,3471A,113.6104,34.8688,郑州市,惠济区政府,臭氧1小时(O3_1h),94,74,68,38,41,195,NA,95,95,11,27,6,5,0.5,0.5
2026-09-06T1200,3473A,114.2485,34.8306,开封市,技师学院,颗粒物(PM10),101,122,68,25,34,179,NA,105,105,6,17,8,7,0.7,0.8
2026-09-06T1200,3474A,114.2616,35.6824,鹤壁市,大新区,NA,NA,NA,NA,NA,NA,NA,NA,NA,NA,NA,NA,NA,NA,NA,NA
2026-09-06T1200,3475A,113.9189,35.3042,新乡市,市政府,臭氧1小时(O3_1h),68,48,56,23,29,174,NA,119,119,9,17,10,9,0.6,0.6
2026-09-06T1200,3477A,113.1656,35.2536,焦作市,中站许衡医院,臭氧1小时(O3_1h),95,48,51,19,22,196,NA,146,146,6,9,8,8,0.4,0.4
2026-09-06T1200,3478A,113.9691,33.568,漯河市,市图书馆,臭氧1小时(O3_1h),55,52,76,30,45,164,NA,86,86,11,24,9,10,0.6,0.7
2026-09-06T1200,3481A,125.127,46.6277,大庆市,萨区政府监测点,NA,NA,24,24,15,11,124,NA,77,77,4,6,9,8,NA,0.4
2026-09-06T1200,3482A,107.754,29.3275,重庆市,芙蓉中路,,41,23,26,18,18,131,NA,67,67,5,12,10,10,0.4,0.4
2026-09-06T1200,3484A,106.2629,29.3202,重庆市,行政中心,,31,27,34,10,17,97,NA,65,65,5,9,10,11,0.0,0.1
2026-09-06T1200,3486A,124.4029,43.1411,四平市,植物园,,44,44,20,14,13,126,NA,79,79,9,18,11,5,0.5,0.3
2026-09-06T1200,3488A,104.387954,30.746684,成都市,青白江技师分院,颗粒物(PM10),62,66,69,22,37,115,NA,71,71,3,18,6,6,0.7,0.8
2026-09-06T1200,3489A,104.0788,30.4054,成都市,科学城,,45,NA,43,31,44,132,NA,70,70,6,12,8,8,1.0,1.1
2026-09-06T1200,3491A,104.6899,31.5324,绵阳市,西科大附属小学,细颗粒物(PM2.5),80,68,85,50,58,171,NA,90,90,16,26,12,10,0.7,0.7
2026-09-06T1200,3492A,104.5647,31.5343,绵阳市,安州区旅游局,细颗粒物(PM2.5),88,85,82,54,61,171,NA,88,88,16,16,9,8,0.5,0.5
2026-09-06T1200,3494A,117.1673,36.9782,济南市,济阳区政府,,50,46,42,18,18,159,NA,82,82,12,16,12,11,0.5,0.5
2026-09-06T1200,3495A,117.1168,36.6299,济南市,锦屏中学,臭氧1小时(O3_1h),72,66,40,27,22,177,NA,100,100,22,16,8,6,0.6,0.6
2026-09-06T1200,3496A,118.359,35.1067,临沂市,南坊新区,,40,36,28,14,12,127,NA,75,75,15,19,11,10,0.6,0.6
2026-09-06T1200,3498A,118.5063,37.8606,东营市,河口城区,,29,17,21,1,6,92,NA,74,74,2,6,2,2,0.6,0.6
2026-09-06T1200,3500A,116.5808,35.3703,济宁市,北湖一中,,45,30,42,10,19,143,NA,92,92,5,11,2,4,0.3,0.4
2026-09-06T1200,3501A,116.8251,35.5592,济宁市,服务中心,,46,31,46,8,19,146,NA,86,86,4,14,4,4,0.6,0.7
2026-09-06T1200,3502A,117.1812,36.2273,泰安市,国网新校,,49,34,34,20,26,155,NA,99,99,6,9,8,8,0.6,0.6
2026-09-06T1200,3503A,117.0315,36.2017,泰安市,交通技校,臭氧1小时(O3_1h),60,39,37,18,21,168,NA,111,111,14,14,8,8,0.4,0.4
2026-09-06T1200,3504A,117.083,36.13,泰安市,山东第一医科大学,臭氧1小时(O3_1h),62,48,54,16,33,169,NA,90,90,10,20,9,9,0.4,0.6
2026-09-06T1200,3505A,122.1379,37.3414,威海市,临港区管委会,,26,9,9,2,2,83,NA,65,65,5,7,6,6,0.3,0.3
2026-09-06T1200,3507A,119.5326,35.4627,日照市,职业技术学院,,40,17,12,4,3,126,NA,90,90,7,7,10,9,0.4,0.3
2026-09-06T1200,3511A,116.5687,37.3331,德州市,陵城艺术中心,,40,31,31,5,14,128,NA,70,70,5,9,10,10,0.5,0.5
2026-09-06T1200,3513A,116.0443,36.436,聊城市,九州社区,臭氧1小时(O3_1h),82,58,60,27,26,185,NA,91,91,5,22,17,14,0.5,0.6
2026-09-06T1200,3514A,117.9379,37.3959,滨州市,中海酒店,,47,34,28,12,13,149,NA,65,65,13,24,8,6,0.4,0.4
2026-09-06T1200,3515A,117.9381509,37.35547456,滨州市,开发区一中,,43,31,32,8,13,137,NA,68,68,4,11,6,5,0.3,0.3
2026-09-06T1200,3516A,118.0914,37.6938,滨州市,金海六路,,43,29,29,7,15,137,NA,69,69,7,14,5,3,0.1,0.2
2026-09-06T1200,3520A,106.3495,38.9837,石嘴山市,妇女儿童医院,,48,48,38,31,23,129,NA,80,80,12,15,13,12,0.6,0.7
2026-09-06T1200,3521A,106.7495,39.2068,石嘴山市,石大公路,,46,46,38,24,17,123,NA,73,73,12,13,9,6,0.6,0.4
2026-09-06T1200,3523A,106.5105,38.3857,银川市,滨河新区,,41,39,41,28,24,129,NA,98,98,12,15,9,15,0.5,0.5
2026-09-06T1200,3525A,108.6394,34.408,咸阳市,奥体中心,臭氧1小时(O3_1h),64,65,56,35,32,171,NA,135,135,8,11,7,6,0.6,0.5
2026-09-06T1200,3526A,119.5188,25.9666,福州市,吴航,,38,17,21,10,11,120,NA,55,55,10,13,7,6,0.6,0.6
2026-09-06T1200,3527A,118.0961,24.5689,厦门市,集美中学,,34,8,25,5,17,107,NA,75,75,5,13,1,2,0.3,0.3
2026-09-06T1200,3528A,118.1502,24.7246,厦门市,同安二实小,,29,NA,19,11,18,91,NA,64,64,9,10,2,2,0.6,0.7
2026-09-06T1200,3530A,117.6288,24.5309,漳州市,西洋坪路,,31,31,28,15,18,57,NA,30,30,7,8,4,4,0.7,0.6
2026-09-06T1200,3531A,110.296,25.1254,桂林市,旅游学院,,30,20,25,11,15,95,NA,44,44,11,13,2,3,0.7,0.7
2026-09-06T1200,3532A,110.1951,22.6832,玉林市,玉林师范学院东校区,,24,17,16,9,11,76,NA,44,44,5,7,3,3,0.5,0.4
2026-09-06T1200,3533A,110.0527,22.5894,玉林市,福绵环保局,,24,20,21,9,11,74,NA,41,41,9,10,4,4,0.7,0.7
2026-09-06T1200,3534A,111.4744,24.455,贺州市,西湾,,27,27,16,16,10,66,NA,55,55,8,7,11,11,0.5,0.4
2026-09-06T1200,3535A,109.1781,23.7293,来宾市,兴宾区政府,,29,20,15,14,9,90,NA,62,62,9,9,8,7,0.6,0.6
2026-09-06T1200,3538A,107.5175,26.2977,黔南布依族苗族自治州,沙坝,,39,22,23,8,16,124,NA,86,86,6,5,5,6,0.4,0.5
2026-09-06T1200,3539A,110.5111,19.9737,海口市,桂林洋子站,,34,17,27,11,16,107,NA,63,63,4,8,/,/,/,/
2026-09-06T1200,3540A,109.7348,18.3443,三亚市,君悦子站,,29,29,21,6,9,92,NA,51,51,5,9,4,4,0.7,0.7
2026-09-06T1200,3541A,109.5726195,19.51688767,儋州市,第一中学子站,,29,12,15,4,9,91,NA,56,56,3,4,3,3,0.5,0.5
2026-09-06T1200,3542A,109.5567,19.5187,儋州市,东坡学校子站,,27,11,15,6,8,85,NA,52,52,3,5,3,2,0.4,0.4
2026-09-06T1200,3544A,121.4891,30.925,上海市,奉贤南桥新城,,35,25,25,9,10,109,NA,81,81,4,8,3,3,0,0.1
2026-09-06T1200,3545A,110.8053,32.8401,十堰市,郧阳区金沙路,臭氧1小时(O3_1h),63,28,32,12,19,170,NA,99,99,9,9,9,9,1.1,1
2026-09-06T1200,3546A,111.4606,30.5519,宜昌市,猇亭区张家湾站,臭氧1小时(O3_1h),73,27,36,12,17,178,NA,108,108,9,14,8,8,0.3,0.3
2026-09-06T1200,3547A,112.1631,31.0134,荆门市,龙泉中学南校,臭氧1小时(O3_1h),69,34,44,20,23,175,NA,139,139,7,11,6,8,0.9,1
2026-09-06T1200,3549A,109.5061,30.3771,恩施土家族苗族自治州,龙凤新区,,40,32,29,28,24,125,NA,72,72,6,5,6,6,0.5,0.4
2026-09-06T1200,3550A,102.8,24.9787,昆明市,昆明学院,,27,25,25,14,12,85,NA,46,46,14,15,6,5,0.4,0.4
2026-09-06T1200,3551A,102.5969,24.6738,昆明市,晋宁区生态环境分局,,35,14,16,14,13,110,NA,71,71,6,7,9,5,0.3,0.3
2026-09-06T1200,3552A,102.6673,24.9861,昆明市,云天化总部,,31,29,23,9,11,97,NA,50,50,12,14,6,5,0.6,0.6
2026-09-06T1200,3557A,119.9463,30.0496,杭州市,镇二中,,34,32,24,7,15,107,NA,54,54,7,23,6,6,0.6,0.5
2026-09-06T1200,3558A,119.7184,30.2367,杭州市,市府大楼,,36,12,24,10,13,114,NA,67,67,3,8,7,7,0.5,0.6
2026-09-06T1200,3560A,120.4715,30.0414,绍兴市,柯桥妇保,,40,25,25,13,13,126,NA,70,70,6,12,8,7,0.6,0.6
2026-09-06T1200,3561A,120.6985,27.9252,温州市,茶山,,33,18,19,5,7,105,NA,91,91,8,14,/,/,/,/
2026-09-06T1200,3562A,120.4146,30.8538,湖州市,南浔区站,,39,25,22,19,13,123,NA,84,84,6,10,8,8,0.6,0.6
2026-09-06T1200,3564A,121.25678,28.66823971,台州市,台州科技职业学院,,29,22,16,13,8,92,NA,87,87,5,4,8,8,0.4,0.4
2026-09-06T1200,3565A,113.1371,40.1122,大同市,云冈站,,48,48,40,12,11,106,NA,41,41,15,19,14,8,0.4,0.3
2026-09-06T1200,3566A,113.1186,40.2556,大同市,图书馆,,45,45,34,9,12,105,NA,11,NA,14,10,16,9,0.6,0.4
2026-09-06T1200,3567A,113.5931,40.0459,大同市,区一中,,36,26,21,3,8,113,NA,70,70,10,9,11,11,0.4,0.5
2026-09-06T1200,3568A,113.0603,36.0464,长治市,向阳小学,NA,NA,NA,NA,22,22,NA,NA,NA,NA,8,8,12,12,NA,NA
2026-09-06T1200,3569A,112.8788,36.315,长治市,屯留一中,臭氧1小时(O3_1h),88,31,38,30,23,190,NA,105,105,9,15,17,15,0.7,0.6
2026-09-06T1200,3571A,112.2938,39.5296,朔州市,一水厂,颗粒物(PM10),56,58,54,11,11,133,NA,52,52,8,26,6,4,0.5,0.4
2026-09-06T1200,3575A,118.0927,39.5807,唐山市,正泰大街热力站,,36,8,45,4,20,115,NA,73,73,2,7,6,5,0.4,0.5
2026-09-06T1200,3576A,118.1561,39.8322,唐山市,丰润区政府,,43,43,54,15,17,124,NA,74,74,7,16,7,12,0.8,0.7
2026-09-06T1200,3577A,118.436906,39.73802,唐山市,金山小学,,44,44,59,16,25,111,NA,83,83,13,17,8,4,0.5,0.7
2026-09-06T1200,3578A,118.2449,39.6693,唐山市,政府服务中心,,34,34,64,8,23,108,NA,69,69,4,15,1,6,0.3,0.6
2026-09-06T1200,3580A,114.1998,36.4439,邯郸市,峰峰矿区临水派出所,臭氧1小时(O3_1h),52,32,44,8,26,161,NA,84,84,6,12,14,23,0.4,0.8
2026-09-06T1200,3581A,115.3136,38.9511,保定市,满城区生态环境分局,颗粒物(PM10),51,51,46,24,22,149,NA,79,79,9,15,6,4,0.5,0.5
2026-09-06T1200,3582A,115.4709,38.7628,保定市,清苑区第二中学,臭氧1小时(O3_1h),54,52,63,35,29,163,NA,73,73,9,42,6,5,0.4,0.4
2026-09-06T1200,3583A,115.6231,39.0223,保定市,徐水物探局,,48,48,44,22,20,151,NA,70,70,11,22,4,2,0.4,0.4
2026-09-06T1200,3590A,113.8362,34.566,郑州市,北区建设指挥部,臭氧1小时(O3_1h),101,64,62,40,35,201,NA,102,102,9,27,8,7,0.4,0.5
2026-09-06T1200,3591A,113.3029,34.8041,郑州市,上街区政府,臭氧1小时(O3_1h),94,69,71,40,45,195,NA,105,105,11,22,9,9,0.7,0.8
2026-09-06T1200,3592A,114.4518,34.7503,开封市,祥符区生态环境局,臭氧1小时(O3_1h),88,56,77,26,46,190,NA,104,104,6,17,9,7,0.7,0.7
2026-09-06T1200,3593A,112.5736,34.8993,洛阳市,吉利监测站,臭氧1小时(O3_1h),75,69,57,32,31,180,NA,103,103,14,20,16,12,0.6,0.6
2026-09-06T1200,3594A,112.8736,33.9068,平顶山市,石龙区,臭氧1小时(O3_1h),89,61,87,29,39,191,NA,100,100,13,55,10,18,0.8,0.7
2026-09-06T1200,3596A,114.1573,35.9607,鹤壁市,南山宾馆,臭氧1小时(O3_1h),77,NA,44,40,33,181,NA,140,140,8,9,10,10,1.0,1.1
2026-09-06T1200,3598A,111.1031,34.719,三门峡市,富达温泉假日酒店,颗粒物(PM10),70,78,53,24,28,175,NA,146,146,10,14,10,9,0.8,0.7
2026-09-06T1200,3599A,106.2648,29.9853,重庆市,书院路,,31,20,37,8,38,98,NA,65,65,7,15,6,9,0.5,0.9
2026-09-06T1200,3600A,106.2334,29.5583,重庆市,虎峰,,39,31,44,10,22,124,NA,84,84,5,10,8,11,0.6,0.7
2026-09-06T1200,3601A,106.0497,29.8345,重庆市,龙门街,,38,27,42,8,26,121,NA,86,86,7,13,9,11,0.6,0.7
2026-09-06T1200,3604A,119.3267,35.1043,日照市,岚山环保分局,,36,29,22,3,4,114,NA,81,81,7,10,8,14,0.4,0.7
2026-09-06T1200,3605A,109.1019,34.5302,西安市,无线电监控中心,臭氧1小时(O3_1h),63,52,51,36,31,170,NA,138,138,9,15,10,10,0.9,0.8
2026-09-06T1200,3610A,105.5931,29.4105,重庆市,昌元,,29,23,40,12,33,90,NA,65,65,8,16,7,10,0.1,0.3
2026-09-06T1200,3612A,85.1045,45.6895,克拉玛依市,白碱滩区新站,NA,NA,NA,32,2,7,77,NA,79,75,4,9,5,5,0.2,0.3
2026-09-06T1200,3613A,87.3069,44.0093,昌吉回族自治州,亚心广场,颗粒物(PM10),51,51,33,6,11,41,NA,26,25,36,23,11,9,0.5,0.3
2026-09-06T1200,3614A,79.9241,37.0878,和田地区,地区环保局,,32,22,175,2,70,100,NA,82,82,3,4,1,2,0.6,0.6
2026-09-06T1200,3615A,79.9132,37.1137,和田地区,市环保局,,33,32,170,5,69,104,NA,90,90,2,2,3,2,0.4,0.4
2026-09-06T1200,3616A,106.7617,31.8343,巴中市,市中心医院,,48,NA,42,33,48,132,NA,59,59,8,17,9,9,0.9,1
2026-09-06T1200,3617A,105.8047,32.4167,广元市,经开区,细颗粒物(PM2.5),68,71,59,44,41,97,NA,38,38,33,26,10,9,0.7,0.5
2026-09-06T1200,3618A,112.4702,37.7821,太原市,金胜,臭氧1小时(O3_1h),58,55,35,11,14,166,NA,104,104,17,16,17,11,0.6,0.2
2026-09-06T1200,3619A,113.6169,37.8565,阳泉市,龙柱,颗粒物(PM10),68,74,66,33,29,132,NA,39,39,18,30,34,33,0.9,0.8
2026-09-06T1200,3620A,112.8258,35.4804,晋城市,泽州一中,臭氧1小时(O3_1h),59,46,53,8,22,167,NA,102,102,5,15,5,6,0.5,0.6
2026-09-06T1200,3622A,113.5556,24.8082,韶关市,碧湖山庄,,29,29,16,12,5,56,NA,24,24,9,9,12,7,1.0,1
2026-09-06T1200,3623A,113.8952,22.586,深圳市,西乡,,36,12,27,6,15,114,NA,128,101,11,20,2,3,0.6,0.7
2026-09-06T1200,3624A,116.4069,23.2533,汕头市,潮南子站,,34,26,45,13,25,107,NA,42,42,6,16,8,7,/,/
2026-09-06T1200,3625A,113.2568,22.7629,佛山市,容桂街道办,,19,NA,25,8,23,59,NA,74,66,11,17,/,/,/,/
2026-09-06T1200,3628A,112.0335,22.9376,云浮市,文笔,,16,16,24,7,11,36,NA,32,28,9,11,7,7,0.4,0.4
2026-09-06T1200,3629A,101.8304,36.5785,西宁市,世纪职校,,38,NA,28,26,24,70,NA,70,70,14,15,5,6,0.7,0.7
2026-09-06T1200,3633A,118.4914,31.681,马鞍山市,雨山,,38,38,28,12,14,110,NA,72,72,19,15,19,8,2.0,0.9
2026-09-06T1200,3635A,112.3678,34.6623,洛阳市,河科大西苑校区,臭氧1小时(O3_1h),88,75,67,32,42,190,NA,108,108,12,19,11,11,0.9,0.9
2026-09-06T1200,3636A,112.4387,34.678,洛阳市,英才小学,臭氧1小时(O3_1h),77,74,72,43,41,181,NA,86,86,12,24,11,11,0.6,0.7
2026-09-06T1200,3637A,131.0136,45.7688,七台河市,人民广场,,20,18,24,2,7,64,NA,35,35,4,11,6,6,0.4,0.5
2026-09-06T1200,3638A,104.7637,29.3373,自贡市,轻化工大学,,43,42,44,30,36,113,NA,53,53,10,18,10,10,0.7,0.7
2026-09-06T1200,3642A,120.3454,36.0735,青岛市,市北区南部,,36,21,16,7,4,115,NA,77,77,14,8,7,6,0.4,0.4
2026-09-06T1200,3643A,120.3897,36.18,青岛市,李沧区北部,,31,5,12,3,5,99,NA,78,78,5,9,4,4,0.4,0.5
2026-09-06T1200,3644A,117.8662,36.8049,淄博市,三金集团,臭氧1小时(O3_1h),80,51,48,20,20,184,NA,77,77,22,25,10,9,0.6,0.5
2026-09-06T1200,3645A,118.0259,36.8409,淄博市,东风化工厂,臭氧1小时(O3_1h),58,56,58,18,25,166,NA,71,71,14,25,7,8,0.5,0.7
2026-09-06T1200,3646A,118.4979,37.4623,东营市,胜利站,,37,28,24,2,7,117,NA,82,82,5,9,4,5,0.2,0.3
2026-09-06T1200,3648A,106.2176,37.9832,吴忠市,文卫南街,颗粒物(PM10),53,53,47,31,26,138,NA,106,106,7,12,7,7,0.6,0.6
2026-09-06T1200,3650A,105.1696,37.5164,中卫市,沙坡头区政府站,,42,42,41,29,24,119,NA,89,89,12,12,6,6,0.6,0.5
2026-09-06T1200,3654A,114.8093,30.4091,鄂州市,精准医疗中心,NA,NA,18,33,13,21,133,NA,101,101,4,13,7,4,NA,0.6
2026-09-06T1200,3655A,114.3379,29.8683,咸宁市,长江产业园,,43,30,46,30,28,124,NA,61,61,6,16,5,5,0.4,0.5
2026-09-06T1200,3656A,120.1554,30.2863,杭州市,消防大队,,38,24,23,12,14,120,NA,72,72,8,16,8,8,0.7,0.8
2026-09-06T1200,3658A,120.6156,30.0762,绍兴市,袍江中学,,39,29,28,14,14,122,NA,70,70,7,18,6,7,0.5,0.6
2026-09-06T1200,3659A,119.656,29.1132,金华市,气象局,,40,32,29,14,13,127,NA,56,56,8,20,5,4,0.6,0.6
2026-09-06T1200,3662A,123.6341,47.2079,齐齐哈尔市,富区青少年活动中心,,28,28,29,5,9,46,NA,41,34,6,9,4,4,0.4,0.5
2026-09-06T1200,3663A,124.117,50.4279,大兴安岭地区,红旗社区,,17,17,16,11,13,38,NA,34,34,4,5,4,4,0.4,0.3
2026-09-06T1200,3664A,119.4171,34.734,连云港市,连云街道,,33,19,19,7,6,105,NA,94,94,15,13,9,8,0.5,0.5
2026-09-06T1200,3665A,76.1654,39.7157,克孜勒苏柯尔克孜自治州,克州文化中心,,32,32,30,10,13,95,NA,97,87,3,5,2,2,0.2,0.2
2026-09-06T1200,3667A,111.0279,35.0543,运城市,水利职院,臭氧1小时(O3_1h),68,54,44,27,23,174,NA,179,175,6,7,8,8,0.7,0.6
2026-09-06T1200,3669A,114.4706,36.0634,安阳市,左辅环卫站,"颗粒物(PM10),臭氧1小时(O3_1h)",55,56,64,21,30,164,NA,114,114,5,10,10,8,0.7,0.7
2026-09-06T1200,3670A,111.0522,35.0439,运城市,禹都公园,臭氧1小时(O3_1h),84,58,46,22,22,187,NA,191,187,7,7,8,9,0.6,0.5
2026-09-06T1200,3671A,116.0879,39.9725,北京市,门头沟三家店,颗粒物(PM10),64,69,41,38,19,166,NA,81,81,16,16,4,2,0.8,0.6
2026-09-06T1200,3672A,116.1507,39.8246,北京市,丰台云岗,颗粒物(PM10),58,61,55,34,22,161,NA,77,77,15,21,6,3,0.6,0.4
2026-09-06T1200,3674A,115.9578,39.7602,北京市,房山燕山,颗粒物(PM10),60,64,38,34,18,148,NA,76,76,16,10,4,4,0.5,0.4
2026-09-06T1200,3675A,116.4669,39.7734,北京市,大兴旧宫,,50,45,62,22,26,157,NA,72,72,8,17,6,4,0.7,0.7
2026-09-06T1200,3677A,98.5887,24.4366,德宏傣族景颇族自治州,芒市人民政府综合楼,,17,15,31,5,9,52,NA,26,26,5,6,8,7,0.8,0.8
2026-09-06T1200,3678A,116.5907,35.4054,济宁市,市第七中学,,45,39,43,8,19,142,NA,91,91,5,11,4,7,0.4,0.5
2026-09-06T1200,3683A,109.8332,40.6577,包头市,昆区政府,颗粒物(PM10),51,51,46,25,29,133,NA,80,80,24,29,12,16,0.8,0.8
2026-09-06T1200,3684A,130.8639,45.8144,七台河市,新建矿广场,,25,12,42,4,11,77,NA,36,36,4,20,1,10,0.3,0.7
2026-09-06T1200,3685A,117.897,28.4316,上饶市,双创科技城,,42,30,26,16,14,133,NA,90,90,3,7,3,5,0.5,0.5
2026-09-06T1200,3689A,113.9002,35.372,新乡市,行政服务中心,臭氧1小时(O3_1h),77,44,51,26,28,181,NA,99,99,9,14,12,9,1.1,1
2026-09-06T1200,3690A,115.9718,28.7032,南昌市,外国语学校,,38,34,33,22,22,119,NA,94,94,10,12,8,8,1.0,1
2026-09-06T1200,3692A,118.2043,39.6703,唐山市,消防缸窑路中队,,39,39,66,12,24,111,NA,67,67,5,16,7,10,0.4,0.7
2026-09-06T1200,3693A,118.1432,39.6203,唐山市,路南电大,,37,28,52,12,23,116,NA,76,76,2,6,5,6,0.5,0.6
2026-09-06T1200,3694A,115.9859,40.4562,北京市,延庆石河营,,46,30,37,17,20,145,NA,88,88,7,11,3,3,0.6,0.4
2026-09-06T1200,3695A,116.6151,40.3052,北京市,怀柔新城,,39,33,38,22,23,124,NA,77,77,7,8,4,3,0.6,0.5
2026-09-06T1200,3696A,116.2542,39.8764,北京市,丰台小屯,臭氧1小时(O3_1h),52,50,56,22,26,161,NA,64,64,17,37,5,2,0.7,0.6
2026-09-06T1200,3697A,116.8399,40.3843,北京市,密云镇,,40,26,40,16,23,125,NA,60,60,5,17,6,4,0.6,0.6
2026-09-06T1200,3699A,111.6519,40.8389,呼和浩特市,海东办,,41,41,40,3,12,124,NA,60,60,18,38,14,11,0.5,0.5
2026-09-06T1200,3701A,116.9647,33.6252,宿州市,皖北煤电集团,,40,24,34,8,17,128,NA,100,100,5,9,8,8,0.4,0.4
2026-09-06T1200,3706A,122.2584,43.6333,通辽市,老干部活动中心,,48,40,31,19,16,152,NA,102,102,5,12,13,14,0.7,0.6
2026-09-06T1200,3707A,131.0069,45.2988,鸡西市,欧美日汽修厂,,25,10,37,6,11,78,NA,32,32,6,17,4,4,0.3,0.3
2026-09-06T1200,3708A,122.2923,43.6189,通辽市,东方明珠社区,,50,28,31,14,15,157,NA,104,104,9,15,11,13,0.5,0.5
2026-09-06T1200,3710A,121.5593,29.8976,宁波市,白沙活动中心,,32,13,15,8,6,101,NA,70,68,3,6,10,10,0.3,0.3
2026-09-06T1200,3713A,124.3286,43.1726,四平市,世纪城,,42,42,32,15,19,126,NA,98,98,6,18,8,6,0.4,0.4
2026-09-06T1200,3715A,117.3091,32.9314,蚌埠市,蚌埠田家炳中学,,36,31,31,3,11,115,NA,79,79,3,9,8,8,0.4,0.4
2026-09-06T1200,3719A,97.1707,31.1428,昌都市,昌都会议中心,,17,10,7,2,4,54,NA,25,25,8,5,4,3,0.3,0.3
2026-09-06T1200,3726A,88.8775,29.2425,日喀则市,林业技术推广中心,,19,7,12,2,3,58,NA,30,30,3,4,4,5,0.3,0.3
2026-09-06T1200,3728A,104.6701,28.8053,宜宾市,白酒学院,,36,26,40,20,29,113,NA,59,59,9,14,10,10,0.8,0.9
2026-09-06T1200,3734A,118.5753,37.4405,东营市,理想之城,,34,12,20,1,6,106,NA,78,78,4,9,3,3,0.6,0.6
2026-09-06T1200,3860A,118.3915,35.0297,临沂市,皇山花园小区,,39,31,26,8,10,123,NA,72,72,14,19,10,11,0.5,0.6
2026-09-06T1200,3861A,119.2046,36.7696,潍坊市,寒亭区实验一小,,35,24,25,1,7,111,NA,68,68,7,15,4,4,0.4,0.4
2026-09-06T1200,3866A,122.2469,40.663,营口市,三高中,,33,33,40,10,14,99,NA,63,63,10,14,16,12,1.3,0.6
2026-09-06T1200,3867A,102.074,36.5056,海东市,平安区公安局北苑,,36,36,35,24,25,66,NA,68,68,18,8,4,8,0.6,0.6
2026-09-06T1200,3981A,113.2456,35.18,焦作市,原李万街道办,臭氧1小时(O3_1h),82,55,56,26,26,185,NA,91,91,8,16,4,4,0.2,0.4
2026-09-06T1200,3994A,102.2174,31.9016,阿坝藏族羌族自治州,马尔康中学西区,,25,18,9,9,9,77,NA,33,33,4,3,4,4,0.2,0.2
2026-09-06T1200,4002A,109.2312,23.7428,来宾市,中南小学,,29,25,15,19,10,92,NA,66,66,9,10,9,8,0.6,0.6
2026-09-06T1200,4004A,115.4199,38.8665,保定市,双鹰农机,颗粒物(PM10),55,57,52,32,31,161,NA,67,67,8,17,2,2,0.5,0.5
2026-09-06T1200,4006A,122.3622,40.6762,营口市,老边实验小学,,32,31,38,7,17,102,NA,63,63,11,21,14,12,1.0,0.9
2026-09-06T1200,4008A,112.5233,32.9921,南阳市,卧龙区政府,臭氧1小时(O3_1h),80,52,55,19,23,184,NA,150,150,9,13,9,9,0.9,0.9
2026-09-06T1200,4010A,112.5608,37.8807,太原市,育英中学,,49,42,38,21,17,155,NA,89,89,10,21,12,11,0.5,0.4
2026-09-06T1200,4011A,103.8505,30.6946,成都市,光华大道三段,,49,49,58,32,44,139,NA,92,92,7,11,5,6,0.8,0.8
2026-09-06T1200,4017A,116.7926,33.9534,淮北市,市博物馆,,48,29,37,16,21,152,NA,104,104,7,10,5,5,0.4,0.5
2026-09-06T1200,4018A,116.0564,36.4609,聊城市,星美广场,臭氧1小时(O3_1h),88,66,62,29,27,190,NA,87,87,6,21,11,11,0.6,0.5
2026-09-06T1200,4022A,102.1648,38.5369,金昌市,金川区人防中心,,39,39,54,27,27,93,NA,117,99,11,8,4,4,0.3,0.3
2026-09-06T1200,4024A,114.6491,37.9014,石家庄市,栾城区星河路,臭氧1小时(O3_1h),72,50,48,25,27,177,NA,96,96,8,19,12,4,0.6,0.5
2026-09-06T1200,4027A,75.9485,39.4688,喀什地区,老干局,,28,24,20,0,3,87,NA,69,58,5,6,3,3,0.1,0.1
2026-09-06T1200,4028A,117.9955,37.3752,滨州市,滨州市西街道办事处,,41,29,30,11,15,131,NA,70,70,8,18,7,5,0.1,0.1
2026-09-06T1200,4033A,122.3124,29.9619,舟山市,普陀东港中学,,31,18,19,7,6,99,NA,79,79,2,3,7,6,0.6,0.6
2026-09-06T1200,4034A,115.515,38.8589,保定市,植保所站,,50,48,47,35,28,159,NA,74,74,19,34,5,3,0.7,0.7
2026-09-06T1200,4036A,116.646,23.676,潮州市,金山,,17,17,18,11,10,39,NA,30,30,4,6,2,2,0.4,0.4
2026-09-06T1200,4051A,86.0791,44.3018,石河子市,世纪广场,,34,34,33,0,5,89,NA,59,59,10,18,3,3,0.7,0.7
2026-09-06T1200,4054A,109.0324,32.6913,安康市,市邮政管理局,,50,34,37,18,21,160,NA,125,125,6,8,3,4,0.8,0.8
2026-09-06T1200,4055A,108.8869,34.2662,西安市,行知小学,臭氧1小时(O3_1h),67,59,56,37,32,173,NA,131,131,15,15,7,6,0.7,0.6
2026-09-06T1200,4056A,108.6601,34.3767,咸阳市,五陵塬路2号,臭氧1小时(O3_1h),65,63,57,33,33,172,NA,136,136,14,17,9,8,0.6,0.6
2026-09-06T1200,4057A,115.9423,40.4431,北京市,延庆百泉,,44,39,39,21,20,139,NA,81,81,12,15,1,2,0.8,0.7
2026-09-06T1200,4058A,116.6598,39.9164,北京市,通州新华,,41,29,53,16,28,129,NA,71,71,7,16,5,5,0.6,0.7
2026-09-06T1200,4059A,114.4563,38.0365,石家庄市,裕华西路63号,NA,NA,114,45,21,21,157,NA,94,94,6,16,9,11,NA,0.5
2026-09-06T1200,4060A,114.5586,38.0581,石家庄市,和平路363号,,49,35,44,18,21,154,NA,93,93,8,17,1,3,0.5,0.5
2026-09-06T1200,4061A,114.8347,38.0213,石家庄市,廉州西路160号,颗粒物(PM10),60,64,53,22,27,155,NA,80,80,8,16,3,2,0.9,0.9
2026-09-06T1200,4062A,114.4498,38.0729,石家庄市,北城路41号,,50,44,46,19,22,160,NA,88,88,9,17,7,8,0.5,0.5
2026-09-06T1200,4063A,115.2124,37.9433,辛集市,市政府,臭氧1小时(O3_1h),85,57,63,24,30,188,NA,90,90,14,23,5,4,0.4,0.5
2026-09-06T1200,4064A,115.2008,37.9338,辛集市,城管大队,臭氧1小时(O3_1h),72,52,59,35,34,177,NA,79,79,13,19,9,7,0.5,0.5
2026-09-06T1200,4065A,118.1267,39.6579,唐山市,光明北路515号,,39,17,31,2,19,122,NA,80,80,7,13,5,8,0.2,0.3
2026-09-06T1200,4066A,119.7458,39.9952,秦皇岛市,南园路157号,,33,21,32,4,14,103,NA,77,77,2,17,5,6,0.1,0.3
2026-09-06T1200,4067A,119.5131,39.8858,秦皇岛市,翠岛大街1号,,29,14,27,2,12,91,NA,53,53,2,14,6,7,0.2,0.4
2026-09-06T1200,4068A,114.5209,36.7697,邯郸市,建安街268号,臭氧1小时(O3_1h),73,40,50,12,20,178,NA,106,106,11,20,4,4,0.4,0.4
2026-09-06T1200,4069A,114.5488,36.6177,邯郸市,丛台东路558号,臭氧1小时(O3_1h),70,NA,43,16,24,176,NA,100,100,8,28,6,4,0.5,0.5
2026-09-06T1200,4070A,114.5558,37.0578,邢台市,襄都区政府南院,臭氧1小时(O3_1h),59,27,39,8,22,167,NA,112,112,6,11,3,2,0.6,0.5
2026-09-06T1200,4071A,114.9883,38.5232,定州市,交通局,颗粒物(PM10),62,66,64,29,27,168,NA,72,72,11,26,4,6,0.7,0.9
2026-09-06T1200,4072A,115.0045,38.5136,定州市,第五中学,颗粒物(PM10),69,76,69,22,28,162,NA,69,69,12,25,8,8,0.5,0.8
2026-09-06T1200,4073A,117.9462,40.95,承德市,杏林街1号,臭氧1小时(O3_1h),60,50,32,28,20,168,NA,62,62,10,12,30,9,0.8,0.5
2026-09-06T1200,4074A,112.449,37.8509,太原市,西矿街336号,,49,49,40,27,17,153,NA,97,97,25,20,16,10,1.3,0.8
2026-09-06T1200,4075A,112.4792,37.9393,太原市,迎宾北路9号,,50,36,34,19,16,158,NA,83,83,14,15,16,10,0.6,0.3
2026-09-06T1200,4076A,112.551,37.8575,太原市,迎泽大街248号,,47,36,35,14,17,149,NA,81,81,14,18,17,13,1.1,0.9
2026-09-06T1200,4077A,113.588,37.8712,阳泉市,宁波路,颗粒物(PM10),58,60,57,24,19,145,NA,51,51,18,34,22,11,0.7,0.7
2026-09-06T1200,4078A,112.8246,35.5152,晋城市,前书院路,,50,50,56,13,19,159,NA,86,86,12,19,7,7,0.6,0.9
2026-09-06T1200,4079A,112.8864,35.4773,晋城市,祥云街666号,,50,46,43,14,21,157,NA,99,99,6,14,5,6,0.5,0.7
2026-09-06T1200,4080A,112.7375,37.7215,晋中市,广安街188号,臭氧1小时(O3_1h),72,35,36,17,19,177,NA,98,98,4,13,11,9,0.4,0.3
2026-09-06T1200,4081A,111.0081,35.0748,运城市,学苑北路2555号,臭氧1小时(O3_1h),77,53,43,22,22,181,NA,185,182,8,10,6,7,0.7,0.6
2026-09-06T1200,4082A,121.2548,38.8188,大连市,旅顺,,24,11,19,4,10,75,NA,54,54,6,10,6,6,0.4,0.4
2026-09-06T1200,4083A,123.153,41.2874,辽阳市,铁西路150号,NA,NA,50,51,12,20,104,NA,64,64,12,16,NA,10,1.1,1.1
2026-09-06T1200,4084A,123.835,42.2853,铁岭市,新华街20号,,39,39,57,15,27,118,NA,73,73,17,24,14,12,0.7,0.8
2026-09-06T1200,4085A,125.0998,42.9134,辽源市,安宁大街333号,,41,34,29,6,10,129,NA,59,59,4,15,4,6,0.5,0.5
2026-09-06T1200,4086A,118.7641,32.0841,南京市,新模范马路66号,,37,22,22,2,5,117,NA,84,84,2,6,3,4,0.2,0.2
2026-09-06T1200,4087A,120.3138,31.4927,无锡市,清舒道1号,,37,30,27,8,8,118,NA,67,67,10,16,6,6,0.7,0.7
2026-09-06T1200,4088A,117.1553,34.2567,徐州市,纺织东路16号,,45,27,35,12,18,142,NA,92,92,9,13,6,7,0.5,0.6
2026-09-06T1200,4089A,119.9551,31.863,常州市,崇义南街5-H号,,36,24,25,7,8,114,NA,62,62,8,14,8,8,0.1,0.1
2026-09-06T1200,4090A,120.4282,31.3228,苏州市,学森路9号,,43,31,25,9,8,137,NA,72,72,11,14,9,9,0.6,0.6
2026-09-06T1200,4091A,120.8692,31.9885,南通市,洪江路,,28,12,12,4,5,89,NA,69,69,2,3,4,4,0.6,0.7
2026-09-06T1200,4092A,119.119691,33.550006,淮安市,枚皋中路89号,,35,35,22,3,7,108,NA,74,74,6,11,6,5,0.5,0.5
2026-09-06T1200,4093A,119.5202,32.3705,扬州市,廖家沟步道,,31,24,22,6,6,97,NA,72,72,6,10,6,7,0.2,0.2
2026-09-06T1200,4094A,118.352,33.7886,宿迁市,春华路,,36,15,19,5,7,114,NA,84,84,5,8,5,5,0.3,0.3
2026-09-06T1200,4095A,121.8962,29.7529,宁波市,中科路88号,,33,22,18,8,6,104,NA,78,78,4,6,8,8,0.7,0.7
2026-09-06T1200,4096A,120.6935,28.0114,温州市,鹿城惠民路,,33,15,20,4,7,103,NA,83,83,4,11,/,/,0.3,0.3
2026-09-06T1200,4097A,118.9646,28.9832,衢州市,衢州三中,,39,16,28,9,18,124,NA,62,62,6,21,4,4,0.7,0.7
2026-09-06T1200,4098A,117.2518,31.8404,合肥市,中国科学技术大学,,34,19,26,2,10,108,NA,86,86,6,15,6,7,0.2,0.3
2026-09-06T1200,4099A,118.5726,31.1371,芜湖市,湾沚区人民法院,,36,18,23,7,13,115,NA,85,85,4,8,5,5,0.3,0.5
2026-09-06T1200,4100A,116.8322,33.9884,淮北市,杜集区第一实验学校,,45,8,28,6,22,142,NA,80,80,4,10,6,7,0.5,0.7
2026-09-06T1200,4101A,118.3196,32.3335,滁州市,银山路666号,,31,28,25,12,14,99,NA,64,64,4,9,1,2,0.3,0.3
2026-09-06T1200,4102A,118.3426,32.2979,滁州市,黄山路555号,,33,30,30,12,14,103,NA,70,70,3,8,7,8,0.2,0.2
2026-09-06T1200,4103A,116.9929,33.6412,宿州市,中兴路,,40,20,45,7,22,125,NA,91,91,6,13,12,11,0.6,0.6
2026-09-06T1200,4104A,119.3106,26.0648,福州市,路通桥巷6号,,35,22,23,12,15,111,NA,56,56,5,9,/,/,/,/
2026-09-06T1200,4105A,118.6355,24.9148,泉州市,霞新路6号,,34,19,24,10,14,107,NA,74,74,2,9,/,/,0.5,0.5
2026-09-06T1200,4106A,115.7923,28.6873,南昌市,工业二路,,40,35,32,18,19,128,NA,110,110,7,7,7,7,0.5,0.5
2026-09-06T1200,4107A,113.8686,27.6668,萍乡市,联洪村委会,颗粒物(PM10),71,79,57,40,34,108,NA,53,53,16,14,20,16,1.2,0.8
2026-09-06T1200,4108A,117.7107,36.2385,济南市,山财大街5号,臭氧1小时(O3_1h),55,36,27,16,13,164,NA,86,86,10,21,6,3,0.8,0.4
2026-09-06T1200,4109A,116.9744,36.6889,济南市,无影山路12号,臭氧1小时(O3_1h),63,44,54,19,24,170,NA,61,61,13,35,8,8,0.6,0.6
2026-09-06T1200,4110A,120.5222,36.4089,青岛市,盟旺路653号,,31,13,16,2,4,97,NA,64,64,9,10,6,6,0.6,0.6
2026-09-06T1200,4111A,116.6075,35.4566,济宁市,任和路,,49,34,45,8,20,154,NA,96,96,6,12,3,5,0.5,0.6
2026-09-06T1200,4112A,116.5648,35.3921,济宁市,文体南路1号,,42,42,40,5,17,127,NA,78,78,4,13,4,5,0.5,0.5
2026-09-06T1200,4113A,116.0091,36.4495,聊城市,利民路,臭氧1小时(O3_1h),87,43,43,24,22,189,NA,89,89,8,22,13,12,0.6,0.6
2026-09-06T1200,4114A,115.4239,35.2593,菏泽市,黄河路600号,臭氧1小时(O3_1h),93,77,70,35,43,194,NA,112,112,15,25,10,9,0.5,0.5
2026-09-06T1200,4115A,115.5025,35.2727,菏泽市,菏泽市人社局,臭氧1小时(O3_1h),101,63,59,28,34,202,NA,110,110,12,18,9,9,0.6,0.5
2026-09-06T1200,4116A,113.284,33.7139,平顶山市,姚电大道23号,臭氧1小时(O3_1h),88,75,77,38,42,190,NA,94,94,11,15,13,11,1.0,1
2026-09-06T1200,4117A,114.2918,36.0769,安阳市,钢三路198号,,49,35,59,18,35,156,NA,95,95,6,11,8,7,0.9,1
2026-09-06T1200,4118A,115.0552,35.7816,濮阳市,中原东路68号,臭氧1小时(O3_1h),64,48,63,20,28,171,NA,97,97,6,15,8,8,0.8,0.9
2026-09-06T1200,4119A,115.6701,34.3767,商丘市,北海东路185号,,45,27,50,12,24,143,NA,86,86,3,13,6,6,0.5,0.6
2026-09-06T1200,4120A,115.6172,34.3704,商丘市,中山大街3号,,45,27,54,17,24,143,NA,72,72,6,30,8,8,0.5,0.7
2026-09-06T1200,4121A,114.8466,33.7333,周口市,羲皇大道,臭氧1小时(O3_1h),65,NA,63,22,32,172,NA,117,117,8,17,7,9,0.9,0.9
2026-09-06T1200,4122A,112.6071,35.1015,济源市,市委党校,臭氧1小时(O3_1h),79,58,71,26,34,183,NA,116,116,8,18,8,14,0.7,0.7
2026-09-06T1200,4123A,112.596,35.0702,济源市,沁园中路1号,臭氧1小时(O3_1h),74,43,56,26,33,179,NA,112,112,4,16,6,7,0.8,1.2
2026-09-06T1200,4124A,112.2213,31.0654,荆门市,新台西路6号,臭氧1小时(O3_1h),67,43,55,29,35,173,NA,109,109,7,14,14,13,0.8,0.8
2026-09-06T1200,4125A,113.946,30.8999,孝感市,天仙南路1号,,45,28,39,18,20,143,NA,102,102,5,12,6,6,0.2,0.4
2026-09-06T1200,4127A,111.9812,27.7591,娄底市,涟钢职大,,40,19,37,1,21,126,NA,65,65,5,8,5,5,0.5,0.8
2026-09-06T1200,4128A,112.0303,27.7457,娄底市,娄底体校,,40,40,45,20,25,122,NA,66,66,7,12,4,3,0.4,0.5
2026-09-06T1200,4129A,113.8666,23.1062,东莞市,裕兴路,,25,4,26,2,18,79,NA,70,54,1,5,4,4,0.4,0.4
2026-09-06T1200,4130A,114.0076,22.9739,东莞市,教育路1号,,28,8,34,5,23,88,NA,54,54,8,18,10,9,0.7,0.8
2026-09-06T1200,4131A,113.7981,22.8124,东莞市,长怡路1号,,27,16,31,8,16,86,NA,59,59,12,16,6,7,0.6,0.6
2026-09-06T1200,4132A,108.2927,23.1477,南宁市,起凤路9号,,26,12,15,9,10,83,NA,51,51,6,8,4,4,0.5,0.5
2026-09-06T1200,4133A,106.6273,23.8798,百色市,龙景西路,,19,19,23,10,9,47,NA,13,13,4,10,8,9,0.5,0.5
2026-09-06T1200,4134A,110.1952,20.0451,海口市,长滨二路9号,,37,21,16,13,13,117,NA,74,74,5,10,/,/,/,/
2026-09-06T1200,4135A,109.1714,18.3739,三亚市,城东小学站,,30,24,18,14,13,94,NA,46,46,8,8,/,/,/,/
2026-09-06T1200,4136A,108.6971,30.9377,重庆市,云师幼儿园,NA,NA,NA,12,32,26,115,NA,53,53,10,14,6,6,0.8,0.8
2026-09-06T1200,4137A,107.3276,30.3284,重庆市,公安局,,41,35,41,25,26,130,NA,72,72,5,11,13,13,0.3,0.4
2026-09-06T1200,4138A,108.0575,30.3254,重庆市,忠县中学,,42,41,42,29,28,111,NA,37,37,11,23,6,6,0.6,0.6
2026-09-06T1200,4139A,109.4542,31.0182,重庆市,竹枝路2号,,43,22,23,13,15,137,NA,114,114,7,12,6,6,0.4,0.4
2026-09-06T1200,4140A,107.7422,29.871,重庆市,龙河路,,35,30,30,24,20,110,NA,69,69,4,8,13,13,0.4,0.4
2026-09-06T1200,4141A,108.7636,28.84,重庆市,桃花源中路,,42,40,39,18,23,133,NA,76,76,16,15,9,8,0.6,0.6
2026-09-06T1200,4142A,108.9758,28.4416,重庆市,秀山县高级中学,,41,41,33,25,25,113,NA,59,59,8,8,10,8,0.5,0.5
2026-09-06T1200,4143A,108.1558,29.2859,重庆市,河堡街,,40,21,28,10,20,128,NA,76,76,7,6,7,6,0.7,0.7
2026-09-06T1200,4144A,104.3257,30.6406,成都市,八角井街185号,,40,NA,46,19,30,126,NA,90,90,4,12,7,7,0.6,0.7
2026-09-06T1200,4145A,104.4144,31.1495,德阳市,市林业局,颗粒物(PM10),69,76,71,34,53,158,NA,72,72,13,30,15,15,0.8,0.9
2026-09-06T1200,4146A,104.7092,31.4972,绵阳市,科技城新区公安局,颗粒物(PM10),85,98,87,32,58,168,NA,86,86,20,27,11,10,0.9,1
2026-09-06T1200,4147A,105.0433,29.6105,内江市,玉峰路西段888号,,39,32,41,20,31,124,NA,66,66,8,16,7,8,0.4,0.5
2026-09-06T1200,4148A,103.8836,30.0695,眉山市,眉职院,颗粒物(PM10),55,56,66,32,41,160,NA,53,53,14,26,12,9,1.0,1
2026-09-06T1200,4149A,104.6146,28.7422,宜宾市,宜宾市职业技术学校,,33,27,46,18,36,103,NA,67,67,7,13,8,7,0.7,0.8
2026-09-06T1200,4150A,104.6646,30.1116,资阳市,正兴街66号,,42,35,41,29,32,119,NA,50,50,7,13,7,6,0.5,0.5
2026-09-06T1200,4151A,104.8899,26.5685,六盘水市,钟山大道中段564号,,26,16,34,9,14,81,NA,28,28,6,15,4,4,0.5,0.7
2026-09-06T1200,4152A,107.0425,27.7087,遵义市,乌江大道东段1号,,32,NA,29,22,23,73,NA,64,62,6,8,8,8,0.6,0.7
2026-09-06T1200,4153A,101.5536,25.0343,楚雄彝族自治州,团结路562号,,26,NA,37,12,21,82,NA,66,66,3,7,3,3,0.3,0.4
2026-09-06T1200,4154A,103.401,23.3561,红河哈尼族彝族自治州,蒙自市朝阳路,,29,NA,14,20,15,83,NA,54,54,5,6,13,5,0.3,0.2
2026-09-06T1200,4155A,107.1721,34.3558,宝鸡市,滨河北路,细颗粒物(PM2.5),74,66,62,47,43,102,NA,82,82,16,14,6,5,0.7,0.7
2026-09-06T1200,4156A,108.6372,34.3031,咸阳市,胭脂路9号,臭氧1小时(O3_1h),68,52,48,31,30,174,NA,136,136,12,12,7,6,0.7,0.6
2026-09-06T1200,4157A,108.0371,34.3035,咸阳市,杨扶路,臭氧1小时(O3_1h),73,54,49,33,37,178,NA,116,116,10,12,7,5,0.6,0.5
2026-09-06T1200,4158A,108.0895,34.2623,咸阳市,新桥路,臭氧1小时(O3_1h),79,59,51,43,36,183,NA,124,124,13,14,10,7,0.6,0.5
2026-09-06T1200,4159A,110.4531,35.4578,渭南市,桢州大街,颗粒物(PM10),56,58,54,32,35,155,NA,117,117,6,12,14,17,0.9,1
2026-09-06T1200,4160A,110.4368,35.4773,渭南市,太史大街,臭氧1小时(O3_1h),52,50,63,29,33,161,NA,118,118,8,14,12,16,0.7,1.1
2026-09-06T1200,4161A,109.485,36.6347,延安市,志丹路,,44,44,45,25,25,134,NA,57,57,9,17,5,4,0.7,0.7
2026-09-06T1200,4162A,101.6769,36.6535,西宁市,海晏路105号,,32,28,28,22,23,76,NA,65,65,10,14,2,4,0.4,0.4
2026-09-06T1200,4163A,102.0984,36.5119,海东市,滨河路,,35,25,36,24,27,39,NA,35,35,42,44,12,12,0.6,0.5
2026-09-06T1200,4164A,87.2057,43.9289,昌吉回族自治州,财政所,颗粒物(PM10),55,56,34,4,8,46,NA,26,26,27,13,10,8,0.2,0.1
2026-09-06T1200,4165A,82.9716,46.7464,塔城地区,文化广场,,36,36,29,2,7,67,NA,46,46,8,7,2,2,0.6,0.6
2026-09-06T1200,4166A,88.1198,47.7931,阿勒泰地区,阿勒泰路33号,,25,25,24,1,3,64,NA,45,45,5,12,3,3,0.3,0.3
2026-09-06T1200,4167A,86.0126,44.2349,石河子市,城南景苑小区,,27,24,21,4,6,84,NA,78,78,10,9,6,7,0.2,0.2
2026-09-06T1200,4168A,87.055284,43.999117,五家渠市,建设西街760号,,38,38,47,3,12,64,NA,22,22,15,29,6,4,0.2,0.3
2026-09-06T1200,4180A,113.8157285,34.126705,许昌市,新元大道996号,臭氧1小时(O3_1h),89,63,74,38,47,191,NA,101,101,10,23,6,7,0.5,0.6
2026-09-06T1200,4181A,112.3571,28.5588,益阳市,龙洲站,细颗粒物(PM2.5),66,50,44,43,32,152,NA,96,96,12,17,9,9,0.7,0.7
2026-09-06T1200,4182A,116.1942,39.9158,北京市,石景山八角,颗粒物(PM10),58,61,58,29,23,162,NA,76,76,26,30,7,4,0.7,0.6
2026-09-06T1200,4183A,121.417401,31.16637,上海市,冠生园路458号,,37,18,19,10,11,116,NA,89,89,8,11,8,8,0.5,0.6
2026-09-06T1200,4184A,115.479691,35.244011,菏泽市,永昌路1号,臭氧1小时(O3_1h),112,72,60,27,31,223,NA,127,127,9,15,13,12,0.4,0.4
2026-09-06T1200,4185A,115.078022,30.21118,黄石市,磁湖东路29号,,43,42,46,25,26,136,NA,73,73,6,17,7,5,0.3,0.5
2026-09-06T1200,4186A,117.194237,34.229354,徐州市,解放南路202号,,42,34,40,13,21,133,NA,76,76,10,17,8,8,0.6,0.7
2026-09-06T1200,4187A,112.3425,28.611,益阳市,幸福渠东路223号,细颗粒物(PM2.5),60,52,40,40,34,147,NA,92,92,11,12,10,9,0.7,0.7
2026-09-06T1200,4188A,112.3712,28.5764,益阳市,益鑫泰路85号,细颗粒物(PM2.5),64,48,45,42,34,140,NA,92,92,10,12,13,13,0.9,0.9
2026-09-06T1200,4189A,113.113092,36.199482,长治市,英华南巷50号,臭氧1小时(O3_1h),65,42,40,23,22,172,NA,100,100,9,11,16,16,0.9,1.3
2026-09-06T1200,4190A,113.23666,36.33435,长治市,学府街1号,臭氧1小时(O3_1h),59,48,42,27,20,167,NA,97,97,1,4,17,14,0.9,0.8
2026-09-06T1200,4191A,118.527362,31.722269,马鞍山市,慈湖高新区,,40,23,29,9,13,128,NA,61,61,6,15,7,6,0.7,0.6
2026-09-06T1200,4192A,115.931587,28.686774,南昌市,南京东路235号,,42,19,28,19,20,134,NA,101,101,6,7,6,6,0.8,0.9
2026-09-06T1200,4193A,115.471542,35.280012,菏泽市,长城路999号,臭氧1小时(O3_1h),99,62,61,30,35,199,NA,118,118,14,23,10,8,0.7,0.7
2026-09-06T1200,4194A,117.078628,40.151726,北京市,平谷新城,,35,32,46,18,26,111,NA,69,69,6,9,6,5,0.4,0.5
2026-09-06T1200,4196A,117.24369,39.102911,天津市,光华路,,31,16,21,11,13,99,NA,61,61,17,16,12,10,0.6,0.5
2026-09-06T1200,4197A,118.130859,39.636026,唐山市,友谊北路34号,,37,30,55,19,28,117,NA,75,75,10,16,7,7,0.5,0.6
2026-09-06T1200,4198A,119.509013,39.825305,秦皇岛市,北戴河轮滑馆,,30,24,24,5,9,94,NA,63,54,3,8,5,6,0.3,0.4
2026-09-06T1200,4199A,113.2798248,40.09972476,大同市,魏都大道141号,颗粒物(PM10),55,57,62,6,13,103,NA,36,36,16,34,11,10,0.3,0.4
2026-09-06T1200,4200A,112.7478,37.6954,晋中市,迎宾街26号,,50,29,32,18,18,160,NA,86,86,5,11,13,11,0.3,0.2
2026-09-06T1200,4201A,122.944647,41.082639,鞍山市,兴盛南路290号,,30,24,55,9,19,95,NA,57,57,8,25,8,10,0.7,1
2026-09-06T1200,4202A,113.9856,32.9802,驻马店市,交通路1233号,臭氧1小时(O3_1h),67,60,63,29,33,173,NA,112,112,10,20,7,6,0.5,0.5
2026-09-06T1200,4203A,111.3168,30.7203,宜昌市,西陵二路116号,臭氧1小时(O3_1h),88,33,36,8,16,190,NA,110,110,8,12,6,6,0.5,0.5
2026-09-06T1200,4204A,111.3526,30.6374,宜昌市,沈家店路6号,臭氧1小时(O3_1h),62,32,41,20,24,169,NA,83,NA,11,19,9,8,0.3,0.4
2026-09-06T1200,4205A,121.541914,31.268301,上海市,宁武路151号,,32,25,24,9,10,101,NA,89,89,12,14,8,8,0.4,0.4
2026-09-06T1200,4206A,119.028838,33.631911,淮安市,承德北路606号,,35,12,19,4,8,109,NA,76,76,1,8,7,7,0.6,0.7
2026-09-06T1200,4207A,120.12211,33.393982,盐城市,黄海中路88号,,35,17,20,2,4,109,NA,83,83,1,3,9,9,0.5,0.5
2026-09-06T1200,4209A,117.003137,32.644456,淮南市,国庆中路369号,,34,14,29,8,12,106,NA,74,74,7,11,12,12,0.2,0.3
2026-09-06T1200,4210A,118.335445,29.720283,黄山市,滨江东路7-2号,,35,34,29,8,12,112,NA,65,65,3,4,/,/,/,/
2026-09-06T1200,4211A,118.190438,28.444845,上饶市,裕丰大道,,43,43,27,16,14,129,NA,89,89,6,7,8,8,0.5,0.6
2026-09-06T1200,4212A,118.3039243,36.82708161,淄博市,广场路1号,,41,27,32,17,20,129,NA,60,60,9,17,5,6,0.3,0.7
2026-09-06T1200,4213A,121.364239,37.529648,烟台市,青年南路118号,,29,12,9,2,4,92,NA,60,60,6,12,8,8,0.4,0.4
2026-09-06T1200,4214A,112.460027,34.694929,洛阳市,春都路1号院,臭氧1小时(O3_1h),72,56,61,32,39,177,NA,84,84,13,15,9,9,0.1,0.3
2026-09-06T1200,4215A,113.916569,35.331547,新乡市,建设东路46号,臭氧1小时(O3_1h),65,42,61,26,34,172,NA,97,97,7,18,11,12,0.8,0.8
2026-09-06T1200,4216A,115.0923632,35.76857718,濮阳市,任丘路479号,臭氧1小时(O3_1h),85,47,71,22,34,188,NA,107,107,9,20,6,8,0.5,0.5
2026-09-06T1200,4217A,114.3182,29.8447,咸宁市,双鹤路18号,,46,46,46,25,25,135,NA,71,71,7,10,4,4,0.4,0.5
2026-09-06T1200,4218A,111.446,27.2472,邵阳市,北塔二期4-26地块,,41,41,35,14,23,93,NA,44,44,7,8,9,10,0.7,0.7
2026-09-06T1200,4219A,111.4739,27.2282,邵阳市,邵水西路287号,,43,42,35,30,29,119,NA,62,62,8,7,10,12,0.4,0.4
2026-09-06T1200,4220A,114.214113,22.713717,深圳市,黄阁路,,30,11,21,6,10,94,NA,66,66,14,17,6,6,0.8,0.9
2026-09-06T1200,4221A,108.2177,22.7774,南宁市,乐贤路16号,NA,NA,18,23,NA,14,58,NA,22,22,8,17,NA,10,0.8,0.8
2026-09-06T1200,4222A,110.1835,25.2444,桂林市,环湖路276号,,27,27,23,12,17,82,NA,46,46,8,13,6,15,0.8,0.8
2026-09-06T1200,4223A,106.4686218,29.48920871,重庆市,双山路147号,,40,21,29,4,20,127,NA,85,85,8,14,6,9,0.3,0.4
2026-09-06T1200,4224A,104.2433276,30.53529463,成都市,鲸龙路1057号,,37,24,44,14,32,118,NA,77,77,6,28,9,9,0.9,1
2026-09-06T1200,4225A,104.714266,29.338571,自贡市,贡兴路74号,,39,28,43,23,36,124,NA,54,54,5,12,10,9,0.4,0.5
2026-09-06T1200,4226A,104.765114,31.453094,绵阳市,绵阳市气象局,细颗粒物(PM2.5),100,108,85,60,57,158,NA,72,72,16,21,10,8,0.7,0.7
2026-09-06T1200,4227A,106.108336,30.788436,南充市,梨树横街98号,,40,33,59,24,44,125,NA,78,78,10,14,12,12,0.2,0.3
2026-09-06T1200,4229A,102.2342,27.8859,凉山彝族自治州,凯乐南路30号,细颗粒物(PM2.5),52,46,42,36,35,96,NA,43,43,14,18,28,9,1.1,0.9
2026-09-06T1200,4230A,106.688212,26.56952,贵阳市,花果园大街66号,,28,22,23,6,13,88,NA,72,72,9,8,3,3,/,/
2026-09-06T1200,4231A,106.687268,26.516892,贵阳市,漓江路57号,,32,19,19,8,12,100,NA,78,78,7,7,4,4,0.5,0.5
2026-09-06T1200,4233A,108.596239,34.118792,西安市,西苑北路977号,颗粒物(PM10),70,78,74,39,38,165,NA,111,111,15,18,8,7,0.7,0.6
2026-09-06T1200,4234A,108.949652,34.870529,铜川市,大唐三路,颗粒物(PM10),53,53,48,33,29,158,NA,120,120,9,11,8,9,0.8,0.7
2026-09-06T1200,4235A,109.5051,34.4921,渭南市,渭花路4号,臭氧1小时(O3_1h),68,73,58,36,36,174,NA,97,97,9,13,7,6,0.5,0.4
2026-09-06T1200,4236A,103.629272,36.093822,兰州市,庄浪东路808号,,46,38,45,32,25,37,NA,61,51,35,26,10,11,0.6,0.4
2026-09-06T1200,4237A,103.7251,36.104344,兰州市,安宁西路88号,,42,40,44,29,25,80,NA,106,90,13,7,9,10,0.5,0.4
2026-09-06T1200,4238A,103.846982,36.067567,兰州市,北滨河东路1号,,45,41,43,31,29,68,NA,90,73,25,17,4,4,0.9,0.6
2026-09-06T1200,4239A,102.193042,38.531887,金昌市,长春路96号,,34,21,61,10,25,107,NA,124,104,5,5,6,6,0.1,0.2
2026-09-06T1200,4240A,98.495752,39.733935,酒泉市,玉门东路5号,,26,NA,162,12,39,83,NA,94,90,4,4,6,7,0.3,0.2
2026-09-06T1200,4241A,98.5099,39.7506,酒泉市,北大街108号,,28,14,160,7,40,87,NA,96,92,2,4,5,7,0.3,0.2
2026-09-06T1200,4242A,106.226373,38.491976,银川市,广场西路,,48,48,52,26,25,137,NA,85,85,11,18,6,9,0.5,0.6
2026-09-06T1200,4243A,92.0515,31.4787,那曲市,那曲市委宣传部,,23,11,11,3,6,71,NA,57,46,9,9,7,7,0.2,0.3
2026-09-06T1200,4244A,111.4879,36.053,临汾市,启星学校,臭氧1小时(O3_1h),54,48,50,20,27,163,NA,117,117,9,15,8,8,0.6,0.7
2026-09-06T1200,4245A,106.8609,27.5969,遵义市,遵南大道1161号,NA,NA,NA,39,11,27,90,NA,69,69,4,10,5,6,0.5,0.7
2026-09-06T1200,4246A,105.833962,30.18863087,重庆市,桃园路24号,,32,18,46,10,39,101,NA,69,69,5,10,2,4,0.3,0.5
2026-09-06T1200,4247A,107.091033,29.153966,重庆市,钟楼街32号,,42,25,35,11,29,132,NA,68,68,3,10,5,6,0.5,0.6
2026-09-06T1200,4248A,107.8042979,30.67350233,重庆市,人民南路309号,细颗粒物(PM2.5),70,54,70,45,46,109,NA,66,66,6,10,8,8,0.6,0.6
2026-09-06T1200,4249A,118.8707617,31.34017673,南京市,汶溪路181号,,40,34,21,2,6,126,NA,85,85,2,7,3,2,0.6,0.6
2026-09-06T1200,4250A,114.089259,33.588274,漯河市,韶山路11号,臭氧1小时(O3_1h),64,44,86,20,52,171,NA,87,87,9,35,9,11,0.6,0.7
2026-09-06T1200,4251A,112.1433,32.0581,襄阳市,铁院东路4号,臭氧1小时(O3_1h),94,62,62,38,29,195,NA,97,97,14,21,10,11,0.7,0.6
2026-09-06T1200,4252A,113.0138,25.8011,郴州市,好美居路49号,NA,NA,NA,21,NA,10,NA,NA,67,67,NA,8,NA,8,/,/
2026-09-06T1200,4253A,116.010205,29.659402,九江市,莲花大道8号,,38,35,34,19,20,121,NA,92,92,8,7,7,6,0.5,0.5
2026-09-06T1200,4254A,120.2925,31.5685,无锡市,健康路105号,,37,33,30,6,8,118,NA,61,61,11,20,7,6,0.6,0.6
2026-09-06T1200,4255A,110.16795,22.640993,玉林市,人民东路196号,,26,17,16,11,12,82,NA,40,40,5,7,2,2,0.6,0.6
2026-09-06T1200,4256A,107.375,22.3736,崇左市,石景林东路7号,,30,30,12,6,6,62,NA,34,34,4,8,7,7,0.5,0.5
2026-09-06T1200,4257A,104.6092,35.5962,定西市,将台街,颗粒物(PM10),55,57,52,14,22,124,NA,119,119,8,7,6,6,0.3,0.4
2026-09-06T1200,4258A,111.2416,23.4155,梧州市,政贤路18号,,24,24,13,4,6,54,NA,49,46,11,8,8,7,0.5,0.4
2026-09-06T1200,4259A,113.835877,34.0155267,许昌市,望田路111号,臭氧1小时(O3_1h),95,54,69,33,40,196,NA,122,122,9,15,8,8,0.6,0.6
2026-09-06T1200,4260A,109.5933,23.095,贵港市,中山路155-3号,,28,28,18,10,9,76,NA,57,57,6,7,/,/,0.7,0.7
2026-09-06T1200,4261A,103.7247,27.3415,昭通市,环东路146号,,32,24,29,16,17,101,NA,50,50,7,11,9,9,0.4,0.4
2026-09-06T1200,4263A,105.3688,27.3598,毕节市,工业大道,,28,25,32,19,18,70,NA,28,28,6,14,8,9,/,/
2026-09-06T1200,4264A,113.234,35.219,焦作市,新安路1731号,臭氧1小时(O3_1h),93,49,43,33,29,194,NA,118,118,8,11,9,13,0.3,0.2
2026-09-06T1200,4265A,113.108806,29.353066,岳阳市,求索西路365号,颗粒物(PM10),59,62,52,33,33,144,NA,78,78,12,19,7,6,0.6,0.6
2026-09-06T1200,4266A,117.7325,34.5683,枣庄市,文化路178号,NA,NA,51,52,19,25,154,NA,77,77,12,19,7,10,NA,1.2
2026-09-06T1200,4268A,112.1722,30.3366,荆州市,学苑路85号,臭氧1小时(O3_1h),67,36,43,23,29,173,NA,108,108,5,17,4,5,0.4,0.5
2026-09-06T1200,4269A,114.6701,33.6167,周口市,七一路,臭氧1小时(O3_1h),84,61,65,29,36,187,NA,126,126,10,16,9,11,0.6,0.8
2026-09-06T1200,4270A,102.6447,37.9293,武威市,钟楼街149号,颗粒物(PM10),55,56,55,19,27,76,NA,90,82,8,9,9,10,0.3,0.4
2026-09-06T1200,4271A,103.2464,35.6123,临夏回族自治州,滨河东路1号,颗粒物(PM10),61,65,55,33,27,83,NA,38,38,11,20,8,8,0.5,0.5
2026-09-06T1200,4273A,81.2737,43.9337,伊犁哈萨克自治州,安徽路800号,,31,31,39,4,11,67,NA,44,44,8,21,6,7,0.5,0.6
2026-09-06T1200,4274A,117.7994,40.9605,承德市,滨河大街98号,臭氧1小时(O3_1h),64,68,39,20,15,171,NA,68,68,13,12,58,20,1.4,0.5
2026-09-06T1200,4275A,111.591512,40.827312,呼和浩特市,成吉思汗西街8号,,46,46,41,11,13,119,NA,55,55,21,36,12,9,0.5,0.5
2026-09-06T1200,4276A,111.6597,40.8077,呼和浩特市,公园东路75号,,44,44,40,5,15,117,NA,73,73,14,20,13,10,0.4,0.4
2026-09-06T1200,4277A,111.5427,40.7846,呼和浩特市,金海路35号,,50,50,38,10,13,104,NA,66,65,22,28,12,8,0.5,0.4
2026-09-06T1200,4278A,106.8212,39.6741,乌海市,海拉北路,颗粒物(PM10),59,62,46,35,24,96,NA,81,74,27,13,23,19,0.8,0.5
2026-09-06T1200,4279A,119.7569,49.2222,呼伦贝尔市,伊敏大街东7号,,22,22,22,14,11,15,NA,31,15,19,11,6,6,0.4,0.3
2026-09-06T1200,4280A,122.0921,46.065,兴安盟,洮儿河南路,,26,NA,28,18,15,76,NA,43,43,6,12,8,8,0.3,0.4
2026-09-06T1200,4281A,125.334645,43.916281,长春市,北亚泰大街1068号,,38,36,38,18,16,121,NA,49,49,12,29,8,6,0.4,0.3
2026-09-06T1200,4282A,126.6769,45.7379,哈尔滨市,华山路1号,,25,14,26,3,9,80,NA,50,50,9,25,9,8,0.0,0.1
2026-09-06T1200,4283A,126.9717,45.5356,哈尔滨市,解放大街52号,,22,15,29,3,4,70,NA,44,44,3,17,6,6,0.3,0.3
2026-09-06T1200,4284A,128.8325,47.8447,伊春市,永安路4-1号,,23,12,15,7,8,73,NA,28,28,3,4,2,2,0.2,0.3
2026-09-06T1200,4285A,130.363,46.806,佳木斯市,顺和街,,24,15,24,7,11,74,NA,40,40,5,20,3,2,0.2,0.3
2026-09-06T1200,4286A,130.3952,46.8268,佳木斯市,长安路196号,,26,24,23,9,9,82,NA,41,41,4,16,3,3,0.3,0.3
2026-09-06T1200,4287A,129.5992,44.5964,牡丹江市,东晓云街98号,,25,23,30,2,12,77,NA,29,29,2,9,7,8,0.4,0.4
2026-09-06T1200,4288A,117.2438,34.2844,徐州市,龙潭环路5号,,42,36,36,13,21,134,NA,70,70,7,13,10,9,0.6,0.6
2026-09-06T1200,4289A,117.154766,29.256967,景德镇市,青少年活动中心,,39,27,25,27,16,116,NA,77,77,4,5,7,6,/,/
2026-09-06T1200,4290A,120.196923,35.954556,青岛市,珠江路669号,,37,19,17,4,4,117,NA,67,67,13,12,4,4,0.4,0.4
2026-09-06T1200,4291A,120.0424,35.8656,青岛市,黄岛区人民政府广场,,37,19,18,4,4,117,NA,74,74,11,11,4,4,0.3,0.3
2026-09-06T1200,4292A,116.352738,37.420875,德州市,新河东路,,41,24,29,5,15,131,NA,76,76,7,14,11,12,0.5,0.6
2026-09-06T1200,4293A,113.605125,34.755221,郑州市,计划路2号,臭氧1小时(O3_1h),99,64,69,33,37,199,NA,98,98,9,17,6,4,0.4,0.4
2026-09-06T1200,4294A,113.6525645,34.77362682,郑州市,同乐路9号,臭氧1小时(O3_1h),92,62,58,40,37,193,NA,108,108,12,19,7,6,0.5,0.6
2026-09-06T1200,4295A,113.2722,35.2121,焦作市,人民路3066号,臭氧1小时(O3_1h),93,78,55,27,31,194,NA,101,101,4,13,6,5,0.5,0.5
2026-09-06T1200,4296A,114.6421,33.6417,周口市,健康路46号,臭氧1小时(O3_1h),73,52,60,25,36,178,NA,120,120,10,20,4,6,0.5,0.5
2026-09-06T1200,4297A,114.649,33.596,周口市,太昊路,臭氧1小时(O3_1h),82,48,68,23,33,185,NA,125,125,9,16,6,7,0.7,0.8
2026-09-06T1200,4298A,114.284,29.8595,咸宁市,碧桂路,,48,48,42,30,26,145,NA,77,77,10,13,5,5,0.6,0.6
2026-09-06T1200,4299A,111.6195,26.2253,永州市,徐家井路86号,,43,38,29,30,23,94,NA,60,60,14,13,7,6,0.9,0.9
2026-09-06T1200,4300A,114.4089,23.1147,惠州市,文华一路1号,,23,12,16,9,10,72,NA,54,54,4,5,/,/,/,/
2026-09-06T1200,4301A,110.2803,25.2773,桂林市,信义路13号,,28,28,21,17,14,77,NA,67,67,9,8,5,6,0.6,0.6
2026-09-06T1200,4302A,108.0901,24.6945,河池市,上任中路54号,,23,23,9,7,3,65,NA,60,60,3,3,6,6,0.8,0.7
2026-09-06T1200,4303A,105.5911,30.5368,遂宁市,环岛商务中心9号楼,,36,24,60,12,42,115,NA,67,67,6,19,10,16,0.5,0.7
2026-09-06T1200,4304A,106.1172,30.843,南充市,清泉寺北路188号,,37,33,52,21,38,117,NA,68,68,8,13,11,10,0.3,0.4
2026-09-06T1200,4305A,106.067,30.7616,南充市,同庆路1号,颗粒物(PM10),52,52,59,22,47,117,NA,74,74,9,15,11,10,0.4,0.5
2026-09-06T1200,4306A,103.0544,30.0133,雅安市,滨江西路,细颗粒物(PM2.5),58,46,45,39,35,95,NA,72,72,7,9,11,5,0.5,0.4
2026-09-06T1200,4307A,108.9817,34.2035,西安市,曲江池东路988号,颗粒物(PM10),73,82,59,40,34,170,NA,109,109,15,19,8,6,0.8,0.7
2026-09-06T1200,4308A,107.3898,34.3601,宝鸡市,陈仓区北开路21号,颗粒物(PM10),60,63,65,38,44,160,NA,100,100,10,15,8,7,0.6,0.6
2026-09-06T1200,4309A,104.6159,35.5701,定西市,正龙路62号,,44,44,42,17,20,137,NA,123,123,7,8,5,5,0.3,0.3
2026-09-06T1200,4310A,103.207136,35.599807,临夏回族自治州,新华街21号,"颗粒物(PM10),细颗粒物(PM2.5)",60,64,47,40,30,55,NA,30,28,15,15,11,10,0.6,0.5
2026-09-06T1200,4311A,122.0383,46.0691,兴安盟,科尔沁北路63号,,25,NA,24,12,13,77,NA,43,43,3,10,5,5,0.3,0.4
2026-09-06T1200,4312A,119.019,31.6512,南京市,中山西路1号,,37,17,20,3,5,118,NA,82,82,4,8,5,4,0.4,0.5
2026-09-06T1200,4314A,114.0494,38.059,石家庄市,矿区区委大楼,臭氧1小时(O3_1h),58,50,40,18,12,166,NA,72,72,8,10,16,9,0.5,0.5
2026-09-06T1200,4325A,105.3665,28.77434,泸州市,纳溪区委政协,,30,19,25,12,24,94,NA,63,63,5,12,4,4,0.5,0.6
2026-09-06T1200,4326A,113.0794,22.5999,江门市,五邑大学,,25,24,37,17,21,48,NA,88,72,20,15,6,7,0.6,0.7
