timepoint,stationcode,longitude,latitude,area,positionname,primarypollutant,aqi,pm10,pm10_24h,pm2_5,pm2_5_24h,o3,o3_24h,o3_8h,o3_8h_24h,no2,no2_24h,so2,so2_24h,co,co_24h
2026-10-08T1500,1001A,116.3611,39.8786,北京市,万寿西宫,细颗粒物(PM2.5),110,115,92,70,48,201,NA,130,130,30,45,6,4,0.5,0.6
2026-10-08T1500,1003A,116.4174,39.9289,北京市,东四,细颗粒物(PM2.5),106,129,96,66,48,206,NA,130,130,30,44,7,5,0.7,0.7
2026-10-08T1500,1004A,116.4073,39.8858,北京市,天坛,细颗粒物(PM2.5),109,131,82,69,47,193,NA,109,109,30,36,6,3,0.7,0.7
2026-10-08T1500,1005A,116.4622,39.9364,北京市,农展馆,细颗粒物(PM2.5),114,152,97,75,48,181,NA,94,94,32,49,8,5,0.7,0.6
2026-10-08T1500,1006A,116.3399,39.9293,北京市,官园,细颗粒物(PM2.5),122,146,101,84,50,190,NA,126,126,32,41,5,3,0.8,0.7
2026-10-08T1500,1007A,116.2879,39.9613,北京市,海淀万柳,颗粒物(PM10),108,139,97,63,43,198,NA,120,120,33,38,7,4,0.7,0.6
2026-10-08T1500,1008A,116.6635,40.1349,北京市,顺义新城,细颗粒物(PM2.5),114,89,69,75,42,187,NA,118,118,28,27,7,5,0.7,0.6
2026-10-08T1500,1009A,116.6275,40.327,北京市,怀柔镇,细颗粒物(PM2.5),111,132,72,72,38,189,NA,127,127,24,18,8,4,0.6,0.5
2026-10-08T1500,1010A,116.2295,40.217,北京市,昌平镇,细颗粒物(PM2.5),107,129,79,67,39,190,NA,131,131,30,19,8,5,0.7,0.5
2026-10-08T1500,1011A,116.3968,39.982,北京市,奥体中心,细颗粒物(PM2.5),112,132,92,73,49,174,NA,102,102,30,45,4,3,0.7,0.7
2026-10-08T1500,1015A,117.1446,39.1659,天津市,勤俭道,臭氧1小时(O3_1h),84,49,92,24,50,187,NA,138,138,10,30,8,9,0.6,0.7
2026-10-08T1500,1018A,117.2016,39.0928,天津市,前进道,臭氧1小时(O3_1h),77,52,85,28,49,181,NA,134,134,8,28,9,9,0.4,0.5
2026-10-08T1500,1019A,117.1837,39.2134,天津市,淮河道,臭氧1小时(O3_1h),75,49,93,24,43,180,NA,135,135,12,30,10,11,0.4,0.5
2026-10-08T1500,1021A,117.308261,39.088386,天津市,跃进路,臭氧1小时(O3_1h),85,57,91,24,43,188,NA,150,150,11,37,8,8,0.6,0.6
2026-10-08T1500,1023A,117.707,39.0344,天津市,第四大街,臭氧1小时(O3_1h),64,43,75,19,34,171,NA,130,130,8,38,8,11,0.7,0.8
2026-10-08T1500,1024A,117.4573,38.8395,天津市,永明路,臭氧1小时(O3_1h),64,33,71,16,36,171,NA,129,129,10,40,9,10,0.4,0.5
2026-10-08T1500,1026A,117.7641,39.1588,天津市,汉北路,臭氧1小时(O3_1h),74,44,67,23,35,179,NA,139,139,10,31,5,7,0.3,0.4
2026-10-08T1500,1030A,114.5919,38.0328,石家庄市,高新区,臭氧1小时(O3_1h),90,60,93,29,41,192,NA,124,124,12,27,10,7,0.7,0.6
2026-10-08T1500,1032A,114.4556,38.0136,石家庄市,西南高教,臭氧1小时(O3_1h),85,55,84,16,24,188,NA,115,115,13,32,12,9,0.6,0.6
2026-10-08T1500,1033A,114.533,38.0177,石家庄市,世纪公园,臭氧1小时(O3_1h),54,53,86,26,38,163,NA,106,106,10,24,10,8,0.8,0.7
2026-10-08T1500,1034A,114.5105,38.0489,石家庄市,人民会堂,臭氧1小时(O3_1h),73,66,91,13,26,178,NA,127,127,13,28,8,7,0.6,0.7
2026-10-08T1500,1040A,118.1707,39.6505,唐山市,十二中,臭氧1小时(O3_1h),100,61,59,24,29,200,NA,128,128,12,33,8,9,0.6,0.7
2026-10-08T1500,1041A,118.1868,39.6219,唐山市,小山,臭氧1小时(O3_1h),102,73,69,0,31,204,NA,132,132,12,29,10,12,0.6,0.6
2026-10-08T1500,1046A,119.5247,39.9346,秦皇岛市,建设大厦,臭氧1小时(O3_1h),95,86,79,26,24,196,NA,141,141,11,26,12,15,0.4,0.7
2026-10-08T1500,1049A,114.492,36.5712,邯郸市,矿院,臭氧1小时(O3_1h),73,38,72,16,36,178,NA,130,130,5,24,8,8,0.4,0.8
2026-10-08T1500,1050A,114.4839,36.6136,邯郸市,丛台公园,臭氧1小时(O3_1h),64,37,58,2,21,171,NA,128,128,4,16,1,5,0.3,0.5
2026-10-08T1500,1051A,115.4803,38.8568,保定市,游泳馆,臭氧1小时(O3_1h),107,90,119,44,54,213,NA,134,134,15,40,12,5,1.0,0.9
2026-10-08T1500,1052A,115.509,38.8895,保定市,华电二区,臭氧1小时(O3_1h),103,79,91,25,52,206,NA,135,135,16,38,10,4,1.0,0.8
2026-10-08T1500,1053A,115.4588,38.9037,保定市,接待中心,臭氧1小时(O3_1h),106,77,101,48,75,211,NA,123,123,16,34,12,6,1.1,1
2026-10-08T1500,1054A,115.4484,38.8344,保定市,地表水厂,臭氧1小时(O3_1h),109,109,125,49,72,217,NA,129,129,18,36,12,7,0.9,0.7
2026-10-08T1500,1057A,114.8884,40.8336,张家口市,人民公园,臭氧1小时(O3_1h),63,39,43,16,18,170,NA,122,122,8,12,12,8,0,0
2026-10-08T1500,1059A,114.868581,40.804273,张家口市,五金库,臭氧1小时(O3_1h),53,41,48,19,18,162,NA,116,116,10,22,/,/,/,/
2026-10-08T1500,1060A,114.8901,40.762,张家口市,世纪豪园,,50,35,43,4,16,158,NA,109,109,6,14,10,6,0.5,0.5
2026-10-08T1500,1062A,117.9531,40.908,承德市,铁路,臭氧1小时(O3_1h),65,55,52,19,20,172,NA,95,95,14,25,12,9,0.5,0.4
2026-10-08T1500,1063A,117.9397,40.9763,承德市,中国银行,,50,34,43,20,16,160,NA,95,95,10,17,11,8,0.5,0.4
2026-10-08T1500,1067A,116.6712,39.5109,廊坊市,药材公司,臭氧1小时(O3_1h),98,99,126,48,76,198,NA,129,129,14,37,9,8,0.5,0.6
2026-10-08T1500,1068A,116.7215,39.5592,廊坊市,开发区,臭氧1小时(O3_1h),103,97,114,56,74,206,NA,127,127,10,37,7,5,0.5,0.5
2026-10-08T1500,1070A,116.7246,39.5273,廊坊市,北华航天学院,臭氧1小时(O3_1h),103,87,122,45,72,205,NA,129,129,11,47,8,7,0.5,0.6
2026-10-08T1500,1071A,116.8733,38.2922,沧州市,沧县城建局,臭氧1小时(O3_1h),75,68,85,25,38,180,NA,138,138,4,15,7,9,0.2,0.3
2026-10-08T1500,1072A,116.8462,38.3189,沧州市,电视转播站,臭氧1小时(O3_1h),75,65,79,27,45,180,NA,140,140,8,15,9,12,0.1,0.2
2026-10-08T1500,1073A,116.8588,38.3161,沧州市,市环保局,颗粒物(PM10),75,84,94,29,42,166,NA,124,124,8,20,6,6,0.2,0.3
2026-10-08T1500,1074A,115.6839,37.754,衡水市,电机北厂,臭氧1小时(O3_1h),74,80,82,23,33,179,NA,139,139,8,16,9,11,0.4,0.4
2026-10-08T1500,1075A,115.6303,37.7318,衡水市,市监测站,颗粒物(PM10),76,86,98,18,35,173,NA,130,130,8,18,9,10,0.4,0.4
2026-10-08T1500,1077A,114.4687,37.0883,邢台市,达活泉,臭氧1小时(O3_1h),67,66,70,18,20,173,NA,119,119,3,12,5,10,0.2,0.7
2026-10-08T1500,1078A,114.4954,37.0309,邢台市,邢师高专,颗粒物(PM10),53,53,85,16,36,120,NA,80,80,2,17,10,20,0.2,1
2026-10-08T1500,1079A,114.5281,37.0857,邢台市,路桥公司,臭氧1小时(O3_1h),52,51,70,15,24,161,NA,111,111,6,17,6,13,0.1,0.7
2026-10-08T1500,1080A,114.4721,37.0713,邢台市,市环保局,臭氧1小时(O3_1h),73,66,92,11,21,178,NA,126,126,6,17,4,11,0.4,1
2026-10-08T1500,1081A,112.5138,37.8916,太原市,尖草坪,NA,NA,NA,NA,NA,NA,NA,NA,NA,NA,NA,NA,NA,NA,NA,NA
2026-10-08T1500,1084A,112.4691,37.7125,太原市,晋源,,50,49,96,26,58,158,NA,111,111,10,34,11,17,0.5,0.8
2026-10-08T1500,1085A,112.5595,37.7391,太原市,小店,臭氧1小时(O3_1h),63,47,98,23,47,170,NA,100,100,15,58,12,18,0.6,1.1
2026-10-08T1500,1087A,112.5705,37.8199,太原市,坞城,臭氧1小时(O3_1h),57,44,102,30,55,165,NA,110,110,15,62,15,20,0.8,1.3
2026-10-08T1500,1088A,112.5495,37.9853,太原市,南寨,颗粒物(PM10),55,56,86,18,44,142,NA,91,91,22,41,15,11,1.3,1
2026-10-08T1500,1090A,111.6506,40.7517,呼和浩特市,呼市一监,,47,41,63,12,23,148,NA,92,92,8,36,12,12,0.5,0.6
2026-10-08T1500,1094A,111.7516,40.8369,呼和浩特市,如意水处理厂,颗粒物(PM10),51,51,60,22,25,148,NA,91,91,13,53,11,10,0.3,0.3
2026-10-08T1500,1095A,111.727798,40.806187,呼和浩特市,二十九中,颗粒物(PM10),53,53,65,18,25,142,NA,86,86,11,45,11,10,0.6,0.7
2026-10-08T1500,1097A,111.717,40.7617,呼和浩特市,化肥厂生活区,颗粒物(PM10),51,51,61,19,23,146,NA,91,91,11,40,9,8,0.6,0.6
2026-10-08T1500,1099A,123.5058,41.7084,沈阳市,浑南东路,臭氧1小时(O3_1h),73,60,81,28,20,178,NA,130,130,11,29,16,17,0.7,0.9
2026-10-08T1500,1100A,123.4238,41.6992,沈阳市,新秀街,颗粒物(PM10),76,86,45,22,16,174,NA,134,134,16,24,14,26,0.6,0.7
2026-10-08T1500,1102A,123.5903,41.8412,沈阳市,东陵路,颗粒物(PM10),73,81,42,17,14,170,NA,119,119,10,20,11,9,0.7,1
2026-10-08T1500,1103A,123.4267,41.8466,沈阳市,陵东街,,49,44,34,19,13,155,NA,116,116,8,13,9,13,0.5,0.7
2026-10-08T1500,1104A,123.4116,41.7654,沈阳市,文化路,臭氧1小时(O3_1h),64,66,42,17,12,171,NA,130,130,13,18,7,19,0.6,0.8
2026-10-08T1500,1105A,123.4673,41.787,沈阳市,小河沿,颗粒物(PM10),54,55,36,20,14,144,NA,106,106,12,20,12,13,0.6,0.7
2026-10-08T1500,1106A,123.4019,41.7978,沈阳市,太原街,颗粒物(PM10),74,83,50,20,14,169,NA,126,126,14,19,8,16,0.6,0.8
2026-10-08T1500,1108A,123.3778,41.9233,沈阳市,京沈街,颗粒物(PM10),76,86,50,18,13,169,NA,128,128,13,20,8,11,0.3,0.6
2026-10-08T1500,1109A,121.6119,38.974,大连市,甘井子,,47,35,28,20,15,150,NA,123,123,19,18,7,6,0.7,0.7
2026-10-08T1500,1110A,121.565,38.9509,大连市,周水子,,50,31,23,19,14,159,NA,126,126,16,18,5,5,0.5,0.4
2026-10-08T1500,1111A,121.5637,38.8849,大连市,星海三站,,47,23,20,16,13,150,NA,118,118,14,15,7,7,0.6,0.5
2026-10-08T1500,1112A,121.6301,38.9117,大连市,青泥洼桥,,45,32,25,16,14,143,NA,114,114,16,15,9,7,0.7,0.4
2026-10-08T1500,1113A,121.6248,38.8643,大连市,傅家庄,,49,26,26,17,9,154,NA,122,122,10,11,8,7,0.6,0.6
2026-10-08T1500,1114A,121.5117,38.8636,大连市,七贤岭,,48,38,27,22,14,151,NA,117,117,16,17,10,8,0.8,0.7
2026-10-08T1500,1116A,121.7507,39.1339,大连市,金州,,48,30,27,22,14,152,NA,116,116,20,20,12,9,0.7,0.7
2026-10-08T1500,1117A,121.7811,39.0495,大连市,开发区,,47,31,27,18,13,149,NA,115,115,15,18,8,7,0.7,0.6
2026-10-08T1500,1118A,121.9762,39.0631,大连市,双D港,,46,36,24,19,12,146,NA,118,118,10,13,10,8,0.7,0.6
2026-10-08T1500,1120A,125.2874,43.9024,长春市,客车厂,颗粒物(PM10),68,75,59,24,29,135,NA,109,109,15,34,8,7,0.5,0.7
2026-10-08T1500,1121A,125.2943,43.8508,长春市,邮电学院,,46,46,45,21,28,127,NA,103,103,10,21,8,6,0.5,0.5
2026-10-08T1500,1122A,125.3648,43.8745,长春市,劳动公园,,47,47,49,22,28,136,NA,108,108,14,28,8,7,0.7,0.7
2026-10-08T1500,1123A,125.3233,43.8781,长春市,园林处,颗粒物(PM10),51,51,52,22,28,138,NA,112,112,10,21,10,9,0.7,0.8
2026-10-08T1500,1124A,125.4604,43.7904,长春市,净月潭,,47,47,35,23,24,147,NA,115,115,10,11,11,9,0.5,0.4
2026-10-08T1500,1126A,125.38,43.8422,长春市,经开区环卫处,颗粒物(PM10),51,51,52,20,27,142,NA,111,111,12,27,12,10,0.6,0.6
2026-10-08T1500,1127A,125.234,43.7761,长春市,高新区管委会,颗粒物(PM10),57,59,50,18,28,141,NA,112,112,11,26,10,9,0.6,0.6
2026-10-08T1500,1128A,125.1695,43.83,长春市,岱山公园,颗粒物(PM10),52,52,53,22,26,138,NA,114,114,13,26,6,7,0.8,0.8
2026-10-08T1500,1130A,126.5557,45.8109,哈尔滨市,松北商大,,42,42,34,18,14,48,NA,40,40,14,19,8,6,0.5,0.5
2026-10-08T1500,1132A,126.6162,45.719,哈尔滨市,南岗学府路,颗粒物(PM10),53,53,46,10,9,58,NA,39,39,17,27,6,7,0.3,0.4
2026-10-08T1500,1133A,126.6894,45.7733,哈尔滨市,太平宏伟公园,,49,49,41,16,12,54,NA,38,38,15,22,8,8,0.4,0.4
2026-10-08T1500,1134A,126.6361,45.7672,哈尔滨市,道外承德广场,颗粒物(PM10),64,69,56,16,12,36,NA,32,32,38,27,8,7,0.5,0.4
2026-10-08T1500,1136A,126.644,45.7261,哈尔滨市,动力和平路,,46,46,38,14,10,63,NA,38,38,13,24,11,12,0.5,0.6
2026-10-08T1500,1137A,126.5933,45.7479,哈尔滨市,道里建国路,颗粒物(PM10),55,56,42,16,10,62,NA,40,40,9,21,6,7,0.3,0.3
2026-10-08T1500,1138A,126.6127,45.6119,哈尔滨市,平房东轻厂,颗粒物(PM10),52,52,52,21,15,62,NA,55,55,23,32,12,12,0.6,0.6
2026-10-08T1500,1139A,126.5875,45.9827,哈尔滨市,呼兰师专,颗粒物(PM10),51,51,37,8,9,44,NA,45,45,15,17,4,5,0.6,0.6
2026-10-08T1500,1140A,126.6299,45.6799,哈尔滨市,省农科院,颗粒物(PM10),58,61,50,13,14,64,NA,41,41,17,27,7,7,0.6,0.7
2026-10-08T1500,1141A,121.401,31.2382,上海市,普陀,臭氧1小时(O3_1h),120,56,53,33,33,239,NA,172,172,4,21,8,7,0.6,0.7
2026-10-08T1500,1142A,121.4774,31.2043,上海市,十五厂,臭氧1小时(O3_1h),109,53,47,35,31,217,NA,149,149,23,47,10,9,0.5,0.7
2026-10-08T1500,1143A,121.4673,31.3011,上海市,虹口,臭氧1小时(O3_1h),98,70,56,42,33,198,NA,157,157,31,43,9,7,0.4,0.5
2026-10-08T1500,1147A,121.4253,31.226,上海市,静安监测站,臭氧1小时(O3_1h),123,58,52,35,32,246,NA,180,180,16,32,11,10,0.8,0.9
2026-10-08T1500,1148A,121.7029,31.1905,上海市,浦东川沙,臭氧1小时(O3_1h),90,65,61,39,38,192,NA,152,152,27,35,13,12,0.6,0.6
2026-10-08T1500,1149A,121.5339,31.229,上海市,浦东新区监测站,臭氧1小时(O3_1h),107,50,49,31,30,214,NA,152,152,19,36,11,11,0.4,0.5
2026-10-08T1500,1150A,121.5776,31.2038,上海市,浦东张江,臭氧1小时(O3_1h),112,52,52,28,32,223,NA,155,155,22,33,9,9,0.4,0.4
2026-10-08T1500,1151A,118.8033,32.1085,南京市,迈皋桥,臭氧1小时(O3_1h),95,41,46,19,27,196,NA,147,147,8,29,9,8,0.3,0.4
2026-10-08T1500,1152A,118.7487,32.057,南京市,草场门,臭氧1小时(O3_1h),104,44,51,19,28,208,NA,157,157,14,34,8,7,0.6,0.7
2026-10-08T1500,1154A,118.770105,32.004342,南京市,中华门,臭氧1小时(O3_1h),102,51,50,18,29,203,NA,148,148,9,28,7,6,0.3,0.2
2026-10-08T1500,1155A,118.8059,32.0329,南京市,瑞金路,臭氧1小时(O3_1h),99,56,50,20,29,199,NA,151,151,8,29,5,4,0.3,0.5
2026-10-08T1500,1156A,118.7946,32.0774,南京市,玄武湖,臭氧1小时(O3_1h),109,39,44,17,19,218,NA,149,149,2,28,5,4,0.4,0.4
2026-10-08T1500,1157A,118.6415,32.0964,南京市,浦口,臭氧1小时(O3_1h),111,46,47,25,22,222,NA,152,152,18,29,9,8,0.6,0.7
2026-10-08T1500,1158A,118.730129,32.000956,南京市,奥体中心,臭氧1小时(O3_1h),110,53,58,19,29,219,NA,154,154,13,48,10,9,0.4,0.7
2026-10-08T1500,1159A,118.9072,32.1047,南京市,仙林大学城,臭氧1小时(O3_1h),101,56,47,24,25,202,NA,146,146,11,30,7,5,0.5,0.5
2026-10-08T1500,1163A,120.5974,31.3247,苏州市,轧钢厂,臭氧1小时(O3_1h),107,64,63,34,37,213,NA,141,141,22,50,12,10,0.5,0.7
2026-10-08T1500,1164A,120.6329,31.2741,苏州市,吴中区,臭氧1小时(O3_1h),109,55,63,35,39,217,NA,130,130,15,50,12,11,0.8,0.9
2026-10-08T1500,1165A,120.5566,31.3049,苏州市,苏州新区,臭氧1小时(O3_1h),105,66,58,41,40,210,NA,131,131,12,43,11,9,0.7,0.8
2026-10-08T1500,1166A,120.668709,31.312523,苏州市,苏州工业园区,臭氧1小时(O3_1h),107,52,59,29,34,214,NA,148,148,12,35,10,9,0.6,0.7
2026-10-08T1500,1167A,120.6408,31.3707,苏州市,相城区,臭氧1小时(O3_1h),103,58,63,28,34,206,NA,138,138,16,46,11,10,0.8,0.9
2026-10-08T1500,1168A,120.9056,31.9669,南通市,狼山街道,臭氧1小时(O3_1h),115,69,60,37,38,230,NA,181,181,19,19,10,7,0.7,0.7
2026-10-08T1500,1170A,120.8635,32.0231,南通市,城中,NA,NA,NA,78,NA,40,215,NA,161,161,16,22,8,7,0.2,0.4
2026-10-08T1500,1171A,120.9376,31.9301,南通市,星湖花园,臭氧1小时(O3_1h),111,68,61,45,41,221,NA,170,170,22,16,14,7,0.6,0.6
2026-10-08T1500,1172A,120.8053,32.046,南通市,紫琅学院,臭氧1小时(O3_1h),67,45,56,19,40,173,NA,144,144,40,23,7,6,0.7,0.7
2026-10-08T1500,1173A,119.1759,34.5885,连云港市,市环境监测站,,47,22,18,5,6,149,NA,111,111,9,12,12,10,0.4,0.3
2026-10-08T1500,1180A,117.257,34.2161,徐州市,新城区,NA,NA,NA,80,NA,45,174,NA,116,116,10,23,8,8,NA,0.9
2026-10-08T1500,1182A,117.2933,34.2796,徐州市,农科院,臭氧1小时(O3_1h),62,51,78,24,51,169,NA,107,107,13,42,11,12,0.8,0.9
2026-10-08T1500,1186A,119.3895,32.377,扬州市,邗江监测站,臭氧1小时(O3_1h),109,70,80,24,41,218,NA,158,158,14,22,17,13,0.7,0.7
2026-10-08T1500,1188A,120.2693,31.4864,无锡市,雪浪,臭氧1小时(O3_1h),106,56,40,32,20,212,NA,144,144,13,25,10,8,0.9,0.8
2026-10-08T1500,1189A,120.2761,31.621,无锡市,黄巷,臭氧1小时(O3_1h),104,56,69,28,34,208,NA,135,135,17,60,6,6,0.3,0.4
2026-10-08T1500,1191A,120.2422,31.5037,无锡市,漆塘,臭氧1小时(O3_1h),109,60,48,28,22,218,NA,149,149,10,18,11,9,0.6,0.5
2026-10-08T1500,1192A,120.3489,31.5865,无锡市,东亭,臭氧1小时(O3_1h),105,53,49,32,32,210,NA,128,128,19,60,10,9,0.6,0.7
2026-10-08T1500,1193A,120.3538,31.5474,无锡市,旺庄,臭氧1小时(O3_1h),112,64,60,29,31,224,NA,145,145,14,55,12,11,0.7,0.8
2026-10-08T1500,1194A,120.2447,31.5633,无锡市,荣巷,臭氧1小时(O3_1h),106,53,37,27,20,211,NA,137,137,11,24,10,8,0.9,0.9
2026-10-08T1500,1195A,120.2986,31.6816,无锡市,堰桥,臭氧1小时(O3_1h),94,63,60,15,28,195,NA,134,134,20,52,9,8,0.4,0.6
2026-10-08T1500,1196A,119.9524,31.7586,常州市,市监测站,臭氧1小时(O3_1h),104,55,65,22,36,207,NA,146,146,20,54,9,9,0.4,0.7
2026-10-08T1500,1200A,119.9351,31.703,常州市,武进监测站,臭氧1小时(O3_1h),99,43,75,23,43,199,NA,140,140,12,48,12,13,0.5,0.8
2026-10-08T1500,1203A,119.6708,32.187,镇江市,新区办事处,臭氧1小时(O3_1h),117,67,72,37,50,234,NA,162,162,29,36,12,8,0.7,0.7
2026-10-08T1500,1204A,119.497455,32.196732,镇江市,职教中心,臭氧1小时(O3_1h),106,66,75,31,50,212,NA,152,152,14,35,8,8,0.7,0.7
2026-10-08T1500,1205A,119.43,32.1328,镇江市,丹徒区监测站,臭氧1小时(O3_1h),117,75,70,32,49,234,NA,160,160,16,31,13,8,1.1,1.1
2026-10-08T1500,1206A,119.9042,32.488,泰州市,公园路,臭氧1小时(O3_1h),88,51,62,20,40,190,NA,150,150,6,11,13,10,0.7,0.6
2026-10-08T1500,1207A,119.9189,32.4626,泰州市,莲花,臭氧1小时(O3_1h),83,59,69,19,46,186,NA,143,143,9,15,14,14,0.7,0.6
2026-10-08T1500,1209A,119.8877,32.4636,泰州市,留学生创业园,臭氧1小时(O3_1h),97,44,64,26,48,197,NA,162,162,8,13,12,12,0.7,0.8
2026-10-08T1500,1210A,119.0566,33.5991,淮安市,钵池山,,44,36,40,13,22,138,NA,120,120,8,23,8,8,0.7,0.8
2026-10-08T1500,1211A,119.0083,33.578,淮安市,北京南路,,49,41,48,20,22,155,NA,127,127,9,21,8,8,0.6,0.6
2026-10-08T1500,1212A,118.9938,33.6083,淮安市,市监测站,颗粒物(PM10),67,73,48,16,23,143,NA,117,117,12,24,8,9,0.7,0.8
2026-10-08T1500,1213A,119.135,33.5038,淮安市,楚州区监测站,,41,29,42,12,22,130,NA,108,108,6,20,8,8,0.5,0.6
2026-10-08T1500,1216A,120.1554,33.3941,盐城市,市监测站,,37,10,27,7,16,117,NA,101,101,6,22,5,6,0.6,0.7
2026-10-08T1500,1218A,120.214332,33.37951,盐城市,开发区管委会,,35,17,25,6,9,110,NA,95,95,2,7,11,10,0.2,0.2
2026-10-08T1500,1220A,118.2924,33.933,宿迁市,宿迁学院,臭氧1小时(O3_1h),53,42,56,21,32,162,NA,129,129,14,32,4,4,0.2,0.7
2026-10-08T1500,1221A,118.2321,33.9572,宿迁市,宿迁中学,臭氧1小时(O3_1h),52,31,32,17,29,161,NA,119,119,10,19,6,8,0.5,0.6
2026-10-08T1500,1223A,120.2073,30.2111,杭州市,滨江,臭氧1小时(O3_1h),55,28,60,14,34,164,NA,122,122,13,37,8,9,0.4,0.6
2026-10-08T1500,1224A,120.0625,30.2737,杭州市,西溪,,48,29,40,12,23,153,NA,115,115,8,24,6,5,0.3,0.2
2026-10-08T1500,1226A,120.3417,30.315,杭州市,下沙,臭氧1小时(O3_1h),78,40,61,23,38,182,NA,134,134,6,38,9,9,0.4,0.6
2026-10-08T1500,1227A,120.1252,30.2465,杭州市,卧龙桥,NA,NA,24,32,10,20,150,NA,119,119,NA,16,7,8,0.3,0.4
2026-10-08T1500,1228A,120.1902,30.2691,杭州市,浙江农大,臭氧1小时(O3_1h),63,32,48,16,32,170,NA,121,121,9,29,10,9,0.4,0.6
2026-10-08T1500,1230A,120.1195,30.3121,杭州市,和睦小学,臭氧1小时(O3_1h),55,37,45,17,33,164,NA,112,112,15,39,8,8,0.5,0.7
2026-10-08T1500,1231A,120.3076,30.4146,杭州市,临平镇,臭氧1小时(O3_1h),88,57,71,32,38,190,NA,126,126,13,44,10,9,0.5,0.7
2026-10-08T1500,1232A,120.2753,30.1839,杭州市,城厢镇,,48,30,51,17,33,151,NA,114,114,8,24,9,10,0.6,0.7
2026-10-08T1500,1233A,120.0883,30.1808,杭州市,云栖,,45,26,37,10,22,142,NA,109,109,6,14,7,7,0.4,0.5
2026-10-08T1500,1234A,121.8352,29.9111,宁波市,区环保大楼,臭氧1小时(O3_1h),101,51,43,22,22,202,NA,154,154,20,25,8,8,0.3,0.4
2026-10-08T1500,1235A,121.5595,29.8208,宁波市,万里学院,臭氧1小时(O3_1h),73,41,48,15,28,178,NA,126,126,13,33,9,13,0.5,0.6
2026-10-08T1500,1236A,121.713,29.9564,宁波市,龙赛医院,臭氧1小时(O3_1h),102,52,61,23,30,203,NA,148,148,13,30,9,9,0.6,0.7
2026-10-08T1500,1240A,121.5855,29.8635,宁波市,太古小学,臭氧1小时(O3_1h),82,52,54,31,29,185,NA,125,125,15,34,6,8,0.4,0.8
2026-10-08T1500,1241A,121.5239,29.8673,宁波市,市环境监测中心,臭氧1小时(O3_1h),90,53,55,24,26,192,NA,133,133,9,21,11,11,0.4,0.4
2026-10-08T1500,1242A,120.6342,28.0088,温州市,瓯海,,42,36,39,11,23,132,NA,99,99,10,29,7,8,0.4,0.6
2026-10-08T1500,1243A,120.6747,27.9881,温州市,南浦,,44,27,43,8,21,138,NA,102,102,8,22,6,7,0.4,0.5
2026-10-08T1500,1244A,120.76,27.9745,温州市,龙湾,,45,28,38,10,20,144,NA,107,107,13,24,7,8,0.4,0.4
2026-10-08T1500,1247A,120.6053,29.9927,绍兴市,城东开发委,,43,16,46,9,28,137,NA,110,110,11,24,7,8,0.4,0.6
2026-10-08T1500,1250A,120.075,30.867,湖州市,城西水厂,臭氧1小时(O3_1h),95,45,55,27,32,196,NA,123,123,15,66,8,8,0.5,0.5
2026-10-08T1500,1252A,120.7439,30.778,嘉兴市,清河小学,臭氧1小时(O3_1h),53,36,57,16,32,162,NA,137,137,10,26,8,8,0.1,0.5
2026-10-08T1500,1253A,120.7261,30.7477,嘉兴市,嘉兴学院,臭氧1小时(O3_1h),64,32,51,18,31,171,NA,121,121,10,40,8,8,0.3,0.5
2026-10-08T1500,1255A,121.2727,28.6461,台州市,黄岩环保大楼,,45,35,35,11,15,144,NA,122,122,5,8,/,/,/,/
2026-10-08T1500,1256A,121.4188,28.6545,台州市,台州环保大楼,,45,24,34,5,15,143,NA,124,124,6,12,/,/,0.7,0.8
2026-10-08T1500,1257A,121.3768,28.5772,台州市,路桥田洋王,,46,25,38,10,20,145,NA,122,122,7,15,6,7,0.6,0.7
2026-10-08T1500,1258A,122.1223,30.0203,舟山市,定海檀枫,,49,37,36,18,18,155,NA,137,137,5,11,7,7,0.7,0.7
2026-10-08T1500,1260A,122.1898,29.9945,舟山市,临城新区,臭氧1小时(O3_1h),57,32,32,15,20,165,NA,144,144,6,10,8,8,0.3,0.3
2026-10-08T1500,1262A,119.6478,29.0773,金华市,十五中,,47,26,56,9,29,150,NA,123,123,7,23,5,6,0.8,0.9
2026-10-08T1500,1263A,119.6859,29.1032,金华市,监测站,,50,27,56,10,30,158,NA,124,124,10,35,3,4,0.4,0.6
2026-10-08T1500,1264A,118.8694,28.94,衢州市,环保大楼,臭氧1小时(O3_1h),70,33,52,18,32,176,NA,134,134,13,24,/,/,/,/
2026-10-08T1500,1266A,118.8622,28.9809,衢州市,衢州学院,臭氧1小时(O3_1h),57,29,43,16,26,165,NA,131,131,12,23,9,10,0.5,0.5
2026-10-08T1500,1267A,119.9141,28.4513,丽水市,监测站大楼,,31,31,34,6,19,68,NA,57,57,31,42,6,6,0.3,0.4
2026-10-08T1500,1268A,119.93,28.4589,丽水市,莲都小学,,39,19,33,6,19,124,NA,92,92,6,17,/,/,/,/
2026-10-08T1500,1269A,119.8794,28.4232,丽水市,余庄前,,44,20,31,6,18,139,NA,104,104,7,14,5,5,0.4,0.5
2026-10-08T1500,1270A,117.1957,31.7845,合肥市,明珠广场,,49,29,53,8,28,154,NA,134,134,8,47,5,13,0.3,0.4
2026-10-08T1500,1271A,117.307,31.8765,合肥市,三里街,,50,34,54,14,29,159,NA,113,113,14,50,7,7,0.6,0.8
2026-10-08T1500,1272A,117.2587,31.8703,合肥市,琥珀山庄,臭氧1小时(O3_1h),57,44,53,10,27,165,NA,127,127,10,33,9,8,0.6,0.9
2026-10-08T1500,1275A,117.2593,31.9376,合肥市,庐阳区,臭氧1小时(O3_1h),63,34,61,14,31,170,NA,125,125,14,45,7,7,0.6,0.7
2026-10-08T1500,1276A,117.345251,31.861615,合肥市,瑶海区,臭氧1小时(O3_1h),52,36,53,13,26,161,NA,122,122,9,35,6,5,0.4,0.6
2026-10-08T1500,1277A,117.3033,31.7967,合肥市,包河区,,50,39,55,12,26,157,NA,115,115,14,80,6,8,0.3,0.5
2026-10-08T1500,1278A,117.278,31.7392,合肥市,滨湖新区,臭氧1小时(O3_1h),70,31,43,12,23,176,NA,139,139,11,25,8,9,0.4,0.5
2026-10-08T1500,1279A,117.1324,31.8395,合肥市,高新区,,44,29,45,8,23,138,NA,117,117,26,36,7,8,0.2,0.4
2026-10-08T1500,1282A,119.2681,26.0506,福州市,师大,,40,34,35,8,14,126,NA,116,116,7,9,5,6,0.4,0.5
2026-10-08T1500,1283A,119.2983,26.1028,福州市,五四北路,,39,24,33,7,13,124,NA,116,116,9,13,5,6,0.3,0.4
2026-10-08T1500,1284A,119.2648,26.0769,福州市,杨桥西路,,39,26,35,8,14,124,NA,115,115,7,9,4,5,/,/
2026-10-08T1500,1287A,118.1519,24.4768,厦门市,洪文,,39,36,34,14,16,122,NA,115,106,10,10,3,3,0.4,0.4
2026-10-08T1500,1288A,118.0671,24.4447,厦门市,鼓浪屿,,43,34,35,13,16,135,NA,128,119,6,8,3,3,/,/
2026-10-08T1500,1291A,115.8887,28.7006,南昌市,省林业公司,臭氧1小时(O3_1h),74,36,35,26,23,179,NA,134,134,5,15,11,9,0.6,0.5
2026-10-08T1500,1292A,115.813,28.7443,南昌市,林科所,臭氧1小时(O3_1h),67,44,26,26,19,173,NA,133,133,13,18,11,10,0.9,0.7
2026-10-08T1500,1294A,115.8518,28.687,南昌市,建工学校,臭氧1小时(O3_1h),83,59,49,30,22,186,NA,138,138,13,17,15,14,1.0,0.7
2026-10-08T1500,1295A,115.8926,28.6425,南昌市,象湖,,47,36,34,24,24,149,NA,113,113,12,17,12,11,0.8,0.9
2026-10-08T1500,1299A,116.9866,36.6118,济南市,科干所,臭氧1小时(O3_1h),84,56,59,24,29,187,NA,158,158,9,14,6,7,0.4,0.2
2026-10-08T1500,1300A,116.9379,36.6652,济南市,农科所,臭氧1小时(O3_1h),84,54,60,17,30,187,NA,150,150,10,24,10,10,0.3,0.4
2026-10-08T1500,1301A,117.1265,36.6736,济南市,开发区,臭氧1小时(O3_1h),85,44,54,16,24,188,NA,164,164,6,13,9,9,0.3,0.3
2026-10-08T1500,1303A,117.0616,36.6865,济南市,省种子仓库,臭氧1小时(O3_1h),68,58,70,19,32,174,NA,150,150,7,32,8,9,0.2,0.4
2026-10-08T1500,1304A,116.9495185,36.644937,济南市,机床二厂,臭氧1小时(O3_1h),72,63,64,27,33,177,NA,150,150,10,24,8,8,0.4,0.5
2026-10-08T1500,1305A,117.0496,36.6629,济南市,市监测站,臭氧1小时(O3_1h),90,51,62,17,30,192,NA,167,167,8,20,8,8,0.3,0.4
2026-10-08T1500,1306A,116.7674,36.5458,济南市,长清党校,臭氧1小时(O3_1h),98,76,64,20,28,198,NA,154,154,12,17,9,11,0.2,0.3
2026-10-08T1500,1310A,120.404,36.0625,青岛市,市南区东部子站,,43,12,11,2,2,135,NA,121,121,8,9,7,8,0.4,0.4
2026-10-08T1500,1311A,120.362344,36.10282,青岛市,四方区子站,,43,9,14,2,3,136,NA,116,116,10,16,4,4,0.4,0.4
2026-10-08T1500,1312A,120.294373,36.054183,青岛市,市南区西部子站,,39,5,9,1,1,122,NA,115,115,15,12,6,6,0.4,0.4
2026-10-08T1500,1313A,120.4581,36.0858,青岛市,崂山区子站,,42,14,10,6,3,133,NA,116,116,4,9,9,10,0.3,0.5
2026-10-08T1500,1315A,120.3945,36.3083,青岛市,城阳区子站,NA,NA,12,22,2,4,126,NA,97,97,6,19,5,5,NA,0.3
2026-10-08T1500,1316A,113.6843,34.7622,郑州市,烟厂,臭氧1小时(O3_1h),65,59,63,17,29,172,NA,137,137,9,25,4,6,0.2,0.3
2026-10-08T1500,1318A,113.669,34.8034,郑州市,银行学校,NA,NA,45,57,29,33,156,NA,125,125,14,32,NA,6,0.4,0.4
2026-10-08T1500,1319A,113.5612,34.8143,郑州市,供水公司,臭氧1小时(O3_1h),67,37,55,28,27,173,NA,128,128,11,24,4,4,0.2,0.3
2026-10-08T1500,1320A,113.7269,34.7187,郑州市,经开区管委,臭氧1小时(O3_1h),60,43,60,21,34,168,NA,130,130,5,31,12,8,0.2,0.4
2026-10-08T1500,1321A,113.7332,34.7727,郑州市,四十七中,臭氧1小时(O3_1h),54,48,59,25,32,163,NA,129,129,8,32,5,6,0.3,0.4
2026-10-08T1500,1323A,113.6361,34.7537,郑州市,河医大,颗粒物(PM10),51,51,71,26,34,158,NA,119,119,10,30,10,10,0.7,0.7
2026-10-08T1500,1325A,114.3676,30.5584,武汉市,东湖梨园,臭氧1小时(O3_1h),52,NA,38,20,35,161,NA,114,114,13,30,11,11,0.6,0.8
2026-10-08T1500,1326A,114.2527,30.5578,武汉市,汉阳月湖,,43,21,45,10,31,136,NA,110,110,10,35,7,7,0.3,0.5
2026-10-08T1500,1327A,114.2819,30.6189,武汉市,汉口花桥,,49,31,44,21,32,155,NA,115,115,8,34,10,10,0.4,0.7
2026-10-08T1500,1328A,114.3024,30.5332,武汉市,武昌紫阳,,43,26,50,13,32,137,NA,113,113,10,42,10,10,0.4,0.8
2026-10-08T1500,1329A,114.3646,30.6217,武汉市,青山钢花,臭氧1小时(O3_1h),52,30,57,14,40,161,NA,114,114,9,43,10,11,0.6,0.9
2026-10-08T1500,1330A,114.156697,30.482592,武汉市,沌口新区,臭氧1小时(O3_1h),69,30,46,21,35,175,NA,134,134,8,46,14,15,0.4,0.5
2026-10-08T1500,1331A,114.3013,30.5944,武汉市,汉口江滩,臭氧1小时(O3_1h),58,28,53,20,33,166,NA,119,119,10,52,6,7,0.5,0.7
2026-10-08T1500,1333A,114.1285,30.6339,武汉市,吴家山,臭氧1小时(O3_1h),60,30,52,18,39,168,NA,115,115,16,55,10,10,0.4,0.8
2026-10-08T1500,1335A,113.082,28.2421,长沙市,经开区环保局,臭氧1小时(O3_1h),65,37,42,16,24,172,NA,119,119,6,21,6,8,0.5,0.5
2026-10-08T1500,1336A,112.8873,28.2202,长沙市,高开区环保局,,47,33,54,18,32,149,NA,101,101,8,34,7,7,0.6,0.8
2026-10-08T1500,1337A,113.0785,28.2012,长沙市,马坡岭,臭氧1小时(O3_1h),90,36,51,19,28,192,NA,122,122,10,28,9,8,0.3,0.4
2026-10-08T1500,1338A,112.9448,28.1894,长沙市,湖南师范大学,臭氧1小时(O3_1h),79,43,45,21,25,183,NA,122,122,11,22,6,6,0.5,0.6
2026-10-08T1500,1339A,113.0177,28.1322,长沙市,雨花区环保局,臭氧1小时(O3_1h),58,38,46,15,25,166,NA,114,114,14,34,9,9,0.5,0.6
2026-10-08T1500,1340A,112.9795,28.2593,长沙市,伍家岭,臭氧1小时(O3_1h),68,41,53,18,29,174,NA,109,109,10,24,6,6,0.3,0.4
2026-10-08T1500,1341A,113.002,28.1944,长沙市,火车新站,臭氧1小时(O3_1h),75,44,50,23,26,180,NA,71,NA,14,33,5,7,0.6,0.8
2026-10-08T1500,1342A,112.9846,28.1177,长沙市,天心区环保局,臭氧1小时(O3_1h),64,36,47,18,26,171,NA,121,121,11,32,6,6,0.7,0.8
2026-10-08T1500,1343A,112.8906,28.1307,长沙市,湖南中医药大学,臭氧1小时(O3_1h),59,35,46,19,25,167,NA,103,103,7,32,10,9,0.8,0.9
2026-10-08T1500,1345A,113.2346,23.1423,广州市,广雅中学,,44,37,45,20,25,140,NA,98,98,14,42,6,7,0.5,0.4
2026-10-08T1500,1346A,113.2611,23.105,广州市,市五中,,48,31,33,19,22,152,NA,114,114,8,21,5,7,/,/
2026-10-08T1500,1348A,113.3477,23.0916,广州市,广东商学院,,42,29,31,18,17,134,NA,106,106,7,23,6,7,0.3,0.3
2026-10-08T1500,1349A,113.4332,23.105,广州市,市八十六中,,42,22,27,16,20,133,NA,95,95,14,36,8,8,/,/
2026-10-08T1500,1350A,113.3506,22.9488,广州市,番禺中学,臭氧1小时(O3_1h),65,60,44,30,26,172,NA,114,114,12,27,7,7,0.4,0.4
2026-10-08T1500,1351A,113.2147,23.3918,广州市,花都师范,,47,47,38,32,19,134,NA,114,114,9,15,5,7,0.8,0.8
2026-10-08T1500,1352A,113.2599,23.1329,广州市,市监测站,,45,36,39,18,22,141,NA,103,103,7,26,2,3,/,/
2026-10-08T1500,1353A,113.5618,23.3119,广州市,九龙镇镇龙,,38,38,43,21,25,104,NA,84,84,7,22,9,9,0.5,0.5
2026-10-08T1500,1354A,113.2764,23.1544,广州市,麓湖,,43,38,28,24,18,135,NA,97,97,8,33,6,7,0.7,0.7
2026-10-08T1500,1356A,114.0948,22.5506,深圳市,通心岭子站,臭氧1小时(O3_1h),72,45,38,25,22,177,NA,140,140,7,9,4,4,0.8,0.8
2026-10-08T1500,1357A,114.1153,22.5713,深圳市,洪湖,臭氧1小时(O3_1h),65,46,46,27,24,172,NA,129,129,12,26,2,2,0.8,0.8
2026-10-08T1500,1358A,113.9823,22.5398,深圳市,华侨城,臭氧1小时(O3_1h),88,55,42,33,25,190,NA,142,142,16,21,/,/,/,/
2026-10-08T1500,1359A,113.9181,22.517,深圳市,南海子站,臭氧1小时(O3_1h),94,56,44,30,28,195,NA,151,151,15,19,1,2,0.7,0.7
2026-10-08T1500,1360A,114.2345,22.565,深圳市,盐田,,47,42,40,22,21,148,NA,136,136,13,10,9,8,0.8,0.8
2026-10-08T1500,1363A,114.4911,22.5381,深圳市,南澳,,42,30,35,10,20,133,NA,142,136,8,4,/,/,/,/
2026-10-08T1500,1364A,114.41,22.6346,深圳市,葵涌,颗粒物(PM10),56,58,37,34,21,163,NA,145,145,10,8,9,8,1.0,1
2026-10-08T1500,1365A,114.2967,22.5978,深圳市,梅沙,,50,39,45,18,20,158,NA,143,143,8,11,/,/,/,/
2026-10-08T1500,1366A,114.0563,22.7353,深圳市,观澜,臭氧1小时(O3_1h),63,51,53,28,28,170,NA,141,141,14,22,5,5,0.7,0.7
2026-10-08T1500,1367A,113.5811,22.2618,珠海市,吉大,臭氧1小时(O3_1h),115,52,37,34,24,230,NA,164,164,10,12,10,10,0.7,0.6
2026-10-08T1500,1368A,113.4893,22.2323,珠海市,前山,臭氧1小时(O3_1h),80,50,44,24,25,184,NA,132,132,15,22,/,/,/,/
2026-10-08T1500,1369A,113.6284,22.4252,珠海市,唐家,臭氧1小时(O3_1h),114,50,38,33,27,228,NA,156,156,11,13,/,/,/,/
2026-10-08T1500,1370A,113.2986,22.2284,珠海市,斗门,臭氧1小时(O3_1h),88,NA,45,23,32,190,NA,124,124,13,23,10,10,0.7,0.7
2026-10-08T1500,1371A,113.1293,23.0065,佛山市,湾梁,,47,31,33,21,24,150,NA,103,103,11,24,/,/,/,/
2026-10-08T1500,1372A,113.1082,23.0477,佛山市,华材职中,臭氧1小时(O3_1h),57,36,40,26,26,165,NA,106,106,10,36,2,3,0.7,0.7
2026-10-08T1500,1373A,113.1439,23.045,佛山市,南海气象局,,48,41,39,22,26,152,NA,101,101,10,30,/,/,/,/
2026-10-08T1500,1374A,113.2879,22.8094,佛山市,顺德苏岗,臭氧1小时(O3_1h),102,52,38,35,27,203,NA,128,128,13,26,/,/,0.5,0.5
2026-10-08T1500,1376A,112.8384,22.8678,佛山市,高明孔堂,臭氧1小时(O3_1h),83,55,51,32,31,186,NA,107,107,15,31,/,/,/,/
2026-10-08T1500,1377A,112.8835,23.1584,佛山市,三水监测站,,50,41,45,28,29,157,NA,109,109,10,25,6,8,0.5,0.5
2026-10-08T1500,1378A,112.8668,23.185,佛山市,三水云东海,,49,32,39,23,27,154,NA,111,111,6,22,/,/,/,/
2026-10-08T1500,1379A,113.377,22.5211,中山市,华柏园,臭氧1小时(O3_1h),101,59,50,35,31,202,NA,131,131,14,24,/,/,/,/
2026-10-08T1500,1380A,113.3879,22.5499,中山市,张溪,臭氧1小时(O3_1h),105,61,53,45,31,209,NA,135,135,16,26,/,/,/,/
2026-10-08T1500,1381A,113.4071,22.5111,中山市,紫马岭,臭氧1小时(O3_1h),111,62,45,42,31,222,NA,141,141,17,24,11,10,0.9,0.9
2026-10-08T1500,1383A,113.1063,22.6058,江门市,北街,臭氧1小时(O3_1h),95,64,48,32,31,196,NA,117,117,17,32,/,/,/,/
2026-10-08T1500,1384A,113.073,22.5835,江门市,西区,臭氧1小时(O3_1h),98,58,59,33,34,198,NA,113,113,19,41,/,/,/,/
2026-10-08T1500,1385A,113.0218,22.531,江门市,圭峰西,臭氧1小时(O3_1h),92,63,49,36,32,193,NA,110,110,20,28,/,/,/,/
2026-10-08T1500,1390A,113.7943,23.0132,东莞市,东城石井,,43,23,32,21,26,135,NA,108,108,7,14,9,11,0.7,0.7
2026-10-08T1500,1391A,113.7384,22.9659,东莞市,南城西平,,48,40,48,24,30,151,NA,119,119,9,34,11,13,0.8,0.8
2026-10-08T1500,1392A,114.4181,23.0528,惠州市,河南岸金山湖子站,,42,42,43,28,28,129,NA,111,111,11,20,10,12,0.6,0.7
2026-10-08T1500,1393A,114.4055,23.0824,惠州市,下埔横江三路子站,,39,39,44,22,26,121,NA,106,106,6,14,10,11,0.5,0.5
2026-10-08T1500,1395A,114.4645,22.7832,惠州市,惠阳区承修路船湖子站,臭氧1小时(O3_1h),60,47,55,28,31,168,NA,121,121,8,20,5,5,0.8,0.8
2026-10-08T1500,1396A,114.5316,22.7423,惠州市,大亚湾管委会子站,,47,45,43,26,23,149,NA,123,123,12,16,6,5,0.7,0.7
2026-10-08T1500,1397A,112.426,23.062,肇庆市,睦岗子站,臭氧1小时(O3_1h),62,38,35,30,19,169,NA,120,120,12,35,10,9,/,/
2026-10-08T1500,1398A,112.4645,23.0476,肇庆市,城中子站,臭氧1小时(O3_1h),55,45,35,35,20,164,NA,110,110,16,32,14,13,0.7,0.6
2026-10-08T1500,1399A,112.5545,23.1525,肇庆市,坑口子站,臭氧1小时(O3_1h),92,51,30,34,17,193,NA,138,138,13,17,9,8,0.4,0.3
2026-10-08T1500,1401A,108.3098,22.788,南宁市,二十一中,,44,23,37,12,25,138,NA,106,106,7,23,7,12,0.7,0.7
2026-10-08T1500,1402A,108.3135,22.8529,南宁市,北湖,NA,NA,30,47,NA,30,141,NA,105,105,8,26,7,10,0.4,0.8
2026-10-08T1500,1403A,108.3205,22.8222,南宁市,市监测站,,46,32,36,14,22,145,NA,111,111,8,20,8,14,0.7,0.7
2026-10-08T1500,1404A,108.3828,22.8038,南宁市,大自然花园,,43,22,30,13,17,136,NA,123,123,4,9,6,9,0.4,0.5
2026-10-08T1500,1406A,108.2397,22.8462,南宁市,区农职院,,48,32,39,17,25,152,NA,116,116,4,14,7,14,0.6,0.6
2026-10-08T1500,1407A,108.3285,22.7356,南宁市,英华嘉园,,43,42,44,12,24,135,NA,105,105,8,22,7,10,0.4,0.5
2026-10-08T1500,1410A,110.3189,20.0596,海口市,海南大学,NA,NA,41,34,24,19,149,NA,149,149,8,8,7,7,NA,0.4
2026-10-08T1500,1411A,110.2827,20.0051,海口市,秀英海南医院,,46,44,34,22,20,145,NA,148,148,6,6,4,4,0.2,0.3
2026-10-08T1500,1412A,110.3391,19.9979,海口市,海南师范大学,,43,43,33,19,20,130,NA,142,142,5,6,4,4,0.5,0.5
2026-10-08T1500,1413A,110.3303,20.0359,海口市,龙华路环保局宿舍,,45,44,35,20,19,142,NA,148,148,6,6,/,/,0.5,0.4
2026-10-08T1500,1416A,106.4216,29.8256,重庆市,天生,,35,34,46,16,29,109,NA,66,66,11,18,10,10,0.6,0.7
2026-10-08T1500,1417A,106.6264,29.7226,重庆市,两路,颗粒物(PM10),51,51,52,19,25,108,NA,63,63,15,17,9,8,0.6,0.7
2026-10-08T1500,1419A,106.5778,29.5103,重庆市,南坪,,38,38,58,24,28,109,NA,64,64,19,18,7,11,0.7,0.7
2026-10-08T1500,1420A,106.6556,29.6277,重庆市,唐家沱,,40,29,42,28,28,117,NA,62,62,11,20,10,9,0.8,0.8
2026-10-08T1500,1431A,103.9727,30.7242,成都市,金泉两河,细颗粒物(PM2.5),68,63,75,44,56,95,NA,60,60,12,16,3,3,0.5,0.5
2026-10-08T1500,1432A,104.1423,30.6765,成都市,十里店,颗粒物(PM10),67,73,96,35,66,112,NA,60,60,9,22,7,9,0.7,0.8
2026-10-08T1500,1433A,104.0594,30.5765,成都市,三瓦窑,NA,NA,70,83,NA,59,131,NA,73,73,17,30,9,10,0.4,0.5
2026-10-08T1500,1434A,104.1122,30.6306,成都市,沙河铺,颗粒物(PM10),65,71,99,38,61,109,NA,60,60,16,27,10,9,0.6,0.7
2026-10-08T1500,1439A,106.6863,26.6035,贵阳市,马鞍山,,37,19,22,8,13,116,NA,79,79,6,12,6,4,/,/
2026-10-08T1500,1441A,106.6241,26.6266,贵阳市,鉴湖路,,36,34,39,10,13,115,NA,97,97,8,14,11,10,0.5,0.6
2026-10-08T1500,1442A,106.7468,26.6344,贵阳市,燕子冲,,36,29,35,6,15,114,NA,75,75,8,14,7,6,0.5,0.6
2026-10-08T1500,1443A,106.6556,26.4362,贵阳市,碧云窝,,36,36,38,7,13,111,NA,80,80,5,12,8,7,/,/
2026-10-08T1500,1445A,106.6963,26.6063,贵阳市,红边门,,34,24,31,5,16,107,NA,75,75,7,18,5,4,/,/
2026-10-08T1500,1446A,106.7162383,26.56964667,贵阳市,新华路,,34,24,37,9,13,108,NA,79,79,7,20,8,8,0.5,0.6
2026-10-08T1500,1447A,106.6742,26.542,贵阳市,太慈桥,,34,34,29,8,14,107,NA,76,76,8,16,8,4,/,/
2026-10-08T1500,1450A,102.8203,24.889,昆明市,呈贡新区,,35,10,30,6,24,110,NA,77,77,4,22,3,3,0.8,1
2026-10-08T1500,1452A,102.7253,25.0904,昆明市,龙泉镇,,33,NA,41,18,31,104,NA,60,60,11,24,4,3,0.6,0.8
2026-10-08T1500,1453A,102.7267,25.0378,昆明市,东风东路,,35,18,43,16,29,109,NA,64,64,10,28,8,7,0.6,0.9
2026-10-08T1500,1454A,102.6744,25.0671,昆明市,金鼎山,,34,20,51,12,31,106,NA,65,65,10,28,6,5,0.4,0.6
2026-10-08T1500,1455A,102.6643,25.0401,昆明市,碧鸡广场,NA,NA,NA,44,20,29,99,NA,60,60,7,26,NA,8,0.6,0.7
2026-10-08T1500,1456A,91.132,29.6515,拉萨市,八廓街,,32,12,15,6,7,100,NA,75,75,5,15,8,10,0.2,0.2
2026-10-08T1500,1457A,91.1221,29.6748,拉萨市,市环保局,,30,9,17,4,6,93,NA,65,65,7,16,9,10,0.2,0.3
2026-10-08T1500,1458A,91.0874,29.6476,拉萨市,区监测站,,30,6,13,5,6,96,NA,74,74,5,21,7,8,0.2,0.4
2026-10-08T1500,1459A,91.1774,29.6541,拉萨市,西藏大学,,31,8,14,6,6,99,NA,74,74,7,14,8,10,0.2,0.2
2026-10-08T1500,1460A,90.9798,29.6586,拉萨市,区辐射站,,26,11,30,5,11,82,NA,49,49,10,32,7,10,0.2,0.3
2026-10-08T1500,1461A,91.0831,29.6292,拉萨市,拉萨火车站,,30,7,13,5,7,93,NA,63,63,5,17,6,7,0.2,0.3
2026-10-08T1500,1463A,108.9931,34.2629,西安市,兴庆小区,臭氧1小时(O3_1h),94,61,69,45,47,195,NA,100,100,20,30,6,5,0.6,0.7
2026-10-08T1500,1464A,109.0595,34.2569,西安市,纺织城,颗粒物(PM10),56,58,75,34,51,163,NA,85,85,15,29,6,4,0.6,0.7
2026-10-08T1500,1465A,108.9377,34.2178,西安市,小寨,臭氧1小时(O3_1h),82,76,83,42,51,185,NA,103,103,21,34,4,4,0.6,0.8
2026-10-08T1500,1466A,108.9522,34.2739,西安市,市人民体育场,臭氧1小时(O3_1h),103,69,87,39,56,205,NA,116,116,25,43,6,6,0.7,0.9
2026-10-08T1500,1467A,108.8923,34.2322,西安市,高新西区,颗粒物(PM10),55,57,78,36,49,147,NA,88,88,16,27,7,8,0.7,0.8
2026-10-08T1500,1468A,108.9386,34.3446,西安市,经开区,颗粒物(PM10),55,56,86,26,51,161,NA,101,101,14,31,5,6,0.5,0.7
2026-10-08T1500,1469A,108.894,34.1557,西安市,长安区,颗粒物(PM10),65,71,81,34,48,163,NA,88,88,17,39,4,4,0.5,0.6
2026-10-08T1500,1471A,109.213,34.3748,西安市,临潼区,颗粒物(PM10),53,54,99,28,69,161,NA,88,88,14,27,8,6,0.7,0.8
2026-10-08T1500,1474A,109.0508,34.321,西安市,广运潭,颗粒物(PM10),51,51,74,20,45,152,NA,84,84,16,24,9,8,0.7,0.7
2026-10-08T1500,1479A,103.8309,36.0467,兰州市,铁路设计院,,38,38,52,14,27,119,NA,62,62,8,21,4,5,0.2,0.5
2026-10-08T1500,1489A,106.1361,38.5039,银川市,学院路,颗粒物(PM10),52,52,72,23,24,124,NA,68,68,11,28,7,7,0.4,0.5
2026-10-08T1500,1490A,87.5796,43.8299,乌鲁木齐市,监测站,颗粒物(PM10),59,62,53,21,16,56,NA,30,27,32,29,4,3,0.5,0.5
2026-10-08T1500,1491A,87.6044,43.7679,乌鲁木齐市,收费所,颗粒物(PM10),58,60,61,20,18,57,NA,37,37,31,29,4,2,0.6,0.4
2026-10-08T1500,1493A,87.5529,43.8704,乌鲁木齐市,铁路局,颗粒物(PM10),58,60,54,23,20,69,NA,34,34,23,29,9,7,0.3,0.3
2026-10-08T1500,1494A,87.6408,43.8258,乌鲁木齐市,三十一中学,颗粒物(PM10),62,66,59,21,22,61,NA,35,35,30,28,11,9,0.6,0.6
2026-10-08T1500,1496A,87.7218,44.1747,乌鲁木齐市,米东区环保局,,36,36,48,1,13,82,NA,56,46,5,10,11,10,0.2,0.3
2026-10-08T1500,1508A,112.9508,27.8626,湘潭市,板塘,臭氧1小时(O3_1h),67,26,45,15,25,173,NA,131,131,6,37,7,7,0.6,0.3
2026-10-08T1500,1511A,112.9114,27.8404,湘潭市,市监测站,,48,20,42,11,30,153,NA,88,88,10,31,5,4,0.6,0.7
2026-10-08T1500,1512A,112.8935,27.8729,湘潭市,江麓,臭氧1小时(O3_1h),52,27,51,13,28,161,NA,98,98,8,26,8,7,0.2,0.4
2026-10-08T1500,1513A,112.9227,27.8159,湘潭市,岳塘,臭氧1小时(O3_1h),68,38,55,15,31,174,NA,108,108,8,25,11,9,0.4,0.5
2026-10-08T1500,1514A,112.9073,27.9118,湘潭市,科大,,49,30,54,14,32,154,NA,106,106,3,29,6,7,0.7,0.7
2026-10-08T1500,1515A,113.1265,27.8306,株洲市,天台山庄,,50,26,49,18,30,157,NA,117,117,7,28,5,6,0.2,0.6
2026-10-08T1500,1518A,113.0937,27.8919,株洲市,株冶医院,,48,29,40,15,23,152,NA,115,115,7,24,6,7,0.2,0.4
2026-10-08T1500,1519A,113.1709,27.8661,株洲市,市四中,,40,25,45,13,27,128,NA,95,95,11,30,7,7,0.6,0.8
2026-10-08T1500,1520A,113.1515,27.8265,株洲市,火车站,,50,30,53,20,32,159,NA,113,113,13,30,11,12,0.4,0.8
2026-10-08T1500,1524A,113.1329,27.8491,株洲市,市监测站,,50,27,49,18,32,157,NA,114,114,12,36,10,10,0.2,0.6
2026-10-08T1500,1562A,113.0048,27.9153,湘潭市,昭山,,46,24,38,14,22,145,NA,106,106,6,29,9,10,0.3,0.4
2026-10-08T1500,1585A,109.8761,40.6533,包头市,市环境监测站,,48,48,62,22,25,153,NA,91,91,18,40,10,11,0.6,0.7
2026-10-08T1500,1587A,109.9992,40.5843,包头市,包头八中,颗粒物(PM10),54,55,68,31,28,154,NA,97,97,17,37,11,11,0.5,0.5
2026-10-08T1500,1589A,109.8641,40.6288,包头市,惠龙物流,,47,46,55,28,27,149,NA,90,90,17,36,11,12,0.7,0.7
2026-10-08T1500,1590A,110.0376,40.5546,包头市,东河鸿龙湾,颗粒物(PM10),54,55,64,26,32,156,NA,94,94,16,38,7,10,0.6,0.6
2026-10-08T1500,1591A,110.0024,39.8127,鄂尔多斯市,综合楼,,40,29,53,15,18,128,NA,100,100,9,20,8,11,0.4,0.5
2026-10-08T1500,1592A,109.9485,39.8259,鄂尔多斯市,巴音孟克林场办事处,NA,NA,34,45,NA,NA,128,NA,100,100,14,16,5,7,0.5,0.6
2026-10-08T1500,1593A,109.7734,39.5987,鄂尔多斯市,康泽苑,,37,29,38,11,14,118,NA,90,90,8,15,4,4,0.3,0.4
2026-10-08T1500,1594A,109.8121,39.5987,鄂尔多斯市,华泰汽车城,,37,31,41,11,16,116,NA,81,81,6,25,6,6,0.4,0.5
2026-10-08T1500,1595A,109.9734,39.7884,鄂尔多斯市,奥林花园,,41,34,55,13,19,129,NA,94,94,10,24,6,7,0.3,0.4
2026-10-08T1500,1597A,122.2704,40.7093,营口市,大庆路,颗粒物(PM10),62,66,35,30,12,168,NA,117,117,13,16,10,9,0.8,0.7
2026-10-08T1500,1598A,122.215,40.6511,营口市,镜湖西路,臭氧1小时(O3_1h),85,68,38,34,14,188,NA,132,132,17,19,6,5,0.5,0.5
2026-10-08T1500,1599A,122.1667,40.665,营口市,西炮台,"颗粒物(PM10),臭氧1小时(O3_1h)",55,57,34,25,13,164,NA,116,116,11,15,7,6,0.6,0.5
2026-10-08T1500,1600A,124.33,40.0625,丹东市,江湾东路,,40,30,43,7,21,126,NA,93,93,5,21,8,10,0.5,0.9
2026-10-08T1500,1601A,124.4242,40.1513,丹东市,临江后街,,38,22,28,9,14,121,NA,88,88,5,14,5,6,0.7,0.7
2026-10-08T1500,1602A,124.3935,40.1461,丹东市,元宝山,,40,26,26,9,15,126,NA,90,90,6,11,8,9,0.6,0.6
2026-10-08T1500,1603A,124.3634,40.1093,丹东市,民主桥,,35,34,37,10,18,111,NA,78,78,4,23,7,7,0.2,0.3
2026-10-08T1500,1604A,122.0303,41.1489,盘锦市,开发区,臭氧1小时(O3_1h),60,57,26,32,12,168,NA,120,120,10,11,8,7,0.6,0.6
2026-10-08T1500,1605A,122.0486,41.0883,盘锦市,兴隆台,臭氧1小时(O3_1h),58,57,35,20,13,166,NA,122,122,10,15,7,7,0.7,0.6
2026-10-08T1500,1606A,121.8297,41.1026,盘锦市,新生街道,臭氧1小时(O3_1h),84,57,31,26,13,187,NA,133,133,11,11,6,4,0.7,0.6
2026-10-08T1500,1607A,120.904878,40.721091,葫芦岛市,龙港区,臭氧1小时(O3_1h),108,75,42,49,27,216,NA,146,146,14,15,12,12,0.6,0.5
2026-10-08T1500,1608A,120.8382,40.7521,葫芦岛市,化工街,"颗粒物(PM10),臭氧1小时(O3_1h)",88,102,63,31,22,190,NA,133,133,18,31,13,10,0.7,0.5
2026-10-08T1500,1609A,120.8339,40.7078,葫芦岛市,新区,臭氧1小时(O3_1h),102,82,44,45,21,204,NA,141,141,14,19,11,10,0.8,0.7
2026-10-08T1500,1610A,120.8697,40.7679,葫芦岛市,东城区,臭氧1小时(O3_1h),101,80,51,44,28,201,NA,132,132,20,35,10,10,0.8,0.9
2026-10-08T1500,1611A,118.5818,24.9116,泉州市,涂山街,,42,30,32,12,18,132,NA,122,117,8,10,4,4,0.3,0.4
2026-10-08T1500,1612A,118.597,24.8976,泉州市,津头埔,,40,35,33,12,16,125,NA,116,112,9,10,5,4,0.4,0.5
2026-10-08T1500,1613A,118.6669,24.9422,泉州市,万安,,40,37,35,13,15,127,NA,119,116,7,8,6,5,0.6,0.7
2026-10-08T1500,1618A,118.3429,35.0532,临沂市,沂河小区,颗粒物(PM10),56,58,55,27,24,162,NA,114,114,10,20,7,6,0.5,0.5
2026-10-08T1500,1619A,118.2962,35.0568,临沂市,鲁南制药厂,臭氧1小时(O3_1h),65,51,49,23,19,172,NA,132,132,12,21,8,8,0.4,0.5
2026-10-08T1500,1620A,118.2793,34.9976,临沂市,新光毛纺厂,臭氧1小时(O3_1h),67,48,46,20,26,173,NA,126,126,13,26,7,6,0.4,0.4
2026-10-08T1500,1621A,118.3955,35.0889,临沂市,河东保险公司,臭氧1小时(O3_1h),69,51,50,26,24,175,NA,119,119,15,27,8,7,0.5,0.5
2026-10-08T1500,1622A,116.3034,37.4675,德州市,儿童乐园,颗粒物(PM10),84,97,105,29,43,174,NA,127,127,9,18,10,15,0.3,0.4
2026-10-08T1500,1624A,116.2992,37.4449,德州市,监理站,颗粒物(PM10),79,90,112,24,55,182,NA,130,130,8,20,10,14,0.6,0.7
2026-10-08T1500,1625A,115.9789,36.4372,聊城市,区政府,臭氧1小时(O3_1h),75,68,85,19,39,180,NA,138,138,7,17,8,11,0.2,0.3
2026-10-08T1500,1629A,117.9961,37.3604,滨州市,第二水厂,臭氧1小时(O3_1h),103,73,102,30,56,205,NA,149,149,10,42,15,16,0.4,0.6
2026-10-08T1500,1630A,117.9789,37.3931,滨州市,北中新校,臭氧1小时(O3_1h),103,53,86,20,50,205,NA,150,150,10,50,12,14,0.4,0.7
2026-10-08T1500,1631A,118.0413,36.8101,淄博市,人民公园,臭氧1小时(O3_1h),59,53,66,21,32,167,NA,133,133,8,24,9,11,0.4,0.5
2026-10-08T1500,1633A,117.8524,36.4848,淄博市,双山,臭氧1小时(O3_1h),67,46,55,23,30,173,NA,134,134,12,28,10,13,0.2,0.5
2026-10-08T1500,1634A,117.9595,36.6332,淄博市,气象站,臭氧1小时(O3_1h),84,44,56,18,31,187,NA,153,153,10,21,10,11,0.7,0.7
2026-10-08T1500,1637A,117.5628,34.8379,枣庄市,市中区政府,臭氧1小时(O3_1h),82,56,76,24,33,185,NA,128,128,13,29,10,19,0.5,0.6
2026-10-08T1500,1638A,117.2855,34.7838,枣庄市,薛城环保局,臭氧1小时(O3_1h),78,71,75,24,35,182,NA,128,128,10,29,6,7,0.3,0.4
2026-10-08T1500,1639A,117.5854,34.7744,枣庄市,峄城区政府,臭氧1小时(O3_1h),93,61,71,22,31,194,NA,134,134,9,21,10,13,0.2,0.3
2026-10-08T1500,1641A,117.4516,35.0992,枣庄市,山亭区环保局,臭氧1小时(O3_1h),67,53,52,28,25,173,NA,140,140,7,11,9,11,0.6,0.6
2026-10-08T1500,1642A,121.2517,37.564,烟台市,开发区,,47,31,31,7,7,150,NA,117,117,9,19,6,6,0.4,0.4
2026-10-08T1500,1644A,121.3181,37.5436,烟台市,西郊化工站,NA,NA,34,21,9,6,143,NA,124,124,NA,9,4,4,0.5,0.5
2026-10-08T1500,1645A,121.4419,37.4858,烟台市,莱山环保局,,44,22,22,5,6,139,NA,121,121,8,14,3,4,0.2,0.3
2026-10-08T1500,1646A,121.2619,37.4965,烟台市,福山环保局,,46,24,39,8,12,145,NA,111,111,4,26,2,2,0.5,0.5
2026-10-08T1500,1650A,119.1436,36.7022,潍坊市,环保局,NA,NA,53,39,21,12,172,NA,124,124,NA,20,8,7,0.5,0.5
2026-10-08T1500,1653A,116.6229,35.4288,济宁市,火炬城,NA,NA,39,58,19,28,168,NA,137,137,5,18,NA,6,0.3,0.3
2026-10-08T1500,1656A,117.1436,36.1938,泰安市,监测站,臭氧1小时(O3_1h),95,63,68,28,34,196,NA,144,144,8,23,10,13,0.6,0.7
2026-10-08T1500,1657A,117.0905,36.2002,泰安市,人口学校,臭氧1小时(O3_1h),75,66,66,24,28,180,NA,133,133,11,18,14,15,0.9,1
2026-10-08T1500,1658A,117.0992,36.1757,泰安市,电力学校,臭氧1小时(O3_1h),83,66,73,26,38,186,NA,136,136,8,35,9,10,0.3,0.6
2026-10-08T1500,1659A,119.4711,35.421,日照市,监测站,,40,9,21,2,12,127,NA,79,79,10,38,11,10,0.4,0.5
2026-10-08T1500,1660A,119.523,35.4216,日照市,市政府广场,,43,14,20,2,8,135,NA,89,89,7,30,7,6,0.1,0.2
2026-10-08T1500,1661A,119.5511,35.4113,日照市,港务局,,44,9,21,2,7,138,NA,96,96,5,28,6,6,0.5,0.5
2026-10-08T1500,1662A,122.121,37.4231,威海市,华夏技校,,38,7,11,2,5,119,NA,115,115,5,7,/,/,0.4,0.4
2026-10-08T1500,1663A,122.0508,37.5236,威海市,山大分校,,45,20,15,8,6,144,NA,123,123,11,9,/,/,/,/
2026-10-08T1500,1664A,122.1067,37.5067,威海市,市监测站,,38,17,16,4,5,120,NA,115,115,5,7,9,8,0.3,0.4
2026-10-08T1500,1666A,118.6612,37.4313,东营市,市环保局,臭氧1小时(O3_1h),98,61,53,24,22,198,NA,134,134,12,24,10,10,0.4,0.7
2026-10-08T1500,1669A,113.5821,24.7733,韶关市,市八中,,40,40,42,27,27,123,NA,90,90,6,19,10,18,0.2,0.4
2026-10-08T1500,1671A,113.5916,24.7973,韶关市,园林处,,38,29,38,20,27,120,NA,95,95,8,22,12,21,/,/
2026-10-08T1500,1673A,113.5971,24.6864,韶关市,曲江监测站,,41,27,41,18,26,131,NA,96,96,9,19,20,16,0.3,0.3
2026-10-08T1500,1674A,116.6795,23.3666,汕头市,金平子站,,40,25,35,9,17,125,NA,122,113,7,11,4,5,0.5,0.6
2026-10-08T1500,1675A,116.7248,23.3632,汕头市,龙湖子站,,40,36,46,10,16,126,NA,122,114,2,7,6,7,/,/
2026-10-08T1500,1676A,116.7257,23.2774,汕头市,濠江子站,,46,46,35,10,15,116,NA,126,111,7,9,7,8,/,/
2026-10-08T1500,1677A,116.7518,23.4712,汕头市,澄海子站,,44,44,39,12,17,128,NA,121,114,5,9,6,7,0.6,0.7
2026-10-08T1500,1678A,116.6088,23.2539,汕头市,潮阳子站,,36,27,31,9,17,115,NA,125,110,1,4,7,8,0.6,0.6
2026-10-08T1500,1680A,110.3648,21.2697,湛江市,湛江影剧院,,50,50,41,23,24,156,NA,139,139,8,12,7,13,0.7,0.7
2026-10-08T1500,1681A,110.3907,21.2279,湛江市,市环境监测站,,48,38,36,24,22,152,NA,139,139,4,9,6,10,0.5,0.4
2026-10-08T1500,1682A,110.3936,21.1943,湛江市,环保局宿舍,,50,49,41,24,23,160,NA,148,148,8,13,6,11,/,/
2026-10-08T1500,1683A,110.4138,21.2033,湛江市,霞山游泳场,,49,49,42,28,23,142,NA,134,134,8,13,6,12,/,/
2026-10-08T1500,1685A,110.4512,21.239,湛江市,坡头区环保局,,48,46,39,24,24,152,NA,142,142,8,11,7,13,0.4,0.5
2026-10-08T1500,1686A,111.0285,21.469,茂名市,电白南海,颗粒物(PM10),55,56,52,25,24,147,NA,126,126,10,13,5,11,0.4,0.4
2026-10-08T1500,1687A,110.9294,21.6533,茂名市,茂石化七小,NA,NA,39,39,22,23,124,NA,110,110,NA,12,5,11,0.6,0.6
2026-10-08T1500,1688A,110.9108,21.6688,茂名市,健康路,,42,34,34,20,23,134,NA,115,115,7,13,5,11,0.4,0.5
2026-10-08T1500,1689A,110.8592,21.6826,茂名市,高岭,,48,48,47,22,24,127,NA,110,110,10,14,6,13,/,/
2026-10-08T1500,1690A,116.1248,24.3307,梅州市,梅江月梅,,40,29,33,12,22,125,NA,102,102,6,13,/,/,/,/
2026-10-08T1500,1691A,116.0798,24.2719,梅州市,梅县新城,,42,32,35,10,21,132,NA,104,104,6,15,11,11,0.7,0.8
2026-10-08T1500,1693A,115.3653,22.7751,汕尾市,市环保局,,42,42,41,16,22,128,NA,129,121,13,16,7,7,0.4,0.4
2026-10-08T1500,1695A,115.362,22.7926,汕尾市,新城中学,,41,36,39,17,22,131,NA,121,119,6,9,9,8,0.4,0.4
2026-10-08T1500,1697A,114.6962,23.7538,河源市,东埔,,40,36,34,28,24,120,NA,96,96,10,16,7,8,0.6,0.8
2026-10-08T1500,1698A,114.6895,23.7232,河源市,老城,,40,40,37,21,22,112,NA,90,90,8,17,7,8,0.6,0.6
2026-10-08T1500,1701A,111.9491,21.8658,阳江市,马南垌,,49,48,46,31,31,156,NA,112,112,11,15,6,8,0.7,0.6
2026-10-08T1500,1703A,113.0218,23.7086,清远市,凤城街办,,41,27,30,20,18,130,NA,110,110,2,11,/,/,/,/
2026-10-08T1500,1708A,116.3701,23.5345,揭阳市,新兴,,38,28,43,13,22,121,NA,116,116,10,15,8,11,0.5,0.8
2026-10-08T1500,1709A,116.3261,23.5442,揭阳市,西马,,42,35,46,12,21,133,NA,119,119,7,12,7,9,0.5,0.6
2026-10-08T1500,1710A,116.361,23.5627,揭阳市,东兴,,40,35,43,13,22,128,NA,115,115,9,16,8,9,/,/
2026-10-08T1500,1711A,116.4151,23.5295,揭阳市,渔湖,,36,23,40,12,23,114,NA,106,106,9,14,6,10,/,/
2026-10-08T1500,1714A,112.0281,22.9738,云浮市,牧羊,,47,28,35,19,21,150,NA,100,100,7,24,7,38,0.7,0.7
2026-10-08T1500,1715A,102.575,24.371,玉溪市,东风水库,,28,22,24,4,14,88,NA,61,61,6,9,5,5,0.4,0.6
2026-10-08T1500,1723A,113.2926,40.0759,大同市,云冈宾馆,,46,37,72,13,23,146,NA,91,91,15,39,12,14,0.5,0.7
2026-10-08T1500,1724A,113.3437,40.0921,大同市,大同大学,,49,32,69,14,20,154,NA,108,108,10,28,10,13,0.4,0.6
2026-10-08T1500,1725A,113.2637,40.129,大同市,安家小村,,45,24,68,11,23,144,NA,98,98,10,28,8,14,0.3,0.5
2026-10-08T1500,1727A,113.1146,36.1547,长治市,清华站,,46,26,40,5,20,147,NA,102,102,5,14,11,11,0.3,0.4
2026-10-08T1500,1730A,113.0887,36.2126,长治市,审计局,,46,27,40,6,20,147,NA,104,104,9,23,12,14,0.4,0.6
2026-10-08T1500,1731A,113.0845,36.1856,长治市,长治八中,,45,29,56,10,23,141,NA,101,101,9,21,13,14,0.6,0.7
2026-10-08T1500,1733A,111.5552,36.0791,临汾市,临钢医院,,48,NA,47,18,23,152,NA,111,111,13,29,5,6,0.3,0.6
2026-10-08T1500,1734A,111.4984,36.0734,临汾市,技工学校,,48,48,70,25,33,151,NA,107,107,12,26,5,7,0.4,0.6
2026-10-08T1500,1736A,111.5017,36.0857,临汾市,市委,,50,35,63,26,31,158,NA,110,110,10,24,6,8,0.3,0.5
2026-10-08T1500,1739A,113.4894,37.8717,阳泉市,赛鱼,,44,37,74,14,27,140,NA,94,94,14,64,10,8,0.7,0.7
2026-10-08T1500,1740A,113.582,37.8473,阳泉市,南庄,,45,40,60,13,23,143,NA,91,91,14,34,6,12,0.6,0.8
2026-10-08T1500,1742A,113.5616,37.8706,阳泉市,平坦,,47,36,70,18,29,148,NA,93,93,10,45,13,15,0.6,0.8
2026-10-08T1500,1743A,113.5115,37.8391,阳泉市,大阳泉,,45,30,37,21,18,141,NA,113,113,16,18,7,8,0.7,0.8
2026-10-08T1500,1744A,118.9229,42.2816,赤峰市,松山一中,,48,31,36,12,22,153,NA,149,149,14,16,12,11,0.4,0.5
2026-10-08T1500,1745A,118.9588,42.2733,赤峰市,哈达街,,48,24,39,15,23,152,NA,142,142,19,19,9,8,0.4,0.8
2026-10-08T1500,1746A,118.8792,42.2551,赤峰市,天义路,,47,30,33,8,19,150,NA,145,145,13,15,5,5,0.5,0.4
2026-10-08T1500,1748A,123.0441,41.1201,鞍山市,深沟寺,颗粒物(PM10),58,60,34,27,15,164,NA,134,134,13,12,10,9,0.6,0.5
2026-10-08T1500,1749A,123.011,41.0931,鞍山市,太阳城,颗粒物(PM10),55,57,36,24,16,158,NA,130,130,22,14,13,13,0.6,0.7
2026-10-08T1500,1750A,123.0483,41.1445,鞍山市,太平,颗粒物(PM10),68,75,40,25,15,145,NA,121,121,16,14,12,12,1.0,1
2026-10-08T1500,1751A,122.964,41.0968,鞍山市,铁西三道街,颗粒物(PM10),69,76,48,28,18,170,NA,134,134,12,18,9,11,0.7,1.3
2026-10-08T1500,1753A,123.0219,41.0822,鞍山市,明达新区,颗粒物(PM10),55,57,32,26,16,159,NA,131,131,11,10,13,13,0.7,1
2026-10-08T1500,1755A,123.7974,41.8494,抚顺市,望花区,颗粒物(PM10),102,123,65,26,28,171,NA,125,125,25,40,17,14,0.8,1
2026-10-08T1500,1756A,123.9161,41.8827,抚顺市,顺城区,颗粒物(PM10),78,88,47,18,22,177,NA,117,117,17,30,18,14,0.8,0.9
2026-10-08T1500,1757A,124.0437,41.8615,抚顺市,东洲区,臭氧1小时(O3_1h),79,85,33,20,14,183,NA,127,127,13,16,16,12,0.8,0.7
2026-10-08T1500,1758A,123.9246,41.8638,抚顺市,新抚区,颗粒物(PM10),90,105,62,24,27,177,NA,109,109,13,34,15,11,0.6,0.6
2026-10-08T1500,1759A,124.0972,41.8961,抚顺市,大伙房水库,臭氧1小时(O3_1h),84,61,28,19,14,187,NA,136,136,14,15,13,10,0.6,0.6
2026-10-08T1500,1760A,123.708,41.8386,抚顺市,沈抚新城,颗粒物(PM10),91,107,57,23,19,186,NA,136,136,16,30,17,15,0.8,1
2026-10-08T1500,1761A,123.8274146,41.31234549,本溪市,大峪,,41,38,29,14,13,131,NA,110,110,10,19,9,7,0.5,0.5
2026-10-08T1500,1763A,123.7169,41.3094,本溪市,彩屯,,47,43,45,16,20,149,NA,99,99,9,25,11,11,0.7,1.6
2026-10-08T1500,1764A,123.7672166,41.28649327,本溪市,东明,颗粒物(PM10),53,54,27,13,9,136,NA,117,117,11,15,5,6,0.7,0.7
2026-10-08T1500,1765A,123.799345,41.266614,本溪市,新立屯,,47,47,26,12,9,127,NA,115,115,12,18,11,10,0.6,0.5
2026-10-08T1500,1766A,123.829144,41.336777,本溪市,威宁,颗粒物(PM10),58,60,32,18,16,134,NA,104,104,8,18,8,6,0.5,0.5
2026-10-08T1500,1767A,121.1114,41.0879,锦州市,南山,颗粒物(PM10),88,103,54,32,27,184,NA,122,122,25,37,16,12,0.7,0.7
2026-10-08T1500,1768A,121.060361,40.842794,锦州市,开发区,颗粒物(PM10),112,150,84,45,24,217,NA,137,137,19,32,12,23,0.7,0.8
2026-10-08T1500,1769A,121.1836,41.1118,锦州市,百股街道,臭氧1小时(O3_1h),95,101,54,33,27,196,NA,143,143,20,30,14,13,0.7,0.9
2026-10-08T1500,1770A,121.1176,41.1224,锦州市,天安街道,臭氧1小时(O3_1h),89,101,68,31,34,191,NA,124,124,23,49,16,12,0.9,0.9
2026-10-08T1500,1771A,121.1303,41.1385,锦州市,北湖公园,臭氧1小时(O3_1h),100,81,61,30,27,200,NA,130,130,17,35,14,10,0.7,0.7
2026-10-08T1500,1772A,126.54,43.8622,吉林市,哈达湾,,47,31,27,16,20,149,NA,114,114,10,18,6,5,0.4,0.3
2026-10-08T1500,1773A,126.5843,43.8358,吉林市,东局子,,47,27,24,17,17,148,NA,116,116,13,22,7,6,0.6,0.6
2026-10-08T1500,1774A,126.5051,43.8243,吉林市,电力学院,,47,32,45,14,24,150,NA,110,110,7,19,9,8,0.5,0.6
2026-10-08T1500,1775A,126.6133,43.8971,吉林市,江北,,48,48,38,15,19,144,NA,107,107,15,16,7,9,0.4,0.4
2026-10-08T1500,1776A,126.5549,43.8304,吉林市,江南公园,,45,34,26,18,17,142,NA,111,111,8,15,7,6,0.2,0.2
2026-10-08T1500,1779A,123.9307,47.3641,齐齐哈尔市,安居小区,,20,18,28,6,4,62,NA,56,56,5,10,4,4,0.2,0.2
2026-10-08T1500,1780A,123.9497,47.3389,齐齐哈尔市,中心广场,NA,NA,NA,20,NA,3,60,NA,56,56,7,11,1,3,0,0
2026-10-08T1500,1781A,123.9483,47.3229,齐齐哈尔市,农牧车辆厂,,22,22,26,2,3,60,NA,55,55,4,8,5,5,0.3,0.3
2026-10-08T1500,1783A,123.9442,47.2994,齐齐哈尔市,市环境监测站,,23,23,26,2,3,62,NA,56,56,5,9,4,5,0.0,0
2026-10-08T1500,1784A,129.61,44.561,牡丹江市,环保大楼,,35,27,32,6,12,110,NA,64,64,10,21,7,7,0.2,0.3
2026-10-08T1500,1787A,129.6364,44.6075,牡丹江市,机车工厂,,45,45,54,9,22,105,NA,65,65,16,24,8,7,0.2,0.3
2026-10-08T1500,1788A,129.6386,44.5462,牡丹江市,第一中学,,36,31,30,7,10,113,NA,71,71,12,18,6,5,0.4,0.4
2026-10-08T1500,1789A,124.8085,46.0381,大庆市,大同区,,44,44,31,4,8,83,NA,69,69,3,7,5,5,0.1,0.2
2026-10-08T1500,1790A,125.1166,46.5255,大庆市,龙凤区,,25,25,33,12,12,70,NA,60,60,5,7,5,5,0.1,0.3
2026-10-08T1500,1791A,124.8894,46.4007,大庆市,红岗区,,32,32,32,4,6,70,NA,59,59,6,10,4,8,0.2,0.3
2026-10-08T1500,1792A,125.1391,46.578,大庆市,萨尔图区,,24,24,25,5,5,67,NA,58,58,4,5,8,8,0.3,0.3
2026-10-08T1500,1793A,124.9026,46.6217,大庆市,让胡路区,,33,33,29,2,6,63,NA,56,56,5,8,4,4,0.2,0.2
2026-10-08T1500,1794A,118.3603,31.3515,芜湖市,监测站,臭氧1小时(O3_1h),68,41,47,14,25,174,NA,140,140,12,26,12,11,0.6,0.7
2026-10-08T1500,1795A,118.3716,31.4135,芜湖市,科创中心,臭氧1小时(O3_1h),87,41,53,24,31,189,NA,145,145,17,48,7,9,0.5,0.5
2026-10-08T1500,1796A,118.3671,31.3132,芜湖市,四水厂,臭氧1小时(O3_1h),80,34,47,21,26,184,NA,146,146,10,23,10,10,0.3,0.4
2026-10-08T1500,1798A,118.5084,31.6838,马鞍山市,湖东路四小,臭氧1小时(O3_1h),88,40,58,22,29,190,NA,159,159,11,31,10,11,0.6,0.8
2026-10-08T1500,1799A,118.5019,31.6449,马鞍山市,开发区,臭氧1小时(O3_1h),95,44,70,23,38,196,NA,157,157,13,31,10,11,0.7,0.7
2026-10-08T1500,1803A,115.9873,29.6816,九江市,十里,臭氧1小时(O3_1h),95,43,51,17,34,196,NA,128,128,16,35,7,6,0.6,0.8
2026-10-08T1500,1804A,115.9583,29.7047,九江市,茅山头,臭氧1小时(O3_1h),85,27,47,23,31,188,NA,117,117,15,29,4,4,0.6,0.6
2026-10-08T1500,1805A,115.9877,29.7295,九江市,西园,臭氧1小时(O3_1h),79,30,50,18,35,183,NA,116,116,19,34,10,10,0.5,0.7
2026-10-08T1500,1808A,115.9112,29.6038,九江市,综合工业园,臭氧1小时(O3_1h),95,38,52,19,35,196,NA,127,127,24,43,10,9,0.8,0.9
2026-10-08T1500,1812A,112.3934,34.6517,洛阳市,市委党校,臭氧1小时(O3_1h),58,48,59,26,36,166,NA,98,98,9,18,20,14,0.4,0.5
2026-10-08T1500,1815A,112.494,34.6883,洛阳市,河南林校,颗粒物(PM10),55,56,63,34,31,159,NA,94,94,13,33,15,12,0.4,0.4
2026-10-08T1500,1816A,112.3843,34.623,洛阳市,开发区管委会,颗粒物(PM10),57,59,54,25,35,164,NA,100,100,11,17,32,11,0.6,0.5
2026-10-08T1500,1817A,112.4263,34.6249,洛阳市,市委新办公区,颗粒物(PM10),56,58,55,32,32,160,NA,94,94,10,14,23,14,0.5,0.4
2026-10-08T1500,1819A,114.3552,36.1017,安阳市,红庙街,臭氧1小时(O3_1h),64,58,76,19,28,171,NA,130,130,8,20,2,2,0.2,0.3
2026-10-08T1500,1820A,114.361,36.0681,安阳市,银杏小区,臭氧1小时(O3_1h),69,65,81,15,31,175,NA,131,131,8,21,6,5,0.2,1.1
2026-10-08T1500,1824A,114.3389,34.778,开封市,肿瘤医院,,50,50,87,19,33,150,NA,115,115,7,22,9,9,0.3,1
2026-10-08T1500,1826A,114.2884,34.7966,开封市,世纪星幼儿园,,50,50,67,21,32,151,NA,122,122,10,20,3,4,0.4,0.6
2026-10-08T1500,1832A,113.3257,33.7423,平顶山市,新华旅馆,臭氧1小时(O3_1h),54,49,84,18,31,163,NA,103,103,9,40,11,10,0.5,0.5
2026-10-08T1500,1833A,113.2917,33.737,平顶山市,规划设计院,颗粒物(PM10),52,52,85,15,35,154,NA,99,99,9,36,10,8,0.5,0.7
2026-10-08T1500,1834A,113.182,33.7738,平顶山市,平顶山工学院,,49,36,59,18,29,155,NA,98,98,9,17,12,10,0.7,0.7
2026-10-08T1500,1835A,111.1922,34.7752,三门峡市,市政府,,45,30,39,5,16,143,NA,112,112,7,18,8,11,0.3,0.3
2026-10-08T1500,1836A,111.1588,34.794,三门峡市,开发区,,45,37,45,5,19,143,NA,108,108,12,19,9,10,0.3,0.3
2026-10-08T1500,1840A,111.2991,30.6981,宜昌市,白龙岗,臭氧1小时(O3_1h),64,48,42,19,23,171,NA,111,111,10,14,9,8,0.2,0.2
2026-10-08T1500,1842A,111.263451,30.696754,宜昌市,点军区,臭氧1小时(O3_1h),54,38,38,27,24,163,NA,98,98,12,15,7,6,0.3,0.3
2026-10-08T1500,1843A,111.3276,30.782,宜昌市,夷陵区,臭氧1小时(O3_1h),53,43,42,21,27,162,NA,104,104,11,18,11,9,0.3,0.3
2026-10-08T1500,1844A,112.2493,30.3198,荆州市,市图书馆,臭氧1小时(O3_1h),83,45,60,24,39,186,NA,138,138,15,32,10,10,0.5,0.7
2026-10-08T1500,1845A,112.2009,30.3543,荆州市,市委党校,臭氧1小时(O3_1h),75,38,60,18,38,180,NA,128,128,11,30,8,9,0.4,0.6
2026-10-08T1500,1848A,113.1494,29.425,岳阳市,城陵矶,,48,38,54,17,24,151,NA,103,103,9,31,5,6,0.5,0.6
2026-10-08T1500,1849A,113.1493,29.3575,岳阳市,开发区,臭氧1小时(O3_1h),57,36,54,16,31,165,NA,115,115,10,28,8,9,0.4,0.5
2026-10-08T1500,1850A,113.2672,29.4752,岳阳市,云溪区,臭氧1小时(O3_1h),65,32,40,21,21,172,NA,113,113,10,14,9,9,0.7,0.8
2026-10-08T1500,1851A,112.9944,29.44,岳阳市,君山区,臭氧1小时(O3_1h),62,44,53,23,29,169,NA,121,121,10,20,7,7,0.4,0.7
2026-10-08T1500,1854A,111.696,28.9725,常德市,市二中,NA,NA,36,53,16,37,177,NA,105,105,NA,20,12,11,0.5,0.6
2026-10-08T1500,1858A,110.532,29.1219,张家界市,永定新区,,39,38,39,15,24,123,NA,76,76,7,12,/,/,/,/
2026-10-08T1500,1859A,110.4696,29.1244,张家界市,电业局,,44,22,31,10,24,140,NA,88,88,6,9,2,2,0.3,0.4
2026-10-08T1500,1860A,110.5573,29.3486,张家界市,未央路,,45,21,22,16,20,141,NA,107,107,6,8,7,6,0.1,0
2026-10-08T1500,1864A,110.3091,25.2705,桂林市,龙隐路小学,,43,36,32,17,19,136,NA,108,108,9,13,7,8,0.7,0.7
2026-10-08T1500,1865A,110.2849361,25.22909545,桂林市,八中,,44,32,34,6,10,138,NA,104,104,8,15,6,7,0.6,0.6
2026-10-08T1500,1867A,109.1435,21.4085,北海市,海滩公园,臭氧1小时(O3_1h),59,42,45,15,27,167,NA,150,150,6,11,6,12,0.3,0.3
2026-10-08T1500,1868A,109.0983,21.466,北海市,新市环保局,臭氧1小时(O3_1h),63,36,42,24,26,170,NA,141,141,15,14,3,7,0.4,0.4
2026-10-08T1500,1869A,109.1775,21.5232,北海市,北海工业园,,45,31,43,15,24,142,NA,122,122,15,16,4,13,0.4,0.5
2026-10-08T1500,1870A,109.4854,24.3898,柳州市,柳东小学,,42,26,29,12,16,134,NA,112,112,5,7,6,8,0.5,0.5
2026-10-08T1500,1871A,109.4109,24.3304,柳州市,环保监测站,NA,NA,25,52,12,25,135,NA,98,98,8,24,NA,20,0.4,0.5
2026-10-08T1500,1872A,109.3886,24.3408,柳州市,河西水厂,,44,40,62,23,29,140,NA,90,90,11,24,13,24,0.8,0.7
2026-10-08T1500,1873A,109.4263,24.2951,柳州市,市四中,,48,48,47,16,26,140,NA,105,105,6,19,8,12,0.6,0.7
2026-10-08T1500,1874A,109.396,24.3658,柳州市,市九中,,47,46,58,20,33,150,NA,95,95,13,24,14,17,1.0,0.8
2026-10-08T1500,1875A,109.4912,24.3164,柳州市,古亭山,,41,33,31,10,18,130,NA,102,102,4,26,6,6,0.5,0.6
2026-10-08T1500,1877A,109.4962,18.2682,三亚市,河西子站,,30,22,22,13,13,94,NA,97,97,4,6,4,4,0.5,0.6
2026-10-08T1500,1878A,104.7775,31.4741,绵阳市,富乐山,颗粒物(PM10),62,66,96,32,48,92,NA,60,60,10,20,13,12,0.8,0.9
2026-10-08T1500,1880A,104.6698,31.4668,绵阳市,高新区自来水公司,颗粒物(PM10),68,74,80,34,42,83,NA,51,51,16,22,10,10,0.8,0.9
2026-10-08T1500,1883A,104.6204,28.7728,宜宾市,市委,细颗粒物(PM2.5),66,57,69,43,49,96,NA,55,55,12,20,12,12,0.9,0.9
2026-10-08T1500,1884A,104.6056,28.7931,宜宾市,宜宾四中,细颗粒物(PM2.5),64,60,78,42,56,104,NA,60,60,8,17,9,9,0.8,1
2026-10-08T1500,1886A,104.5743,28.7199,宜宾市,黄金嘴,颗粒物(PM10),59,62,66,39,44,100,NA,50,50,9,19,10,11,0.7,0.8
2026-10-08T1500,1888A,101.6891,26.571,攀枝花市,弄弄坪,,34,25,43,12,23,108,NA,56,56,10,15,24,17,1.6,1.2
2026-10-08T1500,1889A,101.577,26.5914,攀枝花市,河门口,,29,22,41,11,23,90,NA,59,59,6,12,8,15,0.8,1.2
2026-10-08T1500,1891A,101.7365,26.4986,攀枝花市,仁和,,27,18,32,14,25,86,NA,48,48,4,11,12,13,1.0,1.3
2026-10-08T1500,1894A,105.4427,28.9063,泸州市,小市上码头,细颗粒物(PM2.5),104,87,80,64,59,112,NA,76,76,9,20,9,8,NA,0.8
2026-10-08T1500,1895A,105.4241,28.8573,泸州市,兰田宪桥,细颗粒物(PM2.5),107,98,78,67,50,98,NA,68,68,14,19,9,9,0.7,0.7
2026-10-08T1500,1896A,105.4378,28.8833,泸州市,市环监站,细颗粒物(PM2.5),105,93,78,65,52,100,NA,79,79,12,16,7,8,0.9,0.9
2026-10-08T1500,1901A,104.424,31.1209,德阳市,东山公园,,48,46,59,33,56,105,NA,58,58,7,15,11,12,1.0,1.1
2026-10-08T1500,1902A,104.3827,31.1318,德阳市,西小区,颗粒物(PM10),60,63,88,29,62,112,NA,69,69,8,23,10,12,0.5,0.7
2026-10-08T1500,1904A,104.3553,31.1091,德阳市,耐火材料厂,颗粒物(PM10),60,63,88,27,66,109,NA,60,60,6,21,3,4,0.8,1
2026-10-08T1500,1906A,106.0791,30.8022,南充市,南充市委,,34,34,68,19,41,100,NA,54,54,8,18,8,7,0.5,0.5
2026-10-08T1500,1907A,106.1038,30.8215,南充市,南充炼油厂,,49,49,74,26,46,114,NA,55,55,10,26,8,8,0.3,0.5
2026-10-08T1500,1911A,106.9218,27.6872,遵义市,丁字口,,36,31,38,14,20,115,NA,86,86,7,15,10,9,0.6,0.7
2026-10-08T1500,1912A,106.9241,27.7044,遵义市,凤凰山,,39,29,29,15,14,123,NA,98,98,7,11,11,8,0.5,0.5
2026-10-08T1500,1913A,106.8895,27.648,遵义市,忠庄,,35,15,27,12,17,111,NA,84,84,6,8,8,6,0.5,0.5
2026-10-08T1500,1915A,106.9225,27.7253,遵义市,干田坝,,39,15,29,15,18,124,NA,89,89,5,13,9,7,0.5,0.6
2026-10-08T1500,1916A,103.7897,25.5036,曲靖市,环境监测站,,34,14,29,6,19,108,NA,76,76,6,15,7,10,0.4,0.5
2026-10-08T1500,1917A,103.8013,25.5357,曲靖市,烟厂办公区,,32,13,33,3,16,102,NA,70,70,3,13,2,5,0.5,0.7
2026-10-08T1500,1919A,108.6726,34.315,咸阳市,实验中学,颗粒物(PM10),65,70,77,29,48,157,NA,102,102,13,29,8,8,0.7,0.9
2026-10-08T1500,1920A,108.7226,34.3622,咸阳市,师范学院,"颗粒物(PM10),臭氧1小时(O3_1h)",59,62,74,35,47,167,NA,111,111,16,28,10,10,0.6,0.8
2026-10-08T1500,1923A,109.0696,35.0699,铜川市,王益区政府,,48,48,35,26,21,135,NA,92,92,12,15,6,4,0.4,0.4
2026-10-08T1500,1924A,108.9345,34.9059,铜川市,新区管委会,,42,29,44,29,23,133,NA,98,98,13,21,5,5,0.2,0.3
2026-10-08T1500,1927A,109.4569,36.6161,延安市,延大医附院,,32,23,33,11,16,101,NA,59,59,4,21,4,5,0.6,0.7
2026-10-08T1500,1929A,109.5053,36.6105,延安市,百米大道,,29,26,39,14,19,92,NA,55,55,6,26,1,1,0.3,0.5
2026-10-08T1500,1931A,107.0802,34.3129,宝鸡市,竹园沟,颗粒物(PM10),63,67,40,41,28,133,NA,79,79,19,13,7,5,0.3,0.3
2026-10-08T1500,1933A,107.1429,34.3549,宝鸡市,监测站,细颗粒物(PM2.5),70,50,51,45,36,143,NA,29,NA,18,19,4,3,0.2,0.7
2026-10-08T1500,1934A,107.1172,34.3759,宝鸡市,技工学校,NA,NA,NA,53,43,55,144,NA,83,83,16,16,NA,6,0.7,0.7
2026-10-08T1500,1936A,107.2025,34.3518,宝鸡市,文理学院,,49,49,51,34,35,144,NA,85,85,14,18,7,6,0.5,0.5
2026-10-08T1500,1937A,107.2396,34.3626,宝鸡市,三迪小学,细颗粒物(PM2.5),58,59,57,39,38,141,NA,81,81,21,26,6,5,0.6,0.7
2026-10-08T1500,1940A,109.4605,34.4927,渭南市,体育馆,颗粒物(PM10),51,51,86,20,46,148,NA,96,96,11,34,8,7,0.4,0.6
2026-10-08T1500,1941A,109.4257,34.5067,渭南市,高新一小,颗粒物(PM10),68,75,79,21,45,150,NA,99,99,10,23,7,7,0.4,0.5
2026-10-08T1500,1944A,102.1691,38.5166,金昌市,天庆家园,,34,34,63,2,14,100,NA,84,84,4,12,3,4,0.1,0.2
2026-10-08T1500,1945A,98.291,39.7705,嘉峪关市,气象局,,31,31,59,10,15,92,NA,82,82,25,24,7,18,0.8,0.9
2026-10-08T1500,1948A,106.3668,39.0145,石嘴山市,大武口朝阳西街,颗粒物(PM10),66,72,83,28,37,134,NA,81,81,19,40,22,29,0.8,0.8
2026-10-08T1500,1949A,106.7713,39.2278,石嘴山市,惠农南大街,颗粒物(PM10),85,98,87,38,34,136,NA,85,85,22,22,37,24,1.2,0.7
2026-10-08T1500,1950A,106.7074,39.1332,石嘴山市,红果子镇惠新街,颗粒物(PM10),85,99,104,45,43,148,NA,85,85,16,26,14,9,0.5,0.6
2026-10-08T1500,1951A,84.886,45.6029,克拉玛依市,长征新村,,25,17,20,2,8,77,NA,59,59,5,9,1,3,0.3,0.3
2026-10-08T1500,1952A,84.8894,45.5827,克拉玛依市,南林小区,,25,15,17,0,0,78,NA,60,60,5,7,6,7,0.2,0.3
2026-10-08T1500,1954A,84.896,44.3328,克拉玛依市,独山子区,,34,34,44,1,9,71,NA,54,54,7,12,5,4,0.3,0.4
2026-10-08T1500,1955A,85.6888,46.0909,克拉玛依市,乌尔禾区商贸楼,,28,28,23,2,7,80,NA,66,63,6,7,2,2,0.3,0.3
2026-10-08T1500,1956A,86.1476,41.7529,巴音郭楞蒙古自治州,孔雀公园,,32,32,51,14,14,93,NA,57,57,4,26,4,3,0.2,0.2
2026-10-08T1500,1957A,86.1971,41.7166,巴音郭楞蒙古自治州,棉纺厂,,29,29,55,5,13,90,NA,60,60,2,28,/,/,/,/
2026-10-08T1500,1958A,86.236,41.7172,巴音郭楞蒙古自治州,经济开发区,,29,23,38,5,12,92,NA,70,70,2,17,3,3,0.2,0.2
2026-10-08T1500,1961A,117.5323,36.6865,济南市,东山小学,臭氧1小时(O3_1h),95,54,59,21,27,196,NA,159,159,7,17,8,10,0.4,0.5
2026-10-08T1500,1982A,122.0693,37.2175,威海市,文登开发区,,37,14,23,0,10,116,NA,100,100,7,14,/,/,/,/
2026-10-08T1500,2031A,113.1836,27.9959,株洲市,云田中学,,47,24,35,16,23,150,NA,119,119,6,16,11,11,0.5,0.4
2026-10-08T1500,2054A,114.1096,32.1059,信阳市,平桥分局,臭氧1小时(O3_1h),53,36,38,10,20,162,NA,117,117,8,13,10,8,0.4,0.4
2026-10-08T1500,2064A,113.9956,32.1272,信阳市,南湾水厂,,37,37,36,16,17,117,NA,87,87,8,8,8,7,0.5,0.6
2026-10-08T1500,2065A,114.078,32.1194,信阳市,市酿酒公司,,48,33,38,17,18,151,NA,110,110,9,13,8,7,0.5,0.6
2026-10-08T1500,2066A,114.0712,32.1393,信阳市,审计局,,50,28,38,18,21,157,NA,115,115,4,11,7,7,0.2,0.3
2026-10-08T1500,2068A,114.6755,33.6347,周口市,周口师范,臭氧1小时(O3_1h),62,50,49,18,19,169,NA,129,129,9,17,4,4,0.4,0.5
2026-10-08T1500,2160A,112.8496,35.5051,晋城市,自来水公司,,45,36,59,4,22,141,NA,97,97,6,27,13,9,0.5,0.8
2026-10-08T1500,2162A,112.8509,35.4886,晋城市,市环保局,,46,46,62,17,27,144,NA,100,100,2,24,11,6,0.6,0.9
2026-10-08T1500,2166A,112.4399,39.3521,朔州市,平朔,,44,27,68,7,19,140,NA,95,95,4,21,10,10,0.2,0.4
2026-10-08T1500,2167A,112.4574,39.362,朔州市,朔唯,,49,31,67,5,20,154,NA,106,106,2,23,9,12,/,/
2026-10-08T1500,2168A,112.426,39.3199,朔州市,区政府,,45,27,49,9,19,142,NA,97,97,7,17,4,4,0.6,0.6
2026-10-08T1500,2169A,112.4075,39.3277,朔州市,市环保局,,46,29,54,12,22,145,NA,100,100,7,20,4,8,/,/
2026-10-08T1500,2170A,112.4273,39.3682,朔州市,市二中,,48,11,70,4,22,153,NA,98,98,10,33,7,9,/,/
2026-10-08T1500,2174A,112.6992,37.6984,晋中市,榆次区政府,臭氧1小时(O3_1h),67,53,80,30,45,173,NA,114,114,7,30,15,13,0.6,0.9
2026-10-08T1500,2175A,110.996,35.0148,运城市,运城中学,,43,43,38,12,14,132,NA,100,100,7,13,7,9,0.4,0.5
2026-10-08T1500,2178A,110.9685,35.0305,运城市,地区技校,,40,32,35,8,13,127,NA,104,104,7,12,6,8,0.5,0.6
2026-10-08T1500,2181A,112.7313,38.457,忻州市,开发区,臭氧1小时(O3_1h),60,41,53,23,31,168,NA,101,101,16,33,13,12,0.6,0.7
2026-10-08T1500,2182A,112.7023,38.4932,忻州市,会展中心,臭氧1小时(O3_1h),63,46,57,24,33,170,NA,102,102,14,31,13,11,0.7,0.9
2026-10-08T1500,2183A,111.1447,37.5212,吕梁市,环保局,,39,22,44,4,13,123,NA,74,74,8,32,4,6,0.7,0.6
2026-10-08T1500,2185A,111.1285,37.5338,吕梁市,自来水公司,,40,21,51,8,16,125,NA,79,79,9,25,2,8,0.5,0.4
2026-10-08T1500,2187A,106.8172,39.6972,乌海市,市林业局,,35,35,75,21,28,110,NA,84,84,4,26,2,24,0.2,0.6
2026-10-08T1500,2188A,106.7907,39.6666,乌海市,中海勃湾学校,,40,40,66,6,25,120,NA,90,90,4,28,10,26,0.3,0.8
2026-10-08T1500,2191A,122.253,43.6801,通辽市,艺术职业学校,,48,48,47,14,21,78,NA,75,54,7,17,9,11,0.5,0.6
2026-10-08T1500,2195A,107.4206,40.7609,巴彦淖尔市,附二中,颗粒物(PM10),69,76,87,30,40,146,NA,82,82,16,23,12,12,0.6,0.7
2026-10-08T1500,2196A,107.37,40.7372,巴彦淖尔市,市环保大楼,颗粒物(PM10),87,101,79,22,26,146,NA,88,88,10,19,6,6,0.5,0.6
2026-10-08T1500,2197A,113.1306,40.9924,乌兰察布市,集宁新区,,45,25,38,15,16,142,NA,123,123,4,20,4,6,0.3,0.4
2026-10-08T1500,2202A,116.1048,43.9318,锡林郭勒盟,市环保监测站,颗粒物(PM10),53,54,44,21,14,110,NA,71,70,19,18,5,4,0.4,0.3
2026-10-08T1500,2203A,116.0778,43.9312,锡林郭勒盟,市政府,,44,44,38,13,13,109,NA,75,75,18,22,4,3,0.3,0.3
2026-10-08T1500,2205A,105.699,38.8409,阿拉善盟,蒙二幼,,40,40,45,10,12,124,NA,108,108,3,7,8,7,0.2,0.3
2026-10-08T1500,2206A,105.7198,38.8508,阿拉善盟,环保局新楼,,37,36,40,3,10,117,NA,100,100,3,5,10,9,0.4,0.5
2026-10-08T1500,2207A,121.6095,41.9978,阜新市,工业园区,臭氧1小时(O3_1h),72,79,73,20,37,177,NA,118,118,13,33,16,17,0.7,0.9
2026-10-08T1500,2208A,121.6567,42.0188,阜新市,长青街,臭氧1小时(O3_1h),80,67,56,25,32,184,NA,126,126,20,32,13,11,0.7,0.8
2026-10-08T1500,2209A,121.6672,42.07,阜新市,农业园区,臭氧1小时(O3_1h),89,75,52,24,27,191,NA,134,134,15,22,12,12,0.6,0.6
2026-10-08T1500,2211A,121.6343,42.0455,阜新市,玉龙新城,臭氧1小时(O3_1h),90,69,62,15,25,192,NA,125,125,18,40,16,12,0.6,0.6
2026-10-08T1500,2212A,123.1978,41.2036,辽阳市,宏伟区,臭氧1小时(O3_1h),77,60,25,31,12,181,NA,147,147,10,10,14,11,0.6,0.5
2026-10-08T1500,2213A,123.1684,41.2497,辽阳市,新华园,颗粒物(PM10),82,94,48,26,16,169,NA,133,133,18,20,11,12,0.5,0.6
2026-10-08T1500,2214A,123.2355,41.2663,辽阳市,滨河路,颗粒物(PM10),73,82,40,32,15,172,NA,126,126,10,16,13,11,0.8,0.8
2026-10-08T1500,2217A,123.865,42.292,铁岭市,水上乐园,臭氧1小时(O3_1h),68,72,45,13,13,174,NA,139,139,15,21,12,12,0.4,0.6
2026-10-08T1500,2219A,123.7158,42.2218,铁岭市,金沙江路北,颗粒物(PM10),68,74,46,17,15,171,NA,132,132,12,25,14,13,0.5,0.7
2026-10-08T1500,2220A,120.4318,41.588,朝阳市,西梁,颗粒物(PM10),54,55,54,13,22,154,NA,127,127,8,20,9,8,0.5,0.7
2026-10-08T1500,2221A,120.452,41.565,朝阳市,河畔小区,颗粒物(PM10),54,55,46,18,17,162,NA,138,138,9,14,11,10,0.6,0.7
2026-10-08T1500,2222A,120.4176,41.5648,朝阳市,八里堡,颗粒物(PM10),58,60,53,6,21,164,NA,133,133,9,22,12,11,0.6,0.7
2026-10-08T1500,2226A,124.3744,43.1842,四平市,境园,颗粒物(PM10),53,53,42,24,21,159,NA,126,126,9,22,8,8,0.4,0.5
2026-10-08T1500,2227A,125.1359,42.8845,辽源市,环保局,臭氧1小时(O3_1h),72,50,50,22,26,177,NA,128,128,10,29,9,7,0.6,0.8
2026-10-08T1500,2229A,125.9359,41.7174,通化市,光明,,39,33,33,7,12,122,NA,81,81,5,19,11,10,0.3,0.6
2026-10-08T1500,2230A,125.9446,41.7323,通化市,铁路,,39,28,26,6,10,122,NA,81,81,10,19,10,10,0.4,0.6
2026-10-08T1500,2231A,126.4219,41.9172,白山市,喜丰,颗粒物(PM10),52,52,65,13,16,150,NA,92,92,7,31,11,10,0.8,0.9
2026-10-08T1500,2232A,126.4082,41.9416,白山市,环保局,颗粒物(PM10),52,52,34,10,13,143,NA,91,91,5,17,8,6,0.5,0.3
2026-10-08T1500,2233A,124.8007,45.1213,松原市,江南,颗粒物(PM10),53,53,50,21,26,71,NA,44,44,7,18,1,1,0.2,0.4
2026-10-08T1500,2234A,124.7967,45.1721,松原市,江北,,36,36,48,10,19,73,NA,41,41,4,20,1,1,0.3,0.4
2026-10-08T1500,2235A,122.7909,45.608,白城市,洮北区环保局,,23,23,27,7,10,62,NA,50,50,6,9,6,5,0.3,0.3
2026-10-08T1500,2236A,122.8741,45.5725,白城市,市环保局,,34,34,30,9,11,62,NA,50,50,8,12,5,4,0.3,0.3
2026-10-08T1500,2237A,129.4704,42.8885,延边朝鲜族自治州,妇幼医院,,30,19,21,4,8,95,NA,62,62,8,11,8,8,0.5,0.5
2026-10-08T1500,2238A,129.5047,42.9117,延边朝鲜族自治州,延边医院,颗粒物(PM10),60,64,30,7,19,94,NA,63,63,10,18,5,6,0.6,0.7
2026-10-08T1500,2239A,129.395,42.8884,延边朝鲜族自治州,朝阳川镇医院,,31,17,27,4,10,99,NA,64,64,5,14,12,11,0.6,0.7
2026-10-08T1500,2240A,130.9618,45.2926,鸡西市,环保局,,23,23,38,6,10,53,NA,41,41,5,18,5,7,0.2,0.3
2026-10-08T1500,2243A,130.9294,45.2959,鸡西市,第一中学,NA,NA,24,37,4,8,55,NA,41,41,6,20,2,3,NA,0.3
2026-10-08T1500,2244A,130.2537,47.3416,鹤岗市,哈啤分公司,,22,17,25,2,5,70,NA,74,74,5,5,9,9,0.3,0.4
2026-10-08T1500,2245A,130.2683,47.3087,鹤岗市,斯达机电,NA,NA,NA,26,2,5,47,NA,53,53,12,9,4,3,0.2,0.2
2026-10-08T1500,2246A,130.3114,47.3388,鹤岗市,东山纸板厂,,24,24,55,8,7,49,NA,55,55,13,12,5,5,0.6,0.5
2026-10-08T1500,2248A,131.1509,46.6936,双鸭山市,双合村,,24,24,23,14,10,65,NA,58,58,7,11,11,10,0.1,0.2
2026-10-08T1500,2249A,131.1651,46.6191,双鸭山市,南小市,,27,27,20,14,11,57,NA,48,48,9,14,8,6,0.0,0.1
2026-10-08T1500,2250A,131.1526,46.6554,双鸭山市,环保局,,41,41,37,10,11,57,NA,48,48,9,15,4,5,0.1,0.1
2026-10-08T1500,2252A,128.8663,47.7199,伊春市,环保局,,18,18,23,3,6,57,NA,54,54,5,9,2,2,0.4,0.4
2026-10-08T1500,2253A,128.9014,47.732,伊春市,电力嘉园,,18,18,21,2,5,57,NA,54,54,7,9,2,3,0.4,0.4
2026-10-08T1500,2255A,130.2749,46.8028,佳木斯市,佳纺,,20,20,31,5,9,52,NA,45,45,8,16,1,2,0.2,0.2
2026-10-08T1500,2257A,130.3258,46.7975,佳木斯市,环保局,,18,18,27,4,7,54,NA,54,54,8,18,1,2,0.2,0.3
2026-10-08T1500,2263A,127.4832,50.2524,黑河市,交通局,,21,21,19,6,7,52,NA,46,46,13,12,6,6,0.1,0.2
2026-10-08T1500,2264A,127.5146,50.2339,黑河市,环保局,,17,14,16,6,6,52,NA,48,48,10,10,9,5,0.1,0.1
2026-10-08T1500,2266A,126.9783,46.6365,绥化市,人和东街,,32,32,38,4,10,52,NA,44,44,4,9,2,2,0.4,0.8
2026-10-08T1500,2267A,126.964,46.6527,绥化市,党政办公中心,,40,40,28,15,13,58,NA,50,50,9,10,7,8,0.6,0.6
2026-10-08T1500,2269A,124.1068,50.4091,大兴安岭地区,科技局,,19,15,25,8,7,60,NA,45,45,2,6,4,4,0.4,0.4
2026-10-08T1500,2270A,117.396,32.9389,蚌埠市,工人疗养院,臭氧1小时(O3_1h),83,50,52,22,28,186,NA,146,146,11,19,9,9,0.5,0.5
2026-10-08T1500,2271A,117.3606,32.9428,蚌埠市,百货大楼,臭氧1小时(O3_1h),88,46,58,20,31,190,NA,148,148,11,30,13,13,0.6,0.7
2026-10-08T1500,2273A,117.4183,32.8909,蚌埠市,蚌埠学院,臭氧1小时(O3_1h),88,41,53,19,28,190,NA,149,149,12,23,8,8,0.3,0.3
2026-10-08T1500,2274A,117.3534,32.9672,蚌埠市,淮上区政府,臭氧1小时(O3_1h),82,46,62,22,34,185,NA,143,143,13,36,8,8,0.4,0.5
2026-10-08T1500,2275A,117.3143,32.8977,蚌埠市,高新区,臭氧1小时(O3_1h),75,44,55,21,33,180,NA,141,141,12,25,7,7,0.4,0.4
2026-10-08T1500,2277A,116.8304,32.7726,淮南市,潘集区政府,臭氧1小时(O3_1h),101,61,70,25,35,201,NA,149,149,16,26,12,13,0.5,0.5
2026-10-08T1500,2279A,116.8569,32.5949,淮南市,谢家集区政府,臭氧1小时(O3_1h),95,24,48,20,26,196,NA,168,168,12,17,8,13,0.4,0.4
2026-10-08T1500,2280A,116.8279,32.6333,淮南市,八公山区政府,臭氧1小时(O3_1h),95,41,47,19,27,196,NA,160,160,12,15,9,10,0.5,0.4
2026-10-08T1500,2282A,116.8005,33.9749,淮北市,监测站,臭氧1小时(O3_1h),75,70,61,43,33,180,NA,129,129,16,23,9,9,0.6,0.6
2026-10-08T1500,2283A,116.8094,33.9008,淮北市,烈山区政府,臭氧1小时(O3_1h),87,53,71,26,34,189,NA,140,140,13,23,8,9,0.4,0.4
2026-10-08T1500,2285A,117.8176,30.9412,铜陵市,市第四中学,臭氧1小时(O3_1h),53,48,47,26,20,162,NA,117,117,12,16,14,9,0.8,0.6
2026-10-08T1500,2287A,117.7806,30.9413,铜陵市,市新民污水厂,,50,39,63,16,24,158,NA,110,110,10,25,8,8,0.4,0.5
2026-10-08T1500,2289A,117.846,30.9414,铜陵市,车站新区,臭氧1小时(O3_1h),55,41,38,26,20,164,NA,116,116,21,21,14,9,0.8,0.6
2026-10-08T1500,2290A,117.8472,30.9699,铜陵市,市职教基地,臭氧1小时(O3_1h),58,37,48,24,23,166,NA,132,132,17,15,9,7,0.5,0.4
2026-10-08T1500,2291A,117.0806,30.5181,安庆市,环科院,臭氧1小时(O3_1h),65,32,48,12,24,172,NA,124,124,13,18,8,9,0.4,0.6
2026-10-08T1500,2292A,117.0331,30.5118,安庆市,马山宾馆,臭氧1小时(O3_1h),64,28,46,11,26,171,NA,122,122,17,21,7,8,0.4,0.7
2026-10-08T1500,2294A,116.9897,30.6146,安庆市,安庆大学,臭氧1小时(O3_1h),65,31,46,13,28,172,NA,116,116,4,14,8,7,0.4,0.6
2026-10-08T1500,2295A,118.2905,29.6965,黄山市,延安路89号,,45,20,26,8,14,143,NA,98,98,3,7,4,4,0.0,0.1
2026-10-08T1500,2297A,118.1369,30.2755,黄山市,黄山区政府5号楼,,42,21,25,9,16,134,NA,94,94,4,5,4,4,0.2,0.2
2026-10-08T1500,2301A,115.8276,32.8929,阜阳市,市监测站,臭氧1小时(O3_1h),83,48,69,20,36,186,NA,132,132,10,24,10,10,0.3,0.4
2026-10-08T1500,2303A,115.8551,32.8606,阜阳市,开发区,臭氧1小时(O3_1h),74,51,68,17,30,179,NA,141,141,15,27,8,8,0.4,0.6
2026-10-08T1500,2307A,116.5078,31.7369,六安市,监测大楼,,45,18,33,8,22,141,NA,113,113,7,17,4,5,0.3,0.4
2026-10-08T1500,2308A,116.4738,31.7642,六安市,皖西学院,臭氧1小时(O3_1h),52,19,37,11,25,161,NA,120,120,7,15,8,8,0.2,0.3
2026-10-08T1500,2309A,116.4997,31.7904,六安市,朝阳厂,,40,37,38,9,23,128,NA,97,97,8,16,2,2,0.1,0.2
2026-10-08T1500,2310A,116.5566,31.7885,六安市,开发区,臭氧1小时(O3_1h),58,33,60,7,22,166,NA,142,142,6,22,7,8,0.2,0.3
2026-10-08T1500,2311A,115.8071,33.8399,亳州市,污水处理厂,臭氧1小时(O3_1h),67,45,52,19,26,173,NA,121,121,13,19,6,9,0.3,0.3
2026-10-08T1500,2312A,115.7789,33.8519,亳州市,三国揽胜宫,臭氧1小时(O3_1h),67,44,54,20,27,173,NA,118,118,12,19,8,9,0.5,0.5
2026-10-08T1500,2314A,117.4698,30.6617,池州市,池州学院,,48,35,39,19,24,152,NA,111,111,10,21,6,6,0.4,0.5
2026-10-08T1500,2316A,118.7578,30.9457,宣城市,鳌峰子站,臭氧1小时(O3_1h),63,34,46,13,22,170,NA,129,129,6,17,7,8,0.3,0.8
2026-10-08T1500,2317A,118.7384,30.9745,宣城市,敬亭山子站,臭氧1小时(O3_1h),65,34,40,21,23,172,NA,122,122,9,11,4,3,0.3,0.4
2026-10-08T1500,2318A,118.7172,30.9428,宣城市,开发区子站,NA,NA,33,42,17,26,171,NA,132,132,NA,15,6,6,0.7,0.7
2026-10-08T1500,2319A,119.0142,25.4324,莆田市,荔城区仓后路,,39,37,31,10,13,122,NA,121,116,6,8,/,/,/,/
2026-10-08T1500,2320A,119.0016,25.4553,莆田市,莆田市监测站,,39,15,27,6,12,122,NA,126,120,6,7,5,6,0.4,0.4
2026-10-08T1500,2321A,119.112,25.4561,莆田市,涵江区六中,,32,32,35,13,14,102,NA,118,100,4,6,/,/,0.5,0.6
2026-10-08T1500,2322A,119.1014,25.3215,莆田市,秀屿区政府,,37,36,34,12,16,116,NA,111,111,6,9,11,9,0.6,0.7
2026-10-08T1500,2324A,117.621,26.2626,三明市,三钢,,40,22,24,12,17,125,NA,108,108,5,14,7,6,0.4,0.5
2026-10-08T1500,2325A,117.6352,26.2714,三明市,三明二中,,39,28,28,11,16,123,NA,104,104,5,12,7,7,0.4,0.5
2026-10-08T1500,2326A,117.6028,26.2377,三明市,三元区政府,,40,28,33,12,20,128,NA,108,108,5,20,3,3,0.4,0.7
2026-10-08T1500,2332A,118.1682,26.6371,南平市,南平市监测站,,37,16,26,7,15,118,NA,99,99,4,11,6,6,0.4,0.5
2026-10-08T1500,2334A,118.1757,26.6276,南平市,南平七中,,37,31,28,8,16,117,NA,99,99,4,12,5,6,0.2,0.6
2026-10-08T1500,2336A,117.022,25.1031,龙岩市,龙岩市监测站,,42,22,29,10,18,133,NA,123,123,5,12,9,11,0.3,0.5
2026-10-08T1500,2337A,117.0257,25.0662,龙岩市,闽西职业技术学院,,43,26,32,10,15,135,NA,123,123,4,8,9,9,0.4,0.5
2026-10-08T1500,2338A,117.0195,25.0306,龙岩市,龙岩学院,,42,22,27,9,16,133,NA,119,119,4,8,6,8,/,/
2026-10-08T1500,2341A,119.5387,26.6611,宁德市,宁德市监测站,NA,NA,36,36,13,19,129,NA,111,111,5,8,7,6,NA,0.8
2026-10-08T1500,2343A,117.2114,29.2931,景德镇市,老干部活动中心,,49,29,26,10,15,154,NA,114,114,2,2,4,4,0.6,0.6
2026-10-08T1500,2344A,117.1893,29.2789,景德镇市,兽医站,,49,26,30,10,14,154,NA,114,114,6,10,4,4,0.6,0.5
2026-10-08T1500,2346A,117.246,29.2958,景德镇市,陶研所,,45,18,24,11,16,142,NA,104,104,4,10,5,4,0.3,0.5
2026-10-08T1500,2348A,113.8384,27.6436,萍乡市,中医院,,49,20,40,16,22,156,NA,117,117,12,22,11,10,0.9,0.7
2026-10-08T1500,2350A,113.8677,27.6438,萍乡市,市环保局,臭氧1小时(O3_1h),62,26,43,18,25,169,NA,117,117,9,20,12,12,0.9,0.5
2026-10-08T1500,2351A,113.8663,27.6202,萍乡市,安源区政府,臭氧1小时(O3_1h),57,38,40,24,25,165,NA,108,108,8,16,12,9,1.2,0.8
2026-10-08T1500,2353A,114.9887,27.8433,新余市,飞宇,臭氧1小时(O3_1h),108,45,43,21,26,216,NA,132,132,17,25,15,16,0.7,0.7
2026-10-08T1500,2354A,114.9234,27.8248,新余市,第二水厂,臭氧1小时(O3_1h),57,53,49,15,23,165,NA,115,115,15,28,10,12,0.4,0.4
2026-10-08T1500,2355A,114.931,27.8037,新余市,市气象局,臭氧1小时(O3_1h),58,48,45,20,29,166,NA,123,123,10,17,11,12,0.9,0.8
2026-10-08T1500,2358A,117.0561,28.2641,鹰潭市,新监测站,臭氧1小时(O3_1h),54,26,43,19,25,163,NA,134,134,1,12,4,9,0.5,0.5
2026-10-08T1500,2359A,117.0312,28.2474,鹰潭市,财苑宾馆,臭氧1小时(O3_1h),63,31,42,16,22,170,NA,138,138,3,7,9,11,/,/
2026-10-08T1500,2360A,117.0221,28.2263,鹰潭市,体育馆,臭氧1小时(O3_1h),52,34,39,15,22,161,NA,126,126,3,16,11,11,0.4,0.5
2026-10-08T1500,2363A,114.9368,25.8663,赣州市,地委,,40,35,40,14,22,127,NA,106,106,4,10,5,6,0.9,0.9
2026-10-08T1500,2364A,114.946,25.8483,赣州市,气象台,,42,28,35,22,21,132,NA,NA,NA,6,11,7,7,0.3,0.3
2026-10-08T1500,2365A,114.932,25.8332,赣州市,市图书馆,,47,30,35,20,24,148,NA,110,110,6,13,4,4,1.5,1.3
2026-10-08T1500,2366A,114.8905,25.8472,赣州市,华坚鞋城,,43,42,41,20,26,135,NA,102,102,9,16,1,2,0.4,0.4
2026-10-08T1500,2367A,114.9753,27.0803,吉安市,红声器材厂,,44,42,44,17,24,139,NA,104,104,12,19,8,16,0.3,0.3
2026-10-08T1500,2369A,114.9903,27.1313,吉安市,市环境监测站,,50,45,39,19,21,157,NA,108,108,11,16,7,7,/,/
2026-10-08T1500,2370A,115.009527,27.096792,吉安市,青原区法院,,50,41,42,19,23,159,NA,108,108,9,16,10,10,0.2,0.3
2026-10-08T1500,2373A,114.3954,27.7843,宜春市,市石油公司,,48,37,37,17,20,153,NA,116,116,10,12,5,4,0.5,0.6
2026-10-08T1500,2374A,114.37,27.7916,宜春市,市气象局,,48,32,34,17,17,152,NA,111,111,12,14,1,3,0.5,0.5
2026-10-08T1500,2375A,114.401,27.8059,宜春市,市广电局,,44,41,41,25,22,140,NA,94,94,9,16,7,7,0.4,0.3
2026-10-08T1500,2377A,116.3544,27.9833,抚州市,市站,,42,24,42,10,23,133,NA,103,103,2,7,6,8,0.5,0.5
2026-10-08T1500,2378A,116.3562,27.9631,抚州市,血防站,,44,27,44,16,24,140,NA,107,107,5,14,5,7,0.4,0.4
2026-10-08T1500,2379A,116.3561,28.0007,抚州市,采茶剧团,,48,26,42,6,21,151,NA,119,119,2,7,2,4,0.4,0.5
2026-10-08T1500,2380A,116.3854,27.9648,抚州市,医学分院,,44,27,40,14,23,140,NA,109,109,2,8,4,5,0.5,0.5
2026-10-08T1500,2382A,117.9758,28.4439,上饶市,市监测站,臭氧1小时(O3_1h),63,32,43,15,24,170,NA,148,148,2,5,1,3,/,/
2026-10-08T1500,2383A,117.9521,28.4637,上饶市,凤凰光学,,45,34,44,14,24,142,NA,114,114,2,12,3,5,0.2,0.2
2026-10-08T1500,2385A,114.17,35.9019,鹤壁市,市监测站,臭氧1小时(O3_1h),58,49,60,20,25,166,NA,118,118,8,15,8,6,0.5,0.6
2026-10-08T1500,2386A,114.2953,35.7512,鹤壁市,市交警支队,颗粒物(PM10),58,60,86,22,32,160,NA,114,114,11,30,6,7,0.5,0.6
2026-10-08T1500,2387A,114.2877,35.7302,鹤壁市,迎宾馆,颗粒物(PM10),72,80,98,18,32,170,NA,124,124,10,26,6,6,0.6,0.6
2026-10-08T1500,2389A,113.836,35.3104,新乡市,环保西院,臭氧1小时(O3_1h),65,52,80,19,32,172,NA,125,125,7,26,10,11,0.5,0.6
2026-10-08T1500,2390A,113.8847,35.2724,新乡市,开发区,臭氧1小时(O3_1h),54,50,69,12,25,163,NA,120,120,10,24,8,9,0.5,0.5
2026-10-08T1500,2391A,113.8836,35.3028,新乡市,环保东院,臭氧1小时(O3_1h),57,39,66,15,27,165,NA,120,120,8,22,8,8,0.4,0.5
2026-10-08T1500,2392A,115.0312,35.7636,濮阳市,环保局,臭氧1小时(O3_1h),59,53,67,23,27,167,NA,124,124,10,19,5,6,0.4,0.5
2026-10-08T1500,2398A,113.7904,33.9949,许昌市,开发区,,50,36,68,22,29,159,NA,109,109,10,36,6,7,0.4,0.5
2026-10-08T1500,2399A,114.051,33.5721,漯河市,三五一五工厂,臭氧1小时(O3_1h),63,45,66,18,27,170,NA,130,130,14,27,8,8,0.3,0.5
2026-10-08T1500,2400A,114.0055,33.5698,漯河市,漯河大学,臭氧1小时(O3_1h),60,47,63,19,24,168,NA,131,131,15,22,8,9,0.4,0.6
2026-10-08T1500,2401A,114.0134,33.5826,漯河市,市水利局,臭氧1小时(O3_1h),68,36,59,17,24,174,NA,136,136,12,18,11,11,0.4,0.4
2026-10-08T1500,2402A,114.0261,33.5697,漯河市,市广电局,臭氧1小时(O3_1h),64,37,57,17,25,171,NA,131,131,9,18,6,6,0.3,0.4
2026-10-08T1500,2404A,112.5338,33.0086,南阳市,瓦房庄,臭氧1小时(O3_1h),64,61,63,15,23,171,NA,125,125,12,26,9,8,0.4,0.9
2026-10-08T1500,2405A,112.5002,32.9734,南阳市,汉画馆,颗粒物(PM10),59,62,62,18,25,165,NA,118,118,13,28,9,8,0.4,0.4
2026-10-08T1500,2406A,112.5778,33.0144,南阳市,气象站,臭氧1小时(O3_1h),62,64,57,19,20,169,NA,114,114,10,24,10,9,0.7,0.7
2026-10-08T1500,2407A,112.548,32.9687,南阳市,理工学院,臭氧1小时(O3_1h),67,64,58,20,24,173,NA,121,121,11,27,11,10,0.4,0.5
2026-10-08T1500,2408A,115.6701,34.4283,商丘市,环境监测站,臭氧1小时(O3_1h),60,44,51,16,24,168,NA,131,131,8,15,6,7,0.3,0.3
2026-10-08T1500,2409A,115.6458,34.4047,商丘市,粮食局,臭氧1小时(O3_1h),58,37,41,13,22,166,NA,132,132,18,24,8,8,0.4,0.4
2026-10-08T1500,2420A,114.0194,32.9648,驻马店市,市一纸厂,,50,45,53,22,20,158,NA,124,124,10,23,4,6,0.3,0.4
2026-10-08T1500,2421A,114.0112,33.0149,驻马店市,市彩印厂,臭氧1小时(O3_1h),54,50,59,11,21,163,NA,130,130,7,14,5,6,0.3,0.4
2026-10-08T1500,2423A,115.0547,30.2332,黄石市,沈家营,臭氧1小时(O3_1h),68,38,49,21,31,174,NA,120,120,10,23,11,10,0.4,0.4
2026-10-08T1500,2426A,114.899,30.211,黄石市,铁山,,50,28,38,4,21,158,NA,128,128,4,13,11,8,0.3,0.4
2026-10-08T1500,2427A,115.0259,30.2108,黄石市,团城山,臭氧1小时(O3_1h),63,39,50,14,27,170,NA,122,122,9,18,11,11,0.5,0.5
2026-10-08T1500,2429A,110.78,32.6494,十堰市,滨河新村,,39,36,38,13,19,124,NA,86,86,8,19,/,/,0.6,0.7
2026-10-08T1500,2430A,110.7305,32.6408,十堰市,刘家沟,,44,44,32,21,14,133,NA,89,89,8,9,/,/,/,/
2026-10-08T1500,2431A,110.8843,32.5712,十堰市,铁二处,NA,NA,39,34,22,17,126,NA,84,84,12,14,NA,7,0.7,0.6
2026-10-08T1500,2432A,112.1555,32.0197,襄阳市,襄城运动路,臭氧1小时(O3_1h),69,44,62,22,31,175,NA,131,131,14,19,10,11,0.5,0.5
2026-10-08T1500,2434A,112.1829,32.1146,襄阳市,高新管委会,臭氧1小时(O3_1h),73,50,57,14,31,178,NA,130,130,6,14,9,9,0.5,0.5
2026-10-08T1500,2435A,112.2105,32.0903,襄阳市,襄州航空路,臭氧1小时(O3_1h),57,52,60,23,31,165,NA,120,120,10,16,10,11,0.4,0.5
2026-10-08T1500,2436A,114.894,30.3989,鄂州市,市政府,臭氧1小时(O3_1h),63,30,50,11,31,170,NA,117,117,7,21,9,11,0.3,0.3
2026-10-08T1500,2437A,114.8986,30.3714,鄂州市,赵家坝,NA,NA,40,54,NA,31,178,NA,125,125,12,28,7,13,0.7,0.8
2026-10-08T1500,2439A,112.2012,31.048,荆门市,竹园小学,臭氧1小时(O3_1h),75,46,54,23,34,180,NA,131,131,10,20,8,9,0.5,0.6
2026-10-08T1500,2440A,112.1968,30.9892,荆门市,掇刀,臭氧1小时(O3_1h),88,43,59,27,42,190,NA,143,143,10,25,10,11,0.5,0.6
2026-10-08T1500,2444A,113.9062,30.9378,孝感市,东城区,臭氧1小时(O3_1h),93,45,66,14,29,194,NA,135,135,11,21,12,9,1.1,0.9
2026-10-08T1500,2446A,114.9021,30.474,黄冈市,职工中心,臭氧1小时(O3_1h),64,26,42,15,31,171,NA,132,132,6,16,8,10,0.3,0.4
2026-10-08T1500,2451A,113.3587,31.7275,随州市,市委党校,,48,22,45,8,25,153,NA,20,NA,2,18,9,10,0.5,0.6
2026-10-08T1500,2452A,113.3745,31.6926,随州市,市林业局,,47,25,50,4,21,148,NA,116,116,7,14,8,11,0.5,0.6
2026-10-08T1500,2453A,113.3984,31.7309,随州市,市立交桥水厂,,49,29,49,4,24,155,NA,109,109,5,19,8,10,0.5,0.6
2026-10-08T1500,2454A,109.4978,30.2979,恩施土家族苗族自治州,湖北民院,,31,31,37,16,20,95,NA,62,62,8,10,4,3,0.5,0.5
2026-10-08T1500,2457A,112.6209,26.9268,衡阳市,衡阳化工总厂,,47,41,45,14,26,148,NA,105,105,9,20,11,17,0.5,0.6
2026-10-08T1500,2458A,112.621,26.8957,衡阳市,珠晖区环保局,,46,29,48,11,24,146,NA,104,104,10,36,9,12,0.4,0.6
2026-10-08T1500,2459A,112.628,26.8654,衡阳市,市委党校,,47,40,43,12,28,150,NA,110,110,9,19,7,10,0.5,0.7
2026-10-08T1500,2460A,112.6007,26.8977,衡阳市,市监测站,NA,NA,43,52,23,32,146,NA,111,111,NA,23,9,11,0.2,0.8
2026-10-08T1500,2461A,112.5658,26.9013,衡阳市,真空机电公司,,44,28,48,12,32,138,NA,98,98,6,18,10,10,0.5,0.7
2026-10-08T1500,2464A,111.5277,27.2442,邵阳市,市化工厂,,50,25,44,17,35,158,NA,105,105,5,16,9,8,0.5,0.6
2026-10-08T1500,2466A,111.4327,27.2276,邵阳市,市环保局,颗粒物(PM10),61,65,57,21,34,163,NA,104,104,9,15,10,11,0.6,0.7
2026-10-08T1500,2468A,112.3458,28.581,益阳市,市环保局,臭氧1小时(O3_1h),63,24,33,19,25,170,NA,124,124,15,30,9,8,0.6,0.8
2026-10-08T1500,2473A,113.0116,25.8228,郴州市,市职中,,41,28,37,16,25,131,NA,86,86,11,23,11,10,0.5,0.6
2026-10-08T1500,2475A,113.0381,25.8074,郴州市,市审计局,,45,32,38,17,24,144,NA,91,91,10,22,12,11,/,/
2026-10-08T1500,2476A,113.0348,25.7757,郴州市,市环保局,,44,29,36,21,22,140,NA,88,88,10,22,13,10,0.5,0.6
2026-10-08T1500,2478A,111.6126,26.4266,永州市,市环境监测站,,49,25,47,18,32,156,NA,100,100,9,17,9,12,0.6,0.8
2026-10-08T1500,2480A,111.6248,26.3803,永州市,永州市环保局,,47,28,41,22,26,150,NA,100,100,4,8,8,7,0.6,0.6
2026-10-08T1500,2481A,111.5989,26.4523,永州市,冷水滩区环保局,,46,23,49,18,30,146,NA,93,93,6,12,10,11,0.5,0.7
2026-10-08T1500,2483A,109.9297,27.5383,怀化市,河西地税局,,41,30,31,14,20,129,NA,90,90,10,13,12,10,/,/
2026-10-08T1500,2484A,109.9783,27.5342,怀化市,市四医院,NA,NA,28,36,7,18,NA,NA,37,37,9,15,11,10,0.4,0.5
2026-10-08T1500,2485A,109.9971,27.5579,怀化市,监测楼,,36,26,38,14,23,114,NA,85,85,10,21,7,9,0.2,0.3
2026-10-08T1500,2488A,111.9984,27.7346,娄底市,市监测站,,49,39,54,10,32,155,NA,107,107,6,25,4,11,0.3,0.8
2026-10-08T1500,2491A,111.9888,27.7035,娄底市,市政府,,42,30,47,9,33,133,NA,86,86,6,12,4,4,0.5,0.6
2026-10-08T1500,2493A,109.7298,28.3164,湘西土家族苗族自治州,州政府,,37,24,29,12,15,116,NA,72,72,2,5,4,4,0.3,0.4
2026-10-08T1500,2494A,109.6957,28.2676,湘西土家族苗族自治州,吉首市计生局,,39,19,24,12,15,123,NA,78,78,2,6,7,6,0.2,0.2
2026-10-08T1500,2496A,111.3126,23.4772,梧州市,市十一中,颗粒物(PM10),57,59,39,11,21,121,NA,86,86,2,12,9,11,0.3,0.4
2026-10-08T1500,2498A,111.26,23.4794,梧州市,龙新,,39,35,39,14,17,124,NA,90,90,4,18,8,10,0.6,0.6
2026-10-08T1500,2499A,108.3411,21.6159,防城港市,沙万,,47,41,43,25,24,149,NA,123,123,10,10,7,7,0.7,0.7
2026-10-08T1500,2500A,108.3515,21.7733,防城港市,防城档案局,,41,36,48,22,25,131,NA,106,106,5,12,8,7,0.7,0.7
2026-10-08T1500,2501A,108.3506,21.6414,防城港市,大海花园,,50,41,38,25,26,157,NA,128,128,8,9,8,10,0.8,0.8
2026-10-08T1500,2502A,108.6238,21.9667,钦州市,市环保站,,42,31,45,15,22,133,NA,112,112,8,14,10,11,0.5,0.6
2026-10-08T1500,2503A,108.655,21.9481,钦州市,沙埠小学,,42,40,47,12,25,132,NA,110,110,6,13,11,11,0.4,0.4
2026-10-08T1500,2504A,108.5989,21.7435,钦州市,港区一小,,48,48,50,15,25,153,NA,109,109,8,20,8,8,0.7,0.7
2026-10-08T1500,2506A,109.604387,23.066791,贵港市,江南子站,,41,27,60,13,29,131,NA,103,103,5,26,4,7,0.4,0.6
2026-10-08T1500,2508A,109.5669,23.1065,贵港市,荷城子站,,44,27,39,12,18,139,NA,115,115,8,15,6,7,0.5,0.5
2026-10-08T1500,2511A,110.1433,22.6162,玉林市,南江一中,臭氧1小时(O3_1h),52,25,34,5,20,161,NA,112,112,8,22,10,11,0.4,0.5
2026-10-08T1500,2512A,106.6102,23.901,百色市,市监测站,,45,34,25,10,11,143,NA,77,77,7,10,12,7,0.4,0.3
2026-10-08T1500,2513A,106.6524,23.8842,百色市,市中心血站,,44,31,38,16,21,140,NA,80,80,6,19,16,13,0.3,0.3
2026-10-08T1500,2514A,111.5264,24.4178,贺州市,环保小区,,46,25,30,14,21,146,NA,99,99,6,11,14,13,0.5,0.4
2026-10-08T1500,2515A,111.561,24.4074,贺州市,政协大楼,,46,26,30,13,20,146,NA,93,93,7,15,14,12,0.4,0.6
2026-10-08T1500,2517A,108.0496,24.6957,河池市,市环保站,,36,34,25,6,10,115,NA,75,75,5,12,9,8,0.6,0.6
2026-10-08T1500,2520A,109.2203,23.7252,来宾市,来宾技工学校,,43,32,45,18,22,135,NA,103,103,6,18,12,15,0.4,0.5
2026-10-08T1500,2521A,107.3473,22.4137,崇左市,市环保局江州分局,,43,35,34,12,17,136,NA,105,105,7,16,6,5,0.6,0.6
2026-10-08T1500,2524A,105.8211,32.4444,广元市,老城,颗粒物(PM10),52,52,55,31,40,95,NA,44,44,11,24,14,8,0.9,1
2026-10-08T1500,2526A,105.8629,32.429,广元市,监测站,颗粒物(PM10),61,65,58,35,33,87,NA,41,41,18,18,15,6,0.9,0.8
2026-10-08T1500,2528A,105.5581,30.5231,遂宁市,市监测站,,49,49,62,30,37,117,NA,70,70,8,18,12,8,0.6,0.6
2026-10-08T1500,2530A,105.5917,30.4727,遂宁市,美宁食品公司,,47,47,59,25,40,115,NA,73,73,10,19,12,8,0.6,0.7
2026-10-08T1500,2531A,105.0703,29.61,内江市,市监测站,细颗粒物(PM2.5),60,42,43,40,40,111,NA,78,78,10,14,9,8,0.8,0.8
2026-10-08T1500,2533A,105.0657,29.5807,内江市,内江二中,颗粒物(PM10),66,72,52,42,38,112,NA,84,84,9,13,7,7,0.4,0.5
2026-10-08T1500,2534A,105.0407,29.5828,内江市,内江日报社,细颗粒物(PM2.5),66,46,43,43,40,108,NA,80,80,11,18,8,8,0.3,0.3
2026-10-08T1500,2536A,103.7629,29.5844,乐山市,牛耳桥,细颗粒物(PM2.5),106,84,59,66,40,81,NA,44,44,20,18,12,9,1.0,0.9
2026-10-08T1500,2537A,103.7501,29.6002,乐山市,市第三水厂,细颗粒物(PM2.5),106,78,54,66,43,86,NA,54,54,18,17,9,7,0.8,0.8
2026-10-08T1500,2538A,103.7571,29.5664,乐山市,市监测站,细颗粒物(PM2.5),96,109,56,58,37,90,NA,49,49,14,13,9,7,0.8,0.7
2026-10-08T1500,2540A,103.8414,30.0871,眉山市,气象局,细颗粒物(PM2.5),90,93,72,55,45,91,NA,47,47,21,27,29,12,1.1,1.1
2026-10-08T1500,2544A,106.6307,30.4577,广安市,市委,,36,36,50,6,35,101,NA,58,58,6,14,9,8,0.4,0.5
2026-10-08T1500,2545A,106.6266,30.4662,广安市,友谊中学,,33,26,43,14,32,105,NA,60,60,6,10,10,9,0.5,0.6
2026-10-08T1500,2547A,106.6386,30.4551,广安市,广电花园,,36,36,46,19,39,110,NA,63,63,9,12,8,8,0.5,0.6
2026-10-08T1500,2549A,107.5087,31.2186,达州市,市环境监测站,,33,33,55,10,28,84,NA,40,40,13,26,6,7,0.3,0.5
2026-10-08T1500,2550A,107.4988,31.2132,达州市,凤凰小区,,30,29,54,8,30,96,NA,47,47,7,26,6,7,0.3,0.5
2026-10-08T1500,2551A,107.5081,31.1987,达州市,达县机关宾馆,,31,31,59,8,31,93,NA,48,48,12,33,5,6,0.2,0.4
2026-10-08T1500,2552A,107.4644,31.2124,达州市,市政中心,,39,39,67,11,31,99,NA,44,44,9,32,5,6,0.3,0.5
2026-10-08T1500,2555A,103.011,29.9833,雅安市,市政府,细颗粒物(PM2.5),62,60,38,41,24,84,NA,27,26,13,11,8,7,0.6,0.6
2026-10-08T1500,2556A,102.9907,29.9778,雅安市,川农大,细颗粒物(PM2.5),58,57,37,39,26,76,NA,24,24,11,9,8,7,0.6,0.6
2026-10-08T1500,2562A,104.6357,30.1508,资阳市,资阳中学,颗粒物(PM10),54,55,76,31,48,105,NA,72,72,4,12,6,6,0.3,0.4
2026-10-08T1500,2565A,104.6297,30.1259,资阳市,区法院,,42,42,65,29,49,107,NA,74,74,4,15,3,2,0.6,0.7
2026-10-08T1500,2568A,102.2503,31.8896,阿坝藏族羌族自治州,马师校,,23,10,27,6,7,72,NA,45,45,6,5,4,4,0.4,0.4
2026-10-08T1500,2570A,101.96,30.048,甘孜藏族自治州,水桥子,,24,3,15,1,4,74,NA,38,38,2,13,3,2,0.1,0.2
2026-10-08T1500,2573A,102.2629,27.8981,凉山彝族自治州,西昌市政府,,43,32,19,30,16,105,NA,66,66,6,7,15,9,1.0,0.8
2026-10-08T1500,2574A,102.2686,27.885,凉山彝族自治州,凉山州政府,,32,25,19,22,15,100,NA,62,62,4,6,9,6,0.8,0.7
2026-10-08T1500,2577A,104.8293,26.592,六盘水市,黄土坡,,35,30,32,14,21,109,NA,85,85,7,10,5,4,0.3,0.3
2026-10-08T1500,2579A,104.8481,26.5898,六盘水市,民中,,34,18,23,17,19,107,NA,84,84,7,12,3,2,0.4,0.4
2026-10-08T1500,2580A,104.9541,26.5506,六盘水市,双水,,34,24,27,17,17,107,NA,90,90,6,8,7,6,0.4,0.3
2026-10-08T1500,2585A,109.1839,27.7344,铜仁市,铜仁卫校,,39,13,23,6,12,122,NA,71,71,2,13,1,2,0.4,0.4
2026-10-08T1500,2586A,109.1752,27.6945,铜仁市,铜仁七中,,38,13,22,6,12,121,NA,77,77,5,6,7,6,0.2,0.2
2026-10-08T1500,2587A,105.287,27.3133,毕节市,八中,,42,29,52,29,36,120,NA,84,84,8,13,12,10,0.4,0.6
2026-10-08T1500,2588A,105.3079,27.2987,毕节市,师专,,37,31,59,21,36,116,NA,74,74,8,16,14,12,0.4,0.5
2026-10-08T1500,2589A,104.9022,25.0943,黔西南布依族苗族自治州,场坝街,NA,NA,19,33,12,23,88,NA,69,69,NA,4,7,17,0.3,0.4
2026-10-08T1500,2590A,104.8812,25.0994,黔西南布依族苗族自治州,坪东大道,,27,NA,37,15,22,84,NA,65,65,3,12,6,7,0.3,0.4
2026-10-08T1500,2591A,107.9765,26.5724,黔东南苗族侗族自治州,市环境监测站,,31,22,27,17,15,97,NA,65,65,5,14,4,4,0.4,0.5
2026-10-08T1500,2593A,107.5223,26.2371,黔南布依族苗族自治州,小围寨,,36,9,15,2,12,115,NA,72,72,4,9,2,2,0.3,0.3
2026-10-08T1500,2594A,99.1589,25.1137,保山市,市环境监测站,NA,NA,NA,14,8,7,86,NA,62,62,4,6,6,7,0.3,0.3
2026-10-08T1500,2595A,99.1616,25.1381,保山市,市环保局,,27,NA,9,10,8,85,NA,60,60,3,4,5,4,0.5,0.4
2026-10-08T1500,2596A,103.7668,27.3736,昭通市,监测站,,31,31,44,17,25,97,NA,64,64,3,12,6,7,0.4,0.5
2026-10-08T1500,2599A,100.2497,26.8802,丽江市,丽江古城,,26,10,15,2,7,82,NA,68,68,7,10,3,4,0.5,0.5
2026-10-08T1500,2600A,100.2203,26.8906,丽江市,市中心,,25,6,9,2,7,77,NA,59,59,8,11,5,6,0.5,0.5
2026-10-08T1500,2601A,100.9801,22.7634,普洱市,市环保局,,32,32,35,8,14,77,NA,54,54,4,6,8,8,0.6,0.7
2026-10-08T1500,2602A,100.9763,22.8237,普洱市,普洱第二中学,,31,31,34,13,14,73,NA,56,56,2,9,10,10,0.5,0.8
2026-10-08T1500,2603A,100.0779,23.8981,临沧市,市环保局,,24,14,18,13,12,74,NA,52,52,9,10,8,10,0.2,0.5
2026-10-08T1500,2604A,100.0894,23.882,临沧市,市气象局,,25,21,18,16,13,77,NA,44,44,10,10,8,10,0.3,0.5
2026-10-08T1500,2606A,101.5379,25.0492,楚雄彝族自治州,市经济开发区,,25,10,17,6,13,78,NA,52,52,5,13,2,2,0.5,0.6
2026-10-08T1500,2610A,104.2533,23.3595,文山壮族苗族自治州,州水务局,,31,19,26,8,15,99,NA,74,74,8,11,6,5,0.3,0.4
2026-10-08T1500,2611A,104.2319,23.3892,文山壮族苗族自治州,市便民服务中心,,32,21,27,11,15,102,NA,78,78,5,8,3,4,0.3,0.3
2026-10-08T1500,2612A,100.8018,21.9995,西双版纳傣族自治州,景洪市江南,,28,24,30,19,17,82,NA,46,46,4,8,10,10,0.8,0.9
2026-10-08T1500,2613A,100.7995,22.0238,西双版纳傣族自治州,景洪市江北,,25,NA,26,16,15,79,NA,46,46,3,6,9,8,0.6,0.7
2026-10-08T1500,2614A,100.2168,25.5818,大理白族自治州,大理市环境监测站,NA,NA,11,11,3,8,82,NA,69,69,8,7,NA,6,0.2,0.3
2026-10-08T1500,2615A,100.1542,25.7055,大理白族自治州,大理古城,,30,7,13,2,10,93,NA,67,67,6,11,7,7,0.6,0.6
2026-10-08T1500,2616A,98.5611,24.4273,德宏傣族景颇族自治州,德宏州监测站,,29,NA,18,14,15,92,NA,54,54,6,13,7,7,0.6,0.8
2026-10-08T1500,2618A,98.859,25.8541,怒江傈僳族自治州,州监测站,,25,22,22,8,12,79,NA,46,46,3,8,6,8,0.5,0.5
2026-10-08T1500,2619A,98.8607,25.8168,怒江傈僳族自治州,泸水一中,,35,35,21,16,15,72,NA,36,36,7,13,5,6,0.5,0.6
2026-10-08T1500,2621A,99.7054,27.8319,迪庆藏族自治州,迪庆州站,,26,13,19,7,9,83,NA,58,58,7,10,8,8,0.3,0.4
2026-10-08T1500,2622A,97.1813,31.1289,昌都市,昌都监测站,,31,11,12,2,7,98,NA,56,56,6,14,3,4,0.2,0.3
2026-10-08T1500,2624A,91.7592,29.234,山南市,山南监测站,,31,5,8,1,2,99,NA,73,72,2,6,3,3,0.2,0.2
2026-10-08T1500,2625A,91.7701,29.2436,山南市,山南人民医院,,32,6,12,1,4,100,NA,72,72,2,5,5,5,0.2,0.2
2026-10-08T1500,2626A,88.8873,29.2723,日喀则市,日喀则监测站,,30,7,15,0,6,96,NA,74,74,3,8,4,4,0.3,0.3
2026-10-08T1500,2628A,92.0653,31.4846,那曲市,那曲监测站,,37,37,51,11,26,85,NA,60,60,8,23,9,10,0.4,0.8
2026-10-08T1500,2630A,80.1171,32.4999,阿里地区,阿里监测站,,35,11,20,0,5,110,NA,90,89,3,7,4,5,0.2,0.3
2026-10-08T1500,2632A,94.3683,29.6373,林芝市,林芝监测站,,20,12,10,3,4,62,NA,48,40,6,7,4,5,0.3,0.3
2026-10-08T1500,2633A,94.3616,29.6634,林芝市,林芝人民医院,,20,10,12,4,9,61,NA,42,36,7,8,5,5,0.1,0.1
2026-10-08T1500,2635A,107.0155,33.0707,汉中市,市监测站,,30,30,57,11,40,91,NA,54,54,4,13,5,6,0.3,0.5
2026-10-08T1500,2636A,107.0083,33.114,汉中市,鑫源开发区,,30,25,64,8,47,93,NA,57,57,6,22,6,7,0.2,0.5
2026-10-08T1500,2637A,107.0072,33.0323,汉中市,南郑大河坎水厂,,32,32,50,15,34,85,NA,49,49,8,12,4,4,0.5,0.6
2026-10-08T1500,2639A,109.7445,38.2919,榆林市,世纪广场,,50,50,49,19,20,121,NA,100,100,7,18,6,7,0.3,0.4
2026-10-08T1500,2640A,109.729,38.2837,榆林市,实验中学,,40,35,41,15,18,125,NA,109,109,7,14,5,6,0.4,0.5
2026-10-08T1500,2641A,109.7347,38.2491,榆林市,环保监测大楼,,39,29,37,15,25,123,NA,109,109,8,17,6,7,0.4,0.5
2026-10-08T1500,2644A,109.0088,32.6974,安康市,汉滨区检察院,,32,21,31,14,18,102,NA,55,55,6,12,5,6,0.7,0.8
2026-10-08T1500,2645A,109.9155,33.8714,商洛市,监测站,,41,30,29,17,14,131,NA,89,89,9,14,5,7,0.3,0.3
2026-10-08T1500,2647A,104.1727,36.5448,白银市,第三小学,,43,43,48,9,19,110,NA,80,80,5,12,8,14,0.5,0.7
2026-10-08T1500,2648A,104.1467,36.5482,白银市,动力公司,颗粒物(PM10),54,55,44,11,18,118,NA,91,91,6,14,4,7,0.3,0.6
2026-10-08T1500,2650A,105.72058,34.57859,天水市,公园小学,,32,32,44,21,25,96,NA,52,52,5,15,13,10,0.3,0.4
2026-10-08T1500,2651A,105.89428,34.55353,天水市,麦积国土局,,35,31,50,20,27,112,NA,67,67,6,16,8,7,0.4,0.5
2026-10-08T1500,2652A,102.6203,37.925,武威市,监测站,颗粒物(PM10),68,75,93,19,25,111,NA,76,76,3,18,12,12,0.2,0.4
2026-10-08T1500,2654A,100.4699,38.9525,张掖市,润泉湖,,43,43,107,16,30,99,NA,58,58,6,21,3,5,0.3,0.4
2026-10-08T1500,2655A,100.4155,38.9422,张掖市,区工会,,44,44,103,12,28,108,NA,80,80,4,18,2,3,0.2,0.3
2026-10-08T1500,2656A,106.6633,35.5338,平凉市,聚贤嘉苑,,41,41,45,13,21,121,NA,74,74,8,16,10,10,0.6,0.7
2026-10-08T1500,2657A,106.7021,35.5307,平凉市,博物馆,,46,46,48,18,25,128,NA,82,82,6,15,9,10,0.5,0.7
2026-10-08T1500,2661A,107.6325,35.7357,庆阳市,庆阳五中,,39,39,42,20,22,104,NA,95,95,6,10,2,4,0.3,0.4
2026-10-08T1500,2662A,107.6361,35.7067,庆阳市,市环保局,,34,34,44,21,22,107,NA,96,96,6,9,3,3,0.4,0.4
2026-10-08T1500,2669A,102.9097,34.9841,甘南藏族自治州,州政府,,27,26,48,13,23,84,NA,53,53,2,20,9,9,0.3,0.4
2026-10-08T1500,2671A,100.9016,36.9464,海北藏族自治州,海晏县西海镇,,42,38,25,21,14,132,NA,103,103,2,6,8,9,0.6,0.4
2026-10-08T1500,2672A,102.02,35.5101,黄南藏族自治州,同仁县隆务镇,,38,37,25,9,12,119,NA,92,92,4,3,8,7,0.3,0.2
2026-10-08T1500,2673A,100.6158,36.2985,海南藏族自治州,共和县恰卜恰镇,,33,19,25,8,13,105,NA,79,79,2,10,7,6,0.5,0.5
2026-10-08T1500,2674A,100.2262,34.4854,果洛藏族自治州,玛沁县大武镇,,34,25,42,4,13,108,NA,62,62,2,10,13,16,0.3,0.4
2026-10-08T1500,2675A,97.0386,33.0138,玉树藏族自治州,玉树县结古镇,,39,NA,11,27,10,100,NA,63,63,2,19,2,2,0.2,0.4
2026-10-08T1500,2676A,97.373,37.376,海西蒙古族藏族自治州,德令哈市,NA,NA,NA,27,NA,11,98,NA,81,81,3,6,15,18,0.4,0.5
2026-10-08T1500,2677A,106.1535,37.9648,吴忠市,教育园区,颗粒物(PM10),59,62,59,18,22,128,NA,82,82,8,14,14,8,0.4,0.4
2026-10-08T1500,2679A,106.1851,37.9957,吴忠市,新区二泵站,颗粒物(PM10),72,80,66,27,19,128,NA,84,84,7,14,14,11,0.6,0.6
2026-10-08T1500,2682A,105.1965,37.4996,中卫市,环保局站,颗粒物(PM10),53,53,63,10,17,114,NA,103,103,5,9,4,4,0.2,0.3
2026-10-08T1500,2684A,106.2753,36.0057,固原市,监测站,,42,30,37,12,16,132,NA,86,86,6,23,7,7,0.3,0.4
2026-10-08T1500,2685A,106.2384,36.0189,固原市,新区,NA,NA,46,36,14,16,116,NA,80,80,9,14,7,6,NA,0.5
2026-10-08T1500,2686A,89.1905,42.9419,吐鲁番市,市环保局,,30,25,45,10,16,94,NA,76,76,5,12,3,3,0.3,0.5
2026-10-08T1500,2687A,89.1674,42.9558,吐鲁番市,地区环保局,,30,23,33,2,10,96,NA,69,69,5,12,2,2,0.3,0.3
2026-10-08T1500,2688A,93.5124,42.8176,哈密市,地区监测站,,29,14,26,5,9,91,NA,82,72,5,8,6,4,0.0,0
2026-10-08T1500,2689A,93.5014,42.8312,哈密市,哈密师范学校,,29,19,27,6,11,92,NA,80,74,5,12,4,3,0.3,0.3
2026-10-08T1500,2692A,87.2722,44.0298,昌吉回族自治州,新区政务中心,,35,35,29,17,11,80,NA,47,47,10,16,12,7,0.4,0.3
2026-10-08T1500,2693A,82.0482,44.8553,博尔塔拉蒙古自治州,市党校,颗粒物(PM10),63,67,55,3,10,69,NA,46,46,6,10,5,6,0.3,0.3
2026-10-08T1500,2694A,82.0805,44.8966,博尔塔拉蒙古自治州,市环保局,,33,33,52,3,8,70,NA,38,38,6,13,7,8,0.2,0.2
2026-10-08T1500,2695A,80.2899,41.1684,阿克苏地区,电视台,,32,32,42,9,15,95,NA,74,68,9,10,3,5,0.1,0.1
2026-10-08T1500,2696A,80.2592,41.1541,阿克苏地区,艺术中心,,34,34,47,8,15,106,NA,84,68,7,12,6,6,0.3,0.3
2026-10-08T1500,2697A,76.1457,39.7143,克孜勒苏柯尔克孜自治州,市人民政府,颗粒物(PM10),55,57,130,23,43,104,NA,96,96,2,10,3,4,0.4,0.4
2026-10-08T1500,2698A,76.0071,39.466,喀什地区,巡警大队,,33,31,155,23,57,96,NA,85,85,5,13,3,4,0.1,0.2
2026-10-08T1500,2699A,75.9756,39.4693,喀什地区,吾办,,29,28,152,0,50,92,NA,81,81,1,12,4,2,0.3,0.4
2026-10-08T1500,2704A,81.3002,43.9177,伊犁哈萨克自治州,新政府片区,,25,24,38,6,19,79,NA,31,31,10,22,6,5,0.4,0.6
2026-10-08T1500,2705A,81.3364,43.9409,伊犁哈萨克自治州,第二水厂,,27,27,49,6,19,80,NA,30,30,11,25,7,6,0.6,0.8
2026-10-08T1500,2706A,82.9993,46.7432,塔城地区,东门外小游园,NA,NA,27,41,10,9,70,NA,46,46,8,8,NA,2,0.3,0.4
2026-10-08T1500,2708A,88.1266,47.8515,阿勒泰地区,市站,,24,24,25,2,4,74,NA,49,49,12,11,3,3,0.6,0.7
2026-10-08T1500,2709A,86.0391,44.298,石河子市,艾青诗歌馆,,32,32,34,9,7,86,NA,67,62,3,9,8,8,0.5,0.6
2026-10-08T1500,2711A,87.5352,44.1606,五家渠市,农水大厦,,45,45,45,7,17,80,NA,54,48,2,7,7,6,0.2,0.3
2026-10-08T1500,2809A,113.6668,24.7756,韶关市,大学路288号,,48,48,37,21,21,129,NA,93,93,7,15,20,17,/,/
2026-10-08T1500,2835A,101.7222,26.567,攀枝花市,四十中小,,40,33,43,8,27,125,NA,64,64,8,19,19,20,1.7,1.5
2026-10-08T1500,2842A,118.0937,24.5054,厦门市,湖里中学,,40,26,35,13,17,126,NA,122,112,7,11,2,3,0.5,0.6
2026-10-08T1500,2845A,113.1561,36.1912,长治市,德盛苑,,49,32,36,12,19,154,NA,113,113,9,15,13,13,0.6,0.6
2026-10-08T1500,2846A,113.3209,23.1323,广州市,体育西,,41,27,31,15,19,130,NA,102,102,13,31,7,7,0.7,0.8
2026-10-08T1500,2858A,117.7917,39.2473,天津市,河西一经路,臭氧1小时(O3_1h),92,56,72,18,29,193,NA,145,145,11,34,8,10,0.5,0.6
2026-10-08T1500,2859A,117.3747,38.9845,天津市,津沽路,臭氧1小时(O3_1h),77,43,71,21,44,181,NA,135,135,10,37,6,8,0.3,0.6
2026-10-08T1500,2860A,117.159,39.0844,天津市,宾水西道,臭氧1小时(O3_1h),70,33,73,23,43,176,NA,130,130,6,21,6,5,0.5,0.6
2026-10-08T1500,2865A,112.7195,37.683,晋中市,榆次三中,臭氧1小时(O3_1h),62,46,73,24,39,169,NA,110,110,7,30,14,12,0.8,0.9
2026-10-08T1500,2867A,111.1225,37.5093,吕梁市,马茂庄小学,,38,28,55,6,14,120,NA,76,76,8,34,1,9,0.6,0.5
2026-10-08T1500,2868A,126.4737,43.953,吉林市,九站,臭氧1小时(O3_1h),52,45,34,21,20,161,NA,124,124,12,23,8,11,0.6,0.6
2026-10-08T1500,2869A,119.4472,32.4156,扬州市,五台山医院,臭氧1小时(O3_1h),104,47,75,33,41,208,NA,158,158,9,26,17,17,0.7,0.8
2026-10-08T1500,2870A,119.4369,32.1891,镇江市,市疾控中心,臭氧1小时(O3_1h),109,49,54,28,38,218,NA,155,155,9,17,9,7,0.8,0.8
2026-10-08T1500,2871A,121.6156,29.9015,宁波市,万里国际学校,臭氧1小时(O3_1h),105,52,49,30,31,210,NA,143,143,20,31,11,10,0.7,0.7
2026-10-08T1500,2872A,120.7845,30.7524,嘉兴市,南湖区残联,臭氧1小时(O3_1h),95,36,47,20,27,196,NA,147,147,10,29,9,9,0.3,0.4
2026-10-08T1500,2873A,120.083,30.8929,湖州市,仁皇山新区,臭氧1小时(O3_1h),92,50,63,28,38,193,NA,122,122,17,53,10,9,0.4,0.5
2026-10-08T1500,2875A,115.783962,32.889217,阜阳市,阜阳职业技术学院,臭氧1小时(O3_1h),82,50,51,19,25,185,NA,145,145,12,17,7,7,0.4,0.4
2026-10-08T1500,2877A,119.1638,36.6524,潍坊市,坊子邮政,臭氧1小时(O3_1h),64,53,43,20,13,171,NA,120,120,8,16,6,5,0.6,0.6
2026-10-08T1500,2880A,104.0219,30.6561,成都市,大石西路,细颗粒物(PM2.5),80,90,93,50,70,98,NA,58,58,16,24,7,6,0.4,0.5
2026-10-08T1500,2881A,107.8909,26.531,黔东南苗族侗族自治州,凯里学院,,38,17,16,14,14,119,NA,74,74,3,9,5,5,0.1,0.1
2026-10-08T1500,2882A,102.5388,24.3703,玉溪市,玉溪一中,,27,15,27,6,15,84,NA,60,60,8,13,3,4,0.3,0.5
2026-10-08T1500,2883A,102.5382,24.339,玉溪市,文体中心,,32,32,45,8,17,87,NA,57,57,4,14,6,6,0.6,0.8
2026-10-08T1500,2884A,98.2672,39.7978,嘉峪关市,酒钢宾馆,,31,31,64,7,16,96,NA,86,86,8,17,21,28,0.5,0.8
2026-10-08T1500,2885A,104.9344,33.3827,陇南市,滨江中学,,25,22,48,10,21,80,NA,47,47,5,12,10,10,0.3,0.7
2026-10-08T1500,2894A,117.0561,32.6536,淮南市,经济技术开发区消防队,臭氧1小时(O3_1h),98,56,60,24,32,198,NA,155,155,12,23,12,12,0.4,0.4
2026-10-08T1500,2897A,123.2429,41.7341,沈阳市,沈辽西路,颗粒物(PM10),73,81,50,21,16,171,NA,128,128,12,21,10,13,0.6,0.8
2026-10-08T1500,2900A,123.5951,41.9085,沈阳市,裕农路,臭氧1小时(O3_1h),54,50,38,19,16,163,NA,118,118,12,21,10,11,0.4,0.8
2026-10-08T1500,2902A,106.6347,30.4868,广安市,北辰小学,,40,40,55,19,36,112,NA,64,64,10,22,10,10,0.6,0.7
2026-10-08T1500,2907A,120.1846,30.8592,湖州市,吴兴区站,臭氧1小时(O3_1h),87,45,58,24,40,189,NA,130,130,10,42,10,10,0.5,0.7
2026-10-08T1500,2919A,116.7022,39.5454,廊坊市,河北工业大学,臭氧1小时(O3_1h),104,111,131,52,72,208,NA,133,133,NA,45,7,6,0.5,0.6
2026-10-08T1500,2920A,117.71,24.5048,漳州市,蓝田镇,,39,20,47,8,25,124,NA,114,114,18,14,7,8,0.3,0.5
2026-10-08T1500,2921A,120.5482,30.0003,绍兴市,树下王站,,43,16,49,7,32,136,NA,114,114,11,31,5,5,0.6,0.8
2026-10-08T1500,2922A,117.194,39.1069,天津市,大理道,NA,NA,43,77,NA,39,186,NA,138,138,12,30,10,10,0.4,0.5
2026-10-08T1500,2924A,106.2266,38.4417,银川市,水乡路,颗粒物(PM10),63,68,55,17,21,123,NA,80,80,12,20,9,10,0.5,0.5
2026-10-08T1500,2925A,106.2758,38.4841,银川市,上海东路,颗粒物(PM10),59,62,58,30,23,140,NA,83,83,17,25,12,10,0.4,0.5
2026-10-08T1500,2926A,106.1016,38.4971,银川市,文昌北街,,45,45,69,22,24,113,NA,60,60,14,31,8,10,0.5,0.6
2026-10-08T1500,2929A,114.8858,30.4519,黄冈市,红卫路,NA,NA,NA,50,NA,35,NA,NA,157,NA,NA,19,NA,6,NA,0.4
2026-10-08T1500,2996A,118.2781,33.9658,宿迁市,市供电局,臭氧1小时(O3_1h),53,35,49,16,30,162,NA,116,116,10,25,6,7,0.7,0.7
2026-10-08T1500,2997A,119.8767,32.3291,泰州市,王营,臭氧1小时(O3_1h),95,49,76,24,53,196,NA,154,154,10,23,11,10,0.8,0.9
2026-10-08T1500,3000A,119.3577,34.6971,连云港市,德源药业,,36,19,20,5,7,115,NA,106,106,11,17,7,7,0.6,0.6
2026-10-08T1500,3002A,119.9701,31.813,常州市,行政中心,臭氧1小时(O3_1h),110,60,72,26,39,219,NA,153,153,16,43,10,11,0.6,0.7
2026-10-08T1500,3003A,120.0434,31.7726,常州市,经开区,臭氧1小时(O3_1h),111,58,80,26,39,222,NA,149,149,18,59,14,18,0.8,0.8
2026-10-08T1500,3004A,120.1543,33.3664,盐城市,宝龙广场,,37,12,20,9,12,117,NA,100,100,4,13,10,9,0.3,0.3
2026-10-08T1500,3005A,117.1812,34.29,徐州市,鼓楼区政府,臭氧1小时(O3_1h),72,54,74,27,51,177,NA,116,116,6,23,8,8,0.7,0.8
2026-10-08T1500,3006A,117.1693,34.1781,徐州市,铜山区招生办,臭氧1小时(O3_1h),85,68,111,29,79,188,NA,120,120,13,37,9,10,0.6,0.8
2026-10-08T1500,3007A,119.178,34.8442,连云港市,新城一中,,36,9,24,3,10,113,NA,90,90,9,32,9,11,0.2,0.2
2026-10-08T1500,3008A,119.3607,34.7519,连云港市,胡沟管理处,,33,9,11,0,2,104,NA,99,99,15,22,8,10,0.4,0.4
2026-10-08T1500,3009A,119.1478,34.5913,连云港市,矿山设计院,,44,17,21,7,8,139,NA,102,102,5,11,6,4,0.5,0.4
2026-10-08T1500,3010A,119.8919,31.7892,常州市,钟楼,臭氧1小时(O3_1h),104,62,65,19,36,208,NA,150,150,13,36,12,13,0.5,0.7
2026-10-08T1500,3012A,112.1849,31.0361,荆门市,西山林语,臭氧1小时(O3_1h),87,55,49,30,34,189,NA,138,138,10,16,9,12,0.6,0.7
2026-10-08T1500,3014A,106.4958,29.5347,重庆市,歇台子,,35,35,46,20,27,101,NA,60,60,14,25,10,9,0.5,0.7
2026-10-08T1500,3015A,106.4067,29.5729,重庆市,龙井湾,,38,38,45,19,27,114,NA,74,74,18,19,10,10,0.8,0.8
2026-10-08T1500,3016A,106.5506,29.415,重庆市,龙洲湾,,40,34,48,28,30,97,NA,56,56,19,19,10,11,0.5,0.7
2026-10-08T1500,3018A,111.5048,36.1015,临汾市,唐尧大酒店,,46,32,65,16,30,146,NA,101,101,10,23,7,9,0.4,0.6
2026-10-08T1500,3020A,117.2096,39.1698,天津市,中山北路,臭氧1小时(O3_1h),69,50,84,16,43,175,NA,133,133,18,38,6,6,0.6,0.7
2026-10-08T1500,3021A,115,35.7667,濮阳市,濮水河管理处,臭氧1小时(O3_1h),57,55,62,20,27,165,NA,118,118,11,19,6,5,0.3,0.5
2026-10-08T1500,3025A,113.0479,23.6343,清远市,技师学院,,39,26,35,17,20,123,NA,111,111,5,21,7,10,0.9,0.9
2026-10-08T1500,3026A,116.6179,23.6608,潮州市,市政府,,38,26,42,12,22,121,NA,108,108,8,11,7,7,0.5,0.6
2026-10-08T1500,3028A,104.7765,29.3623,自贡市,檀木林体育馆,细颗粒物(PM2.5),78,55,57,49,45,122,NA,80,80,11,15,10,8,0.4,0.4
2026-10-08T1500,3033A,87.4652,43.4569,乌鲁木齐市,培训基地,颗粒物(PM10),51,51,29,12,12,84,NA,69,69,7,8,2,2,0.6,0.6
2026-10-08T1500,3034A,113.1076,41.0385,乌兰察布市,光明街小学,,44,22,35,10,19,139,NA,121,121,9,24,3,3,0.4,0.4
2026-10-08T1500,3036A,118.6903,37.4337,东营市,开发区管委会,臭氧1小时(O3_1h),102,73,62,27,23,203,NA,148,148,11,21,10,11,0.5,0.5
2026-10-08T1500,3038A,103.3757,23.3679,红河哈尼族彝族自治州,州图书馆,,30,25,27,21,18,85,NA,83,83,4,5,4,5,0.4,0.4
2026-10-08T1500,3039A,111.1911,34.7829,三门峡市,三门峡市第一小学,,45,45,44,9,19,140,NA,110,110,7,15,10,12,0.5,0.5
2026-10-08T1500,3045A,109.9647,33.8486,商洛市,商州区中学,,44,44,30,18,14,132,NA,88,88,9,16,7,7,0.4,0.3
2026-10-08T1500,3046A,115.9084,28.6062,南昌市,机电学校,臭氧1小时(O3_1h),52,43,43,21,24,161,NA,129,129,7,19,12,11,0.4,0.4
2026-10-08T1500,3048A,119.5799,26.0937,福州市,九龙,,42,23,27,8,13,134,NA,126,126,3,7,6,7,0.4,0.5
2026-10-08T1500,3051A,117.385,39.1483,天津市,西四道,臭氧1小时(O3_1h),74,59,87,20,40,179,NA,126,126,16,47,6,8,0.2,0.5
2026-10-08T1500,3054A,113.9194,35.2847,新乡市,市委党校,臭氧1小时(O3_1h),59,38,69,12,25,167,NA,126,126,9,23,8,9,0.5,0.6
2026-10-08T1500,3055A,101.7775,36.643,西宁市,城北区政府,颗粒物(PM10),54,55,46,16,24,113,NA,74,74,16,27,14,14,0.5,0.9
2026-10-08T1500,3057A,121.5989,37.4016,烟台市,牟平检察院,,42,17,21,2,11,133,NA,117,117,4,11,5,8,0.3,0.3
2026-10-08T1500,3058A,119.2656,42.0356,赤峰市,银河街,臭氧1小时(O3_1h),60,54,56,24,29,168,NA,128,128,13,23,6,14,0.8,0.9
2026-10-08T1500,3059A,117.7181,36.205,济南市,泰兴公司,臭氧1小时(O3_1h),79,56,64,19,28,183,NA,124,124,8,41,10,9,0.2,0.5
2026-10-08T1500,3061A,119.7511,49.1576,呼伦贝尔市,国华电力东,,33,33,32,20,10,62,NA,50,50,10,7,5,6,0.4,0.4
2026-10-08T1500,3064A,117.6861,36.2172,济南市,莱芜战役纪念馆,臭氧1小时(O3_1h),62,41,61,19,30,169,NA,124,124,7,33,10,11,0.2,0.5
2026-10-08T1500,3065A,101.9534,29.9976,甘孜藏族自治州,州环保局,,25,8,18,1,2,80,NA,54,54,7,13,3,3,0.1,0.5
2026-10-08T1500,3066A,116.2722,37.438,德州市,九衢泉纯净水厂,臭氧1小时(O3_1h),88,90,103,26,46,190,NA,133,133,11,27,13,16,0.2,0.4
2026-10-08T1500,3109A,115.0094,25.8614,赣州市,赣县区卫计委,,40,19,32,8,16,127,NA,101,101,8,13,7,6,0.3,0.6
2026-10-08T1500,3123A,105.9408,26.2431,安顺市,凤凰山,,32,16,29,10,19,101,NA,91,91,4,11,8,10,0.3,0.4
2026-10-08T1500,3124A,105.9443,26.2567,安顺市,金钟山,,35,16,21,11,15,109,NA,101,101,4,7,8,9,0.3,0.3
2026-10-08T1500,3125A,105.8983,26.248,安顺市,娄家坡,,38,38,40,9,16,95,NA,88,88,4,6,9,9,0.4,0.4
2026-10-08T1500,3131A,114.878,40.7992,张家口市,烟厂,臭氧1小时(O3_1h),52,44,42,18,20,161,NA,114,114,10,17,/,/,/,/
2026-10-08T1500,3132A,119.5979,39.938,秦皇岛市,文明里,臭氧1小时(O3_1h),74,78,70,22,25,179,NA,126,126,11,24,11,11,0.5,0.7
2026-10-08T1500,3133A,106.5469,29.5655,重庆市,上清寺,,38,38,49,25,31,105,NA,63,63,16,34,5,5,0.4,0.6
2026-10-08T1500,3134A,113.8172,34.0339,许昌市,市一中,,49,49,57,23,26,153,NA,110,110,10,24,8,8,0.4,0.5
2026-10-08T1500,3136A,104.2724,30.559,成都市,龙泉驿区区政府,颗粒物(PM10),62,66,71,36,52,103,NA,74,74,14,20,6,6,0.8,0.9
2026-10-08T1500,3138A,111.7152,29.0288,常德市,武陵区永安,臭氧1小时(O3_1h),69,42,63,22,44,175,NA,115,115,10,21,12,15,0.9,1
2026-10-08T1500,3139A,111.6891,28.9881,常德市,鼎城区玉霞,臭氧1小时(O3_1h),89,43,63,16,42,191,NA,114,114,4,14,13,12,0.8,0.9
2026-10-08T1500,3140A,111.6651,29.0526,常德市,武陵区长庚,臭氧1小时(O3_1h),68,44,65,24,48,174,NA,109,109,9,21,10,15,0.7,0.8
2026-10-08T1500,3141A,114.3921,36.0879,安阳市,信访局,臭氧1小时(O3_1h),93,64,75,23,28,194,NA,145,145,10,24,6,6,0.4,0.4
2026-10-08T1500,3147A,114.3434,34.8101,开封市,龙亭公园,颗粒物(PM10),53,54,86,13,31,159,NA,124,124,8,23,7,8,0.2,0.2
2026-10-08T1500,3148A,103.829,30.0563,眉山市,区人社局,细颗粒物(PM2.5),80,77,68,50,38,86,NA,48,48,23,27,33,15,0.9,0.8
2026-10-08T1500,3149A,115.0174,30.1591,黄石市,笔架山北路,,50,32,60,10,28,159,NA,120,120,6,14,7,20,0.6,0.7
2026-10-08T1500,3151A,114.375,27.8096,宜春市,宜春学院北校区,,45,42,39,12,21,144,NA,111,111,9,16,3,4,0.4,0.5
2026-10-08T1500,3153A,114.3876,30.4908,武汉市,民族大道182号,臭氧1小时(O3_1h),60,26,52,20,36,168,NA,127,127,10,35,9,11,0.4,0.6
2026-10-08T1500,3164A,119.4682,32.394,扬州市,广陵建设局,臭氧1小时(O3_1h),107,48,75,28,45,213,NA,157,157,14,36,15,15,0.3,0.5
2026-10-08T1500,3171A,115.6069,34.4465,商丘市,梁园区档案局,臭氧1小时(O3_1h),60,35,46,10,23,168,NA,133,133,12,18,6,6,0.4,0.4
2026-10-08T1500,3173A,117.0598,30.5351,安庆市,市人大,臭氧1小时(O3_1h),87,37,44,14,23,189,NA,129,129,13,20,8,9,0.1,0.4
2026-10-08T1500,3178A,119.0587,36.7209,潍坊市,潍坊七中,臭氧1小时(O3_1h),69,53,39,14,14,175,NA,127,127,8,15,9,7,0.4,0.3
2026-10-08T1500,3179A,102.7491,25.012,昆明市,官渡区博物馆,NA,NA,21,47,15,29,105,NA,64,64,7,33,NA,5,0.4,0.8
2026-10-08T1500,3180A,99.7122,27.8129,迪庆藏族自治州,质量技术监督局,,26,11,15,6,8,83,NA,56,56,7,10,8,9,0.4,0.4
2026-10-08T1500,3181A,106.776805,31.852614,巴中市,市五中,,40,40,56,20,38,82,NA,39,39,8,14,11,11,0.5,0.6
2026-10-08T1500,3183A,106.7419,31.8654,巴中市,圣泉水务公司,颗粒物(PM10),51,51,48,26,31,59,NA,40,40,11,10,13,12,0.6,0.8
2026-10-08T1500,3187A,116.9508,33.666,宿州市,远航博物馆,臭氧1小时(O3_1h),90,51,72,23,44,192,NA,131,131,9,32,9,12,0.5,0.5
2026-10-08T1500,3188A,115.6684,37.7216,衡水市,市城管局,颗粒物(PM10),90,106,112,33,39,172,NA,131,131,10,18,5,8,0.4,0.4
2026-10-08T1500,3190A,116.0254,29.6995,九江市,外国语学校,臭氧1小时(O3_1h),103,30,51,16,35,206,NA,132,132,19,36,15,15,0.5,0.6
2026-10-08T1500,3191A,118.3243,33.95,宿迁市,宿豫区政府,臭氧1小时(O3_1h),60,38,49,18,32,168,NA,119,119,10,21,8,9,0.7,0.7
2026-10-08T1500,3192A,80.0906,32.5029,阿里地区,阿里藏医院,,36,9,18,2,3,113,NA,98,94,3,6,4,5,0.4,0.4
2026-10-08T1500,3194A,112.2749,30.3124,荆州市,管委会,臭氧1小时(O3_1h),78,48,56,26,41,182,NA,133,133,15,31,11,11,0.5,0.7
2026-10-08T1500,3195A,119.3649,32.3961,扬州市,市体育局,臭氧1小时(O3_1h),110,68,76,29,42,220,NA,162,162,15,20,14,13,0.7,0.7
2026-10-08T1500,3200A,115.9772,36.4986,聊城市,监控中心,NA,NA,NA,87,26,39,193,NA,165,165,8,19,7,10,0.3,0.5
2026-10-08T1500,3206A,114.9148,27.8069,新余市,新钢沁园村,臭氧1小时(O3_1h),67,43,41,21,25,173,NA,123,123,13,22,14,14,0.5,0.5
2026-10-08T1500,3207A,118.31131,32.3033,滁州市,市政府原办公楼,臭氧1小时(O3_1h),111,47,52,39,45,221,NA,144,144,16,28,9,9,0.4,0.4
2026-10-08T1500,3208A,112.7279,38.4157,忻州市,市政府,臭氧1小时(O3_1h),52,30,62,6,36,161,NA,108,108,13,30,10,10,0.6,0.8
2026-10-08T1500,3209A,119.5231,26.6562,宁德市,宁德一中,,43,32,33,13,20,136,NA,115,115,5,9,6,6,0.5,0.6
2026-10-08T1500,3210A,114.3645,34.7955,开封市,汴京公园,NA,NA,55,95,17,35,152,NA,121,121,NA,24,6,7,0.1,0.3
2026-10-08T1500,3216A,117.662,24.5187,漳州市,漳州党校,,42,20,43,9,24,133,NA,110,110,6,13,/,/,/,/
2026-10-08T1500,3237A,117.4918,30.6617,池州市,展览馆,,47,26,38,16,20,149,NA,110,110,8,19,4,5,0.5,0.6
2026-10-08T1500,3241A,103.7439,36.0841,兰州市,百合公园,,41,41,52,11,22,118,NA,58,58,10,27,7,5,0.5,0.6
2026-10-08T1500,3242A,103.9613,35.9985,兰州市,和平,NA,NA,43,41,12,19,119,NA,79,79,NA,14,12,11,0.2,0.2
2026-10-08T1500,3247A,104.9551,33.3709,陇南市,市总工会,,34,34,40,11,18,82,NA,48,48,4,7,7,8,0.6,0.6
2026-10-08T1500,3248A,98.2644,39.7723,嘉峪关市,雄关区,,35,35,62,8,15,96,NA,80,80,8,23,29,24,0.5,0.7
2026-10-08T1500,3265A,121.4242,31.3303,上海市,宝山庙行,臭氧1小时(O3_1h),101,71,59,37,33,201,NA,160,160,27,36,13,11,0.7,0.7
2026-10-08T1500,3266A,121.8789,31.4662,上海市,崇明上实东滩,臭氧1小时(O3_1h),102,41,46,27,28,203,NA,164,164,13,16,7,6,0.4,0.4
2026-10-08T1500,3268A,121.316,31.2839,上海市,嘉定南翔,臭氧1小时(O3_1h),118,56,57,32,39,236,NA,148,148,20,54,10,9,0.5,0.6
2026-10-08T1500,3269A,121.3357,30.7455,上海市,金山新城,臭氧1小时(O3_1h),65,26,40,16,27,172,NA,150,150,10,20,7,6,0.7,0.7
2026-10-08T1500,3270A,121.4996,31.0741,上海市,闵行浦江,臭氧1小时(O3_1h),101,42,55,24,37,202,NA,146,146,12,36,9,9,0.0,0.1
2026-10-08T1500,3271A,121.2886,31.1663,上海市,青浦徐泾,臭氧1小时(O3_1h),119,46,52,26,32,238,NA,164,164,14,38,10,9,0.4,0.5
2026-10-08T1500,3272A,121.2193,31.0382,上海市,松江图书馆,臭氧1小时(O3_1h),111,58,55,26,35,222,NA,154,154,16,27,10,10,0.6,0.6
2026-10-08T1500,3273A,121.3904,31.206,上海市,长宁仙霞,臭氧1小时(O3_1h),108,55,54,35,35,215,NA,167,167,21,42,6,4,0.4,0.7
2026-10-08T1500,3274A,121.7964,31.0507,上海市,浦东惠南,臭氧1小时(O3_1h),79,43,48,24,29,183,NA,143,143,10,45,12,12,0.6,0.7
2026-10-08T1500,3282A,113.3399,40.0586,大同市,大同市卫生学校,,49,43,63,18,23,155,NA,105,105,11,31,12,14,0.3,0.5
2026-10-08T1500,3283A,109.9154,40.5684,包头市,滨河大厦,NA,NA,43,49,NA,30,147,NA,89,89,NA,38,10,12,0.5,0.5
2026-10-08T1500,3284A,106.8129,39.7274,乌海市,海北新区,,41,41,89,5,22,100,NA,72,72,4,24,2,24,0.3,0.7
2026-10-08T1500,3285A,113.1383,40.9513,乌兰察布市,北京八中,,42,32,55,6,17,133,NA,100,100,3,24,4,9,0.7,0.6
2026-10-08T1500,3286A,118.9359,42.3146,赤峰市,桥北物流园区,NA,NA,31,33,17,18,162,NA,152,152,11,21,4,4,NA,0.6
2026-10-08T1500,3287A,119.3842,32.198,镇江市,富润路1号,臭氧1小时(O3_1h),108,50,69,34,44,215,NA,158,158,NA,32,14,12,0.7,0.7
2026-10-08T1500,3288A,117.4619,34.4368,徐州市,大泉街道,臭氧1小时(O3_1h),72,50,73,28,40,177,NA,121,121,12,24,9,9,0.6,0.6
2026-10-08T1500,3289A,120.7431,31.3188,苏州市,方洲路,臭氧1小时(O3_1h),102,53,56,34,39,204,NA,137,137,15,39,11,10,0.5,0.6
2026-10-08T1500,3290A,120.4979,31.2777,苏州市,木渎中学,臭氧1小时(O3_1h),112,58,42,39,28,224,NA,153,153,21,22,10,8,0.6,0.6
2026-10-08T1500,3291A,121.0631,32.0644,南通市,通州监测站,臭氧1小时(O3_1h),59,48,61,15,34,167,NA,138,138,8,11,4,3,0.5,0.7
2026-10-08T1500,3293A,120.1518,33.3369,盐城市,月亮广场,,38,12,19,6,8,121,NA,104,104,4,8,11,11,0.3,0.3
2026-10-08T1500,3294A,119.565282,32.422263,扬州市,引江管理处,臭氧1小时(O3_1h),101,54,68,35,42,202,NA,151,151,18,21,8,8,0.8,0.9
2026-10-08T1500,3295A,120.1226,32.515,泰州市,姜堰区政府广场,臭氧1小时(O3_1h),67,28,51,24,33,173,NA,152,152,8,13,9,10,0.6,0.7
2026-10-08T1500,3298A,113.5718,23.5493,广州市,从化街口,,36,32,38,25,25,111,NA,86,86,5,21,10,10,0.5,0.5
2026-10-08T1500,3299A,113.3463,23.369,广州市,白云竹料,,43,43,42,22,28,132,NA,103,103,8,21,6,7,0.7,0.8
2026-10-08T1500,3300A,113.2981,23.2365,广州市,白云嘉禾,,45,39,37,22,22,142,NA,102,102,12,28,8,8,/,/
2026-10-08T1500,3301A,113.4256,23.1716,广州市,黄埔科学城,,37,31,32,23,24,117,NA,94,94,4,19,6,7,0.7,0.7
2026-10-08T1500,3302A,113.3942,23.0485,广州市,番禺大学城,臭氧1小时(O3_1h),53,46,40,20,21,162,NA,114,114,13,31,10,10,0.4,0.4
2026-10-08T1500,3303A,113.4923,22.8169,广州市,南沙黄阁,臭氧1小时(O3_1h),101,61,50,40,31,201,NA,130,130,18,30,12,13,/,/
2026-10-08T1500,3304A,113.534,22.7893,广州市,南沙街,臭氧1小时(O3_1h),100,56,52,34,34,200,NA,131,131,11,20,10,12,0.7,0.8
2026-10-08T1500,3305A,114.0614,22.556,深圳市,莲花,臭氧1小时(O3_1h),52,48,38,28,23,161,NA,124,124,12,15,/,/,/,/
2026-10-08T1500,3306A,114.0144,22.6163,深圳市,民治,臭氧1小时(O3_1h),87,74,45,32,26,189,NA,148,148,10,14,/,/,/,/
2026-10-08T1500,3307A,114.1756,22.6421,深圳市,横岗,臭氧1小时(O3_1h),82,43,47,27,28,185,NA,141,141,14,19,/,/,/,/
2026-10-08T1500,3308A,113.3493,22.0572,珠海市,金湾,臭氧1小时(O3_1h),106,47,38,23,25,212,NA,134,134,15,16,/,/,0.5,0.5
2026-10-08T1500,3311A,113.1077,22.5647,江门市,江海富民,臭氧1小时(O3_1h),105,61,60,33,33,209,NA,114,114,20,36,/,/,0.5,0.6
2026-10-08T1500,3313A,112.4572,23.0163,肇庆市,高要湖西,臭氧1小时(O3_1h),55,35,36,22,26,164,NA,104,104,12,26,9,10,0.5,0.5
2026-10-08T1500,3314A,114.4334,22.8134,惠州市,惠阳秋长,,48,48,51,19,29,142,NA,115,115,10,22,/,/,/,/
2026-10-08T1500,3315A,116.1234,24.2994,梅州市,梅龙,,39,27,32,10,21,124,NA,101,101,6,11,8,11,0.5,0.6
2026-10-08T1500,3317A,111.9785,21.8954,阳江市,两阳中学,NA,NA,0,48,NA,29,149,NA,102,102,15,22,/,/,NA,0.3
2026-10-08T1500,3318A,112.9898,23.7403,清远市,清新太和,NA,NA,NA,22,NA,12,NA,NA,69,NA,NA,14,NA,11,NA,0.8
2026-10-08T1500,3319A,113.7283,23.041,东莞市,万江金泰,,46,39,38,26,28,145,NA,110,110,8,20,9,8,0.7,0.8
2026-10-08T1500,3320A,116.4028,23.5699,揭阳市,曲溪,,43,28,45,11,22,137,NA,126,126,5,10,10,14,0.5,0.7
2026-10-08T1500,3323A,115.2772,40.9723,张家口市,青少年活动中心,,48,29,28,17,12,152,NA,118,118,4,9,2,2,0.2,0.2
2026-10-08T1500,3324A,116.8011,38.294,沧州市,河北水利电力学院,颗粒物(PM10),98,117,120,31,42,161,NA,122,122,9,23,10,12,0.2,0.4
2026-10-08T1500,3325A,117.0362,39.3827,天津市,雍阳西道,臭氧1小时(O3_1h),79,79,110,35,53,183,NA,132,132,13,38,9,10,0.4,0.5
2026-10-08T1500,3326A,117.0291,39.0612,天津市,辛老路,臭氧1小时(O3_1h),75,58,125,32,66,180,NA,131,131,9,33,9,10,0.6,0.8
2026-10-08T1500,3327A,116.9638,38.9374,天津市,地纬路,臭氧1小时(O3_1h),65,60,107,29,59,172,NA,124,124,9,31,10,11,0.1,0.2
2026-10-08T1500,3328A,118.4209,31.3704,芜湖市,市气象局,臭氧1小时(O3_1h),70,36,47,23,29,176,NA,140,140,5,21,10,11,0.4,0.5
2026-10-08T1500,3329A,117.011,32.5891,淮南市,山南新区,臭氧1小时(O3_1h),97,39,50,19,28,197,NA,159,159,14,18,6,6,0.3,0.2
2026-10-08T1500,3331A,118.3268,32.2633,滁州市,图书馆,臭氧1小时(O3_1h),104,43,47,21,32,208,NA,140,140,13,23,9,9,0.4,0.4
2026-10-08T1500,3332A,115.7631,33.803,亳州市,亳州学院,臭氧1小时(O3_1h),73,43,46,20,20,178,NA,131,131,13,16,7,7,0.4,0.4
2026-10-08T1500,3333A,117.5626,30.695,池州市,第八中学,,50,27,42,16,23,158,NA,113,113,9,15,8,8,0.4,0.6
2026-10-08T1500,3334A,117.5037,30.6242,池州市,第十二中学,,49,26,38,13,19,154,NA,107,107,12,26,6,5,0.4,0.7
2026-10-08T1500,3335A,113.3137,35.2643,焦作市,马村街道办,,50,39,58,26,25,160,NA,119,119,9,18,7,5,0.5,0.5
2026-10-08T1500,3336A,113.2464,35.2374,焦作市,焦作技师学院,臭氧1小时(O3_1h),52,51,56,15,21,161,NA,123,123,9,14,7,9,0.4,0.3
2026-10-08T1500,3337A,113.8611,34.0443,许昌市,许昌学院,臭氧1小时(O3_1h),55,39,59,16,24,164,NA,114,114,10,25,8,10,0.1,0.2
2026-10-08T1500,3338A,113.8428,34.0825,许昌市,芙蓉广场,"颗粒物(PM10),臭氧1小时(O3_1h)",55,56,52,21,25,164,NA,109,109,9,21,9,9,0.4,0.4
2026-10-08T1500,3339A,114.0002,33.0404,驻马店市,小管楼,臭氧1小时(O3_1h),57,49,61,19,24,165,NA,129,129,7,16,4,4,0.2,0.3
2026-10-08T1500,3340A,112.6005,34.6323,洛阳市,伊滨,颗粒物(PM10),54,55,64,22,33,159,NA,98,98,13,25,7,7,0.2,0.4
2026-10-08T1500,3341A,112.495,34.6338,洛阳市,中移产业园,臭氧1小时(O3_1h),54,35,61,31,40,163,NA,96,96,10,19,18,12,0.5,0.4
2026-10-08T1500,3342A,128.7948,47.7291,伊春市,中心小学,,19,12,20,4,7,58,NA,55,55,4,7,1,2,0.4,0.4
2026-10-08T1500,3343A,128.6736,47.729,伊春市,检察院,,24,24,23,2,5,64,NA,59,59,4,5,8,7,0.3,0.4
2026-10-08T1500,3345A,131.0413,45.7795,七台河市,中波台,,18,16,18,2,4,55,NA,45,45,5,8,3,3,0.3,0.4
2026-10-08T1500,3346A,108.3871,31.1627,重庆市,安康,,37,37,40,20,22,84,NA,40,40,7,16,9,8,0.3,0.4
2026-10-08T1500,3347A,105.8983,29.36,重庆市,北山路,颗粒物(PM10),51,51,61,20,41,112,NA,74,74,6,21,10,9,0.5,0.7
2026-10-08T1500,3350A,106.648859,29.023807,重庆市,滩子口,,37,37,42,9,23,104,NA,66,66,8,16,10,10,0.2,0.4
2026-10-08T1500,3351A,105.7164,29.7077,重庆市,棠香,颗粒物(PM10),62,66,58,40,35,142,NA,82,82,10,13,12,9,0.6,0.7
2026-10-08T1500,3352A,107.0733,29.8618,重庆市,桃源西路,,39,39,52,20,39,81,NA,42,42,6,11,6,14,0.4,0.6
2026-10-08T1500,3353A,107.3536,29.7283,重庆市,迎宾大道,,37,NA,44,20,31,118,NA,58,58,10,26,5,5,0.5,0.6
2026-10-08T1500,3354A,108.8152,29.5079,重庆市,舟白,,31,30,36,15,18,98,NA,66,66,6,9,6,5,0.3,0.4
2026-10-08T1500,3355A,108.3679,30.8429,重庆市,周家坝,,29,23,42,20,31,81,NA,41,41,16,23,5,6,0.4,0.6
2026-10-08T1500,3356A,108.4323,30.7554,重庆市,百安坝,,35,35,38,24,26,69,NA,51,51,20,14,7,7,0.4,0.4
2026-10-08T1500,3357A,104.0028,30.6891,成都市,金博路,细颗粒物(PM2.5),76,70,74,48,58,94,NA,50,50,16,28,6,5,0.8,0.9
2026-10-08T1500,3359A,104.056,30.5228,成都市,华阳,"颗粒物(PM10),细颗粒物(PM2.5)",62,66,76,41,56,118,NA,60,60,13,21,4,3,0.8,0.8
2026-10-08T1500,3360A,104.7894,29.3197,自贡市,南湖救助站,细颗粒物(PM2.5),82,75,75,51,50,126,NA,73,73,9,16,7,8,0.9,1
2026-10-08T1500,3361A,103.7313,29.563,乐山市,理工大学,细颗粒物(PM2.5),70,64,55,45,39,90,NA,46,44,10,13,12,9,0.7,0.7
2026-10-08T1500,3363A,117.9883,36.8372,淄博市,新区,臭氧1小时(O3_1h),63,48,58,22,31,170,NA,130,130,13,38,8,12,0.6,0.8
2026-10-08T1500,3364A,117.316,34.8106,枣庄市,市环保局,臭氧1小时(O3_1h),64,56,71,23,34,171,NA,129,129,10,23,4,10,0.3,0.4
2026-10-08T1500,3365A,118.5721,37.5654,东营市,垦利区民丰路,臭氧1小时(O3_1h),101,63,58,25,29,201,NA,138,138,11,30,8,9,0.3,0.4
2026-10-08T1500,3366A,121.5202,37.4336,烟台市,中国农业大学,,41,14,20,2,5,130,NA,117,117,4,8,8,9,0.2,0.2
2026-10-08T1500,3368A,119.1978,36.6871,潍坊市,高新实验学校,臭氧1小时(O3_1h),70,56,42,19,15,176,NA,126,126,8,15,10,9,0.7,0.7
2026-10-08T1500,3370A,118.3563,35.0215,临沂市,十里堡居委,臭氧1小时(O3_1h),63,39,47,27,25,170,NA,119,119,14,27,8,7,0.5,0.6
2026-10-08T1500,3371A,116.3693,37.44,德州市,开发区人民医院,NA,NA,88,106,24,43,179,NA,140,140,7,23,10,14,NA,0.5
2026-10-08T1500,3374A,115.5562,35.089,菏泽市,定陶老年大学,臭氧1小时(O3_1h),64,51,61,22,30,171,NA,139,139,12,21,7,7,0.3,0.3
2026-10-08T1500,3375A,102.8016,24.8336,昆明市,青年创业园,,33,19,30,11,19,105,NA,76,76,6,20,4,5,0.5,0.6
2026-10-08T1500,3376A,103.7926,25.4651,曲靖市,南苑二区,,34,12,31,6,21,108,NA,76,76,3,10,4,4,0.5,0.6
2026-10-08T1500,3377A,103.7442,25.5259,曲靖市,曲靖师范学院,,35,NA,33,15,23,109,NA,72,72,5,12,4,4,0.4,0.5
2026-10-08T1500,3379A,122.1122,40.2275,营口市,鲅鱼圈市民活动中心,颗粒物(PM10),63,67,36,20,16,163,NA,121,121,10,14,6,6,0.4,0.4
2026-10-08T1500,3380A,102.8915,34.9618,甘南藏族自治州,甘肃民族师范学院,,34,16,61,4,21,108,NA,66,66,5,29,9,9,0.4,0.5
2026-10-08T1500,3396A,112.0764,32.0089,襄阳市,襄城隆中路,臭氧1小时(O3_1h),59,43,64,20,32,167,NA,110,110,6,14,12,14,0.7,0.7
2026-10-08T1500,3397A,112.1154,32.103,襄阳市,高新台子湾,臭氧1小时(O3_1h),62,47,58,26,35,169,NA,114,114,9,17,10,11,0.6,0.6
2026-10-08T1500,3398A,114.9134,30.4446,黄冈市,市林业局,,47,26,47,10,28,149,NA,120,120,8,16,6,8,0.4,0.4
2026-10-08T1500,3399A,112.6703,26.8817,衡阳市,师范学院,,46,28,44,15,24,147,NA,105,105,7,17,9,10,0.5,0.6
2026-10-08T1500,3400A,109.1844,21.4396,北海市,龙潭自来水厂,臭氧1小时(O3_1h),55,40,48,16,30,164,NA,138,138,7,15,9,10,0.4,0.6
2026-10-08T1500,3401A,108.4829,22.762,南宁市,红星社区,,45,26,38,13,21,144,NA,116,116,7,19,8,10,0.5,0.6
2026-10-08T1500,3402A,109.5422,24.3994,柳州市,市二中,,47,32,32,14,20,148,NA,110,110,7,18,4,4,0.4,0.4
2026-10-08T1500,3404A,108.5959,21.9634,钦州市,北职校,,43,35,47,12,23,135,NA,105,105,5,15,9,11,0.5,0.7
2026-10-08T1500,3405A,109.5886,23.1172,贵港市,新世纪学校,,44,27,36,12,19,138,NA,112,112,7,12,/,/,0.5,0.5
2026-10-08T1500,3407A,120.6915,30.7741,嘉兴市,秀洲住建,臭氧1小时(O3_1h),87,37,47,18,28,189,NA,132,132,12,49,9,8,0.5,0.6
2026-10-08T1500,3408A,120.5685,29.936,绍兴市,绍兴中专,,45,18,40,9,23,141,NA,121,121,8,29,8,8,0.8,0.9
2026-10-08T1500,3409A,120.4905,30.086,绍兴市,柯桥区政府,,50,30,41,13,28,160,NA,130,130,8,24,7,8,0.3,0.5
2026-10-08T1500,3410A,120.8751,30.0249,绍兴市,重华小学,臭氧1小时(O3_1h),70,32,32,23,26,176,NA,124,124,7,11,9,8,0.4,0.4
2026-10-08T1500,3411A,120.837,30.0137,绍兴市,上虞中学,臭氧1小时(O3_1h),57,29,44,20,28,165,NA,119,119,13,20,6,6,0.8,0.8
2026-10-08T1500,3416A,119.1758,36.7139,潍坊市,潍坊学院,臭氧1小时(O3_1h),69,53,40,20,10,175,NA,131,131,11,17,11,10,0.4,0.4
2026-10-08T1500,3418A,116.8336,40.4095,北京市,密云新城,细颗粒物(PM2.5),107,125,75,67,37,185,NA,110,110,20,24,8,3,0.6,0.5
2026-10-08T1500,3419A,109.9449,40.6259,包头市,包头市委党校,,46,36,49,26,24,145,NA,87,87,18,40,10,13,0.5,0.6
2026-10-08T1500,3421A,113.1776,40.9779,乌兰察布市,市委党校,,45,32,47,14,21,141,NA,119,119,4,27,5,6,0.5,0.6
2026-10-08T1500,3422A,118.8443,31.919,南京市,江宁彩虹桥,臭氧1小时(O3_1h),107,44,56,21,24,214,NA,158,158,5,42,NA,7,0.6,0.7
2026-10-08T1500,3425A,120.642,31.1733,苏州市,越秀幼儿园,臭氧1小时(O3_1h),105,57,54,36,37,209,NA,138,138,15,38,8,7,0.6,0.7
2026-10-08T1500,3426A,118.8757,33.2897,淮安市,新华书店,,46,38,49,17,26,146,NA,113,113,6,18,12,11,0.9,1
2026-10-08T1500,3427A,118.8497,32.3599,南京市,六合雄州,臭氧1小时(O3_1h),102,38,66,20,36,203,NA,140,140,18,30,4,4,0.4,0.5
2026-10-08T1500,3429A,119.8595,31.706,常州市,武进经发区,臭氧1小时(O3_1h),99,45,72,26,42,199,NA,135,135,11,54,12,13,0.6,0.7
2026-10-08T1500,3430A,119.5812,31.7256,常州市,金坛城区,臭氧1小时(O3_1h),101,NA,37,32,37,202,NA,147,147,9,25,10,10,0.6,0.7
2026-10-08T1500,3431A,120.6502,31.4117,苏州市,高铁新城,臭氧1小时(O3_1h),104,61,69,35,36,207,NA,129,129,28,75,11,11,0.7,0.8
2026-10-08T1500,3432A,120.9348,31.9874,南通市,环境教育馆,臭氧1小时(O3_1h),114,85,67,33,41,228,NA,158,158,15,24,8,6,0.6,0.6
2026-10-08T1500,3434A,119.2414,34.6539,连云港市,工贸学校,,48,28,13,13,6,151,NA,112,112,12,11,12,10,1.0,0.5
2026-10-08T1500,3435A,119.9186,32.4322,泰州市,周山河街区,臭氧1小时(O3_1h),94,63,71,26,56,195,NA,149,149,10,17,12,11,0.5,0.5
2026-10-08T1500,3436A,120.4283,33.2048,盐城市,大丰高级中学,,43,17,25,2,12,136,NA,120,120,9,18,8,8,0.4,0.4
2026-10-08T1500,3437A,88.3088,43.3637,乌鲁木齐市,达坂城区环保局,,31,19,45,4,9,98,NA,59,59,3,10,15,11,0.2,0.3
2026-10-08T1500,3438A,87.6132,43.8791,乌鲁木齐市,红光山片区,颗粒物(PM10),65,70,54,24,18,59,NA,34,27,32,29,7,6,0.5,0.5
2026-10-08T1500,3439A,87.7008,43.8003,乌鲁木齐市,新师大温泉校区,颗粒物(PM10),66,72,60,35,20,82,NA,50,50,20,18,5,3,0.5,0.4
2026-10-08T1500,3440A,87.4892,43.84,乌鲁木齐市,大绿谷,颗粒物(PM10),55,56,52,16,12,69,NA,40,40,23,30,3,2,0.6,0.6
2026-10-08T1500,3441A,87.5461,44.1909,五家渠市,经开区管委会,,39,34,48,27,20,77,NA,47,46,4,11,5,6,0.1,0.2
2026-10-08T1500,3442A,86.047,44.2331,石河子市,南区管委会,,35,35,43,6,5,87,NA,64,64,7,12,7,6,0.3,0.3
2026-10-08T1500,3443A,113.2905,23.5541,广州市,花都梯面,NA,NA,37,29,23,20,107,NA,96,96,NA,31,10,10,/,/
2026-10-08T1500,3444A,116.4539,23.2684,汕头市,潮南峡山,NA,NA,27,33,9,19,112,NA,119,115,8,13,NA,9,0.2,0.4
2026-10-08T1500,3445A,113.786,23.7479,广州市,从化良口,,32,26,21,17,17,102,NA,83,83,5,10,7,6,/,/
2026-10-08T1500,3446A,113.805,23.2614,广州市,增城荔城,NA,NA,32,30,26,20,108,NA,95,95,NA,19,11,11,0.6,0.6
2026-10-08T1500,3447A,114.344,22.7115,深圳市,坪山,臭氧1小时(O3_1h),60,49,47,29,27,168,NA,124,124,15,25,6,7,0.7,0.7
2026-10-08T1500,3448A,113.5436,22.1163,珠海市,横琴,臭氧1小时(O3_1h),93,53,42,29,24,194,NA,138,138,17,15,/,/,/,/
2026-10-08T1500,3449A,113.0496,22.4669,江门市,新会银湖,臭氧1小时(O3_1h),97,66,58,34,37,197,NA,106,106,18,37,7,6,0.6,0.6
2026-10-08T1500,3450A,111.0101,21.5165,茂名市,电白水东,,46,39,40,23,23,145,NA,126,126,10,11,5,10,/,/
2026-10-08T1500,3451A,112.5617,23.2082,肇庆市,鼎湖凤凰,臭氧1小时(O3_1h),59,48,26,29,17,167,NA,110,110,17,14,12,10,/,/
2026-10-08T1500,3452A,114.6521,22.7755,惠州市,大亚湾霞涌,,45,45,48,26,24,142,NA,118,118,7,11,/,/,/,/
2026-10-08T1500,3453A,112.0125,21.8749,阳江市,阳东陶然,臭氧1小时(O3_1h),59,52,46,35,31,167,NA,120,120,14,17,9,10,0.4,0.5
2026-10-08T1500,3454A,113.3527,22.4781,中山市,中山南区,臭氧1小时(O3_1h),104,NA,35,52,28,207,NA,137,137,15,19,8,8,0.7,0.7
2026-10-08T1500,3455A,113.076,23.72,清远市,清城东城,,40,30,31,18,18,125,NA,110,110,4,15,/,/,/,/
2026-10-08T1500,3456A,114.2887,38.0905,石家庄市,鹿泉一中,臭氧1小时(O3_1h),77,78,81,17,20,181,NA,132,132,21,19,9,11,0.5,0.7
2026-10-08T1500,3457A,118.4357,39.277,唐山市,冀东油田职工医院,臭氧1小时(O3_1h),101,79,65,36,26,202,NA,144,144,14,24,5,6,0.5,0.6
2026-10-08T1500,3458A,114.7893,36.5592,邯郸市,香泉濮院小区,"颗粒物(PM10),臭氧1小时(O3_1h)",70,77,99,19,51,176,NA,133,133,11,24,2,4,0.5,0.9
2026-10-08T1500,3459A,115.599,37.5491,衡水市,地表水厂,颗粒物(PM10),83,95,142,19,40,174,NA,131,131,5,25,3,4,0.4,0.5
2026-10-08T1500,3460A,117.4065,40.0583,天津市,北环路,臭氧1小时(O3_1h),102,90,73,52,40,203,NA,127,127,NA,18,10,8,0.6,0.6
2026-10-08T1500,3461A,117.3041,39.7167,天津市,建设路,臭氧1小时(O3_1h),90,63,90,33,47,192,NA,114,114,16,50,8,8,0.4,0.6
2026-10-08T1500,3462A,117.8201,39.3519,天津市,滨水东路,NA,NA,NA,NA,NA,NA,NA,NA,NA,NA,NA,NA,NA,NA,NA,NA
2026-10-08T1500,3463A,116.9708,33.5911,宿州市,社会福利中心,臭氧1小时(O3_1h),84,50,81,22,44,187,NA,137,137,14,37,10,28,0.6,0.5
2026-10-08T1500,3464A,117.3802,31.9148,合肥市,高教基地,臭氧1小时(O3_1h),72,34,45,11,25,177,NA,132,132,11,23,10,9,0.5,0.6
2026-10-08T1500,3465A,118.4783,31.3226,芜湖市,清苑社区,臭氧1小时(O3_1h),72,34,51,20,29,177,NA,136,136,12,45,9,9,0.5,0.6
2026-10-08T1500,3466A,118.2746,31.2326,芜湖市,扬子职业技术学院,颗粒物(PM10),104,130,52,17,27,173,NA,134,134,9,17,8,8,0.4,0.5
2026-10-08T1500,3468A,115.79,32.8614,阜阳市,市规划展馆,臭氧1小时(O3_1h),85,51,50,19,28,188,NA,144,144,10,15,8,8,0.5,0.5
2026-10-08T1500,3469A,115.835101,32.918568,阜阳市,枣园社区,臭氧1小时(O3_1h),83,44,55,19,31,186,NA,139,139,15,32,6,6,0.3,0.4
2026-10-08T1500,3471A,113.6104,34.8688,郑州市,惠济区政府,,49,42,59,21,31,155,NA,115,115,10,33,3,3,0.4,0.5
2026-10-08T1500,3473A,114.2485,34.8306,开封市,技师学院,颗粒物(PM10),70,78,72,15,27,156,NA,129,129,7,12,5,5,0.2,0.2
2026-10-08T1500,3474A,114.2616,35.6824,鹤壁市,大新区,NA,NA,NA,110,21,39,173,NA,117,117,7,34,10,11,0.3,0.3
2026-10-08T1500,3475A,113.9189,35.3042,新乡市,市政府,臭氧1小时(O3_1h),52,48,70,20,28,161,NA,119,119,11,23,1,2,0.2,0.2
2026-10-08T1500,3477A,113.1656,35.2536,焦作市,中站许衡医院,,48,33,52,18,23,151,NA,120,120,7,11,10,9,0.2,0.3
2026-10-08T1500,3478A,113.9691,33.568,漯河市,市图书馆,臭氧1小时(O3_1h),65,53,58,22,21,172,NA,134,134,13,20,12,12,0.5,0.5
2026-10-08T1500,3481A,125.127,46.6277,大庆市,萨区政府监测点,,23,17,16,4,4,72,NA,65,65,2,3,7,7,0.4,0.4
2026-10-08T1500,3482A,107.754,29.3275,重庆市,芙蓉中路,,23,16,23,7,13,72,NA,34,34,13,14,10,9,0.5,0.5
2026-10-08T1500,3484A,106.2629,29.3202,重庆市,行政中心,细颗粒物(PM2.5),56,53,61,38,36,144,NA,80,80,14,27,15,11,0.5,0.5
2026-10-08T1500,3486A,124.4029,43.1411,四平市,植物园,颗粒物(PM10),63,67,45,23,21,162,NA,128,128,19,24,12,10,0.4,0.5
2026-10-08T1500,3488A,104.387954,30.746684,成都市,青白江技师分院,颗粒物(PM10),67,73,72,43,53,102,NA,61,61,9,29,4,5,1.0,1
2026-10-08T1500,3489A,104.0788,30.4054,成都市,科学城,细颗粒物(PM2.5),107,88,83,67,58,132,NA,59,59,20,24,10,9,1.0,0.9
2026-10-08T1500,3491A,104.6899,31.5324,绵阳市,西科大附属小学,颗粒物(PM10),58,60,77,35,42,91,NA,52,52,13,24,10,10,0.5,0.7
2026-10-08T1500,3492A,104.5647,31.5343,绵阳市,安州区旅游局,,47,47,72,26,48,92,NA,61,61,7,16,9,7,0.5,0.5
2026-10-08T1500,3494A,117.1673,36.9782,济南市,济阳区政府,NA,NA,54,83,13,33,184,NA,143,143,NA,38,NA,7,0.4,0.5
2026-10-08T1500,3495A,117.1168,36.6299,济南市,锦屏中学,NA,NA,46,51,18,25,181,NA,139,NA,7,10,9,9,NA,0.4
2026-10-08T1500,3496A,118.359,35.1067,临沂市,南坊新区,臭氧1小时(O3_1h),79,53,44,28,22,183,NA,139,139,10,19,6,4,0.4,0.6
2026-10-08T1500,3498A,118.5063,37.8606,东营市,河口城区,臭氧1小时(O3_1h),111,68,67,22,29,221,NA,154,154,9,24,10,12,0.6,0.7
2026-10-08T1500,3500A,116.5808,35.3703,济宁市,北湖一中,臭氧1小时(O3_1h),83,50,57,27,33,186,NA,133,133,7,15,4,6,0.4,0.5
2026-10-08T1500,3501A,116.8251,35.5592,济宁市,服务中心,臭氧1小时(O3_1h),68,58,72,24,34,174,NA,125,125,6,24,9,11,0.4,0.4
2026-10-08T1500,3502A,117.1812,36.2273,泰安市,国网新校,臭氧1小时(O3_1h),83,51,45,27,31,186,NA,135,135,6,10,7,7,0.4,0.4
2026-10-08T1500,3503A,117.0315,36.2017,泰安市,交通技校,臭氧1小时(O3_1h),93,56,60,22,31,194,NA,143,143,10,31,10,11,0.4,0.5
2026-10-08T1500,3504A,117.083,36.13,泰安市,山东第一医科大学,臭氧1小时(O3_1h),95,58,74,23,37,196,NA,134,134,9,29,11,14,0.8,0.9
2026-10-08T1500,3505A,122.1379,37.3414,威海市,临港区管委会,,37,14,16,1,6,118,NA,115,115,6,9,5,5,0.2,0.2
2026-10-08T1500,3507A,119.5326,35.4627,日照市,职业技术学院,,44,9,16,4,5,139,NA,96,96,6,16,11,10,0.3,0.3
2026-10-08T1500,3511A,116.5687,37.3331,德州市,陵城艺术中心,臭氧1小时(O3_1h),87,95,101,22,40,189,NA,142,142,9,19,4,7,0.4,0.5
2026-10-08T1500,3513A,116.0443,36.436,聊城市,九州社区,臭氧1小时(O3_1h),94,78,91,25,45,195,NA,149,149,5,18,13,12,0.3,0.5
2026-10-08T1500,3514A,117.9379,37.3959,滨州市,中海酒店,臭氧1小时(O3_1h),84,48,86,19,48,187,NA,139,139,8,38,11,15,0.1,0.5
2026-10-08T1500,3515A,117.9381509,37.35547456,滨州市,开发区一中,臭氧1小时(O3_1h),97,73,106,23,55,197,NA,139,139,7,36,11,13,0.6,0.8
2026-10-08T1500,3516A,118.0914,37.6938,滨州市,金海六路,臭氧1小时(O3_1h),95,68,81,25,41,196,NA,130,130,8,34,10,14,0.1,0.3
2026-10-08T1500,3520A,106.3495,38.9837,石嘴山市,妇女儿童医院,颗粒物(PM10),56,58,82,18,36,132,NA,80,80,11,28,16,18,0.7,0.8
2026-10-08T1500,3521A,106.7495,39.2068,石嘴山市,石大公路,NA,NA,78,103,28,38,134,NA,78,78,NA,33,39,12,1.1,0.7
2026-10-08T1500,3523A,106.5105,38.3857,银川市,滨河新区,颗粒物(PM10),62,66,53,21,21,136,NA,86,86,17,21,23,21,0.6,0.7
2026-10-08T1500,3525A,108.6394,34.408,咸阳市,奥体中心,,48,46,70,22,40,151,NA,106,106,7,26,6,7,0.5,0.6
2026-10-08T1500,3526A,119.5188,25.9666,福州市,吴航,,39,20,27,7,13,124,NA,122,122,2,6,8,9,0.4,0.5
2026-10-08T1500,3527A,118.0961,24.5689,厦门市,集美中学,,39,25,32,10,15,124,NA,123,114,3,7,2,2,0.3,0.4
2026-10-08T1500,3528A,118.1502,24.7246,厦门市,同安二实小,,36,19,21,10,14,115,NA,122,109,4,6,2,3,0.6,0.7
2026-10-08T1500,3530A,117.6288,24.5309,漳州市,西洋坪路,,42,29,44,4,10,132,NA,104,104,6,13,4,6,0.3,0.5
2026-10-08T1500,3531A,110.296,25.1254,桂林市,旅游学院,,45,35,41,18,24,143,NA,102,102,7,18,4,4,0.6,0.7
2026-10-08T1500,3532A,110.1951,22.6832,玉林市,玉林师范学院东校区,,50,28,38,14,22,159,NA,109,109,9,18,6,11,0.4,0.5
2026-10-08T1500,3533A,110.0527,22.5894,玉林市,福绵环保局,臭氧1小时(O3_1h),63,27,37,16,21,170,NA,117,117,11,17,10,10,0.5,0.6
2026-10-08T1500,3534A,111.4744,24.455,贺州市,西湾,,39,31,40,11,24,122,NA,87,87,5,12,12,11,0.4,0.8
2026-10-08T1500,3535A,109.1781,23.7293,来宾市,兴宾区政府,,48,35,33,15,18,153,NA,111,111,6,10,10,8,0.3,0.4
2026-10-08T1500,3538A,107.5175,26.2977,黔南布依族苗族自治州,沙坝,,35,9,19,8,10,109,NA,63,63,3,8,4,3,0.4,0.4
2026-10-08T1500,3539A,110.5111,19.9737,海口市,桂林洋子站,,34,30,38,15,20,107,NA,126,126,6,9,/,/,/,/
2026-10-08T1500,3540A,109.7348,18.3443,三亚市,君悦子站,,34,34,25,15,14,92,NA,92,92,6,8,4,4,0.6,0.7
2026-10-08T1500,3541A,109.5726195,19.51688767,儋州市,第一中学子站,,36,36,42,18,20,111,NA,103,103,3,5,2,3,0.6,0.6
2026-10-08T1500,3542A,109.5567,19.5187,儋州市,东坡学校子站,,39,33,34,16,19,122,NA,114,114,5,6,6,6,0.5,0.6
2026-10-08T1500,3544A,121.4891,30.925,上海市,奉贤南桥新城,臭氧1小时(O3_1h),104,40,60,23,31,207,NA,168,168,14,31,7,7,0.3,0.4
2026-10-08T1500,3545A,110.8053,32.8401,十堰市,郧阳区金沙路,,42,22,25,14,11,132,NA,87,87,8,10,9,9,0.7,0.7
2026-10-08T1500,3546A,111.4606,30.5519,宜昌市,猇亭区张家湾站,臭氧1小时(O3_1h),59,29,43,15,25,167,NA,105,105,5,11,10,10,0.3,0.3
2026-10-08T1500,3547A,112.1631,31.0134,荆门市,龙泉中学南校,臭氧1小时(O3_1h),89,51,57,11,26,191,NA,146,146,8,15,10,11,0.3,0.4
2026-10-08T1500,3549A,109.5061,30.3771,恩施土家族苗族自治州,龙凤新区,,30,28,33,10,18,95,NA,61,61,8,7,6,6,0.5,0.5
2026-10-08T1500,3550A,102.8,24.9787,昆明市,昆明学院,,34,22,61,7,27,108,NA,66,66,6,28,6,6,0.8,1.2
2026-10-08T1500,3551A,102.5969,24.6738,昆明市,晋宁区生态环境分局,,31,12,31,8,23,98,NA,73,73,5,16,1,2,0.6,0.7
2026-10-08T1500,3552A,102.6673,24.9861,昆明市,云天化总部,,34,12,33,7,19,107,NA,73,73,7,20,6,6,0.3,0.4
2026-10-08T1500,3557A,119.9463,30.0496,杭州市,镇二中,,46,34,48,12,31,147,NA,105,105,13,28,8,8,0.4,0.6
2026-10-08T1500,3558A,119.7184,30.2367,杭州市,市府大楼,,47,17,30,10,24,150,NA,114,114,9,19,9,8,0.3,0.4
2026-10-08T1500,3560A,120.4715,30.0414,绍兴市,柯桥妇保,,50,23,45,13,26,160,NA,124,124,6,15,8,8,0.6,0.7
2026-10-08T1500,3561A,120.6985,27.9252,温州市,茶山,,46,30,34,11,17,147,NA,112,112,10,21,/,/,/,/
2026-10-08T1500,3562A,120.4146,30.8538,湖州市,南浔区站,臭氧1小时(O3_1h),99,35,62,25,41,199,NA,134,134,13,31,12,12,0.4,0.5
2026-10-08T1500,3564A,121.25678,28.66823971,台州市,台州科技职业学院,,43,36,40,13,19,137,NA,115,115,11,21,10,10,0.5,0.7
2026-10-08T1500,3565A,113.1371,40.1122,大同市,云冈站,,46,38,64,20,22,145,NA,103,103,8,16,12,11,0.3,0.4
2026-10-08T1500,3566A,113.1186,40.2556,大同市,图书馆,颗粒物(PM10),53,53,52,16,18,150,NA,98,98,11,13,15,12,0.8,0.7
2026-10-08T1500,3567A,113.5931,40.0459,大同市,区一中,颗粒物(PM10),60,64,58,18,27,158,NA,113,113,10,17,15,14,0.7,0.8
2026-10-08T1500,3568A,113.0603,36.0464,长治市,向阳小学,,45,32,63,9,20,144,NA,112,112,7,12,10,9,0.2,0.3
2026-10-08T1500,3569A,112.8788,36.315,长治市,屯留一中,,50,25,35,15,16,157,NA,120,120,8,14,16,14,0.5,0.3
2026-10-08T1500,3571A,112.2938,39.5296,朔州市,一水厂,,44,41,44,14,15,140,NA,95,95,6,30,4,4,0.6,0.6
2026-10-08T1500,3575A,118.0927,39.5807,唐山市,正泰大街热力站,臭氧1小时(O3_1h),104,71,70,32,34,208,NA,130,130,12,31,6,7,0.7,0.6
2026-10-08T1500,3576A,118.1561,39.8322,唐山市,丰润区政府,臭氧1小时(O3_1h),84,51,86,25,33,187,NA,116,116,7,43,8,10,0.4,0.8
2026-10-08T1500,3577A,118.436906,39.73802,唐山市,金山小学,臭氧1小时(O3_1h),93,63,71,22,29,194,NA,126,126,16,32,5,9,0.6,0.7
2026-10-08T1500,3578A,118.2449,39.6693,唐山市,政府服务中心,臭氧1小时(O3_1h),100,74,72,43,38,200,NA,124,124,15,36,6,8,0.6,0.7
2026-10-08T1500,3580A,114.1998,36.4439,邯郸市,峰峰矿区临水派出所,臭氧1小时(O3_1h),74,41,40,26,26,179,NA,146,146,8,12,5,9,0.6,0.6
2026-10-08T1500,3581A,115.3136,38.9511,保定市,满城区生态环境分局,臭氧1小时(O3_1h),95,110,104,31,43,196,NA,120,120,15,23,8,3,0.6,0.5
2026-10-08T1500,3582A,115.4709,38.7628,保定市,清苑区第二中学,臭氧1小时(O3_1h),112,98,130,58,72,224,NA,115,115,10,28,14,8,0.9,0.7
2026-10-08T1500,3583A,115.6231,39.0223,保定市,徐水物探局,颗粒物(PM10),102,125,132,46,62,202,NA,105,105,16,54,11,5,0.7,0.6
2026-10-08T1500,3590A,113.8362,34.566,郑州市,北区建设指挥部,,50,43,71,22,37,159,NA,120,120,10,36,5,8,0.4,0.5
2026-10-08T1500,3591A,113.3029,34.8041,郑州市,上街区政府,,48,45,68,21,36,152,NA,101,101,8,27,6,11,0.4,0.6
2026-10-08T1500,3592A,114.4518,34.7503,开封市,祥符区生态环境局,臭氧1小时(O3_1h),60,56,105,34,38,168,NA,119,119,10,39,6,6,0.3,0.4
2026-10-08T1500,3593A,112.5736,34.8993,洛阳市,吉利监测站,臭氧1小时(O3_1h),68,54,58,21,30,174,NA,125,125,11,24,12,13,0.3,0.5
2026-10-08T1500,3594A,112.8736,33.9068,平顶山市,石龙区,,48,40,71,19,29,151,NA,104,104,2,25,7,8,0.6,0.7
2026-10-08T1500,3596A,114.1573,35.9607,鹤壁市,南山宾馆,NA,NA,NA,68,NA,30,164,NA,128,128,NA,14,11,12,0.2,0.2
2026-10-08T1500,3598A,111.1031,34.719,三门峡市,富达温泉假日酒店,,47,25,36,17,18,149,NA,99,99,11,17,12,11,0.5,0.5
2026-10-08T1500,3599A,106.2648,29.9853,重庆市,书院路,,32,19,52,15,56,100,NA,58,58,7,12,6,6,0.7,0.9
2026-10-08T1500,3600A,106.2334,29.5583,重庆市,虎峰,NA,NA,NA,59,NA,38,138,NA,87,87,11,17,10,17,0.7,0.7
2026-10-08T1500,3601A,106.0497,29.8345,重庆市,龙门街,颗粒物(PM10),54,55,69,19,46,146,NA,85,85,12,19,11,11,0.8,0.9
2026-10-08T1500,3604A,119.3267,35.1043,日照市,岚山环保分局,,42,19,27,2,8,134,NA,121,121,7,14,10,12,0.5,0.5
2026-10-08T1500,3605A,109.1019,34.5302,西安市,无线电监控中心,,47,42,70,14,43,148,NA,101,101,8,24,9,9,0.6,0.7
2026-10-08T1500,3610A,105.5931,29.4105,重庆市,昌元,细颗粒物(PM2.5),107,86,58,67,52,134,NA,87,87,14,18,11,10,0.8,0.7
2026-10-08T1500,3612A,85.1045,45.6895,克拉玛依市,白碱滩区新站,,31,31,28,0,5,78,NA,70,69,4,5,5,6,0.1,0.1
2026-10-08T1500,3613A,87.3069,44.0093,昌吉回族自治州,亚心广场,颗粒物(PM10),51,51,42,10,10,86,NA,55,55,9,14,12,9,0.4,0.3
2026-10-08T1500,3614A,79.9241,37.0878,和田地区,地区环保局,颗粒物(PM10),125,185,243,48,68,40,NA,40,40,2,14,4,7,0.6,0.6
2026-10-08T1500,3615A,79.9132,37.1137,和田地区,市环保局,颗粒物(PM10),140,224,260,55,75,99,NA,51,51,6,26,2,7,0.5,0.8
2026-10-08T1500,3616A,106.7617,31.8343,巴中市,市中心医院,,41,41,63,26,39,81,NA,43,43,9,18,11,11,0.6,0.7
2026-10-08T1500,3617A,105.8047,32.4167,广元市,经开区,"颗粒物(PM10),细颗粒物(PM2.5)",62,66,60,41,40,102,NA,49,49,16,25,37,13,1.1,0.7
2026-10-08T1500,3618A,112.4702,37.7821,太原市,金胜,臭氧1小时(O3_1h),57,35,92,18,48,165,NA,119,119,12,23,12,18,0.3,0.7
2026-10-08T1500,3619A,113.6169,37.8565,阳泉市,龙柱,NA,NA,38,86,21,32,134,NA,82,82,20,48,NA,25,0.7,1
2026-10-08T1500,3620A,112.8258,35.4804,晋城市,泽州一中,,49,28,52,6,17,156,NA,110,110,7,22,9,8,0.5,0.8
2026-10-08T1500,3622A,113.5556,24.8082,韶关市,碧湖山庄,,42,42,40,27,24,117,NA,84,84,10,13,8,9,0.3,0.3
2026-10-08T1500,3623A,113.8952,22.586,深圳市,西乡,臭氧1小时(O3_1h),84,57,46,30,25,187,NA,151,151,17,20,6,5,0.7,0.7
2026-10-08T1500,3624A,116.4069,23.2533,汕头市,潮南子站,,36,36,42,10,19,104,NA,117,109,12,11,7,10,/,/
2026-10-08T1500,3625A,113.2568,22.7629,佛山市,容桂街道办,臭氧1小时(O3_1h),69,41,40,30,28,175,NA,114,114,4,17,/,/,/,/
2026-10-08T1500,3628A,112.0335,22.9376,云浮市,文笔,,50,38,47,23,24,157,NA,107,107,7,20,10,19,0.4,0.3
2026-10-08T1500,3629A,101.8304,36.5785,西宁市,世纪职校,,37,35,33,24,22,116,NA,67,67,14,28,14,9,0.7,0.8
2026-10-08T1500,3633A,118.4914,31.681,马鞍山市,雨山,臭氧1小时(O3_1h),90,49,54,28,30,192,NA,160,160,11,24,10,9,0.6,0.7
2026-10-08T1500,3635A,112.3678,34.6623,洛阳市,河科大西苑校区,臭氧1小时(O3_1h),65,51,62,25,35,172,NA,107,107,11,25,20,14,0.5,0.6
2026-10-08T1500,3636A,112.4387,34.678,洛阳市,英才小学,,50,50,81,15,41,154,NA,91,91,10,33,11,12,0.4,0.6
2026-10-08T1500,3637A,131.0136,45.7688,七台河市,人民广场,,25,25,24,2,5,49,NA,40,40,7,15,5,5,0.3,0.4
2026-10-08T1500,3638A,104.7637,29.3373,自贡市,轻化工大学,细颗粒物(PM2.5),80,72,74,50,54,119,NA,69,69,12,19,17,16,0.7,0.8
2026-10-08T1500,3642A,120.3454,36.0735,青岛市,市北区南部,,40,12,15,1,1,128,NA,114,114,6,9,8,8,0.4,0.4
2026-10-08T1500,3643A,120.3897,36.18,青岛市,李沧区北部,,42,17,22,2,4,132,NA,107,107,8,19,4,4,0.5,0.5
2026-10-08T1500,3644A,117.8662,36.8049,淄博市,三金集团,臭氧1小时(O3_1h),72,62,76,16,38,177,NA,140,140,26,39,8,11,0.5,0.7
2026-10-08T1500,3645A,118.0259,36.8409,淄博市,东风化工厂,臭氧1小时(O3_1h),82,54,65,23,33,185,NA,149,149,10,34,9,12,0.5,0.6
2026-10-08T1500,3646A,118.4979,37.4623,东营市,胜利站,臭氧1小时(O3_1h),101,55,64,9,25,202,NA,137,137,15,37,12,14,0.3,0.4
2026-10-08T1500,3648A,106.2176,37.9832,吴忠市,文卫南街,颗粒物(PM10),51,51,70,22,25,139,NA,87,87,9,18,10,13,0.4,0.4
2026-10-08T1500,3650A,105.1696,37.5164,中卫市,沙坡头区政府站,,48,48,62,19,27,116,NA,102,102,2,10,3,4,0.1,0.2
2026-10-08T1500,3654A,114.8093,30.4091,鄂州市,精准医疗中心,,50,35,53,16,31,160,NA,109,109,12,25,6,9,0.5,0.7
2026-10-08T1500,3655A,114.3379,29.8683,咸宁市,长江产业园,,50,31,32,20,20,158,NA,125,125,10,14,7,6,0.4,0.4
2026-10-08T1500,3656A,120.1554,30.2863,杭州市,消防大队,臭氧1小时(O3_1h),60,35,44,19,30,168,NA,124,124,11,27,11,11,0.6,0.6
2026-10-08T1500,3658A,120.6156,30.0762,绍兴市,袍江中学,,47,26,50,14,32,150,NA,115,115,10,25,9,9,0.4,0.6
2026-10-08T1500,3659A,119.656,29.1132,金华市,气象局,,48,26,55,9,31,152,NA,116,116,9,37,6,7,0.3,0.5
2026-10-08T1500,3662A,123.6341,47.2079,齐齐哈尔市,富区青少年活动中心,,26,26,30,3,3,63,NA,58,58,6,10,4,4,0.5,0.5
2026-10-08T1500,3663A,124.117,50.4279,大兴安岭地区,红旗社区,,21,12,17,8,9,65,NA,48,48,4,11,2,2,0.4,0.4
2026-10-08T1500,3664A,119.4171,34.734,连云港市,连云街道,,37,16,14,6,6,116,NA,98,98,9,14,12,13,0.2,0.3
2026-10-08T1500,3665A,76.1654,39.7157,克孜勒苏柯尔克孜自治州,克州文化中心,,46,45,134,32,53,103,NA,100,100,2,10,2,3,0.2,0.2
2026-10-08T1500,3667A,111.0279,35.0543,运城市,水利职院,,41,34,36,7,13,129,NA,105,105,7,12,7,9,0.4,0.5
2026-10-08T1500,3669A,114.4706,36.0634,安阳市,左辅环卫站,颗粒物(PM10),86,100,132,14,38,173,NA,125,125,8,36,8,7,0.7,0.7
2026-10-08T1500,3670A,111.0522,35.0439,运城市,禹都公园,,43,39,36,11,14,137,NA,109,109,8,12,8,9,0.7,0.8
2026-10-08T1500,3671A,116.0879,39.9725,北京市,门头沟三家店,细颗粒物(PM2.5),111,116,85,72,43,207,NA,130,130,21,29,8,4,0.6,0.6
2026-10-08T1500,3672A,116.1507,39.8246,北京市,丰台云岗,细颗粒物(PM2.5),130,146,103,93,49,183,NA,124,124,29,27,6,6,0.7,0.6
2026-10-08T1500,3674A,115.9578,39.7602,北京市,房山燕山,细颗粒物(PM2.5),107,128,96,67,50,188,NA,124,124,23,19,5,4,0.6,0.6
2026-10-08T1500,3675A,116.4669,39.7734,北京市,大兴旧宫,细颗粒物(PM2.5),111,134,93,72,48,206,NA,95,95,21,40,8,5,0.6,0.6
2026-10-08T1500,3677A,98.5887,24.4366,德宏傣族景颇族自治州,芒市人民政府综合楼,,28,22,35,14,14,87,NA,48,48,6,10,6,6,0.4,0.5
2026-10-08T1500,3678A,116.5907,35.4054,济宁市,市第七中学,臭氧1小时(O3_1h),65,66,63,24,30,172,NA,125,125,8,18,5,7,0.4,0.5
2026-10-08T1500,3683A,109.8332,40.6577,包头市,昆区政府,,46,46,56,27,27,135,NA,84,84,21,42,11,13,0.5,0.6
2026-10-08T1500,3684A,130.8639,45.8144,七台河市,新建矿广场,,34,34,49,5,10,51,NA,43,43,12,20,7,7,0.2,0.1
2026-10-08T1500,3685A,117.897,28.4316,上饶市,双创科技城,臭氧1小时(O3_1h),58,31,42,13,24,166,NA,142,142,6,17,5,8,0.4,0.5
2026-10-08T1500,3689A,113.9002,35.372,新乡市,行政服务中心,臭氧1小时(O3_1h),59,40,58,11,30,167,NA,118,118,11,26,7,7,0.5,0.5
2026-10-08T1500,3690A,115.9718,28.7032,南昌市,外国语学校,,49,38,40,22,25,156,NA,118,118,10,20,14,10,0.5,0.3
2026-10-08T1500,3692A,118.2043,39.6703,唐山市,消防缸窑路中队,臭氧1小时(O3_1h),102,82,91,28,31,204,NA,126,126,10,33,12,14,0.4,0.7
2026-10-08T1500,3693A,118.1432,39.6203,唐山市,路南电大,臭氧1小时(O3_1h),100,76,67,37,33,200,NA,128,128,13,31,6,7,0.6,0.7
2026-10-08T1500,3694A,115.9859,40.4562,北京市,延庆石河营,臭氧1小时(O3_1h),64,62,71,30,36,171,NA,101,101,17,22,6,4,0.5,0.5
2026-10-08T1500,3695A,116.6151,40.3052,北京市,怀柔新城,细颗粒物(PM2.5),100,116,66,60,35,173,NA,119,119,23,14,8,5,0.6,0.5
2026-10-08T1500,3696A,116.2542,39.8764,北京市,丰台小屯,细颗粒物(PM2.5),110,137,99,71,46,183,NA,119,119,32,46,7,4,0.7,0.7
2026-10-08T1500,3697A,116.8399,40.3843,北京市,密云镇,细颗粒物(PM2.5),115,123,78,76,40,179,NA,110,110,21,40,9,4,0.6,0.5
2026-10-08T1500,3699A,111.6519,40.8389,呼和浩特市,海东办,,48,48,73,9,23,145,NA,82,82,14,59,13,11,0.1,0.3
2026-10-08T1500,3701A,116.9647,33.6252,宿州市,皖北煤电集团,臭氧1小时(O3_1h),82,56,72,19,41,185,NA,145,145,12,27,11,22,0.4,0.5
2026-10-08T1500,3706A,122.2584,43.6333,通辽市,老干部活动中心,,40,40,46,11,21,70,NA,66,49,9,13,9,10,0.5,0.6
2026-10-08T1500,3707A,131.0069,45.2988,鸡西市,欧美日汽修厂,,18,15,43,3,12,55,NA,44,44,5,12,1,2,0.2,0.3
2026-10-08T1500,3708A,122.2923,43.6189,通辽市,东方明珠社区,,37,37,46,20,20,80,NA,69,58,10,16,9,10,0.3,0.5
2026-10-08T1500,3710A,121.5593,29.8976,宁波市,白沙活动中心,臭氧1小时(O3_1h),103,40,38,29,26,205,NA,140,140,20,26,13,12,0.5,0.5
2026-10-08T1500,3713A,124.3286,43.1726,四平市,世纪城,颗粒物(PM10),58,61,46,24,22,155,NA,123,123,13,21,9,8,0.4,0.5
2026-10-08T1500,3715A,117.3091,32.9314,蚌埠市,蚌埠田家炳中学,臭氧1小时(O3_1h),89,49,66,21,34,191,NA,153,153,9,26,10,35,0.5,0.6
2026-10-08T1500,3719A,97.1707,31.1428,昌都市,昌都会议中心,,31,7,12,3,6,98,NA,56,56,5,7,3,3,0.2,0.2
2026-10-08T1500,3726A,88.8775,29.2425,日喀则市,林业技术推广中心,,30,8,14,0,3,93,NA,80,80,2,3,4,4,0.3,0.3
2026-10-08T1500,3728A,104.6701,28.8053,宜宾市,白酒学院,细颗粒物(PM2.5),54,54,68,37,49,98,NA,70,70,12,17,7,7,0.8,0.8
2026-10-08T1500,3734A,118.5753,37.4405,东营市,理想之城,臭氧1小时(O3_1h),104,58,55,26,21,207,NA,132,132,9,26,16,14,0.6,0.7
2026-10-08T1500,3860A,118.3915,35.0297,临沂市,皇山花园小区,臭氧1小时(O3_1h),60,48,47,30,22,168,NA,129,129,11,31,7,7,0.5,0.6
2026-10-08T1500,3861A,119.2046,36.7696,潍坊市,寒亭区实验一小,臭氧1小时(O3_1h),69,51,33,21,11,175,NA,129,129,12,18,12,11,0.4,0.4
2026-10-08T1500,3866A,122.2469,40.663,营口市,三高中,臭氧1小时(O3_1h),67,65,41,34,14,173,NA,120,120,15,16,15,12,0.5,0.6
2026-10-08T1500,3867A,102.074,36.5056,海东市,平安区公安局北苑,颗粒物(PM10),59,62,42,22,18,108,NA,68,68,8,13,12,10,0.4,0.5
2026-10-08T1500,3981A,113.2456,35.18,焦作市,原李万街道办,颗粒物(PM10),53,53,74,14,27,151,NA,99,99,6,23,7,5,0.0,0.2
2026-10-08T1500,3994A,102.2174,31.9016,阿坝藏族羌族自治州,马尔康中学西区,,27,NA,18,8,7,86,NA,50,50,2,3,5,5,0.1,0.2
2026-10-08T1500,4002A,109.2312,23.7428,来宾市,中南小学,,43,31,41,16,22,137,NA,103,103,8,25,11,11,0.4,0.5
2026-10-08T1500,4004A,115.4199,38.8665,保定市,双鹰农机,臭氧1小时(O3_1h),106,104,143,21,46,211,NA,128,128,10,25,14,8,0.9,0.7
2026-10-08T1500,4006A,122.3622,40.6762,营口市,老边实验小学,颗粒物(PM10),75,85,59,28,20,178,NA,127,127,14,26,13,16,1.0,1.4
2026-10-08T1500,4008A,112.5233,32.9921,南阳市,卧龙区政府,臭氧1小时(O3_1h),65,56,71,14,22,172,NA,123,123,12,27,8,7,0.4,0.5
2026-10-08T1500,4010A,112.5608,37.8807,太原市,育英中学,,49,38,97,21,54,156,NA,108,108,10,40,8,15,0.6,1.1
2026-10-08T1500,4011A,103.8505,30.6946,成都市,光华大道三段,颗粒物(PM10),51,51,68,34,45,100,NA,51,51,8,16,4,5,0.8,1
2026-10-08T1500,4017A,116.7926,33.9534,淮北市,市博物馆,臭氧1小时(O3_1h),87,63,64,35,37,189,NA,139,139,15,21,11,11,0.4,0.4
2026-10-08T1500,4018A,116.0564,36.4609,聊城市,星美广场,臭氧1小时(O3_1h),90,87,95,30,44,192,NA,145,145,6,17,6,10,0.1,0.2
2026-10-08T1500,4022A,102.1648,38.5369,金昌市,金川区人防中心,,33,29,55,6,16,103,NA,95,95,4,6,4,5,0.1,0.2
2026-10-08T1500,4024A,114.6491,37.9014,石家庄市,栾城区星河路,臭氧1小时(O3_1h),101,75,92,33,42,201,NA,112,112,19,30,11,9,0.4,0.5
2026-10-08T1500,4027A,75.9485,39.4688,喀什地区,老干局,,30,28,149,0,37,94,NA,84,84,1,15,4,4,0.2,0.3
2026-10-08T1500,4028A,117.9955,37.3752,滨州市,滨州市西街道办事处,颗粒物(PM10),62,66,107,22,82,163,NA,108,108,30,50,13,15,0.3,0.7
2026-10-08T1500,4033A,122.3124,29.9619,舟山市,普陀东港中学,臭氧1小时(O3_1h),57,27,25,20,16,165,NA,148,148,5,8,10,10,0.7,0.7
2026-10-08T1500,4034A,115.515,38.8589,保定市,植保所站,臭氧1小时(O3_1h),109,96,121,55,70,217,NA,123,123,14,39,13,7,0.9,0.8
2026-10-08T1500,4036A,116.646,23.676,潮州市,金山,,36,20,36,11,21,114,NA,97,97,8,11,6,5,0.4,0.5
2026-10-08T1500,4051A,86.0791,44.3018,石河子市,世纪广场,,37,37,51,9,10,85,NA,60,57,4,13,7,7,0.7,0.7
2026-10-08T1500,4054A,109.0324,32.6913,安康市,市邮政管理局,,33,23,38,12,19,104,NA,60,60,7,12,3,6,0.4,0.5
2026-10-08T1500,4055A,108.8869,34.2662,西安市,行知小学,臭氧1小时(O3_1h),79,67,88,43,57,183,NA,103,103,21,38,5,5,0.5,0.8
2026-10-08T1500,4056A,108.6601,34.3767,咸阳市,五陵塬路2号,NA,NA,NA,83,NA,49,157,NA,114,114,19,42,10,10,0.6,0.7
2026-10-08T1500,4057A,115.9423,40.4431,北京市,延庆百泉,颗粒物(PM10),55,56,65,27,32,157,NA,85,85,13,22,16,4,0.5,0.5
2026-10-08T1500,4058A,116.6598,39.9164,北京市,通州新华,细颗粒物(PM2.5),106,123,101,66,50,178,NA,90,90,22,54,7,5,0.7,0.7
2026-10-08T1500,4059A,114.4563,38.0365,石家庄市,裕华西路63号,臭氧1小时(O3_1h),68,42,67,13,24,174,NA,114,114,15,30,12,10,0.7,0.7
2026-10-08T1500,4060A,114.5586,38.0581,石家庄市,和平路363号,臭氧1小时(O3_1h),69,51,83,19,34,175,NA,122,122,23,31,8,6,0.7,0.7
2026-10-08T1500,4061A,114.8347,38.0213,石家庄市,廉州西路160号,臭氧1小时(O3_1h),78,75,114,17,36,182,NA,113,113,10,22,6,8,0.5,0.7
2026-10-08T1500,4062A,114.4498,38.0729,石家庄市,北城路41号,臭氧1小时(O3_1h),70,55,77,28,30,176,NA,121,121,14,30,13,13,0.4,0.6
2026-10-08T1500,4063A,115.2124,37.9433,辛集市,市政府,NA,NA,84,113,22,57,181,NA,86,NA,NA,22,NA,20,0.4,0.6
2026-10-08T1500,4064A,115.2008,37.9338,辛集市,城管大队,颗粒物(PM10),79,90,112,26,56,179,NA,139,139,6,16,3,5,0.4,0.6
2026-10-08T1500,4065A,118.1267,39.6579,唐山市,光明北路515号,颗粒物(PM10),61,65,55,38,29,144,NA,115,115,15,34,6,10,0.5,0.6
2026-10-08T1500,4066A,119.7458,39.9952,秦皇岛市,南园路157号,臭氧1小时(O3_1h),93,95,73,23,24,194,NA,147,147,15,28,10,12,0.5,0.6
2026-10-08T1500,4067A,119.5131,39.8858,秦皇岛市,翠岛大街1号,臭氧1小时(O3_1h),74,71,69,16,24,179,NA,127,127,9,28,14,17,0.3,0.6
2026-10-08T1500,4068A,114.5209,36.7697,邯郸市,建安街268号,臭氧1小时(O3_1h),69,67,75,14,11,175,NA,127,127,10,24,4,6,0.3,0.6
2026-10-08T1500,4069A,114.5488,36.6177,邯郸市,丛台东路558号,NA,NA,NA,76,NA,46,NA,NA,156,NA,NA,34,NA,6,NA,0.5
2026-10-08T1500,4070A,114.5558,37.0578,邢台市,襄都区政府南院,臭氧1小时(O3_1h),72,56,68,18,27,177,NA,125,125,4,18,3,9,0.4,0.9
2026-10-08T1500,4071A,114.9883,38.5232,定州市,交通局,臭氧1小时(O3_1h),100,97,116,32,52,200,NA,124,124,11,27,14,8,0.9,0.7
2026-10-08T1500,4072A,115.0045,38.5136,定州市,第五中学,臭氧1小时(O3_1h),83,88,120,33,56,186,NA,111,111,14,44,13,7,0.8,0.6
2026-10-08T1500,4073A,117.9462,40.95,承德市,杏林街1号,臭氧1小时(O3_1h),54,45,47,23,25,163,NA,103,103,10,15,10,7,0.5,0.4
2026-10-08T1500,4074A,112.449,37.8509,太原市,西矿街336号,,50,45,91,22,49,160,NA,114,114,16,29,12,19,0.5,0.8
2026-10-08T1500,4075A,112.4792,37.9393,太原市,迎宾北路9号,臭氧1小时(O3_1h),52,45,103,27,57,161,NA,114,114,17,32,13,16,0.4,0.7
2026-10-08T1500,4076A,112.551,37.8575,太原市,迎泽大街248号,,43,43,103,24,54,129,NA,82,82,15,41,8,15,0.4,1
2026-10-08T1500,4077A,113.588,37.8712,阳泉市,宁波路,,47,32,69,10,24,148,NA,94,94,12,41,8,13,0.5,0.8
2026-10-08T1500,4078A,112.8246,35.5152,晋城市,前书院路,,46,31,58,9,20,147,NA,105,105,7,19,13,11,0.4,0.8
2026-10-08T1500,4079A,112.8864,35.4773,晋城市,祥云街666号,,48,31,53,10,27,153,NA,109,109,8,20,12,9,0.9,1.2
2026-10-08T1500,4080A,112.7375,37.7215,晋中市,广安街188号,臭氧1小时(O3_1h),68,49,81,27,40,174,NA,115,115,10,31,16,15,0.4,0.5
2026-10-08T1500,4081A,111.0081,35.0748,运城市,学苑北路2555号,,42,40,39,7,15,133,NA,108,108,7,15,6,7,0.4,0.5
2026-10-08T1500,4082A,121.2548,38.8188,大连市,旅顺,,46,40,26,20,13,146,NA,115,115,8,12,9,8,0.7,0.7
2026-10-08T1500,4083A,123.153,41.2874,辽阳市,铁西路150号,颗粒物(PM10),88,103,50,26,14,158,NA,125,125,16,18,12,11,0.9,1
2026-10-08T1500,4084A,123.835,42.2853,铁岭市,新华街20号,颗粒物(PM10),68,75,48,17,15,169,NA,133,133,18,23,14,15,0.3,0.5
2026-10-08T1500,4085A,125.0998,42.9134,辽源市,安宁大街333号,臭氧1小时(O3_1h),65,54,43,22,25,172,NA,132,132,9,30,9,8,0.6,0.7
2026-10-08T1500,4086A,118.7641,32.0841,南京市,新模范马路66号,臭氧1小时(O3_1h),107,48,48,17,22,214,NA,161,161,6,39,3,4,0.4,0.5
2026-10-08T1500,4087A,120.3138,31.4927,无锡市,清舒道1号,NA,NA,NA,41,NA,20,NA,NA,NA,NA,NA,22,NA,5,NA,0.4
2026-10-08T1500,4088A,117.1553,34.2567,徐州市,纺织东路16号,臭氧1小时(O3_1h),79,56,97,26,61,183,NA,118,118,15,31,9,10,0.8,1
2026-10-08T1500,4089A,119.9551,31.863,常州市,崇义南街5-H号,臭氧1小时(O3_1h),115,58,78,28,43,230,NA,161,161,15,43,12,12,0.7,0.7
2026-10-08T1500,4090A,120.4282,31.3228,苏州市,学森路9号,臭氧1小时(O3_1h),112,68,45,36,22,223,NA,145,145,20,31,13,10,0.6,0.6
2026-10-08T1500,4091A,120.8692,31.9885,南通市,洪江路,臭氧1小时(O3_1h),111,66,56,44,40,221,NA,154,154,21,19,10,7,0.4,0.4
2026-10-08T1500,4092A,119.119691,33.550006,淮安市,枚皋中路89号,,43,27,38,11,22,135,NA,110,110,8,21,8,7,0.7,0.8
2026-10-08T1500,4093A,119.5202,32.3705,扬州市,廖家沟步道,臭氧1小时(O3_1h),102,45,68,29,52,204,NA,144,144,16,34,13,13,0.7,0.8
2026-10-08T1500,4094A,118.352,33.7886,宿迁市,春华路,,50,37,55,20,32,157,NA,119,119,12,22,8,8,0.5,0.5
2026-10-08T1500,4095A,121.8962,29.7529,宁波市,中科路88号,臭氧1小时(O3_1h),105,43,41,20,20,209,NA,162,162,9,20,10,10,0.6,0.7
2026-10-08T1500,4096A,120.6935,28.0114,温州市,鹿城惠民路,,46,31,37,11,16,145,NA,111,111,9,15,/,/,0.4,0.5
2026-10-08T1500,4097A,118.9646,28.9832,衢州市,衢州三中,臭氧1小时(O3_1h),72,29,50,17,31,177,NA,130,130,15,32,6,6,0.6,0.6
2026-10-08T1500,4098A,117.2518,31.8404,合肥市,中国科学技术大学,臭氧1小时(O3_1h),77,31,51,9,27,181,NA,146,146,13,29,9,10,0.2,0.3
2026-10-08T1500,4099A,118.5726,31.1371,芜湖市,湾沚区人民法院,臭氧1小时(O3_1h),83,39,49,20,29,186,NA,142,142,13,24,8,8,0.5,0.5
2026-10-08T1500,4100A,116.8322,33.9884,淮北市,杜集区第一实验学校,臭氧1小时(O3_1h),84,37,40,27,28,187,NA,123,123,12,22,10,8,0.5,0.5
2026-10-08T1500,4101A,118.3196,32.3335,滁州市,银山路666号,臭氧1小时(O3_1h),109,62,59,32,34,217,NA,139,139,17,31,7,7,0.5,0.5
2026-10-08T1500,4102A,118.3426,32.2979,滁州市,黄山路555号,臭氧1小时(O3_1h),110,57,69,31,37,219,NA,158,158,13,29,11,10,0.6,0.6
2026-10-08T1500,4103A,116.9929,33.6412,宿州市,中兴路,臭氧1小时(O3_1h),80,43,80,18,39,184,NA,129,129,13,31,13,14,0.6,0.6
2026-10-08T1500,4104A,119.3106,26.0648,福州市,路通桥巷6号,,40,30,30,12,17,125,NA,117,117,5,7,/,/,/,/
2026-10-08T1500,4105A,118.6355,24.9148,泉州市,霞新路6号,,42,32,32,11,14,132,NA,126,122,9,10,/,/,0.4,0.4
2026-10-08T1500,4106A,115.7923,28.6873,南昌市,工业二路,臭氧1小时(O3_1h),59,44,47,19,27,167,NA,131,131,9,35,9,8,0.6,0.6
2026-10-08T1500,4107A,113.8686,27.6668,萍乡市,联洪村委会,,49,34,39,13,22,154,NA,107,107,8,18,13,14,1.0,0.6
2026-10-08T1500,4108A,117.7107,36.2385,济南市,山财大街5号,臭氧1小时(O3_1h),67,46,52,22,26,173,NA,126,126,9,32,13,14,0.6,0.8
2026-10-08T1500,4109A,116.9744,36.6889,济南市,无影山路12号,臭氧1小时(O3_1h),83,61,63,20,34,186,NA,151,151,9,26,12,12,0.1,0.3
2026-10-08T1500,4110A,120.5222,36.4089,青岛市,盟旺路653号,,34,13,23,1,6,106,NA,103,103,9,15,6,7,0.4,0.4
2026-10-08T1500,4111A,116.6075,35.4566,济宁市,任和路,臭氧1小时(O3_1h),74,42,66,21,31,179,NA,139,139,14,17,5,6,0.1,0.3
2026-10-08T1500,4112A,116.5648,35.3921,济宁市,文体南路1号,NA,NA,46,58,NA,28,178,NA,131,131,6,16,5,5,0.3,0.1
2026-10-08T1500,4113A,116.0091,36.4495,聊城市,利民路,臭氧1小时(O3_1h),87,60,86,21,40,189,NA,144,144,8,19,10,13,0.4,0.6
2026-10-08T1500,4114A,115.4239,35.2593,菏泽市,黄河路600号,NA,NA,NA,72,23,32,174,NA,142,142,12,16,8,10,0.4,0.4
2026-10-08T1500,4115A,115.5025,35.2727,菏泽市,菏泽市人社局,臭氧1小时(O3_1h),74,51,61,25,28,179,NA,137,137,14,22,5,6,0.1,0.1
2026-10-08T1500,4116A,113.284,33.7139,平顶山市,姚电大道23号,颗粒物(PM10),53,53,86,17,31,157,NA,97,97,9,29,10,9,0.7,0.8
2026-10-08T1500,4117A,114.2918,36.0769,安阳市,钢三路198号,,46,38,80,19,38,147,NA,107,107,7,18,8,8,0.4,0.5
2026-10-08T1500,4118A,115.0552,35.7816,濮阳市,中原东路68号,臭氧1小时(O3_1h),80,56,67,26,27,184,NA,136,136,5,17,5,6,0.6,0.6
2026-10-08T1500,4119A,115.6701,34.3767,商丘市,北海东路185号,臭氧1小时(O3_1h),68,39,56,16,26,174,NA,129,129,8,19,7,7,0.4,0.4
2026-10-08T1500,4120A,115.6172,34.3704,商丘市,中山大街3号,臭氧1小时(O3_1h),70,38,62,22,32,176,NA,132,132,6,19,8,8,0.2,0.3
2026-10-08T1500,4121A,114.8466,33.7333,周口市,羲皇大道,臭氧1小时(O3_1h),64,41,74,19,27,171,NA,134,134,10,17,7,11,0.8,0.8
2026-10-08T1500,4122A,112.6071,35.1015,济源市,市委党校,臭氧1小时(O3_1h),69,49,67,14,27,175,NA,126,126,9,22,9,13,0.5,0.7
2026-10-08T1500,4123A,112.596,35.0702,济源市,沁园中路1号,,50,38,64,24,31,158,NA,112,112,11,28,4,9,0.5,1.1
2026-10-08T1500,4124A,112.2213,31.0654,荆门市,新台西路6号,臭氧1小时(O3_1h),74,38,60,27,39,179,NA,125,125,8,25,12,10,0.6,0.7
2026-10-08T1500,4125A,113.946,30.8999,孝感市,天仙南路1号,臭氧1小时(O3_1h),87,42,60,20,32,189,NA,133,133,12,18,9,8,0.6,0.6
2026-10-08T1500,4127A,111.9812,27.7591,娄底市,涟钢职大,,50,17,34,6,20,157,NA,112,112,5,15,5,7,0.4,1.1
2026-10-08T1500,4128A,112.0303,27.7457,娄底市,娄底体校,,48,21,39,10,27,152,NA,102,102,4,11,4,4,0.1,0.3
2026-10-08T1500,4129A,113.8666,23.1062,东莞市,裕兴路,,50,50,54,20,24,131,NA,104,104,10,20,12,16,0.7,0.7
2026-10-08T1500,4130A,114.0076,22.9739,东莞市,教育路1号,,47,42,55,19,29,149,NA,120,120,13,33,13,14,0.7,0.7
2026-10-08T1500,4131A,113.7981,22.8124,东莞市,长怡路1号,,50,45,61,24,30,158,NA,122,122,8,28,7,7,0.6,0.6
2026-10-08T1500,4132A,108.2927,23.1477,南宁市,起凤路9号,,45,28,41,17,27,142,NA,99,99,9,20,4,4,0.5,0.5
2026-10-08T1500,4133A,106.6273,23.8798,百色市,龙景西路,,45,32,28,17,15,142,NA,71,71,8,14,18,12,0.4,0.3
2026-10-08T1500,4134A,110.1952,20.0451,海口市,长滨二路9号,臭氧1小时(O3_1h),58,44,32,26,19,166,NA,152,152,8,7,/,/,/,/
2026-10-08T1500,4135A,109.1714,18.3739,三亚市,城东小学站,,35,17,20,10,14,109,NA,90,90,6,8,/,/,/,/
2026-10-08T1500,4136A,108.6971,30.9377,重庆市,云师幼儿园,,30,29,33,17,19,96,NA,61,61,11,15,6,6,0.6,0.6
2026-10-08T1500,4137A,107.3276,30.3284,重庆市,公安局,,47,47,34,29,20,81,NA,61,61,8,12,9,9,0.6,0.6
2026-10-08T1500,4138A,108.0575,30.3254,重庆市,忠县中学,,49,49,51,30,32,84,NA,35,35,13,18,6,6,0.5,0.7
2026-10-08T1500,4139A,109.4542,31.0182,重庆市,竹枝路2号,,32,32,36,15,19,102,NA,68,68,14,22,7,6,0.3,0.4
2026-10-08T1500,4140A,107.7422,29.871,重庆市,龙河路,,32,27,36,22,22,100,NA,41,41,8,14,9,9,0.7,0.8
2026-10-08T1500,4141A,108.7636,28.84,重庆市,桃花源中路,,34,26,35,5,12,107,NA,83,83,2,4,9,8,0.4,0.5
2026-10-08T1500,4142A,108.9758,28.4416,重庆市,秀山县高级中学,,37,16,33,11,14,118,NA,78,78,5,11,8,9,0.5,0.5
2026-10-08T1500,4143A,108.1558,29.2859,重庆市,河堡街,,34,34,29,13,16,75,NA,43,43,7,9,8,6,0.5,0.5
2026-10-08T1500,4144A,104.3257,30.6406,成都市,八角井街185号,细颗粒物(PM2.5),109,91,79,69,51,92,NA,64,64,23,25,9,8,0.9,0.9
2026-10-08T1500,4145A,104.4144,31.1495,德阳市,市林业局,颗粒物(PM10),57,59,79,28,58,112,NA,56,56,6,28,14,15,0.7,0.9
2026-10-08T1500,4146A,104.7092,31.4972,绵阳市,科技城新区公安局,颗粒物(PM10),63,67,84,32,47,93,NA,50,50,15,28,11,11,0.7,0.8
2026-10-08T1500,4147A,105.0433,29.6105,内江市,玉峰路西段888号,细颗粒物(PM2.5),58,46,49,39,40,107,NA,78,78,10,14,9,7,0.5,0.5
2026-10-08T1500,4148A,103.8836,30.0695,眉山市,眉职院,细颗粒物(PM2.5),102,102,80,62,46,74,NA,35,35,25,23,11,9,1.2,1.2
2026-10-08T1500,4149A,104.6146,28.7422,宜宾市,宜宾市职业技术学校,细颗粒物(PM2.5),62,55,69,41,52,107,NA,63,63,9,16,8,8,0.9,0.9
2026-10-08T1500,4150A,104.6646,30.1116,资阳市,正兴街66号,颗粒物(PM10),51,51,71,27,48,98,NA,68,68,5,12,2,2,0.4,0.5
2026-10-08T1500,4151A,104.8899,26.5685,六盘水市,钟山大道中段564号,NA,NA,37,38,18,20,100,NA,79,79,NA,8,7,6,0.5,0.4
2026-10-08T1500,4152A,107.0425,27.7087,遵义市,乌江大道东段1号,,35,18,29,9,19,111,NA,79,79,6,14,11,8,0.7,0.7
2026-10-08T1500,4153A,101.5536,25.0343,楚雄彝族自治州,团结路562号,,26,12,17,1,10,81,NA,59,59,2,7,4,4,0.3,0.4
2026-10-08T1500,4154A,103.401,23.3561,红河哈尼族彝族自治州,蒙自市朝阳路,,29,19,16,15,16,91,NA,84,84,2,4,5,5,0.3,0.3
2026-10-08T1500,4155A,107.1721,34.3558,宝鸡市,滨河北路,"颗粒物(PM10),细颗粒物(PM2.5)",52,52,56,36,36,138,NA,80,80,18,20,6,5,0.4,0.4
2026-10-08T1500,4156A,108.6372,34.3031,咸阳市,胭脂路9号,颗粒物(PM10),52,52,104,23,59,147,NA,96,96,11,39,6,6,0.4,0.7
2026-10-08T1500,4157A,108.0371,34.3035,咸阳市,杨扶路,,44,38,76,28,51,140,NA,86,86,14,32,6,5,0.6,0.8
2026-10-08T1500,4158A,108.0895,34.2623,咸阳市,新桥路,颗粒物(PM10),53,54,106,31,74,146,NA,79,79,9,29,8,7,0.4,0.7
2026-10-08T1500,4159A,110.4531,35.4578,渭南市,桢州大街,,47,33,49,17,28,150,NA,112,112,6,14,11,16,0.7,1
2026-10-08T1500,4160A,110.4368,35.4773,渭南市,太史大街,,40,33,54,17,28,127,NA,96,96,7,18,10,17,0.6,0.9
2026-10-08T1500,4161A,109.485,36.6347,延安市,志丹路,,32,27,38,13,18,101,NA,63,63,4,21,4,4,0.3,0.4
2026-10-08T1500,4162A,101.6769,36.6535,西宁市,海晏路105号,,42,42,41,21,23,121,NA,72,72,5,24,9,5,0.2,0.3
2026-10-08T1500,4163A,102.0984,36.5119,海东市,滨河路,颗粒物(PM10),69,76,50,16,22,119,NA,65,65,14,38,15,15,0.5,0.6
2026-10-08T1500,4164A,87.2057,43.9289,昌吉回族自治州,财政所,,41,41,46,4,10,87,NA,53,53,11,12,11,8,0.5,0.4
2026-10-08T1500,4165A,82.9716,46.7464,塔城地区,文化广场,,26,26,22,8,7,72,NA,46,46,6,6,4,2,0.3,0.3
2026-10-08T1500,4166A,88.1198,47.7931,阿勒泰地区,阿勒泰路33号,,24,17,18,1,2,75,NA,56,56,5,9,4,3,0.3,0.3
2026-10-08T1500,4167A,86.0126,44.2349,石河子市,城南景苑小区,,28,28,38,5,10,85,NA,63,57,6,12,9,8,0.1,0.1
2026-10-08T1500,4168A,87.055284,43.999117,五家渠市,建设西街760号,,41,41,46,16,14,94,NA,57,57,8,11,7,4,0.5,0.4
2026-10-08T1500,4180A,113.8157285,34.126705,许昌市,新元大道996号,臭氧1小时(O3_1h),63,43,57,22,29,170,NA,110,110,9,20,8,7,0.3,0.3
2026-10-08T1500,4181A,112.3571,28.5588,益阳市,龙洲站,臭氧1小时(O3_1h),59,29,38,19,26,167,NA,120,120,14,22,10,9,0.4,0.5
2026-10-08T1500,4182A,116.1942,39.9158,北京市,石景山八角,颗粒物(PM10),106,134,106,62,47,196,NA,123,123,32,53,6,3,0.7,0.7
2026-10-08T1500,4183A,121.417401,31.16637,上海市,冠生园路458号,臭氧1小时(O3_1h),106,48,54,28,35,212,NA,139,139,20,43,8,8,0.5,0.6
2026-10-08T1500,4184A,115.479691,35.244011,菏泽市,永昌路1号,臭氧1小时(O3_1h),64,63,70,23,28,171,NA,134,134,12,20,5,8,0.1,0.1
2026-10-08T1500,4185A,115.078022,30.21118,黄石市,磁湖东路29号,NA,NA,16,49,12,30,160,NA,125,125,16,30,12,8,NA,0.9
2026-10-08T1500,4186A,117.194237,34.229354,徐州市,解放南路202号,臭氧1小时(O3_1h),73,59,97,32,65,178,NA,116,116,15,32,11,10,0.7,0.8
2026-10-08T1500,4187A,112.3425,28.611,益阳市,幸福渠东路223号,臭氧1小时(O3_1h),60,NA,37,16,28,168,NA,123,123,17,25,11,9,0.2,0.4
2026-10-08T1500,4188A,112.3712,28.5764,益阳市,益鑫泰路85号,,50,25,41,20,33,157,NA,113,113,19,29,13,12,0.8,0.9
2026-10-08T1500,4189A,113.113092,36.199482,长治市,英华南巷50号,,46,33,45,11,22,146,NA,102,102,10,20,11,13,0.9,0.6
2026-10-08T1500,4190A,113.23666,36.33435,长治市,学府街1号,,50,40,75,14,28,158,NA,116,116,4,10,10,11,0.6,0.9
2026-10-08T1500,4191A,118.527362,31.722269,马鞍山市,慈湖高新区,臭氧1小时(O3_1h),84,48,72,25,32,187,NA,158,158,14,30,7,7,0.6,0.6
2026-10-08T1500,4192A,115.931587,28.686774,南昌市,南京东路235号,NA,NA,47,46,21,23,167,NA,128,128,NA,16,8,7,0.9,0.7
2026-10-08T1500,4193A,115.471542,35.280012,菏泽市,长城路999号,臭氧1小时(O3_1h),73,55,62,24,26,178,NA,141,141,12,18,8,10,0.4,0.3
2026-10-08T1500,4194A,117.078628,40.151726,北京市,平谷新城,细颗粒物(PM2.5),110,114,76,71,42,194,NA,114,114,16,16,NA,5,0.6,0.7
2026-10-08T1500,4196A,117.24369,39.102911,天津市,光华路,臭氧1小时(O3_1h),74,43,79,20,39,179,NA,133,133,5,25,10,11,0.5,0.6
2026-10-08T1500,4197A,118.130859,39.636026,唐山市,友谊北路34号,颗粒物(PM10),63,68,65,32,30,142,NA,110,110,20,35,7,11,0.6,0.7
2026-10-08T1500,4198A,119.509013,39.825305,秦皇岛市,北戴河轮滑馆,臭氧1小时(O3_1h),72,56,54,21,22,177,NA,130,130,8,22,11,16,0.5,0.7
2026-10-08T1500,4199A,113.2798248,40.09972476,大同市,魏都大道141号,,46,NA,89,17,27,147,NA,95,95,11,42,12,16,0.4,0.6
2026-10-08T1500,4200A,112.7478,37.6954,晋中市,迎宾街26号,臭氧1小时(O3_1h),67,51,62,30,36,173,NA,117,117,9,16,16,13,0.7,0.7
2026-10-08T1500,4201A,122.944647,41.082639,鞍山市,兴盛南路290号,臭氧1小时(O3_1h),69,74,43,34,18,175,NA,139,139,16,18,12,13,0.5,1
2026-10-08T1500,4202A,113.9856,32.9802,驻马店市,交通路1233号,,50,45,50,15,20,158,NA,123,123,9,16,6,6,0.3,0.4
2026-10-08T1500,4203A,111.3168,30.7203,宜昌市,西陵二路116号,臭氧1小时(O3_1h),60,54,43,11,20,168,NA,107,107,11,18,9,9,0.4,0.4
2026-10-08T1500,4204A,111.3526,30.6374,宜昌市,沈家店路6号,,49,27,37,23,26,156,NA,102,102,10,20,9,8,0.4,0.4
2026-10-08T1500,4205A,121.541914,31.268301,上海市,宁武路151号,颗粒物(PM10),74,83,68,39,34,174,NA,141,141,51,50,14,11,0.4,0.5
2026-10-08T1500,4206A,119.028838,33.631911,淮安市,承德北路606号,,41,34,48,9,21,129,NA,108,108,7,21,8,8,0.7,0.7
2026-10-08T1500,4207A,120.12211,33.393982,盐城市,黄海中路88号,,39,19,28,3,11,124,NA,114,114,4,11,10,10,0.4,0.5
2026-10-08T1500,4209A,117.003137,32.644456,淮南市,国庆中路369号,臭氧1小时(O3_1h),85,NA,45,24,30,188,NA,155,155,10,17,10,11,0.6,0.5
2026-10-08T1500,4210A,118.335445,29.720283,黄山市,滨江东路7-2号,,43,33,40,14,20,137,NA,102,102,6,10,/,/,/,/
2026-10-08T1500,4211A,118.190438,28.444845,上饶市,裕丰大道,,48,29,51,14,27,152,NA,130,130,6,11,4,18,0.6,0.7
2026-10-08T1500,4212A,118.3039243,36.82708161,淄博市,广场路1号,臭氧1小时(O3_1h),73,36,56,18,40,178,NA,156,156,7,21,8,14,0.2,0.8
2026-10-08T1500,4213A,121.364239,37.529648,烟台市,青年南路118号,,43,22,29,7,8,136,NA,115,115,8,18,7,8,0.6,0.6
2026-10-08T1500,4214A,112.460027,34.694929,洛阳市,春都路1号院,,46,43,66,17,35,146,NA,87,87,8,27,6,8,0.3,0.5
2026-10-08T1500,4215A,113.916569,35.331547,新乡市,建设东路46号,臭氧1小时(O3_1h),58,31,64,11,26,166,NA,117,117,8,25,5,7,0.5,0.5
2026-10-08T1500,4216A,115.0923632,35.76857718,濮阳市,任丘路479号,臭氧1小时(O3_1h),74,64,80,27,39,179,NA,130,130,7,19,6,8,0.7,0.6
2026-10-08T1500,4217A,114.3182,29.8447,咸宁市,双鹤路18号,臭氧1小时(O3_1h),59,35,33,22,19,167,NA,131,131,9,13,4,6,0.3,0.3
2026-10-08T1500,4218A,111.446,27.2472,邵阳市,北塔二期4-26地块,,48,41,40,20,26,152,NA,96,96,10,14,8,9,0.6,0.7
2026-10-08T1500,4219A,111.4739,27.2282,邵阳市,邵水西路287号,,50,18,47,16,35,160,NA,108,108,5,15,14,16,0.3,0.4
2026-10-08T1500,4220A,114.214113,22.713717,深圳市,黄阁路,臭氧1小时(O3_1h),67,52,42,29,23,173,NA,141,141,10,14,6,7,1.0,1
2026-10-08T1500,4221A,108.2177,22.7774,南宁市,乐贤路16号,,47,30,50,13,28,150,NA,107,107,8,31,10,12,0.6,0.6
2026-10-08T1500,4222A,110.1835,25.2444,桂林市,环湖路276号,,47,29,39,15,17,150,NA,105,105,8,18,4,5,0.8,0.8
2026-10-08T1500,4223A,106.4686218,29.48920871,重庆市,双山路147号,,37,37,46,21,30,105,NA,61,61,18,26,9,9,0.7,0.8
2026-10-08T1500,4224A,104.2433276,30.53529463,成都市,鲸龙路1057号,颗粒物(PM10),66,72,87,40,59,109,NA,77,77,14,30,10,10,0.9,1
2026-10-08T1500,4225A,104.714266,29.338571,自贡市,贡兴路74号,细颗粒物(PM2.5),74,66,68,47,55,119,NA,67,67,5,10,10,8,0.7,0.7
2026-10-08T1500,4226A,104.765114,31.453094,绵阳市,绵阳市气象局,颗粒物(PM10),55,57,80,34,48,89,NA,49,49,14,27,8,7,0.7,0.9
2026-10-08T1500,4227A,106.108336,30.788436,南充市,梨树横街98号,,32,32,80,21,47,101,NA,58,58,8,22,9,8,0.4,0.5
2026-10-08T1500,4229A,102.2342,27.8859,凉山彝族自治州,凯乐南路30号,,36,28,19,25,16,98,NA,57,57,6,12,10,7,1.0,0.8
2026-10-08T1500,4230A,106.688212,26.56952,贵阳市,花果园大街66号,,33,19,31,9,14,105,NA,73,73,8,23,5,4,/,/
2026-10-08T1500,4231A,106.687268,26.516892,贵阳市,漓江路57号,,33,14,28,5,16,104,NA,76,76,6,22,8,6,0.4,0.5
2026-10-08T1500,4233A,108.596239,34.118792,西安市,西苑北路977号,颗粒物(PM10),64,69,88,38,52,161,NA,96,96,14,24,9,8,0.5,0.5
2026-10-08T1500,4234A,108.949652,34.870529,铜川市,大唐三路,颗粒物(PM10),59,62,46,27,26,130,NA,100,100,9,15,5,7,0.3,0.4
2026-10-08T1500,4235A,109.5051,34.4921,渭南市,渭花路4号,颗粒物(PM10),60,63,71,26,42,151,NA,96,96,11,22,8,6,0.5,0.6
2026-10-08T1500,4236A,103.629272,36.093822,兰州市,庄浪东路808号,颗粒物(PM10),51,51,51,17,22,118,NA,70,70,7,29,14,13,0.4,0.4
2026-10-08T1500,4237A,103.7251,36.104344,兰州市,安宁西路88号,颗粒物(PM10),54,55,58,20,24,133,NA,77,77,6,17,12,11,0.3,0.4
2026-10-08T1500,4238A,103.846982,36.067567,兰州市,北滨河东路1号,NA,NA,NA,56,14,24,119,NA,63,63,7,22,6,7,0.3,0.7
2026-10-08T1500,4239A,102.193042,38.531887,金昌市,长春路96号,,36,28,79,3,16,115,NA,105,105,4,9,3,5,0.2,0.2
2026-10-08T1500,4240A,98.495752,39.733935,酒泉市,玉门东路5号,,48,48,65,9,25,89,NA,81,81,3,12,5,6,0.2,0.3
2026-10-08T1500,4241A,98.5099,39.7506,酒泉市,北大街108号,,34,34,62,9,21,99,NA,88,88,2,10,6,8,0.2,0.3
2026-10-08T1500,4242A,106.226373,38.491976,银川市,广场西路,NA,NA,NA,62,NA,18,NA,NA,143,NA,NA,23,NA,9,NA,0.5
2026-10-08T1500,4243A,92.0515,31.4787,那曲市,那曲市委宣传部,,29,17,40,16,26,90,NA,68,68,6,22,5,6,0.2,0.6
2026-10-08T1500,4244A,111.4879,36.053,临汾市,启星学校,,44,30,60,22,36,139,NA,101,101,11,29,6,8,0.4,0.6
2026-10-08T1500,4245A,106.8609,27.5969,遵义市,遵南大道1161号,NA,NA,24,32,4,19,118,NA,93,93,NA,11,8,7,0.7,0.7
2026-10-08T1500,4246A,105.833962,30.18863087,重庆市,桃园路24号,,36,29,55,25,39,108,NA,70,70,6,14,5,4,0.6,0.7
2026-10-08T1500,4247A,107.091033,29.153966,重庆市,钟楼街32号,,30,25,32,20,18,94,NA,62,62,7,14,6,5,0.4,0.5
2026-10-08T1500,4248A,107.8042979,30.67350233,重庆市,人民南路309号,,40,40,47,14,20,82,NA,58,58,4,13,7,7,0.6,0.6
2026-10-08T1500,4249A,118.8707617,31.34017673,南京市,汶溪路181号,臭氧1小时(O3_1h),82,33,48,11,26,185,NA,144,144,12,23,10,11,0.6,0.7
2026-10-08T1500,4250A,114.089259,33.588274,漯河市,韶山路11号,臭氧1小时(O3_1h),64,40,61,16,23,171,NA,132,132,13,25,10,11,0.4,0.5
2026-10-08T1500,4251A,112.1433,32.0581,襄阳市,铁院东路4号,臭氧1小时(O3_1h),78,45,60,22,34,182,NA,133,133,6,14,10,12,0.6,0.6
2026-10-08T1500,4252A,113.0138,25.8011,郴州市,好美居路49号,,40,31,34,5,16,126,NA,86,86,9,23,14,11,/,/
2026-10-08T1500,4253A,116.010205,29.659402,九江市,莲花大道8号,,50,40,45,15,30,159,NA,105,105,13,19,8,8,0.4,0.6
2026-10-08T1500,4254A,120.2925,31.5685,无锡市,健康路105号,臭氧1小时(O3_1h),104,55,53,26,25,207,NA,132,132,13,57,9,8,0.7,0.8
2026-10-08T1500,4255A,110.16795,22.640993,玉林市,人民东路196号,,47,24,37,18,22,150,NA,101,101,10,24,8,11,0.5,0.6
2026-10-08T1500,4256A,107.375,22.3736,崇左市,石景林东路7号,,47,38,30,17,17,148,NA,102,102,7,15,6,4,0.6,0.5
2026-10-08T1500,4257A,104.6092,35.5962,定西市,将台街,颗粒物(PM10),51,51,61,9,20,124,NA,79,79,4,18,8,7,0.2,0.3
2026-10-08T1500,4258A,111.2416,23.4155,梧州市,政贤路18号,颗粒物(PM10),53,53,42,14,15,124,NA,91,91,3,19,9,11,0.9,0.9
2026-10-08T1500,4259A,113.835877,34.0155267,许昌市,望田路111号,,50,38,57,25,30,160,NA,112,112,8,34,4,5,0.1,0.3
2026-10-08T1500,4260A,109.5933,23.095,贵港市,中山路155-3号,,41,39,46,17,23,131,NA,105,105,7,17,/,/,0.3,0.5
2026-10-08T1500,4261A,103.7247,27.3415,昭通市,环东路146号,,32,26,39,16,24,100,NA,66,66,4,13,4,6,0.2,0.4
2026-10-08T1500,4263A,105.3688,27.3598,毕节市,工业大道,,41,39,56,25,32,129,NA,85,85,9,19,10,9,/,/
2026-10-08T1500,4264A,113.234,35.219,焦作市,新安路1731号,臭氧1小时(O3_1h),55,40,57,17,25,164,NA,117,117,3,11,1,2,0.4,0.5
2026-10-08T1500,4265A,113.108806,29.353066,岳阳市,求索西路365号,,37,27,41,21,27,118,NA,84,84,11,23,5,5,0.6,0.6
2026-10-08T1500,4266A,117.7325,34.5683,枣庄市,文化路178号,臭氧1小时(O3_1h),75,58,91,25,50,180,NA,113,113,10,27,11,13,0.3,0.5
2026-10-08T1500,4268A,112.1722,30.3366,荆州市,学苑路85号,臭氧1小时(O3_1h),102,44,58,33,40,204,NA,125,125,NA,23,6,7,0.6,0.6
2026-10-08T1500,4269A,114.6701,33.6167,周口市,七一路,臭氧1小时(O3_1h),55,40,55,15,28,164,NA,121,121,10,19,5,5,0.6,0.7
2026-10-08T1500,4270A,102.6447,37.9293,武威市,钟楼街149号,颗粒物(PM10),65,71,96,14,24,118,NA,81,81,4,15,11,12,0.2,0.4
2026-10-08T1500,4271A,103.2464,35.6123,临夏回族自治州,滨河东路1号,,46,46,68,24,35,106,NA,66,66,10,26,12,11,0.3,0.5
2026-10-08T1500,4273A,81.2737,43.9337,伊犁哈萨克自治州,安徽路800号,,28,28,49,5,21,79,NA,29,29,13,36,6,5,0.4,0.7
2026-10-08T1500,4274A,117.7994,40.9605,承德市,滨河大街98号,臭氧1小时(O3_1h),75,60,50,36,21,180,NA,106,106,9,14,13,12,0.2,0.2
2026-10-08T1500,4275A,111.591512,40.827312,呼和浩特市,成吉思汗西街8号,颗粒物(PM10),53,53,72,18,21,143,NA,76,76,18,50,11,9,0.5,0.6
2026-10-08T1500,4276A,111.6597,40.8077,呼和浩特市,公园东路75号,,46,46,72,12,24,133,NA,80,80,11,40,8,8,0.4,0.5
2026-10-08T1500,4277A,111.5427,40.7846,呼和浩特市,金海路35号,NA,NA,57,71,20,27,130,NA,98,98,16,58,10,8,NA,0.5
2026-10-08T1500,4278A,106.8212,39.6741,乌海市,海拉北路,,43,43,93,14,25,101,NA,82,82,2,27,12,31,0.3,0.7
2026-10-08T1500,4279A,119.7569,49.2222,呼伦贝尔市,伊敏大街东7号,,27,27,29,10,12,57,NA,44,44,12,11,7,6,0.2,0.2
2026-10-08T1500,4280A,122.0921,46.065,兴安盟,洮儿河南路,,24,24,30,12,9,76,NA,60,60,5,9,6,8,0.1,0.2
2026-10-08T1500,4281A,125.334645,43.916281,长春市,北亚泰大街1068号,颗粒物(PM10),55,56,56,27,34,130,NA,113,113,17,37,9,9,0.5,0.6
2026-10-08T1500,4282A,126.6769,45.7379,哈尔滨市,华山路1号,NA,NA,53,40,15,9,66,NA,46,46,NA,21,7,8,0.3,0.4
2026-10-08T1500,4283A,126.9717,45.5356,哈尔滨市,解放大街52号,,49,49,57,9,7,75,NA,69,69,13,26,10,10,0.7,0.8
2026-10-08T1500,4284A,128.8325,47.8447,伊春市,永安路4-1号,,18,9,15,2,4,57,NA,52,52,3,4,3,2,0.2,0.3
2026-10-08T1500,4285A,130.363,46.806,佳木斯市,顺和街,,18,12,25,2,7,57,NA,53,53,6,15,1,2,0.1,0.1
2026-10-08T1500,4286A,130.3952,46.8268,佳木斯市,长安路196号,,18,12,34,5,8,57,NA,55,55,6,12,2,3,0.2,0.2
2026-10-08T1500,4287A,129.5992,44.5964,牡丹江市,东晓云街98号,,36,33,41,8,17,115,NA,65,65,6,17,8,8,0.4,0.6
2026-10-08T1500,4288A,117.2438,34.2844,徐州市,龙潭环路5号,臭氧1小时(O3_1h),65,56,78,29,47,172,NA,114,114,9,21,12,12,0.6,0.6
2026-10-08T1500,4289A,117.154766,29.256967,景德镇市,青少年活动中心,臭氧1小时(O3_1h),70,35,37,27,20,176,NA,118,118,12,22,12,14,/,/
2026-10-08T1500,4290A,120.196923,35.954556,青岛市,珠江路669号,,40,9,13,2,2,126,NA,110,110,4,9,5,5,0.3,0.3
2026-10-08T1500,4291A,120.0424,35.8656,青岛市,黄岛区人民政府广场,,39,7,21,1,9,124,NA,100,100,8,24,4,5,0.2,0.3
2026-10-08T1500,4292A,116.352738,37.420875,德州市,新河东路,臭氧1小时(O3_1h),84,88,99,24,45,187,NA,138,138,10,24,10,12,0.5,0.7
2026-10-08T1500,4293A,113.605125,34.755221,郑州市,计划路2号,臭氧1小时(O3_1h),58,47,65,19,34,166,NA,134,134,8,27,4,4,0.5,0.5
2026-10-08T1500,4294A,113.6525645,34.77362682,郑州市,同乐路9号,臭氧1小时(O3_1h),65,50,66,29,35,172,NA,130,130,11,32,7,7,0.3,0.4
2026-10-08T1500,4295A,113.2722,35.2121,焦作市,人民路3066号,臭氧1小时(O3_1h),57,53,67,22,31,165,NA,116,116,5,16,5,5,0.1,0.2
2026-10-08T1500,4296A,114.6421,33.6417,周口市,健康路46号,臭氧1小时(O3_1h),59,43,48,24,19,167,NA,138,138,13,18,4,4,0.4,0.4
2026-10-08T1500,4297A,114.649,33.596,周口市,太昊路,臭氧1小时(O3_1h),79,44,60,13,23,183,NA,142,142,12,23,6,8,0.4,0.5
2026-10-08T1500,4298A,114.284,29.8595,咸宁市,碧桂路,,49,31,34,18,22,155,NA,125,125,7,12,6,4,0.4,0.4
2026-10-08T1500,4299A,111.6195,26.2253,永州市,徐家井路86号,,48,31,38,24,25,153,NA,106,106,9,11,7,8,0.6,0.6
2026-10-08T1500,4300A,114.4089,23.1147,惠州市,文华一路1号,NA,NA,44,39,27,25,120,NA,109,109,NA,11,/,/,/,/
2026-10-08T1500,4301A,110.2803,25.2773,桂林市,信义路13号,,44,39,32,17,22,139,NA,109,109,7,12,8,9,0.8,0.9
2026-10-08T1500,4302A,108.0901,24.6945,河池市,上任中路54号,,35,22,28,6,13,111,NA,66,66,5,20,9,9,0.6,0.6
2026-10-08T1500,4303A,105.5911,30.5368,遂宁市,环岛商务中心9号楼,,46,46,61,27,35,104,NA,61,61,11,20,11,9,0.7,0.7
2026-10-08T1500,4304A,106.1172,30.843,南充市,清泉寺北路188号,,48,48,68,29,45,116,NA,56,56,9,16,9,9,0.4,0.5
2026-10-08T1500,4305A,106.067,30.7616,南充市,同庆路1号,颗粒物(PM10),54,55,64,20,43,108,NA,60,60,7,22,9,9,0.4,0.5
2026-10-08T1500,4306A,103.0544,30.0133,雅安市,滨江西路,颗粒物(PM10),56,58,38,37,25,73,NA,30,28,11,11,6,5,0.5,0.6
2026-10-08T1500,4307A,108.9817,34.2035,西安市,曲江池东路988号,臭氧1小时(O3_1h),94,76,68,47,42,195,NA,98,98,21,33,5,5,0.7,0.7
2026-10-08T1500,4308A,107.3898,34.3601,宝鸡市,陈仓区北开路21号,颗粒物(PM10),56,58,80,37,52,145,NA,79,79,16,34,8,12,0.6,0.7
2026-10-08T1500,4309A,104.6159,35.5701,定西市,正龙路62号,,46,46,49,7,17,111,NA,75,75,5,9,4,4,0.2,0.2
2026-10-08T1500,4310A,103.207136,35.599807,临夏回族自治州,新华街21号,,40,40,67,22,34,89,NA,51,51,7,18,10,9,0.3,0.4
2026-10-08T1500,4311A,122.0383,46.0691,兴安盟,科尔沁北路63号,,24,22,30,6,9,75,NA,60,60,3,7,5,6,0.0,0.3
2026-10-08T1500,4312A,119.019,31.6512,南京市,中山西路1号,臭氧1小时(O3_1h),106,44,48,15,27,212,NA,160,160,9,29,4,5,0.8,0.9
2026-10-08T1500,4314A,114.0494,38.059,石家庄市,矿区区委大楼,臭氧1小时(O3_1h),64,46,54,15,19,171,NA,109,109,11,25,14,18,0.4,0.6
2026-10-08T1500,4325A,105.3665,28.77434,泸州市,纳溪区委政协,细颗粒物(PM2.5),107,80,70,67,61,114,NA,72,72,12,20,9,7,0.8,0.8
2026-10-08T1500,4326A,113.0794,22.5999,江门市,五邑大学,臭氧1小时(O3_1h),90,56,61,33,35,192,NA,112,112,17,37,9,9,0.5,0.5
