timepoint,stationcode,longitude,latitude,area,positionname,primarypollutant,aqi,pm10,pm10_24h,pm2_5,pm2_5_24h,o3,o3_24h,o3_8h,o3_8h_24h,no2,no2_24h,so2,so2_24h,co,co_24h
2026-10-08T2100,1001A,116.3611,39.8786,北京市,万寿西宫,颗粒物(PM10),112,149,104,72,55,105,NA,195,186,57,49,3,4,1.3,0.7
2026-10-08T2100,1003A,116.4174,39.9289,北京市,东四,细颗粒物(PM2.5),107,133,106,67,54,163,NA,205,204,37,45,7,5,1.2,0.8
2026-10-08T2100,1004A,116.4073,39.8858,北京市,天坛,颗粒物(PM10),81,93,93,48,52,76,NA,176,163,32,38,2,3,1.0,0.7
2026-10-08T2100,1005A,116.4622,39.9364,北京市,农展馆,细颗粒物(PM2.5),108,127,112,68,57,89,NA,176,170,47,51,4,5,1.1,0.7
2026-10-08T2100,1006A,116.3399,39.9293,北京市,官园,颗粒物(PM10),112,149,112,NA,57,127,NA,196,190,51,44,3,3,1.3,0.8
2026-10-08T2100,1007A,116.2879,39.9613,北京市,海淀万柳,颗粒物(PM10),114,156,110,67,49,88,NA,183,169,57,42,3,4,1.0,0.7
2026-10-08T2100,1008A,116.6635,40.1349,北京市,顺义新城,细颗粒物(PM2.5),103,67,71,63,51,100,NA,172,163,29,29,2,5,0.9,0.6
2026-10-08T2100,1009A,116.6275,40.327,北京市,怀柔镇,细颗粒物(PM2.5),109,111,88,69,49,147,NA,176,173,22,19,4,4,0.7,0.5
2026-10-08T2100,1010A,116.2295,40.217,北京市,昌平镇,细颗粒物(PM2.5),112,126,94,73,51,148,NA,177,175,28,23,5,5,0.8,0.6
2026-10-08T2100,1011A,116.3968,39.982,北京市,奥体中心,细颗粒物(PM2.5),112,130,102,73,56,87,NA,168,162,61,48,2,3,1.2,0.7
2026-10-08T2100,1015A,117.1446,39.1659,天津市,勤俭道,颗粒物(PM10),91,107,95,49,50,135,NA,170,162,28,29,9,9,0.6,0.7
2026-10-08T2100,1018A,117.2016,39.0928,天津市,前进道,NA,NA,NA,89,NA,51,117,NA,166,156,33,27,10,10,0.5,0.5
2026-10-08T2100,1019A,117.1837,39.2134,天津市,淮河道,颗粒物(PM10),90,106,95,36,42,136,NA,165,160,25,28,10,11,0.5,0.5
2026-10-08T2100,1021A,117.308261,39.088386,天津市,跃进路,颗粒物(PM10),89,104,98,38,46,116,NA,174,162,39,32,8,9,0.7,0.6
2026-10-08T2100,1023A,117.707,39.0344,天津市,第四大街,颗粒物(PM10),82,94,82,38,38,43,NA,148,116,117,44,8,10,0.8,0.8
2026-10-08T2100,1024A,117.4573,38.8395,天津市,永明路,颗粒物(PM10),60,63,70,28,36,97,NA,160,146,37,32,8,10,0.5,0.5
2026-10-08T2100,1026A,117.7641,39.1588,天津市,汉北路,颗粒物(PM10),65,70,73,28,38,66,NA,163,139,73,33,6,7,0.4,0.4
2026-10-08T2100,1030A,114.5919,38.0328,石家庄市,高新区,颗粒物(PM10),100,120,94,37,42,126,NA,171,164,22,28,12,6,0.4,0.6
2026-10-08T2100,1032A,114.4556,38.0136,石家庄市,西南高教,颗粒物(PM10),77,87,84,20,24,131,NA,171,167,20,30,5,9,0.2,0.5
2026-10-08T2100,1033A,114.533,38.0177,石家庄市,世纪公园,颗粒物(PM10),81,93,86,30,37,129,NA,156,153,10,19,5,7,0.4,0.7
2026-10-08T2100,1034A,114.5105,38.0489,石家庄市,人民会堂,颗粒物(PM10),79,90,91,17,25,141,NA,173,168,17,27,2,6,0.3,0.6
2026-10-08T2100,1040A,118.1707,39.6505,唐山市,十二中,颗粒物(PM10),64,69,67,36,33,134,NA,181,174,27,32,9,9,0.6,0.7
2026-10-08T2100,1041A,118.1868,39.6219,唐山市,小山,颗粒物(PM10),80,92,77,35,33,130,NA,184,175,28,28,9,12,0.5,0.6
2026-10-08T2100,1046A,119.5247,39.9346,秦皇岛市,建设大厦,细颗粒物(PM2.5),113,122,88,74,32,185,NA,184,184,22,25,9,15,0.7,0.7
2026-10-08T2100,1049A,114.492,36.5712,邯郸市,矿院,NA,NA,91,68,42,38,129,NA,170,163,NA,21,10,8,0.5,0.7
2026-10-08T2100,1050A,114.4839,36.6136,邯郸市,丛台公园,颗粒物(PM10),55,56,58,18,21,148,NA,165,163,14,18,4,5,0.4,0.5
2026-10-08T2100,1051A,115.4803,38.8568,保定市,游泳馆,颗粒物(PM10),102,123,122,42,54,112,NA,184,169,36,38,3,5,0.7,0.8
2026-10-08T2100,1052A,115.509,38.8895,保定市,华电二区,细颗粒物(PM2.5),128,113,99,90,57,103,NA,195,184,59,40,5,5,1.0,0.8
2026-10-08T2100,1053A,115.4588,38.9037,保定市,接待中心,细颗粒物(PM2.5),128,113,106,90,81,116,NA,201,192,42,33,7,7,0.7,1
2026-10-08T2100,1054A,115.4484,38.8344,保定市,地表水厂,颗粒物(PM10),95,113,125,52,71,118,NA,179,170,32,35,4,6,0.5,0.6
2026-10-08T2100,1057A,114.8884,40.8336,张家口市,人民公园,颗粒物(PM10),63,68,45,28,20,102,NA,152,136,20,14,8,8,0.1,0
2026-10-08T2100,1059A,114.868581,40.804273,张家口市,五金库,颗粒物(PM10),66,72,49,33,19,146,NA,150,150,25,18,/,/,/,/
2026-10-08T2100,1060A,114.8901,40.762,张家口市,世纪豪园,颗粒物(PM10),69,76,46,31,16,159,NA,151,151,13,13,8,6,0.7,0.5
2026-10-08T2100,1062A,117.9531,40.908,承德市,铁路,颗粒物(PM10),75,85,56,44,23,153,NA,162,162,22,23,11,9,0.5,0.4
2026-10-08T2100,1063A,117.9397,40.9763,承德市,中国银行,颗粒物(PM10),64,69,47,40,19,76,NA,149,142,26,17,8,8,0.8,0.5
2026-10-08T2100,1067A,116.6712,39.5109,廊坊市,药材公司,细颗粒物(PM2.5),120,142,132,81,82,52,NA,176,154,74,40,4,8,1.0,0.6
2026-10-08T2100,1068A,116.7215,39.5592,廊坊市,开发区,细颗粒物(PM2.5),102,96,119,62,77,90,NA,188,171,30,37,2,5,0.5,0.5
2026-10-08T2100,1070A,116.7246,39.5273,廊坊市,北华航天学院,颗粒物(PM10),99,118,126,58,76,22,NA,184,140,90,47,4,7,1.0,0.6
2026-10-08T2100,1071A,116.8733,38.2922,沧州市,沧县城建局,颗粒物(PM10),80,92,86,45,41,142,NA,171,165,19,15,8,9,0.3,0.3
2026-10-08T2100,1072A,116.8462,38.3189,沧州市,电视转播站,颗粒物(PM10),78,88,80,48,47,124,NA,172,162,28,18,10,11,0.2,0.2
2026-10-08T2100,1073A,116.8588,38.3161,沧州市,市环保局,颗粒物(PM10),90,105,97,38,44,118,NA,158,151,27,20,6,6,0.3,0.3
2026-10-08T2100,1074A,115.6839,37.754,衡水市,电机北厂,颗粒物(PM10),75,84,81,37,33,152,NA,175,173,16,16,11,11,0.4,0.4
2026-10-08T2100,1075A,115.6303,37.7318,衡水市,市监测站,颗粒物(PM10),69,76,95,32,34,137,NA,167,163,20,17,9,11,0.5,0.4
2026-10-08T2100,1077A,114.4687,37.0883,邢台市,达活泉,颗粒物(PM10),88,102,73,25,21,125,NA,162,156,15,13,4,10,0.3,0.7
2026-10-08T2100,1078A,114.4954,37.0309,邢台市,邢师高专,颗粒物(PM10),97,115,87,32,33,115,NA,116,116,21,14,9,17,0.3,0.8
2026-10-08T2100,1079A,114.5281,37.0857,邢台市,路桥公司,颗粒物(PM10),78,89,72,28,26,107,NA,150,141,23,18,11,14,0.3,0.7
2026-10-08T2100,1080A,114.4721,37.0713,邢台市,市环保局,颗粒物(PM10),100,119,94,28,21,128,NA,168,160,19,17,4,11,0.5,0.9
2026-10-08T2100,1081A,112.5138,37.8916,太原市,尖草坪,NA,NA,NA,NA,NA,NA,NA,NA,NA,NA,NA,NA,NA,NA,NA,NA
2026-10-08T2100,1084A,112.4691,37.7125,太原市,晋源,NA,NA,90,90,35,53,NA,NA,146,134,NA,36,NA,13,NA,0.8
2026-10-08T2100,1085A,112.5595,37.7391,太原市,小店,颗粒物(PM10),73,81,89,44,42,42,NA,158,137,85,59,16,14,1.0,1
2026-10-08T2100,1087A,112.5705,37.8199,太原市,坞城,颗粒物(PM10),93,110,91,56,51,4,NA,151,116,128,66,12,16,1.2,1.2
2026-10-08T2100,1088A,112.5495,37.9853,太原市,南寨,颗粒物(PM10),107,138,82,42,41,23,NA,129,105,61,41,5,10,0.9,1
2026-10-08T2100,1090A,111.6506,40.7517,呼和浩特市,呼市一监,颗粒物(PM10),96,114,61,54,25,26,NA,138,120,94,40,12,12,1.1,0.7
2026-10-08T2100,1094A,111.7516,40.8369,呼和浩特市,如意水处理厂,细颗粒物(PM2.5),82,92,60,51,26,38,NA,132,108,88,53,9,10,0.5,0.3
2026-10-08T2100,1095A,111.727798,40.806187,呼和浩特市,二十九中,颗粒物(PM10),87,101,64,51,26,24,NA,132,118,92,47,8,9,1.2,0.7
2026-10-08T2100,1097A,111.717,40.7617,呼和浩特市,化肥厂生活区,细颗粒物(PM2.5),108,116,68,68,26,50,NA,130,109,70,45,8,8,1.0,0.7
2026-10-08T2100,1099A,123.5058,41.7084,沈阳市,浑南东路,细颗粒物(PM2.5),76,80,89,48,26,68,NA,167,151,65,29,29,17,0.9,0.8
2026-10-08T2100,1100A,123.4238,41.6992,沈阳市,新秀街,颗粒物(PM10),70,77,52,36,20,95,NA,160,150,40,24,37,27,0.7,0.6
2026-10-08T2100,1102A,123.5903,41.8412,沈阳市,东陵路,颗粒物(PM10),79,90,50,39,18,95,NA,162,154,32,19,20,10,0.9,1
2026-10-08T2100,1103A,123.4267,41.8466,沈阳市,陵东街,颗粒物(PM10),57,59,39,31,17,113,NA,148,144,14,13,12,13,0.9,0.7
2026-10-08T2100,1104A,123.4116,41.7654,沈阳市,文化路,颗粒物(PM10),74,83,51,35,17,114,NA,163,158,28,18,26,20,0.9,0.8
2026-10-08T2100,1105A,123.4673,41.787,沈阳市,小河沿,颗粒物(PM10),66,72,43,34,17,86,NA,140,135,41,21,25,13,1.0,0.7
2026-10-08T2100,1106A,123.4019,41.7978,沈阳市,太原街,颗粒物(PM10),90,106,61,34,17,119,NA,160,156,27,19,23,17,0.9,0.8
2026-10-08T2100,1108A,123.3778,41.9233,沈阳市,京沈街,颗粒物(PM10),87,101,59,42,18,106,NA,157,149,40,20,13,12,0.7,0.6
2026-10-08T2100,1109A,121.6119,38.974,大连市,甘井子,颗粒物(PM10),62,66,35,31,18,106,NA,142,134,35,20,5,6,0.8,0.7
2026-10-08T2100,1110A,121.565,38.9509,大连市,周水子,NA,NA,44,27,30,17,NA,NA,149,149,22,19,2,4,0.5,0.5
2026-10-08T2100,1111A,121.5637,38.8849,大连市,星海三站,,48,39,23,33,15,80,NA,145,138,37,17,6,7,0.8,0.6
2026-10-08T2100,1112A,121.6301,38.9117,大连市,青泥洼桥,颗粒物(PM10),52,52,30,24,17,112,NA,139,136,14,16,6,8,0.7,0.5
2026-10-08T2100,1113A,121.6248,38.8643,大连市,傅家庄,,38,35,27,14,11,119,NA,148,145,10,11,7,8,0.5,0.5
2026-10-08T2100,1114A,121.5117,38.8636,大连市,七贤岭,颗粒物(PM10),63,67,35,25,16,113,NA,139,136,18,18,8,9,0.9,0.7
2026-10-08T2100,1116A,121.7507,39.1339,大连市,金州,颗粒物(PM10),54,55,30,25,17,131,NA,144,143,16,20,10,11,0.7,0.7
2026-10-08T2100,1117A,121.7811,39.0495,大连市,开发区,颗粒物(PM10),51,51,30,28,15,107,NA,134,132,20,17,5,7,0.7,0.6
2026-10-08T2100,1118A,121.9762,39.0631,大连市,双D港,,29,24,26,17,14,91,NA,135,130,16,13,7,8,0.8,0.7
2026-10-08T2100,1120A,125.2874,43.9024,长春市,客车厂,"颗粒物(PM10),细颗粒物(PM2.5)",60,64,64,40,32,61,NA,116,90,22,25,7,8,0.5,0.7
2026-10-08T2100,1121A,125.2943,43.8508,长春市,邮电学院,颗粒物(PM10),65,70,54,40,32,56,NA,112,88,18,18,6,6,0.5,0.5
2026-10-08T2100,1122A,125.3648,43.8745,长春市,劳动公园,颗粒物(PM10),62,66,56,40,32,54,NA,119,93,27,26,7,8,0.6,0.7
2026-10-08T2100,1123A,125.3233,43.8781,长春市,园林处,颗粒物(PM10),69,76,57,42,32,64,NA,120,95,17,18,9,10,0.7,0.8
2026-10-08T2100,1124A,125.4604,43.7904,长春市,净月潭,颗粒物(PM10),65,70,44,39,30,62,NA,128,103,15,12,8,9,0.5,0.5
2026-10-08T2100,1126A,125.38,43.8422,长春市,经开区环卫处,颗粒物(PM10),60,64,56,38,31,59,NA,123,98,21,22,10,11,0.6,0.6
2026-10-08T2100,1127A,125.234,43.7761,长春市,高新区管委会,细颗粒物(PM2.5),76,79,56,48,31,52,NA,124,96,28,23,9,10,0.7,0.7
2026-10-08T2100,1128A,125.1695,43.83,长春市,岱山公园,颗粒物(PM10),67,73,60,40,29,49,NA,123,92,35,21,6,7,0.8,0.8
2026-10-08T2100,1130A,126.5557,45.8109,哈尔滨市,松北商大,颗粒物(PM10),59,62,37,15,13,36,NA,46,42,18,19,5,6,0.4,0.5
2026-10-08T2100,1132A,126.6162,45.719,哈尔滨市,南岗学府路,NA,NA,39,45,12,8,NA,NA,46,43,28,28,5,6,0.4,0.4
2026-10-08T2100,1133A,126.6894,45.7733,哈尔滨市,太平宏伟公园,,44,44,42,18,12,33,NA,45,41,21,22,8,8,0.4,0.4
2026-10-08T2100,1134A,126.6361,45.7672,哈尔滨市,道外承德广场,颗粒物(PM10),52,52,55,13,11,35,NA,43,40,21,27,5,7,0.3,0.4
2026-10-08T2100,1136A,126.644,45.7261,哈尔滨市,动力和平路,,27,27,38,4,9,35,NA,48,46,22,23,9,12,0.5,0.6
2026-10-08T2100,1137A,126.5933,45.7479,哈尔滨市,道里建国路,,35,35,41,9,10,45,NA,53,52,11,19,5,7,0.2,0.3
2026-10-08T2100,1138A,126.6127,45.6119,哈尔滨市,平房东轻厂,,48,48,56,14,16,18,NA,59,34,40,32,8,12,0.6,0.6
2026-10-08T2100,1139A,126.5875,45.9827,哈尔滨市,呼兰师专,,44,44,37,17,8,36,NA,50,44,19,17,4,4,0.6,0.6
2026-10-08T2100,1140A,126.6299,45.6799,哈尔滨市,省农科院,,42,42,52,12,13,26,NA,51,44,35,29,12,8,0.6,0.7
2026-10-08T2100,1141A,121.401,31.2382,上海市,普陀,颗粒物(PM10),53,54,56,30,35,158,NA,207,195,9,22,7,7,0.6,0.7
2026-10-08T2100,1142A,121.4774,31.2043,上海市,十五厂,细颗粒物(PM2.5),54,53,50,37,33,143,NA,188,178,35,47,9,9,0.6,0.6
2026-10-08T2100,1143A,121.4673,31.3011,上海市,虹口,颗粒物(PM10),58,61,59,32,36,122,NA,192,176,41,42,6,7,0.5,0.5
2026-10-08T2100,1147A,121.4253,31.226,上海市,静安监测站,臭氧1小时(O3_1h),68,56,55,32,33,174,NA,216,206,21,32,10,10,0.8,0.9
2026-10-08T2100,1148A,121.7029,31.1905,上海市,浦东川沙,颗粒物(PM10),64,69,65,41,41,102,NA,187,163,60,40,13,12,0.6,0.6
2026-10-08T2100,1149A,121.5339,31.229,上海市,浦东新区监测站,颗粒物(PM10),53,54,52,28,31,121,NA,190,176,37,37,10,11,0.5,0.5
2026-10-08T2100,1150A,121.5776,31.2038,上海市,浦东张江,NA,NA,67,58,35,35,NA,NA,197,190,46,36,8,9,NA,0.4
2026-10-08T2100,1151A,118.8033,32.1085,南京市,迈皋桥,颗粒物(PM10),55,56,49,32,30,132,NA,194,182,15,29,9,8,0.5,0.4
2026-10-08T2100,1152A,118.7487,32.057,南京市,草场门,颗粒物(PM10),58,61,53,34,30,155,NA,205,194,33,33,8,7,0.8,0.7
2026-10-08T2100,1154A,118.770105,32.004342,南京市,中华门,臭氧1小时(O3_1h),64,61,52,38,32,171,NA,198,193,16,27,6,6,0.2,0.2
2026-10-08T2100,1155A,118.8059,32.0329,南京市,瑞金路,颗粒物(PM10),63,68,52,40,32,84,NA,190,166,50,28,4,4,0.7,0.5
2026-10-08T2100,1156A,118.7946,32.0774,南京市,玄武湖,臭氧1小时(O3_1h),68,48,45,24,22,174,NA,215,210,18,23,4,4,0.4,0.4
2026-10-08T2100,1157A,118.6415,32.0964,南京市,浦口,臭氧1小时(O3_1h),69,65,50,34,25,175,NA,208,202,24,30,7,8,0.8,0.7
2026-10-08T2100,1158A,118.730129,32.000956,南京市,奥体中心,颗粒物(PM10),63,67,60,34,32,153,NA,208,194,31,46,11,9,0.7,0.7
2026-10-08T2100,1159A,118.9072,32.1047,南京市,仙林大学城,颗粒物(PM10),56,58,51,29,29,142,NA,201,191,28,30,5,5,0.5,0.5
2026-10-08T2100,1163A,120.5974,31.3247,苏州市,轧钢厂,颗粒物(PM10),64,69,68,34,39,80,NA,194,169,63,49,9,10,0.7,0.7
2026-10-08T2100,1164A,120.6329,31.2741,苏州市,吴中区,颗粒物(PM10),52,52,65,28,40,98,NA,194,174,50,51,11,11,0.8,0.9
2026-10-08T2100,1165A,120.5566,31.3049,苏州市,苏州新区,二氧化氮(NO2),56,54,63,33,43,43,NA,188,158,111,51,9,9,0.8,0.9
2026-10-08T2100,1166A,120.668709,31.312523,苏州市,苏州工业园区,,48,48,61,25,36,123,NA,202,186,32,34,8,9,0.7,0.7
2026-10-08T2100,1167A,120.6408,31.3707,苏州市,相城区,颗粒物(PM10),55,57,66,26,37,89,NA,187,164,59,51,10,10,0.9,0.9
2026-10-08T2100,1168A,120.9056,31.9669,南通市,狼山街道,颗粒物(PM10),56,58,61,31,38,104,NA,197,174,18,17,7,7,0.6,0.7
2026-10-08T2100,1170A,120.8635,32.0231,南通市,城中,颗粒物(PM10),65,70,78,33,39,112,NA,191,172,19,20,6,7,0.3,0.4
2026-10-08T2100,1171A,120.9376,31.9301,南通市,星湖花园,细颗粒物(PM2.5),68,64,62,44,42,97,NA,196,171,18,15,8,8,0.5,0.6
2026-10-08T2100,1172A,120.8053,32.046,南通市,紫琅学院,,41,41,53,21,38,112,NA,175,158,19,23,6,6,0.7,0.7
2026-10-08T2100,1173A,119.1759,34.5885,连云港市,市环境监测站,,30,22,18,9,6,96,NA,127,120,12,11,10,10,0.3,0.3
2026-10-08T2100,1180A,117.257,34.2161,徐州市,新城区,颗粒物(PM10),88,103,85,51,47,116,NA,157,151,24,22,9,8,0.7,0.9
2026-10-08T2100,1182A,117.2933,34.2796,徐州市,农科院,细颗粒物(PM2.5),110,105,82,70,53,NA,NA,145,139,44,42,11,12,1.0,0.9
2026-10-08T2100,1186A,119.3895,32.377,扬州市,邗江监测站,颗粒物(PM10),74,83,84,28,42,98,NA,201,180,32,23,14,15,0.7,0.8
2026-10-08T2100,1188A,120.2693,31.4864,无锡市,雪浪,颗粒物(PM10),72,80,49,33,27,57,NA,202,176,90,32,7,8,1.0,0.9
2026-10-08T2100,1189A,120.2761,31.621,无锡市,黄巷,细颗粒物(PM2.5),88,101,78,54,41,94,NA,204,189,85,62,5,6,0.7,0.5
2026-10-08T2100,1191A,120.2422,31.5037,无锡市,漆塘,颗粒物(PM10),59,62,55,34,27,144,NA,201,193,15,18,9,9,0.6,0.6
2026-10-08T2100,1192A,120.3489,31.5865,无锡市,东亭,细颗粒物(PM2.5),82,80,57,51,39,44,NA,194,172,118,64,8,9,1.1,0.7
2026-10-08T2100,1193A,120.3538,31.5474,无锡市,旺庄,细颗粒物(PM2.5),92,95,67,56,37,86,NA,208,186,74,56,11,12,1.0,0.9
2026-10-08T2100,1194A,120.2447,31.5633,无锡市,荣巷,颗粒物(PM10),53,53,43,36,27,149,NA,197,191,33,26,8,9,1.0,0.9
2026-10-08T2100,1195A,120.2986,31.6816,无锡市,堰桥,细颗粒物(PM2.5),90,88,67,55,35,63,NA,182,159,74,55,7,8,0.7,0.6
2026-10-08T2100,1196A,119.9524,31.7586,常州市,市监测站,颗粒物(PM10),70,78,70,40,39,82,NA,203,181,52,54,7,9,0.8,0.7
2026-10-08T2100,1200A,119.9351,31.703,常州市,武进监测站,"颗粒物(PM10),细颗粒物(PM2.5)",62,66,80,41,47,150,NA,196,190,32,45,12,15,0.7,0.8
2026-10-08T2100,1203A,119.6708,32.187,镇江市,新区办事处,颗粒物(PM10),68,74,77,41,54,90,NA,218,194,42,35,7,9,0.6,0.7
2026-10-08T2100,1204A,119.497455,32.196732,镇江市,职教中心,颗粒物(PM10),60,64,80,36,54,143,NA,198,191,24,35,7,8,0.9,0.8
2026-10-08T2100,1205A,119.43,32.1328,镇江市,丹徒区监测站,颗粒物(PM10),55,57,76,37,51,119,NA,215,198,34,32,10,10,1.0,1.2
2026-10-08T2100,1206A,119.9042,32.488,泰州市,公园路,,34,34,59,12,38,94,NA,168,148,9,10,9,10,0.3,0.6
2026-10-08T2100,1207A,119.9189,32.4626,泰州市,莲花,,34,34,67,17,45,84,NA,166,146,12,14,10,13,0.3,0.6
2026-10-08T2100,1209A,119.8877,32.4636,泰州市,留学生创业园,,36,36,61,19,46,98,NA,183,162,10,11,10,12,0.5,0.8
2026-10-08T2100,1210A,119.0566,33.5991,淮安市,钵池山,,44,44,35,29,20,80,NA,140,117,22,23,7,8,0.8,0.8
2026-10-08T2100,1211A,119.0083,33.578,淮安市,北京南路,颗粒物(PM10),51,51,44,33,22,78,NA,146,120,28,20,7,8,0.6,0.6
2026-10-08T2100,1212A,118.9938,33.6083,淮安市,市监测站,,36,34,38,25,20,90,NA,136,122,23,22,7,9,0.7,0.7
2026-10-08T2100,1213A,119.135,33.5038,淮安市,楚州区监测站,,46,46,38,30,21,71,NA,127,108,27,19,7,8,0.6,0.6
2026-10-08T2100,1216A,120.1554,33.3941,盐城市,市监测站,,28,18,24,13,15,87,NA,118,107,14,22,5,6,0.7,0.7
2026-10-08T2100,1218A,120.214332,33.37951,盐城市,开发区管委会,,27,22,21,10,9,86,NA,108,101,7,6,10,10,0.2,0.2
2026-10-08T2100,1220A,118.2924,33.933,宿迁市,宿迁学院,颗粒物(PM10),58,60,56,30,33,86,NA,148,122,31,29,3,4,0.4,0.6
2026-10-08T2100,1221A,118.2321,33.9572,宿迁市,宿迁中学,NA,NA,52,31,28,30,68,NA,143,122,37,20,5,8,NA,0.6
2026-10-08T2100,1223A,120.2073,30.2111,杭州市,滨江,细颗粒物(PM2.5),78,82,60,49,35,144,NA,165,162,31,36,9,9,0.6,0.6
2026-10-08T2100,1224A,120.0625,30.2737,杭州市,西溪,颗粒物(PM10),55,57,42,29,24,150,NA,149,149,15,23,6,5,0.5,0.3
2026-10-08T2100,1226A,120.3417,30.315,杭州市,下沙,颗粒物(PM10),59,62,63,36,39,145,NA,175,172,24,36,8,9,0.5,0.6
2026-10-08T2100,1227A,120.1252,30.2465,杭州市,卧龙桥,,39,39,34,23,21,71,NA,151,134,17,16,6,8,0.5,0.4
2026-10-08T2100,1228A,120.1902,30.2691,杭州市,浙江农大,颗粒物(PM10),67,73,50,33,29,123,NA,163,158,40,28,10,9,0.5,0.6
2026-10-08T2100,1230A,120.1195,30.3121,杭州市,和睦小学,,49,48,46,34,33,147,NA,165,164,22,33,8,8,0.6,0.7
2026-10-08T2100,1231A,120.3076,30.4146,杭州市,临平镇,颗粒物(PM10),66,72,70,34,38,129,NA,174,165,32,41,8,9,0.6,0.7
2026-10-08T2100,1232A,120.2753,30.1839,杭州市,城厢镇,颗粒物(PM10),55,56,49,37,33,144,NA,150,148,16,21,11,10,0.7,0.7
2026-10-08T2100,1233A,120.0883,30.1808,杭州市,云栖,颗粒物(PM10),55,57,39,30,23,107,NA,144,138,17,14,7,7,0.6,0.5
2026-10-08T2100,1234A,121.8352,29.9111,宁波市,区环保大楼,,45,45,46,24,24,139,NA,183,163,24,27,7,8,0.4,0.4
2026-10-08T2100,1235A,121.5595,29.8208,宁波市,万里学院,,45,45,49,23,30,142,NA,172,168,19,32,10,13,0.5,0.6
2026-10-08T2100,1236A,121.713,29.9564,宁波市,龙赛医院,颗粒物(PM10),67,73,63,36,31,135,NA,187,176,27,28,10,10,0.8,0.7
2026-10-08T2100,1240A,121.5855,29.8635,宁波市,太古小学,颗粒物(PM10),53,54,59,28,33,139,NA,169,163,13,32,5,8,0.5,0.7
2026-10-08T2100,1241A,121.5239,29.8673,宁波市,市环境监测中心,颗粒物(PM10),57,59,57,31,30,141,NA,182,176,18,22,11,11,0.4,0.4
2026-10-08T2100,1242A,120.6342,28.0088,温州市,瓯海,,35,35,39,16,23,110,NA,128,123,13,29,7,7,0.5,0.6
2026-10-08T2100,1243A,120.6747,27.9881,温州市,南浦,,42,42,45,21,21,109,NA,130,126,11,22,6,7,0.4,0.5
2026-10-08T2100,1244A,120.76,27.9745,温州市,龙湾,,39,39,38,20,20,106,NA,132,127,17,24,7,7,0.4,0.4
2026-10-08T2100,1247A,120.6053,29.9927,绍兴市,城东开发委,颗粒物(PM10),63,68,45,41,28,126,NA,147,146,28,23,9,8,0.6,0.6
2026-10-08T2100,1250A,120.075,30.867,湖州市,城西水厂,颗粒物(PM10),55,57,56,31,34,113,NA,184,173,44,57,8,8,0.5,0.5
2026-10-08T2100,1252A,120.7439,30.778,嘉兴市,清河小学,颗粒物(PM10),57,59,57,27,32,113,NA,158,146,33,27,8,8,0.3,0.4
2026-10-08T2100,1253A,120.7261,30.7477,嘉兴市,嘉兴学院,,45,41,50,22,31,142,NA,167,159,22,39,7,8,0.4,0.5
2026-10-08T2100,1255A,121.2727,28.6461,台州市,黄岩环保大楼,,50,50,36,27,16,96,NA,141,134,18,8,/,/,/,/
2026-10-08T2100,1256A,121.4188,28.6545,台州市,台州环保大楼,颗粒物(PM10),55,56,37,31,17,134,NA,150,148,13,13,/,/,0.8,0.8
2026-10-08T2100,1257A,121.3768,28.5772,台州市,路桥田洋王,颗粒物(PM10),53,54,41,27,21,140,NA,147,145,12,14,7,7,0.7,0.7
2026-10-08T2100,1258A,122.1223,30.0203,舟山市,定海檀枫,,50,50,34,34,18,113,NA,157,145,12,10,7,7,0.4,0.7
2026-10-08T2100,1260A,122.1898,29.9945,舟山市,临城新区,细颗粒物(PM2.5),56,40,31,38,19,122,NA,164,154,10,10,8,8,0.4,0.3
2026-10-08T2100,1262A,119.6478,29.0773,金华市,十五中,颗粒物(PM10),60,63,53,31,27,65,NA,147,128,37,22,5,6,0.4,0.8
2026-10-08T2100,1263A,119.6859,29.1032,金华市,监测站,颗粒物(PM10),63,67,56,34,29,54,NA,155,127,54,34,3,4,0.5,0.6
2026-10-08T2100,1264A,118.8694,28.94,衢州市,环保大楼,,48,48,48,29,29,92,NA,166,145,28,23,/,/,/,/
2026-10-08T2100,1266A,118.8622,28.9809,衢州市,衢州学院,NA,NA,32,41,19,25,NA,NA,157,144,31,23,7,9,0.5,0.5
2026-10-08T2100,1267A,119.9141,28.4513,丽水市,监测站大楼,,33,33,32,20,17,68,NA,92,90,28,35,6,6,0.4,0.4
2026-10-08T2100,1268A,119.93,28.4589,丽水市,莲都小学,,30,30,32,14,18,73,NA,121,106,23,16,/,/,/,/
2026-10-08T2100,1269A,119.8794,28.4232,丽水市,余庄前,,26,26,31,12,18,50,NA,131,102,11,13,5,5,0.5,0.5
2026-10-08T2100,1270A,117.1957,31.7845,合肥市,明珠广场,颗粒物(PM10),62,66,54,32,28,132,NA,158,150,27,46,7,11,0.5,0.4
2026-10-08T2100,1271A,117.307,31.8765,合肥市,三里街,颗粒物(PM10),56,58,54,33,29,114,NA,154,146,37,46,8,7,0.9,0.8
2026-10-08T2100,1272A,117.2587,31.8703,合肥市,琥珀山庄,NA,NA,66,53,33,25,NA,NA,157,152,36,33,8,8,0.9,0.8
2026-10-08T2100,1275A,117.2593,31.9376,合肥市,庐阳区,颗粒物(PM10),72,80,64,40,33,108,NA,162,150,47,47,7,7,0.8,0.7
2026-10-08T2100,1276A,117.345251,31.861615,合肥市,瑶海区,颗粒物(PM10),60,63,55,36,27,117,NA,156,145,32,35,6,5,0.7,0.6
2026-10-08T2100,1277A,117.3033,31.7967,合肥市,包河区,二氧化氮(NO2),87,88,62,36,29,3,NA,151,116,173,83,10,8,0.6,0.5
2026-10-08T2100,1278A,117.278,31.7392,合肥市,滨湖新区,颗粒物(PM10),51,51,46,26,24,136,NA,171,162,23,26,10,9,0.6,0.5
2026-10-08T2100,1279A,117.1324,31.8395,合肥市,高新区,颗粒物(PM10),58,61,47,32,23,133,NA,148,144,39,39,10,8,0.5,0.4
2026-10-08T2100,1282A,119.2681,26.0506,福州市,师大,,39,30,33,11,12,123,NA,127,127,10,8,5,6,0.4,0.5
2026-10-08T2100,1283A,119.2983,26.1028,福州市,五四北路,NA,NA,34,30,14,11,105,NA,121,117,NA,13,6,6,NA,0.4
2026-10-08T2100,1284A,119.2648,26.0769,福州市,杨桥西路,,35,35,33,12,11,105,NA,122,119,11,9,4,4,/,/
2026-10-08T2100,1287A,118.1519,24.4768,厦门市,洪文,,39,39,33,15,15,102,NA,116,114,13,10,4,3,0.4,0.4
2026-10-08T2100,1288A,118.0671,24.4447,厦门市,鼓浪屿,,38,38,33,14,14,106,NA,128,123,10,7,3,3,/,/
2026-10-08T2100,1291A,115.8887,28.7006,南昌市,省林业公司,细颗粒物(PM2.5),68,48,37,44,24,108,NA,160,150,11,15,8,9,0.5,0.5
2026-10-08T2100,1292A,115.813,28.7443,南昌市,林科所,NA,NA,NA,31,NA,22,NA,NA,157,148,29,18,9,10,0.8,0.8
2026-10-08T2100,1294A,115.8518,28.687,南昌市,建工学校,,45,42,48,31,25,122,NA,164,155,16,17,12,14,0.8,0.8
2026-10-08T2100,1295A,115.8926,28.6425,南昌市,象湖,,49,39,38,34,28,100,NA,138,130,16,18,10,12,0.8,0.9
2026-10-08T2100,1299A,116.9866,36.6118,济南市,科干所,颗粒物(PM10),60,63,58,32,30,163,NA,187,186,13,12,6,6,0.3,0.2
2026-10-08T2100,1300A,116.9379,36.6652,济南市,农科所,颗粒物(PM10),63,68,58,30,29,120,NA,180,170,33,21,9,10,0.5,0.4
2026-10-08T2100,1301A,117.1265,36.6736,济南市,开发区,颗粒物(PM10),60,63,54,24,25,141,NA,185,176,21,12,8,9,0.5,0.3
2026-10-08T2100,1303A,117.0616,36.6865,济南市,省种子仓库,颗粒物(PM10),72,80,67,34,31,91,NA,174,160,48,24,8,9,0.5,0.3
2026-10-08T2100,1304A,116.9495185,36.644937,济南市,机床二厂,颗粒物(PM10),73,81,62,34,33,135,NA,174,169,21,19,8,8,0.5,0.5
2026-10-08T2100,1305A,117.0496,36.6629,济南市,市监测站,NA,NA,NA,57,31,29,125,NA,188,171,34,18,6,7,0.5,0.4
2026-10-08T2100,1306A,116.7674,36.5458,济南市,长清党校,NA,NA,NA,67,NA,28,161,NA,185,182,16,17,8,10,0.3,0.3
2026-10-08T2100,1310A,120.404,36.0625,青岛市,市南区东部子站,,39,9,10,2,2,123,NA,134,134,7,8,7,7,0.4,0.4
2026-10-08T2100,1311A,120.362344,36.10282,青岛市,四方区子站,,39,12,14,6,3,123,NA,132,132,14,15,3,4,0.4,0.4
2026-10-08T2100,1312A,120.294373,36.054183,青岛市,市南区西部子站,,40,9,8,2,1,125,NA,126,126,9,12,6,6,0.4,0.4
2026-10-08T2100,1313A,120.4581,36.0858,青岛市,崂山区子站,,39,7,8,4,4,124,NA,131,131,4,8,9,9,0.3,0.4
2026-10-08T2100,1315A,120.3945,36.3083,青岛市,城阳区子站,,31,24,19,8,4,99,NA,121,117,22,17,4,5,0.4,0.3
2026-10-08T2100,1316A,113.6843,34.7622,郑州市,烟厂,颗粒物(PM10),53,53,65,32,30,118,NA,161,155,26,25,5,6,0.4,0.3
2026-10-08T2100,1318A,113.669,34.8034,郑州市,银行学校,NA,NA,59,59,50,34,100,NA,144,136,35,33,5,6,NA,0.4
2026-10-08T2100,1319A,113.5612,34.8143,郑州市,供水公司,颗粒物(PM10),53,54,57,26,27,129,NA,157,152,22,24,4,4,0.3,0.3
2026-10-08T2100,1320A,113.7269,34.7187,郑州市,经开区管委,颗粒物(PM10),62,66,61,32,34,95,NA,157,145,35,31,12,10,0.4,0.4
2026-10-08T2100,1321A,113.7332,34.7727,郑州市,四十七中,颗粒物(PM10),78,88,62,33,33,108,NA,154,146,34,33,6,6,0.4,0.4
2026-10-08T2100,1323A,113.6361,34.7537,郑州市,河医大,颗粒物(PM10),53,53,64,34,32,112,NA,144,140,26,26,9,10,0.9,0.7
2026-10-08T2100,1325A,114.3676,30.5584,武汉市,东湖梨园,细颗粒物(PM2.5),60,49,39,40,36,111,NA,151,145,26,30,10,11,0.8,0.8
2026-10-08T2100,1326A,114.2527,30.5578,武汉市,汉阳月湖,颗粒物(PM10),51,51,44,30,30,55,NA,133,116,63,36,5,6,0.5,0.5
2026-10-08T2100,1327A,114.2819,30.6189,武汉市,汉口花桥,细颗粒物(PM2.5),78,64,45,49,33,55,NA,151,133,50,35,9,10,0.9,0.7
2026-10-08T2100,1328A,114.3024,30.5332,武汉市,武昌紫阳,细颗粒物(PM2.5),78,58,51,49,33,36,NA,134,116,84,42,9,10,1.0,0.8
2026-10-08T2100,1329A,114.3646,30.6217,武汉市,青山钢花,细颗粒物(PM2.5),105,77,58,65,41,31,NA,150,122,92,47,9,11,1.1,1
2026-10-08T2100,1330A,114.156697,30.482592,武汉市,沌口新区,细颗粒物(PM2.5),66,48,46,43,33,40,NA,164,144,103,49,13,15,0.6,0.5
2026-10-08T2100,1331A,114.3013,30.5944,武汉市,汉口江滩,细颗粒物(PM2.5),58,49,55,39,33,117,NA,158,147,38,51,7,7,0.7,0.7
2026-10-08T2100,1333A,114.1285,30.6339,武汉市,吴家山,细颗粒物(PM2.5),66,49,50,43,38,56,NA,156,133,60,54,9,10,0.8,0.7
2026-10-08T2100,1335A,113.082,28.2421,长沙市,经开区环保局,颗粒物(PM10),76,86,44,34,24,135,NA,158,155,28,21,8,8,0.7,0.5
2026-10-08T2100,1336A,112.8873,28.2202,长沙市,高开区环保局,,48,48,54,25,33,143,NA,152,152,13,33,7,7,0.7,0.8
2026-10-08T2100,1337A,113.0785,28.2012,长沙市,马坡岭,细颗粒物(PM2.5),64,58,52,42,29,130,NA,165,158,29,28,10,8,0.6,0.4
2026-10-08T2100,1338A,112.9448,28.1894,长沙市,湖南师范大学,,45,45,47,28,26,140,NA,162,159,16,22,7,6,0.7,0.6
2026-10-08T2100,1339A,113.0177,28.1322,长沙市,雨花区环保局,颗粒物(PM10),55,56,48,34,26,123,NA,160,155,30,35,10,9,0.7,0.6
2026-10-08T2100,1340A,112.9795,28.2593,长沙市,伍家岭,颗粒物(PM10),60,64,55,35,30,102,NA,158,151,31,25,6,6,0.5,0.4
2026-10-08T2100,1341A,113.002,28.1944,长沙市,火车新站,,46,45,51,27,27,145,NA,160,158,20,33,5,7,0.7,0.8
2026-10-08T2100,1342A,112.9846,28.1177,长沙市,天心区环保局,颗粒物(PM10),55,56,48,34,28,120,NA,167,162,34,32,7,6,0.9,0.9
2026-10-08T2100,1343A,112.8906,28.1307,长沙市,湖南中医药大学,细颗粒物(PM2.5),74,60,49,47,27,60,NA,157,140,55,32,9,9,0.9,0.9
2026-10-08T2100,1345A,113.2346,23.1423,广州市,广雅中学,,45,45,45,28,25,80,NA,128,122,36,40,5,7,0.6,0.5
2026-10-08T2100,1346A,113.2611,23.105,广州市,市五中,,36,36,33,24,22,104,NA,145,140,22,21,6,6,/,/
2026-10-08T2100,1348A,113.3477,23.0916,广州市,广东商学院,,43,43,33,24,19,69,NA,128,116,26,23,6,7,0.4,0.3
2026-10-08T2100,1349A,113.4332,23.105,广州市,市八十六中,,33,33,28,22,20,51,NA,119,106,53,38,7,8,/,/
2026-10-08T2100,1350A,113.3506,22.9488,广州市,番禺中学,,46,46,46,32,27,76,NA,152,138,27,27,6,7,0.5,0.5
2026-10-08T2100,1351A,113.2147,23.3918,广州市,花都师范,颗粒物(PM10),55,57,43,36,25,89,NA,127,117,19,15,7,7,0.9,0.8
2026-10-08T2100,1352A,113.2599,23.1329,广州市,市监测站,颗粒物(PM10),54,55,40,30,22,73,NA,134,126,34,26,1,2,/,/
2026-10-08T2100,1353A,113.5618,23.3119,广州市,九龙镇镇龙,细颗粒物(PM2.5),74,66,46,47,28,28,NA,102,86,32,22,8,8,0.7,0.6
2026-10-08T2100,1354A,113.2764,23.1544,广州市,麓湖,,35,34,30,24,20,72,NA,123,114,28,33,6,7,0.8,0.7
2026-10-08T2100,1356A,114.0948,22.5506,深圳市,通心岭子站,,41,36,41,19,23,130,NA,161,154,7,9,4,4,0.8,0.8
2026-10-08T2100,1357A,114.1153,22.5713,深圳市,洪湖,,41,40,46,17,24,130,NA,157,151,13,26,2,2,0.7,0.8
2026-10-08T2100,1358A,113.9823,22.5398,深圳市,华侨城,NA,NA,35,44,18,26,NA,NA,169,NA,12,19,/,/,/,/
2026-10-08T2100,1359A,113.9181,22.517,深圳市,南海子站,细颗粒物(PM2.5),52,40,45,36,28,134,NA,176,168,14,16,1,2,0.6,0.7
2026-10-08T2100,1360A,114.2345,22.565,深圳市,盐田,,38,38,39,18,21,112,NA,144,136,8,10,7,8,0.8,0.8
2026-10-08T2100,1363A,114.4911,22.5381,深圳市,南澳,,38,38,35,20,18,97,NA,142,126,6,4,/,/,/,/
2026-10-08T2100,1364A,114.41,22.6346,深圳市,葵涌,,35,35,39,22,23,100,NA,149,138,11,9,8,8,0.6,0.9
2026-10-08T2100,1365A,114.2967,22.5978,深圳市,梅沙,,37,36,38,16,18,117,NA,151,137,10,10,/,/,/,/
2026-10-08T2100,1366A,114.0563,22.7353,深圳市,观澜,颗粒物(PM10),55,56,56,26,29,89,NA,155,138,44,24,5,5,0.8,0.7
2026-10-08T2100,1367A,113.5811,22.2618,珠海市,吉大,,40,32,39,20,26,128,NA,210,200,16,13,10,10,0.6,0.6
2026-10-08T2100,1368A,113.4893,22.2323,珠海市,前山,,40,40,47,20,26,128,NA,180,177,21,22,/,/,/,/
2026-10-08T2100,1369A,113.6284,22.4252,珠海市,唐家,,36,36,41,22,29,105,NA,203,192,25,14,/,/,/,/
2026-10-08T2100,1370A,113.2986,22.2284,珠海市,斗门,,42,NA,45,17,33,132,NA,192,187,18,23,10,10,0.6,0.7
2026-10-08T2100,1371A,113.1293,23.0065,佛山市,湾梁,,45,41,35,31,26,78,NA,142,134,29,25,/,/,/,/
2026-10-08T2100,1372A,113.1082,23.0477,佛山市,华材职中,,46,41,40,32,28,94,NA,156,151,23,33,3,3,0.8,0.7
2026-10-08T2100,1373A,113.1439,23.045,佛山市,南海气象局,,50,50,40,31,27,101,NA,145,142,23,29,/,/,/,/
2026-10-08T2100,1374A,113.2879,22.8094,佛山市,顺德苏岗,细颗粒物(PM2.5),62,51,44,41,30,60,NA,183,166,64,28,/,/,0.6,0.5
2026-10-08T2100,1376A,112.8384,22.8678,佛山市,高明孔堂,,49,48,55,34,34,116,NA,163,160,18,31,/,/,/,/
2026-10-08T2100,1377A,112.8835,23.1584,佛山市,三水监测站,细颗粒物(PM2.5),60,51,47,40,32,80,NA,137,124,26,24,5,7,0.5,0.5
2026-10-08T2100,1378A,112.8668,23.185,佛山市,三水云东海,,40,40,40,28,28,87,NA,134,122,12,22,/,/,/,/
2026-10-08T2100,1379A,113.377,22.5211,中山市,华柏园,颗粒物(PM10),57,59,53,38,33,132,NA,189,183,29,25,/,/,/,/
2026-10-08T2100,1380A,113.3879,22.5499,中山市,张溪,颗粒物(PM10),66,72,58,34,33,135,NA,197,192,35,27,/,/,/,/
2026-10-08T2100,1381A,113.4071,22.5111,中山市,紫马岭,细颗粒物(PM2.5),64,57,48,42,34,138,NA,200,194,29,23,10,10,1.0,0.9
2026-10-08T2100,1383A,113.1063,22.6058,江门市,北街,细颗粒物(PM2.5),78,68,53,49,35,131,NA,187,183,39,34,/,/,/,/
2026-10-08T2100,1384A,113.073,22.5835,江门市,西区,细颗粒物(PM2.5),76,69,60,48,36,118,NA,188,183,42,41,/,/,/,/
2026-10-08T2100,1385A,113.0218,22.531,江门市,圭峰西,颗粒物(PM10),53,54,54,34,34,154,NA,179,179,20,29,/,/,/,/
2026-10-08T2100,1390A,113.7943,23.0132,东莞市,东城石井,,44,44,33,30,27,74,NA,129,114,12,14,9,11,0.7,0.7
2026-10-08T2100,1391A,113.7384,22.9659,东莞市,南城西平,,50,50,49,29,30,69,NA,145,124,36,34,12,13,0.9,0.8
2026-10-08T2100,1392A,114.4181,23.0528,惠州市,河南岸金山湖子站,NA,NA,NA,43,NA,28,72,NA,124,112,31,20,10,12,0.7,0.7
2026-10-08T2100,1393A,114.4055,23.0824,惠州市,下埔横江三路子站,颗粒物(PM10),55,56,45,35,27,84,NA,118,109,17,12,11,11,0.6,0.5
2026-10-08T2100,1395A,114.4645,22.7832,惠州市,惠阳区承修路船湖子站,,41,34,56,15,30,130,NA,158,153,7,20,4,5,0.7,0.8
2026-10-08T2100,1396A,114.5316,22.7423,惠州市,大亚湾管委会子站,,35,33,43,14,22,112,NA,140,135,10,16,5,5,0.6,0.7
2026-10-08T2100,1397A,112.426,23.062,肇庆市,睦岗子站,颗粒物(PM10),63,67,40,34,23,100,NA,159,153,39,34,11,9,/,/
2026-10-08T2100,1398A,112.4645,23.0476,肇庆市,城中子站,颗粒物(PM10),56,58,40,34,24,120,NA,155,152,25,32,18,13,0.8,0.7
2026-10-08T2100,1399A,112.5545,23.1525,肇庆市,坑口子站,,40,38,34,22,21,126,NA,178,170,19,16,7,8,0.3,0.4
2026-10-08T2100,1401A,108.3098,22.788,南宁市,二十一中,,36,33,38,20,24,114,NA,137,129,15,23,6,12,0.8,0.8
2026-10-08T2100,1402A,108.3135,22.8529,南宁市,北湖,,39,39,49,27,31,101,NA,136,128,20,25,8,10,0.6,0.7
2026-10-08T2100,1403A,108.3205,22.8222,南宁市,市监测站,,35,29,37,20,22,112,NA,139,132,20,20,10,14,0.8,0.8
2026-10-08T2100,1404A,108.3828,22.8038,南宁市,大自然花园,,33,31,30,22,18,103,NA,138,129,18,10,6,8,0.6,0.5
2026-10-08T2100,1406A,108.2397,22.8462,南宁市,区农职院,,49,45,40,34,25,82,NA,150,139,32,15,10,14,0.7,0.7
2026-10-08T2100,1407A,108.3285,22.7356,南宁市,英华嘉园,NA,NA,52,45,35,25,NA,NA,136,132,21,23,6,10,0.7,0.5
2026-10-08T2100,1410A,110.3189,20.0596,海口市,海南大学,NA,NA,NA,33,NA,18,NA,NA,149,131,4,7,3,7,0.5,0.4
2026-10-08T2100,1411A,110.2827,20.0051,海口市,秀英海南医院,,42,37,34,16,18,134,NA,148,133,4,5,4,4,0.2,0.3
2026-10-08T2100,1412A,110.3391,19.9979,海口市,海南师范大学,,42,34,33,16,19,132,NA,142,128,4,5,4,4,0.4,0.5
2026-10-08T2100,1413A,110.3303,20.0359,海口市,龙华路环保局宿舍,NA,NA,35,35,17,18,NA,NA,148,130,4,5,/,/,0.4,0.4
2026-10-08T2100,1416A,106.4216,29.8256,重庆市,天生,细颗粒物(PM2.5),72,70,44,46,28,43,NA,98,89,30,21,9,10,0.8,0.7
2026-10-08T2100,1417A,106.6264,29.7226,重庆市,两路,颗粒物(PM10),68,74,54,37,26,62,NA,88,86,20,18,13,8,0.7,0.7
2026-10-08T2100,1419A,106.5778,29.5103,重庆市,南坪,颗粒物(PM10),53,54,56,28,28,78,NA,103,103,20,20,7,11,0.7,0.7
2026-10-08T2100,1420A,106.6556,29.6277,重庆市,唐家沱,细颗粒物(PM2.5),56,50,42,38,28,44,NA,99,92,32,21,9,9,0.8,0.8
2026-10-08T2100,1431A,103.9727,30.7242,成都市,金泉两河,NA,NA,NA,76,NA,56,NA,NA,105,NA,NA,16,NA,3,NA,0.5
2026-10-08T2100,1432A,104.1423,30.6765,成都市,十里店,颗粒物(PM10),82,94,98,44,64,84,NA,110,110,20,22,7,9,0.8,0.8
2026-10-08T2100,1433A,104.0594,30.5765,成都市,三瓦窑,颗粒物(PM10),65,70,87,39,62,65,NA,112,108,43,33,8,10,0.6,0.6
2026-10-08T2100,1434A,104.1122,30.6306,成都市,沙河铺,细颗粒物(PM2.5),82,77,100,51,62,62,NA,90,87,33,27,9,9,0.8,0.7
2026-10-08T2100,1439A,106.6863,26.6035,贵阳市,马鞍山,,26,24,22,18,14,61,NA,111,97,12,10,2,4,/,/
2026-10-08T2100,1441A,106.6241,26.6266,贵阳市,鉴湖路,,46,46,39,15,14,79,NA,110,104,20,15,8,10,0.6,0.6
2026-10-08T2100,1442A,106.7468,26.6344,贵阳市,燕子冲,,27,27,34,12,15,65,NA,111,102,15,13,6,6,0.6,0.6
2026-10-08T2100,1443A,106.6556,26.4362,贵阳市,碧云窝,,48,48,40,23,15,78,NA,108,103,14,11,7,7,/,/
2026-10-08T2100,1445A,106.6963,26.6063,贵阳市,红边门,颗粒物(PM10),58,61,31,35,16,32,NA,103,89,50,20,6,5,/,/
2026-10-08T2100,1446A,106.7162383,26.56964667,贵阳市,新华路,,36,36,37,17,14,71,NA,103,96,21,20,6,8,0.6,0.6
2026-10-08T2100,1447A,106.6742,26.542,贵阳市,太慈桥,,34,34,30,10,15,51,NA,105,96,31,15,5,5,/,/
2026-10-08T2100,1450A,102.8203,24.889,昆明市,呈贡新区,NA,NA,40,29,NA,21,74,NA,108,103,22,22,3,3,0.9,1
2026-10-08T2100,1452A,102.7253,25.0904,昆明市,龙泉镇,颗粒物(PM10),52,52,37,28,29,41,NA,98,89,41,25,3,3,0.8,0.8
2026-10-08T2100,1453A,102.7267,25.0378,昆明市,东风东路,,29,22,38,20,26,71,NA,103,99,21,28,7,7,0.7,0.8
2026-10-08T2100,1454A,102.6744,25.0671,昆明市,金鼎山,,33,33,45,22,28,71,NA,100,96,21,26,5,5,0.4,0.6
2026-10-08T2100,1455A,102.6643,25.0401,昆明市,碧鸡广场,,36,36,38,19,26,52,NA,92,86,29,27,8,8,0.6,0.7
2026-10-08T2100,1456A,91.132,29.6515,拉萨市,八廓街,,39,39,16,11,7,89,NA,99,99,12,14,8,10,0.2,0.2
2026-10-08T2100,1457A,91.1221,29.6748,拉萨市,市环保局,,29,15,16,6,6,92,NA,94,94,9,15,9,10,0.2,0.3
2026-10-08T2100,1458A,91.0874,29.6476,拉萨市,区监测站,,27,19,13,14,7,85,NA,96,95,14,19,7,8,0.2,0.3
2026-10-08T2100,1459A,91.1774,29.6541,拉萨市,西藏大学,,38,38,14,12,7,95,NA,100,100,7,14,8,10,0.2,0.2
2026-10-08T2100,1460A,90.9798,29.6586,拉萨市,区辐射站,,43,43,31,16,11,82,NA,85,85,11,30,7,10,0.2,0.3
2026-10-08T2100,1461A,91.0831,29.6292,拉萨市,拉萨火车站,,38,38,15,12,8,86,NA,94,94,10,18,6,7,0.3,0.3
2026-10-08T2100,1463A,108.9931,34.2629,西安市,兴庆小区,颗粒物(PM10),73,82,64,43,41,69,NA,170,160,62,28,5,5,1.0,0.6
2026-10-08T2100,1464A,109.0595,34.2569,西安市,纺织城,细颗粒物(PM2.5),103,102,69,63,45,67,NA,137,128,46,30,4,4,0.9,0.6
2026-10-08T2100,1465A,108.9377,34.2178,西安市,小寨,细颗粒物(PM2.5),86,93,80,53,50,53,NA,172,159,65,36,3,4,1.3,0.8
2026-10-08T2100,1466A,108.9522,34.2739,西安市,市人民体育场,颗粒物(PM10),79,90,79,34,49,4,NA,183,156,130,47,4,6,1.4,0.9
2026-10-08T2100,1467A,108.8923,34.2322,西安市,高新西区,颗粒物(PM10),70,77,74,43,46,65,NA,138,130,46,28,6,7,1.1,0.8
2026-10-08T2100,1468A,108.9386,34.3446,西安市,经开区,颗粒物(PM10),79,90,76,40,42,54,NA,143,128,68,34,4,6,1.0,0.7
2026-10-08T2100,1469A,108.894,34.1557,西安市,长安区,颗粒物(PM10),76,86,76,47,45,63,NA,144,135,44,33,2,3,0.7,0.6
2026-10-08T2100,1471A,109.213,34.3748,西安市,临潼区,细颗粒物(PM2.5),66,65,97,43,68,87,NA,146,139,25,28,5,7,1.0,0.8
2026-10-08T2100,1474A,109.0508,34.321,西安市,广运潭,细颗粒物(PM2.5),100,106,66,60,38,64,NA,137,130,55,23,7,8,1.0,0.7
2026-10-08T2100,1479A,103.8309,36.0467,兰州市,铁路设计院,颗粒物(PM10),95,112,60,41,28,6,NA,107,88,108,29,5,5,0.9,0.6
2026-10-08T2100,1489A,106.1361,38.5039,银川市,学院路,颗粒物(PM10),107,136,72,49,25,59,NA,118,114,60,26,6,7,0.6,0.5
2026-10-08T2100,1490A,87.5796,43.8299,乌鲁木齐市,监测站,NA,NA,43,57,13,17,NA,NA,69,69,34,31,3,3,0.4,0.5
2026-10-08T2100,1491A,87.6044,43.7679,乌鲁木齐市,收费所,,44,44,67,15,20,38,NA,69,65,38,32,2,2,0.5,0.5
2026-10-08T2100,1493A,87.5529,43.8704,乌鲁木齐市,铁路局,,47,47,58,22,21,57,NA,73,73,24,30,8,7,0.2,0.4
2026-10-08T2100,1494A,87.6408,43.8258,乌鲁木齐市,三十一中学,,43,43,63,11,20,59,NA,66,66,25,28,9,9,0.5,0.6
2026-10-08T2100,1496A,87.7218,44.1747,乌鲁木齐市,米东区环保局,NA,NA,NA,45,NA,13,NA,NA,85,85,NA,10,9,10,0.3,0.3
2026-10-08T2100,1508A,112.9508,27.8626,湘潭市,板塘,颗粒物(PM10),51,51,45,27,25,86,NA,162,149,44,36,6,7,0.6,0.4
2026-10-08T2100,1511A,112.9114,27.8404,湘潭市,市监测站,颗粒物(PM10),51,51,42,28,31,97,NA,140,133,31,30,4,5,0.8,0.8
2026-10-08T2100,1512A,112.8935,27.8729,湘潭市,江麓,颗粒物(PM10),53,54,52,30,29,126,NA,149,145,26,26,8,8,0.3,0.4
2026-10-08T2100,1513A,112.9227,27.8159,湘潭市,岳塘,颗粒物(PM10),82,94,57,42,32,58,NA,159,140,44,25,11,10,0.8,0.5
2026-10-08T2100,1514A,112.9073,27.9118,湘潭市,科大,颗粒物(PM10),55,57,53,29,32,121,NA,150,145,26,28,6,7,0.8,0.8
2026-10-08T2100,1515A,113.1265,27.8306,株洲市,天台山庄,细颗粒物(PM2.5),68,73,49,44,31,39,NA,149,130,66,28,4,6,1.3,0.6
2026-10-08T2100,1518A,113.0937,27.8919,株洲市,株冶医院,颗粒物(PM10),52,52,41,35,25,80,NA,145,131,28,24,5,7,0.5,0.4
2026-10-08T2100,1519A,113.1709,27.8661,株洲市,市四中,细颗粒物(PM2.5),90,78,45,55,26,15,NA,125,99,74,31,7,7,1.0,0.8
2026-10-08T2100,1520A,113.1515,27.8265,株洲市,火车站,细颗粒物(PM2.5),88,84,54,54,34,17,NA,145,112,66,31,12,12,1.7,0.8
2026-10-08T2100,1524A,113.1329,27.8491,株洲市,市监测站,"颗粒物(PM10),细颗粒物(PM2.5)",58,61,47,39,31,58,NA,152,136,55,34,8,10,0.7,0.5
2026-10-08T2100,1562A,113.0048,27.9153,湘潭市,昭山,细颗粒物(PM2.5),68,53,38,44,23,13,NA,139,104,62,29,8,10,0.6,0.4
2026-10-08T2100,1585A,109.8761,40.6533,包头市,市环境监测站,细颗粒物(PM2.5),88,88,64,54,29,89,NA,134,127,55,40,11,12,0.9,0.8
2026-10-08T2100,1587A,109.9992,40.5843,包头市,包头八中,细颗粒物(PM2.5),102,101,74,62,34,51,NA,137,127,92,41,13,12,0.9,0.6
2026-10-08T2100,1589A,109.8641,40.6288,包头市,惠龙物流,细颗粒物(PM2.5),96,88,58,58,31,93,NA,134,129,53,38,11,13,0.9,0.8
2026-10-08T2100,1590A,110.0376,40.5546,包头市,东河鸿龙湾,细颗粒物(PM2.5),102,114,72,62,41,60,NA,141,129,85,44,12,11,0.7,0.6
2026-10-08T2100,1591A,110.0024,39.8127,鄂尔多斯市,综合楼,颗粒物(PM10),60,63,49,24,17,104,NA,117,116,23,20,10,11,0.5,0.5
2026-10-08T2100,1592A,109.9485,39.8259,鄂尔多斯市,巴音孟克林场办事处,NA,NA,53,42,NA,NA,113,NA,120,120,20,16,6,7,0.5,0.5
2026-10-08T2100,1593A,109.7734,39.5987,鄂尔多斯市,康泽苑,,36,36,35,13,14,99,NA,120,116,24,16,7,5,0.4,0.4
2026-10-08T2100,1594A,109.8121,39.5987,鄂尔多斯市,华泰汽车城,,41,41,39,14,16,95,NA,119,116,30,25,6,6,0.5,0.5
2026-10-08T2100,1595A,109.9734,39.7884,鄂尔多斯市,奥林花园,颗粒物(PM10),55,56,49,20,17,91,NA,116,112,31,23,6,7,0.3,0.3
2026-10-08T2100,1597A,122.2704,40.7093,营口市,大庆路,颗粒物(PM10),61,65,41,30,16,114,NA,147,142,24,18,10,9,0.8,0.7
2026-10-08T2100,1598A,122.215,40.6511,营口市,镜湖西路,颗粒物(PM10),75,85,48,37,18,129,NA,167,163,28,20,6,5,0.5,0.5
2026-10-08T2100,1599A,122.1667,40.665,营口市,西炮台,颗粒物(PM10),67,73,43,30,17,128,NA,152,152,19,15,6,6,0.5,0.5
2026-10-08T2100,1600A,124.33,40.0625,丹东市,江湾东路,颗粒物(PM10),53,54,43,29,19,74,NA,118,108,9,16,8,10,0.8,0.8
2026-10-08T2100,1601A,124.4242,40.1513,丹东市,临江后街,,42,42,27,27,14,87,NA,113,108,10,10,6,5,1.1,0.7
2026-10-08T2100,1602A,124.3935,40.1461,丹东市,元宝山,,40,40,28,24,15,94,NA,118,114,12,9,10,9,1.0,0.7
2026-10-08T2100,1603A,124.3634,40.1093,丹东市,民主桥,,50,50,39,34,19,50,NA,102,93,29,17,7,7,0.5,0.3
2026-10-08T2100,1604A,122.0303,41.1489,盘锦市,开发区,,50,38,31,35,18,140,NA,161,160,12,10,7,7,0.6,0.5
2026-10-08T2100,1605A,122.0486,41.0883,盘锦市,兴隆台,细颗粒物(PM2.5),58,51,40,39,16,142,NA,169,168,23,14,7,7,0.7,0.6
2026-10-08T2100,1606A,121.8297,41.1026,盘锦市,新生街道,,50,33,36,23,16,157,NA,176,176,12,11,4,4,0.7,0.6
2026-10-08T2100,1607A,120.904878,40.721091,葫芦岛市,龙港区,臭氧1小时(O3_1h),101,47,47,47,33,202,NA,217,217,10,13,10,12,0.6,0.5
2026-10-08T2100,1608A,120.8382,40.7521,葫芦岛市,化工街,细颗粒物(PM2.5),78,85,73,49,29,165,NA,186,186,22,29,7,10,0.6,0.5
2026-10-08T2100,1609A,120.8339,40.7078,葫芦岛市,新区,臭氧1小时(O3_1h),89,59,49,49,28,191,NA,204,204,11,17,8,10,0.7,0.8
2026-10-08T2100,1610A,120.8697,40.7679,葫芦岛市,东城区,细颗粒物(PM2.5),78,64,56,49,34,177,NA,197,197,23,32,8,10,0.9,0.9
2026-10-08T2100,1611A,118.5818,24.9116,泉州市,涂山街,,38,34,31,14,16,120,NA,126,125,9,9,5,4,0.4,0.4
2026-10-08T2100,1612A,118.597,24.8976,泉州市,津头埔,,35,34,33,13,14,112,NA,122,120,11,10,7,4,0.6,0.5
2026-10-08T2100,1613A,118.6669,24.9422,泉州市,万安,,37,34,34,12,13,117,NA,125,123,9,8,8,6,0.8,0.7
2026-10-08T2100,1618A,118.3429,35.0532,临沂市,沂河小区,,39,39,54,8,24,88,NA,143,130,15,19,5,6,0.5,0.5
2026-10-08T2100,1619A,118.2962,35.0568,临沂市,鲁南制药厂,,31,29,46,6,19,98,NA,154,140,18,20,6,7,0.4,0.5
2026-10-08T2100,1620A,118.2793,34.9976,临沂市,新光毛纺厂,,44,44,45,20,26,90,NA,155,138,20,25,6,6,0.4,0.4
2026-10-08T2100,1621A,118.3955,35.0889,临沂市,河东保险公司,,41,41,49,16,24,86,NA,152,135,22,26,4,7,0.4,0.5
2026-10-08T2100,1622A,116.3034,37.4675,德州市,儿童乐园,颗粒物(PM10),86,100,107,38,46,154,NA,174,174,20,19,12,14,0.4,0.4
2026-10-08T2100,1624A,116.2992,37.4449,德州市,监理站,颗粒物(PM10),84,97,106,36,49,164,NA,181,181,17,19,11,13,0.7,0.7
2026-10-08T2100,1625A,115.9789,36.4372,聊城市,区政府,颗粒物(PM10),79,90,85,36,40,147,NA,175,170,15,16,10,11,0.3,0.3
2026-10-08T2100,1629A,117.9961,37.3604,滨州市,第二水厂,颗粒物(PM10),93,110,110,47,62,88,NA,189,171,48,44,14,16,0.6,0.7
2026-10-08T2100,1630A,117.9789,37.3931,滨州市,北中新校,颗粒物(PM10),75,85,88,36,53,36,NA,186,142,97,51,9,14,0.9,0.8
2026-10-08T2100,1631A,118.0413,36.8101,淄博市,人民公园,颗粒物(PM10),67,73,68,38,34,93,NA,157,142,31,22,14,11,0.5,0.5
2026-10-08T2100,1633A,117.8524,36.4848,淄博市,双山,颗粒物(PM10),67,73,58,31,31,114,NA,165,151,37,27,11,13,0.2,0.4
2026-10-08T2100,1634A,117.9595,36.6332,淄博市,气象站,,41,41,51,25,29,125,NA,171,161,16,16,11,11,0.7,0.7
2026-10-08T2100,1637A,117.5628,34.8379,枣庄市,市中区政府,颗粒物(PM10),51,51,69,18,32,114,NA,173,166,23,24,8,20,0.5,0.6
2026-10-08T2100,1638A,117.2855,34.7838,枣庄市,薛城环保局,颗粒物(PM10),74,83,76,31,36,146,NA,171,168,28,25,6,7,0.3,0.4
2026-10-08T2100,1639A,117.5854,34.7744,枣庄市,峄城区政府,颗粒物(PM10),65,70,74,32,33,110,NA,178,169,21,20,13,13,0.2,0.3
2026-10-08T2100,1641A,117.4516,35.0992,枣庄市,山亭区环保局,颗粒物(PM10),62,66,49,31,24,147,NA,171,168,14,9,12,11,0.7,0.6
2026-10-08T2100,1642A,121.2517,37.564,烟台市,开发区,,34,34,30,8,7,91,NA,133,120,20,17,5,6,0.5,0.4
2026-10-08T2100,1644A,121.3181,37.5436,烟台市,西郊化工站,NA,NA,22,21,6,6,NA,NA,134,128,7,7,3,4,0.5,0.5
2026-10-08T2100,1645A,121.4419,37.4858,烟台市,莱山环保局,,36,19,23,5,5,113,NA,129,123,11,12,2,3,0.3,0.3
2026-10-08T2100,1646A,121.2619,37.4965,烟台市,福山环保局,,27,27,34,8,11,85,NA,134,121,20,22,1,2,0.4,0.5
2026-10-08T2100,1650A,119.1436,36.7022,潍坊市,环保局,,34,34,42,6,14,94,NA,157,143,17,19,6,8,0.3,0.5
2026-10-08T2100,1653A,116.6229,35.4288,济宁市,火炬城,颗粒物(PM10),60,63,62,30,33,155,NA,161,161,13,17,4,6,0.4,0.4
2026-10-08T2100,1656A,117.1436,36.1938,泰安市,监测站,颗粒物(PM10),67,73,72,27,35,137,NA,180,173,20,23,10,13,0.7,0.8
2026-10-08T2100,1657A,117.0905,36.2002,泰安市,人口学校,颗粒物(PM10),70,78,71,34,30,136,NA,167,163,19,19,14,15,1.0,1
2026-10-08T2100,1658A,117.0992,36.1757,泰安市,电力学校,颗粒物(PM10),80,92,76,41,37,124,NA,173,165,28,32,9,10,0.5,0.5
2026-10-08T2100,1659A,119.4711,35.421,日照市,监测站,,22,19,20,5,11,70,NA,113,106,22,35,8,10,0.4,0.5
2026-10-08T2100,1660A,119.523,35.4216,日照市,市政府广场,,35,17,20,1,7,111,NA,122,120,7,29,5,6,0.4,0.3
2026-10-08T2100,1661A,119.5511,35.4113,日照市,港务局,,38,7,20,0,7,119,NA,127,125,2,27,5,6,0.4,0.5
2026-10-08T2100,1662A,122.121,37.4231,威海市,华夏技校,,31,9,10,9,5,98,NA,119,111,18,8,/,/,0.4,0.4
2026-10-08T2100,1663A,122.0508,37.5236,威海市,山大分校,,39,7,14,5,6,122,NA,127,126,7,9,/,/,/,/
2026-10-08T2100,1664A,122.1067,37.5067,威海市,市监测站,,33,10,14,4,5,105,NA,118,112,5,6,7,8,0.3,0.4
2026-10-08T2100,1666A,118.6612,37.4313,东营市,市环保局,颗粒物(PM10),62,66,59,20,24,111,NA,180,168,21,23,9,11,0.5,0.5
2026-10-08T2100,1669A,113.5821,24.7733,韶关市,市八中,,48,48,46,31,29,51,NA,118,100,32,20,11,16,0.5,0.4
2026-10-08T2100,1671A,113.5916,24.7973,韶关市,园林处,细颗粒物(PM2.5),60,62,38,40,27,56,NA,112,99,29,23,12,20,/,/
2026-10-08T2100,1673A,113.5971,24.6864,韶关市,曲江监测站,颗粒物(PM10),53,54,43,26,27,66,NA,122,106,23,19,12,17,0.5,0.3
2026-10-08T2100,1674A,116.6795,23.3666,汕头市,金平子站,,37,33,32,12,15,118,NA,126,126,9,11,4,5,0.5,0.5
2026-10-08T2100,1675A,116.7248,23.3632,汕头市,龙湖子站,,47,47,43,12,15,120,NA,124,124,5,6,6,6,/,/
2026-10-08T2100,1676A,116.7257,23.2774,汕头市,濠江子站,,39,14,32,13,14,122,NA,126,121,6,8,7,7,/,/
2026-10-08T2100,1677A,116.7518,23.4712,汕头市,澄海子站,,35,25,37,16,16,110,NA,125,125,10,8,7,6,0.7,0.7
2026-10-08T2100,1678A,116.6088,23.2539,汕头市,潮阳子站,,37,26,28,13,15,117,NA,125,118,2,3,7,8,0.6,0.6
2026-10-08T2100,1680A,110.3648,21.2697,湛江市,湛江影剧院,,48,48,45,33,27,147,NA,154,153,10,11,6,13,0.7,0.7
2026-10-08T2100,1681A,110.3907,21.2279,湛江市,市环境监测站,细颗粒物(PM2.5),52,39,39,36,25,144,NA,152,152,9,9,6,10,0.5,0.4
2026-10-08T2100,1682A,110.3936,21.1943,湛江市,环保局宿舍,,50,43,44,35,26,151,NA,162,161,13,14,7,11,/,/
2026-10-08T2100,1683A,110.4138,21.2033,湛江市,霞山游泳场,颗粒物(PM10),55,57,48,36,27,133,NA,143,142,15,14,5,11,/,/
2026-10-08T2100,1685A,110.4512,21.239,湛江市,坡头区环保局,细颗粒物(PM2.5),58,39,44,39,28,140,NA,152,150,10,12,7,13,0.5,0.5
2026-10-08T2100,1686A,111.0285,21.469,茂名市,电白南海,颗粒物(PM10),60,63,55,36,28,113,NA,140,134,18,13,5,10,0.5,0.4
2026-10-08T2100,1687A,110.9294,21.6533,茂名市,茂石化七小,细颗粒物(PM2.5),56,46,42,38,26,102,NA,122,118,13,12,5,12,0.6,0.6
2026-10-08T2100,1688A,110.9108,21.6688,茂名市,健康路,,50,41,37,35,26,119,NA,134,131,13,13,7,11,0.5,0.5
2026-10-08T2100,1689A,110.8592,21.6826,茂名市,高岭,颗粒物(PM10),55,56,51,35,26,120,NA,127,126,13,13,13,13,/,/
2026-10-08T2100,1690A,116.1248,24.3307,梅州市,梅江月梅,,46,43,32,32,20,46,NA,120,102,26,13,/,/,/,/
2026-10-08T2100,1691A,116.0798,24.2719,梅州市,梅县新城,NA,NA,84,38,45,22,NA,NA,125,109,35,16,10,11,0.9,0.8
2026-10-08T2100,1693A,115.3653,22.7751,汕尾市,市环保局,,33,15,38,10,20,103,NA,129,120,13,15,7,7,0.4,0.4
2026-10-08T2100,1695A,115.362,22.7926,汕尾市,新城中学,,32,26,37,9,20,100,NA,126,119,6,8,8,8,0.3,0.4
2026-10-08T2100,1697A,114.6962,23.7538,河源市,东埔,,45,44,34,31,25,57,NA,113,98,27,16,6,8,0.7,0.7
2026-10-08T2100,1698A,114.6895,23.7232,河源市,老城,,42,42,36,29,20,60,NA,108,97,20,17,7,8,0.6,0.6
2026-10-08T2100,1701A,111.9491,21.8658,阳江市,马南垌,臭氧1小时(O3_1h),65,61,51,39,35,172,NA,163,163,14,16,7,7,0.7,0.7
2026-10-08T2100,1703A,113.0218,23.7086,清远市,凤城街办,,36,36,32,23,20,91,NA,127,118,11,10,/,/,/,/
2026-10-08T2100,1708A,116.3701,23.5345,揭阳市,新兴,,46,46,42,16,20,108,NA,119,114,16,14,9,10,0.5,0.7
2026-10-08T2100,1709A,116.3261,23.5442,揭阳市,西马,,42,42,43,14,19,112,NA,129,123,11,11,8,8,0.6,0.6
2026-10-08T2100,1710A,116.361,23.5627,揭阳市,东兴,,36,36,42,16,21,110,NA,124,119,15,15,7,9,/,/
2026-10-08T2100,1711A,116.4151,23.5295,揭阳市,渔湖,,42,42,38,17,21,100,NA,112,108,13,14,8,10,/,/
2026-10-08T2100,1714A,112.0281,22.9738,云浮市,牧羊,,45,45,40,31,24,121,NA,147,145,15,25,54,41,0.8,0.7
2026-10-08T2100,1715A,102.575,24.371,玉溪市,东风水库,,30,30,23,8,13,67,NA,92,86,9,9,5,5,0.4,0.6
2026-10-08T2100,1723A,113.2926,40.0759,大同市,云冈宾馆,颗粒物(PM10),84,97,74,51,26,26,NA,134,109,98,46,12,13,2.1,0.9
2026-10-08T2100,1724A,113.3437,40.0921,大同市,大同大学,颗粒物(PM10),60,64,69,30,22,85,NA,144,131,33,30,15,13,0.7,0.6
2026-10-08T2100,1725A,113.2637,40.129,大同市,安家小村,颗粒物(PM10),58,60,66,22,23,97,NA,135,128,26,27,7,13,0.5,0.5
2026-10-08T2100,1727A,113.1146,36.1547,长治市,清华站,,48,48,41,21,21,132,NA,146,142,11,15,12,11,0.4,0.5
2026-10-08T2100,1730A,113.0887,36.2126,长治市,审计局,,45,39,41,24,22,142,NA,146,145,13,23,13,13,0.5,0.6
2026-10-08T2100,1731A,113.0845,36.1856,长治市,长治八中,,50,50,56,20,23,133,NA,140,138,12,20,14,14,0.7,0.7
2026-10-08T2100,1733A,111.5552,36.0791,临汾市,临钢医院,细颗粒物(PM2.5),116,146,56,77,28,31,NA,140,114,73,31,6,7,1.0,0.7
2026-10-08T2100,1734A,111.4984,36.0734,临汾市,技工学校,颗粒物(PM10),106,134,69,52,32,46,NA,141,123,61,26,6,7,0.9,0.6
2026-10-08T2100,1736A,111.5017,36.0857,临汾市,市委,颗粒物(PM10),102,124,63,53,29,49,NA,145,126,61,25,8,8,1.0,0.5
2026-10-08T2100,1739A,113.4894,37.8717,阳泉市,赛鱼,颗粒物(PM10),92,108,73,36,30,5,NA,131,93,131,61,8,9,0.9,0.8
2026-10-08T2100,1740A,113.582,37.8473,阳泉市,南庄,颗粒物(PM10),79,90,64,26,26,109,NA,137,133,19,32,8,12,1.0,0.8
2026-10-08T2100,1742A,113.5616,37.8706,阳泉市,平坦,颗粒物(PM10),83,95,70,39,29,31,NA,144,132,106,43,14,16,1.0,0.8
2026-10-08T2100,1743A,113.5115,37.8391,阳泉市,大阳泉,,50,49,39,32,20,159,NA,146,146,12,18,11,9,0.9,0.8
2026-10-08T2100,1744A,118.9229,42.2816,赤峰市,松山一中,,41,41,41,17,23,83,NA,153,123,17,17,11,12,0.5,0.5
2026-10-08T2100,1745A,118.9588,42.2733,赤峰市,哈达街,颗粒物(PM10),52,52,44,17,23,81,NA,148,118,21,20,9,9,0.7,0.8
2026-10-08T2100,1746A,118.8792,42.2551,赤峰市,天义路,,37,37,38,16,22,79,NA,149,121,22,16,4,5,0.5,0.5
2026-10-08T2100,1748A,123.0441,41.1201,鞍山市,深沟寺,颗粒物(PM10),54,55,39,22,17,99,NA,149,138,17,12,6,8,0.7,0.5
2026-10-08T2100,1749A,123.011,41.0931,鞍山市,太阳城,颗粒物(PM10),56,58,42,21,17,125,NA,146,138,11,15,11,12,0.6,0.6
2026-10-08T2100,1750A,123.0483,41.1445,鞍山市,太平,颗粒物(PM10),53,54,48,22,17,84,NA,132,119,17,15,10,12,1.0,1
2026-10-08T2100,1751A,122.964,41.0968,鞍山市,铁西三道街,颗粒物(PM10),66,72,57,29,21,107,NA,152,136,20,19,7,10,0.9,1.2
2026-10-08T2100,1753A,123.0219,41.0822,鞍山市,明达新区,,47,47,38,21,17,127,NA,146,140,8,10,11,12,0.7,0.9
2026-10-08T2100,1755A,123.7974,41.8494,抚顺市,望花区,颗粒物(PM10),95,113,78,42,30,84,NA,156,145,43,36,22,15,0.9,0.9
2026-10-08T2100,1756A,123.9161,41.8827,抚顺市,顺城区,颗粒物(PM10),99,118,56,52,24,38,NA,155,132,72,28,16,15,1.4,0.9
2026-10-08T2100,1757A,124.0437,41.8615,抚顺市,东洲区,颗粒物(PM10),68,74,49,40,20,69,NA,154,134,34,20,13,13,1.1,0.8
2026-10-08T2100,1758A,123.9246,41.8638,抚顺市,新抚区,颗粒物(PM10),77,87,70,43,30,51,NA,156,133,54,31,10,11,1.0,0.6
2026-10-08T2100,1759A,124.0972,41.8961,抚顺市,大伙房水库,,39,33,36,27,19,94,NA,168,155,18,16,9,11,0.7,0.6
2026-10-08T2100,1760A,123.708,41.8386,抚顺市,沈抚新城,颗粒物(PM10),93,110,65,46,21,90,NA,173,158,38,24,16,16,1.0,0.9
2026-10-08T2100,1761A,123.8274146,41.31234549,本溪市,大峪,,42,42,33,16,14,68,NA,127,113,22,18,6,7,0.5,0.5
2026-10-08T2100,1763A,123.7169,41.3094,本溪市,彩屯,,47,47,44,17,19,83,NA,118,113,28,24,12,12,2.6,2
2026-10-08T2100,1764A,123.7672166,41.28649327,本溪市,东明,,36,32,31,9,10,114,NA,130,128,14,13,5,6,0.6,0.6
2026-10-08T2100,1765A,123.799345,41.266614,本溪市,新立屯,,33,26,29,11,10,103,NA,118,101,14,15,10,10,0.5,0.5
2026-10-08T2100,1766A,123.829144,41.336777,本溪市,威宁,,48,48,37,16,18,61,NA,125,106,30,17,6,6,0.5,0.5
2026-10-08T2100,1767A,121.1114,41.0879,锦州市,南山,细颗粒物(PM2.5),58,55,59,39,32,140,NA,175,174,31,35,11,13,0.6,0.7
2026-10-08T2100,1768A,121.060361,40.842794,锦州市,开发区,臭氧1小时(O3_1h),99,93,90,50,31,199,NA,215,215,23,27,19,23,0.7,0.8
2026-10-08T2100,1769A,121.1836,41.1118,锦州市,百股街道,细颗粒物(PM2.5),84,55,61,52,33,159,NA,188,188,24,28,16,14,0.8,0.8
2026-10-08T2100,1770A,121.1176,41.1224,锦州市,天安街道,细颗粒物(PM2.5),70,69,74,45,37,137,NA,178,176,32,45,10,13,0.9,0.9
2026-10-08T2100,1771A,121.1303,41.1385,锦州市,北湖公园,颗粒物(PM10),63,67,65,41,29,146,NA,186,184,25,33,9,11,0.6,0.7
2026-10-08T2100,1772A,126.54,43.8622,吉林市,哈达湾,细颗粒物(PM2.5),86,91,38,53,25,61,NA,136,115,28,18,6,6,0.6,0.4
2026-10-08T2100,1773A,126.5843,43.8358,吉林市,东局子,细颗粒物(PM2.5),102,94,34,62,22,65,NA,137,119,27,17,6,6,0.8,0.6
2026-10-08T2100,1774A,126.5051,43.8243,吉林市,电力学院,颗粒物(PM10),108,139,54,51,25,58,NA,136,115,26,16,12,9,1.0,0.6
2026-10-08T2100,1775A,126.6133,43.8971,吉林市,江北,细颗粒物(PM2.5),101,108,48,61,22,45,NA,129,109,22,16,3,8,0.8,0.5
2026-10-08T2100,1776A,126.5549,43.8304,吉林市,江南公园,"颗粒物(PM10),细颗粒物(PM2.5)",84,97,38,52,22,59,NA,130,109,24,15,7,7,0.5,0.3
2026-10-08T2100,1779A,123.9307,47.3641,齐齐哈尔市,安居小区,,40,40,28,12,4,36,NA,59,48,20,11,4,4,0.3,0.2
2026-10-08T2100,1780A,123.9497,47.3389,齐齐哈尔市,中心广场,,31,31,23,19,7,40,NA,58,47,19,11,1,2,0.1,0
2026-10-08T2100,1781A,123.9483,47.3229,齐齐哈尔市,农牧车辆厂,,31,31,28,6,4,40,NA,59,49,14,9,5,5,0.4,0.3
2026-10-08T2100,1783A,123.9442,47.2994,齐齐哈尔市,市环境监测站,,36,36,28,9,4,35,NA,60,48,21,11,4,5,0.1,0
2026-10-08T2100,1784A,129.61,44.561,牡丹江市,环保大楼,,41,41,35,6,11,46,NA,88,76,10,16,8,7,0.2,0.3
2026-10-08T2100,1787A,129.6364,44.6075,牡丹江市,机车工厂,,46,46,52,12,19,44,NA,82,71,10,17,6,7,0.1,0.3
2026-10-08T2100,1788A,129.6386,44.5462,牡丹江市,第一中学,,32,32,31,6,10,48,NA,91,77,9,16,5,6,0.3,0.4
2026-10-08T2100,1789A,124.8085,46.0381,大庆市,大同区,,29,29,32,7,8,36,NA,76,66,33,9,6,5,0.3,0.2
2026-10-08T2100,1790A,125.1166,46.5255,大庆市,龙凤区,,30,30,33,14,12,47,NA,66,58,19,8,31,10,0.2,0.3
2026-10-08T2100,1791A,124.8894,46.4007,大庆市,红岗区,,37,37,33,2,5,28,NA,64,48,34,14,3,7,0.4,0.3
2026-10-08T2100,1792A,125.1391,46.578,大庆市,萨尔图区,,30,30,25,7,4,54,NA,62,59,8,6,8,8,0.4,0.3
2026-10-08T2100,1793A,124.9026,46.6217,大庆市,让胡路区,,38,38,30,6,6,17,NA,60,47,42,11,4,4,0.4,0.2
2026-10-08T2100,1794A,118.3603,31.3515,芜湖市,监测站,颗粒物(PM10),63,68,50,38,27,163,NA,171,163,26,26,15,11,0.7,0.7
2026-10-08T2100,1795A,118.3716,31.4135,芜湖市,科创中心,细颗粒物(PM2.5),94,92,58,57,34,139,NA,177,163,44,44,9,9,0.7,0.6
2026-10-08T2100,1796A,118.3671,31.3132,芜湖市,四水厂,颗粒物(PM10),68,74,50,40,29,162,NA,179,172,28,22,11,10,0.5,0.4
2026-10-08T2100,1798A,118.5084,31.6838,马鞍山市,湖东路四小,颗粒物(PM10),63,67,58,35,29,161,NA,187,178,24,27,10,11,0.8,0.8
2026-10-08T2100,1799A,118.5019,31.6449,马鞍山市,开发区,颗粒物(PM10),78,89,75,44,40,122,NA,186,165,48,31,10,12,0.8,0.8
2026-10-08T2100,1803A,115.9873,29.6816,九江市,十里,颗粒物(PM10),56,58,52,34,34,122,NA,176,165,42,34,12,6,0.8,0.8
2026-10-08T2100,1804A,115.9583,29.7047,九江市,茅山头,细颗粒物(PM2.5),54,54,47,37,32,125,NA,172,166,34,29,3,4,0.9,0.7
2026-10-08T2100,1805A,115.9877,29.7295,九江市,西园,颗粒物(PM10),69,76,54,42,35,122,NA,172,162,39,36,12,11,0.9,0.7
2026-10-08T2100,1808A,115.9112,29.6038,九江市,综合工业园,二氧化氮(NO2),80,75,53,44,34,81,NA,174,157,160,48,8,9,0.8,0.9
2026-10-08T2100,1812A,112.3934,34.6517,洛阳市,市委党校,颗粒物(PM10),52,52,63,32,40,119,NA,159,155,20,19,12,16,0.5,0.5
2026-10-08T2100,1815A,112.494,34.6883,洛阳市,河南林校,细颗粒物(PM2.5),94,87,67,57,34,59,NA,148,136,41,34,10,12,0.6,0.5
2026-10-08T2100,1816A,112.3843,34.623,洛阳市,开发区管委会,颗粒物(PM10),52,52,59,34,39,121,NA,151,148,14,17,9,13,0.5,0.6
2026-10-08T2100,1817A,112.4263,34.6249,洛阳市,市委新办公区,NA,NA,55,60,32,36,128,NA,149,147,NA,15,13,15,0.4,0.5
2026-10-08T2100,1819A,114.3552,36.1017,安阳市,红庙街,颗粒物(PM10),70,77,78,32,29,129,NA,165,159,24,20,2,2,0.4,0.3
2026-10-08T2100,1820A,114.361,36.0681,安阳市,银杏小区,颗粒物(PM10),76,86,84,36,33,123,NA,168,160,25,21,6,6,0.3,0.9
2026-10-08T2100,1824A,114.3389,34.778,开封市,肿瘤医院,"颗粒物(PM10),细颗粒物(PM2.5)",92,108,89,56,35,82,NA,144,129,42,23,12,9,0.6,0.8
2026-10-08T2100,1826A,114.2884,34.7966,开封市,世纪星幼儿园,颗粒物(PM10),63,68,67,41,33,102,NA,147,134,26,19,3,4,0.9,0.6
2026-10-08T2100,1832A,113.3257,33.7423,平顶山市,新华旅馆,颗粒物(PM10),88,103,89,38,33,72,NA,152,136,45,39,10,10,0.7,0.6
2026-10-08T2100,1833A,113.2917,33.737,平顶山市,规划设计院,颗粒物(PM10),93,109,87,49,37,46,NA,145,124,52,37,8,8,1.1,0.7
2026-10-08T2100,1834A,113.182,33.7738,平顶山市,平顶山工学院,颗粒物(PM10),65,71,60,34,30,114,NA,150,144,22,18,10,10,0.8,0.7
2026-10-08T2100,1835A,111.1922,34.7752,三门峡市,市政府,,40,40,40,20,17,115,NA,133,128,14,16,8,10,0.4,0.3
2026-10-08T2100,1836A,111.1588,34.794,三门峡市,开发区,,47,47,46,17,20,108,NA,133,128,19,18,9,10,0.3,0.3
2026-10-08T2100,1840A,111.2991,30.6981,宜昌市,白龙岗,NA,NA,NA,43,39,26,114,NA,159,154,20,14,8,8,0.3,0.3
2026-10-08T2100,1842A,111.263451,30.696754,宜昌市,点军区,颗粒物(PM10),60,63,43,38,28,88,NA,158,151,25,15,6,6,0.6,0.4
2026-10-08T2100,1843A,111.3276,30.782,宜昌市,夷陵区,细颗粒物(PM2.5),66,60,43,43,27,84,NA,155,142,21,17,9,9,0.4,0.3
2026-10-08T2100,1844A,112.2493,30.3198,荆州市,市图书馆,颗粒物(PM10),61,65,60,40,40,79,NA,179,155,50,34,9,10,1.0,0.7
2026-10-08T2100,1845A,112.2009,30.3543,荆州市,市委党校,NA,NA,65,60,46,39,NA,NA,173,162,49,31,8,8,0.8,0.6
2026-10-08T2100,1848A,113.1494,29.425,岳阳市,城陵矶,颗粒物(PM10),64,69,56,19,24,9,NA,138,115,91,34,4,5,0.7,0.6
2026-10-08T2100,1849A,113.1493,29.3575,岳阳市,开发区,颗粒物(PM10),70,77,53,42,32,63,NA,154,140,40,27,7,8,0.8,0.5
2026-10-08T2100,1850A,113.2672,29.4752,岳阳市,云溪区,细颗粒物(PM2.5),88,71,43,54,25,57,NA,153,129,28,17,10,9,1.1,0.8
2026-10-08T2100,1851A,112.9944,29.44,岳阳市,君山区,细颗粒物(PM2.5),70,62,55,45,31,39,NA,159,138,83,23,6,7,0.8,0.6
2026-10-08T2100,1854A,111.696,28.9725,常德市,市二中,细颗粒物(PM2.5),78,69,55,49,41,126,NA,162,159,27,20,12,11,0.8,0.7
2026-10-08T2100,1858A,110.532,29.1219,张家界市,永定新区,颗粒物(PM10),58,60,40,37,24,63,NA,109,100,28,14,/,/,/,/
2026-10-08T2100,1859A,110.4696,29.1244,张家界市,电业局,NA,NA,48,33,24,26,NA,NA,124,116,27,12,1,2,0.6,0.4
2026-10-08T2100,1860A,110.5573,29.3486,张家界市,未央路,,33,25,23,23,21,43,NA,133,102,11,8,7,6,0.1,0.1
2026-10-08T2100,1864A,110.3091,25.2705,桂林市,龙隐路小学,细颗粒物(PM2.5),60,60,33,40,21,79,NA,128,115,21,14,7,7,0.8,0.7
2026-10-08T2100,1865A,110.2849361,25.22909545,桂林市,八中,颗粒物(PM10),57,59,38,18,11,72,NA,134,119,33,17,6,7,0.8,0.7
2026-10-08T2100,1867A,109.1435,21.4085,北海市,海滩公园,,46,45,45,19,28,145,NA,176,161,7,10,6,12,0.4,0.3
2026-10-08T2100,1868A,109.0983,21.466,北海市,新市环保局,,50,50,50,29,28,145,NA,166,159,11,17,2,6,0.5,0.4
2026-10-08T2100,1869A,109.1775,21.5232,北海市,北海工业园,颗粒物(PM10),57,59,46,24,26,126,NA,152,144,14,18,4,12,0.5,0.5
2026-10-08T2100,1870A,109.4854,24.3898,柳州市,柳东小学,,39,29,29,19,16,124,NA,134,134,6,7,7,8,0.5,0.5
2026-10-08T2100,1871A,109.4109,24.3304,柳州市,环保监测站,NA,NA,NA,56,NA,26,48,NA,134,118,49,27,9,21,0.8,0.6
2026-10-08T2100,1872A,109.3886,24.3408,柳州市,河西水厂,颗粒物(PM10),98,117,68,58,32,55,NA,131,120,49,25,28,26,1.3,0.8
2026-10-08T2100,1873A,109.4263,24.2951,柳州市,市四中,颗粒物(PM10),60,64,47,38,27,58,NA,137,125,35,18,12,13,1.1,0.7
2026-10-08T2100,1874A,109.396,24.3658,柳州市,市九中,细颗粒物(PM2.5),94,106,59,57,34,51,NA,135,122,41,25,19,15,1.2,0.8
2026-10-08T2100,1875A,109.4912,24.3164,柳州市,古亭山,,40,40,34,26,19,62,NA,125,109,33,26,6,6,0.6,0.6
2026-10-08T2100,1877A,109.4962,18.2682,三亚市,河西子站,,22,5,22,4,12,68,NA,98,88,4,6,4,4,0.5,0.5
2026-10-08T2100,1878A,104.7775,31.4741,绵阳市,富乐山,颗粒物(PM10),64,69,92,38,47,57,NA,79,76,16,18,12,12,0.9,0.9
2026-10-08T2100,1880A,104.6698,31.4668,绵阳市,高新区自来水公司,颗粒物(PM10),78,88,79,43,41,38,NA,83,78,48,23,10,10,0.9,0.9
2026-10-08T2100,1883A,104.6204,28.7728,宜宾市,市委,细颗粒物(PM2.5),102,83,70,62,51,67,NA,87,86,21,21,11,12,0.9,1
2026-10-08T2100,1884A,104.6056,28.7931,宜宾市,宜宾四中,细颗粒物(PM2.5),109,94,78,69,57,79,NA,95,95,16,17,8,9,1.0,1
2026-10-08T2100,1886A,104.5743,28.7199,宜宾市,黄金嘴,细颗粒物(PM2.5),106,94,73,66,49,70,NA,92,90,14,17,10,11,0.8,0.8
2026-10-08T2100,1888A,101.6891,26.571,攀枝花市,弄弄坪,,38,38,41,20,21,47,NA,90,83,17,15,16,17,1.0,1.3
2026-10-08T2100,1889A,101.577,26.5914,攀枝花市,河门口,,36,36,40,22,22,65,NA,95,92,11,12,27,12,0.9,1.1
2026-10-08T2100,1891A,101.7365,26.4986,攀枝花市,仁和,,39,39,31,25,23,32,NA,77,69,11,11,8,13,0.9,1.3
2026-10-08T2100,1894A,105.4427,28.9063,泸州市,小市上码头,细颗粒物(PM2.5),119,103,86,80,66,81,NA,115,110,25,21,8,8,0.6,0.8
2026-10-08T2100,1895A,105.4241,28.8573,泸州市,兰田宪桥,细颗粒物(PM2.5),108,116,82,68,57,39,NA,100,86,35,19,9,9,0.8,0.7
2026-10-08T2100,1896A,105.4378,28.8833,泸州市,市环监站,细颗粒物(PM2.5),113,111,86,74,57,80,NA,106,100,21,16,9,8,1.0,0.9
2026-10-08T2100,1901A,104.424,31.1209,德阳市,东山公园,细颗粒物(PM2.5),74,NA,58,47,55,84,NA,99,99,8,14,5,11,1.0,1.1
2026-10-08T2100,1902A,104.3827,31.1318,德阳市,西小区,颗粒物(PM10),67,73,84,43,57,74,NA,101,99,25,22,11,11,0.6,0.7
2026-10-08T2100,1904A,104.3553,31.1091,德阳市,耐火材料厂,细颗粒物(PM2.5),70,76,83,45,61,58,NA,99,95,26,20,2,4,0.9,1
2026-10-08T2100,1906A,106.0791,30.8022,南充市,南充市委,细颗粒物(PM2.5),66,69,68,43,42,30,NA,87,79,34,18,7,8,0.6,0.5
2026-10-08T2100,1907A,106.1038,30.8215,南充市,南充炼油厂,细颗粒物(PM2.5),106,102,72,66,46,18,NA,95,83,61,27,8,8,0.8,0.5
2026-10-08T2100,1911A,106.9218,27.6872,遵义市,丁字口,,48,48,38,24,20,48,NA,112,99,25,15,8,9,0.9,0.7
2026-10-08T2100,1912A,106.9241,27.7044,遵义市,凤凰山,,38,38,29,19,15,97,NA,118,117,8,11,8,9,0.5,0.5
2026-10-08T2100,1913A,106.8895,27.648,遵义市,忠庄,,30,30,27,20,17,88,NA,111,108,7,8,5,6,0.5,0.5
2026-10-08T2100,1915A,106.9225,27.7253,遵义市,干田坝,,47,47,30,28,19,74,NA,117,109,17,12,8,8,0.6,0.6
2026-10-08T2100,1916A,103.7897,25.5036,曲靖市,环境监测站,,39,39,29,23,18,64,NA,108,102,18,14,11,10,0.6,0.5
2026-10-08T2100,1917A,103.8013,25.5357,曲靖市,烟厂办公区,NA,NA,NA,32,NA,17,NA,NA,106,106,16,14,8,5,0.7,0.7
2026-10-08T2100,1919A,108.6726,34.315,咸阳市,实验中学,细颗粒物(PM2.5),78,60,73,49,46,86,NA,144,140,39,28,6,8,1.1,0.9
2026-10-08T2100,1920A,108.7226,34.3622,咸阳市,师范学院,NA,NA,NA,70,NA,44,76,NA,164,153,41,29,7,9,1.0,0.7
2026-10-08T2100,1923A,109.0696,35.0699,铜川市,王益区政府,细颗粒物(PM2.5),72,70,39,46,23,54,NA,127,112,24,16,4,4,0.6,0.4
2026-10-08T2100,1924A,108.9345,34.9059,铜川市,新区管委会,细颗粒物(PM2.5),108,110,50,68,28,50,NA,132,119,68,24,9,5,0.6,0.3
2026-10-08T2100,1927A,109.4569,36.6161,延安市,延大医附院,,39,39,35,22,17,14,NA,90,70,51,24,4,5,0.9,0.7
2026-10-08T2100,1929A,109.5053,36.6105,延安市,百米大道,颗粒物(PM10),57,59,40,25,20,17,NA,83,68,50,27,1,2,0.7,0.5
2026-10-08T2100,1931A,107.0802,34.3129,宝鸡市,竹园沟,"颗粒物(PM10),细颗粒物(PM2.5)",54,55,44,37,31,68,NA,121,113,16,14,5,5,0.3,0.3
2026-10-08T2100,1933A,107.1429,34.3549,宝鸡市,监测站,细颗粒物(PM2.5),76,80,53,48,39,55,NA,132,120,36,21,2,3,0.5,0.6
2026-10-08T2100,1934A,107.1172,34.3759,宝鸡市,技工学校,颗粒物(PM10),55,56,56,25,50,74,NA,134,124,24,17,6,6,0.8,0.7
2026-10-08T2100,1936A,107.2025,34.3518,宝鸡市,文理学院,细颗粒物(PM2.5),74,74,53,47,36,70,NA,138,128,30,19,5,6,0.6,0.5
2026-10-08T2100,1937A,107.2396,34.3626,宝鸡市,三迪小学,细颗粒物(PM2.5),76,71,58,48,38,55,NA,130,120,48,26,4,5,0.8,0.7
2026-10-08T2100,1940A,109.4605,34.4927,渭南市,体育馆,细颗粒物(PM2.5),127,129,74,89,41,68,NA,140,128,44,33,6,6,0.1,0.4
2026-10-08T2100,1941A,109.4257,34.5067,渭南市,高新一小,细颗粒物(PM2.5),117,91,75,78,45,44,NA,141,126,47,23,4,6,0.6,0.4
2026-10-08T2100,1944A,102.1691,38.5166,金昌市,天庆家园,,30,22,49,12,12,94,NA,99,99,3,12,2,4,0.0,0.2
2026-10-08T2100,1945A,98.291,39.7705,嘉峪关市,气象局,,24,12,33,10,11,76,NA,91,89,22,24,6,16,0.5,0.9
2026-10-08T2100,1948A,106.3668,39.0145,石嘴山市,大武口朝阳西街,,49,49,86,17,38,87,NA,123,118,26,40,5,30,0.4,0.9
2026-10-08T2100,1949A,106.7713,39.2278,石嘴山市,惠农南大街,颗粒物(PM10),111,148,86,32,32,46,NA,117,100,61,24,20,22,0.7,0.7
2026-10-08T2100,1950A,106.7074,39.1332,石嘴山市,红果子镇惠新街,颗粒物(PM10),129,194,96,37,42,NA,NA,127,124,36,26,16,11,1.0,0.6
2026-10-08T2100,1951A,84.886,45.6029,克拉玛依市,长征新村,,42,42,23,9,7,64,NA,77,76,20,9,1,3,0.4,0.3
2026-10-08T2100,1952A,84.8894,45.5827,克拉玛依市,南林小区,,38,38,20,6,1,37,NA,80,74,35,9,6,7,0.5,0.3
2026-10-08T2100,1954A,84.896,44.3328,克拉玛依市,独山子区,颗粒物(PM10),55,56,43,16,9,31,NA,72,67,43,13,4,4,0.6,0.4
2026-10-08T2100,1955A,85.6888,46.0909,克拉玛依市,乌尔禾区商贸楼,,42,42,26,18,7,42,NA,78,71,28,9,2,2,0.5,0.3
2026-10-08T2100,1956A,86.1476,41.7529,巴音郭楞蒙古自治州,孔雀公园,颗粒物(PM10),58,60,49,10,12,79,NA,92,92,10,25,3,3,0.1,0.2
2026-10-08T2100,1957A,86.1971,41.7166,巴音郭楞蒙古自治州,棉纺厂,NA,NA,NA,51,NA,13,65,NA,89,87,NA,28,/,/,/,/
2026-10-08T2100,1958A,86.236,41.7172,巴音郭楞蒙古自治州,经济开发区,,49,49,36,17,12,70,NA,92,90,17,16,3,3,0.2,0.2
2026-10-08T2100,1961A,117.5323,36.6865,济南市,东山小学,颗粒物(PM10),62,66,63,32,30,118,NA,183,172,30,14,8,10,0.5,0.5
2026-10-08T2100,1982A,122.0693,37.2175,威海市,文登开发区,,36,19,22,6,9,115,NA,117,117,8,13,/,/,/,/
2026-10-08T2100,2031A,113.1836,27.9959,株洲市,云田中学,细颗粒物(PM2.5),74,63,36,47,25,62,NA,150,132,44,17,10,11,0.7,0.4
2026-10-08T2100,2054A,114.1096,32.1059,信阳市,平桥分局,,44,44,39,28,21,82,NA,151,136,17,13,7,8,0.5,0.4
2026-10-08T2100,2064A,113.9956,32.1272,信阳市,南湾水厂,NA,NA,38,37,16,16,NA,NA,120,120,11,8,7,7,0.4,0.5
2026-10-08T2100,2065A,114.078,32.1194,信阳市,市酿酒公司,细颗粒物(PM2.5),68,60,40,44,19,71,NA,138,122,26,14,7,7,0.8,0.6
2026-10-08T2100,2066A,114.0712,32.1393,信阳市,审计局,颗粒物(PM10),78,89,41,42,22,71,NA,152,135,28,12,7,7,0.5,0.3
2026-10-08T2100,2068A,114.6755,33.6347,周口市,周口师范,颗粒物(PM10),68,74,51,41,21,115,NA,154,142,34,19,6,4,0.5,0.4
2026-10-08T2100,2160A,112.8496,35.5051,晋城市,自来水公司,颗粒物(PM10),78,89,60,35,24,79,NA,139,132,36,25,9,10,0.8,0.9
2026-10-08T2100,2162A,112.8509,35.4886,晋城市,市环保局,颗粒物(PM10),59,62,65,37,29,71,NA,143,132,44,24,5,6,1.0,0.9
2026-10-08T2100,2166A,112.4399,39.3521,朔州市,平朔,颗粒物(PM10),87,101,71,50,21,51,NA,132,114,34,23,12,9,0.5,0.4
2026-10-08T2100,2167A,112.4574,39.362,朔州市,朔唯,颗粒物(PM10),100,120,73,45,21,55,NA,146,131,40,25,12,11,/,/
2026-10-08T2100,2168A,112.426,39.3199,朔州市,区政府,颗粒物(PM10),75,85,51,46,20,80,NA,132,119,38,19,3,4,0.9,0.6
2026-10-08T2100,2169A,112.4075,39.3277,朔州市,市环保局,NA,NA,NA,55,NA,22,NA,NA,136,124,36,21,3,8,/,/
2026-10-08T2100,2170A,112.4273,39.3682,朔州市,市二中,颗粒物(PM10),109,141,76,48,23,46,NA,145,124,53,36,7,8,/,/
2026-10-08T2100,2174A,112.6992,37.6984,晋中市,榆次区政府,细颗粒物(PM2.5),107,127,73,67,40,57,NA,162,138,65,28,13,13,1.1,0.8
2026-10-08T2100,2175A,110.996,35.0148,运城市,运城中学,,40,39,38,8,13,126,NA,127,126,9,13,8,9,0.4,0.5
2026-10-08T2100,2178A,110.9685,35.0305,运城市,地区技校,,43,43,35,20,15,120,NA,123,120,8,12,6,8,0.5,0.6
2026-10-08T2100,2181A,112.7313,38.457,忻州市,开发区,细颗粒物(PM2.5),74,80,55,47,33,52,NA,148,133,63,36,10,12,0.7,0.7
2026-10-08T2100,2182A,112.7023,38.4932,忻州市,会展中心,颗粒物(PM10),83,96,63,44,36,43,NA,147,128,65,34,8,10,0.8,0.8
2026-10-08T2100,2183A,111.1447,37.5212,吕梁市,环保局,颗粒物(PM10),102,125,51,31,14,10,NA,104,81,94,38,3,6,0.7,0.6
2026-10-08T2100,2185A,111.1285,37.5338,吕梁市,自来水公司,颗粒物(PM10),60,63,50,27,15,52,NA,109,96,45,29,3,8,0.6,0.4
2026-10-08T2100,2187A,106.8172,39.6972,乌海市,市林业局,颗粒物(PM10),82,94,70,33,26,23,NA,114,95,62,26,5,22,0.8,0.6
2026-10-08T2100,2188A,106.7907,39.6666,乌海市,中海勃湾学校,颗粒物(PM10),55,56,59,20,23,49,NA,120,103,44,27,10,25,0.8,0.8
2026-10-08T2100,2191A,122.253,43.6801,通辽市,艺术职业学校,颗粒物(PM10),64,69,53,15,20,52,NA,75,68,16,11,9,11,0.5,0.6
2026-10-08T2100,2195A,107.4206,40.7609,巴彦淖尔市,附二中,颗粒物(PM10),100,119,83,51,36,68,NA,124,114,22,23,11,11,0.6,0.7
2026-10-08T2100,2196A,107.37,40.7372,巴彦淖尔市,市环保大楼,颗粒物(PM10),103,127,78,40,25,71,NA,118,109,14,16,4,6,0.5,0.6
2026-10-08T2100,2197A,113.1306,40.9924,乌兰察布市,集宁新区,,47,47,38,32,17,97,NA,139,128,34,21,8,5,0.4,0.4
2026-10-08T2100,2202A,116.1048,43.9318,锡林郭勒盟,市环保监测站,颗粒物(PM10),77,87,58,22,15,19,NA,88,70,42,22,5,4,0.4,0.4
2026-10-08T2100,2203A,116.0778,43.9312,锡林郭勒盟,市政府,颗粒物(PM10),65,70,47,24,16,10,NA,89,70,55,23,3,3,0.4,0.3
2026-10-08T2100,2205A,105.699,38.8409,阿拉善盟,蒙二幼,,39,39,44,11,11,93,NA,114,110,8,6,6,7,0.2,0.3
2026-10-08T2100,2206A,105.7198,38.8508,阿拉善盟,环保局新楼,,30,22,38,8,9,95,NA,108,107,4,5,8,9,0.5,0.5
2026-10-08T2100,2207A,121.6095,41.9978,阜新市,工业园区,颗粒物(PM10),53,53,76,17,35,55,NA,156,131,31,30,10,16,0.5,0.9
2026-10-08T2100,2208A,121.6567,42.0188,阜新市,长青街,,42,42,61,17,33,67,NA,154,127,22,31,7,11,0.5,0.8
2026-10-08T2100,2209A,121.6672,42.07,阜新市,农业园区,,34,34,57,11,28,75,NA,162,136,11,21,4,11,0.3,0.6
2026-10-08T2100,2211A,121.6343,42.0455,阜新市,玉龙新城,,47,47,64,18,26,76,NA,166,142,20,36,9,12,0.3,0.6
2026-10-08T2100,2212A,123.1978,41.2036,辽阳市,宏伟区,,40,15,30,11,15,127,NA,166,156,8,9,9,11,0.4,0.4
2026-10-08T2100,2213A,123.1684,41.2497,辽阳市,新华园,,35,32,53,15,18,109,NA,151,140,14,19,10,11,0.5,0.5
2026-10-08T2100,2214A,123.2355,41.2663,辽阳市,滨河路,NA,NA,42,42,13,17,NA,NA,148,131,8,16,9,10,0.8,0.8
2026-10-08T2100,2217A,123.865,42.292,铁岭市,水上乐园,颗粒物(PM10),64,69,52,30,15,42,NA,158,141,57,21,9,12,0.4,0.5
2026-10-08T2100,2219A,123.7158,42.2218,铁岭市,金沙江路北,颗粒物(PM10),68,75,55,32,19,76,NA,155,139,17,20,14,14,0.5,0.7
2026-10-08T2100,2220A,120.4318,41.588,朝阳市,西梁,颗粒物(PM10),58,60,58,25,24,101,NA,148,131,26,19,8,8,0.7,0.7
2026-10-08T2100,2221A,120.452,41.565,朝阳市,河畔小区,颗粒物(PM10),54,55,52,30,21,105,NA,154,136,20,16,10,10,0.8,0.7
2026-10-08T2100,2222A,120.4176,41.5648,朝阳市,八里堡,颗粒物(PM10),69,76,59,39,24,105,NA,159,138,29,22,11,11,0.9,0.8
2026-10-08T2100,2226A,124.3744,43.1842,四平市,境园,细颗粒物(PM2.5),84,54,45,52,24,57,NA,132,104,22,17,10,7,0.5,0.5
2026-10-08T2100,2227A,125.1359,42.8845,辽源市,环保局,细颗粒物(PM2.5),84,73,57,52,28,63,NA,161,138,27,24,7,8,0.7,0.8
2026-10-08T2100,2229A,125.9359,41.7174,通化市,光明,颗粒物(PM10),56,58,35,32,14,40,NA,115,95,37,18,11,10,0.8,0.6
2026-10-08T2100,2230A,125.9446,41.7323,通化市,铁路,颗粒物(PM10),63,67,31,27,12,21,NA,113,88,57,23,7,10,0.8,0.6
2026-10-08T2100,2231A,126.4219,41.9172,白山市,喜丰,颗粒物(PM10),62,66,62,34,18,61,NA,136,120,38,28,10,10,1.0,0.9
2026-10-08T2100,2232A,126.4082,41.9416,白山市,环保局,细颗粒物(PM2.5),62,58,38,41,16,38,NA,124,99,31,17,6,6,0.9,0.5
2026-10-08T2100,2233A,124.8007,45.1213,松原市,江南,,40,30,51,28,26,46,NA,63,61,14,16,2,1,0.3,0.4
2026-10-08T2100,2234A,124.7967,45.1721,松原市,江北,,30,30,45,16,18,37,NA,63,59,19,19,1,1,0.4,0.4
2026-10-08T2100,2235A,122.7909,45.608,白城市,洮北区环保局,NA,NA,NA,24,NA,11,38,NA,56,50,17,10,4,5,NA,0.3
2026-10-08T2100,2236A,122.8741,45.5725,白城市,市环保局,,33,29,32,23,11,44,NA,58,54,18,11,5,4,0.3,0.3
2026-10-08T2100,2237A,129.4704,42.8885,延边朝鲜族自治州,妇幼医院,,38,38,24,17,8,17,NA,75,52,23,13,8,8,0.6,0.5
2026-10-08T2100,2238A,129.5047,42.9117,延边朝鲜族自治州,延边医院,,39,39,31,24,19,37,NA,77,64,21,19,6,6,0.8,0.7
2026-10-08T2100,2239A,129.395,42.8884,延边朝鲜族自治州,朝阳川镇医院,颗粒物(PM10),53,54,28,22,11,9,NA,76,47,22,15,11,11,1.0,0.7
2026-10-08T2100,2240A,130.9618,45.2926,鸡西市,环保局,,40,40,37,9,10,29,NA,46,40,17,17,7,7,0.3,0.3
2026-10-08T2100,2243A,130.9294,45.2959,鸡西市,第一中学,NA,NA,47,36,21,9,36,NA,48,44,16,19,2,3,NA,0.3
2026-10-08T2100,2244A,130.2537,47.3416,鹤岗市,哈啤分公司,NA,NA,24,23,10,6,NA,NA,74,55,4,7,2,8,0.4,0.4
2026-10-08T2100,2245A,130.2683,47.3087,鹤岗市,斯达机电,,37,37,26,15,5,29,NA,53,36,9,9,3,3,0.2,0.2
2026-10-08T2100,2246A,130.3114,47.3388,鹤岗市,东山纸板厂,,38,38,43,12,6,6,NA,55,25,28,14,5,5,1.1,0.6
2026-10-08T2100,2248A,131.1509,46.6936,双鸭山市,双合村,,30,NA,22,21,10,25,NA,60,44,12,9,10,10,0.2,0.2
2026-10-08T2100,2249A,131.1651,46.6191,双鸭山市,南小市,,31,31,21,17,10,26,NA,54,41,20,13,6,6,0.2,0.1
2026-10-08T2100,2250A,131.1526,46.6554,双鸭山市,环保局,,49,49,38,26,10,11,NA,52,38,32,15,5,5,0.2,0.1
2026-10-08T2100,2252A,128.8663,47.7199,伊春市,环保局,,24,24,24,6,7,26,NA,58,42,13,9,2,2,0.6,0.4
2026-10-08T2100,2253A,128.9014,47.732,伊春市,电力嘉园,,27,27,23,15,6,22,NA,56,40,15,10,4,3,0.6,0.5
2026-10-08T2100,2255A,130.2749,46.8028,佳木斯市,佳纺,,46,46,29,16,8,9,NA,49,35,28,14,3,2,0.3,0.2
2026-10-08T2100,2257A,130.3258,46.7975,佳木斯市,环保局,,26,26,26,12,7,9,NA,54,37,42,17,2,2,0.4,0.3
2026-10-08T2100,2263A,127.4832,50.2524,黑河市,交通局,,45,45,29,14,10,22,NA,47,27,22,18,9,6,0.3,0.2
2026-10-08T2100,2264A,127.5146,50.2339,黑河市,环保局,颗粒物(PM10),94,111,27,52,10,9,NA,51,33,48,15,10,6,0.7,0.2
2026-10-08T2100,2266A,126.9783,46.6365,绥化市,人和东街,颗粒物(PM10),53,54,33,15,7,33,NA,48,43,21,9,2,2,0.5,0.7
2026-10-08T2100,2267A,126.964,46.6527,绥化市,党政办公中心,,50,50,26,16,10,39,NA,53,46,18,11,7,8,0.7,0.6
2026-10-08T2100,2269A,124.1068,50.4091,大兴安岭地区,科技局,,48,48,25,11,7,32,NA,56,50,15,7,6,4,0.6,0.5
2026-10-08T2100,2270A,117.396,32.9389,蚌埠市,工人疗养院,细颗粒物(PM2.5),102,101,58,62,33,128,NA,175,166,22,21,10,9,0.7,0.5
2026-10-08T2100,2271A,117.3606,32.9428,蚌埠市,百货大楼,细颗粒物(PM2.5),82,92,61,51,33,128,NA,180,169,29,31,12,13,0.7,0.7
2026-10-08T2100,2273A,117.4183,32.8909,蚌埠市,蚌埠学院,颗粒物(PM10),70,78,54,43,31,114,NA,181,166,42,25,8,8,0.5,0.3
2026-10-08T2100,2274A,117.3534,32.9672,蚌埠市,淮上区政府,细颗粒物(PM2.5),88,88,69,54,38,129,NA,174,161,26,37,7,8,0.5,0.5
2026-10-08T2100,2275A,117.3143,32.8977,蚌埠市,高新区,颗粒物(PM10),68,75,55,40,32,84,NA,172,157,67,26,18,8,0.5,0.4
2026-10-08T2100,2277A,116.8304,32.7726,淮南市,潘集区政府,颗粒物(PM10),78,89,75,39,37,135,NA,188,176,27,27,12,13,0.6,0.6
2026-10-08T2100,2279A,116.8569,32.5949,淮南市,谢家集区政府,臭氧1小时(O3_1h),64,49,53,34,29,171,NA,193,188,22,18,17,14,0.4,0.4
2026-10-08T2100,2280A,116.8279,32.6333,淮南市,八公山区政府,颗粒物(PM10),58,61,50,36,30,158,NA,189,182,21,16,13,11,0.7,0.5
2026-10-08T2100,2282A,116.8005,33.9749,淮北市,监测站,颗粒物(PM10),66,72,66,32,36,126,NA,166,157,20,22,8,9,0.5,0.6
2026-10-08T2100,2283A,116.8094,33.9008,淮北市,烈山区政府,颗粒物(PM10),78,89,74,25,35,125,NA,178,167,25,23,6,9,0.4,0.4
2026-10-08T2100,2285A,117.8176,30.9412,铜陵市,市第四中学,颗粒物(PM10),65,70,51,39,24,110,NA,158,150,23,17,9,10,0.7,0.7
2026-10-08T2100,2287A,117.7806,30.9413,铜陵市,市新民污水厂,颗粒物(PM10),63,67,63,36,27,104,NA,145,140,23,28,6,8,0.5,0.6
2026-10-08T2100,2289A,117.846,30.9414,铜陵市,车站新区,细颗粒物(PM2.5),64,54,41,42,23,102,NA,160,149,28,22,9,10,0.7,0.6
2026-10-08T2100,2290A,117.8472,30.9699,铜陵市,市职教基地,颗粒物(PM10),71,79,50,35,24,114,NA,165,152,20,17,8,7,0.5,0.5
2026-10-08T2100,2291A,117.0806,30.5181,安庆市,环科院,颗粒物(PM10),55,56,47,34,24,93,NA,159,149,28,20,8,9,0.7,0.6
2026-10-08T2100,2292A,117.0331,30.5118,安庆市,马山宾馆,,49,48,43,34,25,108,NA,162,154,25,21,7,8,0.6,0.7
2026-10-08T2100,2294A,116.9897,30.6146,安庆市,安庆大学,细颗粒物(PM2.5),56,55,48,38,30,94,NA,155,146,16,16,6,7,0.5,0.6
2026-10-08T2100,2295A,118.2905,29.6965,黄山市,延安路89号,,50,50,29,35,15,65,NA,135,118,11,8,4,4,0.3,0.1
2026-10-08T2100,2297A,118.1369,30.2755,黄山市,黄山区政府5号楼,细颗粒物(PM2.5),66,52,30,43,18,34,NA,122,96,13,7,4,4,0.3,0.2
2026-10-08T2100,2301A,115.8276,32.8929,阜阳市,市监测站,颗粒物(PM10),71,79,72,37,36,120,NA,175,163,28,24,10,10,0.5,0.4
2026-10-08T2100,2303A,115.8551,32.8606,阜阳市,开发区,颗粒物(PM10),101,122,75,58,33,118,NA,173,160,39,28,8,8,0.7,0.6
2026-10-08T2100,2307A,116.5078,31.7369,六安市,监测大楼,,48,36,34,25,23,153,NA,142,141,13,17,4,5,0.4,0.4
2026-10-08T2100,2308A,116.4738,31.7642,六安市,皖西学院,臭氧1小时(O3_1h),52,49,38,25,25,161,NA,161,160,12,15,8,8,0.4,0.3
2026-10-08T2100,2309A,116.4997,31.7904,六安市,朝阳厂,NA,NA,46,39,26,24,NA,NA,128,127,17,17,1,2,0.2,0.2
2026-10-08T2100,2310A,116.5566,31.7885,六安市,开发区,颗粒物(PM10),65,71,59,32,22,129,NA,161,151,30,21,8,7,0.3,0.3
2026-10-08T2100,2311A,115.8071,33.8399,亳州市,污水处理厂,颗粒物(PM10),68,75,55,35,28,78,NA,161,145,40,20,21,11,0.4,0.3
2026-10-08T2100,2312A,115.7789,33.8519,亳州市,三国揽胜宫,颗粒物(PM10),67,73,58,33,30,108,NA,162,151,34,21,10,9,0.7,0.5
2026-10-08T2100,2314A,117.4698,30.6617,池州市,池州学院,,50,46,38,35,24,57,NA,140,121,47,21,5,6,0.5,0.5
2026-10-08T2100,2316A,118.7578,30.9457,宣城市,鳌峰子站,细颗粒物(PM2.5),78,61,49,49,25,147,NA,166,164,23,17,8,8,0.4,0.7
2026-10-08T2100,2317A,118.7384,30.9745,宣城市,敬亭山子站,细颗粒物(PM2.5),58,53,42,39,26,144,NA,159,156,14,12,5,3,0.4,0.4
2026-10-08T2100,2318A,118.7172,30.9428,宣城市,开发区子站,细颗粒物(PM2.5),70,65,44,45,29,155,NA,171,170,17,16,6,6,0.7,0.7
2026-10-08T2100,2319A,119.0142,25.4324,莆田市,荔城区仓后路,,36,25,28,13,11,114,NA,121,119,9,7,/,/,/,/
2026-10-08T2100,2320A,119.0016,25.4553,莆田市,莆田市监测站,,38,29,26,9,10,119,NA,126,117,5,6,6,6,0.4,0.4
2026-10-08T2100,2321A,119.112,25.4561,莆田市,涵江区六中,,33,28,33,10,12,103,NA,118,102,4,5,/,/,0.5,0.5
2026-10-08T2100,2322A,119.1014,25.3215,莆田市,秀屿区政府,,37,26,32,8,13,116,NA,117,117,7,8,9,10,0.6,0.7
2026-10-08T2100,2324A,117.621,26.2626,三明市,三钢,,28,28,24,18,17,63,NA,122,104,19,13,6,6,0.5,0.5
2026-10-08T2100,2325A,117.6352,26.2714,三明市,三明二中,,25,22,28,17,16,64,NA,120,104,18,12,6,7,0.5,0.5
2026-10-08T2100,2326A,117.6028,26.2377,三明市,三元区政府,,38,38,33,20,20,37,NA,122,99,33,20,2,3,0.7,0.8
2026-10-08T2100,2332A,118.1682,26.6371,南平市,南平市监测站,,27,27,26,15,15,59,NA,116,94,14,11,4,5,0.6,0.5
2026-10-08T2100,2334A,118.1757,26.6276,南平市,南平七中,,23,16,27,16,15,56,NA,118,93,11,11,4,5,0.3,0.5
2026-10-08T2100,2336A,117.022,25.1031,龙岩市,龙岩市监测站,,38,38,28,23,19,52,NA,130,107,28,12,19,12,0.6,0.5
2026-10-08T2100,2337A,117.0257,25.0662,龙岩市,闽西职业技术学院,,24,24,32,10,15,73,NA,132,112,9,8,7,9,0.4,0.5
2026-10-08T2100,2338A,117.0195,25.0306,龙岩市,龙岩学院,,22,19,27,14,16,70,NA,129,109,8,8,6,8,/,/
2026-10-08T2100,2341A,119.5387,26.6611,宁德市,宁德市监测站,,38,17,30,12,18,120,NA,126,124,6,7,6,6,0.8,0.7
2026-10-08T2100,2343A,117.2114,29.2931,景德镇市,老干部活动中心,,39,37,27,27,16,71,NA,145,126,5,2,4,4,0.8,0.7
2026-10-08T2100,2344A,117.1893,29.2789,景德镇市,兽医站,细颗粒物(PM2.5),56,49,32,38,16,39,NA,144,118,48,12,4,4,1.0,0.6
2026-10-08T2100,2346A,117.246,29.2958,景德镇市,陶研所,,26,26,25,9,16,63,NA,134,112,11,10,3,4,0.7,0.5
2026-10-08T2100,2348A,113.8384,27.6436,萍乡市,中医院,细颗粒物(PM2.5),64,63,40,42,24,35,NA,142,116,50,24,9,10,0.8,0.8
2026-10-08T2100,2350A,113.8677,27.6438,萍乡市,市环保局,,50,44,44,35,27,82,NA,155,142,32,21,12,13,0.5,0.5
2026-10-08T2100,2351A,113.8663,27.6202,萍乡市,安源区政府,细颗粒物(PM2.5),54,44,39,37,26,85,NA,151,137,16,16,8,10,0.7,0.9
2026-10-08T2100,2353A,114.9887,27.8433,新余市,飞宇,,49,45,43,34,27,118,NA,169,165,37,25,11,16,0.7,0.7
2026-10-08T2100,2354A,114.9234,27.8248,新余市,第二水厂,颗粒物(PM10),57,59,51,36,22,83,NA,153,140,40,29,12,12,0.6,0.4
2026-10-08T2100,2355A,114.931,27.8037,新余市,市气象局,细颗粒物(PM2.5),56,46,46,38,31,75,NA,150,136,34,18,11,12,1.1,0.9
2026-10-08T2100,2358A,117.0561,28.2641,鹰潭市,新监测站,,48,48,42,32,25,133,NA,159,154,3,11,4,7,0.5,0.5
2026-10-08T2100,2359A,117.0312,28.2474,鹰潭市,财苑宾馆,,46,46,41,26,22,136,NA,164,156,5,7,7,10,/,/
2026-10-08T2100,2360A,117.0221,28.2263,鹰潭市,体育馆,,42,40,36,28,23,134,NA,152,148,6,14,8,9,0.4,0.4
2026-10-08T2100,2363A,114.9368,25.8663,赣州市,地委,细颗粒物(PM2.5),56,54,41,38,24,63,NA,130,114,19,11,8,6,1.0,0.9
2026-10-08T2100,2364A,114.946,25.8483,赣州市,气象台,颗粒物(PM10),58,61,38,33,23,61,NA,129,109,26,16,8,7,0.4,0.4
2026-10-08T2100,2365A,114.932,25.8332,赣州市,市图书馆,颗粒物(PM10),67,73,38,36,26,62,NA,141,121,27,16,3,4,1.4,1.4
2026-10-08T2100,2366A,114.8905,25.8472,赣州市,华坚鞋城,颗粒物(PM10),53,54,43,30,28,85,NA,126,111,18,16,1,2,0.5,0.5
2026-10-08T2100,2367A,114.9753,27.0803,吉安市,红声器材厂,细颗粒物(PM2.5),52,51,44,36,25,76,NA,137,127,31,20,8,13,0.4,0.3
2026-10-08T2100,2369A,114.9903,27.1313,吉安市,市环境监测站,颗粒物(PM10),51,51,42,25,22,63,NA,145,132,42,18,6,7,/,/
2026-10-08T2100,2370A,115.009527,27.096792,吉安市,青原区法院,颗粒物(PM10),61,65,43,38,25,68,NA,146,126,27,18,9,9,0.3,0.3
2026-10-08T2100,2373A,114.3954,27.7843,宜春市,市石油公司,颗粒物(PM10),58,61,39,36,22,67,NA,145,125,22,15,3,4,0.6,0.6
2026-10-08T2100,2374A,114.37,27.7916,宜春市,市气象局,颗粒物(PM10),53,54,36,28,20,102,NA,145,136,14,14,2,3,0.6,0.6
2026-10-08T2100,2375A,114.401,27.8059,宜春市,市广电局,,48,46,41,33,23,90,NA,133,126,19,16,5,7,0.5,0.4
2026-10-08T2100,2377A,116.3544,27.9833,抚州市,市站,颗粒物(PM10),53,53,42,33,22,112,NA,127,124,7,8,7,8,0.6,0.5
2026-10-08T2100,2378A,116.3562,27.9631,抚州市,血防站,NA,NA,51,43,36,25,123,NA,134,132,NA,15,7,6,0.5,0.5
2026-10-08T2100,2379A,116.3561,28.0007,抚州市,采茶剧团,颗粒物(PM10),55,56,42,36,22,123,NA,143,138,7,7,4,4,0.5,0.5
2026-10-08T2100,2380A,116.3854,27.9648,抚州市,医学分院,,50,47,39,35,22,113,NA,138,133,7,8,4,4,0.7,0.6
2026-10-08T2100,2382A,117.9758,28.4439,上饶市,市监测站,,45,40,42,26,24,144,NA,168,162,2,5,2,3,/,/
2026-10-08T2100,2383A,117.9521,28.4637,上饶市,凤凰光学,,50,50,43,35,25,116,NA,141,138,16,12,5,5,0.3,0.2
2026-10-08T2100,2385A,114.17,35.9019,鹤壁市,市监测站,颗粒物(PM10),76,86,63,30,26,108,NA,160,151,19,16,3,6,0.6,0.6
2026-10-08T2100,2386A,114.2953,35.7512,鹤壁市,市交警支队,颗粒物(PM10),108,140,90,34,33,101,NA,151,141,31,30,8,7,0.7,0.6
2026-10-08T2100,2387A,114.2877,35.7302,鹤壁市,迎宾馆,颗粒物(PM10),110,145,102,26,32,115,NA,162,154,25,27,8,7,0.7,0.7
2026-10-08T2100,2389A,113.836,35.3104,新乡市,环保西院,颗粒物(PM10),81,93,80,27,32,133,NA,165,160,20,24,10,11,0.6,0.6
2026-10-08T2100,2390A,113.8847,35.2724,新乡市,开发区,颗粒物(PM10),87,101,72,26,26,132,NA,158,154,20,23,8,9,0.5,0.5
2026-10-08T2100,2391A,113.8836,35.3028,新乡市,环保东院,颗粒物(PM10),80,92,68,26,27,130,NA,158,154,16,21,7,8,0.5,0.5
2026-10-08T2100,2392A,115.0312,35.7636,濮阳市,环保局,颗粒物(PM10),55,57,66,25,27,127,NA,158,153,20,18,7,6,0.6,0.5
2026-10-08T2100,2398A,113.7904,33.9949,许昌市,开发区,颗粒物(PM10),77,87,68,42,29,90,NA,141,130,34,32,8,7,0.5,0.5
2026-10-08T2100,2399A,114.051,33.5721,漯河市,三五一五工厂,颗粒物(PM10),83,96,70,34,28,100,NA,157,147,32,26,7,8,0.5,0.4
2026-10-08T2100,2400A,114.0055,33.5698,漯河市,漯河大学,颗粒物(PM10),92,108,70,34,26,101,NA,157,148,36,23,9,9,0.5,0.5
2026-10-08T2100,2401A,114.0134,33.5826,漯河市,市水利局,颗粒物(PM10),84,97,62,36,25,112,NA,162,154,26,18,10,11,0.4,0.4
2026-10-08T2100,2402A,114.0261,33.5697,漯河市,市广电局,颗粒物(PM10),79,90,62,34,27,112,NA,160,152,23,17,6,6,0.4,0.4
2026-10-08T2100,2404A,112.5338,33.0086,南阳市,瓦房庄,"颗粒物(PM10),细颗粒物(PM2.5)",107,136,69,67,26,24,NA,166,136,90,29,8,8,1.5,0.9
2026-10-08T2100,2405A,112.5002,32.9734,南阳市,汉画馆,细颗粒物(PM2.5),122,123,69,84,29,42,NA,157,131,55,30,9,8,1.2,0.5
2026-10-08T2100,2406A,112.5778,33.0144,南阳市,气象站,颗粒物(PM10),80,92,65,37,22,88,NA,162,151,35,24,8,9,1.1,0.7
2026-10-08T2100,2407A,112.548,32.9687,南阳市,理工学院,颗粒物(PM10),83,95,64,40,26,103,NA,167,157,30,25,11,10,0.8,0.5
2026-10-08T2100,2408A,115.6701,34.4283,商丘市,环境监测站,NA,NA,NA,54,26,26,120,NA,166,161,24,16,7,6,0.4,0.3
2026-10-08T2100,2409A,115.6458,34.4047,商丘市,粮食局,,44,44,43,29,24,129,NA,164,158,34,25,8,8,0.5,0.4
2026-10-08T2100,2420A,114.0194,32.9648,驻马店市,市一纸厂,颗粒物(PM10),82,94,55,34,21,78,NA,146,132,44,22,5,6,0.5,0.4
2026-10-08T2100,2421A,114.0112,33.0149,驻马店市,市彩印厂,颗粒物(PM10),70,78,60,24,22,102,NA,152,140,32,15,6,6,0.4,0.4
2026-10-08T2100,2423A,115.0547,30.2332,黄石市,沈家营,颗粒物(PM10),51,51,49,23,32,110,NA,162,152,12,22,8,9,0.5,0.4
2026-10-08T2100,2426A,114.899,30.211,黄石市,铁山,,48,45,37,33,22,93,NA,157,146,30,14,8,9,0.5,0.4
2026-10-08T2100,2427A,115.0259,30.2108,黄石市,团城山,细颗粒物(PM2.5),52,48,51,36,28,144,NA,164,160,11,19,10,12,0.4,0.5
2026-10-08T2100,2429A,110.78,32.6494,十堰市,滨河新村,细颗粒物(PM2.5),70,73,38,45,20,60,NA,127,117,38,17,/,/,1.0,0.7
2026-10-08T2100,2430A,110.7305,32.6408,十堰市,刘家沟,颗粒物(PM10),58,61,36,36,18,93,NA,128,120,11,9,/,/,/,/
2026-10-08T2100,2431A,110.8843,32.5712,十堰市,铁二处,NA,NA,NA,34,37,18,NA,NA,121,118,NA,14,NA,8,NA,0.7
2026-10-08T2100,2432A,112.1555,32.0197,襄阳市,襄城运动路,颗粒物(PM10),59,62,62,34,33,80,NA,164,142,33,20,8,11,0.7,0.6
2026-10-08T2100,2434A,112.1829,32.1146,襄阳市,高新管委会,颗粒物(PM10),63,68,58,34,32,98,NA,166,152,31,15,9,9,0.6,0.6
2026-10-08T2100,2435A,112.2105,32.0903,襄阳市,襄州航空路,,48,42,60,33,31,67,NA,154,139,36,17,9,10,0.8,0.5
2026-10-08T2100,2436A,114.894,30.3989,鄂州市,市政府,颗粒物(PM10),63,67,50,41,31,84,NA,152,135,30,21,7,11,0.4,0.3
2026-10-08T2100,2437A,114.8986,30.3714,鄂州市,赵家坝,细颗粒物(PM2.5),64,61,53,42,34,77,NA,157,141,43,26,6,13,0.8,0.8
2026-10-08T2100,2439A,112.2012,31.048,荆门市,竹园小学,颗粒物(PM10),57,59,54,38,34,87,NA,169,145,31,21,8,9,0.6,0.6
2026-10-08T2100,2440A,112.1968,30.9892,荆门市,掇刀,颗粒物(PM10),62,66,58,40,42,89,NA,175,158,36,25,9,11,0.7,0.7
2026-10-08T2100,2444A,113.9062,30.9378,孝感市,东城区,细颗粒物(PM2.5),82,90,68,51,31,94,NA,178,168,39,23,9,9,1.3,0.9
2026-10-08T2100,2446A,114.9021,30.474,黄冈市,职工中心,细颗粒物(PM2.5),64,47,40,42,30,89,NA,164,150,31,16,9,10,0.5,0.4
2026-10-08T2100,2451A,113.3587,31.7275,随州市,市委党校,细颗粒物(PM2.5),82,77,45,51,25,29,NA,158,130,40,20,10,10,1.0,0.7
2026-10-08T2100,2452A,113.3745,31.6926,随州市,市林业局,,46,46,50,24,20,110,NA,145,140,18,15,8,10,0.6,0.6
2026-10-08T2100,2453A,113.3984,31.7309,随州市,市立交桥水厂,颗粒物(PM10),71,79,50,42,23,36,NA,153,127,51,20,12,10,0.7,0.6
2026-10-08T2100,2454A,109.4978,30.2979,恩施土家族苗族自治州,湖北民院,细颗粒物(PM2.5),92,67,40,56,25,32,NA,91,78,20,11,3,3,0.8,0.6
2026-10-08T2100,2457A,112.6209,26.9268,衡阳市,衡阳化工总厂,"颗粒物(PM10),细颗粒物(PM2.5)",60,63,47,40,28,86,NA,142,132,25,20,12,17,0.7,0.6
2026-10-08T2100,2458A,112.621,26.8957,衡阳市,珠晖区环保局,NA,NA,NA,49,NA,26,NA,NA,139,138,NA,35,NA,12,NA,0.6
2026-10-08T2100,2459A,112.628,26.8654,衡阳市,市委党校,NA,NA,NA,43,29,28,112,NA,153,145,22,19,8,10,NA,0.7
2026-10-08T2100,2460A,112.6007,26.8977,衡阳市,市监测站,细颗粒物(PM2.5),78,77,52,49,33,89,NA,144,129,33,25,10,11,1.0,0.8
2026-10-08T2100,2461A,112.5658,26.9013,衡阳市,真空机电公司,颗粒物(PM10),55,57,50,31,33,100,NA,140,132,21,18,17,10,0.8,0.7
2026-10-08T2100,2464A,111.5277,27.2442,邵阳市,市化工厂,颗粒物(PM10),69,76,46,41,37,102,NA,153,140,23,16,10,9,0.6,0.6
2026-10-08T2100,2466A,111.4327,27.2276,邵阳市,市环保局,"颗粒物(PM10),细颗粒物(PM2.5)",52,52,56,36,35,91,NA,152,142,23,15,13,11,0.9,0.7
2026-10-08T2100,2468A,112.3458,28.581,益阳市,市环保局,颗粒物(PM10),59,62,36,34,27,111,NA,157,146,30,30,8,8,0.9,0.8
2026-10-08T2100,2473A,113.0116,25.8228,郴州市,市职中,细颗粒物(PM2.5),58,55,39,39,27,49,NA,121,106,24,23,9,10,0.7,0.6
2026-10-08T2100,2475A,113.0381,25.8074,郴州市,市审计局,颗粒物(PM10),51,51,40,30,26,76,NA,136,124,20,22,10,11,/,/
2026-10-08T2100,2476A,113.0348,25.7757,郴州市,市环保局,,38,36,37,26,23,88,NA,128,122,16,21,9,10,0.6,0.6
2026-10-08T2100,2478A,111.6126,26.4266,永州市,市环境监测站,颗粒物(PM10),51,51,47,35,33,105,NA,149,137,21,17,10,12,0.9,0.8
2026-10-08T2100,2480A,111.6248,26.3803,永州市,永州市环保局,,46,46,40,32,27,106,NA,146,141,15,9,7,8,0.6,0.6
2026-10-08T2100,2481A,111.5989,26.4523,永州市,冷水滩区环保局,细颗粒物(PM2.5),88,89,49,54,30,60,NA,142,129,35,14,9,11,1.0,0.7
2026-10-08T2100,2483A,109.9297,27.5383,怀化市,河西地税局,,36,36,31,23,20,41,NA,121,100,16,14,9,10,/,/
2026-10-08T2100,2484A,109.9783,27.5342,怀化市,市四医院,,45,45,35,30,18,72,NA,37,NA,19,15,11,10,0.6,0.5
2026-10-08T2100,2485A,109.9971,27.5579,怀化市,监测楼,,50,50,37,21,22,70,NA,109,98,22,21,8,9,0.3,0.3
2026-10-08T2100,2488A,111.9984,27.7346,娄底市,市监测站,"颗粒物(PM10),细颗粒物(PM2.5)",52,52,53,36,31,103,NA,150,142,23,25,5,11,0.6,0.8
2026-10-08T2100,2491A,111.9888,27.7035,娄底市,市政府,细颗粒物(PM2.5),118,NA,47,79,32,56,NA,126,NA,21,13,3,4,0.8,0.6
2026-10-08T2100,2493A,109.7298,28.3164,湘西土家族苗族自治州,州政府,,43,43,28,29,15,50,NA,108,96,10,6,3,4,0.4,0.3
2026-10-08T2100,2494A,109.6957,28.2676,湘西土家族苗族自治州,吉首市计生局,,30,30,25,20,16,59,NA,109,98,10,7,6,6,0.3,0.3
2026-10-08T2100,2496A,111.3126,23.4772,梧州市,市十一中,,47,47,43,30,22,43,NA,113,96,15,10,9,11,0.5,0.4
2026-10-08T2100,2498A,111.26,23.4794,梧州市,龙新,NA,NA,67,43,27,19,NA,NA,115,107,31,18,10,10,0.4,0.6
2026-10-08T2100,2499A,108.3411,21.6159,防城港市,沙万,颗粒物(PM10),56,58,50,37,27,124,NA,143,139,33,16,8,7,0.8,0.7
2026-10-08T2100,2500A,108.3515,21.7733,防城港市,防城档案局,细颗粒物(PM2.5),72,78,51,46,26,51,NA,127,111,21,12,6,7,0.9,0.7
2026-10-08T2100,2501A,108.3506,21.6414,防城港市,大海花园,NA,NA,NA,42,NA,28,116,NA,148,142,21,11,14,10,NA,0.8
2026-10-08T2100,2502A,108.6238,21.9667,钦州市,市环保站,,44,44,46,26,23,109,NA,131,127,16,14,9,12,0.6,0.6
2026-10-08T2100,2503A,108.655,21.9481,钦州市,沙埠小学,细颗粒物(PM2.5),52,43,49,36,26,88,NA,131,123,30,14,10,11,0.5,0.4
2026-10-08T2100,2504A,108.5989,21.7435,钦州市,港区一小,颗粒物(PM10),60,64,57,26,26,104,NA,138,133,28,22,8,9,0.7,0.7
2026-10-08T2100,2506A,109.604387,23.066791,贵港市,江南子站,颗粒物(PM10),51,51,59,32,30,94,NA,132,124,22,27,5,7,0.6,0.6
2026-10-08T2100,2508A,109.5669,23.1065,贵港市,荷城子站,,46,46,38,28,18,91,NA,139,131,22,15,5,7,0.6,0.5
2026-10-08T2100,2511A,110.1433,22.6162,玉林市,南江一中,NA,NA,52,37,26,22,NA,NA,154,150,20,23,10,11,0.6,0.5
2026-10-08T2100,2512A,106.6102,23.901,百色市,市监测站,NA,NA,24,26,19,12,73,NA,124,118,13,10,NA,8,0.4,0.3
2026-10-08T2100,2513A,106.6524,23.8842,百色市,市中心血站,颗粒物(PM10),56,58,39,19,22,53,NA,125,116,41,19,10,13,0.3,0.3
2026-10-08T2100,2514A,111.5264,24.4178,贺州市,环保小区,NA,NA,58,32,30,21,NA,NA,136,129,14,12,13,13,0.7,0.5
2026-10-08T2100,2515A,111.561,24.4074,贺州市,政协大楼,,43,41,30,30,20,75,NA,133,120,16,16,12,12,0.7,0.6
2026-10-08T2100,2517A,108.0496,24.6957,河池市,市环保站,,29,23,26,20,11,52,NA,106,98,17,12,10,8,0.7,0.6
2026-10-08T2100,2520A,109.2203,23.7252,来宾市,来宾技工学校,NA,NA,71,46,42,24,NA,NA,134,131,43,19,10,15,0.7,0.5
2026-10-08T2100,2521A,107.3473,22.4137,崇左市,市环保局江州分局,颗粒物(PM10),52,52,37,27,19,84,NA,147,133,23,16,4,5,0.8,0.7
2026-10-08T2100,2524A,105.8211,32.4444,广元市,老城,颗粒物(PM10),61,65,52,34,36,7,NA,71,63,51,26,4,7,0.9,1
2026-10-08T2100,2526A,105.8629,32.429,广元市,监测站,颗粒物(PM10),63,68,57,38,33,35,NA,74,72,20,19,5,7,0.8,0.8
2026-10-08T2100,2528A,105.5581,30.5231,遂宁市,市监测站,细颗粒物(PM2.5),111,105,67,72,41,55,NA,102,98,24,18,8,8,0.8,0.6
2026-10-08T2100,2530A,105.5917,30.4727,遂宁市,美宁食品公司,颗粒物(PM10),70,77,58,37,39,48,NA,102,93,30,20,9,9,0.8,0.7
2026-10-08T2100,2531A,105.0703,29.61,内江市,市监测站,细颗粒物(PM2.5),110,NA,50,71,47,85,NA,108,104,14,14,8,8,0.9,0.8
2026-10-08T2100,2533A,105.0657,29.5807,内江市,内江二中,细颗粒物(PM2.5),104,NA,56,64,45,82,NA,109,103,17,14,7,7,0.6,0.5
2026-10-08T2100,2534A,105.0407,29.5828,内江市,内江日报社,细颗粒物(PM2.5),108,NA,47,68,48,80,NA,107,102,19,19,9,9,0.4,0.3
2026-10-08T2100,2536A,103.7629,29.5844,乐山市,牛耳桥,细颗粒物(PM2.5),125,101,69,87,52,34,NA,72,70,33,21,10,10,1.2,0.9
2026-10-08T2100,2537A,103.7501,29.6002,乐山市,市第三水厂,细颗粒物(PM2.5),123,94,61,85,51,66,NA,85,85,34,19,9,8,1.0,0.8
2026-10-08T2100,2538A,103.7571,29.5664,乐山市,市监测站,细颗粒物(PM2.5),119,130,80,80,49,53,NA,78,77,24,17,6,7,0.9,0.8
2026-10-08T2100,2540A,103.8414,30.0871,眉山市,气象局,细颗粒物(PM2.5),101,74,75,61,52,78,NA,92,92,26,28,10,15,1.0,1.1
2026-10-08T2100,2544A,106.6307,30.4577,广安市,市委,细颗粒物(PM2.5),109,77,52,69,39,47,NA,90,86,24,15,8,8,0.6,0.5
2026-10-08T2100,2545A,106.6266,30.4662,广安市,友谊中学,,48,48,43,33,32,43,NA,92,88,25,11,9,9,0.7,0.6
2026-10-08T2100,2547A,106.6386,30.4551,广安市,广电花园,细颗粒物(PM2.5),82,51,45,51,39,57,NA,93,90,22,13,8,8,0.7,0.6
2026-10-08T2100,2549A,107.5087,31.2186,达州市,市环境监测站,细颗粒物(PM2.5),70,57,52,45,27,22,NA,70,64,38,26,6,7,0.6,0.5
2026-10-08T2100,2550A,107.4988,31.2132,达州市,凤凰小区,"颗粒物(PM10),细颗粒物(PM2.5)",62,66,50,41,27,16,NA,77,66,46,25,6,7,0.6,0.5
2026-10-08T2100,2551A,107.5081,31.1987,达州市,达县机关宾馆,颗粒物(PM10),67,73,54,43,29,3,NA,75,59,60,31,5,6,0.4,0.4
2026-10-08T2100,2552A,107.4644,31.2124,达州市,市政中心,颗粒物(PM10),73,82,64,36,29,6,NA,79,68,68,31,6,6,1.0,0.5
2026-10-08T2100,2555A,103.011,29.9833,雅安市,市政府,细颗粒物(PM2.5),66,63,42,43,28,28,NA,56,56,17,12,7,7,0.8,0.6
2026-10-08T2100,2556A,102.9907,29.9778,雅安市,川农大,细颗粒物(PM2.5),70,63,42,45,29,40,NA,55,55,12,9,7,7,0.7,0.6
2026-10-08T2100,2562A,104.6357,30.1508,资阳市,资阳中学,细颗粒物(PM2.5),86,87,77,53,52,69,NA,98,93,15,12,7,6,0.4,0.4
2026-10-08T2100,2565A,104.6297,30.1259,资阳市,区法院,细颗粒物(PM2.5),74,63,67,47,51,80,NA,100,98,14,15,3,2,0.7,0.7
2026-10-08T2100,2568A,102.2503,31.8896,阿坝藏族羌族自治州,马师校,,36,36,28,11,7,27,NA,70,60,15,6,4,4,0.5,0.4
2026-10-08T2100,2570A,101.96,30.048,甘孜藏族自治州,水桥子,,17,13,14,11,4,52,NA,66,66,3,11,2,2,0.2,0.2
2026-10-08T2100,2573A,102.2629,27.8981,凉山彝族自治州,西昌市政府,,26,25,20,18,17,58,NA,96,93,8,7,10,10,0.9,0.9
2026-10-08T2100,2574A,102.2686,27.885,凉山彝族自治州,凉山州政府,,33,28,20,23,16,53,NA,94,90,15,7,6,7,0.8,0.8
2026-10-08T2100,2577A,104.8293,26.592,六盘水市,黄土坡,,35,34,37,23,21,112,NA,110,110,9,11,6,4,0.3,0.3
2026-10-08T2100,2579A,104.8481,26.5898,六盘水市,民中,,34,23,23,22,20,108,NA,110,110,10,12,3,2,0.4,0.4
2026-10-08T2100,2580A,104.9541,26.5506,六盘水市,双水,,34,34,26,22,18,103,NA,105,105,10,8,6,6,0.4,0.4
2026-10-08T2100,2585A,109.1839,27.7344,铜仁市,铜仁卫校,颗粒物(PM10),58,60,25,22,13,45,NA,112,99,30,12,2,2,0.5,0.4
2026-10-08T2100,2586A,109.1752,27.6945,铜仁市,铜仁七中,NA,NA,27,20,15,10,NA,NA,112,105,12,7,6,6,0.3,0.2
2026-10-08T2100,2587A,105.287,27.3133,毕节市,八中,颗粒物(PM10),58,60,51,35,35,54,NA,105,95,9,12,7,9,0.6,0.6
2026-10-08T2100,2588A,105.3079,27.2987,毕节市,师专,颗粒物(PM10),56,58,57,36,36,48,NA,102,92,18,16,7,10,0.7,0.5
2026-10-08T2100,2589A,104.9022,25.0943,黔西南布依族苗族自治州,场坝街,,43,37,30,30,22,93,NA,94,94,5,4,9,17,0.4,0.4
2026-10-08T2100,2590A,104.8812,25.0994,黔西南布依族苗族自治州,坪东大道,NA,NA,29,36,26,23,NA,NA,89,89,NA,11,NA,17,NA,0.4
2026-10-08T2100,2591A,107.9765,26.5724,黔东南苗族侗族自治州,市环境监测站,,44,44,29,20,16,42,NA,89,79,30,15,4,4,0.5,0.5
2026-10-08T2100,2593A,107.5223,26.2371,黔南布依族苗族自治州,小围寨,,24,24,16,14,12,64,NA,108,98,12,9,2,2,0.3,0.3
2026-10-08T2100,2594A,99.1589,25.1137,保山市,市环境监测站,,26,24,15,18,8,59,NA,81,76,7,6,7,7,0.4,0.3
2026-10-08T2100,2595A,99.1616,25.1381,保山市,市环保局,,19,17,11,10,9,60,NA,80,77,4,4,5,4,0.4,0.4
2026-10-08T2100,2596A,103.7668,27.3736,昭通市,监测站,,43,43,47,30,29,70,NA,91,86,9,12,6,7,0.5,0.5
2026-10-08T2100,2599A,100.2497,26.8802,丽江市,丽江古城,,29,22,16,20,8,72,NA,81,80,13,9,4,4,0.6,0.5
2026-10-08T2100,2600A,100.2203,26.8906,丽江市,市中心,,22,NA,10,15,8,69,NA,75,74,13,10,6,6,0.6,0.5
2026-10-08T2100,2601A,100.9801,22.7634,普洱市,市环保局,,41,41,33,17,14,52,NA,75,72,7,6,8,8,0.7,0.7
2026-10-08T2100,2602A,100.9763,22.8237,普洱市,普洱第二中学,,43,43,31,20,13,44,NA,77,71,12,9,9,10,0.7,0.8
2026-10-08T2100,2603A,100.0779,23.8981,临沧市,市环保局,,22,21,18,15,12,41,NA,70,64,18,11,10,10,0.4,0.4
2026-10-08T2100,2604A,100.0894,23.882,临沧市,市气象局,,30,25,20,21,15,48,NA,76,72,10,10,9,10,0.5,0.5
2026-10-08T2100,2606A,101.5379,25.0492,楚雄彝族自治州,市经济开发区,,24,24,18,13,14,61,NA,75,72,10,13,2,2,0.6,0.6
2026-10-08T2100,2610A,104.2533,23.3595,文山壮族苗族自治州,州水务局,,35,35,27,15,16,80,NA,96,92,12,11,6,5,0.4,0.4
2026-10-08T2100,2611A,104.2319,23.3892,文山壮族苗族自治州,市便民服务中心,,32,32,27,19,15,84,NA,99,96,8,8,3,4,0.4,0.3
2026-10-08T2100,2612A,100.8018,21.9995,西双版纳傣族自治州,景洪市江南,,41,41,30,20,17,45,NA,74,69,8,8,10,10,1.0,0.9
2026-10-08T2100,2613A,100.7995,22.0238,西双版纳傣族自治州,景洪市江北,,45,41,27,31,15,43,NA,75,70,10,6,10,9,0.8,0.7
2026-10-08T2100,2614A,100.2168,25.5818,大理白族自治州,大理市环境监测站,,25,15,12,14,10,80,NA,80,80,8,7,5,6,0.2,0.3
2026-10-08T2100,2615A,100.1542,25.7055,大理白族自治州,大理古城,,23,23,14,15,11,51,NA,76,68,16,11,8,7,0.8,0.7
2026-10-08T2100,2616A,98.5611,24.4273,德宏傣族景颇族自治州,德宏州监测站,,38,34,19,26,16,43,NA,86,79,20,13,7,7,0.9,0.8
2026-10-08T2100,2618A,98.859,25.8541,怒江傈僳族自治州,州监测站,,32,32,20,21,13,43,NA,73,71,18,8,7,8,0.7,0.5
2026-10-08T2100,2619A,98.8607,25.8168,怒江傈僳族自治州,泸水一中,NA,NA,41,23,10,13,NA,NA,60,59,22,12,5,6,0.5,0.6
2026-10-08T2100,2621A,99.7054,27.8319,迪庆藏族自治州,迪庆州站,,25,21,20,9,9,77,NA,80,80,10,10,8,8,0.4,0.4
2026-10-08T2100,2622A,97.1813,31.1289,昌都市,昌都监测站,,18,17,12,11,6,55,NA,88,86,27,13,4,4,0.5,0.3
2026-10-08T2100,2624A,91.7592,29.234,山南市,山南监测站,,34,10,8,2,2,107,NA,98,98,2,6,3,3,0.2,0.2
2026-10-08T2100,2625A,91.7701,29.2436,山南市,山南人民医院,,34,17,12,3,3,107,NA,101,101,4,5,6,5,0.2,0.2
2026-10-08T2100,2626A,88.8873,29.2723,日喀则市,日喀则监测站,,49,49,18,12,7,100,NA,97,97,4,7,4,4,0.3,0.3
2026-10-08T2100,2628A,92.0653,31.4846,那曲市,那曲监测站,,49,38,52,34,28,60,NA,82,76,28,24,10,11,1.0,0.8
2026-10-08T2100,2630A,80.1171,32.4999,阿里地区,阿里监测站,,26,21,20,8,6,83,NA,104,99,13,7,4,5,0.3,0.3
2026-10-08T2100,2632A,94.3683,29.6373,林芝市,林芝监测站,NA,NA,11,10,6,5,NA,NA,71,71,3,6,6,5,0.3,0.3
2026-10-08T2100,2633A,94.3616,29.6634,林芝市,林芝人民医院,,25,9,12,8,9,80,NA,71,71,5,8,5,5,0.2,0.1
2026-10-08T2100,2635A,107.0155,33.0707,汉中市,市监测站,细颗粒物(PM2.5),84,71,60,52,42,39,NA,82,74,21,13,6,6,0.5,0.5
2026-10-08T2100,2636A,107.0083,33.114,汉中市,鑫源开发区,细颗粒物(PM2.5),84,61,63,52,46,38,NA,86,78,29,21,7,7,0.4,0.5
2026-10-08T2100,2637A,107.0072,33.0323,汉中市,南郑大河坎水厂,细颗粒物(PM2.5),115,95,54,76,38,25,NA,75,64,28,14,4,4,0.8,0.6
2026-10-08T2100,2639A,109.7445,38.2919,榆林市,世纪广场,,47,47,48,20,21,85,NA,116,109,27,19,6,7,0.4,0.4
2026-10-08T2100,2640A,109.729,38.2837,榆林市,实验中学,,33,33,38,13,18,100,NA,119,116,18,14,5,6,0.5,0.5
2026-10-08T2100,2641A,109.7347,38.2491,榆林市,环保监测大楼,,34,29,34,14,24,107,NA,117,115,13,17,6,7,0.4,0.5
2026-10-08T2100,2644A,109.0088,32.6974,安康市,汉滨区检察院,,42,42,35,23,21,38,NA,82,72,14,13,4,6,0.7,0.8
2026-10-08T2100,2645A,109.9155,33.8714,商洛市,监测站,,43,41,32,30,18,71,NA,127,112,27,15,4,6,0.4,0.3
2026-10-08T2100,2647A,104.1727,36.5448,白银市,第三小学,颗粒物(PM10),66,72,52,22,20,92,NA,108,106,18,13,10,15,0.7,0.7
2026-10-08T2100,2648A,104.1467,36.5482,白银市,动力公司,颗粒物(PM10),55,57,45,18,18,101,NA,120,118,13,13,4,7,0.4,0.6
2026-10-08T2100,2650A,105.72058,34.57859,天水市,公园小学,颗粒物(PM10),52,52,46,31,26,48,NA,91,87,24,17,12,11,0.5,0.4
2026-10-08T2100,2651A,105.89428,34.55353,天水市,麦积国土局,细颗粒物(PM2.5),60,53,51,40,28,64,NA,104,100,15,16,10,8,0.5,0.5
2026-10-08T2100,2652A,102.6203,37.925,武威市,监测站,颗粒物(PM10),112,149,83,41,25,59,NA,107,96,25,18,12,12,0.4,0.4
2026-10-08T2100,2654A,100.4699,38.9525,张掖市,润泉湖,,32,32,91,11,28,93,NA,97,97,6,21,1,5,0.2,0.4
2026-10-08T2100,2655A,100.4155,38.9422,张掖市,区工会,,33,33,89,14,25,99,NA,106,106,5,17,1,3,0.2,0.3
2026-10-08T2100,2656A,106.6633,35.5338,平凉市,聚贤嘉苑,,49,49,46,27,21,88,NA,110,108,21,16,10,10,0.8,0.7
2026-10-08T2100,2657A,106.7021,35.5307,平凉市,博物馆,颗粒物(PM10),64,69,51,32,26,85,NA,114,110,25,17,9,9,1.7,0.8
2026-10-08T2100,2661A,107.6325,35.7357,庆阳市,庆阳五中,,45,45,44,25,23,103,NA,106,104,12,10,3,4,0.4,0.4
2026-10-08T2100,2662A,107.6361,35.7067,庆阳市,市环保局,,47,47,46,27,24,109,NA,108,106,11,9,2,3,0.5,0.5
2026-10-08T2100,2669A,102.9097,34.9841,甘南藏族自治州,州政府,,34,34,46,19,22,84,NA,83,83,9,20,8,9,0.4,0.4
2026-10-08T2100,2671A,100.9016,36.9464,海北藏族自治州,海晏县西海镇,,49,49,34,30,19,120,NA,130,130,4,5,12,10,0.4,0.5
2026-10-08T2100,2672A,102.02,35.5101,黄南藏族自治州,同仁县隆务镇,颗粒物(PM10),53,53,31,30,14,98,NA,116,114,2,3,8,7,0.3,0.2
2026-10-08T2100,2673A,100.6158,36.2985,海南藏族自治州,共和县恰卜恰镇,颗粒物(PM10),57,59,27,33,14,91,NA,102,99,12,9,8,7,0.5,0.5
2026-10-08T2100,2674A,100.2262,34.4854,果洛藏族自治州,玛沁县大武镇,颗粒物(PM10),69,76,41,21,13,56,NA,98,93,16,10,16,15,0.5,0.4
2026-10-08T2100,2675A,97.0386,33.0138,玉树藏族自治州,玉树县结古镇,,39,31,12,27,13,42,NA,96,89,45,19,3,2,0.4,0.4
2026-10-08T2100,2676A,97.373,37.376,海西蒙古族藏族自治州,德令哈市,,28,28,41,19,16,87,NA,95,94,6,6,15,18,0.4,0.5
2026-10-08T2100,2677A,106.1535,37.9648,吴忠市,教育园区,NA,NA,75,57,NA,21,NA,NA,116,107,80,21,7,8,0.7,0.4
2026-10-08T2100,2679A,106.1851,37.9957,吴忠市,新区二泵站,颗粒物(PM10),84,97,66,47,23,20,NA,118,98,90,21,10,12,1.3,0.7
2026-10-08T2100,2682A,105.1965,37.4996,中卫市,环保局站,,48,48,53,29,17,71,NA,112,104,31,10,4,4,0.4,0.3
2026-10-08T2100,2684A,106.2753,36.0057,固原市,监测站,颗粒物(PM10),71,79,42,26,17,38,NA,127,106,54,27,6,6,0.5,0.4
2026-10-08T2100,2685A,106.2384,36.0189,固原市,新区,NA,NA,89,42,28,17,NA,NA,113,95,81,22,6,6,0.6,0.5
2026-10-08T2100,2686A,89.1905,42.9419,吐鲁番市,市环保局,颗粒物(PM10),62,66,31,32,13,68,NA,90,84,28,11,3,3,0.5,0.4
2026-10-08T2100,2687A,89.1674,42.9558,吐鲁番市,地区环保局,颗粒物(PM10),53,54,26,24,10,68,NA,94,91,22,11,2,2,0.5,0.3
2026-10-08T2100,2688A,93.5124,42.8176,哈密市,地区监测站,,24,20,19,8,7,74,NA,89,88,16,8,4,4,0.0,0
2026-10-08T2100,2689A,93.5014,42.8312,哈密市,哈密师范学校,颗粒物(PM10),55,56,22,27,10,40,NA,87,82,34,10,2,2,0.5,0.2
2026-10-08T2100,2692A,87.2722,44.0298,昌吉回族自治州,新区政务中心,NA,NA,NA,29,NA,12,NA,NA,78,78,20,16,6,8,0.3,0.3
2026-10-08T2100,2693A,82.0482,44.8553,博尔塔拉蒙古自治州,市党校,颗粒物(PM10),73,81,61,24,11,34,NA,66,62,32,12,5,7,0.4,0.3
2026-10-08T2100,2694A,82.0805,44.8966,博尔塔拉蒙古自治州,市环保局,颗粒物(PM10),62,66,48,15,8,40,NA,69,67,29,14,7,7,0.3,0.2
2026-10-08T2100,2695A,80.2899,41.1684,阿克苏地区,电视台,NA,NA,51,36,26,12,74,NA,97,96,NA,10,NA,5,0.2,0.1
2026-10-08T2100,2696A,80.2592,41.1541,阿克苏地区,艺术中心,颗粒物(PM10),56,58,40,24,13,80,NA,106,104,23,12,6,6,0.5,0.3
2026-10-08T2100,2697A,76.1457,39.7143,克孜勒苏柯尔克孜自治州,市人民政府,NA,NA,46,99,25,35,NA,NA,108,108,NA,10,4,4,0.3,0.4
2026-10-08T2100,2698A,76.0071,39.466,喀什地区,巡警大队,细颗粒物(PM2.5),54,40,117,37,47,87,NA,99,99,18,13,4,4,0.2,0.2
2026-10-08T2100,2699A,75.9756,39.4693,喀什地区,吾办,,49,49,117,21,36,78,NA,95,94,20,11,2,2,0.5,0.4
2026-10-08T2100,2704A,81.3002,43.9177,伊犁哈萨克自治州,新政府片区,NA,NA,33,40,19,19,NA,NA,78,78,12,23,6,6,0.3,0.6
2026-10-08T2100,2705A,81.3364,43.9409,伊犁哈萨克自治州,第二水厂,,49,49,52,14,19,43,NA,76,76,24,26,7,6,0.7,0.8
2026-10-08T2100,2706A,82.9993,46.7432,塔城地区,东门外小游园,NA,NA,NA,40,NA,8,NA,NA,70,70,22,8,2,2,0.8,0.5
2026-10-08T2100,2708A,88.1266,47.8515,阿勒泰地区,市站,NA,NA,44,25,15,4,NA,NA,68,66,44,13,3,3,0.2,0.7
2026-10-08T2100,2709A,86.0391,44.298,石河子市,艾青诗歌馆,颗粒物(PM10),52,52,32,18,7,38,NA,83,79,46,10,6,7,0.8,0.6
2026-10-08T2100,2711A,87.5352,44.1606,五家渠市,农水大厦,颗粒物(PM10),86,100,43,30,16,50,NA,76,74,19,7,4,6,0.3,0.3
2026-10-08T2100,2809A,113.6668,24.7756,韶关市,大学路288号,,29,29,36,20,21,81,NA,117,106,9,13,14,17,/,/
2026-10-08T2100,2835A,101.7222,26.567,攀枝花市,四十中小,细颗粒物(PM2.5),74,NA,42,47,25,39,NA,98,88,45,19,16,18,1.3,1.5
2026-10-08T2100,2842A,118.0937,24.5054,厦门市,湖里中学,,37,37,33,17,16,103,NA,124,120,11,10,4,3,0.7,0.6
2026-10-08T2100,2845A,113.1561,36.1912,长治市,德盛苑,颗粒物(PM10),51,51,39,26,21,145,NA,151,150,13,15,14,13,0.7,0.6
2026-10-08T2100,2846A,113.3209,23.1323,广州市,体育西,,45,45,32,27,20,79,NA,123,116,32,30,6,7,0.9,0.8
2026-10-08T2100,2858A,117.7917,39.2473,天津市,河西一经路,颗粒物(PM10),61,65,79,23,32,130,NA,176,169,35,33,8,10,0.6,0.6
2026-10-08T2100,2859A,117.3747,38.9845,天津市,津沽路,颗粒物(PM10),83,96,73,36,40,82,NA,166,148,65,35,7,8,0.5,0.4
2026-10-08T2100,2860A,117.159,39.0844,天津市,宾水西道,颗粒物(PM10),87,101,76,45,44,107,NA,161,148,25,20,6,6,0.6,0.6
2026-10-08T2100,2865A,112.7195,37.683,晋中市,榆次三中,颗粒物(PM10),80,92,65,41,35,76,NA,160,143,37,27,10,12,0.8,0.8
2026-10-08T2100,2867A,111.1225,37.5093,吕梁市,马茂庄小学,颗粒物(PM10),80,91,55,30,14,21,NA,104,82,74,39,1,9,0.7,0.6
2026-10-08T2100,2868A,126.4737,43.953,吉林市,九站,细颗粒物(PM2.5),80,80,44,50,26,57,NA,144,113,26,22,15,14,0.8,0.6
2026-10-08T2100,2869A,119.4472,32.4156,扬州市,五台山医院,颗粒物(PM10),53,53,75,29,43,93,NA,198,171,29,26,18,17,0.6,0.8
2026-10-08T2100,2870A,119.4369,32.1891,镇江市,市疾控中心,,38,34,56,21,40,119,NA,206,186,14,17,6,7,0.7,0.9
2026-10-08T2100,2871A,121.6156,29.9015,宁波市,万里国际学校,,48,48,52,23,33,152,NA,190,182,17,30,9,10,0.7,0.8
2026-10-08T2100,2872A,120.7845,30.7524,嘉兴市,南湖区残联,臭氧1小时(O3_1h),53,48,48,26,28,162,NA,190,179,21,30,8,9,0.5,0.4
2026-10-08T2100,2873A,120.083,30.8929,湖州市,仁皇山新区,颗粒物(PM10),52,52,65,31,40,107,NA,178,167,36,52,8,9,0.6,0.5
2026-10-08T2100,2875A,115.783962,32.889217,阜阳市,阜阳职业技术学院,颗粒物(PM10),69,76,55,39,28,138,NA,180,170,26,18,7,7,0.7,0.5
2026-10-08T2100,2877A,119.1638,36.6524,潍坊市,坊子邮政,,39,39,44,6,14,89,NA,153,138,14,15,4,6,0.4,0.6
2026-10-08T2100,2880A,104.0219,30.6561,成都市,大石西路,颗粒物(PM10),73,82,95,43,68,76,NA,96,96,20,24,5,6,0.4,0.5
2026-10-08T2100,2881A,107.8909,26.531,黔东南苗族侗族自治州,凯里学院,,24,24,17,16,15,67,NA,108,100,8,10,5,5,0.2,0.2
2026-10-08T2100,2882A,102.5388,24.3703,玉溪市,玉溪一中,,24,24,25,16,14,54,NA,88,80,17,13,4,4,0.4,0.5
2026-10-08T2100,2883A,102.5382,24.339,玉溪市,文体中心,,42,42,36,18,17,53,NA,89,82,17,14,6,6,0.7,0.8
2026-10-08T2100,2884A,98.2672,39.7978,嘉峪关市,酒钢宾馆,,28,NA,40,14,10,88,NA,94,94,10,15,12,26,0.5,0.7
2026-10-08T2100,2885A,104.9344,33.3827,陇南市,滨江中学,颗粒物(PM10),70,78,47,27,21,62,NA,72,72,9,13,8,10,0.7,0.6
2026-10-08T2100,2894A,117.0561,32.6536,淮南市,经济技术开发区消防队,颗粒物(PM10),79,90,66,45,34,117,NA,190,173,37,24,12,13,0.6,0.4
2026-10-08T2100,2897A,123.2429,41.7341,沈阳市,沈辽西路,颗粒物(PM10),108,140,65,52,20,94,NA,158,149,41,20,12,13,1.0,0.8
2026-10-08T2100,2900A,123.5951,41.9085,沈阳市,裕农路,颗粒物(PM10),58,60,42,32,19,115,NA,157,153,27,20,22,11,0.6,0.7
2026-10-08T2100,2902A,106.6347,30.4868,广安市,北辰小学,细颗粒物(PM2.5),78,70,56,49,36,52,NA,99,94,18,24,10,10,0.8,0.7
2026-10-08T2100,2907A,120.1846,30.8592,湖州市,吴兴区站,颗粒物(PM10),51,51,59,29,40,131,NA,180,174,25,40,10,10,0.6,0.7
2026-10-08T2100,2919A,116.7022,39.5454,廊坊市,河北工业大学,细颗粒物(PM2.5),109,128,139,69,76,69,NA,188,162,62,50,2,6,0.8,0.6
2026-10-08T2100,2920A,117.71,24.5048,漳州市,蓝田镇,,49,49,45,18,23,100,NA,130,124,17,14,10,8,0.4,0.4
2026-10-08T2100,2921A,120.5482,30.0003,绍兴市,树下王站,颗粒物(PM10),57,59,45,36,30,143,NA,155,155,23,29,6,5,0.8,0.8
2026-10-08T2100,2922A,117.194,39.1069,天津市,大理道,细颗粒物(PM2.5),104,92,80,64,43,130,NA,171,164,34,28,11,10,0.4,0.5
2026-10-08T2100,2924A,106.2266,38.4417,银川市,水乡路,颗粒物(PM10),70,78,55,39,22,33,NA,116,104,79,23,7,9,1.2,0.6
2026-10-08T2100,2925A,106.2758,38.4841,银川市,上海东路,颗粒物(PM10),80,92,57,44,25,26,NA,127,116,84,26,9,10,0.9,0.5
2026-10-08T2100,2926A,106.1016,38.4971,银川市,文昌北街,NA,NA,93,71,31,26,66,NA,111,105,46,32,5,8,NA,0.6
2026-10-08T2100,2929A,114.8858,30.4519,黄冈市,红卫路,NA,NA,NA,54,NA,39,NA,NA,138,NA,NA,19,NA,6,NA,0.4
2026-10-08T2100,2996A,118.2781,33.9658,宿迁市,市供电局,颗粒物(PM10),55,56,48,29,30,71,NA,146,123,31,21,5,6,0.7,0.7
2026-10-08T2100,2997A,119.8767,32.3291,泰州市,王营,颗粒物(PM10),58,61,81,23,55,81,NA,184,156,17,22,8,10,0.7,1
2026-10-08T2100,3000A,119.3577,34.6971,连云港市,德源药业,,26,17,20,5,7,81,NA,113,92,17,18,6,7,0.5,0.6
2026-10-08T2100,3002A,119.9701,31.813,常州市,行政中心,臭氧1小时(O3_1h),82,70,77,37,43,185,NA,209,202,24,44,9,11,0.5,0.7
2026-10-08T2100,3003A,120.0434,31.7726,常州市,经开区,颗粒物(PM10),79,90,86,41,42,140,NA,207,194,40,61,15,16,0.8,0.9
2026-10-08T2100,3004A,120.1543,33.3664,盐城市,宝龙广场,,28,14,17,12,11,87,NA,116,104,7,12,9,9,0.3,0.3
2026-10-08T2100,3005A,117.1812,34.29,徐州市,鼓楼区政府,颗粒物(PM10),60,63,77,34,51,130,NA,154,151,14,23,8,8,0.8,0.8
2026-10-08T2100,3006A,117.1693,34.1781,徐州市,铜山区招生办,细颗粒物(PM2.5),98,114,114,59,80,107,NA,167,157,37,35,9,10,0.8,0.8
2026-10-08T2100,3007A,119.178,34.8442,连云港市,新城一中,NA,NA,15,25,4,10,NA,NA,111,104,33,33,10,11,0.3,0.3
2026-10-08T2100,3008A,119.3607,34.7519,连云港市,胡沟管理处,,25,9,11,0,2,77,NA,106,90,32,24,9,10,0.3,0.4
2026-10-08T2100,3009A,119.1478,34.5913,连云港市,矿山设计院,,30,24,22,9,9,94,NA,123,116,8,11,5,5,0.4,0.4
2026-10-08T2100,3010A,119.8919,31.7892,常州市,钟楼,颗粒物(PM10),63,68,69,35,39,125,NA,208,190,48,37,15,14,0.6,0.7
2026-10-08T2100,3012A,112.1849,31.0361,荆门市,西山林语,NA,NA,NA,50,NA,35,NA,NA,174,159,16,17,7,12,0.7,0.7
2026-10-08T2100,3014A,106.4958,29.5347,重庆市,歇台子,颗粒物(PM10),56,58,46,27,26,57,NA,95,93,41,28,9,9,0.8,0.7
2026-10-08T2100,3015A,106.4067,29.5729,重庆市,龙井湾,颗粒物(PM10),52,52,47,30,27,79,NA,111,110,18,19,10,10,0.8,0.8
2026-10-08T2100,3016A,106.5506,29.415,重庆市,龙洲湾,颗粒物(PM10),64,69,46,28,29,68,NA,94,93,21,21,10,11,0.5,0.6
2026-10-08T2100,3018A,111.5048,36.1015,临汾市,唐尧大酒店,颗粒物(PM10),97,115,67,40,29,47,NA,134,114,54,25,9,8,1.0,0.7
2026-10-08T2100,3020A,117.2096,39.1698,天津市,中山北路,颗粒物(PM10),80,91,85,45,42,133,NA,160,154,27,30,6,6,0.7,0.6
2026-10-08T2100,3021A,115,35.7667,濮阳市,濮水河管理处,,44,44,61,24,28,105,NA,156,148,18,18,3,5,0.6,0.5
2026-10-08T2100,3025A,113.0479,23.6343,清远市,技师学院,颗粒物(PM10),53,53,38,32,22,76,NA,124,114,29,21,8,10,1.1,1
2026-10-08T2100,3026A,116.6179,23.6608,潮州市,市政府,,41,41,38,16,19,116,NA,123,122,12,10,7,7,0.6,0.6
2026-10-08T2100,3028A,104.7765,29.3623,自贡市,檀木林体育馆,细颗粒物(PM2.5),128,104,66,90,53,73,NA,106,103,13,15,9,9,0.5,0.4
2026-10-08T2100,3033A,87.4652,43.4569,乌鲁木齐市,培训基地,,44,44,33,20,13,66,NA,83,82,14,9,2,2,0.8,0.6
2026-10-08T2100,3034A,113.1076,41.0385,乌兰察布市,光明街小学,,48,48,35,28,20,109,NA,132,127,28,25,3,3,0.5,0.4
2026-10-08T2100,3036A,118.6903,37.4337,东营市,开发区管委会,颗粒物(PM10),75,85,68,20,28,118,NA,189,176,21,22,10,12,0.4,0.6
2026-10-08T2100,3038A,103.3757,23.3679,红河哈尼族彝族自治州,州图书馆,,35,32,27,24,17,84,NA,88,86,6,5,4,4,0.4,0.4
2026-10-08T2100,3039A,111.1911,34.7829,三门峡市,三门峡市第一小学,,38,30,45,26,20,113,NA,131,126,12,13,11,12,0.5,0.5
2026-10-08T2100,3045A,109.9647,33.8486,商洛市,商州区中学,,48,48,35,31,17,62,NA,121,101,35,18,6,6,0.4,0.4
2026-10-08T2100,3046A,115.9084,28.6062,南昌市,机电学校,颗粒物(PM10),53,53,47,33,27,103,NA,150,138,23,19,11,12,0.5,0.5
2026-10-08T2100,3048A,119.5799,26.0937,福州市,九龙,,43,24,25,6,10,136,NA,138,138,5,6,6,7,0.3,0.4
2026-10-08T2100,3051A,117.385,39.1483,天津市,西四道,颗粒物(PM10),78,88,92,31,40,101,NA,165,152,52,46,6,8,0.3,0.4
2026-10-08T2100,3054A,113.9194,35.2847,新乡市,市委党校,颗粒物(PM10),109,142,72,35,25,110,NA,160,152,33,22,9,9,0.6,0.6
2026-10-08T2100,3055A,101.7775,36.643,西宁市,城北区政府,颗粒物(PM10),63,67,54,24,27,97,NA,109,108,32,26,19,15,0.4,0.9
2026-10-08T2100,3057A,121.5989,37.4016,烟台市,牟平检察院,,36,17,19,6,10,115,NA,128,123,6,10,5,8,0.3,0.3
2026-10-08T2100,3058A,119.2656,42.0356,赤峰市,银河街,颗粒物(PM10),60,63,61,24,32,79,NA,161,134,21,23,17,13,0.8,0.9
2026-10-08T2100,3059A,117.7181,36.205,济南市,泰兴公司,颗粒物(PM10),80,92,63,46,30,78,NA,166,148,72,36,8,9,0.5,0.5
2026-10-08T2100,3061A,119.7511,49.1576,呼伦贝尔市,国华电力东,颗粒物(PM10),54,55,36,19,11,13,NA,56,43,40,13,5,7,0.7,0.5
2026-10-08T2100,3064A,117.6861,36.2172,济南市,莱芜战役纪念馆,细颗粒物(PM2.5),82,85,62,51,32,140,NA,162,159,31,29,9,11,0.5,0.4
2026-10-08T2100,3065A,101.9534,29.9976,甘孜藏族自治州,州环保局,,32,32,18,7,2,15,NA,67,59,26,12,3,3,0.2,0.4
2026-10-08T2100,3066A,116.2722,37.438,德州市,九衢泉纯净水厂,颗粒物(PM10),98,117,104,41,48,145,NA,184,181,35,28,14,16,0.3,0.4
2026-10-08T2100,3109A,115.0094,25.8614,赣州市,赣县区卫计委,颗粒物(PM10),62,66,32,23,16,38,NA,134,107,36,16,6,6,0.5,0.5
2026-10-08T2100,3123A,105.9408,26.2431,安顺市,凤凰山,,35,35,30,24,19,86,NA,100,96,7,11,8,9,0.4,0.4
2026-10-08T2100,3124A,105.9443,26.2567,安顺市,金钟山,,32,28,21,22,15,96,NA,109,105,6,6,8,9,0.4,0.3
2026-10-08T2100,3125A,105.8983,26.248,安顺市,娄家坡,颗粒物(PM10),56,58,38,30,17,80,NA,96,93,8,6,10,9,0.5,0.4
2026-10-08T2100,3131A,114.878,40.7992,张家口市,烟厂,NA,NA,84,40,40,21,NA,NA,153,153,26,14,/,/,/,/
2026-10-08T2100,3132A,119.5979,39.938,秦皇岛市,文明里,细颗粒物(PM2.5),102,103,80,62,34,190,NA,178,178,14,24,7,12,0.6,0.7
2026-10-08T2100,3133A,106.5469,29.5655,重庆市,上清寺,颗粒物(PM10),52,52,49,34,31,50,NA,92,85,36,33,4,5,0.5,0.6
2026-10-08T2100,3134A,113.8172,34.0339,许昌市,市一中,颗粒物(PM10),56,58,58,35,26,94,NA,138,127,29,24,9,8,0.6,0.5
2026-10-08T2100,3136A,104.2724,30.559,成都市,龙泉驿区区政府,细颗粒物(PM2.5),66,58,71,43,51,56,NA,102,91,19,20,5,6,0.9,0.9
2026-10-08T2100,3138A,111.7152,29.0288,常德市,武陵区永安,颗粒物(PM10),53,54,65,26,45,137,NA,165,162,19,21,11,15,0.9,1
2026-10-08T2100,3139A,111.6891,28.9881,常德市,鼎城区玉霞,颗粒物(PM10),60,64,65,29,43,111,NA,172,164,25,14,12,12,0.9,0.9
2026-10-08T2100,3140A,111.6651,29.0526,常德市,武陵区长庚,颗粒物(PM10),55,56,65,30,46,131,NA,165,161,21,20,9,15,0.8,0.8
2026-10-08T2100,3141A,114.3921,36.0879,安阳市,信访局,颗粒物(PM10),73,81,78,38,31,149,NA,184,179,23,24,5,6,0.5,0.4
2026-10-08T2100,3147A,114.3434,34.8101,开封市,龙亭公园,颗粒物(PM10),103,126,87,42,31,80,NA,154,138,NA,24,NA,8,NA,0.2
2026-10-08T2100,3148A,103.829,30.0563,眉山市,区人社局,细颗粒物(PM2.5),90,89,75,55,45,70,NA,89,89,31,29,9,18,0.9,0.9
2026-10-08T2100,3149A,115.0174,30.1591,黄石市,笔架山北路,颗粒物(PM10),53,53,59,28,27,134,NA,152,150,11,14,7,19,0.6,0.8
2026-10-08T2100,3151A,114.375,27.8096,宜春市,宜春学院北校区,颗粒物(PM10),58,60,40,31,23,96,NA,144,132,20,15,3,5,0.6,0.5
2026-10-08T2100,3153A,114.3876,30.4908,武汉市,民族大道182号,细颗粒物(PM2.5),98,70,50,59,35,102,NA,160,152,60,34,12,11,0.9,0.6
2026-10-08T2100,3164A,119.4682,32.394,扬州市,广陵建设局,颗粒物(PM10),67,73,80,36,48,99,NA,199,169,31,36,14,15,0.3,0.5
2026-10-08T2100,3171A,115.6069,34.4465,商丘市,梁园区档案局,,49,49,48,34,25,134,NA,166,162,23,18,6,6,0.6,0.4
2026-10-08T2100,3173A,117.0598,30.5351,安庆市,市人大,细颗粒物(PM2.5),58,55,44,39,24,88,NA,167,151,40,21,8,9,0.3,0.3
2026-10-08T2100,3178A,119.0587,36.7209,潍坊市,潍坊七中,,29,29,43,5,15,87,NA,157,142,16,14,6,8,0.3,0.4
2026-10-08T2100,3179A,102.7491,25.012,昆明市,官渡区博物馆,,30,30,43,16,27,65,NA,102,97,21,32,4,5,0.5,0.8
2026-10-08T2100,3180A,99.7122,27.8129,迪庆藏族自治州,质量技术监督局,,25,13,15,12,8,77,NA,81,80,8,10,8,9,0.4,0.4
2026-10-08T2100,3181A,106.776805,31.852614,巴中市,市五中,细颗粒物(PM2.5),111,84,55,72,39,28,NA,63,60,17,15,12,11,0.7,0.6
2026-10-08T2100,3183A,106.7419,31.8654,巴中市,圣泉水务公司,细颗粒物(PM2.5),100,68,49,60,31,30,NA,56,55,19,10,12,12,0.8,0.8
2026-10-08T2100,3187A,116.9508,33.666,宿州市,远航博物馆,NA,NA,65,76,25,46,NA,NA,178,174,22,34,9,12,0.5,0.5
2026-10-08T2100,3188A,115.6684,37.7216,衡水市,市城管局,颗粒物(PM10),94,111,110,43,40,135,NA,166,161,23,19,7,8,0.4,0.4
2026-10-08T2100,3190A,116.0254,29.6995,九江市,外国语学校,细颗粒物(PM2.5),66,61,54,43,37,144,NA,184,180,28,38,18,15,0.8,0.7
2026-10-08T2100,3191A,118.3243,33.95,宿迁市,宿豫区政府,颗粒物(PM10),58,61,48,35,31,91,NA,148,131,26,20,8,9,0.7,0.7
2026-10-08T2100,3192A,80.0906,32.5029,阿里地区,阿里藏医院,,30,11,17,4,3,94,NA,107,105,5,6,6,5,0.4,0.4
2026-10-08T2100,3194A,112.2749,30.3124,荆州市,管委会,细颗粒物(PM2.5),68,67,57,44,42,70,NA,176,146,53,34,9,11,0.8,0.7
2026-10-08T2100,3195A,119.3649,32.3961,扬州市,市体育局,颗粒物(PM10),65,70,80,25,44,98,NA,201,179,29,22,13,14,0.6,0.7
2026-10-08T2100,3200A,115.9772,36.4986,聊城市,监控中心,颗粒物(PM10),73,81,88,41,41,167,NA,188,185,15,18,9,10,0.4,0.5
2026-10-08T2100,3206A,114.9148,27.8069,新余市,新钢沁园村,细颗粒物(PM2.5),66,49,42,43,28,63,NA,156,135,33,23,10,13,0.9,0.5
2026-10-08T2100,3207A,118.31131,32.3033,滁州市,市政府原办公楼,细颗粒物(PM2.5),72,71,54,46,45,114,NA,204,184,45,29,9,9,0.6,0.5
2026-10-08T2100,3208A,112.7279,38.4157,忻州市,市政府,颗粒物(PM10),63,68,61,33,35,59,NA,151,134,57,32,7,10,0.8,0.8
2026-10-08T2100,3209A,119.5231,26.6562,宁德市,宁德一中,,40,28,30,11,17,127,NA,132,131,7,8,5,6,0.6,0.5
2026-10-08T2100,3210A,114.3645,34.7955,开封市,汴京公园,NA,NA,NA,96,NA,36,82,NA,146,129,34,26,6,6,0.3,0.3
2026-10-08T2100,3216A,117.662,24.5187,漳州市,漳州党校,,45,45,41,18,22,99,NA,134,127,18,12,/,/,/,/
2026-10-08T2100,3237A,117.4918,30.6617,池州市,展览馆,,50,50,36,25,21,31,NA,138,110,48,20,4,4,0.5,0.6
2026-10-08T2100,3241A,103.7439,36.0841,兰州市,百合公园,颗粒物(PM10),78,88,54,30,22,29,NA,108,96,72,29,7,6,0.9,0.7
2026-10-08T2100,3242A,103.9613,35.9985,兰州市,和平,颗粒物(PM10),58,60,44,20,19,68,NA,113,105,20,17,11,11,0.3,0.3
2026-10-08T2100,3247A,104.9551,33.3709,陇南市,市总工会,NA,NA,48,40,19,18,NA,NA,75,75,6,7,8,8,0.3,0.6
2026-10-08T2100,3248A,98.2644,39.7723,嘉峪关市,雄关区,,28,28,46,6,10,79,NA,92,90,15,22,4,23,0.4,0.7
2026-10-08T2100,3265A,121.4242,31.3303,上海市,宝山庙行,颗粒物(PM10),58,60,63,29,35,123,NA,199,183,39,37,11,11,0.7,0.7
2026-10-08T2100,3266A,121.8789,31.4662,上海市,崇明上实东滩,,32,32,41,18,26,102,NA,185,162,8,14,4,6,0.3,0.4
2026-10-08T2100,3268A,121.316,31.2839,上海市,嘉定南翔,,42,36,58,25,40,132,NA,201,187,29,54,8,9,0.5,0.6
2026-10-08T2100,3269A,121.3357,30.7455,上海市,金山新城,,50,32,42,20,28,159,NA,174,169,13,20,6,6,0.7,0.7
2026-10-08T2100,3270A,121.4996,31.0741,上海市,闵行浦江,颗粒物(PM10),61,65,59,39,37,124,NA,181,161,28,34,8,8,0.1,0.1
2026-10-08T2100,3271A,121.2886,31.1663,上海市,青浦徐泾,,49,49,53,27,32,107,NA,208,186,38,36,8,9,0.4,0.5
2026-10-08T2100,3272A,121.2193,31.0382,上海市,松江图书馆,颗粒物(PM10),58,60,55,35,34,96,NA,191,168,57,28,9,10,0.6,0.6
2026-10-08T2100,3273A,121.3904,31.206,上海市,长宁仙霞,,50,50,56,33,37,139,NA,188,178,25,41,4,4,0.4,0.6
2026-10-08T2100,3274A,121.7964,31.0507,上海市,浦东惠南,二氧化氮(NO2),61,62,50,37,31,33,NA,178,149,122,46,19,12,0.8,0.7
2026-10-08T2100,3282A,113.3399,40.0586,大同市,大同市卫生学校,颗粒物(PM10),61,65,64,27,24,55,NA,143,124,70,36,16,14,0.6,0.5
2026-10-08T2100,3283A,109.9154,40.5684,包头市,滨河大厦,细颗粒物(PM2.5),104,90,54,64,38,83,NA,135,131,57,39,16,13,0.7,0.6
2026-10-08T2100,3284A,106.8129,39.7274,乌海市,海北新区,颗粒物(PM10),93,109,79,32,20,22,NA,104,90,63,23,3,21,0.6,0.7
2026-10-08T2100,3285A,113.1383,40.9513,乌兰察布市,北京八中,,39,39,54,17,16,84,NA,131,118,27,23,5,8,0.7,0.7
2026-10-08T2100,3286A,118.9359,42.3146,赤峰市,桥北物流园区,,32,32,37,19,20,93,NA,158,131,18,18,4,4,0.6,0.6
2026-10-08T2100,3287A,119.3842,32.198,镇江市,富润路1号,NA,NA,44,71,31,48,NA,NA,207,203,21,31,11,13,0.7,0.7
2026-10-08T2100,3288A,117.4619,34.4368,徐州市,大泉街道,NA,NA,67,73,25,40,125,NA,164,158,17,21,10,9,NA,0.6
2026-10-08T2100,3289A,120.7431,31.3188,苏州市,方洲路,,40,40,55,21,37,122,NA,188,169,28,38,10,10,0.5,0.6
2026-10-08T2100,3290A,120.4979,31.2777,苏州市,木渎中学,,48,48,49,29,33,120,NA,196,181,29,25,8,8,0.7,0.7
2026-10-08T2100,3291A,121.0631,32.0644,南通市,通州监测站,颗粒物(PM10),60,63,57,38,31,110,NA,154,140,12,11,3,3,0.6,0.7
2026-10-08T2100,3293A,120.1518,33.3369,盐城市,月亮广场,,28,22,18,9,8,89,NA,117,108,8,7,11,11,0.3,0.3
2026-10-08T2100,3294A,119.565282,32.422263,扬州市,引江管理处,颗粒物(PM10),68,74,68,32,44,84,NA,180,151,25,22,6,8,0.7,0.9
2026-10-08T2100,3295A,120.1226,32.515,泰州市,姜堰区政府广场,,34,34,48,23,32,100,NA,166,146,14,12,10,9,0.5,0.7
2026-10-08T2100,3298A,113.5718,23.5493,广州市,从化街口,,45,45,39,31,26,40,NA,111,92,26,21,10,10,0.7,0.6
2026-10-08T2100,3299A,113.3463,23.369,广州市,白云竹料,细颗粒物(PM2.5),64,51,44,42,30,57,NA,124,109,29,21,6,7,1.0,0.8
2026-10-08T2100,3300A,113.2981,23.2365,广州市,白云嘉禾,,36,36,35,22,21,87,NA,129,121,28,27,6,8,/,/
2026-10-08T2100,3301A,113.4256,23.1716,广州市,黄埔科学城,,50,49,33,35,24,29,NA,109,88,44,19,6,6,0.8,0.7
2026-10-08T2100,3302A,113.3942,23.0485,广州市,番禺大学城,颗粒物(PM10),54,55,42,29,22,58,NA,141,125,40,33,11,11,0.5,0.4
2026-10-08T2100,3303A,113.4923,22.8169,广州市,南沙黄阁,颗粒物(PM10),55,57,54,32,32,95,NA,173,157,28,30,12,14,/,/
2026-10-08T2100,3304A,113.534,22.7893,广州市,南沙街,颗粒物(PM10),59,62,53,33,34,100,NA,176,162,21,20,12,12,0.8,0.8
2026-10-08T2100,3305A,114.0614,22.556,深圳市,莲花,,41,34,41,18,25,129,NA,143,140,11,16,/,/,/,/
2026-10-08T2100,3306A,114.0144,22.6163,深圳市,民治,,40,38,47,22,27,125,NA,169,156,10,15,/,/,/,/
2026-10-08T2100,3307A,114.1756,22.6421,深圳市,横岗,,41,41,46,24,28,128,NA,166,155,21,20,/,/,/,/
2026-10-08T2100,3308A,113.3493,22.0572,珠海市,金湾,,45,36,39,18,24,142,NA,184,180,13,15,/,/,0.4,0.5
2026-10-08T2100,3311A,113.1077,22.5647,江门市,江海富民,细颗粒物(PM2.5),72,58,62,46,36,133,NA,188,186,37,37,/,/,0.7,0.6
2026-10-08T2100,3313A,112.4572,23.0163,肇庆市,高要湖西,,50,47,40,35,30,113,NA,157,152,13,26,7,10,0.6,0.5
2026-10-08T2100,3314A,114.4334,22.8134,惠州市,惠阳秋长,,40,36,52,11,28,127,NA,147,142,22,23,/,/,/,/
2026-10-08T2100,3315A,116.1234,24.2994,梅州市,梅龙,,41,41,31,27,20,64,NA,119,102,17,11,11,9,0.6,0.6
2026-10-08T2100,3317A,111.9785,21.8954,阳江市,两阳中学,NA,NA,63,52,41,34,NA,NA,155,155,NA,23,/,/,NA,0.4
2026-10-08T2100,3318A,112.9898,23.7403,清远市,清新太和,,33,23,28,14,16,104,NA,116,116,5,13,9,11,0.8,0.8
2026-10-08T2100,3319A,113.7283,23.041,东莞市,万江金泰,,43,41,39,30,29,89,NA,133,118,18,20,10,8,0.9,0.8
2026-10-08T2100,3320A,116.4028,23.5699,揭阳市,曲溪,颗粒物(PM10),57,59,44,18,20,107,NA,133,125,14,10,21,13,0.6,0.6
2026-10-08T2100,3323A,115.2772,40.9723,张家口市,青少年活动中心,,31,23,27,19,13,99,NA,148,134,11,9,1,2,0.2,0.2
2026-10-08T2100,3324A,116.8011,38.294,沧州市,河北水利电力学院,颗粒物(PM10),104,129,123,44,45,117,NA,152,144,31,23,9,12,0.2,0.3
2026-10-08T2100,3325A,117.0362,39.3827,天津市,雍阳西道,颗粒物(PM10),95,112,111,44,52,122,NA,170,160,30,34,9,10,0.5,0.5
2026-10-08T2100,3326A,117.0291,39.0612,天津市,辛老路,细颗粒物(PM2.5),136,206,130,99,68,110,NA,163,152,40,32,10,10,0.9,0.8
2026-10-08T2100,3327A,116.9638,38.9374,天津市,地纬路,细颗粒物(PM2.5),118,157,113,79,61,113,NA,159,150,34,31,12,11,0.3,0.2
2026-10-08T2100,3328A,118.4209,31.3704,芜湖市,市气象局,颗粒物(PM10),59,62,51,39,31,163,NA,173,167,18,17,13,11,0.6,0.5
2026-10-08T2100,3329A,117.011,32.5891,淮南市,山南新区,颗粒物(PM10),72,80,54,34,29,164,NA,192,186,23,19,6,6,0.4,0.3
2026-10-08T2100,3331A,118.3268,32.2633,滁州市,图书馆,颗粒物(PM10),67,73,51,42,34,117,NA,193,176,40,26,10,9,0.6,0.5
2026-10-08T2100,3332A,115.7631,33.803,亳州市,亳州学院,颗粒物(PM10),58,60,50,23,23,158,NA,167,164,19,17,7,7,0.5,0.5
2026-10-08T2100,3333A,117.5626,30.695,池州市,第八中学,颗粒物(PM10),53,54,40,33,23,101,NA,143,129,24,16,7,7,0.5,0.6
2026-10-08T2100,3334A,117.5037,30.6242,池州市,第十二中学,"颗粒物(PM10),细颗粒物(PM2.5)",64,69,40,42,22,51,NA,145,124,50,29,5,5,0.6,0.7
2026-10-08T2100,3335A,113.3137,35.2643,焦作市,马村街道办,颗粒物(PM10),75,85,61,36,26,106,NA,155,147,25,18,7,5,0.6,0.5
2026-10-08T2100,3336A,113.2464,35.2374,焦作市,焦作技师学院,颗粒物(PM10),67,73,57,36,22,104,NA,154,146,21,14,4,8,0.5,0.3
2026-10-08T2100,3337A,113.8611,34.0443,许昌市,许昌学院,颗粒物(PM10),76,86,62,46,26,67,NA,150,134,60,27,9,9,0.3,0.2
2026-10-08T2100,3338A,113.8428,34.0825,许昌市,芙蓉广场,颗粒物(PM10),55,56,54,37,27,108,NA,146,138,26,21,9,9,0.5,0.4
2026-10-08T2100,3339A,114.0002,33.0404,驻马店市,小管楼,颗粒物(PM10),67,73,64,24,25,117,NA,159,147,20,16,4,4,0.2,0.3
2026-10-08T2100,3340A,112.6005,34.6323,洛阳市,伊滨,颗粒物(PM10),67,73,68,41,36,99,NA,141,136,23,24,8,7,0.3,0.3
2026-10-08T2100,3341A,112.495,34.6338,洛阳市,中移产业园,NA,NA,69,66,39,43,108,NA,150,145,25,20,12,13,NA,0.4
2026-10-08T2100,3342A,128.7948,47.7291,伊春市,中心小学,,46,46,23,18,8,7,NA,57,35,27,10,2,2,0.6,0.5
2026-10-08T2100,3343A,128.6736,47.729,伊春市,检察院,,45,45,29,12,6,10,NA,61,40,26,9,7,7,0.3,0.3
2026-10-08T2100,3345A,131.0413,45.7795,七台河市,中波台,,26,26,21,9,5,44,NA,49,47,9,8,3,4,0.4,0.4
2026-10-08T2100,3346A,108.3871,31.1627,重庆市,安康,,39,39,36,21,21,26,NA,65,61,24,15,8,8,0.4,0.4
2026-10-08T2100,3347A,105.8983,29.36,重庆市,北山路,细颗粒物(PM2.5),132,NA,61,95,46,52,NA,109,100,36,22,17,10,0.8,0.7
2026-10-08T2100,3350A,106.648859,29.023807,重庆市,滩子口,细颗粒物(PM2.5),66,70,43,43,22,83,NA,101,100,24,17,15,10,0.8,0.4
2026-10-08T2100,3351A,105.7164,29.7077,重庆市,棠香,细颗粒物(PM2.5),109,97,64,69,41,64,NA,125,115,22,15,7,10,0.9,0.7
2026-10-08T2100,3352A,107.0733,29.8618,重庆市,桃源西路,细颗粒物(PM2.5),68,73,53,44,38,54,NA,70,69,13,11,7,14,0.6,0.6
2026-10-08T2100,3353A,107.3536,29.7283,重庆市,迎宾大道,细颗粒物(PM2.5),98,68,45,59,34,63,NA,102,98,18,25,7,5,0.6,0.6
2026-10-08T2100,3354A,108.8152,29.5079,重庆市,舟白,颗粒物(PM10),54,55,33,17,16,69,NA,91,88,8,8,6,5,0.4,0.3
2026-10-08T2100,3355A,108.3679,30.8429,重庆市,周家坝,细颗粒物(PM2.5),103,70,45,63,33,16,NA,70,62,41,24,5,6,0.8,0.6
2026-10-08T2100,3356A,108.4323,30.7554,重庆市,百安坝,细颗粒物(PM2.5),107,67,44,67,32,48,NA,61,59,10,14,8,7,0.5,0.5
2026-10-08T2100,3357A,104.0028,30.6891,成都市,金博路,细颗粒物(PM2.5),62,65,74,41,56,60,NA,93,92,32,28,3,5,0.8,0.9
2026-10-08T2100,3359A,104.056,30.5228,成都市,华阳,细颗粒物(PM2.5),94,80,83,57,63,60,NA,99,96,28,22,2,4,1.0,0.8
2026-10-08T2100,3360A,104.7894,29.3197,自贡市,南湖救助站,细颗粒物(PM2.5),128,119,85,90,60,76,NA,106,104,11,16,4,7,1.1,1
2026-10-08T2100,3361A,103.7313,29.563,乐山市,理工大学,细颗粒物(PM2.5),109,79,61,69,47,51,NA,76,75,22,15,9,9,0.8,0.7
2026-10-08T2100,3363A,117.9883,36.8372,淄博市,新区,细颗粒物(PM2.5),66,70,60,43,33,70,NA,155,130,52,34,9,11,0.8,0.8
2026-10-08T2100,3364A,117.316,34.8106,枣庄市,市环保局,颗粒物(PM10),62,66,72,26,35,156,NA,166,166,14,22,5,10,0.4,0.4
2026-10-08T2100,3365A,118.5721,37.5654,东营市,垦利区民丰路,颗粒物(PM10),58,61,64,28,31,116,NA,184,171,33,28,7,8,0.3,0.4
2026-10-08T2100,3366A,121.5202,37.4336,烟台市,中国农业大学,,34,19,20,7,5,108,NA,126,119,8,7,8,8,0.2,0.2
2026-10-08T2100,3368A,119.1978,36.6871,潍坊市,高新实验学校,,36,36,43,5,14,92,NA,158,141,14,15,8,9,0.6,0.7
2026-10-08T2100,3370A,118.3563,35.0215,临沂市,十里堡居委,,30,27,46,6,24,95,NA,150,136,20,26,6,7,0.6,0.6
2026-10-08T2100,3371A,116.3693,37.44,德州市,开发区人民医院,颗粒物(PM10),93,110,107,35,45,122,NA,176,167,38,24,11,14,0.4,0.5
2026-10-08T2100,3374A,115.5562,35.089,菏泽市,定陶老年大学,颗粒物(PM10),78,88,65,40,33,125,NA,166,150,28,22,8,7,0.5,0.4
2026-10-08T2100,3375A,102.8016,24.8336,昆明市,青年创业园,,38,38,29,15,18,58,NA,102,95,25,20,4,4,0.6,0.6
2026-10-08T2100,3376A,103.7926,25.4651,曲靖市,南苑二区,,32,32,29,18,19,71,NA,104,100,10,9,4,4,0.6,0.6
2026-10-08T2100,3377A,103.7442,25.5259,曲靖市,曲靖师范学院,,45,45,31,13,21,71,NA,108,105,8,12,5,4,0.5,0.5
2026-10-08T2100,3379A,122.1122,40.2275,营口市,鲅鱼圈市民活动中心,细颗粒物(PM2.5),62,65,44,41,19,140,NA,146,143,17,15,6,6,0.4,0.3
2026-10-08T2100,3380A,102.8915,34.9618,甘南藏族自治州,甘肃民族师范学院,NA,NA,49,59,32,25,NA,NA,103,103,25,28,10,9,0.6,0.5
2026-10-08T2100,3396A,112.0764,32.0089,襄阳市,襄城隆中路,,45,43,65,26,33,144,NA,159,156,8,14,14,14,0.7,0.7
2026-10-08T2100,3397A,112.1154,32.103,襄阳市,高新台子湾,NA,NA,NA,59,NA,36,NA,NA,157,150,55,19,9,11,0.7,0.6
2026-10-08T2100,3398A,114.9134,30.4446,黄冈市,市林业局,颗粒物(PM10),60,64,46,36,26,100,NA,144,132,30,16,8,7,0.5,0.4
2026-10-08T2100,3399A,112.6703,26.8817,衡阳市,师范学院,细颗粒物(PM2.5),70,71,47,45,27,95,NA,145,132,19,17,9,10,0.7,0.6
2026-10-08T2100,3400A,109.1844,21.4396,北海市,龙潭自来水厂,NA,NA,48,50,23,30,NA,NA,167,160,7,14,6,11,0.5,0.6
2026-10-08T2100,3401A,108.4829,22.762,南宁市,红星社区,,36,36,37,23,21,107,NA,142,135,22,19,8,10,0.7,0.6
2026-10-08T2100,3402A,109.5422,24.3994,柳州市,市二中,,42,33,34,29,21,53,NA,143,127,32,18,4,4,0.4,0.4
2026-10-08T2100,3404A,108.5959,21.9634,钦州市,北职校,,47,47,47,26,23,90,NA,131,122,17,14,8,11,0.6,0.7
2026-10-08T2100,3405A,109.5886,23.1172,贵港市,新世纪学校,,46,46,37,30,20,101,NA,139,131,19,12,/,/,0.6,0.5
2026-10-08T2100,3407A,120.6915,30.7741,嘉兴市,秀洲住建,,43,43,47,21,28,133,NA,182,165,36,48,8,8,0.5,0.6
2026-10-08T2100,3408A,120.5685,29.936,绍兴市,绍兴中专,颗粒物(PM10),58,60,38,37,22,90,NA,158,147,36,29,8,8,1.0,0.9
2026-10-08T2100,3409A,120.4905,30.086,绍兴市,柯桥区政府,NA,NA,46,39,44,27,147,NA,168,166,NA,23,9,8,0.5,0.5
2026-10-08T2100,3410A,120.8751,30.0249,绍兴市,重华小学,颗粒物(PM10),60,63,38,37,29,154,NA,168,168,11,11,9,8,0.4,0.4
2026-10-08T2100,3411A,120.837,30.0137,绍兴市,上虞中学,颗粒物(PM10),63,68,48,38,30,156,NA,166,166,16,19,7,7,0.9,0.8
2026-10-08T2100,3416A,119.1758,36.7139,潍坊市,潍坊学院,,34,34,44,5,12,94,NA,159,144,16,17,8,10,0.2,0.4
2026-10-08T2100,3418A,116.8336,40.4095,北京市,密云新城,细颗粒物(PM2.5),105,130,90,65,46,114,NA,177,171,22,25,3,4,0.7,0.6
2026-10-08T2100,3419A,109.9449,40.6259,包头市,包头市委党校,颗粒物(PM10),70,78,54,42,27,72,NA,127,119,68,44,7,14,0.6,0.7
2026-10-08T2100,3421A,113.1776,40.9779,乌兰察布市,市委党校,颗粒物(PM10),57,59,48,28,22,96,NA,138,129,33,27,5,6,0.6,0.6
2026-10-08T2100,3422A,118.8443,31.919,南京市,江宁彩虹桥,NA,NA,71,57,33,28,NA,NA,209,204,28,36,7,7,0.6,0.7
2026-10-08T2100,3425A,120.642,31.1733,苏州市,越秀幼儿园,颗粒物(PM10),60,64,59,33,42,98,NA,195,176,45,40,6,7,0.7,0.7
2026-10-08T2100,3426A,118.8757,33.2897,淮安市,新华书店,,41,41,45,22,22,90,NA,143,131,21,15,10,11,0.8,0.9
2026-10-08T2100,3427A,118.8497,32.3599,南京市,六合雄州,颗粒物(PM10),65,70,69,36,39,96,NA,189,165,38,33,4,4,0.7,0.5
2026-10-08T2100,3429A,119.8595,31.706,常州市,武进经发区,细颗粒物(PM2.5),74,78,77,47,47,92,NA,190,171,92,59,26,14,0.7,0.8
2026-10-08T2100,3430A,119.5812,31.7256,常州市,金坛城区,细颗粒物(PM2.5),80,NA,39,50,41,159,NA,196,189,23,25,11,10,0.8,0.7
2026-10-08T2100,3431A,120.6502,31.4117,苏州市,高铁新城,颗粒物(PM10),55,57,72,30,39,68,NA,181,157,98,74,10,11,0.8,0.8
2026-10-08T2100,3432A,120.9348,31.9874,南通市,环境教育馆,颗粒物(PM10),65,70,69,38,40,81,NA,193,166,27,24,5,6,0.6,0.7
2026-10-08T2100,3434A,119.2414,34.6539,连云港市,工贸学校,,32,14,15,7,7,101,NA,128,123,8,11,11,10,0.2,0.5
2026-10-08T2100,3435A,119.9186,32.4322,泰州市,周山河街区,,32,31,67,22,54,87,NA,180,155,12,16,8,10,0.2,0.5
2026-10-08T2100,3436A,120.4283,33.2048,盐城市,大丰高级中学,,34,19,23,8,11,108,NA,137,125,12,17,8,8,0.4,0.4
2026-10-08T2100,3437A,88.3088,43.3637,乌鲁木齐市,达坂城区环保局,颗粒物(PM10),61,65,46,17,11,67,NA,92,91,21,11,9,11,0.3,0.3
2026-10-08T2100,3438A,87.6132,43.8791,乌鲁木齐市,红光山片区,颗粒物(PM10),51,51,58,14,20,55,NA,68,68,24,31,6,7,0.4,0.5
2026-10-08T2100,3439A,87.7008,43.8003,乌鲁木齐市,新师大温泉校区,NA,NA,53,66,32,24,58,NA,76,76,NA,22,3,3,0.4,0.4
2026-10-08T2100,3440A,87.4892,43.84,乌鲁木齐市,大绿谷,颗粒物(PM10),52,52,54,8,14,50,NA,72,72,36,31,2,3,0.5,0.7
2026-10-08T2100,3441A,87.5461,44.1909,五家渠市,经开区管委会,颗粒物(PM10),82,94,46,34,20,48,NA,71,69,16,11,3,6,0.0,0.1
2026-10-08T2100,3442A,86.047,44.2331,石河子市,南区管委会,颗粒物(PM10),71,79,42,16,4,60,NA,80,78,17,12,6,6,0.3,0.3
2026-10-08T2100,3443A,113.2905,23.5541,广州市,花都梯面,NA,NA,NA,29,NA,21,NA,NA,103,93,NA,34,NA,10,NA,NA
2026-10-08T2100,3444A,116.4539,23.2684,汕头市,潮南峡山,NA,NA,40,34,15,17,119,NA,119,118,10,12,NA,9,0.3,0.4
2026-10-08T2100,3445A,113.786,23.7479,广州市,从化良口,,33,32,23,23,18,66,NA,101,90,9,9,6,7,/,/
2026-10-08T2100,3446A,113.805,23.2614,广州市,增城荔城,,45,45,30,28,21,53,NA,105,89,24,19,10,11,0.7,0.6
2026-10-08T2100,3447A,114.344,22.7115,深圳市,坪山,,38,33,47,17,27,121,NA,151,143,15,24,6,7,0.6,0.7
2026-10-08T2100,3448A,113.5436,22.1163,珠海市,横琴,,43,43,43,23,24,134,NA,164,160,10,14,/,/,/,/
2026-10-08T2100,3449A,113.0496,22.4669,江门市,新会银湖,细颗粒物(PM2.5),70,69,59,45,40,90,NA,165,154,32,38,6,6,0.7,0.6
2026-10-08T2100,3450A,111.0101,21.5165,茂名市,电白水东,细颗粒物(PM2.5),52,44,42,36,27,117,NA,139,135,11,12,7,9,/,/
2026-10-08T2100,3451A,112.5617,23.2082,肇庆市,鼎湖凤凰,,43,43,32,20,19,90,NA,151,142,14,14,9,10,/,/
2026-10-08T2100,3452A,114.6521,22.7755,惠州市,大亚湾霞涌,,40,40,45,9,22,111,NA,139,129,4,10,/,/,/,/
2026-10-08T2100,3453A,112.0125,21.8749,阳江市,阳东陶然,"颗粒物(PM10),细颗粒物(PM2.5)",56,58,51,38,35,158,NA,166,166,17,18,10,10,0.5,0.5
2026-10-08T2100,3454A,113.3527,22.4781,中山市,中山南区,颗粒物(PM10),53,53,40,31,31,134,NA,193,187,22,20,8,8,0.8,0.8
2026-10-08T2100,3455A,113.076,23.72,清远市,清城东城,,46,45,33,32,20,88,NA,122,113,10,12,/,/,/,/
2026-10-08T2100,3456A,114.2887,38.0905,石家庄市,鹿泉一中,颗粒物(PM10),103,126,82,29,20,124,NA,168,163,21,21,8,11,0.4,0.6
2026-10-08T2100,3457A,118.4357,39.277,唐山市,冀东油田职工医院,颗粒物(PM10),69,76,74,33,31,166,NA,182,181,20,24,4,5,0.7,0.6
2026-10-08T2100,3458A,114.7893,36.5592,邯郸市,香泉濮院小区,颗粒物(PM10),88,103,98,53,48,134,NA,170,165,22,22,3,3,0.7,0.7
2026-10-08T2100,3459A,115.599,37.5491,衡水市,地表水厂,颗粒物(PM10),102,125,131,30,39,111,NA,165,154,31,23,3,4,0.5,0.5
2026-10-08T2100,3460A,117.4065,40.0583,天津市,北环路,NA,NA,76,77,40,42,151,NA,183,182,14,19,7,9,NA,0.6
2026-10-08T2100,3461A,117.3041,39.7167,天津市,建设路,颗粒物(PM10),96,114,95,47,48,65,NA,168,139,75,53,7,8,0.7,0.6
2026-10-08T2100,3462A,117.8201,39.3519,天津市,滨水东路,NA,NA,NA,NA,NA,NA,NA,NA,NA,NA,NA,NA,NA,NA,NA,NA
2026-10-08T2100,3463A,116.9708,33.5911,宿州市,社会福利中心,颗粒物(PM10),85,98,86,32,45,98,NA,170,154,42,37,11,28,0.6,0.6
2026-10-08T2100,3464A,117.3802,31.9148,合肥市,高教基地,颗粒物(PM10),55,56,48,29,27,86,NA,172,149,27,24,9,9,0.7,0.6
2026-10-08T2100,3465A,118.4783,31.3226,芜湖市,清苑社区,颗粒物(PM10),60,64,53,39,31,122,NA,168,148,52,43,10,9,0.7,0.6
2026-10-08T2100,3466A,118.2746,31.2326,芜湖市,扬子职业技术学院,细颗粒物(PM2.5),70,76,57,45,29,142,NA,171,163,23,17,8,9,0.6,0.5
2026-10-08T2100,3468A,115.79,32.8614,阜阳市,市规划展馆,颗粒物(PM10),63,67,53,39,29,139,NA,182,172,27,17,8,8,0.7,0.5
2026-10-08T2100,3469A,115.835101,32.918568,阜阳市,枣园社区,颗粒物(PM10),72,80,59,35,33,108,NA,178,164,51,34,6,6,0.6,0.4
2026-10-08T2100,3471A,113.6104,34.8688,郑州市,惠济区政府,NA,NA,NA,62,NA,32,NA,NA,148,148,NA,33,NA,3,NA,0.5
2026-10-08T2100,3473A,114.2485,34.8306,开封市,技师学院,颗粒物(PM10),69,76,73,32,27,127,NA,153,149,13,11,5,5,0.2,0.2
2026-10-08T2100,3474A,114.2616,35.6824,鹤壁市,大新区,颗粒物(PM10),111,147,116,44,42,103,NA,158,150,32,34,10,11,0.3,0.3
2026-10-08T2100,3475A,113.9189,35.3042,新乡市,市政府,颗粒物(PM10),105,133,76,29,28,125,NA,154,151,23,22,1,2,0.3,0.2
2026-10-08T2100,3477A,113.1656,35.2536,焦作市,中站许衡医院,细颗粒物(PM2.5),62,47,54,41,25,118,NA,146,142,14,12,8,9,0.3,0.3
2026-10-08T2100,3478A,113.9691,33.568,漯河市,市图书馆,颗粒物(PM10),78,88,61,38,22,108,NA,160,152,31,21,10,12,0.6,0.5
2026-10-08T2100,3481A,125.127,46.6277,大庆市,萨区政府监测点,,19,19,15,6,5,59,NA,69,66,6,3,7,7,0.4,0.4
2026-10-08T2100,3482A,107.754,29.3275,重庆市,芙蓉中路,,46,NA,24,32,13,21,NA,47,43,16,16,9,9,0.6,0.5
2026-10-08T2100,3484A,106.2629,29.3202,重庆市,行政中心,细颗粒物(PM2.5),111,101,64,72,39,36,NA,119,102,38,28,11,12,0.7,0.5
2026-10-08T2100,3486A,124.4029,43.1411,四平市,植物园,细颗粒物(PM2.5),60,58,53,40,23,56,NA,133,107,28,21,7,10,0.4,0.5
2026-10-08T2100,3488A,104.387954,30.746684,成都市,青白江技师分院,细颗粒物(PM2.5),66,63,71,43,50,39,NA,100,90,37,28,4,5,1.1,1
2026-10-08T2100,3489A,104.0788,30.4054,成都市,科学城,细颗粒物(PM2.5),111,108,90,72,65,62,NA,108,104,37,29,9,9,1.0,1
2026-10-08T2100,3491A,104.6899,31.5324,绵阳市,西科大附属小学,颗粒物(PM10),66,72,75,40,41,29,NA,87,82,35,24,10,10,0.6,0.6
2026-10-08T2100,3492A,104.5647,31.5343,绵阳市,安州区旅游局,细颗粒物(PM2.5),80,80,69,50,45,40,NA,87,83,25,15,9,7,0.5,0.5
2026-10-08T2100,3494A,117.1673,36.9782,济南市,济阳区政府,NA,NA,103,83,40,35,NA,NA,181,175,44,39,6,7,0.7,0.5
2026-10-08T2100,3495A,117.1168,36.6299,济南市,锦屏中学,颗粒物(PM10),51,51,52,17,25,126,NA,176,167,12,9,6,9,0.4,0.4
2026-10-08T2100,3496A,118.359,35.1067,临沂市,南坊新区,,31,24,41,7,22,97,NA,165,146,15,19,2,4,0.3,0.6
2026-10-08T2100,3498A,118.5063,37.8606,东营市,河口城区,颗粒物(PM10),60,63,75,25,33,148,NA,203,195,14,24,8,11,0.6,0.7
2026-10-08T2100,3500A,116.5808,35.3703,济宁市,北湖一中,臭氧1小时(O3_1h),70,54,61,29,36,176,NA,180,180,12,15,4,6,0.4,0.5
2026-10-08T2100,3501A,116.8251,35.5592,济宁市,服务中心,颗粒物(PM10),70,78,74,37,38,83,NA,163,149,47,25,10,11,0.6,0.5
2026-10-08T2100,3502A,117.1812,36.2273,泰安市,国网新校,颗粒物(PM10),65,71,54,32,33,130,NA,169,158,17,12,7,7,0.5,0.5
2026-10-08T2100,3503A,117.0315,36.2017,泰安市,交通技校,颗粒物(PM10),62,66,64,31,34,149,NA,183,180,21,27,10,11,0.5,0.5
2026-10-08T2100,3504A,117.083,36.13,泰安市,山东第一医科大学,颗粒物(PM10),90,105,77,35,38,126,NA,180,171,30,29,12,14,1.0,1
2026-10-08T2100,3505A,122.1379,37.3414,威海市,临港区管委会,,36,17,15,7,6,113,NA,120,117,8,9,5,5,0.2,0.2
2026-10-08T2100,3507A,119.5326,35.4627,日照市,职业技术学院,NA,NA,7,16,2,5,NA,NA,124,123,4,15,9,9,0.3,0.3
2026-10-08T2100,3511A,116.5687,37.3331,德州市,陵城艺术中心,颗粒物(PM10),95,112,101,35,40,148,NA,180,175,24,19,8,7,0.5,0.5
2026-10-08T2100,3513A,116.0443,36.436,聊城市,九州社区,颗粒物(PM10),84,97,90,38,44,146,NA,186,179,25,20,10,12,0.5,0.5
2026-10-08T2100,3514A,117.9379,37.3959,滨州市,中海酒店,颗粒物(PM10),68,75,89,29,52,92,NA,180,164,35,36,10,15,0.5,0.5
2026-10-08T2100,3515A,117.9381509,37.35547456,滨州市,开发区一中,颗粒物(PM10),90,105,111,40,59,107,NA,182,169,30,37,10,13,0.8,0.8
2026-10-08T2100,3516A,118.0914,37.6938,滨州市,金海六路,颗粒物(PM10),81,93,87,40,45,114,NA,180,165,29,34,11,14,0.1,0.3
2026-10-08T2100,3520A,106.3495,38.9837,石嘴山市,妇女儿童医院,颗粒物(PM10),58,60,86,9,35,96,NA,128,126,13,28,4,19,0.5,0.8
2026-10-08T2100,3521A,106.7495,39.2068,石嘴山市,石大公路,颗粒物(PM10),97,115,95,34,34,58,NA,111,92,38,31,78,16,0.3,0.6
2026-10-08T2100,3523A,106.5105,38.3857,银川市,滨河新区,颗粒物(PM10),75,85,52,35,21,67,NA,127,121,26,21,11,22,0.6,0.7
2026-10-08T2100,3525A,108.6394,34.408,咸阳市,奥体中心,细颗粒物(PM2.5),78,82,66,49,39,93,NA,152,147,28,25,4,7,0.6,0.5
2026-10-08T2100,3526A,119.5188,25.9666,福州市,吴航,,38,21,25,7,11,119,NA,130,128,4,5,8,9,0.4,0.5
2026-10-08T2100,3527A,118.0961,24.5689,厦门市,集美中学,,38,38,30,16,14,109,NA,126,123,10,6,5,2,0.5,0.4
2026-10-08T2100,3528A,118.1502,24.7246,厦门市,同安二实小,,34,21,20,12,12,108,NA,122,115,6,5,3,2,0.7,0.7
2026-10-08T2100,3530A,117.6288,24.5309,漳州市,西洋坪路,,44,44,41,9,8,101,NA,129,126,15,12,7,6,0.4,0.4
2026-10-08T2100,3531A,110.296,25.1254,桂林市,旅游学院,NA,NA,NA,36,29,25,NA,NA,136,130,NA,20,3,4,NA,0.7
2026-10-08T2100,3532A,110.1951,22.6832,玉林市,玉林师范学院东校区,,50,50,39,31,22,97,NA,151,138,10,18,7,11,0.5,0.5
2026-10-08T2100,3533A,110.0527,22.5894,玉林市,福绵环保局,颗粒物(PM10),55,56,38,30,22,75,NA,164,149,31,18,8,10,0.7,0.6
2026-10-08T2100,3534A,111.4744,24.455,贺州市,西湾,颗粒物(PM10),51,51,40,24,23,54,NA,116,102,29,13,11,11,0.6,0.9
2026-10-08T2100,3535A,109.1781,23.7293,来宾市,兴宾区政府,,35,35,34,21,19,97,NA,149,140,10,9,7,9,0.4,0.4
2026-10-08T2100,3538A,107.5175,26.2977,黔南布依族苗族自治州,沙坝,,24,24,18,9,11,47,NA,101,92,18,7,3,3,0.5,0.4
2026-10-08T2100,3539A,110.5111,19.9737,海口市,桂林洋子站,,41,41,36,17,18,127,NA,126,120,8,8,/,/,/,/
2026-10-08T2100,3540A,109.7348,18.3443,三亚市,君悦子站,NA,NA,NA,23,3,12,NA,NA,92,86,5,8,4,4,0.4,0.6
2026-10-08T2100,3541A,109.5726195,19.51688767,儋州市,第一中学子站,,34,34,36,14,18,98,NA,108,104,3,4,2,2,0.6,0.6
2026-10-08T2100,3542A,109.5567,19.5187,儋州市,东坡学校子站,NA,NA,39,35,15,18,108,NA,118,114,4,6,4,6,NA,0.5
2026-10-08T2100,3544A,121.4891,30.925,上海市,奉贤南桥新城,细颗粒物(PM2.5),90,89,66,55,34,97,NA,200,173,45,33,7,7,0.5,0.4
2026-10-08T2100,3545A,110.8053,32.8401,十堰市,郧阳区金沙路,颗粒物(PM10),60,63,30,37,16,118,NA,131,131,16,11,11,9,1.0,0.7
2026-10-08T2100,3546A,111.4606,30.5519,宜昌市,猇亭区张家湾站,臭氧1小时(O3_1h),63,62,47,35,26,170,NA,165,165,16,12,12,10,0.4,0.3
2026-10-08T2100,3547A,112.1631,31.0134,荆门市,龙泉中学南校,,45,44,56,31,28,130,NA,180,170,11,14,9,12,0.3,0.4
2026-10-08T2100,3549A,109.5061,30.3771,恩施土家族苗族自治州,龙凤新区,颗粒物(PM10),66,72,36,34,22,40,NA,80,69,9,8,5,6,0.6,0.5
2026-10-08T2100,3550A,102.8,24.9787,昆明市,昆明学院,NA,NA,22,56,14,24,NA,NA,105,105,18,28,6,6,0.3,1.1
2026-10-08T2100,3551A,102.5969,24.6738,昆明市,晋宁区生态环境分局,颗粒物(PM10),55,57,34,37,25,58,NA,95,88,17,16,4,2,0.7,0.7
2026-10-08T2100,3552A,102.6673,24.9861,昆明市,云天化总部,,25,18,30,10,18,80,NA,104,100,7,19,6,6,0.2,0.4
2026-10-08T2100,3557A,119.9463,30.0496,杭州市,镇二中,细颗粒物(PM2.5),62,64,45,41,29,139,NA,141,140,24,27,10,8,0.5,0.5
2026-10-08T2100,3558A,119.7184,30.2367,杭州市,市府大楼,细颗粒物(PM2.5),108,69,29,68,26,119,NA,151,146,25,18,9,8,0.5,0.4
2026-10-08T2100,3560A,120.4715,30.0414,绍兴市,柯桥妇保,颗粒物(PM10),58,60,41,34,24,141,NA,168,167,17,14,9,8,0.7,0.7
2026-10-08T2100,3561A,120.6985,27.9252,温州市,茶山,,36,26,34,12,17,114,NA,139,134,11,20,/,/,/,/
2026-10-08T2100,3562A,120.4146,30.8538,湖州市,南浔区站,,43,43,61,28,41,124,NA,182,170,27,31,11,12,0.5,0.5
2026-10-08T2100,3564A,121.25678,28.66823971,台州市,台州科技职业学院,颗粒物(PM10),51,51,42,31,21,98,NA,135,126,23,21,10,10,0.8,0.7
2026-10-08T2100,3565A,113.1371,40.1122,大同市,云冈站,颗粒物(PM10),65,70,61,26,22,73,NA,138,125,22,17,12,11,0.3,0.4
2026-10-08T2100,3566A,113.1186,40.2556,大同市,图书馆,颗粒物(PM10),65,71,50,23,19,73,NA,135,120,17,14,10,11,0.8,0.8
2026-10-08T2100,3567A,113.5931,40.0459,大同市,区一中,,50,50,60,22,28,81,NA,148,130,13,17,9,15,0.7,0.8
2026-10-08T2100,3568A,113.0603,36.0464,长治市,向阳小学,颗粒物(PM10),66,72,64,31,22,132,NA,147,144,13,13,10,9,0.3,0.3
2026-10-08T2100,3569A,112.8788,36.315,长治市,屯留一中,,47,47,36,28,17,129,NA,147,142,16,14,16,14,0.4,0.4
2026-10-08T2100,3571A,112.2938,39.5296,朔州市,一水厂,颗粒物(PM10),70,78,49,22,17,46,NA,130,116,62,33,3,4,0.8,0.7
2026-10-08T2100,3575A,118.0927,39.5807,唐山市,正泰大街热力站,颗粒物(PM10),77,87,76,41,37,139,NA,185,178,26,30,8,6,0.6,0.6
2026-10-08T2100,3576A,118.1561,39.8322,唐山市,丰润区政府,颗粒物(PM10),104,130,96,51,38,65,NA,175,151,88,46,14,10,0.9,0.9
2026-10-08T2100,3577A,118.436906,39.73802,唐山市,金山小学,颗粒物(PM10),106,135,79,57,33,110,NA,179,168,39,32,4,9,0.8,0.8
2026-10-08T2100,3578A,118.2449,39.6693,唐山市,政府服务中心,细颗粒物(PM2.5),106,112,79,66,42,116,NA,179,168,36,35,7,9,0.7,0.7
2026-10-08T2100,3580A,114.1998,36.4439,邯郸市,峰峰矿区临水派出所,颗粒物(PM10),65,70,41,39,26,135,NA,172,166,15,12,8,10,0.8,0.7
2026-10-08T2100,3581A,115.3136,38.9511,保定市,满城区生态环境分局,细颗粒物(PM2.5),123,146,109,85,47,84,NA,186,172,35,23,3,4,0.9,0.6
2026-10-08T2100,3582A,115.4709,38.7628,保定市,清苑区第二中学,颗粒物(PM10),109,142,132,55,70,110,NA,171,160,23,29,4,7,0.5,0.7
2026-10-08T2100,3583A,115.6231,39.0223,保定市,徐水物探局,细颗粒物(PM2.5),128,166,137,90,68,99,NA,187,181,59,55,7,6,0.9,0.7
2026-10-08T2100,3590A,113.8362,34.566,郑州市,北区建设指挥部,细颗粒物(PM2.5),80,87,70,50,36,98,NA,152,140,46,34,5,8,0.5,0.5
2026-10-08T2100,3591A,113.3029,34.8041,郑州市,上街区政府,细颗粒物(PM2.5),70,74,69,45,39,108,NA,144,140,24,27,7,11,0.5,0.6
2026-10-08T2100,3592A,114.4518,34.7503,开封市,祥符区生态环境局,颗粒物(PM10),105,132,104,44,38,70,NA,154,126,56,36,6,6,0.4,0.4
2026-10-08T2100,3593A,112.5736,34.8993,洛阳市,吉利监测站,颗粒物(PM10),78,89,59,40,30,49,NA,160,132,42,23,9,13,0.4,0.5
2026-10-08T2100,3594A,112.8736,33.9068,平顶山市,石龙区,颗粒物(PM10),69,76,75,38,31,119,NA,143,139,26,27,8,8,0.7,0.7
2026-10-08T2100,3596A,114.1573,35.9607,鹤壁市,南山宾馆,颗粒物(PM10),83,95,74,32,31,122,NA,159,153,19,15,9,12,0.2,0.2
2026-10-08T2100,3598A,111.1031,34.719,三门峡市,富达温泉假日酒店,,41,41,36,24,19,100,NA,132,125,17,18,10,11,0.5,0.5
2026-10-08T2100,3599A,106.2648,29.9853,重庆市,书院路,细颗粒物(PM2.5),101,NA,47,61,54,36,NA,91,84,27,13,6,6,1.0,0.9
2026-10-08T2100,3600A,106.2334,29.5583,重庆市,虎峰,颗粒物(PM10),69,76,59,43,35,82,NA,121,117,21,19,8,16,0.6,0.7
2026-10-08T2100,3601A,106.0497,29.8345,重庆市,龙门街,细颗粒物(PM2.5),125,100,67,87,47,46,NA,129,118,33,20,8,11,1.2,0.9
2026-10-08T2100,3604A,119.3267,35.1043,日照市,岚山环保分局,,34,17,26,3,8,107,NA,132,120,13,14,9,12,0.5,0.5
2026-10-08T2100,3605A,109.1019,34.5302,西安市,无线电监控中心,细颗粒物(PM2.5),130,142,68,93,40,64,NA,134,115,59,25,9,9,0.9,0.7
2026-10-08T2100,3610A,105.5931,29.4105,重庆市,昌元,细颗粒物(PM2.5),172,NA,67,130,66,46,NA,122,110,46,21,10,10,1.3,0.8
2026-10-08T2100,3612A,85.1045,45.6895,克拉玛依市,白碱滩区新站,NA,NA,NA,35,NA,5,NA,NA,78,78,34,8,7,7,0.2,0.1
2026-10-08T2100,3613A,87.3069,44.0093,昌吉回族自治州,亚心广场,颗粒物(PM10),65,70,43,11,10,55,NA,82,80,24,15,8,9,0.4,0.3
2026-10-08T2100,3614A,79.9241,37.0878,和田地区,地区环保局,颗粒物(PM10),124,180,225,60,67,84,NA,63,63,9,14,3,7,0.7,0.7
2026-10-08T2100,3615A,79.9132,37.1137,和田地区,市环保局,颗粒物(PM10),136,212,242,86,72,43,NA,90,88,52,28,5,7,1.0,0.8
2026-10-08T2100,3616A,106.7617,31.8343,巴中市,市中心医院,细颗粒物(PM2.5),103,102,64,63,40,19,NA,61,55,31,21,11,11,0.9,0.7
2026-10-08T2100,3617A,105.8047,32.4167,广元市,经开区,颗粒物(PM10),62,66,59,38,38,18,NA,80,74,46,26,7,14,0.7,0.8
2026-10-08T2100,3618A,112.4702,37.7821,太原市,金胜,颗粒物(PM10),52,52,81,31,45,93,NA,158,148,43,24,10,13,0.6,0.6
2026-10-08T2100,3619A,113.6169,37.8565,阳泉市,龙柱,NA,NA,107,88,41,33,92,NA,133,129,36,43,NA,26,1.2,1
2026-10-08T2100,3620A,112.8258,35.4804,晋城市,泽州一中,NA,NA,NA,57,NA,18,112,NA,156,152,28,22,8,8,NA,0.8
2026-10-08T2100,3622A,113.5556,24.8082,韶关市,碧湖山庄,,43,43,42,25,26,71,NA,114,104,19,15,8,9,0.4,0.3
2026-10-08T2100,3623A,113.8952,22.586,深圳市,西乡,,47,47,49,25,27,108,NA,175,159,25,19,5,5,0.7,0.7
2026-10-08T2100,3624A,116.4069,23.2533,汕头市,潮南子站,,36,36,39,14,17,110,NA,117,109,10,11,10,10,/,/
2026-10-08T2100,3625A,113.2568,22.7629,佛山市,容桂街道办,,44,44,44,29,31,94,NA,169,161,19,18,/,/,/,/
2026-10-08T2100,3628A,112.0335,22.9376,云浮市,文笔,颗粒物(PM10),55,56,50,32,27,128,NA,154,152,10,20,8,19,0.4,0.4
2026-10-08T2100,3629A,101.8304,36.5785,西宁市,世纪职校,NA,NA,39,38,21,25,111,NA,115,115,17,26,11,11,NA,0.8
2026-10-08T2100,3633A,118.4914,31.681,马鞍山市,雨山,颗粒物(PM10),61,65,54,36,33,161,NA,188,180,25,24,9,10,0.7,0.7
2026-10-08T2100,3635A,112.3678,34.6623,洛阳市,河科大西苑校区,细颗粒物(PM2.5),66,63,68,43,40,130,NA,165,162,22,25,11,16,0.7,0.7
2026-10-08T2100,3636A,112.4387,34.678,洛阳市,英才小学,细颗粒物(PM2.5),74,80,86,47,45,68,NA,146,135,40,34,9,12,0.8,0.7
2026-10-08T2100,3637A,131.0136,45.7688,七台河市,人民广场,,47,47,27,16,6,36,NA,44,41,17,15,6,5,0.4,0.4
2026-10-08T2100,3638A,104.7637,29.3373,自贡市,轻化工大学,细颗粒物(PM2.5),156,NA,82,119,64,NA,NA,103,103,NA,19,NA,16,NA,0.8
2026-10-08T2100,3642A,120.3454,36.0735,青岛市,市北区南部,,39,13,14,1,1,123,NA,129,129,6,8,7,7,0.4,0.4
2026-10-08T2100,3643A,120.3897,36.18,青岛市,李沧区北部,,33,24,19,8,3,104,NA,126,124,23,17,4,4,0.6,0.5
2026-10-08T2100,3644A,117.8662,36.8049,淄博市,三金集团,NA,NA,107,75,53,41,88,NA,170,148,NA,35,11,10,0.7,0.7
2026-10-08T2100,3645A,118.0259,36.8409,淄博市,东风化工厂,颗粒物(PM10),73,81,65,40,35,104,NA,177,161,39,28,12,12,0.6,0.6
2026-10-08T2100,3646A,118.4979,37.4623,东营市,胜利站,颗粒物(PM10),66,72,71,13,25,121,NA,182,168,30,35,15,14,0.5,0.4
2026-10-08T2100,3648A,106.2176,37.9832,吴忠市,文卫南街,颗粒物(PM10),75,84,69,39,27,13,NA,129,110,83,23,6,13,0.8,0.4
2026-10-08T2100,3650A,105.1696,37.5164,中卫市,沙坡头区政府站,细颗粒物(PM2.5),102,62,54,62,28,38,NA,112,97,60,12,6,4,0.3,0.1
2026-10-08T2100,3654A,114.8093,30.4091,鄂州市,精准医疗中心,细颗粒物(PM2.5),72,61,53,46,31,83,NA,143,133,34,27,6,9,0.5,0.7
2026-10-08T2100,3655A,114.3379,29.8683,咸宁市,长江产业园,细颗粒物(PM2.5),123,117,37,85,24,21,NA,144,114,68,19,8,6,0.9,0.4
2026-10-08T2100,3656A,120.1554,30.2863,杭州市,消防大队,细颗粒物(PM2.5),62,59,47,41,32,148,NA,168,166,22,25,11,11,0.6,0.6
2026-10-08T2100,3658A,120.6156,30.0762,绍兴市,袍江中学,颗粒物(PM10),61,65,50,38,32,134,NA,159,158,24,24,10,8,0.6,0.5
2026-10-08T2100,3659A,119.656,29.1132,金华市,气象局,颗粒物(PM10),65,71,54,39,30,61,NA,147,126,57,35,10,7,0.5,0.5
2026-10-08T2100,3662A,123.6341,47.2079,齐齐哈尔市,富区青少年活动中心,颗粒物(PM10),53,54,33,19,5,33,NA,60,50,20,10,4,4,0.7,0.5
2026-10-08T2100,3663A,124.117,50.4279,大兴安岭地区,红旗社区,,36,36,17,24,11,11,NA,60,46,34,14,5,3,0.6,0.4
2026-10-08T2100,3664A,119.4171,34.734,连云港市,连云街道,,33,13,15,4,6,104,NA,117,113,9,14,10,13,0.2,0.3
2026-10-08T2100,3665A,76.1654,39.7157,克孜勒苏柯尔克孜自治州,克州文化中心,颗粒物(PM10),52,52,104,20,41,93,NA,105,104,13,10,2,3,0.3,0.2
2026-10-08T2100,3667A,111.0279,35.0543,运城市,水利职院,,39,31,39,20,14,123,NA,124,124,9,12,9,9,0.5,0.5
2026-10-08T2100,3669A,114.4706,36.0634,安阳市,左辅环卫站,颗粒物(PM10),112,149,135,32,38,106,NA,162,150,30,34,6,7,0.8,0.8
2026-10-08T2100,3670A,111.0522,35.0439,运城市,禹都公园,,40,37,36,20,16,126,NA,130,129,11,12,9,9,0.8,0.8
2026-10-08T2100,3671A,116.0879,39.9725,北京市,门头沟三家店,细颗粒物(PM2.5),127,166,96,89,51,77,NA,173,158,55,31,3,4,0.7,0.6
2026-10-08T2100,3672A,116.1507,39.8246,北京市,丰台云岗,细颗粒物(PM2.5),134,189,116,97,59,140,NA,174,170,36,28,5,6,0.7,0.6
2026-10-08T2100,3674A,115.9578,39.7602,北京市,房山燕山,颗粒物(PM10),79,90,101,49,53,137,NA,178,176,20,22,5,4,0.8,0.6
2026-10-08T2100,3675A,116.4669,39.7734,北京市,大兴旧宫,颗粒物(PM10),75,85,101,44,53,103,NA,182,178,19,41,3,5,0.9,0.7
2026-10-08T2100,3677A,98.5887,24.4366,德宏傣族景颇族自治州,芒市人民政府综合楼,颗粒物(PM10),55,56,35,22,16,50,NA,77,73,11,10,6,6,0.5,0.5
2026-10-08T2100,3678A,116.5907,35.4054,济宁市,市第七中学,颗粒物(PM10),57,59,66,29,34,158,NA,165,165,15,17,5,7,0.5,0.5
2026-10-08T2100,3683A,109.8332,40.6577,包头市,昆区政府,细颗粒物(PM2.5),82,81,58,51,30,83,NA,121,116,56,46,12,14,0.9,0.7
2026-10-08T2100,3684A,130.8639,45.8144,七台河市,新建矿广场,,44,44,36,19,9,20,NA,44,37,22,18,6,7,0.1,0.1
2026-10-08T2100,3685A,117.897,28.4316,上饶市,双创科技城,,47,47,41,31,25,139,NA,162,154,19,17,8,8,0.6,0.5
2026-10-08T2100,3689A,113.9002,35.372,新乡市,行政服务中心,颗粒物(PM10),68,75,61,26,30,126,NA,158,152,24,26,5,7,0.5,0.5
2026-10-08T2100,3690A,115.9718,28.7032,南昌市,外国语学校,,43,39,42,30,27,112,NA,139,133,12,19,9,11,0.3,0.3
2026-10-08T2100,3692A,118.2043,39.6703,唐山市,消防缸窑路中队,颗粒物(PM10),85,98,98,31,34,137,NA,190,184,27,32,15,14,0.6,0.6
2026-10-08T2100,3693A,118.1432,39.6203,唐山市,路南电大,颗粒物(PM10),84,97,77,50,39,126,NA,180,172,31,31,4,7,0.5,0.7
2026-10-08T2100,3694A,115.9859,40.4562,北京市,延庆石河营,细颗粒物(PM2.5),125,146,85,87,46,161,NA,180,180,25,23,4,5,0.7,0.5
2026-10-08T2100,3695A,116.6151,40.3052,北京市,怀柔新城,细颗粒物(PM2.5),94,102,80,57,44,149,NA,165,164,19,16,5,5,0.6,0.5
2026-10-08T2100,3696A,116.2542,39.8764,北京市,丰台小屯,颗粒物(PM10),109,142,110,68,53,93,NA,176,166,67,48,3,4,1.0,0.7
2026-10-08T2100,3697A,116.8399,40.3843,北京市,密云镇,细颗粒物(PM2.5),106,116,91,66,50,73,NA,167,146,60,40,4,5,0.9,0.6
2026-10-08T2100,3699A,111.6519,40.8389,呼和浩特市,海东办,"颗粒物(PM10),细颗粒物(PM2.5)",62,66,69,41,23,55,NA,131,117,79,58,10,11,0.3,0.3
2026-10-08T2100,3701A,116.9647,33.6252,宿州市,皖北煤电集团,颗粒物(PM10),68,75,73,25,40,118,NA,171,159,27,27,12,23,0.5,0.5
2026-10-08T2100,3706A,122.2584,43.6333,通辽市,老干部活动中心,颗粒物(PM10),61,65,53,17,19,54,NA,66,62,14,12,9,10,0.5,0.6
2026-10-08T2100,3707A,131.0069,45.2988,鸡西市,欧美日汽修厂,,44,44,42,20,12,19,NA,49,40,18,12,2,2,0.4,0.3
2026-10-08T2100,3708A,122.2923,43.6189,通辽市,东方明珠社区,颗粒物(PM10),97,115,56,21,20,54,NA,69,67,18,16,6,10,0.2,0.5
2026-10-08T2100,3710A,121.5593,29.8976,宁波市,白沙活动中心,,49,38,40,24,29,155,NA,182,178,14,26,11,12,0.4,0.5
2026-10-08T2100,3713A,124.3286,43.1726,四平市,世纪城,细颗粒物(PM2.5),64,66,52,42,25,71,NA,128,106,17,16,8,8,0.4,0.5
2026-10-08T2100,3715A,117.3091,32.9314,蚌埠市,蚌埠田家炳中学,细颗粒物(PM2.5),92,87,68,56,35,142,NA,182,173,20,25,11,26,0.7,0.6
2026-10-08T2100,3719A,97.1707,31.1428,昌都市,昌都会议中心,,30,30,12,16,6,64,NA,92,91,10,7,3,3,0.4,0.2
2026-10-08T2100,3726A,88.8775,29.2425,日喀则市,林业技术推广中心,,39,39,17,11,3,102,NA,97,97,2,2,3,4,0.3,0.3
2026-10-08T2100,3728A,104.6701,28.8053,宜宾市,白酒学院,细颗粒物(PM2.5),111,102,73,72,52,79,NA,92,91,16,18,7,7,0.9,0.8
2026-10-08T2100,3734A,118.5753,37.4405,东营市,理想之城,颗粒物(PM10),62,66,60,21,25,113,NA,184,170,23,26,25,15,1.0,0.8
2026-10-08T2100,3860A,118.3915,35.0297,临沂市,皇山花园小区,,28,24,45,8,22,89,NA,149,132,23,30,5,7,0.6,0.6
2026-10-08T2100,3861A,119.2046,36.7696,潍坊市,寒亭区实验一小,,41,41,37,13,13,90,NA,160,145,18,17,10,11,0.5,0.4
2026-10-08T2100,3866A,122.2469,40.663,营口市,三高中,颗粒物(PM10),62,66,46,36,18,117,NA,153,149,25,17,13,12,0.7,0.6
2026-10-08T2100,3867A,102.074,36.5056,海东市,平安区公安局北苑,NA,NA,35,48,22,22,112,NA,110,110,9,13,NA,10,0.3,0.5
2026-10-08T2100,3981A,113.2456,35.18,焦作市,原李万街道办,颗粒物(PM10),101,122,79,NA,28,NA,NA,145,142,37,24,5,5,0.2,0.2
2026-10-08T2100,3994A,102.2174,31.9016,阿坝藏族羌族自治州,马尔康中学西区,,20,20,12,11,7,39,NA,81,74,13,4,5,5,0.2,0.2
2026-10-08T2100,4002A,109.2312,23.7428,来宾市,中南小学,颗粒物(PM10),53,54,39,26,23,64,NA,136,120,30,25,9,11,0.6,0.5
2026-10-08T2100,4004A,115.4199,38.8665,保定市,双鹰农机,颗粒物(PM10),105,132,144,49,46,109,NA,190,176,25,25,6,8,0.9,0.8
2026-10-08T2100,4006A,122.3622,40.6762,营口市,老边实验小学,细颗粒物(PM2.5),102,107,69,62,25,74,NA,156,136,58,28,15,17,1.9,1.4
2026-10-08T2100,4008A,112.5233,32.9921,南阳市,卧龙区政府,颗粒物(PM10),121,173,84,52,25,41,NA,162,137,64,28,7,7,1.0,0.5
2026-10-08T2100,4010A,112.5608,37.8807,太原市,育英中学,细颗粒物(PM2.5),78,85,89,49,50,50,NA,147,122,62,43,6,11,1.0,1.1
2026-10-08T2100,4011A,103.8505,30.6946,成都市,光华大道三段,颗粒物(PM10),73,82,68,42,44,61,NA,95,94,23,17,4,5,1.0,1
2026-10-08T2100,4017A,116.7926,33.9534,淮北市,市博物馆,颗粒物(PM10),62,66,68,28,39,130,NA,179,170,21,21,8,11,0.3,0.4
2026-10-08T2100,4018A,116.0564,36.4609,聊城市,星美广场,颗粒物(PM10),89,104,93,42,44,146,NA,183,176,22,15,7,9,0.2,0.2
2026-10-08T2100,4022A,102.1648,38.5369,金昌市,金川区人防中心,,29,9,40,3,13,92,NA,101,99,4,6,4,5,0.1,0.2
2026-10-08T2100,4024A,114.6491,37.9014,石家庄市,栾城区星河路,颗粒物(PM10),96,114,92,34,43,113,NA,166,160,28,29,7,8,0.4,0.4
2026-10-08T2100,4027A,75.9485,39.4688,喀什地区,老干局,,39,39,110,22,28,80,NA,97,96,15,15,4,4,0.3,0.3
2026-10-08T2100,4028A,117.9955,37.3752,滨州市,滨州市西街道办事处,NA,NA,110,104,40,74,50,NA,150,125,NA,50,10,15,0.8,0.6
2026-10-08T2100,4033A,122.3124,29.9619,舟山市,普陀东港中学,,44,37,26,16,17,138,NA,164,161,8,7,9,9,0.7,0.7
2026-10-08T2100,4034A,115.515,38.8589,保定市,植保所站,颗粒物(PM10),100,120,122,48,69,98,NA,184,166,40,38,4,7,0.6,0.8
2026-10-08T2100,4036A,116.646,23.676,潮州市,金山,,43,43,35,15,19,112,NA,117,117,12,11,4,5,0.5,0.5
2026-10-08T2100,4051A,86.0791,44.3018,石河子市,世纪广场,NA,NA,35,47,20,10,NA,NA,85,85,30,12,NA,7,0.4,0.7
2026-10-08T2100,4054A,109.0324,32.6913,安康市,市邮政管理局,细颗粒物(PM2.5),86,93,41,53,20,33,NA,85,73,23,13,3,6,0.7,0.5
2026-10-08T2100,4055A,108.8869,34.2662,西安市,行知小学,颗粒物(PM10),85,99,84,52,54,35,NA,165,150,86,41,3,5,1.4,0.8
2026-10-08T2100,4056A,108.6601,34.3767,咸阳市,五陵塬路2号,颗粒物(PM10),90,105,79,54,46,72,NA,154,142,61,39,7,9,0.7,0.6
2026-10-08T2100,4057A,115.9423,40.4431,北京市,延庆百泉,细颗粒物(PM2.5),115,134,77,76,40,110,NA,156,154,19,22,3,4,0.6,0.6
2026-10-08T2100,4058A,116.6598,39.9164,北京市,通州新华,颗粒物(PM10),100,120,112,54,57,10,NA,155,135,135,60,4,5,1.3,0.8
2026-10-08T2100,4059A,114.4563,38.0365,石家庄市,裕华西路63号,颗粒物(PM10),65,71,67,19,25,129,NA,166,161,16,27,4,9,0.3,0.7
2026-10-08T2100,4060A,114.5586,38.0581,石家庄市,和平路363号,颗粒物(PM10),80,92,82,26,34,128,NA,170,162,20,30,3,6,0.4,0.6
2026-10-08T2100,4061A,114.8347,38.0213,石家庄市,廉州西路160号,颗粒物(PM10),101,122,115,32,37,122,NA,160,155,20,22,3,7,0.5,0.7
2026-10-08T2100,4062A,114.4498,38.0729,石家庄市,北城路41号,颗粒物(PM10),86,100,78,30,29,136,NA,168,163,18,29,7,13,0.2,0.6
2026-10-08T2100,4063A,115.2124,37.9433,辛集市,市政府,颗粒物(PM10),102,124,120,48,60,134,NA,178,170,34,24,4,15,0.4,0.5
2026-10-08T2100,4064A,115.2008,37.9338,辛集市,城管大队,颗粒物(PM10),94,111,113,34,56,133,NA,173,167,21,16,3,4,0.5,0.6
2026-10-08T2100,4065A,118.1267,39.6579,唐山市,光明北路515号,颗粒物(PM10),60,64,61,33,33,150,NA,143,143,24,33,13,9,0.6,0.6
2026-10-08T2100,4066A,119.7458,39.9952,秦皇岛市,南园路157号,细颗粒物(PM2.5),110,110,87,70,35,204,NA,198,198,18,28,8,13,0.7,0.6
2026-10-08T2100,4067A,119.5131,39.8858,秦皇岛市,翠岛大街1号,细颗粒物(PM2.5),113,NA,76,74,34,191,NA,184,184,22,27,12,17,0.6,0.6
2026-10-08T2100,4068A,114.5209,36.7697,邯郸市,建安街268号,颗粒物(PM10),63,67,76,12,13,140,NA,166,160,21,24,3,6,0.5,0.6
2026-10-08T2100,4069A,114.5488,36.6177,邯郸市,丛台东路558号,NA,NA,NA,88,NA,56,NA,NA,130,NA,NA,39,NA,6,NA,0.5
2026-10-08T2100,4070A,114.5558,37.0578,邢台市,襄都区政府南院,颗粒物(PM10),85,98,72,35,30,114,NA,164,152,25,19,9,9,0.5,0.9
2026-10-08T2100,4071A,114.9883,38.5232,定州市,交通局,颗粒物(PM10),104,130,116,35,48,135,NA,176,172,16,25,4,7,0.5,0.7
2026-10-08T2100,4072A,115.0045,38.5136,定州市,第五中学,颗粒物(PM10),102,123,120,39,54,122,NA,162,158,21,40,4,6,0.4,0.6
2026-10-08T2100,4073A,117.9462,40.95,承德市,杏林街1号,细颗粒物(PM2.5),78,64,52,49,30,148,NA,164,164,17,15,9,8,0.5,0.5
2026-10-08T2100,4074A,112.449,37.8509,太原市,西矿街336号,颗粒物(PM10),53,54,84,28,46,111,NA,155,145,20,28,12,15,0.7,0.8
2026-10-08T2100,4075A,112.4792,37.9393,太原市,迎宾北路9号,细颗粒物(PM2.5),188,202,99,141,58,95,NA,154,140,52,32,12,12,0.9,0.7
2026-10-08T2100,4076A,112.551,37.8575,太原市,迎泽大街248号,颗粒物(PM10),96,114,98,47,50,44,NA,120,103,62,43,6,11,0.9,0.9
2026-10-08T2100,4077A,113.588,37.8712,阳泉市,宁波路,颗粒物(PM10),68,74,71,35,25,152,NA,154,154,19,39,13,13,0.8,0.8
2026-10-08T2100,4078A,112.8246,35.5152,晋城市,前书院路,颗粒物(PM10),74,83,63,20,22,84,NA,150,139,32,19,10,11,0.5,0.8
2026-10-08T2100,4079A,112.8864,35.4773,晋城市,祥云街666号,,50,50,55,30,30,156,NA,154,154,12,21,10,9,0.4,1.2
2026-10-08T2100,4080A,112.7375,37.7215,晋中市,广安街188号,颗粒物(PM10),92,108,78,49,36,49,NA,160,133,70,31,14,14,0.5,0.4
2026-10-08T2100,4081A,111.0081,35.0748,运城市,学苑北路2555号,,39,32,40,22,17,122,NA,128,126,11,15,7,7,0.5,0.5
2026-10-08T2100,4082A,121.2548,38.8188,大连市,旅顺,颗粒物(PM10),53,53,31,36,17,99,NA,136,125,22,16,7,8,0.7,0.7
2026-10-08T2100,4083A,123.153,41.2874,辽阳市,铁西路150号,,47,47,58,17,16,105,NA,143,135,13,17,8,11,0.6,0.9
2026-10-08T2100,4084A,123.835,42.2853,铁岭市,新华街20号,颗粒物(PM10),88,102,58,41,18,77,NA,154,140,28,21,13,14,0.5,0.4
2026-10-08T2100,4085A,125.0998,42.9134,辽源市,安宁大街333号,细颗粒物(PM2.5),80,62,49,50,27,68,NA,155,133,19,24,6,8,0.7,0.7
2026-10-08T2100,4086A,118.7641,32.0841,南京市,新模范马路66号,臭氧1小时(O3_1h),58,56,51,28,25,166,NA,217,211,24,37,3,4,0.5,0.5
2026-10-08T2100,4087A,120.3138,31.4927,无锡市,清舒道1号,NA,NA,NA,50,NA,27,NA,NA,NA,NA,NA,27,NA,5,NA,0.4
2026-10-08T2100,4088A,117.1553,34.2567,徐州市,纺织东路16号,颗粒物(PM10),78,88,99,43,62,132,NA,163,160,25,30,10,10,1.0,1
2026-10-08T2100,4089A,119.9551,31.863,常州市,崇义南街5-H号,颗粒物(PM10),78,88,82,32,46,70,NA,216,185,44,42,10,12,0.7,0.8
2026-10-08T2100,4090A,120.4282,31.3228,苏州市,学森路9号,颗粒物(PM10),58,61,54,33,28,56,NA,196,165,66,36,10,11,0.7,0.6
2026-10-08T2100,4091A,120.8692,31.9885,南通市,洪江路,颗粒物(PM10),64,69,57,37,39,105,NA,186,170,18,16,7,7,0.4,0.4
2026-10-08T2100,4092A,119.119691,33.550006,淮安市,枚皋中路89号,,46,44,36,32,20,68,NA,132,111,28,21,7,7,0.8,0.8
2026-10-08T2100,4093A,119.5202,32.3705,扬州市,廖家沟步道,颗粒物(PM10),60,64,71,35,56,94,NA,189,164,29,33,11,13,0.6,0.8
2026-10-08T2100,4094A,118.352,33.7886,宿迁市,春华路,细颗粒物(PM2.5),90,83,54,55,32,118,NA,146,138,19,21,8,8,0.6,0.5
2026-10-08T2100,4095A,121.8962,29.7529,宁波市,中科路88号,颗粒物(PM10),51,51,41,26,20,111,NA,194,179,29,18,9,10,0.7,0.7
2026-10-08T2100,4096A,120.6935,28.0114,温州市,鹿城惠民路,,40,40,39,17,17,120,NA,137,133,13,16,/,/,0.4,0.5
2026-10-08T2100,4097A,118.9646,28.9832,衢州市,衢州三中,颗粒物(PM10),73,81,52,31,29,88,NA,162,138,28,32,5,6,0.6,0.6
2026-10-08T2100,4098A,117.2518,31.8404,合肥市,中国科学技术大学,颗粒物(PM10),56,58,52,28,27,138,NA,176,169,33,29,12,10,0.4,0.3
2026-10-08T2100,4099A,118.5726,31.1371,芜湖市,湾沚区人民法院,颗粒物(PM10),62,66,51,35,30,160,NA,176,175,27,23,8,8,0.6,0.5
2026-10-08T2100,4100A,116.8322,33.9884,淮北市,杜集区第一实验学校,NA,NA,30,45,28,32,119,NA,171,157,22,23,NA,8,0.5,0.5
2026-10-08T2100,4101A,118.3196,32.3335,滁州市,银山路666号,颗粒物(PM10),76,86,63,42,33,129,NA,202,184,28,30,6,7,0.7,0.5
2026-10-08T2100,4102A,118.3426,32.2979,滁州市,黄山路555号,颗粒物(PM10),83,96,68,44,35,129,NA,203,187,35,28,11,10,0.7,0.6
2026-10-08T2100,4103A,116.9929,33.6412,宿州市,中兴路,颗粒物(PM10),70,78,84,28,40,120,NA,170,159,28,33,13,15,0.6,0.6
2026-10-08T2100,4104A,119.3106,26.0648,福州市,路通桥巷6号,,39,28,28,11,14,124,NA,124,124,7,6,/,/,/,/
2026-10-08T2100,4105A,118.6355,24.9148,泉州市,霞新路6号,,38,32,30,11,12,120,NA,130,127,13,9,/,/,0.5,0.4
2026-10-08T2100,4106A,115.7923,28.6873,南昌市,工业二路,颗粒物(PM10),55,57,49,36,28,87,NA,156,143,22,33,8,9,0.7,0.7
2026-10-08T2100,4107A,113.8686,27.6668,萍乡市,联洪村委会,颗粒物(PM10),55,56,41,32,24,67,NA,143,125,34,20,11,14,0.7,0.7
2026-10-08T2100,4108A,117.7107,36.2385,济南市,山财大街5号,细颗粒物(PM2.5),80,83,54,50,30,121,NA,160,153,45,25,9,13,0.6,0.7
2026-10-08T2100,4109A,116.9744,36.6889,济南市,无影山路12号,颗粒物(PM10),63,68,60,29,34,142,NA,183,177,26,22,12,12,0.2,0.2
2026-10-08T2100,4110A,120.5222,36.4089,青岛市,盟旺路653号,,33,16,18,4,4,104,NA,111,110,12,12,6,7,0.4,0.4
2026-10-08T2100,4111A,116.6075,35.4566,济宁市,任和路,颗粒物(PM10),67,73,70,27,34,171,NA,174,174,16,17,4,7,0.3,0.3
2026-10-08T2100,4112A,116.5648,35.3921,济宁市,文体南路1号,颗粒物(PM10),53,53,64,32,32,158,NA,172,172,14,15,4,6,0.4,0.2
2026-10-08T2100,4113A,116.0091,36.4495,聊城市,利民路,颗粒物(PM10),85,98,89,37,40,152,NA,182,177,20,19,12,13,0.6,0.6
2026-10-08T2100,4114A,115.4239,35.2593,菏泽市,黄河路600号,颗粒物(PM10),79,90,72,47,34,113,NA,169,157,29,17,9,10,0.6,0.4
2026-10-08T2100,4115A,115.5025,35.2727,菏泽市,菏泽市人社局,颗粒物(PM10),85,99,65,48,33,119,NA,170,158,33,23,6,6,0.3,0.1
2026-10-08T2100,4116A,113.284,33.7139,平顶山市,姚电大道23号,颗粒物(PM10),96,114,89,46,33,77,NA,148,139,37,29,9,9,1.1,0.8
2026-10-08T2100,4117A,114.2918,36.0769,安阳市,钢三路198号,颗粒物(PM10),72,80,79,23,38,105,NA,142,135,19,17,8,8,0.5,0.5
2026-10-08T2100,4118A,115.0552,35.7816,濮阳市,中原东路68号,颗粒物(PM10),64,69,69,29,28,147,NA,174,171,16,16,5,6,0.7,0.6
2026-10-08T2100,4119A,115.6701,34.3767,商丘市,北海东路185号,颗粒物(PM10),54,55,59,32,27,115,NA,170,161,22,19,6,7,0.5,0.4
2026-10-08T2100,4120A,115.6172,34.3704,商丘市,中山大街3号,颗粒物(PM10),58,60,63,27,33,145,NA,167,163,19,20,9,8,0.5,0.3
2026-10-08T2100,4121A,114.8466,33.7333,周口市,羲皇大道,颗粒物(PM10),86,100,70,39,27,135,NA,162,156,22,17,9,11,0.8,0.8
2026-10-08T2100,4122A,112.6071,35.1015,济源市,市委党校,NA,NA,96,68,41,28,NA,NA,168,157,37,22,10,14,0.9,0.7
2026-10-08T2100,4123A,112.596,35.0702,济源市,沁园中路1号,颗粒物(PM10),73,81,65,45,32,78,NA,152,135,42,28,8,9,1.2,1
2026-10-08T2100,4124A,112.2213,31.0654,荆门市,新台西路6号,颗粒物(PM10),61,65,58,35,39,88,NA,168,152,29,25,8,10,0.8,0.7
2026-10-08T2100,4125A,113.946,30.8999,孝感市,天仙南路1号,NA,NA,72,58,29,30,NA,NA,175,175,54,19,8,8,NA,0.6
2026-10-08T2100,4127A,111.9812,27.7591,娄底市,涟钢职大,细颗粒物(PM2.5),76,75,35,48,21,64,NA,147,131,37,14,6,7,0.6,1.1
2026-10-08T2100,4128A,112.0303,27.7457,娄底市,娄底体校,NA,NA,NA,39,60,28,67,NA,150,131,NA,11,NA,3,0.5,0.3
2026-10-08T2100,4129A,113.8666,23.1062,东莞市,裕兴路,颗粒物(PM10),59,62,54,31,25,93,NA,124,115,23,20,15,16,0.8,0.7
2026-10-08T2100,4130A,114.0076,22.9739,东莞市,教育路1号,颗粒物(PM10),58,60,55,35,30,89,NA,144,129,34,32,14,14,0.7,0.7
2026-10-08T2100,4131A,113.7981,22.8124,东莞市,长怡路1号,颗粒物(PM10),60,64,62,33,31,86,NA,156,138,23,28,6,7,0.7,0.7
2026-10-08T2100,4132A,108.2927,23.1477,南宁市,起凤路9号,,46,46,43,26,29,109,NA,134,126,17,19,4,4,0.5,0.5
2026-10-08T2100,4133A,106.6273,23.8798,百色市,龙景西路,细颗粒物(PM2.5),60,NA,32,40,19,47,NA,126,116,38,15,12,12,0.6,0.4
2026-10-08T2100,4134A,110.1952,20.0451,海口市,长滨二路9号,,40,24,31,12,18,127,NA,154,137,5,6,/,/,/,/
2026-10-08T2100,4135A,109.1714,18.3739,三亚市,城东小学站,,23,22,22,13,14,72,NA,102,96,8,8,/,/,/,/
2026-10-08T2100,4136A,108.6971,30.9377,重庆市,云师幼儿园,细颗粒物(PM2.5),82,NA,35,51,24,32,NA,81,73,22,17,5,6,0.8,0.7
2026-10-08T2100,4137A,107.3276,30.3284,重庆市,公安局,NA,NA,33,37,22,22,NA,NA,77,75,NA,11,NA,9,NA,0.6
2026-10-08T2100,4138A,108.0575,30.3254,重庆市,忠县中学,细颗粒物(PM2.5),94,86,56,57,36,38,NA,73,71,26,16,6,6,0.6,0.6
2026-10-08T2100,4139A,109.4542,31.0182,重庆市,竹枝路2号,,48,46,36,33,20,17,NA,87,67,39,21,6,7,0.4,0.3
2026-10-08T2100,4140A,107.7422,29.871,重庆市,龙河路,NA,NA,60,38,41,23,NA,NA,90,90,16,16,9,9,0.9,0.8
2026-10-08T2100,4141A,108.7636,28.84,重庆市,桃花源中路,颗粒物(PM10),53,53,36,25,13,57,NA,104,91,7,4,9,8,0.6,0.5
2026-10-08T2100,4142A,108.9758,28.4416,重庆市,秀山县高级中学,细颗粒物(PM2.5),78,61,35,49,17,35,NA,111,95,18,10,8,9,0.7,0.5
2026-10-08T2100,4143A,108.1558,29.2859,重庆市,河堡街,颗粒物(PM10),53,53,27,35,18,33,NA,66,59,12,9,6,6,0.6,0.5
2026-10-08T2100,4144A,104.3257,30.6406,成都市,八角井街185号,颗粒物(PM10),64,69,77,29,49,56,NA,103,93,16,24,7,8,0.8,0.9
2026-10-08T2100,4145A,104.4144,31.1495,德阳市,市林业局,颗粒物(PM10),60,63,77,39,56,44,NA,98,93,44,29,14,14,0.9,0.9
2026-10-08T2100,4146A,104.7092,31.4972,绵阳市,科技城新区公安局,颗粒物(PM10),61,65,80,35,43,88,NA,93,93,26,28,11,11,0.7,0.8
2026-10-08T2100,4147A,105.0433,29.6105,内江市,玉峰路西段888号,细颗粒物(PM2.5),103,78,55,63,46,80,NA,104,98,16,15,8,8,0.6,0.6
2026-10-08T2100,4148A,103.8836,30.0695,眉山市,眉职院,细颗粒物(PM2.5),107,107,92,67,56,45,NA,73,73,29,25,9,10,1.4,1.2
2026-10-08T2100,4149A,104.6146,28.7422,宜宾市,宜宾市职业技术学校,细颗粒物(PM2.5),108,90,71,68,55,81,NA,99,98,15,16,8,8,0.8,0.9
2026-10-08T2100,4150A,104.6646,30.1116,资阳市,正兴街66号,细颗粒物(PM2.5),72,71,73,46,50,73,NA,93,91,16,12,2,2,0.5,0.5
2026-10-08T2100,4151A,104.8899,26.5685,六盘水市,钟山大道中段564号,,45,45,39,25,20,104,NA,107,107,9,9,7,6,0.5,0.5
2026-10-08T2100,4152A,107.0425,27.7087,遵义市,乌江大道东段1号,细颗粒物(PM2.5),52,48,29,36,20,42,NA,104,94,43,14,9,9,0.8,0.7
2026-10-08T2100,4153A,101.5536,25.0343,楚雄彝族自治州,团结路562号,,24,24,17,16,10,65,NA,80,77,8,7,4,4,0.4,0.4
2026-10-08T2100,4154A,103.401,23.3561,红河哈尼族彝族自治州,蒙自市朝阳路,,36,36,16,20,16,92,NA,93,90,4,4,5,4,0.4,0.3
2026-10-08T2100,4155A,107.1721,34.3558,宝鸡市,滨河北路,细颗粒物(PM2.5),76,79,57,48,37,59,NA,130,120,38,21,4,5,0.6,0.5
2026-10-08T2100,4156A,108.6372,34.3031,咸阳市,胭脂路9号,"颗粒物(PM10),细颗粒物(PM2.5)",88,102,99,54,56,78,NA,143,137,45,36,4,5,0.7,0.7
2026-10-08T2100,4157A,108.0371,34.3035,咸阳市,杨扶路,细颗粒物(PM2.5),98,96,70,59,46,68,NA,135,125,43,32,4,5,0.8,0.8
2026-10-08T2100,4158A,108.0895,34.2623,咸阳市,新桥路,细颗粒物(PM2.5),76,80,98,48,68,71,NA,138,130,40,29,6,7,0.6,0.6
2026-10-08T2100,4159A,110.4531,35.4578,渭南市,桢州大街,颗粒物(PM10),54,55,52,25,30,90,NA,138,117,14,16,9,16,0.8,1.1
2026-10-08T2100,4160A,110.4368,35.4773,渭南市,太史大街,,43,43,57,21,29,81,NA,118,104,10,19,9,18,0.6,0.9
2026-10-08T2100,4161A,109.485,36.6347,延安市,志丹路,,42,42,38,21,18,58,NA,103,95,30,23,4,4,0.6,0.5
2026-10-08T2100,4162A,101.6769,36.6535,西宁市,海晏路105号,,43,43,46,27,25,113,NA,121,121,14,20,10,6,0.2,0.3
2026-10-08T2100,4163A,102.0984,36.5119,海东市,滨河路,颗粒物(PM10),51,51,67,26,25,83,NA,109,106,46,37,30,16,0.5,0.6
2026-10-08T2100,4164A,87.2057,43.9289,昌吉回族自治州,财政所,颗粒物(PM10),65,70,48,23,10,28,NA,80,76,50,14,9,9,0.5,0.4
2026-10-08T2100,4165A,82.9716,46.7464,塔城地区,文化广场,颗粒物(PM10),51,51,22,20,6,38,NA,73,69,38,8,4,3,0.7,0.3
2026-10-08T2100,4166A,88.1198,47.7931,阿勒泰地区,阿勒泰路33号,,25,25,18,3,2,26,NA,75,70,47,10,3,3,0.5,0.3
2026-10-08T2100,4167A,86.0126,44.2349,石河子市,城南景苑小区,颗粒物(PM10),69,76,37,22,9,58,NA,80,77,19,12,7,7,0.1,0.1
2026-10-08T2100,4168A,87.055284,43.999117,五家渠市,建设西街760号,颗粒物(PM10),63,67,45,21,14,55,NA,88,85,22,11,3,4,0.4,0.4
2026-10-08T2100,4180A,113.8157285,34.126705,许昌市,新元大道996号,颗粒物(PM10),64,69,60,36,31,93,NA,150,134,36,22,6,6,0.3,0.3
2026-10-08T2100,4181A,112.3571,28.5588,益阳市,龙洲站,NA,NA,50,40,35,27,NA,NA,156,153,NA,22,9,9,NA,0.5
2026-10-08T2100,4182A,116.1942,39.9158,北京市,石景山八角,细颗粒物(PM2.5),122,173,117,84,55,67,NA,184,166,83,58,2,4,1.3,0.8
2026-10-08T2100,4183A,121.417401,31.16637,上海市,冠生园路458号,,44,44,54,25,35,117,NA,186,171,28,43,7,8,0.6,0.6
2026-10-08T2100,4184A,115.479691,35.244011,菏泽市,永昌路1号,颗粒物(PM10),85,99,72,49,30,116,NA,163,150,35,21,7,8,0.2,0.1
2026-10-08T2100,4185A,115.078022,30.21118,黄石市,磁湖东路29号,,49,49,52,30,32,128,NA,150,147,14,32,14,9,1.1,1
2026-10-08T2100,4186A,117.194237,34.229354,徐州市,解放南路202号,颗粒物(PM10),76,86,99,46,66,125,NA,154,146,26,31,11,10,0.8,0.8
2026-10-08T2100,4187A,112.3425,28.611,益阳市,幸福渠东路223号,细颗粒物(PM2.5),64,58,39,42,30,88,NA,154,135,48,24,9,9,0.5,0.4
2026-10-08T2100,4188A,112.3712,28.5764,益阳市,益鑫泰路85号,细颗粒物(PM2.5),82,66,42,51,34,63,NA,150,131,41,29,12,12,1.2,0.9
2026-10-08T2100,4189A,113.113092,36.199482,长治市,英华南巷50号,,49,49,46,26,23,129,NA,144,141,15,20,12,13,0.7,0.7
2026-10-08T2100,4190A,113.23666,36.33435,长治市,学府街1号,,44,44,76,17,30,124,NA,151,144,6,10,10,11,0.7,0.9
2026-10-08T2100,4191A,118.527362,31.722269,马鞍山市,慈湖高新区,颗粒物(PM10),68,74,69,36,32,166,NA,186,178,28,27,6,7,0.6,0.6
2026-10-08T2100,4192A,115.931587,28.686774,南昌市,南京东路235号,,45,45,48,28,25,110,NA,155,145,12,16,6,7,0.8,0.8
2026-10-08T2100,4193A,115.471542,35.280012,菏泽市,长城路999号,颗粒物(PM10),88,102,64,52,30,133,NA,170,163,27,18,10,10,0.5,0.4
2026-10-08T2100,4194A,117.078628,40.151726,北京市,平谷新城,细颗粒物(PM2.5),98,108,82,59,47,131,NA,172,170,21,16,4,5,0.7,0.7
2026-10-08T2100,4196A,117.24369,39.102911,天津市,光华路,颗粒物(PM10),79,90,84,36,41,136,NA,168,162,19,21,12,11,1.0,0.7
2026-10-08T2100,4197A,118.130859,39.636026,唐山市,友谊北路34号,细颗粒物(PM2.5),68,71,73,44,34,146,NA,141,141,29,35,11,10,0.5,0.7
2026-10-08T2100,4198A,119.509013,39.825305,秦皇岛市,北戴河轮滑馆,臭氧1小时(O3_1h),92,92,68,52,32,193,NA,191,191,16,23,8,16,0.8,0.7
2026-10-08T2100,4199A,113.2798248,40.09972476,大同市,魏都大道141号,细颗粒物(PM2.5),110,112,84,70,30,8,NA,135,105,99,48,11,16,1.1,0.7
2026-10-08T2100,4200A,112.7478,37.6954,晋中市,迎宾街26号,颗粒物(PM10),93,110,62,55,36,76,NA,162,144,41,20,13,13,0.6,0.7
2026-10-08T2100,4201A,122.944647,41.082639,鞍山市,兴盛南路290号,颗粒物(PM10),68,74,50,30,22,117,NA,159,148,21,19,10,13,0.7,0.9
2026-10-08T2100,4202A,113.9856,32.9802,驻马店市,交通路1233号,颗粒物(PM10),78,89,51,30,20,105,NA,150,140,27,16,8,6,0.5,0.4
2026-10-08T2100,4203A,111.3168,30.7203,宜昌市,西陵二路116号,颗粒物(PM10),55,57,46,33,22,87,NA,159,150,36,19,8,8,0.6,0.4
2026-10-08T2100,4204A,111.3526,30.6374,宜昌市,沈家店路6号,颗粒物(PM10),55,56,40,37,29,86,NA,147,138,21,20,6,7,0.5,0.4
2026-10-08T2100,4205A,121.541914,31.268301,上海市,宁武路151号,颗粒物(PM10),72,80,74,40,38,102,NA,182,161,67,56,11,11,0.5,0.5
2026-10-08T2100,4206A,119.028838,33.631911,淮安市,承德北路606号,颗粒物(PM10),58,61,45,33,20,59,NA,128,106,37,21,8,8,0.7,0.7
2026-10-08T2100,4207A,120.12211,33.393982,盐城市,黄海中路88号,,32,22,25,6,10,101,NA,128,115,5,10,10,10,0.5,0.5
2026-10-08T2100,4209A,117.003137,32.644456,淮南市,国庆中路369号,颗粒物(PM10),73,81,49,43,32,134,NA,184,177,30,17,10,11,0.7,0.6
2026-10-08T2100,4210A,118.335445,29.720283,黄山市,滨江东路7-2号,细颗粒物(PM2.5),74,60,41,47,25,57,NA,130,108,12,11,/,/,/,/
2026-10-08T2100,4211A,118.190438,28.444845,上饶市,裕丰大道,颗粒物(PM10),65,70,50,29,28,145,NA,151,149,13,11,5,13,0.7,0.8
2026-10-08T2100,4212A,118.3039243,36.82708161,淄博市,广场路1号,,42,36,56,29,39,124,NA,167,151,12,17,9,13,0.3,0.7
2026-10-08T2100,4213A,121.364239,37.529648,烟台市,青年南路118号,,34,34,31,9,8,97,NA,128,118,18,15,6,7,0.6,0.6
2026-10-08T2100,4214A,112.460027,34.694929,洛阳市,春都路1号院,颗粒物(PM10),63,68,72,41,39,54,NA,141,125,33,28,4,7,0.5,0.5
2026-10-08T2100,4215A,113.916569,35.331547,新乡市,建设东路46号,NA,NA,70,65,47,26,NA,NA,157,157,13,25,6,7,0.5,0.5
2026-10-08T2100,4216A,115.0923632,35.76857718,濮阳市,任丘路479号,颗粒物(PM10),59,62,80,34,40,130,NA,169,163,18,19,9,8,0.7,0.7
2026-10-08T2100,4217A,114.3182,29.8447,咸宁市,双鹤路18号,,49,49,34,29,19,81,NA,152,138,19,13,4,6,0.6,0.3
2026-10-08T2100,4218A,111.446,27.2472,邵阳市,北塔二期4-26地块,细颗粒物(PM2.5),66,46,41,43,27,86,NA,141,132,22,14,9,10,0.9,0.7
2026-10-08T2100,4219A,111.4739,27.2282,邵阳市,邵水西路287号,颗粒物(PM10),57,59,49,38,35,85,NA,154,142,25,16,16,16,0.5,0.4
2026-10-08T2100,4220A,114.214113,22.713717,深圳市,黄阁路,,44,35,43,18,25,139,NA,160,154,12,14,7,7,1.0,1
2026-10-08T2100,4221A,108.2177,22.7774,南宁市,乐贤路16号,颗粒物(PM10),63,68,52,33,29,62,NA,144,127,57,33,9,12,0.7,0.6
2026-10-08T2100,4222A,110.1835,25.2444,桂林市,环湖路276号,颗粒物(PM10),65,70,42,36,19,80,NA,146,133,34,20,5,5,1.0,0.9
2026-10-08T2100,4223A,106.4686218,29.48920871,重庆市,双山路147号,颗粒物(PM10),51,51,44,35,30,52,NA,94,90,58,30,9,10,1.1,0.8
2026-10-08T2100,4224A,104.2433276,30.53529463,成都市,鲸龙路1057号,NA,NA,65,89,45,59,NA,NA,103,95,NA,31,NA,10,NA,1
2026-10-08T2100,4225A,104.714266,29.338571,自贡市,贡兴路74号,细颗粒物(PM2.5),134,104,77,97,64,70,NA,102,99,5,9,8,8,0.9,0.8
2026-10-08T2100,4226A,104.765114,31.453094,绵阳市,绵阳市气象局,细颗粒物(PM2.5),72,69,78,46,47,63,NA,86,84,22,25,7,7,0.8,0.9
2026-10-08T2100,4227A,106.108336,30.788436,南充市,梨树横街98号,细颗粒物(PM2.5),90,90,80,55,48,24,NA,95,86,61,23,9,9,0.9,0.5
2026-10-08T2100,4229A,102.2342,27.8859,凉山彝族自治州,凯乐南路30号,,38,32,21,26,17,41,NA,90,85,21,13,7,8,1.1,0.9
2026-10-08T2100,4230A,106.688212,26.56952,贵阳市,花果园大街66号,NA,NA,NA,32,NA,14,NA,NA,107,101,NA,23,NA,5,NA,NA
2026-10-08T2100,4231A,106.687268,26.516892,贵阳市,漓江路57号,,35,29,29,24,17,59,NA,100,92,21,21,5,6,0.5,0.5
2026-10-08T2100,4233A,108.596239,34.118792,西安市,西苑北路977号,细颗粒物(PM2.5),114,113,83,75,49,65,NA,147,138,40,23,7,8,0.8,0.5
2026-10-08T2100,4234A,108.949652,34.870529,铜川市,大唐三路,细颗粒物(PM2.5),106,106,53,66,31,74,NA,132,122,34,16,7,7,0.6,0.4
2026-10-08T2100,4235A,109.5051,34.4921,渭南市,渭花路4号,细颗粒物(PM2.5),110,95,56,70,33,58,NA,140,124,29,21,4,6,0.6,0.5
2026-10-08T2100,4236A,103.629272,36.093822,兰州市,庄浪东路808号,,49,49,51,22,22,41,NA,105,92,67,27,14,13,0.5,0.4
2026-10-08T2100,4237A,103.7251,36.104344,兰州市,安宁西路88号,颗粒物(PM10),74,83,60,28,24,59,NA,125,116,47,18,13,12,0.5,0.4
2026-10-08T2100,4238A,103.846982,36.067567,兰州市,北滨河东路1号,颗粒物(PM10),64,69,57,23,24,35,NA,111,102,69,24,6,7,0.6,0.7
2026-10-08T2100,4239A,102.193042,38.531887,金昌市,长春路96号,NA,NA,19,54,10,14,NA,NA,112,111,3,9,3,5,0.2,0.2
2026-10-08T2100,4240A,98.495752,39.733935,酒泉市,玉门东路5号,,23,19,37,16,16,73,NA,89,86,11,10,5,5,0.4,0.3
2026-10-08T2100,4241A,98.5099,39.7506,酒泉市,北大街108号,NA,NA,NA,38,26,17,NA,NA,98,97,8,8,8,7,0.2,0.2
2026-10-08T2100,4242A,106.226373,38.491976,银川市,广场西路,颗粒物(PM10),68,74,60,31,20,80,NA,133,130,60,22,8,9,0.6,0.5
2026-10-08T2100,4243A,92.0515,31.4787,那曲市,那曲市委宣传部,,25,NA,39,11,25,79,NA,87,83,8,21,5,6,0.2,0.5
2026-10-08T2100,4244A,111.4879,36.053,临汾市,启星学校,细颗粒物(PM2.5),90,101,56,55,33,48,NA,132,116,57,29,7,8,0.9,0.7
2026-10-08T2100,4245A,106.8609,27.5969,遵义市,遵南大道1161号,NA,NA,41,33,NA,18,NA,NA,120,118,12,11,7,7,0.8,0.7
2026-10-08T2100,4246A,105.833962,30.18863087,重庆市,桃园路24号,细颗粒物(PM2.5),84,78,56,52,41,44,NA,101,91,30,15,4,5,0.9,0.7
2026-10-08T2100,4247A,107.091033,29.153966,重庆市,钟楼街32号,,48,48,32,29,19,28,NA,83,70,24,14,5,5,0.6,0.5
2026-10-08T2100,4248A,107.8042979,30.67350233,重庆市,人民南路309号,颗粒物(PM10),58,61,49,25,19,38,NA,76,66,22,13,7,7,0.6,0.6
2026-10-08T2100,4249A,118.8707617,31.34017673,南京市,汶溪路181号,颗粒物(PM10),55,56,49,32,27,163,NA,184,181,22,22,10,10,0.7,0.8
2026-10-08T2100,4250A,114.089259,33.588274,漯河市,韶山路11号,颗粒物(PM10),87,101,63,37,25,102,NA,157,144,30,24,10,11,0.5,0.5
2026-10-08T2100,4251A,112.1433,32.0581,襄阳市,铁院东路4号,细颗粒物(PM2.5),98,82,63,59,35,82,NA,170,149,40,16,9,12,0.9,0.6
2026-10-08T2100,4252A,113.0138,25.8011,郴州市,好美居路49号,细颗粒物(PM2.5),112,NA,36,73,21,57,NA,118,108,32,22,15,12,/,/
2026-10-08T2100,4253A,116.010205,29.659402,九江市,莲花大道8号,,47,41,46,17,31,149,NA,153,153,11,19,9,9,0.6,0.6
2026-10-08T2100,4254A,120.2925,31.5685,无锡市,健康路105号,细颗粒物(PM2.5),80,85,60,50,32,90,NA,194,173,70,60,8,9,1.1,0.9
2026-10-08T2100,4255A,110.16795,22.640993,玉林市,人民东路196号,,48,46,37,33,22,79,NA,143,129,28,25,9,11,0.6,0.6
2026-10-08T2100,4256A,107.375,22.3736,崇左市,石景林东路7号,,39,38,33,27,19,82,NA,142,130,19,15,2,4,0.6,0.5
2026-10-08T2100,4257A,104.6092,35.5962,定西市,将台街,颗粒物(PM10),65,71,60,29,19,79,NA,121,115,26,20,8,7,0.5,0.3
2026-10-08T2100,4258A,111.2416,23.4155,梧州市,政贤路18号,颗粒物(PM10),63,67,42,36,16,37,NA,120,106,40,19,13,11,1.0,0.9
2026-10-08T2100,4259A,113.835877,34.0155267,许昌市,望田路111号,细颗粒物(PM2.5),88,62,58,54,32,88,NA,147,134,43,33,6,5,0.5,0.3
2026-10-08T2100,4260A,109.5933,23.095,贵港市,中山路155-3号,,43,42,45,30,24,101,NA,135,128,18,18,/,/,0.5,0.5
2026-10-08T2100,4261A,103.7247,27.3415,昭通市,环东路146号,NA,NA,49,41,31,27,NA,NA,94,91,10,13,3,6,0.4,0.4
2026-10-08T2100,4263A,105.3688,27.3598,毕节市,工业大道,,49,49,54,33,34,47,NA,114,98,21,18,8,10,/,/
2026-10-08T2100,4264A,113.234,35.219,焦作市,新安路1731号,颗粒物(PM10),76,86,57,44,28,107,NA,161,154,19,11,1,1,0.6,0.5
2026-10-08T2100,4265A,113.108806,29.353066,岳阳市,求索西路365号,细颗粒物(PM2.5),70,56,42,45,29,54,NA,111,96,26,24,4,5,0.9,0.7
2026-10-08T2100,4266A,117.7325,34.5683,枣庄市,文化路178号,细颗粒物(PM2.5),100,97,89,60,51,92,NA,166,154,22,25,12,13,0.4,0.5
2026-10-08T2100,4268A,112.1722,30.3366,荆州市,学苑路85号,细颗粒物(PM2.5),66,50,58,43,41,86,NA,180,161,35,24,6,7,0.9,0.7
2026-10-08T2100,4269A,114.6701,33.6167,周口市,七一路,细颗粒物(PM2.5),90,100,58,55,28,108,NA,152,142,32,18,6,5,0.8,0.7
2026-10-08T2100,4270A,102.6447,37.9293,武威市,钟楼街149号,NA,NA,NA,82,NA,21,142,NA,114,113,15,15,NA,12,0.5,0.4
2026-10-08T2100,4271A,103.2464,35.6123,临夏回族自治州,滨河东路1号,细颗粒物(PM2.5),102,83,68,62,37,NA,NA,98,96,51,23,10,10,0.6,0.5
2026-10-08T2100,4273A,81.2737,43.9337,伊犁哈萨克自治州,安徽路800号,,43,43,51,21,20,30,NA,77,75,57,36,7,6,0.9,0.7
2026-10-08T2100,4274A,117.7994,40.9605,承德市,滨河大街98号,细颗粒物(PM2.5),62,58,54,41,25,106,NA,164,158,18,15,10,11,0.4,0.2
2026-10-08T2100,4275A,111.591512,40.827312,呼和浩特市,成吉思汗西街8号,颗粒物(PM10),75,85,70,29,21,72,NA,122,114,61,51,6,9,0.6,0.5
2026-10-08T2100,4276A,111.6597,40.8077,呼和浩特市,公园东路75号,颗粒物(PM10),107,136,75,63,26,24,NA,124,107,88,42,8,8,1.0,0.5
2026-10-08T2100,4277A,111.5427,40.7846,呼和浩特市,金海路35号,颗粒物(PM10),65,70,67,26,27,93,NA,115,110,36,55,7,8,0.5,0.5
2026-10-08T2100,4278A,106.8212,39.6741,乌海市,海拉北路,颗粒物(PM10),99,118,86,52,25,0,NA,102,74,74,28,13,29,1.3,0.7
2026-10-08T2100,4279A,119.7569,49.2222,呼伦贝尔市,伊敏大街东7号,颗粒物(PM10),53,53,28,31,14,5,NA,51,39,55,17,7,7,0.4,0.2
2026-10-08T2100,4280A,122.0921,46.065,兴安盟,洮儿河南路,,32,32,29,18,9,43,NA,69,64,19,9,5,7,0.3,0.2
2026-10-08T2100,4281A,125.334645,43.916281,长春市,北亚泰大街1068号,"颗粒物(PM10),细颗粒物(PM2.5)",58,61,60,39,36,55,NA,113,87,24,28,9,9,0.5,0.6
2026-10-08T2100,4282A,126.6769,45.7379,哈尔滨市,华山路1号,,44,44,42,10,9,42,NA,54,51,19,21,7,8,0.2,0.4
2026-10-08T2100,4283A,126.9717,45.5356,哈尔滨市,解放大街52号,颗粒物(PM10),58,60,59,3,6,24,NA,83,51,27,24,9,10,1.2,0.8
2026-10-08T2100,4284A,128.8325,47.8447,伊春市,永安路4-1号,,20,20,14,14,5,23,NA,55,42,13,5,3,2,0.3,0.3
2026-10-08T2100,4285A,130.363,46.806,佳木斯市,顺和街,,30,30,22,18,7,14,NA,58,41,39,15,1,2,0.4,0.1
2026-10-08T2100,4286A,130.3952,46.8268,佳木斯市,长安路196号,,23,23,26,16,8,29,NA,60,50,24,10,3,3,0.3,0.2
2026-10-08T2100,4287A,129.5992,44.5964,牡丹江市,东晓云街98号,,47,47,38,7,14,48,NA,85,75,7,14,9,8,0.4,0.5
2026-10-08T2100,4288A,117.2438,34.2844,徐州市,龙潭环路5号,NA,NA,75,79,36,49,NA,NA,155,155,16,21,12,12,0.6,0.7
2026-10-08T2100,4289A,117.154766,29.256967,景德镇市,青少年活动中心,细颗粒物(PM2.5),58,57,36,39,22,79,NA,153,135,24,15,30,10,/,/
2026-10-08T2100,4290A,120.196923,35.954556,青岛市,珠江路669号,,40,9,18,2,3,126,NA,124,124,5,8,5,5,0.3,0.3
2026-10-08T2100,4291A,120.0424,35.8656,青岛市,黄岛区人民政府广场,,40,7,21,1,8,128,NA,127,127,6,23,4,5,0.3,0.3
2026-10-08T2100,4292A,116.352738,37.420875,德州市,新河东路,颗粒物(PM10),86,100,100,36,46,123,NA,181,173,39,25,10,12,0.5,0.7
2026-10-08T2100,4293A,113.605125,34.755221,郑州市,计划路2号,颗粒物(PM10),56,58,66,31,34,124,NA,153,149,20,26,4,4,0.5,0.5
2026-10-08T2100,4294A,113.6525645,34.77362682,郑州市,同乐路9号,颗粒物(PM10),69,76,66,36,35,125,NA,154,150,23,30,7,7,0.4,0.4
2026-10-08T2100,4295A,113.2722,35.2121,焦作市,人民路3066号,颗粒物(PM10),100,120,72,41,31,100,NA,160,150,23,15,5,5,0.2,0.2
2026-10-08T2100,4296A,114.6421,33.6417,周口市,健康路46号,颗粒物(PM10),72,80,51,43,20,130,NA,157,150,28,18,6,4,0.5,0.4
2026-10-08T2100,4297A,114.649,33.596,周口市,太昊路,颗粒物(PM10),90,105,63,42,25,130,NA,170,161,36,23,8,8,0.6,0.5
2026-10-08T2100,4298A,114.284,29.8595,咸宁市,碧桂路,,44,44,34,23,21,84,NA,145,125,23,14,4,4,0.6,0.4
2026-10-08T2100,4299A,111.6195,26.2253,永州市,徐家井路86号,细颗粒物(PM2.5),90,82,39,55,26,61,NA,144,134,25,12,7,8,0.9,0.6
2026-10-08T2100,4300A,114.4089,23.1147,惠州市,文华一路1号,NA,NA,72,44,40,27,90,NA,120,NA,NA,12,/,/,/,/
2026-10-08T2100,4301A,110.2803,25.2773,桂林市,信义路13号,,44,44,35,26,23,93,NA,137,125,23,12,8,9,0.9,0.9
2026-10-08T2100,4302A,108.0901,24.6945,河池市,上任中路54号,颗粒物(PM10),52,52,30,29,14,25,NA,100,87,48,21,9,9,0.7,0.7
2026-10-08T2100,4303A,105.5911,30.5368,遂宁市,环岛商务中心9号楼,细颗粒物(PM2.5),131,115,69,94,43,58,NA,93,91,23,19,8,9,0.9,0.7
2026-10-08T2100,4304A,106.1172,30.843,南充市,清泉寺北路188号,细颗粒物(PM2.5),94,81,69,57,46,43,NA,98,92,51,19,9,10,0.5,0.5
2026-10-08T2100,4305A,106.067,30.7616,南充市,同庆路1号,细颗粒物(PM2.5),86,64,64,53,44,39,NA,96,87,43,23,8,9,0.7,0.5
2026-10-08T2100,4306A,103.0544,30.0133,雅安市,滨江西路,细颗粒物(PM2.5),80,71,43,50,29,28,NA,60,60,28,13,5,5,0.7,0.6
2026-10-08T2100,4307A,108.9817,34.2035,西安市,曲江池东路988号,颗粒物(PM10),87,101,65,45,39,85,NA,173,162,50,34,4,4,0.8,0.6
2026-10-08T2100,4308A,107.3898,34.3601,宝鸡市,陈仓区北开路21号,细颗粒物(PM2.5),110,104,78,70,52,79,NA,132,126,46,34,7,12,0.7,0.7
2026-10-08T2100,4309A,104.6159,35.5701,定西市,正龙路62号,颗粒物(PM10),55,57,51,20,16,82,NA,107,103,16,10,4,4,0.3,0.2
2026-10-08T2100,4310A,103.207136,35.599807,临夏回族自治州,新华街21号,颗粒物(PM10),85,98,68,50,34,68,NA,88,87,26,16,10,9,0.5,0.4
2026-10-08T2100,4311A,122.0383,46.0691,兴安盟,科尔沁北路63号,,34,34,29,15,9,50,NA,69,65,16,8,6,6,0.3,0.2
2026-10-08T2100,4312A,119.019,31.6512,南京市,中山西路1号,颗粒物(PM10),58,61,51,31,28,136,NA,202,190,27,28,3,5,0.9,0.9
2026-10-08T2100,4314A,114.0494,38.059,石家庄市,矿区区委大楼,颗粒物(PM10),83,96,57,35,20,89,NA,152,145,33,26,19,18,0.8,0.6
2026-10-08T2100,4325A,105.3665,28.77434,泸州市,纳溪区委政协,细颗粒物(PM2.5),137,101,78,100,73,38,NA,104,91,45,22,6,7,1.0,0.9
2026-10-08T2100,4326A,113.0794,22.5999,江门市,五邑大学,细颗粒物(PM2.5),72,77,65,46,38,140,NA,186,184,32,37,9,10,0.6,0.5
