timepoint,stationcode,longitude,latitude,area,positionname,primarypollutant,aqi,pm10,pm10_24h,pm2_5,pm2_5_24h,o3,o3_24h,o3_8h,o3_8h_24h,no2,no2_24h,so2,so2_24h,co,co_24h
2026-10-08T1700,1001A,116.3611,39.8786,北京市,万寿西宫,臭氧1小时(O3_1h),114,121,96,64,50,228,NA,170,170,26,46,6,4,0.6,0.6
2026-10-08T1700,1003A,116.4174,39.9289,北京市,东四,臭氧1小时(O3_1h),117,112,101,53,50,234,NA,168,168,20,45,7,5,0.7,0.8
2026-10-08T1700,1004A,116.4073,39.8858,北京市,天坛,臭氧1小时(O3_1h),108,115,87,54,50,216,NA,154,154,22,37,6,3,0.7,0.7
2026-10-08T1700,1005A,116.4622,39.9364,北京市,农展馆,颗粒物(PM10),107,136,102,64,51,208,NA,139,139,20,49,8,5,0.7,0.7
2026-10-08T1700,1006A,116.3399,39.9293,北京市,官园,细颗粒物(PM2.5),113,127,105,74,53,216,NA,164,164,24,42,4,3,0.8,0.7
2026-10-08T1700,1007A,116.2879,39.9613,北京市,海淀万柳,颗粒物(PM10),106,135,101,59,45,207,NA,161,161,29,39,6,4,0.6,0.7
2026-10-08T1700,1008A,116.6635,40.1349,北京市,顺义新城,臭氧1小时(O3_1h),105,62,70,55,46,210,NA,156,156,24,28,7,5,0.7,0.6
2026-10-08T1700,1009A,116.6275,40.327,北京市,怀柔镇,细颗粒物(PM2.5),109,124,78,69,41,196,NA,159,159,29,19,6,4,0.6,0.5
2026-10-08T1700,1010A,116.2295,40.217,北京市,昌平镇,细颗粒物(PM2.5),116,135,84,77,43,199,NA,160,160,34,21,7,5,0.8,0.5
2026-10-08T1700,1011A,116.3968,39.982,北京市,奥体中心,臭氧1小时(O3_1h),101,112,96,60,52,201,NA,140,140,21,46,4,3,0.6,0.7
2026-10-08T1700,1015A,117.1446,39.1659,天津市,勤俭道,臭氧1小时(O3_1h),74,49,93,23,50,179,NA,163,163,11,30,8,9,0.6,0.7
2026-10-08T1700,1018A,117.2016,39.0928,天津市,前进道,臭氧1小时(O3_1h),68,48,86,23,49,174,NA,158,158,10,28,9,10,0.4,0.5
2026-10-08T1700,1019A,117.1837,39.2134,天津市,淮河道,臭氧1小时(O3_1h),62,50,94,20,43,169,NA,157,157,14,30,10,11,0.4,0.5
2026-10-08T1700,1021A,117.308261,39.088386,天津市,跃进路,臭氧1小时(O3_1h),80,56,94,20,44,184,NA,167,167,12,38,7,8,0.5,0.6
2026-10-08T1700,1023A,117.707,39.0344,天津市,第四大街,,49,49,76,21,35,126,NA,148,148,51,39,9,10,0.8,0.8
2026-10-08T1700,1024A,117.4573,38.8395,天津市,永明路,臭氧1小时(O3_1h),58,34,72,20,37,166,NA,154,154,15,40,9,10,0.4,0.5
2026-10-08T1700,1026A,117.7641,39.1588,天津市,汉北路,颗粒物(PM10),55,56,68,27,36,159,NA,159,159,31,31,5,7,0.4,0.4
2026-10-08T1700,1030A,114.5919,38.0328,石家庄市,高新区,臭氧1小时(O3_1h),68,65,92,22,41,174,NA,161,161,20,28,4,6,0.4,0.6
2026-10-08T1700,1032A,114.4556,38.0136,石家庄市,西南高教,臭氧1小时(O3_1h),94,48,82,16,24,195,NA,155,155,14,31,9,9,0.4,0.6
2026-10-08T1700,1033A,114.533,38.0177,石家庄市,世纪公园,颗粒物(PM10),67,73,86,26,37,165,NA,140,140,10,23,6,8,0.5,0.7
2026-10-08T1700,1034A,114.5105,38.0489,石家庄市,人民会堂,臭氧1小时(O3_1h),85,71,90,20,25,188,NA,161,161,15,28,4,7,0.5,0.7
2026-10-08T1700,1040A,118.1707,39.6505,唐山市,十二中,臭氧1小时(O3_1h),97,60,62,26,31,197,NA,168,168,14,33,10,10,0.5,0.7
2026-10-08T1700,1041A,118.1868,39.6219,唐山市,小山,臭氧1小时(O3_1h),97,85,73,24,32,197,NA,170,170,15,29,16,13,0.5,0.6
2026-10-08T1700,1046A,119.5247,39.9346,秦皇岛市,建设大厦,臭氧1小时(O3_1h),77,66,81,19,25,181,NA,167,167,8,26,8,15,0.3,0.7
2026-10-08T1700,1049A,114.492,36.5712,邯郸市,矿院,臭氧1小时(O3_1h),73,69,70,22,34,178,NA,159,159,9,22,7,8,0.4,0.8
2026-10-08T1700,1050A,114.4839,36.6136,邯郸市,丛台公园,NA,NA,45,58,16,21,169,NA,152,152,NA,17,3,5,0.3,0.5
2026-10-08T1700,1051A,115.4803,38.8568,保定市,游泳馆,臭氧1小时(O3_1h),102,93,121,40,55,204,NA,168,168,13,40,7,6,0.7,0.9
2026-10-08T1700,1052A,115.509,38.8895,保定市,华电二区,臭氧1小时(O3_1h),112,84,93,40,53,223,NA,171,171,16,39,8,5,0.8,0.8
2026-10-08T1700,1053A,115.4588,38.9037,保定市,接待中心,臭氧1小时(O3_1h),114,83,103,58,77,228,NA,176,176,18,35,10,6,1.0,1
2026-10-08T1700,1054A,115.4484,38.8344,保定市,地表水厂,臭氧1小时(O3_1h),92,87,126,43,73,193,NA,161,161,15,36,6,7,0.5,0.7
2026-10-08T1700,1057A,114.8884,40.8336,张家口市,人民公园,臭氧1小时(O3_1h),58,42,44,27,18,166,NA,145,145,11,12,11,8,0,0
2026-10-08T1700,1059A,114.868581,40.804273,张家口市,五金库,颗粒物(PM10),53,54,49,16,19,155,NA,137,137,18,21,/,/,/,/
2026-10-08T1700,1060A,114.8901,40.762,张家口市,世纪豪园,臭氧1小时(O3_1h),52,46,44,16,16,161,NA,132,132,10,15,11,6,0.5,0.5
2026-10-08T1700,1062A,117.9531,40.908,承德市,铁路,臭氧1小时(O3_1h),64,67,53,37,21,171,NA,132,132,12,24,13,9,0.6,0.4
2026-10-08T1700,1063A,117.9397,40.9763,承德市,中国银行,颗粒物(PM10),60,63,44,23,17,156,NA,127,127,16,17,12,8,0.6,0.5
2026-10-08T1700,1067A,116.6712,39.5109,廊坊市,药材公司,臭氧1小时(O3_1h),92,87,128,45,78,193,NA,165,165,16,37,6,8,0.4,0.6
2026-10-08T1700,1068A,116.7215,39.5592,廊坊市,开发区,臭氧1小时(O3_1h),103,102,117,56,76,205,NA,174,174,11,37,4,5,0.4,0.5
2026-10-08T1700,1070A,116.7246,39.5273,廊坊市,北华航天学院,臭氧1小时(O3_1h),102,82,124,39,74,203,NA,174,174,11,47,6,7,0.4,0.6
2026-10-08T1700,1071A,116.8733,38.2922,沧州市,沧县城建局,臭氧1小时(O3_1h),78,79,87,34,39,182,NA,162,162,6,15,8,9,0.3,0.3
2026-10-08T1700,1072A,116.8462,38.3189,沧州市,电视转播站,NA,NA,78,81,38,46,180,NA,162,162,NA,16,8,12,0.0,0.2
2026-10-08T1700,1073A,116.8588,38.3161,沧州市,市环保局,颗粒物(PM10),69,76,95,33,43,166,NA,147,147,8,20,5,6,0.2,0.3
2026-10-08T1700,1074A,115.6839,37.754,衡水市,电机北厂,臭氧1小时(O3_1h),80,71,82,36,32,184,NA,162,162,8,16,10,11,0.4,0.4
2026-10-08T1700,1075A,115.6303,37.7318,衡水市,市监测站,颗粒物(PM10),76,86,98,25,35,176,NA,155,155,9,17,9,10,0.4,0.4
2026-10-08T1700,1077A,114.4687,37.0883,邢台市,达活泉,颗粒物(PM10),70,78,71,26,21,167,NA,149,149,4,13,3,10,0.2,0.7
2026-10-08T1700,1078A,114.4954,37.0309,邢台市,邢师高专,颗粒物(PM10),65,71,84,20,34,118,NA,107,107,2,15,9,19,0.1,0.9
2026-10-08T1700,1079A,114.5281,37.0857,邢台市,路桥公司,颗粒物(PM10),63,67,71,17,24,157,NA,138,138,6,17,5,13,0.1,0.7
2026-10-08T1700,1080A,114.4721,37.0713,邢台市,市环保局,颗粒物(PM10),77,87,94,18,22,171,NA,155,155,8,18,3,11,0.3,1
2026-10-08T1700,1081A,112.5138,37.8916,太原市,尖草坪,NA,NA,NA,NA,NA,NA,NA,NA,NA,NA,NA,NA,NA,NA,NA,NA
2026-10-08T1700,1084A,112.4691,37.7125,太原市,晋源,臭氧1小时(O3_1h),62,44,94,39,56,169,NA,140,140,13,34,11,15,0.5,0.8
2026-10-08T1700,1085A,112.5595,37.7391,太原市,小店,臭氧1小时(O3_1h),78,45,96,24,46,182,NA,139,139,17,58,12,16,0.6,1.1
2026-10-08T1700,1087A,112.5705,37.8199,太原市,坞城,臭氧1小时(O3_1h),68,45,99,36,54,174,NA,140,140,18,62,14,19,0.6,1.3
2026-10-08T1700,1088A,112.5495,37.9853,太原市,南寨,,46,39,85,26,44,147,NA,124,124,20,41,12,11,1.0,1.1
2026-10-08T1700,1090A,111.6506,40.7517,呼和浩特市,呼市一监,,49,46,63,20,24,156,NA,124,124,8,36,12,12,0.5,0.6
2026-10-08T1700,1094A,111.7516,40.8369,呼和浩特市,如意水处理厂,,48,45,59,29,25,153,NA,122,122,13,52,10,10,0.3,0.3
2026-10-08T1700,1095A,111.727798,40.806187,呼和浩特市,二十九中,,50,50,64,22,24,149,NA,117,117,11,45,10,10,0.6,0.7
2026-10-08T1700,1097A,111.717,40.7617,呼和浩特市,化肥厂生活区,,48,48,62,17,23,148,NA,121,121,13,40,8,8,0.6,0.6
2026-10-08T1700,1099A,123.5058,41.7084,沈阳市,浑南东路,臭氧1小时(O3_1h),65,60,84,30,23,172,NA,156,156,18,28,14,17,0.7,0.9
2026-10-08T1700,1100A,123.4238,41.6992,沈阳市,新秀街,颗粒物(PM10),68,75,49,22,18,167,NA,157,157,22,24,13,26,0.6,0.7
2026-10-08T1700,1102A,123.5903,41.8412,沈阳市,东陵路,颗粒物(PM10),70,77,46,22,16,170,NA,149,149,13,20,12,10,0.8,1
2026-10-08T1700,1103A,123.4267,41.8466,沈阳市,陵东街,,50,50,36,21,15,156,NA,134,134,9,13,11,13,0.6,0.7
2026-10-08T1700,1104A,123.4116,41.7654,沈阳市,文化路,颗粒物(PM10),67,73,46,22,14,171,NA,152,152,17,18,12,20,0.9,0.8
2026-10-08T1700,1105A,123.4673,41.787,沈阳市,小河沿,颗粒物(PM10),55,57,38,23,15,145,NA,126,126,16,20,14,13,0.8,0.7
2026-10-08T1700,1106A,123.4019,41.7978,沈阳市,太原街,颗粒物(PM10),75,85,55,22,15,170,NA,148,148,16,19,11,16,0.7,0.8
2026-10-08T1700,1108A,123.3778,41.9233,沈阳市,京沈街,颗粒物(PM10),76,86,54,22,15,166,NA,147,147,21,20,8,11,0.4,0.6
2026-10-08T1700,1109A,121.6119,38.974,大连市,甘井子,,45,38,29,20,16,142,NA,137,137,23,19,7,6,0.7,0.7
2026-10-08T1700,1110A,121.565,38.9509,大连市,周水子,,49,32,24,20,15,155,NA,142,142,19,19,4,4,0.5,0.4
2026-10-08T1700,1111A,121.5637,38.8849,大连市,星海三站,,48,25,21,17,14,152,NA,134,134,16,15,7,7,0.6,0.6
2026-10-08T1700,1112A,121.6301,38.9117,大连市,青泥洼桥,,46,34,26,16,15,145,NA,128,128,18,16,9,7,0.7,0.4
2026-10-08T1700,1113A,121.6248,38.8643,大连市,傅家庄,,49,31,26,30,10,156,NA,137,137,12,11,8,8,0.6,0.6
2026-10-08T1700,1114A,121.5117,38.8636,大连市,七贤岭,,46,38,30,21,15,147,NA,133,133,20,17,9,8,0.8,0.7
2026-10-08T1700,1116A,121.7507,39.1339,大连市,金州,,47,36,27,23,15,149,NA,133,133,25,20,13,10,0.7,0.7
2026-10-08T1700,1117A,121.7811,39.0495,大连市,开发区,,43,35,28,20,14,136,NA,129,129,25,18,7,7,0.7,0.6
2026-10-08T1700,1118A,121.9762,39.0631,大连市,双D港,,45,32,25,16,13,141,NA,130,130,13,14,8,8,0.6,0.6
2026-10-08T1700,1120A,125.2874,43.9024,长春市,客车厂,颗粒物(PM10),60,64,65,33,31,89,NA,116,116,19,34,7,8,0.5,0.7
2026-10-08T1700,1121A,125.2943,43.8508,长春市,邮电学院,颗粒物(PM10),68,75,49,31,30,88,NA,112,112,14,21,6,6,0.5,0.5
2026-10-08T1700,1122A,125.3648,43.8745,长春市,劳动公园,颗粒物(PM10),60,64,53,34,30,89,NA,119,119,20,29,8,7,0.7,0.7
2026-10-08T1700,1123A,125.3233,43.8781,长春市,园林处,颗粒物(PM10),55,56,54,30,30,93,NA,120,120,13,21,9,10,0.7,0.8
2026-10-08T1700,1124A,125.4604,43.7904,长春市,净月潭,颗粒物(PM10),52,52,38,34,26,102,NA,128,128,16,11,10,9,0.6,0.5
2026-10-08T1700,1126A,125.38,43.8422,长春市,经开区环卫处,颗粒物(PM10),58,61,55,31,29,92,NA,123,123,18,28,11,10,0.7,0.6
2026-10-08T1700,1127A,125.234,43.7761,长春市,高新区管委会,颗粒物(PM10),58,60,54,29,30,98,NA,124,124,15,26,9,9,0.6,0.7
2026-10-08T1700,1128A,125.1695,43.83,长春市,岱山公园,颗粒物(PM10),58,60,57,31,28,100,NA,123,123,14,26,6,7,0.8,0.8
2026-10-08T1700,1130A,126.5557,45.8109,哈尔滨市,松北商大,,30,30,36,14,14,40,NA,44,44,14,19,5,6,0.5,0.5
2026-10-08T1700,1132A,126.6162,45.719,哈尔滨市,南岗学府路,,46,46,47,7,9,35,NA,45,45,24,27,5,7,0.4,0.4
2026-10-08T1700,1133A,126.6894,45.7733,哈尔滨市,太平宏伟公园,,44,44,43,18,12,30,NA,43,43,26,22,7,8,0.4,0.4
2026-10-08T1700,1134A,126.6361,45.7672,哈尔滨市,道外承德广场,颗粒物(PM10),57,59,57,9,13,37,NA,38,38,21,28,5,7,0.4,0.4
2026-10-08T1700,1136A,126.644,45.7261,哈尔滨市,动力和平路,,33,33,40,17,10,41,NA,46,46,16,24,10,12,0.5,0.6
2026-10-08T1700,1137A,126.5933,45.7479,哈尔滨市,道里建国路,,36,36,43,9,11,46,NA,48,48,10,21,5,7,0.2,0.3
2026-10-08T1700,1138A,126.6127,45.6119,哈尔滨市,平房东轻厂,颗粒物(PM10),53,53,55,26,16,24,NA,59,58,39,33,10,12,0.5,0.6
2026-10-08T1700,1139A,126.5875,45.9827,哈尔滨市,呼兰师专,,50,50,37,9,9,50,NA,50,50,14,17,4,5,0.6,0.6
2026-10-08T1700,1140A,126.6299,45.6799,哈尔滨市,省农科院,颗粒物(PM10),52,52,52,11,14,41,NA,49,49,18,28,6,7,0.6,0.7
2026-10-08T1700,1141A,121.401,31.2382,上海市,普陀,臭氧1小时(O3_1h),104,62,54,35,34,207,NA,203,203,16,22,8,7,0.6,0.7
2026-10-08T1700,1142A,121.4774,31.2043,上海市,十五厂,臭氧1小时(O3_1h),82,42,48,26,32,185,NA,184,184,29,47,9,9,0.6,0.7
2026-10-08T1700,1143A,121.4673,31.3011,上海市,虹口,臭氧1小时(O3_1h),100,68,58,40,35,200,NA,186,186,39,44,9,7,0.5,0.5
2026-10-08T1700,1147A,121.4253,31.226,上海市,静安监测站,臭氧1小时(O3_1h),108,58,53,33,32,216,NA,211,211,25,32,10,10,0.8,0.9
2026-10-08T1700,1148A,121.7029,31.1905,上海市,浦东川沙,臭氧1小时(O3_1h),89,47,62,27,39,191,NA,183,183,24,36,12,12,0.5,0.6
2026-10-08T1700,1149A,121.5339,31.229,上海市,浦东新区监测站,臭氧1小时(O3_1h),90,52,50,30,30,192,NA,186,186,29,37,11,11,0.5,0.5
2026-10-08T1700,1150A,121.5776,31.2038,上海市,浦东张江,臭氧1小时(O3_1h),101,57,54,30,33,202,NA,193,193,29,34,10,9,0.4,0.4
2026-10-08T1700,1151A,118.8033,32.1085,南京市,迈皋桥,臭氧1小时(O3_1h),104,52,46,20,27,207,NA,183,183,13,29,9,8,0.4,0.4
2026-10-08T1700,1152A,118.7487,32.057,南京市,草场门,臭氧1小时(O3_1h),106,51,51,23,28,212,NA,194,194,17,33,8,7,0.7,0.7
2026-10-08T1700,1154A,118.770105,32.004342,南京市,中华门,臭氧1小时(O3_1h),98,48,50,20,29,198,NA,184,184,11,28,6,6,0.3,0.2
2026-10-08T1700,1155A,118.8059,32.0329,南京市,瑞金路,臭氧1小时(O3_1h),93,51,50,24,30,194,NA,190,190,14,29,4,4,0.3,0.5
2026-10-08T1700,1156A,118.7946,32.0774,南京市,玄武湖,臭氧1小时(O3_1h),110,54,43,18,20,219,NA,192,192,4,28,4,4,0.5,0.4
2026-10-08T1700,1157A,118.6415,32.0964,南京市,浦口,臭氧1小时(O3_1h),105,47,48,17,23,210,NA,189,189,22,29,8,8,0.6,0.7
2026-10-08T1700,1158A,118.730129,32.000956,南京市,奥体中心,臭氧1小时(O3_1h),106,56,59,19,30,212,NA,198,198,17,48,9,9,0.5,0.7
2026-10-08T1700,1159A,118.9072,32.1047,南京市,仙林大学城,臭氧1小时(O3_1h),108,68,49,27,26,215,NA,184,184,22,31,6,5,0.5,0.5
2026-10-08T1700,1163A,120.5974,31.3247,苏州市,轧钢厂,臭氧1小时(O3_1h),103,56,65,30,38,205,NA,182,182,23,50,11,10,0.5,0.7
2026-10-08T1700,1164A,120.6329,31.2741,苏州市,吴中区,臭氧1小时(O3_1h),106,49,65,30,40,211,NA,180,180,16,50,12,11,0.8,0.9
2026-10-08T1700,1165A,120.5566,31.3049,苏州市,苏州新区,臭氧1小时(O3_1h),99,57,60,35,42,199,NA,178,178,16,43,10,9,0.7,0.8
2026-10-08T1700,1166A,120.668709,31.312523,苏州市,苏州工业园区,臭氧1小时(O3_1h),105,48,60,25,35,209,NA,188,188,14,35,10,9,0.6,0.7
2026-10-08T1700,1167A,120.6408,31.3707,苏州市,相城区,臭氧1小时(O3_1h),87,52,64,24,35,189,NA,178,178,24,47,11,10,0.8,0.9
2026-10-08T1700,1168A,120.9056,31.9669,南通市,狼山街道,臭氧1小时(O3_1h),103,57,61,30,39,205,NA,196,196,21,19,9,7,0.7,0.7
2026-10-08T1700,1170A,120.8635,32.0231,南通市,城中,臭氧1小时(O3_1h),111,84,80,42,42,222,NA,191,191,27,21,9,7,0.4,0.4
2026-10-08T1700,1171A,120.9376,31.9301,南通市,星湖花园,臭氧1小时(O3_1h),106,63,62,38,43,212,NA,196,196,19,17,10,8,0.5,0.6
2026-10-08T1700,1172A,120.8053,32.046,南通市,紫琅学院,臭氧1小时(O3_1h),109,50,56,29,41,217,NA,175,175,20,24,8,6,0.7,0.8
2026-10-08T1700,1173A,119.1759,34.5885,连云港市,市环境监测站,,39,24,18,5,6,123,NA,127,127,12,12,10,10,0.3,0.3
2026-10-08T1700,1180A,117.257,34.2161,徐州市,新城区,颗粒物(PM10),57,59,83,22,45,157,NA,146,146,13,23,8,8,0.5,0.9
2026-10-08T1700,1182A,117.2933,34.2796,徐州市,农科院,颗粒物(PM10),55,56,79,26,51,151,NA,137,137,25,42,11,12,0.8,0.9
2026-10-08T1700,1186A,119.3895,32.377,扬州市,邗江监测站,臭氧1小时(O3_1h),110,73,82,27,42,220,NA,191,191,16,22,18,14,0.7,0.7
2026-10-08T1700,1188A,120.2693,31.4864,无锡市,雪浪,臭氧1小时(O3_1h),112,61,42,31,22,223,NA,188,188,18,26,9,8,0.9,0.8
2026-10-08T1700,1189A,120.2761,31.621,无锡市,黄巷,臭氧1小时(O3_1h),107,66,70,33,35,213,NA,182,182,23,60,6,6,0.4,0.4
2026-10-08T1700,1191A,120.2422,31.5037,无锡市,漆塘,臭氧1小时(O3_1h),115,73,51,40,24,230,NA,190,190,15,18,11,9,0.7,0.6
2026-10-08T1700,1192A,120.3489,31.5865,无锡市,东亭,臭氧1小时(O3_1h),100,48,50,30,33,200,NA,175,175,20,60,9,9,0.6,0.7
2026-10-08T1700,1193A,120.3538,31.5474,无锡市,旺庄,臭氧1小时(O3_1h),111,63,62,30,33,221,NA,192,192,16,55,12,11,0.7,0.8
2026-10-08T1700,1194A,120.2447,31.5633,无锡市,荣巷,臭氧1小时(O3_1h),114,61,39,32,22,228,NA,184,184,16,24,10,8,0.9,0.9
2026-10-08T1700,1195A,120.2986,31.6816,无锡市,堰桥,臭氧1小时(O3_1h),84,58,61,19,29,187,NA,172,172,33,52,9,8,0.4,0.6
2026-10-08T1700,1196A,119.9524,31.7586,常州市,市监测站,臭氧1小时(O3_1h),108,67,66,27,36,216,NA,190,190,27,55,9,9,0.4,0.7
2026-10-08T1700,1200A,119.9351,31.703,常州市,武进监测站,臭氧1小时(O3_1h),103,46,76,24,44,206,NA,181,181,16,48,16,13,0.5,0.8
2026-10-08T1700,1203A,119.6708,32.187,镇江市,新区办事处,臭氧1小时(O3_1h),125,78,76,44,52,249,NA,208,208,30,36,13,8,0.8,0.7
2026-10-08T1700,1204A,119.497455,32.196732,镇江市,职教中心,臭氧1小时(O3_1h),109,68,78,35,51,217,NA,189,189,25,36,7,8,0.8,0.8
2026-10-08T1700,1205A,119.43,32.1328,镇江市,丹徒区监测站,臭氧1小时(O3_1h),125,79,73,36,50,249,NA,205,205,19,32,13,9,1.1,1.2
2026-10-08T1700,1206A,119.9042,32.488,泰州市,公园路,臭氧1小时(O3_1h),60,46,62,22,41,168,NA,165,165,7,11,10,10,0.5,0.6
2026-10-08T1700,1207A,119.9189,32.4626,泰州市,莲花,臭氧1小时(O3_1h),77,54,70,20,47,181,NA,164,164,9,15,13,14,0.6,0.6
2026-10-08T1700,1209A,119.8877,32.4636,泰州市,留学生创业园,臭氧1小时(O3_1h),102,48,65,27,48,203,NA,180,180,9,13,13,12,0.8,0.8
2026-10-08T1700,1210A,119.0566,33.5991,淮安市,钵池山,,41,29,38,13,21,129,NA,138,138,9,23,7,8,0.7,0.8
2026-10-08T1700,1211A,119.0083,33.578,淮安市,北京南路,,42,34,46,17,22,132,NA,144,144,9,21,7,8,0.5,0.6
2026-10-08T1700,1212A,118.9938,33.6083,淮安市,市监测站,,40,17,43,12,21,125,NA,133,133,12,24,7,9,0.6,0.8
2026-10-08T1700,1213A,119.135,33.5038,淮安市,楚州区监测站,,39,34,40,12,21,122,NA,126,126,9,20,7,8,0.5,0.6
2026-10-08T1700,1216A,120.1554,33.3941,盐城市,市监测站,,36,17,25,6,15,114,NA,118,118,7,22,5,6,0.7,0.7
2026-10-08T1700,1218A,120.214332,33.37951,盐城市,开发区管委会,,35,19,23,8,9,109,NA,108,108,3,6,10,10,0.2,0.2
2026-10-08T1700,1220A,118.2924,33.933,宿迁市,宿迁学院,NA,NA,28,56,14,32,129,NA,148,145,16,33,2,4,NA,0.7
2026-10-08T1700,1221A,118.2321,33.9572,宿迁市,宿迁中学,,41,20,31,10,29,131,NA,139,139,12,19,5,8,0.4,0.6
2026-10-08T1700,1223A,120.2073,30.2111,杭州市,滨江,臭氧1小时(O3_1h),63,46,60,23,34,170,NA,150,150,25,37,9,9,0.4,0.6
2026-10-08T1700,1224A,120.0625,30.2737,杭州市,西溪,,43,29,39,10,22,135,NA,137,137,7,23,5,5,0.3,0.2
2026-10-08T1700,1226A,120.3417,30.315,杭州市,下沙,臭氧1小时(O3_1h),83,50,62,30,39,186,NA,164,164,14,39,10,9,0.5,0.6
2026-10-08T1700,1227A,120.1252,30.2465,杭州市,卧龙桥,NA,NA,34,32,19,20,165,NA,143,143,NA,17,7,8,0.4,0.4
2026-10-08T1700,1228A,120.1902,30.2691,杭州市,浙江农大,臭氧1小时(O3_1h),62,52,49,25,32,169,NA,150,150,19,29,10,9,0.5,0.6
2026-10-08T1700,1230A,120.1195,30.3121,杭州市,和睦小学,臭氧1小时(O3_1h),64,45,45,24,32,171,NA,146,146,20,38,8,8,0.6,0.7
2026-10-08T1700,1231A,120.3076,30.4146,杭州市,临平镇,臭氧1小时(O3_1h),80,54,71,29,39,184,NA,161,161,16,44,10,9,0.5,0.7
2026-10-08T1700,1232A,120.2753,30.1839,杭州市,城厢镇,,46,26,50,17,33,146,NA,137,137,9,24,9,10,0.6,0.7
2026-10-08T1700,1233A,120.0883,30.1808,杭州市,云栖,,43,31,36,12,21,137,NA,131,131,8,14,6,6,0.5,0.5
2026-10-08T1700,1234A,121.8352,29.9111,宁波市,区环保大楼,臭氧1小时(O3_1h),79,45,44,20,23,183,NA,180,180,22,26,8,8,0.4,0.4
2026-10-08T1700,1235A,121.5595,29.8208,宁波市,万里学院,臭氧1小时(O3_1h),85,55,49,28,29,188,NA,160,160,26,34,12,13,0.6,0.6
2026-10-08T1700,1236A,121.713,29.9564,宁波市,龙赛医院,臭氧1小时(O3_1h),92,48,62,18,30,193,NA,179,179,16,31,10,9,0.6,0.7
2026-10-08T1700,1240A,121.5855,29.8635,宁波市,太古小学,臭氧1小时(O3_1h),74,56,57,32,31,179,NA,157,157,18,34,8,8,0.5,0.8
2026-10-08T1700,1241A,121.5239,29.8673,宁波市,市环境监测中心,臭氧1小时(O3_1h),94,60,56,32,28,195,NA,168,168,17,22,12,11,0.4,0.4
2026-10-08T1700,1242A,120.6342,28.0088,温州市,瓯海,,42,34,39,13,22,133,NA,122,122,16,28,7,7,0.5,0.6
2026-10-08T1700,1243A,120.6747,27.9881,温州市,南浦,,42,32,43,11,21,134,NA,124,124,10,22,7,7,0.4,0.5
2026-10-08T1700,1244A,120.76,27.9745,温州市,龙湾,,41,31,37,10,19,131,NA,124,124,14,24,7,7,0.4,0.4
2026-10-08T1700,1247A,120.6053,29.9927,绍兴市,城东开发委,臭氧1小时(O3_1h),64,44,45,28,27,171,NA,136,136,24,24,9,8,0.6,0.6
2026-10-08T1700,1250A,120.075,30.867,湖州市,城西水厂,臭氧1小时(O3_1h),92,45,56,28,33,193,NA,168,168,18,66,9,8,0.5,0.5
2026-10-08T1700,1252A,120.7439,30.778,嘉兴市,清河小学,臭氧1小时(O3_1h),73,37,57,14,32,178,NA,155,155,14,26,8,8,0.2,0.5
2026-10-08T1700,1253A,120.7261,30.7477,嘉兴市,嘉兴学院,臭氧1小时(O3_1h),80,34,51,18,31,184,NA,156,156,16,40,7,8,0.4,0.5
2026-10-08T1700,1255A,121.2727,28.6461,台州市,黄岩环保大楼,,43,35,34,12,15,137,NA,135,135,8,8,/,/,/,/
2026-10-08T1700,1256A,121.4188,28.6545,台州市,台州环保大楼,,47,28,35,8,15,150,NA,142,142,8,12,/,/,0.8,0.8
2026-10-08T1700,1257A,121.3768,28.5772,台州市,路桥田洋王,,47,34,38,14,20,148,NA,141,141,8,15,6,7,0.7,0.7
2026-10-08T1700,1258A,122.1223,30.0203,舟山市,定海檀枫,臭氧1小时(O3_1h),57,40,36,19,18,165,NA,157,157,6,10,7,7,0.7,0.7
2026-10-08T1700,1260A,122.1898,29.9945,舟山市,临城新区,臭氧1小时(O3_1h),67,32,32,19,20,173,NA,162,162,7,10,8,8,0.4,0.3
2026-10-08T1700,1262A,119.6478,29.0773,金华市,十五中,,46,33,54,11,28,145,NA,143,143,9,22,6,6,0.3,0.9
2026-10-08T1700,1263A,119.6859,29.1032,金华市,监测站,,50,31,55,11,29,157,NA,149,149,12,35,3,4,0.4,0.6
2026-10-08T1700,1264A,118.8694,28.94,衢州市,环保大楼,臭氧1小时(O3_1h),59,31,51,16,31,167,NA,161,161,14,24,/,/,/,/
2026-10-08T1700,1266A,118.8622,28.9809,衢州市,衢州学院,臭氧1小时(O3_1h),52,28,42,16,26,161,NA,155,155,13,23,7,9,0.4,0.5
2026-10-08T1700,1267A,119.9141,28.4513,丽水市,监测站大楼,,37,26,33,7,18,116,NA,77,77,8,40,6,6,0.3,0.4
2026-10-08T1700,1268A,119.93,28.4589,丽水市,莲都小学,,38,20,32,6,18,120,NA,115,115,7,16,/,/,/,/
2026-10-08T1700,1269A,119.8794,28.4232,丽水市,余庄前,,42,23,31,7,18,132,NA,130,130,8,14,4,5,0.4,0.5
2026-10-08T1700,1270A,117.1957,31.7845,合肥市,明珠广场,臭氧1小时(O3_1h),53,36,53,12,28,162,NA,154,154,13,47,5,12,0.3,0.4
2026-10-08T1700,1271A,117.307,31.8765,合肥市,三里街,,47,36,54,13,29,150,NA,144,144,21,50,7,7,0.6,0.8
2026-10-08T1700,1272A,117.2587,31.8703,合肥市,琥珀山庄,,50,39,53,11,27,160,NA,154,154,11,33,9,8,0.6,0.9
2026-10-08T1700,1275A,117.2593,31.9376,合肥市,庐阳区,臭氧1小时(O3_1h),67,48,62,16,31,173,NA,156,156,18,46,7,7,0.6,0.7
2026-10-08T1700,1276A,117.345251,31.861615,合肥市,瑶海区,,49,39,53,11,26,155,NA,149,149,13,35,4,5,0.4,0.6
2026-10-08T1700,1277A,117.3033,31.7967,合肥市,包河区,,49,34,55,10,27,155,NA,147,147,15,81,6,8,0.3,0.5
2026-10-08T1700,1278A,117.278,31.7392,合肥市,滨湖新区,臭氧1小时(O3_1h),72,34,44,11,23,177,NA,166,166,13,26,8,9,0.4,0.5
2026-10-08T1700,1279A,117.1324,31.8395,合肥市,高新区,,50,41,45,13,22,160,NA,142,142,29,37,7,8,0.3,0.4
2026-10-08T1700,1282A,119.2681,26.0506,福州市,师大,,40,35,34,9,14,126,NA,124,124,7,9,5,6,0.4,0.5
2026-10-08T1700,1283A,119.2983,26.1028,福州市,五四北路,,38,32,32,8,13,121,NA,121,121,10,13,5,6,0.3,0.4
2026-10-08T1700,1284A,119.2648,26.0769,福州市,杨桥西路,,38,38,34,10,13,121,NA,122,122,10,9,4,5,/,/
2026-10-08T1700,1287A,118.1519,24.4768,厦门市,洪文,,41,41,34,15,16,122,NA,115,113,11,10,4,3,0.4,0.4
2026-10-08T1700,1288A,118.0671,24.4447,厦门市,鼓浪屿,,41,37,34,14,15,129,NA,128,125,8,7,3,3,/,/
2026-10-08T1700,1291A,115.8887,28.7006,南昌市,省林业公司,臭氧1小时(O3_1h),58,34,36,22,24,166,NA,154,154,6,15,8,9,0.5,0.5
2026-10-08T1700,1292A,115.813,28.7443,南昌市,林科所,臭氧1小时(O3_1h),53,31,28,22,20,162,NA,152,152,2,17,10,10,0.9,0.8
2026-10-08T1700,1294A,115.8518,28.687,南昌市,建工学校,臭氧1小时(O3_1h),58,NA,48,26,24,166,NA,159,159,12,17,14,14,0.8,0.8
2026-10-08T1700,1295A,115.8926,28.6425,南昌市,象湖,,45,40,36,24,25,143,NA,133,133,12,18,13,12,1.2,0.9
2026-10-08T1700,1299A,116.9866,36.6118,济南市,科干所,臭氧1小时(O3_1h),101,51,58,22,30,202,NA,180,180,10,14,5,6,0.3,0.2
2026-10-08T1700,1300A,116.9379,36.6652,济南市,农科所,臭氧1小时(O3_1h),89,51,60,16,30,191,NA,172,172,11,24,9,10,0.3,0.4
2026-10-08T1700,1301A,117.1265,36.6736,济南市,开发区,臭氧1小时(O3_1h),101,66,54,22,25,201,NA,179,179,9,12,10,9,0.3,0.3
2026-10-08T1700,1303A,117.0616,36.6865,济南市,省种子仓库,臭氧1小时(O3_1h),85,68,71,20,32,188,NA,166,166,8,32,9,9,0.2,0.4
2026-10-08T1700,1304A,116.9495185,36.644937,济南市,机床二厂,臭氧1小时(O3_1h),83,59,64,23,33,186,NA,164,164,11,24,8,8,0.4,0.5
2026-10-08T1700,1305A,117.0496,36.6629,济南市,市监测站,臭氧1小时(O3_1h),101,51,61,18,30,201,NA,183,183,12,20,7,8,0.3,0.4
2026-10-08T1700,1306A,116.7674,36.5458,济南市,长清党校,臭氧1小时(O3_1h),95,61,64,10,28,196,NA,174,174,10,17,7,10,0.2,0.3
2026-10-08T1700,1310A,120.404,36.0625,青岛市,市南区东部子站,,44,14,11,2,1,139,NA,128,128,8,9,7,7,0.4,0.4
2026-10-08T1700,1311A,120.362344,36.10282,青岛市,四方区子站,,43,12,14,2,3,137,NA,127,127,14,16,4,4,0.3,0.4
2026-10-08T1700,1312A,120.294373,36.054183,青岛市,市南区西部子站,,42,7,9,3,1,132,NA,119,119,13,13,6,6,0.3,0.4
2026-10-08T1700,1313A,120.4581,36.0858,青岛市,崂山区子站,,43,14,10,7,3,136,NA,124,124,7,8,9,10,0.4,0.5
2026-10-08T1700,1315A,120.3945,36.3083,青岛市,城阳区子站,,40,12,20,2,4,126,NA,119,119,10,18,5,5,0.3,0.3
2026-10-08T1700,1316A,113.6843,34.7622,郑州市,烟厂,臭氧1小时(O3_1h),60,48,63,26,29,168,NA,155,155,11,25,4,6,0.2,0.3
2026-10-08T1700,1318A,113.669,34.8034,郑州市,银行学校,NA,NA,61,58,23,33,151,NA,139,139,NA,32,6,6,0.4,0.4
2026-10-08T1700,1319A,113.5612,34.8143,郑州市,供水公司,臭氧1小时(O3_1h),54,37,56,17,27,163,NA,149,149,12,24,3,4,0.2,0.3
2026-10-08T1700,1320A,113.7269,34.7187,郑州市,经开区管委,臭氧1小时(O3_1h),55,51,61,26,34,164,NA,153,153,6,31,14,9,0.2,0.4
2026-10-08T1700,1321A,113.7332,34.7727,郑州市,四十七中,臭氧1小时(O3_1h),53,51,59,19,32,162,NA,148,148,10,32,6,6,0.3,0.4
2026-10-08T1700,1323A,113.6361,34.7537,郑州市,河医大,,48,41,68,24,33,151,NA,138,138,12,28,9,10,0.7,0.7
2026-10-08T1700,1325A,114.3676,30.5584,武汉市,东湖梨园,,49,NA,38,27,35,155,NA,138,138,13,30,11,11,0.6,0.8
2026-10-08T1700,1326A,114.2527,30.5578,武汉市,汉阳月湖,,47,26,45,17,31,148,NA,127,127,11,35,6,6,0.3,0.5
2026-10-08T1700,1327A,114.2819,30.6189,武汉市,汉口花桥,臭氧1小时(O3_1h),53,31,44,21,31,162,NA,144,144,10,34,9,10,0.5,0.6
2026-10-08T1700,1328A,114.3024,30.5332,武汉市,武昌紫阳,,48,29,50,14,32,151,NA,134,134,12,42,9,10,0.5,0.7
2026-10-08T1700,1329A,114.3646,30.6217,武汉市,青山钢花,臭氧1小时(O3_1h),55,36,58,24,40,164,NA,144,144,11,43,9,11,0.6,0.9
2026-10-08T1700,1330A,114.156697,30.482592,武汉市,沌口新区,臭氧1小时(O3_1h),67,22,45,20,34,173,NA,157,157,11,46,14,15,0.3,0.5
2026-10-08T1700,1331A,114.3013,30.5944,武汉市,汉口江滩,臭氧1小时(O3_1h),64,23,53,17,33,171,NA,150,150,11,51,6,7,0.5,0.7
2026-10-08T1700,1333A,114.1285,30.6339,武汉市,吴家山,臭氧1小时(O3_1h),55,24,51,23,39,164,NA,149,149,16,55,10,10,0.4,0.8
2026-10-08T1700,1335A,113.082,28.2421,长沙市,经开区环保局,,50,33,42,15,24,158,NA,144,144,5,21,6,8,0.6,0.5
2026-10-08T1700,1336A,112.8873,28.2202,长沙市,高开区环保局,臭氧1小时(O3_1h),58,34,54,19,32,166,NA,137,137,9,35,6,7,0.6,0.8
2026-10-08T1700,1337A,113.0785,28.2012,长沙市,马坡岭,臭氧1小时(O3_1h),64,32,52,17,28,171,NA,154,154,8,28,8,9,0.3,0.4
2026-10-08T1700,1338A,112.9448,28.1894,长沙市,湖南师范大学,臭氧1小时(O3_1h),67,34,46,19,25,173,NA,155,155,12,22,6,6,0.5,0.6
2026-10-08T1700,1339A,113.0177,28.1322,长沙市,雨花区环保局,臭氧1小时(O3_1h),87,38,46,18,25,189,NA,147,147,14,34,9,9,0.5,0.6
2026-10-08T1700,1340A,112.9795,28.2593,长沙市,伍家岭,臭氧1小时(O3_1h),62,33,53,16,29,169,NA,146,146,11,24,6,6,0.3,0.4
2026-10-08T1700,1341A,113.002,28.1944,长沙市,火车新站,臭氧1小时(O3_1h),55,43,51,18,27,164,NA,71,NA,12,33,5,7,0.6,0.8
2026-10-08T1700,1342A,112.9846,28.1177,长沙市,天心区环保局,臭氧1小时(O3_1h),92,35,47,22,27,193,NA,153,153,17,32,6,6,0.8,0.8
2026-10-08T1700,1343A,112.8906,28.1307,长沙市,湖南中医药大学,臭氧1小时(O3_1h),80,41,47,20,25,184,NA,144,144,8,32,10,9,0.8,0.9
2026-10-08T1700,1345A,113.2346,23.1423,广州市,广雅中学,,45,41,46,23,25,143,NA,119,119,19,42,6,7,0.5,0.4
2026-10-08T1700,1346A,113.2611,23.105,广州市,市五中,NA,NA,32,33,20,22,164,NA,135,135,12,21,NA,7,/,/
2026-10-08T1700,1348A,113.3477,23.0916,广州市,广东商学院,,42,31,31,22,18,133,NA,121,121,9,23,7,7,0.3,0.3
2026-10-08T1700,1349A,113.4332,23.105,广州市,市八十六中,,38,24,27,16,20,120,NA,113,113,15,36,7,8,/,/
2026-10-08T1700,1350A,113.3506,22.9488,广州市,番禺中学,臭氧1小时(O3_1h),52,46,45,25,26,161,NA,141,141,10,26,5,7,0.4,0.5
2026-10-08T1700,1351A,113.2147,23.3918,广州市,花都师范,,48,48,39,33,20,126,NA,125,125,9,15,6,7,0.8,0.8
2026-10-08T1700,1352A,113.2599,23.1329,广州市,市监测站,,48,39,39,20,22,151,NA,124,124,11,26,2,3,/,/
2026-10-08T1700,1353A,113.5618,23.3119,广州市,九龙镇镇龙,,35,35,44,18,25,100,NA,100,100,8,22,8,9,0.5,0.5
2026-10-08T1700,1354A,113.2764,23.1544,广州市,麓湖,,39,38,29,25,19,124,NA,116,116,10,33,7,7,0.7,0.7
2026-10-08T1700,1356A,114.0948,22.5506,深圳市,通心岭子站,臭氧1小时(O3_1h),62,44,40,25,23,169,NA,157,157,8,9,4,4,0.8,0.8
2026-10-08T1700,1357A,114.1153,22.5713,深圳市,洪湖,臭氧1小时(O3_1h),52,46,46,24,25,161,NA,150,150,14,26,2,2,0.8,0.8
2026-10-08T1700,1358A,113.9823,22.5398,深圳市,华侨城,NA,NA,56,43,33,26,NA,NA,161,161,19,21,/,/,/,/
2026-10-08T1700,1359A,113.9181,22.517,深圳市,南海子站,臭氧1小时(O3_1h),78,55,45,30,28,182,NA,170,170,16,18,2,2,0.7,0.7
2026-10-08T1700,1360A,114.2345,22.565,深圳市,盐田,,45,37,40,20,21,142,NA,143,143,12,10,9,8,0.8,0.8
2026-10-08T1700,1363A,114.4911,22.5381,深圳市,南澳,,48,36,34,14,19,151,NA,142,142,2,4,/,/,/,/
2026-10-08T1700,1364A,114.41,22.6346,深圳市,葵涌,NA,NA,52,38,31,22,145,NA,149,149,15,9,NA,8,NA,1
2026-10-08T1700,1365A,114.2967,22.5978,深圳市,梅沙,,45,41,43,18,20,144,NA,151,151,10,11,/,/,/,/
2026-10-08T1700,1366A,114.0563,22.7353,深圳市,观澜,颗粒物(PM10),54,55,54,28,28,154,NA,154,154,16,22,5,5,0.7,0.7
2026-10-08T1700,1367A,113.5811,22.2618,珠海市,吉大,臭氧1小时(O3_1h),119,56,39,37,26,238,NA,193,193,13,12,9,10,0.6,0.6
2026-10-08T1700,1368A,113.4893,22.2323,珠海市,前山,臭氧1小时(O3_1h),106,62,46,32,26,212,NA,162,162,21,22,/,/,/,/
2026-10-08T1700,1369A,113.6284,22.4252,珠海市,唐家,臭氧1小时(O3_1h),112,52,40,36,28,224,NA,188,188,12,13,/,/,/,/
2026-10-08T1700,1370A,113.2986,22.2284,珠海市,斗门,臭氧1小时(O3_1h),110,35,46,28,33,219,NA,162,162,19,23,9,10,0.7,0.7
2026-10-08T1700,1371A,113.1293,23.0065,佛山市,湾梁,臭氧1小时(O3_1h),60,36,34,25,24,168,NA,130,130,14,24,/,/,/,/
2026-10-08T1700,1372A,113.1082,23.0477,佛山市,华材职中,臭氧1小时(O3_1h),73,36,40,28,27,178,NA,137,137,13,35,2,3,0.7,0.7
2026-10-08T1700,1373A,113.1439,23.045,佛山市,南海气象局,臭氧1小时(O3_1h),53,41,38,25,26,162,NA,130,130,13,30,/,/,/,/
2026-10-08T1700,1374A,113.2879,22.8094,佛山市,顺德苏岗,臭氧1小时(O3_1h),99,53,41,35,28,199,NA,163,163,14,26,/,/,0.5,0.5
2026-10-08T1700,1376A,112.8384,22.8678,佛山市,高明孔堂,臭氧1小时(O3_1h),84,48,52,29,31,187,NA,144,144,16,31,/,/,/,/
2026-10-08T1700,1377A,112.8835,23.1584,佛山市,三水监测站,,44,44,45,25,30,138,NA,129,129,11,25,5,7,0.5,0.5
2026-10-08T1700,1378A,112.8668,23.185,佛山市,三水云东海,,42,35,40,23,27,134,NA,131,131,6,22,/,/,/,/
2026-10-08T1700,1379A,113.377,22.5211,中山市,华柏园,臭氧1小时(O3_1h),100,51,50,35,32,200,NA,166,166,21,24,/,/,/,/
2026-10-08T1700,1380A,113.3879,22.5499,中山市,张溪,臭氧1小时(O3_1h),109,52,54,46,32,218,NA,173,173,19,26,/,/,/,/
2026-10-08T1700,1381A,113.4071,22.5111,中山市,紫马岭,臭氧1小时(O3_1h),101,50,47,37,32,202,NA,176,176,15,24,10,10,0.9,0.9
2026-10-08T1700,1383A,113.1063,22.6058,江门市,北街,臭氧1小时(O3_1h),102,63,49,35,32,204,NA,158,158,18,32,/,/,/,/
2026-10-08T1700,1384A,113.073,22.5835,江门市,西区,臭氧1小时(O3_1h),101,45,58,32,35,202,NA,156,156,19,41,/,/,/,/
2026-10-08T1700,1385A,113.0218,22.531,江门市,圭峰西,臭氧1小时(O3_1h),83,52,50,30,32,186,NA,147,147,18,28,/,/,/,/
2026-10-08T1700,1390A,113.7943,23.0132,东莞市,东城石井,,41,29,31,24,26,131,NA,125,125,10,14,10,11,0.7,0.7
2026-10-08T1700,1391A,113.7384,22.9659,东莞市,南城西平,,44,40,49,24,30,140,NA,139,139,11,34,12,13,0.8,0.8
2026-10-08T1700,1392A,114.4181,23.0528,惠州市,河南岸金山湖子站,,40,40,43,26,28,118,NA,122,122,12,20,9,12,0.6,0.7
2026-10-08T1700,1393A,114.4055,23.0824,惠州市,下埔横江三路子站,,37,37,45,22,27,115,NA,117,117,6,14,8,11,0.5,0.5
2026-10-08T1700,1395A,114.4645,22.7832,惠州市,惠阳区承修路船湖子站,臭氧1小时(O3_1h),58,48,57,27,31,166,NA,148,148,10,20,5,5,0.8,0.8
2026-10-08T1700,1396A,114.5316,22.7423,惠州市,大亚湾管委会子站,,45,40,43,24,23,141,NA,137,137,12,16,6,5,0.7,0.7
2026-10-08T1700,1397A,112.426,23.062,肇庆市,睦岗子站,臭氧1小时(O3_1h),60,41,35,34,20,168,NA,147,147,14,34,9,9,/,/
2026-10-08T1700,1398A,112.4645,23.0476,肇庆市,城中子站,臭氧1小时(O3_1h),64,46,37,35,21,171,NA,143,143,14,32,14,13,0.7,0.6
2026-10-08T1700,1399A,112.5545,23.1525,肇庆市,坑口子站,臭氧1小时(O3_1h),85,46,31,33,19,188,NA,166,166,12,16,8,8,0.4,0.3
2026-10-08T1700,1401A,108.3098,22.788,南宁市,二十一中,,43,29,37,13,25,136,NA,134,134,10,23,6,12,0.8,0.7
2026-10-08T1700,1402A,108.3135,22.8529,南宁市,北湖,,44,37,47,17,30,138,NA,136,136,8,26,7,10,0.5,0.8
2026-10-08T1700,1403A,108.3205,22.8222,南宁市,市监测站,,45,33,36,13,22,141,NA,136,136,10,20,8,14,0.7,0.8
2026-10-08T1700,1404A,108.3828,22.8038,南宁市,大自然花园,,44,32,30,14,17,138,NA,136,136,5,9,6,9,0.5,0.5
2026-10-08T1700,1406A,108.2397,22.8462,南宁市,区农职院,,50,35,39,18,25,160,NA,142,142,5,15,7,14,0.6,0.7
2026-10-08T1700,1407A,108.3285,22.7356,南宁市,英华嘉园,NA,NA,27,43,13,24,141,NA,131,131,8,22,NA,10,0.4,0.5
2026-10-08T1700,1410A,110.3189,20.0596,海口市,海南大学,NA,NA,36,33,17,19,125,NA,149,146,NA,8,NA,7,0.5,0.4
2026-10-08T1700,1411A,110.2827,20.0051,海口市,秀英海南医院,,39,37,34,16,19,124,NA,148,146,4,6,4,4,0.2,0.3
2026-10-08T1700,1412A,110.3391,19.9979,海口市,海南师范大学,,39,32,33,17,20,123,NA,142,139,3,6,4,4,0.4,0.5
2026-10-08T1700,1413A,110.3303,20.0359,海口市,龙华路环保局宿舍,,39,39,35,17,19,122,NA,148,145,3,5,/,/,0.4,0.4
2026-10-08T1700,1416A,106.4216,29.8256,重庆市,天生,,38,36,46,19,29,120,NA,91,91,12,19,10,10,0.6,0.7
2026-10-08T1700,1417A,106.6264,29.7226,重庆市,两路,,45,45,52,22,25,104,NA,82,82,19,18,8,8,0.7,0.7
2026-10-08T1700,1419A,106.5778,29.5103,重庆市,南坪,颗粒物(PM10),52,52,58,26,28,116,NA,83,83,24,19,6,11,0.7,0.7
2026-10-08T1700,1420A,106.6556,29.6277,重庆市,唐家沱,,35,30,42,21,28,111,NA,88,88,12,20,10,9,0.7,0.8
2026-10-08T1700,1431A,103.9727,30.7242,成都市,金泉两河,颗粒物(PM10),64,69,76,32,56,125,NA,82,82,7,16,3,3,0.4,0.5
2026-10-08T1700,1432A,104.1423,30.6765,成都市,十里店,颗粒物(PM10),63,68,97,38,66,127,NA,86,86,12,22,7,9,0.7,0.8
2026-10-08T1700,1433A,104.0594,30.5765,成都市,三瓦窑,细颗粒物(PM2.5),80,77,85,50,61,111,NA,95,95,27,31,9,10,0.5,0.5
2026-10-08T1700,1434A,104.1122,30.6306,成都市,沙河铺,颗粒物(PM10),64,69,100,38,62,107,NA,79,79,19,27,9,9,0.6,0.7
2026-10-08T1700,1439A,106.6863,26.6035,贵阳市,马鞍山,,37,17,22,10,13,117,NA,105,105,7,12,7,4,/,/
2026-10-08T1700,1441A,106.6241,26.6266,贵阳市,鉴湖路,,36,36,39,11,13,115,NA,108,108,8,14,11,10,0.5,0.6
2026-10-08T1700,1442A,106.7468,26.6344,贵阳市,燕子冲,,37,34,35,15,15,118,NA,101,101,8,14,7,6,0.5,0.6
2026-10-08T1700,1443A,106.6556,26.4362,贵阳市,碧云窝,,41,41,39,10,13,116,NA,103,103,6,12,8,7,/,/
2026-10-08T1700,1445A,106.6963,26.6063,贵阳市,红边门,,34,24,31,12,16,108,NA,98,98,10,18,5,5,/,/
2026-10-08T1700,1446A,106.7162383,26.56964667,贵阳市,新华路,,34,34,37,15,14,106,NA,100,100,9,20,8,8,0.5,0.6
2026-10-08T1700,1447A,106.6742,26.542,贵阳市,太慈桥,,35,27,30,12,14,111,NA,99,99,8,16,8,5,/,/
2026-10-08T1700,1450A,102.8203,24.889,昆明市,呈贡新区,,37,19,29,6,22,117,NA,102,102,4,22,3,3,0.8,1
2026-10-08T1700,1452A,102.7253,25.0904,昆明市,龙泉镇,,35,18,39,15,30,110,NA,84,84,11,24,5,3,0.6,0.8
2026-10-08T1700,1453A,102.7267,25.0378,昆明市,东风东路,,36,15,41,11,28,115,NA,90,90,11,28,7,7,0.5,0.9
2026-10-08T1700,1454A,102.6744,25.0671,昆明市,金鼎山,,35,25,49,13,30,111,NA,89,89,10,27,7,5,0.4,0.6
2026-10-08T1700,1455A,102.6643,25.0401,昆明市,碧鸡广场,NA,NA,NA,42,12,28,104,NA,83,83,NA,27,8,8,0.5,0.7
2026-10-08T1700,1456A,91.132,29.6515,拉萨市,八廓街,,34,9,15,9,7,106,NA,87,87,5,15,8,10,0.1,0.2
2026-10-08T1700,1457A,91.1221,29.6748,拉萨市,市环保局,,32,10,17,6,6,101,NA,80,80,7,16,9,10,0.2,0.3
2026-10-08T1700,1458A,91.0874,29.6476,拉萨市,区监测站,,32,NA,12,11,6,100,NA,83,83,10,21,7,8,0.2,0.4
2026-10-08T1700,1459A,91.1774,29.6541,拉萨市,西藏大学,,33,8,14,6,6,105,NA,86,86,8,14,8,10,0.2,0.2
2026-10-08T1700,1460A,90.9798,29.6586,拉萨市,区辐射站,,27,9,30,5,11,86,NA,68,68,14,33,7,10,0.2,0.3
2026-10-08T1700,1461A,91.0831,29.6292,拉萨市,拉萨火车站,,31,NA,13,6,8,99,NA,80,80,6,17,6,7,0.2,0.3
2026-10-08T1700,1463A,108.9931,34.2629,西安市,兴庆小区,NA,NA,NA,70,24,47,183,NA,141,141,16,30,6,5,0.6,0.7
2026-10-08T1700,1464A,109.0595,34.2569,西安市,纺织城,臭氧1小时(O3_1h),55,50,73,21,48,164,NA,123,123,16,29,6,4,0.6,0.7
2026-10-08T1700,1465A,108.9377,34.2178,西安市,小寨,臭氧1小时(O3_1h),106,81,84,41,52,212,NA,147,147,26,35,4,4,0.6,0.8
2026-10-08T1700,1466A,108.9522,34.2739,西安市,市人民体育场,臭氧1小时(O3_1h),101,60,85,25,55,201,NA,159,159,23,43,6,6,0.6,0.9
2026-10-08T1700,1467A,108.8923,34.2322,西安市,高新西区,臭氧1小时(O3_1h),64,64,78,39,49,171,NA,120,120,20,27,7,7,0.7,0.8
2026-10-08T1700,1468A,108.9386,34.3446,西安市,经开区,颗粒物(PM10),55,57,84,20,49,162,NA,128,128,13,31,4,6,0.5,0.7
2026-10-08T1700,1469A,108.894,34.1557,西安市,长安区,颗粒物(PM10),66,72,81,28,48,168,NA,125,125,22,39,4,3,0.5,0.6
2026-10-08T1700,1471A,109.213,34.3748,西安市,临潼区,颗粒物(PM10),76,86,99,45,69,175,NA,128,128,17,28,8,6,0.8,0.8
2026-10-08T1700,1474A,109.0508,34.321,西安市,广运潭,颗粒物(PM10),57,59,71,20,43,155,NA,116,116,14,23,8,8,0.7,0.7
2026-10-08T1700,1479A,103.8309,36.0467,兰州市,铁路设计院,颗粒物(PM10),60,63,54,22,27,127,NA,90,90,11,20,5,5,0.2,0.5
2026-10-08T1700,1489A,106.1361,38.5039,银川市,学院路,颗粒物(PM10),59,62,71,17,24,142,NA,100,100,12,27,6,7,0.4,0.5
2026-10-08T1700,1490A,87.5796,43.8299,乌鲁木齐市,监测站,NA,NA,NA,55,NA,16,78,NA,46,46,16,30,5,3,NA,0.5
2026-10-08T1700,1491A,87.6044,43.7679,乌鲁木齐市,收费所,颗粒物(PM10),64,69,65,21,19,90,NA,56,56,18,30,5,2,0.5,0.4
2026-10-08T1700,1493A,87.5529,43.8704,乌鲁木齐市,铁路局,颗粒物(PM10),58,60,57,38,22,81,NA,53,53,15,30,9,7,0.2,0.3
2026-10-08T1700,1494A,87.6408,43.8258,乌鲁木齐市,三十一中学,颗粒物(PM10),64,69,62,25,23,76,NA,49,49,19,29,11,9,0.5,0.6
2026-10-08T1700,1496A,87.7218,44.1747,乌鲁木齐市,米东区环保局,,30,30,47,11,13,94,NA,66,66,1,10,10,10,0.2,0.3
2026-10-08T1700,1508A,112.9508,27.8626,湘潭市,板塘,,50,24,45,13,25,158,NA,148,148,5,37,6,7,0.6,0.4
2026-10-08T1700,1511A,112.9114,27.8404,湘潭市,市监测站,,45,22,42,10,30,142,NA,121,121,9,31,5,4,0.6,0.7
2026-10-08T1700,1512A,112.8935,27.8729,湘潭市,江麓,,47,32,51,12,29,149,NA,131,131,7,26,7,7,0.2,0.4
2026-10-08T1700,1513A,112.9227,27.8159,湘潭市,岳塘,臭氧1小时(O3_1h),52,29,55,11,31,161,NA,144,144,5,25,10,9,0.3,0.5
2026-10-08T1700,1514A,112.9073,27.9118,湘潭市,科大,,48,26,54,13,32,152,NA,136,136,3,29,6,7,0.6,0.7
2026-10-08T1700,1515A,113.1265,27.8306,株洲市,天台山庄,,48,26,49,18,31,151,NA,141,141,8,28,4,6,0.2,0.6
2026-10-08T1700,1518A,113.0937,27.8919,株洲市,株冶医院,,47,30,40,16,24,149,NA,138,138,8,24,6,7,0.2,0.4
2026-10-08T1700,1519A,113.1709,27.8661,株洲市,市四中,,41,24,45,12,26,129,NA,124,124,11,29,6,7,0.6,0.8
2026-10-08T1700,1520A,113.1515,27.8265,株洲市,火车站,,47,28,54,18,33,150,NA,138,138,14,30,11,12,0.4,0.8
2026-10-08T1700,1524A,113.1329,27.8491,株洲市,市监测站,,49,25,48,17,31,154,NA,143,143,11,36,9,10,0.2,0.6
2026-10-08T1700,1562A,113.0048,27.9153,湘潭市,昭山,,44,27,38,12,22,138,NA,132,132,7,29,9,10,0.2,0.4
2026-10-08T1700,1585A,109.8761,40.6533,包头市,市环境监测站,,48,46,62,26,25,152,NA,124,124,19,40,9,11,0.6,0.7
2026-10-08T1700,1587A,109.9992,40.5843,包头市,包头八中,颗粒物(PM10),54,55,68,29,29,146,NA,119,119,22,37,11,12,0.5,0.6
2026-10-08T1700,1589A,109.8641,40.6288,包头市,惠龙物流,颗粒物(PM10),55,56,55,26,28,150,NA,120,120,18,36,11,12,0.7,0.7
2026-10-08T1700,1590A,110.0376,40.5546,包头市,东河鸿龙湾,颗粒物(PM10),63,67,66,36,34,158,NA,124,124,22,39,7,10,0.6,0.6
2026-10-08T1700,1591A,110.0024,39.8127,鄂尔多斯市,综合楼,,38,22,52,12,17,121,NA,109,109,9,19,7,11,0.4,0.5
2026-10-08T1700,1592A,109.9485,39.8259,鄂尔多斯市,巴音孟克林场办事处,NA,NA,27,44,NA,NA,127,NA,112,112,11,16,5,7,0.4,0.6
2026-10-08T1700,1593A,109.7734,39.5987,鄂尔多斯市,康泽苑,,42,24,37,15,15,132,NA,114,114,8,15,7,4,0.3,0.4
2026-10-08T1700,1594A,109.8121,39.5987,鄂尔多斯市,华泰汽车城,,41,29,40,12,16,130,NA,108,108,7,25,8,6,0.4,0.5
2026-10-08T1700,1595A,109.9734,39.7884,鄂尔多斯市,奥林花园,,39,27,53,16,19,124,NA,110,110,9,23,6,7,0.2,0.4
2026-10-08T1700,1597A,122.2704,40.7093,营口市,大庆路,颗粒物(PM10),53,53,37,18,13,151,NA,138,138,20,17,9,9,0.7,0.7
2026-10-08T1700,1598A,122.215,40.6511,营口市,镜湖西路,臭氧1小时(O3_1h),72,64,41,26,15,177,NA,156,156,21,19,5,5,0.5,0.5
2026-10-08T1700,1599A,122.1667,40.665,营口市,西炮台,臭氧1小时(O3_1h),63,61,37,23,14,170,NA,138,138,13,15,7,6,0.6,0.5
2026-10-08T1700,1600A,124.33,40.0625,丹东市,江湾东路,,40,32,44,9,21,125,NA,112,112,7,20,8,10,0.6,0.9
2026-10-08T1700,1601A,124.4242,40.1513,丹东市,临江后街,,38,24,29,10,15,119,NA,108,108,6,13,5,6,0.7,0.7
2026-10-08T1700,1602A,124.3935,40.1461,丹东市,元宝山,,40,27,27,10,15,126,NA,112,112,6,10,8,9,0.7,0.7
2026-10-08T1700,1603A,124.3634,40.1093,丹东市,民主桥,,35,33,38,9,18,110,NA,98,98,4,23,7,7,0.2,0.3
2026-10-08T1700,1604A,122.0303,41.1489,盘锦市,开发区,臭氧1小时(O3_1h),57,57,29,35,14,165,NA,143,143,10,11,7,7,0.6,0.5
2026-10-08T1700,1605A,122.0486,41.0883,盘锦市,兴隆台,臭氧1小时(O3_1h),74,56,37,24,14,179,NA,148,148,12,14,7,7,0.7,0.6
2026-10-08T1700,1606A,121.8297,41.1026,盘锦市,新生街道,臭氧1小时(O3_1h),88,61,34,27,14,190,NA,159,159,12,11,5,4,0.7,0.6
2026-10-08T1700,1607A,120.904878,40.721091,葫芦岛市,龙港区,臭氧1小时(O3_1h),115,66,43,57,28,230,NA,179,179,11,14,11,12,0.6,0.5
2026-10-08T1700,1608A,120.8382,40.7521,葫芦岛市,化工街,臭氧1小时(O3_1h),102,105,67,45,24,204,NA,174,174,17,31,10,10,0.6,0.5
2026-10-08T1700,1609A,120.8339,40.7078,葫芦岛市,新区,臭氧1小时(O3_1h),109,78,46,48,23,217,NA,174,174,12,18,9,10,0.8,0.7
2026-10-08T1700,1610A,120.8697,40.7679,葫芦岛市,东城区,臭氧1小时(O3_1h),107,74,53,52,30,214,NA,169,169,20,35,9,10,0.8,0.9
2026-10-08T1700,1611A,118.5818,24.9116,泉州市,涂山街,,41,40,31,13,17,130,NA,124,124,10,9,6,4,0.4,0.4
2026-10-08T1700,1612A,118.597,24.8976,泉州市,津头埔,颗粒物(PM10),53,54,33,13,15,126,NA,120,120,10,10,5,4,0.5,0.5
2026-10-08T1700,1613A,118.6669,24.9422,泉州市,万安,,46,46,34,15,14,127,NA,123,123,8,8,6,5,0.7,0.7
2026-10-08T1700,1618A,118.3429,35.0532,临沂市,沂河小区,,48,48,55,18,24,151,NA,138,138,12,20,6,6,0.5,0.5
2026-10-08T1700,1619A,118.2962,35.0568,临沂市,鲁南制药厂,臭氧1小时(O3_1h),53,48,48,20,19,162,NA,148,148,13,20,7,8,0.4,0.5
2026-10-08T1700,1620A,118.2793,34.9976,临沂市,新光毛纺厂,臭氧1小时(O3_1h),52,36,46,17,25,161,NA,150,150,14,26,6,6,0.3,0.4
2026-10-08T1700,1621A,118.3955,35.0889,临沂市,河东保险公司,,46,34,50,10,24,147,NA,148,148,16,27,6,7,0.4,0.5
2026-10-08T1700,1622A,116.3034,37.4675,德州市,儿童乐园,臭氧1小时(O3_1h),79,80,106,30,44,183,NA,154,154,11,18,10,15,0.3,0.4
2026-10-08T1700,1624A,116.2992,37.4449,德州市,监理站,臭氧1小时(O3_1h),87,85,110,26,52,189,NA,159,159,10,19,10,14,0.6,0.7
2026-10-08T1700,1625A,115.9789,36.4372,聊城市,区政府,臭氧1小时(O3_1h),80,73,85,21,39,184,NA,165,165,8,17,9,11,0.2,0.3
2026-10-08T1700,1629A,117.9961,37.3604,滨州市,第二水厂,臭氧1小时(O3_1h),101,68,105,32,58,201,NA,188,188,11,42,15,16,0.4,0.6
2026-10-08T1700,1630A,117.9789,37.3931,滨州市,北中新校,臭氧1小时(O3_1h),102,56,88,23,51,203,NA,182,182,14,51,12,14,0.5,0.8
2026-10-08T1700,1631A,118.0413,36.8101,淄博市,人民公园,臭氧1小时(O3_1h),58,56,67,17,33,166,NA,153,153,11,25,9,11,0.4,0.5
2026-10-08T1700,1633A,117.8524,36.4848,淄博市,双山,臭氧1小时(O3_1h),65,44,56,21,31,172,NA,161,161,14,28,10,13,0.2,0.5
2026-10-08T1700,1634A,117.9595,36.6332,淄博市,气象站,臭氧1小时(O3_1h),65,45,56,17,32,172,NA,167,167,11,21,8,11,0.6,0.7
2026-10-08T1700,1637A,117.5628,34.8379,枣庄市,市中区政府,臭氧1小时(O3_1h),87,63,74,22,33,189,NA,158,158,14,29,10,19,0.5,0.6
2026-10-08T1700,1638A,117.2855,34.7838,枣庄市,薛城环保局,臭氧1小时(O3_1h),83,63,76,22,36,186,NA,158,158,15,30,6,7,0.3,0.4
2026-10-08T1700,1639A,117.5854,34.7744,枣庄市,峄城区政府,臭氧1小时(O3_1h),95,58,72,20,32,196,NA,166,166,10,21,11,13,0.2,0.3
2026-10-08T1700,1641A,117.4516,35.0992,枣庄市,山亭区环保局,臭氧1小时(O3_1h),75,56,52,26,25,180,NA,160,160,8,11,8,11,0.6,0.6
2026-10-08T1700,1642A,121.2517,37.564,烟台市,开发区,,40,31,32,7,8,127,NA,131,131,22,20,6,6,0.5,0.4
2026-10-08T1700,1644A,121.3181,37.5436,烟台市,西郊化工站,NA,NA,24,21,4,6,130,NA,133,133,7,9,NA,4,0.5,0.5
2026-10-08T1700,1645A,121.4419,37.4858,烟台市,莱山环保局,,38,22,24,2,6,120,NA,128,128,9,13,2,3,0.2,0.3
2026-10-08T1700,1646A,121.2619,37.4965,烟台市,福山环保局,,40,22,39,5,13,127,NA,133,133,5,26,2,2,0.4,0.5
2026-10-08T1700,1650A,119.1436,36.7022,潍坊市,环保局,臭氧1小时(O3_1h),69,58,42,20,13,175,NA,150,150,16,21,8,8,0.5,0.5
2026-10-08T1700,1653A,116.6229,35.4288,济宁市,火炬城,臭氧1小时(O3_1h),60,50,59,22,30,168,NA,156,156,8,18,4,6,0.4,0.3
2026-10-08T1700,1656A,117.1436,36.1938,泰安市,监测站,臭氧1小时(O3_1h),89,63,70,23,34,191,NA,170,170,9,23,10,13,0.6,0.7
2026-10-08T1700,1657A,117.0905,36.2002,泰安市,人口学校,臭氧1小时(O3_1h),73,73,68,24,29,178,NA,158,158,14,18,14,15,0.9,1
2026-10-08T1700,1658A,117.0992,36.1757,泰安市,电力学校,臭氧1小时(O3_1h),82,61,74,25,38,185,NA,161,161,9,35,9,10,0.3,0.6
2026-10-08T1700,1659A,119.4711,35.421,日照市,监测站,,36,2,20,1,11,113,NA,106,106,9,37,9,10,0.3,0.5
2026-10-08T1700,1660A,119.523,35.4216,日照市,市政府广场,,37,7,20,0,8,118,NA,115,115,7,30,6,6,0.4,0.2
2026-10-08T1700,1661A,119.5511,35.4113,日照市,港务局,,38,9,20,0,7,119,NA,121,121,6,28,5,6,0.4,0.5
2026-10-08T1700,1662A,122.121,37.4231,威海市,华夏技校,,36,14,11,3,5,114,NA,118,118,8,7,/,/,0.4,0.4
2026-10-08T1700,1663A,122.0508,37.5236,威海市,山大分校,,37,15,15,3,7,117,NA,127,127,8,10,/,/,/,/
2026-10-08T1700,1664A,122.1067,37.5067,威海市,市监测站,,35,15,16,4,6,111,NA,118,118,6,7,7,8,0.3,0.4
2026-10-08T1700,1666A,118.6612,37.4313,东营市,市环保局,臭氧1小时(O3_1h),78,56,56,17,23,182,NA,167,167,13,25,9,10,0.5,0.6
2026-10-08T1700,1669A,113.5821,24.7733,韶关市,市八中,,43,43,43,26,28,126,NA,114,114,7,19,10,18,0.3,0.4
2026-10-08T1700,1671A,113.5916,24.7973,韶关市,园林处,,37,23,38,16,27,116,NA,112,112,8,22,12,21,/,/
2026-10-08T1700,1673A,113.5971,24.6864,韶关市,曲江监测站,,40,25,42,17,27,126,NA,117,117,9,19,13,16,0.2,0.3
2026-10-08T1700,1674A,116.6795,23.3666,汕头市,金平子站,,40,34,34,10,16,127,NA,122,118,7,11,4,5,0.5,0.5
2026-10-08T1700,1675A,116.7248,23.3632,汕头市,龙湖子站,,42,42,46,13,16,128,NA,122,118,3,6,6,6,/,/
2026-10-08T1700,1676A,116.7257,23.2774,汕头市,濠江子站,,38,32,33,11,14,121,NA,126,113,8,8,7,7,/,/
2026-10-08T1700,1677A,116.7518,23.4712,汕头市,澄海子站,,41,41,38,11,16,131,NA,121,118,6,9,5,7,0.6,0.7
2026-10-08T1700,1678A,116.6088,23.2539,汕头市,潮阳子站,,38,24,30,10,16,119,NA,125,112,2,4,7,8,0.6,0.6
2026-10-08T1700,1680A,110.3648,21.2697,湛江市,湛江影剧院,颗粒物(PM10),53,53,42,23,25,153,NA,150,150,9,11,6,13,0.7,0.7
2026-10-08T1700,1681A,110.3907,21.2279,湛江市,市环境监测站,,48,35,37,23,22,152,NA,146,146,6,9,6,10,0.4,0.4
2026-10-08T1700,1682A,110.3936,21.1943,湛江市,环保局宿舍,臭氧1小时(O3_1h),55,45,42,24,23,164,NA,156,156,10,14,7,11,/,/
2026-10-08T1700,1683A,110.4138,21.2033,湛江市,霞山游泳场,颗粒物(PM10),51,51,44,29,24,145,NA,140,140,12,14,5,12,/,/
2026-10-08T1700,1685A,110.4512,21.239,湛江市,坡头区环保局,,49,38,40,25,24,154,NA,149,149,8,11,7,13,0.5,0.5
2026-10-08T1700,1686A,111.0285,21.469,茂名市,电白南海,颗粒物(PM10),56,58,53,33,25,142,NA,138,138,15,14,5,11,0.5,0.4
2026-10-08T1700,1687A,110.9294,21.6533,茂名市,茂石化七小,,44,44,40,28,24,126,NA,119,119,10,12,4,11,0.6,0.6
2026-10-08T1700,1688A,110.9108,21.6688,茂名市,健康路,,44,36,35,25,24,138,NA,130,130,10,13,6,11,0.5,0.5
2026-10-08T1700,1689A,110.8592,21.6826,茂名市,高岭,颗粒物(PM10),58,61,48,25,24,123,NA,124,124,14,14,9,13,/,/
2026-10-08T1700,1690A,116.1248,24.3307,梅州市,梅江月梅,,39,31,33,15,22,122,NA,119,119,6,13,/,/,/,/
2026-10-08T1700,1691A,116.0798,24.2719,梅州市,梅县新城,,40,30,35,11,21,128,NA,124,124,8,15,11,11,0.7,0.8
2026-10-08T1700,1693A,115.3653,22.7751,汕尾市,市环保局,,42,42,41,13,21,127,NA,129,125,14,16,6,7,0.3,0.4
2026-10-08T1700,1695A,115.362,22.7926,汕尾市,新城中学,,41,41,39,14,22,127,NA,125,125,6,9,8,8,0.4,0.4
2026-10-08T1700,1697A,114.6962,23.7538,河源市,东埔,,46,38,34,32,25,116,NA,110,110,10,16,6,8,0.5,0.7
2026-10-08T1700,1698A,114.6895,23.7232,河源市,老城,,43,43,38,26,22,113,NA,106,106,8,17,8,8,0.6,0.6
2026-10-08T1700,1701A,111.9491,21.8658,阳江市,马南垌,臭氧1小时(O3_1h),65,53,48,38,33,172,NA,138,138,14,15,7,8,0.7,0.6
2026-10-08T1700,1703A,113.0218,23.7086,清远市,凤城街办,,41,29,31,20,19,130,NA,124,124,3,11,/,/,/,/
2026-10-08T1700,1708A,116.3701,23.5345,揭阳市,新兴,,38,34,43,13,21,119,NA,119,119,10,14,8,11,0.5,0.8
2026-10-08T1700,1709A,116.3261,23.5442,揭阳市,西马,,44,44,45,12,20,129,NA,128,128,8,12,6,9,0.5,0.6
2026-10-08T1700,1710A,116.361,23.5627,揭阳市,东兴,,39,39,43,14,22,123,NA,123,123,10,15,7,9,/,/
2026-10-08T1700,1711A,116.4151,23.5295,揭阳市,渔湖,,36,29,39,12,22,115,NA,112,112,10,14,7,10,/,/
2026-10-08T1700,1714A,112.0281,22.9738,云浮市,牧羊,臭氧1小时(O3_1h),55,37,37,22,22,164,NA,134,134,9,24,6,38,0.8,0.7
2026-10-08T1700,1715A,102.575,24.371,玉溪市,东风水库,,30,29,24,12,14,94,NA,80,80,6,8,5,5,0.6,0.6
2026-10-08T1700,1723A,113.2926,40.0759,大同市,云冈宾馆,,46,35,72,13,23,147,NA,121,121,15,39,11,14,0.5,0.7
2026-10-08T1700,1724A,113.3437,40.0921,大同市,大同大学,,47,45,68,15,20,149,NA,134,134,10,28,8,13,0.4,0.6
2026-10-08T1700,1725A,113.2637,40.129,大同市,安家小村,,46,27,67,14,23,145,NA,126,126,11,27,8,14,0.3,0.5
2026-10-08T1700,1727A,113.1146,36.1547,长治市,清华站,,46,26,40,14,21,147,NA,131,131,7,15,11,11,0.3,0.4
2026-10-08T1700,1730A,113.0887,36.2126,长治市,审计局,,45,30,40,15,21,144,NA,132,132,12,23,12,13,0.4,0.6
2026-10-08T1700,1731A,113.0845,36.1856,长治市,长治八中,,45,42,57,18,24,141,NA,126,126,10,21,14,14,0.6,0.7
2026-10-08T1700,1733A,111.5552,36.0791,临汾市,临钢医院,,46,20,47,19,24,147,NA,138,138,15,28,5,6,0.4,0.6
2026-10-08T1700,1734A,111.4984,36.0734,临汾市,技工学校,,45,40,70,19,34,143,NA,130,130,13,26,4,7,0.4,0.6
2026-10-08T1700,1736A,111.5017,36.0857,临汾市,市委,,47,34,64,12,31,148,NA,134,134,11,24,6,8,0.4,0.5
2026-10-08T1700,1739A,113.4894,37.8717,阳泉市,赛鱼,,48,48,72,28,28,141,NA,123,123,14,63,9,8,0.8,0.8
2026-10-08T1700,1740A,113.582,37.8473,阳泉市,南庄,,49,41,60,24,24,154,NA,122,122,15,34,7,12,0.6,0.8
2026-10-08T1700,1742A,113.5616,37.8706,阳泉市,平坦,,49,45,71,27,29,155,NA,123,123,13,44,15,15,0.7,0.8
2026-10-08T1700,1743A,113.5115,37.8391,阳泉市,大阳泉,,45,25,37,13,18,144,NA,129,129,11,18,6,9,0.7,0.8
2026-10-08T1700,1744A,118.9229,42.2816,赤峰市,松山一中,,45,NA,38,31,23,139,NA,153,153,20,17,11,11,0.5,0.5
2026-10-08T1700,1745A,118.9588,42.2733,赤峰市,哈达街,,42,40,41,28,24,132,NA,148,148,25,19,8,8,0.6,0.8
2026-10-08T1700,1746A,118.8792,42.2551,赤峰市,天义路,,45,33,35,17,20,143,NA,149,149,15,15,4,5,0.5,0.4
2026-10-08T1700,1748A,123.0441,41.1201,鞍山市,深沟寺,颗粒物(PM10),55,56,36,21,16,151,NA,146,146,20,12,9,9,0.6,0.5
2026-10-08T1700,1749A,123.011,41.0931,鞍山市,太阳城,颗粒物(PM10),57,59,38,22,16,146,NA,144,144,29,14,14,13,0.6,0.7
2026-10-08T1700,1750A,123.0483,41.1445,鞍山市,太平,颗粒物(PM10),60,64,43,20,15,132,NA,131,131,24,14,12,12,1.0,1
2026-10-08T1700,1751A,122.964,41.0968,鞍山市,铁西三道街,颗粒物(PM10),64,69,51,25,19,153,NA,148,148,22,18,8,10,0.8,1.2
2026-10-08T1700,1753A,123.0219,41.0822,鞍山市,明达新区,颗粒物(PM10),55,56,34,21,16,147,NA,143,143,17,10,13,12,0.7,1
2026-10-08T1700,1755A,123.7974,41.8494,抚顺市,望花区,颗粒物(PM10),95,113,72,24,30,166,NA,150,150,24,41,13,14,0.9,1
2026-10-08T1700,1756A,123.9161,41.8827,抚顺市,顺城区,颗粒物(PM10),78,88,53,21,23,163,NA,147,147,28,31,19,14,0.9,0.9
2026-10-08T1700,1757A,124.0437,41.8615,抚顺市,东洲区,颗粒物(PM10),81,93,38,22,16,149,NA,154,154,39,17,15,12,0.7,0.8
2026-10-08T1700,1758A,123.9246,41.8638,抚顺市,新抚区,颗粒物(PM10),83,95,67,24,29,165,NA,146,146,22,34,16,11,0.6,0.6
2026-10-08T1700,1759A,124.0972,41.8961,抚顺市,大伙房水库,臭氧1小时(O3_1h),78,58,32,23,16,182,NA,161,161,17,15,13,10,0.6,0.6
2026-10-08T1700,1760A,123.708,41.8386,抚顺市,沈抚新城,颗粒物(PM10),78,89,62,23,20,180,NA,163,163,19,30,20,15,0.8,1
2026-10-08T1700,1761A,123.8274146,41.31234549,本溪市,大峪,,43,38,30,16,14,135,NA,126,126,11,18,9,7,0.5,0.5
2026-10-08T1700,1763A,123.7169,41.3094,本溪市,彩屯,,49,49,47,20,21,110,NA,114,114,30,25,16,11,2.6,1.7
2026-10-08T1700,1764A,123.7672166,41.28649327,本溪市,东明,,47,47,28,14,9,139,NA,128,128,12,14,6,6,0.7,0.6
2026-10-08T1700,1765A,123.799345,41.266614,本溪市,新立屯,,45,45,27,14,9,104,NA,118,117,31,17,10,10,0.6,0.5
2026-10-08T1700,1766A,123.829144,41.336777,本溪市,威宁,,39,31,35,17,17,122,NA,123,123,16,18,8,6,0.5,0.5
2026-10-08T1700,1767A,121.1114,41.0879,锦州市,南山,臭氧1小时(O3_1h),92,97,59,42,30,193,NA,154,154,28,37,18,13,0.8,0.7
2026-10-08T1700,1768A,121.060361,40.842794,锦州市,开发区,臭氧1小时(O3_1h),116,122,89,45,26,231,NA,174,174,20,31,10,23,0.7,0.8
2026-10-08T1700,1769A,121.1836,41.1118,锦州市,百股街道,臭氧1小时(O3_1h),103,96,59,46,30,205,NA,175,175,24,30,16,13,0.7,0.9
2026-10-08T1700,1770A,121.1176,41.1224,锦州市,天安街道,臭氧1小时(O3_1h),94,109,74,39,36,195,NA,159,159,27,50,18,13,1.0,0.9
2026-10-08T1700,1771A,121.1303,41.1385,锦州市,北湖公园,臭氧1小时(O3_1h),101,85,65,37,29,202,NA,165,165,21,35,15,11,0.8,0.7
2026-10-08T1700,1772A,126.54,43.8622,吉林市,哈达湾,,47,41,29,22,20,150,NA,135,135,18,19,7,6,0.5,0.3
2026-10-08T1700,1773A,126.5843,43.8358,吉林市,东局子,,48,38,26,22,18,152,NA,136,136,20,22,8,6,0.7,0.6
2026-10-08T1700,1774A,126.5051,43.8243,吉林市,电力学院,,50,50,47,20,25,149,NA,135,135,16,20,10,8,0.6,0.6
2026-10-08T1700,1775A,126.6133,43.8971,吉林市,江北,颗粒物(PM10),58,60,41,22,20,142,NA,128,128,27,17,18,9,0.5,0.5
2026-10-08T1700,1776A,126.5549,43.8304,吉林市,江南公园,,45,45,28,20,18,138,NA,129,129,19,16,8,6,0.3,0.2
2026-10-08T1700,1779A,123.9307,47.3641,齐齐哈尔市,安居小区,,24,24,27,3,4,55,NA,59,59,12,9,3,4,0.2,0.2
2026-10-08T1700,1780A,123.9497,47.3389,齐齐哈尔市,中心广场,NA,NA,27,20,10,6,51,NA,58,58,NA,11,2,3,NA,0
2026-10-08T1700,1781A,123.9483,47.3229,齐齐哈尔市,农牧车辆厂,,39,39,27,2,3,54,NA,59,59,14,8,6,5,0.4,0.3
2026-10-08T1700,1783A,123.9442,47.2994,齐齐哈尔市,市环境监测站,,21,21,26,3,3,58,NA,60,60,9,9,4,5,0.0,0
2026-10-08T1700,1784A,129.61,44.561,牡丹江市,环保大楼,,42,42,34,15,12,89,NA,86,86,27,22,8,7,0.4,0.3
2026-10-08T1700,1787A,129.6364,44.6075,牡丹江市,机车工厂,颗粒物(PM10),83,96,58,30,22,72,NA,81,81,30,24,9,7,0.3,0.3
2026-10-08T1700,1788A,129.6386,44.5462,牡丹江市,第一中学,,41,41,32,18,10,77,NA,88,88,44,20,5,6,0.5,0.4
2026-10-08T1700,1789A,124.8085,46.0381,大庆市,大同区,,32,32,31,6,8,78,NA,75,75,7,7,5,5,0.1,0.2
2026-10-08T1700,1790A,125.1166,46.5255,大庆市,龙凤区,,31,31,32,19,12,65,NA,66,66,9,6,10,5,0.2,0.3
2026-10-08T1700,1791A,124.8894,46.4007,大庆市,红岗区,,33,33,33,5,6,62,NA,64,64,12,10,4,8,0.2,0.3
2026-10-08T1700,1792A,125.1391,46.578,大庆市,萨尔图区,,20,20,25,2,5,62,NA,62,62,7,5,8,8,0.3,0.3
2026-10-08T1700,1793A,124.9026,46.6217,大庆市,让胡路区,,30,30,29,7,5,58,NA,60,60,8,8,4,4,0.2,0.2
2026-10-08T1700,1794A,118.3603,31.3515,芜湖市,监测站,臭氧1小时(O3_1h),69,35,47,14,26,175,NA,165,165,15,26,12,11,0.6,0.7
2026-10-08T1700,1795A,118.3716,31.4135,芜湖市,科创中心,臭氧1小时(O3_1h),78,38,54,21,32,182,NA,174,174,20,48,7,9,0.5,0.5
2026-10-08T1700,1796A,118.3671,31.3132,芜湖市,四水厂,臭氧1小时(O3_1h),83,43,47,21,27,186,NA,172,172,13,23,10,10,0.3,0.4
2026-10-08T1700,1798A,118.5084,31.6838,马鞍山市,湖东路四小,臭氧1小时(O3_1h),82,33,58,17,29,185,NA,183,183,12,31,10,11,0.6,0.8
2026-10-08T1700,1799A,118.5019,31.6449,马鞍山市,开发区,臭氧1小时(O3_1h),79,44,71,16,38,183,NA,183,183,16,31,10,11,0.7,0.7
2026-10-08T1700,1803A,115.9873,29.6816,九江市,十里,臭氧1小时(O3_1h),74,40,52,11,34,179,NA,161,161,11,35,5,6,0.5,0.8
2026-10-08T1700,1804A,115.9583,29.7047,九江市,茅山头,臭氧1小时(O3_1h),80,38,47,17,31,184,NA,152,152,14,29,3,4,0.6,0.6
2026-10-08T1700,1805A,115.9877,29.7295,九江市,西园,臭氧1小时(O3_1h),87,39,51,18,34,189,NA,148,148,11,34,10,10,0.6,0.7
2026-10-08T1700,1808A,115.9112,29.6038,九江市,综合工业园,臭氧1小时(O3_1h),95,36,53,14,35,196,NA,163,163,26,43,12,9,0.7,0.9
2026-10-08T1700,1812A,112.3934,34.6517,洛阳市,市委党校,臭氧1小时(O3_1h),67,58,61,32,38,173,NA,133,133,11,18,21,15,0.5,0.5
2026-10-08T1700,1815A,112.494,34.6883,洛阳市,河南林校,臭氧1小时(O3_1h),58,53,64,22,32,166,NA,130,130,12,34,13,12,0.3,0.5
2026-10-08T1700,1816A,112.3843,34.623,洛阳市,开发区管委会,颗粒物(PM10),63,68,57,31,37,167,NA,134,134,14,17,19,13,0.6,0.6
2026-10-08T1700,1817A,112.4263,34.6249,洛阳市,市委新办公区,NA,NA,62,57,34,34,164,NA,129,129,12,14,NA,14,0.4,0.4
2026-10-08T1700,1819A,114.3552,36.1017,安阳市,红庙街,颗粒物(PM10),68,75,76,22,28,173,NA,155,155,9,20,2,2,0.3,0.3
2026-10-08T1700,1820A,114.361,36.0681,安阳市,银杏小区,臭氧1小时(O3_1h),70,65,82,19,32,176,NA,159,159,8,21,5,5,0.2,1
2026-10-08T1700,1824A,114.3389,34.778,开封市,肿瘤医院,颗粒物(PM10),60,63,87,27,33,150,NA,137,137,10,22,9,9,0.3,0.9
2026-10-08T1700,1826A,114.2884,34.7966,开封市,世纪星幼儿园,,48,43,66,24,32,153,NA,142,142,13,20,4,4,1.5,0.6
2026-10-08T1700,1832A,113.3257,33.7423,平顶山市,新华旅馆,颗粒物(PM10),55,57,86,25,32,162,NA,140,140,8,40,10,10,0.5,0.6
2026-10-08T1700,1833A,113.2917,33.737,平顶山市,规划设计院,,49,44,85,25,36,154,NA,131,131,10,36,9,8,0.4,0.7
2026-10-08T1700,1834A,113.182,33.7738,平顶山市,平顶山工学院,,50,41,59,21,29,159,NA,126,126,10,17,10,10,0.7,0.7
2026-10-08T1700,1835A,111.1922,34.7752,三门峡市,市政府,,46,46,40,19,16,132,NA,129,129,8,18,8,11,0.3,0.3
2026-10-08T1700,1836A,111.1588,34.794,三门峡市,开发区,,42,40,46,12,19,132,NA,127,127,13,19,8,10,0.3,0.3
2026-10-08T1700,1840A,111.2991,30.6981,宜昌市,白龙岗,臭氧1小时(O3_1h),58,44,43,29,24,166,NA,142,142,11,14,10,8,0.3,0.2
2026-10-08T1700,1842A,111.263451,30.696754,宜昌市,点军区,颗粒物(PM10),55,56,40,31,25,162,NA,130,130,13,15,7,6,0.3,0.3
2026-10-08T1700,1843A,111.3276,30.782,宜昌市,夷陵区,臭氧1小时(O3_1h),54,42,42,24,27,163,NA,136,136,13,17,10,9,0.3,0.3
2026-10-08T1700,1844A,112.2493,30.3198,荆州市,市图书馆,臭氧1小时(O3_1h),77,43,60,24,40,181,NA,171,171,18,32,10,10,0.4,0.7
2026-10-08T1700,1845A,112.2009,30.3543,荆州市,市委党校,臭氧1小时(O3_1h),82,35,60,26,39,185,NA,165,165,15,30,8,8,0.4,0.6
2026-10-08T1700,1848A,113.1494,29.425,岳阳市,城陵矶,,46,41,54,19,25,146,NA,129,129,10,31,4,6,0.5,0.6
2026-10-08T1700,1849A,113.1493,29.3575,岳阳市,开发区,,49,33,53,18,31,155,NA,142,142,11,27,8,8,0.4,0.5
2026-10-08T1700,1850A,113.2672,29.4752,岳阳市,云溪区,臭氧1小时(O3_1h),52,38,41,12,22,161,NA,142,142,14,15,10,9,0.7,0.8
2026-10-08T1700,1851A,112.9944,29.44,岳阳市,君山区,臭氧1小时(O3_1h),62,52,55,30,30,169,NA,147,147,13,19,6,7,0.4,0.6
2026-10-08T1700,1854A,111.696,28.9725,常德市,市二中,臭氧1小时(O3_1h),68,32,53,13,37,174,NA,143,143,14,20,11,11,0.5,0.7
2026-10-08T1700,1858A,110.532,29.1219,张家界市,永定新区,,37,34,39,14,24,117,NA,99,99,8,13,/,/,/,/
2026-10-08T1700,1859A,110.4696,29.1244,张家界市,电业局,,42,27,31,12,25,133,NA,115,115,6,9,1,2,0.3,0.4
2026-10-08T1700,1860A,110.5573,29.3486,张家界市,未央路,,42,21,23,18,20,132,NA,130,130,6,8,6,6,0.1,0.1
2026-10-08T1700,1864A,110.3091,25.2705,桂林市,龙隐路小学,,41,18,32,15,19,129,NA,125,125,8,13,6,8,0.6,0.7
2026-10-08T1700,1865A,110.2849361,25.22909545,桂林市,八中,,45,34,35,6,10,144,NA,128,128,8,15,6,7,0.6,0.6
2026-10-08T1700,1867A,109.1435,21.4085,北海市,海滩公园,,50,37,45,24,28,158,NA,172,172,6,11,5,12,0.3,0.3
2026-10-08T1700,1868A,109.0983,21.466,北海市,新市环保局,颗粒物(PM10),102,123,48,26,28,162,NA,157,157,29,16,2,7,0.4,0.4
2026-10-08T1700,1869A,109.1775,21.5232,北海市,北海工业园,,47,38,43,23,25,149,NA,147,147,31,17,5,13,0.5,0.5
2026-10-08T1700,1870A,109.4854,24.3898,柳州市,柳东小学,,46,21,29,14,16,147,NA,125,125,5,8,6,8,0.5,0.5
2026-10-08T1700,1871A,109.4109,24.3304,柳州市,环保监测站,NA,NA,34,53,14,26,147,NA,125,125,NA,25,11,21,0.6,0.6
2026-10-08T1700,1872A,109.3886,24.3408,柳州市,河西水厂,,46,46,64,32,30,141,NA,118,118,13,24,20,25,1.0,0.8
2026-10-08T1700,1873A,109.4263,24.2951,柳州市,市四中,,45,45,48,17,26,143,NA,126,126,6,19,8,12,0.6,0.7
2026-10-08T1700,1874A,109.396,24.3658,柳州市,市九中,,47,45,60,21,34,149,NA,125,125,13,25,16,18,1.0,0.8
2026-10-08T1700,1875A,109.4912,24.3164,柳州市,古亭山,,41,40,32,10,19,129,NA,121,121,7,26,6,6,0.5,0.6
2026-10-08T1700,1877A,109.4962,18.2682,三亚市,河西子站,,29,25,22,15,13,92,NA,98,97,6,6,4,4,0.5,0.5
2026-10-08T1700,1878A,104.7775,31.4741,绵阳市,富乐山,颗粒物(PM10),63,67,95,27,48,77,NA,74,74,10,19,12,12,0.8,0.9
2026-10-08T1700,1880A,104.6698,31.4668,绵阳市,高新区自来水公司,颗粒物(PM10),73,82,81,35,42,90,NA,69,69,21,22,10,10,0.8,0.9
2026-10-08T1700,1883A,104.6204,28.7728,宜宾市,市委,细颗粒物(PM2.5),62,54,70,41,50,96,NA,73,73,14,21,11,12,0.9,1
2026-10-08T1700,1884A,104.6056,28.7931,宜宾市,宜宾四中,细颗粒物(PM2.5),64,61,80,42,57,103,NA,79,79,9,17,9,9,0.9,1
2026-10-08T1700,1886A,104.5743,28.7199,宜宾市,黄金嘴,颗粒物(PM10),56,58,68,34,45,102,NA,73,73,8,19,9,11,0.6,0.8
2026-10-08T1700,1888A,101.6891,26.571,攀枝花市,弄弄坪,,30,30,42,11,22,93,NA,76,76,5,14,12,17,0.6,1.2
2026-10-08T1700,1889A,101.577,26.5914,攀枝花市,河门口,,38,25,41,15,22,120,NA,80,80,6,12,11,14,1.1,1.2
2026-10-08T1700,1891A,101.7365,26.4986,攀枝花市,仁和,,27,23,32,16,24,85,NA,68,68,4,11,15,13,0.9,1.3
2026-10-08T1700,1894A,105.4427,28.9063,泸州市,小市上码头,细颗粒物(PM2.5),72,64,82,46,61,120,NA,100,100,9,20,8,8,0.5,0.8
2026-10-08T1700,1895A,105.4241,28.8573,泸州市,兰田宪桥,细颗粒物(PM2.5),54,NA,78,37,53,110,NA,90,90,13,19,9,9,0.6,0.7
2026-10-08T1700,1896A,105.4378,28.8833,泸州市,市环监站,颗粒物(PM10),55,56,80,35,54,105,NA,95,95,11,16,7,8,0.8,0.9
2026-10-08T1700,1901A,104.424,31.1209,德阳市,东山公园,,45,45,58,29,55,111,NA,76,76,7,14,11,12,0.9,1.1
2026-10-08T1700,1902A,104.3827,31.1318,德阳市,西小区,颗粒物(PM10),58,61,85,29,60,113,NA,92,92,11,23,10,11,0.5,0.7
2026-10-08T1700,1904A,104.3553,31.1091,德阳市,耐火材料厂,颗粒物(PM10),59,62,86,30,64,110,NA,80,80,8,20,3,4,0.8,1
2026-10-08T1700,1906A,106.0791,30.8022,南充市,南充市委,,36,36,68,20,41,95,NA,74,74,8,18,7,7,0.5,0.5
2026-10-08T1700,1907A,106.1038,30.8215,南充市,南充炼油厂,,33,30,72,20,45,104,NA,79,79,10,26,8,8,0.3,0.5
2026-10-08T1700,1911A,106.9218,27.6872,遵义市,丁字口,,40,37,38,24,20,125,NA,107,107,9,15,12,9,0.6,0.7
2026-10-08T1700,1912A,106.9241,27.7044,遵义市,凤凰山,,43,36,29,18,14,135,NA,111,111,7,12,11,8,0.5,0.5
2026-10-08T1700,1913A,106.8895,27.648,遵义市,忠庄,,40,38,28,18,17,128,NA,103,103,6,8,11,6,0.5,0.5
2026-10-08T1700,1915A,106.9225,27.7253,遵义市,干田坝,,41,27,29,20,18,130,NA,113,113,6,13,11,8,0.5,0.6
2026-10-08T1700,1916A,103.7897,25.5036,曲靖市,环境监测站,,42,19,29,15,18,133,NA,100,100,8,15,7,10,0.4,0.5
2026-10-08T1700,1917A,103.8013,25.5357,曲靖市,烟厂办公区,NA,NA,25,33,10,16,129,NA,96,96,NA,13,NA,5,0.5,0.7
2026-10-08T1700,1919A,108.6726,34.315,咸阳市,实验中学,颗粒物(PM10),62,66,77,28,47,165,NA,130,130,14,29,7,8,0.7,0.9
2026-10-08T1700,1920A,108.7226,34.3622,咸阳市,师范学院,臭氧1小时(O3_1h),93,68,74,35,47,194,NA,143,143,17,28,10,10,0.6,0.7
2026-10-08T1700,1923A,109.0696,35.0699,铜川市,王益区政府,,46,42,37,32,21,137,NA,118,118,13,15,6,4,0.4,0.4
2026-10-08T1700,1924A,108.9345,34.9059,铜川市,新区管委会,细颗粒物(PM2.5),56,47,44,38,24,144,NA,121,121,14,21,6,5,0.2,0.3
2026-10-08T1700,1927A,109.4569,36.6161,延安市,延大医附院,,32,26,33,12,16,100,NA,83,83,7,21,5,5,0.6,0.7
2026-10-08T1700,1929A,109.5053,36.6105,延安市,百米大道,,30,24,37,12,20,95,NA,76,76,8,26,3,2,0.3,0.5
2026-10-08T1700,1931A,107.0802,34.3129,宝鸡市,竹园沟,颗粒物(PM10),54,55,40,34,29,155,NA,111,111,20,14,7,5,0.3,0.3
2026-10-08T1700,1933A,107.1429,34.3549,宝鸡市,监测站,NA,NA,58,51,37,37,143,NA,131,131,19,20,4,3,NA,0.7
2026-10-08T1700,1934A,107.1172,34.3759,宝鸡市,技工学校,NA,NA,77,54,13,54,141,NA,114,114,17,16,7,6,NA,0.7
2026-10-08T1700,1936A,107.2025,34.3518,宝鸡市,文理学院,颗粒物(PM10),54,55,52,30,35,146,NA,117,117,14,18,6,6,0.5,0.5
2026-10-08T1700,1937A,107.2396,34.3626,宝鸡市,三迪小学,颗粒物(PM10),65,71,57,37,38,148,NA,114,114,22,25,5,5,0.6,0.7
2026-10-08T1700,1940A,109.4605,34.4927,渭南市,体育馆,颗粒物(PM10),72,80,79,45,43,167,NA,130,130,14,34,8,7,0.3,0.5
2026-10-08T1700,1941A,109.4257,34.5067,渭南市,高新一小,颗粒物(PM10),79,90,76,47,43,161,NA,129,129,12,23,6,6,0.3,0.4
2026-10-08T1700,1944A,102.1691,38.5166,金昌市,天庆家园,,33,31,52,8,13,104,NA,98,98,3,12,3,4,0.0,0.2
2026-10-08T1700,1945A,98.291,39.7705,嘉峪关市,气象局,颗粒物(PM10),53,53,52,19,14,96,NA,89,89,22,25,6,18,0.7,0.9
2026-10-08T1700,1948A,106.3668,39.0145,石嘴山市,大武口朝阳西街,颗粒物(PM10),60,64,84,21,37,145,NA,108,108,16,40,14,29,0.6,0.9
2026-10-08T1700,1949A,106.7713,39.2278,石嘴山市,惠农南大街,颗粒物(PM10),69,76,86,34,34,118,NA,110,110,10,22,18,24,0.6,0.8
2026-10-08T1700,1950A,106.7074,39.1332,石嘴山市,红果子镇惠新街,颗粒物(PM10),80,92,103,38,43,155,NA,115,115,24,26,30,10,1.2,0.6
2026-10-08T1700,1951A,84.886,45.6029,克拉玛依市,长征新村,,31,31,20,2,8,82,NA,70,70,6,9,3,3,0.3,0.3
2026-10-08T1700,1952A,84.8894,45.5827,克拉玛依市,南林小区,,27,21,18,0,0,84,NA,73,73,6,7,7,7,0.3,0.3
2026-10-08T1700,1954A,84.896,44.3328,克拉玛依市,独山子区,,26,26,44,5,9,78,NA,65,65,5,12,4,4,0.3,0.4
2026-10-08T1700,1955A,85.6888,46.0909,克拉玛依市,乌尔禾区商贸楼,,26,16,23,10,7,82,NA,68,68,6,7,2,2,0.3,0.3
2026-10-08T1700,1956A,86.1476,41.7529,巴音郭楞蒙古自治州,孔雀公园,,31,30,48,8,13,98,NA,67,67,4,25,3,3,0.1,0.2
2026-10-08T1700,1957A,86.1971,41.7166,巴音郭楞蒙古自治州,棉纺厂,,33,33,51,6,12,93,NA,72,72,2,28,/,/,/,/
2026-10-08T1700,1958A,86.236,41.7172,巴音郭楞蒙古自治州,经济开发区,,30,27,35,4,11,96,NA,79,79,4,16,4,3,0.2,0.2
2026-10-08T1700,1961A,117.5323,36.6865,济南市,东山小学,臭氧1小时(O3_1h),97,61,61,19,29,197,NA,177,177,9,17,8,10,0.4,0.5
2026-10-08T1700,1982A,122.0693,37.2175,威海市,文登开发区,,39,14,22,1,9,123,NA,116,116,7,13,/,/,/,/
2026-10-08T1700,2031A,113.1836,27.9959,株洲市,云田中学,,50,26,35,17,24,160,NA,142,142,7,16,11,11,0.4,0.4
2026-10-08T1700,2054A,114.1096,32.1059,信阳市,平桥分局,,48,31,38,26,20,153,NA,144,144,9,13,8,8,0.3,0.4
2026-10-08T1700,2064A,113.9956,32.1272,信阳市,南湾水厂,,37,37,37,18,17,118,NA,106,106,7,8,8,7,0.5,0.6
2026-10-08T1700,2065A,114.078,32.1194,信阳市,市酿酒公司,,40,33,39,18,18,128,NA,132,132,18,13,7,7,0.5,0.6
2026-10-08T1700,2066A,114.0712,32.1393,信阳市,审计局,臭氧1小时(O3_1h),53,36,39,15,21,162,NA,144,144,6,11,9,7,0.2,0.3
2026-10-08T1700,2068A,114.6755,33.6347,周口市,周口师范,臭氧1小时(O3_1h),58,49,49,20,20,166,NA,147,147,11,18,4,4,0.4,0.4
2026-10-08T1700,2160A,112.8496,35.5051,晋城市,自来水公司,,49,49,61,21,24,150,NA,126,126,8,27,13,10,0.6,0.8
2026-10-08T1700,2162A,112.8509,35.4886,晋城市,市环保局,颗粒物(PM10),53,54,64,9,27,155,NA,129,129,4,24,10,6,0.6,0.9
2026-10-08T1700,2166A,112.4399,39.3521,朔州市,平朔,,44,35,68,12,20,140,NA,124,124,10,21,6,10,0.3,0.4
2026-10-08T1700,2167A,112.4574,39.362,朔州市,朔唯,,49,42,68,23,20,155,NA,137,137,5,23,8,12,/,/
2026-10-08T1700,2168A,112.426,39.3199,朔州市,区政府,,45,30,49,12,19,143,NA,123,123,8,17,4,4,0.5,0.6
2026-10-08T1700,2169A,112.4075,39.3277,朔州市,市环保局,,47,37,55,18,23,150,NA,129,129,8,20,4,8,/,/
2026-10-08T1700,2170A,112.4273,39.3682,朔州市,市二中,,49,43,71,10,22,155,NA,134,134,14,34,7,9,/,/
2026-10-08T1700,2174A,112.6992,37.6984,晋中市,榆次区政府,臭氧1小时(O3_1h),79,70,79,41,44,183,NA,148,148,13,30,14,13,0.6,0.9
2026-10-08T1700,2175A,110.996,35.0148,运城市,运城中学,,39,27,38,7,13,123,NA,116,116,6,13,7,9,0.4,0.5
2026-10-08T1700,2178A,110.9685,35.0305,运城市,地区技校,,37,35,35,16,13,118,NA,118,118,6,12,5,8,0.5,0.6
2026-10-08T1700,2181A,112.7313,38.457,忻州市,开发区,,49,41,53,32,31,155,NA,131,131,17,33,11,12,0.5,0.7
2026-10-08T1700,2182A,112.7023,38.4932,忻州市,会展中心,,49,44,56,26,33,154,NA,136,136,16,30,10,11,0.6,0.8
2026-10-08T1700,2183A,111.1447,37.5212,吕梁市,环保局,,37,27,44,8,13,116,NA,100,100,9,32,2,6,0.5,0.6
2026-10-08T1700,2185A,111.1285,37.5338,吕梁市,自来水公司,,38,24,51,4,16,120,NA,103,103,12,26,3,8,0.4,0.4
2026-10-08T1700,2187A,106.8172,39.6972,乌海市,市林业局,,39,39,73,16,27,115,NA,107,107,4,25,2,23,0.2,0.6
2026-10-08T1700,2188A,106.7907,39.6666,乌海市,中海勃湾学校,,40,40,65,9,24,117,NA,111,111,4,28,8,26,0.3,0.7
2026-10-08T1700,2191A,122.253,43.6801,通辽市,艺术职业学校,,49,49,49,19,21,76,NA,75,65,9,17,10,11,0.5,0.6
2026-10-08T1700,2195A,107.4206,40.7609,巴彦淖尔市,附二中,颗粒物(PM10),68,74,86,30,37,136,NA,111,111,11,23,11,12,0.6,0.7
2026-10-08T1700,2196A,107.37,40.7372,巴彦淖尔市,市环保大楼,颗粒物(PM10),61,65,77,19,25,117,NA,109,109,8,19,5,6,0.5,0.6
2026-10-08T1700,2197A,113.1306,40.9924,乌兰察布市,集宁新区,,45,23,37,6,16,143,NA,134,134,5,20,3,6,0.3,0.4
2026-10-08T1700,2202A,116.1048,43.9318,锡林郭勒盟,市环保监测站,颗粒物(PM10),78,89,48,18,15,85,NA,85,85,24,19,7,4,0.4,0.3
2026-10-08T1700,2203A,116.0778,43.9312,锡林郭勒盟,市政府,颗粒物(PM10),55,56,40,17,14,88,NA,84,84,20,23,4,3,0.3,0.3
2026-10-08T1700,2205A,105.699,38.8409,阿拉善盟,蒙二幼,,38,35,47,5,12,120,NA,111,111,3,7,7,7,0.2,0.3
2026-10-08T1700,2206A,105.7198,38.8508,阿拉善盟,环保局新楼,,36,30,40,7,10,113,NA,106,106,3,5,9,9,0.4,0.5
2026-10-08T1700,2207A,121.6095,41.9978,阜新市,工业园区,颗粒物(PM10),72,80,77,17,38,164,NA,152,152,20,34,16,17,0.9,0.9
2026-10-08T1700,2208A,121.6567,42.0188,阜新市,长青街,颗粒物(PM10),56,58,59,16,33,132,NA,154,154,22,33,9,11,0.7,0.8
2026-10-08T1700,2209A,121.6672,42.07,阜新市,农业园区,颗粒物(PM10),66,72,56,16,29,159,NA,162,162,21,22,9,12,0.5,0.6
2026-10-08T1700,2211A,121.6343,42.0455,阜新市,玉龙新城,臭氧1小时(O3_1h),72,72,66,18,26,177,NA,164,164,23,41,14,12,0.6,0.7
2026-10-08T1700,2212A,123.1978,41.2036,辽阳市,宏伟区,臭氧1小时(O3_1h),57,52,28,23,14,165,NA,166,166,16,10,14,11,0.7,0.5
2026-10-08T1700,2213A,123.1684,41.2497,辽阳市,新华园,颗粒物(PM10),68,75,51,26,17,153,NA,150,150,27,20,12,12,0.6,0.6
2026-10-08T1700,2214A,123.2355,41.2663,辽阳市,滨河路,NA,NA,NA,42,22,17,158,NA,148,148,16,16,NA,11,0.8,0.8
2026-10-08T1700,2217A,123.865,42.292,铁岭市,水上乐园,颗粒物(PM10),60,63,48,14,14,165,NA,151,151,16,21,12,12,0.4,0.5
2026-10-08T1700,2219A,123.7158,42.2218,铁岭市,金沙江路北,颗粒物(PM10),65,70,49,18,16,165,NA,150,150,14,24,13,13,0.5,0.7
2026-10-08T1700,2220A,120.4318,41.588,朝阳市,西梁,,50,50,57,19,23,150,NA,148,148,11,20,8,8,0.5,0.7
2026-10-08T1700,2221A,120.452,41.565,朝阳市,河畔小区,,49,47,48,18,18,156,NA,154,154,13,14,11,11,0.6,0.7
2026-10-08T1700,2222A,120.4176,41.5648,朝阳市,八里堡,颗粒物(PM10),56,58,56,22,22,157,NA,159,159,13,22,11,11,0.6,0.7
2026-10-08T1700,2226A,124.3744,43.1842,四平市,境园,颗粒物(PM10),53,54,45,27,23,104,NA,132,132,12,22,6,8,0.4,0.5
2026-10-08T1700,2227A,125.1359,42.8845,辽源市,环保局,颗粒物(PM10),69,76,55,23,28,174,NA,158,158,15,29,9,7,0.7,0.8
2026-10-08T1700,2229A,125.9359,41.7174,通化市,光明,,37,33,33,8,13,116,NA,107,107,11,19,11,10,0.5,0.6
2026-10-08T1700,2230A,125.9446,41.7323,通化市,铁路,,37,28,27,7,11,116,NA,107,107,15,20,10,10,0.5,0.6
2026-10-08T1700,2231A,126.4219,41.9172,白山市,喜丰,,45,29,61,12,16,141,NA,124,124,9,30,12,10,0.8,0.9
2026-10-08T1700,2232A,126.4082,41.9416,白山市,环保局,,41,37,36,11,14,131,NA,124,124,8,16,7,6,0.5,0.4
2026-10-08T1700,2233A,124.8007,45.1213,松原市,江南,,38,38,51,17,26,67,NA,60,60,9,18,1,1,0.3,0.4
2026-10-08T1700,2234A,124.7967,45.1721,松原市,江北,,29,29,48,18,19,68,NA,57,57,7,20,1,1,0.3,0.4
2026-10-08T1700,2235A,122.7909,45.608,白城市,洮北区环保局,,24,24,28,13,10,54,NA,56,56,13,9,3,5,0.4,0.3
2026-10-08T1700,2236A,122.8741,45.5725,白城市,市环保局,,34,34,31,14,11,60,NA,57,57,10,11,5,4,0.3,0.3
2026-10-08T1700,2237A,129.4704,42.8885,延边朝鲜族自治州,妇幼医院,,36,36,22,12,8,60,NA,75,75,23,12,9,8,0.6,0.5
2026-10-08T1700,2238A,129.5047,42.9117,延边朝鲜族自治州,延边医院,颗粒物(PM10),57,59,31,15,20,69,NA,75,75,20,19,6,6,0.7,0.7
2026-10-08T1700,2239A,129.395,42.8884,延边朝鲜族自治州,朝阳川镇医院,颗粒物(PM10),63,68,26,13,10,48,NA,76,76,35,15,12,11,0.7,0.7
2026-10-08T1700,2240A,130.9618,45.2926,鸡西市,环保局,,19,19,38,12,9,42,NA,46,46,13,18,6,7,0.3,0.3
2026-10-08T1700,2243A,130.9294,45.2959,鸡西市,第一中学,NA,NA,21,37,7,8,46,NA,47,47,14,20,3,3,NA,0.3
2026-10-08T1700,2244A,130.2537,47.3416,鹤岗市,哈啤分公司,,29,29,24,10,4,53,NA,74,71,16,6,9,9,0.4,0.4
2026-10-08T1700,2245A,130.2683,47.3087,鹤岗市,斯达机电,,49,49,27,9,5,32,NA,53,49,19,10,4,3,0.2,0.2
2026-10-08T1700,2246A,130.3114,47.3388,鹤岗市,东山纸板厂,,31,31,51,8,7,30,NA,55,50,22,13,5,5,0.7,0.5
2026-10-08T1700,2248A,131.1509,46.6936,双鸭山市,双合村,,31,31,24,12,10,45,NA,60,60,15,11,10,10,0.1,0.2
2026-10-08T1700,2249A,131.1651,46.6191,双鸭山市,南小市,,15,14,20,6,11,48,NA,54,54,12,14,6,6,0.1,0.1
2026-10-08T1700,2250A,131.1526,46.6554,双鸭山市,环保局,颗粒物(PM10),51,51,38,12,11,44,NA,52,52,16,15,4,5,0.1,0.1
2026-10-08T1700,2252A,128.8663,47.7199,伊春市,环保局,,23,23,24,11,6,45,NA,58,57,13,9,1,2,0.6,0.4
2026-10-08T1700,2253A,128.9014,47.732,伊春市,电力嘉园,,25,25,21,10,5,43,NA,56,56,18,10,3,3,0.5,0.4
2026-10-08T1700,2255A,130.2749,46.8028,佳木斯市,佳纺,,21,21,31,7,9,43,NA,49,49,12,16,1,2,0.2,0.2
2026-10-08T1700,2257A,130.3258,46.7975,佳木斯市,环保局,,15,9,27,4,7,45,NA,54,52,16,18,1,2,0.3,0.3
2026-10-08T1700,2263A,127.4832,50.2524,黑河市,交通局,,31,31,20,10,7,28,NA,47,46,34,14,6,6,0.2,0.2
2026-10-08T1700,2264A,127.5146,50.2339,黑河市,环保局,,16,14,16,10,7,49,NA,51,51,11,10,5,5,0.2,0.1
2026-10-08T1700,2266A,126.9783,46.6365,绥化市,人和东街,,34,34,37,9,9,43,NA,47,47,12,9,2,2,0.5,0.7
2026-10-08T1700,2267A,126.964,46.6527,绥化市,党政办公中心,,30,30,29,20,12,50,NA,53,53,14,11,7,8,0.7,0.6
2026-10-08T1700,2269A,124.1068,50.4091,大兴安岭地区,科技局,,20,20,25,7,8,61,NA,54,54,3,6,4,4,0.4,0.4
2026-10-08T1700,2270A,117.396,32.9389,蚌埠市,工人疗养院,NA,NA,NA,53,NA,29,183,NA,170,170,16,20,9,9,0.5,0.5
2026-10-08T1700,2271A,117.3606,32.9428,蚌埠市,百货大楼,臭氧1小时(O3_1h),80,48,59,17,31,184,NA,175,175,18,30,13,13,0.6,0.7
2026-10-08T1700,2273A,117.4183,32.8909,蚌埠市,蚌埠学院,臭氧1小时(O3_1h),85,46,53,19,29,188,NA,174,174,16,24,8,8,0.3,0.3
2026-10-08T1700,2274A,117.3534,32.9672,蚌埠市,淮上区政府,臭氧1小时(O3_1h),73,53,63,18,34,178,NA,168,168,17,36,7,8,0.4,0.5
2026-10-08T1700,2275A,117.3143,32.8977,蚌埠市,高新区,臭氧1小时(O3_1h),77,53,55,20,33,181,NA,165,165,17,25,7,7,0.4,0.4
2026-10-08T1700,2277A,116.8304,32.7726,淮南市,潘集区政府,臭氧1小时(O3_1h),98,49,71,22,36,198,NA,182,182,18,26,12,13,0.6,0.5
2026-10-08T1700,2279A,116.8569,32.5949,淮南市,谢家集区政府,臭氧1小时(O3_1h),100,50,50,18,27,200,NA,185,185,13,17,8,13,0.4,0.4
2026-10-08T1700,2280A,116.8279,32.6333,淮南市,八公山区政府,臭氧1小时(O3_1h),94,50,48,20,28,195,NA,181,181,13,16,10,10,0.5,0.4
2026-10-08T1700,2282A,116.8005,33.9749,淮北市,监测站,臭氧1小时(O3_1h),65,62,63,38,34,172,NA,158,158,20,23,8,9,0.6,0.6
2026-10-08T1700,2283A,116.8094,33.9008,淮北市,烈山区政府,臭氧1小时(O3_1h),87,55,72,18,35,189,NA,166,166,12,24,6,9,0.4,0.4
2026-10-08T1700,2285A,117.8176,30.9412,铜陵市,市第四中学,臭氧1小时(O3_1h),70,50,48,28,22,176,NA,148,148,16,16,16,10,0.7,0.7
2026-10-08T1700,2287A,117.7806,30.9413,铜陵市,市新民污水厂,臭氧1小时(O3_1h),54,47,64,21,25,163,NA,136,136,13,25,9,8,0.5,0.5
2026-10-08T1700,2289A,117.846,30.9414,铜陵市,车站新区,臭氧1小时(O3_1h),78,40,39,21,22,182,NA,151,151,16,21,16,10,0.7,0.6
2026-10-08T1700,2290A,117.8472,30.9699,铜陵市,市职教基地,臭氧1小时(O3_1h),80,43,49,23,24,184,NA,159,159,14,16,11,7,0.5,0.4
2026-10-08T1700,2291A,117.0806,30.5181,安庆市,环科院,臭氧1小时(O3_1h),62,28,47,13,23,169,NA,145,145,17,19,8,9,0.5,0.6
2026-10-08T1700,2292A,117.0331,30.5118,安庆市,马山宾馆,臭氧1小时(O3_1h),73,25,46,13,26,178,NA,148,148,17,21,7,8,0.4,0.7
2026-10-08T1700,2294A,116.9897,30.6146,安庆市,安庆大学,臭氧1小时(O3_1h),73,34,46,18,28,178,NA,148,148,13,15,8,7,0.4,0.6
2026-10-08T1700,2295A,118.2905,29.6965,黄山市,延安路89号,,46,29,27,12,15,146,NA,126,126,5,7,5,4,0.1,0.1
2026-10-08T1700,2297A,118.1369,30.2755,黄山市,黄山区政府5号楼,,39,23,25,8,16,123,NA,120,120,7,5,4,4,0.1,0.2
2026-10-08T1700,2301A,115.8276,32.8929,阜阳市,市监测站,臭氧1小时(O3_1h),85,60,71,18,37,188,NA,164,164,12,24,10,10,0.3,0.4
2026-10-08T1700,2303A,115.8551,32.8606,阜阳市,开发区,臭氧1小时(O3_1h),79,60,69,16,30,183,NA,162,162,18,27,8,8,0.4,0.6
2026-10-08T1700,2307A,116.5078,31.7369,六安市,监测大楼,,45,24,34,11,22,144,NA,138,138,10,17,4,5,0.3,0.4
2026-10-08T1700,2308A,116.4738,31.7642,六安市,皖西学院,NA,NA,NA,37,NA,26,166,NA,154,154,10,15,8,8,0.2,0.3
2026-10-08T1700,2309A,116.4997,31.7904,六安市,朝阳厂,,41,31,39,11,23,130,NA,123,123,10,16,1,2,0.1,0.2
2026-10-08T1700,2310A,116.5566,31.7885,六安市,开发区,臭氧1小时(O3_1h),55,38,61,0,21,164,NA,161,161,11,22,6,7,0.2,0.3
2026-10-08T1700,2311A,115.8071,33.8399,亳州市,污水处理厂,臭氧1小时(O3_1h),60,46,53,14,26,168,NA,150,150,13,19,7,9,0.3,0.3
2026-10-08T1700,2312A,115.7789,33.8519,亳州市,三国揽胜宫,臭氧1小时(O3_1h),59,45,56,17,28,167,NA,148,148,12,19,7,9,0.5,0.5
2026-10-08T1700,2314A,117.4698,30.6617,池州市,池州学院,,46,31,39,18,24,146,NA,132,132,14,20,6,6,0.5,0.5
2026-10-08T1700,2316A,118.7578,30.9457,宣城市,鳌峰子站,臭氧1小时(O3_1h),69,49,47,18,23,175,NA,156,156,8,17,7,8,0.4,0.8
2026-10-08T1700,2317A,118.7384,30.9745,宣城市,敬亭山子站,臭氧1小时(O3_1h),62,40,40,23,24,169,NA,153,153,13,11,3,3,0.4,0.4
2026-10-08T1700,2318A,118.7172,30.9428,宣城市,开发区子站,NA,NA,41,42,23,27,186,NA,160,160,NA,16,6,6,0.7,0.7
2026-10-08T1700,2319A,119.0142,25.4324,莆田市,荔城区仓后路,,38,33,30,12,12,119,NA,121,120,7,7,/,/,/,/
2026-10-08T1700,2320A,119.0016,25.4553,莆田市,莆田市监测站,,38,26,26,11,11,119,NA,126,122,7,7,5,6,0.4,0.4
2026-10-08T1700,2321A,119.112,25.4561,莆田市,涵江区六中,,31,30,34,14,13,97,NA,118,99,5,6,/,/,0.5,0.5
2026-10-08T1700,2322A,119.1014,25.3215,莆田市,秀屿区政府,,39,39,34,14,15,116,NA,116,116,9,9,12,10,0.6,0.7
2026-10-08T1700,2324A,117.621,26.2626,三明市,三钢,,38,20,24,12,17,121,NA,122,122,7,14,6,6,0.4,0.5
2026-10-08T1700,2325A,117.6352,26.2714,三明市,三明二中,,38,31,28,11,16,120,NA,120,120,6,12,6,7,0.4,0.5
2026-10-08T1700,2326A,117.6028,26.2377,三明市,三元区政府,,38,25,32,11,20,121,NA,122,122,6,20,2,3,0.4,0.7
2026-10-08T1700,2332A,118.1682,26.6371,南平市,南平市监测站,,36,16,26,7,15,115,NA,116,116,4,11,4,6,0.4,0.5
2026-10-08T1700,2334A,118.1757,26.6276,南平市,南平七中,,37,24,28,8,16,116,NA,118,118,4,11,4,5,0.2,0.6
2026-10-08T1700,2336A,117.022,25.1031,龙岩市,龙岩市监测站,,40,18,28,8,18,126,NA,130,130,8,12,8,11,0.3,0.5
2026-10-08T1700,2337A,117.0257,25.0662,龙岩市,闽西职业技术学院,,40,22,32,9,15,128,NA,132,132,5,8,9,9,0.4,0.5
2026-10-08T1700,2338A,117.0195,25.0306,龙岩市,龙岩学院,,40,23,27,10,16,128,NA,129,129,4,8,9,8,/,/
2026-10-08T1700,2341A,119.5387,26.6611,宁德市,宁德市监测站,,38,20,33,13,19,120,NA,124,124,6,8,5,6,0.6,0.7
2026-10-08T1700,2343A,117.2114,29.2931,景德镇市,老干部活动中心,NA,NA,29,27,16,16,151,NA,139,139,NA,2,5,4,0.6,0.6
2026-10-08T1700,2344A,117.1893,29.2789,景德镇市,兽医站,,48,31,30,16,15,152,NA,139,139,6,10,4,4,0.5,0.5
2026-10-08T1700,2346A,117.246,29.2958,景德镇市,陶研所,,45,21,24,18,16,142,NA,132,132,3,10,5,4,0.4,0.5
2026-10-08T1700,2348A,113.8384,27.6436,萍乡市,中医院,,47,30,39,11,22,148,NA,137,137,14,23,9,10,0.7,0.8
2026-10-08T1700,2350A,113.8677,27.6438,萍乡市,市环保局,,50,33,43,22,25,159,NA,143,143,7,21,10,12,0.2,0.5
2026-10-08T1700,2351A,113.8663,27.6202,萍乡市,安源区政府,,49,NA,40,25,25,154,NA,141,141,8,16,9,10,0.6,0.9
2026-10-08T1700,2353A,114.9887,27.8433,新余市,飞宇,臭氧1小时(O3_1h),84,35,44,18,26,187,NA,158,158,15,25,11,16,0.6,0.7
2026-10-08T1700,2354A,114.9234,27.8248,新余市,第二水厂,臭氧1小时(O3_1h),53,41,50,17,23,162,NA,145,145,17,29,10,12,0.4,0.4
2026-10-08T1700,2355A,114.931,27.8037,新余市,市气象局,臭氧1小时(O3_1h),52,37,46,32,30,161,NA,144,144,10,17,10,12,0.8,0.8
2026-10-08T1700,2358A,117.0561,28.2641,鹰潭市,新监测站,,50,21,42,16,25,158,NA,154,154,5,12,4,8,0.3,0.5
2026-10-08T1700,2359A,117.0312,28.2474,鹰潭市,财苑宾馆,臭氧1小时(O3_1h),55,24,41,16,22,164,NA,159,159,2,7,7,10,/,/
2026-10-08T1700,2360A,117.0221,28.2263,鹰潭市,体育馆,,48,26,39,24,23,153,NA,146,146,2,16,7,10,0.3,0.5
2026-10-08T1700,2363A,114.9368,25.8663,赣州市,地委,,45,NA,40,26,23,142,NA,126,126,8,10,6,6,0.9,0.9
2026-10-08T1700,2364A,114.946,25.8483,赣州市,气象台,,40,28,35,17,21,128,NA,129,129,8,11,6,7,0.3,0.3
2026-10-08T1700,2365A,114.932,25.8332,赣州市,市图书馆,,45,27,35,18,25,141,NA,134,134,7,13,4,4,1.5,1.3
2026-10-08T1700,2366A,114.8905,25.8472,赣州市,华坚鞋城,,41,37,41,22,27,131,NA,124,124,11,15,1,2,0.4,0.5
2026-10-08T1700,2367A,114.9753,27.0803,吉安市,红声器材厂,,44,35,44,18,24,138,NA,128,128,12,19,8,15,0.3,0.3
2026-10-08T1700,2369A,114.9903,27.1313,吉安市,市环境监测站,,48,38,41,25,21,153,NA,136,136,12,16,7,7,/,/
2026-10-08T1700,2370A,115.009527,27.096792,吉安市,青原区法院,,48,31,42,25,24,151,NA,136,136,7,16,10,9,0.2,0.3
2026-10-08T1700,2373A,114.3954,27.7843,宜春市,市石油公司,,50,34,37,24,20,159,NA,137,137,12,13,5,4,0.5,0.6
2026-10-08T1700,2374A,114.37,27.7916,宜春市,市气象局,,49,31,35,25,18,156,NA,137,137,14,14,1,3,0.5,0.6
2026-10-08T1700,2375A,114.401,27.8059,宜春市,市广电局,,45,36,41,20,22,141,NA,120,120,12,16,7,7,0.4,0.4
2026-10-08T1700,2377A,116.3544,27.9833,抚州市,市站,,42,30,42,15,23,132,NA,119,119,2,7,5,8,0.5,0.5
2026-10-08T1700,2378A,116.3562,27.9631,抚州市,血防站,,44,26,44,17,25,139,NA,127,127,5,14,5,6,0.4,0.4
2026-10-08T1700,2379A,116.3561,28.0007,抚州市,采茶剧团,,47,30,42,20,21,149,NA,138,138,2,7,1,4,0.4,0.5
2026-10-08T1700,2380A,116.3854,27.9648,抚州市,医学分院,,45,27,40,14,23,144,NA,129,129,2,8,4,4,0.5,0.6
2026-10-08T1700,2382A,117.9758,28.4439,上饶市,市监测站,臭氧1小时(O3_1h),59,33,43,12,24,167,NA,164,164,2,5,2,3,/,/
2026-10-08T1700,2383A,117.9521,28.4637,上饶市,凤凰光学,,47,27,43,11,24,148,NA,133,133,2,12,4,5,0.1,0.2
2026-10-08T1700,2385A,114.17,35.9019,鹤壁市,市监测站,臭氧1小时(O3_1h),65,69,60,19,25,172,NA,153,153,10,15,8,7,0.6,0.6
2026-10-08T1700,2386A,114.2953,35.7512,鹤壁市,市交警支队,颗粒物(PM10),56,58,87,22,32,158,NA,141,141,13,30,6,6,0.5,0.6
2026-10-08T1700,2387A,114.2877,35.7302,鹤壁市,迎宾馆,颗粒物(PM10),65,70,99,25,32,168,NA,151,151,12,26,7,6,0.6,0.6
2026-10-08T1700,2389A,113.836,35.3104,新乡市,环保西院,臭氧1小时(O3_1h),72,58,81,19,32,177,NA,154,154,10,26,11,11,0.5,0.6
2026-10-08T1700,2390A,113.8847,35.2724,新乡市,开发区,臭氧1小时(O3_1h),63,45,70,12,25,170,NA,147,147,12,24,9,9,0.5,0.5
2026-10-08T1700,2391A,113.8836,35.3028,新乡市,环保东院,臭氧1小时(O3_1h),62,42,66,14,27,169,NA,147,147,9,22,8,8,0.4,0.5
2026-10-08T1700,2392A,115.0312,35.7636,濮阳市,环保局,臭氧1小时(O3_1h),60,52,67,12,27,168,NA,148,148,10,19,5,6,0.4,0.5
2026-10-08T1700,2398A,113.7904,33.9949,许昌市,开发区,,49,34,68,21,29,155,NA,135,135,9,36,7,7,0.4,0.5
2026-10-08T1700,2399A,114.051,33.5721,漯河市,三五一五工厂,臭氧1小时(O3_1h),63,38,67,27,28,170,NA,149,149,15,27,8,8,0.3,0.5
2026-10-08T1700,2400A,114.0055,33.5698,漯河市,漯河大学,臭氧1小时(O3_1h),59,50,64,18,24,167,NA,149,149,15,22,8,9,0.4,0.5
2026-10-08T1700,2401A,114.0134,33.5826,漯河市,市水利局,臭氧1小时(O3_1h),63,44,58,23,24,170,NA,154,154,12,18,11,11,0.4,0.4
2026-10-08T1700,2402A,114.0261,33.5697,漯河市,市广电局,臭氧1小时(O3_1h),67,46,57,24,26,173,NA,151,151,8,18,5,6,0.3,0.4
2026-10-08T1700,2404A,112.5338,33.0086,南阳市,瓦房庄,臭氧1小时(O3_1h),70,62,64,19,23,176,NA,150,150,14,26,9,8,0.4,0.9
2026-10-08T1700,2405A,112.5002,32.9734,南阳市,汉画馆,颗粒物(PM10),64,69,64,21,26,170,NA,145,145,15,28,9,8,0.4,0.5
2026-10-08T1700,2406A,112.5778,33.0144,南阳市,气象站,臭氧1小时(O3_1h),67,67,60,13,21,173,NA,144,144,12,24,10,9,0.7,0.7
2026-10-08T1700,2407A,112.548,32.9687,南阳市,理工学院,臭氧1小时(O3_1h),73,63,60,20,25,178,NA,149,149,13,27,10,10,0.5,0.5
2026-10-08T1700,2408A,115.6701,34.4283,商丘市,环境监测站,臭氧1小时(O3_1h),69,54,52,20,25,175,NA,157,157,10,15,7,6,0.3,0.3
2026-10-08T1700,2409A,115.6458,34.4047,商丘市,粮食局,臭氧1小时(O3_1h),63,43,42,20,23,170,NA,153,153,20,24,9,8,0.4,0.4
2026-10-08T1700,2420A,114.0194,32.9648,驻马店市,市一纸厂,,47,30,53,13,20,149,NA,142,142,9,23,4,6,0.3,0.4
2026-10-08T1700,2421A,114.0112,33.0149,驻马店市,市彩印厂,颗粒物(PM10),51,51,58,23,22,152,NA,148,148,5,14,4,6,0.3,0.4
2026-10-08T1700,2423A,115.0547,30.2332,黄石市,沈家营,臭氧1小时(O3_1h),70,33,48,20,31,176,NA,149,149,13,22,10,9,0.4,0.4
2026-10-08T1700,2426A,114.899,30.211,黄石市,铁山,臭氧1小时(O3_1h),62,29,37,20,21,169,NA,146,146,9,13,10,9,0.3,0.4
2026-10-08T1700,2427A,115.0259,30.2108,黄石市,团城山,臭氧1小时(O3_1h),69,46,51,19,27,175,NA,152,152,13,18,15,12,0.6,0.5
2026-10-08T1700,2429A,110.78,32.6494,十堰市,滨河新村,,43,34,38,20,20,136,NA,112,112,7,18,/,/,0.6,0.7
2026-10-08T1700,2430A,110.7305,32.6408,十堰市,刘家沟,,42,42,33,24,16,133,NA,116,116,8,10,/,/,/,/
2026-10-08T1700,2431A,110.8843,32.5712,十堰市,铁二处,NA,NA,35,35,24,18,125,NA,109,109,NA,14,9,7,0.7,0.6
2026-10-08T1700,2432A,112.1555,32.0197,襄阳市,襄城运动路,臭氧1小时(O3_1h),52,42,62,19,31,161,NA,158,158,14,19,9,11,0.4,0.5
2026-10-08T1700,2434A,112.1829,32.1146,襄阳市,高新管委会,臭氧1小时(O3_1h),52,37,57,24,31,161,NA,156,156,7,14,9,9,0.4,0.5
2026-10-08T1700,2435A,112.2105,32.0903,襄阳市,襄州航空路,,47,42,60,21,31,149,NA,144,144,11,16,10,11,0.4,0.5
2026-10-08T1700,2436A,114.894,30.3989,鄂州市,市政府,,49,30,50,14,31,154,NA,144,144,8,21,8,11,0.2,0.3
2026-10-08T1700,2437A,114.8986,30.3714,鄂州市,赵家坝,NA,NA,32,54,NA,33,159,NA,157,157,12,28,6,13,0.6,0.8
2026-10-08T1700,2439A,112.2012,31.048,荆门市,竹园小学,臭氧1小时(O3_1h),64,41,54,24,34,171,NA,162,162,11,20,7,9,0.5,0.6
2026-10-08T1700,2440A,112.1968,30.9892,荆门市,掇刀,NA,NA,36,60,27,42,180,NA,172,172,8,25,9,11,NA,0.6
2026-10-08T1700,2444A,113.9062,30.9378,孝感市,东城区,臭氧1小时(O3_1h),99,60,67,11,30,199,NA,164,164,10,21,9,9,0.8,0.9
2026-10-08T1700,2446A,114.9021,30.474,黄冈市,职工中心,臭氧1小时(O3_1h),59,25,42,17,31,167,NA,155,155,9,16,9,10,0.3,0.4
2026-10-08T1700,2451A,113.3587,31.7275,随州市,市委党校,臭氧1小时(O3_1h),60,23,44,10,25,168,NA,20,NA,8,19,10,10,0.5,0.6
2026-10-08T1700,2452A,113.3745,31.6926,随州市,市林业局,,50,31,50,7,20,157,NA,139,139,8,14,9,11,0.5,0.6
2026-10-08T1700,2453A,113.3984,31.7309,随州市,市立交桥水厂,臭氧1小时(O3_1h),59,30,49,8,23,167,NA,144,144,5,19,8,10,0.5,0.6
2026-10-08T1700,2454A,109.4978,30.2979,恩施土家族苗族自治州,湖北民院,,46,NA,37,32,21,96,NA,81,81,13,10,3,3,0.6,0.6
2026-10-08T1700,2457A,112.6209,26.9268,衡阳市,衡阳化工总厂,,49,24,45,16,27,156,NA,134,134,10,20,12,17,0.5,0.6
2026-10-08T1700,2458A,112.621,26.8957,衡阳市,珠晖区环保局,,47,31,49,14,25,149,NA,132,132,16,36,9,12,0.5,0.6
2026-10-08T1700,2459A,112.628,26.8654,衡阳市,市委党校,,50,31,43,15,27,159,NA,141,141,11,19,7,10,0.5,0.7
2026-10-08T1700,2460A,112.6007,26.8977,衡阳市,市监测站,NA,NA,45,53,36,34,NA,NA,129,129,NA,24,10,11,0.3,0.8
2026-10-08T1700,2461A,112.5658,26.9013,衡阳市,真空机电公司,,47,47,49,16,33,148,NA,127,127,9,18,10,10,0.6,0.7
2026-10-08T1700,2464A,111.5277,27.2442,邵阳市,市化工厂,臭氧1小时(O3_1h),55,19,43,18,36,164,NA,139,139,6,16,12,8,0.5,0.6
2026-10-08T1700,2466A,111.4327,27.2276,邵阳市,市环保局,,49,31,56,19,35,155,NA,137,137,9,15,9,11,0.6,0.7
2026-10-08T1700,2468A,112.3458,28.581,益阳市,市环保局,臭氧1小时(O3_1h),57,28,34,19,26,165,NA,151,151,16,30,9,8,0.7,0.8
2026-10-08T1700,2473A,113.0116,25.8228,郴州市,市职中,,42,26,38,15,25,133,NA,113,113,13,24,11,10,0.5,0.6
2026-10-08T1700,2475A,113.0381,25.8074,郴州市,市审计局,,47,34,38,15,25,148,NA,124,124,12,22,12,11,/,/
2026-10-08T1700,2476A,113.0348,25.7757,郴州市,市环保局,,44,32,36,18,22,138,NA,116,116,12,22,11,10,0.5,0.6
2026-10-08T1700,2478A,111.6126,26.4266,永州市,市环境监测站,臭氧1小时(O3_1h),53,25,47,17,32,162,NA,130,130,9,17,9,12,0.6,0.8
2026-10-08T1700,2480A,111.6248,26.3803,永州市,永州市环保局,,48,26,40,21,26,153,NA,127,127,4,8,7,7,0.6,0.6
2026-10-08T1700,2481A,111.5989,26.4523,永州市,冷水滩区环保局,,47,21,48,17,30,149,NA,126,126,6,12,8,11,0.4,0.7
2026-10-08T1700,2483A,109.9297,27.5383,怀化市,河西地税局,,38,30,32,17,20,120,NA,115,115,11,13,13,10,/,/
2026-10-08T1700,2484A,109.9783,27.5342,怀化市,市四医院,,39,24,36,8,18,124,NA,37,NA,9,15,10,10,0.4,0.5
2026-10-08T1700,2485A,109.9971,27.5579,怀化市,监测楼,,36,23,38,16,23,115,NA,104,104,10,21,8,9,0.2,0.3
2026-10-08T1700,2488A,111.9984,27.7346,娄底市,市监测站,,49,33,54,11,31,156,NA,137,137,7,25,4,11,0.3,0.8
2026-10-08T1700,2491A,111.9888,27.7035,娄底市,市政府,NA,NA,20,47,11,32,NA,NA,114,114,6,12,4,4,0.4,0.6
2026-10-08T1700,2493A,109.7298,28.3164,湘西土家族苗族自治州,州政府,,38,26,29,12,16,120,NA,99,99,3,5,4,4,0.4,0.4
2026-10-08T1700,2494A,109.6957,28.2676,湘西土家族苗族自治州,吉首市计生局,,38,18,24,11,15,119,NA,97,97,3,6,6,6,0.2,0.2
2026-10-08T1700,2496A,111.3126,23.4772,梧州市,市十一中,,48,48,40,14,21,113,NA,108,108,3,12,10,11,0.3,0.4
2026-10-08T1700,2498A,111.26,23.4794,梧州市,龙新,NA,NA,NA,40,NA,17,119,NA,110,110,NA,18,NA,10,0.4,0.6
2026-10-08T1700,2499A,108.3411,21.6159,防城港市,沙万,颗粒物(PM10),55,56,44,25,24,140,NA,138,138,10,10,6,7,0.6,0.7
2026-10-08T1700,2500A,108.3515,21.7733,防城港市,防城档案局,,44,44,49,23,25,135,NA,122,122,6,12,8,7,0.7,0.7
2026-10-08T1700,2501A,108.3506,21.6414,防城港市,大海花园,,50,50,39,22,27,141,NA,140,140,5,9,6,10,0.7,0.8
2026-10-08T1700,2502A,108.6238,21.9667,钦州市,市环保站,,40,24,45,13,22,126,NA,126,126,8,14,9,12,0.5,0.6
2026-10-08T1700,2503A,108.655,21.9481,钦州市,沙埠小学,颗粒物(PM10),55,57,48,19,25,134,NA,127,127,7,13,10,11,0.4,0.4
2026-10-08T1700,2504A,108.5989,21.7435,钦州市,港区一小,颗粒物(PM10),60,64,53,18,25,149,NA,130,130,13,20,7,9,0.7,0.7
2026-10-08T1700,2506A,109.604387,23.066791,贵港市,江南子站,,43,34,59,18,29,137,NA,124,124,7,26,4,7,0.4,0.6
2026-10-08T1700,2508A,109.5669,23.1065,贵港市,荷城子站,,46,24,39,17,18,147,NA,135,135,9,15,6,7,0.5,0.5
2026-10-08T1700,2511A,110.1433,22.6162,玉林市,南江一中,NA,NA,32,34,26,21,153,NA,143,143,9,23,NA,11,NA,0.5
2026-10-08T1700,2512A,106.6102,23.901,百色市,市监测站,颗粒物(PM10),52,52,26,15,12,138,NA,108,108,7,10,13,8,0.4,0.3
2026-10-08T1700,2513A,106.6524,23.8842,百色市,市中心血站,,40,26,39,7,22,126,NA,107,107,5,19,11,13,0.2,0.3
2026-10-08T1700,2514A,111.5264,24.4178,贺州市,环保小区,,45,23,30,13,21,141,NA,125,125,6,11,14,13,0.5,0.4
2026-10-08T1700,2515A,111.561,24.4074,贺州市,政协大楼,,45,24,30,12,20,141,NA,124,124,7,15,13,12,0.4,0.6
2026-10-08T1700,2517A,108.0496,24.6957,河池市,市环保站,,36,30,26,15,10,114,NA,96,96,4,12,12,8,0.6,0.6
2026-10-08T1700,2520A,109.2203,23.7252,来宾市,来宾技工学校,,44,33,44,18,22,138,NA,126,126,7,17,12,15,0.4,0.5
2026-10-08T1700,2521A,107.3473,22.4137,崇左市,市环保局江州分局,,49,31,35,14,18,155,NA,133,133,7,16,6,5,0.7,0.7
2026-10-08T1700,2524A,105.8211,32.4444,广元市,老城,颗粒物(PM10),51,51,56,30,39,83,NA,60,60,16,24,10,8,0.9,1
2026-10-08T1700,2526A,105.8629,32.429,广元市,监测站,颗粒物(PM10),60,63,58,34,34,94,NA,62,62,18,19,16,7,0.9,0.8
2026-10-08T1700,2528A,105.5581,30.5231,遂宁市,市监测站,颗粒物(PM10),51,51,63,32,38,118,NA,89,89,9,19,9,8,0.6,0.6
2026-10-08T1700,2530A,105.5917,30.4727,遂宁市,美宁食品公司,,41,41,60,25,40,112,NA,92,92,14,19,10,9,0.6,0.7
2026-10-08T1700,2531A,105.0703,29.61,内江市,市监测站,细颗粒物(PM2.5),56,50,45,38,42,115,NA,99,99,10,14,8,8,0.7,0.8
2026-10-08T1700,2533A,105.0657,29.5807,内江市,内江二中,,50,50,53,35,39,113,NA,101,101,8,14,7,7,0.4,0.5
2026-10-08T1700,2534A,105.0407,29.5828,内江市,内江日报社,细颗粒物(PM2.5),56,NA,44,38,41,113,NA,99,99,10,19,8,9,0.2,0.3
2026-10-08T1700,2536A,103.7629,29.5844,乐山市,牛耳桥,细颗粒物(PM2.5),104,80,63,64,44,84,NA,59,59,24,19,11,9,1.0,0.9
2026-10-08T1700,2537A,103.7501,29.6002,乐山市,市第三水厂,细颗粒物(PM2.5),106,83,57,66,46,99,NA,67,67,18,18,9,7,0.9,0.8
2026-10-08T1700,2538A,103.7571,29.5664,乐山市,市监测站,细颗粒物(PM2.5),103,118,65,63,42,92,NA,66,66,16,14,8,7,0.8,0.7
2026-10-08T1700,2540A,103.8414,30.0871,眉山市,气象局,细颗粒物(PM2.5),66,70,75,43,48,118,NA,77,77,19,27,21,14,1.1,1.1
2026-10-08T1700,2544A,106.6307,30.4577,广安市,市委,,38,38,50,15,36,100,NA,78,78,8,14,9,8,0.3,0.5
2026-10-08T1700,2545A,106.6266,30.4662,广安市,友谊中学,,32,30,43,12,32,101,NA,78,78,10,10,9,9,0.5,0.6
2026-10-08T1700,2547A,106.6386,30.4551,广安市,广电花园,,33,33,45,16,39,102,NA,84,84,11,12,8,8,0.5,0.6
2026-10-08T1700,2549A,107.5087,31.2186,达州市,市环境监测站,,42,42,54,12,28,91,NA,60,60,16,27,7,7,0.4,0.5
2026-10-08T1700,2550A,107.4988,31.2132,达州市,凤凰小区,,31,31,53,11,29,99,NA,69,69,9,26,7,7,0.4,0.5
2026-10-08T1700,2551A,107.5081,31.1987,达州市,达县机关宾馆,,34,34,57,12,30,98,NA,69,69,15,32,6,6,0.3,0.4
2026-10-08T1700,2552A,107.4644,31.2124,达州市,市政中心,,47,47,66,10,30,102,NA,67,67,11,32,6,6,0.3,0.5
2026-10-08T1700,2555A,103.011,29.9833,雅安市,市政府,细颗粒物(PM2.5),74,68,40,47,26,72,NA,44,44,24,11,8,7,0.7,0.6
2026-10-08T1700,2556A,102.9907,29.9778,雅安市,川农大,细颗粒物(PM2.5),60,60,39,40,27,58,NA,39,39,11,9,7,7,0.6,0.6
2026-10-08T1700,2562A,104.6357,30.1508,资阳市,资阳中学,颗粒物(PM10),62,66,77,33,50,99,NA,89,89,6,12,6,6,0.4,0.4
2026-10-08T1700,2565A,104.6297,30.1259,资阳市,区法院,,46,46,66,30,50,103,NA,88,88,6,15,2,2,0.6,0.7
2026-10-08T1700,2568A,102.2503,31.8896,阿坝藏族羌族自治州,马师校,,26,22,27,6,7,82,NA,62,62,7,5,4,4,0.4,0.4
2026-10-08T1700,2570A,101.96,30.048,甘孜藏族自治州,水桥子,,23,9,15,2,4,73,NA,55,55,2,13,2,2,0.1,0.2
2026-10-08T1700,2573A,102.2629,27.8981,凉山彝族自治州,西昌市政府,,37,30,19,24,17,117,NA,83,83,8,7,18,10,1.1,0.8
2026-10-08T1700,2574A,102.2686,27.885,凉山彝族自治州,凉山州政府,,36,26,19,22,16,113,NA,82,82,8,6,14,6,1.0,0.7
2026-10-08T1700,2577A,104.8293,26.592,六盘水市,黄土坡,颗粒物(PM10),76,86,34,21,21,113,NA,100,100,8,11,4,4,0.3,0.3
2026-10-08T1700,2579A,104.8481,26.5898,六盘水市,民中,,35,NA,23,23,20,111,NA,98,98,9,12,2,2,0.4,0.4
2026-10-08T1700,2580A,104.9541,26.5506,六盘水市,双水,,35,29,27,18,17,110,NA,100,100,11,8,7,6,0.4,0.4
2026-10-08T1700,2585A,109.1839,27.7344,铜仁市,铜仁卫校,,36,10,23,10,13,114,NA,97,97,2,13,1,2,0.4,0.4
2026-10-08T1700,2586A,109.1752,27.6945,铜仁市,铜仁七中,NA,NA,17,22,15,12,114,NA,99,99,4,7,NA,6,0.2,0.2
2026-10-08T1700,2587A,105.287,27.3133,毕节市,八中,,35,35,53,23,36,105,NA,99,99,6,13,8,10,0.4,0.6
2026-10-08T1700,2588A,105.3079,27.2987,毕节市,师专,,44,44,59,26,37,98,NA,94,94,11,16,8,11,0.4,0.5
2026-10-08T1700,2589A,104.9022,25.0943,黔西南布依族苗族自治州,场坝街,,29,14,32,14,22,92,NA,84,84,2,4,7,17,0.3,0.4
2026-10-08T1700,2590A,104.8812,25.0994,黔西南布依族苗族自治州,坪东大道,NA,NA,NA,38,18,22,88,NA,81,81,NA,13,NA,7,0.3,0.4
2026-10-08T1700,2591A,107.9765,26.5724,黔东南苗族侗族自治州,市环境监测站,,29,25,27,14,15,90,NA,86,86,5,14,4,4,0.4,0.5
2026-10-08T1700,2593A,107.5223,26.2371,黔南布依族苗族自治州,小围寨,,35,17,16,13,12,109,NA,97,97,4,9,2,2,0.3,0.3
2026-10-08T1700,2594A,99.1589,25.1137,保山市,市环境监测站,NA,NA,NA,14,8,7,80,NA,79,79,4,6,8,7,0.2,0.3
2026-10-08T1700,2595A,99.1616,25.1381,保山市,市环保局,,25,6,9,6,8,79,NA,73,73,3,4,4,4,0.5,0.4
2026-10-08T1700,2596A,103.7668,27.3736,昭通市,监测站,,49,42,45,34,26,92,NA,84,84,6,12,6,7,0.5,0.5
2026-10-08T1700,2599A,100.2497,26.8802,丽江市,丽江古城,,28,22,16,6,7,87,NA,80,80,9,10,5,4,0.5,0.5
2026-10-08T1700,2600A,100.2203,26.8906,丽江市,市中心,,26,19,10,15,7,82,NA,71,71,10,11,6,6,0.5,0.5
2026-10-08T1700,2601A,100.9801,22.7634,普洱市,市环保局,,26,20,34,15,14,81,NA,68,68,4,6,8,8,0.6,0.7
2026-10-08T1700,2602A,100.9763,22.8237,普洱市,普洱第二中学,,27,23,33,8,14,85,NA,74,74,3,9,10,10,0.4,0.8
2026-10-08T1700,2603A,100.0779,23.8981,临沧市,市环保局,NA,NA,NA,19,7,11,81,NA,66,66,7,10,9,10,0.2,0.5
2026-10-08T1700,2604A,100.0894,23.882,临沧市,市气象局,,27,13,18,4,13,85,NA,63,63,5,10,8,9,0.3,0.5
2026-10-08T1700,2606A,101.5379,25.0492,楚雄彝族自治州,市经济开发区,,24,10,17,10,14,76,NA,70,70,6,13,2,2,0.5,0.6
2026-10-08T1700,2610A,104.2533,23.3595,文山壮族苗族自治州,州水务局,,31,24,26,18,16,99,NA,91,91,9,11,6,5,0.3,0.4
2026-10-08T1700,2611A,104.2319,23.3892,文山壮族苗族自治州,市便民服务中心,,32,28,27,17,15,101,NA,94,94,6,8,4,4,0.4,0.3
2026-10-08T1700,2612A,100.8018,21.9995,西双版纳傣族自治州,景洪市江南,,26,26,30,17,17,77,NA,63,63,5,8,10,10,0.8,0.9
2026-10-08T1700,2613A,100.7995,22.0238,西双版纳傣族自治州,景洪市江北,,26,22,27,16,15,82,NA,62,62,7,6,10,9,0.7,0.7
2026-10-08T1700,2614A,100.2168,25.5818,大理白族自治州,大理市环境监测站,,27,12,12,11,9,84,NA,77,77,8,7,5,6,0.2,0.3
2026-10-08T1700,2615A,100.1542,25.7055,大理白族自治州,大理古城,,35,NA,13,24,10,67,NA,76,76,13,11,9,7,0.7,0.7
2026-10-08T1700,2616A,98.5611,24.4273,德宏傣族景颇族自治州,德宏州监测站,,29,NA,18,13,15,91,NA,73,73,7,13,7,7,0.6,0.8
2026-10-08T1700,2618A,98.859,25.8541,怒江傈僳族自治州,州监测站,,27,NA,21,12,12,86,NA,62,62,6,8,6,8,0.5,0.5
2026-10-08T1700,2619A,98.8607,25.8168,怒江傈僳族自治州,泸水一中,,24,20,21,11,14,76,NA,54,54,12,13,6,6,0.5,0.6
2026-10-08T1700,2621A,99.7054,27.8319,迪庆藏族自治州,迪庆州站,,25,17,20,3,9,80,NA,72,72,8,10,8,8,0.3,0.4
2026-10-08T1700,2622A,97.1813,31.1289,昌都市,昌都监测站,,31,8,12,2,7,99,NA,76,76,7,14,3,3,0.2,0.3
2026-10-08T1700,2624A,91.7592,29.234,山南市,山南监测站,,32,7,8,1,2,101,NA,87,87,5,6,3,3,0.2,0.2
2026-10-08T1700,2625A,91.7701,29.2436,山南市,山南人民医院,,32,8,12,2,4,101,NA,85,85,4,5,5,5,0.2,0.2
2026-10-08T1700,2626A,88.8873,29.2723,日喀则市,日喀则监测站,,31,8,15,2,6,97,NA,88,88,4,8,3,4,0.3,0.3
2026-10-08T1700,2628A,92.0653,31.4846,那曲市,那曲监测站,,27,27,53,17,27,79,NA,76,76,11,24,9,11,0.4,0.8
2026-10-08T1700,2630A,80.1171,32.4999,阿里地区,阿里监测站,,32,17,20,1,5,100,NA,97,97,3,7,4,5,0.3,0.3
2026-10-08T1700,2632A,94.3683,29.6373,林芝市,林芝监测站,,24,9,10,4,5,74,NA,50,50,5,7,4,5,0.3,0.3
2026-10-08T1700,2633A,94.3616,29.6634,林芝市,林芝人民医院,,24,10,13,3,9,74,NA,47,47,7,8,5,4,0.2,0.1
2026-10-08T1700,2635A,107.0155,33.0707,汉中市,市监测站,,35,35,57,16,40,87,NA,72,72,10,13,5,6,0.3,0.5
2026-10-08T1700,2636A,107.0083,33.114,汉中市,鑫源开发区,,30,22,63,11,47,94,NA,77,77,8,22,6,7,0.2,0.5
2026-10-08T1700,2637A,107.0072,33.0323,汉中市,南郑大河坎水厂,,43,43,50,22,35,81,NA,68,68,12,12,4,4,0.5,0.6
2026-10-08T1700,2639A,109.7445,38.2919,榆林市,世纪广场,,43,43,49,14,20,124,NA,114,114,6,18,6,7,0.3,0.4
2026-10-08T1700,2640A,109.729,38.2837,榆林市,实验中学,,40,34,40,12,18,126,NA,117,117,6,14,5,6,0.4,0.5
2026-10-08T1700,2641A,109.7347,38.2491,榆林市,环保监测大楼,,39,24,36,12,25,122,NA,115,115,8,17,6,7,0.4,0.5
2026-10-08T1700,2644A,109.0088,32.6974,安康市,汉滨区检察院,,38,38,32,25,19,89,NA,74,74,16,12,6,6,0.7,0.8
2026-10-08T1700,2645A,109.9155,33.8714,商洛市,监测站,,39,34,30,20,15,123,NA,115,115,12,15,5,7,0.4,0.3
2026-10-08T1700,2647A,104.1727,36.5448,白银市,第三小学,,43,43,48,20,19,113,NA,100,100,8,12,13,13,0.5,0.7
2026-10-08T1700,2648A,104.1467,36.5482,白银市,动力公司,颗粒物(PM10),59,62,45,18,18,127,NA,114,114,7,13,10,6,0.3,0.6
2026-10-08T1700,2650A,105.72058,34.57859,天水市,公园小学,,43,42,44,30,26,104,NA,75,75,6,16,12,10,0.3,0.4
2026-10-08T1700,2651A,105.89428,34.55353,天水市,麦积国土局,,38,26,49,16,27,121,NA,88,88,6,16,9,7,0.3,0.5
2026-10-08T1700,2652A,102.6203,37.925,武威市,监测站,颗粒物(PM10),58,61,86,12,24,110,NA,99,99,3,18,12,12,0.2,0.4
2026-10-08T1700,2654A,100.4699,38.9525,张掖市,润泉湖,,44,44,103,17,31,102,NA,80,80,6,21,2,5,0.3,0.4
2026-10-08T1700,2655A,100.4155,38.9422,张掖市,区工会,,45,45,100,15,28,112,NA,95,95,4,18,2,3,0.2,0.3
2026-10-08T1700,2656A,106.6633,35.5338,平凉市,聚贤嘉苑,颗粒物(PM10),58,61,46,19,20,123,NA,97,97,8,16,11,10,0.6,0.7
2026-10-08T1700,2657A,106.7021,35.5307,平凉市,博物馆,,45,45,48,17,25,129,NA,101,101,6,16,8,10,0.5,0.7
2026-10-08T1700,2661A,107.6325,35.7357,庆阳市,庆阳五中,,40,40,42,21,22,108,NA,104,104,8,10,2,4,0.3,0.4
2026-10-08T1700,2662A,107.6361,35.7067,庆阳市,市环保局,,36,36,44,21,23,111,NA,104,104,6,9,3,3,0.4,0.4
2026-10-08T1700,2669A,102.9097,34.9841,甘南藏族自治州,州政府,,27,14,48,12,23,86,NA,72,72,2,21,9,9,0.3,0.4
2026-10-08T1700,2671A,100.9016,36.9464,海北藏族自治州,海晏县西海镇,NA,NA,69,29,NA,15,140,NA,127,127,3,6,10,9,0.5,0.4
2026-10-08T1700,2672A,102.02,35.5101,黄南藏族自治州,同仁县隆务镇,颗粒物(PM10),53,53,27,18,12,119,NA,105,105,6,3,8,7,0.3,0.2
2026-10-08T1700,2673A,100.6158,36.2985,海南藏族自治州,共和县恰卜恰镇,,33,20,25,7,13,104,NA,98,98,4,10,8,6,0.4,0.5
2026-10-08T1700,2674A,100.2262,34.4854,果洛藏族自治州,玛沁县大武镇,,34,29,41,4,13,107,NA,83,83,2,10,14,16,0.4,0.4
2026-10-08T1700,2675A,97.0386,33.0138,玉树藏族自治州,玉树县结古镇,,33,NA,11,11,11,103,NA,84,84,1,19,2,2,0.2,0.4
2026-10-08T1700,2676A,97.373,37.376,海西蒙古族藏族自治州,德令哈市,颗粒物(PM10),53,53,28,16,13,95,NA,93,93,3,6,17,18,0.4,0.5
2026-10-08T1700,2677A,106.1535,37.9648,吴忠市,教育园区,NA,NA,52,59,27,22,133,NA,111,111,NA,15,NA,8,0.3,0.4
2026-10-08T1700,2679A,106.1851,37.9957,吴忠市,新区二泵站,颗粒物(PM10),69,76,64,17,19,136,NA,110,110,7,14,12,11,0.5,0.6
2026-10-08T1700,2682A,105.1965,37.4996,中卫市,环保局站,,36,36,60,18,17,115,NA,110,110,6,9,4,4,0.2,0.3
2026-10-08T1700,2684A,106.2753,36.0057,固原市,监测站,NA,NA,45,38,13,16,138,NA,116,116,6,22,NA,7,0.3,0.4
2026-10-08T1700,2685A,106.2384,36.0189,固原市,新区,,43,43,36,10,16,123,NA,113,113,8,14,6,6,0.2,0.5
2026-10-08T1700,2686A,89.1905,42.9419,吐鲁番市,市环保局,,36,36,43,11,15,96,NA,82,82,4,11,3,3,0.2,0.5
2026-10-08T1700,2687A,89.1674,42.9558,吐鲁番市,地区环保局,,31,22,31,5,10,98,NA,82,82,6,12,2,2,0.3,0.3
2026-10-08T1700,2688A,93.5124,42.8176,哈密市,地区监测站,,30,16,24,6,9,95,NA,82,78,5,8,4,4,0.0,0
2026-10-08T1700,2689A,93.5014,42.8312,哈密市,哈密师范学校,,30,NA,24,12,11,96,NA,80,80,4,12,2,2,0.2,0.3
2026-10-08T1700,2692A,87.2722,44.0298,昌吉回族自治州,新区政务中心,,30,30,30,16,12,82,NA,64,64,8,17,10,8,0.3,0.3
2026-10-08T1700,2693A,82.0482,44.8553,博尔塔拉蒙古自治州,市党校,颗粒物(PM10),63,67,57,10,10,72,NA,55,55,9,10,9,6,0.3,0.3
2026-10-08T1700,2694A,82.0805,44.8966,博尔塔拉蒙古自治州,市环保局,,26,26,50,9,8,77,NA,50,50,6,13,6,8,0.2,0.2
2026-10-08T1700,2695A,80.2899,41.1684,阿克苏地区,电视台,,34,31,40,13,14,106,NA,81,81,8,10,4,5,0.0,0.1
2026-10-08T1700,2696A,80.2592,41.1541,阿克苏地区,艺术中心,,39,39,45,10,14,115,NA,84,82,5,11,6,6,0.3,0.3
2026-10-08T1700,2697A,76.1457,39.7143,克孜勒苏柯尔克孜自治州,市人民政府,,38,38,119,13,40,108,NA,99,99,1,10,3,4,0.3,0.4
2026-10-08T1700,2698A,76.0071,39.466,喀什地区,巡警大队,,33,22,140,22,55,103,NA,88,88,4,13,3,4,0.0,0.2
2026-10-08T1700,2699A,75.9756,39.4693,喀什地区,吾办,,33,33,137,6,45,99,NA,84,84,1,12,3,2,0.3,0.4
2026-10-08T1700,2704A,81.3002,43.9177,伊犁哈萨克自治州,新政府片区,,28,24,39,3,19,88,NA,48,48,6,22,6,5,0.3,0.6
2026-10-08T1700,2705A,81.3364,43.9409,伊犁哈萨克自治州,第二水厂,,28,25,50,13,20,88,NA,51,51,9,26,6,6,0.5,0.8
2026-10-08T1700,2706A,82.9993,46.7432,塔城地区,东门外小游园,NA,NA,36,40,2,9,78,NA,57,57,3,8,2,2,NA,0.5
2026-10-08T1700,2708A,88.1266,47.8515,阿勒泰地区,市站,,24,17,24,1,4,74,NA,60,60,9,11,3,3,0.7,0.7
2026-10-08T1700,2709A,86.0391,44.298,石河子市,艾青诗歌馆,,27,25,33,1,7,86,NA,72,72,5,9,7,8,0.6,0.6
2026-10-08T1700,2711A,87.5352,44.1606,五家渠市,农水大厦,,28,28,45,18,17,85,NA,64,64,2,7,8,6,0.3,0.3
2026-10-08T1700,2809A,113.6668,24.7756,韶关市,大学路288号,,50,50,36,23,22,126,NA,114,114,8,15,19,17,/,/
2026-10-08T1700,2835A,101.7222,26.567,攀枝花市,四十中小,,31,30,43,8,26,97,NA,85,85,4,18,12,19,0.8,1.5
2026-10-08T1700,2842A,118.0937,24.5054,厦门市,湖里中学,,42,36,35,18,17,132,NA,122,119,7,11,3,3,0.6,0.6
2026-10-08T1700,2845A,113.1561,36.1912,长治市,德盛苑,,47,36,38,16,20,150,NA,138,138,10,15,13,13,0.6,0.6
2026-10-08T1700,2846A,113.3209,23.1323,广州市,体育西,,40,28,32,15,20,128,NA,117,117,14,31,7,7,0.8,0.8
2026-10-08T1700,2858A,117.7917,39.2473,天津市,河西一经路,臭氧1小时(O3_1h),70,61,74,19,30,176,NA,167,167,28,34,8,10,0.5,0.6
2026-10-08T1700,2859A,117.3747,38.9845,天津市,津沽路,臭氧1小时(O3_1h),63,48,69,19,42,170,NA,160,160,16,35,6,8,0.3,0.5
2026-10-08T1700,2860A,117.159,39.0844,天津市,宾水西道,臭氧1小时(O3_1h),60,30,73,20,43,168,NA,154,154,7,21,5,5,0.5,0.6
2026-10-08T1700,2865A,112.7195,37.683,晋中市,榆次三中,臭氧1小时(O3_1h),78,78,72,45,39,182,NA,147,147,12,29,14,12,0.7,0.9
2026-10-08T1700,2867A,111.1225,37.5093,吕梁市,马茂庄小学,,37,28,54,6,14,116,NA,98,98,10,34,3,9,0.4,0.5
2026-10-08T1700,2868A,126.4737,43.953,吉林市,九站,颗粒物(PM10),54,55,36,27,21,142,NA,144,144,25,23,10,11,0.7,0.6
2026-10-08T1700,2869A,119.4472,32.4156,扬州市,五台山医院,臭氧1小时(O3_1h),112,54,75,35,41,223,NA,192,192,14,26,18,17,0.8,0.8
2026-10-08T1700,2870A,119.4369,32.1891,镇江市,市疾控中心,臭氧1小时(O3_1h),119,56,55,33,39,238,NA,199,199,17,17,10,7,0.9,0.9
2026-10-08T1700,2871A,121.6156,29.9015,宁波市,万里国际学校,臭氧1小时(O3_1h),94,50,50,20,32,195,NA,177,177,17,32,10,10,0.7,0.7
2026-10-08T1700,2872A,120.7845,30.7524,嘉兴市,南湖区残联,臭氧1小时(O3_1h),107,41,47,23,28,213,NA,185,185,15,29,9,9,0.4,0.4
2026-10-08T1700,2873A,120.083,30.8929,湖州市,仁皇山新区,臭氧1小时(O3_1h),87,47,64,27,39,189,NA,166,166,18,53,10,9,0.4,0.5
2026-10-08T1700,2875A,115.783962,32.889217,阜阳市,阜阳职业技术学院,臭氧1小时(O3_1h),88,52,51,17,25,190,NA,172,172,14,18,7,7,0.5,0.4
2026-10-08T1700,2877A,119.1638,36.6524,潍坊市,坊子邮政,臭氧1小时(O3_1h),60,46,45,15,15,168,NA,147,147,10,16,5,6,0.5,0.6
2026-10-08T1700,2880A,104.0219,30.6561,成都市,大石西路,颗粒物(PM10),69,76,94,43,69,111,NA,78,78,14,24,6,6,0.4,0.5
2026-10-08T1700,2881A,107.8909,26.531,黔东南苗族侗族自治州,凯里学院,,38,29,16,16,15,121,NA,99,99,4,9,5,5,0.1,0.1
2026-10-08T1700,2882A,102.5388,24.3703,玉溪市,玉溪一中,,27,14,27,8,15,86,NA,77,77,9,13,4,5,0.5,0.5
2026-10-08T1700,2883A,102.5382,24.339,玉溪市,文体中心,,37,37,44,6,17,90,NA,77,77,6,15,6,6,0.7,0.8
2026-10-08T1700,2884A,98.2672,39.7978,嘉峪关市,酒钢宾馆,颗粒物(PM10),60,63,58,14,14,102,NA,90,90,10,17,12,28,0.4,0.7
2026-10-08T1700,2885A,104.9344,33.3827,陇南市,滨江中学,NA,NA,27,47,22,21,83,NA,62,62,NA,12,11,10,0.2,0.6
2026-10-08T1700,2894A,117.0561,32.6536,淮南市,经济技术开发区消防队,臭氧1小时(O3_1h),93,44,61,18,32,194,NA,184,184,14,23,12,12,0.4,0.4
2026-10-08T1700,2897A,123.2429,41.7341,沈阳市,沈辽西路,颗粒物(PM10),83,96,55,26,17,169,NA,151,151,18,21,12,13,0.7,0.8
2026-10-08T1700,2900A,123.5951,41.9085,沈阳市,裕农路,臭氧1小时(O3_1h),57,54,40,22,18,165,NA,144,144,14,21,12,11,0.6,0.8
2026-10-08T1700,2902A,106.6347,30.4868,广安市,北辰小学,,42,42,55,19,36,121,NA,86,86,18,23,10,10,0.6,0.7
2026-10-08T1700,2907A,120.1846,30.8592,湖州市,吴兴区站,臭氧1小时(O3_1h),95,52,60,28,40,196,NA,176,176,13,42,10,10,0.6,0.7
2026-10-08T1700,2919A,116.7022,39.5454,廊坊市,河北工业大学,臭氧1小时(O3_1h),103,104,135,52,74,206,NA,177,177,NA,49,5,6,0.4,0.6
2026-10-08T1700,2920A,117.71,24.5048,漳州市,蓝田镇,,46,29,46,11,25,145,NA,130,130,10,14,7,8,0.3,0.4
2026-10-08T1700,2921A,120.5482,30.0003,绍兴市,树下王站,臭氧1小时(O3_1h),83,41,47,27,31,186,NA,142,142,19,31,6,5,0.7,0.8
2026-10-08T1700,2922A,117.194,39.1069,天津市,大理道,臭氧1小时(O3_1h),73,39,78,15,40,178,NA,161,161,14,30,9,10,0.3,0.5
2026-10-08T1700,2924A,106.2266,38.4417,银川市,水乡路,颗粒物(PM10),51,51,54,22,21,139,NA,102,102,14,20,10,9,0.5,0.5
2026-10-08T1700,2925A,106.2758,38.4841,银川市,上海东路,颗粒物(PM10),52,52,58,20,24,145,NA,115,115,12,25,11,10,0.3,0.5
2026-10-08T1700,2926A,106.1016,38.4971,银川市,文昌北街,NA,NA,60,69,17,24,136,NA,91,91,10,31,NA,10,0.4,0.5
2026-10-08T1700,2929A,114.8858,30.4519,黄冈市,红卫路,NA,NA,NA,52,NA,37,NA,NA,157,NA,NA,20,NA,6,NA,0.4
2026-10-08T1700,2996A,118.2781,33.9658,宿迁市,市供电局,,41,22,49,9,30,130,NA,141,141,10,25,5,7,0.5,0.7
2026-10-08T1700,2997A,119.8767,32.3291,泰州市,王营,臭氧1小时(O3_1h),95,65,78,26,54,196,NA,180,180,14,23,11,10,1.0,1
2026-10-08T1700,3000A,119.3577,34.6971,连云港市,德源药业,,31,22,21,5,7,98,NA,113,113,18,17,6,7,0.6,0.6
2026-10-08T1700,3002A,119.9701,31.813,常州市,行政中心,臭氧1小时(O3_1h),110,68,73,30,40,220,NA,195,195,22,43,10,11,0.6,0.7
2026-10-08T1700,3003A,120.0434,31.7726,常州市,经开区,臭氧1小时(O3_1h),110,60,81,26,39,220,NA,196,196,23,59,14,18,0.8,0.8
2026-10-08T1700,3004A,120.1543,33.3664,盐城市,宝龙广场,,34,19,18,4,11,107,NA,116,116,6,13,9,9,0.4,0.3
2026-10-08T1700,3005A,117.1812,34.29,徐州市,鼓楼区政府,臭氧1小时(O3_1h),54,44,76,24,51,163,NA,144,144,8,23,8,8,0.7,0.8
2026-10-08T1700,3006A,117.1693,34.1781,徐州市,铜山区招生办,臭氧1小时(O3_1h),65,63,113,24,80,172,NA,153,153,18,37,8,10,0.6,0.8
2026-10-08T1700,3007A,119.178,34.8442,连云港市,新城一中,NA,NA,13,24,4,10,107,NA,108,108,16,32,10,11,NA,0.3
2026-10-08T1700,3008A,119.3607,34.7519,连云港市,胡沟管理处,,25,12,11,5,2,72,NA,106,101,50,23,14,10,0.4,0.4
2026-10-08T1700,3009A,119.1478,34.5913,连云港市,矿山设计院,,39,24,22,7,8,122,NA,123,123,8,11,6,5,0.4,0.4
2026-10-08T1700,3010A,119.8919,31.7892,常州市,钟楼,臭氧1小时(O3_1h),109,62,66,28,37,218,NA,195,195,16,36,14,13,0.5,0.7
2026-10-08T1700,3012A,112.1849,31.0361,荆门市,西山林语,臭氧1小时(O3_1h),73,42,50,33,34,178,NA,170,170,13,16,12,12,0.6,0.7
2026-10-08T1700,3014A,106.4958,29.5347,重庆市,歇台子,,38,38,45,24,27,112,NA,80,80,16,26,10,9,0.5,0.7
2026-10-08T1700,3015A,106.4067,29.5729,重庆市,龙井湾,,39,33,45,25,27,124,NA,93,93,16,19,10,10,0.8,0.8
2026-10-08T1700,3016A,106.5506,29.415,重庆市,龙洲湾,,42,42,46,26,30,106,NA,75,75,24,19,10,11,0.5,0.6
2026-10-08T1700,3018A,111.5048,36.1015,临汾市,唐尧大酒店,,44,40,65,12,30,139,NA,126,126,11,23,7,9,0.5,0.6
2026-10-08T1700,3020A,117.2096,39.1698,天津市,中山北路,臭氧1小时(O3_1h),52,44,85,16,43,161,NA,152,152,21,38,6,6,0.5,0.7
2026-10-08T1700,3021A,115,35.7667,濮阳市,濮水河管理处,臭氧1小时(O3_1h),60,56,63,21,28,168,NA,147,147,12,19,6,5,0.4,0.5
2026-10-08T1700,3025A,113.0479,23.6343,清远市,技师学院,,39,28,36,20,20,122,NA,124,124,7,21,7,10,0.9,1
2026-10-08T1700,3026A,116.6179,23.6608,潮州市,市政府,,48,48,41,16,21,128,NA,120,120,10,11,7,7,0.5,0.6
2026-10-08T1700,3028A,104.7765,29.3623,自贡市,檀木林体育馆,"颗粒物(PM10),细颗粒物(PM2.5)",52,52,59,36,46,120,NA,97,97,8,15,9,8,0.4,0.4
2026-10-08T1700,3033A,87.4652,43.4569,乌鲁木齐市,培训基地,颗粒物(PM10),58,61,32,20,13,80,NA,77,77,21,9,3,2,0.9,0.6
2026-10-08T1700,3034A,113.1076,41.0385,乌兰察布市,光明街小学,,43,24,35,21,19,135,NA,130,130,8,24,2,3,0.3,0.4
2026-10-08T1700,3036A,118.6903,37.4337,东营市,开发区管委会,臭氧1小时(O3_1h),94,65,61,22,25,195,NA,178,178,14,21,9,11,0.4,0.6
2026-10-08T1700,3038A,103.3757,23.3679,红河哈尼族彝族自治州,州图书馆,,27,24,26,10,17,84,NA,87,87,4,5,4,4,0.4,0.4
2026-10-08T1700,3039A,111.1911,34.7829,三门峡市,三门峡市第一小学,,45,45,45,21,20,131,NA,126,126,9,14,10,13,0.5,0.5
2026-10-08T1700,3045A,109.9647,33.8486,商洛市,商州区中学,,49,49,31,22,15,120,NA,114,114,14,16,7,7,0.4,0.3
2026-10-08T1700,3046A,115.9084,28.6062,南昌市,机电学校,,49,46,44,22,25,156,NA,147,147,9,19,12,11,0.5,0.4
2026-10-08T1700,3048A,119.5799,26.0937,福州市,九龙,,45,28,26,8,11,142,NA,133,133,4,7,6,7,0.4,0.4
2026-10-08T1700,3051A,117.385,39.1483,天津市,西四道,臭氧1小时(O3_1h),65,59,89,18,40,172,NA,155,155,24,48,6,8,0.2,0.6
2026-10-08T1700,3054A,113.9194,35.2847,新乡市,市委党校,臭氧1小时(O3_1h),70,39,68,21,25,176,NA,151,151,11,22,9,9,0.5,0.6
2026-10-08T1700,3055A,101.7775,36.643,西宁市,城北区政府,颗粒物(PM10),57,59,49,19,25,113,NA,95,95,20,27,10,14,0.4,0.9
2026-10-08T1700,3057A,121.5989,37.4016,烟台市,牟平检察院,,38,17,21,2,11,121,NA,128,128,6,10,4,8,0.3,0.3
2026-10-08T1700,3058A,119.2656,42.0356,赤峰市,银河街,颗粒物(PM10),55,56,58,26,30,154,NA,156,156,16,23,8,14,0.8,0.9
2026-10-08T1700,3059A,117.7181,36.205,济南市,泰兴公司,臭氧1小时(O3_1h),72,46,64,18,28,177,NA,159,159,11,41,9,9,0.3,0.5
2026-10-08T1700,3061A,119.7511,49.1576,呼伦贝尔市,国华电力东,,34,34,32,8,9,58,NA,56,56,15,8,6,6,0.5,0.4
2026-10-08T1700,3064A,117.6861,36.2172,济南市,莱芜战役纪念馆,臭氧1小时(O3_1h),53,51,63,22,30,162,NA,150,150,9,33,10,11,0.2,0.5
2026-10-08T1700,3065A,101.9534,29.9976,甘孜藏族自治州,州环保局,,24,23,19,2,2,74,NA,66,66,6,13,2,3,0.2,0.4
2026-10-08T1700,3066A,116.2722,37.438,德州市,九衢泉纯净水厂,臭氧1小时(O3_1h),95,78,103,28,47,196,NA,165,165,15,27,13,16,0.2,0.4
2026-10-08T1700,3109A,115.0094,25.8614,赣州市,赣县区卫计委,,45,26,31,18,16,142,NA,127,127,8,13,7,6,0.3,0.6
2026-10-08T1700,3123A,105.9408,26.2431,安顺市,凤凰山,,32,22,29,18,19,102,NA,98,98,5,11,8,10,0.3,0.4
2026-10-08T1700,3124A,105.9443,26.2567,安顺市,金钟山,,35,19,21,12,15,111,NA,107,107,4,6,8,9,0.3,0.3
2026-10-08T1700,3125A,105.8983,26.248,安顺市,娄家坡,,43,43,40,18,16,98,NA,95,95,4,6,9,9,0.4,0.4
2026-10-08T1700,3131A,114.878,40.7992,张家口市,烟厂,臭氧1小时(O3_1h),55,43,42,24,21,164,NA,138,138,11,17,/,/,/,/
2026-10-08T1700,3132A,119.5979,39.938,秦皇岛市,文明里,颗粒物(PM10),69,76,72,37,27,169,NA,154,154,18,24,7,11,0.5,0.7
2026-10-08T1700,3133A,106.5469,29.5655,重庆市,上清寺,,42,42,49,22,31,113,NA,82,82,17,34,5,5,0.4,0.6
2026-10-08T1700,3134A,113.8172,34.0339,许昌市,市一中,,47,40,57,24,27,148,NA,133,133,10,24,8,8,0.4,0.5
2026-10-08T1700,3136A,104.2724,30.559,成都市,龙泉驿区区政府,颗粒物(PM10),56,58,72,33,53,108,NA,91,91,16,21,7,6,0.8,0.9
2026-10-08T1700,3138A,111.7152,29.0288,常德市,武陵区永安,臭氧1小时(O3_1h),65,45,64,16,45,172,NA,147,147,10,21,11,15,0.8,1
2026-10-08T1700,3139A,111.6891,28.9881,常德市,鼎城区玉霞,臭氧1小时(O3_1h),78,33,63,13,42,182,NA,153,153,2,14,12,12,0.7,0.9
2026-10-08T1700,3140A,111.6651,29.0526,常德市,武陵区长庚,臭氧1小时(O3_1h),65,38,65,18,47,172,NA,144,144,9,21,9,15,0.7,0.8
2026-10-08T1700,3141A,114.3921,36.0879,安阳市,信访局,臭氧1小时(O3_1h),92,72,76,24,29,193,NA,176,176,10,24,5,6,0.4,0.4
2026-10-08T1700,3147A,114.3434,34.8101,开封市,龙亭公园,颗粒物(PM10),63,67,88,17,31,167,NA,147,147,10,23,8,8,0.2,0.2
2026-10-08T1700,3148A,103.829,30.0563,眉山市,区人社局,颗粒物(PM10),68,75,70,40,41,116,NA,71,71,19,28,23,17,0.9,0.8
2026-10-08T1700,3149A,115.0174,30.1591,黄石市,笔架山北路,,50,42,60,16,28,160,NA,143,143,7,14,6,19,0.6,0.7
2026-10-08T1700,3151A,114.375,27.8096,宜春市,宜春学院北校区,,48,37,39,21,22,152,NA,137,137,11,16,4,4,0.4,0.5
2026-10-08T1700,3153A,114.3876,30.4908,武汉市,民族大道182号,臭氧1小时(O3_1h),55,26,52,19,36,164,NA,150,150,11,35,9,11,0.4,0.6
2026-10-08T1700,3164A,119.4682,32.394,扬州市,广陵建设局,臭氧1小时(O3_1h),109,69,76,32,47,217,NA,194,194,33,37,15,15,0.4,0.5
2026-10-08T1700,3171A,115.6069,34.4465,商丘市,梁园区档案局,臭氧1小时(O3_1h),67,42,47,18,23,173,NA,155,155,12,18,6,6,0.3,0.4
2026-10-08T1700,3173A,117.0598,30.5351,安庆市,市人大,臭氧1小时(O3_1h),75,46,44,16,23,180,NA,159,159,14,20,8,9,0.1,0.4
2026-10-08T1700,3178A,119.0587,36.7209,潍坊市,潍坊七中,臭氧1小时(O3_1h),68,46,42,16,15,174,NA,157,157,11,15,8,7,0.5,0.3
2026-10-08T1700,3179A,102.7491,25.012,昆明市,官渡区博物馆,,36,27,46,9,28,115,NA,90,90,8,32,5,5,0.5,0.8
2026-10-08T1700,3180A,99.7122,27.8129,迪庆藏族自治州,质量技术监督局,,27,15,15,7,8,84,NA,71,71,6,10,7,9,0.4,0.4
2026-10-08T1700,3181A,106.776805,31.852614,巴中市,市五中,,41,41,56,22,38,84,NA,56,56,7,14,12,11,0.5,0.6
2026-10-08T1700,3183A,106.7419,31.8654,巴中市,圣泉水务公司,颗粒物(PM10),53,54,49,24,31,75,NA,50,50,9,11,13,12,0.6,0.8
2026-10-08T1700,3187A,116.9508,33.666,宿州市,远航博物馆,臭氧1小时(O3_1h),73,59,73,18,44,178,NA,163,163,11,33,8,12,0.4,0.5
2026-10-08T1700,3188A,115.6684,37.7216,衡水市,市城管局,颗粒物(PM10),84,97,111,29,39,177,NA,156,156,10,18,4,8,0.4,0.4
2026-10-08T1700,3190A,116.0254,29.6995,九江市,外国语学校,NA,NA,42,51,19,35,200,NA,168,168,19,36,NA,16,0.6,0.6
2026-10-08T1700,3191A,118.3243,33.95,宿迁市,宿豫区政府,,43,27,49,11,32,137,NA,142,142,10,21,7,9,0.6,0.7
2026-10-08T1700,3192A,80.0906,32.5029,阿里地区,阿里藏医院,,33,8,18,2,3,105,NA,99,99,4,6,4,5,0.4,0.4
2026-10-08T1700,3194A,112.2749,30.3124,荆州市,管委会,臭氧1小时(O3_1h),68,35,57,25,41,174,NA,168,168,17,31,10,11,0.5,0.7
2026-10-08T1700,3195A,119.3649,32.3961,扬州市,市体育局,臭氧1小时(O3_1h),111,70,78,30,43,222,NA,194,194,17,21,13,13,0.7,0.7
2026-10-08T1700,3200A,115.9772,36.4986,聊城市,监控中心,NA,NA,NA,88,27,40,193,NA,184,184,10,19,9,10,0.4,0.5
2026-10-08T1700,3206A,114.9148,27.8069,新余市,新钢沁园村,臭氧1小时(O3_1h),54,38,41,28,26,163,NA,152,152,14,22,11,14,0.4,0.5
2026-10-08T1700,3207A,118.31131,32.3033,滁州市,市政府原办公楼,臭氧1小时(O3_1h),113,49,52,37,45,225,NA,191,191,18,28,10,9,0.5,0.5
2026-10-08T1700,3208A,112.7279,38.4157,忻州市,市政府,,50,38,60,26,36,160,NA,134,134,13,29,8,10,0.5,0.8
2026-10-08T1700,3209A,119.5231,26.6562,宁德市,宁德一中,,40,32,32,12,19,127,NA,130,130,5,8,5,6,0.5,0.6
2026-10-08T1700,3210A,114.3645,34.7955,开封市,汴京公园,颗粒物(PM10),68,74,95,24,35,154,NA,142,142,13,25,5,7,0.1,0.3
2026-10-08T1700,3216A,117.662,24.5187,漳州市,漳州党校,,45,26,42,12,23,144,NA,128,128,10,13,/,/,/,/
2026-10-08T1700,3237A,117.4918,30.6617,池州市,展览馆,,48,28,38,21,20,151,NA,134,134,10,19,5,5,0.5,0.6
2026-10-08T1700,3241A,103.7439,36.0841,兰州市,百合公园,,45,45,52,19,22,123,NA,86,86,10,26,7,5,0.6,0.6
2026-10-08T1700,3242A,103.9613,35.9985,兰州市,和平,NA,NA,37,42,18,19,126,NA,109,109,NA,15,15,11,0.4,0.2
2026-10-08T1700,3247A,104.9551,33.3709,陇南市,市总工会,NA,NA,33,40,21,18,85,NA,63,63,5,7,8,8,NA,0.6
2026-10-08T1700,3248A,98.2644,39.7723,嘉峪关市,雄关区,颗粒物(PM10),65,70,57,9,14,100,NA,89,89,9,22,11,24,0.4,0.7
2026-10-08T1700,3265A,121.4242,31.3303,上海市,宝山庙行,臭氧1小时(O3_1h),106,77,62,40,34,212,NA,194,194,33,37,15,11,0.8,0.7
2026-10-08T1700,3266A,121.8789,31.4662,上海市,崇明上实东滩,臭氧1小时(O3_1h),57,30,45,16,28,165,NA,184,184,9,16,5,6,0.4,0.4
2026-10-08T1700,3268A,121.316,31.2839,上海市,嘉定南翔,臭氧1小时(O3_1h),100,70,59,42,40,200,NA,193,193,36,55,12,9,0.7,0.6
2026-10-08T1700,3269A,121.3357,30.7455,上海市,金山新城,臭氧1小时(O3_1h),69,28,40,17,27,175,NA,172,172,12,20,6,6,0.7,0.7
2026-10-08T1700,3270A,121.4996,31.0741,上海市,闵行浦江,臭氧1小时(O3_1h),70,38,55,21,36,176,NA,177,177,12,35,8,8,0.0,0.1
2026-10-08T1700,3271A,121.2886,31.1663,上海市,青浦徐泾,臭氧1小时(O3_1h),85,38,53,21,32,188,NA,203,203,23,39,9,9,0.4,0.5
2026-10-08T1700,3272A,121.2193,31.0382,上海市,松江图书馆,臭氧1小时(O3_1h),77,46,56,20,35,181,NA,188,188,15,27,10,10,0.5,0.6
2026-10-08T1700,3273A,121.3904,31.206,上海市,长宁仙霞,臭氧1小时(O3_1h),83,52,55,33,36,186,NA,183,183,33,42,5,4,0.4,0.6
2026-10-08T1700,3274A,121.7964,31.0507,上海市,浦东惠南,臭氧1小时(O3_1h),77,42,47,23,28,181,NA,174,174,10,44,12,12,0.6,0.7
2026-10-08T1700,3282A,113.3399,40.0586,大同市,大同市卫生学校,,47,35,63,15,23,150,NA,134,134,10,31,10,14,0.3,0.5
2026-10-08T1700,3283A,109.9154,40.5684,包头市,滨河大厦,细颗粒物(PM2.5),52,41,48,36,31,146,NA,116,116,15,38,11,12,0.5,0.5
2026-10-08T1700,3284A,106.8129,39.7274,乌海市,海北新区,,34,32,86,5,22,108,NA,92,92,4,23,1,23,0.3,0.7
2026-10-08T1700,3285A,113.1383,40.9513,乌兰察布市,北京八中,,42,32,55,6,16,134,NA,124,124,4,24,4,8,0.8,0.6
2026-10-08T1700,3286A,118.9359,42.3146,赤峰市,桥北物流园区,,44,36,35,30,19,139,NA,158,158,24,22,4,4,0.6,0.6
2026-10-08T1700,3287A,119.3842,32.198,镇江市,富润路1号,臭氧1小时(O3_1h),116,59,71,39,46,231,NA,199,199,18,32,NA,13,0.8,0.7
2026-10-08T1700,3288A,117.4619,34.4368,徐州市,大泉街道,臭氧1小时(O3_1h),59,59,74,22,40,167,NA,152,152,13,24,9,9,0.6,0.6
2026-10-08T1700,3289A,120.7431,31.3188,苏州市,方洲路,臭氧1小时(O3_1h),100,45,57,32,39,200,NA,177,177,16,39,12,10,0.5,0.7
2026-10-08T1700,3290A,120.4979,31.2777,苏州市,木渎中学,臭氧1小时(O3_1h),106,50,45,32,30,211,NA,190,190,23,23,9,8,0.6,0.7
2026-10-08T1700,3291A,121.0631,32.0644,南通市,通州监测站,,45,44,61,12,33,144,NA,154,154,6,11,3,3,0.5,0.7
2026-10-08T1700,3293A,120.1518,33.3369,盐城市,月亮广场,,36,14,18,6,7,114,NA,117,117,5,7,11,11,0.3,0.3
2026-10-08T1700,3294A,119.565282,32.422263,扬州市,引江管理处,臭氧1小时(O3_1h),84,47,68,27,43,187,NA,178,178,13,22,7,8,0.8,0.9
2026-10-08T1700,3295A,120.1226,32.515,泰州市,姜堰区政府广场,臭氧1小时(O3_1h),68,45,51,32,34,174,NA,165,165,9,13,7,10,0.6,0.7
2026-10-08T1700,3298A,113.5718,23.5493,广州市,从化街口,,42,40,38,29,26,127,NA,106,106,7,21,10,10,0.5,0.6
2026-10-08T1700,3299A,113.3463,23.369,广州市,白云竹料,,45,45,43,26,28,130,NA,120,120,8,21,6,7,0.7,0.8
2026-10-08T1700,3300A,113.2981,23.2365,广州市,白云嘉禾,,45,43,38,24,22,143,NA,123,123,15,28,7,8,/,/
2026-10-08T1700,3301A,113.4256,23.1716,广州市,黄埔科学城,,36,31,32,22,24,114,NA,105,105,4,19,6,6,0.7,0.7
2026-10-08T1700,3302A,113.3942,23.0485,广州市,番禺大学城,,46,46,40,18,21,142,NA,134,134,12,31,10,10,0.4,0.4
2026-10-08T1700,3303A,113.4923,22.8169,广州市,南沙黄阁,臭氧1小时(O3_1h),79,68,52,46,31,183,NA,162,162,19,30,14,14,/,/
2026-10-08T1700,3304A,113.534,22.7893,广州市,南沙街,臭氧1小时(O3_1h),65,46,53,29,34,172,NA,163,163,10,20,12,12,0.7,0.8
2026-10-08T1700,3305A,114.0614,22.556,深圳市,莲花,颗粒物(PM10),51,51,40,32,24,129,NA,138,138,14,16,/,/,/,/
2026-10-08T1700,3306A,114.0144,22.6163,深圳市,民治,"颗粒物(PM10),臭氧1小时(O3_1h)",63,67,47,32,27,170,NA,166,166,15,14,/,/,/,/
2026-10-08T1700,3307A,114.1756,22.6421,深圳市,横岗,,49,41,47,23,28,154,NA,162,162,21,19,/,/,/,/
2026-10-08T1700,3308A,113.3493,22.0572,珠海市,金湾,臭氧1小时(O3_1h),80,38,38,18,25,184,NA,164,164,11,16,/,/,0.4,0.5
2026-10-08T1700,3311A,113.1077,22.5647,江门市,江海富民,臭氧1小时(O3_1h),104,65,61,33,34,207,NA,159,159,22,36,/,/,0.5,0.6
2026-10-08T1700,3313A,112.4572,23.0163,肇庆市,高要湖西,臭氧1小时(O3_1h),65,39,37,28,27,172,NA,140,140,12,26,8,10,0.5,0.5
2026-10-08T1700,3314A,114.4334,22.8134,惠州市,惠阳秋长,,45,44,53,24,29,141,NA,137,137,18,23,/,/,/,/
2026-10-08T1700,3315A,116.1234,24.2994,梅州市,梅龙,,38,24,31,12,20,119,NA,118,118,7,11,8,11,0.5,0.6
2026-10-08T1700,3317A,111.9785,21.8954,阳江市,两阳中学,NA,NA,62,50,40,31,163,NA,132,132,NA,22,/,/,0.4,0.4
2026-10-08T1700,3318A,112.9898,23.7403,清远市,清新太和,,42,42,24,27,14,132,NA,69,NA,7,13,10,11,0.8,0.8
2026-10-08T1700,3319A,113.7283,23.041,东莞市,万江金泰,,41,35,39,23,28,130,NA,131,131,9,20,6,8,0.7,0.8
2026-10-08T1700,3320A,116.4028,23.5699,揭阳市,曲溪,,44,44,45,15,22,131,NA,132,132,6,10,8,13,0.6,0.6
2026-10-08T1700,3323A,115.2772,40.9723,张家口市,青少年活动中心,,49,28,27,18,12,155,NA,142,142,5,8,3,2,0.2,0.2
2026-10-08T1700,3324A,116.8011,38.294,沧州市,河北水利电力学院,颗粒物(PM10),93,110,122,32,43,161,NA,145,145,12,22,10,12,0.2,0.3
2026-10-08T1700,3325A,117.0362,39.3827,天津市,雍阳西道,臭氧1小时(O3_1h),73,57,111,22,51,178,NA,158,158,13,38,9,10,0.4,0.5
2026-10-08T1700,3326A,117.0291,39.0612,天津市,辛老路,臭氧1小时(O3_1h),64,61,127,27,67,171,NA,157,157,10,33,8,10,0.7,0.8
2026-10-08T1700,3327A,116.9638,38.9374,天津市,地纬路,臭氧1小时(O3_1h),62,64,109,26,60,169,NA,151,151,12,31,9,11,0.1,0.2
2026-10-08T1700,3328A,118.4209,31.3704,芜湖市,市气象局,臭氧1小时(O3_1h),74,45,48,23,29,179,NA,168,168,9,21,11,11,0.5,0.5
2026-10-08T1700,3329A,117.011,32.5891,淮南市,山南新区,臭氧1小时(O3_1h),100,42,51,17,28,200,NA,183,183,16,19,6,6,0.3,0.3
2026-10-08T1700,3331A,118.3268,32.2633,滁州市,图书馆,臭氧1小时(O3_1h),103,45,48,22,32,206,NA,182,182,17,24,10,9,0.5,0.5
2026-10-08T1700,3332A,115.7631,33.803,亳州市,亳州学院,臭氧1小时(O3_1h),65,43,47,17,21,172,NA,157,157,14,16,7,7,0.4,0.4
2026-10-08T1700,3333A,117.5626,30.695,池州市,第八中学,,47,23,41,14,23,148,NA,138,138,12,15,7,8,0.4,0.6
2026-10-08T1700,3334A,117.5037,30.6242,池州市,第十二中学,臭氧1小时(O3_1h),53,35,38,18,19,162,NA,137,137,16,26,6,5,0.4,0.7
2026-10-08T1700,3335A,113.3137,35.2643,焦作市,马村街道办,臭氧1小时(O3_1h),63,45,59,30,26,170,NA,142,142,11,19,6,5,0.5,0.5
2026-10-08T1700,3336A,113.2464,35.2374,焦作市,焦作技师学院,臭氧1小时(O3_1h),62,60,57,26,22,169,NA,149,149,10,14,5,9,0.4,0.3
2026-10-08T1700,3337A,113.8611,34.0443,许昌市,许昌学院,,50,40,60,19,24,160,NA,143,143,10,25,8,10,0.1,0.2
2026-10-08T1700,3338A,113.8428,34.0825,许昌市,芙蓉广场,,49,45,53,21,26,155,NA,142,142,13,21,9,9,0.4,0.4
2026-10-08T1700,3339A,114.0002,33.0404,驻马店市,小管楼,,50,41,62,17,25,160,NA,154,154,7,16,4,4,0.2,0.3
2026-10-08T1700,3340A,112.6005,34.6323,洛阳市,伊滨,颗粒物(PM10),58,61,67,22,34,156,NA,133,133,13,25,7,7,0.1,0.4
2026-10-08T1700,3341A,112.495,34.6338,洛阳市,中移产业园,臭氧1小时(O3_1h),60,53,63,29,41,168,NA,131,131,10,19,13,13,0.4,0.4
2026-10-08T1700,3342A,128.7948,47.7291,伊春市,中心小学,,20,20,19,8,7,50,NA,57,57,10,7,2,2,0.6,0.4
2026-10-08T1700,3343A,128.6736,47.729,伊春市,检察院,,23,23,23,12,5,54,NA,61,61,11,5,8,7,0.4,0.3
2026-10-08T1700,3345A,131.0413,45.7795,七台河市,中波台,,34,34,18,8,4,45,NA,48,48,11,8,4,3,0.4,0.4
2026-10-08T1700,3346A,108.3871,31.1627,重庆市,安康,,31,31,39,19,22,86,NA,58,58,7,16,9,8,0.3,0.4
2026-10-08T1700,3347A,105.8983,29.36,重庆市,北山路,细颗粒物(PM2.5),56,49,60,38,42,114,NA,97,97,12,21,12,10,0.6,0.7
2026-10-08T1700,3350A,106.648859,29.023807,重庆市,滩子口,,33,30,42,12,22,104,NA,93,93,8,17,12,10,0.3,0.4
2026-10-08T1700,3351A,105.7164,29.7077,重庆市,棠香,颗粒物(PM10),67,73,60,42,36,136,NA,114,114,13,14,12,10,0.6,0.7
2026-10-08T1700,3352A,107.0733,29.8618,重庆市,桃源西路,颗粒物(PM10),63,68,53,30,39,76,NA,59,59,8,11,12,14,0.5,0.6
2026-10-08T1700,3353A,107.3536,29.7283,重庆市,迎宾大道,,38,NA,44,22,31,120,NA,85,85,11,26,4,5,0.4,0.6
2026-10-08T1700,3354A,108.8152,29.5079,重庆市,舟白,,35,35,36,17,18,95,NA,82,82,6,9,6,5,0.3,0.4
2026-10-08T1700,3355A,108.3679,30.8429,重庆市,周家坝,,38,31,42,26,31,80,NA,58,58,19,24,5,6,0.5,0.6
2026-10-08T1700,3356A,108.4323,30.7554,重庆市,百安坝,颗粒物(PM10),71,79,40,40,27,56,NA,57,57,18,15,8,7,0.6,0.5
2026-10-08T1700,3357A,104.0028,30.6891,成都市,金博路,"颗粒物(PM10),细颗粒物(PM2.5)",60,63,75,40,58,112,NA,72,72,14,28,5,5,0.7,0.9
2026-10-08T1700,3359A,104.056,30.5228,成都市,华阳,细颗粒物(PM2.5),82,80,79,51,59,98,NA,84,84,18,22,4,4,0.8,0.8
2026-10-08T1700,3360A,104.7894,29.3197,自贡市,南湖救助站,细颗粒物(PM2.5),64,64,77,42,52,126,NA,95,95,8,17,5,8,0.9,1
2026-10-08T1700,3361A,103.7313,29.563,乐山市,理工大学,细颗粒物(PM2.5),102,84,58,62,43,90,NA,62,62,16,14,10,9,0.8,0.7
2026-10-08T1700,3363A,117.9883,36.8372,淄博市,新区,臭氧1小时(O3_1h),54,46,58,17,31,163,NA,152,152,18,38,8,11,0.6,0.8
2026-10-08T1700,3364A,117.316,34.8106,枣庄市,市环保局,臭氧1小时(O3_1h),72,51,72,18,34,177,NA,153,153,11,24,5,10,0.4,0.4
2026-10-08T1700,3365A,118.5721,37.5654,东营市,垦利区民丰路,臭氧1小时(O3_1h),90,63,61,20,30,192,NA,173,173,15,30,9,9,0.3,0.4
2026-10-08T1700,3366A,121.5202,37.4336,烟台市,中国农业大学,,37,29,21,1,6,118,NA,125,125,4,8,7,8,0.1,0.2
2026-10-08T1700,3368A,119.1978,36.6871,潍坊市,高新实验学校,臭氧1小时(O3_1h),68,48,49,15,15,174,NA,150,150,12,10,9,10,0.6,0.8
2026-10-08T1700,3370A,118.3563,35.0215,临沂市,十里堡居委,,50,48,47,20,25,160,NA,146,146,17,27,7,7,0.5,0.6
2026-10-08T1700,3371A,116.3693,37.44,德州市,开发区人民医院,臭氧1小时(O3_1h),88,95,108,28,45,190,NA,161,161,11,23,11,14,0.4,0.5
2026-10-08T1700,3374A,115.5562,35.089,菏泽市,定陶老年大学,臭氧1小时(O3_1h),65,46,62,20,30,172,NA,166,166,14,21,7,7,0.3,0.3
2026-10-08T1700,3375A,102.8016,24.8336,昆明市,青年创业园,,34,14,29,10,18,108,NA,101,101,6,20,5,5,0.4,0.6
2026-10-08T1700,3376A,103.7926,25.4651,曲靖市,南苑二区,,39,17,30,12,20,122,NA,97,97,5,10,4,4,0.5,0.6
2026-10-08T1700,3377A,103.7442,25.5259,曲靖市,曲靖师范学院,,42,16,32,14,22,132,NA,98,98,6,12,4,4,0.4,0.5
2026-10-08T1700,3379A,122.1122,40.2275,营口市,鲅鱼圈市民活动中心,颗粒物(PM10),71,79,40,22,17,150,NA,140,140,16,14,6,6,0.4,0.4
2026-10-08T1700,3380A,102.8915,34.9618,甘南藏族自治州,甘肃民族师范学院,NA,NA,50,62,45,23,105,NA,89,89,NA,31,NA,10,NA,0.5
2026-10-08T1700,3396A,112.0764,32.0089,襄阳市,襄城隆中路,,49,46,65,24,32,156,NA,140,140,7,14,12,14,0.7,0.7
2026-10-08T1700,3397A,112.1154,32.103,襄阳市,高新台子湾,,49,46,59,21,35,154,NA,142,142,10,17,9,11,0.5,0.6
2026-10-08T1700,3398A,114.9134,30.4446,黄冈市,市林业局,,46,22,47,9,27,146,NA,139,139,9,15,5,8,0.3,0.4
2026-10-08T1700,3399A,112.6703,26.8817,衡阳市,师范学院,,49,36,44,17,25,154,NA,135,135,8,17,10,10,0.5,0.6
2026-10-08T1700,3400A,109.1844,21.4396,北海市,龙潭自来水厂,NA,NA,36,48,17,30,144,NA,163,163,5,14,NA,10,NA,0.6
2026-10-08T1700,3401A,108.4829,22.762,南宁市,红星社区,,48,31,38,14,21,152,NA,136,136,8,19,9,10,0.5,0.6
2026-10-08T1700,3402A,109.5422,24.3994,柳州市,市二中,,49,28,33,14,20,155,NA,135,135,8,18,4,4,0.4,0.4
2026-10-08T1700,3404A,108.5959,21.9634,钦州市,北职校,,41,34,47,16,23,130,NA,125,125,6,14,8,11,0.5,0.7
2026-10-08T1700,3405A,109.5886,23.1172,贵港市,新世纪学校,,46,29,37,16,19,145,NA,130,130,8,12,/,/,0.5,0.5
2026-10-08T1700,3407A,120.6915,30.7741,嘉兴市,秀洲住建,NA,NA,32,47,15,28,199,NA,174,174,16,48,8,8,NA,0.6
2026-10-08T1700,3408A,120.5685,29.936,绍兴市,绍兴中专,臭氧1小时(O3_1h),93,56,38,35,22,194,NA,147,147,18,29,10,8,0.9,0.9
2026-10-08T1700,3409A,120.4905,30.086,绍兴市,柯桥区政府,臭氧1小时(O3_1h),87,42,40,37,27,189,NA,155,155,16,24,9,8,0.5,0.5
2026-10-08T1700,3410A,120.8751,30.0249,绍兴市,重华小学,臭氧1小时(O3_1h),65,44,32,27,25,172,NA,153,153,11,11,9,8,0.4,0.4
2026-10-08T1700,3411A,120.837,30.0137,绍兴市,上虞中学,臭氧1小时(O3_1h),64,41,43,24,27,171,NA,147,147,17,20,7,6,0.8,0.8
2026-10-08T1700,3416A,119.1758,36.7139,潍坊市,潍坊学院,臭氧1小时(O3_1h),72,58,44,19,11,177,NA,159,159,14,18,11,10,0.4,0.4
2026-10-08T1700,3418A,116.8336,40.4095,北京市,密云新城,细颗粒物(PM2.5),110,133,81,70,40,208,NA,156,156,29,25,8,3,0.7,0.5
2026-10-08T1700,3419A,109.9449,40.6259,包头市,包头市委党校,,45,36,48,21,24,142,NA,116,116,21,40,11,14,0.5,0.6
2026-10-08T1700,3421A,113.1776,40.9779,乌兰察布市,市委党校,,45,32,46,18,21,141,NA,132,132,6,26,5,6,0.5,0.6
2026-10-08T1700,3422A,118.8443,31.919,南京市,江宁彩虹桥,臭氧1小时(O3_1h),109,53,56,22,25,218,NA,197,197,3,42,7,7,NA,0.7
2026-10-08T1700,3425A,120.642,31.1733,苏州市,越秀幼儿园,臭氧1小时(O3_1h),107,57,56,35,39,213,NA,181,181,17,38,8,7,0.6,0.7
2026-10-08T1700,3426A,118.8757,33.2897,淮安市,新华书店,,50,50,49,23,25,154,NA,138,138,8,17,12,11,0.9,1
2026-10-08T1700,3427A,118.8497,32.3599,南京市,六合雄州,臭氧1小时(O3_1h),102,42,67,21,37,203,NA,180,180,27,31,4,4,0.5,0.5
2026-10-08T1700,3429A,119.8595,31.706,常州市,武进经发区,臭氧1小时(O3_1h),103,46,73,27,43,205,NA,179,179,14,54,11,13,0.6,0.7
2026-10-08T1700,3430A,119.5812,31.7256,常州市,金坛城区,臭氧1小时(O3_1h),101,NA,38,30,38,201,NA,184,184,12,25,11,10,0.7,0.7
2026-10-08T1700,3431A,120.6502,31.4117,苏州市,高铁新城,臭氧1小时(O3_1h),75,56,70,31,37,180,NA,174,174,45,76,11,11,0.7,0.8
2026-10-08T1700,3432A,120.9348,31.9874,南通市,环境教育馆,臭氧1小时(O3_1h),106,80,69,31,42,211,NA,193,193,20,24,8,6,0.7,0.7
2026-10-08T1700,3434A,119.2414,34.6539,连云港市,工贸学校,,39,19,14,8,7,124,NA,128,128,13,11,11,10,0.8,0.5
2026-10-08T1700,3435A,119.9186,32.4322,泰州市,周山河街区,臭氧1小时(O3_1h),93,56,72,27,57,194,NA,175,175,12,17,11,11,0.6,0.5
2026-10-08T1700,3436A,120.4283,33.2048,盐城市,大丰高级中学,,40,19,24,2,11,127,NA,137,137,9,18,8,8,0.4,0.4
2026-10-08T1700,3437A,88.3088,43.3637,乌鲁木齐市,达坂城区环保局,,33,23,44,8,9,103,NA,78,78,3,10,6,11,0.2,0.3
2026-10-08T1700,3438A,87.6132,43.8791,乌鲁木齐市,红光山片区,颗粒物(PM10),65,71,56,21,19,75,NA,44,44,17,30,7,6,0.4,0.5
2026-10-08T1700,3439A,87.7008,43.8003,乌鲁木齐市,新师大温泉校区,NA,NA,93,64,26,22,85,NA,62,62,NA,19,5,3,0.3,0.4
2026-10-08T1700,3440A,87.4892,43.84,乌鲁木齐市,大绿谷,颗粒物(PM10),59,62,54,35,13,82,NA,54,54,16,31,3,3,0.5,0.6
2026-10-08T1700,3441A,87.5461,44.1909,五家渠市,经开区管委会,颗粒物(PM10),51,51,48,28,22,81,NA,61,61,4,11,8,6,0.2,0.2
2026-10-08T1700,3442A,86.047,44.2331,石河子市,南区管委会,,34,34,41,0,5,81,NA,72,72,10,12,7,6,0.3,0.3
2026-10-08T1700,3443A,113.2905,23.5541,广州市,花都梯面,NA,NA,35,30,23,21,95,NA,103,103,NA,34,10,10,/,/
2026-10-08T1700,3444A,116.4539,23.2684,汕头市,潮南峡山,NA,NA,36,33,13,18,121,NA,119,118,9,12,NA,9,0.3,0.4
2026-10-08T1700,3445A,113.786,23.7479,广州市,从化良口,,34,30,22,21,17,106,NA,99,99,6,10,8,6,/,/
2026-10-08T1700,3446A,113.805,23.2614,广州市,增城荔城,,40,32,30,28,21,107,NA,104,104,8,19,11,11,0.6,0.6
2026-10-08T1700,3447A,114.344,22.7115,深圳市,坪山,,42,36,47,20,27,133,NA,146,146,17,25,6,7,0.6,0.7
2026-10-08T1700,3448A,113.5436,22.1163,珠海市,横琴,臭氧1小时(O3_1h),52,42,43,21,24,161,NA,155,155,11,15,/,/,/,/
2026-10-08T1700,3449A,113.0496,22.4669,江门市,新会银湖,臭氧1小时(O3_1h),89,80,58,34,38,191,NA,150,150,26,37,7,6,0.6,0.6
2026-10-08T1700,3450A,111.0101,21.5165,茂名市,电白水东,,48,48,42,29,24,144,NA,136,136,10,12,6,9,/,/
2026-10-08T1700,3451A,112.5617,23.2082,肇庆市,鼎湖凤凰,臭氧1小时(O3_1h),59,47,28,26,18,167,NA,140,140,19,14,12,10,/,/
2026-10-08T1700,3452A,114.6521,22.7755,惠州市,大亚湾霞涌,,48,48,49,23,25,144,NA,133,133,12,11,/,/,/,/
2026-10-08T1700,3453A,112.0125,21.8749,阳江市,阳东陶然,臭氧1小时(O3_1h),75,61,49,38,33,180,NA,152,152,15,18,10,10,0.5,0.5
2026-10-08T1700,3454A,113.3527,22.4781,中山市,中山南区,臭氧1小时(O3_1h),103,NA,37,52,29,206,NA,172,172,16,19,8,8,0.8,0.7
2026-10-08T1700,3455A,113.076,23.72,清远市,清城东城,,40,34,32,23,19,126,NA,121,121,5,14,/,/,/,/
2026-10-08T1700,3456A,114.2887,38.0905,石家庄市,鹿泉一中,臭氧1小时(O3_1h),80,82,79,22,19,184,NA,159,159,20,20,10,11,0.7,0.7
2026-10-08T1700,3457A,118.4357,39.277,唐山市,冀东油田职工医院,臭氧1小时(O3_1h),95,90,69,31,29,196,NA,174,174,15,24,5,6,0.5,0.6
2026-10-08T1700,3458A,114.7893,36.5592,邯郸市,香泉濮院小区,臭氧1小时(O3_1h),74,64,96,25,48,179,NA,160,160,12,23,2,4,0.5,0.8
2026-10-08T1700,3459A,115.599,37.5491,衡水市,地表水厂,颗粒物(PM10),90,105,141,26,39,179,NA,158,158,6,24,3,4,0.4,0.5
2026-10-08T1700,3460A,117.4065,40.0583,天津市,北环路,臭氧1小时(O3_1h),107,76,74,41,41,214,NA,165,165,17,18,NA,8,0.6,0.6
2026-10-08T1700,3461A,117.3041,39.7167,天津市,建设路,臭氧1小时(O3_1h),80,52,92,26,48,184,NA,157,157,17,50,7,8,0.4,0.6
2026-10-08T1700,3462A,117.8201,39.3519,天津市,滨水东路,NA,NA,NA,NA,NA,NA,NA,NA,NA,NA,NA,NA,NA,NA,NA,NA
2026-10-08T1700,3463A,116.9708,33.5911,宿州市,社会福利中心,臭氧1小时(O3_1h),65,49,83,17,45,172,NA,162,162,15,37,9,28,0.5,0.5
2026-10-08T1700,3464A,117.3802,31.9148,合肥市,高教基地,臭氧1小时(O3_1h),73,39,46,13,25,178,NA,164,164,13,24,10,9,0.6,0.6
2026-10-08T1700,3465A,118.4783,31.3226,芜湖市,清苑社区,臭氧1小时(O3_1h),65,44,51,22,29,172,NA,168,168,20,45,9,9,0.6,0.6
2026-10-08T1700,3466A,118.2746,31.2326,芜湖市,扬子职业技术学院,臭氧1小时(O3_1h),75,40,54,28,27,180,NA,163,163,13,17,8,8,0.5,0.5
2026-10-08T1700,3468A,115.79,32.8614,阜阳市,市规划展馆,臭氧1小时(O3_1h),88,38,51,16,28,190,NA,170,170,12,15,8,8,0.5,0.5
2026-10-08T1700,3469A,115.835101,32.918568,阜阳市,枣园社区,臭氧1小时(O3_1h),85,40,56,17,32,188,NA,166,166,17,32,6,6,0.3,0.4
2026-10-08T1700,3471A,113.6104,34.8688,郑州市,惠济区政府,颗粒物(PM10),52,52,61,28,31,154,NA,136,136,11,33,3,3,0.4,0.5
2026-10-08T1700,3473A,114.2485,34.8306,开封市,技师学院,颗粒物(PM10),62,66,73,26,26,159,NA,145,145,8,12,5,5,0.1,0.2
2026-10-08T1700,3474A,114.2616,35.6824,鹤壁市,大新区,臭氧1小时(O3_1h),67,60,112,28,40,173,NA,140,140,9,35,10,11,0.3,0.3
2026-10-08T1700,3475A,113.9189,35.3042,新乡市,市政府,臭氧1小时(O3_1h),62,56,70,25,28,169,NA,144,144,12,23,1,2,0.2,0.2
2026-10-08T1700,3477A,113.1656,35.2536,焦作市,中站许衡医院,,49,47,53,23,24,156,NA,138,138,8,11,10,9,0.2,0.3
2026-10-08T1700,3478A,113.9691,33.568,漯河市,市图书馆,臭氧1小时(O3_1h),63,55,59,22,21,170,NA,152,152,15,20,11,12,0.5,0.5
2026-10-08T1700,3481A,125.127,46.6277,大庆市,萨区政府监测点,,22,16,15,6,4,69,NA,69,69,4,3,6,7,0.4,0.4
2026-10-08T1700,3482A,107.754,29.3275,重庆市,芙蓉中路,,18,18,23,9,12,46,NA,45,45,32,16,10,9,0.5,0.5
2026-10-08T1700,3484A,106.2629,29.3202,重庆市,行政中心,,48,48,61,32,38,124,NA,111,111,16,27,12,12,0.4,0.5
2026-10-08T1700,3486A,124.4029,43.1411,四平市,植物园,颗粒物(PM10),62,66,49,29,22,101,NA,133,133,20,24,8,10,0.6,0.5
2026-10-08T1700,3488A,104.387954,30.746684,成都市,青白江技师分院,颗粒物(PM10),65,70,74,31,53,113,NA,86,86,8,29,4,5,0.9,1
2026-10-08T1700,3489A,104.0788,30.4054,成都市,科学城,细颗粒物(PM2.5),86,73,86,53,61,116,NA,87,87,18,25,8,9,0.9,1
2026-10-08T1700,3491A,104.6899,31.5324,绵阳市,西科大附属小学,颗粒物(PM10),53,54,77,31,42,109,NA,74,74,8,23,10,10,0.4,0.6
2026-10-08T1700,3492A,104.5647,31.5343,绵阳市,安州区旅游局,颗粒物(PM10),55,56,71,23,47,100,NA,76,76,8,16,7,7,0.5,0.5
2026-10-08T1700,3494A,117.1673,36.9782,济南市,济阳区政府,NA,NA,59,83,14,34,190,NA,169,169,15,39,6,7,NA,0.5
2026-10-08T1700,3495A,117.1168,36.6299,济南市,锦屏中学,臭氧1小时(O3_1h),90,54,51,19,25,192,NA,175,175,8,10,8,9,0.4,0.4
2026-10-08T1700,3496A,118.359,35.1067,临沂市,南坊新区,臭氧1小时(O3_1h),63,44,43,20,23,170,NA,160,160,13,19,5,4,0.4,0.6
2026-10-08T1700,3498A,118.5063,37.8606,东营市,河口城区,臭氧1小时(O3_1h),113,92,71,26,31,225,NA,193,193,12,24,11,12,0.7,0.7
2026-10-08T1700,3500A,116.5808,35.3703,济宁市,北湖一中,臭氧1小时(O3_1h),78,47,58,22,34,182,NA,164,164,8,15,4,6,0.4,0.5
2026-10-08T1700,3501A,116.8251,35.5592,济宁市,服务中心,臭氧1小时(O3_1h),62,54,72,26,35,169,NA,153,153,12,24,11,11,0.4,0.5
2026-10-08T1700,3502A,117.1812,36.2273,泰安市,国网新校,臭氧1小时(O3_1h),78,61,47,24,32,182,NA,162,162,7,10,7,7,0.4,0.5
2026-10-08T1700,3503A,117.0315,36.2017,泰安市,交通技校,NA,NA,NA,61,NA,32,196,NA,170,170,12,31,10,11,0.4,0.5
2026-10-08T1700,3504A,117.083,36.13,泰安市,山东第一医科大学,臭氧1小时(O3_1h),85,51,75,22,38,188,NA,166,166,10,29,12,14,0.8,1
2026-10-08T1700,3505A,122.1379,37.3414,威海市,临港区管委会,,39,14,16,2,6,122,NA,119,119,7,9,4,5,0.2,0.2
2026-10-08T1700,3507A,119.5326,35.4627,日照市,职业技术学院,,38,7,16,1,5,119,NA,118,118,4,16,8,10,0.3,0.3
2026-10-08T1700,3511A,116.5687,37.3331,德州市,陵城艺术中心,臭氧1小时(O3_1h),80,88,102,20,40,184,NA,167,167,10,19,4,7,0.4,0.5
2026-10-08T1700,3513A,116.0443,36.436,聊城市,九州社区,NA,NA,72,91,22,45,195,NA,177,177,NA,20,7,12,0.4,0.5
2026-10-08T1700,3514A,117.9379,37.3959,滨州市,中海酒店,臭氧1小时(O3_1h),97,53,88,23,50,197,NA,168,168,11,37,12,15,0.2,0.5
2026-10-08T1700,3515A,117.9381509,37.35547456,滨州市,开发区一中,臭氧1小时(O3_1h),94,75,108,25,56,195,NA,172,172,12,36,11,13,0.7,0.8
2026-10-08T1700,3516A,118.0914,37.6938,滨州市,金海六路,臭氧1小时(O3_1h),99,56,83,19,42,199,NA,170,170,10,34,11,14,0.1,0.3
2026-10-08T1700,3520A,106.3495,38.9837,石嘴山市,妇女儿童医院,颗粒物(PM10),54,55,83,22,36,145,NA,109,109,11,28,15,19,0.7,0.8
2026-10-08T1700,3521A,106.7495,39.2068,石嘴山市,石大公路,NA,NA,72,101,NA,37,115,NA,111,111,14,33,11,13,0.6,0.7
2026-10-08T1700,3523A,106.5105,38.3857,银川市,滨河新区,,50,47,52,14,20,159,NA,113,113,13,21,24,22,0.6,0.7
2026-10-08T1700,3525A,108.6394,34.408,咸阳市,奥体中心,臭氧1小时(O3_1h),62,47,69,28,40,169,NA,133,133,10,26,6,6,0.5,0.6
2026-10-08T1700,3526A,119.5188,25.9666,福州市,吴航,,42,25,26,9,12,134,NA,128,128,2,5,8,9,0.4,0.5
2026-10-08T1700,3527A,118.0961,24.5689,厦门市,集美中学,,43,32,31,12,15,136,NA,123,122,6,6,3,2,0.4,0.4
2026-10-08T1700,3528A,118.1502,24.7246,厦门市,同安二实小,,39,28,21,16,14,123,NA,122,113,6,6,2,3,0.6,0.7
2026-10-08T1700,3530A,117.6288,24.5309,漳州市,西洋坪路,,44,22,43,5,9,139,NA,121,121,8,12,4,6,0.3,0.4
2026-10-08T1700,3531A,110.296,25.1254,桂林市,旅游学院,,48,28,41,17,24,151,NA,131,131,7,18,4,4,0.6,0.7
2026-10-08T1700,3532A,110.1951,22.6832,玉林市,玉林师范学院东校区,臭氧1小时(O3_1h),54,30,38,19,22,163,NA,140,140,9,18,6,11,0.4,0.5
2026-10-08T1700,3533A,110.0527,22.5894,玉林市,福绵环保局,臭氧1小时(O3_1h),67,30,37,14,21,173,NA,156,156,13,17,9,10,0.5,0.6
2026-10-08T1700,3534A,111.4744,24.455,贺州市,西湾,,39,24,39,15,23,124,NA,109,109,7,12,12,11,0.4,0.8
2026-10-08T1700,3535A,109.1781,23.7293,来宾市,兴宾区政府,,49,32,34,14,18,154,NA,139,139,6,10,9,8,0.3,0.4
2026-10-08T1700,3538A,107.5175,26.2977,黔南布依族苗族自治州,沙坝,,34,12,19,10,11,107,NA,88,88,4,8,4,3,0.4,0.4
2026-10-08T1700,3539A,110.5111,19.9737,海口市,桂林洋子站,,37,36,37,17,19,118,NA,126,124,8,9,/,/,/,/
2026-10-08T1700,3540A,109.7348,18.3443,三亚市,君悦子站,NA,NA,32,25,15,14,83,NA,92,92,7,8,4,4,NA,0.7
2026-10-08T1700,3541A,109.5726195,19.51688767,儋州市,第一中学子站,,38,38,40,19,20,107,NA,107,107,6,5,2,3,0.6,0.6
2026-10-08T1700,3542A,109.5567,19.5187,儋州市,东坡学校子站,NA,NA,38,34,20,19,118,NA,117,117,NA,6,NA,6,0.6,0.6
2026-10-08T1700,3544A,121.4891,30.925,上海市,奉贤南桥新城,臭氧1小时(O3_1h),97,37,61,21,31,197,NA,194,194,16,31,7,7,0.3,0.4
2026-10-08T1700,3545A,110.8053,32.8401,十堰市,郧阳区金沙路,,45,41,26,30,13,141,NA,110,110,10,10,11,9,0.8,0.7
2026-10-08T1700,3546A,111.4606,30.5519,宜昌市,猇亭区张家湾站,臭氧1小时(O3_1h),73,48,44,27,25,178,NA,138,138,5,11,11,10,0.3,0.3
2026-10-08T1700,3547A,112.1631,31.0134,荆门市,龙泉中学南校,臭氧1小时(O3_1h),87,50,57,26,27,189,NA,178,178,9,15,10,12,0.3,0.4
2026-10-08T1700,3549A,109.5061,30.3771,恩施土家族苗族自治州,龙凤新区,,35,35,33,24,19,78,NA,76,76,20,8,5,6,0.5,0.5
2026-10-08T1700,3550A,102.8,24.9787,昆明市,昆明学院,,38,18,59,11,26,120,NA,92,92,7,28,6,6,0.8,1.2
2026-10-08T1700,3551A,102.5969,24.6738,昆明市,晋宁区生态环境分局,,30,14,30,12,22,94,NA,90,90,5,16,2,2,0.6,0.7
2026-10-08T1700,3552A,102.6673,24.9861,昆明市,云天化总部,,35,12,32,11,19,111,NA,99,99,8,20,6,6,0.4,0.4
2026-10-08T1700,3557A,119.9463,30.0496,杭州市,镇二中,,45,37,46,14,29,142,NA,130,130,15,28,8,8,0.4,0.6
2026-10-08T1700,3558A,119.7184,30.2367,杭州市,市府大楼,臭氧1小时(O3_1h),57,24,29,15,24,165,NA,141,141,13,19,8,8,0.3,0.4
2026-10-08T1700,3560A,120.4715,30.0414,绍兴市,柯桥妇保,臭氧1小时(O3_1h),95,60,42,35,25,196,NA,152,152,13,15,9,8,0.7,0.7
2026-10-08T1700,3561A,120.6985,27.9252,温州市,茶山,,45,30,34,12,17,142,NA,131,131,12,21,/,/,/,/
2026-10-08T1700,3562A,120.4146,30.8538,湖州市,南浔区站,臭氧1小时(O3_1h),87,32,62,22,42,189,NA,172,172,12,31,11,12,0.4,0.5
2026-10-08T1700,3564A,121.25678,28.66823971,台州市,台州科技职业学院,,43,41,40,19,19,135,NA,132,132,12,21,10,10,0.6,0.7
2026-10-08T1700,3565A,113.1371,40.1122,大同市,云冈站,,47,36,62,19,22,150,NA,131,131,10,16,11,11,0.3,0.4
2026-10-08T1700,3566A,113.1186,40.2556,大同市,图书馆,颗粒物(PM10),51,51,52,21,18,148,NA,128,128,12,13,14,11,0.7,0.8
2026-10-08T1700,3567A,113.5931,40.0459,大同市,区一中,,50,47,58,12,27,158,NA,139,139,11,17,11,14,0.6,0.8
2026-10-08T1700,3568A,113.0603,36.0464,长治市,向阳小学,,49,39,64,20,21,155,NA,138,138,9,13,10,9,0.2,0.3
2026-10-08T1700,3569A,112.8788,36.315,长治市,屯留一中,,46,30,35,9,16,147,NA,140,140,8,14,15,14,0.4,0.3
2026-10-08T1700,3571A,112.2938,39.5296,朔州市,一水厂,,43,38,45,15,16,136,NA,124,124,16,30,4,4,0.6,0.6
2026-10-08T1700,3575A,118.0927,39.5807,唐山市,正泰大街热力站,臭氧1小时(O3_1h),100,72,73,30,35,200,NA,171,171,13,31,5,7,0.4,0.6
2026-10-08T1700,3576A,118.1561,39.8322,唐山市,丰润区政府,臭氧1小时(O3_1h),93,60,89,33,34,194,NA,160,160,13,43,8,10,0.6,0.9
2026-10-08T1700,3577A,118.436906,39.73802,唐山市,金山小学,臭氧1小时(O3_1h),95,76,71,26,30,196,NA,167,167,19,31,10,9,0.6,0.7
2026-10-08T1700,3578A,118.2449,39.6693,唐山市,政府服务中心,臭氧1小时(O3_1h),98,73,76,36,39,198,NA,166,166,19,36,12,8,0.5,0.6
2026-10-08T1700,3580A,114.1998,36.4439,邯郸市,峰峰矿区临水派出所,臭氧1小时(O3_1h),74,56,41,30,27,179,NA,166,166,10,12,6,9,0.7,0.7
2026-10-08T1700,3581A,115.3136,38.9511,保定市,满城区生态环境分局,臭氧1小时(O3_1h),115,107,104,41,43,230,NA,166,166,10,22,13,4,0.8,0.6
2026-10-08T1700,3582A,115.4709,38.7628,保定市,清苑区第二中学,臭氧1小时(O3_1h),83,81,130,36,70,186,NA,157,157,7,28,7,8,0.5,0.7
2026-10-08T1700,3583A,115.6231,39.0223,保定市,徐水物探局,臭氧1小时(O3_1h),114,118,134,56,64,228,NA,156,156,15,54,12,5,0.8,0.6
2026-10-08T1700,3590A,113.8362,34.566,郑州市,北区建设指挥部,臭氧1小时(O3_1h),52,49,70,20,37,161,NA,146,146,12,36,5,8,0.4,0.5
2026-10-08T1700,3591A,113.3029,34.8041,郑州市,上街区政府,颗粒物(PM10),53,54,68,34,38,161,NA,127,127,10,27,7,11,0.4,0.6
2026-10-08T1700,3592A,114.4518,34.7503,开封市,祥符区生态环境局,,49,49,106,27,38,154,NA,148,148,14,39,6,6,0.3,0.4
2026-10-08T1700,3593A,112.5736,34.8993,洛阳市,吉利监测站,臭氧1小时(O3_1h),58,49,59,22,30,166,NA,152,152,9,24,11,13,0.2,0.5
2026-10-08T1700,3594A,112.8736,33.9068,平顶山市,石龙区,,47,41,72,22,30,149,NA,133,133,1,26,7,8,0.6,0.7
2026-10-08T1700,3596A,114.1573,35.9607,鹤壁市,南山宾馆,NA,NA,NA,69,28,30,170,NA,151,151,12,14,10,12,0.1,0.2
2026-10-08T1700,3598A,111.1031,34.719,三门峡市,富达温泉假日酒店,,41,35,36,15,18,130,NA,122,122,11,17,11,11,0.5,0.5
2026-10-08T1700,3599A,106.2648,29.9853,重庆市,书院路,,33,21,50,13,56,104,NA,81,81,8,12,6,6,0.7,0.9
2026-10-08T1700,3600A,106.2334,29.5583,重庆市,虎峰,颗粒物(PM10),51,51,59,24,37,136,NA,109,109,15,18,10,17,0.6,0.7
2026-10-08T1700,3601A,106.0497,29.8345,重庆市,龙门街,,47,46,69,29,45,149,NA,125,125,18,19,10,11,0.8,0.9
2026-10-08T1700,3604A,119.3267,35.1043,日照市,岚山环保分局,,38,9,27,2,8,121,NA,132,132,10,14,9,12,0.4,0.5
2026-10-08T1700,3605A,109.1019,34.5302,西安市,无线电监控中心,颗粒物(PM10),54,55,68,21,42,147,NA,128,128,13,24,8,9,0.6,0.7
2026-10-08T1700,3610A,105.5931,29.4105,重庆市,昌元,细颗粒物(PM2.5),119,NA,60,80,57,131,NA,113,113,18,18,10,10,0.8,0.8
2026-10-08T1700,3612A,85.1045,45.6895,克拉玛依市,白碱滩区新站,颗粒物(PM10),51,51,28,2,4,83,NA,73,73,5,5,6,6,0.1,0.1
2026-10-08T1700,3613A,87.3069,44.0093,昌吉回族自治州,亚心广场,,48,48,43,19,11,87,NA,71,71,8,14,13,9,0.4,0.3
2026-10-08T1700,3614A,79.9241,37.0878,和田地区,地区环保局,颗粒物(PM10),120,171,239,54,68,40,NA,40,40,1,14,3,7,0.5,0.7
2026-10-08T1700,3615A,79.9132,37.1137,和田地区,市环保局,颗粒物(PM10),126,186,252,47,74,103,NA,66,66,2,26,1,7,0.4,0.8
2026-10-08T1700,3616A,106.7617,31.8343,巴中市,市中心医院,,39,39,64,24,39,80,NA,56,56,13,18,12,11,0.6,0.7
2026-10-08T1700,3617A,105.8047,32.4167,广元市,经开区,颗粒物(PM10),59,62,60,38,40,95,NA,68,68,14,25,29,13,1.0,0.8
2026-10-08T1700,3618A,112.4702,37.7821,太原市,金胜,臭氧1小时(O3_1h),75,50,88,22,47,180,NA,148,148,15,23,12,15,0.4,0.6
2026-10-08T1700,3619A,113.6169,37.8565,阳泉市,龙柱,NA,NA,54,87,26,33,147,NA,113,113,16,48,NA,26,0.7,1
2026-10-08T1700,3620A,112.8258,35.4804,晋城市,泽州一中,臭氧1小时(O3_1h),59,47,53,18,18,167,NA,142,142,10,22,11,9,0.6,0.8
2026-10-08T1700,3622A,113.5556,24.8082,韶关市,碧湖山庄,,42,42,40,26,25,128,NA,107,107,10,14,7,9,0.3,0.3
2026-10-08T1700,3623A,113.8952,22.586,深圳市,西乡,臭氧1小时(O3_1h),74,60,48,32,26,179,NA,175,175,19,20,5,5,0.7,0.7
2026-10-08T1700,3624A,116.4069,23.2533,汕头市,潮南子站,,46,46,42,13,19,113,NA,117,111,9,11,7,10,/,/
2026-10-08T1700,3625A,113.2568,22.7629,佛山市,容桂街道办,臭氧1小时(O3_1h),85,53,41,37,29,188,NA,146,146,6,18,/,/,/,/
2026-10-08T1700,3628A,112.0335,22.9376,云浮市,文笔,臭氧1小时(O3_1h),67,38,47,26,25,173,NA,139,139,8,20,10,20,0.4,0.3
2026-10-08T1700,3629A,101.8304,36.5785,西宁市,世纪职校,,40,40,35,20,24,119,NA,90,90,14,28,11,10,0.7,0.8
2026-10-08T1700,3633A,118.4914,31.681,马鞍山市,雨山,臭氧1小时(O3_1h),83,34,54,22,31,186,NA,184,184,13,25,9,10,0.5,0.7
2026-10-08T1700,3635A,112.3678,34.6623,洛阳市,河科大西苑校区,臭氧1小时(O3_1h),77,60,65,34,37,181,NA,143,143,14,25,24,16,0.6,0.6
2026-10-08T1700,3636A,112.4387,34.678,洛阳市,英才小学,颗粒物(PM10),60,63,83,30,43,163,NA,129,129,12,34,13,12,0.4,0.6
2026-10-08T1700,3637A,131.0136,45.7688,七台河市,人民广场,,32,32,25,8,5,40,NA,44,44,16,14,5,5,0.4,0.4
2026-10-08T1700,3638A,104.7637,29.3373,自贡市,轻化工大学,NA,NA,79,76,55,57,116,NA,91,91,10,19,NA,16,0.8,0.8
2026-10-08T1700,3642A,120.3454,36.0735,青岛市,市北区南部,,42,13,14,2,1,134,NA,121,121,6,8,8,8,0.3,0.4
2026-10-08T1700,3643A,120.3897,36.18,青岛市,李沧区北部,,43,19,21,3,3,137,NA,123,123,10,18,4,4,0.5,0.5
2026-10-08T1700,3644A,117.8662,36.8049,淄博市,三金集团,臭氧1小时(O3_1h),80,44,76,22,38,184,NA,164,164,15,38,8,10,0.4,0.7
2026-10-08T1700,3645A,118.0259,36.8409,淄博市,东风化工厂,臭氧1小时(O3_1h),89,48,65,19,34,191,NA,171,171,12,34,9,12,0.6,0.7
2026-10-08T1700,3646A,118.4979,37.4623,东营市,胜利站,臭氧1小时(O3_1h),87,59,67,2,25,189,NA,172,172,20,38,12,14,0.3,0.4
2026-10-08T1700,3648A,106.2176,37.9832,吴忠市,文卫南街,,45,44,68,22,26,143,NA,116,116,9,18,9,13,0.3,0.4
2026-10-08T1700,3650A,105.1696,37.5164,中卫市,沙坡头区政府站,,40,32,59,28,27,115,NA,110,110,3,10,3,4,0.1,0.1
2026-10-08T1700,3654A,114.8093,30.4091,鄂州市,精准医疗中心,,47,38,54,13,31,149,NA,136,136,14,25,4,9,0.4,0.7
2026-10-08T1700,3655A,114.3379,29.8683,咸宁市,长江产业园,,49,30,33,20,21,155,NA,140,140,10,14,7,6,0.4,0.4
2026-10-08T1700,3656A,120.1554,30.2863,杭州市,消防大队,臭氧1小时(O3_1h),70,50,44,32,30,176,NA,153,153,17,27,12,11,0.6,0.6
2026-10-08T1700,3658A,120.6156,30.0762,绍兴市,袍江中学,臭氧1小时(O3_1h),73,48,49,26,32,178,NA,146,146,19,25,9,8,0.5,0.5
2026-10-08T1700,3659A,119.656,29.1132,金华市,气象局,,47,31,54,11,30,150,NA,141,141,13,36,7,7,0.3,0.5
2026-10-08T1700,3662A,123.6341,47.2079,齐齐哈尔市,富区青少年活动中心,,28,28,29,6,3,55,NA,60,60,12,10,4,4,0.5,0.5
2026-10-08T1700,3663A,124.117,50.4279,大兴安岭地区,红旗社区,,20,9,17,8,9,64,NA,59,59,8,11,3,2,0.4,0.4
2026-10-08T1700,3664A,119.4171,34.734,连云港市,连云街道,,37,16,15,6,6,117,NA,111,111,8,14,12,13,0.2,0.3
2026-10-08T1700,3665A,76.1654,39.7157,克孜勒苏柯尔克孜自治州,克州文化中心,,34,31,124,16,50,108,NA,101,101,3,10,2,3,0.2,0.2
2026-10-08T1700,3667A,111.0279,35.0543,运城市,水利职院,,38,32,37,2,14,120,NA,119,119,7,12,6,9,0.4,0.5
2026-10-08T1700,3669A,114.4706,36.0634,安阳市,左辅环卫站,颗粒物(PM10),91,107,134,20,39,175,NA,157,157,11,36,7,7,0.7,0.7
2026-10-08T1700,3670A,111.0522,35.0439,运城市,禹都公园,,39,29,35,17,15,124,NA,123,123,7,12,6,9,0.7,0.8
2026-10-08T1700,3671A,116.0879,39.9725,北京市,门头沟三家店,细颗粒物(PM2.5),123,139,87,85,45,203,NA,162,162,27,29,6,4,0.6,0.6
2026-10-08T1700,3672A,116.1507,39.8246,北京市,丰台云岗,细颗粒物(PM2.5),123,143,106,85,51,195,NA,157,157,26,28,6,6,0.6,0.6
2026-10-08T1700,3674A,115.9578,39.7602,北京市,房山燕山,细颗粒物(PM2.5),122,169,99,84,51,204,NA,160,160,29,20,6,4,0.7,0.6
2026-10-08T1700,3675A,116.4669,39.7734,北京市,大兴旧宫,臭氧1小时(O3_1h),105,106,97,54,50,210,NA,145,145,18,40,8,5,0.8,0.6
2026-10-08T1700,3677A,98.5887,24.4366,德宏傣族景颇族自治州,芒市人民政府综合楼,,27,27,35,13,15,81,NA,66,66,6,10,6,6,0.4,0.5
2026-10-08T1700,3678A,116.5907,35.4054,济宁市,市第七中学,臭氧1小时(O3_1h),60,56,64,22,32,168,NA,152,152,12,18,5,7,0.4,0.5
2026-10-08T1700,3683A,109.8332,40.6577,包头市,昆区政府,,48,48,56,22,27,139,NA,110,110,19,43,10,13,0.5,0.7
2026-10-08T1700,3684A,130.8639,45.8144,七台河市,新建矿广场,颗粒物(PM10),55,56,46,17,10,42,NA,44,43,16,20,7,7,0.0,0.2
2026-10-08T1700,3685A,117.897,28.4316,上饶市,双创科技城,臭氧1小时(O3_1h),54,31,41,12,24,163,NA,158,158,7,17,4,8,0.4,0.5
2026-10-08T1700,3689A,113.9002,35.372,新乡市,行政服务中心,臭氧1小时(O3_1h),60,39,59,22,30,168,NA,149,149,12,26,6,7,0.5,0.5
2026-10-08T1700,3690A,115.9718,28.7032,南昌市,外国语学校,,43,42,42,20,26,135,NA,135,135,14,20,10,10,0.3,0.3
2026-10-08T1700,3692A,118.2043,39.6703,唐山市,消防缸窑路中队,臭氧1小时(O3_1h),103,89,95,31,32,206,NA,174,174,14,33,16,14,0.3,0.7
2026-10-08T1700,3693A,118.1432,39.6203,唐山市,路南电大,臭氧1小时(O3_1h),95,77,71,36,35,196,NA,166,166,16,31,8,7,0.5,0.7
2026-10-08T1700,3694A,115.9859,40.4562,北京市,延庆石河营,臭氧1小时(O3_1h),97,103,74,57,38,197,NA,139,139,18,22,6,5,0.6,0.5
2026-10-08T1700,3695A,116.6151,40.3052,北京市,怀柔新城,细颗粒物(PM2.5),100,113,71,60,39,180,NA,147,147,25,15,7,5,0.6,0.5
2026-10-08T1700,3696A,116.2542,39.8764,北京市,丰台小屯,细颗粒物(PM2.5),104,125,103,64,48,197,NA,158,158,26,47,6,4,0.6,0.7
2026-10-08T1700,3697A,116.8399,40.3843,北京市,密云镇,细颗粒物(PM2.5),113,128,84,74,43,206,NA,151,151,25,40,11,4,0.7,0.5
2026-10-08T1700,3699A,111.6519,40.8389,呼和浩特市,海东办,颗粒物(PM10),53,53,72,15,23,146,NA,116,116,16,59,12,11,0.1,0.3
2026-10-08T1700,3701A,116.9647,33.6252,宿州市,皖北煤电集团,臭氧1小时(O3_1h),63,54,71,14,40,170,NA,164,164,14,27,10,22,0.4,0.5
2026-10-08T1700,3706A,122.2584,43.6333,通辽市,老干部活动中心,颗粒物(PM10),51,51,48,10,20,66,NA,66,58,12,13,8,10,0.5,0.6
2026-10-08T1700,3707A,131.0069,45.2988,鸡西市,欧美日汽修厂,,16,NA,42,11,12,46,NA,49,49,10,12,1,2,0.2,0.3
2026-10-08T1700,3708A,122.2923,43.6189,通辽市,东方明珠社区,,49,49,48,7,20,73,NA,69,66,15,17,9,10,0.4,0.5
2026-10-08T1700,3710A,121.5593,29.8976,宁波市,白沙活动中心,臭氧1小时(O3_1h),90,39,39,24,27,192,NA,172,172,19,27,12,12,0.5,0.5
2026-10-08T1700,3713A,124.3286,43.1726,四平市,世纪城,颗粒物(PM10),62,66,50,30,23,101,NA,128,128,18,21,6,8,0.4,0.6
2026-10-08T1700,3715A,117.3091,32.9314,蚌埠市,蚌埠田家炳中学,臭氧1小时(O3_1h),89,60,67,22,34,191,NA,182,182,13,26,11,35,0.5,0.6
2026-10-08T1700,3719A,97.1707,31.1428,昌都市,昌都会议中心,,30,12,12,2,6,94,NA,73,73,9,7,3,3,0.2,0.2
2026-10-08T1700,3726A,88.8775,29.2425,日喀则市,林业技术推广中心,,31,8,14,0,3,98,NA,88,88,2,3,4,4,0.3,0.3
2026-10-08T1700,3728A,104.6701,28.8053,宜宾市,白酒学院,细颗粒物(PM2.5),62,59,69,41,50,97,NA,81,81,15,18,7,7,0.8,0.8
2026-10-08T1700,3734A,118.5753,37.4405,东营市,理想之城,臭氧1小时(O3_1h),84,44,56,16,22,187,NA,172,172,9,27,15,14,0.6,0.7
2026-10-08T1700,3860A,118.3915,35.0297,临沂市,皇山花园小区,,48,34,46,12,22,152,NA,145,145,10,31,6,7,0.4,0.6
2026-10-08T1700,3861A,119.2046,36.7696,潍坊市,寒亭区实验一小,臭氧1小时(O3_1h),75,56,37,22,12,180,NA,154,154,14,18,11,11,0.4,0.4
2026-10-08T1700,3866A,122.2469,40.663,营口市,三高中,颗粒物(PM10),57,59,42,21,15,164,NA,143,143,17,16,12,12,0.5,0.6
2026-10-08T1700,3867A,102.074,36.5056,海东市,平安区公安局北苑,,41,41,44,18,19,109,NA,86,86,8,14,8,11,0.4,0.5
2026-10-08T1700,3981A,113.2456,35.18,焦作市,原李万街道办,NA,NA,70,75,23,27,162,NA,133,133,9,23,7,5,NA,0.2
2026-10-08T1700,3994A,102.2174,31.9016,阿坝藏族羌族自治州,马尔康中学西区,,30,10,15,6,7,96,NA,70,70,1,3,5,5,0.1,0.2
2026-10-08T1700,4002A,109.2312,23.7428,来宾市,中南小学,,45,31,41,17,22,144,NA,129,129,8,25,11,11,0.4,0.5
2026-10-08T1700,4004A,115.4199,38.8665,保定市,双鹰农机,臭氧1小时(O3_1h),105,105,144,18,46,209,NA,173,173,12,25,8,8,0.6,0.8
2026-10-08T1700,4006A,122.3622,40.6762,营口市,老边实验小学,颗粒物(PM10),72,80,62,24,21,163,NA,150,150,19,26,37,16,1.2,1.4
2026-10-08T1700,4008A,112.5233,32.9921,南阳市,卧龙区政府,臭氧1小时(O3_1h),69,72,72,20,23,175,NA,150,150,15,27,8,7,0.4,0.5
2026-10-08T1700,4010A,112.5608,37.8807,太原市,育英中学,臭氧1小时(O3_1h),59,41,94,22,52,167,NA,135,135,12,40,8,13,0.6,1.1
2026-10-08T1700,4011A,103.8505,30.6946,成都市,光华大道三段,颗粒物(PM10),60,64,68,38,45,112,NA,74,74,10,16,4,5,0.8,1
2026-10-08T1700,4017A,116.7926,33.9534,淮北市,市博物馆,臭氧1小时(O3_1h),84,62,66,28,38,187,NA,167,167,15,22,10,11,0.4,0.4
2026-10-08T1700,4018A,116.0564,36.4609,聊城市,星美广场,臭氧1小时(O3_1h),89,86,95,26,44,191,NA,173,173,7,17,6,9,0.1,0.2
2026-10-08T1700,4022A,102.1648,38.5369,金昌市,金川区人防中心,,33,24,44,6,14,104,NA,100,100,4,6,4,5,0.2,0.2
2026-10-08T1700,4024A,114.6491,37.9014,石家庄市,栾城区星河路,颗粒物(PM10),70,77,91,33,42,166,NA,148,148,29,29,6,8,0.2,0.5
2026-10-08T1700,4027A,75.9485,39.4688,喀什地区,老干局,,32,19,132,0,33,101,NA,87,87,2,15,4,4,0.2,0.3
2026-10-08T1700,4028A,117.9955,37.3752,滨州市,滨州市西街道办事处,颗粒物(PM10),67,73,104,22,77,166,NA,140,140,43,49,12,15,0.4,0.6
2026-10-08T1700,4033A,122.3124,29.9619,舟山市,普陀东港中学,臭氧1小时(O3_1h),65,27,26,20,17,172,NA,160,160,5,8,10,10,0.7,0.7
2026-10-08T1700,4034A,115.515,38.8589,保定市,植保所站,臭氧1小时(O3_1h),104,83,122,39,72,208,NA,170,170,13,39,7,7,0.5,0.8
2026-10-08T1700,4036A,116.646,23.676,潮州市,金山,,39,35,37,15,20,124,NA,113,113,9,11,5,5,0.5,0.5
2026-10-08T1700,4051A,86.0791,44.3018,石河子市,世纪广场,,41,41,50,12,10,87,NA,70,70,5,13,6,7,0.7,0.7
2026-10-08T1700,4054A,109.0324,32.6913,安康市,市邮政管理局,,33,33,39,18,19,91,NA,79,79,13,12,4,6,0.4,0.5
2026-10-08T1700,4055A,108.8869,34.2662,西安市,行知小学,臭氧1小时(O3_1h),105,70,88,40,58,209,NA,143,143,21,38,5,5,0.6,0.7
2026-10-08T1700,4056A,108.6601,34.3767,咸阳市,五陵塬路2号,臭氧1小时(O3_1h),75,58,84,32,50,180,NA,143,143,22,42,9,9,0.6,0.7
2026-10-08T1700,4057A,115.9423,40.4431,北京市,延庆百泉,臭氧1小时(O3_1h),84,95,69,48,34,187,NA,126,126,2,21,6,4,0.6,0.5
2026-10-08T1700,4058A,116.6598,39.9164,北京市,通州新华,颗粒物(PM10),90,105,105,54,53,191,NA,131,131,21,54,8,5,0.8,0.7
2026-10-08T1700,4059A,114.4563,38.0365,石家庄市,裕华西路63号,臭氧1小时(O3_1h),79,60,66,18,24,183,NA,152,152,14,29,8,10,0.5,0.7
2026-10-08T1700,4060A,114.5586,38.0581,石家庄市,和平路363号,臭氧1小时(O3_1h),72,63,82,16,34,177,NA,159,159,21,31,4,6,0.4,0.7
2026-10-08T1700,4061A,114.8347,38.0213,石家庄市,廉州西路160号,颗粒物(PM10),86,100,113,26,36,172,NA,144,144,9,22,4,8,0.4,0.7
2026-10-08T1700,4062A,114.4498,38.0729,石家庄市,北城路41号,臭氧1小时(O3_1h),69,61,76,24,30,175,NA,153,153,31,31,11,13,0.4,0.6
2026-10-08T1700,4063A,115.2124,37.9433,辛集市,市政府,颗粒物(PM10),93,109,117,37,59,178,NA,86,NA,24,23,5,18,0.3,0.6
2026-10-08T1700,4064A,115.2008,37.9338,辛集市,城管大队,颗粒物(PM10),74,83,112,23,56,176,NA,161,161,7,16,3,5,0.4,0.6
2026-10-08T1700,4065A,118.1267,39.6579,唐山市,光明北路515号,颗粒物(PM10),58,61,58,28,30,141,NA,137,137,19,34,5,10,0.4,0.6
2026-10-08T1700,4066A,119.7458,39.9952,秦皇岛市,南园路157号,臭氧1小时(O3_1h),100,86,76,42,26,200,NA,174,174,15,28,8,12,0.5,0.6
2026-10-08T1700,4067A,119.5131,39.8858,秦皇岛市,翠岛大街1号,臭氧1小时(O3_1h),69,54,70,15,25,175,NA,157,157,12,28,12,17,0.3,0.6
2026-10-08T1700,4068A,114.5209,36.7697,邯郸市,建安街268号,臭氧1小时(O3_1h),65,66,75,8,11,172,NA,156,156,11,24,3,6,0.3,0.6
2026-10-08T1700,4069A,114.5488,36.6177,邯郸市,丛台东路558号,NA,NA,NA,79,NA,49,NA,NA,156,NA,NA,37,NA,6,NA,0.5
2026-10-08T1700,4070A,114.5558,37.0578,邢台市,襄都区政府南院,颗粒物(PM10),65,70,69,24,28,166,NA,152,152,9,19,2,9,0.4,0.9
2026-10-08T1700,4071A,114.9883,38.5232,定州市,交通局,臭氧1小时(O3_1h),84,81,115,26,51,187,NA,160,160,9,27,6,8,0.6,0.7
2026-10-08T1700,4072A,115.0045,38.5136,定州市,第五中学,颗粒物(PM10),76,86,120,30,56,171,NA,146,146,13,44,6,7,0.4,0.6
2026-10-08T1700,4073A,117.9462,40.95,承德市,杏林街1号,臭氧1小时(O3_1h),55,55,48,37,27,164,NA,140,140,10,16,10,7,0.5,0.4
2026-10-08T1700,4074A,112.449,37.8509,太原市,西矿街336号,臭氧1小时(O3_1h),75,57,89,26,48,180,NA,144,144,19,29,13,17,0.6,0.8
2026-10-08T1700,4075A,112.4792,37.9393,太原市,迎宾北路9号,臭氧1小时(O3_1h),59,44,101,29,57,167,NA,142,142,19,31,12,15,0.4,0.7
2026-10-08T1700,4076A,112.551,37.8575,太原市,迎泽大街248号,,46,46,101,31,53,139,NA,109,109,16,40,8,14,0.4,0.9
2026-10-08T1700,4077A,113.588,37.8712,阳泉市,宁波路,臭氧1小时(O3_1h),54,27,69,25,25,163,NA,124,124,12,41,11,13,0.6,0.8
2026-10-08T1700,4078A,112.8246,35.5152,晋城市,前书院路,,50,49,60,22,21,158,NA,133,133,11,19,15,11,0.6,0.8
2026-10-08T1700,4079A,112.8864,35.4773,晋城市,祥云街666号,臭氧1小时(O3_1h),53,44,55,24,28,162,NA,137,137,10,21,12,9,0.9,1.2
2026-10-08T1700,4080A,112.7375,37.7215,晋中市,广安街188号,臭氧1小时(O3_1h),80,87,80,44,38,184,NA,150,150,14,31,16,14,0.4,0.5
2026-10-08T1700,4081A,111.0081,35.0748,运城市,学苑北路2555号,,39,27,39,11,16,124,NA,124,124,6,15,5,7,0.4,0.5
2026-10-08T1700,4082A,121.2548,38.8188,大连市,旅顺,,47,39,28,19,14,149,NA,131,131,12,13,8,8,0.7,0.7
2026-10-08T1700,4083A,123.153,41.2874,辽阳市,铁西路150号,颗粒物(PM10),88,103,54,25,16,142,NA,140,140,28,18,15,11,1.2,1
2026-10-08T1700,4084A,123.835,42.2853,铁岭市,新华街20号,颗粒物(PM10),67,73,52,17,16,163,NA,149,149,20,23,12,15,0.3,0.5
2026-10-08T1700,4085A,125.0998,42.9134,辽源市,安宁大街333号,颗粒物(PM10),70,78,47,26,27,170,NA,154,154,16,30,10,8,0.7,0.7
2026-10-08T1700,4086A,118.7641,32.0841,南京市,新模范马路66号,臭氧1小时(O3_1h),114,51,48,18,22,227,NA,199,199,8,39,3,4,0.4,0.5
2026-10-08T1700,4087A,120.3138,31.4927,无锡市,清舒道1号,NA,NA,NA,46,NA,24,NA,NA,NA,NA,NA,26,NA,5,NA,0.4
2026-10-08T1700,4088A,117.1553,34.2567,徐州市,纺织东路16号,臭氧1小时(O3_1h),64,61,98,23,61,171,NA,148,148,17,31,9,10,0.8,1
2026-10-08T1700,4089A,119.9551,31.863,常州市,崇义南街5-H号,臭氧1小时(O3_1h),116,65,79,28,44,231,NA,207,207,18,44,11,12,0.6,0.7
2026-10-08T1700,4090A,120.4282,31.3228,苏州市,学森路9号,臭氧1小时(O3_1h),101,56,48,30,24,202,NA,188,188,20,32,12,10,0.6,0.6
2026-10-08T1700,4091A,120.8692,31.9885,南通市,洪江路,臭氧1小时(O3_1h),108,67,58,42,41,215,NA,185,185,28,19,10,7,0.4,0.4
2026-10-08T1700,4092A,119.119691,33.550006,淮安市,枚皋中路89号,,40,15,37,9,21,126,NA,130,130,9,20,7,7,0.7,0.8
2026-10-08T1700,4093A,119.5202,32.3705,扬州市,廖家沟步道,臭氧1小时(O3_1h),106,53,69,33,54,211,NA,180,180,22,34,13,13,0.7,0.8
2026-10-08T1700,4094A,118.352,33.7886,宿迁市,春华路,,43,34,54,19,32,137,NA,140,140,13,22,7,8,0.4,0.5
2026-10-08T1700,4095A,121.8962,29.7529,宁波市,中科路88号,臭氧1小时(O3_1h),83,34,41,15,20,186,NA,190,190,7,19,10,10,0.6,0.7
2026-10-08T1700,4096A,120.6935,28.0114,温州市,鹿城惠民路,,45,42,37,17,16,143,NA,130,130,12,15,/,/,0.4,0.5
2026-10-08T1700,4097A,118.9646,28.9832,衢州市,衢州三中,,50,28,49,15,30,159,NA,158,158,18,33,4,6,0.6,0.6
2026-10-08T1700,4098A,117.2518,31.8404,合肥市,中国科学技术大学,臭氧1小时(O3_1h),73,39,51,10,27,178,NA,171,171,15,29,9,10,0.2,0.3
2026-10-08T1700,4099A,118.5726,31.1371,芜湖市,湾沚区人民法院,臭氧1小时(O3_1h),79,41,49,19,30,183,NA,168,168,15,24,8,8,0.5,0.5
2026-10-08T1700,4100A,116.8322,33.9884,淮北市,杜集区第一实验学校,NA,NA,55,43,33,29,183,NA,161,161,NA,22,9,8,0.5,0.5
2026-10-08T1700,4101A,118.3196,32.3335,滁州市,银山路666号,臭氧1小时(O3_1h),114,65,61,30,35,227,NA,190,190,19,31,8,7,0.6,0.5
2026-10-08T1700,4102A,118.3426,32.2979,滁州市,黄山路555号,臭氧1小时(O3_1h),111,63,70,28,38,222,NA,190,190,15,29,12,10,0.7,0.6
2026-10-08T1700,4103A,116.9929,33.6412,宿州市,中兴路,臭氧1小时(O3_1h),63,38,81,14,39,170,NA,159,159,17,31,12,14,0.5,0.6
2026-10-08T1700,4104A,119.3106,26.0648,福州市,路通桥巷6号,,39,32,30,13,16,122,NA,121,121,5,6,/,/,/,/
2026-10-08T1700,4105A,118.6355,24.9148,泉州市,霞新路6号,,42,35,32,11,14,132,NA,128,128,11,10,/,/,0.4,0.4
2026-10-08T1700,4106A,115.7923,28.6873,南昌市,工业二路,臭氧1小时(O3_1h),55,40,48,20,28,164,NA,152,152,10,35,9,8,0.7,0.6
2026-10-08T1700,4107A,113.8686,27.6668,萍乡市,联洪村委会,,47,36,40,19,22,148,NA,133,133,7,19,11,14,0.6,0.6
2026-10-08T1700,4108A,117.7107,36.2385,济南市,山财大街5号,NA,NA,NA,53,NA,27,165,NA,150,150,11,32,NA,14,NA,0.8
2026-10-08T1700,4109A,116.9744,36.6889,济南市,无影山路12号,臭氧1小时(O3_1h),95,53,63,18,35,196,NA,174,174,10,26,11,12,0.1,0.3
2026-10-08T1700,4110A,120.5222,36.4089,青岛市,盟旺路653号,,38,13,21,3,5,119,NA,109,109,11,14,6,7,0.5,0.4
2026-10-08T1700,4111A,116.6075,35.4566,济宁市,任和路,臭氧1小时(O3_1h),75,57,67,21,31,180,NA,163,163,15,17,5,7,0.2,0.3
2026-10-08T1700,4112A,116.5648,35.3921,济宁市,文体南路1号,臭氧1小时(O3_1h),72,45,61,26,29,177,NA,159,159,9,16,4,5,0.3,0.1
2026-10-08T1700,4113A,116.0091,36.4495,聊城市,利民路,臭氧1小时(O3_1h),89,76,86,21,39,191,NA,172,172,10,19,11,13,0.4,0.6
2026-10-08T1700,4114A,115.4239,35.2593,菏泽市,黄河路600号,臭氧1小时(O3_1h),69,61,71,24,33,175,NA,161,161,13,16,8,10,0.4,0.4
2026-10-08T1700,4115A,115.5025,35.2727,菏泽市,菏泽市人社局,臭氧1小时(O3_1h),70,48,61,20,29,176,NA,163,163,14,22,4,6,0.1,0.1
2026-10-08T1700,4116A,113.284,33.7139,平顶山市,姚电大道23号,颗粒物(PM10),57,59,87,27,32,153,NA,131,131,9,29,9,9,0.7,0.8
2026-10-08T1700,4117A,114.2918,36.0769,安阳市,钢三路198号,,47,44,79,24,38,150,NA,135,135,9,18,8,8,0.4,0.5
2026-10-08T1700,4118A,115.0552,35.7816,濮阳市,中原东路68号,臭氧1小时(O3_1h),83,60,69,20,28,186,NA,163,163,8,17,6,6,0.6,0.6
2026-10-08T1700,4119A,115.6701,34.3767,商丘市,北海东路185号,臭氧1小时(O3_1h),68,39,57,23,26,174,NA,157,157,11,19,7,7,0.4,0.4
2026-10-08T1700,4120A,115.6172,34.3704,商丘市,中山大街3号,臭氧1小时(O3_1h),65,41,62,22,32,172,NA,158,158,10,20,8,8,0.2,0.3
2026-10-08T1700,4121A,114.8466,33.7333,周口市,羲皇大道,臭氧1小时(O3_1h),64,55,74,26,27,171,NA,155,155,12,17,8,11,0.8,0.8
2026-10-08T1700,4122A,112.6071,35.1015,济源市,市委党校,臭氧1小时(O3_1h),72,57,68,18,27,177,NA,158,158,11,22,8,14,0.5,0.7
2026-10-08T1700,4123A,112.596,35.0702,济源市,沁园中路1号,,50,40,64,19,31,159,NA,142,142,12,28,3,9,0.4,1
2026-10-08T1700,4124A,112.2213,31.0654,荆门市,新台西路6号,臭氧1小时(O3_1h),63,36,59,26,39,170,NA,160,160,8,25,9,10,0.6,0.7
2026-10-08T1700,4125A,113.946,30.8999,孝感市,天仙南路1号,臭氧1小时(O3_1h),87,39,60,24,32,189,NA,158,158,10,19,7,8,0.4,0.6
2026-10-08T1700,4127A,111.9812,27.7591,娄底市,涟钢职大,,49,29,35,21,21,154,NA,139,139,7,15,5,7,0.4,1.1
2026-10-08T1700,4128A,112.0303,27.7457,娄底市,娄底体校,,50,27,38,11,27,160,NA,138,138,4,11,3,3,0.1,0.3
2026-10-08T1700,4129A,113.8666,23.1062,东莞市,裕兴路,颗粒物(PM10),52,52,55,21,25,126,NA,121,121,12,20,11,16,0.7,0.7
2026-10-08T1700,4130A,114.0076,22.9739,东莞市,教育路1号,,45,44,55,21,30,143,NA,140,140,16,33,13,14,0.7,0.7
2026-10-08T1700,4131A,113.7981,22.8124,东莞市,长怡路1号,臭氧1小时(O3_1h),52,48,61,27,31,161,NA,149,149,13,28,7,7,0.6,0.7
2026-10-08T1700,4132A,108.2927,23.1477,南宁市,起凤路9号,,45,28,42,16,28,142,NA,128,128,9,20,3,4,0.4,0.5
2026-10-08T1700,4133A,106.6273,23.8798,百色市,龙景西路,,43,35,30,14,16,136,NA,104,104,8,14,16,12,0.3,0.4
2026-10-08T1700,4134A,110.1952,20.0451,海口市,长滨二路9号,,42,33,32,17,19,132,NA,154,153,6,7,/,/,/,/
2026-10-08T1700,4135A,109.1714,18.3739,三亚市,城东小学站,,33,23,21,12,14,104,NA,101,101,6,8,/,/,/,/
2026-10-08T1700,4136A,108.6971,30.9377,重庆市,云师幼儿园,细颗粒物(PM2.5),52,43,33,36,20,81,NA,75,75,12,16,6,6,0.7,0.6
2026-10-08T1700,4137A,107.3276,30.3284,重庆市,公安局,NA,NA,51,36,24,21,86,NA,73,73,NA,12,NA,9,0.5,0.6
2026-10-08T1700,4138A,108.0575,30.3254,重庆市,忠县中学,"颗粒物(PM10),细颗粒物(PM2.5)",58,60,53,39,33,89,NA,56,56,11,18,7,6,0.5,0.7
2026-10-08T1700,4139A,109.4542,31.0182,重庆市,竹枝路2号,,36,36,36,20,20,87,NA,85,85,14,23,7,7,0.2,0.4
2026-10-08T1700,4140A,107.7422,29.871,重庆市,龙河路,NA,NA,45,36,30,22,97,NA,65,65,11,14,NA,8,0.7,0.8
2026-10-08T1700,4141A,108.7636,28.84,重庆市,桃花源中路,,33,32,35,19,12,105,NA,100,100,2,4,9,8,0.5,0.5
2026-10-08T1700,4142A,108.9758,28.4416,重庆市,秀山县高级中学,,37,25,34,18,14,118,NA,107,107,6,11,8,9,0.5,0.5
2026-10-08T1700,4143A,108.1558,29.2859,重庆市,河堡街,,29,25,28,20,16,78,NA,60,60,9,10,7,6,0.5,0.5
2026-10-08T1700,4144A,104.3257,30.6406,成都市,八角井街185号,颗粒物(PM10),63,68,80,32,52,117,NA,87,87,12,25,8,8,0.8,0.9
2026-10-08T1700,4145A,104.4144,31.1495,德阳市,市林业局,颗粒物(PM10),56,58,78,30,57,116,NA,82,82,8,28,14,14,0.7,0.9
2026-10-08T1700,4146A,104.7092,31.4972,绵阳市,科技城新区公安局,,50,50,82,30,47,103,NA,73,73,17,28,11,11,0.7,0.8
2026-10-08T1700,4147A,105.0433,29.6105,内江市,玉峰路西段888号,"颗粒物(PM10),细颗粒物(PM2.5)",62,66,51,41,42,111,NA,97,97,9,14,9,8,0.5,0.5
2026-10-08T1700,4148A,103.8836,30.0695,眉山市,眉职院,细颗粒物(PM2.5),88,90,85,54,50,97,NA,55,55,19,24,14,10,1.3,1.2
2026-10-08T1700,4149A,104.6146,28.7422,宜宾市,宜宾市职业技术学校,细颗粒物(PM2.5),52,50,70,36,53,107,NA,85,85,9,16,8,8,0.8,0.9
2026-10-08T1700,4150A,104.6646,30.1116,资阳市,正兴街66号,,50,50,72,28,49,96,NA,82,82,6,12,2,2,0.4,0.5
2026-10-08T1700,4151A,104.8899,26.5685,六盘水市,钟山大道中段564号,NA,NA,NA,39,NA,20,111,NA,94,94,7,9,6,6,0.5,0.4
2026-10-08T1700,4152A,107.0425,27.7087,遵义市,乌江大道东段1号,,35,19,29,16,19,110,NA,100,100,8,14,10,8,0.7,0.7
2026-10-08T1700,4153A,101.5536,25.0343,楚雄彝族自治州,团结路562号,,26,13,17,3,10,83,NA,76,76,3,7,4,4,0.3,0.4
2026-10-08T1700,4154A,103.401,23.3561,红河哈尼族彝族自治州,蒙自市朝阳路,,29,10,16,10,15,92,NA,92,92,2,4,4,4,0.3,0.3
2026-10-08T1700,4155A,107.1721,34.3558,宝鸡市,滨河北路,,47,47,56,30,37,137,NA,110,110,18,20,5,5,0.4,0.4
2026-10-08T1700,4156A,108.6372,34.3031,咸阳市,胭脂路9号,颗粒物(PM10),52,52,103,24,58,157,NA,126,126,12,39,4,6,0.4,0.7
2026-10-08T1700,4157A,108.0371,34.3035,咸阳市,杨扶路,颗粒物(PM10),57,59,72,36,48,159,NA,119,119,15,32,6,5,0.7,0.8
2026-10-08T1700,4158A,108.0895,34.2623,咸阳市,新桥路,颗粒物(PM10),59,62,104,38,72,164,NA,116,116,7,29,8,7,0.5,0.6
2026-10-08T1700,4159A,110.4531,35.4578,渭南市,桢州大街,,45,38,49,17,28,141,NA,131,131,6,14,10,16,0.7,1
2026-10-08T1700,4160A,110.4368,35.4773,渭南市,太史大街,,38,32,54,17,28,119,NA,113,113,8,18,10,18,0.6,0.9
2026-10-08T1700,4161A,109.485,36.6347,延安市,志丹路,,34,23,38,11,18,107,NA,87,87,5,21,4,4,0.3,0.4
2026-10-08T1700,4162A,101.6769,36.6535,西宁市,海晏路105号,,49,49,43,21,24,125,NA,101,101,6,24,7,5,0.2,0.3
2026-10-08T1700,4163A,102.0984,36.5119,海东市,滨河路,颗粒物(PM10),78,88,60,29,24,118,NA,93,93,17,39,13,15,0.5,0.6
2026-10-08T1700,4164A,87.2057,43.9289,昌吉回族自治州,财政所,,44,44,47,10,10,88,NA,68,68,9,13,13,9,0.5,0.4
2026-10-08T1700,4165A,82.9716,46.7464,塔城地区,文化广场,,25,16,22,4,7,79,NA,58,58,3,6,2,2,0.2,0.3
2026-10-08T1700,4166A,88.1198,47.7931,阿勒泰地区,阿勒泰路33号,,25,16,17,1,2,80,NA,63,63,4,9,3,3,0.3,0.3
2026-10-08T1700,4167A,86.0126,44.2349,石河子市,城南景苑小区,,38,38,37,4,9,81,NA,66,66,10,12,8,8,0.1,0.1
2026-10-08T1700,4168A,87.055284,43.999117,五家渠市,建设西街760号,,33,29,46,23,14,94,NA,76,76,7,11,6,4,0.4,0.4
2026-10-08T1700,4180A,113.8157285,34.126705,许昌市,新元大道996号,,49,45,57,29,30,154,NA,142,142,11,21,8,7,0.3,0.3
2026-10-08T1700,4181A,112.3571,28.5588,益阳市,龙洲站,臭氧1小时(O3_1h),57,31,39,20,26,165,NA,150,150,15,22,9,9,0.4,0.5
2026-10-08T1700,4182A,116.1942,39.9158,北京市,石景山八角,细颗粒物(PM2.5),110,143,108,70,49,197,NA,162,162,31,54,5,3,0.6,0.7
2026-10-08T1700,4183A,121.417401,31.16637,上海市,冠生园路458号,臭氧1小时(O3_1h),93,35,53,20,34,194,NA,179,179,20,42,8,8,0.5,0.6
2026-10-08T1700,4184A,115.479691,35.244011,菏泽市,永昌路1号,颗粒物(PM10),59,62,70,22,29,164,NA,157,157,18,20,5,8,0.1,0.1
2026-10-08T1700,4185A,115.078022,30.21118,黄石市,磁湖东路29号,臭氧1小时(O3_1h),59,59,51,23,30,167,NA,149,149,16,30,10,9,0.9,0.9
2026-10-08T1700,4186A,117.194237,34.229354,徐州市,解放南路202号,颗粒物(PM10),60,63,97,26,65,156,NA,145,145,24,32,10,10,0.7,0.8
2026-10-08T1700,4187A,112.3425,28.611,益阳市,幸福渠东路223号,,50,23,37,16,28,160,NA,149,149,18,25,10,9,0.2,0.4
2026-10-08T1700,4188A,112.3712,28.5764,益阳市,益鑫泰路85号,,50,22,42,20,33,157,NA,145,145,14,29,12,12,0.7,0.9
2026-10-08T1700,4189A,113.113092,36.199482,长治市,英华南巷50号,,45,31,46,12,22,142,NA,129,129,11,20,12,13,0.5,0.7
2026-10-08T1700,4190A,113.23666,36.33435,长治市,学府街1号,,49,39,76,16,29,156,NA,144,144,3,10,9,11,0.6,0.9
2026-10-08T1700,4191A,118.527362,31.722269,马鞍山市,慈湖高新区,臭氧1小时(O3_1h),88,43,72,21,32,190,NA,181,181,17,30,7,7,0.6,0.6
2026-10-08T1700,4192A,115.931587,28.686774,南昌市,南京东路235号,,50,44,48,20,24,160,NA,149,149,7,17,7,7,0.8,0.7
2026-10-08T1700,4193A,115.471542,35.280012,菏泽市,长城路999号,臭氧1小时(O3_1h),69,57,62,23,27,175,NA,161,161,13,18,8,10,0.4,0.3
2026-10-08T1700,4194A,117.078628,40.151726,北京市,平谷新城,臭氧1小时(O3_1h),101,91,79,54,44,201,NA,155,155,2,16,9,5,0.6,0.7
2026-10-08T1700,4196A,117.24369,39.102911,天津市,光华路,臭氧1小时(O3_1h),73,45,80,17,40,178,NA,158,158,6,24,11,11,0.5,0.6
2026-10-08T1700,4197A,118.130859,39.636026,唐山市,友谊北路34号,颗粒物(PM10),64,69,68,32,32,145,NA,133,133,23,35,7,11,0.5,0.7
2026-10-08T1700,4198A,119.509013,39.825305,秦皇岛市,北戴河轮滑馆,臭氧1小时(O3_1h),102,78,58,50,24,203,NA,160,160,19,23,10,16,0.9,0.7
2026-10-08T1700,4199A,113.2798248,40.09972476,大同市,魏都大道141号,,46,NA,84,22,26,146,NA,124,124,15,41,12,16,0.4,0.6
2026-10-08T1700,4200A,112.7478,37.6954,晋中市,迎宾街26号,"颗粒物(PM10),臭氧1小时(O3_1h)",72,80,61,39,35,177,NA,148,148,13,16,16,13,0.6,0.7
2026-10-08T1700,4201A,122.944647,41.082639,鞍山市,兴盛南路290号,颗粒物(PM10),63,67,45,29,20,162,NA,154,154,22,19,11,13,0.5,1
2026-10-08T1700,4202A,113.9856,32.9802,驻马店市,交通路1233号,,49,49,50,20,20,151,NA,140,140,9,16,5,6,0.3,0.4
2026-10-08T1700,4203A,111.3168,30.7203,宜昌市,西陵二路116号,臭氧1小时(O3_1h),57,50,44,26,21,165,NA,137,137,11,18,10,9,0.4,0.4
2026-10-08T1700,4204A,111.3526,30.6374,宜昌市,沈家店路6号,臭氧1小时(O3_1h),58,51,39,35,27,166,NA,131,131,17,20,10,8,0.4,0.4
2026-10-08T1700,4205A,121.541914,31.268301,上海市,宁武路151号,臭氧1小时(O3_1h),80,75,71,38,36,184,NA,178,178,49,52,12,11,0.4,0.5
2026-10-08T1700,4206A,119.028838,33.631911,淮安市,承德北路606号,,39,31,46,11,20,123,NA,126,126,7,21,8,8,0.6,0.7
2026-10-08T1700,4207A,120.12211,33.393982,盐城市,黄海中路88号,,37,19,27,2,10,118,NA,128,126,4,10,10,10,0.5,0.5
2026-10-08T1700,4209A,117.003137,32.644456,淮南市,国庆中路369号,臭氧1小时(O3_1h),90,42,45,22,31,192,NA,182,182,11,17,10,11,0.5,0.6
2026-10-08T1700,4210A,118.335445,29.720283,黄山市,滨江东路7-2号,,43,39,40,17,21,137,NA,128,128,7,10,/,/,/,/
2026-10-08T1700,4211A,118.190438,28.444845,上饶市,裕丰大道,,50,33,50,16,27,158,NA,148,148,7,11,5,16,0.6,0.7
2026-10-08T1700,4212A,118.3039243,36.82708161,淄博市,广场路1号,,50,36,57,15,40,158,NA,166,166,11,22,8,14,0.2,0.8
2026-10-08T1700,4213A,121.364239,37.529648,烟台市,青年南路118号,,41,41,30,4,9,121,NA,127,127,12,17,7,7,0.6,0.6
2026-10-08T1700,4214A,112.460027,34.694929,洛阳市,春都路1号院,颗粒物(PM10),56,58,68,26,36,157,NA,123,123,13,27,6,8,0.4,0.5
2026-10-08T1700,4215A,113.916569,35.331547,新乡市,建设东路46号,臭氧1小时(O3_1h),58,49,65,14,26,166,NA,147,147,9,25,6,7,0.5,0.5
2026-10-08T1700,4216A,115.0923632,35.76857718,濮阳市,任丘路479号,臭氧1小时(O3_1h),72,55,81,23,40,177,NA,159,159,9,20,8,8,0.7,0.6
2026-10-08T1700,4217A,114.3182,29.8447,咸宁市,双鹤路18号,,50,33,34,23,20,159,NA,147,147,9,13,4,6,0.3,0.3
2026-10-08T1700,4218A,111.446,27.2472,邵阳市,北塔二期4-26地块,,48,29,40,20,26,153,NA,129,129,10,14,8,9,0.6,0.7
2026-10-08T1700,4219A,111.4739,27.2282,邵阳市,邵水西路287号,臭氧1小时(O3_1h),53,34,48,17,35,162,NA,140,140,6,15,16,16,0.3,0.4
2026-10-08T1700,4220A,114.214113,22.713717,深圳市,黄阁路,,49,49,43,26,24,142,NA,156,156,10,14,6,7,1.0,1
2026-10-08T1700,4221A,108.2177,22.7774,南宁市,乐贤路16号,,47,29,50,13,28,148,NA,142,142,10,31,10,12,0.6,0.6
2026-10-08T1700,4222A,110.1835,25.2444,桂林市,环湖路276号,,49,34,40,13,18,156,NA,133,133,9,18,5,5,0.8,0.8
2026-10-08T1700,4223A,106.4686218,29.48920871,重庆市,双山路147号,,33,33,45,19,29,105,NA,79,79,25,27,9,10,0.7,0.8
2026-10-08T1700,4224A,104.2433276,30.53529463,成都市,鲸龙路1057号,NA,NA,61,89,26,60,100,NA,92,92,21,31,NA,10,0.9,1
2026-10-08T1700,4225A,104.714266,29.338571,自贡市,贡兴路74号,细颗粒物(PM2.5),90,72,70,55,58,113,NA,91,91,5,10,10,8,0.8,0.7
2026-10-08T1700,4226A,104.765114,31.453094,绵阳市,绵阳市气象局,颗粒物(PM10),63,67,80,35,48,92,NA,70,70,15,26,7,7,0.8,0.9
2026-10-08T1700,4227A,106.108336,30.788436,南充市,梨树横街98号,,36,36,80,23,47,101,NA,78,78,11,22,9,8,0.4,0.5
2026-10-08T1700,4229A,102.2342,27.8859,凉山彝族自治州,凯乐南路30号,,34,27,20,23,17,106,NA,78,78,9,12,13,8,1.1,0.9
2026-10-08T1700,4230A,106.688212,26.56952,贵阳市,花果园大街66号,,35,22,32,12,14,111,NA,97,97,8,23,5,5,/,/
2026-10-08T1700,4231A,106.687268,26.516892,贵阳市,漓江路57号,,33,22,28,11,17,105,NA,100,100,7,22,7,6,0.5,0.5
2026-10-08T1700,4233A,108.596239,34.118792,西安市,西苑北路977号,颗粒物(PM10),63,68,86,37,51,165,NA,129,129,14,24,9,8,0.5,0.5
2026-10-08T1700,4234A,108.949652,34.870529,铜川市,大唐三路,颗粒物(PM10),70,78,47,43,27,148,NA,122,122,12,15,6,7,0.4,0.4
2026-10-08T1700,4235A,109.5051,34.4921,渭南市,渭花路4号,细颗粒物(PM2.5),84,88,63,52,37,164,NA,131,131,15,21,7,6,0.5,0.6
2026-10-08T1700,4236A,103.629272,36.093822,兰州市,庄浪东路808号,,49,49,52,18,22,119,NA,96,96,8,28,14,13,0.3,0.4
2026-10-08T1700,4237A,103.7251,36.104344,兰州市,安宁西路88号,颗粒物(PM10),52,52,58,17,24,136,NA,105,105,3,16,12,11,0.2,0.4
2026-10-08T1700,4238A,103.846982,36.067567,兰州市,北滨河东路1号,,45,45,57,20,24,123,NA,91,91,10,22,8,7,0.3,0.7
2026-10-08T1700,4239A,102.193042,38.531887,金昌市,长春路96号,,36,26,63,10,14,115,NA,111,111,6,9,4,5,0.2,0.2
2026-10-08T1700,4240A,98.495752,39.733935,酒泉市,玉门东路5号,,44,44,58,18,23,92,NA,86,86,4,12,6,6,0.2,0.3
2026-10-08T1700,4241A,98.5099,39.7506,酒泉市,北大街108号,颗粒物(PM10),53,53,56,14,19,104,NA,95,95,3,10,7,8,0.2,0.3
2026-10-08T1700,4242A,106.226373,38.491976,银川市,广场西路,NA,NA,NA,62,NA,18,NA,NA,143,NA,NA,24,NA,8,NA,0.5
2026-10-08T1700,4243A,92.0515,31.4787,那曲市,那曲市委宣传部,,27,NA,41,11,27,84,NA,86,86,6,22,5,6,0.2,0.6
2026-10-08T1700,4244A,111.4879,36.053,临汾市,启星学校,,44,28,60,19,37,138,NA,123,123,12,29,8,8,0.5,0.7
2026-10-08T1700,4245A,106.8609,27.5969,遵义市,遵南大道1161号,,43,34,33,16,19,136,NA,112,112,6,11,11,7,0.7,0.7
2026-10-08T1700,4246A,105.833962,30.18863087,重庆市,桃园路24号,,39,39,55,27,40,106,NA,93,93,7,14,4,4,0.6,0.7
2026-10-08T1700,4247A,107.091033,29.153966,重庆市,钟楼街32号,,29,26,32,17,18,91,NA,79,79,6,14,6,5,0.3,0.5
2026-10-08T1700,4248A,107.8042979,30.67350233,重庆市,人民南路309号,颗粒物(PM10),53,53,48,17,19,78,NA,72,72,5,13,7,7,0.6,0.6
2026-10-08T1700,4249A,118.8707617,31.34017673,南京市,汶溪路181号,臭氧1小时(O3_1h),84,38,48,12,26,187,NA,172,172,14,23,10,11,0.6,0.7
2026-10-08T1700,4250A,114.089259,33.588274,漯河市,韶山路11号,臭氧1小时(O3_1h),63,41,62,26,24,170,NA,151,151,15,25,10,11,0.4,0.5
2026-10-08T1700,4251A,112.1433,32.0581,襄阳市,铁院东路4号,臭氧1小时(O3_1h),62,40,61,26,34,169,NA,161,161,8,14,10,12,0.5,0.6
2026-10-08T1700,4252A,113.0138,25.8011,郴州市,好美居路49号,,41,NA,34,23,17,129,NA,118,118,10,23,13,11,/,/
2026-10-08T1700,4253A,116.010205,29.659402,九江市,莲花大道8号,,48,31,45,11,30,151,NA,133,133,10,19,8,8,0.3,0.6
2026-10-08T1700,4254A,120.2925,31.5685,无锡市,健康路105号,臭氧1小时(O3_1h),107,53,54,32,27,213,NA,178,178,19,57,9,8,0.8,0.8
2026-10-08T1700,4255A,110.16795,22.640993,玉林市,人民东路196号,,45,27,37,19,22,144,NA,130,130,10,24,8,11,0.5,0.6
2026-10-08T1700,4256A,107.375,22.3736,崇左市,石景林东路7号,,46,35,31,16,17,145,NA,130,130,7,15,4,4,0.5,0.5
2026-10-08T1700,4257A,104.6092,35.5962,定西市,将台街,颗粒物(PM10),52,52,60,15,19,125,NA,106,106,4,18,8,7,0.2,0.3
2026-10-08T1700,4258A,111.2416,23.4155,梧州市,政贤路18号,,39,27,42,15,16,124,NA,114,114,3,19,9,11,0.8,0.9
2026-10-08T1700,4259A,113.835877,34.0155267,许昌市,望田路111号,,50,46,58,26,31,159,NA,139,139,8,34,4,5,0.1,0.3
2026-10-08T1700,4260A,109.5933,23.095,贵港市,中山路155-3号,颗粒物(PM10),52,52,46,17,23,146,NA,125,125,10,18,/,/,0.3,0.5
2026-10-08T1700,4261A,103.7247,27.3415,昭通市,环东路146号,NA,NA,NA,39,NA,25,95,NA,87,87,NA,14,4,6,NA,0.4
2026-10-08T1700,4263A,105.3688,27.3598,毕节市,工业大道,颗粒物(PM10),52,52,56,30,33,117,NA,110,110,10,19,12,10,/,/
2026-10-08T1700,4264A,113.234,35.219,焦作市,新安路1731号,臭氧1小时(O3_1h),70,42,57,28,26,176,NA,147,147,4,11,1,1,0.5,0.5
2026-10-08T1700,4265A,113.108806,29.353066,岳阳市,求索西路365号,,42,32,41,29,28,115,NA,104,104,10,23,5,5,0.6,0.6
2026-10-08T1700,4266A,117.7325,34.5683,枣庄市,文化路178号,臭氧1小时(O3_1h),75,63,92,23,51,180,NA,150,150,13,27,12,13,0.4,0.5
2026-10-08T1700,4268A,112.1722,30.3366,荆州市,学苑路85号,臭氧1小时(O3_1h),84,38,58,24,41,187,NA,165,165,12,23,6,7,0.5,0.6
2026-10-08T1700,4269A,114.6701,33.6167,周口市,七一路,颗粒物(PM10),55,56,56,26,28,159,NA,142,142,12,19,5,5,0.6,0.7
2026-10-08T1700,4270A,102.6447,37.9293,武威市,钟楼街149号,颗粒物(PM10),57,59,89,16,23,113,NA,104,104,4,15,11,12,0.3,0.4
2026-10-08T1700,4271A,103.2464,35.6123,临夏回族自治州,滨河东路1号,,40,40,68,23,36,113,NA,86,86,6,25,12,11,0.3,0.5
2026-10-08T1700,4273A,81.2737,43.9337,伊犁哈萨克自治州,安徽路800号,,29,24,51,9,21,92,NA,51,51,9,36,5,5,0.4,0.7
2026-10-08T1700,4274A,117.7994,40.9605,承德市,滨河大街98号,细颗粒物(PM2.5),66,NA,51,43,22,160,NA,137,137,8,14,12,12,0.2,0.2
2026-10-08T1700,4275A,111.591512,40.827312,呼和浩特市,成吉思汗西街8号,颗粒物(PM10),56,58,72,23,22,144,NA,111,111,16,50,9,9,0.5,0.5
2026-10-08T1700,4276A,111.6597,40.8077,呼和浩特市,公园东路75号,颗粒物(PM10),55,56,71,22,24,138,NA,108,108,12,39,8,8,0.3,0.5
2026-10-08T1700,4277A,111.5427,40.7846,呼和浩特市,金海路35号,NA,NA,60,71,36,28,133,NA,107,107,18,58,9,8,NA,0.6
2026-10-08T1700,4278A,106.8212,39.6741,乌海市,海拉北路,,49,49,90,14,24,107,NA,96,96,2,26,8,30,0.3,0.7
2026-10-08T1700,4279A,119.7569,49.2222,呼伦贝尔市,伊敏大街东7号,,25,23,28,17,12,56,NA,51,51,16,11,7,7,0.3,0.2
2026-10-08T1700,4280A,122.0921,46.065,兴安盟,洮儿河南路,,29,29,30,13,9,72,NA,68,68,8,9,6,7,0.2,0.2
2026-10-08T1700,4281A,125.334645,43.916281,长春市,北亚泰大街1068号,颗粒物(PM10),58,61,59,37,36,84,NA,113,113,19,37,9,9,0.6,0.6
2026-10-08T1700,4282A,126.6769,45.7379,哈尔滨市,华山路1号,,48,48,42,10,9,42,NA,51,51,19,21,6,8,0.2,0.4
2026-10-08T1700,4283A,126.9717,45.5356,哈尔滨市,解放大街52号,,46,46,56,3,6,62,NA,83,83,22,24,9,9,0.6,0.8
2026-10-08T1700,4284A,128.8325,47.8447,伊春市,永安路4-1号,,20,NA,15,14,4,47,NA,55,54,9,4,1,2,0.3,0.3
2026-10-08T1700,4285A,130.363,46.806,佳木斯市,顺和街,,17,10,24,4,7,52,NA,58,58,10,15,1,2,0.1,0.1
2026-10-08T1700,4286A,130.3952,46.8268,佳木斯市,长安路196号,,18,10,32,7,8,55,NA,60,60,4,11,3,3,0.2,0.2
2026-10-08T1700,4287A,129.5992,44.5964,牡丹江市,东晓云街98号,,50,50,42,19,17,63,NA,83,83,37,18,8,8,0.7,0.6
2026-10-08T1700,4288A,117.2438,34.2844,徐州市,龙潭环路5号,颗粒物(PM10),53,53,79,27,47,158,NA,143,143,12,22,12,12,0.5,0.7
2026-10-08T1700,4289A,117.154766,29.256967,景德镇市,青少年活动中心,臭氧1小时(O3_1h),59,33,38,23,21,167,NA,147,147,7,21,7,14,/,/
2026-10-08T1700,4290A,120.196923,35.954556,青岛市,珠江路669号,,40,14,14,2,2,126,NA,121,121,11,8,5,5,0.3,0.3
2026-10-08T1700,4291A,120.0424,35.8656,青岛市,黄岛区人民政府广场,,39,17,21,2,9,123,NA,119,119,10,24,5,5,0.3,0.3
2026-10-08T1700,4292A,116.352738,37.420875,德州市,新河东路,臭氧1小时(O3_1h),93,90,100,26,46,194,NA,168,168,15,24,11,12,0.5,0.7
2026-10-08T1700,4293A,113.605125,34.755221,郑州市,计划路2号,,50,32,65,23,34,160,NA,146,146,9,27,4,4,0.5,0.5
2026-10-08T1700,4294A,113.6525645,34.77362682,郑州市,同乐路9号,臭氧1小时(O3_1h),58,49,66,33,36,166,NA,148,148,12,32,7,7,0.3,0.4
2026-10-08T1700,4295A,113.2722,35.2121,焦作市,人民路3066号,颗粒物(PM10),70,77,69,28,31,174,NA,146,146,6,16,5,5,0.1,0.2
2026-10-08T1700,4296A,114.6421,33.6417,周口市,健康路46号,"颗粒物(PM10),臭氧1小时(O3_1h)",55,56,49,15,19,164,NA,150,150,15,18,4,4,0.4,0.4
2026-10-08T1700,4297A,114.649,33.596,周口市,太昊路,臭氧1小时(O3_1h),70,53,61,30,24,176,NA,160,160,15,24,6,8,0.4,0.5
2026-10-08T1700,4298A,114.284,29.8595,咸宁市,碧桂路,,47,31,34,24,22,150,NA,142,142,8,13,4,4,0.4,0.4
2026-10-08T1700,4299A,111.6195,26.2253,永州市,徐家井路86号,,46,26,39,20,26,147,NA,131,131,8,11,8,8,0.6,0.6
2026-10-08T1700,4300A,114.4089,23.1147,惠州市,文华一路1号,NA,NA,51,40,29,26,118,NA,118,118,NA,12,/,/,/,/
2026-10-08T1700,4301A,110.2803,25.2773,桂林市,信义路13号,,46,35,32,14,22,145,NA,130,130,7,12,7,9,0.7,0.9
2026-10-08T1700,4302A,108.0901,24.6945,河池市,上任中路54号,,32,30,29,19,14,102,NA,88,88,7,20,13,9,0.6,0.6
2026-10-08T1700,4303A,105.5911,30.5368,遂宁市,环岛商务中心9号楼,颗粒物(PM10),54,55,62,29,36,111,NA,85,85,10,20,9,9,0.7,0.7
2026-10-08T1700,4304A,106.1172,30.843,南充市,清泉寺北路188号,,43,43,68,20,45,113,NA,81,81,10,16,9,10,0.4,0.5
2026-10-08T1700,4305A,106.067,30.7616,南充市,同庆路1号,,41,41,64,25,43,111,NA,82,82,10,22,9,9,0.4,0.5
2026-10-08T1700,4306A,103.0544,30.0133,雅安市,滨江西路,细颗粒物(PM2.5),68,66,40,44,26,84,NA,45,45,17,11,6,5,0.5,0.6
2026-10-08T1700,4307A,108.9817,34.2035,西安市,曲江池东路988号,臭氧1小时(O3_1h),107,85,68,39,42,214,NA,146,146,22,33,6,5,0.7,0.7
2026-10-08T1700,4308A,107.3898,34.3601,宝鸡市,陈仓区北开路21号,颗粒物(PM10),58,60,78,37,51,151,NA,112,112,18,33,7,12,0.6,0.7
2026-10-08T1700,4309A,104.6159,35.5701,定西市,正龙路62号,,49,49,50,8,16,109,NA,96,96,5,9,4,4,0.2,0.2
2026-10-08T1700,4310A,103.207136,35.599807,临夏回族自治州,新华街21号,,41,41,69,22,35,94,NA,71,71,7,18,10,9,0.3,0.5
2026-10-08T1700,4311A,122.0383,46.0691,兴安盟,科尔沁北路63号,,25,25,29,8,9,72,NA,68,68,7,7,6,6,0.2,0.3
2026-10-08T1700,4312A,119.019,31.6512,南京市,中山西路1号,臭氧1小时(O3_1h),105,66,50,14,27,210,NA,196,196,12,30,4,5,0.8,0.9
2026-10-08T1700,4314A,114.0494,38.059,石家庄市,矿区区委大楼,臭氧1小时(O3_1h),70,46,55,13,19,176,NA,138,138,11,25,16,18,0.6,0.6
2026-10-08T1700,4325A,105.3665,28.77434,泸州市,纳溪区委政协,细颗粒物(PM2.5),111,75,72,72,65,114,NA,96,96,20,21,7,7,0.8,0.9
2026-10-08T1700,4326A,113.0794,22.5999,江门市,五邑大学,臭氧1小时(O3_1h),103,61,62,35,36,205,NA,154,154,17,37,10,9,0.5,0.5
