timepoint,stationcode,longitude,latitude,area,positionname,primarypollutant,aqi,pm10,pm10_24h,pm2_5,pm2_5_24h,o3,o3_24h,o3_8h,o3_8h_24h,no2,no2_24h,so2,so2_24h,co,co_24h
2026-09-21T1400,1001A,116.3611,39.8786,北京市,万寿西宫,,44,11,50,8,28,139,NA,85,85,11,17,3,3,0.2,0.5
2026-09-21T1400,1003A,116.4174,39.9289,北京市,东四,NA,NA,NA,NA,NA,NA,NA,NA,NA,NA,NA,NA,NA,NA,NA,NA
2026-09-21T1400,1004A,116.4073,39.8858,北京市,天坛,,43,12,46,5,27,136,NA,83,83,8,20,2,3,0.4,0.7
2026-09-21T1400,1005A,116.4622,39.9364,北京市,农展馆,,40,14,50,7,29,127,NA,71,71,10,23,3,3,0.3,0.5
2026-09-21T1400,1006A,116.3399,39.9293,北京市,官园,,43,17,44,8,21,135,NA,82,82,9,21,3,4,0.3,0.6
2026-09-21T1400,1007A,116.2879,39.9613,北京市,海淀万柳,,38,13,40,6,18,121,NA,66,66,9,34,3,3,0.2,0.4
2026-09-21T1400,1008A,116.6635,40.1349,北京市,顺义新城,,40,11,17,8,20,128,NA,79,79,11,18,4,4,0.4,0.5
2026-09-21T1400,1009A,116.6275,40.327,北京市,怀柔镇,,34,14,23,6,15,108,NA,71,71,8,10,2,1,0.4,0.5
2026-09-21T1400,1010A,116.2295,40.217,北京市,昌平镇,,37,20,25,8,13,117,NA,63,63,7,16,4,3,0.2,0.4
2026-09-21T1400,1011A,116.3968,39.982,北京市,奥体中心,,28,10,36,6,21,88,NA,64,64,2,20,6,6,0.2,0.6
2026-09-21T1400,1015A,117.1446,39.1659,天津市,勤俭道,臭氧1小时(O3_1h),73,42,49,20,24,178,NA,95,95,11,24,6,7,0.6,0.8
2026-09-21T1400,1018A,117.2016,39.0928,天津市,前进道,臭氧1小时(O3_1h),75,46,47,24,24,180,NA,107,107,12,17,7,8,0.5,0.6
2026-09-21T1400,1019A,117.1837,39.2134,天津市,淮河道,臭氧1小时(O3_1h),68,36,55,19,25,174,NA,85,85,9,25,8,10,1.0,1.2
2026-09-21T1400,1021A,117.308261,39.088386,天津市,跃进路,臭氧1小时(O3_1h),75,56,56,22,25,180,NA,93,93,13,31,5,8,0.6,0.7
2026-09-21T1400,1023A,117.707,39.0344,天津市,第四大街,颗粒物(PM10),54,55,36,16,13,78,NA,53,53,44,42,10,7,0.9,0.8
2026-09-21T1400,1024A,117.4573,38.8395,天津市,永明路,臭氧1小时(O3_1h),58,25,37,11,19,166,NA,75,75,11,18,8,7,0.6,0.6
2026-09-21T1400,1026A,117.7641,39.1588,天津市,汉北路,臭氧1小时(O3_1h),55,47,30,23,13,164,NA,79,79,13,25,6,6,0.9,0.7
2026-09-21T1400,1030A,114.5919,38.0328,石家庄市,高新区,细颗粒物(PM2.5),96,80,63,58,39,152,NA,82,82,10,11,4,3,0.7,0.6
2026-09-21T1400,1032A,114.4556,38.0136,石家庄市,西南高教,,47,45,51,30,36,149,NA,85,85,8,11,4,2,0.4,0.4
2026-09-21T1400,1033A,114.533,38.0177,石家庄市,世纪公园,细颗粒物(PM2.5),102,69,53,62,40,138,NA,79,79,11,9,10,3,0.7,0.7
2026-09-21T1400,1034A,114.5105,38.0489,石家庄市,人民会堂,颗粒物(PM10),69,76,53,40,34,146,NA,80,80,13,14,1,3,0.5,0.4
2026-09-21T1400,1040A,118.1707,39.6505,唐山市,十二中,,48,30,41,21,16,153,NA,92,92,5,19,3,5,0.6,0.6
2026-09-21T1400,1041A,118.1868,39.6219,唐山市,小山,颗粒物(PM10),56,58,53,14,12,150,NA,97,97,6,18,6,8,0.6,0.5
2026-09-21T1400,1046A,119.5247,39.9346,秦皇岛市,建设大厦,,36,36,41,7,8,112,NA,61,61,12,32,9,5,0.4,0.3
2026-09-21T1400,1049A,114.492,36.5712,邯郸市,矿院,细颗粒物(PM2.5),108,NA,66,68,60,126,NA,121,106,7,15,4,7,1.2,1.3
2026-09-21T1400,1050A,114.4839,36.6136,邯郸市,丛台公园,细颗粒物(PM2.5),90,62,64,55,56,138,NA,122,109,6,10,10,13,0.6,0.8
2026-09-21T1400,1051A,115.4803,38.8568,保定市,游泳馆,臭氧1小时(O3_1h),68,42,46,42,36,174,NA,106,106,9,13,2,1,0.8,0.7
2026-09-21T1400,1052A,115.509,38.8895,保定市,华电二区,细颗粒物(PM2.5),64,53,55,42,38,168,NA,84,84,6,16,1,3,0.7,0.6
2026-09-21T1400,1053A,115.4588,38.9037,保定市,接待中心,NA,NA,NA,NA,NA,NA,NA,NA,NA,NA,NA,NA,NA,NA,NA,NA
2026-09-21T1400,1054A,115.4484,38.8344,保定市,地表水厂,臭氧1小时(O3_1h),62,51,50,38,39,169,NA,106,106,11,19,4,4,0.9,0.7
2026-09-21T1400,1057A,114.8884,40.8336,张家口市,人民公园,NA,NA,20,18,2,4,116,NA,72,72,6,8,6,44,NA,NA
2026-09-21T1400,1059A,114.868581,40.804273,张家口市,五金库,NA,NA,NA,31,NA,12,NA,NA,84,NA,NA,23,NA,NA,NA,NA
2026-09-21T1400,1060A,114.8901,40.762,张家口市,世纪豪园,,35,12,20,2,5,111,NA,70,70,4,11,7,6,0.3,0.5
2026-09-21T1400,1062A,117.9531,40.908,承德市,铁路,,30,9,25,3,11,94,NA,40,40,8,13,10,7,0.3,0.3
2026-09-21T1400,1063A,117.9397,40.9763,承德市,中国银行,,33,3,22,3,9,104,NA,47,47,2,10,7,6,0.2,0.3
2026-09-21T1400,1067A,116.6712,39.5109,廊坊市,药材公司,,50,49,71,20,37,158,NA,98,98,6,14,3,5,0.4,0.6
2026-09-21T1400,1068A,116.7215,39.5592,廊坊市,开发区,,50,49,62,29,35,158,NA,86,86,11,19,1,2,0.4,0.6
2026-09-21T1400,1070A,116.7246,39.5273,廊坊市,北华航天学院,NA,NA,46,52,10,24,165,NA,34,NA,7,23,5,2,NA,0.3
2026-09-21T1400,1071A,116.8733,38.2922,沧州市,沧县城建局,,47,41,52,22,33,148,NA,91,91,8,16,8,8,0.3,0.3
2026-09-21T1400,1072A,116.8462,38.3189,沧州市,电视转播站,,45,45,60,25,28,140,NA,83,83,8,17,10,9,0.2,0.3
2026-09-21T1400,1073A,116.8588,38.3161,沧州市,市环保局,NA,NA,NA,67,NA,41,NA,NA,141,NA,NA,15,NA,7,NA,0.2
2026-09-21T1400,1074A,115.6839,37.754,衡水市,电机北厂,NA,NA,21,81,2,65,115,NA,84,84,7,13,3,3,NA,0.4
2026-09-21T1400,1075A,115.6303,37.7318,衡水市,市监测站,NA,NA,NA,106,NA,56,NA,NA,192,NA,NA,12,NA,9,NA,1.0
2026-09-21T1400,1077A,114.4687,37.0883,邢台市,达活泉,,45,33,69,31,49,108,NA,113,88,3,8,3,5,0.6,1
2026-09-21T1400,1078A,114.4954,37.0309,邢台市,邢师高专,细颗粒物(PM2.5),52,44,84,36,54,85,NA,118,94,8,16,2,4,0.8,1.1
2026-09-21T1400,1079A,114.5281,37.0857,邢台市,路桥公司,,48,34,64,33,52,105,NA,96,79,3,10,2,6,0.5,0.9
2026-09-21T1400,1080A,114.4721,37.0713,邢台市,市环保局,,49,45,79,34,51,102,NA,117,90,6,11,4,8,0.5,0.9
2026-09-21T1400,1081A,112.5138,37.8916,太原市,尖草坪,颗粒物(PM10),63,68,48,27,30,128,NA,66,66,14,17,9,10,0.6,0.6
2026-09-21T1400,1084A,112.4691,37.7125,太原市,晋源,细颗粒物(PM2.5),62,61,62,41,39,108,NA,60,49,14,22,7,8,0.8,0.8
2026-09-21T1400,1085A,112.5595,37.7391,太原市,小店,,48,47,61,33,44,133,NA,77,66,7,13,7,9,0.8,0.9
2026-09-21T1400,1087A,112.5705,37.8199,太原市,坞城,细颗粒物(PM2.5),58,42,50,39,41,108,NA,71,71,21,23,12,12,0.9,1
2026-09-21T1400,1088A,112.5495,37.9853,太原市,南寨,颗粒物(PM10),55,57,50,36,31,98,NA,51,51,29,20,17,6,1.8,0.7
2026-09-21T1400,1090A,111.6506,40.7517,呼和浩特市,呼市一监,,34,9,16,2,9,106,NA,75,75,7,19,7,4,0.3,0.4
2026-09-21T1400,1094A,111.7516,40.8369,呼和浩特市,如意水处理厂,,37,12,13,8,12,116,NA,71,71,8,24,9,7,0.2,0.3
2026-09-21T1400,1095A,111.727798,40.806187,呼和浩特市,二十九中,,35,NA,18,9,9,110,NA,73,73,11,23,8,6,0.3,0.5
2026-09-21T1400,1097A,111.717,40.7617,呼和浩特市,化肥厂生活区,,35,9,17,3,12,111,NA,73,73,7,22,7,7,0.4,0.6
2026-09-21T1400,1099A,123.5058,41.7084,沈阳市,浑南东路,,32,6,26,0,11,100,NA,59,59,7,18,10,10,0.5,0.6
2026-09-21T1400,1100A,123.4238,41.6992,沈阳市,新秀街,NA,NA,16,20,NA,8,91,NA,52,52,14,21,NA,7,0.5,0.4
2026-09-21T1400,1102A,123.5903,41.8412,沈阳市,东陵路,,27,10,17,0,5,86,NA,46,46,6,14,8,9,0.3,0.4
2026-09-21T1400,1103A,123.4267,41.8466,沈阳市,陵东街,,27,23,24,1,8,84,NA,41,41,8,15,7,7,0.3,0.5
2026-09-21T1400,1104A,123.4116,41.7654,沈阳市,文化路,,29,20,24,1,8,91,NA,50,50,13,20,8,9,0.4,0.5
2026-09-21T1400,1105A,123.4673,41.787,沈阳市,小河沿,,27,25,25,1,12,86,NA,42,42,11,19,6,6,0.4,0.6
2026-09-21T1400,1106A,123.4019,41.7978,沈阳市,太原街,,30,10,26,1,9,93,NA,48,48,15,26,4,4,0.4,0.5
2026-09-21T1400,1108A,123.3778,41.9233,沈阳市,京沈街,,29,14,22,0,7,91,NA,51,51,13,17,4,5,0.3,0.4
2026-09-21T1400,1109A,121.6119,38.974,大连市,甘井子,,35,22,27,6,12,110,NA,73,73,9,16,8,10,0.5,0.6
2026-09-21T1400,1110A,121.565,38.9509,大连市,周水子,,35,22,28,6,12,111,NA,74,74,15,19,7,8,0.7,0.7
2026-09-21T1400,1111A,121.5637,38.8849,大连市,星海三站,,34,25,28,6,11,107,NA,73,73,11,14,11,10,0.6,0.7
2026-09-21T1400,1112A,121.6301,38.9117,大连市,青泥洼桥,,33,22,31,7,12,103,NA,69,69,13,16,9,9,0.3,0.4
2026-09-21T1400,1113A,121.6248,38.8643,大连市,傅家庄,,35,17,22,4,9,111,NA,74,74,9,12,9,9,0.7,0.7
2026-09-21T1400,1114A,121.5117,38.8636,大连市,七贤岭,,35,8,19,5,10,111,NA,77,77,10,12,8,8,0.6,0.7
2026-09-21T1400,1116A,121.7507,39.1339,大连市,金州,,34,20,24,9,15,108,NA,73,73,17,17,9,10,0.6,0.6
2026-09-21T1400,1117A,121.7811,39.0495,大连市,开发区,,35,15,23,7,14,109,NA,74,74,13,15,7,7,0.6,0.6
2026-09-21T1400,1118A,121.9762,39.0631,大连市,双D港,,36,22,26,7,13,115,NA,86,86,9,10,9,8,0.6,0.4
2026-09-21T1400,1120A,125.2874,43.9024,长春市,客车厂,,26,17,24,6,14,82,NA,48,48,12,22,4,4,0.3,0.5
2026-09-21T1400,1121A,125.2943,43.8508,长春市,邮电学院,,24,8,12,6,10,76,NA,48,48,7,11,6,6,0.2,0.3
2026-09-21T1400,1122A,125.3648,43.8745,长春市,劳动公园,,27,18,18,6,10,85,NA,53,53,7,14,4,4,0.2,0.3
2026-09-21T1400,1123A,125.3233,43.8781,长春市,园林处,,25,16,18,5,10,77,NA,50,50,8,17,7,7,0.4,0.4
2026-09-21T1400,1124A,125.4604,43.7904,长春市,净月潭,,25,5,12,5,7,79,NA,52,52,4,6,7,7,0.3,0.3
2026-09-21T1400,1126A,125.38,43.8422,长春市,经开区环卫处,,26,12,16,7,10,81,NA,48,48,8,20,8,8,0.3,0.4
2026-09-21T1400,1127A,125.234,43.7761,长春市,高新区管委会,,26,13,13,5,9,82,NA,52,52,7,15,8,7,0.2,0.3
2026-09-21T1400,1128A,125.1695,43.83,长春市,岱山公园,,25,19,27,7,12,78,NA,46,46,15,27,4,4,0.3,0.4
2026-09-21T1400,1130A,126.5557,45.8109,哈尔滨市,松北商大,,22,4,11,3,5,68,NA,45,45,6,14,5,5,0.4,0.4
2026-09-21T1400,1132A,126.6162,45.719,哈尔滨市,南岗学府路,,23,16,20,3,5,72,NA,50,50,6,22,4,4,0.6,0.6
2026-09-21T1400,1133A,126.6894,45.7733,哈尔滨市,太平宏伟公园,,22,16,18,2,8,69,NA,46,46,5,15,7,7,0.2,0.3
2026-09-21T1400,1134A,126.6361,45.7672,哈尔滨市,道外承德广场,,23,16,22,1,3,72,NA,49,49,5,13,3,4,0.2,0.4
2026-09-21T1400,1136A,126.644,45.7261,哈尔滨市,动力和平路,NA,NA,NA,18,2,4,73,NA,50,50,6,19,6,7,0.5,0.6
2026-09-21T1400,1137A,126.5933,45.7479,哈尔滨市,道里建国路,,22,5,12,2,4,68,NA,43,43,5,19,5,6,0.3,0.3
2026-09-21T1400,1138A,126.6127,45.6119,哈尔滨市,平房东轻厂,,20,7,21,2,6,64,NA,43,43,9,25,9,7,0.3,0.3
2026-09-21T1400,1139A,126.5875,45.9827,哈尔滨市,呼兰师专,,21,6,11,1,4,65,NA,49,49,6,11,3,4,0.5,0.5
2026-09-21T1400,1140A,126.6299,45.6799,哈尔滨市,省农科院,,23,14,30,2,11,73,NA,47,47,4,26,4,5,0.7,0.8
2026-09-21T1400,1141A,121.401,31.2382,上海市,普陀,,40,39,34,26,22,128,NA,106,106,16,23,6,6,0.5,0.4
2026-09-21T1400,1142A,121.4774,31.2043,上海市,十五厂,,39,32,27,22,19,122,NA,110,110,10,12,6,6,0.7,0.6
2026-09-21T1400,1143A,121.4673,31.3011,上海市,虹口,,41,41,32,24,18,110,NA,95,95,16,21,5,5,0.4,0.3
2026-09-21T1400,1147A,121.4253,31.226,上海市,静安监测站,,46,36,30,26,19,145,NA,119,119,10,16,8,8,1.0,0.7
2026-09-21T1400,1148A,121.7029,31.1905,上海市,浦东川沙,,39,39,31,25,19,121,NA,106,106,10,20,10,11,0.7,0.6
2026-09-21T1400,1149A,121.5339,31.229,上海市,浦东新区监测站,,37,37,28,23,17,105,NA,102,102,20,20,8,9,0.4,0.4
2026-09-21T1400,1150A,121.5776,31.2038,上海市,浦东张江,,39,35,28,20,18,122,NA,107,107,13,18,7,7,0.4,0.3
2026-09-21T1400,1151A,118.8033,32.1085,南京市,迈皋桥,细颗粒物(PM2.5),72,56,36,46,26,99,NA,56,56,14,25,7,6,1.0,0.8
2026-09-21T1400,1152A,118.7487,32.057,南京市,草场门,细颗粒物(PM2.5),66,56,36,43,21,96,NA,65,65,27,29,8,7,0.9,0.8
2026-09-21T1400,1154A,118.770105,32.004342,南京市,中华门,细颗粒物(PM2.5),52,44,30,36,20,120,NA,69,69,6,16,6,6,0.4,0.3
2026-09-21T1400,1155A,118.8059,32.0329,南京市,瑞金路,颗粒物(PM10),51,51,35,35,22,117,NA,73,73,15,24,4,4,0.6,0.5
2026-09-21T1400,1156A,118.7946,32.0774,南京市,玄武湖,细颗粒物(PM2.5),62,55,38,41,20,98,NA,56,56,23,30,3,4,0.6,0.4
2026-09-21T1400,1157A,118.6415,32.0964,南京市,浦口,细颗粒物(PM2.5),64,52,35,42,20,117,NA,60,60,16,23,8,6,1.0,0.7
2026-09-21T1400,1158A,118.730129,32.000956,南京市,奥体中心,NA,NA,54,36,37,18,126,NA,87,87,19,26,NA,6,0.9,0.8
2026-09-21T1400,1159A,118.9072,32.1047,南京市,仙林大学城,颗粒物(PM10),63,68,40,37,23,109,NA,56,56,20,34,6,4,0.7,0.5
2026-09-21T1400,1163A,120.5974,31.3247,苏州市,轧钢厂,NA,NA,59,38,NA,18,181,NA,103,103,17,31,7,7,1.0,0.9
2026-09-21T1400,1164A,120.6329,31.2741,苏州市,吴中区,NA,NA,NA,37,NA,20,181,NA,100,100,14,23,7,7,0.9,0.8
2026-09-21T1400,1165A,120.5566,31.3049,苏州市,苏州新区,臭氧1小时(O3_1h),82,66,36,41,25,185,NA,102,102,7,28,9,9,0.8,0.7
2026-09-21T1400,1166A,120.668709,31.312523,苏州市,苏州工业园区,臭氧1小时(O3_1h),88,55,35,32,20,190,NA,113,113,10,17,8,8,0.8,0.7
2026-09-21T1400,1167A,120.6408,31.3707,苏州市,相城区,臭氧1小时(O3_1h),64,54,39,29,21,171,NA,99,99,11,21,9,9,0.9,0.8
2026-09-21T1400,1168A,120.9056,31.9669,南通市,狼山街道,,38,27,18,17,11,121,NA,105,105,4,12,5,5,0.7,0.7
2026-09-21T1400,1170A,120.8635,32.0231,南通市,城中,,42,42,31,14,12,111,NA,105,105,5,12,1,2,0.4,0.3
2026-09-21T1400,1171A,120.9376,31.9301,南通市,星湖花园,,38,28,23,18,12,121,NA,108,108,5,8,4,5,0.7,0.7
2026-09-21T1400,1172A,120.8053,32.046,南通市,紫琅学院,,36,30,24,16,15,113,NA,100,100,4,15,3,4,0.8,0.7
2026-09-21T1400,1173A,119.1759,34.5885,连云港市,市环境监测站,,43,36,42,24,37,136,NA,111,111,6,18,9,10,0.5,0.6
2026-09-21T1400,1180A,117.257,34.2161,徐州市,新城区,细颗粒物(PM2.5),76,78,62,48,48,127,NA,84,84,10,14,7,5,0.9,0.9
2026-09-21T1400,1182A,117.2933,34.2796,徐州市,农科院,细颗粒物(PM2.5),108,83,63,68,59,123,NA,79,79,15,19,14,9,0.8,0.8
2026-09-21T1400,1186A,119.3895,32.377,扬州市,邗江监测站,颗粒物(PM10),63,68,47,35,26,112,NA,84,84,9,12,5,5,1.0,0.8
2026-09-21T1400,1188A,120.2693,31.4864,无锡市,雪浪,臭氧1小时(O3_1h),57,53,41,34,20,165,NA,89,89,16,29,9,7,0.9,0.8
2026-09-21T1400,1189A,120.2761,31.621,无锡市,黄巷,颗粒物(PM10),67,73,48,40,24,170,NA,97,97,23,40,4,5,1.0,0.9
2026-09-21T1400,1191A,120.2422,31.5037,无锡市,漆塘,颗粒物(PM10),56,58,51,26,23,161,NA,89,89,11,27,11,9,0.9,0.8
2026-09-21T1400,1192A,120.3489,31.5865,无锡市,东亭,细颗粒物(PM2.5),74,68,39,47,23,176,NA,102,102,20,37,8,9,0.8,0.7
2026-09-21T1400,1193A,120.3538,31.5474,无锡市,旺庄,臭氧1小时(O3_1h),102,71,42,44,23,203,NA,121,121,15,29,8,9,1.0,1
2026-09-21T1400,1194A,120.2447,31.5633,无锡市,荣巷,臭氧1小时(O3_1h),53,48,39,30,19,162,NA,95,95,14,31,10,8,1.0,1
2026-09-21T1400,1195A,120.2986,31.6816,无锡市,堰桥,颗粒物(PM10),55,56,36,31,21,153,NA,96,96,19,28,7,7,0.7,0.7
2026-09-21T1400,1196A,119.9524,31.7586,常州市,市监测站,颗粒物(PM10),52,52,37,31,23,148,NA,88,88,15,37,8,7,0.5,0.5
2026-09-21T1400,1200A,119.9351,31.703,常州市,武进监测站,细颗粒物(PM2.5),94,76,47,57,31,114,NA,74,74,36,43,4,4,0.6,0.5
2026-09-21T1400,1203A,119.6708,32.187,镇江市,新区办事处,细颗粒物(PM2.5),105,NA,42,65,40,130,NA,67,67,24,53,4,5,0.8,0.6
2026-09-21T1400,1204A,119.497455,32.196732,镇江市,职教中心,细颗粒物(PM2.5),98,62,40,59,32,127,NA,76,76,21,28,6,6,0.8,0.6
2026-09-21T1400,1205A,119.43,32.1328,镇江市,丹徒区监测站,细颗粒物(PM2.5),82,61,45,51,30,136,NA,75,75,22,37,5,8,1.0,0.7
2026-09-21T1400,1206A,119.9042,32.488,泰州市,公园路,细颗粒物(PM2.5),90,63,39,55,31,94,NA,71,71,8,14,11,10,0.7,0.6
2026-09-21T1400,1207A,119.9189,32.4626,泰州市,莲花,细颗粒物(PM2.5),80,76,44,50,27,92,NA,76,76,8,9,11,11,0.7,0.5
2026-09-21T1400,1209A,119.8877,32.4636,泰州市,留学生创业园,细颗粒物(PM2.5),96,66,42,58,35,102,NA,77,77,8,18,14,10,0.9,0.8
2026-09-21T1400,1210A,119.0566,33.5991,淮安市,钵池山,细颗粒物(PM2.5),78,61,50,49,38,121,NA,81,81,12,16,7,7,1.1,0.9
2026-09-21T1400,1211A,119.0083,33.578,淮安市,北京南路,细颗粒物(PM2.5),84,70,56,52,39,119,NA,86,86,12,17,8,9,1.1,0.9
2026-09-21T1400,1212A,118.9938,33.6083,淮安市,市监测站,细颗粒物(PM2.5),78,61,46,49,40,123,NA,77,77,13,25,10,10,0.8,0.7
2026-09-21T1400,1213A,119.135,33.5038,淮安市,楚州区监测站,细颗粒物(PM2.5),90,66,49,55,39,114,NA,83,83,12,16,7,7,1.0,0.7
2026-09-21T1400,1216A,120.1554,33.3941,盐城市,市监测站,,38,36,33,19,19,121,NA,85,85,7,10,5,6,0.7,0.7
2026-09-21T1400,1218A,120.214332,33.37951,盐城市,开发区管委会,,34,32,31,20,20,106,NA,72,72,3,7,10,10,0.7,0.7
2026-09-21T1400,1220A,118.2924,33.933,宿迁市,宿迁学院,细颗粒物(PM2.5),62,46,52,41,49,133,NA,103,103,10,14,3,3,0.6,0.6
2026-09-21T1400,1221A,118.2321,33.9572,宿迁市,宿迁中学,细颗粒物(PM2.5),62,52,56,41,50,126,NA,92,92,7,12,5,3,0.8,1
2026-09-21T1400,1223A,120.2073,30.2111,杭州市,滨江,臭氧1小时(O3_1h),89,39,40,20,25,191,NA,107,107,13,24,9,7,0.7,0.6
2026-09-21T1400,1224A,120.0625,30.2737,杭州市,西溪,臭氧1小时(O3_1h),73,NA,25,31,21,178,NA,101,101,11,19,6,5,0.7,0.6
2026-09-21T1400,1226A,120.3417,30.315,杭州市,下沙,臭氧1小时(O3_1h),95,37,36,26,26,196,NA,117,117,7,26,10,8,0.8,0.8
2026-09-21T1400,1227A,120.1252,30.2465,杭州市,卧龙桥,臭氧1小时(O3_1h),75,37,29,22,21,180,NA,98,98,10,17,8,7,0.7,0.6
2026-09-21T1400,1228A,120.1902,30.2691,杭州市,浙江农大,臭氧1小时(O3_1h),67,39,34,20,23,173,NA,100,100,12,25,10,9,0.9,0.8
2026-09-21T1400,1230A,120.1195,30.3121,杭州市,和睦小学,臭氧1小时(O3_1h),75,37,32,30,22,180,NA,107,107,15,22,9,7,0.9,0.8
2026-09-21T1400,1231A,120.3076,30.4146,杭州市,临平镇,臭氧1小时(O3_1h),82,40,45,25,27,185,NA,116,116,10,23,9,9,0.9,0.8
2026-09-21T1400,1232A,120.2753,30.1839,杭州市,城厢镇,臭氧1小时(O3_1h),53,46,37,29,24,162,NA,96,96,7,17,8,8,0.7,0.7
2026-09-21T1400,1233A,120.0883,30.1808,杭州市,云栖,,49,41,33,20,22,155,NA,89,89,10,16,8,7,0.8,0.7
2026-09-21T1400,1234A,121.8352,29.9111,宁波市,区环保大楼,,41,37,30,15,12,129,NA,112,112,14,17,8,7,0.8,0.5
2026-09-21T1400,1235A,121.5595,29.8208,宁波市,万里学院,,46,28,22,14,13,146,NA,120,120,6,11,4,6,0.6,0.6
2026-09-21T1400,1236A,121.713,29.9564,宁波市,龙赛医院,,39,35,28,15,12,122,NA,116,116,4,7,7,7,0.6,0.5
2026-09-21T1400,1240A,121.5855,29.8635,宁波市,太古小学,,41,33,28,14,13,131,NA,108,108,5,9,5,5,0.6,0.6
2026-09-21T1400,1241A,121.5239,29.8673,宁波市,市环境监测中心,,46,25,20,18,12,147,NA,117,117,3,8,8,8,0.8,0.8
2026-09-21T1400,1242A,120.6342,28.0088,温州市,瓯海,,45,38,33,23,21,144,NA,89,89,16,17,6,6,0.5,0.5
2026-09-21T1400,1243A,120.6747,27.9881,温州市,南浦,NA,NA,NA,37,33,24,143,NA,92,92,13,13,7,7,0.8,0.6
2026-09-21T1400,1244A,120.76,27.9745,温州市,龙湾,,46,34,37,21,20,145,NA,96,96,9,13,7,7,0.5,0.5
2026-09-21T1400,1247A,120.6053,29.9927,绍兴市,城东开发委,臭氧1小时(O3_1h),93,50,38,38,25,194,NA,127,127,12,19,9,7,0.7,0.7
2026-09-21T1400,1250A,120.075,30.867,湖州市,城西水厂,臭氧1小时(O3_1h),63,34,40,24,28,170,NA,88,88,15,42,8,8,0.7,0.7
2026-09-21T1400,1252A,120.7439,30.778,嘉兴市,清河小学,臭氧1小时(O3_1h),60,39,35,23,20,168,NA,124,124,8,13,6,7,0.4,0.3
2026-09-21T1400,1253A,120.7261,30.7477,嘉兴市,嘉兴学院,臭氧1小时(O3_1h),63,32,29,23,20,170,NA,129,129,15,22,6,7,0.1,0.1
2026-09-21T1400,1255A,121.2727,28.6461,台州市,黄岩环保大楼,,46,37,30,15,17,146,NA,114,114,8,10,/,/,/,/
2026-09-21T1400,1256A,121.4188,28.6545,台州市,台州环保大楼,,50,39,34,14,16,157,NA,126,126,8,10,/,/,0.7,0.7
2026-09-21T1400,1257A,121.3768,28.5772,台州市,路桥田洋王,臭氧1小时(O3_1h),52,32,32,18,17,161,NA,126,126,8,10,8,7,0.5,0.5
2026-09-21T1400,1258A,122.1223,30.0203,舟山市,定海檀枫,,43,34,26,18,14,136,NA,115,115,4,5,7,7,0.7,0.7
2026-09-21T1400,1260A,122.1898,29.9945,舟山市,临城新区,,45,28,21,17,14,142,NA,119,119,7,9,6,6,0.6,0.5
2026-09-21T1400,1262A,119.6478,29.0773,金华市,十五中,臭氧1小时(O3_1h),63,45,47,27,28,170,NA,113,113,13,18,5,5,0.6,0.8
2026-09-21T1400,1263A,119.6859,29.1032,金华市,监测站,,46,34,45,23,27,147,NA,103,103,11,19,3,3,0.6,0.6
2026-09-21T1400,1264A,118.8694,28.94,衢州市,环保大楼,,45,30,47,21,31,143,NA,107,107,9,18,/,/,/,/
2026-09-21T1400,1266A,118.8622,28.9809,衢州市,衢州学院,,41,27,43,19,31,131,NA,102,102,8,21,8,8,0.4,0.5
2026-09-21T1400,1267A,119.9141,28.4513,丽水市,监测站大楼,,38,38,29,22,19,117,NA,95,95,10,12,6,6,0.7,0.7
2026-09-21T1400,1268A,119.93,28.4589,丽水市,莲都小学,,41,41,32,20,20,119,NA,96,96,9,12,/,/,/,/
2026-09-21T1400,1269A,119.8794,28.4232,丽水市,余庄前,,41,31,32,18,19,130,NA,81,81,8,14,6,6,0.7,0.8
2026-09-21T1400,1270A,117.1957,31.7845,合肥市,明珠广场,,39,39,40,18,27,65,NA,44,44,18,26,10,10,0.5,0.5
2026-09-21T1400,1271A,117.307,31.8765,合肥市,三里街,,36,36,32,24,24,55,NA,45,45,15,18,5,4,0.8,0.8
2026-09-21T1400,1272A,117.2587,31.8703,合肥市,琥珀山庄,,44,44,37,20,22,66,NA,57,57,15,18,5,6,0.5,0.6
2026-09-21T1400,1275A,117.2593,31.9376,合肥市,庐阳区,,48,48,34,31,24,79,NA,60,60,20,22,8,7,0.7,0.7
2026-09-21T1400,1276A,117.345251,31.861615,合肥市,瑶海区,NA,NA,39,35,20,22,59,NA,50,50,NA,15,4,4,0.5,0.6
2026-09-21T1400,1277A,117.3033,31.7967,合肥市,包河区,,36,36,38,18,23,48,NA,29,29,33,43,8,8,0.5,0.6
2026-09-21T1400,1278A,117.278,31.7392,合肥市,滨湖新区,,29,29,39,15,22,65,NA,50,50,17,21,9,8,0.8,0.8
2026-09-21T1400,1279A,117.1324,31.8395,合肥市,高新区,,44,44,37,16,25,62,NA,49,49,22,24,7,7,0.6,0.7
2026-09-21T1400,1282A,119.2681,26.0506,福州市,师大,,40,17,29,9,18,127,NA,102,102,6,7,5,5,0.4,0.4
2026-09-21T1400,1283A,119.2983,26.1028,福州市,五四北路,,38,NA,27,14,18,120,NA,97,97,7,10,4,5,0.3,0.4
2026-09-21T1400,1284A,119.2648,26.0769,福州市,杨桥西路,,40,20,30,9,18,127,NA,104,104,8,8,4,4,/,/
2026-09-21T1400,1287A,118.1519,24.4768,厦门市,洪文,臭氧1小时(O3_1h),52,38,35,21,20,161,NA,119,119,10,10,3,3,0.4,0.4
2026-09-21T1400,1288A,118.0671,24.4447,厦门市,鼓浪屿,,47,43,38,25,21,149,NA,113,113,30,10,5,3,/,/
2026-09-21T1400,1291A,115.8887,28.7006,南昌市,省林业公司,,50,46,49,35,45,126,NA,103,103,4,10,8,7,0.5,0.7
2026-09-21T1400,1292A,115.813,28.7443,南昌市,林科所,,36,29,35,25,34,102,NA,92,91,10,9,7,8,1.1,1.1
2026-09-21T1400,1294A,115.8518,28.687,南昌市,建工学校,,50,42,50,35,38,113,NA,98,98,12,14,10,10,1.0,1
2026-09-21T1400,1295A,115.8926,28.6425,南昌市,象湖,,48,47,46,33,44,113,NA,91,91,12,13,9,9,0.9,1
2026-09-21T1400,1299A,116.9866,36.6118,济南市,科干所,,43,31,79,8,50,135,NA,91,91,15,33,7,7,0.4,0.7
2026-09-21T1400,1300A,116.9379,36.6652,济南市,农科所,,46,42,83,13,60,147,NA,96,96,15,30,7,7,0.4,0.5
2026-09-21T1400,1301A,117.1265,36.6736,济南市,开发区,NA,NA,39,101,7,64,145,NA,99,99,14,33,8,12,NA,0.9
2026-09-21T1400,1303A,117.0616,36.6865,济南市,省种子仓库,,48,48,117,10,62,152,NA,95,95,16,35,6,8,0.5,0.8
2026-09-21T1400,1304A,116.9495185,36.644937,济南市,机床二厂,,49,49,100,11,63,145,NA,91,91,16,39,10,11,0.3,0.6
2026-09-21T1400,1305A,117.0496,36.6629,济南市,市监测站,NA,NA,44,104,7,63,141,NA,33,NA,16,34,5,9,NA,0.9
2026-09-21T1400,1306A,116.7674,36.5458,济南市,长清党校,,49,49,119,15,69,147,NA,79,79,14,38,4,5,0.3,0.7
2026-09-21T1400,1310A,120.404,36.0625,青岛市,市南区东部子站,,37,19,45,2,27,116,NA,100,91,41,20,8,8,0.4,0.5
2026-09-21T1400,1311A,120.362344,36.10282,青岛市,四方区子站,,40,29,47,2,29,125,NA,98,92,15,15,4,5,0.3,0.5
2026-09-21T1400,1312A,120.294373,36.054183,青岛市,市南区西部子站,,37,27,46,3,27,116,NA,90,90,21,17,6,7,0.3,0.6
2026-09-21T1400,1313A,120.4581,36.0858,青岛市,崂山区子站,,35,24,40,2,23,111,NA,102,92,9,14,10,10,0.4,0.5
2026-09-21T1400,1315A,120.3945,36.3083,青岛市,城阳区子站,,37,27,48,1,27,117,NA,84,84,6,13,5,5,0.2,0.4
2026-09-21T1400,1316A,113.6843,34.7622,郑州市,烟厂,细颗粒物(PM2.5),104,64,40,64,42,127,NA,75,75,9,14,5,5,0.5,0.4
2026-09-21T1400,1318A,113.669,34.8034,郑州市,银行学校,细颗粒物(PM2.5),105,NA,46,65,46,119,NA,72,72,12,15,3,3,0.6,0.5
2026-09-21T1400,1319A,113.5612,34.8143,郑州市,供水公司,细颗粒物(PM2.5),86,NA,46,53,38,150,NA,79,79,10,17,2,2,0.6,0.6
2026-09-21T1400,1320A,113.7269,34.7187,郑州市,经开区管委,细颗粒物(PM2.5),94,85,42,57,37,132,NA,79,79,8,17,14,6,0.6,0.6
2026-09-21T1400,1321A,113.7332,34.7727,郑州市,四十七中,细颗粒物(PM2.5),88,65,52,54,42,156,NA,89,89,8,15,4,4,0.6,0.6
2026-09-21T1400,1323A,113.6361,34.7537,郑州市,河医大,细颗粒物(PM2.5),90,72,56,55,38,136,NA,81,81,11,15,6,5,0.9,0.8
2026-09-21T1400,1325A,114.3676,30.5584,武汉市,东湖梨园,,47,47,45,30,30,68,NA,43,43,14,18,8,9,0.8,0.8
2026-09-21T1400,1326A,114.2527,30.5578,武汉市,汉阳月湖,颗粒物(PM10),52,52,51,33,33,74,NA,50,50,9,12,4,4,0.6,0.6
2026-09-21T1400,1327A,114.2819,30.6189,武汉市,汉口花桥,,43,43,45,26,33,74,NA,46,46,12,18,7,7,0.5,0.5
2026-09-21T1400,1328A,114.3024,30.5332,武汉市,武昌紫阳,颗粒物(PM10),54,55,61,29,30,78,NA,49,49,12,17,8,8,0.6,0.6
2026-09-21T1400,1329A,114.3646,30.6217,武汉市,青山钢花,,45,45,47,29,31,68,NA,42,42,14,21,9,10,0.6,0.6
2026-09-21T1400,1330A,114.156697,30.482592,武汉市,沌口新区,NA,NA,NA,48,NA,33,72,NA,52,50,15,16,10,11,0.5,0.4
2026-09-21T1400,1331A,114.3013,30.5944,武汉市,汉口江滩,颗粒物(PM10),52,52,51,18,31,63,NA,41,41,13,18,4,4,0.8,0.8
2026-09-21T1400,1333A,114.1285,30.6339,武汉市,吴家山,,46,42,51,32,32,73,NA,53,53,14,18,7,7,0.9,0.8
2026-09-21T1400,1335A,113.082,28.2421,长沙市,经开区环保局,颗粒物(PM10),52,52,60,32,43,128,NA,75,75,7,14,4,5,0.8,0.8
2026-09-21T1400,1336A,112.8873,28.2202,长沙市,高开区环保局,细颗粒物(PM2.5),60,61,62,40,45,103,NA,65,65,7,15,4,5,1.0,1
2026-09-21T1400,1337A,113.0785,28.2012,长沙市,马坡岭,颗粒物(PM10),53,54,61,36,44,139,NA,83,83,8,14,8,8,0.5,0.6
2026-09-21T1400,1338A,112.9448,28.1894,长沙市,湖南师范大学,颗粒物(PM10),61,65,70,35,45,123,NA,74,74,9,19,8,8,0.7,0.7
2026-09-21T1400,1339A,113.0177,28.1322,长沙市,雨花区环保局,NA,NA,50,61,27,44,124,NA,76,76,7,15,7,7,NA,1.2
2026-09-21T1400,1340A,112.9795,28.2593,长沙市,伍家岭,颗粒物(PM10),64,69,65,39,43,108,NA,69,69,8,16,5,5,0.8,0.7
2026-09-21T1400,1341A,113.002,28.1944,长沙市,火车新站,颗粒物(PM10),55,57,62,35,42,117,NA,73,73,6,13,5,5,0.9,0.9
2026-09-21T1400,1342A,112.9846,28.1177,长沙市,天心区环保局,,44,44,63,29,51,130,NA,76,76,9,20,4,4,0.6,0.7
2026-09-21T1400,1343A,112.8906,28.1307,长沙市,湖南中医药大学,颗粒物(PM10),60,64,60,38,46,125,NA,70,70,5,13,7,8,0.7,0.8
2026-09-21T1400,1345A,113.2346,23.1423,广州市,广雅中学,臭氧1小时(O3_1h),88,52,48,39,30,190,NA,99,99,16,24,5,6,0.7,0.6
2026-09-21T1400,1346A,113.2611,23.105,广州市,市五中,臭氧1小时(O3_1h),107,47,46,41,35,213,NA,113,113,18,20,5,5,/,/
2026-09-21T1400,1348A,113.3477,23.0916,广州市,广东商学院,臭氧1小时(O3_1h),103,54,49,35,30,206,NA,91,91,21,32,6,6,0.7,0.6
2026-09-21T1400,1349A,113.4332,23.105,广州市,市八十六中,臭氧1小时(O3_1h),107,41,40,35,34,214,NA,81,81,27,42,7,8,/,/
2026-09-21T1400,1350A,113.3506,22.9488,广州市,番禺中学,臭氧1小时(O3_1h),106,63,45,34,29,212,NA,122,122,15,18,5,6,0.5,0.4
2026-09-21T1400,1351A,113.2147,23.3918,广州市,花都师范,臭氧1小时(O3_1h),94,56,46,48,33,195,NA,120,120,15,25,4,3,0.6,0.6
2026-09-21T1400,1352A,113.2599,23.1329,广州市,市监测站,臭氧1小时(O3_1h),79,52,47,39,30,183,NA,98,98,15,21,2,2,/,/
2026-09-21T1400,1353A,113.5618,23.3119,广州市,九龙镇镇龙,,39,37,37,26,27,124,NA,86,86,6,15,8,8,0.7,0.8
2026-09-21T1400,1354A,113.2764,23.1544,广州市,麓湖,臭氧1小时(O3_1h),104,48,42,31,29,207,NA,99,99,19,28,8,8,0.7,0.6
2026-09-21T1400,1356A,114.0948,22.5506,深圳市,通心岭子站,臭氧1小时(O3_1h),80,44,33,27,22,184,NA,94,94,9,11,3,2,0.7,0.6
2026-09-21T1400,1357A,114.1153,22.5713,深圳市,洪湖,臭氧1小时(O3_1h),83,45,38,31,23,186,NA,80,80,13,25,2,2,0.8,0.7
2026-09-21T1400,1358A,113.9823,22.5398,深圳市,华侨城,臭氧1小时(O3_1h),110,60,38,36,24,220,NA,104,104,17,23,/,/,/,/
2026-09-21T1400,1359A,113.9181,22.517,深圳市,南海子站,臭氧1小时(O3_1h),103,47,40,26,24,206,NA,95,95,15,22,1,2,0.9,0.8
2026-09-21T1400,1360A,114.2345,22.565,深圳市,盐田,,45,26,27,16,18,142,NA,100,100,3,13,8,8,0.7,0.7
2026-09-21T1400,1363A,114.4911,22.5381,深圳市,南澳,,40,25,27,12,19,127,NA,95,95,5,13,/,/,/,/
2026-09-21T1400,1364A,114.41,22.6346,深圳市,葵涌,,44,37,31,20,19,139,NA,100,100,7,12,8,8,0.8,0.8
2026-09-21T1400,1365A,114.2967,22.5978,深圳市,梅沙,,43,23,25,17,16,136,NA,96,96,9,12,/,/,/,/
2026-09-21T1400,1366A,114.0563,22.7353,深圳市,观澜,臭氧1小时(O3_1h),115,68,60,42,32,230,NA,112,112,23,34,2,3,0.8,0.8
2026-09-21T1400,1367A,113.5811,22.2618,珠海市,吉大,,46,36,26,25,21,147,NA,95,95,13,12,9,8,0.8,0.8
2026-09-21T1400,1368A,113.4893,22.2323,珠海市,前山,,50,45,32,26,21,159,NA,100,100,22,17,/,/,/,/
2026-09-21T1400,1369A,113.6284,22.4252,珠海市,唐家,臭氧1小时(O3_1h),70,34,26,23,21,176,NA,101,101,6,7,/,/,/,/
2026-09-21T1400,1370A,113.2986,22.2284,珠海市,斗门,,50,38,30,31,25,159,NA,105,105,8,9,11,10,0.6,0.6
2026-09-21T1400,1371A,113.1293,23.0065,佛山市,湾梁,臭氧1小时(O3_1h),100,53,41,36,34,200,NA,109,109,16,19,/,/,/,/
2026-09-21T1400,1372A,113.1082,23.0477,佛山市,华材职中,臭氧1小时(O3_1h),111,51,43,44,36,222,NA,113,113,13,16,2,2,0.8,0.7
2026-09-21T1400,1373A,113.1439,23.045,佛山市,南海气象局,臭氧1小时(O3_1h),92,81,41,40,34,193,NA,111,111,20,19,/,/,/,/
2026-09-21T1400,1374A,113.2879,22.8094,佛山市,顺德苏岗,臭氧1小时(O3_1h),109,46,42,36,31,218,NA,122,122,12,13,/,/,0.5,0.4
2026-09-21T1400,1376A,112.8384,22.8678,佛山市,高明孔堂,,50,40,44,29,29,157,NA,92,92,10,12,/,/,/,/
2026-09-21T1400,1377A,112.8835,23.1584,佛山市,三水监测站,臭氧1小时(O3_1h),78,44,48,33,42,182,NA,94,94,7,15,4,5,0.5,0.5
2026-09-21T1400,1378A,112.8668,23.185,佛山市,三水云东海,臭氧1小时(O3_1h),69,47,47,35,38,175,NA,98,98,7,12,/,/,/,/
2026-09-21T1400,1379A,113.377,22.5211,中山市,华柏园,臭氧1小时(O3_1h),72,51,37,35,26,177,NA,114,114,10,12,/,/,/,/
2026-09-21T1400,1380A,113.3879,22.5499,中山市,张溪,臭氧1小时(O3_1h),83,55,40,42,27,186,NA,123,123,14,15,/,/,/,/
2026-09-21T1400,1381A,113.4071,22.5111,中山市,紫马岭,臭氧1小时(O3_1h),70,52,34,37,24,176,NA,101,101,12,14,10,9,0.8,0.7
2026-09-21T1400,1383A,113.1063,22.6058,江门市,北街,臭氧1小时(O3_1h),73,57,40,28,29,178,NA,104,104,9,10,/,/,/,/
2026-09-21T1400,1384A,113.073,22.5835,江门市,西区,臭氧1小时(O3_1h),59,40,43,31,29,167,NA,94,94,14,21,/,/,/,/
2026-09-21T1400,1385A,113.0218,22.531,江门市,圭峰西,,50,50,36,22,26,137,NA,92,92,9,14,/,/,/,/
2026-09-21T1400,1390A,113.7943,23.0132,东莞市,东城石井,臭氧1小时(O3_1h),107,NA,43,38,32,213,NA,128,128,NA,19,10,8,1.0,0.9
2026-09-21T1400,1391A,113.7384,22.9659,东莞市,南城西平,臭氧1小时(O3_1h),102,47,42,36,28,203,NA,116,116,13,22,10,9,0.9,0.9
2026-09-21T1400,1392A,114.4181,23.0528,惠州市,河南岸金山湖子站,细颗粒物(PM2.5),78,65,46,49,32,169,NA,110,110,10,15,8,8,0.6,0.6
2026-09-21T1400,1393A,114.4055,23.0824,惠州市,下埔横江三路子站,臭氧1小时(O3_1h),62,63,50,34,31,169,NA,112,112,11,15,8,8,0.7,0.6
2026-09-21T1400,1395A,114.4645,22.7832,惠州市,惠阳区承修路船湖子站,臭氧1小时(O3_1h),63,36,47,24,29,170,NA,107,107,8,14,4,4,0.7,0.8
2026-09-21T1400,1396A,114.5316,22.7423,惠州市,大亚湾管委会子站,,41,34,39,21,22,129,NA,88,88,8,18,9,9,0.6,0.6
2026-09-21T1400,1397A,112.426,23.062,肇庆市,睦岗子站,臭氧1小时(O3_1h),69,53,57,42,41,175,NA,72,72,10,26,9,9,/,/
2026-09-21T1400,1398A,112.4645,23.0476,肇庆市,城中子站,细颗粒物(PM2.5),80,59,54,50,38,158,NA,68,68,13,23,11,14,0.9,0.9
2026-09-21T1400,1399A,112.5545,23.1525,肇庆市,坑口子站,臭氧1小时(O3_1h),68,49,45,35,35,174,NA,101,101,8,13,8,8,0.7,0.6
2026-09-21T1400,1401A,108.3098,22.788,南宁市,二十一中,,42,34,41,18,31,133,NA,86,86,8,19,5,5,0.8,0.9
2026-09-21T1400,1402A,108.3135,22.8529,南宁市,北湖,,41,34,60,23,44,129,NA,76,76,8,26,4,5,0.4,0.6
2026-09-21T1400,1403A,108.3205,22.8222,南宁市,市监测站,,45,39,40,18,28,142,NA,97,97,7,14,5,6,0.7,0.8
2026-09-21T1400,1404A,108.3828,22.8038,南宁市,大自然花园,,48,36,39,20,30,151,NA,100,100,10,16,4,5,0.7,0.8
2026-09-21T1400,1406A,108.2397,22.8462,南宁市,区农职院,,50,50,51,19,37,128,NA,90,90,6,14,6,12,0.5,0.7
2026-09-21T1400,1407A,108.3285,22.7356,南宁市,英华嘉园,,41,36,47,16,31,131,NA,81,81,7,25,5,5,0.6,0.7
2026-09-21T1400,1410A,110.3189,20.0596,海口市,海南大学,,36,25,26,17,16,113,NA,102,102,3,3,5,6,0.5,0.4
2026-09-21T1400,1411A,110.2827,20.0051,海口市,秀英海南医院,,37,27,26,20,16,117,NA,89,89,3,12,6,6,0.4,0.4
2026-09-21T1400,1412A,110.3391,19.9979,海口市,海南师范大学,,36,26,25,18,16,115,NA,103,103,2,5,4,4,0.5,0.4
2026-09-21T1400,1413A,110.3303,20.0359,海口市,龙华路环保局宿舍,,37,27,25,17,15,117,NA,100,100,3,4,/,/,0.4,0.3
2026-09-21T1400,1416A,106.4216,29.8256,重庆市,天生,,17,17,21,7,9,53,NA,33,33,10,12,9,9,0.7,0.7
2026-09-21T1400,1417A,106.6264,29.7226,重庆市,两路,,27,27,28,6,11,56,NA,31,31,8,11,4,4,0.7,0.7
2026-09-21T1400,1419A,106.5778,29.5103,重庆市,南坪,,33,33,34,13,15,40,NA,26,26,21,25,6,5,0.6,0.6
2026-09-21T1400,1420A,106.6556,29.6277,重庆市,唐家沱,,15,13,23,5,13,48,NA,20,20,16,24,8,8,0.7,0.7
2026-09-21T1400,1431A,103.9727,30.7242,成都市,金泉两河,,33,NA,20,9,12,105,NA,55,55,6,16,2,2,0.5,0.6
2026-09-21T1400,1432A,104.1423,30.6765,成都市,十里店,,38,NA,21,17,16,119,NA,66,66,4,15,5,5,0.6,0.8
2026-09-21T1400,1433A,104.0594,30.5765,成都市,三瓦窑,,38,21,19,16,13,121,NA,64,64,13,22,6,7,0.8,0.9
2026-09-21T1400,1434A,104.1122,30.6306,成都市,沙河铺,,33,17,26,15,14,103,NA,52,52,9,21,8,8,0.6,0.8
2026-09-21T1400,1439A,106.6863,26.6035,贵阳市,马鞍山,,35,31,25,22,16,109,NA,67,67,6,8,5,4,/,/
2026-09-21T1400,1441A,106.6241,26.6266,贵阳市,鉴湖路,,44,44,38,22,18,102,NA,85,85,6,6,10,11,0.6,0.6
2026-09-21T1400,1442A,106.7468,26.6344,贵阳市,燕子冲,,39,39,35,26,18,119,NA,78,78,10,12,7,7,0.5,0.5
2026-09-21T1400,1443A,106.6556,26.4362,贵阳市,碧云窝,NA,NA,39,41,25,18,92,NA,68,68,NA,9,8,7,/,/
2026-09-21T1400,1445A,106.6963,26.6063,贵阳市,红边门,,36,36,32,25,18,113,NA,77,77,8,12,4,6,/,/
2026-09-21T1400,1446A,106.7162383,26.56964667,贵阳市,新华路,,41,41,40,20,19,102,NA,72,72,10,15,7,8,0.5,0.6
2026-09-21T1400,1447A,106.6742,26.542,贵阳市,太慈桥,,38,31,29,26,17,110,NA,68,68,7,11,4,4,/,/
2026-09-21T1400,1450A,102.8203,24.889,昆明市,呈贡新区,,28,NA,17,8,12,87,NA,57,57,4,15,3,5,0.3,0.4
2026-09-21T1400,1452A,102.7253,25.0904,昆明市,龙泉镇,NA,NA,NA,28,9,16,95,NA,44,44,10,18,2,3,0.4,0.4
2026-09-21T1400,1453A,102.7267,25.0378,昆明市,东风东路,,28,12,19,8,15,89,NA,54,54,8,14,5,7,0.4,0.5
2026-09-21T1400,1454A,102.6744,25.0671,昆明市,金鼎山,,46,46,38,14,13,98,NA,52,52,10,15,4,5,0.5,0.5
2026-09-21T1400,1455A,102.6643,25.0401,昆明市,碧鸡广场,,28,NA,23,14,14,89,NA,49,49,7,16,7,8,0.6,0.6
2026-09-21T1400,1456A,91.132,29.6515,拉萨市,八廓街,,32,12,10,5,6,102,NA,69,69,5,12,8,8,0.2,0.2
2026-09-21T1400,1457A,91.1221,29.6748,拉萨市,市环保局,,32,9,12,5,5,100,NA,64,64,7,12,8,8,0.2,0.2
2026-09-21T1400,1458A,91.0874,29.6476,拉萨市,区监测站,,31,9,9,5,6,97,NA,62,62,6,15,7,7,0.1,0.2
2026-09-21T1400,1459A,91.1774,29.6541,拉萨市,西藏大学,,34,5,9,5,6,106,NA,70,70,7,14,7,7,0.2,0.3
2026-09-21T1400,1460A,90.9798,29.6586,拉萨市,区辐射站,,29,12,23,5,6,91,NA,50,50,9,24,7,8,0.2,0.2
2026-09-21T1400,1461A,91.0831,29.6292,拉萨市,拉萨火车站,,30,9,9,5,5,95,NA,67,67,6,11,7,7,0.3,0.3
2026-09-21T1400,1463A,108.9931,34.2629,西安市,兴庆小区,,38,38,27,15,11,62,NA,45,45,15,12,4,3,0.5,0.4
2026-09-21T1400,1464A,109.0595,34.2569,西安市,纺织城,,30,30,29,15,14,68,NA,32,32,6,18,3,2,0.6,0.6
2026-09-21T1400,1465A,108.9377,34.2178,西安市,小寨,,41,41,27,21,13,61,NA,36,36,20,18,2,2,0.5,0.7
2026-09-21T1400,1466A,108.9522,34.2739,西安市,市人民体育场,,50,50,32,24,15,79,NA,50,50,22,20,4,3,0.8,0.8
2026-09-21T1400,1467A,108.8923,34.2322,西安市,高新西区,,50,50,27,27,14,73,NA,42,42,21,19,5,5,0.6,0.5
2026-09-21T1400,1468A,108.9386,34.3446,西安市,经开区,颗粒物(PM10),53,53,36,24,17,74,NA,35,35,14,18,2,1,0.7,0.7
2026-09-21T1400,1469A,108.894,34.1557,西安市,长安区,,48,48,28,19,12,63,NA,40,40,14,17,3,2,0.4,0.4
2026-09-21T1400,1471A,109.213,34.3748,西安市,临潼区,,39,36,40,27,24,84,NA,32,32,11,22,4,3,0.7,0.8
2026-09-21T1400,1474A,109.0508,34.321,西安市,广运潭,,34,34,29,18,13,63,NA,44,44,14,17,5,5,0.6,0.6
2026-09-21T1400,1479A,103.8309,36.0467,兰州市,铁路设计院,,43,43,42,21,21,114,NA,39,39,28,34,8,4,0.6,0.5
2026-09-21T1400,1489A,106.1361,38.5039,银川市,学院路,,48,42,54,19,25,152,NA,79,79,9,24,8,7,0.4,0.6
2026-09-21T1400,1490A,87.5796,43.8299,乌鲁木齐市,监测站,颗粒物(PM10),63,68,75,41,24,96,NA,50,47,16,44,4,3,0.7,0.6
2026-09-21T1400,1491A,87.6044,43.7679,乌鲁木齐市,收费所,颗粒物(PM10),67,73,82,17,26,103,NA,59,59,11,37,1,2,0.3,0.4
2026-09-21T1400,1493A,87.5529,43.8704,乌鲁木齐市,铁路局,颗粒物(PM10),58,60,77,17,23,104,NA,61,61,23,42,11,9,0.8,0.7
2026-09-21T1400,1494A,87.6408,43.8258,乌鲁木齐市,三十一中学,颗粒物(PM10),60,64,81,24,23,97,NA,65,62,15,36,6,8,0.6,0.7
2026-09-21T1400,1496A,87.7218,44.1747,乌鲁木齐市,米东区环保局,颗粒物(PM10),60,63,83,16,24,136,NA,68,68,6,33,16,14,0.4,0.9
2026-09-21T1400,1508A,112.9508,27.8626,湘潭市,板塘,,44,37,65,29,48,138,NA,84,84,7,20,11,11,0.6,0.6
2026-09-21T1400,1511A,112.9114,27.8404,湘潭市,市监测站,,44,44,49,23,45,100,NA,71,71,5,14,3,4,0.8,0.6
2026-09-21T1400,1512A,112.8935,27.8729,湘潭市,江麓,,48,48,65,22,47,96,NA,66,66,5,14,8,9,0.4,0.6
2026-09-21T1400,1513A,112.9227,27.8159,湘潭市,岳塘,颗粒物(PM10),52,52,70,29,49,116,NA,73,73,6,14,10,9,0.1,0.2
2026-09-21T1400,1514A,112.9073,27.9118,湘潭市,科大,颗粒物(PM10),62,66,68,22,46,103,NA,70,70,3,11,7,8,0.3,1
2026-09-21T1400,1515A,113.1265,27.8306,株洲市,天台山庄,,36,29,65,25,48,111,NA,71,71,12,23,2,3,0.6,0.8
2026-09-21T1400,1518A,113.0937,27.8919,株洲市,株冶医院,,36,29,60,20,49,114,NA,62,62,6,17,4,5,0.9,1
2026-09-21T1400,1519A,113.1709,27.8661,株洲市,市四中,,38,32,69,26,52,120,NA,75,75,9,20,5,6,0.6,0.7
2026-09-21T1400,1520A,113.1515,27.8265,株洲市,火车站,NA,NA,33,67,30,52,121,NA,84,84,10,20,9,12,NA,0.8
2026-09-21T1400,1524A,113.1329,27.8491,株洲市,市监测站,,37,32,64,25,49,118,NA,72,72,12,23,8,9,0.4,0.6
2026-09-21T1400,1562A,113.0048,27.9153,湘潭市,昭山,,41,41,67,20,49,105,NA,61,61,2,16,8,8,0.6,0.7
2026-09-21T1400,1585A,109.8761,40.6533,包头市,市环境监测站,,44,44,38,16,21,116,NA,60,60,15,34,19,8,0.8,0.5
2026-09-21T1400,1587A,109.9992,40.5843,包头市,包头八中,,34,19,41,9,24,108,NA,54,54,8,36,6,9,0.1,0.9
2026-09-21T1400,1589A,109.8641,40.6288,包头市,惠龙物流,,35,22,30,18,24,111,NA,61,61,17,32,26,10,0.9,0.6
2026-09-21T1400,1590A,110.0376,40.5546,包头市,东河鸿龙湾,,37,11,32,10,20,116,NA,57,57,5,29,5,6,0.4,0.7
2026-09-21T1400,1591A,110.0024,39.8127,鄂尔多斯市,综合楼,,32,31,35,8,13,102,NA,77,77,16,32,7,6,0.3,0.4
2026-09-21T1400,1592A,109.9485,39.8259,鄂尔多斯市,巴音孟克林场办事处,,31,31,29,7,11,99,NA,70,70,13,34,7,6,0.3,0.4
2026-09-21T1400,1593A,109.7734,39.5987,鄂尔多斯市,康泽苑,,40,14,20,4,9,125,NA,85,85,6,12,5,5,0.3,0.3
2026-09-21T1400,1594A,109.8121,39.5987,鄂尔多斯市,华泰汽车城,,38,24,23,4,11,119,NA,66,66,6,27,2,3,0.2,0.3
2026-09-21T1400,1595A,109.9734,39.7884,鄂尔多斯市,奥林花园,,30,29,28,8,11,93,NA,67,67,16,29,4,5,0.3,0.5
2026-09-21T1400,1597A,122.2704,40.7093,营口市,大庆路,,29,17,33,2,16,92,NA,54,54,8,19,7,8,0.6,0.8
2026-09-21T1400,1598A,122.215,40.6511,营口市,镜湖西路,,30,12,25,3,10,93,NA,56,56,10,18,4,5,0.3,0.5
2026-09-21T1400,1599A,122.1667,40.665,营口市,西炮台,,28,14,28,3,13,87,NA,53,53,8,19,4,6,0.4,0.3
2026-09-21T1400,1600A,124.33,40.0625,丹东市,江湾东路,,29,11,25,2,11,90,NA,73,73,6,10,5,6,0.5,0.7
2026-09-21T1400,1601A,124.4242,40.1513,丹东市,临江后街,NA,NA,10,23,0,12,82,NA,66,66,6,10,NA,4,0.3,0.5
2026-09-21T1400,1602A,124.3935,40.1461,丹东市,元宝山,,25,12,21,0,12,79,NA,65,65,3,6,7,7,0.4,0.6
2026-09-21T1400,1603A,124.3634,40.1093,丹东市,民主桥,,25,17,29,1,14,79,NA,63,63,7,8,9,8,0.1,0.3
2026-09-21T1400,1604A,122.0303,41.1489,盘锦市,开发区,,33,22,23,6,14,103,NA,60,60,10,14,6,7,0.4,0.4
2026-09-21T1400,1605A,122.0486,41.0883,盘锦市,兴隆台,,35,26,26,1,9,110,NA,62,62,13,27,6,8,0.3,0.4
2026-09-21T1400,1606A,121.8297,41.1026,盘锦市,新生街道,,32,11,19,6,14,102,NA,59,59,11,23,7,7,0.3,0.4
2026-09-21T1400,1607A,120.904878,40.721091,葫芦岛市,龙港区,,31,31,44,12,18,97,NA,62,62,11,32,12,15,0.1,0.4
2026-09-21T1400,1608A,120.8382,40.7521,葫芦岛市,化工街,,39,39,47,13,16,98,NA,57,57,16,37,20,11,0.4,0.3
2026-09-21T1400,1609A,120.8339,40.7078,葫芦岛市,新区,,37,37,33,9,11,98,NA,58,58,10,39,11,11,0.4,0.4
2026-09-21T1400,1610A,120.8697,40.7679,葫芦岛市,东城区,颗粒物(PM10),52,52,50,21,25,109,NA,59,59,18,34,42,17,1.1,0.6
2026-09-21T1400,1611A,118.5818,24.9116,泉州市,涂山街,,45,39,29,18,22,142,NA,112,112,8,9,4,4,0.6,0.5
2026-09-21T1400,1612A,118.597,24.8976,泉州市,津头埔,,42,42,30,17,22,130,NA,103,103,9,10,3,3,0.5,0.5
2026-09-21T1400,1613A,118.6669,24.9422,泉州市,万安,,43,39,30,16,15,137,NA,104,104,6,8,5,5,0.7,0.7
2026-09-21T1400,1618A,118.3429,35.0532,临沂市,沂河小区,,48,48,85,15,58,114,NA,106,106,11,19,9,9,0.5,0.8
2026-09-21T1400,1619A,118.2962,35.0568,临沂市,鲁南制药厂,,48,48,81,18,57,125,NA,117,117,11,21,9,8,0.7,0.9
2026-09-21T1400,1620A,118.2793,34.9976,临沂市,新光毛纺厂,颗粒物(PM10),51,51,70,28,60,131,NA,120,120,18,27,10,10,0.6,0.7
2026-09-21T1400,1621A,118.3955,35.0889,临沂市,河东保险公司,,38,36,75,10,57,119,NA,109,109,13,23,6,7,0.4,0.7
2026-09-21T1400,1622A,116.3034,37.4675,德州市,儿童乐园,,39,27,78,3,50,124,NA,97,97,7,15,8,12,0.4,0.7
2026-09-21T1400,1624A,116.2992,37.4449,德州市,监理站,,37,24,76,3,47,117,NA,103,97,7,14,7,10,0.4,0.7
2026-09-21T1400,1625A,115.9789,36.4372,聊城市,区政府,细颗粒物(PM2.5),62,62,132,41,97,122,NA,74,74,8,23,10,9,0.7,0.8
2026-09-21T1400,1629A,117.9961,37.3604,滨州市,第二水厂,,40,29,49,2,26,128,NA,88,88,10,15,9,9,0.6,0.9
2026-09-21T1400,1630A,117.9789,37.3931,滨州市,北中新校,,43,29,44,4,25,135,NA,95,95,8,12,12,11,0.5,0.7
2026-09-21T1400,1631A,118.0413,36.8101,淄博市,人民公园,,34,27,61,0,36,106,NA,82,82,6,16,6,8,0.1,0.4
2026-09-21T1400,1633A,117.8524,36.4848,淄博市,双山,,35,33,91,4,53,112,NA,91,91,12,26,9,12,0.4,0.7
2026-09-21T1400,1634A,117.9595,36.6332,淄博市,气象站,,37,25,86,5,54,117,NA,87,87,9,24,6,9,0.5,1.1
2026-09-21T1400,1637A,117.5628,34.8379,枣庄市,市中区政府,颗粒物(PM10),55,56,105,28,70,139,NA,84,84,8,25,5,6,0.5,0.6
2026-09-21T1400,1638A,117.2855,34.7838,枣庄市,薛城环保局,细颗粒物(PM2.5),128,117,108,90,83,149,NA,78,78,17,26,6,5,0.7,0.7
2026-09-21T1400,1639A,117.5854,34.7744,枣庄市,峄城区政府,颗粒物(PM10),62,66,94,31,65,148,NA,90,90,8,20,6,6,0.4,0.5
2026-09-21T1400,1641A,117.4516,35.0992,枣庄市,山亭区环保局,颗粒物(PM10),60,63,71,34,56,145,NA,78,78,12,19,3,3,0.4,0.5
2026-09-21T1400,1642A,121.2517,37.564,烟台市,开发区,,36,14,31,0,8,115,NA,84,84,8,10,7,7,0.5,0.6
2026-09-21T1400,1644A,121.3181,37.5436,烟台市,西郊化工站,,35,19,32,0,11,110,NA,83,83,11,14,8,7,0.6,0.6
2026-09-21T1400,1645A,121.4419,37.4858,烟台市,莱山环保局,,36,19,32,0,10,113,NA,85,85,9,12,4,4,0.3,0.4
2026-09-21T1400,1646A,121.2619,37.4965,烟台市,福山环保局,,36,22,41,0,14,113,NA,84,84,5,12,3,4,0.4,0.3
2026-09-21T1400,1650A,119.1436,36.7022,潍坊市,环保局,,34,27,46,0,23,107,NA,93,88,7,12,5,5,0.4,0.6
2026-09-21T1400,1653A,116.6229,35.4288,济宁市,火炬城,细颗粒物(PM2.5),100,100,149,60,98,179,NA,113,113,13,24,3,3,0.7,0.8
2026-09-21T1400,1656A,117.1436,36.1938,泰安市,监测站,,45,41,83,18,55,144,NA,109,109,7,22,5,6,0.4,0.6
2026-09-21T1400,1657A,117.0905,36.2002,泰安市,人口学校,,48,48,80,20,53,133,NA,110,110,9,19,9,9,0.5,0.7
2026-09-21T1400,1658A,117.0992,36.1757,泰安市,电力学校,,45,41,90,21,70,141,NA,101,101,5,34,6,6,0.3,0.5
2026-09-21T1400,1659A,119.4711,35.421,日照市,监测站,,37,17,42,1,30,117,NA,96,94,9,17,9,10,0.3,0.5
2026-09-21T1400,1660A,119.523,35.4216,日照市,市政府广场,,37,24,44,1,30,118,NA,99,99,10,16,7,8,0.4,0.7
2026-09-21T1400,1661A,119.5511,35.4113,日照市,港务局,,40,22,44,1,26,128,NA,116,111,11,14,9,10,0.6,0.8
2026-09-21T1400,1662A,122.121,37.4231,威海市,华夏技校,,34,9,26,1,16,106,NA,85,85,6,11,/,/,0.3,0.4
2026-09-21T1400,1663A,122.0508,37.5236,威海市,山大分校,,35,12,24,2,16,109,NA,89,89,3,5,/,/,/,/
2026-09-21T1400,1664A,122.1067,37.5067,威海市,市监测站,,34,12,30,2,16,108,NA,87,87,6,9,4,4,0.3,0.5
2026-09-21T1400,1666A,118.6612,37.4313,东营市,市环保局,,34,19,32,0,16,107,NA,79,79,2,4,10,11,0.4,0.6
2026-09-21T1400,1669A,113.5821,24.7733,韶关市,市八中,细颗粒物(PM2.5),76,66,40,48,30,116,NA,82,82,6,7,9,9,0.5,0.6
2026-09-21T1400,1671A,113.5916,24.7973,韶关市,园林处,,45,NA,34,31,31,114,NA,78,78,7,9,10,11,/,/
2026-09-21T1400,1673A,113.5971,24.6864,韶关市,曲江监测站,,42,34,40,27,29,132,NA,86,86,8,14,12,14,0.8,0.7
2026-09-21T1400,1674A,116.6795,23.3666,汕头市,金平子站,,42,37,29,20,21,132,NA,112,112,7,10,5,5,0.7,0.6
2026-09-21T1400,1675A,116.7248,23.3632,汕头市,龙湖子站,,49,49,37,21,22,120,NA,103,103,2,4,6,6,/,/
2026-09-21T1400,1676A,116.7257,23.2774,汕头市,濠江子站,颗粒物(PM10),73,81,34,20,21,123,NA,83,NA,6,8,7,6,/,/
2026-09-21T1400,1677A,116.7518,23.4712,汕头市,澄海子站,,41,41,34,20,22,118,NA,95,95,3,6,6,5,0.6,0.6
2026-09-21T1400,1678A,116.6088,23.2539,汕头市,潮阳子站,,41,37,27,21,21,131,NA,103,103,5,7,8,7,0.5,0.5
2026-09-21T1400,1680A,110.3648,21.2697,湛江市,湛江影剧院,细颗粒物(PM2.5),52,40,36,36,23,152,NA,118,118,6,9,11,13,0.5,0.5
2026-09-21T1400,1681A,110.3907,21.2279,湛江市,市环境监测站,,46,45,30,32,22,147,NA,112,112,6,7,11,8,0.6,0.5
2026-09-21T1400,1682A,110.3936,21.1943,湛江市,环保局宿舍,,49,41,28,33,20,154,NA,118,118,7,9,11,9,/,/
2026-09-21T1400,1683A,110.4138,21.2033,湛江市,霞山游泳场,细颗粒物(PM2.5),58,45,31,39,22,139,NA,99,99,8,11,12,11,/,/
2026-09-21T1400,1685A,110.4512,21.239,湛江市,坡头区环保局,,46,39,27,25,22,146,NA,105,105,10,8,11,11,0.5,0.5
2026-09-21T1400,1686A,111.0285,21.469,茂名市,电白南海,,44,41,39,22,22,138,NA,100,100,9,11,9,10,0.7,0.6
2026-09-21T1400,1687A,110.9294,21.6533,茂名市,茂石化七小,颗粒物(PM10),55,56,41,30,25,135,NA,101,101,6,9,11,11,0.8,0.7
2026-09-21T1400,1688A,110.9108,21.6688,茂名市,健康路,,48,48,32,29,24,146,NA,111,111,6,9,9,12,1.0,0.9
2026-09-21T1400,1689A,110.8592,21.6826,茂名市,高岭,颗粒物(PM10),53,53,49,30,32,133,NA,95,95,6,13,8,20,/,/
2026-09-21T1400,1690A,116.1248,24.3307,梅州市,梅江月梅,,49,35,36,34,26,108,NA,73,73,6,11,/,/,/,/
2026-09-21T1400,1691A,116.0798,24.2719,梅州市,梅县新城,NA,NA,NA,36,NA,28,NA,NA,116,NA,NA,12,NA,10,NA,0.4
2026-09-21T1400,1693A,115.3653,22.7751,汕尾市,市环保局,,37,31,30,18,18,116,NA,113,96,12,15,12,12,0.5,0.5
2026-09-21T1400,1695A,115.362,22.7926,汕尾市,新城中学,NA,NA,NA,30,NA,24,120,NA,96,90,10,11,8,9,0.8,0.8
2026-09-21T1400,1697A,114.6962,23.7538,河源市,东埔,,49,NA,36,34,33,102,NA,93,93,7,14,6,8,0.8,0.9
2026-09-21T1400,1698A,114.6895,23.7232,河源市,老城,,39,30,45,27,34,98,NA,90,90,5,12,6,8,0.7,0.7
2026-09-21T1400,1701A,111.9491,21.8658,阳江市,马南垌,,40,40,31,25,22,125,NA,98,98,5,8,7,9,0.6,0.6
2026-09-21T1400,1703A,113.0218,23.7086,清远市,凤城街办,,41,27,38,22,29,129,NA,97,97,2,10,/,/,/,/
2026-09-21T1400,1708A,116.3701,23.5345,揭阳市,新兴,颗粒物(PM10),52,52,46,28,30,151,NA,90,90,11,15,8,9,0.9,0.9
2026-09-21T1400,1709A,116.3261,23.5442,揭阳市,西马,颗粒物(PM10),53,53,53,29,33,159,NA,98,98,7,10,6,6,0.8,0.8
2026-09-21T1400,1710A,116.361,23.5627,揭阳市,东兴,颗粒物(PM10),56,58,47,30,33,157,NA,92,92,10,15,6,7,/,/
2026-09-21T1400,1711A,116.4151,23.5295,揭阳市,渔湖,,47,35,47,27,33,149,NA,84,84,8,13,5,7,/,/
2026-09-21T1400,1714A,112.0281,22.9738,云浮市,牧羊,颗粒物(PM10),71,79,56,23,40,132,NA,57,57,8,27,6,14,0.8,0.8
2026-09-21T1400,1715A,102.575,24.371,玉溪市,东风水库,,21,8,17,2,8,67,NA,42,42,5,9,6,6,0.4,0.6
2026-09-21T1400,1723A,113.2926,40.0759,大同市,云冈宾馆,,36,12,31,4,10,115,NA,57,57,13,27,9,8,0.4,0.7
2026-09-21T1400,1724A,113.3437,40.0921,大同市,大同大学,,38,NA,32,4,12,120,NA,68,68,9,25,6,9,0.5,0.6
2026-09-21T1400,1725A,113.2637,40.129,大同市,安家小村,,37,13,26,2,11,118,NA,59,59,10,23,5,3,0.4,0.6
2026-09-21T1400,1727A,113.1146,36.1547,长治市,清华站,细颗粒物(PM2.5),119,NA,69,80,72,129,NA,54,54,11,18,10,9,1.3,1.2
2026-09-21T1400,1730A,113.0887,36.2126,长治市,审计局,细颗粒物(PM2.5),111,NA,63,72,71,126,NA,50,50,13,26,11,11,1.2,1.1
2026-09-21T1400,1731A,113.0845,36.1856,长治市,长治八中,细颗粒物(PM2.5),114,80,81,75,63,121,NA,51,51,15,24,12,11,1.4,1.3
2026-09-21T1400,1733A,111.5552,36.0791,临汾市,临钢医院,细颗粒物(PM2.5),72,61,115,46,77,126,NA,65,65,10,20,5,6,0.8,1.3
2026-09-21T1400,1734A,111.4984,36.0734,临汾市,技工学校,细颗粒物(PM2.5),84,84,117,52,81,115,NA,59,59,9,20,6,6,0.9,1.3
2026-09-21T1400,1736A,111.5017,36.0857,临汾市,市委,细颗粒物(PM2.5),82,74,129,51,81,118,NA,60,60,7,17,5,5,1.0,1.4
2026-09-21T1400,1739A,113.4894,37.8717,阳泉市,赛鱼,颗粒物(PM10),53,54,62,27,40,130,NA,71,71,13,33,10,8,0.9,0.9
2026-09-21T1400,1740A,113.582,37.8473,阳泉市,南庄,,48,48,55,26,43,129,NA,76,76,9,18,6,8,0.8,1.2
2026-09-21T1400,1742A,113.5616,37.8706,阳泉市,平坦,细颗粒物(PM2.5),52,43,60,36,42,129,NA,76,76,8,23,12,14,0.9,1.2
2026-09-21T1400,1743A,113.5115,37.8391,阳泉市,大阳泉,细颗粒物(PM2.5),52,37,41,36,33,122,NA,98,98,10,11,7,5,1.0,1
2026-09-21T1400,1744A,118.9229,42.2816,赤峰市,松山一中,,33,NA,13,3,9,103,NA,56,56,9,27,10,14,0.3,0.4
2026-09-21T1400,1745A,118.9588,42.2733,赤峰市,哈达街,,35,3,20,2,11,111,NA,69,69,10,26,8,25,0.5,0.6
2026-09-21T1400,1746A,118.8792,42.2551,赤峰市,天义路,NA,NA,NA,20,NA,8,104,NA,60,60,6,23,4,14,0.5,0.6
2026-09-21T1400,1748A,123.0441,41.1201,鞍山市,深沟寺,,30,26,36,9,14,95,NA,53,53,9,21,6,7,0.4,0.5
2026-09-21T1400,1749A,123.011,41.0931,鞍山市,太阳城,,31,26,36,6,14,98,NA,56,56,9,19,8,10,0.5,0.6
2026-09-21T1400,1750A,123.0483,41.1445,鞍山市,太平,,30,30,52,12,20,91,NA,48,48,11,25,9,12,0.7,0.9
2026-09-21T1400,1751A,122.964,41.0968,鞍山市,铁西三道街,,27,22,44,9,21,84,NA,49,49,17,30,19,18,1.7,1.7
2026-09-21T1400,1753A,123.0219,41.0822,鞍山市,明达新区,,29,24,31,7,13,91,NA,55,55,8,17,8,10,0.7,0.8
2026-09-21T1400,1755A,123.7974,41.8494,抚顺市,望花区,,28,15,21,4,11,88,NA,53,53,8,15,6,6,0.4,0.5
2026-09-21T1400,1756A,123.9161,41.8827,抚顺市,顺城区,,29,14,19,4,11,90,NA,54,54,7,17,10,10,0.5,0.6
2026-09-21T1400,1757A,124.0437,41.8615,抚顺市,东洲区,,30,4,23,2,10,93,NA,55,55,4,10,8,8,0.5,0.5
2026-09-21T1400,1758A,123.9246,41.8638,抚顺市,新抚区,,28,17,26,6,13,89,NA,53,53,9,17,8,7,0.3,0.4
2026-09-21T1400,1759A,124.0972,41.8961,抚顺市,大伙房水库,NA,NA,NA,18,NA,10,92,NA,63,63,7,13,NA,11,0.3,0.4
2026-09-21T1400,1760A,123.708,41.8386,抚顺市,沈抚新城,,29,11,19,1,7,91,NA,54,54,8,17,9,10,0.4,0.6
2026-09-21T1400,1761A,123.8274146,41.31234549,本溪市,大峪,,26,4,31,3,19,82,NA,39,39,6,19,7,6,0.5,0.8
2026-09-21T1400,1763A,123.7169,41.3094,本溪市,彩屯,,26,9,32,0,15,83,NA,37,37,8,23,7,7,0.5,0.8
2026-09-21T1400,1764A,123.7672166,41.28649327,本溪市,东明,,29,12,36,2,18,92,NA,44,44,12,28,6,5,0.5,0.7
2026-09-21T1400,1765A,123.799345,41.266614,本溪市,新立屯,,30,10,23,2,13,96,NA,46,46,8,17,8,8,0.5,0.6
2026-09-21T1400,1766A,123.829144,41.336777,本溪市,威宁,,26,5,33,2,23,81,NA,34,34,4,20,6,5,0.3,0.6
2026-09-21T1400,1767A,121.1114,41.0879,锦州市,南山,颗粒物(PM10),69,76,43,6,17,123,NA,62,62,16,33,11,8,0,0.4
2026-09-21T1400,1768A,121.060361,40.842794,锦州市,开发区,,32,22,49,4,22,102,NA,68,68,6,33,7,35,0.4,1
2026-09-21T1400,1769A,121.1836,41.1118,锦州市,百股街道,臭氧1小时(O3_1h),54,45,33,9,15,163,NA,80,80,16,28,15,13,0.5,0.6
2026-09-21T1400,1770A,121.1176,41.1224,锦州市,天安街道,NA,NA,28,43,NA,18,128,NA,64,64,16,34,14,12,0.4,0.5
2026-09-21T1400,1771A,121.1303,41.1385,锦州市,北湖公园,,45,32,35,10,14,144,NA,76,76,12,22,13,8,0.2,0.2
2026-09-21T1400,1772A,126.54,43.8622,吉林市,哈达湾,,27,16,18,9,14,86,NA,56,56,10,15,13,6,0.7,0.4
2026-09-21T1400,1773A,126.5843,43.8358,吉林市,东局子,,27,NA,20,15,15,86,NA,57,57,17,17,12,6,0.9,0.5
2026-09-21T1400,1774A,126.5051,43.8243,吉林市,电力学院,,25,13,25,8,14,78,NA,50,50,8,8,16,8,0.6,0.5
2026-09-21T1400,1775A,126.6133,43.8971,吉林市,江北,,43,43,27,6,11,75,NA,53,53,5,9,7,6,0.3,0.4
2026-09-21T1400,1776A,126.5549,43.8304,吉林市,江南公园,,27,23,19,17,14,84,NA,38,38,13,10,16,5,0.7,0.2
2026-09-21T1400,1779A,123.9307,47.3641,齐齐哈尔市,安居小区,,22,22,23,2,4,54,NA,44,44,5,12,3,3,0.2,0.3
2026-09-21T1400,1780A,123.9497,47.3389,齐齐哈尔市,中心广场,,18,5,12,1,4,55,NA,46,46,6,11,3,3,0.0,0
2026-09-21T1400,1781A,123.9483,47.3229,齐齐哈尔市,农牧车辆厂,,22,22,19,3,3,59,NA,48,48,3,10,4,4,0.5,0.6
2026-09-21T1400,1783A,123.9442,47.2994,齐齐哈尔市,市环境监测站,,18,4,19,3,4,57,NA,46,46,4,11,4,4,0.2,0.2
2026-09-21T1400,1784A,129.61,44.561,牡丹江市,环保大楼,,19,14,18,2,6,60,NA,48,48,7,10,5,5,0.2,0.3
2026-09-21T1400,1787A,129.6364,44.6075,牡丹江市,机车工厂,,24,24,34,7,8,61,NA,47,47,5,11,5,7,0.1,0.2
2026-09-21T1400,1788A,129.6386,44.5462,牡丹江市,第一中学,,20,19,18,5,5,64,NA,50,50,4,7,3,3,0.3,0.4
2026-09-21T1400,1789A,124.8085,46.0381,大庆市,大同区,,24,11,19,2,5,74,NA,50,50,4,13,5,5,0.3,0.3
2026-09-21T1400,1790A,125.1166,46.5255,大庆市,龙凤区,,22,22,28,8,7,65,NA,42,42,7,19,2,2,0.2,0.3
2026-09-21T1400,1791A,124.8894,46.4007,大庆市,红岗区,,25,19,23,17,6,60,NA,43,43,5,15,6,7,0.2,0.3
2026-09-21T1400,1792A,125.1391,46.578,大庆市,萨尔图区,,31,31,26,5,6,51,NA,40,40,13,19,7,8,0.5,0.6
2026-09-21T1400,1793A,124.9026,46.6217,大庆市,让胡路区,,21,21,28,2,7,60,NA,39,39,3,14,4,4,0.2,0.3
2026-09-21T1400,1794A,118.3603,31.3515,芜湖市,监测站,,45,41,40,30,30,142,NA,63,63,13,22,10,8,0.6,0.7
2026-09-21T1400,1795A,118.3716,31.4135,芜湖市,科创中心,,46,38,42,29,25,147,NA,66,66,9,21,10,9,0.7,0.9
2026-09-21T1400,1796A,118.3671,31.3132,芜湖市,四水厂,,48,47,39,25,23,152,NA,70,70,11,18,10,9,0.7,0.7
2026-09-21T1400,1798A,118.5084,31.6838,马鞍山市,湖东路四小,,45,44,41,17,20,144,NA,72,72,7,16,9,9,1.0,1.1
2026-09-21T1400,1799A,118.5019,31.6449,马鞍山市,开发区,,44,38,40,18,22,138,NA,70,70,10,21,8,8,1.0,1.1
2026-09-21T1400,1803A,115.9873,29.6816,九江市,十里,颗粒物(PM10),55,57,58,36,45,108,NA,84,84,10,14,4,4,1.0,1
2026-09-21T1400,1804A,115.9583,29.7047,九江市,茅山头,细颗粒物(PM2.5),84,NA,55,52,54,108,NA,78,78,8,17,4,4,0.9,0.9
2026-09-21T1400,1805A,115.9877,29.7295,九江市,西园,细颗粒物(PM2.5),80,58,54,50,51,103,NA,78,78,11,20,8,8,0.9,0.9
2026-09-21T1400,1808A,115.9112,29.6038,九江市,综合工业园,细颗粒物(PM2.5),70,54,58,45,48,114,NA,88,88,23,30,8,9,1.0,1
2026-09-21T1400,1812A,112.3934,34.6517,洛阳市,市委党校,细颗粒物(PM2.5),62,43,42,41,37,104,NA,66,62,10,20,9,9,0.7,0.8
2026-09-21T1400,1815A,112.494,34.6883,洛阳市,河南林校,细颗粒物(PM2.5),68,46,41,44,35,80,NA,64,61,18,16,8,8,0.6,0.6
2026-09-21T1400,1816A,112.3843,34.623,洛阳市,开发区管委会,,46,NA,32,32,32,100,NA,79,78,9,11,12,12,0.6,0.7
2026-09-21T1400,1817A,112.4263,34.6249,洛阳市,市委新办公区,,40,32,33,28,32,97,NA,75,67,9,14,11,10,0.7,0.7
2026-09-21T1400,1819A,114.3552,36.1017,安阳市,红庙街,细颗粒物(PM2.5),84,80,71,52,54,128,NA,96,96,13,16,4,3,0.8,0.9
2026-09-21T1400,1820A,114.361,36.0681,安阳市,银杏小区,细颗粒物(PM2.5),80,72,76,50,53,134,NA,106,106,16,18,6,6,1.0,1.1
2026-09-21T1400,1824A,114.3389,34.778,开封市,肿瘤医院,颗粒物(PM10),70,77,45,0,44,133,NA,88,88,8,11,5,5,1.0,0.8
2026-09-21T1400,1826A,114.2884,34.7966,开封市,世纪星幼儿园,细颗粒物(PM2.5),72,54,41,46,43,127,NA,77,77,11,14,3,2,0.8,0.6
2026-09-21T1400,1832A,113.3257,33.7423,平顶山市,新华旅馆,细颗粒物(PM2.5),72,47,35,46,33,122,NA,116,116,12,12,8,8,0.7,0.7
2026-09-21T1400,1833A,113.2917,33.737,平顶山市,规划设计院,细颗粒物(PM2.5),64,44,25,42,29,110,NA,113,113,14,13,8,7,0.8,0.7
2026-09-21T1400,1834A,113.182,33.7738,平顶山市,平顶山工学院,细颗粒物(PM2.5),62,53,30,41,31,115,NA,108,108,9,10,9,9,0.6,0.5
2026-09-21T1400,1835A,111.1922,34.7752,三门峡市,市政府,,33,NA,31,23,32,71,NA,54,54,10,19,6,6,0.7,0.8
2026-09-21T1400,1836A,111.1588,34.794,三门峡市,开发区,,32,31,42,22,30,71,NA,54,54,14,16,5,5,0.7,0.7
2026-09-21T1400,1840A,111.2991,30.6981,宜昌市,白龙岗,,18,12,30,3,18,56,NA,45,40,4,10,5,5,0.6,0.6
2026-09-21T1400,1842A,111.263451,30.696754,宜昌市,点军区,,18,6,31,2,18,55,NA,37,34,7,11,6,6,0.4,0.5
2026-09-21T1400,1843A,111.3276,30.782,宜昌市,夷陵区,,16,6,23,4,16,50,NA,40,32,11,12,6,6,0.5,0.5
2026-09-21T1400,1844A,112.2493,30.3198,荆州市,市图书馆,,20,18,40,11,32,62,NA,64,58,16,14,7,7,0.7,0.8
2026-09-21T1400,1845A,112.2009,30.3543,荆州市,市委党校,,20,NA,41,14,28,64,NA,62,61,9,10,6,6,0.8,0.8
2026-09-21T1400,1848A,113.1494,29.425,岳阳市,城陵矶,颗粒物(PM10),72,80,67,28,28,74,NA,52,52,15,19,4,6,1.3,1.2
2026-09-21T1400,1849A,113.1493,29.3575,岳阳市,开发区,颗粒物(PM10),68,74,62,42,39,82,NA,53,53,15,18,11,9,0.8,0.7
2026-09-21T1400,1850A,113.2672,29.4752,岳阳市,云溪区,,50,50,57,29,43,81,NA,60,60,7,13,6,6,0.8,0.8
2026-09-21T1400,1851A,112.9944,29.44,岳阳市,君山区,颗粒物(PM10),60,63,60,21,37,82,NA,59,59,10,12,4,5,0.7,0.7
2026-09-21T1400,1854A,111.696,28.9725,常德市,市二中,,39,27,45,27,51,66,NA,72,66,8,10,9,9,0.9,0.9
2026-09-21T1400,1858A,110.532,29.1219,张家界市,永定新区,,24,23,49,11,37,74,NA,62,62,8,10,/,/,/,/
2026-09-21T1400,1859A,110.4696,29.1244,张家界市,电业局,,22,14,32,12,29,68,NA,64,59,11,9,2,1,0.7,0.7
2026-09-21T1400,1860A,110.5573,29.3486,张家界市,未央路,,18,NA,26,5,28,55,NA,63,56,22,10,6,6,0.4,0.4
2026-09-21T1400,1864A,110.3091,25.2705,桂林市,龙隐路小学,,39,36,37,21,28,123,NA,78,78,10,11,5,5,0.8,0.8
2026-09-21T1400,1865A,110.2849361,25.22909545,桂林市,八中,,40,38,38,16,15,128,NA,80,80,9,11,4,4,0.7,0.7
2026-09-21T1400,1867A,109.1435,21.4085,北海市,海滩公园,,40,23,26,12,17,125,NA,116,116,3,6,4,4,0.6,0.6
2026-09-21T1400,1868A,109.0983,21.466,北海市,新市环保局,,46,36,31,17,20,145,NA,126,126,6,9,7,7,0.4,0.4
2026-09-21T1400,1869A,109.1775,21.5232,北海市,北海工业园,颗粒物(PM10),52,52,37,19,22,156,NA,111,111,10,10,3,3,0.6,0.6
2026-09-21T1400,1870A,109.4854,24.3898,柳州市,柳东小学,,48,48,56,33,32,148,NA,80,80,6,13,6,6,0.7,0.8
2026-09-21T1400,1871A,109.4109,24.3304,柳州市,环保监测站,颗粒物(PM10),55,56,49,36,34,159,NA,101,101,10,14,6,6,0.9,0.9
2026-09-21T1400,1872A,109.3886,24.3408,柳州市,河西水厂,细颗粒物(PM2.5),80,64,63,50,41,164,NA,91,91,14,20,12,12,1.1,0.9
2026-09-21T1400,1873A,109.4263,24.2951,柳州市,市四中,颗粒物(PM10),60,63,55,36,38,154,NA,102,102,9,17,7,7,0.7,0.7
2026-09-21T1400,1874A,109.396,24.3658,柳州市,市九中,臭氧1小时(O3_1h),69,47,60,36,38,175,NA,97,97,13,17,9,8,1.1,0.8
2026-09-21T1400,1875A,109.4912,24.3164,柳州市,古亭山,颗粒物(PM10),56,58,46,31,35,152,NA,90,90,7,22,6,5,0.8,0.8
2026-09-21T1400,1877A,109.4962,18.2682,三亚市,河西子站,,31,18,20,12,10,98,NA,64,64,4,5,4,4,0.2,0.2
2026-09-21T1400,1878A,104.7775,31.4741,绵阳市,富乐山,,33,29,28,12,12,104,NA,55,55,13,15,10,10,0.7,0.7
2026-09-21T1400,1880A,104.6698,31.4668,绵阳市,高新区自来水公司,,36,24,27,9,11,115,NA,65,65,4,16,9,9,0.8,0.8
2026-09-21T1400,1883A,104.6204,28.7728,宜宾市,市委,,23,17,25,10,17,71,NA,35,35,12,17,9,9,0.8,0.8
2026-09-21T1400,1884A,104.6056,28.7931,宜宾市,宜宾四中,,28,18,28,11,18,87,NA,41,41,6,12,8,8,0.8,0.9
2026-09-21T1400,1886A,104.5743,28.7199,宜宾市,黄金嘴,,22,14,24,8,15,69,NA,36,36,8,13,4,3,0.6,0.6
2026-09-21T1400,1888A,101.6891,26.571,攀枝花市,弄弄坪,,31,31,31,12,10,99,NA,50,50,7,18,18,17,0.5,1.1
2026-09-21T1400,1889A,101.577,26.5914,攀枝花市,河门口,,32,21,24,10,11,102,NA,56,56,7,12,15,12,1.1,0.9
2026-09-21T1400,1891A,101.7365,26.4986,攀枝花市,仁和,,18,9,20,6,13,56,NA,35,35,4,10,6,7,0.5,0.7
2026-09-21T1400,1894A,105.4427,28.9063,泸州市,小市上码头,,23,23,28,11,17,66,NA,34,34,10,11,6,6,0.7,0.7
2026-09-21T1400,1895A,105.4241,28.8573,泸州市,兰田宪桥,,21,21,34,7,15,62,NA,26,26,10,13,8,8,0.6,0.6
2026-09-21T1400,1896A,105.4378,28.8833,泸州市,市环监站,,22,18,21,11,16,70,NA,33,33,9,11,6,5,0.9,0.9
2026-09-21T1400,1901A,104.424,31.1209,德阳市,东山公园,,33,NA,20,12,10,104,NA,53,53,6,16,6,6,0.7,0.8
2026-09-21T1400,1902A,104.3827,31.1318,德阳市,西小区,,35,30,30,17,11,112,NA,66,66,14,18,10,11,0.6,0.7
2026-09-21T1400,1904A,104.3553,31.1091,德阳市,耐火材料厂,,35,32,30,13,13,111,NA,63,63,6,15,2,3,0.6,0.7
2026-09-21T1400,1906A,106.0791,30.8022,南充市,南充市委,,17,17,13,9,5,48,NA,17,17,10,11,6,6,0.4,0.4
2026-09-21T1400,1907A,106.1038,30.8215,南充市,南充炼油厂,,16,7,14,7,4,50,NA,25,21,8,11,8,7,0.3,0.3
2026-09-21T1400,1911A,106.9218,27.6872,遵义市,丁字口,,25,22,31,17,30,56,NA,44,44,8,13,6,6,1.0,1
2026-09-21T1400,1912A,106.9241,27.7044,遵义市,凤凰山,,25,19,32,17,26,58,NA,49,49,2,4,5,6,0.8,0.8
2026-09-21T1400,1913A,106.8895,27.648,遵义市,忠庄,,22,NA,39,15,29,57,NA,48,48,5,9,5,5,0.8,0.8
2026-09-21T1400,1915A,106.9225,27.7253,遵义市,干田坝,,38,38,43,22,26,59,NA,51,51,4,7,6,6,0.7,0.7
2026-09-21T1400,1916A,103.7897,25.5036,曲靖市,环境监测站,,29,12,23,5,13,90,NA,64,64,5,12,2,4,0.2,0.4
2026-09-21T1400,1917A,103.8013,25.5357,曲靖市,烟厂办公区,,23,6,24,4,12,72,NA,52,52,2,9,1,3,0.4,0.6
2026-09-21T1400,1919A,108.6726,34.315,咸阳市,实验中学,颗粒物(PM10),53,54,38,24,18,107,NA,36,36,13,23,7,6,0.6,0.6
2026-09-21T1400,1920A,108.7226,34.3622,咸阳市,师范学院,,40,40,39,25,21,107,NA,39,39,13,20,7,7,0.4,0.4
2026-09-21T1400,1923A,109.0696,35.0699,铜川市,王益区政府,,42,39,35,29,26,109,NA,54,54,10,16,5,5,0.8,0.9
2026-09-21T1400,1924A,108.9345,34.9059,铜川市,新区管委会,,42,38,40,29,28,110,NA,53,53,11,19,3,4,0.9,1
2026-09-21T1400,1927A,109.4569,36.6161,延安市,延大医附院,,35,22,26,13,20,111,NA,54,54,8,21,5,4,0.6,0.6
2026-09-21T1400,1929A,109.5053,36.6105,延安市,百米大道,,35,22,42,14,21,112,NA,56,56,9,21,7,4,0.8,0.8
2026-09-21T1400,1931A,107.0802,34.3129,宝鸡市,竹园沟,,34,26,26,13,12,108,NA,50,50,7,9,5,5,0.4,0.4
2026-09-21T1400,1933A,107.1429,34.3549,宝鸡市,监测站,,47,47,33,15,14,115,NA,42,42,7,14,2,2,0.5,0.5
2026-09-21T1400,1934A,107.1172,34.3759,宝鸡市,技工学校,颗粒物(PM10),52,52,31,18,14,118,NA,43,43,8,9,6,6,0.6,0.6
2026-09-21T1400,1936A,107.2025,34.3518,宝鸡市,文理学院,,37,27,32,17,14,116,NA,45,45,6,12,6,5,0.5,0.4
2026-09-21T1400,1937A,107.2396,34.3626,宝鸡市,三迪小学,,44,44,36,25,17,120,NA,43,43,10,15,5,4,0.4,0.4
2026-09-21T1400,1940A,109.4605,34.4927,渭南市,体育馆,,48,34,33,33,24,88,NA,45,45,7,22,4,4,0.6,0.6
2026-09-21T1400,1941A,109.4257,34.5067,渭南市,高新一小,NA,NA,NA,58,31,28,91,NA,43,43,5,16,3,4,0.3,0.3
2026-09-21T1400,1944A,102.1691,38.5166,金昌市,天庆家园,,35,31,38,11,16,112,NA,62,62,6,18,16,13,0.2,0.4
2026-09-21T1400,1945A,98.291,39.7705,嘉峪关市,气象局,,39,17,32,9,10,124,NA,90,90,8,24,7,8,0.4,0.5
2026-09-21T1400,1948A,106.3668,39.0145,石嘴山市,大武口朝阳西街,颗粒物(PM10),54,55,50,26,25,147,NA,86,86,13,29,11,22,0.8,0.9
2026-09-21T1400,1949A,106.7713,39.2278,石嘴山市,惠农南大街,,42,21,46,11,10,133,NA,67,67,6,31,12,13,0.5,0.6
2026-09-21T1400,1950A,106.7074,39.1332,石嘴山市,红果子镇惠新街,,43,31,41,11,14,135,NA,76,76,6,23,7,10,0.4,0.5
2026-09-21T1400,1951A,84.886,45.6029,克拉玛依市,长征新村,颗粒物(PM10),53,54,52,13,17,94,NA,79,63,11,21,4,4,0.4,0.5
2026-09-21T1400,1952A,84.8894,45.5827,克拉玛依市,南林小区,颗粒物(PM10),53,53,56,6,12,88,NA,47,47,13,28,7,7,0.2,0.2
2026-09-21T1400,1954A,84.896,44.3328,克拉玛依市,独山子区,颗粒物(PM10),66,72,62,11,14,128,NA,76,75,14,21,6,5,0.3,0.5
2026-09-21T1400,1955A,85.6888,46.0909,克拉玛依市,乌尔禾区商贸楼,,33,31,47,12,17,104,NA,45,45,9,20,8,8,0.3,0.4
2026-09-21T1400,1956A,86.1476,41.7529,巴音郭楞蒙古自治州,孔雀公园,颗粒物(PM10),75,85,114,25,31,93,NA,36,36,6,25,4,3,0.2,0.3
2026-09-21T1400,1957A,86.1971,41.7166,巴音郭楞蒙古自治州,棉纺厂,颗粒物(PM10),103,126,158,31,39,97,NA,58,58,8,17,/,/,/,/
2026-09-21T1400,1958A,86.236,41.7172,巴音郭楞蒙古自治州,经济开发区,颗粒物(PM10),75,84,120,28,37,97,NA,48,48,6,19,3,3,0.2,0.2
2026-09-21T1400,1961A,117.5323,36.6865,济南市,东山小学,,42,27,92,2,49,132,NA,95,95,12,28,9,11,0.3,0.7
2026-09-21T1400,1982A,122.0693,37.2175,威海市,文登开发区,,34,18,30,1,18,108,NA,84,84,6,12,/,/,/,/
2026-09-21T1400,2031A,113.1836,27.9959,株洲市,云田中学,,42,31,67,25,53,132,NA,73,73,8,18,10,10,0.5,0.7
2026-09-21T1400,2054A,114.1096,32.1059,信阳市,平桥分局,,32,27,27,16,23,101,NA,69,69,4,6,7,7,0.4,0.6
2026-09-21T1400,2064A,113.9956,32.1272,信阳市,南湾水厂,,29,27,35,20,22,89,NA,62,62,7,7,6,6,0.5,0.6
2026-09-21T1400,2065A,114.078,32.1194,信阳市,市酿酒公司,,35,33,40,24,24,94,NA,63,63,5,7,5,6,0.7,0.8
2026-09-21T1400,2066A,114.0712,32.1393,信阳市,审计局,,38,38,38,15,23,99,NA,70,70,4,7,5,5,0.5,0.6
2026-09-21T1400,2068A,114.6755,33.6347,周口市,周口师范,细颗粒物(PM2.5),84,62,36,52,32,108,NA,98,98,10,9,2,1,0.7,0.5
2026-09-21T1400,2160A,112.8496,35.5051,晋城市,自来水公司,颗粒物(PM10),51,51,60,21,41,133,NA,60,60,10,20,6,6,0.9,1
2026-09-21T1400,2162A,112.8509,35.4886,晋城市,市环保局,颗粒物(PM10),54,55,55,26,48,123,NA,58,58,7,19,4,5,0.8,0.9
2026-09-21T1400,2166A,112.4399,39.3521,朔州市,平朔,,38,23,51,4,15,119,NA,62,62,5,29,12,8,0.1,0.2
2026-09-21T1400,2167A,112.4574,39.362,朔州市,朔唯,,40,26,50,3,16,126,NA,68,68,3,35,13,12,/,/
2026-09-21T1400,2168A,112.426,39.3199,朔州市,区政府,,36,20,42,9,15,113,NA,63,63,6,27,4,5,0.2,0.4
2026-09-21T1400,2169A,112.4075,39.3277,朔州市,市环保局,,39,20,42,6,19,123,NA,72,72,5,21,4,4,/,/
2026-09-21T1400,2170A,112.4273,39.3682,朔州市,市二中,,41,30,49,3,16,130,NA,67,67,9,42,10,9,/,/
2026-09-21T1400,2174A,112.6992,37.6984,晋中市,榆次区政府,细颗粒物(PM2.5),94,61,58,57,45,94,NA,82,66,10,14,9,10,1.0,0.8
2026-09-21T1400,2175A,110.996,35.0148,运城市,运城中学,颗粒物(PM10),56,58,51,31,37,69,NA,66,65,8,9,5,5,0.9,1
2026-09-21T1400,2178A,110.9685,35.0305,运城市,地区技校,细颗粒物(PM2.5),56,NA,39,38,40,80,NA,72,71,7,8,4,4,0.8,0.9
2026-09-21T1400,2181A,112.7313,38.457,忻州市,开发区,,46,42,39,32,26,124,NA,64,64,10,20,7,8,0.7,0.7
2026-09-21T1400,2182A,112.7023,38.4932,忻州市,会展中心,,45,45,43,31,25,128,NA,73,73,7,18,7,10,0.5,0.5
2026-09-21T1400,2183A,111.1447,37.5212,吕梁市,环保局,细颗粒物(PM2.5),56,54,47,38,28,96,NA,42,42,16,34,5,4,0.9,0.7
2026-09-21T1400,2185A,111.1285,37.5338,吕梁市,自来水公司,,48,48,50,30,28,101,NA,50,50,17,35,3,4,0.7,0.7
2026-09-21T1400,2187A,106.8172,39.6972,乌海市,市林业局,,46,23,37,12,9,146,NA,75,75,7,19,14,8,0.3,0.4
2026-09-21T1400,2188A,106.7907,39.6666,乌海市,中海勃湾学校,,45,23,34,3,10,142,NA,78,78,6,27,14,17,0.3,0.5
2026-09-21T1400,2191A,122.253,43.6801,通辽市,艺术职业学校,,27,16,28,7,9,86,NA,62,62,4,11,9,10,0.4,0.4
2026-09-21T1400,2195A,107.4206,40.7609,巴彦淖尔市,附二中,,35,21,24,5,9,109,NA,68,68,4,17,7,7,0.3,0.4
2026-09-21T1400,2196A,107.37,40.7372,巴彦淖尔市,市环保大楼,,35,20,31,5,7,109,NA,71,71,2,10,13,13,0.5,0.5
2026-09-21T1400,2197A,113.1306,40.9924,乌兰察布市,集宁新区,,38,17,31,7,14,120,NA,67,67,3,22,7,7,0.2,0.3
2026-09-21T1400,2202A,116.1048,43.9318,锡林郭勒盟,市环保监测站,,30,12,17,2,4,95,NA,77,77,5,11,2,2,0.2,0.2
2026-09-21T1400,2203A,116.0778,43.9312,锡林郭勒盟,市政府,,28,9,16,2,4,89,NA,72,72,3,8,2,2,0.1,0.2
2026-09-21T1400,2205A,105.699,38.8409,阿拉善盟,蒙二幼,,41,18,19,10,7,129,NA,108,108,3,4,8,8,0.5,0.5
2026-09-21T1400,2206A,105.7198,38.8508,阿拉善盟,环保局新楼,,38,20,15,11,6,121,NA,104,104,4,4,9,9,0.5,0.5
2026-09-21T1400,2207A,121.6095,41.9978,阜新市,工业园区,,30,21,32,0,8,96,NA,54,54,5,21,6,8,0.1,0.9
2026-09-21T1400,2208A,121.6567,42.0188,阜新市,长青街,,28,10,26,0,8,87,NA,54,54,7,28,7,13,0.2,0.4
2026-09-21T1400,2209A,121.6672,42.07,阜新市,农业园区,,27,16,19,0,4,85,NA,64,64,3,11,3,8,0.3,0.5
2026-09-21T1400,2211A,121.6343,42.0455,阜新市,玉龙新城,,30,19,29,0,7,95,NA,58,58,6,28,7,10,0,0.4
2026-09-21T1400,2212A,123.1978,41.2036,辽阳市,宏伟区,,32,17,37,2,13,100,NA,54,54,6,18,9,13,0.3,0.5
2026-09-21T1400,2213A,123.1684,41.2497,辽阳市,新华园,,31,23,34,4,14,98,NA,50,50,10,26,9,8,0.5,0.6
2026-09-21T1400,2214A,123.2355,41.2663,辽阳市,滨河路,,30,9,34,3,15,96,NA,52,52,6,25,11,12,0.3,0.5
2026-09-21T1400,2217A,123.865,42.292,铁岭市,水上乐园,,28,28,19,0,5,88,NA,51,51,8,20,11,9,0.2,0.2
2026-09-21T1400,2219A,123.7158,42.2218,铁岭市,金沙江路北,NA,NA,14,18,0,3,88,NA,50,50,NA,16,10,9,0.3,0.3
2026-09-21T1400,2220A,120.4318,41.588,朝阳市,西梁,,34,21,38,2,7,107,NA,57,57,4,23,9,10,0.3,0.4
2026-09-21T1400,2221A,120.452,41.565,朝阳市,河畔小区,,33,16,24,3,7,105,NA,62,62,4,16,8,8,0.6,0.6
2026-09-21T1400,2222A,120.4176,41.5648,朝阳市,八里堡,,35,24,35,2,10,109,NA,61,61,4,24,8,8,0.5,0.7
2026-09-21T1400,2226A,124.3744,43.1842,四平市,境园,,29,10,20,2,9,90,NA,61,61,1,15,6,6,0.2,0.3
2026-09-21T1400,2227A,125.1359,42.8845,辽源市,环保局,,27,13,16,0,5,84,NA,43,43,6,11,6,5,0.4,0.4
2026-09-21T1400,2229A,125.9359,41.7174,通化市,光明,,25,14,19,0,9,78,NA,57,57,4,7,4,6,0.3,0.4
2026-09-21T1400,2230A,125.9446,41.7323,通化市,铁路,,26,2,17,0,8,82,NA,55,55,17,10,2,4,0.2,0.5
2026-09-21T1400,2231A,126.4219,41.9172,白山市,喜丰,,31,6,30,0,7,99,NA,62,62,5,15,8,7,0.6,0.7
2026-09-21T1400,2232A,126.4082,41.9416,白山市,环保局,NA,NA,NA,NA,NA,NA,NA,NA,NA,NA,NA,NA,NA,NA,NA,NA
2026-09-21T1400,2233A,124.8007,45.1213,松原市,江南,,48,48,37,10,20,68,NA,37,37,23,26,1,2,0.2,0.4
2026-09-21T1400,2234A,124.7967,45.1721,松原市,江北,,22,11,26,6,15,70,NA,41,41,8,20,1,2,0.2,0.3
2026-09-21T1400,2235A,122.7909,45.608,白城市,洮北区环保局,,23,17,21,16,8,51,NA,39,39,2,4,3,4,0.4,0.4
2026-09-21T1400,2236A,122.8741,45.5725,白城市,市环保局,,15,14,9,4,8,48,NA,36,36,5,14,2,3,0.5,0.5
2026-09-21T1400,2237A,129.4704,42.8885,延边朝鲜族自治州,妇幼医院,,24,19,17,6,10,76,NA,66,66,4,5,7,7,0.5,0.6
2026-09-21T1400,2238A,129.5047,42.9117,延边朝鲜族自治州,延边医院,,23,11,13,3,8,73,NA,68,68,3,5,4,4,0.4,0.5
2026-09-21T1400,2239A,129.395,42.8884,延边朝鲜族自治州,朝阳川镇医院,,26,14,16,2,8,82,NA,67,67,3,4,10,10,0.5,0.5
2026-09-21T1400,2240A,130.9618,45.2926,鸡西市,环保局,,18,16,16,3,8,56,NA,46,46,4,8,5,4,0.2,0.2
2026-09-21T1400,2243A,130.9294,45.2959,鸡西市,第一中学,,19,13,22,7,6,59,NA,49,49,4,6,4,5,0.1,0
2026-09-21T1400,2244A,130.2537,47.3416,鹤岗市,哈啤分公司,,21,10,21,2,4,67,NA,52,52,2,4,8,8,0.3,0.3
2026-09-21T1400,2245A,130.2683,47.3087,鹤岗市,斯达机电,,19,9,20,4,5,59,NA,41,41,4,8,6,6,0.3,0.3
2026-09-21T1400,2246A,130.3114,47.3388,鹤岗市,东山纸板厂,,20,17,43,2,6,63,NA,46,46,4,11,5,6,0.3,0.4
2026-09-21T1400,2248A,131.1509,46.6936,双鸭山市,双合村,,20,6,15,6,7,61,NA,38,38,3,7,8,9,0.3,0.4
2026-09-21T1400,2249A,131.1651,46.6191,双鸭山市,南小市,,29,29,15,4,9,59,NA,37,37,4,9,6,7,0.2,0.3
2026-09-21T1400,2250A,131.1526,46.6554,双鸭山市,环保局,,22,22,46,2,12,56,NA,35,35,7,13,8,9,0,0.1
2026-09-21T1400,2252A,128.8663,47.7199,伊春市,环保局,,18,6,15,6,6,56,NA,34,34,4,7,2,2,0.6,0.6
2026-09-21T1400,2253A,128.9014,47.732,伊春市,电力嘉园,,20,9,18,4,5,61,NA,39,39,2,7,2,3,0.1,0.3
2026-09-21T1400,2255A,130.2749,46.8028,佳木斯市,佳纺,,20,6,23,2,5,61,NA,40,40,2,10,3,3,0.2,0.2
2026-09-21T1400,2257A,130.3258,46.7975,佳木斯市,环保局,,20,9,17,2,6,64,NA,39,39,2,11,2,3,0.2,0.3
2026-09-21T1400,2263A,127.4832,50.2524,黑河市,交通局,,17,12,16,3,6,52,NA,44,44,7,8,5,6,0.1,0.1
2026-09-21T1400,2264A,127.5146,50.2339,黑河市,环保局,,18,7,13,5,7,55,NA,48,48,5,8,6,8,0.0,0
2026-09-21T1400,2266A,126.9783,46.6365,绥化市,人和东街,,21,4,8,4,3,65,NA,57,57,2,5,3,3,0.3,0.3
2026-09-21T1400,2267A,126.964,46.6527,绥化市,党政办公中心,,21,5,13,2,3,66,NA,57,57,1,6,8,8,0.4,0.4
2026-09-21T1400,2269A,124.1068,50.4091,大兴安岭地区,科技局,,19,13,21,5,6,58,NA,46,46,2,5,2,3,0.1,0.2
2026-09-21T1400,2270A,117.396,32.9389,蚌埠市,工人疗养院,细颗粒物(PM2.5),72,64,38,46,29,129,NA,109,109,8,15,6,6,0.7,0.6
2026-09-21T1400,2271A,117.3606,32.9428,蚌埠市,百货大楼,细颗粒物(PM2.5),56,57,36,38,26,127,NA,113,113,11,18,10,9,0.8,0.6
2026-09-21T1400,2273A,117.4183,32.8909,蚌埠市,蚌埠学院,细颗粒物(PM2.5),90,NA,32,55,32,115,NA,104,104,6,17,5,6,0.6,0.5
2026-09-21T1400,2274A,117.3534,32.9672,蚌埠市,淮上区政府,细颗粒物(PM2.5),68,58,35,44,28,126,NA,111,111,11,19,4,4,0.6,0.5
2026-09-21T1400,2275A,117.3143,32.8977,蚌埠市,高新区,细颗粒物(PM2.5),86,NA,32,53,31,102,NA,100,100,21,18,5,4,0.6,0.5
2026-09-21T1400,2277A,116.8304,32.7726,淮南市,潘集区政府,细颗粒物(PM2.5),54,NA,26,37,23,106,NA,96,96,9,10,6,6,0.5,0.4
2026-09-21T1400,2279A,116.8569,32.5949,淮南市,谢家集区政府,细颗粒物(PM2.5),64,44,30,42,25,114,NA,90,90,10,14,5,5,0.4,0.4
2026-09-21T1400,2280A,116.8279,32.6333,淮南市,八公山区政府,细颗粒物(PM2.5),62,NA,32,41,27,109,NA,89,89,11,14,3,3,0.5,0.5
2026-09-21T1400,2282A,116.8005,33.9749,淮北市,监测站,细颗粒物(PM2.5),98,82,55,59,44,121,NA,87,85,17,17,6,5,0.6,0.5
2026-09-21T1400,2283A,116.8094,33.9008,淮北市,烈山区政府,细颗粒物(PM2.5),133,NA,59,96,54,123,NA,92,92,14,15,5,4,0.7,0.6
2026-09-21T1400,2285A,117.8176,30.9412,铜陵市,市第四中学,颗粒物(PM10),55,56,56,18,33,145,NA,88,88,7,12,10,10,0.6,0.7
2026-09-21T1400,2287A,117.7806,30.9413,铜陵市,市新民污水厂,,44,31,49,16,33,140,NA,83,83,8,20,7,8,0.5,0.6
2026-09-21T1400,2289A,117.846,30.9414,铜陵市,车站新区,颗粒物(PM10),51,51,67,14,34,142,NA,81,81,9,17,9,9,0.6,0.7
2026-09-21T1400,2290A,117.8472,30.9699,铜陵市,市职教基地,,49,49,57,14,31,140,NA,84,84,8,13,6,6,0.7,0.8
2026-09-21T1400,2291A,117.0806,30.5181,安庆市,环科院,细颗粒物(PM2.5),54,40,46,37,41,97,NA,70,70,18,12,7,7,0.9,0.8
2026-09-21T1400,2292A,117.0331,30.5118,安庆市,马山宾馆,细颗粒物(PM2.5),64,43,43,42,39,76,NA,70,70,32,14,7,6,1.4,1.3
2026-09-21T1400,2294A,116.9897,30.6146,安庆市,安庆大学,细颗粒物(PM2.5),60,NA,36,40,38,73,NA,64,64,13,12,5,5,0.8,0.7
2026-09-21T1400,2295A,118.2905,29.6965,黄山市,延安路89号,,37,25,36,17,27,117,NA,80,80,3,6,4,4,0.6,0.7
2026-09-21T1400,2297A,118.1369,30.2755,黄山市,黄山区政府5号楼,,28,28,39,10,34,85,NA,63,63,2,5,4,4,0.7,0.8
2026-09-21T1400,2301A,115.8276,32.8929,阜阳市,市监测站,,38,27,28,17,19,119,NA,105,105,7,16,7,6,0.4,0.4
2026-09-21T1400,2303A,115.8551,32.8606,阜阳市,开发区,,35,35,35,16,18,106,NA,97,97,8,14,5,5,0.5,0.5
2026-09-21T1400,2307A,116.5078,31.7369,六安市,监测大楼,,17,NA,23,9,23,54,NA,34,30,14,10,3,3,0.4,0.4
2026-09-21T1400,2308A,116.4738,31.7642,六安市,皖西学院,,23,13,31,9,21,71,NA,38,38,9,8,7,7,0.7,0.7
2026-09-21T1400,2309A,116.4997,31.7904,六安市,朝阳厂,,20,NA,25,12,21,62,NA,33,33,11,11,1,1,0.3,0.4
2026-09-21T1400,2310A,116.5566,31.7885,六安市,开发区,,22,NA,30,13,24,69,NA,35,35,11,10,5,5,0.3,0.4
2026-09-21T1400,2311A,115.8071,33.8399,亳州市,污水处理厂,细颗粒物(PM2.5),74,61,43,47,36,100,NA,80,80,11,12,4,4,0.5,0.4
2026-09-21T1400,2312A,115.7789,33.8519,亳州市,三国揽胜宫,细颗粒物(PM2.5),84,58,38,52,40,97,NA,82,82,11,12,5,5,0.5,0.5
2026-09-21T1400,2314A,117.4698,30.6617,池州市,池州学院,,36,34,39,20,27,115,NA,74,74,17,22,6,6,0.6,0.7
2026-09-21T1400,2316A,118.7578,30.9457,宣城市,鳌峰子站,,44,39,35,20,27,140,NA,66,66,5,13,7,7,0.6,0.6
2026-09-21T1400,2317A,118.7384,30.9745,宣城市,敬亭山子站,,48,48,34,31,31,137,NA,61,61,8,12,4,3,0.6,0.6
2026-09-21T1400,2318A,118.7172,30.9428,宣城市,开发区子站,,45,37,36,24,32,143,NA,70,70,5,11,6,6,0.5,0.5
2026-09-21T1400,2319A,119.0142,25.4324,莆田市,荔城区仓后路,,38,31,35,14,21,121,NA,108,108,6,7,/,/,/,/
2026-09-21T1400,2320A,119.0016,25.4553,莆田市,莆田市监测站,NA,NA,37,34,13,19,124,NA,108,108,5,5,6,6,NA,0.7
2026-09-21T1400,2321A,119.112,25.4561,莆田市,涵江区六中,,39,32,36,15,18,123,NA,112,112,4,5,/,/,0.6,0.6
2026-09-21T1400,2322A,119.1014,25.3215,莆田市,秀屿区政府,,46,46,31,18,15,118,NA,106,106,6,5,3,2,0.4,0.5
2026-09-21T1400,2324A,117.621,26.2626,三明市,三钢,,44,44,39,28,35,121,NA,78,78,5,15,4,7,0.4,1
2026-09-21T1400,2325A,117.6352,26.2714,三明市,三明二中,颗粒物(PM10),58,60,43,35,44,118,NA,77,77,5,14,6,8,0.6,0.9
2026-09-21T1400,2326A,117.6028,26.2377,三明市,三元区政府,NA,NA,55,44,NA,33,123,NA,75,75,8,11,10,9,1.0,0.9
2026-09-21T1400,2332A,118.1682,26.6371,南平市,南平市监测站,,38,36,39,26,27,105,NA,70,70,6,14,5,5,0.5,0.5
2026-09-21T1400,2334A,118.1757,26.6276,南平市,南平七中,,44,44,38,26,30,114,NA,69,69,6,14,5,4,0.6,0.6
2026-09-21T1400,2336A,117.022,25.1031,龙岩市,龙岩市监测站,,46,46,35,23,29,117,NA,77,77,3,15,6,9,0.3,0.5
2026-09-21T1400,2337A,117.0257,25.0662,龙岩市,闽西职业技术学院,,40,40,36,18,20,126,NA,78,78,2,10,6,6,0.4,0.5
2026-09-21T1400,2338A,117.0195,25.0306,龙岩市,龙岩学院,,40,30,34,22,25,125,NA,79,79,4,9,5,5,/,/
2026-09-21T1400,2341A,119.5387,26.6611,宁德市,宁德市监测站,,40,34,28,16,18,126,NA,83,83,4,5,7,6,0.6,0.7
2026-09-21T1400,2343A,117.2114,29.2931,景德镇市,老干部活动中心,,42,42,31,29,27,110,NA,75,75,8,8,5,4,0.7,0.7
2026-09-21T1400,2344A,117.1893,29.2789,景德镇市,兽医站,颗粒物(PM10),51,51,42,28,26,108,NA,80,80,6,7,4,4,0.7,0.6
2026-09-21T1400,2346A,117.246,29.2958,景德镇市,陶研所,,40,31,29,28,25,70,NA,60,60,8,6,4,4,0.8,0.7
2026-09-21T1400,2348A,113.8384,27.6436,萍乡市,中医院,细颗粒物(PM2.5),74,67,65,47,51,150,NA,84,84,12,18,15,13,1.2,1.2
2026-09-21T1400,2350A,113.8677,27.6438,萍乡市,市环保局,细颗粒物(PM2.5),86,NA,54,53,54,162,NA,96,96,9,12,13,8,0.9,0.8
2026-09-21T1400,2351A,113.8663,27.6202,萍乡市,安源区政府,细颗粒物(PM2.5),84,62,59,52,56,151,NA,89,89,8,12,13,9,0.8,0.8
2026-09-21T1400,2353A,114.9887,27.8433,新余市,飞宇,,42,41,53,29,41,132,NA,97,97,7,14,6,11,0.6,0.6
2026-09-21T1400,2354A,114.9234,27.8248,新余市,第二水厂,,50,50,61,30,41,128,NA,95,95,6,13,11,14,0.8,0.8
2026-09-21T1400,2355A,114.931,27.8037,新余市,市气象局,,46,46,55,32,41,127,NA,94,94,6,11,13,16,0.6,0.7
2026-09-21T1400,2358A,117.0561,28.2641,鹰潭市,新监测站,细颗粒物(PM2.5),52,39,45,36,35,142,NA,105,105,2,4,4,4,0.7,0.6
2026-09-21T1400,2359A,117.0312,28.2474,鹰潭市,财苑宾馆,细颗粒物(PM2.5),54,NA,49,37,33,141,NA,107,107,3,6,7,7,/,/
2026-09-21T1400,2360A,117.0221,28.2263,鹰潭市,体育馆,颗粒物(PM10),68,75,49,25,32,126,NA,102,102,2,8,6,7,0.4,0.6
2026-09-21T1400,2363A,114.9368,25.8663,赣州市,地委,,47,47,50,30,37,102,NA,82,82,4,7,3,3,0.6,0.5
2026-09-21T1400,2364A,114.946,25.8483,赣州市,气象台,,38,33,46,26,39,109,NA,90,90,4,8,5,6,0.3,0.4
2026-09-21T1400,2365A,114.932,25.8332,赣州市,市图书馆,,50,NA,45,35,39,110,NA,96,96,3,7,4,4,0.8,0.8
2026-09-21T1400,2366A,114.8905,25.8472,赣州市,华坚鞋城,,40,38,47,28,41,90,NA,93,93,4,7,2,2,0.5,0.6
2026-09-21T1400,2367A,114.9753,27.0803,吉安市,红声器材厂,细颗粒物(PM2.5),58,45,48,39,34,129,NA,104,104,7,9,10,11,0.5,0.5
2026-09-21T1400,2369A,114.9903,27.1313,吉安市,市环境监测站,颗粒物(PM10),51,51,51,35,33,132,NA,98,98,6,10,6,6,/,/
2026-09-21T1400,2370A,115.009527,27.096792,吉安市,青原区法院,细颗粒物(PM2.5),58,50,51,39,33,142,NA,112,112,6,11,8,8,0.4,0.5
2026-09-21T1400,2373A,114.3954,27.7843,宜春市,市石油公司,细颗粒物(PM2.5),64,62,57,42,44,127,NA,83,83,5,10,10,10,0.8,0.8
2026-09-21T1400,2374A,114.37,27.7916,宜春市,市气象局,细颗粒物(PM2.5),74,65,60,47,46,136,NA,84,84,6,12,3,4,1.0,0.9
2026-09-21T1400,2375A,114.401,27.8059,宜春市,市广电局,细颗粒物(PM2.5),74,54,51,47,46,127,NA,87,87,8,14,4,5,0.6,0.7
2026-09-21T1400,2377A,116.3544,27.9833,抚州市,市站,,46,46,50,28,35,100,NA,84,84,2,3,5,6,0.7,0.8
2026-09-21T1400,2378A,116.3562,27.9631,抚州市,血防站,,39,39,47,27,30,101,NA,88,88,4,6,4,6,0.7,0.7
2026-09-21T1400,2379A,116.3561,28.0007,抚州市,采茶剧团,细颗粒物(PM2.5),58,44,48,39,35,114,NA,97,97,3,3,12,13,0.7,0.8
2026-09-21T1400,2380A,116.3854,27.9648,抚州市,医学分院,,40,39,50,28,35,95,NA,85,85,2,4,4,14,1.0,1
2026-09-21T1400,2382A,117.9758,28.4439,上饶市,市监测站,,42,35,55,18,34,132,NA,104,104,2,8,2,4,/,/
2026-09-21T1400,2383A,117.9521,28.4637,上饶市,凤凰光学,,38,35,48,20,32,120,NA,95,95,3,10,3,7,0.6,0.6
2026-09-21T1400,2385A,114.17,35.9019,鹤壁市,市监测站,细颗粒物(PM2.5),72,72,70,46,58,128,NA,103,103,11,11,6,6,1.1,0.9
2026-09-21T1400,2386A,114.2953,35.7512,鹤壁市,市交警支队,细颗粒物(PM2.5),68,67,59,44,44,119,NA,93,93,15,18,9,8,1.1,0.9
2026-09-21T1400,2387A,114.2877,35.7302,鹤壁市,迎宾馆,颗粒物(PM10),76,86,75,47,45,126,NA,98,98,11,14,11,10,1.1,0.9
2026-09-21T1400,2389A,113.836,35.3104,新乡市,环保西院,细颗粒物(PM2.5),64,54,70,42,42,136,NA,66,66,7,17,12,10,0.8,1
2026-09-21T1400,2390A,113.8847,35.2724,新乡市,开发区,NA,NA,NA,55,48,49,129,NA,62,62,11,22,11,7,0.5,0.6
2026-09-21T1400,2391A,113.8836,35.3028,新乡市,环保东院,细颗粒物(PM2.5),82,NA,56,51,49,138,NA,82,82,9,17,11,7,0.8,0.9
2026-09-21T1400,2392A,115.0312,35.7636,濮阳市,环保局,细颗粒物(PM2.5),96,86,66,58,48,85,NA,74,74,14,15,1,3,1.1,0.9
2026-09-21T1400,2398A,113.7904,33.9949,许昌市,开发区,细颗粒物(PM2.5),72,55,45,46,36,119,NA,115,115,12,13,5,4,0.5,0.4
2026-09-21T1400,2399A,114.051,33.5721,漯河市,三五一五工厂,细颗粒物(PM2.5),80,61,31,50,33,120,NA,109,109,15,14,6,5,0.9,0.8
2026-09-21T1400,2400A,114.0055,33.5698,漯河市,漯河大学,细颗粒物(PM2.5),82,51,35,51,35,122,NA,111,111,14,13,6,6,0.7,0.7
2026-09-21T1400,2401A,114.0134,33.5826,漯河市,市水利局,细颗粒物(PM2.5),78,66,37,49,35,124,NA,109,109,14,13,8,7,0.8,0.7
2026-09-21T1400,2402A,114.0261,33.5697,漯河市,市广电局,细颗粒物(PM2.5),72,54,34,46,32,125,NA,113,113,12,12,4,4,0.6,0.6
2026-09-21T1400,2404A,112.5338,33.0086,南阳市,瓦房庄,细颗粒物(PM2.5),54,37,28,37,17,129,NA,108,108,10,11,6,6,0.8,0.8
2026-09-21T1400,2405A,112.5002,32.9734,南阳市,汉画馆,,45,45,36,27,23,124,NA,102,102,8,10,7,6,0.8,0.9
2026-09-21T1400,2406A,112.5778,33.0144,南阳市,气象站,细颗粒物(PM2.5),52,NA,12,36,14,122,NA,102,102,9,9,7,7,0.8,0.8
2026-09-21T1400,2407A,112.548,32.9687,南阳市,理工学院,,43,35,22,30,17,129,NA,112,112,8,9,8,8,0.8,0.8
2026-09-21T1400,2408A,115.6701,34.4283,商丘市,环境监测站,颗粒物(PM10),102,125,74,58,44,93,NA,80,76,15,15,6,4,0.8,0.7
2026-09-21T1400,2409A,115.6458,34.4047,商丘市,粮食局,细颗粒物(PM2.5),104,120,67,64,44,97,NA,90,84,17,14,8,6,1.0,0.8
2026-09-21T1400,2420A,114.0194,32.9648,驻马店市,市一纸厂,,38,NA,37,26,30,121,NA,113,113,8,10,5,5,0.4,0.4
2026-09-21T1400,2421A,114.0112,33.0149,驻马店市,市彩印厂,,46,NA,46,32,31,117,NA,108,108,8,11,2,2,0.4,0.4
2026-09-21T1400,2423A,115.0547,30.2332,黄石市,沈家营,颗粒物(PM10),54,55,76,22,35,80,NA,51,42,5,8,12,13,0.5,0.7
2026-09-21T1400,2426A,114.899,30.211,黄石市,铁山,,38,36,45,26,32,99,NA,51,51,13,18,8,8,0.6,0.6
2026-09-21T1400,2427A,115.0259,30.2108,黄石市,团城山,颗粒物(PM10),58,61,68,23,36,74,NA,49,38,7,10,8,9,0.8,1.1
2026-09-21T1400,2429A,110.78,32.6494,十堰市,滨河新村,,19,19,20,12,10,51,NA,39,39,11,16,/,/,0.8,0.8
2026-09-21T1400,2430A,110.7305,32.6408,十堰市,刘家沟,,18,9,15,0,8,56,NA,39,39,6,7,/,/,/,/
2026-09-21T1400,2431A,110.8843,32.5712,十堰市,铁二处,,21,14,18,9,15,67,NA,40,40,15,15,6,7,0.8,0.8
2026-09-21T1400,2432A,112.1555,32.0197,襄阳市,襄城运动路,,32,32,41,14,25,92,NA,72,72,11,12,6,6,0.8,0.8
2026-09-21T1400,2434A,112.1829,32.1146,襄阳市,高新管委会,,31,26,37,16,27,98,NA,76,76,12,14,6,6,0.7,0.8
2026-09-21T1400,2435A,112.2105,32.0903,襄阳市,襄州航空路,,34,34,47,14,27,94,NA,75,75,12,12,6,7,0.7,0.8
2026-09-21T1400,2436A,114.894,30.3989,鄂州市,市政府,,47,47,47,30,27,80,NA,48,48,10,15,7,6,0.7,0.7
2026-09-21T1400,2437A,114.8986,30.3714,鄂州市,赵家坝,,47,47,56,27,31,88,NA,52,52,16,18,8,8,0.6,0.7
2026-09-21T1400,2439A,112.2012,31.048,荆门市,竹园小学,,23,9,50,7,32,72,NA,71,65,7,10,7,7,0.9,0.9
2026-09-21T1400,2440A,112.1968,30.9892,荆门市,掇刀,,22,8,38,7,32,70,NA,76,66,6,7,6,7,0.7,0.8
2026-09-21T1400,2444A,113.9062,30.9378,孝感市,东城区,,23,20,49,16,31,53,NA,55,52,4,4,6,6,0.7,0.7
2026-09-21T1400,2446A,114.9021,30.474,黄冈市,职工中心,,35,35,41,20,26,82,NA,56,56,7,12,4,5,0.6,0.7
2026-09-21T1400,2451A,113.3587,31.7275,随州市,市委党校,,27,9,50,3,36,84,NA,52,52,5,8,8,7,0.7,0.8
2026-09-21T1400,2452A,113.3745,31.6926,随州市,市林业局,,25,11,52,8,27,80,NA,54,54,5,8,6,6,0.8,0.8
2026-09-21T1400,2453A,113.3984,31.7309,随州市,市立交桥水厂,,25,11,49,1,30,77,NA,51,51,4,7,5,5,0.7,0.8
2026-09-21T1400,2454A,109.4978,30.2979,恩施土家族苗族自治州,湖北民院,,12,12,33,3,18,20,NA,8,8,9,16,4,4,0.5,0.6
2026-09-21T1400,2457A,112.6209,26.9268,衡阳市,衡阳化工总厂,颗粒物(PM10),53,53,85,32,60,101,NA,62,62,3,18,8,10,0.8,1
2026-09-21T1400,2458A,112.621,26.8957,衡阳市,珠晖区环保局,颗粒物(PM10),56,58,85,23,60,110,NA,63,63,5,23,6,8,0.9,1.3
2026-09-21T1400,2459A,112.628,26.8654,衡阳市,市委党校,NA,NA,NA,NA,NA,NA,NA,NA,NA,NA,NA,NA,NA,NA,NA,NA
2026-09-21T1400,2460A,112.6007,26.8977,衡阳市,市监测站,细颗粒物(PM2.5),62,56,72,41,68,120,NA,68,68,6,18,6,8,1.0,1.3
2026-09-21T1400,2461A,112.5658,26.9013,衡阳市,真空机电公司,细颗粒物(PM2.5),52,44,68,36,66,119,NA,66,66,6,13,8,12,1.1,1.2
2026-09-21T1400,2464A,111.5277,27.2442,邵阳市,市化工厂,细颗粒物(PM2.5),52,45,48,36,51,112,NA,73,73,4,10,10,10,0.5,0.5
2026-09-21T1400,2466A,111.4327,27.2276,邵阳市,市环保局,颗粒物(PM10),56,58,71,33,50,119,NA,68,68,6,11,8,9,0.7,0.8
2026-09-21T1400,2468A,112.3458,28.581,益阳市,市环保局,细颗粒物(PM2.5),111,95,71,72,52,59,NA,54,54,12,13,6,7,1.0,1
2026-09-21T1400,2473A,113.0116,25.8228,郴州市,市职中,细颗粒物(PM2.5),54,45,37,37,31,100,NA,49,49,8,16,9,9,1.0,1.1
2026-09-21T1400,2475A,113.0381,25.8074,郴州市,市审计局,"颗粒物(PM10),细颗粒物(PM2.5)",54,55,45,37,31,100,NA,50,50,6,13,10,10,/,/
2026-09-21T1400,2476A,113.0348,25.7757,郴州市,市环保局,细颗粒物(PM2.5),56,51,42,38,30,99,NA,51,51,5,16,10,9,0.8,0.9
2026-09-21T1400,2478A,111.6126,26.4266,永州市,市环境监测站,细颗粒物(PM2.5),52,39,57,36,48,94,NA,56,56,6,12,6,6,0.9,1.1
2026-09-21T1400,2480A,111.6248,26.3803,永州市,永州市环保局,细颗粒物(PM2.5),56,44,56,38,43,88,NA,51,51,2,6,6,6,0.9,1
2026-09-21T1400,2481A,111.5989,26.4523,永州市,冷水滩区环保局,细颗粒物(PM2.5),56,41,60,38,48,94,NA,58,58,3,9,9,10,1.0,1.2
2026-09-21T1400,2483A,109.9297,27.5383,怀化市,河西地税局,,48,44,41,33,36,104,NA,66,66,8,14,4,5,/,/
2026-09-21T1400,2484A,109.9783,27.5342,怀化市,市四医院,颗粒物(PM10),55,56,51,28,40,115,NA,64,64,10,12,8,12,0.6,0.6
2026-09-21T1400,2485A,109.9971,27.5579,怀化市,监测楼,颗粒物(PM10),57,59,54,36,45,99,NA,56,56,11,15,5,8,0.5,0.6
2026-09-21T1400,2488A,111.9984,27.7346,娄底市,市监测站,细颗粒物(PM2.5),56,57,51,38,40,83,NA,68,68,7,8,3,4,0.6,0.6
2026-09-21T1400,2491A,111.9888,27.7035,娄底市,市政府,,46,39,44,32,41,92,NA,75,75,4,9,4,4,0.4,0.4
2026-09-21T1400,2493A,109.7298,28.3164,湘西土家族苗族自治州,州政府,,49,NA,31,34,29,60,NA,28,28,3,5,3,3,0.5,0.5
2026-09-21T1400,2494A,109.6957,28.2676,湘西土家族苗族自治州,吉首市计生局,细颗粒物(PM2.5),54,NA,25,37,27,54,NA,38,38,8,9,6,6,0.5,0.4
2026-09-21T1400,2496A,111.3126,23.4772,梧州市,市十一中,,45,33,65,26,32,141,NA,72,72,7,27,10,11,0.4,0.5
2026-09-21T1400,2498A,111.26,23.4794,梧州市,龙新,,40,40,54,12,29,119,NA,66,66,7,25,8,10,0.6,0.6
2026-09-21T1400,2499A,108.3411,21.6159,防城港市,沙万,颗粒物(PM10),53,54,46,27,24,139,NA,101,101,8,17,8,10,0.9,0.9
2026-09-21T1400,2500A,108.3515,21.7733,防城港市,防城档案局,,49,37,40,24,23,154,NA,86,86,6,8,9,8,1.0,0.9
2026-09-21T1400,2501A,108.3506,21.6414,防城港市,大海花园,,47,43,39,24,28,150,NA,109,109,6,10,6,12,0.7,0.8
2026-09-21T1400,2502A,108.6238,21.9667,钦州市,市环保站,,46,29,40,8,20,147,NA,86,86,7,14,10,10,0.8,0.8
2026-09-21T1400,2503A,108.655,21.9481,钦州市,沙埠小学,,46,41,58,18,27,147,NA,86,86,6,20,8,11,0.6,0.7
2026-09-21T1400,2504A,108.5989,21.7435,钦州市,港区一小,臭氧1小时(O3_1h),74,70,65,32,29,179,NA,107,107,10,27,8,10,0.7,0.9
2026-09-21T1400,2506A,109.604387,23.066791,贵港市,江南子站,,46,31,65,24,43,145,NA,99,99,6,25,4,4,0.7,0.8
2026-09-21T1400,2508A,109.5669,23.1065,贵港市,荷城子站,,45,39,63,31,42,136,NA,101,101,11,21,6,6,0.8,0.9
2026-09-21T1400,2511A,110.1433,22.6162,玉林市,南江一中,臭氧1小时(O3_1h),75,57,52,35,33,180,NA,115,115,10,14,9,12,0.6,0.6
2026-09-21T1400,2512A,106.6102,23.901,百色市,市监测站,,39,33,43,20,27,124,NA,65,65,6,13,8,8,0.4,0.5
2026-09-21T1400,2513A,106.6524,23.8842,百色市,市中心血站,,47,47,56,27,35,126,NA,66,66,5,15,9,10,0.5,0.5
2026-09-21T1400,2514A,111.5264,24.4178,贺州市,环保小区,,33,24,38,19,31,105,NA,77,77,5,10,12,12,0.5,0.6
2026-09-21T1400,2515A,111.561,24.4074,贺州市,政协大楼,,35,20,35,20,32,111,NA,79,79,6,11,10,10,0.8,0.9
2026-09-21T1400,2517A,108.0496,24.6957,河池市,市环保站,,50,50,42,25,27,124,NA,72,72,5,10,6,6,0.7,0.7
2026-09-21T1400,2520A,109.2203,23.7252,来宾市,来宾技工学校,颗粒物(PM10),58,61,69,31,46,158,NA,91,91,6,18,8,10,0.7,0.8
2026-09-21T1400,2521A,107.3473,22.4137,崇左市,市环保局江州分局,,35,30,44,14,24,109,NA,63,63,6,11,3,4,0.6,0.7
2026-09-21T1400,2524A,105.8211,32.4444,广元市,老城,,24,19,21,9,7,75,NA,43,43,4,18,2,2,0.5,0.6
2026-09-21T1400,2526A,105.8629,32.429,广元市,监测站,,33,33,29,10,7,73,NA,40,40,7,15,3,4,0.6,0.7
2026-09-21T1400,2528A,105.5581,30.5231,遂宁市,市监测站,,22,22,14,9,3,63,NA,29,29,6,9,7,5,0.5,0.6
2026-09-21T1400,2530A,105.5917,30.4727,遂宁市,美宁食品公司,,30,NA,10,21,5,65,NA,25,25,8,10,10,9,0.6,0.6
2026-09-21T1400,2531A,105.0703,29.61,内江市,市监测站,,26,NA,13,18,7,79,NA,47,47,11,12,6,5,0.5,0.6
2026-09-21T1400,2533A,105.0657,29.5807,内江市,内江二中,,32,32,21,17,7,79,NA,40,40,12,16,6,7,0.4,0.4
2026-09-21T1400,2534A,105.0407,29.5828,内江市,内江日报社,,25,NA,11,17,7,77,NA,42,40,16,13,9,5,0.2,0.1
2026-09-21T1400,2536A,103.7629,29.5844,乐山市,牛耳桥,,25,25,15,11,5,80,NA,49,49,9,11,8,6,0.8,0.8
2026-09-21T1400,2537A,103.7501,29.6002,乐山市,市第三水厂,,26,18,15,11,4,83,NA,53,53,9,13,6,4,0.8,0.8
2026-09-21T1400,2538A,103.7571,29.5664,乐山市,市监测站,,26,22,16,6,3,82,NA,55,55,9,9,5,4,0.6,0.6
2026-09-21T1400,2540A,103.8414,30.0871,眉山市,气象局,,32,16,27,6,7,102,NA,50,50,7,15,21,10,1.0,1
2026-09-21T1400,2544A,106.6307,30.4577,广安市,市委,,18,13,9,12,5,46,NA,37,37,10,8,8,7,0.5,0.4
2026-09-21T1400,2545A,106.6266,30.4662,广安市,友谊中学,,17,11,8,6,3,52,NA,40,40,6,6,9,9,0.7,0.7
2026-09-21T1400,2547A,106.6386,30.4551,广安市,广电花园,,16,16,8,11,5,48,NA,35,35,7,7,10,10,0.6,0.6
2026-09-21T1400,2549A,107.5087,31.2186,达州市,市环境监测站,,13,13,19,0,3,28,NA,10,10,20,21,6,7,0.5,0.5
2026-09-21T1400,2550A,107.4988,31.2132,达州市,凤凰小区,,12,9,18,0,4,37,NA,15,15,17,20,6,6,0.4,0.4
2026-09-21T1400,2551A,107.5081,31.1987,达州市,达县机关宾馆,,12,7,20,0,4,36,NA,12,12,22,28,6,7,0.4,0.4
2026-09-21T1400,2552A,107.4644,31.2124,达州市,市政中心,,36,36,32,6,4,31,NA,13,13,24,25,5,6,0.6,0.6
2026-09-21T1400,2555A,103.011,29.9833,雅安市,市政府,,26,11,7,8,3,82,NA,45,45,6,6,6,5,0.6,0.6
2026-09-21T1400,2556A,102.9907,29.9778,雅安市,川农大,NA,NA,NA,8,NA,1,70,NA,38,38,4,4,7,6,0.6,0.6
2026-09-21T1400,2562A,104.6357,30.1508,资阳市,资阳中学,,32,22,22,10,10,101,NA,46,46,5,8,5,5,0.3,0.3
2026-09-21T1400,2565A,104.6297,30.1259,资阳市,区法院,,32,12,13,12,12,100,NA,49,49,6,10,2,3,0.5,0.6
2026-09-21T1400,2568A,102.2503,31.8896,阿坝藏族羌族自治州,马师校,,19,19,25,7,8,50,NA,26,26,5,7,5,5,0.6,0.5
2026-09-21T1400,2570A,101.96,30.048,甘孜藏族自治州,水桥子,,23,10,8,1,2,72,NA,52,52,2,7,2,1,0.2,0.3
2026-09-21T1400,2573A,102.2629,27.8981,凉山彝族自治州,西昌市政府,,24,17,17,10,13,76,NA,50,50,3,7,6,5,0.7,0.8
2026-09-21T1400,2574A,102.2686,27.885,凉山彝族自治州,凉山州政府,,23,18,17,10,14,71,NA,46,46,2,7,5,6,0.6,0.7
2026-09-21T1400,2577A,104.8293,26.592,六盘水市,黄土坡,,28,25,19,12,14,88,NA,54,54,7,8,5,4,0.3,0.3
2026-09-21T1400,2579A,104.8481,26.5898,六盘水市,民中,,27,19,22,12,15,85,NA,52,52,5,11,2,2,0.3,0.4
2026-09-21T1400,2580A,104.9541,26.5506,六盘水市,双水,,27,19,17,16,14,84,NA,64,64,6,7,6,5,0.2,0.3
2026-09-21T1400,2585A,109.1839,27.7344,铜仁市,铜仁卫校,,40,NA,38,28,21,97,NA,54,54,2,6,2,2,0.3,0.4
2026-09-21T1400,2586A,109.1752,27.6945,铜仁市,铜仁七中,,40,NA,31,28,24,95,NA,53,53,4,6,5,4,0.6,0.6
2026-09-21T1400,2587A,105.287,27.3133,毕节市,八中,,18,15,18,12,13,47,NA,40,40,4,4,6,6,0.6,0.6
2026-09-21T1400,2588A,105.3079,27.2987,毕节市,师专,,18,13,20,12,12,48,NA,41,41,4,5,8,8,0.5,0.5
2026-09-21T1400,2589A,104.9022,25.0943,黔西南布依族苗族自治州,场坝街,,21,11,24,10,17,65,NA,42,42,3,6,6,7,0.3,0.4
2026-09-21T1400,2590A,104.8812,25.0994,黔西南布依族苗族自治州,坪东大道,,22,15,28,15,20,64,NA,42,42,3,9,4,5,0.3,0.4
2026-09-21T1400,2591A,107.9765,26.5724,黔东南苗族侗族自治州,市环境监测站,,35,24,31,24,24,86,NA,56,56,2,12,3,3,0.4,0.5
2026-09-21T1400,2593A,107.5223,26.2371,黔南布依族苗族自治州,小围寨,,29,NA,20,20,20,90,NA,69,69,3,8,4,4,0.5,0.5
2026-09-21T1400,2594A,99.1589,25.1137,保山市,市环境监测站,,25,15,16,11,8,78,NA,45,45,6,8,8,8,0.3,0.3
2026-09-21T1400,2595A,99.1616,25.1381,保山市,市环保局,,25,10,11,8,7,77,NA,41,41,5,5,4,4,0.4,0.4
2026-09-21T1400,2596A,103.7668,27.3736,昭通市,监测站,,21,19,24,12,9,65,NA,43,43,9,10,4,3,0.5,0.5
2026-09-21T1400,2599A,100.2497,26.8802,丽江市,丽江古城,,19,10,14,1,7,58,NA,46,46,8,10,5,4,0.5,0.6
2026-09-21T1400,2600A,100.2203,26.8906,丽江市,市中心,,17,11,8,2,6,52,NA,39,39,9,10,5,4,0.4,0.5
2026-09-21T1400,2601A,100.9801,22.7634,普洱市,市环保局,,31,31,33,12,11,62,NA,36,36,3,7,6,7,0.6,0.7
2026-09-21T1400,2602A,100.9763,22.8237,普洱市,普洱第二中学,,27,27,26,9,11,65,NA,37,37,4,7,9,8,0.6,0.7
2026-09-21T1400,2603A,100.0779,23.8981,临沧市,市环保局,,32,32,20,3,5,44,NA,29,29,6,9,10,7,0.3,0.4
2026-09-21T1400,2604A,100.0894,23.882,临沧市,市气象局,,15,10,17,4,8,46,NA,28,28,3,6,9,9,0.4,0.5
2026-09-21T1400,2606A,101.5379,25.0492,楚雄彝族自治州,市经济开发区,,15,7,14,3,8,46,NA,26,26,5,11,2,3,0.1,0.2
2026-09-21T1400,2610A,104.2533,23.3595,文山壮族苗族自治州,州水务局,,22,NA,22,12,15,70,NA,49,49,4,10,5,5,0.3,0.4
2026-09-21T1400,2611A,104.2319,23.3892,文山壮族苗族自治州,市便民服务中心,,24,12,23,9,15,74,NA,55,55,7,10,3,3,0.3,0.5
2026-09-21T1400,2612A,100.8018,21.9995,西双版纳傣族自治州,景洪市江南,,20,18,24,13,13,61,NA,30,30,4,8,9,9,0.6,0.7
2026-09-21T1400,2613A,100.7995,22.0238,西双版纳傣族自治州,景洪市江北,,20,NA,20,12,8,62,NA,32,32,3,4,10,9,0.5,0.4
2026-09-21T1400,2614A,100.2168,25.5818,大理白族自治州,大理市环境监测站,,20,7,9,4,7,63,NA,48,48,6,6,5,5,0.2,0.3
2026-09-21T1400,2615A,100.1542,25.7055,大理白族自治州,大理古城,,22,11,12,8,7,68,NA,48,48,5,10,7,7,0.2,0.1
2026-09-21T1400,2616A,98.5611,24.4273,德宏傣族景颇族自治州,德宏州监测站,,27,NA,16,11,11,84,NA,43,43,6,10,9,8,0.5,0.7
2026-09-21T1400,2618A,98.859,25.8541,怒江傈僳族自治州,州监测站,,19,10,13,5,6,58,NA,26,26,3,5,5,4,0.5,0.4
2026-09-21T1400,2619A,98.8607,25.8168,怒江傈僳族自治州,泸水一中,,21,21,13,10,9,54,NA,22,22,5,9,5,5,0.5,0.5
2026-09-21T1400,2621A,99.7054,27.8319,迪庆藏族自治州,迪庆州站,,19,10,16,3,6,60,NA,44,44,8,9,8,8,0.4,0.4
2026-09-21T1400,2622A,97.1813,31.1289,昌都市,昌都监测站,,26,10,24,2,5,83,NA,50,50,7,21,5,4,0.3,0.3
2026-09-21T1400,2624A,91.7592,29.234,山南市,山南监测站,,31,6,10,1,4,97,NA,77,69,2,5,7,7,0.2,0.2
2026-09-21T1400,2625A,91.7701,29.2436,山南市,山南人民医院,,30,1,11,1,3,95,NA,70,70,1,4,9,9,0.2,0.2
2026-09-21T1400,2626A,88.8873,29.2723,日喀则市,日喀则监测站,,33,6,13,0,6,104,NA,82,82,3,8,8,8,0.2,0.3
2026-09-21T1400,2628A,92.0653,31.4846,那曲市,那曲监测站,,34,24,15,11,13,108,NA,107,105,9,11,6,6,0.4,0.5
2026-09-21T1400,2630A,80.1171,32.4999,阿里地区,阿里监测站,,42,8,18,0,5,132,NA,94,94,3,16,4,4,0.2,0.3
2026-09-21T1400,2632A,94.3683,29.6373,林芝市,林芝监测站,,23,8,9,3,5,72,NA,51,46,4,6,4,4,0.3,0.3
2026-09-21T1400,2633A,94.3616,29.6634,林芝市,林芝人民医院,,23,8,10,4,6,73,NA,48,46,5,6,4,4,0.4,0.3
2026-09-21T1400,2635A,107.0155,33.0707,汉中市,市监测站,,25,24,22,17,14,57,NA,20,20,6,10,5,5,0.6,0.7
2026-09-21T1400,2636A,107.0083,33.114,汉中市,鑫源开发区,,36,36,25,22,15,51,NA,24,24,16,18,6,6,0.9,0.9
2026-09-21T1400,2637A,107.0072,33.0323,汉中市,南郑大河坎水厂,,26,26,20,16,10,36,NA,14,14,11,11,4,3,0.6,0.6
2026-09-21T1400,2639A,109.7445,38.2919,榆林市,世纪广场,,43,19,37,6,13,135,NA,66,66,6,30,11,13,0.4,0.5
2026-09-21T1400,2640A,109.729,38.2837,榆林市,实验中学,,44,27,38,7,13,138,NA,69,69,9,35,9,11,0.4,0.4
2026-09-21T1400,2641A,109.7347,38.2491,榆林市,环保监测大楼,,42,28,38,8,15,132,NA,68,68,11,35,11,13,0.3,0.5
2026-09-21T1400,2644A,109.0088,32.6974,安康市,汉滨区检察院,,28,28,16,16,10,49,NA,39,35,10,12,2,2,1.0,0.9
2026-09-21T1400,2645A,109.9155,33.8714,商洛市,监测站,,22,20,12,15,7,67,NA,39,39,6,8,9,9,0.6,0.5
2026-09-21T1400,2647A,104.1727,36.5448,白银市,第三小学,,32,23,38,9,16,102,NA,58,58,5,26,4,22,0.5,0.7
2026-09-21T1400,2648A,104.1467,36.5482,白银市,动力公司,,30,18,30,6,15,95,NA,55,55,6,27,4,10,0.7,0.7
2026-09-21T1400,2650A,105.72058,34.57859,天水市,公园小学,,32,26,38,16,19,100,NA,40,40,9,17,9,10,0.3,0.3
2026-09-21T1400,2651A,105.89428,34.55353,天水市,麦积国土局,,34,28,31,15,18,107,NA,48,48,6,12,13,7,0.4,0.4
2026-09-21T1400,2652A,102.6203,37.925,武威市,监测站,,33,18,24,6,10,104,NA,57,57,5,16,12,10,0.2,0.3
2026-09-21T1400,2654A,100.4699,38.9525,张掖市,润泉湖,,37,18,31,13,12,117,NA,65,65,7,15,4,4,0.3,0.3
2026-09-21T1400,2655A,100.4155,38.9422,张掖市,区工会,,39,22,31,9,12,124,NA,62,62,5,13,4,6,0.3,0.3
2026-09-21T1400,2656A,106.6633,35.5338,平凉市,聚贤嘉苑,,34,34,36,12,20,108,NA,68,68,8,18,9,8,0.6,0.7
2026-09-21T1400,2657A,106.7021,35.5307,平凉市,博物馆,,35,33,40,13,21,111,NA,70,70,5,16,12,10,0.4,0.5
2026-09-21T1400,2661A,107.6325,35.7357,庆阳市,庆阳五中,,41,41,36,24,19,106,NA,78,78,6,9,5,3,0.4,0.4
2026-09-21T1400,2662A,107.6361,35.7067,庆阳市,市环保局,,48,48,45,21,23,108,NA,81,81,7,12,9,3,0.6,0.5
2026-09-21T1400,2669A,102.9097,34.9841,甘南藏族自治州,州政府,,25,11,18,4,8,79,NA,48,48,3,10,6,5,0.2,0.3
2026-09-21T1400,2671A,100.9016,36.9464,海北藏族自治州,海晏县西海镇,,33,14,21,5,17,105,NA,84,84,1,7,6,9,0.4,0.5
2026-09-21T1400,2672A,102.02,35.5101,黄南藏族自治州,同仁县隆务镇,,32,14,20,9,10,100,NA,63,63,1,2,10,11,0.2,0.2
2026-09-21T1400,2673A,100.6158,36.2985,海南藏族自治州,共和县恰卜恰镇,,31,6,17,6,7,98,NA,66,66,1,10,8,7,0.3,0.4
2026-09-21T1400,2674A,100.2262,34.4854,果洛藏族自治州,玛沁县大武镇,,26,20,19,4,5,82,NA,61,61,1,2,11,13,0.4,0.4
2026-09-21T1400,2675A,97.0386,33.0138,玉树藏族自治州,玉树县结古镇,,38,3,6,2,3,119,NA,90,90,2,7,5,4,0.4,0.5
2026-09-21T1400,2676A,97.373,37.376,海西蒙古族藏族自治州,德令哈市,,33,16,20,8,8,104,NA,77,77,1,3,13,12,0.4,0.4
2026-09-21T1400,2677A,106.1535,37.9648,吴忠市,教育园区,,39,16,50,6,33,124,NA,56,56,6,24,8,6,0.3,0.4
2026-09-21T1400,2679A,106.1851,37.9957,吴忠市,新区二泵站,,40,34,52,5,29,127,NA,58,58,9,30,9,8,0.3,0.5
2026-09-21T1400,2682A,105.1965,37.4996,中卫市,环保局站,,38,30,57,14,37,120,NA,55,55,8,27,4,5,0.9,0.7
2026-09-21T1400,2684A,106.2753,36.0057,固原市,监测站,,34,10,34,2,21,107,NA,68,68,4,21,8,8,0.7,0.8
2026-09-21T1400,2685A,106.2384,36.0189,固原市,新区,,33,11,35,5,23,105,NA,65,65,4,23,6,6,0.4,0.6
2026-09-21T1400,2686A,89.1905,42.9419,吐鲁番市,市环保局,颗粒物(PM10),76,86,79,28,24,101,NA,69,69,8,18,5,6,0.4,0.5
2026-09-21T1400,2687A,89.1674,42.9558,吐鲁番市,地区环保局,颗粒物(PM10),80,91,89,23,24,104,NA,59,59,9,22,3,2,0.6,0.7
2026-09-21T1400,2688A,93.5124,42.8176,哈密市,地区监测站,,35,22,35,6,14,109,NA,83,83,4,27,5,3,0.1,0.2
2026-09-21T1400,2689A,93.5014,42.8312,哈密市,哈密师范学校,,34,22,49,6,20,108,NA,66,66,5,38,3,4,0.2,0.4
2026-09-21T1400,2692A,87.2722,44.0298,昌吉回族自治州,新区政务中心,,48,48,50,17,19,125,NA,72,72,9,27,15,10,0.4,0.5
2026-09-21T1400,2693A,82.0482,44.8553,博尔塔拉蒙古自治州,市党校,颗粒物(PM10),115,157,79,2,15,88,NA,69,69,5,12,3,6,0.3,0.3
2026-09-21T1400,2694A,82.0805,44.8966,博尔塔拉蒙古自治州,市环保局,颗粒物(PM10),124,182,86,7,16,97,NA,68,68,6,20,6,7,0.3,0.4
2026-09-21T1400,2695A,80.2899,41.1684,阿克苏地区,电视台,NA,NA,21,59,11,24,96,NA,75,63,6,10,NA,4,0.5,0.5
2026-09-21T1400,2696A,80.2592,41.1541,阿克苏地区,艺术中心,,44,44,68,6,24,106,NA,75,64,6,15,6,6,0.1,0.2
2026-09-21T1400,2697A,76.1457,39.7143,克孜勒苏柯尔克孜自治州,市人民政府,,33,30,42,13,19,105,NA,91,91,3,5,4,3,0.2,0.2
2026-09-21T1400,2698A,76.0071,39.466,喀什地区,巡警大队,颗粒物(PM10),53,53,67,13,27,106,NA,70,61,15,17,4,4,0.2,0.2
2026-09-21T1400,2699A,75.9756,39.4693,喀什地区,吾办,,43,43,68,6,22,101,NA,65,56,10,12,5,4,0.2,0.3
2026-09-21T1400,2704A,81.3002,43.9177,伊犁哈萨克自治州,新政府片区,颗粒物(PM10),79,90,83,11,21,89,NA,38,38,5,21,5,6,0.4,0.5
2026-09-21T1400,2705A,81.3364,43.9409,伊犁哈萨克自治州,第二水厂,颗粒物(PM10),87,101,98,20,25,97,NA,42,42,9,23,7,8,0.4,0.5
2026-09-21T1400,2706A,82.9993,46.7432,塔城地区,东门外小游园,颗粒物(PM10),103,126,83,2,14,76,NA,42,42,11,10,5,4,0.6,0.6
2026-09-21T1400,2708A,88.1266,47.8515,阿勒泰地区,市站,颗粒物(PM10),58,61,51,3,6,91,NA,66,54,13,22,2,2,0.3,0.3
2026-09-21T1400,2709A,86.0391,44.298,石河子市,艾青诗歌馆,颗粒物(PM10),65,70,73,8,18,140,NA,76,76,25,34,14,9,1.0,0.8
2026-09-21T1400,2711A,87.5352,44.1606,五家渠市,农水大厦,颗粒物(PM10),60,64,84,18,26,131,NA,66,66,2,32,10,8,0.4,0.6
2026-09-21T1400,2809A,113.6668,24.7756,韶关市,大学路288号,颗粒物(PM10),58,60,42,31,31,125,NA,81,81,8,13,13,19,/,/
2026-09-21T1400,2835A,101.7222,26.567,攀枝花市,四十中小,,34,34,27,15,13,91,NA,49,49,6,21,19,14,0.8,1.2
2026-09-21T1400,2842A,118.0937,24.5054,厦门市,湖里中学,臭氧1小时(O3_1h),59,43,34,24,21,167,NA,118,118,10,8,3,2,0.6,0.5
2026-09-21T1400,2845A,113.1561,36.1912,长治市,德盛苑,细颗粒物(PM2.5),111,NA,58,72,56,130,NA,58,58,9,12,13,14,1.4,1.5
2026-09-21T1400,2846A,113.3209,23.1323,广州市,体育西,臭氧1小时(O3_1h),72,50,47,34,31,177,NA,93,93,51,30,6,6,0.9,0.8
2026-09-21T1400,2858A,117.7917,39.2473,天津市,河西一经路,颗粒物(PM10),53,53,35,25,13,153,NA,88,88,10,25,6,11,1.0,0.8
2026-09-21T1400,2859A,117.3747,38.9845,天津市,津沽路,臭氧1小时(O3_1h),65,38,46,16,21,172,NA,90,90,14,26,5,6,0.8,0.8
2026-09-21T1400,2860A,117.159,39.0844,天津市,宾水西道,臭氧1小时(O3_1h),77,42,42,26,27,181,NA,106,106,15,17,5,6,0.4,0.5
2026-09-21T1400,2865A,112.7195,37.683,晋中市,榆次三中,细颗粒物(PM2.5),103,NA,55,63,47,98,NA,83,66,10,12,9,10,0.6,0.5
2026-09-21T1400,2867A,111.1225,37.5093,吕梁市,马茂庄小学,颗粒物(PM10),55,56,53,31,28,101,NA,44,44,17,32,3,2,0.9,0.8
2026-09-21T1400,2868A,126.4737,43.953,吉林市,九站,,25,22,27,6,18,78,NA,48,48,8,17,11,12,0.3,0.4
2026-09-21T1400,2869A,119.4472,32.4156,扬州市,五台山医院,颗粒物(PM10),61,65,45,38,26,108,NA,78,78,7,13,11,11,1.0,0.9
2026-09-21T1400,2870A,119.4369,32.1891,镇江市,市疾控中心,细颗粒物(PM2.5),80,60,36,50,29,131,NA,67,67,19,31,6,6,1.2,0.9
2026-09-21T1400,2871A,121.6156,29.9015,宁波市,万里国际学校,,39,32,72,13,13,124,NA,102,102,6,14,9,9,0.6,0.6
2026-09-21T1400,2872A,120.7845,30.7524,嘉兴市,南湖区残联,臭氧1小时(O3_1h),72,43,38,24,21,177,NA,131,131,6,17,7,7,0.1,0.1
2026-09-21T1400,2873A,120.083,30.8929,湖州市,仁皇山新区,臭氧1小时(O3_1h),60,35,42,22,29,168,NA,94,94,11,40,8,7,0.6,0.7
2026-09-21T1400,2875A,115.783962,32.889217,阜阳市,阜阳职业技术学院,,38,24,29,14,17,119,NA,107,107,6,10,4,4,0.4,0.5
2026-09-21T1400,2877A,119.1638,36.6524,潍坊市,坊子邮政,,33,19,42,0,23,105,NA,97,86,5,9,3,3,0.4,0.6
2026-09-21T1400,2880A,104.0219,30.6561,成都市,大石西路,,35,24,25,13,11,109,NA,55,55,13,19,4,4,0.4,0.6
2026-09-21T1400,2881A,107.8909,26.531,黔东南苗族侗族自治州,凯里学院,,39,NA,25,27,25,93,NA,62,62,1,12,5,4,0.4,0.5
2026-09-21T1400,2882A,102.5388,24.3703,玉溪市,玉溪一中,,20,17,19,7,10,63,NA,42,42,4,10,3,6,0.3,0.4
2026-09-21T1400,2883A,102.5382,24.339,玉溪市,文体中心,,26,26,22,6,8,64,NA,45,45,3,9,5,6,0.4,0.5
2026-09-21T1400,2884A,98.2672,39.7978,嘉峪关市,酒钢宾馆,,38,27,40,2,16,120,NA,87,87,7,19,12,12,0.6,0.4
2026-09-21T1400,2885A,104.9344,33.3827,陇南市,滨江中学,,30,22,36,6,10,93,NA,46,46,6,17,9,8,0.4,0.6
2026-09-21T1400,2894A,117.0561,32.6536,淮南市,经济技术开发区消防队,细颗粒物(PM2.5),64,51,27,42,24,105,NA,82,82,14,15,9,9,0.5,0.4
2026-09-21T1400,2897A,123.2429,41.7341,沈阳市,沈辽西路,,31,23,36,4,11,98,NA,51,51,19,31,8,7,0.4,0.6
2026-09-21T1400,2900A,123.5951,41.9085,沈阳市,裕农路,,29,12,17,1,5,90,NA,50,50,7,16,6,6,0.3,0.3
2026-09-21T1400,2902A,106.6347,30.4868,广安市,北辰小学,,18,13,10,8,5,56,NA,45,45,8,8,9,9,0.7,0.6
2026-09-21T1400,2907A,120.1846,30.8592,湖州市,吴兴区站,,46,36,33,23,28,147,NA,89,89,4,24,8,8,0.7,0.8
2026-09-21T1400,2919A,116.7022,39.5454,廊坊市,河北工业大学,臭氧1小时(O3_1h),52,38,59,27,42,161,NA,89,89,11,19,1,2,0.4,0.6
2026-09-21T1400,2920A,117.71,24.5048,漳州市,蓝田镇,,40,25,46,17,27,128,NA,71,71,9,15,6,6,0.4,0.4
2026-09-21T1400,2921A,120.5482,30.0003,绍兴市,树下王站,臭氧1小时(O3_1h),102,43,29,32,28,204,NA,128,128,14,23,8,5,0.8,0.7
2026-09-21T1400,2922A,117.194,39.1069,天津市,大理道,臭氧1小时(O3_1h),73,39,44,21,23,178,NA,102,102,16,22,4,6,0.6,0.7
2026-09-21T1400,2924A,106.2266,38.4417,银川市,水乡路,,43,42,54,24,27,137,NA,74,74,11,24,8,7,0.5,0.7
2026-09-21T1400,2925A,106.2758,38.4841,银川市,上海东路,,47,30,46,22,30,149,NA,72,72,11,23,10,8,0.3,0.4
2026-09-21T1400,2926A,106.1016,38.4971,银川市,文昌北街,,41,39,51,18,24,130,NA,74,74,11,25,7,7,0.5,0.7
2026-09-21T1400,2929A,114.8858,30.4519,黄冈市,红卫路,,36,36,43,20,30,89,NA,58,58,7,13,4,7,0.4,0.5
2026-09-21T1400,2996A,118.2781,33.9658,宿迁市,市供电局,,48,43,51,33,46,134,NA,100,100,10,14,6,6,1.0,1
2026-09-21T1400,2997A,119.8767,32.3291,泰州市,王营,细颗粒物(PM2.5),88,64,38,54,30,100,NA,69,69,7,18,11,12,0.7,0.6
2026-09-21T1400,3000A,119.3577,34.6971,连云港市,德源药业,,46,46,48,29,34,122,NA,107,107,15,24,6,6,0.4,0.6
2026-09-21T1400,3002A,119.9701,31.813,常州市,行政中心,颗粒物(PM10),57,59,50,33,26,140,NA,78,78,15,47,8,8,0.6,0.6
2026-09-21T1400,3003A,120.0434,31.7726,常州市,经开区,颗粒物(PM10),56,58,53,32,27,140,NA,81,81,10,42,13,12,0.7,0.7
2026-09-21T1400,3004A,120.1543,33.3664,盐城市,宝龙广场,,31,31,30,19,20,96,NA,73,73,4,6,9,9,0.7,0.7
2026-09-21T1400,3005A,117.1812,34.29,徐州市,鼓楼区政府,细颗粒物(PM2.5),105,83,66,65,56,130,NA,86,80,14,15,13,7,1.1,1.1
2026-09-21T1400,3006A,117.1693,34.1781,徐州市,铜山区招生办,细颗粒物(PM2.5),76,75,63,48,45,148,NA,105,105,12,10,8,7,0.7,0.7
2026-09-21T1400,3007A,119.178,34.8442,连云港市,新城一中,,36,17,67,11,33,113,NA,96,96,8,19,9,11,0.3,0.7
2026-09-21T1400,3008A,119.3607,34.7519,连云港市,胡沟管理处,NA,NA,NA,42,NA,32,139,NA,122,122,11,19,10,14,0.6,0.7
2026-09-21T1400,3009A,119.1478,34.5913,连云港市,矿山设计院,,44,41,47,17,34,138,NA,111,111,4,14,5,5,0.5,0.5
2026-09-21T1400,3010A,119.8919,31.7892,常州市,钟楼,,48,38,42,33,29,136,NA,75,75,11,41,9,10,0.5,0.5
2026-09-21T1400,3012A,112.1849,31.0361,荆门市,西山林语,,22,8,36,4,27,70,NA,77,65,6,7,5,5,0.8,0.8
2026-09-21T1400,3014A,106.4958,29.5347,重庆市,歇台子,,17,16,26,2,9,52,NA,33,33,13,17,8,7,0.6,0.6
2026-09-21T1400,3015A,106.4067,29.5729,重庆市,龙井湾,,22,8,18,4,10,69,NA,43,43,9,14,9,8,0.7,0.7
2026-09-21T1400,3016A,106.5506,29.415,重庆市,龙洲湾,,21,21,30,10,16,47,NA,26,26,15,22,9,10,0.5,0.6
2026-09-21T1400,3018A,111.5048,36.1015,临汾市,唐尧大酒店,细颗粒物(PM2.5),80,65,109,50,83,119,NA,58,58,8,16,6,6,1.1,1.5
2026-09-21T1400,3020A,117.2096,39.1698,天津市,中山北路,臭氧1小时(O3_1h),53,35,54,14,25,162,NA,80,80,14,31,5,6,0.7,1
2026-09-21T1400,3021A,115,35.7667,濮阳市,濮水河管理处,细颗粒物(PM2.5),105,118,81,65,43,72,NA,47,47,16,18,3,5,0.8,0.7
2026-09-21T1400,3025A,113.0479,23.6343,清远市,技师学院,,47,29,44,20,29,149,NA,108,108,9,18,7,6,0.8,0.9
2026-09-21T1400,3026A,116.6179,23.6608,潮州市,市政府,细颗粒物(PM2.5),60,59,46,40,32,162,NA,92,92,10,12,7,7,0.9,0.9
2026-09-21T1400,3028A,104.7765,29.3623,自贡市,檀木林体育馆,,30,14,17,7,10,94,NA,47,47,6,9,9,8,0.7,0.7
2026-09-21T1400,3033A,87.4652,43.4569,乌鲁木齐市,培训基地,颗粒物(PM10),53,53,55,24,19,110,NA,99,98,4,4,3,3,0.4,0.4
2026-09-21T1400,3034A,113.1076,41.0385,乌兰察布市,光明街小学,,37,15,24,4,13,117,NA,74,74,4,23,3,6,0.3,0.3
2026-09-21T1400,3036A,118.6903,37.4337,东营市,开发区管委会,,35,27,41,0,15,111,NA,83,83,4,9,3,3,0.2,0.4
2026-09-21T1400,3038A,103.3757,23.3679,红河哈尼族彝族自治州,州图书馆,,25,NA,21,16,17,78,NA,62,62,4,5,4,4,0.2,0.3
2026-09-21T1400,3039A,111.1911,34.7829,三门峡市,三门峡市第一小学,,26,26,34,16,28,74,NA,58,58,11,18,3,3,0.7,0.8
2026-09-21T1400,3045A,109.9647,33.8486,商洛市,商州区中学,,22,20,16,15,7,68,NA,42,42,7,10,5,5,0.5,0.4
2026-09-21T1400,3046A,115.9084,28.6062,南昌市,机电学校,颗粒物(PM10),56,58,55,36,45,146,NA,108,108,7,8,9,9,0.8,0.8
2026-09-21T1400,3048A,119.5799,26.0937,福州市,九龙,,42,17,20,6,11,134,NA,89,89,6,8,5,5,0.3,0.3
2026-09-21T1400,3051A,117.385,39.1483,天津市,西四道,颗粒物(PM10),72,80,53,24,23,173,NA,87,87,12,28,4,6,0.4,0.5
2026-09-21T1400,3054A,113.9194,35.2847,新乡市,市委党校,细颗粒物(PM2.5),92,NA,53,56,44,126,NA,65,65,10,17,12,8,0.8,0.7
2026-09-21T1400,3055A,101.7775,36.643,西宁市,城北区政府,,31,30,26,13,20,99,NA,44,44,16,21,10,11,1.0,1
2026-09-21T1400,3057A,121.5989,37.4016,烟台市,牟平检察院,,38,14,26,0,13,121,NA,91,91,6,10,6,6,0.3,0.3
2026-09-21T1400,3058A,119.2656,42.0356,赤峰市,银河街,,35,13,39,3,14,110,NA,62,62,8,23,8,11,0.5,0.7
2026-09-21T1400,3059A,117.7181,36.205,济南市,泰兴公司,,38,34,79,7,46,119,NA,86,86,7,26,4,4,0.3,0.5
2026-09-21T1400,3061A,119.7511,49.1576,呼伦贝尔市,国华电力东,,20,18,23,6,10,62,NA,39,39,5,15,5,6,0.3,0.2
2026-09-21T1400,3064A,117.6861,36.2172,济南市,莱芜战役纪念馆,,40,39,77,5,46,126,NA,108,108,8,22,7,8,0.3,0.5
2026-09-21T1400,3065A,101.9534,29.9976,甘孜藏族自治州,州环保局,,20,10,14,1,2,62,NA,44,44,6,10,3,3,0.2,0.2
2026-09-21T1400,3066A,116.2722,37.438,德州市,九衢泉纯净水厂,,40,24,74,4,45,125,NA,114,105,7,15,11,13,0.5,0.8
2026-09-21T1400,3109A,115.0094,25.8614,赣州市,赣县区卫计委,,48,NA,39,33,31,131,NA,94,94,3,9,2,3,0.8,0.9
2026-09-21T1400,3123A,105.9408,26.2431,安顺市,凤凰山,,32,NA,27,22,19,86,NA,81,81,3,6,5,5,0.5,0.6
2026-09-21T1400,3124A,105.9443,26.2567,安顺市,金钟山,,32,NA,25,22,19,89,NA,85,85,3,5,5,5,0.4,0.4
2026-09-21T1400,3125A,105.8983,26.248,安顺市,娄家坡,,29,29,24,17,16,82,NA,77,77,2,3,6,6,0.4,0.4
2026-09-21T1400,3131A,114.878,40.7992,张家口市,烟厂,,36,13,21,8,10,113,NA,80,80,5,12,/,/,/,/
2026-09-21T1400,3132A,119.5979,39.938,秦皇岛市,文明里,,36,31,34,17,7,114,NA,66,66,10,25,8,4,0.3,0.2
2026-09-21T1400,3133A,106.5469,29.5655,重庆市,上清寺,,22,22,22,4,12,46,NA,28,28,16,20,3,3,0.5,0.6
2026-09-21T1400,3134A,113.8172,34.0339,许昌市,市一中,细颗粒物(PM2.5),72,49,39,46,38,103,NA,100,100,9,11,6,6,0.7,0.6
2026-09-21T1400,3136A,104.2724,30.559,成都市,龙泉驿区区政府,,36,14,12,13,10,115,NA,58,58,10,14,5,5,0.7,0.7
2026-09-21T1400,3138A,111.7152,29.0288,常德市,武陵区永安,,32,29,51,22,45,65,NA,69,63,10,10,8,8,0.8,0.8
2026-09-21T1400,3139A,111.6891,28.9881,常德市,鼎城区玉霞,,32,24,48,22,43,69,NA,76,70,10,10,8,9,1.0,1
2026-09-21T1400,3140A,111.6651,29.0526,常德市,武陵区长庚,,40,30,51,28,49,57,NA,63,55,7,8,7,7,1.0,1
2026-09-21T1400,3141A,114.3921,36.0879,安阳市,信访局,细颗粒物(PM2.5),90,74,70,55,53,133,NA,106,106,14,17,4,5,0.7,0.7
2026-09-21T1400,3147A,114.3434,34.8101,开封市,龙亭公园,细颗粒物(PM2.5),92,NA,54,56,43,129,NA,76,76,7,11,6,5,1.0,0.9
2026-09-21T1400,3148A,103.829,30.0563,眉山市,区人社局,,30,24,34,0,7,96,NA,49,49,9,19,14,9,0.9,1
2026-09-21T1400,3149A,115.0174,30.1591,黄石市,笔架山北路,颗粒物(PM10),69,76,113,29,42,78,NA,41,41,12,21,11,11,1.0,1.3
2026-09-21T1400,3151A,114.375,27.8096,宜春市,宜春学院北校区,NA,NA,59,63,22,43,124,NA,80,80,NA,10,3,4,0.9,1
2026-09-21T1400,3153A,114.3876,30.4908,武汉市,民族大道182号,,27,24,41,0,28,86,NA,57,57,15,17,6,6,0.8,1.1
2026-09-21T1400,3164A,119.4682,32.394,扬州市,广陵建设局,细颗粒物(PM2.5),80,58,46,50,31,107,NA,74,74,14,19,11,11,0.6,0.4
2026-09-21T1400,3171A,115.6069,34.4465,商丘市,梁园区档案局,NA,NA,NA,NA,NA,NA,NA,NA,NA,NA,NA,NA,NA,NA,NA,NA
2026-09-21T1400,3173A,117.0598,30.5351,安庆市,市人大,,46,40,39,32,35,90,NA,73,73,17,14,7,7,1.0,0.9
2026-09-21T1400,3178A,119.0587,36.7209,潍坊市,潍坊七中,,33,22,52,0,27,105,NA,78,78,5,15,5,5,0.2,0.5
2026-09-21T1400,3179A,102.7491,25.012,昆明市,官渡区博物馆,,28,13,20,5,13,89,NA,52,52,6,11,4,5,0.3,0.4
2026-09-21T1400,3180A,99.7122,27.8129,迪庆藏族自治州,质量技术监督局,,19,10,14,2,6,60,NA,46,46,7,8,6,6,0.2,0.3
2026-09-21T1400,3181A,106.776805,31.852614,巴中市,市五中,,14,14,14,8,7,38,NA,17,17,10,12,12,12,0.8,0.8
2026-09-21T1400,3183A,106.7419,31.8654,巴中市,圣泉水务公司,,13,10,12,7,4,41,NA,20,20,8,12,11,11,0.8,0.8
2026-09-21T1400,3187A,116.9508,33.666,宿州市,远航博物馆,细颗粒物(PM2.5),118,85,46,79,42,83,NA,75,71,17,17,7,6,0.8,0.6
2026-09-21T1400,3188A,115.6684,37.7216,衡水市,市城管局,颗粒物(PM10),55,57,107,21,54,105,NA,86,80,10,17,6,6,0.6,0.7
2026-09-21T1400,3190A,116.0254,29.6995,九江市,外国语学校,细颗粒物(PM2.5),80,57,54,50,46,107,NA,83,83,18,20,8,8,0.8,0.7
2026-09-21T1400,3191A,118.3243,33.95,宿迁市,宿豫区政府,细颗粒物(PM2.5),60,48,49,40,49,134,NA,98,98,7,13,7,6,1.1,1
2026-09-21T1400,3192A,80.0906,32.5029,阿里地区,阿里藏医院,,43,7,13,2,3,135,NA,98,98,3,8,6,6,0.2,0.3
2026-09-21T1400,3194A,112.2749,30.3124,荆州市,管委会,,23,NA,40,16,34,59,NA,61,57,10,11,7,7,0.6,0.7
2026-09-21T1400,3195A,119.3649,32.3961,扬州市,市体育局,颗粒物(PM10),68,75,45,38,29,107,NA,80,80,10,13,11,10,0.9,0.6
2026-09-21T1400,3200A,115.9772,36.4986,聊城市,监控中心,细颗粒物(PM2.5),106,74,125,66,106,97,NA,62,62,20,32,8,7,0.4,0.5
2026-09-21T1400,3206A,114.9148,27.8069,新余市,新钢沁园村,,48,41,49,33,40,127,NA,98,98,6,12,7,9,0.5,0.6
2026-09-21T1400,3207A,118.31131,32.3033,滁州市,市政府原办公楼,细颗粒物(PM2.5),107,NA,34,67,37,102,NA,67,67,16,20,10,7,0.7,0.5
2026-09-21T1400,3208A,112.7279,38.4157,忻州市,市政府,,41,26,42,24,26,130,NA,65,65,10,23,8,8,0.8,0.7
2026-09-21T1400,3209A,119.5231,26.6562,宁德市,宁德一中,,41,24,28,17,22,129,NA,86,86,4,6,5,5,0.4,0.4
2026-09-21T1400,3210A,114.3645,34.7955,开封市,汴京公园,细颗粒物(PM2.5),82,85,59,51,39,132,NA,74,74,7,10,7,6,0.9,0.7
2026-09-21T1400,3216A,117.662,24.5187,漳州市,漳州党校,,42,22,45,15,28,133,NA,78,78,10,14,/,/,/,/
2026-09-21T1400,3237A,117.4918,30.6617,池州市,展览馆,,36,36,46,23,31,113,NA,79,79,13,15,5,5,0.7,0.7
2026-09-21T1400,3241A,103.7439,36.0841,兰州市,百合公园,,48,48,41,29,21,142,NA,63,63,18,31,16,12,0.6,0.5
2026-09-21T1400,3242A,103.9613,35.9985,兰州市,和平,,42,NA,27,29,15,122,NA,60,60,7,14,14,12,0.6,0.5
2026-09-21T1400,3247A,104.9551,33.3709,陇南市,市总工会,,30,23,32,8,9,94,NA,52,52,5,12,8,8,0.4,0.5
2026-09-21T1400,3248A,98.2644,39.7723,嘉峪关市,雄关区,,40,37,33,8,9,125,NA,91,91,10,22,15,10,0.7,0.4
2026-09-21T1400,3265A,121.4242,31.3303,上海市,宝山庙行,,39,39,36,22,20,115,NA,91,91,13,25,9,8,0.6,0.5
2026-09-21T1400,3266A,121.8789,31.4662,上海市,崇明上实东滩,,41,24,25,17,19,129,NA,102,102,6,8,10,10,0.3,0.3
2026-09-21T1400,3268A,121.316,31.2839,上海市,嘉定南翔,,42,37,29,22,19,133,NA,103,103,8,21,9,9,0.4,0.4
2026-09-21T1400,3269A,121.3357,30.7455,上海市,金山新城,,46,46,33,30,22,143,NA,94,94,10,18,6,4,0.7,0.5
2026-09-21T1400,3270A,121.4996,31.0741,上海市,闵行浦江,,45,38,31,23,21,144,NA,106,106,9,15,6,7,0.6,0.5
2026-09-21T1400,3271A,121.2886,31.1663,上海市,青浦徐泾,,47,28,33,19,22,149,NA,104,104,2,17,6,8,0.4,0.6
2026-09-21T1400,3272A,121.2193,31.0382,上海市,松江图书馆,臭氧1小时(O3_1h),72,48,41,26,23,177,NA,115,115,13,27,8,8,0.5,0.6
2026-09-21T1400,3273A,121.3904,31.206,上海市,长宁仙霞,,43,43,31,22,19,128,NA,97,97,14,20,4,7,0.6,0.4
2026-09-21T1400,3274A,121.7964,31.0507,上海市,浦东惠南,,39,34,33,23,19,124,NA,101,101,10,25,10,10,0.8,0.7
2026-09-21T1400,3282A,113.3399,40.0586,大同市,大同市卫生学校,,36,16,33,15,14,114,NA,60,60,12,26,10,9,0.3,0.5
2026-09-21T1400,3283A,109.9154,40.5684,包头市,滨河大厦,,35,15,25,11,22,110,NA,55,55,8,37,9,9,0.3,0.4
2026-09-21T1400,3284A,106.8129,39.7274,乌海市,海北新区,,45,28,35,3,6,144,NA,74,74,10,28,14,9,0.4,0.4
2026-09-21T1400,3285A,113.1383,40.9513,乌兰察布市,北京八中,,37,12,29,2,8,118,NA,58,58,4,28,5,6,0.1,0.2
2026-09-21T1400,3286A,118.9359,42.3146,赤峰市,桥北物流园区,,38,5,15,2,7,120,NA,68,68,9,24,3,4,0.5,0.6
2026-09-21T1400,3287A,119.3842,32.198,镇江市,富润路1号,细颗粒物(PM2.5),88,60,40,54,34,127,NA,59,59,19,42,9,9,0.8,0.5
2026-09-21T1400,3288A,117.4619,34.4368,徐州市,大泉街道,细颗粒物(PM2.5),78,76,70,49,57,139,NA,82,82,12,18,7,7,0.8,0.9
2026-09-21T1400,3289A,120.7431,31.3188,苏州市,方洲路,臭氧1小时(O3_1h),73,48,31,34,20,178,NA,102,102,10,19,9,8,0.7,0.6
2026-09-21T1400,3290A,120.4979,31.2777,苏州市,木渎中学,臭氧1小时(O3_1h),67,51,33,29,19,173,NA,106,106,14,20,9,7,1.0,0.9
2026-09-21T1400,3291A,121.0631,32.0644,南通市,通州监测站,,35,31,24,16,14,111,NA,96,96,5,9,1,2,0.6,0.6
2026-09-21T1400,3293A,120.1518,33.3369,盐城市,月亮广场,NA,NA,25,34,NA,22,109,NA,82,82,2,7,10,10,0.6,0.6
2026-09-21T1400,3294A,119.565282,32.422263,扬州市,引江管理处,细颗粒物(PM2.5),60,55,37,40,25,91,NA,67,67,6,16,6,5,0.9,0.8
2026-09-21T1400,3295A,120.1226,32.515,泰州市,姜堰区政府广场,,40,40,36,21,21,121,NA,78,78,6,10,10,13,0.7,0.7
2026-09-21T1400,3298A,113.5718,23.5493,广州市,从化街口,,48,38,37,33,27,89,NA,85,85,4,13,8,7,0.6,0.7
2026-09-21T1400,3299A,113.3463,23.369,广州市,白云竹料,,45,45,46,31,35,136,NA,105,105,9,20,4,4,0.8,0.8
2026-09-21T1400,3300A,113.2981,23.2365,广州市,白云嘉禾,臭氧1小时(O3_1h),70,50,49,31,31,176,NA,112,112,13,25,4,4,/,/
2026-09-21T1400,3301A,113.4256,23.1716,广州市,黄埔科学城,臭氧1小时(O3_1h),58,40,50,35,39,166,NA,91,91,8,22,7,7,0.8,0.8
2026-09-21T1400,3302A,113.3942,23.0485,广州市,番禺大学城,臭氧1小时(O3_1h),107,61,50,39,34,214,NA,102,102,20,28,7,7,0.7,0.6
2026-09-21T1400,3303A,113.4923,22.8169,广州市,南沙黄阁,臭氧1小时(O3_1h),109,59,45,45,28,218,NA,116,116,12,20,10,10,/,/
2026-09-21T1400,3304A,113.534,22.7893,广州市,南沙街,臭氧1小时(O3_1h),100,NA,42,33,28,200,NA,112,112,11,15,10,10,0.8,0.7
2026-09-21T1400,3305A,114.0614,22.556,深圳市,莲花,细颗粒物(PM2.5),58,52,36,39,25,130,NA,68,67,15,17,/,/,/,/
2026-09-21T1400,3306A,114.0144,22.6163,深圳市,民治,臭氧1小时(O3_1h),94,88,47,43,29,195,NA,70,70,24,36,/,/,/,/
2026-09-21T1400,3307A,114.1756,22.6421,深圳市,横岗,臭氧1小时(O3_1h),73,51,47,26,25,178,NA,112,112,20,31,/,/,/,/
2026-09-21T1400,3308A,113.3493,22.0572,珠海市,金湾,,42,32,29,18,20,134,NA,100,100,8,10,/,/,0.4,0.5
2026-09-21T1400,3311A,113.1077,22.5647,江门市,江海富民,臭氧1小时(O3_1h),78,54,57,27,29,182,NA,108,108,14,17,/,/,0.5,0.4
2026-09-21T1400,3313A,112.4572,23.0163,肇庆市,高要湖西,细颗粒物(PM2.5),58,57,49,39,37,157,NA,73,73,6,12,7,8,0.7,0.7
2026-09-21T1400,3314A,114.4334,22.8134,惠州市,惠阳秋长,臭氧1小时(O3_1h),97,56,46,27,28,197,NA,112,112,7,11,/,/,/,/
2026-09-21T1400,3315A,116.1234,24.2994,梅州市,梅龙,,43,39,34,30,25,131,NA,80,80,6,9,7,7,0.8,0.8
2026-09-21T1400,3317A,111.9785,21.8954,阳江市,两阳中学,,39,31,30,27,19,119,NA,94,94,7,14,/,/,0.6,0.5
2026-09-21T1400,3318A,112.9898,23.7403,清远市,清新太和,细颗粒物(PM2.5),54,46,40,37,28,138,NA,97,97,5,8,8,9,0.9,0.8
2026-09-21T1400,3319A,113.7283,23.041,东莞市,万江金泰,臭氧1小时(O3_1h),114,67,51,44,36,228,NA,137,137,16,18,14,14,1.0,0.9
2026-09-21T1400,3320A,116.4028,23.5699,揭阳市,曲溪,臭氧1小时(O3_1h),68,38,44,26,32,174,NA,114,114,8,13,8,8,0.8,0.7
2026-09-21T1400,3323A,115.2772,40.9723,张家口市,青少年活动中心,,32,NA,6,4,6,100,NA,69,69,1,7,2,2,0.1,0
2026-09-21T1400,3324A,116.8011,38.294,沧州市,河北水利电力学院,NA,NA,46,55,23,30,130,NA,84,84,9,11,8,8,NA,0.4
2026-09-21T1400,3325A,117.0362,39.3827,天津市,雍阳西道,,40,31,56,13,25,128,NA,74,74,3,25,8,8,0.6,0.8
2026-09-21T1400,3326A,117.0291,39.0612,天津市,辛老路,颗粒物(PM10),90,106,62,25,25,164,NA,101,101,8,25,4,5,0.6,0.7
2026-09-21T1400,3327A,116.9638,38.9374,天津市,地纬路,,49,36,51,16,26,156,NA,103,103,6,18,6,7,0.5,0.7
2026-09-21T1400,3328A,118.4209,31.3704,芜湖市,市气象局,,48,36,35,33,24,144,NA,64,64,15,20,11,9,0.6,0.6
2026-09-21T1400,3329A,117.011,32.5891,淮南市,山南新区,细颗粒物(PM2.5),62,42,28,41,27,112,NA,84,84,15,14,4,4,0.3,0.3
2026-09-21T1400,3331A,118.3268,32.2633,滁州市,图书馆,细颗粒物(PM2.5),76,64,31,48,25,102,NA,62,62,14,21,9,8,0.6,0.5
2026-09-21T1400,3332A,115.7631,33.803,亳州市,亳州学院,细颗粒物(PM2.5),78,53,43,49,37,107,NA,105,104,8,8,3,2,0.4,0.4
2026-09-21T1400,3333A,117.5626,30.695,池州市,第八中学,,37,30,42,19,28,116,NA,76,76,10,19,6,6,0.7,0.8
2026-09-21T1400,3334A,117.5037,30.6242,池州市,第十二中学,,40,40,42,24,30,121,NA,84,84,9,13,4,4,0.9,1
2026-09-21T1400,3335A,113.3137,35.2643,焦作市,马村街道办,,48,45,69,33,48,138,NA,83,83,10,15,4,3,0.6,0.8
2026-09-21T1400,3336A,113.2464,35.2374,焦作市,焦作技师学院,细颗粒物(PM2.5),66,52,56,43,42,135,NA,98,98,7,10,7,6,0.7,0.8
2026-09-21T1400,3337A,113.8611,34.0443,许昌市,许昌学院,细颗粒物(PM2.5),72,59,46,46,35,120,NA,110,110,13,13,7,6,0.5,0.4
2026-09-21T1400,3338A,113.8428,34.0825,许昌市,芙蓉广场,细颗粒物(PM2.5),86,77,41,53,38,131,NA,105,105,6,10,7,6,0.7,0.6
2026-09-21T1400,3339A,114.0002,33.0404,驻马店市,小管楼,细颗粒物(PM2.5),62,43,43,41,34,121,NA,110,110,11,14,4,4,0.3,0.3
2026-09-21T1400,3340A,112.6005,34.6323,洛阳市,伊滨,,43,35,37,30,32,91,NA,66,66,17,17,7,7,0.6,0.5
2026-09-21T1400,3341A,112.495,34.6338,洛阳市,中移产业园,细颗粒物(PM2.5),58,NA,38,39,36,98,NA,66,64,8,13,9,9,0.7,0.7
2026-09-21T1400,3342A,128.7948,47.7291,伊春市,中心小学,,34,34,16,5,5,65,NA,43,43,4,7,2,2,0.8,0.7
2026-09-21T1400,3343A,128.6736,47.729,伊春市,检察院,,22,13,19,2,5,68,NA,43,43,2,3,5,5,0.4,0.3
2026-09-21T1400,3345A,131.0413,45.7795,七台河市,中波台,,20,19,12,2,4,61,NA,42,42,1,5,3,3,0.3,0.4
2026-09-21T1400,3346A,108.3871,31.1627,重庆市,安康,,12,11,15,4,9,36,NA,17,17,9,11,8,8,0.7,0.7
2026-09-21T1400,3347A,105.8983,29.36,重庆市,北山路,,22,21,17,7,12,70,NA,41,41,8,11,10,10,0.5,0.6
2026-09-21T1400,3350A,106.648859,29.023807,重庆市,滩子口,,27,27,30,11,16,34,NA,32,32,14,13,27,15,0.5,0.5
2026-09-21T1400,3351A,105.7164,29.7077,重庆市,棠香,,21,21,14,5,6,64,NA,47,47,8,7,7,8,0.8,0.8
2026-09-21T1400,3352A,107.0733,29.8618,重庆市,桃源西路,,25,25,33,9,18,30,NA,18,18,13,19,19,12,0.6,0.6
2026-09-21T1400,3353A,107.3536,29.7283,重庆市,迎宾大道,,13,13,26,5,14,32,NA,16,16,12,22,3,3,0.6,0.7
2026-09-21T1400,3354A,108.8152,29.5079,重庆市,舟白,,10,8,17,4,10,30,NA,24,16,10,10,7,6,0.5,0.4
2026-09-21T1400,3355A,108.3679,30.8429,重庆市,周家坝,,15,15,29,2,13,42,NA,24,24,9,17,6,5,0.6,0.7
2026-09-21T1400,3356A,108.4323,30.7554,重庆市,百安坝,,12,11,18,3,9,37,NA,39,39,11,17,11,12,0.4,0.5
2026-09-21T1400,3357A,104.0028,30.6891,成都市,金博路,,34,NA,13,14,12,108,NA,53,53,8,17,2,2,1.0,1
2026-09-21T1400,3359A,104.056,30.5228,成都市,华阳,,35,27,20,13,13,110,NA,57,57,10,14,2,2,0.7,0.8
2026-09-21T1400,3360A,104.7894,29.3197,自贡市,南湖救助站,,32,21,20,9,9,101,NA,43,NA,5,9,9,6,0.8,0.8
2026-09-21T1400,3361A,103.7313,29.563,乐山市,理工大学,,26,18,15,4,2,83,NA,53,53,7,8,7,7,0.7,0.7
2026-09-21T1400,3363A,117.9883,36.8372,淄博市,新区,,33,22,54,1,38,104,NA,80,80,9,22,5,6,0.4,0.7
2026-09-21T1400,3364A,117.316,34.8106,枣庄市,市环保局,细颗粒物(PM2.5),104,110,103,64,74,134,NA,70,70,16,22,4,5,0.8,0.8
2026-09-21T1400,3365A,118.5721,37.5654,东营市,垦利区民丰路,,33,17,33,0,19,105,NA,78,78,5,10,4,4,0.2,0.4
2026-09-21T1400,3366A,121.5202,37.4336,烟台市,中国农业大学,,37,19,27,0,11,117,NA,90,90,10,15,9,9,0.2,0.2
2026-09-21T1400,3368A,119.1978,36.6871,潍坊市,高新实验学校,,39,39,56,0,20,108,NA,94,87,7,10,7,7,0.4,0.7
2026-09-21T1400,3370A,118.3563,35.0215,临沂市,十里堡居委,,39,36,72,16,59,122,NA,111,111,10,20,10,11,0.7,0.9
2026-09-21T1400,3371A,116.3693,37.44,德州市,开发区人民医院,,37,27,72,3,47,118,NA,91,91,7,16,7,10,0.3,0.7
2026-09-21T1400,3374A,115.5562,35.089,菏泽市,定陶老年大学,细颗粒物(PM2.5),117,97,66,78,50,92,NA,52,52,19,20,7,5,0.7,0.5
2026-09-21T1400,3375A,102.8016,24.8336,昆明市,青年创业园,,29,13,24,6,14,90,NA,49,49,9,22,4,6,0.5,0.7
2026-09-21T1400,3376A,103.7926,25.4651,曲靖市,南苑二区,,22,8,18,2,14,69,NA,54,54,2,8,4,4,0.3,0.4
2026-09-21T1400,3377A,103.7442,25.5259,曲靖市,曲靖师范学院,,24,NA,21,3,16,75,NA,53,53,3,11,3,5,0.3,0.4
2026-09-21T1400,3379A,122.1122,40.2275,营口市,鲅鱼圈市民活动中心,颗粒物(PM10),58,60,54,13,21,94,NA,54,54,25,26,13,7,1.0,1.1
2026-09-21T1400,3380A,102.8915,34.9618,甘南藏族自治州,甘肃民族师范学院,,28,15,23,15,11,88,NA,68,68,9,13,9,7,0.4,0.4
2026-09-21T1400,3396A,112.0764,32.0089,襄阳市,襄城隆中路,,28,20,29,14,21,87,NA,64,64,11,10,8,8,0.7,0.7
2026-09-21T1400,3397A,112.1154,32.103,襄阳市,高新台子湾,,32,NA,29,21,26,102,NA,70,70,10,12,6,6,0.7,0.7
2026-09-21T1400,3398A,114.9134,30.4446,黄冈市,市林业局,,29,29,39,15,24,89,NA,58,58,5,10,4,7,0.3,0.4
2026-09-21T1400,3399A,112.6703,26.8817,衡阳市,师范学院,颗粒物(PM10),58,60,79,28,59,110,NA,70,70,3,17,7,8,0.9,1.1
2026-09-21T1400,3400A,109.1844,21.4396,北海市,龙潭自来水厂,,40,24,28,12,18,125,NA,94,94,4,7,10,8,0.5,0.6
2026-09-21T1400,3401A,108.4829,22.762,南宁市,红星社区,,47,29,44,16,32,150,NA,89,89,7,17,7,7,0.8,0.9
2026-09-21T1400,3402A,109.5422,24.3994,柳州市,市二中,颗粒物(PM10),60,64,49,32,33,154,NA,86,86,8,20,11,11,0.7,0.9
2026-09-21T1400,3404A,108.5959,21.9634,钦州市,北职校,,47,30,46,22,23,149,NA,91,91,6,13,10,11,0.7,0.8
2026-09-21T1400,3405A,109.5886,23.1172,贵港市,新世纪学校,,48,46,61,28,44,153,NA,108,108,11,20,/,/,0.8,0.9
2026-09-21T1400,3407A,120.6915,30.7741,嘉兴市,秀洲住建,臭氧1小时(O3_1h),70,43,35,22,20,176,NA,124,124,6,24,5,5,0.2,0.3
2026-09-21T1400,3408A,120.5685,29.936,绍兴市,绍兴中专,臭氧1小时(O3_1h),102,43,39,31,28,204,NA,122,122,9,21,8,6,0.8,0.8
2026-09-21T1400,3409A,120.4905,30.086,绍兴市,柯桥区政府,臭氧1小时(O3_1h),93,47,35,35,28,194,NA,128,128,6,17,8,8,0.5,0.5
2026-09-21T1400,3410A,120.8751,30.0249,绍兴市,重华小学,,46,38,34,24,21,145,NA,100,100,7,12,7,6,0.7,0.5
2026-09-21T1400,3411A,120.837,30.0137,绍兴市,上虞中学,,45,29,37,21,22,144,NA,104,104,9,18,5,4,0.7,0.7
2026-09-21T1400,3416A,119.1758,36.7139,潍坊市,潍坊学院,,33,31,49,0,24,103,NA,91,85,6,11,6,6,0.3,0.5
2026-09-21T1400,3418A,116.8336,40.4095,北京市,密云新城,,31,6,28,4,15,98,NA,68,68,7,10,2,3,0.3,0.4
2026-09-21T1400,3419A,109.9449,40.6259,包头市,包头市委党校,,35,14,19,8,18,111,NA,57,57,8,35,5,4,0.3,0.5
2026-09-21T1400,3421A,113.1776,40.9779,乌兰察布市,市委党校,,40,15,28,2,15,125,NA,70,70,3,26,4,5,0.3,0.4
2026-09-21T1400,3422A,118.8443,31.919,南京市,江宁彩虹桥,,44,31,31,17,16,139,NA,79,79,3,19,5,5,0.6,0.5
2026-09-21T1400,3425A,120.642,31.1733,苏州市,越秀幼儿园,臭氧1小时(O3_1h),80,50,35,41,20,184,NA,101,101,12,24,9,7,1.1,0.8
2026-09-21T1400,3426A,118.8757,33.2897,淮安市,新华书店,颗粒物(PM10),75,84,57,43,30,137,NA,86,86,10,11,12,12,1.1,0.8
2026-09-21T1400,3427A,118.8497,32.3599,南京市,六合雄州,细颗粒物(PM2.5),104,76,40,64,27,102,NA,59,59,14,18,4,4,1.1,0.8
2026-09-21T1400,3429A,119.8595,31.706,常州市,武进经发区,颗粒物(PM10),80,92,60,47,30,120,NA,65,65,30,39,10,10,0.9,0.9
2026-09-21T1400,3430A,119.5812,31.7256,常州市,金坛城区,颗粒物(PM10),55,56,44,30,25,135,NA,80,80,10,27,4,5,0.6,0.6
2026-09-21T1400,3431A,120.6502,31.4117,苏州市,高铁新城,臭氧1小时(O3_1h),65,62,40,36,23,172,NA,100,100,15,23,8,8,0.9,0.7
2026-09-21T1400,3432A,120.9348,31.9874,南通市,环境教育馆,,37,31,18,14,12,116,NA,92,92,4,13,5,5,0.3,0.4
2026-09-21T1400,3434A,119.2414,34.6539,连云港市,工贸学校,,43,43,40,22,28,134,NA,114,114,7,14,9,9,0.5,0.6
2026-09-21T1400,3435A,119.9186,32.4322,泰州市,周山河街区,细颗粒物(PM2.5),92,62,38,56,32,103,NA,85,85,13,16,14,13,0.8,0.7
2026-09-21T1400,3436A,120.4283,33.2048,盐城市,大丰高级中学,NA,NA,31,24,16,16,129,NA,93,93,5,12,NA,8,0.6,0.6
2026-09-21T1400,3437A,88.3088,43.3637,乌鲁木齐市,达坂城区环保局,颗粒物(PM10),100,119,69,22,19,105,NA,61,61,3,7,9,12,0.2,0.2
2026-09-21T1400,3438A,87.6132,43.8791,乌鲁木齐市,红光山片区,颗粒物(PM10),69,76,75,24,27,90,NA,54,54,27,46,3,4,0.2,0.2
2026-09-21T1400,3439A,87.7008,43.8003,乌鲁木齐市,新师大温泉校区,颗粒物(PM10),71,79,77,26,24,104,NA,86,57,8,15,10,11,0.3,0.3
2026-09-21T1400,3440A,87.4892,43.84,乌鲁木齐市,大绿谷,颗粒物(PM10),52,52,62,8,18,92,NA,80,64,18,28,4,3,0.8,0.5
2026-09-21T1400,3441A,87.5461,44.1909,五家渠市,经开区管委会,颗粒物(PM10),60,63,79,7,19,129,NA,87,87,6,24,8,7,0.5,0.6
2026-09-21T1400,3442A,86.047,44.2331,石河子市,南区管委会,颗粒物(PM10),75,84,74,10,13,133,NA,94,94,17,12,11,7,0.4,0.3
2026-09-21T1400,3443A,113.2905,23.5541,广州市,花都梯面,,48,43,42,33,30,113,NA,74,74,6,21,6,6,/,/
2026-09-21T1400,3444A,116.4539,23.2684,汕头市,潮南峡山,,47,36,40,28,27,148,NA,103,103,10,13,8,9,0.7,0.7
2026-09-21T1400,3445A,113.786,23.7479,广州市,从化良口,,38,31,35,26,32,73,NA,70,70,6,10,6,6,/,/
2026-09-21T1400,3446A,113.805,23.2614,广州市,增城荔城,细颗粒物(PM2.5),60,47,40,40,28,147,NA,106,106,8,14,9,9,0.5,0.6
2026-09-21T1400,3447A,114.344,22.7115,深圳市,坪山,,46,46,37,32,23,141,NA,101,101,16,18,5,5,0.6,0.6
2026-09-21T1400,3448A,113.5436,22.1163,珠海市,横琴,,40,33,38,19,20,128,NA,98,98,12,10,/,/,/,/
2026-09-21T1400,3449A,113.0496,22.4669,江门市,新会银湖,颗粒物(PM10),51,51,43,26,29,146,NA,85,85,10,17,3,4,0.8,0.8
2026-09-21T1400,3450A,111.0101,21.5165,茂名市,电白水东,NA,NA,NA,29,NA,23,NA,NA,84,84,NA,8,NA,11,/,/
2026-09-21T1400,3451A,112.5617,23.2082,肇庆市,鼎湖凤凰,臭氧1小时(O3_1h),90,47,45,43,38,192,NA,97,97,16,11,10,9,/,/
2026-09-21T1400,3452A,114.6521,22.7755,惠州市,大亚湾霞涌,,41,27,27,19,18,130,NA,89,89,6,10,/,/,/,/
2026-09-21T1400,3453A,112.0125,21.8749,阳江市,阳东陶然,,37,30,25,24,17,117,NA,111,111,7,9,6,8,0.5,0.4
2026-09-21T1400,3454A,113.3527,22.4781,中山市,中山南区,细颗粒物(PM2.5),98,NA,31,59,28,196,NA,118,118,14,13,8,8,0.7,0.6
2026-09-21T1400,3455A,113.076,23.72,清远市,清城东城,,41,30,40,25,28,129,NA,93,93,6,10,/,/,/,/
2026-09-21T1400,3456A,114.2887,38.0905,石家庄市,鹿泉一中,颗粒物(PM10),55,56,66,34,40,154,NA,77,77,7,7,2,1,0.6,0.7
2026-09-21T1400,3457A,118.4357,39.277,唐山市,冀东油田职工医院,颗粒物(PM10),55,56,38,15,15,152,NA,98,98,9,22,10,5,0.5,0.3
2026-09-21T1400,3458A,114.7893,36.5592,邯郸市,香泉濮院小区,细颗粒物(PM2.5),110,NA,73,71,65,143,NA,92,92,14,21,2,5,0.6,0.7
2026-09-21T1400,3459A,115.599,37.5491,衡水市,地表水厂,颗粒物(PM10),53,54,105,25,53,103,NA,86,79,5,13,1,3,0.6,0.8
2026-09-21T1400,3460A,117.4065,40.0583,天津市,北环路,,44,35,35,20,21,138,NA,83,83,9,8,6,5,0.3,0.3
2026-09-21T1400,3461A,117.3041,39.7167,天津市,建设路,臭氧1小时(O3_1h),59,52,55,28,26,167,NA,91,91,10,27,11,12,0.8,0.8
2026-09-21T1400,3462A,117.8201,39.3519,天津市,滨水东路,颗粒物(PM10),58,60,45,32,16,146,NA,74,74,6,36,8,10,0.7,0.5
2026-09-21T1400,3463A,116.9708,33.5911,宿州市,社会福利中心,细颗粒物(PM2.5),101,NA,30,61,39,109,NA,NA,NA,14,18,7,6,0.7,0.5
2026-09-21T1400,3464A,117.3802,31.9148,合肥市,高教基地,颗粒物(PM10),51,51,35,24,21,70,NA,58,58,12,12,8,8,0.6,0.6
2026-09-21T1400,3465A,118.4783,31.3226,芜湖市,清苑社区,,47,42,37,26,24,148,NA,59,59,13,30,9,7,0.7,0.7
2026-09-21T1400,3466A,118.2746,31.2326,芜湖市,扬子职业技术学院,颗粒物(PM10),58,60,36,31,23,149,NA,69,69,12,15,7,6,0.6,0.6
2026-09-21T1400,3468A,115.79,32.8614,阜阳市,市规划展馆,,40,16,28,14,18,125,NA,114,114,6,11,4,4,0.5,0.5
2026-09-21T1400,3469A,115.835101,32.918568,阜阳市,枣园社区,,35,NA,28,21,20,110,NA,96,96,10,19,3,3,0.5,0.5
2026-09-21T1400,3471A,113.6104,34.8688,郑州市,惠济区政府,细颗粒物(PM2.5),86,55,54,53,45,113,NA,NA,NA,9,16,2,3,0.6,0.5
2026-09-21T1400,3473A,114.2485,34.8306,开封市,技师学院,细颗粒物(PM2.5),86,87,68,53,41,124,NA,63,63,8,17,4,4,1.2,1
2026-09-21T1400,3474A,114.2616,35.6824,鹤壁市,大新区,细颗粒物(PM2.5),72,47,57,46,41,137,NA,105,105,10,16,8,5,1.0,0.8
2026-09-21T1400,3475A,113.9189,35.3042,新乡市,市政府,细颗粒物(PM2.5),100,98,86,60,48,123,NA,64,64,13,19,11,7,0.7,0.6
2026-09-21T1400,3477A,113.1656,35.2536,焦作市,中站许衡医院,颗粒物(PM10),55,56,51,36,36,135,NA,105,105,12,13,8,5,0.5,0.5
2026-09-21T1400,3478A,113.9691,33.568,漯河市,市图书馆,NA,NA,67,38,48,31,110,NA,102,102,NA,11,6,6,0.7,0.5
2026-09-21T1400,3481A,125.127,46.6277,大庆市,萨区政府监测点,,21,8,11,4,5,66,NA,49,49,4,16,6,6,0.3,0.4
2026-09-21T1400,3482A,107.754,29.3275,重庆市,芙蓉中路,,14,9,23,8,16,42,NA,21,21,6,13,9,9,0.6,0.7
2026-09-21T1400,3484A,106.2629,29.3202,重庆市,行政中心,,31,31,30,4,11,62,NA,42,42,8,11,10,11,0.4,0.5
2026-09-21T1400,3486A,124.4029,43.1411,四平市,植物园,,30,11,18,3,7,96,NA,60,60,5,13,4,4,0.1,0.2
2026-09-21T1400,3488A,104.387954,30.746684,成都市,青白江技师分院,,30,25,26,12,14,95,NA,48,48,2,15,5,6,0.9,1.1
2026-09-21T1400,3489A,104.0788,30.4054,成都市,科学城,,38,31,19,18,11,121,NA,54,54,10,12,9,8,0.7,0.7
2026-09-21T1400,3491A,104.6899,31.5324,绵阳市,西科大附属小学,,36,19,24,15,12,114,NA,65,65,9,16,9,9,0.4,0.5
2026-09-21T1400,3492A,104.5647,31.5343,绵阳市,安州区旅游局,,30,23,20,12,11,94,NA,58,58,6,12,8,8,0.2,0.3
2026-09-21T1400,3494A,117.1673,36.9782,济南市,济阳区政府,,34,34,74,0,41,107,NA,80,80,10,14,4,6,0.3,0.5
2026-09-21T1400,3495A,117.1168,36.6299,济南市,锦屏中学,,45,32,71,8,48,143,NA,101,101,10,20,7,6,0.2,0.3
2026-09-21T1400,3496A,118.359,35.1067,临沂市,南坊新区,,46,46,79,19,67,127,NA,116,116,9,19,7,6,0.4,0.7
2026-09-21T1400,3498A,118.5063,37.8606,东营市,河口城区,,34,27,36,3,20,107,NA,78,78,6,8,4,4,0.8,0.9
2026-09-21T1400,3500A,116.5808,35.3703,济宁市,北湖一中,细颗粒物(PM2.5),112,98,148,73,114,176,NA,119,119,12,23,1,3,0.6,0.7
2026-09-21T1400,3501A,116.8251,35.5592,济宁市,服务中心,细颗粒物(PM2.5),76,82,105,48,91,163,NA,116,116,7,23,5,6,1.0,0.7
2026-09-21T1400,3502A,117.1812,36.2273,泰安市,国网新校,,44,22,63,16,52,140,NA,122,122,2,7,4,4,0.5,0.7
2026-09-21T1400,3503A,117.0315,36.2017,泰安市,交通技校,,45,37,79,19,57,144,NA,113,113,9,24,5,5,0.6,0.8
2026-09-21T1400,3504A,117.083,36.13,泰安市,山东第一医科大学,,47,46,90,20,69,148,NA,103,103,9,43,7,8,0.4,0.6
2026-09-21T1400,3505A,122.1379,37.3414,威海市,临港区管委会,,33,14,30,1,15,104,NA,85,85,7,11,6,7,0.2,0.3
2026-09-21T1400,3507A,119.5326,35.4627,日照市,职业技术学院,,38,19,50,0,31,119,NA,107,106,8,13,10,12,0.2,0.5
2026-09-21T1400,3511A,116.5687,37.3331,德州市,陵城艺术中心,,35,29,73,1,45,112,NA,83,83,6,14,9,9,0.4,0.6
2026-09-21T1400,3513A,116.0443,36.436,聊城市,九州社区,颗粒物(PM10),70,78,146,29,80,142,NA,99,93,6,21,17,12,0.7,0.8
2026-09-21T1400,3514A,117.9379,37.3959,滨州市,中海酒店,,42,34,49,4,25,132,NA,97,97,6,11,9,7,0.1,0.4
2026-09-21T1400,3515A,117.9381509,37.35547456,滨州市,开发区一中,,43,27,54,3,22,135,NA,94,94,5,8,8,7,0.3,0.5
2026-09-21T1400,3516A,118.0914,37.6938,滨州市,金海六路,颗粒物(PM10),75,85,47,2,22,120,NA,86,86,4,11,6,5,0.4,0.4
2026-09-21T1400,3520A,106.3495,38.9837,石嘴山市,妇女儿童医院,,44,38,51,8,24,139,NA,83,83,7,21,11,19,0.6,0.8
2026-09-21T1400,3521A,106.7495,39.2068,石嘴山市,石大公路,,40,26,43,10,12,126,NA,64,64,8,32,9,9,0.5,0.6
2026-09-21T1400,3523A,106.5105,38.3857,银川市,滨河新区,臭氧1小时(O3_1h),65,44,38,31,23,172,NA,107,107,17,22,22,15,0.5,0.5
2026-09-21T1400,3525A,108.6394,34.408,咸阳市,奥体中心,,38,30,34,26,21,106,NA,40,40,5,13,2,2,0.4,0.4
2026-09-21T1400,3526A,119.5188,25.9666,福州市,吴航,,38,19,25,12,16,119,NA,89,89,7,9,8,7,0.4,0.4
2026-09-21T1400,3527A,118.0961,24.5689,厦门市,集美中学,臭氧1小时(O3_1h),57,41,35,23,21,165,NA,132,132,16,8,3,2,0.5,0.4
2026-09-21T1400,3528A,118.1502,24.7246,厦门市,同安二实小,,48,32,29,21,22,151,NA,111,111,3,6,2,3,0.7,0.7
2026-09-21T1400,3530A,117.6288,24.5309,漳州市,西洋坪路,,36,21,40,14,27,115,NA,67,67,9,11,4,5,0.4,0.5
2026-09-21T1400,3531A,110.296,25.1254,桂林市,旅游学院,,40,28,38,28,31,119,NA,78,78,7,10,3,4,0.7,0.7
2026-09-21T1400,3532A,110.1951,22.6832,玉林市,玉林师范学院东校区,,47,47,46,27,33,143,NA,99,99,6,14,5,11,0.6,0.6
2026-09-21T1400,3533A,110.0527,22.5894,玉林市,福绵环保局,,42,42,48,25,31,134,NA,96,96,8,13,7,9,0.8,0.7
2026-09-21T1400,3534A,111.4744,24.455,贺州市,西湾,,30,22,45,15,28,95,NA,66,66,6,10,8,8,0.6,0.6
2026-09-21T1400,3535A,109.1781,23.7293,来宾市,兴宾区政府,颗粒物(PM10),55,56,55,21,39,161,NA,101,101,4,7,8,6,0.8,0.9
2026-09-21T1400,3538A,107.5175,26.2977,黔南布依族苗族自治州,沙坝,,28,NA,27,19,15,85,NA,52,52,3,10,3,3,0.5,0.6
2026-09-21T1400,3539A,110.5111,19.9737,海口市,桂林洋子站,,32,23,30,14,16,100,NA,87,87,2,7,/,/,/,/
2026-09-21T1400,3540A,109.7348,18.3443,三亚市,君悦子站,,28,27,21,13,10,87,NA,56,56,3,6,4,4,0.6,0.6
2026-09-21T1400,3541A,109.5726195,19.51688767,儋州市,第一中学子站,,29,28,23,16,10,90,NA,69,69,2,4,4,3,0.4,0.4
2026-09-21T1400,3542A,109.5567,19.5187,儋州市,东坡学校子站,,29,22,22,20,12,87,NA,65,65,2,4,5,4,0.5,0.5
2026-09-21T1400,3544A,121.4891,30.925,上海市,奉贤南桥新城,,47,32,41,26,22,148,NA,98,98,11,24,5,6,0.6,0.5
2026-09-21T1400,3545A,110.8053,32.8401,十堰市,郧阳区金沙路,,20,11,15,7,6,63,NA,54,54,7,6,8,7,0.8,0.8
2026-09-21T1400,3546A,111.4606,30.5519,宜昌市,猇亭区张家湾站,,22,22,47,9,27,46,NA,32,32,12,13,8,7,0.5,0.5
2026-09-21T1400,3547A,112.1631,31.0134,荆门市,龙泉中学南校,,25,9,30,2,25,79,NA,91,78,7,8,5,5,0.7,0.7
2026-09-21T1400,3549A,109.5061,30.3771,恩施土家族苗族自治州,龙凤新区,,10,7,25,3,11,29,NA,17,17,7,8,4,4,0.7,0.7
2026-09-21T1400,3550A,102.8,24.9787,昆明市,昆明学院,,29,17,28,1,12,90,NA,48,48,7,15,6,7,0.5,0.7
2026-09-21T1400,3551A,102.5969,24.6738,昆明市,晋宁区生态环境分局,,28,12,17,8,13,88,NA,60,60,5,8,5,5,0.3,0.4
2026-09-21T1400,3552A,102.6673,24.9861,昆明市,云天化总部,,30,8,20,1,10,94,NA,56,56,5,13,6,6,0.3,0.3
2026-09-21T1400,3557A,119.9463,30.0496,杭州市,镇二中,,50,39,31,28,27,158,NA,90,90,16,17,8,7,0.8,0.7
2026-09-21T1400,3558A,119.7184,30.2367,杭州市,市府大楼,臭氧1小时(O3_1h),57,40,23,30,22,165,NA,95,95,13,11,8,7,0.5,0.5
2026-09-21T1400,3560A,120.4715,30.0414,绍兴市,柯桥妇保,臭氧1小时(O3_1h),97,38,44,27,29,197,NA,123,123,8,18,9,8,0.7,0.7
2026-09-21T1400,3561A,120.6985,27.9252,温州市,茶山,,44,44,37,22,22,132,NA,82,82,14,16,/,/,/,/
2026-09-21T1400,3562A,120.4146,30.8538,湖州市,南浔区站,臭氧1小时(O3_1h),79,49,33,38,25,183,NA,124,124,13,15,10,10,0.7,0.7
2026-09-21T1400,3564A,121.25678,28.66823971,台州市,台州科技职业学院,,46,28,29,17,17,145,NA,118,118,4,10,9,9,0.6,0.7
2026-09-21T1400,3565A,113.1371,40.1122,大同市,云冈站,NA,NA,18,18,6,9,118,NA,62,62,7,15,NA,7,0.2,0.3
2026-09-21T1400,3566A,113.1186,40.2556,大同市,图书馆,,33,10,24,2,13,104,NA,55,55,5,14,8,8,0.4,0.6
2026-09-21T1400,3567A,113.5931,40.0459,大同市,区一中,,38,23,24,1,12,120,NA,62,62,6,16,9,10,0.6,0.7
2026-09-21T1400,3568A,113.0603,36.0464,长治市,向阳小学,细颗粒物(PM2.5),84,58,74,52,50,140,NA,66,66,5,16,8,8,0.9,1
2026-09-21T1400,3569A,112.8788,36.315,长治市,屯留一中,细颗粒物(PM2.5),121,NA,55,83,51,150,NA,56,56,11,19,14,12,1.4,1.1
2026-09-21T1400,3571A,112.2938,39.5296,朔州市,一水厂,,36,31,29,9,13,113,NA,65,65,12,26,6,3,0.5,0.6
2026-09-21T1400,3575A,118.0927,39.5807,唐山市,正泰大街热力站,,47,42,47,16,15,148,NA,82,82,7,16,1,3,0.8,0.6
2026-09-21T1400,3576A,118.1561,39.8322,唐山市,丰润区政府,,48,38,49,16,13,152,NA,85,85,4,22,7,6,0.7,0.6
2026-09-21T1400,3577A,118.436906,39.73802,唐山市,金山小学,,45,45,50,12,9,120,NA,92,92,14,19,2,4,0.6,0.5
2026-09-21T1400,3578A,118.2449,39.6693,唐山市,政府服务中心,NA,NA,NA,60,NA,17,NA,NA,118,NA,NA,30,NA,4,NA,0.5
2026-09-21T1400,3580A,114.1998,36.4439,邯郸市,峰峰矿区临水派出所,细颗粒物(PM2.5),102,69,63,62,57,124,NA,117,117,11,12,3,6,0.8,0.8
2026-09-21T1400,3581A,115.3136,38.9511,保定市,满城区生态环境分局,颗粒物(PM10),55,56,42,25,28,163,NA,90,90,4,12,2,1,0.7,0.5
2026-09-21T1400,3582A,115.4709,38.7628,保定市,清苑区第二中学,细颗粒物(PM2.5),68,58,78,44,42,160,NA,102,102,1,17,5,5,0.6,0.5
2026-09-21T1400,3583A,115.6231,39.0223,保定市,徐水物探局,颗粒物(PM10),59,62,41,33,26,156,NA,101,101,2,16,1,2,0.5,0.4
2026-09-21T1400,3590A,113.8362,34.566,郑州市,北区建设指挥部,细颗粒物(PM2.5),88,55,42,54,36,137,NA,73,73,16,24,6,5,0.5,0.4
2026-09-21T1400,3591A,113.3029,34.8041,郑州市,上街区政府,细颗粒物(PM2.5),86,53,51,53,43,135,NA,86,86,9,14,4,4,0.8,0.7
2026-09-21T1400,3592A,114.4518,34.7503,开封市,祥符区生态环境局,细颗粒物(PM2.5),104,NA,41,64,44,140,NA,86,86,6,9,5,4,0.8,0.8
2026-09-21T1400,3593A,112.5736,34.8993,洛阳市,吉利监测站,,39,32,44,27,33,98,NA,51,51,4,13,8,8,0.4,0.6
2026-09-21T1400,3594A,112.8736,33.9068,平顶山市,石龙区,细颗粒物(PM2.5),60,NA,24,40,30,118,NA,107,107,11,11,7,6,0.8,0.8
2026-09-21T1400,3596A,114.1573,35.9607,鹤壁市,南山宾馆,细颗粒物(PM2.5),84,69,81,52,58,122,NA,102,102,15,15,9,8,1.2,0.9
2026-09-21T1400,3598A,111.1031,34.719,三门峡市,富达温泉假日酒店,,33,NA,38,23,38,53,NA,56,54,27,21,8,8,0.8,0.8
2026-09-21T1400,3599A,106.2648,29.9853,重庆市,书院路,,14,NA,8,9,9,44,NA,30,30,7,9,8,7,0.9,0.9
2026-09-21T1400,3600A,106.2334,29.5583,重庆市,虎峰,,26,26,35,7,13,71,NA,45,45,7,11,7,14,0.6,0.7
2026-09-21T1400,3601A,106.0497,29.8345,重庆市,龙门街,,19,19,24,8,9,57,NA,38,38,9,9,8,7,0.8,0.7
2026-09-21T1400,3604A,119.3267,35.1043,日照市,岚山环保分局,,35,29,51,3,32,112,NA,106,101,18,21,19,21,1.1,1.7
2026-09-21T1400,3605A,109.1019,34.5302,西安市,无线电监控中心,,41,41,31,24,18,89,NA,49,49,10,18,5,5,0.8,0.8
2026-09-21T1400,3610A,105.5931,29.4105,重庆市,昌元,,21,NA,15,11,9,66,NA,37,37,17,14,9,9,0.6,0.6
2026-09-21T1400,3612A,85.1045,45.6895,克拉玛依市,白碱滩区新站,,43,43,47,18,13,93,NA,68,62,9,12,7,7,0.4,0.4
2026-09-21T1400,3613A,87.3069,44.0093,昌吉回族自治州,亚心广场,颗粒物(PM10),62,66,74,14,18,125,NA,68,67,10,33,15,12,0.2,0.4
2026-09-21T1400,3614A,79.9241,37.0878,和田地区,地区环保局,颗粒物(PM10),101,122,131,34,35,101,NA,80,80,2,7,3,3,0.3,0.4
2026-09-21T1400,3615A,79.9132,37.1137,和田地区,市环保局,颗粒物(PM10),98,116,125,32,39,100,NA,81,81,2,8,1,3,0.5,0.6
2026-09-21T1400,3616A,106.7617,31.8343,巴中市,市中心医院,,16,16,19,6,5,43,NA,20,20,5,8,9,9,0.8,0.8
2026-09-21T1400,3617A,105.8047,32.4167,广元市,经开区,,24,23,24,13,12,76,NA,46,46,5,20,5,5,0.5,0.5
2026-09-21T1400,3618A,112.4702,37.7821,太原市,金胜,颗粒物(PM10),60,63,50,39,32,127,NA,62,58,14,18,10,9,0.4,0.4
2026-09-21T1400,3619A,113.6169,37.8565,阳泉市,龙柱,,50,46,63,35,44,118,NA,63,63,8,22,7,12,0.8,1.8
2026-09-21T1400,3620A,112.8258,35.4804,晋城市,泽州一中,颗粒物(PM10),59,62,68,26,44,139,NA,64,64,6,16,6,5,1.1,1.3
2026-09-21T1400,3622A,113.5556,24.8082,韶关市,碧湖山庄,颗粒物(PM10),58,61,44,36,30,110,NA,68,68,8,10,6,6,0.7,0.7
2026-09-21T1400,3623A,113.8952,22.586,深圳市,西乡,"颗粒物(PM10),臭氧1小时(O3_1h)",57,59,44,34,26,165,NA,92,92,31,24,1,4,0.6,0.5
2026-09-21T1400,3624A,116.4069,23.2533,汕头市,潮南子站,,50,50,40,30,25,144,NA,99,99,9,10,7,8,/,/
2026-09-21T1400,3625A,113.2568,22.7629,佛山市,容桂街道办,臭氧1小时(O3_1h),93,44,38,37,32,194,NA,107,107,11,13,/,/,/,/
2026-09-21T1400,3628A,112.0335,22.9376,云浮市,文笔,,42,41,60,29,46,134,NA,65,65,4,19,7,12,0.5,0.6
2026-09-21T1400,3629A,101.8304,36.5785,西宁市,世纪职校,,42,32,29,29,26,97,NA,38,38,12,16,7,9,1.0,0.9
2026-09-21T1400,3633A,118.4914,31.681,马鞍山市,雨山,,45,NA,32,20,20,144,NA,70,70,7,18,6,5,1.0,1.1
2026-09-21T1400,3635A,112.3678,34.6623,洛阳市,河科大西苑校区,细颗粒物(PM2.5),56,38,35,38,34,117,NA,76,74,9,19,10,9,0.8,0.8
2026-09-21T1400,3636A,112.4387,34.678,洛阳市,英才小学,细颗粒物(PM2.5),76,NA,40,48,32,86,NA,72,58,19,17,7,7,0.7,0.7
2026-09-21T1400,3637A,131.0136,45.7688,七台河市,人民广场,,20,12,17,1,5,61,NA,37,37,3,9,6,6,0.4,0.5
2026-09-21T1400,3638A,104.7637,29.3373,自贡市,轻化工大学,,30,21,18,8,12,93,NA,47,47,6,10,12,10,0.6,0.7
2026-09-21T1400,3642A,120.3454,36.0735,青岛市,市北区南部,NA,NA,NA,46,NA,27,107,NA,89,80,14,17,10,8,0.4,0.6
2026-09-21T1400,3643A,120.3897,36.18,青岛市,李沧区北部,NA,NA,NA,55,NA,30,NA,NA,154,NA,NA,16,NA,5,NA,0.7
2026-09-21T1400,3644A,117.8662,36.8049,淄博市,三金集团,,40,15,67,1,40,126,NA,84,84,9,26,5,6,0.2,0.6
2026-09-21T1400,3645A,118.0259,36.8409,淄博市,东风化工厂,,38,29,74,0,39,121,NA,92,92,8,22,6,8,0.2,0.5
2026-09-21T1400,3646A,118.4979,37.4623,东营市,胜利站,,37,24,38,1,25,117,NA,87,87,3,9,4,3,0.2,0.4
2026-09-21T1400,3648A,106.2176,37.9832,吴忠市,文卫南街,,41,37,56,12,32,131,NA,58,58,7,27,7,3,0.3,0.5
2026-09-21T1400,3650A,105.1696,37.5164,中卫市,沙坡头区政府站,,37,25,60,14,39,118,NA,56,56,6,31,3,4,0.4,0.6
2026-09-21T1400,3654A,114.8093,30.4091,鄂州市,精准医疗中心,,48,36,41,33,30,88,NA,56,56,13,15,6,5,0.7,0.7
2026-09-21T1400,3655A,114.3379,29.8683,咸宁市,长江产业园,颗粒物(PM10),63,68,78,36,43,73,NA,42,42,12,16,6,5,0.7,1
2026-09-21T1400,3656A,120.1554,30.2863,杭州市,消防大队,臭氧1小时(O3_1h),78,38,30,26,23,182,NA,116,116,13,22,11,10,0.7,0.7
2026-09-21T1400,3658A,120.6156,30.0762,绍兴市,袍江中学,臭氧1小时(O3_1h),105,77,40,50,23,210,NA,140,140,14,18,14,10,0.7,0.6
2026-09-21T1400,3659A,119.656,29.1132,金华市,气象局,,48,41,44,19,24,152,NA,106,106,10,19,6,6,0.6,0.7
2026-09-21T1400,3662A,123.6341,47.2079,齐齐哈尔市,富区青少年活动中心,,16,12,16,2,4,49,NA,41,41,6,9,3,3,0.4,0.5
2026-09-21T1400,3663A,124.117,50.4279,大兴安岭地区,红旗社区,,20,9,6,5,8,64,NA,52,52,2,4,3,3,0.1,0.2
2026-09-21T1400,3664A,119.4171,34.734,连云港市,连云街道,,44,42,53,25,32,139,NA,117,117,14,23,12,12,0.7,0.8
2026-09-21T1400,3665A,76.1654,39.7157,克孜勒苏柯尔克孜自治州,克州文化中心,,39,39,52,23,19,107,NA,90,90,8,4,4,3,0.3,0.2
2026-09-21T1400,3667A,111.0279,35.0543,运城市,水利职院,NA,NA,54,52,35,39,76,NA,70,70,9,9,5,4,NA,1
2026-09-21T1400,3669A,114.4706,36.0634,安阳市,左辅环卫站,细颗粒物(PM2.5),104,100,83,64,52,113,NA,97,97,11,19,6,7,1.2,1.1
2026-09-21T1400,3670A,111.0522,35.0439,运城市,禹都公园,颗粒物(PM10),53,53,49,26,31,84,NA,69,67,7,8,5,4,1.1,1.2
2026-09-21T1400,3671A,116.0879,39.9725,北京市,门头沟三家店,,42,23,29,8,14,134,NA,79,79,10,22,2,3,0.4,0.5
2026-09-21T1400,3672A,116.1507,39.8246,北京市,丰台云岗,,47,34,42,18,20,149,NA,88,88,9,18,4,4,0.4,0.5
2026-09-21T1400,3674A,115.9578,39.7602,北京市,房山燕山,NA,NA,NA,NA,NA,NA,NA,NA,NA,NA,NA,NA,NA,NA,NA,NA
2026-09-21T1400,3675A,116.4669,39.7734,北京市,大兴旧宫,NA,NA,NA,NA,NA,NA,NA,NA,NA,NA,NA,NA,NA,NA,NA,NA
2026-09-21T1400,3677A,98.5887,24.4366,德宏傣族景颇族自治州,芒市人民政府综合楼,,26,26,35,14,9,79,NA,41,41,6,8,8,8,0.6,0.7
2026-09-21T1400,3678A,116.5907,35.4054,济宁市,市第七中学,细颗粒物(PM2.5),108,117,145,68,105,169,NA,114,114,13,23,4,6,0.8,0.8
2026-09-21T1400,3683A,109.8332,40.6577,包头市,昆区政府,,34,33,28,23,19,108,NA,64,64,31,32,32,13,1.3,0.6
2026-09-21T1400,3684A,130.8639,45.8144,七台河市,新建矿广场,,24,24,13,3,5,58,NA,36,36,5,6,4,3,0.1,0.3
2026-09-21T1400,3685A,117.897,28.4316,上饶市,双创科技城,,43,32,50,20,32,137,NA,106,106,4,15,4,9,0.6,0.7
2026-09-21T1400,3689A,113.9002,35.372,新乡市,行政服务中心,细颗粒物(PM2.5),88,75,80,54,50,133,NA,57,57,11,24,8,6,0.5,0.5
2026-09-21T1400,3690A,115.9718,28.7032,南昌市,外国语学校,颗粒物(PM10),53,53,54,34,45,112,NA,88,88,9,11,8,8,0.8,0.7
2026-09-21T1400,3692A,118.2043,39.6703,唐山市,消防缸窑路中队,颗粒物(PM10),55,56,69,20,19,161,NA,93,93,7,22,9,11,0.5,0.6
2026-09-21T1400,3693A,118.1432,39.6203,唐山市,路南电大,颗粒物(PM10),60,64,49,30,20,155,NA,93,93,5,14,1,3,0.6,0.5
2026-09-21T1400,3694A,115.9859,40.4562,北京市,延庆石河营,,32,14,21,5,11,100,NA,47,47,15,22,4,3,0.3,0.3
2026-09-21T1400,3695A,116.6151,40.3052,北京市,怀柔新城,,30,14,22,8,15,96,NA,65,65,7,9,2,2,0.3,0.4
2026-09-21T1400,3696A,116.2542,39.8764,北京市,丰台小屯,NA,NA,NA,51,NA,28,NA,NA,129,NA,NA,31,NA,3,NA,0.7
2026-09-21T1400,3697A,116.8399,40.3843,北京市,密云镇,,31,6,28,6,17,99,NA,64,64,7,21,6,6,0.2,0.4
2026-09-21T1400,3699A,111.6519,40.8389,呼和浩特市,海东办,,32,9,16,1,7,102,NA,63,63,12,37,13,9,0.4,0.4
2026-09-21T1400,3701A,116.9647,33.6252,宿州市,皖北煤电集团,细颗粒物(PM2.5),107,70,42,67,36,96,NA,80,79,16,16,8,7,0.7,0.6
2026-09-21T1400,3706A,122.2584,43.6333,通辽市,老干部活动中心,,27,13,25,8,7,86,NA,63,63,4,9,10,10,0.5,0.5
2026-09-21T1400,3707A,131.0069,45.2988,鸡西市,欧美日汽修厂,,17,12,15,4,6,53,NA,43,43,8,11,3,4,0.4,0.5
2026-09-21T1400,3708A,122.2923,43.6189,通辽市,东方明珠社区,,29,21,26,3,8,92,NA,63,63,7,14,10,11,0.2,0.3
2026-09-21T1400,3710A,121.5593,29.8976,宁波市,白沙活动中心,,42,25,19,17,14,134,NA,108,108,7,11,10,10,0.3,0.3
2026-09-21T1400,3713A,124.3286,43.1726,四平市,世纪城,,28,23,20,4,8,87,NA,60,60,7,14,8,4,0.4,0.3
2026-09-21T1400,3715A,117.3091,32.9314,蚌埠市,蚌埠田家炳中学,细颗粒物(PM2.5),72,64,43,46,30,117,NA,107,107,14,18,7,7,0.7,0.6
2026-09-21T1400,3719A,97.1707,31.1428,昌都市,昌都会议中心,,29,7,14,2,6,92,NA,56,56,4,11,3,3,0.2,0.3
2026-09-21T1400,3726A,88.8775,29.2425,日喀则市,林业技术推广中心,,31,4,9,0,2,99,NA,84,84,2,2,3,4,0.2,0.2
2026-09-21T1400,3728A,104.6701,28.8053,宜宾市,白酒学院,,25,15,25,10,16,77,NA,41,41,8,12,6,6,0.6,0.7
2026-09-21T1400,3734A,118.5753,37.4405,东营市,理想之城,NA,NA,NA,44,NA,23,NA,NA,164,NA,NA,10,NA,5,NA,0.8
2026-09-21T1400,3860A,118.3915,35.0297,临沂市,皇山花园小区,,44,44,82,14,58,119,NA,108,108,10,23,12,12,0.5,0.9
2026-09-21T1400,3861A,119.2046,36.7696,潍坊市,寒亭区实验一小,NA,NA,NA,53,0,25,108,NA,84,84,6,16,4,3,0.1,0.3
2026-09-21T1400,3866A,122.2469,40.663,营口市,三高中,颗粒物(PM10),68,75,52,2,10,88,NA,55,55,9,14,10,12,0.7,0.8
2026-09-21T1400,3867A,102.074,36.5056,海东市,平安区公安局北苑,,31,23,32,21,22,97,NA,57,57,8,16,9,7,0.8,0.8
2026-09-21T1400,3981A,113.2456,35.18,焦作市,原李万街道办,细颗粒物(PM2.5),70,52,63,45,42,119,NA,60,60,10,19,9,8,0.4,0.5
2026-09-21T1400,3994A,102.2174,31.9016,阿坝藏族羌族自治州,马尔康中学西区,,18,6,13,5,7,56,NA,32,32,2,3,4,4,0.5,0.5
2026-09-21T1400,4002A,109.2312,23.7428,来宾市,中南小学,臭氧1小时(O3_1h),58,59,61,29,46,166,NA,91,91,8,21,8,9,0.7,0.7
2026-09-21T1400,4004A,115.4199,38.8665,保定市,双鹰农机,臭氧1小时(O3_1h),60,58,49,29,36,168,NA,98,98,6,10,1,2,0.6,0.4
2026-09-21T1400,4006A,122.3622,40.6762,营口市,老边实验小学,,31,22,28,3,12,97,NA,58,58,9,19,8,9,0.3,0.6
2026-09-21T1400,4008A,112.5233,32.9921,南阳市,卧龙区政府,,40,40,29,27,19,127,NA,108,108,7,9,6,6,0.9,0.9
2026-09-21T1400,4010A,112.5608,37.8807,太原市,育英中学,,48,48,52,30,36,122,NA,70,70,12,23,5,6,0.6,0.7
2026-09-21T1400,4011A,103.8505,30.6946,成都市,光华大道三段,,29,10,22,7,14,90,NA,45,45,5,13,3,3,0.7,0.8
2026-09-21T1400,4017A,116.7926,33.9534,淮北市,市博物馆,细颗粒物(PM2.5),96,78,54,58,43,125,NA,96,93,17,17,6,5,0.8,0.6
2026-09-21T1400,4018A,116.0564,36.4609,聊城市,星美广场,颗粒物(PM10),62,66,127,32,87,139,NA,86,81,4,20,11,8,0.6,0.7
2026-09-21T1400,4022A,102.1648,38.5369,金昌市,金川区人防中心,,40,31,30,7,15,127,NA,77,77,6,14,13,13,0.2,0.3
2026-09-21T1400,4024A,114.6491,37.9014,石家庄市,栾城区星河路,细颗粒物(PM2.5),90,76,64,55,45,157,NA,83,83,6,9,6,4,0.6,0.5
2026-09-21T1400,4027A,75.9485,39.4688,喀什地区,老干局,颗粒物(PM10),53,54,64,0,18,100,NA,64,55,7,11,7,5,0.2,0.2
2026-09-21T1400,4028A,117.9955,37.3752,滨州市,滨州市西街道办事处,,43,29,47,3,24,135,NA,95,95,9,14,8,6,0.3,0.6
2026-09-21T1400,4033A,122.3124,29.9619,舟山市,普陀东港中学,,41,26,21,16,12,131,NA,116,116,4,4,7,7,0.6,0.5
2026-09-21T1400,4034A,115.515,38.8589,保定市,植保所站,细颗粒物(PM2.5),70,55,42,45,41,136,NA,72,72,7,16,1,2,0.7,0.4
2026-09-21T1400,4036A,116.646,23.676,潮州市,金山,颗粒物(PM10),51,51,40,27,30,156,NA,86,86,2,6,4,4,0.7,0.7
2026-09-21T1400,4051A,86.0791,44.3018,石河子市,世纪广场,颗粒物(PM10),79,90,76,42,28,140,NA,72,72,23,41,11,6,0.9,0.9
2026-09-21T1400,4054A,109.0324,32.6913,安康市,市邮政管理局,,26,23,13,18,9,51,NA,32,32,12,13,2,3,1.2,1
2026-09-21T1400,4055A,108.8869,34.2662,西安市,行知小学,颗粒物(PM10),55,57,31,31,17,86,NA,42,42,19,21,3,3,0.7,0.7
2026-09-21T1400,4056A,108.6601,34.3767,咸阳市,五陵塬路2号,,49,49,40,29,22,103,NA,39,39,15,21,5,5,0.6,0.5
2026-09-21T1400,4057A,115.9423,40.4431,北京市,延庆百泉,,30,11,18,4,8,95,NA,42,42,12,24,3,1,0.4,0.4
2026-09-21T1400,4058A,116.6598,39.9164,北京市,通州新华,,37,16,57,7,29,118,NA,64,64,15,24,2,2,0.6,0.7
2026-09-21T1400,4059A,114.4563,38.0365,石家庄市,裕华西路63号,细颗粒物(PM2.5),60,60,51,40,36,145,NA,76,76,7,8,5,3,0.5,0.5
2026-09-21T1400,4060A,114.5586,38.0581,石家庄市,和平路363号,细颗粒物(PM2.5),62,61,46,41,37,159,NA,83,83,10,11,1,3,0.5,0.4
2026-09-21T1400,4061A,114.8347,38.0213,石家庄市,廉州西路160号,细颗粒物(PM2.5),90,82,66,55,44,154,NA,73,73,9,17,2,2,0.8,0.7
2026-09-21T1400,4062A,114.4498,38.0729,石家庄市,北城路41号,,43,38,52,30,30,130,NA,71,71,10,13,5,5,0.5,0.6
2026-09-21T1400,4063A,115.2124,37.9433,辛集市,市政府,细颗粒物(PM2.5),80,79,86,50,51,155,NA,92,92,14,19,2,2,0.5,0.5
2026-09-21T1400,4064A,115.2008,37.9338,辛集市,城管大队,细颗粒物(PM2.5),109,87,72,69,57,148,NA,93,93,7,12,3,3,0.7,0.6
2026-09-21T1400,4065A,118.1267,39.6579,唐山市,光明北路515号,,43,42,31,30,15,127,NA,89,89,11,18,4,6,0.4,0.4
2026-09-21T1400,4066A,119.7458,39.9952,秦皇岛市,南园路157号,,40,20,27,6,7,127,NA,75,75,3,35,10,8,0.3,0.3
2026-09-21T1400,4067A,119.5131,39.8858,秦皇岛市,翠岛大街1号,,43,28,25,13,8,136,NA,79,79,9,21,16,8,0.5,0.3
2026-09-21T1400,4068A,114.5209,36.7697,邯郸市,建安街268号,颗粒物(PM10),55,57,68,36,44,109,NA,107,95,17,20,2,4,0.5,0.7
2026-09-21T1400,4069A,114.5488,36.6177,邯郸市,丛台东路558号,细颗粒物(PM2.5),88,65,76,54,64,144,NA,98,98,9,28,1,5,0.5,0.8
2026-09-21T1400,4070A,114.5558,37.0578,邢台市,襄都区政府南院,细颗粒物(PM2.5),88,56,83,54,65,104,NA,101,82,5,14,1,5,0.7,0.9
2026-09-21T1400,4071A,114.9883,38.5232,定州市,交通局,颗粒物(PM10),90,105,78,45,41,171,NA,100,100,10,18,3,3,0.8,0.7
2026-09-21T1400,4072A,115.0045,38.5136,定州市,第五中学,细颗粒物(PM2.5),86,80,73,53,43,161,NA,100,100,8,17,2,3,0.7,0.5
2026-09-21T1400,4073A,117.9462,40.95,承德市,杏林街1号,,33,21,27,6,18,103,NA,45,45,4,13,7,5,0.2,0.3
2026-09-21T1400,4074A,112.449,37.8509,太原市,西矿街336号,细颗粒物(PM2.5),64,52,52,42,33,117,NA,62,62,21,20,10,10,1.0,1
2026-09-21T1400,4075A,112.4792,37.9393,太原市,迎宾北路9号,颗粒物(PM10),60,64,49,33,32,125,NA,63,63,17,19,15,9,0.9,0.5
2026-09-21T1400,4076A,112.551,37.8575,太原市,迎泽大街248号,颗粒物(PM10),52,52,67,31,35,114,NA,61,61,18,23,7,8,0.7,0.8
2026-09-21T1400,4077A,113.588,37.8712,阳泉市,宁波路,,42,38,47,29,42,132,NA,75,75,9,18,7,8,0.8,1.3
2026-09-21T1400,4078A,112.8246,35.5152,晋城市,前书院路,,47,47,62,22,39,133,NA,54,54,8,19,7,6,0.9,1
2026-09-21T1400,4079A,112.8864,35.4773,晋城市,祥云街666号,,40,40,56,23,54,122,NA,54,54,8,21,6,5,0.7,0.9
2026-09-21T1400,4080A,112.7375,37.7215,晋中市,广安街188号,细颗粒物(PM2.5),82,68,60,51,51,104,NA,76,68,10,19,9,10,0.5,0.4
2026-09-21T1400,4081A,111.0081,35.0748,运城市,学苑北路2555号,细颗粒物(PM2.5),74,63,56,47,40,78,NA,61,61,11,8,4,4,1.1,1
2026-09-21T1400,4082A,121.2548,38.8188,大连市,旅顺,,36,29,28,6,10,114,NA,79,79,10,10,8,7,0.6,0.5
2026-09-21T1400,4083A,123.153,41.2874,辽阳市,铁西路150号,,31,16,42,4,18,98,NA,51,51,7,30,9,14,0.7,0.8
2026-09-21T1400,4084A,123.835,42.2853,铁岭市,新华街20号,,28,11,16,0,3,89,NA,51,51,9,19,11,11,0.4,0.4
2026-09-21T1400,4085A,125.0998,42.9134,辽源市,安宁大街333号,,27,14,19,0,7,85,NA,43,43,1,8,5,4,0.3,0.4
2026-09-21T1400,4086A,118.7641,32.0841,南京市,新模范马路66号,细颗粒物(PM2.5),60,61,40,40,20,106,NA,63,63,22,28,4,4,0.5,0.4
2026-09-21T1400,4087A,120.3138,31.4927,无锡市,清舒道1号,颗粒物(PM10),53,53,37,31,20,158,NA,84,84,12,31,7,5,0.9,0.8
2026-09-21T1400,4088A,117.1553,34.2567,徐州市,纺织东路16号,细颗粒物(PM2.5),108,NA,53,68,58,138,NA,100,89,16,16,12,7,0.9,0.9
2026-09-21T1400,4089A,119.9551,31.863,常州市,崇义南街5-H号,颗粒物(PM10),54,55,49,31,28,131,NA,77,77,12,38,10,10,0.5,0.5
2026-09-21T1400,4090A,120.4282,31.3228,苏州市,学森路9号,臭氧1小时(O3_1h),60,62,38,34,19,168,NA,88,88,17,31,11,9,0.8,0.7
2026-09-21T1400,4091A,120.8692,31.9885,南通市,洪江路,,35,23,19,20,12,112,NA,103,103,5,8,4,4,0.9,0.8
2026-09-21T1400,4092A,119.119691,33.550006,淮安市,枚皋中路89号,细颗粒物(PM2.5),76,60,47,48,37,116,NA,82,82,15,16,8,7,1.2,1
2026-09-21T1400,4093A,119.5202,32.3705,扬州市,廖家沟步道,细颗粒物(PM2.5),68,52,36,44,28,104,NA,69,69,12,23,8,8,0.8,0.7
2026-09-21T1400,4094A,118.352,33.7886,宿迁市,春华路,细颗粒物(PM2.5),66,64,68,43,50,134,NA,96,96,11,17,7,6,0.8,0.6
2026-09-21T1400,4095A,121.8962,29.7529,宁波市,中科路88号,,49,30,25,15,12,154,NA,130,130,5,11,8,9,0.8,0.8
2026-09-21T1400,4096A,120.6935,28.0114,温州市,鹿城惠民路,,49,49,41,24,20,156,NA,97,97,11,12,/,/,0.4,0.4
2026-09-21T1400,4097A,118.9646,28.9832,衢州市,衢州三中,,50,29,46,19,32,159,NA,107,107,10,19,5,5,0.5,0.6
2026-09-21T1400,4098A,117.2518,31.8404,合肥市,中国科学技术大学,,36,36,36,16,22,68,NA,58,58,14,17,7,7,0.4,0.5
2026-09-21T1400,4099A,118.5726,31.1371,芜湖市,湾沚区人民法院,,43,39,46,17,36,135,NA,64,64,7,18,7,7,0.7,0.9
2026-09-21T1400,4100A,116.8322,33.9884,淮北市,杜集区第一实验学校,细颗粒物(PM2.5),131,117,71,94,60,135,NA,83,83,16,16,6,6,0.9,0.8
2026-09-21T1400,4101A,118.3196,32.3335,滁州市,银山路666号,细颗粒物(PM2.5),98,79,42,59,28,100,NA,54,54,14,20,9,5,0.7,0.5
2026-09-21T1400,4102A,118.3426,32.2979,滁州市,黄山路555号,细颗粒物(PM2.5),98,84,50,59,29,107,NA,69,69,13,20,10,8,0.7,0.5
2026-09-21T1400,4103A,116.9929,33.6412,宿州市,中兴路,细颗粒物(PM2.5),107,87,55,67,39,99,NA,80,80,16,16,11,11,1.1,0.9
2026-09-21T1400,4104A,119.3106,26.0648,福州市,路通桥巷6号,,37,20,29,14,22,116,NA,92,92,4,6,/,/,/,/
2026-09-21T1400,4105A,118.6355,24.9148,泉州市,霞新路6号,,46,37,32,17,22,147,NA,112,112,7,9,/,/,0.5,0.5
2026-09-21T1400,4106A,115.7923,28.6873,南昌市,工业二路,,50,50,50,33,37,121,NA,101,101,8,8,7,7,0.8,0.8
2026-09-21T1400,4107A,113.8686,27.6668,萍乡市,联洪村委会,细颗粒物(PM2.5),68,56,78,44,56,135,NA,78,78,5,17,12,17,0.6,0.7
2026-09-21T1400,4108A,117.7107,36.2385,济南市,山财大街5号,,37,22,68,3,46,118,NA,103,103,7,19,4,3,0.5,0.8
2026-09-21T1400,4109A,116.9744,36.6889,济南市,无影山路12号,,47,36,90,14,64,148,NA,96,96,12,28,8,7,0.6,0.9
2026-09-21T1400,4110A,120.5222,36.4089,青岛市,盟旺路653号,,36,21,47,0,30,114,NA,79,79,11,16,7,7,0.6,0.8
2026-09-21T1400,4111A,116.6075,35.4566,济宁市,任和路,细颗粒物(PM2.5),120,NA,166,82,116,177,NA,104,104,12,21,4,4,0.8,0.9
2026-09-21T1400,4112A,116.5648,35.3921,济宁市,文体南路1号,细颗粒物(PM2.5),76,58,162,48,118,170,NA,116,116,9,21,3,5,0.9,1
2026-09-21T1400,4113A,116.0091,36.4495,聊城市,利民路,颗粒物(PM10),62,66,123,27,78,139,NA,88,84,7,21,12,12,0.8,0.9
2026-09-21T1400,4114A,115.4239,35.2593,菏泽市,黄河路600号,细颗粒物(PM2.5),150,115,78,115,71,92,NA,49,49,16,20,5,5,0.8,0.5
2026-09-21T1400,4115A,115.5025,35.2727,菏泽市,菏泽市人社局,细颗粒物(PM2.5),132,108,74,95,58,102,NA,70,68,14,14,5,5,0.6,0.3
2026-09-21T1400,4116A,113.284,33.7139,平顶山市,姚电大道23号,细颗粒物(PM2.5),66,53,30,43,31,111,NA,113,113,13,11,9,9,0.7,0.6
2026-09-21T1400,4117A,114.2918,36.0769,安阳市,钢三路198号,细颗粒物(PM2.5),76,72,75,48,62,113,NA,59,59,8,15,7,7,1.0,1.1
2026-09-21T1400,4118A,115.0552,35.7816,濮阳市,中原东路68号,颗粒物(PM10),103,127,96,47,42,84,NA,75,75,15,14,6,6,0.9,0.8
2026-09-21T1400,4119A,115.6701,34.3767,商丘市,北海东路185号,细颗粒物(PM2.5),101,93,71,61,46,103,NA,90,84,12,11,7,5,NA,0.5
2026-09-21T1400,4120A,115.6172,34.3704,商丘市,中山大街3号,细颗粒物(PM2.5),107,115,80,67,43,104,NA,92,86,13,13,7,5,0.9,0.8
2026-09-21T1400,4121A,114.8466,33.7333,周口市,羲皇大道,细颗粒物(PM2.5),88,96,48,54,35,112,NA,98,98,10,10,4,4,0.9,0.8
2026-09-21T1400,4122A,112.6071,35.1015,济源市,市委党校,,49,49,56,28,40,105,NA,58,58,8,16,4,5,0.6,0.8
2026-09-21T1400,4123A,112.596,35.0702,济源市,沁园中路1号,,35,30,52,22,40,112,NA,60,60,11,22,3,3,1.0,1.2
2026-09-21T1400,4124A,112.2213,31.0654,荆门市,新台西路6号,,23,8,41,8,32,71,NA,65,60,6,7,8,9,0.6,0.7
2026-09-21T1400,4125A,113.946,30.8999,孝感市,天仙南路1号,,40,40,53,25,32,55,NA,53,50,4,4,6,6,0.7,0.7
2026-09-21T1400,4127A,111.9812,27.7591,娄底市,涟钢职大,细颗粒物(PM2.5),72,NA,48,46,37,106,NA,80,80,8,10,4,3,1.2,1
2026-09-21T1400,4128A,112.0303,27.7457,娄底市,娄底体校,颗粒物(PM10),51,51,56,32,40,92,NA,76,76,6,8,2,2,0.6,0.7
2026-09-21T1400,4129A,113.8666,23.1062,东莞市,裕兴路,臭氧1小时(O3_1h),77,51,49,28,29,181,NA,128,128,12,20,5,6,0.8,0.8
2026-09-21T1400,4130A,114.0076,22.9739,东莞市,教育路1号,臭氧1小时(O3_1h),114,56,59,38,34,228,NA,131,131,21,26,11,11,0.9,0.8
2026-09-21T1400,4131A,113.7981,22.8124,东莞市,长怡路1号,臭氧1小时(O3_1h),120,68,47,45,27,239,NA,133,133,18,22,6,7,0.6,0.5
2026-09-21T1400,4132A,108.2927,23.1477,南宁市,起凤路9号,臭氧1小时(O3_1h),53,36,58,26,43,162,NA,79,79,10,24,4,5,0.7,0.7
2026-09-21T1400,4133A,106.6273,23.8798,百色市,龙景西路,,49,49,52,22,36,127,NA,62,62,6,16,10,10,0.5,0.6
2026-09-21T1400,4134A,110.1952,20.0451,海口市,长滨二路9号,,39,25,25,17,15,124,NA,97,97,4,7,/,/,/,/
2026-09-21T1400,4135A,109.1714,18.3739,三亚市,城东小学站,,23,21,22,5,9,72,NA,49,49,4,6,/,/,/,/
2026-09-21T1400,4136A,108.6971,30.9377,重庆市,云师幼儿园,,16,5,10,3,6,51,NA,34,34,4,11,5,5,0.6,0.6
2026-09-21T1400,4137A,107.3276,30.3284,重庆市,公安局,,10,10,13,5,7,25,NA,18,18,7,10,9,9,0.6,0.5
2026-09-21T1400,4138A,108.0575,30.3254,重庆市,忠县中学,,24,24,30,10,17,25,NA,20,20,20,22,5,6,0.8,0.8
2026-09-21T1400,4139A,109.4542,31.0182,重庆市,竹枝路2号,,11,8,14,3,7,33,NA,31,30,16,16,6,6,0.6,0.5
2026-09-21T1400,4140A,107.7422,29.871,重庆市,龙河路,,25,25,41,15,25,30,NA,22,22,15,20,9,9,0.8,1
2026-09-21T1400,4141A,108.7636,28.84,重庆市,桃花源中路,,45,33,33,31,17,56,NA,31,31,8,10,6,7,0.6,0.6
2026-09-21T1400,4142A,108.9758,28.4416,重庆市,秀山县高级中学,,36,28,21,25,22,56,NA,31,31,8,9,8,8,0.6,0.6
2026-09-21T1400,4143A,108.1558,29.2859,重庆市,河堡街,,20,15,20,14,17,20,NA,8,8,13,13,7,7,1.0,1
2026-09-21T1400,4144A,104.3257,30.6406,成都市,八角井街185号,,36,16,26,14,9,113,NA,53,53,6,12,7,7,0.7,0.7
2026-09-21T1400,4145A,104.4144,31.1495,德阳市,市林业局,,40,40,34,14,10,119,NA,66,66,11,20,14,13,0.8,0.9
2026-09-21T1400,4146A,104.7092,31.4972,绵阳市,科技城新区公安局,,39,23,26,8,11,122,NA,68,68,13,22,10,10,0.5,0.6
2026-09-21T1400,4147A,105.0433,29.6105,内江市,玉峰路西段888号,,25,NA,13,17,7,77,NA,43,43,9,11,7,5,0.4,0.4
2026-09-21T1400,4148A,103.8836,30.0695,眉山市,眉职院,,31,22,25,5,6,99,NA,46,46,9,17,14,8,0.9,1
2026-09-21T1400,4149A,104.6146,28.7422,宜宾市,宜宾市职业技术学校,,26,14,24,10,19,81,NA,46,46,8,12,7,6,0.8,0.8
2026-09-21T1400,4150A,104.6646,30.1116,资阳市,正兴街66号,,30,20,20,15,12,95,NA,44,44,6,10,2,2,0.2,0.2
2026-09-21T1400,4151A,104.8899,26.5685,六盘水市,钟山大道中段564号,,32,32,32,14,17,87,NA,54,54,5,9,5,4,0.4,0.4
2026-09-21T1400,4152A,107.0425,27.7087,遵义市,乌江大道东段1号,,30,26,35,21,27,60,NA,48,48,9,10,10,9,0.8,0.7
2026-09-21T1400,4153A,101.5536,25.0343,楚雄彝族自治州,团结路562号,,16,11,12,1,6,51,NA,31,31,2,6,4,3,0.2,0.3
2026-09-21T1400,4154A,103.401,23.3561,红河哈尼族彝族自治州,蒙自市朝阳路,,23,11,14,9,13,73,NA,60,60,2,3,4,4,0.2,0.2
2026-09-21T1400,4155A,107.1721,34.3558,宝鸡市,滨河北路,,37,24,29,16,14,116,NA,44,44,8,12,4,4,0.7,0.7
2026-09-21T1400,4156A,108.6372,34.3031,咸阳市,胭脂路9号,,38,34,36,26,20,103,NA,32,32,10,23,3,2,0.7,0.7
2026-09-21T1400,4157A,108.0371,34.3035,咸阳市,杨扶路,,39,33,28,27,23,102,NA,35,35,11,15,5,3,0.6,0.5
2026-09-21T1400,4158A,108.0895,34.2623,咸阳市,新桥路,,42,42,34,27,23,95,NA,35,35,4,12,6,5,0.3,0.3
2026-09-21T1400,4159A,110.4531,35.4578,渭南市,桢州大街,细颗粒物(PM2.5),131,NA,46,94,59,130,NA,58,58,4,11,15,10,1.4,1
2026-09-21T1400,4160A,110.4368,35.4773,渭南市,太史大街,细颗粒物(PM2.5),98,67,49,59,39,110,NA,45,45,7,12,14,9,1.3,1
2026-09-21T1400,4161A,109.485,36.6347,延安市,志丹路,,39,26,34,15,20,122,NA,68,68,9,17,7,4,0.7,0.7
2026-09-21T1400,4162A,101.6769,36.6535,西宁市,海晏路105号,,32,NA,27,22,22,99,NA,46,46,9,16,8,5,0.6,0.6
2026-09-21T1400,4163A,102.0984,36.5119,海东市,滨河路,,35,NA,27,18,22,111,NA,50,50,9,33,9,13,0.3,0.4
2026-09-21T1400,4164A,87.2057,43.9289,昌吉回族自治州,财政所,颗粒物(PM10),70,77,76,19,22,125,NA,80,80,9,12,11,9,0.3,0.2
2026-09-21T1400,4165A,82.9716,46.7464,塔城地区,文化广场,颗粒物(PM10),63,68,59,10,12,73,NA,48,48,8,12,4,4,0.4,0.4
2026-09-21T1400,4166A,88.1198,47.7931,阿勒泰地区,阿勒泰路33号,颗粒物(PM10),54,55,42,3,5,92,NA,78,72,7,15,3,3,0.4,0.4
2026-09-21T1400,4167A,86.0126,44.2349,石河子市,城南景苑小区,,49,49,65,18,15,141,NA,90,90,16,17,12,9,0.4,0.4
2026-09-21T1400,4168A,87.055284,43.999117,五家渠市,建设西街760号,颗粒物(PM10),67,73,102,17,23,140,NA,78,78,9,14,9,6,0.4,0.5
2026-09-21T1400,4180A,113.8157285,34.126705,许昌市,新元大道996号,细颗粒物(PM2.5),101,NA,36,61,40,130,NA,96,96,11,16,7,5,0.6,0.6
2026-09-21T1400,4181A,112.3571,28.5588,益阳市,龙洲站,细颗粒物(PM2.5),109,109,74,69,47,61,NA,58,58,11,12,8,8,1.0,0.9
2026-09-21T1400,4182A,116.1942,39.9158,北京市,石景山八角,,42,22,46,7,19,132,NA,80,80,12,35,2,2,0.4,0.6
2026-09-21T1400,4183A,121.417401,31.16637,上海市,冠生园路458号,,45,41,27,27,19,143,NA,108,108,10,15,8,8,0.8,0.5
2026-09-21T1400,4184A,115.479691,35.244011,菏泽市,永昌路1号,细颗粒物(PM2.5),131,105,74,94,56,97,NA,85,72,16,15,4,4,0.9,0.7
2026-09-21T1400,4185A,115.078022,30.21118,黄石市,磁湖东路29号,颗粒物(PM10),59,62,81,32,39,82,NA,66,48,5,11,6,8,0.7,1
2026-09-21T1400,4186A,117.194237,34.229354,徐州市,解放南路202号,细颗粒物(PM2.5),96,86,65,58,53,134,NA,90,86,18,19,11,8,0.9,0.9
2026-09-21T1400,4187A,112.3425,28.611,益阳市,幸福渠东路223号,细颗粒物(PM2.5),103,89,76,63,54,56,NA,51,51,12,17,8,9,0.8,0.7
2026-09-21T1400,4188A,112.3712,28.5764,益阳市,益鑫泰路85号,细颗粒物(PM2.5),112,95,73,73,54,57,NA,56,56,11,13,10,11,1.0,0.9
2026-09-21T1400,4189A,113.113092,36.199482,长治市,英华南巷50号,细颗粒物(PM2.5),107,75,69,67,67,131,NA,58,58,13,21,11,11,1.5,1.4
2026-09-21T1400,4190A,113.23666,36.33435,长治市,学府街1号,细颗粒物(PM2.5),108,NA,70,68,58,138,NA,68,68,4,10,8,9,1.5,1.2
2026-09-21T1400,4191A,118.527362,31.722269,马鞍山市,慈湖高新区,,42,32,37,18,22,132,NA,68,68,7,19,7,6,0.6,0.7
2026-09-21T1400,4192A,115.931587,28.686774,南昌市,南京东路235号,,50,37,39,35,44,118,NA,97,97,9,10,5,5,0.2,0.6
2026-09-21T1400,4193A,115.471542,35.280012,菏泽市,长城路999号,细颗粒物(PM2.5),135,NA,67,98,61,98,NA,57,57,16,18,7,7,1.1,0.8
2026-09-21T1400,4194A,117.078628,40.151726,北京市,平谷新城,,32,12,29,7,18,101,NA,66,66,5,8,3,2,0.4,0.5
2026-09-21T1400,4196A,117.24369,39.102911,天津市,光华路,臭氧1小时(O3_1h),59,50,51,24,26,167,NA,88,88,7,15,8,9,0.5,0.6
2026-09-21T1400,4197A,118.130859,39.636026,唐山市,友谊北路34号,颗粒物(PM10),60,64,50,34,24,105,NA,79,79,14,19,5,7,0.6,0.5
2026-09-21T1400,4198A,119.509013,39.825305,秦皇岛市,北戴河轮滑馆,,46,40,30,11,7,147,NA,80,80,4,24,19,8,0.7,0.4
2026-09-21T1400,4199A,113.2798248,40.09972476,大同市,魏都大道141号,,36,18,38,3,13,115,NA,54,54,11,30,10,9,0.4,0.6
2026-09-21T1400,4200A,112.7478,37.6954,晋中市,迎宾街26号,细颗粒物(PM2.5),94,61,55,57,45,93,NA,83,63,10,12,10,11,0.6,0.5
2026-09-21T1400,4201A,122.944647,41.082639,鞍山市,兴盛南路290号,,29,23,47,8,21,90,NA,51,51,20,32,16,19,1.2,1.6
2026-09-21T1400,4202A,113.9856,32.9802,驻马店市,交通路1233号,,46,33,44,32,32,118,NA,109,109,10,12,3,4,0.4,0.4
2026-09-21T1400,4203A,111.3168,30.7203,宜昌市,西陵二路116号,,24,24,27,7,18,39,NA,38,28,23,14,8,7,0.6,0.7
2026-09-21T1400,4204A,111.3526,30.6374,宜昌市,沈家店路6号,,20,NA,37,14,22,48,NA,39,31,7,13,7,7,0.5,0.6
2026-09-21T1400,4205A,121.541914,31.268301,上海市,宁武路151号,,41,41,32,21,18,110,NA,108,108,21,21,8,9,0.4,0.4
2026-09-21T1400,4206A,119.028838,33.631911,淮安市,承德北路606号,细颗粒物(PM2.5),74,68,55,47,38,113,NA,75,75,8,15,8,10,1.0,0.9
2026-09-21T1400,4207A,120.12211,33.393982,盐城市,黄海中路88号,,39,39,39,15,22,118,NA,86,86,2,6,10,10,0.7,0.7
2026-09-21T1400,4209A,117.003137,32.644456,淮南市,国庆中路369号,细颗粒物(PM2.5),80,54,43,50,32,102,NA,77,77,10,14,10,10,0.2,0.2
2026-09-21T1400,4210A,118.335445,29.720283,黄山市,滨江东路7-2号,,37,37,40,15,25,112,NA,76,76,4,6,/,/,/,/
2026-09-21T1400,4211A,118.190438,28.444845,上饶市,裕丰大道,,36,23,49,15,33,114,NA,91,91,4,13,11,13,0.7,0.9
2026-09-21T1400,4212A,118.3039243,36.82708161,淄博市,广场路1号,NA,NA,14,46,2,40,118,NA,85,85,6,21,6,5,NA,0.2
2026-09-21T1400,4213A,121.364239,37.529648,烟台市,青年南路118号,,35,9,21,0,11,111,NA,82,82,9,13,9,8,0.7,0.6
2026-09-21T1400,4214A,112.460027,34.694929,洛阳市,春都路1号院,细颗粒物(PM2.5),62,NA,32,41,32,79,NA,65,56,17,16,8,8,0.7,0.7
2026-09-21T1400,4215A,113.916569,35.331547,新乡市,建设东路46号,细颗粒物(PM2.5),76,80,84,48,50,131,NA,68,68,9,19,12,10,0.9,1
2026-09-21T1400,4216A,115.0923632,35.76857718,濮阳市,任丘路479号,细颗粒物(PM2.5),105,122,91,65,52,85,NA,69,69,20,18,4,4,0.8,0.8
2026-09-21T1400,4217A,114.3182,29.8447,咸宁市,双鹤路18号,颗粒物(PM10),61,65,68,36,43,73,NA,44,44,12,13,4,4,0.6,0.7
2026-09-21T1400,4218A,111.446,27.2472,邵阳市,北塔二期4-26地块,细颗粒物(PM2.5),72,50,55,46,43,107,NA,60,60,6,11,5,5,0.7,0.8
2026-09-21T1400,4219A,111.4739,27.2282,邵阳市,邵水西路287号,,50,50,57,35,50,118,NA,69,69,4,9,8,10,0.6,0.6
2026-09-21T1400,4220A,114.214113,22.713717,深圳市,黄阁路,臭氧1小时(O3_1h),85,61,46,37,27,188,NA,111,111,19,26,6,6,0.9,0.9
2026-09-21T1400,4221A,108.2177,22.7774,南宁市,乐贤路16号,,40,28,50,17,35,128,NA,74,74,5,29,6,8,0.6,0.8
2026-09-21T1400,4222A,110.1835,25.2444,桂林市,环湖路276号,细颗粒物(PM2.5),58,NA,33,39,30,134,NA,91,91,8,10,3,4,0.8,0.7
2026-09-21T1400,4223A,106.4686218,29.48920871,重庆市,双山路147号,,22,22,24,4,11,53,NA,32,32,15,23,7,6,0.6,0.7
2026-09-21T1400,4224A,104.2433276,30.53529463,成都市,鲸龙路1057号,,36,23,17,11,10,115,NA,56,56,10,18,9,8,0.7,0.8
2026-09-21T1400,4225A,104.714266,29.338571,自贡市,贡兴路74号,,30,18,22,7,12,93,NA,50,50,4,5,8,7,0.5,0.6
2026-09-21T1400,4226A,104.765114,31.453094,绵阳市,绵阳市气象局,,35,16,25,12,12,110,NA,59,59,9,17,7,6,0.6,0.6
2026-09-21T1400,4227A,106.108336,30.788436,南充市,梨树横街98号,,16,16,12,9,5,48,NA,30,23,9,10,8,8,0.4,0.4
2026-09-21T1400,4229A,102.2342,27.8859,凉山彝族自治州,凯乐南路30号,,22,18,21,9,17,70,NA,36,36,5,15,7,10,0.6,0.8
2026-09-21T1400,4230A,106.688212,26.56952,贵阳市,花果园大街66号,,36,28,31,18,18,113,NA,81,81,10,13,4,4,/,/
2026-09-21T1400,4231A,106.687268,26.516892,贵阳市,漓江路57号,,40,29,34,28,23,95,NA,70,70,7,14,6,8,0.5,0.6
2026-09-21T1400,4233A,108.596239,34.118792,西安市,西苑北路977号,,37,37,41,18,14,89,NA,35,35,7,21,7,5,0.7,0.7
2026-09-21T1400,4234A,108.949652,34.870529,铜川市,大唐三路,,46,46,42,30,32,110,NA,50,50,8,14,7,6,0.8,0.9
2026-09-21T1400,4235A,109.5051,34.4921,渭南市,渭花路4号,,46,39,25,32,21,83,NA,48,48,6,17,4,4,0.5,0.5
2026-09-21T1400,4236A,103.629272,36.093822,兰州市,庄浪东路808号,颗粒物(PM10),53,53,46,27,22,155,NA,70,70,17,28,20,14,0.6,0.5
2026-09-21T1400,4237A,103.7251,36.104344,兰州市,安宁西路88号,,48,35,50,22,23,153,NA,79,79,8,21,15,14,0.6,0.5
2026-09-21T1400,4238A,103.846982,36.067567,兰州市,北滨河东路1号,,41,41,43,23,22,114,NA,46,46,24,39,9,6,0.7,0.6
2026-09-21T1400,4239A,102.193042,38.531887,金昌市,长春路96号,,42,27,37,10,18,134,NA,72,72,5,15,11,22,0.3,0.3
2026-09-21T1400,4240A,98.495752,39.733935,酒泉市,玉门东路5号,,37,17,34,3,12,118,NA,76,76,3,16,8,8,0.2,0.3
2026-09-21T1400,4241A,98.5099,39.7506,酒泉市,北大街108号,,40,29,35,5,15,125,NA,80,80,2,17,7,7,0.2,0.3
2026-09-21T1400,4242A,106.226373,38.491976,银川市,广场西路,,48,44,42,24,27,151,NA,76,76,11,25,10,7,0.4,0.5
2026-09-21T1400,4243A,92.0515,31.4787,那曲市,那曲市委宣传部,,38,3,7,3,9,121,NA,118,117,5,9,3,3,0.3,0.4
2026-09-21T1400,4244A,111.4879,36.053,临汾市,启星学校,细颗粒物(PM2.5),80,61,94,50,84,105,NA,53,53,8,20,6,7,0.8,1.3
2026-09-21T1400,4245A,106.8609,27.5969,遵义市,遵南大道1161号,,24,24,51,14,32,58,NA,46,46,4,14,3,5,0.7,0.7
2026-09-21T1400,4246A,105.833962,30.18863087,重庆市,桃园路24号,NA,NA,21,19,21,7,62,NA,37,34,NA,8,7,3,0.4,0.5
2026-09-21T1400,4247A,107.091033,29.153966,重庆市,钟楼街32号,,14,10,29,8,18,42,NA,39,39,4,7,5,6,0.6,0.7
2026-09-21T1400,4248A,107.8042979,30.67350233,重庆市,人民南路309号,,27,27,31,2,8,27,NA,21,21,10,12,7,7,0.3,0.3
2026-09-21T1400,4249A,118.8707617,31.34017673,南京市,汶溪路181号,,46,46,35,18,22,145,NA,62,62,13,14,3,2,1.0,0.8
2026-09-21T1400,4250A,114.089259,33.588274,漯河市,韶山路11号,细颗粒物(PM2.5),88,65,41,54,31,116,NA,102,102,14,16,9,8,0.4,0.3
2026-09-21T1400,4251A,112.1433,32.0581,襄阳市,铁院东路4号,,31,31,40,13,23,94,NA,74,74,11,10,7,7,0.7,0.7
2026-09-21T1400,4252A,113.0138,25.8011,郴州市,好美居路49号,,44,44,37,21,22,101,NA,50,50,6,16,8,9,/,/
2026-09-21T1400,4253A,116.010205,29.659402,九江市,莲花大道8号,NA,NA,62,58,44,50,95,NA,72,72,8,10,8,8,NA,0.8
2026-09-21T1400,4254A,120.2925,31.5685,无锡市,健康路105号,"颗粒物(PM10),臭氧1小时(O3_1h)",54,55,38,33,17,163,NA,110,110,20,29,6,6,0.8,0.7
2026-09-21T1400,4255A,110.16795,22.640993,玉林市,人民东路196号,,48,40,47,33,34,143,NA,107,107,8,12,5,13,0.6,0.7
2026-09-21T1400,4256A,107.375,22.3736,崇左市,石景林东路7号,NA,NA,58,35,NA,23,106,NA,68,68,5,13,7,6,NA,0.6
2026-09-21T1400,4257A,104.6092,35.5962,定西市,将台街,,33,27,39,3,10,104,NA,53,53,4,17,6,6,0.2,0.3
2026-09-21T1400,4258A,111.2416,23.4155,梧州市,政贤路18号,,50,50,52,28,31,146,NA,82,82,5,21,10,10,0.9,0.7
2026-09-21T1400,4259A,113.835877,34.0155267,许昌市,望田路111号,细颗粒物(PM2.5),76,62,41,48,36,122,NA,118,118,13,13,6,6,0.7,0.6
2026-09-21T1400,4260A,109.5933,23.095,贵港市,中山路155-3号,,48,34,69,33,46,149,NA,112,112,6,21,/,/,0.7,0.8
2026-09-21T1400,4261A,103.7247,27.3415,昭通市,环东路146号,,23,17,14,8,8,73,NA,56,56,9,9,8,10,0.5,0.6
2026-09-21T1400,4263A,105.3688,27.3598,毕节市,工业大道,,19,13,19,5,10,58,NA,49,49,2,4,7,8,/,/
2026-09-21T1400,4264A,113.234,35.219,焦作市,新安路1731号,细颗粒物(PM2.5),84,52,61,52,50,141,NA,84,84,9,14,6,4,0.2,0.3
2026-09-21T1400,4265A,113.108806,29.353066,岳阳市,求索西路365号,颗粒物(PM10),63,68,52,39,36,65,NA,43,43,12,16,5,5,1.0,0.9
2026-09-21T1400,4266A,117.7325,34.5683,枣庄市,文化路178号,颗粒物(PM10),70,78,77,43,57,145,NA,98,98,12,20,7,7,0.5,0.6
2026-09-21T1400,4268A,112.1722,30.3366,荆州市,学苑路85号,,22,19,43,9,31,68,NA,66,65,8,10,6,6,0.7,0.7
2026-09-21T1400,4269A,114.6701,33.6167,周口市,七一路,细颗粒物(PM2.5),100,73,34,60,36,111,NA,108,108,10,9,7,7,0.8,0.6
2026-09-21T1400,4270A,102.6447,37.9293,武威市,钟楼街149号,,34,19,26,8,10,108,NA,57,57,4,15,11,9,0.2,0.3
2026-09-21T1400,4271A,103.2464,35.6123,临夏回族自治州,滨河东路1号,NA,NA,NA,44,NA,22,93,NA,49,49,4,10,9,8,NA,0.4
2026-09-21T1400,4273A,81.2737,43.9337,伊犁哈萨克自治州,安徽路800号,颗粒物(PM10),85,99,95,16,24,96,NA,40,40,5,27,5,7,0.3,0.5
2026-09-21T1400,4274A,117.7994,40.9605,承德市,滨河大街98号,,30,30,34,3,14,90,NA,41,41,8,11,9,7,0.4,0.5
2026-09-21T1400,4275A,111.591512,40.827312,呼和浩特市,成吉思汗西街8号,,33,12,16,2,5,104,NA,57,57,15,32,11,5,0.4,0.3
2026-09-21T1400,4276A,111.6597,40.8077,呼和浩特市,公园东路75号,,30,17,17,5,9,93,NA,64,64,9,20,10,7,0.4,0.5
2026-09-21T1400,4277A,111.5427,40.7846,呼和浩特市,金海路35号,,31,14,19,1,7,98,NA,57,57,11,26,9,6,0.4,0.3
2026-09-21T1400,4278A,106.8212,39.6741,乌海市,海拉北路,,44,19,33,8,12,140,NA,74,74,3,21,21,18,0.3,0.4
2026-09-21T1400,4279A,119.7569,49.2222,呼伦贝尔市,伊敏大街东7号,,18,11,23,1,12,57,NA,34,34,7,20,6,6,0.3,0.3
2026-09-21T1400,4280A,122.0921,46.065,兴安盟,洮儿河南路,,18,18,24,2,8,47,NA,32,32,4,10,6,6,0.1,0.3
2026-09-21T1400,4281A,125.334645,43.916281,长春市,北亚泰大街1068号,NA,NA,NA,27,9,19,82,NA,46,46,10,27,8,8,0.2,0.4
2026-09-21T1400,4282A,126.6769,45.7379,哈尔滨市,华山路1号,,23,9,16,3,5,73,NA,49,49,5,17,7,8,0.2,0.2
2026-09-21T1400,4283A,126.9717,45.5356,哈尔滨市,解放大街52号,,22,19,20,3,2,68,NA,38,38,13,15,7,6,0.5,0.5
2026-09-21T1400,4284A,128.8325,47.8447,伊春市,永安路4-1号,NA,NA,9,19,NA,5,56,NA,33,33,2,3,1,1,0.1,0.2
2026-09-21T1400,4285A,130.363,46.806,佳木斯市,顺和街,,20,11,13,6,6,64,NA,41,41,3,10,1,1,0.2,0.2
2026-09-21T1400,4286A,130.3952,46.8268,佳木斯市,长安路196号,,33,33,14,2,5,63,NA,42,42,1,6,1,2,0.2,0.2
2026-09-21T1400,4287A,129.5992,44.5964,牡丹江市,东晓云街98号,,23,23,25,3,5,59,NA,49,49,7,7,7,7,0.3,0.3
2026-09-21T1400,4288A,117.2438,34.2844,徐州市,龙潭环路5号,细颗粒物(PM2.5),110,92,72,70,64,128,NA,78,78,15,18,14,9,1.1,1.1
2026-09-21T1400,4289A,117.154766,29.256967,景德镇市,青少年活动中心,,45,42,36,31,28,95,NA,71,71,9,10,10,7,/,/
2026-09-21T1400,4290A,120.196923,35.954556,青岛市,珠江路669号,,35,27,52,2,29,112,NA,82,82,14,29,6,7,0.4,0.7
2026-09-21T1400,4291A,120.0424,35.8656,青岛市,黄岛区人民政府广场,,35,22,46,1,30,111,NA,84,84,12,22,5,7,0.2,0.5
2026-09-21T1400,4292A,116.352738,37.420875,德州市,新河东路,NA,NA,19,69,3,40,119,NA,96,94,NA,28,8,9,0.5,0.8
2026-09-21T1400,4293A,113.605125,34.755221,郑州市,计划路2号,细颗粒物(PM2.5),90,59,47,55,40,135,NA,78,78,13,15,4,3,0.4,0.3
2026-09-21T1400,4294A,113.6525645,34.77362682,郑州市,同乐路9号,细颗粒物(PM2.5),103,NA,49,63,43,127,NA,71,71,12,19,4,3,0.6,0.6
2026-09-21T1400,4295A,113.2722,35.2121,焦作市,人民路3066号,细颗粒物(PM2.5),76,57,56,48,45,131,NA,70,70,7,14,5,5,0.2,0.4
2026-09-21T1400,4296A,114.6421,33.6417,周口市,健康路46号,细颗粒物(PM2.5),107,71,35,67,34,111,NA,100,100,12,12,2,1,0.6,0.5
2026-09-21T1400,4297A,114.649,33.596,周口市,太昊路,细颗粒物(PM2.5),84,96,44,52,34,113,NA,112,112,12,11,4,3,1.0,0.9
2026-09-21T1400,4298A,114.284,29.8595,咸宁市,碧桂路,颗粒物(PM10),60,64,77,36,45,77,NA,43,43,15,20,5,4,0.5,0.6
2026-09-21T1400,4299A,111.6195,26.2253,永州市,徐家井路86号,,40,37,44,28,36,89,NA,50,50,8,14,7,7,1.0,1.1
2026-09-21T1400,4300A,114.4089,23.1147,惠州市,文华一路1号,臭氧1小时(O3_1h),79,60,50,40,31,183,NA,113,113,9,14,/,/,/,/
2026-09-21T1400,4301A,110.2803,25.2773,桂林市,信义路13号,颗粒物(PM10),53,54,38,31,31,134,NA,88,88,8,10,5,5,0.9,0.9
2026-09-21T1400,4302A,108.0901,24.6945,河池市,上任中路54号,,38,35,46,21,27,119,NA,59,59,3,13,7,7,0.8,0.9
2026-09-21T1400,4303A,105.5911,30.5368,遂宁市,环岛商务中心9号楼,,27,27,15,6,3,61,NA,27,27,6,10,7,6,0.6,0.6
2026-09-21T1400,4304A,106.1172,30.843,南充市,清泉寺北路188号,,16,16,15,9,5,40,NA,23,18,8,8,9,10,0.5,0.5
2026-09-21T1400,4305A,106.067,30.7616,南充市,同庆路1号,,19,16,11,13,5,41,NA,24,20,12,12,7,7,0.5,0.4
2026-09-21T1400,4306A,103.0544,30.0133,雅安市,滨江西路,,27,16,8,8,2,86,NA,48,48,6,6,4,4,0.4,0.4
2026-09-21T1400,4307A,108.9817,34.2035,西安市,曲江池东路988号,,39,39,29,15,11,58,NA,45,45,16,17,4,3,0.4,0.4
2026-09-21T1400,4308A,107.3898,34.3601,宝鸡市,陈仓区北开路21号,,38,34,40,21,18,120,NA,45,45,6,19,5,5,0.4,0.4
2026-09-21T1400,4309A,104.6159,35.5701,定西市,正龙路62号,NA,NA,31,35,NA,9,97,NA,64,64,3,12,3,2,0.2,0.2
2026-09-21T1400,4310A,103.207136,35.599807,临夏回族自治州,新华街21号,,30,21,42,7,23,94,NA,43,43,7,14,8,7,0.2,0.4
2026-09-21T1400,4311A,122.0383,46.0691,兴安盟,科尔沁北路63号,,20,20,19,12,7,47,NA,36,36,4,7,5,6,0.1,0.3
2026-09-21T1400,4312A,119.019,31.6512,南京市,中山西路1号,,43,34,33,11,18,135,NA,78,78,4,16,4,4,0.8,0.7
2026-09-21T1400,4314A,114.0494,38.059,石家庄市,矿区区委大楼,,49,49,51,23,27,143,NA,72,72,8,12,6,6,0.4,0.6
2026-09-21T1400,4325A,105.3665,28.77434,泸州市,纳溪区委政协,,21,13,28,6,23,67,NA,24,24,8,16,4,4,0.6,0.7
2026-09-21T1400,4326A,113.0794,22.5999,江门市,五邑大学,臭氧1小时(O3_1h),67,47,43,28,26,173,NA,104,104,13,17,10,10,0.6,0.6
