timepoint,stationcode,longitude,latitude,area,positionname,primarypollutant,aqi,pm10,pm10_24h,pm2_5,pm2_5_24h,o3,o3_24h,o3_8h,o3_8h_24h,no2,no2_24h,so2,so2_24h,co,co_24h
2026-09-21T1500,1001A,116.3611,39.8786,北京市,万寿西宫,,49,14,49,9,27,154,NA,100,100,11,17,3,3,0.2,0.5
2026-09-21T1500,1003A,116.4174,39.9289,北京市,东四,NA,NA,NA,NA,NA,NA,NA,NA,NA,NA,NA,NA,NA,NA,NA,NA
2026-09-21T1500,1004A,116.4073,39.8858,北京市,天坛,,48,15,46,7,27,152,NA,100,100,8,20,2,3,0.4,0.7
2026-09-21T1500,1005A,116.4622,39.9364,北京市,农展馆,,44,20,50,9,28,140,NA,87,87,9,23,4,3,0.3,0.5
2026-09-21T1500,1006A,116.3399,39.9293,北京市,官园,,46,17,43,8,21,145,NA,96,96,10,21,3,3,0.3,0.6
2026-09-21T1500,1007A,116.2879,39.9613,北京市,海淀万柳,,43,19,40,8,18,137,NA,83,83,12,34,3,3,0.3,0.4
2026-09-21T1500,1008A,116.6635,40.1349,北京市,顺义新城,,41,10,17,5,19,130,NA,92,92,11,18,4,4,0.3,0.5
2026-09-21T1500,1009A,116.6275,40.327,北京市,怀柔镇,,32,8,22,3,15,100,NA,80,80,8,10,2,1,0.4,0.5
2026-09-21T1500,1010A,116.2295,40.217,北京市,昌平镇,,38,21,26,8,13,120,NA,77,77,8,16,3,3,0.1,0.4
2026-09-21T1500,1011A,116.3968,39.982,北京市,奥体中心,,35,13,36,8,21,111,NA,76,76,6,20,6,6,0.2,0.5
2026-09-21T1500,1015A,117.1446,39.1659,天津市,勤俭道,臭氧1小时(O3_1h),79,39,49,19,24,183,NA,120,120,11,24,6,7,0.6,0.8
2026-09-21T1500,1018A,117.2016,39.0928,天津市,前进道,臭氧1小时(O3_1h),82,39,46,19,23,185,NA,125,125,12,17,6,8,0.5,0.6
2026-09-21T1500,1019A,117.1837,39.2134,天津市,淮河道,臭氧1小时(O3_1h),75,35,54,19,25,180,NA,107,107,10,24,8,10,1.0,1.2
2026-09-21T1500,1021A,117.308261,39.088386,天津市,跃进路,臭氧1小时(O3_1h),89,48,55,19,24,191,NA,116,116,12,31,5,8,0.5,0.7
2026-09-21T1500,1023A,117.707,39.0344,天津市,第四大街,颗粒物(PM10),56,58,37,18,13,118,NA,67,67,29,42,10,7,0.9,0.8
2026-09-21T1500,1024A,117.4573,38.8395,天津市,永明路,臭氧1小时(O3_1h),75,30,35,14,18,180,NA,97,97,8,18,7,7,0.6,0.6
2026-09-21T1500,1026A,117.7641,39.1588,天津市,汉北路,,41,33,30,15,13,131,NA,94,94,23,26,6,6,0.7,0.7
2026-09-21T1500,1030A,114.5919,38.0328,石家庄市,高新区,细颗粒物(PM2.5),123,105,63,85,39,160,NA,96,96,10,11,12,3,0.7,0.6
2026-09-21T1500,1032A,114.4556,38.0136,石家庄市,西南高教,细颗粒物(PM2.5),68,54,49,44,35,165,NA,98,98,9,11,4,2,0.4,0.4
2026-09-21T1500,1033A,114.533,38.0177,石家庄市,世纪公园,细颗粒物(PM2.5),104,87,53,64,39,148,NA,93,93,11,9,9,3,0.7,0.7
2026-09-21T1500,1034A,114.5105,38.0489,石家庄市,人民会堂,细颗粒物(PM2.5),96,86,53,58,34,160,NA,94,94,12,14,4,3,0.4,0.4
2026-09-21T1500,1040A,118.1707,39.6505,唐山市,十二中,,50,37,42,22,17,158,NA,110,110,6,19,2,5,0.6,0.6
2026-09-21T1500,1041A,118.1868,39.6219,唐山市,小山,NA,NA,54,53,11,12,163,NA,115,115,6,18,NA,8,0.5,0.5
2026-09-21T1500,1046A,119.5247,39.9346,秦皇岛市,建设大厦,,50,50,41,18,9,138,NA,76,76,11,32,16,6,0.6,0.3
2026-09-21T1500,1049A,114.492,36.5712,邯郸市,矿院,细颗粒物(PM2.5),92,NA,65,56,59,139,NA,121,110,6,14,4,6,1.1,1.3
2026-09-21T1500,1050A,114.4839,36.6136,邯郸市,丛台公园,细颗粒物(PM2.5),72,48,63,46,55,117,NA,122,109,7,10,9,12,0.6,0.7
2026-09-21T1500,1051A,115.4803,38.8568,保定市,游泳馆,臭氧1小时(O3_1h),65,44,46,36,37,172,NA,120,120,6,13,2,1,0.8,0.7
2026-09-21T1500,1052A,115.509,38.8895,保定市,华电二区,臭氧1小时(O3_1h),68,51,56,38,39,174,NA,103,103,7,16,1,3,0.8,0.6
2026-09-21T1500,1053A,115.4588,38.9037,保定市,接待中心,NA,NA,NA,NA,NA,NA,NA,NA,NA,NA,NA,NA,NA,NA,NA,NA
2026-09-21T1500,1054A,115.4484,38.8344,保定市,地表水厂,臭氧1小时(O3_1h),59,51,51,35,39,167,NA,119,119,7,19,4,4,0.8,0.7
2026-09-21T1500,1057A,114.8884,40.8336,张家口市,人民公园,NA,NA,21,18,2,4,120,NA,82,82,6,8,7,40,NA,NA
2026-09-21T1500,1059A,114.868581,40.804273,张家口市,五金库,NA,NA,NA,33,NA,12,NA,NA,NA,NA,NA,25,/,/,/,/
2026-09-21T1500,1060A,114.8901,40.762,张家口市,世纪豪园,,35,8,20,1,5,112,NA,80,80,4,10,7,6,0.3,0.5
2026-09-21T1500,1062A,117.9531,40.908,承德市,铁路,,33,9,25,3,11,104,NA,53,53,2,12,9,7,0.2,0.3
2026-09-21T1500,1063A,117.9397,40.9763,承德市,中国银行,,33,13,23,4,9,105,NA,60,60,2,9,8,6,0.3,0.3
2026-09-21T1500,1067A,116.6712,39.5109,廊坊市,药材公司,臭氧1小时(O3_1h),55,47,70,18,37,164,NA,116,116,6,14,3,4,0.4,0.6
2026-09-21T1500,1068A,116.7215,39.5592,廊坊市,开发区,臭氧1小时(O3_1h),69,36,61,23,34,175,NA,107,107,6,19,1,2,0.4,0.6
2026-09-21T1500,1070A,116.7246,39.5273,廊坊市,北华航天学院,臭氧1小时(O3_1h),54,40,52,8,23,163,NA,34,NA,4,22,3,2,0.6,0.3
2026-09-21T1500,1071A,116.8733,38.2922,沧州市,沧县城建局,,49,39,52,21,32,154,NA,105,105,8,16,7,8,0.2,0.3
2026-09-21T1500,1072A,116.8462,38.3189,沧州市,电视转播站,,44,44,59,26,27,140,NA,97,97,7,17,7,9,0.2,0.3
2026-09-21T1500,1073A,116.8588,38.3161,沧州市,市环保局,NA,NA,NA,67,NA,41,NA,NA,141,NA,NA,16,NA,8,NA,0.2
2026-09-21T1500,1074A,115.6839,37.754,衡水市,电机北厂,NA,NA,NA,77,20,63,128,NA,95,95,6,13,1,3,NA,0.4
2026-09-21T1500,1075A,115.6303,37.7318,衡水市,市监测站,NA,NA,NA,106,NA,56,NA,NA,192,NA,NA,12,NA,9,NA,1.0
2026-09-21T1500,1077A,114.4687,37.0883,邢台市,达活泉,,45,NA,65,31,48,120,NA,113,92,1,8,3,4,0.6,1
2026-09-21T1500,1078A,114.4954,37.0309,邢台市,邢师高专,细颗粒物(PM2.5),56,44,80,38,51,106,NA,118,95,4,15,2,4,0.7,1
2026-09-21T1500,1079A,114.5281,37.0857,邢台市,路桥公司,细颗粒物(PM2.5),52,38,61,36,51,113,NA,96,85,1,10,2,5,0.5,0.8
2026-09-21T1500,1080A,114.4721,37.0713,邢台市,市环保局,NA,NA,41,76,30,49,119,NA,117,93,4,11,NA,8,0.4,0.9
2026-09-21T1500,1081A,112.5138,37.8916,太原市,尖草坪,颗粒物(PM10),56,58,48,30,29,136,NA,78,78,13,17,9,9,0.5,0.6
2026-09-21T1500,1084A,112.4691,37.7125,太原市,晋源,细颗粒物(PM2.5),70,54,61,45,40,117,NA,61,61,10,22,6,8,0.8,0.8
2026-09-21T1500,1085A,112.5595,37.7391,太原市,小店,细颗粒物(PM2.5),74,54,61,47,44,134,NA,78,78,8,13,7,9,0.8,0.9
2026-09-21T1500,1087A,112.5705,37.8199,太原市,坞城,细颗粒物(PM2.5),64,45,48,42,40,135,NA,81,81,18,23,11,12,0.9,1
2026-09-21T1500,1088A,112.5495,37.9853,太原市,南寨,颗粒物(PM10),56,58,49,37,31,125,NA,65,65,19,20,13,6,1.4,0.7
2026-09-21T1500,1090A,111.6506,40.7517,呼和浩特市,呼市一监,,35,9,16,4,9,112,NA,87,87,6,19,6,4,0.3,0.4
2026-09-21T1500,1094A,111.7516,40.8369,呼和浩特市,如意水处理厂,,37,10,13,8,12,118,NA,81,81,9,24,8,7,0.2,0.3
2026-09-21T1500,1095A,111.727798,40.806187,呼和浩特市,二十九中,,36,6,18,2,9,115,NA,83,83,10,23,8,6,0.3,0.5
2026-09-21T1500,1097A,111.717,40.7617,呼和浩特市,化肥厂生活区,,35,8,17,8,11,112,NA,82,82,7,22,8,7,0.4,0.6
2026-09-21T1500,1099A,123.5058,41.7084,沈阳市,浑南东路,,35,11,26,1,11,110,NA,72,72,9,18,10,10,0.4,0.6
2026-09-21T1500,1100A,123.4238,41.6992,沈阳市,新秀街,NA,NA,16,20,3,8,103,NA,64,64,17,21,NA,7,0.4,0.4
2026-09-21T1500,1102A,123.5903,41.8412,沈阳市,东陵路,,30,13,17,0,5,96,NA,56,56,7,14,10,9,0.3,0.4
2026-09-21T1500,1103A,123.4267,41.8466,沈阳市,陵东街,,30,22,24,0,8,93,NA,52,52,8,15,7,7,0.3,0.5
2026-09-21T1500,1104A,123.4116,41.7654,沈阳市,文化路,,32,20,24,0,7,100,NA,61,61,15,21,8,9,0.4,0.5
2026-09-21T1500,1105A,123.4673,41.787,沈阳市,小河沿,,30,24,24,1,12,95,NA,53,53,11,19,7,6,0.4,0.6
2026-09-21T1500,1106A,123.4019,41.7978,沈阳市,太原街,,32,11,26,1,9,101,NA,59,59,16,27,5,5,0.4,0.5
2026-09-21T1500,1108A,123.3778,41.9233,沈阳市,京沈街,,30,17,22,0,7,95,NA,62,62,9,18,4,5,0.3,0.4
2026-09-21T1500,1109A,121.6119,38.974,大连市,甘井子,,35,20,27,5,12,110,NA,82,82,8,16,8,10,0.5,0.6
2026-09-21T1500,1110A,121.565,38.9509,大连市,周水子,,35,22,27,5,11,111,NA,84,84,11,18,6,8,0.6,0.7
2026-09-21T1500,1111A,121.5637,38.8849,大连市,星海三站,,35,26,28,5,10,111,NA,82,82,10,14,10,10,0.6,0.7
2026-09-21T1500,1112A,121.6301,38.9117,大连市,青泥洼桥,,33,24,30,7,12,104,NA,77,77,15,16,9,10,0.4,0.4
2026-09-21T1500,1113A,121.6248,38.8643,大连市,傅家庄,,36,18,22,3,9,115,NA,83,83,9,12,8,9,0.8,0.7
2026-09-21T1500,1114A,121.5117,38.8636,大连市,七贤岭,,37,7,19,5,10,116,NA,86,86,10,12,8,8,0.6,0.7
2026-09-21T1500,1116A,121.7507,39.1339,大连市,金州,,34,22,24,9,14,108,NA,82,82,18,17,8,10,0.6,0.6
2026-09-21T1500,1117A,121.7811,39.0495,大连市,开发区,,35,15,23,7,13,111,NA,82,82,15,16,8,7,0.7,0.6
2026-09-21T1500,1118A,121.9762,39.0631,大连市,双D港,,37,16,26,7,13,116,NA,96,96,12,10,8,8,0.5,0.4
2026-09-21T1500,1120A,125.2874,43.9024,长春市,客车厂,,28,17,24,7,14,87,NA,58,58,11,22,5,4,0.3,0.5
2026-09-21T1500,1121A,125.2943,43.8508,长春市,邮电学院,,26,15,12,6,9,82,NA,58,58,8,11,6,6,0.2,0.3
2026-09-21T1500,1122A,125.3648,43.8745,长春市,劳动公园,,29,22,18,7,10,92,NA,65,65,7,14,5,4,0.2,0.3
2026-09-21T1500,1123A,125.3233,43.8781,长春市,园林处,,25,22,18,7,10,79,NA,58,58,11,17,7,7,0.4,0.4
2026-09-21T1500,1124A,125.4604,43.7904,长春市,净月潭,,27,14,12,5,7,85,NA,62,62,4,5,7,7,0.3,0.3
2026-09-21T1500,1126A,125.38,43.8422,长春市,经开区环卫处,,27,21,16,8,10,86,NA,59,59,11,20,8,8,0.3,0.4
2026-09-21T1500,1127A,125.234,43.7761,长春市,高新区管委会,,28,18,14,6,9,88,NA,62,62,10,16,8,7,0.2,0.3
2026-09-21T1500,1128A,125.1695,43.83,长春市,岱山公园,,26,21,28,7,13,82,NA,56,56,13,27,4,4,0.3,0.4
2026-09-21T1500,1130A,126.5557,45.8109,哈尔滨市,松北商大,,22,13,11,6,5,70,NA,52,52,7,14,5,5,0.4,0.4
2026-09-21T1500,1132A,126.6162,45.719,哈尔滨市,南岗学府路,,24,24,20,3,5,74,NA,58,58,6,21,4,4,0.6,0.6
2026-09-21T1500,1133A,126.6894,45.7733,哈尔滨市,太平宏伟公园,,21,19,18,7,8,66,NA,52,52,5,15,7,7,0.2,0.3
2026-09-21T1500,1134A,126.6361,45.7672,哈尔滨市,道外承德广场,,24,15,22,1,3,74,NA,55,55,5,13,3,4,0.2,0.4
2026-09-21T1500,1136A,126.644,45.7261,哈尔滨市,动力和平路,,24,12,17,2,4,75,NA,58,58,6,19,6,7,0.5,0.6
2026-09-21T1500,1137A,126.5933,45.7479,哈尔滨市,道里建国路,,23,NA,11,5,4,73,NA,50,50,5,19,6,6,0.5,0.3
2026-09-21T1500,1138A,126.6127,45.6119,哈尔滨市,平房东轻厂,,21,7,20,4,6,65,NA,50,50,9,25,4,7,0.3,0.3
2026-09-21T1500,1139A,126.5875,45.9827,哈尔滨市,呼兰师专,,22,9,11,2,4,69,NA,54,54,6,11,4,4,0.5,0.5
2026-09-21T1500,1140A,126.6299,45.6799,哈尔滨市,省农科院,,24,24,29,4,11,75,NA,56,56,5,26,4,5,0.6,0.8
2026-09-21T1500,1141A,121.401,31.2382,上海市,普陀,,41,40,34,26,22,131,NA,115,115,16,23,6,6,0.4,0.4
2026-09-21T1500,1142A,121.4774,31.2043,上海市,十五厂,,37,35,27,23,20,118,NA,114,114,13,12,6,6,0.7,0.6
2026-09-21T1500,1143A,121.4673,31.3011,上海市,虹口,,38,35,32,21,18,121,NA,106,106,9,21,4,5,0.3,0.3
2026-09-21T1500,1147A,121.4253,31.226,上海市,静安监测站,,44,35,31,24,19,138,NA,127,127,12,16,7,8,0.7,0.7
2026-09-21T1500,1148A,121.7029,31.1905,上海市,浦东川沙,,42,42,32,28,20,116,NA,112,112,12,20,11,11,0.7,0.6
2026-09-21T1500,1149A,121.5339,31.229,上海市,浦东新区监测站,,39,39,29,23,17,111,NA,106,106,18,20,10,9,0.5,0.4
2026-09-21T1500,1150A,121.5776,31.2038,上海市,浦东张江,,40,40,29,23,18,124,NA,116,116,14,18,7,7,0.4,0.3
2026-09-21T1500,1151A,118.8033,32.1085,南京市,迈皋桥,细颗粒物(PM2.5),74,64,38,47,27,109,NA,66,66,6,25,6,6,1.0,0.8
2026-09-21T1500,1152A,118.7487,32.057,南京市,草场门,细颗粒物(PM2.5),66,61,37,43,22,112,NA,73,73,19,29,7,7,0.9,0.8
2026-09-21T1500,1154A,118.770105,32.004342,南京市,中华门,细颗粒物(PM2.5),76,63,32,48,22,111,NA,81,81,8,16,7,6,0.5,0.4
2026-09-21T1500,1155A,118.8059,32.0329,南京市,瑞金路,细颗粒物(PM2.5),68,68,37,44,23,108,NA,83,83,17,24,4,4,0.7,0.5
2026-09-21T1500,1156A,118.7946,32.0774,南京市,玄武湖,细颗粒物(PM2.5),70,55,39,45,22,107,NA,65,65,19,31,4,4,0.5,0.5
2026-09-21T1500,1157A,118.6415,32.0964,南京市,浦口,细颗粒物(PM2.5),74,55,37,47,22,102,NA,70,70,16,23,6,6,0.8,0.7
2026-09-21T1500,1158A,118.730129,32.000956,南京市,奥体中心,NA,NA,65,38,50,20,118,NA,98,98,22,27,NA,6,0.9,0.8
2026-09-21T1500,1159A,118.9072,32.1047,南京市,仙林大学城,细颗粒物(PM2.5),64,66,42,42,24,106,NA,68,68,16,34,5,4,0.7,0.5
2026-09-21T1500,1163A,120.5974,31.3247,苏州市,轧钢厂,NA,NA,60,39,NA,18,175,NA,124,124,19,31,6,7,1.0,0.9
2026-09-21T1500,1164A,120.6329,31.2741,苏州市,吴中区,臭氧1小时(O3_1h),72,69,38,37,21,177,NA,120,120,16,23,9,7,1.0,0.8
2026-09-21T1500,1165A,120.5566,31.3049,苏州市,苏州新区,臭氧1小时(O3_1h),70,63,38,42,26,176,NA,123,123,9,28,9,9,0.8,0.7
2026-09-21T1500,1166A,120.668709,31.312523,苏州市,苏州工业园区,臭氧1小时(O3_1h),83,54,36,31,21,186,NA,131,131,9,17,8,8,0.9,0.7
2026-09-21T1500,1167A,120.6408,31.3707,苏州市,相城区,臭氧1小时(O3_1h),68,56,40,31,22,174,NA,118,118,11,21,9,9,1.0,0.8
2026-09-21T1500,1168A,120.9056,31.9669,南通市,狼山街道,,35,26,19,23,12,112,NA,114,114,6,12,5,5,0.7,0.7
2026-09-21T1500,1170A,120.8635,32.0231,南通市,城中,,40,40,31,23,13,112,NA,110,110,7,12,1,2,0.4,0.3
2026-09-21T1500,1171A,120.9376,31.9301,南通市,星湖花园,,36,36,24,20,13,114,NA,112,112,6,8,4,5,0.7,0.7
2026-09-21T1500,1172A,120.8053,32.046,南通市,紫琅学院,,40,37,25,28,17,101,NA,105,105,10,16,3,4,0.8,0.7
2026-09-21T1500,1173A,119.1759,34.5885,连云港市,市环境监测站,,43,39,43,22,37,137,NA,118,118,9,18,9,10,0.5,0.6
2026-09-21T1500,1180A,117.257,34.2161,徐州市,新城区,细颗粒物(PM2.5),76,73,64,48,49,117,NA,92,92,12,14,7,5,1.0,0.9
2026-09-21T1500,1182A,117.2933,34.2796,徐州市,农科院,细颗粒物(PM2.5),94,68,65,57,61,126,NA,88,88,12,20,10,9,0.8,0.8
2026-09-21T1500,1186A,119.3895,32.377,扬州市,邗江监测站,颗粒物(PM10),63,68,48,32,27,107,NA,91,91,10,12,6,5,1.0,0.8
2026-09-21T1500,1188A,120.2693,31.4864,无锡市,雪浪,颗粒物(PM10),53,53,42,35,21,157,NA,108,108,18,29,9,7,0.9,0.8
2026-09-21T1500,1189A,120.2761,31.621,无锡市,黄巷,"颗粒物(PM10),臭氧1小时(O3_1h)",68,74,49,40,25,174,NA,118,118,25,41,4,5,1.0,0.9
2026-09-21T1500,1191A,120.2422,31.5037,无锡市,漆塘,颗粒物(PM10),60,63,51,32,24,167,NA,108,108,13,26,10,9,0.8,0.8
2026-09-21T1500,1192A,120.3489,31.5865,无锡市,东亭,细颗粒物(PM2.5),72,68,40,46,24,174,NA,123,123,21,37,8,9,0.8,0.7
2026-09-21T1500,1193A,120.3538,31.5474,无锡市,旺庄,臭氧1小时(O3_1h),88,71,43,41,24,190,NA,140,140,17,29,8,9,1.1,0.9
2026-09-21T1500,1194A,120.2447,31.5633,无锡市,荣巷,,50,48,39,35,20,160,NA,109,109,16,31,9,8,1.0,1
2026-09-21T1500,1195A,120.2986,31.6816,无锡市,堰桥,颗粒物(PM10),58,61,37,32,22,151,NA,112,112,19,28,7,7,0.7,0.7
2026-09-21T1500,1196A,119.9524,31.7586,常州市,市监测站,,46,40,38,27,24,147,NA,104,104,13,37,7,7,0.5,0.5
2026-09-21T1500,1200A,119.9351,31.703,常州市,武进监测站,细颗粒物(PM2.5),92,72,49,56,33,118,NA,88,88,35,43,4,4,0.6,0.5
2026-09-21T1500,1203A,119.6708,32.187,镇江市,新区办事处,细颗粒物(PM2.5),101,NA,44,61,42,119,NA,81,81,22,52,2,5,0.8,0.7
2026-09-21T1500,1204A,119.497455,32.196732,镇江市,职教中心,细颗粒物(PM2.5),76,55,41,48,33,128,NA,89,89,14,28,5,6,0.7,0.6
2026-09-21T1500,1205A,119.43,32.1328,镇江市,丹徒区监测站,细颗粒物(PM2.5),72,57,46,46,32,140,NA,92,92,20,37,4,7,1.0,0.7
2026-09-21T1500,1206A,119.9042,32.488,泰州市,公园路,细颗粒物(PM2.5),76,66,40,48,32,98,NA,80,80,9,14,12,11,0.7,0.6
2026-09-21T1500,1207A,119.9189,32.4626,泰州市,莲花,颗粒物(PM10),63,68,46,41,28,96,NA,83,83,8,9,12,11,0.7,0.5
2026-09-21T1500,1209A,119.8877,32.4636,泰州市,留学生创业园,细颗粒物(PM2.5),84,59,44,52,37,102,NA,87,87,9,18,13,10,0.9,0.8
2026-09-21T1500,1210A,119.0566,33.5991,淮安市,钵池山,颗粒物(PM10),58,61,52,37,39,130,NA,92,92,11,16,6,7,0.9,0.9
2026-09-21T1500,1211A,119.0083,33.578,淮安市,北京南路,细颗粒物(PM2.5),70,70,58,45,40,132,NA,95,95,10,17,7,9,1.0,0.9
2026-09-21T1500,1212A,118.9938,33.6083,淮安市,市监测站,NA,NA,58,47,42,41,131,NA,88,88,NA,25,NA,10,0.8,0.7
2026-09-21T1500,1213A,119.135,33.5038,淮安市,楚州区监测站,颗粒物(PM10),57,59,51,34,40,120,NA,92,92,10,16,7,7,0.7,0.7
2026-09-21T1500,1216A,120.1554,33.3941,盐城市,市监测站,,38,36,33,17,19,121,NA,94,94,6,10,5,6,0.6,0.7
2026-09-21T1500,1218A,120.214332,33.37951,盐城市,开发区管委会,,35,34,32,17,21,109,NA,80,80,2,7,10,10,0.6,0.7
2026-09-21T1500,1220A,118.2924,33.933,宿迁市,宿迁学院,,50,46,53,35,50,138,NA,112,112,12,14,3,3,0.6,0.6
2026-09-21T1500,1221A,118.2321,33.9572,宿迁市,宿迁中学,细颗粒物(PM2.5),52,49,57,36,51,127,NA,101,101,7,12,5,3,0.8,1
2026-09-21T1500,1223A,120.2073,30.2111,杭州市,滨江,臭氧1小时(O3_1h),97,43,40,21,25,197,NA,127,127,14,23,8,7,0.6,0.6
2026-09-21T1500,1224A,120.0625,30.2737,杭州市,西溪,臭氧1小时(O3_1h),67,28,25,25,22,173,NA,120,120,13,18,6,5,0.7,0.6
2026-09-21T1500,1226A,120.3417,30.315,杭州市,下沙,臭氧1小时(O3_1h),94,41,36,29,26,195,NA,140,140,10,26,9,8,0.8,0.8
2026-09-21T1500,1227A,120.1252,30.2465,杭州市,卧龙桥,臭氧1小时(O3_1h),58,35,29,22,21,166,NA,117,117,10,16,8,7,0.7,0.6
2026-09-21T1500,1228A,120.1902,30.2691,杭州市,浙江农大,臭氧1小时(O3_1h),62,42,34,21,23,169,NA,117,117,18,25,10,9,0.9,0.8
2026-09-21T1500,1230A,120.1195,30.3121,杭州市,和睦小学,臭氧1小时(O3_1h),85,40,32,30,22,188,NA,126,126,17,21,8,7,0.9,0.8
2026-09-21T1500,1231A,120.3076,30.4146,杭州市,临平镇,臭氧1小时(O3_1h),85,47,45,29,27,188,NA,135,135,11,23,9,9,0.9,0.9
2026-09-21T1500,1232A,120.2753,30.1839,杭州市,城厢镇,臭氧1小时(O3_1h),64,46,38,29,24,171,NA,114,114,9,17,8,8,0.7,0.7
2026-09-21T1500,1233A,120.0883,30.1808,杭州市,云栖,,49,43,33,20,22,156,NA,106,106,10,16,8,7,0.8,0.7
2026-09-21T1500,1234A,121.8352,29.9111,宁波市,区环保大楼,,49,44,31,19,12,155,NA,122,122,18,18,10,7,0.8,0.5
2026-09-21T1500,1235A,121.5595,29.8208,宁波市,万里学院,,45,29,23,14,14,143,NA,129,129,7,11,5,6,0.6,0.6
2026-09-21T1500,1236A,121.713,29.9564,宁波市,龙赛医院,,41,38,29,17,12,129,NA,120,120,6,7,7,7,0.6,0.5
2026-09-21T1500,1240A,121.5855,29.8635,宁波市,太古小学,,42,31,28,14,13,132,NA,117,117,4,8,5,5,0.5,0.6
2026-09-21T1500,1241A,121.5239,29.8673,宁波市,市环境监测中心,,46,24,20,17,12,145,NA,128,128,3,8,8,8,0.7,0.8
2026-09-21T1500,1242A,120.6342,28.0088,温州市,瓯海,,48,38,33,22,21,153,NA,100,100,14,17,6,6,0.5,0.5
2026-09-21T1500,1243A,120.6747,27.9881,温州市,南浦,颗粒物(PM10),78,88,39,27,24,154,NA,105,105,10,13,6,7,0.8,0.6
2026-09-21T1500,1244A,120.76,27.9745,温州市,龙湾,,49,36,36,22,20,155,NA,106,106,9,12,7,7,0.5,0.4
2026-09-21T1500,1247A,120.6053,29.9927,绍兴市,城东开发委,臭氧1小时(O3_1h),102,62,39,46,26,203,NA,147,147,14,19,10,7,0.7,0.7
2026-09-21T1500,1250A,120.075,30.867,湖州市,城西水厂,臭氧1小时(O3_1h),60,35,40,24,28,168,NA,110,110,14,41,8,8,0.7,0.7
2026-09-21T1500,1252A,120.7439,30.778,嘉兴市,清河小学,臭氧1小时(O3_1h),67,39,36,23,21,173,NA,139,139,8,13,6,7,0.5,0.3
2026-09-21T1500,1253A,120.7261,30.7477,嘉兴市,嘉兴学院,臭氧1小时(O3_1h),68,34,30,25,21,174,NA,145,145,16,23,6,7,0.1,0.1
2026-09-21T1500,1255A,121.2727,28.6461,台州市,黄岩环保大楼,,45,36,31,15,17,144,NA,126,126,8,10,/,/,/,/
2026-09-21T1500,1256A,121.4188,28.6545,台州市,台州环保大楼,臭氧1小时(O3_1h),52,45,35,17,16,161,NA,136,136,10,10,/,/,0.7,0.7
2026-09-21T1500,1257A,121.3768,28.5772,台州市,路桥田洋王,臭氧1小时(O3_1h),55,36,33,19,17,164,NA,138,138,8,10,7,7,0.5,0.5
2026-09-21T1500,1258A,122.1223,30.0203,舟山市,定海檀枫,,43,33,26,17,14,137,NA,121,121,4,5,7,7,0.7,0.7
2026-09-21T1500,1260A,122.1898,29.9945,舟山市,临城新区,,45,29,21,18,14,142,NA,125,125,7,9,6,6,0.6,0.6
2026-09-21T1500,1262A,119.6478,29.0773,金华市,十五中,,49,38,48,22,28,155,NA,128,128,10,18,5,5,0.4,0.7
2026-09-21T1500,1263A,119.6859,29.1032,金华市,监测站,,44,32,45,21,27,138,NA,115,115,10,19,2,3,0.6,0.6
2026-09-21T1500,1264A,118.8694,28.94,衢州市,环保大楼,,50,30,47,21,31,157,NA,120,120,10,18,/,/,/,/
2026-09-21T1500,1266A,118.8622,28.9809,衢州市,衢州学院,,44,27,43,19,30,139,NA,111,111,9,21,8,8,0.4,0.5
2026-09-21T1500,1267A,119.9141,28.4513,丽水市,监测站大楼,,38,38,29,20,19,114,NA,100,100,10,12,6,6,0.7,0.7
2026-09-21T1500,1268A,119.93,28.4589,丽水市,莲都小学,,38,38,32,18,20,118,NA,102,102,8,12,/,/,/,/
2026-09-21T1500,1269A,119.8794,28.4232,丽水市,余庄前,,40,30,32,18,19,128,NA,94,94,8,14,6,6,0.7,0.8
2026-09-21T1500,1270A,117.1957,31.7845,合肥市,明珠广场,,48,48,40,22,26,60,NA,48,48,21,27,10,10,0.5,0.5
2026-09-21T1500,1271A,117.307,31.8765,合肥市,三里街,,50,48,32,35,25,65,NA,50,50,15,18,5,4,0.8,0.8
2026-09-21T1500,1272A,117.2587,31.8703,合肥市,琥珀山庄,,48,48,37,30,22,73,NA,61,61,16,18,6,6,0.5,0.6
2026-09-21T1500,1275A,117.2593,31.9376,合肥市,庐阳区,细颗粒物(PM2.5),70,58,36,45,25,75,NA,65,65,17,22,8,8,0.7,0.7
2026-09-21T1500,1276A,117.345251,31.861615,合肥市,瑶海区,,46,46,36,30,22,71,NA,55,55,11,15,4,4,0.6,0.6
2026-09-21T1500,1277A,117.3033,31.7967,合肥市,包河区,,44,44,38,26,23,49,NA,33,33,35,43,8,8,0.6,0.6
2026-09-21T1500,1278A,117.278,31.7392,合肥市,滨湖新区,,41,41,39,17,21,56,NA,53,53,22,21,7,8,0.9,0.8
2026-09-21T1500,1279A,117.1324,31.8395,合肥市,高新区,,41,41,37,26,25,60,NA,52,52,28,25,7,7,0.7,0.7
2026-09-21T1500,1282A,119.2681,26.0506,福州市,师大,,41,21,28,12,17,129,NA,107,107,7,7,6,5,0.4,0.4
2026-09-21T1500,1283A,119.2983,26.1028,福州市,五四北路,,38,NA,25,15,18,121,NA,102,102,8,10,4,5,0.3,0.4
2026-09-21T1500,1284A,119.2648,26.0769,福州市,杨桥西路,,40,25,30,11,17,128,NA,109,109,8,8,4,4,/,/
2026-09-21T1500,1287A,118.1519,24.4768,厦门市,洪文,,43,31,34,16,19,137,NA,123,123,7,10,3,3,0.3,0.4
2026-09-21T1500,1288A,118.0671,24.4447,厦门市,鼓浪屿,,45,26,37,16,20,144,NA,119,119,6,10,3,3,/,/
2026-09-21T1500,1291A,115.8887,28.7006,南昌市,省林业公司,,48,44,50,33,46,125,NA,111,111,6,10,7,7,0.5,0.7
2026-09-21T1500,1292A,115.813,28.7443,南昌市,林科所,,31,27,35,21,34,99,NA,95,95,10,9,7,8,1.1,1.1
2026-09-21T1500,1294A,115.8518,28.687,南昌市,建工学校,,49,44,51,34,38,115,NA,103,103,12,14,10,10,1.0,1
2026-09-21T1500,1295A,115.8926,28.6425,南昌市,象湖,,40,37,46,28,44,109,NA,97,97,11,14,8,9,0.9,1
2026-09-21T1500,1299A,116.9866,36.6118,济南市,科干所,,43,27,77,4,48,136,NA,104,104,17,32,7,7,0.3,0.7
2026-09-21T1500,1300A,116.9379,36.6652,济南市,农科所,,50,44,82,12,59,159,NA,113,113,13,30,8,7,0.4,0.5
2026-09-21T1500,1301A,117.1265,36.6736,济南市,开发区,,49,46,100,8,62,155,NA,119,119,15,32,10,12,0.4,0.9
2026-09-21T1500,1303A,117.0616,36.6865,济南市,省种子仓库,颗粒物(PM10),62,66,115,12,61,163,NA,111,111,19,34,9,8,0.5,0.8
2026-09-21T1500,1304A,116.9495185,36.644937,济南市,机床二厂,,47,46,99,8,61,148,NA,106,106,15,39,10,11,0.3,0.6
2026-09-21T1500,1305A,117.0496,36.6629,济南市,市监测站,NA,NA,49,102,8,61,152,NA,33,NA,15,34,7,9,NA,0.9
2026-09-21T1500,1306A,116.7674,36.5458,济南市,长清党校,,49,44,117,10,67,155,NA,97,97,12,38,4,5,0.3,0.7
2026-09-21T1500,1310A,120.404,36.0625,青岛市,市南区东部子站,,37,34,45,3,27,116,NA,100,92,40,21,8,8,0.4,0.5
2026-09-21T1500,1311A,120.362344,36.10282,青岛市,四方区子站,,40,22,46,2,28,125,NA,98,97,15,15,4,5,0.3,0.5
2026-09-21T1500,1312A,120.294373,36.054183,青岛市,市南区西部子站,,37,19,45,2,26,116,NA,97,97,20,17,6,6,0.4,0.6
2026-09-21T1500,1313A,120.4581,36.0858,青岛市,崂山区子站,,39,22,39,4,23,124,NA,102,93,10,14,9,10,0.4,0.5
2026-09-21T1500,1315A,120.3945,36.3083,青岛市,城阳区子站,,37,19,46,0,26,117,NA,90,90,6,13,5,5,0.2,0.4
2026-09-21T1500,1316A,113.6843,34.7622,郑州市,烟厂,细颗粒物(PM2.5),104,NA,41,64,43,132,NA,85,85,9,14,5,5,0.5,0.4
2026-09-21T1500,1318A,113.669,34.8034,郑州市,银行学校,细颗粒物(PM2.5),101,NA,46,61,47,129,NA,81,81,10,15,3,3,0.6,0.5
2026-09-21T1500,1319A,113.5612,34.8143,郑州市,供水公司,细颗粒物(PM2.5),84,NA,46,52,38,140,NA,90,90,11,17,2,2,0.7,0.6
2026-09-21T1500,1320A,113.7269,34.7187,郑州市,经开区管委,细颗粒物(PM2.5),103,66,44,63,39,138,NA,94,94,7,17,NA,6,0.6,0.6
2026-09-21T1500,1321A,113.7332,34.7727,郑州市,四十七中,NA,NA,NA,52,54,43,158,NA,102,102,NA,15,4,4,0.6,0.6
2026-09-21T1500,1323A,113.6361,34.7537,郑州市,河医大,细颗粒物(PM2.5),100,71,56,60,39,135,NA,91,91,11,14,6,5,0.9,0.8
2026-09-21T1500,1325A,114.3676,30.5584,武汉市,东湖梨园,,40,40,45,27,29,78,NA,49,49,12,18,8,9,0.8,0.8
2026-09-21T1500,1326A,114.2527,30.5578,武汉市,汉阳月湖,,44,44,50,23,33,75,NA,54,54,8,12,4,4,0.6,0.6
2026-09-21T1500,1327A,114.2819,30.6189,武汉市,汉口花桥,,35,35,45,22,32,76,NA,52,52,10,18,7,7,0.5,0.5
2026-09-21T1500,1328A,114.3024,30.5332,武汉市,武昌紫阳,,48,48,60,25,30,79,NA,55,55,11,17,8,8,0.6,0.6
2026-09-21T1500,1329A,114.3646,30.6217,武汉市,青山钢花,,46,36,46,32,31,74,NA,48,48,12,21,9,10,0.6,0.6
2026-09-21T1500,1330A,114.156697,30.482592,武汉市,沌口新区,颗粒物(PM10),70,77,50,29,33,75,NA,53,53,15,16,10,11,0.5,0.4
2026-09-21T1500,1331A,114.3013,30.5944,武汉市,汉口江滩,,39,39,50,19,30,71,NA,47,47,10,18,3,4,0.8,0.8
2026-09-21T1500,1333A,114.1285,30.6339,武汉市,吴家山,,38,38,51,21,32,72,NA,57,57,13,18,7,7,0.8,0.8
2026-09-21T1500,1335A,113.082,28.2421,长沙市,经开区环保局,颗粒物(PM10),54,55,59,35,43,122,NA,86,86,7,14,5,5,0.8,0.8
2026-09-21T1500,1336A,112.8873,28.2202,长沙市,高开区环保局,细颗粒物(PM2.5),64,58,62,42,45,92,NA,72,72,7,15,5,5,1.0,1
2026-09-21T1500,1337A,113.0785,28.2012,长沙市,马坡岭,,50,50,60,34,44,130,NA,94,94,8,14,8,8,0.5,0.6
2026-09-21T1500,1338A,112.9448,28.1894,长沙市,湖南师范大学,颗粒物(PM10),81,93,71,36,45,115,NA,85,85,10,19,8,8,0.6,0.7
2026-09-21T1500,1339A,113.0177,28.1322,长沙市,雨花区环保局,NA,NA,55,61,33,44,125,NA,87,87,7,15,NA,7,NA,1.2
2026-09-21T1500,1340A,112.9795,28.2593,长沙市,伍家岭,颗粒物(PM10),59,62,65,38,43,99,NA,77,77,7,16,7,5,0.8,0.7
2026-09-21T1500,1341A,113.002,28.1944,长沙市,火车新站,"颗粒物(PM10),细颗粒物(PM2.5)",58,61,62,39,42,114,NA,82,82,7,13,6,5,0.9,0.9
2026-09-21T1500,1342A,112.9846,28.1177,长沙市,天心区环保局,细颗粒物(PM2.5),60,48,62,40,51,129,NA,88,88,10,20,4,4,0.6,0.7
2026-09-21T1500,1343A,112.8906,28.1307,长沙市,湖南中医药大学,细颗粒物(PM2.5),58,58,60,39,46,109,NA,79,79,5,13,7,8,0.7,0.8
2026-09-21T1500,1345A,113.2346,23.1423,广州市,广雅中学,臭氧1小时(O3_1h),105,54,48,43,31,209,NA,119,119,17,24,5,6,0.7,0.6
2026-09-21T1500,1346A,113.2611,23.105,广州市,市五中,臭氧1小时(O3_1h),120,46,45,40,35,240,NA,135,135,17,21,5,5,/,/
2026-09-21T1500,1348A,113.3477,23.0916,广州市,广东商学院,臭氧1小时(O3_1h),115,55,49,37,30,229,NA,117,117,19,32,6,6,0.7,0.6
2026-09-21T1500,1349A,113.4332,23.105,广州市,市八十六中,臭氧1小时(O3_1h),124,44,40,37,34,248,NA,111,111,28,42,9,8,/,/
2026-09-21T1500,1350A,113.3506,22.9488,广州市,番禺中学,臭氧1小时(O3_1h),109,52,45,36,30,217,NA,140,140,15,18,5,6,0.5,0.4
2026-09-21T1500,1351A,113.2147,23.3918,广州市,花都师范,臭氧1小时(O3_1h),74,51,46,45,33,179,NA,134,134,13,26,3,3,0.6,0.6
2026-09-21T1500,1352A,113.2599,23.1329,广州市,市监测站,臭氧1小时(O3_1h),100,57,47,40,31,200,NA,114,114,17,21,1,2,/,/
2026-09-21T1500,1353A,113.5618,23.3119,广州市,九龙镇镇龙,,42,39,36,28,26,134,NA,96,96,7,14,8,8,0.7,0.8
2026-09-21T1500,1354A,113.2764,23.1544,广州市,麓湖,臭氧1小时(O3_1h),105,51,43,33,29,210,NA,124,124,18,28,8,8,0.7,0.6
2026-09-21T1500,1356A,114.0948,22.5506,深圳市,通心岭子站,臭氧1小时(O3_1h),54,32,33,20,22,163,NA,109,109,8,11,3,2,0.6,0.7
2026-09-21T1500,1357A,114.1153,22.5713,深圳市,洪湖,臭氧1小时(O3_1h),62,35,38,24,23,169,NA,99,99,10,25,1,2,0.7,0.7
2026-09-21T1500,1358A,113.9823,22.5398,深圳市,华侨城,臭氧1小时(O3_1h),119,60,38,34,25,238,NA,127,127,16,23,/,/,/,/
2026-09-21T1500,1359A,113.9181,22.517,深圳市,南海子站,臭氧1小时(O3_1h),114,47,40,33,24,227,NA,117,117,15,22,1,2,0.9,0.8
2026-09-21T1500,1360A,114.2345,22.565,深圳市,盐田,,45,32,28,18,18,144,NA,108,108,4,13,9,8,0.7,0.7
2026-09-21T1500,1363A,114.4911,22.5381,深圳市,南澳,,40,30,27,15,19,128,NA,103,103,6,13,/,/,/,/
2026-09-21T1500,1364A,114.41,22.6346,深圳市,葵涌,,44,40,31,21,20,140,NA,111,111,7,12,8,8,0.8,0.8
2026-09-21T1500,1365A,114.2967,22.5978,深圳市,梅沙,,45,30,25,19,16,141,NA,103,103,9,12,/,/,/,/
2026-09-21T1500,1366A,114.0563,22.7353,深圳市,观澜,臭氧1小时(O3_1h),108,55,60,34,32,215,NA,136,136,20,34,3,3,0.8,0.8
2026-09-21T1500,1367A,113.5811,22.2618,珠海市,吉大,,45,33,26,22,21,143,NA,106,106,15,12,10,8,0.8,0.8
2026-09-21T1500,1368A,113.4893,22.2323,珠海市,前山,臭氧1小时(O3_1h),58,44,32,26,21,166,NA,113,113,23,17,/,/,/,/
2026-09-21T1500,1369A,113.6284,22.4252,珠海市,唐家,臭氧1小时(O3_1h),77,33,26,25,21,181,NA,118,118,7,7,/,/,/,/
2026-09-21T1500,1370A,113.2986,22.2284,珠海市,斗门,臭氧1小时(O3_1h),62,39,30,32,25,169,NA,118,118,9,9,10,10,0.6,0.6
2026-09-21T1500,1371A,113.1293,23.0065,佛山市,湾梁,臭氧1小时(O3_1h),107,46,40,37,34,214,NA,128,128,16,19,/,/,/,/
2026-09-21T1500,1372A,113.1082,23.0477,佛山市,华材职中,臭氧1小时(O3_1h),107,46,42,36,36,214,NA,133,133,10,16,2,2,0.7,0.7
2026-09-21T1500,1373A,113.1439,23.045,佛山市,南海气象局,臭氧1小时(O3_1h),93,62,42,37,34,194,NA,127,127,17,19,/,/,/,/
2026-09-21T1500,1374A,113.2879,22.8094,佛山市,顺德苏岗,臭氧1小时(O3_1h),123,45,42,44,31,245,NA,144,144,16,14,/,/,0.6,0.4
2026-09-21T1500,1376A,112.8384,22.8678,佛山市,高明孔堂,臭氧1小时(O3_1h),60,34,42,32,28,168,NA,104,104,10,12,/,/,/,/
2026-09-21T1500,1377A,112.8835,23.1584,佛山市,三水监测站,臭氧1小时(O3_1h),102,48,47,38,41,203,NA,113,113,8,16,4,5,0.5,0.5
2026-09-21T1500,1378A,112.8668,23.185,佛山市,三水云东海,臭氧1小时(O3_1h),83,50,47,37,37,186,NA,114,114,9,13,/,/,/,/
2026-09-21T1500,1379A,113.377,22.5211,中山市,华柏园,臭氧1小时(O3_1h),63,57,37,39,26,170,NA,127,127,9,12,/,/,/,/
2026-09-21T1500,1380A,113.3879,22.5499,中山市,张溪,臭氧1小时(O3_1h),97,63,40,45,26,197,NA,138,138,12,15,/,/,/,/
2026-09-21T1500,1381A,113.4071,22.5111,中山市,紫马岭,臭氧1小时(O3_1h),75,51,33,41,24,180,NA,118,118,10,14,10,9,0.7,0.7
2026-09-21T1500,1383A,113.1063,22.6058,江门市,北街,臭氧1小时(O3_1h),90,36,38,30,29,192,NA,119,119,8,10,/,/,/,/
2026-09-21T1500,1384A,113.073,22.5835,江门市,西区,臭氧1小时(O3_1h),79,38,42,32,28,183,NA,108,108,15,20,/,/,/,/
2026-09-21T1500,1385A,113.0218,22.531,江门市,圭峰西,,50,50,36,25,25,155,NA,102,102,10,14,/,/,/,/
2026-09-21T1500,1390A,113.7943,23.0132,东莞市,东城石井,臭氧1小时(O3_1h),109,NA,42,40,32,217,NA,147,147,NA,19,8,8,1.0,0.9
2026-09-21T1500,1391A,113.7384,22.9659,东莞市,南城西平,臭氧1小时(O3_1h),108,50,41,40,27,215,NA,138,138,13,22,9,9,0.9,0.9
2026-09-21T1500,1392A,114.4181,23.0528,惠州市,河南岸金山湖子站,细颗粒物(PM2.5),78,64,46,49,32,154,NA,124,124,14,15,7,8,0.6,0.6
2026-09-21T1500,1393A,114.4055,23.0824,惠州市,下埔横江三路子站,颗粒物(PM10),60,63,50,36,31,162,NA,123,123,12,15,8,8,0.6,0.6
2026-09-21T1500,1395A,114.4645,22.7832,惠州市,惠阳区承修路船湖子站,臭氧1小时(O3_1h),63,38,46,25,28,170,NA,123,123,8,14,4,4,0.7,0.8
2026-09-21T1500,1396A,114.5316,22.7423,惠州市,大亚湾管委会子站,,48,42,40,28,22,152,NA,102,102,10,18,10,9,0.6,0.6
2026-09-21T1500,1397A,112.426,23.062,肇庆市,睦岗子站,细颗粒物(PM2.5),86,NA,56,53,41,158,NA,89,89,11,26,8,9,/,/
2026-09-21T1500,1398A,112.4645,23.0476,肇庆市,城中子站,细颗粒物(PM2.5),66,52,54,43,37,151,NA,82,82,11,23,11,13,0.9,0.9
2026-09-21T1500,1399A,112.5545,23.1525,肇庆市,坑口子站,臭氧1小时(O3_1h),101,52,45,40,35,201,NA,118,118,8,13,8,8,0.7,0.6
2026-09-21T1500,1401A,108.3098,22.788,南宁市,二十一中,,42,35,41,18,31,132,NA,100,100,7,19,5,5,0.8,0.9
2026-09-21T1500,1402A,108.3135,22.8529,南宁市,北湖,,42,34,59,23,43,132,NA,92,92,7,26,4,5,0.4,0.6
2026-09-21T1500,1403A,108.3205,22.8222,南宁市,市监测站,,45,42,40,18,28,141,NA,108,108,6,14,5,6,0.7,0.8
2026-09-21T1500,1404A,108.3828,22.8038,南宁市,大自然花园,,45,34,39,19,30,144,NA,114,114,9,16,5,5,0.7,0.8
2026-09-21T1500,1406A,108.2397,22.8462,南宁市,区农职院,,42,42,50,19,36,132,NA,103,103,5,14,6,12,0.5,0.7
2026-09-21T1500,1407A,108.3285,22.7356,南宁市,英华嘉园,,44,40,47,16,30,139,NA,95,95,7,25,5,5,0.7,0.7
2026-09-21T1500,1410A,110.3189,20.0596,海口市,海南大学,,36,27,26,19,16,115,NA,106,106,2,3,6,6,0.5,0.4
2026-09-21T1500,1411A,110.2827,20.0051,海口市,秀英海南医院,,37,28,26,20,17,116,NA,98,98,4,12,6,6,0.4,0.4
2026-09-21T1500,1412A,110.3391,19.9979,海口市,海南师范大学,,35,27,25,17,16,110,NA,106,106,2,5,4,4,0.5,0.4
2026-09-21T1500,1413A,110.3303,20.0359,海口市,龙华路环保局宿舍,,35,27,25,17,15,109,NA,106,106,3,4,/,/,0.4,0.3
2026-09-21T1500,1416A,106.4216,29.8256,重庆市,天生,,16,16,21,9,8,50,NA,38,38,12,12,9,9,0.7,0.7
2026-09-21T1500,1417A,106.6264,29.7226,重庆市,两路,,26,26,28,6,11,63,NA,37,37,8,11,5,4,0.7,0.7
2026-09-21T1500,1419A,106.5778,29.5103,重庆市,南坪,,35,35,34,11,14,63,NA,31,31,14,25,6,5,0.5,0.6
2026-09-21T1500,1420A,106.6556,29.6277,重庆市,唐家沱,,19,13,23,4,12,60,NA,27,27,15,24,8,8,0.7,0.7
2026-09-21T1500,1431A,103.9727,30.7242,成都市,金泉两河,,36,NA,20,10,13,115,NA,65,65,6,16,2,2,0.5,0.6
2026-09-21T1500,1432A,104.1423,30.6765,成都市,十里店,,39,NA,22,16,16,123,NA,78,78,4,15,5,5,0.6,0.8
2026-09-21T1500,1433A,104.0594,30.5765,成都市,三瓦窑,,45,18,20,15,14,142,NA,77,77,14,22,6,7,0.8,0.9
2026-09-21T1500,1434A,104.1122,30.6306,成都市,沙河铺,,35,22,26,15,14,112,NA,63,63,9,21,8,8,0.5,0.8
2026-09-21T1500,1439A,106.6863,26.6035,贵阳市,马鞍山,,36,29,25,22,17,113,NA,79,79,6,8,4,4,/,/
2026-09-21T1500,1441A,106.6241,26.6266,贵阳市,鉴湖路,,41,41,39,22,19,106,NA,89,89,5,7,10,11,0.6,0.6
2026-09-21T1500,1442A,106.7468,26.6344,贵阳市,燕子冲,,39,39,35,19,19,118,NA,89,89,9,12,7,7,0.5,0.5
2026-09-21T1500,1443A,106.6556,26.4362,贵阳市,碧云窝,,31,31,41,19,19,84,NA,80,80,8,9,7,7,/,/
2026-09-21T1500,1445A,106.6963,26.6063,贵阳市,红边门,,38,34,33,26,19,107,NA,83,83,7,12,4,6,/,/
2026-09-21T1500,1446A,106.7162383,26.56964667,贵阳市,新华路,,39,39,41,17,19,94,NA,77,77,9,15,7,8,0.4,0.6
2026-09-21T1500,1447A,106.6742,26.542,贵阳市,太慈桥,,39,39,30,20,17,106,NA,80,80,6,11,5,4,/,/
2026-09-21T1500,1450A,102.8203,24.889,昆明市,呈贡新区,,28,10,16,10,12,89,NA,64,64,5,15,3,5,0.3,0.4
2026-09-21T1500,1452A,102.7253,25.0904,昆明市,龙泉镇,,29,NA,27,8,15,90,NA,55,55,9,18,3,3,0.3,0.4
2026-09-21T1500,1453A,102.7267,25.0378,昆明市,东风东路,,29,10,19,6,15,92,NA,63,63,9,14,5,7,0.4,0.5
2026-09-21T1500,1454A,102.6744,25.0671,昆明市,金鼎山,,33,33,38,15,14,92,NA,63,63,8,15,4,5,0.4,0.5
2026-09-21T1500,1455A,102.6643,25.0401,昆明市,碧鸡广场,,28,8,23,8,14,89,NA,58,58,6,16,7,8,0.6,0.6
2026-09-21T1500,1456A,91.132,29.6515,拉萨市,八廓街,,32,9,10,5,6,102,NA,76,76,5,12,8,8,0.2,0.2
2026-09-21T1500,1457A,91.1221,29.6748,拉萨市,市环保局,,32,6,12,5,5,100,NA,70,70,6,12,8,8,0.2,0.2
2026-09-21T1500,1458A,91.0874,29.6476,拉萨市,区监测站,,31,6,9,5,6,98,NA,69,69,6,15,7,7,0.2,0.2
2026-09-21T1500,1459A,91.1774,29.6541,拉萨市,西藏大学,,34,5,9,5,6,106,NA,77,77,8,14,7,7,0.2,0.3
2026-09-21T1500,1460A,90.9798,29.6586,拉萨市,区辐射站,,29,12,21,5,6,90,NA,59,59,8,24,7,8,0.1,0.2
2026-09-21T1500,1461A,91.0831,29.6292,拉萨市,拉萨火车站,,31,9,9,5,5,97,NA,72,72,5,12,7,7,0.3,0.3
2026-09-21T1500,1463A,108.9931,34.2629,西安市,兴庆小区,,32,32,28,15,11,78,NA,50,50,12,12,4,3,0.4,0.4
2026-09-21T1500,1464A,109.0595,34.2569,西安市,纺织城,,30,29,29,21,14,77,NA,41,41,8,18,3,2,0.6,0.6
2026-09-21T1500,1465A,108.9377,34.2178,西安市,小寨,,38,38,28,18,14,60,NA,40,40,18,19,2,2,0.4,0.6
2026-09-21T1500,1466A,108.9522,34.2739,西安市,市人民体育场,,46,46,33,18,16,93,NA,58,58,16,20,4,3,0.8,0.8
2026-09-21T1500,1467A,108.8923,34.2322,西安市,高新西区,,46,46,28,23,14,76,NA,48,48,19,19,5,5,0.5,0.5
2026-09-21T1500,1468A,108.9386,34.3446,西安市,经开区,,46,46,36,22,17,91,NA,45,45,10,18,2,1,0.6,0.7
2026-09-21T1500,1469A,108.894,34.1557,西安市,长安区,,44,44,29,17,12,60,NA,45,45,13,17,2,2,0.4,0.4
2026-09-21T1500,1471A,109.213,34.3748,西安市,临潼区,,49,46,41,34,25,94,NA,43,43,11,21,4,3,0.8,0.8
2026-09-21T1500,1474A,109.0508,34.321,西安市,广运潭,,35,35,30,22,14,76,NA,48,48,14,17,6,5,0.7,0.6
2026-09-21T1500,1479A,103.8309,36.0467,兰州市,铁路设计院,,43,41,43,30,22,137,NA,56,56,21,34,6,4,0.5,0.5
2026-09-21T1500,1489A,106.1361,38.5039,银川市,学院路,,50,47,54,21,25,160,NA,96,96,8,24,7,7,0.4,0.6
2026-09-21T1500,1490A,87.5796,43.8299,乌鲁木齐市,监测站,颗粒物(PM10),62,66,76,34,24,116,NA,52,52,20,44,6,4,0.7,0.7
2026-09-21T1500,1491A,87.6044,43.7679,乌鲁木齐市,收费所,颗粒物(PM10),60,64,81,22,26,107,NA,66,66,19,38,3,2,0.5,0.4
2026-09-21T1500,1493A,87.5529,43.8704,乌鲁木齐市,铁路局,颗粒物(PM10),66,72,78,28,24,127,NA,69,69,19,42,12,9,0.7,0.7
2026-09-21T1500,1494A,87.6408,43.8258,乌鲁木齐市,三十一中学,颗粒物(PM10),60,63,81,24,24,102,NA,65,65,21,37,7,8,0.7,0.7
2026-09-21T1500,1496A,87.7218,44.1747,乌鲁木齐市,米东区环保局,颗粒物(PM10),53,53,81,1,23,140,NA,83,83,3,32,14,13,0.3,0.9
2026-09-21T1500,1508A,112.9508,27.8626,湘潭市,板塘,,43,38,65,30,48,127,NA,94,94,7,20,11,11,0.6,0.6
2026-09-21T1500,1511A,112.9114,27.8404,湘潭市,市监测站,NA,NA,NA,49,26,45,95,NA,78,78,5,14,4,4,0.7,0.6
2026-09-21T1500,1512A,112.8935,27.8729,湘潭市,江麓,颗粒物(PM10),53,53,65,27,47,102,NA,74,74,8,14,8,9,0.5,0.6
2026-09-21T1500,1513A,112.9227,27.8159,湘潭市,岳塘,颗粒物(PM10),51,51,69,27,48,104,NA,81,81,7,14,10,9,0.0,0.2
2026-09-21T1500,1514A,112.9073,27.9118,湘潭市,科大,颗粒物(PM10),51,51,68,29,46,120,NA,80,80,5,11,7,8,0.4,1
2026-09-21T1500,1515A,113.1265,27.8306,株洲市,天台山庄,,38,31,65,26,48,116,NA,83,83,12,23,3,3,0.6,0.8
2026-09-21T1500,1518A,113.0937,27.8919,株洲市,株冶医院,,32,26,59,18,49,102,NA,73,73,6,17,4,5,0.8,1
2026-09-21T1500,1519A,113.1709,27.8661,株洲市,市四中,,38,32,68,26,52,121,NA,84,84,9,20,6,6,0.5,0.7
2026-09-21T1500,1520A,113.1515,27.8265,株洲市,火车站,NA,NA,31,67,NA,53,117,NA,98,98,NA,20,10,12,0.6,0.8
2026-09-21T1500,1524A,113.1329,27.8491,株洲市,市监测站,,38,32,64,25,49,120,NA,85,85,11,23,9,9,0.4,0.6
2026-09-21T1500,1562A,113.0048,27.9153,湘潭市,昭山,颗粒物(PM10),53,53,67,24,49,108,NA,71,71,1,16,7,8,0.6,0.7
2026-09-21T1500,1585A,109.8761,40.6533,包头市,市环境监测站,,40,40,39,22,21,128,NA,75,75,19,34,25,9,1.0,0.6
2026-09-21T1500,1587A,109.9992,40.5843,包头市,包头八中,,37,17,41,9,24,117,NA,69,69,8,36,6,10,0.1,0.9
2026-09-21T1500,1589A,109.8641,40.6288,包头市,惠龙物流,,38,NA,31,23,24,119,NA,74,74,16,32,23,10,0.8,0.7
2026-09-21T1500,1590A,110.0376,40.5546,包头市,东河鸿龙湾,,38,14,32,5,20,119,NA,71,71,4,28,4,6,0.4,0.7
2026-09-21T1500,1591A,110.0024,39.8127,鄂尔多斯市,综合楼,,44,44,36,5,13,112,NA,85,85,14,32,6,6,0.3,0.4
2026-09-21T1500,1592A,109.9485,39.8259,鄂尔多斯市,巴音孟克林场办事处,,34,34,30,10,11,103,NA,82,82,13,34,6,6,0.3,0.4
2026-09-21T1500,1593A,109.7734,39.5987,鄂尔多斯市,康泽苑,,40,27,20,4,9,127,NA,95,95,7,12,4,5,0.3,0.3
2026-09-21T1500,1594A,109.8121,39.5987,鄂尔多斯市,华泰汽车城,,36,17,23,2,11,115,NA,80,80,9,27,2,3,0.2,0.3
2026-09-21T1500,1595A,109.9734,39.7884,鄂尔多斯市,奥林花园,,39,39,29,8,10,103,NA,81,81,13,29,6,5,0.3,0.5
2026-09-21T1500,1597A,122.2704,40.7093,营口市,大庆路,,31,18,33,3,16,98,NA,65,65,8,19,7,8,0.6,0.8
2026-09-21T1500,1598A,122.215,40.6511,营口市,镜湖西路,,31,13,25,2,10,98,NA,66,66,10,18,3,5,0.3,0.5
2026-09-21T1500,1599A,122.1667,40.665,营口市,西炮台,,30,16,28,4,13,96,NA,65,65,8,19,4,6,0.4,0.3
2026-09-21T1500,1600A,124.33,40.0625,丹东市,江湾东路,,28,12,24,2,11,89,NA,78,78,6,10,5,6,0.5,0.7
2026-09-21T1500,1601A,124.4242,40.1513,丹东市,临江后街,NA,NA,NA,23,NA,12,84,NA,71,71,7,10,4,4,0.3,0.5
2026-09-21T1500,1602A,124.3935,40.1461,丹东市,元宝山,,25,11,20,0,12,80,NA,69,69,2,6,7,7,0.4,0.6
2026-09-21T1500,1603A,124.3634,40.1093,丹东市,民主桥,,25,16,29,0,13,78,NA,67,67,7,8,8,8,0.1,0.3
2026-09-21T1500,1604A,122.0303,41.1489,盘锦市,开发区,,35,21,23,5,14,110,NA,72,72,10,14,5,7,0.4,0.4
2026-09-21T1500,1605A,122.0486,41.0883,盘锦市,兴隆台,,36,16,25,1,8,113,NA,74,74,13,27,6,8,0.3,0.4
2026-09-21T1500,1606A,121.8297,41.1026,盘锦市,新生街道,,35,21,19,6,13,110,NA,73,73,10,23,6,7,0.3,0.4
2026-09-21T1500,1607A,120.904878,40.721091,葫芦岛市,龙港区,,32,20,44,5,18,101,NA,74,74,6,32,8,15,0.0,0.4
2026-09-21T1500,1608A,120.8382,40.7521,葫芦岛市,化工街,,32,19,48,8,16,100,NA,67,67,12,37,10,11,0.2,0.3
2026-09-21T1500,1609A,120.8339,40.7078,葫芦岛市,新区,,33,19,34,5,11,104,NA,70,70,6,39,9,11,0.4,0.5
2026-09-21T1500,1610A,120.8697,40.7679,葫芦岛市,东城区,,39,39,51,13,25,109,NA,72,72,10,35,13,17,0.6,0.6
2026-09-21T1500,1611A,118.5818,24.9116,泉州市,涂山街,,40,32,29,13,22,128,NA,118,118,6,9,4,4,0.5,0.5
2026-09-21T1500,1612A,118.597,24.8976,泉州市,津头埔,,37,30,30,11,22,118,NA,109,109,7,10,3,3,0.4,0.5
2026-09-21T1500,1613A,118.6669,24.9422,泉州市,万安,,39,30,30,12,15,124,NA,111,111,6,8,4,5,0.6,0.7
2026-09-21T1500,1618A,118.3429,35.0532,临沂市,沂河小区,颗粒物(PM10),51,51,83,8,56,117,NA,109,109,10,19,10,9,0.5,0.8
2026-09-21T1500,1619A,118.2962,35.0568,临沂市,鲁南制药厂,,41,41,78,8,55,124,NA,118,118,11,21,9,8,0.6,0.9
2026-09-21T1500,1620A,118.2793,34.9976,临沂市,新光毛纺厂,,39,39,68,10,59,124,NA,120,120,18,26,10,10,0.4,0.7
2026-09-21T1500,1621A,118.3955,35.0889,临沂市,河东保险公司,,41,41,73,6,55,125,NA,113,113,16,23,8,7,0.4,0.7
2026-09-21T1500,1622A,116.3034,37.4675,德州市,儿童乐园,,41,31,74,3,47,130,NA,104,104,8,14,9,11,0.4,0.7
2026-09-21T1500,1624A,116.2992,37.4449,德州市,监理站,,40,22,71,3,44,126,NA,103,103,6,13,8,10,0.4,0.7
2026-09-21T1500,1625A,115.9789,36.4372,聊城市,区政府,,50,50,128,22,95,134,NA,85,85,7,23,10,10,0.7,0.8
2026-09-21T1500,1629A,117.9961,37.3604,滨州市,第二水厂,,42,31,48,3,25,133,NA,96,96,10,15,9,9,0.6,0.9
2026-09-21T1500,1630A,117.9789,37.3931,滨州市,北中新校,,43,27,43,4,24,136,NA,103,103,7,12,12,11,0.5,0.7
2026-09-21T1500,1631A,118.0413,36.8101,淄博市,人民公园,,34,27,59,0,34,108,NA,89,89,6,16,6,8,0.1,0.4
2026-09-21T1500,1633A,117.8524,36.4848,淄博市,双山,,35,33,88,3,51,112,NA,97,97,12,26,9,12,0.3,0.7
2026-09-21T1500,1634A,117.9595,36.6332,淄博市,气象站,,46,46,84,3,52,118,NA,95,95,8,23,6,9,0.4,1.1
2026-09-21T1500,1637A,117.5628,34.8379,枣庄市,市中区政府,颗粒物(PM10),53,53,104,25,70,137,NA,98,98,9,24,5,6,0.5,0.6
2026-09-21T1500,1638A,117.2855,34.7838,枣庄市,薛城环保局,细颗粒物(PM2.5),136,129,110,99,86,141,NA,93,93,20,26,5,5,0.7,0.7
2026-09-21T1500,1639A,117.5854,34.7744,枣庄市,峄城区政府,颗粒物(PM10),63,68,93,26,65,147,NA,106,106,8,20,6,6,0.4,0.5
2026-09-21T1500,1641A,117.4516,35.0992,枣庄市,山亭区环保局,,46,46,69,17,55,136,NA,93,93,9,18,3,2,0.4,0.5
2026-09-21T1500,1642A,121.2517,37.564,烟台市,开发区,,40,27,30,1,7,126,NA,91,91,9,10,7,7,0.6,0.6
2026-09-21T1500,1644A,121.3181,37.5436,烟台市,西郊化工站,,38,24,30,0,10,121,NA,90,90,12,14,8,7,0.6,0.6
2026-09-21T1500,1645A,121.4419,37.4858,烟台市,莱山环保局,,37,19,32,0,10,116,NA,91,91,11,12,4,4,0.3,0.4
2026-09-21T1500,1646A,121.2619,37.4965,烟台市,福山环保局,,39,24,39,0,12,122,NA,91,91,5,12,3,4,0.4,0.3
2026-09-21T1500,1650A,119.1436,36.7022,潍坊市,环保局,,34,22,44,0,22,107,NA,93,90,8,12,4,5,0.4,0.6
2026-09-21T1500,1653A,116.6229,35.4288,济宁市,火炬城,臭氧1小时(O3_1h),82,74,147,48,98,185,NA,127,127,13,24,2,3,0.6,0.8
2026-09-21T1500,1656A,117.1436,36.1938,泰安市,监测站,,47,46,81,18,53,148,NA,121,121,9,22,5,6,0.4,0.6
2026-09-21T1500,1657A,117.0905,36.2002,泰安市,人口学校,,46,46,78,17,51,138,NA,116,116,10,18,10,9,0.5,0.7
2026-09-21T1500,1658A,117.0992,36.1757,泰安市,电力学校,颗粒物(PM10),51,51,88,21,69,150,NA,117,117,7,34,6,6,0.3,0.5
2026-09-21T1500,1659A,119.4711,35.421,日照市,监测站,,37,17,41,1,29,118,NA,100,100,10,17,9,10,0.2,0.5
2026-09-21T1500,1660A,119.523,35.4216,日照市,市政府广场,,38,22,43,0,29,121,NA,104,104,12,16,7,8,0.4,0.6
2026-09-21T1500,1661A,119.5511,35.4113,日照市,港务局,,42,27,43,1,25,133,NA,116,115,11,14,8,9,0.5,0.7
2026-09-21T1500,1662A,122.121,37.4231,威海市,华夏技校,,34,17,26,1,16,107,NA,90,90,10,11,/,/,0.3,0.4
2026-09-21T1500,1663A,122.0508,37.5236,威海市,山大分校,,36,15,24,1,16,113,NA,94,94,2,5,/,/,/,/
2026-09-21T1500,1664A,122.1067,37.5067,威海市,市监测站,,35,15,30,1,16,111,NA,93,93,6,9,4,4,0.3,0.5
2026-09-21T1500,1666A,118.6612,37.4313,东营市,市环保局,,34,19,31,0,15,106,NA,85,85,2,4,10,11,0.4,0.6
2026-09-21T1500,1669A,113.5821,24.7733,韶关市,市八中,细颗粒物(PM2.5),80,70,40,50,30,108,NA,89,89,5,7,9,9,0.4,0.6
2026-09-21T1500,1671A,113.5916,24.7973,韶关市,园林处,,42,NA,34,29,31,110,NA,86,86,6,9,12,11,/,/
2026-09-21T1500,1673A,113.5971,24.6864,韶关市,曲江监测站,,39,31,40,26,29,123,NA,97,97,8,14,11,14,0.8,0.7
2026-09-21T1500,1674A,116.6795,23.3666,汕头市,金平子站,,44,30,29,20,21,139,NA,118,118,7,10,5,5,0.7,0.6
2026-09-21T1500,1675A,116.7248,23.3632,汕头市,龙湖子站,,44,44,36,23,22,138,NA,110,110,4,4,6,6,/,/
2026-09-21T1500,1676A,116.7257,23.2774,汕头市,濠江子站,,44,32,34,19,20,139,NA,83,NA,6,8,7,6,/,/
2026-09-21T1500,1677A,116.7518,23.4712,汕头市,澄海子站,NA,NA,NA,33,NA,22,129,NA,102,102,4,6,NA,5,0.7,0.6
2026-09-21T1500,1678A,116.6088,23.2539,汕头市,潮阳子站,,46,41,27,20,21,145,NA,112,112,5,7,8,7,0.5,0.5
2026-09-21T1500,1680A,110.3648,21.2697,湛江市,湛江影剧院,细颗粒物(PM2.5),54,43,36,37,23,156,NA,126,126,9,9,12,13,0.5,0.5
2026-09-21T1500,1681A,110.3907,21.2279,湛江市,市环境监测站,,49,48,30,34,22,146,NA,120,120,5,7,9,8,0.6,0.5
2026-09-21T1500,1682A,110.3936,21.1943,湛江市,环保局宿舍,臭氧1小时(O3_1h),52,45,28,35,20,161,NA,127,127,10,9,11,9,/,/
2026-09-21T1500,1683A,110.4138,21.2033,湛江市,霞山游泳场,细颗粒物(PM2.5),72,52,31,46,22,146,NA,110,110,9,11,12,11,/,/
2026-09-21T1500,1685A,110.4512,21.239,湛江市,坡头区环保局,,50,33,27,27,22,158,NA,116,116,9,8,11,11,0.6,0.5
2026-09-21T1500,1686A,111.0285,21.469,茂名市,电白南海,,43,34,39,20,22,136,NA,112,112,6,11,7,10,0.6,0.6
2026-09-21T1500,1687A,110.9294,21.6533,茂名市,茂石化七小,颗粒物(PM10),53,53,41,32,25,134,NA,110,110,8,9,9,11,0.8,0.7
2026-09-21T1500,1688A,110.9108,21.6688,茂名市,健康路,,46,46,32,32,24,145,NA,121,121,7,9,8,12,1.0,0.9
2026-09-21T1500,1689A,110.8592,21.6826,茂名市,高岭,颗粒物(PM10),51,51,49,32,32,131,NA,106,106,7,12,8,20,/,/
2026-09-21T1500,1690A,116.1248,24.3307,梅州市,梅江月梅,,46,NA,35,32,26,117,NA,85,85,6,11,/,/,/,/
2026-09-21T1500,1691A,116.0798,24.2719,梅州市,梅县新城,NA,NA,NA,35,NA,28,NA,NA,52,NA,NA,12,NA,10,NA,0.5
2026-09-21T1500,1693A,115.3653,22.7751,汕尾市,市环保局,,43,41,31,19,18,137,NA,113,101,13,15,11,12,0.5,0.5
2026-09-21T1500,1695A,115.362,22.7926,汕尾市,新城中学,NA,NA,NA,30,NA,24,143,NA,97,97,10,11,8,9,0.8,0.8
2026-09-21T1500,1697A,114.6962,23.7538,河源市,东埔,,50,NA,36,35,33,104,NA,96,96,7,13,6,8,0.8,0.9
2026-09-21T1500,1698A,114.6895,23.7232,河源市,老城,,39,35,44,27,33,98,NA,93,93,5,12,6,8,0.7,0.7
2026-09-21T1500,1701A,111.9491,21.8658,阳江市,马南垌,,40,34,31,22,22,127,NA,107,107,4,8,7,9,0.6,0.6
2026-09-21T1500,1703A,113.0218,23.7086,清远市,凤城街办,,40,26,38,21,28,126,NA,105,105,2,10,/,/,/,/
2026-09-21T1500,1708A,116.3701,23.5345,揭阳市,新兴,,48,46,46,29,30,152,NA,104,104,10,15,8,9,0.9,0.9
2026-09-21T1500,1709A,116.3261,23.5442,揭阳市,西马,,49,49,53,27,33,150,NA,109,109,9,10,6,6,0.8,0.8
2026-09-21T1500,1710A,116.361,23.5627,揭阳市,东兴,颗粒物(PM10),53,54,48,30,33,159,NA,106,106,9,15,6,7,/,/
2026-09-21T1500,1711A,116.4151,23.5295,揭阳市,渔湖,,47,44,47,27,33,148,NA,97,97,7,13,5,6,/,/
2026-09-21T1500,1714A,112.0281,22.9738,云浮市,牧羊,颗粒物(PM10),72,80,56,23,40,133,NA,73,73,6,27,6,14,0.7,0.8
2026-09-21T1500,1715A,102.575,24.371,玉溪市,东风水库,,21,8,16,2,8,67,NA,49,49,6,9,6,6,0.4,0.6
2026-09-21T1500,1723A,113.2926,40.0759,大同市,云冈宾馆,,39,14,31,5,10,123,NA,71,71,13,27,9,8,0.4,0.7
2026-09-21T1500,1724A,113.3437,40.0921,大同市,大同大学,,40,13,32,3,11,125,NA,85,85,10,25,7,9,0.5,0.6
2026-09-21T1500,1725A,113.2637,40.129,大同市,安家小村,,40,16,26,2,11,126,NA,75,75,9,23,5,3,0.4,0.6
2026-09-21T1500,1727A,113.1146,36.1547,长治市,清华站,细颗粒物(PM2.5),96,68,69,58,71,140,NA,69,69,10,17,9,9,1.2,1.2
2026-09-21T1500,1730A,113.0887,36.2126,长治市,审计局,细颗粒物(PM2.5),112,NA,63,73,71,134,NA,66,66,11,26,12,11,1.2,1.1
2026-09-21T1500,1731A,113.0845,36.1856,长治市,长治八中,细颗粒物(PM2.5),111,75,80,72,63,134,NA,65,65,13,24,12,11,1.3,1.3
2026-09-21T1500,1733A,111.5552,36.0791,临汾市,临钢医院,颗粒物(PM10),65,71,114,40,77,127,NA,78,78,10,20,5,6,0.8,1.3
2026-09-21T1500,1734A,111.4984,36.0734,临汾市,技工学校,细颗粒物(PM2.5),74,61,115,47,81,123,NA,71,71,8,19,6,6,0.7,1.3
2026-09-21T1500,1736A,111.5017,36.0857,临汾市,市委,颗粒物(PM10),58,60,127,36,80,126,NA,73,73,6,17,5,5,0.8,1.4
2026-09-21T1500,1739A,113.4894,37.8717,阳泉市,赛鱼,颗粒物(PM10),55,56,62,30,39,134,NA,87,87,11,33,8,8,0.7,0.9
2026-09-21T1500,1740A,113.582,37.8473,阳泉市,南庄,,41,41,54,26,42,129,NA,89,89,9,18,5,7,0.8,1.1
2026-09-21T1500,1742A,113.5616,37.8706,阳泉市,平坦,,44,43,60,30,41,138,NA,90,90,8,23,12,14,0.8,1.2
2026-09-21T1500,1743A,113.5115,37.8391,阳泉市,大阳泉,,40,29,40,28,32,123,NA,106,106,10,11,5,5,0.8,1
2026-09-21T1500,1744A,118.9229,42.2816,赤峰市,松山一中,,32,2,13,1,9,100,NA,67,67,8,27,9,14,0.3,0.4
2026-09-21T1500,1745A,118.9588,42.2733,赤峰市,哈达街,,35,3,20,2,11,109,NA,80,80,7,26,9,25,0.4,0.6
2026-09-21T1500,1746A,118.8792,42.2551,赤峰市,天义路,,32,5,20,2,8,100,NA,70,70,5,23,4,14,0.5,0.6
2026-09-21T1500,1748A,123.0441,41.1201,鞍山市,深沟寺,,31,23,36,7,14,97,NA,64,64,7,21,7,7,0.4,0.5
2026-09-21T1500,1749A,123.011,41.0931,鞍山市,太阳城,,33,26,35,6,14,103,NA,68,68,9,19,9,10,0.5,0.6
2026-09-21T1500,1750A,123.0483,41.1445,鞍山市,太平,,29,20,52,7,20,91,NA,59,59,9,25,9,12,0.7,0.9
2026-09-21T1500,1751A,122.964,41.0968,鞍山市,铁西三道街,,29,20,43,8,21,90,NA,60,60,14,30,14,18,1.3,1.7
2026-09-21T1500,1753A,123.0219,41.0822,鞍山市,明达新区,,31,25,30,8,13,97,NA,66,66,7,17,8,10,0.7,0.8
2026-09-21T1500,1755A,123.7974,41.8494,抚顺市,望花区,,30,12,20,3,11,94,NA,62,62,8,15,7,6,0.4,0.5
2026-09-21T1500,1756A,123.9161,41.8827,抚顺市,顺城区,,29,8,18,1,10,90,NA,62,62,5,17,10,10,0.5,0.6
2026-09-21T1500,1757A,124.0437,41.8615,抚顺市,东洲区,,31,9,22,3,10,97,NA,66,66,5,10,8,8,0.5,0.5
2026-09-21T1500,1758A,123.9246,41.8638,抚顺市,新抚区,,29,8,26,5,13,92,NA,62,62,8,17,8,7,0.3,0.4
2026-09-21T1500,1759A,124.0972,41.8961,抚顺市,大伙房水库,NA,NA,NA,18,NA,10,95,NA,76,76,8,13,13,11,NA,0.4
2026-09-21T1500,1760A,123.708,41.8386,抚顺市,沈抚新城,,32,12,19,1,7,102,NA,64,64,10,17,10,10,0.4,0.6
2026-09-21T1500,1761A,123.8274146,41.31234549,本溪市,大峪,,27,4,27,3,17,86,NA,49,49,5,18,6,6,0.5,0.8
2026-09-21T1500,1763A,123.7169,41.3094,本溪市,彩屯,,28,11,31,1,14,88,NA,48,48,9,23,9,7,0.5,0.8
2026-09-21T1500,1764A,123.7672166,41.28649327,本溪市,东明,,29,14,34,0,17,91,NA,54,54,8,27,6,5,0.4,0.7
2026-09-21T1500,1765A,123.799345,41.266614,本溪市,新立屯,,30,20,21,0,11,93,NA,58,58,6,17,9,8,0.4,0.5
2026-09-21T1500,1766A,123.829144,41.336777,本溪市,威宁,,28,5,30,3,21,87,NA,44,44,4,19,6,5,0.3,0.6
2026-09-21T1500,1767A,121.1114,41.0879,锦州市,南山,NA,NA,90,46,7,17,142,NA,79,79,NA,34,12,8,0,0.4
2026-09-21T1500,1768A,121.060361,40.842794,锦州市,开发区,,34,21,49,4,22,106,NA,78,78,4,33,6,35,0.3,1
2026-09-21T1500,1769A,121.1836,41.1118,锦州市,百股街道,,45,37,34,7,15,141,NA,96,96,13,28,14,13,0.5,0.6
2026-09-21T1500,1770A,121.1176,41.1224,锦州市,天安街道,NA,NA,NA,44,NA,18,142,NA,81,81,16,34,14,13,0.3,0.5
2026-09-21T1500,1771A,121.1303,41.1385,锦州市,北湖公园,,48,28,34,11,15,153,NA,93,93,12,22,12,9,0.2,0.2
2026-09-21T1500,1772A,126.54,43.8622,吉林市,哈达湾,,26,13,17,6,13,82,NA,64,64,8,14,9,6,0.4,0.4
2026-09-21T1500,1773A,126.5843,43.8358,吉林市,东局子,,27,9,18,6,14,84,NA,66,66,12,17,8,6,0.6,0.5
2026-09-21T1500,1774A,126.5051,43.8243,吉林市,电力学院,,23,10,24,6,13,72,NA,58,58,10,8,13,9,0.5,0.5
2026-09-21T1500,1775A,126.6133,43.8971,吉林市,江北,,42,42,28,5,11,77,NA,62,62,5,9,7,6,0.4,0.4
2026-09-21T1500,1776A,126.5549,43.8304,吉林市,江南公园,,25,14,18,5,13,77,NA,58,58,10,11,8,6,0.3,0.2
2026-09-21T1500,1779A,123.9307,47.3641,齐齐哈尔市,安居小区,,21,21,23,2,4,57,NA,48,48,5,12,3,3,0.2,0.3
2026-09-21T1500,1780A,123.9497,47.3389,齐齐哈尔市,中心广场,,18,5,12,2,4,55,NA,48,48,6,11,3,3,0.0,0
2026-09-21T1500,1781A,123.9483,47.3229,齐齐哈尔市,农牧车辆厂,,27,27,20,2,3,58,NA,51,51,4,10,4,4,0.5,0.6
2026-09-21T1500,1783A,123.9442,47.2994,齐齐哈尔市,市环境监测站,,18,8,19,3,4,57,NA,49,49,4,11,4,4,0.2,0.2
2026-09-21T1500,1784A,129.61,44.561,牡丹江市,环保大楼,,19,12,17,3,6,60,NA,53,53,6,10,5,5,0.2,0.3
2026-09-21T1500,1787A,129.6364,44.6075,牡丹江市,机车工厂,,28,28,34,5,8,60,NA,52,52,4,11,8,7,0.1,0.2
2026-09-21T1500,1788A,129.6386,44.5462,牡丹江市,第一中学,,33,33,18,7,5,63,NA,55,55,4,7,3,3,0.3,0.4
2026-09-21T1500,1789A,124.8085,46.0381,大庆市,大同区,,24,22,19,4,5,74,NA,58,58,5,13,5,5,0.3,0.3
2026-09-21T1500,1790A,125.1166,46.5255,大庆市,龙凤区,,20,17,28,8,8,64,NA,48,48,6,19,2,2,0.2,0.3
2026-09-21T1500,1791A,124.8894,46.4007,大庆市,红岗区,,23,23,23,5,6,62,NA,50,50,5,15,6,7,0.2,0.3
2026-09-21T1500,1792A,125.1391,46.578,大庆市,萨尔图区,,22,22,26,10,6,58,NA,43,43,8,19,7,8,0.5,0.6
2026-09-21T1500,1793A,124.9026,46.6217,大庆市,让胡路区,,23,23,28,1,7,62,NA,44,44,3,14,4,4,0.2,0.3
2026-09-21T1500,1794A,118.3603,31.3515,芜湖市,监测站,,47,42,41,24,30,149,NA,78,78,12,21,9,9,0.6,0.7
2026-09-21T1500,1795A,118.3716,31.4135,芜湖市,科创中心,,48,34,41,27,25,153,NA,83,83,9,21,8,9,0.6,0.9
2026-09-21T1500,1796A,118.3671,31.3132,芜湖市,四水厂,臭氧1小时(O3_1h),58,41,39,24,23,166,NA,86,86,10,17,9,9,0.7,0.7
2026-09-21T1500,1798A,118.5084,31.6838,马鞍山市,湖东路四小,,49,49,41,18,20,143,NA,86,86,7,16,9,9,1.0,1.1
2026-09-21T1500,1799A,118.5019,31.6449,马鞍山市,开发区,,45,43,41,19,22,142,NA,84,84,11,21,8,8,1.0,1.1
2026-09-21T1500,1803A,115.9873,29.6816,九江市,十里,颗粒物(PM10),58,60,60,36,46,113,NA,89,89,10,15,3,4,1.0,1
2026-09-21T1500,1804A,115.9583,29.7047,九江市,茅山头,细颗粒物(PM2.5),74,NA,55,47,56,104,NA,85,85,11,17,4,4,0.8,0.9
2026-09-21T1500,1805A,115.9877,29.7295,九江市,西园,细颗粒物(PM2.5),68,52,55,44,52,103,NA,85,85,15,20,8,8,0.9,0.9
2026-09-21T1500,1808A,115.9112,29.6038,九江市,综合工业园,细颗粒物(PM2.5),64,58,59,42,49,112,NA,96,96,25,30,9,9,1.0,1.1
2026-09-21T1500,1812A,112.3934,34.6517,洛阳市,市委党校,细颗粒物(PM2.5),72,51,42,46,37,130,NA,73,73,8,20,9,9,0.6,0.8
2026-09-21T1500,1815A,112.494,34.6883,洛阳市,河南林校,细颗粒物(PM2.5),62,45,41,41,35,104,NA,69,69,13,16,8,8,0.6,0.6
2026-09-21T1500,1816A,112.3843,34.623,洛阳市,开发区管委会,细颗粒物(PM2.5),52,NA,32,36,32,122,NA,86,86,7,11,12,12,0.6,0.7
2026-09-21T1500,1817A,112.4263,34.6249,洛阳市,市委新办公区,细颗粒物(PM2.5),60,NA,32,40,33,119,NA,75,75,6,13,11,10,0.6,0.7
2026-09-21T1500,1819A,114.3552,36.1017,安阳市,红庙街,细颗粒物(PM2.5),110,83,71,71,55,140,NA,103,103,12,15,2,3,0.8,0.9
2026-09-21T1500,1820A,114.361,36.0681,安阳市,银杏小区,细颗粒物(PM2.5),110,98,75,70,53,145,NA,112,112,15,17,5,6,1.1,1.1
2026-09-21T1500,1824A,114.3389,34.778,开封市,肿瘤医院,细颗粒物(PM2.5),84,95,48,52,45,137,NA,100,100,10,11,6,5,1.0,0.8
2026-09-21T1500,1826A,114.2884,34.7966,开封市,世纪星幼儿园,细颗粒物(PM2.5),103,NA,43,63,45,135,NA,89,89,11,14,4,2,0.9,0.7
2026-09-21T1500,1832A,113.3257,33.7423,平顶山市,新华旅馆,细颗粒物(PM2.5),80,NA,36,50,34,131,NA,118,118,8,12,8,8,0.7,0.7
2026-09-21T1500,1833A,113.2917,33.737,平顶山市,规划设计院,细颗粒物(PM2.5),94,NA,27,57,31,125,NA,116,116,10,13,8,7,0.8,0.7
2026-09-21T1500,1834A,113.182,33.7738,平顶山市,平顶山工学院,细颗粒物(PM2.5),70,61,31,45,31,118,NA,110,110,11,10,9,9,0.6,0.5
2026-09-21T1500,1835A,111.1922,34.7752,三门峡市,市政府,,49,NA,31,34,32,94,NA,61,61,5,18,6,6,0.6,0.8
2026-09-21T1500,1836A,111.1588,34.794,三门峡市,开发区,,32,28,41,22,29,92,NA,60,60,9,16,5,5,0.7,0.7
2026-09-21T1500,1840A,111.2991,30.6981,宜昌市,白龙岗,,19,12,28,4,17,59,NA,45,42,5,10,5,5,0.5,0.6
2026-09-21T1500,1842A,111.263451,30.696754,宜昌市,点军区,,20,11,30,2,17,61,NA,37,37,8,11,6,6,0.4,0.5
2026-09-21T1500,1843A,111.3276,30.782,宜昌市,夷陵区,,18,6,21,5,15,56,NA,40,36,9,11,6,6,0.5,0.5
2026-09-21T1500,1844A,112.2493,30.3198,荆州市,市图书馆,,23,18,38,10,31,72,NA,64,59,10,14,6,7,0.7,0.8
2026-09-21T1500,1845A,112.2009,30.3543,荆州市,市委党校,,22,15,40,12,28,70,NA,62,62,8,10,6,6,0.7,0.8
2026-09-21T1500,1848A,113.1494,29.425,岳阳市,城陵矶,颗粒物(PM10),69,76,68,25,28,69,NA,56,56,14,19,3,6,1.3,1.2
2026-09-21T1500,1849A,113.1493,29.3575,岳阳市,开发区,细颗粒物(PM2.5),58,58,63,39,40,79,NA,59,59,13,18,6,9,0.8,0.7
2026-09-21T1500,1850A,113.2672,29.4752,岳阳市,云溪区,,50,50,57,28,43,82,NA,65,65,8,13,5,6,0.8,0.8
2026-09-21T1500,1851A,112.9944,29.44,岳阳市,君山区,颗粒物(PM10),58,60,60,30,38,81,NA,64,64,12,12,4,5,0.7,0.7
2026-09-21T1500,1854A,111.696,28.9725,常德市,市二中,,26,24,45,18,49,76,NA,72,66,7,10,9,9,0.9,0.9
2026-09-21T1500,1858A,110.532,29.1219,张家界市,永定新区,,23,20,48,8,37,73,NA,64,64,8,10,/,/,/,/
2026-09-21T1500,1859A,110.4696,29.1244,张家界市,电业局,,24,8,31,6,29,74,NA,64,61,10,9,1,1,0.7,0.7
2026-09-21T1500,1860A,110.5573,29.3486,张家界市,未央路,,18,NA,26,6,28,56,NA,63,56,22,11,7,6,0.4,0.4
2026-09-21T1500,1864A,110.3091,25.2705,桂林市,龙隐路小学,,43,43,37,22,28,127,NA,88,88,10,11,5,5,0.8,0.8
2026-09-21T1500,1865A,110.2849361,25.22909545,桂林市,八中,,42,30,38,16,16,132,NA,91,91,9,11,4,4,0.7,0.7
2026-09-21T1500,1867A,109.1435,21.4085,北海市,海滩公园,,43,23,26,15,17,136,NA,120,120,4,6,4,4,0.6,0.6
2026-09-21T1500,1868A,109.0983,21.466,北海市,新市环保局,NA,NA,NA,30,NA,21,150,NA,132,132,NA,9,NA,7,0.4,0.4
2026-09-21T1500,1869A,109.1775,21.5232,北海市,北海工业园,,50,50,37,18,22,156,NA,124,124,8,11,3,3,0.6,0.6
2026-09-21T1500,1870A,109.4854,24.3898,柳州市,柳东小学,,49,48,56,32,33,154,NA,96,96,6,13,6,6,0.8,0.8
2026-09-21T1500,1871A,109.4109,24.3304,柳州市,环保监测站,颗粒物(PM10),56,58,50,30,35,164,NA,117,117,8,14,6,6,0.8,0.9
2026-09-21T1500,1872A,109.3886,24.3408,柳州市,河西水厂,细颗粒物(PM2.5),72,57,64,46,41,160,NA,110,110,10,20,11,12,0.8,0.9
2026-09-21T1500,1873A,109.4263,24.2951,柳州市,市四中,颗粒物(PM10),68,74,55,37,38,168,NA,118,118,10,17,8,7,0.7,0.7
2026-09-21T1500,1874A,109.396,24.3658,柳州市,市九中,臭氧1小时(O3_1h),60,38,60,32,38,168,NA,115,115,9,17,7,8,0.7,0.8
2026-09-21T1500,1875A,109.4912,24.3164,柳州市,古亭山,颗粒物(PM10),65,71,47,30,36,162,NA,107,107,7,22,6,5,0.8,0.8
2026-09-21T1500,1877A,109.4962,18.2682,三亚市,河西子站,,30,16,19,14,10,93,NA,72,72,4,5,4,4,0.1,0.2
2026-09-21T1500,1878A,104.7775,31.4741,绵阳市,富乐山,,34,28,28,10,12,107,NA,66,66,11,15,10,10,0.7,0.7
2026-09-21T1500,1880A,104.6698,31.4668,绵阳市,高新区自来水公司,,36,22,27,9,11,114,NA,76,76,4,16,9,9,0.8,0.8
2026-09-21T1500,1883A,104.6204,28.7728,宜宾市,市委,,25,18,25,11,17,78,NA,42,42,11,18,9,9,0.7,0.8
2026-09-21T1500,1884A,104.6056,28.7931,宜宾市,宜宾四中,,28,19,28,12,18,87,NA,48,48,8,12,8,8,0.8,0.9
2026-09-21T1500,1886A,104.5743,28.7199,宜宾市,黄金嘴,,24,18,24,10,15,75,NA,42,42,10,13,4,3,0.6,0.6
2026-09-21T1500,1888A,101.6891,26.571,攀枝花市,弄弄坪,,28,28,32,9,11,84,NA,60,60,6,18,13,18,0.4,1.1
2026-09-21T1500,1889A,101.577,26.5914,攀枝花市,河门口,,30,20,24,10,11,96,NA,66,66,8,12,16,13,0.9,0.9
2026-09-21T1500,1891A,101.7365,26.4986,攀枝花市,仁和,,18,8,20,5,13,56,NA,42,42,3,10,6,7,0.5,0.7
2026-09-21T1500,1894A,105.4427,28.9063,泸州市,小市上码头,,27,21,28,10,17,85,NA,42,42,7,11,6,6,0.6,0.7
2026-09-21T1500,1895A,105.4241,28.8573,泸州市,兰田宪桥,,23,18,34,5,15,73,NA,34,34,9,13,9,8,0.6,0.6
2026-09-21T1500,1896A,105.4378,28.8833,泸州市,市环监站,,26,15,21,9,16,83,NA,41,41,7,11,6,5,0.9,0.9
2026-09-21T1500,1901A,104.424,31.1209,德阳市,东山公园,,35,NA,20,12,10,111,NA,65,65,6,15,6,6,0.7,0.8
2026-09-21T1500,1902A,104.3827,31.1318,德阳市,西小区,,39,30,30,17,12,123,NA,77,77,13,18,10,11,0.6,0.7
2026-09-21T1500,1904A,104.3553,31.1091,德阳市,耐火材料厂,,37,32,31,13,13,118,NA,73,73,7,15,2,3,0.6,0.7
2026-09-21T1500,1906A,106.0791,30.8022,南充市,南充市委,,18,17,14,9,5,57,NA,23,23,10,11,6,6,0.4,0.4
2026-09-21T1500,1907A,106.1038,30.8215,南充市,南充炼油厂,,22,22,14,7,4,60,NA,26,26,10,11,7,7,0.3,0.3
2026-09-21T1500,1911A,106.9218,27.6872,遵义市,丁字口,,23,18,30,16,30,64,NA,49,49,7,13,5,6,1.0,1
2026-09-21T1500,1912A,106.9241,27.7044,遵义市,凤凰山,,26,22,32,18,26,65,NA,53,53,2,4,5,6,0.8,0.8
2026-09-21T1500,1913A,106.8895,27.648,遵义市,忠庄,,25,18,39,17,29,72,NA,54,54,6,10,5,5,0.8,0.8
2026-09-21T1500,1915A,106.9225,27.7253,遵义市,干田坝,,29,29,43,20,27,69,NA,56,56,4,7,6,6,0.7,0.7
2026-09-21T1500,1916A,103.7897,25.5036,曲靖市,环境监测站,,36,36,24,5,13,88,NA,70,70,5,12,2,4,0.2,0.4
2026-09-21T1500,1917A,103.8013,25.5357,曲靖市,烟厂办公区,,23,NA,24,2,12,71,NA,58,58,2,9,1,3,0.4,0.6
2026-09-21T1500,1919A,108.6726,34.315,咸阳市,实验中学,颗粒物(PM10),54,55,39,23,19,119,NA,51,51,15,23,6,6,0.6,0.6
2026-09-21T1500,1920A,108.7226,34.3622,咸阳市,师范学院,,44,44,39,27,21,114,NA,52,52,15,20,7,7,0.4,0.4
2026-09-21T1500,1923A,109.0696,35.0699,铜川市,王益区政府,,38,30,34,26,25,111,NA,67,67,10,15,4,5,0.8,0.9
2026-09-21T1500,1924A,108.9345,34.9059,铜川市,新区管委会,,38,NA,38,26,27,113,NA,65,65,10,19,3,4,0.9,1
2026-09-21T1500,1927A,109.4569,36.6161,延安市,延大医附院,,36,22,25,16,20,114,NA,68,68,7,21,5,4,0.6,0.6
2026-09-21T1500,1929A,109.5053,36.6105,延安市,百米大道,,36,28,41,15,20,114,NA,70,70,9,21,6,4,0.8,0.8
2026-09-21T1500,1931A,107.0802,34.3129,宝鸡市,竹园沟,,38,26,26,12,12,119,NA,64,64,8,9,5,5,0.4,0.4
2026-09-21T1500,1933A,107.1429,34.3549,宝鸡市,监测站,,39,32,33,15,14,123,NA,56,56,8,14,2,2,0.5,0.5
2026-09-21T1500,1934A,107.1172,34.3759,宝鸡市,技工学校,,40,40,31,17,15,120,NA,58,58,8,9,6,6,0.6,0.6
2026-09-21T1500,1936A,107.2025,34.3518,宝鸡市,文理学院,,41,24,32,14,15,130,NA,60,60,7,12,5,5,0.4,0.4
2026-09-21T1500,1937A,107.2396,34.3626,宝鸡市,三迪小学,颗粒物(PM10),51,51,37,20,18,126,NA,58,58,11,15,4,4,0.4,0.4
2026-09-21T1500,1940A,109.4605,34.4927,渭南市,体育馆,,46,36,33,32,24,88,NA,52,52,10,21,4,4,0.6,0.6
2026-09-21T1500,1941A,109.4257,34.5067,渭南市,高新一小,颗粒物(PM10),53,53,58,30,28,90,NA,51,51,5,15,3,4,0.3,0.3
2026-09-21T1500,1944A,102.1691,38.5166,金昌市,天庆家园,,35,31,39,7,16,112,NA,74,74,6,18,12,14,0.2,0.4
2026-09-21T1500,1945A,98.291,39.7705,嘉峪关市,气象局,,39,19,32,13,10,122,NA,98,98,7,24,6,8,0.4,0.5
2026-09-21T1500,1948A,106.3668,39.0145,石嘴山市,大武口朝阳西街,,45,34,51,18,25,143,NA,97,97,12,29,6,22,0.6,0.9
2026-09-21T1500,1949A,106.7713,39.2278,石嘴山市,惠农南大街,,42,33,46,10,10,132,NA,82,82,7,31,10,13,0.4,0.6
2026-09-21T1500,1950A,106.7074,39.1332,石嘴山市,红果子镇惠新街,,43,27,41,10,14,136,NA,90,90,8,22,7,9,0.4,0.5
2026-09-21T1500,1951A,84.886,45.6029,克拉玛依市,长征新村,颗粒物(PM10),52,52,53,7,17,104,NA,79,67,11,21,4,4,0.4,0.5
2026-09-21T1500,1952A,84.8894,45.5827,克拉玛依市,南林小区,,49,49,57,0,12,100,NA,54,54,10,28,6,7,0.1,0.2
2026-09-21T1500,1954A,84.896,44.3328,克拉玛依市,独山子区,颗粒物(PM10),58,60,62,4,14,129,NA,84,84,6,21,5,5,0.3,0.4
2026-09-21T1500,1955A,85.6888,46.0909,克拉玛依市,乌尔禾区商贸楼,,37,37,47,14,17,108,NA,55,55,5,20,8,8,0.3,0.4
2026-09-21T1500,1956A,86.1476,41.7529,巴音郭楞蒙古自治州,孔雀公园,颗粒物(PM10),68,75,111,22,31,101,NA,48,48,3,25,3,3,0.2,0.3
2026-09-21T1500,1957A,86.1971,41.7166,巴音郭楞蒙古自治州,棉纺厂,颗粒物(PM10),89,104,156,26,39,103,NA,64,64,4,17,/,/,/,/
2026-09-21T1500,1958A,86.236,41.7172,巴音郭楞蒙古自治州,经济开发区,颗粒物(PM10),62,66,118,25,37,101,NA,57,57,3,19,2,3,0.2,0.2
2026-09-21T1500,1961A,117.5323,36.6865,济南市,东山小学,,46,34,88,2,46,147,NA,106,106,13,27,9,11,0.3,0.6
2026-09-21T1500,1982A,122.0693,37.2175,威海市,文登开发区,NA,NA,NA,30,1,18,108,NA,90,90,9,12,/,/,/,/
2026-09-21T1500,2031A,113.1836,27.9959,株洲市,云田中学,,44,38,66,30,52,139,NA,85,85,9,18,10,10,0.5,0.7
2026-09-21T1500,2054A,114.1096,32.1059,信阳市,平桥分局,,33,17,27,10,22,103,NA,77,77,5,6,7,7,0.5,0.6
2026-09-21T1500,2064A,113.9956,32.1272,信阳市,南湾水厂,,28,26,35,6,22,88,NA,69,69,7,7,6,6,0.5,0.6
2026-09-21T1500,2065A,114.078,32.1194,信阳市,市酿酒公司,,29,29,40,12,24,92,NA,70,70,5,7,6,6,0.7,0.8
2026-09-21T1500,2066A,114.0712,32.1393,信阳市,审计局,,31,30,38,13,23,98,NA,78,78,5,7,5,5,0.5,0.6
2026-09-21T1500,2068A,114.6755,33.6347,周口市,周口师范,细颗粒物(PM2.5),80,57,38,50,33,109,NA,101,101,12,9,2,1,0.7,0.5
2026-09-21T1500,2160A,112.8496,35.5051,晋城市,自来水公司,,48,48,59,24,41,137,NA,75,75,9,20,6,6,0.8,1
2026-09-21T1500,2162A,112.8509,35.4886,晋城市,市环保局,颗粒物(PM10),54,55,54,22,47,125,NA,70,70,8,18,4,5,0.8,0.9
2026-09-21T1500,2166A,112.4399,39.3521,朔州市,平朔,,39,16,50,3,14,122,NA,77,77,4,29,9,8,0.1,0.2
2026-09-21T1500,2167A,112.4574,39.362,朔州市,朔唯,,41,22,50,5,15,131,NA,84,84,4,35,10,12,/,/
2026-09-21T1500,2168A,112.426,39.3199,朔州市,区政府,,36,10,41,2,15,114,NA,75,75,5,26,4,5,0.2,0.3
2026-09-21T1500,2169A,112.4075,39.3277,朔州市,市环保局,,40,19,41,5,19,126,NA,84,84,5,20,4,4,/,/
2026-09-21T1500,2170A,112.4273,39.3682,朔州市,市二中,,43,32,49,3,15,135,NA,83,83,8,41,9,9,/,/
2026-09-21T1500,2174A,112.6992,37.6984,晋中市,榆次区政府,细颗粒物(PM2.5),90,61,58,55,46,118,NA,82,74,6,14,9,10,1.2,0.8
2026-09-21T1500,2175A,110.996,35.0148,运城市,运城中学,,48,40,50,33,37,82,NA,67,67,9,9,5,5,0.9,1
2026-09-21T1500,2178A,110.9685,35.0305,运城市,地区技校,细颗粒物(PM2.5),64,44,39,42,40,85,NA,72,72,8,8,4,4,0.8,0.9
2026-09-21T1500,2181A,112.7313,38.457,忻州市,开发区,,43,30,39,30,26,128,NA,76,76,9,20,6,8,0.7,0.7
2026-09-21T1500,2182A,112.7023,38.4932,忻州市,会展中心,,43,32,43,28,25,137,NA,84,84,8,18,7,9,0.5,0.5
2026-09-21T1500,2183A,111.1447,37.5212,吕梁市,环保局,,47,47,47,28,28,108,NA,56,56,13,35,6,4,0.9,0.8
2026-09-21T1500,2185A,111.1285,37.5338,吕梁市,自来水公司,,47,47,51,30,28,102,NA,63,63,16,36,3,4,0.8,0.7
2026-09-21T1500,2187A,106.8172,39.6972,乌海市,市林业局,,47,22,37,9,9,149,NA,90,90,6,19,12,8,0.4,0.4
2026-09-21T1500,2188A,106.7907,39.6666,乌海市,中海勃湾学校,臭氧1小时(O3_1h),57,28,35,16,11,165,NA,94,94,8,27,17,18,0.6,0.5
2026-09-21T1500,2191A,122.253,43.6801,通辽市,艺术职业学校,,28,15,28,6,9,87,NA,68,68,3,11,8,10,0.4,0.4
2026-09-21T1500,2195A,107.4206,40.7609,巴彦淖尔市,附二中,,34,22,24,5,9,108,NA,77,77,5,17,7,7,0.3,0.4
2026-09-21T1500,2196A,107.37,40.7372,巴彦淖尔市,市环保大楼,,34,19,31,2,7,108,NA,81,81,2,10,13,13,0.5,0.5
2026-09-21T1500,2197A,113.1306,40.9924,乌兰察布市,集宁新区,,37,17,31,6,13,118,NA,78,78,2,22,8,6,0.2,0.3
2026-09-21T1500,2202A,116.1048,43.9318,锡林郭勒盟,市环保监测站,,31,14,18,2,4,97,NA,83,83,6,11,2,2,0.2,0.2
2026-09-21T1500,2203A,116.0778,43.9312,锡林郭勒盟,市政府,,29,12,16,2,4,90,NA,78,78,4,8,1,2,0.1,0.2
2026-09-21T1500,2205A,105.699,38.8409,阿拉善盟,蒙二幼,,41,24,19,8,7,130,NA,116,116,3,4,8,8,0.5,0.5
2026-09-21T1500,2206A,105.7198,38.8508,阿拉善盟,环保局新楼,,37,18,15,10,6,118,NA,109,109,5,4,9,9,0.5,0.5
2026-09-21T1500,2207A,121.6095,41.9978,阜新市,工业园区,,29,16,32,0,8,91,NA,65,65,3,21,5,8,0.1,0.9
2026-09-21T1500,2208A,121.6567,42.0188,阜新市,长青街,,27,10,26,0,8,86,NA,64,64,7,28,6,13,0.2,0.4
2026-09-21T1500,2209A,121.6672,42.07,阜新市,农业园区,,27,13,19,0,4,86,NA,71,71,3,11,3,8,0.3,0.5
2026-09-21T1500,2211A,121.6343,42.0455,阜新市,玉龙新城,,30,12,29,0,7,94,NA,69,69,6,28,6,10,0,0.4
2026-09-21T1500,2212A,123.1978,41.2036,辽阳市,宏伟区,,33,6,36,5,13,104,NA,66,66,6,18,11,13,0.4,0.5
2026-09-21T1500,2213A,123.1684,41.2497,辽阳市,新华园,,32,21,35,4,14,101,NA,63,63,9,26,10,9,0.5,0.6
2026-09-21T1500,2214A,123.2355,41.2663,辽阳市,滨河路,,31,14,33,2,14,99,NA,64,64,5,25,11,12,0.3,0.5
2026-09-21T1500,2217A,123.865,42.292,铁岭市,水上乐园,,28,27,20,0,5,88,NA,61,61,8,20,9,9,0.2,0.2
2026-09-21T1500,2219A,123.7158,42.2218,铁岭市,金沙江路北,NA,NA,6,18,0,3,93,NA,65,65,NA,16,10,9,0.3,0.3
2026-09-21T1500,2220A,120.4318,41.588,朝阳市,西梁,,36,20,38,7,8,113,NA,70,70,4,23,10,10,0.3,0.4
2026-09-21T1500,2221A,120.452,41.565,朝阳市,河畔小区,,35,20,25,2,7,112,NA,74,74,4,16,9,8,0.6,0.6
2026-09-21T1500,2222A,120.4176,41.5648,朝阳市,八里堡,,37,23,36,2,10,116,NA,74,74,5,24,8,8,0.5,0.7
2026-09-21T1500,2226A,124.3744,43.1842,四平市,境园,,29,8,20,3,9,92,NA,71,71,2,15,6,6,0.3,0.3
2026-09-21T1500,2227A,125.1359,42.8845,辽源市,环保局,,27,16,16,0,5,86,NA,52,52,7,11,5,5,0.4,0.4
2026-09-21T1500,2229A,125.9359,41.7174,通化市,光明,,25,10,19,0,8,78,NA,66,66,4,7,4,6,0.3,0.4
2026-09-21T1500,2230A,125.9446,41.7323,通化市,铁路,,26,6,16,0,7,82,NA,63,63,6,10,1,4,0.3,0.5
2026-09-21T1500,2231A,126.4219,41.9172,白山市,喜丰,,30,10,29,0,6,93,NA,73,73,8,15,7,7,0.6,0.7
2026-09-21T1500,2232A,126.4082,41.9416,白山市,环保局,NA,NA,NA,NA,NA,NA,NA,NA,NA,NA,NA,NA,NA,NA,NA,NA
2026-09-21T1500,2233A,124.8007,45.1213,松原市,江南,,37,37,39,11,20,69,NA,48,48,21,26,1,2,0.3,0.4
2026-09-21T1500,2234A,124.7967,45.1721,松原市,江北,,24,8,26,5,15,74,NA,50,50,2,20,1,2,0.2,0.3
2026-09-21T1500,2235A,122.7909,45.608,白城市,洮北区环保局,,21,21,21,10,9,53,NA,44,44,2,4,2,4,0.4,0.4
2026-09-21T1500,2236A,122.8741,45.5725,白城市,市环保局,,17,9,9,4,8,53,NA,42,42,5,14,2,3,0.5,0.5
2026-09-21T1500,2237A,129.4704,42.8885,延边朝鲜族自治州,妇幼医院,,30,30,17,5,10,78,NA,69,69,4,5,7,7,0.5,0.6
2026-09-21T1500,2238A,129.5047,42.9117,延边朝鲜族自治州,延边医院,,24,24,13,3,7,67,NA,68,68,4,5,4,4,0.5,0.5
2026-09-21T1500,2239A,129.395,42.8884,延边朝鲜族自治州,朝阳川镇医院,,27,26,16,2,8,84,NA,71,71,2,4,10,10,0.5,0.5
2026-09-21T1500,2240A,130.9618,45.2926,鸡西市,环保局,,19,14,15,2,8,60,NA,49,49,4,8,6,4,0.2,0.2
2026-09-21T1500,2243A,130.9294,45.2959,鸡西市,第一中学,,19,14,21,8,6,60,NA,53,53,4,6,4,5,0.0,0
2026-09-21T1500,2244A,130.2537,47.3416,鹤岗市,哈啤分公司,,28,28,21,1,4,66,NA,56,56,2,4,8,8,0.3,0.3
2026-09-21T1500,2245A,130.2683,47.3087,鹤岗市,斯达机电,,19,14,20,4,5,58,NA,45,45,5,8,5,6,0.3,0.3
2026-09-21T1500,2246A,130.3114,47.3388,鹤岗市,东山纸板厂,,23,23,43,7,6,61,NA,52,52,5,10,6,6,0.3,0.4
2026-09-21T1500,2248A,131.1509,46.6936,双鸭山市,双合村,,21,12,15,8,7,65,NA,45,45,1,7,9,9,0.3,0.4
2026-09-21T1500,2249A,131.1651,46.6191,双鸭山市,南小市,,21,17,15,4,9,65,NA,44,44,3,9,5,7,0.2,0.3
2026-09-21T1500,2250A,131.1526,46.6554,双鸭山市,环保局,,21,21,46,4,11,61,NA,42,42,5,13,8,9,0,0.1
2026-09-21T1500,2252A,128.8663,47.7199,伊春市,环保局,,19,9,15,5,6,58,NA,41,41,5,7,2,2,0.6,0.6
2026-09-21T1500,2253A,128.9014,47.732,伊春市,电力嘉园,,20,18,18,2,5,64,NA,46,46,2,7,1,3,0.1,0.3
2026-09-21T1500,2255A,130.2749,46.8028,佳木斯市,佳纺,,20,9,22,6,5,64,NA,47,47,4,10,3,3,0.2,0.2
2026-09-21T1500,2257A,130.3258,46.7975,佳木斯市,环保局,,21,7,17,2,6,67,NA,46,46,2,11,1,2,0.2,0.3
2026-09-21T1500,2263A,127.4832,50.2524,黑河市,交通局,NA,NA,17,16,4,6,52,NA,46,46,NA,8,6,6,0.1,0.1
2026-09-21T1500,2264A,127.5146,50.2339,黑河市,环保局,,18,8,13,2,7,55,NA,50,50,5,8,6,8,0.1,0
2026-09-21T1500,2266A,126.9783,46.6365,绥化市,人和东街,,21,4,8,2,3,67,NA,61,61,2,5,3,3,0.3,0.3
2026-09-21T1500,2267A,126.964,46.6527,绥化市,党政办公中心,,21,5,13,2,3,67,NA,62,62,2,6,8,8,0.4,0.4
2026-09-21T1500,2269A,124.1068,50.4091,大兴安岭地区,科技局,,19,14,21,5,6,59,NA,50,50,2,5,2,3,0.1,0.1
2026-09-21T1500,2270A,117.396,32.9389,蚌埠市,工人疗养院,细颗粒物(PM2.5),80,64,40,50,31,122,NA,117,117,10,15,6,6,0.7,0.6
2026-09-21T1500,2271A,117.3606,32.9428,蚌埠市,百货大楼,颗粒物(PM10),63,67,38,38,27,125,NA,119,119,12,18,10,9,0.7,0.6
2026-09-21T1500,2273A,117.4183,32.8909,蚌埠市,蚌埠学院,细颗粒物(PM2.5),80,53,34,50,33,119,NA,112,112,8,17,5,6,0.6,0.5
2026-09-21T1500,2274A,117.3534,32.9672,蚌埠市,淮上区政府,细颗粒物(PM2.5),72,56,36,46,29,126,NA,118,118,12,19,5,4,0.6,0.5
2026-09-21T1500,2275A,117.3143,32.8977,蚌埠市,高新区,细颗粒物(PM2.5),74,61,33,47,32,112,NA,106,106,16,17,4,4,0.6,0.5
2026-09-21T1500,2277A,116.8304,32.7726,淮南市,潘集区政府,细颗粒物(PM2.5),64,47,27,42,24,114,NA,105,105,8,10,6,6,0.5,0.4
2026-09-21T1500,2279A,116.8569,32.5949,淮南市,谢家集区政府,细颗粒物(PM2.5),60,60,31,40,25,112,NA,97,97,12,14,5,5,0.4,0.4
2026-09-21T1500,2280A,116.8279,32.6333,淮南市,八公山区政府,细颗粒物(PM2.5),64,47,33,42,28,112,NA,97,97,10,14,3,3,0.5,0.5
2026-09-21T1500,2282A,116.8005,33.9749,淮北市,监测站,细颗粒物(PM2.5),106,81,58,66,46,120,NA,90,90,16,17,6,5,0.6,0.5
2026-09-21T1500,2283A,116.8094,33.9008,淮北市,烈山区政府,细颗粒物(PM2.5),131,102,62,94,57,142,NA,97,97,14,15,5,4,0.7,0.6
2026-09-21T1500,2285A,117.8176,30.9412,铜陵市,市第四中学,颗粒物(PM10),54,55,56,18,33,144,NA,100,100,7,12,9,10,0.6,0.7
2026-09-21T1500,2287A,117.7806,30.9413,铜陵市,市新民污水厂,,44,27,49,14,33,138,NA,97,97,9,20,7,7,0.5,0.6
2026-09-21T1500,2289A,117.846,30.9414,铜陵市,车站新区,颗粒物(PM10),55,57,67,16,34,140,NA,95,95,9,17,8,9,0.6,0.7
2026-09-21T1500,2290A,117.8472,30.9699,铜陵市,市职教基地,,48,48,57,18,31,138,NA,97,97,8,13,6,6,0.7,0.8
2026-09-21T1500,2291A,117.0806,30.5181,安庆市,环科院,细颗粒物(PM2.5),62,43,46,41,42,77,NA,74,74,18,12,7,7,1.1,0.8
2026-09-21T1500,2292A,117.0331,30.5118,安庆市,马山宾馆,,50,41,43,35,40,86,NA,76,76,16,14,6,6,1.5,1.3
2026-09-21T1500,2294A,116.9897,30.6146,安庆市,安庆大学,细颗粒物(PM2.5),60,40,36,40,38,67,NA,68,68,14,12,5,5,0.8,0.7
2026-09-21T1500,2295A,118.2905,29.6965,黄山市,延安路89号,,35,24,36,14,27,109,NA,91,91,3,6,4,4,0.6,0.7
2026-09-21T1500,2297A,118.1369,30.2755,黄山市,黄山区政府5号楼,,25,23,40,16,34,79,NA,71,71,4,5,4,4,0.8,0.8
2026-09-21T1500,2301A,115.8276,32.8929,阜阳市,市监测站,,48,NA,28,33,19,124,NA,109,109,7,15,7,6,0.4,0.4
2026-09-21T1500,2303A,115.8551,32.8606,阜阳市,开发区,颗粒物(PM10),61,65,34,33,18,113,NA,101,101,10,13,6,5,0.5,0.5
2026-09-21T1500,2307A,116.5078,31.7369,六安市,监测大楼,,20,NA,22,12,22,63,NA,35,35,10,10,3,3,0.3,0.4
2026-09-21T1500,2308A,116.4738,31.7642,六安市,皖西学院,,24,11,30,11,20,75,NA,43,43,8,8,7,7,0.7,0.7
2026-09-21T1500,2309A,116.4997,31.7904,六安市,朝阳厂,,20,18,25,13,21,64,NA,38,38,10,11,1,1,0.3,0.4
2026-09-21T1500,2310A,116.5566,31.7885,六安市,开发区,,24,NA,28,14,24,74,NA,42,42,8,10,5,5,0.3,0.4
2026-09-21T1500,2311A,115.8071,33.8399,亳州市,污水处理厂,"颗粒物(PM10),细颗粒物(PM2.5)",52,52,44,36,36,114,NA,84,84,9,12,5,4,0.4,0.4
2026-09-21T1500,2312A,115.7789,33.8519,亳州市,三国揽胜宫,细颗粒物(PM2.5),60,49,39,40,41,108,NA,85,85,9,11,5,5,0.5,0.5
2026-09-21T1500,2314A,117.4698,30.6617,池州市,池州学院,,39,39,40,23,27,120,NA,87,87,15,22,6,6,0.6,0.7
2026-09-21T1500,2316A,118.7578,30.9457,宣城市,鳌峰子站,,46,35,36,17,27,147,NA,80,80,4,13,7,7,0.6,0.6
2026-09-21T1500,2317A,118.7384,30.9745,宣城市,敬亭山子站,,46,46,35,28,31,146,NA,77,77,8,12,4,3,0.6,0.6
2026-09-21T1500,2318A,118.7172,30.9428,宣城市,开发区子站,,48,37,36,22,32,151,NA,84,84,5,11,6,6,0.5,0.5
2026-09-21T1500,2319A,119.0142,25.4324,莆田市,荔城区仓后路,,37,29,34,12,20,118,NA,112,112,8,7,/,/,/,/
2026-09-21T1500,2320A,119.0016,25.4553,莆田市,莆田市监测站,NA,NA,32,34,11,19,127,NA,116,116,6,5,6,6,NA,0.7
2026-09-21T1500,2321A,119.112,25.4561,莆田市,涵江区六中,,40,39,35,15,17,127,NA,114,114,4,5,/,/,0.6,0.6
2026-09-21T1500,2322A,119.1014,25.3215,莆田市,秀屿区政府,,38,37,30,16,14,119,NA,110,110,5,5,3,2,0.4,0.5
2026-09-21T1500,2324A,117.621,26.2626,三明市,三钢,,40,35,39,28,35,115,NA,90,90,5,15,4,7,0.4,1
2026-09-21T1500,2325A,117.6352,26.2714,三明市,三明二中,,50,39,43,35,45,113,NA,89,89,5,14,7,8,0.6,0.9
2026-09-21T1500,2326A,117.6028,26.2377,三明市,三元区政府,NA,NA,50,45,NA,33,114,NA,88,88,7,11,8,9,0.9,0.9
2026-09-21T1500,2332A,118.1682,26.6371,南平市,南平市监测站,,35,33,39,22,27,109,NA,82,82,7,14,5,5,0.5,0.5
2026-09-21T1500,2334A,118.1757,26.6276,南平市,南平七中,,35,31,38,23,30,110,NA,82,82,10,15,4,4,0.6,0.6
2026-09-21T1500,2336A,117.022,25.1031,龙岩市,龙岩市监测站,,39,38,35,24,29,123,NA,91,91,4,15,6,9,0.4,0.5
2026-09-21T1500,2337A,117.0257,25.0662,龙岩市,闽西职业技术学院,,40,40,36,19,21,127,NA,92,92,3,10,6,6,0.4,0.5
2026-09-21T1500,2338A,117.0195,25.0306,龙岩市,龙岩学院,,38,37,34,24,25,119,NA,92,92,4,9,6,5,/,/
2026-09-21T1500,2341A,119.5387,26.6611,宁德市,宁德市监测站,,42,32,28,18,18,132,NA,92,92,4,5,7,6,0.7,0.7
2026-09-21T1500,2343A,117.2114,29.2931,景德镇市,老干部活动中心,,48,39,32,33,27,97,NA,81,81,14,8,5,4,0.7,0.7
2026-09-21T1500,2344A,117.1893,29.2789,景德镇市,兽医站,颗粒物(PM10),56,58,42,33,26,101,NA,85,85,8,7,4,4,0.7,0.6
2026-09-21T1500,2346A,117.246,29.2958,景德镇市,陶研所,,48,40,29,33,25,63,NA,64,64,10,6,4,4,0.8,0.7
2026-09-21T1500,2348A,113.8384,27.6436,萍乡市,中医院,细颗粒物(PM2.5),72,NA,65,46,51,146,NA,99,99,13,18,12,13,1.1,1.2
2026-09-21T1500,2350A,113.8677,27.6438,萍乡市,市环保局,细颗粒物(PM2.5),76,NA,54,48,54,158,NA,109,109,7,12,9,9,0.8,0.8
2026-09-21T1500,2351A,113.8663,27.6202,萍乡市,安源区政府,细颗粒物(PM2.5),72,62,59,46,56,141,NA,102,102,5,12,9,9,0.6,0.8
2026-09-21T1500,2353A,114.9887,27.8433,新余市,飞宇,,43,42,52,29,40,137,NA,107,107,8,14,8,11,0.6,0.6
2026-09-21T1500,2354A,114.9234,27.8248,新余市,第二水厂,颗粒物(PM10),51,51,60,30,40,132,NA,104,104,7,13,11,14,0.8,0.8
2026-09-21T1500,2355A,114.931,27.8037,新余市,市气象局,,45,44,55,31,40,132,NA,104,104,6,11,10,15,0.6,0.7
2026-09-21T1500,2358A,117.0561,28.2641,鹰潭市,新监测站,颗粒物(PM10),73,81,46,31,34,123,NA,111,111,2,4,5,4,0.8,0.6
2026-09-21T1500,2359A,117.0312,28.2474,鹰潭市,财苑宾馆,颗粒物(PM10),62,66,50,36,33,123,NA,115,115,2,6,9,7,/,/
2026-09-21T1500,2360A,117.0221,28.2263,鹰潭市,体育馆,颗粒物(PM10),71,79,50,36,32,119,NA,110,110,1,8,8,7,0.6,0.6
2026-09-21T1500,2363A,114.9368,25.8663,赣州市,地委,,39,36,50,27,36,98,NA,91,91,2,6,2,3,0.6,0.6
2026-09-21T1500,2364A,114.946,25.8483,赣州市,气象台,,39,NA,45,27,38,103,NA,97,97,4,8,5,6,0.3,0.4
2026-09-21T1500,2365A,114.932,25.8332,赣州市,市图书馆,,40,NA,44,28,39,103,NA,102,102,2,7,4,4,0.8,0.8
2026-09-21T1500,2366A,114.8905,25.8472,赣州市,华坚鞋城,,39,39,47,22,40,91,NA,95,95,5,7,2,2,0.5,0.6
2026-09-21T1500,2367A,114.9753,27.0803,吉安市,红声器材厂,细颗粒物(PM2.5),64,57,48,42,34,133,NA,110,110,6,9,11,11,0.5,0.5
2026-09-21T1500,2369A,114.9903,27.1313,吉安市,市环境监测站,颗粒物(PM10),52,52,51,34,34,134,NA,110,110,6,10,7,6,/,/
2026-09-21T1500,2370A,115.009527,27.096792,吉安市,青原区法院,细颗粒物(PM2.5),58,49,50,39,33,148,NA,120,120,7,11,9,8,0.4,0.5
2026-09-21T1500,2373A,114.3954,27.7843,宜春市,市石油公司,细颗粒物(PM2.5),60,56,58,40,44,125,NA,95,95,5,10,9,10,0.7,0.8
2026-09-21T1500,2374A,114.37,27.7916,宜春市,市气象局,细颗粒物(PM2.5),72,56,60,46,47,130,NA,97,97,6,12,3,4,0.9,0.9
2026-09-21T1500,2375A,114.401,27.8059,宜春市,市广电局,细颗粒物(PM2.5),56,48,51,38,46,126,NA,97,97,11,13,4,5,0.6,0.7
2026-09-21T1500,2377A,116.3544,27.9833,抚州市,市站,,43,43,50,26,35,118,NA,92,92,1,3,3,6,0.8,0.8
2026-09-21T1500,2378A,116.3562,27.9631,抚州市,血防站,,45,45,48,23,30,112,NA,94,94,4,6,5,7,0.7,0.7
2026-09-21T1500,2379A,116.3561,28.0007,抚州市,采茶剧团,细颗粒物(PM2.5),58,43,48,39,36,131,NA,105,105,2,3,13,13,0.8,0.8
2026-09-21T1500,2380A,116.3854,27.9648,抚州市,医学分院,,46,40,49,32,35,109,NA,91,91,2,4,3,14,1.0,1
2026-09-21T1500,2382A,117.9758,28.4439,上饶市,市监测站,,40,33,55,19,33,128,NA,112,112,2,8,2,4,/,/
2026-09-21T1500,2383A,117.9521,28.4637,上饶市,凤凰光学,,37,37,48,22,31,111,NA,102,102,4,10,4,7,0.6,0.6
2026-09-21T1500,2385A,114.17,35.9019,鹤壁市,市监测站,细颗粒物(PM2.5),98,74,69,59,57,134,NA,109,109,9,10,4,6,0.9,0.9
2026-09-21T1500,2386A,114.2953,35.7512,鹤壁市,市交警支队,细颗粒物(PM2.5),100,84,59,60,45,124,NA,101,101,16,18,9,8,1.3,0.9
2026-09-21T1500,2387A,114.2877,35.7302,鹤壁市,迎宾馆,细颗粒物(PM2.5),98,114,75,59,45,131,NA,106,106,12,14,11,10,1.3,0.9
2026-09-21T1500,2389A,113.836,35.3104,新乡市,环保西院,颗粒物(PM10),70,78,70,38,42,139,NA,81,81,7,17,12,10,0.9,1
2026-09-21T1500,2390A,113.8847,35.2724,新乡市,开发区,NA,NA,NA,55,39,49,140,NA,77,77,10,22,9,7,0.4,0.6
2026-09-21T1500,2391A,113.8836,35.3028,新乡市,环保东院,细颗粒物(PM2.5),74,NA,56,47,48,146,NA,100,100,6,17,8,7,0.7,0.9
2026-09-21T1500,2392A,115.0312,35.7636,濮阳市,环保局,细颗粒物(PM2.5),101,85,65,61,48,97,NA,79,79,14,15,1,3,1.1,1
2026-09-21T1500,2398A,113.7904,33.9949,许昌市,开发区,细颗粒物(PM2.5),80,58,46,50,37,132,NA,117,117,11,13,5,4,0.5,0.4
2026-09-21T1500,2399A,114.051,33.5721,漯河市,三五一五工厂,细颗粒物(PM2.5),90,58,32,55,33,110,NA,110,110,17,14,6,5,0.9,0.8
2026-09-21T1500,2400A,114.0055,33.5698,漯河市,漯河大学,细颗粒物(PM2.5),98,NA,35,59,36,114,NA,112,112,16,13,6,6,0.8,0.7
2026-09-21T1500,2401A,114.0134,33.5826,漯河市,市水利局,细颗粒物(PM2.5),68,63,38,44,35,112,NA,110,110,15,13,8,7,0.8,0.7
2026-09-21T1500,2402A,114.0261,33.5697,漯河市,市广电局,细颗粒物(PM2.5),68,54,33,44,31,117,NA,114,114,13,12,4,4,0.6,0.6
2026-09-21T1500,2404A,112.5338,33.0086,南阳市,瓦房庄,,49,44,28,34,18,130,NA,112,112,10,11,6,6,0.8,0.8
2026-09-21T1500,2405A,112.5002,32.9734,南阳市,汉画馆,,48,46,36,33,23,126,NA,107,107,8,10,7,6,0.8,0.9
2026-09-21T1500,2406A,112.5778,33.0144,南阳市,气象站,,46,NA,11,32,14,123,NA,105,105,10,9,7,7,0.8,0.8
2026-09-21T1500,2407A,112.548,32.9687,南阳市,理工学院,,42,38,22,29,17,128,NA,116,116,9,9,8,8,0.8,0.8
2026-09-21T1500,2408A,115.6701,34.4283,商丘市,环境监测站,细颗粒物(PM2.5),101,117,78,61,46,110,NA,82,82,16,15,6,4,0.8,0.7
2026-09-21T1500,2409A,115.6458,34.4047,商丘市,粮食局,细颗粒物(PM2.5),101,110,70,61,45,104,NA,90,88,16,14,9,6,1.0,0.8
2026-09-21T1500,2420A,114.0194,32.9648,驻马店市,市一纸厂,细颗粒物(PM2.5),76,59,37,48,30,118,NA,117,117,8,10,5,5,0.4,0.4
2026-09-21T1500,2421A,114.0112,33.0149,驻马店市,市彩印厂,细颗粒物(PM2.5),60,45,45,40,31,110,NA,111,111,9,11,2,2,0.4,0.4
2026-09-21T1500,2423A,115.0547,30.2332,黄石市,沈家营,颗粒物(PM10),56,58,75,28,35,100,NA,51,51,3,8,11,13,0.5,0.7
2026-09-21T1500,2426A,114.899,30.211,黄石市,铁山,,48,48,45,26,32,100,NA,59,59,16,18,7,8,0.6,0.6
2026-09-21T1500,2427A,115.0259,30.2108,黄石市,团城山,颗粒物(PM10),56,58,68,29,36,88,NA,49,46,6,10,9,9,0.8,1
2026-09-21T1500,2429A,110.78,32.6494,十堰市,滨河新村,,23,23,20,10,9,59,NA,42,42,12,16,/,/,0.8,0.8
2026-09-21T1500,2430A,110.7305,32.6408,十堰市,刘家沟,,19,8,14,3,7,60,NA,43,43,7,7,/,/,/,/
2026-09-21T1500,2431A,110.8843,32.5712,十堰市,铁二处,,29,11,17,8,14,91,NA,48,48,13,15,6,7,0.7,0.8
2026-09-21T1500,2432A,112.1555,32.0197,襄阳市,襄城运动路,,33,29,39,22,24,104,NA,81,81,10,12,6,6,0.8,0.8
2026-09-21T1500,2434A,112.1829,32.1146,襄阳市,高新管委会,,33,28,36,21,26,104,NA,85,85,11,14,6,6,0.8,0.8
2026-09-21T1500,2435A,112.2105,32.0903,襄阳市,襄州航空路,,34,34,44,22,26,104,NA,83,83,12,12,6,7,0.8,0.7
2026-09-21T1500,2436A,114.894,30.3989,鄂州市,市政府,,40,40,48,25,27,82,NA,54,54,8,15,7,6,0.7,0.7
2026-09-21T1500,2437A,114.8986,30.3714,鄂州市,赵家坝,,45,45,56,21,31,91,NA,58,58,14,18,8,8,0.7,0.7
2026-09-21T1500,2439A,112.2012,31.048,荆门市,竹园小学,,25,21,48,16,30,79,NA,71,67,8,10,7,7,0.8,0.9
2026-09-21T1500,2440A,112.1968,30.9892,荆门市,掇刀,,24,18,36,8,31,76,NA,76,67,7,7,6,7,0.5,0.8
2026-09-21T1500,2444A,113.9062,30.9378,孝感市,东城区,,18,13,48,11,31,57,NA,55,52,2,4,5,6,0.7,0.7
2026-09-21T1500,2446A,114.9021,30.474,黄冈市,职工中心,,33,32,41,23,26,86,NA,62,62,6,11,4,5,0.6,0.7
2026-09-21T1500,2451A,113.3587,31.7275,随州市,市委党校,,30,9,49,1,35,95,NA,61,61,7,8,8,7,0.7,0.8
2026-09-21T1500,2452A,113.3745,31.6926,随州市,市林业局,,28,10,51,4,27,87,NA,60,60,5,8,6,6,0.8,0.8
2026-09-21T1500,2453A,113.3984,31.7309,随州市,市立交桥水厂,,27,10,48,2,29,85,NA,57,57,4,7,5,5,0.7,0.8
2026-09-21T1500,2454A,109.4978,30.2979,恩施土家族苗族自治州,湖北民院,,14,14,32,5,18,27,NA,11,11,8,16,4,4,0.5,0.6
2026-09-21T1500,2457A,112.6209,26.9268,衡阳市,衡阳化工总厂,颗粒物(PM10),55,57,84,33,60,105,NA,76,76,4,18,7,10,0.8,1
2026-09-21T1500,2458A,112.621,26.8957,衡阳市,珠晖区环保局,,46,46,84,22,59,115,NA,77,77,8,23,6,8,0.9,1.3
2026-09-21T1500,2459A,112.628,26.8654,衡阳市,市委党校,NA,NA,NA,NA,NA,NA,NA,NA,NA,NA,NA,NA,NA,NA,NA,NA
2026-09-21T1500,2460A,112.6007,26.8977,衡阳市,市监测站,,45,40,71,31,67,124,NA,83,83,6,18,6,8,1.0,1.2
2026-09-21T1500,2461A,112.5658,26.9013,衡阳市,真空机电公司,颗粒物(PM10),55,56,68,33,65,123,NA,80,80,6,13,7,12,1.1,1.2
2026-09-21T1500,2464A,111.5277,27.2442,邵阳市,市化工厂,,50,43,49,35,51,119,NA,85,85,4,10,10,10,0.5,0.5
2026-09-21T1500,2466A,111.4327,27.2276,邵阳市,市环保局,颗粒物(PM10),65,70,71,34,50,125,NA,83,83,7,11,8,9,0.7,0.8
2026-09-21T1500,2468A,112.3458,28.581,益阳市,市环保局,细颗粒物(PM2.5),102,92,74,62,53,59,NA,55,55,12,14,6,7,1.0,1
2026-09-21T1500,2473A,113.0116,25.8228,郴州市,市职中,,43,39,38,30,31,101,NA,62,62,7,16,9,9,1.0,1.1
2026-09-21T1500,2475A,113.0381,25.8074,郴州市,市审计局,,49,49,46,30,32,107,NA,63,63,5,13,10,10,/,/
2026-09-21T1500,2476A,113.0348,25.7757,郴州市,市环保局,,50,44,42,35,31,102,NA,63,63,5,16,10,9,0.7,0.9
2026-09-21T1500,2478A,111.6126,26.4266,永州市,市环境监测站,,49,38,56,34,48,98,NA,66,66,7,12,6,6,0.9,1.1
2026-09-21T1500,2480A,111.6248,26.3803,永州市,永州市环保局,,48,39,56,33,43,89,NA,61,61,2,6,5,6,0.9,1
2026-09-21T1500,2481A,111.5989,26.4523,永州市,冷水滩区环保局,细颗粒物(PM2.5),64,44,60,42,48,102,NA,67,67,4,9,10,11,1.0,1.1
2026-09-21T1500,2483A,109.9297,27.5383,怀化市,河西地税局,,44,44,41,30,36,111,NA,76,76,10,14,4,5,/,/
2026-09-21T1500,2484A,109.9783,27.5342,怀化市,市四医院,颗粒物(PM10),51,51,51,26,40,123,NA,75,75,10,12,8,12,0.6,0.6
2026-09-21T1500,2485A,109.9971,27.5579,怀化市,监测楼,颗粒物(PM10),52,52,54,31,45,107,NA,66,66,10,15,3,8,0.5,0.6
2026-09-21T1500,2488A,111.9984,27.7346,娄底市,市监测站,,50,42,52,35,41,79,NA,72,72,6,8,3,4,0.6,0.6
2026-09-21T1500,2491A,111.9888,27.7035,娄底市,市政府,,50,38,44,35,41,89,NA,79,79,4,9,5,4,0.4,0.4
2026-09-21T1500,2493A,109.7298,28.3164,湘西土家族苗族自治州,州政府,,38,NA,31,26,29,60,NA,36,36,4,5,3,3,0.6,0.5
2026-09-21T1500,2494A,109.6957,28.2676,湘西土家族苗族自治州,吉首市计生局,,46,NA,25,32,28,54,NA,44,44,8,10,5,6,0.5,0.4
2026-09-21T1500,2496A,111.3126,23.4772,梧州市,市十一中,,48,30,65,22,32,151,NA,91,91,6,27,10,11,0.4,0.5
2026-09-21T1500,2498A,111.26,23.4794,梧州市,龙新,,44,44,54,17,29,110,NA,78,78,8,25,8,10,0.6,0.6
2026-09-21T1500,2499A,108.3411,21.6159,防城港市,沙万,,43,32,44,29,25,137,NA,108,108,8,17,6,9,0.9,0.9
2026-09-21T1500,2500A,108.3515,21.7733,防城港市,防城档案局,,43,36,41,23,24,137,NA,99,99,5,8,7,8,0.9,0.9
2026-09-21T1500,2501A,108.3506,21.6414,防城港市,大海花园,,48,30,38,26,28,153,NA,118,118,5,10,6,12,0.8,0.8
2026-09-21T1500,2502A,108.6238,21.9667,钦州市,市环保站,,45,24,39,15,21,143,NA,96,96,7,14,10,10,0.7,0.8
2026-09-21T1500,2503A,108.655,21.9481,钦州市,沙埠小学,,45,40,58,11,27,144,NA,103,103,5,20,8,11,0.6,0.7
2026-09-21T1500,2504A,108.5989,21.7435,钦州市,港区一小,臭氧1小时(O3_1h),60,56,66,28,29,168,NA,125,125,6,27,6,10,0.6,0.9
2026-09-21T1500,2506A,109.604387,23.066791,贵港市,江南子站,,45,29,64,25,42,141,NA,113,113,5,25,3,4,0.6,0.8
2026-09-21T1500,2508A,109.5669,23.1065,贵港市,荷城子站,,42,39,62,29,42,134,NA,111,111,9,21,4,6,0.8,0.9
2026-09-21T1500,2511A,110.1433,22.6162,玉林市,南江一中,臭氧1小时(O3_1h),69,54,53,34,33,175,NA,125,125,8,14,8,12,0.6,0.6
2026-09-21T1500,2512A,106.6102,23.901,百色市,市监测站,,40,36,43,12,26,127,NA,79,79,6,13,8,8,0.4,0.5
2026-09-21T1500,2513A,106.6524,23.8842,百色市,市中心血站,,36,30,56,24,35,115,NA,79,79,5,15,10,10,0.4,0.5
2026-09-21T1500,2514A,111.5264,24.4178,贺州市,环保小区,,35,29,39,18,31,110,NA,85,85,4,10,12,12,0.5,0.6
2026-09-21T1500,2515A,111.561,24.4074,贺州市,政协大楼,,35,19,35,16,32,111,NA,87,87,6,10,10,10,0.8,0.9
2026-09-21T1500,2517A,108.0496,24.6957,河池市,市环保站,,39,38,42,22,27,122,NA,84,84,4,10,6,6,0.7,0.7
2026-09-21T1500,2520A,109.2203,23.7252,来宾市,来宾技工学校,,44,44,69,26,45,138,NA,106,106,4,18,6,10,0.7,0.8
2026-09-21T1500,2521A,107.3473,22.4137,崇左市,市环保局江州分局,,35,28,44,13,24,110,NA,76,76,6,11,3,4,0.6,0.7
2026-09-21T1500,2524A,105.8211,32.4444,广元市,老城,,24,23,21,5,7,76,NA,48,48,4,18,1,2,0.5,0.6
2026-09-21T1500,2526A,105.8629,32.429,广元市,监测站,,31,31,29,7,7,76,NA,47,47,7,15,2,4,0.6,0.7
2026-09-21T1500,2528A,105.5581,30.5231,遂宁市,市监测站,,23,17,14,7,3,73,NA,37,37,4,9,7,5,0.5,0.6
2026-09-21T1500,2530A,105.5917,30.4727,遂宁市,美宁食品公司,,24,NA,10,14,5,75,NA,33,33,8,10,10,9,0.6,0.6
2026-09-21T1500,2531A,105.0703,29.61,内江市,市监测站,,30,NA,13,17,8,93,NA,55,55,11,12,6,5,0.5,0.6
2026-09-21T1500,2533A,105.0657,29.5807,内江市,内江二中,,31,31,21,15,8,94,NA,48,48,12,16,6,7,0.3,0.4
2026-09-21T1500,2534A,105.0407,29.5828,内江市,内江日报社,,29,NA,11,15,8,90,NA,47,47,10,14,8,5,0.2,0.1
2026-09-21T1500,2536A,103.7629,29.5844,乐山市,牛耳桥,,28,26,16,13,5,87,NA,56,56,8,11,8,7,0.8,0.8
2026-09-21T1500,2537A,103.7501,29.6002,乐山市,市第三水厂,,30,20,15,13,5,94,NA,60,60,8,13,6,5,0.8,0.8
2026-09-21T1500,2538A,103.7571,29.5664,乐山市,市监测站,,29,25,17,10,3,90,NA,62,62,7,9,4,4,0.6,0.6
2026-09-21T1500,2540A,103.8414,30.0871,眉山市,气象局,,38,21,27,8,7,120,NA,61,61,8,15,14,10,0.9,1
2026-09-21T1500,2544A,106.6307,30.4577,广安市,市委,,16,12,9,6,5,50,NA,40,40,8,8,7,7,0.4,0.4
2026-09-21T1500,2545A,106.6266,30.4662,广安市,友谊中学,,17,9,8,5,3,53,NA,42,42,6,6,9,9,0.7,0.7
2026-09-21T1500,2547A,106.6386,30.4551,广安市,广电花园,,15,10,8,7,5,45,NA,37,37,8,7,10,10,0.6,0.6
2026-09-21T1500,2549A,107.5087,31.2186,达州市,市环境监测站,,11,9,19,0,3,35,NA,14,14,18,21,6,7,0.5,0.5
2026-09-21T1500,2550A,107.4988,31.2132,达州市,凤凰小区,,14,9,18,0,4,42,NA,19,19,15,20,6,6,0.4,0.4
2026-09-21T1500,2551A,107.5081,31.1987,达州市,达县机关宾馆,,14,9,20,0,4,43,NA,16,16,17,28,5,7,0.4,0.4
2026-09-21T1500,2552A,107.4644,31.2124,达州市,市政中心,,24,24,32,3,4,39,NA,18,18,21,25,6,6,0.6,0.6
2026-09-21T1500,2555A,103.011,29.9833,雅安市,市政府,,29,15,8,12,3,91,NA,54,54,6,6,6,5,0.6,0.6
2026-09-21T1500,2556A,102.9907,29.9778,雅安市,川农大,,25,17,8,9,2,78,NA,45,45,4,4,6,6,0.7,0.6
2026-09-21T1500,2562A,104.6357,30.1508,资阳市,资阳中学,NA,NA,NA,23,NA,10,NA,NA,51,51,NA,8,NA,5,NA,0.3
2026-09-21T1500,2565A,104.6297,30.1259,资阳市,区法院,,34,NA,13,12,13,108,NA,60,60,5,10,2,3,0.5,0.6
2026-09-21T1500,2568A,102.2503,31.8896,阿坝藏族羌族自治州,马师校,,20,13,25,5,8,63,NA,32,32,5,7,5,5,0.5,0.5
2026-09-21T1500,2570A,101.96,30.048,甘孜藏族自治州,水桥子,,23,4,8,1,2,71,NA,54,54,3,7,2,1,0.2,0.3
2026-09-21T1500,2573A,102.2629,27.8981,凉山彝族自治州,西昌市政府,,24,16,17,9,13,76,NA,56,56,4,7,8,6,0.7,0.8
2026-09-21T1500,2574A,102.2686,27.885,凉山彝族自治州,凉山州政府,,24,17,17,10,14,75,NA,53,53,3,7,7,6,0.6,0.6
2026-09-21T1500,2577A,104.8293,26.592,六盘水市,黄土坡,,30,28,19,13,14,94,NA,63,63,7,8,5,4,0.3,0.3
2026-09-21T1500,2579A,104.8481,26.5898,六盘水市,民中,,29,23,22,12,15,91,NA,60,60,6,11,2,2,0.3,0.4
2026-09-21T1500,2580A,104.9541,26.5506,六盘水市,双水,,29,24,17,18,15,90,NA,69,69,5,7,5,5,0.2,0.3
2026-09-21T1500,2585A,109.1839,27.7344,铜仁市,铜仁卫校,,35,NA,38,24,22,98,NA,64,64,1,6,3,2,0.2,0.4
2026-09-21T1500,2586A,109.1752,27.6945,铜仁市,铜仁七中,NA,NA,NA,31,25,25,93,NA,63,63,3,6,5,4,NA,0.6
2026-09-21T1500,2587A,105.287,27.3133,毕节市,八中,,27,27,18,17,13,56,NA,42,42,3,4,6,6,0.6,0.6
2026-09-21T1500,2588A,105.3079,27.2987,毕节市,师专,,18,13,19,7,11,55,NA,42,42,4,5,8,8,0.5,0.6
2026-09-21T1500,2589A,104.9022,25.0943,黔西南布依族苗族自治州,场坝街,,20,11,24,8,17,64,NA,49,49,3,6,5,7,0.3,0.4
2026-09-21T1500,2590A,104.8812,25.0994,黔西南布依族苗族自治州,坪东大道,,20,12,28,10,20,62,NA,49,49,3,10,4,5,0.3,0.4
2026-09-21T1500,2591A,107.9765,26.5724,黔东南苗族侗族自治州,市环境监测站,,27,22,31,17,24,84,NA,67,67,2,12,3,3,0.4,0.5
2026-09-21T1500,2593A,107.5223,26.2371,黔南布依族苗族自治州,小围寨,,29,NA,19,18,20,90,NA,78,78,3,8,4,4,0.5,0.5
2026-09-21T1500,2594A,99.1589,25.1137,保山市,市环境监测站,,25,11,16,8,8,78,NA,54,54,5,8,8,8,0.3,0.3
2026-09-21T1500,2595A,99.1616,25.1381,保山市,市环保局,,24,12,11,6,7,76,NA,49,49,4,5,4,4,0.4,0.4
2026-09-21T1500,2596A,103.7668,27.3736,昭通市,监测站,,22,20,24,10,9,69,NA,48,48,9,10,4,3,0.5,0.5
2026-09-21T1500,2599A,100.2497,26.8802,丽江市,丽江古城,,18,12,14,2,6,56,NA,49,49,8,10,5,4,0.5,0.6
2026-09-21T1500,2600A,100.2203,26.8906,丽江市,市中心,,17,9,9,3,6,52,NA,42,42,9,10,4,4,0.4,0.5
2026-09-21T1500,2601A,100.9801,22.7634,普洱市,市环保局,,24,24,33,11,12,59,NA,42,42,4,7,7,7,0.6,0.7
2026-09-21T1500,2602A,100.9763,22.8237,普洱市,普洱第二中学,,22,22,26,10,11,60,NA,44,44,4,7,9,8,0.6,0.7
2026-09-21T1500,2603A,100.0779,23.8981,临沧市,市环保局,NA,NA,11,19,2,6,45,NA,33,33,NA,9,22,8,0.1,0.4
2026-09-21T1500,2604A,100.0894,23.882,临沧市,市气象局,,15,14,18,4,8,46,NA,33,33,3,6,9,9,0.4,0.5
2026-09-21T1500,2606A,101.5379,25.0492,楚雄彝族自治州,市经济开发区,,15,6,14,5,8,47,NA,32,32,5,11,2,3,0.1,0.2
2026-09-21T1500,2610A,104.2533,23.3595,文山壮族苗族自治州,州水务局,,25,15,22,9,15,79,NA,56,56,5,10,5,5,0.3,0.4
2026-09-21T1500,2611A,104.2319,23.3892,文山壮族苗族自治州,市便民服务中心,,25,16,23,8,15,80,NA,61,61,8,10,3,3,0.4,0.5
2026-09-21T1500,2612A,100.8018,21.9995,西双版纳傣族自治州,景洪市江南,,19,14,24,11,13,59,NA,37,37,4,8,9,9,0.6,0.7
2026-09-21T1500,2613A,100.7995,22.0238,西双版纳傣族自治州,景洪市江北,,26,NA,20,18,8,62,NA,39,39,2,4,10,9,0.4,0.4
2026-09-21T1500,2614A,100.2168,25.5818,大理白族自治州,大理市环境监测站,,20,6,9,6,7,63,NA,51,51,6,6,6,5,0.2,0.3
2026-09-21T1500,2615A,100.1542,25.7055,大理白族自治州,大理古城,,22,5,12,2,7,70,NA,54,54,5,10,7,7,0.1,0.1
2026-09-21T1500,2616A,98.5611,24.4273,德宏傣族景颇族自治州,德宏州监测站,,26,NA,16,12,11,81,NA,52,52,7,10,9,8,0.5,0.7
2026-09-21T1500,2618A,98.859,25.8541,怒江傈僳族自治州,州监测站,,22,13,13,7,6,69,NA,33,33,4,5,4,4,0.4,0.4
2026-09-21T1500,2619A,98.8607,25.8168,怒江傈僳族自治州,泸水一中,,23,23,13,8,8,62,NA,29,29,6,9,5,5,0.5,0.5
2026-09-21T1500,2621A,99.7054,27.8319,迪庆藏族自治州,迪庆州站,,20,13,16,2,6,62,NA,48,48,8,9,8,8,0.3,0.4
2026-09-21T1500,2622A,97.1813,31.1289,昌都市,昌都监测站,NA,NA,NA,24,2,5,89,NA,56,56,7,21,4,4,0.2,0.3
2026-09-21T1500,2624A,91.7592,29.234,山南市,山南监测站,,30,5,10,1,4,96,NA,77,74,2,5,7,7,0.2,0.2
2026-09-21T1500,2625A,91.7701,29.2436,山南市,山南人民医院,,31,4,11,1,3,97,NA,74,74,2,4,9,9,0.2,0.2
2026-09-21T1500,2626A,88.8873,29.2723,日喀则市,日喀则监测站,,34,4,13,0,6,107,NA,86,86,3,8,9,8,0.2,0.3
2026-09-21T1500,2628A,92.0653,31.4846,那曲市,那曲监测站,,34,14,14,4,12,106,NA,107,104,6,11,6,6,0.3,0.5
2026-09-21T1500,2630A,80.1171,32.4999,阿里地区,阿里监测站,,41,11,18,0,5,131,NA,101,101,5,16,4,4,0.2,0.3
2026-09-21T1500,2632A,94.3683,29.6373,林芝市,林芝监测站,,23,6,9,3,5,72,NA,51,50,5,6,5,4,0.3,0.3
2026-09-21T1500,2633A,94.3616,29.6634,林芝市,林芝人民医院,,23,7,10,4,6,73,NA,50,50,5,6,4,4,0.4,0.3
2026-09-21T1500,2635A,107.0155,33.0707,汉中市,市监测站,颗粒物(PM10),52,52,24,13,14,66,NA,28,28,6,10,4,5,0.6,0.7
2026-09-21T1500,2636A,107.0083,33.114,汉中市,鑫源开发区,,48,48,26,14,15,69,NA,32,32,11,18,6,6,0.8,0.9
2026-09-21T1500,2637A,107.0072,33.0323,汉中市,南郑大河坎水厂,,15,12,20,10,10,40,NA,19,19,12,11,3,3,0.6,0.6
2026-09-21T1500,2639A,109.7445,38.2919,榆林市,世纪广场,,46,24,36,6,13,146,NA,82,82,6,29,9,13,0.4,0.5
2026-09-21T1500,2640A,109.729,38.2837,榆林市,实验中学,,46,23,38,6,13,147,NA,85,85,8,35,7,11,0.3,0.4
2026-09-21T1500,2641A,109.7347,38.2491,榆林市,环保监测大楼,,45,23,37,6,14,142,NA,82,82,11,35,9,13,0.3,0.5
2026-09-21T1500,2644A,109.0088,32.6974,安康市,汉滨区检察院,,26,26,16,15,10,57,NA,39,38,10,12,2,2,1.0,0.9
2026-09-21T1500,2645A,109.9155,33.8714,商洛市,监测站,,22,14,12,10,8,70,NA,46,46,4,8,9,9,0.6,0.5
2026-09-21T1500,2647A,104.1727,36.5448,白银市,第三小学,,34,17,38,10,15,106,NA,69,69,6,26,3,22,0.5,0.7
2026-09-21T1500,2648A,104.1467,36.5482,白银市,动力公司,,32,18,29,7,14,101,NA,67,67,6,27,5,10,0.6,0.7
2026-09-21T1500,2650A,105.72058,34.57859,天水市,公园小学,,33,21,37,14,19,105,NA,53,53,8,17,8,9,0.2,0.3
2026-09-21T1500,2651A,105.89428,34.55353,天水市,麦积国土局,,34,26,30,10,18,107,NA,60,60,5,12,14,7,0.4,0.4
2026-09-21T1500,2652A,102.6203,37.925,武威市,监测站,,35,20,24,8,10,112,NA,69,69,4,16,11,10,0.2,0.3
2026-09-21T1500,2654A,100.4699,38.9525,张掖市,润泉湖,,40,23,31,10,12,126,NA,76,76,6,15,5,5,0.3,0.3
2026-09-21T1500,2655A,100.4155,38.9422,张掖市,区工会,,42,20,31,9,12,134,NA,74,74,4,13,5,6,0.2,0.3
2026-09-21T1500,2656A,106.6633,35.5338,平凉市,聚贤嘉苑,,35,35,36,16,20,102,NA,79,79,7,18,8,8,0.6,0.7
2026-09-21T1500,2657A,106.7021,35.5307,平凉市,博物馆,,35,34,40,12,20,109,NA,80,80,5,16,10,10,0.4,0.5
2026-09-21T1500,2661A,107.6325,35.7357,庆阳市,庆阳五中,,38,38,36,20,20,110,NA,85,85,6,9,7,3,0.4,0.4
2026-09-21T1500,2662A,107.6361,35.7067,庆阳市,市环保局,,40,40,45,23,24,110,NA,87,87,6,12,3,3,0.5,0.5
2026-09-21T1500,2669A,102.9097,34.9841,甘南藏族自治州,州政府,,26,9,18,1,8,83,NA,57,57,4,10,7,5,0.2,0.3
2026-09-21T1500,2671A,100.9016,36.9464,海北藏族自治州,海晏县西海镇,,33,17,21,5,17,104,NA,88,88,1,7,6,9,0.3,0.5
2026-09-21T1500,2672A,102.02,35.5101,黄南藏族自治州,同仁县隆务镇,,31,21,20,9,10,99,NA,70,70,2,2,10,11,0.2,0.2
2026-09-21T1500,2673A,100.6158,36.2985,海南藏族自治州,共和县恰卜恰镇,,32,NA,16,6,7,100,NA,75,75,3,10,8,7,0.3,0.4
2026-09-21T1500,2674A,100.2262,34.4854,果洛藏族自治州,玛沁县大武镇,,27,12,19,4,5,84,NA,66,66,2,2,11,13,0.4,0.4
2026-09-21T1500,2675A,97.0386,33.0138,玉树藏族自治州,玉树县结古镇,,39,2,5,2,3,122,NA,95,95,2,7,4,4,0.4,0.5
2026-09-21T1500,2676A,97.373,37.376,海西蒙古族藏族自治州,德令哈市,,33,21,20,6,8,103,NA,82,82,1,3,12,12,0.4,0.4
2026-09-21T1500,2677A,106.1535,37.9648,吴忠市,教育园区,,40,19,50,15,33,126,NA,71,71,6,24,7,6,0.3,0.4
2026-09-21T1500,2679A,106.1851,37.9957,吴忠市,新区二泵站,,41,29,52,26,30,130,NA,75,75,10,30,8,8,0.4,0.5
2026-09-21T1500,2682A,105.1965,37.4996,中卫市,环保局站,,38,31,57,16,37,120,NA,70,70,10,28,4,5,0.7,0.7
2026-09-21T1500,2684A,106.2753,36.0057,固原市,监测站,,34,11,33,6,20,107,NA,81,81,4,21,7,8,0.7,0.8
2026-09-21T1500,2685A,106.2384,36.0189,固原市,新区,,33,18,34,9,22,104,NA,78,78,5,23,6,6,0.4,0.6
2026-09-21T1500,2686A,89.1905,42.9419,吐鲁番市,市环保局,颗粒物(PM10),71,79,80,25,24,103,NA,74,74,4,18,5,6,0.4,0.5
2026-09-21T1500,2687A,89.1674,42.9558,吐鲁番市,地区环保局,颗粒物(PM10),73,81,90,23,25,110,NA,67,67,6,21,2,2,0.6,0.7
2026-09-21T1500,2688A,93.5124,42.8176,哈密市,地区监测站,,35,24,36,12,14,110,NA,88,88,4,27,7,3,0.1,0.1
2026-09-21T1500,2689A,93.5014,42.8312,哈密市,哈密师范学校,,34,29,49,6,20,106,NA,75,75,4,38,5,4,0.2,0.4
2026-09-21T1500,2692A,87.2722,44.0298,昌吉回族自治州,新区政务中心,,44,44,50,11,20,130,NA,79,79,8,27,12,10,0.4,0.5
2026-09-21T1500,2693A,82.0482,44.8553,博尔塔拉蒙古自治州,市党校,颗粒物(PM10),53,54,79,1,15,100,NA,74,74,3,12,3,6,0.2,0.3
2026-09-21T1500,2694A,82.0805,44.8966,博尔塔拉蒙古自治州,市环保局,颗粒物(PM10),63,67,87,1,16,106,NA,74,74,4,20,6,7,0.2,0.4
2026-09-21T1500,2695A,80.2899,41.1684,阿克苏地区,电视台,,34,28,58,8,23,106,NA,75,69,5,10,2,4,0.4,0.5
2026-09-21T1500,2696A,80.2592,41.1541,阿克苏地区,艺术中心,,48,48,67,13,24,120,NA,75,75,4,15,6,6,0.1,0.2
2026-09-21T1500,2697A,76.1457,39.7143,克孜勒苏柯尔克孜自治州,市人民政府,,35,30,40,14,18,110,NA,93,93,2,5,3,3,0.2,0.2
2026-09-21T1500,2698A,76.0071,39.466,喀什地区,巡警大队,,40,40,65,6,25,123,NA,70,70,7,17,4,4,0.1,0.2
2026-09-21T1500,2699A,75.9756,39.4693,喀什地区,吾办,,38,35,66,9,21,119,NA,65,65,4,12,4,4,0.2,0.3
2026-09-21T1500,2704A,81.3002,43.9177,伊犁哈萨克自治州,新政府片区,颗粒物(PM10),72,80,83,11,22,89,NA,45,45,5,21,5,6,0.4,0.5
2026-09-21T1500,2705A,81.3364,43.9409,伊犁哈萨克自治州,第二水厂,颗粒物(PM10),83,96,98,20,25,100,NA,51,51,7,23,6,8,0.4,0.5
2026-09-21T1500,2706A,82.9993,46.7432,塔城地区,东门外小游园,颗粒物(PM10),98,116,85,13,15,87,NA,49,49,6,10,5,4,0.6,0.6
2026-09-21T1500,2708A,88.1266,47.8515,阿勒泰地区,市站,颗粒物(PM10),52,52,51,1,6,94,NA,66,59,10,23,2,2,0.3,0.3
2026-09-21T1500,2709A,86.0391,44.298,石河子市,艾青诗歌馆,颗粒物(PM10),74,83,74,13,19,152,NA,86,86,17,34,22,9,0.9,0.8
2026-09-21T1500,2711A,87.5352,44.1606,五家渠市,农水大厦,颗粒物(PM10),56,58,84,19,27,138,NA,80,80,2,32,9,8,0.4,0.6
2026-09-21T1500,2809A,113.6668,24.7756,韶关市,大学路288号,颗粒物(PM10),63,68,43,30,31,114,NA,92,92,12,13,13,19,/,/
2026-09-21T1500,2835A,101.7222,26.567,攀枝花市,四十中小,,32,32,27,10,13,72,NA,57,57,5,21,12,14,0.7,1.2
2026-09-21T1500,2842A,118.0937,24.5054,厦门市,湖里中学,臭氧1小时(O3_1h),58,39,34,21,20,166,NA,127,127,5,8,2,2,0.5,0.5
2026-09-21T1500,2845A,113.1561,36.1912,长治市,德盛苑,细颗粒物(PM2.5),106,NA,58,66,57,140,NA,72,72,8,12,12,14,1.3,1.5
2026-09-21T1500,2846A,113.3209,23.1323,广州市,体育西,臭氧1小时(O3_1h),101,53,47,35,31,202,NA,115,115,53,31,6,6,0.9,0.8
2026-09-21T1500,2858A,117.7917,39.2473,天津市,河西一经路,,48,41,35,18,13,151,NA,106,106,13,25,7,10,0.9,0.8
2026-09-21T1500,2859A,117.3747,38.9845,天津市,津沽路,臭氧1小时(O3_1h),77,40,44,16,20,181,NA,111,111,14,26,4,6,0.8,0.8
2026-09-21T1500,2860A,117.159,39.0844,天津市,宾水西道,臭氧1小时(O3_1h),79,35,42,22,26,183,NA,125,125,14,17,5,6,0.3,0.5
2026-09-21T1500,2865A,112.7195,37.683,晋中市,榆次三中,细颗粒物(PM2.5),110,NA,54,70,49,123,NA,83,74,5,12,9,10,0.6,0.5
2026-09-21T1500,2867A,111.1225,37.5093,吕梁市,马茂庄小学,,44,44,52,25,28,109,NA,58,58,15,32,3,2,1.0,0.8
2026-09-21T1500,2868A,126.4737,43.953,吉林市,九站,,25,22,27,6,17,78,NA,56,56,9,17,10,12,0.3,0.4
2026-09-21T1500,2869A,119.4472,32.4156,扬州市,五台山医院,颗粒物(PM10),58,60,46,38,27,105,NA,87,87,8,13,11,11,1.0,0.9
2026-09-21T1500,2870A,119.4369,32.1891,镇江市,市疾控中心,细颗粒物(PM2.5),60,56,38,40,30,135,NA,83,83,15,31,7,6,1.3,0.9
2026-09-21T1500,2871A,121.6156,29.9015,宁波市,万里国际学校,,40,32,73,13,13,128,NA,111,111,7,14,9,9,0.6,0.6
2026-09-21T1500,2872A,120.7845,30.7524,嘉兴市,南湖区残联,臭氧1小时(O3_1h),78,46,38,28,21,182,NA,147,147,6,17,7,7,0.1,0.1
2026-09-21T1500,2873A,120.083,30.8929,湖州市,仁皇山新区,臭氧1小时(O3_1h),65,39,42,24,28,172,NA,114,114,9,39,7,7,0.6,0.7
2026-09-21T1500,2875A,115.783962,32.889217,阜阳市,阜阳职业技术学院,,39,34,28,27,17,124,NA,110,110,7,9,3,4,0.5,0.5
2026-09-21T1500,2877A,119.1638,36.6524,潍坊市,坊子邮政,,31,22,41,0,22,99,NA,97,88,5,9,2,3,0.4,0.6
2026-09-21T1500,2880A,104.0219,30.6561,成都市,大石西路,,39,33,26,12,11,124,NA,68,68,13,19,4,4,0.4,0.6
2026-09-21T1500,2881A,107.8909,26.531,黔东南苗族侗族自治州,凯里学院,,36,NA,24,25,25,94,NA,72,72,1,12,4,4,0.4,0.5
2026-09-21T1500,2882A,102.5388,24.3703,玉溪市,玉溪一中,,19,7,19,4,10,60,NA,48,48,4,10,3,6,0.3,0.4
2026-09-21T1500,2883A,102.5382,24.339,玉溪市,文体中心,,19,18,21,2,8,60,NA,54,54,3,9,5,6,0.4,0.5
2026-09-21T1500,2884A,98.2672,39.7978,嘉峪关市,酒钢宾馆,,39,24,40,12,16,122,NA,95,95,6,19,16,13,0.4,0.5
2026-09-21T1500,2885A,104.9344,33.3827,陇南市,滨江中学,,31,25,36,4,10,97,NA,55,55,5,16,10,9,0.4,0.5
2026-09-21T1500,2894A,117.0561,32.6536,淮南市,经济技术开发区消防队,细颗粒物(PM2.5),56,45,28,38,25,112,NA,92,92,14,15,8,9,0.5,0.4
2026-09-21T1500,2897A,123.2429,41.7341,沈阳市,沈辽西路,,31,19,36,1,11,98,NA,62,62,16,31,7,7,0.4,0.6
2026-09-21T1500,2900A,123.5951,41.9085,沈阳市,裕农路,,31,13,16,1,5,97,NA,60,60,8,16,6,6,0.3,0.3
2026-09-21T1500,2902A,106.6347,30.4868,广安市,北辰小学,,18,11,10,6,5,56,NA,48,48,10,8,9,9,0.7,0.6
2026-09-21T1500,2907A,120.1846,30.8592,湖州市,吴兴区站,,48,41,34,26,28,153,NA,106,106,4,24,8,8,0.7,0.8
2026-09-21T1500,2919A,116.7022,39.5454,廊坊市,河北工业大学,臭氧1小时(O3_1h),59,33,58,18,41,167,NA,110,110,6,19,3,2,0.4,0.6
2026-09-21T1500,2920A,117.71,24.5048,漳州市,蓝田镇,,49,26,45,17,26,154,NA,85,85,10,15,6,6,0.5,0.4
2026-09-21T1500,2921A,120.5482,30.0003,绍兴市,树下王站,臭氧1小时(O3_1h),104,41,30,36,29,207,NA,145,145,15,23,7,5,0.8,0.7
2026-09-21T1500,2922A,117.194,39.1069,天津市,大理道,臭氧1小时(O3_1h),80,35,44,17,23,184,NA,121,121,16,22,4,6,0.6,0.7
2026-09-21T1500,2924A,106.2266,38.4417,银川市,水乡路,,44,40,54,24,28,140,NA,90,90,9,24,8,7,0.5,0.7
2026-09-21T1500,2925A,106.2758,38.4841,银川市,上海东路,,50,36,47,22,31,157,NA,90,90,11,23,9,8,0.3,0.4
2026-09-21T1500,2926A,106.1016,38.4971,银川市,文昌北街,,44,39,52,24,24,139,NA,88,88,10,25,7,7,0.5,0.7
2026-09-21T1500,2929A,114.8858,30.4519,黄冈市,红卫路,,39,29,43,27,30,94,NA,64,64,6,13,4,7,0.4,0.5
2026-09-21T1500,2996A,118.2781,33.9658,宿迁市,市供电局,,48,45,52,33,47,135,NA,109,109,13,14,6,6,1.0,1
2026-09-21T1500,2997A,119.8767,32.3291,泰州市,王营,细颗粒物(PM2.5),86,70,40,53,32,87,NA,78,78,10,18,12,12,0.7,0.6
2026-09-21T1500,3000A,119.3577,34.6971,连云港市,德源药业,,41,41,48,24,34,130,NA,112,112,16,24,6,6,0.3,0.6
2026-09-21T1500,3002A,119.9701,31.813,常州市,行政中心,细颗粒物(PM2.5),56,56,51,38,28,139,NA,95,95,17,47,11,9,0.6,0.6
2026-09-21T1500,3003A,120.0434,31.7726,常州市,经开区,颗粒物(PM10),55,56,54,30,28,141,NA,98,98,10,42,12,12,0.7,0.7
2026-09-21T1500,3004A,120.1543,33.3664,盐城市,宝龙广场,,31,27,30,20,21,99,NA,78,78,5,6,9,9,0.6,0.7
2026-09-21T1500,3005A,117.1812,34.29,徐州市,鼓楼区政府,细颗粒物(PM2.5),107,83,68,67,60,124,NA,88,88,16,15,13,7,1.1,1.1
2026-09-21T1500,3006A,117.1693,34.1781,徐州市,铜山区招生办,细颗粒物(PM2.5),88,95,66,54,47,142,NA,115,115,15,10,12,7,0.7,0.8
2026-09-21T1500,3007A,119.178,34.8442,连云港市,新城一中,,37,21,66,12,32,116,NA,101,101,10,19,9,11,0.4,0.7
2026-09-21T1500,3008A,119.3607,34.7519,连云港市,胡沟管理处,NA,NA,NA,43,NA,33,141,NA,127,127,11,19,9,14,0.6,0.7
2026-09-21T1500,3009A,119.1478,34.5913,连云港市,矿山设计院,,43,41,48,22,34,136,NA,116,116,5,14,5,5,0.4,0.5
2026-09-21T1500,3010A,119.8919,31.7892,常州市,钟楼,,48,39,43,33,30,132,NA,91,91,12,41,10,10,0.5,0.5
2026-09-21T1500,3012A,112.1849,31.0361,荆门市,西山林语,,24,17,34,14,26,75,NA,77,66,8,7,5,5,0.8,0.8
2026-09-21T1500,3014A,106.4958,29.5347,重庆市,歇台子,,21,21,25,4,8,61,NA,37,37,13,17,8,7,0.6,0.6
2026-09-21T1500,3015A,106.4067,29.5729,重庆市,龙井湾,,24,10,17,8,10,75,NA,48,48,9,14,9,8,0.6,0.7
2026-09-21T1500,3016A,106.5506,29.415,重庆市,龙洲湾,,22,22,30,11,16,53,NA,31,31,14,22,9,9,0.5,0.6
2026-09-21T1500,3018A,111.5048,36.1015,临汾市,唐尧大酒店,,49,49,107,34,82,122,NA,71,71,6,16,6,6,0.9,1.5
2026-09-21T1500,3020A,117.2096,39.1698,天津市,中山北路,臭氧1小时(O3_1h),68,36,53,14,25,174,NA,101,101,16,31,5,6,0.7,0.9
2026-09-21T1500,3021A,115,35.7667,濮阳市,濮水河管理处,细颗粒物(PM2.5),105,124,81,65,43,80,NA,56,56,17,18,3,5,0.8,0.7
2026-09-21T1500,3025A,113.0479,23.6343,清远市,技师学院,,50,32,44,22,29,160,NA,123,123,11,18,7,6,0.9,0.9
2026-09-21T1500,3026A,116.6179,23.6608,潮州市,市政府,臭氧1小时(O3_1h),58,44,46,36,32,166,NA,107,107,9,12,6,7,0.8,0.9
2026-09-21T1500,3028A,104.7765,29.3623,自贡市,檀木林体育馆,,32,16,17,7,10,101,NA,58,58,6,9,9,8,0.7,0.7
2026-09-21T1500,3033A,87.4652,43.4569,乌鲁木齐市,培训基地,颗粒物(PM10),53,53,54,12,19,114,NA,100,100,3,4,4,3,0.3,0.4
2026-09-21T1500,3034A,113.1076,41.0385,乌兰察布市,光明街小学,,37,12,24,10,13,118,NA,86,86,4,23,2,6,0.3,0.3
2026-09-21T1500,3036A,118.6903,37.4337,东营市,开发区管委会,,35,26,40,0,14,110,NA,88,88,5,8,3,3,0.2,0.4
2026-09-21T1500,3038A,103.3757,23.3679,红河哈尼族彝族自治州,州图书馆,,25,NA,20,17,16,61,NA,64,64,3,5,4,4,0.2,0.3
2026-09-21T1500,3039A,111.1911,34.7829,三门峡市,三门峡市第一小学,,35,NA,34,24,27,97,NA,64,64,7,17,3,3,0.7,0.8
2026-09-21T1500,3045A,109.9647,33.8486,商洛市,商州区中学,,23,21,16,12,7,71,NA,47,47,7,10,5,5,0.5,0.4
2026-09-21T1500,3046A,115.9084,28.6062,南昌市,机电学校,颗粒物(PM10),52,52,56,33,45,128,NA,116,116,8,9,9,9,0.8,0.8
2026-09-21T1500,3048A,119.5799,26.0937,福州市,九龙,,42,22,20,8,11,134,NA,101,101,6,8,5,5,0.3,0.3
2026-09-21T1500,3051A,117.385,39.1483,天津市,西四道,臭氧1小时(O3_1h),78,82,54,24,22,182,NA,109,109,12,28,4,5,0.4,0.4
2026-09-21T1500,3054A,113.9194,35.2847,新乡市,市委党校,细颗粒物(PM2.5),86,NA,53,53,45,140,NA,80,80,8,17,11,8,0.7,0.7
2026-09-21T1500,3055A,101.7775,36.643,西宁市,城北区政府,,32,22,26,8,20,102,NA,55,55,11,21,7,11,0.7,1
2026-09-21T1500,3057A,121.5989,37.4016,烟台市,牟平检察院,,41,14,26,0,13,129,NA,98,98,7,11,6,6,0.3,0.3
2026-09-21T1500,3058A,119.2656,42.0356,赤峰市,银河街,,35,13,40,4,14,112,NA,74,74,9,23,7,11,0.5,0.7
2026-09-21T1500,3059A,117.7181,36.205,济南市,泰兴公司,,34,34,78,1,45,106,NA,97,97,10,26,5,4,0.2,0.5
2026-09-21T1500,3061A,119.7511,49.1576,呼伦贝尔市,国华电力东,,20,17,23,7,10,64,NA,45,45,5,15,5,6,0.3,0.2
2026-09-21T1500,3064A,117.6861,36.2172,济南市,莱芜战役纪念馆,,38,31,76,2,45,119,NA,114,114,11,22,8,8,0.2,0.5
2026-09-21T1500,3065A,101.9534,29.9976,甘孜藏族自治州,州环保局,,20,20,14,2,2,61,NA,46,46,6,10,3,3,0.2,0.2
2026-09-21T1500,3066A,116.2722,37.438,德州市,九衢泉纯净水厂,,42,22,70,3,43,134,NA,114,111,6,14,11,12,0.5,0.8
2026-09-21T1500,3109A,115.0094,25.8614,赣州市,赣县区卫计委,,40,NA,38,28,31,125,NA,106,106,2,9,2,3,0.8,0.9
2026-09-21T1500,3123A,105.9408,26.2431,安顺市,凤凰山,,28,NA,27,19,19,82,NA,82,82,3,6,6,5,0.5,0.6
2026-09-21T1500,3124A,105.9443,26.2567,安顺市,金钟山,,27,NA,25,18,19,86,NA,85,85,3,5,5,5,0.4,0.4
2026-09-21T1500,3125A,105.8983,26.248,安顺市,娄家坡,,32,24,24,22,17,78,NA,78,78,3,3,6,6,0.4,0.4
2026-09-21T1500,3131A,114.878,40.7992,张家口市,烟厂,,36,8,21,5,10,115,NA,85,85,6,12,/,/,/,/
2026-09-21T1500,3132A,119.5979,39.938,秦皇岛市,文明里,颗粒物(PM10),52,52,34,26,9,148,NA,83,83,7,24,16,5,0.6,0.3
2026-09-21T1500,3133A,106.5469,29.5655,重庆市,上清寺,,17,17,22,5,11,54,NA,32,32,22,20,4,3,0.5,0.6
2026-09-21T1500,3134A,113.8172,34.0339,许昌市,市一中,细颗粒物(PM2.5),88,55,40,54,39,128,NA,103,103,10,11,7,6,0.7,0.6
2026-09-21T1500,3136A,104.2724,30.559,成都市,龙泉驿区区政府,,39,19,13,13,11,124,NA,69,69,10,14,4,5,0.7,0.7
2026-09-21T1500,3138A,111.7152,29.0288,常德市,武陵区永安,,27,27,50,15,44,71,NA,69,63,8,10,8,8,0.8,0.8
2026-09-21T1500,3139A,111.6891,28.9881,常德市,鼎城区玉霞,,25,21,48,15,42,78,NA,76,70,8,10,8,9,1.0,1
2026-09-21T1500,3140A,111.6651,29.0526,常德市,武陵区长庚,,32,22,50,22,49,61,NA,63,54,6,8,7,7,1.0,1
2026-09-21T1500,3141A,114.3921,36.0879,安阳市,信访局,细颗粒物(PM2.5),113,87,69,74,53,147,NA,113,113,14,16,3,5,0.7,0.7
2026-09-21T1500,3147A,114.3434,34.8101,开封市,龙亭公园,细颗粒物(PM2.5),92,70,56,56,44,135,NA,88,88,7,11,7,5,1.2,0.9
2026-09-21T1500,3148A,103.829,30.0563,眉山市,区人社局,,35,26,35,2,7,112,NA,59,59,11,19,12,9,0.9,1
2026-09-21T1500,3149A,115.0174,30.1591,黄石市,笔架山北路,颗粒物(PM10),75,84,112,22,41,92,NA,50,50,5,21,11,11,1.0,1.2
2026-09-21T1500,3151A,114.375,27.8096,宜春市,宜春学院北校区,NA,NA,54,63,40,43,123,NA,91,91,NA,10,1,4,0.9,1
2026-09-21T1500,3153A,114.3876,30.4908,武汉市,民族大道182号,,45,45,42,2,27,80,NA,64,64,16,17,6,6,0.8,1.1
2026-09-21T1500,3164A,119.4682,32.394,扬州市,广陵建设局,细颗粒物(PM2.5),74,58,47,47,32,102,NA,84,84,15,19,11,11,0.6,0.5
2026-09-21T1500,3171A,115.6069,34.4465,商丘市,梁园区档案局,NA,NA,NA,NA,NA,NA,NA,NA,NA,NA,NA,NA,NA,NA,NA,NA
2026-09-21T1500,3173A,117.0598,30.5351,安庆市,市人大,,46,42,39,32,36,72,NA,77,77,19,14,7,7,1.1,0.9
2026-09-21T1500,3178A,119.0587,36.7209,潍坊市,潍坊七中,,34,22,50,0,27,107,NA,84,84,6,14,5,5,0.2,0.5
2026-09-21T1500,3179A,102.7491,25.012,昆明市,官渡区博物馆,,29,15,20,8,13,92,NA,61,61,6,11,4,5,0.2,0.4
2026-09-21T1500,3180A,99.7122,27.8129,迪庆藏族自治州,质量技术监督局,,19,12,14,4,6,60,NA,48,48,7,8,6,6,0.2,0.3
2026-09-21T1500,3181A,106.776805,31.852614,巴中市,市五中,,15,14,15,6,7,48,NA,22,22,8,12,12,12,0.8,0.8
2026-09-21T1500,3183A,106.7419,31.8654,巴中市,圣泉水务公司,,17,10,12,5,4,52,NA,25,25,7,12,12,11,0.8,0.8
2026-09-21T1500,3187A,116.9508,33.666,宿州市,远航博物馆,细颗粒物(PM2.5),111,83,49,72,44,101,NA,75,73,15,18,7,6,0.8,0.6
2026-09-21T1500,3188A,115.6684,37.7216,衡水市,市城管局,,35,32,104,3,52,112,NA,86,85,10,17,5,7,0.5,0.7
2026-09-21T1500,3190A,116.0254,29.6995,九江市,外国语学校,细颗粒物(PM2.5),62,45,54,41,46,112,NA,89,89,18,20,8,8,0.7,0.7
2026-09-21T1500,3191A,118.3243,33.95,宿迁市,宿豫区政府,,49,48,50,34,50,136,NA,106,106,7,13,7,6,1.0,1
2026-09-21T1500,3192A,80.0906,32.5029,阿里地区,阿里藏医院,,43,7,13,2,3,136,NA,105,105,3,8,6,6,0.2,0.3
2026-09-21T1500,3194A,112.2749,30.3124,荆州市,管委会,,22,11,39,11,33,68,NA,61,58,8,11,7,7,0.6,0.7
2026-09-21T1500,3195A,119.3649,32.3961,扬州市,市体育局,颗粒物(PM10),65,70,47,35,30,104,NA,87,87,10,13,11,10,0.9,0.6
2026-09-21T1500,3200A,115.9772,36.4986,聊城市,监控中心,颗粒物(PM10),55,57,122,36,104,127,NA,75,75,12,31,8,7,0.3,0.5
2026-09-21T1500,3206A,114.9148,27.8069,新余市,新钢沁园村,细颗粒物(PM2.5),56,39,49,38,40,130,NA,106,106,8,12,6,9,0.5,0.6
2026-09-21T1500,3207A,118.31131,32.3033,滁州市,市政府原办公楼,细颗粒物(PM2.5),101,61,35,61,38,108,NA,76,76,15,20,9,8,0.7,0.5
2026-09-21T1500,3208A,112.7279,38.4157,忻州市,市政府,,44,35,41,27,26,138,NA,78,78,9,23,7,8,0.7,0.7
2026-09-21T1500,3209A,119.5231,26.6562,宁德市,宁德一中,,42,22,28,18,21,132,NA,96,96,4,6,5,5,0.4,0.4
2026-09-21T1500,3210A,114.3645,34.7955,开封市,汴京公园,细颗粒物(PM2.5),86,90,62,53,40,136,NA,87,87,7,10,7,6,1.0,0.8
2026-09-21T1500,3216A,117.662,24.5187,漳州市,漳州党校,,47,21,44,16,28,149,NA,94,94,8,14,/,/,/,/
2026-09-21T1500,3237A,117.4918,30.6617,池州市,展览馆,,39,39,46,25,31,122,NA,90,90,11,15,5,5,0.6,0.7
2026-09-21T1500,3241A,103.7439,36.0841,兰州市,百合公园,,43,39,41,24,22,137,NA,79,79,16,32,12,12,0.5,0.5
2026-09-21T1500,3242A,103.9613,35.9985,兰州市,和平,,43,28,27,21,15,137,NA,74,74,8,14,14,12,0.7,0.5
2026-09-21T1500,3247A,104.9551,33.3709,陇南市,市总工会,,31,24,31,6,9,99,NA,60,60,4,12,8,8,0.4,0.5
2026-09-21T1500,3248A,98.2644,39.7723,嘉峪关市,雄关区,,39,28,33,4,9,124,NA,101,101,9,22,22,10,0.6,0.4
2026-09-21T1500,3265A,121.4242,31.3303,上海市,宝山庙行,,38,35,37,20,21,121,NA,101,101,9,25,9,8,0.5,0.5
2026-09-21T1500,3266A,121.8789,31.4662,上海市,崇明上实东滩,,41,21,25,14,19,130,NA,110,110,6,8,9,10,0.3,0.3
2026-09-21T1500,3268A,121.316,31.2839,上海市,嘉定南翔,,39,39,30,24,19,123,NA,114,114,9,21,9,9,0.5,0.4
2026-09-21T1500,3269A,121.3357,30.7455,上海市,金山新城,,44,44,34,29,23,137,NA,105,105,11,18,6,4,0.7,0.5
2026-09-21T1500,3270A,121.4996,31.0741,上海市,闵行浦江,,40,40,32,24,21,106,NA,115,115,18,16,6,7,0.5,0.5
2026-09-21T1500,3271A,121.2886,31.1663,上海市,青浦徐泾,,45,35,33,24,22,142,NA,119,119,7,17,7,8,0.6,0.6
2026-09-21T1500,3272A,121.2193,31.0382,上海市,松江图书馆,臭氧1小时(O3_1h),75,50,42,28,24,180,NA,132,132,19,27,8,8,0.5,0.6
2026-09-21T1500,3273A,121.3904,31.206,上海市,长宁仙霞,,41,41,32,21,19,121,NA,106,106,16,20,4,7,0.5,0.4
2026-09-21T1500,3274A,121.7964,31.0507,上海市,浦东惠南,,40,40,34,26,20,120,NA,109,109,13,25,10,10,0.8,0.7
2026-09-21T1500,3282A,113.3399,40.0586,大同市,大同市卫生学校,,39,16,33,13,14,122,NA,74,74,11,26,9,9,0.3,0.5
2026-09-21T1500,3283A,109.9154,40.5684,包头市,滨河大厦,,36,13,25,7,23,115,NA,69,69,6,37,10,10,0.3,0.4
2026-09-21T1500,3284A,106.8129,39.7274,乌海市,海北新区,,44,23,35,5,6,139,NA,93,93,6,28,13,9,0.4,0.4
2026-09-21T1500,3285A,113.1383,40.9513,乌兰察布市,北京八中,,38,22,28,2,8,119,NA,71,71,4,28,4,6,0.2,0.2
2026-09-21T1500,3286A,118.9359,42.3146,赤峰市,桥北物流园区,,38,NA,15,5,7,119,NA,81,81,6,24,4,4,0.5,0.6
2026-09-21T1500,3287A,119.3842,32.198,镇江市,富润路1号,细颗粒物(PM2.5),80,59,41,50,35,122,NA,74,74,20,42,8,9,0.8,0.5
2026-09-21T1500,3288A,117.4619,34.4368,徐州市,大泉街道,细颗粒物(PM2.5),88,77,71,54,59,142,NA,95,95,13,18,10,7,0.9,0.9
2026-09-21T1500,3289A,120.7431,31.3188,苏州市,方洲路,臭氧1小时(O3_1h),70,47,32,34,21,176,NA,121,121,10,19,9,8,0.7,0.6
2026-09-21T1500,3290A,120.4979,31.2777,苏州市,木渎中学,臭氧1小时(O3_1h),62,48,34,26,20,169,NA,123,123,11,20,7,7,0.9,0.9
2026-09-21T1500,3291A,121.0631,32.0644,南通市,通州监测站,,39,39,25,18,14,111,NA,101,101,6,9,1,2,0.6,0.6
2026-09-21T1500,3293A,120.1518,33.3369,盐城市,月亮广场,,35,21,34,14,22,110,NA,88,88,2,7,10,10,0.5,0.6
2026-09-21T1500,3294A,119.565282,32.422263,扬州市,引江管理处,细颗粒物(PM2.5),58,59,38,39,26,92,NA,76,76,7,16,6,5,0.9,0.8
2026-09-21T1500,3295A,120.1226,32.515,泰州市,姜堰区政府广场,,40,39,37,20,21,126,NA,88,88,7,11,9,13,0.7,0.7
2026-09-21T1500,3298A,113.5718,23.5493,广州市,从化街口,,46,37,37,32,27,94,NA,89,89,4,13,7,7,0.6,0.7
2026-09-21T1500,3299A,113.3463,23.369,广州市,白云竹料,,46,46,46,31,35,139,NA,114,114,9,20,4,4,0.8,0.8
2026-09-21T1500,3300A,113.2981,23.2365,广州市,白云嘉禾,臭氧1小时(O3_1h),63,47,49,31,31,170,NA,127,127,10,25,4,4,/,/
2026-09-21T1500,3301A,113.4256,23.1716,广州市,黄埔科学城,臭氧1小时(O3_1h),82,45,49,39,39,185,NA,110,110,13,22,6,7,0.8,0.8
2026-09-21T1500,3302A,113.3942,23.0485,广州市,番禺大学城,臭氧1小时(O3_1h),113,58,51,36,34,225,NA,125,125,17,28,6,7,0.7,0.6
2026-09-21T1500,3303A,113.4923,22.8169,广州市,南沙黄阁,臭氧1小时(O3_1h),118,49,45,47,27,236,NA,140,140,14,20,10,10,/,/
2026-09-21T1500,3304A,113.534,22.7893,广州市,南沙街,臭氧1小时(O3_1h),109,45,42,40,28,217,NA,133,133,11,15,10,10,0.8,0.7
2026-09-21T1500,3305A,114.0614,22.556,深圳市,莲花,,47,41,36,30,25,150,NA,80,80,13,17,/,/,/,/
2026-09-21T1500,3306A,114.0144,22.6163,深圳市,民治,臭氧1小时(O3_1h),105,86,47,41,29,210,NA,94,94,18,36,/,/,/,/
2026-09-21T1500,3307A,114.1756,22.6421,深圳市,横岗,臭氧1小时(O3_1h),95,52,47,26,25,196,NA,136,136,16,32,/,/,/,/
2026-09-21T1500,3308A,113.3493,22.0572,珠海市,金湾,,46,31,29,18,20,145,NA,110,110,8,10,/,/,0.4,0.5
2026-09-21T1500,3311A,113.1077,22.5647,江门市,江海富民,臭氧1小时(O3_1h),98,62,56,33,29,198,NA,123,123,13,16,/,/,0.5,0.4
2026-09-21T1500,3313A,112.4572,23.0163,肇庆市,高要湖西,细颗粒物(PM2.5),52,49,48,36,37,154,NA,89,89,5,12,6,8,0.7,0.7
2026-09-21T1500,3314A,114.4334,22.8134,惠州市,惠阳秋长,臭氧1小时(O3_1h),80,41,45,22,27,184,NA,129,129,4,11,/,/,/,/
2026-09-21T1500,3315A,116.1234,24.2994,梅州市,梅龙,,44,39,34,28,25,138,NA,93,93,6,9,7,7,0.8,0.8
2026-09-21T1500,3317A,111.9785,21.8954,阳江市,两阳中学,,40,34,30,27,20,128,NA,106,106,7,14,/,/,0.6,0.5
2026-09-21T1500,3318A,112.9898,23.7403,清远市,清新太和,,46,43,40,32,28,125,NA,106,106,3,8,8,9,0.8,0.8
2026-09-21T1500,3319A,113.7283,23.041,东莞市,万江金泰,臭氧1小时(O3_1h),116,65,51,44,36,232,NA,154,154,14,18,10,14,0.9,0.9
2026-09-21T1500,3320A,116.4028,23.5699,揭阳市,曲溪,臭氧1小时(O3_1h),68,40,43,26,32,174,NA,137,137,8,13,7,8,0.8,0.7
2026-09-21T1500,3323A,115.2772,40.9723,张家口市,青少年活动中心,,33,4,6,1,6,103,NA,79,79,2,7,1,2,0.1,0
2026-09-21T1500,3324A,116.8011,38.294,沧州市,河北水利电力学院,NA,NA,44,54,29,30,136,NA,94,94,9,11,8,8,NA,0.3
2026-09-21T1500,3325A,117.0362,39.3827,天津市,雍阳西道,,41,27,55,11,25,130,NA,90,90,3,25,7,8,0.5,0.8
2026-09-21T1500,3326A,117.0291,39.0612,天津市,辛老路,颗粒物(PM10),78,89,63,24,25,169,NA,124,124,7,24,4,5,0.6,0.7
2026-09-21T1500,3327A,116.9638,38.9374,天津市,地纬路,,50,34,49,15,24,157,NA,120,120,5,17,6,7,0.5,0.7
2026-09-21T1500,3328A,118.4209,31.3704,芜湖市,市气象局,,49,40,35,32,24,156,NA,81,81,14,20,10,9,0.5,0.6
2026-09-21T1500,3329A,117.011,32.5891,淮南市,山南新区,细颗粒物(PM2.5),56,50,29,38,28,120,NA,92,92,13,14,4,4,0.3,0.3
2026-09-21T1500,3331A,118.3268,32.2633,滁州市,图书馆,细颗粒物(PM2.5),74,66,33,47,26,104,NA,71,71,15,20,9,8,0.6,0.4
2026-09-21T1500,3332A,115.7631,33.803,亳州市,亳州学院,细颗粒物(PM2.5),74,64,45,47,38,119,NA,106,106,6,8,2,2,0.4,0.4
2026-09-21T1500,3333A,117.5626,30.695,池州市,第八中学,,39,36,42,22,28,122,NA,88,88,15,19,6,6,0.7,0.8
2026-09-21T1500,3334A,117.5037,30.6242,池州市,第十二中学,,42,42,42,26,29,131,NA,96,96,13,13,5,4,0.8,1
2026-09-21T1500,3335A,113.3137,35.2643,焦作市,马村街道办,细颗粒物(PM2.5),78,53,68,49,47,145,NA,96,96,9,15,4,3,0.6,0.8
2026-09-21T1500,3336A,113.2464,35.2374,焦作市,焦作技师学院,细颗粒物(PM2.5),64,64,55,42,41,146,NA,107,107,8,10,8,6,0.7,0.8
2026-09-21T1500,3337A,113.8611,34.0443,许昌市,许昌学院,细颗粒物(PM2.5),68,58,47,44,36,142,NA,114,114,13,13,8,7,0.5,0.5
2026-09-21T1500,3338A,113.8428,34.0825,许昌市,芙蓉广场,细颗粒物(PM2.5),90,80,44,55,39,151,NA,112,112,4,10,7,6,0.7,0.6
2026-09-21T1500,3339A,114.0002,33.0404,驻马店市,小管楼,细颗粒物(PM2.5),72,NA,41,46,34,111,NA,112,112,12,14,4,4,0.3,0.3
2026-09-21T1500,3340A,112.6005,34.6323,洛阳市,伊滨,细颗粒物(PM2.5),54,39,37,37,32,120,NA,74,74,12,17,7,7,0.5,0.5
2026-09-21T1500,3341A,112.495,34.6338,洛阳市,中移产业园,细颗粒物(PM2.5),62,41,38,41,36,131,NA,74,74,5,13,9,9,0.6,0.7
2026-09-21T1500,3342A,128.7948,47.7291,伊春市,中心小学,,32,32,17,5,5,68,NA,50,50,4,6,2,2,0.7,0.7
2026-09-21T1500,3343A,128.6736,47.729,伊春市,检察院,,23,15,19,1,5,72,NA,51,51,1,3,5,5,0.4,0.3
2026-09-21T1500,3345A,131.0413,45.7795,七台河市,中波台,,20,16,12,2,4,62,NA,47,47,1,4,3,3,0.3,0.4
2026-09-21T1500,3346A,108.3871,31.1627,重庆市,安康,,11,8,15,4,8,34,NA,20,20,11,11,8,8,0.7,0.7
2026-09-21T1500,3347A,105.8983,29.36,重庆市,北山路,,23,21,17,8,12,72,NA,47,47,9,11,9,10,0.5,0.6
2026-09-21T1500,3350A,106.648859,29.023807,重庆市,滩子口,,24,24,30,10,16,38,NA,34,34,13,13,26,15,0.4,0.5
2026-09-21T1500,3351A,105.7164,29.7077,重庆市,棠香,,23,23,14,7,6,64,NA,50,50,8,7,6,8,0.8,0.8
2026-09-21T1500,3352A,107.0733,29.8618,重庆市,桃源西路,,29,29,33,7,18,34,NA,21,21,14,19,26,12,0.6,0.6
2026-09-21T1500,3353A,107.3536,29.7283,重庆市,迎宾大道,,13,13,26,5,14,36,NA,20,20,14,22,3,3,0.6,0.7
2026-09-21T1500,3354A,108.8152,29.5079,重庆市,舟白,,12,10,17,2,10,38,NA,24,18,12,11,6,6,0.5,0.4
2026-09-21T1500,3355A,108.3679,30.8429,重庆市,周家坝,,14,14,28,2,13,40,NA,27,27,10,16,6,5,0.6,0.7
2026-09-21T1500,3356A,108.4323,30.7554,重庆市,百安坝,,13,7,17,2,9,40,NA,40,40,10,16,12,12,0.4,0.5
2026-09-21T1500,3357A,104.0028,30.6891,成都市,金博路,,38,NA,13,12,12,120,NA,66,66,7,17,2,2,1.0,1
2026-09-21T1500,3359A,104.056,30.5228,成都市,华阳,,41,22,20,13,13,131,NA,69,69,9,15,2,2,0.7,0.8
2026-09-21T1500,3360A,104.7894,29.3197,自贡市,南湖救助站,,35,22,20,10,9,111,NA,43,NA,5,9,9,6,0.8,0.8
2026-09-21T1500,3361A,103.7313,29.563,乐山市,理工大学,,30,22,15,6,3,95,NA,60,60,6,8,9,7,0.7,0.7
2026-09-21T1500,3363A,117.9883,36.8372,淄博市,新区,,34,24,52,1,37,108,NA,88,88,11,22,6,6,0.4,0.7
2026-09-21T1500,3364A,117.316,34.8106,枣庄市,市环保局,细颗粒物(PM2.5),88,100,105,54,75,139,NA,85,85,16,22,4,5,0.7,0.8
2026-09-21T1500,3365A,118.5721,37.5654,东营市,垦利区民丰路,,35,19,32,0,18,111,NA,85,85,5,10,4,4,0.2,0.4
2026-09-21T1500,3366A,121.5202,37.4336,烟台市,中国农业大学,,40,27,27,0,10,126,NA,97,97,8,14,8,9,0.2,0.2
2026-09-21T1500,3368A,119.1978,36.6871,潍坊市,高新实验学校,,32,31,54,0,19,102,NA,94,90,9,10,7,7,0.4,0.7
2026-09-21T1500,3370A,118.3563,35.0215,临沂市,十里堡居委,,39,36,69,8,58,122,NA,114,114,11,20,11,11,0.6,0.9
2026-09-21T1500,3371A,116.3693,37.44,德州市,开发区人民医院,,39,27,68,3,44,124,NA,98,98,6,16,8,10,0.4,0.7
2026-09-21T1500,3374A,115.5562,35.089,菏泽市,定陶老年大学,细颗粒物(PM2.5),119,112,69,80,52,113,NA,63,63,16,20,7,5,0.8,0.5
2026-09-21T1500,3375A,102.8016,24.8336,昆明市,青年创业园,,29,12,24,9,14,92,NA,60,60,8,22,4,6,0.5,0.7
2026-09-21T1500,3376A,103.7926,25.4651,曲靖市,南苑二区,,22,9,18,3,14,69,NA,58,58,3,8,4,4,0.3,0.4
2026-09-21T1500,3377A,103.7442,25.5259,曲靖市,曲靖师范学院,NA,NA,NA,22,2,16,71,NA,59,59,3,11,2,5,0.3,0.4
2026-09-21T1500,3379A,122.1122,40.2275,营口市,鲅鱼圈市民活动中心,颗粒物(PM10),65,71,54,9,21,107,NA,67,67,17,26,8,7,0.7,1.1
2026-09-21T1500,3380A,102.8915,34.9618,甘南藏族自治州,甘肃民族师范学院,,33,21,23,9,11,104,NA,71,71,6,13,8,7,0.4,0.4
2026-09-21T1500,3396A,112.0764,32.0089,襄阳市,襄城隆中路,,32,17,27,13,19,100,NA,71,71,9,10,8,8,0.7,0.7
2026-09-21T1500,3397A,112.1154,32.103,襄阳市,高新台子湾,,43,NA,28,30,26,111,NA,80,80,11,12,6,6,0.7,0.7
2026-09-21T1500,3398A,114.9134,30.4446,黄冈市,市林业局,,29,27,39,17,24,92,NA,64,64,5,10,5,7,0.3,0.4
2026-09-21T1500,3399A,112.6703,26.8817,衡阳市,师范学院,颗粒物(PM10),53,54,79,22,59,114,NA,83,83,4,17,6,8,0.9,1.1
2026-09-21T1500,3400A,109.1844,21.4396,北海市,龙潭自来水厂,,42,24,28,14,18,134,NA,105,105,6,7,10,8,0.6,0.6
2026-09-21T1500,3401A,108.4829,22.762,南宁市,红星社区,,48,25,44,17,32,153,NA,104,104,7,17,6,7,0.8,0.9
2026-09-21T1500,3402A,109.5422,24.3994,柳州市,市二中,颗粒物(PM10),62,66,49,33,33,154,NA,105,105,8,20,10,11,0.7,0.9
2026-09-21T1500,3404A,108.5959,21.9634,钦州市,北职校,,45,31,47,18,23,141,NA,104,104,6,13,10,11,0.7,0.8
2026-09-21T1500,3405A,109.5886,23.1172,贵港市,新世纪学校,,49,39,60,34,44,147,NA,119,119,11,20,/,/,0.8,0.9
2026-09-21T1500,3407A,120.6915,30.7741,嘉兴市,秀洲住建,臭氧1小时(O3_1h),83,46,36,25,21,186,NA,145,145,7,24,5,5,0.3,0.3
2026-09-21T1500,3408A,120.5685,29.936,绍兴市,绍兴中专,臭氧1小时(O3_1h),111,50,40,37,28,221,NA,148,148,10,20,9,7,0.9,0.8
2026-09-21T1500,3409A,120.4905,30.086,绍兴市,柯桥区政府,臭氧1小时(O3_1h),100,48,36,35,28,200,NA,144,144,6,16,8,8,0.5,0.5
2026-09-21T1500,3410A,120.8751,30.0249,绍兴市,重华小学,,43,31,34,19,21,136,NA,114,114,7,12,6,6,0.5,0.5
2026-09-21T1500,3411A,120.837,30.0137,绍兴市,上虞中学,,44,33,37,21,23,140,NA,118,118,11,18,5,4,0.7,0.7
2026-09-21T1500,3416A,119.1758,36.7139,潍坊市,潍坊学院,,33,17,47,0,23,103,NA,91,88,7,11,5,6,0.3,0.5
2026-09-21T1500,3418A,116.8336,40.4095,北京市,密云新城,,34,9,28,5,15,106,NA,77,77,7,10,2,3,0.3,0.4
2026-09-21T1500,3419A,109.9449,40.6259,包头市,包头市委党校,,37,NA,19,12,18,117,NA,71,71,11,35,12,5,0.5,0.5
2026-09-21T1500,3421A,113.1776,40.9779,乌兰察布市,市委党校,,40,10,28,2,14,128,NA,84,84,3,26,2,4,0.3,0.4
2026-09-21T1500,3422A,118.8443,31.919,南京市,江宁彩虹桥,,45,40,32,28,17,141,NA,93,93,4,19,5,5,0.4,0.5
2026-09-21T1500,3425A,120.642,31.1733,苏州市,越秀幼儿园,臭氧1小时(O3_1h),78,53,36,42,21,182,NA,121,121,12,24,8,7,1.0,0.8
2026-09-21T1500,3426A,118.8757,33.2897,淮安市,新华书店,颗粒物(PM10),73,82,60,44,32,118,NA,93,93,11,12,12,12,1.1,0.8
2026-09-21T1500,3427A,118.8497,32.3599,南京市,六合雄州,细颗粒物(PM2.5),100,71,42,60,29,103,NA,70,70,13,18,4,4,1.1,0.8
2026-09-21T1500,3429A,119.8595,31.706,常州市,武进经发区,颗粒物(PM10),70,78,61,40,31,124,NA,81,81,23,39,9,10,0.8,0.9
2026-09-21T1500,3430A,119.5812,31.7256,常州市,金坛城区,颗粒物(PM10),52,52,44,29,25,137,NA,96,96,10,26,4,5,0.6,0.6
2026-09-21T1500,3431A,120.6502,31.4117,苏州市,高铁新城,颗粒物(PM10),58,60,42,36,24,165,NA,118,118,13,23,8,8,0.9,0.7
2026-09-21T1500,3432A,120.9348,31.9874,南通市,环境教育馆,,35,24,18,20,12,110,NA,105,105,6,13,6,6,0.4,0.4
2026-09-21T1500,3434A,119.2414,34.6539,连云港市,工贸学校,,45,44,40,20,28,142,NA,119,119,8,14,10,10,0.5,0.6
2026-09-21T1500,3435A,119.9186,32.4322,泰州市,周山河街区,细颗粒物(PM2.5),74,55,39,47,34,104,NA,93,93,14,17,14,13,0.8,0.7
2026-09-21T1500,3436A,120.4283,33.2048,盐城市,大丰高级中学,,39,22,24,14,16,124,NA,109,109,5,12,8,8,0.6,0.6
2026-09-21T1500,3437A,88.3088,43.3637,乌鲁木齐市,达坂城区环保局,颗粒物(PM10),88,102,72,17,19,112,NA,67,67,2,7,9,12,0.2,0.2
2026-09-21T1500,3438A,87.6132,43.8791,乌鲁木齐市,红光山片区,颗粒物(PM10),68,75,75,28,28,112,NA,60,60,26,47,6,4,0.2,0.2
2026-09-21T1500,3439A,87.7008,43.8003,乌鲁木齐市,新师大温泉校区,颗粒物(PM10),65,70,77,25,24,105,NA,86,60,13,15,9,11,0.3,0.3
2026-09-21T1500,3440A,87.4892,43.84,乌鲁木齐市,大绿谷,颗粒物(PM10),58,61,63,14,18,114,NA,80,69,15,28,4,3,0.5,0.5
2026-09-21T1500,3441A,87.5461,44.1909,五家渠市,经开区管委会,颗粒物(PM10),58,60,78,13,19,132,NA,96,96,7,24,8,7,0.5,0.6
2026-09-21T1500,3442A,86.047,44.2331,石河子市,南区管委会,颗粒物(PM10),76,86,74,11,13,151,NA,102,102,15,12,16,8,0.5,0.3
2026-09-21T1500,3443A,113.2905,23.5541,广州市,花都梯面,,43,42,42,30,30,119,NA,83,83,6,21,6,6,/,/
2026-09-21T1500,3444A,116.4539,23.2684,汕头市,潮南峡山,,48,40,40,28,26,151,NA,112,112,10,13,8,9,0.7,0.7
2026-09-21T1500,3445A,113.786,23.7479,广州市,从化良口,,33,30,34,23,32,72,NA,74,74,5,10,6,6,/,/
2026-09-21T1500,3446A,113.805,23.2614,广州市,增城荔城,细颗粒物(PM2.5),78,53,39,49,28,164,NA,120,120,9,14,9,9,0.5,0.6
2026-09-21T1500,3447A,114.344,22.7115,深圳市,坪山,,45,38,36,27,23,141,NA,113,113,12,18,5,5,0.6,0.6
2026-09-21T1500,3448A,113.5436,22.1163,珠海市,横琴,,39,26,38,15,20,122,NA,104,104,10,10,/,/,/,/
2026-09-21T1500,3449A,113.0496,22.4669,江门市,新会银湖,臭氧1小时(O3_1h),52,45,42,28,28,161,NA,101,101,12,17,3,4,0.8,0.8
2026-09-21T1500,3450A,111.0101,21.5165,茂名市,电白水东,NA,NA,31,29,22,23,125,NA,95,95,NA,8,11,11,/,/
2026-09-21T1500,3451A,112.5617,23.2082,肇庆市,鼎湖凤凰,臭氧1小时(O3_1h),97,46,45,40,38,197,NA,117,117,14,11,10,9,/,/
2026-09-21T1500,3452A,114.6521,22.7755,惠州市,大亚湾霞涌,,43,36,27,22,19,137,NA,100,100,7,10,/,/,/,/
2026-09-21T1500,3453A,112.0125,21.8749,阳江市,阳东陶然,,39,28,25,24,17,123,NA,115,115,6,9,6,8,0.4,0.4
2026-09-21T1500,3454A,113.3527,22.4781,中山市,中山南区,细颗粒物(PM2.5),90,NA,31,55,28,183,NA,134,134,11,13,7,8,0.7,0.6
2026-09-21T1500,3455A,113.076,23.72,清远市,清城东城,,43,31,40,26,28,137,NA,100,100,6,10,/,/,/,/
2026-09-21T1500,3456A,114.2887,38.0905,石家庄市,鹿泉一中,细颗粒物(PM2.5),64,58,64,42,39,158,NA,93,93,8,7,2,1,0.7,0.7
2026-09-21T1500,3457A,118.4357,39.277,唐山市,冀东油田职工医院,颗粒物(PM10),58,61,39,23,15,159,NA,114,114,10,22,13,6,0.6,0.3
2026-09-21T1500,3458A,114.7893,36.5592,邯郸市,香泉濮院小区,细颗粒物(PM2.5),110,NA,71,71,66,151,NA,100,100,12,20,2,4,0.6,0.7
2026-09-21T1500,3459A,115.599,37.5491,衡水市,地表水厂,颗粒物(PM10),51,51,101,25,50,108,NA,86,83,4,13,1,3,0.6,0.8
2026-09-21T1500,3460A,117.4065,40.0583,天津市,北环路,,43,25,36,14,21,136,NA,96,96,9,8,6,5,0.2,0.3
2026-09-21T1500,3461A,117.3041,39.7167,天津市,建设路,臭氧1小时(O3_1h),67,48,55,26,27,173,NA,112,112,11,27,11,12,0.8,0.8
2026-09-21T1500,3462A,117.8201,39.3519,天津市,滨水东路,,50,50,45,28,17,152,NA,92,92,7,36,8,9,0.6,0.5
2026-09-21T1500,3463A,116.9708,33.5911,宿州市,社会福利中心,细颗粒物(PM2.5),109,NA,32,69,41,118,NA,NA,NA,16,18,7,6,0.7,0.5
2026-09-21T1500,3464A,117.3802,31.9148,合肥市,高教基地,颗粒物(PM10),58,61,36,31,21,71,NA,63,63,11,12,8,8,0.7,0.6
2026-09-21T1500,3465A,118.4783,31.3226,芜湖市,清苑社区,,47,38,37,23,24,149,NA,76,76,13,30,8,7,0.6,0.7
2026-09-21T1500,3466A,118.2746,31.2326,芜湖市,扬子职业技术学院,颗粒物(PM10),54,55,38,28,24,158,NA,83,83,12,15,7,7,0.6,0.6
2026-09-21T1500,3468A,115.79,32.8614,阜阳市,市规划展馆,,46,32,28,32,18,132,NA,118,118,8,11,4,4,0.6,0.5
2026-09-21T1500,3469A,115.835101,32.918568,阜阳市,枣园社区,,49,NA,29,34,20,113,NA,99,99,11,18,3,3,0.6,0.5
2026-09-21T1500,3471A,113.6104,34.8688,郑州市,惠济区政府,细颗粒物(PM2.5),90,NA,56,55,46,122,NA,82,82,8,16,2,2,0.6,0.6
2026-09-21T1500,3473A,114.2485,34.8306,开封市,技师学院,细颗粒物(PM2.5),76,77,70,48,42,134,NA,79,79,9,17,5,4,1.3,1
2026-09-21T1500,3474A,114.2616,35.6824,鹤壁市,大新区,细颗粒物(PM2.5),98,89,57,59,42,144,NA,116,116,11,16,6,5,1.2,0.8
2026-09-21T1500,3475A,113.9189,35.3042,新乡市,市政府,细颗粒物(PM2.5),76,79,86,48,48,142,NA,79,79,10,18,10,7,0.6,0.6
2026-09-21T1500,3477A,113.1656,35.2536,焦作市,中站许衡医院,颗粒物(PM10),65,71,51,36,35,134,NA,112,112,17,13,11,5,0.6,0.5
2026-09-21T1500,3478A,113.9691,33.568,漯河市,市图书馆,NA,NA,68,38,54,32,104,NA,103,103,NA,11,6,6,0.8,0.6
2026-09-21T1500,3481A,125.127,46.6277,大庆市,萨区政府监测点,,21,9,11,6,5,66,NA,53,53,4,16,6,6,0.3,0.4
2026-09-21T1500,3482A,107.754,29.3275,重庆市,芙蓉中路,,16,16,24,8,16,46,NA,25,25,5,13,9,9,0.6,0.7
2026-09-21T1500,3484A,106.2629,29.3202,重庆市,行政中心,,36,36,30,8,11,68,NA,48,48,10,12,11,11,0.5,0.5
2026-09-21T1500,3486A,124.4029,43.1411,四平市,植物园,,27,9,18,3,7,86,NA,69,69,6,14,5,4,0.1,0.2
2026-09-21T1500,3488A,104.387954,30.746684,成都市,青白江技师分院,,29,15,26,12,14,92,NA,59,59,2,15,5,6,0.9,1.1
2026-09-21T1500,3489A,104.0788,30.4054,成都市,科学城,,42,28,20,18,12,133,NA,67,67,8,12,8,8,0.7,0.7
2026-09-21T1500,3491A,104.6899,31.5324,绵阳市,西科大附属小学,,34,19,25,16,12,107,NA,72,72,8,16,9,9,0.4,0.5
2026-09-21T1500,3492A,104.5647,31.5343,绵阳市,安州区旅游局,,32,18,20,14,11,100,NA,66,66,7,12,7,8,0.2,0.3
2026-09-21T1500,3494A,117.1673,36.9782,济南市,济阳区政府,,39,39,72,0,40,113,NA,87,87,10,14,5,6,0.3,0.5
2026-09-21T1500,3495A,117.1168,36.6299,济南市,锦屏中学,,44,32,69,4,47,140,NA,112,112,9,20,7,6,0.1,0.3
2026-09-21T1500,3496A,118.359,35.1067,临沂市,南坊新区,,40,39,76,9,65,128,NA,119,119,9,18,8,6,0.4,0.7
2026-09-21T1500,3498A,118.5063,37.8606,东营市,河口城区,,34,19,34,3,19,108,NA,84,84,5,8,4,4,0.8,0.9
2026-09-21T1500,3500A,116.5808,35.3703,济宁市,北湖一中,NA,NA,88,147,60,113,182,NA,130,130,12,22,1,3,NA,0.7
2026-09-21T1500,3501A,116.8251,35.5592,济宁市,服务中心,颗粒物(PM10),66,72,104,39,90,159,NA,125,125,7,22,5,6,0.9,0.7
2026-09-21T1500,3502A,117.1812,36.2273,泰安市,国网新校,,42,24,61,12,51,132,NA,123,123,2,7,4,4,0.4,0.6
2026-09-21T1500,3503A,117.0315,36.2017,泰安市,交通技校,,46,46,77,19,56,146,NA,122,122,10,24,5,5,0.6,0.8
2026-09-21T1500,3504A,117.083,36.13,泰安市,山东第一医科大学,,48,44,88,19,68,152,NA,119,119,9,43,7,8,0.4,0.6
2026-09-21T1500,3505A,122.1379,37.3414,威海市,临港区管委会,,34,17,30,1,15,106,NA,90,90,9,11,6,7,0.2,0.3
2026-09-21T1500,3507A,119.5326,35.4627,日照市,职业技术学院,,39,24,49,0,29,123,NA,110,110,9,12,10,12,0.2,0.5
2026-09-21T1500,3511A,116.5687,37.3331,德州市,陵城艺术中心,,39,31,71,2,43,123,NA,92,92,6,13,10,9,0.4,0.6
2026-09-21T1500,3513A,116.0443,36.436,聊城市,九州社区,,47,44,141,15,77,148,NA,102,102,3,20,12,12,0.5,0.8
2026-09-21T1500,3514A,117.9379,37.3959,滨州市,中海酒店,,43,31,47,3,24,135,NA,104,104,6,11,9,7,0.1,0.4
2026-09-21T1500,3515A,117.9381509,37.35547456,滨州市,开发区一中,,44,31,53,3,21,138,NA,102,102,4,8,8,7,0.3,0.5
2026-09-21T1500,3516A,118.0914,37.6938,滨州市,金海六路,,38,24,46,3,21,120,NA,95,95,4,11,6,5,0.4,0.4
2026-09-21T1500,3520A,106.3495,38.9837,石嘴山市,妇女儿童医院,,43,37,51,10,24,137,NA,94,94,6,21,9,19,0.5,0.8
2026-09-21T1500,3521A,106.7495,39.2068,石嘴山市,石大公路,,40,28,43,11,12,128,NA,80,80,8,32,9,9,0.4,0.6
2026-09-21T1500,3523A,106.5105,38.3857,银川市,滨河新区,臭氧1小时(O3_1h),58,39,39,29,24,166,NA,125,125,16,22,17,16,0.5,0.5
2026-09-21T1500,3525A,108.6394,34.408,咸阳市,奥体中心,,36,26,34,25,22,112,NA,54,54,7,14,2,2,0.4,0.4
2026-09-21T1500,3526A,119.5188,25.9666,福州市,吴航,,39,22,24,14,15,122,NA,98,98,7,9,8,7,0.4,0.4
2026-09-21T1500,3527A,118.0961,24.5689,厦门市,集美中学,臭氧1小时(O3_1h),77,40,35,23,21,181,NA,142,142,14,8,3,2,0.4,0.4
2026-09-21T1500,3528A,118.1502,24.7246,厦门市,同安二实小,臭氧1小时(O3_1h),82,39,29,29,22,185,NA,123,123,9,7,3,3,0.7,0.7
2026-09-21T1500,3530A,117.6288,24.5309,漳州市,西洋坪路,,40,24,40,13,26,125,NA,81,81,5,11,4,5,0.4,0.5
2026-09-21T1500,3531A,110.296,25.1254,桂林市,旅游学院,,38,NA,38,25,31,121,NA,89,89,7,10,2,4,0.7,0.7
2026-09-21T1500,3532A,110.1951,22.6832,玉林市,玉林师范学院东校区,,50,43,46,35,33,146,NA,108,108,6,14,4,11,0.6,0.6
2026-09-21T1500,3533A,110.0527,22.5894,玉林市,福绵环保局,,40,40,48,27,31,128,NA,104,104,7,13,6,9,0.7,0.7
2026-09-21T1500,3534A,111.4744,24.455,贺州市,西湾,,30,22,45,19,29,93,NA,73,73,5,10,8,8,0.5,0.6
2026-09-21T1500,3535A,109.1781,23.7293,来宾市,兴宾区政府,,50,50,55,22,39,158,NA,116,116,5,7,7,6,0.8,0.9
2026-09-21T1500,3538A,107.5175,26.2977,黔南布依族苗族自治州,沙坝,,27,NA,27,15,15,84,NA,62,62,3,10,3,3,0.5,0.6
2026-09-21T1500,3539A,110.5111,19.9737,海口市,桂林洋子站,,35,25,30,16,16,110,NA,95,95,3,7,/,/,/,/
2026-09-21T1500,3540A,109.7348,18.3443,三亚市,君悦子站,,32,32,21,14,10,85,NA,65,65,3,6,3,4,0.6,0.6
2026-09-21T1500,3541A,109.5726195,19.51688767,儋州市,第一中学子站,,29,26,24,15,10,92,NA,76,76,2,4,4,3,0.4,0.4
2026-09-21T1500,3542A,109.5567,19.5187,儋州市,东坡学校子站,,28,22,22,19,12,89,NA,74,74,2,4,5,4,0.5,0.5
2026-09-21T1500,3544A,121.4891,30.925,上海市,奉贤南桥新城,,41,37,41,27,23,129,NA,112,112,17,24,6,6,0.6,0.5
2026-09-21T1500,3545A,110.8053,32.8401,十堰市,郧阳区金沙路,,20,20,15,8,6,64,NA,55,55,7,6,8,7,0.8,0.8
2026-09-21T1500,3546A,111.4606,30.5519,宜昌市,猇亭区张家湾站,,23,23,46,8,26,36,NA,34,34,15,13,7,7,0.5,0.5
2026-09-21T1500,3547A,112.1631,31.0134,荆门市,龙泉中学南校,,27,13,28,4,24,86,NA,91,79,8,8,4,5,0.6,0.7
2026-09-21T1500,3549A,109.5061,30.3771,恩施土家族苗族自治州,龙凤新区,,11,5,24,2,10,35,NA,21,21,5,8,4,4,0.7,0.7
2026-09-21T1500,3550A,102.8,24.9787,昆明市,昆明学院,,29,13,28,7,12,90,NA,59,59,6,15,6,7,0.5,0.7
2026-09-21T1500,3551A,102.5969,24.6738,昆明市,晋宁区生态环境分局,,28,12,16,6,13,88,NA,67,67,5,8,5,5,0.3,0.4
2026-09-21T1500,3552A,102.6673,24.9861,昆明市,云天化总部,,32,7,20,1,10,100,NA,66,66,6,13,6,6,0.2,0.3
2026-09-21T1500,3557A,119.9463,30.0496,杭州市,镇二中,臭氧1小时(O3_1h),63,39,32,29,27,170,NA,106,106,15,17,8,7,0.8,0.7
2026-09-21T1500,3558A,119.7184,30.2367,杭州市,市府大楼,臭氧1小时(O3_1h),67,30,23,28,22,173,NA,112,112,12,11,8,7,0.5,0.5
2026-09-21T1500,3560A,120.4715,30.0414,绍兴市,柯桥妇保,臭氧1小时(O3_1h),102,44,44,30,29,203,NA,142,142,8,18,9,8,0.7,0.7
2026-09-21T1500,3561A,120.6985,27.9252,温州市,茶山,,43,42,37,22,22,136,NA,93,93,12,16,/,/,/,/
2026-09-21T1500,3562A,120.4146,30.8538,湖州市,南浔区站,臭氧1小时(O3_1h),78,50,34,38,26,182,NA,139,139,13,15,10,10,0.7,0.7
2026-09-21T1500,3564A,121.25678,28.66823971,台州市,台州科技职业学院,,45,28,30,17,18,143,NA,128,128,5,10,9,9,0.5,0.7
2026-09-21T1500,3565A,113.1371,40.1122,大同市,云冈站,NA,NA,17,18,6,9,125,NA,76,76,NA,15,NA,7,0.2,0.3
2026-09-21T1500,3566A,113.1186,40.2556,大同市,图书馆,,34,6,24,2,13,106,NA,68,68,4,13,8,8,0.4,0.6
2026-09-21T1500,3567A,113.5931,40.0459,大同市,区一中,,40,17,25,2,12,126,NA,76,76,7,16,10,10,0.6,0.7
2026-09-21T1500,3568A,113.0603,36.0464,长治市,向阳小学,细颗粒物(PM2.5),74,53,72,47,49,144,NA,80,80,5,15,8,8,0.9,1
2026-09-21T1500,3569A,112.8788,36.315,长治市,屯留一中,细颗粒物(PM2.5),117,NA,55,78,52,145,NA,73,73,12,18,13,12,1.3,1.2
2026-09-21T1500,3571A,112.2938,39.5296,朔州市,一水厂,,37,32,29,9,13,117,NA,78,78,16,26,5,3,0.5,0.6
2026-09-21T1500,3575A,118.0927,39.5807,唐山市,正泰大街热力站,,48,38,46,14,15,153,NA,101,101,6,16,2,3,0.7,0.6
2026-09-21T1500,3576A,118.1561,39.8322,唐山市,丰润区政府,,50,36,50,12,14,160,NA,105,105,5,22,7,6,0.6,0.6
2026-09-21T1500,3577A,118.436906,39.73802,唐山市,金山小学,,40,39,50,15,10,128,NA,104,104,13,19,1,4,0.6,0.5
2026-09-21T1500,3578A,118.2449,39.6693,唐山市,政府服务中心,NA,NA,NA,61,NA,18,NA,NA,118,NA,NA,31,NA,4,NA,0.5
2026-09-21T1500,3580A,114.1998,36.4439,邯郸市,峰峰矿区临水派出所,细颗粒物(PM2.5),102,63,63,62,57,122,NA,117,116,12,12,4,6,0.8,0.8
2026-09-21T1500,3581A,115.3136,38.9511,保定市,满城区生态环境分局,,50,48,42,29,28,160,NA,105,105,3,12,2,1,0.6,0.5
2026-09-21T1500,3582A,115.4709,38.7628,保定市,清苑区第二中学,细颗粒物(PM2.5),64,60,78,42,42,155,NA,113,113,1,17,5,5,0.6,0.5
2026-09-21T1500,3583A,115.6231,39.0223,保定市,徐水物探局,颗粒物(PM10),51,51,42,35,27,159,NA,122,122,2,16,1,2,0.5,0.4
2026-09-21T1500,3590A,113.8362,34.566,郑州市,北区建设指挥部,细颗粒物(PM2.5),92,NA,43,56,37,143,NA,86,86,16,24,7,5,0.4,0.4
2026-09-21T1500,3591A,113.3029,34.8041,郑州市,上街区政府,细颗粒物(PM2.5),90,NA,51,55,43,152,NA,96,96,9,14,4,4,0.7,0.7
2026-09-21T1500,3592A,114.4518,34.7503,开封市,祥符区生态环境局,细颗粒物(PM2.5),101,NA,43,61,45,138,NA,101,101,7,9,6,4,0.8,0.8
2026-09-21T1500,3593A,112.5736,34.8993,洛阳市,吉利监测站,,37,23,43,18,32,118,NA,61,61,4,13,8,8,0.3,0.6
2026-09-21T1500,3594A,112.8736,33.9068,平顶山市,石龙区,细颗粒物(PM2.5),56,NA,25,38,30,121,NA,112,112,11,11,8,6,0.8,0.8
2026-09-21T1500,3596A,114.1573,35.9607,鹤壁市,南山宾馆,细颗粒物(PM2.5),102,91,81,62,58,137,NA,107,107,12,14,6,8,0.9,0.9
2026-09-21T1500,3598A,111.1031,34.719,三门峡市,富达温泉假日酒店,,36,32,37,25,37,73,NA,56,55,21,21,7,8,0.8,0.8
2026-09-21T1500,3599A,106.2648,29.9853,重庆市,书院路,,15,NA,8,10,9,43,NA,33,33,9,9,8,7,0.9,0.9
2026-09-21T1500,3600A,106.2334,29.5583,重庆市,虎峰,,28,28,34,15,14,76,NA,50,50,7,11,7,14,0.6,0.7
2026-09-21T1500,3601A,106.0497,29.8345,重庆市,龙门街,,21,19,24,8,9,66,NA,42,42,9,9,8,7,0.7,0.7
2026-09-21T1500,3604A,119.3267,35.1043,日照市,岚山环保分局,,41,41,52,4,32,118,NA,106,105,22,21,14,21,0.8,1.7
2026-09-21T1500,3605A,109.1019,34.5302,西安市,无线电监控中心,,44,44,31,27,18,104,NA,59,59,8,18,5,5,0.9,0.8
2026-09-21T1500,3610A,105.5931,29.4105,重庆市,昌元,,24,16,15,7,9,76,NA,44,44,20,14,10,9,0.6,0.6
2026-09-21T1500,3612A,85.1045,45.6895,克拉玛依市,白碱滩区新站,,40,40,48,22,14,106,NA,68,68,6,12,7,7,0.4,0.4
2026-09-21T1500,3613A,87.3069,44.0093,昌吉回族自治州,亚心广场,颗粒物(PM10),58,61,74,10,17,143,NA,76,76,7,33,15,12,0.2,0.4
2026-09-21T1500,3614A,79.9241,37.0878,和田地区,地区环保局,颗粒物(PM10),98,117,130,33,35,106,NA,85,85,2,7,2,3,0.3,0.4
2026-09-21T1500,3615A,79.9132,37.1137,和田地区,市环保局,颗粒物(PM10),93,110,124,32,39,106,NA,90,90,2,8,3,3,0.5,0.6
2026-09-21T1500,3616A,106.7617,31.8343,巴中市,市中心医院,,18,13,19,6,5,56,NA,26,26,3,8,9,9,0.8,0.8
2026-09-21T1500,3617A,105.8047,32.4167,广元市,经开区,,25,19,24,11,12,78,NA,51,51,7,20,5,5,0.5,0.5
2026-09-21T1500,3618A,112.4702,37.7821,太原市,金胜,颗粒物(PM10),58,61,49,33,32,132,NA,69,69,14,18,9,9,0.4,0.4
2026-09-21T1500,3619A,113.6169,37.8565,阳泉市,龙柱,颗粒物(PM10),52,52,62,31,43,116,NA,76,76,11,22,8,12,0.8,1.8
2026-09-21T1500,3620A,112.8258,35.4804,晋城市,泽州一中,颗粒物(PM10),56,58,69,33,44,142,NA,77,77,5,15,5,5,1.0,1.3
2026-09-21T1500,3622A,113.5556,24.8082,韶关市,碧湖山庄,"颗粒物(PM10),细颗粒物(PM2.5)",60,63,43,40,30,104,NA,77,77,8,9,7,6,0.7,0.7
2026-09-21T1500,3623A,113.8952,22.586,深圳市,西乡,臭氧1小时(O3_1h),108,62,44,34,26,216,NA,112,112,29,25,4,4,0.8,0.6
2026-09-21T1500,3624A,116.4069,23.2533,汕头市,潮南子站,颗粒物(PM10),53,53,40,29,25,149,NA,109,109,10,10,8,8,/,/
2026-09-21T1500,3625A,113.2568,22.7629,佛山市,容桂街道办,臭氧1小时(O3_1h),106,48,38,42,32,212,NA,126,126,14,14,/,/,/,/
2026-09-21T1500,3628A,112.0335,22.9376,云浮市,文笔,,47,44,59,32,46,148,NA,83,83,5,19,6,12,0.5,0.6
2026-09-21T1500,3629A,101.8304,36.5785,西宁市,世纪职校,,34,15,29,15,26,106,NA,49,49,6,16,4,9,0.8,0.9
2026-09-21T1500,3633A,118.4914,31.681,马鞍山市,雨山,,46,25,32,19,20,145,NA,86,86,8,17,6,5,1.0,1.1
2026-09-21T1500,3635A,112.3678,34.6623,洛阳市,河科大西苑校区,细颗粒物(PM2.5),52,42,35,36,34,136,NA,85,85,8,18,10,9,0.8,0.8
2026-09-21T1500,3636A,112.4387,34.678,洛阳市,英才小学,细颗粒物(PM2.5),54,45,41,37,32,111,NA,72,66,16,17,7,7,0.7,0.7
2026-09-21T1500,3637A,131.0136,45.7688,七台河市,人民广场,,20,10,16,3,5,62,NA,43,43,3,8,6,6,0.4,0.5
2026-09-21T1500,3638A,104.7637,29.3373,自贡市,轻化工大学,,32,14,18,9,11,101,NA,58,58,6,10,12,10,0.6,0.7
2026-09-21T1500,3642A,120.3454,36.0735,青岛市,市北区南部,,35,35,45,3,27,107,NA,89,82,13,17,9,8,0.4,0.6
2026-09-21T1500,3643A,120.3897,36.18,青岛市,李沧区北部,,38,34,55,1,29,121,NA,84,NA,9,16,4,5,0.5,0.7
2026-09-21T1500,3644A,117.8662,36.8049,淄博市,三金集团,,39,21,64,1,38,122,NA,95,95,8,25,5,6,0.2,0.5
2026-09-21T1500,3645A,118.0259,36.8409,淄博市,东风化工厂,,39,37,72,1,37,124,NA,100,100,9,22,6,8,0.2,0.5
2026-09-21T1500,3646A,118.4979,37.4623,东营市,胜利站,,37,28,37,1,24,116,NA,92,92,4,8,4,3,0.2,0.4
2026-09-21T1500,3648A,106.2176,37.9832,吴忠市,文卫南街,,42,36,56,11,32,133,NA,74,74,8,27,6,3,0.3,0.5
2026-09-21T1500,3650A,105.1696,37.5164,中卫市,沙坡头区政府站,,38,24,61,10,39,120,NA,71,71,6,31,2,4,0.4,0.6
2026-09-21T1500,3654A,114.8093,30.4091,鄂州市,精准医疗中心,,46,41,41,32,31,90,NA,62,62,12,15,5,5,0.8,0.8
2026-09-21T1500,3655A,114.3379,29.8683,咸宁市,长江产业园,"颗粒物(PM10),细颗粒物(PM2.5)",60,63,77,40,44,84,NA,50,50,11,16,5,5,0.7,1
2026-09-21T1500,3656A,120.1554,30.2863,杭州市,消防大队,臭氧1小时(O3_1h),82,42,31,28,24,185,NA,134,134,12,22,11,10,0.7,0.7
2026-09-21T1500,3658A,120.6156,30.0762,绍兴市,袍江中学,臭氧1小时(O3_1h),102,70,41,48,24,204,NA,157,157,14,18,13,10,0.6,0.6
2026-09-21T1500,3659A,119.656,29.1132,金华市,气象局,,45,41,45,19,24,144,NA,117,117,8,19,6,6,0.6,0.7
2026-09-21T1500,3662A,123.6341,47.2079,齐齐哈尔市,富区青少年活动中心,,18,18,17,4,4,49,NA,43,43,8,9,3,3,0.5,0.5
2026-09-21T1500,3663A,124.117,50.4279,大兴安岭地区,红旗社区,NA,NA,7,6,NA,8,66,NA,56,56,2,4,3,3,0.1,0.2
2026-09-21T1500,3664A,119.4171,34.734,连云港市,连云街道,,44,34,52,20,32,138,NA,124,124,18,22,12,12,0.7,0.8
2026-09-21T1500,3665A,76.1654,39.7157,克孜勒苏柯尔克孜自治州,克州文化中心,,42,42,49,29,19,119,NA,93,93,4,4,4,4,0.2,0.2
2026-09-21T1500,3667A,111.0279,35.0543,运城市,水利职院,NA,NA,56,52,45,40,81,NA,72,72,9,9,4,4,NA,1
2026-09-21T1500,3669A,114.4706,36.0634,安阳市,左辅环卫站,细颗粒物(PM2.5),121,132,82,83,53,125,NA,102,102,11,18,5,7,1.2,1.2
2026-09-21T1500,3670A,111.0522,35.0439,运城市,禹都公园,,42,42,49,29,31,85,NA,69,69,7,8,5,4,1.1,1.2
2026-09-21T1500,3671A,116.0879,39.9725,北京市,门头沟三家店,,47,33,29,13,14,148,NA,93,93,10,22,2,3,0.4,0.5
2026-09-21T1500,3672A,116.1507,39.8246,北京市,丰台云岗,,50,44,43,25,21,158,NA,103,103,9,18,4,4,0.4,0.5
2026-09-21T1500,3674A,115.9578,39.7602,北京市,房山燕山,,31,22,22,14,14,98,NA,NA,NA,1,1,10,10,1.2,1.2
2026-09-21T1500,3675A,116.4669,39.7734,北京市,大兴旧宫,NA,NA,NA,NA,NA,NA,NA,NA,NA,NA,NA,NA,NA,NA,NA,NA
2026-09-21T1500,3677A,98.5887,24.4366,德宏傣族景颇族自治州,芒市人民政府综合楼,,27,27,35,7,9,76,NA,49,49,7,8,8,8,0.6,0.7
2026-09-21T1500,3678A,116.5907,35.4054,济宁市,市第七中学,细颗粒物(PM2.5),88,88,144,54,105,177,NA,126,126,14,23,4,6,0.8,0.9
2026-09-21T1500,3683A,109.8332,40.6577,包头市,昆区政府,,40,34,29,22,19,126,NA,75,75,29,33,28,14,1.3,0.6
2026-09-21T1500,3684A,130.8639,45.8144,七台河市,新建矿广场,,27,27,14,2,4,59,NA,42,42,5,6,4,3,0.1,0.3
2026-09-21T1500,3685A,117.897,28.4316,上饶市,双创科技城,,36,32,49,24,31,115,NA,111,111,9,15,8,9,0.6,0.7
2026-09-21T1500,3689A,113.9002,35.372,新乡市,行政服务中心,细颗粒物(PM2.5),74,71,79,47,49,135,NA,73,73,12,24,7,6,0.5,0.5
2026-09-21T1500,3690A,115.9718,28.7032,南昌市,外国语学校,,50,50,54,32,46,111,NA,94,94,8,12,8,8,0.8,0.7
2026-09-21T1500,3692A,118.2043,39.6703,唐山市,消防缸窑路中队,臭氧1小时(O3_1h),57,57,69,21,19,165,NA,113,113,6,22,8,10,0.5,0.6
2026-09-21T1500,3693A,118.1432,39.6203,唐山市,路南电大,颗粒物(PM10),58,60,50,32,21,155,NA,110,110,4,14,1,3,0.6,0.5
2026-09-21T1500,3694A,115.9859,40.4562,北京市,延庆石河营,,35,9,21,3,11,109,NA,59,59,12,23,4,3,0.3,0.3
2026-09-21T1500,3695A,116.6151,40.3052,北京市,怀柔新城,,30,9,22,4,14,93,NA,73,73,8,9,2,2,0.3,0.4
2026-09-21T1500,3696A,116.2542,39.8764,北京市,丰台小屯,NA,NA,NA,52,NA,28,NA,NA,129,NA,NA,32,NA,3,NA,0.7
2026-09-21T1500,3697A,116.8399,40.3843,北京市,密云镇,,34,8,27,6,16,106,NA,75,75,8,21,6,6,0.2,0.4
2026-09-21T1500,3699A,111.6519,40.8389,呼和浩特市,海东办,,34,14,17,1,7,108,NA,75,75,12,38,13,9,0.4,0.4
2026-09-21T1500,3701A,116.9647,33.6252,宿州市,皖北煤电集团,细颗粒物(PM2.5),96,74,44,58,38,119,NA,82,82,13,16,7,7,0.7,0.6
2026-09-21T1500,3706A,122.2584,43.6333,通辽市,老干部活动中心,,27,13,25,8,7,85,NA,68,68,4,9,10,10,0.4,0.5
2026-09-21T1500,3707A,131.0069,45.2988,鸡西市,欧美日汽修厂,,18,13,14,4,6,57,NA,47,47,5,11,3,4,0.5,0.5
2026-09-21T1500,3708A,122.2923,43.6189,通辽市,东方明珠社区,,28,17,27,2,8,89,NA,70,70,7,14,9,11,0.3,0.3
2026-09-21T1500,3710A,121.5593,29.8976,宁波市,白沙活动中心,,43,25,20,16,14,137,NA,120,120,7,11,10,10,0.4,0.3
2026-09-21T1500,3713A,124.3286,43.1726,四平市,世纪城,,32,32,21,3,8,89,NA,68,68,7,14,6,4,0.2,0.3
2026-09-21T1500,3715A,117.3091,32.9314,蚌埠市,蚌埠田家炳中学,细颗粒物(PM2.5),66,63,44,43,31,122,NA,114,114,12,18,8,7,0.6,0.6
2026-09-21T1500,3719A,97.1707,31.1428,昌都市,昌都会议中心,,31,8,14,4,6,97,NA,62,62,4,11,3,3,0.2,0.3
2026-09-21T1500,3726A,88.8775,29.2425,日喀则市,林业技术推广中心,,32,4,9,0,2,101,NA,87,87,2,2,3,4,0.2,0.2
2026-09-21T1500,3728A,104.6701,28.8053,宜宾市,白酒学院,,26,17,26,10,16,83,NA,48,48,12,12,6,6,0.7,0.7
2026-09-21T1500,3734A,118.5753,37.4405,东营市,理想之城,NA,NA,NA,43,NA,23,NA,NA,164,NA,NA,10,NA,5,NA,0.8
2026-09-21T1500,3860A,118.3915,35.0297,临沂市,皇山花园小区,,39,39,79,7,56,119,NA,112,112,12,22,12,12,0.5,0.9
2026-09-21T1500,3861A,119.2046,36.7696,潍坊市,寒亭区实验一小,NA,NA,NA,53,0,25,109,NA,88,88,6,16,4,3,0.1,0.3
2026-09-21T1500,3866A,122.2469,40.663,营口市,三高中,NA,NA,72,54,2,10,93,NA,60,60,10,15,10,12,NA,0.8
2026-09-21T1500,3867A,102.074,36.5056,海东市,平安区公安局北苑,,32,24,32,11,22,102,NA,67,67,5,15,7,7,0.6,0.8
2026-09-21T1500,3981A,113.2456,35.18,焦作市,原李万街道办,细颗粒物(PM2.5),58,50,62,39,42,144,NA,71,71,6,19,9,8,0.4,0.5
2026-09-21T1500,3994A,102.2174,31.9016,阿坝藏族羌族自治州,马尔康中学西区,,20,5,13,5,7,64,NA,37,37,3,3,4,4,0.5,0.5
2026-09-21T1500,4002A,109.2312,23.7428,来宾市,中南小学,,46,45,60,24,45,147,NA,105,105,7,21,7,9,0.6,0.7
2026-09-21T1500,4004A,115.4199,38.8665,保定市,双鹰农机,臭氧1小时(O3_1h),58,53,50,29,37,166,NA,114,114,5,10,3,2,0.5,0.4
2026-09-21T1500,4006A,122.3622,40.6762,营口市,老边实验小学,,31,12,27,1,12,98,NA,69,69,8,19,8,9,0.3,0.6
2026-09-21T1500,4008A,112.5233,32.9921,南阳市,卧龙区政府,,44,44,29,30,19,128,NA,112,112,8,9,6,6,0.9,0.9
2026-09-21T1500,4010A,112.5608,37.8807,太原市,育英中学,,49,44,52,34,36,133,NA,80,80,10,23,5,6,0.6,0.7
2026-09-21T1500,4011A,103.8505,30.6946,成都市,光华大道三段,NA,NA,8,21,8,13,98,NA,54,54,NA,13,3,3,0.7,0.8
2026-09-21T1500,4017A,116.7926,33.9534,淮北市,市博物馆,细颗粒物(PM2.5),101,75,56,61,45,132,NA,98,98,16,17,6,5,0.8,0.6
2026-09-21T1500,4018A,116.0564,36.4609,聊城市,星美广场,颗粒物(PM10),55,56,123,21,84,145,NA,91,91,6,19,11,8,0.5,0.7
2026-09-21T1500,4022A,102.1648,38.5369,金昌市,金川区人防中心,,40,22,30,8,15,126,NA,89,89,5,14,11,13,0.1,0.3
2026-09-21T1500,4024A,114.6491,37.9014,石家庄市,栾城区星河路,细颗粒物(PM2.5),88,80,63,54,44,161,NA,98,98,4,8,4,4,0.5,0.5
2026-09-21T1500,4027A,75.9485,39.4688,喀什地区,老干局,颗粒物(PM10),53,53,62,0,16,116,NA,64,63,4,11,6,5,0.2,0.2
2026-09-21T1500,4028A,117.9955,37.3752,滨州市,滨州市西街道办事处,,43,29,46,5,24,136,NA,104,104,9,14,6,6,0.3,0.6
2026-09-21T1500,4033A,122.3124,29.9619,舟山市,普陀东港中学,,42,28,22,17,13,132,NA,120,120,4,4,7,7,0.6,0.5
2026-09-21T1500,4034A,115.515,38.8589,保定市,植保所站,NA,NA,55,43,39,41,NA,NA,78,78,7,15,1,2,0.7,0.4
2026-09-21T1500,4036A,116.646,23.676,潮州市,金山,颗粒物(PM10),55,57,41,28,30,159,NA,102,102,2,6,4,4,0.7,0.7
2026-09-21T1500,4051A,86.0791,44.3018,石河子市,世纪广场,NA,NA,87,76,NA,29,157,NA,84,84,12,41,19,6,0.9,0.9
2026-09-21T1500,4054A,109.0324,32.6913,安康市,市邮政管理局,,25,21,14,17,10,56,NA,38,38,13,13,2,3,1.2,1
2026-09-21T1500,4055A,108.8869,34.2662,西安市,行知小学,颗粒物(PM10),52,52,33,29,18,88,NA,50,50,18,21,3,3,0.7,0.7
2026-09-21T1500,4056A,108.6601,34.3767,咸阳市,五陵塬路2号,,44,44,41,28,22,121,NA,53,53,14,21,5,5,0.5,0.5
2026-09-21T1500,4057A,115.9423,40.4431,北京市,延庆百泉,,33,6,18,2,8,103,NA,55,55,9,24,1,1,0.4,0.4
2026-09-21T1500,4058A,116.6598,39.9164,北京市,通州新华,,38,11,57,5,28,120,NA,79,79,11,24,1,2,0.5,0.7
2026-09-21T1500,4059A,114.4563,38.0365,石家庄市,裕华西路63号,细颗粒物(PM2.5),74,59,49,47,35,162,NA,90,90,8,8,5,3,0.6,0.5
2026-09-21T1500,4060A,114.5586,38.0581,石家庄市,和平路363号,细颗粒物(PM2.5),111,84,46,72,38,161,NA,98,98,11,11,10,3,0.5,0.4
2026-09-21T1500,4061A,114.8347,38.0213,石家庄市,廉州西路160号,细颗粒物(PM2.5),84,77,65,52,43,159,NA,90,90,8,16,1,2,0.8,0.7
2026-09-21T1500,4062A,114.4498,38.0729,石家庄市,北城路41号,颗粒物(PM10),70,78,52,41,29,138,NA,85,85,11,13,6,5,0.6,0.6
2026-09-21T1500,4063A,115.2124,37.9433,辛集市,市政府,细颗粒物(PM2.5),88,94,85,54,50,158,NA,106,106,15,19,2,2,0.5,0.5
2026-09-21T1500,4064A,115.2008,37.9338,辛集市,城管大队,细颗粒物(PM2.5),107,79,71,67,57,150,NA,104,104,6,12,3,3,0.7,0.6
2026-09-21T1500,4065A,118.1267,39.6579,唐山市,光明北路515号,,44,44,32,30,16,132,NA,103,103,11,18,4,6,0.4,0.4
2026-09-21T1500,4066A,119.7458,39.9952,秦皇岛市,南园路157号,,45,20,27,16,7,141,NA,91,91,4,35,10,8,0.4,0.3
2026-09-21T1500,4067A,119.5131,39.8858,秦皇岛市,翠岛大街1号,,47,37,26,6,8,149,NA,95,95,6,21,16,9,0.6,0.3
2026-09-21T1500,4068A,114.5209,36.7697,邯郸市,建安街268号,颗粒物(PM10),51,51,66,35,42,97,NA,107,97,16,19,1,4,0.5,0.7
2026-09-21T1500,4069A,114.5488,36.6177,邯郸市,丛台东路558号,细颗粒物(PM2.5),92,NA,74,56,63,141,NA,105,105,10,28,1,4,0.5,0.8
2026-09-21T1500,4070A,114.5558,37.0578,邢台市,襄都区政府南院,细颗粒物(PM2.5),70,57,80,45,63,116,NA,101,88,2,13,3,5,0.6,0.8
2026-09-21T1500,4071A,114.9883,38.5232,定州市,交通局,颗粒物(PM10),73,82,78,42,41,167,NA,114,114,9,18,2,3,0.7,0.7
2026-09-21T1500,4072A,115.0045,38.5136,定州市,第五中学,颗粒物(PM10),70,78,73,30,43,152,NA,113,113,8,17,1,3,0.6,0.5
2026-09-21T1500,4073A,117.9462,40.95,承德市,杏林街1号,,33,9,26,6,17,103,NA,57,57,4,13,8,6,0.2,0.3
2026-09-21T1500,4074A,112.449,37.8509,太原市,西矿街336号,"颗粒物(PM10),细颗粒物(PM2.5)",58,60,52,39,33,136,NA,74,74,16,20,10,10,1.0,0.9
2026-09-21T1500,4075A,112.4792,37.9393,太原市,迎宾北路9号,颗粒物(PM10),60,64,50,36,32,144,NA,78,78,15,19,10,9,0.5,0.5
2026-09-21T1500,4076A,112.551,37.8575,太原市,迎泽大街248号,细颗粒物(PM2.5),66,52,65,43,36,130,NA,72,72,15,23,8,8,0.7,0.8
2026-09-21T1500,4077A,113.588,37.8712,阳泉市,宁波路,,43,34,46,25,41,136,NA,90,90,9,18,7,8,0.8,1.3
2026-09-21T1500,4078A,112.8246,35.5152,晋城市,前书院路,,50,50,62,24,39,142,NA,70,70,6,19,7,6,0.7,1
2026-09-21T1500,4079A,112.8864,35.4773,晋城市,祥云街666号,,40,36,55,18,52,126,NA,67,67,7,20,5,5,0.6,0.9
2026-09-21T1500,4080A,112.7375,37.7215,晋中市,广安街188号,颗粒物(PM10),68,75,59,37,50,124,NA,76,76,6,19,9,10,0.5,0.4
2026-09-21T1500,4081A,111.0081,35.0748,运城市,学苑北路2555号,细颗粒物(PM2.5),64,49,55,42,40,91,NA,66,66,9,8,4,4,1.0,1
2026-09-21T1500,4082A,121.2548,38.8188,大连市,旅顺,,36,30,28,6,10,115,NA,87,87,10,10,8,7,0.6,0.5
2026-09-21T1500,4083A,123.153,41.2874,辽阳市,铁西路150号,,30,20,43,3,18,95,NA,63,63,6,30,8,14,0.6,0.8
2026-09-21T1500,4084A,123.835,42.2853,铁岭市,新华街20号,,29,9,16,0,3,90,NA,61,61,8,19,12,11,0.4,0.4
2026-09-21T1500,4085A,125.0998,42.9134,辽源市,安宁大街333号,,27,12,19,0,6,85,NA,53,53,1,8,4,4,0.3,0.4
2026-09-21T1500,4086A,118.7641,32.0841,南京市,新模范马路66号,颗粒物(PM10),65,70,42,40,22,121,NA,73,73,14,29,5,4,0.5,0.4
2026-09-21T1500,4087A,120.3138,31.4927,无锡市,清舒道1号,颗粒物(PM10),53,53,38,35,21,153,NA,101,101,13,30,6,5,0.9,0.8
2026-09-21T1500,4088A,117.1553,34.2567,徐州市,纺织东路16号,细颗粒物(PM2.5),108,69,55,68,60,133,NA,100,97,20,16,15,7,0.9,0.9
2026-09-21T1500,4089A,119.9551,31.863,常州市,崇义南街5-H号,颗粒物(PM10),53,53,50,32,29,128,NA,93,93,15,38,11,10,0.5,0.6
2026-09-21T1500,4090A,120.4282,31.3228,苏州市,学森路9号,"颗粒物(PM10),臭氧1小时(O3_1h)",58,60,39,33,20,166,NA,108,108,15,30,10,9,0.7,0.7
2026-09-21T1500,4091A,120.8692,31.9885,南通市,洪江路,,43,32,20,30,13,93,NA,105,105,10,9,4,4,0.9,0.8
2026-09-21T1500,4092A,119.119691,33.550006,淮安市,枚皋中路89号,,44,44,48,28,37,124,NA,93,93,10,16,7,7,0.9,1
2026-09-21T1500,4093A,119.5202,32.3705,扬州市,廖家沟步道,细颗粒物(PM2.5),66,54,37,43,29,98,NA,78,78,14,23,8,8,0.8,0.7
2026-09-21T1500,4094A,118.352,33.7886,宿迁市,春华路,,50,50,68,32,50,135,NA,103,103,10,18,6,6,0.6,0.6
2026-09-21T1500,4095A,121.8962,29.7529,宁波市,中科路88号,,49,31,25,16,12,154,NA,138,138,5,11,9,9,0.8,0.8
2026-09-21T1500,4096A,120.6935,28.0114,温州市,鹿城惠民路,"颗粒物(PM10),臭氧1小时(O3_1h)",53,53,41,24,20,162,NA,108,108,10,12,/,/,0.4,0.4
2026-09-21T1500,4097A,118.9646,28.9832,衢州市,衢州三中,臭氧1小时(O3_1h),63,28,45,18,32,170,NA,123,123,11,19,5,5,0.5,0.6
2026-09-21T1500,4098A,117.2518,31.8404,合肥市,中国科学技术大学,颗粒物(PM10),51,51,37,26,22,76,NA,62,62,16,17,8,7,0.5,0.5
2026-09-21T1500,4099A,118.5726,31.1371,芜湖市,湾沚区人民法院,,47,40,46,19,35,150,NA,79,79,7,18,6,7,0.7,0.9
2026-09-21T1500,4100A,116.8322,33.9884,淮北市,杜集区第一实验学校,细颗粒物(PM2.5),136,110,76,99,64,123,NA,89,89,16,16,6,6,1.0,0.8
2026-09-21T1500,4101A,118.3196,32.3335,滁州市,银山路666号,细颗粒物(PM2.5),86,77,43,53,28,105,NA,65,65,12,20,7,5,0.7,0.5
2026-09-21T1500,4102A,118.3426,32.2979,滁州市,黄山路555号,细颗粒物(PM2.5),94,81,51,57,30,108,NA,79,79,15,20,10,8,0.7,0.5
2026-09-21T1500,4103A,116.9929,33.6412,宿州市,中兴路,细颗粒物(PM2.5),101,81,57,61,40,114,NA,85,85,15,17,11,11,1.0,0.9
2026-09-21T1500,4104A,119.3106,26.0648,福州市,路通桥巷6号,,39,23,28,16,22,122,NA,97,97,5,6,/,/,/,/
2026-09-21T1500,4105A,118.6355,24.9148,泉州市,霞新路6号,,39,30,32,12,22,123,NA,119,119,6,9,/,/,0.4,0.5
2026-09-21T1500,4106A,115.7923,28.6873,南昌市,工业二路,,45,43,51,31,37,114,NA,105,105,10,8,6,7,0.7,0.8
2026-09-21T1500,4107A,113.8686,27.6668,萍乡市,联洪村委会,细颗粒物(PM2.5),66,58,78,43,56,139,NA,93,93,5,17,12,17,0.6,0.7
2026-09-21T1500,4108A,117.7107,36.2385,济南市,山财大街5号,,36,22,67,0,45,114,NA,109,109,10,19,4,3,0.4,0.8
2026-09-21T1500,4109A,116.9744,36.6889,济南市,无影山路12号,颗粒物(PM10),53,53,89,16,62,159,NA,110,110,14,28,8,7,0.7,0.9
2026-09-21T1500,4110A,120.5222,36.4089,青岛市,盟旺路653号,,36,21,46,0,29,114,NA,86,86,12,16,7,7,0.5,0.8
2026-09-21T1500,4111A,116.6075,35.4566,济宁市,任和路,细颗粒物(PM2.5),107,NA,164,67,116,182,NA,118,118,11,20,3,3,0.7,0.9
2026-09-21T1500,4112A,116.5648,35.3921,济宁市,文体南路1号,臭氧1小时(O3_1h),74,48,159,37,117,179,NA,127,127,8,20,3,5,0.9,1
2026-09-21T1500,4113A,116.0091,36.4495,聊城市,利民路,颗粒物(PM10),53,53,120,20,76,150,NA,94,94,6,21,13,12,0.8,0.9
2026-09-21T1500,4114A,115.4239,35.2593,菏泽市,黄河路600号,细颗粒物(PM2.5),144,113,79,108,73,100,NA,57,57,17,20,5,5,0.8,0.5
2026-09-21T1500,4115A,115.5025,35.2727,菏泽市,菏泽市人社局,细颗粒物(PM2.5),131,103,75,94,60,113,NA,74,74,14,14,5,5,0.6,0.3
2026-09-21T1500,4116A,113.284,33.7139,平顶山市,姚电大道23号,细颗粒物(PM2.5),66,51,31,43,32,119,NA,114,114,10,11,9,9,0.7,0.6
2026-09-21T1500,4117A,114.2918,36.0769,安阳市,钢三路198号,细颗粒物(PM2.5),103,76,75,63,62,121,NA,72,72,8,15,6,7,1.0,1.1
2026-09-21T1500,4118A,115.0552,35.7816,濮阳市,中原东路68号,颗粒物(PM10),106,134,96,60,42,97,NA,80,80,15,14,6,6,0.9,0.8
2026-09-21T1500,4119A,115.6701,34.3767,商丘市,北海东路185号,细颗粒物(PM2.5),115,94,73,76,48,120,NA,92,92,11,11,7,6,0.8,0.5
2026-09-21T1500,4120A,115.6172,34.3704,商丘市,中山大街3号,细颗粒物(PM2.5),105,118,83,65,45,102,NA,92,90,15,14,7,5,0.9,0.8
2026-09-21T1500,4121A,114.8466,33.7333,周口市,羲皇大道,细颗粒物(PM2.5),96,86,50,58,37,117,NA,100,100,11,10,4,4,0.8,0.8
2026-09-21T1500,4122A,112.6071,35.1015,济源市,市委党校,,46,46,56,26,39,115,NA,70,70,9,16,6,5,0.8,0.8
2026-09-21T1500,4123A,112.596,35.0702,济源市,沁园中路1号,细颗粒物(PM2.5),58,41,51,39,40,110,NA,71,71,14,22,5,3,1.2,1.2
2026-09-21T1500,4124A,112.2213,31.0654,荆门市,新台西路6号,,28,28,40,15,30,80,NA,65,63,6,7,8,9,0.6,0.7
2026-09-21T1500,4125A,113.946,30.8999,孝感市,天仙南路1号,,34,34,53,20,32,55,NA,53,51,4,4,6,7,0.7,0.7
2026-09-21T1500,4127A,111.9812,27.7591,娄底市,涟钢职大,,46,45,49,32,37,92,NA,84,84,6,10,4,3,0.9,1
2026-09-21T1500,4128A,112.0303,27.7457,娄底市,娄底体校,颗粒物(PM10),62,66,57,33,41,92,NA,82,82,5,9,2,2,0.6,0.7
2026-09-21T1500,4129A,113.8666,23.1062,东莞市,裕兴路,臭氧1小时(O3_1h),80,57,48,31,29,184,NA,141,141,12,20,6,6,0.8,0.8
2026-09-21T1500,4130A,114.0076,22.9739,东莞市,教育路1号,臭氧1小时(O3_1h),102,56,59,38,34,204,NA,152,152,18,26,10,11,0.9,0.8
2026-09-21T1500,4131A,113.7981,22.8124,东莞市,长怡路1号,臭氧1小时(O3_1h),145,73,47,47,27,290,NA,163,163,23,22,7,7,0.6,0.5
2026-09-21T1500,4132A,108.2927,23.1477,南宁市,起凤路9号,臭氧1小时(O3_1h),54,37,59,25,43,163,NA,99,99,10,24,3,5,0.7,0.7
2026-09-21T1500,4133A,106.6273,23.8798,百色市,龙景西路,,50,50,52,21,36,126,NA,76,76,6,16,11,10,0.5,0.6
2026-09-21T1500,4134A,110.1952,20.0451,海口市,长滨二路9号,,41,34,25,22,15,130,NA,107,107,4,7,/,/,/,/
2026-09-21T1500,4135A,109.1714,18.3739,三亚市,城东小学站,NA,NA,NA,22,NA,9,78,NA,56,56,4,6,/,/,/,/
2026-09-21T1500,4136A,108.6971,30.9377,重庆市,云师幼儿园,,14,4,9,2,5,43,NA,36,36,8,10,5,5,0.6,0.6
2026-09-21T1500,4137A,107.3276,30.3284,重庆市,公安局,,12,12,13,6,7,30,NA,19,19,5,10,8,9,0.5,0.5
2026-09-21T1500,4138A,108.0575,30.3254,重庆市,忠县中学,,20,20,29,12,17,42,NA,24,24,14,22,5,6,0.7,0.8
2026-09-21T1500,4139A,109.4542,31.0182,重庆市,竹枝路2号,,12,NA,13,6,7,36,NA,31,31,15,16,6,6,0.6,0.5
2026-09-21T1500,4140A,107.7422,29.871,重庆市,龙河路,,16,13,39,11,24,28,NA,23,23,15,20,9,9,0.8,1
2026-09-21T1500,4141A,108.7636,28.84,重庆市,桃花源中路,,43,39,33,30,18,53,NA,38,38,9,10,7,7,0.6,0.6
2026-09-21T1500,4142A,108.9758,28.4416,重庆市,秀山县高级中学,,36,NA,22,25,22,66,NA,38,38,7,9,7,8,0.6,0.6
2026-09-21T1500,4143A,108.1558,29.2859,重庆市,河堡街,,29,NA,20,20,18,24,NA,11,11,11,13,7,7,1.0,1
2026-09-21T1500,4144A,104.3257,30.6406,成都市,八角井街185号,,39,27,25,14,9,123,NA,66,66,5,12,7,7,0.7,0.7
2026-09-21T1500,4145A,104.4144,31.1495,德阳市,市林业局,,41,39,34,12,10,131,NA,78,78,9,20,14,13,0.8,0.9
2026-09-21T1500,4146A,104.7092,31.4972,绵阳市,科技城新区公安局,,40,24,26,9,11,126,NA,79,79,13,22,10,10,0.5,0.6
2026-09-21T1500,4147A,105.0433,29.6105,内江市,玉峰路西段888号,NA,NA,16,14,14,7,90,NA,50,50,8,11,NA,5,0.4,0.4
2026-09-21T1500,4148A,103.8836,30.0695,眉山市,眉职院,,38,22,25,5,7,119,NA,58,58,9,17,11,8,0.9,1
2026-09-21T1500,4149A,104.6146,28.7422,宜宾市,宜宾市职业技术学校,,29,17,24,12,19,90,NA,52,52,8,12,6,6,0.8,0.8
2026-09-21T1500,4150A,104.6646,30.1116,资阳市,正兴街66号,,32,21,20,14,12,102,NA,54,54,5,10,2,2,0.2,0.2
2026-09-21T1500,4151A,104.8899,26.5685,六盘水市,钟山大道中段564号,,29,29,33,15,17,88,NA,62,62,5,9,4,4,0.4,0.4
2026-09-21T1500,4152A,107.0425,27.7087,遵义市,乌江大道东段1号,,26,23,35,18,27,69,NA,53,53,8,10,8,9,0.8,0.7
2026-09-21T1500,4153A,101.5536,25.0343,楚雄彝族自治州,团结路562号,,16,6,13,1,6,51,NA,37,37,2,6,4,3,0.2,0.3
2026-09-21T1500,4154A,103.401,23.3561,红河哈尼族彝族自治州,蒙自市朝阳路,,19,13,14,5,13,58,NA,62,62,2,3,4,4,0.1,0.2
2026-09-21T1500,4155A,107.1721,34.3558,宝鸡市,滨河北路,,39,22,29,17,15,123,NA,58,58,9,12,4,4,0.6,0.7
2026-09-21T1500,4156A,108.6372,34.3031,咸阳市,胭脂路9号,,43,43,37,25,20,114,NA,46,46,9,23,3,2,0.7,0.7
2026-09-21T1500,4157A,108.0371,34.3035,咸阳市,杨扶路,,39,32,29,23,24,123,NA,50,50,8,15,4,3,0.6,0.5
2026-09-21T1500,4158A,108.0895,34.2623,咸阳市,新桥路,,41,41,35,27,23,112,NA,48,48,4,12,6,5,0.3,0.3
2026-09-21T1500,4159A,110.4531,35.4578,渭南市,桢州大街,细颗粒物(PM2.5),108,NA,47,68,59,130,NA,72,72,3,11,12,11,1.1,1
2026-09-21T1500,4160A,110.4368,35.4773,渭南市,太史大街,细颗粒物(PM2.5),64,48,49,42,39,107,NA,58,58,6,12,12,9,1.0,1
2026-09-21T1500,4161A,109.485,36.6347,延安市,志丹路,,40,28,34,17,20,127,NA,82,82,9,17,6,5,0.8,0.7
2026-09-21T1500,4162A,101.6769,36.6535,西宁市,海晏路105号,,35,18,27,11,22,112,NA,58,58,8,16,6,5,0.5,0.6
2026-09-21T1500,4163A,102.0984,36.5119,海东市,滨河路,,36,NA,26,10,22,114,NA,65,65,8,33,7,13,0.1,0.4
2026-09-21T1500,4164A,87.2057,43.9289,昌吉回族自治州,财政所,颗粒物(PM10),70,77,76,14,22,130,NA,87,87,13,13,11,9,0.3,0.3
2026-09-21T1500,4165A,82.9716,46.7464,塔城地区,文化广场,颗粒物(PM10),70,78,60,14,13,82,NA,53,53,5,12,4,4,0.4,0.4
2026-09-21T1500,4166A,88.1198,47.7931,阿勒泰地区,阿勒泰路33号,颗粒物(PM10),55,56,43,3,5,95,NA,78,74,6,15,4,3,0.4,0.4
2026-09-21T1500,4167A,86.0126,44.2349,石河子市,城南景苑小区,颗粒物(PM10),59,62,65,16,15,162,NA,99,99,17,18,17,9,0.6,0.4
2026-09-21T1500,4168A,87.055284,43.999117,五家渠市,建设西街760号,颗粒物(PM10),61,65,102,13,23,150,NA,90,90,9,14,8,6,0.3,0.5
2026-09-21T1500,4180A,113.8157285,34.126705,许昌市,新元大道996号,细颗粒物(PM2.5),96,70,38,58,41,147,NA,105,105,11,16,6,5,0.6,0.6
2026-09-21T1500,4181A,112.3571,28.5588,益阳市,龙洲站,细颗粒物(PM2.5),101,112,77,61,48,61,NA,58,58,12,12,8,8,1.0,0.9
2026-09-21T1500,4182A,116.1942,39.9158,北京市,石景山八角,,45,30,46,9,19,143,NA,94,94,15,35,2,2,0.5,0.6
2026-09-21T1500,4183A,121.417401,31.16637,上海市,冠生园路458号,,38,36,27,23,19,121,NA,116,116,16,15,8,8,0.5,0.5
2026-09-21T1500,4184A,115.479691,35.244011,菏泽市,永昌路1号,细颗粒物(PM2.5),129,103,75,91,58,117,NA,85,76,14,15,4,4,0.9,0.7
2026-09-21T1500,4185A,115.078022,30.21118,黄石市,磁湖东路29号,颗粒物(PM10),57,59,80,28,38,101,NA,66,55,4,11,5,7,0.8,1
2026-09-21T1500,4186A,117.194237,34.229354,徐州市,解放南路202号,细颗粒物(PM2.5),90,85,67,55,55,129,NA,94,94,20,19,15,8,1.0,0.9
2026-09-21T1500,4187A,112.3425,28.611,益阳市,幸福渠东路223号,细颗粒物(PM2.5),80,78,78,50,54,58,NA,53,53,12,17,8,9,0.8,0.7
2026-09-21T1500,4188A,112.3712,28.5764,益阳市,益鑫泰路85号,细颗粒物(PM2.5),103,88,75,63,55,59,NA,58,58,11,13,10,11,1.0,0.9
2026-09-21T1500,4189A,113.113092,36.199482,长治市,英华南巷50号,细颗粒物(PM2.5),106,72,69,66,67,143,NA,72,72,11,21,10,11,1.4,1.4
2026-09-21T1500,4190A,113.23666,36.33435,长治市,学府街1号,细颗粒物(PM2.5),101,64,69,61,57,135,NA,83,83,4,10,8,9,1.3,1.2
2026-09-21T1500,4191A,118.527362,31.722269,马鞍山市,慈湖高新区,,42,33,37,19,21,134,NA,84,84,8,19,6,6,0.6,0.7
2026-09-21T1500,4192A,115.931587,28.686774,南昌市,南京东路235号,,43,33,39,30,44,120,NA,104,104,9,10,5,5,0.3,0.6
2026-09-21T1500,4193A,115.471542,35.280012,菏泽市,长城路999号,细颗粒物(PM2.5),132,96,68,95,63,107,NA,63,63,16,18,6,7,1.1,0.8
2026-09-21T1500,4194A,117.078628,40.151726,北京市,平谷新城,,34,9,29,5,18,106,NA,78,78,5,8,3,2,0.3,0.5
2026-09-21T1500,4196A,117.24369,39.102911,天津市,光华路,臭氧1小时(O3_1h),73,38,50,18,25,178,NA,110,110,6,15,8,9,0.5,0.6
2026-09-21T1500,4197A,118.130859,39.636026,唐山市,友谊北路34号,颗粒物(PM10),58,61,51,28,24,111,NA,90,90,12,19,4,7,0.5,0.5
2026-09-21T1500,4198A,119.509013,39.825305,秦皇岛市,北戴河轮滑馆,臭氧1小时(O3_1h),52,39,31,8,7,161,NA,98,98,7,24,11,8,0.6,0.4
2026-09-21T1500,4199A,113.2798248,40.09972476,大同市,魏都大道141号,,39,24,39,17,14,122,NA,69,69,11,30,10,9,0.4,0.6
2026-09-21T1500,4200A,112.7478,37.6954,晋中市,迎宾街26号,细颗粒物(PM2.5),103,NA,54,63,45,122,NA,83,72,6,12,10,11,0.5,0.5
2026-09-21T1500,4201A,122.944647,41.082639,鞍山市,兴盛南路290号,,31,20,47,6,20,99,NA,63,63,16,32,15,19,1.1,1.6
2026-09-21T1500,4202A,113.9856,32.9802,驻马店市,交通路1233号,细颗粒物(PM2.5),72,51,43,46,32,116,NA,112,112,11,12,4,4,0.5,0.4
2026-09-21T1500,4203A,111.3168,30.7203,宜昌市,西陵二路116号,,21,21,26,6,17,33,NA,38,28,31,15,7,7,0.6,0.6
2026-09-21T1500,4204A,111.3526,30.6374,宜昌市,沈家店路6号,,16,NA,35,8,21,50,NA,39,34,10,13,7,7,0.5,0.6
2026-09-21T1500,4205A,121.541914,31.268301,上海市,宁武路151号,,42,42,33,22,18,118,NA,112,112,18,21,9,9,0.4,0.4
2026-09-21T1500,4206A,119.028838,33.631911,淮安市,承德北路606号,颗粒物(PM10),56,58,56,34,39,119,NA,85,85,6,14,8,10,0.9,0.9
2026-09-21T1500,4207A,120.12211,33.393982,盐城市,黄海中路88号,,39,39,39,12,22,116,NA,92,92,2,6,10,10,0.7,0.7
2026-09-21T1500,4209A,117.003137,32.644456,淮南市,国庆中路369号,细颗粒物(PM2.5),82,52,44,51,33,106,NA,86,86,10,14,10,10,0.3,0.2
2026-09-21T1500,4210A,118.335445,29.720283,黄山市,滨江东路7-2号,,40,40,41,15,25,107,NA,86,86,4,6,/,/,/,/
2026-09-21T1500,4211A,118.190438,28.444845,上饶市,裕丰大道,,36,NA,48,17,33,113,NA,98,98,6,13,13,13,0.7,0.9
2026-09-21T1500,4212A,118.3039243,36.82708161,淄博市,广场路1号,,37,12,44,1,39,117,NA,94,94,6,21,6,5,0.2,0.2
2026-09-21T1500,4213A,121.364239,37.529648,烟台市,青年南路118号,,39,7,20,0,10,122,NA,89,89,9,12,9,8,0.7,0.6
2026-09-21T1500,4214A,112.460027,34.694929,洛阳市,春都路1号院,细颗粒物(PM2.5),56,NA,32,38,33,99,NA,65,63,12,16,8,8,0.7,0.7
2026-09-21T1500,4215A,113.916569,35.331547,新乡市,建设东路46号,细颗粒物(PM2.5),80,57,82,50,50,139,NA,82,82,8,19,12,10,0.9,1
2026-09-21T1500,4216A,115.0923632,35.76857718,濮阳市,任丘路479号,细颗粒物(PM2.5),106,124,91,66,52,99,NA,76,76,19,18,4,4,0.8,0.8
2026-09-21T1500,4217A,114.3182,29.8447,咸宁市,双鹤路18号,细颗粒物(PM2.5),60,56,68,40,43,87,NA,52,52,9,13,4,4,0.6,0.7
2026-09-21T1500,4218A,111.446,27.2472,邵阳市,北塔二期4-26地块,,48,48,55,27,43,110,NA,72,72,7,11,4,5,0.7,0.8
2026-09-21T1500,4219A,111.4739,27.2282,邵阳市,邵水西路287号,,49,49,57,34,50,120,NA,83,83,3,9,8,10,0.5,0.6
2026-09-21T1500,4220A,114.214113,22.713717,深圳市,黄阁路,臭氧1小时(O3_1h),83,47,45,29,27,186,NA,137,137,17,26,6,6,0.9,0.9
2026-09-21T1500,4221A,108.2177,22.7774,南宁市,乐贤路16号,,43,29,49,17,34,136,NA,91,91,6,29,6,8,0.6,0.8
2026-09-21T1500,4222A,110.1835,25.2444,桂林市,环湖路276号,,49,34,33,34,30,121,NA,98,98,6,10,3,4,0.8,0.7
2026-09-21T1500,4223A,106.4686218,29.48920871,重庆市,双山路147号,,23,23,25,5,11,63,NA,37,37,13,23,6,6,0.6,0.7
2026-09-21T1500,4224A,104.2433276,30.53529463,成都市,鲸龙路1057号,,43,26,18,14,10,135,NA,69,69,11,18,9,8,0.7,0.8
2026-09-21T1500,4225A,104.714266,29.338571,自贡市,贡兴路74号,,32,20,22,7,12,102,NA,60,60,4,5,8,7,0.5,0.6
2026-09-21T1500,4226A,104.765114,31.453094,绵阳市,绵阳市气象局,,36,23,25,12,12,115,NA,69,69,10,17,7,6,0.6,0.6
2026-09-21T1500,4227A,106.108336,30.788436,南充市,梨树横街98号,,19,12,13,6,5,60,NA,30,28,9,10,8,8,0.4,0.4
2026-09-21T1500,4229A,102.2342,27.8859,凉山彝族自治州,凯乐南路30号,,22,18,21,8,17,69,NA,44,44,7,15,9,9,0.6,0.8
2026-09-21T1500,4230A,106.688212,26.56952,贵阳市,花果园大街66号,,34,24,32,21,19,106,NA,88,88,8,13,4,5,/,/
2026-09-21T1500,4231A,106.687268,26.516892,贵阳市,漓江路57号,,35,27,34,24,23,97,NA,79,79,7,14,6,8,0.5,0.6
2026-09-21T1500,4233A,108.596239,34.118792,西安市,西苑北路977号,,50,50,41,18,15,97,NA,46,46,10,21,6,5,0.7,0.7
2026-09-21T1500,4234A,108.949652,34.870529,铜川市,大唐三路,,39,NA,41,27,31,114,NA,63,63,7,14,5,6,0.8,0.9
2026-09-21T1500,4235A,109.5051,34.4921,渭南市,渭花路4号,,38,29,25,26,21,87,NA,53,53,9,16,4,4,0.5,0.5
2026-09-21T1500,4236A,103.629272,36.093822,兰州市,庄浪东路808号,臭氧1小时(O3_1h),52,47,47,24,22,161,NA,89,89,15,28,17,14,0.5,0.5
2026-09-21T1500,4237A,103.7251,36.104344,兰州市,安宁西路88号,臭氧1小时(O3_1h),52,36,50,23,23,161,NA,97,97,7,21,14,15,0.6,0.5
2026-09-21T1500,4238A,103.846982,36.067567,兰州市,北滨河东路1号,NA,NA,38,44,21,22,132,NA,63,63,NA,40,NA,6,NA,0.6
2026-09-21T1500,4239A,102.193042,38.531887,金昌市,长春路96号,,43,21,37,4,18,137,NA,88,88,4,15,10,22,0.3,0.3
2026-09-21T1500,4240A,98.495752,39.733935,酒泉市,玉门东路5号,,38,17,34,5,12,119,NA,84,84,4,16,8,8,0.2,0.3
2026-09-21T1500,4241A,98.5099,39.7506,酒泉市,北大街108号,,40,22,35,10,15,126,NA,90,90,1,17,6,7,0.2,0.3
2026-09-21T1500,4242A,106.226373,38.491976,银川市,广场西路,,47,44,42,18,27,150,NA,93,93,9,25,8,7,0.4,0.5
2026-09-21T1500,4243A,92.0515,31.4787,那曲市,那曲市委宣传部,,37,NA,7,3,9,118,NA,118,116,4,9,3,3,0.3,0.4
2026-09-21T1500,4244A,111.4879,36.053,临汾市,启星学校,细颗粒物(PM2.5),60,48,93,40,83,116,NA,66,66,8,19,6,7,0.8,1.3
2026-09-21T1500,4245A,106.8609,27.5969,遵义市,遵南大道1161号,,24,24,51,11,32,71,NA,52,52,4,14,3,5,0.7,0.7
2026-09-21T1500,4246A,105.833962,30.18863087,重庆市,桃园路24号,NA,NA,NA,19,NA,7,75,NA,41,41,NA,8,3,3,0.4,0.5
2026-09-21T1500,4247A,107.091033,29.153966,重庆市,钟楼街32号,,15,9,28,7,17,48,NA,40,40,5,7,6,6,0.6,0.7
2026-09-21T1500,4248A,107.8042979,30.67350233,重庆市,人民南路309号,,26,26,31,2,7,28,NA,24,24,10,12,7,7,0.3,0.3
2026-09-21T1500,4249A,118.8707617,31.34017673,南京市,汶溪路181号,颗粒物(PM10),51,51,36,14,22,159,NA,81,81,7,14,3,2,0.9,0.8
2026-09-21T1500,4250A,114.089259,33.588274,漯河市,韶山路11号,细颗粒物(PM2.5),80,70,40,50,32,98,NA,104,104,20,16,9,8,0.4,0.3
2026-09-21T1500,4251A,112.1433,32.0581,襄阳市,铁院东路4号,,34,27,37,15,22,106,NA,82,82,11,10,7,7,0.7,0.7
2026-09-21T1500,4252A,113.0138,25.8011,郴州市,好美居路49号,,35,35,38,18,22,101,NA,63,63,5,16,7,9,/,/
2026-09-21T1500,4253A,116.010205,29.659402,九江市,莲花大道8号,NA,NA,65,60,38,50,103,NA,79,79,6,10,NA,8,0.7,0.8
2026-09-21T1500,4254A,120.2925,31.5685,无锡市,健康路105号,,50,50,39,29,18,150,NA,126,126,18,29,7,6,0.8,0.7
2026-09-21T1500,4255A,110.16795,22.640993,玉林市,人民东路196号,,48,37,47,33,34,146,NA,114,114,8,12,5,14,0.6,0.7
2026-09-21T1500,4256A,107.375,22.3736,崇左市,石景林东路7号,NA,NA,36,35,12,23,105,NA,79,79,5,13,7,6,NA,0.6
2026-09-21T1500,4257A,104.6092,35.5962,定西市,将台街,,33,23,39,3,10,104,NA,64,64,6,17,7,6,0.3,0.3
2026-09-21T1500,4258A,111.2416,23.4155,梧州市,政贤路18号,,41,35,52,20,31,129,NA,97,97,4,21,9,10,0.6,0.7
2026-09-21T1500,4259A,113.835877,34.0155267,许昌市,望田路111号,细颗粒物(PM2.5),92,62,43,56,37,138,NA,121,121,12,13,6,6,0.7,0.6
2026-09-21T1500,4260A,109.5933,23.095,贵港市,中山路155-3号,,46,42,68,26,46,146,NA,129,129,5,20,/,/,0.6,0.8
2026-09-21T1500,4261A,103.7247,27.3415,昭通市,环东路146号,,25,15,14,6,8,77,NA,61,61,7,9,8,10,0.5,0.6
2026-09-21T1500,4263A,105.3688,27.3598,毕节市,工业大道,,20,15,18,9,9,62,NA,51,51,2,4,8,8,/,/
2026-09-21T1500,4264A,113.234,35.219,焦作市,新安路1731号,细颗粒物(PM2.5),94,69,61,57,50,148,NA,93,93,9,14,6,4,0.2,0.3
2026-09-21T1500,4265A,113.108806,29.353066,岳阳市,求索西路365号,颗粒物(PM10),55,56,52,36,36,63,NA,47,47,12,16,4,5,1.0,0.9
2026-09-21T1500,4266A,117.7325,34.5683,枣庄市,文化路178号,颗粒物(PM10),70,78,78,42,58,147,NA,109,109,13,20,7,7,0.6,0.6
2026-09-21T1500,4268A,112.1722,30.3366,荆州市,学苑路85号,,24,22,42,10,30,76,NA,66,66,10,10,6,6,0.7,0.7
2026-09-21T1500,4269A,114.6701,33.6167,周口市,七一路,细颗粒物(PM2.5),92,NA,35,56,38,118,NA,111,111,10,9,8,7,0.8,0.6
2026-09-21T1500,4270A,102.6447,37.9293,武威市,钟楼街149号,,36,17,26,5,10,115,NA,68,68,3,15,10,9,0.2,0.3
2026-09-21T1500,4271A,103.2464,35.6123,临夏回族自治州,滨河东路1号,NA,NA,NA,45,NA,22,95,NA,59,59,5,10,NA,8,0.2,0.4
2026-09-21T1500,4273A,81.2737,43.9337,伊犁哈萨克自治州,安徽路800号,颗粒物(PM10),80,92,96,17,24,98,NA,48,48,4,27,6,7,0.3,0.5
2026-09-21T1500,4274A,117.7994,40.9605,承德市,滨河大街98号,,32,6,33,2,14,102,NA,55,55,1,11,9,7,0.3,0.5
2026-09-21T1500,4275A,111.591512,40.827312,呼和浩特市,成吉思汗西街8号,,36,12,16,2,4,113,NA,68,68,13,32,8,5,0.4,0.3
2026-09-21T1500,4276A,111.6597,40.8077,呼和浩特市,公园东路75号,,31,17,17,1,9,97,NA,72,72,9,20,9,7,0.4,0.5
2026-09-21T1500,4277A,111.5427,40.7846,呼和浩特市,金海路35号,,33,16,20,2,7,104,NA,68,68,11,26,9,6,0.3,0.3
2026-09-21T1500,4278A,106.8212,39.6741,乌海市,海拉北路,,49,20,33,14,13,154,NA,92,92,4,21,19,18,0.4,0.4
2026-09-21T1500,4279A,119.7569,49.2222,呼伦贝尔市,伊敏大街东7号,,19,14,23,8,12,60,NA,41,41,7,20,6,6,0.3,0.3
2026-09-21T1500,4280A,122.0921,46.065,兴安盟,洮儿河南路,,16,15,24,1,7,51,NA,36,36,4,10,6,6,0.1,0.3
2026-09-21T1500,4281A,125.334645,43.916281,长春市,北亚泰大街1068号,NA,NA,NA,27,10,18,87,NA,56,56,11,26,8,8,0.2,0.4
2026-09-21T1500,4282A,126.6769,45.7379,哈尔滨市,华山路1号,,23,9,16,3,5,72,NA,56,56,6,17,6,8,0.2,0.2
2026-09-21T1500,4283A,126.9717,45.5356,哈尔滨市,解放大街52号,,23,19,20,1,2,72,NA,46,46,11,15,6,6,0.5,0.5
2026-09-21T1500,4284A,128.8325,47.8447,伊春市,永安路4-1号,NA,NA,7,19,NA,5,60,NA,39,39,2,3,1,1,0.1,0.2
2026-09-21T1500,4285A,130.363,46.806,佳木斯市,顺和街,,22,7,13,3,6,68,NA,49,49,4,10,1,1,0.2,0.2
2026-09-21T1500,4286A,130.3952,46.8268,佳木斯市,长安路196号,,22,22,15,2,5,69,NA,49,49,1,6,1,2,0.2,0.2
2026-09-21T1500,4287A,129.5992,44.5964,牡丹江市,东晓云街98号,,20,20,25,2,5,60,NA,54,54,4,6,7,7,0.3,0.3
2026-09-21T1500,4288A,117.2438,34.2844,徐州市,龙潭环路5号,细颗粒物(PM2.5),102,92,74,62,66,124,NA,87,87,17,18,14,9,1.1,1.1
2026-09-21T1500,4289A,117.154766,29.256967,景德镇市,青少年活动中心,细颗粒物(PM2.5),58,44,37,39,28,84,NA,75,75,9,10,10,8,/,/
2026-09-21T1500,4290A,120.196923,35.954556,青岛市,珠江路669号,,36,34,52,2,28,115,NA,87,87,12,29,5,7,0.4,0.6
2026-09-21T1500,4291A,120.0424,35.8656,青岛市,黄岛区人民政府广场,,38,24,46,1,29,120,NA,90,90,13,21,5,7,0.2,0.5
2026-09-21T1500,4292A,116.352738,37.420875,德州市,新河东路,NA,NA,24,66,3,38,125,NA,100,100,NA,29,7,9,0.5,0.8
2026-09-21T1500,4293A,113.605125,34.755221,郑州市,计划路2号,细颗粒物(PM2.5),88,64,48,54,41,142,NA,88,88,11,15,4,4,0.4,0.3
2026-09-21T1500,4294A,113.6525645,34.77362682,郑州市,同乐路9号,细颗粒物(PM2.5),96,67,50,58,44,129,NA,81,81,12,19,4,3,0.6,0.6
2026-09-21T1500,4295A,113.2722,35.2121,焦作市,人民路3066号,细颗粒物(PM2.5),78,53,56,49,45,139,NA,83,83,7,14,5,5,0.2,0.4
2026-09-21T1500,4296A,114.6421,33.6417,周口市,健康路46号,细颗粒物(PM2.5),82,65,37,51,35,110,NA,103,103,13,12,1,1,0.6,0.5
2026-09-21T1500,4297A,114.649,33.596,周口市,太昊路,细颗粒物(PM2.5),102,75,46,62,36,120,NA,114,114,12,11,4,3,1.0,0.9
2026-09-21T1500,4298A,114.284,29.8595,咸宁市,碧桂路,细颗粒物(PM2.5),58,58,77,39,45,91,NA,52,52,15,20,4,4,0.5,0.6
2026-09-21T1500,4299A,111.6195,26.2253,永州市,徐家井路86号,,45,39,44,31,36,96,NA,61,61,9,14,7,7,1.0,1.1
2026-09-21T1500,4300A,114.4089,23.1147,惠州市,文华一路1号,臭氧1小时(O3_1h),73,60,50,41,32,178,NA,126,126,8,14,/,/,/,/
2026-09-21T1500,4301A,110.2803,25.2773,桂林市,信义路13号,,46,46,39,29,32,138,NA,98,98,8,10,5,5,0.9,0.9
2026-09-21T1500,4302A,108.0901,24.6945,河池市,上任中路54号,,37,27,45,22,27,118,NA,74,74,3,12,7,7,0.8,0.9
2026-09-21T1500,4303A,105.5911,30.5368,遂宁市,环岛商务中心9号楼,,24,24,16,4,3,72,NA,35,35,6,10,7,7,0.6,0.6
2026-09-21T1500,4304A,106.1172,30.843,南充市,清泉寺北路188号,,18,10,15,8,5,56,NA,23,23,7,8,9,10,0.5,0.5
2026-09-21T1500,4305A,106.067,30.7616,南充市,同庆路1号,,20,17,11,9,5,63,NA,26,26,10,12,7,7,0.4,0.5
2026-09-21T1500,4306A,103.0544,30.0133,雅安市,滨江西路,,29,17,9,9,3,90,NA,56,56,7,7,4,4,0.4,0.4
2026-09-21T1500,4307A,108.9817,34.2035,西安市,曲江池东路988号,,36,36,30,16,11,60,NA,49,49,14,17,4,3,0.4,0.4
2026-09-21T1500,4308A,107.3898,34.3601,宝鸡市,陈仓区北开路21号,,40,32,40,20,19,125,NA,60,60,8,19,5,5,0.4,0.4
2026-09-21T1500,4309A,104.6159,35.5701,定西市,正龙路62号,NA,NA,26,35,NA,9,98,NA,78,78,3,12,3,2,0.2,0.2
2026-09-21T1500,4310A,103.207136,35.599807,临夏回族自治州,新华街21号,,30,6,42,6,22,94,NA,54,54,6,14,9,7,0.2,0.4
2026-09-21T1500,4311A,122.0383,46.0691,兴安盟,科尔沁北路63号,,17,17,19,4,8,52,NA,40,40,3,7,6,6,0.1,0.3
2026-09-21T1500,4312A,119.019,31.6512,南京市,中山西路1号,,46,41,34,12,18,145,NA,92,92,5,16,4,4,0.7,0.8
2026-09-21T1500,4314A,114.0494,38.059,石家庄市,矿区区委大楼,,47,47,50,22,26,149,NA,87,87,8,12,6,6,0.4,0.6
2026-09-21T1500,4325A,105.3665,28.77434,泸州市,纳溪区委政协,,23,14,28,6,23,73,NA,31,31,6,16,5,4,0.5,0.7
2026-09-21T1500,4326A,113.0794,22.5999,江门市,五邑大学,臭氧1小时(O3_1h),87,50,42,30,25,189,NA,120,120,12,16,10,10,0.6,0.6
