timepoint,stationcode,longitude,latitude,area,positionname,primarypollutant,aqi,pm10,pm10_24h,pm2_5,pm2_5_24h,o3,o3_24h,o3_8h,o3_8h_24h,no2,no2_24h,so2,so2_24h,co,co_24h
2026-09-24T1900,1001A,116.3611,39.8786,北京市,万寿西宫,,43,43,78,26,48,77,NA,101,97,14,17,2,3,0.7,0.8
2026-09-24T1900,1003A,116.4174,39.9289,北京市,东四,,46,46,75,30,50,85,NA,113,106,22,27,3,5,0.8,0.9
2026-09-24T1900,1004A,116.4073,39.8858,北京市,天坛,,37,37,73,23,49,72,NA,93,88,21,27,2,3,1.1,1.1
2026-09-24T1900,1005A,116.4622,39.9364,北京市,农展馆,,42,41,77,29,52,58,NA,90,81,22,34,3,5,0.7,0.8
2026-09-24T1900,1006A,116.3399,39.9293,北京市,官园,,41,41,79,25,47,77,NA,103,99,19,31,3,5,0.8,0.9
2026-09-24T1900,1007A,116.2879,39.9613,北京市,海淀万柳,,41,41,85,18,45,72,NA,89,82,20,31,3,4,0.7,0.9
2026-09-24T1900,1008A,116.6635,40.1349,北京市,顺义新城,,42,42,72,29,45,62,NA,88,75,17,22,4,5,0.9,0.9
2026-09-24T1900,1009A,116.6275,40.327,北京市,怀柔镇,,49,42,57,34,42,65,NA,85,73,17,14,2,2,1.0,0.8
2026-09-24T1900,1010A,116.2295,40.217,北京市,昌平镇,,36,35,55,25,38,68,NA,85,78,21,29,3,3,0.5,0.7
2026-09-24T1900,1011A,116.3968,39.982,北京市,奥体中心,,43,43,80,28,53,67,NA,83,78,21,31,3,4,0.9,1.1
2026-09-24T1900,1015A,117.1446,39.1659,天津市,勤俭道,颗粒物(PM10),53,54,81,31,52,52,NA,96,87,28,31,6,7,0.8,0.9
2026-09-24T1900,1018A,117.2016,39.0928,天津市,前进道,NA,NA,NA,102,NA,64,NA,NA,184,NA,NA,39,NA,9,NA,0.8
2026-09-24T1900,1019A,117.1837,39.2134,天津市,淮河道,NA,NA,NA,135,NA,74,NA,NA,185,NA,NA,44,NA,10,NA,0.9
2026-09-24T1900,1021A,117.308261,39.088386,天津市,跃进路,颗粒物(PM10),57,59,97,29,52,46,NA,86,74,37,41,6,7,1.1,0.9
2026-09-24T1900,1023A,117.707,39.0344,天津市,第四大街,,48,48,67,15,29,83,NA,80,74,25,51,7,7,1.0,1
2026-09-24T1900,1024A,117.4573,38.8395,天津市,永明路,颗粒物(PM10),53,54,72,23,39,101,NA,96,96,9,29,8,8,0.8,0.7
2026-09-24T1900,1026A,117.7641,39.1588,天津市,汉北路,,48,48,71,18,26,64,NA,85,77,19,32,5,6,0.7,0.9
2026-09-24T1900,1030A,114.5919,38.0328,石家庄市,高新区,颗粒物(PM10),58,60,89,38,58,116,NA,116,116,15,21,3,3,0.3,0.7
2026-09-24T1900,1032A,114.4556,38.0136,石家庄市,西南高教,颗粒物(PM10),73,81,69,42,46,134,NA,126,126,18,18,2,4,0.3,0.6
2026-09-24T1900,1033A,114.533,38.0177,石家庄市,世纪公园,细颗粒物(PM2.5),74,82,87,47,56,109,NA,105,105,11,14,2,2,0.7,1.1
2026-09-24T1900,1034A,114.5105,38.0489,石家庄市,人民会堂,颗粒物(PM10),64,69,80,33,47,118,NA,114,114,20,21,3,3,0.3,0.6
2026-09-24T1900,1040A,118.1707,39.6505,唐山市,十二中,,46,46,78,26,40,51,NA,97,88,32,22,3,9,1.0,0.8
2026-09-24T1900,1041A,118.1868,39.6219,唐山市,小山,颗粒物(PM10),53,53,91,29,35,60,NA,102,92,29,19,8,14,1.0,0.7
2026-09-24T1900,1046A,119.5247,39.9346,秦皇岛市,建设大厦,NA,NA,NA,94,NA,34,NA,NA,191,NA,NA,24,NA,9,NA,0.6
2026-09-24T1900,1049A,114.492,36.5712,邯郸市,矿院,颗粒物(PM10),67,73,86,41,66,155,NA,182,182,14,17,6,6,0.5,0.7
2026-09-24T1900,1050A,114.4839,36.6136,邯郸市,丛台公园,颗粒物(PM10),53,53,77,32,59,160,NA,182,182,11,13,11,12,0.4,0.5
2026-09-24T1900,1051A,115.4803,38.8568,保定市,游泳馆,,36,25,73,25,61,100,NA,118,112,12,30,1,2,0.8,0.9
2026-09-24T1900,1052A,115.509,38.8895,保定市,华电二区,,30,25,80,18,62,93,NA,108,106,10,27,1,2,0.5,0.9
2026-09-24T1900,1053A,115.4588,38.9037,保定市,接待中心,,32,32,79,20,66,96,NA,108,107,11,19,1,4,0.5,0.7
2026-09-24T1900,1054A,115.4484,38.8344,保定市,地表水厂,,31,21,80,12,67,97,NA,113,112,12,26,2,2,0.7,1
2026-09-24T1900,1057A,114.8884,40.8336,张家口市,人民公园,,36,36,36,14,17,112,NA,137,136,14,10,7,7,0.2,0.1
2026-09-24T1900,1059A,114.868581,40.804273,张家口市,五金库,NA,NA,NA,NA,NA,NA,NA,NA,NA,NA,NA,NA,NA,NA,NA,NA
2026-09-24T1900,1060A,114.8901,40.762,张家口市,世纪豪园,,36,19,43,13,17,113,NA,130,126,12,16,7,6,0.9,0.7
2026-09-24T1900,1062A,117.9531,40.908,承德市,铁路,,39,39,39,14,17,42,NA,79,73,16,19,6,7,0.4,0.4
2026-09-24T1900,1063A,117.9397,40.9763,承德市,中国银行,,39,39,39,19,18,44,NA,84,74,14,14,6,7,0.5,0.4
2026-09-24T1900,1067A,116.6712,39.5109,廊坊市,药材公司,,46,43,95,32,64,59,NA,95,87,21,24,2,5,0.6,0.7
2026-09-24T1900,1068A,116.7215,39.5592,廊坊市,开发区,,43,37,90,30,62,56,NA,92,82,16,26,3,3,0.6,0.7
2026-09-24T1900,1070A,116.7246,39.5273,廊坊市,北华航天学院,,42,NA,78,29,75,47,NA,88,77,26,28,3,3,0.7,0.7
2026-09-24T1900,1071A,116.8733,38.2922,沧州市,沧县城建局,,49,48,82,34,59,91,NA,136,133,14,25,6,9,0.3,0.4
2026-09-24T1900,1072A,116.8462,38.3189,沧州市,电视转播站,,46,46,85,25,51,93,NA,134,128,11,20,6,10,0.0,0.3
2026-09-24T1900,1073A,116.8588,38.3161,沧州市,市环保局,颗粒物(PM10),60,64,95,38,58,86,NA,124,122,15,27,1,6,0.2,0.4
2026-09-24T1900,1074A,115.6839,37.754,衡水市,电机北厂,颗粒物(PM10),65,71,102,35,64,113,NA,142,140,17,22,2,4,0.4,0.5
2026-09-24T1900,1075A,115.6303,37.7318,衡水市,市监测站,颗粒物(PM10),83,95,110,24,60,113,NA,117,117,18,25,3,9,0.6,0.7
2026-09-24T1900,1077A,114.4687,37.0883,邢台市,达活泉,颗粒物(PM10),65,71,97,39,55,105,NA,172,171,12,11,2,5,0.8,0.9
2026-09-24T1900,1078A,114.4954,37.0309,邢台市,邢师高专,细颗粒物(PM2.5),82,84,110,51,62,110,NA,172,170,21,24,4,6,0.9,0.8
2026-09-24T1900,1079A,114.5281,37.0857,邢台市,路桥公司,细颗粒物(PM2.5),78,69,88,49,62,99,NA,159,159,18,21,5,6,0.9,0.8
2026-09-24T1900,1080A,114.4721,37.0713,邢台市,市环保局,颗粒物(PM10),79,90,105,44,57,105,NA,172,172,20,18,7,10,0.7,0.8
2026-09-24T1900,1081A,112.5138,37.8916,太原市,尖草坪,,30,30,39,18,24,91,NA,105,105,20,29,8,9,0.4,0.6
2026-09-24T1900,1084A,112.4691,37.7125,太原市,晋源,,43,41,43,30,26,85,NA,105,103,32,22,10,9,1.0,0.9
2026-09-24T1900,1085A,112.5595,37.7391,太原市,小店,,40,40,36,27,25,100,NA,110,110,20,27,7,10,0.7,0.9
2026-09-24T1900,1087A,112.5705,37.8199,太原市,坞城,,39,31,33,27,26,91,NA,107,107,24,27,12,12,1.3,1.2
2026-09-24T1900,1088A,112.5495,37.9853,太原市,南寨,,37,37,43,24,25,41,NA,88,84,29,26,5,5,0.6,0.7
2026-09-24T1900,1090A,111.6506,40.7517,呼和浩特市,呼市一监,,37,27,34,25,15,118,NA,129,129,13,22,6,6,0.4,0.5
2026-09-24T1900,1094A,111.7516,40.8369,呼和浩特市,如意水处理厂,,42,32,32,29,18,127,NA,133,133,19,31,12,9,0.5,0.4
2026-09-24T1900,1095A,111.727798,40.806187,呼和浩特市,二十九中,,40,36,36,24,19,125,NA,131,131,20,28,11,8,0.6,0.6
2026-09-24T1900,1097A,111.717,40.7617,呼和浩特市,化肥厂生活区,,39,30,36,20,19,123,NA,129,129,18,29,10,8,0.6,0.7
2026-09-24T1900,1099A,123.5058,41.7084,沈阳市,浑南东路,,19,NA,28,13,13,59,NA,88,84,31,14,12,11,0.3,0.4
2026-09-24T1900,1100A,123.4238,41.6992,沈阳市,新秀街,,43,43,32,8,11,58,NA,83,83,34,19,8,9,0.4,0.4
2026-09-24T1900,1102A,123.5903,41.8412,沈阳市,东陵路,,43,43,28,7,9,42,NA,72,69,24,13,10,11,0.4,0.4
2026-09-24T1900,1103A,123.4267,41.8466,沈阳市,陵东街,,27,27,34,8,10,25,NA,64,62,25,17,6,7,0.4,0.4
2026-09-24T1900,1104A,123.4116,41.7654,沈阳市,文化路,,31,31,39,20,15,67,NA,78,78,24,20,10,10,0.6,0.6
2026-09-24T1900,1105A,123.4673,41.787,沈阳市,小河沿,NA,NA,29,35,NA,13,55,NA,71,71,22,16,7,7,0.6,0.6
2026-09-24T1900,1106A,123.4019,41.7978,沈阳市,太原街,,44,44,40,17,13,50,NA,74,74,39,20,5,5,0.6,0.5
2026-09-24T1900,1108A,123.3778,41.9233,沈阳市,京沈街,,24,21,26,5,9,75,NA,79,79,16,14,5,6,0.4,0.4
2026-09-24T1900,1109A,121.6119,38.974,大连市,甘井子,,34,34,61,14,29,106,NA,117,117,10,22,9,10,0.7,0.8
2026-09-24T1900,1110A,121.565,38.9509,大连市,周水子,,41,41,54,26,33,94,NA,114,114,20,31,5,5,0.9,0.9
2026-09-24T1900,1111A,121.5637,38.8849,大连市,星海三站,,48,48,45,29,26,120,NA,118,118,12,17,9,8,0.6,0.7
2026-09-24T1900,1112A,121.6301,38.9117,大连市,青泥洼桥,,36,34,39,25,26,101,NA,111,111,11,15,8,8,0.7,0.6
2026-09-24T1900,1113A,121.6248,38.8643,大连市,傅家庄,,38,NA,26,26,22,120,NA,121,121,9,12,8,9,0.7,0.7
2026-09-24T1900,1114A,121.5117,38.8636,大连市,七贤岭,颗粒物(PM10),68,74,45,35,20,127,NA,121,121,16,16,7,7,1.0,1
2026-09-24T1900,1116A,121.7507,39.1339,大连市,金州,,33,31,57,20,32,104,NA,126,126,14,16,9,10,0.6,0.8
2026-09-24T1900,1117A,121.7811,39.0495,大连市,开发区,,46,46,62,17,31,97,NA,116,116,15,27,6,7,0.7,0.8
2026-09-24T1900,1118A,121.9762,39.0631,大连市,双D港,,26,18,26,6,20,81,NA,114,109,6,8,7,7,0.7,0.8
2026-09-24T1900,1120A,125.2874,43.9024,长春市,客车厂,,30,28,15,13,8,30,NA,79,73,59,14,5,6,0.6,0.4
2026-09-24T1900,1121A,125.2943,43.8508,长春市,邮电学院,,23,23,12,10,7,50,NA,72,71,15,8,6,6,0.3,0.2
2026-09-24T1900,1122A,125.3648,43.8745,长春市,劳动公园,,28,28,18,16,9,54,NA,84,81,34,15,5,5,0.1,0.1
2026-09-24T1900,1123A,125.3233,43.8781,长春市,园林处,,27,27,16,12,9,60,NA,82,80,23,11,7,8,0.5,0.5
2026-09-24T1900,1124A,125.4604,43.7904,长春市,净月潭,,21,16,10,6,6,66,NA,80,79,7,6,7,8,0.2,0.3
2026-09-24T1900,1126A,125.38,43.8422,长春市,经开区环卫处,,21,21,17,10,8,44,NA,80,77,36,13,8,8,0.4,0.3
2026-09-24T1900,1127A,125.234,43.7761,长春市,高新区管委会,,30,30,16,14,9,22,NA,78,71,51,16,8,8,0.7,0.5
2026-09-24T1900,1128A,125.1695,43.83,长春市,岱山公园,,40,20,17,8,7,15,NA,71,64,79,26,4,4,0.5,0.3
2026-09-24T1900,1130A,126.5557,45.8109,哈尔滨市,松北商大,,20,19,15,10,7,30,NA,64,60,39,19,5,5,0.6,0.4
2026-09-24T1900,1132A,126.6162,45.719,哈尔滨市,南岗学府路,,40,40,21,15,4,47,NA,74,71,29,17,5,4,0.6,0.5
2026-09-24T1900,1133A,126.6894,45.7733,哈尔滨市,太平宏伟公园,,15,11,15,8,4,46,NA,72,71,28,15,6,7,0.5,0.3
2026-09-24T1900,1134A,126.6361,45.7672,哈尔滨市,道外承德广场,,35,35,25,12,6,33,NA,72,68,47,16,4,4,0.9,0.6
2026-09-24T1900,1136A,126.644,45.7261,哈尔滨市,动力和平路,,23,23,13,11,6,46,NA,73,71,30,16,6,7,0.7,0.6
2026-09-24T1900,1137A,126.5933,45.7479,哈尔滨市,道里建国路,颗粒物(PM10),52,52,17,21,6,10,NA,72,64,57,14,6,5,0.7,0.3
2026-09-24T1900,1138A,126.6127,45.6119,哈尔滨市,平房东轻厂,,39,27,24,11,10,0,NA,68,58,77,32,13,7,0.4,0.3
2026-09-24T1900,1139A,126.5875,45.9827,哈尔滨市,呼兰师专,NA,NA,NA,12,NA,4,44,NA,70,69,30,13,4,4,0.6,0.5
2026-09-24T1900,1140A,126.6299,45.6799,哈尔滨市,省农科院,,46,46,22,19,6,18,NA,70,64,49,18,5,4,0.6,0.4
2026-09-24T1900,1141A,121.401,31.2382,上海市,普陀,,37,37,28,16,13,81,NA,96,95,24,19,5,5,0.3,0.3
2026-09-24T1900,1142A,121.4774,31.2043,上海市,十五厂,,43,43,28,19,14,75,NA,88,87,20,16,6,6,0.6,0.6
2026-09-24T1900,1143A,121.4673,31.3011,上海市,虹口,,31,31,32,12,13,87,NA,93,93,13,18,4,5,0.3,0.3
2026-09-24T1900,1147A,121.4253,31.226,上海市,静安监测站,,33,33,28,16,13,92,NA,105,104,20,15,7,8,0.6,0.6
2026-09-24T1900,1148A,121.7029,31.1905,上海市,浦东川沙,,28,27,27,12,11,89,NA,98,96,17,16,11,11,0.6,0.6
2026-09-24T1900,1149A,121.5339,31.229,上海市,浦东新区监测站,,26,26,26,13,12,77,NA,86,84,19,20,8,8,0.3,0.3
2026-09-24T1900,1150A,121.5776,31.2038,上海市,浦东张江,,30,30,30,14,13,90,NA,95,93,18,18,7,7,0.3,0.3
2026-09-24T1900,1151A,118.8033,32.1085,南京市,迈皋桥,颗粒物(PM10),52,52,48,18,27,64,NA,73,73,35,34,6,7,0.9,0.8
2026-09-24T1900,1152A,118.7487,32.057,南京市,草场门,,46,46,46,11,20,80,NA,79,79,28,28,6,6,0.8,0.8
2026-09-24T1900,1154A,118.770105,32.004342,南京市,中华门,,44,44,44,12,22,67,NA,68,68,20,19,6,7,0.4,0.4
2026-09-24T1900,1155A,118.8059,32.0329,南京市,瑞金路,,48,48,49,14,24,70,NA,67,67,27,26,4,4,0.5,0.6
2026-09-24T1900,1156A,118.7946,32.0774,南京市,玄武湖,,44,44,46,10,22,65,NA,66,66,33,31,3,4,0.5,0.5
2026-09-24T1900,1157A,118.6415,32.0964,南京市,浦口,,47,47,46,12,25,61,NA,61,61,41,37,5,6,0.7,0.8
2026-09-24T1900,1158A,118.730129,32.000956,南京市,奥体中心,颗粒物(PM10),54,55,50,13,23,80,NA,80,80,32,29,6,6,0.6,0.6
2026-09-24T1900,1159A,118.9072,32.1047,南京市,仙林大学城,颗粒物(PM10),53,53,53,18,25,58,NA,68,68,35,37,5,5,0.6,0.6
2026-09-24T1900,1163A,120.5974,31.3247,苏州市,轧钢厂,颗粒物(PM10),53,53,44,17,11,52,NA,93,90,49,25,6,5,0.8,0.7
2026-09-24T1900,1164A,120.6329,31.2741,苏州市,吴中区,,48,48,34,17,11,61,NA,96,95,36,20,5,6,0.7,0.6
2026-09-24T1900,1165A,120.5566,31.3049,苏州市,苏州新区,,48,48,32,20,12,72,NA,96,96,28,17,7,7,0.5,0.5
2026-09-24T1900,1166A,120.668709,31.312523,苏州市,苏州工业园区,,46,46,36,16,12,61,NA,97,96,34,17,7,7,0.7,0.6
2026-09-24T1900,1167A,120.6408,31.3707,苏州市,相城区,,42,42,37,18,10,62,NA,83,82,31,25,8,10,0.7,0.7
2026-09-24T1900,1168A,120.9056,31.9669,南通市,狼山街道,,25,NA,20,12,8,77,NA,89,86,9,10,5,6,0.7,0.7
2026-09-24T1900,1170A,120.8635,32.0231,南通市,城中,NA,NA,NA,33,NA,10,78,NA,85,84,8,11,1,2,0.3,0.3
2026-09-24T1900,1171A,120.9376,31.9301,南通市,星湖花园,,24,17,22,16,8,75,NA,85,83,9,8,4,5,0.7,0.6
2026-09-24T1900,1172A,120.8053,32.046,南通市,紫琅学院,,33,23,26,23,11,61,NA,78,76,18,14,3,4,0.8,0.7
2026-09-24T1900,1173A,119.1759,34.5885,连云港市,市环境监测站,,26,NA,28,17,21,83,NA,84,84,9,10,8,9,0.4,0.5
2026-09-24T1900,1180A,117.257,34.2161,徐州市,新城区,,22,20,99,6,75,68,NA,65,65,12,21,4,6,0.7,1.1
2026-09-24T1900,1182A,117.2933,34.2796,徐州市,农科院,,34,34,100,20,88,35,NA,50,50,28,29,6,9,0.7,0.9
2026-09-24T1900,1186A,119.3895,32.377,扬州市,邗江监测站,,46,46,58,14,28,78,NA,73,73,17,23,3,5,0.6,0.8
2026-09-24T1900,1188A,120.2693,31.4864,无锡市,雪浪,,46,46,39,15,7,59,NA,92,92,34,26,8,7,0.9,0.7
2026-09-24T1900,1189A,120.2761,31.621,无锡市,黄巷,,41,41,44,14,9,68,NA,74,74,37,42,5,4,0.9,0.8
2026-09-24T1900,1191A,120.2422,31.5037,无锡市,漆塘,,49,49,49,16,12,72,NA,108,108,35,24,9,8,0.7,0.5
2026-09-24T1900,1192A,120.3489,31.5865,无锡市,东亭,NA,NA,NA,33,10,8,70,NA,73,73,26,40,8,7,0.6,0.5
2026-09-24T1900,1193A,120.3538,31.5474,无锡市,旺庄,,37,37,35,13,8,67,NA,84,84,29,33,8,8,0.9,0.8
2026-09-24T1900,1194A,120.2447,31.5633,无锡市,荣巷,,48,48,40,11,8,66,NA,87,87,39,36,9,8,1.0,0.7
2026-09-24T1900,1195A,120.2986,31.6816,无锡市,堰桥,,36,36,37,19,9,54,NA,68,68,34,35,8,6,0.7,0.6
2026-09-24T1900,1196A,119.9524,31.7586,常州市,市监测站,,49,49,30,10,10,70,NA,77,77,29,36,8,7,0.8,0.5
2026-09-24T1900,1200A,119.9351,31.703,常州市,武进监测站,,42,42,34,16,13,66,NA,81,81,30,35,4,4,0.8,0.5
2026-09-24T1900,1203A,119.6708,32.187,镇江市,新区办事处,,44,44,43,19,28,62,NA,73,73,25,35,5,4,0.5,0.8
2026-09-24T1900,1204A,119.497455,32.196732,镇江市,职教中心,,39,39,45,20,28,66,NA,64,64,22,38,6,10,0.4,0.7
2026-09-24T1900,1205A,119.43,32.1328,镇江市,丹徒区监测站,,42,42,50,21,30,66,NA,72,72,30,37,6,8,0.6,0.8
2026-09-24T1900,1206A,119.9042,32.488,泰州市,公园路,,39,39,37,11,17,72,NA,81,81,11,11,9,9,0.5,0.6
2026-09-24T1900,1207A,119.9189,32.4626,泰州市,莲花,,42,42,44,19,20,66,NA,74,74,9,9,10,10,0.8,0.8
2026-09-24T1900,1209A,119.8877,32.4636,泰州市,留学生创业园,,31,31,36,20,24,75,NA,84,84,11,11,9,9,0.7,0.8
2026-09-24T1900,1210A,119.0566,33.5991,淮安市,钵池山,,24,12,28,8,18,76,NA,77,77,11,15,6,6,0.6,0.7
2026-09-24T1900,1211A,119.0083,33.578,淮安市,北京南路,,25,22,33,8,18,78,NA,77,77,11,15,6,7,0.5,0.7
2026-09-24T1900,1212A,118.9938,33.6083,淮安市,市监测站,,25,12,24,9,18,79,NA,80,80,13,17,8,10,0.4,0.5
2026-09-24T1900,1213A,119.135,33.5038,淮安市,楚州区监测站,,22,17,28,10,22,69,NA,71,71,10,17,6,6,0.7,0.8
2026-09-24T1900,1216A,120.1554,33.3941,盐城市,市监测站,,28,12,21,9,9,88,NA,86,86,11,11,5,6,0.7,0.7
2026-09-24T1900,1218A,120.214332,33.37951,盐城市,开发区管委会,,27,16,30,8,15,84,NA,79,79,5,8,10,10,0.6,0.6
2026-09-24T1900,1220A,118.2924,33.933,宿迁市,宿迁学院,,25,15,50,6,36,78,NA,80,80,10,24,1,2,0.3,0.6
2026-09-24T1900,1221A,118.2321,33.9572,宿迁市,宿迁中学,,24,15,45,7,37,76,NA,80,80,7,13,2,4,0.6,0.8
2026-09-24T1900,1223A,120.2073,30.2111,杭州市,滨江,,40,39,55,14,26,127,NA,157,157,19,27,6,8,0.5,0.5
2026-09-24T1900,1224A,120.0625,30.2737,杭州市,西溪,,43,41,38,23,24,135,NA,140,140,19,18,5,5,0.5,0.4
2026-09-24T1900,1226A,120.3417,30.315,杭州市,下沙,,37,30,36,13,21,117,NA,150,150,9,13,6,8,0.6,0.6
2026-09-24T1900,1227A,120.1252,30.2465,杭州市,卧龙桥,,44,40,40,19,24,139,NA,145,145,15,16,7,7,0.5,0.5
2026-09-24T1900,1228A,120.1902,30.2691,杭州市,浙江农大,,35,29,40,15,24,112,NA,132,132,18,22,9,10,0.8,0.8
2026-09-24T1900,1230A,120.1195,30.3121,杭州市,和睦小学,,44,44,44,18,26,134,NA,148,148,16,18,7,8,0.6,0.6
2026-09-24T1900,1231A,120.3076,30.4146,杭州市,临平镇,,44,44,44,20,20,119,NA,146,146,14,16,7,8,0.6,0.6
2026-09-24T1900,1232A,120.2753,30.1839,杭州市,城厢镇,,46,46,49,19,27,107,NA,129,129,14,18,9,10,0.6,0.6
2026-09-24T1900,1233A,120.0883,30.1808,杭州市,云栖,,45,45,42,30,24,144,NA,141,141,17,18,8,7,0.7,0.7
2026-09-24T1900,1234A,121.8352,29.9111,宁波市,区环保大楼,颗粒物(PM10),60,64,38,25,11,58,NA,110,106,42,23,6,6,0.5,0.5
2026-09-24T1900,1235A,121.5595,29.8208,宁波市,万里学院,,38,38,32,11,10,96,NA,126,124,8,13,4,6,0.5,0.5
2026-09-24T1900,1236A,121.713,29.9564,宁波市,龙赛医院,颗粒物(PM10),63,67,39,30,13,78,NA,116,113,22,21,8,9,0.6,0.6
2026-09-24T1900,1240A,121.5855,29.8635,宁波市,太古小学,,37,37,35,12,12,85,NA,118,116,8,16,4,5,0.5,0.6
2026-09-24T1900,1241A,121.5239,29.8673,宁波市,市环境监测中心,,29,29,35,13,12,91,NA,133,130,14,13,9,10,0.6,0.6
2026-09-24T1900,1242A,120.6342,28.0088,温州市,瓯海,,42,42,36,20,17,99,NA,121,121,16,13,6,6,0.5,0.4
2026-09-24T1900,1243A,120.6747,27.9881,温州市,南浦,,46,46,38,24,19,92,NA,116,116,17,8,7,7,0.4,0.4
2026-09-24T1900,1244A,120.76,27.9745,温州市,龙湾,,49,49,36,18,16,101,NA,113,113,10,11,7,7,0.4,0.3
2026-09-24T1900,1247A,120.6053,29.9927,绍兴市,城东开发委,,47,47,44,23,21,106,NA,128,128,18,16,7,7,0.6,0.6
2026-09-24T1900,1250A,120.075,30.867,湖州市,城西水厂,,39,37,34,17,16,122,NA,131,131,19,23,9,8,0.5,0.5
2026-09-24T1900,1252A,120.7439,30.778,嘉兴市,清河小学,,44,44,28,22,10,88,NA,108,104,11,12,8,7,0.3,0.3
2026-09-24T1900,1253A,120.7261,30.7477,嘉兴市,嘉兴学院,,30,30,24,17,11,93,NA,117,115,13,16,6,8,0.4,0.3
2026-09-24T1900,1255A,121.2727,28.6461,台州市,黄岩环保大楼,,38,38,39,14,16,94,NA,120,120,10,8,/,/,/,/
2026-09-24T1900,1256A,121.4188,28.6545,台州市,台州环保大楼,,39,39,35,16,12,103,NA,119,116,7,7,/,/,0.7,0.7
2026-09-24T1900,1257A,121.3768,28.5772,台州市,路桥田洋王,,46,46,36,18,13,99,NA,124,119,8,8,7,7,0.5,0.5
2026-09-24T1900,1258A,122.1223,30.0203,舟山市,定海檀枫,,32,32,25,12,10,94,NA,101,101,5,7,7,7,0.5,0.5
2026-09-24T1900,1260A,122.1898,29.9945,舟山市,临城新区,,31,20,19,15,10,98,NA,102,102,5,8,6,6,0.5,0.5
2026-09-24T1900,1262A,119.6478,29.0773,金华市,十五中,颗粒物(PM10),56,58,66,35,40,130,NA,165,164,18,24,5,5,0.9,0.6
2026-09-24T1900,1263A,119.6859,29.1032,金华市,监测站,,48,48,61,30,36,111,NA,160,156,20,25,4,4,0.8,0.7
2026-09-24T1900,1264A,118.8694,28.94,衢州市,环保大楼,,48,47,54,33,39,112,NA,162,156,15,16,/,/,/,/
2026-09-24T1900,1266A,118.8622,28.9809,衢州市,衢州学院,,38,36,47,26,36,79,NA,155,147,24,20,8,8,0.5,0.5
2026-09-24T1900,1267A,119.9141,28.4513,丽水市,监测站大楼,,36,34,38,25,23,109,NA,122,121,12,15,6,6,0.6,0.5
2026-09-24T1900,1268A,119.93,28.4589,丽水市,莲都小学,,41,41,43,22,25,112,NA,126,126,11,15,/,/,/,/
2026-09-24T1900,1269A,119.8794,28.4232,丽水市,余庄前,,46,46,36,29,22,42,NA,137,122,16,14,4,5,0.8,0.7
2026-09-24T1900,1270A,117.1957,31.7845,合肥市,明珠广场,,36,36,58,19,37,104,NA,111,111,16,24,10,11,0.6,0.6
2026-09-24T1900,1271A,117.307,31.8765,合肥市,三里街,颗粒物(PM10),56,58,52,34,39,81,NA,107,107,22,27,5,5,0.9,1
2026-09-24T1900,1272A,117.2587,31.8703,合肥市,琥珀山庄,颗粒物(PM10),56,58,54,28,35,95,NA,116,116,24,22,6,6,0.7,0.7
2026-09-24T1900,1275A,117.2593,31.9376,合肥市,庐阳区,颗粒物(PM10),62,66,59,29,38,91,NA,122,122,26,29,5,6,0.9,0.9
2026-09-24T1900,1276A,117.345251,31.861615,合肥市,瑶海区,颗粒物(PM10),62,66,55,29,34,84,NA,111,111,21,23,4,4,0.8,0.8
2026-09-24T1900,1277A,117.3033,31.7967,合肥市,包河区,,46,46,54,23,32,87,NA,108,107,30,45,7,8,0.8,0.9
2026-09-24T1900,1278A,117.278,31.7392,合肥市,滨湖新区,,36,36,50,24,30,105,NA,118,118,14,16,7,8,0.7,0.7
2026-09-24T1900,1279A,117.1324,31.8395,合肥市,高新区,颗粒物(PM10),60,63,60,28,38,116,NA,118,118,32,28,7,8,0.8,0.8
2026-09-24T1900,1282A,119.2681,26.0506,福州市,师大,,38,38,35,18,13,91,NA,125,122,12,10,5,6,0.4,0.4
2026-09-24T1900,1283A,119.2983,26.1028,福州市,五四北路,NA,NA,37,31,21,16,96,NA,119,116,12,11,5,6,NA,0.4
2026-09-24T1900,1284A,119.2648,26.0769,福州市,杨桥西路,,43,43,34,21,13,90,NA,127,124,13,9,4,4,/,/
2026-09-24T1900,1287A,118.1519,24.4768,厦门市,洪文,,29,27,36,12,17,92,NA,118,115,7,11,2,4,0.4,0.4
2026-09-24T1900,1288A,118.0671,24.4447,厦门市,鼓浪屿,,30,28,34,12,16,96,NA,118,112,4,10,2,3,/,/
2026-09-24T1900,1291A,115.8887,28.7006,南昌市,省林业公司,,35,31,37,21,30,112,NA,154,152,4,14,6,7,0.6,0.7
2026-09-24T1900,1292A,115.813,28.7443,南昌市,林科所,NA,NA,34,25,26,24,106,NA,142,140,11,12,7,8,NA,1.2
2026-09-24T1900,1294A,115.8518,28.687,南昌市,建工学校,,43,43,36,22,27,107,NA,146,144,10,14,9,11,1.1,1.1
2026-09-24T1900,1295A,115.8926,28.6425,南昌市,象湖,,39,33,32,27,30,95,NA,134,128,13,16,8,9,1.1,1.1
2026-09-24T1900,1299A,116.9866,36.6118,济南市,科干所,臭氧1小时(O3_1h),58,46,52,33,31,166,NA,182,182,14,24,8,8,0.7,0.6
2026-09-24T1900,1300A,116.9379,36.6652,济南市,农科所,颗粒物(PM10),63,68,69,40,38,160,NA,182,182,28,33,9,8,0.5,0.5
2026-09-24T1900,1301A,117.1265,36.6736,济南市,开发区,臭氧1小时(O3_1h),77,63,66,42,33,181,NA,198,198,16,28,10,9,0.6,0.6
2026-09-24T1900,1303A,117.0616,36.6865,济南市,省种子仓库,臭氧1小时(O3_1h),84,58,84,34,38,187,NA,200,200,19,51,8,7,0.7,0.8
2026-09-24T1900,1304A,116.9495185,36.644937,济南市,机床二厂,NA,NA,NA,86,NA,42,NA,NA,179,NA,NA,49,NA,11,NA,0.5
2026-09-24T1900,1305A,117.0496,36.6629,济南市,市监测站,臭氧1小时(O3_1h),65,61,73,34,35,172,NA,192,192,17,38,7,7,0.8,0.8
2026-09-24T1900,1306A,116.7674,36.5458,济南市,长清党校,细颗粒物(PM2.5),84,95,74,52,43,181,NA,193,193,19,25,9,8,0.4,0.4
2026-09-24T1900,1310A,120.404,36.0625,青岛市,市南区东部子站,,32,24,16,8,8,100,NA,95,95,7,11,6,7,0.3,0.4
2026-09-24T1900,1311A,120.362344,36.10282,青岛市,四方区子站,,30,19,20,11,12,93,NA,98,96,11,10,4,4,0.4,0.5
2026-09-24T1900,1312A,120.294373,36.054183,青岛市,市南区西部子站,,32,14,15,8,8,101,NA,102,102,8,10,5,6,0.5,0.5
2026-09-24T1900,1313A,120.4581,36.0858,青岛市,崂山区子站,NA,NA,22,14,10,9,98,NA,99,98,NA,10,9,9,NA,0.4
2026-09-24T1900,1315A,120.3945,36.3083,青岛市,城阳区子站,,27,27,28,15,15,84,NA,99,97,18,18,4,4,0.4,0.4
2026-09-24T1900,1316A,113.6843,34.7622,郑州市,烟厂,,36,29,67,25,55,100,NA,107,107,12,22,4,6,0.4,0.5
2026-09-24T1900,1318A,113.669,34.8034,郑州市,银行学校,NA,NA,40,69,NA,56,92,NA,97,97,NA,24,4,4,0.5,0.6
2026-09-24T1900,1319A,113.5612,34.8143,郑州市,供水公司,,35,30,70,24,46,110,NA,116,116,17,23,1,3,0.6,0.7
2026-09-24T1900,1320A,113.7269,34.7187,郑州市,经开区管委,,36,30,78,25,57,96,NA,104,104,10,30,5,7,0.5,0.6
2026-09-24T1900,1321A,113.7332,34.7727,郑州市,四十七中,,40,36,76,28,57,103,NA,106,106,12,28,3,5,0.4,0.6
2026-09-24T1900,1323A,113.6361,34.7537,郑州市,河医大,NA,NA,NA,75,NA,48,NA,NA,168,112,NA,23,NA,7,NA,0.6
2026-09-24T1900,1325A,114.3676,30.5584,武汉市,东湖梨园,,39,39,64,23,32,82,NA,106,106,12,26,8,8,1.0,1
2026-09-24T1900,1326A,114.2527,30.5578,武汉市,汉阳月湖,,35,29,68,24,36,76,NA,106,106,23,26,4,4,0.6,0.7
2026-09-24T1900,1327A,114.2819,30.6189,武汉市,汉口花桥,,48,41,63,33,41,81,NA,113,112,37,36,7,7,0.7,0.7
2026-09-24T1900,1328A,114.3024,30.5332,武汉市,武昌紫阳,NA,NA,NA,83,17,38,86,NA,110,110,27,35,8,8,0.7,0.8
2026-09-24T1900,1329A,114.3646,30.6217,武汉市,青山钢花,NA,NA,45,59,40,36,91,NA,120,120,19,33,7,7,NA,0.5
2026-09-24T1900,1330A,114.156697,30.482592,武汉市,沌口新区,,38,NA,66,26,37,104,NA,111,111,14,34,12,11,0.4,0.6
2026-09-24T1900,1331A,114.3013,30.5944,武汉市,汉口江滩,,38,37,77,26,38,59,NA,98,95,60,39,3,4,1.0,1
2026-09-24T1900,1333A,114.1285,30.6339,武汉市,吴家山,,40,NA,70,28,38,98,NA,125,125,26,37,8,8,0.8,0.9
2026-09-24T1900,1335A,113.082,28.2421,长沙市,经开区环保局,,43,42,55,30,36,114,NA,135,135,12,17,4,5,0.9,0.8
2026-09-24T1900,1336A,112.8873,28.2202,长沙市,高开区环保局,,46,46,56,32,40,146,NA,144,144,8,21,5,5,1.4,1.2
2026-09-24T1900,1337A,113.0785,28.2012,长沙市,马坡岭,,48,47,55,33,37,122,NA,142,142,11,18,7,8,0.6,0.6
2026-09-24T1900,1338A,112.9448,28.1894,长沙市,湖南师范大学,细颗粒物(PM2.5),58,47,61,39,36,121,NA,148,148,14,18,11,10,1.1,0.8
2026-09-24T1900,1339A,113.0177,28.1322,长沙市,雨花区环保局,,49,44,52,34,36,116,NA,133,133,9,19,7,7,1.2,1.2
2026-09-24T1900,1340A,112.9795,28.2593,长沙市,伍家岭,,48,48,57,30,36,124,NA,146,146,19,19,5,4,1.1,0.9
2026-09-24T1900,1341A,113.002,28.1944,长沙市,火车新站,,46,46,52,32,34,109,NA,135,135,13,15,5,5,1.1,1
2026-09-24T1900,1342A,112.9846,28.1177,长沙市,天心区环保局,细颗粒物(PM2.5),52,44,56,36,45,137,NA,147,147,13,22,4,4,0.7,0.7
2026-09-24T1900,1343A,112.8906,28.1307,长沙市,湖南中医药大学,,50,48,58,35,41,144,NA,149,149,9,22,8,8,1.2,1
2026-09-24T1900,1345A,113.2346,23.1423,广州市,广雅中学,臭氧1小时(O3_1h),103,51,41,36,25,205,NA,185,185,22,20,5,6,0.4,0.3
2026-09-24T1900,1346A,113.2611,23.105,广州市,市五中,臭氧1小时(O3_1h),110,48,37,34,25,220,NA,205,205,19,18,5,6,/,/
2026-09-24T1900,1348A,113.3477,23.0916,广州市,广东商学院,臭氧1小时(O3_1h),106,50,31,37,22,211,NA,193,193,29,26,6,6,0.5,0.4
2026-09-24T1900,1349A,113.4332,23.105,广州市,市八十六中,臭氧1小时(O3_1h),102,45,32,35,24,204,NA,216,216,33,35,8,8,/,/
2026-09-24T1900,1350A,113.3506,22.9488,广州市,番禺中学,NA,NA,NA,37,30,22,198,NA,181,181,17,18,4,5,0.4,0.4
2026-09-24T1900,1351A,113.2147,23.3918,广州市,花都师范,臭氧1小时(O3_1h),102,65,51,45,32,204,NA,191,191,19,25,3,3,0.7,0.6
2026-09-24T1900,1352A,113.2599,23.1329,广州市,市监测站,臭氧1小时(O3_1h),94,53,38,26,22,195,NA,187,187,26,18,2,2,/,/
2026-09-24T1900,1353A,113.5618,23.3119,广州市,九龙镇镇龙,颗粒物(PM10),52,52,45,32,28,123,NA,144,144,13,25,8,9,0.8,0.8
2026-09-24T1900,1354A,113.2764,23.1544,广州市,麓湖,臭氧1小时(O3_1h),69,NA,33,30,24,175,NA,181,181,25,22,6,6,0.6,0.6
2026-09-24T1900,1356A,114.0948,22.5506,深圳市,通心岭子站,,31,25,29,14,15,97,NA,128,125,6,5,2,2,0.6,0.6
2026-09-24T1900,1357A,114.1153,22.5713,深圳市,洪湖,,30,30,30,16,15,95,NA,130,127,9,10,1,2,0.6,0.6
2026-09-24T1900,1358A,113.9823,22.5398,深圳市,华侨城,,40,40,34,16,17,119,NA,138,138,26,12,/,/,/,/
2026-09-24T1900,1359A,113.9181,22.517,深圳市,南海子站,,48,48,35,28,18,102,NA,124,123,26,13,1,1,0.8,0.8
2026-09-24T1900,1360A,114.2345,22.565,深圳市,盐田,,30,30,29,12,15,90,NA,114,111,3,6,8,8,0.7,0.7
2026-09-24T1900,1363A,114.4911,22.5381,深圳市,南澳,,31,31,26,13,14,92,NA,107,102,10,10,/,/,/,/
2026-09-24T1900,1364A,114.41,22.6346,深圳市,葵涌,,34,34,30,18,17,103,NA,119,116,8,8,7,8,0.8,0.8
2026-09-24T1900,1365A,114.2967,22.5978,深圳市,梅沙,,31,31,29,13,14,95,NA,118,114,5,8,/,/,/,/
2026-09-24T1900,1366A,114.0563,22.7353,深圳市,观澜,,42,42,42,19,22,99,NA,148,145,34,20,3,3,0.7,0.7
2026-09-24T1900,1367A,113.5811,22.2618,珠海市,吉大,,30,28,23,17,15,96,NA,111,111,10,9,8,8,0.8,0.8
2026-09-24T1900,1368A,113.4893,22.2323,珠海市,前山,,40,40,31,20,16,102,NA,121,121,22,14,/,/,/,/
2026-09-24T1900,1369A,113.6284,22.4252,珠海市,唐家,,33,26,23,16,16,105,NA,122,122,2,7,/,/,/,/
2026-09-24T1900,1370A,113.2986,22.2284,珠海市,斗门,NA,NA,25,26,18,17,119,NA,135,135,NA,8,NA,10,NA,0.5
2026-09-24T1900,1371A,113.1293,23.0065,佛山市,湾梁,臭氧1小时(O3_1h),77,41,35,37,27,181,NA,176,176,18,18,/,/,/,/
2026-09-24T1900,1372A,113.1082,23.0477,佛山市,华材职中,臭氧1小时(O3_1h),109,61,41,43,28,218,NA,208,208,29,17,3,2,0.7,0.6
2026-09-24T1900,1373A,113.1439,23.045,佛山市,南海气象局,臭氧1小时(O3_1h),109,48,42,35,27,217,NA,189,189,24,20,/,/,/,/
2026-09-24T1900,1374A,113.2879,22.8094,佛山市,顺德苏岗,臭氧1小时(O3_1h),97,45,38,28,21,197,NA,189,189,19,15,/,/,0.4,0.3
2026-09-24T1900,1376A,112.8384,22.8678,佛山市,高明孔堂,,39,29,33,24,20,124,NA,141,141,12,10,/,/,/,/
2026-09-24T1900,1377A,112.8835,23.1584,佛山市,三水监测站,"细颗粒物(PM2.5),臭氧1小时(O3_1h)",60,53,53,40,35,168,NA,177,177,16,17,4,6,0.4,0.4
2026-09-24T1900,1378A,112.8668,23.185,佛山市,三水云东海,颗粒物(PM10),60,64,51,35,34,152,NA,161,161,14,17,/,/,/,/
2026-09-24T1900,1379A,113.377,22.5211,中山市,华柏园,,44,35,31,26,19,139,NA,145,145,13,9,/,/,/,/
2026-09-24T1900,1380A,113.3879,22.5499,中山市,张溪,臭氧1小时(O3_1h),53,37,35,28,17,162,NA,161,161,16,13,/,/,/,/
2026-09-24T1900,1381A,113.4071,22.5111,中山市,紫马岭,,49,30,29,24,17,156,NA,159,159,12,11,9,9,0.7,0.6
2026-09-24T1900,1383A,113.1063,22.6058,江门市,北街,,47,36,35,25,22,148,NA,173,173,12,10,/,/,/,/
2026-09-24T1900,1384A,113.073,22.5835,江门市,西区,颗粒物(PM10),54,55,37,21,22,152,NA,171,171,14,14,/,/,/,/
2026-09-24T1900,1385A,113.0218,22.531,江门市,圭峰西,,44,34,35,24,21,139,NA,158,158,15,12,/,/,/,/
2026-09-24T1900,1390A,113.7943,23.0132,东莞市,东城石井,颗粒物(PM10),53,53,41,35,25,90,NA,154,154,39,16,7,7,0.9,0.8
2026-09-24T1900,1391A,113.7384,22.9659,东莞市,南城西平,NA,NA,51,39,43,24,164,NA,172,172,19,18,7,8,NA,0.4
2026-09-24T1900,1392A,114.4181,23.0528,惠州市,河南岸金山湖子站,,48,48,36,28,22,122,NA,134,134,20,11,6,5,0.6,0.6
2026-09-24T1900,1393A,114.4055,23.0824,惠州市,下埔横江三路子站,,42,42,42,24,23,113,NA,124,124,19,11,7,8,0.5,0.4
2026-09-24T1900,1395A,114.4645,22.7832,惠州市,惠阳区承修路船湖子站,,40,40,37,20,20,110,NA,140,140,8,8,4,5,0.6,0.7
2026-09-24T1900,1396A,114.5316,22.7423,惠州市,大亚湾管委会子站,,40,40,35,21,20,96,NA,112,111,9,11,10,11,0.5,0.5
2026-09-24T1900,1397A,112.426,23.062,肇庆市,睦岗子站,,49,44,38,34,22,121,NA,146,146,24,22,7,9,/,/
2026-09-24T1900,1398A,112.4645,23.0476,肇庆市,城中子站,,50,36,36,31,23,158,NA,145,145,12,18,11,15,0.7,0.8
2026-09-24T1900,1399A,112.5545,23.1525,肇庆市,坑口子站,细颗粒物(PM2.5),56,42,34,38,23,116,NA,147,147,10,11,6,8,0.6,0.6
2026-09-24T1900,1401A,108.3098,22.788,南宁市,二十一中,,33,32,27,23,19,101,NA,116,116,10,10,4,6,0.8,0.8
2026-09-24T1900,1402A,108.3135,22.8529,南宁市,北湖,,39,39,35,20,21,104,NA,124,123,7,9,4,4,0.7,0.7
2026-09-24T1900,1403A,108.3205,22.8222,南宁市,市监测站,,40,40,28,15,18,107,NA,127,126,8,7,5,6,0.7,0.7
2026-09-24T1900,1404A,108.3828,22.8038,南宁市,大自然花园,,34,26,26,17,18,106,NA,120,120,9,10,4,5,0.6,0.7
2026-09-24T1900,1406A,108.2397,22.8462,南宁市,区农职院,,39,39,33,22,22,110,NA,136,136,10,12,6,7,0.5,0.6
2026-09-24T1900,1407A,108.3285,22.7356,南宁市,英华嘉园,NA,NA,NA,32,NA,19,88,NA,115,112,NA,13,5,7,0.7,0.6
2026-09-24T1900,1410A,110.3189,20.0596,海口市,海南大学,,42,27,26,11,11,58,NA,74,66,84,18,5,5,0.3,0.4
2026-09-24T1900,1411A,110.2827,20.0051,海口市,秀英海南医院,,20,20,27,10,12,56,NA,71,64,4,4,4,4,0.3,0.3
2026-09-24T1900,1412A,110.3391,19.9979,海口市,海南师范大学,,22,22,28,11,13,56,NA,69,64,3,4,4,4,0.4,0.4
2026-09-24T1900,1413A,110.3303,20.0359,海口市,龙华路环保局宿舍,,24,24,25,11,12,58,NA,74,67,4,4,/,/,0.3,0.4
2026-09-24T1900,1416A,106.4216,29.8256,重庆市,天生,,32,24,23,22,14,66,NA,66,66,11,15,9,9,0.8,0.8
2026-09-24T1900,1417A,106.6264,29.7226,重庆市,两路,,41,41,35,23,13,50,NA,71,71,19,14,5,5,0.9,0.8
2026-09-24T1900,1419A,106.5778,29.5103,重庆市,南坪,,38,38,34,25,12,75,NA,83,83,23,18,6,6,0.8,0.7
2026-09-24T1900,1420A,106.6556,29.6277,重庆市,唐家沱,,30,30,22,18,11,59,NA,69,69,13,16,9,8,0.8,0.8
2026-09-24T1900,1431A,103.9727,30.7242,成都市,金泉两河,,33,32,31,23,28,33,NA,48,48,28,16,1,1,0.8,0.7
2026-09-24T1900,1432A,104.1423,30.6765,成都市,十里店,,34,34,36,20,30,67,NA,68,68,15,15,5,5,0.6,0.7
2026-09-24T1900,1433A,104.0594,30.5765,成都市,三瓦窑,,49,44,25,34,28,55,NA,71,70,30,20,6,6,1.1,1
2026-09-24T1900,1434A,104.1122,30.6306,成都市,沙河铺,,49,49,37,25,28,44,NA,51,51,28,21,7,7,0.9,0.8
2026-09-24T1900,1439A,106.6863,26.6035,贵阳市,马鞍山,,29,17,24,15,19,91,NA,104,103,10,6,3,3,/,/
2026-09-24T1900,1441A,106.6241,26.6266,贵阳市,鉴湖路,,39,39,37,14,18,93,NA,102,101,8,5,9,9,0.6,0.6
2026-09-24T1900,1442A,106.7468,26.6344,贵阳市,燕子冲,,31,31,33,11,20,92,NA,102,101,9,8,7,7,0.5,0.5
2026-09-24T1900,1443A,106.6556,26.4362,贵阳市,碧云窝,,36,36,40,10,18,94,NA,100,100,6,6,7,7,/,/
2026-09-24T1900,1445A,106.6963,26.6063,贵阳市,红边门,,31,31,30,16,20,86,NA,100,99,15,9,4,4,/,/
2026-09-24T1900,1446A,106.7162383,26.56964667,贵阳市,新华路,,36,36,37,19,21,81,NA,92,91,15,10,7,7,0.5,0.6
2026-09-24T1900,1447A,106.6742,26.542,贵阳市,太慈桥,,31,31,30,16,20,96,NA,105,104,8,7,4,5,/,/
2026-09-24T1900,1450A,102.8203,24.889,昆明市,呈贡新区,,32,0,21,0,16,102,NA,104,104,9,15,3,5,0.4,0.5
2026-09-24T1900,1452A,102.7253,25.0904,昆明市,龙泉镇,,30,21,30,13,15,94,NA,101,101,14,21,3,3,0.5,0.5
2026-09-24T1900,1453A,102.7267,25.0378,昆明市,东风东路,,30,17,20,17,14,95,NA,100,100,14,14,5,7,0.8,0.9
2026-09-24T1900,1454A,102.6744,25.0671,昆明市,金鼎山,,33,33,27,15,15,96,NA,104,104,12,14,4,6,0.5,0.5
2026-09-24T1900,1455A,102.6643,25.0401,昆明市,碧鸡广场,,26,18,28,14,14,83,NA,91,91,14,17,7,8,0.5,0.6
2026-09-24T1900,1456A,91.132,29.6515,拉萨市,八廓街,,22,22,12,11,7,61,NA,77,77,16,12,9,11,0.3,0.3
2026-09-24T1900,1457A,91.1221,29.6748,拉萨市,市环保局,,15,14,12,7,6,46,NA,66,66,19,14,9,9,0.3,0.3
2026-09-24T1900,1458A,91.0874,29.6476,拉萨市,区监测站,,18,10,10,6,8,55,NA,69,69,21,16,8,10,0.3,0.3
2026-09-24T1900,1459A,91.1774,29.6541,拉萨市,西藏大学,,17,10,10,6,8,52,NA,75,74,24,13,8,10,0.3,0.2
2026-09-24T1900,1460A,90.9798,29.6586,拉萨市,区辐射站,,19,10,13,6,8,59,NA,55,54,13,23,7,8,0.2,0.2
2026-09-24T1900,1461A,91.0831,29.6292,拉萨市,拉萨火车站,,20,10,9,7,7,62,NA,70,70,14,14,6,7,0.3,0.3
2026-09-24T1900,1463A,108.9931,34.2629,西安市,兴庆小区,,48,48,49,25,38,64,NA,88,88,23,18,3,4,0.7,0.6
2026-09-24T1900,1464A,109.0595,34.2569,西安市,纺织城,细颗粒物(PM2.5),78,70,60,49,40,32,NA,64,56,50,29,3,3,1.1,0.9
2026-09-24T1900,1465A,108.9377,34.2178,西安市,小寨,,32,32,54,18,43,54,NA,70,69,23,19,2,2,0.8,0.7
2026-09-24T1900,1466A,108.9522,34.2739,西安市,市人民体育场,,40,40,56,23,48,78,NA,101,98,22,23,3,3,0.8,0.8
2026-09-24T1900,1467A,108.8923,34.2322,西安市,高新西区,,24,24,58,15,42,52,NA,68,68,18,18,4,5,0.7,0.7
2026-09-24T1900,1468A,108.9386,34.3446,西安市,经开区,,40,37,65,28,50,54,NA,86,84,20,17,1,2,0.6,0.6
2026-09-24T1900,1469A,108.894,34.1557,西安市,长安区,,22,19,52,12,37,35,NA,54,53,43,39,2,2,0.5,0.6
2026-09-24T1900,1471A,109.213,34.3748,西安市,临潼区,细颗粒物(PM2.5),100,93,58,60,42,84,NA,98,98,18,15,4,4,1.0,0.9
2026-09-24T1900,1474A,109.0508,34.321,西安市,广运潭,细颗粒物(PM2.5),90,69,59,55,37,74,NA,74,74,25,25,5,6,0.8,0.8
2026-09-24T1900,1479A,103.8309,36.0467,兰州市,铁路设计院,,44,44,33,28,13,55,NA,65,65,52,25,5,4,0.7,0.6
2026-09-24T1900,1489A,106.1361,38.5039,银川市,学院路,,39,29,45,13,16,122,NA,122,122,14,23,4,6,0.3,0.4
2026-09-24T1900,1490A,87.5796,43.8299,乌鲁木齐市,监测站,NA,NA,NA,47,NA,20,125,NA,93,93,15,39,5,4,0.4,0.6
2026-09-24T1900,1491A,87.6044,43.7679,乌鲁木齐市,收费所,颗粒物(PM10),53,54,55,35,20,131,NA,100,100,20,36,4,2,0.4,0.4
2026-09-24T1900,1493A,87.5529,43.8704,乌鲁木齐市,铁路局,,50,50,51,20,19,128,NA,101,101,14,38,10,9,0.5,0.7
2026-09-24T1900,1494A,87.6408,43.8258,乌鲁木齐市,三十一中学,颗粒物(PM10),57,59,51,26,18,117,NA,91,91,21,30,9,8,0.7,0.7
2026-09-24T1900,1496A,87.7218,44.1747,乌鲁木齐市,米东区环保局,,38,34,82,12,30,119,NA,100,100,2,25,11,12,0.2,0.6
2026-09-24T1900,1508A,112.9508,27.8626,湘潭市,板塘,,46,44,56,32,41,116,NA,137,137,12,24,6,10,0.6,0.7
2026-09-24T1900,1511A,112.9114,27.8404,湘潭市,市监测站,,42,42,45,28,40,95,NA,108,108,15,20,3,5,0.7,0.7
2026-09-24T1900,1512A,112.8935,27.8729,湘潭市,江麓,颗粒物(PM10),58,60,59,27,41,104,NA,118,118,12,17,9,10,0.8,0.9
2026-09-24T1900,1513A,112.9227,27.8159,湘潭市,岳塘,细颗粒物(PM2.5),62,50,58,41,42,103,NA,117,117,9,20,7,7,0.6,0.7
2026-09-24T1900,1514A,112.9073,27.9118,湘潭市,科大,颗粒物(PM10),55,56,69,28,41,125,NA,137,137,11,17,8,9,1.2,1.2
2026-09-24T1900,1515A,113.1265,27.8306,株洲市,天台山庄,,48,45,58,33,42,109,NA,109,109,12,20,3,3,1.0,0.9
2026-09-24T1900,1518A,113.0937,27.8919,株洲市,株冶医院,,48,48,53,29,43,110,NA,118,118,11,20,5,5,1.2,1.1
2026-09-24T1900,1519A,113.1709,27.8661,株洲市,市四中,细颗粒物(PM2.5),68,57,57,44,43,101,NA,110,110,15,22,6,6,0.9,0.8
2026-09-24T1900,1520A,113.1515,27.8265,株洲市,火车站,细颗粒物(PM2.5),76,57,56,48,44,99,NA,109,109,19,23,10,10,1.2,1
2026-09-24T1900,1524A,113.1329,27.8491,株洲市,市监测站,细颗粒物(PM2.5),60,53,60,40,40,114,NA,115,115,18,29,9,9,0.7,0.8
2026-09-24T1900,1562A,113.0048,27.9153,湘潭市,昭山,颗粒物(PM10),53,53,57,33,40,99,NA,115,115,9,16,8,8,0.9,0.8
2026-09-24T1900,1585A,109.8761,40.6533,包头市,市环境监测站,,43,43,47,25,23,66,NA,100,96,55,44,9,9,0.8,0.8
2026-09-24T1900,1587A,109.9992,40.5843,包头市,包头八中,,42,38,52,29,27,96,NA,95,95,32,46,9,11,0.3,0.4
2026-09-24T1900,1589A,109.8641,40.6288,包头市,惠龙物流,,42,35,43,29,26,81,NA,97,95,40,43,9,9,0.7,0.7
2026-09-24T1900,1590A,110.0376,40.5546,包头市,东河鸿龙湾,,43,36,47,30,28,98,NA,100,100,24,37,5,9,0.6,0.7
2026-09-24T1900,1591A,110.0024,39.8127,鄂尔多斯市,综合楼,,46,46,50,28,21,106,NA,105,105,30,42,7,9,0.6,0.5
2026-09-24T1900,1592A,109.9485,39.8259,鄂尔多斯市,巴音孟克林场办事处,,41,41,46,16,20,100,NA,102,102,25,33,5,8,0.5,0.6
2026-09-24T1900,1593A,109.7734,39.5987,鄂尔多斯市,康泽苑,,32,22,51,15,18,102,NA,101,101,14,27,3,5,0.5,0.6
2026-09-24T1900,1594A,109.8121,39.5987,鄂尔多斯市,华泰汽车城,,34,34,55,20,19,85,NA,94,94,20,43,5,5,0.4,0.5
2026-09-24T1900,1595A,109.9734,39.7884,鄂尔多斯市,奥林花园,NA,NA,46,53,30,21,97,NA,98,98,25,41,9,9,NA,0.6
2026-09-24T1900,1597A,122.2704,40.7093,营口市,大庆路,颗粒物(PM10),61,65,47,28,20,62,NA,81,81,28,21,9,8,0.8,0.8
2026-09-24T1900,1598A,122.215,40.6511,营口市,镜湖西路,颗粒物(PM10),59,62,42,28,20,82,NA,90,90,26,22,4,4,0.4,0.5
2026-09-24T1900,1599A,122.1667,40.665,营口市,西炮台,颗粒物(PM10),72,80,50,32,18,69,NA,80,80,30,22,7,5,0.5,0.5
2026-09-24T1900,1600A,124.33,40.0625,丹东市,江湾东路,,50,50,54,33,38,23,NA,74,69,48,20,5,5,1.2,0.9
2026-09-24T1900,1601A,124.4242,40.1513,丹东市,临江后街,,36,36,47,16,28,34,NA,80,76,49,17,4,4,0.7,0.7
2026-09-24T1900,1602A,124.3935,40.1461,丹东市,元宝山,,29,29,43,12,27,80,NA,77,77,7,10,7,7,0.6,0.7
2026-09-24T1900,1603A,124.3634,40.1093,丹东市,民主桥,细颗粒物(PM2.5),58,56,44,39,31,18,NA,69,65,48,21,8,8,0.7,0.4
2026-09-24T1900,1604A,122.0303,41.1489,盘锦市,开发区,,40,40,25,9,8,66,NA,81,81,18,12,5,6,0.4,0.4
2026-09-24T1900,1605A,122.0486,41.0883,盘锦市,兴隆台,,38,38,28,11,10,70,NA,82,82,25,18,5,6,0.5,0.5
2026-09-24T1900,1606A,121.8297,41.1026,盘锦市,新生街道,,23,23,21,10,13,49,NA,73,72,17,15,8,8,0.4,0.4
2026-09-24T1900,1607A,120.904878,40.721091,葫芦岛市,龙港区,,40,40,36,13,14,81,NA,82,82,23,16,31,17,0.8,0.5
2026-09-24T1900,1608A,120.8382,40.7521,葫芦岛市,化工街,,36,36,41,18,14,65,NA,80,79,26,16,4,5,0.2,0.3
2026-09-24T1900,1609A,120.8339,40.7078,葫芦岛市,新区,,22,22,26,11,13,69,NA,80,80,23,16,8,9,0.3,0.4
2026-09-24T1900,1610A,120.8697,40.7679,葫芦岛市,东城区,,26,25,30,18,16,70,NA,84,83,24,15,6,9,0.4,0.6
2026-09-24T1900,1611A,118.5818,24.9116,泉州市,涂山街,,30,30,30,16,17,92,NA,130,125,10,9,4,4,0.5,0.5
2026-09-24T1900,1612A,118.597,24.8976,泉州市,津头埔,,35,35,34,18,18,86,NA,120,114,11,11,3,4,0.5,0.5
2026-09-24T1900,1613A,118.6669,24.9422,泉州市,万安,,29,29,33,16,17,90,NA,124,119,7,11,4,5,0.5,0.8
2026-09-24T1900,1618A,118.3429,35.0532,临沂市,沂河小区,,24,17,69,11,46,75,NA,87,87,11,26,6,8,0.5,0.6
2026-09-24T1900,1619A,118.2962,35.0568,临沂市,鲁南制药厂,,26,14,63,12,43,82,NA,97,95,10,24,7,10,0.6,0.8
2026-09-24T1900,1620A,118.2793,34.9976,临沂市,新光毛纺厂,,29,NA,65,20,52,78,NA,94,94,18,33,2,9,0.5,0.6
2026-09-24T1900,1621A,118.3955,35.0889,临沂市,河东保险公司,,23,14,70,10,46,72,NA,91,91,15,41,5,8,0.3,0.6
2026-09-24T1900,1622A,116.3034,37.4675,德州市,儿童乐园,颗粒物(PM10),108,139,94,44,44,169,NA,186,186,25,22,13,12,0.6,0.6
2026-09-24T1900,1624A,116.2992,37.4449,德州市,监理站,颗粒物(PM10),102,124,97,39,43,168,NA,183,183,24,22,10,12,0.7,0.6
2026-09-24T1900,1625A,115.9789,36.4372,聊城市,区政府,细颗粒物(PM2.5),86,94,90,53,48,164,NA,172,172,16,20,8,10,0.6,0.5
2026-09-24T1900,1629A,117.9961,37.3604,滨州市,第二水厂,颗粒物(PM10),68,75,114,23,67,123,NA,194,194,27,46,10,18,0.7,1
2026-09-24T1900,1630A,117.9789,37.3931,滨州市,北中新校,颗粒物(PM10),55,56,96,19,59,113,NA,202,202,43,48,10,16,0.9,1.1
2026-09-24T1900,1631A,118.0413,36.8101,淄博市,人民公园,颗粒物(PM10),60,63,95,17,50,94,NA,152,151,32,38,11,16,0.7,0.7
2026-09-24T1900,1633A,117.8524,36.4848,淄博市,双山,,41,39,67,17,43,129,NA,165,163,16,29,7,15,0.8,1
2026-09-24T1900,1634A,117.9595,36.6332,淄博市,气象站,,40,35,95,12,54,125,NA,176,176,17,36,7,14,0.6,1
2026-09-24T1900,1637A,117.5628,34.8379,枣庄市,市中区政府,,41,41,132,19,89,73,NA,87,87,19,33,4,17,0.2,0.5
2026-09-24T1900,1638A,117.2855,34.7838,枣庄市,薛城环保局,,39,39,113,10,74,75,NA,88,88,22,37,3,8,0.4,0.7
2026-09-24T1900,1639A,117.5854,34.7744,枣庄市,峄城区政府,颗粒物(PM10),51,51,161,15,107,78,NA,90,90,14,32,6,18,0.3,0.6
2026-09-24T1900,1641A,117.4516,35.0992,枣庄市,山亭区环保局,,30,29,69,21,46,77,NA,109,105,13,18,2,6,0.4,0.5
2026-09-24T1900,1642A,121.2517,37.564,烟台市,开发区,颗粒物(PM10),55,56,49,17,16,85,NA,110,110,30,29,6,6,0.7,0.7
2026-09-24T1900,1644A,121.3181,37.5436,烟台市,西郊化工站,,30,27,37,7,14,96,NA,122,122,16,20,4,6,0.6,0.6
2026-09-24T1900,1645A,121.4419,37.4858,烟台市,莱山环保局,,33,17,31,12,12,105,NA,107,107,12,17,2,3,0.4,0.4
2026-09-24T1900,1646A,121.2619,37.4965,烟台市,福山环保局,颗粒物(PM10),62,66,50,17,18,67,NA,116,116,36,27,4,3,0.5,0.5
2026-09-24T1900,1650A,119.1436,36.7022,潍坊市,环保局,颗粒物(PM10),65,70,63,42,31,91,NA,109,109,32,32,4,8,0.9,0.9
2026-09-24T1900,1653A,116.6229,35.4288,济宁市,火炬城,NA,NA,18,102,8,64,108,NA,126,126,NA,21,3,6,NA,0.6
2026-09-24T1900,1656A,117.1436,36.1938,泰安市,监测站,颗粒物(PM10),67,73,83,37,48,130,NA,169,169,20,30,6,9,0.5,0.6
2026-09-24T1900,1657A,117.0905,36.2002,泰安市,人口学校,颗粒物(PM10),72,80,80,30,40,122,NA,162,162,20,22,11,12,0.6,0.7
2026-09-24T1900,1658A,117.0992,36.1757,泰安市,电力学校,颗粒物(PM10),58,61,88,25,41,125,NA,165,165,19,44,6,8,0.3,0.5
2026-09-24T1900,1659A,119.4711,35.421,日照市,监测站,,29,5,26,2,21,91,NA,102,102,12,43,8,10,0.3,0.6
2026-09-24T1900,1660A,119.523,35.4216,日照市,市政府广场,,28,14,28,2,20,87,NA,102,102,19,32,7,8,0.5,0.7
2026-09-24T1900,1661A,119.5511,35.4113,日照市,港务局,,28,19,30,2,19,87,NA,106,105,21,24,8,8,0.6,0.8
2026-09-24T1900,1662A,122.121,37.4231,威海市,华夏技校,,27,7,13,5,8,85,NA,89,89,7,11,/,/,0.3,0.3
2026-09-24T1900,1663A,122.0508,37.5236,威海市,山大分校,,28,15,16,7,9,87,NA,112,111,16,15,/,/,/,/
2026-09-24T1900,1664A,122.1067,37.5067,威海市,市监测站,,22,22,22,7,8,67,NA,90,88,22,18,4,5,0.5,0.5
2026-09-24T1900,1666A,118.6612,37.4313,东营市,市环保局,,46,46,65,25,32,120,NA,149,149,16,21,3,11,0.9,1.2
2026-09-24T1900,1669A,113.5821,24.7733,韶关市,市八中,,42,42,44,29,33,91,NA,130,130,11,12,12,13,0.5,0.6
2026-09-24T1900,1671A,113.5916,24.7973,韶关市,园林处,,32,27,37,22,35,84,NA,130,130,18,13,12,15,/,/
2026-09-24T1900,1673A,113.5971,24.6864,韶关市,曲江监测站,,38,38,43,25,31,69,NA,109,105,21,18,14,12,0.8,0.8
2026-09-24T1900,1674A,116.6795,23.3666,汕头市,金平子站,,35,35,27,12,15,108,NA,126,125,7,8,4,5,0.6,0.6
2026-09-24T1900,1675A,116.7248,23.3632,汕头市,龙湖子站,,36,36,38,18,17,104,NA,122,121,6,3,5,6,/,/
2026-09-24T1900,1676A,116.7257,23.2774,汕头市,濠江子站,,33,31,32,14,15,104,NA,117,116,6,6,6,7,/,/
2026-09-24T1900,1677A,116.7518,23.4712,汕头市,澄海子站,NA,NA,NA,35,NA,16,104,NA,130,129,6,5,5,6,NA,0.6
2026-09-24T1900,1678A,116.6088,23.2539,汕头市,潮阳子站,,31,30,26,15,15,98,NA,125,123,5,5,7,7,0.4,0.5
2026-09-24T1900,1680A,110.3648,21.2697,湛江市,湛江影剧院,,30,30,28,16,15,91,NA,103,87,7,5,5,7,0.5,0.5
2026-09-24T1900,1681A,110.3907,21.2279,湛江市,市环境监测站,,28,23,24,12,14,89,NA,100,84,3,5,4,5,0.5,0.5
2026-09-24T1900,1682A,110.3936,21.1943,湛江市,环保局宿舍,,37,37,27,13,14,87,NA,101,87,6,7,7,7,/,/
2026-09-24T1900,1683A,110.4138,21.2033,湛江市,霞山游泳场,,27,21,23,11,13,86,NA,89,79,4,7,7,7,/,/
2026-09-24T1900,1685A,110.4512,21.239,湛江市,坡头区环保局,,31,26,24,16,15,99,NA,102,89,3,4,5,6,0.5,0.5
2026-09-24T1900,1686A,111.0285,21.469,茂名市,电白南海,,41,41,38,22,16,108,NA,97,97,10,8,4,4,0.7,0.8
2026-09-24T1900,1687A,110.9294,21.6533,茂名市,茂石化七小,,39,39,33,20,20,89,NA,92,91,7,8,2,6,0.6,0.6
2026-09-24T1900,1688A,110.9108,21.6688,茂名市,健康路,NA,NA,34,25,16,18,104,NA,105,104,10,8,NA,10,0.5,0.4
2026-09-24T1900,1689A,110.8592,21.6826,茂名市,高岭,,46,46,39,22,20,95,NA,100,99,13,10,6,12,/,/
2026-09-24T1900,1690A,116.1248,24.3307,梅州市,梅江月梅,,49,43,31,34,24,80,NA,104,104,9,10,/,/,/,/
2026-09-24T1900,1691A,116.0798,24.2719,梅州市,梅县新城,,43,41,34,30,22,73,NA,107,106,23,13,10,9,0.7,0.6
2026-09-24T1900,1693A,115.3653,22.7751,汕尾市,市环保局,,39,38,30,16,16,123,NA,122,122,14,12,12,12,0.5,0.4
2026-09-24T1900,1695A,115.362,22.7926,汕尾市,新城中学,,39,33,32,17,16,123,NA,122,122,10,10,8,8,0.8,0.8
2026-09-24T1900,1697A,114.6962,23.7538,河源市,东埔,,26,24,38,18,26,72,NA,110,103,8,10,5,6,0.8,0.8
2026-09-24T1900,1698A,114.6895,23.7232,河源市,老城,,35,35,42,24,26,76,NA,107,101,6,11,6,7,0.7,0.7
2026-09-24T1900,1701A,111.9491,21.8658,阳江市,马南垌,,38,31,30,18,19,121,NA,114,114,6,6,7,7,0.7,0.6
2026-09-24T1900,1703A,113.0218,23.7086,清远市,凤城街办,臭氧1小时(O3_1h),64,41,50,30,36,171,NA,150,150,12,14,/,/,/,/
2026-09-24T1900,1708A,116.3701,23.5345,揭阳市,新兴,,33,33,42,18,19,94,NA,132,128,15,12,9,10,0.9,0.8
2026-09-24T1900,1709A,116.3261,23.5442,揭阳市,西马,,46,46,43,22,20,102,NA,136,135,8,8,6,7,0.7,0.7
2026-09-24T1900,1710A,116.361,23.5627,揭阳市,东兴,,38,38,38,18,20,96,NA,131,129,13,11,7,10,/,/
2026-09-24T1900,1711A,116.4151,23.5295,揭阳市,渔湖,,47,47,40,17,19,88,NA,127,124,10,11,6,8,/,/
2026-09-24T1900,1714A,112.0281,22.9738,云浮市,牧羊,NA,NA,NA,44,24,28,124,NA,142,142,NA,15,7,26,0.7,0.8
2026-09-24T1900,1715A,102.575,24.371,玉溪市,东风水库,,28,26,17,13,11,89,NA,91,91,8,10,5,4,0.5,0.5
2026-09-24T1900,1723A,113.2926,40.0759,大同市,云冈宾馆,,35,33,46,23,16,111,NA,128,128,23,36,14,9,0.5,0.5
2026-09-24T1900,1724A,113.3437,40.0921,大同市,大同大学,,36,26,33,17,14,114,NA,129,129,18,23,9,8,0.7,0.7
2026-09-24T1900,1725A,113.2637,40.129,大同市,安家小村,,40,40,38,15,15,104,NA,129,128,22,22,11,9,0.5,0.5
2026-09-24T1900,1727A,113.1146,36.1547,长治市,清华站,细颗粒物(PM2.5),92,59,55,56,45,144,NA,155,155,12,9,10,10,0.8,0.8
2026-09-24T1900,1730A,113.0887,36.2126,长治市,审计局,细颗粒物(PM2.5),92,59,59,56,53,157,NA,152,152,13,12,12,12,0.7,0.7
2026-09-24T1900,1731A,113.0845,36.1856,长治市,长治八中,细颗粒物(PM2.5),84,74,65,52,49,149,NA,154,154,13,11,12,12,0.9,0.9
2026-09-24T1900,1733A,111.5552,36.0791,临汾市,临钢医院,细颗粒物(PM2.5),80,76,75,50,39,118,NA,154,154,22,21,6,7,0.8,0.7
2026-09-24T1900,1734A,111.4984,36.0734,临汾市,技工学校,颗粒物(PM10),73,81,80,46,47,118,NA,147,147,18,20,6,7,0.8,0.8
2026-09-24T1900,1736A,111.5017,36.0857,临汾市,市委,颗粒物(PM10),80,91,82,43,41,118,NA,152,152,18,19,5,6,0.8,0.8
2026-09-24T1900,1739A,113.4894,37.8717,阳泉市,赛鱼,,46,39,55,32,30,93,NA,94,94,20,42,8,12,0.9,0.8
2026-09-24T1900,1740A,113.582,37.8473,阳泉市,南庄,细颗粒物(PM2.5),54,43,43,37,31,100,NA,102,102,16,24,6,11,1.0,0.9
2026-09-24T1900,1742A,113.5616,37.8706,阳泉市,平坦,"颗粒物(PM10),细颗粒物(PM2.5)",76,86,49,48,33,102,NA,103,103,20,33,12,18,1.1,1
2026-09-24T1900,1743A,113.5115,37.8391,阳泉市,大阳泉,,46,43,30,32,25,78,NA,100,86,13,16,4,10,0.9,0.8
2026-09-24T1900,1744A,118.9229,42.2816,赤峰市,松山一中,,33,33,27,12,11,72,NA,83,83,20,19,10,12,0.5,0.5
2026-09-24T1900,1745A,118.9588,42.2733,赤峰市,哈达街,,28,25,23,17,12,87,NA,93,93,14,13,11,13,0.7,0.7
2026-09-24T1900,1746A,118.8792,42.2551,赤峰市,天义路,,25,24,22,10,10,78,NA,87,87,17,21,5,6,0.7,0.7
2026-09-24T1900,1748A,123.0441,41.1201,鞍山市,深沟寺,颗粒物(PM10),54,55,53,23,22,62,NA,84,84,28,20,7,9,0.5,0.6
2026-09-24T1900,1749A,123.011,41.0931,鞍山市,太阳城,颗粒物(PM10),55,56,55,21,25,76,NA,89,89,23,20,10,11,0.6,0.8
2026-09-24T1900,1750A,123.0483,41.1445,鞍山市,太平,颗粒物(PM10),104,130,62,32,23,51,NA,77,77,41,23,10,11,1.0,0.9
2026-09-24T1900,1751A,122.964,41.0968,鞍山市,铁西三道街,颗粒物(PM10),96,114,65,46,29,41,NA,78,78,61,33,29,16,3.8,2
2026-09-24T1900,1753A,123.0219,41.0822,鞍山市,明达新区,颗粒物(PM10),52,52,47,28,24,63,NA,83,83,29,18,10,12,0.8,0.9
2026-09-24T1900,1755A,123.7974,41.8494,抚顺市,望花区,,31,31,33,12,14,60,NA,76,74,21,17,7,9,0.5,0.6
2026-09-24T1900,1756A,123.9161,41.8827,抚顺市,顺城区,,36,36,28,20,13,24,NA,73,67,47,17,11,11,0.7,0.6
2026-09-24T1900,1757A,124.0437,41.8615,抚顺市,东洲区,,26,25,31,18,14,58,NA,85,82,16,11,9,9,0.6,0.6
2026-09-24T1900,1758A,123.9246,41.8638,抚顺市,新抚区,,19,19,34,13,15,31,NA,73,69,36,16,7,9,0.4,0.4
2026-09-24T1900,1759A,124.0972,41.8961,抚顺市,大伙房水库,,23,11,24,10,13,72,NA,85,85,13,15,12,13,0.4,0.5
2026-09-24T1900,1760A,123.708,41.8386,抚顺市,沈抚新城,,27,27,29,9,10,54,NA,83,80,21,15,9,10,0.5,0.5
2026-09-24T1900,1761A,123.8274146,41.31234549,本溪市,大峪,,20,20,38,10,19,55,NA,77,76,16,21,7,7,0.6,0.8
2026-09-24T1900,1763A,123.7169,41.3094,本溪市,彩屯,,45,45,60,16,19,41,NA,70,66,33,26,8,9,0.8,0.9
2026-09-24T1900,1764A,123.7672166,41.28649327,本溪市,东明,,30,30,43,20,20,43,NA,81,78,38,34,6,8,0.7,0.9
2026-09-24T1900,1765A,123.799345,41.266614,本溪市,新立屯,,28,28,39,12,20,12,NA,76,66,51,35,8,9,0.6,0.8
2026-09-24T1900,1766A,123.829144,41.336777,本溪市,威宁,,44,44,48,16,21,28,NA,74,71,41,30,6,5,0.4,0.6
2026-09-24T1900,1767A,121.1114,41.0879,锦州市,南山,,31,31,27,12,8,78,NA,82,82,20,18,8,8,0.3,0.3
2026-09-24T1900,1768A,121.060361,40.842794,锦州市,开发区,,29,29,36,14,10,83,NA,90,90,19,19,7,8,0.4,0.5
2026-09-24T1900,1769A,121.1836,41.1118,锦州市,百股街道,,29,24,29,11,10,90,NA,91,91,14,15,10,12,0.3,0.5
2026-09-24T1900,1770A,121.1176,41.1224,锦州市,天安街道,,34,34,28,12,8,66,NA,75,75,26,18,8,9,0.2,0.3
2026-09-24T1900,1771A,121.1303,41.1385,锦州市,北湖公园,,43,43,30,17,11,68,NA,80,80,18,10,12,5,0.2,0.2
2026-09-24T1900,1772A,126.54,43.8622,吉林市,哈达湾,,21,16,28,7,17,66,NA,82,82,17,12,4,5,0.2,0.4
2026-09-24T1900,1773A,126.5843,43.8358,吉林市,东局子,,25,20,18,12,13,31,NA,76,72,50,17,7,5,0.5,0.4
2026-09-24T1900,1774A,126.5051,43.8243,吉林市,电力学院,,26,20,44,18,31,54,NA,73,72,19,12,7,11,0.5,0.7
2026-09-24T1900,1775A,126.6133,43.8971,吉林市,江北,,19,19,29,12,14,54,NA,73,73,13,9,8,7,0.4,0.4
2026-09-24T1900,1776A,126.5549,43.8304,吉林市,江南公园,,18,17,24,9,15,56,NA,76,75,20,11,4,5,0.1,0.1
2026-09-24T1900,1779A,123.9307,47.3641,齐齐哈尔市,安居小区,颗粒物(PM10),52,52,29,7,6,39,NA,65,64,35,13,4,3,0.5,0.3
2026-09-24T1900,1780A,123.9497,47.3389,齐齐哈尔市,中心广场,NA,NA,NA,13,31,6,40,NA,64,63,37,14,6,3,0.4,0.1
2026-09-24T1900,1781A,123.9483,47.3229,齐齐哈尔市,农牧车辆厂,,34,34,30,7,5,55,NA,67,67,19,10,7,5,0.6,0.6
2026-09-24T1900,1783A,123.9442,47.2994,齐齐哈尔市,市环境监测站,,40,40,21,4,5,42,NA,66,65,27,12,5,4,0.3,0.2
2026-09-24T1900,1784A,129.61,44.561,牡丹江市,环保大楼,,30,30,19,8,7,34,NA,63,59,27,9,5,6,0.3,0.2
2026-09-24T1900,1787A,129.6364,44.6075,牡丹江市,机车工厂,,43,43,36,10,7,23,NA,65,60,22,8,5,5,0.2,0.1
2026-09-24T1900,1788A,129.6386,44.5462,牡丹江市,第一中学,,46,46,22,9,6,28,NA,67,58,17,9,3,3,0.4,0.4
2026-09-24T1900,1789A,124.8085,46.0381,大庆市,大同区,颗粒物(PM10),60,64,23,16,5,40,NA,81,74,45,14,5,4,0.5,0.3
2026-09-24T1900,1790A,125.1166,46.5255,大庆市,龙凤区,颗粒物(PM10),61,65,33,24,13,18,NA,73,65,59,26,9,4,0.6,0.4
2026-09-24T1900,1791A,124.8894,46.4007,大庆市,红岗区,,31,31,28,12,8,46,NA,70,66,21,16,6,6,0.3,0.3
2026-09-24T1900,1792A,125.1391,46.578,大庆市,萨尔图区,颗粒物(PM10),90,105,37,31,9,7,NA,64,55,70,26,8,8,1.2,0.7
2026-09-24T1900,1793A,124.9026,46.6217,大庆市,让胡路区,,40,40,27,12,9,9,NA,68,60,64,16,4,4,0.5,0.2
2026-09-24T1900,1794A,118.3603,31.3515,芜湖市,监测站,颗粒物(PM10),56,58,45,26,37,118,NA,122,122,17,21,7,8,0.8,0.9
2026-09-24T1900,1795A,118.3716,31.4135,芜湖市,科创中心,颗粒物(PM10),53,54,50,24,32,102,NA,120,120,24,22,7,7,0.8,0.8
2026-09-24T1900,1796A,118.3671,31.3132,芜湖市,四水厂,颗粒物(PM10),54,55,44,23,29,126,NA,128,128,16,17,8,8,0.7,0.7
2026-09-24T1900,1798A,118.5084,31.6838,马鞍山市,湖东路四小,,41,41,45,19,27,89,NA,110,110,17,17,8,9,0.7,0.7
2026-09-24T1900,1799A,118.5019,31.6449,马鞍山市,开发区,颗粒物(PM10),58,60,55,15,30,98,NA,118,118,19,21,8,8,0.5,0.9
2026-09-24T1900,1803A,115.9873,29.6816,九江市,十里,颗粒物(PM10),51,51,48,32,31,142,NA,165,165,16,26,13,4,1.2,1.2
2026-09-24T1900,1804A,115.9583,29.7047,九江市,茅山头,颗粒物(PM10),52,52,38,34,33,123,NA,157,157,16,20,3,3,0.9,0.9
2026-09-24T1900,1805A,115.9877,29.7295,九江市,西园,颗粒物(PM10),55,56,48,32,36,118,NA,165,162,16,30,7,7,1.0,1
2026-09-24T1900,1808A,115.9112,29.6038,九江市,综合工业园,颗粒物(PM10),56,58,42,34,33,132,NA,154,154,21,38,15,9,1.3,1.1
2026-09-24T1900,1812A,112.3934,34.6517,洛阳市,市委党校,细颗粒物(PM2.5),56,50,66,38,47,82,NA,124,113,16,20,9,10,0.7,0.7
2026-09-24T1900,1815A,112.494,34.6883,洛阳市,河南林校,细颗粒物(PM2.5),56,47,71,38,52,74,NA,116,107,18,28,8,10,0.6,0.6
2026-09-24T1900,1816A,112.3843,34.623,洛阳市,开发区管委会,细颗粒物(PM2.5),56,44,53,38,42,75,NA,117,104,13,12,7,8,0.6,0.6
2026-09-24T1900,1817A,112.4263,34.6249,洛阳市,市委新办公区,细颗粒物(PM2.5),56,40,60,38,43,79,NA,113,104,16,19,12,13,0.7,0.7
2026-09-24T1900,1819A,114.3552,36.1017,安阳市,红庙街,颗粒物(PM10),68,74,102,37,69,140,NA,164,164,14,23,2,4,0.6,0.7
2026-09-24T1900,1820A,114.361,36.0681,安阳市,银杏小区,颗粒物(PM10),64,69,104,39,64,138,NA,162,162,17,27,6,7,1.0,1.1
2026-09-24T1900,1824A,114.3389,34.778,开封市,肿瘤医院,,36,33,89,25,57,100,NA,109,109,14,21,4,5,0.7,0.8
2026-09-24T1900,1826A,114.2884,34.7966,开封市,世纪星幼儿园,,38,38,78,24,56,103,NA,109,109,12,20,1,3,0.6,0.7
2026-09-24T1900,1832A,113.3257,33.7423,平顶山市,新华旅馆,,42,NA,56,29,39,84,NA,94,89,17,23,8,8,0.7,0.7
2026-09-24T1900,1833A,113.2917,33.737,平顶山市,规划设计院,,36,NA,45,25,35,87,NA,93,90,17,20,8,8,0.8,0.8
2026-09-24T1900,1834A,113.182,33.7738,平顶山市,平顶山工学院,,30,NA,52,21,38,83,NA,98,94,10,13,9,9,0.6,0.7
2026-09-24T1900,1835A,111.1922,34.7752,三门峡市,市政府,,40,34,48,28,35,109,NA,125,125,12,15,6,8,0.6,0.7
2026-09-24T1900,1836A,111.1588,34.794,三门峡市,开发区,,45,45,56,23,36,112,NA,124,124,15,15,6,8,0.6,0.6
2026-09-24T1900,1840A,111.2991,30.6981,宜昌市,白龙岗,细颗粒物(PM2.5),66,66,42,43,30,54,NA,61,61,17,14,6,5,0.7,0.6
2026-09-24T1900,1842A,111.263451,30.696754,宜昌市,点军区,,46,46,43,28,27,45,NA,62,62,15,14,6,6,0.6,0.5
2026-09-24T1900,1843A,111.3276,30.782,宜昌市,夷陵区,细颗粒物(PM2.5),56,50,37,38,26,50,NA,69,69,16,12,6,6,0.7,0.6
2026-09-24T1900,1844A,112.2493,30.3198,荆州市,市图书馆,细颗粒物(PM2.5),56,47,56,38,46,81,NA,96,95,18,23,7,7,1.0,1
2026-09-24T1900,1845A,112.2009,30.3543,荆州市,市委党校,细颗粒物(PM2.5),52,49,60,36,42,80,NA,87,87,13,18,5,6,1.0,1
2026-09-24T1900,1848A,113.1494,29.425,岳阳市,城陵矶,,42,42,58,22,26,92,NA,108,108,19,30,4,4,1.0,1.1
2026-09-24T1900,1849A,113.1493,29.3575,岳阳市,开发区,,49,43,54,34,37,135,NA,132,132,11,26,6,7,0.8,0.8
2026-09-24T1900,1850A,113.2672,29.4752,岳阳市,云溪区,,44,44,44,21,28,94,NA,106,106,27,13,5,5,0.8,0.9
2026-09-24T1900,1851A,112.9944,29.44,岳阳市,君山区,,49,44,52,34,34,95,NA,129,127,24,19,5,5,0.9,0.8
2026-09-24T1900,1854A,111.696,28.9725,常德市,市二中,,36,28,33,25,30,78,NA,112,111,26,13,9,10,1.0,1
2026-09-24T1900,1858A,110.532,29.1219,张家界市,永定新区,,44,44,47,24,31,43,NA,72,71,10,11,/,/,/,/
2026-09-24T1900,1859A,110.4696,29.1244,张家界市,电业局,,35,33,33,24,27,42,NA,76,74,23,11,1,2,0.9,0.7
2026-09-24T1900,1860A,110.5573,29.3486,张家界市,未央路,,28,23,18,19,21,20,NA,63,60,10,7,7,6,0.4,0.4
2026-09-24T1900,1864A,110.3091,25.2705,桂林市,龙隐路小学,,39,31,38,27,31,95,NA,101,101,13,13,4,5,0.8,0.9
2026-09-24T1900,1865A,110.2849361,25.22909545,桂林市,八中,,33,33,40,11,16,103,NA,103,103,8,11,4,6,0.6,0.8
2026-09-24T1900,1867A,109.1435,21.4085,北海市,海滩公园,,31,31,28,20,17,77,NA,121,116,5,5,3,5,0.5,0.6
2026-09-24T1900,1868A,109.0983,21.466,北海市,新市环保局,,32,32,29,21,19,79,NA,113,111,8,8,6,8,0.5,0.6
2026-09-24T1900,1869A,109.1775,21.5232,北海市,北海工业园,,31,31,34,18,20,76,NA,116,112,3,10,2,9,0.5,0.7
2026-09-24T1900,1870A,109.4854,24.3898,柳州市,柳东小学,,38,38,45,17,19,103,NA,113,113,9,12,5,5,0.7,0.7
2026-09-24T1900,1871A,109.4109,24.3304,柳州市,环保监测站,NA,NA,NA,37,NA,26,107,NA,111,111,11,16,6,8,0.7,0.9
2026-09-24T1900,1872A,109.3886,24.3408,柳州市,河西水厂,,48,48,48,30,29,107,NA,110,110,11,21,11,16,0.8,0.9
2026-09-24T1900,1873A,109.4263,24.2951,柳州市,市四中,,38,36,40,26,24,114,NA,112,112,2,9,6,7,0.6,0.7
2026-09-24T1900,1874A,109.396,24.3658,柳州市,市九中,,47,47,38,20,25,111,NA,116,116,11,14,6,8,0.6,0.6
2026-09-24T1900,1875A,109.4912,24.3164,柳州市,古亭山,,42,42,35,20,23,79,NA,88,88,16,21,4,5,0.8,0.8
2026-09-24T1900,1877A,109.4962,18.2682,三亚市,河西子站,,22,22,18,10,9,61,NA,62,61,5,3,4,4,0.4,0.4
2026-09-24T1900,1878A,104.7775,31.4741,绵阳市,富乐山,,9,8,16,1,4,25,NA,51,49,8,10,10,10,0.9,0.8
2026-09-24T1900,1880A,104.6698,31.4668,绵阳市,高新区自来水公司,,17,17,16,6,9,43,NA,56,55,18,12,9,9,1.0,1
2026-09-24T1900,1883A,104.6204,28.7728,宜宾市,市委,,32,32,34,21,19,50,NA,66,66,18,18,8,8,0.9,0.9
2026-09-24T1900,1884A,104.6056,28.7931,宜宾市,宜宾四中,,34,34,33,19,20,59,NA,70,70,14,15,7,7,0.9,0.9
2026-09-24T1900,1886A,104.5743,28.7199,宜宾市,黄金嘴,,48,37,30,33,20,55,NA,72,72,12,15,4,3,0.7,0.7
2026-09-24T1900,1888A,101.6891,26.571,攀枝花市,弄弄坪,,31,31,44,8,18,71,NA,77,77,13,18,4,12,0.5,0.7
2026-09-24T1900,1889A,101.577,26.5914,攀枝花市,河门口,,30,30,30,17,20,78,NA,79,79,7,12,6,15,0.5,0.8
2026-09-24T1900,1891A,101.7365,26.4986,攀枝花市,仁和,,30,28,22,21,14,56,NA,64,64,15,10,6,6,0.7,0.7
2026-09-24T1900,1894A,105.4427,28.9063,泸州市,小市上码头,,32,32,33,22,21,82,NA,86,86,12,14,6,7,0.7,0.7
2026-09-24T1900,1895A,105.4241,28.8573,泸州市,兰田宪桥,,37,37,38,20,19,64,NA,82,82,29,18,6,7,0.7,0.7
2026-09-24T1900,1896A,105.4378,28.8833,泸州市,市环监站,,28,25,23,19,16,74,NA,77,77,16,15,5,6,1.0,1
2026-09-24T1900,1901A,104.424,31.1209,德阳市,东山公园,,15,6,13,5,14,46,NA,48,48,17,12,7,7,1.0,1
2026-09-24T1900,1902A,104.3827,31.1318,德阳市,西小区,,22,22,34,8,18,50,NA,48,48,17,16,11,12,0.8,0.8
2026-09-24T1900,1904A,104.3553,31.1091,德阳市,耐火材料厂,,27,27,34,8,21,54,NA,46,46,10,13,2,3,0.8,0.8
2026-09-24T1900,1906A,106.0791,30.8022,南充市,南充市委,,18,18,18,10,12,44,NA,45,45,16,15,6,6,0.5,0.5
2026-09-24T1900,1907A,106.1038,30.8215,南充市,南充炼油厂,,37,37,19,10,9,40,NA,48,48,20,10,6,6,0.5,0.4
2026-09-24T1900,1911A,106.9218,27.6872,遵义市,丁字口,,42,31,26,29,25,92,NA,108,108,21,12,8,7,0.9,0.9
2026-09-24T1900,1912A,106.9241,27.7044,遵义市,凤凰山,,37,34,30,12,31,116,NA,119,119,6,4,8,8,0.6,0.8
2026-09-24T1900,1913A,106.8895,27.648,遵义市,忠庄,,46,41,36,32,26,109,NA,113,113,10,7,7,6,0.6,0.7
2026-09-24T1900,1915A,106.9225,27.7253,遵义市,干田坝,,46,46,36,26,26,114,NA,121,121,10,7,8,7,0.7,0.7
2026-09-24T1900,1916A,103.7897,25.5036,曲靖市,环境监测站,,32,32,25,18,15,98,NA,96,96,9,9,4,4,0.3,0.4
2026-09-24T1900,1917A,103.8013,25.5357,曲靖市,烟厂办公区,,31,20,28,14,14,99,NA,96,96,7,10,1,3,0.4,0.5
2026-09-24T1900,1919A,108.6726,34.315,咸阳市,实验中学,颗粒物(PM10),53,53,78,35,53,58,NA,80,80,21,20,5,6,0.8,0.8
2026-09-24T1900,1920A,108.7226,34.3622,咸阳市,师范学院,,49,46,64,34,56,55,NA,82,80,16,17,6,7,0.6,0.6
2026-09-24T1900,1923A,109.0696,35.0699,铜川市,王益区政府,细颗粒物(PM2.5),60,47,43,40,34,66,NA,103,98,23,13,5,4,1.0,1
2026-09-24T1900,1924A,108.9345,34.9059,铜川市,新区管委会,,46,NA,53,32,39,75,NA,101,98,23,21,3,6,1.1,1.1
2026-09-24T1900,1927A,109.4569,36.6161,延安市,延大医附院,颗粒物(PM10),66,72,34,29,21,49,NA,87,87,36,18,4,4,1.0,0.8
2026-09-24T1900,1929A,109.5053,36.6105,延安市,百米大道,颗粒物(PM10),54,55,40,28,23,64,NA,94,94,32,22,3,4,0.8,0.6
2026-09-24T1900,1931A,107.0802,34.3129,宝鸡市,竹园沟,,18,17,21,12,17,49,NA,58,57,7,11,5,5,0.5,0.5
2026-09-24T1900,1933A,107.1429,34.3549,宝鸡市,监测站,,26,26,27,14,19,34,NA,52,46,24,15,2,2,0.7,0.6
2026-09-24T1900,1934A,107.1172,34.3759,宝鸡市,技工学校,,19,18,23,13,19,47,NA,63,57,12,9,6,6,0.8,0.8
2026-09-24T1900,1936A,107.2025,34.3518,宝鸡市,文理学院,NA,NA,27,26,NA,20,44,NA,62,56,17,13,5,5,0.7,0.6
2026-09-24T1900,1937A,107.2396,34.3626,宝鸡市,三迪小学,,22,22,25,15,19,40,NA,64,57,24,16,4,4,0.7,0.6
2026-09-24T1900,1940A,109.4605,34.4927,渭南市,体育馆,颗粒物(PM10),67,73,64,40,44,51,NA,104,98,41,31,5,5,0.4,0.7
2026-09-24T1900,1941A,109.4257,34.5067,渭南市,高新一小,细颗粒物(PM2.5),88,68,71,54,55,69,NA,102,101,19,22,4,4,0.6,0.6
2026-09-24T1900,1944A,102.1691,38.5166,金昌市,天庆家园,颗粒物(PM10),51,51,50,22,18,102,NA,113,113,11,20,63,15,0.2,0.4
2026-09-24T1900,1945A,98.291,39.7705,嘉峪关市,气象局,颗粒物(PM10),62,66,58,22,21,117,NA,123,123,10,19,6,5,0.4,0.4
2026-09-24T1900,1948A,106.3668,39.0145,石嘴山市,大武口朝阳西街,NA,NA,40,48,12,21,105,NA,123,123,NA,27,4,12,0.6,0.7
2026-09-24T1900,1949A,106.7713,39.2278,石嘴山市,惠农南大街,颗粒物(PM10),104,128,71,21,25,105,NA,120,120,27,30,12,24,0.6,0.8
2026-09-24T1900,1950A,106.7074,39.1332,石嘴山市,红果子镇惠新街,NA,NA,64,53,21,21,72,NA,103,103,54,37,NA,10,0.5,0.7
2026-09-24T1900,1951A,84.886,45.6029,克拉玛依市,长征新村,,25,18,20,9,9,77,NA,81,81,17,11,2,3,0.4,0.4
2026-09-24T1900,1952A,84.8894,45.5827,克拉玛依市,南林小区,,26,26,28,1,4,83,NA,83,83,9,17,5,5,0.1,0.3
2026-09-24T1900,1954A,84.896,44.3328,克拉玛依市,独山子区,,45,45,45,9,12,99,NA,86,86,4,16,5,5,0.3,0.4
2026-09-24T1900,1955A,85.6888,46.0909,克拉玛依市,乌尔禾区商贸楼,,28,23,32,19,14,78,NA,77,77,11,20,7,7,0.3,0.3
2026-09-24T1900,1956A,86.1476,41.7529,巴音郭楞蒙古自治州,孔雀公园,,32,32,51,5,10,96,NA,99,99,12,25,4,4,0.3,0.3
2026-09-24T1900,1957A,86.1971,41.7166,巴音郭楞蒙古自治州,棉纺厂,,32,32,63,14,14,101,NA,98,98,6,27,/,/,/,/
2026-09-24T1900,1958A,86.236,41.7172,巴音郭楞蒙古自治州,经济开发区,,32,26,38,7,8,100,NA,100,100,4,9,3,3,0.2,0.2
2026-09-24T1900,1961A,117.5323,36.6865,济南市,东山小学,颗粒物(PM10),83,95,79,43,39,150,NA,184,184,30,32,12,11,0.7,0.6
2026-09-24T1900,1982A,122.0693,37.2175,威海市,文登开发区,,23,23,19,5,13,72,NA,84,83,15,14,/,/,/,/
2026-09-24T1900,2031A,113.1836,27.9959,株洲市,云田中学,,49,43,51,34,39,103,NA,117,117,8,22,10,10,0.6,0.6
2026-09-24T1900,2054A,114.1096,32.1059,信阳市,平桥分局,,50,46,38,35,32,79,NA,81,81,13,14,8,7,0.8,0.7
2026-09-24T1900,2064A,113.9956,32.1272,信阳市,南湾水厂,,42,NA,35,29,28,56,NA,70,70,8,7,6,6,0.8,0.7
2026-09-24T1900,2065A,114.078,32.1194,信阳市,市酿酒公司,,47,47,49,32,32,72,NA,77,77,15,11,6,6,0.9,0.8
2026-09-24T1900,2066A,114.0712,32.1393,信阳市,审计局,,48,48,48,29,34,76,NA,81,81,12,14,6,6,0.7,0.7
2026-09-24T1900,2068A,114.6755,33.6347,周口市,周口师范,,42,29,53,29,37,69,NA,91,87,9,14,2,2,0.7,0.7
2026-09-24T1900,2160A,112.8496,35.5051,晋城市,自来水公司,颗粒物(PM10),76,86,80,47,42,135,NA,163,162,15,16,5,7,0.8,0.8
2026-09-24T1900,2162A,112.8509,35.4886,晋城市,市环保局,细颗粒物(PM2.5),96,68,76,58,54,123,NA,150,149,13,18,5,6,0.7,0.7
2026-09-24T1900,2166A,112.4399,39.3521,朔州市,平朔,,28,22,39,9,14,89,NA,103,103,12,16,6,7,0.3,0.3
2026-09-24T1900,2167A,112.4574,39.362,朔州市,朔唯,,31,24,43,16,16,97,NA,114,113,11,15,7,8,/,/
2026-09-24T1900,2168A,112.426,39.3199,朔州市,区政府,,27,18,34,15,16,85,NA,97,97,14,17,4,4,0.4,0.4
2026-09-24T1900,2169A,112.4075,39.3277,朔州市,市环保局,,30,23,36,14,17,94,NA,104,104,10,16,4,5,/,/
2026-09-24T1900,2170A,112.4273,39.3682,朔州市,市二中,,30,9,38,8,12,93,NA,105,105,17,23,4,5,/,/
2026-09-24T1900,2174A,112.6992,37.6984,晋中市,榆次区政府,,40,34,33,28,23,106,NA,112,112,8,12,9,10,0.3,0.2
2026-09-24T1900,2175A,110.996,35.0148,运城市,运城中学,,45,45,43,28,27,140,NA,135,135,7,8,5,6,0.6,0.6
2026-09-24T1900,2178A,110.9685,35.0305,运城市,地区技校,,42,40,46,26,30,132,NA,132,132,7,7,4,5,0.6,0.6
2026-09-24T1900,2181A,112.7313,38.457,忻州市,开发区,,34,34,36,18,22,88,NA,101,101,24,22,6,6,0.8,0.7
2026-09-24T1900,2182A,112.7023,38.4932,忻州市,会展中心,,38,38,38,15,22,67,NA,108,104,32,21,5,5,0.5,0.5
2026-09-24T1900,2183A,111.1447,37.5212,吕梁市,环保局,颗粒物(PM10),51,51,45,28,22,91,NA,95,95,37,35,4,4,0.9,0.7
2026-09-24T1900,2185A,111.1285,37.5338,吕梁市,自来水公司,,43,36,42,30,24,112,NA,104,104,22,25,4,4,0.8,0.7
2026-09-24T1900,2187A,106.8172,39.6972,乌海市,市林业局,,37,37,49,18,20,108,NA,119,119,14,16,4,8,0.6,0.6
2026-09-24T1900,2188A,106.7907,39.6666,乌海市,中海勃湾学校,,39,35,39,22,16,123,NA,129,129,15,19,12,13,0.5,0.5
2026-09-24T1900,2191A,122.253,43.6801,通辽市,艺术职业学校,,42,42,28,14,9,57,NA,79,77,24,7,8,8,0.4,0.4
2026-09-24T1900,2195A,107.4206,40.7609,巴彦淖尔市,附二中,颗粒物(PM10),65,71,67,24,27,109,NA,118,118,16,16,9,12,0.6,0.6
2026-09-24T1900,2196A,107.37,40.7372,巴彦淖尔市,市环保大楼,,49,49,70,23,24,96,NA,115,115,16,15,14,16,0.6,0.7
2026-09-24T1900,2197A,113.1306,40.9924,乌兰察布市,集宁新区,,35,32,29,18,12,110,NA,135,132,20,22,35,6,0.4,0.3
2026-09-24T1900,2202A,116.1048,43.9318,锡林郭勒盟,市环保监测站,,34,30,20,12,5,107,NA,111,111,14,7,3,4,0.4,0.3
2026-09-24T1900,2203A,116.0778,43.9312,锡林郭勒盟,市政府,,30,24,17,13,5,96,NA,99,99,14,7,2,3,0.3,0.2
2026-09-24T1900,2205A,105.699,38.8409,阿拉善盟,蒙二幼,,35,16,34,8,9,112,NA,118,118,8,5,8,8,0.5,0.5
2026-09-24T1900,2206A,105.7198,38.8508,阿拉善盟,环保局新楼,,34,14,27,4,8,107,NA,112,112,7,5,8,9,0.6,0.6
2026-09-24T1900,2207A,121.6095,41.9978,阜新市,工业园区,,25,25,24,4,1,71,NA,80,80,18,11,6,7,0.4,0.3
2026-09-24T1900,2208A,121.6567,42.0188,阜新市,长青街,,20,20,19,5,2,61,NA,76,76,20,14,6,8,0.3,0.3
2026-09-24T1900,2209A,121.6672,42.07,阜新市,农业园区,,35,35,18,8,1,65,NA,78,78,12,8,7,5,0.4,0.4
2026-09-24T1900,2211A,121.6343,42.0455,阜新市,玉龙新城,,41,41,21,16,1,30,NA,80,75,55,15,10,8,0.2,0.1
2026-09-24T1900,2212A,123.1978,41.2036,辽阳市,宏伟区,颗粒物(PM10),52,52,45,12,17,62,NA,89,89,23,15,16,12,0.5,0.5
2026-09-24T1900,2213A,123.1684,41.2497,辽阳市,新华园,,50,50,46,24,21,55,NA,82,82,36,23,18,16,0.8,0.7
2026-09-24T1900,2214A,123.2355,41.2663,辽阳市,滨河路,颗粒物(PM10),58,61,45,23,20,48,NA,85,82,34,23,14,11,0.5,0.5
2026-09-24T1900,2217A,123.865,42.292,铁岭市,水上乐园,,34,20,23,8,7,17,NA,74,68,67,19,9,8,0.3,0.2
2026-09-24T1900,2219A,123.7158,42.2218,铁岭市,金沙江路北,,30,30,23,2,6,63,NA,76,76,16,11,9,12,0.3,0.3
2026-09-24T1900,2220A,120.4318,41.588,朝阳市,西梁,,22,19,21,13,7,70,NA,79,79,14,7,22,12,0.5,0.3
2026-09-24T1900,2221A,120.452,41.565,朝阳市,河畔小区,,23,NA,21,16,7,68,NA,80,80,14,8,17,12,0.6,0.6
2026-09-24T1900,2222A,120.4176,41.5648,朝阳市,八里堡,,29,29,32,8,8,59,NA,81,80,30,9,13,11,0.8,0.7
2026-09-24T1900,2226A,124.3744,43.1842,四平市,境园,,37,37,24,22,10,47,NA,87,83,38,12,4,8,0.4,0.3
2026-09-24T1900,2227A,125.1359,42.8845,辽源市,环保局,,24,24,22,5,7,67,NA,81,80,21,10,5,6,0.5,0.5
2026-09-24T1900,2229A,125.9359,41.7174,通化市,光明,,21,21,26,7,12,61,NA,71,69,10,12,6,7,0.2,0.4
2026-09-24T1900,2230A,125.9446,41.7323,通化市,铁路,,22,8,22,4,13,69,NA,75,74,7,20,3,4,0.4,0.5
2026-09-24T1900,2231A,126.4219,41.9172,白山市,喜丰,,38,38,44,8,16,59,NA,83,79,20,26,8,8,0.7,0.8
2026-09-24T1900,2232A,126.4082,41.9416,白山市,环保局,NA,NA,NA,NA,NA,NA,NA,NA,NA,NA,NA,NA,NA,NA,NA,NA
2026-09-24T1900,2233A,124.8007,45.1213,松原市,江南,,25,22,19,17,10,54,NA,71,69,19,18,1,1,0.3,0.3
2026-09-24T1900,2234A,124.7967,45.1721,松原市,江北,NA,NA,NA,21,NA,7,NA,NA,49,NA,NA,12,NA,2,NA,0.3
2026-09-24T1900,2235A,122.7909,45.608,白城市,洮北区环保局,,29,26,24,20,10,63,NA,66,66,6,5,3,3,0.4,0.4
2026-09-24T1900,2236A,122.8741,45.5725,白城市,市环保局,,19,19,16,10,7,54,NA,61,59,23,14,5,3,0.5,0.5
2026-09-24T1900,2237A,129.4704,42.8885,延边朝鲜族自治州,妇幼医院,,18,14,16,12,10,38,NA,70,66,22,9,8,7,0.7,0.6
2026-09-24T1900,2238A,129.5047,42.9117,延边朝鲜族自治州,延边医院,,26,22,18,18,10,52,NA,70,68,19,13,5,4,0.6,0.5
2026-09-24T1900,2239A,129.395,42.8884,延边朝鲜族自治州,朝阳川镇医院,,20,20,18,11,8,36,NA,71,67,22,11,11,10,0.7,0.6
2026-09-24T1900,2240A,130.9618,45.2926,鸡西市,环保局,,28,20,11,19,7,14,NA,66,59,49,9,7,6,0.5,0.2
2026-09-24T1900,2243A,130.9294,45.2959,鸡西市,第一中学,颗粒物(PM10),59,62,22,10,6,49,NA,68,64,18,8,4,4,0.1,0
2026-09-24T1900,2244A,130.2537,47.3416,鹤岗市,哈啤分公司,,37,37,17,17,5,54,NA,80,77,20,6,9,8,0.5,0.4
2026-09-24T1900,2245A,130.2683,47.3087,鹤岗市,斯达机电,,27,27,18,7,6,54,NA,71,70,20,10,4,4,0.4,0.4
2026-09-24T1900,2246A,130.3114,47.3388,鹤岗市,东山纸板厂,NA,NA,NA,32,33,6,13,NA,73,62,43,15,6,6,0.5,0.5
2026-09-24T1900,2248A,131.1509,46.6936,双鸭山市,双合村,,19,15,24,13,10,46,NA,66,64,16,11,10,11,0.5,0.8
2026-09-24T1900,2249A,131.1651,46.6191,双鸭山市,南小市,,32,NA,17,22,10,48,NA,67,62,11,8,10,5,0.2,0.3
2026-09-24T1900,2250A,131.1526,46.6554,双鸭山市,环保局,NA,NA,NA,35,NA,10,20,NA,63,56,NA,13,13,8,1.0,0.2
2026-09-24T1900,2252A,128.8663,47.7199,伊春市,环保局,,43,43,20,17,8,9,NA,64,58,44,10,3,2,0.9,0.7
2026-09-24T1900,2253A,128.9014,47.732,伊春市,电力嘉园,,31,31,18,15,7,38,NA,70,69,21,8,2,3,0.1,0.1
2026-09-24T1900,2255A,130.2749,46.8028,佳木斯市,佳纺,,49,49,25,10,8,33,NA,61,55,24,13,2,3,0.3,0.3
2026-09-24T1900,2257A,130.3258,46.7975,佳木斯市,环保局,,24,24,25,11,10,50,NA,68,65,14,16,1,2,0.4,0.4
2026-09-24T1900,2263A,127.4832,50.2524,黑河市,交通局,颗粒物(PM10),116,161,31,39,10,11,NA,64,56,43,10,7,6,0.6,0.1
2026-09-24T1900,2264A,127.5146,50.2339,黑河市,环保局,颗粒物(PM10),91,107,27,42,12,14,NA,68,60,66,15,7,7,0.5,0.2
2026-09-24T1900,2266A,126.9783,46.6365,绥化市,人和东街,,35,35,13,13,5,38,NA,71,66,31,8,4,3,0.6,0.4
2026-09-24T1900,2267A,126.964,46.6527,绥化市,党政办公中心,,44,44,15,19,5,52,NA,76,71,23,9,8,8,0.6,0.5
2026-09-24T1900,2269A,124.1068,50.4091,大兴安岭地区,科技局,,46,46,19,22,8,40,NA,73,72,28,5,3,2,0.4,0.3
2026-09-24T1900,2270A,117.396,32.9389,蚌埠市,工人疗养院,,25,25,61,10,54,63,NA,64,64,12,21,6,7,0.6,0.7
2026-09-24T1900,2271A,117.3606,32.9428,蚌埠市,百货大楼,,31,31,60,8,40,59,NA,60,60,20,27,10,11,0.7,0.8
2026-09-24T1900,2273A,117.4183,32.8909,蚌埠市,蚌埠学院,,31,31,59,8,49,63,NA,65,65,15,18,6,6,0.5,0.6
2026-09-24T1900,2274A,117.3534,32.9672,蚌埠市,淮上区政府,,36,36,59,12,48,62,NA,63,63,21,29,6,6,0.5,0.7
2026-09-24T1900,2275A,117.3143,32.8977,蚌埠市,高新区,,36,36,60,10,52,37,NA,48,47,40,25,6,6,0.6,0.6
2026-09-24T1900,2277A,116.8304,32.7726,淮南市,潘集区政府,,48,48,81,16,48,46,NA,62,62,18,19,7,8,0.5,0.7
2026-09-24T1900,2279A,116.8569,32.5949,淮南市,谢家集区政府,颗粒物(PM10),66,72,65,28,37,69,NA,104,101,24,19,10,8,0.5,0.5
2026-09-24T1900,2280A,116.8279,32.6333,淮南市,八公山区政府,颗粒物(PM10),65,70,64,33,48,54,NA,95,91,21,17,4,6,0.6,0.6
2026-09-24T1900,2282A,116.8005,33.9749,淮北市,监测站,NA,NA,18,53,12,39,73,NA,79,79,11,15,5,7,NA,0.7
2026-09-24T1900,2283A,116.8094,33.9008,淮北市,烈山区政府,,26,NA,61,6,49,81,NA,84,84,4,13,3,5,0.4,0.6
2026-09-24T1900,2285A,117.8176,30.9412,铜陵市,市第四中学,颗粒物(PM10),55,57,70,36,47,114,NA,129,129,14,14,9,9,0.8,0.8
2026-09-24T1900,2287A,117.7806,30.9413,铜陵市,市新民污水厂,,42,42,66,27,51,106,NA,122,122,8,16,6,7,0.7,0.8
2026-09-24T1900,2289A,117.846,30.9414,铜陵市,车站新区,颗粒物(PM10),70,78,90,44,48,120,NA,125,125,14,18,9,9,0.8,0.8
2026-09-24T1900,2290A,117.8472,30.9699,铜陵市,市职教基地,颗粒物(PM10),59,62,79,39,41,116,NA,124,124,14,15,5,6,0.8,0.9
2026-09-24T1900,2291A,117.0806,30.5181,安庆市,环科院,颗粒物(PM10),53,53,55,22,47,24,NA,124,114,90,18,6,7,0.8,1
2026-09-24T1900,2292A,117.0331,30.5118,安庆市,马山宾馆,,35,35,50,16,51,69,NA,125,119,36,19,5,6,0.8,1
2026-09-24T1900,2294A,116.9897,30.6146,安庆市,安庆大学,,41,41,51,27,42,76,NA,120,116,25,20,4,5,0.7,0.8
2026-09-24T1900,2295A,118.2905,29.6965,黄山市,延安路89号,,46,43,25,32,15,52,NA,84,80,7,6,4,4,0.8,0.7
2026-09-24T1900,2297A,118.1369,30.2755,黄山市,黄山区政府5号楼,,32,29,22,22,14,42,NA,65,64,7,4,4,4,0.8,0.8
2026-09-24T1900,2301A,115.8276,32.8929,阜阳市,市监测站,细颗粒物(PM2.5),104,77,77,64,59,63,NA,55,55,20,34,7,8,0.7,0.6
2026-09-24T1900,2303A,115.8551,32.8606,阜阳市,开发区,细颗粒物(PM2.5),110,95,109,70,58,60,NA,48,48,18,31,6,6,0.7,0.7
2026-09-24T1900,2307A,116.5078,31.7369,六安市,监测大楼,,42,38,48,29,42,85,NA,100,100,14,17,3,3,0.6,0.7
2026-09-24T1900,2308A,116.4738,31.7642,六安市,皖西学院,,47,47,57,29,41,98,NA,113,113,11,16,7,8,0.6,0.7
2026-09-24T1900,2309A,116.4997,31.7904,六安市,朝阳厂,,45,42,48,31,42,74,NA,93,93,15,19,1,2,0.6,0.6
2026-09-24T1900,2310A,116.5566,31.7885,六安市,开发区,颗粒物(PM10),54,55,60,25,46,85,NA,112,112,11,16,5,6,0.6,0.6
2026-09-24T1900,2311A,115.8071,33.8399,亳州市,污水处理厂,,23,15,57,1,47,73,NA,72,72,6,21,2,6,0.4,0.5
2026-09-24T1900,2312A,115.7789,33.8519,亳州市,三国揽胜宫,,22,14,44,2,39,69,NA,74,70,7,15,4,6,0.4,0.5
2026-09-24T1900,2314A,117.4698,30.6617,池州市,池州学院,,40,40,46,28,34,104,NA,126,126,14,18,6,5,1.1,1
2026-09-24T1900,2316A,118.7578,30.9457,宣城市,鳌峰子站,,42,42,41,24,37,112,NA,112,112,7,9,6,6,0.6,0.6
2026-09-24T1900,2317A,118.7384,30.9745,宣城市,敬亭山子站,,49,48,43,34,41,80,NA,111,108,14,11,2,3,0.6,0.5
2026-09-24T1900,2318A,118.7172,30.9428,宣城市,开发区子站,,41,41,37,27,41,118,NA,106,106,8,7,5,5,0.5,0.5
2026-09-24T1900,2319A,119.0142,25.4324,莆田市,荔城区仓后路,,40,40,33,22,17,89,NA,111,107,9,6,/,/,/,/
2026-09-24T1900,2320A,119.0016,25.4553,莆田市,莆田市监测站,,32,32,29,12,15,94,NA,116,113,8,5,6,6,0.9,0.7
2026-09-24T1900,2321A,119.112,25.4561,莆田市,涵江区六中,颗粒物(PM10),51,51,33,12,13,96,NA,111,108,6,5,/,/,0.7,0.5
2026-09-24T1900,2322A,119.1014,25.3215,莆田市,秀屿区政府,,29,17,30,13,14,90,NA,105,102,5,5,3,3,0.5,0.5
2026-09-24T1900,2324A,117.621,26.2626,三明市,三钢,,42,42,22,28,19,64,NA,104,100,16,11,8,7,0.8,0.6
2026-09-24T1900,2325A,117.6352,26.2714,三明市,三明二中,,42,30,24,29,20,76,NA,104,102,12,8,6,6,0.8,0.5
2026-09-24T1900,2326A,117.6028,26.2377,三明市,三元区政府,NA,NA,43,30,31,23,46,NA,100,95,NA,12,8,10,NA,1
2026-09-24T1900,2332A,118.1682,26.6371,南平市,南平市监测站,,29,29,29,16,19,47,NA,98,87,16,8,4,5,0.9,0.5
2026-09-24T1900,2334A,118.1757,26.6276,南平市,南平七中,,35,32,28,24,19,53,NA,97,90,16,7,4,4,0.7,0.6
2026-09-24T1900,2336A,117.022,25.1031,龙岩市,龙岩市监测站,,29,20,24,20,19,76,NA,96,96,15,11,7,9,0.7,0.5
2026-09-24T1900,2337A,117.0257,25.0662,龙岩市,闽西职业技术学院,,39,39,28,18,19,65,NA,101,99,10,8,6,7,0.6,0.5
2026-09-24T1900,2338A,117.0195,25.0306,龙岩市,龙岩学院,,26,26,30,18,19,68,NA,106,104,7,9,4,6,/,/
2026-09-24T1900,2341A,119.5387,26.6611,宁德市,宁德市监测站,,29,18,28,15,13,90,NA,114,112,12,10,10,11,0.7,0.6
2026-09-24T1900,2343A,117.2114,29.2931,景德镇市,老干部活动中心,,40,34,27,28,24,93,NA,108,108,3,12,5,4,0.8,0.9
2026-09-24T1900,2344A,117.1893,29.2789,景德镇市,兽医站,颗粒物(PM10),54,55,42,30,24,104,NA,111,111,9,16,4,4,0.9,1
2026-09-24T1900,2346A,117.246,29.2958,景德镇市,陶研所,,45,34,27,31,24,80,NA,107,107,6,11,3,4,0.9,0.9
2026-09-24T1900,2348A,113.8384,27.6436,萍乡市,中医院,细颗粒物(PM2.5),74,49,50,47,35,95,NA,125,125,24,24,10,9,1.3,1.2
2026-09-24T1900,2350A,113.8677,27.6438,萍乡市,市环保局,细颗粒物(PM2.5),64,52,47,42,43,126,NA,137,137,12,16,8,7,0.8,1
2026-09-24T1900,2351A,113.8663,27.6202,萍乡市,安源区政府,细颗粒物(PM2.5),70,53,50,45,42,125,NA,133,133,10,13,10,8,0.9,1
2026-09-24T1900,2353A,114.9887,27.8433,新余市,飞宇,细颗粒物(PM2.5),66,49,51,43,40,135,NA,149,149,10,17,6,18,0.8,0.9
2026-09-24T1900,2354A,114.9234,27.8248,新余市,第二水厂,细颗粒物(PM2.5),68,58,60,44,39,141,NA,142,142,14,15,13,18,1.0,0.9
2026-09-24T1900,2355A,114.931,27.8037,新余市,市气象局,细颗粒物(PM2.5),72,50,57,46,33,138,NA,140,140,11,14,10,12,1.1,1.3
2026-09-24T1900,2358A,117.0561,28.2641,鹰潭市,新监测站,,43,43,41,30,33,105,NA,127,127,2,9,4,6,0.8,0.8
2026-09-24T1900,2359A,117.0312,28.2474,鹰潭市,财苑宾馆,,49,37,43,34,32,106,NA,129,129,4,7,5,6,/,/
2026-09-24T1900,2360A,117.0221,28.2263,鹰潭市,体育馆,,48,48,40,32,28,112,NA,128,128,6,10,5,6,0.6,0.8
2026-09-24T1900,2363A,114.9368,25.8663,赣州市,地委,,46,46,46,32,35,72,NA,117,114,8,5,3,5,0.6,0.6
2026-09-24T1900,2364A,114.946,25.8483,赣州市,气象台,细颗粒物(PM2.5),56,47,45,38,37,80,NA,118,115,13,11,4,8,0.6,0.6
2026-09-24T1900,2365A,114.932,25.8332,赣州市,市图书馆,,45,45,44,26,34,88,NA,117,116,10,9,4,4,1.4,1.4
2026-09-24T1900,2366A,114.8905,25.8472,赣州市,华坚鞋城,细颗粒物(PM2.5),52,37,50,36,44,88,NA,119,118,17,11,2,2,0.1,0.3
2026-09-24T1900,2367A,114.9753,27.0803,吉安市,红声器材厂,,50,43,62,35,38,118,NA,128,128,11,12,12,12,0.6,0.7
2026-09-24T1900,2369A,114.9903,27.1313,吉安市,市环境监测站,颗粒物(PM10),51,51,48,31,30,107,NA,126,126,10,9,7,7,/,/
2026-09-24T1900,2370A,115.009527,27.096792,吉安市,青原区法院,细颗粒物(PM2.5),60,56,54,40,38,117,NA,138,138,12,13,9,8,0.5,0.6
2026-09-24T1900,2373A,114.3954,27.7843,宜春市,市石油公司,,49,46,50,34,34,91,NA,108,108,11,10,4,3,0.8,0.8
2026-09-24T1900,2374A,114.37,27.7916,宜春市,市气象局,细颗粒物(PM2.5),72,NA,48,46,34,99,NA,107,107,12,11,2,3,0.9,0.9
2026-09-24T1900,2375A,114.401,27.8059,宜春市,市广电局,细颗粒物(PM2.5),62,41,42,41,40,100,NA,106,106,17,15,4,5,0.7,0.7
2026-09-24T1900,2377A,116.3544,27.9833,抚州市,市站,,46,43,44,32,29,91,NA,119,117,2,3,2,6,0.5,1
2026-09-24T1900,2378A,116.3562,27.9631,抚州市,血防站,,43,40,41,30,26,88,NA,112,110,7,8,4,6,0.7,0.8
2026-09-24T1900,2379A,116.3561,28.0007,抚州市,采茶剧团,,39,39,42,26,32,97,NA,123,121,3,3,16,17,0.8,1
2026-09-24T1900,2380A,116.3854,27.9648,抚州市,医学分院,,40,38,41,28,30,87,NA,111,110,2,5,4,8,1.2,1.2
2026-09-24T1900,2382A,117.9758,28.4439,上饶市,市监测站,,43,43,47,26,32,107,NA,158,155,2,7,2,8,/,/
2026-09-24T1900,2383A,117.9521,28.4637,上饶市,凤凰光学,,48,48,46,31,33,92,NA,143,138,6,11,5,8,0.6,0.5
2026-09-24T1900,2385A,114.17,35.9019,鹤壁市,市监测站,细颗粒物(PM2.5),102,80,100,62,62,117,NA,153,152,13,15,1,4,0.7,0.8
2026-09-24T1900,2386A,114.2953,35.7512,鹤壁市,市交警支队,颗粒物(PM10),63,68,113,37,68,111,NA,126,126,18,36,6,7,0.5,0.7
2026-09-24T1900,2387A,114.2877,35.7302,鹤壁市,迎宾馆,颗粒物(PM10),76,86,139,44,77,120,NA,134,134,11,28,7,8,0.7,0.8
2026-09-24T1900,2389A,113.836,35.3104,新乡市,环保西院,颗粒物(PM10),64,69,106,18,55,110,NA,126,126,12,30,8,10,0.5,0.7
2026-09-24T1900,2390A,113.8847,35.2724,新乡市,开发区,,45,45,89,15,57,103,NA,124,124,15,35,5,6,0.3,0.4
2026-09-24T1900,2391A,113.8836,35.3028,新乡市,环保东院,,42,42,86,17,57,111,NA,130,130,14,30,5,6,0.7,0.8
2026-09-24T1900,2392A,115.0312,35.7636,濮阳市,环保局,颗粒物(PM10),55,57,92,37,65,112,NA,136,136,15,20,2,4,0.8,0.9
2026-09-24T1900,2398A,113.7904,33.9949,许昌市,开发区,,33,24,73,23,43,97,NA,102,102,11,27,3,4,0.4,0.5
2026-09-24T1900,2399A,114.051,33.5721,漯河市,三五一五工厂,,36,NA,57,25,41,76,NA,92,92,16,22,5,5,1.0,1
2026-09-24T1900,2400A,114.0055,33.5698,漯河市,漯河大学,,40,31,51,28,42,81,NA,92,92,16,21,5,7,0.8,0.8
2026-09-24T1900,2401A,114.0134,33.5826,漯河市,市水利局,,43,NA,57,30,39,76,NA,92,92,14,16,7,9,1.0,1
2026-09-24T1900,2402A,114.0261,33.5697,漯河市,市广电局,,40,29,47,28,44,82,NA,95,95,17,19,3,4,0.6,0.6
2026-09-24T1900,2404A,112.5338,33.0086,南阳市,瓦房庄,,24,22,42,11,31,76,NA,84,84,12,13,6,6,0.8,0.8
2026-09-24T1900,2405A,112.5002,32.9734,南阳市,汉画馆,,24,18,49,12,31,75,NA,78,78,10,12,7,7,0.9,0.9
2026-09-24T1900,2406A,112.5778,33.0144,南阳市,气象站,,24,NA,31,11,28,74,NA,82,82,10,11,7,7,0.8,0.8
2026-09-24T1900,2407A,112.548,32.9687,南阳市,理工学院,,24,16,41,11,29,74,NA,83,82,12,13,9,9,0.9,0.9
2026-09-24T1900,2408A,115.6701,34.4283,商丘市,环境监测站,NA,NA,NA,80,22,42,69,NA,82,82,9,23,2,5,0.6,0.7
2026-09-24T1900,2409A,115.6458,34.4047,商丘市,粮食局,,26,NA,62,18,40,75,NA,91,89,10,18,5,6,0.7,0.7
2026-09-24T1900,2420A,114.0194,32.9648,驻马店市,市一纸厂,颗粒物(PM10),71,79,71,45,44,73,NA,68,68,22,21,5,6,0.6,0.5
2026-09-24T1900,2421A,114.0112,33.0149,驻马店市,市彩印厂,颗粒物(PM10),83,95,79,44,46,68,NA,63,63,16,17,2,2,0.7,0.7
2026-09-24T1900,2423A,115.0547,30.2332,黄石市,沈家营,颗粒物(PM10),63,67,62,35,31,106,NA,132,132,11,15,10,11,0.7,0.8
2026-09-24T1900,2426A,114.899,30.211,黄石市,铁山,细颗粒物(PM2.5),64,48,41,42,25,137,NA,138,138,16,15,10,8,0.7,0.7
2026-09-24T1900,2427A,115.0259,30.2108,黄石市,团城山,颗粒物(PM10),63,68,61,40,29,111,NA,123,123,9,13,6,8,1.0,1
2026-09-24T1900,2429A,110.78,32.6494,十堰市,滨河新村,细颗粒物(PM2.5),66,59,53,43,39,65,NA,70,70,12,20,/,/,0.9,0.9
2026-09-24T1900,2430A,110.7305,32.6408,十堰市,刘家沟,细颗粒物(PM2.5),60,41,51,40,41,56,NA,62,62,12,12,/,/,/,/
2026-09-24T1900,2431A,110.8843,32.5712,十堰市,铁二处,NA,NA,NA,49,NA,41,59,NA,67,67,NA,14,6,5,1.1,0.9
2026-09-24T1900,2432A,112.1555,32.0197,襄阳市,襄城运动路,细颗粒物(PM2.5),98,98,89,59,52,66,NA,77,77,13,12,6,7,1.0,0.9
2026-09-24T1900,2434A,112.1829,32.1146,襄阳市,高新管委会,细颗粒物(PM2.5),92,85,70,56,51,64,NA,75,74,15,13,7,8,1.0,1
2026-09-24T1900,2435A,112.2105,32.0903,襄阳市,襄州航空路,细颗粒物(PM2.5),90,102,81,55,50,67,NA,74,74,13,13,6,7,0.9,0.9
2026-09-24T1900,2436A,114.894,30.3989,鄂州市,市政府,颗粒物(PM10),62,66,56,36,28,112,NA,129,129,16,21,8,7,0.9,0.8
2026-09-24T1900,2437A,114.8986,30.3714,鄂州市,赵家坝,NA,NA,NA,55,NA,29,117,NA,137,137,22,25,NA,6,1.2,0.9
2026-09-24T1900,2439A,112.2012,31.048,荆门市,竹园小学,细颗粒物(PM2.5),110,104,98,71,53,78,NA,92,92,18,15,8,8,1.2,1
2026-09-24T1900,2440A,112.1968,30.9892,荆门市,掇刀,细颗粒物(PM2.5),96,76,61,58,50,83,NA,92,92,8,4,12,8,1.2,0.8
2026-09-24T1900,2444A,113.9062,30.9378,孝感市,东城区,颗粒物(PM10),61,65,59,32,46,141,NA,152,152,7,9,8,7,0.8,0.9
2026-09-24T1900,2446A,114.9021,30.474,黄冈市,职工中心,,49,42,46,34,28,130,NA,143,143,10,20,7,5,0.7,0.7
2026-09-24T1900,2451A,113.3587,31.7275,随州市,市委党校,细颗粒物(PM2.5),76,74,62,48,41,70,NA,86,86,17,16,8,10,1.0,0.9
2026-09-24T1900,2452A,113.3745,31.6926,随州市,市林业局,颗粒物(PM10),68,75,61,40,34,78,NA,90,90,14,12,7,7,1.0,0.9
2026-09-24T1900,2453A,113.3984,31.7309,随州市,市立交桥水厂,细颗粒物(PM2.5),64,65,60,42,34,70,NA,90,90,13,11,6,9,0.8,0.7
2026-09-24T1900,2454A,109.4978,30.2979,恩施土家族苗族自治州,湖北民院,,31,31,33,21,11,56,NA,55,55,19,11,4,4,0.4,0.4
2026-09-24T1900,2457A,112.6209,26.9268,衡阳市,衡阳化工总厂,,49,43,54,34,39,111,NA,127,127,9,11,8,10,0.9,1
2026-09-24T1900,2458A,112.621,26.8957,衡阳市,珠晖区环保局,颗粒物(PM10),53,54,52,33,36,112,NA,134,134,26,20,7,7,1.1,1.1
2026-09-24T1900,2459A,112.628,26.8654,衡阳市,市委党校,,50,46,49,35,40,124,NA,138,138,8,10,8,9,1.0,1
2026-09-24T1900,2460A,112.6007,26.8977,衡阳市,市监测站,细颗粒物(PM2.5),104,81,47,64,41,111,NA,136,136,15,12,5,7,1.2,1.1
2026-09-24T1900,2461A,112.5658,26.9013,衡阳市,真空机电公司,颗粒物(PM10),53,54,43,33,40,113,NA,130,130,11,13,7,9,1.1,1.2
2026-09-24T1900,2464A,111.5277,27.2442,邵阳市,市化工厂,细颗粒物(PM2.5),52,39,38,36,42,101,NA,100,100,6,9,10,13,0.4,0.5
2026-09-24T1900,2466A,111.4327,27.2276,邵阳市,市环保局,颗粒物(PM10),53,54,56,34,41,87,NA,96,96,8,10,6,8,0.9,1
2026-09-24T1900,2468A,112.3458,28.581,益阳市,市环保局,,35,NA,37,24,33,93,NA,100,100,12,23,7,7,1.1,1.1
2026-09-24T1900,2473A,113.0116,25.8228,郴州市,市职中,NA,NA,44,39,32,33,93,NA,110,110,NA,17,8,8,0.7,0.8
2026-09-24T1900,2475A,113.0381,25.8074,郴州市,市审计局,,46,46,46,32,32,99,NA,119,119,10,15,11,10,/,/
2026-09-24T1900,2476A,113.0348,25.7757,郴州市,市环保局,,50,45,44,35,34,105,NA,124,124,10,16,10,10,0.7,0.9
2026-09-24T1900,2478A,111.6126,26.4266,永州市,市环境监测站,细颗粒物(PM2.5),74,60,50,47,42,88,NA,100,100,13,11,8,8,1.0,0.9
2026-09-24T1900,2480A,111.6248,26.3803,永州市,永州市环保局,细颗粒物(PM2.5),52,43,49,36,39,94,NA,98,98,3,5,4,6,1.0,0.9
2026-09-24T1900,2481A,111.5989,26.4523,永州市,冷水滩区环保局,细颗粒物(PM2.5),74,59,55,47,42,96,NA,103,103,7,9,12,12,1.1,1.1
2026-09-24T1900,2483A,109.9297,27.5383,怀化市,河西地税局,,40,40,32,28,25,78,NA,91,91,17,9,4,6,/,/
2026-09-24T1900,2484A,109.9783,27.5342,怀化市,市四医院,,29,29,38,17,24,80,NA,97,97,12,9,6,9,0.6,0.6
2026-09-24T1900,2485A,109.9971,27.5579,怀化市,监测楼,,43,34,38,30,27,64,NA,89,89,18,12,3,7,0.6,0.5
2026-09-24T1900,2488A,111.9984,27.7346,娄底市,市监测站,,45,36,46,31,34,72,NA,80,80,8,13,4,4,0.7,0.7
2026-09-24T1900,2491A,111.9888,27.7035,娄底市,市政府,,49,39,34,34,34,79,NA,90,90,10,8,5,4,0.6,0.6
2026-09-24T1900,2493A,109.7298,28.3164,湘西土家族苗族自治州,州政府,,45,39,32,31,25,57,NA,62,62,10,5,3,3,0.6,0.6
2026-09-24T1900,2494A,109.6957,28.2676,湘西土家族苗族自治州,吉首市计生局,NA,NA,29,24,NA,21,58,NA,73,73,18,9,NA,6,NA,0.4
2026-09-24T1900,2496A,111.3126,23.4772,梧州市,市十一中,,39,22,40,20,22,123,NA,127,127,14,24,8,10,0.3,0.3
2026-09-24T1900,2498A,111.26,23.4794,梧州市,龙新,NA,NA,52,45,23,23,113,NA,128,128,23,21,5,8,NA,0.6
2026-09-24T1900,2499A,108.3411,21.6159,防城港市,沙万,颗粒物(PM10),65,70,45,29,23,97,NA,105,105,25,14,13,9,1.5,0.9
2026-09-24T1900,2500A,108.3515,21.7733,防城港市,防城档案局,,48,48,51,24,24,111,NA,124,124,9,14,7,8,1.0,1
2026-09-24T1900,2501A,108.3506,21.6414,防城港市,大海花园,,44,44,39,25,26,107,NA,118,118,19,12,15,10,0.7,0.8
2026-09-24T1900,2502A,108.6238,21.9667,钦州市,市环保站,,39,39,30,21,15,119,NA,114,114,15,12,12,10,0.8,0.7
2026-09-24T1900,2503A,108.655,21.9481,钦州市,沙埠小学,颗粒物(PM10),59,62,39,38,18,119,NA,112,112,15,14,10,8,0.5,0.5
2026-09-24T1900,2504A,108.5989,21.7435,钦州市,港区一小,颗粒物(PM10),55,57,48,23,21,111,NA,123,123,18,22,11,8,1.4,0.7
2026-09-24T1900,2506A,109.604387,23.066791,贵港市,江南子站,颗粒物(PM10),60,63,40,26,23,83,NA,132,131,22,17,2,3,0.7,0.7
2026-09-24T1900,2508A,109.5669,23.1065,贵港市,荷城子站,,41,41,37,24,27,96,NA,126,123,14,15,4,7,0.6,0.6
2026-09-24T1900,2511A,110.1433,22.6162,玉林市,南江一中,,46,37,40,32,25,82,NA,118,113,11,24,10,10,0.6,0.6
2026-09-24T1900,2512A,106.6102,23.901,百色市,市监测站,,39,39,49,22,29,113,NA,119,119,10,16,9,13,0.5,0.6
2026-09-24T1900,2513A,106.6524,23.8842,百色市,市中心血站,,40,40,50,26,31,118,NA,118,118,8,14,11,16,0.4,0.5
2026-09-24T1900,2514A,111.5264,24.4178,贺州市,环保小区,NA,NA,36,31,28,25,95,NA,115,115,NA,12,NA,12,0.6,0.5
2026-09-24T1900,2515A,111.561,24.4074,贺州市,政协大楼,,45,38,28,31,25,90,NA,113,113,19,16,10,10,0.9,0.8
2026-09-24T1900,2517A,108.0496,24.6957,河池市,市环保站,,33,33,28,23,16,86,NA,94,94,6,10,10,7,0.7,0.7
2026-09-24T1900,2520A,109.2203,23.7252,来宾市,来宾技工学校,,46,46,51,28,31,110,NA,125,125,7,15,5,9,0.7,0.8
2026-09-24T1900,2521A,107.3473,22.4137,崇左市,市环保局江州分局,,32,29,35,12,18,101,NA,111,111,11,13,3,2,0.7,0.7
2026-09-24T1900,2524A,105.8211,32.4444,广元市,老城,,20,20,14,0,2,50,NA,61,61,10,14,2,4,0.8,0.8
2026-09-24T1900,2526A,105.8629,32.429,广元市,监测站,,18,18,21,3,1,53,NA,64,64,11,13,7,8,0.9,0.8
2026-09-24T1900,2528A,105.5581,30.5231,遂宁市,市监测站,,17,14,22,4,11,53,NA,61,61,9,9,4,5,0.7,0.7
2026-09-24T1900,2530A,105.5917,30.4727,遂宁市,美宁食品公司,,24,24,19,7,14,46,NA,57,57,17,12,10,11,0.5,0.5
2026-09-24T1900,2531A,105.0703,29.61,内江市,市监测站,,33,25,21,23,16,72,NA,74,74,12,10,5,6,0.6,0.6
2026-09-24T1900,2533A,105.0657,29.5807,内江市,内江二中,,42,42,31,18,16,70,NA,73,73,13,13,9,9,0.4,0.4
2026-09-24T1900,2534A,105.0407,29.5828,内江市,内江日报社,,29,29,18,19,16,69,NA,72,72,8,11,3,5,0.2,0.2
2026-09-24T1900,2536A,103.7629,29.5844,乐山市,牛耳桥,,49,49,25,34,15,60,NA,76,76,14,11,7,6,1.0,0.9
2026-09-24T1900,2537A,103.7501,29.6002,乐山市,市第三水厂,细颗粒物(PM2.5),58,47,24,39,16,59,NA,78,78,15,12,4,4,1.0,0.9
2026-09-24T1900,2538A,103.7571,29.5664,乐山市,市监测站,,38,36,26,26,14,54,NA,76,76,11,9,4,4,0.9,0.8
2026-09-24T1900,2540A,103.8414,30.0871,眉山市,气象局,,44,44,33,20,19,64,NA,68,67,16,14,8,8,1.0,1
2026-09-24T1900,2544A,106.6307,30.4577,广安市,市委,,22,17,14,15,10,51,NA,53,53,9,7,7,7,0.6,0.5
2026-09-24T1900,2545A,106.6266,30.4662,广安市,友谊中学,,19,9,13,9,9,59,NA,58,58,5,5,9,9,0.7,0.7
2026-09-24T1900,2547A,106.6386,30.4551,广安市,广电花园,,17,14,12,11,10,52,NA,53,53,7,6,10,10,0.6,0.6
2026-09-24T1900,2549A,107.5087,31.2186,达州市,市环境监测站,,35,35,22,14,6,14,NA,27,27,32,24,7,6,0.8,0.6
2026-09-24T1900,2550A,107.4988,31.2132,达州市,凤凰小区,,27,27,12,10,4,22,NA,31,31,26,22,6,5,0.6,0.5
2026-09-24T1900,2551A,107.5081,31.1987,达州市,达县机关宾馆,,22,22,12,8,3,20,NA,29,29,28,25,5,5,0.5,0.5
2026-09-24T1900,2552A,107.4644,31.2124,达州市,市政中心,,34,34,23,6,4,24,NA,31,31,25,24,5,5,0.7,0.6
2026-09-24T1900,2555A,103.011,29.9833,雅安市,市政府,,39,38,34,27,24,57,NA,53,53,18,12,6,6,0.8,0.8
2026-09-24T1900,2556A,102.9907,29.9778,雅安市,川农大,,38,34,37,26,27,58,NA,48,48,10,12,6,6,0.9,0.9
2026-09-24T1900,2562A,104.6357,30.1508,资阳市,资阳中学,,38,38,29,16,20,72,NA,81,81,8,7,3,4,0.3,0.3
2026-09-24T1900,2565A,104.6297,30.1259,资阳市,区法院,,30,NA,14,21,20,68,NA,83,83,10,7,2,2,0.6,0.6
2026-09-24T1900,2568A,102.2503,31.8896,阿坝藏族羌族自治州,马师校,,31,31,28,8,7,21,NA,40,40,6,4,4,5,0.5,0.5
2026-09-24T1900,2570A,101.96,30.048,甘孜藏族自治州,水桥子,,15,13,7,7,4,48,NA,52,52,6,14,2,2,0.2,0.2
2026-09-24T1900,2573A,102.2629,27.8981,凉山彝族自治州,西昌市政府,,24,19,19,13,14,74,NA,73,73,10,9,12,7,0.8,0.8
2026-09-24T1900,2574A,102.2686,27.885,凉山彝族自治州,凉山州政府,,25,22,29,14,15,77,NA,74,74,7,10,10,6,0.7,0.7
2026-09-24T1900,2577A,104.8293,26.592,六盘水市,黄土坡,,50,NA,24,35,17,114,NA,109,109,9,8,4,4,0.3,0.3
2026-09-24T1900,2579A,104.8481,26.5898,六盘水市,民中,,35,NA,21,22,16,112,NA,106,106,8,8,1,1,0.3,0.3
2026-09-24T1900,2580A,104.9541,26.5506,六盘水市,双水,,35,NA,21,24,18,112,NA,104,104,9,7,4,5,0.3,0.3
2026-09-24T1900,2585A,109.1839,27.7344,铜仁市,铜仁卫校,NA,NA,9,31,NA,16,79,NA,82,82,6,4,2,2,0.6,0.6
2026-09-24T1900,2586A,109.1752,27.6945,铜仁市,铜仁七中,,36,NA,28,25,18,70,NA,83,83,8,6,5,4,0.6,0.6
2026-09-24T1900,2587A,105.287,27.3133,毕节市,八中,,39,29,34,27,24,103,NA,104,104,10,11,8,7,0.6,0.6
2026-09-24T1900,2588A,105.3079,27.2987,毕节市,师专,,36,36,42,25,27,95,NA,100,100,14,16,9,8,0.4,0.6
2026-09-24T1900,2589A,104.9022,25.0943,黔西南布依族苗族自治州,场坝街,NA,NA,33,29,NA,29,89,NA,94,94,8,3,6,6,0.4,0.4
2026-09-24T1900,2590A,104.8812,25.0994,黔西南布依族苗族自治州,坪东大道,,35,NA,24,24,24,88,NA,92,92,6,5,5,5,0.4,0.4
2026-09-24T1900,2591A,107.9765,26.5724,黔东南苗族侗族自治州,市环境监测站,,32,30,30,22,24,92,NA,95,94,4,12,3,3,0.5,0.6
2026-09-24T1900,2593A,107.5223,26.2371,黔南布依族苗族自治州,小围寨,,30,24,20,7,19,95,NA,100,100,4,4,4,4,0.7,0.6
2026-09-24T1900,2594A,99.1589,25.1137,保山市,市环境监测站,,23,16,17,15,9,73,NA,83,83,6,7,8,7,0.3,0.3
2026-09-24T1900,2595A,99.1616,25.1381,保山市,市环保局,,22,NA,11,11,8,68,NA,78,78,3,5,5,4,0.5,0.5
2026-09-24T1900,2596A,103.7668,27.3736,昭通市,监测站,,26,26,50,17,18,72,NA,78,77,6,10,4,5,0.3,0.4
2026-09-24T1900,2599A,100.2497,26.8802,丽江市,丽江古城,NA,NA,NA,16,NA,8,61,NA,57,57,16,11,7,4,NA,0.6
2026-09-24T1900,2600A,100.2203,26.8906,丽江市,市中心,,15,10,14,6,7,45,NA,50,49,12,11,5,5,0.8,0.7
2026-09-24T1900,2601A,100.9801,22.7634,普洱市,市环保局,,35,35,33,13,13,73,NA,81,81,8,7,7,7,0.7,0.7
2026-09-24T1900,2602A,100.9763,22.8237,普洱市,普洱第二中学,,48,48,33,28,14,66,NA,82,80,13,12,9,8,0.7,0.7
2026-09-24T1900,2603A,100.0779,23.8981,临沧市,市环保局,,19,NA,18,13,10,54,NA,65,65,11,10,7,8,0.4,0.5
2026-09-24T1900,2604A,100.0894,23.882,临沧市,市气象局,,25,NA,21,17,13,64,NA,68,68,6,7,8,10,0.6,0.6
2026-09-24T1900,2606A,101.5379,25.0492,楚雄彝族自治州,市经济开发区,,21,NA,20,13,11,66,NA,66,66,8,13,3,3,0.3,0.3
2026-09-24T1900,2610A,104.2533,23.3595,文山壮族苗族自治州,州水务局,,30,30,32,11,24,84,NA,90,90,10,10,6,6,0.4,0.4
2026-09-24T1900,2611A,104.2319,23.3892,文山壮族苗族自治州,市便民服务中心,,29,29,31,11,21,88,NA,92,92,7,7,3,3,0.7,0.7
2026-09-24T1900,2612A,100.8018,21.9995,西双版纳傣族自治州,景洪市江南,,29,29,29,19,18,68,NA,77,77,7,8,9,9,0.7,0.7
2026-09-24T1900,2613A,100.7995,22.0238,西双版纳傣族自治州,景洪市江北,,29,29,24,14,12,58,NA,72,72,14,5,10,9,0.7,0.6
2026-09-24T1900,2614A,100.2168,25.5818,大理白族自治州,大理市环境监测站,NA,NA,NA,12,19,9,62,NA,63,63,8,6,5,5,NA,0.3
2026-09-24T1900,2615A,100.1542,25.7055,大理白族自治州,大理古城,,26,NA,15,18,9,48,NA,70,68,13,9,10,10,0.1,0.1
2026-09-24T1900,2616A,98.5611,24.4273,德宏傣族景颇族自治州,德宏州监测站,,36,NA,20,25,15,88,NA,84,84,10,12,9,9,0.6,0.7
2026-09-24T1900,2618A,98.859,25.8541,怒江傈僳族自治州,州监测站,,26,26,26,9,12,49,NA,66,66,10,8,5,4,0.6,0.5
2026-09-24T1900,2619A,98.8607,25.8168,怒江傈僳族自治州,泸水一中,,23,NA,20,16,13,44,NA,58,58,9,12,5,5,0.5,0.6
2026-09-24T1900,2621A,99.7054,27.8319,迪庆藏族自治州,迪庆州站,,20,10,14,7,5,61,NA,63,63,9,7,8,7,0.4,0.4
2026-09-24T1900,2622A,97.1813,31.1289,昌都市,昌都监测站,,23,23,14,5,3,46,NA,54,54,16,12,5,5,0.4,0.3
2026-09-24T1900,2624A,91.7592,29.234,山南市,山南监测站,,26,23,6,3,2,83,NA,66,66,2,7,7,9,0.2,0.3
2026-09-24T1900,2625A,91.7701,29.2436,山南市,山南人民医院,,27,26,8,3,2,84,NA,69,69,3,6,4,6,0.2,0.2
2026-09-24T1900,2626A,88.8873,29.2723,日喀则市,日喀则监测站,,20,10,7,0,4,61,NA,79,66,8,5,5,5,0.3,0.3
2026-09-24T1900,2628A,92.0653,31.4846,那曲市,那曲监测站,,38,NA,15,26,15,94,NA,105,105,33,15,6,5,0.8,0.6
2026-09-24T1900,2630A,80.1171,32.4999,阿里地区,阿里监测站,,39,16,14,0,4,122,NA,124,124,4,7,4,5,0.2,0.2
2026-09-24T1900,2632A,94.3683,29.6373,林芝市,林芝监测站,,15,NA,6,10,4,45,NA,48,48,7,6,4,5,0.3,0.3
2026-09-24T1900,2633A,94.3616,29.6634,林芝市,林芝人民医院,,16,NA,10,11,5,42,NA,49,49,9,6,5,4,0.4,0.3
2026-09-24T1900,2635A,107.0155,33.0707,汉中市,市监测站,,27,27,31,15,23,59,NA,63,62,12,8,4,4,0.8,0.6
2026-09-24T1900,2636A,107.0083,33.114,汉中市,鑫源开发区,,26,23,26,18,21,54,NA,65,64,15,10,6,6,0.9,0.8
2026-09-24T1900,2637A,107.0072,33.0323,汉中市,南郑大河坎水厂,,27,27,32,18,23,47,NA,53,53,17,13,2,2,0.6,0.6
2026-09-24T1900,2639A,109.7445,38.2919,榆林市,世纪广场,,41,41,35,24,18,97,NA,112,112,19,22,21,12,0.6,0.5
2026-09-24T1900,2640A,109.729,38.2837,榆林市,实验中学,,35,29,31,20,17,111,NA,118,118,15,21,10,14,0.5,0.5
2026-09-24T1900,2641A,109.7347,38.2491,榆林市,环保监测大楼,,37,26,30,21,20,118,NA,118,118,13,21,6,17,0.5,0.5
2026-09-24T1900,2644A,109.0088,32.6974,安康市,汉滨区检察院,,16,6,39,3,23,50,NA,62,58,14,11,2,3,0.8,0.8
2026-09-24T1900,2645A,109.9155,33.8714,商洛市,监测站,,30,26,35,19,26,96,NA,105,105,23,13,13,13,0.9,0.7
2026-09-24T1900,2647A,104.1727,36.5448,白银市,第三小学,,35,29,19,24,13,53,NA,66,66,26,14,7,10,0.8,0.7
2026-09-24T1900,2648A,104.1467,36.5482,白银市,动力公司,,25,22,19,17,12,68,NA,73,73,16,17,7,7,0.6,0.6
2026-09-24T1900,2650A,105.72058,34.57859,天水市,公园小学,,40,40,25,14,11,35,NA,64,60,25,9,10,9,0.4,0.4
2026-09-24T1900,2651A,105.89428,34.55353,天水市,麦积国土局,NA,NA,NA,18,NA,11,47,NA,70,64,23,10,13,8,0.6,0.5
2026-09-24T1900,2652A,102.6203,37.925,武威市,监测站,,43,43,35,20,14,93,NA,96,96,10,18,12,12,0.4,0.4
2026-09-24T1900,2654A,100.4699,38.9525,张掖市,润泉湖,颗粒物(PM10),53,53,38,19,16,89,NA,97,97,13,14,2,6,0.3,0.3
2026-09-24T1900,2655A,100.4155,38.9422,张掖市,区工会,,49,49,38,23,15,109,NA,107,107,7,13,2,5,0.2,0.3
2026-09-24T1900,2656A,106.6633,35.5338,平凉市,聚贤嘉苑,,42,42,35,23,17,43,NA,58,56,25,24,10,9,0.8,0.7
2026-09-24T1900,2657A,106.7021,35.5307,平凉市,博物馆,,42,42,36,24,20,41,NA,64,62,36,22,16,11,0.7,0.6
2026-09-24T1900,2661A,107.6325,35.7357,庆阳市,庆阳五中,,46,36,38,32,25,63,NA,63,63,15,12,2,3,0.6,0.5
2026-09-24T1900,2662A,107.6361,35.7067,庆阳市,市环保局,,50,48,45,35,28,57,NA,72,70,26,15,3,2,0.5,0.4
2026-09-24T1900,2669A,102.9097,34.9841,甘南藏族自治州,州政府,,28,23,19,19,11,59,NA,64,64,11,10,6,7,0.4,0.3
2026-09-24T1900,2671A,100.9016,36.9464,海北藏族自治州,海晏县西海镇,,29,22,22,7,16,91,NA,100,100,3,5,7,8,0.4,0.4
2026-09-24T1900,2672A,102.02,35.5101,黄南藏族自治州,同仁县隆务镇,,29,29,27,12,10,82,NA,81,81,2,3,11,12,0.2,0.2
2026-09-24T1900,2673A,100.6158,36.2985,海南藏族自治州,共和县恰卜恰镇,,26,18,17,11,10,81,NA,87,87,5,10,7,7,0.3,0.4
2026-09-24T1900,2674A,100.2262,34.4854,果洛藏族自治州,玛沁县大武镇,,29,29,32,20,10,81,NA,86,86,2,3,18,18,0.4,0.4
2026-09-24T1900,2675A,97.0386,33.0138,玉树藏族自治州,玉树县结古镇,,34,10,7,4,3,106,NA,106,106,13,11,2,4,0.4,0.5
2026-09-24T1900,2676A,97.373,37.376,海西蒙古族藏族自治州,德令哈市,,37,28,21,14,12,116,NA,111,111,3,2,11,11,0.6,0.6
2026-09-24T1900,2677A,106.1535,37.9648,吴忠市,教育园区,NA,NA,NA,38,25,13,94,NA,107,107,10,16,6,7,NA,0.3
2026-09-24T1900,2679A,106.1851,37.9957,吴忠市,新区二泵站,,50,22,37,16,13,160,NA,120,120,22,14,7,8,0.4,0.4
2026-09-24T1900,2682A,105.1965,37.4996,中卫市,环保局站,,43,43,22,12,8,92,NA,106,106,23,16,4,4,0.4,0.4
2026-09-24T1900,2684A,106.2753,36.0057,固原市,监测站,,23,22,17,12,7,73,NA,83,82,11,14,8,8,0.6,0.5
2026-09-24T1900,2685A,106.2384,36.0189,固原市,新区,,25,25,17,4,9,57,NA,76,71,16,17,6,6,0.6,0.5
2026-09-24T1900,2686A,89.1905,42.9419,吐鲁番市,市环保局,,37,37,45,12,17,89,NA,92,92,26,19,5,5,0.3,0.4
2026-09-24T1900,2687A,89.1674,42.9558,吐鲁番市,地区环保局,,33,20,45,6,15,103,NA,92,92,6,16,2,2,0.3,0.5
2026-09-24T1900,2688A,93.5124,42.8176,哈密市,地区监测站,,31,20,31,16,16,98,NA,109,109,17,20,4,5,0.3,0.3
2026-09-24T1900,2689A,93.5014,42.8312,哈密市,哈密师范学校,,30,NA,29,18,15,94,NA,109,109,12,20,4,4,0.2,0.3
2026-09-24T1900,2692A,87.2722,44.0298,昌吉回族自治州,新区政务中心,NA,NA,37,37,25,18,127,NA,106,106,NA,30,NA,8,0.5,0.5
2026-09-24T1900,2693A,82.0482,44.8553,博尔塔拉蒙古自治州,市党校,,38,38,44,11,10,96,NA,86,86,4,11,4,5,0.2,0.3
2026-09-24T1900,2694A,82.0805,44.8966,博尔塔拉蒙古自治州,市环保局,,30,23,53,10,9,96,NA,89,89,5,18,6,7,0.2,0.3
2026-09-24T1900,2695A,80.2899,41.1684,阿克苏地区,电视台,,39,39,39,15,12,105,NA,96,96,6,10,3,3,0.4,0.5
2026-09-24T1900,2696A,80.2592,41.1541,阿克苏地区,艺术中心,,34,31,33,13,16,108,NA,60,60,7,12,4,6,0.2,0.1
2026-09-24T1900,2697A,76.1457,39.7143,克孜勒苏柯尔克孜自治州,市人民政府,NA,NA,59,79,19,21,111,NA,109,109,NA,11,3,6,0.2,0.4
2026-09-24T1900,2698A,76.0071,39.466,喀什地区,巡警大队,颗粒物(PM10),84,97,106,31,28,108,NA,109,109,12,15,4,4,0.0,0.1
2026-09-24T1900,2699A,75.9756,39.4693,喀什地区,吾办,颗粒物(PM10),88,103,102,31,28,105,NA,103,103,8,14,3,2,0.3,0.3
2026-09-24T1900,2704A,81.3002,43.9177,伊犁哈萨克自治州,新政府片区,NA,NA,38,49,13,16,99,NA,92,92,NA,24,4,6,0.4,0.6
2026-09-24T1900,2705A,81.3364,43.9409,伊犁哈萨克自治州,第二水厂,,39,39,61,6,13,109,NA,99,99,8,23,6,6,0.4,0.5
2026-09-24T1900,2706A,82.9993,46.7432,塔城地区,东门外小游园,NA,NA,26,50,4,10,82,NA,74,74,NA,7,3,3,0.6,0.6
2026-09-24T1900,2708A,88.1266,47.8515,阿勒泰地区,市站,NA,NA,38,25,10,4,70,NA,72,72,NA,15,NA,1,NA,0.5
2026-09-24T1900,2709A,86.0391,44.298,石河子市,艾青诗歌馆,,43,43,55,7,14,102,NA,86,86,4,32,7,8,0.2,0.3
2026-09-24T1900,2711A,87.5352,44.1606,五家渠市,农水大厦,,40,38,60,14,21,127,NA,109,109,3,17,4,5,0.3,0.5
2026-09-24T1900,2809A,113.6668,24.7756,韶关市,大学路288号,,37,37,49,24,35,54,NA,136,132,9,8,37,21,/,/
2026-09-24T1900,2835A,101.7222,26.567,攀枝花市,四十中小,,24,24,35,12,19,73,NA,77,77,12,18,12,35,0.8,0.9
2026-09-24T1900,2842A,118.0937,24.5054,厦门市,湖里中学,,30,28,37,13,18,94,NA,135,131,5,9,2,3,0.5,0.5
2026-09-24T1900,2845A,113.1561,36.1912,长治市,德盛苑,细颗粒物(PM2.5),66,47,53,43,47,156,NA,160,160,7,9,11,13,0.8,1
2026-09-24T1900,2846A,113.3209,23.1323,广州市,体育西,臭氧1小时(O3_1h),106,63,40,38,23,212,NA,202,202,27,24,6,6,0.9,0.7
2026-09-24T1900,2858A,117.7917,39.2473,天津市,河西一经路,颗粒物(PM10),58,60,70,27,33,56,NA,105,80,36,26,5,8,1.1,1
2026-09-24T1900,2859A,117.3747,38.9845,天津市,津沽路,颗粒物(PM10),70,78,91,25,44,50,NA,84,77,43,42,6,7,1.2,1.1
2026-09-24T1900,2860A,117.159,39.0844,天津市,宾水西道,,45,45,67,22,43,57,NA,91,85,17,21,4,5,0.8,0.7
2026-09-24T1900,2865A,112.7195,37.683,晋中市,榆次三中,,46,NA,31,32,25,106,NA,116,116,8,12,8,9,0.4,0.4
2026-09-24T1900,2867A,111.1225,37.5093,吕梁市,马茂庄小学,颗粒物(PM10),53,53,47,31,25,110,NA,102,102,28,37,5,3,0.9,0.8
2026-09-24T1900,2868A,126.4737,43.953,吉林市,九站,,25,19,41,6,28,77,NA,81,81,8,22,4,17,0.3,0.8
2026-09-24T1900,2869A,119.4472,32.4156,扬州市,五台山医院,,33,33,47,18,26,75,NA,75,75,18,24,12,14,0.8,0.9
2026-09-24T1900,2870A,119.4369,32.1891,镇江市,市疾控中心,,34,34,39,17,27,78,NA,70,70,14,32,9,14,0.6,0.8
2026-09-24T1900,2871A,121.6156,29.9015,宁波市,万里国际学校,,36,36,32,19,13,82,NA,124,121,13,15,8,9,0.6,0.6
2026-09-24T1900,2872A,120.7845,30.7524,嘉兴市,南湖区残联,,40,40,26,20,10,95,NA,114,111,11,12,7,8,0.3,0.3
2026-09-24T1900,2873A,120.083,30.8929,湖州市,仁皇山新区,,38,38,36,19,18,109,NA,133,133,27,23,8,8,0.5,0.4
2026-09-24T1900,2875A,115.783962,32.889217,阜阳市,阜阳职业技术学院,细颗粒物(PM2.5),102,84,78,62,53,59,NA,59,59,16,19,4,5,0.7,0.7
2026-09-24T1900,2877A,119.1638,36.6524,潍坊市,坊子邮政,颗粒物(PM10),56,58,54,36,33,86,NA,100,100,26,25,3,5,0.9,0.9
2026-09-24T1900,2880A,104.0219,30.6561,成都市,大石西路,,50,50,40,35,32,36,NA,60,58,28,17,4,4,0.7,0.5
2026-09-24T1900,2881A,107.8909,26.531,黔东南苗族侗族自治州,凯里学院,,31,NA,20,21,23,98,NA,100,100,2,4,4,4,0.5,0.5
2026-09-24T1900,2882A,102.5388,24.3703,玉溪市,玉溪一中,,27,17,23,10,12,86,NA,91,91,9,11,3,5,0.4,0.4
2026-09-24T1900,2883A,102.5382,24.339,玉溪市,文体中心,,28,23,23,10,13,89,NA,91,91,6,10,5,6,0.4,0.5
2026-09-24T1900,2884A,98.2672,39.7978,嘉峪关市,酒钢宾馆,颗粒物(PM10),67,73,64,22,20,120,NA,124,124,18,18,5,7,0.4,0.4
2026-09-24T1900,2885A,104.9344,33.3827,陇南市,滨江中学,,30,30,33,3,8,53,NA,43,43,11,13,8,8,0.8,0.8
2026-09-24T1900,2894A,117.0561,32.6536,淮南市,经济技术开发区消防队,颗粒物(PM10),53,54,68,16,45,57,NA,70,69,23,23,10,10,0.6,0.6
2026-09-24T1900,2897A,123.2429,41.7341,沈阳市,沈辽西路,颗粒物(PM10),57,59,47,19,14,29,NA,71,70,65,26,10,9,0.7,0.5
2026-09-24T1900,2900A,123.5951,41.9085,沈阳市,裕农路,,36,25,31,25,11,47,NA,75,70,29,17,6,7,0.3,0.3
2026-09-24T1900,2902A,106.6347,30.4868,广安市,北辰小学,NA,NA,NA,15,NA,9,64,NA,62,62,7,8,9,9,0.7,0.7
2026-09-24T1900,2907A,120.1846,30.8592,湖州市,吴兴区站,,32,31,29,16,15,101,NA,117,117,16,15,9,9,0.5,0.5
2026-09-24T1900,2919A,116.7022,39.5454,廊坊市,河北工业大学,细颗粒物(PM2.5),62,NA,76,41,78,61,NA,96,88,17,27,3,3,0.6,0.7
2026-09-24T1900,2920A,117.71,24.5048,漳州市,蓝田镇,,36,36,43,15,23,102,NA,158,157,10,13,6,7,0.4,0.4
2026-09-24T1900,2921A,120.5482,30.0003,绍兴市,树下王站,,37,31,37,19,20,117,NA,138,138,20,18,5,5,0.7,0.7
2026-09-24T1900,2922A,117.194,39.1069,天津市,大理道,NA,NA,NA,101,NA,64,NA,NA,184,NA,NA,40,NA,8,NA,1.0
2026-09-24T1900,2924A,106.2266,38.4417,银川市,水乡路,,35,35,36,9,11,102,NA,107,107,21,16,6,8,0.4,0.4
2026-09-24T1900,2925A,106.2758,38.4841,银川市,上海东路,,36,31,31,12,13,114,NA,114,114,19,19,6,8,0.3,0.3
2026-09-24T1900,2926A,106.1016,38.4971,银川市,文昌北街,,36,35,43,13,13,114,NA,113,113,16,25,5,6,0.4,0.4
2026-09-24T1900,2929A,114.8858,30.4519,黄冈市,红卫路,细颗粒物(PM2.5),60,57,53,40,32,125,NA,145,145,18,20,8,5,0.8,0.6
2026-09-24T1900,2996A,118.2781,33.9658,宿迁市,市供电局,,23,16,54,6,37,73,NA,78,78,10,19,4,5,0.7,1
2026-09-24T1900,2997A,119.8767,32.3291,泰州市,王营,颗粒物(PM10),52,52,52,31,34,68,NA,70,70,10,15,10,11,0.6,0.7
2026-09-24T1900,3000A,119.3577,34.6971,连云港市,德源药业,,20,14,32,9,16,61,NA,75,73,18,20,5,6,0.2,0.3
2026-09-24T1900,3002A,119.9701,31.813,常州市,行政中心,,44,44,40,17,11,65,NA,75,75,29,30,8,8,0.8,0.8
2026-09-24T1900,3003A,120.0434,31.7726,常州市,经开区,,49,49,38,13,9,60,NA,74,74,28,29,11,11,1.0,0.7
2026-09-24T1900,3004A,120.1543,33.3664,盐城市,宝龙广场,,19,NA,18,8,11,58,NA,63,59,8,7,9,9,0.4,0.4
2026-09-24T1900,3005A,117.1812,34.29,徐州市,鼓楼区政府,,29,29,88,14,70,61,NA,64,64,15,22,7,7,0.7,0.9
2026-09-24T1900,3006A,117.1693,34.1781,徐州市,铜山区招生办,,28,17,90,4,65,87,NA,80,80,8,20,5,8,0.5,0.8
2026-09-24T1900,3007A,119.178,34.8442,连云港市,新城一中,,19,11,47,7,17,58,NA,81,79,23,37,7,9,0.2,0.4
2026-09-24T1900,3008A,119.3607,34.7519,连云港市,胡沟管理处,,24,7,27,5,13,75,NA,80,79,8,13,9,11,0.4,0.5
2026-09-24T1900,3009A,119.1478,34.5913,连云港市,矿山设计院,,25,14,31,9,18,79,NA,80,80,5,6,3,4,0.2,0.3
2026-09-24T1900,3010A,119.8919,31.7892,常州市,钟楼,,46,46,34,13,10,68,NA,74,74,27,30,10,10,0.6,0.5
2026-09-24T1900,3012A,112.1849,31.0361,荆门市,西山林语,细颗粒物(PM2.5),110,88,59,70,45,81,NA,90,90,18,10,6,6,1.0,0.9
2026-09-24T1900,3014A,106.4958,29.5347,重庆市,歇台子,,38,35,25,26,11,80,NA,78,78,20,17,8,8,0.7,0.7
2026-09-24T1900,3015A,106.4067,29.5729,重庆市,龙井湾,,38,38,27,26,16,82,NA,80,80,12,15,8,8,0.8,0.9
2026-09-24T1900,3016A,106.5506,29.415,重庆市,龙洲湾,,42,37,26,29,14,101,NA,89,89,18,13,8,9,0.6,0.6
2026-09-24T1900,3018A,111.5048,36.1015,临汾市,唐尧大酒店,颗粒物(PM10),75,85,69,44,40,120,NA,149,149,16,17,7,8,0.9,0.9
2026-09-24T1900,3020A,117.2096,39.1698,天津市,中山北路,颗粒物(PM10),55,57,86,27,48,41,NA,87,77,38,43,5,6,0.9,1
2026-09-24T1900,3021A,115,35.7667,濮阳市,濮水河管理处,颗粒物(PM10),65,70,99,33,59,116,NA,135,135,14,20,4,5,0.6,0.7
2026-09-24T1900,3025A,113.0479,23.6343,清远市,技师学院,臭氧1小时(O3_1h),67,44,53,34,36,173,NA,168,168,16,22,8,9,0.4,0.5
2026-09-24T1900,3026A,116.6179,23.6608,潮州市,市政府,,41,41,34,21,20,103,NA,127,126,10,8,7,7,0.9,0.8
2026-09-24T1900,3028A,104.7765,29.3623,自贡市,檀木林体育馆,,25,22,18,13,10,80,NA,82,82,8,9,8,8,0.7,0.7
2026-09-24T1900,3033A,87.4652,43.4569,乌鲁木齐市,培训基地,,37,19,21,13,10,117,NA,112,112,4,6,4,4,0.2,0.3
2026-09-24T1900,3034A,113.1076,41.0385,乌兰察布市,光明街小学,,33,25,27,21,15,104,NA,130,127,17,22,3,6,0.5,0.4
2026-09-24T1900,3036A,118.6903,37.4337,东营市,开发区管委会,,43,43,67,19,29,121,NA,160,158,28,25,6,12,0.4,0.7
2026-09-24T1900,3038A,103.3757,23.3679,红河哈尼族彝族自治州,州图书馆,NA,NA,21,27,NA,21,80,NA,83,80,4,4,2,3,0.3,0.4
2026-09-24T1900,3039A,111.1911,34.7829,三门峡市,三门峡市第一小学,,48,40,52,33,36,108,NA,127,127,13,14,3,5,0.6,0.7
2026-09-24T1900,3045A,109.9647,33.8486,商洛市,商州区中学,,32,32,37,20,27,76,NA,99,99,35,19,26,13,0.7,0.5
2026-09-24T1900,3046A,115.9084,28.6062,南昌市,机电学校,,50,50,46,31,35,109,NA,149,146,10,11,9,10,0.7,0.7
2026-09-24T1900,3048A,119.5799,26.0937,福州市,九龙,,35,23,24,12,9,109,NA,107,107,9,8,5,5,0.3,0.3
2026-09-24T1900,3051A,117.385,39.1483,天津市,西四道,颗粒物(PM10),58,60,81,24,41,50,NA,88,77,30,43,7,7,1.3,0.7
2026-09-24T1900,3054A,113.9194,35.2847,新乡市,市委党校,,32,32,82,15,59,101,NA,121,121,14,35,6,7,0.3,0.4
2026-09-24T1900,3055A,101.7775,36.643,西宁市,城北区政府,,35,32,22,24,18,74,NA,83,83,22,19,19,9,0.9,1
2026-09-24T1900,3057A,121.5989,37.4016,烟台市,牟平检察院,,30,29,26,7,17,93,NA,105,105,11,12,8,11,0.4,0.4
2026-09-24T1900,3058A,119.2656,42.0356,赤峰市,银河街,,35,35,30,9,11,75,NA,86,86,16,13,5,9,0.6,0.6
2026-09-24T1900,3059A,117.7181,36.205,济南市,泰兴公司,颗粒物(PM10),56,58,82,29,43,106,NA,140,140,30,67,6,9,0.6,0.8
2026-09-24T1900,3061A,119.7511,49.1576,呼伦贝尔市,国华电力东,颗粒物(PM10),70,77,28,35,14,33,NA,82,78,47,19,5,5,0.4,0.3
2026-09-24T1900,3064A,117.6861,36.2172,济南市,莱芜战役纪念馆,NA,NA,NA,86,NA,50,NA,NA,170,NA,NA,66,NA,9,NA,0.7
2026-09-24T1900,3065A,101.9534,29.9976,甘孜藏族自治州,州环保局,NA,NA,NA,12,NA,2,40,NA,47,47,14,14,3,3,0.2,0.3
2026-09-24T1900,3066A,116.2722,37.438,德州市,九衢泉纯净水厂,颗粒物(PM10),95,112,98,40,45,181,NA,190,190,20,30,14,14,0.7,0.7
2026-09-24T1900,3109A,115.0094,25.8614,赣州市,赣县区卫计委,,39,30,36,27,27,83,NA,114,111,2,6,2,5,1.1,1
2026-09-24T1900,3123A,105.9408,26.2431,安顺市,凤凰山,,35,25,30,24,24,89,NA,97,97,5,5,6,6,0.6,0.6
2026-09-24T1900,3124A,105.9443,26.2567,安顺市,金钟山,,32,25,29,22,24,96,NA,103,103,6,5,6,6,0.5,0.5
2026-09-24T1900,3125A,105.8983,26.248,安顺市,娄家坡,,40,NA,30,28,22,87,NA,94,93,4,3,6,7,0.5,0.5
2026-09-24T1900,3131A,114.878,40.7992,张家口市,烟厂,,36,24,40,14,20,115,NA,132,130,10,12,/,/,/,/
2026-09-24T1900,3132A,119.5979,39.938,秦皇岛市,文明里,,41,41,71,8,21,63,NA,94,89,22,13,5,6,0.4,0.5
2026-09-24T1900,3133A,106.5469,29.5655,重庆市,上清寺,,38,34,25,26,12,75,NA,69,69,21,20,2,3,0.7,0.6
2026-09-24T1900,3134A,113.8172,34.0339,许昌市,市一中,,33,NA,57,23,42,83,NA,95,93,9,16,6,7,0.6,0.7
2026-09-24T1900,3136A,104.2724,30.559,成都市,龙泉驿区区政府,,39,27,18,27,20,65,NA,80,80,18,11,2,4,0.9,0.8
2026-09-24T1900,3138A,111.7152,29.0288,常德市,武陵区永安,,42,42,40,24,33,103,NA,110,110,8,12,8,8,0.9,0.9
2026-09-24T1900,3139A,111.6891,28.9881,常德市,鼎城区玉霞,NA,NA,40,38,22,31,100,NA,118,118,NA,15,9,9,1.0,1
2026-09-24T1900,3140A,111.6651,29.0526,常德市,武陵区长庚,,45,42,39,31,38,108,NA,118,118,6,11,7,7,1.1,1.1
2026-09-24T1900,3141A,114.3921,36.0879,安阳市,信访局,细颗粒物(PM2.5),64,64,104,42,69,145,NA,171,171,13,24,4,6,0.5,0.6
2026-09-24T1900,3147A,114.3434,34.8101,开封市,龙亭公园,,33,29,93,23,53,105,NA,113,113,7,14,4,5,0.9,1
2026-09-24T1900,3148A,103.829,30.0563,眉山市,区人社局,,39,39,38,17,16,62,NA,65,65,21,17,6,7,1.0,1
2026-09-24T1900,3149A,115.0174,30.1591,黄石市,笔架山北路,颗粒物(PM10),69,76,73,30,24,114,NA,116,116,12,9,9,9,1.1,1.1
2026-09-24T1900,3151A,114.375,27.8096,宜春市,宜春学院北校区,,50,50,53,18,38,96,NA,106,106,9,10,3,4,0.9,1
2026-09-24T1900,3153A,114.3876,30.4908,武汉市,民族大道182号,,39,27,50,27,35,80,NA,102,102,20,28,6,6,1.1,1.2
2026-09-24T1900,3164A,119.4682,32.394,扬州市,广陵建设局,,41,41,54,14,32,71,NA,70,70,18,31,10,12,0.4,0.5
2026-09-24T1900,3171A,115.6069,34.4465,商丘市,梁园区档案局,NA,NA,NA,70,2,40,79,NA,90,87,10,25,4,5,0.7,0.8
2026-09-24T1900,3173A,117.0598,30.5351,安庆市,市人大,,34,34,50,16,40,93,NA,130,127,15,18,6,7,0.9,1
2026-09-24T1900,3178A,119.0587,36.7209,潍坊市,潍坊七中,,48,48,58,32,31,102,NA,110,110,17,26,5,8,0.5,0.6
2026-09-24T1900,3179A,102.7491,25.012,昆明市,官渡区博物馆,,30,21,21,12,11,93,NA,97,97,11,11,4,5,0.3,0.4
2026-09-24T1900,3180A,99.7122,27.8129,迪庆藏族自治州,质量技术监督局,,20,14,12,8,4,62,NA,64,64,9,7,6,6,0.3,0.2
2026-09-24T1900,3181A,106.776805,31.852614,巴中市,市五中,,12,12,12,6,5,30,NA,33,33,6,7,10,10,0.8,0.9
2026-09-24T1900,3183A,106.7419,31.8654,巴中市,圣泉水务公司,,23,23,13,6,4,26,NA,37,37,15,12,13,12,0.9,0.9
2026-09-24T1900,3187A,116.9508,33.666,宿州市,远航博物馆,,28,28,60,17,52,70,NA,80,80,9,17,6,8,0.5,0.7
2026-09-24T1900,3188A,115.6684,37.7216,衡水市,市城管局,颗粒物(PM10),93,109,131,38,64,110,NA,125,125,20,30,8,8,0.6,0.6
2026-09-24T1900,3190A,116.0254,29.6995,九江市,外国语学校,,41,38,43,21,31,129,NA,173,171,18,31,11,9,0.9,1
2026-09-24T1900,3191A,118.3243,33.95,宿迁市,宿豫区政府,,25,14,45,6,39,78,NA,79,79,5,15,5,7,1.0,1.2
2026-09-24T1900,3192A,80.0906,32.5029,阿里地区,阿里藏医院,,40,13,12,3,3,125,NA,128,128,4,4,5,6,0.2,0.3
2026-09-24T1900,3194A,112.2749,30.3124,荆州市,管委会,细颗粒物(PM2.5),52,49,58,36,47,80,NA,94,94,15,26,8,7,0.7,0.8
2026-09-24T1900,3195A,119.3649,32.3961,扬州市,市体育局,,39,39,54,14,29,82,NA,78,78,16,22,10,11,0.5,0.7
2026-09-24T1900,3200A,115.9772,36.4986,聊城市,监控中心,细颗粒物(PM2.5),72,73,82,46,39,165,NA,181,181,18,24,8,10,0.3,0.3
2026-09-24T1900,3206A,114.9148,27.8069,新余市,新钢沁园村,细颗粒物(PM2.5),68,49,50,44,39,135,NA,136,136,13,14,8,12,1.1,0.9
2026-09-24T1900,3207A,118.31131,32.3033,滁州市,市政府原办公楼,,44,44,41,27,37,61,NA,74,74,21,23,8,10,0.6,0.6
2026-09-24T1900,3208A,112.7279,38.4157,忻州市,市政府,,36,34,36,25,22,89,NA,104,104,23,23,7,7,1.0,0.9
2026-09-24T1900,3209A,119.5231,26.6562,宁德市,宁德一中,,31,27,28,18,16,98,NA,119,117,7,6,4,6,0.5,0.5
2026-09-24T1900,3210A,114.3645,34.7955,开封市,汴京公园,,38,38,103,21,52,98,NA,108,108,8,17,6,6,0.8,0.9
2026-09-24T1900,3216A,117.662,24.5187,漳州市,漳州党校,,37,37,45,18,26,106,NA,159,159,12,12,/,/,/,/
2026-09-24T1900,3237A,117.4918,30.6617,池州市,展览馆,,45,38,45,31,32,90,NA,125,121,13,15,4,4,1.0,0.9
2026-09-24T1900,3241A,103.7439,36.0841,兰州市,百合公园,颗粒物(PM10),56,58,34,26,13,76,NA,76,76,68,64,5,6,1.0,0.6
2026-09-24T1900,3242A,103.9613,35.9985,兰州市,和平,,39,33,21,27,10,68,NA,79,79,23,14,12,11,0.4,0.3
2026-09-24T1900,3247A,104.9551,33.3709,陇南市,市总工会,,26,26,28,3,6,58,NA,46,46,6,11,8,8,0.7,0.6
2026-09-24T1900,3248A,98.2644,39.7723,嘉峪关市,雄关区,颗粒物(PM10),59,62,57,20,18,118,NA,122,122,10,16,6,5,0.3,0.3
2026-09-24T1900,3265A,121.4242,31.3303,上海市,宝山庙行,NA,NA,33,33,14,13,87,NA,93,93,NA,20,8,8,0.4,0.4
2026-09-24T1900,3266A,121.8789,31.4662,上海市,崇明上实东滩,,32,24,22,12,10,101,NA,104,104,4,5,10,10,0.3,0.3
2026-09-24T1900,3268A,121.316,31.2839,上海市,嘉定南翔,,27,27,24,14,12,78,NA,89,88,19,19,5,6,0.3,0.3
2026-09-24T1900,3269A,121.3357,30.7455,上海市,金山新城,,32,30,28,16,14,100,NA,103,103,7,6,6,5,0.4,0.4
2026-09-24T1900,3270A,121.4996,31.0741,上海市,闵行浦江,,32,32,30,15,14,87,NA,89,89,8,17,6,7,0.5,0.5
2026-09-24T1900,3271A,121.2886,31.1663,上海市,青浦徐泾,,30,30,31,14,13,83,NA,91,91,8,12,6,7,0.5,0.5
2026-09-24T1900,3272A,121.2193,31.0382,上海市,松江图书馆,,36,36,36,15,15,86,NA,101,100,16,18,7,7,0.5,0.4
2026-09-24T1900,3273A,121.3904,31.206,上海市,长宁仙霞,,37,37,29,14,12,71,NA,82,82,23,21,2,2,0.2,0.2
2026-09-24T1900,3274A,121.7964,31.0507,上海市,浦东惠南,,25,20,24,9,10,77,NA,96,94,20,19,10,10,0.7,0.7
2026-09-24T1900,3282A,113.3399,40.0586,大同市,大同市卫生学校,,33,18,41,14,15,105,NA,126,126,22,28,9,10,0.5,0.5
2026-09-24T1900,3283A,109.9154,40.5684,包头市,滨河大厦,,48,NA,41,33,28,81,NA,92,90,31,38,11,10,0.5,0.5
2026-09-24T1900,3284A,106.8129,39.7274,乌海市,海北新区,NA,NA,66,50,16,15,NA,NA,17,NA,13,19,11,7,0.4,0.4
2026-09-24T1900,3285A,113.1383,40.9513,乌兰察布市,北京八中,,44,44,71,11,11,105,NA,127,124,14,26,4,5,0.3,0.3
2026-09-24T1900,3286A,118.9359,42.3146,赤峰市,桥北物流园区,,28,22,24,9,10,89,NA,100,100,18,20,4,5,0.7,0.6
2026-09-24T1900,3287A,119.3842,32.198,镇江市,富润路1号,,35,35,45,23,31,76,NA,76,76,20,37,9,13,0.3,0.6
2026-09-24T1900,3288A,117.4619,34.4368,徐州市,大泉街道,,39,39,99,18,84,49,NA,65,65,18,20,6,8,0.8,1
2026-09-24T1900,3289A,120.7431,31.3188,苏州市,方洲路,,39,39,32,17,12,53,NA,88,87,40,24,8,8,0.6,0.5
2026-09-24T1900,3290A,120.4979,31.2777,苏州市,木渎中学,,36,36,29,14,11,89,NA,103,103,21,19,5,6,0.6,0.6
2026-09-24T1900,3291A,121.0631,32.0644,南通市,通州监测站,,25,19,27,13,12,80,NA,84,83,7,9,3,1,0.6,0.6
2026-09-24T1900,3293A,120.1518,33.3369,盐城市,月亮广场,,27,15,24,7,11,84,NA,81,81,6,7,10,11,0.3,0.4
2026-09-24T1900,3294A,119.565282,32.422263,扬州市,引江管理处,,40,40,47,21,31,65,NA,71,71,15,17,5,7,0.7,0.8
2026-09-24T1900,3295A,120.1226,32.515,泰州市,姜堰区政府广场,,29,29,34,16,17,81,NA,85,85,9,10,9,9,0.6,0.6
2026-09-24T1900,3298A,113.5718,23.5493,广州市,从化街口,颗粒物(PM10),57,59,39,37,27,86,NA,142,140,10,15,7,8,0.7,0.6
2026-09-24T1900,3299A,113.3463,23.369,广州市,白云竹料,臭氧1小时(O3_1h),60,60,41,37,27,168,NA,198,198,18,19,5,5,0.8,0.8
2026-09-24T1900,3300A,113.2981,23.2365,广州市,白云嘉禾,臭氧1小时(O3_1h),63,66,40,38,27,170,NA,190,190,30,26,2,3,/,/
2026-09-24T1900,3301A,113.4256,23.1716,广州市,黄埔科学城,颗粒物(PM10),53,53,43,36,28,141,NA,181,181,33,22,6,7,0.8,0.8
2026-09-24T1900,3302A,113.3942,23.0485,广州市,番禺大学城,臭氧1小时(O3_1h),130,59,37,45,23,260,NA,206,206,29,21,8,7,0.7,0.5
2026-09-24T1900,3303A,113.4923,22.8169,广州市,南沙黄阁,臭氧1小时(O3_1h),102,59,40,36,24,204,NA,195,195,17,14,11,10,/,/
2026-09-24T1900,3304A,113.534,22.7893,广州市,南沙街,颗粒物(PM10),58,60,40,33,23,159,NA,171,171,14,14,10,10,0.7,0.7
2026-09-24T1900,3305A,114.0614,22.556,深圳市,莲花,,31,31,29,20,19,97,NA,112,110,16,9,/,/,/,/
2026-09-24T1900,3306A,114.0144,22.6163,深圳市,民治,,44,44,37,22,21,109,NA,140,138,36,18,/,/,/,/
2026-09-24T1900,3307A,114.1756,22.6421,深圳市,横岗,,31,31,38,18,20,87,NA,136,129,26,17,/,/,/,/
2026-09-24T1900,3308A,113.3493,22.0572,珠海市,金湾,,34,30,28,18,16,108,NA,117,117,8,6,/,/,0.4,0.3
2026-09-24T1900,3311A,113.1077,22.5647,江门市,江海富民,颗粒物(PM10),56,58,62,24,24,153,NA,173,173,13,14,/,/,0.5,0.4
2026-09-24T1900,3313A,112.4572,23.0163,肇庆市,高要湖西,,44,36,39,29,24,139,NA,143,143,7,10,6,9,0.6,0.6
2026-09-24T1900,3314A,114.4334,22.8134,惠州市,惠阳秋长,,39,39,38,23,19,111,NA,143,143,10,7,/,/,/,/
2026-09-24T1900,3315A,116.1234,24.2994,梅州市,梅龙,,41,41,32,25,22,86,NA,107,107,15,9,9,8,0.9,0.7
2026-09-24T1900,3317A,111.9785,21.8954,阳江市,两阳中学,,39,32,32,16,19,123,NA,116,116,4,10,/,/,0.6,0.5
2026-09-24T1900,3318A,112.9898,23.7403,清远市,清新太和,颗粒物(PM10),53,54,52,31,33,114,NA,139,139,10,9,8,9,0.8,0.8
2026-09-24T1900,3319A,113.7283,23.041,东莞市,万江金泰,臭氧1小时(O3_1h),65,57,39,38,27,172,NA,183,183,13,13,6,5,0.8,0.7
2026-09-24T1900,3320A,116.4028,23.5699,揭阳市,曲溪,颗粒物(PM10),55,56,40,24,20,98,NA,140,138,12,10,7,12,0.7,0.6
2026-09-24T1900,3323A,115.2772,40.9723,张家口市,青少年活动中心,,34,14,23,13,12,107,NA,139,134,9,9,3,2,0.3,0.1
2026-09-24T1900,3324A,116.8011,38.294,沧州市,河北水利电力学院,颗粒物(PM10),51,51,101,31,52,85,NA,122,120,10,21,6,10,0.4,0.5
2026-09-24T1900,3325A,117.0362,39.3827,天津市,雍阳西道,,44,44,90,25,50,62,NA,72,70,12,32,6,8,0.7,0.9
2026-09-24T1900,3326A,117.0291,39.0612,天津市,辛老路,,44,44,89,22,56,55,NA,96,86,29,37,3,6,0.8,0.9
2026-09-24T1900,3327A,116.9638,38.9374,天津市,地纬路,,44,44,93,23,57,48,NA,87,78,29,37,7,8,0.7,0.6
2026-09-24T1900,3328A,118.4209,31.3704,芜湖市,市气象局,颗粒物(PM10),52,52,38,26,30,112,NA,118,118,8,12,8,8,0.5,0.6
2026-09-24T1900,3329A,117.011,32.5891,淮南市,山南新区,颗粒物(PM10),72,80,66,32,44,70,NA,85,85,25,21,5,6,0.3,0.3
2026-09-24T1900,3331A,118.3268,32.2633,滁州市,图书馆,,47,47,44,17,29,47,NA,66,66,20,22,9,11,0.4,0.5
2026-09-24T1900,3332A,115.7631,33.803,亳州市,亳州学院,,24,10,46,1,34,74,NA,83,76,7,14,2,3,0.3,0.5
2026-09-24T1900,3333A,117.5626,30.695,池州市,第八中学,,39,39,43,26,29,104,NA,126,126,14,15,6,6,0.9,1
2026-09-24T1900,3334A,117.5037,30.6242,池州市,第十二中学,,48,42,48,33,34,86,NA,123,121,22,20,5,4,1.1,1.3
2026-09-24T1900,3335A,113.3137,35.2643,焦作市,马村街道办,颗粒物(PM10),55,56,91,31,58,106,NA,133,133,17,20,3,4,0.5,0.7
2026-09-24T1900,3336A,113.2464,35.2374,焦作市,焦作技师学院,NA,NA,NA,80,NA,51,106,NA,134,134,NA,14,6,7,0.6,0.7
2026-09-24T1900,3337A,113.8611,34.0443,许昌市,许昌学院,,36,36,68,21,37,86,NA,98,96,10,22,5,6,0.5,0.6
2026-09-24T1900,3338A,113.8428,34.0825,许昌市,芙蓉广场,,40,NA,60,28,43,85,NA,98,97,10,18,6,7,0.6,0.7
2026-09-24T1900,3339A,114.0002,33.0404,驻马店市,小管楼,细颗粒物(PM2.5),76,69,74,48,49,73,NA,64,64,18,18,7,6,0.4,0.5
2026-09-24T1900,3340A,112.6005,34.6323,洛阳市,伊滨,细颗粒物(PM2.5),62,53,69,41,47,58,NA,88,85,27,24,7,8,0.6,0.5
2026-09-24T1900,3341A,112.495,34.6338,洛阳市,中移产业园,细颗粒物(PM2.5),52,45,72,36,51,88,NA,113,106,13,21,10,12,0.5,0.6
2026-09-24T1900,3342A,128.7948,47.7291,伊春市,中心小学,颗粒物(PM10),110,144,34,36,7,12,NA,73,67,41,7,2,2,0.6,0.3
2026-09-24T1900,3343A,128.6736,47.729,伊春市,检察院,,37,37,20,14,6,58,NA,82,80,10,4,6,5,0.4,0.3
2026-09-24T1900,3345A,131.0413,45.7795,七台河市,中波台,,42,42,14,13,10,21,NA,60,56,42,14,3,3,0.6,0.5
2026-09-24T1900,3346A,108.3871,31.1627,重庆市,安康,,30,30,17,20,12,18,NA,46,46,22,10,8,8,0.9,0.8
2026-09-24T1900,3347A,105.8983,29.36,重庆市,北山路,,30,30,26,19,20,79,NA,74,74,6,15,8,8,0.6,0.6
2026-09-24T1900,3350A,106.648859,29.023807,重庆市,滩子口,细颗粒物(PM2.5),58,57,37,39,22,88,NA,85,85,20,13,16,16,0.8,0.6
2026-09-24T1900,3351A,105.7164,29.7077,重庆市,棠香,,30,30,23,16,10,86,NA,77,77,7,7,5,8,0.5,0.5
2026-09-24T1900,3352A,107.0733,29.8618,重庆市,桃源西路,,37,37,25,23,10,66,NA,75,75,9,8,3,7,0.7,0.7
2026-09-24T1900,3353A,107.3536,29.7283,重庆市,迎宾大道,,32,32,22,22,10,71,NA,94,94,10,10,4,3,0.6,0.6
2026-09-24T1900,3354A,108.8152,29.5079,重庆市,舟白,,20,20,18,11,5,50,NA,54,54,8,7,5,5,0.5,0.5
2026-09-24T1900,3355A,108.3679,30.8429,重庆市,周家坝,,25,25,27,14,11,67,NA,75,75,13,16,4,4,0.7,0.8
2026-09-24T1900,3356A,108.4323,30.7554,重庆市,百安坝,NA,NA,23,18,22,7,58,NA,70,70,14,11,NA,11,0.7,0.6
2026-09-24T1900,3357A,104.0028,30.6891,成都市,金博路,,38,26,29,26,27,25,NA,55,54,35,18,1,2,1.3,1.2
2026-09-24T1900,3359A,104.056,30.5228,成都市,华阳,,40,34,25,28,21,48,NA,58,58,23,14,2,2,1.0,0.8
2026-09-24T1900,3360A,104.7894,29.3197,自贡市,南湖救助站,,26,26,26,14,13,79,NA,92,92,9,10,6,7,1.0,1
2026-09-24T1900,3361A,103.7313,29.563,乐山市,理工大学,,39,39,21,26,14,50,NA,73,73,16,9,7,5,0.9,0.8
2026-09-24T1900,3363A,117.9883,36.8372,淄博市,新区,颗粒物(PM10),53,53,80,16,50,49,NA,141,137,78,53,4,10,0.8,1.1
2026-09-24T1900,3364A,117.316,34.8106,枣庄市,市环保局,,37,37,121,13,75,73,NA,85,85,14,24,2,18,0.6,0.9
2026-09-24T1900,3365A,118.5721,37.5654,东营市,垦利区民丰路,细颗粒物(PM2.5),60,58,66,40,33,111,NA,157,157,28,33,6,6,0.4,0.6
2026-09-24T1900,3366A,121.5202,37.4336,烟台市,中国农业大学,,34,34,25,10,14,82,NA,102,102,18,13,8,9,0.2,0.2
2026-09-24T1900,3368A,119.1978,36.6871,潍坊市,高新实验学校,颗粒物(PM10),56,58,56,28,28,88,NA,105,105,20,24,7,9,0.7,0.9
2026-09-24T1900,3370A,118.3563,35.0215,临沂市,十里堡居委,,24,12,60,11,48,74,NA,89,89,13,30,8,12,0.7,0.8
2026-09-24T1900,3371A,116.3693,37.44,德州市,开发区人民医院,颗粒物(PM10),114,156,98,45,44,162,NA,185,185,28,32,11,12,0.7,0.6
2026-09-24T1900,3374A,115.5562,35.089,菏泽市,定陶老年大学,颗粒物(PM10),53,53,102,33,59,95,NA,112,112,14,22,6,8,0.3,0.4
2026-09-24T1900,3375A,102.8016,24.8336,昆明市,青年创业园,,30,26,26,18,12,96,NA,99,99,10,20,5,5,0.6,0.8
2026-09-24T1900,3376A,103.7926,25.4651,曲靖市,南苑二区,,32,NA,23,21,15,100,NA,94,94,7,7,4,4,0.4,0.5
2026-09-24T1900,3377A,103.7442,25.5259,曲靖市,曲靖师范学院,,35,25,26,17,17,110,NA,102,102,4,8,3,4,0.4,0.4
2026-09-24T1900,3379A,122.1122,40.2275,营口市,鲅鱼圈市民活动中心,颗粒物(PM10),102,123,86,48,38,68,NA,79,79,52,31,8,7,1.4,1.2
2026-09-24T1900,3380A,102.8915,34.9618,甘南藏族自治州,甘肃民族师范学院,NA,NA,NA,25,12,12,72,NA,83,83,39,18,7,7,0.4,0.4
2026-09-24T1900,3396A,112.0764,32.0089,襄阳市,襄城隆中路,细颗粒物(PM2.5),88,58,65,54,51,63,NA,67,66,16,17,8,9,1.0,1
2026-09-24T1900,3397A,112.1154,32.103,襄阳市,高新台子湾,NA,NA,NA,58,NA,57,71,NA,80,79,NA,13,8,8,1.0,0.9
2026-09-24T1900,3398A,114.9134,30.4446,黄冈市,市林业局,颗粒物(PM10),56,58,45,30,23,118,NA,136,136,19,23,8,6,0.7,0.6
2026-09-24T1900,3399A,112.6703,26.8817,衡阳市,师范学院,细颗粒物(PM2.5),60,NA,49,40,34,114,NA,130,130,8,11,7,7,0.9,1
2026-09-24T1900,3400A,109.1844,21.4396,北海市,龙潭自来水厂,,28,28,31,10,16,70,NA,111,106,5,7,4,11,0.6,0.7
2026-09-24T1900,3401A,108.4829,22.762,南宁市,红星社区,,33,29,28,16,18,103,NA,119,118,11,13,6,7,0.8,0.8
2026-09-24T1900,3402A,109.5422,24.3994,柳州市,市二中,,32,31,31,20,21,100,NA,112,112,10,17,8,8,0.6,0.7
2026-09-24T1900,3404A,108.5959,21.9634,钦州市,北职校,,40,40,37,18,19,118,NA,117,117,9,11,10,9,0.6,0.6
2026-09-24T1900,3405A,109.5886,23.1172,贵港市,新世纪学校,,41,41,47,28,30,99,NA,125,125,15,19,/,/,0.7,0.7
2026-09-24T1900,3407A,120.6915,30.7741,嘉兴市,秀洲住建,,36,36,27,12,8,95,NA,120,117,11,13,7,6,0.4,0.4
2026-09-24T1900,3408A,120.5685,29.936,绍兴市,绍兴中专,,40,38,43,17,23,128,NA,141,141,14,15,7,7,0.5,0.7
2026-09-24T1900,3409A,120.4905,30.086,绍兴市,柯桥区政府,,42,42,37,25,22,112,NA,142,142,16,14,8,7,0.3,0.3
2026-09-24T1900,3410A,120.8751,30.0249,绍兴市,重华小学,颗粒物(PM10),61,65,39,34,22,118,NA,137,137,18,13,7,7,0.6,0.5
2026-09-24T1900,3411A,120.837,30.0137,绍兴市,上虞中学,颗粒物(PM10),56,58,41,28,21,128,NA,138,138,17,14,5,5,0.7,0.7
2026-09-24T1900,3416A,119.1758,36.7139,潍坊市,潍坊学院,细颗粒物(PM2.5),68,66,62,44,32,96,NA,107,107,25,30,6,11,0.6,0.8
2026-09-24T1900,3418A,116.8336,40.4095,北京市,密云新城,,39,36,54,27,35,34,NA,113,63,14,11,2,3,0.8,0.8
2026-09-24T1900,3419A,109.9449,40.6259,包头市,包头市委党校,,34,34,37,22,22,81,NA,99,97,44,47,9,10,0.6,0.7
2026-09-24T1900,3421A,113.1776,40.9779,乌兰察布市,市委党校,,36,33,26,18,14,115,NA,137,135,11,22,2,3,0.4,0.4
2026-09-24T1900,3422A,118.8443,31.919,南京市,江宁彩虹桥,颗粒物(PM10),51,51,45,19,21,73,NA,87,87,18,17,7,6,0.5,0.4
2026-09-24T1900,3425A,120.642,31.1733,苏州市,越秀幼儿园,,42,42,34,18,11,70,NA,103,102,24,16,5,5,0.6,0.6
2026-09-24T1900,3426A,118.8757,33.2897,淮安市,新华书店,,22,18,42,7,20,68,NA,76,76,9,15,9,10,0.5,0.7
2026-09-24T1900,3427A,118.8497,32.3599,南京市,六合雄州,,35,35,45,16,31,54,NA,61,59,26,25,9,4,0.9,0.9
2026-09-24T1900,3429A,119.8595,31.706,常州市,武进经发区,颗粒物(PM10),52,52,43,16,16,66,NA,86,86,31,39,9,8,1.1,0.8
2026-09-24T1900,3430A,119.5812,31.7256,常州市,金坛城区,,47,47,40,27,18,64,NA,105,105,35,31,4,4,0.6,0.9
2026-09-24T1900,3431A,120.6502,31.4117,苏州市,高铁新城,,41,41,37,14,11,58,NA,73,73,36,44,7,8,0.6,0.6
2026-09-24T1900,3432A,120.9348,31.9874,南通市,环境教育馆,,27,27,25,10,12,68,NA,84,79,12,18,5,7,0.4,0.4
2026-09-24T1900,3434A,119.2414,34.6539,连云港市,工贸学校,,28,NA,24,6,16,87,NA,90,89,5,6,7,8,0.3,0.5
2026-09-24T1900,3435A,119.9186,32.4322,泰州市,周山河街区,,49,43,41,34,30,59,NA,74,74,16,14,12,12,0.6,0.7
2026-09-24T1900,3436A,120.4283,33.2048,盐城市,大丰高级中学,,30,14,19,8,8,96,NA,96,96,9,7,6,7,0.5,0.5
2026-09-24T1900,3437A,88.3088,43.3637,乌鲁木齐市,达坂城区环保局,,33,8,27,2,10,104,NA,91,91,6,12,3,3,0.3,0.4
2026-09-24T1900,3438A,87.6132,43.8791,乌鲁木齐市,红光山片区,,49,49,47,22,18,127,NA,96,96,14,39,2,4,0.2,0.3
2026-09-24T1900,3439A,87.7008,43.8003,乌鲁木齐市,新师大温泉校区,NA,NA,NA,62,29,22,135,NA,102,102,NA,21,5,11,0.3,0.3
2026-09-24T1900,3440A,87.4892,43.84,乌鲁木齐市,大绿谷,颗粒物(PM10),53,54,49,22,16,130,NA,97,97,12,34,3,2,0.5,0.5
2026-09-24T1900,3441A,87.5461,44.1909,五家渠市,经开区管委会,,46,46,73,13,19,122,NA,106,106,6,20,4,5,0.3,0.5
2026-09-24T1900,3442A,86.047,44.2331,石河子市,南区管委会,颗粒物(PM10),51,51,48,10,7,98,NA,85,85,6,12,6,7,0.2,0.2
2026-09-24T1900,3443A,113.2905,23.5541,广州市,花都梯面,,48,48,44,32,28,140,NA,153,153,12,20,6,6,/,/
2026-09-24T1900,3444A,116.4539,23.2684,汕头市,潮南峡山,,31,30,31,16,15,97,NA,135,130,9,10,8,8,0.6,0.6
2026-09-24T1900,3445A,113.786,23.7479,广州市,从化良口,,23,19,32,16,27,46,NA,92,85,8,10,6,6,/,/
2026-09-24T1900,3446A,113.805,23.2614,广州市,增城荔城,细颗粒物(PM2.5),52,47,41,36,27,113,NA,149,149,17,16,8,10,0.6,0.5
2026-09-24T1900,3447A,114.344,22.7115,深圳市,坪山,,30,28,33,14,21,96,NA,120,117,9,11,5,5,0.6,0.6
2026-09-24T1900,3448A,113.5436,22.1163,珠海市,横琴,,50,50,33,28,17,113,NA,118,118,8,7,/,/,/,/
2026-09-24T1900,3449A,113.0496,22.4669,江门市,新会银湖,,49,49,35,18,20,116,NA,142,142,13,16,2,3,0.6,0.6
2026-09-24T1900,3450A,111.0101,21.5165,茂名市,电白水东,,31,24,26,18,18,99,NA,89,89,6,7,4,6,/,/
2026-09-24T1900,3451A,112.5617,23.2082,肇庆市,鼎湖凤凰,,33,28,33,19,24,105,NA,137,137,12,10,7,8,/,/
2026-09-24T1900,3452A,114.6521,22.7755,惠州市,大亚湾霞涌,,48,48,41,19,13,105,NA,115,115,3,3,/,/,/,/
2026-09-24T1900,3453A,112.0125,21.8749,阳江市,阳东陶然,,38,32,35,14,19,121,NA,117,117,6,8,5,6,0.3,0.4
2026-09-24T1900,3454A,113.3527,22.4781,中山市,中山南区,,40,29,22,28,18,120,NA,139,139,13,8,8,7,0.6,0.5
2026-09-24T1900,3455A,113.076,23.72,清远市,清城东城,,47,42,47,28,33,148,NA,151,151,18,16,/,/,/,/
2026-09-24T1900,3456A,114.2887,38.0905,石家庄市,鹿泉一中,细颗粒物(PM2.5),68,66,72,44,45,124,NA,122,122,14,11,2,3,0.6,0.8
2026-09-24T1900,3457A,118.4357,39.277,唐山市,冀东油田职工医院,颗粒物(PM10),60,63,76,32,33,90,NA,101,101,11,15,1,4,0.3,0.5
2026-09-24T1900,3458A,114.7893,36.5592,邯郸市,香泉濮院小区,颗粒物(PM10),66,72,103,33,71,149,NA,173,173,21,24,4,4,0.4,0.5
2026-09-24T1900,3459A,115.599,37.5491,衡水市,地表水厂,颗粒物(PM10),103,127,132,52,65,139,NA,126,126,19,31,3,4,0.7,0.7
2026-09-24T1900,3460A,117.4065,40.0583,天津市,北环路,NA,NA,NA,55,NA,30,48,NA,106,67,9,11,5,6,0.3,0.5
2026-09-24T1900,3461A,117.3041,39.7167,天津市,建设路,,42,42,91,24,54,54,NA,80,72,26,36,6,7,1.1,1.2
2026-09-24T1900,3462A,117.8201,39.3519,天津市,滨水东路,颗粒物(PM10),60,63,93,24,39,52,NA,86,78,21,29,7,9,0.7,0.7
2026-09-24T1900,3463A,116.9708,33.5911,宿州市,社会福利中心,,25,14,53,14,62,79,NA,78,78,11,25,6,8,0.5,0.7
2026-09-24T1900,3464A,117.3802,31.9148,合肥市,高教基地,颗粒物(PM10),56,58,54,24,31,85,NA,111,111,17,16,8,8,0.7,0.7
2026-09-24T1900,3465A,118.4783,31.3226,芜湖市,清苑社区,颗粒物(PM10),54,55,43,24,28,99,NA,112,112,26,29,6,6,0.6,0.7
2026-09-24T1900,3466A,118.2746,31.2326,芜湖市,扬子职业技术学院,细颗粒物(PM2.5),56,53,40,38,31,112,NA,129,129,23,13,6,6,0.9,0.7
2026-09-24T1900,3468A,115.79,32.8614,阜阳市,市规划展馆,细颗粒物(PM2.5),96,106,75,58,50,68,NA,66,66,19,21,4,6,0.9,0.8
2026-09-24T1900,3469A,115.835101,32.918568,阜阳市,枣园社区,细颗粒物(PM2.5),106,84,80,66,60,55,NA,51,51,22,34,2,4,0.9,0.8
2026-09-24T1900,3471A,113.6104,34.8688,郑州市,惠济区政府,,36,35,75,25,55,98,NA,104,104,13,37,1,3,0.5,0.7
2026-09-24T1900,3473A,114.2485,34.8306,开封市,技师学院,,34,34,90,20,50,106,NA,112,112,6,13,3,5,1.0,1.1
2026-09-24T1900,3474A,114.2616,35.6824,鹤壁市,大新区,颗粒物(PM10),59,62,117,37,66,116,NA,137,137,19,43,4,5,0.6,0.7
2026-09-24T1900,3475A,113.9189,35.3042,新乡市,市政府,,45,45,115,21,59,104,NA,122,122,14,31,5,6,0.3,0.5
2026-09-24T1900,3477A,113.1656,35.2536,焦作市,中站许衡医院,细颗粒物(PM2.5),54,53,72,37,40,104,NA,132,132,17,14,5,6,0.5,0.5
2026-09-24T1900,3478A,113.9691,33.568,漯河市,市图书馆,,40,32,60,28,37,96,NA,106,106,12,16,7,8,0.8,0.8
2026-09-24T1900,3481A,125.127,46.6277,大庆市,萨区政府监测点,,18,18,14,10,7,43,NA,76,73,31,19,7,7,0.4,0.4
2026-09-24T1900,3482A,107.754,29.3275,重庆市,芙蓉中路,,26,26,17,18,5,46,NA,56,56,8,12,10,10,0.7,0.7
2026-09-24T1900,3484A,106.2629,29.3202,重庆市,行政中心,,50,50,42,23,19,84,NA,83,83,16,21,14,26,0.6,0.6
2026-09-24T1900,3486A,124.4029,43.1411,四平市,植物园,,20,12,22,12,8,64,NA,86,84,24,10,4,4,0.1,0.1
2026-09-24T1900,3488A,104.387954,30.746684,成都市,青白江技师分院,,49,43,41,34,34,40,NA,48,48,23,16,3,4,0.9,0.8
2026-09-24T1900,3489A,104.0788,30.4054,成都市,科学城,,43,43,23,27,19,70,NA,80,80,24,8,8,8,0.9,0.7
2026-09-24T1900,3491A,104.6899,31.5324,绵阳市,西科大附属小学,,15,15,22,8,12,48,NA,59,59,16,15,8,8,0.6,0.6
2026-09-24T1900,3492A,104.5647,31.5343,绵阳市,安州区旅游局,,25,22,20,17,12,37,NA,50,50,18,12,4,5,0.4,0.3
2026-09-24T1900,3494A,117.1673,36.9782,济南市,济阳区政府,颗粒物(PM10),102,125,97,46,42,146,NA,169,169,26,42,10,9,0.6,0.6
2026-09-24T1900,3495A,117.1168,36.6299,济南市,锦屏中学,NA,NA,NA,53,NA,31,NA,NA,182,NA,NA,13,NA,7,NA,0.4
2026-09-24T1900,3496A,118.359,35.1067,临沂市,南坊新区,,26,NA,66,16,53,82,NA,96,96,11,30,1,16,0.4,0.6
2026-09-24T1900,3498A,118.5063,37.8606,东营市,河口城区,颗粒物(PM10),53,53,64,22,35,117,NA,128,128,13,14,3,5,0.7,0.8
2026-09-24T1900,3500A,116.5808,35.3703,济宁市,北湖一中,,36,18,102,18,79,113,NA,123,123,5,18,3,3,0.3,0.6
2026-09-24T1900,3501A,116.8251,35.5592,济宁市,服务中心,颗粒物(PM10),63,68,86,16,58,97,NA,124,123,9,26,4,8,0.5,0.9
2026-09-24T1900,3502A,117.1812,36.2273,泰安市,国网新校,颗粒物(PM10),57,59,59,37,39,130,NA,169,169,14,11,6,6,0.5,0.6
2026-09-24T1900,3503A,117.0315,36.2017,泰安市,交通技校,NA,NA,NA,67,31,40,148,NA,176,176,17,40,8,8,0.5,0.8
2026-09-24T1900,3504A,117.083,36.13,泰安市,山东第一医科大学,颗粒物(PM10),62,66,91,26,52,127,NA,162,162,16,32,8,12,0.4,0.6
2026-09-24T1900,3505A,122.1379,37.3414,威海市,临港区管委会,,22,22,14,7,9,63,NA,87,86,21,11,6,6,0.3,0.2
2026-09-24T1900,3507A,119.5326,35.4627,日照市,职业技术学院,,28,17,30,3,20,88,NA,105,105,17,15,10,10,0.4,0.5
2026-09-24T1900,3511A,116.5687,37.3331,德州市,陵城艺术中心,颗粒物(PM10),119,168,92,48,43,160,NA,186,186,41,21,16,14,0.8,0.8
2026-09-24T1900,3513A,116.0443,36.436,聊城市,九州社区,颗粒物(PM10),90,106,97,52,48,173,NA,188,188,15,21,3,12,0.6,0.6
2026-09-24T1900,3514A,117.9379,37.3959,滨州市,中海酒店,NA,NA,NA,77,NA,49,NA,NA,179,NA,NA,46,NA,12,NA,0.7
2026-09-24T1900,3515A,117.9381509,37.35547456,滨州市,开发区一中,颗粒物(PM10),74,83,120,23,65,129,NA,194,194,22,39,11,16,0.7,0.9
2026-09-24T1900,3516A,118.0914,37.6938,滨州市,金海六路,颗粒物(PM10),86,100,101,36,60,136,NA,169,169,26,38,10,12,0.7,0.9
2026-09-24T1900,3520A,106.3495,38.9837,石嘴山市,妇女儿童医院,,35,32,38,10,20,110,NA,123,123,18,17,6,11,0.5,0.6
2026-09-24T1900,3521A,106.7495,39.2068,石嘴山市,石大公路,颗粒物(PM10),55,57,76,22,25,74,NA,109,109,43,32,8,15,0.5,0.6
2026-09-24T1900,3523A,106.5105,38.3857,银川市,滨河新区,,35,19,29,10,10,110,NA,120,120,19,18,6,15,0.2,0.4
2026-09-24T1900,3525A,108.6394,34.408,咸阳市,奥体中心,细颗粒物(PM2.5),80,NA,48,50,58,74,NA,81,80,11,16,2,2,0.7,0.7
2026-09-24T1900,3526A,119.5188,25.9666,福州市,吴航,,34,28,24,15,12,106,NA,106,106,6,7,8,8,0.3,0.3
2026-09-24T1900,3527A,118.0961,24.5689,厦门市,集美中学,,29,27,36,11,17,92,NA,135,131,10,9,2,4,0.4,0.4
2026-09-24T1900,3528A,118.1502,24.7246,厦门市,同安二实小,NA,NA,NA,26,19,18,87,NA,119,116,14,6,4,3,0.7,0.7
2026-09-24T1900,3530A,117.6288,24.5309,漳州市,西洋坪路,,50,50,44,13,22,108,NA,149,149,12,12,5,5,0.3,0.4
2026-09-24T1900,3531A,110.296,25.1254,桂林市,旅游学院,,33,33,41,23,33,99,NA,102,102,12,13,3,4,0.7,0.7
2026-09-24T1900,3532A,110.1951,22.6832,玉林市,玉林师范学院东校区,,46,36,36,32,25,81,NA,120,117,9,16,4,5,0.5,0.5
2026-09-24T1900,3533A,110.0527,22.5894,玉林市,福绵环保局,,28,26,33,19,25,79,NA,124,122,14,14,6,8,0.8,0.7
2026-09-24T1900,3534A,111.4744,24.455,贺州市,西湾,颗粒物(PM10),55,56,49,26,27,63,NA,100,96,14,15,8,8,0.6,0.7
2026-09-24T1900,3535A,109.1781,23.7293,来宾市,兴宾区政府,,36,32,38,24,27,113,NA,131,131,8,7,7,7,0.8,0.9
2026-09-24T1900,3538A,107.5175,26.2977,黔南布依族苗族自治州,沙坝,,27,22,22,13,17,85,NA,96,95,4,4,3,3,0.6,0.6
2026-09-24T1900,3539A,110.5111,19.9737,海口市,桂林洋子站,,27,27,26,13,12,52,NA,64,59,4,3,/,/,/,/
2026-09-24T1900,3540A,109.7348,18.3443,三亚市,君悦子站,,19,16,22,9,8,58,NA,62,60,3,4,4,4,0.4,0.5
2026-09-24T1900,3541A,109.5726195,19.51688767,儋州市,第一中学子站,,18,16,16,6,9,55,NA,61,61,2,2,4,3,0.3,0.4
2026-09-24T1900,3542A,109.5567,19.5187,儋州市,东坡学校子站,NA,NA,17,21,8,10,54,NA,62,61,4,3,5,5,NA,0.5
2026-09-24T1900,3544A,121.4891,30.925,上海市,奉贤南桥新城,,37,37,30,16,14,80,NA,92,92,10,16,4,5,0.5,0.5
2026-09-24T1900,3545A,110.8053,32.8401,十堰市,郧阳区金沙路,细颗粒物(PM2.5),60,51,49,40,40,64,NA,73,72,17,13,8,8,0.9,0.9
2026-09-24T1900,3546A,111.4606,30.5519,宜昌市,猇亭区张家湾站,NA,NA,NA,57,NA,36,49,NA,62,61,15,10,7,7,0.5,0.5
2026-09-24T1900,3547A,112.1631,31.0134,荆门市,龙泉中学南校,细颗粒物(PM2.5),107,72,55,67,52,92,NA,100,100,13,10,6,5,0.9,0.8
2026-09-24T1900,3549A,109.5061,30.3771,恩施土家族苗族自治州,龙凤新区,NA,NA,19,17,NA,8,31,NA,51,51,6,7,4,4,0.7,0.7
2026-09-24T1900,3550A,102.8,24.9787,昆明市,昆明学院,NA,NA,21,26,14,11,95,NA,95,95,NA,16,5,6,NA,0.7
2026-09-24T1900,3551A,102.5969,24.6738,昆明市,晋宁区生态环境分局,,32,NA,17,17,19,102,NA,106,106,7,10,6,6,0.5,0.5
2026-09-24T1900,3552A,102.6673,24.9861,昆明市,云天化总部,NA,NA,15,21,14,12,93,NA,97,97,NA,16,4,6,NA,0.3
2026-09-24T1900,3557A,119.9463,30.0496,杭州市,镇二中,细颗粒物(PM2.5),74,81,47,47,29,157,NA,150,150,22,22,8,8,0.8,0.8
2026-09-24T1900,3558A,119.7184,30.2367,杭州市,市府大楼,细颗粒物(PM2.5),80,71,42,50,29,152,NA,154,154,19,16,8,8,0.5,0.4
2026-09-24T1900,3560A,120.4715,30.0414,绍兴市,柯桥妇保,,49,49,42,19,22,126,NA,152,152,14,13,8,8,0.7,0.6
2026-09-24T1900,3561A,120.6985,27.9252,温州市,茶山,,39,39,36,16,16,97,NA,113,113,18,14,/,/,/,/
2026-09-24T1900,3562A,120.4146,30.8538,湖州市,南浔区站,,34,34,25,16,14,81,NA,121,121,13,15,8,9,0.5,0.4
2026-09-24T1900,3564A,121.25678,28.66823971,台州市,台州科技职业学院,颗粒物(PM10),61,65,38,36,18,86,NA,116,116,13,12,9,9,0.8,0.8
2026-09-24T1900,3565A,113.1371,40.1122,大同市,云冈站,,37,37,56,14,18,94,NA,122,122,12,12,11,10,0.3,0.3
2026-09-24T1900,3566A,113.1186,40.2556,大同市,图书馆,,29,19,39,16,16,92,NA,110,110,12,13,8,8,0.6,0.6
2026-09-24T1900,3567A,113.5931,40.0459,大同市,区一中,,32,NA,23,18,11,102,NA,125,125,21,10,11,8,0.5,0.5
2026-09-24T1900,3568A,113.0603,36.0464,长治市,向阳小学,颗粒物(PM10),88,102,77,50,46,139,NA,154,152,13,8,9,9,0.7,0.7
2026-09-24T1900,3569A,112.8788,36.315,长治市,屯留一中,细颗粒物(PM2.5),98,80,60,59,49,170,NA,168,168,21,15,18,14,1.2,1
2026-09-24T1900,3571A,112.2938,39.5296,朔州市,一水厂,,32,32,47,18,13,89,NA,112,108,14,22,4,3,0.6,0.6
2026-09-24T1900,3575A,118.0927,39.5807,唐山市,正泰大街热力站,颗粒物(PM10),55,57,87,28,40,57,NA,99,90,23,18,1,3,1.0,0.6
2026-09-24T1900,3576A,118.1561,39.8322,唐山市,丰润区政府,,34,34,85,16,32,46,NA,92,80,20,26,5,14,0.9,0.9
2026-09-24T1900,3577A,118.436906,39.73802,唐山市,金山小学,颗粒物(PM10),67,73,89,23,33,56,NA,107,95,35,23,4,7,1.6,0.8
2026-09-24T1900,3578A,118.2449,39.6693,唐山市,政府服务中心,颗粒物(PM10),55,56,93,31,46,51,NA,98,88,29,22,6,10,1.2,0.8
2026-09-24T1900,3580A,114.1998,36.4439,邯郸市,峰峰矿区临水派出所,细颗粒物(PM2.5),58,54,81,39,62,160,NA,188,188,11,12,3,8,0.5,0.8
2026-09-24T1900,3581A,115.3136,38.9511,保定市,满城区生态环境分局,,37,29,69,20,58,116,NA,118,118,9,14,1,2,0.5,0.7
2026-09-24T1900,3582A,115.4709,38.7628,保定市,清苑区第二中学,,32,24,104,18,69,100,NA,116,116,9,27,1,2,0.4,0.3
2026-09-24T1900,3583A,115.6231,39.0223,保定市,徐水物探局,,29,NA,75,20,54,82,NA,100,96,7,27,1,2,0.5,0.6
2026-09-24T1900,3590A,113.8362,34.566,郑州市,北区建设指挥部,,36,31,73,25,49,97,NA,100,100,15,33,4,7,0.3,0.5
2026-09-24T1900,3591A,113.3029,34.8041,郑州市,上街区政府,细颗粒物(PM2.5),62,41,75,41,56,100,NA,111,111,13,22,3,7,0.7,0.8
2026-09-24T1900,3592A,114.4518,34.7503,开封市,祥符区生态环境局,,45,37,75,31,55,89,NA,106,106,16,25,2,3,0.5,0.6
2026-09-24T1900,3593A,112.5736,34.8993,洛阳市,吉利监测站,颗粒物(PM10),61,65,66,36,46,77,NA,129,125,17,22,8,9,0.5,0.5
2026-09-24T1900,3594A,112.8736,33.9068,平顶山市,石龙区,,50,NA,54,35,44,76,NA,96,88,17,22,7,8,0.8,0.9
2026-09-24T1900,3596A,114.1573,35.9607,鹤壁市,南山宾馆,细颗粒物(PM2.5),80,89,111,50,70,122,NA,156,154,17,17,7,9,0.6,0.7
2026-09-24T1900,3598A,111.1031,34.719,三门峡市,富达温泉假日酒店,,48,48,54,27,33,76,NA,107,107,20,18,9,8,0.8,0.8
2026-09-24T1900,3599A,106.2648,29.9853,重庆市,书院路,,22,22,20,15,16,42,NA,44,44,25,13,6,8,1.0,1
2026-09-24T1900,3600A,106.2334,29.5583,重庆市,虎峰,,43,43,46,20,19,80,NA,86,86,10,14,32,19,0.8,0.8
2026-09-24T1900,3601A,106.0497,29.8345,重庆市,龙门街,NA,NA,NA,28,NA,16,81,NA,79,79,16,11,16,10,0.9,0.8
2026-09-24T1900,3604A,119.3267,35.1043,日照市,岚山环保分局,,27,2,35,0,17,85,NA,103,103,9,16,7,11,0.5,0.7
2026-09-24T1900,3605A,109.1019,34.5302,西安市,无线电监控中心,细颗粒物(PM2.5),82,71,67,51,58,44,NA,94,89,37,26,5,6,0.9,0.9
2026-09-24T1900,3610A,105.5931,29.4105,重庆市,昌元,,32,NA,18,22,14,72,NA,71,71,13,12,8,8,0.5,0.5
2026-09-24T1900,3612A,85.1045,45.6895,克拉玛依市,白碱滩区新站,,26,16,22,4,4,81,NA,81,81,6,7,6,6,0.3,0.3
2026-09-24T1900,3613A,87.3069,44.0093,昌吉回族自治州,亚心广场,颗粒物(PM10),56,58,59,18,16,139,NA,112,112,12,28,14,10,0.3,0.4
2026-09-24T1900,3614A,79.9241,37.0878,和田地区,地区环保局,颗粒物(PM10),67,73,175,24,34,120,NA,113,113,2,12,2,5,0.3,0.4
2026-09-24T1900,3615A,79.9132,37.1137,和田地区,市环保局,颗粒物(PM10),58,60,202,13,40,124,NA,117,117,2,16,1,2,0.3,0.5
2026-09-24T1900,3616A,106.7617,31.8343,巴中市,市中心医院,,19,19,18,6,5,30,NA,42,42,14,10,10,10,0.9,0.9
2026-09-24T1900,3617A,105.8047,32.4167,广元市,经开区,NA,NA,NA,7,NA,5,56,NA,64,64,8,13,6,7,0.7,0.7
2026-09-24T1900,3618A,112.4702,37.7821,太原市,金胜,,38,38,33,21,22,90,NA,108,106,22,17,8,10,0.5,0.4
2026-09-24T1900,3619A,113.6169,37.8565,阳泉市,龙柱,,46,45,55,32,36,93,NA,91,91,15,30,7,21,0.9,0.9
2026-09-24T1900,3620A,112.8258,35.4804,晋城市,泽州一中,细颗粒物(PM2.5),76,77,84,48,44,136,NA,163,163,13,17,5,6,0.6,0.5
2026-09-24T1900,3622A,113.5556,24.8082,韶关市,碧湖山庄,,45,36,43,31,30,102,NA,123,123,14,11,13,8,0.6,1
2026-09-24T1900,3623A,113.8952,22.586,深圳市,西乡,颗粒物(PM10),52,52,39,18,17,105,NA,135,135,37,18,5,4,0.6,0.4
2026-09-24T1900,3624A,116.4069,23.2533,汕头市,潮南子站,,35,35,37,17,18,89,NA,126,124,12,9,8,8,/,/
2026-09-24T1900,3625A,113.2568,22.7629,佛山市,容桂街道办,臭氧1小时(O3_1h),58,46,33,30,24,166,NA,163,163,18,15,/,/,/,/
2026-09-24T1900,3628A,112.0335,22.9376,云浮市,文笔,,47,47,48,29,31,133,NA,141,141,6,13,7,7,0.5,0.6
2026-09-24T1900,3629A,101.8304,36.5785,西宁市,世纪职校,NA,NA,NA,21,18,20,69,NA,79,79,17,20,11,6,1.1,1
2026-09-24T1900,3633A,118.4914,31.681,马鞍山市,雨山,,50,50,44,18,23,92,NA,110,110,17,18,5,6,0.6,1
2026-09-24T1900,3635A,112.3678,34.6623,洛阳市,河科大西苑校区,细颗粒物(PM2.5),58,44,70,39,48,90,NA,132,122,21,28,6,8,0.7,0.8
2026-09-24T1900,3636A,112.4387,34.678,洛阳市,英才小学,细颗粒物(PM2.5),68,NA,71,44,55,81,NA,115,108,18,28,8,8,0.7,0.8
2026-09-24T1900,3637A,131.0136,45.7688,七台河市,人民广场,,43,43,22,6,10,15,NA,53,48,36,15,5,6,0.5,0.6
2026-09-24T1900,3638A,104.7637,29.3373,自贡市,轻化工大学,,27,27,22,16,13,73,NA,81,81,10,10,12,12,0.7,0.7
2026-09-24T1900,3642A,120.3454,36.0735,青岛市,市北区南部,,30,20,18,5,7,96,NA,99,98,8,8,6,7,0.5,0.6
2026-09-24T1900,3643A,120.3897,36.18,青岛市,李沧区北部,,24,19,23,8,9,74,NA,86,83,18,18,3,4,0.6,0.6
2026-09-24T1900,3644A,117.8662,36.8049,淄博市,三金集团,颗粒物(PM10),71,79,94,30,55,126,NA,174,174,47,40,6,10,0.8,0.9
2026-09-24T1900,3645A,118.0259,36.8409,淄博市,东风化工厂,颗粒物(PM10),65,71,95,16,54,108,NA,170,170,34,44,8,14,0.5,0.8
2026-09-24T1900,3646A,118.4979,37.4623,东营市,胜利站,NA,NA,54,60,NA,60,134,NA,153,153,22,30,7,11,NA,0.6
2026-09-24T1900,3648A,106.2176,37.9832,吴忠市,文卫南街,,31,29,42,15,13,99,NA,112,112,12,15,4,7,0.4,0.4
2026-09-24T1900,3650A,105.1696,37.5164,中卫市,沙坡头区政府站,,31,25,26,12,10,99,NA,106,106,17,18,3,4,0.4,0.4
2026-09-24T1900,3654A,114.8093,30.4091,鄂州市,精准医疗中心,细颗粒物(PM2.5),54,46,49,37,31,123,NA,119,119,18,22,6,6,1.2,0.9
2026-09-24T1900,3655A,114.3379,29.8683,咸宁市,长江产业园,,33,33,34,18,24,70,NA,83,83,12,16,4,4,0.6,0.7
2026-09-24T1900,3656A,120.1554,30.2863,杭州市,消防大队,,40,38,41,19,26,126,NA,149,149,18,20,10,10,0.7,0.6
2026-09-24T1900,3658A,120.6156,30.0762,绍兴市,袍江中学,,42,42,39,17,19,108,NA,136,135,19,18,10,10,0.5,0.5
2026-09-24T1900,3659A,119.656,29.1132,金华市,气象局,颗粒物(PM10),56,58,63,33,35,127,NA,167,164,15,26,6,8,0.9,0.8
2026-09-24T1900,3662A,123.6341,47.2079,齐齐哈尔市,富区青少年活动中心,,33,33,36,7,6,55,NA,62,62,10,15,3,4,0.5,0.6
2026-09-24T1900,3663A,124.117,50.4279,大兴安岭地区,红旗社区,,41,41,15,24,12,37,NA,79,77,27,10,5,3,0.4,0.2
2026-09-24T1900,3664A,119.4171,34.734,连云港市,连云街道,,29,12,31,6,14,90,NA,84,84,9,11,11,11,0.6,0.8
2026-09-24T1900,3665A,76.1654,39.7157,克孜勒苏柯尔克孜自治州,克州文化中心,颗粒物(PM10),57,59,76,26,26,111,NA,111,111,3,7,4,6,0.2,0.2
2026-09-24T1900,3667A,111.0279,35.0543,运城市,水利职院,细颗粒物(PM2.5),56,50,46,38,30,134,NA,132,132,6,9,5,6,0.7,0.8
2026-09-24T1900,3669A,114.4706,36.0634,安阳市,左辅环卫站,NA,NA,NA,148,44,73,108,NA,149,147,26,28,7,7,0.4,0.5
2026-09-24T1900,3670A,111.0522,35.0439,运城市,禹都公园,,49,42,46,34,27,142,NA,142,142,8,9,5,6,0.9,0.9
2026-09-24T1900,3671A,116.0879,39.9725,北京市,门头沟三家店,,27,27,58,18,34,68,NA,87,78,18,29,1,2,0.6,0.7
2026-09-24T1900,3672A,116.1507,39.8246,北京市,丰台云岗,,27,27,71,15,40,41,NA,79,63,14,21,4,5,0.7,0.8
2026-09-24T1900,3674A,115.9578,39.7602,北京市,房山燕山,,28,28,46,19,31,84,NA,86,76,18,13,1,2,0.7,0.7
2026-09-24T1900,3675A,116.4669,39.7734,北京市,大兴旧宫,,43,43,84,28,52,64,NA,97,90,17,24,3,4,1.1,1.2
2026-09-24T1900,3677A,98.5887,24.4366,德宏傣族景颇族自治州,芒市人民政府综合楼,,44,44,35,21,12,76,NA,74,74,9,9,8,7,0.7,0.7
2026-09-24T1900,3678A,116.5907,35.4054,济宁市,市第七中学,,34,24,110,13,73,107,NA,122,122,7,20,2,7,0.4,0.8
2026-09-24T1900,3683A,109.8332,40.6577,包头市,昆区政府,,46,46,48,22,25,77,NA,91,89,48,55,10,11,0.7,0.7
2026-09-24T1900,3684A,130.8639,45.8144,七台河市,新建矿广场,颗粒物(PM10),60,63,26,15,6,38,NA,58,57,18,8,4,5,0.2,0.2
2026-09-24T1900,3685A,117.897,28.4316,上饶市,双创科技城,,45,45,48,31,38,109,NA,159,154,8,16,4,8,0.7,0.7
2026-09-24T1900,3689A,113.9002,35.372,新乡市,行政服务中心,颗粒物(PM10),51,51,115,23,63,103,NA,121,121,18,34,4,8,0.2,0.4
2026-09-24T1900,3690A,115.9718,28.7032,南昌市,外国语学校,,31,30,38,20,31,99,NA,122,120,5,15,7,8,0.9,0.8
2026-09-24T1900,3692A,118.2043,39.6703,唐山市,消防缸窑路中队,颗粒物(PM10),54,55,107,28,40,50,NA,102,91,24,21,8,13,1.1,0.8
2026-09-24T1900,3693A,118.1432,39.6203,唐山市,路南电大,颗粒物(PM10),52,52,87,26,44,64,NA,99,91,23,17,3,3,1.1,0.9
2026-09-24T1900,3694A,115.9859,40.4562,北京市,延庆石河营,,24,19,54,13,36,74,NA,119,92,7,8,3,4,0.5,0.7
2026-09-24T1900,3695A,116.6151,40.3052,北京市,怀柔新城,,49,43,54,34,39,64,NA,93,76,18,13,2,2,0.9,0.8
2026-09-24T1900,3696A,116.2542,39.8764,北京市,丰台小屯,,33,31,77,23,54,59,NA,87,78,21,28,3,4,0.4,0.7
2026-09-24T1900,3697A,116.8399,40.3843,北京市,密云镇,,43,43,55,29,35,50,NA,82,59,23,21,3,4,0.8,0.7
2026-09-24T1900,3699A,111.6519,40.8389,呼和浩特市,海东办,,40,39,39,18,14,127,NA,129,129,19,45,12,11,0.5,0.6
2026-09-24T1900,3701A,116.9647,33.6252,宿州市,皖北煤电集团,,25,25,57,11,47,76,NA,79,79,7,14,6,9,0.5,0.7
2026-09-24T1900,3706A,122.2584,43.6333,通辽市,老干部活动中心,,35,35,27,14,8,49,NA,76,73,33,9,9,9,0.6,0.5
2026-09-24T1900,3707A,131.0069,45.2988,鸡西市,欧美日汽修厂,颗粒物(PM10),109,141,21,30,8,15,NA,66,57,34,10,4,3,0.6,0.2
2026-09-24T1900,3708A,122.2923,43.6189,通辽市,东方明珠社区,颗粒物(PM10),70,78,35,16,8,56,NA,78,75,26,12,10,11,0.4,0.3
2026-09-24T1900,3710A,121.5593,29.8976,宁波市,白沙活动中心,,28,28,24,15,12,88,NA,129,127,15,15,10,11,0.4,0.4
2026-09-24T1900,3713A,124.3286,43.1726,四平市,世纪城,,46,46,28,17,10,69,NA,85,84,23,12,4,6,0.3,0.3
2026-09-24T1900,3715A,117.3091,32.9314,蚌埠市,蚌埠田家炳中学,,39,39,66,10,47,59,NA,54,54,16,22,8,9,0.6,0.7
2026-09-24T1900,3719A,97.1707,31.1428,昌都市,昌都会议中心,,20,15,11,5,4,62,NA,60,60,5,7,3,4,0.3,0.3
2026-09-24T1900,3726A,88.8775,29.2425,日喀则市,林业技术推广中心,NA,NA,NA,8,NA,2,64,NA,78,67,NA,3,4,4,NA,0.3
2026-09-24T1900,3728A,104.6701,28.8053,宜宾市,白酒学院,,36,36,25,25,15,88,NA,76,76,9,10,5,5,0.7,0.7
2026-09-24T1900,3734A,118.5753,37.4405,东营市,理想之城,NA,NA,NA,67,23,30,126,NA,151,151,18,28,6,12,0.9,1.1
2026-09-24T1900,3860A,118.3915,35.0297,临沂市,皇山花园小区,,23,17,67,10,45,72,NA,92,91,16,36,3,11,0.6,0.8
2026-09-24T1900,3861A,119.2046,36.7696,潍坊市,寒亭区实验一小,,46,46,57,23,27,98,NA,111,111,21,30,3,7,0.4,0.6
2026-09-24T1900,3866A,122.2469,40.663,营口市,三高中,颗粒物(PM10),60,63,49,28,21,73,NA,84,84,26,19,11,10,0.5,0.4
2026-09-24T1900,3867A,102.074,36.5056,海东市,平安区公安局北苑,,40,32,26,28,18,72,NA,99,99,23,19,18,9,0.8,0.8
2026-09-24T1900,3981A,113.2456,35.18,焦作市,原李万街道办,颗粒物(PM10),75,85,96,20,49,103,NA,124,124,13,20,9,12,0.3,0.5
2026-09-24T1900,3994A,102.2174,31.9016,阿坝藏族羌族自治州,马尔康中学西区,,18,18,13,7,7,44,NA,50,50,3,3,4,4,0.4,0.4
2026-09-24T1900,4002A,109.2312,23.7428,来宾市,中南小学,,35,NA,45,24,31,112,NA,124,124,9,19,6,8,0.6,0.6
2026-09-24T1900,4004A,115.4199,38.8665,保定市,双鹰农机,,35,24,71,24,67,100,NA,111,110,7,14,3,3,0.7,0.9
2026-09-24T1900,4006A,122.3622,40.6762,营口市,老边实验小学,颗粒物(PM10),74,83,60,22,23,79,NA,90,90,24,26,9,10,0.7,0.6
2026-09-24T1900,4008A,112.5233,32.9921,南阳市,卧龙区政府,NA,NA,NA,56,5,31,77,NA,82,82,10,12,6,6,1.0,1
2026-09-24T1900,4010A,112.5608,37.8807,太原市,育英中学,,28,28,28,16,22,87,NA,106,106,24,20,4,5,0.6,0.6
2026-09-24T1900,4011A,103.8505,30.6946,成都市,光华大道三段,,38,38,35,19,23,48,NA,50,50,14,15,3,3,0.9,0.9
2026-09-24T1900,4017A,116.7926,33.9534,淮北市,市博物馆,,26,16,50,9,38,83,NA,89,89,9,14,4,7,0.5,0.7
2026-09-24T1900,4018A,116.0564,36.4609,聊城市,星美广场,细颗粒物(PM2.5),104,104,93,64,51,174,NA,186,186,14,18,11,9,0.5,0.5
2026-09-24T1900,4022A,102.1648,38.5369,金昌市,金川区人防中心,,46,46,40,23,17,97,NA,111,111,14,15,5,8,0.3,0.3
2026-09-24T1900,4024A,114.6491,37.9014,石家庄市,栾城区星河路,颗粒物(PM10),76,86,96,46,58,107,NA,113,113,20,27,4,6,0.5,0.3
2026-09-24T1900,4027A,75.9485,39.4688,喀什地区,老干局,颗粒物(PM10),88,103,102,30,20,107,NA,105,105,5,12,5,4,0.2,0.2
2026-09-24T1900,4028A,117.9955,37.3752,滨州市,滨州市西街道办事处,颗粒物(PM10),68,75,119,22,71,124,NA,194,194,24,46,8,14,0.7,1
2026-09-24T1900,4033A,122.3124,29.9619,舟山市,普陀东港中学,,30,24,19,12,9,93,NA,100,100,6,7,8,8,0.6,0.5
2026-09-24T1900,4034A,115.515,38.8589,保定市,植保所站,,30,28,86,12,66,94,NA,113,112,10,31,3,3,0.5,0.7
2026-09-24T1900,4036A,116.646,23.676,潮州市,金山,,35,32,34,24,20,98,NA,122,122,10,8,6,5,0.6,0.6
2026-09-24T1900,4051A,86.0791,44.3018,石河子市,世纪广场,,50,50,54,10,16,103,NA,88,88,5,33,4,6,0.3,0.5
2026-09-24T1900,4054A,109.0324,32.6913,安康市,市邮政管理局,,15,9,34,5,22,46,NA,65,61,17,13,2,2,1.1,1
2026-09-24T1900,4055A,108.8869,34.2662,西安市,行知小学,,29,25,57,20,49,61,NA,74,73,23,25,2,3,0.7,0.8
2026-09-24T1900,4056A,108.6601,34.3767,咸阳市,五陵塬路2号,细颗粒物(PM2.5),58,47,71,39,55,65,NA,83,83,20,21,5,5,0.7,0.7
2026-09-24T1900,4057A,115.9423,40.4431,北京市,延庆百泉,,27,18,55,13,35,85,NA,127,96,14,19,3,4,0.6,0.7
2026-09-24T1900,4058A,116.6598,39.9164,北京市,通州新华,,41,41,80,23,46,61,NA,84,77,22,25,1,3,1.0,0.9
2026-09-24T1900,4059A,114.4563,38.0365,石家庄市,裕华西路63号,细颗粒物(PM2.5),72,64,68,46,44,116,NA,114,114,15,16,3,4,0.5,0.8
2026-09-24T1900,4060A,114.5586,38.0581,石家庄市,和平路363号,颗粒物(PM10),53,54,73,34,53,119,NA,116,116,15,21,3,3,0.6,0.8
2026-09-24T1900,4061A,114.8347,38.0213,石家庄市,廉州西路160号,细颗粒物(PM2.5),64,60,101,42,71,99,NA,103,103,17,23,1,3,0.6,0.9
2026-09-24T1900,4062A,114.4498,38.0729,石家庄市,北城路41号,颗粒物(PM10),56,58,70,34,41,120,NA,116,116,18,20,4,6,0.1,0.4
2026-09-24T1900,4063A,115.2124,37.9433,辛集市,市政府,颗粒物(PM10),72,80,119,42,77,111,NA,128,126,24,29,1,6,0.6,0.8
2026-09-24T1900,4064A,115.2008,37.9338,辛集市,城管大队,细颗粒物(PM2.5),76,72,109,48,77,110,NA,125,124,15,19,3,3,0.5,0.8
2026-09-24T1900,4065A,118.1267,39.6579,唐山市,光明北路515号,,34,34,62,21,42,59,NA,100,91,31,23,4,10,1.0,0.7
2026-09-24T1900,4066A,119.7458,39.9952,秦皇岛市,南园路157号,,38,38,55,9,19,81,NA,101,96,12,20,7,8,0.2,0.3
2026-09-24T1900,4067A,119.5131,39.8858,秦皇岛市,翠岛大街1号,,30,30,65,3,22,87,NA,103,102,10,13,8,10,0.3,0.4
2026-09-24T1900,4068A,114.5209,36.7697,邯郸市,建安街268号,颗粒物(PM10),57,59,89,24,54,133,NA,178,178,32,27,2,4,0.4,0.5
2026-09-24T1900,4069A,114.5488,36.6177,邯郸市,丛台东路558号,颗粒物(PM10),63,68,87,34,73,154,NA,180,180,16,24,3,4,0.5,0.6
2026-09-24T1900,4070A,114.5558,37.0578,邢台市,襄都区政府南院,细颗粒物(PM2.5),100,93,108,60,75,101,NA,164,164,20,25,3,5,0.7,0.6
2026-09-24T1900,4071A,114.9883,38.5232,定州市,交通局,,35,35,112,18,69,101,NA,112,112,15,32,1,4,0.6,0.9
2026-09-24T1900,4072A,115.0045,38.5136,定州市,第五中学,,40,40,109,26,70,98,NA,111,111,14,34,3,2,0.4,0.7
2026-09-24T1900,4073A,117.9462,40.95,承德市,杏林街1号,,48,NA,31,33,24,38,NA,80,70,12,14,5,6,0.4,0.3
2026-09-24T1900,4074A,112.449,37.8509,太原市,西矿街336号,,45,45,37,23,23,91,NA,109,109,25,17,9,9,0.9,0.9
2026-09-24T1900,4075A,112.4792,37.9393,太原市,迎宾北路9号,NA,NA,NA,33,NA,23,71,NA,107,105,NA,20,8,8,0.4,0.5
2026-09-24T1900,4076A,112.551,37.8575,太原市,迎泽大街248号,,30,30,38,18,22,80,NA,101,101,24,23,7,8,0.6,0.7
2026-09-24T1900,4077A,113.588,37.8712,阳泉市,宁波路,,50,46,45,35,25,109,NA,111,111,16,27,7,16,1.1,1
2026-09-24T1900,4078A,112.8246,35.5152,晋城市,前书院路,细颗粒物(PM2.5),62,65,79,41,39,136,NA,161,159,14,18,7,8,0.9,0.7
2026-09-24T1900,4079A,112.8864,35.4773,晋城市,祥云街666号,细颗粒物(PM2.5),72,60,65,46,52,126,NA,154,154,14,17,5,7,0.6,0.6
2026-09-24T1900,4080A,112.7375,37.7215,晋中市,广安街188号,,48,39,35,33,22,107,NA,112,112,9,15,8,9,0.4,0.4
2026-09-24T1900,4081A,111.0081,35.0748,运城市,学苑北路2555号,,44,40,47,29,33,138,NA,137,137,8,10,4,5,0.7,0.8
2026-09-24T1900,4082A,121.2548,38.8188,大连市,旅顺,细颗粒物(PM2.5),56,55,40,38,27,117,NA,122,122,13,17,7,8,0.6,0.6
2026-09-24T1900,4083A,123.153,41.2874,辽阳市,铁西路150号,颗粒物(PM10),71,79,47,36,20,44,NA,77,76,43,21,9,10,0.9,0.9
2026-09-24T1900,4084A,123.835,42.2853,铁岭市,新华街20号,,26,26,28,10,8,67,NA,80,80,22,14,11,11,0.5,0.4
2026-09-24T1900,4085A,125.0998,42.9134,辽源市,安宁大街333号,,33,33,23,6,7,62,NA,80,79,17,6,4,4,0.5,0.4
2026-09-24T1900,4086A,118.7641,32.0841,南京市,新模范马路66号,,48,48,50,9,21,75,NA,77,77,34,36,3,4,0.4,0.4
2026-09-24T1900,4087A,120.3138,31.4927,无锡市,清舒道1号,,41,41,34,15,8,57,NA,83,83,32,28,6,5,0.8,0.7
2026-09-24T1900,4088A,117.1553,34.2567,徐州市,纺织东路16号,,26,26,75,9,65,80,NA,77,77,12,19,5,7,0.7,0.9
2026-09-24T1900,4089A,119.9551,31.863,常州市,崇义南街5-H号,颗粒物(PM10),55,56,43,21,12,35,NA,67,63,44,28,9,9,0.7,0.5
2026-09-24T1900,4090A,120.4282,31.3228,苏州市,学森路9号,,50,50,36,14,7,69,NA,96,96,38,27,9,9,0.6,0.5
2026-09-24T1900,4091A,120.8692,31.9885,南通市,洪江路,,23,14,21,13,9,72,NA,81,79,9,10,3,4,0.6,0.6
2026-09-24T1900,4092A,119.119691,33.550006,淮安市,枚皋中路89号,,25,10,27,8,18,79,NA,76,76,7,12,6,6,0.7,0.8
2026-09-24T1900,4093A,119.5202,32.3705,扬州市,廖家沟步道,,42,42,47,22,33,60,NA,66,66,22,26,8,9,0.6,0.8
2026-09-24T1900,4094A,118.352,33.7886,宿迁市,春华路,,23,17,52,9,35,72,NA,77,77,8,15,5,6,0.3,0.6
2026-09-24T1900,4095A,121.8962,29.7529,宁波市,中科路88号,,32,26,25,8,8,100,NA,114,113,8,12,9,8,0.5,0.5
2026-09-24T1900,4096A,120.6935,28.0114,温州市,鹿城惠民路,,40,40,41,13,14,105,NA,125,125,10,9,/,/,0.4,0.4
2026-09-24T1900,4097A,118.9646,28.9832,衢州市,衢州三中,,45,43,51,31,37,83,NA,168,159,23,20,4,4,0.7,0.6
2026-09-24T1900,4098A,117.2518,31.8404,合肥市,中国科学技术大学,颗粒物(PM10),51,51,54,19,31,111,NA,122,122,20,22,7,8,0.7,0.6
2026-09-24T1900,4099A,118.5726,31.1371,芜湖市,湾沚区人民法院,颗粒物(PM10),55,56,42,25,36,133,NA,111,111,14,15,5,5,0.8,0.8
2026-09-24T1900,4100A,116.8322,33.9884,淮北市,杜集区第一实验学校,,25,18,54,5,44,80,NA,85,85,8,13,6,7,0.6,0.8
2026-09-24T1900,4101A,118.3196,32.3335,滁州市,银山路666号,,46,46,50,22,30,56,NA,71,70,17,21,5,7,0.5,0.6
2026-09-24T1900,4102A,118.3426,32.2979,滁州市,黄山路555号,颗粒物(PM10),57,59,58,25,33,47,NA,67,66,31,27,9,11,0.6,0.6
2026-09-24T1900,4103A,116.9929,33.6412,宿州市,中兴路,,26,26,81,14,52,67,NA,80,80,13,18,10,11,0.5,0.9
2026-09-24T1900,4104A,119.3106,26.0648,福州市,路通桥巷6号,,40,40,30,24,18,87,NA,118,115,8,6,/,/,/,/
2026-09-24T1900,4105A,118.6355,24.9148,泉州市,霞新路6号,NA,NA,32,30,19,17,93,NA,131,125,NA,10,/,/,0.4,0.5
2026-09-24T1900,4106A,115.7923,28.6873,南昌市,工业二路,,47,47,43,27,28,105,NA,136,134,12,15,6,7,0.9,0.8
2026-09-24T1900,4107A,113.8686,27.6668,萍乡市,联洪村委会,细颗粒物(PM2.5),64,62,53,42,37,115,NA,124,124,7,17,9,10,0.6,0.6
2026-09-24T1900,4108A,117.7107,36.2385,济南市,山财大街5号,NA,NA,NA,72,NA,42,104,NA,144,144,36,42,6,11,0.9,1
2026-09-24T1900,4109A,116.9744,36.6889,济南市,无影山路12号,臭氧1小时(O3_1h),64,61,73,36,39,171,NA,197,197,20,36,10,10,0.8,0.8
2026-09-24T1900,4110A,120.5222,36.4089,青岛市,盟旺路653号,,24,24,26,12,16,73,NA,99,95,22,14,5,6,0.9,0.8
2026-09-24T1900,4111A,116.6075,35.4566,济宁市,任和路,颗粒物(PM10),54,55,106,8,70,110,NA,129,129,7,18,2,5,0.3,0.7
2026-09-24T1900,4112A,116.5648,35.3921,济宁市,文体南路1号,,35,25,105,11,72,110,NA,123,123,4,17,1,4,0.3,0.6
2026-09-24T1900,4113A,116.0091,36.4495,聊城市,利民路,细颗粒物(PM2.5),80,73,73,50,47,175,NA,186,186,16,20,11,13,0.7,0.7
2026-09-24T1900,4114A,115.4239,35.2593,菏泽市,黄河路600号,颗粒物(PM10),55,57,98,34,62,106,NA,124,123,11,16,5,7,0.4,0.5
2026-09-24T1900,4115A,115.5025,35.2727,菏泽市,菏泽市人社局,颗粒物(PM10),55,56,98,34,60,103,NA,130,129,8,16,4,6,0.3,0.3
2026-09-24T1900,4116A,113.284,33.7139,平顶山市,姚电大道23号,NA,NA,NA,61,NA,39,86,NA,95,90,NA,20,NA,8,NA,0.7
2026-09-24T1900,4117A,114.2918,36.0769,安阳市,钢三路198号,细颗粒物(PM2.5),76,67,90,48,67,112,NA,140,139,11,15,5,7,0.8,0.9
2026-09-24T1900,4118A,115.0552,35.7816,濮阳市,中原东路68号,颗粒物(PM10),73,81,113,40,56,123,NA,150,150,14,19,11,8,0.6,0.7
2026-09-24T1900,4119A,115.6701,34.3767,商丘市,北海东路185号,NA,NA,12,70,12,43,80,NA,92,92,5,19,5,6,NA,0.8
2026-09-24T1900,4120A,115.6172,34.3704,商丘市,中山大街3号,,26,15,88,8,44,83,NA,85,84,5,30,3,5,0.7,1.2
2026-09-24T1900,4121A,114.8466,33.7333,周口市,羲皇大道,,39,33,73,27,41,71,NA,94,88,12,15,4,5,0.9,0.8
2026-09-24T1900,4122A,112.6071,35.1015,济源市,市委党校,细颗粒物(PM2.5),96,86,98,58,57,72,NA,126,125,26,23,4,10,0.8,0.9
2026-09-24T1900,4123A,112.596,35.0702,济源市,沁园中路1号,NA,NA,NA,98,NA,59,NA,NA,110,NA,NA,32,NA,8,NA,1.2
2026-09-24T1900,4124A,112.2213,31.0654,荆门市,新台西路6号,细颗粒物(PM2.5),110,80,66,70,52,74,NA,89,88,14,17,9,10,0.9,0.9
2026-09-24T1900,4125A,113.946,30.8999,孝感市,天仙南路1号,NA,NA,56,72,33,44,134,NA,151,151,NA,11,NA,7,0.7,0.8
2026-09-24T1900,4127A,111.9812,27.7591,娄底市,涟钢职大,细颗粒物(PM2.5),54,39,36,37,27,89,NA,102,102,10,11,4,4,1.1,1.1
2026-09-24T1900,4128A,112.0303,27.7457,娄底市,娄底体校,,46,46,38,30,25,92,NA,101,101,4,7,3,3,0.9,1.5
2026-09-24T1900,4129A,113.8666,23.1062,东莞市,裕兴路,,50,50,48,27,24,154,NA,162,162,14,19,5,7,0.8,0.8
2026-09-24T1900,4130A,114.0076,22.9739,东莞市,教育路1号,,44,44,44,24,22,115,NA,145,144,26,19,12,11,0.7,0.7
2026-09-24T1900,4131A,113.7981,22.8124,东莞市,长怡路1号,颗粒物(PM10),53,53,47,27,24,125,NA,144,144,22,22,6,6,0.7,0.6
2026-09-24T1900,4132A,108.2927,23.1477,南宁市,起凤路9号,,35,32,31,24,25,104,NA,119,118,13,11,5,7,0.6,0.6
2026-09-24T1900,4133A,106.6273,23.8798,百色市,龙景西路,颗粒物(PM10),51,51,68,24,32,123,NA,126,126,7,13,11,16,0.4,0.5
2026-09-24T1900,4134A,110.1952,20.0451,海口市,长滨二路9号,,18,15,21,8,12,55,NA,72,67,5,4,/,/,/,/
2026-09-24T1900,4135A,109.1714,18.3739,三亚市,城东小学站,,25,25,18,8,9,56,NA,65,64,4,5,/,/,/,/
2026-09-24T1900,4136A,108.6971,30.9377,重庆市,云师幼儿园,,23,23,16,15,9,63,NA,67,67,16,14,5,5,0.9,0.8
2026-09-24T1900,4137A,107.3276,30.3284,重庆市,公安局,,38,38,18,20,8,52,NA,53,53,8,7,8,8,0.6,0.6
2026-09-24T1900,4138A,108.0575,30.3254,重庆市,忠县中学,,40,40,23,22,9,75,NA,78,78,14,14,6,6,0.6,0.6
2026-09-24T1900,4139A,109.4542,31.0182,重庆市,竹枝路2号,,29,25,20,20,10,41,NA,56,56,25,18,6,6,0.9,0.7
2026-09-24T1900,4140A,107.7422,29.871,重庆市,龙河路,,44,44,26,23,15,81,NA,87,87,21,14,8,9,0.9,0.9
2026-09-24T1900,4141A,108.7636,28.84,重庆市,桃花源中路,,41,41,21,25,6,51,NA,50,50,4,3,8,7,0.7,0.7
2026-09-24T1900,4142A,108.9758,28.4416,重庆市,秀山县高级中学,,38,28,12,26,11,50,NA,52,52,5,6,9,8,0.7,0.7
2026-09-24T1900,4143A,108.1558,29.2859,重庆市,河堡街,,28,27,20,19,7,34,NA,51,51,12,8,7,7,1.1,1
2026-09-24T1900,4144A,104.3257,30.6406,成都市,八角井街185号,,48,48,31,19,24,56,NA,64,64,19,15,7,7,0.9,0.8
2026-09-24T1900,4145A,104.4144,31.1495,德阳市,市林业局,,27,27,34,8,19,50,NA,49,49,18,18,13,15,1.1,1
2026-09-24T1900,4146A,104.7092,31.4972,绵阳市,科技城新区公安局,,15,12,24,3,8,45,NA,58,58,22,19,10,10,0.8,0.8
2026-09-24T1900,4147A,105.0433,29.6105,内江市,玉峰路西段888号,,26,26,20,16,15,66,NA,71,71,10,8,6,6,0.5,0.4
2026-09-24T1900,4148A,103.8836,30.0695,眉山市,眉职院,,40,40,32,20,15,63,NA,63,63,18,14,11,7,1.1,1
2026-09-24T1900,4149A,104.6146,28.7422,宜宾市,宜宾市职业技术学校,,28,27,31,19,22,63,NA,78,78,10,16,6,6,0.9,0.9
2026-09-24T1900,4150A,104.6646,30.1116,资阳市,正兴街66号,,29,27,22,20,18,57,NA,73,73,9,7,2,2,0.3,0.2
2026-09-24T1900,4151A,104.8899,26.5685,六盘水市,钟山大道中段564号,,38,36,30,26,18,111,NA,102,102,6,6,4,4,0.5,0.5
2026-09-24T1900,4152A,107.0425,27.7087,遵义市,乌江大道东段1号,,39,34,30,27,26,106,NA,112,112,9,9,9,9,0.7,0.7
2026-09-24T1900,4153A,101.5536,25.0343,楚雄彝族自治州,团结路562号,,24,11,17,4,11,75,NA,74,74,4,9,3,4,0.3,0.3
2026-09-24T1900,4154A,103.401,23.3561,红河哈尼族彝族自治州,蒙自市朝阳路,,25,NA,16,14,18,80,NA,84,80,3,3,5,4,0.3,0.3
2026-09-24T1900,4155A,107.1721,34.3558,宝鸡市,滨河北路,,19,18,25,13,19,41,NA,57,50,17,12,3,3,0.9,0.9
2026-09-24T1900,4156A,108.6372,34.3031,咸阳市,胭脂路9号,,50,50,66,35,53,60,NA,73,73,16,20,2,2,0.6,0.8
2026-09-24T1900,4157A,108.0371,34.3035,咸阳市,杨扶路,,35,NA,26,24,34,50,NA,57,57,7,12,3,3,0.5,0.5
2026-09-24T1900,4158A,108.0895,34.2623,咸阳市,新桥路,,45,NA,30,31,38,59,NA,58,58,11,12,5,5,0.5,0.5
2026-09-24T1900,4159A,110.4531,35.4578,渭南市,桢州大街,细颗粒物(PM2.5),54,53,55,37,45,107,NA,138,138,15,11,6,12,0.8,1
2026-09-24T1900,4160A,110.4368,35.4773,渭南市,太史大街,细颗粒物(PM2.5),94,76,64,57,42,88,NA,121,119,15,15,8,14,0.9,1.1
2026-09-24T1900,4161A,109.485,36.6347,延安市,志丹路,,45,45,34,27,23,102,NA,111,111,18,16,5,4,0.9,0.9
2026-09-24T1900,4162A,101.6769,36.6535,西宁市,海晏路105号,,23,18,22,15,16,73,NA,76,76,13,18,5,3,0.6,0.5
2026-09-24T1900,4163A,102.0984,36.5119,海东市,滨河路,,44,44,25,28,19,18,NA,70,68,64,39,17,9,0.6,0.5
2026-09-24T1900,4164A,87.2057,43.9289,昌吉回族自治州,财政所,颗粒物(PM10),54,55,65,15,15,136,NA,115,115,14,16,11,8,0.3,0.2
2026-09-24T1900,4165A,82.9716,46.7464,塔城地区,文化广场,,28,17,32,4,9,87,NA,76,76,3,11,2,3,0.4,0.4
2026-09-24T1900,4166A,88.1198,47.7931,阿勒泰地区,阿勒泰路33号,,26,16,23,2,2,81,NA,79,79,6,9,3,3,0.4,0.4
2026-09-24T1900,4167A,86.0126,44.2349,石河子市,城南景苑小区,,41,41,42,5,11,100,NA,86,86,6,14,8,8,0.3,0.3
2026-09-24T1900,4168A,87.055284,43.999117,五家渠市,建设西街760号,颗粒物(PM10),54,55,96,19,20,134,NA,114,114,10,14,7,5,0.4,0.4
2026-09-24T1900,4180A,113.8157285,34.126705,许昌市,新元大道996号,,40,NA,52,28,42,90,NA,97,97,11,21,1,4,0.6,0.6
2026-09-24T1900,4181A,112.3571,28.5588,益阳市,龙洲站,,43,43,46,27,30,94,NA,99,99,8,17,8,8,1.0,1
2026-09-24T1900,4182A,116.1942,39.9158,北京市,石景山八角,,30,27,81,21,47,83,NA,109,99,24,34,2,3,0.7,0.9
2026-09-24T1900,4183A,121.417401,31.16637,上海市,冠生园路458号,,34,34,28,14,13,85,NA,92,92,17,20,8,8,0.4,0.4
2026-09-24T1900,4184A,115.479691,35.244011,菏泽市,永昌路1号,颗粒物(PM10),54,55,103,33,59,98,NA,131,128,15,23,2,6,0.3,0.3
2026-09-24T1900,4185A,115.078022,30.21118,黄石市,磁湖东路29号,颗粒物(PM10),78,88,73,41,32,95,NA,116,116,19,19,5,6,1.1,1.1
2026-09-24T1900,4186A,117.194237,34.229354,徐州市,解放南路202号,,24,18,96,7,81,76,NA,72,72,14,24,7,9,0.7,1
2026-09-24T1900,4187A,112.3425,28.611,益阳市,幸福渠东路223号,,39,38,45,27,32,85,NA,100,99,18,19,9,8,0.7,0.8
2026-09-24T1900,4188A,112.3712,28.5764,益阳市,益鑫泰路85号,,43,40,46,30,36,91,NA,98,98,13,18,11,11,0.9,1
2026-09-24T1900,4189A,113.113092,36.199482,长治市,英华南巷50号,细颗粒物(PM2.5),84,67,61,52,48,148,NA,158,157,12,13,10,11,1.0,1.1
2026-09-24T1900,4190A,113.23666,36.33435,长治市,学府街1号,细颗粒物(PM2.5),98,76,70,59,52,180,NA,163,163,5,8,8,11,1.0,1.1
2026-09-24T1900,4191A,118.527362,31.722269,马鞍山市,慈湖高新区,,45,45,47,21,26,89,NA,98,98,18,22,6,6,0.5,0.6
2026-09-24T1900,4192A,115.931587,28.686774,南昌市,南京东路235号,,37,37,27,23,28,109,NA,145,143,6,12,4,5,0.8,0.7
2026-09-24T1900,4193A,115.471542,35.280012,菏泽市,长城路999号,,48,48,89,29,56,110,NA,135,133,16,21,7,9,0.3,0.8
2026-09-24T1900,4194A,117.078628,40.151726,北京市,平谷新城,,42,42,59,26,39,27,NA,108,NA,16,11,2,3,1.0,0.8
2026-09-24T1900,4196A,117.24369,39.102911,天津市,光华路,颗粒物(PM10),54,55,80,26,48,34,NA,84,72,24,22,8,9,1.0,0.8
2026-09-24T1900,4197A,118.130859,39.636026,唐山市,友谊北路34号,颗粒物(PM10),53,53,90,20,32,53,NA,94,85,34,24,5,9,1.0,0.7
2026-09-24T1900,4198A,119.509013,39.825305,秦皇岛市,北戴河轮滑馆,,45,45,60,1,21,95,NA,101,101,5,9,6,8,0.2,0.4
2026-09-24T1900,4199A,113.2798248,40.09972476,大同市,魏都大道141号,,35,35,64,13,18,108,NA,124,124,21,36,14,10,0.5,0.5
2026-09-24T1900,4200A,112.7478,37.6954,晋中市,迎宾街26号,,43,NA,28,30,24,109,NA,119,119,7,10,10,10,0.5,0.4
2026-09-24T1900,4201A,122.944647,41.082639,鞍山市,兴盛南路290号,颗粒物(PM10),89,104,68,38,27,44,NA,80,80,58,36,29,22,2.5,2.1
2026-09-24T1900,4202A,113.9856,32.9802,驻马店市,交通路1233号,细颗粒物(PM2.5),82,83,76,51,43,68,NA,69,67,18,16,4,4,0.6,0.6
2026-09-24T1900,4203A,111.3168,30.7203,宜昌市,西陵二路116号,细颗粒物(PM2.5),66,47,37,43,29,41,NA,61,60,29,16,8,7,0.9,0.8
2026-09-24T1900,4204A,111.3526,30.6374,宜昌市,沈家店路6号,细颗粒物(PM2.5),82,60,48,51,32,46,NA,57,57,19,17,7,7,0.7,0.6
2026-09-24T1900,4205A,121.541914,31.268301,上海市,宁武路151号,,35,35,37,14,14,80,NA,80,77,22,26,9,9,0.2,0.3
2026-09-24T1900,4206A,119.028838,33.631911,淮安市,承德北路606号,,23,19,36,9,18,73,NA,74,74,8,15,7,8,0.5,0.6
2026-09-24T1900,4207A,120.12211,33.393982,盐城市,黄海中路88号,,30,NA,27,21,14,86,NA,84,84,6,6,10,10,0.7,0.7
2026-09-24T1900,4209A,117.003137,32.644456,淮南市,国庆中路369号,颗粒物(PM10),74,83,88,31,55,63,NA,72,72,18,18,12,12,0.3,0.4
2026-09-24T1900,4210A,118.335445,29.720283,黄山市,滨江东路7-2号,,49,49,33,26,20,43,NA,81,77,9,6,/,/,/,/
2026-09-24T1900,4211A,118.190438,28.444845,上饶市,裕丰大道,细颗粒物(PM2.5),52,NA,57,36,39,102,NA,140,134,15,11,16,14,0.9,0.8
2026-09-24T1900,4212A,118.3039243,36.82708161,淄博市,广场路1号,,46,46,74,27,50,106,NA,147,147,26,34,6,10,0.5,1.1
2026-09-24T1900,4213A,121.364239,37.529648,烟台市,青年南路118号,,29,29,27,9,12,82,NA,116,116,22,20,7,7,0.6,0.6
2026-09-24T1900,4214A,112.460027,34.694929,洛阳市,春都路1号院,细颗粒物(PM2.5),52,41,65,36,49,78,NA,113,107,18,23,8,8,0.6,0.6
2026-09-24T1900,4215A,113.916569,35.331547,新乡市,建设东路46号,颗粒物(PM10),53,54,112,26,59,98,NA,115,115,16,38,7,9,0.4,0.5
2026-09-24T1900,4216A,115.0923632,35.76857718,濮阳市,任丘路479号,颗粒物(PM10),75,84,126,41,80,116,NA,150,150,18,22,3,8,0.7,0.7
2026-09-24T1900,4217A,114.3182,29.8447,咸宁市,双鹤路18号,,33,33,33,23,23,78,NA,85,85,8,10,6,6,0.6,0.6
2026-09-24T1900,4218A,111.446,27.2472,邵阳市,北塔二期4-26地块,细颗粒物(PM2.5),52,50,43,36,32,72,NA,88,88,12,11,5,6,0.8,0.9
2026-09-24T1900,4219A,111.4739,27.2282,邵阳市,邵水西路287号,细颗粒物(PM2.5),54,49,44,37,41,84,NA,96,96,7,8,7,12,0.6,0.7
2026-09-24T1900,4220A,114.214113,22.713717,深圳市,黄阁路,,35,35,32,15,16,104,NA,144,142,10,12,5,6,0.9,0.9
2026-09-24T1900,4221A,108.2177,22.7774,南宁市,乐贤路16号,,37,37,39,18,22,91,NA,127,123,17,20,6,7,0.8,0.7
2026-09-24T1900,4222A,110.1835,25.2444,桂林市,环湖路276号,,38,36,42,26,28,102,NA,114,114,14,14,3,4,0.7,0.8
2026-09-24T1900,4223A,106.4686218,29.48920871,重庆市,双山路147号,,39,35,25,27,13,80,NA,70,70,29,22,5,6,0.9,0.8
2026-09-24T1900,4224A,104.2433276,30.53529463,成都市,鲸龙路1057号,,50,42,28,35,20,62,NA,75,75,25,15,8,8,0.9,0.8
2026-09-24T1900,4225A,104.714266,29.338571,自贡市,贡兴路74号,,33,33,19,21,12,72,NA,83,83,5,5,7,7,0.6,0.5
2026-09-24T1900,4226A,104.765114,31.453094,绵阳市,绵阳市气象局,,17,10,14,3,4,52,NA,51,51,12,11,8,8,0.8,0.7
2026-09-24T1900,4227A,106.108336,30.788436,南充市,梨树横街98号,,19,17,17,8,10,60,NA,52,52,9,11,8,8,0.5,0.5
2026-09-24T1900,4229A,102.2342,27.8859,凉山彝族自治州,凯乐南路30号,,26,26,26,12,17,73,NA,71,71,13,20,15,8,1.1,1
2026-09-24T1900,4230A,106.688212,26.56952,贵阳市,花果园大街66号,,29,23,29,16,18,91,NA,103,102,14,8,4,4,/,/
2026-09-24T1900,4231A,106.687268,26.516892,贵阳市,漓江路57号,NA,NA,NA,NA,NA,NA,NA,NA,NA,NA,NA,NA,NA,NA,NA,NA
2026-09-24T1900,4233A,108.596239,34.118792,西安市,西苑北路977号,,39,39,46,20,28,60,NA,74,73,11,11,5,5,0.9,0.9
2026-09-24T1900,4234A,108.949652,34.870529,铜川市,大唐三路,细颗粒物(PM2.5),58,45,55,39,41,90,NA,102,101,11,13,5,7,1.0,1
2026-09-24T1900,4235A,109.5051,34.4921,渭南市,渭花路4号,细颗粒物(PM2.5),58,51,55,39,44,82,NA,95,95,22,23,4,5,0.6,0.6
2026-09-24T1900,4236A,103.629272,36.093822,兰州市,庄浪东路808号,颗粒物(PM10),64,69,38,32,14,62,NA,69,69,49,28,14,11,1.3,0.6
2026-09-24T1900,4237A,103.7251,36.104344,兰州市,安宁西路88号,颗粒物(PM10),58,61,40,27,14,95,NA,90,90,33,19,14,11,0.9,0.5
2026-09-24T1900,4238A,103.846982,36.067567,兰州市,北滨河东路1号,,38,38,30,18,11,76,NA,76,76,31,23,6,5,0.7,0.7
2026-09-24T1900,4239A,102.193042,38.531887,金昌市,长春路96号,NA,NA,43,52,NA,18,111,NA,121,121,9,19,5,9,0.3,0.3
2026-09-24T1900,4240A,98.495752,39.733935,酒泉市,玉门东路5号,颗粒物(PM10),65,70,63,32,22,105,NA,108,108,7,13,8,11,0.4,0.4
2026-09-24T1900,4241A,98.5099,39.7506,酒泉市,北大街108号,NA,NA,NA,63,26,23,112,NA,116,116,7,13,NA,14,0.2,0.4
2026-09-24T1900,4242A,106.226373,38.491976,银川市,广场西路,NA,NA,NA,33,NA,15,109,NA,109,109,21,18,NA,7,0.3,0.3
2026-09-24T1900,4243A,92.0515,31.4787,那曲市,那曲市委宣传部,,33,9,8,9,11,104,NA,111,111,18,12,3,3,0.4,0.4
2026-09-24T1900,4244A,111.4879,36.053,临汾市,启星学校,细颗粒物(PM2.5),92,77,64,56,49,104,NA,134,134,20,22,7,7,0.7,0.7
2026-09-24T1900,4245A,106.8609,27.5969,遵义市,遵南大道1161号,,38,38,44,21,28,108,NA,117,117,13,10,21,6,0.6,0.7
2026-09-24T1900,4246A,105.833962,30.18863087,重庆市,桃园路24号,,24,22,22,14,16,75,NA,74,74,9,7,2,3,0.6,0.6
2026-09-24T1900,4247A,107.091033,29.153966,重庆市,钟楼街32号,,48,40,29,33,24,83,NA,84,84,5,8,6,8,0.7,0.7
2026-09-24T1900,4248A,107.8042979,30.67350233,重庆市,人民南路309号,,39,39,31,18,7,46,NA,61,61,10,6,7,7,0.9,0.7
2026-09-24T1900,4249A,118.8707617,31.34017673,南京市,汶溪路181号,,45,45,36,20,23,119,NA,137,137,18,18,3,2,0.5,0.5
2026-09-24T1900,4250A,114.089259,33.588274,漯河市,韶山路11号,细颗粒物(PM2.5),54,NA,62,37,37,64,NA,88,86,20,21,8,9,0.5,0.5
2026-09-24T1900,4251A,112.1433,32.0581,襄阳市,铁院东路4号,颗粒物(PM10),74,83,77,46,46,73,NA,81,81,13,11,7,8,0.9,0.8
2026-09-24T1900,4252A,113.0138,25.8011,郴州市,好美居路49号,,46,40,39,32,24,96,NA,113,113,9,15,14,10,/,/
2026-09-24T1900,4253A,116.010205,29.659402,九江市,莲花大道8号,"颗粒物(PM10),细颗粒物(PM2.5)",56,58,47,38,32,136,NA,142,142,5,10,13,9,0.9,0.9
2026-09-24T1900,4254A,120.2925,31.5685,无锡市,健康路105号,,46,46,37,11,7,58,NA,82,82,41,35,7,6,0.8,0.6
2026-09-24T1900,4255A,110.16795,22.640993,玉林市,人民东路196号,,38,35,38,26,26,70,NA,108,105,12,23,6,11,0.8,0.8
2026-09-24T1900,4256A,107.375,22.3736,崇左市,石景林东路7号,,34,34,26,11,20,98,NA,108,108,7,12,4,4,0.6,0.7
2026-09-24T1900,4257A,104.6092,35.5962,定西市,将台街,,34,34,34,15,7,81,NA,88,88,16,12,7,6,0.3,0.2
2026-09-24T1900,4258A,111.2416,23.4155,梧州市,政贤路18号,,39,33,48,20,25,124,NA,129,129,8,19,8,13,0.7,0.7
2026-09-24T1900,4259A,113.835877,34.0155267,许昌市,望田路111号,,38,NA,69,26,41,95,NA,100,100,11,21,3,4,0.4,0.7
2026-09-24T1900,4260A,109.5933,23.095,贵港市,中山路155-3号,,45,45,42,19,25,96,NA,132,132,13,14,/,/,0.6,0.7
2026-09-24T1900,4261A,103.7247,27.3415,昭通市,环东路146号,,29,29,25,14,18,76,NA,79,79,7,17,7,9,0.2,0.4
2026-09-24T1900,4263A,105.3688,27.3598,毕节市,工业大道,,35,34,43,23,24,112,NA,109,109,8,14,8,9,/,/
2026-09-24T1900,4264A,113.234,35.219,焦作市,新安路1731号,颗粒物(PM10),57,59,82,25,59,116,NA,136,136,13,18,4,4,0.2,0.4
2026-09-24T1900,4265A,113.108806,29.353066,岳阳市,求索西路365号,,37,37,47,24,34,106,NA,98,98,10,20,4,5,1.0,1
2026-09-24T1900,4266A,117.7325,34.5683,枣庄市,文化路178号,,41,41,169,16,121,73,NA,69,69,13,33,6,13,0.4,0.8
2026-09-24T1900,4268A,112.1722,30.3366,荆州市,学苑路85号,,49,37,64,34,48,76,NA,94,93,16,16,7,7,0.8,0.8
2026-09-24T1900,4269A,114.6701,33.6167,周口市,七一路,,40,40,52,28,43,78,NA,100,94,14,19,7,9,0.8,0.8
2026-09-24T1900,4270A,102.6447,37.9293,武威市,钟楼街149号,NA,NA,49,37,NA,14,84,NA,95,95,NA,15,NA,10,0.3,0.3
2026-09-24T1900,4271A,103.2464,35.6123,临夏回族自治州,滨河东路1号,,26,26,24,9,12,52,NA,72,71,26,11,9,8,0.3,0.3
2026-09-24T1900,4273A,81.2737,43.9337,伊犁哈萨克自治州,安徽路800号,,36,36,53,10,17,111,NA,100,100,4,32,5,6,0.4,0.7
2026-09-24T1900,4274A,117.7994,40.9605,承德市,滨河大街98号,,29,29,40,20,22,49,NA,85,77,7,11,8,8,0.4,0.4
2026-09-24T1900,4275A,111.591512,40.827312,呼和浩特市,成吉思汗西街8号,颗粒物(PM10),60,63,34,18,14,117,NA,125,125,25,35,6,6,0.5,0.5
2026-09-24T1900,4276A,111.6597,40.8077,呼和浩特市,公园东路75号,,38,36,39,20,14,119,NA,116,116,13,23,13,9,0.7,0.7
2026-09-24T1900,4277A,111.5427,40.7846,呼和浩特市,金海路35号,,42,42,34,25,14,108,NA,117,117,22,25,7,7,0.5,0.4
2026-09-24T1900,4278A,106.8212,39.6741,乌海市,海拉北路,,39,39,44,20,19,100,NA,112,112,11,21,2,8,0.4,0.5
2026-09-24T1900,4279A,119.7569,49.2222,呼伦贝尔市,伊敏大街东7号,,45,33,26,31,13,25,NA,74,70,63,25,6,5,0.8,0.5
2026-09-24T1900,4280A,122.0921,46.065,兴安盟,洮儿河南路,,29,29,27,7,8,77,NA,71,71,14,11,8,6,1.0,0.3
2026-09-24T1900,4281A,125.334645,43.916281,长春市,北亚泰大街1068号,,47,47,17,24,10,46,NA,77,74,35,16,6,8,0.1,0.2
2026-09-24T1900,4282A,126.6769,45.7379,哈尔滨市,华山路1号,NA,NA,NA,12,8,4,60,NA,76,75,22,18,5,5,0.3,0.2
2026-09-24T1900,4283A,126.9717,45.5356,哈尔滨市,解放大街52号,颗粒物(PM10),87,101,30,22,4,24,NA,77,73,63,21,6,8,0.8,0.9
2026-09-24T1900,4284A,128.8325,47.8447,伊春市,永安路4-1号,,21,NA,11,14,7,65,NA,73,73,2,4,1,1,0.1,0.2
2026-09-24T1900,4285A,130.363,46.806,佳木斯市,顺和街,,31,31,24,11,12,29,NA,70,62,37,20,1,2,0.4,0.3
2026-09-24T1900,4286A,130.3952,46.8268,佳木斯市,长安路196号,,48,48,18,14,7,36,NA,72,69,35,13,2,2,0.5,0.3
2026-09-24T1900,4287A,129.5992,44.5964,牡丹江市,东晓云街98号,,37,37,29,15,7,26,NA,65,58,24,6,7,7,0.5,0.3
2026-09-24T1900,4288A,117.2438,34.2844,徐州市,龙潭环路5号,,31,31,96,20,82,47,NA,56,56,13,20,8,10,1.0,1.2
2026-09-24T1900,4289A,117.154766,29.256967,景德镇市,青少年活动中心,,46,40,28,32,22,107,NA,101,101,11,13,7,9,/,/
2026-09-24T1900,4290A,120.196923,35.954556,青岛市,珠江路669号,,32,12,21,5,11,102,NA,100,100,5,16,4,5,0.5,0.6
2026-09-24T1900,4291A,120.0424,35.8656,青岛市,黄岛区人民政府广场,,31,9,19,5,12,97,NA,98,98,8,16,4,5,0.3,0.4
2026-09-24T1900,4292A,116.352738,37.420875,德州市,新河东路,颗粒物(PM10),104,129,94,43,43,173,NA,188,188,27,42,12,11,0.9,0.8
2026-09-24T1900,4293A,113.605125,34.755221,郑州市,计划路2号,,42,42,75,26,51,99,NA,108,108,16,22,3,5,0.3,0.3
2026-09-24T1900,4294A,113.6525645,34.77362682,郑州市,同乐路9号,,48,38,73,33,53,98,NA,103,103,16,24,3,5,0.3,0.4
2026-09-24T1900,4295A,113.2722,35.2121,焦作市,人民路3066号,颗粒物(PM10),53,54,87,28,59,104,NA,126,126,11,20,5,5,0.4,0.6
2026-09-24T1900,4296A,114.6421,33.6417,周口市,健康路46号,,36,36,52,23,37,70,NA,96,91,15,17,2,2,0.6,0.6
2026-09-24T1900,4297A,114.649,33.596,周口市,太昊路,颗粒物(PM10),58,60,74,34,41,80,NA,104,98,12,17,3,4,1.1,1
2026-09-24T1900,4298A,114.284,29.8595,咸宁市,碧桂路,,33,33,40,20,25,74,NA,83,83,17,15,3,3,0.6,0.6
2026-09-24T1900,4299A,111.6195,26.2253,永州市,徐家井路86号,细颗粒物(PM2.5),60,44,50,40,40,84,NA,107,107,9,13,7,7,1.1,1.1
2026-09-24T1900,4300A,114.4089,23.1147,惠州市,文华一路1号,,44,44,38,23,21,113,NA,139,139,16,9,/,/,/,/
2026-09-24T1900,4301A,110.2803,25.2773,桂林市,信义路13号,,33,30,39,23,32,105,NA,105,105,11,10,5,9,0.7,0.8
2026-09-24T1900,4302A,108.0901,24.6945,河池市,上任中路54号,,31,31,34,21,18,80,NA,87,87,8,19,8,7,0.9,0.9
2026-09-24T1900,4303A,105.5911,30.5368,遂宁市,环岛商务中心9号楼,,20,20,24,9,11,34,NA,49,49,22,12,7,7,0.8,0.7
2026-09-24T1900,4304A,106.1172,30.843,南充市,清泉寺北路188号,,20,20,16,8,9,57,NA,51,51,7,6,9,9,0.5,0.6
2026-09-24T1900,4305A,106.067,30.7616,南充市,同庆路1号,,15,15,18,9,13,47,NA,52,52,23,15,8,8,0.6,0.5
2026-09-24T1900,4306A,103.0544,30.0133,雅安市,滨江西路,,40,34,39,28,28,58,NA,55,55,17,15,4,4,0.6,0.6
2026-09-24T1900,4307A,108.9817,34.2035,西安市,曲江池东路988号,,45,45,64,19,41,66,NA,74,74,20,20,3,4,0.7,0.7
2026-09-24T1900,4308A,107.3898,34.3601,宝鸡市,陈仓区北开路21号,,30,30,27,20,21,40,NA,59,56,28,18,10,6,0.7,0.6
2026-09-24T1900,4309A,104.6159,35.5701,定西市,正龙路62号,,30,30,31,17,8,82,NA,84,84,7,7,3,3,0.3,0.3
2026-09-24T1900,4310A,103.207136,35.599807,临夏回族自治州,新华街21号,,21,21,26,13,13,58,NA,69,69,25,10,9,8,0.4,0.3
2026-09-24T1900,4311A,122.0383,46.0691,兴安盟,科尔沁北路63号,,26,20,20,3,6,81,NA,72,72,9,7,6,6,0.2,0.3
2026-09-24T1900,4312A,119.019,31.6512,南京市,中山西路1号,颗粒物(PM10),51,51,38,19,17,116,NA,114,114,11,15,3,4,0.7,0.7
2026-09-24T1900,4314A,114.0494,38.059,石家庄市,矿区区委大楼,颗粒物(PM10),67,73,57,34,27,119,NA,110,110,19,17,6,7,0.7,0.7
2026-09-24T1900,4325A,105.3665,28.77434,泸州市,纳溪区委政协,,42,36,33,29,25,58,NA,83,83,32,28,5,5,0.8,0.8
2026-09-24T1900,4326A,113.0794,22.5999,江门市,五邑大学,,50,42,37,25,22,157,NA,175,175,12,12,11,12,0.5,0.5
