timepoint,stationcode,longitude,latitude,area,positionname,primarypollutant,aqi,pm10,pm10_24h,pm2_5,pm2_5_24h,o3,o3_24h,o3_8h,o3_8h_24h,no2,no2_24h,so2,so2_24h,co,co_24h
2026-08-02T0000,1001A,116.3611,39.8786,北京市,万寿西宫,,34,34,20,14,12,103,NA,147,134,15,12,3,3,0.5,0.4
2026-08-02T0000,1003A,116.4174,39.9289,北京市,东四,,37,37,20,20,12,115,NA,154,138,11,12,3,2,0.3,0.3
2026-08-02T0000,1004A,116.4073,39.8858,北京市,天坛,,36,36,20,20,10,85,NA,138,115,8,8,2,2,0.7,0.7
2026-08-02T0000,1005A,116.4622,39.9364,北京市,农展馆,,34,32,20,17,11,107,NA,154,135,14,16,3,2,0.6,0.5
2026-08-02T0000,1006A,116.3399,39.9293,北京市,官园,,36,34,22,20,12,114,NA,146,130,9,11,3,2,0.4,0.4
2026-08-02T0000,1007A,116.2879,39.9613,北京市,海淀万柳,,34,34,19,17,10,99,NA,142,120,14,13,3,3,0.6,0.5
2026-08-02T0000,1008A,116.6635,40.1349,北京市,顺义新城,,39,33,22,27,9,91,NA,169,135,13,14,1,1,0.3,0.3
2026-08-02T0000,1009A,116.6275,40.327,北京市,怀柔镇,,30,30,20,16,10,63,NA,130,123,7,7,3,3,0.5,0.4
2026-08-02T0000,1010A,116.2295,40.217,北京市,昌平镇,,31,31,17,18,9,89,NA,137,125,12,16,2,3,0.8,0.8
2026-08-02T0000,1011A,116.3968,39.982,北京市,奥体中心,颗粒物(PM10),52,52,19,28,8,106,NA,128,122,14,21,3,2,0.5,0.4
2026-08-02T0000,1015A,117.1446,39.1659,天津市,勤俭道,,30,18,26,10,18,95,NA,130,116,4,7,7,7,0.6,0.7
2026-08-02T0000,1018A,117.2016,39.0928,天津市,前进道,,28,19,28,12,19,87,NA,126,107,1,5,4,5,0.4,0.5
2026-08-02T0000,1019A,117.1837,39.2134,天津市,淮河道,,30,19,27,10,18,96,NA,134,118,2,4,6,6,0.3,0.3
2026-08-02T0000,1021A,117.308261,39.088386,天津市,跃进路,,28,18,26,10,17,87,NA,128,109,5,7,5,5,0.5,0.6
2026-08-02T0000,1023A,117.707,39.0344,天津市,第四大街,,25,20,28,11,17,80,NA,139,109,11,12,4,4,0.2,0.4
2026-08-02T0000,1024A,117.4573,38.8395,天津市,永明路,,28,13,21,8,15,89,NA,125,110,2,4,2,2,0.1,0.2
2026-08-02T0000,1026A,117.7641,39.1588,天津市,汉北路,,27,20,32,8,18,84,NA,133,104,3,11,5,5,0.6,1
2026-08-02T0000,1030A,114.5919,38.0328,石家庄市,高新区,,33,33,32,2,20,68,NA,162,134,13,12,2,3,0.6,0.7
2026-08-02T0000,1032A,114.4556,38.0136,石家庄市,西南高教,,23,19,19,6,14,72,NA,135,100,9,7,2,2,0.3,0.4
2026-08-02T0000,1033A,114.533,38.0177,石家庄市,世纪公园,,36,36,25,3,14,56,NA,126,100,10,5,3,3,0.7,0.8
2026-08-02T0000,1034A,114.5105,38.0489,石家庄市,人民会堂,,28,28,21,18,15,67,NA,142,106,11,6,4,2,0.3,0.4
2026-08-02T0000,1040A,118.1707,39.6505,唐山市,十二中,细颗粒物(PM2.5),56,55,29,38,23,90,NA,138,128,10,6,3,3,0.6,0.5
2026-08-02T0000,1041A,118.1868,39.6219,唐山市,小山,,40,30,15,28,19,83,NA,151,136,16,5,4,9,0.6,0.5
2026-08-02T0000,1046A,119.5247,39.9346,秦皇岛市,建设大厦,颗粒物(PM10),56,58,44,24,23,102,NA,131,123,7,8,5,6,0.6,0.6
2026-08-02T0000,1049A,114.492,36.5712,邯郸市,矿院,,32,NA,24,22,22,76,NA,124,102,3,3,1,2,0.4,0.4
2026-08-02T0000,1050A,114.4839,36.6136,邯郸市,丛台公园,,25,NA,23,17,16,80,NA,118,101,5,4,5,5,0.4,0.5
2026-08-02T0000,1051A,115.4803,38.8568,保定市,游泳馆,,43,41,24,30,19,87,NA,138,123,9,6,5,6,0.3,0.1
2026-08-02T0000,1052A,115.509,38.8895,保定市,华电二区,,50,37,26,25,15,159,NA,170,160,6,5,4,4,0.9,0.7
2026-08-02T0000,1053A,115.4588,38.9037,保定市,接待中心,,39,37,26,27,17,93,NA,138,126,8,4,2,3,0.2,0.2
2026-08-02T0000,1054A,115.4484,38.8344,保定市,地表水厂,,40,33,21,28,15,85,NA,135,117,12,6,1,2,0.6,0.4
2026-08-02T0000,1057A,114.8884,40.8336,张家口市,人民公园,,33,33,29,18,20,54,NA,127,86,10,10,1,2,0.4,0.4
2026-08-02T0000,1059A,114.868581,40.804273,张家口市,五金库,,32,32,29,21,12,61,NA,121,91,11,12,/,/,/,/
2026-08-02T0000,1060A,114.8901,40.762,张家口市,世纪豪园,NA,NA,NA,24,32,21,79,NA,125,105,NA,9,8,5,0.3,0.5
2026-08-02T0000,1062A,117.9531,40.908,承德市,铁路,,36,36,28,21,16,37,NA,104,74,11,9,4,8,0.4,0.5
2026-08-02T0000,1063A,117.9397,40.9763,承德市,中国银行,,26,26,28,10,19,50,NA,110,72,6,7,2,10,0.3,0.5
2026-08-02T0000,1067A,116.6712,39.5109,廊坊市,药材公司,,33,30,18,23,11,73,NA,127,108,10,5,2,2,0.4,0.4
2026-08-02T0000,1068A,116.7215,39.5592,廊坊市,开发区,,43,43,26,20,12,61,NA,137,113,9,3,3,3,0.4,0.4
2026-08-02T0000,1070A,116.7246,39.5273,廊坊市,北华航天学院,,47,47,23,24,13,59,NA,140,120,20,5,3,3,0.4,0.3
2026-08-02T0000,1071A,116.8733,38.2922,沧州市,沧县城建局,,26,NA,16,18,20,68,NA,109,87,7,5,4,5,0.4,0.5
2026-08-02T0000,1072A,116.8462,38.3189,沧州市,电视转播站,,43,43,33,22,18,78,NA,114,105,4,4,2,4,0.1,0.1
2026-08-02T0000,1073A,116.8588,38.3161,沧州市,市环保局,,38,38,27,25,18,58,NA,94,76,8,6,3,3,0.5,0.5
2026-08-02T0000,1074A,115.6839,37.754,衡水市,电机北厂,,38,38,32,12,15,68,NA,115,93,8,6,2,3,0.6,0.5
2026-08-02T0000,1075A,115.6303,37.7318,衡水市,市监测站,,28,28,28,7,11,45,NA,110,77,11,6,9,9,0.5,0.7
2026-08-02T0000,1077A,114.4687,37.0883,邢台市,达活泉,,27,17,28,10,16,84,NA,169,157,1,4,1,2,0.4,0.6
2026-08-02T0000,1078A,114.4954,37.0309,邢台市,邢师高专,,24,24,32,14,17,49,NA,111,76,2,4,2,3,0.5,0.8
2026-08-02T0000,1079A,114.5281,37.0857,邢台市,路桥公司,,24,24,33,15,16,67,NA,107,79,4,5,3,3,0.5,0.7
2026-08-02T0000,1080A,114.4721,37.0713,邢台市,市环保局,,23,23,32,7,16,59,NA,126,91,6,7,4,5,0.4,0.4
2026-08-02T0000,1081A,112.5138,37.8916,太原市,尖草坪,,24,18,25,12,18,74,NA,133,88,8,14,6,7,0.3,0.7
2026-08-02T0000,1084A,112.4691,37.7125,太原市,晋源,,34,34,34,11,20,57,NA,120,83,13,15,5,7,0.5,0.8
2026-08-02T0000,1085A,112.5595,37.7391,太原市,小店,,25,22,33,12,18,78,NA,130,95,10,19,5,8,0.4,0.5
2026-08-02T0000,1087A,112.5705,37.8199,太原市,坞城,,24,NA,30,12,22,75,NA,144,102,13,17,11,12,0.7,0.9
2026-08-02T0000,1088A,112.5495,37.9853,太原市,南寨,,34,34,26,20,15,16,NA,108,51,20,13,10,11,0.7,0.6
2026-08-02T0000,1090A,111.6506,40.7517,呼和浩特市,呼市一监,,38,34,23,26,13,61,NA,132,90,12,7,10,9,0.4,0.4
2026-08-02T0000,1094A,111.7516,40.8369,呼和浩特市,如意水处理厂,,27,NA,26,15,20,85,NA,146,94,8,10,4,6,0.5,0.6
2026-08-02T0000,1095A,111.727798,40.806187,呼和浩特市,二十九中,,27,18,26,9,19,85,NA,144,99,4,6,10,11,0.4,0.5
2026-08-02T0000,1097A,111.717,40.7617,呼和浩特市,化肥厂生活区,,43,39,28,30,19,60,NA,139,93,19,12,12,13,0.4,0.4
2026-08-02T0000,1099A,123.5058,41.7084,沈阳市,浑南东路,,39,32,30,27,17,93,NA,122,104,5,5,3,3,1.1,0.8
2026-08-02T0000,1100A,123.4238,41.6992,沈阳市,新秀街,NA,NA,NA,NA,NA,NA,NA,NA,NA,NA,NA,NA,NA,NA,NA,NA
2026-08-02T0000,1102A,123.5903,41.8412,沈阳市,东陵路,,44,44,35,19,15,95,NA,113,99,9,10,3,3,0.6,0.6
2026-08-02T0000,1103A,123.4267,41.8466,沈阳市,陵东街,,33,24,25,18,16,104,NA,109,101,4,5,3,2,0.4,0.5
2026-08-02T0000,1104A,123.4116,41.7654,沈阳市,文化路,,30,29,27,21,15,95,NA,114,102,4,5,1,3,0.5,0.6
2026-08-02T0000,1105A,123.4673,41.787,沈阳市,小河沿,,32,22,25,22,16,97,NA,107,98,7,7,2,2,0.7,0.7
2026-08-02T0000,1106A,123.4019,41.7978,沈阳市,太原街,,45,45,37,23,17,112,NA,126,110,4,5,3,3,0.5,0.5
2026-08-02T0000,1108A,123.3778,41.9233,沈阳市,京沈街,,38,37,41,26,19,112,NA,115,104,6,6,3,3,0.4,0.6
2026-08-02T0000,1109A,121.6119,38.974,大连市,甘井子,,46,30,24,24,16,147,NA,153,153,10,5,9,9,0.8,0.8
2026-08-02T0000,1110A,121.565,38.9509,大连市,周水子,,46,22,22,19,16,145,NA,159,159,13,7,6,8,0.3,0.3
2026-08-02T0000,1111A,121.5637,38.8849,大连市,星海三站,,45,25,27,18,17,143,NA,187,166,9,11,6,6,0.8,0.8
2026-08-02T0000,1112A,121.6301,38.9117,大连市,青泥洼桥,,40,28,26,20,17,125,NA,158,148,6,5,8,8,0.6,0.6
2026-08-02T0000,1113A,121.6248,38.8643,大连市,傅家庄,,47,20,24,12,19,150,NA,185,171,5,8,5,6,0.5,0.5
2026-08-02T0000,1114A,121.5117,38.8636,大连市,七贤岭,,42,22,21,16,15,132,NA,151,150,8,10,6,6,0.8,0.7
2026-08-02T0000,1116A,121.7507,39.1339,大连市,金州,,40,24,29,14,18,127,NA,129,128,5,10,8,8,0.8,0.8
2026-08-02T0000,1117A,121.7811,39.0495,大连市,开发区,,40,28,27,28,20,91,NA,168,151,29,14,9,9,0.7,0.7
2026-08-02T0000,1118A,121.9762,39.0631,大连市,双D港,,34,26,33,4,16,106,NA,173,141,2,10,6,7,0.5,0.1
2026-08-02T0000,1120A,125.2874,43.9024,长春市,客车厂,,26,NA,36,18,27,60,NA,103,76,13,13,2,3,0.6,0.6
2026-08-02T0000,1121A,125.2943,43.8508,长春市,邮电学院,,23,23,32,16,27,11,NA,92,39,11,8,5,6,0.5,0.5
2026-08-02T0000,1122A,125.3648,43.8745,长春市,劳动公园,,23,19,30,16,27,38,NA,85,60,13,9,4,4,0.6,0.6
2026-08-02T0000,1123A,125.3233,43.8781,长春市,园林处,,23,NA,34,16,24,61,NA,104,78,11,8,3,2,0.5,0.5
2026-08-02T0000,1124A,125.4604,43.7904,长春市,净月潭,,30,NA,29,21,25,54,NA,105,58,4,6,5,5,0.4,0.5
2026-08-02T0000,1126A,125.38,43.8422,长春市,经开区环卫处,,22,NA,33,15,24,46,NA,106,71,12,9,1,2,0.5,0.5
2026-08-02T0000,1127A,125.234,43.7761,长春市,高新区管委会,,28,NA,34,19,24,49,NA,108,65,12,8,4,5,0.4,0.5
2026-08-02T0000,1128A,125.1695,43.83,长春市,岱山公园,,20,NA,29,14,24,27,NA,76,39,12,9,3,2,0.4,0.7
2026-08-02T0000,1130A,126.5557,45.8109,哈尔滨市,松北商大,,12,12,24,4,12,14,NA,62,28,13,11,6,6,0.5,0.4
2026-08-02T0000,1132A,126.6162,45.719,哈尔滨市,南岗学府路,,20,20,33,4,10,7,NA,85,25,16,15,6,6,0.1,0.1
2026-08-02T0000,1133A,126.6894,45.7733,哈尔滨市,太平宏伟公园,,11,11,30,2,8,18,NA,82,30,16,15,6,7,0.2,0.3
2026-08-02T0000,1134A,126.6361,45.7672,哈尔滨市,道外承德广场,,26,26,42,4,9,14,NA,69,23,15,16,7,7,0.0,0.1
2026-08-02T0000,1136A,126.644,45.7261,哈尔滨市,动力和平路,,16,16,37,3,10,12,NA,81,23,17,16,3,3,0.2,0.3
2026-08-02T0000,1137A,126.5933,45.7479,哈尔滨市,道里建国路,,18,18,38,12,16,20,NA,69,34,9,9,4,5,0.6,0.7
2026-08-02T0000,1138A,126.6127,45.6119,哈尔滨市,平房东轻厂,,10,6,16,4,7,29,NA,71,39,8,13,11,11,0.7,0.7
2026-08-02T0000,1139A,126.5875,45.9827,哈尔滨市,呼兰师专,NA,NA,NA,27,2,8,19,NA,60,29,8,10,3,6,0.5,0.4
2026-08-02T0000,1140A,126.6299,45.6799,哈尔滨市,省农科院,,11,11,24,2,11,15,NA,76,36,9,15,5,6,0.3,0.4
2026-08-02T0000,1141A,121.401,31.2382,上海市,普陀,"颗粒物(PM10),细颗粒物(PM2.5)",56,58,40,38,28,137,NA,173,112,20,22,6,6,0.3,0.3
2026-08-02T0000,1142A,121.4774,31.2043,上海市,十五厂,细颗粒物(PM2.5),66,65,42,43,28,133,NA,177,111,18,21,5,5,0.5,0.5
2026-08-02T0000,1143A,121.4673,31.3011,上海市,虹口,颗粒物(PM10),60,63,46,37,31,139,NA,189,125,12,14,4,5,0.7,0.6
2026-08-02T0000,1147A,121.4253,31.226,上海市,静安监测站,颗粒物(PM10),56,58,41,37,27,143,NA,185,122,16,18,8,8,0.7,0.8
2026-08-02T0000,1148A,121.7029,31.1905,上海市,浦东川沙,细颗粒物(PM2.5),78,71,48,49,31,140,NA,202,146,16,19,10,9,0.6,0.6
2026-08-02T0000,1149A,121.5339,31.229,上海市,浦东新区监测站,颗粒物(PM10),54,55,42,36,27,146,NA,184,115,13,21,8,8,0.5,0.5
2026-08-02T0000,1150A,121.5776,31.2038,上海市,浦东张江,细颗粒物(PM2.5),54,51,42,37,28,158,NA,209,134,11,19,8,8,0.4,0.3
2026-08-02T0000,1151A,118.8033,32.1085,南京市,迈皋桥,,16,16,14,10,7,41,NA,116,81,13,9,7,8,0.3,0.5
2026-08-02T0000,1152A,118.7487,32.057,南京市,草场门,,21,17,19,10,8,67,NA,120,79,13,15,7,10,0.5,0.7
2026-08-02T0000,1154A,118.770105,32.004342,南京市,中华门,,23,14,16,8,8,71,NA,139,94,13,11,7,7,0.1,0.1
2026-08-02T0000,1155A,118.8059,32.0329,南京市,瑞金路,,18,12,16,12,9,49,NA,128,87,24,16,4,4,0.2,0.4
2026-08-02T0000,1156A,118.7946,32.0774,南京市,玄武湖,,18,14,22,12,7,41,NA,111,76,14,8,4,4,0.3,0.5
2026-08-02T0000,1157A,118.6415,32.0964,南京市,浦口,,23,23,23,11,7,39,NA,103,73,18,13,4,5,0.6,0.6
2026-08-02T0000,1158A,118.730129,32.000956,南京市,奥体中心,,22,22,21,10,7,52,NA,124,82,24,17,7,9,0.5,0.7
2026-08-02T0000,1159A,118.9072,32.1047,南京市,仙林大学城,,31,31,28,20,10,63,NA,142,96,22,17,8,10,0.3,0.4
2026-08-02T0000,1163A,120.5974,31.3247,苏州市,轧钢厂,,36,36,36,25,23,106,NA,115,115,22,20,11,10,0.8,0.8
2026-08-02T0000,1164A,120.6329,31.2741,苏州市,吴中区,,44,44,43,26,28,100,NA,118,115,23,15,7,6,0.5,0.5
2026-08-02T0000,1165A,120.5566,31.3049,苏州市,苏州新区,,31,31,38,21,26,99,NA,118,118,18,15,6,6,0.6,0.6
2026-08-02T0000,1166A,120.668709,31.312523,苏州市,苏州工业园区,,49,43,40,34,25,118,NA,132,126,18,13,10,10,0.6,0.6
2026-08-02T0000,1167A,120.6408,31.3707,苏州市,相城区,NA,NA,59,46,36,27,108,NA,141,122,NA,15,6,14,0.7,0.8
2026-08-02T0000,1168A,120.9056,31.9669,南通市,狼山街道,,45,40,39,31,30,103,NA,184,148,25,25,6,6,0.6,0.6
2026-08-02T0000,1170A,120.8635,32.0231,南通市,城中,细颗粒物(PM2.5),74,48,49,47,29,101,NA,169,151,26,20,4,5,1.0,1
2026-08-02T0000,1171A,120.9376,31.9301,南通市,星湖花园,,49,41,39,34,30,101,NA,186,149,30,23,8,6,0.7,0.5
2026-08-02T0000,1172A,120.8053,32.046,南通市,紫琅学院,细颗粒物(PM2.5),64,55,46,42,28,72,NA,172,144,62,37,9,6,0.8,0.8
2026-08-02T0000,1173A,119.1759,34.5885,连云港市,市环境监测站,,24,NA,18,14,12,75,NA,118,95,13,10,5,5,0.4,0.4
2026-08-02T0000,1180A,117.257,34.2161,徐州市,新城区,,24,24,24,14,12,54,NA,113,80,15,13,6,7,0.3,0.4
2026-08-02T0000,1182A,117.2933,34.2796,徐州市,农科院,,24,24,24,11,11,52,NA,112,85,19,12,2,2,0.6,0.6
2026-08-02T0000,1186A,119.3895,32.377,扬州市,邗江监测站,,29,29,24,18,11,80,NA,149,126,16,12,7,6,0.6,0.6
2026-08-02T0000,1188A,120.2693,31.4864,无锡市,雪浪,,37,36,35,21,21,116,NA,137,119,13,13,5,6,0.5,0.6
2026-08-02T0000,1189A,120.2761,31.621,无锡市,黄巷,,37,37,43,17,18,111,NA,129,111,15,21,6,6,0.7,0.8
2026-08-02T0000,1191A,120.2422,31.5037,无锡市,漆塘,,38,38,37,22,21,116,NA,148,119,9,8,7,7,0.5,0.6
2026-08-02T0000,1192A,120.3489,31.5865,无锡市,东亭,,35,22,31,22,24,112,NA,119,110,16,26,7,7,0.4,0.5
2026-08-02T0000,1193A,120.3538,31.5474,无锡市,旺庄,,35,26,33,22,24,111,NA,119,103,17,27,9,10,0.6,0.7
2026-08-02T0000,1194A,120.2447,31.5633,无锡市,荣巷,,36,29,38,23,24,114,NA,144,116,13,15,6,7,0.7,0.5
2026-08-02T0000,1195A,120.2986,31.6816,无锡市,堰桥,,42,31,43,29,29,95,NA,142,126,29,26,6,6,0.7,0.7
2026-08-02T0000,1196A,119.9524,31.7586,常州市,市监测站,,38,NA,35,26,20,110,NA,129,119,13,12,10,11,0.4,0.5
2026-08-02T0000,1200A,119.9351,31.703,常州市,武进监测站,,41,41,36,22,21,127,NA,130,106,14,14,5,6,0.4,0.5
2026-08-02T0000,1203A,119.6708,32.187,镇江市,新区办事处,细颗粒物(PM2.5),88,60,27,54,20,70,NA,110,107,44,16,10,5,1.1,0.6
2026-08-02T0000,1204A,119.497455,32.196732,镇江市,职教中心,,26,26,23,16,12,65,NA,117,110,19,13,7,7,0.5,0.5
2026-08-02T0000,1205A,119.43,32.1328,镇江市,丹徒区监测站,,35,35,25,19,13,66,NA,119,109,20,17,5,5,0.6,0.7
2026-08-02T0000,1206A,119.9042,32.488,泰州市,公园路,细颗粒物(PM2.5),105,NA,35,65,30,89,NA,126,123,25,15,11,12,0.8,0.5
2026-08-02T0000,1207A,119.9189,32.4626,泰州市,莲花,细颗粒物(PM2.5),82,73,42,51,25,82,NA,126,123,25,14,7,8,0.8,0.5
2026-08-02T0000,1209A,119.8877,32.4636,泰州市,留学生创业园,细颗粒物(PM2.5),78,68,40,49,26,82,NA,126,122,33,21,13,14,1.0,0.7
2026-08-02T0000,1210A,119.0566,33.5991,淮安市,钵池山,,25,22,18,16,11,78,NA,99,88,8,7,1,1,0.8,0.7
2026-08-02T0000,1211A,119.0083,33.578,淮安市,北京南路,,27,27,22,12,10,79,NA,105,93,8,7,5,5,0.8,0.8
2026-08-02T0000,1212A,118.9938,33.6083,淮安市,市监测站,,24,22,16,16,13,74,NA,108,96,20,15,14,11,1.4,1
2026-08-02T0000,1213A,119.135,33.5038,淮安市,楚州区监测站,,25,17,19,17,12,66,NA,102,82,21,8,6,6,0.4,0.4
2026-08-02T0000,1216A,120.1554,33.3941,盐城市,市监测站,,48,45,36,32,23,153,NA,150,150,6,9,9,9,0.6,0.6
2026-08-02T0000,1218A,120.214332,33.37951,盐城市,开发区管委会,细颗粒物(PM2.5),72,50,40,46,34,142,NA,140,140,6,8,9,10,0.8,0.8
2026-08-02T0000,1220A,118.2924,33.933,宿迁市,宿迁学院,,25,25,20,15,13,55,NA,111,84,11,8,9,9,0.1,0.1
2026-08-02T0000,1221A,118.2321,33.9572,宿迁市,宿迁中学,,25,24,20,17,13,55,NA,109,86,14,10,5,5,0.4,0.8
2026-08-02T0000,1223A,120.2073,30.2111,杭州市,滨江,,20,20,24,10,11,42,NA,106,76,19,19,5,5,0.5,0.5
2026-08-02T0000,1224A,120.0625,30.2737,杭州市,西溪,,16,14,16,11,12,24,NA,83,49,12,13,4,4,0.5,0.5
2026-08-02T0000,1226A,120.3417,30.315,杭州市,下沙,,22,22,27,13,17,49,NA,130,93,20,19,5,5,0.5,0.5
2026-08-02T0000,1227A,120.1252,30.2465,杭州市,卧龙桥,,15,15,20,8,12,31,NA,102,63,14,11,5,6,0.5,0.5
2026-08-02T0000,1228A,120.1902,30.2691,杭州市,浙江农大,,18,18,23,10,14,46,NA,97,68,19,22,6,6,0.4,0.4
2026-08-02T0000,1230A,120.1195,30.3121,杭州市,和睦小学,,16,16,22,11,13,43,NA,90,61,11,12,8,9,0.6,0.6
2026-08-02T0000,1231A,120.3076,30.4146,杭州市,临平镇,,24,24,30,11,16,54,NA,116,77,14,11,6,7,0.5,0.5
2026-08-02T0000,1232A,120.2753,30.1839,杭州市,城厢镇,,12,12,27,1,13,36,NA,97,74,15,13,5,6,0.4,0.5
2026-08-02T0000,1233A,120.0883,30.1808,杭州市,云栖,,15,11,19,10,11,13,NA,88,51,18,16,5,6,0.8,0.8
2026-08-02T0000,1234A,121.8352,29.9111,宁波市,区环保大楼,,41,41,43,24,19,99,NA,184,136,8,16,6,6,0.9,0.7
2026-08-02T0000,1235A,121.5595,29.8208,宁波市,万里学院,,22,22,31,6,19,70,NA,143,117,9,12,8,5,0.7,0.8
2026-08-02T0000,1236A,121.713,29.9564,宁波市,龙赛医院,,36,36,47,19,23,69,NA,184,146,17,14,8,9,0.4,0.4
2026-08-02T0000,1240A,121.5855,29.8635,宁波市,太古小学,NA,NA,NA,32,10,18,70,NA,142,114,6,9,5,5,0.3,0.4
2026-08-02T0000,1241A,121.5239,29.8673,宁波市,市环境监测中心,,27,27,32,11,20,62,NA,152,121,18,15,11,12,0.7,0.8
2026-08-02T0000,1242A,120.6342,28.0088,温州市,瓯海,,27,27,31,13,18,22,NA,123,86,22,18,6,6,0.5,0.6
2026-08-02T0000,1243A,120.6747,27.9881,温州市,南浦,,21,21,38,13,22,31,NA,135,101,16,15,6,6,0.3,0.4
2026-08-02T0000,1244A,120.76,27.9745,温州市,龙湾,,34,34,46,16,24,57,NA,130,107,13,14,7,7,0.6,0.6
2026-08-02T0000,1247A,120.6053,29.9927,绍兴市,城东开发委,,15,15,21,6,12,42,NA,107,84,9,8,10,11,0.6,0.6
2026-08-02T0000,1250A,120.075,30.867,湖州市,城西水厂,,21,14,29,8,17,67,NA,107,104,14,20,6,6,0.4,0.5
2026-08-02T0000,1252A,120.7439,30.778,嘉兴市,清河小学,,20,15,35,2,20,61,NA,130,114,18,16,6,6,0.3,0.4
2026-08-02T0000,1253A,120.7261,30.7477,嘉兴市,嘉兴学院,,22,22,33,6,22,53,NA,135,113,25,17,4,4,0.1,0.2
2026-08-02T0000,1255A,121.2727,28.6461,台州市,黄岩环保大楼,,18,14,31,11,18,57,NA,144,89,5,9,/,/,/,/
2026-08-02T0000,1256A,121.4188,28.6545,台州市,台州环保大楼,,24,24,34,15,21,52,NA,141,92,14,9,/,/,0.3,0.4
2026-08-02T0000,1257A,121.3768,28.5772,台州市,路桥田洋王,,32,32,35,18,20,63,NA,142,100,13,8,6,6,0.3,0.4
2026-08-02T0000,1258A,122.1223,30.0203,舟山市,定海檀枫,,46,43,37,32,24,77,NA,173,109,15,20,8,7,0.8,0.7
2026-08-02T0000,1260A,122.1898,29.9945,舟山市,临城新区,,35,28,24,24,19,83,NA,159,112,14,15,5,6,0.8,0.7
2026-08-02T0000,1262A,119.6478,29.0773,金华市,十五中,,12,12,19,3,6,36,NA,92,53,8,8,2,2,0.5,0.5
2026-08-02T0000,1263A,119.6859,29.1032,金华市,监测站,,13,7,17,1,6,41,NA,87,55,5,6,2,3,0.4,0.5
2026-08-02T0000,1264A,118.8694,28.94,衢州市,环保大楼,NA,NA,11,21,5,10,NA,NA,88,NA,10,11,/,/,/,/
2026-08-02T0000,1266A,118.8622,28.9809,衢州市,衢州学院,,18,17,19,12,12,7,NA,91,38,28,14,5,6,0.4,0.4
2026-08-02T0000,1267A,119.9141,28.4513,丽水市,监测站大楼,,9,7,15,6,5,17,NA,77,41,16,13,6,7,0.6,0.6
2026-08-02T0000,1268A,119.93,28.4589,丽水市,莲都小学,,20,20,17,7,6,15,NA,86,45,15,13,/,/,/,/
2026-08-02T0000,1269A,119.8794,28.4232,丽水市,余庄前,,15,15,14,5,6,1,NA,86,28,14,11,4,3,0.6,0.6
2026-08-02T0000,1270A,117.1957,31.7845,合肥市,明珠广场,,25,24,21,17,10,62,NA,95,84,14,11,8,9,0.6,0.6
2026-08-02T0000,1271A,117.307,31.8765,合肥市,三里街,,20,17,20,13,10,63,NA,86,77,9,11,10,10,0.2,0.2
2026-08-02T0000,1272A,117.2587,31.8703,合肥市,琥珀山庄,,27,27,21,12,9,69,NA,94,84,12,10,8,8,0.3,0.4
2026-08-02T0000,1275A,117.2593,31.9376,合肥市,庐阳区,,22,14,20,9,8,69,NA,100,86,10,10,10,10,0.5,0.5
2026-08-02T0000,1276A,117.345251,31.861615,合肥市,瑶海区,,19,19,23,13,10,52,NA,93,71,15,12,3,3,0.4,0.3
2026-08-02T0000,1277A,117.3033,31.7967,合肥市,包河区,,22,22,18,13,8,61,NA,92,80,11,8,9,9,0.3,0.3
2026-08-02T0000,1278A,117.278,31.7392,合肥市,滨湖新区,,20,19,18,10,8,63,NA,94,83,8,6,7,8,0.6,0.5
2026-08-02T0000,1279A,117.1324,31.8395,合肥市,高新区,,22,19,20,11,8,68,NA,84,81,7,6,7,8,0.5,0.5
2026-08-02T0000,1282A,119.2681,26.0506,福州市,师大,,24,24,36,5,17,32,NA,123,54,8,10,5,5,0.2,0.3
2026-08-02T0000,1283A,119.2983,26.1028,福州市,五四北路,,20,20,36,6,22,23,NA,131,36,15,14,4,4,0.3,0.5
2026-08-02T0000,1284A,119.2648,26.0769,福州市,杨桥西路,,27,27,34,5,17,27,NA,119,49,12,11,4,4,/,/
2026-08-02T0000,1287A,118.1519,24.4768,厦门市,洪文,,15,10,8,8,5,4,NA,38,18,30,11,8,5,0.6,0.2
2026-08-02T0000,1288A,118.0671,24.4447,厦门市,鼓浪屿,,15,8,8,5,6,46,NA,98,75,18,18,3,4,/,/
2026-08-02T0000,1291A,115.8887,28.7006,南昌市,省林业公司,,24,24,16,13,16,53,NA,104,78,6,11,6,8,0.5,0.5
2026-08-02T0000,1292A,115.813,28.7443,南昌市,林科所,,22,NA,17,15,14,31,NA,88,64,15,15,6,9,0.8,0.8
2026-08-02T0000,1294A,115.8518,28.687,南昌市,建工学校,,26,26,20,14,14,34,NA,87,66,9,12,8,9,0.5,0.6
2026-08-02T0000,1295A,115.8926,28.6425,南昌市,象湖,,24,24,15,13,16,29,NA,85,57,9,14,9,13,0.3,0.3
2026-08-02T0000,1299A,116.9866,36.6118,济南市,科干所,,30,14,14,8,7,94,NA,102,102,7,6,4,4,0.6,0.6
2026-08-02T0000,1300A,116.9379,36.6652,济南市,农科所,,24,15,19,8,9,76,NA,96,90,8,6,4,4,0.2,0.2
2026-08-02T0000,1301A,117.1265,36.6736,济南市,开发区,,27,12,13,8,8,86,NA,94,93,4,3,6,6,0.2,0.2
2026-08-02T0000,1303A,117.0616,36.6865,济南市,省种子仓库,,28,19,21,8,7,89,NA,96,96,9,8,7,7,0.2,0.2
2026-08-02T0000,1304A,116.9495185,36.644937,济南市,机床二厂,,30,17,16,8,8,94,NA,110,106,4,3,6,7,0.3,0.3
2026-08-02T0000,1305A,117.0496,36.6629,济南市,市监测站,,30,15,16,9,7,93,NA,98,98,6,6,4,4,0.4,0.4
2026-08-02T0000,1306A,116.7674,36.5458,济南市,长清党校,,24,17,19,11,9,74,NA,94,88,12,8,5,5,0.3,0.3
2026-08-02T0000,1310A,120.404,36.0625,青岛市,市南区东部子站,臭氧1小时(O3_1h),59,36,26,33,20,167,NA,153,140,5,12,6,8,0.8,0.7
2026-08-02T0000,1311A,120.362344,36.10282,青岛市,四方区子站,臭氧1小时(O3_1h),84,NA,26,46,18,187,NA,163,157,2,8,7,11,0.8,0.8
2026-08-02T0000,1312A,120.294373,36.054183,青岛市,市南区西部子站,细颗粒物(PM2.5),58,41,32,39,22,164,NA,147,140,16,21,7,7,1.0,0.8
2026-08-02T0000,1313A,120.4581,36.0858,青岛市,崂山区子站,臭氧1小时(O3_1h),74,NA,26,40,19,179,NA,170,156,6,12,8,9,0.5,0.4
2026-08-02T0000,1315A,120.3945,36.3083,青岛市,城阳区子站,细颗粒物(PM2.5),58,NA,27,39,15,151,NA,158,136,8,14,4,6,0.5,0.5
2026-08-02T0000,1316A,113.6843,34.7622,郑州市,烟厂,,30,30,28,20,17,77,NA,106,90,10,9,2,2,0.5,0.5
2026-08-02T0000,1318A,113.669,34.8034,郑州市,银行学校,,26,22,28,18,19,83,NA,107,97,10,8,4,4,0.1,0.1
2026-08-02T0000,1319A,113.5612,34.8143,郑州市,供水公司,NA,NA,26,31,NA,17,41,NA,109,NA,20,12,4,3,0.3,0.3
2026-08-02T0000,1320A,113.7269,34.7187,郑州市,经开区管委,,35,35,29,20,17,61,NA,102,82,17,10,2,2,0.5,0.5
2026-08-02T0000,1321A,113.7332,34.7727,郑州市,四十七中,,29,25,31,20,18,76,NA,111,92,11,8,1,2,0.4,0.4
2026-08-02T0000,1323A,113.6361,34.7537,郑州市,河医大,NA,NA,NA,30,NA,16,NA,NA,99,87,NA,8,NA,4,NA,0.3
2026-08-02T0000,1325A,114.3676,30.5584,武汉市,东湖梨园,,30,30,13,11,6,19,NA,68,60,34,10,7,7,0.9,0.7
2026-08-02T0000,1326A,114.2527,30.5578,武汉市,汉阳月湖,,27,27,15,7,6,40,NA,77,68,29,10,5,5,0.9,0.8
2026-08-02T0000,1327A,114.2819,30.6189,武汉市,汉口花桥,,18,18,11,7,7,57,NA,79,71,13,9,6,6,0.5,0.5
2026-08-02T0000,1328A,114.3024,30.5332,武汉市,武昌紫阳,,28,28,18,8,8,56,NA,78,70,13,10,4,5,0.2,0.2
2026-08-02T0000,1329A,114.3646,30.6217,武汉市,青山钢花,,27,27,14,12,7,34,NA,78,71,24,7,6,7,0.4,0.4
2026-08-02T0000,1330A,114.156697,30.482592,武汉市,沌口新区,,15,15,13,7,7,38,NA,80,65,29,12,9,8,0.2,0.2
2026-08-02T0000,1331A,114.3013,30.5944,武汉市,汉口江滩,,22,22,13,8,8,34,NA,79,67,34,16,2,2,0.4,0.4
2026-08-02T0000,1333A,114.1285,30.6339,武汉市,吴家山,,22,22,15,9,9,49,NA,87,71,19,9,6,6,0.3,0.2
2026-08-02T0000,1335A,113.082,28.2421,长沙市,经开区环保局,,12,7,14,5,7,36,NA,69,50,3,5,4,5,0.4,0.4
2026-08-02T0000,1336A,112.8873,28.2202,长沙市,高开区环保局,,14,14,16,5,8,44,NA,84,63,2,5,3,6,0.4,0.6
2026-08-02T0000,1337A,113.0785,28.2012,长沙市,马坡岭,,13,9,16,3,7,39,NA,72,51,4,8,6,7,0.5,0.4
2026-08-02T0000,1338A,112.9448,28.1894,长沙市,湖南师范大学,,14,14,18,4,7,42,NA,92,57,2,5,6,8,0.2,0.3
2026-08-02T0000,1339A,113.0177,28.1322,长沙市,雨花区环保局,,13,NA,15,9,7,40,NA,75,57,2,6,4,6,0.7,0.6
2026-08-02T0000,1340A,112.9795,28.2593,长沙市,伍家岭,,15,13,18,5,8,45,NA,92,63,2,7,3,5,0.3,0.4
2026-08-02T0000,1341A,113.002,28.1944,长沙市,火车新站,,14,14,17,3,6,36,NA,76,54,2,7,4,6,0.2,0.3
2026-08-02T0000,1342A,112.9846,28.1177,长沙市,天心区环保局,,15,NA,15,6,7,47,NA,85,64,3,8,3,5,0.4,0.4
2026-08-02T0000,1343A,112.8906,28.1307,长沙市,湖南中医药大学,,16,16,20,6,7,40,NA,80,52,5,11,5,8,0.5,0.7
2026-08-02T0000,1345A,113.2346,23.1423,广州市,广雅中学,,18,12,14,7,8,9,NA,43,17,35,25,4,4,0.1,0.2
2026-08-02T0000,1346A,113.2611,23.105,广州市,市五中,,14,13,13,8,9,16,NA,55,22,27,23,4,4,/,/
2026-08-02T0000,1348A,113.3477,23.0916,广州市,广东商学院,,20,20,18,10,8,3,NA,52,11,31,22,5,6,0.4,0.5
2026-08-02T0000,1349A,113.4332,23.105,广州市,市八十六中,,19,17,13,13,9,17,NA,60,18,23,24,8,7,/,/
2026-08-02T0000,1350A,113.3506,22.9488,广州市,番禺中学,,12,8,14,6,7,18,NA,50,28,24,20,6,7,0.3,0.4
2026-08-02T0000,1351A,113.2147,23.3918,广州市,花都师范,,20,15,14,7,7,8,NA,56,26,39,23,2,2,0.6,0.6
2026-08-02T0000,1352A,113.2599,23.1329,广州市,市监测站,,13,13,14,6,7,17,NA,50,22,26,29,2,2,/,/
2026-08-02T0000,1353A,113.5618,23.3119,广州市,九龙镇镇龙,,8,8,12,2,8,21,NA,53,28,14,12,7,7,0.6,0.5
2026-08-02T0000,1354A,113.2764,23.1544,广州市,麓湖,,12,12,15,6,9,14,NA,48,16,18,19,5,5,0.5,0.5
2026-08-02T0000,1356A,114.0948,22.5506,深圳市,通心岭子站,,10,9,10,5,5,30,NA,45,36,10,10,1,2,0.8,0.8
2026-08-02T0000,1357A,114.1153,22.5713,深圳市,洪湖,,9,9,11,2,5,21,NA,35,32,11,12,6,6,0.4,0.5
2026-08-02T0000,1358A,113.9823,22.5398,深圳市,华侨城,,10,10,11,5,3,27,NA,34,30,8,9,/,/,/,/
2026-08-02T0000,1359A,113.9181,22.517,深圳市,南海子站,,12,12,8,7,6,33,NA,36,36,8,9,5,6,0.8,0.8
2026-08-02T0000,1360A,114.2345,22.565,深圳市,盐田,,11,11,13,1,3,33,NA,16,12,16,25,7,8,0.4,0.5
2026-08-02T0000,1363A,114.4911,22.5381,深圳市,南澳,,16,5,8,0,0,51,NA,45,43,2,5,/,/,/,/
2026-08-02T0000,1364A,114.41,22.6346,深圳市,葵涌,,11,8,7,3,3,35,NA,40,36,7,8,6,7,0.6,0.6
2026-08-02T0000,1365A,114.2967,22.5978,深圳市,梅沙,,14,8,8,1,1,44,NA,43,41,6,9,/,/,/,/
2026-08-02T0000,1366A,114.0563,22.7353,深圳市,观澜,,17,17,19,7,7,23,NA,32,22,18,19,5,5,0.7,0.6
2026-08-02T0000,1367A,113.5811,22.2618,珠海市,吉大,,12,2,8,0,2,38,NA,44,NA,4,9,5,6,0.6,0.6
2026-08-02T0000,1368A,113.4893,22.2323,珠海市,前山,,12,9,9,4,3,37,NA,37,35,8,17,/,/,/,/
2026-08-02T0000,1369A,113.6284,22.4252,珠海市,唐家,,10,3,24,2,4,26,NA,41,37,20,11,/,/,/,/
2026-08-02T0000,1370A,113.2986,22.2284,珠海市,斗门,,7,7,9,3,4,14,NA,19,16,2,5,6,6,0.6,0.6
2026-08-02T0000,1371A,113.1293,23.0065,佛山市,湾梁,,15,12,13,10,10,12,NA,53,27,29,23,/,/,/,/
2026-08-02T0000,1372A,113.1082,23.0477,佛山市,华材职中,,10,7,10,7,8,22,NA,55,30,18,17,7,8,0.4,0.5
2026-08-02T0000,1373A,113.1439,23.045,佛山市,南海气象局,,18,NA,15,12,9,21,NA,45,25,25,24,/,/,/,/
2026-08-02T0000,1374A,113.2879,22.8094,佛山市,顺德苏岗,,10,4,12,3,6,29,NA,48,40,19,19,/,/,0.5,0.6
2026-08-02T0000,1376A,112.8384,22.8678,佛山市,高明孔堂,,16,3,11,1,5,49,NA,65,46,4,13,/,/,/,/
2026-08-02T0000,1377A,112.8835,23.1584,佛山市,三水监测站,,15,NA,11,10,11,15,NA,60,23,19,19,4,3,0.4,0.5
2026-08-02T0000,1378A,112.8668,23.185,佛山市,三水云东海,,18,18,22,7,10,16,NA,49,18,17,17,/,/,/,/
2026-08-02T0000,1379A,113.377,22.5211,中山市,华柏园,,11,7,14,4,8,34,NA,38,38,5,12,/,/,/,/
2026-08-02T0000,1380A,113.3879,22.5499,中山市,张溪,,12,11,13,2,5,36,NA,42,41,10,16,/,/,/,/
2026-08-02T0000,1381A,113.4071,22.5111,中山市,紫马岭,,12,10,10,3,4,38,NA,45,44,5,10,7,7,0.4,0.5
2026-08-02T0000,1383A,113.1063,22.6058,江门市,北街,,13,6,15,3,7,40,NA,49,38,8,14,/,/,/,/
2026-08-02T0000,1384A,113.073,22.5835,江门市,西区,,14,NA,12,4,7,43,NA,52,43,8,16,/,/,/,/
2026-08-02T0000,1385A,113.0218,22.531,江门市,圭峰西,,15,3,12,2,6,46,NA,49,44,6,14,/,/,/,/
2026-08-02T0000,1390A,113.7943,23.0132,东莞市,东城石井,,12,12,16,7,10,28,NA,66,27,12,13,4,4,0.6,0.6
2026-08-02T0000,1391A,113.7384,22.9659,东莞市,南城西平,,11,11,14,4,7,20,NA,48,22,20,20,6,7,0.4,0.4
2026-08-02T0000,1392A,114.4181,23.0528,惠州市,河南岸金山湖子站,,12,7,8,4,5,36,NA,46,42,8,9,12,9,0.5,0.6
2026-08-02T0000,1393A,114.4055,23.0824,惠州市,下埔横江三路子站,,14,14,12,9,7,36,NA,46,42,9,9,6,6,0.5,0.4
2026-08-02T0000,1395A,114.4645,22.7832,惠州市,惠阳区承修路船湖子站,,10,6,11,4,6,32,NA,48,41,13,10,4,4,0.6,0.6
2026-08-02T0000,1396A,114.5316,22.7423,惠州市,大亚湾管委会子站,,12,6,8,2,4,36,NA,42,40,10,13,8,8,0.6,0.6
2026-08-02T0000,1397A,112.426,23.062,肇庆市,睦岗子站,,10,7,12,4,8,29,NA,79,47,16,15,5,6,/,/
2026-08-02T0000,1398A,112.4645,23.0476,肇庆市,城中子站,,12,6,12,3,8,36,NA,70,49,11,18,9,9,0.5,0.6
2026-08-02T0000,1399A,112.5545,23.1525,肇庆市,坑口子站,,11,11,15,5,10,12,NA,79,45,18,15,6,6,0.2,0.2
2026-08-02T0000,1401A,108.3098,22.788,南宁市,二十一中,,14,NA,14,6,7,44,NA,55,53,13,9,3,2,0.9,0.7
2026-08-02T0000,1402A,108.3135,22.8529,南宁市,北湖,,14,14,17,4,6,44,NA,49,47,10,11,4,2,0.7,0.6
2026-08-02T0000,1403A,108.3205,22.8222,南宁市,市监测站,,15,7,14,4,6,48,NA,60,58,8,5,6,4,0.6,0.5
2026-08-02T0000,1404A,108.3828,22.8038,南宁市,大自然花园,,15,11,13,3,7,45,NA,54,53,9,7,5,4,0.7,0.6
2026-08-02T0000,1406A,108.2397,22.8462,南宁市,区农职院,,13,10,16,9,10,38,NA,52,48,7,6,5,4,0.8,0.6
2026-08-02T0000,1407A,108.3285,22.7356,南宁市,英华嘉园,,12,12,17,7,7,30,NA,49,44,19,7,6,4,0.8,0.6
2026-08-02T0000,1410A,110.3189,20.0596,海口市,海南大学,,14,12,13,6,6,43,NA,70,51,6,6,4,4,0.4,0.4
2026-08-02T0000,1411A,110.2827,20.0051,海口市,秀英海南医院,,13,10,8,9,8,41,NA,67,40,6,12,5,5,0.3,0.3
2026-08-02T0000,1412A,110.3391,19.9979,海口市,海南师范大学,,13,12,12,6,6,39,NA,68,46,6,7,3,3,0.5,0.4
2026-08-02T0000,1413A,110.3303,20.0359,海口市,龙华路环保局宿舍,,14,11,12,6,6,43,NA,72,49,7,7,/,/,0.3,0.3
2026-08-02T0000,1416A,106.4216,29.8256,重庆市,天生,,19,19,27,5,16,45,NA,111,65,12,14,8,9,0.4,0.7
2026-08-02T0000,1417A,106.6264,29.7226,重庆市,两路,,26,26,25,13,8,24,NA,95,55,27,15,12,13,0.8,0.7
2026-08-02T0000,1419A,106.5778,29.5103,重庆市,南坪,,26,26,28,11,9,30,NA,97,61,25,14,8,10,0.7,0.7
2026-08-02T0000,1420A,106.6556,29.6277,重庆市,唐家沱,,17,17,15,2,6,21,NA,91,55,19,10,10,11,0.3,0.2
2026-08-02T0000,1431A,103.9727,30.7242,成都市,金泉两河,,23,NA,10,6,8,73,NA,69,69,5,7,1,6,0.4,0.4
2026-08-02T0000,1432A,104.1423,30.6765,成都市,十里店,,22,8,11,8,8,69,NA,70,70,4,7,5,5,0.6,0.6
2026-08-02T0000,1433A,104.0594,30.5765,成都市,三瓦窑,,22,11,11,9,10,68,NA,73,72,5,9,4,4,0.3,0.3
2026-08-02T0000,1434A,104.1122,30.6306,成都市,沙河铺,,18,15,17,9,9,57,NA,63,62,8,10,6,6,0.5,0.5
2026-08-02T0000,1439A,106.6863,26.6035,贵阳市,马鞍山,,15,5,9,3,5,46,NA,65,55,6,5,3,4,/,/
2026-08-02T0000,1441A,106.6241,26.6266,贵阳市,鉴湖路,,22,22,30,2,7,51,NA,64,56,3,5,6,7,0.6,0.5
2026-08-02T0000,1442A,106.7468,26.6344,贵阳市,燕子冲,,14,9,15,6,5,43,NA,63,50,8,7,7,8,0.4,0.4
2026-08-02T0000,1443A,106.6556,26.4362,贵阳市,碧云窝,,34,34,23,3,5,36,NA,57,47,6,4,6,6,/,/
2026-08-02T0000,1445A,106.6963,26.6063,贵阳市,红边门,,14,14,14,6,6,38,NA,58,45,8,6,6,7,/,/
2026-08-02T0000,1446A,106.7162383,26.56964667,贵阳市,新华路,,22,22,21,5,4,42,NA,58,51,10,6,3,3,0.4,0.4
2026-08-02T0000,1447A,106.6742,26.542,贵阳市,太慈桥,,14,7,12,4,4,44,NA,63,52,7,6,3,4,/,/
2026-08-02T0000,1450A,102.8203,24.889,昆明市,呈贡新区,,25,25,18,7,6,27,NA,63,49,17,8,5,6,0.5,0.4
2026-08-02T0000,1452A,102.7253,25.0904,昆明市,龙泉镇,,28,28,17,7,6,40,NA,60,52,14,14,7,6,0.4,0.3
2026-08-02T0000,1453A,102.7267,25.0378,昆明市,东风东路,,17,17,13,6,7,30,NA,57,46,12,10,7,5,0.4,0.4
2026-08-02T0000,1454A,102.6744,25.0671,昆明市,金鼎山,,22,22,18,9,7,37,NA,59,46,7,8,5,5,0.4,0.4
2026-08-02T0000,1455A,102.6643,25.0401,昆明市,碧鸡广场,,21,21,14,8,8,33,NA,53,38,9,11,6,6,0.5,0.5
2026-08-02T0000,1456A,91.132,29.6515,拉萨市,八廓街,,31,11,9,7,7,99,NA,108,106,12,8,8,8,0.1,0.1
2026-08-02T0000,1457A,91.1221,29.6748,拉萨市,市环保局,,28,13,8,6,6,88,NA,96,92,12,9,8,8,0.1,0.1
2026-08-02T0000,1458A,91.0874,29.6476,拉萨市,区监测站,,31,7,6,6,7,98,NA,102,100,14,12,7,7,0.2,0.2
2026-08-02T0000,1459A,91.1774,29.6541,拉萨市,西藏大学,,30,11,8,4,6,96,NA,106,103,14,10,6,5,0.3,0.2
2026-08-02T0000,1460A,90.9798,29.6586,拉萨市,区辐射站,,27,27,11,7,6,83,NA,94,89,23,13,9,7,0.2,0.2
2026-08-02T0000,1461A,91.0831,29.6292,拉萨市,拉萨火车站,,31,8,7,6,6,97,NA,110,108,16,11,5,5,0.4,0.3
2026-08-02T0000,1463A,108.9931,34.2629,西安市,兴庆小区,,24,18,11,7,4,76,NA,87,80,11,9,5,5,0.5,0.5
2026-08-02T0000,1464A,109.0595,34.2569,西安市,纺织城,,19,19,12,6,4,60,NA,80,72,6,5,9,9,0.6,0.6
2026-08-02T0000,1465A,108.9377,34.2178,西安市,小寨,,23,17,14,9,6,71,NA,77,76,7,7,4,5,0.6,0.7
2026-08-02T0000,1466A,108.9522,34.2739,西安市,市人民体育场,,25,11,14,5,5,80,NA,91,82,8,10,6,6,0.6,0.6
2026-08-02T0000,1467A,108.8923,34.2322,西安市,高新西区,,25,17,11,10,5,77,NA,82,79,6,6,4,3,0.4,0.4
2026-08-02T0000,1468A,108.9386,34.3446,西安市,经开区,,22,20,14,7,5,70,NA,82,75,7,7,1,3,0.4,0.4
2026-08-02T0000,1469A,108.894,34.1557,西安市,长安区,,22,22,13,9,5,59,NA,75,73,13,9,2,2,0.4,0.3
2026-08-02T0000,1471A,109.213,34.3748,西安市,临潼区,,25,12,15,9,6,79,NA,85,78,2,5,8,8,0.7,0.7
2026-08-02T0000,1474A,109.0508,34.321,西安市,广运潭,,19,16,12,7,4,60,NA,84,73,11,10,4,4,0.7,0.7
2026-08-02T0000,1479A,103.8309,36.0467,兰州市,铁路设计院,,49,49,53,26,25,90,NA,117,96,18,25,12,13,0.9,1
2026-08-02T0000,1489A,106.1361,38.5039,银川市,学院路,颗粒物(PM10),69,76,60,19,16,65,NA,132,111,51,21,4,4,0.5,0.5
2026-08-02T0000,1490A,87.5796,43.8299,乌鲁木齐市,监测站,颗粒物(PM10),61,65,35,24,14,26,NA,134,106,67,29,5,5,0.9,0.4
2026-08-02T0000,1491A,87.6044,43.7679,乌鲁木齐市,收费所,颗粒物(PM10),58,60,41,24,16,4,NA,132,96,93,36,9,9,0.9,0.4
2026-08-02T0000,1493A,87.5529,43.8704,乌鲁木齐市,铁路局,颗粒物(PM10),52,52,34,25,15,34,NA,131,103,64,28,6,7,0.8,0.6
2026-08-02T0000,1494A,87.6408,43.8258,乌鲁木齐市,三十一中学,,36,36,30,7,11,83,NA,134,115,23,19,5,4,0.4,0.4
2026-08-02T0000,1496A,87.7218,44.1747,乌鲁木齐市,米东区环保局,,36,36,49,16,13,60,NA,130,104,21,15,8,9,0.5,0.6
2026-08-02T0000,1508A,112.9508,27.8626,湘潭市,板塘,NA,NA,4,13,0,5,38,NA,75,55,NA,5,2,11,NA,0.9
2026-08-02T0000,1511A,112.9114,27.8404,湘潭市,市监测站,,12,7,6,5,6,28,NA,72,54,22,9,20,7,1.2,0.2
2026-08-02T0000,1512A,112.8935,27.8729,湘潭市,江麓,,30,30,15,1,7,34,NA,66,47,7,10,7,12,0.6,0.6
2026-08-02T0000,1513A,112.9227,27.8159,湘潭市,岳塘,,16,16,13,0,6,33,NA,74,51,3,6,9,12,0.1,0.1
2026-08-02T0000,1514A,112.9073,27.9118,湘潭市,科大,,16,12,16,1,5,39,NA,71,50,8,7,5,8,1.6,1.1
2026-08-02T0000,1515A,113.1265,27.8306,株洲市,天台山庄,,12,8,18,4,8,36,NA,51,40,1,6,2,2,0.1,0.1
2026-08-02T0000,1518A,113.0937,27.8919,株洲市,株冶医院,NA,NA,NA,12,NA,7,NA,NA,57,43,NA,6,NA,4,NA,0.3
2026-08-02T0000,1519A,113.1709,27.8661,株洲市,市四中,,12,5,13,3,7,38,NA,55,42,5,8,5,5,0.3,0.3
2026-08-02T0000,1520A,113.1515,27.8265,株洲市,火车站,,13,6,12,1,6,40,NA,59,48,5,9,7,8,0.4,0.4
2026-08-02T0000,1524A,113.1329,27.8491,株洲市,市监测站,,13,8,11,2,7,40,NA,58,48,5,7,7,7,0.5,0.5
2026-08-02T0000,1562A,113.0048,27.9153,湘潭市,昭山,,14,14,15,2,4,32,NA,66,41,8,11,6,7,0.5,0.5
2026-08-02T0000,1585A,109.8761,40.6533,包头市,市环境监测站,,23,22,20,16,11,62,NA,105,84,24,12,5,3,0.5,0.4
2026-08-02T0000,1587A,109.9992,40.5843,包头市,包头八中,,23,23,26,10,13,69,NA,94,86,15,13,6,6,0.9,0.7
2026-08-02T0000,1589A,109.8641,40.6288,包头市,惠龙物流,,31,31,19,17,13,60,NA,103,88,24,11,4,3,0.6,0.6
2026-08-02T0000,1590A,110.0376,40.5546,包头市,东河鸿龙湾,,24,24,19,11,14,67,NA,87,76,13,14,4,8,0.8,0.7
2026-08-02T0000,1591A,110.0024,39.8127,鄂尔多斯市,综合楼,,27,22,31,7,20,84,NA,96,88,18,16,8,7,0.7,0.7
2026-08-02T0000,1592A,109.9485,39.8259,鄂尔多斯市,巴音孟克林场办事处,,22,19,28,12,17,68,NA,101,91,28,14,5,6,0.6,0.6
2026-08-02T0000,1593A,109.7734,39.5987,鄂尔多斯市,康泽苑,,24,12,26,9,17,76,NA,109,94,10,10,6,6,0.2,0.4
2026-08-02T0000,1594A,109.8121,39.5987,鄂尔多斯市,华泰汽车城,,27,27,30,11,18,67,NA,98,84,21,13,2,3,0.5,0.7
2026-08-02T0000,1595A,109.9734,39.7884,鄂尔多斯市,奥林花园,,28,19,32,11,18,87,NA,98,93,13,14,4,4,0.5,0.6
2026-08-02T0000,1597A,122.2704,40.7093,营口市,大庆路,,34,27,30,16,16,106,NA,133,125,11,10,8,9,0.7,0.8
2026-08-02T0000,1598A,122.215,40.6511,营口市,镜湖西路,,28,19,20,14,17,87,NA,129,115,16,10,2,2,0.4,0.5
2026-08-02T0000,1599A,122.1667,40.665,营口市,西炮台,,33,29,28,23,18,53,NA,117,93,11,12,17,7,0.9,0.6
2026-08-02T0000,1600A,124.33,40.0625,丹东市,江湾东路,,35,23,22,23,18,111,NA,134,118,3,6,1,2,0.6,0.5
2026-08-02T0000,1601A,124.4242,40.1513,丹东市,临江后街,,40,35,30,28,20,103,NA,128,116,4,4,1,2,0.7,0.7
2026-08-02T0000,1602A,124.3935,40.1461,丹东市,元宝山,,43,38,29,30,22,109,NA,122,114,4,6,3,3,0.9,0.8
2026-08-02T0000,1603A,124.3634,40.1093,丹东市,民主桥,细颗粒物(PM2.5),52,41,31,36,24,87,NA,125,109,6,3,3,3,0.9,0.9
2026-08-02T0000,1604A,122.0303,41.1489,盘锦市,开发区,,47,22,26,15,19,148,NA,149,149,4,6,4,5,0.7,0.7
2026-08-02T0000,1605A,122.0486,41.0883,盘锦市,兴隆台,,44,31,31,22,22,140,NA,142,142,9,8,2,3,0.7,0.7
2026-08-02T0000,1606A,121.8297,41.1026,盘锦市,新生街道,臭氧1小时(O3_1h),59,28,26,27,22,167,NA,173,173,10,10,2,3,0.7,0.7
2026-08-02T0000,1607A,120.904878,40.721091,葫芦岛市,龙港区,NA,NA,39,32,33,24,140,NA,183,178,6,4,NA,3,0.5,0.5
2026-08-02T0000,1608A,120.8382,40.7521,葫芦岛市,化工街,,42,41,34,29,24,116,NA,163,156,20,10,7,7,0.4,0.5
2026-08-02T0000,1609A,120.8339,40.7078,葫芦岛市,新区,,48,41,33,33,23,129,NA,172,168,10,4,1,2,0.6,0.6
2026-08-02T0000,1610A,120.8697,40.7679,葫芦岛市,东城区,,46,45,36,32,26,127,NA,170,165,18,7,1,3,0.5,0.5
2026-08-02T0000,1611A,118.5818,24.9116,泉州市,涂山街,,22,20,34,15,15,8,NA,100,33,30,22,4,8,0.6,0.7
2026-08-02T0000,1612A,118.597,24.8976,泉州市,津头埔,,17,17,36,3,12,12,NA,87,28,21,22,3,8,0.4,0.5
2026-08-02T0000,1613A,118.6669,24.9422,泉州市,万安,,14,14,31,6,12,18,NA,95,34,17,18,4,6,0.6,0.7
2026-08-02T0000,1618A,118.3429,35.0532,临沂市,沂河小区,,27,27,26,14,10,54,NA,111,94,17,12,13,15,0.3,0.2
2026-08-02T0000,1619A,118.2962,35.0568,临沂市,鲁南制药厂,,24,24,20,15,10,65,NA,116,100,14,11,9,11,0.7,0.6
2026-08-02T0000,1620A,118.2793,34.9976,临沂市,新光毛纺厂,,24,24,21,16,11,61,NA,122,100,18,15,12,13,0.3,0.2
2026-08-02T0000,1621A,118.3955,35.0889,临沂市,河东保险公司,,24,24,19,14,10,64,NA,129,111,23,16,14,14,0.3,0.3
2026-08-02T0000,1622A,116.3034,37.4675,德州市,儿童乐园,,34,34,23,17,13,76,NA,115,98,9,5,10,10,0.5,0.5
2026-08-02T0000,1624A,116.2992,37.4449,德州市,监理站,,27,27,22,17,11,73,NA,113,94,9,5,12,13,0.3,0.2
2026-08-02T0000,1625A,115.9789,36.4372,聊城市,区政府,,22,20,19,9,8,70,NA,102,90,4,2,4,5,0.4,0.4
2026-08-02T0000,1629A,117.9961,37.3604,滨州市,第二水厂,,24,24,21,12,11,59,NA,122,94,17,7,5,6,0.7,0.6
2026-08-02T0000,1630A,117.9789,37.3931,滨州市,北中新校,,29,22,21,13,11,90,NA,126,110,14,11,6,6,0.6,0.6
2026-08-02T0000,1631A,118.0413,36.8101,淄博市,人民公园,,29,29,23,16,10,91,NA,111,100,12,8,12,11,0.3,0.3
2026-08-02T0000,1633A,117.8524,36.4848,淄博市,双山,,30,20,21,14,10,94,NA,108,104,14,8,4,5,0.5,0.5
2026-08-02T0000,1634A,117.9595,36.6332,淄博市,气象站,,34,27,19,16,10,106,NA,116,113,10,8,15,14,0.0,0.1
2026-08-02T0000,1637A,117.5628,34.8379,枣庄市,市中区政府,,31,31,26,12,10,66,NA,135,106,24,17,6,6,0.3,0.3
2026-08-02T0000,1638A,117.2855,34.7838,枣庄市,薛城环保局,,34,34,30,8,11,53,NA,135,104,37,20,11,9,0.4,0.4
2026-08-02T0000,1639A,117.5854,34.7744,枣庄市,峄城区政府,,31,31,30,14,11,57,NA,130,93,22,16,5,6,0.5,0.5
2026-08-02T0000,1641A,117.4516,35.0992,枣庄市,山亭区环保局,,27,27,20,18,11,70,NA,122,108,16,10,8,7,0.6,0.4
2026-08-02T0000,1642A,121.2517,37.564,烟台市,开发区,,35,24,27,17,12,110,NA,136,130,10,11,7,8,0.7,0.7
2026-08-02T0000,1644A,121.3181,37.5436,烟台市,西郊化工站,,34,17,20,16,11,107,NA,122,117,4,6,7,10,0.4,0.4
2026-08-02T0000,1645A,121.4419,37.4858,烟台市,莱山环保局,,33,NA,23,15,13,104,NA,137,124,8,10,2,4,0.7,0.7
2026-08-02T0000,1646A,121.2619,37.4965,烟台市,福山环保局,,35,24,25,13,11,109,NA,130,123,9,12,6,8,0.4,0.5
2026-08-02T0000,1650A,119.1436,36.7022,潍坊市,环保局,,44,44,26,15,9,85,NA,117,109,16,13,9,9,0.6,0.6
2026-08-02T0000,1653A,116.6229,35.4288,济宁市,火炬城,,27,25,22,15,8,84,NA,114,104,13,8,3,5,0,0.4
2026-08-02T0000,1656A,117.1436,36.1938,泰安市,监测站,,31,31,22,15,13,58,NA,97,84,17,9,7,7,0.2,0.2
2026-08-02T0000,1657A,117.0905,36.2002,泰安市,人口学校,NA,NA,29,26,12,12,NA,NA,100,NA,12,10,8,8,0.3,0.4
2026-08-02T0000,1658A,117.0992,36.1757,泰安市,电力学校,,27,27,19,14,13,46,NA,95,79,25,10,7,7,0.2,0.1
2026-08-02T0000,1659A,119.4711,35.421,日照市,监测站,,33,NA,20,23,16,46,NA,155,107,35,19,12,11,0.8,0.6
2026-08-02T0000,1660A,119.523,35.4216,日照市,市政府广场,,44,44,32,22,16,63,NA,153,100,25,18,13,12,0.6,0.6
2026-08-02T0000,1661A,119.5511,35.4113,日照市,港务局,颗粒物(PM10),53,53,46,29,16,28,NA,143,90,64,24,8,8,1.1,0.8
2026-08-02T0000,1662A,122.121,37.4231,威海市,华夏技校,,39,NA,12,20,11,123,NA,114,114,5,8,/,/,0.4,0.4
2026-08-02T0000,1663A,122.0508,37.5236,威海市,山大分校,,38,NA,19,20,12,121,NA,124,119,6,6,/,/,/,/
2026-08-02T0000,1664A,122.1067,37.5067,威海市,市监测站,,35,NA,13,16,11,110,NA,106,103,4,5,2,2,0.4,0.4
2026-08-02T0000,1666A,118.6612,37.4313,东营市,市环保局,,27,27,21,14,10,63,NA,138,98,23,13,7,9,0.4,0.4
2026-08-02T0000,1669A,113.5821,24.7733,韶关市,市八中,,8,8,18,1,8,23,NA,48,30,8,10,6,9,0.7,0.7
2026-08-02T0000,1671A,113.5916,24.7973,韶关市,园林处,,7,7,15,0,8,22,NA,49,33,10,10,7,8,/,/
2026-08-02T0000,1673A,113.5971,24.6864,韶关市,曲江监测站,,8,7,17,2,10,12,NA,53,21,16,15,9,15,0.5,0.7
2026-08-02T0000,1674A,116.6795,23.3666,汕头市,金平子站,,13,9,9,1,3,39,NA,45,39,6,7,3,3,0.6,0.6
2026-08-02T0000,1675A,116.7248,23.3632,汕头市,龙湖子站,,12,12,9,8,4,30,NA,40,36,8,6,4,4,/,/
2026-08-02T0000,1676A,116.7257,23.2774,汕头市,濠江子站,,8,5,13,5,6,23,NA,37,29,9,9,6,6,/,/
2026-08-02T0000,1677A,116.7518,23.4712,汕头市,澄海子站,,10,5,16,5,6,32,NA,38,32,7,7,5,5,0.6,0.6
2026-08-02T0000,1678A,116.6088,23.2539,汕头市,潮阳子站,,11,11,11,6,6,27,NA,44,35,11,6,7,6,0.4,0.4
2026-08-02T0000,1680A,110.3648,21.2697,湛江市,湛江影剧院,,16,16,12,10,8,45,NA,68,54,11,7,6,7,0.5,0.5
2026-08-02T0000,1681A,110.3907,21.2279,湛江市,市环境监测站,,15,NA,10,10,5,43,NA,61,54,12,8,5,4,0.5,0.4
2026-08-02T0000,1682A,110.3936,21.1943,湛江市,环保局宿舍,,17,17,11,10,5,47,NA,67,57,16,6,7,7,/,/
2026-08-02T0000,1683A,110.4138,21.2033,湛江市,霞山游泳场,,15,11,9,7,6,46,NA,63,58,15,7,8,6,/,/
2026-08-02T0000,1685A,110.4512,21.239,湛江市,坡头区环保局,,15,11,9,6,5,48,NA,60,54,5,5,4,4,0.4,0.4
2026-08-02T0000,1686A,111.0285,21.469,茂名市,电白南海,,18,12,14,4,6,55,NA,58,56,6,6,2,2,0.3,0.3
2026-08-02T0000,1687A,110.9294,21.6533,茂名市,茂石化七小,,13,12,12,9,8,40,NA,53,41,7,8,7,7,0.3,0.3
2026-08-02T0000,1688A,110.9108,21.6688,茂名市,健康路,,15,7,7,7,7,46,NA,61,48,4,5,6,5,0.4,0.4
2026-08-02T0000,1689A,110.8592,21.6826,茂名市,高岭,,17,17,16,7,7,42,NA,60,48,10,7,10,8,/,/
2026-08-02T0000,1690A,116.1248,24.3307,梅州市,梅江月梅,,11,11,16,7,9,26,NA,40,32,10,8,/,/,/,/
2026-08-02T0000,1691A,116.0798,24.2719,梅州市,梅县新城,,18,16,19,12,10,11,NA,46,25,18,13,9,10,0.6,0.6
2026-08-02T0000,1693A,115.3653,22.7751,汕尾市,市环保局,,12,9,9,1,3,37,NA,46,42,7,7,5,5,0.6,0.6
2026-08-02T0000,1695A,115.362,22.7926,汕尾市,新城中学,,11,11,8,4,4,32,NA,46,38,6,5,6,6,0.5,0.5
2026-08-02T0000,1697A,114.6962,23.7538,河源市,东埔,,9,9,12,4,7,20,NA,34,24,7,9,4,4,0.6,0.5
2026-08-02T0000,1698A,114.6895,23.7232,河源市,老城,,20,20,17,7,9,13,NA,34,21,9,11,7,8,0.7,0.6
2026-08-02T0000,1701A,111.9491,21.8658,阳江市,马南垌,,13,10,8,8,5,39,NA,57,54,6,5,5,5,0.4,0.4
2026-08-02T0000,1703A,113.0218,23.7086,清远市,凤城街办,,12,11,11,8,7,35,NA,62,48,8,9,/,/,/,/
2026-08-02T0000,1708A,116.3701,23.5345,揭阳市,新兴,,23,23,22,11,8,11,NA,41,26,25,14,6,8,0.6,0.5
2026-08-02T0000,1709A,116.3261,23.5442,揭阳市,西马,,20,20,21,13,8,19,NA,47,30,16,9,4,6,0.7,0.7
2026-08-02T0000,1710A,116.361,23.5627,揭阳市,东兴,,20,20,18,11,8,19,NA,45,31,17,13,6,8,/,/
2026-08-02T0000,1711A,116.4151,23.5295,揭阳市,渔湖,,17,17,21,9,8,16,NA,42,26,18,12,4,5,/,/
2026-08-02T0000,1714A,112.0281,22.9738,云浮市,牧羊,,20,20,21,5,8,22,NA,77,43,19,15,20,15,0.7,0.7
2026-08-02T0000,1715A,102.575,24.371,玉溪市,东风水库,,21,21,14,6,5,28,NA,53,42,8,7,5,4,0.2,0.3
2026-08-02T0000,1723A,113.2926,40.0759,大同市,云冈宾馆,,26,24,37,18,22,71,NA,128,97,18,15,9,10,0.9,0.8
2026-08-02T0000,1724A,113.3437,40.0921,大同市,大同大学,,27,27,35,14,21,80,NA,137,98,13,13,6,6,0.7,0.7
2026-08-02T0000,1725A,113.2637,40.129,大同市,安家小村,,27,21,37,13,19,84,NA,144,102,9,12,7,9,0.5,0.5
2026-08-02T0000,1727A,113.1146,36.1547,长治市,清华站,,18,18,18,8,12,29,NA,90,55,13,7,7,8,0.8,0.9
2026-08-02T0000,1730A,113.0887,36.2126,长治市,审计局,,16,16,22,4,15,39,NA,91,57,15,9,9,10,0.6,0.4
2026-08-02T0000,1731A,113.0845,36.1856,长治市,长治八中,,15,13,19,10,11,35,NA,84,56,12,6,11,11,0.7,0.8
2026-08-02T0000,1733A,111.5552,36.0791,临汾市,临钢医院,,24,24,25,6,8,46,NA,114,73,11,11,5,6,0.5,0.6
2026-08-02T0000,1734A,111.4984,36.0734,临汾市,技工学校,,30,30,27,17,19,36,NA,106,68,16,10,3,3,0.6,0.7
2026-08-02T0000,1736A,111.5017,36.0857,临汾市,市委,颗粒物(PM10),53,53,50,8,6,37,NA,109,68,16,10,7,7,0.5,0.6
2026-08-02T0000,1739A,113.4894,37.8717,阳泉市,赛鱼,,13,13,23,7,16,28,NA,99,57,18,12,6,7,0.5,0.5
2026-08-02T0000,1740A,113.582,37.8473,阳泉市,南庄,,32,32,28,14,16,24,NA,110,67,27,15,12,15,1.0,1
2026-08-02T0000,1742A,113.5616,37.8706,阳泉市,平坦,,32,26,24,22,18,31,NA,108,69,26,15,9,10,0.9,0.8
2026-08-02T0000,1743A,113.5115,37.8391,阳泉市,大阳泉,,15,NA,17,10,14,43,NA,82,58,4,6,7,7,0.6,0.7
2026-08-02T0000,1744A,118.9229,42.2816,赤峰市,松山一中,,36,36,20,14,10,64,NA,117,91,21,10,9,8,0.8,0.7
2026-08-02T0000,1745A,118.9588,42.2733,赤峰市,哈达街,,28,26,22,19,12,62,NA,108,84,18,12,13,10,0.7,0.6
2026-08-02T0000,1746A,118.8792,42.2551,赤峰市,天义路,,39,NA,14,27,11,42,NA,93,70,21,10,7,7,0.7,0.6
2026-08-02T0000,1748A,123.0441,41.1201,鞍山市,深沟寺,,34,34,32,18,19,83,NA,114,100,8,9,6,6,0.5,0.6
2026-08-02T0000,1749A,123.011,41.0931,鞍山市,太阳城,,29,27,43,20,22,91,NA,109,99,5,12,6,5,0.8,1
2026-08-02T0000,1750A,123.0483,41.1445,鞍山市,太平,,33,33,35,17,20,86,NA,104,91,6,7,6,6,0.5,0.6
2026-08-02T0000,1751A,122.964,41.0968,鞍山市,铁西三道街,,38,38,37,24,22,83,NA,116,97,13,10,6,5,1.0,1
2026-08-02T0000,1753A,123.0219,41.0822,鞍山市,明达新区,,31,31,31,17,20,92,NA,111,100,6,7,3,3,0.7,0.8
2026-08-02T0000,1755A,123.7974,41.8494,抚顺市,望花区,细颗粒物(PM2.5),52,NA,37,36,22,81,NA,119,91,10,10,5,7,1.1,0.8
2026-08-02T0000,1756A,123.9161,41.8827,抚顺市,顺城区,,22,19,30,15,17,65,NA,132,100,10,10,9,10,1.0,0.8
2026-08-02T0000,1757A,124.0437,41.8615,抚顺市,东洲区,,26,16,34,13,17,82,NA,120,96,10,12,8,8,0.7,0.7
2026-08-02T0000,1758A,123.9246,41.8638,抚顺市,新抚区,,32,32,35,20,20,51,NA,119,89,10,8,8,9,0.9,0.9
2026-08-02T0000,1759A,124.0972,41.8961,抚顺市,大伙房水库,,24,12,27,8,15,74,NA,109,94,7,9,10,12,0.4,0.6
2026-08-02T0000,1760A,123.708,41.8386,抚顺市,沈抚新城,,38,38,35,16,18,87,NA,128,104,13,11,6,7,1.1,0.8
2026-08-02T0000,1761A,123.8274146,41.31234549,本溪市,大峪,,26,26,25,18,16,58,NA,121,90,13,7,4,4,0.6,0.5
2026-08-02T0000,1763A,123.7169,41.3094,本溪市,彩屯,,42,37,28,29,16,63,NA,88,58,18,14,5,5,2.6,1.7
2026-08-02T0000,1764A,123.7672166,41.28649327,本溪市,东明,,30,30,28,13,14,94,NA,110,90,7,7,3,4,0.5,0.6
2026-08-02T0000,1765A,123.799345,41.266614,本溪市,新立屯,,28,28,27,11,13,77,NA,100,70,5,5,6,8,0.6,0.6
2026-08-02T0000,1766A,123.829144,41.336777,本溪市,威宁,NA,NA,16,23,4,13,NA,NA,105,NA,8,6,6,7,0.5,0.4
2026-08-02T0000,1767A,121.1114,41.0879,锦州市,南山,细颗粒物(PM2.5),80,NA,38,50,27,115,NA,155,147,12,11,1,2,0.3,0.4
2026-08-02T0000,1768A,121.060361,40.842794,锦州市,开发区,细颗粒物(PM2.5),72,57,58,46,26,151,NA,185,183,14,10,4,6,0.4,0.4
2026-08-02T0000,1769A,121.1836,41.1118,锦州市,百股街道,细颗粒物(PM2.5),78,NA,43,49,28,150,NA,184,181,6,6,1,3,0.8,0.9
2026-08-02T0000,1770A,121.1176,41.1224,锦州市,天安街道,细颗粒物(PM2.5),90,NA,42,55,28,98,NA,153,140,15,11,4,4,0.9,0.8
2026-08-02T0000,1771A,121.1303,41.1385,锦州市,北湖公园,细颗粒物(PM2.5),105,NA,41,65,29,99,NA,148,137,10,8,3,2,1.1,0.6
2026-08-02T0000,1772A,126.54,43.8622,吉林市,哈达湾,,20,16,21,14,16,54,NA,88,70,8,7,6,7,0.5,0.5
2026-08-02T0000,1773A,126.5843,43.8358,吉林市,东局子,,18,13,21,9,15,55,NA,77,69,6,8,4,4,0.4,0.5
2026-08-02T0000,1774A,126.5051,43.8243,吉林市,电力学院,,20,16,26,14,18,53,NA,100,70,7,6,5,5,0.6,0.6
2026-08-02T0000,1775A,126.6133,43.8971,吉林市,江北,,20,20,29,9,14,47,NA,82,66,4,7,6,6,0.5,0.6
2026-08-02T0000,1776A,126.5549,43.8304,吉林市,江南公园,,18,12,21,12,17,42,NA,78,56,5,5,2,2,0.4,0.3
2026-08-02T0000,1779A,123.9307,47.3641,齐齐哈尔市,安居小区,,13,6,10,2,3,41,NA,59,52,1,2,3,4,0.5,0.5
2026-08-02T0000,1780A,123.9497,47.3389,齐齐哈尔市,中心广场,,14,3,10,3,2,44,NA,60,54,5,6,4,4,0.4,0.4
2026-08-02T0000,1781A,123.9483,47.3229,齐齐哈尔市,农牧车辆厂,,17,17,20,2,2,46,NA,63,57,3,4,4,6,0.1,0.1
2026-08-02T0000,1783A,123.9442,47.2994,齐齐哈尔市,市环境监测站,,15,9,8,2,2,46,NA,61,56,5,5,3,4,0.2,0.2
2026-08-02T0000,1784A,129.61,44.561,牡丹江市,环保大楼,,21,21,18,3,13,18,NA,52,22,4,7,6,7,0.3,0.5
2026-08-02T0000,1787A,129.6364,44.6075,牡丹江市,机车工厂,,16,16,22,2,9,13,NA,38,16,6,10,8,9,0.3,0.4
2026-08-02T0000,1788A,129.6386,44.5462,牡丹江市,第一中学,,18,18,23,1,10,17,NA,56,22,4,6,1,3,0.3,0.5
2026-08-02T0000,1789A,124.8085,46.0381,大庆市,大同区,,15,14,16,6,9,48,NA,67,56,5,9,5,6,0.5,0.6
2026-08-02T0000,1790A,125.1166,46.5255,大庆市,龙凤区,,16,16,17,4,9,34,NA,45,40,11,8,8,8,0.2,0.3
2026-08-02T0000,1791A,124.8894,46.4007,大庆市,红岗区,,14,13,16,7,8,42,NA,50,44,7,6,7,7,0.6,0.6
2026-08-02T0000,1792A,125.1391,46.578,大庆市,萨尔图区,,19,19,20,7,11,35,NA,42,41,6,8,5,6,0.1,0.1
2026-08-02T0000,1793A,124.9026,46.6217,大庆市,让胡路区,,14,14,19,2,12,40,NA,44,44,2,3,4,5,0.2,0.3
2026-08-02T0000,1794A,118.3603,31.3515,芜湖市,监测站,NA,NA,NA,38,38,18,3,NA,127,63,83,30,8,8,0.6,0.5
2026-08-02T0000,1795A,118.3716,31.4135,芜湖市,科创中心,,40,40,27,20,14,30,NA,126,75,53,21,7,6,0.5,0.5
2026-08-02T0000,1796A,118.3671,31.3132,芜湖市,四水厂,,32,31,24,22,18,62,NA,135,88,20,17,5,5,0.5,0.5
2026-08-02T0000,1798A,118.5084,31.6838,马鞍山市,湖东路四小,,37,37,28,14,12,45,NA,108,71,24,13,8,9,0.8,0.8
2026-08-02T0000,1799A,118.5019,31.6449,马鞍山市,开发区,颗粒物(PM10),85,99,42,20,16,5,NA,112,51,48,18,6,7,0.6,0.6
2026-08-02T0000,1803A,115.9873,29.6816,九江市,十里,,20,18,20,12,12,64,NA,97,93,9,11,5,6,0.5,0.5
2026-08-02T0000,1804A,115.9583,29.7047,九江市,茅山头,NA,NA,NA,17,NA,11,NA,NA,86,NA,NA,15,NA,4,NA,0.4
2026-08-02T0000,1805A,115.9877,29.7295,九江市,西园,,22,20,19,11,11,70,NA,94,89,6,17,2,4,0.3,0.4
2026-08-02T0000,1808A,115.9112,29.6038,九江市,综合工业园,,23,22,13,16,8,55,NA,93,84,25,10,1,2,0.4,0.4
2026-08-02T0000,1812A,112.3934,34.6517,洛阳市,市委党校,,28,28,28,13,17,24,NA,91,46,20,13,8,9,0.5,0.5
2026-08-02T0000,1815A,112.494,34.6883,洛阳市,河南林校,,26,26,33,8,16,36,NA,98,48,12,9,5,7,0.3,0.4
2026-08-02T0000,1816A,112.3843,34.623,洛阳市,开发区管委会,,24,24,26,10,17,32,NA,105,59,19,15,16,16,0.5,0.6
2026-08-02T0000,1817A,112.4263,34.6249,洛阳市,市委新办公区,,23,23,25,9,17,29,NA,96,55,18,12,11,13,0.3,0.3
2026-08-02T0000,1819A,114.3552,36.1017,安阳市,红庙街,,36,36,34,14,20,63,NA,116,94,10,7,5,4,0.8,0.7
2026-08-02T0000,1820A,114.361,36.0681,安阳市,银杏小区,,30,30,37,17,22,56,NA,121,92,13,10,2,2,0.7,0.5
2026-08-02T0000,1824A,114.3389,34.778,开封市,肿瘤医院,,33,33,28,15,17,57,NA,113,92,12,10,3,4,0.5,0.5
2026-08-02T0000,1826A,114.2884,34.7966,开封市,世纪星幼儿园,,28,28,27,16,16,72,NA,122,103,10,9,1,2,0.6,0.6
2026-08-02T0000,1832A,113.3257,33.7423,平顶山市,新华旅馆,,23,19,19,16,14,54,NA,92,81,15,12,3,3,0.5,0.5
2026-08-02T0000,1833A,113.2917,33.737,平顶山市,规划设计院,,23,23,19,12,13,51,NA,89,78,15,11,6,6,0.6,0.6
2026-08-02T0000,1834A,113.182,33.7738,平顶山市,平顶山工学院,,25,21,15,17,14,58,NA,98,86,18,9,5,6,0.4,0.4
2026-08-02T0000,1835A,111.1922,34.7752,三门峡市,市政府,,15,NA,37,5,23,47,NA,88,73,11,12,8,10,0.4,0.6
2026-08-02T0000,1836A,111.1588,34.794,三门峡市,开发区,,17,4,38,4,27,54,NA,80,70,11,12,6,8,0.4,0.5
2026-08-02T0000,1840A,111.2991,30.6981,宜昌市,白龙岗,,17,17,24,7,9,10,NA,84,33,17,12,5,6,0.2,0.2
2026-08-02T0000,1842A,111.263451,30.696754,宜昌市,点军区,颗粒物(PM10),60,63,24,12,11,14,NA,84,41,8,10,9,8,0.2,0.2
2026-08-02T0000,1843A,111.3276,30.782,宜昌市,夷陵区,,15,NA,17,10,7,42,NA,87,47,11,11,5,5,0.2,0.2
2026-08-02T0000,1844A,112.2493,30.3198,荆州市,市图书馆,,30,30,13,13,8,58,NA,75,69,8,6,6,5,0.4,0.4
2026-08-02T0000,1845A,112.2009,30.3543,荆州市,市委党校,,22,17,13,15,8,52,NA,69,63,11,5,5,5,0.4,0.3
2026-08-02T0000,1848A,113.1494,29.425,岳阳市,城陵矶,,24,24,19,1,2,33,NA,101,83,30,13,2,3,0.7,0.6
2026-08-02T0000,1849A,113.1493,29.3575,岳阳市,开发区,,14,14,10,8,4,32,NA,91,72,16,6,6,6,0.3,0.3
2026-08-02T0000,1850A,113.2672,29.4752,岳阳市,云溪区,,15,6,9,0,4,48,NA,91,77,7,7,3,4,0.3,0.3
2026-08-02T0000,1851A,112.9944,29.44,岳阳市,君山区,,18,18,19,8,4,52,NA,101,85,15,9,8,4,0.3,0.4
2026-08-02T0000,1854A,111.696,28.9725,常德市,市二中,,17,17,16,8,7,50,NA,64,58,6,5,8,7,0.9,0.9
2026-08-02T0000,1858A,110.532,29.1219,张家界市,永定新区,,26,NA,10,18,11,21,NA,49,41,13,6,/,/,/,/
2026-08-02T0000,1859A,110.4696,29.1244,张家界市,电业局,,15,14,14,10,8,34,NA,50,43,8,8,6,6,0.7,0.6
2026-08-02T0000,1860A,110.5573,29.3486,张家界市,未央路,,16,NA,6,11,7,12,NA,59,35,8,6,10,9,0.6,0.6
2026-08-02T0000,1864A,110.3091,25.2705,桂林市,龙隐路小学,,18,18,16,10,11,27,NA,72,52,7,7,9,8,0.4,0.6
2026-08-02T0000,1865A,110.2849361,25.22909545,桂林市,八中,,12,12,20,8,9,32,NA,76,51,10,9,5,9,0.4,0.4
2026-08-02T0000,1867A,109.1435,21.4085,北海市,海滩公园,,20,8,11,7,6,64,NA,71,67,4,4,2,3,0.4,0.5
2026-08-02T0000,1868A,109.0983,21.466,北海市,新市环保局,,22,NA,10,6,4,68,NA,70,69,4,6,3,5,0.5,0.5
2026-08-02T0000,1869A,109.1775,21.5232,北海市,北海工业园,,16,12,17,3,6,50,NA,65,59,6,7,2,2,0.4,0.4
2026-08-02T0000,1870A,109.4854,24.3898,柳州市,柳东小学,,23,23,14,10,4,35,NA,71,60,14,9,11,5,0.7,0.6
2026-08-02T0000,1871A,109.4109,24.3304,柳州市,环保监测站,,36,30,16,25,8,37,NA,76,60,17,10,8,8,0.8,0.7
2026-08-02T0000,1872A,109.3886,24.3408,柳州市,河西水厂,,48,48,22,20,13,35,NA,84,62,19,12,8,8,0.8,0.7
2026-08-02T0000,1873A,109.4263,24.2951,柳州市,市四中,,37,37,21,24,10,34,NA,81,67,21,8,6,6,0.7,0.6
2026-08-02T0000,1874A,109.396,24.3658,柳州市,市九中,颗粒物(PM10),63,67,26,38,13,25,NA,83,64,24,11,7,7,0.7,0.6
2026-08-02T0000,1875A,109.4912,24.3164,柳州市,古亭山,,22,17,18,15,9,14,NA,67,46,23,11,3,3,0.8,0.7
2026-08-02T0000,1877A,109.4962,18.2682,三亚市,河西子站,,22,22,13,8,5,10,NA,52,30,19,9,3,3,0.5,0.4
2026-08-02T0000,1878A,104.7775,31.4741,绵阳市,富乐山,,16,16,10,8,6,35,NA,61,45,6,4,12,13,0.4,0.4
2026-08-02T0000,1880A,104.6698,31.4668,绵阳市,高新区自来水公司,,22,22,13,9,8,32,NA,61,38,13,7,10,10,0.8,0.7
2026-08-02T0000,1883A,104.6204,28.7728,宜宾市,市委,,22,21,11,15,8,44,NA,56,51,7,9,5,6,0.9,0.9
2026-08-02T0000,1884A,104.6056,28.7931,宜宾市,宜宾四中,,20,15,10,14,7,43,NA,53,48,4,8,8,7,0.7,0.7
2026-08-02T0000,1886A,104.5743,28.7199,宜宾市,黄金嘴,,16,16,11,10,7,48,NA,50,50,8,9,9,9,0.8,0.7
2026-08-02T0000,1888A,101.6891,26.571,攀枝花市,弄弄坪,,48,48,42,14,10,6,NA,70,42,33,13,25,21,2.9,0.9
2026-08-02T0000,1889A,101.577,26.5914,攀枝花市,河门口,,28,28,29,16,15,27,NA,85,51,11,10,6,14,0.3,0.8
2026-08-02T0000,1891A,101.7365,26.4986,攀枝花市,仁和,,33,32,20,23,12,12,NA,50,30,18,12,8,13,1.8,1.4
2026-08-02T0000,1894A,105.4427,28.9063,泸州市,小市上码头,,17,5,16,1,9,54,NA,81,72,7,6,3,4,0.4,0.5
2026-08-02T0000,1895A,105.4241,28.8573,泸州市,兰田宪桥,,15,4,13,0,4,47,NA,72,63,8,9,8,7,0.5,0.6
2026-08-02T0000,1896A,105.4378,28.8833,泸州市,市环监站,,17,2,10,0,3,52,NA,76,69,9,8,5,5,0.6,0.6
2026-08-02T0000,1901A,104.424,31.1209,德阳市,东山公园,,11,NA,6,7,4,35,NA,55,47,7,4,3,3,0.8,0.8
2026-08-02T0000,1902A,104.3827,31.1318,德阳市,西小区,,22,NA,7,15,6,28,NA,62,50,23,9,10,9,0.8,0.7
2026-08-02T0000,1904A,104.3553,31.1091,德阳市,耐火材料厂,,15,NA,6,10,7,37,NA,57,49,10,11,2,2,0.8,0.8
2026-08-02T0000,1906A,106.0791,30.8022,南充市,南充市委,,13,5,12,3,8,40,NA,54,42,7,8,6,6,0.2,0.2
2026-08-02T0000,1907A,106.1038,30.8215,南充市,南充炼油厂,,15,9,15,2,7,45,NA,57,50,5,7,6,8,0.3,0.4
2026-08-02T0000,1911A,106.9218,27.6872,遵义市,丁字口,,27,27,24,12,14,47,NA,70,59,5,5,9,9,0.4,0.3
2026-08-02T0000,1912A,106.9241,27.7044,遵义市,凤凰山,,19,19,13,12,12,55,NA,77,68,6,5,7,6,0.5,0.5
2026-08-02T0000,1913A,106.8895,27.648,遵义市,忠庄,,28,28,20,18,12,44,NA,72,60,7,5,4,3,0.5,0.4
2026-08-02T0000,1915A,106.9225,27.7253,遵义市,干田坝,,23,23,23,10,11,47,NA,71,60,6,5,5,5,0.5,0.5
2026-08-02T0000,1916A,103.7897,25.5036,曲靖市,环境监测站,,24,24,18,13,10,30,NA,61,45,21,12,6,3,0.7,0.6
2026-08-02T0000,1917A,103.8013,25.5357,曲靖市,烟厂办公区,,28,28,20,10,10,31,NA,57,45,16,8,7,3,0.8,0.6
2026-08-02T0000,1919A,108.6726,34.315,咸阳市,实验中学,,19,17,14,11,7,60,NA,80,74,14,7,7,6,0.3,0.3
2026-08-02T0000,1920A,108.7226,34.3622,咸阳市,师范学院,,21,17,12,12,6,66,NA,78,74,10,7,6,6,0.5,0.5
2026-08-02T0000,1923A,109.0696,35.0699,铜川市,王益区政府,,16,16,20,7,13,48,NA,85,65,5,8,7,8,0.4,0.4
2026-08-02T0000,1924A,108.9345,34.9059,铜川市,新区管委会,,29,29,17,13,12,37,NA,73,59,18,9,6,6,0.7,0.7
2026-08-02T0000,1927A,109.4569,36.6161,延安市,延大医附院,,40,40,25,22,13,15,NA,80,49,20,10,2,2,0.5,0.4
2026-08-02T0000,1929A,109.5053,36.6105,延安市,百米大道,,42,42,27,25,15,11,NA,88,51,26,9,1,3,0.7,0.6
2026-08-02T0000,1931A,107.0802,34.3129,宝鸡市,竹园沟,,18,18,13,9,8,52,NA,65,59,4,2,7,7,0.7,0.8
2026-08-02T0000,1933A,107.1429,34.3549,宝鸡市,监测站,,20,20,16,7,9,44,NA,75,59,4,4,7,8,0.3,0.4
2026-08-02T0000,1934A,107.1172,34.3759,宝鸡市,技工学校,,19,19,15,8,9,39,NA,75,46,3,3,6,6,0.6,0.6
2026-08-02T0000,1936A,107.2025,34.3518,宝鸡市,文理学院,,25,25,24,9,11,44,NA,70,49,9,17,4,4,0.4,0.4
2026-08-02T0000,1937A,107.2396,34.3626,宝鸡市,三迪小学,,21,21,15,9,9,34,NA,78,52,12,9,3,3,0.5,0.5
2026-08-02T0000,1940A,109.4605,34.4927,渭南市,体育馆,,20,17,23,7,11,64,NA,89,74,7,9,7,8,0.4,0.5
2026-08-02T0000,1941A,109.4257,34.5067,渭南市,高新一小,,20,20,24,8,14,62,NA,90,76,6,6,7,8,0.7,0.6
2026-08-02T0000,1944A,102.1691,38.5166,金昌市,天庆家园,,40,22,37,9,11,125,NA,138,132,4,6,10,10,0.2,0.2
2026-08-02T0000,1945A,98.291,39.7705,嘉峪关市,气象局,,25,19,23,7,11,79,NA,148,124,30,13,5,8,0.6,0.6
2026-08-02T0000,1948A,106.3668,39.0145,石嘴山市,大武口朝阳西街,,42,42,40,14,15,62,NA,104,92,14,11,13,16,0.6,0.7
2026-08-02T0000,1949A,106.7713,39.2278,石嘴山市,惠农南大街,,47,47,42,23,17,70,NA,116,96,23,19,15,19,0.5,0.7
2026-08-02T0000,1950A,106.7074,39.1332,石嘴山市,红果子镇惠新街,,49,49,40,21,15,50,NA,117,87,34,23,9,14,0.7,0.9
2026-08-02T0000,1951A,84.886,45.6029,克拉玛依市,长征新村,,29,19,21,17,10,92,NA,117,110,8,4,3,4,0.3,0.3
2026-08-02T0000,1952A,84.8894,45.5827,克拉玛依市,南林小区,,39,39,20,17,3,82,NA,114,101,12,5,7,7,0.2,0.2
2026-08-02T0000,1954A,84.896,44.3328,克拉玛依市,独山子区,颗粒物(PM10),53,53,24,19,6,79,NA,120,106,11,6,6,7,0.4,0.4
2026-08-02T0000,1955A,85.6888,46.0909,克拉玛依市,乌尔禾区商贸楼,,48,48,32,30,15,76,NA,108,89,19,12,8,9,0.7,0.6
2026-08-02T0000,1956A,86.1476,41.7529,巴音郭楞蒙古自治州,孔雀公园,颗粒物(PM10),67,73,50,18,11,68,NA,115,108,40,8,7,7,0.5,0.2
2026-08-02T0000,1957A,86.1971,41.7166,巴音郭楞蒙古自治州,棉纺厂,颗粒物(PM10),52,52,62,23,16,76,NA,124,117,28,13,/,/,/,/
2026-08-02T0000,1958A,86.236,41.7172,巴音郭楞蒙古自治州,经济开发区,颗粒物(PM10),61,65,54,20,12,77,NA,119,111,13,7,4,4,0.2,0.1
2026-08-02T0000,1961A,117.5323,36.6865,济南市,东山小学,,27,22,20,10,8,86,NA,100,95,9,7,4,4,0.2,0.1
2026-08-02T0000,1982A,122.0693,37.2175,威海市,文登开发区,,44,NA,20,26,15,138,NA,136,136,6,8,/,/,/,/
2026-08-02T0000,2031A,113.1836,27.9959,株洲市,云田中学,,11,11,13,0,7,32,NA,62,45,10,7,8,9,0.2,0.2
2026-08-02T0000,2054A,114.1096,32.1059,信阳市,平桥分局,,23,22,14,8,6,71,NA,77,73,8,7,6,6,0.5,0.4
2026-08-02T0000,2064A,113.9956,32.1272,信阳市,南湾水厂,,22,21,17,5,6,68,NA,81,73,5,5,6,7,0.4,0.4
2026-08-02T0000,2065A,114.078,32.1194,信阳市,市酿酒公司,,19,16,13,8,6,58,NA,74,67,7,6,5,5,0.4,0.4
2026-08-02T0000,2066A,114.0712,32.1393,信阳市,审计局,,23,17,21,12,6,72,NA,79,74,7,6,7,7,0.3,0.4
2026-08-02T0000,2068A,114.6755,33.6347,周口市,周口师范,,17,7,16,2,5,53,NA,92,71,11,8,3,3,0.5,0.5
2026-08-02T0000,2160A,112.8496,35.5051,晋城市,自来水公司,,40,40,26,15,8,18,NA,91,53,34,13,4,4,0.5,0.5
2026-08-02T0000,2162A,112.8509,35.4886,晋城市,市环保局,,34,34,32,7,12,28,NA,85,48,16,10,3,3,0.6,0.6
2026-08-02T0000,2166A,112.4399,39.3521,朔州市,平朔,,38,38,34,10,10,75,NA,126,94,7,11,7,7,0.2,0.2
2026-08-02T0000,2167A,112.4574,39.362,朔州市,朔唯,,37,37,32,6,11,77,NA,126,95,13,11,4,6,/,/
2026-08-02T0000,2168A,112.426,39.3199,朔州市,区政府,,25,25,27,9,10,64,NA,124,92,10,11,8,11,0.4,0.5
2026-08-02T0000,2169A,112.4075,39.3277,朔州市,市环保局,,24,23,28,6,13,74,NA,124,94,6,11,4,5,/,/
2026-08-02T0000,2170A,112.4273,39.3682,朔州市,市二中,,33,33,32,9,10,70,NA,132,94,13,16,5,6,/,/
2026-08-02T0000,2174A,112.6992,37.6984,晋中市,榆次区政府,,22,14,25,6,17,69,NA,130,98,5,8,8,11,0.7,1
2026-08-02T0000,2175A,110.996,35.0148,运城市,运城中学,,19,12,17,7,8,58,NA,70,65,5,7,3,3,0.5,0.6
2026-08-02T0000,2178A,110.9685,35.0305,运城市,地区技校,,20,10,18,2,9,62,NA,78,73,4,6,2,4,0.9,1
2026-08-02T0000,2181A,112.7313,38.457,忻州市,开发区,,31,30,30,10,17,97,NA,126,100,12,15,5,6,0.7,0.7
2026-08-02T0000,2182A,112.7023,38.4932,忻州市,会展中心,,30,21,28,10,15,93,NA,126,98,8,10,5,8,0.7,0.7
2026-08-02T0000,2183A,111.1447,37.5212,吕梁市,环保局,,17,16,23,4,7,23,NA,102,67,33,16,5,6,0.5,0.5
2026-08-02T0000,2185A,111.1285,37.5338,吕梁市,自来水公司,,14,14,23,9,8,44,NA,98,70,13,13,4,4,0.5,0.6
2026-08-02T0000,2187A,106.8172,39.6972,乌海市,市林业局,颗粒物(PM10),58,61,28,28,11,76,NA,90,82,28,7,26,6,1.4,0.4
2026-08-02T0000,2188A,106.7907,39.6666,乌海市,中海勃湾学校,颗粒物(PM10),61,65,26,32,9,60,NA,100,90,42,10,27,9,1.2,0.4
2026-08-02T0000,2191A,122.253,43.6801,通辽市,艺术职业学校,,32,26,43,13,22,101,NA,136,109,7,5,4,5,0.3,0.4
2026-08-02T0000,2195A,107.4206,40.7609,巴彦淖尔市,附二中,,41,41,32,15,15,56,NA,117,91,12,8,13,14,0.5,0.4
2026-08-02T0000,2196A,107.37,40.7372,巴彦淖尔市,市环保大楼,颗粒物(PM10),53,54,43,11,14,59,NA,108,87,10,6,12,11,0.7,0.6
2026-08-02T0000,2197A,113.1306,40.9924,乌兰察布市,集宁新区,,27,27,27,14,17,70,NA,131,NA,16,11,10,10,0.3,0.4
2026-08-02T0000,2202A,116.1048,43.9318,锡林郭勒盟,市环保监测站,,28,28,26,3,5,79,NA,106,92,5,8,3,4,0.3,0.3
2026-08-02T0000,2203A,116.0778,43.9312,锡林郭勒盟,市政府,,25,18,23,2,5,79,NA,107,93,4,8,3,4,0.2,0.2
2026-08-02T0000,2205A,105.699,38.8409,阿拉善盟,蒙二幼,,29,29,28,8,8,90,NA,124,108,4,5,7,8,0.4,0.4
2026-08-02T0000,2206A,105.7198,38.8508,阿拉善盟,环保局新楼,,33,22,21,5,7,104,NA,122,109,2,3,10,10,0.5,0.5
2026-08-02T0000,2207A,121.6095,41.9978,阜新市,工业园区,,22,13,34,5,18,68,NA,135,101,16,10,6,6,0.6,0.7
2026-08-02T0000,2208A,121.6567,42.0188,阜新市,长青街,,21,11,33,8,21,65,NA,132,100,9,6,8,7,0.7,0.7
2026-08-02T0000,2209A,121.6672,42.07,阜新市,农业园区,,19,19,64,13,20,44,NA,138,88,14,9,1,1,1.3,0.8
2026-08-02T0000,2211A,121.6343,42.0455,阜新市,玉龙新城,,16,16,35,8,17,51,NA,126,91,16,9,2,2,0.8,0.9
2026-08-02T0000,2212A,123.1978,41.2036,辽阳市,宏伟区,,29,NA,23,19,19,92,NA,120,108,4,6,3,4,0.5,0.6
2026-08-02T0000,2213A,123.1684,41.2497,辽阳市,新华园,,30,29,43,21,21,76,NA,132,107,10,10,3,5,0.6,0.7
2026-08-02T0000,2214A,123.2355,41.2663,辽阳市,滨河路,,29,23,39,20,20,85,NA,125,109,5,7,6,10,0.3,0.4
2026-08-02T0000,2217A,123.865,42.292,铁岭市,水上乐园,,34,33,32,20,17,108,NA,124,103,10,11,8,9,0.3,0.4
2026-08-02T0000,2219A,123.7158,42.2218,铁岭市,金沙江路北,,43,31,36,30,20,103,NA,116,95,10,10,14,14,0.4,0.5
2026-08-02T0000,2220A,120.4318,41.588,朝阳市,西梁,,14,14,33,5,19,30,NA,103,62,21,11,11,10,0.6,0.8
2026-08-02T0000,2221A,120.452,41.565,朝阳市,河畔小区,,21,21,27,6,21,29,NA,106,66,15,8,10,10,0.8,0.8
2026-08-02T0000,2222A,120.4176,41.5648,朝阳市,八里堡,,16,15,31,9,18,49,NA,102,72,16,11,10,10,0.7,1.1
2026-08-02T0000,2226A,124.3744,43.1842,四平市,境园,,24,9,26,5,21,75,NA,106,91,4,6,3,4,0.3,0.5
2026-08-02T0000,2227A,125.1359,42.8845,辽源市,环保局,,29,26,27,20,16,80,NA,128,101,4,3,3,3,0.7,0.6
2026-08-02T0000,2229A,125.9359,41.7174,通化市,光明,,25,18,24,13,15,77,NA,93,85,4,5,7,8,0.4,0.4
2026-08-02T0000,2230A,125.9446,41.7323,通化市,铁路,,22,21,22,15,14,68,NA,92,86,8,9,9,9,0.3,0.2
2026-08-02T0000,2231A,126.4219,41.9172,白山市,喜丰,,27,27,33,13,13,55,NA,87,68,15,10,7,7,0.6,0.8
2026-08-02T0000,2232A,126.4082,41.9416,白山市,环保局,,32,32,26,11,13,59,NA,94,64,6,6,10,9,0.6,0.7
2026-08-02T0000,2233A,124.8007,45.1213,松原市,江南,,33,33,15,10,15,38,NA,97,54,6,7,1,1,0.4,0.4
2026-08-02T0000,2234A,124.7967,45.1721,松原市,江北,,15,NA,13,10,10,28,NA,74,39,7,6,2,2,0.4,0.5
2026-08-02T0000,2235A,122.7909,45.608,白城市,洮北区环保局,,17,17,18,5,9,28,NA,52,43,7,4,5,4,0.3,0.3
2026-08-02T0000,2236A,122.8741,45.5725,白城市,市环保局,,15,NA,6,10,9,34,NA,53,44,9,7,3,3,0.3,0.3
2026-08-02T0000,2237A,129.4704,42.8885,延边朝鲜族自治州,妇幼医院,,11,10,24,6,13,33,NA,83,49,5,9,6,6,0.4,0.5
2026-08-02T0000,2238A,129.5047,42.9117,延边朝鲜族自治州,延边医院,,11,8,19,5,13,35,NA,84,55,2,6,7,6,0.3,0.4
2026-08-02T0000,2239A,129.395,42.8884,延边朝鲜族自治州,朝阳川镇医院,,14,14,22,0,3,31,NA,72,41,5,8,5,11,0.4,0.5
2026-08-02T0000,2240A,130.9618,45.2926,鸡西市,环保局,,7,6,3,3,6,20,NA,28,22,5,6,2,2,0.2,0.2
2026-08-02T0000,2243A,130.9294,45.2959,鸡西市,第一中学,,6,6,4,3,4,19,NA,26,21,3,4,4,5,0.1,0.2
2026-08-02T0000,2244A,130.2537,47.3416,鹤岗市,哈啤分公司,,20,20,15,8,6,15,NA,83,34,8,7,5,5,0.1,0.1
2026-08-02T0000,2245A,130.2683,47.3087,鹤岗市,斯达机电,,30,23,14,21,11,34,NA,67,37,22,11,7,6,0.3,0.2
2026-08-02T0000,2246A,130.3114,47.3388,鹤岗市,东山纸板厂,,24,24,18,9,8,1,NA,76,22,18,12,7,6,0.5,0.2
2026-08-02T0000,2248A,131.1509,46.6936,双鸭山市,双合村,,16,16,8,5,7,6,NA,52,26,19,9,5,6,0.1,0
2026-08-02T0000,2249A,131.1651,46.6191,双鸭山市,南小市,,16,14,8,11,6,2,NA,47,24,18,7,7,8,0.5,0.4
2026-08-02T0000,2250A,131.1526,46.6554,双鸭山市,环保局,,16,16,17,6,7,13,NA,41,32,5,4,6,6,0.2,0.2
2026-08-02T0000,2252A,128.8663,47.7199,伊春市,环保局,,22,22,14,5,7,23,NA,76,37,3,4,1,1,0.6,0.5
2026-08-02T0000,2253A,128.9014,47.732,伊春市,电力嘉园,,14,14,14,7,11,16,NA,78,34,3,5,3,2,0.8,0.7
2026-08-02T0000,2255A,130.2749,46.8028,佳木斯市,佳纺,,28,28,14,11,5,0,NA,55,30,20,10,3,3,0.3,0.2
2026-08-02T0000,2257A,130.3258,46.7975,佳木斯市,环保局,,40,40,16,21,7,2,NA,52,31,31,16,3,3,0.4,0.3
2026-08-02T0000,2263A,127.4832,50.2524,黑河市,交通局,,29,29,25,13,14,15,NA,54,30,5,8,7,6,0.2,0.1
2026-08-02T0000,2264A,127.5146,50.2339,黑河市,环保局,,40,40,23,26,13,10,NA,48,30,22,10,6,6,0.4,0.3
2026-08-02T0000,2266A,126.9783,46.6365,绥化市,人和东街,,10,3,6,1,5,29,NA,28,28,1,4,9,9,0.2,0.3
2026-08-02T0000,2267A,126.964,46.6527,绥化市,党政办公中心,,10,5,11,4,4,31,NA,33,32,8,8,6,7,0.1,0.2
2026-08-02T0000,2269A,124.1068,50.4091,大兴安岭地区,科技局,,27,27,25,13,19,8,NA,40,21,5,5,3,3,0.2,0.1
2026-08-02T0000,2270A,117.396,32.9389,蚌埠市,工人疗养院,,26,26,26,12,9,74,NA,103,93,3,4,6,7,0.3,0.4
2026-08-02T0000,2271A,117.3606,32.9428,蚌埠市,百货大楼,,24,15,16,11,7,75,NA,97,93,7,9,9,10,0.6,0.6
2026-08-02T0000,2273A,117.4183,32.8909,蚌埠市,蚌埠学院,,22,NA,15,15,9,64,NA,101,84,3,5,5,6,0.3,0.4
2026-08-02T0000,2274A,117.3534,32.9672,蚌埠市,淮上区政府,,26,24,18,13,9,82,NA,105,101,4,5,5,5,0.4,0.4
2026-08-02T0000,2275A,117.3143,32.8977,蚌埠市,高新区,,23,22,19,16,10,58,NA,94,84,14,10,11,11,0.4,0.4
2026-08-02T0000,2277A,116.8304,32.7726,淮南市,潘集区政府,,28,28,18,15,9,65,NA,78,67,16,15,7,6,0.4,0.3
2026-08-02T0000,2279A,116.8569,32.5949,淮南市,谢家集区政府,,27,27,13,18,9,59,NA,81,72,19,10,8,7,0.2,0.2
2026-08-02T0000,2280A,116.8279,32.6333,淮南市,八公山区政府,,25,24,15,17,9,67,NA,77,71,8,6,8,6,0.2,0.1
2026-08-02T0000,2282A,116.8005,33.9749,淮北市,监测站,,19,19,23,12,12,59,NA,121,91,14,12,4,4,0.3,0.3
2026-08-02T0000,2283A,116.8094,33.9008,淮北市,烈山区政府,,20,20,24,8,8,57,NA,118,83,14,14,3,5,0.4,0.5
2026-08-02T0000,2285A,117.8176,30.9412,铜陵市,市第四中学,,30,30,21,15,11,48,NA,94,79,19,9,14,13,0.7,0.5
2026-08-02T0000,2287A,117.7806,30.9413,铜陵市,市新民污水厂,,33,NA,33,23,14,7,NA,88,46,63,28,12,13,0.7,0.6
2026-08-02T0000,2289A,117.846,30.9414,铜陵市,车站新区,,43,43,26,19,12,52,NA,98,78,18,14,22,16,0.8,0.6
2026-08-02T0000,2290A,117.8472,30.9699,铜陵市,市职教基地,,32,32,23,18,12,46,NA,91,73,20,13,16,13,0.8,0.7
2026-08-02T0000,2291A,117.0806,30.5181,安庆市,环科院,,25,25,17,14,9,8,NA,81,47,36,14,10,10,0.7,0.7
2026-08-02T0000,2292A,117.0331,30.5118,安庆市,马山宾馆,,25,25,18,16,11,16,NA,78,44,27,19,2,3,0.8,0.8
2026-08-02T0000,2294A,116.9897,30.6146,安庆市,安庆大学,,22,20,20,15,11,26,NA,88,48,18,21,5,5,0.4,0.4
2026-08-02T0000,2295A,118.2905,29.6965,黄山市,延安路89号,,15,14,16,10,10,11,NA,56,27,6,5,2,3,0.4,0.4
2026-08-02T0000,2297A,118.1369,30.2755,黄山市,黄山区政府5号楼,,13,13,21,9,7,5,NA,44,17,4,4,3,3,0.5,0.5
2026-08-02T0000,2301A,115.8276,32.8929,阜阳市,市监测站,,19,19,21,12,8,41,NA,80,65,20,10,7,7,0.4,0.4
2026-08-02T0000,2303A,115.8551,32.8606,阜阳市,开发区,,31,31,18,11,9,62,NA,76,70,10,10,4,4,0.4,0.4
2026-08-02T0000,2307A,116.5078,31.7369,六安市,监测大楼,,19,NA,7,13,9,58,NA,72,69,11,5,6,5,0.4,0.4
2026-08-02T0000,2308A,116.4738,31.7642,六安市,皖西学院,,22,NA,9,13,9,68,NA,79,75,3,4,8,7,0.5,0.5
2026-08-02T0000,2309A,116.4997,31.7904,六安市,朝阳厂,,19,NA,8,12,10,59,NA,68,67,8,6,3,3,0.2,0.2
2026-08-02T0000,2310A,116.5566,31.7885,六安市,开发区,,19,NA,9,13,11,54,NA,76,70,11,8,5,7,0.2,0.2
2026-08-02T0000,2311A,115.8071,33.8399,亳州市,污水处理厂,,19,16,18,6,6,58,NA,104,85,12,9,2,2,0.3,0.3
2026-08-02T0000,2312A,115.7789,33.8519,亳州市,三国揽胜宫,,22,22,17,6,7,60,NA,105,85,9,4,4,4,0.3,0.3
2026-08-02T0000,2314A,117.4698,30.6617,池州市,池州学院,,17,17,19,10,11,28,NA,80,63,15,12,5,5,0.7,0.6
2026-08-02T0000,2316A,118.7578,30.9457,宣城市,鳌峰子站,,18,14,16,12,7,19,NA,61,47,7,4,13,8,0.5,0.4
2026-08-02T0000,2317A,118.7384,30.9745,宣城市,敬亭山子站,,15,15,17,8,10,21,NA,59,44,5,4,9,8,0.3,0.3
2026-08-02T0000,2318A,118.7172,30.9428,宣城市,开发区子站,,15,14,15,10,9,22,NA,64,49,4,5,9,8,0.2,0.2
2026-08-02T0000,2319A,119.0142,25.4324,莆田市,荔城区仓后路,,30,30,43,11,25,7,NA,144,43,23,15,/,/,/,/
2026-08-02T0000,2320A,119.0016,25.4553,莆田市,莆田市监测站,,26,26,42,10,23,7,NA,151,52,20,13,7,6,0.4,0.5
2026-08-02T0000,2321A,119.112,25.4561,莆田市,涵江区六中,,26,26,47,9,23,8,NA,151,37,27,18,/,/,0.5,0.6
2026-08-02T0000,2322A,119.1014,25.3215,莆田市,秀屿区政府,,20,20,34,6,15,24,NA,111,30,19,17,11,10,0.5,0.5
2026-08-02T0000,2324A,117.621,26.2626,三明市,三钢,,10,5,21,0,11,31,NA,81,46,7,10,4,7,0.4,0.8
2026-08-02T0000,2325A,117.6352,26.2714,三明市,三明二中,,10,6,23,4,12,32,NA,78,47,5,10,3,5,0.3,0.6
2026-08-02T0000,2326A,117.6028,26.2377,三明市,三元区政府,,13,13,25,5,14,33,NA,81,47,5,10,6,9,0.6,0.9
2026-08-02T0000,2332A,118.1682,26.6371,南平市,南平市监测站,,10,10,19,1,8,16,NA,75,34,8,8,4,5,0.3,0.3
2026-08-02T0000,2334A,118.1757,26.6276,南平市,南平七中,NA,NA,NA,22,2,8,12,NA,76,33,6,6,3,4,0.3,0.4
2026-08-02T0000,2336A,117.022,25.1031,龙岩市,龙岩市监测站,,20,16,22,14,14,29,NA,70,66,16,9,5,9,0.2,0.2
2026-08-02T0000,2337A,117.0257,25.0662,龙岩市,闽西职业技术学院,,25,25,26,9,12,30,NA,73,68,9,6,6,8,0.3,0.4
2026-08-02T0000,2338A,117.0195,25.0306,龙岩市,龙岩学院,,16,16,22,10,12,32,NA,76,71,10,6,6,5,/,/
2026-08-02T0000,2341A,119.5387,26.6611,宁德市,宁德市监测站,NA,NA,NA,28,6,12,8,NA,77,24,18,16,5,5,0.5,0.5
2026-08-02T0000,2343A,117.2114,29.2931,景德镇市,老干部活动中心,,23,23,16,12,13,28,NA,78,48,10,10,5,7,0.6,0.8
2026-08-02T0000,2344A,117.1893,29.2789,景德镇市,兽医站,,23,23,30,11,11,38,NA,71,48,9,10,4,4,0.5,0.5
2026-08-02T0000,2346A,117.246,29.2958,景德镇市,陶研所,,19,19,16,5,9,19,NA,69,44,5,4,4,4,0.6,0.5
2026-08-02T0000,2348A,113.8384,27.6436,萍乡市,中医院,,13,12,18,8,7,40,NA,69,56,4,11,5,8,0.4,0.6
2026-08-02T0000,2350A,113.8677,27.6438,萍乡市,市环保局,NA,NA,NA,15,3,8,41,NA,80,64,2,7,12,13,0.2,0.4
2026-08-02T0000,2351A,113.8663,27.6202,萍乡市,安源区政府,,12,2,15,2,5,36,NA,64,54,2,6,3,6,0.3,0.5
2026-08-02T0000,2353A,114.9887,27.8433,新余市,飞宇,,29,29,27,2,7,41,NA,66,52,7,9,3,4,0.7,0.6
2026-08-02T0000,2354A,114.9234,27.8248,新余市,第二水厂,,34,34,25,4,8,43,NA,66,56,11,10,5,4,0.9,0.9
2026-08-02T0000,2355A,114.931,27.8037,新余市,市气象局,,26,26,25,10,10,38,NA,68,54,17,11,18,7,1.8,1.1
2026-08-02T0000,2358A,117.0561,28.2641,鹰潭市,新监测站,NA,NA,NA,25,10,10,39,NA,71,33,2,5,5,14,0.3,0.4
2026-08-02T0000,2359A,117.0312,28.2474,鹰潭市,财苑宾馆,,27,27,23,6,9,40,NA,74,32,2,8,4,9,/,/
2026-08-02T0000,2360A,117.0221,28.2263,鹰潭市,体育馆,,25,25,22,7,6,34,NA,66,26,3,5,4,4,0.6,0.5
2026-08-02T0000,2363A,114.9368,25.8663,赣州市,地委,,16,16,22,4,8,25,NA,66,36,8,8,2,4,0.1,0.2
2026-08-02T0000,2364A,114.946,25.8483,赣州市,气象台,,21,21,20,2,7,14,NA,59,28,10,7,5,7,0.5,0.4
2026-08-02T0000,2365A,114.932,25.8332,赣州市,市图书馆,,13,13,17,7,6,28,NA,69,41,10,6,4,4,0.5,0.6
2026-08-02T0000,2366A,114.8905,25.8472,赣州市,华坚鞋城,,21,21,28,3,12,13,NA,58,28,9,9,1,2,0.3,0.2
2026-08-02T0000,2367A,114.9753,27.0803,吉安市,红声器材厂,,17,17,23,3,8,28,NA,61,46,13,6,10,10,0.1,0.2
2026-08-02T0000,2369A,114.9903,27.1313,吉安市,市环境监测站,,25,25,23,3,7,30,NA,61,47,8,4,9,10,/,/
2026-08-02T0000,2370A,115.009527,27.096792,吉安市,青原区法院,,16,16,24,2,8,35,NA,58,46,6,5,7,8,0.2,0.2
2026-08-02T0000,2373A,114.3954,27.7843,宜春市,市石油公司,NA,NA,17,20,2,4,46,NA,54,50,NA,2,2,2,0.3,0.3
2026-08-02T0000,2374A,114.37,27.7916,宜春市,市气象局,,15,15,20,3,4,40,NA,47,43,5,7,1,2,0.2,0.3
2026-08-02T0000,2375A,114.401,27.8059,宜春市,市广电局,,15,15,17,2,6,44,NA,50,50,3,4,1,1,0.2,0.2
2026-08-02T0000,2377A,116.3544,27.9833,抚州市,市站,,21,21,21,3,9,48,NA,70,60,4,5,5,3,0.6,0.8
2026-08-02T0000,2378A,116.3562,27.9631,抚州市,血防站,,18,18,20,5,6,41,NA,62,54,3,5,7,7,0.6,0.7
2026-08-02T0000,2379A,116.3561,28.0007,抚州市,采茶剧团,,21,21,22,4,7,44,NA,67,56,4,6,12,10,0.5,0.5
2026-08-02T0000,2380A,116.3854,27.9648,抚州市,医学分院,,16,16,18,3,5,43,NA,68,56,2,3,20,4,0.7,0.8
2026-08-02T0000,2382A,117.9758,28.4439,上饶市,市监测站,,14,14,24,1,11,37,NA,63,43,3,8,8,9,/,/
2026-08-02T0000,2383A,117.9521,28.4637,上饶市,凤凰光学,,12,10,24,2,12,36,NA,75,50,2,6,4,8,0.2,0.3
2026-08-02T0000,2385A,114.17,35.9019,鹤壁市,市监测站,,39,31,33,27,29,70,NA,106,90,5,5,3,3,0.9,0.7
2026-08-02T0000,2386A,114.2953,35.7512,鹤壁市,市交警支队,,29,NA,28,20,18,66,NA,110,83,14,12,6,5,0.6,0.6
2026-08-02T0000,2387A,114.2877,35.7302,鹤壁市,迎宾馆,,36,36,35,25,22,71,NA,121,89,13,10,1,3,0.6,0.6
2026-08-02T0000,2389A,113.836,35.3104,新乡市,环保西院,,41,41,33,17,19,38,NA,104,69,18,9,8,7,0.8,0.8
2026-08-02T0000,2390A,113.8847,35.2724,新乡市,开发区,,29,29,29,16,17,43,NA,110,77,18,14,5,6,0.8,0.8
2026-08-02T0000,2391A,113.8836,35.3028,新乡市,环保东院,,37,37,40,23,18,55,NA,113,84,12,12,4,5,0.6,0.6
2026-08-02T0000,2392A,115.0312,35.7636,濮阳市,环保局,,29,15,21,10,8,92,NA,102,98,6,5,2,2,0.6,0.6
2026-08-02T0000,2398A,113.7904,33.9949,许昌市,开发区,,28,28,23,15,12,28,NA,97,62,19,13,2,3,0.5,0.5
2026-08-02T0000,2399A,114.051,33.5721,漯河市,三五一五工厂,,19,19,21,7,13,34,NA,103,64,28,16,9,6,0.3,0.3
2026-08-02T0000,2400A,114.0055,33.5698,漯河市,漯河大学,,19,16,22,13,16,39,NA,96,67,25,14,15,9,0.4,0.4
2026-08-02T0000,2401A,114.0134,33.5826,漯河市,市水利局,,20,14,15,14,14,42,NA,97,70,22,14,17,9,0.3,0.3
2026-08-02T0000,2402A,114.0261,33.5697,漯河市,市广电局,,25,17,19,17,14,45,NA,105,71,16,10,13,6,0.2,0.2
2026-08-02T0000,2404A,112.5338,33.0086,南阳市,瓦房庄,,30,30,27,10,10,36,NA,86,68,21,9,5,6,0.5,0.5
2026-08-02T0000,2405A,112.5002,32.9734,南阳市,汉画馆,,28,28,25,7,11,48,NA,89,65,14,10,6,7,0.6,0.6
2026-08-02T0000,2406A,112.5778,33.0144,南阳市,气象站,,27,27,21,8,10,58,NA,96,82,12,11,8,7,0.5,0.5
2026-08-02T0000,2407A,112.548,32.9687,南阳市,理工学院,,25,22,20,17,11,45,NA,84,NA,19,13,8,8,0.5,0.3
2026-08-02T0000,2408A,115.6701,34.4283,商丘市,环境监测站,,29,28,22,20,11,65,NA,90,84,6,4,5,5,0.4,0.4
2026-08-02T0000,2409A,115.6458,34.4047,商丘市,粮食局,,24,24,18,16,9,63,NA,89,82,8,4,3,4,0.2,0.2
2026-08-02T0000,2420A,114.0194,32.9648,驻马店市,市一纸厂,,21,16,16,5,9,66,NA,81,68,13,12,7,5,0.3,0.2
2026-08-02T0000,2421A,114.0112,33.0149,驻马店市,市彩印厂,,21,14,17,6,9,67,NA,81,69,9,5,7,5,0.3,0.2
2026-08-02T0000,2423A,115.0547,30.2332,黄石市,沈家营,,21,21,28,10,9,67,NA,68,68,2,10,4,5,0.5,0.5
2026-08-02T0000,2426A,114.899,30.211,黄石市,铁山,,24,24,22,14,8,56,NA,70,46,8,11,4,4,0.2,0.3
2026-08-02T0000,2427A,115.0259,30.2108,黄石市,团城山,,22,22,22,8,7,69,NA,70,70,1,4,4,4,0.6,0.7
2026-08-02T0000,2429A,110.78,32.6494,十堰市,滨河新村,,29,28,19,20,12,80,NA,87,86,6,7,/,/,0.6,0.6
2026-08-02T0000,2430A,110.7305,32.6408,十堰市,刘家沟,,29,29,25,15,15,81,NA,90,88,5,6,/,/,/,/
2026-08-02T0000,2431A,110.8843,32.5712,十堰市,铁二处,,36,NA,23,25,16,65,NA,87,80,10,8,8,8,0.7,0.6
2026-08-02T0000,2432A,112.1555,32.0197,襄阳市,襄城运动路,,20,20,23,12,13,56,NA,88,70,9,8,11,9,0.5,0.5
2026-08-02T0000,2434A,112.1829,32.1146,襄阳市,高新管委会,,24,24,22,14,16,68,NA,95,82,6,7,10,10,0.5,0.5
2026-08-02T0000,2435A,112.2105,32.0903,襄阳市,襄州航空路,,25,NA,23,17,14,64,NA,90,76,6,6,8,8,0.5,0.5
2026-08-02T0000,2436A,114.894,30.3989,鄂州市,市政府,,29,29,24,10,8,60,NA,86,69,6,8,3,4,0.4,0.5
2026-08-02T0000,2437A,114.8986,30.3714,鄂州市,赵家坝,,32,29,19,22,7,65,NA,91,65,7,12,8,6,0.5,0.6
2026-08-02T0000,2439A,112.2012,31.048,荆门市,竹园小学,,23,NA,18,16,13,61,NA,80,73,9,7,4,4,0.5,0.5
2026-08-02T0000,2440A,112.1968,30.9892,荆门市,掇刀,,25,21,20,17,12,51,NA,72,64,13,8,6,8,0.5,0.4
2026-08-02T0000,2444A,113.9062,30.9378,孝感市,东城区,,25,23,20,14,3,78,NA,80,80,8,9,3,4,0.3,0.3
2026-08-02T0000,2446A,114.9021,30.474,黄冈市,职工中心,,24,24,19,11,12,62,NA,103,83,18,13,6,7,0.4,0.4
2026-08-02T0000,2451A,113.3587,31.7275,随州市,市委党校,,22,15,15,11,5,68,NA,80,79,6,7,5,5,0.4,0.7
2026-08-02T0000,2452A,113.3745,31.6926,随州市,市林业局,,21,12,13,10,5,67,NA,81,79,7,5,2,2,0.5,0.6
2026-08-02T0000,2453A,113.3984,31.7309,随州市,市立交桥水厂,,15,15,14,9,5,43,NA,72,68,10,6,5,4,0.5,0.5
2026-08-02T0000,2454A,109.4978,30.2979,恩施土家族苗族自治州,湖北民院,,28,28,18,10,8,18,NA,64,44,6,4,6,6,0.3,0.3
2026-08-02T0000,2457A,112.6209,26.9268,衡阳市,衡阳化工总厂,,10,10,13,4,5,24,NA,64,46,6,6,6,6,0.4,0.4
2026-08-02T0000,2458A,112.621,26.8957,衡阳市,珠晖区环保局,,9,NA,14,6,4,24,NA,60,45,6,7,7,7,0.7,0.7
2026-08-02T0000,2459A,112.628,26.8654,衡阳市,市委党校,,13,13,12,5,5,27,NA,60,NA,4,4,5,6,0.2,0.2
2026-08-02T0000,2460A,112.6007,26.8977,衡阳市,市监测站,,14,14,12,7,5,27,NA,65,49,7,6,2,2,0.6,0.5
2026-08-02T0000,2461A,112.5658,26.9013,衡阳市,真空机电公司,,16,16,16,11,6,25,NA,65,47,11,8,7,9,0.7,0.9
2026-08-02T0000,2464A,111.5277,27.2442,邵阳市,市化工厂,,22,NA,12,15,10,46,NA,66,57,9,4,4,4,0.3,0.2
2026-08-02T0000,2466A,111.4327,27.2276,邵阳市,市环保局,,22,NA,12,15,9,42,NA,59,53,7,5,4,4,0.5,0.4
2026-08-02T0000,2468A,112.3458,28.581,益阳市,市环保局,,20,NA,13,14,6,61,NA,66,64,3,3,6,6,0.6,0.6
2026-08-02T0000,2473A,113.0116,25.8228,郴州市,市职中,,12,8,7,2,4,37,NA,45,38,2,4,6,6,0.6,0.6
2026-08-02T0000,2475A,113.0381,25.8074,郴州市,市审计局,,10,4,7,1,3,29,NA,39,32,4,4,6,6,/,/
2026-08-02T0000,2476A,113.0348,25.7757,郴州市,市环保局,,12,12,8,3,3,33,NA,41,36,5,5,7,7,0.5,0.4
2026-08-02T0000,2478A,111.6126,26.4266,永州市,市环境监测站,,11,10,11,6,6,34,NA,63,49,7,7,4,4,0.8,0.8
2026-08-02T0000,2480A,111.6248,26.3803,永州市,永州市环保局,,12,12,12,6,7,35,NA,65,52,8,7,6,6,0.6,0.6
2026-08-02T0000,2481A,111.5989,26.4523,永州市,冷水滩区环保局,,12,12,13,5,8,36,NA,62,50,5,6,8,9,0.6,0.5
2026-08-02T0000,2483A,109.9297,27.5383,怀化市,河西地税局,,36,36,17,11,8,13,NA,56,37,20,12,6,7,/,/
2026-08-02T0000,2484A,109.9783,27.5342,怀化市,市四医院,,17,17,15,10,10,34,NA,57,45,10,8,4,5,0.3,0.3
2026-08-02T0000,2485A,109.9971,27.5579,怀化市,监测楼,,12,10,13,7,8,37,NA,58,47,7,6,5,6,0.3,0.3
2026-08-02T0000,2488A,111.9984,27.7346,娄底市,市监测站,,23,16,13,16,6,44,NA,59,54,7,5,6,7,0.4,0.3
2026-08-02T0000,2491A,111.9888,27.7035,娄底市,市政府,,35,26,11,24,8,29,NA,58,48,10,5,5,3,0.4,0.3
2026-08-02T0000,2493A,109.7298,28.3164,湘西土家族苗族自治州,州政府,,20,20,16,8,10,15,NA,58,34,5,5,5,4,0.4,0.4
2026-08-02T0000,2494A,109.6957,28.2676,湘西土家族苗族自治州,吉首市计生局,,18,12,10,12,10,17,NA,62,39,8,7,3,4,0.3,0.2
2026-08-02T0000,2496A,111.3126,23.4772,梧州市,市十一中,,17,17,16,11,7,30,NA,69,53,19,14,9,8,0.5,0.5
2026-08-02T0000,2498A,111.26,23.4794,梧州市,龙新,,16,7,18,2,6,49,NA,77,60,6,10,7,7,0.5,0.5
2026-08-02T0000,2499A,108.3411,21.6159,防城港市,沙万,,10,NA,10,5,6,27,NA,44,31,19,13,4,3,0.5,0.6
2026-08-02T0000,2500A,108.3515,21.7733,防城港市,防城档案局,NA,NA,14,10,NA,NA,23,NA,44,38,4,8,5,2,0.5,0.5
2026-08-02T0000,2501A,108.3506,21.6414,防城港市,大海花园,,12,NA,8,8,5,26,NA,50,41,21,9,7,7,0.6,0.6
2026-08-02T0000,2502A,108.6238,21.9667,钦州市,市环保站,,12,12,11,3,4,32,NA,58,49,13,8,8,7,0.8,0.7
2026-08-02T0000,2503A,108.655,21.9481,钦州市,沙埠小学,,18,18,19,2,4,23,NA,58,46,15,7,9,8,0.7,0.5
2026-08-02T0000,2504A,108.5989,21.7435,钦州市,港区一小,,25,25,19,1,6,30,NA,56,45,24,14,8,6,1.0,0.7
2026-08-02T0000,2506A,109.604387,23.066791,贵港市,江南子站,NA,NA,NA,NA,NA,NA,NA,NA,NA,NA,NA,NA,NA,NA,NA,NA
2026-08-02T0000,2508A,109.5669,23.1065,贵港市,荷城子站,,12,12,19,6,10,38,NA,86,68,6,8,4,8,0.5,0.6
2026-08-02T0000,2511A,110.1433,22.6162,玉林市,南江一中,,17,17,22,8,11,30,NA,72,54,11,12,3,156,0.3,0.4
2026-08-02T0000,2512A,106.6102,23.901,百色市,市监测站,,23,22,25,16,11,39,NA,83,66,12,10,9,12,0.4,0.5
2026-08-02T0000,2513A,106.6524,23.8842,百色市,市中心血站,,22,22,25,7,13,43,NA,78,63,8,9,16,12,0.4,0.4
2026-08-02T0000,2514A,111.5264,24.4178,贺州市,环保小区,,21,12,12,6,7,44,NA,60,50,41,17,10,10,0.2,0.2
2026-08-02T0000,2515A,111.561,24.4074,贺州市,政协大楼,,21,10,10,4,7,66,NA,65,65,9,10,13,13,0.5,0.5
2026-08-02T0000,2517A,108.0496,24.6957,河池市,市环保站,,22,22,15,8,4,6,NA,51,34,12,5,5,5,0.8,0.7
2026-08-02T0000,2520A,109.2203,23.7252,来宾市,来宾技工学校,,29,29,23,12,10,38,NA,68,55,16,14,6,10,0.7,0.6
2026-08-02T0000,2521A,107.3473,22.4137,崇左市,市环保局江州分局,,20,20,17,5,7,13,NA,57,45,15,7,6,7,0.5,0.6
2026-08-02T0000,2524A,105.8211,32.4444,广元市,老城,,17,17,15,1,4,54,NA,58,44,8,10,6,8,0.4,0.5
2026-08-02T0000,2526A,105.8629,32.429,广元市,监测站,,32,32,25,4,4,29,NA,56,34,10,11,8,8,0.4,0.5
2026-08-02T0000,2528A,105.5581,30.5231,遂宁市,市监测站,,13,8,9,2,4,41,NA,60,49,7,7,8,8,0.5,0.4
2026-08-02T0000,2530A,105.5917,30.4727,遂宁市,美宁食品公司,,16,8,11,1,5,49,NA,69,59,7,8,7,7,0.6,0.6
2026-08-02T0000,2531A,105.0703,29.61,内江市,市监测站,,27,27,14,2,5,55,NA,58,58,11,9,8,9,0.4,0.4
2026-08-02T0000,2533A,105.0657,29.5807,内江市,内江二中,,19,13,15,1,4,58,NA,56,56,5,7,7,7,0.3,0.3
2026-08-02T0000,2534A,105.0407,29.5828,内江市,内江日报社,NA,NA,29,17,NA,4,59,NA,58,54,6,7,4,4,0.3,0.3
2026-08-02T0000,2536A,103.7629,29.5844,乐山市,牛耳桥,,15,7,10,0,4,48,NA,74,63,9,8,6,5,0.7,0.8
2026-08-02T0000,2537A,103.7501,29.6002,乐山市,市第三水厂,,16,8,11,1,5,51,NA,74,63,9,8,3,3,0.7,0.8
2026-08-02T0000,2538A,103.7571,29.5664,乐山市,市监测站,,17,10,13,0,4,52,NA,72,66,7,7,2,2,0.6,0.7
2026-08-02T0000,2540A,103.8414,30.0871,眉山市,气象局,,22,18,12,0,4,69,NA,72,70,9,10,6,6,0.8,0.8
2026-08-02T0000,2544A,106.6307,30.4577,广安市,市委,,10,10,17,5,18,32,NA,60,52,6,8,9,10,0.4,0.4
2026-08-02T0000,2545A,106.6266,30.4662,广安市,友谊中学,,19,18,21,13,20,60,NA,73,69,5,7,10,11,0.4,0.4
2026-08-02T0000,2547A,106.6386,30.4551,广安市,广电花园,,26,NA,20,18,20,34,NA,63,54,6,9,9,8,0.4,0.6
2026-08-02T0000,2549A,107.5087,31.2186,达州市,市环境监测站,,31,31,26,4,10,11,NA,71,37,25,19,6,8,0.3,0.4
2026-08-02T0000,2550A,107.4988,31.2132,达州市,凤凰小区,,27,27,24,12,10,11,NA,72,34,22,18,4,5,0.4,0.3
2026-08-02T0000,2551A,107.5081,31.1987,达州市,达县机关宾馆,,34,34,29,20,14,9,NA,76,27,32,26,4,5,0.3,0.3
2026-08-02T0000,2552A,107.4644,31.2124,达州市,市政中心,,31,31,34,8,8,33,NA,76,49,15,19,4,5,0.2,0.2
2026-08-02T0000,2555A,103.011,29.9833,雅安市,市政府,,22,6,12,4,8,68,NA,71,62,8,8,7,7,0.5,0.6
2026-08-02T0000,2556A,102.9907,29.9778,雅安市,川农大,,16,15,16,3,7,50,NA,53,42,4,5,4,4,0.5,0.5
2026-08-02T0000,2562A,104.6357,30.1508,资阳市,资阳中学,,14,14,12,7,7,39,NA,59,44,5,5,6,8,0.3,0.3
2026-08-02T0000,2565A,104.6297,30.1259,资阳市,区法院,,13,12,12,6,5,39,NA,57,44,4,4,5,6,0.4,0.4
2026-08-02T0000,2568A,102.2503,31.8896,阿坝藏族羌族自治州,马师校,,26,26,17,4,5,65,NA,73,60,2,3,4,4,0.4,0.4
2026-08-02T0000,2570A,101.96,30.048,甘孜藏族自治州,水桥子,,14,3,6,2,2,43,NA,74,59,16,10,2,3,0.4,0.3
2026-08-02T0000,2573A,102.2629,27.8981,凉山彝族自治州,西昌市政府,,22,15,12,15,12,24,NA,48,34,9,7,4,8,0.5,0.6
2026-08-02T0000,2574A,102.2686,27.885,凉山彝族自治州,凉山州政府,,26,NA,13,18,11,28,NA,51,39,11,8,4,7,0.6,0.5
2026-08-02T0000,2577A,104.8293,26.592,六盘水市,黄土坡,,18,15,14,7,9,56,NA,73,68,7,7,3,3,0.2,0.3
2026-08-02T0000,2579A,104.8481,26.5898,六盘水市,民中,,18,11,12,11,11,57,NA,74,69,5,6,1,1,0.1,0.1
2026-08-02T0000,2580A,104.9541,26.5506,六盘水市,双水,,19,19,16,10,8,52,NA,69,64,6,5,4,4,0.3,0.3
2026-08-02T0000,2585A,109.1839,27.7344,铜仁市,铜仁卫校,,31,31,18,7,5,17,NA,66,46,19,5,2,2,0.5,0.5
2026-08-02T0000,2586A,109.1752,27.6945,铜仁市,铜仁七中,,19,19,13,7,5,29,NA,62,44,9,5,4,4,0.3,0.3
2026-08-02T0000,2587A,105.287,27.3133,毕节市,八中,,21,21,19,13,11,14,NA,78,54,19,13,12,14,0.6,0.5
2026-08-02T0000,2588A,105.3079,27.2987,毕节市,师专,,18,18,18,11,11,33,NA,68,55,15,11,7,8,0.6,0.5
2026-08-02T0000,2589A,104.9022,25.0943,黔西南布依族苗族自治州,场坝街,,19,15,15,5,8,60,NA,67,64,2,3,3,3,0.3,0.3
2026-08-02T0000,2590A,104.8812,25.0994,黔西南布依族苗族自治州,坪东大道,,20,20,14,12,9,53,NA,62,58,2,3,3,3,0.3,0.3
2026-08-02T0000,2591A,107.9765,26.5724,黔东南苗族侗族自治州,市环境监测站,,11,8,6,7,8,35,NA,56,45,4,3,2,2,0.4,0.4
2026-08-02T0000,2593A,107.5223,26.2371,黔南布依族苗族自治州,小围寨,,10,NA,3,6,5,31,NA,56,42,6,4,4,5,0.3,0.3
2026-08-02T0000,2594A,99.1589,25.1137,保山市,市环境监测站,,17,17,14,7,5,14,NA,42,28,8,8,6,6,0.3,0.3
2026-08-02T0000,2595A,99.1616,25.1381,保山市,市环保局,,15,NA,10,10,7,17,NA,44,32,6,6,6,6,0.4,0.4
2026-08-02T0000,2596A,103.7668,27.3736,昭通市,监测站,,28,28,29,18,16,25,NA,59,36,20,9,3,5,0.4,0.3
2026-08-02T0000,2599A,100.2497,26.8802,丽江市,丽江古城,,18,18,16,10,9,21,NA,52,38,14,9,8,9,0.6,0.6
2026-08-02T0000,2600A,100.2203,26.8906,丽江市,市中心,,20,NA,12,14,8,20,NA,48,34,10,8,7,7,0.5,0.4
2026-08-02T0000,2601A,100.9801,22.7634,普洱市,市环保局,,27,27,24,13,10,28,NA,46,34,4,4,5,6,0.3,0.3
2026-08-02T0000,2602A,100.9763,22.8237,普洱市,普洱第二中学,,32,32,24,21,9,18,NA,46,28,6,6,5,5,0.6,0.5
2026-08-02T0000,2603A,100.0779,23.8981,临沧市,市环保局,NA,NA,11,20,5,7,NA,NA,33,24,8,10,5,7,0.5,0.4
2026-08-02T0000,2604A,100.0894,23.882,临沧市,市气象局,,22,18,18,15,8,19,NA,40,33,7,7,6,7,0.5,0.5
2026-08-02T0000,2606A,101.5379,25.0492,楚雄彝族自治州,市经济开发区,,25,25,20,11,10,22,NA,34,27,9,10,2,2,1.0,0.9
2026-08-02T0000,2610A,104.2533,23.3595,文山壮族苗族自治州,州水务局,,17,13,12,8,9,52,NA,71,58,4,4,4,5,0.3,0.3
2026-08-02T0000,2611A,104.2319,23.3892,文山壮族苗族自治州,市便民服务中心,,23,NA,14,16,10,51,NA,70,59,9,8,3,3,0.3,0.3
2026-08-02T0000,2612A,100.8018,21.9995,西双版纳傣族自治州,景洪市江南,,26,26,17,17,8,14,NA,36,27,8,6,10,10,0.9,0.7
2026-08-02T0000,2613A,100.7995,22.0238,西双版纳傣族自治州,景洪市江北,,18,18,16,8,7,7,NA,35,25,7,5,14,13,0.7,0.7
2026-08-02T0000,2614A,100.2168,25.5818,大理白族自治州,大理市环境监测站,,12,12,7,6,5,32,NA,40,36,6,7,5,5,0.3,0.3
2026-08-02T0000,2615A,100.1542,25.7055,大理白族自治州,大理古城,,8,8,13,4,6,25,NA,54,36,9,9,12,13,0.6,0.6
2026-08-02T0000,2616A,98.5611,24.4273,德宏傣族景颇族自治州,德宏州监测站,,12,9,5,8,8,25,NA,48,39,5,6,9,9,0.6,0.6
2026-08-02T0000,2618A,98.859,25.8541,怒江傈僳族自治州,州监测站,,26,NA,13,18,10,14,NA,48,36,11,6,6,6,0.7,0.5
2026-08-02T0000,2619A,98.8607,25.8168,怒江傈僳族自治州,泸水一中,,28,NA,15,19,11,9,NA,40,24,12,11,4,4,0.6,0.5
2026-08-02T0000,2621A,99.7054,27.8319,迪庆藏族自治州,迪庆州站,,11,10,13,4,4,34,NA,47,38,8,7,5,6,0.2,0.1
2026-08-02T0000,2622A,97.1813,31.1289,昌都市,昌都监测站,,12,12,13,4,3,28,NA,66,50,10,9,6,6,0.6,0.6
2026-08-02T0000,2624A,91.7592,29.234,山南市,山南监测站,,30,NA,2,1,2,95,NA,93,93,1,2,7,7,0.3,0.3
2026-08-02T0000,2625A,91.7701,29.2436,山南市,山南人民医院,,30,NA,6,7,3,95,NA,94,94,1,2,4,5,0.3,0.4
2026-08-02T0000,2626A,88.8873,29.2723,日喀则市,日喀则监测站,,33,14,6,7,4,103,NA,102,98,5,5,6,7,0.2,0.2
2026-08-02T0000,2628A,92.0653,31.4846,那曲市,那曲监测站,颗粒物(PM10),58,60,20,36,11,74,NA,137,117,26,10,9,7,0.8,0.4
2026-08-02T0000,2630A,80.1171,32.4999,阿里地区,阿里监测站,,37,5,8,2,2,116,NA,134,125,2,6,6,6,0.3,0.2
2026-08-02T0000,2632A,94.3683,29.6373,林芝市,林芝监测站,,12,NA,6,8,6,30,NA,43,36,9,6,4,4,0.4,0.4
2026-08-02T0000,2633A,94.3616,29.6634,林芝市,林芝人民医院,,10,10,10,5,6,24,NA,44,34,6,6,3,3,0.4,0.4
2026-08-02T0000,2635A,107.0155,33.0707,汉中市,市监测站,,18,8,10,3,4,57,NA,58,53,4,6,4,4,0.3,0.4
2026-08-02T0000,2636A,107.0083,33.114,汉中市,鑫源开发区,,20,5,11,3,4,62,NA,58,58,5,8,6,6,1.1,1
2026-08-02T0000,2637A,107.0072,33.0323,汉中市,南郑大河坎水厂,,19,7,10,4,6,58,NA,53,43,3,7,3,2,0.6,0.6
2026-08-02T0000,2639A,109.7445,38.2919,榆林市,世纪广场,,44,44,33,20,18,40,NA,121,83,45,22,9,7,0.4,0.4
2026-08-02T0000,2640A,109.729,38.2837,榆林市,实验中学,,33,33,34,17,20,61,NA,126,91,27,23,8,6,0.4,0.4
2026-08-02T0000,2641A,109.7347,38.2491,榆林市,环保监测大楼,,30,30,29,16,18,69,NA,122,96,21,15,6,8,0.3,0.4
2026-08-02T0000,2644A,109.0088,32.6974,安康市,汉滨区检察院,,13,9,16,3,7,39,NA,75,60,6,5,2,3,0.4,0.4
2026-08-02T0000,2645A,109.9155,33.8714,商洛市,监测站,,14,8,15,2,9,43,NA,77,54,3,4,5,6,0.2,0.2
2026-08-02T0000,2647A,104.1727,36.5448,白银市,第三小学,,36,36,32,14,14,92,NA,122,109,15,10,8,5,0.5,0.4
2026-08-02T0000,2648A,104.1467,36.5482,白银市,动力公司,,31,18,25,11,12,99,NA,120,112,4,7,3,3,0.3,0.4
2026-08-02T0000,2650A,105.72058,34.57859,天水市,公园小学,,27,27,29,7,13,42,NA,80,64,16,11,13,12,0.6,0.6
2026-08-02T0000,2651A,105.89428,34.55353,天水市,麦积国土局,,27,27,26,12,11,31,NA,88,62,17,10,6,7,0.4,0.3
2026-08-02T0000,2652A,102.6203,37.925,武威市,监测站,,25,24,29,8,13,80,NA,124,108,11,9,10,10,0.2,0.3
2026-08-02T0000,2654A,100.4699,38.9525,张掖市,润泉湖,,28,24,70,8,18,89,NA,144,122,15,10,7,7,0.4,0.4
2026-08-02T0000,2655A,100.4155,38.9422,张掖市,区工会,,32,21,75,17,26,102,NA,154,133,11,7,6,7,0.5,0.5
2026-08-02T0000,2656A,106.6633,35.5338,平凉市,聚贤嘉苑,,27,27,34,9,15,57,NA,80,59,12,14,8,9,0.6,0.6
2026-08-02T0000,2657A,106.7021,35.5307,平凉市,博物馆,,39,39,43,12,15,50,NA,88,57,15,12,7,8,0.5,0.5
2026-08-02T0000,2661A,107.6325,35.7357,庆阳市,庆阳五中,,30,19,47,6,15,93,NA,82,82,2,5,5,6,0.4,0.4
2026-08-02T0000,2662A,107.6361,35.7067,庆阳市,市环保局,,30,22,24,10,11,96,NA,84,84,4,8,6,7,0.3,0.3
2026-08-02T0000,2669A,102.9097,34.9841,甘南藏族自治州,州政府,,25,NA,21,17,9,44,NA,106,80,16,6,4,5,0.3,0.3
2026-08-02T0000,2671A,100.9016,36.9464,海北藏族自治州,海晏县西海镇,,34,20,20,20,12,106,NA,127,116,4,3,10,8,0.5,0.5
2026-08-02T0000,2672A,102.02,35.5101,黄南藏族自治州,同仁县隆务镇,,27,17,18,9,10,84,NA,116,106,2,2,9,8,0.2,0.2
2026-08-02T0000,2673A,100.6158,36.2985,海南藏族自治州,共和县恰卜恰镇,,28,16,21,8,9,87,NA,114,108,17,7,13,10,0.5,0.5
2026-08-02T0000,2674A,100.2262,34.4854,果洛藏族自治州,玛沁县大武镇,,37,13,14,4,5,116,NA,139,134,1,2,20,16,0.4,0.3
2026-08-02T0000,2675A,97.0386,33.0138,玉树藏族自治州,玉树县结古镇,,28,7,4,2,2,88,NA,140,121,17,4,6,5,0.3,0.2
2026-08-02T0000,2676A,97.373,37.376,海西蒙古族藏族自治州,德令哈市,,40,17,21,7,8,127,NA,138,132,1,2,8,11,0.3,0.3
2026-08-02T0000,2677A,106.1535,37.9648,吴忠市,教育园区,颗粒物(PM10),65,70,40,39,20,51,NA,124,97,28,12,5,9,0.6,0.5
2026-08-02T0000,2679A,106.1851,37.9957,吴忠市,新区二泵站,颗粒物(PM10),52,52,39,28,17,74,NA,131,107,25,17,7,8,0.5,0.4
2026-08-02T0000,2682A,105.1965,37.4996,中卫市,环保局站,,49,49,38,14,12,52,NA,116,92,32,13,3,3,0.5,0.4
2026-08-02T0000,2684A,106.2753,36.0057,固原市,监测站,,30,30,34,16,14,58,NA,110,79,17,12,5,6,0.4,0.4
2026-08-02T0000,2685A,106.2384,36.0189,固原市,新区,,21,21,32,11,13,57,NA,103,74,16,12,6,7,0.4,0.3
2026-08-02T0000,2686A,89.1905,42.9419,吐鲁番市,市环保局,NA,NA,55,45,12,11,83,NA,127,110,NA,13,5,5,0.4,0.8
2026-08-02T0000,2687A,89.1674,42.9558,吐鲁番市,地区环保局,,39,39,36,15,11,68,NA,136,112,18,13,7,8,0.4,0.4
2026-08-02T0000,2688A,93.5124,42.8176,哈密市,地区监测站,颗粒物(PM10),113,152,27,67,13,113,NA,125,117,8,8,4,3,0.2,0.2
2026-08-02T0000,2689A,93.5014,42.8312,哈密市,哈密师范学校,颗粒物(PM10),115,158,31,66,15,97,NA,120,109,13,13,6,5,0.2,0.1
2026-08-02T0000,2692A,87.2722,44.0298,昌吉回族自治州,新区政务中心,,29,26,17,20,10,20,NA,114,95,53,12,8,9,0.8,0.4
2026-08-02T0000,2693A,82.0482,44.8553,博尔塔拉蒙古自治州,市党校,,27,27,33,7,8,61,NA,110,100,18,5,3,3,0.3,0.1
2026-08-02T0000,2694A,82.0805,44.8966,博尔塔拉蒙古自治州,市环保局,颗粒物(PM10),59,62,29,22,7,60,NA,111,95,27,11,2,3,0.4,0.2
2026-08-02T0000,2695A,80.2899,41.1684,阿克苏地区,电视台,颗粒物(PM10),77,87,81,23,35,137,NA,128,124,4,7,4,4,0.6,0.6
2026-08-02T0000,2696A,80.2592,41.1541,阿克苏地区,艺术中心,颗粒物(PM10),63,68,70,37,36,134,NA,141,134,10,12,4,4,0.3,0.3
2026-08-02T0000,2697A,76.1457,39.7143,克孜勒苏柯尔克孜自治州,市人民政府,颗粒物(PM10),148,243,162,89,61,40,NA,122,98,58,9,2,3,0.2,0
2026-08-02T0000,2698A,76.0071,39.466,喀什地区,巡警大队,细颗粒物(PM2.5),172,289,202,130,95,59,NA,128,114,53,22,7,6,0.7,0.3
2026-08-02T0000,2699A,75.9756,39.4693,喀什地区,吾办,颗粒物(PM10),166,281,188,104,69,56,NA,127,112,37,15,8,9,0.8,0.5
2026-08-02T0000,2704A,81.3002,43.9177,伊犁哈萨克自治州,新政府片区,,31,31,33,21,16,58,NA,113,103,34,17,5,4,0.8,0.5
2026-08-02T0000,2705A,81.3364,43.9409,伊犁哈萨克自治州,第二水厂,颗粒物(PM10),56,58,47,28,19,48,NA,125,108,34,16,6,6,0.7,0.6
2026-08-02T0000,2706A,82.9993,46.7432,塔城地区,东门外小游园,,40,40,27,16,11,51,NA,97,87,5,3,6,6,0.3,0.3
2026-08-02T0000,2708A,88.1266,47.8515,阿勒泰地区,市站,,45,45,30,17,5,39,NA,95,82,25,11,8,8,0.4,0.2
2026-08-02T0000,2709A,86.0391,44.298,石河子市,艾青诗歌馆,颗粒物(PM10),61,65,28,28,6,45,NA,127,108,56,14,7,5,1.1,0.6
2026-08-02T0000,2711A,87.5352,44.1606,五家渠市,农水大厦,颗粒物(PM10),55,57,37,30,15,63,NA,124,101,20,17,2,2,0.5,0.4
2026-08-02T0000,2809A,113.6668,24.7756,韶关市,大学路288号,,12,12,19,1,6,18,NA,46,30,11,10,9,13,/,/
2026-08-02T0000,2835A,101.7222,26.567,攀枝花市,四十中小,一氧化碳(CO),51,30,39,13,13,9,NA,67,36,32,15,27,29,5.1,1.7
2026-08-02T0000,2842A,118.0937,24.5054,厦门市,湖里中学,,9,7,11,6,6,23,NA,50,27,4,9,1,2,0.3,0.3
2026-08-02T0000,2845A,113.1561,36.1912,长治市,德盛苑,,18,NA,18,12,10,51,NA,94,70,7,6,10,10,0.8,0.9
2026-08-02T0000,2846A,113.3209,23.1323,广州市,体育西,,20,16,14,11,9,8,NA,59,17,39,27,6,6,0.6,0.5
2026-08-02T0000,2858A,117.7917,39.2473,天津市,河西一经路,,29,15,32,8,18,91,NA,152,122,4,11,5,5,0.6,0.8
2026-08-02T0000,2859A,117.3747,38.9845,天津市,津沽路,,29,7,25,0,15,92,NA,131,112,3,8,2,2,0.4,0.5
2026-08-02T0000,2860A,117.159,39.0844,天津市,宾水西道,,30,20,25,10,17,93,NA,135,112,2,5,2,3,0.2,0.3
2026-08-02T0000,2865A,112.7195,37.683,晋中市,榆次三中,,22,NA,25,12,17,68,NA,132,96,7,9,10,14,0.4,0.7
2026-08-02T0000,2867A,111.1225,37.5093,吕梁市,马茂庄小学,,24,24,26,5,8,19,NA,93,62,31,15,3,4,0.5,0.5
2026-08-02T0000,2868A,126.4737,43.953,吉林市,九站,,30,30,30,17,17,50,NA,97,71,13,8,2,2,0.7,0.8
2026-08-02T0000,2869A,119.4472,32.4156,扬州市,五台山医院,,34,34,27,12,9,80,NA,149,134,17,10,11,12,0.7,0.6
2026-08-02T0000,2870A,119.4369,32.1891,镇江市,市疾控中心,,28,26,19,19,13,63,NA,112,102,12,10,5,4,0.6,0.7
2026-08-02T0000,2871A,121.6156,29.9015,宁波市,万里国际学校,,30,30,32,9,19,74,NA,167,137,6,9,8,8,0.4,0.4
2026-08-02T0000,2872A,120.7845,30.7524,嘉兴市,南湖区残联,,22,21,41,6,24,70,NA,148,124,15,16,6,6,0.3,0.5
2026-08-02T0000,2873A,120.083,30.8929,湖州市,仁皇山新区,,19,13,27,5,14,60,NA,102,95,15,24,5,6,0.4,0.5
2026-08-02T0000,2875A,115.783962,32.889217,阜阳市,阜阳职业技术学院,,22,22,17,11,8,66,NA,85,78,11,7,5,4,0.4,0.4
2026-08-02T0000,2877A,119.1638,36.6524,潍坊市,坊子邮政,,34,34,28,12,10,92,NA,116,NA,16,13,6,9,0.3,0.2
2026-08-02T0000,2880A,104.0219,30.6561,成都市,大石西路,,23,NA,16,16,14,71,NA,69,69,6,8,3,3,0.3,0.3
2026-08-02T0000,2881A,107.8909,26.531,黔东南苗族侗族自治州,凯里学院,,15,12,4,10,6,30,NA,58,45,8,3,3,2,0.5,0.4
2026-08-02T0000,2882A,102.5388,24.3703,玉溪市,玉溪一中,,23,23,15,11,7,14,NA,55,41,14,10,6,4,0.2,0.2
2026-08-02T0000,2883A,102.5382,24.339,玉溪市,文体中心,,9,9,18,6,6,12,NA,52,38,18,10,5,5,0.4,0.4
2026-08-02T0000,2884A,98.2672,39.7978,嘉峪关市,酒钢宾馆,,29,22,24,2,7,92,NA,132,120,19,19,8,12,0.5,0.6
2026-08-02T0000,2885A,104.9344,33.3827,陇南市,滨江中学,,22,18,19,6,7,68,NA,85,74,5,6,8,8,0.7,0.7
2026-08-02T0000,2894A,117.0561,32.6536,淮南市,经济技术开发区消防队,,26,21,16,18,9,64,NA,91,86,19,10,10,9,0.6,0.5
2026-08-02T0000,2897A,123.2429,41.7341,沈阳市,沈辽西路,,40,40,38,24,18,90,NA,106,95,6,6,3,3,0.6,0.7
2026-08-02T0000,2900A,123.5951,41.9085,沈阳市,裕农路,,34,28,38,20,17,108,NA,115,104,5,6,4,5,0.3,0.5
2026-08-02T0000,2902A,106.6347,30.4868,广安市,北辰小学,,20,20,36,14,23,53,NA,66,63,6,9,8,9,0.3,0.4
2026-08-02T0000,2907A,120.1846,30.8592,湖州市,吴兴区站,,19,15,32,7,22,60,NA,121,98,12,13,6,8,0.5,0.5
2026-08-02T0000,2919A,116.7022,39.5454,廊坊市,河北工业大学,,35,35,23,20,16,109,NA,143,136,6,3,1,1,0.3,0.3
2026-08-02T0000,2920A,117.71,24.5048,漳州市,蓝田镇,,15,15,22,7,11,20,NA,90,35,10,12,6,7,0.2,0.3
2026-08-02T0000,2921A,120.5482,30.0003,绍兴市,树下王站,,14,14,18,9,13,42,NA,112,82,8,9,3,4,0.4,0.5
2026-08-02T0000,2922A,117.194,39.1069,天津市,大理道,,30,16,25,9,17,95,NA,136,118,2,3,3,1,0.4,0.5
2026-08-02T0000,2924A,106.2266,38.4417,银川市,水乡路,颗粒物(PM10),60,63,51,25,16,98,NA,129,120,16,14,5,6,0.5,0.5
2026-08-02T0000,2925A,106.2758,38.4841,银川市,上海东路,,49,49,35,28,16,101,NA,125,117,23,15,6,6,0.5,0.5
2026-08-02T0000,2926A,106.1016,38.4971,银川市,文昌北街,,47,47,51,17,19,68,NA,119,90,33,22,5,6,0.6,0.6
2026-08-02T0000,2929A,114.8858,30.4519,黄冈市,红卫路,,28,24,18,19,14,51,NA,92,74,19,13,7,7,0.4,0.3
2026-08-02T0000,2996A,118.2781,33.9658,宿迁市,市供电局,,22,17,20,13,13,68,NA,116,96,10,10,4,5,0.7,0.7
2026-08-02T0000,2997A,119.8767,32.3291,泰州市,王营,细颗粒物(PM2.5),82,51,30,51,25,68,NA,103,99,35,21,14,11,1.1,0.6
2026-08-02T0000,3000A,119.3577,34.6971,连云港市,德源药业,,22,19,20,9,8,68,NA,104,88,15,14,3,4,0.6,0.5
2026-08-02T0000,3002A,119.9701,31.813,常州市,行政中心,,41,41,39,27,23,100,NA,133,127,19,14,8,9,0.3,0.4
2026-08-02T0000,3003A,120.0434,31.7726,常州市,经开区,,34,34,48,20,25,108,NA,142,134,13,15,5,7,1.3,1.1
2026-08-02T0000,3004A,120.1543,33.3664,盐城市,宝龙广场,细颗粒物(PM2.5),62,51,37,41,22,137,NA,135,135,7,7,8,9,1.2,1.1
2026-08-02T0000,3005A,117.1812,34.29,徐州市,鼓楼区政府,,20,20,19,10,10,61,NA,118,95,19,14,6,6,0.9,0.7
2026-08-02T0000,3006A,117.1693,34.1781,徐州市,铜山区招生办,,29,29,24,16,12,45,NA,121,87,23,15,9,9,0.6,0.5
2026-08-02T0000,3007A,119.178,34.8442,连云港市,新城一中,,18,14,23,12,13,57,NA,120,93,21,11,6,7,0.5,0.5
2026-08-02T0000,3008A,119.3607,34.7519,连云港市,胡沟管理处,,30,19,11,9,6,93,NA,118,106,8,7,13,10,0.5,0.5
2026-08-02T0000,3009A,119.1478,34.5913,连云港市,矿山设计院,,31,14,17,7,9,98,NA,113,100,6,7,3,2,0.6,0.6
2026-08-02T0000,3010A,119.8919,31.7892,常州市,钟楼,,45,NA,36,31,21,100,NA,125,104,26,16,9,8,0.5,0.4
2026-08-02T0000,3012A,112.1849,31.0361,荆门市,西山林语,,15,14,19,9,11,48,NA,69,63,6,5,7,10,0.4,0.4
2026-08-02T0000,3014A,106.4958,29.5347,重庆市,歇台子,,33,33,27,14,14,39,NA,102,62,19,12,6,8,0.7,0.6
2026-08-02T0000,3015A,106.4067,29.5729,重庆市,龙井湾,,26,26,22,6,15,44,NA,109,69,16,12,7,9,0.7,0.7
2026-08-02T0000,3016A,106.5506,29.415,重庆市,龙洲湾,,30,30,26,20,14,22,NA,83,49,24,13,11,9,0.4,0.3
2026-08-02T0000,3018A,111.5048,36.1015,临汾市,唐尧大酒店,颗粒物(PM10),53,54,52,11,9,35,NA,109,65,20,12,4,5,0.7,0.8
2026-08-02T0000,3020A,117.2096,39.1698,天津市,中山北路,,28,22,27,15,16,89,NA,125,112,2,3,2,3,0.6,0.6
2026-08-02T0000,3021A,115,35.7667,濮阳市,濮水河管理处,,25,NA,17,17,9,73,NA,100,86,11,8,2,1,0.6,0.6
2026-08-02T0000,3025A,113.0479,23.6343,清远市,技师学院,,15,15,14,8,7,27,NA,61,42,16,15,6,6,0.3,0.3
2026-08-02T0000,3026A,116.6179,23.6608,潮州市,市政府,,18,18,18,9,9,23,NA,44,31,11,7,4,3,0.4,0.3
2026-08-02T0000,3028A,104.7765,29.3623,自贡市,檀木林体育馆,,18,5,7,0,1,56,NA,64,59,5,7,6,6,0.4,0.4
2026-08-02T0000,3033A,87.4652,43.4569,乌鲁木齐市,培训基地,,37,17,12,16,8,116,NA,140,136,9,4,7,6,0.3,0.1
2026-08-02T0000,3034A,113.1076,41.0385,乌兰察布市,光明街小学,,35,35,39,9,16,69,NA,134,91,20,12,6,6,0.3,0.4
2026-08-02T0000,3036A,118.6903,37.4337,东营市,开发区管委会,,29,29,25,17,10,69,NA,140,102,25,16,7,8,0.6,0.6
2026-08-02T0000,3038A,103.3757,23.3679,红河哈尼族彝族自治州,州图书馆,,18,16,8,12,7,50,NA,48,41,2,2,2,3,0.3,0.3
2026-08-02T0000,3039A,111.1911,34.7829,三门峡市,三门峡市第一小学,,17,3,39,2,23,52,NA,86,74,8,12,6,5,0.5,0.7
2026-08-02T0000,3045A,109.9647,33.8486,商洛市,商州区中学,,14,9,18,3,9,44,NA,79,52,5,6,4,6,0.2,0.3
2026-08-02T0000,3046A,115.9084,28.6062,南昌市,机电学校,,32,32,25,12,16,32,NA,93,57,9,14,7,9,0.5,0.6
2026-08-02T0000,3048A,119.5799,26.0937,福州市,九龙,,17,17,35,6,27,31,NA,159,73,10,12,5,6,0.4,0.5
2026-08-02T0000,3051A,117.385,39.1483,天津市,西四道,,30,11,29,8,16,96,NA,136,111,3,9,3,3,0.9,1
2026-08-02T0000,3054A,113.9194,35.2847,新乡市,市委党校,,19,16,26,13,18,51,NA,111,78,16,12,4,4,0.5,0.5
2026-08-02T0000,3055A,101.7775,36.643,西宁市,城北区政府,,25,10,19,6,13,80,NA,105,98,10,13,6,8,0.7,0.8
2026-08-02T0000,3057A,121.5989,37.4016,烟台市,牟平检察院,,40,NA,15,23,12,128,NA,131,126,4,5,7,7,0.4,0.4
2026-08-02T0000,3058A,119.2656,42.0356,赤峰市,银河街,,20,14,29,7,18,61,NA,88,81,13,12,6,9,0.5,0.4
2026-08-02T0000,3059A,117.7181,36.205,济南市,泰兴公司,,24,24,23,12,7,52,NA,108,93,34,13,9,12,0.3,0.3
2026-08-02T0000,3061A,119.7511,49.1576,呼伦贝尔市,国华电力东,,18,18,16,8,10,17,NA,55,36,12,9,5,5,0.2,0.2
2026-08-02T0000,3064A,117.6861,36.2172,济南市,莱芜战役纪念馆,,31,17,19,10,8,99,NA,111,106,9,7,4,5,0.2,0.2
2026-08-02T0000,3065A,101.9534,29.9976,甘孜藏族自治州,州环保局,,11,10,7,3,4,28,NA,67,55,22,10,3,4,0.2,0.2
2026-08-02T0000,3066A,116.2722,37.438,德州市,九衢泉纯净水厂,,27,27,21,14,10,65,NA,106,87,21,13,9,11,0.4,0.4
2026-08-02T0000,3109A,115.0094,25.8614,赣州市,赣县区卫计委,,19,19,19,2,7,8,NA,57,28,18,11,2,3,0.3,0.3
2026-08-02T0000,3123A,105.9408,26.2431,安顺市,凤凰山,,19,15,12,13,9,42,NA,62,52,4,3,7,6,0.6,0.5
2026-08-02T0000,3124A,105.9443,26.2567,安顺市,金钟山,,15,NA,9,8,9,46,NA,65,56,3,3,9,7,0.5,0.4
2026-08-02T0000,3125A,105.8983,26.248,安顺市,娄家坡,,16,NA,10,11,9,44,NA,63,54,2,2,7,6,0.5,0.5
2026-08-02T0000,3131A,114.878,40.7992,张家口市,烟厂,,38,38,26,18,16,59,NA,123,94,9,9,/,/,/,/
2026-08-02T0000,3132A,119.5979,39.938,秦皇岛市,文明里,颗粒物(PM10),51,51,44,22,23,125,NA,162,152,3,7,7,8,0.4,0.5
2026-08-02T0000,3133A,106.5469,29.5655,重庆市,上清寺,,19,19,17,12,10,34,NA,99,57,25,19,8,9,0.7,0.5
2026-08-02T0000,3134A,113.8172,34.0339,许昌市,市一中,,20,20,23,11,12,40,NA,105,80,19,9,2,2,0.4,0.4
2026-08-02T0000,3136A,104.2724,30.559,成都市,龙泉驿区区政府,,20,NA,2,14,7,61,NA,66,66,7,5,4,3,0.6,0.6
2026-08-02T0000,3138A,111.7152,29.0288,常德市,武陵区永安,,22,18,17,15,8,44,NA,66,57,5,7,12,8,0.6,0.6
2026-08-02T0000,3139A,111.6891,28.9881,常德市,鼎城区玉霞,,17,17,17,11,9,47,NA,70,57,8,5,9,10,0.8,0.8
2026-08-02T0000,3140A,111.6651,29.0526,常德市,武陵区长庚,,19,19,15,12,7,36,NA,69,62,21,4,13,9,0.5,0.5
2026-08-02T0000,3141A,114.3921,36.0879,安阳市,信访局,,30,30,33,20,24,68,NA,130,104,12,6,2,2,0.5,0.5
2026-08-02T0000,3147A,114.3434,34.8101,开封市,龙亭公园,,28,28,28,10,10,54,NA,107,86,7,6,4,4,0.6,0.6
2026-08-02T0000,3148A,103.829,30.0563,眉山市,区人社局,,22,22,21,0,3,67,NA,69,66,11,11,7,7,0.6,0.6
2026-08-02T0000,3149A,115.0174,30.1591,黄石市,笔架山北路,,34,34,32,13,8,67,NA,68,68,1,7,4,6,0.4,0.5
2026-08-02T0000,3151A,114.375,27.8096,宜春市,宜春学院北校区,,15,15,19,4,5,38,NA,45,43,1,4,2,4,0.2,0.3
2026-08-02T0000,3153A,114.3876,30.4908,武汉市,民族大道182号,,26,26,16,13,7,46,NA,77,70,21,12,4,4,0.8,0.7
2026-08-02T0000,3164A,119.4682,32.394,扬州市,广陵建设局,,38,37,29,26,14,48,NA,144,126,51,19,10,11,0.4,0.3
2026-08-02T0000,3171A,115.6069,34.4465,商丘市,梁园区档案局,,23,22,24,11,10,73,NA,96,91,8,6,2,2,0.1,0.1
2026-08-02T0000,3173A,117.0598,30.5351,安庆市,市人大,,23,23,16,15,10,30,NA,83,53,11,8,5,6,0.5,0.5
2026-08-02T0000,3178A,119.0587,36.7209,潍坊市,潍坊七中,,29,29,23,13,9,77,NA,114,102,14,8,2,3,0.4,0.4
2026-08-02T0000,3179A,102.7491,25.012,昆明市,官渡区博物馆,,19,19,15,10,6,30,NA,62,50,16,10,4,4,0.5,0.5
2026-08-02T0000,3180A,99.7122,27.8129,迪庆藏族自治州,质量技术监督局,,13,13,15,7,5,40,NA,49,42,7,8,5,6,0.3,0.3
2026-08-02T0000,3181A,106.776805,31.852614,巴中市,市五中,,14,14,20,0,9,30,NA,31,25,7,12,9,9,0.5,0.5
2026-08-02T0000,3183A,106.7419,31.8654,巴中市,圣泉水务公司,,14,14,14,1,8,30,NA,34,27,5,9,9,10,0.6,0.6
2026-08-02T0000,3187A,116.9508,33.666,宿州市,远航博物馆,,21,21,18,9,10,49,NA,82,66,18,12,8,7,0.2,0.3
2026-08-02T0000,3188A,115.6684,37.7216,衡水市,市城管局,,32,32,30,16,15,61,NA,114,84,8,6,8,8,0.2,0.3
2026-08-02T0000,3190A,116.0254,29.6995,九江市,外国语学校,,31,31,22,13,14,61,NA,101,87,9,9,13,10,0.4,0.4
2026-08-02T0000,3191A,118.3243,33.95,宿迁市,宿豫区政府,,25,25,21,15,13,55,NA,113,85,18,15,4,4,0.3,0.4
2026-08-02T0000,3192A,80.0906,32.5029,阿里地区,阿里藏医院,,44,6,8,3,3,138,NA,138,138,2,2,7,8,0.3,0.2
2026-08-02T0000,3194A,112.2749,30.3124,荆州市,管委会,,18,18,13,7,9,54,NA,71,66,9,6,4,4,0.4,0.4
2026-08-02T0000,3195A,119.3649,32.3961,扬州市,市体育局,,34,34,28,22,14,71,NA,149,122,20,10,8,7,0.2,0.3
2026-08-02T0000,3200A,115.9772,36.4986,聊城市,监控中心,,25,12,14,10,9,79,NA,110,99,2,2,8,9,0.4,0.3
2026-08-02T0000,3206A,114.9148,27.8069,新余市,新钢沁园村,,30,30,27,3,11,46,NA,70,58,10,10,11,11,0.6,0.7
2026-08-02T0000,3207A,118.31131,32.3033,滁州市,市政府原办公楼,,39,NA,18,27,21,60,NA,97,84,12,7,6,7,0.3,0.2
2026-08-02T0000,3208A,112.7279,38.4157,忻州市,市政府,,33,21,30,16,19,105,NA,101,101,15,22,3,6,0.6,0.7
2026-08-02T0000,3209A,119.5231,26.6562,宁德市,宁德一中,,18,18,26,9,16,15,NA,74,25,7,9,10,10,0.5,0.6
2026-08-02T0000,3210A,114.3645,34.7955,开封市,汴京公园,,26,26,26,13,18,64,NA,116,98,13,11,3,4,0.3,0.3
2026-08-02T0000,3216A,117.662,24.5187,漳州市,漳州党校,,18,18,26,8,12,24,NA,85,40,8,11,/,/,/,/
2026-08-02T0000,3237A,117.4918,30.6617,池州市,展览馆,,28,28,25,11,9,24,NA,83,60,14,9,4,4,0.6,0.5
2026-08-02T0000,3241A,103.7439,36.0841,兰州市,百合公园,,48,48,52,27,22,68,NA,113,85,26,26,9,10,0.3,0.4
2026-08-02T0000,3242A,103.9613,35.9985,兰州市,和平,,49,49,30,22,15,82,NA,130,106,8,9,12,10,0.4,0.4
2026-08-02T0000,3247A,104.9551,33.3709,陇南市,市总工会,,25,25,25,8,6,59,NA,80,64,3,6,7,7,0.5,0.5
2026-08-02T0000,3248A,98.2644,39.7723,嘉峪关市,雄关区,,26,25,30,9,7,82,NA,138,112,24,17,3,6,0.2,0.3
2026-08-02T0000,3265A,121.4242,31.3303,上海市,宝山庙行,颗粒物(PM10),63,68,48,39,30,135,NA,194,124,15,16,4,5,0.4,0.4
2026-08-02T0000,3266A,121.8789,31.4662,上海市,崇明上实东滩,,43,36,33,30,28,116,NA,201,164,16,18,5,6,0.4,0.4
2026-08-02T0000,3268A,121.316,31.2839,上海市,嘉定南翔,细颗粒物(PM2.5),74,63,42,47,32,92,NA,172,80,43,33,5,5,0.4,0.4
2026-08-02T0000,3269A,121.3357,30.7455,上海市,金山新城,,30,30,46,17,32,78,NA,196,150,12,12,4,4,0.7,0.7
2026-08-02T0000,3270A,121.4996,31.0741,上海市,闵行浦江,细颗粒物(PM2.5),56,52,42,38,30,121,NA,182,104,14,19,6,7,0.7,0.6
2026-08-02T0000,3271A,121.2886,31.1663,上海市,青浦徐泾,细颗粒物(PM2.5),84,75,42,52,31,73,NA,159,77,25,15,5,6,0.7,0.6
2026-08-02T0000,3272A,121.2193,31.0382,上海市,松江图书馆,细颗粒物(PM2.5),78,71,62,49,37,143,NA,174,124,16,22,6,6,0.8,0.8
2026-08-02T0000,3273A,121.3904,31.206,上海市,长宁仙霞,颗粒物(PM10),55,57,43,34,28,81,NA,158,86,14,20,7,8,0.5,0.5
2026-08-02T0000,3274A,121.7964,31.0507,上海市,浦东惠南,细颗粒物(PM2.5),72,70,39,46,29,83,NA,167,135,40,18,8,8,0.7,0.8
2026-08-02T0000,3282A,113.3399,40.0586,大同市,大同市卫生学校,,33,31,36,23,24,71,NA,128,97,20,14,7,6,0.8,0.7
2026-08-02T0000,3283A,109.9154,40.5684,包头市,滨河大厦,细颗粒物(PM2.5),52,49,19,36,15,41,NA,96,77,34,13,14,7,1.5,0.6
2026-08-02T0000,3284A,106.8129,39.7274,乌海市,海北新区,颗粒物(PM10),74,83,40,19,10,58,NA,90,75,25,12,20,8,0.9,0.3
2026-08-02T0000,3285A,113.1383,40.9513,乌兰察布市,北京八中,,28,28,35,15,13,72,NA,127,91,11,11,5,4,0.3,0.4
2026-08-02T0000,3286A,118.9359,42.3146,赤峰市,桥北物流园区,,18,16,19,12,9,54,NA,102,90,11,8,21,6,0.7,0.6
2026-08-02T0000,3287A,119.3842,32.198,镇江市,富润路1号,,26,24,24,18,16,79,NA,127,117,16,14,10,10,0.3,0.4
2026-08-02T0000,3288A,117.4619,34.4368,徐州市,大泉街道,,28,28,35,12,12,73,NA,126,101,10,10,9,9,0.4,0.4
2026-08-02T0000,3289A,120.7431,31.3188,苏州市,方洲路,,40,39,36,28,29,110,NA,139,118,19,16,8,7,0.7,0.7
2026-08-02T0000,3290A,120.4979,31.2777,苏州市,木渎中学,,38,37,34,26,25,76,NA,113,110,17,15,4,5,0.6,0.6
2026-08-02T0000,3291A,121.0631,32.0644,南通市,通州监测站,,42,34,39,19,26,133,NA,187,159,5,10,6,7,0.6,0.7
2026-08-02T0000,3293A,120.1518,33.3369,盐城市,月亮广场,细颗粒物(PM2.5),76,76,51,48,32,140,NA,144,144,5,8,8,9,0.6,0.5
2026-08-02T0000,3294A,119.565282,32.422263,扬州市,引江管理处,,30,30,25,19,15,65,NA,124,NA,20,13,1,3,0.7,0.7
2026-08-02T0000,3295A,120.1226,32.515,泰州市,姜堰区政府广场,细颗粒物(PM2.5),52,44,43,36,31,106,NA,156,155,25,19,15,12,1.0,0.6
2026-08-02T0000,3298A,113.5718,23.5493,广州市,从化街口,,10,10,11,4,5,28,NA,47,38,9,10,8,8,0.5,0.5
2026-08-02T0000,3299A,113.3463,23.369,广州市,白云竹料,,23,23,15,10,7,17,NA,55,29,21,15,3,3,0.7,0.6
2026-08-02T0000,3300A,113.2981,23.2365,广州市,白云嘉禾,,18,18,15,10,7,13,NA,59,24,28,20,10,10,/,/
2026-08-02T0000,3301A,113.4256,23.1716,广州市,黄埔科学城,,18,17,17,12,10,15,NA,59,20,25,20,7,8,0.7,0.7
2026-08-02T0000,3302A,113.3942,23.0485,广州市,番禺大学城,,18,14,18,7,7,7,NA,60,15,35,27,6,7,0.4,0.3
2026-08-02T0000,3303A,113.4923,22.8169,广州市,南沙黄阁,,10,10,14,3,7,24,NA,50,30,20,19,7,7,/,/
2026-08-02T0000,3304A,113.534,22.7893,广州市,南沙街,,10,10,13,3,6,26,NA,51,30,17,18,10,10,0.6,0.6
2026-08-02T0000,3305A,114.0614,22.556,深圳市,莲花,,12,12,11,4,5,13,NA,33,26,10,10,/,/,/,/
2026-08-02T0000,3306A,114.0144,22.6163,深圳市,民治,,8,7,10,5,6,21,NA,39,32,12,11,/,/,/,/
2026-08-02T0000,3307A,114.1756,22.6421,深圳市,横岗,,13,8,10,5,6,39,NA,37,37,9,6,/,/,/,/
2026-08-02T0000,3308A,113.3493,22.0572,珠海市,金湾,,18,6,5,4,4,55,NA,58,56,5,9,/,/,0.3,0.3
2026-08-02T0000,3311A,113.1077,22.5647,江门市,江海富民,,14,14,25,4,6,44,NA,54,44,11,16,/,/,0.3,0.3
2026-08-02T0000,3313A,112.4572,23.0163,肇庆市,高要湖西,,11,10,13,3,8,35,NA,71,46,10,16,5,5,0.5,0.6
2026-08-02T0000,3314A,114.4334,22.8134,惠州市,惠阳秋长,,10,5,7,3,4,23,NA,50,42,19,10,/,/,/,/
2026-08-02T0000,3315A,116.1234,24.2994,梅州市,梅龙,,20,19,19,14,8,24,NA,37,30,10,8,9,7,0.5,0.4
2026-08-02T0000,3317A,111.9785,21.8954,阳江市,两阳中学,,13,NA,8,9,6,28,NA,54,32,11,9,/,/,0.4,0.3
2026-08-02T0000,3318A,112.9898,23.7403,清远市,清新太和,,12,7,11,3,5,38,NA,65,50,8,9,6,6,0.4,0.4
2026-08-02T0000,3319A,113.7283,23.041,东莞市,万江金泰,,11,11,13,7,8,24,NA,62,25,19,19,4,4,0.7,0.7
2026-08-02T0000,3320A,116.4028,23.5699,揭阳市,曲溪,,22,22,18,14,9,10,NA,44,26,23,11,15,7,0.7,0.5
2026-08-02T0000,3323A,115.2772,40.9723,张家口市,青少年活动中心,,22,NA,9,15,10,20,NA,77,48,8,6,6,6,0.2,0.2
2026-08-02T0000,3324A,116.8011,38.294,沧州市,河北水利电力学院,,28,27,18,19,18,74,NA,118,97,9,7,1,2,0.2,0.3
2026-08-02T0000,3325A,117.0362,39.3827,天津市,雍阳西道,细颗粒物(PM2.5),58,59,32,39,21,72,NA,152,121,15,5,4,4,0.7,0.6
2026-08-02T0000,3326A,117.0291,39.0612,天津市,辛老路,,31,18,28,9,21,98,NA,133,120,2,3,2,2,0.6,0.7
2026-08-02T0000,3327A,116.9638,38.9374,天津市,地纬路,,31,9,24,7,18,97,NA,121,106,4,7,3,4,0.6,0.7
2026-08-02T0000,3328A,118.4209,31.3704,芜湖市,市气象局,,28,27,22,19,14,40,NA,124,86,39,16,8,7,0.6,0.5
2026-08-02T0000,3329A,117.011,32.5891,淮南市,山南新区,,25,24,9,17,8,66,NA,86,80,15,14,14,14,0.3,0.3
2026-08-02T0000,3331A,118.3268,32.2633,滁州市,图书馆,,26,23,16,18,10,71,NA,97,90,8,6,7,7,0.4,0.4
2026-08-02T0000,3332A,115.7631,33.803,亳州市,亳州学院,,17,NA,3,10,8,53,NA,106,81,12,8,1,1,0.4,0.4
2026-08-02T0000,3333A,117.5626,30.695,池州市,第八中学,,21,21,21,11,10,29,NA,75,60,9,8,4,5,0.5,0.5
2026-08-02T0000,3334A,117.5037,30.6242,池州市,第十二中学,,18,18,19,11,11,25,NA,78,51,14,12,7,6,0.9,0.9
2026-08-02T0000,3335A,113.3137,35.2643,焦作市,马村街道办,,44,44,36,24,22,36,NA,96,63,13,10,4,5,0.5,0.4
2026-08-02T0000,3336A,113.2464,35.2374,焦作市,焦作技师学院,,33,33,41,21,23,32,NA,104,65,16,11,5,8,0.6,0.6
2026-08-02T0000,3337A,113.8611,34.0443,许昌市,许昌学院,,21,21,23,12,11,43,NA,103,73,11,8,3,3,0.3,0.3
2026-08-02T0000,3338A,113.8428,34.0825,许昌市,芙蓉广场,,20,20,20,13,13,52,NA,108,85,9,5,3,6,0.4,0.4
2026-08-02T0000,3339A,114.0002,33.0404,驻马店市,小管楼,,23,12,17,7,10,71,NA,87,74,7,7,5,4,0.1,0.1
2026-08-02T0000,3340A,112.6005,34.6323,洛阳市,伊滨,,29,29,32,7,14,36,NA,76,55,11,10,5,6,0.4,0.6
2026-08-02T0000,3341A,112.495,34.6338,洛阳市,中移产业园,,25,18,33,17,17,30,NA,78,43,14,11,8,8,0.4,0.4
2026-08-02T0000,3342A,128.7948,47.7291,伊春市,中心小学,,16,15,13,11,8,28,NA,75,37,3,4,2,2,0.7,0.6
2026-08-02T0000,3343A,128.6736,47.729,伊春市,检察院,,21,21,16,5,5,27,NA,84,41,3,3,3,2,0.5,0.4
2026-08-02T0000,3345A,131.0413,45.7795,七台河市,中波台,,8,8,35,5,5,22,NA,30,21,3,4,9,8,0.5,0.4
2026-08-02T0000,3346A,108.3871,31.1627,重庆市,安康,,27,27,20,7,8,27,NA,70,52,17,9,8,9,0.4,0.3
2026-08-02T0000,3347A,105.8983,29.36,重庆市,北山路,,32,32,28,13,18,54,NA,104,58,8,10,7,8,0.6,0.6
2026-08-02T0000,3350A,106.648859,29.023807,重庆市,滩子口,,37,37,19,15,11,39,NA,78,56,13,8,20,16,0.4,0.3
2026-08-02T0000,3351A,105.7164,29.7077,重庆市,棠香,,18,NA,11,9,10,55,NA,84,68,7,7,7,6,0.4,0.4
2026-08-02T0000,3352A,107.0733,29.8618,重庆市,桃源西路,,32,32,23,14,9,40,NA,90,67,24,13,27,8,0.7,0.5
2026-08-02T0000,3353A,107.3536,29.7283,重庆市,迎宾大道,,21,19,16,7,5,17,NA,78,60,41,16,3,4,0.3,0.2
2026-08-02T0000,3354A,108.8152,29.5079,重庆市,舟白,,22,22,14,3,5,32,NA,64,46,7,5,8,8,0.2,0.2
2026-08-02T0000,3355A,108.3679,30.8429,重庆市,周家坝,颗粒物(PM10),52,52,24,16,9,26,NA,77,55,22,13,6,6,0.3,0.3
2026-08-02T0000,3356A,108.4323,30.7554,重庆市,百安坝,,19,17,16,3,6,58,NA,78,66,3,7,3,3,0.2,0.2
2026-08-02T0000,3357A,104.0028,30.6891,成都市,金博路,,21,NA,7,4,7,67,NA,65,65,5,8,8,7,0.5,0.6
2026-08-02T0000,3359A,104.056,30.5228,成都市,华阳,,20,NA,9,12,7,61,NA,65,64,8,8,1,1,0.6,0.7
2026-08-02T0000,3360A,104.7894,29.3197,自贡市,南湖救助站,,31,31,26,0,2,57,NA,74,66,7,7,10,17,0.6,0.5
2026-08-02T0000,3361A,103.7313,29.563,乐山市,理工大学,,17,7,10,0,6,53,NA,74,64,6,5,1,2,0.6,0.7
2026-08-02T0000,3363A,117.9883,36.8372,淄博市,新区,,32,24,17,22,13,92,NA,111,98,9,7,5,5,0.7,0.7
2026-08-02T0000,3364A,117.316,34.8106,枣庄市,市环保局,,24,24,22,10,10,73,NA,133,111,18,15,10,8,0.7,0.4
2026-08-02T0000,3365A,118.5721,37.5654,东营市,垦利区民丰路,,27,27,26,14,10,72,NA,139,101,16,13,7,7,0.4,0.4
2026-08-02T0000,3366A,121.5202,37.4336,烟台市,中国农业大学,NA,NA,31,22,24,12,118,NA,136,124,6,7,NA,7,0.7,0.6
2026-08-02T0000,3368A,119.1978,36.6871,潍坊市,高新实验学校,,36,36,29,12,9,94,NA,115,111,10,8,3,2,0.5,0.6
2026-08-02T0000,3370A,118.3563,35.0215,临沂市,十里堡居委,,16,12,18,11,9,51,NA,116,93,20,17,9,14,0.5,0.5
2026-08-02T0000,3371A,116.3693,37.44,德州市,开发区人民医院,,22,22,23,15,12,60,NA,104,88,22,9,8,8,0.5,0.5
2026-08-02T0000,3374A,115.5562,35.089,菏泽市,定陶老年大学,,24,24,18,9,10,67,NA,105,91,13,9,6,6,0.6,0.6
2026-08-02T0000,3375A,102.8016,24.8336,昆明市,青年创业园,,10,9,9,7,6,31,NA,59,47,11,8,3,5,0.4,0.4
2026-08-02T0000,3376A,103.7926,25.4651,曲靖市,南苑二区,,34,34,18,15,11,24,NA,56,43,24,8,4,4,0.8,0.6
2026-08-02T0000,3377A,103.7442,25.5259,曲靖市,曲靖师范学院,,26,26,16,12,10,26,NA,59,46,16,8,6,3,0.6,0.5
2026-08-02T0000,3379A,122.1122,40.2275,营口市,鲅鱼圈市民活动中心,,39,30,30,27,19,93,NA,118,93,8,7,7,7,0.6,0.6
2026-08-02T0000,3380A,102.8915,34.9618,甘南藏族自治州,甘肃民族师范学院,,30,NA,19,21,15,46,NA,118,82,20,8,5,5,0.3,0.3
2026-08-02T0000,3396A,112.0764,32.0089,襄阳市,襄城隆中路,,20,19,21,13,15,62,NA,81,69,8,7,8,7,0.7,0.4
2026-08-02T0000,3397A,112.1154,32.103,襄阳市,高新台子湾,,23,20,22,16,14,61,NA,81,66,7,8,9,8,0.5,0.5
2026-08-02T0000,3398A,114.9134,30.4446,黄冈市,市林业局,,28,28,25,19,10,59,NA,104,86,22,14,3,4,0.4,0.4
2026-08-02T0000,3399A,112.6703,26.8817,衡阳市,师范学院,,10,10,14,4,6,26,NA,67,49,1,4,10,10,0.4,0.4
2026-08-02T0000,3400A,109.1844,21.4396,北海市,龙潭自来水厂,,20,5,9,4,4,62,NA,65,64,3,4,1,2,0.4,0.4
2026-08-02T0000,3401A,108.4829,22.762,南宁市,红星社区,,14,10,15,5,7,42,NA,51,46,6,5,6,5,0.7,0.6
2026-08-02T0000,3402A,109.5422,24.3994,柳州市,市二中,,32,32,18,21,9,11,NA,73,54,35,12,6,7,0.6,0.5
2026-08-02T0000,3404A,108.5959,21.9634,钦州市,北职校,,19,19,16,12,9,26,NA,56,43,14,8,6,5,0.7,0.5
2026-08-02T0000,3405A,109.5886,23.1172,贵港市,新世纪学校,,20,NA,20,14,13,35,NA,82,63,10,11,/,/,0.4,0.5
2026-08-02T0000,3407A,120.6915,30.7741,嘉兴市,秀洲住建,,19,12,33,3,22,60,NA,141,118,14,12,4,5,0.1,0.3
2026-08-02T0000,3408A,120.5685,29.936,绍兴市,绍兴中专,,14,14,21,3,12,34,NA,103,79,12,8,4,5,0.7,0.7
2026-08-02T0000,3409A,120.4905,30.086,绍兴市,柯桥区政府,,18,18,22,3,14,51,NA,122,90,12,12,6,6,0.6,0.6
2026-08-02T0000,3410A,120.8751,30.0249,绍兴市,重华小学,,20,16,25,6,16,62,NA,129,103,11,12,11,12,0.4,0.5
2026-08-02T0000,3411A,120.837,30.0137,绍兴市,上虞中学,NA,NA,NA,32,NA,18,NA,NA,131,NA,NA,12,NA,11,NA,0.4
2026-08-02T0000,3416A,119.1758,36.7139,潍坊市,潍坊学院,,31,31,25,14,8,96,NA,123,118,16,12,6,7,0,0.4
2026-08-02T0000,3418A,116.8336,40.4095,北京市,密云新城,,22,22,22,11,11,70,NA,130,112,5,8,1,1,0.5,0.4
2026-08-02T0000,3419A,109.9449,40.6259,包头市,包头市委党校,,21,16,14,13,12,67,NA,102,91,22,12,13,4,0.6,0.2
2026-08-02T0000,3421A,113.1776,40.9779,乌兰察布市,市委党校,,27,NA,23,16,17,85,NA,144,105,13,13,4,3,0.2,0.5
2026-08-02T0000,3422A,118.8443,31.919,南京市,江宁彩虹桥,,38,36,23,26,10,59,NA,132,91,33,19,4,4,0.5,0.5
2026-08-02T0000,3425A,120.642,31.1733,苏州市,越秀幼儿园,,36,36,38,10,28,80,NA,140,116,10,15,3,3,0.4,0.6
2026-08-02T0000,3426A,118.8757,33.2897,淮安市,新华书店,,25,25,21,17,12,69,NA,105,89,11,8,7,7,0.7,0.6
2026-08-02T0000,3427A,118.8497,32.3599,南京市,六合雄州,,32,32,24,14,8,34,NA,110,66,33,22,4,4,0.9,0.8
2026-08-02T0000,3429A,119.8595,31.706,常州市,武进经发区,,38,38,35,19,21,101,NA,128,87,16,10,6,8,0.7,0.7
2026-08-02T0000,3430A,119.5812,31.7256,常州市,金坛城区,,20,20,22,10,14,52,NA,92,73,18,12,7,7,0.6,0.6
2026-08-02T0000,3431A,120.6502,31.4117,苏州市,高铁新城,颗粒物(PM10),55,56,51,32,32,92,NA,140,101,35,33,6,6,1.3,1
2026-08-02T0000,3432A,120.9348,31.9874,南通市,环境教育馆,NA,NA,NA,40,41,28,113,NA,167,140,20,21,6,7,0.6,0.7
2026-08-02T0000,3434A,119.2414,34.6539,连云港市,工贸学校,,30,21,22,12,11,93,NA,114,101,6,6,6,5,0.4,0.4
2026-08-02T0000,3435A,119.9186,32.4322,泰州市,周山河街区,细颗粒物(PM2.5),92,65,37,56,28,75,NA,114,108,31,19,13,12,0.8,0.5
2026-08-02T0000,3436A,120.4283,33.2048,盐城市,大丰高级中学,细颗粒物(PM2.5),70,NA,47,45,48,136,NA,170,168,6,10,7,9,0.4,0.5
2026-08-02T0000,3437A,88.3088,43.3637,乌鲁木齐市,达坂城区环保局,,38,NA,17,17,6,120,NA,128,127,6,6,6,5,0.3,0.3
2026-08-02T0000,3438A,87.6132,43.8791,乌鲁木齐市,红光山片区,,34,34,32,20,13,32,NA,131,104,68,32,5,6,0.6,0.4
2026-08-02T0000,3439A,87.7008,43.8003,乌鲁木齐市,新师大温泉校区,,32,32,23,14,8,90,NA,136,122,21,10,8,9,0.3,0.3
2026-08-02T0000,3440A,87.4892,43.84,乌鲁木齐市,大绿谷,颗粒物(PM10),56,58,26,24,11,43,NA,123,104,60,19,1,2,0.5,0.4
2026-08-02T0000,3441A,87.5461,44.1909,五家渠市,经开区管委会,,38,38,38,12,9,93,NA,120,109,9,15,3,2,0.3,0.3
2026-08-02T0000,3442A,86.047,44.2331,石河子市,南区管委会,,38,38,21,10,4,87,NA,122,116,12,9,11,8,0.6,0.4
2026-08-02T0000,3443A,113.2905,23.5541,广州市,花都梯面,,11,5,11,3,5,34,NA,50,42,8,9,4,4,/,/
2026-08-02T0000,3444A,116.4539,23.2684,汕头市,潮南峡山,,12,12,10,3,3,32,NA,41,36,7,7,7,7,0.7,0.7
2026-08-02T0000,3445A,113.786,23.7479,广州市,从化良口,,14,14,10,5,3,5,NA,36,24,22,10,4,4,/,/
2026-08-02T0000,3446A,113.805,23.2614,广州市,增城荔城,,11,11,11,4,4,20,NA,50,29,14,9,9,9,0.6,0.6
2026-08-02T0000,3447A,114.344,22.7115,深圳市,坪山,,9,6,12,6,9,26,NA,37,34,16,18,4,4,0.7,0.8
2026-08-02T0000,3448A,113.5436,22.1163,珠海市,横琴,NA,NA,6,9,3,5,50,NA,51,50,NA,9,/,/,/,/
2026-08-02T0000,3449A,113.0496,22.4669,江门市,新会银湖,NA,NA,NA,15,1,1,32,NA,48,37,18,12,4,3,0.5,0.5
2026-08-02T0000,3450A,111.0101,21.5165,茂名市,电白水东,,17,5,7,5,5,52,NA,58,57,6,5,3,3,/,/
2026-08-02T0000,3451A,112.5617,23.2082,肇庆市,鼎湖凤凰,,24,23,14,14,9,4,NA,87,41,47,20,6,5,/,/
2026-08-02T0000,3452A,114.6521,22.7755,惠州市,大亚湾霞涌,,11,7,9,6,4,34,NA,44,42,6,6,/,/,/,/
2026-08-02T0000,3453A,112.0125,21.8749,阳江市,阳东陶然,NA,NA,NA,7,15,5,27,NA,54,45,11,7,3,3,0.5,0.4
2026-08-02T0000,3454A,113.3527,22.4781,中山市,中山南区,,12,0,4,0,4,38,NA,48,48,5,11,4,5,0.2,0.2
2026-08-02T0000,3455A,113.076,23.72,清远市,清城东城,,10,9,12,2,5,31,NA,61,48,6,10,/,/,/,/
2026-08-02T0000,3456A,114.2887,38.0905,石家庄市,鹿泉一中,,25,25,31,6,15,67,NA,123,89,8,8,7,5,0.4,0.5
2026-08-02T0000,3457A,118.4357,39.277,唐山市,冀东油田职工医院,,26,19,25,16,18,83,NA,142,112,4,10,3,2,0.2,0.3
2026-08-02T0000,3458A,114.7893,36.5592,邯郸市,香泉濮院小区,NA,NA,19,10,17,21,NA,NA,87,NA,7,5,3,3,0.3,0.4
2026-08-02T0000,3459A,115.599,37.5491,衡水市,地表水厂,,37,37,33,13,15,42,NA,101,67,13,9,4,10,0.2,0.2
2026-08-02T0000,3460A,117.4065,40.0583,天津市,北环路,,30,30,28,16,16,69,NA,122,90,4,7,4,5,0.5,0.5
2026-08-02T0000,3461A,117.3041,39.7167,天津市,建设路,,47,47,29,29,20,79,NA,143,130,15,6,9,9,0.8,0.7
2026-08-02T0000,3462A,117.8201,39.3519,天津市,滨水东路,,28,20,33,10,20,87,NA,146,119,13,14,9,9,1.2,0.9
2026-08-02T0000,3463A,116.9708,33.5911,宿州市,社会福利中心,,50,NA,18,35,15,4,NA,90,50,62,26,8,7,0.3,0.3
2026-08-02T0000,3464A,117.3802,31.9148,合肥市,高教基地,,20,19,19,12,8,61,NA,100,84,9,7,7,7,0.4,0.4
2026-08-02T0000,3465A,118.4783,31.3226,芜湖市,清苑社区,,31,31,25,15,15,36,NA,119,87,23,13,4,4,0.5,0.4
2026-08-02T0000,3466A,118.2746,31.2326,芜湖市,扬子职业技术学院,颗粒物(PM10),74,83,32,14,14,55,NA,117,85,17,13,5,5,0.4,0.3
2026-08-02T0000,3468A,115.79,32.8614,阜阳市,市规划展馆,,36,36,21,14,8,42,NA,82,66,28,13,2,2,0.4,0.4
2026-08-02T0000,3469A,115.835101,32.918568,阜阳市,枣园社区,,20,20,20,12,8,56,NA,81,69,15,10,5,5,0.4,0.4
2026-08-02T0000,3471A,113.6104,34.8688,郑州市,惠济区政府,,44,44,33,24,20,27,NA,116,83,27,11,1,2,0.7,0.7
2026-08-02T0000,3473A,114.2485,34.8306,开封市,技师学院,,31,31,27,10,14,66,NA,116,98,8,6,6,6,0.7,0.6
2026-08-02T0000,3474A,114.2616,35.6824,鹤壁市,大新区,,33,28,39,23,24,44,NA,126,65,25,12,9,8,0.6,0.6
2026-08-02T0000,3475A,113.9189,35.3042,新乡市,市政府,,37,37,45,14,23,37,NA,104,74,18,13,6,9,0.4,0.3
2026-08-02T0000,3477A,113.1656,35.2536,焦作市,中站许衡医院,,38,38,34,25,24,49,NA,99,62,12,14,7,10,0.4,0.4
2026-08-02T0000,3478A,113.9691,33.568,漯河市,市图书馆,,19,17,20,13,12,36,NA,89,61,24,12,14,14,0.5,0.5
2026-08-02T0000,3481A,125.127,46.6277,大庆市,萨区政府监测点,,12,11,19,8,11,35,NA,47,45,6,5,5,5,0.2,0.2
2026-08-02T0000,3482A,107.754,29.3275,重庆市,芙蓉中路,,26,26,16,7,6,14,NA,53,35,17,12,9,10,0.4,0.3
2026-08-02T0000,3484A,106.2629,29.3202,重庆市,行政中心,,36,36,35,17,19,27,NA,105,40,18,16,24,12,0.5,0.5
2026-08-02T0000,3486A,124.4029,43.1411,四平市,植物园,,22,11,30,7,20,69,NA,96,76,6,15,2,5,0.4,0.5
2026-08-02T0000,3488A,104.387954,30.746684,成都市,青白江技师分院,,22,NA,13,15,10,48,NA,64,62,9,6,3,4,0.6,0.6
2026-08-02T0000,3489A,104.0788,30.4054,成都市,科学城,,22,4,5,3,4,68,NA,71,70,3,4,6,6,0.8,0.8
2026-08-02T0000,3491A,104.6899,31.5324,绵阳市,西科大附属小学,,15,15,11,9,7,40,NA,57,41,15,10,6,6,0.4,0.4
2026-08-02T0000,3492A,104.5647,31.5343,绵阳市,安州区旅游局,,19,18,11,13,7,24,NA,57,42,6,3,3,2,0.4,0.3
2026-08-02T0000,3494A,117.1673,36.9782,济南市,济阳区政府,,22,22,24,10,8,70,NA,104,91,19,11,6,6,0.2,0.2
2026-08-02T0000,3495A,117.1168,36.6299,济南市,锦屏中学,,29,12,15,8,7,92,NA,99,98,4,4,2,2,0,0
2026-08-02T0000,3496A,118.359,35.1067,临沂市,南坊新区,,27,27,23,17,11,66,NA,123,108,16,12,9,11,0.4,0.3
2026-08-02T0000,3498A,118.5063,37.8606,东营市,河口城区,,29,24,20,20,8,50,NA,145,115,22,13,4,11,0.5,0.4
2026-08-02T0000,3500A,116.5808,35.3703,济宁市,北湖一中,NA,NA,27,24,15,9,NA,NA,100,NA,16,11,8,6,0.4,0.3
2026-08-02T0000,3501A,116.8251,35.5592,济宁市,服务中心,,26,25,22,12,9,83,NA,104,94,12,10,2,3,0.3,0.3
2026-08-02T0000,3502A,117.1812,36.2273,泰安市,国网新校,,25,17,15,17,13,68,NA,103,92,18,12,5,5,0.7,0.7
2026-08-02T0000,3503A,117.0315,36.2017,泰安市,交通技校,,29,29,21,15,13,75,NA,107,94,14,9,6,4,0.5,0.5
2026-08-02T0000,3504A,117.083,36.13,泰安市,山东第一医科大学,,32,27,23,22,16,56,NA,108,87,27,14,12,8,0.3,0.2
2026-08-02T0000,3505A,122.1379,37.3414,威海市,临港区管委会,,49,NA,18,34,16,114,NA,117,117,4,5,7,7,0.3,0.3
2026-08-02T0000,3507A,119.5326,35.4627,日照市,职业技术学院,,35,34,34,24,17,65,NA,160,109,25,14,16,12,0.9,0.6
2026-08-02T0000,3511A,116.5687,37.3331,德州市,陵城艺术中心,,22,19,24,14,13,70,NA,118,94,14,10,7,6,0.5,0.5
2026-08-02T0000,3513A,116.0443,36.436,聊城市,九州社区,,31,31,27,11,9,60,NA,108,88,11,3,6,7,0.3,0.3
2026-08-02T0000,3514A,117.9379,37.3959,滨州市,中海酒店,,29,22,19,13,10,92,NA,127,105,12,7,9,8,0.5,0.4
2026-08-02T0000,3515A,117.9381509,37.35547456,滨州市,开发区一中,,29,29,23,12,10,65,NA,127,94,17,10,8,6,0.2,0.2
2026-08-02T0000,3516A,118.0914,37.6938,滨州市,金海六路,,22,22,19,4,8,51,NA,126,97,33,13,5,6,0.3,0.3
2026-08-02T0000,3520A,106.3495,38.9837,石嘴山市,妇女儿童医院,,25,25,28,7,15,80,NA,115,101,11,10,8,13,0.5,0.6
2026-08-02T0000,3521A,106.7495,39.2068,石嘴山市,石大公路,颗粒物(PM10),60,63,44,26,15,30,NA,101,71,45,23,8,14,0.6,0.7
2026-08-02T0000,3523A,106.5105,38.3857,银川市,滨河新区,,35,35,24,13,15,43,NA,125,91,29,13,10,8,0.6,0.6
2026-08-02T0000,3525A,108.6394,34.408,咸阳市,奥体中心,,23,23,14,11,6,60,NA,67,66,5,3,2,2,0.1,0.2
2026-08-02T0000,3526A,119.5188,25.9666,福州市,吴航,,25,25,36,14,24,28,NA,150,66,19,15,6,8,0.5,0.7
2026-08-02T0000,3527A,118.0961,24.5689,厦门市,集美中学,,13,13,11,7,6,19,NA,54,24,13,13,2,2,0.4,0.4
2026-08-02T0000,3528A,118.1502,24.7246,厦门市,同安二实小,,16,15,16,11,12,13,NA,97,22,16,13,2,2,0.4,0.5
2026-08-02T0000,3530A,117.6288,24.5309,漳州市,西洋坪路,,16,16,27,9,13,15,NA,79,34,11,11,4,7,0.3,0.4
2026-08-02T0000,3531A,110.296,25.1254,桂林市,旅游学院,,11,NA,13,6,7,35,NA,64,50,4,2,1,3,0.3,0.3
2026-08-02T0000,3532A,110.1951,22.6832,玉林市,玉林师范学院东校区,,15,7,21,6,12,45,NA,72,62,3,10,3,3,0.3,0.3
2026-08-02T0000,3533A,110.0527,22.5894,玉林市,福绵环保局,,16,11,21,11,12,36,NA,80,57,10,11,2,6,0.5,0.5
2026-08-02T0000,3534A,111.4744,24.455,贺州市,西湾,,19,19,24,6,8,60,NA,62,61,8,9,11,12,0.3,0.3
2026-08-02T0000,3535A,109.1781,23.7293,来宾市,兴宾区政府,,26,24,20,18,10,46,NA,66,55,8,7,7,10,0.5,0.7
2026-08-02T0000,3538A,107.5175,26.2977,黔南布依族苗族自治州,沙坝,,15,12,6,10,5,27,NA,55,40,6,3,3,3,0.4,0.4
2026-08-02T0000,3539A,110.5111,19.9737,海口市,桂林洋子站,,17,17,14,7,5,32,NA,56,38,6,6,/,/,/,/
2026-08-02T0000,3540A,109.7348,18.3443,三亚市,君悦子站,,15,15,13,7,5,6,NA,56,35,16,8,3,3,0.4,0.3
2026-08-02T0000,3541A,109.5726195,19.51688767,儋州市,第一中学子站,,10,7,13,1,5,32,NA,55,36,4,3,4,2,0.3,0.6
2026-08-02T0000,3542A,109.5567,19.5187,儋州市,东坡学校子站,,11,10,12,0,6,35,NA,54,36,2,3,4,4,0.6,0.6
2026-08-02T0000,3544A,121.4891,30.925,上海市,奉贤南桥新城,颗粒物(PM10),51,51,42,31,27,133,NA,168,136,11,16,2,2,0.9,0.8
2026-08-02T0000,3545A,110.8053,32.8401,十堰市,郧阳区金沙路,,29,22,21,20,15,62,NA,81,75,6,6,9,9,0.7,0.7
2026-08-02T0000,3546A,111.4606,30.5519,宜昌市,猇亭区张家湾站,,31,31,24,14,6,44,NA,78,51,10,9,11,8,0.3,0.3
2026-08-02T0000,3547A,112.1631,31.0134,荆门市,龙泉中学南校,,17,14,16,8,6,53,NA,84,75,8,6,7,7,0.5,0.8
2026-08-02T0000,3549A,109.5061,30.3771,恩施土家族苗族自治州,龙凤新区,,24,24,13,13,10,24,NA,64,44,7,6,6,6,0.3,0.3
2026-08-02T0000,3550A,102.8,24.9787,昆明市,昆明学院,,9,8,9,3,5,28,NA,62,48,18,10,6,6,0.6,0.6
2026-08-02T0000,3551A,102.5969,24.6738,昆明市,晋宁区生态环境分局,,27,27,18,17,9,28,NA,58,48,10,5,7,6,0.7,0.6
2026-08-02T0000,3552A,102.6673,24.9861,昆明市,云天化总部,NA,NA,NA,10,13,4,37,NA,54,50,7,8,NA,15,0.4,0.4
2026-08-02T0000,3557A,119.9463,30.0496,杭州市,镇二中,,16,15,19,11,9,36,NA,83,56,17,17,5,6,0.7,0.7
2026-08-02T0000,3558A,119.7184,30.2367,杭州市,市府大楼,,10,10,9,6,5,28,NA,57,46,10,8,8,8,0.4,0.4
2026-08-02T0000,3560A,120.4715,30.0414,绍兴市,柯桥妇保,,13,7,20,5,9,41,NA,114,81,9,10,6,6,0.2,0.3
2026-08-02T0000,3561A,120.6985,27.9252,温州市,茶山,,37,37,39,25,22,54,NA,127,104,23,14,/,/,/,/
2026-08-02T0000,3562A,120.4146,30.8538,湖州市,南浔区站,,22,22,35,6,28,58,NA,122,93,9,12,5,5,0.4,0.5
2026-08-02T0000,3564A,121.25678,28.66823971,台州市,台州科技职业学院,NA,NA,25,32,25,21,NA,NA,136,71,23,14,7,7,0.1,0.2
2026-08-02T0000,3565A,113.1371,40.1122,大同市,云冈站,,32,32,30,11,18,51,NA,131,90,15,10,7,9,0.6,0.6
2026-08-02T0000,3566A,113.1186,40.2556,大同市,图书馆,,31,31,27,16,15,50,NA,130,94,13,11,6,8,0.9,0.7
2026-08-02T0000,3567A,113.5931,40.0459,大同市,区一中,,27,20,28,9,16,84,NA,123,93,11,12,7,8,0.4,0.4
2026-08-02T0000,3568A,113.0603,36.0464,长治市,向阳小学,,21,21,24,13,12,45,NA,86,52,5,5,7,6,0.8,0.9
2026-08-02T0000,3569A,112.8788,36.315,长治市,屯留一中,,20,20,22,12,13,32,NA,79,58,13,11,9,10,0.9,1
2026-08-02T0000,3571A,112.2938,39.5296,朔州市,一水厂,,19,16,25,5,10,59,NA,118,85,11,15,4,4,0.4,0.5
2026-08-02T0000,3575A,118.0927,39.5807,唐山市,正泰大街热力站,,29,NA,21,20,11,82,NA,150,132,6,5,2,3,0.5,0.5
2026-08-02T0000,3576A,118.1561,39.8322,唐山市,丰润区政府,,40,40,14,7,6,54,NA,118,96,28,11,2,2,0.5,0.5
2026-08-02T0000,3577A,118.436906,39.73802,唐山市,金山小学,,31,31,22,18,16,85,NA,135,116,16,12,5,7,0.4,0.4
2026-08-02T0000,3578A,118.2449,39.6693,唐山市,政府服务中心,,45,43,26,31,13,78,NA,140,125,15,9,5,5,0.6,0.4
2026-08-02T0000,3580A,114.1998,36.4439,邯郸市,峰峰矿区临水派出所,,35,32,34,24,20,53,NA,106,83,19,13,5,6,0.9,0.5
2026-08-02T0000,3581A,115.3136,38.9511,保定市,满城区生态环境分局,,41,41,23,27,17,80,NA,138,114,11,8,3,3,0.3,0.3
2026-08-02T0000,3582A,115.4709,38.7628,保定市,清苑区第二中学,,47,47,27,26,18,71,NA,134,115,11,6,2,2,0.5,0.4
2026-08-02T0000,3583A,115.6231,39.0223,保定市,徐水物探局,,46,37,21,32,16,88,NA,137,112,15,8,3,3,0.4,0.3
2026-08-02T0000,3590A,113.8362,34.566,郑州市,北区建设指挥部,,32,32,28,14,18,58,NA,106,77,17,12,3,4,0.3,0.4
2026-08-02T0000,3591A,113.3029,34.8041,郑州市,上街区政府,,38,38,43,19,23,36,NA,98,50,19,16,4,4,0.4,0.5
2026-08-02T0000,3592A,114.4518,34.7503,开封市,祥符区生态环境局,,32,32,24,15,16,50,NA,113,89,24,15,4,5,0.6,0.6
2026-08-02T0000,3593A,112.5736,34.8993,洛阳市,吉利监测站,,18,18,31,2,12,26,NA,106,56,8,7,7,7,0.3,0.3
2026-08-02T0000,3594A,112.8736,33.9068,平顶山市,石龙区,,39,39,18,21,15,57,NA,82,75,15,8,7,7,0.5,0.4
2026-08-02T0000,3596A,114.1573,35.9607,鹤壁市,南山宾馆,细颗粒物(PM2.5),64,NA,22,42,31,59,NA,109,90,7,7,4,4,0.6,0.6
2026-08-02T0000,3598A,111.1031,34.719,三门峡市,富达温泉假日酒店,,16,15,42,5,24,51,NA,79,70,18,18,10,11,0.5,0.5
2026-08-02T0000,3599A,106.2648,29.9853,重庆市,书院路,,26,26,17,9,16,41,NA,80,58,8,7,6,6,0.7,0.7
2026-08-02T0000,3600A,106.2334,29.5583,重庆市,虎峰,,23,23,34,14,18,24,NA,89,47,16,14,9,12,1.0,0.7
2026-08-02T0000,3601A,106.0497,29.8345,重庆市,龙门街,,21,21,26,5,14,54,NA,94,68,9,9,3,6,0.5,0.6
2026-08-02T0000,3604A,119.3267,35.1043,日照市,岚山环保分局,,20,14,25,9,14,63,NA,149,109,17,10,9,10,0.6,0.6
2026-08-02T0000,3605A,109.1019,34.5302,西安市,无线电监控中心,,20,20,12,10,5,58,NA,89,73,9,5,5,5,0.7,0.7
2026-08-02T0000,3610A,105.5931,29.4105,重庆市,昌元,,23,23,24,10,12,48,NA,81,65,9,10,8,9,0.8,0.7
2026-08-02T0000,3612A,85.1045,45.6895,克拉玛依市,白碱滩区新站,,37,37,24,17,5,112,NA,116,115,2,2,10,10,0.3,0.2
2026-08-02T0000,3613A,87.3069,44.0093,昌吉回族自治州,亚心广场,颗粒物(PM10),55,56,24,24,8,29,NA,122,98,63,17,8,9,1.0,0.5
2026-08-02T0000,3614A,79.9241,37.0878,和田地区,地区环保局,颗粒物(PM10),140,222,428,52,109,59,NA,133,116,41,14,1,2,0.6,0.3
2026-08-02T0000,3615A,79.9132,37.1137,和田地区,市环保局,颗粒物(PM10),157,264,418,69,130,63,NA,135,112,43,15,1,2,0.5,0.4
2026-08-02T0000,3616A,106.7617,31.8343,巴中市,市中心医院,,10,10,21,0,7,30,NA,32,26,4,10,5,5,0.6,0.6
2026-08-02T0000,3617A,105.8047,32.4167,广元市,经开区,,18,11,11,7,7,55,NA,60,41,11,14,5,5,0.5,0.6
2026-08-02T0000,3618A,112.4702,37.7821,太原市,金胜,,18,18,28,9,18,57,NA,134,96,14,13,7,8,0.2,0.5
2026-08-02T0000,3619A,113.6169,37.8565,阳泉市,龙柱,,28,28,29,15,17,13,NA,99,47,28,14,8,9,1.9,1
2026-08-02T0000,3620A,112.8258,35.4804,晋城市,泽州一中,,21,21,21,4,11,22,NA,86,46,23,13,4,4,0.6,0.4
2026-08-02T0000,3622A,113.5556,24.8082,韶关市,碧湖山庄,,11,11,17,1,6,22,NA,48,31,7,8,5,7,0.4,0.5
2026-08-02T0000,3623A,113.8952,22.586,深圳市,西乡,,13,13,13,4,4,30,NA,45,36,13,16,3,4,0.6,0.6
2026-08-02T0000,3624A,116.4069,23.2533,汕头市,潮南子站,,13,13,10,9,5,30,NA,36,30,7,9,6,6,/,/
2026-08-02T0000,3625A,113.2568,22.7629,佛山市,容桂街道办,,11,NA,6,5,8,34,NA,43,40,13,18,/,/,/,/
2026-08-02T0000,3628A,112.0335,22.9376,云浮市,文笔,,14,14,17,8,10,23,NA,80,42,14,14,6,6,0.4,0.4
2026-08-02T0000,3629A,101.8304,36.5785,西宁市,世纪职校,,18,NA,16,12,15,56,NA,108,88,14,13,3,4,0.3,0.4
2026-08-02T0000,3633A,118.4914,31.681,马鞍山市,雨山,,43,43,27,18,15,42,NA,111,72,28,18,5,7,0.8,0.8
2026-08-02T0000,3635A,112.3678,34.6623,洛阳市,河科大西苑校区,,24,24,25,14,16,29,NA,90,46,15,12,16,13,0.6,0.7
2026-08-02T0000,3636A,112.4387,34.678,洛阳市,英才小学,,27,27,25,16,18,18,NA,95,47,26,16,10,10,0.8,0.7
2026-08-02T0000,3637A,131.0136,45.7688,七台河市,人民广场,,10,10,8,5,5,26,NA,31,21,4,6,8,7,0.4,0.5
2026-08-02T0000,3638A,104.7637,29.3373,自贡市,轻化工大学,,16,NA,2,3,3,49,NA,64,57,8,8,8,8,0.5,0.5
2026-08-02T0000,3642A,120.3454,36.0735,青岛市,市北区南部,臭氧1小时(O3_1h),85,NA,20,38,19,188,NA,161,158,11,14,5,6,0.9,0.8
2026-08-02T0000,3643A,120.3897,36.18,青岛市,李沧区北部,细颗粒物(PM2.5),76,NA,21,48,16,155,NA,157,137,8,13,4,5,0.8,0.7
2026-08-02T0000,3644A,117.8662,36.8049,淄博市,三金集团,,29,16,11,14,10,90,NA,111,106,18,10,10,7,0.2,0.2
2026-08-02T0000,3645A,118.0259,36.8409,淄博市,东风化工厂,,42,42,31,15,10,90,NA,109,104,13,8,4,5,0.5,0.4
2026-08-02T0000,3646A,118.4979,37.4623,东营市,胜利站,,23,NA,27,16,9,54,NA,133,98,27,16,23,7,0.6,0.7
2026-08-02T0000,3648A,106.2176,37.9832,吴忠市,文卫南街,颗粒物(PM10),54,55,42,29,21,75,NA,138,111,13,8,7,9,0.5,0.5
2026-08-02T0000,3650A,105.1696,37.5164,中卫市,沙坡头区政府站,,46,46,36,15,17,74,NA,109,89,18,18,4,4,0.4,0.4
2026-08-02T0000,3654A,114.8093,30.4091,鄂州市,精准医疗中心,,23,23,18,14,7,58,NA,85,58,9,10,4,5,0.2,0.4
2026-08-02T0000,3655A,114.3379,29.8683,咸宁市,长江产业园,,22,22,14,9,5,12,NA,50,33,12,8,4,4,0.5,0.4
2026-08-02T0000,3656A,120.1554,30.2863,杭州市,消防大队,,14,NA,18,9,13,44,NA,94,68,7,9,9,9,0.5,0.6
2026-08-02T0000,3658A,120.6156,30.0762,绍兴市,袍江中学,,20,12,25,6,13,61,NA,115,91,9,11,5,6,0.3,0.3
2026-08-02T0000,3659A,119.656,29.1132,金华市,气象局,,14,7,20,3,7,43,NA,90,60,5,10,4,4,0.3,0.4
2026-08-02T0000,3662A,123.6341,47.2079,齐齐哈尔市,富区青少年活动中心,,13,NA,8,4,2,41,NA,61,57,8,7,4,4,0.1,0.2
2026-08-02T0000,3663A,124.117,50.4279,大兴安岭地区,红旗社区,,23,19,7,16,13,18,NA,40,28,2,2,5,4,0.1,0.2
2026-08-02T0000,3664A,119.4171,34.734,连云港市,连云街道,,30,23,20,11,10,96,NA,118,107,5,5,3,3,0.4,0.4
2026-08-02T0000,3665A,76.1654,39.7157,克孜勒苏柯尔克孜自治州,克州文化中心,颗粒物(PM10),160,269,173,91,62,65,NA,126,111,36,8,2,5,0.4,0.3
2026-08-02T0000,3667A,111.0279,35.0543,运城市,水利职院,,21,16,21,4,9,65,NA,82,75,2,6,3,5,0.4,0.9
2026-08-02T0000,3669A,114.4706,36.0634,安阳市,左辅环卫站,,38,38,49,18,21,43,NA,103,75,11,7,4,3,0.6,0.7
2026-08-02T0000,3670A,111.0522,35.0439,运城市,禹都公园,,21,14,21,3,7,66,NA,82,77,2,6,4,5,0.3,0.5
2026-08-02T0000,3671A,116.0879,39.9725,北京市,门头沟三家店,,41,41,21,23,11,54,NA,137,114,21,12,1,2,0.7,0.6
2026-08-02T0000,3672A,116.1507,39.8246,北京市,丰台云岗,,39,39,21,17,12,58,NA,122,105,16,7,3,3,0.5,0.4
2026-08-02T0000,3674A,115.9578,39.7602,北京市,房山燕山,,28,20,18,11,11,88,NA,117,108,5,5,2,2,0.4,0.3
2026-08-02T0000,3675A,116.4669,39.7734,北京市,大兴旧宫,,28,28,17,17,10,76,NA,142,117,15,12,1,1,0.6,0.6
2026-08-02T0000,3677A,98.5887,24.4366,德宏傣族景颇族自治州,芒市人民政府综合楼,,37,37,26,8,5,24,NA,49,38,6,6,8,8,0.4,0.4
2026-08-02T0000,3678A,116.5907,35.4054,济宁市,市第七中学,,29,29,27,14,8,84,NA,102,96,8,5,8,5,0.4,0.4
2026-08-02T0000,3683A,109.8332,40.6577,包头市,昆区政府,,34,34,20,18,14,58,NA,99,81,28,14,6,4,0.6,0.5
2026-08-02T0000,3684A,130.8639,45.8144,七台河市,新建矿广场,,22,22,8,8,5,28,NA,39,28,6,8,6,6,0.4,0.4
2026-08-02T0000,3685A,117.897,28.4316,上饶市,双创科技城,,15,15,24,6,12,32,NA,69,44,8,11,4,11,0.5,0.6
2026-08-02T0000,3689A,113.9002,35.372,新乡市,行政服务中心,,47,47,40,24,21,33,NA,94,55,11,14,6,8,0.6,0.6
2026-08-02T0000,3690A,115.9718,28.7032,南昌市,外国语学校,,38,38,26,10,15,34,NA,84,57,4,11,12,15,0.5,0.4
2026-08-02T0000,3692A,118.2043,39.6703,唐山市,消防缸窑路中队,颗粒物(PM10),60,64,28,33,18,72,NA,150,136,19,7,3,3,0.7,0.5
2026-08-02T0000,3693A,118.1432,39.6203,唐山市,路南电大,细颗粒物(PM2.5),52,39,21,36,19,85,NA,148,132,9,5,2,2,0.5,0.5
2026-08-02T0000,3694A,115.9859,40.4562,北京市,延庆石河营,,36,25,19,15,10,114,NA,125,125,9,6,2,3,0.5,0.4
2026-08-02T0000,3695A,116.6151,40.3052,北京市,怀柔新城,,31,31,22,18,11,59,NA,112,100,3,3,3,2,0.6,0.6
2026-08-02T0000,3696A,116.2542,39.8764,北京市,丰台小屯,,34,34,21,17,10,83,NA,127,113,10,5,2,4,0.5,0.4
2026-08-02T0000,3697A,116.8399,40.3843,北京市,密云镇,,31,27,20,12,11,99,NA,140,132,10,10,2,2,0.5,0.5
2026-08-02T0000,3699A,111.6519,40.8389,呼和浩特市,海东办,,20,14,21,3,6,62,NA,124,82,21,14,8,8,0.2,0.3
2026-08-02T0000,3701A,116.9647,33.6252,宿州市,皖北煤电集团,,23,23,22,16,10,40,NA,96,73,32,12,8,7,0.4,0.3
2026-08-02T0000,3706A,122.2584,43.6333,通辽市,老干部活动中心,,24,24,42,6,21,69,NA,101,76,12,7,6,7,0.6,0.7
2026-08-02T0000,3707A,131.0069,45.2988,鸡西市,欧美日汽修厂,,9,9,5,2,2,17,NA,27,20,4,5,4,4,0.3,0.3
2026-08-02T0000,3708A,122.2923,43.6189,通辽市,东方明珠社区,,26,17,30,9,21,82,NA,126,90,9,8,13,11,0.5,0.6
2026-08-02T0000,3710A,121.5593,29.8976,宁波市,白沙活动中心,,23,23,28,11,19,73,NA,166,134,12,12,8,9,0.3,0.4
2026-08-02T0000,3713A,124.3286,43.1726,四平市,世纪城,,23,14,34,1,20,72,NA,101,82,3,4,2,3,0.4,0.5
2026-08-02T0000,3715A,117.3091,32.9314,蚌埠市,蚌埠田家炳中学,,27,27,23,17,10,66,NA,100,94,9,8,10,12,0.4,0.4
2026-08-02T0000,3719A,97.1707,31.1428,昌都市,昌都会议中心,,11,6,6,4,4,34,NA,72,54,7,6,2,2,0.3,0.2
2026-08-02T0000,3726A,88.8775,29.2425,日喀则市,林业技术推广中心,,31,12,7,6,2,98,NA,94,90,2,2,8,6,0.2,0.2
2026-08-02T0000,3728A,104.6701,28.8053,宜宾市,白酒学院,,19,10,6,7,4,58,NA,66,64,5,6,8,7,0.6,0.6
2026-08-02T0000,3734A,118.5753,37.4405,东营市,理想之城,,29,29,21,14,11,52,NA,139,99,26,15,5,10,0.7,0.6
2026-08-02T0000,3860A,118.3915,35.0297,临沂市,皇山花园小区,,34,34,25,20,12,60,NA,124,102,20,14,15,14,0.8,0.7
2026-08-02T0000,3861A,119.2046,36.7696,潍坊市,寒亭区实验一小,,34,22,22,10,6,106,NA,124,122,12,10,4,4,0.3,0.2
2026-08-02T0000,3866A,122.2469,40.663,营口市,三高中,,30,29,33,7,10,95,NA,140,126,6,4,9,9,0.2,0.6
2026-08-02T0000,3867A,102.074,36.5056,海东市,平安区公安局北苑,,26,26,33,11,20,54,NA,108,84,4,8,7,8,0.5,0.5
2026-08-02T0000,3981A,113.2456,35.18,焦作市,原李万街道办,,33,33,27,15,17,5,NA,104,51,32,13,5,6,0.4,0.5
2026-08-02T0000,3994A,102.2174,31.9016,阿坝藏族羌族自治州,马尔康中学西区,,26,26,11,4,6,67,NA,73,61,2,2,3,3,0.2,0.2
2026-08-02T0000,4002A,109.2312,23.7428,来宾市,中南小学,,24,24,19,10,9,49,NA,76,63,15,13,6,8,0.4,0.4
2026-08-02T0000,4004A,115.4199,38.8665,保定市,双鹰农机,,46,44,27,32,20,87,NA,140,121,10,6,1,2,0.2,0.2
2026-08-02T0000,4006A,122.3622,40.6762,营口市,老边实验小学,,48,48,36,24,21,57,NA,112,94,20,12,5,6,1.3,0.9
2026-08-02T0000,4008A,112.5233,32.9921,南阳市,卧龙区政府,,27,27,26,4,10,48,NA,93,74,14,9,6,6,0.5,0.5
2026-08-02T0000,4010A,112.5608,37.8807,太原市,育英中学,,25,15,25,6,20,79,NA,142,98,8,14,8,8,0.3,0.5
2026-08-02T0000,4011A,103.8505,30.6946,成都市,光华大道三段,,23,14,14,4,8,72,NA,69,69,5,7,2,3,0.5,0.5
2026-08-02T0000,4017A,116.7926,33.9534,淮北市,市博物馆,,22,22,23,12,12,60,NA,126,93,14,12,3,3,0.3,0.3
2026-08-02T0000,4018A,116.0564,36.4609,聊城市,星美广场,,26,26,22,10,9,57,NA,105,86,7,3,4,3,0.5,0.5
2026-08-02T0000,4022A,102.1648,38.5369,金昌市,金川区人防中心,,37,19,27,11,13,118,NA,134,128,7,6,5,6,0.2,0.2
2026-08-02T0000,4024A,114.6491,37.9014,石家庄市,栾城区星河路,,26,6,20,4,18,83,NA,147,123,5,8,1,3,0.2,0.3
2026-08-02T0000,4027A,75.9485,39.4688,喀什地区,老干局,颗粒物(PM10),184,318,197,86,55,65,NA,130,113,37,18,5,4,0.7,0.5
2026-08-02T0000,4028A,117.9955,37.3752,滨州市,滨州市西街道办事处,,25,17,18,16,10,77,NA,125,NA,15,7,4,4,0.3,0.3
2026-08-02T0000,4033A,122.3124,29.9619,舟山市,普陀东港中学,,39,31,26,27,20,87,NA,136,121,13,11,6,7,0.8,0.7
2026-08-02T0000,4034A,115.515,38.8589,保定市,植保所站,,45,45,29,31,15,97,NA,149,138,18,6,1,3,0.3,0.2
2026-08-02T0000,4036A,116.646,23.676,潮州市,金山,,16,16,16,9,9,22,NA,43,31,8,6,2,2,0.5,0.4
2026-08-02T0000,4051A,86.0791,44.3018,石河子市,世纪广场,,34,29,35,20,11,13,NA,123,93,68,19,3,4,1.1,0.7
2026-08-02T0000,4054A,109.0324,32.6913,安康市,市邮政管理局,,13,10,16,1,5,40,NA,78,62,7,7,1,2,0.6,0.7
2026-08-02T0000,4055A,108.8869,34.2662,西安市,行知小学,,23,19,12,7,5,72,NA,81,77,10,10,6,5,0.5,0.6
2026-08-02T0000,4056A,108.6601,34.3767,咸阳市,五陵塬路2号,,22,22,12,11,7,62,NA,73,69,7,7,4,4,0.6,0.6
2026-08-02T0000,4057A,115.9423,40.4431,北京市,延庆百泉,,35,24,16,15,10,110,NA,135,134,5,5,1,1,0.5,0.5
2026-08-02T0000,4058A,116.6598,39.9164,北京市,通州新华,,47,47,21,25,12,78,NA,144,122,22,14,1,1,0.7,0.6
2026-08-02T0000,4059A,114.4563,38.0365,石家庄市,裕华西路63号,,20,14,20,8,14,64,NA,127,96,10,8,2,2,0.3,0.5
2026-08-02T0000,4060A,114.5586,38.0581,石家庄市,和平路363号,,23,12,18,11,17,71,NA,155,116,11,8,3,3,0.4,0.5
2026-08-02T0000,4061A,114.8347,38.0213,石家庄市,廉州西路160号,,20,20,29,6,18,55,NA,131,98,5,5,1,2,0.4,0.6
2026-08-02T0000,4062A,114.4498,38.0729,石家庄市,北城路41号,,23,23,23,11,13,65,NA,142,98,12,7,4,2,0.4,0.5
2026-08-02T0000,4063A,115.2124,37.9433,辛集市,市政府,,39,39,31,18,17,78,NA,145,112,11,10,4,5,0.3,0.5
2026-08-02T0000,4064A,115.2008,37.9338,辛集市,城管大队,,38,31,29,26,18,78,NA,140,110,5,6,2,2,0.5,0.6
2026-08-02T0000,4065A,118.1267,39.6579,唐山市,光明北路515号,,46,42,21,32,14,116,NA,153,146,13,10,1,2,0.5,0.4
2026-08-02T0000,4066A,119.7458,39.9952,秦皇岛市,南园路157号,,39,39,37,23,21,107,NA,155,143,7,6,5,7,0.4,0.5
2026-08-02T0000,4067A,119.5131,39.8858,秦皇岛市,翠岛大街1号,,49,34,31,34,23,93,NA,138,131,14,9,4,5,0.6,0.5
2026-08-02T0000,4068A,114.5209,36.7697,邯郸市,建安街268号,,28,28,35,2,15,51,NA,123,90,15,13,3,3,0.9,0.7
2026-08-02T0000,4069A,114.5488,36.6177,邯郸市,丛台东路558号,,31,31,33,17,19,71,NA,124,99,16,11,3,2,0.5,0.4
2026-08-02T0000,4070A,114.5558,37.0578,邢台市,襄都区政府南院,,24,24,33,13,20,66,NA,122,87,7,12,3,3,0.7,0.7
2026-08-02T0000,4071A,114.9883,38.5232,定州市,交通局,颗粒物(PM10),69,76,50,34,17,80,NA,152,135,18,14,13,7,0.9,0.7
2026-08-02T0000,4072A,115.0045,38.5136,定州市,第五中学,细颗粒物(PM2.5),66,69,42,43,19,47,NA,143,115,37,12,4,5,0.7,0.5
2026-08-02T0000,4073A,117.9462,40.95,承德市,杏林街1号,,23,23,26,10,22,40,NA,104,74,8,7,4,10,0.5,0.6
2026-08-02T0000,4074A,112.449,37.8509,太原市,西矿街336号,,22,NA,32,15,19,57,NA,126,85,16,15,6,8,0.4,0.5
2026-08-02T0000,4075A,112.4792,37.9393,太原市,迎宾北路9号,,33,33,26,18,17,51,NA,138,93,20,14,9,9,0.9,0.8
2026-08-02T0000,4076A,112.551,37.8575,太原市,迎泽大街248号,,28,21,36,19,20,78,NA,136,99,10,16,9,9,0.6,0.8
2026-08-02T0000,4077A,113.588,37.8712,阳泉市,宁波路,,28,25,25,19,13,30,NA,106,69,26,14,6,6,0.9,0.7
2026-08-02T0000,4078A,112.8246,35.5152,晋城市,前书院路,,18,18,29,2,9,32,NA,94,48,12,14,5,5,0.6,0.5
2026-08-02T0000,4079A,112.8864,35.4773,晋城市,祥云街666号,,28,28,23,19,12,25,NA,91,50,25,12,3,4,0.4,0.4
2026-08-02T0000,4080A,112.7375,37.7215,晋中市,广安街188号,,21,14,29,9,18,67,NA,134,96,6,10,10,14,0.1,0.3
2026-08-02T0000,4081A,111.0081,35.0748,运城市,学苑北路2555号,,17,15,24,2,10,54,NA,72,66,4,9,4,5,0.5,0.5
2026-08-02T0000,4082A,121.2548,38.8188,大连市,旅顺,,42,23,22,15,13,134,NA,143,143,8,11,6,8,0.5,0.5
2026-08-02T0000,4083A,123.153,41.2874,辽阳市,铁西路150号,颗粒物(PM10),51,51,43,19,19,91,NA,124,105,12,9,6,7,0.9,0.9
2026-08-02T0000,4084A,123.835,42.2853,铁岭市,新华街20号,,37,37,39,24,17,118,NA,135,111,7,9,6,7,0.3,0.4
2026-08-02T0000,4085A,125.0998,42.9134,辽源市,安宁大街333号,,29,20,26,20,19,85,NA,114,91,5,7,3,4,0.3,0.3
2026-08-02T0000,4086A,118.7641,32.0841,南京市,新模范马路66号,,22,19,20,9,6,69,NA,131,91,12,12,4,4,0.3,0.5
2026-08-02T0000,4087A,120.3138,31.4927,无锡市,清舒道1号,,41,41,36,26,22,114,NA,130,111,13,16,8,8,0.4,0.4
2026-08-02T0000,4088A,117.1553,34.2567,徐州市,纺织东路16号,,19,11,10,9,11,59,NA,120,94,18,13,6,6,0.6,0.5
2026-08-02T0000,4089A,119.9551,31.863,常州市,崇义南街5-H号,,49,46,39,34,25,77,NA,124,113,22,14,7,7,0.9,0.9
2026-08-02T0000,4090A,120.4282,31.3228,苏州市,学森路9号,,37,37,42,15,23,88,NA,118,115,13,12,7,8,0.6,0.6
2026-08-02T0000,4091A,120.8692,31.9885,南通市,洪江路,细颗粒物(PM2.5),56,NA,42,38,33,95,NA,178,141,26,21,4,5,0.8,0.8
2026-08-02T0000,4092A,119.119691,33.550006,淮安市,枚皋中路89号,,27,NA,28,16,13,84,NA,113,93,12,10,9,10,0.7,0.9
2026-08-02T0000,4093A,119.5202,32.3705,扬州市,廖家沟步道,,36,33,28,25,14,55,NA,131,114,35,24,5,6,0.3,0.3
2026-08-02T0000,4094A,118.352,33.7886,宿迁市,春华路,,27,27,23,16,12,49,NA,112,74,12,10,9,9,0.2,0.3
2026-08-02T0000,4095A,121.8962,29.7529,宁波市,中科路88号,,32,32,31,21,20,98,NA,160,134,13,12,6,7,0.6,0.6
2026-08-02T0000,4096A,120.6935,28.0114,温州市,鹿城惠民路,,21,21,41,10,21,48,NA,138,104,11,12,/,/,0.4,0.6
2026-08-02T0000,4097A,118.9646,28.9832,衢州市,衢州三中,,12,12,23,8,12,26,NA,83,38,9,15,3,5,0.4,0.5
2026-08-02T0000,4098A,117.2518,31.8404,合肥市,中国科学技术大学,,22,19,16,12,8,69,NA,99,88,10,7,10,10,0.6,0.6
2026-08-02T0000,4099A,118.5726,31.1371,芜湖市,湾沚区人民法院,,16,11,12,11,12,33,NA,73,64,5,5,4,4,0.4,0.4
2026-08-02T0000,4100A,116.8322,33.9884,淮北市,杜集区第一实验学校,,29,29,31,9,9,52,NA,119,84,13,13,6,6,0.5,0.6
2026-08-02T0000,4101A,118.3196,32.3335,滁州市,银山路666号,,25,24,17,17,15,53,NA,92,83,10,6,4,5,0.4,0.4
2026-08-02T0000,4102A,118.3426,32.2979,滁州市,黄山路555号,,32,32,26,19,14,63,NA,98,88,13,7,8,8,0.3,0.3
2026-08-02T0000,4103A,116.9929,33.6412,宿州市,中兴路,,39,39,27,15,12,46,NA,87,69,22,13,10,10,0.3,0.3
2026-08-02T0000,4104A,119.3106,26.0648,福州市,路通桥巷6号,,17,17,33,11,22,30,NA,127,48,9,9,/,/,/,/
2026-08-02T0000,4105A,118.6355,24.9148,泉州市,霞新路6号,,12,12,23,6,10,14,NA,90,28,20,18,/,/,0.3,0.4
2026-08-02T0000,4106A,115.7923,28.6873,南昌市,工业二路,,40,40,29,20,16,11,NA,80,52,41,16,6,10,0.3,0.2
2026-08-02T0000,4107A,113.8686,27.6668,萍乡市,联洪村委会,,12,NA,18,4,7,38,NA,82,62,2,6,7,10,0.4,0.6
2026-08-02T0000,4108A,117.7107,36.2385,济南市,山财大街5号,,26,22,14,14,9,82,NA,117,107,20,7,6,5,0.4,0.3
2026-08-02T0000,4109A,116.9744,36.6889,济南市,无影山路12号,,25,9,15,8,8,78,NA,94,90,8,7,3,4,0.3,0.3
2026-08-02T0000,4110A,120.5222,36.4089,青岛市,盟旺路653号,,43,NA,25,25,14,137,NA,144,134,6,9,7,8,0.9,0.9
2026-08-02T0000,4111A,116.6075,35.4566,济宁市,任和路,,28,24,22,9,6,88,NA,103,100,8,5,5,4,0.5,0.4
2026-08-02T0000,4112A,116.5648,35.3921,济宁市,文体南路1号,,30,23,18,14,7,95,NA,100,99,7,6,4,3,0.4,0.3
2026-08-02T0000,4113A,116.0091,36.4495,聊城市,利民路,,25,19,16,9,8,78,NA,112,99,5,3,8,8,0.4,0.4
2026-08-02T0000,4114A,115.4239,35.2593,菏泽市,黄河路600号,,21,21,22,11,10,67,NA,99,84,10,7,3,4,0.3,0.3
2026-08-02T0000,4115A,115.5025,35.2727,菏泽市,菏泽市人社局,,26,16,16,7,9,81,NA,99,91,4,4,4,4,0.3,0.3
2026-08-02T0000,4116A,113.284,33.7139,平顶山市,姚电大道23号,,30,25,26,21,14,35,NA,90,66,28,16,8,9,0.7,0.7
2026-08-02T0000,4117A,114.2918,36.0769,安阳市,钢三路198号,,29,26,31,20,20,50,NA,88,70,4,4,2,2,0.4,0.5
2026-08-02T0000,4118A,115.0552,35.7816,濮阳市,中原东路68号,,29,25,31,12,8,91,NA,97,94,8,7,8,8,0.6,0.7
2026-08-02T0000,4119A,115.6701,34.3767,商丘市,北海东路185号,,32,32,21,14,9,50,NA,91,74,13,7,4,4,0.5,0.5
2026-08-02T0000,4120A,115.6172,34.3704,商丘市,中山大街3号,,34,34,24,14,8,50,NA,89,72,21,8,7,7,0.6,0.6
2026-08-02T0000,4121A,114.8466,33.7333,周口市,羲皇大道,,29,29,24,8,8,51,NA,97,74,12,8,4,4,0.5,0.5
2026-08-02T0000,4122A,112.6071,35.1015,济源市,市委党校,,29,29,33,9,16,23,NA,96,57,16,11,3,3,1.1,0.8
2026-08-02T0000,4123A,112.596,35.0702,济源市,沁园中路1号,,44,44,33,22,16,16,NA,92,58,36,17,3,3,1.2,1.1
2026-08-02T0000,4124A,112.2213,31.0654,荆门市,新台西路6号,,30,30,20,11,13,47,NA,80,68,13,6,10,9,0.7,0.7
2026-08-02T0000,4125A,113.946,30.8999,孝感市,天仙南路1号,,31,31,18,16,9,52,NA,72,66,16,11,6,6,0.4,0.3
2026-08-02T0000,4127A,111.9812,27.7591,娄底市,涟钢职大,NA,NA,25,8,23,5,NA,NA,62,NA,14,3,3,3,0.5,0.4
2026-08-02T0000,4128A,112.0303,27.7457,娄底市,娄底体校,,41,41,19,24,6,22,NA,62,47,6,4,6,6,0.6,0.4
2026-08-02T0000,4129A,113.8666,23.1062,东莞市,裕兴路,,13,13,19,4,8,30,NA,53,32,12,15,7,8,0.5,0.5
2026-08-02T0000,4130A,114.0076,22.9739,东莞市,教育路1号,,16,16,19,9,9,17,NA,53,16,25,22,8,8,0.6,0.7
2026-08-02T0000,4131A,113.7981,22.8124,东莞市,长怡路1号,,19,19,20,10,10,17,NA,44,21,21,20,5,5,0.9,0.8
2026-08-02T0000,4132A,108.2927,23.1477,南宁市,起凤路9号,,21,21,16,12,12,17,NA,70,51,21,10,2,2,0.5,0.5
2026-08-02T0000,4133A,106.6273,23.8798,百色市,龙景西路,,24,24,33,10,14,38,NA,83,64,10,11,15,12,0.5,0.6
2026-08-02T0000,4134A,110.1952,20.0451,海口市,长滨二路9号,,11,10,11,5,7,33,NA,69,40,8,7,/,/,/,/
2026-08-02T0000,4135A,109.1714,18.3739,三亚市,城东小学站,,29,29,16,6,7,26,NA,50,34,8,6,/,/,/,/
2026-08-02T0000,4136A,108.6971,30.9377,重庆市,云师幼儿园,,11,7,13,4,8,22,NA,74,48,22,12,4,5,0.6,0.5
2026-08-02T0000,4137A,107.3276,30.3284,重庆市,公安局,,22,22,18,10,7,40,NA,76,52,10,8,11,10,0.5,0.5
2026-08-02T0000,4138A,108.0575,30.3254,重庆市,忠县中学,,30,30,16,8,7,13,NA,72,46,36,19,5,5,0.7,0.6
2026-08-02T0000,4139A,109.4542,31.0182,重庆市,竹枝路2号,,10,7,10,2,5,30,NA,68,49,16,13,10,11,0.5,0.5
2026-08-02T0000,4140A,107.7422,29.871,重庆市,龙河路,,18,9,9,3,5,55,NA,61,59,5,4,6,6,0.7,0.5
2026-08-02T0000,4141A,108.7636,28.84,重庆市,桃花源中路,,21,21,19,4,6,28,NA,60,50,10,9,7,7,0.7,0.6
2026-08-02T0000,4142A,108.9758,28.4416,重庆市,秀山县高级中学,,20,20,11,11,7,18,NA,62,48,10,5,7,7,0.5,0.4
2026-08-02T0000,4143A,108.1558,29.2859,重庆市,河堡街,,19,19,12,9,7,22,NA,56,41,10,8,6,6,0.7,0.7
2026-08-02T0000,4144A,104.3257,30.6406,成都市,八角井街185号,,16,10,11,7,8,50,NA,64,62,10,8,6,5,0.4,0.4
2026-08-02T0000,4145A,104.4144,31.1495,德阳市,市林业局,,19,17,13,13,6,16,NA,63,43,32,9,9,9,0.6,0.6
2026-08-02T0000,4146A,104.7092,31.4972,绵阳市,科技城新区公安局,,17,17,10,8,6,39,NA,62,50,11,6,9,9,0.5,0.5
2026-08-02T0000,4147A,105.0433,29.6105,内江市,玉峰路西段888号,,38,38,23,2,5,58,NA,53,53,5,6,9,9,0.3,0.3
2026-08-02T0000,4148A,103.8836,30.0695,眉山市,眉职院,,21,11,10,0,2,65,NA,64,63,9,8,6,6,0.6,0.6
2026-08-02T0000,4149A,104.6146,28.7422,宜宾市,宜宾市职业技术学校,,23,NA,9,16,9,56,NA,66,59,6,8,6,6,0.9,0.9
2026-08-02T0000,4150A,104.6646,30.1116,资阳市,正兴街66号,,11,9,7,6,4,33,NA,52,40,3,3,5,5,0.3,0.3
2026-08-02T0000,4151A,104.8899,26.5685,六盘水市,钟山大道中段564号,,19,NA,14,11,9,58,NA,72,68,5,6,3,3,0.3,0.3
2026-08-02T0000,4152A,107.0425,27.7087,遵义市,乌江大道东段1号,,16,10,11,9,10,50,NA,68,60,6,6,9,8,0.5,0.4
2026-08-02T0000,4153A,101.5536,25.0343,楚雄彝族自治州,团结路562号,,18,18,14,10,8,26,NA,40,34,8,6,5,3,0.9,0.8
2026-08-02T0000,4154A,103.401,23.3561,红河哈尼族彝族自治州,蒙自市朝阳路,,15,15,12,8,7,33,NA,49,37,6,4,5,5,0.3,0.3
2026-08-02T0000,4155A,107.1721,34.3558,宝鸡市,滨河北路,,18,18,15,8,10,38,NA,75,53,2,3,6,6,0.6,0.6
2026-08-02T0000,4156A,108.6372,34.3031,咸阳市,胭脂路9号,,18,17,14,12,8,55,NA,73,64,20,12,2,2,0.4,0.5
2026-08-02T0000,4157A,108.0371,34.3035,咸阳市,杨扶路,,24,17,12,11,10,76,NA,79,79,2,4,3,2,0.3,0.2
2026-08-02T0000,4158A,108.0895,34.2623,咸阳市,新桥路,,22,19,14,10,9,69,NA,78,74,11,11,6,4,0.3,0.3
2026-08-02T0000,4159A,110.4531,35.4578,渭南市,桢州大街,NA,NA,NA,26,0,17,57,NA,68,63,1,4,8,10,0.7,0.7
2026-08-02T0000,4160A,110.4368,35.4773,渭南市,太史大街,,18,4,37,2,23,57,NA,65,58,2,8,8,10,0.5,0.7
2026-08-02T0000,4161A,109.485,36.6347,延安市,志丹路,,44,44,27,27,14,41,NA,107,82,18,9,2,4,0.7,0.6
2026-08-02T0000,4162A,101.6769,36.6535,西宁市,海晏路105号,,23,23,21,11,16,32,NA,102,79,31,11,2,3,0.4,0.5
2026-08-02T0000,4163A,102.0984,36.5119,海东市,滨河路,,35,35,29,22,25,5,NA,82,26,54,33,6,7,0.6,0.7
2026-08-02T0000,4164A,87.2057,43.9289,昌吉回族自治州,财政所,,41,41,22,14,5,47,NA,121,98,12,7,8,8,0.2,0.2
2026-08-02T0000,4165A,82.9716,46.7464,塔城地区,文化广场,,34,34,21,17,8,53,NA,96,87,9,4,4,4,0.5,0.4
2026-08-02T0000,4166A,88.1198,47.7931,阿勒泰地区,阿勒泰路33号,,24,24,16,9,3,72,NA,98,94,13,7,7,7,0.4,0.3
2026-08-02T0000,4167A,86.0126,44.2349,石河子市,城南景苑小区,,38,38,24,17,7,104,NA,125,118,10,12,11,8,0.5,0.3
2026-08-02T0000,4168A,87.055284,43.999117,五家渠市,建设西街760号,颗粒物(PM10),57,59,23,17,8,37,NA,117,94,18,7,4,4,0.3,0.3
2026-08-02T0000,4180A,113.8157285,34.126705,许昌市,新元大道996号,,26,19,20,18,13,46,NA,68,65,9,6,3,4,0.6,0.6
2026-08-02T0000,4181A,112.3571,28.5588,益阳市,龙洲站,,19,14,13,8,7,58,NA,64,60,6,4,8,8,0.4,0.4
2026-08-02T0000,4182A,116.1942,39.9158,北京市,石景山八角,,49,49,24,21,11,86,NA,130,118,22,15,3,2,0.6,0.5
2026-08-02T0000,4183A,121.417401,31.16637,上海市,冠生园路458号,颗粒物(PM10),55,57,38,35,27,67,NA,153,69,18,20,6,6,0.8,0.8
2026-08-02T0000,4184A,115.479691,35.244011,菏泽市,永昌路1号,,24,22,19,8,9,75,NA,100,89,5,4,6,7,0.1,0.1
2026-08-02T0000,4185A,115.078022,30.21118,黄石市,磁湖东路29号,,30,30,25,8,10,69,NA,68,68,3,15,4,6,0.4,0.5
2026-08-02T0000,4186A,117.194237,34.229354,徐州市,解放南路202号,,25,25,27,10,11,51,NA,107,83,20,16,8,6,0.7,0.7
2026-08-02T0000,4187A,112.3425,28.611,益阳市,幸福渠东路223号,,19,13,13,8,8,59,NA,64,61,6,6,7,7,0.4,0.4
2026-08-02T0000,4188A,112.3712,28.5764,益阳市,益鑫泰路85号,,21,21,14,9,8,54,NA,59,57,8,8,10,10,0.8,0.8
2026-08-02T0000,4189A,113.113092,36.199482,长治市,英华南巷50号,,18,17,26,12,14,33,NA,93,58,10,5,11,11,0.7,1
2026-08-02T0000,4190A,113.23666,36.33435,长治市,学府街1号,,20,20,25,9,13,44,NA,98,61,4,3,6,6,0.8,0.7
2026-08-02T0000,4191A,118.527362,31.722269,马鞍山市,慈湖高新区,颗粒物(PM10),56,58,32,19,13,30,NA,100,58,26,16,4,5,0.5,0.6
2026-08-02T0000,4192A,115.931587,28.686774,南昌市,南京东路235号,,19,18,14,13,10,51,NA,97,70,7,12,5,8,1.0,0.9
2026-08-02T0000,4193A,115.471542,35.280012,菏泽市,长城路999号,,24,17,16,8,8,76,NA,100,90,12,10,12,10,0.7,0.7
2026-08-02T0000,4194A,117.078628,40.151726,北京市,平谷新城,,24,24,21,13,12,75,NA,137,113,4,9,1,1,0.4,0.5
2026-08-02T0000,4196A,117.24369,39.102911,天津市,光华路,,26,21,27,14,18,82,NA,127,111,1,3,6,6,0.3,0.5
2026-08-02T0000,4197A,118.130859,39.636026,唐山市,友谊北路34号,细颗粒物(PM2.5),52,42,31,36,20,99,NA,149,140,6,4,1,2,0.5,0.5
2026-08-02T0000,4198A,119.509013,39.825305,秦皇岛市,北戴河轮滑馆,颗粒物(PM10),54,55,57,19,17,102,NA,138,130,7,10,5,6,0.4,0.5
2026-08-02T0000,4199A,113.2798248,40.09972476,大同市,魏都大道141号,,26,26,40,13,22,61,NA,128,91,15,15,7,9,0.7,0.7
2026-08-02T0000,4200A,112.7478,37.6954,晋中市,迎宾街26号,,20,9,23,8,18,61,NA,132,96,10,8,6,11,0.1,0.4
2026-08-02T0000,4201A,122.944647,41.082639,鞍山市,兴盛南路290号,,35,25,22,24,21,86,NA,121,101,9,9,7,7,1.0,0.9
2026-08-02T0000,4202A,113.9856,32.9802,驻马店市,交通路1233号,,20,16,20,6,8,64,NA,78,64,12,10,7,6,0.3,0.2
2026-08-02T0000,4203A,111.3168,30.7203,宜昌市,西陵二路116号,,20,20,20,7,6,44,NA,86,31,10,14,6,6,0.3,0.3
2026-08-02T0000,4204A,111.3526,30.6374,宜昌市,沈家店路6号,,33,33,22,7,11,7,NA,71,32,26,14,5,6,0.3,0.3
2026-08-02T0000,4205A,121.541914,31.268301,上海市,宁武路151号,细颗粒物(PM2.5),62,62,49,41,31,139,NA,207,119,19,25,7,7,0.7,0.7
2026-08-02T0000,4206A,119.028838,33.631911,淮安市,承德北路606号,,23,19,21,13,12,71,NA,106,92,9,8,7,9,0.3,0.6
2026-08-02T0000,4207A,120.12211,33.393982,盐城市,黄海中路88号,细颗粒物(PM2.5),76,51,40,48,27,158,NA,154,154,5,7,9,10,0.9,0.8
2026-08-02T0000,4209A,117.003137,32.644456,淮南市,国庆中路369号,,29,29,18,17,9,68,NA,81,78,18,16,12,13,0.3,0.2
2026-08-02T0000,4210A,118.335445,29.720283,黄山市,滨江东路7-2号,,22,22,22,13,7,8,NA,51,27,6,4,/,/,/,/
2026-08-02T0000,4211A,118.190438,28.444845,上饶市,裕丰大道,,10,7,15,0,8,30,NA,54,40,4,5,9,11,0.2,0.3
2026-08-02T0000,4212A,118.3039243,36.82708161,淄博市,广场路1号,,43,NA,15,30,12,54,NA,111,83,17,10,7,7,1.3,0.6
2026-08-02T0000,4213A,121.364239,37.529648,烟台市,青年南路118号,,31,NA,19,17,12,97,NA,123,114,11,13,8,9,0.4,0.5
2026-08-02T0000,4214A,112.460027,34.694929,洛阳市,春都路1号院,,22,22,27,10,17,12,NA,85,37,14,12,2,3,0.4,0.5
2026-08-02T0000,4215A,113.916569,35.331547,新乡市,建设东路46号,,39,39,36,24,17,34,NA,96,58,15,10,7,8,0.7,0.8
2026-08-02T0000,4216A,115.0923632,35.76857718,濮阳市,任丘路479号,,34,34,29,14,12,69,NA,97,85,10,7,4,4,0.6,0.6
2026-08-02T0000,4217A,114.3182,29.8447,咸宁市,双鹤路18号,,20,20,9,5,4,20,NA,54,43,10,3,8,9,0.5,0.4
2026-08-02T0000,4218A,111.446,27.2472,邵阳市,北塔二期4-26地块,,14,10,13,5,5,42,NA,54,50,6,6,6,5,0.6,0.6
2026-08-02T0000,4219A,111.4739,27.2282,邵阳市,邵水西路287号,,26,NA,11,18,10,50,NA,66,60,6,3,5,3,0.4,0.3
2026-08-02T0000,4220A,114.214113,22.713717,深圳市,黄阁路,,14,14,13,3,6,23,NA,31,27,12,7,4,3,0.9,0.8
2026-08-02T0000,4221A,108.2177,22.7774,南宁市,乐贤路16号,,25,25,18,7,7,22,NA,52,43,26,14,6,4,0.7,0.5
2026-08-02T0000,4222A,110.1835,25.2444,桂林市,环湖路276号,,14,NA,16,9,12,43,NA,76,57,3,5,7,13,0.4,0.4
2026-08-02T0000,4223A,106.4686218,29.48920871,重庆市,双山路147号,,33,33,33,17,17,26,NA,91,44,22,14,11,15,0.7,0.7
2026-08-02T0000,4224A,104.2433276,30.53529463,成都市,鲸龙路1057号,,19,NA,8,10,6,60,NA,68,66,11,9,7,7,0.5,0.5
2026-08-02T0000,4225A,104.714266,29.338571,自贡市,贡兴路74号,,12,12,6,2,1,37,NA,63,54,5,5,8,8,0.3,0.4
2026-08-02T0000,4226A,104.765114,31.453094,绵阳市,绵阳市气象局,,16,10,11,8,6,49,NA,62,61,9,8,7,7,0.5,0.5
2026-08-02T0000,4227A,106.108336,30.788436,南充市,梨树横街98号,,15,4,12,2,8,48,NA,61,52,7,8,6,7,0.3,0.3
2026-08-02T0000,4229A,102.2342,27.8859,凉山彝族自治州,凯乐南路30号,,18,17,12,12,11,27,NA,39,30,12,12,3,9,0.5,0.6
2026-08-02T0000,4230A,106.688212,26.56952,贵阳市,花果园大街66号,,15,15,13,4,5,42,NA,58,49,7,7,2,3,/,/
2026-08-02T0000,4231A,106.687268,26.516892,贵阳市,漓江路57号,,12,NA,12,8,7,38,NA,62,50,8,6,3,4,0.4,0.4
2026-08-02T0000,4233A,108.596239,34.118792,西安市,西苑北路977号,,22,21,15,7,6,69,NA,82,80,9,7,1,3,0.4,0.4
2026-08-02T0000,4234A,108.949652,34.870529,铜川市,大唐三路,,25,25,16,13,10,40,NA,76,61,11,6,6,6,0.0,0
2026-08-02T0000,4235A,109.5051,34.4921,渭南市,渭花路4号,,20,17,16,7,7,63,NA,93,77,5,6,9,9,0.4,0.4
2026-08-02T0000,4236A,103.629272,36.093822,兰州市,庄浪东路808号,,33,33,45,17,22,86,NA,100,77,14,25,11,13,0.3,0.4
2026-08-02T0000,4237A,103.7251,36.104344,兰州市,安宁西路88号,颗粒物(PM10),53,54,51,31,25,72,NA,128,98,26,20,11,13,0.4,0.4
2026-08-02T0000,4238A,103.846982,36.067567,兰州市,北滨河东路1号,,49,49,47,32,25,49,NA,94,57,49,43,15,15,0.6,0.8
2026-08-02T0000,4239A,102.193042,38.531887,金昌市,长春路96号,,41,27,30,12,11,131,NA,149,142,6,6,6,8,0.2,0.3
2026-08-02T0000,4240A,98.495752,39.733935,酒泉市,玉门东路5号,,30,14,21,10,12,94,NA,152,130,8,7,6,8,0.2,0.2
2026-08-02T0000,4241A,98.5099,39.7506,酒泉市,北大街108号,,30,22,23,8,10,96,NA,155,135,7,7,10,12,0.1,0.2
2026-08-02T0000,4242A,106.226373,38.491976,银川市,广场西路,颗粒物(PM10),64,69,46,21,17,95,NA,119,112,26,15,6,6,0.5,0.5
2026-08-02T0000,4243A,92.0515,31.4787,那曲市,那曲市委宣传部,,38,35,12,26,6,83,NA,141,122,19,8,8,7,0.4,0.3
2026-08-02T0000,4244A,111.4879,36.053,临汾市,启星学校,,44,44,30,14,16,30,NA,98,62,19,10,4,5,0.9,1
2026-08-02T0000,4245A,106.8609,27.5969,遵义市,遵南大道1161号,,25,20,20,17,11,48,NA,77,63,9,6,6,5,0.5,0.5
2026-08-02T0000,4246A,105.833962,30.18863087,重庆市,桃园路24号,,29,29,16,5,10,52,NA,73,66,5,6,2,3,0.7,0.7
2026-08-02T0000,4247A,107.091033,29.153966,重庆市,钟楼街32号,,48,44,19,33,11,33,NA,63,50,12,8,12,12,0.6,0.4
2026-08-02T0000,4248A,107.8042979,30.67350233,重庆市,人民南路309号,,31,31,26,8,6,55,NA,80,66,6,5,7,7,0.4,0.4
2026-08-02T0000,4249A,118.8707617,31.34017673,南京市,汶溪路181号,,17,16,19,8,8,54,NA,83,75,6,4,2,3,0.5,0.5
2026-08-02T0000,4250A,114.089259,33.588274,漯河市,韶山路11号,,23,23,22,15,12,50,NA,111,72,15,11,8,8,0.3,0.4
2026-08-02T0000,4251A,112.1433,32.0581,襄阳市,铁院东路4号,,30,30,25,8,9,62,NA,92,75,9,8,8,7,0.6,0.6
2026-08-02T0000,4252A,113.0138,25.8011,郴州市,好美居路49号,,9,4,6,1,4,27,NA,44,35,11,5,8,7,/,/
2026-08-02T0000,4253A,116.010205,29.659402,九江市,莲花大道8号,,20,16,18,8,9,62,NA,93,85,2,5,12,12,0.3,0.4
2026-08-02T0000,4254A,120.2925,31.5685,无锡市,健康路105号,,37,33,36,19,19,116,NA,129,111,12,17,6,7,0.8,0.8
2026-08-02T0000,4255A,110.16795,22.640993,玉林市,人民东路196号,,13,13,19,5,14,27,NA,62,50,11,11,3,7,0.4,0.4
2026-08-02T0000,4256A,107.375,22.3736,崇左市,石景林东路7号,,14,14,13,3,6,24,NA,60,46,12,7,4,4,0.4,0.4
2026-08-02T0000,4257A,104.6092,35.5962,定西市,将台街,,40,40,36,17,13,83,NA,122,112,23,11,6,6,0.2,0.2
2026-08-02T0000,4258A,111.2416,23.4155,梧州市,政贤路18号,,16,5,17,2,9,49,NA,90,69,3,8,6,7,0.4,0.4
2026-08-02T0000,4259A,113.835877,34.0155267,许昌市,望田路111号,,18,12,20,12,12,39,NA,99,74,16,11,2,3,0.4,0.4
2026-08-02T0000,4260A,109.5933,23.095,贵港市,中山路155-3号,,27,27,25,12,12,41,NA,95,70,7,10,/,/,0.4,0.5
2026-08-02T0000,4261A,103.7247,27.3415,昭通市,环东路146号,,22,16,19,15,12,33,NA,57,42,10,10,4,8,0.5,0.5
2026-08-02T0000,4263A,105.3688,27.3598,毕节市,工业大道,,20,20,18,5,8,47,NA,78,62,13,9,7,8,/,/
2026-08-02T0000,4264A,113.234,35.219,焦作市,新安路1731号,,41,41,40,16,23,35,NA,98,62,17,16,5,6,0.5,0.6
2026-08-02T0000,4265A,113.108806,29.353066,岳阳市,求索西路365号,,19,19,13,6,4,32,NA,85,69,20,8,7,4,0.3,0.3
2026-08-02T0000,4266A,117.7325,34.5683,枣庄市,文化路178号,,44,44,22,23,10,72,NA,133,105,20,14,9,10,0.5,0.5
2026-08-02T0000,4268A,112.1722,30.3366,荆州市,学苑路85号,,23,23,18,9,8,51,NA,72,61,10,6,3,2,0.3,0.4
2026-08-02T0000,4269A,114.6701,33.6167,周口市,七一路,,22,21,19,15,9,54,NA,98,74,14,10,7,6,0.4,0.5
2026-08-02T0000,4270A,102.6447,37.9293,武威市,钟楼街149号,,29,24,29,14,11,91,NA,130,115,10,8,9,9,0.2,0.2
2026-08-02T0000,4271A,103.2464,35.6123,临夏回族自治州,滨河东路1号,细颗粒物(PM2.5),112,98,50,73,22,31,NA,93,62,28,14,7,7,0.7,0.4
2026-08-02T0000,4273A,81.2737,43.9337,伊犁哈萨克自治州,安徽路800号,颗粒物(PM10),58,61,45,27,17,51,NA,129,113,41,18,6,5,0.9,0.6
2026-08-02T0000,4274A,117.7994,40.9605,承德市,滨河大街98号,,21,21,26,6,13,25,NA,95,64,9,6,5,26,0.5,0.6
2026-08-02T0000,4275A,111.591512,40.827312,呼和浩特市,成吉思汗西街8号,,22,14,22,1,11,70,NA,117,79,17,22,4,5,0.3,0.4
2026-08-02T0000,4276A,111.6597,40.8077,呼和浩特市,公园东路75号,,20,19,22,14,11,63,NA,113,77,16,11,6,7,0.2,0.3
2026-08-02T0000,4277A,111.5427,40.7846,呼和浩特市,金海路35号,,46,46,30,22,12,48,NA,106,77,21,13,4,4,0.5,0.5
2026-08-02T0000,4278A,106.8212,39.6741,乌海市,海拉北路,颗粒物(PM10),72,80,33,24,19,67,NA,94,64,45,9,27,11,1.6,0.4
2026-08-02T0000,4279A,119.7569,49.2222,呼伦贝尔市,伊敏大街东7号,,25,25,23,6,10,23,NA,50,36,8,13,5,5,0.2,0.2
2026-08-02T0000,4280A,122.0921,46.065,兴安盟,洮儿河南路,,20,20,16,2,10,33,NA,66,51,12,7,6,8,0.2,0.2
2026-08-02T0000,4281A,125.334645,43.916281,长春市,北亚泰大街1068号,,25,NA,34,17,26,44,NA,93,66,20,11,2,3,0.3,0.3
2026-08-02T0000,4282A,126.6769,45.7379,哈尔滨市,华山路1号,,8,7,24,2,10,23,NA,82,34,8,10,7,8,0.2,0.2
2026-08-02T0000,4283A,126.9717,45.5356,哈尔滨市,解放大街52号,,15,15,22,3,4,19,NA,86,47,12,9,3,3,0.4,0.5
2026-08-02T0000,4284A,128.8325,47.8447,伊春市,永安路4-1号,,28,21,8,19,8,18,NA,85,31,3,2,3,2,0.1,0.1
2026-08-02T0000,4285A,130.363,46.806,佳木斯市,顺和街,,29,29,11,17,6,4,NA,58,40,39,11,2,2,0.3,0.2
2026-08-02T0000,4286A,130.3952,46.8268,佳木斯市,长安路196号,,35,35,12,12,6,2,NA,59,38,35,10,5,4,0.3,0.2
2026-08-02T0000,4287A,129.5992,44.5964,牡丹江市,东晓云街98号,,18,18,22,7,9,17,NA,54,20,4,7,8,8,0.3,0.3
2026-08-02T0000,4288A,117.2438,34.2844,徐州市,龙潭环路5号,,22,22,24,12,12,56,NA,111,84,16,14,6,6,0.5,0.5
2026-08-02T0000,4289A,117.154766,29.256967,景德镇市,青少年活动中心,,24,24,26,10,14,45,NA,60,48,4,12,10,17,/,/
2026-08-02T0000,4290A,120.196923,35.954556,青岛市,珠江路669号,臭氧1小时(O3_1h),65,NA,33,38,19,172,NA,153,151,4,16,4,5,0.7,0.6
2026-08-02T0000,4291A,120.0424,35.8656,青岛市,黄岛区人民政府广场,,39,NA,27,27,18,120,NA,143,130,11,14,5,6,0.4,0.4
2026-08-02T0000,4292A,116.352738,37.420875,德州市,新河东路,,22,22,17,13,9,54,NA,104,81,19,15,8,8,0.5,0.5
2026-08-02T0000,4293A,113.605125,34.755221,郑州市,计划路2号,,29,29,16,18,18,64,NA,99,81,14,10,3,2,0.5,0.5
2026-08-02T0000,4294A,113.6525645,34.77362682,郑州市,同乐路9号,,42,30,30,29,23,75,NA,108,92,11,8,2,2,0.3,0.4
2026-08-02T0000,4295A,113.2722,35.2121,焦作市,人民路3066号,,37,37,30,21,23,25,NA,104,62,18,11,4,4,0.6,0.7
2026-08-02T0000,4296A,114.6421,33.6417,周口市,健康路46号,,20,8,17,2,6,63,NA,95,75,5,5,1,2,0.6,0.6
2026-08-02T0000,4297A,114.649,33.596,周口市,太昊路,,16,14,20,7,5,51,NA,90,66,13,9,2,2,0.6,0.7
2026-08-02T0000,4298A,114.284,29.8595,咸宁市,碧桂路,,18,18,12,6,4,16,NA,52,41,9,5,5,5,0.4,0.4
2026-08-02T0000,4299A,111.6195,26.2253,永州市,徐家井路86号,,12,6,12,3,8,36,NA,53,40,6,7,5,5,0.8,0.8
2026-08-02T0000,4300A,114.4089,23.1147,惠州市,文华一路1号,,12,6,11,3,7,36,NA,47,42,6,7,/,/,/,/
2026-08-02T0000,4301A,110.2803,25.2773,桂林市,信义路13号,,23,NA,18,16,13,26,NA,70,46,5,5,7,9,0.6,0.6
2026-08-02T0000,4302A,108.0901,24.6945,河池市,上任中路54号,,16,16,19,6,5,4,NA,48,29,19,10,5,5,0.8,0.7
2026-08-02T0000,4303A,105.5911,30.5368,遂宁市,环岛商务中心9号楼,,13,9,14,0,4,40,NA,58,47,4,4,8,8,0.5,0.6
2026-08-02T0000,4304A,106.1172,30.843,南充市,清泉寺北路188号,,15,15,14,2,8,48,NA,59,47,5,6,7,8,0.1,0.1
2026-08-02T0000,4305A,106.067,30.7616,南充市,同庆路1号,NA,NA,8,15,NA,4,38,NA,53,43,9,9,5,10,0.3,0.3
2026-08-02T0000,4306A,103.0544,30.0133,雅安市,滨江西路,,22,7,13,3,8,68,NA,73,64,5,8,7,7,0.6,0.6
2026-08-02T0000,4307A,108.9817,34.2035,西安市,曲江池东路988号,,24,21,22,8,5,74,NA,84,79,7,6,2,2,0.6,0.6
2026-08-02T0000,4308A,107.3898,34.3601,宝鸡市,陈仓区北开路21号,,22,22,20,10,9,40,NA,75,60,10,8,4,6,0.3,0.4
2026-08-02T0000,4309A,104.6159,35.5701,定西市,正龙路62号,,39,39,44,10,12,112,NA,119,115,7,8,6,5,0.3,0.3
2026-08-02T0000,4310A,103.207136,35.599807,临夏回族自治州,新华街21号,,43,33,40,30,21,41,NA,102,79,16,10,8,9,0.4,0.4
2026-08-02T0000,4311A,122.0383,46.0691,兴安盟,科尔沁北路63号,,18,18,21,2,9,46,NA,70,57,5,5,2,3,0.3,0.5
2026-08-02T0000,4312A,119.019,31.6512,南京市,中山西路1号,,20,9,16,4,8,62,NA,113,100,16,9,4,4,0.5,0.5
2026-08-02T0000,4314A,114.0494,38.059,石家庄市,矿区区委大楼,,14,14,25,1,7,38,NA,119,68,9,12,4,6,0.3,0.4
2026-08-02T0000,4325A,105.3665,28.77434,泸州市,纳溪区委政协,,17,5,15,1,10,53,NA,76,66,7,9,3,4,0.5,0.6
2026-08-02T0000,4326A,113.0794,22.5999,江门市,五邑大学,,14,6,11,0,5,42,NA,48,39,8,17,4,4,0.3,0.3
