timepoint,stationcode,longitude,latitude,area,positionname,primarypollutant,aqi,pm10,pm10_24h,pm2_5,pm2_5_24h,o3,o3_24h,o3_8h,o3_8h_24h,no2,no2_24h,so2,so2_24h,co,co_24h
2026-09-14T0800,1001A,116.3611,39.8786,北京市,万寿西宫,,16,16,17,4,5,21,NA,23,23,18,18,2,3,0.2,0.4
2026-09-14T0800,1003A,116.4174,39.9289,北京市,东四,,17,17,16,6,7,21,NA,28,28,30,19,3,3,0.1,0.1
2026-09-14T0800,1004A,116.4073,39.8858,北京市,天坛,,25,25,18,5,5,18,NA,23,23,35,18,2,1,0.5,0.4
2026-09-14T0800,1005A,116.4622,39.9364,北京市,农展馆,,12,7,14,4,6,23,NA,29,29,23,16,2,3,0.0,0.1
2026-09-14T0800,1006A,116.3399,39.9293,北京市,官园,,19,19,19,3,6,28,NA,22,22,33,27,5,4,0.3,0.3
2026-09-14T0800,1007A,116.2879,39.9613,北京市,海淀万柳,,21,21,18,5,5,23,NA,12,12,29,26,3,2,0.3,0.2
2026-09-14T0800,1008A,116.6635,40.1349,北京市,顺义新城,,12,12,14,4,6,32,NA,37,37,13,11,3,3,0.3,0.3
2026-09-14T0800,1009A,116.6275,40.327,北京市,怀柔镇,,14,14,11,5,5,26,NA,33,33,17,8,2,2,0.5,0.4
2026-09-14T0800,1010A,116.2295,40.217,北京市,昌平镇,,16,16,9,6,5,32,NA,41,41,13,6,2,2,0.3,0.2
2026-09-14T0800,1011A,116.3968,39.982,北京市,奥体中心,,22,22,16,4,6,15,NA,19,19,30,21,2,2,0.3,0.3
2026-09-14T0800,1015A,117.1446,39.1659,天津市,勤俭道,,34,34,28,10,11,20,NA,12,12,36,36,13,5,1.2,0.8
2026-09-14T0800,1018A,117.2016,39.0928,天津市,前进道,,31,31,25,7,10,35,NA,25,25,20,26,12,7,0.6,0.4
2026-09-14T0800,1019A,117.1837,39.2134,天津市,淮河道,,37,37,27,11,11,17,NA,8,8,31,31,14,7,0.7,0.5
2026-09-14T0800,1021A,117.308261,39.088386,天津市,跃进路,,30,30,37,7,13,24,NA,9,9,32,35,10,5,0.7,0.4
2026-09-14T0800,1023A,117.707,39.0344,天津市,第四大街,,21,21,40,6,18,30,NA,37,37,23,24,9,6,0.8,0.7
2026-09-14T0800,1024A,117.4573,38.8395,天津市,永明路,,46,46,37,13,16,17,NA,8,8,31,32,8,6,1.2,0.9
2026-09-14T0800,1026A,117.7641,39.1588,天津市,汉北路,,25,25,42,11,18,28,NA,27,27,27,31,15,6,0.6,0.3
2026-09-14T0800,1030A,114.5919,38.0328,石家庄市,高新区,颗粒物(PM10),58,61,49,22,20,40,NA,51,51,22,13,3,2,0.4,0.3
2026-09-14T0800,1032A,114.4556,38.0136,石家庄市,西南高教,颗粒物(PM10),52,52,44,13,16,49,NA,54,54,19,16,3,4,0.3,0.3
2026-09-14T0800,1033A,114.533,38.0177,石家庄市,世纪公园,NA,NA,NA,39,NA,15,NA,NA,114,57,NA,11,NA,4,NA,0.6
2026-09-14T0800,1034A,114.5105,38.0489,石家庄市,人民会堂,NA,NA,NA,42,NA,15,NA,NA,129,60,NA,13,NA,4,NA,0.3
2026-09-14T0800,1040A,118.1707,39.6505,唐山市,十二中,,25,25,32,7,14,34,NA,28,28,27,28,13,11,0.7,0.6
2026-09-14T0800,1041A,118.1868,39.6219,唐山市,小山,,33,33,42,3,11,35,NA,27,27,17,19,19,9,0.9,0.6
2026-09-14T0800,1046A,119.5247,39.9346,秦皇岛市,建设大厦,,35,35,35,2,8,13,NA,34,34,40,22,5,6,0.3,0.3
2026-09-14T0800,1049A,114.492,36.5712,邯郸市,矿院,细颗粒物(PM2.5),104,74,50,64,37,29,NA,63,63,52,22,8,8,1.0,0.6
2026-09-14T0800,1050A,114.4839,36.6136,邯郸市,丛台公园,细颗粒物(PM2.5),66,66,45,43,26,44,NA,79,79,33,14,44,14,2.0,0.7
2026-09-14T0800,1051A,115.4803,38.8568,保定市,游泳馆,,35,35,40,2,13,39,NA,49,49,17,15,3,2,0.4,0.5
2026-09-14T0800,1052A,115.509,38.8895,保定市,华电二区,,25,25,38,2,16,33,NA,42,42,21,18,3,3,0.3,0.4
2026-09-14T0800,1053A,115.4588,38.9037,保定市,接待中心,,36,36,44,6,19,35,NA,44,44,17,13,5,6,0.1,0.2
2026-09-14T0800,1054A,115.4484,38.8344,保定市,地表水厂,,33,33,41,2,14,43,NA,49,49,14,17,2,3,0,0
2026-09-14T0800,1057A,114.8884,40.8336,张家口市,人民公园,,15,15,18,8,8,32,NA,35,35,7,7,1,1,0.3,0.3
2026-09-14T0800,1059A,114.868581,40.804273,张家口市,五金库,,21,21,17,3,5,35,NA,40,40,7,7,/,/,/,/
2026-09-14T0800,1060A,114.8901,40.762,张家口市,世纪豪园,,20,20,16,3,4,26,NA,35,35,7,5,4,5,0.3,0.2
2026-09-14T0800,1062A,117.9531,40.908,承德市,铁路,,10,7,17,3,4,8,NA,15,15,19,9,6,6,0.3,0.2
2026-09-14T0800,1063A,117.9397,40.9763,承德市,中国银行,,7,7,17,2,5,16,NA,11,11,12,8,6,6,0.3,0.3
2026-09-14T0800,1067A,116.6712,39.5109,廊坊市,药材公司,NA,NA,16,27,NA,7,40,NA,34,34,13,13,2,2,0.2,0.2
2026-09-14T0800,1068A,116.7215,39.5592,廊坊市,开发区,,18,14,23,12,15,42,NA,22,22,12,19,1,3,0.2,0.2
2026-09-14T0800,1070A,116.7246,39.5273,廊坊市,北华航天学院,,15,15,30,4,7,28,NA,24,24,22,19,1,2,0.2,0.3
2026-09-14T0800,1071A,116.8733,38.2922,沧州市,沧县城建局,NA,NA,NA,47,NA,20,NA,NA,106,36,NA,34,NA,4,NA,0.3
2026-09-14T0800,1072A,116.8462,38.3189,沧州市,电视转播站,颗粒物(PM10),56,58,42,28,18,10,NA,25,25,57,25,7,6,0.3,0.1
2026-09-14T0800,1073A,116.8588,38.3161,沧州市,市环保局,颗粒物(PM10),71,79,48,30,17,8,NA,28,28,65,32,8,5,0.5,0.2
2026-09-14T0800,1074A,115.6839,37.754,衡水市,电机北厂,NA,NA,NA,25,3,14,52,NA,54,54,27,17,7,7,0.3,0.4
2026-09-14T0800,1075A,115.6303,37.7318,衡水市,市监测站,,41,41,38,1,10,51,NA,51,51,31,18,14,8,0.5,0.5
2026-09-14T0800,1077A,114.4687,37.0883,邢台市,达活泉,,45,45,41,21,17,64,NA,55,55,8,9,1,2,0.4,0.4
2026-09-14T0800,1078A,114.4954,37.0309,邢台市,邢师高专,,34,34,44,15,19,50,NA,22,22,17,20,3,2,0.7,0.6
2026-09-14T0800,1079A,114.5281,37.0857,邢台市,路桥公司,,38,38,37,11,17,43,NA,38,38,11,16,3,4,0.4,0.4
2026-09-14T0800,1080A,114.4721,37.0713,邢台市,市环保局,NA,NA,45,48,25,17,63,NA,52,52,10,12,5,5,NA,0.2
2026-09-14T0800,1081A,112.5138,37.8916,太原市,尖草坪,,28,28,31,9,15,32,NA,32,32,19,23,12,10,0.2,0.4
2026-09-14T0800,1084A,112.4691,37.7125,太原市,晋源,,40,40,41,14,19,11,NA,21,21,33,29,7,8,1.0,0.7
2026-09-14T0800,1085A,112.5595,37.7391,太原市,小店,颗粒物(PM10),65,70,47,19,22,9,NA,NA,NA,43,42,20,12,0.8,0.7
2026-09-14T0800,1087A,112.5705,37.8199,太原市,坞城,,36,36,33,13,19,21,NA,16,16,42,38,20,14,1.1,1
2026-09-14T0800,1088A,112.5495,37.9853,太原市,南寨,,33,33,32,9,14,7,NA,2,2,31,23,5,5,0.5,0.5
2026-09-14T0800,1090A,111.6506,40.7517,呼和浩特市,呼市一监,,14,12,17,3,8,42,NA,45,45,16,13,2,4,0.4,0.4
2026-09-14T0800,1094A,111.7516,40.8369,呼和浩特市,如意水处理厂,,26,26,14,11,7,26,NA,36,36,34,17,6,6,0.2,0.2
2026-09-14T0800,1095A,111.727798,40.806187,呼和浩特市,二十九中,,23,23,17,2,5,36,NA,36,36,29,16,11,11,0.7,0.6
2026-09-14T0800,1097A,111.717,40.7617,呼和浩特市,化肥厂生活区,,20,20,17,5,6,42,NA,48,48,18,12,6,7,0.6,0.5
2026-09-14T0800,1099A,123.5058,41.7084,沈阳市,浑南东路,,47,47,28,26,10,13,NA,31,31,28,18,15,10,0.6,0.4
2026-09-14T0800,1100A,123.4238,41.6992,沈阳市,新秀街,NA,NA,NA,NA,NA,NA,NA,NA,NA,NA,NA,NA,NA,NA,NA,NA
2026-09-14T0800,1102A,123.5903,41.8412,沈阳市,东陵路,,15,15,23,10,7,20,NA,12,12,24,22,8,7,0.4,0.4
2026-09-14T0800,1103A,123.4267,41.8466,沈阳市,陵东街,,20,20,23,9,5,24,NA,25,25,8,6,8,7,0.4,0.3
2026-09-14T0800,1104A,123.4116,41.7654,沈阳市,文化路,,17,17,23,2,4,35,NA,34,34,18,18,11,8,0.4,0.4
2026-09-14T0800,1105A,123.4673,41.787,沈阳市,小河沿,,15,15,22,3,4,33,NA,37,37,16,12,10,7,0.4,0.4
2026-09-14T0800,1106A,123.4019,41.7978,沈阳市,太原街,,22,22,19,5,5,31,NA,31,31,11,13,9,7,0.5,0.5
2026-09-14T0800,1108A,123.3778,41.9233,沈阳市,京沈街,,28,28,22,10,6,24,NA,26,26,21,15,7,5,0.4,0.4
2026-09-14T0800,1109A,121.6119,38.974,大连市,甘井子,,17,17,31,5,15,44,NA,56,56,19,16,9,9,0.6,0.6
2026-09-14T0800,1110A,121.565,38.9509,大连市,周水子,,20,20,32,6,15,37,NA,47,47,28,23,10,9,0.5,0.5
2026-09-14T0800,1111A,121.5637,38.8849,大连市,星海三站,,17,17,28,2,14,41,NA,58,58,19,15,8,7,0.3,0.5
2026-09-14T0800,1112A,121.6301,38.9117,大连市,青泥洼桥,,15,15,32,4,15,45,NA,51,51,17,18,10,9,0.2,0.5
2026-09-14T0800,1113A,121.6248,38.8643,大连市,傅家庄,,16,12,25,1,15,50,NA,57,57,10,13,10,11,0.6,0.7
2026-09-14T0800,1114A,121.5117,38.8636,大连市,七贤岭,,14,12,25,0,11,43,NA,62,62,19,13,8,9,0.4,0.5
2026-09-14T0800,1116A,121.7507,39.1339,大连市,金州,,17,17,31,4,15,51,NA,59,59,19,18,8,8,0.5,0.5
2026-09-14T0800,1117A,121.7811,39.0495,大连市,开发区,,18,13,30,3,13,57,NA,66,66,12,15,8,8,0.4,0.5
2026-09-14T0800,1118A,121.9762,39.0631,大连市,双D港,,17,17,30,4,14,53,NA,61,61,8,11,15,10,0.3,0.6
2026-09-14T0800,1120A,125.2874,43.9024,长春市,客车厂,,17,17,20,11,8,26,NA,24,24,20,14,5,5,0.5,0.4
2026-09-14T0800,1121A,125.2943,43.8508,长春市,邮电学院,,19,NA,14,13,8,14,NA,17,17,21,10,6,6,0.3,0.3
2026-09-14T0800,1122A,125.3648,43.8745,长春市,劳动公园,,12,10,18,8,8,26,NA,28,28,14,8,4,4,0.4,0.3
2026-09-14T0800,1123A,125.3233,43.8781,长春市,园林处,,15,11,13,10,8,22,NA,29,29,19,10,7,7,0.5,0.4
2026-09-14T0800,1124A,125.4604,43.7904,长春市,净月潭,,18,15,15,12,8,13,NA,9,9,18,10,7,6,0.2,0.2
2026-09-14T0800,1126A,125.38,43.8422,长春市,经开区环卫处,,17,17,15,8,7,22,NA,21,21,20,11,8,8,0.4,0.3
2026-09-14T0800,1127A,125.234,43.7761,长春市,高新区管委会,,39,39,22,15,11,19,NA,9,9,18,13,9,8,0.5,0.4
2026-09-14T0800,1128A,125.1695,43.83,长春市,岱山公园,,18,NA,16,12,9,21,NA,10,10,14,19,4,4,0.5,0.5
2026-09-14T0800,1130A,126.5557,45.8109,哈尔滨市,松北商大,,9,9,9,5,8,21,NA,18,18,14,10,5,5,0.4,0.4
2026-09-14T0800,1132A,126.6162,45.719,哈尔滨市,南岗学府路,,24,24,17,7,4,28,NA,28,28,16,12,5,4,0.6,0.5
2026-09-14T0800,1133A,126.6894,45.7733,哈尔滨市,太平宏伟公园,,8,6,10,2,5,25,NA,28,28,16,9,7,7,0.3,0.3
2026-09-14T0800,1134A,126.6361,45.7672,哈尔滨市,道外承德广场,,19,19,20,2,5,26,NA,25,25,17,12,4,3,0.6,0.6
2026-09-14T0800,1136A,126.644,45.7261,哈尔滨市,动力和平路,,18,18,18,6,4,25,NA,25,25,16,12,6,6,0.6,0.5
2026-09-14T0800,1137A,126.5933,45.7479,哈尔滨市,道里建国路,,11,11,6,2,4,24,NA,26,26,10,9,5,5,0.4,0.3
2026-09-14T0800,1138A,126.6127,45.6119,哈尔滨市,平房东轻厂,,19,19,16,2,4,23,NA,13,13,10,14,6,6,0.3,0.3
2026-09-14T0800,1139A,126.5875,45.9827,哈尔滨市,呼兰师专,,9,4,12,1,4,28,NA,20,20,7,9,4,4,0.5,0.5
2026-09-14T0800,1140A,126.6299,45.6799,哈尔滨市,省农科院,,35,35,30,19,10,17,NA,22,22,17,15,6,4,0.6,0.6
2026-09-14T0800,1141A,121.401,31.2382,上海市,普陀,,31,22,21,12,12,98,NA,78,78,21,22,5,6,0.3,0.3
2026-09-14T0800,1142A,121.4774,31.2043,上海市,十五厂,,31,18,20,13,14,98,NA,83,83,13,16,5,6,0.6,0.5
2026-09-14T0800,1143A,121.4673,31.3011,上海市,虹口,,32,21,23,13,12,102,NA,72,72,10,20,4,5,0.3,0.3
2026-09-14T0800,1147A,121.4253,31.226,上海市,静安监测站,,35,22,21,13,13,110,NA,93,93,18,21,7,8,0.7,0.6
2026-09-14T0800,1148A,121.7029,31.1905,上海市,浦东川沙,,29,20,18,12,11,91,NA,68,68,19,15,10,10,0.4,0.4
2026-09-14T0800,1149A,121.5339,31.229,上海市,浦东新区监测站,,27,19,18,11,10,86,NA,71,71,23,20,10,9,0.7,0.3
2026-09-14T0800,1150A,121.5776,31.2038,上海市,浦东张江,,30,19,20,13,11,95,NA,72,72,17,19,7,7,0.3,0.2
2026-09-14T0800,1151A,118.8033,32.1085,南京市,迈皋桥,,37,37,39,16,21,33,NA,35,35,46,22,7,6,0.3,0.6
2026-09-14T0800,1152A,118.7487,32.057,南京市,草场门,,48,48,40,18,22,41,NA,44,44,46,26,8,7,0.8,0.7
2026-09-14T0800,1154A,118.770105,32.004342,南京市,中华门,,36,36,36,11,19,60,NA,48,48,19,9,6,6,0.3,0.4
2026-09-14T0800,1155A,118.8059,32.0329,南京市,瑞金路,,25,24,39,9,19,79,NA,58,58,24,18,4,4,0.7,0.6
2026-09-14T0800,1156A,118.7946,32.0774,南京市,玄武湖,,35,35,43,15,20,20,NA,29,29,50,28,3,4,0.5,0.6
2026-09-14T0800,1157A,118.6415,32.0964,南京市,浦口,,37,37,45,18,25,48,NA,54,54,24,19,9,8,1.1,1.1
2026-09-14T0800,1158A,118.730129,32.000956,南京市,奥体中心,,31,31,42,10,19,77,NA,65,65,29,20,13,11,0.8,0.7
2026-09-14T0800,1159A,118.9072,32.1047,南京市,仙林大学城,,39,39,42,15,21,37,NA,28,28,42,29,4,4,0.4,0.5
2026-09-14T0800,1163A,120.5974,31.3247,苏州市,轧钢厂,,38,38,32,22,16,74,NA,60,60,28,25,8,7,0.8,0.8
2026-09-14T0800,1164A,120.6329,31.2741,苏州市,吴中区,,29,29,33,17,17,70,NA,54,54,23,19,8,7,0.6,0.7
2026-09-14T0800,1165A,120.5566,31.3049,苏州市,苏州新区,,36,36,31,21,18,65,NA,52,52,25,20,9,8,0.6,0.5
2026-09-14T0800,1166A,120.668709,31.312523,苏州市,苏州工业园区,,30,25,30,13,16,93,NA,68,68,14,13,8,7,0.6,0.7
2026-09-14T0800,1167A,120.6408,31.3707,苏州市,相城区,,37,37,30,20,15,68,NA,53,53,26,17,9,8,0.7,0.7
2026-09-14T0800,1168A,120.9056,31.9669,南通市,狼山街道,,31,16,17,9,9,98,NA,63,63,12,10,6,6,0.6,0.6
2026-09-14T0800,1170A,120.8635,32.0231,南通市,城中,,30,26,22,11,8,95,NA,77,77,11,10,2,2,0.4,0.3
2026-09-14T0800,1171A,120.9376,31.9301,南通市,星湖花园,,32,17,17,12,10,100,NA,76,76,10,9,4,5,0.6,0.5
2026-09-14T0800,1172A,120.8053,32.046,南通市,紫琅学院,,26,14,14,9,10,82,NA,54,54,11,9,3,4,0.6,0.6
2026-09-14T0800,1173A,119.1759,34.5885,连云港市,市环境监测站,细颗粒物(PM2.5),114,NA,58,75,48,143,NA,83,83,26,27,15,12,1.0,0.7
2026-09-14T0800,1180A,117.257,34.2161,徐州市,新城区,NA,NA,NA,52,NA,26,NA,NA,NA,NA,NA,14,NA,11,NA,0.8
2026-09-14T0800,1182A,117.2933,34.2796,徐州市,农科院,细颗粒物(PM2.5),119,107,69,80,50,56,NA,43,43,39,24,20,11,1.0,1
2026-09-14T0800,1186A,119.3895,32.377,扬州市,邗江监测站,,44,44,36,19,15,63,NA,58,58,16,12,9,8,0.5,0.6
2026-09-14T0800,1188A,120.2693,31.4864,无锡市,雪浪,,46,46,33,23,14,47,NA,48,48,37,21,13,8,1.1,0.6
2026-09-14T0800,1189A,120.2761,31.621,无锡市,黄巷,,36,36,38,21,15,56,NA,55,55,37,25,8,5,1.1,0.9
2026-09-14T0800,1191A,120.2422,31.5037,无锡市,漆塘,颗粒物(PM10),53,54,41,16,16,56,NA,58,58,36,20,13,8,1.2,0.6
2026-09-14T0800,1192A,120.3489,31.5865,无锡市,东亭,,39,39,28,23,14,49,NA,45,45,34,25,11,8,0.9,0.6
2026-09-14T0800,1193A,120.3538,31.5474,无锡市,旺庄,,36,36,33,20,14,55,NA,59,59,36,20,11,9,1.1,0.9
2026-09-14T0800,1194A,120.2447,31.5633,无锡市,荣巷,,44,44,33,24,13,40,NA,52,52,42,25,11,8,1.0,0.7
2026-09-14T0800,1195A,120.2986,31.6816,无锡市,堰桥,,33,31,32,23,17,62,NA,42,42,32,23,9,8,0.7,0.8
2026-09-14T0800,1196A,119.9524,31.7586,常州市,市监测站,,30,30,36,18,14,57,NA,46,46,28,23,8,6,0.5,0.5
2026-09-14T0800,1200A,119.9351,31.703,常州市,武进监测站,,39,39,35,19,16,52,NA,44,44,29,21,5,3,0.5,0.6
2026-09-14T0800,1203A,119.6708,32.187,镇江市,新区办事处,,23,23,31,14,17,68,NA,59,59,28,21,2,3,0.4,0.5
2026-09-14T0800,1204A,119.497455,32.196732,镇江市,职教中心,,39,36,38,27,20,46,NA,41,41,32,24,7,6,0.7,0.5
2026-09-14T0800,1205A,119.43,32.1328,镇江市,丹徒区监测站,,33,33,36,23,19,50,NA,51,51,30,21,8,8,1.1,0.8
2026-09-14T0800,1206A,119.9042,32.488,泰州市,公园路,,29,29,25,18,14,85,NA,64,64,11,9,11,11,0.3,0.4
2026-09-14T0800,1207A,119.9189,32.4626,泰州市,莲花,,27,27,27,18,15,81,NA,66,66,9,9,10,12,0.4,0.5
2026-09-14T0800,1209A,119.8877,32.4636,泰州市,留学生创业园,,32,32,28,22,20,86,NA,67,67,10,9,10,12,0.6,0.7
2026-09-14T0800,1210A,119.0566,33.5991,淮安市,钵池山,细颗粒物(PM2.5),104,85,37,64,21,56,NA,29,29,33,25,10,6,0.8,0.6
2026-09-14T0800,1211A,119.0083,33.578,淮安市,北京南路,细颗粒物(PM2.5),100,83,43,60,22,71,NA,27,27,28,32,15,8,0.9,0.7
2026-09-14T0800,1212A,118.9938,33.6083,淮安市,市监测站,细颗粒物(PM2.5),107,80,34,67,25,NA,NA,12,12,39,31,15,10,0.9,0.7
2026-09-14T0800,1213A,119.135,33.5038,淮安市,楚州区监测站,细颗粒物(PM2.5),101,78,35,61,19,68,NA,41,41,25,23,9,8,0.8,0.6
2026-09-14T0800,1216A,120.1554,33.3941,盐城市,市监测站,,37,37,21,20,9,57,NA,44,44,22,15,7,6,0.8,0.6
2026-09-14T0800,1218A,120.214332,33.37951,盐城市,开发区管委会,,36,36,21,23,12,57,NA,46,46,14,8,11,10,0.7,0.6
2026-09-14T0800,1220A,118.2924,33.933,宿迁市,宿迁学院,细颗粒物(PM2.5),120,82,55,82,40,106,NA,93,93,28,17,6,6,1.3,1
2026-09-14T0800,1221A,118.2321,33.9572,宿迁市,宿迁中学,细颗粒物(PM2.5),110,89,62,71,46,107,NA,59,59,22,21,13,10,1.2,0.9
2026-09-14T0800,1223A,120.2073,30.2111,杭州市,滨江,,30,30,34,19,19,65,NA,76,76,25,22,7,7,0.6,0.6
2026-09-14T0800,1224A,120.0625,30.2737,杭州市,西溪,细颗粒物(PM2.5),58,NA,34,39,26,28,NA,16,16,30,20,4,4,0.7,0.7
2026-09-14T0800,1226A,120.3417,30.315,杭州市,下沙,,32,26,25,22,16,41,NA,54,54,44,21,9,7,0.7,0.6
2026-09-14T0800,1227A,120.1252,30.2465,杭州市,卧龙桥,细颗粒物(PM2.5),52,NA,30,36,22,33,NA,22,22,20,16,7,7,0.4,0.4
2026-09-14T0800,1228A,120.1902,30.2691,杭州市,浙江农大,,32,26,27,22,16,41,NA,62,62,31,20,9,9,0.7,0.7
2026-09-14T0800,1230A,120.1195,30.3121,杭州市,和睦小学,,39,32,31,27,22,44,NA,53,53,24,19,8,7,0.7,0.7
2026-09-14T0800,1231A,120.3076,30.4146,杭州市,临平镇,,38,38,34,21,18,52,NA,50,50,28,18,10,8,0.7,0.6
2026-09-14T0800,1232A,120.2753,30.1839,杭州市,城厢镇,,28,23,34,19,23,42,NA,55,55,22,15,8,8,0.5,0.5
2026-09-14T0800,1233A,120.0883,30.1808,杭州市,云栖,,36,29,32,25,20,24,NA,20,20,17,13,6,6,0.7,0.7
2026-09-14T0800,1234A,121.8352,29.9111,宁波市,区环保大楼,,28,18,27,5,10,88,NA,74,74,19,17,7,7,0.2,0.3
2026-09-14T0800,1235A,121.5595,29.8208,宁波市,万里学院,,31,21,30,7,12,99,NA,73,73,11,17,6,7,0.5,0.6
2026-09-14T0800,1236A,121.713,29.9564,宁波市,龙赛医院,,31,12,24,1,8,99,NA,88,88,10,12,8,7,0.4,0.4
2026-09-14T0800,1240A,121.5855,29.8635,宁波市,太古小学,,27,23,31,9,11,84,NA,80,80,12,11,5,5,0.9,0.8
2026-09-14T0800,1241A,121.5239,29.8673,宁波市,市环境监测中心,,32,26,31,5,14,101,NA,87,87,7,10,7,7,0.6,0.7
2026-09-14T0800,1242A,120.6342,28.0088,温州市,瓯海,,43,32,25,30,17,14,NA,18,18,34,21,7,6,0.6,0.5
2026-09-14T0800,1243A,120.6747,27.9881,温州市,南浦,,38,30,24,26,19,39,NA,35,35,20,15,6,6,0.6,0.5
2026-09-14T0800,1244A,120.76,27.9745,温州市,龙湾,,45,NA,24,31,18,37,NA,36,36,25,16,6,6,0.6,0.4
2026-09-14T0800,1247A,120.6053,29.9927,绍兴市,城东开发委,颗粒物(PM10),53,53,35,35,21,48,NA,46,46,23,18,6,7,0.7,0.6
2026-09-14T0800,1250A,120.075,30.867,湖州市,城西水厂,,34,34,26,21,15,36,NA,49,49,38,28,7,7,0.5,0.4
2026-09-14T0800,1252A,120.7439,30.778,嘉兴市,清河小学,,35,35,27,22,11,46,NA,63,63,20,11,6,6,0.4,0.4
2026-09-14T0800,1253A,120.7261,30.7477,嘉兴市,嘉兴学院,,29,25,21,20,14,49,NA,72,72,32,16,5,6,0.4,0.4
2026-09-14T0800,1255A,121.2727,28.6461,台州市,黄岩环保大楼,,28,24,25,19,16,41,NA,43,43,15,10,/,/,/,/
2026-09-14T0800,1256A,121.4188,28.6545,台州市,台州环保大楼,,35,35,32,23,22,36,NA,47,47,24,11,/,/,0.9,0.8
2026-09-14T0800,1257A,121.3768,28.5772,台州市,路桥田洋王,,24,24,29,14,17,57,NA,45,45,15,12,7,6,0.5,0.5
2026-09-14T0800,1258A,122.1223,30.0203,舟山市,定海檀枫,,30,19,21,8,8,93,NA,85,85,5,6,7,7,0.6,0.7
2026-09-14T0800,1260A,122.1898,29.9945,舟山市,临城新区,,30,13,16,7,6,94,NA,91,91,8,5,10,7,0.6,0.5
2026-09-14T0800,1262A,119.6478,29.0773,金华市,十五中,,42,42,45,24,25,77,NA,77,77,21,19,6,5,0.6,0.6
2026-09-14T0800,1263A,119.6859,29.1032,金华市,监测站,,46,46,44,25,23,72,NA,71,71,22,20,4,4,0.5,0.5
2026-09-14T0800,1264A,118.8694,28.94,衢州市,环保大楼,,50,50,47,35,32,105,NA,106,106,19,17,/,/,/,/
2026-09-14T0800,1266A,118.8622,28.9809,衢州市,衢州学院,细颗粒物(PM2.5),68,58,42,44,30,70,NA,101,101,36,19,8,8,0.8,0.8
2026-09-14T0800,1267A,119.9141,28.4513,丽水市,监测站大楼,,45,32,34,31,22,46,NA,57,57,22,15,7,7,0.7,0.7
2026-09-14T0800,1268A,119.93,28.4589,丽水市,莲都小学,,45,44,37,31,21,69,NA,73,73,19,15,/,/,/,/
2026-09-14T0800,1269A,119.8794,28.4232,丽水市,余庄前,,42,36,31,29,20,36,NA,26,26,21,13,6,6,0.6,0.6
2026-09-14T0800,1270A,117.1957,31.7845,合肥市,明珠广场,,43,41,44,30,28,99,NA,110,110,16,15,12,11,0.7,0.6
2026-09-14T0800,1271A,117.307,31.8765,合肥市,三里街,,36,34,44,25,26,79,NA,98,98,16,15,5,6,0.8,0.8
2026-09-14T0800,1272A,117.2587,31.8703,合肥市,琥珀山庄,,44,44,45,27,28,84,NA,104,104,24,15,8,8,0.8,0.8
2026-09-14T0800,1275A,117.2593,31.9376,合肥市,庐阳区,,36,34,47,25,29,91,NA,97,97,13,15,9,10,0.6,0.7
2026-09-14T0800,1276A,117.345251,31.861615,合肥市,瑶海区,,39,39,45,21,26,85,NA,103,103,14,11,4,5,0.6,0.6
2026-09-14T0800,1277A,117.3033,31.7967,合肥市,包河区,,41,41,48,22,25,70,NA,90,90,36,30,8,8,0.6,0.6
2026-09-14T0800,1278A,117.278,31.7392,合肥市,滨湖新区,,44,44,46,26,26,92,NA,112,112,18,15,8,8,0.9,0.9
2026-09-14T0800,1279A,117.1324,31.8395,合肥市,高新区,,46,46,48,30,31,93,NA,98,98,18,20,8,8,0.8,0.7
2026-09-14T0800,1282A,119.2681,26.0506,福州市,师大,,20,20,17,12,8,48,NA,44,44,12,8,6,5,0.6,0.5
2026-09-14T0800,1283A,119.2983,26.1028,福州市,五四北路,,23,23,15,11,9,49,NA,47,47,10,10,6,5,0.5,0.4
2026-09-14T0800,1284A,119.2648,26.0769,福州市,杨桥西路,,16,16,16,10,7,48,NA,42,42,11,9,4,3,/,/
2026-09-14T0800,1287A,118.1519,24.4768,厦门市,洪文,,14,6,23,4,11,43,NA,44,44,8,10,2,3,0.3,0.4
2026-09-14T0800,1288A,118.0671,24.4447,厦门市,鼓浪屿,,15,6,24,4,12,46,NA,47,47,9,14,2,3,/,/
2026-09-14T0800,1291A,115.8887,28.7006,南昌市,省林业公司,,49,41,42,34,29,120,NA,131,131,8,9,10,7,0.6,0.6
2026-09-14T0800,1292A,115.813,28.7443,南昌市,林科所,,46,39,35,32,28,121,NA,140,140,11,11,11,9,0.9,0.8
2026-09-14T0800,1294A,115.8518,28.687,南昌市,建工学校,颗粒物(PM10),52,52,48,33,28,112,NA,127,127,13,13,12,10,0.9,0.7
2026-09-14T0800,1295A,115.8926,28.6425,南昌市,象湖,细颗粒物(PM2.5),56,40,35,38,29,99,NA,116,116,16,12,11,10,0.7,0.6
2026-09-14T0800,1299A,116.9866,36.6118,济南市,科干所,颗粒物(PM10),58,61,44,27,19,15,NA,63,63,73,23,7,7,0.8,0.5
2026-09-14T0800,1300A,116.9379,36.6652,济南市,农科所,颗粒物(PM10),58,61,52,26,24,23,NA,30,30,51,27,5,6,0.6,0.4
2026-09-14T0800,1301A,117.1265,36.6736,济南市,开发区,颗粒物(PM10),55,56,54,19,21,73,NA,79,79,49,27,10,9,0.6,0.5
2026-09-14T0800,1303A,117.0616,36.6865,济南市,省种子仓库,颗粒物(PM10),68,75,61,25,23,38,NA,37,37,54,31,5,6,0.6,0.5
2026-09-14T0800,1304A,116.9495185,36.644937,济南市,机床二厂,颗粒物(PM10),60,63,57,26,23,47,NA,36,36,36,28,8,9,1.0,0.9
2026-09-14T0800,1305A,117.0496,36.6629,济南市,市监测站,颗粒物(PM10),53,54,53,23,21,60,NA,65,65,38,22,6,6,0.8,0.7
2026-09-14T0800,1306A,116.7674,36.5458,济南市,长清党校,,37,37,56,20,20,66,NA,67,67,32,22,4,6,0.3,0.3
2026-09-14T0800,1310A,120.404,36.0625,青岛市,市南区东部子站,,36,36,61,8,41,83,NA,112,112,25,30,8,9,0.7,0.8
2026-09-14T0800,1311A,120.362344,36.10282,青岛市,四方区子站,,34,34,63,7,42,78,NA,120,120,22,26,5,8,0.5,0.7
2026-09-14T0800,1312A,120.294373,36.054183,青岛市,市南区西部子站,,44,44,62,9,39,68,NA,118,118,33,32,11,10,0.5,0.7
2026-09-14T0800,1313A,120.4581,36.0858,青岛市,崂山区子站,,34,34,52,4,37,76,NA,119,119,18,26,10,11,0.4,0.6
2026-09-14T0800,1315A,120.3945,36.3083,青岛市,城阳区子站,颗粒物(PM10),55,56,76,19,46,67,NA,114,114,26,25,7,7,0.5,0.6
2026-09-14T0800,1316A,113.6843,34.7622,郑州市,烟厂,细颗粒物(PM2.5),100,88,69,60,44,36,NA,24,24,32,27,7,8,0.7,0.7
2026-09-14T0800,1318A,113.669,34.8034,郑州市,银行学校,细颗粒物(PM2.5),109,79,63,69,48,38,NA,27,27,38,35,7,8,0.8,0.8
2026-09-14T0800,1319A,113.5612,34.8143,郑州市,供水公司,细颗粒物(PM2.5),92,78,65,56,42,40,NA,23,23,40,34,13,6,0.9,0.9
2026-09-14T0800,1320A,113.7269,34.7187,郑州市,经开区管委,细颗粒物(PM2.5),90,83,67,55,43,22,NA,9,9,46,38,5,5,1.3,1.1
2026-09-14T0800,1321A,113.7332,34.7727,郑州市,四十七中,细颗粒物(PM2.5),109,74,61,69,43,29,NA,30,30,39,24,7,8,1.3,1
2026-09-14T0800,1323A,113.6361,34.7537,郑州市,河医大,细颗粒物(PM2.5),84,90,69,52,40,37,NA,29,29,33,27,10,8,1.0,0.9
2026-09-14T0800,1325A,114.3676,30.5584,武汉市,东湖梨园,,48,45,34,33,28,92,NA,105,105,20,15,12,13,0.9,0.7
2026-09-14T0800,1326A,114.2527,30.5578,武汉市,汉阳月湖,,46,46,37,29,27,71,NA,90,90,26,14,6,5,0.7,0.6
2026-09-14T0800,1327A,114.2819,30.6189,武汉市,汉口花桥,,48,48,37,30,27,89,NA,103,103,22,12,10,9,0.4,0.4
2026-09-14T0800,1328A,114.3024,30.5332,武汉市,武昌紫阳,颗粒物(PM10),53,53,41,28,26,96,NA,103,103,19,14,11,12,0.5,0.4
2026-09-14T0800,1329A,114.3646,30.6217,武汉市,青山钢花,,46,46,42,26,28,91,NA,97,97,18,14,11,10,0.7,0.6
2026-09-14T0800,1330A,114.156697,30.482592,武汉市,沌口新区,,43,43,36,29,29,90,NA,109,109,25,15,14,13,0.3,0.2
2026-09-14T0800,1331A,114.3013,30.5944,武汉市,汉口江滩,,47,47,47,24,27,89,NA,103,103,24,17,6,5,0.5,0.5
2026-09-14T0800,1333A,114.1285,30.6339,武汉市,吴家山,颗粒物(PM10),53,53,36,34,30,78,NA,91,91,23,18,10,11,0.6,0.5
2026-09-14T0800,1335A,113.082,28.2421,长沙市,经开区环保局,细颗粒物(PM2.5),103,72,57,63,36,60,NA,97,97,24,15,8,7,0.7,0.7
2026-09-14T0800,1336A,112.8873,28.2202,长沙市,高开区环保局,细颗粒物(PM2.5),103,78,66,63,43,39,NA,71,71,14,13,7,6,1.0,1
2026-09-14T0800,1337A,113.0785,28.2012,长沙市,马坡岭,细颗粒物(PM2.5),107,69,60,67,40,65,NA,96,96,24,18,10,10,1.0,0.9
2026-09-14T0800,1338A,112.9448,28.1894,长沙市,湖南师范大学,细颗粒物(PM2.5),104,79,62,64,38,50,NA,89,89,18,16,11,11,0.7,0.6
2026-09-14T0800,1339A,113.0177,28.1322,长沙市,雨花区环保局,细颗粒物(PM2.5),88,64,58,54,34,73,NA,102,102,24,16,9,9,1.0,0.9
2026-09-14T0800,1340A,112.9795,28.2593,长沙市,伍家岭,细颗粒物(PM2.5),98,76,65,59,41,47,NA,78,78,16,16,7,7,0.6,0.6
2026-09-14T0800,1341A,113.002,28.1944,长沙市,火车新站,细颗粒物(PM2.5),101,68,65,61,38,66,NA,97,97,18,14,7,7,0.8,0.7
2026-09-14T0800,1342A,112.9846,28.1177,长沙市,天心区环保局,细颗粒物(PM2.5),105,72,62,65,37,72,NA,96,96,25,22,6,6,1.2,1.1
2026-09-14T0800,1343A,112.8906,28.1307,长沙市,湖南中医药大学,细颗粒物(PM2.5),106,77,66,66,43,46,NA,82,82,13,13,9,9,0.7,0.6
2026-09-14T0800,1345A,113.2346,23.1423,广州市,广雅中学,,42,42,28,24,17,16,NA,15,15,36,23,6,5,0.8,0.7
2026-09-14T0800,1346A,113.2611,23.105,广州市,市五中,,36,36,26,24,19,22,NA,22,22,36,20,6,5,/,/
2026-09-14T0800,1348A,113.3477,23.0916,广州市,广东商学院,,33,33,25,23,17,19,NA,14,14,37,26,5,5,0.6,0.6
2026-09-14T0800,1349A,113.4332,23.105,广州市,市八十六中,,30,28,21,21,16,20,NA,12,12,38,30,7,7,/,/
2026-09-14T0800,1350A,113.3506,22.9488,广州市,番禺中学,,38,35,27,26,18,16,NA,25,25,37,19,6,5,0.5,0.3
2026-09-14T0800,1351A,113.2147,23.3918,广州市,花都师范,,32,32,39,22,27,41,NA,32,32,19,15,5,4,0.6,0.5
2026-09-14T0800,1352A,113.2599,23.1329,广州市,市监测站,,38,38,28,23,18,18,NA,23,23,36,18,2,1,/,/
2026-09-14T0800,1353A,113.5618,23.3119,广州市,九龙镇镇龙,,42,42,26,29,17,15,NA,18,18,24,16,11,8,0.6,0.6
2026-09-14T0800,1354A,113.2764,23.1544,广州市,麓湖,,38,33,23,26,18,11,NA,18,18,35,24,5,5,0.6,0.5
2026-09-14T0800,1356A,114.0948,22.5506,深圳市,通心岭子站,,18,18,18,8,9,34,NA,40,40,12,7,10,9,0.7,0.6
2026-09-14T0800,1357A,114.1153,22.5713,深圳市,洪湖,,29,29,20,15,10,7,NA,28,28,34,14,1,1,0.6,0.6
2026-09-14T0800,1358A,113.9823,22.5398,深圳市,华侨城,,21,21,19,10,9,32,NA,44,44,19,10,/,/,/,/
2026-09-14T0800,1359A,113.9181,22.517,深圳市,南海子站,,20,NA,19,14,13,47,NA,56,56,7,5,3,2,0.8,0.7
2026-09-14T0800,1360A,114.2345,22.565,深圳市,盐田,,18,18,21,8,9,32,NA,35,35,11,19,8,8,0.7,0.7
2026-09-14T0800,1363A,114.4911,22.5381,深圳市,南澳,,20,20,17,9,8,29,NA,40,40,12,8,/,/,/,/
2026-09-14T0800,1364A,114.41,22.6346,深圳市,葵涌,,32,32,20,15,12,20,NA,31,31,19,10,7,7,0.9,0.8
2026-09-14T0800,1365A,114.2967,22.5978,深圳市,梅沙,NA,NA,NA,27,9,8,46,NA,49,49,8,9,/,/,/,/
2026-09-14T0800,1366A,114.0563,22.7353,深圳市,观澜,,46,46,37,25,19,14,NA,21,21,34,23,4,4,0.7,0.6
2026-09-14T0800,1367A,113.5811,22.2618,珠海市,吉大,,39,NA,19,27,11,24,NA,32,32,19,12,8,7,0.8,0.7
2026-09-14T0800,1368A,113.4893,22.2323,珠海市,前山,,45,40,24,31,12,23,NA,44,44,30,15,/,/,/,/
2026-09-14T0800,1369A,113.6284,22.4252,珠海市,唐家,,36,NA,17,25,12,20,NA,22,22,14,9,/,/,/,/
2026-09-14T0800,1370A,113.2986,22.2284,珠海市,斗门,细颗粒物(PM2.5),54,NA,21,37,14,18,NA,25,25,20,14,10,9,0.7,0.5
2026-09-14T0800,1371A,113.1293,23.0065,佛山市,湾梁,,46,34,23,32,23,22,NA,25,25,34,20,/,/,/,/
2026-09-14T0800,1372A,113.1082,23.0477,佛山市,华材职中,细颗粒物(PM2.5),66,44,26,43,26,11,NA,17,17,38,16,4,2,0.7,0.5
2026-09-14T0800,1373A,113.1439,23.045,佛山市,南海气象局,,49,34,26,34,22,20,NA,19,19,30,18,/,/,/,/
2026-09-14T0800,1374A,113.2879,22.8094,佛山市,顺德苏岗,细颗粒物(PM2.5),52,NA,20,36,29,7,NA,21,21,34,17,/,/,0.7,0.5
2026-09-14T0800,1376A,112.8384,22.8678,佛山市,高明孔堂,细颗粒物(PM2.5),92,NA,31,56,22,16,NA,24,24,20,19,/,/,/,/
2026-09-14T0800,1377A,112.8835,23.1584,佛山市,三水监测站,,41,41,37,25,36,15,NA,18,18,43,23,8,8,0.5,0.5
2026-09-14T0800,1378A,112.8668,23.185,佛山市,三水云东海,,36,36,36,23,28,18,NA,17,17,27,14,/,/,/,/
2026-09-14T0800,1379A,113.377,22.5211,中山市,华柏园,,38,NA,22,26,16,35,NA,31,31,22,14,/,/,/,/
2026-09-14T0800,1380A,113.3879,22.5499,中山市,张溪,,38,30,28,26,15,31,NA,25,25,26,21,/,/,/,/
2026-09-14T0800,1381A,113.4071,22.5111,中山市,紫马岭,,30,30,19,19,11,11,NA,13,13,22,13,8,8,0.6,0.5
2026-09-14T0800,1383A,113.1063,22.6058,江门市,北街,,38,26,41,26,21,19,NA,23,23,21,14,/,/,/,/
2026-09-14T0800,1384A,113.073,22.5835,江门市,西区,,42,NA,24,29,19,13,NA,18,18,32,21,/,/,/,/
2026-09-14T0800,1385A,113.0218,22.531,江门市,圭峰西,,36,NA,23,25,14,22,NA,30,30,18,12,/,/,/,/
2026-09-14T0800,1390A,113.7943,23.0132,东莞市,东城石井,,29,29,23,19,15,24,NA,19,19,15,12,6,7,0.9,0.8
2026-09-14T0800,1391A,113.7384,22.9659,东莞市,南城西平,,39,39,33,27,17,17,NA,14,14,18,21,6,6,0.9,0.8
2026-09-14T0800,1392A,114.4181,23.0528,惠州市,河南岸金山湖子站,,33,33,22,19,16,18,NA,22,22,20,12,8,9,1.1,0.8
2026-09-14T0800,1393A,114.4055,23.0824,惠州市,下埔横江三路子站,,30,30,21,17,14,31,NA,27,27,15,12,12,8,0.6,0.6
2026-09-14T0800,1395A,114.4645,22.7832,惠州市,惠阳区承修路船湖子站,,35,35,34,15,17,41,NA,19,19,14,15,4,3,0.9,0.8
2026-09-14T0800,1396A,114.5316,22.7423,惠州市,大亚湾管委会子站,,46,46,24,22,12,18,NA,28,28,29,14,7,8,0.8,0.6
2026-09-14T0800,1397A,112.426,23.062,肇庆市,睦岗子站,,25,25,31,17,22,21,NA,33,33,18,13,6,8,/,/
2026-09-14T0800,1398A,112.4645,23.0476,肇庆市,城中子站,,24,24,33,16,21,13,NA,24,24,29,18,10,10,0.8,0.8
2026-09-14T0800,1399A,112.5545,23.1525,肇庆市,坑口子站,,17,17,29,9,20,25,NA,36,36,10,10,5,7,0.5,0.6
2026-09-14T0800,1401A,108.3098,22.788,南宁市,二十一中,细颗粒物(PM2.5),88,NA,45,54,40,18,NA,33,33,26,22,8,7,1.0,0.8
2026-09-14T0800,1402A,108.3135,22.8529,南宁市,北湖,细颗粒物(PM2.5),90,NA,54,55,43,9,NA,16,16,26,22,5,8,1.0,0.8
2026-09-14T0800,1403A,108.3205,22.8222,南宁市,市监测站,细颗粒物(PM2.5),70,49,47,45,38,8,NA,26,26,27,18,6,6,0.9,0.8
2026-09-14T0800,1404A,108.3828,22.8038,南宁市,大自然花园,细颗粒物(PM2.5),72,47,40,46,34,17,NA,48,48,21,15,4,5,0.8,0.7
2026-09-14T0800,1406A,108.2397,22.8462,南宁市,区农职院,细颗粒物(PM2.5),72,49,48,46,37,20,NA,19,19,13,17,16,10,0.9,0.9
2026-09-14T0800,1407A,108.3285,22.7356,南宁市,英华嘉园,细颗粒物(PM2.5),92,63,50,56,44,10,NA,31,31,31,18,4,6,0.8,0.8
2026-09-14T0800,1410A,110.3189,20.0596,海口市,海南大学,,17,11,12,5,5,54,NA,56,56,3,3,6,6,0.3,0.3
2026-09-14T0800,1411A,110.2827,20.0051,海口市,秀英海南医院,,16,11,11,5,5,51,NA,54,54,4,3,6,6,0.3,0.3
2026-09-14T0800,1412A,110.3391,19.9979,海口市,海南师范大学,,16,12,11,6,6,50,NA,52,52,4,3,4,3,0.4,0.4
2026-09-14T0800,1413A,110.3303,20.0359,海口市,龙华路环保局宿舍,,16,12,12,6,7,50,NA,54,54,5,4,/,/,0.4,0.3
2026-09-14T0800,1416A,106.4216,29.8256,重庆市,天生,,45,41,36,31,23,18,NA,26,26,17,11,10,9,0.6,0.6
2026-09-14T0800,1417A,106.6264,29.7226,重庆市,两路,,45,45,46,30,27,31,NA,31,31,15,10,5,5,0.6,0.6
2026-09-14T0800,1419A,106.5778,29.5103,重庆市,南坪,,46,46,49,18,24,33,NA,39,39,15,17,8,7,0.6,0.6
2026-09-14T0800,1420A,106.6556,29.6277,重庆市,唐家沱,颗粒物(PM10),52,52,40,29,23,18,NA,24,24,24,18,15,13,0.7,0.6
2026-09-14T0800,1431A,103.9727,30.7242,成都市,金泉两河,,39,27,17,27,12,32,NA,25,25,15,17,9,2,0.7,0.5
2026-09-14T0800,1432A,104.1423,30.6765,成都市,十里店,,38,38,23,23,14,4,NA,28,28,42,18,5,5,0.7,0.4
2026-09-14T0800,1433A,104.0594,30.5765,成都市,三瓦窑,,26,NA,18,18,13,27,NA,42,42,41,27,6,6,0.7,0.6
2026-09-14T0800,1434A,104.1122,30.6306,成都市,沙河铺,,26,26,24,18,13,32,NA,27,27,16,15,7,7,0.7,0.6
2026-09-14T0800,1439A,106.6863,26.6035,贵阳市,马鞍山,,28,27,26,19,20,41,NA,36,36,7,8,2,2,/,/
2026-09-14T0800,1441A,106.6241,26.6266,贵阳市,鉴湖路,,36,36,34,17,17,60,NA,51,51,6,6,8,8,0.7,0.6
2026-09-14T0800,1442A,106.7468,26.6344,贵阳市,燕子冲,,34,34,37,20,22,54,NA,50,50,10,10,5,7,0.8,0.7
2026-09-14T0800,1443A,106.6556,26.4362,贵阳市,碧云窝,,48,48,46,20,21,49,NA,48,48,11,10,6,7,/,/
2026-09-14T0800,1445A,106.6963,26.6063,贵阳市,红边门,,39,31,31,27,20,55,NA,53,53,8,7,3,5,/,/
2026-09-14T0800,1446A,106.7162383,26.56964667,贵阳市,新华路,,46,46,36,26,20,53,NA,51,51,10,10,6,7,0.8,0.7
2026-09-14T0800,1447A,106.6742,26.542,贵阳市,太慈桥,细颗粒物(PM2.5),58,39,32,39,21,61,NA,58,58,10,10,3,4,/,/
2026-09-14T0800,1450A,102.8203,24.889,昆明市,呈贡新区,,32,NA,24,22,22,84,NA,88,88,12,9,2,4,0.7,0.7
2026-09-14T0800,1452A,102.7253,25.0904,昆明市,龙泉镇,NA,NA,21,29,17,21,68,NA,72,72,12,13,7,8,NA,0.4
2026-09-14T0800,1453A,102.7267,25.0378,昆明市,东风东路,,29,29,31,20,21,78,NA,77,77,14,14,5,6,0.5,0.5
2026-09-14T0800,1454A,102.6744,25.0671,昆明市,金鼎山,,25,23,32,17,21,77,NA,78,78,12,13,4,5,0.4,0.3
2026-09-14T0800,1455A,102.6643,25.0401,昆明市,碧鸡广场,,33,33,30,20,23,74,NA,76,76,15,14,7,7,0.6,0.6
2026-09-14T0800,1456A,91.132,29.6515,拉萨市,八廓街,,19,8,8,6,6,58,NA,64,64,10,9,8,10,0.2,0.2
2026-09-14T0800,1457A,91.1221,29.6748,拉萨市,市环保局,,16,NA,10,7,5,51,NA,59,59,10,12,9,9,0.3,0.3
2026-09-14T0800,1458A,91.0874,29.6476,拉萨市,区监测站,,18,7,8,7,6,56,NA,58,58,13,14,7,8,0.4,0.3
2026-09-14T0800,1459A,91.1774,29.6541,拉萨市,西藏大学,,17,10,8,5,6,52,NA,60,60,11,11,7,8,0.3,0.2
2026-09-14T0800,1460A,90.9798,29.6586,拉萨市,区辐射站,,19,9,13,9,7,58,NA,58,58,10,17,7,8,0.1,0.2
2026-09-14T0800,1461A,91.0831,29.6292,拉萨市,拉萨火车站,,16,7,10,6,7,50,NA,55,55,16,13,7,7,0.2,0.2
2026-09-14T0800,1463A,108.9931,34.2629,西安市,兴庆小区,,16,15,34,11,17,25,NA,25,25,19,18,3,4,0.5,0.5
2026-09-14T0800,1464A,109.0595,34.2569,西安市,纺织城,,29,29,31,15,15,7,NA,5,5,28,27,2,2,0.7,0.7
2026-09-14T0800,1465A,108.9377,34.2178,西安市,小寨,,29,26,27,20,14,20,NA,24,24,27,19,2,2,0.7,0.7
2026-09-14T0800,1466A,108.9522,34.2739,西安市,市人民体育场,,38,38,38,20,22,11,NA,11,11,42,29,3,3,0.9,0.7
2026-09-14T0800,1467A,108.8923,34.2322,西安市,高新西区,颗粒物(PM10),53,54,34,32,18,17,NA,20,20,34,23,5,5,0.6,0.5
2026-09-14T0800,1468A,108.9386,34.3446,西安市,经开区,,37,37,40,24,19,8,NA,8,8,34,23,2,2,0.8,0.7
2026-09-14T0800,1469A,108.894,34.1557,西安市,长安区,,28,28,29,13,13,9,NA,7,7,25,21,2,2,0.7,0.7
2026-09-14T0800,1471A,109.213,34.3748,西安市,临潼区,,38,36,32,26,18,28,NA,29,29,26,18,4,3,0.8,0.7
2026-09-14T0800,1474A,109.0508,34.321,西安市,广运潭,,20,20,36,13,15,31,NA,21,21,18,23,5,5,0.6,0.6
2026-09-14T0800,1479A,103.8309,36.0467,兰州市,铁路设计院,,34,34,37,16,16,23,NA,45,45,32,20,3,3,1.0,0.7
2026-09-14T0800,1489A,106.1361,38.5039,银川市,学院路,颗粒物(PM10),58,60,58,21,18,31,NA,30,30,36,32,6,8,0.6,0.7
2026-09-14T0800,1490A,87.5796,43.8299,乌鲁木齐市,监测站,,50,50,58,16,19,58,NA,52,52,28,34,2,3,0.5,0.5
2026-09-14T0800,1491A,87.6044,43.7679,乌鲁木齐市,收费所,颗粒物(PM10),59,62,65,20,23,56,NA,36,36,20,37,1,2,0.2,0.4
2026-09-14T0800,1493A,87.5529,43.8704,乌鲁木齐市,铁路局,颗粒物(PM10),53,53,61,16,22,60,NA,52,52,28,36,8,8,0.6,0.7
2026-09-14T0800,1494A,87.6408,43.8258,乌鲁木齐市,三十一中学,颗粒物(PM10),69,76,66,21,22,66,NA,58,58,18,26,6,7,0.4,0.4
2026-09-14T0800,1496A,87.7218,44.1747,乌鲁木齐市,米东区环保局,颗粒物(PM10),68,74,64,19,18,59,NA,47,47,21,20,13,12,0.5,0.6
2026-09-14T0800,1508A,112.9508,27.8626,湘潭市,板塘,细颗粒物(PM2.5),108,93,65,68,43,59,NA,91,91,21,14,11,10,0.6,0.6
2026-09-14T0800,1511A,112.9114,27.8404,湘潭市,市监测站,细颗粒物(PM2.5),108,NA,48,68,44,68,NA,83,83,23,15,5,5,0.6,0.6
2026-09-14T0800,1512A,112.8935,27.8729,湘潭市,江麓,细颗粒物(PM2.5),109,82,62,69,43,65,NA,91,91,13,11,8,8,0.6,0.5
2026-09-14T0800,1513A,112.9227,27.8159,湘潭市,岳塘,细颗粒物(PM2.5),107,84,66,67,44,74,NA,98,98,16,12,11,10,0.1,0
2026-09-14T0800,1514A,112.9073,27.9118,湘潭市,科大,细颗粒物(PM2.5),108,80,68,68,46,56,NA,79,79,10,13,9,9,1.1,0.9
2026-09-14T0800,1515A,113.1265,27.8306,株洲市,天台山庄,细颗粒物(PM2.5),76,72,59,48,40,77,NA,87,87,36,24,4,4,0.7,0.7
2026-09-14T0800,1518A,113.0937,27.8919,株洲市,株冶医院,细颗粒物(PM2.5),94,74,60,57,43,53,NA,62,62,33,21,6,6,0.9,0.9
2026-09-14T0800,1519A,113.1709,27.8661,株洲市,市四中,细颗粒物(PM2.5),68,65,58,44,39,91,NA,98,98,30,21,8,7,0.9,0.9
2026-09-14T0800,1520A,113.1515,27.8265,株洲市,火车站,颗粒物(PM10),59,62,60,38,41,106,NA,97,97,21,19,15,13,0.8,0.7
2026-09-14T0800,1524A,113.1329,27.8491,株洲市,市监测站,细颗粒物(PM2.5),62,64,61,41,40,86,NA,76,76,35,28,10,9,0.6,0.5
2026-09-14T0800,1562A,113.0048,27.9153,湘潭市,昭山,细颗粒物(PM2.5),104,85,74,64,46,51,NA,51,51,14,17,8,8,0.8,0.7
2026-09-14T0800,1585A,109.8761,40.6533,包头市,市环境监测站,,32,32,25,9,11,23,NA,27,27,28,24,7,5,0.4,0.3
2026-09-14T0800,1587A,109.9992,40.5843,包头市,包头八中,,36,36,37,14,15,25,NA,28,28,26,27,8,8,0.3,0.3
2026-09-14T0800,1589A,109.8641,40.6288,包头市,惠龙物流,,31,31,24,9,12,27,NA,25,25,26,23,10,10,0.4,0.4
2026-09-14T0800,1590A,110.0376,40.5546,包头市,东河鸿龙湾,,20,20,34,9,11,28,NA,30,30,20,23,12,15,0.5,0.5
2026-09-14T0800,1591A,110.0024,39.8127,鄂尔多斯市,综合楼,颗粒物(PM10),78,88,47,21,16,19,NA,44,44,63,29,12,8,0.7,0.3
2026-09-14T0800,1592A,109.9485,39.8259,鄂尔多斯市,巴音孟克林场办事处,颗粒物(PM10),67,73,36,16,11,14,NA,57,57,59,28,8,7,0.9,0.5
2026-09-14T0800,1593A,109.7734,39.5987,鄂尔多斯市,康泽苑,,34,34,26,9,10,30,NA,31,31,25,18,9,10,0.5,0.3
2026-09-14T0800,1594A,109.8121,39.5987,鄂尔多斯市,华泰汽车城,,34,34,27,13,10,10,NA,6,6,39,30,4,5,0.8,0.6
2026-09-14T0800,1595A,109.9734,39.7884,鄂尔多斯市,奥林花园,颗粒物(PM10),58,61,41,20,13,6,NA,25,25,55,32,6,5,0.7,0.5
2026-09-14T0800,1597A,122.2704,40.7093,营口市,大庆路,,25,25,36,7,13,35,NA,32,32,18,22,10,8,0.6,0.7
2026-09-14T0800,1598A,122.215,40.6511,营口市,镜湖西路,,23,23,28,5,10,34,NA,35,35,22,23,2,3,0.3,0.4
2026-09-14T0800,1599A,122.1667,40.665,营口市,西炮台,,16,16,24,2,7,31,NA,28,28,18,21,8,6,0.2,0.2
2026-09-14T0800,1600A,124.33,40.0625,丹东市,江湾东路,,17,17,40,4,12,46,NA,56,56,12,11,9,7,0.7,0.7
2026-09-14T0800,1601A,124.4242,40.1513,丹东市,临江后街,,18,18,31,6,16,33,NA,36,36,17,11,6,4,0.9,0.8
2026-09-14T0800,1602A,124.3935,40.1461,丹东市,元宝山,,25,25,30,9,14,27,NA,39,39,13,7,11,8,0.7,0.7
2026-09-14T0800,1603A,124.3634,40.1093,丹东市,民主桥,,23,23,36,4,12,36,NA,47,47,14,9,13,10,0.6,0.5
2026-09-14T0800,1604A,122.0303,41.1489,盘锦市,开发区,,11,11,20,6,5,32,NA,16,16,18,15,8,5,0.4,0.3
2026-09-14T0800,1605A,122.0486,41.0883,盘锦市,兴隆台,,16,16,20,3,7,31,NA,7,7,20,26,7,5,0.4,0.4
2026-09-14T0800,1606A,121.8297,41.1026,盘锦市,新生街道,,11,8,14,3,3,22,NA,9,9,22,21,14,9,0.5,0.4
2026-09-14T0800,1607A,120.904878,40.721091,葫芦岛市,龙港区,颗粒物(PM10),53,54,22,1,7,19,NA,16,16,33,22,10,9,0.3,0.1
2026-09-14T0800,1608A,120.8382,40.7521,葫芦岛市,化工街,,46,46,26,8,8,22,NA,21,21,33,18,6,5,0.2,0.1
2026-09-14T0800,1609A,120.8339,40.7078,葫芦岛市,新区,,24,22,18,6,5,26,NA,16,16,47,22,9,7,0.5,0.4
2026-09-14T0800,1610A,120.8697,40.7679,葫芦岛市,东城区,颗粒物(PM10),63,68,26,2,13,12,NA,22,22,43,19,22,13,0.5,0.3
2026-09-14T0800,1611A,118.5818,24.9116,泉州市,涂山街,,14,10,17,6,10,44,NA,52,52,5,7,3,3,0.4,0.5
2026-09-14T0800,1612A,118.597,24.8976,泉州市,津头埔,,17,17,18,7,10,34,NA,48,48,10,9,2,2,0.5,0.5
2026-09-14T0800,1613A,118.6669,24.9422,泉州市,万安,,20,20,19,8,8,31,NA,46,46,13,8,5,4,0.6,0.6
2026-09-14T0800,1618A,118.3429,35.0532,临沂市,沂河小区,颗粒物(PM10),67,73,88,27,42,136,NA,122,122,17,31,11,12,0.8,0.8
2026-09-14T0800,1619A,118.2962,35.0568,临沂市,鲁南制药厂,颗粒物(PM10),63,68,93,28,46,134,NA,117,117,22,40,11,14,0.8,0.9
2026-09-14T0800,1620A,118.2793,34.9976,临沂市,新光毛纺厂,颗粒物(PM10),56,58,74,24,43,133,NA,110,110,26,41,12,14,0.8,0.8
2026-09-14T0800,1621A,118.3955,35.0889,临沂市,河东保险公司,颗粒物(PM10),74,83,98,33,57,137,NA,114,114,26,56,10,17,0.6,0.8
2026-09-14T0800,1622A,116.3034,37.4675,德州市,儿童乐园,颗粒物(PM10),67,73,53,40,18,70,NA,105,105,44,15,16,12,0.5,0.4
2026-09-14T0800,1624A,116.2992,37.4449,德州市,监理站,颗粒物(PM10),63,68,48,35,17,78,NA,105,105,53,22,19,12,0.6,0.5
2026-09-14T0800,1625A,115.9789,36.4372,聊城市,区政府,颗粒物(PM10),70,77,65,44,34,63,NA,50,50,42,22,8,9,0.6,0.6
2026-09-14T0800,1629A,117.9961,37.3604,滨州市,第二水厂,细颗粒物(PM2.5),137,122,92,100,52,45,NA,74,74,54,21,8,9,1.3,1
2026-09-14T0800,1630A,117.9789,37.3931,滨州市,北中新校,细颗粒物(PM2.5),110,114,72,71,44,90,NA,60,60,46,22,14,10,1.1,0.8
2026-09-14T0800,1631A,118.0413,36.8101,淄博市,人民公园,细颗粒物(PM2.5),130,156,89,92,50,48,NA,29,29,54,28,11,9,1.4,0.6
2026-09-14T0800,1633A,117.8524,36.4848,淄博市,双山,细颗粒物(PM2.5),80,81,65,50,36,56,NA,48,48,51,29,15,10,1.1,0.9
2026-09-14T0800,1634A,117.9595,36.6332,淄博市,气象站,细颗粒物(PM2.5),101,111,81,61,41,60,NA,43,43,46,30,25,13,1.1,0.8
2026-09-14T0800,1637A,117.5628,34.8379,枣庄市,市中区政府,颗粒物(PM10),56,58,90,15,47,105,NA,42,42,20,30,7,10,0.5,0.6
2026-09-14T0800,1638A,117.2855,34.7838,枣庄市,薛城环保局,细颗粒物(PM2.5),80,90,85,50,47,56,NA,54,54,48,33,8,9,0.8,0.7
2026-09-14T0800,1639A,117.5854,34.7744,枣庄市,峄城区政府,颗粒物(PM10),70,78,95,29,45,117,NA,87,87,20,24,12,11,0.4,0.5
2026-09-14T0800,1641A,117.4516,35.0992,枣庄市,山亭区环保局,颗粒物(PM10),65,70,74,34,46,71,NA,59,59,24,20,8,6,0.7,0.7
2026-09-14T0800,1642A,121.2517,37.564,烟台市,开发区,,29,29,57,1,21,67,NA,73,73,11,17,8,9,0.5,0.6
2026-09-14T0800,1644A,121.3181,37.5436,烟台市,西郊化工站,,34,34,52,1,22,66,NA,68,68,14,17,8,9,0.6,0.7
2026-09-14T0800,1645A,121.4419,37.4858,烟台市,莱山环保局,,23,22,44,0,23,73,NA,74,74,9,16,4,6,0.3,0.5
2026-09-14T0800,1646A,121.2619,37.4965,烟台市,福山环保局,,46,46,64,2,27,62,NA,63,63,16,17,5,6,0.4,0.4
2026-09-14T0800,1650A,119.1436,36.7022,潍坊市,环保局,颗粒物(PM10),56,58,69,35,42,88,NA,120,120,27,20,8,6,0.8,0.8
2026-09-14T0800,1653A,116.6229,35.4288,济宁市,火炬城,细颗粒物(PM2.5),94,97,75,57,40,62,NA,60,60,39,25,4,3,0.8,0.6
2026-09-14T0800,1656A,117.1436,36.1938,泰安市,监测站,颗粒物(PM10),63,68,58,28,27,37,NA,50,50,43,23,7,7,0.7,0.6
2026-09-14T0800,1657A,117.0905,36.2002,泰安市,人口学校,颗粒物(PM10),56,58,52,27,21,36,NA,65,65,47,17,8,9,0.6,0.5
2026-09-14T0800,1658A,117.0992,36.1757,泰安市,电力学校,颗粒物(PM10),72,80,58,42,32,39,NA,36,36,43,24,8,6,0.7,0.4
2026-09-14T0800,1659A,119.4711,35.421,日照市,监测站,,39,39,57,20,42,103,NA,148,148,14,27,9,10,0.5,0.6
2026-09-14T0800,1660A,119.523,35.4216,日照市,市政府广场,,33,17,53,6,40,104,NA,141,141,9,21,5,6,0.5,0.7
2026-09-14T0800,1661A,119.5511,35.4113,日照市,港务局,,34,31,55,10,38,107,NA,150,150,7,17,5,6,0.4,0.5
2026-09-14T0800,1662A,122.121,37.4231,威海市,华夏技校,,22,17,41,0,22,68,NA,86,86,13,12,/,/,0.3,0.5
2026-09-14T0800,1663A,122.0508,37.5236,威海市,山大分校,,22,15,36,0,23,70,NA,86,86,5,10,/,/,/,/
2026-09-14T0800,1664A,122.1067,37.5067,威海市,市监测站,,23,22,44,1,24,71,NA,86,86,7,10,5,6,0.3,0.5
2026-09-14T0800,1666A,118.6612,37.4313,东营市,市环保局,细颗粒物(PM2.5),80,61,62,50,40,113,NA,80,80,21,13,8,7,0.5,0.5
2026-09-14T0800,1669A,113.5821,24.7733,韶关市,市八中,,38,37,37,26,21,54,NA,56,56,10,8,16,11,1.1,1
2026-09-14T0800,1671A,113.5916,24.7973,韶关市,园林处,,45,36,34,31,29,59,NA,61,61,11,9,15,13,/,/
2026-09-14T0800,1673A,113.5971,24.6864,韶关市,曲江监测站,细颗粒物(PM2.5),54,47,44,37,31,42,NA,29,29,18,16,19,12,0.6,0.6
2026-09-14T0800,1674A,116.6795,23.3666,汕头市,金平子站,,22,21,18,15,11,46,NA,47,47,18,10,10,5,0.8,0.6
2026-09-14T0800,1675A,116.7248,23.3632,汕头市,龙湖子站,,28,24,23,19,12,44,NA,44,44,11,4,8,6,/,/
2026-09-14T0800,1676A,116.7257,23.2774,汕头市,濠江子站,,26,23,17,18,10,36,NA,44,44,13,7,7,6,/,/
2026-09-14T0800,1677A,116.7518,23.4712,汕头市,澄海子站,,30,NA,22,21,14,36,NA,38,38,15,7,13,6,1.0,0.9
2026-09-14T0800,1678A,116.6088,23.2539,汕头市,潮阳子站,,25,18,18,17,12,39,NA,43,43,13,7,8,7,1.0,0.3
2026-09-14T0800,1680A,110.3648,21.2697,湛江市,湛江影剧院,,17,17,17,10,9,40,NA,38,38,8,7,10,7,0.4,0.4
2026-09-14T0800,1681A,110.3907,21.2279,湛江市,市环境监测站,NA,NA,17,11,10,8,NA,NA,39,39,7,5,13,7,0.3,0.3
2026-09-14T0800,1682A,110.3936,21.1943,湛江市,环保局宿舍,,12,11,12,8,7,36,NA,38,38,15,10,11,8,/,/
2026-09-14T0800,1683A,110.4138,21.2033,湛江市,霞山游泳场,,12,12,10,6,5,34,NA,33,33,12,10,10,8,/,/
2026-09-14T0800,1685A,110.4512,21.239,湛江市,坡头区环保局,,18,12,11,12,7,35,NA,37,37,10,5,9,8,0.5,0.4
2026-09-14T0800,1686A,111.0285,21.469,茂名市,电白南海,NA,NA,NA,17,NA,4,NA,NA,NA,NA,NA,6,NA,3,NA,0.5
2026-09-14T0800,1687A,110.9294,21.6533,茂名市,茂石化七小,,19,19,13,10,10,40,NA,42,42,10,8,5,6,0.8,0.6
2026-09-14T0800,1688A,110.9108,21.6688,茂名市,健康路,,15,NA,7,9,7,45,NA,43,43,10,8,6,8,0.7,0.6
2026-09-14T0800,1689A,110.8592,21.6826,茂名市,高岭,,28,27,17,19,11,18,NA,26,26,18,12,14,11,/,/
2026-09-14T0800,1690A,116.1248,24.3307,梅州市,梅江月梅,,32,NA,26,22,17,21,NA,22,22,10,11,/,/,/,/
2026-09-14T0800,1691A,116.0798,24.2719,梅州市,梅县新城,,32,28,26,22,17,9,NA,16,16,13,13,10,10,0.8,0.7
2026-09-14T0800,1693A,115.3653,22.7751,汕尾市,市环保局,,23,NA,19,16,12,57,NA,77,77,15,12,7,6,0.5,0.4
2026-09-14T0800,1695A,115.362,22.7926,汕尾市,新城中学,,18,16,20,12,13,45,NA,60,60,15,10,9,8,0.8,0.7
2026-09-14T0800,1697A,114.6962,23.7538,河源市,东埔,,32,24,25,22,21,45,NA,38,38,14,14,6,6,1.0,0.8
2026-09-14T0800,1698A,114.6895,23.7232,河源市,老城,,36,32,29,25,20,22,NA,15,15,17,14,7,7,0.9,0.7
2026-09-14T0800,1701A,111.9491,21.8658,阳江市,马南垌,,19,16,12,13,10,44,NA,40,40,9,7,6,6,0.7,0.6
2026-09-14T0800,1703A,113.0218,23.7086,清远市,凤城街办,,38,38,41,25,29,39,NA,44,44,23,10,/,/,/,/
2026-09-14T0800,1708A,116.3701,23.5345,揭阳市,新兴,,11,7,29,5,14,34,NA,43,43,14,15,6,11,0.9,0.8
2026-09-14T0800,1709A,116.3261,23.5442,揭阳市,西马,NA,NA,NA,28,8,14,31,NA,37,37,13,13,5,7,0.7,0.7
2026-09-14T0800,1710A,116.361,23.5627,揭阳市,东兴,,12,NA,24,8,14,32,NA,39,39,16,15,5,8,/,/
2026-09-14T0800,1711A,116.4151,23.5295,揭阳市,渔湖,,10,NA,27,5,16,32,NA,43,43,14,13,4,10,/,/
2026-09-14T0800,1714A,112.0281,22.9738,云浮市,牧羊,,31,31,31,19,21,10,NA,17,17,29,18,7,7,0.7,0.7
2026-09-14T0800,1715A,102.575,24.371,玉溪市,东风水库,,33,NA,27,23,19,97,NA,99,99,8,7,6,6,0.7,0.6
2026-09-14T0800,1723A,113.2926,40.0759,大同市,云冈宾馆,,50,50,27,9,6,14,NA,24,24,30,18,29,14,1.2,0.5
2026-09-14T0800,1724A,113.3437,40.0921,大同市,大同大学,,44,44,30,7,6,27,NA,31,31,23,16,23,17,0.6,0.3
2026-09-14T0800,1725A,113.2637,40.129,大同市,安家小村,,35,35,27,8,7,10,NA,10,10,24,19,11,6,1.1,0.6
2026-09-14T0800,1727A,113.1146,36.1547,长治市,清华站,,42,42,40,17,21,19,NA,46,46,24,13,9,12,0.7,0.8
2026-09-14T0800,1730A,113.0887,36.2126,长治市,审计局,,40,40,34,9,19,18,NA,41,41,29,19,12,14,0.7,0.8
2026-09-14T0800,1731A,113.0845,36.1856,长治市,长治八中,,47,47,42,25,21,29,NA,38,38,29,19,13,14,0.9,0.9
2026-09-14T0800,1733A,111.5552,36.0791,临汾市,临钢医院,颗粒物(PM10),53,53,63,31,30,36,NA,43,43,22,20,9,9,1.1,1.1
2026-09-14T0800,1734A,111.4984,36.0734,临汾市,技工学校,,47,47,65,23,35,33,NA,38,38,21,20,7,8,0.7,1
2026-09-14T0800,1736A,111.5017,36.0857,临汾市,市委,,45,45,71,15,29,35,NA,38,38,18,19,8,9,0.6,0.9
2026-09-14T0800,1739A,113.4894,37.8717,阳泉市,赛鱼,颗粒物(PM10),73,82,59,16,23,5,NA,3,3,45,44,7,8,0.6,0.5
2026-09-14T0800,1740A,113.582,37.8473,阳泉市,南庄,颗粒物(PM10),55,56,42,13,16,12,NA,14,14,41,33,5,12,0.7,0.5
2026-09-14T0800,1742A,113.5616,37.8706,阳泉市,平坦,颗粒物(PM10),54,55,46,15,18,10,NA,4,4,47,38,12,12,0.6,0.6
2026-09-14T0800,1743A,113.5115,37.8391,阳泉市,大阳泉,,28,28,16,14,13,42,NA,57,57,32,17,30,8,0.7,0.5
2026-09-14T0800,1744A,118.9229,42.2816,赤峰市,松山一中,,13,13,9,6,5,21,NA,30,30,20,9,16,10,0.4,0.3
2026-09-14T0800,1745A,118.9588,42.2733,赤峰市,哈达街,,20,20,14,2,5,31,NA,36,36,19,11,7,7,0.5,0.4
2026-09-14T0800,1746A,118.8792,42.2551,赤峰市,天义路,,13,11,8,2,4,24,NA,34,34,22,11,39,9,0.8,0.6
2026-09-14T0800,1748A,123.0441,41.1201,鞍山市,深沟寺,,17,17,27,7,12,35,NA,39,39,17,16,9,9,0.6,0.7
2026-09-14T0800,1749A,123.011,41.0931,鞍山市,太阳城,,23,23,47,6,13,41,NA,32,32,14,17,12,13,0.7,1.1
2026-09-14T0800,1750A,123.0483,41.1445,鞍山市,太平,,26,26,37,11,15,30,NA,20,20,20,22,12,11,1.0,0.9
2026-09-14T0800,1751A,122.964,41.0968,鞍山市,铁西三道街,,40,40,47,20,18,25,NA,17,17,25,28,16,14,1.3,1.3
2026-09-14T0800,1753A,123.0219,41.0822,鞍山市,明达新区,,18,18,28,6,12,40,NA,31,31,13,15,11,11,0.8,1
2026-09-14T0800,1755A,123.7974,41.8494,抚顺市,望花区,颗粒物(PM10),57,59,32,25,15,20,NA,7,7,29,22,17,9,2.2,0.8
2026-09-14T0800,1756A,123.9161,41.8827,抚顺市,顺城区,,40,40,29,18,14,20,NA,5,5,24,23,12,11,1.0,0.8
2026-09-14T0800,1757A,124.0437,41.8615,抚顺市,东洲区,NA,NA,35,25,23,12,NA,NA,18,18,18,13,16,10,0.8,0.5
2026-09-14T0800,1758A,123.9246,41.8638,抚顺市,新抚区,,40,40,36,24,16,14,NA,3,3,21,23,8,7,0.5,0.4
2026-09-14T0800,1759A,124.0972,41.8961,抚顺市,大伙房水库,,35,29,21,24,11,12,NA,4,4,15,17,12,12,0.5,0.4
2026-09-14T0800,1760A,123.708,41.8386,抚顺市,沈抚新城,,42,42,32,21,12,17,NA,4,4,25,24,11,9,0.7,0.5
2026-09-14T0800,1761A,123.8274146,41.31234549,本溪市,大峪,,43,43,30,14,13,9,NA,4,4,20,20,7,7,1.0,0.7
2026-09-14T0800,1763A,123.7169,41.3094,本溪市,彩屯,颗粒物(PM10),62,66,45,30,21,16,NA,10,10,33,22,17,9,3.0,0.8
2026-09-14T0800,1764A,123.7672166,41.28649327,本溪市,东明,,38,38,33,21,14,10,NA,2,2,30,27,16,8,2.3,0.8
2026-09-14T0800,1765A,123.799345,41.266614,本溪市,新立屯,,16,12,30,8,13,23,NA,9,9,22,28,14,12,1.6,1.2
2026-09-14T0800,1766A,123.829144,41.336777,本溪市,威宁,,47,47,36,15,13,12,NA,4,4,15,20,5,6,0.8,0.5
2026-09-14T0800,1767A,121.1114,41.0879,锦州市,南山,,28,25,17,19,7,24,NA,26,26,28,17,12,9,0.4,0.2
2026-09-14T0800,1768A,121.060361,40.842794,锦州市,开发区,,29,23,27,20,9,39,NA,32,32,25,23,14,16,0.7,0.5
2026-09-14T0800,1769A,121.1836,41.1118,锦州市,百股街道,,28,27,17,19,7,24,NA,21,21,30,16,15,10,0.6,0.4
2026-09-14T0800,1770A,121.1176,41.1224,锦州市,天安街道,,40,40,22,13,7,26,NA,33,33,35,17,18,11,0.4,0.3
2026-09-14T0800,1771A,121.1303,41.1385,锦州市,北湖公园,,16,13,16,6,6,50,NA,49,49,11,10,10,10,0.3,0.3
2026-09-14T0800,1772A,126.54,43.8622,吉林市,哈达湾,,13,13,20,7,11,39,NA,36,36,8,10,3,3,0.2,0.2
2026-09-14T0800,1773A,126.5843,43.8358,吉林市,东局子,,15,14,21,10,13,32,NA,27,27,14,16,5,5,0.4,0.4
2026-09-14T0800,1774A,126.5051,43.8243,吉林市,电力学院,,15,15,24,10,16,25,NA,11,11,9,12,8,7,0.5,0.5
2026-09-14T0800,1775A,126.6133,43.8971,吉林市,江北,,20,20,27,11,13,27,NA,19,19,16,16,7,6,0.5,0.5
2026-09-14T0800,1776A,126.5549,43.8304,吉林市,江南公园,,16,13,20,11,13,26,NA,23,23,10,9,4,3,0.2,0.1
2026-09-14T0800,1779A,123.9307,47.3641,齐齐哈尔市,安居小区,,27,27,21,2,3,28,NA,27,27,8,6,3,3,0.3,0.3
2026-09-14T0800,1780A,123.9497,47.3389,齐齐哈尔市,中心广场,,14,14,5,6,3,27,NA,30,30,9,6,1,1,0.2,0.1
2026-09-14T0800,1781A,123.9483,47.3229,齐齐哈尔市,农牧车辆厂,,19,19,15,4,4,26,NA,27,27,8,4,6,6,0.5,0.4
2026-09-14T0800,1783A,123.9442,47.2994,齐齐哈尔市,市环境监测站,,16,16,11,2,2,24,NA,25,25,7,5,4,4,0.2,0.2
2026-09-14T0800,1784A,129.61,44.561,牡丹江市,环保大楼,NA,NA,8,19,4,7,NA,NA,NA,NA,10,10,5,5,NA,0.2
2026-09-14T0800,1787A,129.6364,44.6075,牡丹江市,机车工厂,,23,23,30,2,8,40,NA,27,27,11,15,5,7,0.2,0.3
2026-09-14T0800,1788A,129.6386,44.5462,牡丹江市,第一中学,,14,14,23,3,8,43,NA,30,30,6,9,3,4,0.3,0.4
2026-09-14T0800,1789A,124.8085,46.0381,大庆市,大同区,,15,6,12,4,6,47,NA,40,40,8,7,6,5,0.4,0.4
2026-09-14T0800,1790A,125.1166,46.5255,大庆市,龙凤区,,38,38,23,16,10,24,NA,26,26,15,12,5,4,1.1,0.2
2026-09-14T0800,1791A,124.8894,46.4007,大庆市,红岗区,,16,16,16,2,6,29,NA,29,29,7,6,5,6,0.3,0.3
2026-09-14T0800,1792A,125.1391,46.578,大庆市,萨尔图区,,32,32,20,4,5,20,NA,27,27,18,10,8,7,0.5,0.4
2026-09-14T0800,1793A,124.9026,46.6217,大庆市,让胡路区,,17,17,20,6,7,22,NA,28,28,9,5,4,4,0.2,0.2
2026-09-14T0800,1794A,118.3603,31.3515,芜湖市,监测站,,50,49,46,35,34,42,NA,71,71,30,22,10,8,0.8,0.7
2026-09-14T0800,1795A,118.3716,31.4135,芜湖市,科创中心,颗粒物(PM10),54,55,51,27,28,45,NA,71,71,26,18,9,8,0.7,0.7
2026-09-14T0800,1796A,118.3671,31.3132,芜湖市,四水厂,,46,46,47,24,29,54,NA,83,83,23,18,10,9,0.7,1.1
2026-09-14T0800,1798A,118.5084,31.6838,马鞍山市,湖东路四小,,43,43,45,23,24,52,NA,81,81,25,17,10,10,1.0,1
2026-09-14T0800,1799A,118.5019,31.6449,马鞍山市,开发区,,35,35,51,20,26,57,NA,80,80,22,18,9,8,1.0,1
2026-09-14T0800,1803A,115.9873,29.6816,九江市,十里,,43,43,62,28,36,117,NA,102,102,14,18,3,4,1.0,1.1
2026-09-14T0800,1804A,115.9583,29.7047,九江市,茅山头,颗粒物(PM10),52,52,54,31,34,110,NA,98,98,15,19,4,4,0.7,0.7
2026-09-14T0800,1805A,115.9877,29.7295,九江市,西园,,50,50,54,32,33,108,NA,107,107,23,29,7,10,0.7,0.7
2026-09-14T0800,1808A,115.9112,29.6038,九江市,综合工业园,细颗粒物(PM2.5),52,50,59,36,37,72,NA,63,63,46,36,4,5,0.8,0.8
2026-09-14T0800,1812A,112.3934,34.6517,洛阳市,市委党校,,46,46,48,17,31,31,NA,25,25,20,20,11,13,0.6,0.7
2026-09-14T0800,1815A,112.494,34.6883,洛阳市,河南林校,,48,48,52,31,31,22,NA,13,13,19,28,9,11,0.5,0.5
2026-09-14T0800,1816A,112.3843,34.623,洛阳市,开发区管委会,,35,35,34,22,25,31,NA,32,32,16,14,12,13,0.5,0.6
2026-09-14T0800,1817A,112.4263,34.6249,洛阳市,市委新办公区,,28,28,36,19,24,27,NA,26,26,14,18,12,12,0.5,0.6
2026-09-14T0800,1819A,114.3552,36.1017,安阳市,红庙街,细颗粒物(PM2.5),86,86,69,53,38,69,NA,48,48,20,24,7,4,1.5,1.2
2026-09-14T0800,1820A,114.361,36.0681,安阳市,银杏小区,细颗粒物(PM2.5),76,67,68,48,35,59,NA,49,49,19,21,4,6,1.3,1.1
2026-09-14T0800,1824A,114.3389,34.778,开封市,肿瘤医院,细颗粒物(PM2.5),113,106,98,74,69,79,NA,42,42,22,26,6,9,1.0,0.9
2026-09-14T0800,1826A,114.2884,34.7966,开封市,世纪星幼儿园,细颗粒物(PM2.5),112,NA,88,73,63,54,NA,28,28,32,27,5,7,1.1,0.7
2026-09-14T0800,1832A,113.3257,33.7423,平顶山市,新华旅馆,细颗粒物(PM2.5),74,56,49,47,32,20,NA,13,13,32,27,9,9,0.9,0.7
2026-09-14T0800,1833A,113.2917,33.737,平顶山市,规划设计院,颗粒物(PM10),54,55,53,34,29,27,NA,21,21,25,30,8,9,0.9,0.9
2026-09-14T0800,1834A,113.182,33.7738,平顶山市,平顶山工学院,,42,41,41,29,28,36,NA,32,32,15,17,11,10,0.9,0.8
2026-09-14T0800,1835A,111.1922,34.7752,三门峡市,市政府,,32,30,35,22,19,25,NA,22,22,15,24,6,9,0.6,0.6
2026-09-14T0800,1836A,111.1588,34.794,三门峡市,开发区,,47,47,36,30,21,23,NA,25,25,13,15,7,9,0.6,0.6
2026-09-14T0800,1840A,111.2991,30.6981,宜昌市,白龙岗,,14,14,30,8,16,31,NA,40,40,17,11,5,6,0.5,0.5
2026-09-14T0800,1842A,111.263451,30.696754,宜昌市,点军区,,25,25,28,8,17,24,NA,34,34,16,12,4,5,0.4,0.4
2026-09-14T0800,1843A,111.3276,30.782,宜昌市,夷陵区,,20,20,26,7,15,29,NA,37,37,19,12,6,7,0.5,0.5
2026-09-14T0800,1844A,112.2493,30.3198,荆州市,市图书馆,,40,40,66,27,61,45,NA,47,47,17,17,10,11,0.6,0.7
2026-09-14T0800,1845A,112.2009,30.3543,荆州市,市委党校,,35,30,70,24,64,40,NA,40,40,16,16,10,11,0.6,0.8
2026-09-14T0800,1848A,113.1494,29.425,岳阳市,城陵矶,细颗粒物(PM2.5),90,94,72,55,38,61,NA,52,52,24,31,8,7,1.0,0.8
2026-09-14T0800,1849A,113.1493,29.3575,岳阳市,开发区,细颗粒物(PM2.5),100,85,65,60,44,58,NA,52,52,23,23,13,10,0.8,0.7
2026-09-14T0800,1850A,113.2672,29.4752,岳阳市,云溪区,细颗粒物(PM2.5),86,83,64,53,42,78,NA,61,61,13,15,8,7,1.1,1
2026-09-14T0800,1851A,112.9944,29.44,岳阳市,君山区,细颗粒物(PM2.5),88,88,69,54,49,66,NA,61,61,17,19,6,7,0.7,0.7
2026-09-14T0800,1854A,111.696,28.9725,常德市,市二中,细颗粒物(PM2.5),119,NA,68,80,56,30,NA,31,31,18,18,9,10,0.9,0.8
2026-09-14T0800,1858A,110.532,29.1219,张家界市,永定新区,细颗粒物(PM2.5),104,75,53,64,37,44,NA,67,67,20,12,/,/,/,/
2026-09-14T0800,1859A,110.4696,29.1244,张家界市,电业局,细颗粒物(PM2.5),66,44,40,43,35,53,NA,64,64,17,11,7,8,0.8,0.7
2026-09-14T0800,1860A,110.5573,29.3486,张家界市,未央路,细颗粒物(PM2.5),52,NA,34,36,31,44,NA,44,44,11,9,4,4,0.8,0.7
2026-09-14T0800,1864A,110.3091,25.2705,桂林市,龙隐路小学,细颗粒物(PM2.5),62,50,45,41,32,94,NA,94,94,11,11,6,6,0.7,0.7
2026-09-14T0800,1865A,110.2849361,25.22909545,桂林市,八中,颗粒物(PM10),51,51,46,24,21,95,NA,100,100,15,11,6,6,0.7,0.6
2026-09-14T0800,1867A,109.1435,21.4085,北海市,海滩公园,,29,27,28,20,20,40,NA,42,42,13,8,5,4,0.6,0.4
2026-09-14T0800,1868A,109.0983,21.466,北海市,新市环保局,,25,25,35,14,23,50,NA,48,48,12,9,7,7,0.5,0.5
2026-09-14T0800,1869A,109.1775,21.5232,北海市,北海工业园,,48,34,34,33,26,36,NA,39,39,12,9,12,5,0.5,0.5
2026-09-14T0800,1870A,109.4854,24.3898,柳州市,柳东小学,,49,38,39,34,33,93,NA,84,84,7,8,8,7,0.6,0.6
2026-09-14T0800,1871A,109.4109,24.3304,柳州市,环保监测站,颗粒物(PM10),53,53,48,32,36,75,NA,62,62,15,13,7,10,0.8,0.8
2026-09-14T0800,1872A,109.3886,24.3408,柳州市,河西水厂,细颗粒物(PM2.5),60,49,56,40,36,54,NA,48,48,17,13,15,17,0.8,0.8
2026-09-14T0800,1873A,109.4263,24.2951,柳州市,市四中,,48,43,51,33,36,80,NA,72,72,8,7,8,10,1.0,0.9
2026-09-14T0800,1874A,109.396,24.3658,柳州市,市九中,细颗粒物(PM2.5),52,38,54,36,38,63,NA,56,56,13,11,7,10,0.7,0.7
2026-09-14T0800,1875A,109.4912,24.3164,柳州市,古亭山,,49,43,44,34,34,93,NA,69,69,7,10,7,6,0.7,0.7
2026-09-14T0800,1877A,109.4962,18.2682,三亚市,河西子站,,42,42,16,26,10,59,NA,65,65,2,3,3,4,0.7,0.5
2026-09-14T0800,1878A,104.7775,31.4741,绵阳市,富乐山,,22,19,24,15,10,21,NA,27,27,10,14,9,10,0.6,0.7
2026-09-14T0800,1880A,104.6698,31.4668,绵阳市,高新区自来水公司,,32,32,20,17,10,9,NA,35,35,24,10,8,9,0.7,0.6
2026-09-14T0800,1883A,104.6204,28.7728,宜宾市,市委,,24,24,15,13,10,13,NA,20,20,18,16,9,8,0.7,0.6
2026-09-14T0800,1884A,104.6056,28.7931,宜宾市,宜宾四中,,34,34,18,17,10,4,NA,18,18,20,14,10,8,1.0,0.8
2026-09-14T0800,1886A,104.5743,28.7199,宜宾市,黄金嘴,,27,27,18,14,9,5,NA,12,12,18,14,16,11,0.6,0.5
2026-09-14T0800,1888A,101.6891,26.571,攀枝花市,弄弄坪,,35,35,48,15,24,29,NA,40,40,15,18,8,25,0.7,1.2
2026-09-14T0800,1889A,101.577,26.5914,攀枝花市,河门口,,25,25,46,15,33,26,NA,28,28,19,16,17,24,1.4,1.5
2026-09-14T0800,1891A,101.7365,26.4986,攀枝花市,仁和,,45,38,43,31,34,15,NA,25,25,17,13,8,11,0.9,0.9
2026-09-14T0800,1894A,105.4427,28.9063,泸州市,小市上码头,,20,20,16,10,9,16,NA,27,27,12,11,11,7,0.6,0.5
2026-09-14T0800,1895A,105.4241,28.8573,泸州市,兰田宪桥,,17,17,17,10,8,9,NA,17,17,20,12,5,5,0.8,0.7
2026-09-14T0800,1896A,105.4378,28.8833,泸州市,市环监站,,20,20,16,8,6,8,NA,28,28,17,10,13,5,0.7,0.7
2026-09-14T0800,1901A,104.424,31.1209,德阳市,东山公园,,18,14,17,12,10,22,NA,39,39,11,12,5,5,0.8,0.8
2026-09-14T0800,1902A,104.3827,31.1318,德阳市,西小区,,31,31,22,20,13,38,NA,34,34,25,23,10,10,0.7,0.7
2026-09-14T0800,1904A,104.3553,31.1091,德阳市,耐火材料厂,,42,42,29,25,14,12,NA,30,30,31,20,2,3,0.7,0.7
2026-09-14T0800,1906A,106.0791,30.8022,南充市,南充市委,,22,22,16,11,9,6,NA,14,14,13,10,6,6,0.4,0.4
2026-09-14T0800,1907A,106.1038,30.8215,南充市,南充炼油厂,,36,36,20,13,8,7,NA,24,24,18,14,8,7,0.4,0.4
2026-09-14T0800,1911A,106.9218,27.6872,遵义市,丁字口,,29,26,21,20,21,28,NA,37,37,12,9,8,8,0.9,0.8
2026-09-14T0800,1912A,106.9241,27.7044,遵义市,凤凰山,,18,18,23,12,20,36,NA,46,46,10,8,5,6,0.6,0.6
2026-09-14T0800,1913A,106.8895,27.648,遵义市,忠庄,,18,NA,25,12,19,33,NA,42,42,9,8,3,2,0.8,0.8
2026-09-14T0800,1915A,106.9225,27.7253,遵义市,干田坝,,32,32,30,16,20,31,NA,43,43,10,5,6,7,0.7,0.7
2026-09-14T0800,1916A,103.7897,25.5036,曲靖市,环境监测站,,30,30,28,15,18,28,NA,39,39,17,13,6,7,0.7,0.6
2026-09-14T0800,1917A,103.8013,25.5357,曲靖市,烟厂办公区,,19,18,26,13,16,33,NA,38,38,10,10,6,8,0.9,0.8
2026-09-14T0800,1919A,108.6726,34.315,咸阳市,实验中学,,47,47,38,32,22,7,NA,20,20,34,21,6,7,1.0,0.6
2026-09-14T0800,1920A,108.7226,34.3622,咸阳市,师范学院,,41,41,35,28,22,23,NA,32,32,28,17,7,8,0.5,0.4
2026-09-14T0800,1923A,109.0696,35.0699,铜川市,王益区政府,,18,15,25,12,14,33,NA,35,35,17,17,4,5,0.7,0.7
2026-09-14T0800,1924A,108.9345,34.9059,铜川市,新区管委会,,22,22,24,11,14,44,NA,49,49,20,14,3,6,0.7,0.8
2026-09-14T0800,1927A,109.4569,36.6161,延安市,延大医附院,,22,16,18,15,10,5,NA,8,8,12,19,5,4,0.5,0.4
2026-09-14T0800,1929A,109.5053,36.6105,延安市,百米大道,,23,20,35,16,12,7,NA,8,8,18,23,6,6,0.7,0.6
2026-09-14T0800,1931A,107.0802,34.3129,宝鸡市,竹园沟,,19,19,19,13,13,22,NA,28,28,8,7,5,5,0.5,0.5
2026-09-14T0800,1933A,107.1429,34.3549,宝鸡市,监测站,,19,15,24,13,14,21,NA,31,31,15,12,2,2,0.5,0.5
2026-09-14T0800,1934A,107.1172,34.3759,宝鸡市,技工学校,,22,19,23,15,15,23,NA,32,32,7,8,5,6,0.6,0.6
2026-09-14T0800,1936A,107.2025,34.3518,宝鸡市,文理学院,,20,17,24,14,14,25,NA,36,36,11,10,4,5,0.4,0.4
2026-09-14T0800,1937A,107.2396,34.3626,宝鸡市,三迪小学,,21,21,28,13,16,20,NA,33,33,16,15,4,4,0.8,0.7
2026-09-14T0800,1940A,109.4605,34.4927,渭南市,体育馆,颗粒物(PM10),53,53,38,32,21,5,NA,8,8,30,28,4,9,0.6,0.5
2026-09-14T0800,1941A,109.4257,34.5067,渭南市,高新一小,细颗粒物(PM2.5),52,48,39,36,22,14,NA,14,14,22,21,4,4,0.2,0.2
2026-09-14T0800,1944A,102.1691,38.5166,金昌市,天庆家园,颗粒物(PM10),78,88,48,23,17,14,NA,28,28,53,23,6,8,0.5,0.3
2026-09-14T0800,1945A,98.291,39.7705,嘉峪关市,气象局,,24,24,25,4,10,70,NA,84,84,23,15,10,13,0.4,0.3
2026-09-14T0800,1948A,106.3668,39.0145,石嘴山市,大武口朝阳西街,颗粒物(PM10),71,79,47,36,20,12,NA,20,20,47,36,18,18,1.6,0.8
2026-09-14T0800,1949A,106.7713,39.2278,石嘴山市,惠农南大街,,38,38,46,10,16,17,NA,29,29,41,34,11,19,0.5,0.7
2026-09-14T0800,1950A,106.7074,39.1332,石嘴山市,红果子镇惠新街,颗粒物(PM10),70,78,44,19,12,12,NA,26,26,36,30,20,25,0.6,0.6
2026-09-14T0800,1951A,84.886,45.6029,克拉玛依市,长征新村,,35,34,45,24,22,55,NA,78,78,15,17,4,4,0.5,0.5
2026-09-14T0800,1952A,84.8894,45.5827,克拉玛依市,南林小区,,37,37,54,3,14,27,NA,57,57,29,26,8,8,0.2,0.1
2026-09-14T0800,1954A,84.896,44.3328,克拉玛依市,独山子区,,36,36,53,12,16,93,NA,98,98,5,15,4,6,0.4,0.5
2026-09-14T0800,1955A,85.6888,46.0909,克拉玛依市,乌尔禾区商贸楼,颗粒物(PM10),52,52,46,17,16,43,NA,69,69,18,16,7,7,0.4,0.5
2026-09-14T0800,1956A,86.1476,41.7529,巴音郭楞蒙古自治州,孔雀公园,颗粒物(PM10),93,110,79,41,23,55,NA,18,18,17,31,4,4,0.3,0.4
2026-09-14T0800,1957A,86.1971,41.7166,巴音郭楞蒙古自治州,棉纺厂,颗粒物(PM10),70,77,95,27,22,25,NA,19,19,64,36,/,/,/,/
2026-09-14T0800,1958A,86.236,41.7172,巴音郭楞蒙古自治州,经济开发区,,35,35,60,12,17,78,NA,49,49,7,12,3,2,0.2,0.2
2026-09-14T0800,1961A,117.5323,36.6865,济南市,东山小学,,46,46,58,16,23,63,NA,70,70,41,28,9,9,0.6,0.5
2026-09-14T0800,1982A,122.0693,37.2175,威海市,文登开发区,,33,33,42,6,25,55,NA,76,76,22,13,/,/,/,/
2026-09-14T0800,2031A,113.1836,27.9959,株洲市,云田中学,细颗粒物(PM2.5),60,59,56,40,37,116,NA,104,104,14,16,14,11,0.5,0.5
2026-09-14T0800,2054A,114.1096,32.1059,信阳市,平桥分局,颗粒物(PM10),70,78,59,42,27,74,NA,78,78,19,15,11,9,0.6,0.5
2026-09-14T0800,2064A,113.9956,32.1272,信阳市,南湾水厂,颗粒物(PM10),61,65,51,37,24,43,NA,55,55,19,12,9,8,0.7,0.5
2026-09-14T0800,2065A,114.078,32.1194,信阳市,市酿酒公司,颗粒物(PM10),87,101,66,45,29,54,NA,57,57,22,16,9,8,0.6,0.5
2026-09-14T0800,2066A,114.0712,32.1393,信阳市,审计局,颗粒物(PM10),84,97,63,41,29,56,NA,53,53,24,17,12,10,0.5,0.5
2026-09-14T0800,2068A,114.6755,33.6347,周口市,周口师范,颗粒物(PM10),72,80,72,39,36,71,NA,66,66,17,19,4,5,0.6,0.5
2026-09-14T0800,2160A,112.8496,35.5051,晋城市,自来水公司,,49,49,56,33,23,35,NA,41,41,34,26,7,10,1.0,0.9
2026-09-14T0800,2162A,112.8509,35.4886,晋城市,市环保局,颗粒物(PM10),53,54,53,33,28,22,NA,26,26,29,25,4,10,0.8,0.8
2026-09-14T0800,2166A,112.4399,39.3521,朔州市,平朔,颗粒物(PM10),76,86,50,16,11,6,NA,2,2,21,18,9,6,0.5,0.3
2026-09-14T0800,2167A,112.4574,39.362,朔州市,朔唯,颗粒物(PM10),65,70,55,20,11,17,NA,16,16,25,19,12,9,/,/
2026-09-14T0800,2168A,112.426,39.3199,朔州市,区政府,颗粒物(PM10),62,66,40,18,10,14,NA,13,13,29,18,13,7,0.4,0.3
2026-09-14T0800,2169A,112.4075,39.3277,朔州市,市环保局,颗粒物(PM10),71,79,35,25,12,14,NA,23,23,25,14,4,4,/,/
2026-09-14T0800,2170A,112.4273,39.3682,朔州市,市二中,颗粒物(PM10),78,89,53,16,11,3,NA,2,2,26,25,6,5,/,/
2026-09-14T0800,2174A,112.6992,37.6984,晋中市,榆次区政府,,36,36,34,24,19,34,NA,42,42,15,16,10,11,0.1,0.2
2026-09-14T0800,2175A,110.996,35.0148,运城市,运城中学,颗粒物(PM10),55,57,40,32,28,33,NA,39,39,16,14,6,6,0.8,0.7
2026-09-14T0800,2178A,110.9685,35.0305,运城市,地区技校,细颗粒物(PM2.5),94,70,51,57,33,15,NA,22,22,27,24,5,6,0.8,0.6
2026-09-14T0800,2181A,112.7313,38.457,忻州市,开发区,,28,21,27,19,14,23,NA,17,17,22,27,7,6,0.5,0.6
2026-09-14T0800,2182A,112.7023,38.4932,忻州市,会展中心,,38,32,33,26,16,12,NA,3,3,16,26,6,6,0.5,0.5
2026-09-14T0800,2183A,111.1447,37.5212,吕梁市,环保局,,30,30,29,2,7,12,NA,12,12,28,22,3,6,0.4,0.4
2026-09-14T0800,2185A,111.1285,37.5338,吕梁市,自来水公司,,49,49,42,8,8,16,NA,11,11,16,15,8,10,0.3,0.3
2026-09-14T0800,2187A,106.8172,39.6972,乌海市,市林业局,颗粒物(PM10),51,51,47,23,17,27,NA,48,48,35,24,26,19,0.7,0.5
2026-09-14T0800,2188A,106.7907,39.6666,乌海市,中海勃湾学校,颗粒物(PM10),52,52,38,18,16,42,NA,43,43,30,31,38,23,0.8,0.6
2026-09-14T0800,2191A,122.253,43.6801,通辽市,艺术职业学校,,29,29,27,5,7,30,NA,38,38,14,6,8,8,0.5,0.5
2026-09-14T0800,2195A,107.4206,40.7609,巴彦淖尔市,附二中,,41,41,37,8,13,56,NA,44,44,12,15,9,10,0.4,0.4
2026-09-14T0800,2196A,107.37,40.7372,巴彦淖尔市,市环保大楼,,49,49,42,11,11,38,NA,52,52,15,11,14,15,0.6,0.5
2026-09-14T0800,2197A,113.1306,40.9924,乌兰察布市,集宁新区,NA,NA,NA,26,NA,8,16,NA,42,42,30,10,5,6,0.4,0.3
2026-09-14T0800,2202A,116.1048,43.9318,锡林郭勒盟,市环保监测站,,12,12,23,7,4,34,NA,24,24,10,12,2,2,0.3,0.3
2026-09-14T0800,2203A,116.0778,43.9312,锡林郭勒盟,市政府,,8,8,17,2,4,25,NA,20,20,13,11,1,1,0.2,0.2
2026-09-14T0800,2205A,105.699,38.8409,阿拉善盟,蒙二幼,,30,26,16,4,5,96,NA,115,115,11,4,8,9,0.5,0.4
2026-09-14T0800,2206A,105.7198,38.8508,阿拉善盟,环保局新楼,,34,13,12,4,3,108,NA,119,119,5,4,9,10,0.4,0.4
2026-09-14T0800,2207A,121.6095,41.9978,阜新市,工业园区,,16,16,21,7,1,34,NA,35,35,14,9,6,5,0.1,0
2026-09-14T0800,2208A,121.6567,42.0188,阜新市,长青街,,47,47,18,12,2,24,NA,30,30,29,13,5,4,0.2,0.2
2026-09-14T0800,2209A,121.6672,42.07,阜新市,农业园区,,13,10,10,2,0,39,NA,37,37,10,6,3,3,0.4,0.3
2026-09-14T0800,2211A,121.6343,42.0455,阜新市,玉龙新城,,38,38,23,2,2,33,NA,15,15,14,11,6,6,0.0,0
2026-09-14T0800,2212A,123.1978,41.2036,辽阳市,宏伟区,,10,5,28,5,8,32,NA,32,32,13,12,9,9,0.3,0.4
2026-09-14T0800,2213A,123.1684,41.2497,辽阳市,新华园,,28,28,33,8,12,29,NA,20,20,24,23,18,17,0.5,0.6
2026-09-14T0800,2214A,123.2355,41.2663,辽阳市,滨河路,,30,30,30,6,14,33,NA,6,6,12,21,10,9,0.6,0.6
2026-09-14T0800,2217A,123.865,42.292,铁岭市,水上乐园,,30,30,16,14,5,13,NA,15,15,25,18,9,9,0.4,0.4
2026-09-14T0800,2219A,123.7158,42.2218,铁岭市,金沙江路北,,33,33,22,15,6,8,NA,4,4,29,18,9,12,0.7,0.4
2026-09-14T0800,2220A,120.4318,41.588,朝阳市,西梁,,37,37,22,20,5,21,NA,27,27,20,9,13,6,0.8,0.4
2026-09-14T0800,2221A,120.452,41.565,朝阳市,河畔小区,,29,29,19,3,3,25,NA,31,31,17,8,10,7,0.7,0.5
2026-09-14T0800,2222A,120.4176,41.5648,朝阳市,八里堡,,33,33,27,10,6,23,NA,27,27,19,9,10,6,0.8,0.4
2026-09-14T0800,2226A,124.3744,43.1842,四平市,境园,,29,29,19,15,9,17,NA,18,18,31,9,6,5,0.4,0.3
2026-09-14T0800,2227A,125.1359,42.8845,辽源市,环保局,,31,31,29,11,8,25,NA,8,8,23,16,9,6,0.6,0.5
2026-09-14T0800,2229A,125.9359,41.7174,通化市,光明,NA,NA,14,31,9,17,NA,NA,24,24,6,8,6,6,NA,0.3
2026-09-14T0800,2230A,125.9446,41.7323,通化市,铁路,,19,19,27,9,16,17,NA,20,20,15,13,3,4,0.4,0.4
2026-09-14T0800,2231A,126.4219,41.9172,白山市,喜丰,细颗粒物(PM2.5),60,NA,40,40,23,32,NA,24,24,10,12,6,6,0.8,0.8
2026-09-14T0800,2232A,126.4082,41.9416,白山市,环保局,,42,NA,29,29,19,28,NA,26,26,11,8,3,5,0.6,0.6
2026-09-14T0800,2233A,124.8007,45.1213,松原市,江南,,46,46,15,15,7,19,NA,21,21,14,8,1,1,0.4,0.3
2026-09-14T0800,2234A,124.7967,45.1721,松原市,江北,,9,9,7,4,5,28,NA,27,27,7,4,1,2,0.3,0.3
2026-09-14T0800,2235A,122.7909,45.608,白城市,洮北区环保局,,17,17,19,4,5,28,NA,24,24,3,2,4,4,0.2,0.2
2026-09-14T0800,2236A,122.8741,45.5725,白城市,市环保局,,10,9,8,4,6,29,NA,23,23,7,7,3,3,0.4,0.4
2026-09-14T0800,2237A,129.4704,42.8885,延边朝鲜族自治州,妇幼医院,,15,15,25,8,15,29,NA,16,16,8,9,7,7,0.6,0.6
2026-09-14T0800,2238A,129.5047,42.9117,延边朝鲜族自治州,延边医院,,13,NA,23,5,16,40,NA,21,21,4,9,4,4,0.4,0.5
2026-09-14T0800,2239A,129.395,42.8884,延边朝鲜族自治州,朝阳川镇医院,,18,NA,21,12,13,26,NA,12,12,7,8,10,10,0.9,0.9
2026-09-14T0800,2240A,130.9618,45.2926,鸡西市,环保局,,13,3,16,2,8,39,NA,37,37,5,8,7,7,0.2,0.2
2026-09-14T0800,2243A,130.9294,45.2959,鸡西市,第一中学,,14,8,13,4,7,43,NA,41,41,3,7,3,4,0.1,0.1
2026-09-14T0800,2244A,130.2537,47.3416,鹤岗市,哈啤分公司,,14,9,19,3,6,42,NA,44,44,3,5,8,8,0.4,0.2
2026-09-14T0800,2245A,130.2683,47.3087,鹤岗市,斯达机电,,20,20,24,5,6,32,NA,34,34,8,8,6,5,0.3,0.2
2026-09-14T0800,2246A,130.3114,47.3388,鹤岗市,东山纸板厂,,42,42,41,2,8,40,NA,42,42,5,8,6,6,0.4,0.4
2026-09-14T0800,2248A,131.1509,46.6936,双鸭山市,双合村,,15,NA,14,10,8,43,NA,46,46,1,3,9,9,0.3,0.3
2026-09-14T0800,2249A,131.1651,46.6191,双鸭山市,南小市,,17,17,20,7,10,39,NA,40,40,5,5,9,8,0.2,0.3
2026-09-14T0800,2250A,131.1526,46.6554,双鸭山市,环保局,,26,26,26,7,9,41,NA,39,39,5,7,8,9,0,0.2
2026-09-14T0800,2252A,128.8663,47.7199,伊春市,环保局,,13,13,16,4,6,22,NA,31,31,9,9,2,2,0.6,0.5
2026-09-14T0800,2253A,128.9014,47.732,伊春市,电力嘉园,,12,12,19,6,7,30,NA,37,37,5,6,4,3,0.2,0.2
2026-09-14T0800,2255A,130.2749,46.8028,佳木斯市,佳纺,NA,NA,NA,13,6,8,38,NA,36,36,4,7,NA,1,0.2,0.3
2026-09-14T0800,2257A,130.3258,46.7975,佳木斯市,环保局,,36,36,20,5,7,39,NA,36,36,5,7,3,3,0.2,0.2
2026-09-14T0800,2263A,127.4832,50.2524,黑河市,交通局,,22,NA,14,15,8,25,NA,35,35,17,8,8,8,0.5,0.5
2026-09-14T0800,2264A,127.5146,50.2339,黑河市,环保局,,10,8,9,4,9,30,NA,37,37,10,7,10,8,0.4,0.4
2026-09-14T0800,2266A,126.9783,46.6365,绥化市,人和东街,,18,18,12,7,4,27,NA,22,22,4,4,12,12,0.5,0.4
2026-09-14T0800,2267A,126.964,46.6527,绥化市,党政办公中心,,14,14,10,2,4,30,NA,27,27,8,5,9,8,0.4,0.4
2026-09-14T0800,2269A,124.1068,50.4091,大兴安岭地区,科技局,,12,12,16,7,9,21,NA,20,20,2,3,6,6,0.3,0.3
2026-09-14T0800,2270A,117.396,32.9389,蚌埠市,工人疗养院,细颗粒物(PM2.5),109,92,59,69,38,81,NA,79,79,16,15,10,8,0.8,0.7
2026-09-14T0800,2271A,117.3606,32.9428,蚌埠市,百货大楼,细颗粒物(PM2.5),106,108,54,66,34,78,NA,71,71,23,19,13,11,0.9,0.8
2026-09-14T0800,2273A,117.4183,32.8909,蚌埠市,蚌埠学院,细颗粒物(PM2.5),110,90,55,71,40,77,NA,61,61,13,18,9,7,0.6,0.5
2026-09-14T0800,2274A,117.3534,32.9672,蚌埠市,淮上区政府,细颗粒物(PM2.5),110,100,57,71,38,57,NA,54,54,30,22,8,6,0.8,0.6
2026-09-14T0800,2275A,117.3143,32.8977,蚌埠市,高新区,细颗粒物(PM2.5),110,95,52,70,38,40,NA,26,26,50,28,12,9,0.7,0.6
2026-09-14T0800,2277A,116.8304,32.7726,淮南市,潘集区政府,细颗粒物(PM2.5),90,74,51,55,35,67,NA,66,66,16,15,11,9,0.6,0.5
2026-09-14T0800,2279A,116.8569,32.5949,淮南市,谢家集区政府,细颗粒物(PM2.5),94,95,58,57,37,55,NA,60,60,24,17,16,10,0.8,0.5
2026-09-14T0800,2280A,116.8279,32.6333,淮南市,八公山区政府,细颗粒物(PM2.5),103,83,55,63,39,57,NA,58,58,19,14,9,7,0.7,0.6
2026-09-14T0800,2282A,116.8005,33.9749,淮北市,监测站,细颗粒物(PM2.5),88,82,58,54,38,88,NA,94,94,23,16,12,8,0.8,0.6
2026-09-14T0800,2283A,116.8094,33.9008,淮北市,烈山区政府,细颗粒物(PM2.5),113,97,60,74,40,82,NA,71,71,19,14,9,6,0.6,0.5
2026-09-14T0800,2285A,117.8176,30.9412,铜陵市,市第四中学,颗粒物(PM10),66,72,52,41,31,44,NA,54,54,42,19,11,10,0.9,0.7
2026-09-14T0800,2287A,117.7806,30.9413,铜陵市,市新民污水厂,颗粒物(PM10),63,68,54,39,31,46,NA,41,41,36,32,21,14,0.9,0.6
2026-09-14T0800,2289A,117.846,30.9414,铜陵市,车站新区,细颗粒物(PM2.5),74,80,58,47,33,45,NA,40,40,40,21,10,9,1.0,0.7
2026-09-14T0800,2290A,117.8472,30.9699,铜陵市,市职教基地,颗粒物(PM10),65,71,53,41,31,57,NA,48,48,20,18,7,7,0.8,0.5
2026-09-14T0800,2291A,117.0806,30.5181,安庆市,环科院,细颗粒物(PM2.5),58,48,38,39,23,95,NA,112,112,12,7,8,7,1.1,0.9
2026-09-14T0800,2292A,117.0331,30.5118,安庆市,马山宾馆,细颗粒物(PM2.5),52,44,36,36,23,101,NA,113,113,14,10,8,6,1.1,0.9
2026-09-14T0800,2294A,116.9897,30.6146,安庆市,安庆大学,细颗粒物(PM2.5),52,38,34,36,23,95,NA,98,98,12,10,6,6,0.7,0.5
2026-09-14T0800,2295A,118.2905,29.6965,黄山市,延安路89号,细颗粒物(PM2.5),52,45,26,36,17,29,NA,29,29,8,6,4,4,0.6,0.5
2026-09-14T0800,2297A,118.1369,30.2755,黄山市,黄山区政府5号楼,,32,30,29,22,21,25,NA,21,21,4,4,4,4,0.6,0.6
2026-09-14T0800,2301A,115.8276,32.8929,阜阳市,市监测站,细颗粒物(PM2.5),86,80,55,53,32,72,NA,72,72,26,19,11,9,0.5,0.4
2026-09-14T0800,2303A,115.8551,32.8606,阜阳市,开发区,细颗粒物(PM2.5),84,87,65,52,33,79,NA,72,72,23,18,8,7,0.6,0.6
2026-09-14T0800,2307A,116.5078,31.7369,六安市,监测大楼,细颗粒物(PM2.5),68,46,44,44,34,68,NA,78,78,15,10,4,4,0.8,0.7
2026-09-14T0800,2308A,116.4738,31.7642,六安市,皖西学院,细颗粒物(PM2.5),70,54,49,45,34,47,NA,72,72,15,10,8,8,0.8,0.8
2026-09-14T0800,2309A,116.4997,31.7904,六安市,朝阳厂,细颗粒物(PM2.5),80,65,43,50,33,29,NA,55,55,22,12,1,2,0.5,0.5
2026-09-14T0800,2310A,116.5566,31.7885,六安市,开发区,颗粒物(PM10),78,88,56,43,34,49,NA,67,67,21,11,8,7,0.5,0.4
2026-09-14T0800,2311A,115.8071,33.8399,亳州市,污水处理厂,细颗粒物(PM2.5),110,84,76,70,47,61,NA,60,60,25,21,7,7,0.4,0.4
2026-09-14T0800,2312A,115.7789,33.8519,亳州市,三国揽胜宫,细颗粒物(PM2.5),94,65,63,57,37,76,NA,76,76,22,17,9,7,0.6,0.5
2026-09-14T0800,2314A,117.4698,30.6617,池州市,池州学院,细颗粒物(PM2.5),58,55,42,39,28,42,NA,48,48,34,29,8,8,1.0,0.6
2026-09-14T0800,2316A,118.7578,30.9457,宣城市,鳌峰子站,细颗粒物(PM2.5),56,44,37,38,26,30,NA,41,41,24,13,7,6,0.7,0.6
2026-09-14T0800,2317A,118.7384,30.9745,宣城市,敬亭山子站,细颗粒物(PM2.5),78,56,37,49,26,30,NA,46,46,24,9,3,3,0.5,0.3
2026-09-14T0800,2318A,118.7172,30.9428,宣城市,开发区子站,细颗粒物(PM2.5),98,NA,39,59,31,47,NA,41,41,22,14,7,6,0.7,0.5
2026-09-14T0800,2319A,119.0142,25.4324,莆田市,荔城区仓后路,,14,12,14,3,5,43,NA,48,48,8,7,/,/,/,/
2026-09-14T0800,2320A,119.0016,25.4553,莆田市,莆田市监测站,,16,6,14,1,7,51,NA,48,48,2,3,5,5,0.6,0.5
2026-09-14T0800,2321A,119.112,25.4561,莆田市,涵江区六中,,17,1,14,0,4,54,NA,54,54,2,3,/,/,0.5,0.5
2026-09-14T0800,2322A,119.1014,25.3215,莆田市,秀屿区政府,,16,15,20,4,11,50,NA,52,52,4,4,7,6,0.5,0.5
2026-09-14T0800,2324A,117.621,26.2626,三明市,三钢,,12,10,20,6,16,37,NA,31,31,9,10,4,5,0.5,0.5
2026-09-14T0800,2325A,117.6352,26.2714,三明市,三明二中,,11,NA,23,6,16,35,NA,30,30,9,9,5,6,0.6,0.5
2026-09-14T0800,2326A,117.6028,26.2377,三明市,三元区政府,,8,7,18,5,13,21,NA,26,26,8,6,6,7,0.6,0.5
2026-09-14T0800,2332A,118.1682,26.6371,南平市,南平市监测站,,18,17,18,12,12,17,NA,25,25,10,8,5,5,0.4,0.4
2026-09-14T0800,2334A,118.1757,26.6276,南平市,南平七中,,20,20,20,13,11,10,NA,20,20,12,8,3,4,0.5,0.4
2026-09-14T0800,2336A,117.022,25.1031,龙岩市,龙岩市监测站,,16,NA,19,11,16,39,NA,41,41,8,7,11,9,0.4,0.3
2026-09-14T0800,2337A,117.0257,25.0662,龙岩市,闽西职业技术学院,,15,14,20,10,14,38,NA,38,38,5,6,10,8,0.4,0.4
2026-09-14T0800,2338A,117.0195,25.0306,龙岩市,龙岩学院,,18,17,19,12,13,38,NA,31,31,7,9,10,6,/,/
2026-09-14T0800,2341A,119.5387,26.6611,宁德市,宁德市监测站,,30,NA,26,21,21,32,NA,36,36,10,7,9,7,1.1,0.9
2026-09-14T0800,2343A,117.2114,29.2931,景德镇市,老干部活动中心,,23,16,21,16,15,64,NA,72,72,10,9,3,3,0.7,0.6
2026-09-14T0800,2344A,117.1893,29.2789,景德镇市,兽医站,,41,41,32,18,16,71,NA,78,78,6,6,4,3,0.9,0.8
2026-09-14T0800,2346A,117.246,29.2958,景德镇市,陶研所,,23,23,20,12,13,44,NA,42,42,11,6,4,4,1.1,0.9
2026-09-14T0800,2348A,113.8384,27.6436,萍乡市,中医院,细颗粒物(PM2.5),66,NA,45,43,30,41,NA,55,55,21,18,9,8,1.0,0.8
2026-09-14T0800,2350A,113.8677,27.6438,萍乡市,市环保局,细颗粒物(PM2.5),60,NA,39,40,32,42,NA,43,43,15,13,8,8,0.8,0.5
2026-09-14T0800,2351A,113.8663,27.6202,萍乡市,安源区政府,,40,36,42,28,34,35,NA,35,35,11,11,6,8,0.9,0.8
2026-09-14T0800,2353A,114.9887,27.8433,新余市,飞宇,细颗粒物(PM2.5),54,54,48,37,32,63,NA,49,49,22,18,10,10,0.5,0.5
2026-09-14T0800,2354A,114.9234,27.8248,新余市,第二水厂,颗粒物(PM10),69,76,59,35,31,89,NA,89,89,17,13,14,15,0.7,0.6
2026-09-14T0800,2355A,114.931,27.8037,新余市,市气象局,细颗粒物(PM2.5),68,64,50,44,36,75,NA,68,68,18,13,12,14,0.8,0.7
2026-09-14T0800,2358A,117.0561,28.2641,鹰潭市,新监测站,细颗粒物(PM2.5),56,57,42,38,29,53,NA,84,84,11,5,4,6,0.5,0.6
2026-09-14T0800,2359A,117.0312,28.2474,鹰潭市,财苑宾馆,颗粒物(PM10),52,52,42,30,27,60,NA,84,84,12,5,10,9,/,/
2026-09-14T0800,2360A,117.0221,28.2263,鹰潭市,体育馆,颗粒物(PM10),52,52,43,31,28,59,NA,76,76,16,7,14,8,0.6,0.5
2026-09-14T0800,2363A,114.9368,25.8663,赣州市,地委,细颗粒物(PM2.5),58,55,49,39,32,85,NA,91,91,2,5,4,4,0.4,0.3
2026-09-14T0800,2364A,114.946,25.8483,赣州市,气象台,细颗粒物(PM2.5),56,54,48,38,36,89,NA,100,100,12,9,7,6,0.5,0.4
2026-09-14T0800,2365A,114.932,25.8332,赣州市,市图书馆,细颗粒物(PM2.5),62,48,46,41,35,96,NA,110,110,9,6,3,4,0.7,0.9
2026-09-14T0800,2366A,114.8905,25.8472,赣州市,华坚鞋城,细颗粒物(PM2.5),60,54,49,40,38,97,NA,108,108,10,10,1,1,0.5,0.5
2026-09-14T0800,2367A,114.9753,27.0803,吉安市,红声器材厂,细颗粒物(PM2.5),60,56,50,40,35,93,NA,93,93,18,14,18,13,0.6,0.5
2026-09-14T0800,2369A,114.9903,27.1313,吉安市,市环境监测站,细颗粒物(PM2.5),60,57,52,40,34,92,NA,88,88,16,12,7,11,/,/
2026-09-14T0800,2370A,115.009527,27.096792,吉安市,青原区法院,细颗粒物(PM2.5),60,57,55,40,34,75,NA,90,90,25,14,20,12,0.9,0.7
2026-09-14T0800,2373A,114.3954,27.7843,宜春市,市石油公司,,46,46,44,31,35,28,NA,33,33,13,8,5,5,0.9,0.9
2026-09-14T0800,2374A,114.37,27.7916,宜春市,市气象局,,49,40,42,34,27,30,NA,41,41,7,6,4,2,0.9,0.8
2026-09-14T0800,2375A,114.401,27.8059,宜春市,市广电局,,46,37,40,32,29,38,NA,48,48,15,11,4,4,0.5,0.4
2026-09-14T0800,2377A,116.3544,27.9833,抚州市,市站,颗粒物(PM10),54,55,43,34,31,73,NA,93,93,5,3,2,6,0.8,0.7
2026-09-14T0800,2378A,116.3562,27.9631,抚州市,血防站,,49,49,45,33,27,74,NA,98,98,10,6,5,6,0.7,0.6
2026-09-14T0800,2379A,116.3561,28.0007,抚州市,采茶剧团,细颗粒物(PM2.5),64,51,43,42,34,77,NA,104,104,6,4,7,8,1.1,1
2026-09-14T0800,2380A,116.3854,27.9648,抚州市,医学分院,颗粒物(PM10),53,54,43,31,28,69,NA,90,90,6,4,8,6,0.8,0.8
2026-09-14T0800,2382A,117.9758,28.4439,上饶市,市监测站,颗粒物(PM10),55,57,45,28,29,119,NA,118,118,10,6,1,3,/,/
2026-09-14T0800,2383A,117.9521,28.4637,上饶市,凤凰光学,颗粒物(PM10),54,55,47,31,28,102,NA,119,119,13,8,11,6,0.4,0.4
2026-09-14T0800,2385A,114.17,35.9019,鹤壁市,市监测站,细颗粒物(PM2.5),64,67,62,42,40,81,NA,71,71,12,12,3,8,0.9,0.9
2026-09-14T0800,2386A,114.2953,35.7512,鹤壁市,市交警支队,颗粒物(PM10),60,63,63,36,41,47,NA,39,39,30,27,5,7,1.3,1
2026-09-14T0800,2387A,114.2877,35.7302,鹤壁市,迎宾馆,颗粒物(PM10),61,65,64,22,36,64,NA,72,72,20,18,9,11,1.2,1
2026-09-14T0800,2389A,113.836,35.3104,新乡市,环保西院,细颗粒物(PM2.5),76,68,68,48,41,46,NA,30,30,35,22,12,13,1.1,1
2026-09-14T0800,2390A,113.8847,35.2724,新乡市,开发区,细颗粒物(PM2.5),110,98,62,70,41,31,NA,24,24,51,31,12,14,1.3,1.2
2026-09-14T0800,2391A,113.8836,35.3028,新乡市,环保东院,颗粒物(PM10),62,66,67,36,39,78,NA,52,52,42,25,16,13,0.9,0.9
2026-09-14T0800,2392A,115.0312,35.7636,濮阳市,环保局,细颗粒物(PM2.5),98,91,83,59,52,89,NA,64,64,31,27,18,12,0.6,0.7
2026-09-14T0800,2398A,113.7904,33.9949,许昌市,开发区,细颗粒物(PM2.5),96,99,74,58,47,7,NA,19,19,42,29,7,9,0.6,0.4
2026-09-14T0800,2399A,114.051,33.5721,漯河市,三五一五工厂,细颗粒物(PM2.5),107,92,74,67,43,54,NA,32,32,32,26,16,8,1.0,0.9
2026-09-14T0800,2400A,114.0055,33.5698,漯河市,漯河大学,细颗粒物(PM2.5),98,93,68,59,39,34,NA,19,19,43,29,14,9,0.9,0.7
2026-09-14T0800,2401A,114.0134,33.5826,漯河市,市水利局,细颗粒物(PM2.5),115,117,73,76,41,36,NA,22,22,45,31,14,10,1.1,0.8
2026-09-14T0800,2402A,114.0261,33.5697,漯河市,市广电局,颗粒物(PM10),88,103,67,53,35,50,NA,37,37,33,24,16,7,0.8,0.6
2026-09-14T0800,2404A,112.5338,33.0086,南阳市,瓦房庄,,45,45,49,8,23,59,NA,51,51,21,18,8,8,0.7,0.7
2026-09-14T0800,2405A,112.5002,32.9734,南阳市,汉画馆,,38,38,49,8,20,58,NA,38,38,16,18,8,8,1.0,1
2026-09-14T0800,2406A,112.5778,33.0144,南阳市,气象站,,50,50,51,12,25,64,NA,50,50,13,16,8,8,0.8,0.8
2026-09-14T0800,2407A,112.548,32.9687,南阳市,理工学院,,39,39,43,11,23,66,NA,49,49,12,16,10,10,0.8,0.8
2026-09-14T0800,2408A,115.6701,34.4283,商丘市,环境监测站,颗粒物(PM10),99,118,83,58,46,59,NA,41,41,33,31,7,6,0.5,0.4
2026-09-14T0800,2409A,115.6458,34.4047,商丘市,粮食局,细颗粒物(PM2.5),80,79,74,50,43,80,NA,41,41,27,30,11,8,1.0,0.8
2026-09-14T0800,2420A,114.0194,32.9648,驻马店市,市一纸厂,细颗粒物(PM2.5),70,68,57,45,32,51,NA,44,44,25,19,9,8,0.6,0.5
2026-09-14T0800,2421A,114.0112,33.0149,驻马店市,市彩印厂,细颗粒物(PM2.5),60,62,61,40,31,30,NA,36,36,30,18,9,8,0.5,0.5
2026-09-14T0800,2423A,115.0547,30.2332,黄石市,沈家营,颗粒物(PM10),53,53,51,36,31,60,NA,72,72,16,9,10,11,0.7,0.7
2026-09-14T0800,2426A,114.899,30.211,黄石市,铁山,细颗粒物(PM2.5),101,89,59,61,37,47,NA,36,36,54,29,15,9,1.2,0.7
2026-09-14T0800,2427A,115.0259,30.2108,黄石市,团城山,颗粒物(PM10),61,65,54,32,31,64,NA,80,80,14,8,7,7,0.6,0.6
2026-09-14T0800,2429A,110.78,32.6494,十堰市,滨河新村,,18,18,23,3,12,22,NA,21,21,12,14,/,/,0.6,0.5
2026-09-14T0800,2430A,110.7305,32.6408,十堰市,刘家沟,,18,18,17,3,9,27,NA,26,26,4,6,/,/,/,/
2026-09-14T0800,2431A,110.8843,32.5712,十堰市,铁二处,,19,19,24,3,13,17,NA,18,18,14,12,6,6,0.4,0.4
2026-09-14T0800,2432A,112.1555,32.0197,襄阳市,襄城运动路,,26,26,32,14,17,26,NA,29,29,13,13,9,9,0.6,0.6
2026-09-14T0800,2434A,112.1829,32.1146,襄阳市,高新管委会,,28,28,28,14,16,27,NA,30,30,17,15,5,7,0.8,0.8
2026-09-14T0800,2435A,112.2105,32.0903,襄阳市,襄州航空路,,23,22,28,16,16,24,NA,28,28,16,13,6,7,0.7,0.7
2026-09-14T0800,2436A,114.894,30.3989,鄂州市,市政府,,46,46,42,28,27,90,NA,84,84,15,15,5,6,0.6,0.5
2026-09-14T0800,2437A,114.8986,30.3714,鄂州市,赵家坝,颗粒物(PM10),58,60,50,38,28,89,NA,94,94,22,14,12,7,0.6,0.6
2026-09-14T0800,2439A,112.2012,31.048,荆门市,竹园小学,,39,39,52,16,40,37,NA,49,49,16,12,8,8,0.7,0.7
2026-09-14T0800,2440A,112.1968,30.9892,荆门市,掇刀,,32,NA,40,22,34,36,NA,54,54,13,8,13,9,0.7,0.7
2026-09-14T0800,2444A,113.9062,30.9378,孝感市,东城区,颗粒物(PM10),63,67,72,34,42,72,NA,79,79,13,10,9,7,0.7,0.6
2026-09-14T0800,2446A,114.9021,30.474,黄冈市,职工中心,颗粒物(PM10),52,52,42,30,30,74,NA,92,92,24,11,9,9,0.5,0.5
2026-09-14T0800,2451A,113.3587,31.7275,随州市,市委党校,颗粒物(PM10),52,52,41,24,22,43,NA,59,59,20,12,10,9,0.7,0.6
2026-09-14T0800,2452A,113.3745,31.6926,随州市,市林业局,颗粒物(PM10),59,62,49,24,23,62,NA,61,61,19,13,7,7,0.8,0.7
2026-09-14T0800,2453A,113.3984,31.7309,随州市,市立交桥水厂,颗粒物(PM10),51,51,41,29,23,56,NA,70,70,19,12,7,7,0.8,0.7
2026-09-14T0800,2454A,109.4978,30.2979,恩施土家族苗族自治州,湖北民院,,39,37,32,27,21,67,NA,70,70,6,5,6,6,0.4,0.3
2026-09-14T0800,2457A,112.6209,26.9268,衡阳市,衡阳化工总厂,细颗粒物(PM2.5),108,74,60,68,38,73,NA,79,79,15,12,9,8,1.0,0.8
2026-09-14T0800,2458A,112.621,26.8957,衡阳市,珠晖区环保局,颗粒物(PM10),58,61,58,37,33,88,NA,76,76,22,23,5,4,0.9,0.9
2026-09-14T0800,2459A,112.628,26.8654,衡阳市,市委党校,细颗粒物(PM2.5),54,37,52,37,39,116,NA,88,88,11,12,10,9,0.9,1.2
2026-09-14T0800,2460A,112.6007,26.8977,衡阳市,市监测站,颗粒物(PM10),55,57,57,36,39,109,NA,101,101,14,13,8,7,0.9,0.9
2026-09-14T0800,2461A,112.5658,26.9013,衡阳市,真空机电公司,细颗粒物(PM2.5),80,51,50,50,37,69,NA,92,92,22,10,8,8,1.0,0.8
2026-09-14T0800,2464A,111.5277,27.2442,邵阳市,市化工厂,细颗粒物(PM2.5),112,NA,58,73,54,38,NA,46,46,16,10,10,9,0.7,0.6
2026-09-14T0800,2466A,111.4327,27.2276,邵阳市,市环保局,细颗粒物(PM2.5),108,69,55,68,45,43,NA,61,61,17,12,8,8,1.0,0.9
2026-09-14T0800,2468A,112.3458,28.581,益阳市,市环保局,细颗粒物(PM2.5),136,118,62,99,56,41,NA,67,67,16,16,10,10,1.1,0.9
2026-09-14T0800,2473A,113.0116,25.8228,郴州市,市职中,细颗粒物(PM2.5),80,63,56,50,45,28,NA,25,25,15,16,10,9,1.2,1.1
2026-09-14T0800,2475A,113.0381,25.8074,郴州市,市审计局,细颗粒物(PM2.5),74,70,62,47,42,37,NA,38,38,19,15,11,10,/,/
2026-09-14T0800,2476A,113.0348,25.7757,郴州市,市环保局,细颗粒物(PM2.5),80,56,51,50,44,20,NA,20,20,21,14,8,9,1.1,0.9
2026-09-14T0800,2478A,111.6126,26.4266,永州市,市环境监测站,细颗粒物(PM2.5),72,60,57,46,45,119,NA,113,113,14,10,8,7,1.0,0.9
2026-09-14T0800,2480A,111.6248,26.3803,永州市,永州市环保局,细颗粒物(PM2.5),64,58,56,42,43,78,NA,94,94,7,6,6,6,0.9,0.9
2026-09-14T0800,2481A,111.5989,26.4523,永州市,冷水滩区环保局,细颗粒物(PM2.5),70,64,59,45,43,109,NA,104,104,12,8,9,9,1.0,0.9
2026-09-14T0800,2483A,109.9297,27.5383,怀化市,河西地税局,细颗粒物(PM2.5),56,42,41,38,33,63,NA,45,45,16,13,8,4,/,/
2026-09-14T0800,2484A,109.9783,27.5342,怀化市,市四医院,细颗粒物(PM2.5),70,66,45,45,33,64,NA,69,69,15,12,26,15,0.6,0.6
2026-09-14T0800,2485A,109.9971,27.5579,怀化市,监测楼,细颗粒物(PM2.5),66,56,51,43,37,48,NA,42,42,17,14,18,10,0.7,0.6
2026-09-14T0800,2488A,111.9984,27.7346,娄底市,市监测站,细颗粒物(PM2.5),105,79,65,65,44,44,NA,53,53,33,20,12,10,2.7,1
2026-09-14T0800,2491A,111.9888,27.7035,娄底市,市政府,细颗粒物(PM2.5),100,68,55,60,44,32,NA,37,37,14,10,16,14,0.7,0.6
2026-09-14T0800,2493A,109.7298,28.3164,湘西土家族苗族自治州,州政府,,39,33,33,27,26,33,NA,42,42,8,5,4,4,0.6,0.5
2026-09-14T0800,2494A,109.6957,28.2676,湘西土家族苗族自治州,吉首市计生局,,43,30,29,30,26,26,NA,38,38,14,10,6,6,0.4,0.3
2026-09-14T0800,2496A,111.3126,23.4772,梧州市,市十一中,,42,42,40,20,23,24,NA,38,38,18,11,11,9,0.8,0.7
2026-09-14T0800,2498A,111.26,23.4794,梧州市,龙新,,26,24,39,18,21,25,NA,42,42,20,11,10,9,0.6,0.6
2026-09-14T0800,2499A,108.3411,21.6159,防城港市,沙万,,46,37,40,32,33,45,NA,56,56,9,8,4,4,0.7,0.7
2026-09-14T0800,2500A,108.3515,21.7733,防城港市,防城档案局,,48,48,44,33,33,45,NA,58,58,10,8,4,5,0.8,0.8
2026-09-14T0800,2501A,108.3506,21.6414,防城港市,大海花园,,50,NA,36,35,36,55,NA,73,73,8,7,4,4,0.9,0.8
2026-09-14T0800,2502A,108.6238,21.9667,钦州市,市环保站,,49,36,41,34,27,48,NA,61,61,11,12,7,8,0.7,0.8
2026-09-14T0800,2503A,108.655,21.9481,钦州市,沙埠小学,,35,35,46,23,31,45,NA,62,62,8,9,7,7,0.5,0.5
2026-09-14T0800,2504A,108.5989,21.7435,钦州市,港区一小,,50,37,48,35,35,44,NA,55,55,21,19,6,6,1.0,0.8
2026-09-14T0800,2506A,109.604387,23.066791,贵港市,江南子站,颗粒物(PM10),53,53,50,31,34,58,NA,46,46,21,16,10,5,1.1,0.8
2026-09-14T0800,2508A,109.5669,23.1065,贵港市,荷城子站,颗粒物(PM10),51,51,43,30,28,58,NA,54,54,17,13,9,4,0.9,0.8
2026-09-14T0800,2511A,110.1433,22.6162,玉林市,南江一中,,29,29,41,17,29,30,NA,44,44,23,16,8,7,0.6,0.6
2026-09-14T0800,2512A,106.6102,23.901,百色市,市监测站,,35,33,26,24,15,30,NA,47,47,11,10,7,8,0.5,0.4
2026-09-14T0800,2513A,106.6524,23.8842,百色市,市中心血站,,49,NA,34,34,21,29,NA,46,46,17,12,14,11,0.6,0.6
2026-09-14T0800,2514A,111.5264,24.4178,贺州市,环保小区,细颗粒物(PM2.5),64,50,51,42,40,54,NA,56,56,12,11,12,12,0.6,0.6
2026-09-14T0800,2515A,111.561,24.4074,贺州市,政协大楼,细颗粒物(PM2.5),66,NA,52,43,40,36,NA,48,48,20,15,9,10,0.7,0.6
2026-09-14T0800,2517A,108.0496,24.6957,河池市,市环保站,,36,34,36,25,20,23,NA,19,19,12,10,7,7,0.9,0.8
2026-09-14T0800,2520A,109.2203,23.7252,来宾市,来宾技工学校,"颗粒物(PM10),细颗粒物(PM2.5)",52,52,46,36,33,75,NA,82,82,12,10,17,10,0.8,0.7
2026-09-14T0800,2521A,107.3473,22.4137,崇左市,市环保局江州分局,,28,28,37,19,25,41,NA,49,49,9,12,2,3,0.6,0.6
2026-09-14T0800,2524A,105.8211,32.4444,广元市,老城,,16,16,21,10,9,4,NA,13,13,13,13,3,6,0.8,0.7
2026-09-14T0800,2526A,105.8629,32.429,广元市,监测站,,42,42,30,13,9,4,NA,12,12,15,14,6,5,0.7,0.5
2026-09-14T0800,2528A,105.5581,30.5231,遂宁市,市监测站,,38,38,19,19,7,6,NA,18,18,17,12,15,5,0.7,0.5
2026-09-14T0800,2530A,105.5917,30.4727,遂宁市,美宁食品公司,,19,14,12,13,7,17,NA,16,16,13,13,9,9,0.4,0.4
2026-09-14T0800,2531A,105.0703,29.61,内江市,市监测站,,26,NA,14,18,10,7,NA,25,25,12,11,4,3,0.5,0.4
2026-09-14T0800,2533A,105.0657,29.5807,内江市,内江二中,,35,NA,19,24,11,9,NA,29,29,18,10,5,4,0.4,0.3
2026-09-14T0800,2534A,105.0407,29.5828,内江市,内江日报社,,29,NA,11,20,11,10,NA,32,32,22,11,6,4,0.4,0.3
2026-09-14T0800,2536A,103.7629,29.5844,乐山市,牛耳桥,,27,27,15,14,6,11,NA,15,15,20,12,5,7,0.8,0.6
2026-09-14T0800,2537A,103.7501,29.6002,乐山市,市第三水厂,,21,21,16,14,7,27,NA,26,26,14,13,4,4,0.9,0.8
2026-09-14T0800,2538A,103.7571,29.5664,乐山市,市监测站,,24,24,16,13,5,20,NA,28,28,15,12,4,3,0.6,0.5
2026-09-14T0800,2540A,103.8414,30.0871,眉山市,气象局,颗粒物(PM10),51,51,25,14,6,11,NA,21,21,21,12,8,8,1.0,0.9
2026-09-14T0800,2544A,106.6307,30.4577,广安市,市委,,35,NA,19,24,18,18,NA,23,23,11,9,8,8,0.5,0.5
2026-09-14T0800,2545A,106.6266,30.4662,广安市,友谊中学,,26,23,20,18,14,19,NA,30,30,12,9,9,10,0.8,0.7
2026-09-14T0800,2547A,106.6386,30.4551,广安市,广电花园,,30,25,20,21,18,17,NA,20,20,12,10,10,10,0.6,0.6
2026-09-14T0800,2549A,107.5087,31.2186,达州市,市环境监测站,,28,28,31,9,11,2,NA,2,2,14,16,5,5,0.5,0.4
2026-09-14T0800,2550A,107.4988,31.2132,达州市,凤凰小区,,27,27,29,11,12,4,NA,5,5,14,17,4,4,0.5,0.5
2026-09-14T0800,2551A,107.5081,31.1987,达州市,达县机关宾馆,,22,22,31,11,12,1,NA,2,2,18,22,4,4,0.5,0.4
2026-09-14T0800,2552A,107.4644,31.2124,达州市,市政中心,,39,39,37,10,10,4,NA,4,4,16,19,4,4,0.5,0.5
2026-09-14T0800,2555A,103.011,29.9833,雅安市,市政府,,11,11,7,4,3,10,NA,19,19,8,6,6,5,0.5,0.5
2026-09-14T0800,2556A,102.9907,29.9778,雅安市,川农大,,11,11,7,4,2,12,NA,18,18,3,4,6,6,0.4,0.5
2026-09-14T0800,2562A,104.6357,30.1508,资阳市,资阳中学,,24,24,17,16,11,20,NA,19,19,8,6,3,1,0.2,0.1
2026-09-14T0800,2565A,104.6297,30.1259,资阳市,区法院,,26,NA,14,18,11,28,NA,27,27,12,9,2,1,0.5,0.4
2026-09-14T0800,2568A,102.2503,31.8896,阿坝藏族羌族自治州,马师校,,20,20,21,6,6,12,NA,9,9,3,3,4,4,0.5,0.5
2026-09-14T0800,2570A,101.96,30.048,甘孜藏族自治州,水桥子,,20,20,7,2,2,14,NA,31,31,21,10,3,3,0.2,0.2
2026-09-14T0800,2573A,102.2629,27.8981,凉山彝族自治州,西昌市政府,,15,11,13,10,9,15,NA,22,22,13,11,6,6,0.7,0.8
2026-09-14T0800,2574A,102.2686,27.885,凉山彝族自治州,凉山州政府,,15,12,13,10,9,11,NA,21,21,19,11,6,4,0.8,0.8
2026-09-14T0800,2577A,104.8293,26.592,六盘水市,黄土坡,,15,15,9,6,7,34,NA,51,51,14,7,4,3,0.6,0.5
2026-09-14T0800,2579A,104.8481,26.5898,六盘水市,民中,,15,12,10,9,8,15,NA,49,49,30,10,2,2,0.4,0.4
2026-09-14T0800,2580A,104.9541,26.5506,六盘水市,双水,,16,NA,7,11,9,46,NA,52,52,7,7,4,4,0.3,0.3
2026-09-14T0800,2585A,109.1839,27.7344,铜仁市,铜仁卫校,,36,36,32,20,19,21,NA,30,30,12,10,2,2,0.7,0.6
2026-09-14T0800,2586A,109.1752,27.6945,铜仁市,铜仁七中,,30,30,26,17,19,22,NA,36,36,12,7,6,6,0.5,0.4
2026-09-14T0800,2587A,105.287,27.3133,毕节市,八中,,22,22,17,3,8,19,NA,18,18,12,7,6,6,0.6,0.6
2026-09-14T0800,2588A,105.3079,27.2987,毕节市,师专,,25,NA,11,17,8,17,NA,19,19,9,8,8,7,0.5,0.5
2026-09-14T0800,2589A,104.9022,25.0943,黔西南布依族苗族自治州,场坝街,,38,38,37,24,26,35,NA,40,40,23,17,57,51,0.5,0.4
2026-09-14T0800,2590A,104.8812,25.0994,黔西南布依族苗族自治州,坪东大道,,29,26,21,20,21,34,NA,47,47,27,14,35,12,0.4,0.3
2026-09-14T0800,2591A,107.9765,26.5724,黔东南苗族侗族自治州,市环境监测站,,40,37,31,28,23,53,NA,45,45,15,13,12,4,0.6,0.5
2026-09-14T0800,2593A,107.5223,26.2371,黔南布依族苗族自治州,小围寨,,46,46,26,32,19,33,NA,49,49,15,9,13,6,0.6,0.5
2026-09-14T0800,2594A,99.1589,25.1137,保山市,市环境监测站,,32,32,25,21,16,58,NA,59,59,8,7,7,7,0.4,0.3
2026-09-14T0800,2595A,99.1616,25.1381,保山市,市环保局,,28,27,18,19,16,61,NA,70,70,8,5,7,7,0.4,0.5
2026-09-14T0800,2596A,103.7668,27.3736,昭通市,监测站,,28,28,29,14,8,23,NA,34,34,19,9,9,7,0.6,0.5
2026-09-14T0800,2599A,100.2497,26.8802,丽江市,丽江古城,,26,25,24,18,18,69,NA,78,78,11,9,4,5,0.8,0.8
2026-09-14T0800,2600A,100.2203,26.8906,丽江市,市中心,,42,NA,23,29,21,65,NA,73,73,8,5,8,8,0.7,0.7
2026-09-14T0800,2601A,100.9801,22.7634,普洱市,市环保局,,44,44,42,23,18,35,NA,41,41,17,10,7,7,0.9,0.7
2026-09-14T0800,2602A,100.9763,22.8237,普洱市,普洱第二中学,颗粒物(PM10),54,55,39,26,21,24,NA,33,33,21,9,6,6,1.0,0.7
2026-09-14T0800,2603A,100.0779,23.8981,临沧市,市环保局,,23,19,21,16,16,23,NA,33,33,12,9,7,7,0.6,0.5
2026-09-14T0800,2604A,100.0894,23.882,临沧市,市气象局,,32,NA,21,22,18,25,NA,38,38,9,6,10,9,0.6,0.5
2026-09-14T0800,2606A,101.5379,25.0492,楚雄彝族自治州,市经济开发区,,40,40,39,25,31,16,NA,18,18,15,17,2,3,0.7,0.7
2026-09-14T0800,2610A,104.2533,23.3595,文山壮族苗族自治州,州水务局,,33,30,28,23,20,80,NA,66,66,9,11,9,8,0.5,0.4
2026-09-14T0800,2611A,104.2319,23.3892,文山壮族苗族自治州,市便民服务中心,,28,26,30,19,19,71,NA,52,52,12,15,10,10,0.5,0.5
2026-09-14T0800,2612A,100.8018,21.9995,西双版纳傣族自治州,景洪市江南,,50,50,37,22,21,38,NA,30,30,9,9,8,9,0.7,0.8
2026-09-14T0800,2613A,100.7995,22.0238,西双版纳傣族自治州,景洪市江北,,25,25,28,16,16,28,NA,34,34,10,5,9,9,0.7,0.6
2026-09-14T0800,2614A,100.2168,25.5818,大理白族自治州,大理市环境监测站,,39,33,30,27,23,44,NA,70,70,31,13,6,6,0.7,0.6
2026-09-14T0800,2615A,100.1542,25.7055,大理白族自治州,大理古城,,33,33,23,21,16,67,NA,68,68,17,10,8,8,0.8,0.9
2026-09-14T0800,2616A,98.5611,24.4273,德宏傣族景颇族自治州,德宏州监测站,,28,27,29,19,28,21,NA,36,36,8,7,8,9,0.7,0.7
2026-09-14T0800,2618A,98.859,25.8541,怒江傈僳族自治州,州监测站,,30,30,15,18,16,15,NA,14,14,11,9,4,4,0.6,0.5
2026-09-14T0800,2619A,98.8607,25.8168,怒江傈僳族自治州,泸水一中,,29,20,23,20,15,5,NA,11,11,14,15,5,5,0.7,0.7
2026-09-14T0800,2621A,99.7054,27.8319,迪庆藏族自治州,迪庆州站,,23,10,16,2,7,72,NA,77,77,9,8,7,7,0.3,0.3
2026-09-14T0800,2622A,97.1813,31.1289,昌都市,昌都监测站,,18,5,16,4,4,55,NA,57,57,9,9,5,6,0.3,0.2
2026-09-14T0800,2624A,91.7592,29.234,山南市,山南监测站,,19,4,6,3,1,58,NA,63,63,3,5,10,10,0.4,0.3
2026-09-14T0800,2625A,91.7701,29.2436,山南市,山南人民医院,,19,5,7,4,4,60,NA,64,64,2,4,6,7,0.3,0.3
2026-09-14T0800,2626A,88.8873,29.2723,日喀则市,日喀则监测站,,28,NA,4,1,4,87,NA,86,86,3,4,8,7,0.3,0.3
2026-09-14T0800,2628A,92.0653,31.4846,那曲市,那曲监测站,,30,NA,22,13,9,94,NA,80,80,9,10,6,6,0.4,0.4
2026-09-14T0800,2630A,80.1171,32.4999,阿里地区,阿里监测站,,32,8,8,3,2,100,NA,106,106,8,5,5,5,0.2,0.2
2026-09-14T0800,2632A,94.3683,29.6373,林芝市,林芝监测站,,14,NA,7,4,5,42,NA,45,45,4,7,3,3,0.3,0.4
2026-09-14T0800,2633A,94.3616,29.6634,林芝市,林芝人民医院,,14,5,9,2,6,43,NA,42,42,5,7,4,4,0.4,0.4
2026-09-14T0800,2635A,107.0155,33.0707,汉中市,市监测站,,29,29,31,16,17,30,NA,26,26,16,12,11,6,0.8,0.6
2026-09-14T0800,2636A,107.0083,33.114,汉中市,鑫源开发区,,18,18,25,11,12,23,NA,25,25,15,13,6,6,0.6,0.7
2026-09-14T0800,2637A,107.0072,33.0323,汉中市,南郑大河坎水厂,,31,31,28,16,17,5,NA,8,8,13,14,3,3,0.6,0.6
2026-09-14T0800,2639A,109.7445,38.2919,榆林市,世纪广场,颗粒物(PM10),65,70,52,30,22,3,NA,0,0,35,35,9,11,0.8,0.5
2026-09-14T0800,2640A,109.729,38.2837,榆林市,实验中学,颗粒物(PM10),87,101,56,33,22,5,NA,2,2,46,46,8,12,0.9,0.6
2026-09-14T0800,2641A,109.7347,38.2491,榆林市,环保监测大楼,颗粒物(PM10),58,60,42,28,20,5,NA,10,10,45,35,11,12,0.8,0.5
2026-09-14T0800,2644A,109.0088,32.6974,安康市,汉滨区检察院,,12,12,29,6,17,7,NA,5,5,8,11,1,4,0.7,0.9
2026-09-14T0800,2645A,109.9155,33.8714,商洛市,监测站,,28,28,25,16,15,20,NA,28,28,12,12,12,13,0.4,0.4
2026-09-14T0800,2647A,104.1727,36.5448,白银市,第三小学,,48,48,25,17,13,20,NA,30,30,31,15,19,12,0.7,0.4
2026-09-14T0800,2648A,104.1467,36.5482,白银市,动力公司,,22,22,18,12,12,17,NA,24,24,18,11,3,6,0.7,0.6
2026-09-14T0800,2650A,105.72058,34.57859,天水市,公园小学,,35,35,37,15,17,16,NA,15,15,20,19,8,9,0.5,0.4
2026-09-14T0800,2651A,105.89428,34.55353,天水市,麦积国土局,,31,31,32,17,17,21,NA,30,30,14,10,8,8,0.4,0.4
2026-09-14T0800,2652A,102.6203,37.925,武威市,监测站,,31,31,28,11,11,19,NA,38,38,42,18,9,9,0.6,0.3
2026-09-14T0800,2654A,100.4699,38.9525,张掖市,润泉湖,,29,29,34,17,14,48,NA,58,58,16,15,8,4,0.4,0.2
2026-09-14T0800,2655A,100.4155,38.9422,张掖市,区工会,,34,34,38,13,16,48,NA,63,63,21,14,8,3,0.4,0.3
2026-09-14T0800,2656A,106.6633,35.5338,平凉市,聚贤嘉苑,,30,30,30,10,13,23,NA,29,29,23,19,9,9,0.6,0.5
2026-09-14T0800,2657A,106.7021,35.5307,平凉市,博物馆,,28,28,38,16,15,26,NA,35,35,21,17,8,8,0.5,0.6
2026-09-14T0800,2661A,107.6325,35.7357,庆阳市,庆阳五中,,41,41,30,18,17,44,NA,67,67,29,10,3,4,0.5,0.4
2026-09-14T0800,2662A,107.6361,35.7067,庆阳市,市环保局,,43,43,33,21,16,42,NA,79,79,34,10,7,6,0.8,0.6
2026-09-14T0800,2669A,102.9097,34.9841,甘南藏族自治州,州政府,,33,33,27,16,12,47,NA,47,47,10,13,4,4,0.4,0.3
2026-09-14T0800,2671A,100.9016,36.9464,海北藏族自治州,海晏县西海镇,,19,19,16,7,9,38,NA,71,71,14,4,8,7,0.4,0.4
2026-09-14T0800,2672A,102.02,35.5101,黄南藏族自治州,同仁县隆务镇,,21,21,23,9,11,40,NA,64,64,1,1,10,10,0.2,0.2
2026-09-14T0800,2673A,100.6158,36.2985,海南藏族自治州,共和县恰卜恰镇,,24,24,19,6,10,60,NA,78,78,8,6,8,8,0.5,0.4
2026-09-14T0800,2674A,100.2262,34.4854,果洛藏族自治州,玛沁县大武镇,,27,27,27,6,7,38,NA,46,46,3,3,18,17,0.4,0.4
2026-09-14T0800,2675A,97.0386,33.0138,玉树藏族自治州,玉树县结古镇,,15,8,12,2,3,46,NA,52,52,15,14,4,4,0.5,0.5
2026-09-14T0800,2676A,97.373,37.376,海西蒙古族藏族自治州,德令哈市,,32,9,23,7,8,100,NA,99,99,2,3,12,12,0.3,0.4
2026-09-14T0800,2677A,106.1535,37.9648,吴忠市,教育园区,,30,30,42,6,19,16,NA,19,19,43,31,6,7,0.4,0.4
2026-09-14T0800,2679A,106.1851,37.9957,吴忠市,新区二泵站,,30,30,41,13,14,29,NA,45,45,39,28,10,9,0.5,0.4
2026-09-14T0800,2682A,105.1965,37.4996,中卫市,环保局站,,23,22,30,16,11,38,NA,73,73,36,18,3,3,0.4,0.3
2026-09-14T0800,2684A,106.2753,36.0057,固原市,监测站,,25,NA,21,13,12,78,NA,89,89,8,13,7,7,0.7,0.6
2026-09-14T0800,2685A,106.2384,36.0189,固原市,新区,,20,NA,21,11,12,62,NA,78,78,14,12,6,6,0.4,0.4
2026-09-14T0800,2686A,89.1905,42.9419,吐鲁番市,市环保局,颗粒物(PM10),52,52,56,16,18,67,NA,82,82,13,13,6,5,0.6,0.5
2026-09-14T0800,2687A,89.1674,42.9558,吐鲁番市,地区环保局,NA,NA,51,45,17,13,49,NA,70,70,NA,18,7,9,NA,0.6
2026-09-14T0800,2688A,93.5124,42.8176,哈密市,地区监测站,,28,28,33,17,14,56,NA,74,74,28,22,3,5,0.0,0.2
2026-09-14T0800,2689A,93.5014,42.8312,哈密市,哈密师范学校,颗粒物(PM10),73,82,48,28,28,12,NA,27,27,61,36,8,10,0.6,0.4
2026-09-14T0800,2692A,87.2722,44.0298,昌吉回族自治州,新区政务中心,,37,37,42,20,19,68,NA,72,72,14,20,7,8,0.4,0.4
2026-09-14T0800,2693A,82.0482,44.8553,博尔塔拉蒙古自治州,市党校,颗粒物(PM10),51,51,47,16,12,54,NA,66,66,7,5,9,6,0.2,0.2
2026-09-14T0800,2694A,82.0805,44.8966,博尔塔拉蒙古自治州,市环保局,,34,34,51,10,13,51,NA,64,64,4,9,7,7,0.1,0.2
2026-09-14T0800,2695A,80.2899,41.1684,阿克苏地区,电视台,,30,30,52,7,16,70,NA,60,60,4,10,5,5,0.3,0.4
2026-09-14T0800,2696A,80.2592,41.1541,阿克苏地区,艺术中心,,22,22,50,13,16,69,NA,61,61,5,17,4,13,0.3,0.4
2026-09-14T0800,2697A,76.1457,39.7143,克孜勒苏柯尔克孜自治州,市人民政府,,29,19,45,9,19,90,NA,81,81,1,11,3,11,0.2,0.2
2026-09-14T0800,2698A,76.0071,39.466,喀什地区,巡警大队,颗粒物(PM10),53,53,74,20,26,34,NA,25,25,24,32,4,4,0.2,0.3
2026-09-14T0800,2699A,75.9756,39.4693,喀什地区,吾办,,43,43,68,14,23,49,NA,24,24,8,25,4,4,0.7,0.7
2026-09-14T0800,2704A,81.3002,43.9177,伊犁哈萨克自治州,新政府片区,颗粒物(PM10),60,63,72,20,24,52,NA,37,37,14,23,9,9,0.4,0.6
2026-09-14T0800,2705A,81.3364,43.9409,伊犁哈萨克自治州,第二水厂,颗粒物(PM10),69,76,91,25,26,33,NA,19,19,20,32,8,10,0.7,0.8
2026-09-14T0800,2706A,82.9993,46.7432,塔城地区,东门外小游园,,49,49,74,11,15,36,NA,38,38,4,10,3,3,0.3,0.5
2026-09-14T0800,2708A,88.1266,47.8515,阿勒泰地区,市站,,28,19,30,3,5,88,NA,93,93,4,12,1,1,0.5,0.5
2026-09-14T0800,2709A,86.0391,44.298,石河子市,艾青诗歌馆,,43,43,61,8,18,70,NA,86,86,21,21,9,9,0.3,0.4
2026-09-14T0800,2711A,87.5352,44.1606,五家渠市,农水大厦,颗粒物(PM10),59,62,66,24,25,34,NA,32,32,30,24,5,6,0.5,0.5
2026-09-14T0800,2809A,113.6668,24.7756,韶关市,大学路288号,,48,48,60,30,31,32,NA,39,39,18,18,32,15,/,/
2026-09-14T0800,2835A,101.7222,26.567,攀枝花市,四十中小,,25,25,44,7,22,39,NA,44,44,10,15,10,23,1.0,1.3
2026-09-14T0800,2842A,118.0937,24.5054,厦门市,湖里中学,,13,6,20,5,11,39,NA,42,42,9,10,2,2,0.5,0.5
2026-09-14T0800,2845A,113.1561,36.1912,长治市,德盛苑,,34,34,34,22,22,31,NA,97,97,19,12,18,16,0.7,0.9
2026-09-14T0800,2846A,113.3209,23.1323,广州市,体育西,,29,27,25,20,17,22,NA,20,20,36,24,6,6,0.8,0.8
2026-09-14T0800,2858A,117.7917,39.2473,天津市,河西一经路,,27,27,44,7,19,22,NA,16,16,40,38,17,11,1.2,1
2026-09-14T0800,2859A,117.3747,38.9845,天津市,津沽路,,31,31,30,9,13,36,NA,19,19,25,39,13,5,1.2,0.7
2026-09-14T0800,2860A,117.159,39.0844,天津市,宾水西道,,20,20,20,5,8,40,NA,25,25,15,24,8,5,0.5,0.4
2026-09-14T0800,2865A,112.7195,37.683,晋中市,榆次三中,,39,39,38,4,17,20,NA,24,24,26,20,8,10,0.5,0.6
2026-09-14T0800,2867A,111.1225,37.5093,吕梁市,马茂庄小学,,48,48,36,5,10,17,NA,15,15,18,21,13,7,0.5,0.4
2026-09-14T0800,2868A,126.4737,43.953,吉林市,九站,,18,18,21,12,12,33,NA,21,21,10,18,5,5,0.3,0.4
2026-09-14T0800,2869A,119.4472,32.4156,扬州市,五台山医院,颗粒物(PM10),51,51,34,30,20,44,NA,47,47,28,15,13,11,0.7,0.8
2026-09-14T0800,2870A,119.4369,32.1891,镇江市,市疾控中心,,28,27,30,19,19,63,NA,45,45,17,16,7,8,0.7,0.8
2026-09-14T0800,2871A,121.6156,29.9015,宁波市,万里国际学校,,32,21,27,5,10,100,NA,87,87,12,15,9,9,0.5,0.5
2026-09-14T0800,2872A,120.7845,30.7524,嘉兴市,南湖区残联,,37,37,22,24,14,31,NA,61,61,40,14,7,7,0.2,0.2
2026-09-14T0800,2873A,120.083,30.8929,湖州市,仁皇山新区,,29,29,24,19,14,56,NA,58,58,27,18,7,7,0.5,0.4
2026-09-14T0800,2875A,115.783962,32.889217,阜阳市,阜阳职业技术学院,细颗粒物(PM2.5),74,76,55,47,30,93,NA,83,83,17,12,8,6,0.6,0.5
2026-09-14T0800,2877A,119.1638,36.6524,潍坊市,坊子邮政,NA,NA,73,66,35,48,NA,NA,109,109,17,14,3,3,0.9,0.9
2026-09-14T0800,2880A,104.0219,30.6561,成都市,大石西路,,29,25,25,20,14,38,NA,34,34,16,20,4,5,0.4,0.4
2026-09-14T0800,2881A,107.8909,26.531,黔东南苗族侗族自治州,凯里学院,,46,NA,22,32,21,44,NA,49,49,14,12,7,5,0.5,0.4
2026-09-14T0800,2882A,102.5388,24.3703,玉溪市,玉溪一中,,28,27,30,19,20,85,NA,92,92,12,9,4,4,0.5,0.4
2026-09-14T0800,2883A,102.5382,24.339,玉溪市,文体中心,,32,26,31,22,20,92,NA,90,90,7,7,5,6,0.6,0.5
2026-09-14T0800,2884A,98.2672,39.7978,嘉峪关市,酒钢宾馆,,39,39,34,18,12,70,NA,79,79,21,14,48,16,0.3,0.3
2026-09-14T0800,2885A,104.9344,33.3827,陇南市,滨江中学,,31,31,34,9,12,20,NA,30,30,16,13,8,8,0.5,0.4
2026-09-14T0800,2894A,117.0561,32.6536,淮南市,经济技术开发区消防队,细颗粒物(PM2.5),92,76,50,56,35,45,NA,52,52,23,20,12,12,0.6,0.5
2026-09-14T0800,2897A,123.2429,41.7341,沈阳市,沈辽西路,,21,21,26,4,5,31,NA,30,30,22,21,10,8,0.4,0.4
2026-09-14T0800,2900A,123.5951,41.9085,沈阳市,裕农路,,18,18,22,4,9,27,NA,16,16,18,20,9,8,0.3,0.3
2026-09-14T0800,2902A,106.6347,30.4868,广安市,北辰小学,,33,33,23,20,17,18,NA,27,27,12,10,9,10,0.6,0.6
2026-09-14T0800,2907A,120.1846,30.8592,湖州市,吴兴区站,,30,26,26,21,18,60,NA,62,62,17,8,8,8,0.5,0.5
2026-09-14T0800,2919A,116.7022,39.5454,廊坊市,河北工业大学,,14,14,25,4,11,38,NA,23,23,14,21,3,2,0.2,0.3
2026-09-14T0800,2920A,117.71,24.5048,漳州市,蓝田镇,,35,35,30,21,17,30,NA,27,27,17,14,8,7,0.5,0.5
2026-09-14T0800,2921A,120.5482,30.0003,绍兴市,树下王站,,49,46,24,34,19,54,NA,58,58,26,19,6,4,0.8,0.7
2026-09-14T0800,2922A,117.194,39.1069,天津市,大理道,,23,23,21,7,8,39,NA,32,32,22,32,9,4,0.6,0.4
2026-09-14T0800,2924A,106.2266,38.4417,银川市,水乡路,,50,50,47,12,17,44,NA,40,40,33,28,11,10,0.5,0.5
2026-09-14T0800,2925A,106.2758,38.4841,银川市,上海东路,,36,36,39,12,16,42,NA,37,37,40,35,12,12,0.5,0.5
2026-09-14T0800,2926A,106.1016,38.4971,银川市,文昌北街,颗粒物(PM10),60,63,54,24,21,33,NA,13,13,35,40,7,7,0.6,0.4
2026-09-14T0800,2929A,114.8858,30.4519,黄冈市,红卫路,NA,NA,50,42,26,28,NA,NA,NA,NA,16,12,4,5,0.7,0.5
2026-09-14T0800,2996A,118.2781,33.9658,宿迁市,市供电局,细颗粒物(PM2.5),110,89,60,70,41,119,NA,87,87,25,21,12,10,1.0,0.7
2026-09-14T0800,2997A,119.8767,32.3291,泰州市,王营,,28,22,28,19,17,77,NA,54,54,9,10,10,12,0.5,0.6
2026-09-14T0800,3000A,119.3577,34.6971,连云港市,德源药业,细颗粒物(PM2.5),76,83,62,48,38,137,NA,98,98,17,30,7,6,0.8,0.6
2026-09-14T0800,3002A,119.9701,31.813,常州市,行政中心,,33,33,37,21,17,61,NA,40,40,27,25,9,9,0.5,0.7
2026-09-14T0800,3003A,120.0434,31.7726,常州市,经开区,颗粒物(PM10),55,56,44,24,17,38,NA,29,29,30,24,15,9,0.7,0.7
2026-09-14T0800,3004A,120.1543,33.3664,盐城市,宝龙广场,,25,24,14,17,11,46,NA,46,46,20,8,10,9,0.6,0.6
2026-09-14T0800,3005A,117.1812,34.29,徐州市,鼓楼区政府,细颗粒物(PM2.5),119,112,61,80,48,57,NA,61,61,39,17,15,9,1.2,0.9
2026-09-14T0800,3006A,117.1693,34.1781,徐州市,铜山区招生办,细颗粒物(PM2.5),105,107,66,65,40,78,NA,71,71,25,17,14,10,1.0,0.7
2026-09-14T0800,3007A,119.178,34.8442,连云港市,新城一中,颗粒物(PM10),105,131,103,51,44,104,NA,87,87,38,25,19,13,1.1,0.7
2026-09-14T0800,3008A,119.3607,34.7519,连云港市,胡沟管理处,细颗粒物(PM2.5),76,58,54,48,36,150,NA,142,142,12,24,14,15,0.9,0.7
2026-09-14T0800,3009A,119.1478,34.5913,连云港市,矿山设计院,细颗粒物(PM2.5),110,102,66,70,42,125,NA,77,77,23,26,10,6,1.0,0.6
2026-09-14T0800,3010A,119.8919,31.7892,常州市,钟楼,,41,41,39,20,15,58,NA,46,46,20,18,12,11,0.2,0.4
2026-09-14T0800,3012A,112.1849,31.0361,荆门市,西山林语,,37,37,44,18,34,39,NA,56,56,13,9,11,11,0.6,0.6
2026-09-14T0800,3014A,106.4958,29.5347,重庆市,歇台子,,37,37,37,8,20,22,NA,33,33,22,13,8,8,0.8,0.7
2026-09-14T0800,3015A,106.4067,29.5729,重庆市,龙井湾,,46,40,35,32,26,26,NA,36,36,19,14,10,9,0.8,0.8
2026-09-14T0800,3016A,106.5506,29.415,重庆市,龙洲湾,,26,22,29,18,22,28,NA,37,37,20,15,14,10,0.5,0.5
2026-09-14T0800,3018A,111.5048,36.1015,临汾市,唐尧大酒店,颗粒物(PM10),52,52,58,13,28,30,NA,32,32,18,19,8,10,0.6,1
2026-09-14T0800,3020A,117.2096,39.1698,天津市,中山北路,,38,38,33,10,12,21,NA,7,7,36,39,12,5,0.9,0.6
2026-09-14T0800,3021A,115,35.7667,濮阳市,濮水河管理处,细颗粒物(PM2.5),98,89,76,59,49,15,NA,28,28,21,17,5,9,1.2,1
2026-09-14T0800,3025A,113.0479,23.6343,清远市,技师学院,,39,38,42,27,29,27,NA,44,44,23,16,10,9,1.2,1
2026-09-14T0800,3026A,116.6179,23.6608,潮州市,市政府,,26,26,22,11,14,32,NA,39,39,18,10,10,8,0.8,0.7
2026-09-14T0800,3028A,104.7765,29.3623,自贡市,檀木林体育馆,,22,22,16,10,7,11,NA,31,31,18,9,7,7,0.7,0.6
2026-09-14T0800,3033A,87.4652,43.4569,乌鲁木齐市,培训基地,,36,27,35,6,12,114,NA,114,114,5,6,5,4,0.4,0.4
2026-09-14T0800,3034A,113.1076,41.0385,乌兰察布市,光明街小学,,42,42,25,12,9,11,NA,12,12,50,21,10,7,0.5,0.3
2026-09-14T0800,3036A,118.6903,37.4337,东营市,开发区管委会,细颗粒物(PM2.5),117,NA,67,78,48,116,NA,83,83,24,16,8,7,1.0,0.9
2026-09-14T0800,3038A,103.3757,23.3679,红河哈尼族彝族自治州,州图书馆,,38,31,27,26,24,84,NA,100,100,7,5,26,15,0.2,0.1
2026-09-14T0800,3039A,111.1911,34.7829,三门峡市,三门峡市第一小学,,46,34,36,32,21,20,NA,27,27,11,18,8,11,0.6,0.6
2026-09-14T0800,3045A,109.9647,33.8486,商洛市,商州区中学,,27,27,27,16,13,27,NA,33,33,10,15,6,8,0.3,0.4
2026-09-14T0800,3046A,115.9084,28.6062,南昌市,机电学校,细颗粒物(PM2.5),60,51,48,40,30,113,NA,130,130,12,8,12,10,0.8,0.7
2026-09-14T0800,3048A,119.5799,26.0937,福州市,九龙,,15,15,16,4,10,48,NA,45,45,11,9,5,5,0.4,0.4
2026-09-14T0800,3051A,117.385,39.1483,天津市,西四道,,25,25,32,7,12,34,NA,16,16,16,32,7,4,0.4,0.2
2026-09-14T0800,3054A,113.9194,35.2847,新乡市,市委党校,细颗粒物(PM2.5),74,63,51,47,39,59,NA,34,34,36,30,9,11,1.1,1
2026-09-14T0800,3055A,101.7775,36.643,西宁市,城北区政府,,26,26,18,13,11,26,NA,40,40,7,10,8,7,1.4,0.8
2026-09-14T0800,3057A,121.5989,37.4016,烟台市,牟平检察院,,24,24,47,0,22,76,NA,82,82,9,12,5,8,0.3,0.5
2026-09-14T0800,3058A,119.2656,42.0356,赤峰市,银河街,,33,33,25,7,6,29,NA,24,24,18,12,17,12,0.7,0.5
2026-09-14T0800,3059A,117.7181,36.205,济南市,泰兴公司,细颗粒物(PM2.5),90,100,72,55,38,32,NA,13,13,69,44,5,6,0.7,0.6
2026-09-14T0800,3061A,119.7511,49.1576,呼伦贝尔市,国华电力东,,18,18,22,7,12,29,NA,27,27,8,8,4,4,0.3,0.2
2026-09-14T0800,3064A,117.6861,36.2172,济南市,莱芜战役纪念馆,颗粒物(PM10),93,110,72,52,36,23,NA,56,56,81,29,8,9,0.8,0.6
2026-09-14T0800,3065A,101.9534,29.9976,甘孜藏族自治州,州环保局,,14,14,11,1,2,10,NA,26,26,22,12,3,3,0.0,0
2026-09-14T0800,3066A,116.2722,37.438,德州市,九衢泉纯净水厂,颗粒物(PM10),63,68,53,36,19,74,NA,64,64,52,34,18,11,0.5,0.4
2026-09-14T0800,3109A,115.0094,25.8614,赣州市,赣县区卫计委,细颗粒物(PM2.5),64,56,45,42,31,78,NA,67,67,17,10,3,3,0.6,0.5
2026-09-14T0800,3123A,105.9408,26.2431,安顺市,凤凰山,,22,21,25,15,21,50,NA,53,53,10,8,5,5,0.6,0.6
2026-09-14T0800,3124A,105.9443,26.2567,安顺市,金钟山,,22,21,24,15,20,48,NA,51,51,8,6,7,6,0.6,0.6
2026-09-14T0800,3125A,105.8983,26.248,安顺市,娄家坡,,28,28,30,16,22,37,NA,46,46,17,7,13,11,0.6,0.5
2026-09-14T0800,3131A,114.878,40.7992,张家口市,烟厂,,10,6,15,4,8,29,NA,36,36,7,6,/,/,/,/
2026-09-14T0800,3132A,119.5979,39.938,秦皇岛市,文明里,,17,17,31,2,6,38,NA,48,48,14,10,8,9,0.3,0.3
2026-09-14T0800,3133A,106.5469,29.5655,重庆市,上清寺,,34,34,36,23,25,19,NA,31,31,29,17,5,5,0.5,0.5
2026-09-14T0800,3134A,113.8172,34.0339,许昌市,市一中,细颗粒物(PM2.5),113,110,84,74,52,14,NA,13,13,32,27,10,10,1.3,1
2026-09-14T0800,3136A,104.2724,30.559,成都市,龙泉驿区区政府,,28,19,10,19,11,22,NA,40,40,28,11,4,3,0.8,0.6
2026-09-14T0800,3138A,111.7152,29.0288,常德市,武陵区永安,,38,38,64,21,41,71,NA,77,77,12,12,10,11,0.6,0.7
2026-09-14T0800,3139A,111.6891,28.9881,常德市,鼎城区玉霞,细颗粒物(PM2.5),120,94,74,82,57,24,NA,21,21,27,21,14,14,1.3,1.1
2026-09-14T0800,3140A,111.6651,29.0526,常德市,武陵区长庚,细颗粒物(PM2.5),58,48,67,39,48,51,NA,62,62,11,12,11,12,1.0,1
2026-09-14T0800,3141A,114.3921,36.0879,安阳市,信访局,细颗粒物(PM2.5),76,81,67,48,39,64,NA,49,49,24,32,5,6,1.1,0.8
2026-09-14T0800,3147A,114.3434,34.8101,开封市,龙亭公园,细颗粒物(PM2.5),106,102,103,66,57,67,NA,34,34,21,25,7,8,1.1,0.9
2026-09-14T0800,3148A,103.829,30.0563,眉山市,区人社局,,45,45,34,22,7,24,NA,30,30,29,17,11,9,0.9,0.8
2026-09-14T0800,3149A,115.0174,30.1591,黄石市,笔架山北路,颗粒物(PM10),100,120,88,52,40,40,NA,50,50,35,23,12,12,1.2,0.9
2026-09-14T0800,3151A,114.375,27.8096,宜春市,宜春学院北校区,,49,41,49,34,29,35,NA,35,35,11,11,6,3,0.6,0.6
2026-09-14T0800,3153A,114.3876,30.4908,武汉市,民族大道182号,颗粒物(PM10),53,53,34,31,29,87,NA,108,108,30,18,22,14,2.1,1.4
2026-09-14T0800,3164A,119.4682,32.394,扬州市,广陵建设局,,40,40,34,24,16,51,NA,48,48,26,19,14,11,0.3,0.4
2026-09-14T0800,3171A,115.6069,34.4465,商丘市,梁园区档案局,细颗粒物(PM2.5),102,101,78,62,45,60,NA,30,30,30,38,10,6,0.7,0.6
2026-09-14T0800,3173A,117.0598,30.5351,安庆市,市人大,细颗粒物(PM2.5),60,44,33,40,23,98,NA,112,112,16,12,8,8,0.9,0.7
2026-09-14T0800,3178A,119.0587,36.7209,潍坊市,潍坊七中,细颗粒物(PM2.5),132,119,84,95,53,67,NA,88,88,35,21,7,7,0.9,0.7
2026-09-14T0800,3179A,102.7491,25.012,昆明市,官渡区博物馆,,32,22,31,22,23,71,NA,65,65,21,20,4,5,0.7,0.6
2026-09-14T0800,3180A,99.7122,27.8129,迪庆藏族自治州,质量技术监督局,,23,10,13,2,7,72,NA,79,79,9,8,6,6,0.3,0.3
2026-09-14T0800,3181A,106.776805,31.852614,巴中市,市五中,,28,24,17,19,14,6,NA,5,5,9,10,12,11,0.9,0.8
2026-09-14T0800,3183A,106.7419,31.8654,巴中市,圣泉水务公司,,21,21,18,13,14,7,NA,4,4,8,10,11,11,0.8,0.8
2026-09-14T0800,3187A,116.9508,33.666,宿州市,远航博物馆,细颗粒物(PM2.5),96,89,55,58,42,96,NA,67,67,24,19,16,10,0.9,0.7
2026-09-14T0800,3188A,115.6684,37.7216,衡水市,市城管局,,34,34,50,3,17,56,NA,51,51,29,20,13,11,0.4,0.3
2026-09-14T0800,3190A,116.0254,29.6995,九江市,外国语学校,,46,41,52,32,32,120,NA,116,116,17,25,7,8,0.6,0.6
2026-09-14T0800,3191A,118.3243,33.95,宿迁市,宿豫区政府,细颗粒物(PM2.5),117,93,58,78,40,90,NA,68,68,30,21,11,10,1.1,0.8
2026-09-14T0800,3192A,80.0906,32.5029,阿里地区,阿里藏医院,,36,6,6,2,2,113,NA,111,111,3,4,6,6,0.2,0.2
2026-09-14T0800,3194A,112.2749,30.3124,荆州市,管委会,,39,37,57,27,57,39,NA,41,41,19,14,13,13,0.6,0.6
2026-09-14T0800,3195A,119.3649,32.3961,扬州市,市体育局,,42,41,38,29,18,61,NA,57,57,20,15,16,11,0.4,0.5
2026-09-14T0800,3200A,115.9772,36.4986,聊城市,监控中心,细颗粒物(PM2.5),84,77,78,52,43,37,NA,12,12,46,42,6,8,0.6,0.7
2026-09-14T0800,3206A,114.9148,27.8069,新余市,新钢沁园村,细颗粒物(PM2.5),68,47,42,44,33,78,NA,90,90,19,12,9,10,0.7,0.6
2026-09-14T0800,3207A,118.31131,32.3033,滁州市,市政府原办公楼,细颗粒物(PM2.5),52,42,42,36,40,58,NA,72,72,17,15,8,8,0.6,0.5
2026-09-14T0800,3208A,112.7279,38.4157,忻州市,市政府,,26,26,27,12,14,37,NA,32,32,20,25,8,7,0.4,0.4
2026-09-14T0800,3209A,119.5231,26.6562,宁德市,宁德一中,,39,27,28,27,24,37,NA,35,35,13,10,6,5,0.7,0.5
2026-09-14T0800,3210A,114.3645,34.7955,开封市,汴京公园,细颗粒物(PM2.5),108,119,114,68,58,52,NA,29,29,23,22,8,9,0.8,0.6
2026-09-14T0800,3216A,117.662,24.5187,漳州市,漳州党校,,41,41,31,22,16,28,NA,32,32,20,13,/,/,/,/
2026-09-14T0800,3237A,117.4918,30.6617,池州市,展览馆,,49,49,42,33,29,38,NA,37,37,24,21,6,7,0.9,0.6
2026-09-14T0800,3241A,103.7439,36.0841,兰州市,百合公园,,32,32,28,13,14,14,NA,24,24,45,24,4,5,0.6,0.4
2026-09-14T0800,3242A,103.9613,35.9985,兰州市,和平,,20,17,23,14,11,34,NA,42,42,14,10,10,11,0.4,0.4
2026-09-14T0800,3247A,104.9551,33.3709,陇南市,市总工会,,30,30,26,8,9,20,NA,37,37,15,8,8,8,0.4,0.4
2026-09-14T0800,3248A,98.2644,39.7723,嘉峪关市,雄关区,,28,28,30,9,9,61,NA,72,72,24,16,4,9,0.2,0.3
2026-09-14T0800,3265A,121.4242,31.3303,上海市,宝山庙行,,32,22,25,12,13,102,NA,59,59,12,24,8,8,0.5,0.4
2026-09-14T0800,3266A,121.8789,31.4662,上海市,崇明上实东滩,,29,14,14,12,12,91,NA,58,58,7,7,10,10,0.4,0.3
2026-09-14T0800,3268A,121.316,31.2839,上海市,嘉定南翔,,23,21,23,15,15,73,NA,48,48,32,23,9,9,0.5,0.4
2026-09-14T0800,3269A,121.3357,30.7455,上海市,金山新城,,30,30,20,19,13,53,NA,65,65,35,14,4,4,0.6,0.6
2026-09-14T0800,3270A,121.4996,31.0741,上海市,闵行浦江,,27,20,19,12,12,86,NA,68,68,19,14,8,7,0.4,0.3
2026-09-14T0800,3271A,121.2886,31.1663,上海市,青浦徐泾,,26,22,25,14,15,81,NA,48,48,23,21,8,8,0.5,0.5
2026-09-14T0800,3272A,121.2193,31.0382,上海市,松江图书馆,,32,32,32,19,17,75,NA,54,54,27,23,8,8,0.5,0.5
2026-09-14T0800,3273A,121.3904,31.206,上海市,长宁仙霞,,29,18,21,12,13,90,NA,74,74,21,22,6,7,0.3,0.3
2026-09-14T0800,3274A,121.7964,31.0507,上海市,浦东惠南,,30,22,21,10,10,96,NA,66,66,17,15,11,10,0.6,0.6
2026-09-14T0800,3282A,113.3399,40.0586,大同市,大同市卫生学校,,31,31,24,9,7,23,NA,28,28,24,15,28,17,0.8,0.4
2026-09-14T0800,3283A,109.9154,40.5684,包头市,滨河大厦,,27,27,20,14,12,34,NA,29,29,26,21,8,10,0.3,0.3
2026-09-14T0800,3284A,106.8129,39.7274,乌海市,海北新区,颗粒物(PM10),57,59,53,18,16,32,NA,28,28,37,44,18,17,0.9,0.7
2026-09-14T0800,3285A,113.1383,40.9513,乌兰察布市,北京八中,,41,41,25,2,6,13,NA,19,19,27,15,8,8,0.3,0.2
2026-09-14T0800,3286A,118.9359,42.3146,赤峰市,桥北物流园区,,12,3,9,1,4,37,NA,44,44,13,9,4,3,0.5,0.4
2026-09-14T0800,3287A,119.3842,32.198,镇江市,富润路1号,,32,32,35,21,22,66,NA,50,50,19,22,8,8,0.3,0.4
2026-09-14T0800,3288A,117.4619,34.4368,徐州市,大泉街道,细颗粒物(PM2.5),90,96,81,55,45,83,NA,59,59,24,25,11,12,0.9,1
2026-09-14T0800,3289A,120.7431,31.3188,苏州市,方洲路,,27,23,27,13,15,84,NA,56,56,16,16,8,8,0.5,0.6
2026-09-14T0800,3290A,120.4979,31.2777,苏州市,木渎中学,,32,31,27,22,16,70,NA,47,47,24,18,8,6,0.7,0.8
2026-09-14T0800,3291A,121.0631,32.0644,南通市,通州监测站,,29,29,17,11,6,88,NA,76,76,8,5,1,2,0.5,0.4
2026-09-14T0800,3293A,120.1518,33.3369,盐城市,月亮广场,,31,31,18,20,10,67,NA,55,55,18,7,11,11,0.3,0.3
2026-09-14T0800,3294A,119.565282,32.422263,扬州市,引江管理处,,44,44,32,25,19,60,NA,48,48,16,12,12,7,0.7,0.7
2026-09-14T0800,3295A,120.1226,32.515,泰州市,姜堰区政府广场,,32,32,28,14,17,97,NA,64,64,9,10,7,9,0.6,0.7
2026-09-14T0800,3298A,113.5718,23.5493,广州市,从化街口,,46,46,35,30,25,7,NA,9,9,20,13,12,8,0.7,0.6
2026-09-14T0800,3299A,113.3463,23.369,广州市,白云竹料,颗粒物(PM10),53,53,35,34,23,27,NA,23,23,24,16,5,5,0.7,0.7
2026-09-14T0800,3300A,113.2981,23.2365,广州市,白云嘉禾,,46,46,33,30,21,21,NA,19,19,32,23,3,2,/,/
2026-09-14T0800,3301A,113.4256,23.1716,广州市,黄埔科学城,,39,36,28,27,20,25,NA,14,14,19,15,6,6,0.7,0.6
2026-09-14T0800,3302A,113.3942,23.0485,广州市,番禺大学城,,36,36,34,25,17,19,NA,22,22,35,23,7,8,0.6,0.5
2026-09-14T0800,3303A,113.4923,22.8169,广州市,南沙黄阁,,33,NA,26,23,21,7,NA,16,16,40,23,9,9,/,/
2026-09-14T0800,3304A,113.534,22.7893,广州市,南沙街,,38,30,27,26,18,12,NA,21,21,28,17,9,8,0.8,0.7
2026-09-14T0800,3305A,114.0614,22.556,深圳市,莲花,,22,22,18,13,11,17,NA,30,30,15,10,/,/,/,/
2026-09-14T0800,3306A,114.0144,22.6163,深圳市,民治,,29,29,23,16,12,10,NA,15,15,40,24,/,/,/,/
2026-09-14T0800,3307A,114.1756,22.6421,深圳市,横岗,,37,37,21,18,13,6,NA,25,25,40,16,/,/,/,/
2026-09-14T0800,3308A,113.3493,22.0572,珠海市,金湾,,30,29,19,21,12,30,NA,32,32,18,9,/,/,0.5,0.5
2026-09-14T0800,3311A,113.1077,22.5647,江门市,江海富民,,45,39,34,31,20,22,NA,26,26,24,17,/,/,0.4,0.3
2026-09-14T0800,3313A,112.4572,23.0163,肇庆市,高要湖西,,28,22,31,19,21,17,NA,25,25,16,13,8,7,0.6,0.6
2026-09-14T0800,3314A,114.4334,22.8134,惠州市,惠阳秋长,,24,24,26,15,15,30,NA,22,22,18,18,/,/,/,/
2026-09-14T0800,3315A,116.1234,24.2994,梅州市,梅龙,,30,29,22,21,18,19,NA,26,26,13,9,8,8,0.7,0.7
2026-09-14T0800,3317A,111.9785,21.8954,阳江市,两阳中学,,16,12,10,11,10,45,NA,35,35,8,12,/,/,0.7,0.7
2026-09-14T0800,3318A,112.9898,23.7403,清远市,清新太和,,47,47,44,26,26,43,NA,42,42,17,8,10,12,0.8,0.7
2026-09-14T0800,3319A,113.7283,23.041,东莞市,万江金泰,,26,26,22,17,15,35,NA,38,38,18,12,6,5,0.7,0.7
2026-09-14T0800,3320A,116.4028,23.5699,揭阳市,曲溪,,17,17,24,6,14,35,NA,40,40,11,9,6,11,0.7,0.6
2026-09-14T0800,3323A,115.2772,40.9723,张家口市,青少年活动中心,,11,7,7,2,5,34,NA,32,32,5,4,3,3,0.3,0.2
2026-09-14T0800,3324A,116.8011,38.294,沧州市,河北水利电力学院,颗粒物(PM10),70,78,42,28,18,17,NA,39,39,51,30,10,6,0.7,0.3
2026-09-14T0800,3325A,117.0362,39.3827,天津市,雍阳西道,,34,34,20,10,7,20,NA,27,27,29,19,10,7,0.6,0.4
2026-09-14T0800,3326A,117.0291,39.0612,天津市,辛老路,,31,31,60,5,12,40,NA,25,25,17,29,14,11,0.5,0.4
2026-09-14T0800,3327A,116.9638,38.9374,天津市,地纬路,,22,22,28,7,13,32,NA,23,23,21,27,9,7,0,0
2026-09-14T0800,3328A,118.4209,31.3704,芜湖市,市气象局,,46,46,45,26,29,47,NA,71,71,21,14,10,9,1.2,0.8
2026-09-14T0800,3329A,117.011,32.5891,淮南市,山南新区,细颗粒物(PM2.5),82,69,51,51,30,70,NA,82,82,22,17,7,7,0.3,0.3
2026-09-14T0800,3331A,118.3268,32.2633,滁州市,图书馆,,43,43,36,30,27,48,NA,66,66,22,18,9,8,0.6,0.5
2026-09-14T0800,3332A,115.7631,33.803,亳州市,亳州学院,颗粒物(PM10),80,92,70,49,35,107,NA,106,106,13,12,8,5,0.4,0.3
2026-09-14T0800,3333A,117.5626,30.695,池州市,第八中学,,46,46,46,30,28,43,NA,50,50,31,20,8,7,1.0,0.7
2026-09-14T0800,3334A,117.5037,30.6242,池州市,第十二中学,,49,43,41,34,31,54,NA,46,46,27,21,7,5,1.2,0.9
2026-09-14T0800,3335A,113.3137,35.2643,焦作市,马村街道办,颗粒物(PM10),65,71,51,40,34,66,NA,77,77,24,17,3,9,0.9,0.6
2026-09-14T0800,3336A,113.2464,35.2374,焦作市,焦作技师学院,颗粒物(PM10),52,52,53,32,32,78,NA,91,91,15,12,13,10,1.0,0.8
2026-09-14T0800,3337A,113.8611,34.0443,许昌市,许昌学院,细颗粒物(PM2.5),102,110,78,62,42,27,NA,27,27,46,27,14,10,0.8,0.6
2026-09-14T0800,3338A,113.8428,34.0825,许昌市,芙蓉广场,细颗粒物(PM2.5),92,92,82,56,48,19,NA,24,24,40,28,11,10,1.0,0.8
2026-09-14T0800,3339A,114.0002,33.0404,驻马店市,小管楼,细颗粒物(PM2.5),76,71,63,48,35,23,NA,26,26,32,24,5,6,0.3,0.3
2026-09-14T0800,3340A,112.6005,34.6323,洛阳市,伊滨,,28,28,41,17,23,36,NA,30,30,11,14,8,8,0.5,0.5
2026-09-14T0800,3341A,112.495,34.6338,洛阳市,中移产业园,,32,32,40,15,25,32,NA,28,28,12,18,9,10,0.8,0.9
2026-09-14T0800,3342A,128.7948,47.7291,伊春市,中心小学,,11,11,12,6,7,28,NA,35,35,6,6,1,2,0.6,0.6
2026-09-14T0800,3343A,128.6736,47.729,伊春市,检察院,,19,19,17,4,7,33,NA,40,40,2,3,4,4,0.3,0.3
2026-09-14T0800,3345A,131.0413,45.7795,七台河市,中波台,,14,6,12,5,4,42,NA,45,45,5,7,3,3,0.3,0.3
2026-09-14T0800,3346A,108.3871,31.1627,重庆市,安康,,34,34,28,23,21,12,NA,16,16,15,9,12,9,0.8,0.7
2026-09-14T0800,3347A,105.8983,29.36,重庆市,北山路,,49,NA,27,34,23,12,NA,32,32,23,10,7,9,1.0,0.9
2026-09-14T0800,3350A,106.648859,29.023807,重庆市,滩子口,,30,30,32,14,22,28,NA,41,41,16,9,11,13,0.4,0.4
2026-09-14T0800,3351A,105.7164,29.7077,重庆市,棠香,,39,NA,25,27,19,40,NA,30,30,11,11,7,7,0.6,0.6
2026-09-14T0800,3352A,107.0733,29.8618,重庆市,桃源西路,,41,41,35,20,22,25,NA,34,34,20,13,6,7,0.5,0.4
2026-09-14T0800,3353A,107.3536,29.7283,重庆市,迎宾大道,细颗粒物(PM2.5),68,45,34,44,24,21,NA,40,40,22,14,3,4,0.6,0.6
2026-09-14T0800,3354A,108.8152,29.5079,重庆市,舟白,,26,23,29,18,22,54,NA,67,67,5,5,6,7,0.4,0.5
2026-09-14T0800,3355A,108.3679,30.8429,重庆市,周家坝,细颗粒物(PM2.5),58,49,53,39,37,12,NA,16,16,31,21,6,8,0.8,0.7
2026-09-14T0800,3356A,108.4323,30.7554,重庆市,百安坝,细颗粒物(PM2.5),88,64,55,54,42,45,NA,45,45,9,13,9,8,0.6,0.6
2026-09-14T0800,3357A,104.0028,30.6891,成都市,金博路,,33,NA,14,23,13,29,NA,26,26,20,18,2,3,0.9,0.8
2026-09-14T0800,3359A,104.056,30.5228,成都市,华阳,,22,22,17,15,11,36,NA,46,46,13,12,2,2,0.7,0.7
2026-09-14T0800,3360A,104.7894,29.3197,自贡市,南湖救助站,,27,27,19,15,8,20,NA,32,32,13,10,8,6,0.9,0.9
2026-09-14T0800,3361A,103.7313,29.563,乐山市,理工大学,,25,25,15,13,5,14,NA,20,20,12,10,8,8,0.5,0.5
2026-09-14T0800,3363A,117.9883,36.8372,淄博市,新区,细颗粒物(PM2.5),134,149,72,97,50,21,NA,16,16,73,40,10,8,1.7,0.6
2026-09-14T0800,3364A,117.316,34.8106,枣庄市,市环保局,颗粒物(PM10),65,71,78,39,43,87,NA,94,94,19,18,10,9,0.6,0.7
2026-09-14T0800,3365A,118.5721,37.5654,东营市,垦利区民丰路,细颗粒物(PM2.5),92,70,62,56,41,64,NA,29,29,38,25,5,5,0.9,0.7
2026-09-14T0800,3366A,121.5202,37.4336,烟台市,中国农业大学,,24,22,46,0,21,76,NA,81,81,8,14,8,10,0.2,0.4
2026-09-14T0800,3368A,119.1978,36.6871,潍坊市,高新实验学校,颗粒物(PM10),60,63,74,25,36,88,NA,107,107,17,14,8,8,0.7,0.8
2026-09-14T0800,3370A,118.3563,35.0215,临沂市,十里堡居委,颗粒物(PM10),62,66,73,32,44,142,NA,128,128,20,32,12,14,0.9,0.9
2026-09-14T0800,3371A,116.3693,37.44,德州市,开发区人民医院,颗粒物(PM10),67,73,50,36,18,104,NA,101,101,37,22,17,11,0.6,0.4
2026-09-14T0800,3374A,115.5562,35.089,菏泽市,定陶老年大学,细颗粒物(PM2.5),111,122,82,72,48,58,NA,33,33,36,20,7,6,0.7,0.5
2026-09-14T0800,3375A,102.8016,24.8336,昆明市,青年创业园,,33,32,30,23,26,86,NA,78,78,10,12,4,5,0.6,0.6
2026-09-14T0800,3376A,103.7926,25.4651,曲靖市,南苑二区,,23,23,23,15,19,34,NA,53,53,13,7,4,4,0.9,0.7
2026-09-14T0800,3377A,103.7442,25.5259,曲靖市,曲靖师范学院,,18,18,25,7,17,36,NA,43,43,14,10,4,6,0.7,0.6
2026-09-14T0800,3379A,122.1122,40.2275,营口市,鲅鱼圈市民活动中心,,48,48,46,22,18,17,NA,14,14,33,29,11,8,1.0,0.8
2026-09-14T0800,3380A,102.8915,34.9618,甘南藏族自治州,甘肃民族师范学院,,36,NA,31,25,17,74,NA,55,55,10,15,6,6,0.4,0.4
2026-09-14T0800,3396A,112.0764,32.0089,襄阳市,襄城隆中路,颗粒物(PM10),51,51,43,16,18,18,NA,19,19,16,18,8,9,0.8,0.8
2026-09-14T0800,3397A,112.1154,32.103,襄阳市,高新台子湾,,24,24,23,12,15,20,NA,26,26,10,10,8,7,0.6,0.6
2026-09-14T0800,3398A,114.9134,30.4446,黄冈市,市林业局,,46,46,41,26,25,93,NA,98,98,11,9,5,6,0.4,0.3
2026-09-14T0800,3399A,112.6703,26.8817,衡阳市,师范学院,颗粒物(PM10),56,58,56,32,37,105,NA,94,94,13,12,8,8,0.8,0.9
2026-09-14T0800,3400A,109.1844,21.4396,北海市,龙潭自来水厂,,32,27,30,22,23,30,NA,32,32,13,8,2,3,0.5,0.5
2026-09-14T0800,3401A,108.4829,22.762,南宁市,红星社区,细颗粒物(PM2.5),70,NA,41,45,34,37,NA,48,48,17,12,7,8,0.9,0.8
2026-09-14T0800,3402A,109.5422,24.3994,柳州市,市二中,,46,46,47,32,34,82,NA,63,63,12,13,12,10,0.7,0.7
2026-09-14T0800,3404A,108.5959,21.9634,钦州市,北职校,,43,43,43,27,29,36,NA,52,52,12,8,10,9,0.9,0.7
2026-09-14T0800,3405A,109.5886,23.1172,贵港市,新世纪学校,,46,46,44,30,33,62,NA,53,53,14,13,/,/,0.9,0.8
2026-09-14T0800,3407A,120.6915,30.7741,嘉兴市,秀洲住建,,38,37,26,26,12,33,NA,59,59,34,17,6,6,0.4,0.2
2026-09-14T0800,3408A,120.5685,29.936,绍兴市,绍兴中专,,45,45,32,31,20,40,NA,37,37,23,19,7,6,0.8,0.7
2026-09-14T0800,3409A,120.4905,30.086,绍兴市,柯桥区政府,,35,25,29,24,26,72,NA,74,74,20,16,9,7,0.4,0.4
2026-09-14T0800,3410A,120.8751,30.0249,绍兴市,重华小学,,36,34,29,25,20,59,NA,63,63,29,14,6,6,0.4,0.4
2026-09-14T0800,3411A,120.837,30.0137,绍兴市,上虞中学,,38,35,30,26,18,53,NA,63,63,24,16,4,4,0.6,0.6
2026-09-14T0800,3416A,119.1758,36.7139,潍坊市,潍坊学院,颗粒物(PM10),58,61,69,33,46,88,NA,112,112,22,17,8,8,0.8,0.8
2026-09-14T0800,3418A,116.8336,40.4095,北京市,密云新城,,13,10,11,3,5,40,NA,42,42,5,6,2,2,0.3,0.3
2026-09-14T0800,3419A,109.9449,40.6259,包头市,包头市委党校,,34,34,19,7,9,13,NA,20,20,38,26,9,5,0.3,0.2
2026-09-14T0800,3421A,113.1776,40.9779,乌兰察布市,市委党校,,12,12,21,6,7,28,NA,30,30,20,14,6,17,0.4,0.4
2026-09-14T0800,3422A,118.8443,31.919,南京市,江宁彩虹桥,,45,45,39,14,16,60,NA,69,69,37,12,10,7,0.6,0.5
2026-09-14T0800,3425A,120.642,31.1733,苏州市,越秀幼儿园,,28,28,31,15,16,67,NA,55,55,30,20,6,6,0.6,0.7
2026-09-14T0800,3426A,118.8757,33.2897,淮安市,新华书店,颗粒物(PM10),86,100,42,36,18,56,NA,43,43,34,17,16,12,1.0,0.9
2026-09-14T0800,3427A,118.8497,32.3599,南京市,六合雄州,颗粒物(PM10),53,54,47,26,25,25,NA,40,40,23,17,3,4,1.1,1.2
2026-09-14T0800,3429A,119.8595,31.706,常州市,武进经发区,,44,44,38,22,20,37,NA,26,26,35,25,12,10,0.8,0.8
2026-09-14T0800,3430A,119.5812,31.7256,常州市,金坛城区,,44,44,39,27,23,49,NA,38,38,24,20,7,5,0.5,0.6
2026-09-14T0800,3431A,120.6502,31.4117,苏州市,高铁新城,,38,38,39,20,17,74,NA,56,56,24,21,8,8,0.8,0.8
2026-09-14T0800,3432A,120.9348,31.9874,南通市,环境教育馆,,28,27,21,12,8,89,NA,55,55,16,14,6,6,0.4,0.4
2026-09-14T0800,3434A,119.2414,34.6539,连云港市,工贸学校,细颗粒物(PM2.5),62,60,52,41,33,148,NA,116,116,13,21,10,10,1.2,1
2026-09-14T0800,3435A,119.9186,32.4322,泰州市,周山河街区,,39,34,25,27,18,74,NA,60,60,11,8,11,13,0.8,0.8
2026-09-14T0800,3436A,120.4283,33.2048,盐城市,大丰高级中学,,38,29,18,26,12,51,NA,43,43,22,13,7,8,0.4,0.3
2026-09-14T0800,3437A,88.3088,43.3637,乌鲁木齐市,达坂城区环保局,,29,29,31,14,11,44,NA,58,58,9,6,3,9,0.2,0.2
2026-09-14T0800,3438A,87.6132,43.8791,乌鲁木齐市,红光山片区,颗粒物(PM10),54,55,56,16,20,78,NA,58,58,16,32,3,3,0.2,0.3
2026-09-14T0800,3439A,87.7008,43.8003,乌鲁木齐市,新师大温泉校区,,43,43,65,16,22,86,NA,97,97,14,13,10,11,0.4,0.3
2026-09-14T0800,3440A,87.4892,43.84,乌鲁木齐市,大绿谷,颗粒物(PM10),53,53,63,18,19,69,NA,71,71,22,28,2,2,0.5,0.5
2026-09-14T0800,3441A,87.5461,44.1909,五家渠市,经开区管委会,颗粒物(PM10),63,68,63,19,17,44,NA,53,53,27,20,3,4,0.6,0.5
2026-09-14T0800,3442A,86.047,44.2331,石河子市,南区管委会,,49,49,62,12,14,94,NA,95,95,8,13,7,8,0.6,0.6
2026-09-14T0800,3443A,113.2905,23.5541,广州市,花都梯面,,38,37,43,26,30,24,NA,19,19,22,14,8,7,/,/
2026-09-14T0800,3444A,116.4539,23.2684,汕头市,潮南峡山,,21,21,23,11,11,41,NA,50,50,12,10,8,8,0.7,0.6
2026-09-14T0800,3445A,113.786,23.7479,广州市,从化良口,,30,27,24,21,18,36,NA,22,22,7,9,6,6,/,/
2026-09-14T0800,3446A,113.805,23.2614,广州市,增城荔城,,26,23,23,18,18,27,NA,27,27,15,12,9,9,0.5,0.5
2026-09-14T0800,3447A,114.344,22.7115,深圳市,坪山,,41,41,31,22,16,17,NA,23,23,31,18,6,5,0.8,0.6
2026-09-14T0800,3448A,113.5436,22.1163,珠海市,横琴,,30,30,24,18,11,29,NA,44,44,20,11,/,/,/,/
2026-09-14T0800,3449A,113.0496,22.4669,江门市,新会银湖,,45,36,22,31,15,8,NA,2,2,23,21,3,3,0.9,0.7
2026-09-14T0800,3450A,111.0101,21.5165,茂名市,电白水东,,19,17,6,13,5,37,NA,41,41,10,7,7,5,/,/
2026-09-14T0800,3451A,112.5617,23.2082,肇庆市,鼎湖凤凰,,15,15,28,10,19,18,NA,31,31,6,10,8,9,/,/
2026-09-14T0800,3452A,114.6521,22.7755,惠州市,大亚湾霞涌,,25,25,21,8,10,53,NA,44,44,10,8,/,/,/,/
2026-09-14T0800,3453A,112.0125,21.8749,阳江市,阳东陶然,,29,27,15,20,11,33,NA,37,37,15,10,6,5,0.7,0.4
2026-09-14T0800,3454A,113.3527,22.4781,中山市,中山南区,,28,27,11,19,9,17,NA,25,25,17,10,7,6,0.6,0.5
2026-09-14T0800,3455A,113.076,23.72,清远市,清城东城,,36,36,46,21,28,54,NA,45,45,17,14,/,/,/,/
2026-09-14T0800,3456A,114.2887,38.0905,石家庄市,鹿泉一中,颗粒物(PM10),51,51,48,8,12,51,NA,44,44,14,8,3,2,0.4,0.3
2026-09-14T0800,3457A,118.4357,39.277,唐山市,冀东油田职工医院,,27,27,61,10,24,45,NA,45,45,19,20,11,6,0.7,0.5
2026-09-14T0800,3458A,114.7893,36.5592,邯郸市,香泉濮院小区,细颗粒物(PM2.5),121,90,69,83,48,83,NA,89,89,30,22,5,6,0.7,0.6
2026-09-14T0800,3459A,115.599,37.5491,衡水市,地表水厂,,45,45,53,26,17,40,NA,30,30,23,28,5,4,0.4,0.4
2026-09-14T0800,3460A,117.4065,40.0583,天津市,北环路,,13,8,10,2,4,41,NA,44,44,7,6,6,5,0.1,0
2026-09-14T0800,3461A,117.3041,39.7167,天津市,建设路,,24,24,19,8,8,28,NA,30,30,26,20,6,5,0.5,0.4
2026-09-14T0800,3462A,117.8201,39.3519,天津市,滨水东路,,40,40,39,9,17,26,NA,20,20,20,32,18,10,0.8,0.4
2026-09-14T0800,3463A,116.9708,33.5911,宿州市,社会福利中心,细颗粒物(PM2.5),92,88,52,56,38,116,NA,65,65,21,18,14,9,0.7,0.5
2026-09-14T0800,3464A,117.3802,31.9148,合肥市,高教基地,,39,39,44,26,25,78,NA,97,97,12,12,8,9,0.6,0.7
2026-09-14T0800,3465A,118.4783,31.3226,芜湖市,清苑社区,,41,41,44,26,30,39,NA,62,62,26,28,7,7,0.7,0.6
2026-09-14T0800,3466A,118.2746,31.2326,芜湖市,扬子职业技术学院,,38,38,45,26,28,52,NA,78,78,22,20,8,7,0.8,0.6
2026-09-14T0800,3468A,115.79,32.8614,阜阳市,市规划展馆,细颗粒物(PM2.5),78,65,53,49,31,102,NA,92,92,17,14,10,7,0.6,0.6
2026-09-14T0800,3469A,115.835101,32.918568,阜阳市,枣园社区,细颗粒物(PM2.5),102,76,58,62,36,58,NA,62,62,28,19,8,5,0.7,0.6
2026-09-14T0800,3471A,113.6104,34.8688,郑州市,惠济区政府,细颗粒物(PM2.5),94,82,73,57,46,22,NA,15,15,36,27,6,7,0.6,0.6
2026-09-14T0800,3473A,114.2485,34.8306,开封市,技师学院,细颗粒物(PM2.5),107,106,104,67,56,62,NA,35,35,28,26,10,8,1.3,1.2
2026-09-14T0800,3474A,114.2616,35.6824,鹤壁市,大新区,,36,35,65,25,38,78,NA,90,90,9,19,5,7,0.7,0.7
2026-09-14T0800,3475A,113.9189,35.3042,新乡市,市政府,颗粒物(PM10),78,88,74,32,44,51,NA,28,28,47,29,14,12,0.9,0.9
2026-09-14T0800,3477A,113.1656,35.2536,焦作市,中站许衡医院,颗粒物(PM10),51,51,57,30,29,93,NA,110,110,22,16,9,9,0.7,0.6
2026-09-14T0800,3478A,113.9691,33.568,漯河市,市图书馆,细颗粒物(PM2.5),105,108,72,65,36,25,NA,22,22,47,29,15,11,0.9,0.6
2026-09-14T0800,3481A,125.127,46.6277,大庆市,萨区政府监测点,,19,19,17,5,4,27,NA,31,31,11,6,7,6,0.3,0.3
2026-09-14T0800,3482A,107.754,29.3275,重庆市,芙蓉中路,细颗粒物(PM2.5),66,51,38,43,31,26,NA,54,54,14,10,10,10,0.8,0.7
2026-09-14T0800,3484A,106.2629,29.3202,重庆市,行政中心,,43,43,38,20,16,30,NA,42,42,14,10,11,12,0.4,0.4
2026-09-14T0800,3486A,124.4029,43.1411,四平市,植物园,,32,27,23,22,9,18,NA,6,6,24,18,10,4,0.2,0.1
2026-09-14T0800,3488A,104.387954,30.746684,成都市,青白江技师分院,,31,31,21,17,11,28,NA,38,38,13,10,3,3,0.9,0.8
2026-09-14T0800,3489A,104.0788,30.4054,成都市,科学城,,26,26,16,13,7,34,NA,37,37,10,10,7,8,1.0,0.9
2026-09-14T0800,3491A,104.6899,31.5324,绵阳市,西科大附属小学,,26,26,20,13,12,10,NA,21,21,23,16,8,9,0.4,0.4
2026-09-14T0800,3492A,104.5647,31.5343,绵阳市,安州区旅游局,,29,25,18,20,10,12,NA,32,32,19,15,7,6,0.3,0.2
2026-09-14T0800,3494A,117.1673,36.9782,济南市,济阳区政府,颗粒物(PM10),83,95,71,41,32,79,NA,65,65,42,22,9,10,0.7,0.6
2026-09-14T0800,3495A,117.1168,36.6299,济南市,锦屏中学,,32,32,43,12,20,80,NA,88,88,15,13,7,7,0.8,0.7
2026-09-14T0800,3496A,118.359,35.1067,临沂市,南坊新区,颗粒物(PM10),72,80,80,44,53,119,NA,107,107,30,40,11,13,0.7,0.8
2026-09-14T0800,3498A,118.5063,37.8606,东营市,河口城区,细颗粒物(PM2.5),56,51,65,38,42,24,NA,66,66,22,13,2,6,1.0,1
2026-09-14T0800,3500A,116.5808,35.3703,济宁市,北湖一中,细颗粒物(PM2.5),80,73,75,50,47,93,NA,82,82,22,20,5,3,0.8,0.5
2026-09-14T0800,3501A,116.8251,35.5592,济宁市,服务中心,细颗粒物(PM2.5),110,81,75,70,49,74,NA,48,48,37,30,12,6,1.0,0.7
2026-09-14T0800,3502A,117.1812,36.2273,泰安市,国网新校,,42,42,39,25,22,40,NA,60,60,20,10,3,4,0.5,0.5
2026-09-14T0800,3503A,117.0315,36.2017,泰安市,交通技校,,39,39,49,18,23,44,NA,46,46,33,23,4,6,0.3,0.4
2026-09-14T0800,3504A,117.083,36.13,泰安市,山东第一医科大学,颗粒物(PM10),72,80,62,43,38,55,NA,71,71,46,21,18,10,1.1,0.5
2026-09-14T0800,3505A,122.1379,37.3414,威海市,临港区管委会,,31,31,47,0,22,69,NA,85,85,11,12,6,8,0.3,0.4
2026-09-14T0800,3507A,119.5326,35.4627,日照市,职业技术学院,,33,31,59,10,37,103,NA,150,150,12,24,11,11,0.4,0.6
2026-09-14T0800,3511A,116.5687,37.3331,德州市,陵城艺术中心,颗粒物(PM10),78,88,61,48,20,49,NA,48,48,44,20,20,12,0.6,0.3
2026-09-14T0800,3513A,116.0443,36.436,聊城市,九州社区,颗粒物(PM10),73,82,80,46,34,57,NA,60,60,47,26,10,15,0.5,0.6
2026-09-14T0800,3514A,117.9379,37.3959,滨州市,中海酒店,细颗粒物(PM2.5),107,100,76,67,44,102,NA,38,38,31,30,15,9,0.8,0.6
2026-09-14T0800,3515A,117.9381509,37.35547456,滨州市,开发区一中,细颗粒物(PM2.5),125,146,102,87,49,71,NA,65,65,54,34,12,11,0.4,0.2
2026-09-14T0800,3516A,118.0914,37.6938,滨州市,金海六路,细颗粒物(PM2.5),120,107,91,81,58,43,NA,76,76,49,26,3,4,1.2,1
2026-09-14T0800,3520A,106.3495,38.9837,石嘴山市,妇女儿童医院,颗粒物(PM10),90,106,52,52,22,14,NA,23,23,41,27,22,19,1.8,0.9
2026-09-14T0800,3521A,106.7495,39.2068,石嘴山市,石大公路,,34,34,53,12,14,11,NA,17,17,37,34,7,23,0.4,0.4
2026-09-14T0800,3523A,106.5105,38.3857,银川市,滨河新区,,29,29,32,14,13,47,NA,47,47,27,20,20,21,0.6,0.6
2026-09-14T0800,3525A,108.6394,34.408,咸阳市,奥体中心,,30,30,33,21,22,27,NA,15,15,12,19,4,5,0.5,0.5
2026-09-14T0800,3526A,119.5188,25.9666,福州市,吴航,,18,8,13,7,9,57,NA,46,46,9,9,7,7,0.4,0.5
2026-09-14T0800,3527A,118.0961,24.5689,厦门市,集美中学,,15,9,20,5,11,46,NA,46,46,7,8,2,2,0.3,0.3
2026-09-14T0800,3528A,118.1502,24.7246,厦门市,同安二实小,,12,NA,12,8,10,36,NA,40,40,4,3,2,2,0.7,0.6
2026-09-14T0800,3530A,117.6288,24.5309,漳州市,西洋坪路,颗粒物(PM10),51,51,32,28,16,18,NA,19,19,17,10,6,6,0.7,0.6
2026-09-14T0800,3531A,110.296,25.1254,桂林市,旅游学院,颗粒物(PM10),55,57,45,32,23,93,NA,95,95,13,10,10,5,0.7,0.7
2026-09-14T0800,3532A,110.1951,22.6832,玉林市,玉林师范学院东校区,,28,28,37,18,26,32,NA,46,46,21,13,6,4,0.6,0.6
2026-09-14T0800,3533A,110.0527,22.5894,玉林市,福绵环保局,,32,23,39,22,30,26,NA,40,40,13,13,6,6,0.8,0.8
2026-09-14T0800,3534A,111.4744,24.455,贺州市,西湾,"颗粒物(PM10),细颗粒物(PM2.5)",58,61,61,39,38,42,NA,61,61,23,13,9,9,0.6,0.6
2026-09-14T0800,3535A,109.1781,23.7293,来宾市,兴宾区政府,细颗粒物(PM2.5),54,42,47,37,31,77,NA,86,86,15,13,21,11,1.1,0.8
2026-09-14T0800,3538A,107.5175,26.2977,黔南布依族苗族自治州,沙坝,颗粒物(PM10),53,53,32,35,20,17,NA,32,32,18,10,9,5,0.6,0.4
2026-09-14T0800,3539A,110.5111,19.9737,海口市,桂林洋子站,,14,11,12,6,7,44,NA,47,47,4,3,/,/,/,/
2026-09-14T0800,3540A,109.7348,18.3443,三亚市,君悦子站,,44,44,26,22,10,55,NA,61,61,2,2,4,4,0.8,0.6
2026-09-14T0800,3541A,109.5726195,19.51688767,儋州市,第一中学子站,,17,7,6,2,1,52,NA,49,49,2,1,2,2,0.6,0.5
2026-09-14T0800,3542A,109.5567,19.5187,儋州市,东坡学校子站,,17,5,7,3,2,52,NA,50,50,3,2,6,5,0.4,0.4
2026-09-14T0800,3544A,121.4891,30.925,上海市,奉贤南桥新城,,26,20,23,12,12,81,NA,62,62,24,17,5,5,0.6,0.3
2026-09-14T0800,3545A,110.8053,32.8401,十堰市,郧阳区金沙路,,9,8,18,1,8,27,NA,24,24,7,7,8,8,0.6,0.5
2026-09-14T0800,3546A,111.4606,30.5519,宜昌市,猇亭区张家湾站,,23,23,36,14,20,31,NA,34,34,16,11,6,9,0.3,0.4
2026-09-14T0800,3547A,112.1631,31.0134,荆门市,龙泉中学南校,,27,27,34,15,23,47,NA,62,62,13,10,8,6,0.6,0.6
2026-09-14T0800,3549A,109.5061,30.3771,恩施土家族苗族自治州,龙凤新区,,30,22,25,21,20,41,NA,45,45,8,6,4,4,0.6,0.6
2026-09-14T0800,3550A,102.8,24.9787,昆明市,昆明学院,,32,32,35,14,19,88,NA,66,66,9,15,5,6,0.6,0.6
2026-09-14T0800,3551A,102.5969,24.6738,昆明市,晋宁区生态环境分局,,32,25,27,22,27,95,NA,96,96,6,8,3,4,0.4,0.4
2026-09-14T0800,3552A,102.6673,24.9861,昆明市,云天化总部,,30,30,29,18,19,89,NA,84,84,11,12,4,5,0.3,0.3
2026-09-14T0800,3557A,119.9463,30.0496,杭州市,镇二中,细颗粒物(PM2.5),56,38,39,38,29,31,NA,39,39,31,22,6,7,0.7,0.6
2026-09-14T0800,3558A,119.7184,30.2367,杭州市,市府大楼,,43,NA,27,30,23,46,NA,45,45,18,13,7,7,0.4,0.3
2026-09-14T0800,3560A,120.4715,30.0414,绍兴市,柯桥妇保,,45,44,35,31,22,51,NA,39,39,21,16,8,8,0.7,0.6
2026-09-14T0800,3561A,120.6985,27.9252,温州市,茶山,,45,34,23,31,15,28,NA,38,38,29,17,/,/,/,/
2026-09-14T0800,3562A,120.4146,30.8538,湖州市,南浔区站,,46,NA,28,32,23,38,NA,57,57,35,17,12,9,0.6,0.5
2026-09-14T0800,3564A,121.25678,28.66823971,台州市,台州科技职业学院,,23,20,24,16,18,51,NA,38,38,11,12,9,9,0.7,0.7
2026-09-14T0800,3565A,113.1371,40.1122,大同市,云冈站,,35,35,28,14,8,13,NA,13,13,14,11,10,9,0.5,0.2
2026-09-14T0800,3566A,113.1186,40.2556,大同市,图书馆,,35,35,25,18,9,10,NA,11,11,10,9,7,12,0.7,0.5
2026-09-14T0800,3567A,113.5931,40.0459,大同市,区一中,,16,13,16,2,5,49,NA,54,54,9,8,12,11,0.5,0.5
2026-09-14T0800,3568A,113.0603,36.0464,长治市,向阳小学,细颗粒物(PM2.5),82,82,82,51,23,44,NA,86,86,16,11,7,11,0.8,0.7
2026-09-14T0800,3569A,112.8788,36.315,长治市,屯留一中,,34,34,29,16,10,39,NA,43,43,18,13,12,12,0.5,0.4
2026-09-14T0800,3571A,112.2938,39.5296,朔州市,一水厂,,47,47,37,8,9,5,NA,8,8,29,21,2,2,0.5,0.4
2026-09-14T0800,3575A,118.0927,39.5807,唐山市,正泰大街热力站,颗粒物(PM10),57,59,42,14,15,26,NA,32,32,16,16,14,6,1.0,0.5
2026-09-14T0800,3576A,118.1561,39.8322,唐山市,丰润区政府,颗粒物(PM10),53,53,41,15,14,17,NA,14,14,21,21,5,6,0.6,0.7
2026-09-14T0800,3577A,118.436906,39.73802,唐山市,金山小学,,30,30,47,4,10,47,NA,44,44,17,18,20,12,0.9,0.7
2026-09-14T0800,3578A,118.2449,39.6693,唐山市,政府服务中心,颗粒物(PM10),55,57,53,10,15,17,NA,8,8,30,28,11,6,0.9,0.6
2026-09-14T0800,3580A,114.1998,36.4439,邯郸市,峰峰矿区临水派出所,颗粒物(PM10),58,61,42,29,22,75,NA,118,118,23,12,16,8,1.0,0.5
2026-09-14T0800,3581A,115.3136,38.9511,保定市,满城区生态环境分局,,34,34,47,5,14,42,NA,45,45,12,12,3,1,0.3,0.3
2026-09-14T0800,3582A,115.4709,38.7628,保定市,清苑区第二中学,,29,29,48,5,19,36,NA,42,42,15,16,3,3,0.2,0.3
2026-09-14T0800,3583A,115.6231,39.0223,保定市,徐水物探局,,23,23,43,5,16,25,NA,28,28,24,25,3,2,0.0,0.3
2026-09-14T0800,3590A,113.8362,34.566,郑州市,北区建设指挥部,细颗粒物(PM2.5),96,86,79,58,46,28,NA,32,32,57,39,9,8,0.8,0.6
2026-09-14T0800,3591A,113.3029,34.8041,郑州市,上街区政府,细颗粒物(PM2.5),92,74,64,56,42,54,NA,58,58,38,23,22,15,0.9,0.9
2026-09-14T0800,3592A,114.4518,34.7503,开封市,祥符区生态环境局,细颗粒物(PM2.5),129,132,103,91,66,30,NA,20,20,42,29,9,6,1.0,0.8
2026-09-14T0800,3593A,112.5736,34.8993,洛阳市,吉利监测站,,36,36,36,13,21,42,NA,51,51,13,14,8,9,0.5,0.4
2026-09-14T0800,3594A,112.8736,33.9068,平顶山市,石龙区,颗粒物(PM10),76,86,46,23,23,18,NA,29,29,37,40,12,14,0.8,0.8
2026-09-14T0800,3596A,114.1573,35.9607,鹤壁市,南山宾馆,细颗粒物(PM2.5),64,66,54,42,35,74,NA,119,119,9,10,8,10,1.0,0.8
2026-09-14T0800,3598A,111.1031,34.719,三门峡市,富达温泉假日酒店,细颗粒物(PM2.5),74,58,47,47,32,9,NA,9,9,23,21,8,11,0.8,0.7
2026-09-14T0800,3599A,106.2648,29.9853,重庆市,书院路,,33,23,16,23,21,25,NA,28,28,11,9,6,7,0.8,0.7
2026-09-14T0800,3600A,106.2334,29.5583,重庆市,虎峰,,45,45,44,23,26,30,NA,38,38,16,13,10,9,0.8,0.7
2026-09-14T0800,3601A,106.0497,29.8345,重庆市,龙门街,,42,36,25,29,19,23,NA,41,41,21,9,8,7,0.8,0.6
2026-09-14T0800,3604A,119.3267,35.1043,日照市,岚山环保分局,颗粒物(PM10),60,63,74,28,42,92,NA,141,141,39,28,61,26,4.2,1.6
2026-09-14T0800,3605A,109.1019,34.5302,西安市,无线电监控中心,,23,22,34,16,19,30,NA,32,32,26,23,6,5,0.7,0.7
2026-09-14T0800,3610A,105.5931,29.4105,重庆市,昌元,,36,36,29,22,20,20,NA,32,32,27,15,13,11,0.8,0.7
2026-09-14T0800,3612A,85.1045,45.6895,克拉玛依市,白碱滩区新站,,42,42,39,18,12,47,NA,72,72,15,12,6,6,0.3,0.3
2026-09-14T0800,3613A,87.3069,44.0093,昌吉回族自治州,亚心广场,颗粒物(PM10),62,66,61,18,16,49,NA,76,76,34,24,9,10,0.4,0.3
2026-09-14T0800,3614A,79.9241,37.0878,和田地区,地区环保局,颗粒物(PM10),119,168,130,34,36,76,NA,80,80,2,2,1,2,0.2,0.3
2026-09-14T0800,3615A,79.9132,37.1137,和田地区,市环保局,颗粒物(PM10),121,174,135,42,34,81,NA,84,84,2,5,2,2,0.4,0.4
2026-09-14T0800,3616A,106.7617,31.8343,巴中市,市中心医院,,40,40,30,18,13,8,NA,7,7,10,9,10,9,0.9,0.9
2026-09-14T0800,3617A,105.8047,32.4167,广元市,经开区,,26,26,23,14,14,9,NA,20,20,18,16,6,10,0.6,0.5
2026-09-14T0800,3618A,112.4702,37.7821,太原市,金胜,,34,34,27,2,13,31,NA,36,36,27,19,11,10,0.3,0.3
2026-09-14T0800,3619A,113.6169,37.8565,阳泉市,龙柱,颗粒物(PM10),75,84,64,29,26,9,NA,4,4,36,35,43,32,1.2,0.7
2026-09-14T0800,3620A,112.8258,35.4804,晋城市,泽州一中,颗粒物(PM10),58,60,54,29,27,28,NA,46,46,23,17,5,9,1.1,1
2026-09-14T0800,3622A,113.5556,24.8082,韶关市,碧湖山庄,细颗粒物(PM2.5),52,51,47,36,33,38,NA,39,39,11,10,10,11,1.2,1.1
2026-09-14T0800,3623A,113.8952,22.586,深圳市,西乡,,37,37,26,20,13,32,NA,29,29,16,12,4,3,0.7,0.6
2026-09-14T0800,3624A,116.4069,23.2533,汕头市,潮南子站,,14,14,24,9,12,42,NA,48,48,11,9,7,7,/,/
2026-09-14T0800,3625A,113.2568,22.7629,佛山市,容桂街道办,细颗粒物(PM2.5),52,NA,19,36,22,14,NA,19,19,28,16,/,/,/,/
2026-09-14T0800,3628A,112.0335,22.9376,云浮市,文笔,,40,32,35,28,24,22,NA,30,30,13,12,7,9,0.4,0.4
2026-09-14T0800,3629A,101.8304,36.5785,西宁市,世纪职校,,18,17,19,12,15,20,NA,33,33,10,12,3,6,0.7,0.7
2026-09-14T0800,3633A,118.4914,31.681,马鞍山市,雨山,,49,49,45,24,25,51,NA,83,83,25,16,7,8,1.0,1.1
2026-09-14T0800,3635A,112.3678,34.6623,洛阳市,河科大西苑校区,,48,48,51,32,33,45,NA,39,39,23,25,10,11,0.6,0.7
2026-09-14T0800,3636A,112.4387,34.678,洛阳市,英才小学,细颗粒物(PM2.5),80,88,64,50,36,14,NA,3,3,38,34,23,12,1.2,0.8
2026-09-14T0800,3637A,131.0136,45.7688,七台河市,人民广场,,12,10,16,2,5,37,NA,39,39,7,9,5,6,0.4,0.5
2026-09-14T0800,3638A,104.7637,29.3373,自贡市,轻化工大学,,32,NA,12,22,10,14,NA,34,34,19,9,8,8,0.7,0.6
2026-09-14T0800,3642A,120.3454,36.0735,青岛市,市北区南部,颗粒物(PM10),54,55,51,7,37,75,NA,115,115,19,26,8,10,0.5,0.7
2026-09-14T0800,3643A,120.3897,36.18,青岛市,李沧区北部,,44,44,69,6,40,79,NA,110,110,20,29,6,8,0.6,0.8
2026-09-14T0800,3644A,117.8662,36.8049,淄博市,三金集团,细颗粒物(PM2.5),130,118,82,93,47,55,NA,37,37,51,32,10,7,1.2,0.7
2026-09-14T0800,3645A,118.0259,36.8409,淄博市,东风化工厂,细颗粒物(PM2.5),124,138,91,86,51,44,NA,29,29,58,33,16,10,1.0,0.8
2026-09-14T0800,3646A,118.4979,37.4623,东营市,胜利站,细颗粒物(PM2.5),131,NA,59,94,57,92,NA,81,81,34,18,10,7,0.8,0.5
2026-09-14T0800,3648A,106.2176,37.9832,吴忠市,文卫南街,细颗粒物(PM2.5),56,42,48,38,20,40,NA,42,42,29,26,5,6,0.4,0.4
2026-09-14T0800,3650A,105.1696,37.5164,中卫市,沙坡头区政府站,,25,25,31,11,14,46,NA,58,58,28,18,1,3,0.5,0.4
2026-09-14T0800,3654A,114.8093,30.4091,鄂州市,精准医疗中心,颗粒物(PM10),52,52,41,30,26,64,NA,91,91,26,12,4,4,0.6,0.5
2026-09-14T0800,3655A,114.3379,29.8683,咸宁市,长江产业园,细颗粒物(PM2.5),60,60,50,40,35,17,NA,45,45,28,18,5,6,0.6,0.5
2026-09-14T0800,3656A,120.1554,30.2863,杭州市,消防大队,,40,33,31,28,22,41,NA,58,58,29,18,9,9,0.7,0.6
2026-09-14T0800,3658A,120.6156,30.0762,绍兴市,袍江中学,,37,37,30,22,18,46,NA,70,70,35,18,9,9,0.7,0.5
2026-09-14T0800,3659A,119.656,29.1132,金华市,气象局,,47,47,45,26,23,68,NA,74,74,31,23,7,7,0.8,0.6
2026-09-14T0800,3662A,123.6341,47.2079,齐齐哈尔市,富区青少年活动中心,,15,15,15,2,4,20,NA,18,18,16,12,4,4,0.7,0.5
2026-09-14T0800,3663A,124.117,50.4279,大兴安岭地区,红旗社区,,11,9,7,5,11,33,NA,26,26,4,5,4,4,0.2,0.2
2026-09-14T0800,3664A,119.4171,34.734,连云港市,连云街道,颗粒物(PM10),59,62,60,36,35,135,NA,123,123,18,22,12,12,0.9,0.8
2026-09-14T0800,3665A,76.1654,39.7157,克孜勒苏柯尔克孜自治州,克州文化中心,NA,NA,NA,50,NA,22,NA,NA,83,83,NA,9,NA,7,NA,0.2
2026-09-14T0800,3667A,111.0279,35.0543,运城市,水利职院,颗粒物(PM10),70,77,51,42,32,29,NA,36,36,24,15,14,8,1.5,0.8
2026-09-14T0800,3669A,114.4706,36.0634,安阳市,左辅环卫站,颗粒物(PM10),74,83,80,41,41,14,NA,25,25,26,23,5,7,0.9,0.9
2026-09-14T0800,3670A,111.0522,35.0439,运城市,禹都公园,颗粒物(PM10),67,73,42,36,26,32,NA,32,32,26,17,9,7,1.7,0.8
2026-09-14T0800,3671A,116.0879,39.9725,北京市,门头沟三家店,,16,16,17,2,5,37,NA,37,37,14,13,2,2,0.4,0.3
2026-09-14T0800,3672A,116.1507,39.8246,北京市,丰台云岗,,35,35,17,3,4,32,NA,33,33,14,12,2,3,0.2,0.2
2026-09-14T0800,3674A,115.9578,39.7602,北京市,房山燕山,,15,15,12,5,5,26,NA,38,38,13,8,2,2,0.2,0.2
2026-09-14T0800,3675A,116.4669,39.7734,北京市,大兴旧宫,,12,12,15,2,5,32,NA,20,20,17,19,2,2,0.5,0.3
2026-09-14T0800,3677A,98.5887,24.4366,德宏傣族景颇族自治州,芒市人民政府综合楼,,50,50,50,24,23,23,NA,32,32,10,10,8,8,0.9,0.8
2026-09-14T0800,3678A,116.5907,35.4054,济宁市,市第七中学,细颗粒物(PM2.5),76,78,82,48,44,85,NA,76,76,29,21,8,6,0.8,0.6
2026-09-14T0800,3683A,109.8332,40.6577,包头市,昆区政府,,28,28,22,10,9,24,NA,28,28,34,23,10,7,0.4,0.4
2026-09-14T0800,3684A,130.8639,45.8144,七台河市,新建矿广场,,15,9,10,5,5,46,NA,45,45,4,7,4,4,0.5,0.6
2026-09-14T0800,3685A,117.897,28.4316,上饶市,双创科技城,,49,49,44,29,30,113,NA,131,131,16,11,14,8,0.6,0.6
2026-09-14T0800,3689A,113.9002,35.372,新乡市,行政服务中心,颗粒物(PM10),83,95,80,47,45,22,NA,26,26,39,27,9,12,1.3,1.2
2026-09-14T0800,3690A,115.9718,28.7032,南昌市,外国语学校,细颗粒物(PM2.5),60,48,45,40,31,94,NA,99,99,16,15,9,8,0.7,0.8
2026-09-14T0800,3692A,118.2043,39.6703,唐山市,消防缸窑路中队,NA,NA,NA,NA,NA,NA,NA,NA,45,NA,NA,NA,NA,NA,NA,NA
2026-09-14T0800,3693A,118.1432,39.6203,唐山市,路南电大,,30,30,42,2,15,42,NA,38,38,19,21,11,6,0.9,0.5
2026-09-14T0800,3694A,115.9859,40.4562,北京市,延庆石河营,,34,34,18,13,6,11,NA,4,4,19,19,4,4,0.3,0.2
2026-09-14T0800,3695A,116.6151,40.3052,北京市,怀柔新城,,10,10,9,5,5,31,NA,37,37,9,4,2,1,0.2,0.2
2026-09-14T0800,3696A,116.2542,39.8764,北京市,丰台小屯,,16,16,18,4,6,26,NA,29,29,27,20,3,2,0.4,0.3
2026-09-14T0800,3697A,116.8399,40.3843,北京市,密云镇,,14,14,14,4,6,28,NA,21,21,15,18,5,5,0.3,0.3
2026-09-14T0800,3699A,111.6519,40.8389,呼和浩特市,海东办,,36,36,14,2,4,20,NA,8,8,31,25,8,8,0.6,0.5
2026-09-14T0800,3701A,116.9647,33.6252,宿州市,皖北煤电集团,细颗粒物(PM2.5),82,83,55,51,36,112,NA,97,97,20,14,15,10,0.7,0.6
2026-09-14T0800,3706A,122.2584,43.6333,通辽市,老干部活动中心,,31,31,23,10,5,27,NA,37,37,13,6,11,9,0.5,0.4
2026-09-14T0800,3707A,131.0069,45.2988,鸡西市,欧美日汽修厂,,13,8,9,5,9,40,NA,34,34,5,8,2,3,0.2,0.2
2026-09-14T0800,3708A,122.2923,43.6189,通辽市,东方明珠社区,NA,NA,27,25,6,6,31,NA,44,44,NA,7,4,3,0.3,0.3
2026-09-14T0800,3710A,121.5593,29.8976,宁波市,白沙活动中心,,29,15,20,7,12,92,NA,86,86,7,8,10,11,0.5,0.5
2026-09-14T0800,3713A,124.3286,43.1726,四平市,世纪城,,23,23,20,12,8,24,NA,20,20,18,13,4,4,0.2,0.2
2026-09-14T0800,3715A,117.3091,32.9314,蚌埠市,蚌埠田家炳中学,细颗粒物(PM2.5),114,116,65,75,40,58,NA,39,39,25,24,10,10,0.8,0.7
2026-09-14T0800,3719A,97.1707,31.1428,昌都市,昌都会议中心,,21,NA,10,8,4,66,NA,65,65,4,6,3,3,0.3,0.3
2026-09-14T0800,3726A,88.8775,29.2425,日喀则市,林业技术推广中心,,25,4,5,2,2,80,NA,78,78,1,2,4,4,0.2,0.2
2026-09-14T0800,3728A,104.6701,28.8053,宜宾市,白酒学院,,26,26,14,16,10,12,NA,24,24,14,12,5,5,0.6,0.5
2026-09-14T0800,3734A,118.5753,37.4405,东营市,理想之城,细颗粒物(PM2.5),162,NA,67,123,73,61,NA,48,48,39,24,6,6,1.5,1.2
2026-09-14T0800,3860A,118.3915,35.0297,临沂市,皇山花园小区,颗粒物(PM10),70,78,78,36,50,134,NA,113,113,25,34,38,16,0.8,0.8
2026-09-14T0800,3861A,119.2046,36.7696,潍坊市,寒亭区实验一小,细颗粒物(PM2.5),80,70,69,50,46,64,NA,93,93,34,20,4,6,0.9,0.8
2026-09-14T0800,3866A,122.2469,40.663,营口市,三高中,,21,21,31,7,11,28,NA,30,30,20,18,13,11,0.6,0.4
2026-09-14T0800,3867A,102.074,36.5056,海东市,平安区公安局北苑,,26,26,21,16,14,30,NA,45,45,16,8,6,5,0.6,0.5
2026-09-14T0800,3981A,113.2456,35.18,焦作市,原李万街道办,细颗粒物(PM2.5),90,62,64,55,37,22,NA,35,35,34,22,9,11,0.5,0.6
2026-09-14T0800,3994A,102.2174,31.9016,阿坝藏族羌族自治州,马尔康中学西区,,10,8,10,7,6,18,NA,14,14,2,2,5,4,0.3,0.3
2026-09-14T0800,4002A,109.2312,23.7428,来宾市,中南小学,细颗粒物(PM2.5),52,50,44,36,29,74,NA,78,78,16,14,18,12,0.7,0.6
2026-09-14T0800,4004A,115.4199,38.8665,保定市,双鹰农机,NA,NA,NA,NA,NA,NA,NA,NA,NA,NA,NA,NA,NA,NA,NA,NA
2026-09-14T0800,4006A,122.3622,40.6762,营口市,老边实验小学,,22,22,32,10,16,24,NA,16,16,24,25,11,11,0.6,0.7
2026-09-14T0800,4008A,112.5233,32.9921,南阳市,卧龙区政府,,36,36,50,7,22,63,NA,44,44,17,18,6,7,0.8,0.8
2026-09-14T0800,4010A,112.5608,37.8807,太原市,育英中学,,34,34,31,6,14,31,NA,36,36,30,27,9,8,0.4,0.5
2026-09-14T0800,4011A,103.8505,30.6946,成都市,光华大道三段,,38,38,19,26,13,13,NA,39,39,21,11,6,4,1.0,0.7
2026-09-14T0800,4017A,116.7926,33.9534,淮北市,市博物馆,细颗粒物(PM2.5),106,85,57,66,39,96,NA,98,98,23,15,15,9,0.8,0.6
2026-09-14T0800,4018A,116.0564,36.4609,聊城市,星美广场,颗粒物(PM10),73,82,79,46,34,61,NA,47,47,32,22,9,11,0.4,0.5
2026-09-14T0800,4022A,102.1648,38.5369,金昌市,金川区人防中心,,46,46,31,8,14,33,NA,50,50,32,15,8,11,0.5,0.3
2026-09-14T0800,4024A,114.6491,37.9014,石家庄市,栾城区星河路,颗粒物(PM10),63,67,45,32,24,27,NA,31,31,29,18,4,4,0.5,0.3
2026-09-14T0800,4027A,75.9485,39.4688,喀什地区,老干局,,37,37,67,6,19,38,NA,19,19,11,25,4,4,0.2,0.4
2026-09-14T0800,4028A,117.9955,37.3752,滨州市,滨州市西街道办事处,细颗粒物(PM2.5),134,136,86,97,48,71,NA,63,63,49,24,6,8,1.3,1
2026-09-14T0800,4033A,122.3124,29.9619,舟山市,普陀东港中学,,30,15,13,6,7,93,NA,94,94,6,4,7,7,0.5,0.5
2026-09-14T0800,4034A,115.515,38.8589,保定市,植保所站,,30,30,40,2,14,44,NA,52,52,19,19,2,2,0.1,0.1
2026-09-14T0800,4036A,116.646,23.676,潮州市,金山,,12,10,15,6,9,36,NA,39,39,6,5,3,3,0.6,0.5
2026-09-14T0800,4051A,86.0791,44.3018,石河子市,世纪广场,,50,50,67,25,24,48,NA,52,52,29,31,6,8,0.5,0.5
2026-09-14T0800,4054A,109.0324,32.6913,安康市,市邮政管理局,,13,13,29,6,18,7,NA,4,4,8,14,2,5,0.9,0.9
2026-09-14T0800,4055A,108.8869,34.2662,西安市,行知小学,颗粒物(PM10),52,52,44,26,21,16,NA,16,16,46,29,4,3,0.7,0.6
2026-09-14T0800,4056A,108.6601,34.3767,咸阳市,五陵塬路2号,,44,44,40,26,23,23,NA,27,27,26,24,6,7,0.7,0.6
2026-09-14T0800,4057A,115.9423,40.4431,北京市,延庆百泉,,23,23,13,10,5,4,NA,3,3,25,16,2,2,0.3,0.2
2026-09-14T0800,4058A,116.6598,39.9164,北京市,通州新华,,19,19,20,4,6,23,NA,20,20,25,25,6,2,0.4,0.4
2026-09-14T0800,4059A,114.4563,38.0365,石家庄市,裕华西路63号,,32,32,33,20,16,52,NA,45,45,15,13,4,5,0.4,0.3
2026-09-14T0800,4060A,114.5586,38.0581,石家庄市,和平路363号,,41,41,37,21,17,40,NA,51,51,22,15,2,2,0.3,0.3
2026-09-14T0800,4061A,114.8347,38.0213,石家庄市,廉州西路160号,颗粒物(PM10),70,78,48,35,20,16,NA,28,28,39,17,6,2,0.5,0.4
2026-09-14T0800,4062A,114.4498,38.0729,石家庄市,北城路41号,,41,41,40,19,16,50,NA,52,52,15,13,6,6,0.4,0.3
2026-09-14T0800,4063A,115.2124,37.9433,辛集市,市政府,颗粒物(PM10),55,56,47,15,14,50,NA,56,56,27,22,4,4,0.3,0.4
2026-09-14T0800,4064A,115.2008,37.9338,辛集市,城管大队,,40,40,37,14,16,48,NA,55,55,26,17,10,9,0.3,0.4
2026-09-14T0800,4065A,118.1267,39.6579,唐山市,光明北路515号,,19,19,31,2,12,40,NA,36,36,18,22,6,9,0.3,0.5
2026-09-14T0800,4066A,119.7458,39.9952,秦皇岛市,南园路157号,,22,22,25,3,7,34,NA,39,39,26,19,6,6,0.2,0.2
2026-09-14T0800,4067A,119.5131,39.8858,秦皇岛市,翠岛大街1号,,19,19,25,3,6,46,NA,59,59,12,9,6,8,0.3,0.2
2026-09-14T0800,4068A,114.5209,36.7697,邯郸市,建安街268号,颗粒物(PM10),65,70,63,25,28,34,NA,14,14,25,28,11,4,1.0,0.5
2026-09-14T0800,4069A,114.5488,36.6177,邯郸市,丛台东路558号,细颗粒物(PM2.5),123,NA,54,85,38,17,NA,70,70,59,23,6,6,0.8,0.6
2026-09-14T0800,4070A,114.5558,37.0578,邢台市,襄都区政府南院,,27,27,46,18,23,51,NA,40,40,8,17,2,3,0.7,0.7
2026-09-14T0800,4071A,114.9883,38.5232,定州市,交通局,,41,41,44,1,13,40,NA,44,44,17,17,2,2,0.3,0.4
2026-09-14T0800,4072A,115.0045,38.5136,定州市,第五中学,颗粒物(PM10),57,59,55,9,16,37,NA,39,39,17,20,7,7,0.2,0.3
2026-09-14T0800,4073A,117.9462,40.95,承德市,杏林街1号,,19,19,16,2,7,22,NA,12,12,12,11,5,5,0.3,0.2
2026-09-14T0800,4074A,112.449,37.8509,太原市,西矿街336号,,43,43,36,12,13,20,NA,44,44,37,25,9,9,0.8,0.7
2026-09-14T0800,4075A,112.4792,37.9393,太原市,迎宾北路9号,,33,33,30,8,15,27,NA,32,32,19,17,10,9,0.2,0.2
2026-09-14T0800,4076A,112.551,37.8575,太原市,迎泽大街248号,,40,40,38,7,17,22,NA,29,29,36,26,17,11,1.0,0.7
2026-09-14T0800,4077A,113.588,37.8712,阳泉市,宁波路,颗粒物(PM10),64,69,41,16,14,11,NA,4,4,46,34,8,9,0.7,0.6
2026-09-14T0800,4078A,112.8246,35.5152,晋城市,前书院路,颗粒物(PM10),83,96,68,26,24,19,NA,34,34,26,18,6,10,1.2,0.9
2026-09-14T0800,4079A,112.8864,35.4773,晋城市,祥云街666号,颗粒物(PM10),54,55,48,26,31,35,NA,64,64,31,17,6,11,1.2,1.1
2026-09-14T0800,4080A,112.7375,37.7215,晋中市,广安街188号,颗粒物(PM10),58,60,43,18,20,18,NA,14,14,24,23,8,10,0.2,0.3
2026-09-14T0800,4081A,111.0081,35.0748,运城市,学苑北路2555号,细颗粒物(PM2.5),76,68,52,48,34,32,NA,20,20,27,28,11,7,1.4,0.8
2026-09-14T0800,4082A,121.2548,38.8188,大连市,旅顺,,18,18,36,6,17,44,NA,54,54,13,13,7,8,0.5,0.6
2026-09-14T0800,4083A,123.153,41.2874,辽阳市,铁西路150号,,20,20,35,10,14,30,NA,17,17,16,20,9,8,0.7,0.7
2026-09-14T0800,4084A,123.835,42.2853,铁岭市,新华街20号,,44,44,25,11,5,16,NA,13,13,32,22,11,12,0.5,0.3
2026-09-14T0800,4085A,125.0998,42.9134,辽源市,安宁大街333号,,31,31,29,7,10,34,NA,11,11,11,16,7,5,0.4,0.5
2026-09-14T0800,4086A,118.7641,32.0841,南京市,新模范马路66号,,41,41,41,14,19,38,NA,43,43,49,23,4,4,0.4,0.4
2026-09-14T0800,4087A,120.3138,31.4927,无锡市,清舒道1号,,34,34,32,22,16,44,NA,47,47,34,21,7,6,0.9,0.7
2026-09-14T0800,4088A,117.1553,34.2567,徐州市,纺织东路16号,细颗粒物(PM2.5),113,95,60,74,47,70,NA,66,66,34,21,18,10,1.1,0.8
2026-09-14T0800,4089A,119.9551,31.863,常州市,崇义南街5-H号,,29,29,38,19,18,64,NA,36,36,16,20,10,10,0.6,0.7
2026-09-14T0800,4090A,120.4282,31.3228,苏州市,学森路9号,,38,38,37,20,16,58,NA,34,34,29,23,10,9,0.7,0.6
2026-09-14T0800,4091A,120.8692,31.9885,南通市,洪江路,,29,17,16,9,8,92,NA,77,77,10,8,4,4,0.7,0.6
2026-09-14T0800,4092A,119.119691,33.550006,淮安市,枚皋中路89号,细颗粒物(PM2.5),111,NA,33,72,21,55,NA,20,20,30,22,8,7,1.3,0.7
2026-09-14T0800,4093A,119.5202,32.3705,扬州市,廖家沟步道,,34,34,34,21,18,59,NA,57,57,19,16,11,9,0.4,0.4
2026-09-14T0800,4094A,118.352,33.7886,宿迁市,春华路,细颗粒物(PM2.5),119,118,62,80,39,62,NA,56,56,30,20,11,8,0.8,0.5
2026-09-14T0800,4095A,121.8962,29.7529,宁波市,中科路88号,,23,20,21,11,9,73,NA,63,63,17,11,9,9,0.8,0.7
2026-09-14T0800,4096A,120.6935,28.0114,温州市,鹿城惠民路,,28,28,23,18,15,61,NA,55,55,12,11,/,/,0.4,0.4
2026-09-14T0800,4097A,118.9646,28.9832,衢州市,衢州三中,细颗粒物(PM2.5),62,57,49,41,34,86,NA,91,91,23,22,4,4,1.0,0.9
2026-09-14T0800,4098A,117.2518,31.8404,合肥市,中国科学技术大学,,44,44,48,23,25,90,NA,110,110,21,16,8,9,0.5,0.5
2026-09-14T0800,4099A,118.5726,31.1371,芜湖市,湾沚区人民法院,,41,41,41,26,30,46,NA,80,80,27,14,10,7,0.8,0.7
2026-09-14T0800,4100A,116.8322,33.9884,淮北市,杜集区第一实验学校,细颗粒物(PM2.5),119,85,55,80,42,82,NA,76,76,22,16,13,8,0.9,0.7
2026-09-14T0800,4101A,118.3196,32.3335,滁州市,银山路666号,,45,45,48,28,32,44,NA,46,46,18,16,5,6,0.5,0.5
2026-09-14T0800,4102A,118.3426,32.2979,滁州市,黄山路555号,颗粒物(PM10),55,56,52,32,32,49,NA,65,65,18,14,8,8,0.5,0.5
2026-09-14T0800,4103A,116.9929,33.6412,宿州市,中兴路,细颗粒物(PM2.5),96,93,68,58,39,102,NA,82,82,24,18,19,14,1.0,0.9
2026-09-14T0800,4104A,119.3106,26.0648,福州市,路通桥巷6号,,18,17,17,12,11,48,NA,49,49,8,7,/,/,/,/
2026-09-14T0800,4105A,118.6355,24.9148,泉州市,霞新路6号,,14,14,15,9,9,34,NA,49,49,13,8,/,/,0.4,0.5
2026-09-14T0800,4106A,115.7923,28.6873,南昌市,工业二路,,48,40,48,33,30,123,NA,143,143,10,9,8,7,0.6,0.6
2026-09-14T0800,4107A,113.8686,27.6668,萍乡市,联洪村委会,,50,50,47,33,31,17,NA,32,32,17,13,11,10,0.6,0.5
2026-09-14T0800,4108A,117.7107,36.2385,济南市,山财大街5号,颗粒物(PM10),88,102,67,47,34,35,NA,59,59,57,26,5,6,0.9,0.8
2026-09-14T0800,4109A,116.9744,36.6889,济南市,无影山路12号,颗粒物(PM10),65,70,55,34,26,28,NA,23,23,55,32,8,8,0.9,0.7
2026-09-14T0800,4110A,120.5222,36.4089,青岛市,盟旺路653号,,36,36,68,21,44,69,NA,102,102,19,22,10,10,0.8,0.9
2026-09-14T0800,4111A,116.6075,35.4566,济宁市,任和路,细颗粒物(PM2.5),98,102,93,59,50,48,NA,38,38,30,26,5,4,0.8,0.7
2026-09-14T0800,4112A,116.5648,35.3921,济宁市,文体南路1号,细颗粒物(PM2.5),76,51,85,48,46,82,NA,60,60,24,23,6,4,0.8,0.5
2026-09-14T0800,4113A,116.0091,36.4495,聊城市,利民路,细颗粒物(PM2.5),62,56,64,41,38,65,NA,51,51,43,27,10,13,0.7,0.7
2026-09-14T0800,4114A,115.4239,35.2593,菏泽市,黄河路600号,细颗粒物(PM2.5),138,132,97,101,60,39,NA,28,28,34,31,7,7,0.7,0.6
2026-09-14T0800,4115A,115.5025,35.2727,菏泽市,菏泽市人社局,细颗粒物(PM2.5),149,127,91,113,63,43,NA,35,35,36,25,9,5,0.8,0.6
2026-09-14T0800,4116A,113.284,33.7139,平顶山市,姚电大道23号,颗粒物(PM10),59,62,66,33,33,34,NA,30,30,22,28,15,12,0.7,0.5
2026-09-14T0800,4117A,114.2918,36.0769,安阳市,钢三路198号,细颗粒物(PM2.5),84,94,60,52,33,52,NA,43,43,16,15,7,8,1.1,0.9
2026-09-14T0800,4118A,115.0552,35.7816,濮阳市,中原东路68号,细颗粒物(PM2.5),106,133,94,66,48,47,NA,37,37,30,22,6,8,1.4,1.2
2026-09-14T0800,4119A,115.6701,34.3767,商丘市,北海东路185号,细颗粒物(PM2.5),90,94,77,55,43,84,NA,33,33,29,31,9,6,0.8,0.8
2026-09-14T0800,4120A,115.6172,34.3704,商丘市,中山大街3号,颗粒物(PM10),85,98,89,47,42,36,NA,7,7,30,38,9,8,0.9,0.7
2026-09-14T0800,4121A,114.8466,33.7333,周口市,羲皇大道,细颗粒物(PM2.5),96,97,74,58,39,55,NA,68,68,30,23,6,7,1.1,1
2026-09-14T0800,4122A,112.6071,35.1015,济源市,市委党校,颗粒物(PM10),65,70,55,37,30,18,NA,31,31,24,17,6,10,1.2,0.9
2026-09-14T0800,4123A,112.596,35.0702,济源市,沁园中路1号,NA,NA,NA,53,NA,29,NA,NA,47,47,NA,28,NA,6,NA,1.4
2026-09-14T0800,4124A,112.2213,31.0654,荆门市,新台西路6号,细颗粒物(PM2.5),52,46,65,36,55,26,NA,38,38,18,12,8,10,0.8,0.9
2026-09-14T0800,4125A,113.946,30.8999,孝感市,天仙南路1号,颗粒物(PM10),57,59,54,28,30,73,NA,86,86,18,9,9,6,0.7,0.5
2026-09-14T0800,4127A,111.9812,27.7591,娄底市,涟钢职大,细颗粒物(PM2.5),76,83,53,48,37,42,NA,62,62,19,9,7,5,5.9,2.1
2026-09-14T0800,4128A,112.0303,27.7457,娄底市,娄底体校,细颗粒物(PM2.5),82,73,58,51,42,49,NA,44,44,20,11,3,3,0.8,0.6
2026-09-14T0800,4129A,113.8666,23.1062,东莞市,裕兴路,,27,27,27,15,14,38,NA,42,42,19,14,4,5,0.7,0.6
2026-09-14T0800,4130A,114.0076,22.9739,东莞市,教育路1号,,50,50,35,27,19,17,NA,28,28,37,20,12,10,0.9,0.8
2026-09-14T0800,4131A,113.7981,22.8124,东莞市,长怡路1号,,50,50,37,26,18,9,NA,12,12,28,21,7,6,0.7,0.6
2026-09-14T0800,4132A,108.2927,23.1477,南宁市,起凤路9号,细颗粒物(PM2.5),86,92,57,53,41,9,NA,32,32,35,19,16,7,0.8,0.7
2026-09-14T0800,4133A,106.6273,23.8798,百色市,龙景西路,,48,48,29,31,21,19,NA,42,42,16,11,9,10,0.4,0.4
2026-09-14T0800,4134A,110.1952,20.0451,海口市,长滨二路9号,,17,11,10,5,5,52,NA,54,54,4,4,/,/,/,/
2026-09-14T0800,4135A,109.1714,18.3739,三亚市,城东小学站,,39,39,12,24,7,62,NA,65,65,3,3,/,/,/,/
2026-09-14T0800,4136A,108.6971,30.9377,重庆市,云师幼儿园,,33,33,30,21,20,36,NA,48,48,10,8,6,5,0.9,0.8
2026-09-14T0800,4137A,107.3276,30.3284,重庆市,公安局,,26,NA,20,18,12,20,NA,29,29,12,7,8,9,0.5,0.4
2026-09-14T0800,4138A,108.0575,30.3254,重庆市,忠县中学,细颗粒物(PM2.5),70,66,66,45,48,23,NA,32,32,15,14,9,6,0.9,0.9
2026-09-14T0800,4139A,109.4542,31.0182,重庆市,竹枝路2号,,12,10,17,4,8,15,NA,24,24,24,13,6,6,0.5,0.4
2026-09-14T0800,4140A,107.7422,29.871,重庆市,龙河路,细颗粒物(PM2.5),56,55,53,38,39,14,NA,32,32,24,16,9,10,0.9,0.9
2026-09-14T0800,4141A,108.7636,28.84,重庆市,桃花源中路,,38,38,34,24,22,48,NA,37,37,15,16,7,6,0.8,0.7
2026-09-14T0800,4142A,108.9758,28.4416,重庆市,秀山县高级中学,,38,33,35,26,28,25,NA,37,37,10,9,7,8,0.9,0.9
2026-09-14T0800,4143A,108.1558,29.2859,重庆市,河堡街,细颗粒物(PM2.5),64,67,33,42,22,36,NA,58,58,12,9,6,7,1.0,0.9
2026-09-14T0800,4144A,104.3257,30.6406,成都市,八角井街185号,,29,29,22,16,9,12,NA,34,34,20,11,6,6,0.8,0.7
2026-09-14T0800,4145A,104.4144,31.1495,德阳市,市林业局,,27,27,29,16,11,31,NA,30,30,26,21,12,13,0.8,0.7
2026-09-14T0800,4146A,104.7092,31.4972,绵阳市,科技城新区公安局,,27,27,22,13,8,14,NA,35,35,24,18,9,10,0.6,0.5
2026-09-14T0800,4147A,105.0433,29.6105,内江市,玉峰路西段888号,,26,26,14,18,9,14,NA,29,29,12,9,2,2,0.4,0.3
2026-09-14T0800,4148A,103.8836,30.0695,眉山市,眉职院,,31,31,18,13,4,21,NA,27,27,16,12,8,8,0.8,0.8
2026-09-14T0800,4149A,104.6146,28.7422,宜宾市,宜宾市职业技术学校,,25,24,15,17,11,10,NA,24,24,21,13,8,5,0.7,0.6
2026-09-14T0800,4150A,104.6646,30.1116,资阳市,正兴街66号,,29,NA,12,20,11,11,NA,17,17,11,8,3,2,0.5,0.4
2026-09-14T0800,4151A,104.8899,26.5685,六盘水市,钟山大道中段564号,,26,26,16,14,9,18,NA,46,46,25,9,6,4,1.0,0.7
2026-09-14T0800,4152A,107.0425,27.7087,遵义市,乌江大道东段1号,,43,NA,29,30,25,36,NA,46,46,8,7,8,8,0.7,0.7
2026-09-14T0800,4153A,101.5536,25.0343,楚雄彝族自治州,团结路562号,,36,36,36,22,27,19,NA,24,24,16,14,4,4,0.4,0.4
2026-09-14T0800,4154A,103.401,23.3561,红河哈尼族彝族自治州,蒙自市朝阳路,,32,NA,21,15,21,102,NA,85,85,4,8,4,9,0.3,0.4
2026-09-14T0800,4155A,107.1721,34.3558,宝鸡市,滨河北路,,26,26,24,15,15,22,NA,33,33,14,12,3,4,0.7,0.6
2026-09-14T0800,4156A,108.6372,34.3031,咸阳市,胭脂路9号,颗粒物(PM10),51,51,39,35,24,11,NA,8,8,30,24,2,4,0.8,0.6
2026-09-14T0800,4157A,108.0371,34.3035,咸阳市,杨扶路,,30,26,27,21,20,18,NA,22,22,10,12,3,4,0.5,0.5
2026-09-14T0800,4158A,108.0895,34.2623,咸阳市,新桥路,,43,39,33,30,22,15,NA,6,6,13,15,6,6,0.5,0.3
2026-09-14T0800,4159A,110.4531,35.4578,渭南市,桢州大街,,28,28,30,12,17,47,NA,64,64,22,10,12,14,0.8,0.9
2026-09-14T0800,4160A,110.4368,35.4773,渭南市,太史大街,,39,39,33,17,18,33,NA,54,54,29,13,8,10,0.8,0.8
2026-09-14T0800,4161A,109.485,36.6347,延安市,志丹路,,36,36,27,14,12,10,NA,8,8,21,23,4,4,0.5,0.4
2026-09-14T0800,4162A,101.6769,36.6535,西宁市,海晏路105号,,43,43,18,17,16,15,NA,28,28,21,13,2,5,0.8,0.5
2026-09-14T0800,4163A,102.0984,36.5119,海东市,滨河路,,17,11,18,10,15,5,NA,18,18,34,26,6,7,0.4,0.5
2026-09-14T0800,4164A,87.2057,43.9289,昌吉回族自治州,财政所,,44,44,62,20,16,71,NA,69,69,10,13,8,9,0.2,0.3
2026-09-14T0800,4165A,82.9716,46.7464,塔城地区,文化广场,,34,34,56,12,12,38,NA,43,43,12,10,2,3,0.3,0.4
2026-09-14T0800,4166A,88.1198,47.7931,阿勒泰地区,阿勒泰路33号,,29,18,33,1,4,90,NA,93,93,4,10,2,3,0.3,0.3
2026-09-14T0800,4167A,86.0126,44.2349,石河子市,城南景苑小区,,45,45,60,11,16,97,NA,98,98,8,15,10,10,0.3,0.3
2026-09-14T0800,4168A,87.055284,43.999117,五家渠市,建设西街760号,颗粒物(PM10),86,100,142,21,23,56,NA,35,35,30,34,4,6,0.4,0.4
2026-09-14T0800,4180A,113.8157285,34.126705,许昌市,新元大道996号,细颗粒物(PM2.5),98,70,67,59,46,14,NA,26,26,25,24,6,6,0.6,0.5
2026-09-14T0800,4181A,112.3571,28.5588,益阳市,龙洲站,细颗粒物(PM2.5),129,129,68,91,54,38,NA,63,63,17,19,10,10,1.2,0.9
2026-09-14T0800,4182A,116.1942,39.9158,北京市,石景山八角,,16,16,17,4,5,40,NA,26,26,16,21,1,3,0.4,0.3
2026-09-14T0800,4183A,121.417401,31.16637,上海市,冠生园路458号,,31,18,20,12,13,99,NA,75,75,17,19,8,8,0.6,0.6
2026-09-14T0800,4184A,115.479691,35.244011,菏泽市,永昌路1号,细颗粒物(PM2.5),118,119,90,79,52,70,NA,60,60,34,22,8,6,0.9,0.8
2026-09-14T0800,4185A,115.078022,30.21118,黄石市,磁湖东路29号,颗粒物(PM10),57,59,49,33,34,73,NA,72,72,10,10,6,8,0.7,0.7
2026-09-14T0800,4186A,117.194237,34.229354,徐州市,解放南路202号,细颗粒物(PM2.5),113,127,68,74,42,56,NA,63,63,41,22,17,11,1.2,0.9
2026-09-14T0800,4187A,112.3425,28.611,益阳市,幸福渠东路223号,细颗粒物(PM2.5),135,114,68,98,60,33,NA,51,51,19,18,10,11,0.9,0.6
2026-09-14T0800,4188A,112.3712,28.5764,益阳市,益鑫泰路85号,细颗粒物(PM2.5),139,114,70,102,58,36,NA,61,61,18,16,13,13,1.0,0.8
2026-09-14T0800,4189A,113.113092,36.199482,长治市,英华南巷50号,,46,46,40,24,22,20,NA,54,54,24,15,14,17,0.7,0.7
2026-09-14T0800,4190A,113.23666,36.33435,长治市,学府街1号,颗粒物(PM10),72,80,61,33,25,25,NA,43,43,22,8,13,11,1.6,1
2026-09-14T0800,4191A,118.527362,31.722269,马鞍山市,慈湖高新区,NA,NA,NA,42,NA,21,NA,NA,172,NA,NA,14,NA,8,NA,0.6
2026-09-14T0800,4192A,115.931587,28.686774,南昌市,南京东路235号,细颗粒物(PM2.5),56,NA,41,38,30,102,NA,117,117,11,9,6,6,0.8,0.7
2026-09-14T0800,4193A,115.471542,35.280012,菏泽市,长城路999号,细颗粒物(PM2.5),129,125,85,91,60,66,NA,34,34,31,27,12,7,1.0,0.8
2026-09-14T0800,4194A,117.078628,40.151726,北京市,平谷新城,,17,17,14,8,8,19,NA,21,21,10,9,2,2,0.4,0.3
2026-09-14T0800,4196A,117.24369,39.102911,天津市,光华路,,24,24,21,11,12,20,NA,11,11,27,28,13,9,0.7,0.5
2026-09-14T0800,4197A,118.130859,39.636026,唐山市,友谊北路34号,,31,31,43,4,17,39,NA,35,35,18,22,12,9,0.6,0.5
2026-09-14T0800,4198A,119.509013,39.825305,秦皇岛市,北戴河轮滑馆,,14,14,27,2,7,33,NA,54,54,19,10,5,7,0.3,0.3
2026-09-14T0800,4199A,113.2798248,40.09972476,大同市,魏都大道141号,颗粒物(PM10),52,52,40,8,8,6,NA,15,15,28,22,23,13,1.1,0.4
2026-09-14T0800,4200A,112.7478,37.6954,晋中市,迎宾街26号,,31,31,33,11,17,29,NA,40,40,12,15,10,12,0.2,0.3
2026-09-14T0800,4201A,122.944647,41.082639,鞍山市,兴盛南路290号,颗粒物(PM10),54,55,54,23,17,25,NA,11,11,28,29,21,13,1.1,1
2026-09-14T0800,4202A,113.9856,32.9802,驻马店市,交通路1233号,细颗粒物(PM2.5),62,58,60,41,32,29,NA,38,38,28,20,7,6,0.5,0.5
2026-09-14T0800,4203A,111.3168,30.7203,宜昌市,西陵二路116号,,13,13,30,7,13,32,NA,41,41,19,10,6,6,0.4,0.5
2026-09-14T0800,4204A,111.3526,30.6374,宜昌市,沈家店路6号,,13,13,33,6,18,26,NA,31,31,19,15,6,8,0.4,0.4
2026-09-14T0800,4205A,121.541914,31.268301,上海市,宁武路151号,,33,22,25,11,12,103,NA,73,73,17,27,8,9,0.3,0.3
2026-09-14T0800,4206A,119.028838,33.631911,淮安市,承德北路606号,细颗粒物(PM2.5),119,90,43,80,26,56,NA,26,26,31,30,14,9,0.8,0.7
2026-09-14T0800,4207A,120.12211,33.393982,盐城市,黄海中路88号,,44,44,25,30,14,40,NA,33,33,26,12,11,10,0.8,0.6
2026-09-14T0800,4209A,117.003137,32.644456,淮南市,国庆中路369号,细颗粒物(PM2.5),101,98,59,61,36,37,NA,46,46,20,15,13,12,0.4,0.3
2026-09-14T0800,4210A,118.335445,29.720283,黄山市,滨江东路7-2号,,41,41,34,27,18,51,NA,48,48,9,6,/,/,/,/
2026-09-14T0800,4211A,118.190438,28.444845,上饶市,裕丰大道,细颗粒物(PM2.5),64,60,51,42,30,119,NA,120,120,14,11,11,12,0.7,0.7
2026-09-14T0800,4212A,118.3039243,36.82708161,淄博市,广场路1号,细颗粒物(PM2.5),96,95,73,58,57,49,NA,28,28,41,25,14,8,2.7,1.4
2026-09-14T0800,4213A,121.364239,37.529648,烟台市,青年南路118号,,22,14,37,1,22,68,NA,70,70,13,16,10,11,0.6,0.6
2026-09-14T0800,4214A,112.460027,34.694929,洛阳市,春都路1号院,细颗粒物(PM2.5),74,80,51,47,34,7,NA,4,4,39,26,11,9,0.6,0.4
2026-09-14T0800,4215A,113.916569,35.331547,新乡市,建设东路46号,颗粒物(PM10),60,63,80,33,43,71,NA,35,35,28,29,12,14,1.0,1
2026-09-14T0800,4216A,115.0923632,35.76857718,濮阳市,任丘路479号,细颗粒物(PM2.5),120,137,100,82,60,65,NA,47,47,37,27,18,9,0.8,0.8
2026-09-14T0800,4217A,114.3182,29.8447,咸宁市,双鹤路18号,,48,48,54,27,34,57,NA,72,72,12,9,4,6,0.5,0.4
2026-09-14T0800,4218A,111.446,27.2472,邵阳市,北塔二期4-26地块,细颗粒物(PM2.5),105,75,57,65,44,17,NA,40,40,18,10,11,7,1.1,0.9
2026-09-14T0800,4219A,111.4739,27.2282,邵阳市,邵水西路287号,细颗粒物(PM2.5),68,58,55,44,45,107,NA,87,87,9,8,14,10,0.6,0.6
2026-09-14T0800,4220A,114.214113,22.713717,深圳市,黄阁路,,29,29,24,17,13,16,NA,25,25,27,18,6,6,1.0,0.9
2026-09-14T0800,4221A,108.2177,22.7774,南宁市,乐贤路16号,细颗粒物(PM2.5),62,49,48,41,38,16,NA,23,23,19,20,7,10,0.7,0.7
2026-09-14T0800,4222A,110.1835,25.2444,桂林市,环湖路276号,,50,46,42,35,34,107,NA,105,105,10,9,4,5,0.8,0.7
2026-09-14T0800,4223A,106.4686218,29.48920871,重庆市,双山路147号,,30,30,35,20,23,14,NA,33,33,31,14,6,7,0.7,0.6
2026-09-14T0800,4224A,104.2433276,30.53529463,成都市,鲸龙路1057号,,30,28,15,21,10,28,NA,28,28,21,16,8,8,1.0,0.9
2026-09-14T0800,4225A,104.714266,29.338571,自贡市,贡兴路74号,,19,19,16,13,8,24,NA,32,32,9,5,7,7,0.5,0.4
2026-09-14T0800,4226A,104.765114,31.453094,绵阳市,绵阳市气象局,,22,22,19,12,9,16,NA,33,33,14,11,7,9,0.6,0.5
2026-09-14T0800,4227A,106.108336,30.788436,南充市,梨树横街98号,,23,23,18,10,9,4,NA,25,25,21,13,7,7,0.4,0.2
2026-09-14T0800,4229A,102.2342,27.8859,凉山彝族自治州,凯乐南路30号,,20,16,12,14,6,7,NA,10,10,25,16,7,4,0.8,0.8
2026-09-14T0800,4230A,106.688212,26.56952,贵阳市,花果园大街66号,,39,39,36,24,20,51,NA,50,50,12,11,3,4,/,/
2026-09-14T0800,4231A,106.687268,26.516892,贵阳市,漓江路57号,,43,36,29,30,22,57,NA,56,56,12,9,5,7,0.7,0.7
2026-09-14T0800,4233A,108.596239,34.118792,西安市,西苑北路977号,,32,32,27,15,12,31,NA,46,46,15,13,4,4,0.6,0.5
2026-09-14T0800,4234A,108.949652,34.870529,铜川市,大唐三路,,18,NA,23,10,13,56,NA,59,59,13,10,6,6,0.7,0.7
2026-09-14T0800,4235A,109.5051,34.4921,渭南市,渭花路4号,,29,29,30,19,17,16,NA,22,22,19,17,4,5,0.4,0.4
2026-09-14T0800,4236A,103.629272,36.093822,兰州市,庄浪东路808号,,35,35,38,11,14,21,NA,36,36,32,18,9,10,0.5,0.5
2026-09-14T0800,4237A,103.7251,36.104344,兰州市,安宁西路88号,,28,27,32,19,14,22,NA,49,49,31,12,8,9,0.4,0.4
2026-09-14T0800,4238A,103.846982,36.067567,兰州市,北滨河东路1号,,30,30,34,15,14,25,NA,35,35,32,19,4,5,1.1,0.6
2026-09-14T0800,4239A,102.193042,38.531887,金昌市,长春路96号,颗粒物(PM10),56,58,45,13,19,22,NA,31,31,36,20,9,11,0.3,0.4
2026-09-14T0800,4240A,98.495752,39.733935,酒泉市,玉门东路5号,,27,27,26,10,15,77,NA,84,84,12,10,6,7,0.3,0.4
2026-09-14T0800,4241A,98.5099,39.7506,酒泉市,北大街108号,,31,31,25,9,13,67,NA,80,80,16,12,5,6,0.4,0.3
2026-09-14T0800,4242A,106.226373,38.491976,银川市,广场西路,,32,22,34,22,16,41,NA,57,57,37,27,8,11,0.6,0.5
2026-09-14T0800,4243A,92.0515,31.4787,那曲市,那曲市委宣传部,,32,6,11,5,7,100,NA,88,88,6,9,7,7,0.4,0.4
2026-09-14T0800,4244A,111.4879,36.053,临汾市,启星学校,,47,47,63,29,40,34,NA,32,32,20,21,8,9,0.7,1
2026-09-14T0800,4245A,106.8609,27.5969,遵义市,遵南大道1161号,,18,18,31,8,22,31,NA,37,37,11,7,7,4,0.7,0.7
2026-09-14T0800,4246A,105.833962,30.18863087,重庆市,桃园路24号,,40,32,21,28,16,22,NA,33,33,12,9,2,2,0.5,0.4
2026-09-14T0800,4247A,107.091033,29.153966,重庆市,钟楼街32号,,31,31,40,18,34,31,NA,43,43,12,8,5,6,1.0,0.9
2026-09-14T0800,4248A,107.8042979,30.67350233,重庆市,人民南路309号,,42,42,59,18,31,33,NA,33,33,10,10,8,10,0.5,0.5
2026-09-14T0800,4249A,118.8707617,31.34017673,南京市,汶溪路181号,,32,27,35,22,20,38,NA,57,57,22,13,2,2,1.0,0.8
2026-09-14T0800,4250A,114.089259,33.588274,漯河市,韶山路11号,细颗粒物(PM2.5),120,101,71,81,45,40,NA,35,35,41,32,17,12,0.9,0.8
2026-09-14T0800,4251A,112.1433,32.0581,襄阳市,铁院东路4号,,24,24,24,6,10,27,NA,35,35,12,10,9,9,0.7,0.6
2026-09-14T0800,4252A,113.0138,25.8011,郴州市,好美居路49号,细颗粒物(PM2.5),60,43,50,40,40,34,NA,36,36,18,16,7,8,/,/
2026-09-14T0800,4253A,116.010205,29.659402,九江市,莲花大道8号,,45,45,52,30,30,101,NA,102,102,10,11,6,7,0.6,0.6
2026-09-14T0800,4254A,120.2925,31.5685,无锡市,健康路105号,,41,41,33,27,14,44,NA,55,55,36,23,10,7,1.0,0.6
2026-09-14T0800,4255A,110.16795,22.640993,玉林市,人民东路196号,,29,22,38,20,30,34,NA,44,44,23,16,6,4,0.9,0.8
2026-09-14T0800,4256A,107.375,22.3736,崇左市,石景林东路7号,,32,24,28,22,25,48,NA,58,58,10,11,6,7,0.6,0.6
2026-09-14T0800,4257A,104.6092,35.5962,定西市,将台街,,34,34,41,8,9,58,NA,75,75,15,10,5,6,0.4,0.4
2026-09-14T0800,4258A,111.2416,23.4155,梧州市,政贤路18号,,30,30,36,12,20,23,NA,41,41,20,9,10,9,0.6,0.6
2026-09-14T0800,4259A,113.835877,34.0155267,许昌市,望田路111号,细颗粒物(PM2.5),103,91,75,63,47,4,NA,14,14,54,31,8,8,1.0,0.8
2026-09-14T0800,4260A,109.5933,23.095,贵港市,中山路155-3号,,48,45,48,33,34,65,NA,54,54,16,13,/,/,0.8,0.7
2026-09-14T0800,4261A,103.7247,27.3415,昭通市,环东路146号,,19,17,13,13,8,26,NA,38,38,20,10,17,13,0.6,0.5
2026-09-14T0800,4263A,105.3688,27.3598,毕节市,工业大道,,17,17,10,5,5,14,NA,21,21,13,8,8,8,/,/
2026-09-14T0800,4264A,113.234,35.219,焦作市,新安路1731号,细颗粒物(PM2.5),88,61,57,54,38,40,NA,72,72,24,13,4,4,0.5,0.3
2026-09-14T0800,4265A,113.108806,29.353066,岳阳市,求索西路365号,细颗粒物(PM2.5),94,76,57,57,44,51,NA,49,49,21,18,8,7,0.9,0.7
2026-09-14T0800,4266A,117.7325,34.5683,枣庄市,文化路178号,NA,NA,114,98,51,53,88,NA,57,57,35,27,9,10,NA,0.4
2026-09-14T0800,4268A,112.1722,30.3366,荆州市,学苑路85号,,36,36,74,25,71,39,NA,42,42,19,17,7,8,0.8,0.9
2026-09-14T0800,4269A,114.6701,33.6167,周口市,七一路,细颗粒物(PM2.5),76,77,66,48,39,90,NA,89,89,16,15,10,10,0.6,0.5
2026-09-14T0800,4270A,102.6447,37.9293,武威市,钟楼街149号,,27,27,32,6,12,28,NA,31,31,29,19,9,9,0.6,0.3
2026-09-14T0800,4271A,103.2464,35.6123,临夏回族自治州,滨河东路1号,,29,29,25,13,12,20,NA,37,37,14,9,6,6,0.4,0.3
2026-09-14T0800,4273A,81.2737,43.9337,伊犁哈萨克自治州,安徽路800号,颗粒物(PM10),68,74,87,22,29,41,NA,25,25,22,32,9,12,0.5,0.7
2026-09-14T0800,4274A,117.7994,40.9605,承德市,滨河大街98号,,26,26,20,3,6,18,NA,19,19,14,8,7,7,0.4,0.2
2026-09-14T0800,4275A,111.591512,40.827312,呼和浩特市,成吉思汗西街8号,,31,31,17,2,4,14,NA,20,20,43,24,5,5,0.3,0.2
2026-09-14T0800,4276A,111.6597,40.8077,呼和浩特市,公园东路75号,,31,31,18,3,5,25,NA,32,32,21,13,6,6,0.5,0.3
2026-09-14T0800,4277A,111.5427,40.7846,呼和浩特市,金海路35号,,22,22,24,2,8,17,NA,30,30,41,20,5,6,0.3,0.2
2026-09-14T0800,4278A,106.8212,39.6741,乌海市,海拉北路,颗粒物(PM10),58,60,47,27,21,44,NA,37,37,38,26,72,27,0.9,0.7
2026-09-14T0800,4279A,119.7569,49.2222,呼伦贝尔市,伊敏大街东7号,,19,19,21,3,9,21,NA,28,28,15,11,5,5,0.4,0.3
2026-09-14T0800,4280A,122.0921,46.065,兴安盟,洮儿河南路,,20,20,21,3,5,34,NA,31,31,15,9,6,7,0.4,0.3
2026-09-14T0800,4281A,125.334645,43.916281,长春市,北亚泰大街1068号,,20,20,21,8,9,24,NA,18,18,18,16,6,6,0.1,0.1
2026-09-14T0800,4282A,126.6769,45.7379,哈尔滨市,华山路1号,,17,17,9,7,4,21,NA,27,27,19,11,7,6,0.3,0.2
2026-09-14T0800,4283A,126.9717,45.5356,哈尔滨市,解放大街52号,,16,16,14,2,3,27,NA,24,24,8,10,1,2,0.4,0.4
2026-09-14T0800,4284A,128.8325,47.8447,伊春市,永安路4-1号,,8,8,12,2,6,22,NA,28,28,2,2,1,1,0.2,0.1
2026-09-14T0800,4285A,130.363,46.806,佳木斯市,顺和街,,20,NA,13,14,8,38,NA,39,39,9,9,1,1,0.2,0.2
2026-09-14T0800,4286A,130.3952,46.8268,佳木斯市,长安路196号,,15,NA,11,10,7,42,NA,43,43,4,6,2,2,0.2,0.2
2026-09-14T0800,4287A,129.5992,44.5964,牡丹江市,东晓云街98号,,28,28,29,5,9,41,NA,29,29,6,8,7,7,0.3,0.3
2026-09-14T0800,4288A,117.2438,34.2844,徐州市,龙潭环路5号,细颗粒物(PM2.5),117,129,71,78,45,57,NA,41,41,36,23,16,11,1.3,0.9
2026-09-14T0800,4289A,117.154766,29.256967,景德镇市,青少年活动中心,,32,32,27,16,18,70,NA,68,68,9,11,5,7,/,/
2026-09-14T0800,4290A,120.196923,35.954556,青岛市,珠江路669号,颗粒物(PM10),51,51,65,20,40,76,NA,96,96,33,28,9,7,0.8,0.8
2026-09-14T0800,4291A,120.0424,35.8656,青岛市,黄岛区人民政府广场,,29,29,56,7,38,84,NA,111,111,21,24,7,6,0.3,0.5
2026-09-14T0800,4292A,116.352738,37.420875,德州市,新河东路,颗粒物(PM10),65,70,44,36,17,88,NA,79,79,39,27,13,9,0.9,0.6
2026-09-14T0800,4293A,113.605125,34.755221,郑州市,计划路2号,细颗粒物(PM2.5),86,86,73,53,42,38,NA,35,35,32,24,12,6,0.5,0.4
2026-09-14T0800,4294A,113.6525645,34.77362682,郑州市,同乐路9号,细颗粒物(PM2.5),106,90,73,66,49,23,NA,6,6,56,40,8,7,0.8,0.8
2026-09-14T0800,4295A,113.2722,35.2121,焦作市,人民路3066号,细颗粒物(PM2.5),104,98,68,64,39,15,NA,29,29,46,21,5,5,0.7,0.6
2026-09-14T0800,4296A,114.6421,33.6417,周口市,健康路46号,细颗粒物(PM2.5),92,88,66,56,40,75,NA,63,63,24,25,5,5,0.6,0.5
2026-09-14T0800,4297A,114.649,33.596,周口市,太昊路,颗粒物(PM10),81,93,69,37,34,93,NA,94,94,16,16,7,7,1.0,0.9
2026-09-14T0800,4298A,114.284,29.8595,咸宁市,碧桂路,颗粒物(PM10),53,53,53,28,34,54,NA,63,63,22,15,8,6,0.5,0.4
2026-09-14T0800,4299A,111.6195,26.2253,永州市,徐家井路86号,NA,NA,81,58,59,45,NA,NA,NA,NA,18,13,7,7,1.1,1.1
2026-09-14T0800,4300A,114.4089,23.1147,惠州市,文华一路1号,,34,34,19,22,14,31,NA,26,26,13,9,/,/,/,/
2026-09-14T0800,4301A,110.2803,25.2773,桂林市,信义路13号,,50,47,47,35,33,107,NA,107,107,10,9,7,6,0.8,0.8
2026-09-14T0800,4302A,108.0901,24.6945,河池市,上任中路54号,,38,38,35,20,19,20,NA,19,19,18,17,7,7,0.9,0.9
2026-09-14T0800,4303A,105.5911,30.5368,遂宁市,环岛商务中心9号楼,,28,28,18,11,5,4,NA,12,12,17,12,11,7,0.7,0.6
2026-09-14T0800,4304A,106.1172,30.843,南充市,清泉寺北路188号,,29,29,20,15,9,6,NA,22,22,12,11,9,9,0.4,0.4
2026-09-14T0800,4305A,106.067,30.7616,南充市,同庆路1号,,18,18,16,9,8,8,NA,21,21,21,13,7,7,0.5,0.4
2026-09-14T0800,4306A,103.0544,30.0133,雅安市,滨江西路,,11,11,7,3,4,10,NA,17,17,8,8,4,4,0.5,0.5
2026-09-14T0800,4307A,108.9817,34.2035,西安市,曲江池东路988号,,23,21,25,16,12,20,NA,34,34,29,17,3,3,0.6,0.5
2026-09-14T0800,4308A,107.3898,34.3601,宝鸡市,陈仓区北开路21号,,30,30,29,20,17,15,NA,25,25,17,13,7,7,0.5,0.4
2026-09-14T0800,4309A,104.6159,35.5701,定西市,正龙路62号,,34,34,25,17,8,36,NA,68,68,15,13,2,2,0.1,0.4
2026-09-14T0800,4310A,103.207136,35.599807,临夏回族自治州,新华街21号,,25,25,24,12,13,29,NA,49,49,14,8,8,8,0.5,0.4
2026-09-14T0800,4311A,122.0383,46.0691,兴安盟,科尔沁北路63号,,14,14,14,6,5,38,NA,36,36,9,5,5,6,0.3,0.2
2026-09-14T0800,4312A,119.019,31.6512,南京市,中山西路1号,,36,36,37,21,19,46,NA,52,52,25,14,4,4,0.7,0.6
2026-09-14T0800,4314A,114.0494,38.059,石家庄市,矿区区委大楼,,47,47,37,15,8,14,NA,20,20,17,14,8,8,0.4,0.4
2026-09-14T0800,4325A,105.3665,28.77434,泸州市,纳溪区委政协,,29,29,16,15,12,12,NA,21,21,16,13,4,4,0.7,0.7
2026-09-14T0800,4326A,113.0794,22.5999,江门市,五邑大学,NA,NA,37,30,31,20,16,NA,20,20,29,19,NA,5,0.7,0.6
