timepoint,stationcode,longitude,latitude,area,positionname,primarypollutant,aqi,pm10,pm10_24h,pm2_5,pm2_5_24h,o3,o3_24h,o3_8h,o3_8h_24h,no2,no2_24h,so2,so2_24h,co,co_24h
2026-07-28T1300,1001A,116.3611,39.8786,北京市,万寿西宫,,45,20,38,18,24,142,NA,94,94,7,17,3,3,0.3,0.5
2026-07-28T1300,1003A,116.4174,39.9289,北京市,东四,,46,21,35,13,24,145,NA,100,100,5,16,2,2,0.4,0.5
2026-07-28T1300,1004A,116.4073,39.8858,北京市,天坛,,42,25,44,12,23,132,NA,88,88,2,11,2,2,0.7,0.8
2026-07-28T1300,1005A,116.4622,39.9364,北京市,农展馆,,45,19,41,13,25,143,NA,93,93,10,18,1,1,0.3,0.5
2026-07-28T1300,1006A,116.3399,39.9293,北京市,官园,,43,21,38,11,18,135,NA,90,90,5,17,2,3,0.4,0.6
2026-07-28T1300,1007A,116.2879,39.9613,北京市,海淀万柳,,44,18,36,12,21,140,NA,91,91,6,16,3,3,0.4,0.6
2026-07-28T1300,1008A,116.6635,40.1349,北京市,顺义新城,,43,21,42,13,30,137,NA,95,95,7,9,3,3,0.3,0.6
2026-07-28T1300,1009A,116.6275,40.327,北京市,怀柔镇,,43,16,42,12,28,135,NA,92,92,7,10,3,3,0.5,0.7
2026-07-28T1300,1010A,116.2295,40.217,北京市,昌平镇,,50,22,40,19,24,158,NA,95,95,10,20,3,2,0.8,0.8
2026-07-28T1300,1011A,116.3968,39.982,北京市,奥体中心,,40,20,36,14,24,126,NA,77,77,7,21,2,3,0.4,0.6
2026-07-28T1300,1015A,117.1446,39.1659,天津市,勤俭道,,47,10,36,7,25,149,NA,114,114,4,10,5,5,0.7,0.8
2026-07-28T1300,1018A,117.2016,39.0928,天津市,前进道,,45,8,41,7,31,142,NA,98,98,1,7,5,5,0.4,0.6
2026-07-28T1300,1019A,117.1837,39.2134,天津市,淮河道,,48,13,40,8,25,153,NA,113,113,2,9,6,6,0.3,0.5
2026-07-28T1300,1021A,117.308261,39.088386,天津市,跃进路,NA,NA,9,50,7,38,143,NA,98,98,NA,19,6,6,0.5,0.8
2026-07-28T1300,1023A,117.707,39.0344,天津市,第四大街,,42,10,49,6,30,133,NA,102,102,3,19,4,4,0.2,0.4
2026-07-28T1300,1024A,117.4573,38.8395,天津市,永明路,,44,12,42,7,30,138,NA,90,90,1,9,2,2,0.2,0.4
2026-07-28T1300,1026A,117.7641,39.1588,天津市,汉北路,臭氧1小时(O3_1h),74,18,43,18,25,179,NA,108,108,13,15,8,7,0.7,0.8
2026-07-28T1300,1030A,114.5919,38.0328,石家庄市,高新区,,40,30,39,24,27,128,NA,93,93,6,7,3,2,0.4,0.5
2026-07-28T1300,1032A,114.4556,38.0136,石家庄市,西南高教,,39,29,30,16,23,123,NA,95,95,8,13,1,1,0.2,0.3
2026-07-28T1300,1033A,114.533,38.0177,石家庄市,世纪公园,,36,28,30,25,22,111,NA,90,90,2,9,3,3,0.5,0.6
2026-07-28T1300,1034A,114.5105,38.0489,石家庄市,人民会堂,,38,28,25,19,24,121,NA,97,97,2,6,2,2,0.3,0.3
2026-07-28T1300,1040A,118.1707,39.6505,唐山市,十二中,NA,NA,NA,61,NA,39,NA,NA,135,NA,NA,11,NA,5,NA,0.7
2026-07-28T1300,1041A,118.1868,39.6219,唐山市,小山,,48,NA,33,15,35,151,NA,106,106,2,7,2,5,0.5,0.6
2026-07-28T1300,1046A,119.5247,39.9346,秦皇岛市,建设大厦,细颗粒物(PM2.5),66,68,59,43,34,155,NA,136,136,7,13,7,8,0.8,0.8
2026-07-28T1300,1049A,114.492,36.5712,邯郸市,矿院,细颗粒物(PM2.5),54,37,28,37,24,110,NA,89,89,2,8,2,2,0.3,0.4
2026-07-28T1300,1050A,114.4839,36.6136,邯郸市,丛台公园,,35,27,25,24,22,103,NA,79,79,2,6,5,6,0.4,0.4
2026-07-28T1300,1051A,115.4803,38.8568,保定市,游泳馆,,41,NA,33,17,23,130,NA,99,99,4,12,3,3,0,0
2026-07-28T1300,1052A,115.509,38.8895,保定市,华电二区,臭氧1小时(O3_1h),55,24,31,13,22,164,NA,126,126,3,8,2,2,0.5,0.6
2026-07-28T1300,1053A,115.4588,38.9037,保定市,接待中心,,43,NA,33,30,24,129,NA,104,104,1,5,2,2,0,0.1
2026-07-28T1300,1054A,115.4484,38.8344,保定市,地表水厂,,40,21,32,8,20,128,NA,93,93,1,10,2,2,0.3,0.3
2026-07-28T1300,1057A,114.8884,40.8336,张家口市,人民公园,,42,26,27,26,28,133,NA,90,90,6,8,3,2,0.4,0.4
2026-07-28T1300,1059A,114.868581,40.804273,张家口市,五金库,,44,30,39,11,20,139,NA,104,104,10,11,/,/,/,/
2026-07-28T1300,1060A,114.8901,40.762,张家口市,世纪豪园,,44,28,34,22,27,140,NA,117,117,6,9,5,4,0.5,0.6
2026-07-28T1300,1062A,117.9531,40.908,承德市,铁路,,32,NA,36,11,24,101,NA,68,68,3,10,3,4,0.3,0.5
2026-07-28T1300,1063A,117.9397,40.9763,承德市,中国银行,,36,25,37,21,24,113,NA,69,69,2,7,2,3,0.4,0.5
2026-07-28T1300,1067A,116.6712,39.5109,廊坊市,药材公司,,41,24,40,8,28,130,NA,89,89,1,7,1,2,0.2,0.4
2026-07-28T1300,1068A,116.7215,39.5592,廊坊市,开发区,,44,26,45,17,32,140,NA,94,94,2,6,3,3,0.2,0.4
2026-07-28T1300,1070A,116.7246,39.5273,廊坊市,北华航天学院,,44,24,41,7,32,138,NA,102,102,1,9,3,3,0.3,0.5
2026-07-28T1300,1071A,116.8733,38.2922,沧州市,沧县城建局,,35,NA,17,23,19,111,NA,81,81,2,11,3,5,0.5,0.4
2026-07-28T1300,1072A,116.8462,38.3189,沧州市,电视转播站,,32,17,31,14,16,100,NA,84,84,4,11,4,4,0.1,0.1
2026-07-28T1300,1073A,116.8588,38.3161,沧州市,市环保局,,35,15,25,15,19,111,NA,86,86,1,10,3,5,0.1,0.1
2026-07-28T1300,1074A,115.6839,37.754,衡水市,电机北厂,,30,21,38,16,18,94,NA,68,68,3,12,1,2,0.6,0.4
2026-07-28T1300,1075A,115.6303,37.7318,衡水市,市监测站,,25,21,29,2,14,79,NA,68,68,1,10,13,7,0.5,0.6
2026-07-28T1300,1077A,114.4687,37.0883,邢台市,达活泉,,41,39,31,26,20,131,NA,100,100,3,6,3,3,0.3,0.4
2026-07-28T1300,1078A,114.4954,37.0309,邢台市,邢师高专,,36,33,37,25,20,111,NA,68,68,2,9,2,2,0.4,0.5
2026-07-28T1300,1079A,114.5281,37.0857,邢台市,路桥公司,,45,45,36,19,18,89,NA,55,55,1,8,3,3,0.3,0.4
2026-07-28T1300,1080A,114.4721,37.0713,邢台市,市环保局,,45,45,38,29,21,106,NA,71,71,3,6,2,2,0.3,0.4
2026-07-28T1300,1081A,112.5138,37.8916,太原市,尖草坪,,44,24,27,16,18,139,NA,95,95,4,11,6,5,0.4,0.5
2026-07-28T1300,1084A,112.4691,37.7125,太原市,晋源,,38,31,32,20,20,121,NA,79,79,4,12,5,5,0.6,0.6
2026-07-28T1300,1085A,112.5595,37.7391,太原市,小店,,44,17,34,14,21,138,NA,85,85,7,16,6,6,0.4,0.4
2026-07-28T1300,1087A,112.5705,37.8199,太原市,坞城,,42,21,22,11,20,133,NA,88,88,5,13,10,10,0.6,0.7
2026-07-28T1300,1088A,112.5495,37.9853,太原市,南寨,,34,26,32,22,22,107,NA,61,61,6,14,11,11,0.5,1.2
2026-07-28T1300,1090A,111.6506,40.7517,呼和浩特市,呼市一监,,46,31,28,20,17,146,NA,102,102,4,6,9,8,0.6,0.5
2026-07-28T1300,1094A,111.7516,40.8369,呼和浩特市,如意水处理厂,,44,29,34,23,23,138,NA,101,101,5,12,6,7,0.5,0.5
2026-07-28T1300,1095A,111.727798,40.806187,呼和浩特市,二十九中,,44,33,33,10,25,140,NA,103,103,3,9,10,11,0.5,0.5
2026-07-28T1300,1097A,111.717,40.7617,呼和浩特市,化肥厂生活区,,49,38,36,34,27,155,NA,105,105,7,12,14,14,0.6,0.6
2026-07-28T1300,1099A,123.5058,41.7084,沈阳市,浑南东路,NA,NA,28,39,19,36,172,NA,132,132,NA,14,8,6,1.0,1
2026-07-28T1300,1100A,123.4238,41.6992,沈阳市,新秀街,NA,NA,NA,NA,NA,NA,NA,NA,NA,NA,NA,NA,NA,NA,NA,NA
2026-07-28T1300,1102A,123.5903,41.8412,沈阳市,东陵路,,50,43,52,16,31,159,NA,117,117,9,16,5,6,1.0,0.9
2026-07-28T1300,1103A,123.4267,41.8466,沈阳市,陵东街,,42,40,32,17,30,133,NA,112,112,4,5,3,2,0.8,0.8
2026-07-28T1300,1104A,123.4116,41.7654,沈阳市,文化路,,45,36,40,13,33,144,NA,123,123,5,9,2,3,0.8,0.9
2026-07-28T1300,1105A,123.4673,41.787,沈阳市,小河沿,,45,45,35,13,28,134,NA,73,73,7,10,3,2,1.0,1
2026-07-28T1300,1106A,123.4019,41.7978,沈阳市,太原街,,47,31,55,17,30,149,NA,126,126,5,9,3,3,0.8,0.8
2026-07-28T1300,1108A,123.3778,41.9233,沈阳市,京沈街,颗粒物(PM10),58,60,49,16,34,135,NA,120,120,4,9,3,4,0.7,0.8
2026-07-28T1300,1109A,121.6119,38.974,大连市,甘井子,臭氧1小时(O3_1h),54,32,28,19,21,163,NA,132,132,9,9,8,8,0.8,0.7
2026-07-28T1300,1110A,121.565,38.9509,大连市,周水子,臭氧1小时(O3_1h),106,31,25,24,23,211,NA,126,126,12,15,5,7,0.4,0.3
2026-07-28T1300,1111A,121.5637,38.8849,大连市,星海三站,细颗粒物(PM2.5),52,NA,25,36,24,153,NA,114,114,7,9,7,7,1.1,1
2026-07-28T1300,1112A,121.6301,38.9117,大连市,青泥洼桥,,48,29,24,24,21,151,NA,123,123,4,3,7,11,0.8,0.8
2026-07-28T1300,1113A,121.6248,38.8643,大连市,傅家庄,NA,NA,NA,23,32,22,142,NA,108,108,5,5,NA,8,0.8,0.7
2026-07-28T1300,1114A,121.5117,38.8636,大连市,七贤岭,,44,25,24,19,20,138,NA,118,118,4,3,6,6,0.6,0.7
2026-07-28T1300,1116A,121.7507,39.1339,大连市,金州,,42,30,36,16,27,134,NA,110,110,7,13,6,6,0.5,0.5
2026-07-28T1300,1117A,121.7811,39.0495,大连市,开发区,,50,28,26,20,23,158,NA,119,119,11,12,8,8,0.7,0.7
2026-07-28T1300,1118A,121.9762,39.0631,大连市,双D港,,40,39,31,28,17,89,NA,64,64,9,8,6,6,0.4,0.7
2026-07-28T1300,1120A,125.2874,43.9024,长春市,客车厂,,48,48,37,27,28,129,NA,101,101,8,10,4,4,0.8,0.7
2026-07-28T1300,1121A,125.2943,43.8508,长春市,邮电学院,,39,39,36,27,29,117,NA,136,136,3,7,5,6,0.7,0.6
2026-07-28T1300,1122A,125.3648,43.8745,长春市,劳动公园,,45,45,36,27,33,82,NA,70,70,5,9,5,5,0.8,0.7
2026-07-28T1300,1123A,125.3233,43.8781,长春市,园林处,,38,34,37,24,28,120,NA,102,102,5,8,2,2,0.6,0.5
2026-07-28T1300,1124A,125.4604,43.7904,长春市,净月潭,,42,42,35,28,22,99,NA,81,81,4,5,5,5,0.7,0.6
2026-07-28T1300,1126A,125.38,43.8422,长春市,经开区环卫处,NA,NA,NA,37,NA,26,NA,NA,73,NA,NA,9,NA,2,NA,0.6
2026-07-28T1300,1127A,125.234,43.7761,长春市,高新区管委会,,45,45,36,24,26,106,NA,89,89,3,7,4,4,0.8,0.6
2026-07-28T1300,1128A,125.1695,43.83,长春市,岱山公园,颗粒物(PM10),53,54,36,30,30,116,NA,91,91,7,14,1,2,0.6,0.4
2026-07-28T1300,1130A,126.5557,45.8109,哈尔滨市,松北商大,,43,32,41,30,25,84,NA,49,49,8,16,6,6,0.4,0.5
2026-07-28T1300,1132A,126.6162,45.719,哈尔滨市,南岗学府路,,38,38,40,20,20,89,NA,56,56,10,18,6,6,0.3,0.4
2026-07-28T1300,1133A,126.6894,45.7733,哈尔滨市,太平宏伟公园,,44,44,50,17,16,86,NA,52,52,9,16,6,6,0.4,0.4
2026-07-28T1300,1134A,126.6361,45.7672,哈尔滨市,道外承德广场,NA,NA,56,60,NA,19,73,NA,48,48,18,18,NA,5,1.2,0.5
2026-07-28T1300,1136A,126.644,45.7261,哈尔滨市,动力和平路,,32,32,55,19,18,88,NA,53,53,10,18,3,4,0.5,0.5
2026-07-28T1300,1137A,126.5933,45.7479,哈尔滨市,道里建国路,颗粒物(PM10),59,62,65,36,25,90,NA,62,62,5,11,6,5,0.9,1
2026-07-28T1300,1138A,126.6127,45.6119,哈尔滨市,平房东轻厂,,22,22,20,12,16,45,NA,32,32,2,7,16,12,0.8,0.7
2026-07-28T1300,1139A,126.5875,45.9827,哈尔滨市,呼兰师专,颗粒物(PM10),53,53,39,23,15,75,NA,45,45,12,19,9,10,0.3,0.3
2026-07-28T1300,1140A,126.6299,45.6799,哈尔滨市,省农科院,,46,46,48,22,21,87,NA,50,50,9,24,5,5,0.6,0.6
2026-07-28T1300,1141A,121.401,31.2382,上海市,普陀,,26,19,15,10,8,82,NA,40,40,8,10,6,6,0.2,0.1
2026-07-28T1300,1142A,121.4774,31.2043,上海市,十五厂,,24,24,15,14,9,74,NA,36,36,7,11,5,5,0.4,0.4
2026-07-28T1300,1143A,121.4673,31.3011,上海市,虹口,,25,20,12,13,8,79,NA,40,40,2,4,4,5,0.4,0.3
2026-07-28T1300,1147A,121.4253,31.226,上海市,静安监测站,,27,18,14,11,8,86,NA,44,44,5,8,7,7,0.7,0.6
2026-07-28T1300,1148A,121.7029,31.1905,上海市,浦东川沙,,29,16,16,10,9,91,NA,48,48,4,8,9,9,0.5,0.5
2026-07-28T1300,1149A,121.5339,31.229,上海市,浦东新区监测站,,22,17,14,13,9,69,NA,35,35,4,10,7,7,0.6,0.5
2026-07-28T1300,1150A,121.5776,31.2038,上海市,浦东张江,,27,14,13,11,9,85,NA,45,45,1,8,7,7,0.3,0.2
2026-07-28T1300,1151A,118.8033,32.1085,南京市,迈皋桥,,30,11,18,2,6,93,NA,57,57,4,9,6,6,0.2,0.4
2026-07-28T1300,1152A,118.7487,32.057,南京市,草场门,,30,14,20,4,7,93,NA,50,50,6,10,5,6,0.4,0.4
2026-07-28T1300,1154A,118.770105,32.004342,南京市,中华门,,36,17,16,3,6,113,NA,68,68,11,13,6,6,0.1,0.2
2026-07-28T1300,1155A,118.8059,32.0329,南京市,瑞金路,,25,5,19,2,6,79,NA,45,45,7,12,4,4,0.3,0.3
2026-07-28T1300,1156A,118.7946,32.0774,南京市,玄武湖,,25,25,22,2,5,80,NA,44,44,1,5,9,9,0.3,0.3
2026-07-28T1300,1157A,118.6415,32.0964,南京市,浦口,,29,18,20,2,6,92,NA,52,52,7,12,4,4,0.4,0.4
2026-07-28T1300,1158A,118.730129,32.000956,南京市,奥体中心,,29,14,21,4,4,90,NA,58,58,7,11,5,5,0.7,0.8
2026-07-28T1300,1159A,118.9072,32.1047,南京市,仙林大学城,,34,27,27,4,7,107,NA,56,56,6,10,10,9,0.2,0.2
2026-07-28T1300,1163A,120.5974,31.3247,苏州市,轧钢厂,,28,24,19,8,8,87,NA,38,38,17,16,10,10,0.4,0.4
2026-07-28T1300,1164A,120.6329,31.2741,苏州市,吴中区,,27,21,18,9,7,85,NA,34,34,5,7,5,5,0.4,0.4
2026-07-28T1300,1165A,120.5566,31.3049,苏州市,苏州新区,,31,21,18,9,8,97,NA,42,42,7,10,6,6,0.5,0.4
2026-07-28T1300,1166A,120.668709,31.312523,苏州市,苏州工业园区,,29,21,17,8,6,92,NA,40,40,6,8,10,9,0.2,0.2
2026-07-28T1300,1167A,120.6408,31.3707,苏州市,相城区,,33,33,14,13,5,87,NA,39,39,6,7,13,13,0.6,0.7
2026-07-28T1300,1168A,120.9056,31.9669,南通市,狼山街道,,30,9,11,4,4,94,NA,39,39,9,16,4,4,0.3,0.3
2026-07-28T1300,1170A,120.8635,32.0231,南通市,城中,,31,19,18,2,5,97,NA,40,40,7,13,4,3,0.6,0.7
2026-07-28T1300,1171A,120.9376,31.9301,南通市,星湖花园,,29,12,15,5,5,91,NA,39,39,5,12,3,3,0.3,0.3
2026-07-28T1300,1172A,120.8053,32.046,南通市,紫琅学院,,26,10,13,7,4,82,NA,34,34,21,20,5,4,0.6,0.6
2026-07-28T1300,1173A,119.1759,34.5885,连云港市,市环境监测站,,45,NA,33,31,28,118,NA,78,78,5,8,4,5,0.4,0.4
2026-07-28T1300,1180A,117.257,34.2161,徐州市,新城区,,42,42,42,18,21,129,NA,68,68,5,9,7,7,0.4,0.4
2026-07-28T1300,1182A,117.2933,34.2796,徐州市,农科院,,44,44,43,14,27,122,NA,67,67,6,15,3,3,0.6,0.7
2026-07-28T1300,1186A,119.3895,32.377,扬州市,邗江监测站,,31,22,21,9,11,98,NA,49,49,3,14,6,6,0.4,0.4
2026-07-28T1300,1188A,120.2693,31.4864,无锡市,雪浪,,26,19,23,5,5,83,NA,37,37,6,9,5,5,0.1,0.2
2026-07-28T1300,1189A,120.2761,31.621,无锡市,黄巷,,22,14,21,1,5,68,NA,32,32,8,15,7,7,0.6,0.6
2026-07-28T1300,1191A,120.2422,31.5037,无锡市,漆塘,,31,31,25,2,6,80,NA,41,41,1,4,6,6,0.5,0.5
2026-07-28T1300,1192A,120.3489,31.5865,无锡市,东亭,,23,9,12,0,4,73,NA,31,31,6,16,5,6,0.2,0.3
2026-07-28T1300,1193A,120.3538,31.5474,无锡市,旺庄,,24,12,14,4,4,76,NA,34,34,8,16,9,9,0.8,0.8
2026-07-28T1300,1194A,120.2447,31.5633,无锡市,荣巷,,25,12,19,3,4,79,NA,40,40,5,10,6,6,0.2,0.2
2026-07-28T1300,1195A,120.2986,31.6816,无锡市,堰桥,,25,12,18,1,5,78,NA,32,32,9,15,5,5,0.7,0.8
2026-07-28T1300,1196A,119.9524,31.7586,常州市,市监测站,,23,16,16,0,6,73,NA,35,35,3,9,10,10,0.3,0.3
2026-07-28T1300,1200A,119.9351,31.703,常州市,武进监测站,,25,15,17,5,5,79,NA,38,38,5,10,5,5,0.2,0.3
2026-07-28T1300,1203A,119.6708,32.187,镇江市,新区办事处,NA,NA,26,23,11,13,89,NA,39,39,10,20,2,3,NA,0.5
2026-07-28T1300,1204A,119.497455,32.196732,镇江市,职教中心,,26,23,24,12,14,83,NA,42,42,8,15,6,6,0.5,0.4
2026-07-28T1300,1205A,119.43,32.1328,镇江市,丹徒区监测站,,31,23,23,15,13,99,NA,50,50,6,12,6,8,0.6,0.6
2026-07-28T1300,1206A,119.9042,32.488,泰州市,公园路,,29,17,22,4,11,91,NA,40,40,5,11,9,9,0.5,0.6
2026-07-28T1300,1207A,119.9189,32.4626,泰州市,莲花,,30,20,25,4,6,94,NA,37,37,4,9,5,6,0.3,0.4
2026-07-28T1300,1209A,119.8877,32.4636,泰州市,留学生创业园,,29,24,25,16,13,92,NA,40,40,8,13,11,11,0.5,0.7
2026-07-28T1300,1210A,119.0566,33.5991,淮安市,钵池山,,34,31,42,11,25,106,NA,55,55,9,12,3,3,0.8,0.9
2026-07-28T1300,1211A,119.0083,33.578,淮安市,北京南路,,36,22,45,8,23,113,NA,58,58,4,7,5,4,0.9,1
2026-07-28T1300,1212A,118.9938,33.6083,淮安市,市监测站,,34,19,29,8,23,106,NA,68,68,8,14,7,7,0.9,1
2026-07-28T1300,1213A,119.135,33.5038,淮安市,楚州区监测站,,33,27,33,14,25,103,NA,56,56,2,6,4,5,0.5,0.5
2026-07-28T1300,1216A,120.1554,33.3941,盐城市,市监测站,,29,20,26,9,11,91,NA,36,36,5,9,9,9,0.5,0.4
2026-07-28T1300,1218A,120.214332,33.37951,盐城市,开发区管委会,,26,14,25,9,15,83,NA,34,34,4,7,12,9,0.7,0.7
2026-07-28T1300,1220A,118.2924,33.933,宿迁市,宿迁学院,,37,30,41,23,37,116,NA,68,68,9,14,10,10,0.3,0.4
2026-07-28T1300,1221A,118.2321,33.9572,宿迁市,宿迁中学,,40,27,44,19,34,127,NA,77,77,10,14,6,5,0.6,0.7
2026-07-28T1300,1223A,120.2073,30.2111,杭州市,滨江,,23,12,16,4,6,73,NA,41,41,8,12,4,4,0.4,0.4
2026-07-28T1300,1224A,120.0625,30.2737,杭州市,西溪,,17,10,9,6,8,54,NA,34,34,3,6,4,4,0.5,0.5
2026-07-28T1300,1226A,120.3417,30.315,杭州市,下沙,,23,10,15,4,7,71,NA,38,38,9,13,5,5,0.6,0.6
2026-07-28T1300,1227A,120.1252,30.2465,杭州市,卧龙桥,,24,16,15,5,7,74,NA,39,39,6,9,6,6,0.5,0.5
2026-07-28T1300,1228A,120.1902,30.2691,杭州市,浙江农大,,22,8,13,5,7,70,NA,39,39,8,16,7,7,0.4,0.4
2026-07-28T1300,1230A,120.1195,30.3121,杭州市,和睦小学,,26,16,15,6,7,83,NA,43,43,7,8,9,9,0.6,0.6
2026-07-28T1300,1231A,120.3076,30.4146,杭州市,临平镇,,25,19,22,6,8,78,NA,33,33,5,8,6,6,0.5,0.5
2026-07-28T1300,1232A,120.2753,30.1839,杭州市,城厢镇,,18,13,17,6,7,55,NA,33,33,5,9,5,6,0.3,0.4
2026-07-28T1300,1233A,120.0883,30.1808,杭州市,云栖,,24,17,17,6,8,74,NA,39,39,12,13,6,6,0.7,0.7
2026-07-28T1300,1234A,121.8352,29.9111,宁波市,区环保大楼,,13,11,10,3,2,40,NA,29,29,2,2,4,4,0.6,0.6
2026-07-28T1300,1235A,121.5595,29.8208,宁波市,万里学院,,15,9,11,0,2,46,NA,32,32,2,5,5,5,0.5,0.5
2026-07-28T1300,1236A,121.713,29.9564,宁波市,龙赛医院,,18,10,12,3,3,55,NA,35,35,2,4,6,6,0.2,0.2
2026-07-28T1300,1240A,121.5855,29.8635,宁波市,太古小学,,16,9,11,1,2,50,NA,33,33,1,3,6,4,0.2,0.2
2026-07-28T1300,1241A,121.5239,29.8673,宁波市,市环境监测中心,,15,11,12,2,3,47,NA,30,30,2,5,10,11,0.9,0.9
2026-07-28T1300,1242A,120.6342,28.0088,温州市,瓯海,,13,12,14,6,4,41,NA,30,30,6,6,5,5,0.4,0.4
2026-07-28T1300,1243A,120.6747,27.9881,温州市,南浦,,14,13,14,6,5,42,NA,31,31,4,4,5,5,0.2,0.3
2026-07-28T1300,1244A,120.76,27.9745,温州市,龙湾,,17,17,12,5,3,41,NA,29,29,1,2,6,6,0.4,0.4
2026-07-28T1300,1247A,120.6053,29.9927,绍兴市,城东开发委,,14,6,11,3,4,44,NA,30,30,1,3,9,10,0.5,0.5
2026-07-28T1300,1250A,120.075,30.867,湖州市,城西水厂,,33,33,23,19,13,98,NA,52,52,10,10,6,6,0.4,0.4
2026-07-28T1300,1252A,120.7439,30.778,嘉兴市,清河小学,,28,22,16,12,4,89,NA,46,46,7,11,7,6,0.4,0.4
2026-07-28T1300,1253A,120.7261,30.7477,嘉兴市,嘉兴学院,,28,19,16,10,6,88,NA,48,48,6,10,3,3,0.2,0.5
2026-07-28T1300,1255A,121.2727,28.6461,台州市,黄岩环保大楼,,15,12,12,4,5,47,NA,24,24,1,4,/,/,/,/
2026-07-28T1300,1256A,121.4188,28.6545,台州市,台州环保大楼,,12,6,12,0,5,36,NA,21,21,2,5,/,/,0.4,0.4
2026-07-28T1300,1257A,121.3768,28.5772,台州市,路桥田洋王,,12,6,12,2,4,37,NA,23,23,2,4,6,6,0.2,0.2
2026-07-28T1300,1258A,122.1223,30.0203,舟山市,定海檀枫,,14,12,12,6,6,44,NA,29,29,6,10,6,7,0.6,0.6
2026-07-28T1300,1260A,122.1898,29.9945,舟山市,临城新区,,13,11,11,4,4,39,NA,22,22,4,9,3,3,0.6,0.6
2026-07-28T1300,1262A,119.6478,29.0773,金华市,十五中,,19,14,16,4,5,58,NA,38,38,3,7,2,2,0.4,0.4
2026-07-28T1300,1263A,119.6859,29.1032,金华市,监测站,NA,NA,14,18,NA,6,64,NA,34,34,2,9,2,2,0.4,0.4
2026-07-28T1300,1264A,118.8694,28.94,衢州市,环保大楼,,26,18,24,9,10,81,NA,44,44,6,15,/,/,/,/
2026-07-28T1300,1266A,118.8622,28.9809,衢州市,衢州学院,,27,10,20,7,10,86,NA,46,46,5,16,4,5,0.5,0.6
2026-07-28T1300,1267A,119.9141,28.4513,丽水市,监测站大楼,,19,14,11,5,3,58,NA,37,37,6,7,5,6,0.5,0.5
2026-07-28T1300,1268A,119.93,28.4589,丽水市,莲都小学,,20,14,10,3,4,61,NA,39,39,3,5,/,/,/,/
2026-07-28T1300,1269A,119.8794,28.4232,丽水市,余庄前,,20,9,10,4,3,63,NA,34,34,3,5,5,6,0.5,0.5
2026-07-28T1300,1270A,117.1957,31.7845,合肥市,明珠广场,,29,19,30,6,14,92,NA,66,66,8,16,8,8,0.6,0.7
2026-07-28T1300,1271A,117.307,31.8765,合肥市,三里街,,25,17,28,9,14,80,NA,53,53,9,16,10,10,0.3,0.4
2026-07-28T1300,1272A,117.2587,31.8703,合肥市,琥珀山庄,,29,19,31,5,14,91,NA,64,64,9,15,8,8,0.4,0.6
2026-07-28T1300,1275A,117.2593,31.9376,合肥市,庐阳区,,29,19,32,6,13,91,NA,61,61,9,17,10,9,0.6,0.7
2026-07-28T1300,1276A,117.345251,31.861615,合肥市,瑶海区,,28,27,35,8,15,87,NA,54,54,8,17,3,3,0.5,0.6
2026-07-28T1300,1277A,117.3033,31.7967,合肥市,包河区,,28,22,30,7,14,89,NA,57,57,7,30,8,9,0.3,0.5
2026-07-28T1300,1278A,117.278,31.7392,合肥市,滨湖新区,,31,19,25,9,12,99,NA,68,68,5,9,6,6,0.6,0.7
2026-07-28T1300,1279A,117.1324,31.8395,合肥市,高新区,,26,14,29,3,13,82,NA,64,64,2,15,7,8,0.5,0.7
2026-07-28T1300,1282A,119.2681,26.0506,福州市,师大,,37,24,18,6,2,118,NA,59,59,6,10,4,4,0.2,0.4
2026-07-28T1300,1283A,119.2983,26.1028,福州市,五四北路,,37,11,17,0,1,116,NA,58,58,8,12,5,4,0.4,0.3
2026-07-28T1300,1284A,119.2648,26.0769,福州市,杨桥西路,,38,25,18,22,3,121,NA,57,57,7,11,4,4,/,/
2026-07-28T1300,1287A,118.1519,24.4768,厦门市,洪文,,19,17,10,13,7,30,NA,41,38,18,9,2,3,0.2,0.1
2026-07-28T1300,1288A,118.0671,24.4447,厦门市,鼓浪屿,,16,15,9,11,6,36,NA,48,43,17,10,2,2,/,/
2026-07-28T1300,1291A,115.8887,28.7006,南昌市,省林业公司,,24,5,7,5,7,76,NA,55,55,2,10,6,7,0.4,0.6
2026-07-28T1300,1292A,115.813,28.7443,南昌市,林科所,,23,5,8,3,6,72,NA,46,46,2,9,6,6,0.6,0.7
2026-07-28T1300,1294A,115.8518,28.687,南昌市,建工学校,NA,NA,NA,9,8,7,66,NA,45,45,NA,10,6,6,0.5,0.5
2026-07-28T1300,1295A,115.8926,28.6425,南昌市,象湖,,21,NA,3,2,6,67,NA,45,45,4,8,8,9,0.3,0.3
2026-07-28T1300,1299A,116.9866,36.6118,济南市,科干所,,44,34,26,21,16,138,NA,76,76,16,12,4,4,0.9,0.9
2026-07-28T1300,1300A,116.9379,36.6652,济南市,农科所,,39,37,26,26,15,124,NA,54,54,11,18,4,4,0.3,0.3
2026-07-28T1300,1301A,117.1265,36.6736,济南市,开发区,细颗粒物(PM2.5),66,49,28,43,16,137,NA,77,77,26,15,7,6,0.5,0.6
2026-07-28T1300,1303A,117.0616,36.6865,济南市,省种子仓库,细颗粒物(PM2.5),62,44,36,41,17,134,NA,52,52,21,33,7,6,0.4,0.4
2026-07-28T1300,1304A,116.9495185,36.644937,济南市,机床二厂,,46,37,30,28,17,147,NA,69,69,11,20,8,6,0.5,0.5
2026-07-28T1300,1305A,117.0496,36.6629,济南市,市监测站,,49,49,30,25,15,138,NA,66,66,23,23,4,4,0.7,0.7
2026-07-28T1300,1306A,116.7674,36.5458,济南市,长清党校,,34,34,25,17,13,97,NA,54,54,9,14,4,4,0.4,0.4
2026-07-28T1300,1310A,120.404,36.0625,青岛市,市南区东部子站,,22,22,19,5,13,39,NA,64,54,9,6,7,6,0.3,0.3
2026-07-28T1300,1311A,120.362344,36.10282,青岛市,四方区子站,,22,22,21,6,14,68,NA,87,75,5,6,10,8,0.7,0.7
2026-07-28T1300,1312A,120.294373,36.054183,青岛市,市南区西部子站,,22,22,18,5,11,38,NA,77,54,22,12,6,5,0.6,0.6
2026-07-28T1300,1313A,120.4581,36.0858,青岛市,崂山区子站,,19,19,19,6,12,49,NA,80,67,14,7,8,7,0.3,0.3
2026-07-28T1300,1315A,120.3945,36.3083,青岛市,城阳区子站,,37,19,28,8,17,118,NA,103,103,8,13,4,4,0.3,0.4
2026-07-28T1300,1316A,113.6843,34.7622,郑州市,烟厂,,32,28,21,18,14,100,NA,68,68,8,11,3,2,0.5,0.4
2026-07-28T1300,1318A,113.669,34.8034,郑州市,银行学校,NA,NA,NA,19,NA,15,NA,NA,44,NA,NA,13,NA,3,NA,0.2
2026-07-28T1300,1319A,113.5612,34.8143,郑州市,供水公司,,33,16,20,9,13,103,NA,73,73,8,13,3,3,0.4,0.4
2026-07-28T1300,1320A,113.7269,34.7187,郑州市,经开区管委,,30,19,19,16,14,94,NA,63,63,9,12,2,3,0.5,0.5
2026-07-28T1300,1321A,113.7332,34.7727,郑州市,四十七中,,27,11,21,11,14,84,NA,58,58,5,12,1,1,0.4,0.4
2026-07-28T1300,1323A,113.6361,34.7537,郑州市,河医大,,31,19,22,14,12,98,NA,71,71,8,11,1,1,0.5,0.4
2026-07-28T1300,1325A,114.3676,30.5584,武汉市,东湖梨园,,21,13,18,7,8,66,NA,41,41,6,9,6,6,0.4,0.4
2026-07-28T1300,1326A,114.2527,30.5578,武汉市,汉阳月湖,NA,NA,7,17,2,8,64,NA,40,40,5,10,NA,4,NA,1
2026-07-28T1300,1327A,114.2819,30.6189,武汉市,汉口花桥,,23,NA,15,11,9,72,NA,42,42,5,8,6,6,0.4,0.5
2026-07-28T1300,1328A,114.3024,30.5332,武汉市,武昌紫阳,,19,18,18,8,8,58,NA,37,37,2,4,4,4,0.5,0.5
2026-07-28T1300,1329A,114.3646,30.6217,武汉市,青山钢花,,22,14,17,6,8,69,NA,40,40,4,8,6,7,0.4,0.6
2026-07-28T1300,1330A,114.156697,30.482592,武汉市,沌口新区,NA,NA,9,15,NA,9,68,NA,39,39,6,12,6,6,0.3,0.3
2026-07-28T1300,1331A,114.3013,30.5944,武汉市,汉口江滩,,23,12,16,7,8,73,NA,44,44,6,8,2,2,0.8,0.8
2026-07-28T1300,1333A,114.1285,30.6339,武汉市,吴家山,,22,20,17,5,10,68,NA,39,39,2,7,5,5,0.3,0.3
2026-07-28T1300,1335A,113.082,28.2421,长沙市,经开区环保局,,19,17,16,8,9,59,NA,30,30,1,6,4,4,0.5,0.5
2026-07-28T1300,1336A,112.8873,28.2202,长沙市,高开区环保局,,20,16,16,10,7,64,NA,40,40,2,3,3,3,0.5,0.5
2026-07-28T1300,1337A,113.0785,28.2012,长沙市,马坡岭,NA,NA,15,17,8,7,62,NA,34,34,3,8,7,6,NA,0.3
2026-07-28T1300,1338A,112.9448,28.1894,长沙市,湖南师范大学,,23,23,16,9,8,62,NA,38,38,2,2,6,6,0.3,0.3
2026-07-28T1300,1339A,113.0177,28.1322,长沙市,雨花区环保局,,20,14,15,7,8,61,NA,35,35,5,7,5,5,0.7,0.7
2026-07-28T1300,1340A,112.9795,28.2593,长沙市,伍家岭,,21,21,17,10,8,62,NA,34,34,2,6,3,3,0.2,0.2
2026-07-28T1300,1341A,113.002,28.1944,长沙市,火车新站,,19,19,17,8,7,58,NA,32,32,1,4,4,4,0.3,0.3
2026-07-28T1300,1342A,112.9846,28.1177,长沙市,天心区环保局,,21,17,16,9,7,67,NA,42,42,2,6,3,3,0.4,0.4
2026-07-28T1300,1343A,112.8906,28.1307,长沙市,湖南中医药大学,,23,23,16,9,8,65,NA,38,38,2,5,6,6,0.6,0.6
2026-07-28T1300,1345A,113.2346,23.1423,广州市,广雅中学,,13,12,20,7,12,39,NA,32,32,12,22,4,5,0.3,0.4
2026-07-28T1300,1346A,113.2611,23.105,广州市,市五中,,15,12,21,9,13,47,NA,38,38,12,21,4,5,/,/
2026-07-28T1300,1348A,113.3477,23.0916,广州市,广东商学院,,15,12,21,5,11,47,NA,35,35,12,22,3,5,0.6,0.5
2026-07-28T1300,1349A,113.4332,23.105,广州市,市八十六中,,16,8,17,7,12,50,NA,42,42,23,25,5,6,/,/
2026-07-28T1300,1350A,113.3506,22.9488,广州市,番禺中学,,14,14,21,8,12,37,NA,36,36,18,21,6,6,0.3,0.3
2026-07-28T1300,1351A,113.2147,23.3918,广州市,花都师范,,21,21,29,13,18,58,NA,35,35,12,28,2,3,0.6,0.6
2026-07-28T1300,1352A,113.2599,23.1329,广州市,市监测站,,18,18,21,10,11,42,NA,37,37,11,17,2,3,/,/
2026-07-28T1300,1353A,113.5618,23.3119,广州市,九龙镇镇龙,NA,NA,28,20,NA,14,60,NA,35,35,10,16,7,8,0.5,0.6
2026-07-28T1300,1354A,113.2764,23.1544,广州市,麓湖,,15,12,20,7,12,47,NA,34,34,11,20,5,6,0.6,0.7
2026-07-28T1300,1356A,114.0948,22.5506,深圳市,通心岭子站,,15,15,13,9,6,41,NA,33,32,12,8,3,3,0.7,0.6
2026-07-28T1300,1357A,114.1153,22.5713,深圳市,洪湖,,12,NA,11,8,8,36,NA,33,32,11,8,6,6,0.5,0.5
2026-07-28T1300,1358A,113.9823,22.5398,深圳市,华侨城,,15,15,16,6,6,37,NA,32,30,7,8,/,/,/,/
2026-07-28T1300,1359A,113.9181,22.517,深圳市,南海子站,,22,22,14,13,8,34,NA,36,34,13,9,6,6,0.9,0.8
2026-07-28T1300,1360A,114.2345,22.565,深圳市,盐田,,12,11,15,1,6,38,NA,21,21,14,28,7,8,0.4,0.5
2026-07-28T1300,1363A,114.4911,22.5381,深圳市,南澳,,19,10,10,7,7,58,NA,41,41,4,5,/,/,/,/
2026-07-28T1300,1364A,114.41,22.6346,深圳市,葵涌,,17,10,11,5,6,54,NA,35,35,3,6,6,6,0.8,0.8
2026-07-28T1300,1365A,114.2967,22.5978,深圳市,梅沙,,17,10,13,4,5,52,NA,38,38,5,6,/,/,/,/
2026-07-28T1300,1366A,114.0563,22.7353,深圳市,观澜,,15,10,17,10,10,45,NA,27,27,16,18,5,6,0.7,0.7
2026-07-28T1300,1367A,113.5811,22.2618,珠海市,吉大,,15,7,13,4,7,48,NA,34,34,1,9,6,6,0.6,0.6
2026-07-28T1300,1368A,113.4893,22.2323,珠海市,前山,,10,10,20,6,9,6,NA,18,17,10,18,/,/,/,/
2026-07-28T1300,1369A,113.6284,22.4252,珠海市,唐家,,12,9,10,4,7,38,NA,26,26,7,18,/,/,/,/
2026-07-28T1300,1370A,113.2986,22.2284,珠海市,斗门,,15,10,14,5,10,48,NA,34,34,2,8,6,6,0.3,0.3
2026-07-28T1300,1371A,113.1293,23.0065,佛山市,湾梁,,19,NA,18,13,12,34,NA,34,34,20,19,/,/,/,/
2026-07-28T1300,1372A,113.1082,23.0477,佛山市,华材职中,,14,NA,17,9,14,43,NA,41,41,11,14,7,7,0.4,0.4
2026-07-28T1300,1373A,113.1439,23.045,佛山市,南海气象局,,13,13,23,9,13,39,NA,35,35,21,22,/,/,/,/
2026-07-28T1300,1374A,113.2879,22.8094,佛山市,顺德苏岗,,22,22,20,9,12,44,NA,26,26,17,22,/,/,0.6,0.6
2026-07-28T1300,1376A,112.8384,22.8678,佛山市,高明孔堂,,16,5,21,3,13,51,NA,40,40,4,9,/,/,/,/
2026-07-28T1300,1377A,112.8835,23.1584,佛山市,三水监测站,,16,12,17,11,14,37,NA,36,36,10,12,4,5,0.4,0.4
2026-07-28T1300,1378A,112.8668,23.185,佛山市,三水云东海,,38,38,23,8,13,44,NA,40,40,12,14,/,/,/,/
2026-07-28T1300,1379A,113.377,22.5211,中山市,华柏园,,39,39,28,9,10,44,NA,28,28,4,9,/,/,/,/
2026-07-28T1300,1380A,113.3879,22.5499,中山市,张溪,,14,13,17,5,8,43,NA,28,28,10,14,/,/,/,/
2026-07-28T1300,1381A,113.4071,22.5111,中山市,紫马岭,,14,11,12,5,7,43,NA,31,31,4,9,7,7,0.4,0.5
2026-07-28T1300,1383A,113.1063,22.6058,江门市,北街,,19,15,19,13,10,39,NA,28,28,17,12,/,/,/,/
2026-07-28T1300,1384A,113.073,22.5835,江门市,西区,,22,22,22,10,12,42,NA,33,33,13,13,/,/,/,/
2026-07-28T1300,1385A,113.0218,22.531,江门市,圭峰西,,14,NA,20,8,11,43,NA,37,37,12,11,/,/,/,/
2026-07-28T1300,1390A,113.7943,23.0132,东莞市,东城石井,,19,13,23,7,12,60,NA,47,47,10,12,4,4,0.6,0.6
2026-07-28T1300,1391A,113.7384,22.9659,东莞市,南城西平,,16,7,18,2,11,49,NA,37,37,10,19,8,8,0.5,0.5
2026-07-28T1300,1392A,114.4181,23.0528,惠州市,河南岸金山湖子站,,19,8,14,6,10,58,NA,39,39,5,9,8,9,0.5,0.6
2026-07-28T1300,1393A,114.4055,23.0824,惠州市,下埔横江三路子站,NA,NA,11,20,6,12,55,NA,38,38,NA,14,4,6,0.5,0.6
2026-07-28T1300,1395A,114.4645,22.7832,惠州市,惠阳区承修路船湖子站,,19,14,15,8,9,60,NA,35,35,7,11,4,4,0.7,0.7
2026-07-28T1300,1396A,114.5316,22.7423,惠州市,大亚湾管委会子站,,17,7,12,6,8,54,NA,38,38,7,14,9,8,0.5,0.5
2026-07-28T1300,1397A,112.426,23.062,肇庆市,睦岗子站,,20,20,39,10,11,52,NA,46,46,7,11,5,6,/,/
2026-07-28T1300,1398A,112.4645,23.0476,肇庆市,城中子站,,18,12,17,8,11,56,NA,46,46,5,11,7,9,0.5,0.6
2026-07-28T1300,1399A,112.5545,23.1525,肇庆市,坑口子站,,20,16,18,11,11,64,NA,41,41,8,9,6,6,0.2,0.2
2026-07-28T1300,1401A,108.3098,22.788,南宁市,二十一中,,24,19,27,8,15,76,NA,58,58,5,7,3,2,0.7,0.7
2026-07-28T1300,1402A,108.3135,22.8529,南宁市,北湖,NA,NA,NA,NA,NA,NA,NA,NA,NA,NA,NA,NA,NA,NA,NA,NA
2026-07-28T1300,1403A,108.3205,22.8222,南宁市,市监测站,,32,32,26,11,14,80,NA,60,60,3,4,3,4,0.5,0.5
2026-07-28T1300,1404A,108.3828,22.8038,南宁市,大自然花园,,23,19,25,6,15,72,NA,56,56,4,7,4,4,0.6,0.6
2026-07-28T1300,1406A,108.2397,22.8462,南宁市,区农职院,,25,15,32,11,20,78,NA,56,56,2,6,4,4,0.2,0.3
2026-07-28T1300,1407A,108.3285,22.7356,南宁市,英华嘉园,,24,24,31,8,16,71,NA,55,55,4,10,4,4,0.4,0.5
2026-07-28T1300,1410A,110.3189,20.0596,海口市,海南大学,,22,16,18,10,10,69,NA,60,60,2,3,4,4,0.4,0.4
2026-07-28T1300,1411A,110.2827,20.0051,海口市,秀英海南医院,NA,NA,14,17,10,11,72,NA,38,NA,NA,13,NA,5,0.3,0.3
2026-07-28T1300,1412A,110.3391,19.9979,海口市,海南师范大学,,23,21,21,9,11,71,NA,57,57,2,4,2,3,0.4,0.4
2026-07-28T1300,1413A,110.3303,20.0359,海口市,龙华路环保局宿舍,,24,24,20,10,12,72,NA,61,61,3,4,/,/,0.4,0.3
2026-07-28T1300,1416A,106.4216,29.8256,重庆市,天生,,44,16,22,13,12,138,NA,88,88,7,10,9,10,0.6,0.6
2026-07-28T1300,1417A,106.6264,29.7226,重庆市,两路,,47,25,29,15,11,148,NA,87,87,12,11,12,12,0.7,0.6
2026-07-28T1300,1419A,106.5778,29.5103,重庆市,南坪,,50,17,36,11,11,158,NA,75,75,14,16,13,13,0.8,0.7
2026-07-28T1300,1420A,106.6556,29.6277,重庆市,唐家沱,,46,16,20,12,9,146,NA,79,79,8,15,11,12,0.3,0.3
2026-07-28T1300,1431A,103.9727,30.7242,成都市,金泉两河,,40,NA,10,16,10,127,NA,75,74,11,8,2,1,0.5,0.4
2026-07-28T1300,1432A,104.1423,30.6765,成都市,十里店,,35,14,15,12,11,112,NA,79,79,6,8,5,5,0.6,0.6
2026-07-28T1300,1433A,104.0594,30.5765,成都市,三瓦窑,,35,28,14,15,13,112,NA,73,72,9,9,4,4,0.8,0.8
2026-07-28T1300,1434A,104.1122,30.6306,成都市,沙河铺,,30,22,18,13,11,95,NA,70,66,8,9,5,6,0.6,0.5
2026-07-28T1300,1439A,106.6863,26.6035,贵阳市,马鞍山,,25,17,12,8,7,78,NA,28,28,4,8,3,2,/,/
2026-07-28T1300,1441A,106.6241,26.6266,贵阳市,鉴湖路,,25,24,27,9,8,80,NA,38,38,3,9,6,6,0.6,0.6
2026-07-28T1300,1442A,106.7468,26.6344,贵阳市,燕子冲,,23,22,20,10,8,71,NA,38,38,11,10,8,8,0.4,0.5
2026-07-28T1300,1443A,106.6556,26.4362,贵阳市,碧云窝,,29,29,33,10,14,72,NA,35,35,3,9,6,5,/,/
2026-07-28T1300,1445A,106.6963,26.6063,贵阳市,红边门,,23,17,17,8,9,73,NA,36,36,8,10,7,6,/,/
2026-07-28T1300,1446A,106.7162383,26.56964667,贵阳市,新华路,,25,24,26,6,8,78,NA,42,42,6,10,6,6,0.8,0.8
2026-07-28T1300,1447A,106.6742,26.542,贵阳市,太慈桥,,23,12,18,2,10,73,NA,31,31,6,12,1,3,/,/
2026-07-28T1300,1450A,102.8203,24.889,昆明市,呈贡新区,,24,5,16,3,6,74,NA,64,63,2,6,3,3,0.6,0.7
2026-07-28T1300,1452A,102.7253,25.0904,昆明市,龙泉镇,,22,8,18,4,7,69,NA,38,38,12,15,5,5,0.3,0.3
2026-07-28T1300,1453A,102.7267,25.0378,昆明市,东风东路,,26,13,10,7,9,81,NA,61,59,10,12,4,4,0.3,0.4
2026-07-28T1300,1454A,102.6744,25.0671,昆明市,金鼎山,,22,15,16,5,8,69,NA,62,51,10,9,4,4,0.5,0.5
2026-07-28T1300,1455A,102.6643,25.0401,昆明市,碧鸡广场,,24,24,14,5,9,58,NA,62,53,16,12,5,5,0.6,0.5
2026-07-28T1300,1456A,91.132,29.6515,拉萨市,八廓街,,32,8,11,7,7,101,NA,87,87,5,9,9,8,0.3,0.4
2026-07-28T1300,1457A,91.1221,29.6748,拉萨市,市环保局,,28,15,11,6,7,88,NA,77,77,10,10,9,9,0.2,0.4
2026-07-28T1300,1458A,91.0874,29.6476,拉萨市,区监测站,,32,5,9,5,6,100,NA,86,86,7,11,10,8,0.2,0.2
2026-07-28T1300,1459A,91.1774,29.6541,拉萨市,西藏大学,,30,7,9,5,6,95,NA,86,86,7,11,7,6,0.3,0.4
2026-07-28T1300,1460A,90.9798,29.6586,拉萨市,区辐射站,,29,8,12,5,7,92,NA,80,78,9,12,8,8,0.1,0.2
2026-07-28T1300,1461A,91.0831,29.6292,拉萨市,拉萨火车站,,31,9,9,5,6,99,NA,86,86,8,9,8,6,0.3,0.3
2026-07-28T1300,1463A,108.9931,34.2629,西安市,兴庆小区,,24,15,22,1,10,74,NA,65,65,3,8,5,5,0.3,0.4
2026-07-28T1300,1464A,109.0595,34.2569,西安市,纺织城,,19,12,19,1,7,59,NA,53,53,1,6,9,10,0.3,0.4
2026-07-28T1300,1465A,108.9377,34.2178,西安市,小寨,,32,22,27,6,17,101,NA,69,69,5,9,5,5,0.5,0.6
2026-07-28T1300,1466A,108.9522,34.2739,西安市,市人民体育场,,31,31,30,5,14,86,NA,70,70,8,12,7,7,0.4,0.6
2026-07-28T1300,1467A,108.8923,34.2322,西安市,高新西区,,33,13,29,6,17,104,NA,75,75,6,9,4,5,0.3,0.4
2026-07-28T1300,1468A,108.9386,34.3446,西安市,经开区,,30,30,28,6,14,96,NA,72,72,4,8,2,2,0.4,0.5
2026-07-28T1300,1469A,108.894,34.1557,西安市,长安区,,36,23,39,5,21,114,NA,73,73,8,14,2,2,0.3,0.4
2026-07-28T1300,1471A,109.213,34.3748,西安市,临潼区,NA,NA,NA,32,6,12,92,NA,68,68,NA,6,9,8,0.7,0.7
2026-07-28T1300,1474A,109.0508,34.321,西安市,广运潭,,27,22,26,5,14,84,NA,65,65,4,9,5,4,0.6,0.7
2026-07-28T1300,1479A,103.8309,36.0467,兰州市,铁路设计院,,40,24,25,6,9,125,NA,67,67,11,14,7,7,0.7,0.6
2026-07-28T1300,1489A,106.1361,38.5039,银川市,学院路,,50,50,40,8,7,94,NA,64,64,6,9,4,4,0.3,0.4
2026-07-28T1300,1490A,87.5796,43.8299,乌鲁木齐市,监测站,,45,40,27,31,15,122,NA,64,64,10,21,6,5,0.4,0.4
2026-07-28T1300,1491A,87.6044,43.7679,乌鲁木齐市,收费所,颗粒物(PM10),56,58,32,19,14,123,NA,53,53,14,31,10,8,0.4,0.3
2026-07-28T1300,1493A,87.5529,43.8704,乌鲁木齐市,铁路局,,41,41,30,18,14,125,NA,54,54,11,24,9,7,0.7,0.6
2026-07-28T1300,1494A,87.6408,43.8258,乌鲁木齐市,三十一中学,,39,39,32,15,13,123,NA,64,64,11,21,5,4,0.6,0.6
2026-07-28T1300,1496A,87.7218,44.1747,乌鲁木齐市,米东区环保局,,38,35,20,26,9,115,NA,58,58,8,9,10,7,0.4,0.3
2026-07-28T1300,1508A,112.9508,27.8626,湘潭市,板塘,,19,14,13,9,5,59,NA,37,37,10,16,10,11,0.4,0.5
2026-07-28T1300,1511A,112.9114,27.8404,湘潭市,市监测站,,19,NA,4,13,7,58,NA,40,40,2,4,8,4,0.4,0.3
2026-07-28T1300,1512A,112.8935,27.8729,湘潭市,江麓,,23,23,14,10,6,51,NA,35,35,4,7,4,6,0.3,0.2
2026-07-28T1300,1513A,112.9227,27.8159,湘潭市,岳塘,,31,31,15,10,4,50,NA,30,30,4,7,3,4,0.2,0.3
2026-07-28T1300,1514A,112.9073,27.9118,湘潭市,科大,,28,28,14,4,7,58,NA,38,38,4,8,5,4,0.2,0.6
2026-07-28T1300,1515A,113.1265,27.8306,株洲市,天台山庄,NA,NA,20,13,12,7,40,NA,30,30,4,3,NA,3,0.4,0.3
2026-07-28T1300,1518A,113.0937,27.8919,株洲市,株冶医院,,18,18,14,11,8,53,NA,34,34,4,9,4,4,0.5,0.4
2026-07-28T1300,1519A,113.1709,27.8661,株洲市,市四中,,16,14,13,11,8,48,NA,32,32,6,8,5,5,0.6,0.4
2026-07-28T1300,1520A,113.1515,27.8265,株洲市,火车站,,19,15,10,13,5,46,NA,33,33,7,8,9,9,0.6,0.5
2026-07-28T1300,1524A,113.1329,27.8491,株洲市,市监测站,,18,15,12,12,6,50,NA,37,37,6,7,6,7,0.7,0.6
2026-07-28T1300,1562A,113.0048,27.9153,湘潭市,昭山,,17,9,13,9,4,53,NA,36,36,3,8,6,6,0.6,0.7
2026-07-28T1300,1585A,109.8761,40.6533,包头市,市环境监测站,,47,31,30,24,24,149,NA,95,95,7,16,4,6,0.5,0.6
2026-07-28T1300,1587A,109.9992,40.5843,包头市,包头八中,,46,46,41,32,26,129,NA,80,80,7,14,8,9,0.7,0.7
2026-07-28T1300,1589A,109.8641,40.6288,包头市,惠龙物流,NA,NA,NA,33,20,25,140,NA,92,92,7,16,NA,4,0.4,0.4
2026-07-28T1300,1590A,110.0376,40.5546,包头市,东河鸿龙湾,,43,36,35,30,27,122,NA,74,74,7,15,6,7,0.8,0.7
2026-07-28T1300,1591A,110.0024,39.8127,鄂尔多斯市,综合楼,,46,46,44,20,21,118,NA,84,84,8,15,6,8,0.7,0.8
2026-07-28T1300,1592A,109.9485,39.8259,鄂尔多斯市,巴音孟克林场办事处,,39,39,38,18,20,116,NA,86,86,7,12,4,5,0.8,0.7
2026-07-28T1300,1593A,109.7734,39.5987,鄂尔多斯市,康泽苑,,39,39,30,16,17,114,NA,86,86,6,11,6,6,0.3,0.4
2026-07-28T1300,1594A,109.8121,39.5987,鄂尔多斯市,华泰汽车城,,34,34,28,8,19,102,NA,75,75,6,10,11,11,0.8,0.8
2026-07-28T1300,1595A,109.9734,39.7884,鄂尔多斯市,奥林花园,,46,46,46,21,22,110,NA,75,75,6,14,5,5,0.6,0.7
2026-07-28T1300,1597A,122.2704,40.7093,营口市,大庆路,NA,NA,NA,38,NA,25,149,NA,131,131,9,6,8,8,0.9,0.8
2026-07-28T1300,1598A,122.215,40.6511,营口市,镜湖西路,,44,29,32,22,34,138,NA,117,117,8,9,2,2,0.6,0.5
2026-07-28T1300,1599A,122.1667,40.665,营口市,西炮台,,45,NA,32,31,46,125,NA,112,112,10,10,7,6,0.6,0.6
2026-07-28T1300,1600A,124.33,40.0625,丹东市,江湾东路,,30,16,17,14,11,93,NA,78,78,4,5,4,5,0.4,0.4
2026-07-28T1300,1601A,124.4242,40.1513,丹东市,临江后街,,29,24,23,12,13,92,NA,76,76,2,4,3,2,0.5,0.6
2026-07-28T1300,1602A,124.3935,40.1461,丹东市,元宝山,,26,19,20,10,15,83,NA,71,71,4,5,1,1,0.6,0.7
2026-07-28T1300,1603A,124.3634,40.1093,丹东市,民主桥,,26,17,19,13,13,82,NA,69,69,2,3,4,4,0.7,0.8
2026-07-28T1300,1604A,122.0303,41.1489,盘锦市,开发区,,44,44,33,24,24,133,NA,132,132,5,6,6,5,0.7,0.6
2026-07-28T1300,1605A,122.0486,41.0883,盘锦市,兴隆台,颗粒物(PM10),55,57,34,17,29,51,NA,121,88,7,8,3,5,0.8,0.8
2026-07-28T1300,1606A,121.8297,41.1026,盘锦市,新生街道,颗粒物(PM10),52,52,29,24,26,144,NA,131,131,6,8,6,6,0.8,0.7
2026-07-28T1300,1607A,120.904878,40.721091,葫芦岛市,龙港区,臭氧1小时(O3_1h),75,59,42,43,30,180,NA,140,140,6,6,3,2,0.8,0.6
2026-07-28T1300,1608A,120.8382,40.7521,葫芦岛市,化工街,臭氧1小时(O3_1h),57,41,38,23,25,165,NA,117,117,12,15,8,7,0.8,0.7
2026-07-28T1300,1609A,120.8339,40.7078,葫芦岛市,新区,颗粒物(PM10),80,91,42,34,31,172,NA,120,120,6,7,3,2,0.9,0.8
2026-07-28T1300,1610A,120.8697,40.7679,葫芦岛市,东城区,臭氧1小时(O3_1h),77,44,41,27,32,181,NA,127,127,7,11,1,3,0.6,0.6
2026-07-28T1300,1611A,118.5818,24.9116,泉州市,涂山街,,27,16,12,9,8,85,NA,60,60,12,8,2,2,0.7,0.7
2026-07-28T1300,1612A,118.597,24.8976,泉州市,津头埔,,25,19,13,15,7,80,NA,53,53,14,11,2,2,0.6,0.5
2026-07-28T1300,1613A,118.6669,24.9422,泉州市,万安,,32,19,14,14,6,102,NA,56,56,8,10,4,4,0.6,0.6
2026-07-28T1300,1618A,118.3429,35.0532,临沂市,沂河小区,,44,44,39,16,18,116,NA,62,62,6,15,10,11,0.3,0.5
2026-07-28T1300,1619A,118.2962,35.0568,临沂市,鲁南制药厂,,34,29,33,10,18,106,NA,56,56,6,17,7,8,0.6,0.9
2026-07-28T1300,1620A,118.2793,34.9976,临沂市,新光毛纺厂,,42,31,26,23,23,133,NA,69,69,5,17,7,6,0.2,0.4
2026-07-28T1300,1621A,118.3955,35.0889,临沂市,河东保险公司,,34,27,35,8,17,107,NA,54,54,5,22,10,10,0.4,0.5
2026-07-28T1300,1622A,116.3034,37.4675,德州市,儿童乐园,,47,41,24,27,17,150,NA,74,74,9,11,12,11,0.9,0.7
2026-07-28T1300,1624A,116.2992,37.4449,德州市,监理站,,44,39,22,17,15,139,NA,75,75,5,10,11,11,0.4,0.4
2026-07-28T1300,1625A,115.9789,36.4372,聊城市,区政府,,29,7,15,2,9,92,NA,56,56,2,5,3,4,0.6,0.6
2026-07-28T1300,1629A,117.9961,37.3604,滨州市,第二水厂,,46,29,33,13,19,147,NA,94,94,3,19,7,10,0.6,0.7
2026-07-28T1300,1630A,117.9789,37.3931,滨州市,北中新校,臭氧1小时(O3_1h),65,29,35,15,18,172,NA,90,90,8,22,8,11,0.5,0.7
2026-07-28T1300,1631A,118.0413,36.8101,淄博市,人民公园,臭氧1小时(O3_1h),53,46,48,14,18,162,NA,101,101,8,26,12,15,0.3,0.5
2026-07-28T1300,1633A,117.8524,36.4848,淄博市,双山,NA,NA,39,29,20,10,112,NA,78,78,5,16,NA,3,1.0,0.8
2026-07-28T1300,1634A,117.9595,36.6332,淄博市,气象站,,46,28,36,7,16,146,NA,81,81,9,22,11,15,0.2,0.3
2026-07-28T1300,1637A,117.5628,34.8379,枣庄市,市中区政府,细颗粒物(PM2.5),60,56,41,40,25,124,NA,77,77,12,15,8,8,0.3,0.4
2026-07-28T1300,1638A,117.2855,34.7838,枣庄市,薛城环保局,,44,44,42,17,30,132,NA,73,73,7,14,9,11,0.4,0.4
2026-07-28T1300,1639A,117.5854,34.7744,枣庄市,峄城区政府,细颗粒物(PM2.5),58,51,43,39,26,128,NA,80,80,7,12,6,13,0.6,0.6
2026-07-28T1300,1641A,117.4516,35.0992,枣庄市,山亭区环保局,,35,34,32,11,24,109,NA,86,86,6,8,6,5,0.3,0.6
2026-07-28T1300,1642A,121.2517,37.564,烟台市,开发区,,49,44,37,19,20,156,NA,113,113,14,18,8,7,0.8,0.8
2026-07-28T1300,1644A,121.3181,37.5436,烟台市,西郊化工站,,41,31,30,19,20,129,NA,93,93,6,10,8,6,0.3,0.4
2026-07-28T1300,1645A,121.4419,37.4858,烟台市,莱山环保局,,40,22,21,19,16,127,NA,103,103,8,11,4,6,0.6,0.7
2026-07-28T1300,1646A,121.2619,37.4965,烟台市,福山环保局,,41,39,37,3,18,131,NA,92,92,13,15,7,5,0.5,0.3
2026-07-28T1300,1650A,119.1436,36.7022,潍坊市,环保局,,45,41,28,9,7,141,NA,79,79,10,16,5,4,0.6,0.7
2026-07-28T1300,1653A,116.6229,35.4288,济宁市,火炬城,颗粒物(PM10),70,77,39,26,18,100,NA,40,40,19,19,5,4,1.0,0.8
2026-07-28T1300,1656A,117.1436,36.1938,泰安市,监测站,,46,41,28,32,17,121,NA,78,78,3,8,7,9,0.3,0.5
2026-07-28T1300,1657A,117.0905,36.2002,泰安市,人口学校,,44,44,30,24,17,128,NA,96,96,6,7,8,8,0.6,0.6
2026-07-28T1300,1658A,117.0992,36.1757,泰安市,电力学校,,46,46,27,21,17,110,NA,76,76,5,10,6,8,0.3,0.5
2026-07-28T1300,1659A,119.4711,35.421,日照市,监测站,,30,19,12,12,13,95,NA,75,67,8,10,7,6,0.4,0.4
2026-07-28T1300,1660A,119.523,35.4216,日照市,市政府广场,,36,36,16,15,11,75,NA,63,55,4,4,8,8,0.4,0.4
2026-07-28T1300,1661A,119.5511,35.4113,日照市,港务局,,22,22,16,8,8,70,NA,73,60,7,7,8,7,0.8,0.8
2026-07-28T1300,1662A,122.121,37.4231,威海市,华夏技校,,40,31,22,27,16,127,NA,89,89,13,13,/,/,0.3,0.3
2026-07-28T1300,1663A,122.0508,37.5236,威海市,山大分校,,36,NA,20,23,16,115,NA,88,88,5,8,/,/,/,/
2026-07-28T1300,1664A,122.1067,37.5067,威海市,市监测站,,39,29,25,27,16,111,NA,82,82,8,10,2,3,0.5,0.4
2026-07-28T1300,1666A,118.6612,37.4313,东营市,市环保局,,43,31,26,11,13,136,NA,82,82,7,18,7,7,0.4,0.5
2026-07-28T1300,1669A,113.5821,24.7733,韶关市,市八中,NA,NA,35,22,21,14,94,NA,40,40,NA,12,18,14,NA,0.7
2026-07-28T1300,1671A,113.5916,24.7973,韶关市,园林处,,31,NA,15,18,12,97,NA,41,41,8,10,24,16,/,/
2026-07-28T1300,1673A,113.5971,24.6864,韶关市,曲江监测站,,23,8,22,5,14,73,NA,32,32,7,17,9,17,0.6,0.8
2026-07-28T1300,1674A,116.6795,23.3666,汕头市,金平子站,,26,26,9,7,4,61,NA,53,53,5,6,3,3,0.6,0.5
2026-07-28T1300,1675A,116.7248,23.3632,汕头市,龙湖子站,,18,12,9,5,4,56,NA,51,51,3,3,4,4,/,/
2026-07-28T1300,1676A,116.7257,23.2774,汕头市,濠江子站,,16,8,15,5,5,51,NA,46,46,7,7,6,6,/,/
2026-07-28T1300,1677A,116.7518,23.4712,汕头市,澄海子站,,18,NA,10,7,5,57,NA,52,52,3,5,4,4,0.5,0.5
2026-07-28T1300,1678A,116.6088,23.2539,汕头市,潮阳子站,,18,9,9,4,5,56,NA,48,48,4,5,6,6,0.6,0.5
2026-07-28T1300,1680A,110.3648,21.2697,湛江市,湛江影剧院,,22,22,23,9,12,60,NA,60,60,3,6,6,6,0.5,0.5
2026-07-28T1300,1681A,110.3907,21.2279,湛江市,市环境监测站,,27,27,20,9,12,57,NA,58,56,2,5,3,3,0.4,0.5
2026-07-28T1300,1682A,110.3936,21.1943,湛江市,环保局宿舍,,22,22,19,10,13,65,NA,62,62,3,5,6,7,/,/
2026-07-28T1300,1683A,110.4138,21.2033,湛江市,霞山游泳场,,20,17,20,11,10,62,NA,65,60,2,4,4,6,/,/
2026-07-28T1300,1685A,110.4512,21.239,湛江市,坡头区环保局,,19,12,17,8,11,58,NA,60,58,3,4,4,4,0.4,0.4
2026-07-28T1300,1686A,111.0285,21.469,茂名市,电白南海,,24,24,23,8,8,52,NA,57,51,4,4,2,2,0.4,0.4
2026-07-28T1300,1687A,110.9294,21.6533,茂名市,茂石化七小,,36,36,25,17,12,56,NA,43,NA,6,9,8,8,0.4,0.4
2026-07-28T1300,1688A,110.9108,21.6688,茂名市,健康路,,20,14,17,13,12,61,NA,47,47,3,5,5,5,0.4,0.4
2026-07-28T1300,1689A,110.8592,21.6826,茂名市,高岭,,29,29,26,12,11,61,NA,47,47,6,9,10,7,/,/
2026-07-28T1300,1690A,116.1248,24.3307,梅州市,梅江月梅,,15,9,10,0,2,46,NA,30,30,4,5,/,/,/,/
2026-07-28T1300,1691A,116.0798,24.2719,梅州市,梅县新城,,15,12,10,3,6,47,NA,32,32,7,10,9,9,0.5,0.5
2026-07-28T1300,1693A,115.3653,22.7751,汕尾市,市环保局,,20,13,13,2,5,62,NA,43,43,1,5,5,5,0.6,0.7
2026-07-28T1300,1695A,115.362,22.7926,汕尾市,新城中学,,19,15,12,3,5,60,NA,44,44,3,5,6,6,0.5,0.5
2026-07-28T1300,1697A,114.6962,23.7538,河源市,东埔,,18,12,17,11,14,55,NA,32,32,5,15,4,4,0.4,0.5
2026-07-28T1300,1698A,114.6895,23.7232,河源市,老城,,17,12,20,10,13,53,NA,27,27,4,15,8,8,0.7,0.8
2026-07-28T1300,1701A,111.9491,21.8658,阳江市,马南垌,,19,19,18,12,11,55,NA,45,45,8,6,6,5,0.4,0.4
2026-07-28T1300,1703A,113.0218,23.7086,清远市,凤城街办,,26,15,22,10,13,83,NA,44,44,7,16,/,/,/,/
2026-07-28T1300,1708A,116.3701,23.5345,揭阳市,新兴,,19,19,13,5,6,60,NA,42,42,6,11,6,7,0.6,0.5
2026-07-28T1300,1709A,116.3261,23.5442,揭阳市,西马,,20,16,13,6,7,61,NA,42,42,6,10,5,4,0.8,0.7
2026-07-28T1300,1710A,116.361,23.5627,揭阳市,东兴,,20,13,11,6,7,61,NA,41,41,8,14,6,6,/,/
2026-07-28T1300,1711A,116.4151,23.5295,揭阳市,渔湖,,20,12,14,5,6,63,NA,43,43,4,9,4,3,/,/
2026-07-28T1300,1714A,112.0281,22.9738,云浮市,牧羊,,28,28,28,10,14,80,NA,42,42,4,15,7,16,0.7,0.7
2026-07-28T1300,1715A,102.575,24.371,玉溪市,东风水库,NA,NA,15,15,2,4,57,NA,73,64,NA,7,NA,1,0.3,0.4
2026-07-28T1300,1723A,113.2926,40.0759,大同市,云冈宾馆,,41,16,24,7,13,130,NA,109,109,7,11,6,7,0.6,1
2026-07-28T1300,1724A,113.3437,40.0921,大同市,大同大学,,44,24,27,12,16,139,NA,112,112,5,9,6,6,0.5,0.6
2026-07-28T1300,1725A,113.2637,40.129,大同市,安家小村,,44,32,35,13,16,138,NA,108,108,4,8,7,7,0.3,0.3
2026-07-28T1300,1727A,113.1146,36.1547,长治市,清华站,,23,15,20,6,12,71,NA,63,63,2,6,8,8,0.6,0.8
2026-07-28T1300,1730A,113.0887,36.2126,长治市,审计局,,27,NA,19,14,13,85,NA,62,62,2,6,9,10,0.6,0.6
2026-07-28T1300,1731A,113.0845,36.1856,长治市,长治八中,,25,12,22,5,11,78,NA,58,58,2,8,11,11,0.7,0.8
2026-07-28T1300,1733A,111.5552,36.0791,临汾市,临钢医院,,29,14,20,5,6,91,NA,64,64,5,11,5,5,0.4,0.5
2026-07-28T1300,1734A,111.4984,36.0734,临汾市,技工学校,,32,32,30,11,16,102,NA,67,67,5,10,5,5,0.5,0.5
2026-07-28T1300,1736A,111.5017,36.0857,临汾市,市委,,31,30,43,10,8,98,NA,66,66,5,10,7,8,0.5,0.5
2026-07-28T1300,1739A,113.4894,37.8717,阳泉市,赛鱼,,36,35,30,20,24,115,NA,76,76,2,8,7,11,0.6,0.7
2026-07-28T1300,1740A,113.582,37.8473,阳泉市,南庄,,35,35,37,22,25,106,NA,85,82,4,8,11,16,0.8,1
2026-07-28T1300,1742A,113.5616,37.8706,阳泉市,平坦,,35,20,41,13,25,111,NA,83,83,4,9,9,13,0.7,0.8
2026-07-28T1300,1743A,113.5115,37.8391,阳泉市,大阳泉,NA,NA,13,25,NA,23,99,NA,71,71,3,6,8,8,0.8,0.8
2026-07-28T1300,1744A,118.9229,42.2816,赤峰市,松山一中,,44,NA,22,15,20,139,NA,134,134,6,8,8,9,0.7,0.8
2026-07-28T1300,1745A,118.9588,42.2733,赤峰市,哈达街,,40,19,26,14,18,126,NA,118,118,8,11,14,15,0.5,0.6
2026-07-28T1300,1746A,118.8792,42.2551,赤峰市,天义路,,37,NA,18,10,17,117,NA,115,115,8,9,6,8,0.6,0.6
2026-07-28T1300,1748A,123.0441,41.1201,鞍山市,深沟寺,,44,37,45,14,38,140,NA,124,124,8,12,6,8,0.7,0.9
2026-07-28T1300,1749A,123.011,41.0931,鞍山市,太阳城,,45,32,58,17,42,142,NA,121,121,13,18,8,8,0.9,1.4
2026-07-28T1300,1750A,123.0483,41.1445,鞍山市,太平,,41,34,55,15,37,131,NA,119,119,8,12,7,7,0.7,1.1
2026-07-28T1300,1751A,122.964,41.0968,鞍山市,铁西三道街,,49,31,54,17,37,155,NA,130,130,6,11,6,6,1.1,1.2
2026-07-28T1300,1753A,123.0219,41.0822,鞍山市,明达新区,,43,31,47,16,35,136,NA,125,125,6,11,3,5,0.8,1.3
2026-07-28T1300,1755A,123.7974,41.8494,抚顺市,望花区,臭氧1小时(O3_1h),74,56,46,22,35,179,NA,127,127,10,16,5,5,1.0,0.8
2026-07-28T1300,1756A,123.9161,41.8827,抚顺市,顺城区,臭氧1小时(O3_1h),59,44,41,20,32,167,NA,123,123,9,14,11,14,1.1,1.2
2026-07-28T1300,1757A,124.0437,41.8615,抚顺市,东洲区,NA,NA,39,41,14,30,159,NA,121,121,NA,8,7,7,0.6,0.7
2026-07-28T1300,1758A,123.9246,41.8638,抚顺市,新抚区,NA,NA,NA,42,NA,33,NA,NA,104,104,NA,9,NA,7,NA,1.1
2026-07-28T1300,1759A,124.0972,41.8961,抚顺市,大伙房水库,,47,22,34,14,27,150,NA,116,116,9,12,11,11,0.8,0.9
2026-07-28T1300,1760A,123.708,41.8386,抚顺市,沈抚新城,臭氧1小时(O3_1h),85,60,50,20,34,188,NA,131,131,12,15,11,9,1.3,1.1
2026-07-28T1300,1761A,123.8274146,41.31234549,本溪市,大峪,,44,24,36,14,22,139,NA,96,96,5,10,8,6,0.7,0.7
2026-07-28T1300,1763A,123.7169,41.3094,本溪市,彩屯,,41,25,32,13,19,130,NA,93,93,3,11,6,6,0.6,0.9
2026-07-28T1300,1764A,123.7672166,41.28649327,本溪市,东明,,46,37,40,16,22,145,NA,114,114,6,12,6,6,0.7,0.9
2026-07-28T1300,1765A,123.799345,41.266614,本溪市,新立屯,,40,27,31,13,21,127,NA,101,101,3,16,7,7,0.6,0.7
2026-07-28T1300,1766A,123.829144,41.336777,本溪市,威宁,,45,38,36,22,23,143,NA,85,85,9,11,8,8,0.9,0.7
2026-07-28T1300,1767A,121.1114,41.0879,锦州市,南山,,47,35,38,14,29,148,NA,108,108,4,10,1,2,0.5,0.5
2026-07-28T1300,1768A,121.060361,40.842794,锦州市,开发区,颗粒物(PM10),102,125,63,32,31,186,NA,135,135,8,13,4,4,1.0,0.9
2026-07-28T1300,1769A,121.1836,41.1118,锦州市,百股街道,颗粒物(PM10),55,56,41,15,30,162,NA,124,124,7,11,3,4,0.7,0.7
2026-07-28T1300,1770A,121.1176,41.1224,锦州市,天安街道,,43,36,43,15,30,135,NA,102,102,6,12,3,4,0.7,0.7
2026-07-28T1300,1771A,121.1303,41.1385,锦州市,北湖公园,,42,38,43,16,31,132,NA,111,111,4,9,4,4,0.6,0.7
2026-07-28T1300,1772A,126.54,43.8622,吉林市,哈达湾,,46,NA,34,32,30,107,NA,88,88,5,9,6,6,0.6,0.5
2026-07-28T1300,1773A,126.5843,43.8358,吉林市,东局子,,35,NA,27,24,27,89,NA,73,73,5,7,4,4,0.6,0.4
2026-07-28T1300,1774A,126.5051,43.8243,吉林市,电力学院,,37,35,26,23,22,118,NA,90,90,3,8,5,5,0.7,0.6
2026-07-28T1300,1775A,126.6133,43.8971,吉林市,江北,,36,29,30,25,25,83,NA,69,69,6,7,6,7,0.7,0.6
2026-07-28T1300,1776A,126.5549,43.8304,吉林市,江南公园,,32,29,27,20,22,101,NA,82,82,1,5,3,3,0.4,0.3
2026-07-28T1300,1779A,123.9307,47.3641,齐齐哈尔市,安居小区,,27,27,27,15,11,38,NA,58,36,3,7,3,4,1.0,1
2026-07-28T1300,1780A,123.9497,47.3389,齐齐哈尔市,中心广场,,38,38,30,15,11,53,NA,62,49,8,11,4,4,0.6,0.6
2026-07-28T1300,1781A,123.9483,47.3229,齐齐哈尔市,农牧车辆厂,,29,29,36,20,13,34,NA,49,33,5,8,5,5,0.1,0.2
2026-07-28T1300,1783A,123.9442,47.2994,齐齐哈尔市,市环境监测站,NA,NA,NA,22,NA,11,37,NA,52,36,5,8,3,4,0.5,0.7
2026-07-28T1300,1784A,129.61,44.561,牡丹江市,环保大楼,,14,14,14,2,4,36,NA,36,36,8,7,6,6,0.4,0.4
2026-07-28T1300,1787A,129.6364,44.6075,牡丹江市,机车工厂,,18,18,17,10,6,24,NA,28,28,13,10,6,6,0.4,0.3
2026-07-28T1300,1788A,129.6386,44.5462,牡丹江市,第一中学,,16,16,19,2,3,35,NA,32,32,8,6,9,9,0.5,0.4
2026-07-28T1300,1789A,124.8085,46.0381,大庆市,大同区,,47,47,35,20,19,122,NA,88,88,6,15,7,6,0.7,0.8
2026-07-28T1300,1790A,125.1166,46.5255,大庆市,龙凤区,,39,32,26,27,20,41,NA,44,38,7,9,7,7,0.2,0.2
2026-07-28T1300,1791A,124.8894,46.4007,大庆市,红岗区,,30,29,28,21,20,95,NA,62,62,4,7,6,7,0.6,0.6
2026-07-28T1300,1792A,125.1391,46.578,大庆市,萨尔图区,,48,45,35,33,23,69,NA,57,52,12,11,6,6,0.5,0.4
2026-07-28T1300,1793A,124.9026,46.6217,大庆市,让胡路区,,43,36,28,30,23,59,NA,44,44,8,9,5,5,0.5,0.5
2026-07-28T1300,1794A,118.3603,31.3515,芜湖市,监测站,,26,17,20,9,12,83,NA,55,55,6,11,6,6,0.5,0.5
2026-07-28T1300,1795A,118.3716,31.4135,芜湖市,科创中心,,27,19,24,10,11,85,NA,54,54,4,12,4,5,0.3,0.4
2026-07-28T1300,1796A,118.3671,31.3132,芜湖市,四水厂,,26,22,24,10,13,82,NA,56,56,5,9,4,4,0.3,0.3
2026-07-28T1300,1798A,118.5084,31.6838,马鞍山市,湖东路四小,,34,34,24,8,10,94,NA,52,52,5,9,8,10,0.7,0.7
2026-07-28T1300,1799A,118.5019,31.6449,马鞍山市,开发区,,32,25,25,10,13,100,NA,52,52,1,9,6,7,0.6,0.7
2026-07-28T1300,1803A,115.9873,29.6816,九江市,十里,NA,NA,NA,17,NA,9,NA,NA,69,NA,NA,7,NA,6,NA,0.3
2026-07-28T1300,1804A,115.9583,29.7047,九江市,茅山头,,18,18,16,0,7,54,NA,44,44,3,8,4,4,0.4,0.5
2026-07-28T1300,1805A,115.9877,29.7295,九江市,西园,,19,15,14,2,8,59,NA,50,50,4,12,1,3,0.2,0.3
2026-07-28T1300,1808A,115.9112,29.6038,九江市,综合工业园,,19,7,13,0,6,60,NA,41,41,2,11,2,3,0.3,0.4
2026-07-28T1300,1812A,112.3934,34.6517,洛阳市,市委党校,,23,23,26,16,18,61,NA,59,59,4,9,8,9,0.4,0.4
2026-07-28T1300,1815A,112.494,34.6883,洛阳市,河南林校,,27,27,31,7,13,66,NA,59,59,5,13,12,12,0.2,0.3
2026-07-28T1300,1816A,112.3843,34.623,洛阳市,开发区管委会,,21,21,22,4,15,64,NA,65,65,8,12,13,14,0.4,0.5
2026-07-28T1300,1817A,112.4263,34.6249,洛阳市,市委新办公区,,18,18,20,5,14,52,NA,61,61,5,9,10,11,0.2,0.3
2026-07-28T1300,1819A,114.3552,36.1017,安阳市,红庙街,,46,46,27,23,18,99,NA,76,76,4,7,3,4,0.6,0.5
2026-07-28T1300,1820A,114.361,36.0681,安阳市,银杏小区,,34,34,32,18,21,96,NA,76,76,5,10,3,2,0.3,0.4
2026-07-28T1300,1824A,114.3389,34.778,开封市,肿瘤医院,,23,NA,18,6,14,73,NA,56,56,9,13,5,6,0.5,0.6
2026-07-28T1300,1826A,114.2884,34.7966,开封市,世纪星幼儿园,,20,NA,18,14,15,64,NA,77,63,8,11,2,3,0.6,0.6
2026-07-28T1300,1832A,113.3257,33.7423,平顶山市,新华旅馆,,16,6,18,2,13,49,NA,51,48,10,13,3,4,0.5,0.6
2026-07-28T1300,1833A,113.2917,33.737,平顶山市,规划设计院,,14,6,18,6,14,44,NA,46,45,10,14,6,6,0.5,0.5
2026-07-28T1300,1834A,113.182,33.7738,平顶山市,平顶山工学院,,15,2,17,2,15,48,NA,48,48,6,11,5,6,0.5,0.6
2026-07-28T1300,1835A,111.1922,34.7752,三门峡市,市政府,NA,NA,NA,29,NA,16,83,NA,65,65,NA,7,8,8,0.5,0.6
2026-07-28T1300,1836A,111.1588,34.794,三门峡市,开发区,,28,17,34,16,20,89,NA,67,67,8,9,7,7,0.4,0.5
2026-07-28T1300,1840A,111.2991,30.6981,宜昌市,白龙岗,,12,7,10,2,5,37,NA,30,30,5,7,2,2,0.2,0.2
2026-07-28T1300,1842A,111.263451,30.696754,宜昌市,点军区,,13,13,15,5,7,40,NA,27,27,11,10,6,6,0.2,0.2
2026-07-28T1300,1843A,111.3276,30.782,宜昌市,夷陵区,,14,NA,3,6,3,43,NA,30,30,7,8,4,5,0.2,0.1
2026-07-28T1300,1844A,112.2493,30.3198,荆州市,市图书馆,,13,12,13,9,9,39,NA,39,37,6,6,4,4,0.5,0.4
2026-07-28T1300,1845A,112.2009,30.3543,荆州市,市委党校,,17,17,13,8,7,42,NA,38,38,4,4,5,4,0.5,0.5
2026-07-28T1300,1848A,113.1494,29.425,岳阳市,城陵矶,NA,NA,14,16,4,0,NA,NA,42,42,2,6,2,2,0.6,0.7
2026-07-28T1300,1849A,113.1493,29.3575,岳阳市,开发区,,19,12,10,6,3,58,NA,43,43,3,6,5,4,0.4,0.4
2026-07-28T1300,1850A,113.2672,29.4752,岳阳市,云溪区,,15,10,10,8,3,46,NA,36,36,2,3,3,2,0.3,0.4
2026-07-28T1300,1851A,112.9944,29.44,岳阳市,君山区,,20,16,14,10,3,61,NA,36,36,2,2,2,3,0.4,0.4
2026-07-28T1300,1854A,111.696,28.9725,常德市,市二中,,17,NA,6,2,2,54,NA,36,36,1,5,6,6,0.9,0.9
2026-07-28T1300,1858A,110.532,29.1219,张家界市,永定新区,,19,4,6,2,3,59,NA,40,40,6,6,/,/,/,/
2026-07-28T1300,1859A,110.4696,29.1244,张家界市,电业局,,15,7,5,4,3,45,NA,32,32,5,6,6,6,0.6,0.6
2026-07-28T1300,1860A,110.5573,29.3486,张家界市,未央路,,16,7,6,3,3,49,NA,30,30,6,6,8,8,0.5,0.4
2026-07-28T1300,1864A,110.3091,25.2705,桂林市,龙隐路小学,,22,11,18,2,13,70,NA,66,60,4,4,5,5,0.7,0.8
2026-07-28T1300,1865A,110.2849361,25.22909545,桂林市,八中,,22,20,20,8,9,68,NA,61,57,10,8,4,5,0.4,0.4
2026-07-28T1300,1867A,109.1435,21.4085,北海市,海滩公园,,30,30,34,7,10,80,NA,64,64,2,3,2,2,0.6,0.6
2026-07-28T1300,1868A,109.0983,21.466,北海市,新市环保局,,29,29,17,9,8,71,NA,62,62,4,5,4,4,0.5,0.5
2026-07-28T1300,1869A,109.1775,21.5232,北海市,北海工业园,,23,20,20,4,7,72,NA,60,60,2,4,2,2,0.4,0.7
2026-07-28T1300,1870A,109.4854,24.3898,柳州市,柳东小学,,27,27,36,10,25,86,NA,62,62,4,9,4,5,0.6,0.8
2026-07-28T1300,1871A,109.4109,24.3304,柳州市,环保监测站,,35,35,42,10,26,85,NA,59,59,7,11,8,8,0.7,0.9
2026-07-28T1300,1872A,109.3886,24.3408,柳州市,河西水厂,,29,28,52,13,28,91,NA,62,62,6,12,10,10,0.6,0.7
2026-07-28T1300,1873A,109.4263,24.2951,柳州市,市四中,,28,28,44,12,28,88,NA,60,60,5,9,6,6,0.5,0.6
2026-07-28T1300,1874A,109.396,24.3658,柳州市,市九中,,29,27,48,11,27,90,NA,62,62,6,9,6,6,0.4,0.5
2026-07-28T1300,1875A,109.4912,24.3164,柳州市,古亭山,,41,41,42,7,30,79,NA,56,56,2,9,3,3,0.7,0.8
2026-07-28T1300,1877A,109.4962,18.2682,三亚市,河西子站,NA,NA,27,18,10,11,60,NA,60,60,NA,4,4,3,NA,0.3
2026-07-28T1300,1878A,104.7775,31.4741,绵阳市,富乐山,,33,NA,14,17,6,104,NA,75,75,5,6,14,15,1.0,1.1
2026-07-28T1300,1880A,104.6698,31.4668,绵阳市,高新区自来水公司,,37,15,15,8,10,116,NA,88,88,3,6,10,10,0.6,0.6
2026-07-28T1300,1883A,104.6204,28.7728,宜宾市,市委,,33,25,18,16,10,104,NA,63,63,10,12,6,6,0.8,0.8
2026-07-28T1300,1884A,104.6056,28.7931,宜宾市,宜宾四中,,31,29,19,20,13,98,NA,66,66,8,9,9,9,0.6,0.6
2026-07-28T1300,1886A,104.5743,28.7199,宜宾市,黄金嘴,,27,17,15,12,10,84,NA,55,55,13,11,9,8,0.4,0.4
2026-07-28T1300,1888A,101.6891,26.571,攀枝花市,弄弄坪,,30,30,29,20,9,74,NA,66,65,19,13,13,13,1.5,1
2026-07-28T1300,1889A,101.577,26.5914,攀枝花市,河门口,,26,10,18,5,11,81,NA,74,72,9,12,14,18,0.7,1.4
2026-07-28T1300,1891A,101.7365,26.4986,攀枝花市,仁和,,27,16,18,13,12,79,NA,60,60,16,9,27,8,2.7,1
2026-07-28T1300,1894A,105.4427,28.9063,泸州市,小市上码头,颗粒物(PM10),81,93,41,13,12,113,NA,52,52,8,10,6,6,0.5,0.5
2026-07-28T1300,1895A,105.4241,28.8573,泸州市,兰田宪桥,,33,17,24,5,10,104,NA,50,50,8,9,7,7,0.6,0.6
2026-07-28T1300,1896A,105.4378,28.8833,泸州市,市环监站,,31,17,17,6,6,98,NA,49,49,10,11,8,7,0.8,0.8
2026-07-28T1300,1901A,104.424,31.1209,德阳市,东山公园,,31,NA,5,17,9,97,NA,70,70,10,4,5,3,0.8,0.7
2026-07-28T1300,1902A,104.3827,31.1318,德阳市,西小区,,35,NA,10,16,8,109,NA,82,82,13,11,9,9,0.7,0.6
2026-07-28T1300,1904A,104.3553,31.1091,德阳市,耐火材料厂,,37,NA,9,16,10,116,NA,80,80,6,7,2,2,0.8,0.8
2026-07-28T1300,1906A,106.0791,30.8022,南充市,南充市委,,31,18,16,10,10,99,NA,70,70,6,6,6,6,0.2,0.2
2026-07-28T1300,1907A,106.1038,30.8215,南充市,南充炼油厂,,32,26,18,15,10,100,NA,74,74,6,4,6,6,0.4,0.4
2026-07-28T1300,1911A,106.9218,27.6872,遵义市,丁字口,,30,NA,25,21,13,84,NA,45,45,5,6,7,7,0.5,0.5
2026-07-28T1300,1912A,106.9241,27.7044,遵义市,凤凰山,,28,19,21,19,13,85,NA,52,52,5,7,7,6,0.5,0.5
2026-07-28T1300,1913A,106.8895,27.648,遵义市,忠庄,,30,NA,22,21,14,91,NA,49,49,5,8,4,3,0.7,0.7
2026-07-28T1300,1915A,106.9225,27.7253,遵义市,干田坝,,35,35,32,15,13,80,NA,42,42,4,7,4,3,0.5,0.5
2026-07-28T1300,1916A,103.7897,25.5036,曲靖市,环境监测站,NA,NA,NA,18,11,9,68,NA,37,37,9,13,1,2,0.6,0.7
2026-07-28T1300,1917A,103.8013,25.5357,曲靖市,烟厂办公区,,17,NA,16,6,6,52,NA,36,36,10,11,1,3,0.7,0.7
2026-07-28T1300,1919A,108.6726,34.315,咸阳市,实验中学,NA,NA,NA,37,10,22,119,NA,82,82,4,11,7,8,0.3,0.4
2026-07-28T1300,1920A,108.7226,34.3622,咸阳市,师范学院,,33,16,33,9,19,104,NA,75,75,6,11,6,7,0.4,0.5
2026-07-28T1300,1923A,109.0696,35.0699,铜川市,王益区政府,,24,15,24,7,18,74,NA,64,63,4,5,7,7,0.2,0.3
2026-07-28T1300,1924A,108.9345,34.9059,铜川市,新区管委会,,26,22,27,16,18,82,NA,65,65,6,9,6,6,0.5,0.6
2026-07-28T1300,1927A,109.4569,36.6161,延安市,延大医附院,,27,27,28,13,13,69,NA,40,40,4,14,2,2,0.6,0.6
2026-07-28T1300,1929A,109.5053,36.6105,延安市,百米大道,,26,26,33,14,17,68,NA,36,36,2,11,1,2,0.5,0.6
2026-07-28T1300,1931A,107.0802,34.3129,宝鸡市,竹园沟,,42,42,24,27,14,88,NA,38,38,3,3,8,7,0.7,0.9
2026-07-28T1300,1933A,107.1429,34.3549,宝鸡市,监测站,颗粒物(PM10),55,57,31,25,19,106,NA,49,49,6,8,6,8,0.4,0.4
2026-07-28T1300,1934A,107.1172,34.3759,宝鸡市,技工学校,颗粒物(PM10),60,63,30,33,21,95,NA,37,37,5,5,6,6,0.6,0.6
2026-07-28T1300,1936A,107.2025,34.3518,宝鸡市,文理学院,,40,37,34,28,20,109,NA,54,54,9,17,8,8,0.5,0.5
2026-07-28T1300,1937A,107.2396,34.3626,宝鸡市,三迪小学,,47,47,32,25,19,110,NA,60,60,8,11,4,3,0.6,0.6
2026-07-28T1300,1940A,109.4605,34.4927,渭南市,体育馆,,28,17,32,7,17,89,NA,68,68,4,12,8,8,0.4,0.5
2026-07-28T1300,1941A,109.4257,34.5067,渭南市,高新一小,,28,28,31,6,16,88,NA,69,69,2,4,8,8,0.4,0.5
2026-07-28T1300,1944A,102.1691,38.5166,金昌市,天庆家园,,36,36,51,16,18,97,NA,66,66,3,7,11,13,0.1,0.1
2026-07-28T1300,1945A,98.291,39.7705,嘉峪关市,气象局,,39,39,50,9,22,99,NA,103,95,20,16,28,30,1.3,1
2026-07-28T1300,1948A,106.3668,39.0145,石嘴山市,大武口朝阳西街,,34,25,22,14,9,107,NA,73,73,4,6,14,14,0.5,0.5
2026-07-28T1300,1949A,106.7713,39.2278,石嘴山市,惠农南大街,,30,30,22,13,8,85,NA,53,53,5,9,11,12,0.3,0.2
2026-07-28T1300,1950A,106.7074,39.1332,石嘴山市,红果子镇惠新街,,29,22,23,9,6,92,NA,59,59,2,8,7,9,0.7,0.7
2026-07-28T1300,1951A,84.886,45.6029,克拉玛依市,长征新村,NA,NA,46,21,NA,12,86,NA,75,65,13,12,3,3,0.2,0.3
2026-07-28T1300,1952A,84.8894,45.5827,克拉玛依市,南林小区,,25,13,21,0,2,78,NA,78,62,12,7,6,6,0.1,0.1
2026-07-28T1300,1954A,84.896,44.3328,克拉玛依市,独山子区,,34,11,27,0,6,106,NA,87,87,3,6,7,6,0.3,0.3
2026-07-28T1300,1955A,85.6888,46.0909,克拉玛依市,乌尔禾区商贸楼,,36,14,31,9,14,114,NA,78,75,6,8,7,8,0.3,0.4
2026-07-28T1300,1956A,86.1476,41.7529,巴音郭楞蒙古自治州,孔雀公园,,34,17,44,4,14,107,NA,97,97,10,21,7,6,0.3,0.4
2026-07-28T1300,1957A,86.1971,41.7166,巴音郭楞蒙古自治州,棉纺厂,,37,34,51,4,18,117,NA,99,99,4,19,/,/,/,/
2026-07-28T1300,1958A,86.236,41.7172,巴音郭楞蒙古自治州,经济开发区,,36,30,40,4,11,113,NA,103,103,6,9,4,4,0.2,0.2
2026-07-28T1300,1961A,117.5323,36.6865,济南市,东山小学,,39,37,25,15,8,124,NA,83,83,6,17,4,4,0.3,0.3
2026-07-28T1300,1982A,122.0693,37.2175,威海市,文登开发区,,27,12,17,2,13,86,NA,86,86,7,8,/,/,/,/
2026-07-28T1300,2031A,113.1836,27.9959,株洲市,云田中学,,16,16,12,9,6,50,NA,34,34,6,4,8,8,0.5,0.3
2026-07-28T1300,2054A,114.1096,32.1059,信阳市,平桥分局,,18,7,14,3,7,57,NA,45,45,2,7,6,6,0.3,0.4
2026-07-28T1300,2064A,113.9956,32.1272,信阳市,南湾水厂,,18,NA,15,10,7,55,NA,40,40,4,8,6,6,0.4,0.4
2026-07-28T1300,2065A,114.078,32.1194,信阳市,市酿酒公司,,18,11,18,7,7,55,NA,45,45,2,7,4,5,0.4,0.4
2026-07-28T1300,2066A,114.0712,32.1393,信阳市,审计局,,22,22,20,3,9,59,NA,47,47,4,8,6,7,0.3,0.4
2026-07-28T1300,2068A,114.6755,33.6347,周口市,周口师范,颗粒物(PM10),64,69,40,32,19,47,NA,41,41,6,8,2,3,0.7,0.7
2026-07-28T1300,2160A,112.8496,35.5051,晋城市,自来水公司,,25,8,18,2,4,80,NA,64,62,4,6,4,4,0.3,0.3
2026-07-28T1300,2162A,112.8509,35.4886,晋城市,市环保局,,23,19,29,1,8,73,NA,57,56,3,5,3,3,0.4,0.4
2026-07-28T1300,2166A,112.4399,39.3521,朔州市,平朔,,41,27,32,14,16,130,NA,104,104,3,6,5,6,0.2,0.2
2026-07-28T1300,2167A,112.4574,39.362,朔州市,朔唯,,41,31,33,14,17,131,NA,108,108,2,6,5,5,/,/
2026-07-28T1300,2168A,112.426,39.3199,朔州市,区政府,,40,32,29,16,13,126,NA,104,104,4,6,8,6,0.4,0.4
2026-07-28T1300,2169A,112.4075,39.3277,朔州市,市环保局,,40,24,32,17,18,127,NA,106,106,4,6,4,4,/,/
2026-07-28T1300,2170A,112.4273,39.3682,朔州市,市二中,,41,25,33,6,14,130,NA,103,103,4,8,5,4,/,/
2026-07-28T1300,2174A,112.6992,37.6984,晋中市,榆次区政府,,40,27,20,16,17,125,NA,89,89,1,3,7,7,0.5,0.8
2026-07-28T1300,2175A,110.996,35.0148,运城市,运城中学,,25,16,24,4,16,77,NA,65,65,3,4,3,3,0.4,0.5
2026-07-28T1300,2178A,110.9685,35.0305,运城市,地区技校,,32,32,24,11,14,88,NA,74,74,3,3,3,3,0.7,0.8
2026-07-28T1300,2181A,112.7313,38.457,忻州市,开发区,,39,24,30,18,20,124,NA,97,97,8,11,6,5,0.6,0.7
2026-07-28T1300,2182A,112.7023,38.4932,忻州市,会展中心,NA,NA,NA,33,21,22,127,NA,90,90,6,11,6,6,NA,0.6
2026-07-28T1300,2183A,111.1447,37.5212,吕梁市,环保局,,36,NA,33,19,21,115,NA,67,67,4,13,7,7,0.3,0.3
2026-07-28T1300,2185A,111.1285,37.5338,吕梁市,自来水公司,,36,NA,40,21,17,114,NA,51,51,5,18,5,4,0.5,0.5
2026-07-28T1300,2187A,106.8172,39.6972,乌海市,市林业局,,28,28,33,17,12,89,NA,64,64,10,11,10,11,0.6,0.5
2026-07-28T1300,2188A,106.7907,39.6666,乌海市,中海勃湾学校,,31,18,25,15,11,97,NA,72,72,6,10,12,13,0.5,0.3
2026-07-28T1300,2191A,122.253,43.6801,通辽市,艺术职业学校,,46,32,39,30,27,147,NA,118,118,5,7,5,5,0.6,0.4
2026-07-28T1300,2195A,107.4206,40.7609,巴彦淖尔市,附二中,,28,24,29,16,13,88,NA,70,70,5,8,13,13,0.5,0.7
2026-07-28T1300,2196A,107.37,40.7372,巴彦淖尔市,市环保大楼,,40,40,39,12,12,86,NA,72,72,3,4,11,11,0.7,0.6
2026-07-28T1300,2197A,113.1306,40.9924,乌兰察布市,集宁新区,,45,38,36,24,21,142,NA,103,103,6,10,10,11,0.4,0.5
2026-07-28T1300,2202A,116.1048,43.9318,锡林郭勒盟,市环保监测站,,41,NA,24,26,14,130,NA,108,108,5,6,11,9,0.4,0.3
2026-07-28T1300,2203A,116.0778,43.9312,锡林郭勒盟,市政府,,40,9,18,1,16,125,NA,103,103,4,5,8,7,0.4,0.3
2026-07-28T1300,2205A,105.699,38.8409,阿拉善盟,蒙二幼,,31,18,18,5,6,97,NA,92,92,2,3,10,10,0.4,0.4
2026-07-28T1300,2206A,105.7198,38.8508,阿拉善盟,环保局新楼,,30,15,15,5,7,96,NA,90,90,3,3,9,9,0.5,0.5
2026-07-28T1300,2207A,121.6095,41.9978,阜新市,工业园区,,41,34,45,6,27,131,NA,102,102,7,12,6,9,0.7,0.8
2026-07-28T1300,2208A,121.6567,42.0188,阜新市,长青街,,41,40,42,7,31,131,NA,102,102,5,9,11,12,0.7,0.7
2026-07-28T1300,2209A,121.6672,42.07,阜新市,农业园区,NA,NA,NA,85,6,29,132,NA,105,105,7,11,5,5,0.8,1
2026-07-28T1300,2211A,121.6343,42.0455,阜新市,玉龙新城,,41,29,44,7,20,130,NA,99,99,7,11,3,3,0.8,0.9
2026-07-28T1300,2212A,123.1978,41.2036,辽阳市,宏伟区,颗粒物(PM10),52,52,29,15,32,144,NA,127,127,5,9,5,9,0.6,0.8
2026-07-28T1300,2213A,123.1684,41.2497,辽阳市,新华园,臭氧1小时(O3_1h),72,36,63,14,38,177,NA,150,150,9,16,10,7,1.0,1.1
2026-07-28T1300,2214A,123.2355,41.2663,辽阳市,滨河路,"颗粒物(PM10),臭氧1小时(O3_1h)",54,55,55,29,39,163,NA,128,128,6,12,6,7,0.6,1.1
2026-07-28T1300,2217A,123.865,42.292,铁岭市,水上乐园,"颗粒物(PM10),臭氧1小时(O3_1h)",55,57,45,19,32,164,NA,117,117,10,18,9,8,0.8,0.6
2026-07-28T1300,2219A,123.7158,42.2218,铁岭市,金沙江路北,臭氧1小时(O3_1h),53,46,52,22,47,162,NA,119,119,9,17,16,17,0.8,0.7
2026-07-28T1300,2220A,120.4318,41.588,朝阳市,西梁,颗粒物(PM10),52,52,41,10,22,119,NA,102,102,7,9,10,10,1.0,1.1
2026-07-28T1300,2221A,120.452,41.565,朝阳市,河畔小区,,39,38,34,16,26,122,NA,104,104,5,6,9,10,0.9,1
2026-07-28T1300,2222A,120.4176,41.5648,朝阳市,八里堡,颗粒物(PM10),52,52,41,15,23,117,NA,97,97,7,11,9,8,0.9,1.1
2026-07-28T1300,2226A,124.3744,43.1842,四平市,境园,颗粒物(PM10),53,53,37,34,33,139,NA,109,109,5,9,4,5,0.9,0.6
2026-07-28T1300,2227A,125.1359,42.8845,辽源市,环保局,,41,38,36,18,29,129,NA,115,115,1,4,5,5,0.8,0.8
2026-07-28T1300,2229A,125.9359,41.7174,通化市,光明,,31,24,21,11,11,98,NA,80,80,3,8,8,9,0.4,0.4
2026-07-28T1300,2230A,125.9446,41.7323,通化市,铁路,,31,16,18,8,10,97,NA,79,79,6,12,9,8,0.4,0.4
2026-07-28T1300,2231A,126.4219,41.9172,白山市,喜丰,颗粒物(PM10),57,59,35,6,14,108,NA,70,70,5,12,21,22,0.6,0.8
2026-07-28T1300,2232A,126.4082,41.9416,白山市,环保局,,27,18,22,6,8,85,NA,52,52,2,7,10,11,0.5,0.6
2026-07-28T1300,2233A,124.8007,45.1213,松原市,江南,,49,37,34,34,28,101,NA,73,73,4,7,3,2,0.5,0.5
2026-07-28T1300,2234A,124.7967,45.1721,松原市,江北,,36,36,37,22,25,97,NA,72,72,2,6,1,2,0.4,0.5
2026-07-28T1300,2235A,122.7909,45.608,白城市,洮北区环保局,,29,27,26,17,18,92,NA,60,60,3,4,4,4,0.4,0.4
2026-07-28T1300,2236A,122.8741,45.5725,白城市,市环保局,NA,NA,31,22,15,18,NA,NA,60,NA,6,11,NA,4,0.3,0.3
2026-07-28T1300,2237A,129.4704,42.8885,延边朝鲜族自治州,妇幼医院,,23,23,8,8,3,46,NA,34,34,5,6,6,6,0.5,0.5
2026-07-28T1300,2238A,129.5047,42.9117,延边朝鲜族自治州,延边医院,,18,18,6,7,2,41,NA,35,33,4,4,7,6,0.3,0.3
2026-07-28T1300,2239A,129.395,42.8884,延边朝鲜族自治州,朝阳川镇医院,,15,13,7,10,3,47,NA,34,34,6,5,13,13,0.4,0.3
2026-07-28T1300,2240A,130.9618,45.2926,鸡西市,环保局,,18,9,10,9,8,55,NA,37,37,11,13,2,2,0.2,0.2
2026-07-28T1300,2243A,130.9294,45.2959,鸡西市,第一中学,,18,18,12,3,4,50,NA,34,34,3,8,4,4,0.3,0.2
2026-07-28T1300,2244A,130.2537,47.3416,鹤岗市,哈啤分公司,NA,NA,13,12,NA,NA,65,NA,37,37,11,13,5,5,0.3,0.3
2026-07-28T1300,2245A,130.2683,47.3087,鹤岗市,斯达机电,,24,24,17,11,9,30,NA,27,27,11,14,7,6,0.2,0.2
2026-07-28T1300,2246A,130.3114,47.3388,鹤岗市,东山纸板厂,,15,4,14,4,5,47,NA,27,27,14,17,6,5,0.3,0.2
2026-07-28T1300,2248A,131.1509,46.6936,双鸭山市,双合村,,19,10,10,8,7,58,NA,44,44,4,9,5,6,0.1,0.1
2026-07-28T1300,2249A,131.1651,46.6191,双鸭山市,南小市,,31,31,9,6,4,47,NA,33,33,8,10,7,7,0.4,0.3
2026-07-28T1300,2250A,131.1526,46.6554,双鸭山市,环保局,,15,14,15,7,6,48,NA,36,36,6,6,6,6,0.3,0.2
2026-07-28T1300,2252A,128.8663,47.7199,伊春市,环保局,NA,NA,NA,14,NA,6,65,NA,35,35,6,6,1,2,0.4,0.5
2026-07-28T1300,2253A,128.9014,47.732,伊春市,电力嘉园,,24,8,14,8,8,76,NA,38,38,3,6,4,3,0.7,0.7
2026-07-28T1300,2255A,130.2749,46.8028,佳木斯市,佳纺,,20,20,18,11,7,52,NA,32,32,4,11,3,3,0.3,0.2
2026-07-28T1300,2257A,130.3258,46.7975,佳木斯市,环保局,,20,20,23,2,5,49,NA,31,31,8,17,4,3,0.3,0.3
2026-07-28T1300,2263A,127.4832,50.2524,黑河市,交通局,,22,22,18,8,8,63,NA,44,44,6,7,6,6,0.2,0.2
2026-07-28T1300,2264A,127.5146,50.2339,黑河市,环保局,,21,13,15,8,9,66,NA,44,44,7,8,5,6,0.2,0.2
2026-07-28T1300,2266A,126.9783,46.6365,绥化市,人和东街,,21,20,17,6,7,65,NA,40,40,6,14,9,10,0.5,0.4
2026-07-28T1300,2267A,126.964,46.6527,绥化市,党政办公中心,NA,NA,NA,17,NA,9,69,NA,48,48,9,16,7,9,0.4,0.4
2026-07-28T1300,2269A,124.1068,50.4091,大兴安岭地区,科技局,NA,NA,26,22,15,15,60,NA,10,10,NA,NA,NA,NA,0.2,0
2026-07-28T1300,2270A,117.396,32.9389,蚌埠市,工人疗养院,,34,34,40,5,19,99,NA,65,65,2,12,5,6,0.3,0.3
2026-07-28T1300,2271A,117.3606,32.9428,蚌埠市,百货大楼,,32,22,30,7,13,100,NA,65,65,7,14,10,9,0.7,0.7
2026-07-28T1300,2273A,117.4183,32.8909,蚌埠市,蚌埠学院,NA,NA,24,35,2,17,94,NA,58,58,NA,11,4,5,0.4,0.4
2026-07-28T1300,2274A,117.3534,32.9672,蚌埠市,淮上区政府,,33,24,34,5,15,104,NA,64,64,3,13,4,4,0.4,0.5
2026-07-28T1300,2275A,117.3143,32.8977,蚌埠市,高新区,,31,27,38,6,18,98,NA,59,59,5,12,10,11,0.5,0.5
2026-07-28T1300,2277A,116.8304,32.7726,淮南市,潘集区政府,,38,23,34,9,17,121,NA,72,72,7,12,6,6,0.4,0.4
2026-07-28T1300,2279A,116.8569,32.5949,淮南市,谢家集区政府,,38,23,28,10,19,121,NA,76,76,7,13,8,11,0.2,0.4
2026-07-28T1300,2280A,116.8279,32.6333,淮南市,八公山区政府,NA,NA,30,36,12,20,122,NA,74,74,NA,8,5,6,0.2,0.3
2026-07-28T1300,2282A,116.8005,33.9749,淮北市,监测站,,42,40,37,19,22,132,NA,73,73,8,10,3,3,0.3,0.4
2026-07-28T1300,2283A,116.8094,33.9008,淮北市,烈山区政府,,41,41,40,17,23,127,NA,70,70,7,8,3,5,0.5,0.5
2026-07-28T1300,2285A,117.8176,30.9412,铜陵市,市第四中学,,22,10,21,1,4,69,NA,57,57,1,6,8,9,0.3,0.3
2026-07-28T1300,2287A,117.7806,30.9413,铜陵市,市新民污水厂,,22,8,23,0,11,69,NA,50,50,6,12,13,11,0.6,0.6
2026-07-28T1300,2289A,117.846,30.9414,铜陵市,车站新区,,22,NA,19,1,6,70,NA,53,53,4,10,12,13,0.4,0.5
2026-07-28T1300,2290A,117.8472,30.9699,铜陵市,市职教基地,,22,16,18,2,6,70,NA,53,53,4,8,8,9,0.5,0.5
2026-07-28T1300,2291A,117.0806,30.5181,安庆市,环科院,,22,5,24,1,14,68,NA,35,35,4,14,9,10,0.6,0.9
2026-07-28T1300,2292A,117.0331,30.5118,安庆市,马山宾馆,,22,9,22,4,14,70,NA,34,34,11,12,2,3,0.6,0.8
2026-07-28T1300,2294A,116.9897,30.6146,安庆市,安庆大学,,27,14,22,5,12,84,NA,41,41,7,8,3,3,0.4,0.5
2026-07-28T1300,2295A,118.2905,29.6965,黄山市,延安路89号,,20,8,16,2,7,63,NA,38,38,1,6,3,3,0.4,0.4
2026-07-28T1300,2297A,118.1369,30.2755,黄山市,黄山区政府5号楼,,20,15,20,0,7,64,NA,38,38,2,4,3,4,0.4,0.5
2026-07-28T1300,2301A,115.8276,32.8929,阜阳市,市监测站,,30,24,33,6,24,93,NA,69,69,8,15,6,6,0.5,0.6
2026-07-28T1300,2303A,115.8551,32.8606,阜阳市,开发区,,40,40,41,10,23,94,NA,60,60,7,17,4,4,0.5,0.5
2026-07-28T1300,2307A,116.5078,31.7369,六安市,监测大楼,,21,8,15,4,17,65,NA,49,49,3,9,4,5,0.4,0.5
2026-07-28T1300,2308A,116.4738,31.7642,六安市,皖西学院,,25,9,16,8,13,78,NA,52,52,2,6,7,7,0.5,0.5
2026-07-28T1300,2309A,116.4997,31.7904,六安市,朝阳厂,,21,NA,12,7,15,67,NA,42,42,5,10,2,1,0.3,0.3
2026-07-28T1300,2310A,116.5566,31.7885,六安市,开发区,,21,7,17,4,15,66,NA,49,49,2,6,5,5,0.2,0.3
2026-07-28T1300,2311A,115.8071,33.8399,亳州市,污水处理厂,,40,39,30,19,20,127,NA,70,70,8,9,2,2,0.8,0.7
2026-07-28T1300,2312A,115.7789,33.8519,亳州市,三国揽胜宫,,37,37,30,22,21,111,NA,62,62,4,5,3,4,0.5,0.4
2026-07-28T1300,2314A,117.4698,30.6617,池州市,池州学院,,18,NA,23,3,12,55,NA,42,42,5,15,4,5,0.4,0.6
2026-07-28T1300,2316A,118.7578,30.9457,宣城市,鳌峰子站,NA,NA,23,20,5,9,78,NA,46,46,2,6,NA,7,0.3,0.4
2026-07-28T1300,2317A,118.7384,30.9745,宣城市,敬亭山子站,,25,11,19,10,10,77,NA,42,42,2,7,7,7,0.1,0.2
2026-07-28T1300,2318A,118.7172,30.9428,宣城市,开发区子站,,28,17,19,8,10,87,NA,50,50,2,5,8,8,0.2,0.2
2026-07-28T1300,2319A,119.0142,25.4324,莆田市,荔城区仓后路,,30,20,14,10,5,94,NA,45,45,6,11,/,/,/,/
2026-07-28T1300,2320A,119.0016,25.4553,莆田市,莆田市监测站,,30,10,15,3,3,96,NA,NA,NA,6,7,4,4,0.4,0.3
2026-07-28T1300,2321A,119.112,25.4561,莆田市,涵江区六中,,32,14,16,4,5,101,NA,52,52,4,10,/,/,0.4,0.5
2026-07-28T1300,2322A,119.1014,25.3215,莆田市,秀屿区政府,,32,31,17,10,7,102,NA,52,52,5,10,7,6,0.8,0.7
2026-07-28T1300,2324A,117.621,26.2626,三明市,三钢,,19,19,13,6,7,39,NA,28,28,13,9,10,5,1.2,0.5
2026-07-28T1300,2325A,117.6352,26.2714,三明市,三明二中,,35,35,16,12,7,39,NA,27,27,14,9,5,4,0.9,0.5
2026-07-28T1300,2326A,117.6028,26.2377,三明市,三元区政府,,27,27,15,11,7,39,NA,28,28,9,9,6,6,0.7,0.6
2026-07-28T1300,2332A,118.1682,26.6371,南平市,南平市监测站,,18,10,11,3,3,57,NA,38,38,3,6,4,4,0.3,0.3
2026-07-28T1300,2334A,118.1757,26.6276,南平市,南平七中,,18,15,15,3,2,57,NA,38,38,2,4,3,4,0.3,0.3
2026-07-28T1300,2336A,117.022,25.1031,龙岩市,龙岩市监测站,,15,9,7,5,4,48,NA,37,37,10,6,5,5,0.3,0.1
2026-07-28T1300,2337A,117.0257,25.0662,龙岩市,闽西职业技术学院,,17,8,7,5,3,53,NA,39,39,6,4,6,6,0.4,0.3
2026-07-28T1300,2338A,117.0195,25.0306,龙岩市,龙岩学院,,22,9,8,6,4,68,NA,42,42,7,6,3,3,/,/
2026-07-28T1300,2341A,119.5387,26.6611,宁德市,宁德市监测站,,49,49,21,19,9,105,NA,54,54,5,7,9,6,1.0,0.9
2026-07-28T1300,2343A,117.2114,29.2931,景德镇市,老干部活动中心,,22,10,12,7,6,70,NA,45,45,3,8,4,4,0.7,0.7
2026-07-28T1300,2344A,117.1893,29.2789,景德镇市,兽医站,,20,18,22,3,4,61,NA,43,43,2,4,4,4,0.4,0.5
2026-07-28T1300,2346A,117.246,29.2958,景德镇市,陶研所,,20,12,10,6,5,63,NA,42,42,5,8,4,4,0.4,0.4
2026-07-28T1300,2348A,113.8384,27.6436,萍乡市,中医院,,20,20,13,10,4,35,NA,28,28,14,8,11,8,1.1,0.7
2026-07-28T1300,2350A,113.8677,27.6438,萍乡市,市环保局,,22,22,16,5,5,51,NA,34,34,10,5,7,4,0.7,0.4
2026-07-28T1300,2351A,113.8663,27.6202,萍乡市,安源区政府,,18,18,16,11,7,51,NA,27,27,6,11,7,8,0.7,0.7
2026-07-28T1300,2353A,114.9887,27.8433,新余市,飞宇,,18,16,19,2,4,55,NA,36,36,5,9,2,3,0.5,0.5
2026-07-28T1300,2354A,114.9234,27.8248,新余市,第二水厂,,22,11,11,2,3,68,NA,48,48,6,6,5,4,0.6,0.5
2026-07-28T1300,2355A,114.931,27.8037,新余市,市气象局,,20,17,16,1,3,62,NA,41,41,5,6,1,2,0.0,0.5
2026-07-28T1300,2358A,117.0561,28.2641,鹰潭市,新监测站,,20,15,25,3,11,62,NA,38,38,2,7,4,16,0.4,0.5
2026-07-28T1300,2359A,117.0312,28.2474,鹰潭市,财苑宾馆,,24,24,25,4,6,66,NA,37,37,2,6,6,11,/,/
2026-07-28T1300,2360A,117.0221,28.2263,鹰潭市,体育馆,,25,25,23,4,5,57,NA,32,32,5,7,6,7,0.4,0.5
2026-07-28T1300,2363A,114.9368,25.8663,赣州市,地委,,20,15,18,3,5,61,NA,40,40,2,5,2,2,0.0,0.1
2026-07-28T1300,2364A,114.946,25.8483,赣州市,气象台,,20,20,24,11,4,53,NA,35,35,2,5,3,4,0.3,0.5
2026-07-28T1300,2365A,114.932,25.8332,赣州市,市图书馆,,20,12,12,5,4,62,NA,48,48,3,4,4,4,0.4,0.8
2026-07-28T1300,2366A,114.8905,25.8472,赣州市,华坚鞋城,,21,21,20,2,8,56,NA,37,37,3,5,1,1,0.2,0.3
2026-07-28T1300,2367A,114.9753,27.0803,吉安市,红声器材厂,NA,NA,NA,22,4,4,54,NA,38,38,3,4,NA,9,0.2,0.2
2026-07-28T1300,2369A,114.9903,27.1313,吉安市,市环境监测站,,17,12,16,4,3,53,NA,36,36,2,4,9,10,/,/
2026-07-28T1300,2370A,115.009527,27.096792,吉安市,青原区法院,,17,16,17,2,3,53,NA,39,39,3,5,8,8,0.2,0.2
2026-07-28T1300,2373A,114.3954,27.7843,宜春市,市石油公司,,25,23,18,17,3,45,NA,41,39,2,3,10,8,0.3,0.3
2026-07-28T1300,2374A,114.37,27.7916,宜春市,市气象局,NA,NA,NA,20,NA,2,NA,NA,39,NA,NA,4,NA,2,NA,0.6
2026-07-28T1300,2375A,114.401,27.8059,宜春市,市广电局,,20,20,13,11,4,49,NA,40,40,3,6,1,1,0.3,0.4
2026-07-28T1300,2377A,116.3544,27.9833,抚州市,市站,,19,14,14,3,4,60,NA,50,50,2,4,2,2,0.7,0.7
2026-07-28T1300,2378A,116.3562,27.9631,抚州市,血防站,,17,17,15,2,3,54,NA,44,44,3,4,6,6,0.5,0.5
2026-07-28T1300,2379A,116.3561,28.0007,抚州市,采茶剧团,,20,11,14,2,3,63,NA,50,50,3,4,15,14,0.4,0.4
2026-07-28T1300,2380A,116.3854,27.9648,抚州市,医学分院,NA,NA,NA,11,2,3,60,NA,50,50,1,3,NA,4,0.6,0.7
2026-07-28T1300,2382A,117.9758,28.4439,上饶市,市监测站,,20,16,22,2,5,62,NA,50,50,3,5,6,6,/,/
2026-07-28T1300,2383A,117.9521,28.4637,上饶市,凤凰光学,,23,13,22,4,8,73,NA,50,50,3,6,4,4,0.3,0.3
2026-07-28T1300,2385A,114.17,35.9019,鹤壁市,市监测站,,29,20,32,17,24,92,NA,66,66,2,5,2,4,0.6,0.6
2026-07-28T1300,2386A,114.2953,35.7512,鹤壁市,市交警支队,,26,NA,27,3,13,81,NA,52,52,4,13,9,5,0.5,0.6
2026-07-28T1300,2387A,114.2877,35.7302,鹤壁市,迎宾馆,NA,NA,17,20,0,13,89,NA,62,62,3,7,NA,3,0.5,0.5
2026-07-28T1300,2389A,113.836,35.3104,新乡市,环保西院,,31,29,23,18,13,98,NA,71,71,1,7,6,7,0.7,0.7
2026-07-28T1300,2390A,113.8847,35.2724,新乡市,开发区,NA,NA,16,23,11,10,91,NA,70,70,5,9,NA,7,0.6,0.6
2026-07-28T1300,2391A,113.8836,35.3028,新乡市,环保东院,,31,23,33,15,10,98,NA,70,70,4,9,4,5,0.5,0.5
2026-07-28T1300,2392A,115.0312,35.7636,濮阳市,环保局,,20,6,26,2,12,62,NA,64,64,5,9,2,6,0.7,0.7
2026-07-28T1300,2398A,113.7904,33.9949,许昌市,开发区,,18,12,19,6,12,55,NA,52,52,5,8,3,3,0.7,0.6
2026-07-28T1300,2399A,114.051,33.5721,漯河市,三五一五工厂,,19,NA,19,13,15,49,NA,47,47,9,11,4,5,0.3,0.3
2026-07-28T1300,2400A,114.0055,33.5698,漯河市,漯河大学,,23,NA,26,16,15,53,NA,48,48,8,11,5,6,0.4,0.4
2026-07-28T1300,2401A,114.0134,33.5826,漯河市,市水利局,,23,NA,15,16,13,52,NA,45,45,7,11,5,6,0.5,0.5
2026-07-28T1300,2402A,114.0261,33.5697,漯河市,市广电局,,19,7,17,3,11,58,NA,51,51,5,7,3,4,0.5,0.4
2026-07-28T1300,2404A,112.5338,33.0086,南阳市,瓦房庄,,25,25,22,5,9,57,NA,57,57,4,7,6,6,0.6,0.6
2026-07-28T1300,2405A,112.5002,32.9734,南阳市,汉画馆,,23,23,17,7,9,68,NA,64,64,4,7,6,7,0.5,0.5
2026-07-28T1300,2406A,112.5778,33.0144,南阳市,气象站,,19,13,15,2,8,59,NA,57,57,5,9,6,6,0.5,0.5
2026-07-28T1300,2407A,112.548,32.9687,南阳市,理工学院,,22,15,18,5,11,68,NA,62,62,4,8,7,7,0.4,0.4
2026-07-28T1300,2408A,115.6701,34.4283,商丘市,环境监测站,,15,15,46,3,22,48,NA,40,36,6,7,4,5,0.4,0.5
2026-07-28T1300,2409A,115.6458,34.4047,商丘市,粮食局,NA,NA,NA,40,4,19,49,NA,41,40,8,7,4,4,0.3,0.4
2026-07-28T1300,2420A,114.0194,32.9648,驻马店市,市一纸厂,,14,NA,32,5,15,42,NA,NA,NA,2,5,4,5,0.5,0.5
2026-07-28T1300,2421A,114.0112,33.0149,驻马店市,市彩印厂,,38,38,48,2,15,46,NA,33,33,1,10,5,5,0.2,0.3
2026-07-28T1300,2423A,115.0547,30.2332,黄石市,沈家营,,39,39,24,3,5,66,NA,36,36,4,10,5,4,0.2,0.6
2026-07-28T1300,2426A,114.899,30.211,黄石市,铁山,,19,13,17,2,5,58,NA,41,41,2,6,4,4,0.3,0.3
2026-07-28T1300,2427A,115.0259,30.2108,黄石市,团城山,,21,NA,17,4,4,66,NA,42,42,1,4,4,4,0.6,0.7
2026-07-28T1300,2429A,110.78,32.6494,十堰市,滨河新村,,18,15,13,7,6,55,NA,43,42,9,7,/,/,0.9,0.8
2026-07-28T1300,2430A,110.7305,32.6408,十堰市,刘家沟,,19,19,12,3,7,56,NA,39,39,6,4,/,/,/,/
2026-07-28T1300,2431A,110.8843,32.5712,十堰市,铁二处,,23,19,14,16,8,68,NA,43,43,9,7,8,8,0.7,0.6
2026-07-28T1300,2432A,112.1555,32.0197,襄阳市,襄城运动路,,14,8,12,6,5,43,NA,28,28,9,14,8,8,0.4,0.3
2026-07-28T1300,2434A,112.1829,32.1146,襄阳市,高新管委会,,22,18,17,15,11,52,NA,35,35,10,19,7,6,0.5,0.5
2026-07-28T1300,2435A,112.2105,32.0903,襄阳市,襄州航空路,,22,22,17,10,7,54,NA,31,31,6,13,7,7,0.5,0.5
2026-07-28T1300,2436A,114.894,30.3989,鄂州市,市政府,,22,12,18,3,5,70,NA,46,46,6,10,3,2,0.2,0.2
2026-07-28T1300,2437A,114.8986,30.3714,鄂州市,赵家坝,,21,14,18,2,5,67,NA,40,40,8,9,6,6,0.4,0.4
2026-07-28T1300,2439A,112.2012,31.048,荆门市,竹园小学,,19,11,14,5,9,58,NA,46,46,6,7,4,4,0.8,0.8
2026-07-28T1300,2440A,112.1968,30.9892,荆门市,掇刀,,24,24,16,8,8,58,NA,41,41,8,8,6,7,0.6,0.5
2026-07-28T1300,2444A,113.9062,30.9378,孝感市,东城区,,24,22,19,2,2,74,NA,45,45,9,7,6,7,0.6,0.5
2026-07-28T1300,2446A,114.9021,30.474,黄冈市,职工中心,,22,9,10,2,5,68,NA,45,45,4,5,6,6,0.4,0.4
2026-07-28T1300,2451A,113.3587,31.7275,随州市,市委党校,,20,20,15,2,4,57,NA,43,43,3,4,4,4,0.8,0.8
2026-07-28T1300,2452A,113.3745,31.6926,随州市,市林业局,,21,9,11,2,4,67,NA,52,52,2,4,2,2,0.5,0.5
2026-07-28T1300,2453A,113.3984,31.7309,随州市,市立交桥水厂,,16,12,12,3,2,51,NA,NA,NA,4,4,3,3,0.5,0.4
2026-07-28T1300,2454A,109.4978,30.2979,恩施土家族苗族自治州,湖北民院,,22,17,16,4,6,69,NA,39,39,6,4,5,5,0.4,0.4
2026-07-28T1300,2457A,112.6209,26.9268,衡阳市,衡阳化工总厂,,24,20,14,11,5,74,NA,44,44,4,6,5,4,0.5,0.5
2026-07-28T1300,2458A,112.621,26.8957,衡阳市,珠晖区环保局,,26,26,15,13,3,71,NA,41,41,5,9,6,7,0.8,0.7
2026-07-28T1300,2459A,112.628,26.8654,衡阳市,市委党校,,26,24,14,15,7,81,NA,47,47,3,4,4,4,0.4,0.3
2026-07-28T1300,2460A,112.6007,26.8977,衡阳市,市监测站,,27,12,13,1,6,85,NA,51,51,5,7,2,1,0.7,0.7
2026-07-28T1300,2461A,112.5658,26.9013,衡阳市,真空机电公司,,32,23,14,22,8,88,NA,52,52,8,8,9,7,1.0,0.8
2026-07-28T1300,2464A,111.5277,27.2442,邵阳市,市化工厂,,38,NA,16,26,13,65,NA,39,39,2,4,5,9,0.4,0.3
2026-07-28T1300,2466A,111.4327,27.2276,邵阳市,市环保局,,30,28,16,21,13,63,NA,40,40,5,7,3,3,0.5,0.4
2026-07-28T1300,2468A,112.3458,28.581,益阳市,市环保局,,20,14,15,7,6,63,NA,38,38,2,5,6,6,0.7,0.7
2026-07-28T1300,2473A,113.0116,25.8228,郴州市,市职中,,25,NA,12,17,8,65,NA,56,56,4,3,6,7,0.6,0.6
2026-07-28T1300,2475A,113.0381,25.8074,郴州市,市审计局,,23,21,15,16,21,58,NA,44,44,6,5,10,9,/,/
2026-07-28T1300,2476A,113.0348,25.7757,郴州市,市环保局,,21,20,13,14,8,66,NA,54,54,5,4,10,11,0.6,0.5
2026-07-28T1300,2478A,111.6126,26.4266,永州市,市环境监测站,,24,10,14,8,10,74,NA,49,49,5,7,6,8,0.7,0.7
2026-07-28T1300,2480A,111.6248,26.3803,永州市,永州市环保局,,22,NA,16,7,9,70,NA,45,45,2,4,4,6,0.5,0.5
2026-07-28T1300,2481A,111.5989,26.4523,永州市,冷水滩区环保局,,23,14,14,6,6,72,NA,56,56,4,6,6,10,0.5,0.5
2026-07-28T1300,2483A,109.9297,27.5383,怀化市,河西地税局,,19,12,12,6,6,59,NA,31,31,8,10,6,6,/,/
2026-07-28T1300,2484A,109.9783,27.5342,怀化市,市四医院,,22,12,13,4,7,68,NA,44,44,6,6,4,6,0.3,0.3
2026-07-28T1300,2485A,109.9971,27.5579,怀化市,监测楼,,23,8,12,7,7,71,NA,46,46,5,6,6,7,0.3,0.2
2026-07-28T1300,2488A,111.9984,27.7346,娄底市,市监测站,NA,NA,29,15,18,8,50,NA,33,33,3,6,NA,6,0.4,0.4
2026-07-28T1300,2491A,111.9888,27.7035,娄底市,市政府,,24,24,13,14,9,53,NA,30,30,3,5,2,2,0.4,0.3
2026-07-28T1300,2493A,109.7298,28.3164,湘西土家族苗族自治州,州政府,NA,NA,NA,14,2,3,45,NA,27,27,1,4,4,4,0.5,0.5
2026-07-28T1300,2494A,109.6957,28.2676,湘西土家族苗族自治州,吉首市计生局,,17,NA,9,2,5,54,NA,32,32,2,5,4,4,0.1,0.2
2026-07-28T1300,2496A,111.3126,23.4772,梧州市,市十一中,,32,32,25,16,12,60,NA,33,33,6,19,9,9,0.3,0.4
2026-07-28T1300,2498A,111.26,23.4794,梧州市,龙新,NA,NA,26,31,9,7,74,NA,39,39,7,19,NA,8,0.3,0.2
2026-07-28T1300,2499A,108.3411,21.6159,防城港市,沙万,,39,39,24,11,9,54,NA,54,51,14,13,4,5,0.7,0.7
2026-07-28T1300,2500A,108.3515,21.7733,防城港市,防城档案局,,19,13,22,9,12,60,NA,44,44,9,5,7,3,1.0,0.6
2026-07-28T1300,2501A,108.3506,21.6414,防城港市,大海花园,,23,23,20,14,12,60,NA,58,56,10,8,8,8,0.7,0.5
2026-07-28T1300,2502A,108.6238,21.9667,钦州市,市环保站,,23,14,20,3,8,72,NA,55,55,4,7,5,6,0.7,0.7
2026-07-28T1300,2503A,108.655,21.9481,钦州市,沙埠小学,,21,11,32,10,10,66,NA,52,52,2,8,6,7,0.5,0.5
2026-07-28T1300,2504A,108.5989,21.7435,钦州市,港区一小,,24,16,28,1,9,75,NA,48,48,4,8,4,4,0.7,0.7
2026-07-28T1300,2506A,109.604387,23.066791,贵港市,江南子站,NA,NA,NA,NA,NA,NA,NA,NA,NA,NA,NA,NA,NA,NA,NA,NA
2026-07-28T1300,2508A,109.5669,23.1065,贵港市,荷城子站,,25,19,28,16,18,78,NA,50,50,5,8,8,7,0.8,0.9
2026-07-28T1300,2511A,110.1433,22.6162,玉林市,南江一中,,23,23,20,14,18,61,NA,48,48,4,8,1,2,0.3,0.3
2026-07-28T1300,2512A,106.6102,23.901,百色市,市监测站,,15,NA,27,9,20,48,NA,25,25,9,12,8,11,0.5,0.5
2026-07-28T1300,2513A,106.6524,23.8842,百色市,市中心血站,,14,10,38,7,25,42,NA,23,23,10,13,9,14,0.3,0.4
2026-07-28T1300,2514A,111.5264,24.4178,贺州市,环保小区,,20,17,28,13,21,62,NA,46,46,4,9,10,10,0.3,0.3
2026-07-28T1300,2515A,111.561,24.4074,贺州市,政协大楼,,21,21,22,13,20,61,NA,62,62,7,11,13,12,0.7,0.6
2026-07-28T1300,2517A,108.0496,24.6957,河池市,市环保站,,19,13,23,4,12,60,NA,45,42,6,6,4,5,0.8,0.7
2026-07-28T1300,2520A,109.2203,23.7252,来宾市,来宾技工学校,,29,29,46,12,26,81,NA,58,58,7,10,5,5,0.7,0.8
2026-07-28T1300,2521A,107.3473,22.4137,崇左市,市环保局江州分局,,29,21,29,15,19,91,NA,45,45,7,9,7,6,0.7,0.6
2026-07-28T1300,2524A,105.8211,32.4444,广元市,老城,,25,12,15,3,4,77,NA,40,40,3,10,4,7,0.2,0.3
2026-07-28T1300,2526A,105.8629,32.429,广元市,监测站,,25,16,26,0,2,77,NA,41,41,5,10,1,5,0.5,0.4
2026-07-28T1300,2528A,105.5581,30.5231,遂宁市,市监测站,,36,20,16,13,6,113,NA,81,81,5,6,7,8,0.6,0.6
2026-07-28T1300,2530A,105.5917,30.4727,遂宁市,美宁食品公司,,34,7,13,6,4,107,NA,84,84,6,8,6,7,0.6,0.6
2026-07-28T1300,2531A,105.0703,29.61,内江市,市监测站,,30,26,20,16,14,94,NA,53,53,9,11,8,8,0.4,0.4
2026-07-28T1300,2533A,105.0657,29.5807,内江市,内江二中,,27,NA,20,15,14,84,NA,49,49,7,10,7,7,0.4,0.3
2026-07-28T1300,2534A,105.0407,29.5828,内江市,内江日报社,,32,NA,15,22,15,75,NA,54,54,9,9,10,10,0.3,0.3
2026-07-28T1300,2536A,103.7629,29.5844,乐山市,牛耳桥,,30,24,18,10,8,93,NA,78,66,8,11,6,5,0.8,0.8
2026-07-28T1300,2537A,103.7501,29.6002,乐山市,市第三水厂,NA,NA,19,16,14,11,92,NA,81,71,10,9,3,3,NA,0.9
2026-07-28T1300,2538A,103.7571,29.5664,乐山市,市监测站,,30,20,18,12,10,93,NA,79,69,6,8,2,3,0.7,0.7
2026-07-28T1300,2540A,103.8414,30.0871,眉山市,气象局,,31,15,17,6,5,98,NA,71,71,8,10,7,6,0.8,0.8
2026-07-28T1300,2544A,106.6307,30.4577,广安市,市委,,34,NA,15,17,17,108,NA,74,74,7,8,10,11,0.4,0.4
2026-07-28T1300,2545A,106.6266,30.4662,广安市,友谊中学,,34,NA,19,11,15,108,NA,80,80,6,7,11,12,0.5,0.4
2026-07-28T1300,2547A,106.6386,30.4551,广安市,广电花园,,34,NA,16,14,15,107,NA,74,74,6,8,9,9,0.6,0.6
2026-07-28T1300,2549A,107.5087,31.2186,达州市,市环境监测站,,38,35,29,7,13,119,NA,64,64,8,13,6,8,0.3,0.3
2026-07-28T1300,2550A,107.4988,31.2132,达州市,凤凰小区,,40,29,24,10,12,125,NA,72,72,7,13,6,7,0.3,0.3
2026-07-28T1300,2551A,107.5081,31.1987,达州市,达县机关宾馆,,38,29,26,5,11,119,NA,66,66,13,19,6,7,0.3,0.3
2026-07-28T1300,2552A,107.4644,31.2124,达州市,市政中心,,39,22,29,8,10,123,NA,79,79,9,12,6,7,0.2,0.2
2026-07-28T1300,2555A,103.011,29.9833,雅安市,市政府,,22,6,14,4,9,70,NA,91,76,6,7,6,6,0.5,0.5
2026-07-28T1300,2556A,102.9907,29.9778,雅安市,川农大,,22,4,14,2,10,68,NA,81,70,3,5,4,4,0.4,0.4
2026-07-28T1300,2562A,104.6357,30.1508,资阳市,资阳中学,,25,19,15,15,10,80,NA,69,65,6,6,6,6,0.3,0.2
2026-07-28T1300,2565A,104.6297,30.1259,资阳市,区法院,,27,NA,12,18,8,85,NA,72,67,8,6,6,6,0.4,0.3
2026-07-28T1300,2568A,102.2503,31.8896,阿坝藏族羌族自治州,马师校,,30,7,22,7,9,94,NA,43,43,4,4,4,4,0.3,0.3
2026-07-28T1300,2570A,101.96,30.048,甘孜藏族自治州,水桥子,,33,7,7,1,3,103,NA,79,79,2,8,2,3,0.1,0.1
2026-07-28T1300,2573A,102.2629,27.8981,凉山彝族自治州,西昌市政府,,28,22,16,14,13,88,NA,51,51,8,6,9,7,0.5,0.4
2026-07-28T1300,2574A,102.2686,27.885,凉山彝族自治州,凉山州政府,,28,20,17,13,12,89,NA,55,55,7,8,6,6,0.6,0.5
2026-07-28T1300,2577A,104.8293,26.592,六盘水市,黄土坡,,23,14,14,5,9,72,NA,50,50,5,15,4,4,0.4,0.6
2026-07-28T1300,2579A,104.8481,26.5898,六盘水市,民中,,22,8,13,5,10,70,NA,52,52,5,16,1,2,0.4,0.6
2026-07-28T1300,2580A,104.9541,26.5506,六盘水市,双水,,21,7,13,6,7,66,NA,53,53,5,8,5,4,0.3,0.4
2026-07-28T1300,2585A,109.1839,27.7344,铜仁市,铜仁卫校,,24,13,17,8,3,74,NA,43,43,2,4,2,2,0.5,0.4
2026-07-28T1300,2586A,109.1752,27.6945,铜仁市,铜仁七中,,22,10,12,4,3,69,NA,42,42,3,4,5,4,0.4,0.3
2026-07-28T1300,2587A,105.287,27.3133,毕节市,八中,NA,NA,NA,29,NA,14,NA,NA,85,NA,NA,11,NA,7,NA,0.6
2026-07-28T1300,2588A,105.3079,27.2987,毕节市,师专,,35,30,29,24,17,62,NA,24,24,13,15,21,11,0.5,0.6
2026-07-28T1300,2589A,104.9022,25.0943,黔西南布依族苗族自治州,场坝街,,20,9,16,2,8,63,NA,50,50,2,6,4,11,0.3,0.3
2026-07-28T1300,2590A,104.8812,25.0994,黔西南布依族苗族自治州,坪东大道,,20,14,16,3,9,62,NA,42,42,2,6,6,8,0.3,0.3
2026-07-28T1300,2591A,107.9765,26.5724,黔东南苗族侗族自治州,市环境监测站,,21,12,12,11,10,65,NA,41,39,5,5,2,2,0.5,0.4
2026-07-28T1300,2593A,107.5223,26.2371,黔南布依族苗族自治州,小围寨,,24,7,11,4,9,74,NA,35,35,4,6,4,4,0.4,0.4
2026-07-28T1300,2594A,99.1589,25.1137,保山市,市环境监测站,,27,11,13,10,7,85,NA,32,32,6,9,6,6,0.2,0.3
2026-07-28T1300,2595A,99.1616,25.1381,保山市,市环保局,NA,NA,NA,12,2,6,93,NA,34,34,3,7,6,5,0.4,0.4
2026-07-28T1300,2596A,103.7668,27.3736,昭通市,监测站,,23,23,31,13,18,70,NA,50,50,6,9,3,4,0.2,0.2
2026-07-28T1300,2599A,100.2497,26.8802,丽江市,丽江古城,,29,15,13,14,8,91,NA,106,90,8,7,5,6,0.5,0.5
2026-07-28T1300,2600A,100.2203,26.8906,丽江市,市中心,,30,14,11,6,8,96,NA,110,90,6,9,5,6,0.4,0.4
2026-07-28T1300,2601A,100.9801,22.7634,普洱市,市环保局,,28,28,24,10,10,42,NA,25,25,4,4,6,5,1.1,1.1
2026-07-28T1300,2602A,100.9763,22.8237,普洱市,普洱第二中学,,21,21,22,6,7,44,NA,22,22,2,6,4,4,0.4,0.5
2026-07-28T1300,2603A,100.0779,23.8981,临沧市,市环保局,,25,25,13,12,6,32,NA,18,18,8,9,8,9,0.5,0.6
2026-07-28T1300,2604A,100.0894,23.882,临沧市,市气象局,NA,NA,19,18,9,6,42,NA,27,27,5,7,8,7,NA,1.2
2026-07-28T1300,2606A,101.5379,25.0492,楚雄彝族自治州,市经济开发区,,24,NA,15,7,8,74,NA,67,67,5,12,1,2,0.8,0.9
2026-07-28T1300,2610A,104.2533,23.3595,文山壮族苗族自治州,州水务局,,20,20,10,8,7,50,NA,44,44,2,3,4,4,0.3,0.3
2026-07-28T1300,2611A,104.2319,23.3892,文山壮族苗族自治州,市便民服务中心,,18,18,9,5,6,53,NA,47,47,6,8,3,3,0.3,0.3
2026-07-28T1300,2612A,100.8018,21.9995,西双版纳傣族自治州,景洪市江南,,18,18,19,8,7,44,NA,18,18,4,6,10,10,0.7,0.7
2026-07-28T1300,2613A,100.7995,22.0238,西双版纳傣族自治州,景洪市江北,,20,NA,16,14,7,47,NA,18,18,3,5,13,13,0.6,0.6
2026-07-28T1300,2614A,100.2168,25.5818,大理白族自治州,大理市环境监测站,,36,NA,8,11,5,114,NA,116,106,9,11,6,5,0.3,0.4
2026-07-28T1300,2615A,100.1542,25.7055,大理白族自治州,大理古城,,31,9,12,7,6,99,NA,90,86,8,10,10,8,0.5,0.5
2026-07-28T1300,2616A,98.5611,24.4273,德宏傣族景颇族自治州,德宏州监测站,NA,NA,NA,10,8,11,49,NA,24,24,5,7,NA,9,0.5,0.6
2026-07-28T1300,2618A,98.859,25.8541,怒江傈僳族自治州,州监测站,,22,13,15,10,10,68,NA,51,51,4,6,5,5,0.5,0.5
2026-07-28T1300,2619A,98.8607,25.8168,怒江傈僳族自治州,泸水一中,,22,NA,12,8,11,70,NA,49,49,2,8,4,4,0.5,0.5
2026-07-28T1300,2621A,99.7054,27.8319,迪庆藏族自治州,迪庆州站,,35,16,18,7,9,109,NA,66,66,8,12,7,7,0.2,0.2
2026-07-28T1300,2622A,97.1813,31.1289,昌都市,昌都监测站,NA,NA,NA,13,2,3,103,NA,67,67,5,8,5,4,NA,0.5
2026-07-28T1300,2624A,91.7592,29.234,山南市,山南监测站,,26,6,6,1,2,83,NA,67,62,3,4,6,6,0.3,0.3
2026-07-28T1300,2625A,91.7701,29.2436,山南市,山南人民医院,,26,3,8,1,3,81,NA,70,64,2,3,6,6,0.3,0.3
2026-07-28T1300,2626A,88.8873,29.2723,日喀则市,日喀则监测站,,29,11,7,2,2,91,NA,86,86,5,5,6,6,0.2,0.2
2026-07-28T1300,2628A,92.0653,31.4846,那曲市,那曲监测站,,33,11,14,5,9,104,NA,102,90,6,7,7,7,0.3,0.3
2026-07-28T1300,2630A,80.1171,32.4999,阿里地区,阿里监测站,,29,6,7,0,1,91,NA,86,86,1,2,6,6,0.2,0.2
2026-07-28T1300,2632A,94.3683,29.6373,林芝市,林芝监测站,,21,5,8,2,4,65,NA,51,46,5,5,6,7,0.4,0.4
2026-07-28T1300,2633A,94.3616,29.6634,林芝市,林芝人民医院,,22,7,7,3,7,68,NA,47,47,5,5,3,3,0.3,0.3
2026-07-28T1300,2635A,107.0155,33.0707,汉中市,市监测站,,24,9,19,7,11,75,NA,38,38,4,11,4,5,0.3,0.4
2026-07-28T1300,2636A,107.0083,33.114,汉中市,鑫源开发区,,25,15,22,4,10,79,NA,43,43,4,13,5,6,0.7,0.9
2026-07-28T1300,2637A,107.0072,33.0323,汉中市,南郑大河坎水厂,,25,14,17,8,10,78,NA,34,34,4,11,4,4,0.5,0.6
2026-07-28T1300,2639A,109.7445,38.2919,榆林市,世纪广场,,30,26,22,12,14,96,NA,81,81,5,8,7,10,0.5,0.5
2026-07-28T1300,2640A,109.729,38.2837,榆林市,实验中学,,32,29,24,12,13,100,NA,85,85,4,6,6,7,0.3,0.4
2026-07-28T1300,2641A,109.7347,38.2491,榆林市,环保监测大楼,,32,21,20,11,14,100,NA,84,84,3,6,5,6,0.2,0.3
2026-07-28T1300,2644A,109.0088,32.6974,安康市,汉滨区检察院,,21,6,12,6,6,67,NA,46,46,4,5,1,1,0.3,0.3
2026-07-28T1300,2645A,109.9155,33.8714,商洛市,监测站,,22,9,11,7,6,70,NA,53,53,4,6,6,6,0.5,0.5
2026-07-28T1300,2647A,104.1727,36.5448,白银市,第三小学,,29,14,17,4,10,92,NA,68,68,5,12,4,28,0.3,0.3
2026-07-28T1300,2648A,104.1467,36.5482,白银市,动力公司,,29,9,12,3,7,90,NA,68,68,3,7,3,13,1.1,0.8
2026-07-28T1300,2650A,105.72058,34.57859,天水市,公园小学,,16,16,23,6,9,48,NA,35,35,4,10,11,11,0.4,0.5
2026-07-28T1300,2651A,105.89428,34.55353,天水市,麦积国土局,,21,21,22,7,9,61,NA,32,32,4,11,6,8,0.3,0.3
2026-07-28T1300,2652A,102.6203,37.925,武威市,监测站,,32,26,33,14,13,101,NA,69,69,3,9,12,12,0.3,0.2
2026-07-28T1300,2654A,100.4699,38.9525,张掖市,润泉湖,颗粒物(PM10),83,95,94,25,37,125,NA,105,105,14,8,8,7,0.3,0.5
2026-07-28T1300,2655A,100.4155,38.9422,张掖市,区工会,颗粒物(PM10),68,75,84,35,35,132,NA,119,119,3,6,7,7,0.5,0.5
2026-07-28T1300,2656A,106.6633,35.5338,平凉市,聚贤嘉苑,,30,30,30,13,14,63,NA,44,44,5,15,8,9,0.8,0.8
2026-07-28T1300,2657A,106.7021,35.5307,平凉市,博物馆,NA,NA,NA,32,NA,11,NA,NA,43,43,NA,14,NA,10,NA,0.6
2026-07-28T1300,2661A,107.6325,35.7357,庆阳市,庆阳五中,,22,22,20,11,12,69,NA,61,58,4,4,5,6,0.5,0.5
2026-07-28T1300,2662A,107.6361,35.7067,庆阳市,市环保局,,23,19,20,9,11,71,NA,61,59,5,6,8,8,0.7,0.8
2026-07-28T1300,2669A,102.9097,34.9841,甘南藏族自治州,州政府,,33,6,30,3,17,105,NA,64,64,2,9,6,6,0.2,0.3
2026-07-28T1300,2671A,100.9016,36.9464,海北藏族自治州,海晏县西海镇,,44,22,26,8,17,140,NA,97,97,2,2,7,8,0.5,0.4
2026-07-28T1300,2672A,102.02,35.5101,黄南藏族自治州,同仁县隆务镇,,40,9,26,9,16,127,NA,93,93,2,2,9,8,0.2,0.2
2026-07-28T1300,2673A,100.6158,36.2985,海南藏族自治州,共和县恰卜恰镇,NA,NA,NA,26,19,17,NA,NA,91,86,1,5,4,8,0.5,0.5
2026-07-28T1300,2674A,100.2262,34.4854,果洛藏族自治州,玛沁县大武镇,,37,28,35,6,10,117,NA,69,69,1,3,12,14,0.5,0.4
2026-07-28T1300,2675A,97.0386,33.0138,玉树藏族自治州,玉树县结古镇,,37,10,16,2,4,116,NA,61,61,2,14,6,6,0.2,0.3
2026-07-28T1300,2676A,97.373,37.376,海西蒙古族藏族自治州,德令哈市,,39,29,28,23,14,122,NA,113,113,3,3,12,10,0.6,0.5
2026-07-28T1300,2677A,106.1535,37.9648,吴忠市,教育园区,,30,30,24,10,10,86,NA,65,65,2,5,4,4,0.4,0.4
2026-07-28T1300,2679A,106.1851,37.9957,吴忠市,新区二泵站,,34,34,21,9,8,87,NA,67,67,2,2,6,5,0.3,0.3
2026-07-28T1300,2682A,105.1965,37.4996,中卫市,环保局站,,32,10,18,4,6,102,NA,76,76,4,10,5,5,0.2,0.3
2026-07-28T1300,2684A,106.2753,36.0057,固原市,监测站,NA,NA,NA,11,NA,9,NA,NA,81,NA,NA,3,NA,5,NA,0.2
2026-07-28T1300,2685A,106.2384,36.0189,固原市,新区,,23,22,13,16,10,73,NA,63,63,4,5,6,6,0.3,0.3
2026-07-28T1300,2686A,89.1905,42.9419,吐鲁番市,市环保局,,48,48,45,12,14,123,NA,100,100,5,7,5,5,0.5,0.5
2026-07-28T1300,2687A,89.1674,42.9558,吐鲁番市,地区环保局,,41,34,41,4,16,131,NA,91,91,3,10,6,7,0.3,0.3
2026-07-28T1300,2688A,93.5124,42.8176,哈密市,地区监测站,,35,10,28,6,14,110,NA,87,87,4,10,8,3,0.0,0
2026-07-28T1300,2689A,93.5014,42.8312,哈密市,哈密师范学校,,36,22,29,6,11,113,NA,86,86,4,12,3,3,0.2,0.2
2026-07-28T1300,2692A,87.2722,44.0298,昌吉回族自治州,新区政务中心,颗粒物(PM10),53,53,25,20,13,102,NA,50,50,10,17,1,41,0.4,0.3
2026-07-28T1300,2693A,82.0482,44.8553,博尔塔拉蒙古自治州,市党校,,31,30,20,10,6,98,NA,78,72,2,4,3,3,0.1,0.1
2026-07-28T1300,2694A,82.0805,44.8966,博尔塔拉蒙古自治州,市环保局,,30,24,22,1,5,96,NA,81,73,6,6,2,3,0.1,0.1
2026-07-28T1300,2695A,80.2899,41.1684,阿克苏地区,电视台,,42,25,71,10,31,132,NA,115,111,6,10,4,5,0.5,0.4
2026-07-28T1300,2696A,80.2592,41.1541,阿克苏地区,艺术中心,,45,27,51,16,36,144,NA,124,124,5,10,4,4,0.2,0.3
2026-07-28T1300,2697A,76.1457,39.7143,克孜勒苏柯尔克孜自治州,市人民政府,颗粒物(PM10),87,101,137,42,60,129,NA,112,104,1,6,2,2,0.0,0
2026-07-28T1300,2698A,76.0071,39.466,喀什地区,巡警大队,颗粒物(PM10),105,131,180,50,99,121,NA,101,100,6,12,4,4,0.2,0.2
2026-07-28T1300,2699A,75.9756,39.4693,喀什地区,吾办,颗粒物(PM10),103,126,170,47,69,123,NA,100,92,4,7,5,4,0.2,0.3
2026-07-28T1300,2704A,81.3002,43.9177,伊犁哈萨克自治州,新政府片区,,30,30,33,3,17,78,NA,42,42,16,23,5,5,0.6,0.9
2026-07-28T1300,2705A,81.3364,43.9409,伊犁哈萨克自治州,第二水厂,,30,22,34,8,12,94,NA,50,50,7,19,6,5,0.4,0.5
2026-07-28T1300,2706A,82.9993,46.7432,塔城地区,东门外小游园,,23,16,21,2,8,72,NA,33,33,4,5,5,5,0.2,0.2
2026-07-28T1300,2708A,88.1266,47.8515,阿勒泰地区,市站,,25,25,20,1,4,68,NA,47,47,9,10,7,7,0.3,0.3
2026-07-28T1300,2709A,86.0391,44.298,石河子市,艾青诗歌馆,,30,25,29,2,8,93,NA,60,60,2,13,4,5,0.3,0.4
2026-07-28T1300,2711A,87.5352,44.1606,五家渠市,农水大厦,,42,42,24,17,15,100,NA,56,56,4,7,7,10,0.8,0.3
2026-07-28T1300,2809A,113.6668,24.7756,韶关市,大学路288号,,23,23,24,11,14,72,NA,37,37,5,9,26,29,/,/
2026-07-28T1300,2835A,101.7222,26.567,攀枝花市,四十中小,,35,NA,21,24,11,76,NA,65,65,13,15,8,9,1.2,1.1
2026-07-28T1300,2842A,118.0937,24.5054,厦门市,湖里中学,,11,10,13,7,7,24,NA,35,34,22,6,2,1,0.4,0.4
2026-07-28T1300,2845A,113.1561,36.1912,长治市,德盛苑,,20,14,15,3,8,64,NA,53,53,5,5,9,10,0.8,0.9
2026-07-28T1300,2846A,113.3209,23.1323,广州市,体育西,,18,15,20,8,11,55,NA,36,36,15,27,6,6,0.5,0.5
2026-07-28T1300,2858A,117.7917,39.2473,天津市,河西一经路,臭氧1小时(O3_1h),64,16,37,9,27,171,NA,117,117,15,15,6,6,0.7,0.7
2026-07-28T1300,2859A,117.3747,38.9845,天津市,津沽路,,41,9,44,1,27,129,NA,90,90,5,14,2,2,0.5,0.7
2026-07-28T1300,2860A,117.159,39.0844,天津市,宾水西道,,48,NA,38,7,33,151,NA,102,102,4,9,4,3,0.3,0.4
2026-07-28T1300,2865A,112.7195,37.683,晋中市,榆次三中,,38,NA,19,14,18,120,NA,85,85,1,6,10,10,0.1,0.2
2026-07-28T1300,2867A,111.1225,37.5093,吕梁市,马茂庄小学,,38,21,41,20,17,120,NA,66,66,5,19,6,7,0.5,0.5
2026-07-28T1300,2868A,126.4737,43.953,吉林市,九站,,42,42,33,19,23,100,NA,85,85,7,9,1,2,0.9,0.8
2026-07-28T1300,2869A,119.4472,32.4156,扬州市,五台山医院,,30,22,27,7,8,95,NA,48,48,1,11,12,11,0.5,0.5
2026-07-28T1300,2870A,119.4369,32.1891,镇江市,市疾控中心,,27,21,22,12,13,84,NA,45,45,5,11,7,6,0.4,0.5
2026-07-28T1300,2871A,121.6156,29.9015,宁波市,万里国际学校,,15,13,12,2,3,48,NA,32,32,4,6,6,6,0.3,0.3
2026-07-28T1300,2872A,120.7845,30.7524,嘉兴市,南湖区残联,,30,22,19,11,9,93,NA,45,45,6,10,6,6,0.3,0.3
2026-07-28T1300,2873A,120.083,30.8929,湖州市,仁皇山新区,,29,29,20,15,10,90,NA,44,44,12,10,6,6,0.5,0.4
2026-07-28T1300,2875A,115.783962,32.889217,阜阳市,阜阳职业技术学院,,42,42,38,6,20,98,NA,73,73,3,9,3,4,0.6,0.5
2026-07-28T1300,2877A,119.1638,36.6524,潍坊市,坊子邮政,,43,27,26,7,8,137,NA,79,79,7,16,7,7,0.5,0.5
2026-07-28T1300,2880A,104.0219,30.6561,成都市,大石西路,,39,33,18,27,12,99,NA,74,70,20,10,4,3,0.5,0.4
2026-07-28T1300,2881A,107.8909,26.531,黔东南苗族侗族自治州,凯里学院,,19,NA,8,11,11,60,NA,37,36,3,6,2,2,0.5,0.4
2026-07-28T1300,2882A,102.5388,24.3703,玉溪市,玉溪一中,,20,14,11,4,4,63,NA,63,60,7,10,3,3,0.3,0.3
2026-07-28T1300,2883A,102.5382,24.339,玉溪市,文体中心,,19,18,13,5,4,58,NA,64,58,6,10,5,5,0.4,0.4
2026-07-28T1300,2884A,98.2672,39.7978,嘉峪关市,酒钢宾馆,,34,34,58,13,20,94,NA,104,96,18,14,27,36,0.6,0.5
2026-07-28T1300,2885A,104.9344,33.3827,陇南市,滨江中学,,29,15,28,11,10,90,NA,71,71,4,8,9,9,0.5,0.5
2026-07-28T1300,2894A,117.0561,32.6536,淮南市,经济技术开发区消防队,,36,28,26,12,19,114,NA,65,65,6,12,9,9,0.5,0.6
2026-07-28T1300,2897A,123.2429,41.7341,沈阳市,沈辽西路,,39,30,53,13,35,124,NA,103,103,3,10,4,4,0.8,1
2026-07-28T1300,2900A,123.5951,41.9085,沈阳市,裕农路,,48,35,36,17,35,152,NA,116,116,5,10,7,6,0.9,0.9
2026-07-28T1300,2902A,106.6347,30.4868,广安市,北辰小学,,32,15,20,11,15,100,NA,76,76,8,9,8,8,0.4,0.4
2026-07-28T1300,2907A,120.1846,30.8592,湖州市,吴兴区站,,29,20,20,15,11,92,NA,40,40,7,9,6,6,0.5,0.5
2026-07-28T1300,2919A,116.7022,39.5454,廊坊市,河北工业大学,,44,18,43,16,31,140,NA,105,105,2,6,3,2,0.3,0.4
2026-07-28T1300,2920A,117.71,24.5048,漳州市,蓝田镇,细颗粒物(PM2.5),60,44,13,40,8,44,NA,38,38,13,11,8,6,0.3,0.3
2026-07-28T1300,2921A,120.5482,30.0003,绍兴市,树下王站,,16,6,7,1,4,50,NA,34,34,4,5,4,4,0.3,0.3
2026-07-28T1300,2922A,117.194,39.1069,天津市,大理道,,47,10,31,2,21,150,NA,107,107,1,7,1,1,0.4,0.5
2026-07-28T1300,2924A,106.2266,38.4417,银川市,水乡路,NA,NA,NA,33,NA,7,87,NA,65,65,NA,8,5,5,0.3,0.3
2026-07-28T1300,2925A,106.2758,38.4841,银川市,上海东路,,30,16,16,8,6,95,NA,64,64,5,9,2,3,0.2,0.2
2026-07-28T1300,2926A,106.1016,38.4971,银川市,文昌北街,,30,30,25,10,8,93,NA,62,62,8,12,4,5,0.5,0.5
2026-07-28T1300,2929A,114.8858,30.4519,黄冈市,红卫路,,21,NA,9,11,6,67,NA,44,44,2,2,6,6,0.4,0.4
2026-07-28T1300,2996A,118.2781,33.9658,宿迁市,市供电局,NA,NA,NA,38,NA,34,NA,NA,62,NA,NA,14,NA,5,NA,0.8
2026-07-28T1300,2997A,119.8767,32.3291,泰州市,王营,,29,14,16,5,9,92,NA,34,34,5,11,10,9,0.4,0.4
2026-07-28T1300,3000A,119.3577,34.6971,连云港市,德源药业,,39,39,41,19,18,120,NA,69,69,14,19,6,5,0.2,0.3
2026-07-28T1300,3002A,119.9701,31.813,常州市,行政中心,,22,19,21,4,8,69,NA,35,35,4,11,6,8,0.1,0.3
2026-07-28T1300,3003A,120.0434,31.7726,常州市,经开区,,23,20,19,2,4,71,NA,37,37,6,11,3,7,1.0,0.7
2026-07-28T1300,3004A,120.1543,33.3664,盐城市,宝龙广场,,26,22,26,5,9,81,NA,33,33,4,7,10,9,1.2,1.1
2026-07-28T1300,3005A,117.1812,34.29,徐州市,鼓楼区政府,,41,34,41,15,28,131,NA,67,67,10,16,6,6,0.7,0.7
2026-07-28T1300,3006A,117.1693,34.1781,徐州市,铜山区招生办,,41,39,44,20,38,129,NA,69,69,5,9,6,7,0.7,0.6
2026-07-28T1300,3007A,119.178,34.8442,连云港市,新城一中,,39,36,26,16,15,122,NA,74,74,5,11,8,7,0.5,0.5
2026-07-28T1300,3008A,119.3607,34.7519,连云港市,胡沟管理处,,36,36,29,17,14,100,NA,72,63,21,18,9,10,0.6,0.4
2026-07-28T1300,3009A,119.1478,34.5913,连云港市,矿山设计院,,39,39,33,24,20,108,NA,76,76,6,8,3,3,0.6,0.6
2026-07-28T1300,3010A,119.8919,31.7892,常州市,钟楼,,24,12,21,2,4,75,NA,34,34,6,10,8,7,0.1,0.2
2026-07-28T1300,3012A,112.1849,31.0361,荆门市,西山林语,,17,12,12,8,7,52,NA,38,38,5,5,7,8,0.6,0.6
2026-07-28T1300,3014A,106.4958,29.5347,重庆市,歇台子,臭氧1小时(O3_1h),54,31,27,18,12,163,NA,82,82,13,13,7,7,0.6,0.5
2026-07-28T1300,3015A,106.4067,29.5729,重庆市,龙井湾,,41,21,19,9,10,130,NA,81,81,7,10,8,8,0.5,0.6
2026-07-28T1300,3016A,106.5506,29.415,重庆市,龙洲湾,臭氧1小时(O3_1h),53,NA,21,24,12,162,NA,79,79,13,15,7,10,0.5,0.5
2026-07-28T1300,3018A,111.5048,36.1015,临汾市,唐尧大酒店,,44,44,50,6,8,99,NA,65,65,3,8,5,5,0.6,0.7
2026-07-28T1300,3020A,117.2096,39.1698,天津市,中山北路,,44,10,43,7,25,139,NA,104,104,1,4,3,3,0.6,0.8
2026-07-28T1300,3021A,115,35.7667,濮阳市,濮水河管理处,,18,4,20,3,12,57,NA,58,58,4,8,1,2,0.6,0.7
2026-07-28T1300,3025A,113.0479,23.6343,清远市,技师学院,,27,14,24,8,15,84,NA,42,42,8,21,5,6,0.5,0.6
2026-07-28T1300,3026A,116.6179,23.6608,潮州市,市政府,,40,40,14,4,5,63,NA,50,50,2,5,2,3,0.3,0.7
2026-07-28T1300,3028A,104.7765,29.3623,自贡市,檀木林体育馆,,28,NA,16,19,10,77,NA,57,57,11,9,6,6,0.3,0.3
2026-07-28T1300,3033A,87.4652,43.4569,乌鲁木齐市,培训基地,,42,12,8,10,8,132,NA,117,117,4,5,7,6,0.2,0.1
2026-07-28T1300,3034A,113.1076,41.0385,乌兰察布市,光明街小学,,45,37,45,25,22,141,NA,104,104,6,10,5,6,0.6,0.5
2026-07-28T1300,3036A,118.6903,37.4337,东营市,开发区管委会,,44,44,37,12,14,127,NA,88,88,8,19,2,5,0.5,0.5
2026-07-28T1300,3038A,103.3757,23.3679,红河哈尼族彝族自治州,州图书馆,,15,NA,7,10,7,46,NA,43,42,2,2,3,3,0.4,0.3
2026-07-28T1300,3039A,111.1911,34.7829,三门峡市,三门峡市第一小学,,26,20,30,17,19,83,NA,64,64,6,7,7,7,0.7,0.7
2026-07-28T1300,3045A,109.9647,33.8486,商洛市,商州区中学,,22,14,15,5,7,69,NA,51,51,5,8,6,7,0.2,0.2
2026-07-28T1300,3046A,115.9084,28.6062,南昌市,机电学校,,23,14,17,2,7,73,NA,50,50,3,9,8,7,0.6,0.7
2026-07-28T1300,3048A,119.5799,26.0937,福州市,九龙,,28,19,17,9,3,87,NA,52,52,4,10,6,6,0.4,0.4
2026-07-28T1300,3051A,117.385,39.1483,天津市,西四道,,48,10,45,6,34,153,NA,101,101,7,16,1,2,0.6,1
2026-07-28T1300,3054A,113.9194,35.2847,新乡市,市委党校,,30,26,20,20,10,96,NA,68,68,4,8,8,4,0.6,0.6
2026-07-28T1300,3055A,101.7775,36.643,西宁市,城北区政府,,46,32,24,9,14,147,NA,79,79,13,15,9,9,0.4,0.4
2026-07-28T1300,3057A,121.5989,37.4016,烟台市,牟平检察院,,31,9,21,7,16,98,NA,89,89,3,8,6,6,0.3,0.3
2026-07-28T1300,3058A,119.2656,42.0356,赤峰市,银河街,,38,29,43,17,25,119,NA,87,87,6,11,8,13,0.6,0.8
2026-07-28T1300,3059A,117.7181,36.205,济南市,泰兴公司,颗粒物(PM10),51,51,30,26,15,123,NA,64,64,8,22,11,8,0.6,0.4
2026-07-28T1300,3061A,119.7511,49.1576,呼伦贝尔市,国华电力东,,21,13,17,9,15,66,NA,68,68,6,7,5,5,0.3,0.3
2026-07-28T1300,3064A,117.6861,36.2172,济南市,莱芜战役纪念馆,颗粒物(PM10),51,51,29,26,14,132,NA,75,75,11,20,6,5,0.6,0.5
2026-07-28T1300,3065A,101.9534,29.9976,甘孜藏族自治州,州环保局,,32,11,12,1,7,101,NA,77,77,6,11,4,4,0.2,0.2
2026-07-28T1300,3066A,116.2722,37.438,德州市,九衢泉纯净水厂,,38,34,25,20,18,120,NA,74,74,9,22,11,17,0.5,0.4
2026-07-28T1300,3109A,115.0094,25.8614,赣州市,赣县区卫计委,,19,19,14,2,5,51,NA,36,36,5,7,2,2,0.7,0.7
2026-07-28T1300,3123A,105.9408,26.2431,安顺市,凤凰山,,23,16,23,16,13,61,NA,46,46,4,6,5,8,0.6,0.5
2026-07-28T1300,3124A,105.9443,26.2567,安顺市,金钟山,,21,12,18,12,14,67,NA,50,50,3,5,8,10,0.5,0.5
2026-07-28T1300,3125A,105.8983,26.248,安顺市,娄家坡,,20,16,20,11,13,64,NA,49,49,2,4,6,10,0.5,0.5
2026-07-28T1300,3131A,114.878,40.7992,张家口市,烟厂,NA,NA,NA,38,NA,24,NA,NA,144,90,NA,7,NA,NA,NA,NA
2026-07-28T1300,3132A,119.5979,39.938,秦皇岛市,文明里,"细颗粒物(PM2.5),臭氧1小时(O3_1h)",88,70,62,54,33,190,NA,143,143,8,8,9,9,0.6,0.7
2026-07-28T1300,3133A,106.5469,29.5655,重庆市,上清寺,,48,15,21,15,9,152,NA,81,81,17,17,8,9,0.5,0.5
2026-07-28T1300,3134A,113.8172,34.0339,许昌市,市一中,,18,9,17,2,11,55,NA,50,50,6,8,3,2,0.6,0.5
2026-07-28T1300,3136A,104.2724,30.559,成都市,龙泉驿区区政府,,29,NA,6,8,11,91,NA,71,71,3,7,2,3,0.5,0.5
2026-07-28T1300,3138A,111.7152,29.0288,常德市,武陵区永安,,18,9,7,5,5,56,NA,36,36,2,3,6,6,0.6,0.5
2026-07-28T1300,3139A,111.6891,28.9881,常德市,鼎城区玉霞,,19,5,6,3,3,59,NA,38,38,2,2,8,8,0.7,0.7
2026-07-28T1300,3140A,111.6651,29.0526,常德市,武陵区长庚,,19,5,7,5,3,58,NA,40,40,1,2,7,7,0.6,0.6
2026-07-28T1300,3141A,114.3921,36.0879,安阳市,信访局,,43,43,31,19,22,109,NA,80,80,2,6,2,2,0.3,0.4
2026-07-28T1300,3147A,114.3434,34.8101,开封市,龙亭公园,,21,NA,18,3,9,65,NA,49,49,3,6,4,4,0.5,0.5
2026-07-28T1300,3148A,103.829,30.0563,眉山市,区人社局,,45,NA,24,31,6,80,NA,77,66,18,13,10,7,0.6,0.6
2026-07-28T1300,3149A,115.0174,30.1591,黄石市,笔架山北路,,20,17,27,6,4,64,NA,36,36,2,5,5,5,0.4,0.5
2026-07-28T1300,3151A,114.375,27.8096,宜春市,宜春学院北校区,,18,14,15,8,4,55,NA,43,43,1,4,3,2,0.3,0.2
2026-07-28T1300,3153A,114.3876,30.4908,武汉市,民族大道182号,,22,NA,18,15,9,67,NA,42,42,6,13,4,5,0.6,0.6
2026-07-28T1300,3164A,119.4682,32.394,扬州市,广陵建设局,,30,29,30,9,12,94,NA,43,43,13,22,9,8,0.1,0.2
2026-07-28T1300,3171A,115.6069,34.4465,商丘市,梁园区档案局,NA,NA,NA,44,2,20,50,NA,47,46,7,9,1,2,0.3,0.4
2026-07-28T1300,3173A,117.0598,30.5351,安庆市,市人大,,25,8,21,4,12,77,NA,38,38,2,9,4,5,0.5,0.7
2026-07-28T1300,3178A,119.0587,36.7209,潍坊市,潍坊七中,,42,29,21,4,4,132,NA,69,69,3,10,2,2,0.4,0.4
2026-07-28T1300,3179A,102.7491,25.012,昆明市,官渡区博物馆,,26,3,16,2,8,82,NA,48,48,8,15,3,3,0.3,0.5
2026-07-28T1300,3180A,99.7122,27.8129,迪庆藏族自治州,质量技术监督局,,36,19,15,10,8,113,NA,70,70,8,11,8,8,0.3,0.3
2026-07-28T1300,3181A,106.776805,31.852614,巴中市,市五中,,27,17,13,11,8,84,NA,46,46,7,11,9,9,0.4,0.4
2026-07-28T1300,3183A,106.7419,31.8654,巴中市,圣泉水务公司,,30,18,13,6,7,94,NA,48,48,4,7,10,9,0.5,0.6
2026-07-28T1300,3187A,116.9508,33.666,宿州市,远航博物馆,,34,34,35,21,29,100,NA,44,44,11,13,5,5,0.3,0.3
2026-07-28T1300,3188A,115.6684,37.7216,衡水市,市城管局,,25,18,30,5,17,78,NA,62,62,1,12,3,7,0.2,0.3
2026-07-28T1300,3190A,116.0254,29.6995,九江市,外国语学校,,18,13,13,0,7,56,NA,46,46,1,7,7,9,0.3,0.4
2026-07-28T1300,3191A,118.3243,33.95,宿迁市,宿豫区政府,,38,26,37,18,30,120,NA,72,72,12,15,4,4,0.5,0.5
2026-07-28T1300,3192A,80.0906,32.5029,阿里地区,阿里藏医院,,28,7,6,2,2,88,NA,85,85,1,2,7,7,0.3,0.3
2026-07-28T1300,3194A,112.2749,30.3124,荆州市,管委会,,13,NA,9,9,9,35,NA,35,34,6,7,4,4,0.3,0.3
2026-07-28T1300,3195A,119.3649,32.3961,扬州市,市体育局,,34,34,37,9,11,99,NA,55,55,2,11,6,6,0.1,0.2
2026-07-28T1300,3200A,115.9772,36.4986,聊城市,监控中心,,33,8,15,3,9,105,NA,54,54,3,9,8,8,0.4,0.4
2026-07-28T1300,3206A,114.9148,27.8069,新余市,新钢沁园村,NA,NA,18,14,7,4,67,NA,50,50,7,5,9,5,NA,0.6
2026-07-28T1300,3207A,118.31131,32.3033,滁州市,市政府原办公楼,,38,NA,22,20,21,121,NA,56,56,6,10,9,8,0.5,0.4
2026-07-28T1300,3208A,112.7279,38.4157,忻州市,市政府,,40,26,36,24,19,128,NA,99,99,8,12,7,6,0.7,0.7
2026-07-28T1300,3209A,119.5231,26.6562,宁德市,宁德一中,,31,22,23,11,13,98,NA,55,55,3,7,13,11,0.5,0.3
2026-07-28T1300,3210A,114.3645,34.7955,开封市,汴京公园,,23,11,19,2,13,73,NA,56,56,10,12,6,5,0.2,0.2
2026-07-28T1300,3216A,117.662,24.5187,漳州市,漳州党校,NA,NA,12,10,9,4,49,NA,43,43,NA,8,/,/,/,/
2026-07-28T1300,3237A,117.4918,30.6617,池州市,展览馆,,18,7,21,4,10,56,NA,40,40,2,11,3,3,0.2,0.4
2026-07-28T1300,3241A,103.7439,36.0841,兰州市,百合公园,,38,21,25,10,9,119,NA,70,70,10,10,6,5,0.3,0.1
2026-07-28T1300,3242A,103.9613,35.9985,兰州市,和平,,34,21,14,7,10,107,NA,68,68,2,5,8,8,0.5,0.5
2026-07-28T1300,3247A,104.9551,33.3709,陇南市,市总工会,,29,22,28,7,9,90,NA,74,74,4,6,7,7,0.4,0.4
2026-07-28T1300,3248A,98.2644,39.7723,嘉峪关市,雄关区,,35,35,54,17,21,101,NA,98,97,12,16,38,41,0.5,0.6
2026-07-28T1300,3265A,121.4242,31.3303,上海市,宝山庙行,,25,21,12,13,9,80,NA,40,40,2,6,12,12,0.2,0.2
2026-07-28T1300,3266A,121.8789,31.4662,上海市,崇明上实东滩,,15,14,13,8,6,48,NA,31,31,7,8,5,5,0.2,0.2
2026-07-28T1300,3268A,121.316,31.2839,上海市,嘉定南翔,,25,20,13,13,8,80,NA,36,36,8,12,5,5,0.1,0.1
2026-07-28T1300,3269A,121.3357,30.7455,上海市,金山新城,,24,18,14,12,8,74,NA,39,39,6,6,4,4,0.6,0.6
2026-07-28T1300,3270A,121.4996,31.0741,上海市,闵行浦江,,23,15,12,8,7,71,NA,33,33,4,9,6,6,0.5,0.5
2026-07-28T1300,3271A,121.2886,31.1663,上海市,青浦徐泾,,25,12,13,9,8,77,NA,35,35,2,2,5,5,0.4,0.4
2026-07-28T1300,3272A,121.2193,31.0382,上海市,松江图书馆,,28,21,23,13,9,88,NA,37,37,5,11,8,7,0.6,0.5
2026-07-28T1300,3273A,121.3904,31.206,上海市,长宁仙霞,,24,19,15,10,8,74,NA,29,29,5,8,9,8,0.2,0.2
2026-07-28T1300,3274A,121.7964,31.0507,上海市,浦东惠南,,23,14,13,10,8,73,NA,36,36,6,9,8,8,0.8,0.8
2026-07-28T1300,3282A,113.3399,40.0586,大同市,大同市卫生学校,,43,NA,29,11,14,137,NA,112,112,5,10,6,6,0.6,0.6
2026-07-28T1300,3283A,109.9154,40.5684,包头市,滨河大厦,,43,38,33,21,26,135,NA,82,82,8,19,7,7,0.7,0.7
2026-07-28T1300,3284A,106.8129,39.7274,乌海市,海北新区,,4,0,44,0,10,12,NA,56,NA,7,12,5,9,0.0,0.4
2026-07-28T1300,3285A,113.1383,40.9513,乌兰察布市,北京八中,,44,33,37,8,14,138,NA,97,97,7,12,6,8,0.7,0.8
2026-07-28T1300,3286A,118.9359,42.3146,赤峰市,桥北物流园区,,42,32,32,12,18,134,NA,119,119,3,10,4,8,0.7,0.7
2026-07-28T1300,3287A,119.3842,32.198,镇江市,富润路1号,,31,28,25,19,16,98,NA,49,49,5,10,10,10,0.2,0.3
2026-07-28T1300,3288A,117.4619,34.4368,徐州市,大泉街道,,38,32,37,15,25,120,NA,70,70,8,16,7,10,0.5,0.5
2026-07-28T1300,3289A,120.7431,31.3188,苏州市,方洲路,,26,15,14,8,7,82,NA,36,36,6,10,7,7,0.4,0.4
2026-07-28T1300,3290A,120.4979,31.2777,苏州市,木渎中学,,27,17,17,8,7,84,NA,40,40,7,11,4,4,0.5,0.4
2026-07-28T1300,3291A,121.0631,32.0644,南通市,通州监测站,,32,12,14,6,4,102,NA,44,44,4,8,8,7,0.6,0.6
2026-07-28T1300,3293A,120.1518,33.3369,盐城市,月亮广场,,29,20,24,11,16,92,NA,40,40,5,7,10,9,0.5,0.4
2026-07-28T1300,3294A,119.565282,32.422263,扬州市,引江管理处,,31,26,28,17,14,99,NA,41,41,4,13,3,2,0.6,0.6
2026-07-28T1300,3295A,120.1226,32.515,泰州市,姜堰区政府广场,,37,27,23,4,13,116,NA,44,44,7,14,11,11,0.4,0.4
2026-07-28T1300,3298A,113.5718,23.5493,广州市,从化街口,,25,19,18,17,15,48,NA,37,37,5,10,8,9,0.6,0.6
2026-07-28T1300,3299A,113.3463,23.369,广州市,白云竹料,,20,17,24,9,15,63,NA,37,37,11,21,3,4,0.6,0.7
2026-07-28T1300,3300A,113.2981,23.2365,广州市,白云嘉禾,,18,16,25,8,13,57,NA,38,38,14,25,8,10,/,/
2026-07-28T1300,3301A,113.4256,23.1716,广州市,黄埔科学城,,18,8,22,6,13,56,NA,45,45,15,25,7,9,0.4,0.5
2026-07-28T1300,3302A,113.3942,23.0485,广州市,番禺大学城,,22,22,21,5,11,48,NA,45,45,18,26,8,9,0.5,0.6
2026-07-28T1300,3303A,113.4923,22.8169,广州市,南沙黄阁,,11,7,16,5,12,31,NA,30,30,21,22,7,7,/,/
2026-07-28T1300,3304A,113.534,22.7893,广州市,南沙街,,11,10,19,5,10,34,NA,37,37,20,20,10,9,0.6,0.6
2026-07-28T1300,3305A,114.0614,22.556,深圳市,莲花,,14,14,13,8,8,29,NA,21,21,12,8,/,/,/,/
2026-07-28T1300,3306A,114.0144,22.6163,深圳市,民治,,15,14,13,10,8,41,NA,32,30,9,10,/,/,/,/
2026-07-28T1300,3307A,114.1756,22.6421,深圳市,横岗,,16,16,13,10,8,37,NA,34,31,18,17,/,/,/,/
2026-07-28T1300,3308A,113.3493,22.0572,珠海市,金湾,,16,9,15,6,9,50,NA,37,37,10,13,/,/,0.2,0.2
2026-07-28T1300,3311A,113.1077,22.5647,江门市,江海富民,,32,32,33,10,12,42,NA,33,33,12,14,/,/,0.4,0.4
2026-07-28T1300,3313A,112.4572,23.0163,肇庆市,高要湖西,,20,20,21,6,12,51,NA,44,44,5,8,4,5,0.4,0.5
2026-07-28T1300,3314A,114.4334,22.8134,惠州市,惠阳秋长,,19,5,12,3,8,58,NA,37,37,8,11,/,/,/,/
2026-07-28T1300,3315A,116.1234,24.2994,梅州市,梅龙,,15,7,9,2,4,46,NA,28,28,5,6,6,7,0.5,0.6
2026-07-28T1300,3317A,111.9785,21.8954,阳江市,两阳中学,,18,NA,13,12,13,47,NA,37,37,6,9,/,/,0.3,0.3
2026-07-28T1300,3318A,112.9898,23.7403,清远市,清新太和,,27,18,22,10,14,85,NA,47,47,8,13,5,6,0.4,0.5
2026-07-28T1300,3319A,113.7283,23.041,东莞市,万江金泰,,19,7,18,6,12,60,NA,44,44,11,16,3,5,0.6,0.6
2026-07-28T1300,3320A,116.4028,23.5699,揭阳市,曲溪,,20,15,10,3,6,63,NA,39,39,1,9,1,10,0.4,0.4
2026-07-28T1300,3323A,115.2772,40.9723,张家口市,青少年活动中心,,36,NA,22,20,16,113,NA,88,88,3,6,4,4,0.2,0.3
2026-07-28T1300,3324A,116.8011,38.294,沧州市,河北水利电力学院,,41,NA,15,18,19,129,NA,90,90,6,12,1,3,0.2,0.2
2026-07-28T1300,3325A,117.0362,39.3827,天津市,雍阳西道,,44,9,43,4,30,139,NA,103,103,2,9,5,5,0.4,0.6
2026-07-28T1300,3326A,117.0291,39.0612,天津市,辛老路,,45,10,69,8,43,143,NA,99,99,2,7,2,2,0.6,0.7
2026-07-28T1300,3327A,116.9638,38.9374,天津市,地纬路,,43,10,43,6,32,136,NA,92,92,2,10,4,4,0.6,0.7
2026-07-28T1300,3328A,118.4209,31.3704,芜湖市,市气象局,,24,15,20,10,12,75,NA,47,47,6,11,6,7,0.4,0.5
2026-07-28T1300,3329A,117.011,32.5891,淮南市,山南新区,,37,26,23,13,19,118,NA,70,70,8,11,14,14,0.1,0.2
2026-07-28T1300,3331A,118.3268,32.2633,滁州市,图书馆,,38,20,22,9,13,121,NA,56,56,7,11,10,8,0.6,0.4
2026-07-28T1300,3332A,115.7631,33.803,亳州市,亳州学院,,42,30,21,29,25,127,NA,70,70,6,6,2,1,0.5,0.5
2026-07-28T1300,3333A,117.5626,30.695,池州市,第八中学,,20,6,19,3,11,64,NA,38,38,3,9,4,7,0.1,0.3
2026-07-28T1300,3334A,117.5037,30.6242,池州市,第十二中学,,21,10,22,5,12,65,NA,45,45,5,12,5,5,0.5,0.9
2026-07-28T1300,3335A,113.3137,35.2643,焦作市,马村街道办,,35,28,30,24,16,110,NA,72,72,4,8,6,6,0.3,0.3
2026-07-28T1300,3336A,113.2464,35.2374,焦作市,焦作技师学院,,42,29,25,29,14,113,NA,74,74,4,6,7,6,0.6,0.6
2026-07-28T1300,3337A,113.8611,34.0443,许昌市,许昌学院,,16,NA,10,3,12,50,NA,41,41,1,7,2,3,0.3,0.3
2026-07-28T1300,3338A,113.8428,34.0825,许昌市,芙蓉广场,,19,11,19,9,13,58,NA,49,49,2,8,3,4,0.3,0.3
2026-07-28T1300,3339A,114.0002,33.0404,驻马店市,小管楼,,27,27,35,2,15,51,NA,30,30,4,19,3,4,0.2,0.3
2026-07-28T1300,3340A,112.6005,34.6323,洛阳市,伊滨,,25,25,30,1,16,65,NA,61,61,4,13,6,6,0.3,0.4
2026-07-28T1300,3341A,112.495,34.6338,洛阳市,中移产业园,,20,20,27,11,15,54,NA,47,47,1,6,8,8,0.8,0.8
2026-07-28T1300,3342A,128.7948,47.7291,伊春市,中心小学,,25,13,12,8,8,78,NA,49,49,4,5,4,3,0.6,0.6
2026-07-28T1300,3343A,128.6736,47.729,伊春市,检察院,,26,7,15,6,5,81,NA,48,48,2,6,2,2,0.5,0.4
2026-07-28T1300,3345A,131.0413,45.7795,七台河市,中波台,,17,11,7,5,7,53,NA,37,37,6,9,6,6,0.4,0.4
2026-07-28T1300,3346A,108.3871,31.1627,重庆市,安康,,25,12,19,6,5,78,NA,58,58,3,5,8,8,0.2,0.2
2026-07-28T1300,3347A,105.8983,29.36,重庆市,北山路,,33,16,25,16,13,105,NA,59,59,7,8,7,8,0.5,0.5
2026-07-28T1300,3350A,106.648859,29.023807,重庆市,滩子口,,41,20,24,20,13,129,NA,79,79,7,10,16,18,0.2,0.3
2026-07-28T1300,3351A,105.7164,29.7077,重庆市,棠香,NA,NA,NA,14,20,10,NA,NA,123,123,9,9,6,6,0.5,0.5
2026-07-28T1300,3352A,107.0733,29.8618,重庆市,桃源西路,NA,NA,NA,22,NA,11,137,NA,89,89,11,8,4,13,0.6,0.5
2026-07-28T1300,3353A,107.3536,29.7283,重庆市,迎宾大道,,44,17,18,15,8,138,NA,84,84,8,14,2,3,0.4,0.3
2026-07-28T1300,3354A,108.8152,29.5079,重庆市,舟白,,17,11,15,2,4,52,NA,38,38,3,3,8,8,0.2,0.2
2026-07-28T1300,3355A,108.3679,30.8429,重庆市,周家坝,,23,18,17,3,5,71,NA,56,56,4,5,6,5,0.3,0.3
2026-07-28T1300,3356A,108.4323,30.7554,重庆市,百安坝,,29,14,21,5,5,91,NA,59,59,11,6,1,2,0.2,0.2
2026-07-28T1300,3357A,104.0028,30.6891,成都市,金博路,,34,21,9,19,9,108,NA,68,64,15,10,7,7,1.0,0.9
2026-07-28T1300,3359A,104.056,30.5228,成都市,华阳,,32,17,12,12,12,102,NA,75,75,6,8,2,2,0.6,0.7
2026-07-28T1300,3360A,104.7894,29.3197,自贡市,南湖救助站,,38,38,36,20,11,86,NA,55,55,10,9,3,3,0.8,0.7
2026-07-28T1300,3361A,103.7313,29.563,乐山市,理工大学,,31,11,15,7,12,97,NA,78,65,4,7,3,2,0.7,0.7
2026-07-28T1300,3363A,117.9883,36.8372,淄博市,新区,臭氧1小时(O3_1h),62,39,36,10,20,169,NA,98,98,8,22,9,9,0.5,0.7
2026-07-28T1300,3364A,117.316,34.8106,枣庄市,市环保局,,42,42,37,12,24,113,NA,66,66,10,16,6,11,0.5,0.6
2026-07-28T1300,3365A,118.5721,37.5654,东营市,垦利区民丰路,,44,27,34,5,15,138,NA,80,80,7,22,6,6,0.3,0.4
2026-07-28T1300,3366A,121.5202,37.4336,烟台市,中国农业大学,,43,34,26,15,14,135,NA,96,96,5,8,6,7,0.6,0.6
2026-07-28T1300,3368A,119.1978,36.6871,潍坊市,高新实验学校,,44,34,29,8,7,140,NA,70,70,4,11,2,2,0.6,0.7
2026-07-28T1300,3370A,118.3563,35.0215,临沂市,十里堡居委,,34,29,31,13,20,108,NA,49,49,9,23,8,9,0.5,0.8
2026-07-28T1300,3371A,116.3693,37.44,德州市,开发区人民医院,,44,39,22,23,16,140,NA,71,71,8,15,9,9,0.6,0.5
2026-07-28T1300,3374A,115.5562,35.089,菏泽市,定陶老年大学,,14,2,16,1,13,44,NA,52,50,9,9,2,3,0.5,0.5
2026-07-28T1300,3375A,102.8016,24.8336,昆明市,青年创业园,,23,7,8,6,6,72,NA,58,58,5,7,3,3,0.3,0.3
2026-07-28T1300,3376A,103.7926,25.4651,曲靖市,南苑二区,,18,11,11,2,6,56,NA,41,41,7,7,4,4,0.6,0.6
2026-07-28T1300,3377A,103.7442,25.5259,曲靖市,曲靖师范学院,NA,NA,NA,17,8,9,67,NA,36,36,5,10,2,4,0.4,0.5
2026-07-28T1300,3379A,122.1122,40.2275,营口市,鲅鱼圈市民活动中心,,43,43,38,16,32,128,NA,108,108,3,7,7,7,0.7,0.6
2026-07-28T1300,3380A,102.8915,34.9618,甘南藏族自治州,甘肃民族师范学院,,36,18,37,15,24,114,NA,68,68,6,19,5,5,0.3,0.3
2026-07-28T1300,3396A,112.0764,32.0089,襄阳市,襄城隆中路,,10,8,14,6,9,30,NA,28,28,16,18,5,5,0.3,0.3
2026-07-28T1300,3397A,112.1154,32.103,襄阳市,高新台子湾,,19,19,14,11,9,57,NA,32,32,11,21,6,6,0.5,0.5
2026-07-28T1300,3398A,114.9134,30.4446,黄冈市,市林业局,NA,NA,NA,12,NA,6,73,NA,54,54,7,7,3,9,0.2,0.3
2026-07-28T1300,3399A,112.6703,26.8817,衡阳市,师范学院,,24,8,14,7,7,75,NA,44,44,1,4,10,9,0.5,0.5
2026-07-28T1300,3400A,109.1844,21.4396,北海市,龙潭自来水厂,,24,16,17,6,8,75,NA,60,60,2,3,5,5,0.5,0.6
2026-07-28T1300,3401A,108.4829,22.762,南宁市,红星社区,,25,15,29,7,17,78,NA,63,63,2,6,5,6,0.5,0.6
2026-07-28T1300,3402A,109.5422,24.3994,柳州市,市二中,,32,32,40,10,26,89,NA,66,66,5,8,7,8,0.5,0.6
2026-07-28T1300,3404A,108.5959,21.9634,钦州市,北职校,,25,21,24,9,10,79,NA,63,63,3,6,4,4,0.4,0.4
2026-07-28T1300,3405A,109.5886,23.1172,贵港市,新世纪学校,NA,NA,17,28,7,20,73,NA,45,45,NA,15,/,/,0.6,0.6
2026-07-28T1300,3407A,120.6915,30.7741,嘉兴市,秀洲住建,,28,17,14,7,5,87,NA,42,42,3,6,4,5,0.3,0.3
2026-07-28T1300,3408A,120.5685,29.936,绍兴市,绍兴中专,,17,7,10,3,4,52,NA,37,37,2,3,5,5,0.6,0.6
2026-07-28T1300,3409A,120.4905,30.086,绍兴市,柯桥区政府,,19,8,12,4,4,58,NA,38,38,5,8,5,5,0.6,0.5
2026-07-28T1300,3410A,120.8751,30.0249,绍兴市,重华小学,,13,6,11,3,6,40,NA,33,33,4,6,10,11,0.5,0.7
2026-07-28T1300,3411A,120.837,30.0137,绍兴市,上虞中学,,16,7,14,4,7,51,NA,34,34,2,4,7,7,0.4,0.5
2026-07-28T1300,3416A,119.1758,36.7139,潍坊市,潍坊学院,,45,29,28,9,7,142,NA,75,75,9,18,6,6,0.6,0.6
2026-07-28T1300,3418A,116.8336,40.4095,北京市,密云新城,,40,32,32,19,22,126,NA,89,89,4,6,1,2,0.5,0.6
2026-07-28T1300,3419A,109.9449,40.6259,包头市,包头市委党校,,46,35,27,28,24,145,NA,94,94,9,16,4,5,0.5,0.4
2026-07-28T1300,3421A,113.1776,40.9779,乌兰察布市,市委党校,,49,37,33,26,20,156,NA,118,118,8,12,4,3,0.3,0.4
2026-07-28T1300,3422A,118.8443,31.919,南京市,江宁彩虹桥,,26,14,22,2,5,83,NA,49,49,10,14,4,4,0.3,0.4
2026-07-28T1300,3425A,120.642,31.1733,苏州市,越秀幼儿园,,20,13,19,10,9,64,NA,27,27,6,10,4,4,0.5,0.5
2026-07-28T1300,3426A,118.8757,33.2897,淮安市,新华书店,,36,23,40,9,18,114,NA,59,59,2,11,8,8,1.1,1.2
2026-07-28T1300,3427A,118.8497,32.3599,南京市,六合雄州,,32,21,24,6,8,102,NA,45,45,7,13,4,4,0.6,0.6
2026-07-28T1300,3429A,119.8595,31.706,常州市,武进经发区,,26,22,23,10,10,83,NA,38,38,4,8,7,6,0.5,0.5
2026-07-28T1300,3430A,119.5812,31.7256,常州市,金坛城区,,41,41,25,15,12,94,NA,45,45,8,9,8,7,0.7,0.6
2026-07-28T1300,3431A,120.6502,31.4117,苏州市,高铁新城,,24,19,16,8,7,74,NA,32,32,12,15,6,6,0.6,0.6
2026-07-28T1300,3432A,120.9348,31.9874,南通市,环境教育馆,,27,17,18,5,4,86,NA,38,38,8,14,6,6,0.4,0.4
2026-07-28T1300,3434A,119.2414,34.6539,连云港市,工贸学校,NA,NA,26,35,20,22,NA,NA,78,72,7,10,5,6,0.4,0.4
2026-07-28T1300,3435A,119.9186,32.4322,泰州市,周山河街区,,30,19,23,8,12,93,NA,34,34,8,15,11,11,0.3,0.3
2026-07-28T1300,3436A,120.4283,33.2048,盐城市,大丰高级中学,,28,19,20,9,10,87,NA,38,38,5,8,9,9,0.3,0.3
2026-07-28T1300,3437A,88.3088,43.3637,乌鲁木齐市,达坂城区环保局,,41,22,21,5,7,130,NA,83,83,4,7,14,14,0.4,0.2
2026-07-28T1300,3438A,87.6132,43.8791,乌鲁木齐市,红光山片区,,39,31,31,19,14,124,NA,59,59,11,25,13,11,0.5,0.5
2026-07-28T1300,3439A,87.7008,43.8003,乌鲁木齐市,新师大温泉校区,颗粒物(PM10),54,55,26,14,11,141,NA,100,100,14,14,10,8,0.4,0.2
2026-07-28T1300,3440A,87.4892,43.84,乌鲁木齐市,大绿谷,,36,33,31,14,10,113,NA,60,60,9,29,2,2,0.6,0.6
2026-07-28T1300,3441A,87.5461,44.1909,五家渠市,经开区管委会,颗粒物(PM10),53,53,34,18,13,106,NA,58,58,8,12,8,3,0.5,0.4
2026-07-28T1300,3442A,86.047,44.2331,石河子市,南区管委会,,49,49,30,0,7,91,NA,71,71,5,12,6,7,0.2,0.2
2026-07-28T1300,3443A,113.2905,23.5541,广州市,花都梯面,,20,16,24,8,13,62,NA,33,33,5,12,3,3,/,/
2026-07-28T1300,3444A,116.4539,23.2684,汕头市,潮南峡山,,18,11,10,5,3,55,NA,46,46,5,6,7,7,0.7,0.7
2026-07-28T1300,3445A,113.786,23.7479,广州市,从化良口,,14,11,13,6,9,44,NA,32,32,4,8,4,4,/,/
2026-07-28T1300,3446A,113.805,23.2614,广州市,增城荔城,,18,9,20,7,13,55,NA,35,35,7,13,8,9,0.6,0.7
2026-07-28T1300,3447A,114.344,22.7115,深圳市,坪山,,16,5,13,5,7,50,NA,35,35,8,12,4,4,0.7,0.7
2026-07-28T1300,3448A,113.5436,22.1163,珠海市,横琴,,11,10,15,6,8,35,NA,36,36,15,16,/,/,/,/
2026-07-28T1300,3449A,113.0496,22.4669,江门市,新会银湖,,15,8,20,7,10,46,NA,24,24,9,15,1,2,0.5,0.5
2026-07-28T1300,3450A,111.0101,21.5165,茂名市,电白水东,,17,14,14,7,9,52,NA,55,47,5,4,3,3,/,/
2026-07-28T1300,3451A,112.5617,23.2082,肇庆市,鼎湖凤凰,NA,NA,19,20,12,13,69,NA,40,40,NA,9,4,5,/,/
2026-07-28T1300,3452A,114.6521,22.7755,惠州市,大亚湾霞涌,,18,14,11,3,7,56,NA,46,46,2,5,/,/,/,/
2026-07-28T1300,3453A,112.0125,21.8749,阳江市,阳东陶然,,25,25,20,9,12,49,NA,38,38,5,6,6,7,0.6,0.6
2026-07-28T1300,3454A,113.3527,22.4781,中山市,中山南区,,17,NA,7,4,7,53,NA,36,36,4,5,5,5,0.5,0.5
2026-07-28T1300,3455A,113.076,23.72,清远市,清城东城,,23,17,26,7,14,72,NA,40,40,6,13,/,/,/,/
2026-07-28T1300,3456A,114.2887,38.0905,石家庄市,鹿泉一中,,43,43,40,21,23,124,NA,86,86,4,5,1,1,0.5,0.5
2026-07-28T1300,3457A,118.4357,39.277,唐山市,冀东油田职工医院,,41,41,45,23,36,127,NA,107,107,5,11,2,3,0.2,0.4
2026-07-28T1300,3458A,114.7893,36.5592,邯郸市,香泉濮院小区,,30,NA,23,8,24,95,NA,68,68,2,8,3,3,0.4,0.4
2026-07-28T1300,3459A,115.599,37.5491,衡水市,地表水厂,,24,13,28,2,13,75,NA,54,54,1,18,4,5,0.1,0.2
2026-07-28T1300,3460A,117.4065,40.0583,天津市,北环路,,43,15,42,11,29,136,NA,104,104,3,6,6,6,0.5,0.8
2026-07-28T1300,3461A,117.3041,39.7167,天津市,建设路,,46,8,44,6,32,145,NA,93,93,2,6,8,8,0.6,0.9
2026-07-28T1300,3462A,117.8201,39.3519,天津市,滨水东路,臭氧1小时(O3_1h),68,13,43,10,31,174,NA,116,116,12,20,10,10,1.0,1
2026-07-28T1300,3463A,116.9708,33.5911,宿州市,社会福利中心,,38,36,40,17,29,119,NA,63,63,8,13,5,6,0.3,0.4
2026-07-28T1300,3464A,117.3802,31.9148,合肥市,高教基地,,24,22,26,6,16,75,NA,49,49,3,7,6,6,0.5,0.6
2026-07-28T1300,3465A,118.4783,31.3226,芜湖市,清苑社区,,27,23,21,10,11,85,NA,52,52,4,13,4,10,0.2,0.3
2026-07-28T1300,3466A,118.2746,31.2326,芜湖市,扬子职业技术学院,,27,16,23,10,14,84,NA,55,55,2,8,4,4,0.2,0.3
2026-07-28T1300,3468A,115.79,32.8614,阜阳市,市规划展馆,,30,29,39,6,22,95,NA,77,77,5,12,2,2,0.6,0.6
2026-07-28T1300,3469A,115.835101,32.918568,阜阳市,枣园社区,,28,28,37,9,25,80,NA,52,52,10,15,4,4,0.5,0.5
2026-07-28T1300,3471A,113.6104,34.8688,郑州市,惠济区政府,,32,NA,21,12,15,102,NA,70,70,4,11,3,3,0.5,0.5
2026-07-28T1300,3473A,114.2485,34.8306,开封市,技师学院,,30,30,20,4,9,64,NA,50,50,5,10,4,5,0.5,0.5
2026-07-28T1300,3474A,114.2616,35.6824,鹤壁市,大新区,,38,NA,21,26,16,89,NA,69,69,1,5,4,4,0.6,0.6
2026-07-28T1300,3475A,113.9189,35.3042,新乡市,市政府,,28,17,25,17,13,87,NA,61,61,3,9,9,10,0.2,0.2
2026-07-28T1300,3477A,113.1656,35.2536,焦作市,中站许衡医院,,33,24,24,16,14,104,NA,72,72,3,6,6,6,0.4,0.3
2026-07-28T1300,3478A,113.9691,33.568,漯河市,市图书馆,,19,18,22,13,13,56,NA,51,50,3,6,5,6,0.6,0.6
2026-07-28T1300,3481A,125.127,46.6277,大庆市,萨区政府监测点,,45,38,35,31,25,64,NA,62,55,9,8,5,5,0.4,0.4
2026-07-28T1300,3482A,107.754,29.3275,重庆市,芙蓉中路,,21,9,12,3,7,66,NA,32,32,2,10,10,10,0.5,0.6
2026-07-28T1300,3484A,106.2629,29.3202,重庆市,行政中心,,44,32,28,16,9,138,NA,81,81,10,10,12,12,0.6,0.4
2026-07-28T1300,3486A,124.4029,43.1411,四平市,植物园,,48,48,39,31,31,141,NA,107,107,15,11,4,4,0.8,0.5
2026-07-28T1300,3488A,104.387954,30.746684,成都市,青白江技师分院,,30,20,14,10,11,93,NA,65,65,2,6,4,4,1.0,1
2026-07-28T1300,3489A,104.0788,30.4054,成都市,科学城,,29,13,9,10,7,91,NA,77,75,2,4,6,6,0.6,0.6
2026-07-28T1300,3491A,104.6899,31.5324,绵阳市,西科大附属小学,,38,11,15,8,7,120,NA,76,76,6,9,6,6,0.4,0.4
2026-07-28T1300,3492A,104.5647,31.5343,绵阳市,安州区旅游局,,39,13,12,9,6,122,NA,76,76,4,5,7,7,0.3,0.3
2026-07-28T1300,3494A,117.1673,36.9782,济南市,济阳区政府,颗粒物(PM10),51,51,25,16,10,160,NA,81,81,11,19,6,5,0.4,0.3
2026-07-28T1300,3495A,117.1168,36.6299,济南市,锦屏中学,,49,49,26,25,12,133,NA,78,78,21,8,2,2,0.6,0.5
2026-07-28T1300,3496A,118.359,35.1067,临沂市,南坊新区,,44,44,39,15,22,99,NA,46,46,6,19,7,7,0.3,0.5
2026-07-28T1300,3498A,118.5063,37.8606,东营市,河口城区,,48,29,32,6,16,153,NA,97,97,7,15,8,9,0.5,0.5
2026-07-28T1300,3500A,116.5808,35.3703,济宁市,北湖一中,颗粒物(PM10),68,75,41,41,21,106,NA,49,49,14,18,4,6,0.6,0.5
2026-07-28T1300,3501A,116.8251,35.5592,济宁市,服务中心,"颗粒物(PM10),细颗粒物(PM2.5)",64,69,36,42,20,111,NA,43,43,8,20,3,2,0.6,0.4
2026-07-28T1300,3502A,117.1812,36.2273,泰安市,国网新校,,45,37,18,31,16,130,NA,82,82,8,8,4,6,0.9,0.9
2026-07-28T1300,3503A,117.0315,36.2017,泰安市,交通技校,,44,44,26,30,16,123,NA,94,94,7,8,4,4,0.4,0.4
2026-07-28T1300,3504A,117.083,36.13,泰安市,山东第一医科大学,,46,44,28,32,16,121,NA,74,74,7,14,7,9,0.3,0.5
2026-07-28T1300,3505A,122.1379,37.3414,威海市,临港区管委会,,27,7,18,1,15,84,NA,82,82,4,7,7,7,0.1,0.2
2026-07-28T1300,3507A,119.5326,35.4627,日照市,职业技术学院,,30,NA,14,21,9,86,NA,73,63,2,2,8,8,0.5,0.5
2026-07-28T1300,3511A,116.5687,37.3331,德州市,陵城艺术中心,,43,34,20,19,13,137,NA,73,73,7,14,7,7,0.6,0.5
2026-07-28T1300,3513A,116.0443,36.436,聊城市,九州社区,,36,33,25,16,11,114,NA,69,69,6,8,12,7,0.4,0.3
2026-07-28T1300,3514A,117.9379,37.3959,滨州市,中海酒店,臭氧1小时(O3_1h),53,31,26,11,13,162,NA,88,88,2,13,8,11,0.5,0.5
2026-07-28T1300,3515A,117.9381509,37.35547456,滨州市,开发区一中,NA,NA,39,35,NA,18,132,NA,86,86,2,14,4,10,0.7,0.8
2026-07-28T1300,3516A,118.0914,37.6938,滨州市,金海六路,,41,29,30,14,19,131,NA,82,82,2,14,4,5,0.2,0.3
2026-07-28T1300,3520A,106.3495,38.9837,石嘴山市,妇女儿童医院,,34,NA,11,15,13,108,NA,77,77,4,6,8,9,0.4,0.4
2026-07-28T1300,3521A,106.7495,39.2068,石嘴山市,石大公路,,31,29,27,7,9,97,NA,54,54,8,12,5,5,0.3,0.3
2026-07-28T1300,3523A,106.5105,38.3857,银川市,滨河新区,,32,18,22,7,10,100,NA,72,72,10,8,7,8,0.4,0.5
2026-07-28T1300,3525A,108.6394,34.408,咸阳市,奥体中心,,34,22,35,8,20,106,NA,80,80,4,9,3,3,0.2,0.2
2026-07-28T1300,3526A,119.5188,25.9666,福州市,吴航,,25,11,14,6,7,77,NA,49,49,4,12,6,6,0.4,0.5
2026-07-28T1300,3527A,118.0961,24.5689,厦门市,集美中学,,15,14,12,10,5,37,NA,44,41,11,7,1,1,0.4,0.4
2026-07-28T1300,3528A,118.1502,24.7246,厦门市,同安二实小,,14,NA,6,4,5,42,NA,36,36,6,9,1,2,0.7,0.6
2026-07-28T1300,3530A,117.6288,24.5309,漳州市,西洋坪路,,14,12,13,4,5,44,NA,36,36,5,7,4,4,0.4,0.4
2026-07-28T1300,3531A,110.296,25.1254,桂林市,旅游学院,,19,13,36,4,13,58,NA,57,56,2,2,3,5,0.3,0.3
2026-07-28T1300,3532A,110.1951,22.6832,玉林市,玉林师范学院东校区,,20,14,25,8,15,61,NA,50,50,3,8,4,5,0.3,0.4
2026-07-28T1300,3533A,110.0527,22.5894,玉林市,福绵环保局,,19,17,26,11,16,59,NA,49,49,4,7,3,3,0.3,0.4
2026-07-28T1300,3534A,111.4744,24.455,贺州市,西湾,NA,NA,38,36,13,19,46,NA,43,43,12,11,13,12,NA,0.4
2026-07-28T1300,3535A,109.1781,23.7293,来宾市,兴宾区政府,,24,21,48,6,29,76,NA,61,61,3,8,8,17,0.6,0.7
2026-07-28T1300,3538A,107.5175,26.2977,黔南布依族苗族自治州,沙坝,,23,7,12,5,8,72,NA,31,31,3,4,4,3,0.4,0.5
2026-07-28T1300,3539A,110.5111,19.9737,海口市,桂林洋子站,,20,14,21,7,11,61,NA,49,49,2,4,/,/,/,/
2026-07-28T1300,3540A,109.7348,18.3443,三亚市,君悦子站,,21,21,20,8,9,60,NA,62,62,3,4,3,3,0.3,0.4
2026-07-28T1300,3541A,109.5726195,19.51688767,儋州市,第一中学子站,,19,13,17,8,8,58,NA,47,47,2,5,2,2,0.5,0.4
2026-07-28T1300,3542A,109.5567,19.5187,儋州市,东坡学校子站,,18,NA,16,7,9,56,NA,46,46,1,4,3,3,0.5,0.6
2026-07-28T1300,3544A,121.4891,30.925,上海市,奉贤南桥新城,,27,27,17,10,8,78,NA,34,34,5,8,2,3,0.6,0.6
2026-07-28T1300,3545A,110.8053,32.8401,十堰市,郧阳区金沙路,,22,22,20,7,5,62,NA,44,44,6,9,6,7,0.7,0.7
2026-07-28T1300,3546A,111.4606,30.5519,宜昌市,猇亭区张家湾站,,13,13,10,0,0,41,NA,35,35,3,4,5,5,0.2,0.2
2026-07-28T1300,3547A,112.1631,31.0134,荆门市,龙泉中学南校,,21,1,11,1,6,65,NA,49,49,7,6,7,7,0.7,0.7
2026-07-28T1300,3549A,109.5061,30.3771,恩施土家族苗族自治州,龙凤新区,,18,8,10,2,6,57,NA,37,37,4,4,5,5,0.3,0.3
2026-07-28T1300,3550A,102.8,24.9787,昆明市,昆明学院,,25,10,13,3,7,78,NA,58,54,7,10,6,6,0.5,0.6
2026-07-28T1300,3551A,102.5969,24.6738,昆明市,晋宁区生态环境分局,,25,NA,15,10,7,78,NA,79,73,5,7,6,6,0.5,0.5
2026-07-28T1300,3552A,102.6673,24.9861,昆明市,云天化总部,,26,12,9,1,6,82,NA,67,62,8,10,1,1,0.3,0.3
2026-07-28T1300,3557A,119.9463,30.0496,杭州市,镇二中,,22,12,16,3,7,68,NA,36,36,8,17,6,6,0.4,0.4
2026-07-28T1300,3558A,119.7184,30.2367,杭州市,市府大楼,,25,10,12,6,9,80,NA,44,44,4,9,8,9,0.4,0.4
2026-07-28T1300,3560A,120.4715,30.0414,绍兴市,柯桥妇保,,18,12,12,3,5,57,NA,35,35,3,4,6,6,0.2,0.2
2026-07-28T1300,3561A,120.6985,27.9252,温州市,茶山,,14,14,12,2,3,39,NA,27,27,4,8,/,/,/,/
2026-07-28T1300,3562A,120.4146,30.8538,湖州市,南浔区站,,24,17,16,11,9,76,NA,35,35,4,8,5,5,0.3,0.4
2026-07-28T1300,3564A,121.25678,28.66823971,台州市,台州科技职业学院,,15,12,12,4,5,47,NA,24,24,4,7,6,6,0.6,0.7
2026-07-28T1300,3565A,113.1371,40.1122,大同市,云冈站,,43,40,36,20,18,135,NA,106,106,8,10,6,7,0.6,0.6
2026-07-28T1300,3566A,113.1186,40.2556,大同市,图书馆,,45,38,33,14,17,144,NA,98,98,8,11,8,8,0.7,0.7
2026-07-28T1300,3567A,113.5931,40.0459,大同市,区一中,,44,29,25,7,15,138,NA,108,108,7,9,7,7,0.5,0.5
2026-07-28T1300,3568A,113.0603,36.0464,长治市,向阳小学,,22,14,23,6,10,69,NA,52,52,1,7,4,5,0.4,0.6
2026-07-28T1300,3569A,112.8788,36.315,长治市,屯留一中,,25,18,25,11,13,80,NA,52,52,4,11,9,9,0.8,0.9
2026-07-28T1300,3571A,112.2938,39.5296,朔州市,一水厂,颗粒物(PM10),51,51,45,18,18,145,NA,114,114,4,5,7,6,0.6,0.6
2026-07-28T1300,3575A,118.0927,39.5807,唐山市,正泰大街热力站,,46,26,40,18,26,146,NA,98,98,2,8,4,4,0.4,0.5
2026-07-28T1300,3576A,118.1561,39.8322,唐山市,丰润区政府,,43,16,42,6,23,135,NA,85,85,5,19,1,2,0.4,0.8
2026-07-28T1300,3577A,118.436906,39.73802,唐山市,金山小学,臭氧1小时(O3_1h),55,NA,46,29,37,164,NA,113,113,7,14,3,7,0.7,0.8
2026-07-28T1300,3578A,118.2449,39.6693,唐山市,政府服务中心,,42,26,47,10,30,134,NA,97,97,3,9,3,4,0.4,0.7
2026-07-28T1300,3580A,114.1998,36.4439,邯郸市,峰峰矿区临水派出所,,46,33,33,32,23,101,NA,77,77,4,7,2,2,0.3,0.4
2026-07-28T1300,3581A,115.3136,38.9511,保定市,满城区生态环境分局,,43,NA,29,24,24,137,NA,95,95,2,4,1,2,0.1,0.2
2026-07-28T1300,3582A,115.4709,38.7628,保定市,清苑区第二中学,,40,24,33,16,20,125,NA,90,90,1,12,3,3,0.3,0.4
2026-07-28T1300,3583A,115.6231,39.0223,保定市,徐水物探局,,44,NA,28,30,22,138,NA,101,101,1,8,1,2,0.3,0.4
2026-07-28T1300,3590A,113.8362,34.566,郑州市,北区建设指挥部,,25,12,19,8,9,80,NA,55,55,2,10,2,2,0.3,0.3
2026-07-28T1300,3591A,113.3029,34.8041,郑州市,上街区政府,NA,NA,NA,27,17,16,110,NA,73,73,2,7,4,4,0.5,0.5
2026-07-28T1300,3592A,114.4518,34.7503,开封市,祥符区生态环境局,,25,6,18,3,14,78,NA,57,57,2,9,4,4,0.7,0.7
2026-07-28T1300,3593A,112.5736,34.8993,洛阳市,吉利监测站,,33,30,24,13,13,105,NA,71,71,2,8,7,8,0.2,0.2
2026-07-28T1300,3594A,112.8736,33.9068,平顶山市,石龙区,,15,5,20,4,15,47,NA,45,45,8,13,9,10,0.4,0.5
2026-07-28T1300,3596A,114.1573,35.9607,鹤壁市,南山宾馆,,40,NA,16,28,27,102,NA,73,73,5,6,2,4,0.5,0.5
2026-07-28T1300,3598A,111.1031,34.719,三门峡市,富达温泉假日酒店,,22,13,25,9,16,69,NA,56,56,7,11,4,5,0.3,0.4
2026-07-28T1300,3599A,106.2648,29.9853,重庆市,书院路,,32,NA,17,10,15,102,NA,74,74,4,7,5,6,0.6,0.6
2026-07-28T1300,3600A,106.2334,29.5583,重庆市,虎峰,,37,19,28,10,11,118,NA,63,63,11,13,4,5,0.4,0.4
2026-07-28T1300,3601A,106.0497,29.8345,重庆市,龙门街,,40,18,27,9,12,125,NA,93,93,8,10,15,8,0.5,0.5
2026-07-28T1300,3604A,119.3267,35.1043,日照市,岚山环保分局,,34,34,27,20,15,95,NA,71,67,6,9,12,12,0.7,0.9
2026-07-28T1300,3605A,109.1019,34.5302,西安市,无线电监控中心,,30,30,30,5,19,90,NA,67,67,1,8,6,5,0.6,0.6
2026-07-28T1300,3610A,105.5931,29.4105,重庆市,昌元,NA,NA,21,22,4,9,87,NA,61,61,11,11,14,10,NA,0.7
2026-07-28T1300,3612A,85.1045,45.6895,克拉玛依市,白碱滩区新站,,32,15,20,0,6,100,NA,97,88,9,5,9,9,0.2,0.2
2026-07-28T1300,3613A,87.3069,44.0093,昌吉回族自治州,亚心广场,颗粒物(PM10),65,70,30,17,10,112,NA,61,61,10,17,13,9,0.1,0.1
2026-07-28T1300,3614A,79.9241,37.0878,和田地区,地区环保局,颗粒物(PM10),190,329,522,102,113,62,NA,100,90,15,5,3,2,0.4,0.3
2026-07-28T1300,3615A,79.9132,37.1137,和田地区,市环保局,颗粒物(PM10),249,384,451,127,122,88,NA,105,97,2,2,1,1,0.4,0.4
2026-07-28T1300,3616A,106.7617,31.8343,巴中市,市中心医院,,36,NA,18,25,8,88,NA,45,45,4,10,16,11,0.5,0.6
2026-07-28T1300,3617A,105.8047,32.4167,广元市,经开区,,25,16,15,10,8,78,NA,47,47,7,15,5,6,0.5,0.5
2026-07-28T1300,3618A,112.4702,37.7821,太原市,金胜,,41,20,27,20,16,130,NA,83,83,4,12,7,7,0.3,0.3
2026-07-28T1300,3619A,113.6169,37.8565,阳泉市,龙柱,,29,24,35,19,26,90,NA,65,63,2,7,6,10,0.7,0.9
2026-07-28T1300,3620A,112.8258,35.4804,晋城市,泽州一中,,25,NA,18,11,10,77,NA,64,63,5,6,3,4,0.3,0.3
2026-07-28T1300,3622A,113.5556,24.8082,韶关市,碧湖山庄,,33,33,21,21,12,91,NA,46,46,9,9,15,9,0.9,0.7
2026-07-28T1300,3623A,113.8952,22.586,深圳市,西乡,,12,10,15,4,7,36,NA,39,38,9,15,4,4,0.6,0.6
2026-07-28T1300,3624A,116.4069,23.2533,汕头市,潮南子站,,18,14,12,6,5,57,NA,43,43,3,8,6,6,/,/
2026-07-28T1300,3625A,113.2568,22.7629,佛山市,容桂街道办,,18,NA,12,12,12,43,NA,30,30,16,19,/,/,/,/
2026-07-28T1300,3628A,112.0335,22.9376,云浮市,文笔,,25,24,35,10,15,80,NA,40,40,2,11,4,4,0.8,0.8
2026-07-28T1300,3629A,101.8304,36.5785,西宁市,世纪职校,,44,16,16,5,14,138,NA,87,87,4,8,3,6,0.8,0.9
2026-07-28T1300,3633A,118.4914,31.681,马鞍山市,雨山,,31,22,22,14,12,99,NA,53,53,5,10,5,6,0.7,0.7
2026-07-28T1300,3635A,112.3678,34.6623,洛阳市,河科大西苑校区,NA,NA,NA,25,NA,19,66,NA,57,57,2,9,17,18,0.4,0.4
2026-07-28T1300,3636A,112.4387,34.678,洛阳市,英才小学,,19,18,21,8,15,60,NA,50,50,5,12,10,10,0.6,0.6
2026-07-28T1300,3637A,131.0136,45.7688,七台河市,人民广场,,19,16,13,7,5,58,NA,46,46,6,9,7,7,0.5,0.5
2026-07-28T1300,3638A,104.7637,29.3373,自贡市,轻化工大学,,32,NA,11,22,14,80,NA,58,58,12,11,8,8,0.5,0.5
2026-07-28T1300,3642A,120.3454,36.0735,青岛市,市北区南部,,24,16,20,3,12,74,NA,100,82,9,11,6,6,0.7,0.8
2026-07-28T1300,3643A,120.3897,36.18,青岛市,李沧区北部,,28,9,18,6,14,87,NA,87,83,10,12,4,3,0.6,0.6
2026-07-28T1300,3644A,117.8662,36.8049,淄博市,三金集团,,44,31,33,10,17,138,NA,74,74,2,17,5,6,0.2,0.3
2026-07-28T1300,3645A,118.0259,36.8409,淄博市,东风化工厂,,50,37,62,10,20,158,NA,97,97,12,21,4,5,0.7,0.9
2026-07-28T1300,3646A,118.4979,37.4623,东营市,胜利站,,34,28,29,6,9,107,NA,71,71,5,16,3,4,0.5,0.6
2026-07-28T1300,3648A,106.2176,37.9832,吴忠市,文卫南街,,39,NA,20,27,14,90,NA,69,69,2,3,4,5,0.4,0.5
2026-07-28T1300,3650A,105.1696,37.5164,中卫市,沙坡头区政府站,,30,29,23,6,9,96,NA,74,74,4,9,4,4,0.4,0.4
2026-07-28T1300,3654A,114.8093,30.4091,鄂州市,精准医疗中心,,19,12,15,3,6,60,NA,40,40,9,12,4,6,0.6,0.8
2026-07-28T1300,3655A,114.3379,29.8683,咸宁市,长江产业园,,17,12,14,6,6,53,NA,34,34,4,5,3,3,0.5,0.5
2026-07-28T1300,3656A,120.1554,30.2863,杭州市,消防大队,,25,18,15,5,7,78,NA,40,40,4,5,9,8,0.5,0.5
2026-07-28T1300,3658A,120.6156,30.0762,绍兴市,袍江中学,,15,8,13,3,6,48,NA,35,35,3,6,4,6,0.1,0.1
2026-07-28T1300,3659A,119.656,29.1132,金华市,气象局,,20,12,15,3,5,63,NA,37,37,3,10,3,4,0.4,0.4
2026-07-28T1300,3662A,123.6341,47.2079,齐齐哈尔市,富区青少年活动中心,,24,24,29,15,12,72,NA,58,58,9,9,3,5,0.1,0.3
2026-07-28T1300,3663A,124.117,50.4279,大兴安岭地区,红旗社区,,22,NA,7,12,12,68,NA,38,38,5,9,5,4,0.2,0.4
2026-07-28T1300,3664A,119.4171,34.734,连云港市,连云街道,,37,32,36,21,18,116,NA,83,81,8,11,3,3,0.6,0.5
2026-07-28T1300,3665A,76.1654,39.7157,克孜勒苏柯尔克孜自治州,克州文化中心,颗粒物(PM10),88,103,140,44,67,131,NA,121,112,3,5,4,5,0.2,0.2
2026-07-28T1300,3667A,111.0279,35.0543,运城市,水利职院,,29,29,23,3,12,83,NA,68,68,2,3,4,4,0.8,0.8
2026-07-28T1300,3669A,114.4706,36.0634,安阳市,左辅环卫站,,29,27,33,20,21,82,NA,58,58,2,7,2,2,0.7,0.7
2026-07-28T1300,3670A,111.0522,35.0439,运城市,禹都公园,,27,17,20,4,13,84,NA,70,70,3,3,4,4,0.2,0.3
2026-07-28T1300,3671A,116.0879,39.9725,北京市,门头沟三家店,,41,22,30,12,19,131,NA,88,88,6,13,1,1,0.5,0.6
2026-07-28T1300,3672A,116.1507,39.8246,北京市,丰台云岗,,41,21,38,15,20,131,NA,85,85,4,12,5,4,0.3,0.4
2026-07-28T1300,3674A,115.9578,39.7602,北京市,房山燕山,,38,23,28,13,19,120,NA,85,85,2,6,2,2,0.3,0.4
2026-07-28T1300,3675A,116.4669,39.7734,北京市,大兴旧宫,,44,16,42,8,29,140,NA,93,93,8,16,2,2,0.3,0.4
2026-07-28T1300,3677A,98.5887,24.4366,德宏傣族景颇族自治州,芒市人民政府综合楼,,19,19,31,3,7,53,NA,21,21,5,8,9,8,0.7,0.8
2026-07-28T1300,3678A,116.5907,35.4054,济宁市,市第七中学,颗粒物(PM10),66,72,41,38,20,109,NA,44,44,14,16,6,7,0.7,0.5
2026-07-28T1300,3683A,109.8332,40.6577,包头市,昆区政府,,43,NA,32,25,24,135,NA,87,87,10,17,5,6,0.7,0.7
2026-07-28T1300,3684A,130.8639,45.8144,七台河市,新建矿广场,,21,7,12,2,6,66,NA,52,52,6,11,4,4,0.4,0.4
2026-07-28T1300,3685A,117.897,28.4316,上饶市,双创科技城,,19,6,20,4,9,60,NA,31,NA,2,10,2,4,0.4,0.7
2026-07-28T1300,3689A,113.9002,35.372,新乡市,行政服务中心,,25,21,27,17,14,74,NA,48,48,4,8,3,6,0.4,0.4
2026-07-28T1300,3690A,115.9718,28.7032,南昌市,外国语学校,,19,7,11,2,7,60,NA,43,43,1,5,11,12,0.6,0.6
2026-07-28T1300,3692A,118.2043,39.6703,唐山市,消防缸窑路中队,NA,NA,NA,52,28,38,135,NA,80,80,5,14,4,6,NA,0.7
2026-07-28T1300,3693A,118.1432,39.6203,唐山市,路南电大,,46,22,44,14,34,146,NA,109,109,4,12,2,3,0.5,0.6
2026-07-28T1300,3694A,115.9859,40.4562,北京市,延庆石河营,,38,20,32,14,22,121,NA,84,84,4,8,3,3,0.5,0.6
2026-07-28T1300,3695A,116.6151,40.3052,北京市,怀柔新城,,38,14,32,9,24,119,NA,78,78,4,6,1,1,0.7,0.8
2026-07-28T1300,3696A,116.2542,39.8764,北京市,丰台小屯,,42,26,37,15,21,132,NA,82,82,1,12,2,2,0.4,0.6
2026-07-28T1300,3697A,116.8399,40.3843,北京市,密云镇,,40,27,36,19,24,125,NA,82,82,5,12,3,2,0.5,0.7
2026-07-28T1300,3699A,111.6519,40.8389,呼和浩特市,海东办,,41,34,32,8,8,130,NA,96,96,7,12,8,8,0.3,0.3
2026-07-28T1300,3701A,116.9647,33.6252,宿州市,皖北煤电集团,,37,37,40,14,28,115,NA,67,67,8,10,6,6,0.5,0.5
2026-07-28T1300,3706A,122.2584,43.6333,通辽市,老干部活动中心,,49,NA,36,34,26,128,NA,95,95,4,7,6,7,0.9,0.7
2026-07-28T1300,3707A,131.0069,45.2988,鸡西市,欧美日汽修厂,,30,30,10,5,4,58,NA,50,NA,10,11,4,4,0.2,0.5
2026-07-28T1300,3708A,122.2923,43.6189,通辽市,东方明珠社区,,40,NA,35,25,22,127,NA,96,96,8,12,9,12,0.8,0.7
2026-07-28T1300,3710A,121.5593,29.8976,宁波市,白沙活动中心,,16,7,52,4,3,49,NA,34,34,5,7,10,9,0,0
2026-07-28T1300,3713A,124.3286,43.1726,四平市,世纪城,颗粒物(PM10),60,64,47,34,38,129,NA,98,98,2,8,4,4,0.8,0.6
2026-07-28T1300,3715A,117.3091,32.9314,蚌埠市,蚌埠田家炳中学,,32,29,39,6,15,101,NA,67,67,6,8,8,9,0.4,0.5
2026-07-28T1300,3719A,97.1707,31.1428,昌都市,昌都会议中心,,35,5,8,2,5,109,NA,72,70,5,4,2,2,0.3,0.3
2026-07-28T1300,3726A,88.8775,29.2425,日喀则市,林业技术推广中心,,28,14,8,0,1,87,NA,76,75,9,3,8,7,0.3,0.2
2026-07-28T1300,3728A,104.6701,28.8053,宜宾市,白酒学院,,32,27,19,18,13,100,NA,69,69,14,9,8,9,0.5,0.5
2026-07-28T1300,3734A,118.5753,37.4405,东营市,理想之城,,42,24,26,8,11,132,NA,83,83,8,20,12,9,0.6,0.7
2026-07-28T1300,3860A,118.3915,35.0297,临沂市,皇山花园小区,,40,31,37,17,19,126,NA,59,59,8,23,9,9,0.6,0.8
2026-07-28T1300,3861A,119.2046,36.7696,潍坊市,寒亭区实验一小,,50,39,26,10,8,159,NA,71,71,12,20,7,4,0.5,0.4
2026-07-28T1300,3866A,122.2469,40.663,营口市,三高中,细颗粒物(PM2.5),60,44,38,40,44,150,NA,132,132,4,3,9,9,0.6,0.6
2026-07-28T1300,3867A,102.074,36.5056,海东市,平安区公安局北苑,,36,24,32,7,16,115,NA,76,76,4,6,11,11,0.5,0.5
2026-07-28T1300,3981A,113.2456,35.18,焦作市,原李万街道办,NA,NA,24,27,18,13,106,NA,79,79,2,5,NA,3,0.4,0.4
2026-07-28T1300,3994A,102.2174,31.9016,阿坝藏族羌族自治州,马尔康中学西区,,27,NA,11,9,9,86,NA,41,41,3,3,3,3,0.2,0.2
2026-07-28T1300,4002A,109.2312,23.7428,来宾市,中南小学,,25,25,41,12,28,72,NA,52,52,4,7,6,6,0.5,0.6
2026-07-28T1300,4004A,115.4199,38.8665,保定市,双鹰农机,,40,26,34,10,24,128,NA,99,99,2,8,1,1,0.0,0
2026-07-28T1300,4006A,122.3622,40.6762,营口市,老边实验小学,,42,36,36,25,39,134,NA,122,122,7,12,5,5,0.6,0.6
2026-07-28T1300,4008A,112.5233,32.9921,南阳市,卧龙区政府,,20,8,17,7,9,61,NA,63,63,4,7,5,6,0.6,0.6
2026-07-28T1300,4010A,112.5608,37.8807,太原市,育英中学,,42,24,28,13,20,133,NA,82,82,6,13,8,8,0.3,0.4
2026-07-28T1300,4011A,103.8505,30.6946,成都市,光华大道三段,NA,NA,13,16,NA,8,127,NA,67,67,9,9,3,3,0.6,0.5
2026-07-28T1300,4017A,116.7926,33.9534,淮北市,市博物馆,,48,30,33,18,23,151,NA,86,86,8,7,2,3,0.4,0.4
2026-07-28T1300,4018A,116.0564,36.4609,聊城市,星美广场,,32,29,26,13,12,102,NA,59,59,3,9,4,4,0.5,0.3
2026-07-28T1300,4022A,102.1648,38.5369,金昌市,金川区人防中心,,34,31,46,6,20,106,NA,96,86,4,6,6,6,0.2,0.3
2026-07-28T1300,4024A,114.6491,37.9014,石家庄市,栾城区星河路,,40,NA,26,26,24,126,NA,73,73,6,15,1,3,0.1,0.3
2026-07-28T1300,4027A,75.9485,39.4688,喀什地区,老干局,颗粒物(PM10),101,122,187,38,64,127,NA,98,87,6,11,5,4,0.4,0.4
2026-07-28T1300,4028A,117.9955,37.3752,滨州市,滨州市西街道办事处,,50,31,30,10,17,157,NA,93,93,2,15,6,8,0.4,0.6
2026-07-28T1300,4033A,122.3124,29.9619,舟山市,普陀东港中学,NA,NA,NA,6,2,2,41,NA,30,30,2,5,6,6,0.6,0.6
2026-07-28T1300,4034A,115.515,38.8589,保定市,植保所站,,43,NA,32,20,23,135,NA,99,99,3,11,3,4,0.1,0.1
2026-07-28T1300,4036A,116.646,23.676,潮州市,金山,,20,18,9,6,5,64,NA,54,54,2,3,2,2,0.3,0.3
2026-07-28T1300,4051A,86.0791,44.3018,石河子市,世纪广场,NA,NA,37,28,NA,11,96,NA,63,63,2,13,3,4,0.4,0.4
2026-07-28T1300,4054A,109.0324,32.6913,安康市,市邮政管理局,,23,9,14,6,9,72,NA,52,52,4,5,1,2,0.6,0.7
2026-07-28T1300,4055A,108.8869,34.2662,西安市,行知小学,,30,15,30,5,15,94,NA,71,71,6,13,6,5,0.5,0.6
2026-07-28T1300,4056A,108.6601,34.3767,咸阳市,五陵塬路2号,,34,16,33,9,21,106,NA,76,76,7,13,5,5,0.5,0.6
2026-07-28T1300,4057A,115.9423,40.4431,北京市,延庆百泉,,42,21,32,13,20,134,NA,94,94,2,5,1,1,0.6,0.6
2026-07-28T1300,4058A,116.6598,39.9164,北京市,通州新华,,39,10,47,7,31,123,NA,87,87,4,11,1,4,0.6,0.9
2026-07-28T1300,4059A,114.4563,38.0365,石家庄市,裕华西路63号,,37,26,30,24,21,118,NA,85,85,5,8,3,2,0.4,0.5
2026-07-28T1300,4060A,114.5586,38.0581,石家庄市,和平路363号,,39,NA,25,21,26,123,NA,94,94,4,9,3,3,0.3,0.4
2026-07-28T1300,4061A,114.8347,38.0213,石家庄市,廉州西路160号,,38,30,33,19,22,119,NA,79,79,2,9,3,2,0.4,0.4
2026-07-28T1300,4062A,114.4498,38.0729,石家庄市,北城路41号,,42,29,34,21,18,132,NA,89,89,4,8,2,2,0.4,0.5
2026-07-28T1300,4063A,115.2124,37.9433,辛集市,市政府,,38,20,31,16,18,120,NA,89,89,7,12,5,5,0.3,0.4
2026-07-28T1300,4064A,115.2008,37.9338,辛集市,城管大队,,35,16,27,8,17,110,NA,87,87,3,8,2,3,0.4,0.5
2026-07-28T1300,4065A,118.1267,39.6579,唐山市,光明北路515号,,46,25,40,24,29,146,NA,116,116,7,11,2,3,0.2,0.4
2026-07-28T1300,4066A,119.7458,39.9952,秦皇岛市,南园路157号,臭氧1小时(O3_1h),78,57,49,39,32,182,NA,122,122,6,16,7,7,0.6,0.6
2026-07-28T1300,4067A,119.5131,39.8858,秦皇岛市,翠岛大街1号,细颗粒物(PM2.5),58,49,43,39,34,160,NA,119,119,7,11,5,5,0.7,0.8
2026-07-28T1300,4068A,114.5209,36.7697,邯郸市,建安街268号,细颗粒物(PM2.5),54,NA,33,37,20,102,NA,58,58,4,13,3,3,0.2,0.3
2026-07-28T1300,4069A,114.5488,36.6177,邯郸市,丛台东路558号,,50,50,40,24,23,106,NA,76,76,2,9,3,3,0.3,0.3
2026-07-28T1300,4070A,114.5558,37.0578,邢台市,襄都区政府南院,,39,39,42,26,23,102,NA,60,60,7,16,3,3,0.4,0.4
2026-07-28T1300,4071A,114.9883,38.5232,定州市,交通局,,50,50,62,20,23,129,NA,96,96,6,12,1,3,0.6,0.7
2026-07-28T1300,4072A,115.0045,38.5136,定州市,第五中学,,40,40,51,14,25,125,NA,86,86,6,13,4,4,0.4,0.5
2026-07-28T1300,4073A,117.9462,40.95,承德市,杏林街1号,,35,24,34,17,29,109,NA,79,79,2,7,4,5,0.5,0.6
2026-07-28T1300,4074A,112.449,37.8509,太原市,西矿街336号,,41,29,32,10,18,130,NA,88,88,8,15,8,8,0.4,0.4
2026-07-28T1300,4075A,112.4792,37.9393,太原市,迎宾北路9号,,41,35,30,23,21,131,NA,81,81,10,15,8,6,0.8,0.8
2026-07-28T1300,4076A,112.551,37.8575,太原市,迎泽大街248号,,41,31,32,23,19,129,NA,82,82,8,13,8,8,0.6,0.6
2026-07-28T1300,4077A,113.588,37.8712,阳泉市,宁波路,,32,28,32,21,21,102,NA,76,76,4,11,5,10,0.6,0.8
2026-07-28T1300,4078A,112.8246,35.5152,晋城市,前书院路,,24,22,17,3,5,74,NA,59,58,2,4,4,4,0.5,0.5
2026-07-28T1300,4079A,112.8864,35.4773,晋城市,祥云街666号,,23,15,16,9,9,72,NA,54,53,3,4,5,5,0.4,0.4
2026-07-28T1300,4080A,112.7375,37.7215,晋中市,广安街188号,,36,19,27,8,19,115,NA,86,86,2,7,9,9,0.2,0.2
2026-07-28T1300,4081A,111.0081,35.0748,运城市,学苑北路2555号,,25,20,22,13,14,80,NA,67,66,2,3,5,5,0.5,0.5
2026-07-28T1300,4082A,121.2548,38.8188,大连市,旅顺,,28,10,29,5,20,89,NA,86,86,8,13,6,7,0.4,0.5
2026-07-28T1300,4083A,123.153,41.2874,辽阳市,铁西路150号,颗粒物(PM10),60,63,65,13,36,160,NA,134,134,9,12,10,7,1.5,1.4
2026-07-28T1300,4084A,123.835,42.2853,铁岭市,新华街20号,臭氧1小时(O3_1h),84,41,51,22,30,187,NA,139,139,10,13,8,7,0.9,0.7
2026-07-28T1300,4085A,125.0998,42.9134,辽源市,安宁大街333号,,45,45,30,21,28,127,NA,110,110,3,8,4,5,0.7,0.6
2026-07-28T1300,4086A,118.7641,32.0841,南京市,新模范马路66号,,33,22,23,3,4,103,NA,54,54,2,2,5,4,0.2,0.2
2026-07-28T1300,4087A,120.3138,31.4927,无锡市,清舒道1号,,25,15,16,2,5,80,NA,41,41,5,9,8,8,0.3,0.4
2026-07-28T1300,4088A,117.1553,34.2567,徐州市,纺织东路16号,,42,31,31,13,24,133,NA,76,76,8,12,5,6,0.6,0.7
2026-07-28T1300,4089A,119.9551,31.863,常州市,崇义南街5-H号,,22,18,18,3,6,69,NA,33,33,6,13,6,7,0.6,0.6
2026-07-28T1300,4090A,120.4282,31.3228,苏州市,学森路9号,,29,19,20,5,4,90,NA,44,44,5,8,7,7,0.6,0.6
2026-07-28T1300,4091A,120.8692,31.9885,南通市,洪江路,,28,11,12,5,5,88,NA,36,36,8,14,6,6,0.5,0.6
2026-07-28T1300,4092A,119.119691,33.550006,淮安市,枚皋中路89号,,37,28,33,13,23,116,NA,61,61,7,11,8,9,0.7,0.8
2026-07-28T1300,4093A,119.5202,32.3705,扬州市,廖家沟步道,,31,16,25,7,10,97,NA,49,49,6,18,5,5,0.2,0.2
2026-07-28T1300,4094A,118.352,33.7886,宿迁市,春华路,,35,17,52,9,37,112,NA,64,64,6,12,9,8,0.3,0.4
2026-07-28T1300,4095A,121.8962,29.7529,宁波市,中科路88号,NA,NA,6,7,NA,0,48,NA,39,39,NA,4,6,6,0.4,0.4
2026-07-28T1300,4096A,120.6935,28.0114,温州市,鹿城惠民路,,15,11,14,2,4,46,NA,31,31,4,4,/,/,0.3,0.3
2026-07-28T1300,4097A,118.9646,28.9832,衢州市,衢州三中,,24,12,21,5,8,75,NA,37,37,7,13,3,3,0.6,0.6
2026-07-28T1300,4098A,117.2518,31.8404,合肥市,中国科学技术大学,,31,14,30,6,13,99,NA,68,68,5,13,11,11,0.6,0.8
2026-07-28T1300,4099A,118.5726,31.1371,芜湖市,湾沚区人民法院,,28,18,18,11,13,89,NA,49,49,5,10,5,4,0.6,0.6
2026-07-28T1300,4100A,116.8322,33.9884,淮北市,杜集区第一实验学校,,48,48,52,15,24,130,NA,72,72,7,12,5,5,0.6,0.6
2026-07-28T1300,4101A,118.3196,32.3335,滁州市,银山路666号,,38,25,29,14,16,120,NA,56,56,6,12,7,6,0.6,0.5
2026-07-28T1300,4102A,118.3426,32.2979,滁州市,黄山路555号,,38,34,34,16,15,119,NA,56,56,5,9,9,8,0.5,0.4
2026-07-28T1300,4103A,116.9929,33.6412,宿州市,中兴路,,38,38,52,16,28,95,NA,50,50,8,10,9,9,0.4,0.4
2026-07-28T1300,4104A,119.3106,26.0648,福州市,路通桥巷6号,,37,31,16,13,8,116,NA,54,54,6,10,/,/,/,/
2026-07-28T1300,4105A,118.6355,24.9148,泉州市,霞新路6号,,31,15,11,12,7,99,NA,56,56,11,12,/,/,0.3,0.3
2026-07-28T1300,4106A,115.7923,28.6873,南昌市,工业二路,,21,10,17,4,8,67,NA,43,43,2,6,6,6,0.4,0.5
2026-07-28T1300,4107A,113.8686,27.6668,萍乡市,联洪村委会,,18,13,12,12,4,43,NA,30,30,3,3,8,8,0.6,0.4
2026-07-28T1300,4108A,117.7107,36.2385,济南市,山财大街5号,,40,34,20,21,13,126,NA,84,84,6,17,6,4,1.2,1.1
2026-07-28T1300,4109A,116.9744,36.6889,济南市,无影山路12号,,43,41,26,30,14,126,NA,53,53,19,31,3,4,0.7,0.7
2026-07-28T1300,4110A,120.5222,36.4089,青岛市,盟旺路653号,,30,18,25,6,14,96,NA,75,73,6,8,7,7,0.7,0.8
2026-07-28T1300,4111A,116.6075,35.4566,济宁市,任和路,细颗粒物(PM2.5),76,51,32,48,17,94,NA,32,32,14,14,4,4,0.8,0.6
2026-07-28T1300,4112A,116.5648,35.3921,济宁市,文体南路1号,颗粒物(PM10),57,59,30,14,16,95,NA,40,40,11,16,2,4,0.5,0.4
2026-07-28T1300,4113A,116.0091,36.4495,聊城市,利民路,,34,9,18,5,10,108,NA,65,65,2,7,9,10,0.3,0.2
2026-07-28T1300,4114A,115.4239,35.2593,菏泽市,黄河路600号,,13,7,18,0,11,40,NA,53,49,9,9,4,6,0.3,0.3
2026-07-28T1300,4115A,115.5025,35.2727,菏泽市,菏泽市人社局,,12,3,17,2,10,38,NA,54,49,5,4,2,3,0.3,0.4
2026-07-28T1300,4116A,113.284,33.7139,平顶山市,姚电大道23号,,16,14,24,7,13,50,NA,44,44,12,17,8,7,0.7,0.7
2026-07-28T1300,4117A,114.2918,36.0769,安阳市,钢三路198号,,30,29,38,12,25,95,NA,61,61,2,4,2,2,0.4,0.6
2026-07-28T1300,4118A,115.0552,35.7816,濮阳市,中原东路68号,,19,18,34,1,10,58,NA,58,58,5,9,5,9,0.6,0.6
2026-07-28T1300,4119A,115.6701,34.3767,商丘市,北海东路185号,,17,17,40,1,21,54,NA,43,43,5,7,4,4,0.5,0.5
2026-07-28T1300,4120A,115.6172,34.3704,商丘市,中山大街3号,,30,30,43,2,17,51,NA,39,38,9,8,6,6,0.6,0.6
2026-07-28T1300,4121A,114.8466,33.7333,周口市,羲皇大道,,33,33,35,22,21,66,NA,43,40,16,8,3,3,0.8,0.7
2026-07-28T1300,4122A,112.6071,35.1015,济源市,市委党校,,36,35,27,25,11,97,NA,65,65,7,9,2,3,0.6,0.6
2026-07-28T1300,4123A,112.596,35.0702,济源市,沁园中路1号,,33,30,24,15,13,105,NA,75,75,6,8,2,3,0.4,0.5
2026-07-28T1300,4124A,112.2213,31.0654,荆门市,新台西路6号,,20,20,14,13,10,54,NA,45,45,6,5,7,7,0.7,0.6
2026-07-28T1300,4125A,113.946,30.8999,孝感市,天仙南路1号,,21,15,13,4,6,67,NA,39,39,8,7,7,6,0.3,0.2
2026-07-28T1300,4127A,111.9812,27.7591,娄底市,涟钢职大,,20,12,11,7,6,61,NA,36,36,2,4,1,3,0.5,0.4
2026-07-28T1300,4128A,112.0303,27.7457,娄底市,娄底体校,,20,19,19,14,8,59,NA,32,32,2,4,5,5,0.3,0.3
2026-07-28T1300,4129A,113.8666,23.1062,东莞市,裕兴路,NA,NA,NA,21,NA,11,51,NA,43,43,10,14,7,8,0.5,0.4
2026-07-28T1300,4130A,114.0076,22.9739,东莞市,教育路1号,,22,22,21,13,10,30,NA,35,35,27,17,7,8,0.7,0.7
2026-07-28T1300,4131A,113.7981,22.8124,东莞市,长怡路1号,,16,14,20,5,9,49,NA,36,36,8,18,5,6,0.6,0.6
2026-07-28T1300,4132A,108.2927,23.1477,南宁市,起凤路9号,,24,14,36,10,23,75,NA,54,54,4,10,2,2,0.5,0.6
2026-07-28T1300,4133A,106.6273,23.8798,百色市,龙景西路,,16,11,44,1,22,50,NA,25,25,8,13,6,11,0.3,0.5
2026-07-28T1300,4134A,110.1952,20.0451,海口市,长滨二路9号,,22,17,17,11,12,68,NA,54,54,2,4,/,/,/,/
2026-07-28T1300,4135A,109.1714,18.3739,三亚市,城东小学站,,20,15,19,8,9,63,NA,58,58,3,4,/,/,/,/
2026-07-28T1300,4136A,108.6971,30.9377,重庆市,云师幼儿园,,22,9,12,2,5,69,NA,57,57,2,3,4,4,0.5,0.4
2026-07-28T1300,4137A,107.3276,30.3284,重庆市,公安局,,38,22,23,9,13,119,NA,69,69,5,10,10,12,0.5,0.5
2026-07-28T1300,4138A,108.0575,30.3254,重庆市,忠县中学,,33,11,14,3,8,105,NA,48,48,3,7,6,6,0.6,0.6
2026-07-28T1300,4139A,109.4542,31.0182,重庆市,竹枝路2号,,22,4,8,2,4,68,NA,46,46,6,8,10,10,0.4,0.4
2026-07-28T1300,4140A,107.7422,29.871,重庆市,龙河路,,41,24,17,18,10,129,NA,74,74,10,9,12,10,0.7,0.6
2026-07-28T1300,4141A,108.7636,28.84,重庆市,桃花源中路,,18,15,18,6,4,55,NA,29,29,12,9,7,6,0.6,0.6
2026-07-28T1300,4142A,108.9758,28.4416,重庆市,秀山县高级中学,,20,2,6,1,3,61,NA,47,47,3,4,9,8,0.2,0.2
2026-07-28T1300,4143A,108.1558,29.2859,重庆市,河堡街,,17,5,10,5,8,53,NA,30,30,6,9,6,6,0.6,0.6
2026-07-28T1300,4144A,104.3257,30.6406,成都市,八角井街185号,,23,22,20,5,8,73,NA,66,63,4,9,5,5,0.3,0.5
2026-07-28T1300,4145A,104.4144,31.1495,德阳市,市林业局,,35,17,16,17,9,109,NA,79,79,12,10,9,10,0.7,0.6
2026-07-28T1300,4146A,104.7092,31.4972,绵阳市,科技城新区公安局,,40,18,13,6,7,127,NA,88,88,6,7,9,9,0.5,0.5
2026-07-28T1300,4147A,105.0433,29.6105,内江市,玉峰路西段888号,,25,20,19,15,12,77,NA,48,45,9,9,7,8,0.4,0.4
2026-07-28T1300,4148A,103.8836,30.0695,眉山市,眉职院,,31,31,16,16,4,80,NA,67,67,8,8,6,6,0.7,0.7
2026-07-28T1300,4149A,104.6146,28.7422,宜宾市,宜宾市职业技术学校,,32,31,19,20,14,100,NA,70,70,11,10,8,7,0.8,0.8
2026-07-28T1300,4150A,104.6646,30.1116,资阳市,正兴街66号,NA,NA,17,9,15,7,80,NA,72,68,NA,6,5,5,0.3,0.2
2026-07-28T1300,4151A,104.8899,26.5685,六盘水市,钟山大道中段564号,,22,20,16,6,8,69,NA,52,52,4,10,2,3,0.2,0.3
2026-07-28T1300,4152A,107.0425,27.7087,遵义市,乌江大道东段1号,,30,NA,19,21,15,77,NA,47,47,6,9,7,8,0.5,0.5
2026-07-28T1300,4153A,101.5536,25.0343,楚雄彝族自治州,团结路562号,NA,NA,NA,13,NA,8,79,NA,74,74,NA,8,2,4,0.7,0.8
2026-07-28T1300,4154A,103.401,23.3561,红河哈尼族彝族自治州,蒙自市朝阳路,NA,NA,14,12,1,6,42,NA,41,38,NA,2,6,5,0.3,0.3
2026-07-28T1300,4155A,107.1721,34.3558,宝鸡市,滨河北路,,38,32,28,26,19,99,NA,49,49,4,6,6,6,0.7,0.7
2026-07-28T1300,4156A,108.6372,34.3031,咸阳市,胭脂路9号,,40,18,36,10,25,128,NA,85,85,4,14,4,4,0.4,0.5
2026-07-28T1300,4157A,108.0371,34.3035,咸阳市,杨扶路,,38,20,28,15,28,120,NA,73,73,4,8,3,2,0.3,0.3
2026-07-28T1300,4158A,108.0895,34.2623,咸阳市,新桥路,,44,29,31,20,27,140,NA,76,76,10,16,5,4,0.3,0.4
2026-07-28T1300,4159A,110.4531,35.4578,渭南市,桢州大街,,35,30,31,13,21,109,NA,80,80,2,4,10,10,1.0,1
2026-07-28T1300,4160A,110.4368,35.4773,渭南市,太史大街,,30,25,34,14,18,96,NA,68,68,5,8,9,9,0.8,0.8
2026-07-28T1300,4161A,109.485,36.6347,延安市,志丹路,,26,22,30,14,17,82,NA,58,58,3,13,2,2,0.6,0.6
2026-07-28T1300,4162A,101.6769,36.6535,西宁市,海晏路105号,,45,NA,19,14,17,144,NA,85,85,5,9,4,5,0.3,0.4
2026-07-28T1300,4163A,102.0984,36.5119,海东市,滨河路,,44,12,23,7,16,140,NA,78,78,9,22,8,10,0.5,0.6
2026-07-28T1300,4164A,87.2057,43.9289,昌吉回族自治州,财政所,NA,NA,NA,35,NA,8,118,NA,69,69,NA,10,NA,8,0.4,0.1
2026-07-28T1300,4165A,82.9716,46.7464,塔城地区,文化广场,,22,17,18,3,8,68,NA,37,37,3,5,4,4,0.3,0.3
2026-07-28T1300,4166A,88.1198,47.7931,阿勒泰地区,阿勒泰路33号,,22,18,15,3,5,68,NA,50,50,8,6,7,7,0.4,0.4
2026-07-28T1300,4167A,86.0126,44.2349,石河子市,城南景苑小区,,30,20,27,5,10,96,NA,69,69,5,13,6,7,0.2,0.3
2026-07-28T1300,4168A,87.055284,43.999117,五家渠市,建设西街760号,颗粒物(PM10),56,58,29,14,10,115,NA,66,66,7,9,12,8,0.2,0.2
2026-07-28T1300,4180A,113.8157285,34.126705,许昌市,新元大道996号,NA,NA,NA,16,NA,11,49,NA,37,37,8,10,4,4,0.7,0.6
2026-07-28T1300,4181A,112.3571,28.5588,益阳市,龙洲站,,30,NA,18,21,8,60,NA,35,35,2,6,7,8,0.5,0.4
2026-07-28T1300,4182A,116.1942,39.9158,北京市,石景山八角,,43,24,38,15,20,137,NA,99,99,8,17,2,4,0.4,0.5
2026-07-28T1300,4183A,121.417401,31.16637,上海市,冠生园路458号,,24,12,14,12,7,74,NA,36,36,8,10,7,6,0.4,0.4
2026-07-28T1300,4184A,115.479691,35.244011,菏泽市,永昌路1号,,14,5,20,0,11,43,NA,57,54,10,8,6,6,0.2,0.2
2026-07-28T1300,4185A,115.078022,30.21118,黄石市,磁湖东路29号,,20,10,17,5,6,63,NA,40,40,13,14,4,4,0.5,0.6
2026-07-28T1300,4186A,117.194237,34.229354,徐州市,解放南路202号,,42,42,46,26,31,118,NA,58,58,9,13,8,8,0.8,0.8
2026-07-28T1300,4187A,112.3425,28.611,益阳市,幸福渠东路223号,,29,NA,14,20,8,62,NA,36,36,4,9,6,6,0.5,0.5
2026-07-28T1300,4188A,112.3712,28.5764,益阳市,益鑫泰路85号,,26,NA,13,18,8,57,NA,34,34,7,8,8,9,0.8,0.8
2026-07-28T1300,4189A,113.113092,36.199482,长治市,英华南巷50号,,26,16,24,5,14,82,NA,59,59,2,5,11,11,0.9,0.9
2026-07-28T1300,4190A,113.23666,36.33435,长治市,学府街1号,NA,NA,16,22,7,13,73,NA,63,63,2,2,6,6,NA,0.5
2026-07-28T1300,4191A,118.527362,31.722269,马鞍山市,慈湖高新区,,28,25,29,8,12,87,NA,47,47,7,11,4,6,0.5,0.4
2026-07-28T1300,4192A,115.931587,28.686774,南昌市,南京东路235号,,24,4,12,2,8,75,NA,56,56,4,7,4,5,0.6,0.6
2026-07-28T1300,4193A,115.471542,35.280012,菏泽市,长城路999号,,12,1,16,1,10,38,NA,51,47,11,8,8,8,0.5,0.6
2026-07-28T1300,4194A,117.078628,40.151726,北京市,平谷新城,,40,23,36,16,23,127,NA,94,94,3,5,1,1,0.5,0.7
2026-07-28T1300,4196A,117.24369,39.102911,天津市,光华路,,42,9,53,6,39,133,NA,92,92,2,8,7,6,0.1,0.3
2026-07-28T1300,4197A,118.130859,39.636026,唐山市,友谊北路34号,,26,20,53,2,18,81,NA,82,75,13,12,3,3,0.4,0.6
2026-07-28T1300,4198A,119.509013,39.825305,秦皇岛市,北戴河轮滑馆,颗粒物(PM10),58,60,56,38,28,162,NA,125,125,11,14,4,8,0.7,0.7
2026-07-28T1300,4199A,113.2798248,40.09972476,大同市,魏都大道141号,,40,35,33,8,16,126,NA,105,105,7,12,6,6,0.6,0.6
2026-07-28T1300,4200A,112.7478,37.6954,晋中市,迎宾街26号,,35,NA,20,16,17,111,NA,79,79,2,7,6,6,0.4,0.4
2026-07-28T1300,4201A,122.944647,41.082639,鞍山市,兴盛南路290号,NA,NA,32,50,22,42,151,NA,126,126,10,13,NA,5,0.8,0.9
2026-07-28T1300,4202A,113.9856,32.9802,驻马店市,交通路1233号,NA,NA,4,25,1,13,36,NA,32,27,9,12,NA,5,0.3,0.3
2026-07-28T1300,4203A,111.3168,30.7203,宜昌市,西陵二路116号,,13,9,11,3,2,41,NA,32,32,5,7,6,6,0.3,0.3
2026-07-28T1300,4204A,111.3526,30.6374,宜昌市,沈家店路6号,,12,10,16,7,7,38,NA,31,31,6,7,4,4,0.3,0.2
2026-07-28T1300,4205A,121.541914,31.268301,上海市,宁武路151号,,28,28,29,10,10,70,NA,34,34,7,15,7,7,0.5,0.5
2026-07-28T1300,4206A,119.028838,33.631911,淮安市,承德北路606号,,32,24,39,9,23,102,NA,53,53,4,10,7,6,0.6,0.7
2026-07-28T1300,4207A,120.12211,33.393982,盐城市,黄海中路88号,,31,31,34,8,12,98,NA,42,42,4,6,10,10,0.7,0.7
2026-07-28T1300,4209A,117.003137,32.644456,淮南市,国庆中路369号,,35,35,35,12,17,105,NA,60,60,11,15,11,13,0.3,0.3
2026-07-28T1300,4210A,118.335445,29.720283,黄山市,滨江东路7-2号,,20,18,26,3,6,61,NA,36,36,1,4,/,/,/,/
2026-07-28T1300,4211A,118.190438,28.444845,上饶市,裕丰大道,,18,9,13,6,7,56,NA,41,41,2,5,10,8,0.3,0.3
2026-07-28T1300,4212A,118.3039243,36.82708161,淄博市,广场路1号,,35,14,27,8,16,111,NA,67,67,6,24,7,6,0.4,0.6
2026-07-28T1300,4213A,121.364239,37.529648,烟台市,青年南路118号,,40,27,25,21,18,127,NA,95,95,12,14,8,7,0.5,0.4
2026-07-28T1300,4214A,112.460027,34.694929,洛阳市,春都路1号院,,19,NA,19,13,14,60,NA,48,48,6,9,3,4,0.4,0.4
2026-07-28T1300,4215A,113.916569,35.331547,新乡市,建设东路46号,,26,16,26,3,13,81,NA,52,52,1,10,6,7,0.6,0.6
2026-07-28T1300,4216A,115.0923632,35.76857718,濮阳市,任丘路479号,,18,11,37,3,14,57,NA,58,58,5,9,4,7,0.5,0.5
2026-07-28T1300,4217A,114.3182,29.8447,咸宁市,双鹤路18号,,18,10,10,7,5,57,NA,39,39,2,3,4,4,0.6,0.6
2026-07-28T1300,4218A,111.446,27.2472,邵阳市,北塔二期4-26地块,,26,26,15,17,10,61,NA,38,38,5,6,10,6,0.7,0.7
2026-07-28T1300,4219A,111.4739,27.2282,邵阳市,邵水西路287号,,35,28,14,24,13,70,NA,45,45,2,3,1,1,0.4,0.4
2026-07-28T1300,4220A,114.214113,22.713717,深圳市,黄阁路,,15,11,14,10,7,34,NA,31,31,10,6,6,7,0.9,0.8
2026-07-28T1300,4221A,108.2177,22.7774,南宁市,乐贤路16号,,22,6,35,6,19,70,NA,48,48,5,15,4,7,0.5,0.6
2026-07-28T1300,4222A,110.1835,25.2444,桂林市,环湖路276号,,22,17,14,8,12,68,NA,63,60,3,3,4,6,0.3,0.3
2026-07-28T1300,4223A,106.4686218,29.48920871,重庆市,双山路147号,,47,NA,26,17,10,148,NA,64,64,12,12,13,13,0.7,0.6
2026-07-28T1300,4224A,104.2433276,30.53529463,成都市,鲸龙路1057号,,32,9,10,7,9,100,NA,75,75,4,8,8,8,0.6,0.6
2026-07-28T1300,4225A,104.714266,29.338571,自贡市,贡兴路74号,NA,NA,NA,14,NA,10,NA,NA,50,47,NA,6,NA,9,NA,0.5
2026-07-28T1300,4226A,104.765114,31.453094,绵阳市,绵阳市气象局,NA,NA,NA,12,NA,7,108,NA,85,85,8,8,9,9,0.5,0.5
2026-07-28T1300,4227A,106.108336,30.788436,南充市,梨树横街98号,,33,18,17,11,10,103,NA,75,75,7,7,7,7,0.3,0.2
2026-07-28T1300,4229A,102.2342,27.8859,凉山彝族自治州,凯乐南路30号,,26,16,16,13,13,82,NA,57,57,11,13,8,7,0.5,0.6
2026-07-28T1300,4230A,106.688212,26.56952,贵阳市,花果园大街66号,,21,NA,16,11,8,66,NA,35,35,5,11,2,2,/,/
2026-07-28T1300,4231A,106.687268,26.516892,贵阳市,漓江路57号,,25,17,18,11,11,77,NA,35,35,4,11,3,3,0.5,0.5
2026-07-28T1300,4233A,108.596239,34.118792,西安市,西苑北路977号,,41,37,38,8,24,129,NA,78,78,7,10,2,5,0.4,0.4
2026-07-28T1300,4234A,108.949652,34.870529,铜川市,大唐三路,,27,NA,30,10,19,86,NA,64,64,4,7,6,7,0.5,0.6
2026-07-28T1300,4235A,109.5051,34.4921,渭南市,渭花路4号,,28,17,30,6,16,88,NA,65,65,1,7,10,9,0.4,0.4
2026-07-28T1300,4236A,103.629272,36.093822,兰州市,庄浪东路808号,,37,26,28,10,10,118,NA,58,58,9,14,10,9,0.3,0.3
2026-07-28T1300,4237A,103.7251,36.104344,兰州市,安宁西路88号,NA,NA,NA,23,NA,11,131,NA,84,84,5,5,8,8,0.6,0.3
2026-07-28T1300,4238A,103.846982,36.067567,兰州市,北滨河东路1号,,34,11,19,8,10,106,NA,58,58,8,11,11,11,0.5,0.5
2026-07-28T1300,4239A,102.193042,38.531887,金昌市,长春路96号,,33,29,55,10,20,105,NA,72,72,9,11,7,13,0.1,0.2
2026-07-28T1300,4240A,98.495752,39.733935,酒泉市,玉门东路5号,,34,19,36,15,19,106,NA,113,101,4,4,6,6,0.1,0.1
2026-07-28T1300,4241A,98.5099,39.7506,酒泉市,北大街108号,,35,24,40,20,22,110,NA,114,104,3,3,10,10,0.1,0.2
2026-07-28T1300,4242A,106.226373,38.491976,银川市,广场西路,,30,18,16,4,7,96,NA,70,70,4,9,5,5,0.2,0.2
2026-07-28T1300,4243A,92.0515,31.4787,那曲市,那曲市委宣传部,,34,7,9,3,6,108,NA,106,94,5,8,7,7,0.3,0.3
2026-07-28T1300,4244A,111.4879,36.053,临汾市,启星学校,,30,NA,26,21,14,94,NA,64,64,5,9,5,6,0.7,0.8
2026-07-28T1300,4245A,106.8609,27.5969,遵义市,遵南大道1161号,,39,39,25,15,14,94,NA,53,53,6,8,5,5,0.5,0.5
2026-07-28T1300,4246A,105.833962,30.18863087,重庆市,桃园路24号,,34,NA,17,11,11,106,NA,79,79,5,7,3,3,0.6,0.6
2026-07-28T1300,4247A,107.091033,29.153966,重庆市,钟楼街32号,,33,NA,21,11,11,103,NA,78,78,3,5,12,13,0.7,0.8
2026-07-28T1300,4248A,107.8042979,30.67350233,重庆市,人民南路309号,,25,21,30,2,6,79,NA,59,59,3,5,7,7,0.1,0.1
2026-07-28T1300,4249A,118.8707617,31.34017673,南京市,汶溪路181号,,30,20,17,3,5,93,NA,49,49,2,6,4,4,0.4,0.4
2026-07-28T1300,4250A,114.089259,33.588274,漯河市,韶山路11号,,15,NA,23,8,13,46,NA,40,40,8,11,7,7,0.4,0.4
2026-07-28T1300,4251A,112.1433,32.0581,襄阳市,铁院东路4号,NA,NA,71,20,16,8,53,NA,27,NA,NA,19,6,6,0.4,0.5
2026-07-28T1300,4252A,113.0138,25.8011,郴州市,好美居路49号,,22,19,13,9,6,68,NA,58,58,5,4,9,8,/,/
2026-07-28T1300,4253A,116.010205,29.659402,九江市,莲花大道8号,,17,2,16,0,6,53,NA,46,46,1,5,4,6,0.3,0.5
2026-07-28T1300,4254A,120.2925,31.5685,无锡市,健康路105号,,31,31,21,0,4,75,NA,37,37,5,15,6,6,0.6,0.7
2026-07-28T1300,4255A,110.16795,22.640993,玉林市,人民东路196号,,25,NA,20,17,19,54,NA,45,45,2,5,4,8,0.3,0.4
2026-07-28T1300,4256A,107.375,22.3736,崇左市,石景林东路7号,,31,31,25,16,19,88,NA,44,44,7,9,4,5,0.6,0.5
2026-07-28T1300,4257A,104.6092,35.5962,定西市,将台街,,28,11,23,2,7,89,NA,88,86,3,4,6,5,0.3,0.2
2026-07-28T1300,4258A,111.2416,23.4155,梧州市,政贤路18号,,34,34,27,14,12,65,NA,33,33,2,15,6,7,0.4,0.4
2026-07-28T1300,4259A,113.835877,34.0155267,许昌市,望田路111号,,16,8,17,8,12,50,NA,46,45,8,9,1,1,0.4,0.4
2026-07-28T1300,4260A,109.5933,23.095,贵港市,中山路155-3号,,27,22,34,12,22,84,NA,50,50,5,9,/,/,0.5,0.6
2026-07-28T1300,4261A,103.7247,27.3415,昭通市,环东路146号,,22,NA,20,15,12,69,NA,61,61,10,9,4,6,0.4,0.4
2026-07-28T1300,4263A,105.3688,27.3598,毕节市,工业大道,,25,15,18,9,9,78,NA,34,34,7,14,7,8,/,/
2026-07-28T1300,4264A,113.234,35.219,焦作市,新安路1731号,,40,36,24,28,12,104,NA,75,75,6,9,7,7,0.5,0.4
2026-07-28T1300,4265A,113.108806,29.353066,岳阳市,求索西路365号,,17,16,11,3,2,52,NA,38,38,6,9,2,2,0.2,0.2
2026-07-28T1300,4266A,117.7325,34.5683,枣庄市,文化路178号,,48,48,35,22,22,141,NA,75,75,10,21,9,13,0.6,0.5
2026-07-28T1300,4268A,112.1722,30.3366,荆州市,学苑路85号,,14,NA,19,9,7,43,NA,42,41,3,3,7,4,0.5,0.5
2026-07-28T1300,4269A,114.6701,33.6167,周口市,七一路,颗粒物(PM10),64,69,37,39,24,58,NA,52,51,7,8,1,2,0.6,0.6
2026-07-28T1300,4270A,102.6447,37.9293,武威市,钟楼街149号,,33,31,30,10,12,105,NA,73,73,3,8,11,11,0.3,0.3
2026-07-28T1300,4271A,103.2464,35.6123,临夏回族自治州,滨河东路1号,,31,25,34,9,14,98,NA,57,57,3,10,8,8,0.5,0.9
2026-07-28T1300,4273A,81.2737,43.9337,伊犁哈萨克自治州,安徽路800号,,31,27,41,3,13,98,NA,50,50,5,27,7,5,0.4,0.7
2026-07-28T1300,4274A,117.7994,40.9605,承德市,滨河大街98号,,36,21,33,2,20,113,NA,78,78,2,6,4,8,0.3,0.3
2026-07-28T1300,4275A,111.591512,40.827312,呼和浩特市,成吉思汗西街8号,,40,34,37,24,16,126,NA,79,79,12,24,6,5,0.5,0.5
2026-07-28T1300,4276A,111.6597,40.8077,呼和浩特市,公园东路75号,,38,36,28,8,15,119,NA,91,91,8,10,15,14,0.3,0.2
2026-07-28T1300,4277A,111.5427,40.7846,呼和浩特市,金海路35号,,38,38,37,9,17,116,NA,79,79,9,15,5,5,0.6,0.6
2026-07-28T1300,4278A,106.8212,39.6741,乌海市,海拉北路,,41,41,35,21,19,82,NA,57,57,12,12,6,9,0.5,0.4
2026-07-28T1300,4279A,119.7569,49.2222,呼伦贝尔市,伊敏大街东7号,,20,16,27,2,16,64,NA,62,62,9,12,6,6,0.3,0.3
2026-07-28T1300,4280A,122.0921,46.065,兴安盟,洮儿河南路,,37,37,28,4,17,116,NA,86,86,6,7,5,5,0.2,0.8
2026-07-28T1300,4281A,125.334645,43.916281,长春市,北亚泰大街1068号,,50,50,39,30,30,113,NA,88,88,7,12,2,2,0.7,0.7
2026-07-28T1300,4282A,126.6769,45.7379,哈尔滨市,华山路1号,,41,41,30,26,20,88,NA,60,60,5,12,5,6,0.2,0.2
2026-07-28T1300,4283A,126.9717,45.5356,哈尔滨市,解放大街52号,,33,33,27,16,7,88,NA,57,57,6,9,1,3,0.6,0.6
2026-07-28T1300,4284A,128.8325,47.8447,伊春市,永安路4-1号,,24,14,10,7,6,75,NA,43,43,1,4,2,2,0.3,0.3
2026-07-28T1300,4285A,130.363,46.806,佳木斯市,顺和街,,17,17,17,6,5,51,NA,34,34,8,14,2,2,0.3,0.2
2026-07-28T1300,4286A,130.3952,46.8268,佳木斯市,长安路196号,,24,24,19,4,5,57,NA,38,38,7,14,2,2,0.3,0.2
2026-07-28T1300,4287A,129.5992,44.5964,牡丹江市,东晓云街98号,,15,15,18,3,3,37,NA,38,38,10,6,6,6,0.3,0.2
2026-07-28T1300,4288A,117.2438,34.2844,徐州市,龙潭环路5号,,41,41,48,24,32,125,NA,65,65,9,15,5,6,0.5,0.6
2026-07-28T1300,4289A,117.154766,29.256967,景德镇市,青少年活动中心,,18,18,17,9,6,49,NA,36,36,11,10,38,14,/,/
2026-07-28T1300,4290A,120.196923,35.954556,青岛市,珠江路669号,,19,17,20,4,15,59,NA,75,54,5,11,4,4,0.3,0.4
2026-07-28T1300,4291A,120.0424,35.8656,青岛市,黄岛区人民政府广场,,19,17,16,4,10,60,NA,72,63,5,8,5,5,0.2,0.2
2026-07-28T1300,4292A,116.352738,37.420875,德州市,新河东路,,41,27,20,11,13,129,NA,74,74,8,20,8,8,0.7,0.6
2026-07-28T1300,4293A,113.605125,34.755221,郑州市,计划路2号,NA,NA,NA,23,17,16,109,NA,70,70,NA,11,2,2,0.4,0.3
2026-07-28T1300,4294A,113.6525645,34.77362682,郑州市,同乐路9号,,33,NA,20,19,17,104,NA,74,74,3,6,2,2,0.4,0.4
2026-07-28T1300,4295A,113.2722,35.2121,焦作市,人民路3066号,,36,28,22,25,15,100,NA,67,67,3,6,6,4,0.8,0.7
2026-07-28T1300,4296A,114.6421,33.6417,周口市,健康路46号,,39,39,34,16,18,48,NA,41,41,3,7,3,2,0.7,0.7
2026-07-28T1300,4297A,114.649,33.596,周口市,太昊路,颗粒物(PM10),73,82,49,27,20,49,NA,48,46,6,6,2,2,1.1,1.1
2026-07-28T1300,4298A,114.284,29.8595,咸宁市,碧桂路,,16,9,13,5,7,51,NA,34,34,4,6,4,4,0.4,0.4
2026-07-28T1300,4299A,111.6195,26.2253,永州市,徐家井路86号,,18,13,14,12,10,56,NA,41,41,5,7,4,5,0.8,0.8
2026-07-28T1300,4300A,114.4089,23.1147,惠州市,文华一路1号,,15,11,18,7,11,48,NA,36,36,6,7,/,/,/,/
2026-07-28T1300,4301A,110.2803,25.2773,桂林市,信义路13号,,20,14,17,9,13,64,NA,61,53,4,5,4,4,0.7,0.7
2026-07-28T1300,4302A,108.0901,24.6945,河池市,上任中路54号,,19,18,27,2,13,59,NA,40,40,8,10,4,5,0.9,0.9
2026-07-28T1300,4303A,105.5911,30.5368,遂宁市,环岛商务中心9号楼,,36,21,16,6,5,113,NA,74,74,4,5,8,8,0.5,0.5
2026-07-28T1300,4304A,106.1172,30.843,南充市,清泉寺北路188号,,32,16,16,13,9,101,NA,73,73,5,6,7,8,0.1,0.2
2026-07-28T1300,4305A,106.067,30.7616,南充市,同庆路1号,,31,14,16,13,10,99,NA,75,75,7,9,6,7,0.3,0.3
2026-07-28T1300,4306A,103.0544,30.0133,雅安市,滨江西路,,24,6,15,3,10,74,NA,91,75,6,8,8,8,0.6,0.6
2026-07-28T1300,4307A,108.9817,34.2035,西安市,曲江池东路988号,,26,24,24,2,11,81,NA,63,63,3,7,2,2,0.5,0.6
2026-07-28T1300,4308A,107.3898,34.3601,宝鸡市,陈仓区北开路21号,,37,37,33,23,22,96,NA,48,48,5,11,4,4,0.6,0.6
2026-07-28T1300,4309A,104.6159,35.5701,定西市,正龙路62号,,28,22,24,9,5,88,NA,87,86,4,5,4,5,0.2,0.2
2026-07-28T1300,4310A,103.207136,35.599807,临夏回族自治州,新华街21号,,32,NA,29,14,17,102,NA,60,60,4,6,9,10,0.4,0.4
2026-07-28T1300,4311A,122.0383,46.0691,兴安盟,科尔沁北路63号,,36,28,24,9,15,113,NA,84,84,4,7,4,3,0.7,0.5
2026-07-28T1300,4312A,119.019,31.6512,南京市,中山西路1号,NA,NA,14,20,2,6,85,NA,44,44,NA,13,4,4,0.6,0.5
2026-07-28T1300,4314A,114.0494,38.059,石家庄市,矿区区委大楼,,30,27,28,9,12,95,NA,62,62,2,5,4,2,0.3,0.4
2026-07-28T1300,4325A,105.3665,28.77434,泸州市,纳溪区委政协,,50,NA,21,35,25,120,NA,55,55,9,12,6,6,0.4,0.4
