timepoint,stationcode,longitude,latitude,area,positionname,primarypollutant,aqi,pm10,pm10_24h,pm2_5,pm2_5_24h,o3,o3_24h,o3_8h,o3_8h_24h,no2,no2_24h,so2,so2_24h,co,co_24h
2026-09-04T2100,1001A,116.3611,39.8786,北京市,万寿西宫,,36,36,30,14,13,89,NA,147,134,22,22,2,2,0.4,0.4
2026-09-04T2100,1003A,116.4174,39.9289,北京市,东四,,37,37,33,17,15,94,NA,162,150,20,22,3,3,0.3,0.3
2026-09-04T2100,1004A,116.4073,39.8858,北京市,天坛,,28,28,27,19,14,55,NA,134,112,9,14,1,2,0.5,0.5
2026-09-04T2100,1005A,116.4622,39.9364,北京市,农展馆,,32,32,32,17,16,86,NA,154,147,23,27,2,3,0.5,0.5
2026-09-04T2100,1006A,116.3399,39.9293,北京市,官园,,40,40,36,19,13,91,NA,144,134,19,27,4,3,0.4,0.4
2026-09-04T2100,1007A,116.2879,39.9613,北京市,海淀万柳,NA,NA,NA,NA,NA,NA,NA,NA,NA,NA,2,2,NA,NA,0.1,0.1
2026-09-04T2100,1008A,116.6635,40.1349,北京市,顺义新城,,34,34,25,16,12,70,NA,119,113,23,16,2,2,0.5,0.4
2026-09-04T2100,1009A,116.6275,40.327,北京市,怀柔镇,,23,17,21,10,11,71,NA,117,109,2,5,1,1,0.4,0.5
2026-09-04T2100,1010A,116.2295,40.217,北京市,昌平镇,,29,25,25,13,12,92,NA,134,130,9,13,1,1,0.4,0.4
2026-09-04T2100,1011A,116.3968,39.982,北京市,奥体中心,,33,33,28,17,14,70,NA,120,114,22,29,2,2,0.4,0.4
2026-09-04T2100,1015A,117.1446,39.1659,天津市,勤俭道,颗粒物(PM10),61,65,46,30,22,105,NA,173,164,38,35,5,5,0.8,0.8
2026-09-04T2100,1018A,117.2016,39.0928,天津市,前进道,臭氧1小时(O3_1h),101,110,45,52,22,201,NA,175,175,25,26,20,7,1.2,0.3
2026-09-04T2100,1019A,117.1837,39.2134,天津市,淮河道,颗粒物(PM10),71,79,51,28,21,88,NA,164,155,48,37,7,7,0.3,0.2
2026-09-04T2100,1021A,117.308261,39.088386,天津市,跃进路,细颗粒物(PM2.5),123,148,59,85,29,188,NA,178,178,30,32,23,7,2.3,0.6
2026-09-04T2100,1023A,117.707,39.0344,天津市,第四大街,颗粒物(PM10),61,65,53,27,24,84,NA,170,154,63,33,11,8,0.9,0.9
2026-09-04T2100,1024A,117.4573,38.8395,天津市,永明路,臭氧1小时(O3_1h),85,80,53,40,28,188,NA,204,204,22,29,10,6,1.6,1
2026-09-04T2100,1026A,117.7641,39.1588,天津市,汉北路,,41,41,57,14,25,102,NA,189,178,35,39,7,6,0.7,0.7
2026-09-04T2100,1030A,114.5919,38.0328,石家庄市,高新区,颗粒物(PM10),53,53,42,31,20,127,NA,159,154,20,15,1,4,0.6,0.5
2026-09-04T2100,1032A,114.4556,38.0136,石家庄市,西南高教,,50,50,38,28,14,96,NA,156,148,22,16,4,7,0.5,0.4
2026-09-04T2100,1033A,114.533,38.0177,石家庄市,世纪公园,,46,46,40,22,17,125,NA,159,150,13,11,2,4,0.8,0.7
2026-09-04T2100,1034A,114.5105,38.0489,石家庄市,人民会堂,,45,45,42,22,16,144,NA,156,154,12,15,4,7,0.5,0.4
2026-09-04T2100,1040A,118.1707,39.6505,唐山市,十二中,,41,41,51,15,22,83,NA,142,125,30,28,9,14,0.8,1.1
2026-09-04T2100,1041A,118.1868,39.6219,唐山市,小山,颗粒物(PM10),55,57,61,31,32,65,NA,135,109,29,18,22,18,0.7,0.9
2026-09-04T2100,1046A,119.5247,39.9346,秦皇岛市,建设大厦,颗粒物(PM10),53,53,44,20,15,52,NA,149,132,59,25,5,6,0.6,0.5
2026-09-04T2100,1049A,114.492,36.5712,邯郸市,矿院,,49,28,26,22,17,156,NA,176,173,8,8,5,7,0.4,0.4
2026-09-04T2100,1050A,114.4839,36.6136,邯郸市,丛台公园,,49,30,27,9,12,156,NA,170,169,5,8,11,12,0.4,0.5
2026-09-04T2100,1051A,115.4803,38.8568,保定市,游泳馆,,46,46,38,20,22,116,NA,132,126,13,18,2,1,0.5,0.5
2026-09-04T2100,1052A,115.509,38.8895,保定市,华电二区,,36,29,38,18,19,114,NA,136,130,12,15,3,2,0.3,0.3
2026-09-04T2100,1053A,115.4588,38.9037,保定市,接待中心,,42,42,41,24,22,117,NA,135,129,8,10,5,5,0.3,0.4
2026-09-04T2100,1054A,115.4484,38.8344,保定市,地表水厂,,45,45,44,23,20,84,NA,127,117,22,18,5,4,0.3,0.2
2026-09-04T2100,1057A,114.8884,40.8336,张家口市,人民公园,,42,42,25,24,12,71,NA,116,108,25,13,2,2,0.4,0.3
2026-09-04T2100,1059A,114.868581,40.804273,张家口市,五金库,颗粒物(PM10),53,54,28,20,8,54,NA,112,101,48,15,/,/,/,/
2026-09-04T2100,1060A,114.8901,40.762,张家口市,世纪豪园,,42,42,25,18,6,76,NA,107,102,22,12,6,6,0.4,0.3
2026-09-04T2100,1062A,117.9531,40.908,承德市,铁路,颗粒物(PM10),54,55,30,33,11,44,NA,101,92,18,15,9,12,0.7,0.5
2026-09-04T2100,1063A,117.9397,40.9763,承德市,中国银行,,35,35,28,9,11,40,NA,116,105,18,13,7,11,0.7,0.5
2026-09-04T2100,1067A,116.6712,39.5109,廊坊市,药材公司,,42,42,44,9,13,95,NA,144,137,9,21,2,2,0.4,0.4
2026-09-04T2100,1068A,116.7215,39.5592,廊坊市,开发区,,39,39,35,20,19,63,NA,156,139,24,24,3,2,0.4,0.4
2026-09-04T2100,1070A,116.7246,39.5273,廊坊市,北华航天学院,,45,45,35,17,16,86,NA,154,140,24,20,1,2,0.4,0.3
2026-09-04T2100,1071A,116.8733,38.2922,沧州市,沧县城建局,,41,41,41,25,26,123,NA,160,156,20,28,5,6,0.5,0.6
2026-09-04T2100,1072A,116.8462,38.3189,沧州市,电视转播站,颗粒物(PM10),52,52,43,24,18,91,NA,121,117,18,24,3,3,0.1,0.1
2026-09-04T2100,1073A,116.8588,38.3161,沧州市,市环保局,颗粒物(PM10),57,59,52,20,26,108,NA,149,142,27,28,4,6,0.2,0.3
2026-09-04T2100,1074A,115.6839,37.754,衡水市,电机北厂,,37,36,37,21,25,117,NA,156,149,17,21,5,7,0.5,0.5
2026-09-04T2100,1075A,115.6303,37.7318,衡水市,市监测站,,49,49,51,13,18,103,NA,155,146,20,22,3,3,0.6,0.5
2026-09-04T2100,1077A,114.4687,37.0883,邢台市,达活泉,颗粒物(PM10),53,54,36,22,14,121,NA,157,152,10,4,2,2,0.5,0.3
2026-09-04T2100,1078A,114.4954,37.0309,邢台市,邢师高专,,42,33,35,23,14,132,NA,153,150,10,9,3,4,0.6,0.7
2026-09-04T2100,1079A,114.5281,37.0857,邢台市,路桥公司,,38,37,26,13,10,121,NA,149,144,14,5,3,3,0.3,0.3
2026-09-04T2100,1080A,114.4721,37.0713,邢台市,市环保局,,50,50,39,24,15,135,NA,158,156,13,9,4,4,0.4,0.4
2026-09-04T2100,1081A,112.5138,37.8916,太原市,尖草坪,,45,45,33,27,16,123,NA,166,161,24,16,11,10,0.6,0.5
2026-09-04T2100,1084A,112.4691,37.7125,太原市,晋源,,36,35,31,25,16,105,NA,152,138,30,19,10,8,0.6,0.6
2026-09-04T2100,1085A,112.5595,37.7391,太原市,小店,,42,42,39,22,19,116,NA,158,150,25,25,9,9,0.5,0.6
2026-09-04T2100,1087A,112.5705,37.8199,太原市,坞城,,40,30,31,19,19,128,NA,159,153,19,20,15,14,0.8,0.9
2026-09-04T2100,1088A,112.5495,37.9853,太原市,南寨,二氧化氮(NO2),89,50,34,29,17,39,NA,149,112,178,48,5,11,0.6,0.7
2026-09-04T2100,1090A,111.6506,40.7517,呼和浩特市,呼市一监,颗粒物(PM10),55,56,35,28,17,94,NA,140,130,24,15,6,6,0.5,0.4
2026-09-04T2100,1094A,111.7516,40.8369,呼和浩特市,如意水处理厂,细颗粒物(PM2.5),52,48,35,36,19,106,NA,147,142,30,24,11,8,0.6,0.5
2026-09-04T2100,1095A,111.727798,40.806187,呼和浩特市,二十九中,颗粒物(PM10),59,62,36,27,18,120,NA,148,145,23,16,15,13,0.7,0.6
2026-09-04T2100,1097A,111.717,40.7617,呼和浩特市,化肥厂生活区,颗粒物(PM10),61,65,40,33,22,84,NA,149,137,41,18,10,10,0.7,0.5
2026-09-04T2100,1099A,123.5058,41.7084,沈阳市,浑南东路,,43,43,30,20,14,55,NA,118,105,39,18,9,9,0.6,0.8
2026-09-04T2100,1100A,123.4238,41.6992,沈阳市,新秀街,NA,NA,NA,NA,NA,NA,NA,NA,NA,NA,NA,NA,NA,NA,NA,NA
2026-09-04T2100,1102A,123.5903,41.8412,沈阳市,东陵路,,37,37,21,19,7,36,NA,94,79,30,16,6,8,0.5,0.4
2026-09-04T2100,1103A,123.4267,41.8466,沈阳市,陵东街,,30,25,20,21,8,8,NA,97,74,59,22,5,6,0.5,0.5
2026-09-04T2100,1104A,123.4116,41.7654,沈阳市,文化路,,30,30,24,19,8,64,NA,111,104,29,21,9,10,0.7,0.7
2026-09-04T2100,1105A,123.4673,41.787,沈阳市,小河沿,,29,23,21,20,9,55,NA,96,89,31,21,7,7,0.7,0.9
2026-09-04T2100,1106A,123.4019,41.7978,沈阳市,太原街,颗粒物(PM10),55,56,30,25,10,35,NA,112,98,50,17,6,8,0.8,0.9
2026-09-04T2100,1108A,123.3778,41.9233,沈阳市,京沈街,,34,34,23,16,8,78,NA,109,103,19,19,9,5,0.6,0.5
2026-09-04T2100,1109A,121.6119,38.974,大连市,甘井子,,30,30,32,16,15,81,NA,114,104,20,18,8,9,0.6,0.7
2026-09-04T2100,1110A,121.565,38.9509,大连市,周水子,,37,37,35,22,17,108,NA,118,107,21,20,7,10,0.6,0.5
2026-09-04T2100,1111A,121.5637,38.8849,大连市,星海三站,,33,33,34,21,14,83,NA,113,102,14,12,7,8,0.6,0.6
2026-09-04T2100,1112A,121.6301,38.9117,大连市,青泥洼桥,,33,33,35,18,17,63,NA,116,101,24,20,7,9,0.4,0.5
2026-09-04T2100,1113A,121.6248,38.8643,大连市,傅家庄,,30,22,28,10,14,93,NA,108,104,8,14,10,10,0.6,0.7
2026-09-04T2100,1114A,121.5117,38.8636,大连市,七贤岭,,33,33,30,9,10,95,NA,111,101,14,14,7,8,0.8,0.9
2026-09-04T2100,1116A,121.7507,39.1339,大连市,金州,,37,37,31,14,14,63,NA,111,99,27,12,10,9,0.6,0.6
2026-09-04T2100,1117A,121.7811,39.0495,大连市,开发区,,33,33,30,21,14,65,NA,105,97,33,17,5,6,0.7,0.8
2026-09-04T2100,1118A,121.9762,39.0631,大连市,双D港,,23,17,27,10,12,71,NA,103,92,4,9,7,9,0.3,0.5
2026-09-04T2100,1120A,125.2874,43.9024,长春市,客车厂,,34,34,50,18,29,34,NA,91,77,40,32,5,6,0.6,0.6
2026-09-04T2100,1121A,125.2943,43.8508,长春市,邮电学院,,30,29,35,21,28,34,NA,89,76,19,14,6,6,0.5,0.4
2026-09-04T2100,1122A,125.3648,43.8745,长春市,劳动公园,,39,39,46,27,36,41,NA,91,77,24,19,8,5,0.6,0.6
2026-09-04T2100,1123A,125.3233,43.8781,长春市,园林处,,36,36,46,24,32,41,NA,89,77,28,24,9,9,0.6,0.5
2026-09-04T2100,1124A,125.4604,43.7904,长春市,净月潭,,15,12,18,9,14,48,NA,83,72,25,6,7,7,0.3,0.3
2026-09-04T2100,1126A,125.38,43.8422,长春市,经开区环卫处,,39,39,41,20,26,8,NA,82,69,55,26,8,8,0.5,0.5
2026-09-04T2100,1127A,125.234,43.7761,长春市,高新区管委会,,42,42,46,26,33,25,NA,86,70,32,22,7,8,0.6,0.4
2026-09-04T2100,1128A,125.1695,43.83,长春市,岱山公园,,38,38,52,22,35,12,NA,86,67,68,35,4,5,0.7,0.6
2026-09-04T2100,1130A,126.5557,45.8109,哈尔滨市,松北商大,NA,NA,69,36,27,19,NA,NA,73,61,61,27,6,6,0.9,0.6
2026-09-04T2100,1132A,126.6162,45.719,哈尔滨市,南岗学府路,颗粒物(PM10),55,56,41,21,15,12,NA,80,66,50,27,5,5,0.8,0.4
2026-09-04T2100,1133A,126.6894,45.7733,哈尔滨市,太平宏伟公园,颗粒物(PM10),59,62,37,27,16,25,NA,75,66,45,20,7,8,0.6,0.3
2026-09-04T2100,1134A,126.6361,45.7672,哈尔滨市,道外承德广场,颗粒物(PM10),60,64,39,25,12,16,NA,77,64,55,22,4,4,0.6,0.5
2026-09-04T2100,1136A,126.644,45.7261,哈尔滨市,动力和平路,,47,47,43,18,14,10,NA,80,64,58,27,6,7,0.8,0.5
2026-09-04T2100,1137A,126.5933,45.7479,哈尔滨市,道里建国路,颗粒物(PM10),61,65,31,36,14,14,NA,79,67,54,27,5,5,1.1,0.6
2026-09-04T2100,1138A,126.6127,45.6119,哈尔滨市,平房东轻厂,颗粒物(PM10),60,63,28,24,18,4,NA,79,60,70,34,12,8,0.8,0.5
2026-09-04T2100,1139A,126.5875,45.9827,哈尔滨市,呼兰师专,颗粒物(PM10),51,51,40,24,16,37,NA,67,58,30,18,6,5,0.7,0.5
2026-09-04T2100,1140A,126.6299,45.6799,哈尔滨市,省农科院,NA,NA,164,48,NA,18,18,NA,79,61,46,31,4,5,0.8,0.6
2026-09-04T2100,1141A,121.401,31.2382,上海市,普陀,,28,20,28,12,16,88,NA,103,100,11,11,5,5,0.2,0.2
2026-09-04T2100,1142A,121.4774,31.2043,上海市,十五厂,,25,20,26,12,16,80,NA,93,88,7,5,5,4,0.5,0.6
2026-09-04T2100,1143A,121.4673,31.3011,上海市,虹口,,25,23,32,13,15,78,NA,96,92,11,6,4,4,0.3,0.3
2026-09-04T2100,1147A,121.4253,31.226,上海市,静安监测站,,29,23,27,13,16,91,NA,105,103,12,10,7,6,0.6,0.7
2026-09-04T2100,1148A,121.7029,31.1905,上海市,浦东川沙,,30,24,27,11,15,95,NA,101,99,7,8,9,9,0.7,0.7
2026-09-04T2100,1149A,121.5339,31.229,上海市,浦东新区监测站,,25,22,27,12,17,77,NA,88,85,12,12,9,8,0.4,0.4
2026-09-04T2100,1150A,121.5776,31.2038,上海市,浦东张江,,28,28,29,13,16,74,NA,98,88,18,10,6,7,0.3,0.3
2026-09-04T2100,1151A,118.8033,32.1085,南京市,迈皋桥,NA,NA,24,16,12,3,NA,NA,97,94,20,6,5,4,0.4,0.3
2026-09-04T2100,1152A,118.7487,32.057,南京市,草场门,,27,24,18,9,4,84,NA,111,106,19,12,7,7,0.5,0.5
2026-09-04T2100,1154A,118.770105,32.004342,南京市,中华门,,27,27,20,12,4,78,NA,103,98,7,4,6,7,0.1,0.1
2026-09-04T2100,1155A,118.8059,32.0329,南京市,瑞金路,,26,24,21,10,4,82,NA,109,103,15,9,4,4,0.3,0.3
2026-09-04T2100,1156A,118.7946,32.0774,南京市,玄武湖,,32,32,24,10,4,66,NA,107,98,27,11,3,4,0.4,0.4
2026-09-04T2100,1157A,118.6415,32.0964,南京市,浦口,,30,30,24,7,4,86,NA,111,106,16,12,4,5,0.3,0.6
2026-09-04T2100,1158A,118.730129,32.000956,南京市,奥体中心,,29,27,22,10,4,90,NA,116,111,15,10,9,8,0.4,0.4
2026-09-04T2100,1159A,118.9072,32.1047,南京市,仙林大学城,,36,36,24,16,4,68,NA,97,91,21,12,4,4,0.3,0.3
2026-09-04T2100,1163A,120.5974,31.3247,苏州市,轧钢厂,,39,39,32,17,13,80,NA,106,98,20,16,6,5,0.8,0.8
2026-09-04T2100,1164A,120.6329,31.2741,苏州市,吴中区,,40,40,34,20,15,79,NA,105,96,14,12,5,5,0.6,0.5
2026-09-04T2100,1165A,120.5566,31.3049,苏州市,苏州新区,NA,NA,34,29,20,17,NA,NA,111,104,13,12,7,7,0.5,0.6
2026-09-04T2100,1166A,120.668709,31.312523,苏州市,苏州工业园区,NA,NA,NA,24,NA,11,NA,NA,79,NA,NA,11,NA,10,NA,0.7
2026-09-04T2100,1167A,120.6408,31.3707,苏州市,相城区,,34,34,27,17,12,89,NA,108,101,8,9,1,2,0.7,0.7
2026-09-04T2100,1168A,120.9056,31.9669,南通市,狼山街道,,32,23,19,15,10,100,NA,109,108,6,4,4,4,0.5,0.5
2026-09-04T2100,1170A,120.8635,32.0231,南通市,城中,,29,28,26,16,9,91,NA,106,104,8,6,1,1,0.4,0.4
2026-09-04T2100,1171A,120.9376,31.9301,南通市,星湖花园,,31,24,20,13,10,97,NA,105,104,6,6,3,3,0.5,0.5
2026-09-04T2100,1172A,120.8053,32.046,南通市,紫琅学院,,28,25,17,15,8,89,NA,104,102,5,3,2,2,0.6,0.6
2026-09-04T2100,1173A,119.1759,34.5885,连云港市,市环境监测站,,35,19,27,7,15,112,NA,142,134,9,20,7,10,0.5,0.7
2026-09-04T2100,1180A,117.257,34.2161,徐州市,新城区,,38,34,38,13,19,119,NA,155,152,12,10,11,11,0.6,0.6
2026-09-04T2100,1182A,117.2933,34.2796,徐州市,农科院,颗粒物(PM10),108,139,43,35,24,108,NA,150,142,25,25,15,10,0.7,0.7
2026-09-04T2100,1186A,119.3895,32.377,扬州市,邗江监测站,,31,31,22,14,6,93,NA,110,107,14,8,7,7,0.4,0.4
2026-09-04T2100,1188A,120.2693,31.4864,无锡市,雪浪,,44,44,33,19,12,83,NA,118,105,17,14,6,6,0.3,0.5
2026-09-04T2100,1189A,120.2761,31.621,无锡市,黄巷,,39,39,29,16,9,83,NA,102,94,17,15,6,6,1.0,1
2026-09-04T2100,1191A,120.2422,31.5037,无锡市,漆塘,NA,NA,40,35,23,12,NA,NA,NA,NA,NA,NA,NA,NA,NA,NA
2026-09-04T2100,1192A,120.3489,31.5865,无锡市,东亭,,26,24,20,15,11,82,NA,104,95,16,17,7,7,0.6,0.6
2026-09-04T2100,1193A,120.3538,31.5474,无锡市,旺庄,NA,NA,NA,27,NA,10,92,NA,117,106,12,12,NA,6,0.6,0.8
2026-09-04T2100,1194A,120.2447,31.5633,无锡市,荣巷,,41,41,30,17,11,86,NA,106,96,16,15,6,7,0.1,0.6
2026-09-04T2100,1195A,120.2986,31.6816,无锡市,堰桥,,32,29,24,22,11,87,NA,104,97,13,10,6,5,0.6,0.7
2026-09-04T2100,1196A,119.9524,31.7586,常州市,市监测站,,29,29,15,12,6,81,NA,90,88,10,7,6,5,0.4,0.4
2026-09-04T2100,1200A,119.9351,31.703,常州市,武进监测站,,30,30,22,15,8,91,NA,103,98,11,8,8,7,0.4,0.4
2026-09-04T2100,1203A,119.6708,32.187,镇江市,新区办事处,,37,37,26,20,11,90,NA,103,100,21,20,5,5,0.5,0.4
2026-09-04T2100,1204A,119.497455,32.196732,镇江市,职教中心,,32,32,22,17,9,80,NA,103,97,18,10,4,5,0.4,0.3
2026-09-04T2100,1205A,119.43,32.1328,镇江市,丹徒区监测站,,30,26,19,14,7,96,NA,111,109,16,10,8,6,0.3,0.4
2026-09-04T2100,1206A,119.9042,32.488,泰州市,公园路,,32,24,17,13,8,100,NA,103,102,5,5,8,8,0.3,0.3
2026-09-04T2100,1207A,119.9189,32.4626,泰州市,莲花,,31,29,20,11,8,97,NA,101,100,4,3,9,9,0.4,0.4
2026-09-04T2100,1209A,119.8877,32.4636,泰州市,留学生创业园,,33,27,22,13,10,104,NA,108,108,4,3,8,8,0.5,0.5
2026-09-04T2100,1210A,119.0566,33.5991,淮安市,钵池山,,30,29,27,19,13,95,NA,112,111,16,13,5,5,0.4,0.4
2026-09-04T2100,1211A,119.0083,33.578,淮安市,北京南路,,34,29,27,16,10,107,NA,118,118,15,14,6,6,0.6,0.6
2026-09-04T2100,1212A,118.9938,33.6083,淮安市,市监测站,,36,22,18,14,12,113,NA,122,122,10,10,8,8,0.7,0.7
2026-09-04T2100,1213A,119.135,33.5038,淮安市,楚州区监测站,,32,20,19,15,10,102,NA,105,105,11,10,6,6,0.8,0.8
2026-09-04T2100,1216A,120.1554,33.3941,盐城市,市监测站,,30,27,21,10,7,96,NA,119,113,10,7,6,6,0.6,0.6
2026-09-04T2100,1218A,120.214332,33.37951,盐城市,开发区管委会,,31,27,25,11,10,97,NA,109,107,7,7,10,10,0.6,0.5
2026-09-04T2100,1220A,118.2924,33.933,宿迁市,宿迁学院,,34,29,31,15,18,106,NA,143,139,19,14,2,4,0.6,0.7
2026-09-04T2100,1221A,118.2321,33.9572,宿迁市,宿迁中学,,34,28,31,15,19,107,NA,134,131,22,19,5,8,0.6,0.6
2026-09-04T2100,1223A,120.2073,30.2111,杭州市,滨江,,45,45,33,28,16,89,NA,128,126,23,16,5,5,0.5,0.4
2026-09-04T2100,1224A,120.0625,30.2737,杭州市,西溪,NA,NA,32,28,24,16,NA,NA,111,108,13,10,4,4,0.4,0.4
2026-09-04T2100,1226A,120.3417,30.315,杭州市,下沙,NA,NA,34,24,27,17,NA,NA,132,132,18,11,4,4,0.9,0.8
2026-09-04T2100,1227A,120.1252,30.2465,杭州市,卧龙桥,,31,31,24,20,14,78,NA,112,107,12,11,6,6,0.4,0.4
2026-09-04T2100,1228A,120.1902,30.2691,杭州市,浙江农大,,38,38,30,25,16,75,NA,111,109,21,13,6,7,0.7,0.7
2026-09-04T2100,1230A,120.1195,30.3121,杭州市,和睦小学,,30,30,21,20,15,82,NA,115,112,15,10,6,6,0.6,0.6
2026-09-04T2100,1231A,120.3076,30.4146,杭州市,临平镇,,41,41,32,22,15,87,NA,142,129,12,9,7,7,0.8,0.7
2026-09-04T2100,1232A,120.2753,30.1839,杭州市,城厢镇,,39,39,29,25,16,75,NA,110,107,11,9,6,6,0.6,0.7
2026-09-04T2100,1233A,120.0883,30.1808,杭州市,云栖,,33,33,27,23,14,80,NA,104,102,15,10,6,6,0.7,0.7
2026-09-04T2100,1234A,121.8352,29.9111,宁波市,区环保大楼,,41,41,32,12,12,67,NA,74,68,16,15,5,6,0.6,0.4
2026-09-04T2100,1235A,121.5595,29.8208,宁波市,万里学院,,25,25,21,10,10,77,NA,93,81,7,8,9,5,0.5,0.5
2026-09-04T2100,1236A,121.713,29.9564,宁波市,龙赛医院,,40,40,32,10,10,82,NA,89,81,5,6,8,8,0.3,0.3
2026-09-04T2100,1240A,121.5855,29.8635,宁波市,太古小学,,27,27,23,10,11,76,NA,89,78,2,3,4,4,0.6,0.6
2026-09-04T2100,1241A,121.5239,29.8673,宁波市,市环境监测中心,,25,22,22,11,11,78,NA,93,82,4,4,4,3,0.8,0.8
2026-09-04T2100,1242A,120.6342,28.0088,温州市,瓯海,,29,29,22,20,14,60,NA,62,61,18,19,6,6,0.5,0.4
2026-09-04T2100,1243A,120.6747,27.9881,温州市,南浦,,32,32,23,22,13,57,NA,65,63,14,14,6,6,0.5,0.4
2026-09-04T2100,1244A,120.76,27.9745,温州市,龙湾,,37,37,30,16,12,49,NA,63,61,24,19,6,7,0.7,0.7
2026-09-04T2100,1247A,120.6053,29.9927,绍兴市,城东开发委,,26,22,33,13,18,82,NA,123,116,10,12,5,6,0.7,0.7
2026-09-04T2100,1250A,120.075,30.867,湖州市,城西水厂,,35,35,29,20,16,93,NA,146,132,17,13,6,7,0.4,0.5
2026-09-04T2100,1252A,120.7439,30.778,嘉兴市,清河小学,,34,34,29,14,11,89,NA,115,106,10,10,5,5,0.5,0.5
2026-09-04T2100,1253A,120.7261,30.7477,嘉兴市,嘉兴学院,,30,26,22,19,15,93,NA,120,111,9,10,4,5,0.5,0.5
2026-09-04T2100,1255A,121.2727,28.6461,台州市,黄岩环保大楼,,23,23,25,10,12,65,NA,78,76,6,5,/,/,/,/
2026-09-04T2100,1256A,121.4188,28.6545,台州市,台州环保大楼,NA,NA,21,24,9,10,71,NA,84,81,NA,3,/,/,0.8,0.8
2026-09-04T2100,1257A,121.3768,28.5772,台州市,路桥田洋王,,22,21,22,9,11,70,NA,84,81,4,4,6,6,0.5,0.5
2026-09-04T2100,1258A,122.1223,30.0203,舟山市,定海檀枫,,37,37,29,12,15,80,NA,77,77,3,4,7,7,0.6,0.6
2026-09-04T2100,1260A,122.1898,29.9945,舟山市,临城新区,,26,22,19,13,12,82,NA,79,79,4,6,5,5,0.6,0.6
2026-09-04T2100,1262A,119.6478,29.0773,金华市,十五中,,34,34,25,17,13,74,NA,86,84,18,12,4,3,0.5,0.4
2026-09-04T2100,1263A,119.6859,29.1032,金华市,监测站,,30,30,24,16,13,74,NA,79,79,17,12,2,2,0.5,0.5
2026-09-04T2100,1264A,118.8694,28.94,衢州市,环保大楼,,34,34,27,22,16,66,NA,86,83,15,14,/,/,/,/
2026-09-04T2100,1266A,118.8622,28.9809,衢州市,衢州学院,,29,29,23,17,14,60,NA,81,76,16,15,7,5,0.6,0.6
2026-09-04T2100,1267A,119.9141,28.4513,丽水市,监测站大楼,,27,27,25,12,11,84,NA,72,72,10,16,5,6,0.6,0.6
2026-09-04T2100,1268A,119.93,28.4589,丽水市,莲都小学,NA,NA,31,25,16,12,76,NA,74,74,NA,14,/,/,/,/
2026-09-04T2100,1269A,119.8794,28.4232,丽水市,余庄前,,34,34,29,14,11,12,NA,56,47,15,11,5,5,0.6,0.5
2026-09-04T2100,1270A,117.1957,31.7845,合肥市,明珠广场,,35,34,22,10,7,110,NA,116,116,10,7,10,10,0.6,0.6
2026-09-04T2100,1271A,117.307,31.8765,合肥市,三里街,,32,29,24,9,7,101,NA,107,107,13,9,12,12,0.6,0.6
2026-09-04T2100,1272A,117.2587,31.8703,合肥市,琥珀山庄,,35,27,22,10,7,112,NA,114,114,10,9,6,6,0.4,0.4
2026-09-04T2100,1275A,117.2593,31.9376,合肥市,庐阳区,,34,34,25,15,11,102,NA,114,114,15,9,8,9,0.8,0.8
2026-09-04T2100,1276A,117.345251,31.861615,合肥市,瑶海区,,34,31,20,11,7,108,NA,112,112,8,5,3,4,0.5,0.5
2026-09-04T2100,1277A,117.3033,31.7967,合肥市,包河区,,31,31,23,11,6,85,NA,97,96,35,19,6,6,0.2,0.2
2026-09-04T2100,1278A,117.278,31.7392,合肥市,滨湖新区,,34,34,23,14,7,106,NA,115,115,13,7,8,8,0.7,0.6
2026-09-04T2100,1279A,117.1324,31.8395,合肥市,高新区,,36,36,27,17,10,101,NA,113,112,25,14,8,8,0.5,0.5
2026-09-04T2100,1282A,119.2681,26.0506,福州市,师大,,27,27,19,15,7,18,NA,33,32,16,9,5,5,0.4,0.3
2026-09-04T2100,1283A,119.2983,26.1028,福州市,五四北路,,37,37,18,24,7,8,NA,36,30,27,11,5,5,0.5,0.3
2026-09-04T2100,1284A,119.2648,26.0769,福州市,杨桥西路,,29,29,18,14,8,14,NA,36,34,19,10,4,4,/,/
2026-09-04T2100,1287A,118.1519,24.4768,厦门市,洪文,,20,20,15,14,9,50,NA,86,67,8,8,2,2,0.3,0.3
2026-09-04T2100,1288A,118.0671,24.4447,厦门市,鼓浪屿,,21,21,15,13,8,48,NA,91,65,9,8,2,2,/,/
2026-09-04T2100,1291A,115.8887,28.7006,南昌市,省林业公司,,35,19,20,8,15,112,NA,127,125,3,3,6,7,0.4,0.5
2026-09-04T2100,1292A,115.813,28.7443,南昌市,林科所,,35,19,18,8,15,110,NA,110,110,9,7,7,8,0.4,0.5
2026-09-04T2100,1294A,115.8518,28.687,南昌市,建工学校,,32,25,35,8,14,100,NA,106,106,9,8,8,8,0.5,0.7
2026-09-04T2100,1295A,115.8926,28.6425,南昌市,象湖,,29,16,17,8,13,92,NA,102,102,12,11,9,8,0.4,0.4
2026-09-04T2100,1299A,116.9866,36.6118,济南市,科干所,臭氧1小时(O3_1h),54,41,25,21,11,163,NA,182,182,20,17,8,7,0.3,0.2
2026-09-04T2100,1300A,116.9379,36.6652,济南市,农科所,颗粒物(PM10),51,51,40,22,16,139,NA,195,191,25,29,6,7,0.4,0.3
2026-09-04T2100,1301A,117.1265,36.6736,济南市,开发区,"颗粒物(PM10),臭氧1小时(O3_1h)",53,54,36,20,13,162,NA,195,193,25,27,10,9,0.5,0.4
2026-09-04T2100,1303A,117.0616,36.6865,济南市,省种子仓库,颗粒物(PM10),60,63,48,24,16,147,NA,180,178,24,31,9,9,0.5,0.5
2026-09-04T2100,1304A,116.9495185,36.644937,济南市,机床二厂,臭氧1小时(O3_1h),79,54,39,21,15,183,NA,214,213,24,28,9,9,0.6,0.5
2026-09-04T2100,1305A,117.0496,36.6629,济南市,市监测站,NA,NA,51,37,22,13,NA,NA,188,188,16,21,7,7,0.7,0.6
2026-09-04T2100,1306A,116.7674,36.5458,济南市,长清党校,NA,NA,NA,25,NA,9,NA,NA,151,NA,NA,33,NA,6,NA,0.4
2026-09-04T2100,1310A,120.404,36.0625,青岛市,市南区东部子站,,34,19,22,8,10,107,NA,118,115,10,12,7,7,0.4,0.4
2026-09-04T2100,1311A,120.362344,36.10282,青岛市,四方区子站,,37,24,23,7,11,116,NA,130,125,7,10,5,5,0.4,0.4
2026-09-04T2100,1312A,120.294373,36.054183,青岛市,市南区西部子站,,35,17,27,5,13,112,NA,121,113,6,13,7,8,0.5,0.5
2026-09-04T2100,1313A,120.4581,36.0858,青岛市,崂山区子站,,34,31,22,11,11,108,NA,116,115,7,6,8,8,0.4,0.4
2026-09-04T2100,1315A,120.3945,36.3083,青岛市,城阳区子站,,34,29,31,10,16,106,NA,138,132,12,10,4,5,0.3,0.3
2026-09-04T2100,1316A,113.6843,34.7622,郑州市,烟厂,NA,NA,NA,45,NA,26,NA,NA,140,NA,NA,21,NA,9,NA,0.6
2026-09-04T2100,1318A,113.669,34.8034,郑州市,银行学校,,46,34,32,32,26,137,NA,156,151,20,18,6,7,0.3,0.4
2026-09-04T2100,1319A,113.5612,34.8143,郑州市,供水公司,,43,34,44,21,25,135,NA,161,155,22,25,10,11,0.6,0.6
2026-09-04T2100,1320A,113.7269,34.7187,郑州市,经开区管委,,45,29,36,23,21,141,NA,163,158,18,17,4,5,0.6,0.6
2026-09-04T2100,1321A,113.7332,34.7727,郑州市,四十七中,,39,29,46,26,23,122,NA,160,152,21,14,5,6,0.6,0.5
2026-09-04T2100,1323A,113.6361,34.7537,郑州市,河医大,,43,NA,42,21,24,137,NA,155,150,18,19,7,8,0.4,0.4
2026-09-04T2100,1325A,114.3676,30.5584,武汉市,东湖梨园,,40,21,26,19,20,126,NA,114,114,14,11,8,8,0.4,0.4
2026-09-04T2100,1326A,114.2527,30.5578,武汉市,汉阳月湖,,41,28,30,24,20,129,NA,116,116,12,10,5,4,0.5,0.5
2026-09-04T2100,1327A,114.2819,30.6189,武汉市,汉口花桥,,42,28,29,20,19,134,NA,119,119,12,10,7,7,0.3,0.3
2026-09-04T2100,1328A,114.3024,30.5332,武汉市,武昌紫阳,,38,29,34,15,20,121,NA,109,109,11,10,9,9,0.4,0.4
2026-09-04T2100,1329A,114.3646,30.6217,武汉市,青山钢花,,37,37,33,21,21,117,NA,111,110,18,13,9,9,0.6,0.6
2026-09-04T2100,1330A,114.156697,30.482592,武汉市,沌口新区,,43,28,26,18,21,137,NA,128,127,13,10,10,10,0.2,0.2
2026-09-04T2100,1331A,114.3013,30.5944,武汉市,汉口江滩,,44,31,28,20,21,138,NA,120,120,10,9,4,4,0.4,0.4
2026-09-04T2100,1333A,114.1285,30.6339,武汉市,吴家山,NA,NA,NA,26,NA,20,NA,NA,124,124,12,11,9,9,0.4,0.4
2026-09-04T2100,1335A,113.082,28.2421,长沙市,经开区环保局,,36,36,37,23,26,115,NA,101,101,12,9,5,4,0.6,0.6
2026-09-04T2100,1336A,112.8873,28.2202,长沙市,高开区环保局,,39,39,39,24,26,118,NA,125,125,8,7,4,4,0.8,0.8
2026-09-04T2100,1337A,113.0785,28.2012,长沙市,马坡岭,细颗粒物(PM2.5),66,NA,39,43,23,131,NA,116,116,11,11,7,7,0.6,0.6
2026-09-04T2100,1338A,112.9448,28.1894,长沙市,湖南师范大学,,38,37,39,26,29,105,NA,116,116,12,8,8,8,0.6,0.5
2026-09-04T2100,1339A,113.0177,28.1322,长沙市,雨花区环保局,,38,38,37,25,29,109,NA,103,103,10,10,6,6,0.9,0.9
2026-09-04T2100,1340A,112.9795,28.2593,长沙市,伍家岭,,46,41,42,32,31,80,NA,99,96,18,10,4,4,0.6,0.6
2026-09-04T2100,1341A,113.002,28.1944,长沙市,火车新站,细颗粒物(PM2.5),56,41,42,38,27,84,NA,100,98,15,9,4,4,0.8,0.8
2026-09-04T2100,1342A,112.9846,28.1177,长沙市,天心区环保局,,45,45,40,31,34,102,NA,110,110,18,14,3,3,0.7,0.6
2026-09-04T2100,1343A,112.8906,28.1307,长沙市,湖南中医药大学,,38,38,37,24,26,113,NA,120,120,6,5,6,7,0.5,0.5
2026-09-04T2100,1345A,113.2346,23.1423,广州市,广雅中学,颗粒物(PM10),51,51,22,23,12,45,NA,78,74,39,17,5,5,0.5,0.4
2026-09-04T2100,1346A,113.2611,23.105,广州市,市五中,,40,40,18,25,11,69,NA,102,99,29,15,4,4,/,/
2026-09-04T2100,1348A,113.3477,23.0916,广州市,广东商学院,,39,39,21,19,9,60,NA,89,88,36,20,5,5,0.7,0.5
2026-09-04T2100,1349A,113.4332,23.105,广州市,市八十六中,,30,30,16,20,9,82,NA,117,116,34,22,6,6,/,/
2026-09-04T2100,1350A,113.3506,22.9488,广州市,番禺中学,颗粒物(PM10),53,53,26,25,11,66,NA,102,100,29,16,4,4,0.4,0.3
2026-09-04T2100,1351A,113.2147,23.3918,广州市,花都师范,,34,34,19,22,12,57,NA,72,71,20,12,5,5,0.7,0.7
2026-09-04T2100,1352A,113.2599,23.1329,广州市,市监测站,,46,46,20,20,9,53,NA,90,85,40,18,2,2,/,/
2026-09-04T2100,1353A,113.5618,23.3119,广州市,九龙镇镇龙,NA,NA,NA,13,NA,7,49,NA,82,78,94,18,8,8,NA,0.6
2026-09-04T2100,1354A,113.2764,23.1544,广州市,麓湖,,33,33,19,18,10,30,NA,76,69,40,20,5,6,0.6,0.6
2026-09-04T2100,1356A,114.0948,22.5506,深圳市,通心岭子站,,40,30,20,18,10,128,NA,140,140,15,12,3,3,0.6,0.6
2026-09-04T2100,1357A,114.1153,22.5713,深圳市,洪湖,,38,33,24,18,10,120,NA,137,137,27,20,2,2,1.0,0.9
2026-09-04T2100,1358A,113.9823,22.5398,深圳市,华侨城,,40,33,22,19,11,126,NA,154,154,26,21,/,/,/,/
2026-09-04T2100,1359A,113.9181,22.517,深圳市,南海子站,NA,NA,59,26,42,14,122,NA,150,147,33,16,NA,2,0.8,0.8
2026-09-04T2100,1360A,114.2345,22.565,深圳市,盐田,,37,28,18,11,8,118,NA,125,125,33,22,8,8,0.8,0.7
2026-09-04T2100,1363A,114.4911,22.5381,深圳市,南澳,,35,26,24,19,13,110,NA,153,149,12,13,/,/,/,/
2026-09-04T2100,1364A,114.41,22.6346,深圳市,葵涌,,49,21,21,17,11,154,NA,158,158,13,14,8,7,0.8,0.8
2026-09-04T2100,1365A,114.2967,22.5978,深圳市,梅沙,,47,27,20,13,8,149,NA,152,152,12,15,/,/,/,/
2026-09-04T2100,1366A,114.0563,22.7353,深圳市,观澜,细颗粒物(PM2.5),58,54,27,39,14,107,NA,159,158,39,21,3,4,0.6,0.5
2026-09-04T2100,1367A,113.5811,22.2618,珠海市,吉大,,49,29,16,16,12,154,NA,168,168,16,13,7,7,0.8,0.8
2026-09-04T2100,1368A,113.4893,22.2323,珠海市,前山,,43,43,22,28,13,136,NA,127,127,32,20,/,/,/,/
2026-09-04T2100,1369A,113.6284,22.4252,珠海市,唐家,,48,28,15,19,12,153,NA,176,176,10,8,/,/,/,/
2026-09-04T2100,1370A,113.2986,22.2284,珠海市,斗门,,40,NA,14,28,13,104,NA,117,117,14,11,9,9,0.7,0.6
2026-09-04T2100,1371A,113.1293,23.0065,佛山市,湾梁,,38,34,13,26,12,56,NA,88,86,29,16,/,/,/,/
2026-09-04T2100,1372A,113.1082,23.0477,佛山市,华材职中,,38,34,16,26,13,49,NA,86,82,30,16,9,9,0.6,0.5
2026-09-04T2100,1373A,113.1439,23.045,佛山市,南海气象局,,36,30,21,25,12,60,NA,82,80,30,19,/,/,/,/
2026-09-04T2100,1374A,113.2879,22.8094,佛山市,顺德苏岗,,39,35,16,27,11,75,NA,105,104,26,16,/,/,0.6,0.5
2026-09-04T2100,1376A,112.8384,22.8678,佛山市,高明孔堂,,25,25,16,14,8,53,NA,77,73,21,15,/,/,/,/
2026-09-04T2100,1377A,112.8835,23.1584,佛山市,三水监测站,,22,22,12,14,8,30,NA,69,58,29,15,5,6,0.4,0.4
2026-09-04T2100,1378A,112.8668,23.185,佛山市,三水云东海,,20,20,15,13,10,36,NA,66,52,14,13,/,/,/,/
2026-09-04T2100,1379A,113.377,22.5211,中山市,华柏园,,42,31,20,29,13,90,NA,125,122,20,13,/,/,/,/
2026-09-04T2100,1380A,113.3879,22.5499,中山市,张溪,,40,36,23,28,14,97,NA,129,128,24,15,/,/,/,/
2026-09-04T2100,1381A,113.4071,22.5111,中山市,紫马岭,,35,25,20,24,13,80,NA,127,124,19,12,8,9,0.6,0.5
2026-09-04T2100,1383A,113.1063,22.6058,江门市,北街,,32,24,15,22,11,77,NA,100,98,16,13,/,/,/,/
2026-09-04T2100,1384A,113.073,22.5835,江门市,西区,,33,31,17,23,10,59,NA,94,90,26,16,/,/,/,/
2026-09-04T2100,1385A,113.0218,22.531,江门市,圭峰西,,23,17,14,16,9,68,NA,86,84,16,10,/,/,/,/
2026-09-04T2100,1390A,113.7943,23.0132,东莞市,东城石井,,45,45,23,28,10,66,NA,106,103,22,13,6,7,1.0,0.8
2026-09-04T2100,1391A,113.7384,22.9659,东莞市,南城西平,,47,47,22,27,11,77,NA,108,106,43,24,9,12,0.9,0.8
2026-09-04T2100,1392A,114.4181,23.0528,惠州市,河南岸金山湖子站,,40,40,22,21,14,108,NA,131,130,21,12,7,7,0.8,0.7
2026-09-04T2100,1393A,114.4055,23.0824,惠州市,下埔横江三路子站,,43,43,17,18,8,113,NA,136,136,23,12,4,4,0.7,0.6
2026-09-04T2100,1395A,114.4645,22.7832,惠州市,惠阳区承修路船湖子站,,42,42,30,19,14,130,NA,149,147,15,13,3,3,0.9,0.8
2026-09-04T2100,1396A,114.5316,22.7423,惠州市,大亚湾管委会子站,,42,25,22,16,12,134,NA,135,135,12,15,8,8,0.8,0.8
2026-09-04T2100,1397A,112.426,23.062,肇庆市,睦岗子站,,21,21,14,13,6,42,NA,72,64,16,9,7,7,/,/
2026-09-04T2100,1398A,112.4645,23.0476,肇庆市,城中子站,,22,22,11,12,6,28,NA,66,59,33,12,8,8,0.8,0.7
2026-09-04T2100,1399A,112.5545,23.1525,肇庆市,坑口子站,,28,NA,10,19,4,33,NA,66,56,13,6,6,6,0.5,0.5
2026-09-04T2100,1401A,108.3098,22.788,南宁市,二十一中,,19,13,12,7,8,58,NA,75,71,11,9,7,6,0.7,0.6
2026-09-04T2100,1402A,108.3135,22.8529,南宁市,北湖,,17,13,16,6,9,54,NA,70,65,10,9,8,7,0.6,0.5
2026-09-04T2100,1403A,108.3205,22.8222,南宁市,市监测站,,20,20,12,6,8,53,NA,73,67,11,8,7,7,0.7,0.6
2026-09-04T2100,1404A,108.3828,22.8038,南宁市,大自然花园,,15,12,12,7,6,48,NA,71,65,8,6,4,5,0.6,0.5
2026-09-04T2100,1406A,108.2397,22.8462,南宁市,区农职院,,19,6,15,6,10,59,NA,74,69,6,5,5,6,0.7,0.5
2026-09-04T2100,1407A,108.3285,22.7356,南宁市,英华嘉园,,21,21,12,5,6,50,NA,71,66,10,9,5,6,0.6,0.5
2026-09-04T2100,1410A,110.3189,20.0596,海口市,海南大学,,30,16,21,10,12,96,NA,98,98,6,7,6,7,0.4,0.4
2026-09-04T2100,1411A,110.2827,20.0051,海口市,秀英海南医院,,28,14,17,12,12,88,NA,94,93,8,8,6,7,0.3,0.3
2026-09-04T2100,1412A,110.3391,19.9979,海口市,海南师范大学,,29,18,22,13,13,91,NA,97,95,8,8,3,4,0.4,0.4
2026-09-04T2100,1413A,110.3303,20.0359,海口市,龙华路环保局宿舍,,30,14,20,10,12,95,NA,99,99,6,7,/,/,0.4,0.4
2026-09-04T2100,1416A,106.4216,29.8256,重庆市,天生,,43,43,37,26,23,59,NA,122,109,20,17,11,10,0.8,0.7
2026-09-04T2100,1417A,106.6264,29.7226,重庆市,两路,,43,43,38,20,16,99,NA,117,110,30,21,6,5,0.7,0.5
2026-09-04T2100,1419A,106.5778,29.5103,重庆市,南坪,,42,42,36,24,14,91,NA,142,137,16,13,3,4,0.4,0.3
2026-09-04T2100,1420A,106.6556,29.6277,重庆市,唐家沱,细颗粒物(PM2.5),64,43,30,42,21,73,NA,144,134,30,18,14,13,0.7,0.6
2026-09-04T2100,1431A,103.9727,30.7242,成都市,金泉两河,细颗粒物(PM2.5),64,60,74,42,59,134,NA,215,199,18,23,3,3,0.7,0.8
2026-09-04T2100,1432A,104.1423,30.6765,成都市,十里店,NA,NA,NA,NA,NA,NA,NA,NA,NA,NA,NA,NA,NA,NA,NA,NA
2026-09-04T2100,1433A,104.0594,30.5765,成都市,三瓦窑,颗粒物(PM10),76,86,94,44,60,151,NA,213,198,23,46,8,7,0.8,0.8
2026-09-04T2100,1434A,104.1122,30.6306,成都市,沙河铺,细颗粒物(PM2.5),66,68,82,43,62,132,NA,181,168,25,34,9,7,1.1,1.1
2026-09-04T2100,1439A,106.6863,26.6035,贵阳市,马鞍山,,17,17,12,8,9,28,NA,59,50,10,6,4,4,/,/
2026-09-04T2100,1441A,106.6241,26.6266,贵阳市,鉴湖路,,22,22,25,2,11,51,NA,65,61,5,5,6,7,0.5,0.5
2026-09-04T2100,1442A,106.7468,26.6344,贵阳市,燕子冲,,16,14,19,3,8,50,NA,74,66,7,7,5,5,0.5,0.5
2026-09-04T2100,1443A,106.6556,26.4362,贵阳市,碧云窝,,31,31,30,10,10,46,NA,67,60,12,9,4,5,/,/
2026-09-04T2100,1445A,106.6963,26.6063,贵阳市,红边门,,17,14,15,5,9,52,NA,68,59,8,6,3,3,/,/
2026-09-04T2100,1446A,106.7162383,26.56964667,贵阳市,新华路,,17,17,22,4,8,51,NA,72,63,10,10,5,5,0.5,0.5
2026-09-04T2100,1447A,106.6742,26.542,贵阳市,太慈桥,,17,17,17,8,9,49,NA,70,63,10,8,2,3,/,/
2026-09-04T2100,1450A,102.8203,24.889,昆明市,呈贡新区,,38,NA,30,26,26,100,NA,154,142,8,16,3,4,0.5,0.5
2026-09-04T2100,1452A,102.7253,25.0904,昆明市,龙泉镇,颗粒物(PM10),56,58,32,26,22,96,NA,127,120,15,14,8,8,0.4,0.4
2026-09-04T2100,1453A,102.7267,25.0378,昆明市,东风东路,,42,34,36,29,24,93,NA,138,126,16,21,5,6,0.5,0.5
2026-09-04T2100,1454A,102.6744,25.0671,昆明市,金鼎山,,49,49,38,26,25,96,NA,135,124,15,16,5,5,0.4,0.4
2026-09-04T2100,1455A,102.6643,25.0401,昆明市,碧鸡广场,,47,47,40,24,26,91,NA,141,130,17,18,9,8,0.5,0.6
2026-09-04T2100,1456A,91.132,29.6515,拉萨市,八廓街,,12,12,8,6,6,35,NA,62,58,24,9,9,8,0.4,0.3
2026-09-04T2100,1457A,91.1221,29.6748,拉萨市,市环保局,,16,16,8,6,5,34,NA,57,50,18,10,8,8,0.3,0.2
2026-09-04T2100,1458A,91.0874,29.6476,拉萨市,区监测站,,21,21,9,11,6,32,NA,55,49,27,13,9,8,0.3,0.2
2026-09-04T2100,1459A,91.1774,29.6541,拉萨市,西藏大学,,15,15,7,5,5,39,NA,62,56,21,10,7,7,0.3,0.2
2026-09-04T2100,1460A,90.9798,29.6586,拉萨市,区辐射站,,21,21,13,9,6,40,NA,47,38,21,21,9,10,0.3,0.3
2026-09-04T2100,1461A,91.0831,29.6292,拉萨市,拉萨火车站,,12,12,9,7,6,37,NA,58,53,24,13,8,7,0.3,0.2
2026-09-04T2100,1463A,108.9931,34.2629,西安市,兴庆小区,颗粒物(PM10),53,53,40,36,22,147,NA,176,173,18,14,6,8,0.6,0.5
2026-09-04T2100,1464A,109.0595,34.2569,西安市,纺织城,,44,44,41,26,21,115,NA,157,151,25,20,4,5,0.6,0.6
2026-09-04T2100,1465A,108.9377,34.2178,西安市,小寨,,50,50,36,26,22,138,NA,162,159,15,15,3,4,0.8,0.7
2026-09-04T2100,1466A,108.9522,34.2739,西安市,市人民体育场,,50,38,41,28,21,160,NA,183,180,19,16,5,6,0.6,0.5
2026-09-04T2100,1467A,108.8923,34.2322,西安市,高新西区,颗粒物(PM10),53,53,45,27,23,156,NA,177,174,16,15,6,7,0.5,0.5
2026-09-04T2100,1468A,108.9386,34.3446,西安市,经开区,,45,44,41,22,19,142,NA,162,161,12,9,3,5,0.6,0.5
2026-09-04T2100,1469A,108.894,34.1557,西安市,长安区,,49,49,47,24,22,141,NA,178,173,15,17,4,5,0.6,0.6
2026-09-04T2100,1471A,109.213,34.3748,西安市,临潼区,,49,35,38,23,22,155,NA,156,156,10,14,4,7,0.7,0.6
2026-09-04T2100,1474A,109.0508,34.321,西安市,广运潭,细颗粒物(PM2.5),64,62,42,42,22,107,NA,156,152,28,14,7,8,0.7,0.5
2026-09-04T2100,1479A,103.8309,36.0467,兰州市,铁路设计院,颗粒物(PM10),64,69,39,31,18,90,NA,145,140,58,21,2,3,0.6,0.6
2026-09-04T2100,1489A,106.1361,38.5039,银川市,学院路,颗粒物(PM10),80,91,55,30,20,115,NA,151,149,39,16,4,5,0.5,0.4
2026-09-04T2100,1490A,87.5796,43.8299,乌鲁木齐市,监测站,,25,16,29,3,12,80,NA,89,89,18,23,2,3,0.3,0.4
2026-09-04T2100,1491A,87.6044,43.7679,乌鲁木齐市,收费所,,23,20,29,8,13,73,NA,88,88,26,26,2,2,0.3,0.3
2026-09-04T2100,1493A,87.5529,43.8704,乌鲁木齐市,铁路局,,25,19,29,5,11,80,NA,93,93,15,24,7,8,0.5,0.5
2026-09-04T2100,1494A,87.6408,43.8258,乌鲁木齐市,三十一中学,,25,19,27,6,11,79,NA,87,87,12,19,5,6,0.6,0.6
2026-09-04T2100,1496A,87.7218,44.1747,乌鲁木齐市,米东区环保局,,25,19,26,13,9,79,NA,89,89,5,12,8,9,0.2,0.3
2026-09-04T2100,1508A,112.9508,27.8626,湘潭市,板塘,NA,NA,38,39,27,30,106,NA,114,114,NA,9,8,8,0.3,0.2
2026-09-04T2100,1511A,112.9114,27.8404,湘潭市,市监测站,,43,NA,21,30,30,103,NA,110,110,9,8,3,3,0.6,0.6
2026-09-04T2100,1512A,112.8935,27.8729,湘潭市,江麓,颗粒物(PM10),58,61,42,29,29,95,NA,101,101,10,8,5,5,0.3,0.3
2026-09-04T2100,1513A,112.9227,27.8159,湘潭市,岳塘,,43,43,38,28,30,101,NA,110,110,12,8,8,7,0.3,0.2
2026-09-04T2100,1514A,112.9073,27.9118,湘潭市,科大,,46,46,41,29,29,100,NA,109,109,11,7,8,7,1.1,0.9
2026-09-04T2100,1515A,113.1265,27.8306,株洲市,天台山庄,,38,34,36,26,29,96,NA,84,84,10,9,2,2,0.7,0.6
2026-09-04T2100,1518A,113.0937,27.8919,株洲市,株冶医院,,35,31,32,24,28,106,NA,93,93,9,9,4,4,0.8,0.8
2026-09-04T2100,1519A,113.1709,27.8661,株洲市,市四中,,39,37,38,27,29,85,NA,78,78,18,17,5,5,0.9,0.8
2026-09-04T2100,1520A,113.1515,27.8265,株洲市,火车站,,42,36,37,29,27,98,NA,88,88,13,12,11,10,0.8,0.8
2026-09-04T2100,1524A,113.1329,27.8491,株洲市,市监测站,,38,38,39,26,29,103,NA,90,90,14,14,8,8,0.7,0.6
2026-09-04T2100,1562A,113.0048,27.9153,湘潭市,昭山,,46,46,43,30,30,83,NA,100,99,10,5,7,7,0.8,0.8
2026-09-04T2100,1585A,109.8761,40.6533,包头市,市环境监测站,颗粒物(PM10),53,54,52,22,25,79,NA,156,142,60,23,5,9,0.7,0.6
2026-09-04T2100,1587A,109.9992,40.5843,包头市,包头八中,颗粒物(PM10),52,52,51,28,26,117,NA,147,143,22,19,6,9,0.4,0.4
2026-09-04T2100,1589A,109.8641,40.6288,包头市,惠龙物流,,48,48,44,26,27,102,NA,151,144,35,21,5,8,0.6,0.5
2026-09-04T2100,1590A,110.0376,40.5546,包头市,东河鸿龙湾,颗粒物(PM10),51,51,41,26,24,87,NA,149,137,31,19,10,14,0.6,0.6
2026-09-04T2100,1591A,110.0024,39.8127,鄂尔多斯市,综合楼,颗粒物(PM10),60,63,59,33,28,110,NA,136,130,24,19,7,14,0.5,0.5
2026-09-04T2100,1592A,109.9485,39.8259,鄂尔多斯市,巴音孟克林场办事处,,48,48,57,18,27,117,NA,145,138,21,18,9,10,0.7,0.6
2026-09-04T2100,1593A,109.7734,39.5987,鄂尔多斯市,康泽苑,,36,29,44,14,25,113,NA,151,142,18,15,12,12,0.5,0.5
2026-09-04T2100,1594A,109.8121,39.5987,鄂尔多斯市,华泰汽车城,,32,31,44,12,25,102,NA,142,133,18,16,4,5,0.6,0.7
2026-09-04T2100,1595A,109.9734,39.7884,鄂尔多斯市,奥林花园,颗粒物(PM10),51,51,60,26,29,76,NA,132,120,34,21,6,7,0.8,0.8
2026-09-04T2100,1597A,122.2704,40.7093,营口市,大庆路,颗粒物(PM10),52,52,49,18,20,80,NA,99,93,32,24,8,9,0.7,0.9
2026-09-04T2100,1598A,122.215,40.6511,营口市,镜湖西路,,31,28,38,11,17,97,NA,95,95,21,24,4,6,0.4,0.7
2026-09-04T2100,1599A,122.1667,40.665,营口市,西炮台,,43,43,48,17,24,99,NA,96,95,28,26,8,6,0.3,0.5
2026-09-04T2100,1600A,124.33,40.0625,丹东市,江湾东路,,31,31,23,15,8,28,NA,94,68,40,17,4,4,0.7,0.6
2026-09-04T2100,1601A,124.4242,40.1513,丹东市,临江后街,颗粒物(PM10),66,72,18,29,7,20,NA,85,63,30,14,3,4,0.7,0.6
2026-09-04T2100,1602A,124.3935,40.1461,丹东市,元宝山,,45,45,12,27,5,24,NA,81,71,31,10,6,6,0.7,0.5
2026-09-04T2100,1603A,124.3634,40.1093,丹东市,民主桥,,27,27,19,18,7,23,NA,81,60,33,13,6,7,0.4,0.3
2026-09-04T2100,1604A,122.0303,41.1489,盘锦市,开发区,,21,18,24,8,9,65,NA,117,107,19,14,14,8,0.4,0.5
2026-09-04T2100,1605A,122.0486,41.0883,盘锦市,兴隆台,,23,20,25,14,12,72,NA,115,107,27,22,5,10,0.4,0.4
2026-09-04T2100,1606A,121.8297,41.1026,盘锦市,新生街道,NA,NA,14,20,6,8,NA,NA,105,100,20,19,5,5,0.3,0.4
2026-09-04T2100,1607A,120.904878,40.721091,葫芦岛市,龙港区,NA,NA,28,40,15,20,NA,NA,138,138,30,28,6,19,0.2,0.4
2026-09-04T2100,1608A,120.8382,40.7521,葫芦岛市,化工街,颗粒物(PM10),58,61,46,28,21,22,NA,124,111,99,44,4,14,0.5,0.4
2026-09-04T2100,1609A,120.8339,40.7078,葫芦岛市,新区,,32,29,34,22,16,77,NA,132,127,43,36,4,9,0.4,0.5
2026-09-04T2100,1610A,120.8697,40.7679,葫芦岛市,东城区,颗粒物(PM10),83,96,46,24,23,10,NA,132,114,109,37,5,11,0.7,0.5
2026-09-04T2100,1611A,118.5818,24.9116,泉州市,涂山街,,25,25,10,16,6,50,NA,64,61,14,6,4,2,0.6,0.5
2026-09-04T2100,1612A,118.597,24.8976,泉州市,津头埔,,38,34,10,26,7,48,NA,60,56,15,8,2,1,0.6,0.4
2026-09-04T2100,1613A,118.6669,24.9422,泉州市,万安,,29,29,11,17,6,45,NA,60,57,19,6,4,3,0.6,0.5
2026-09-04T2100,1618A,118.3429,35.0532,临沂市,沂河小区,,39,39,35,12,12,118,NA,140,138,16,14,11,10,0.4,0.3
2026-09-04T2100,1619A,118.2962,35.0568,临沂市,鲁南制药厂,,40,36,28,12,11,127,NA,148,147,16,14,11,10,0.7,0.5
2026-09-04T2100,1620A,118.2793,34.9976,临沂市,新光毛纺厂,,38,29,24,12,11,120,NA,145,143,23,19,10,10,0.5,0.5
2026-09-04T2100,1621A,118.3955,35.0889,临沂市,河东保险公司,,37,36,31,13,13,118,NA,148,145,24,21,9,10,0.6,0.6
2026-09-04T2100,1622A,116.3034,37.4675,德州市,儿童乐园,颗粒物(PM10),62,66,54,16,24,107,NA,164,153,32,20,7,10,0.5,0.5
2026-09-04T2100,1624A,116.2992,37.4449,德州市,监理站,颗粒物(PM10),53,53,43,15,19,129,NA,168,163,23,17,8,13,0.5,0.5
2026-09-04T2100,1625A,115.9789,36.4372,聊城市,区政府,,48,35,40,12,19,151,NA,166,166,13,19,7,12,0.4,0.5
2026-09-04T2100,1629A,117.9961,37.3604,滨州市,第二水厂,,48,48,44,19,21,136,NA,195,187,25,23,10,12,0.8,0.7
2026-09-04T2100,1630A,117.9789,37.3931,滨州市,北中新校,颗粒物(PM10),56,58,42,24,20,139,NA,192,180,25,23,11,11,1.0,0.8
2026-09-04T2100,1631A,118.0413,36.8101,淄博市,人民公园,,39,39,54,12,25,93,NA,180,164,22,26,6,14,0.4,0.5
2026-09-04T2100,1633A,117.8524,36.4848,淄博市,双山,颗粒物(PM10),62,66,43,27,21,133,NA,190,183,32,26,10,12,0.8,0.7
2026-09-04T2100,1634A,117.9595,36.6332,淄博市,气象站,,33,33,49,19,22,94,NA,182,166,20,24,11,13,0.6,0.5
2026-09-04T2100,1637A,117.5628,34.8379,枣庄市,市中区政府,颗粒物(PM10),60,63,34,25,12,115,NA,154,149,22,14,8,7,0.5,0.4
2026-09-04T2100,1638A,117.2855,34.7838,枣庄市,薛城环保局,颗粒物(PM10),73,81,48,42,16,22,NA,146,124,98,33,4,7,0.7,0.5
2026-09-04T2100,1639A,117.5854,34.7744,枣庄市,峄城区政府,颗粒物(PM10),68,75,46,27,15,138,NA,173,169,16,13,10,10,0.3,0.3
2026-09-04T2100,1641A,117.4516,35.0992,枣庄市,山亭区环保局,,38,31,20,18,9,121,NA,138,137,15,11,7,5,0.6,0.5
2026-09-04T2100,1642A,121.2517,37.564,烟台市,开发区,,29,29,33,11,15,91,NA,118,114,14,15,7,8,0.6,0.6
2026-09-04T2100,1644A,121.3181,37.5436,烟台市,西郊化工站,,29,24,38,9,18,90,NA,108,105,11,19,6,8,0.4,0.7
2026-09-04T2100,1645A,121.4419,37.4858,烟台市,莱山环保局,,30,19,23,12,13,96,NA,112,108,5,11,3,4,0.4,0.4
2026-09-04T2100,1646A,121.2619,37.4965,烟台市,福山环保局,,41,41,44,13,18,83,NA,111,103,14,19,3,3,0.3,0.4
2026-09-04T2100,1650A,119.1436,36.7022,潍坊市,环保局,,43,22,34,5,15,135,NA,149,148,11,17,4,5,0.6,0.6
2026-09-04T2100,1653A,116.6229,35.4288,济宁市,火炬城,颗粒物(PM10),53,54,43,20,17,153,NA,180,178,18,17,5,4,0.5,0.5
2026-09-04T2100,1656A,117.1436,36.1938,泰安市,监测站,臭氧1小时(O3_1h),103,46,32,30,15,206,NA,192,192,9,15,8,7,0.9,0.7
2026-09-04T2100,1657A,117.0905,36.2002,泰安市,人口学校,臭氧1小时(O3_1h),83,51,36,33,13,186,NA,174,174,10,15,12,11,0.6,0.5
2026-09-04T2100,1658A,117.0992,36.1757,泰安市,电力学校,臭氧1小时(O3_1h),98,53,36,38,18,198,NA,184,184,8,16,8,8,0.4,0.3
2026-09-04T2100,1659A,119.4711,35.421,日照市,监测站,,27,27,21,13,14,46,NA,140,113,46,17,8,10,0.4,0.4
2026-09-04T2100,1660A,119.523,35.4216,日照市,市政府广场,,30,12,20,9,12,93,NA,139,123,13,9,5,6,0.5,0.5
2026-09-04T2100,1661A,119.5511,35.4113,日照市,港务局,,35,29,23,7,10,109,NA,140,125,6,9,5,6,0.4,0.5
2026-09-04T2100,1662A,122.121,37.4231,威海市,华夏技校,,22,17,15,8,8,69,NA,101,95,15,10,/,/,0.3,0.3
2026-09-04T2100,1663A,122.0508,37.5236,威海市,山大分校,,25,NA,16,11,11,79,NA,107,103,6,7,/,/,/,/
2026-09-04T2100,1664A,122.1067,37.5067,威海市,市监测站,,25,22,18,13,9,79,NA,102,98,9,9,4,4,0.4,0.4
2026-09-04T2100,1666A,118.6612,37.4313,东营市,市环保局,,44,24,29,12,16,140,NA,166,157,9,11,4,6,0.5,0.5
2026-09-04T2100,1669A,113.5821,24.7733,韶关市,市八中,,11,11,5,6,2,31,NA,50,39,10,8,6,6,0.7,0.7
2026-09-04T2100,1671A,113.5916,24.7973,韶关市,园林处,,10,8,7,7,3,31,NA,49,40,10,10,7,8,/,/
2026-09-04T2100,1673A,113.5971,24.6864,韶关市,曲江监测站,,13,13,7,7,2,21,NA,46,38,21,12,11,11,0.5,0.4
2026-09-04T2100,1674A,116.6795,23.3666,汕头市,金平子站,,41,20,18,10,11,130,NA,126,126,11,13,3,4,0.6,0.7
2026-09-04T2100,1675A,116.7248,23.3632,汕头市,龙湖子站,,39,26,18,16,10,122,NA,115,115,7,9,5,5,/,/
2026-09-04T2100,1676A,116.7257,23.2774,汕头市,濠江子站,,34,25,19,17,9,106,NA,110,110,12,12,6,6,/,/
2026-09-04T2100,1677A,116.7518,23.4712,汕头市,澄海子站,,32,29,22,16,11,100,NA,110,110,16,10,4,4,0.8,0.7
2026-09-04T2100,1678A,116.6088,23.2539,汕头市,潮阳子站,,35,23,15,13,9,110,NA,115,115,12,9,7,7,0.5,0.8
2026-09-04T2100,1680A,110.3648,21.2697,湛江市,湛江影剧院,,39,34,23,27,15,69,NA,88,84,11,9,15,11,0.6,0.5
2026-09-04T2100,1681A,110.3907,21.2279,湛江市,市环境监测站,,38,NA,20,26,15,69,NA,86,81,8,7,9,7,0.5,0.4
2026-09-04T2100,1682A,110.3936,21.1943,湛江市,环保局宿舍,,36,30,21,25,15,74,NA,92,87,9,9,8,8,/,/
2026-09-04T2100,1683A,110.4138,21.2033,湛江市,霞山游泳场,,37,37,24,24,14,69,NA,86,82,11,9,11,9,/,/
2026-09-04T2100,1685A,110.4512,21.239,湛江市,坡头区环保局,,39,NA,19,27,15,72,NA,90,86,8,7,7,9,0.6,0.5
2026-09-04T2100,1686A,111.0285,21.469,茂名市,电白南海,,24,24,21,14,11,58,NA,90,74,10,8,6,5,0.4,0.4
2026-09-04T2100,1687A,110.9294,21.6533,茂名市,茂石化七小,,28,NA,16,19,10,57,NA,73,65,7,6,6,8,0.7,0.7
2026-09-04T2100,1688A,110.9108,21.6688,茂名市,健康路,,29,NA,13,20,10,62,NA,81,72,6,6,7,9,0.5,0.5
2026-09-04T2100,1689A,110.8592,21.6826,茂名市,高岭,,32,27,15,22,10,59,NA,75,67,10,9,7,9,/,/
2026-09-04T2100,1690A,116.1248,24.3307,梅州市,梅江月梅,,13,13,11,9,7,32,NA,47,39,7,8,/,/,/,/
2026-09-04T2100,1691A,116.0798,24.2719,梅州市,梅县新城,,16,16,9,11,7,20,NA,54,42,15,10,9,9,0.8,0.7
2026-09-04T2100,1693A,115.3653,22.7751,汕尾市,市环保局,,45,NA,15,16,8,144,NA,135,135,12,13,7,6,0.5,0.5
2026-09-04T2100,1695A,115.362,22.7926,汕尾市,新城中学,,40,14,14,14,9,125,NA,123,123,13,10,8,7,0.7,0.7
2026-09-04T2100,1697A,114.6962,23.7538,河源市,东埔,,23,23,13,14,8,31,NA,61,56,14,8,5,5,0.8,0.7
2026-09-04T2100,1698A,114.6895,23.7232,河源市,老城,,24,24,12,8,7,25,NA,62,55,16,9,5,6,0.7,0.5
2026-09-04T2100,1701A,111.9491,21.8658,阳江市,马南垌,,26,19,19,18,10,64,NA,76,74,9,6,6,7,0.7,0.6
2026-09-04T2100,1703A,113.0218,23.7086,清远市,凤城街办,,18,16,10,12,6,42,NA,67,59,6,4,/,/,/,/
2026-09-04T2100,1708A,116.3701,23.5345,揭阳市,新兴,,42,42,26,19,15,49,NA,85,74,43,24,7,10,1.2,0.9
2026-09-04T2100,1709A,116.3261,23.5442,揭阳市,西马,,45,45,27,21,16,49,NA,90,80,36,18,5,8,1.1,0.8
2026-09-04T2100,1710A,116.361,23.5627,揭阳市,东兴,NA,NA,38,21,26,14,NA,NA,91,84,36,22,7,11,/,/
2026-09-04T2100,1711A,116.4151,23.5295,揭阳市,渔湖,,39,39,26,25,18,51,NA,83,74,32,21,4,5,/,/
2026-09-04T2100,1714A,112.0281,22.9738,云浮市,牧羊,,20,16,13,14,7,39,NA,68,57,17,13,3,3,0.7,0.6
2026-09-04T2100,1715A,102.575,24.371,玉溪市,东风水库,颗粒物(PM10),51,51,32,24,23,124,NA,141,140,10,9,11,6,0.6,0.7
2026-09-04T2100,1723A,113.2926,40.0759,大同市,云冈宾馆,,43,43,35,15,7,74,NA,115,105,34,24,9,8,0.8,0.8
2026-09-04T2100,1724A,113.3437,40.0921,大同市,大同大学,,49,49,31,20,10,57,NA,120,106,36,18,9,9,0.4,0.4
2026-09-04T2100,1725A,113.2637,40.129,大同市,安家小村,颗粒物(PM10),53,54,32,21,12,49,NA,117,98,41,18,7,6,0.6,0.5
2026-09-04T2100,1727A,113.1146,36.1547,长治市,清华站,,43,24,32,8,14,137,NA,145,141,5,10,10,10,0.6,0.6
2026-09-04T2100,1730A,113.0887,36.2126,长治市,审计局,,45,27,28,13,15,141,NA,146,144,12,19,12,13,0.7,0.8
2026-09-04T2100,1731A,113.0845,36.1856,长治市,长治八中,,45,27,34,14,16,143,NA,147,145,10,22,12,13,0.7,0.8
2026-09-04T2100,1733A,111.5552,36.0791,临汾市,临钢医院,颗粒物(PM10),75,84,42,33,16,118,NA,166,160,29,15,5,6,0.6,0.5
2026-09-04T2100,1734A,111.4984,36.0734,临汾市,技工学校,颗粒物(PM10),59,62,42,28,19,107,NA,161,153,28,15,6,6,0.7,0.6
2026-09-04T2100,1736A,111.5017,36.0857,临汾市,市委,颗粒物(PM10),60,64,44,23,14,118,NA,168,160,21,12,10,11,0.5,0.5
2026-09-04T2100,1739A,113.4894,37.8717,阳泉市,赛鱼,,48,48,46,16,18,10,NA,145,117,88,42,7,10,0.5,0.5
2026-09-04T2100,1740A,113.582,37.8473,阳泉市,南庄,,42,39,43,29,18,83,NA,147,134,20,30,11,15,0.8,0.8
2026-09-04T2100,1742A,113.5616,37.8706,阳泉市,平坦,NA,NA,54,50,24,20,NA,NA,148,142,17,35,13,15,0.9,0.8
2026-09-04T2100,1743A,113.5115,37.8391,阳泉市,大阳泉,,34,26,30,20,17,107,NA,136,127,13,21,5,12,0.6,0.6
2026-09-04T2100,1744A,118.9229,42.2816,赤峰市,松山一中,细颗粒物(PM2.5),60,46,25,40,16,57,NA,126,117,50,25,33,17,1.0,0.7
2026-09-04T2100,1745A,118.9588,42.2733,赤峰市,哈达街,,45,41,23,31,13,81,NA,129,122,32,19,22,16,0.8,0.6
2026-09-04T2100,1746A,118.8792,42.2551,赤峰市,天义路,,38,30,13,26,9,45,NA,110,100,51,20,8,17,0.9,0.7
2026-09-04T2100,1748A,123.0441,41.1201,鞍山市,深沟寺,,39,39,28,21,11,61,NA,110,100,27,19,7,8,0.7,0.7
2026-09-04T2100,1749A,123.011,41.0931,鞍山市,太阳城,,39,39,27,27,11,85,NA,131,123,22,18,8,8,0.7,0.9
2026-09-04T2100,1750A,123.0483,41.1445,鞍山市,太平,颗粒物(PM10),103,127,53,44,17,41,NA,108,99,54,29,10,10,1.3,1
2026-09-04T2100,1751A,122.964,41.0968,鞍山市,铁西三道街,颗粒物(PM10),64,69,45,29,16,76,NA,124,115,32,30,8,10,1.2,1.4
2026-09-04T2100,1753A,123.0219,41.0822,鞍山市,明达新区,,40,40,28,24,13,64,NA,117,106,23,16,8,8,0.9,0.9
2026-09-04T2100,1755A,123.7974,41.8494,抚顺市,望花区,,36,36,24,16,11,53,NA,99,85,26,19,8,7,0.6,0.6
2026-09-04T2100,1756A,123.9161,41.8827,抚顺市,顺城区,,45,45,21,24,8,20,NA,96,74,44,19,10,10,0.8,0.7
2026-09-04T2100,1757A,124.0437,41.8615,抚顺市,东洲区,,15,NA,15,7,5,45,NA,100,93,27,16,9,8,0.5,0.4
2026-09-04T2100,1758A,123.9246,41.8638,抚顺市,新抚区,颗粒物(PM10),55,57,28,24,11,17,NA,92,72,42,22,7,8,0.6,0.5
2026-09-04T2100,1759A,124.0972,41.8961,抚顺市,大伙房水库,,16,14,13,6,5,41,NA,105,98,32,16,13,12,0.6,0.6
2026-09-04T2100,1760A,123.708,41.8386,抚顺市,沈抚新城,,38,30,23,26,10,23,NA,108,90,40,20,7,10,0.9,0.9
2026-09-04T2100,1761A,123.8274146,41.31234549,本溪市,大峪,,31,31,20,21,7,39,NA,93,79,17,18,6,6,0.6,0.5
2026-09-04T2100,1763A,123.7169,41.3094,本溪市,彩屯,NA,NA,46,28,21,9,NA,NA,100,90,24,16,7,7,0.7,0.5
2026-09-04T2100,1764A,123.7672166,41.28649327,本溪市,东明,,32,32,26,17,7,34,NA,101,82,33,23,4,5,0.9,0.7
2026-09-04T2100,1765A,123.799345,41.266614,本溪市,新立屯,,25,16,19,4,3,13,NA,92,58,49,27,7,8,0.5,0.5
2026-09-04T2100,1766A,123.829144,41.336777,本溪市,威宁,,45,45,25,11,8,26,NA,88,70,26,15,5,5,0.4,0.4
2026-09-04T2100,1767A,121.1114,41.0879,锦州市,南山,,24,24,33,16,21,57,NA,120,103,41,29,6,7,0.4,0.4
2026-09-04T2100,1768A,121.060361,40.842794,锦州市,开发区,,50,50,52,24,26,28,NA,125,111,86,43,10,26,0.5,0.7
2026-09-04T2100,1769A,121.1836,41.1118,锦州市,百股街道,,19,17,32,13,20,60,NA,123,108,36,23,6,9,0.4,0.5
2026-09-04T2100,1770A,121.1176,41.1224,锦州市,天安街道,,33,33,41,15,20,86,NA,117,107,23,28,7,10,0.5,0.6
2026-09-04T2100,1771A,121.1303,41.1385,锦州市,北湖公园,,32,32,35,17,20,56,NA,121,106,34,19,4,8,0.4,0.4
2026-09-04T2100,1772A,126.54,43.8622,吉林市,哈达湾,NA,NA,27,32,15,23,NA,NA,84,72,12,17,2,4,0.3,0.3
2026-09-04T2100,1773A,126.5843,43.8358,吉林市,东局子,,43,NA,28,30,23,34,NA,91,64,26,16,5,5,0.5,0.4
2026-09-04T2100,1774A,126.5051,43.8243,吉林市,电力学院,颗粒物(PM10),59,62,38,25,20,23,NA,81,60,26,13,7,7,0.5,0.4
2026-09-04T2100,1775A,126.6133,43.8971,吉林市,江北,,28,28,32,14,19,39,NA,76,64,12,10,3,2,0.4,0.4
2026-09-04T2100,1776A,126.5549,43.8304,吉林市,江南公园,,30,30,34,21,24,29,NA,89,65,33,16,3,4,0.3,0.2
2026-09-04T2100,1779A,123.9307,47.3641,齐齐哈尔市,安居小区,,23,23,48,11,33,70,NA,75,70,15,16,3,6,0.3,0.4
2026-09-04T2100,1780A,123.9497,47.3389,齐齐哈尔市,中心广场,,39,39,59,12,34,69,NA,73,69,14,17,4,10,0.3,0.3
2026-09-04T2100,1781A,123.9483,47.3229,齐齐哈尔市,农牧车辆厂,NA,NA,22,50,9,31,NA,NA,78,78,4,12,4,9,NA,0.3
2026-09-04T2100,1783A,123.9442,47.2994,齐齐哈尔市,市环境监测站,,25,17,45,10,32,78,NA,76,76,6,13,4,7,0.1,0.2
2026-09-04T2100,1784A,129.61,44.561,牡丹江市,环保大楼,,21,21,21,5,10,22,NA,70,56,16,10,6,6,0.4,0.3
2026-09-04T2100,1787A,129.6364,44.6075,牡丹江市,机车工厂,,50,50,35,20,12,6,NA,63,46,26,11,10,7,0.5,0.3
2026-09-04T2100,1788A,129.6386,44.5462,牡丹江市,第一中学,,38,38,24,11,8,23,NA,66,48,9,9,2,3,0.3,0.3
2026-09-04T2100,1789A,124.8085,46.0381,大庆市,大同区,,41,41,37,24,18,66,NA,103,87,28,20,6,6,0.8,0.6
2026-09-04T2100,1790A,125.1166,46.5255,大庆市,龙凤区,颗粒物(PM10),53,53,55,26,34,50,NA,88,73,27,26,4,8,0.2,0.3
2026-09-04T2100,1791A,124.8894,46.4007,大庆市,红岗区,,49,49,39,20,18,35,NA,95,78,30,18,6,7,0.5,0.4
2026-09-04T2100,1792A,125.1391,46.578,大庆市,萨尔图区,颗粒物(PM10),88,103,75,34,42,16,NA,91,64,60,30,6,8,0.7,0.5
2026-09-04T2100,1793A,124.9026,46.6217,大庆市,让胡路区,,39,39,52,21,38,36,NA,95,78,29,18,4,6,0.3,0.2
2026-09-04T2100,1794A,118.3603,31.3515,芜湖市,监测站,,36,36,27,15,11,72,NA,129,116,29,18,8,8,0.5,0.7
2026-09-04T2100,1795A,118.3716,31.4135,芜湖市,科创中心,,23,23,28,13,12,72,NA,135,122,31,18,7,7,0.4,0.5
2026-09-04T2100,1796A,118.3671,31.3132,芜湖市,四水厂,,30,30,27,14,11,74,NA,135,124,28,14,8,7,0.6,0.6
2026-09-04T2100,1798A,118.5084,31.6838,马鞍山市,湖东路四小,,29,29,26,13,8,75,NA,128,119,23,12,8,9,0.7,0.8
2026-09-04T2100,1799A,118.5019,31.6449,马鞍山市,开发区,,27,27,26,15,10,82,NA,132,123,11,11,7,8,0.7,0.7
2026-09-04T2100,1803A,115.9873,29.6816,九江市,十里,,40,35,27,11,11,126,NA,119,119,10,7,3,3,0.7,0.6
2026-09-04T2100,1804A,115.9583,29.7047,九江市,茅山头,,36,27,25,13,11,114,NA,114,113,14,8,4,4,0.3,0.3
2026-09-04T2100,1805A,115.9877,29.7295,九江市,西园,NA,NA,32,23,12,13,NA,NA,117,116,19,11,5,5,0.3,0.4
2026-09-04T2100,1808A,115.9112,29.6038,九江市,综合工业园,,40,29,22,9,11,125,NA,120,119,11,7,3,3,0.5,0.5
2026-09-04T2100,1812A,112.3934,34.6517,洛阳市,市委党校,,44,41,42,23,25,139,NA,171,165,15,18,12,17,0.6,0.6
2026-09-04T2100,1815A,112.494,34.6883,洛阳市,河南林校,颗粒物(PM10),51,51,49,28,23,121,NA,170,161,25,26,10,11,0.4,0.4
2026-09-04T2100,1816A,112.3843,34.623,洛阳市,开发区管委会,,48,42,40,24,25,151,NA,192,186,14,17,16,16,0.6,0.5
2026-09-04T2100,1817A,112.4263,34.6249,洛阳市,市委新办公区,细颗粒物(PM2.5),54,47,42,37,25,124,NA,173,165,20,18,15,14,0.6,0.5
2026-09-04T2100,1819A,114.3552,36.1017,安阳市,红庙街,,42,40,44,29,22,116,NA,168,158,20,12,5,8,0.9,1
2026-09-04T2100,1820A,114.361,36.0681,安阳市,银杏小区,颗粒物(PM10),53,54,48,24,24,116,NA,170,161,28,9,4,6,1.0,1.1
2026-09-04T2100,1824A,114.3389,34.778,开封市,肿瘤医院,,50,50,44,35,27,133,NA,158,153,13,11,7,8,0.5,0.5
2026-09-04T2100,1826A,114.2884,34.7966,开封市,世纪星幼儿园,,49,49,45,28,25,120,NA,147,143,20,15,5,7,0.4,0.5
2026-09-04T2100,1832A,113.3257,33.7423,平顶山市,新华旅馆,颗粒物(PM10),55,56,53,26,24,147,NA,180,175,16,14,10,11,0.7,0.7
2026-09-04T2100,1833A,113.2917,33.737,平顶山市,规划设计院,,48,43,49,23,23,152,NA,180,176,16,14,10,11,0.6,0.6
2026-09-04T2100,1834A,113.182,33.7738,平顶山市,平顶山工学院,颗粒物(PM10),53,54,46,18,25,153,NA,180,176,14,14,10,12,0.6,0.6
2026-09-04T2100,1835A,111.1922,34.7752,三门峡市,市政府,臭氧1小时(O3_1h),69,42,31,25,15,175,NA,168,168,17,15,10,10,0.6,0.5
2026-09-04T2100,1836A,111.1588,34.794,三门峡市,开发区,臭氧1小时(O3_1h),59,54,37,27,16,167,NA,164,164,19,14,8,9,0.6,0.5
2026-09-04T2100,1840A,111.2991,30.6981,宜昌市,白龙岗,,47,44,34,28,17,148,NA,154,153,12,10,7,5,0.5,0.4
2026-09-04T2100,1842A,111.263451,30.696754,宜昌市,点军区,NA,NA,58,31,31,18,NA,NA,156,155,16,11,7,5,0.4,0.3
2026-09-04T2100,1843A,111.3276,30.782,宜昌市,夷陵区,,48,48,28,26,17,116,NA,137,133,15,11,8,6,0.4,0.3
2026-09-04T2100,1844A,112.2493,30.3198,荆州市,市图书馆,细颗粒物(PM2.5),58,53,39,39,27,126,NA,153,148,18,12,9,8,0.7,0.6
2026-09-04T2100,1845A,112.2009,30.3543,荆州市,市委党校,,45,40,41,31,28,136,NA,153,151,14,13,9,9,0.6,0.6
2026-09-04T2100,1848A,113.1494,29.425,岳阳市,城陵矶,,45,45,44,12,15,107,NA,136,130,18,9,8,5,0.8,0.8
2026-09-04T2100,1849A,113.1493,29.3575,岳阳市,开发区,NA,NA,39,36,22,22,115,NA,147,141,NA,10,7,12,0.9,0.8
2026-09-04T2100,1850A,113.2672,29.4752,岳阳市,云溪区,,49,49,43,27,21,92,NA,131,121,13,10,5,5,0.7,0.7
2026-09-04T2100,1851A,112.9944,29.44,岳阳市,君山区,,40,36,36,26,20,128,NA,139,137,12,10,6,5,0.8,0.7
2026-09-04T2100,1854A,111.696,28.9725,常德市,市二中,,44,44,36,25,22,131,NA,142,138,10,9,11,10,0.7,0.6
2026-09-04T2100,1858A,110.532,29.1219,张家界市,永定新区,,41,41,34,24,21,70,NA,111,106,15,10,/,/,/,/
2026-09-04T2100,1859A,110.4696,29.1244,张家界市,电业局,,32,32,26,21,18,78,NA,113,108,18,11,1,1,0.7,0.6
2026-09-04T2100,1860A,110.5573,29.3486,张家界市,未央路,,23,16,11,16,18,56,NA,116,97,6,6,2,3,0.7,0.6
2026-09-04T2100,1864A,110.3091,25.2705,桂林市,龙隐路小学,,23,8,14,2,12,72,NA,71,71,9,11,4,18,0.7,0.7
2026-09-04T2100,1865A,110.2849361,25.22909545,桂林市,八中,,22,12,10,4,3,69,NA,69,69,11,11,4,6,0.7,0.6
2026-09-04T2100,1867A,109.1435,21.4085,北海市,海滩公园,,23,16,16,12,10,73,NA,81,80,4,4,3,4,0.4,0.3
2026-09-04T2100,1868A,109.0983,21.466,北海市,新市环保局,,23,10,14,7,8,71,NA,83,80,7,6,2,2,0.5,0.4
2026-09-04T2100,1869A,109.1775,21.5232,北海市,北海工业园,,22,11,16,4,6,70,NA,79,77,5,5,3,3,0.4,0.4
2026-09-04T2100,1870A,109.4854,24.3898,柳州市,柳东小学,,21,10,9,2,5,67,NA,66,58,5,5,4,5,0.7,0.6
2026-09-04T2100,1871A,109.4109,24.3304,柳州市,环保监测站,,19,17,13,7,10,60,NA,60,57,12,13,8,11,0.9,1.1
2026-09-04T2100,1872A,109.3886,24.3408,柳州市,河西水厂,,18,16,14,6,6,55,NA,64,54,14,9,15,10,1.3,0.8
2026-09-04T2100,1873A,109.4263,24.2951,柳州市,市四中,,21,4,13,4,8,65,NA,63,59,7,9,8,10,0.8,1
2026-09-04T2100,1874A,109.396,24.3658,柳州市,市九中,,18,7,20,6,12,57,NA,53,47,8,16,9,19,0.9,1.3
2026-09-04T2100,1875A,109.4912,24.3164,柳州市,古亭山,,20,8,10,5,6,62,NA,67,60,7,7,4,4,0.6,0.6
2026-09-04T2100,1877A,109.4962,18.2682,三亚市,河西子站,,26,26,23,18,14,80,NA,115,111,26,10,4,4,0.5,0.5
2026-09-04T2100,1878A,104.7775,31.4741,绵阳市,富乐山,细颗粒物(PM2.5),64,58,65,42,36,135,NA,152,148,16,14,9,9,0.8,0.7
2026-09-04T2100,1880A,104.6698,31.4668,绵阳市,高新区自来水公司,细颗粒物(PM2.5),74,69,61,47,39,143,NA,171,167,18,20,13,10,0.7,0.7
2026-09-04T2100,1883A,104.6204,28.7728,宜宾市,市委,细颗粒物(PM2.5),74,65,47,47,34,125,NA,166,162,11,15,9,14,0.7,0.7
2026-09-04T2100,1884A,104.6056,28.7931,宜宾市,宜宾四中,细颗粒物(PM2.5),108,95,55,68,36,110,NA,174,166,26,13,9,12,1.0,0.8
2026-09-04T2100,1886A,104.5743,28.7199,宜宾市,黄金嘴,NA,NA,77,34,56,25,95,NA,167,161,NA,16,10,14,0.8,0.5
2026-09-04T2100,1888A,101.6891,26.571,攀枝花市,弄弄坪,,42,42,41,18,19,94,NA,118,115,8,10,3,12,0.4,0.6
2026-09-04T2100,1889A,101.577,26.5914,攀枝花市,河门口,,41,41,34,28,24,74,NA,114,108,14,10,7,9,0.8,0.8
2026-09-04T2100,1891A,101.7365,26.4986,攀枝花市,仁和,细颗粒物(PM2.5),56,49,46,38,37,60,NA,127,115,10,13,6,13,0.8,1.2
2026-09-04T2100,1894A,105.4427,28.9063,泸州市,小市上码头,,32,32,85,15,50,78,NA,136,125,14,17,4,5,0.3,0.5
2026-09-04T2100,1895A,105.4241,28.8573,泸州市,兰田宪桥,颗粒物(PM10),55,56,84,23,35,68,NA,125,113,19,17,5,6,0.7,0.7
2026-09-04T2100,1896A,105.4378,28.8833,泸州市,市环监站,NA,NA,20,44,6,18,NA,NA,124,120,7,15,4,6,0.5,0.7
2026-09-04T2100,1901A,104.424,31.1209,德阳市,东山公园,细颗粒物(PM2.5),72,51,53,46,46,150,NA,182,180,19,17,9,8,0.9,0.9
2026-09-04T2100,1902A,104.3827,31.1318,德阳市,西小区,细颗粒物(PM2.5),101,62,63,61,52,150,NA,184,181,21,30,12,14,0.9,0.9
2026-09-04T2100,1904A,104.3553,31.1091,德阳市,耐火材料厂,细颗粒物(PM2.5),88,71,68,54,53,147,NA,186,183,16,26,5,6,1.2,1.2
2026-09-04T2100,1906A,106.0791,30.8022,南充市,南充市委,细颗粒物(PM2.5),68,63,51,44,35,68,NA,124,114,23,15,8,8,0.5,0.6
2026-09-04T2100,1907A,106.1038,30.8215,南充市,南充炼油厂,颗粒物(PM10),68,75,60,42,37,70,NA,134,122,32,22,9,9,0.7,0.6
2026-09-04T2100,1911A,106.9218,27.6872,遵义市,丁字口,,28,26,18,19,14,58,NA,72,68,12,9,7,8,0.6,0.6
2026-09-04T2100,1912A,106.9241,27.7044,遵义市,凤凰山,,25,19,16,17,13,63,NA,72,70,6,6,4,6,0.5,0.5
2026-09-04T2100,1913A,106.8895,27.648,遵义市,忠庄,,32,32,22,21,15,56,NA,72,67,8,6,1,2,0.6,0.5
2026-09-04T2100,1915A,106.9225,27.7253,遵义市,干田坝,,35,35,29,21,15,59,NA,77,72,8,6,5,7,0.7,0.7
2026-09-04T2100,1916A,103.7897,25.5036,曲靖市,环境监测站,,29,29,31,19,20,80,NA,118,106,10,12,2,6,0.4,0.6
2026-09-04T2100,1917A,103.8013,25.5357,曲靖市,烟厂办公区,,30,30,31,13,19,76,NA,110,99,7,9,1,5,0.5,0.7
2026-09-04T2100,1919A,108.6726,34.315,咸阳市,实验中学,,50,37,38,26,21,158,NA,173,171,14,14,8,8,0.5,0.5
2026-09-04T2100,1920A,108.7226,34.3622,咸阳市,师范学院,颗粒物(PM10),51,51,39,34,21,137,NA,162,158,12,11,9,9,0.9,0.7
2026-09-04T2100,1923A,109.0696,35.0699,铜川市,王益区政府,,44,44,30,29,19,91,NA,148,138,12,10,4,5,0.6,0.6
2026-09-04T2100,1924A,108.9345,34.9059,铜川市,新区管委会,,47,47,38,26,19,136,NA,152,150,19,13,6,6,0.7,0.7
2026-09-04T2100,1927A,109.4569,36.6161,延安市,延大医附院,,31,31,46,20,24,50,NA,111,99,29,18,3,4,0.7,0.7
2026-09-04T2100,1929A,109.5053,36.6105,延安市,百米大道,颗粒物(PM10),55,57,48,18,26,48,NA,118,102,41,22,4,5,0.6,0.6
2026-09-04T2100,1931A,107.0802,34.3129,宝鸡市,竹园沟,,43,36,35,30,25,94,NA,152,140,13,10,5,6,0.7,0.7
2026-09-04T2100,1933A,107.1429,34.3549,宝鸡市,监测站,细颗粒物(PM2.5),64,59,41,42,27,92,NA,156,145,21,14,3,4,0.6,0.5
2026-09-04T2100,1934A,107.1172,34.3759,宝鸡市,技工学校,,45,45,41,29,26,96,NA,163,152,13,11,7,8,0.7,0.6
2026-09-04T2100,1936A,107.2025,34.3518,宝鸡市,文理学院,颗粒物(PM10),52,52,44,34,27,102,NA,160,152,26,13,6,6,0.5,0.5
2026-09-04T2100,1937A,107.2396,34.3626,宝鸡市,三迪小学,,46,46,41,32,26,112,NA,160,154,23,14,5,6,0.8,0.7
2026-09-04T2100,1940A,109.4605,34.4927,渭南市,体育馆,颗粒物(PM10),55,56,45,29,22,103,NA,164,157,36,18,6,7,0.5,0.4
2026-09-04T2100,1941A,109.4257,34.5067,渭南市,高新一小,,49,49,55,28,20,139,NA,165,162,8,7,4,6,0.5,0.4
2026-09-04T2100,1944A,102.1691,38.5166,金昌市,天庆家园,颗粒物(PM10),65,70,61,28,26,112,NA,130,127,12,8,4,4,0.3,0.3
2026-09-04T2100,1945A,98.291,39.7705,嘉峪关市,气象局,颗粒物(PM10),51,51,40,26,19,107,NA,133,131,18,19,10,9,0.5,0.4
2026-09-04T2100,1948A,106.3668,39.0145,石嘴山市,大武口朝阳西街,颗粒物(PM10),71,79,55,40,25,133,NA,148,148,47,23,8,12,0.8,0.8
2026-09-04T2100,1949A,106.7713,39.2278,石嘴山市,惠农南大街,颗粒物(PM10),68,75,40,33,20,110,NA,150,148,32,12,17,12,1.0,0.5
2026-09-04T2100,1950A,106.7074,39.1332,石嘴山市,红果子镇惠新街,颗粒物(PM10),78,88,52,36,20,124,NA,150,149,23,18,8,8,0.7,0.6
2026-09-04T2100,1951A,84.886,45.6029,克拉玛依市,长征新村,,27,27,32,15,10,79,NA,94,94,20,18,3,3,0.5,0.5
2026-09-04T2100,1952A,84.8894,45.5827,克拉玛依市,南林小区,,33,33,28,14,10,46,NA,90,87,28,20,5,5,0.9,0.8
2026-09-04T2100,1954A,84.896,44.3328,克拉玛依市,独山子区,,29,23,35,3,7,90,NA,106,106,8,11,4,4,0.3,0.3
2026-09-04T2100,1955A,85.6888,46.0909,克拉玛依市,乌尔禾区商贸楼,,43,43,31,19,9,75,NA,90,90,17,15,6,6,0.5,0.3
2026-09-04T2100,1956A,86.1476,41.7529,巴音郭楞蒙古自治州,孔雀公园,颗粒物(PM10),107,138,59,40,16,80,NA,108,105,25,7,4,3,0.3,0.2
2026-09-04T2100,1957A,86.1971,41.7166,巴音郭楞蒙古自治州,棉纺厂,颗粒物(PM10),115,159,65,46,16,94,NA,104,103,12,12,/,/,/,/
2026-09-04T2100,1958A,86.236,41.7172,巴音郭楞蒙古自治州,经济开发区,颗粒物(PM10),121,173,49,57,16,88,NA,105,103,16,4,2,2,0.2,0.2
2026-09-04T2100,1961A,117.5323,36.6865,济南市,东山小学,颗粒物(PM10),67,73,42,32,16,128,NA,186,182,28,28,10,11,0.5,0.4
2026-09-04T2100,1982A,122.0693,37.2175,威海市,文登开发区,,23,20,19,16,8,70,NA,102,95,18,12,/,/,/,/
2026-09-04T2100,2031A,113.1836,27.9959,株洲市,云田中学,,35,34,39,24,27,96,NA,90,90,14,12,9,9,0.6,0.6
2026-09-04T2100,2054A,114.1096,32.1059,信阳市,平桥分局,,49,39,41,24,19,154,NA,174,172,14,12,9,9,0.3,0.3
2026-09-04T2100,2064A,113.9956,32.1272,信阳市,南湾水厂,颗粒物(PM10),52,52,43,26,22,145,NA,164,163,14,12,9,8,0.6,0.6
2026-09-04T2100,2065A,114.078,32.1194,信阳市,市酿酒公司,颗粒物(PM10),51,51,43,17,20,144,NA,159,159,13,13,8,8,0.7,0.7
2026-09-04T2100,2066A,114.0712,32.1393,信阳市,审计局,颗粒物(PM10),57,59,56,24,21,152,NA,173,172,16,14,10,10,0.4,0.4
2026-09-04T2100,2068A,114.6755,33.6347,周口市,周口师范,,44,44,49,28,23,128,NA,170,163,21,15,10,7,0.6,0.6
2026-09-04T2100,2160A,112.8496,35.5051,晋城市,自来水公司,,45,37,47,12,14,141,NA,174,167,14,23,8,15,0.5,0.9
2026-09-04T2100,2162A,112.8509,35.4886,晋城市,市环保局,,41,27,42,9,18,129,NA,158,152,16,20,5,12,0.5,0.8
2026-09-04T2100,2166A,112.4399,39.3521,朔州市,平朔,颗粒物(PM10),55,56,36,25,12,56,NA,118,100,28,11,7,6,0.4,0.2
2026-09-04T2100,2167A,112.4574,39.362,朔州市,朔唯,颗粒物(PM10),71,79,47,20,12,71,NA,125,106,27,12,10,8,/,/
2026-09-04T2100,2168A,112.426,39.3199,朔州市,区政府,颗粒物(PM10),58,60,36,22,10,47,NA,115,99,32,11,7,8,0.4,0.3
2026-09-04T2100,2169A,112.4075,39.3277,朔州市,市环保局,颗粒物(PM10),52,52,32,28,12,48,NA,121,106,35,12,3,5,/,/
2026-09-04T2100,2170A,112.4273,39.3682,朔州市,市二中,颗粒物(PM10),70,78,40,28,12,33,NA,124,97,55,18,5,5,/,/
2026-09-04T2100,2174A,112.6992,37.6984,晋中市,榆次区政府,,37,36,30,17,14,118,NA,151,146,11,12,10,11,0.3,0
2026-09-04T2100,2175A,110.996,35.0148,运城市,运城中学,臭氧1小时(O3_1h),64,32,31,17,12,171,NA,163,163,11,8,9,7,0.6,0.4
2026-09-04T2100,2178A,110.9685,35.0305,运城市,地区技校,臭氧1小时(O3_1h),69,31,34,24,14,175,NA,167,167,9,8,9,6,0.5,0.5
2026-09-04T2100,2181A,112.7313,38.457,忻州市,开发区,细颗粒物(PM2.5),56,56,33,38,18,46,NA,142,124,47,18,6,7,0.7,0.6
2026-09-04T2100,2182A,112.7023,38.4932,忻州市,会展中心,颗粒物(PM10),54,55,32,28,19,63,NA,138,113,36,14,5,7,0.6,0.6
2026-09-04T2100,2183A,111.1447,37.5212,吕梁市,环保局,,33,33,44,20,13,95,NA,145,136,35,27,5,4,0.5,0.5
2026-09-04T2100,2185A,111.1285,37.5338,吕梁市,自来水公司,,34,30,41,17,15,108,NA,148,141,26,23,5,4,0.5,0.5
2026-09-04T2100,2187A,106.8172,39.6972,乌海市,市林业局,细颗粒物(PM2.5),56,54,53,38,23,127,NA,144,144,15,21,6,13,0.6,0.7
2026-09-04T2100,2188A,106.7907,39.6666,乌海市,中海勃湾学校,,48,47,40,32,23,153,NA,163,163,18,18,22,22,0.6,0.7
2026-09-04T2100,2191A,122.253,43.6801,通辽市,艺术职业学校,,30,30,30,17,14,80,NA,103,93,14,10,8,18,0.5,0.5
2026-09-04T2100,2195A,107.4206,40.7609,巴彦淖尔市,附二中,颗粒物(PM10),73,82,42,36,24,68,NA,134,122,32,10,10,9,0.7,0.6
2026-09-04T2100,2196A,107.37,40.7372,巴彦淖尔市,市环保大楼,颗粒物(PM10),63,67,50,22,22,84,NA,131,123,19,6,15,14,0.7,0.6
2026-09-04T2100,2197A,113.1306,40.9924,乌兰察布市,集宁新区,,35,35,30,24,14,87,NA,137,131,29,19,7,6,0.5,0.5
2026-09-04T2100,2202A,116.1048,43.9318,锡林郭勒盟,市环保监测站,,32,32,21,12,7,74,NA,106,100,22,11,2,2,0.3,0.2
2026-09-04T2100,2203A,116.0778,43.9312,锡林郭勒盟,市政府,,27,NA,12,14,6,86,NA,105,101,14,6,2,2,0.3,0.2
2026-09-04T2100,2205A,105.699,38.8409,阿拉善盟,蒙二幼,颗粒物(PM10),60,64,45,25,14,120,NA,137,137,11,6,9,9,0.6,0.6
2026-09-04T2100,2206A,105.7198,38.8508,阿拉善盟,环保局新楼,颗粒物(PM10),55,57,44,22,14,123,NA,130,130,7,6,11,11,0.6,0.5
2026-09-04T2100,2207A,121.6095,41.9978,阜新市,工业园区,,31,31,43,16,13,66,NA,122,104,20,26,13,11,0.4,0.4
2026-09-04T2100,2208A,121.6567,42.0188,阜新市,长青街,,46,46,35,18,12,65,NA,110,95,23,22,25,16,0.5,0.5
2026-09-04T2100,2209A,121.6672,42.07,阜新市,农业园区,,37,37,32,13,9,85,NA,113,103,16,15,14,15,0.5,0.5
2026-09-04T2100,2211A,121.6343,42.0455,阜新市,玉龙新城,颗粒物(PM10),51,51,38,16,11,41,NA,119,96,46,27,16,17,0.4,0.3
2026-09-04T2100,2212A,123.1978,41.2036,辽阳市,宏伟区,颗粒物(PM10),52,52,40,17,14,56,NA,120,109,27,19,11,11,0.6,0.9
2026-09-04T2100,2213A,123.1684,41.2497,辽阳市,新华园,颗粒物(PM10),96,114,44,57,17,6,NA,126,106,82,30,7,12,1.2,1.3
2026-09-04T2100,2214A,123.2355,41.2663,辽阳市,滨河路,,48,48,35,24,13,29,NA,112,92,46,30,10,12,0.7,1.2
2026-09-04T2100,2217A,123.865,42.292,铁岭市,水上乐园,,42,42,23,11,5,17,NA,91,66,52,30,8,9,0.6,0.4
2026-09-04T2100,2219A,123.7158,42.2218,铁岭市,金沙江路北,,38,38,28,13,9,36,NA,93,78,30,22,12,12,0.5,0.4
2026-09-04T2100,2220A,120.4318,41.588,朝阳市,西梁,,46,46,44,18,19,124,NA,138,129,9,20,12,12,0.4,0.4
2026-09-04T2100,2221A,120.452,41.565,朝阳市,河畔小区,,41,34,35,13,16,129,NA,138,135,7,15,19,16,0.8,0.8
2026-09-04T2100,2222A,120.4176,41.5648,朝阳市,八里堡,,38,38,41,12,18,121,NA,141,130,11,18,19,17,0.7,0.7
2026-09-04T2100,2226A,124.3744,43.1842,四平市,境园,,34,34,29,19,20,46,NA,94,82,32,17,5,6,0.4,0.4
2026-09-04T2100,2227A,125.1359,42.8845,辽源市,环保局,,31,31,24,20,9,26,NA,90,73,33,17,5,5,0.7,0.5
2026-09-04T2100,2229A,125.9359,41.7174,通化市,光明,,38,38,31,9,16,27,NA,91,74,12,11,10,10,0.2,0.6
2026-09-04T2100,2230A,125.9446,41.7323,通化市,铁路,,22,22,31,11,16,29,NA,90,75,16,18,4,7,0.5,0.9
2026-09-04T2100,2231A,126.4219,41.9172,白山市,喜丰,颗粒物(PM10),56,58,34,12,12,65,NA,142,103,28,14,6,6,0.5,0.4
2026-09-04T2100,2232A,126.4082,41.9416,白山市,环保局,,20,20,20,11,8,38,NA,86,71,9,7,4,5,0.5,0.5
2026-09-04T2100,2233A,124.8007,45.1213,松原市,江南,颗粒物(PM10),53,53,60,29,34,18,NA,84,68,37,21,1,2,0.7,0.4
2026-09-04T2100,2234A,124.7967,45.1721,松原市,江北,,38,38,40,22,25,17,NA,76,58,44,18,2,2,0.5,0.4
2026-09-04T2100,2235A,122.7909,45.608,白城市,洮北区环保局,,29,29,25,18,10,64,NA,82,76,6,3,6,4,0.5,0.4
2026-09-04T2100,2236A,122.8741,45.5725,白城市,市环保局,,34,34,18,23,11,10,NA,73,51,47,16,5,4,0.4,0.4
2026-09-04T2100,2237A,129.4704,42.8885,延边朝鲜族自治州,妇幼医院,,23,18,19,16,14,21,NA,70,51,10,7,6,6,0.6,0.6
2026-09-04T2100,2238A,129.5047,42.9117,延边朝鲜族自治州,延边医院,,23,19,18,16,16,35,NA,69,58,8,7,4,4,0.8,0.7
2026-09-04T2100,2239A,129.395,42.8884,延边朝鲜族自治州,朝阳川镇医院,,35,NA,33,24,19,18,NA,70,52,9,9,9,9,0.7,0.6
2026-09-04T2100,2240A,130.9618,45.2926,鸡西市,环保局,,23,23,15,3,7,10,NA,62,52,35,10,2,3,0.6,0.4
2026-09-04T2100,2243A,130.9294,45.2959,鸡西市,第一中学,,20,17,15,2,7,21,NA,63,56,39,11,4,4,0.0,0
2026-09-04T2100,2244A,130.2537,47.3416,鹤岗市,哈啤分公司,,15,NA,13,10,4,27,NA,57,46,5,4,7,6,0.2,0.1
2026-09-04T2100,2245A,130.2683,47.3087,鹤岗市,斯达机电,NA,NA,32,20,4,5,NA,NA,53,45,8,8,4,4,0.2,0.2
2026-09-04T2100,2246A,130.3114,47.3388,鹤岗市,东山纸板厂,颗粒物(PM10),100,119,43,11,6,2,NA,57,38,24,12,6,6,0.6,0.4
2026-09-04T2100,2248A,131.1509,46.6936,双鸭山市,双合村,,30,30,18,8,9,18,NA,61,51,18,8,10,9,0.7,0.2
2026-09-04T2100,2249A,131.1651,46.6191,双鸭山市,南小市,,20,NA,14,14,8,18,NA,58,45,12,6,9,7,0.1,0.1
2026-09-04T2100,2250A,131.1526,46.6554,双鸭山市,环保局,,36,36,26,16,12,10,NA,56,41,24,14,10,10,0.5,0.3
2026-09-04T2100,2252A,128.8663,47.7199,伊春市,环保局,,28,28,22,7,11,3,NA,51,33,11,6,2,2,0.6,0.5
2026-09-04T2100,2253A,128.9014,47.732,伊春市,电力嘉园,,19,NA,19,13,9,9,NA,57,38,8,5,2,3,0.8,0.8
2026-09-04T2100,2255A,130.2749,46.8028,佳木斯市,佳纺,颗粒物(PM10),93,110,26,13,6,5,NA,56,39,39,12,2,2,0.3,0.2
2026-09-04T2100,2257A,130.3258,46.7975,佳木斯市,环保局,,36,36,17,6,8,9,NA,59,43,30,13,3,3,0.4,0.3
2026-09-04T2100,2263A,127.4832,50.2524,黑河市,交通局,,50,50,31,24,18,32,NA,69,58,23,11,10,8,0.5,0.3
2026-09-04T2100,2264A,127.5146,50.2339,黑河市,环保局,,46,46,48,20,28,30,NA,64,55,24,14,9,13,0.5,0.5
2026-09-04T2100,2266A,126.9783,46.6365,绥化市,人和东街,颗粒物(PM10),64,69,49,41,23,18,NA,68,55,43,13,14,13,0.6,0.3
2026-09-04T2100,2267A,126.964,46.6527,绥化市,党政办公中心,,28,28,34,17,16,59,NA,71,66,13,11,8,9,0.2,0.3
2026-09-04T2100,2269A,124.1068,50.4091,大兴安岭地区,科技局,,30,30,25,10,12,47,NA,61,60,3,3,5,4,0.1,0.2
2026-09-04T2100,2270A,117.396,32.9389,蚌埠市,工人疗养院,,46,46,35,22,18,119,NA,136,134,15,10,7,7,0.5,0.5
2026-09-04T2100,2271A,117.3606,32.9428,蚌埠市,百货大楼,,43,41,34,12,15,136,NA,140,140,13,10,10,11,0.6,0.6
2026-09-04T2100,2273A,117.4183,32.8909,蚌埠市,蚌埠学院,颗粒物(PM10),56,58,33,21,15,90,NA,136,131,40,8,8,7,0.4,0.4
2026-09-04T2100,2274A,117.3534,32.9672,蚌埠市,淮上区政府,,44,44,36,14,17,128,NA,143,140,21,14,6,6,0.4,0.5
2026-09-04T2100,2275A,117.3143,32.8977,蚌埠市,高新区,,41,29,29,14,15,129,NA,134,134,11,10,5,6,0.4,0.4
2026-09-04T2100,2277A,116.8304,32.7726,淮南市,潘集区政府,,39,39,29,23,19,85,NA,133,116,29,15,7,8,0.3,0.4
2026-09-04T2100,2279A,116.8569,32.5949,淮南市,谢家集区政府,颗粒物(PM10),58,60,35,29,18,92,NA,140,128,19,11,8,7,0.4,0.4
2026-09-04T2100,2280A,116.8279,32.6333,淮南市,八公山区政府,颗粒物(PM10),54,55,34,31,19,93,NA,139,128,12,9,12,10,0.3,0.3
2026-09-04T2100,2282A,116.8005,33.9749,淮北市,监测站,,44,42,35,18,19,138,NA,161,160,15,15,6,7,0.4,0.4
2026-09-04T2100,2283A,116.8094,33.9008,淮北市,烈山区政府,,38,22,25,12,14,121,NA,165,162,19,14,4,5,0.4,0.4
2026-09-04T2100,2285A,117.8176,30.9412,铜陵市,市第四中学,,33,33,34,9,10,101,NA,130,122,9,9,9,9,0.4,0.5
2026-09-04T2100,2287A,117.7806,30.9413,铜陵市,市新民污水厂,,30,27,27,8,8,60,NA,123,113,60,15,8,10,0.3,0.5
2026-09-04T2100,2289A,117.846,30.9414,铜陵市,车站新区,,30,30,28,10,9,94,NA,131,124,13,11,8,9,0.4,0.5
2026-09-04T2100,2290A,117.8472,30.9699,铜陵市,市职教基地,,33,33,30,10,9,87,NA,125,116,12,9,7,7,0.5,0.6
2026-09-04T2100,2291A,117.0806,30.5181,安庆市,环科院,,30,22,23,10,10,94,NA,106,103,8,5,5,6,0.6,0.6
2026-09-04T2100,2292A,117.0331,30.5118,安庆市,马山宾馆,,31,22,22,10,10,98,NA,106,104,12,7,4,4,0.5,0.6
2026-09-04T2100,2294A,116.9897,30.6146,安庆市,安庆大学,,28,18,19,12,10,89,NA,104,102,10,8,4,4,0.3,0.3
2026-09-04T2100,2295A,118.2905,29.6965,黄山市,延安路89号,,29,24,19,11,9,90,NA,87,87,4,3,3,3,0.5,0.5
2026-09-04T2100,2297A,118.1369,30.2755,黄山市,黄山区政府5号楼,,23,23,24,11,10,28,NA,87,76,5,4,3,3,0.6,0.5
2026-09-04T2100,2301A,115.8276,32.8929,阜阳市,市监测站,颗粒物(PM10),68,74,40,14,19,56,NA,147,126,73,23,8,9,0.7,0.7
2026-09-04T2100,2303A,115.8551,32.8606,阜阳市,开发区,颗粒物(PM10),51,51,49,15,18,93,NA,136,123,31,20,7,7,0.5,0.5
2026-09-04T2100,2307A,116.5078,31.7369,六安市,监测大楼,,39,32,25,23,16,123,NA,129,129,8,7,5,4,0.5,0.5
2026-09-04T2100,2308A,116.4738,31.7642,六安市,皖西学院,细颗粒物(PM2.5),54,50,27,37,16,95,NA,127,121,31,15,8,8,0.7,0.6
2026-09-04T2100,2309A,116.4997,31.7904,六安市,朝阳厂,细颗粒物(PM2.5),102,NA,20,62,17,90,NA,120,118,16,8,2,2,0.5,0.3
2026-09-04T2100,2310A,116.5566,31.7885,六安市,开发区,,41,41,32,25,16,110,NA,136,134,18,9,8,7,0.3,0.3
2026-09-04T2100,2311A,115.8071,33.8399,亳州市,污水处理厂,,42,42,42,19,20,108,NA,139,130,16,16,8,8,0.2,0.2
2026-09-04T2100,2312A,115.7789,33.8519,亳州市,三国揽胜宫,,38,35,42,9,14,119,NA,141,136,15,13,6,7,0.6,0.6
2026-09-04T2100,2314A,117.4698,30.6617,池州市,池州学院,,24,22,25,12,14,76,NA,109,100,18,13,4,5,0.3,0.4
2026-09-04T2100,2316A,118.7578,30.9457,宣城市,鳌峰子站,,33,24,21,8,5,105,NA,116,116,5,3,5,5,0.3,0.3
2026-09-04T2100,2317A,118.7384,30.9745,宣城市,敬亭山子站,,32,30,26,10,9,100,NA,111,109,6,6,4,5,0.3,0.3
2026-09-04T2100,2318A,118.7172,30.9428,宣城市,开发区子站,,36,26,22,12,7,115,NA,122,122,4,3,5,5,0.4,0.4
2026-09-04T2100,2319A,119.0142,25.4324,莆田市,荔城区仓后路,,31,31,9,19,4,24,NA,35,30,14,8,/,/,/,/
2026-09-04T2100,2320A,119.0016,25.4553,莆田市,莆田市监测站,,22,22,7,2,0,41,NA,40,40,2,2,4,4,0.4,0.4
2026-09-04T2100,2321A,119.112,25.4561,莆田市,涵江区六中,,23,22,9,16,3,37,NA,58,58,8,4,/,/,0.5,0.4
2026-09-04T2100,2322A,119.1014,25.3215,莆田市,秀屿区政府,,28,26,10,19,5,50,NA,57,57,9,4,6,6,0.5,0.4
2026-09-04T2100,2324A,117.621,26.2626,三明市,三钢,,30,25,14,21,12,11,NA,36,28,16,11,4,5,0.5,0.4
2026-09-04T2100,2325A,117.6352,26.2714,三明市,三明二中,,44,44,15,19,11,13,NA,37,32,16,8,6,6,0.7,0.5
2026-09-04T2100,2326A,117.6028,26.2377,三明市,三元区政府,,26,26,15,16,11,12,NA,36,28,13,10,6,9,0.7,0.7
2026-09-04T2100,2332A,118.1682,26.6371,南平市,南平市监测站,,29,29,22,15,11,4,NA,32,28,18,11,4,4,0.7,0.4
2026-09-04T2100,2334A,118.1757,26.6276,南平市,南平七中,,31,31,21,13,9,6,NA,29,25,15,8,3,3,0.5,0.3
2026-09-04T2100,2336A,117.022,25.1031,龙岩市,龙岩市监测站,,13,4,6,2,4,40,NA,45,42,3,4,5,6,0.0,0.1
2026-09-04T2100,2337A,117.0257,25.0662,龙岩市,闽西职业技术学院,,12,5,9,3,5,36,NA,44,40,3,4,4,6,0.2,0.3
2026-09-04T2100,2338A,117.0195,25.0306,龙岩市,龙岩学院,,11,7,8,4,5,34,NA,44,39,6,5,5,4,/,/
2026-09-04T2100,2341A,119.5387,26.6611,宁德市,宁德市监测站,,26,26,20,18,12,23,NA,58,55,9,12,5,6,0.9,0.8
2026-09-04T2100,2343A,117.2114,29.2931,景德镇市,老干部活动中心,,24,15,12,10,8,75,NA,70,70,7,5,3,4,0.7,0.7
2026-09-04T2100,2344A,117.1893,29.2789,景德镇市,兽医站,,30,30,24,13,7,79,NA,71,71,3,2,4,4,0.6,0.7
2026-09-04T2100,2346A,117.246,29.2958,景德镇市,陶研所,,23,NA,14,14,8,71,NA,67,67,4,3,3,4,0.5,0.6
2026-09-04T2100,2348A,113.8384,27.6436,萍乡市,中医院,,26,26,18,14,9,5,NA,40,32,28,15,7,6,0.8,0.7
2026-09-04T2100,2350A,113.8677,27.6438,萍乡市,市环保局,,32,NA,14,22,12,39,NA,52,49,8,9,2,2,0.4,0.4
2026-09-04T2100,2351A,113.8663,27.6202,萍乡市,安源区政府,,38,26,18,26,12,16,NA,41,35,23,12,6,6,1.0,0.9
2026-09-04T2100,2353A,114.9887,27.8433,新余市,飞宇,,31,31,28,17,13,78,NA,84,80,11,12,8,8,0.4,0.4
2026-09-04T2100,2354A,114.9234,27.8248,新余市,第二水厂,,30,30,30,12,14,85,NA,88,88,11,9,1,3,0.4,0.4
2026-09-04T2100,2355A,114.931,27.8037,新余市,市气象局,,34,34,27,17,15,70,NA,79,78,13,9,6,5,0.2,0.3
2026-09-04T2100,2358A,117.0561,28.2641,鹰潭市,新监测站,,23,23,25,9,11,45,NA,66,63,6,4,3,6,0.3,0.4
2026-09-04T2100,2359A,117.0312,28.2474,鹰潭市,财苑宾馆,,36,36,25,10,10,42,NA,72,68,3,2,1,4,/,/
2026-09-04T2100,2360A,117.0221,28.2263,鹰潭市,体育馆,,45,45,27,11,9,26,NA,71,63,13,5,4,6,0.5,0.5
2026-09-04T2100,2363A,114.9368,25.8663,赣州市,地委,,21,21,14,3,4,34,NA,44,39,2,4,3,3,0.3,0.4
2026-09-04T2100,2364A,114.946,25.8483,赣州市,气象台,,31,31,20,7,4,26,NA,40,32,7,6,5,5,0.2,0.3
2026-09-04T2100,2365A,114.932,25.8332,赣州市,市图书馆,,10,6,10,4,3,31,NA,42,39,6,5,5,4,0.3,0.4
2026-09-04T2100,2366A,114.8905,25.8472,赣州市,华坚鞋城,,13,13,13,2,5,37,NA,46,37,4,6,1,1,0.3,0.3
2026-09-04T2100,2367A,114.9753,27.0803,吉安市,红声器材厂,,40,40,29,21,14,63,NA,68,68,17,11,11,8,0.4,0.4
2026-09-04T2100,2369A,114.9903,27.1313,吉安市,市环境监测站,,33,33,26,17,12,67,NA,71,71,17,9,15,9,/,/
2026-09-04T2100,2370A,115.009527,27.096792,吉安市,青原区法院,,34,34,29,20,14,80,NA,74,74,8,16,8,9,0.5,0.4
2026-09-04T2100,2373A,114.3954,27.7843,宜春市,市石油公司,,30,30,25,15,10,24,NA,58,51,8,8,8,8,0.7,0.7
2026-09-04T2100,2374A,114.37,27.7916,宜春市,市气象局,颗粒物(PM10),53,53,26,27,14,26,NA,62,55,17,10,2,1,0.6,0.5
2026-09-04T2100,2375A,114.401,27.8059,宜春市,市广电局,颗粒物(PM10),60,63,26,19,11,37,NA,61,55,6,7,3,3,0.3,0.4
2026-09-04T2100,2377A,116.3544,27.9833,抚州市,市站,,33,33,29,15,14,90,NA,69,69,1,1,2,3,0.4,0.5
2026-09-04T2100,2378A,116.3562,27.9631,抚州市,血防站,,41,41,34,22,12,89,NA,67,67,5,4,4,5,0.6,0.5
2026-09-04T2100,2379A,116.3561,28.0007,抚州市,采茶剧团,NA,NA,52,30,25,15,NA,NA,77,77,3,2,2,13,NA,0.6
2026-09-04T2100,2380A,116.3854,27.9648,抚州市,医学分院,,36,36,28,16,13,103,NA,79,79,3,3,14,6,0.8,0.8
2026-09-04T2100,2382A,117.9758,28.4439,上饶市,市监测站,NA,NA,26,25,13,12,NA,NA,99,99,2,4,1,2,/,/
2026-09-04T2100,2383A,117.9521,28.4637,上饶市,凤凰光学,,29,29,26,14,12,77,NA,91,91,4,5,4,6,0.3,0.3
2026-09-04T2100,2385A,114.17,35.9019,鹤壁市,市监测站,颗粒物(PM10),52,52,44,33,26,122,NA,157,148,10,8,5,7,0.7,0.8
2026-09-04T2100,2386A,114.2953,35.7512,鹤壁市,市交警支队,,42,42,41,22,25,122,NA,145,142,19,16,6,10,0.7,0.9
2026-09-04T2100,2387A,114.2877,35.7302,鹤壁市,迎宾馆,颗粒物(PM10),53,53,43,29,20,117,NA,155,151,22,16,9,12,0.8,0.9
2026-09-04T2100,2389A,113.836,35.3104,新乡市,环保西院,,43,36,45,15,18,137,NA,157,151,12,11,10,11,0.7,0.6
2026-09-04T2100,2390A,113.8847,35.2724,新乡市,开发区,,50,50,36,16,12,124,NA,154,146,29,10,10,11,0.6,0.6
2026-09-04T2100,2391A,113.8836,35.3028,新乡市,环保东院,颗粒物(PM10),53,53,41,15,14,136,NA,162,155,18,9,10,11,0.9,0.9
2026-09-04T2100,2392A,115.0312,35.7636,濮阳市,环保局,,43,39,40,16,19,135,NA,159,157,16,13,5,9,0.3,0.3
2026-09-04T2100,2398A,113.7904,33.9949,许昌市,开发区,,46,35,53,16,24,146,NA,182,177,10,14,5,8,0.2,0.3
2026-09-04T2100,2399A,114.051,33.5721,漯河市,三五一五工厂,,48,45,58,33,32,147,NA,177,171,24,22,10,10,0.8,0.7
2026-09-04T2100,2400A,114.0055,33.5698,漯河市,漯河大学,颗粒物(PM10),60,63,56,37,32,151,NA,179,174,22,20,12,10,0.6,0.6
2026-09-04T2100,2401A,114.0134,33.5826,漯河市,市水利局,颗粒物(PM10),58,61,55,36,27,141,NA,178,172,23,19,15,11,0.6,0.6
2026-09-04T2100,2402A,114.0261,33.5697,漯河市,市广电局,颗粒物(PM10),53,54,53,24,26,144,NA,178,173,25,20,10,9,0.5,0.5
2026-09-04T2100,2404A,112.5338,33.0086,南阳市,瓦房庄,臭氧1小时(O3_1h),70,54,49,23,16,176,NA,185,185,15,12,9,9,0.7,0.7
2026-09-04T2100,2405A,112.5002,32.9734,南阳市,汉画馆,臭氧1小时(O3_1h),58,57,48,24,18,166,NA,178,178,17,13,10,10,0.8,0.8
2026-09-04T2100,2406A,112.5778,33.0144,南阳市,气象站,颗粒物(PM10),58,60,52,27,18,163,NA,179,178,19,13,10,11,0.8,0.7
2026-09-04T2100,2407A,112.548,32.9687,南阳市,理工学院,臭氧1小时(O3_1h),65,55,49,24,20,172,NA,186,186,13,11,11,12,0.7,0.7
2026-09-04T2100,2408A,115.6701,34.4283,商丘市,环境监测站,,43,43,51,24,24,70,NA,141,126,36,18,5,4,0.3,0.3
2026-09-04T2100,2409A,115.6458,34.4047,商丘市,粮食局,,40,30,45,28,23,87,NA,141,131,28,18,6,9,0.7,0.6
2026-09-04T2100,2420A,114.0194,32.9648,驻马店市,市一纸厂,NA,NA,NA,43,NA,23,NA,NA,186,184,13,12,8,9,0.4,0.3
2026-09-04T2100,2421A,114.0112,33.0149,驻马店市,市彩印厂,颗粒物(PM10),56,58,52,23,23,154,NA,177,173,12,13,7,8,0.4,0.4
2026-09-04T2100,2423A,115.0547,30.2332,黄石市,沈家营,,26,25,33,11,12,81,NA,96,93,9,4,8,6,0.1,0.2
2026-09-04T2100,2426A,114.899,30.211,黄石市,铁山,,33,23,26,15,12,105,NA,105,105,2,4,4,4,0.3,0.4
2026-09-04T2100,2427A,115.0259,30.2108,黄石市,团城山,,39,39,30,14,14,84,NA,94,90,4,3,7,5,0.2,0.2
2026-09-04T2100,2429A,110.78,32.6494,十堰市,滨河新村,颗粒物(PM10),53,54,39,35,22,134,NA,159,155,17,14,/,/,0.8,0.7
2026-09-04T2100,2430A,110.7305,32.6408,十堰市,刘家沟,,42,42,38,27,21,131,NA,171,161,11,7,/,/,/,/
2026-09-04T2100,2431A,110.8843,32.5712,十堰市,铁二处,,42,42,36,28,21,108,NA,158,147,9,10,12,10,0.7,0.7
2026-09-04T2100,2432A,112.1555,32.0197,襄阳市,襄城运动路,颗粒物(PM10),68,75,53,38,25,163,NA,180,178,19,13,10,10,0.7,0.6
2026-09-04T2100,2434A,112.1829,32.1146,襄阳市,高新管委会,颗粒物(PM10),62,66,51,40,26,163,NA,180,178,20,14,11,11,0.5,0.5
2026-09-04T2100,2435A,112.2105,32.0903,襄阳市,襄州航空路,NA,NA,NA,50,NA,22,NA,NA,179,179,18,11,9,9,0.7,0.6
2026-09-04T2100,2436A,114.894,30.3989,鄂州市,市政府,NA,NA,NA,23,NA,14,115,NA,109,109,NA,8,4,4,NA,0.4
2026-09-04T2100,2437A,114.8986,30.3714,鄂州市,赵家坝,,35,23,29,10,11,109,NA,104,104,6,7,4,3,0.3,0.4
2026-09-04T2100,2439A,112.2012,31.048,荆门市,竹园小学,NA,NA,NA,46,NA,25,NA,NA,175,173,20,10,7,7,0.7,0.7
2026-09-04T2100,2440A,112.1968,30.9892,荆门市,掇刀,颗粒物(PM10),51,51,46,31,26,138,NA,173,167,18,8,20,13,0.7,0.5
2026-09-04T2100,2444A,113.9062,30.9378,孝感市,东城区,细颗粒物(PM2.5),56,53,40,38,13,111,NA,137,135,16,8,7,6,0.5,0.4
2026-09-04T2100,2446A,114.9021,30.474,黄冈市,职工中心,,29,20,24,16,18,91,NA,97,95,7,7,15,14,0.4,0.4
2026-09-04T2100,2451A,113.3587,31.7275,随州市,市委党校,臭氧1小时(O3_1h),62,42,34,22,15,169,NA,178,178,6,6,9,10,0.6,0.6
2026-09-04T2100,2452A,113.3745,31.6926,随州市,市林业局,臭氧1小时(O3_1h),68,29,25,26,15,174,NA,176,176,9,9,7,7,0.7,0.6
2026-09-04T2100,2453A,113.3984,31.7309,随州市,市立交桥水厂,,47,38,34,27,16,149,NA,170,168,14,11,7,6,0.7,0.6
2026-09-04T2100,2454A,109.4978,30.2979,恩施土家族苗族自治州,湖北民院,细颗粒物(PM2.5),52,NA,23,36,15,53,NA,97,88,13,7,6,6,0.4,0.3
2026-09-04T2100,2457A,112.6209,26.9268,衡阳市,衡阳化工总厂,,28,17,14,14,9,88,NA,78,78,6,8,5,6,0.7,0.7
2026-09-04T2100,2458A,112.621,26.8957,衡阳市,珠晖区环保局,,29,21,14,11,8,90,NA,79,79,10,14,3,2,0.8,0.8
2026-09-04T2100,2459A,112.628,26.8654,衡阳市,市委党校,,30,18,11,15,9,95,NA,86,86,9,9,5,5,0.9,0.9
2026-09-04T2100,2460A,112.6007,26.8977,衡阳市,市监测站,,30,22,12,20,8,95,NA,89,89,10,9,4,4,0.8,0.7
2026-09-04T2100,2461A,112.5658,26.9013,衡阳市,真空机电公司,,33,26,14,16,10,103,NA,96,96,6,5,5,6,0.7,0.7
2026-09-04T2100,2464A,111.5277,27.2442,邵阳市,市化工厂,,35,NA,18,24,20,105,NA,96,96,4,4,10,9,0.4,0.4
2026-09-04T2100,2466A,111.4327,27.2276,邵阳市,市环保局,,40,33,22,28,20,90,NA,86,86,9,9,5,5,0.6,0.6
2026-09-04T2100,2468A,112.3458,28.581,益阳市,市环保局,,35,34,31,24,25,108,NA,123,123,15,10,6,6,0.8,0.7
2026-09-04T2100,2473A,113.0116,25.8228,郴州市,市职中,,13,8,8,4,8,41,NA,41,41,6,13,6,7,0.8,1
2026-09-04T2100,2475A,113.0381,25.8074,郴州市,市审计局,,15,14,10,4,6,48,NA,47,47,4,11,7,6,/,/
2026-09-04T2100,2476A,113.0348,25.7757,郴州市,市环保局,,13,12,8,8,6,40,NA,42,40,6,9,8,8,0.6,0.8
2026-09-04T2100,2478A,111.6126,26.4266,永州市,市环境监测站,,38,26,13,26,12,84,NA,77,71,8,9,4,4,0.8,0.8
2026-09-04T2100,2480A,111.6248,26.3803,永州市,永州市环保局,NA,NA,NA,74,24,12,89,NA,80,76,NA,9,4,4,0.8,0.7
2026-09-04T2100,2481A,111.5989,26.4523,永州市,冷水滩区环保局,,30,29,16,21,12,72,NA,77,71,7,6,4,4,0.8,0.8
2026-09-04T2100,2483A,109.9297,27.5383,怀化市,河西地税局,,33,33,19,18,17,43,NA,81,71,17,9,2,2,/,/
2026-09-04T2100,2484A,109.9783,27.5342,怀化市,市四医院,,39,39,26,25,21,67,NA,79,75,14,12,7,6,0.6,0.5
2026-09-04T2100,2485A,109.9971,27.5579,怀化市,监测楼,,43,34,25,30,23,49,NA,68,64,14,10,4,4,0.7,0.6
2026-09-04T2100,2488A,111.9984,27.7346,娄底市,市监测站,,34,34,31,23,23,98,NA,87,87,9,11,4,4,0.4,0.5
2026-09-04T2100,2491A,111.9888,27.7035,娄底市,市政府,,35,27,24,19,20,109,NA,97,97,8,7,4,5,0.5,0.5
2026-09-04T2100,2493A,109.7298,28.3164,湘西土家族苗族自治州,州政府,,32,32,22,22,17,15,NA,51,40,10,5,3,4,0.6,0.5
2026-09-04T2100,2494A,109.6957,28.2676,湘西土家族苗族自治州,吉首市计生局,,30,27,17,21,15,15,NA,59,44,17,10,5,5,0.3,0.2
2026-09-04T2100,2496A,111.3126,23.4772,梧州市,市十一中,,20,20,11,9,4,38,NA,69,52,13,8,8,9,0.5,0.5
2026-09-04T2100,2498A,111.26,23.4794,梧州市,龙新,,15,7,11,3,3,45,NA,58,53,8,10,7,8,0.5,0.5
2026-09-04T2100,2499A,108.3411,21.6159,防城港市,沙万,,18,17,22,9,7,55,NA,65,62,8,6,4,4,0.5,0.4
2026-09-04T2100,2500A,108.3515,21.7733,防城港市,防城档案局,,29,29,27,13,9,57,NA,68,66,9,7,3,4,0.6,0.5
2026-09-04T2100,2501A,108.3506,21.6414,防城港市,大海花园,,26,NA,13,18,10,69,NA,83,80,7,5,3,4,0.8,0.7
2026-09-04T2100,2502A,108.6238,21.9667,钦州市,市环保站,,22,22,14,11,7,56,NA,75,70,10,9,6,6,0.6,0.5
2026-09-04T2100,2503A,108.655,21.9481,钦州市,沙埠小学,,26,26,21,18,8,50,NA,75,69,12,7,6,6,0.6,0.4
2026-09-04T2100,2504A,108.5989,21.7435,钦州市,港区一小,NA,NA,29,23,18,8,NA,NA,78,73,17,13,4,5,NA,0.6
2026-09-04T2100,2506A,109.604387,23.066791,贵港市,江南子站,,20,9,7,8,6,61,NA,72,70,6,5,2,2,0.6,0.5
2026-09-04T2100,2508A,109.5669,23.1065,贵港市,荷城子站,,19,7,8,3,6,59,NA,68,66,6,6,1,2,0.6,0.6
2026-09-04T2100,2511A,110.1433,22.6162,玉林市,南江一中,,19,NA,17,13,9,55,NA,72,69,12,9,5,4,0.5,0.4
2026-09-04T2100,2512A,106.6102,23.901,百色市,市监测站,,15,15,15,8,9,42,NA,62,58,10,8,7,7,0.4,0.4
2026-09-04T2100,2513A,106.6524,23.8842,百色市,市中心血站,NA,NA,NA,18,NA,7,NA,NA,63,59,32,8,10,9,0.5,0.2
2026-09-04T2100,2514A,111.5264,24.4178,贺州市,环保小区,,19,NA,7,6,4,60,NA,77,71,9,6,8,8,0.4,0.4
2026-09-04T2100,2515A,111.561,24.4074,贺州市,政协大楼,,19,13,11,8,5,60,NA,73,69,7,9,10,14,0.6,0.6
2026-09-04T2100,2517A,108.0496,24.6957,河池市,市环保站,,10,8,9,7,4,31,NA,67,51,8,5,5,6,0.8,0.8
2026-09-04T2100,2520A,109.2203,23.7252,来宾市,来宾技工学校,,17,9,8,4,4,53,NA,67,59,8,7,4,5,0.8,0.7
2026-09-04T2100,2521A,107.3473,22.4137,崇左市,市环保局江州分局,,21,21,19,10,7,66,NA,76,75,6,6,2,5,0.3,0.3
2026-09-04T2100,2524A,105.8211,32.4444,广元市,老城,颗粒物(PM10),58,61,30,33,21,76,NA,142,132,29,20,4,5,0.6,0.6
2026-09-04T2100,2526A,105.8629,32.429,广元市,监测站,细颗粒物(PM2.5),54,54,41,37,24,88,NA,136,128,15,13,9,9,0.5,0.5
2026-09-04T2100,2528A,105.5581,30.5231,遂宁市,市监测站,,40,40,57,22,35,74,NA,130,115,24,17,8,9,0.6,0.7
2026-09-04T2100,2530A,105.5917,30.4727,遂宁市,美宁食品公司,细颗粒物(PM2.5),72,52,50,46,37,72,NA,124,112,22,24,8,10,0.6,0.8
2026-09-04T2100,2531A,105.0703,29.61,内江市,市监测站,细颗粒物(PM2.5),106,NA,52,66,51,118,NA,168,150,19,18,9,8,0.6,0.5
2026-09-04T2100,2533A,105.0657,29.5807,内江市,内江二中,细颗粒物(PM2.5),106,76,55,66,51,103,NA,167,150,17,17,9,7,0.6,0.5
2026-09-04T2100,2534A,105.0407,29.5828,内江市,内江日报社,细颗粒物(PM2.5),90,55,49,55,51,118,NA,167,152,12,16,8,8,0.6,0.7
2026-09-04T2100,2536A,103.7629,29.5844,乐山市,牛耳桥,,49,48,60,34,41,103,NA,166,156,23,16,6,9,0.8,0.9
2026-09-04T2100,2537A,103.7501,29.6002,乐山市,市第三水厂,颗粒物(PM10),54,55,58,33,40,98,NA,174,164,47,20,5,7,1.1,1.1
2026-09-04T2100,2538A,103.7571,29.5664,乐山市,市监测站,,42,40,62,25,39,132,NA,171,166,17,13,4,8,1.0,1.2
2026-09-04T2100,2540A,103.8414,30.0871,眉山市,气象局,NA,NA,75,77,52,56,NA,NA,180,174,22,30,11,13,1.0,1
2026-09-04T2100,2544A,106.6307,30.4577,广安市,市委,,40,34,41,28,32,98,NA,143,137,19,14,10,10,0.5,0.5
2026-09-04T2100,2545A,106.6266,30.4662,广安市,友谊中学,,36,31,41,25,36,95,NA,142,136,21,13,13,13,0.6,0.4
2026-09-04T2100,2547A,106.6386,30.4551,广安市,广电花园,,46,46,41,28,37,104,NA,153,146,19,13,11,11,0.7,0.6
2026-09-04T2100,2549A,107.5087,31.2186,达州市,市环境监测站,细颗粒物(PM2.5),70,61,51,45,32,50,NA,123,112,46,25,6,8,0.7,0.5
2026-09-04T2100,2550A,107.4988,31.2132,达州市,凤凰小区,NA,NA,66,54,53,30,NA,NA,135,133,43,25,6,8,0.5,0.4
2026-09-04T2100,2551A,107.5081,31.1987,达州市,达县机关宾馆,细颗粒物(PM2.5),74,78,56,47,36,34,NA,130,108,79,38,6,7,0.7,0.5
2026-09-04T2100,2552A,107.4644,31.2124,达州市,市政中心,颗粒物(PM10),53,53,60,29,29,98,NA,134,129,20,26,5,7,0.3,0.4
2026-09-04T2100,2555A,103.011,29.9833,雅安市,市政府,细颗粒物(PM2.5),84,68,44,52,35,63,NA,128,111,14,8,6,6,0.7,0.6
2026-09-04T2100,2556A,102.9907,29.9778,雅安市,川农大,,50,44,42,35,33,86,NA,110,104,11,8,6,7,0.6,0.6
2026-09-04T2100,2562A,104.6357,30.1508,资阳市,资阳中学,颗粒物(PM10),65,71,67,32,48,107,NA,160,149,10,11,4,5,0.5,0.6
2026-09-04T2100,2565A,104.6297,30.1259,资阳市,区法院,细颗粒物(PM2.5),62,47,55,41,49,102,NA,158,147,24,15,5,5,0.7,0.6
2026-09-04T2100,2568A,102.2503,31.8896,阿坝藏族羌族自治州,马师校,,44,44,27,9,10,84,NA,89,87,4,7,4,4,0.4,0.3
2026-09-04T2100,2570A,101.96,30.048,甘孜藏族自治州,水桥子,,27,25,14,14,10,84,NA,101,98,12,10,3,3,0.3,0.3
2026-09-04T2100,2573A,102.2629,27.8981,凉山彝族自治州,西昌市政府,细颗粒物(PM2.5),52,37,34,36,30,110,NA,136,136,9,9,6,6,0.7,0.6
2026-09-04T2100,2574A,102.2686,27.885,凉山彝族自治州,凉山州政府,,43,39,32,30,27,112,NA,134,134,8,8,4,5,0.7,0.7
2026-09-04T2100,2577A,104.8293,26.592,六盘水市,黄土坡,,20,13,22,13,18,61,NA,98,80,8,9,4,4,0.3,0.3
2026-09-04T2100,2579A,104.8481,26.5898,六盘水市,民中,,20,13,23,9,14,61,NA,87,71,12,14,1,2,0.4,0.4
2026-09-04T2100,2580A,104.9541,26.5506,六盘水市,双水,,18,5,19,4,15,56,NA,89,70,4,7,4,5,0.2,0.3
2026-09-04T2100,2585A,109.1839,27.7344,铜仁市,铜仁卫校,,40,40,23,19,10,34,NA,50,48,12,7,2,2,1.0,0.8
2026-09-04T2100,2586A,109.1752,27.6945,铜仁市,铜仁七中,NA,NA,36,18,20,7,NA,NA,56,54,18,8,6,7,0.5,0.6
2026-09-04T2100,2587A,105.287,27.3133,毕节市,八中,,22,21,30,15,16,56,NA,71,65,7,9,11,6,0.4,0.4
2026-09-04T2100,2588A,105.3079,27.2987,毕节市,师专,,28,28,29,14,17,56,NA,69,64,7,9,9,7,0.4,0.4
2026-09-04T2100,2589A,104.9022,25.0943,黔西南布依族苗族自治州,场坝街,,35,35,36,16,24,57,NA,82,75,3,6,8,30,0.4,0.4
2026-09-04T2100,2590A,104.8812,25.0994,黔西南布依族苗族自治州,坪东大道,,29,29,27,15,18,38,NA,81,71,18,13,4,10,0.4,0.4
2026-09-04T2100,2591A,107.9765,26.5724,黔东南苗族侗族自治州,市环境监测站,,19,15,15,13,8,58,NA,63,63,5,6,2,2,0.5,0.5
2026-09-04T2100,2593A,107.5223,26.2371,黔南布依族苗族自治州,小围寨,,13,NA,7,6,7,39,NA,58,52,5,5,4,4,0.5,0.5
2026-09-04T2100,2594A,99.1589,25.1137,保山市,市环境监测站,,22,22,14,11,8,26,NA,56,50,6,8,7,7,0.3,0.3
2026-09-04T2100,2595A,99.1616,25.1381,保山市,市环保局,NA,NA,NA,7,NA,7,NA,NA,56,51,NA,5,NA,6,NA,0.4
2026-09-04T2100,2596A,103.7668,27.3736,昭通市,监测站,,39,39,39,26,27,119,NA,131,126,6,9,2,6,0.4,0.4
2026-09-04T2100,2599A,100.2497,26.8802,丽江市,丽江古城,,25,23,16,17,8,54,NA,87,79,13,10,4,5,0.7,0.7
2026-09-04T2100,2600A,100.2203,26.8906,丽江市,市中心,,22,19,13,13,9,70,NA,81,78,5,5,8,8,0.6,0.6
2026-09-04T2100,2601A,100.9801,22.7634,普洱市,市环保局,,37,37,36,19,16,49,NA,72,67,7,7,6,6,0.7,0.6
2026-09-04T2100,2602A,100.9763,22.8237,普洱市,普洱第二中学,,35,35,31,18,13,38,NA,76,68,8,7,5,4,1.0,0.9
2026-09-04T2100,2603A,100.0779,23.8981,临沧市,市环保局,,26,NA,21,18,14,46,NA,60,60,11,10,5,7,0.5,0.4
2026-09-04T2100,2604A,100.0894,23.882,临沧市,市气象局,NA,NA,18,22,12,14,66,NA,67,67,NA,8,10,7,0.5,0.8
2026-09-04T2100,2606A,101.5379,25.0492,楚雄彝族自治州,市经济开发区,,48,38,33,33,23,105,NA,121,117,11,15,3,4,0.6,0.6
2026-09-04T2100,2610A,104.2533,23.3595,文山壮族苗族自治州,州水务局,,30,22,32,21,21,72,NA,91,83,7,12,13,10,0.3,0.4
2026-09-04T2100,2611A,104.2319,23.3892,文山壮族苗族自治州,市便民服务中心,,25,24,31,17,20,72,NA,91,82,11,15,11,8,0.3,0.4
2026-09-04T2100,2612A,100.8018,21.9995,西双版纳傣族自治州,景洪市江南,,34,34,32,14,17,85,NA,72,72,6,7,9,8,0.7,0.8
2026-09-04T2100,2613A,100.7995,22.0238,西双版纳傣族自治州,景洪市江北,NA,NA,NA,28,NA,15,NA,NA,67,67,5,5,8,10,0.5,0.8
2026-09-04T2100,2614A,100.2168,25.5818,大理白族自治州,大理市环境监测站,,22,NA,10,15,9,57,NA,84,78,9,8,5,5,0.5,0.5
2026-09-04T2100,2615A,100.1542,25.7055,大理白族自治州,大理古城,NA,NA,18,13,14,7,NA,NA,79,74,15,8,NA,5,NA,0.8
2026-09-04T2100,2616A,98.5611,24.4273,德宏傣族景颇族自治州,德宏州监测站,,25,NA,8,17,9,48,NA,56,56,4,5,11,11,1.3,1
2026-09-04T2100,2618A,98.859,25.8541,怒江傈僳族自治州,州监测站,,32,28,25,22,13,39,NA,57,56,12,11,4,4,0.7,0.7
2026-09-04T2100,2619A,98.8607,25.8168,怒江傈僳族自治州,泸水一中,,18,18,22,12,14,27,NA,46,44,14,15,5,5,0.6,0.6
2026-09-04T2100,2621A,99.7054,27.8319,迪庆藏族自治州,迪庆州站,,24,24,15,5,6,62,NA,63,63,9,8,8,8,0.5,0.4
2026-09-04T2100,2622A,97.1813,31.1289,昌都市,昌都监测站,,16,8,5,3,4,51,NA,81,58,7,6,4,4,0.3,0.3
2026-09-04T2100,2624A,91.7592,29.234,山南市,山南监测站,,18,4,4,1,2,57,NA,55,55,2,4,9,9,0.2,0.3
2026-09-04T2100,2625A,91.7701,29.2436,山南市,山南人民医院,,17,10,7,2,2,53,NA,57,57,6,4,6,6,0.3,0.3
2026-09-04T2100,2626A,88.8873,29.2723,日喀则市,日喀则监测站,,25,6,4,6,2,80,NA,94,93,7,4,7,7,0.3,0.3
2026-09-04T2100,2628A,92.0653,31.4846,那曲市,那曲监测站,颗粒物(PM10),53,54,24,32,12,55,NA,83,73,31,10,8,6,0.8,0.4
2026-09-04T2100,2630A,80.1171,32.4999,阿里地区,阿里监测站,,42,3,3,1,2,134,NA,135,135,4,6,5,5,0.2,0.2
2026-09-04T2100,2632A,94.3683,29.6373,林芝市,林芝监测站,,8,5,6,3,4,23,NA,39,35,6,4,3,3,0.4,0.3
2026-09-04T2100,2633A,94.3616,29.6634,林芝市,林芝人民医院,,22,17,14,15,5,17,NA,40,35,14,6,4,4,0.5,0.4
2026-09-04T2100,2635A,107.0155,33.0707,汉中市,市监测站,细颗粒物(PM2.5),60,46,38,40,26,94,NA,136,130,16,8,7,6,0.6,0.5
2026-09-04T2100,2636A,107.0083,33.114,汉中市,鑫源开发区,细颗粒物(PM2.5),56,38,34,38,21,109,NA,148,143,17,8,6,6,0.6,0.5
2026-09-04T2100,2637A,107.0072,33.0323,汉中市,南郑大河坎水厂,细颗粒物(PM2.5),78,49,40,49,29,62,NA,137,122,22,12,5,5,0.6,0.5
2026-09-04T2100,2639A,109.7445,38.2919,榆林市,世纪广场,,44,44,41,14,25,88,NA,146,135,36,13,7,26,0.4,0.5
2026-09-04T2100,2640A,109.729,38.2837,榆林市,实验中学,,38,27,40,13,23,119,NA,148,142,18,11,12,15,0.5,0.5
2026-09-04T2100,2641A,109.7347,38.2491,榆林市,环保监测大楼,,37,31,37,15,23,117,NA,148,142,20,11,61,11,0.4,0.5
2026-09-04T2100,2644A,109.0088,32.6974,安康市,汉滨区检察院,细颗粒物(PM2.5),54,49,34,37,21,91,NA,142,132,16,9,1,2,0.7,0.6
2026-09-04T2100,2645A,109.9155,33.8714,商洛市,监测站,,45,45,38,28,24,93,NA,149,136,20,13,19,10,0.5,0.4
2026-09-04T2100,2647A,104.1727,36.5448,白银市,第三小学,,48,48,32,21,17,92,NA,125,118,14,11,25,15,0.3,0.4
2026-09-04T2100,2648A,104.1467,36.5482,白银市,动力公司,,35,34,27,24,15,92,NA,124,120,22,11,14,10,0.5,0.5
2026-09-04T2100,2650A,105.72058,34.57859,天水市,公园小学,,47,47,43,28,22,90,NA,110,105,15,12,10,10,0.8,0.6
2026-09-04T2100,2651A,105.89428,34.55353,天水市,麦积国土局,,48,48,43,23,22,114,NA,126,122,12,9,8,10,0.5,0.4
2026-09-04T2100,2652A,102.6203,37.925,武威市,监测站,颗粒物(PM10),62,66,68,27,30,57,NA,130,121,44,11,11,11,0.5,0.3
2026-09-04T2100,2654A,100.4699,38.9525,张掖市,润泉湖,颗粒物(PM10),55,57,56,27,27,114,NA,141,138,23,11,2,4,0.4,0.4
2026-09-04T2100,2655A,100.4155,38.9422,张掖市,区工会,,50,50,57,24,29,128,NA,154,152,18,11,8,12,0.4,0.4
2026-09-04T2100,2656A,106.6633,35.5338,平凉市,聚贤嘉苑,,47,47,48,31,24,122,NA,117,117,11,15,9,11,0.6,0.7
2026-09-04T2100,2657A,106.7021,35.5307,平凉市,博物馆,,49,49,52,32,25,109,NA,119,118,19,16,12,13,0.7,0.7
2026-09-04T2100,2661A,107.6325,35.7357,庆阳市,庆阳五中,,39,39,33,19,16,118,NA,129,127,12,9,3,6,0.3,0.3
2026-09-04T2100,2662A,107.6361,35.7067,庆阳市,市环保局,,40,40,35,16,16,123,NA,131,130,9,7,3,4,0.5,0.4
2026-09-04T2100,2669A,102.9097,34.9841,甘南藏族自治州,州政府,,34,34,34,22,18,65,NA,96,85,5,6,6,6,0.2,0.3
2026-09-04T2100,2671A,100.9016,36.9464,海北藏族自治州,海晏县西海镇,,37,21,17,19,13,116,NA,127,123,3,3,11,8,0.5,0.4
2026-09-04T2100,2672A,102.02,35.5101,黄南藏族自治州,同仁县隆务镇,,34,34,22,18,13,72,NA,120,109,2,2,8,9,0.1,0.2
2026-09-04T2100,2673A,100.6158,36.2985,海南藏族自治州,共和县恰卜恰镇,,29,29,17,5,10,88,NA,111,108,12,6,6,8,0.4,0.5
2026-09-04T2100,2674A,100.2262,34.4854,果洛藏族自治州,玛沁县大武镇,NA,NA,NA,16,NA,8,NA,NA,97,97,2,2,16,22,0.6,0.4
2026-09-04T2100,2675A,97.0386,33.0138,玉树藏族自治州,玉树县结古镇,,21,8,11,3,3,65,NA,94,91,20,15,4,4,0.5,0.4
2026-09-04T2100,2676A,97.373,37.376,海西蒙古族藏族自治州,德令哈市,,34,27,18,11,8,108,NA,128,127,6,2,9,12,0.5,0.4
2026-09-04T2100,2677A,106.1535,37.9648,吴忠市,教育园区,颗粒物(PM10),58,60,40,26,20,112,NA,130,130,22,13,6,6,0.5,0.5
2026-09-04T2100,2679A,106.1851,37.9957,吴忠市,新区二泵站,,49,49,43,29,19,88,NA,134,131,47,16,8,9,0.5,0.4
2026-09-04T2100,2682A,105.1965,37.4996,中卫市,环保局站,NA,NA,84,45,26,19,NA,NA,124,124,36,18,4,3,0.5,0.6
2026-09-04T2100,2684A,106.2753,36.0057,固原市,监测站,,47,47,31,31,20,105,NA,122,120,10,8,6,7,0.4,0.3
2026-09-04T2100,2685A,106.2384,36.0189,固原市,新区,,36,36,30,21,20,93,NA,115,113,15,9,6,6,0.5,0.4
2026-09-04T2100,2686A,89.1905,42.9419,吐鲁番市,市环保局,颗粒物(PM10),90,105,113,32,39,81,NA,113,111,21,10,6,6,0.7,0.7
2026-09-04T2100,2687A,89.1674,42.9558,吐鲁番市,地区环保局,NA,NA,NA,111,NA,34,NA,NA,118,118,34,13,4,4,0.7,0.6
2026-09-04T2100,2688A,93.5124,42.8176,哈密市,地区监测站,颗粒物(PM10),70,77,46,29,14,68,NA,105,102,35,12,1,3,0.6,0.1
2026-09-04T2100,2689A,93.5014,42.8312,哈密市,哈密师范学校,NA,NA,62,45,32,14,NA,NA,102,102,25,12,7,7,0.6,0.4
2026-09-04T2100,2692A,87.2722,44.0298,昌吉回族自治州,新区政务中心,,23,19,24,16,13,61,NA,86,83,24,22,6,7,0.1,0.2
2026-09-04T2100,2693A,82.0482,44.8553,博尔塔拉蒙古自治州,市党校,颗粒物(PM10),51,51,59,16,8,77,NA,88,88,10,7,3,4,0.3,0.2
2026-09-04T2100,2694A,82.0805,44.8966,博尔塔拉蒙古自治州,市环保局,颗粒物(PM10),51,51,41,4,7,80,NA,85,85,11,10,5,5,0.3,0.2
2026-09-04T2100,2695A,80.2899,41.1684,阿克苏地区,电视台,颗粒物(PM10),61,65,55,33,24,84,NA,93,93,10,10,6,5,0.5,0.5
2026-09-04T2100,2696A,80.2592,41.1541,阿克苏地区,艺术中心,颗粒物(PM10),70,78,69,25,30,79,NA,96,96,26,17,5,6,0.3,0.3
2026-09-04T2100,2697A,76.1457,39.7143,克孜勒苏柯尔克孜自治州,市人民政府,,37,28,41,14,17,117,NA,123,123,2,5,3,4,0.1,0.1
2026-09-04T2100,2698A,76.0071,39.466,喀什地区,巡警大队,,48,48,67,17,15,116,NA,122,122,7,12,4,4,0.3,0.3
2026-09-04T2100,2699A,75.9756,39.4693,喀什地区,吾办,颗粒物(PM10),53,54,66,16,14,107,NA,113,113,6,8,7,7,0.4,0.4
2026-09-04T2100,2704A,81.3002,43.9177,伊犁哈萨克自治州,新政府片区,,30,30,34,5,17,87,NA,88,88,8,17,4,5,0.5,0.7
2026-09-04T2100,2705A,81.3364,43.9409,伊犁哈萨克自治州,第二水厂,NA,NA,35,42,21,18,NA,NA,100,100,11,16,7,6,0.4,0.6
2026-09-04T2100,2706A,82.9993,46.7432,塔城地区,东门外小游园,,40,40,39,19,8,72,NA,86,86,18,6,2,2,0.4,0.3
2026-09-04T2100,2708A,88.1266,47.8515,阿勒泰地区,市站,,21,18,32,3,3,67,NA,74,74,16,15,3,1,0.1,0.1
2026-09-04T2100,2709A,86.0391,44.298,石河子市,艾青诗歌馆,,25,22,25,3,6,78,NA,97,96,17,19,5,6,0.4,0.4
2026-09-04T2100,2711A,87.5352,44.1606,五家渠市,农水大厦,,23,15,19,7,9,73,NA,89,89,6,6,3,4,0.3,0.3
2026-09-04T2100,2809A,113.6668,24.7756,韶关市,大学路288号,,10,NA,5,7,3,23,NA,49,42,16,8,10,10,/,/
2026-09-04T2100,2835A,101.7222,26.567,攀枝花市,四十中小,,42,36,34,29,23,58,NA,128,116,37,15,30,16,3.7,1.5
2026-09-04T2100,2842A,118.0937,24.5054,厦门市,湖里中学,,19,18,13,13,8,48,NA,78,58,6,7,2,1,0.4,0.5
2026-09-04T2100,2845A,113.1561,36.1912,长治市,德盛苑,,50,NA,22,17,16,160,NA,148,148,7,10,14,14,0.8,0.7
2026-09-04T2100,2846A,113.3209,23.1323,广州市,体育西,,45,45,22,22,9,64,NA,90,89,37,23,5,5,0.8,0.7
2026-09-04T2100,2858A,117.7917,39.2473,天津市,河西一经路,,35,27,55,11,24,110,NA,194,181,33,54,12,11,0.8,0.9
2026-09-04T2100,2859A,117.3747,38.9845,天津市,津沽路,臭氧1小时(O3_1h),111,102,54,66,30,221,NA,204,204,21,32,11,5,1.7,0.8
2026-09-04T2100,2860A,117.159,39.0844,天津市,宾水西道,臭氧1小时(O3_1h),93,79,41,39,21,194,NA,179,179,16,24,16,5,1.0,0.5
2026-09-04T2100,2865A,112.7195,37.683,晋中市,榆次三中,,41,41,31,18,17,120,NA,151,146,11,12,10,10,0.4,0.4
2026-09-04T2100,2867A,111.1225,37.5093,吕梁市,马茂庄小学,,37,37,43,19,14,90,NA,149,141,43,30,3,6,0.5,0.5
2026-09-04T2100,2868A,126.4737,43.953,吉林市,九站,,30,30,38,19,23,52,NA,87,68,16,24,4,11,0.5,0.6
2026-09-04T2100,2869A,119.4472,32.4156,扬州市,五台山医院,,36,36,28,18,11,94,NA,110,107,11,5,14,14,0.6,0.6
2026-09-04T2100,2870A,119.4369,32.1891,镇江市,市疾控中心,,29,29,21,14,8,88,NA,106,103,14,7,6,6,0.6,0.6
2026-09-04T2100,2871A,121.6156,29.9015,宁波市,万里国际学校,,25,22,20,10,11,80,NA,94,82,5,5,8,8,0.5,0.5
2026-09-04T2100,2872A,120.7845,30.7524,嘉兴市,南湖区残联,,33,33,26,21,15,82,NA,119,106,9,6,5,6,0.5,0.5
2026-09-04T2100,2873A,120.083,30.8929,湖州市,仁皇山新区,,37,37,30,22,18,93,NA,146,131,14,10,6,6,0.5,0.6
2026-09-04T2100,2875A,115.783962,32.889217,阜阳市,阜阳职业技术学院,,37,32,35,13,18,118,NA,154,144,15,14,5,6,0.4,0.4
2026-09-04T2100,2877A,119.1638,36.6524,潍坊市,坊子邮政,,37,34,37,6,18,116,NA,144,140,23,17,3,6,0.5,0.5
2026-09-04T2100,2880A,104.0219,30.6561,成都市,大石西路,细颗粒物(PM2.5),68,72,79,44,68,135,NA,200,190,17,28,6,5,0.7,0.8
2026-09-04T2100,2881A,107.8909,26.531,黔东南苗族侗族自治州,凯里学院,,19,NA,5,10,9,58,NA,62,62,10,7,3,3,0.5,0.4
2026-09-04T2100,2882A,102.5388,24.3703,玉溪市,玉溪一中,颗粒物(PM10),52,52,36,25,25,118,NA,137,131,11,15,5,4,0.4,0.5
2026-09-04T2100,2883A,102.5382,24.339,玉溪市,文体中心,,38,36,35,20,22,120,NA,138,136,9,10,6,6,0.4,0.4
2026-09-04T2100,2884A,98.2672,39.7978,嘉峪关市,酒钢宾馆,颗粒物(PM10),55,56,47,24,17,117,NA,127,126,15,13,11,11,1.0,0.5
2026-09-04T2100,2885A,104.9344,33.3827,陇南市,滨江中学,颗粒物(PM10),58,60,43,25,21,111,NA,129,124,9,6,10,10,0.5,0.4
2026-09-04T2100,2894A,117.0561,32.6536,淮南市,经济技术开发区消防队,,43,43,31,20,16,90,NA,138,128,32,18,11,12,0.4,0.3
2026-09-04T2100,2897A,123.2429,41.7341,沈阳市,沈辽西路,颗粒物(PM10),57,59,32,24,11,34,NA,119,104,67,27,7,7,0.6,0.7
2026-09-04T2100,2900A,123.5951,41.9085,沈阳市,裕农路,,22,21,14,15,6,62,NA,92,80,20,11,8,8,0.4,0.4
2026-09-04T2100,2902A,106.6347,30.4868,广安市,北辰小学,,50,40,48,35,37,99,NA,143,136,15,14,10,10,0.6,0.6
2026-09-04T2100,2907A,120.1846,30.8592,湖州市,吴兴区站,,32,29,24,22,18,84,NA,130,118,14,13,6,7,0.5,0.5
2026-09-04T2100,2919A,116.7022,39.5454,廊坊市,河北工业大学,,41,41,36,17,16,100,NA,155,146,21,22,3,3,0.5,0.4
2026-09-04T2100,2920A,117.71,24.5048,漳州市,蓝田镇,,14,11,12,6,5,43,NA,71,67,9,11,5,6,0.4,0.4
2026-09-04T2100,2921A,120.5482,30.0003,绍兴市,树下王站,,27,15,23,12,18,84,NA,111,107,11,14,3,4,0.7,0.7
2026-09-04T2100,2922A,117.194,39.1069,天津市,大理道,细颗粒物(PM2.5),96,97,39,58,20,194,NA,171,171,29,29,15,4,1.3,0.5
2026-09-04T2100,2924A,106.2266,38.4417,银川市,水乡路,颗粒物(PM10),57,59,51,24,18,125,NA,137,137,21,14,5,8,0.5,0.4
2026-09-04T2100,2925A,106.2758,38.4841,银川市,上海东路,颗粒物(PM10),52,52,37,22,19,128,NA,142,142,27,19,6,8,0.4,0.5
2026-09-04T2100,2926A,106.1016,38.4971,银川市,文昌北街,颗粒物(PM10),81,93,51,39,22,91,NA,143,143,57,24,5,8,0.4,0.4
2026-09-04T2100,2929A,114.8858,30.4519,黄冈市,红卫路,,33,26,27,16,17,104,NA,107,105,9,7,10,10,0.2,0.3
2026-09-04T2100,2996A,118.2781,33.9658,宿迁市,市供电局,,31,30,30,16,18,97,NA,143,137,32,18,5,7,0.6,0.6
2026-09-04T2100,2997A,119.8767,32.3291,泰州市,王营,,31,26,19,11,8,98,NA,104,102,5,4,10,10,0.4,0.4
2026-09-04T2100,3000A,119.3577,34.6971,连云港市,德源药业,,24,24,24,12,10,72,NA,126,114,24,13,5,6,0.5,0.5
2026-09-04T2100,3002A,119.9701,31.813,常州市,行政中心,,30,30,24,12,7,89,NA,98,95,14,12,6,7,0.4,0.4
2026-09-04T2100,3003A,120.0434,31.7726,常州市,经开区,,42,42,30,14,8,85,NA,100,95,10,8,4,8,0.5,0.5
2026-09-04T2100,3004A,120.1543,33.3664,盐城市,宝龙广场,,30,22,19,12,9,93,NA,107,104,5,4,9,9,0.7,0.6
2026-09-04T2100,3005A,117.1812,34.29,徐州市,鼓楼区政府,,37,34,33,18,18,116,NA,150,146,19,15,6,7,0.6,0.5
2026-09-04T2100,3006A,117.1693,34.1781,徐州市,铜山区招生办,,48,48,41,29,19,100,NA,168,162,37,16,8,9,0.6,0.5
2026-09-04T2100,3007A,119.178,34.8442,连云港市,新城一中,,23,23,38,8,18,67,NA,138,116,36,20,7,14,0.4,0.6
2026-09-04T2100,3008A,119.3607,34.7519,连云港市,胡沟管理处,,37,9,18,5,6,118,NA,138,131,8,9,8,7,0.5,0.5
2026-09-04T2100,3009A,119.1478,34.5913,连云港市,矿山设计院,,33,14,29,7,14,105,NA,142,132,7,15,3,6,0.3,0.5
2026-09-04T2100,3010A,119.8919,31.7892,常州市,钟楼,,35,35,17,14,7,89,NA,103,100,13,10,9,8,0.1,0.1
2026-09-04T2100,3012A,112.1849,31.0361,荆门市,西山林语,细颗粒物(PM2.5),74,61,43,47,26,139,NA,175,169,16,8,12,11,1.0,0.8
2026-09-04T2100,3014A,106.4958,29.5347,重庆市,歇台子,,32,32,28,15,12,86,NA,149,143,22,14,8,9,0.6,0.6
2026-09-04T2100,3015A,106.4067,29.5729,重庆市,龙井湾,,33,32,26,22,16,105,NA,160,157,14,14,8,9,0.7,0.7
2026-09-04T2100,3016A,106.5506,29.415,重庆市,龙洲湾,,31,31,26,16,16,83,NA,123,114,9,11,8,9,0.5,0.5
2026-09-04T2100,3018A,111.5048,36.1015,临汾市,唐尧大酒店,NA,NA,NA,45,23,14,119,NA,157,152,21,14,7,8,0.6,0.6
2026-09-04T2100,3020A,117.2096,39.1698,天津市,中山北路,颗粒物(PM10),65,70,50,29,23,86,NA,152,143,48,40,5,4,0.8,0.7
2026-09-04T2100,3021A,115,35.7667,濮阳市,濮水河管理处,,36,31,38,19,22,113,NA,154,147,8,10,3,7,0.7,0.6
2026-09-04T2100,3025A,113.0479,23.6343,清远市,技师学院,,36,36,14,18,7,34,NA,73,65,11,5,6,6,0.9,0.8
2026-09-04T2100,3026A,116.6179,23.6608,潮州市,市政府,,37,31,21,19,12,117,NA,106,106,9,13,4,8,0.6,0.5
2026-09-04T2100,3028A,104.7765,29.3623,自贡市,檀木林体育馆,细颗粒物(PM2.5),60,46,48,40,38,158,NA,174,171,12,14,9,9,0.7,0.7
2026-09-04T2100,3033A,87.4652,43.4569,乌鲁木齐市,培训基地,,32,NA,10,11,9,101,NA,105,105,9,6,4,4,0.3,0.3
2026-09-04T2100,3034A,113.1076,41.0385,乌兰察布市,光明街小学,,42,42,35,22,14,102,NA,132,128,21,28,12,8,0.4,0.4
2026-09-04T2100,3036A,118.6903,37.4337,东营市,开发区管委会,,46,30,38,8,16,146,NA,166,159,14,15,1,2,0.7,0.7
2026-09-04T2100,3038A,103.3757,23.3679,红河哈尼族彝族自治州,州图书馆,,32,28,38,22,28,80,NA,126,108,4,8,1,7,0.3,0.4
2026-09-04T2100,3039A,111.1911,34.7829,三门峡市,三门峡市第一小学,臭氧1小时(O3_1h),70,37,35,30,15,176,NA,170,170,15,12,7,7,0.6,0.5
2026-09-04T2100,3045A,109.9647,33.8486,商洛市,商州区中学,,33,33,39,23,23,65,NA,148,124,21,13,6,8,0.8,0.7
2026-09-04T2100,3046A,115.9084,28.6062,南昌市,机电学校,,33,27,27,8,17,104,NA,114,113,11,10,9,8,0.5,0.6
2026-09-04T2100,3048A,119.5799,26.0937,福州市,九龙,,39,39,22,17,7,15,NA,34,31,25,11,6,6,0.7,0.6
2026-09-04T2100,3051A,117.385,39.1483,天津市,西四道,细颗粒物(PM2.5),106,118,52,66,24,152,NA,161,161,29,39,12,3,1.6,0.4
2026-09-04T2100,3054A,113.9194,35.2847,新乡市,市委党校,颗粒物(PM10),71,79,34,10,12,143,NA,163,158,16,10,8,9,0.8,0.8
2026-09-04T2100,3055A,101.7775,36.643,西宁市,城北区政府,,35,30,28,24,22,107,NA,139,133,22,15,10,9,0.8,1
2026-09-04T2100,3057A,121.5989,37.4016,烟台市,牟平检察院,,25,14,25,7,14,78,NA,111,102,11,14,5,6,0.3,0.4
2026-09-04T2100,3058A,119.2656,42.0356,赤峰市,银河街,颗粒物(PM10),69,76,48,28,21,96,NA,129,112,22,22,16,15,1.0,0.9
2026-09-04T2100,3059A,117.7181,36.205,济南市,泰兴公司,NA,NA,58,41,23,17,176,NA,184,184,17,37,7,6,NA,0.6
2026-09-04T2100,3061A,119.7511,49.1576,呼伦贝尔市,国华电力东,,28,26,27,19,15,48,NA,91,79,13,11,14,6,0.3,0.3
2026-09-04T2100,3064A,117.6861,36.2172,济南市,莱芜战役纪念馆,臭氧1小时(O3_1h),72,51,42,20,18,177,NA,190,190,18,27,6,6,0.6,0.4
2026-09-04T2100,3065A,101.9534,29.9976,甘孜藏族自治州,州环保局,,25,25,19,5,7,74,NA,88,85,11,11,2,2,0.2,0.2
2026-09-04T2100,3066A,116.2722,37.438,德州市,九衢泉纯净水厂,,47,39,45,12,21,148,NA,158,158,15,27,7,10,0.4,0.5
2026-09-04T2100,3109A,115.0094,25.8614,赣州市,赣县区卫计委,NA,NA,14,9,0,3,NA,NA,46,44,6,4,2,2,0.6,0.7
2026-09-04T2100,3123A,105.9408,26.2431,安顺市,凤凰山,,20,20,20,9,15,62,NA,75,72,5,6,5,7,0.4,0.5
2026-09-04T2100,3124A,105.9443,26.2567,安顺市,金钟山,,20,16,19,11,16,64,NA,78,75,5,6,5,7,0.5,0.5
2026-09-04T2100,3125A,105.8983,26.248,安顺市,娄家坡,,23,18,20,16,15,58,NA,74,70,6,5,11,9,0.5,0.4
2026-09-04T2100,3131A,114.878,40.7992,张家口市,烟厂,颗粒物(PM10),53,53,27,26,11,56,NA,111,105,42,12,/,/,/,/
2026-09-04T2100,3132A,119.5979,39.938,秦皇岛市,文明里,,34,32,41,15,17,108,NA,150,137,9,17,8,10,0.4,0.4
2026-09-04T2100,3133A,106.5469,29.5655,重庆市,上清寺,,36,25,28,25,14,76,NA,146,138,24,18,3,4,0.3,0.3
2026-09-04T2100,3134A,113.8172,34.0339,许昌市,市一中,,44,36,53,14,25,139,NA,168,164,11,13,7,8,0.5,0.6
2026-09-04T2100,3136A,104.2724,30.559,成都市,龙泉驿区区政府,NA,NA,46,48,40,36,126,NA,166,154,NA,13,5,5,0.9,0.9
2026-09-04T2100,3138A,111.7152,29.0288,常德市,武陵区永安,,47,47,43,22,21,140,NA,139,139,15,12,10,9,0.9,0.8
2026-09-04T2100,3139A,111.6891,28.9881,常德市,鼎城区玉霞,,46,44,36,22,20,147,NA,147,145,11,11,14,12,0.9,0.8
2026-09-04T2100,3140A,111.6651,29.0526,常德市,武陵区长庚,,42,42,36,27,22,134,NA,144,144,12,8,11,10,0.9,0.9
2026-09-04T2100,3141A,114.3921,36.0879,安阳市,信访局,,47,32,42,16,22,149,NA,172,168,15,14,4,7,0.5,0.7
2026-09-04T2100,3147A,114.3434,34.8101,开封市,龙亭公园,细颗粒物(PM2.5),84,70,57,52,23,117,NA,162,153,25,12,5,6,0.7,0.6
2026-09-04T2100,3148A,103.829,30.0563,眉山市,区人社局,细颗粒物(PM2.5),80,85,74,50,42,125,NA,178,168,23,28,11,12,1.0,1
2026-09-04T2100,3149A,115.0174,30.1591,黄石市,笔架山北路,,31,31,32,13,10,85,NA,100,94,7,4,11,8,0.4,0.4
2026-09-04T2100,3151A,114.375,27.8096,宜春市,宜春学院北校区,,37,37,23,15,8,18,NA,58,46,12,6,1,2,0.6,0.4
2026-09-04T2100,3153A,114.3876,30.4908,武汉市,民族大道182号,,38,27,30,12,21,121,NA,126,121,16,18,9,13,0.8,1.1
2026-09-04T2100,3164A,119.4682,32.394,扬州市,广陵建设局,,31,29,23,16,7,98,NA,106,104,9,8,7,7,0.2,0.2
2026-09-04T2100,3171A,115.6069,34.4465,商丘市,梁园区档案局,颗粒物(PM10),57,59,47,13,24,34,NA,150,129,78,22,5,6,0.6,0.6
2026-09-04T2100,3173A,117.0598,30.5351,安庆市,市人大,,29,24,21,10,11,92,NA,102,98,15,10,7,6,0.5,0.5
2026-09-04T2100,3178A,119.0587,36.7209,潍坊市,潍坊七中,,39,27,35,8,20,124,NA,157,151,13,20,4,6,0.5,0.5
2026-09-04T2100,3179A,102.7491,25.012,昆明市,官渡区博物馆,,35,31,37,24,25,83,NA,133,120,20,30,5,4,0.6,0.6
2026-09-04T2100,3180A,99.7122,27.8129,迪庆藏族自治州,质量技术监督局,,20,16,13,7,6,62,NA,62,62,8,8,5,5,0.3,0.3
2026-09-04T2100,3181A,106.776805,31.852614,巴中市,市五中,细颗粒物(PM2.5),124,NA,33,86,27,57,NA,111,102,18,13,12,12,0.9,0.6
2026-09-04T2100,3183A,106.7419,31.8654,巴中市,圣泉水务公司,细颗粒物(PM2.5),110,NA,29,71,25,55,NA,120,109,38,12,14,12,1.0,0.6
2026-09-04T2100,3187A,116.9508,33.666,宿州市,远航博物馆,,43,37,38,15,18,135,NA,155,155,16,12,8,9,0.5,0.5
2026-09-04T2100,3188A,115.6684,37.7216,衡水市,市城管局,颗粒物(PM10),53,54,53,26,21,125,NA,152,147,19,22,8,9,0.6,0.5
2026-09-04T2100,3190A,116.0254,29.6995,九江市,外国语学校,,41,21,23,11,12,129,NA,121,121,11,9,5,5,0.1,0.1
2026-09-04T2100,3191A,118.3243,33.95,宿迁市,宿豫区政府,,34,30,33,16,19,107,NA,144,140,23,17,5,8,0.5,0.5
2026-09-04T2100,3192A,80.0906,32.5029,阿里地区,阿里藏医院,,43,6,5,2,2,135,NA,134,134,3,3,3,4,0.2,0.3
2026-09-04T2100,3194A,112.2749,30.3124,荆州市,管委会,,50,50,35,35,25,100,NA,147,137,24,12,11,10,0.5,0.4
2026-09-04T2100,3195A,119.3649,32.3961,扬州市,市体育局,,30,27,23,12,6,93,NA,108,106,5,2,8,8,0.3,0.3
2026-09-04T2100,3200A,115.9772,36.4986,聊城市,监控中心,颗粒物(PM10),52,52,39,16,19,132,NA,162,161,18,16,6,7,0.4,0.4
2026-09-04T2100,3206A,114.9148,27.8069,新余市,新钢沁园村,,29,23,24,20,14,81,NA,86,86,10,7,7,5,0.4,0.4
2026-09-04T2100,3207A,118.31131,32.3033,滁州市,市政府原办公楼,,40,33,20,28,16,88,NA,111,107,15,6,6,8,0.3,0.3
2026-09-04T2100,3208A,112.7279,38.4157,忻州市,市政府,,48,48,33,24,18,96,NA,152,144,27,17,8,6,0.6,0.6
2026-09-04T2100,3209A,119.5231,26.6562,宁德市,宁德一中,,28,23,18,19,12,29,NA,56,52,6,6,2,3,0.4,0.4
2026-09-04T2100,3210A,114.3645,34.7955,开封市,汴京公园,颗粒物(PM10),60,63,52,25,24,126,NA,163,155,16,10,8,8,0.4,0.3
2026-09-04T2100,3216A,117.662,24.5187,漳州市,漳州党校,,19,19,14,12,8,44,NA,77,72,10,8,/,/,/,/
2026-09-04T2100,3237A,117.4918,30.6617,池州市,展览馆,,20,20,28,14,14,63,NA,113,97,20,12,4,7,0.3,0.5
2026-09-04T2100,3241A,103.7439,36.0841,兰州市,百合公园,颗粒物(PM10),60,64,35,29,15,66,NA,144,137,68,14,6,6,0.7,0.4
2026-09-04T2100,3242A,103.9613,35.9985,兰州市,和平,,49,49,33,24,16,83,NA,137,131,18,8,10,10,0.6,0.5
2026-09-04T2100,3247A,104.9551,33.3709,陇南市,市总工会,,44,44,35,22,20,115,NA,126,122,7,5,8,9,0.5,0.5
2026-09-04T2100,3248A,98.2644,39.7723,嘉峪关市,雄关区,颗粒物(PM10),58,60,44,22,15,110,NA,130,127,14,19,4,4,0.3,0.2
2026-09-04T2100,3265A,121.4242,31.3303,上海市,宝山庙行,,26,26,33,13,16,81,NA,99,93,10,8,6,7,0.4,0.4
2026-09-04T2100,3266A,121.8789,31.4662,上海市,崇明上实东滩,,29,23,23,13,15,92,NA,109,100,4,4,8,8,0.4,0.4
2026-09-04T2100,3268A,121.316,31.2839,上海市,嘉定南翔,,25,25,27,14,17,79,NA,105,97,13,9,9,8,0.6,0.5
2026-09-04T2100,3269A,121.3357,30.7455,上海市,金山新城,,26,26,28,16,17,59,NA,94,84,19,10,6,6,0.7,0.7
2026-09-04T2100,3270A,121.4996,31.0741,上海市,闵行浦江,,23,23,29,13,17,73,NA,90,83,12,9,6,7,0.6,0.6
2026-09-04T2100,3271A,121.2886,31.1663,上海市,青浦徐泾,,25,21,30,14,18,79,NA,105,96,9,6,6,7,0.4,0.6
2026-09-04T2100,3272A,121.2193,31.0382,上海市,松江图书馆,,25,25,33,13,18,79,NA,97,94,11,14,6,7,0.5,0.6
2026-09-04T2100,3273A,121.3904,31.206,上海市,长宁仙霞,NA,NA,20,27,12,15,NA,NA,92,92,6,7,5,5,0.2,0.3
2026-09-04T2100,3274A,121.7964,31.0507,上海市,浦东惠南,,30,25,26,10,15,93,NA,106,96,2,4,10,9,0.7,0.8
2026-09-04T2100,3282A,113.3399,40.0586,大同市,大同市卫生学校,,44,44,28,9,9,78,NA,117,108,29,19,8,9,0.3,0.4
2026-09-04T2100,3283A,109.9154,40.5684,包头市,滨河大厦,,36,36,40,24,25,86,NA,142,134,32,22,7,11,0.5,0.5
2026-09-04T2100,3284A,106.8129,39.7274,乌海市,海北新区,颗粒物(PM10),66,72,59,36,19,104,NA,127,127,24,23,7,14,0.7,0.7
2026-09-04T2100,3285A,113.1383,40.9513,乌兰察布市,北京八中,颗粒物(PM10),55,56,38,14,9,71,NA,126,117,31,22,15,9,0.3,0.3
2026-09-04T2100,3286A,118.9359,42.3146,赤峰市,桥北物流园区,,44,44,26,13,13,77,NA,131,120,31,26,20,10,0.5,0.5
2026-09-04T2100,3287A,119.3842,32.198,镇江市,富润路1号,,32,32,22,18,12,93,NA,109,104,18,13,7,7,0.3,0.2
2026-09-04T2100,3288A,117.4619,34.4368,徐州市,大泉街道,,45,45,46,17,23,121,NA,149,142,15,17,4,5,0.6,0.6
2026-09-04T2100,3289A,120.7431,31.3188,苏州市,方洲路,,41,41,27,23,15,83,NA,102,94,11,11,10,9,0.6,0.6
2026-09-04T2100,3290A,120.4979,31.2777,苏州市,木渎中学,,36,36,24,19,14,86,NA,118,108,16,14,7,7,0.5,0.5
2026-09-04T2100,3291A,121.0631,32.0644,南通市,通州监测站,NA,NA,22,24,11,9,NA,NA,103,102,8,4,1,1,0.6,0.6
2026-09-04T2100,3293A,120.1518,33.3369,盐城市,月亮广场,,32,32,22,16,10,102,NA,114,111,6,5,10,10,0.3,0.3
2026-09-04T2100,3294A,119.565282,32.422263,扬州市,引江管理处,,35,35,22,15,9,84,NA,98,95,9,5,2,3,0.5,0.5
2026-09-04T2100,3295A,120.1226,32.515,泰州市,姜堰区政府广场,,31,31,25,18,14,88,NA,107,103,10,6,7,7,0.6,0.6
2026-09-04T2100,3298A,113.5718,23.5493,广州市,从化街口,,43,43,21,29,12,38,NA,75,70,16,12,7,11,0.7,0.4
2026-09-04T2100,3299A,113.3463,23.369,广州市,白云竹料,,48,46,16,33,10,51,NA,72,70,22,18,4,4,0.7,0.6
2026-09-04T2100,3300A,113.2981,23.2365,广州市,白云嘉禾,,41,41,21,24,11,56,NA,90,87,33,17,10,10,/,/
2026-09-04T2100,3301A,113.4256,23.1716,广州市,黄埔科学城,NA,NA,36,20,21,11,NA,NA,93,93,28,18,5,5,0.8,0.6
2026-09-04T2100,3302A,113.3942,23.0485,广州市,番禺大学城,NA,NA,32,17,20,8,NA,NA,105,105,24,16,7,8,0.5,0.4
2026-09-04T2100,3303A,113.4923,22.8169,广州市,南沙黄阁,,49,49,21,32,16,72,NA,116,112,38,18,8,9,/,/
2026-09-04T2100,3304A,113.534,22.7893,广州市,南沙街,,44,44,20,27,10,90,NA,123,121,29,18,7,7,0.8,0.6
2026-09-04T2100,3305A,114.0614,22.556,深圳市,莲花,,31,31,22,15,12,95,NA,116,114,26,16,/,/,/,/
2026-09-04T2100,3306A,114.0144,22.6163,深圳市,民治,,49,49,29,29,14,67,NA,132,124,79,31,/,/,/,/
2026-09-04T2100,3307A,114.1756,22.6421,深圳市,横岗,,44,37,23,21,12,140,NA,139,139,25,24,/,/,/,/
2026-09-04T2100,3308A,113.3493,22.0572,珠海市,金湾,,28,20,19,14,12,87,NA,131,128,8,9,/,/,0.2,0.1
2026-09-04T2100,3311A,113.1077,22.5647,江门市,江海富民,,32,32,23,20,9,82,NA,104,102,17,13,/,/,0.5,0.4
2026-09-04T2100,3313A,112.4572,23.0163,肇庆市,高要湖西,,20,18,12,14,8,54,NA,76,69,10,9,5,5,0.8,0.8
2026-09-04T2100,3314A,114.4334,22.8134,惠州市,惠阳秋长,,46,46,27,27,15,135,NA,146,145,22,16,/,/,/,/
2026-09-04T2100,3315A,116.1234,24.2994,梅州市,梅龙,,13,NA,6,9,6,31,NA,50,44,11,8,6,6,0.6,0.6
2026-09-04T2100,3317A,111.9785,21.8954,阳江市,两阳中学,,26,NA,10,18,9,62,NA,79,74,10,7,/,/,0.6,0.6
2026-09-04T2100,3318A,112.9898,23.7403,清远市,清新太和,,14,11,8,7,3,43,NA,68,54,3,4,10,10,0.6,0.6
2026-09-04T2100,3319A,113.7283,23.041,东莞市,万江金泰,颗粒物(PM10),58,61,24,38,13,78,NA,108,107,27,17,24,8,0.8,0.6
2026-09-04T2100,3320A,116.4028,23.5699,揭阳市,曲溪,,42,42,20,20,15,45,NA,89,75,34,25,8,11,1.0,0.7
2026-09-04T2100,3323A,115.2772,40.9723,张家口市,青少年活动中心,,23,13,12,4,8,72,NA,112,105,6,5,3,3,0.3,0.3
2026-09-04T2100,3324A,116.8011,38.294,沧州市,河北水利电力学院,颗粒物(PM10),55,56,50,24,26,87,NA,138,128,26,25,5,6,0.5,0.6
2026-09-04T2100,3325A,117.0362,39.3827,天津市,雍阳西道,颗粒物(PM10),63,67,46,24,18,101,NA,156,153,35,36,6,7,0.6,0.5
2026-09-04T2100,3326A,117.0291,39.0612,天津市,辛老路,颗粒物(PM10),65,70,61,26,28,154,NA,168,166,38,53,9,6,0.6,0.4
2026-09-04T2100,3327A,116.9638,38.9374,天津市,地纬路,,50,50,57,19,26,111,NA,173,160,32,34,6,8,0.5,0.5
2026-09-04T2100,3328A,118.4209,31.3704,芜湖市,市气象局,,45,45,28,14,12,74,NA,129,119,19,10,8,7,0.5,0.6
2026-09-04T2100,3329A,117.011,32.5891,淮南市,山南新区,,49,49,31,19,15,106,NA,143,136,23,16,7,7,0.3,0.2
2026-09-04T2100,3331A,118.3268,32.2633,滁州市,图书馆,NA,NA,25,18,13,8,NA,NA,90,NA,14,11,NA,8,0.4,0.2
2026-09-04T2100,3332A,115.7631,33.803,亳州市,亳州学院,,38,37,39,10,17,119,NA,146,140,16,12,4,5,0.5,0.5
2026-09-04T2100,3333A,117.5626,30.695,池州市,第八中学,,26,26,27,10,13,70,NA,116,106,24,12,5,6,0.3,0.4
2026-09-04T2100,3334A,117.5037,30.6242,池州市,第十二中学,,25,25,26,13,13,73,NA,123,113,15,10,4,4,0.6,0.7
2026-09-04T2100,3335A,113.3137,35.2643,焦作市,马村街道办,,43,43,38,12,19,107,NA,156,142,17,13,4,5,0.4,0.4
2026-09-04T2100,3336A,113.2464,35.2374,焦作市,焦作技师学院,,47,47,32,25,16,104,NA,156,145,18,9,6,6,0.1,0.1
2026-09-04T2100,3337A,113.8611,34.0443,许昌市,许昌学院,颗粒物(PM10),53,54,51,24,23,138,NA,174,167,19,20,8,11,0.3,0.4
2026-09-04T2100,3338A,113.8428,34.0825,许昌市,芙蓉广场,,44,44,54,24,27,124,NA,174,165,18,20,7,10,0.6,0.6
2026-09-04T2100,3339A,114.0002,33.0404,驻马店市,小管楼,颗粒物(PM10),58,61,56,34,30,154,NA,182,178,16,16,5,5,0.3,0.3
2026-09-04T2100,3340A,112.6005,34.6323,洛阳市,伊滨,颗粒物(PM10),71,79,50,44,27,112,NA,176,160,21,15,8,8,0.6,0.5
2026-09-04T2100,3341A,112.495,34.6338,洛阳市,中移产业园,NA,NA,66,52,36,29,NA,NA,174,170,33,20,13,12,0.1,1
2026-09-04T2100,3342A,128.7948,47.7291,伊春市,中心小学,,34,34,16,16,6,13,NA,60,42,8,4,1,1,0.6,0.6
2026-09-04T2100,3343A,128.6736,47.729,伊春市,检察院,,23,18,13,16,7,19,NA,59,47,5,3,3,3,0.5,0.4
2026-09-04T2100,3345A,131.0413,45.7795,七台河市,中波台,,30,29,14,21,11,22,NA,60,52,29,13,4,3,0.5,0.4
2026-09-04T2100,3346A,108.3871,31.1627,重庆市,安康,细颗粒物(PM2.5),54,49,33,37,18,48,NA,101,92,32,15,8,8,0.5,0.4
2026-09-04T2100,3347A,105.8983,29.36,重庆市,北山路,细颗粒物(PM2.5),120,NA,46,82,40,97,NA,150,142,22,19,10,10,0.9,0.8
2026-09-04T2100,3350A,106.648859,29.023807,重庆市,滩子口,,33,33,36,17,21,62,NA,99,92,9,10,9,15,0.3,0.3
2026-09-04T2100,3351A,105.7164,29.7077,重庆市,棠香,"颗粒物(PM10),细颗粒物(PM2.5)",54,55,60,37,48,97,NA,143,132,22,20,6,7,0.7,0.7
2026-09-04T2100,3352A,107.0733,29.8618,重庆市,桃源西路,,35,34,35,24,24,100,NA,94,94,12,10,14,12,0.3,0.4
2026-09-04T2100,3353A,107.3536,29.7283,重庆市,迎宾大道,,21,21,30,5,22,49,NA,138,113,25,22,3,6,0.3,0.5
2026-09-04T2100,3354A,108.8152,29.5079,重庆市,舟白,,36,36,26,16,14,56,NA,84,74,8,5,14,7,0.4,0.3
2026-09-04T2100,3355A,108.3679,30.8429,重庆市,周家坝,颗粒物(PM10),65,71,38,39,21,73,NA,115,109,24,14,7,7,0.6,0.5
2026-09-04T2100,3356A,108.4323,30.7554,重庆市,百安坝,颗粒物(PM10),64,69,33,36,24,102,NA,119,116,10,17,12,10,0.5,0.4
2026-09-04T2100,3357A,104.0028,30.6891,成都市,金博路,颗粒物(PM10),62,66,77,39,62,120,NA,210,192,24,31,4,3,1.0,1
2026-09-04T2100,3359A,104.056,30.5228,成都市,华阳,细颗粒物(PM2.5),76,73,74,48,56,138,NA,183,170,19,21,3,3,0.8,0.8
2026-09-04T2100,3360A,104.7894,29.3197,自贡市,南湖救助站,NA,NA,69,63,50,46,NA,NA,148,146,24,19,6,6,0.9,0.9
2026-09-04T2100,3361A,103.7313,29.563,乐山市,理工大学,,50,46,58,35,45,138,NA,170,166,10,13,5,8,0.7,0.9
2026-09-04T2100,3363A,117.9883,36.8372,淄博市,新区,,39,39,41,23,24,86,NA,175,162,35,33,8,12,0.6,0.6
2026-09-04T2100,3364A,117.316,34.8106,枣庄市,市环保局,颗粒物(PM10),51,51,38,18,14,114,NA,139,136,20,18,6,10,0.3,0.3
2026-09-04T2100,3365A,118.5721,37.5654,东营市,垦利区民丰路,,42,31,35,12,20,134,NA,176,160,19,16,2,3,0.8,0.7
2026-09-04T2100,3366A,121.5202,37.4336,烟台市,中国农业大学,,28,24,30,7,13,89,NA,114,108,8,16,8,8,0.2,0.2
2026-09-04T2100,3368A,119.1978,36.6871,潍坊市,高新实验学校,,42,27,36,7,16,132,NA,146,142,13,15,6,7,0.5,0.6
2026-09-04T2100,3370A,118.3563,35.0215,临沂市,十里堡居委,,35,31,24,16,12,112,NA,146,142,22,18,14,11,0.6,0.6
2026-09-04T2100,3371A,116.3693,37.44,德州市,开发区人民医院,颗粒物(PM10),58,61,47,21,21,104,NA,168,156,47,20,6,9,0.5,0.5
2026-09-04T2100,3374A,115.5562,35.089,菏泽市,定陶老年大学,,46,46,45,17,20,139,NA,158,158,18,15,6,6,0.3,0.4
2026-09-04T2100,3375A,102.8016,24.8336,昆明市,青年创业园,NA,NA,26,42,23,26,NA,NA,160,153,11,22,4,4,0.6,0.6
2026-09-04T2100,3376A,103.7926,25.4651,曲靖市,南苑二区,,30,30,32,20,20,82,NA,113,103,5,7,4,4,0.5,0.6
2026-09-04T2100,3377A,103.7442,25.5259,曲靖市,曲靖师范学院,,38,38,31,17,21,83,NA,116,106,9,17,3,5,0.5,0.5
2026-09-04T2100,3379A,122.1122,40.2275,营口市,鲅鱼圈市民活动中心,颗粒物(PM10),70,78,78,30,29,49,NA,133,123,66,42,12,14,1.3,1.2
2026-09-04T2100,3380A,102.8915,34.9618,甘南藏族自治州,甘肃民族师范学院,,41,41,35,26,26,82,NA,112,102,6,7,6,6,0.4,0.4
2026-09-04T2100,3396A,112.0764,32.0089,襄阳市,襄城隆中路,颗粒物(PM10),55,57,51,31,23,152,NA,178,174,22,14,10,10,0.7,0.6
2026-09-04T2100,3397A,112.1154,32.103,襄阳市,高新台子湾,颗粒物(PM10),59,62,52,39,27,153,NA,182,179,23,14,11,9,0.6,0.5
2026-09-04T2100,3398A,114.9134,30.4446,黄冈市,市林业局,,33,24,25,11,13,103,NA,101,101,7,5,10,9,0.2,0.2
2026-09-04T2100,3399A,112.6703,26.8817,衡阳市,师范学院,NA,NA,NA,22,NA,12,84,NA,81,81,9,8,5,6,0.8,0.8
2026-09-04T2100,3400A,109.1844,21.4396,北海市,龙潭自来水厂,,23,11,16,9,9,71,NA,80,78,4,4,3,3,0.3,0.3
2026-09-04T2100,3401A,108.4829,22.762,南宁市,红星社区,,19,19,13,6,7,50,NA,71,62,9,7,6,6,0.6,0.6
2026-09-04T2100,3402A,109.5422,24.3994,柳州市,市二中,,23,7,10,3,6,72,NA,71,68,7,7,7,8,0.5,0.5
2026-09-04T2100,3404A,108.5959,21.9634,钦州市,北职校,,22,22,17,7,7,55,NA,78,73,9,6,7,7,0.6,0.6
2026-09-04T2100,3405A,109.5886,23.1172,贵港市,新世纪学校,,18,14,9,8,7,56,NA,68,65,8,6,/,/,0.5,0.5
2026-09-04T2100,3407A,120.6915,30.7741,嘉兴市,秀洲住建,,30,NA,14,21,15,78,NA,112,104,12,7,4,4,0.4,0.7
2026-09-04T2100,3408A,120.5685,29.936,绍兴市,绍兴中专,,30,18,31,9,17,94,NA,118,115,7,9,4,5,0.7,0.7
2026-09-04T2100,3409A,120.4905,30.086,绍兴市,柯桥区政府,NA,NA,31,24,22,19,83,NA,126,121,NA,15,6,6,0.5,0.5
2026-09-04T2100,3410A,120.8751,30.0249,绍兴市,重华小学,,27,27,29,18,16,64,NA,98,87,14,12,4,4,0.9,0.9
2026-09-04T2100,3411A,120.837,30.0137,绍兴市,上虞中学,,35,35,33,20,18,62,NA,102,93,20,13,3,3,0.6,0.6
2026-09-04T2100,3416A,119.1758,36.7139,潍坊市,潍坊学院,,40,24,37,5,17,128,NA,141,141,11,18,5,6,0.4,0.5
2026-09-04T2100,3418A,116.8336,40.4095,北京市,密云新城,,41,41,22,13,10,43,NA,107,96,8,5,2,2,0.5,0.4
2026-09-04T2100,3419A,109.9449,40.6259,包头市,包头市委党校,,41,41,42,27,27,112,NA,150,145,33,23,7,13,0.5,0.6
2026-09-04T2100,3421A,113.1776,40.9779,乌兰察布市,市委党校,颗粒物(PM10),70,78,38,25,14,70,NA,142,130,44,24,5,4,0.4,0.4
2026-09-04T2100,3422A,118.8443,31.919,南京市,江宁彩虹桥,,33,33,22,9,4,92,NA,125,118,14,8,4,4,0.4,0.4
2026-09-04T2100,3425A,120.642,31.1733,苏州市,越秀幼儿园,,38,38,27,26,18,86,NA,108,101,11,11,4,4,0.7,0.6
2026-09-04T2100,3426A,118.8757,33.2897,淮安市,新华书店,,38,38,32,18,11,96,NA,109,106,17,14,10,11,0.7,0.7
2026-09-04T2100,3427A,118.8497,32.3599,南京市,六合雄州,,30,30,22,9,3,58,NA,97,88,15,8,4,4,0.6,0.6
2026-09-04T2100,3429A,119.8595,31.706,常州市,武进经发区,,39,39,31,18,12,83,NA,105,97,11,8,7,7,0.5,0.4
2026-09-04T2100,3430A,119.5812,31.7256,常州市,金坛城区,,45,45,26,17,12,89,NA,118,109,13,11,8,8,0.4,0.4
2026-09-04T2100,3431A,120.6502,31.4117,苏州市,高铁新城,,38,38,31,18,15,85,NA,105,98,8,8,7,7,0.7,0.7
2026-09-04T2100,3432A,120.9348,31.9874,南通市,环境教育馆,,31,29,26,15,10,98,NA,105,104,5,4,6,6,0.5,0.5
2026-09-04T2100,3434A,119.2414,34.6539,连云港市,工贸学校,,32,22,26,10,14,100,NA,140,130,7,11,6,8,0.5,0.6
2026-09-04T2100,3435A,119.9186,32.4322,泰州市,周山河街区,,33,25,20,14,11,105,NA,107,107,5,5,11,11,0.5,0.4
2026-09-04T2100,3436A,120.4283,33.2048,盐城市,大丰高级中学,,32,19,20,15,9,101,NA,122,116,5,5,7,8,0.1,0.2
2026-09-04T2100,3437A,88.3088,43.3637,乌鲁木齐市,达坂城区环保局,,30,28,24,13,8,96,NA,102,102,9,7,10,10,0.2,0.2
2026-09-04T2100,3438A,87.6132,43.8791,乌鲁木齐市,红光山片区,NA,NA,16,25,4,10,79,NA,88,88,NA,22,NA,13,0.2,0.2
2026-09-04T2100,3439A,87.7008,43.8003,乌鲁木齐市,新师大温泉校区,,28,20,27,7,9,87,NA,94,94,7,11,9,9,0.3,0.2
2026-09-04T2100,3440A,87.4892,43.84,乌鲁木齐市,大绿谷,,23,20,27,7,10,73,NA,88,88,23,26,1,2,0.3,0.5
2026-09-04T2100,3441A,87.5461,44.1909,五家渠市,经开区管委会,,24,24,24,11,6,61,NA,81,80,10,8,3,3,0.2,0.3
2026-09-04T2100,3442A,86.047,44.2331,石河子市,南区管委会,,26,21,24,6,3,82,NA,96,96,14,14,3,4,0.2,0.2
2026-09-04T2100,3443A,113.2905,23.5541,广州市,花都梯面,,24,24,14,14,7,32,NA,65,59,16,13,6,7,/,/
2026-09-04T2100,3444A,116.4539,23.2684,汕头市,潮南峡山,细颗粒物(PM2.5),60,54,22,40,14,104,NA,97,97,22,14,8,7,0.7,0.7
2026-09-04T2100,3445A,113.786,23.7479,广州市,从化良口,,21,21,8,10,5,7,NA,49,38,13,8,5,6,/,/
2026-09-04T2100,3446A,113.805,23.2614,广州市,增城荔城,,28,28,15,18,11,69,NA,91,89,17,11,8,10,0.7,0.7
2026-09-04T2100,3447A,114.344,22.7115,深圳市,坪山,臭氧1小时(O3_1h),59,21,25,12,12,167,NA,160,160,13,18,5,5,0.6,0.6
2026-09-04T2100,3448A,113.5436,22.1163,珠海市,横琴,细颗粒物(PM2.5),64,58,22,42,14,151,NA,160,160,9,12,/,/,/,/
2026-09-04T2100,3449A,113.0496,22.4669,江门市,新会银湖,,28,22,17,19,9,48,NA,88,80,29,14,2,2,0.8,0.7
2026-09-04T2100,3450A,111.0101,21.5165,茂名市,电白水东,,23,17,14,16,11,59,NA,86,73,9,9,6,5,/,/
2026-09-04T2100,3451A,112.5617,23.2082,肇庆市,鼎湖凤凰,,15,15,7,5,2,45,NA,66,59,10,9,7,7,/,/
2026-09-04T2100,3452A,114.6521,22.7755,惠州市,大亚湾霞涌,,46,12,15,10,7,147,NA,142,142,13,10,/,/,/,/
2026-09-04T2100,3453A,112.0125,21.8749,阳江市,阳东陶然,,26,NA,11,18,9,60,NA,84,77,8,8,5,5,0.6,0.5
2026-09-04T2100,3454A,113.3527,22.4781,中山市,中山南区,,38,34,17,26,16,70,NA,124,118,24,15,6,7,0.6,0.5
2026-09-04T2100,3455A,113.076,23.72,清远市,清城东城,,34,34,12,19,7,32,NA,64,54,14,8,/,/,/,/
2026-09-04T2100,3456A,114.2887,38.0905,石家庄市,鹿泉一中,颗粒物(PM10),53,53,50,21,14,88,NA,147,130,15,8,1,4,0.4,0.4
2026-09-04T2100,3457A,118.4357,39.277,唐山市,冀东油田职工医院,,49,37,50,22,28,154,NA,162,162,11,23,2,7,0.3,0.4
2026-09-04T2100,3458A,114.7893,36.5592,邯郸市,香泉濮院小区,颗粒物(PM10),53,54,44,32,28,117,NA,165,156,21,20,3,5,0.5,0.4
2026-09-04T2100,3459A,115.599,37.5491,衡水市,地表水厂,颗粒物(PM10),59,62,52,22,21,122,NA,153,146,6,14,1,3,0.6,0.6
2026-09-04T2100,3460A,117.4065,40.0583,天津市,北环路,,40,40,27,19,13,86,NA,141,133,18,11,5,7,0.5,0.4
2026-09-04T2100,3461A,117.3041,39.7167,天津市,建设路,颗粒物(PM10),53,53,46,24,20,61,NA,151,136,41,21,1,2,0.7,0.6
2026-09-04T2100,3462A,117.8201,39.3519,天津市,滨水东路,,32,30,54,13,24,100,NA,183,170,38,45,10,10,0.6,0.6
2026-09-04T2100,3463A,116.9708,33.5911,宿州市,社会福利中心,颗粒物(PM10),55,56,34,36,20,101,NA,149,145,29,15,8,8,0.6,0.6
2026-09-04T2100,3464A,117.3802,31.9148,合肥市,高教基地,,33,31,23,16,8,104,NA,119,119,12,7,8,8,0.5,0.5
2026-09-04T2100,3465A,118.4783,31.3226,芜湖市,清苑社区,,35,35,24,19,11,36,NA,119,105,62,18,6,5,0.7,0.4
2026-09-04T2100,3466A,118.2746,31.2326,芜湖市,扬子职业技术学院,,29,22,25,12,12,92,NA,140,131,14,15,6,6,0.4,0.5
2026-09-04T2100,3468A,115.79,32.8614,阜阳市,市规划展馆,,41,41,36,12,17,114,NA,153,142,24,16,6,6,0.4,0.5
2026-09-04T2100,3469A,115.835101,32.918568,阜阳市,枣园社区,,35,35,42,12,20,97,NA,145,132,28,23,6,7,0.5,0.5
2026-09-04T2100,3471A,113.6104,34.8688,郑州市,惠济区政府,,41,36,48,25,27,129,NA,163,155,19,20,2,4,0.3,0.4
2026-09-04T2100,3473A,114.2485,34.8306,开封市,技师学院,颗粒物(PM10),55,56,46,26,22,126,NA,154,148,17,14,5,6,0.6,0.6
2026-09-04T2100,3474A,114.2616,35.6824,鹤壁市,大新区,NA,NA,NA,41,NA,26,NA,NA,154,NA,NA,9,NA,13,NA,0.8
2026-09-04T2100,3475A,113.9189,35.3042,新乡市,市政府,颗粒物(PM10),58,60,42,22,18,112,NA,152,143,26,13,9,9,0.5,0.5
2026-09-04T2100,3477A,113.1656,35.2536,焦作市,中站许衡医院,颗粒物(PM10),54,55,42,26,16,109,NA,165,148,18,8,6,7,0.3,0.2
2026-09-04T2100,3478A,113.9691,33.568,漯河市,市图书馆,,48,36,56,23,28,152,NA,172,169,19,21,9,11,0.5,0.5
2026-09-04T2100,3481A,125.127,46.6277,大庆市,萨区政府监测点,,47,47,41,27,26,41,NA,108,87,37,22,7,8,0.5,0.4
2026-09-04T2100,3482A,107.754,29.3275,重庆市,芙蓉中路,,38,38,22,4,11,39,NA,82,74,15,12,10,10,0.4,0.4
2026-09-04T2100,3484A,106.2629,29.3202,重庆市,行政中心,,29,29,51,16,31,84,NA,146,140,18,21,11,14,0.2,0.2
2026-09-04T2100,3486A,124.4029,43.1411,四平市,植物园,,28,28,19,12,15,88,NA,92,86,10,10,4,4,0.2,0.2
2026-09-04T2100,3488A,104.387954,30.746684,成都市,青白江技师分院,细颗粒物(PM2.5),105,111,89,65,50,94,NA,169,150,48,32,6,7,0.9,0.9
2026-09-04T2100,3489A,104.0788,30.4054,成都市,科学城,颗粒物(PM10),53,54,63,31,46,127,NA,168,162,19,19,8,9,1.1,1.1
2026-09-04T2100,3491A,104.6899,31.5324,绵阳市,西科大附属小学,NA,NA,83,62,50,38,82,NA,179,166,29,23,9,9,NA,0.7
2026-09-04T2100,3492A,104.5647,31.5343,绵阳市,安州区旅游局,NA,NA,78,62,48,38,81,NA,161,152,24,16,10,9,NA,0.4
2026-09-04T2100,3494A,117.1673,36.9782,济南市,济阳区政府,臭氧1小时(O3_1h),57,51,46,18,21,165,NA,192,192,13,24,9,11,0.5,0.5
2026-09-04T2100,3495A,117.1168,36.6299,济南市,锦屏中学,NA,NA,49,28,31,12,123,NA,189,184,NA,14,5,6,0.7,0.5
2026-09-04T2100,3496A,118.359,35.1067,临沂市,南坊新区,NA,NA,34,28,10,12,NA,NA,152,152,22,20,10,10,0.6,0.5
2026-09-04T2100,3498A,118.5063,37.8606,东营市,河口城区,,45,36,42,15,24,144,NA,187,176,9,13,2,5,0.8,0.8
2026-09-04T2100,3500A,116.5808,35.3703,济宁市,北湖一中,臭氧1小时(O3_1h),60,46,38,18,15,168,NA,183,183,11,11,4,4,0.4,0.4
2026-09-04T2100,3501A,116.8251,35.5592,济宁市,服务中心,颗粒物(PM10),55,57,45,24,18,132,NA,170,166,25,17,7,6,0.4,0.2
2026-09-04T2100,3502A,117.1812,36.2273,泰安市,国网新校,臭氧1小时(O3_1h),99,44,20,33,14,199,NA,187,187,6,6,9,7,0.6,0.4
2026-09-04T2100,3503A,117.0315,36.2017,泰安市,交通技校,臭氧1小时(O3_1h),98,46,24,25,12,198,NA,183,183,12,20,8,6,0.5,0.3
2026-09-04T2100,3504A,117.083,36.13,泰安市,山东第一医科大学,NA,NA,61,41,26,20,NA,NA,184,184,15,17,10,10,NA,0.5
2026-09-04T2100,3505A,122.1379,37.3414,威海市,临港区管委会,,22,14,17,13,9,68,NA,96,87,16,12,9,8,0.3,0.3
2026-09-04T2100,3507A,119.5326,35.4627,日照市,职业技术学院,NA,NA,NA,26,NA,13,91,NA,142,122,13,12,8,10,NA,0.4
2026-09-04T2100,3511A,116.5687,37.3331,德州市,陵城艺术中心,NA,NA,51,51,NA,24,NA,NA,163,158,13,15,6,10,0.6,0.7
2026-09-04T2100,3513A,116.0443,36.436,聊城市,九州社区,颗粒物(PM10),52,52,49,17,21,140,NA,171,170,25,22,15,16,0.5,0.5
2026-09-04T2100,3514A,117.9379,37.3959,滨州市,中海酒店,NA,NA,51,40,22,21,NA,NA,197,193,29,36,1,8,0.7,0.5
2026-09-04T2100,3515A,117.9381509,37.35547456,滨州市,开发区一中,颗粒物(PM10),55,56,49,20,21,160,NA,193,187,13,22,8,9,0.6,0.4
2026-09-04T2100,3516A,118.0914,37.6938,滨州市,金海六路,颗粒物(PM10),55,56,56,32,39,125,NA,200,190,26,34,2,4,0.4,0.5
2026-09-04T2100,3520A,106.3495,38.9837,石嘴山市,妇女儿童医院,细颗粒物(PM2.5),84,68,48,52,25,154,NA,162,162,18,14,18,13,0.8,0.6
2026-09-04T2100,3521A,106.7495,39.2068,石嘴山市,石大公路,颗粒物(PM10),68,75,45,32,20,76,NA,142,136,41,19,7,7,0.6,0.4
2026-09-04T2100,3523A,106.5105,38.3857,银川市,滨河新区,,46,46,40,30,21,137,NA,169,169,23,18,14,17,0.7,0.5
2026-09-04T2100,3525A,108.6394,34.408,咸阳市,奥体中心,颗粒物(PM10),51,51,44,28,23,117,NA,155,149,22,11,5,5,0.5,0.4
2026-09-04T2100,3526A,119.5188,25.9666,福州市,吴航,,39,39,17,20,10,3,NA,38,16,30,13,6,7,0.7,0.5
2026-09-04T2100,3527A,118.0961,24.5689,厦门市,集美中学,,17,17,12,10,6,54,NA,82,66,4,6,2,1,0.2,0.2
2026-09-04T2100,3528A,118.1502,24.7246,厦门市,同安二实小,,16,NA,6,10,5,50,NA,59,53,8,10,2,2,0.5,0.6
2026-09-04T2100,3530A,117.6288,24.5309,漳州市,西洋坪路,,15,10,14,10,8,40,NA,68,63,6,7,4,4,0.5,0.5
2026-09-04T2100,3531A,110.296,25.1254,桂林市,旅游学院,,23,17,16,4,6,72,NA,72,72,11,10,2,3,0.7,0.7
2026-09-04T2100,3532A,110.1951,22.6832,玉林市,玉林师范学院东校区,,17,9,13,6,9,53,NA,70,68,8,6,2,2,0.5,0.4
2026-09-04T2100,3533A,110.0527,22.5894,玉林市,福绵环保局,,23,23,17,7,9,56,NA,70,67,9,8,3,4,0.7,0.6
2026-09-04T2100,3534A,111.4744,24.455,贺州市,西湾,,19,14,10,6,4,58,NA,68,64,7,7,12,11,0.4,0.4
2026-09-04T2100,3535A,109.1781,23.7293,来宾市,兴宾区政府,,18,4,11,0,4,57,NA,68,64,7,7,7,7,0.6,0.5
2026-09-04T2100,3538A,107.5175,26.2977,黔南布依族苗族自治州,沙坝,,14,12,9,4,6,42,NA,60,53,5,5,3,4,0.5,0.5
2026-09-04T2100,3539A,110.5111,19.9737,海口市,桂林洋子站,,29,17,24,9,12,92,NA,97,95,6,8,/,/,/,/
2026-09-04T2100,3540A,109.7348,18.3443,三亚市,君悦子站,NA,NA,30,28,22,12,86,NA,114,110,NA,NA,4,4,0.6,0.5
2026-09-04T2100,3541A,109.5726195,19.51688767,儋州市,第一中学子站,,31,20,18,9,10,98,NA,98,98,5,5,3,3,0.4,0.4
2026-09-04T2100,3542A,109.5567,19.5187,儋州市,东坡学校子站,,28,22,21,16,10,89,NA,96,96,7,5,3,3,0.3,0.3
2026-09-04T2100,3544A,121.4891,30.925,上海市,奉贤南桥新城,,24,24,27,12,14,74,NA,85,79,6,8,3,4,0.2,0.2
2026-09-04T2100,3545A,110.8053,32.8401,十堰市,郧阳区金沙路,,50,50,36,31,21,132,NA,148,145,14,9,10,9,1.0,0.9
2026-09-04T2100,3546A,111.4606,30.5519,宜昌市,猇亭区张家湾站,颗粒物(PM10),56,58,32,34,14,131,NA,143,142,17,11,11,7,0.4,0.2
2026-09-04T2100,3547A,112.1631,31.0134,荆门市,龙泉中学南校,细颗粒物(PM2.5),64,67,59,42,21,148,NA,173,169,15,10,12,11,1.0,0.9
2026-09-04T2100,3549A,109.5061,30.3771,恩施土家族苗族自治州,龙凤新区,细颗粒物(PM2.5),64,NA,24,42,19,54,NA,88,79,10,6,6,6,0.6,0.4
2026-09-04T2100,3550A,102.8,24.9787,昆明市,昆明学院,,47,47,50,25,24,83,NA,138,126,18,26,6,6,0.5,0.5
2026-09-04T2100,3551A,102.5969,24.6738,昆明市,晋宁区生态环境分局,NA,NA,49,28,47,29,NA,NA,165,162,13,13,5,6,0.3,0.6
2026-09-04T2100,3552A,102.6673,24.9861,昆明市,云天化总部,,42,38,38,29,23,99,NA,166,153,14,22,6,6,0.6,0.7
2026-09-04T2100,3557A,119.9463,30.0496,杭州市,镇二中,,32,31,21,22,15,102,NA,109,109,12,10,6,6,0.6,0.6
2026-09-04T2100,3558A,119.7184,30.2367,杭州市,市府大楼,,35,32,19,17,11,112,NA,104,104,6,5,6,6,0.6,0.7
2026-09-04T2100,3560A,120.4715,30.0414,绍兴市,柯桥妇保,,32,32,34,16,20,86,NA,127,122,10,11,6,7,0.6,0.6
2026-09-04T2100,3561A,120.6985,27.9252,温州市,茶山,,35,35,25,19,11,47,NA,66,62,23,17,/,/,/,/
2026-09-04T2100,3562A,120.4146,30.8538,湖州市,南浔区站,,41,41,25,22,19,85,NA,135,125,9,8,9,8,0.8,0.6
2026-09-04T2100,3564A,121.25678,28.66823971,台州市,台州科技职业学院,,21,20,21,12,12,65,NA,76,74,4,3,8,8,0.4,0.4
2026-09-04T2100,3565A,113.1371,40.1122,大同市,云冈站,颗粒物(PM10),55,56,37,13,12,51,NA,113,96,22,17,10,9,0.3,0.3
2026-09-04T2100,3566A,113.1186,40.2556,大同市,图书馆,NA,NA,96,32,21,10,NA,NA,116,105,NA,11,NA,8,NA,0.6
2026-09-04T2100,3567A,113.5931,40.0459,大同市,区一中,,26,26,19,14,10,47,NA,116,99,11,10,10,11,0.5,0.5
2026-09-04T2100,3568A,113.0603,36.0464,长治市,向阳小学,NA,NA,NA,35,NA,18,NA,NA,138,NA,NA,12,NA,13,NA,0.6
2026-09-04T2100,3569A,112.8788,36.315,长治市,屯留一中,,40,33,30,19,17,128,NA,173,158,21,15,12,14,0.4,0.5
2026-09-04T2100,3571A,112.2938,39.5296,朔州市,一水厂,颗粒物(PM10),74,83,55,28,15,23,NA,124,95,64,26,4,4,0.6,0.4
2026-09-04T2100,3575A,118.0927,39.5807,唐山市,正泰大街热力站,颗粒物(PM10),58,61,61,23,24,93,NA,158,137,19,22,11,6,0.8,0.7
2026-09-04T2100,3576A,118.1561,39.8322,唐山市,丰润区政府,,49,49,57,11,19,64,NA,113,92,33,28,18,14,0.8,1.2
2026-09-04T2100,3577A,118.436906,39.73802,唐山市,金山小学,颗粒物(PM10),90,106,66,42,26,102,NA,132,119,21,24,4,9,0.7,0.7
2026-09-04T2100,3578A,118.2449,39.6693,唐山市,政府服务中心,颗粒物(PM10),52,52,67,21,27,115,NA,183,175,26,27,3,9,0.8,0.9
2026-09-04T2100,3580A,114.1998,36.4439,邯郸市,峰峰矿区临水派出所,,44,38,33,20,13,138,NA,159,155,10,10,6,6,0.6,0.7
2026-09-04T2100,3581A,115.3136,38.9511,保定市,满城区生态环境分局,颗粒物(PM10),62,66,36,25,18,91,NA,130,121,12,7,3,3,0.5,0.4
2026-09-04T2100,3582A,115.4709,38.7628,保定市,清苑区第二中学,,33,32,40,21,22,104,NA,135,127,19,17,5,5,0.4,0.4
2026-09-04T2100,3583A,115.6231,39.0223,保定市,徐水物探局,颗粒物(PM10),54,55,33,17,18,77,NA,132,121,22,15,2,2,0.4,0.3
2026-09-04T2100,3590A,113.8362,34.566,郑州市,北区建设指挥部,,45,42,44,17,22,144,NA,169,162,15,20,7,6,0.4,0.4
2026-09-04T2100,3591A,113.3029,34.8041,郑州市,上街区政府,细颗粒物(PM2.5),76,75,54,48,30,103,NA,166,153,27,20,10,11,0.5,0.8
2026-09-04T2100,3592A,114.4518,34.7503,开封市,祥符区生态环境局,细颗粒物(PM2.5),94,90,53,57,29,96,NA,159,145,24,12,5,7,0.5,0.6
2026-09-04T2100,3593A,112.5736,34.8993,洛阳市,吉利监测站,NA,NA,66,39,22,18,110,NA,166,157,19,15,NA,12,0.4,0.5
2026-09-04T2100,3594A,112.8736,33.9068,平顶山市,石龙区,颗粒物(PM10),95,112,57,51,24,82,NA,182,171,66,22,8,9,0.6,0.5
2026-09-04T2100,3596A,114.1573,35.9607,鹤壁市,南山宾馆,细颗粒物(PM2.5),56,50,42,38,29,138,NA,162,157,12,12,6,12,0.7,1
2026-09-04T2100,3598A,111.1031,34.719,三门峡市,富达温泉假日酒店,臭氧1小时(O3_1h),69,57,35,24,17,175,NA,162,162,14,14,9,9,0.7,0.6
2026-09-04T2100,3599A,106.2648,29.9853,重庆市,书院路,,36,33,32,25,32,69,NA,97,94,18,13,6,10,0.8,0.7
2026-09-04T2100,3600A,106.2334,29.5583,重庆市,虎峰,,47,46,42,16,19,150,NA,160,159,12,13,8,12,0.6,0.6
2026-09-04T2100,3601A,106.0497,29.8345,重庆市,龙门街,,49,49,42,34,25,89,NA,138,131,21,19,11,14,0.7,0.7
2026-09-04T2100,3604A,119.3267,35.1043,日照市,岚山环保分局,,32,24,35,5,14,100,NA,138,122,12,25,8,33,0.4,2.7
2026-09-04T2100,3605A,109.1019,34.5302,西安市,无线电监控中心,NA,NA,63,39,54,20,86,NA,155,142,NA,15,6,9,0.8,0.6
2026-09-04T2100,3610A,105.5931,29.4105,重庆市,昌元,细颗粒物(PM2.5),92,73,96,56,75,102,NA,140,133,20,22,10,10,0.6,0.7
2026-09-04T2100,3612A,85.1045,45.6895,克拉玛依市,白碱滩区新站,颗粒物(PM10),103,127,31,20,5,78,NA,90,90,11,9,6,5,0.3,0.3
2026-09-04T2100,3613A,87.3069,44.0093,昌吉回族自治州,亚心广场,,26,22,24,9,8,81,NA,93,93,12,16,8,9,0.1,0.2
2026-09-04T2100,3614A,79.9241,37.0878,和田地区,地区环保局,颗粒物(PM10),500,617,544,162,130,78,NA,95,93,8,8,2,5,0.6,0.5
2026-09-04T2100,3615A,79.9132,37.1137,和田地区,市环保局,颗粒物(PM10),481,581,481,186,136,74,NA,97,95,2,5,1,3,0.5,0.3
2026-09-04T2100,3616A,106.7617,31.8343,巴中市,市中心医院,细颗粒物(PM2.5),117,NA,41,78,31,54,NA,117,105,33,17,12,9,1.3,0.8
2026-09-04T2100,3617A,105.8047,32.4167,广元市,经开区,,46,41,42,32,28,84,NA,138,131,30,23,6,10,0.6,0.6
2026-09-04T2100,3618A,112.4702,37.7821,太原市,金胜,,37,37,30,16,11,104,NA,165,148,29,15,12,10,0.2,0.2
2026-09-04T2100,3619A,113.6169,37.8565,阳泉市,龙柱,,43,43,63,25,27,60,NA,129,114,45,31,14,20,0.6,0.8
2026-09-04T2100,3620A,112.8258,35.4804,晋城市,泽州一中,,45,41,49,16,17,144,NA,181,173,12,14,7,12,0.5,0.8
2026-09-04T2100,3622A,113.5556,24.8082,韶关市,碧湖山庄,,11,3,4,2,2,34,NA,41,37,8,9,6,6,0.9,0.9
2026-09-04T2100,3623A,113.8952,22.586,深圳市,西乡,,47,47,24,23,10,113,NA,141,139,33,22,3,2,0.7,0.6
2026-09-04T2100,3624A,116.4069,23.2533,汕头市,潮南子站,,34,34,25,18,14,91,NA,94,94,16,13,6,6,/,/
2026-09-04T2100,3625A,113.2568,22.7629,佛山市,容桂街道办,,35,31,13,24,12,70,NA,114,110,28,17,/,/,/,/
2026-09-04T2100,3628A,112.0335,22.9376,云浮市,文笔,,29,23,15,20,10,54,NA,70,65,6,6,5,5,0.4,0.3
2026-09-04T2100,3629A,101.8304,36.5785,西宁市,世纪职校,,35,26,25,24,21,84,NA,134,124,26,9,13,5,0.7,0.7
2026-09-04T2100,3633A,118.4914,31.681,马鞍山市,雨山,,47,47,25,12,9,73,NA,131,119,25,11,6,6,0.8,0.7
2026-09-04T2100,3635A,112.3678,34.6623,洛阳市,河科大西苑校区,颗粒物(PM10),53,53,47,30,27,146,NA,183,178,21,21,9,15,0.7,0.7
2026-09-04T2100,3636A,112.4387,34.678,洛阳市,英才小学,颗粒物(PM10),57,59,62,23,28,115,NA,168,158,27,29,10,11,0.6,0.6
2026-09-04T2100,3637A,131.0136,45.7688,七台河市,人民广场,颗粒物(PM10),79,90,28,24,12,6,NA,55,42,32,16,6,7,0.7,0.6
2026-09-04T2100,3638A,104.7637,29.3373,自贡市,轻化工大学,细颗粒物(PM2.5),66,53,58,43,47,143,NA,166,163,19,19,10,10,0.8,0.8
2026-09-04T2100,3642A,120.3454,36.0735,青岛市,市北区南部,,35,24,24,6,11,109,NA,124,118,7,10,6,7,0.4,0.4
2026-09-04T2100,3643A,120.3897,36.18,青岛市,李沧区北部,NA,NA,NA,26,NA,14,NA,NA,131,128,21,12,4,5,0.6,0.6
2026-09-04T2100,3644A,117.8662,36.8049,淄博市,三金集团,颗粒物(PM10),56,58,57,22,25,121,NA,190,182,31,31,11,16,0.6,0.7
2026-09-04T2100,3645A,118.0259,36.8409,淄博市,东风化工厂,细颗粒物(PM2.5),68,61,59,44,28,89,NA,195,178,35,34,9,15,0.6,0.6
2026-09-04T2100,3646A,118.4979,37.4623,东营市,胜利站,,49,28,38,12,20,155,NA,180,163,8,12,4,6,0.5,0.5
2026-09-04T2100,3648A,106.2176,37.9832,吴忠市,文卫南街,颗粒物(PM10),60,64,50,29,25,110,NA,140,139,30,15,10,11,0.5,0.4
2026-09-04T2100,3650A,105.1696,37.5164,中卫市,沙坡头区政府站,,45,45,40,25,21,90,NA,123,122,23,13,6,5,0.5,0.4
2026-09-04T2100,3654A,114.8093,30.4091,鄂州市,精准医疗中心,,29,23,25,7,17,91,NA,110,102,7,8,4,6,0.5,0.6
2026-09-04T2100,3655A,114.3379,29.8683,咸宁市,长江产业园,,40,40,34,23,20,84,NA,122,113,20,10,5,5,0.4,0.4
2026-09-04T2100,3656A,120.1554,30.2863,杭州市,消防大队,,38,32,24,26,16,83,NA,121,118,19,12,8,8,0.8,0.8
2026-09-04T2100,3658A,120.6156,30.0762,绍兴市,袍江中学,,29,29,32,19,18,79,NA,122,116,16,13,6,6,0.6,0.6
2026-09-04T2100,3659A,119.656,29.1132,金华市,气象局,,34,34,25,18,12,72,NA,77,77,17,13,6,4,0.6,0.5
2026-09-04T2100,3662A,123.6341,47.2079,齐齐哈尔市,富区青少年活动中心,,26,26,29,7,11,66,NA,73,70,6,8,3,5,0.4,0.4
2026-09-04T2100,3663A,124.117,50.4279,大兴安岭地区,红旗社区,,16,14,25,7,16,49,NA,67,66,11,7,5,6,0.3,0.2
2026-09-04T2100,3664A,119.4171,34.734,连云港市,连云街道,,36,17,25,7,10,113,NA,130,126,8,14,8,9,0.5,0.5
2026-09-04T2100,3665A,76.1654,39.7157,克孜勒苏柯尔克孜自治州,克州文化中心,NA,NA,NA,43,NA,18,NA,NA,127,127,4,6,3,4,0.1,0.2
2026-09-04T2100,3667A,111.0279,35.0543,运城市,水利职院,臭氧1小时(O3_1h),59,38,29,18,12,167,NA,162,162,8,8,10,7,0.6,0.6
2026-09-04T2100,3669A,114.4706,36.0634,安阳市,左辅环卫站,颗粒物(PM10),51,51,54,19,21,133,NA,157,153,8,10,5,8,0.5,0.6
2026-09-04T2100,3670A,111.0522,35.0439,运城市,禹都公园,臭氧1小时(O3_1h),73,30,34,14,13,178,NA,173,173,8,8,10,8,0.5,0.5
2026-09-04T2100,3671A,116.0879,39.9725,北京市,门头沟三家店,颗粒物(PM10),51,51,26,22,11,39,NA,122,106,38,12,2,2,0.6,0.4
2026-09-04T2100,3672A,116.1507,39.8246,北京市,丰台云岗,颗粒物(PM10),66,72,36,16,11,44,NA,110,94,44,19,2,2,0.4,0.3
2026-09-04T2100,3674A,115.9578,39.7602,北京市,房山燕山,,24,22,23,10,12,74,NA,97,86,6,10,3,3,0.3,0.3
2026-09-04T2100,3675A,116.4669,39.7734,北京市,大兴旧宫,颗粒物(PM10),56,58,49,16,16,46,NA,140,116,25,31,3,4,0.6,0.5
2026-09-04T2100,3677A,98.5887,24.4366,德宏傣族景颇族自治州,芒市人民政府综合楼,,45,45,29,14,7,42,NA,54,53,6,7,7,8,0.7,0.8
2026-09-04T2100,3678A,116.5907,35.4054,济宁市,市第七中学,颗粒物(PM10),53,54,46,21,18,158,NA,174,174,14,16,5,5,0.5,0.4
2026-09-04T2100,3683A,109.8332,40.6577,包头市,昆区政府,,45,45,47,25,26,118,NA,150,146,26,23,7,10,0.6,0.6
2026-09-04T2100,3684A,130.8639,45.8144,七台河市,新建矿广场,,24,24,15,12,6,16,NA,61,49,19,8,4,4,0.7,0.6
2026-09-04T2100,3685A,117.897,28.4316,上饶市,双创科技城,,28,28,22,15,12,81,NA,91,91,5,6,2,6,0.4,0.4
2026-09-04T2100,3689A,113.9002,35.372,新乡市,行政服务中心,,40,34,40,16,17,126,NA,150,143,9,10,8,10,0.9,0.9
2026-09-04T2100,3690A,115.9718,28.7032,南昌市,外国语学校,,30,30,27,9,15,91,NA,102,102,14,9,8,6,1.0,1
2026-09-04T2100,3692A,118.2043,39.6703,唐山市,消防缸窑路中队,颗粒物(PM10),54,55,76,14,24,117,NA,137,123,18,23,11,12,0.7,1
2026-09-04T2100,3693A,118.1432,39.6203,唐山市,路南电大,颗粒物(PM10),58,61,68,25,30,82,NA,153,132,18,20,4,9,0.8,0.9
2026-09-04T2100,3694A,115.9859,40.4562,北京市,延庆石河营,,32,26,23,12,12,100,NA,106,105,10,17,3,3,0.3,0.3
2026-09-04T2100,3695A,116.6151,40.3052,北京市,怀柔新城,,22,18,21,12,13,69,NA,103,97,4,6,2,2,0.3,0.4
2026-09-04T2100,3696A,116.2542,39.8764,北京市,丰台小屯,颗粒物(PM10),53,53,35,20,15,54,NA,118,103,45,38,2,2,0.5,0.5
2026-09-04T2100,3697A,116.8399,40.3843,北京市,密云镇,,33,33,22,15,11,42,NA,107,96,24,15,2,3,0.5,0.4
2026-09-04T2100,3699A,111.6519,40.8389,呼和浩特市,海东办,颗粒物(PM10),56,58,34,22,9,84,NA,142,134,48,25,12,11,0.5,0.4
2026-09-04T2100,3701A,116.9647,33.6252,宿州市,皖北煤电集团,,44,39,37,15,18,138,NA,137,137,14,11,9,7,0.4,0.3
2026-09-04T2100,3706A,122.2584,43.6333,通辽市,老干部活动中心,,28,24,25,18,11,89,NA,100,94,10,8,11,12,0.5,0.5
2026-09-04T2100,3707A,131.0069,45.2988,鸡西市,欧美日汽修厂,颗粒物(PM10),53,54,20,12,8,16,NA,61,47,20,13,4,7,0.4,0.3
2026-09-04T2100,3708A,122.2923,43.6189,通辽市,东方明珠社区,颗粒物(PM10),52,52,29,14,10,72,NA,103,91,51,13,27,10,0.5,0.4
2026-09-04T2100,3710A,121.5593,29.8976,宁波市,白沙活动中心,,25,21,19,10,11,77,NA,92,79,3,3,10,10,0.6,0.6
2026-09-04T2100,3713A,124.3286,43.1726,四平市,世纪城,,33,NA,28,23,24,80,NA,93,90,18,13,6,6,0.3,0.3
2026-09-04T2100,3715A,117.3091,32.9314,蚌埠市,蚌埠田家炳中学,颗粒物(PM10),53,54,37,18,17,112,NA,140,136,19,9,9,9,0.5,0.5
2026-09-04T2100,3719A,97.1707,31.1428,昌都市,昌都会议中心,,17,8,6,5,4,52,NA,84,62,6,4,3,2,0.3,0.3
2026-09-04T2100,3726A,88.8775,29.2425,日喀则市,林业技术推广中心,NA,NA,11,5,2,0,NA,NA,95,95,3,2,5,4,NA,0.3
2026-09-04T2100,3728A,104.6701,28.8053,宜宾市,白酒学院,细颗粒物(PM2.5),94,72,49,57,37,126,NA,175,169,16,16,7,11,1.0,0.9
2026-09-04T2100,3734A,118.5753,37.4405,东营市,理想之城,,44,29,35,11,17,138,NA,165,156,14,18,11,13,0.6,0.6
2026-09-04T2100,3860A,118.3915,35.0297,临沂市,皇山花园小区,,39,39,30,15,15,112,NA,143,139,27,23,13,11,0.6,0.5
2026-09-04T2100,3861A,119.2046,36.7696,潍坊市,寒亭区实验一小,NA,NA,27,35,9,18,NA,NA,154,152,18,23,3,4,0.4,0.5
2026-09-04T2100,3866A,122.2469,40.663,营口市,三高中,,40,40,44,18,23,109,NA,112,112,23,23,10,11,0.5,0.9
2026-09-04T2100,3867A,102.074,36.5056,海东市,平安区公安局北苑,,33,33,30,23,17,92,NA,124,116,17,8,10,6,0.6,0.5
2026-09-04T2100,3981A,113.2456,35.18,焦作市,原李万街道办,颗粒物(PM10),55,56,48,18,18,122,NA,155,146,20,14,4,4,0.3,0.3
2026-09-04T2100,3994A,102.2174,31.9016,阿坝藏族羌族自治州,马尔康中学西区,,26,NA,10,10,9,81,NA,90,87,2,3,4,4,0.2,0.1
2026-09-04T2100,4002A,109.2312,23.7428,来宾市,中南小学,NA,NA,9,10,5,4,NA,NA,68,62,11,9,7,7,0.6,0.6
2026-09-04T2100,4004A,115.4199,38.8665,保定市,双鹰农机,颗粒物(PM10),64,69,46,33,23,92,NA,132,121,19,10,8,3,0.4,0.4
2026-09-04T2100,4006A,122.3622,40.6762,营口市,老边实验小学,颗粒物(PM10),51,51,49,25,26,106,NA,120,119,20,25,10,9,1.6,1.3
2026-09-04T2100,4008A,112.5233,32.9921,南阳市,卧龙区政府,臭氧1小时(O3_1h),60,62,47,24,17,168,NA,185,184,20,12,9,10,0.9,0.8
2026-09-04T2100,4010A,112.5608,37.8807,太原市,育英中学,,40,30,31,22,16,128,NA,158,152,15,17,13,11,0.4,0.4
2026-09-04T2100,4011A,103.8505,30.6946,成都市,光华大道三段,细颗粒物(PM2.5),88,76,67,54,51,126,NA,180,169,14,16,6,6,0.9,0.9
2026-09-04T2100,4017A,116.7926,33.9534,淮北市,市博物馆,,47,38,33,27,19,150,NA,175,174,18,13,6,8,0.5,0.4
2026-09-04T2100,4018A,116.0564,36.4609,聊城市,星美广场,颗粒物(PM10),65,70,60,20,23,129,NA,165,164,22,23,13,15,0.3,0.3
2026-09-04T2100,4022A,102.1648,38.5369,金昌市,金川区人防中心,颗粒物(PM10),62,66,54,30,25,118,NA,139,136,13,7,4,4,0.3,0.2
2026-09-04T2100,4024A,114.6491,37.9014,石家庄市,栾城区星河路,颗粒物(PM10),58,60,40,23,22,78,NA,167,149,25,20,2,4,0.6,0.5
2026-09-04T2100,4027A,75.9485,39.4688,喀什地区,老干局,,44,44,48,22,9,106,NA,112,112,5,7,4,4,0.2,0.3
2026-09-04T2100,4028A,117.9955,37.3752,滨州市,滨州市西街道办事处,颗粒物(PM10),53,53,43,21,21,130,NA,195,183,29,25,7,8,0.5,0.4
2026-09-04T2100,4033A,122.3124,29.9619,舟山市,普陀东港中学,,38,38,23,14,12,86,NA,80,80,3,2,6,6,0.6,0.6
2026-09-04T2100,4034A,115.515,38.8589,保定市,植保所站,,46,46,36,14,18,117,NA,138,132,14,16,2,2,0.7,0.7
2026-09-04T2100,4036A,116.646,23.676,潮州市,金山,,38,NA,17,25,10,120,NA,109,109,10,10,5,4,0.6,0.5
2026-09-04T2100,4051A,86.0791,44.3018,石河子市,世纪广场,,29,16,30,6,4,90,NA,104,104,15,18,2,3,0.5,0.5
2026-09-04T2100,4054A,109.0324,32.6913,安康市,市邮政管理局,,50,50,36,29,21,94,NA,144,130,16,10,2,5,1.0,0.8
2026-09-04T2100,4055A,108.8869,34.2662,西安市,行知小学,颗粒物(PM10),53,54,47,26,23,151,NA,170,167,17,16,5,6,0.5,0.4
2026-09-04T2100,4056A,108.6601,34.3767,咸阳市,五陵塬路2号,颗粒物(PM10),69,76,46,44,23,116,NA,160,152,31,16,7,8,0.6,0.4
2026-09-04T2100,4057A,115.9423,40.4431,北京市,延庆百泉,,28,28,22,13,12,76,NA,107,102,16,21,1,2,0.6,0.5
2026-09-04T2100,4058A,116.6598,39.9164,北京市,通州新华,,45,45,38,18,15,93,NA,139,135,21,30,4,5,0.5,0.5
2026-09-04T2100,4059A,114.4563,38.0365,石家庄市,裕华西路63号,,47,47,31,23,16,94,NA,147,141,17,13,5,11,0.6,0.4
2026-09-04T2100,4060A,114.5586,38.0581,石家庄市,和平路363号,,35,35,35,19,18,108,NA,160,149,16,14,3,4,0.5,0.5
2026-09-04T2100,4061A,114.8347,38.0213,石家庄市,廉州西路160号,颗粒物(PM10),55,57,46,28,27,102,NA,163,152,25,23,2,2,0.9,0.8
2026-09-04T2100,4062A,114.4498,38.0729,石家庄市,北城路41号,,47,47,39,17,14,116,NA,154,147,18,16,6,11,0.5,0.4
2026-09-04T2100,4063A,115.2124,37.9433,辛集市,市政府,颗粒物(PM10),55,56,54,21,25,94,NA,172,160,37,26,2,4,0.5,0.5
2026-09-04T2100,4064A,115.2008,37.9338,辛集市,城管大队,,45,45,42,18,24,110,NA,158,152,16,18,4,6,0.6,0.5
2026-09-04T2100,4065A,118.1267,39.6579,唐山市,光明北路515号,,37,28,47,21,28,117,NA,173,155,19,26,6,12,0.6,1
2026-09-04T2100,4066A,119.7458,39.9952,秦皇岛市,南园路157号,,41,32,37,17,15,32,NA,151,126,81,34,7,8,0.4,0.4
2026-09-04T2100,4067A,119.5131,39.8858,秦皇岛市,翠岛大街1号,,43,26,32,14,17,136,NA,164,158,7,17,7,8,0.3,0.4
2026-09-04T2100,4068A,114.5209,36.7697,邯郸市,建安街268号,颗粒物(PM10),69,76,48,32,16,91,NA,162,147,44,17,3,3,0.5,0.4
2026-09-04T2100,4069A,114.5488,36.6177,邯郸市,丛台东路558号,,46,46,40,28,17,96,NA,170,156,49,25,4,5,0.5,0.5
2026-09-04T2100,4070A,114.5558,37.0578,邢台市,襄都区政府南院,,42,42,27,23,15,115,NA,160,153,20,5,2,2,0.5,0.5
2026-09-04T2100,4071A,114.9883,38.5232,定州市,交通局,颗粒物(PM10),63,67,58,32,23,101,NA,144,135,20,20,3,4,0.7,0.7
2026-09-04T2100,4072A,115.0045,38.5136,定州市,第五中学,颗粒物(PM10),54,55,57,25,21,88,NA,141,133,18,17,7,7,0.6,0.6
2026-09-04T2100,4073A,117.9462,40.95,承德市,杏林街1号,,40,40,30,23,16,32,NA,108,99,33,17,7,10,0.8,0.6
2026-09-04T2100,4074A,112.449,37.8509,太原市,西矿街336号,颗粒物(PM10),58,61,40,20,16,102,NA,164,149,22,19,8,9,0.7,0.6
2026-09-04T2100,4075A,112.4792,37.9393,太原市,迎宾北路9号,,42,42,34,27,19,90,NA,176,164,46,18,10,9,0.3,0.3
2026-09-04T2100,4076A,112.551,37.8575,太原市,迎泽大街248号,NA,NA,44,35,19,16,129,NA,156,153,NA,17,14,13,0.7,0.9
2026-09-04T2100,4077A,113.588,37.8712,阳泉市,宁波路,,38,38,45,14,16,111,NA,144,135,19,34,6,10,0.6,0.6
2026-09-04T2100,4078A,112.8246,35.5152,晋城市,前书院路,NA,NA,38,48,24,14,145,NA,179,170,NA,12,8,11,0.5,1.1
2026-09-04T2100,4079A,112.8864,35.4773,晋城市,祥云街666号,,46,18,38,12,16,146,NA,169,164,5,13,7,9,0.8,1
2026-09-04T2100,4080A,112.7375,37.7215,晋中市,广安街188号,,38,38,29,21,14,117,NA,152,145,12,12,8,8,0.3,0.3
2026-09-04T2100,4081A,111.0081,35.0748,运城市,学苑北路2555号,臭氧1小时(O3_1h),64,36,40,17,13,171,NA,169,169,12,11,8,6,0.7,0.6
2026-09-04T2100,4082A,121.2548,38.8188,大连市,旅顺,,41,41,36,21,18,104,NA,111,103,15,13,6,8,0.6,0.6
2026-09-04T2100,4083A,123.153,41.2874,辽阳市,铁西路150号,颗粒物(PM10),52,52,53,30,19,60,NA,107,100,41,33,8,16,0.8,1.6
2026-09-04T2100,4084A,123.835,42.2853,铁岭市,新华街20号,,27,27,20,11,5,61,NA,100,84,24,20,9,10,0.3,0.3
2026-09-04T2100,4085A,125.0998,42.9134,辽源市,安宁大街333号,,29,29,26,11,11,56,NA,92,81,15,13,4,4,0.5,0.5
2026-09-04T2100,4086A,118.7641,32.0841,南京市,新模范马路66号,,27,27,22,11,2,84,NA,116,109,8,2,4,4,0.2,0.2
2026-09-04T2100,4087A,120.3138,31.4927,无锡市,清舒道1号,,35,35,30,17,12,88,NA,110,101,11,12,5,6,0.7,0.8
2026-09-04T2100,4088A,117.1553,34.2567,徐州市,纺织东路16号,,48,48,37,18,17,125,NA,160,157,24,18,7,8,0.6,0.5
2026-09-04T2100,4089A,119.9551,31.863,常州市,崇义南街5-H号,NA,NA,29,24,14,7,84,NA,94,91,NA,9,7,8,NA,0.2
2026-09-04T2100,4090A,120.4282,31.3228,苏州市,学森路9号,颗粒物(PM10),53,53,36,22,13,74,NA,120,108,21,14,12,10,1.0,0.7
2026-09-04T2100,4091A,120.8692,31.9885,南通市,洪江路,,30,20,17,15,10,93,NA,101,101,3,3,4,4,0.9,0.8
2026-09-04T2100,4092A,119.119691,33.550006,淮安市,枚皋中路89号,,32,32,23,20,12,86,NA,105,104,16,12,5,6,0.6,0.6
2026-09-04T2100,4093A,119.5202,32.3705,扬州市,廖家沟步道,,29,28,20,12,6,90,NA,103,100,12,9,6,6,0.3,0.2
2026-09-04T2100,4094A,118.352,33.7886,宿迁市,春华路,,34,33,37,15,18,106,NA,140,136,10,13,5,6,0.3,0.4
2026-09-04T2100,4095A,121.8962,29.7529,宁波市,中科路88号,,27,27,21,10,10,76,NA,82,78,7,6,8,8,0.7,0.7
2026-09-04T2100,4096A,120.6935,28.0114,温州市,鹿城惠民路,,43,43,26,27,14,44,NA,64,60,26,17,/,/,0.4,0.4
2026-09-04T2100,4097A,118.9646,28.9832,衢州市,衢州三中,,34,34,26,19,15,69,NA,85,82,16,17,4,4,0.7,0.7
2026-09-04T2100,4098A,117.2518,31.8404,合肥市,中国科学技术大学,,37,29,23,11,7,117,NA,124,124,14,10,7,7,0.3,0.3
2026-09-04T2100,4099A,118.5726,31.1371,芜湖市,湾沚区人民法院,,32,26,19,15,9,102,NA,125,124,12,7,5,5,0.5,0.4
2026-09-04T2100,4100A,116.8322,33.9884,淮北市,杜集区第一实验学校,,43,43,27,24,19,108,NA,164,158,20,15,6,7,0.7,0.6
2026-09-04T2100,4101A,118.3196,32.3335,滁州市,银山路666号,,33,33,23,19,10,83,NA,108,105,17,6,6,6,0.3,0.3
2026-09-04T2100,4102A,118.3426,32.2979,滁州市,黄山路555号,,36,36,28,17,11,98,NA,110,108,12,7,8,10,0.2,0.2
2026-09-04T2100,4103A,116.9929,33.6412,宿州市,中兴路,,45,37,42,15,21,143,NA,152,152,17,15,12,12,0.6,0.6
2026-09-04T2100,4104A,119.3106,26.0648,福州市,路通桥巷6号,细颗粒物(PM2.5),74,61,22,47,16,5,NA,35,19,29,11,/,/,/,/
2026-09-04T2100,4105A,118.6355,24.9148,泉州市,霞新路6号,NA,NA,26,9,20,6,48,NA,65,59,NA,9,/,/,0.4,0.4
2026-09-04T2100,4106A,115.7923,28.6873,南昌市,工业二路,NA,NA,25,28,10,14,112,NA,110,110,5,6,NA,6,0.5,0.6
2026-09-04T2100,4107A,113.8686,27.6668,萍乡市,联洪村委会,,23,22,16,16,10,27,NA,43,39,11,8,8,8,0.4,0.5
2026-09-04T2100,4108A,117.7107,36.2385,济南市,山财大街5号,臭氧1小时(O3_1h),60,51,31,27,15,168,NA,183,182,16,21,6,7,0.7,0.5
2026-09-04T2100,4109A,116.9744,36.6889,济南市,无影山路12号,颗粒物(PM10),56,58,37,20,15,143,NA,192,188,30,29,8,8,0.6,0.6
2026-09-04T2100,4110A,120.5222,36.4089,青岛市,盟旺路653号,,34,26,29,7,16,108,NA,129,127,9,12,6,8,0.7,0.7
2026-09-04T2100,4111A,116.6075,35.4566,济宁市,任和路,颗粒物(PM10),55,57,47,27,21,133,NA,175,170,18,20,5,5,0.6,0.6
2026-09-04T2100,4112A,116.5648,35.3921,济宁市,文体南路1号,颗粒物(PM10),58,61,36,36,14,132,NA,152,151,16,14,5,4,0.4,0.5
2026-09-04T2100,4113A,116.0091,36.4495,聊城市,利民路,,44,42,34,12,20,139,NA,171,170,22,18,9,15,0.6,0.6
2026-09-04T2100,4114A,115.4239,35.2593,菏泽市,黄河路600号,颗粒物(PM10),60,63,52,20,24,112,NA,159,153,27,16,8,8,0.4,0.4
2026-09-04T2100,4115A,115.5025,35.2727,菏泽市,菏泽市人社局,颗粒物(PM10),55,57,46,20,22,134,NA,160,158,13,12,7,6,0.5,0.5
2026-09-04T2100,4116A,113.284,33.7139,平顶山市,姚电大道23号,,50,46,52,23,25,157,NA,187,184,9,9,11,12,0.9,0.9
2026-09-04T2100,4117A,114.2918,36.0769,安阳市,钢三路198号,颗粒物(PM10),53,53,50,31,25,69,NA,154,141,18,12,5,7,0.7,0.9
2026-09-04T2100,4118A,115.0552,35.7816,濮阳市,中原东路68号,颗粒物(PM10),55,56,50,20,21,119,NA,154,149,16,13,14,12,0.8,0.7
2026-09-04T2100,4119A,115.6701,34.3767,商丘市,北海东路185号,NA,NA,49,48,14,24,NA,NA,148,140,22,13,5,8,0.6,0.6
2026-09-04T2100,4120A,115.6172,34.3704,商丘市,中山大街3号,,41,41,46,2,19,83,NA,153,141,21,13,6,9,0.6,0.2
2026-09-04T2100,4121A,114.8466,33.7333,周口市,羲皇大道,,45,45,51,17,22,137,NA,171,166,12,11,5,7,0.7,0.8
2026-09-04T2100,4122A,112.6071,35.1015,济源市,市委党校,,43,43,50,22,20,125,NA,175,168,15,15,4,11,0.6,0.6
2026-09-04T2100,4123A,112.596,35.0702,济源市,沁园中路1号,,43,43,42,24,20,127,NA,175,169,11,15,2,6,0.7,1
2026-09-04T2100,4124A,112.2213,31.0654,荆门市,新台西路6号,细颗粒物(PM2.5),78,81,51,49,32,116,NA,168,159,23,10,13,13,0.9,0.7
2026-09-04T2100,4125A,113.946,30.8999,孝感市,天仙南路1号,,46,43,36,26,18,145,NA,140,140,10,7,2,2,0.3,0.3
2026-09-04T2100,4127A,111.9812,27.7591,娄底市,涟钢职大,,35,34,25,20,15,109,NA,100,100,5,6,3,3,0.5,0.7
2026-09-04T2100,4128A,112.0303,27.7457,娄底市,娄底体校,,37,32,31,18,22,118,NA,101,101,6,6,1,1,0.4,0.4
2026-09-04T2100,4129A,113.8666,23.1062,东莞市,裕兴路,,43,43,23,18,9,87,NA,121,119,12,8,3,4,0.5,0.6
2026-09-04T2100,4130A,114.0076,22.9739,东莞市,教育路1号,细颗粒物(PM2.5),66,70,29,43,13,134,NA,160,159,29,17,10,10,0.8,0.7
2026-09-04T2100,4131A,113.7981,22.8124,东莞市,长怡路1号,,43,43,26,19,11,101,NA,140,136,20,14,7,7,0.5,0.4
2026-09-04T2100,4132A,108.2927,23.1477,南宁市,起凤路9号,,18,5,12,3,8,56,NA,70,66,6,6,4,4,0.5,0.4
2026-09-04T2100,4133A,106.6273,23.8798,百色市,龙景西路,,26,26,22,12,10,41,NA,60,56,8,6,8,8,0.4,0.3
2026-09-04T2100,4134A,110.1952,20.0451,海口市,长滨二路9号,,29,15,18,11,12,92,NA,96,96,8,8,/,/,/,/
2026-09-04T2100,4135A,109.1714,18.3739,三亚市,城东小学站,,36,36,26,15,14,74,NA,122,114,7,6,/,/,/,/
2026-09-04T2100,4136A,108.6971,30.9377,重庆市,云师幼儿园,,32,NA,12,22,14,92,NA,103,103,11,18,6,6,0.7,0.7
2026-09-04T2100,4137A,107.3276,30.3284,重庆市,公安局,,28,28,34,15,22,67,NA,110,102,20,9,8,9,0.3,0.5
2026-09-04T2100,4138A,108.0575,30.3254,重庆市,忠县中学,,20,18,45,9,32,64,NA,109,91,11,18,5,6,0.5,0.6
2026-09-04T2100,4139A,109.4542,31.0182,重庆市,竹枝路2号,NA,NA,21,18,17,10,77,NA,94,90,NA,10,5,6,0.2,0.3
2026-09-04T2100,4140A,107.7422,29.871,重庆市,龙河路,,25,NA,23,17,15,75,NA,97,92,5,10,6,7,0.5,0.4
2026-09-04T2100,4141A,108.7636,28.84,重庆市,桃花源中路,,26,26,24,11,10,29,NA,59,52,16,13,7,6,0.6,0.5
2026-09-04T2100,4142A,108.9758,28.4416,重庆市,秀山县高级中学,,32,NA,22,22,15,35,NA,68,58,6,6,7,8,0.4,0.4
2026-09-04T2100,4143A,108.1558,29.2859,重庆市,河堡街,,40,30,21,28,11,47,NA,84,75,9,7,7,6,0.8,0.6
2026-09-04T2100,4144A,104.3257,30.6406,成都市,八角井街185号,细颗粒物(PM2.5),62,62,61,41,41,135,NA,184,168,18,18,7,8,0.8,0.8
2026-09-04T2100,4145A,104.4144,31.1495,德阳市,市林业局,细颗粒物(PM2.5),88,61,63,54,44,76,NA,177,163,60,34,13,13,0.9,0.8
2026-09-04T2100,4146A,104.7092,31.4972,绵阳市,科技城新区公安局,细颗粒物(PM2.5),74,60,62,47,38,142,NA,180,175,24,25,11,9,0.8,0.8
2026-09-04T2100,4147A,105.0433,29.6105,内江市,玉峰路西段888号,细颗粒物(PM2.5),74,53,54,47,50,102,NA,162,141,25,20,10,13,0.6,0.6
2026-09-04T2100,4148A,103.8836,30.0695,眉山市,眉职院,细颗粒物(PM2.5),86,86,80,53,48,120,NA,182,170,22,25,10,12,1.1,1
2026-09-04T2100,4149A,104.6146,28.7422,宜宾市,宜宾市职业技术学校,细颗粒物(PM2.5),96,68,49,58,37,130,NA,182,178,19,15,7,11,1.0,0.8
2026-09-04T2100,4150A,104.6646,30.1116,资阳市,正兴街66号,细颗粒物(PM2.5),68,71,65,44,51,92,NA,155,144,30,13,6,6,0.7,0.6
2026-09-04T2100,4151A,104.8899,26.5685,六盘水市,钟山大道中段564号,,23,22,31,16,19,55,NA,85,72,9,10,3,4,0.5,0.7
2026-09-04T2100,4152A,107.0425,27.7087,遵义市,乌江大道东段1号,,40,28,14,28,12,52,NA,67,65,14,7,7,7,0.7,0.6
2026-09-04T2100,4153A,101.5536,25.0343,楚雄彝族自治州,团结路562号,,39,31,30,26,18,122,NA,130,128,6,13,3,5,0.4,0.5
2026-09-04T2100,4154A,103.401,23.3561,红河哈尼族彝族自治州,蒙自市朝阳路,,25,NA,23,15,23,80,NA,127,108,5,9,8,11,0.2,0.3
2026-09-04T2100,4155A,107.1721,34.3558,宝鸡市,滨河北路,细颗粒物(PM2.5),90,84,43,55,27,97,NA,156,148,20,13,4,5,0.7,0.6
2026-09-04T2100,4156A,108.6372,34.3031,咸阳市,胭脂路9号,,48,48,35,25,22,153,NA,169,166,11,11,5,6,0.6,0.5
2026-09-04T2100,4157A,108.0371,34.3035,咸阳市,杨扶路,细颗粒物(PM2.5),60,53,39,40,26,124,NA,170,166,22,11,4,5,0.5,0.4
2026-09-04T2100,4158A,108.0895,34.2623,咸阳市,新桥路,细颗粒物(PM2.5),70,73,47,45,26,134,NA,180,177,18,13,6,7,0.5,0.4
2026-09-04T2100,4159A,110.4531,35.4578,渭南市,桢州大街,,45,45,43,28,25,104,NA,146,142,15,11,12,17,0.9,0.9
2026-09-04T2100,4160A,110.4368,35.4773,渭南市,太史大街,,49,49,49,26,24,108,NA,152,144,17,14,9,14,0.8,0.9
2026-09-04T2100,4161A,109.485,36.6347,延安市,志丹路,,34,30,40,16,26,108,NA,132,126,13,15,4,4,0.5,0.6
2026-09-04T2100,4162A,101.6769,36.6535,西宁市,海晏路105号,,33,28,24,23,24,98,NA,139,132,16,11,4,3,0.4,0.4
2026-09-04T2100,4163A,102.0984,36.5119,海东市,滨河路,,45,32,20,31,18,85,NA,139,125,44,26,15,10,0.4,0.4
2026-09-04T2100,4164A,87.2057,43.9289,昌吉回族自治州,财政所,,22,20,25,7,9,68,NA,94,92,20,13,7,8,0.0,0.1
2026-09-04T2100,4165A,82.9716,46.7464,塔城地区,文化广场,,30,30,25,10,7,87,NA,93,93,9,8,1,2,0.6,0.5
2026-09-04T2100,4166A,88.1198,47.7931,阿勒泰地区,阿勒泰路33号,,41,41,21,2,2,70,NA,81,80,8,8,3,2,0.3,0.3
2026-09-04T2100,4167A,86.0126,44.2349,石河子市,城南景苑小区,,41,41,18,5,5,78,NA,98,98,14,13,7,7,0.2,0.2
2026-09-04T2100,4168A,87.055284,43.999117,五家渠市,建设西街760号,NA,NA,17,40,15,12,NA,NA,89,89,28,23,4,4,0.3,0.3
2026-09-04T2100,4180A,113.8157285,34.126705,许昌市,新元大道996号,细颗粒物(PM2.5),56,51,56,38,27,102,NA,170,157,24,18,5,6,0.4,0.4
2026-09-04T2100,4181A,112.3571,28.5588,益阳市,龙洲站,,36,31,34,23,23,114,NA,123,123,15,11,8,8,0.7,0.6
2026-09-04T2100,4182A,116.1942,39.9158,北京市,石景山八角,颗粒物(PM10),53,53,34,25,14,70,NA,122,108,36,34,1,2,0.5,0.4
2026-09-04T2100,4183A,121.417401,31.16637,上海市,冠生园路458号,,28,20,25,13,17,87,NA,95,93,9,8,8,8,0.6,0.6
2026-09-04T2100,4184A,115.479691,35.244011,菏泽市,永昌路1号,颗粒物(PM10),52,52,45,17,20,153,NA,175,174,10,12,10,10,0.3,0.4
2026-09-04T2100,4185A,115.078022,30.21118,黄石市,磁湖东路29号,,35,31,29,24,15,73,NA,92,84,12,11,3,4,0.6,0.7
2026-09-04T2100,4186A,117.194237,34.229354,徐州市,解放南路202号,,40,40,40,16,18,118,NA,154,151,24,20,8,8,0.7,0.6
2026-09-04T2100,4187A,112.3425,28.611,益阳市,幸福渠东路223号,颗粒物(PM10),53,54,33,26,24,91,NA,117,115,24,13,8,8,0.8,0.7
2026-09-04T2100,4188A,112.3712,28.5764,益阳市,益鑫泰路85号,,37,37,30,23,25,109,NA,113,113,14,12,11,11,0.8,0.7
2026-09-04T2100,4189A,113.113092,36.199482,长治市,英华南巷50号,,44,23,29,18,15,138,NA,142,140,8,14,15,15,0.8,0.8
2026-09-04T2100,4190A,113.23666,36.33435,长治市,学府街1号,细颗粒物(PM2.5),86,64,39,53,20,140,NA,153,148,8,5,15,15,0.7,0.8
2026-09-04T2100,4191A,118.527362,31.722269,马鞍山市,慈湖高新区,,39,39,25,18,10,55,NA,122,109,33,11,5,6,0.5,0.5
2026-09-04T2100,4192A,115.931587,28.686774,南昌市,南京东路235号,,32,32,25,8,15,101,NA,113,113,5,4,5,4,0.7,0.8
2026-09-04T2100,4193A,115.471542,35.280012,菏泽市,长城路999号,NA,NA,61,46,18,24,NA,NA,150,150,NA,17,NA,6,NA,0.6
2026-09-04T2100,4194A,117.078628,40.151726,北京市,平谷新城,,37,37,25,22,13,51,NA,117,99,14,10,3,3,0.3,0.3
2026-09-04T2100,4196A,117.24369,39.102911,天津市,光华路,细颗粒物(PM2.5),104,113,49,64,25,161,NA,161,161,29,25,14,9,1.2,0.4
2026-09-04T2100,4197A,118.130859,39.636026,唐山市,友谊北路34号,,50,50,70,25,33,86,NA,145,121,23,32,6,12,0.8,1
2026-09-04T2100,4198A,119.509013,39.825305,秦皇岛市,北戴河轮滑馆,,34,34,37,17,19,91,NA,164,149,17,20,5,7,0.4,0.5
2026-09-04T2100,4199A,113.2798248,40.09972476,大同市,魏都大道141号,颗粒物(PM10),51,51,43,15,11,63,NA,106,96,33,24,9,9,0.4,0.4
2026-09-04T2100,4200A,112.7478,37.6954,晋中市,迎宾街26号,NA,NA,44,30,15,16,NA,NA,150,148,13,12,10,11,0.1,0.6
2026-09-04T2100,4201A,122.944647,41.082639,鞍山市,兴盛南路290号,颗粒物(PM10),108,139,61,40,19,23,NA,122,104,82,37,13,14,1.5,1.4
2026-09-04T2100,4202A,113.9856,32.9802,驻马店市,交通路1233号,颗粒物(PM10),63,68,50,23,23,154,NA,177,174,16,15,7,7,0.5,0.5
2026-09-04T2100,4203A,111.3168,30.7203,宜昌市,西陵二路116号,,49,36,30,23,14,154,NA,158,158,8,13,6,6,0.5,0.5
2026-09-04T2100,4204A,111.3526,30.6374,宜昌市,沈家店路6号,,47,47,31,13,17,124,NA,140,138,20,11,9,8,0.4,0.4
2026-09-04T2100,4205A,121.541914,31.268301,上海市,宁武路151号,,24,24,33,14,16,76,NA,88,85,16,14,8,8,0.4,0.4
2026-09-04T2100,4206A,119.028838,33.631911,淮安市,承德北路606号,,30,29,27,17,13,94,NA,115,114,13,10,7,7,0.7,0.7
2026-09-04T2100,4207A,120.12211,33.393982,盐城市,黄海中路88号,,35,31,24,13,8,111,NA,122,119,4,3,9,9,0.5,0.5
2026-09-04T2100,4209A,117.003137,32.644456,淮南市,国庆中路369号,颗粒物(PM10),65,70,35,24,16,88,NA,130,122,28,12,15,13,0.5,0.4
2026-09-04T2100,4210A,118.335445,29.720283,黄山市,滨江东路7-2号,,35,35,26,11,8,88,NA,83,83,4,3,/,/,/,/
2026-09-04T2100,4211A,118.190438,28.444845,上饶市,裕丰大道,,40,40,24,14,14,72,NA,94,92,6,7,9,7,0.5,0.6
2026-09-04T2100,4212A,118.3039243,36.82708161,淄博市,广场路1号,,36,36,36,20,24,100,NA,162,141,30,24,6,7,0.5,1
2026-09-04T2100,4213A,121.364239,37.529648,烟台市,青年南路118号,,29,17,18,11,14,91,NA,113,108,8,13,8,8,0.4,0.4
2026-09-04T2100,4214A,112.460027,34.694929,洛阳市,春都路1号院,颗粒物(PM10),52,52,45,32,25,109,NA,166,156,17,17,9,9,0.2,0.3
2026-09-04T2100,4215A,113.916569,35.331547,新乡市,建设东路46号,颗粒物(PM10),58,61,43,22,18,88,NA,144,131,29,13,8,9,0.6,0.6
2026-09-04T2100,4216A,115.0923632,35.76857718,濮阳市,任丘路479号,颗粒物(PM10),52,52,51,24,24,140,NA,168,165,15,14,6,9,0.4,0.4
2026-09-04T2100,4217A,114.3182,29.8447,咸宁市,双鹤路18号,,35,35,36,16,22,73,NA,125,118,14,8,4,4,0.5,0.4
2026-09-04T2100,4218A,111.446,27.2472,邵阳市,北塔二期4-26地块,,39,37,21,27,14,65,NA,79,78,7,8,5,4,0.7,0.7
2026-09-04T2100,4219A,111.4739,27.2282,邵阳市,邵水西路287号,,36,34,20,25,19,99,NA,94,94,6,6,6,6,0.4,0.4
2026-09-04T2100,4220A,114.214113,22.713717,深圳市,黄阁路,颗粒物(PM10),63,67,26,39,12,83,NA,135,127,48,23,6,6,1.0,1.1
2026-09-04T2100,4221A,108.2177,22.7774,南宁市,乐贤路16号,,20,10,17,3,9,61,NA,72,68,8,9,6,8,0.7,0.6
2026-09-04T2100,4222A,110.1835,25.2444,桂林市,环湖路276号,,32,24,16,22,14,50,NA,54,51,19,13,43,26,0.9,0.6
2026-09-04T2100,4223A,106.4686218,29.48920871,重庆市,双山路147号,颗粒物(PM10),60,64,31,23,15,88,NA,143,138,15,14,5,6,0.4,0.4
2026-09-04T2100,4224A,104.2433276,30.53529463,成都市,鲸龙路1057号,细颗粒物(PM2.5),78,62,55,49,37,86,NA,190,169,50,25,9,10,1.1,1
2026-09-04T2100,4225A,104.714266,29.338571,自贡市,贡兴路74号,细颗粒物(PM2.5),72,59,55,46,46,115,NA,174,166,20,9,9,9,0.6,0.6
2026-09-04T2100,4226A,104.765114,31.453094,绵阳市,绵阳市气象局,"颗粒物(PM10),细颗粒物(PM2.5)",62,66,57,41,37,141,NA,160,159,25,21,9,8,0.6,0.6
2026-09-04T2100,4227A,106.108336,30.788436,南充市,梨树横街98号,颗粒物(PM10),55,56,56,32,39,36,NA,130,117,67,25,9,10,0.4,0.5
2026-09-04T2100,4229A,102.2342,27.8859,凉山彝族自治州,凯乐南路30号,,48,48,35,32,28,89,NA,130,130,16,14,4,5,0.6,0.6
2026-09-04T2100,4230A,106.688212,26.56952,贵阳市,花果园大街66号,,18,18,18,4,10,50,NA,62,58,12,9,2,2,/,/
2026-09-04T2100,4231A,106.687268,26.516892,贵阳市,漓江路57号,,22,NA,13,15,9,50,NA,69,61,12,8,3,3,0.5,0.5
2026-09-04T2100,4233A,108.596239,34.118792,西安市,西苑北路977号,细颗粒物(PM2.5),74,62,50,47,23,110,NA,179,173,38,18,6,7,0.7,0.5
2026-09-04T2100,4234A,108.949652,34.870529,铜川市,大唐三路,,46,40,39,32,21,143,NA,153,152,10,10,7,6,0.7,0.6
2026-09-04T2100,4235A,109.5051,34.4921,渭南市,渭花路4号,NA,NA,75,44,43,23,NA,NA,164,161,18,14,4,5,0.5,0.3
2026-09-04T2100,4236A,103.629272,36.093822,兰州市,庄浪东路808号,颗粒物(PM10),55,57,44,25,19,72,NA,154,141,66,21,11,12,0.5,0.3
2026-09-04T2100,4237A,103.7251,36.104344,兰州市,安宁西路88号,颗粒物(PM10),58,61,39,28,18,119,NA,163,161,24,7,11,10,0.4,0.4
2026-09-04T2100,4238A,103.846982,36.067567,兰州市,北滨河东路1号,颗粒物(PM10),57,59,39,27,19,94,NA,148,144,44,22,5,5,0.7,0.5
2026-09-04T2100,4239A,102.193042,38.531887,金昌市,长春路96号,颗粒物(PM10),63,68,64,26,24,131,NA,151,149,9,5,7,5,0.2,0.2
2026-09-04T2100,4240A,98.495752,39.733935,酒泉市,玉门东路5号,颗粒物(PM10),60,63,43,36,22,102,NA,128,127,16,11,8,7,0.6,0.3
2026-09-04T2100,4241A,98.5099,39.7506,酒泉市,北大街108号,颗粒物(PM10),62,66,50,30,22,91,NA,130,126,22,12,8,7,0.4,0.3
2026-09-04T2100,4242A,106.226373,38.491976,银川市,广场西路,颗粒物(PM10),58,61,44,21,18,109,NA,140,138,42,16,6,9,0.5,0.4
2026-09-04T2100,4243A,92.0515,31.4787,那曲市,那曲市委宣传部,,23,13,9,5,6,73,NA,87,80,12,8,7,7,0.3,0.3
2026-09-04T2100,4244A,111.4879,36.053,临汾市,启星学校,颗粒物(PM10),68,74,41,38,20,95,NA,155,144,30,14,7,8,0.6,0.6
2026-09-04T2100,4245A,106.8609,27.5969,遵义市,遵南大道1161号,,40,40,24,27,17,60,NA,79,75,11,7,4,4,0.6,0.6
2026-09-04T2100,4246A,105.833962,30.18863087,重庆市,桃园路24号,细颗粒物(PM2.5),72,53,38,46,32,85,NA,120,113,19,12,4,3,0.6,0.5
2026-09-04T2100,4247A,107.091033,29.153966,重庆市,钟楼街32号,NA,NA,NA,24,NA,16,NA,NA,76,67,11,8,4,4,0.6,0.6
2026-09-04T2100,4248A,107.8042979,30.67350233,重庆市,人民南路309号,颗粒物(PM10),51,51,54,17,28,92,NA,112,108,8,11,8,8,0.5,0.5
2026-09-04T2100,4249A,118.8707617,31.34017673,南京市,汶溪路181号,,30,18,22,6,3,95,NA,127,124,14,6,2,2,0.6,0.6
2026-09-04T2100,4250A,114.089259,33.588274,漯河市,韶山路11号,细颗粒物(PM2.5),72,77,64,46,36,124,NA,172,162,31,28,10,12,0.6,0.6
2026-09-04T2100,4251A,112.1433,32.0581,襄阳市,铁院东路4号,臭氧1小时(O3_1h),77,58,52,29,22,181,NA,187,187,14,12,10,10,0.6,0.6
2026-09-04T2100,4252A,113.0138,25.8011,郴州市,好美居路49号,,14,4,9,2,3,44,NA,43,43,5,11,9,8,/,/
2026-09-04T2100,4253A,116.010205,29.659402,九江市,莲花大道8号,,35,29,25,8,10,110,NA,104,104,7,5,6,6,0.4,0.4
2026-09-04T2100,4254A,120.2925,31.5685,无锡市,健康路105号,,43,43,29,16,12,79,NA,108,96,16,13,5,5,0.5,0.5
2026-09-04T2100,4255A,110.16795,22.640993,玉林市,人民东路196号,,18,15,14,12,10,53,NA,66,64,8,6,2,2,0.6,0.5
2026-09-04T2100,4256A,107.375,22.3736,崇左市,石景林东路7号,,19,16,14,10,8,60,NA,76,74,8,7,7,7,0.5,0.4
2026-09-04T2100,4257A,104.6092,35.5962,定西市,将台街,颗粒物(PM10),67,73,46,24,13,110,NA,132,130,11,8,5,6,0.4,0.3
2026-09-04T2100,4258A,111.2416,23.4155,梧州市,政贤路18号,,46,46,13,18,4,31,NA,67,51,18,7,9,7,0.8,0.7
2026-09-04T2100,4259A,113.835877,34.0155267,许昌市,望田路111号,,46,42,46,24,26,146,NA,178,174,9,13,7,8,0.3,0.6
2026-09-04T2100,4260A,109.5933,23.095,贵港市,中山路155-3号,,19,10,13,6,7,59,NA,72,69,7,7,/,/,0.7,0.6
2026-09-04T2100,4261A,103.7247,27.3415,昭通市,环东路146号,,46,46,39,24,24,124,NA,141,135,9,14,4,8,0.4,0.5
2026-09-04T2100,4263A,105.3688,27.3598,毕节市,工业大道,NA,NA,21,28,13,19,NA,NA,73,70,9,13,9,11,/,/
2026-09-04T2100,4264A,113.234,35.219,焦作市,新安路1731号,,42,42,33,19,16,127,NA,163,153,20,10,6,4,0.1,0.2
2026-09-04T2100,4265A,113.108806,29.353066,岳阳市,求索西路365号,,42,42,40,27,22,92,NA,118,114,17,12,6,5,0.6,0.6
2026-09-04T2100,4266A,117.7325,34.5683,枣庄市,文化路178号,颗粒物(PM10),75,85,56,32,21,123,NA,165,159,19,19,11,13,1.1,0.5
2026-09-04T2100,4268A,112.1722,30.3366,荆州市,学苑路85号,NA,NA,49,38,30,29,NA,NA,159,158,9,11,4,6,0.6,0.6
2026-09-04T2100,4269A,114.6701,33.6167,周口市,七一路,,46,46,50,30,25,146,NA,180,175,20,14,13,10,0.9,0.8
2026-09-04T2100,4270A,102.6447,37.9293,武威市,钟楼街149号,NA,NA,NA,70,33,31,NA,NA,139,139,19,9,11,10,NA,0.3
2026-09-04T2100,4271A,103.2464,35.6123,临夏回族自治州,滨河东路1号,颗粒物(PM10),53,53,44,27,19,60,NA,136,125,31,12,8,8,0.4,0.4
2026-09-04T2100,4273A,81.2737,43.9337,伊犁哈萨克自治州,安徽路800号,,34,34,41,10,18,94,NA,96,96,9,22,6,6,0.4,0.6
2026-09-04T2100,4274A,117.7994,40.9605,承德市,滨河大街98号,,27,27,42,14,14,31,NA,88,77,15,16,8,47,0.3,0.9
2026-09-04T2100,4275A,111.591512,40.827312,呼和浩特市,成吉思汗西街8号,,46,46,39,21,16,69,NA,139,126,48,33,8,8,0.5,0.4
2026-09-04T2100,4276A,111.6597,40.8077,呼和浩特市,公园东路75号,颗粒物(PM10),55,56,35,32,15,125,NA,131,131,18,13,12,10,0.5,0.4
2026-09-04T2100,4277A,111.5427,40.7846,呼和浩特市,金海路35号,颗粒物(PM10),80,91,45,22,17,86,NA,128,122,37,24,8,8,0.5,0.4
2026-09-04T2100,4278A,106.8212,39.6741,乌海市,海拉北路,颗粒物(PM10),57,59,51,31,22,116,NA,138,138,14,20,13,21,0.5,0.7
2026-09-04T2100,4279A,119.7569,49.2222,呼伦贝尔市,伊敏大街东7号,,34,34,30,16,15,42,NA,81,72,22,14,6,6,0.4,0.4
2026-09-04T2100,4280A,122.0921,46.065,兴安盟,洮儿河南路,,31,31,30,19,14,52,NA,82,74,14,10,8,8,0.4,0.3
2026-09-04T2100,4281A,125.334645,43.916281,长春市,北亚泰大街1068号,,43,43,62,22,41,29,NA,84,69,38,31,6,8,0.3,0.4
2026-09-04T2100,4282A,126.6769,45.7379,哈尔滨市,华山路1号,,27,27,30,16,14,52,NA,80,74,25,22,6,7,0.2,0.2
2026-09-04T2100,4283A,126.9717,45.5356,哈尔滨市,解放大街52号,颗粒物(PM10),78,88,44,29,9,7,NA,77,59,57,20,5,11,0.6,0.5
2026-09-04T2100,4284A,128.8325,47.8447,伊春市,永安路4-1号,,21,21,10,8,6,6,NA,52,38,8,3,2,2,0.3,0.2
2026-09-04T2100,4285A,130.363,46.806,佳木斯市,顺和街,,46,46,22,20,12,21,NA,61,43,29,16,3,2,0.4,0.3
2026-09-04T2100,4286A,130.3952,46.8268,佳木斯市,长安路196号,,33,33,13,20,6,18,NA,62,49,28,8,3,3,0.5,0.3
2026-09-04T2100,4287A,129.5992,44.5964,牡丹江市,东晓云街98号,NA,NA,48,31,16,10,NA,NA,68,53,NA,7,10,8,0.5,0.3
2026-09-04T2100,4288A,117.2438,34.2844,徐州市,龙潭环路5号,,39,39,42,14,20,123,NA,152,146,15,16,9,10,0.6,0.6
2026-09-04T2100,4289A,117.154766,29.256967,景德镇市,青少年活动中心,,25,21,18,10,8,79,NA,70,70,3,3,5,5,/,/
2026-09-04T2100,4290A,120.196923,35.954556,青岛市,珠江路669号,,33,27,34,6,14,104,NA,126,113,14,29,5,6,0.5,0.5
2026-09-04T2100,4291A,120.0424,35.8656,青岛市,黄岛区人民政府广场,,39,17,23,6,11,122,NA,131,120,8,14,5,5,0.3,0.3
2026-09-04T2100,4292A,116.352738,37.420875,德州市,新河东路,,48,48,43,15,19,131,NA,166,160,26,17,10,11,0.5,0.6
2026-09-04T2100,4293A,113.605125,34.755221,郑州市,计划路2号,,48,33,48,26,25,152,NA,166,163,12,15,10,7,0.3,0.3
2026-09-04T2100,4294A,113.6525645,34.77362682,郑州市,同乐路9号,细颗粒物(PM2.5),52,37,42,36,27,147,NA,164,160,17,19,6,7,0.4,0.4
2026-09-04T2100,4295A,113.2722,35.2121,焦作市,人民路3066号,颗粒物(PM10),52,52,45,21,18,130,NA,164,156,10,8,5,5,0.2,0.4
2026-09-04T2100,4296A,114.6421,33.6417,周口市,健康路46号,颗粒物(PM10),52,52,50,31,25,131,NA,172,165,22,18,6,5,0.4,0.4
2026-09-04T2100,4297A,114.649,33.596,周口市,太昊路,,49,42,52,27,22,154,NA,183,180,18,14,9,8,0.7,0.7
2026-09-04T2100,4298A,114.284,29.8595,咸宁市,碧桂路,,45,45,35,26,20,61,NA,123,112,26,13,2,4,0.5,0.5
2026-09-04T2100,4299A,111.6195,26.2253,永州市,徐家井路86号,,29,NA,12,20,12,86,NA,75,75,8,11,6,6,0.8,0.8
2026-09-04T2100,4300A,114.4089,23.1147,惠州市,文华一路1号,,43,43,21,24,11,113,NA,132,132,21,10,/,/,/,/
2026-09-04T2100,4301A,110.2803,25.2773,桂林市,信义路13号,,20,11,16,4,10,61,NA,64,62,13,9,5,22,0.7,0.6
2026-09-04T2100,4302A,108.0901,24.6945,河池市,上任中路54号,,11,11,12,4,4,23,NA,62,41,18,8,5,5,0.9,0.7
2026-09-04T2100,4303A,105.5911,30.5368,遂宁市,环岛商务中心9号楼,,31,31,51,18,34,59,NA,125,110,42,20,11,10,0.6,0.6
2026-09-04T2100,4304A,106.1172,30.843,南充市,清泉寺北路188号,颗粒物(PM10),61,65,54,38,37,82,NA,141,129,29,17,11,10,0.5,0.5
2026-09-04T2100,4305A,106.067,30.7616,南充市,同庆路1号,细颗粒物(PM2.5),60,NA,49,40,36,60,NA,127,117,37,19,9,8,0.6,0.5
2026-09-04T2100,4306A,103.0544,30.0133,雅安市,滨江西路,细颗粒物(PM2.5),60,57,45,40,32,90,NA,154,141,13,9,5,5,0.4,0.4
2026-09-04T2100,4307A,108.9817,34.2035,西安市,曲江池东路988号,NA,NA,NA,41,24,21,143,NA,166,162,15,16,4,6,0.6,0.6
2026-09-04T2100,4308A,107.3898,34.3601,宝鸡市,陈仓区北开路21号,颗粒物(PM10),55,56,43,34,28,124,NA,162,158,21,13,7,7,0.5,0.4
2026-09-04T2100,4309A,104.6159,35.5701,定西市,正龙路62号,颗粒物(PM10),51,51,38,21,14,120,NA,138,136,8,8,5,5,0.3,0.3
2026-09-04T2100,4310A,103.207136,35.599807,临夏回族自治州,新华街21号,颗粒物(PM10),55,57,43,27,22,76,NA,121,114,20,7,10,11,0.4,0.3
2026-09-04T2100,4311A,122.0383,46.0691,兴安盟,科尔沁北路63号,,27,27,27,14,11,72,NA,84,82,5,10,5,4,0.3,0.4
2026-09-04T2100,4312A,119.019,31.6512,南京市,中山西路1号,,29,22,20,6,3,91,NA,126,120,8,6,4,4,0.4,0.4
2026-09-04T2100,4314A,114.0494,38.059,石家庄市,矿区区委大楼,,30,27,32,11,8,93,NA,137,128,10,9,8,8,0.5,0.4
2026-09-04T2100,4325A,105.3665,28.77434,泸州市,纳溪区委政协,,49,46,46,34,48,64,NA,138,126,28,19,4,5,0.8,0.8
2026-09-04T2100,4326A,113.0794,22.5999,江门市,五邑大学,,40,40,20,24,11,57,NA,88,84,25,14,11,6,0.6,0.5
