timepoint,stationcode,longitude,latitude,area,positionname,primarypollutant,aqi,pm10,pm10_24h,pm2_5,pm2_5_24h,o3,o3_24h,o3_8h,o3_8h_24h,no2,no2_24h,so2,so2_24h,co,co_24h
2026-08-16T0100,1001A,116.3611,39.8786,北京市,万寿西宫,,29,9,22,5,13,91,NA,NA,NA,13,13,1,2,0.4,0.5
2026-08-16T0100,1003A,116.4174,39.9289,北京市,东四,,31,11,21,7,14,99,NA,NA,NA,18,16,2,3,0.3,0.4
2026-08-16T0100,1004A,116.4073,39.8858,北京市,天坛,,22,13,26,5,12,70,NA,NA,NA,12,9,2,2,0.5,0.6
2026-08-16T0100,1005A,116.4622,39.9364,北京市,农展馆,,27,10,24,6,14,86,NA,NA,NA,16,15,2,2,0.4,0.5
2026-08-16T0100,1006A,116.3399,39.9293,北京市,官园,,30,10,21,9,13,93,NA,NA,NA,15,10,4,4,0.3,0.4
2026-08-16T0100,1007A,116.2879,39.9613,北京市,海淀万柳,,24,12,21,6,12,74,NA,NA,NA,14,15,3,3,0.4,0.4
2026-08-16T0100,1008A,116.6635,40.1349,北京市,顺义新城,,30,5,14,5,16,96,NA,NA,NA,10,10,2,2,0.3,0.4
2026-08-16T0100,1009A,116.6275,40.327,北京市,怀柔镇,,20,20,17,13,12,58,NA,NA,NA,4,7,3,2,0.4,0.4
2026-08-16T0100,1010A,116.2295,40.217,北京市,昌平镇,,16,12,18,7,13,50,NA,NA,NA,18,11,3,3,0.5,0.5
2026-08-16T0100,1011A,116.3968,39.982,北京市,奥体中心,,24,10,22,5,15,75,NA,NA,NA,30,18,2,3,0.3,0.4
2026-08-16T0100,1015A,117.1446,39.1659,天津市,勤俭道,颗粒物(PM10),52,52,37,27,18,133,NA,NA,NA,10,22,7,8,1.1,1.1
2026-08-16T0100,1018A,117.2016,39.0928,天津市,前进道,,50,50,35,28,17,124,NA,NA,NA,14,19,8,10,0.6,0.6
2026-08-16T0100,1019A,117.1837,39.2134,天津市,淮河道,颗粒物(PM10),57,59,44,24,21,107,NA,NA,NA,22,22,9,9,0.5,0.5
2026-08-16T0100,1021A,117.308261,39.088386,天津市,跃进路,颗粒物(PM10),70,78,47,37,20,99,NA,NA,NA,20,28,6,8,1.0,1
2026-08-16T0100,1023A,117.707,39.0344,天津市,第四大街,,46,46,44,20,16,94,NA,NA,NA,27,34,5,7,0.8,0.8
2026-08-16T0100,1024A,117.4573,38.8395,天津市,永明路,,35,33,31,18,14,111,NA,NA,NA,9,15,3,5,0.8,0.9
2026-08-16T0100,1026A,117.7641,39.1588,天津市,汉北路,颗粒物(PM10),51,51,33,22,15,68,NA,NA,NA,35,26,9,10,0.8,0.8
2026-08-16T0100,1030A,114.5919,38.0328,石家庄市,高新区,,42,42,30,24,20,65,NA,NA,NA,14,9,3,3,0.3,0.3
2026-08-16T0100,1032A,114.4556,38.0136,石家庄市,西南高教,,43,43,27,26,18,80,NA,NA,NA,13,9,2,2,0.5,0.4
2026-08-16T0100,1033A,114.533,38.0177,石家庄市,世纪公园,,38,38,31,26,17,60,NA,NA,NA,13,6,3,3,0.4,0.5
2026-08-16T0100,1034A,114.5105,38.0489,石家庄市,人民会堂,,43,36,31,30,17,77,NA,NA,NA,14,8,1,3,0.3,0.3
2026-08-16T0100,1040A,118.1707,39.6505,唐山市,十二中,颗粒物(PM10),55,56,52,32,25,97,NA,NA,NA,13,15,9,5,0.6,0.6
2026-08-16T0100,1041A,118.1868,39.6219,唐山市,小山,,46,44,33,32,29,92,NA,NA,NA,13,11,16,9,0.5,0.6
2026-08-16T0100,1046A,119.5247,39.9346,秦皇岛市,建设大厦,,40,35,34,21,10,19,NA,NA,NA,79,21,7,7,0.5,0.4
2026-08-16T0100,1049A,114.492,36.5712,邯郸市,矿院,,46,34,30,32,24,65,NA,NA,NA,22,14,2,3,0.4,0.4
2026-08-16T0100,1050A,114.4839,36.6136,邯郸市,丛台公园,,40,31,27,28,18,95,NA,NA,NA,6,8,8,8,0.4,0.4
2026-08-16T0100,1051A,115.4803,38.8568,保定市,游泳馆,,32,32,26,21,17,72,NA,NA,NA,12,8,7,6,0.2,0.2
2026-08-16T0100,1052A,115.509,38.8895,保定市,华电二区,颗粒物(PM10),51,51,34,21,15,61,NA,NA,NA,11,7,2,2,0.6,0.5
2026-08-16T0100,1053A,115.4588,38.9037,保定市,接待中心,,39,36,29,27,17,66,NA,NA,NA,11,8,3,4,0.3,0.3
2026-08-16T0100,1054A,115.4484,38.8344,保定市,地表水厂,,32,32,29,16,16,61,NA,NA,NA,13,9,3,3,0.3,0.3
2026-08-16T0100,1057A,114.8884,40.8336,张家口市,人民公园,,26,23,23,18,13,54,NA,NA,NA,13,10,1,2,0.3,0.3
2026-08-16T0100,1059A,114.868581,40.804273,张家口市,五金库,,29,29,25,16,10,67,NA,NA,NA,10,12,/,/,/,/
2026-08-16T0100,1060A,114.8901,40.762,张家口市,世纪豪园,,38,NA,23,26,17,67,NA,NA,NA,10,10,6,6,0.6,0.6
2026-08-16T0100,1062A,117.9531,40.908,承德市,铁路,,21,21,19,14,9,14,NA,NA,NA,10,13,6,7,0.3,0.4
2026-08-16T0100,1063A,117.9397,40.9763,承德市,中国银行,,30,30,23,14,8,16,NA,NA,NA,16,10,5,8,0.6,0.5
2026-08-16T0100,1067A,116.6712,39.5109,廊坊市,药材公司,,40,40,38,27,23,76,NA,NA,NA,14,12,2,4,0.5,0.5
2026-08-16T0100,1068A,116.7215,39.5592,廊坊市,开发区,,48,48,40,31,25,63,NA,NA,NA,16,12,3,2,0.7,0.5
2026-08-16T0100,1070A,116.7246,39.5273,廊坊市,北华航天学院,细颗粒物(PM2.5),60,40,35,40,24,86,NA,NA,NA,17,16,3,2,0.6,0.5
2026-08-16T0100,1071A,116.8733,38.2922,沧州市,沧县城建局,,31,31,29,19,20,98,NA,NA,NA,17,12,6,6,0.6,0.5
2026-08-16T0100,1072A,116.8462,38.3189,沧州市,电视转播站,,39,39,37,19,17,102,NA,NA,NA,17,16,1,2,0.2,0.2
2026-08-16T0100,1073A,116.8588,38.3161,沧州市,市环保局,,31,31,27,19,19,98,NA,NA,NA,20,13,7,6,0.8,0.6
2026-08-16T0100,1074A,115.6839,37.754,衡水市,电机北厂,,43,43,42,26,19,79,NA,NA,NA,19,11,3,3,0.4,0.6
2026-08-16T0100,1075A,115.6303,37.7318,衡水市,市监测站,,46,46,41,20,12,80,NA,NA,NA,16,8,4,5,0.6,0.7
2026-08-16T0100,1077A,114.4687,37.0883,邢台市,达活泉,,47,47,34,26,20,66,NA,NA,NA,7,5,1,1,0.5,0.5
2026-08-16T0100,1078A,114.4954,37.0309,邢台市,邢师高专,颗粒物(PM10),51,51,37,32,18,30,NA,NA,NA,19,9,1,1,0.5,0.5
2026-08-16T0100,1079A,114.5281,37.0857,邢台市,路桥公司,NA,NA,NA,28,NA,15,NA,NA,40,NA,NA,10,NA,2,NA,0.4
2026-08-16T0100,1080A,114.4721,37.0713,邢台市,市环保局,,50,50,33,25,20,63,NA,NA,NA,13,7,1,2,0.3,0.3
2026-08-16T0100,1081A,112.5138,37.8916,太原市,尖草坪,,35,12,27,6,20,110,NA,NA,NA,7,12,6,8,0.3,0.4
2026-08-16T0100,1084A,112.4691,37.7125,太原市,晋源,,33,32,30,5,21,104,NA,NA,NA,8,12,5,6,0.6,0.6
2026-08-16T0100,1085A,112.5595,37.7391,太原市,小店,,37,14,35,13,21,118,NA,NA,NA,10,19,4,7,0.4,0.5
2026-08-16T0100,1087A,112.5705,37.8199,太原市,坞城,,32,16,26,12,22,100,NA,NA,NA,15,15,11,12,0.9,0.8
2026-08-16T0100,1088A,112.5495,37.9853,太原市,南寨,,20,12,32,11,22,61,NA,NA,NA,7,15,11,14,0.7,1
2026-08-16T0100,1090A,111.6506,40.7517,呼和浩特市,呼市一监,,29,17,21,16,11,90,NA,NA,NA,9,12,10,10,0.4,0.3
2026-08-16T0100,1094A,111.7516,40.8369,呼和浩特市,如意水处理厂,,29,24,22,20,18,74,NA,NA,NA,24,17,6,6,0.5,0.5
2026-08-16T0100,1095A,111.727798,40.806187,呼和浩特市,二十九中,,28,19,23,15,15,87,NA,NA,NA,15,12,11,12,0.8,0.7
2026-08-16T0100,1097A,111.717,40.7617,呼和浩特市,化肥厂生活区,,32,24,24,18,16,101,NA,NA,NA,10,14,7,8,0.5,0.5
2026-08-16T0100,1099A,123.5058,41.7084,沈阳市,浑南东路,,18,18,27,4,16,51,NA,NA,NA,18,20,2,4,0.7,1.1
2026-08-16T0100,1100A,123.4238,41.6992,沈阳市,新秀街,NA,NA,NA,NA,NA,NA,NA,NA,NA,NA,NA,NA,NA,NA,NA,NA
2026-08-16T0100,1102A,123.5903,41.8412,沈阳市,东陵路,,16,15,26,11,11,27,NA,NA,NA,18,16,5,7,0.8,0.8
2026-08-16T0100,1103A,123.4267,41.8466,沈阳市,陵东街,,22,22,22,8,15,37,NA,NA,NA,8,12,4,5,0.7,0.7
2026-08-16T0100,1104A,123.4116,41.7654,沈阳市,文化路,,21,21,27,7,16,47,NA,NA,NA,17,20,6,7,0.6,0.7
2026-08-16T0100,1105A,123.4673,41.787,沈阳市,小河沿,,23,23,24,4,14,30,NA,NA,NA,6,13,4,5,0.6,0.7
2026-08-16T0100,1106A,123.4019,41.7978,沈阳市,太原街,,22,22,33,10,14,53,NA,NA,NA,11,18,4,5,0.8,0.8
2026-08-16T0100,1108A,123.3778,41.9233,沈阳市,京沈街,,16,16,30,10,16,42,NA,NA,NA,22,18,2,4,0.7,0.6
2026-08-16T0100,1109A,121.6119,38.974,大连市,甘井子,,35,31,28,24,19,30,NA,NA,NA,35,18,5,5,0.9,0.9
2026-08-16T0100,1110A,121.565,38.9509,大连市,周水子,,32,24,26,22,20,8,NA,NA,NA,45,28,8,8,0.9,0.7
2026-08-16T0100,1111A,121.5637,38.8849,大连市,星海三站,,20,20,24,14,17,53,NA,NA,NA,10,11,5,6,0.4,0.6
2026-08-16T0100,1112A,121.6301,38.9117,大连市,青泥洼桥,,20,20,22,13,16,35,NA,NA,NA,12,16,7,8,0.6,0.8
2026-08-16T0100,1113A,121.6248,38.8643,大连市,傅家庄,,25,9,14,4,11,78,NA,NA,NA,2,6,5,5,0.7,0.8
2026-08-16T0100,1114A,121.5117,38.8636,大连市,七贤岭,,19,19,21,12,14,54,NA,NA,NA,13,13,6,6,0.6,0.7
2026-08-16T0100,1116A,121.7507,39.1339,大连市,金州,,22,18,25,15,19,53,NA,NA,NA,11,12,7,5,0.5,0.6
2026-08-16T0100,1117A,121.7811,39.0495,大连市,开发区,,28,27,31,19,18,39,NA,NA,NA,23,19,9,10,0.5,0.7
2026-08-16T0100,1118A,121.9762,39.0631,大连市,双D港,,16,16,17,6,9,34,NA,NA,NA,4,6,6,6,0.6,0.5
2026-08-16T0100,1120A,125.2874,43.9024,长春市,客车厂,,21,NA,26,13,13,66,NA,NA,NA,15,24,3,4,0.4,0.4
2026-08-16T0100,1121A,125.2943,43.8508,长春市,邮电学院,,18,18,20,9,13,32,NA,NA,NA,4,11,6,6,0.4,0.4
2026-08-16T0100,1122A,125.3648,43.8745,长春市,劳动公园,,22,12,28,10,15,70,NA,NA,NA,9,22,3,4,0.2,0.3
2026-08-16T0100,1123A,125.3233,43.8781,长春市,园林处,,22,8,24,8,12,70,NA,NA,NA,8,16,4,6,0.4,0.4
2026-08-16T0100,1124A,125.4604,43.7904,长春市,净月潭,,12,8,13,8,10,34,NA,NA,NA,4,6,6,6,0.2,0.2
2026-08-16T0100,1126A,125.38,43.8422,长春市,经开区环卫处,,25,NA,21,8,11,77,NA,NA,NA,14,19,5,6,0.4,0.4
2026-08-16T0100,1127A,125.234,43.7761,长春市,高新区管委会,,20,NA,20,8,10,62,NA,NA,NA,6,16,5,6,0.3,0.3
2026-08-16T0100,1128A,125.1695,43.83,长春市,岱山公园,,20,NA,28,9,14,61,NA,NA,NA,13,28,2,3,0.5,0.5
2026-08-16T0100,1130A,126.5557,45.8109,哈尔滨市,松北商大,,20,20,17,13,7,26,NA,NA,NA,28,16,6,6,0.6,0.4
2026-08-16T0100,1132A,126.6162,45.719,哈尔滨市,南岗学府路,,37,37,27,12,6,30,NA,NA,NA,24,17,7,6,0.5,0.5
2026-08-16T0100,1133A,126.6894,45.7733,哈尔滨市,太平宏伟公园,,18,18,23,6,5,32,NA,NA,NA,23,18,7,7,0.3,0.3
2026-08-16T0100,1134A,126.6361,45.7672,哈尔滨市,道外承德广场,,42,42,34,6,6,25,NA,NA,NA,31,22,8,8,0.4,0.4
2026-08-16T0100,1136A,126.644,45.7261,哈尔滨市,动力和平路,,23,23,23,13,5,36,NA,NA,NA,21,16,5,5,0.5,0.5
2026-08-16T0100,1137A,126.5933,45.7479,哈尔滨市,道里建国路,,21,21,20,7,6,43,NA,NA,NA,17,16,6,6,0.4,0.4
2026-08-16T0100,1138A,126.6127,45.6119,哈尔滨市,平房东轻厂,,33,33,27,8,6,18,NA,NA,NA,26,19,8,10,0.8,0.7
2026-08-16T0100,1139A,126.5875,45.9827,哈尔滨市,呼兰师专,,15,10,24,4,5,46,NA,NA,NA,14,21,6,8,0.6,0.5
2026-08-16T0100,1140A,126.6299,45.6799,哈尔滨市,省农科院,,34,34,29,15,8,27,NA,NA,NA,25,20,4,4,0.4,0.4
2026-08-16T0100,1141A,121.401,31.2382,上海市,普陀,,24,9,17,6,13,75,NA,NA,NA,9,17,5,5,0.2,0.3
2026-08-16T0100,1142A,121.4774,31.2043,上海市,十五厂,,20,13,18,12,14,64,NA,NA,NA,8,12,4,4,0.6,0.6
2026-08-16T0100,1143A,121.4673,31.3011,上海市,虹口,,19,13,17,9,12,60,NA,NA,NA,9,14,4,4,0.4,0.3
2026-08-16T0100,1147A,121.4253,31.226,上海市,静安监测站,,24,12,18,9,12,74,NA,NA,NA,9,15,6,6,0.6,0.7
2026-08-16T0100,1148A,121.7029,31.1905,上海市,浦东川沙,,28,25,23,19,16,63,NA,NA,NA,21,22,9,9,0.6,0.6
2026-08-16T0100,1149A,121.5339,31.229,上海市,浦东新区监测站,,17,12,16,10,12,54,NA,NA,NA,18,18,7,7,0.3,0.4
2026-08-16T0100,1150A,121.5776,31.2038,上海市,浦东张江,,20,16,16,12,12,63,NA,NA,NA,18,17,7,6,0.2,0.3
2026-08-16T0100,1151A,118.8033,32.1085,南京市,迈皋桥,,17,17,14,9,6,14,NA,NA,NA,30,19,1,1,0.7,0.7
2026-08-16T0100,1152A,118.7487,32.057,南京市,草场门,,22,22,18,8,7,24,NA,NA,NA,35,18,6,6,0.5,0.4
2026-08-16T0100,1154A,118.770105,32.004342,南京市,中华门,,24,24,14,14,7,11,NA,NA,NA,34,19,6,6,0.3,0.2
2026-08-16T0100,1155A,118.8059,32.0329,南京市,瑞金路,,22,22,13,14,8,13,NA,NA,NA,32,19,4,4,0.4,0.5
2026-08-16T0100,1156A,118.7946,32.0774,南京市,玄武湖,,34,34,21,10,6,0,NA,NA,NA,43,18,4,4,0.4,0.4
2026-08-16T0100,1157A,118.6415,32.0964,南京市,浦口,,25,25,20,16,7,24,NA,NA,NA,11,11,4,4,0.6,0.5
2026-08-16T0100,1158A,118.730129,32.000956,南京市,奥体中心,,39,39,22,18,7,2,NA,NA,NA,46,18,7,6,0.9,0.7
2026-08-16T0100,1159A,118.9072,32.1047,南京市,仙林大学城,,22,22,18,7,5,2,NA,NA,NA,34,17,2,3,0.3,0.2
2026-08-16T0100,1163A,120.5974,31.3247,苏州市,轧钢厂,,28,28,14,15,8,11,NA,NA,NA,34,24,3,2,0.7,0.7
2026-08-16T0100,1164A,120.6329,31.2741,苏州市,吴中区,,17,17,15,10,9,17,NA,NA,NA,14,14,4,4,0.4,0.4
2026-08-16T0100,1165A,120.5566,31.3049,苏州市,苏州新区,,26,24,45,18,12,25,NA,NA,NA,17,14,7,6,0.5,0.5
2026-08-16T0100,1166A,120.668709,31.312523,苏州市,苏州工业园区,,13,13,13,7,8,27,NA,NA,NA,15,16,8,8,0.7,0.7
2026-08-16T0100,1167A,120.6408,31.3707,苏州市,相城区,,20,20,12,11,6,27,NA,NA,NA,14,14,2,2,0.7,0.7
2026-08-16T0100,1168A,120.9056,31.9669,南通市,狼山街道,NA,NA,NA,6,9,5,NA,NA,NA,NA,8,5,4,3,0.6,0.6
2026-08-16T0100,1170A,120.8635,32.0231,南通市,城中,,14,13,13,9,7,42,NA,NA,NA,8,7,3,2,0.4,0.3
2026-08-16T0100,1171A,120.9376,31.9301,南通市,星湖花园,,13,NA,6,9,6,33,NA,NA,NA,8,5,2,2,0.5,0.5
2026-08-16T0100,1172A,120.8053,32.046,南通市,紫琅学院,,22,NA,6,15,7,42,NA,NA,NA,8,4,2,2,0.5,0.4
2026-08-16T0100,1173A,119.1759,34.5885,连云港市,市环境监测站,,25,NA,18,17,14,66,NA,NA,NA,8,12,6,8,0.4,0.4
2026-08-16T0100,1180A,117.257,34.2161,徐州市,新城区,,29,29,18,13,9,31,NA,NA,NA,27,11,9,8,0.4,0.3
2026-08-16T0100,1182A,117.2933,34.2796,徐州市,农科院,,31,31,19,20,11,38,NA,NA,NA,26,11,7,6,0.8,0.8
2026-08-16T0100,1186A,119.3895,32.377,扬州市,邗江监测站,,19,19,16,13,7,43,NA,NA,NA,14,5,6,7,0.4,0.4
2026-08-16T0100,1188A,120.2693,31.4864,无锡市,雪浪,,34,34,21,17,11,13,NA,NA,NA,26,19,5,4,0.8,0.9
2026-08-16T0100,1189A,120.2761,31.621,无锡市,黄巷,,36,36,22,18,14,2,NA,NA,NA,50,28,5,5,0.8,1
2026-08-16T0100,1191A,120.2422,31.5037,无锡市,漆塘,,45,45,30,13,12,21,NA,NA,NA,22,14,7,6,0.6,0.6
2026-08-16T0100,1192A,120.3489,31.5865,无锡市,东亭,,24,24,14,15,11,6,NA,NA,NA,44,28,6,5,0.8,0.6
2026-08-16T0100,1193A,120.3538,31.5474,无锡市,旺庄,,24,24,16,15,11,22,NA,NA,NA,28,22,11,9,0.8,0.7
2026-08-16T0100,1194A,120.2447,31.5633,无锡市,荣巷,,38,29,18,26,11,17,NA,NA,NA,33,19,6,6,0.5,0.5
2026-08-16T0100,1195A,120.2986,31.6816,无锡市,堰桥,,29,29,20,16,11,25,NA,NA,NA,26,22,5,5,0.6,0.8
2026-08-16T0100,1196A,119.9524,31.7586,常州市,市监测站,,26,NA,18,18,7,35,NA,NA,NA,12,13,11,11,0.4,0.4
2026-08-16T0100,1200A,119.9351,31.703,常州市,武进监测站,,20,20,17,13,12,43,NA,NA,NA,15,17,4,5,0.7,0.7
2026-08-16T0100,1203A,119.6708,32.187,镇江市,新区办事处,,19,18,13,13,8,59,NA,NA,NA,14,12,4,3,0.4,0.4
2026-08-16T0100,1204A,119.497455,32.196732,镇江市,职教中心,,26,26,15,15,8,17,NA,NA,NA,43,21,6,5,0.4,0.3
2026-08-16T0100,1205A,119.43,32.1328,镇江市,丹徒区监测站,,25,25,17,11,4,20,NA,NA,NA,34,16,3,6,0.4,0.4
2026-08-16T0100,1206A,119.9042,32.488,泰州市,公园路,,22,19,8,15,4,39,NA,NA,NA,16,4,7,6,0.3,0.3
2026-08-16T0100,1207A,119.9189,32.4626,泰州市,莲花,,17,12,6,11,3,53,NA,NA,NA,11,5,8,7,0.2,0.1
2026-08-16T0100,1209A,119.8877,32.4636,泰州市,留学生创业园,,22,22,9,15,7,43,NA,NA,NA,7,2,7,7,0.5,0.4
2026-08-16T0100,1210A,119.0566,33.5991,淮安市,钵池山,,29,22,18,20,13,8,NA,NA,NA,35,16,2,2,0.5,0.5
2026-08-16T0100,1211A,119.0083,33.578,淮安市,北京南路,,26,22,19,18,11,18,NA,NA,NA,24,16,4,4,0.7,0.6
2026-08-16T0100,1212A,118.9938,33.6083,淮安市,市监测站,,25,17,11,17,11,3,NA,NA,NA,34,19,7,7,0.7,0.7
2026-08-16T0100,1213A,119.135,33.5038,淮安市,楚州区监测站,,20,17,11,14,8,22,NA,NA,NA,29,14,6,5,0.5,0.5
2026-08-16T0100,1216A,120.1554,33.3941,盐城市,市监测站,,40,40,12,20,6,12,NA,NA,NA,27,7,10,9,0.5,0.5
2026-08-16T0100,1218A,120.214332,33.37951,盐城市,开发区管委会,,20,20,11,14,8,33,NA,NA,NA,9,4,9,9,0.6,0.6
2026-08-16T0100,1220A,118.2924,33.933,宿迁市,宿迁学院,,32,28,22,22,15,39,NA,NA,NA,16,11,10,12,0.6,0.6
2026-08-16T0100,1221A,118.2321,33.9572,宿迁市,宿迁中学,,30,26,21,21,16,40,NA,NA,NA,18,14,7,10,0.8,0.7
2026-08-16T0100,1223A,120.2073,30.2111,杭州市,滨江,,39,35,20,27,14,34,NA,NA,NA,18,19,4,4,0.6,0.7
2026-08-16T0100,1224A,120.0625,30.2737,杭州市,西溪,,25,20,14,17,12,21,NA,NA,NA,11,13,4,5,0.7,0.7
2026-08-16T0100,1226A,120.3417,30.315,杭州市,下沙,,40,NA,15,28,16,33,NA,NA,NA,18,16,4,4,0.8,0.7
2026-08-16T0100,1227A,120.1252,30.2465,杭州市,卧龙桥,,28,28,19,19,11,24,NA,NA,NA,10,12,5,5,0.7,0.7
2026-08-16T0100,1228A,120.1902,30.2691,杭州市,浙江农大,,30,28,17,21,14,23,NA,NA,NA,22,23,6,6,0.7,0.7
2026-08-16T0100,1230A,120.1195,30.3121,杭州市,和睦小学,,26,23,17,18,12,33,NA,NA,NA,10,14,6,7,0.8,0.8
2026-08-16T0100,1231A,120.3076,30.4146,杭州市,临平镇,,33,32,21,23,15,37,NA,NA,NA,8,8,6,6,0.9,0.7
2026-08-16T0100,1232A,120.2753,30.1839,杭州市,城厢镇,,28,NA,14,19,13,36,NA,NA,NA,8,14,5,5,0.6,0.6
2026-08-16T0100,1233A,120.0883,30.1808,杭州市,云栖,,24,24,19,12,9,29,NA,NA,NA,11,13,5,5,0.7,0.7
2026-08-16T0100,1234A,121.8352,29.9111,宁波市,区环保大楼,,35,35,31,20,17,61,NA,NA,NA,19,26,5,6,0.7,0.7
2026-08-16T0100,1235A,121.5595,29.8208,宁波市,万里学院,,32,NA,16,22,15,76,NA,NA,NA,10,13,3,3,0.6,0.6
2026-08-16T0100,1236A,121.713,29.9564,宁波市,龙赛医院,,30,30,28,20,16,57,NA,NA,NA,24,16,6,6,0.4,0.4
2026-08-16T0100,1240A,121.5855,29.8635,宁波市,太古小学,,43,39,23,30,16,65,NA,NA,NA,6,10,4,4,0.7,0.6
2026-08-16T0100,1241A,121.5239,29.8673,宁波市,市环境监测中心,,50,NA,18,35,17,65,NA,NA,NA,13,15,8,8,0.8,0.7
2026-08-16T0100,1242A,120.6342,28.0088,温州市,瓯海,,20,20,19,14,10,30,NA,NA,NA,22,15,6,5,0.6,0.6
2026-08-16T0100,1243A,120.6747,27.9881,温州市,南浦,,18,12,19,12,13,50,NA,NA,NA,15,13,6,5,0.6,0.6
2026-08-16T0100,1244A,120.76,27.9745,温州市,龙湾,,19,19,25,10,12,42,NA,NA,NA,14,14,6,6,0.6,0.6
2026-08-16T0100,1247A,120.6053,29.9927,绍兴市,城东开发委,,36,33,23,25,15,45,NA,NA,NA,10,10,10,10,0.8,0.7
2026-08-16T0100,1250A,120.075,30.867,湖州市,城西水厂,,36,34,22,25,16,9,NA,NA,NA,38,19,6,6,0.6,0.5
2026-08-16T0100,1252A,120.7439,30.778,嘉兴市,清河小学,,20,20,19,14,13,28,NA,NA,NA,17,15,6,6,0.4,0.4
2026-08-16T0100,1253A,120.7261,30.7477,嘉兴市,嘉兴学院,,42,42,14,16,13,31,NA,NA,NA,16,15,2,2,0.4,0.4
2026-08-16T0100,1255A,121.2727,28.6461,台州市,黄岩环保大楼,,17,14,20,9,12,52,NA,NA,NA,5,8,/,/,/,/
2026-08-16T0100,1256A,121.4188,28.6545,台州市,台州环保大楼,,28,25,26,19,18,54,NA,NA,NA,9,11,/,/,0.6,0.7
2026-08-16T0100,1257A,121.3768,28.5772,台州市,路桥田洋王,,22,22,27,12,17,58,NA,NA,NA,8,11,5,5,0.4,0.4
2026-08-16T0100,1258A,122.1223,30.0203,舟山市,定海檀枫,,35,35,36,24,23,69,NA,NA,NA,13,15,7,7,0.9,0.9
2026-08-16T0100,1260A,122.1898,29.9945,舟山市,临城新区,细颗粒物(PM2.5),60,NA,26,40,22,53,NA,NA,NA,17,15,5,5,0.9,0.8
2026-08-16T0100,1262A,119.6478,29.0773,金华市,十五中,,18,13,20,8,11,57,NA,NA,NA,11,10,2,2,0.6,0.6
2026-08-16T0100,1263A,119.6859,29.1032,金华市,监测站,,19,17,19,7,11,59,NA,NA,NA,9,10,1,2,0.6,0.7
2026-08-16T0100,1264A,118.8694,28.94,衢州市,环保大楼,,17,12,24,8,14,52,NA,NA,NA,12,12,/,/,/,/
2026-08-16T0100,1266A,118.8622,28.9809,衢州市,衢州学院,,16,13,20,7,12,49,NA,NA,NA,16,15,6,6,0.5,0.4
2026-08-16T0100,1267A,119.9141,28.4513,丽水市,监测站大楼,,13,7,13,2,6,41,NA,NA,NA,8,9,5,6,0.6,0.6
2026-08-16T0100,1268A,119.93,28.4589,丽水市,莲都小学,,13,NA,14,5,6,40,NA,NA,NA,13,11,/,/,/,/
2026-08-16T0100,1269A,119.8794,28.4232,丽水市,余庄前,,16,16,16,2,5,27,NA,NA,NA,7,9,4,4,0.5,0.5
2026-08-16T0100,1270A,117.1957,31.7845,合肥市,明珠广场,,43,34,22,30,14,18,NA,NA,NA,28,17,8,8,0.6,0.5
2026-08-16T0100,1271A,117.307,31.8765,合肥市,三里街,,32,29,18,22,13,27,NA,NA,NA,24,12,10,10,0.5,0.4
2026-08-16T0100,1272A,117.2587,31.8703,合肥市,琥珀山庄,,30,24,22,21,13,29,NA,NA,NA,19,12,8,8,0.7,0.6
2026-08-16T0100,1275A,117.2593,31.9376,合肥市,庐阳区,,36,27,20,25,13,25,NA,NA,NA,20,10,9,9,0.8,0.7
2026-08-16T0100,1276A,117.345251,31.861615,合肥市,瑶海区,,36,36,18,16,11,38,NA,NA,NA,22,14,3,3,0.5,0.4
2026-08-16T0100,1277A,117.3033,31.7967,合肥市,包河区,,40,NA,20,28,13,5,NA,NA,NA,45,28,8,7,0.5,0.3
2026-08-16T0100,1278A,117.278,31.7392,合肥市,滨湖新区,,34,34,20,22,12,6,NA,NA,NA,39,19,8,8,0.8,0.7
2026-08-16T0100,1279A,117.1324,31.8395,合肥市,高新区,,40,31,22,28,15,38,NA,NA,NA,21,15,7,7,0.6,0.6
2026-08-16T0100,1282A,119.2681,26.0506,福州市,师大,,24,24,24,12,11,30,NA,NA,NA,16,9,4,4,0.3,0.3
2026-08-16T0100,1283A,119.2983,26.1028,福州市,五四北路,,16,12,24,11,13,32,NA,NA,NA,14,15,4,4,0.5,0.4
2026-08-16T0100,1284A,119.2648,26.0769,福州市,杨桥西路,,19,19,23,11,11,32,NA,NA,NA,15,11,3,3,/,/
2026-08-16T0100,1287A,118.1519,24.4768,厦门市,洪文,,15,15,16,9,10,22,NA,NA,NA,25,13,7,5,0.2,0.2
2026-08-16T0100,1288A,118.0671,24.4447,厦门市,鼓浪屿,,14,14,18,8,10,42,NA,NA,NA,9,12,2,2,/,/
2026-08-16T0100,1291A,115.8887,28.7006,南昌市,省林业公司,,19,NA,9,13,10,58,NA,NA,NA,7,5,6,5,0.8,0.7
2026-08-16T0100,1292A,115.813,28.7443,南昌市,林科所,,19,12,7,10,8,58,NA,NA,NA,5,5,6,6,0.9,0.8
2026-08-16T0100,1294A,115.8518,28.687,南昌市,建工学校,,18,11,15,11,10,55,NA,NA,NA,13,8,7,6,0.9,0.9
2026-08-16T0100,1295A,115.8926,28.6425,南昌市,象湖,,22,NA,5,15,10,58,NA,NA,NA,10,7,8,8,0.5,0.5
2026-08-16T0100,1299A,116.9866,36.6118,济南市,科干所,,31,31,32,21,17,61,NA,NA,NA,23,17,5,6,0.4,0.4
2026-08-16T0100,1300A,116.9379,36.6652,济南市,农科所,,39,39,33,19,17,48,NA,NA,NA,42,22,5,6,0.4,0.3
2026-08-16T0100,1301A,117.1265,36.6736,济南市,开发区,,37,37,37,15,17,74,NA,NA,NA,17,17,7,8,0.3,0.4
2026-08-16T0100,1303A,117.0616,36.6865,济南市,省种子仓库,,46,46,44,23,20,63,NA,NA,NA,38,24,6,7,0.6,0.6
2026-08-16T0100,1304A,116.9495185,36.644937,济南市,机床二厂,,46,46,38,24,19,75,NA,NA,NA,24,19,8,8,0.5,0.5
2026-08-16T0100,1305A,117.0496,36.6629,济南市,市监测站,,37,37,38,15,16,88,NA,NA,NA,21,19,6,6,0.5,0.5
2026-08-16T0100,1306A,116.7674,36.5458,济南市,长清党校,,46,34,34,32,19,52,NA,NA,NA,25,14,4,5,0.4,0.4
2026-08-16T0100,1310A,120.404,36.0625,青岛市,市南区东部子站,,29,17,14,9,8,92,NA,NA,NA,15,9,8,8,0.6,0.3
2026-08-16T0100,1311A,120.362344,36.10282,青岛市,四方区子站,,36,14,20,8,12,113,NA,NA,NA,9,16,6,7,0.8,0.6
2026-08-16T0100,1312A,120.294373,36.054183,青岛市,市南区西部子站,,31,31,21,8,15,79,NA,NA,NA,34,21,8,8,0.7,0.6
2026-08-16T0100,1313A,120.4581,36.0858,青岛市,崂山区子站,,21,NA,12,4,8,66,NA,NA,NA,12,13,8,9,0.3,0.3
2026-08-16T0100,1315A,120.3945,36.3083,青岛市,城阳区子站,,19,19,30,8,18,47,NA,NA,NA,14,21,4,5,0.3,0.4
2026-08-16T0100,1316A,113.6843,34.7622,郑州市,烟厂,细颗粒物(PM2.5),58,57,37,39,26,82,NA,NA,NA,16,15,3,3,0.5,0.5
2026-08-16T0100,1318A,113.669,34.8034,郑州市,银行学校,颗粒物(PM10),54,55,36,31,28,94,NA,NA,NA,14,17,5,5,0.4,0.3
2026-08-16T0100,1319A,113.5612,34.8143,郑州市,供水公司,,48,48,39,31,25,82,NA,NA,NA,15,22,6,6,0.7,0.6
2026-08-16T0100,1320A,113.7269,34.7187,郑州市,经开区管委,颗粒物(PM10),58,60,37,29,24,84,NA,NA,NA,21,16,3,2,0.6,0.5
2026-08-16T0100,1321A,113.7332,34.7727,郑州市,四十七中,细颗粒物(PM2.5),52,48,37,36,27,89,NA,NA,NA,14,14,5,4,0.5,0.4
2026-08-16T0100,1323A,113.6361,34.7537,郑州市,河医大,,46,39,40,32,26,80,NA,NA,NA,15,16,5,4,0.5,0.5
2026-08-16T0100,1325A,114.3676,30.5584,武汉市,东湖梨园,,14,14,14,9,7,38,NA,NA,NA,14,10,6,6,0.4,0.3
2026-08-16T0100,1326A,114.2527,30.5578,武汉市,汉阳月湖,,24,24,16,15,9,27,NA,NA,NA,20,12,3,3,0.7,0.5
2026-08-16T0100,1327A,114.2819,30.6189,武汉市,汉口花桥,,26,19,15,18,8,37,NA,NA,NA,14,11,5,6,0.3,0.3
2026-08-16T0100,1328A,114.3024,30.5332,武汉市,武昌紫阳,,32,32,17,15,8,33,NA,NA,NA,16,10,6,6,0.3,0.3
2026-08-16T0100,1329A,114.3646,30.6217,武汉市,青山钢花,,23,23,13,12,7,44,NA,NA,NA,12,10,5,6,0.5,0.5
2026-08-16T0100,1330A,114.156697,30.482592,武汉市,沌口新区,,30,30,18,20,10,10,NA,NA,NA,37,17,7,8,0.4,0.6
2026-08-16T0100,1331A,114.3013,30.5944,武汉市,汉口江滩,,21,21,13,8,7,34,NA,NA,NA,17,12,2,3,0.6,0.5
2026-08-16T0100,1333A,114.1285,30.6339,武汉市,吴家山,,19,17,15,13,8,28,NA,NA,NA,25,14,6,6,0.3,0.2
2026-08-16T0100,1335A,113.082,28.2421,长沙市,经开区环保局,,49,49,34,32,20,53,NA,NA,NA,19,9,5,5,0.6,0.6
2026-08-16T0100,1336A,112.8873,28.2202,长沙市,高开区环保局,,48,47,34,33,22,36,NA,NA,NA,24,6,4,4,0.8,0.7
2026-08-16T0100,1337A,113.0785,28.2012,长沙市,马坡岭,细颗粒物(PM2.5),54,47,35,37,23,41,NA,NA,NA,29,12,7,7,0.3,0.1
2026-08-16T0100,1338A,112.9448,28.1894,长沙市,湖南师范大学,颗粒物(PM10),51,51,34,33,21,48,NA,NA,NA,21,10,6,6,0.5,0.4
2026-08-16T0100,1339A,113.0177,28.1322,长沙市,雨花区环保局,,50,48,35,35,21,40,NA,NA,NA,30,8,6,6,1.1,0.9
2026-08-16T0100,1340A,112.9795,28.2593,长沙市,伍家岭,,49,45,37,34,23,50,NA,NA,NA,20,8,4,4,0.6,0.5
2026-08-16T0100,1341A,113.002,28.1944,长沙市,火车新站,,50,50,35,30,22,59,NA,NA,NA,16,6,4,4,0.5,0.4
2026-08-16T0100,1342A,112.9846,28.1177,长沙市,天心区环保局,细颗粒物(PM2.5),64,44,33,42,25,49,NA,NA,NA,30,11,3,3,0.9,0.7
2026-08-16T0100,1343A,112.8906,28.1307,长沙市,湖南中医药大学,,42,42,36,25,20,43,NA,NA,NA,18,9,6,6,0.9,0.8
2026-08-16T0100,1345A,113.2346,23.1423,广州市,广雅中学,,30,26,20,21,15,46,NA,NA,NA,27,21,4,4,0.8,0.8
2026-08-16T0100,1346A,113.2611,23.105,广州市,市五中,,32,32,21,19,16,63,NA,NA,NA,32,18,4,4,/,/
2026-08-16T0100,1348A,113.3477,23.0916,广州市,广东商学院,,22,22,19,13,13,57,NA,NA,NA,30,19,5,5,0.5,0.5
2026-08-16T0100,1349A,113.4332,23.105,广州市,市八十六中,,21,20,18,13,13,50,NA,NA,NA,41,26,6,5,/,/
2026-08-16T0100,1350A,113.3506,22.9488,广州市,番禺中学,,26,22,23,18,16,47,NA,NA,NA,27,15,7,6,0.4,0.4
2026-08-16T0100,1351A,113.2147,23.3918,广州市,花都师范,细颗粒物(PM2.5),66,50,27,43,21,66,NA,NA,NA,28,18,2,3,0.9,0.6
2026-08-16T0100,1352A,113.2599,23.1329,广州市,市监测站,,28,28,20,18,15,61,NA,NA,NA,20,13,1,1,/,/
2026-08-16T0100,1353A,113.5618,23.3119,广州市,九龙镇镇龙,,25,25,18,16,13,43,NA,NA,NA,41,16,9,8,1.0,0.8
2026-08-16T0100,1354A,113.2764,23.1544,广州市,麓湖,,30,30,19,20,13,33,NA,NA,NA,38,20,4,4,0.8,0.7
2026-08-16T0100,1356A,114.0948,22.5506,深圳市,通心岭子站,,25,25,18,13,10,80,NA,NA,NA,12,12,3,3,1.0,1
2026-08-16T0100,1357A,114.1153,22.5713,深圳市,洪湖,,26,26,18,14,10,44,NA,NA,NA,18,15,1,4,0.7,0.6
2026-08-16T0100,1358A,113.9823,22.5398,深圳市,华侨城,,20,20,19,9,9,44,NA,NA,NA,20,14,/,/,/,/
2026-08-16T0100,1359A,113.9181,22.517,深圳市,南海子站,NA,NA,30,20,16,12,49,NA,NA,NA,28,14,NA,6,1.0,0.9
2026-08-16T0100,1360A,114.2345,22.565,深圳市,盐田,,23,23,18,12,7,5,NA,NA,NA,39,31,6,7,0.6,0.6
2026-08-16T0100,1363A,114.4911,22.5381,深圳市,南澳,,30,30,16,11,4,29,NA,NA,NA,8,9,/,/,/,/
2026-08-16T0100,1364A,114.41,22.6346,深圳市,葵涌,,37,37,13,14,6,14,NA,NA,NA,18,10,6,6,0.8,0.7
2026-08-16T0100,1365A,114.2967,22.5978,深圳市,梅沙,,24,24,14,10,7,20,NA,NA,NA,13,14,/,/,/,/
2026-08-16T0100,1366A,114.0563,22.7353,深圳市,观澜,细颗粒物(PM2.5),68,58,32,44,19,42,NA,NA,NA,25,17,3,3,1.1,0.9
2026-08-16T0100,1367A,113.5811,22.2618,珠海市,吉大,,25,NA,16,17,11,40,NA,NA,NA,20,10,6,6,0.7,0.6
2026-08-16T0100,1368A,113.4893,22.2323,珠海市,前山,,30,26,19,21,13,60,NA,NA,NA,11,10,/,/,/,/
2026-08-16T0100,1369A,113.6284,22.4252,珠海市,唐家,,20,9,14,7,9,61,NA,NA,NA,8,8,/,/,/,/
2026-08-16T0100,1370A,113.2986,22.2284,珠海市,斗门,,33,NA,16,23,14,58,NA,NA,NA,12,8,7,7,0.9,0.8
2026-08-16T0100,1371A,113.1293,23.0065,佛山市,湾梁,,30,27,23,21,19,54,NA,NA,NA,23,17,/,/,/,/
2026-08-16T0100,1372A,113.1082,23.0477,佛山市,华材职中,,26,19,22,18,22,68,NA,NA,NA,11,14,8,8,0.7,0.7
2026-08-16T0100,1373A,113.1439,23.045,佛山市,南海气象局,,35,NA,23,24,22,51,NA,NA,NA,26,17,/,/,/,/
2026-08-16T0100,1374A,113.2879,22.8094,佛山市,顺德苏岗,,35,35,24,22,22,54,NA,NA,NA,20,17,/,/,0.7,0.6
2026-08-16T0100,1376A,112.8384,22.8678,佛山市,高明孔堂,,16,16,39,10,23,50,NA,NA,NA,8,15,/,/,/,/
2026-08-16T0100,1377A,112.8835,23.1584,佛山市,三水监测站,,18,14,20,12,19,54,NA,NA,NA,18,22,5,5,0.6,0.7
2026-08-16T0100,1378A,112.8668,23.185,佛山市,三水云东海,,28,28,26,13,20,49,NA,NA,NA,21,16,/,/,/,/
2026-08-16T0100,1379A,113.377,22.5211,中山市,华柏园,,18,NA,24,8,13,57,NA,NA,NA,7,7,/,/,/,/
2026-08-16T0100,1380A,113.3879,22.5499,中山市,张溪,,21,18,25,5,17,66,NA,NA,NA,9,14,/,/,/,/
2026-08-16T0100,1381A,113.4071,22.5111,中山市,紫马岭,,13,13,19,8,13,36,NA,NA,NA,8,7,8,8,0.5,0.5
2026-08-16T0100,1383A,113.1063,22.6058,江门市,北街,,23,23,27,15,21,38,NA,NA,NA,16,10,/,/,/,/
2026-08-16T0100,1384A,113.073,22.5835,江门市,西区,,30,30,28,18,21,37,NA,NA,NA,37,15,/,/,/,/
2026-08-16T0100,1385A,113.0218,22.531,江门市,圭峰西,,36,32,26,25,19,40,NA,NA,NA,14,9,/,/,/,/
2026-08-16T0100,1390A,113.7943,23.0132,东莞市,东城石井,,25,25,27,17,18,59,NA,NA,NA,20,17,5,6,0.8,0.8
2026-08-16T0100,1391A,113.7384,22.9659,东莞市,南城西平,,30,30,27,20,17,58,NA,NA,NA,25,23,9,9,0.6,0.6
2026-08-16T0100,1392A,114.4181,23.0528,惠州市,河南岸金山湖子站,,28,28,19,18,14,40,NA,NA,NA,22,11,8,8,0.7,0.7
2026-08-16T0100,1393A,114.4055,23.0824,惠州市,下埔横江三路子站,,32,32,22,22,14,68,NA,NA,NA,19,12,4,5,0.7,0.6
2026-08-16T0100,1395A,114.4645,22.7832,惠州市,惠阳区承修路船湖子站,,30,30,19,13,9,34,NA,NA,NA,18,13,2,2,0.7,0.6
2026-08-16T0100,1396A,114.5316,22.7423,惠州市,大亚湾管委会子站,,23,23,16,10,8,41,NA,NA,NA,15,15,6,6,0.6,0.6
2026-08-16T0100,1397A,112.426,23.062,肇庆市,睦岗子站,,30,30,20,16,13,19,NA,NA,NA,26,15,8,6,/,/
2026-08-16T0100,1398A,112.4645,23.0476,肇庆市,城中子站,,25,22,20,17,17,20,NA,NA,NA,37,16,18,12,0.8,0.7
2026-08-16T0100,1399A,112.5545,23.1525,肇庆市,坑口子站,,22,22,17,12,13,26,NA,NA,NA,12,8,6,6,0.4,0.4
2026-08-16T0100,1401A,108.3098,22.788,南宁市,二十一中,,48,45,25,33,19,66,NA,NA,NA,16,11,5,5,1.1,1
2026-08-16T0100,1402A,108.3135,22.8529,南宁市,北湖,,46,39,26,32,24,39,NA,NA,NA,22,14,8,5,0.7,0.6
2026-08-16T0100,1403A,108.3205,22.8222,南宁市,市监测站,,46,34,25,32,17,75,NA,NA,NA,9,9,5,5,0.7,0.6
2026-08-16T0100,1404A,108.3828,22.8038,南宁市,大自然花园,,42,39,22,29,16,72,NA,NA,NA,12,10,4,4,0.8,0.7
2026-08-16T0100,1406A,108.2397,22.8462,南宁市,区农职院,细颗粒物(PM2.5),52,NA,26,36,22,22,NA,NA,NA,24,9,20,7,0.7,0.7
2026-08-16T0100,1407A,108.3285,22.7356,南宁市,英华嘉园,,48,48,27,32,20,64,NA,NA,NA,20,11,6,4,0.7,0.6
2026-08-16T0100,1410A,110.3189,20.0596,海口市,海南大学,,26,26,24,16,14,57,NA,NA,NA,17,13,4,5,0.5,0.4
2026-08-16T0100,1411A,110.2827,20.0051,海口市,秀英海南医院,,23,22,19,16,15,62,NA,NA,NA,10,12,6,6,0.3,0.3
2026-08-16T0100,1412A,110.3391,19.9979,海口市,海南师范大学,,20,17,29,14,13,64,NA,NA,NA,6,10,3,4,0.5,0.5
2026-08-16T0100,1413A,110.3303,20.0359,海口市,龙华路环保局宿舍,,21,19,21,13,13,66,NA,NA,NA,13,10,/,/,0.4,0.4
2026-08-16T0100,1416A,106.4216,29.8256,重庆市,天生,,42,38,24,29,13,28,NA,NA,NA,32,15,14,10,0.7,0.7
2026-08-16T0100,1417A,106.6264,29.7226,重庆市,两路,,38,38,34,13,10,58,NA,NA,NA,23,21,6,7,0.8,0.8
2026-08-16T0100,1419A,106.5778,29.5103,重庆市,南坪,,34,34,27,13,9,74,NA,NA,NA,23,13,2,4,0.6,0.6
2026-08-16T0100,1420A,106.6556,29.6277,重庆市,唐家沱,,18,18,21,11,11,33,NA,NA,NA,25,16,12,13,0.4,0.4
2026-08-16T0100,1431A,103.9727,30.7242,成都市,金泉两河,,46,NA,50,32,36,109,NA,NA,NA,11,15,1,4,0.6,0.7
2026-08-16T0100,1432A,104.1423,30.6765,成都市,十里店,细颗粒物(PM2.5),72,NA,47,46,32,93,NA,NA,NA,12,21,6,7,0.8,0.8
2026-08-16T0100,1433A,104.0594,30.5765,成都市,三瓦窑,细颗粒物(PM2.5),70,50,39,45,30,117,NA,NA,NA,16,22,5,6,0.6,0.6
2026-08-16T0100,1434A,104.1122,30.6306,成都市,沙河铺,细颗粒物(PM2.5),66,56,42,43,30,102,NA,NA,NA,20,20,7,8,0.7,0.7
2026-08-16T0100,1439A,106.6863,26.6035,贵阳市,马鞍山,,16,14,12,11,6,18,NA,NA,NA,10,7,3,2,/,/
2026-08-16T0100,1441A,106.6241,26.6266,贵阳市,鉴湖路,,31,31,24,8,6,44,NA,NA,NA,7,6,7,6,0.7,0.6
2026-08-16T0100,1442A,106.7468,26.6344,贵阳市,燕子冲,,19,19,19,13,6,51,NA,NA,NA,10,8,5,6,0.7,0.6
2026-08-16T0100,1443A,106.6556,26.4362,贵阳市,碧云窝,,27,27,28,13,8,19,NA,NA,NA,9,9,4,4,/,/
2026-08-16T0100,1445A,106.6963,26.6063,贵阳市,红边门,,19,19,13,12,7,39,NA,NA,NA,14,8,10,8,/,/
2026-08-16T0100,1446A,106.7162383,26.56964667,贵阳市,新华路,,31,31,22,12,6,37,NA,NA,NA,17,13,9,6,0.5,0.4
2026-08-16T0100,1447A,106.6742,26.542,贵阳市,太慈桥,,22,22,16,2,5,12,NA,NA,NA,11,9,4,3,/,/
2026-08-16T0100,1450A,102.8203,24.889,昆明市,呈贡新区,,29,29,28,18,16,74,NA,NA,NA,23,14,6,4,0.7,0.7
2026-08-16T0100,1452A,102.7253,25.0904,昆明市,龙泉镇,颗粒物(PM10),54,55,30,26,17,75,NA,NA,NA,25,19,5,6,0.5,0.5
2026-08-16T0100,1453A,102.7267,25.0378,昆明市,东风东路,,33,33,31,16,15,89,NA,NA,NA,11,13,5,4,0.7,0.5
2026-08-16T0100,1454A,102.6744,25.0671,昆明市,金鼎山,,41,41,28,19,17,86,NA,NA,NA,14,16,4,5,0.6,0.4
2026-08-16T0100,1455A,102.6643,25.0401,昆明市,碧鸡广场,,43,43,28,17,16,72,NA,NA,NA,20,17,6,7,0.6,0.6
2026-08-16T0100,1456A,91.132,29.6515,拉萨市,八廓街,,23,11,12,9,7,73,NA,NA,NA,9,14,7,8,0.1,0.1
2026-08-16T0100,1457A,91.1221,29.6748,拉萨市,市环保局,,23,10,12,5,6,72,NA,NA,NA,9,12,8,9,0.3,0.3
2026-08-16T0100,1458A,91.0874,29.6476,拉萨市,区监测站,,23,16,10,7,5,73,NA,NA,NA,12,14,8,8,0.2,0.2
2026-08-16T0100,1459A,91.1774,29.6541,拉萨市,西藏大学,,22,11,10,5,5,70,NA,NA,NA,12,14,6,6,0.3,0.3
2026-08-16T0100,1460A,90.9798,29.6586,拉萨市,区辐射站,,21,9,12,5,6,67,NA,NA,NA,11,16,7,7,0.1,0.1
2026-08-16T0100,1461A,91.0831,29.6292,拉萨市,拉萨火车站,,25,7,10,4,6,78,NA,NA,NA,7,12,5,6,0.3,0.3
2026-08-16T0100,1463A,108.9931,34.2629,西安市,兴庆小区,,42,42,31,24,18,50,NA,NA,NA,28,14,3,6,0.6,0.5
2026-08-16T0100,1464A,109.0595,34.2569,西安市,纺织城,,43,43,36,24,20,34,NA,NA,NA,31,20,10,10,0.6,0.6
2026-08-16T0100,1465A,108.9377,34.2178,西安市,小寨,,36,32,31,25,18,47,NA,NA,NA,30,14,1,2,0.7,0.5
2026-08-16T0100,1466A,108.9522,34.2739,西安市,市人民体育场,,39,37,34,27,18,58,NA,NA,NA,33,16,7,7,0.7,0.6
2026-08-16T0100,1467A,108.8923,34.2322,西安市,高新西区,,50,50,34,28,20,74,NA,NA,NA,19,12,5,5,0.6,0.5
2026-08-16T0100,1468A,108.9386,34.3446,西安市,经开区,,46,46,34,26,19,53,NA,NA,NA,23,9,1,2,0.5,0.5
2026-08-16T0100,1469A,108.894,34.1557,西安市,长安区,,42,42,43,24,21,47,NA,NA,NA,29,24,3,2,0.5,0.5
2026-08-16T0100,1471A,109.213,34.3748,西安市,临潼区,,30,30,31,18,19,76,NA,NA,NA,7,8,9,10,0.8,0.8
2026-08-16T0100,1474A,109.0508,34.321,西安市,广运潭,,39,34,34,27,20,56,NA,NA,NA,19,14,4,5,0.5,0.5
2026-08-16T0100,1479A,103.8309,36.0467,兰州市,铁路设计院,,33,33,37,16,17,81,NA,NA,NA,26,18,2,4,0.4,0.3
2026-08-16T0100,1489A,106.1361,38.5039,银川市,学院路,,46,46,53,8,18,78,NA,NA,NA,9,20,4,5,0.4,0.6
2026-08-16T0100,1490A,87.5796,43.8299,乌鲁木齐市,监测站,颗粒物(PM10),72,80,44,13,12,105,NA,NA,NA,7,15,3,2,0.5,0.4
2026-08-16T0100,1491A,87.6044,43.7679,乌鲁木齐市,收费所,,48,48,42,11,14,107,NA,NA,NA,6,22,3,3,0.2,0.3
2026-08-16T0100,1493A,87.5529,43.8704,乌鲁木齐市,铁路局,颗粒物(PM10),78,88,51,24,14,101,NA,NA,NA,10,19,8,7,0.8,0.5
2026-08-16T0100,1494A,87.6408,43.8258,乌鲁木齐市,三十一中学,颗粒物(PM10),74,83,45,12,13,103,NA,NA,NA,5,13,4,4,0.6,0.6
2026-08-16T0100,1496A,87.7218,44.1747,乌鲁木齐市,米东区环保局,颗粒物(PM10),119,169,66,41,18,94,NA,NA,NA,1,13,9,10,0.2,0.4
2026-08-16T0100,1508A,112.9508,27.8626,湘潭市,板塘,颗粒物(PM10),56,58,35,25,22,61,NA,NA,NA,18,11,5,4,0.0,0.4
2026-08-16T0100,1511A,112.9114,27.8404,湘潭市,市监测站,,40,NA,17,28,21,44,NA,NA,NA,19,5,3,2,0.5,0.4
2026-08-16T0100,1512A,112.8935,27.8729,湘潭市,江麓,,45,45,34,26,21,41,NA,NA,NA,21,7,5,4,0.2,0.1
2026-08-16T0100,1513A,112.9227,27.8159,湘潭市,岳塘,,46,46,33,29,24,45,NA,NA,NA,16,8,4,5,0.1,0
2026-08-16T0100,1514A,112.9073,27.9118,湘潭市,科大,,38,37,40,26,16,45,NA,NA,NA,20,10,5,4,0.5,0.4
2026-08-16T0100,1515A,113.1265,27.8306,株洲市,天台山庄,,49,49,34,33,23,34,NA,NA,NA,22,9,2,2,0.6,0.4
2026-08-16T0100,1518A,113.0937,27.8919,株洲市,株冶医院,,49,47,32,34,22,11,NA,NA,NA,29,12,4,4,0.7,0.4
2026-08-16T0100,1519A,113.1709,27.8661,株洲市,市四中,颗粒物(PM10),51,51,39,30,24,20,NA,NA,NA,19,14,5,5,0.7,0.6
2026-08-16T0100,1520A,113.1515,27.8265,株洲市,火车站,颗粒物(PM10),51,51,37,31,25,17,NA,NA,NA,23,14,8,9,0.9,0.7
2026-08-16T0100,1524A,113.1329,27.8491,株洲市,市监测站,,44,44,36,28,25,57,NA,NA,NA,19,12,7,7,0.6,0.6
2026-08-16T0100,1562A,113.0048,27.9153,湘潭市,昭山,,46,46,39,27,18,5,NA,NA,NA,43,10,6,6,0.4,0.2
2026-08-16T0100,1585A,109.8761,40.6533,包头市,市环境监测站,,25,20,27,10,15,77,NA,NA,NA,17,21,4,9,0.2,0.5
2026-08-16T0100,1587A,109.9992,40.5843,包头市,包头八中,,29,29,44,17,18,92,NA,NA,NA,11,21,5,12,0.3,0.5
2026-08-16T0100,1589A,109.8641,40.6288,包头市,惠龙物流,,28,28,27,11,15,51,NA,NA,NA,46,21,4,7,0.5,0.6
2026-08-16T0100,1590A,110.0376,40.5546,包头市,东河鸿龙湾,,27,NA,23,13,14,86,NA,NA,NA,8,16,7,12,0.4,0.5
2026-08-16T0100,1591A,110.0024,39.8127,鄂尔多斯市,综合楼,,25,24,41,17,21,66,NA,NA,NA,23,22,17,11,0.4,0.7
2026-08-16T0100,1592A,109.9485,39.8259,鄂尔多斯市,巴音孟克林场办事处,,22,22,38,14,17,62,NA,NA,NA,25,20,4,6,0.2,0.4
2026-08-16T0100,1593A,109.7734,39.5987,鄂尔多斯市,康泽苑,,21,NA,36,13,17,67,NA,NA,NA,10,15,8,9,0.5,0.4
2026-08-16T0100,1594A,109.8121,39.5987,鄂尔多斯市,华泰汽车城,,22,22,36,6,16,45,NA,NA,NA,15,18,3,3,0.5,0.6
2026-08-16T0100,1595A,109.9734,39.7884,鄂尔多斯市,奥林花园,,20,19,40,6,19,61,NA,NA,NA,23,20,3,7,0.5,0.7
2026-08-16T0100,1597A,122.2704,40.7093,营口市,大庆路,,35,35,34,7,15,39,NA,NA,NA,19,19,11,11,1.1,1.3
2026-08-16T0100,1598A,122.215,40.6511,营口市,镜湖西路,,28,22,21,19,18,25,NA,NA,NA,21,18,5,6,0.5,0.7
2026-08-16T0100,1599A,122.1667,40.665,营口市,西炮台,NA,NA,36,35,20,17,NA,NA,NA,NA,18,16,6,6,0.5,0.7
2026-08-16T0100,1600A,124.33,40.0625,丹东市,江湾东路,,22,22,31,13,15,26,NA,NA,NA,11,13,2,2,0.6,0.6
2026-08-16T0100,1601A,124.4242,40.1513,丹东市,临江后街,,19,18,21,13,11,20,NA,NA,NA,4,8,1,2,0.6,0.6
2026-08-16T0100,1602A,124.3935,40.1461,丹东市,元宝山,,23,23,23,14,13,9,NA,NA,NA,12,10,4,4,0.5,0.5
2026-08-16T0100,1603A,124.3634,40.1093,丹东市,民主桥,,27,27,30,15,17,22,NA,NA,NA,7,13,2,3,0.5,0.5
2026-08-16T0100,1604A,122.0303,41.1489,盘锦市,开发区,,26,26,21,9,9,43,NA,NA,NA,18,10,8,6,0.9,0.6
2026-08-16T0100,1605A,122.0486,41.0883,盘锦市,兴隆台,,37,37,24,14,11,23,NA,NA,NA,35,18,7,6,1.2,0.6
2026-08-16T0100,1606A,121.8297,41.1026,盘锦市,新生街道,,30,23,19,21,12,16,NA,NA,NA,21,15,5,6,1.4,0.7
2026-08-16T0100,1607A,120.904878,40.721091,葫芦岛市,龙港区,,48,19,29,16,16,152,NA,NA,NA,7,19,1,16,0.3,0.4
2026-08-16T0100,1608A,120.8382,40.7521,葫芦岛市,化工街,,38,29,25,12,12,120,NA,NA,NA,12,19,2,16,0.4,0.3
2026-08-16T0100,1609A,120.8339,40.7078,葫芦岛市,新区,,38,19,26,15,10,120,NA,NA,NA,8,14,3,10,0.4,0.5
2026-08-16T0100,1610A,120.8697,40.7679,葫芦岛市,东城区,,45,18,28,16,15,144,NA,NA,NA,13,17,4,9,0.4,0.3
2026-08-16T0100,1611A,118.5818,24.9116,泉州市,涂山街,,18,NA,24,12,14,46,NA,NA,NA,11,15,2,4,0.5,0.5
2026-08-16T0100,1612A,118.597,24.8976,泉州市,津头埔,,16,12,23,11,13,44,NA,NA,NA,9,13,2,3,0.4,0.4
2026-08-16T0100,1613A,118.6669,24.9422,泉州市,万安,,16,16,23,8,11,40,NA,NA,NA,13,12,3,4,0.4,0.5
2026-08-16T0100,1618A,118.3429,35.0532,临沂市,沂河小区,,41,41,32,26,18,57,NA,NA,NA,25,15,16,13,0.3,0.3
2026-08-16T0100,1619A,118.2962,35.0568,临沂市,鲁南制药厂,,38,31,34,26,19,61,NA,NA,NA,23,20,16,11,0.6,0.6
2026-08-16T0100,1620A,118.2793,34.9976,临沂市,新光毛纺厂,细颗粒物(PM2.5),66,NA,25,43,20,51,NA,NA,NA,36,24,25,14,0.5,0.5
2026-08-16T0100,1621A,118.3955,35.0889,临沂市,河东保险公司,,46,41,30,32,20,70,NA,NA,NA,25,20,14,11,0.6,0.6
2026-08-16T0100,1622A,116.3034,37.4675,德州市,儿童乐园,,33,24,26,8,15,104,NA,NA,NA,8,9,12,13,0.5,0.5
2026-08-16T0100,1624A,116.2992,37.4449,德州市,监理站,,35,31,24,9,13,110,NA,NA,NA,6,7,14,14,0.3,0.3
2026-08-16T0100,1625A,115.9789,36.4372,聊城市,区政府,,39,39,33,14,18,66,NA,NA,NA,17,11,6,7,0.5,0.5
2026-08-16T0100,1629A,117.9961,37.3604,滨州市,第二水厂,细颗粒物(PM2.5),52,36,30,36,18,75,NA,NA,NA,15,9,6,8,0.6,0.5
2026-08-16T0100,1630A,117.9789,37.3931,滨州市,北中新校,细颗粒物(PM2.5),52,39,29,36,16,78,NA,NA,NA,17,14,8,11,0.6,0.4
2026-08-16T0100,1631A,118.0413,36.8101,淄博市,人民公园,,41,41,32,17,15,87,NA,NA,NA,16,15,9,9,0.3,0.3
2026-08-16T0100,1633A,117.8524,36.4848,淄博市,双山,,50,50,40,28,22,48,NA,NA,NA,36,22,6,7,0.5,0.5
2026-08-16T0100,1634A,117.9595,36.6332,淄博市,气象站,细颗粒物(PM2.5),80,63,43,50,24,41,NA,NA,NA,35,23,9,9,0.7,0.6
2026-08-16T0100,1637A,117.5628,34.8379,枣庄市,市中区政府,,45,44,32,31,20,60,NA,NA,NA,31,16,6,6,0.4,0.4
2026-08-16T0100,1638A,117.2855,34.7838,枣庄市,薛城环保局,,46,46,38,27,18,27,NA,NA,NA,58,25,6,5,0.7,0.6
2026-08-16T0100,1639A,117.5854,34.7744,枣庄市,峄城区政府,,45,44,35,31,21,49,NA,NA,NA,26,13,6,7,0.4,0.4
2026-08-16T0100,1641A,117.4516,35.0992,枣庄市,山亭区环保局,,43,34,33,30,23,78,NA,NA,NA,9,9,7,8,0.5,0.5
2026-08-16T0100,1642A,121.2517,37.564,烟台市,开发区,,22,22,24,7,5,42,NA,NA,NA,15,17,7,7,0.5,0.5
2026-08-16T0100,1644A,121.3181,37.5436,烟台市,西郊化工站,,12,12,16,7,5,38,NA,NA,NA,12,12,5,8,0.3,0.3
2026-08-16T0100,1645A,121.4419,37.4858,烟台市,莱山环保局,,15,12,13,8,7,46,NA,NA,NA,12,12,5,4,0.7,0.6
2026-08-16T0100,1646A,121.2619,37.4965,烟台市,福山环保局,,22,22,29,13,10,21,NA,NA,NA,22,16,4,4,0.3,0.3
2026-08-16T0100,1650A,119.1436,36.7022,潍坊市,环保局,,24,19,19,7,6,36,NA,NA,NA,48,14,5,6,0.7,0.6
2026-08-16T0100,1653A,116.6229,35.4288,济宁市,火炬城,,43,43,35,26,20,89,NA,NA,NA,6,5,4,3,0.7,0.7
2026-08-16T0100,1656A,117.1436,36.1938,泰安市,监测站,颗粒物(PM10),53,53,39,31,24,20,NA,NA,NA,43,22,12,11,0.4,0.4
2026-08-16T0100,1657A,117.0905,36.2002,泰安市,人口学校,,50,44,37,35,25,34,NA,NA,NA,26,15,7,7,0.5,0.4
2026-08-16T0100,1658A,117.0992,36.1757,泰安市,电力学校,,44,44,32,27,22,8,NA,NA,NA,48,21,7,7,0.4,0.3
2026-08-16T0100,1659A,119.4711,35.421,日照市,监测站,,22,22,21,13,18,50,NA,NA,NA,32,24,10,10,1.0,0.7
2026-08-16T0100,1660A,119.523,35.4216,日照市,市政府广场,,22,22,26,5,18,61,NA,NA,NA,21,22,8,9,0.5,0.6
2026-08-16T0100,1661A,119.5511,35.4113,日照市,港务局,,29,29,32,4,20,50,NA,NA,NA,30,23,11,11,0.3,0.7
2026-08-16T0100,1662A,122.121,37.4231,威海市,华夏技校,,20,NA,12,14,10,61,NA,NA,NA,8,10,/,/,0.3,0.3
2026-08-16T0100,1663A,122.0508,37.5236,威海市,山大分校,,25,NA,11,6,8,79,NA,NA,NA,1,6,/,/,/,/
2026-08-16T0100,1664A,122.1067,37.5067,威海市,市监测站,,18,10,13,8,9,56,NA,NA,NA,4,6,2,3,0.3,0.3
2026-08-16T0100,1666A,118.6612,37.4313,东营市,市环保局,,29,NA,14,13,10,90,NA,NA,NA,8,7,3,4,0.4,0.4
2026-08-16T0100,1669A,113.5821,24.7733,韶关市,市八中,,15,4,18,2,9,46,NA,NA,NA,6,8,6,6,0.6,0.6
2026-08-16T0100,1671A,113.5916,24.7973,韶关市,园林处,,23,23,13,10,6,54,NA,NA,NA,8,7,7,7,/,/
2026-08-16T0100,1673A,113.5971,24.6864,韶关市,曲江监测站,,34,34,18,11,8,20,NA,NA,NA,20,15,13,10,0.8,0.8
2026-08-16T0100,1674A,116.6795,23.3666,汕头市,金平子站,,15,15,12,7,7,41,NA,NA,NA,12,13,5,5,0.3,0.5
2026-08-16T0100,1675A,116.7248,23.3632,汕头市,龙湖子站,,18,18,16,11,8,30,NA,NA,NA,18,11,6,5,/,/
2026-08-16T0100,1676A,116.7257,23.2774,汕头市,濠江子站,,20,20,17,11,8,22,NA,NA,NA,24,15,6,6,/,/
2026-08-16T0100,1677A,116.7518,23.4712,汕头市,澄海子站,,24,24,17,10,10,29,NA,NA,NA,15,12,4,4,0.5,0.6
2026-08-16T0100,1678A,116.6088,23.2539,汕头市,潮阳子站,,22,18,15,15,16,39,NA,NA,NA,8,7,6,7,0.7,0.8
2026-08-16T0100,1680A,110.3648,21.2697,湛江市,湛江影剧院,,38,26,29,26,18,63,NA,NA,NA,9,13,10,9,0.5,0.5
2026-08-16T0100,1681A,110.3907,21.2279,湛江市,市环境监测站,,33,29,25,23,20,66,NA,NA,NA,6,12,5,10,0.5,0.5
2026-08-16T0100,1682A,110.3936,21.1943,湛江市,环保局宿舍,,32,32,27,20,18,65,NA,NA,NA,8,11,6,12,/,/
2026-08-16T0100,1683A,110.4138,21.2033,湛江市,霞山游泳场,,27,27,24,12,16,66,NA,NA,NA,9,14,8,13,/,/
2026-08-16T0100,1685A,110.4512,21.239,湛江市,坡头区环保局,,19,15,21,13,16,55,NA,NA,NA,23,11,5,10,0.5,0.5
2026-08-16T0100,1686A,111.0285,21.469,茂名市,电白南海,,41,41,40,12,20,53,NA,NA,NA,24,15,2,5,0.6,0.7
2026-08-16T0100,1687A,110.9294,21.6533,茂名市,茂石化七小,,39,34,30,27,24,46,NA,NA,NA,16,12,10,11,0.6,0.6
2026-08-16T0100,1688A,110.9108,21.6688,茂名市,健康路,,33,27,27,23,22,58,NA,NA,NA,12,9,11,14,0.5,0.5
2026-08-16T0100,1689A,110.8592,21.6826,茂名市,高岭,,45,39,36,31,25,30,NA,NA,NA,22,15,7,12,/,/
2026-08-16T0100,1690A,116.1248,24.3307,梅州市,梅江月梅,,29,29,21,10,11,18,NA,NA,NA,14,8,/,/,/,/
2026-08-16T0100,1691A,116.0798,24.2719,梅州市,梅县新城,,28,28,18,11,11,6,NA,NA,NA,22,12,9,9,0.7,0.7
2026-08-16T0100,1693A,115.3653,22.7751,汕尾市,市环保局,,24,21,15,10,8,76,NA,NA,NA,10,10,5,5,0.5,0.5
2026-08-16T0100,1695A,115.362,22.7926,汕尾市,新城中学,,33,33,15,20,8,52,NA,NA,NA,12,8,6,6,0.7,0.6
2026-08-16T0100,1697A,114.6962,23.7538,河源市,东埔,,25,25,19,13,14,67,NA,NA,NA,15,10,7,7,0.4,0.4
2026-08-16T0100,1698A,114.6895,23.7232,河源市,老城,,28,23,18,19,14,64,NA,NA,NA,16,10,11,9,0.8,0.7
2026-08-16T0100,1701A,111.9491,21.8658,阳江市,马南垌,,46,NA,26,32,22,29,NA,NA,NA,10,10,9,6,0.6,0.7
2026-08-16T0100,1703A,113.0218,23.7086,清远市,凤城街办,,33,33,20,14,11,33,NA,NA,NA,15,8,/,/,/,/
2026-08-16T0100,1708A,116.3701,23.5345,揭阳市,新兴,,24,24,21,12,10,36,NA,NA,NA,11,11,6,6,0.6,0.6
2026-08-16T0100,1709A,116.3261,23.5442,揭阳市,西马,,39,39,24,12,13,36,NA,NA,NA,7,8,3,4,0.8,0.8
2026-08-16T0100,1710A,116.361,23.5627,揭阳市,东兴,,18,18,21,11,12,36,NA,NA,NA,12,11,6,6,/,/
2026-08-16T0100,1711A,116.4151,23.5295,揭阳市,渔湖,,21,21,20,14,11,35,NA,NA,NA,12,9,7,4,/,/
2026-08-16T0100,1714A,112.0281,22.9738,云浮市,牧羊,,29,29,27,14,14,4,NA,NA,NA,26,20,7,8,0.6,0.6
2026-08-16T0100,1715A,102.575,24.371,玉溪市,东风水库,,25,25,24,5,11,35,NA,NA,NA,9,5,4,5,0.5,0.5
2026-08-16T0100,1723A,113.2926,40.0759,大同市,云冈宾馆,,32,32,30,17,13,70,NA,NA,NA,14,13,14,10,0.7,0.7
2026-08-16T0100,1724A,113.3437,40.0921,大同市,大同大学,,22,20,27,15,14,48,NA,NA,NA,25,14,6,9,0.6,0.6
2026-08-16T0100,1725A,113.2637,40.129,大同市,安家小村,,24,24,29,8,14,58,NA,NA,NA,12,14,6,8,0.5,0.5
2026-08-16T0100,1727A,113.1146,36.1547,长治市,清华站,,39,34,28,27,18,68,NA,NA,NA,4,5,9,9,0.6,0.8
2026-08-16T0100,1730A,113.0887,36.2126,长治市,审计局,,49,34,28,34,21,95,NA,NA,NA,8,8,10,11,0.6,0.8
2026-08-16T0100,1731A,113.0845,36.1856,长治市,长治八中,,43,34,33,30,19,93,NA,NA,NA,4,5,10,11,0.7,1
2026-08-16T0100,1733A,111.5552,36.0791,临汾市,临钢医院,颗粒物(PM10),68,74,42,22,18,49,NA,NA,NA,24,12,8,6,0.7,0.7
2026-08-16T0100,1734A,111.4984,36.0734,临汾市,技工学校,细颗粒物(PM2.5),54,53,39,37,24,65,NA,NA,NA,17,11,19,7,1.0,0.7
2026-08-16T0100,1736A,111.5017,36.0857,临汾市,市委,颗粒物(PM10),73,81,54,27,17,64,NA,NA,NA,16,10,28,11,1.0,0.7
2026-08-16T0100,1739A,113.4894,37.8717,阳泉市,赛鱼,,37,37,32,20,22,11,NA,NA,NA,47,25,7,8,0.5,0.5
2026-08-16T0100,1740A,113.582,37.8473,阳泉市,南庄,,50,50,49,31,27,40,NA,NA,NA,26,20,18,20,0.7,1
2026-08-16T0100,1742A,113.5616,37.8706,阳泉市,平坦,,39,39,39,25,25,19,NA,NA,NA,52,16,12,14,0.7,0.8
2026-08-16T0100,1743A,113.5115,37.8391,阳泉市,大阳泉,,40,35,24,28,23,19,NA,NA,NA,43,10,8,8,0.6,0.6
2026-08-16T0100,1744A,118.9229,42.2816,赤峰市,松山一中,,31,20,16,14,10,97,NA,NA,NA,8,13,13,10,0.6,0.6
2026-08-16T0100,1745A,118.9588,42.2733,赤峰市,哈达街,,24,24,20,14,11,74,NA,NA,NA,12,14,10,11,0.6,0.6
2026-08-16T0100,1746A,118.8792,42.2551,赤峰市,天义路,,26,12,11,8,9,83,NA,NA,NA,12,13,15,7,0.6,0.6
2026-08-16T0100,1748A,123.0441,41.1201,鞍山市,深沟寺,,19,19,32,6,15,26,NA,NA,NA,8,19,4,8,0.5,1.2
2026-08-16T0100,1749A,123.011,41.0931,鞍山市,太阳城,,23,23,36,8,15,24,NA,NA,NA,5,20,4,8,0.7,1.3
2026-08-16T0100,1750A,123.0483,41.1445,鞍山市,太平,,14,14,57,6,24,40,NA,NA,NA,8,28,6,13,0.6,1.6
2026-08-16T0100,1751A,122.964,41.0968,鞍山市,铁西三道街,,31,31,47,12,24,34,NA,NA,NA,14,26,4,10,0.7,1.5
2026-08-16T0100,1753A,123.0219,41.0822,鞍山市,明达新区,,20,20,32,8,15,37,NA,NA,NA,6,14,3,6,0.6,0.9
2026-08-16T0100,1755A,123.7974,41.8494,抚顺市,望花区,,35,35,27,23,17,50,NA,NA,NA,17,18,16,10,1.4,1
2026-08-16T0100,1756A,123.9161,41.8827,抚顺市,顺城区,,23,23,21,6,10,37,NA,NA,NA,20,16,9,9,0.6,0.8
2026-08-16T0100,1757A,124.0437,41.8615,抚顺市,东洲区,,21,11,16,3,8,65,NA,NA,NA,6,11,8,9,0.3,0.5
2026-08-16T0100,1758A,123.9246,41.8638,抚顺市,新抚区,,14,14,23,8,13,30,NA,NA,NA,19,16,8,10,0.5,0.7
2026-08-16T0100,1759A,124.0972,41.8961,抚顺市,大伙房水库,,20,3,12,2,8,61,NA,NA,NA,6,11,10,10,0.4,0.6
2026-08-16T0100,1760A,123.708,41.8386,抚顺市,沈抚新城,,23,17,27,16,14,37,NA,NA,NA,18,20,7,9,0.8,1
2026-08-16T0100,1761A,123.8274146,41.31234549,本溪市,大峪,,21,21,23,5,10,21,NA,NA,NA,23,16,4,5,0.5,0.7
2026-08-16T0100,1763A,123.7169,41.3094,本溪市,彩屯,,30,30,30,16,16,7,NA,NA,NA,17,19,5,10,1.9,1.3
2026-08-16T0100,1764A,123.7672166,41.28649327,本溪市,东明,,14,10,24,7,8,42,NA,NA,NA,12,17,3,4,0.6,0.8
2026-08-16T0100,1765A,123.799345,41.266614,本溪市,新立屯,,16,16,17,4,6,25,NA,NA,NA,16,13,7,7,0.4,0.5
2026-08-16T0100,1766A,123.829144,41.336777,本溪市,威宁,,19,19,23,7,12,30,NA,NA,NA,11,12,6,6,0.4,0.6
2026-08-16T0100,1767A,121.1114,41.0879,锦州市,南山,细颗粒物(PM2.5),68,NA,21,44,16,102,NA,NA,NA,18,15,5,5,0.6,0.4
2026-08-16T0100,1768A,121.060361,40.842794,锦州市,开发区,,48,46,33,33,19,136,NA,NA,NA,26,16,17,19,0.8,0.6
2026-08-16T0100,1769A,121.1836,41.1118,锦州市,百股街道,细颗粒物(PM2.5),52,NA,23,36,15,118,NA,NA,NA,10,13,4,6,0.8,0.6
2026-08-16T0100,1770A,121.1176,41.1224,锦州市,天安街道,细颗粒物(PM2.5),70,46,25,45,16,113,NA,NA,NA,14,13,7,7,0.8,0.5
2026-08-16T0100,1771A,121.1303,41.1385,锦州市,北湖公园,细颗粒物(PM2.5),84,NA,28,52,18,122,NA,NA,NA,12,12,4,5,0.5,0.3
2026-08-16T0100,1772A,126.54,43.8622,吉林市,哈达湾,,35,27,22,24,15,24,NA,NA,NA,19,14,7,10,0.5,0.4
2026-08-16T0100,1773A,126.5843,43.8358,吉林市,东局子,,29,NA,20,20,16,24,NA,NA,NA,16,15,4,5,0.3,0.3
2026-08-16T0100,1774A,126.5051,43.8243,吉林市,电力学院,,38,38,30,18,14,24,NA,NA,NA,13,12,6,7,0.4,0.3
2026-08-16T0100,1775A,126.6133,43.8971,吉林市,江北,,27,27,23,11,14,25,NA,NA,NA,12,12,7,7,0.5,0.4
2026-08-16T0100,1776A,126.5549,43.8304,吉林市,江南公园,,26,26,24,13,14,28,NA,NA,NA,11,12,3,4,0.2,0.3
2026-08-16T0100,1779A,123.9307,47.3641,齐齐哈尔市,安居小区,,18,18,22,4,5,40,NA,NA,NA,7,8,4,4,0.5,0.6
2026-08-16T0100,1780A,123.9497,47.3389,齐齐哈尔市,中心广场,,35,35,18,16,6,35,NA,NA,NA,23,13,8,7,0.3,0.4
2026-08-16T0100,1781A,123.9483,47.3229,齐齐哈尔市,农牧车辆厂,,22,22,22,3,4,42,NA,NA,NA,11,7,5,5,0.2,0.3
2026-08-16T0100,1783A,123.9442,47.2994,齐齐哈尔市,市环境监测站,,15,10,17,3,4,45,NA,NA,NA,9,7,4,4,0.1,0.1
2026-08-16T0100,1784A,129.61,44.561,牡丹江市,环保大楼,,20,20,16,10,9,23,NA,NA,NA,9,7,8,6,0.4,0.4
2026-08-16T0100,1787A,129.6364,44.6075,牡丹江市,机车工厂,,24,24,24,5,7,23,NA,NA,NA,9,9,11,10,0.3,0.3
2026-08-16T0100,1788A,129.6386,44.5462,牡丹江市,第一中学,,19,19,16,4,5,23,NA,NA,NA,7,6,5,6,0.4,0.4
2026-08-16T0100,1789A,124.8085,46.0381,大庆市,大同区,,42,42,22,9,8,41,NA,NA,NA,31,12,6,6,0.7,0.6
2026-08-16T0100,1790A,125.1166,46.5255,大庆市,龙凤区,NA,NA,20,20,10,7,51,NA,NA,NA,NA,8,1,5,0.2,0.2
2026-08-16T0100,1791A,124.8894,46.4007,大庆市,红岗区,,19,19,19,12,10,49,NA,NA,NA,9,8,28,9,0.4,0.4
2026-08-16T0100,1792A,125.1391,46.578,大庆市,萨尔图区,NA,NA,26,14,13,9,46,NA,NA,NA,10,9,4,6,NA,NA
2026-08-16T0100,1793A,124.9026,46.6217,大庆市,让胡路区,,25,25,20,16,9,22,NA,NA,NA,19,10,4,5,0.3,0.2
2026-08-16T0100,1794A,118.3603,31.3515,芜湖市,监测站,,20,NA,19,14,18,42,NA,NA,NA,18,15,8,7,0.5,0.5
2026-08-16T0100,1795A,118.3716,31.4135,芜湖市,科创中心,,26,NA,20,18,15,21,NA,NA,NA,30,13,4,5,0.4,0.5
2026-08-16T0100,1796A,118.3671,31.3132,芜湖市,四水厂,,19,18,20,9,13,58,NA,NA,NA,9,12,4,5,0.5,0.6
2026-08-16T0100,1798A,118.5084,31.6838,马鞍山市,湖东路四小,,26,22,25,18,12,4,NA,NA,NA,29,11,6,6,0.8,0.7
2026-08-16T0100,1799A,118.5019,31.6449,马鞍山市,开发区,,40,40,23,19,15,2,NA,NA,NA,36,13,6,6,0.7,0.6
2026-08-16T0100,1803A,115.9873,29.6816,九江市,十里,,21,13,16,10,7,66,NA,NA,NA,7,8,7,7,0.5,0.4
2026-08-16T0100,1804A,115.9583,29.7047,九江市,茅山头,,19,14,13,8,8,59,NA,NA,NA,10,12,4,4,0.4,0.4
2026-08-16T0100,1805A,115.9877,29.7295,九江市,西园,,23,23,15,6,4,59,NA,NA,NA,13,13,2,2,0.3,0.4
2026-08-16T0100,1808A,115.9112,29.6038,九江市,综合工业园,,18,14,12,12,7,51,NA,NA,NA,19,17,3,3,0.6,0.6
2026-08-16T0100,1812A,112.3934,34.6517,洛阳市,市委党校,细颗粒物(PM2.5),54,51,35,37,27,27,NA,NA,NA,39,14,10,10,0.6,0.6
2026-08-16T0100,1815A,112.494,34.6883,洛阳市,河南林校,,45,45,41,27,27,40,NA,NA,NA,27,19,8,8,0.5,0.5
2026-08-16T0100,1816A,112.3843,34.623,洛阳市,开发区管委会,,43,34,34,30,27,64,NA,NA,NA,11,15,13,14,0.5,0.6
2026-08-16T0100,1817A,112.4263,34.6249,洛阳市,市委新办公区,,38,38,31,26,25,77,NA,NA,NA,8,11,11,12,0.4,0.4
2026-08-16T0100,1819A,114.3552,36.1017,安阳市,红庙街,,39,34,41,27,25,69,NA,NA,NA,10,9,5,4,0.8,0.7
2026-08-16T0100,1820A,114.361,36.0681,安阳市,银杏小区,,39,39,37,17,24,62,NA,NA,NA,11,11,2,2,0.6,0.5
2026-08-16T0100,1824A,114.3389,34.778,开封市,肿瘤医院,细颗粒物(PM2.5),64,56,44,42,33,65,NA,NA,NA,15,13,4,4,0.5,0.5
2026-08-16T0100,1826A,114.2884,34.7966,开封市,世纪星幼儿园,细颗粒物(PM2.5),64,68,42,42,30,64,NA,NA,NA,13,9,4,4,0.5,0.4
2026-08-16T0100,1832A,113.3257,33.7423,平顶山市,新华旅馆,颗粒物(PM10),60,64,41,38,31,38,NA,NA,NA,34,14,4,4,0.6,0.6
2026-08-16T0100,1833A,113.2917,33.737,平顶山市,规划设计院,,48,40,37,33,30,79,NA,NA,NA,10,12,6,6,0.7,0.7
2026-08-16T0100,1834A,113.182,33.7738,平顶山市,平顶山工学院,,43,43,32,29,28,79,NA,NA,NA,11,10,7,7,0.6,0.6
2026-08-16T0100,1835A,111.1922,34.7752,三门峡市,市政府,,36,28,29,25,18,96,NA,NA,NA,10,10,6,6,0.6,0.5
2026-08-16T0100,1836A,111.1588,34.794,三门峡市,开发区,,48,48,36,24,21,75,NA,NA,NA,14,10,9,5,0.7,0.6
2026-08-16T0100,1840A,111.2991,30.6981,宜昌市,白龙岗,,29,29,24,18,12,39,NA,NA,NA,8,10,4,4,0.4,0.4
2026-08-16T0100,1842A,111.263451,30.696754,宜昌市,点军区,,31,31,25,16,11,27,NA,NA,NA,13,12,4,3,0.4,0.3
2026-08-16T0100,1843A,111.3276,30.782,宜昌市,夷陵区,,20,18,21,14,11,38,NA,NA,NA,8,11,4,4,0.3,0.3
2026-08-16T0100,1844A,112.2493,30.3198,荆州市,市图书馆,,34,34,25,18,19,50,NA,NA,NA,22,9,5,5,0.7,0.7
2026-08-16T0100,1845A,112.2009,30.3543,荆州市,市委党校,,37,37,27,24,19,44,NA,NA,NA,22,9,5,5,0.5,0.5
2026-08-16T0100,1848A,113.1494,29.425,岳阳市,城陵矶,,37,37,30,4,10,18,NA,NA,NA,33,15,1,4,0.6,0.6
2026-08-16T0100,1849A,113.1493,29.3575,岳阳市,开发区,,46,37,26,32,17,12,NA,NA,NA,37,15,5,6,0.6,0.6
2026-08-16T0100,1850A,113.2672,29.4752,岳阳市,云溪区,,40,40,30,18,14,15,NA,NA,NA,5,4,3,3,0.8,0.7
2026-08-16T0100,1851A,112.9944,29.44,岳阳市,君山区,,32,32,28,14,16,22,NA,NA,NA,34,13,4,3,0.6,0.5
2026-08-16T0100,1854A,111.696,28.9725,常德市,市二中,,40,40,27,22,16,10,NA,NA,NA,18,8,7,8,0.8,0.6
2026-08-16T0100,1858A,110.532,29.1219,张家界市,永定新区,,29,24,22,20,15,24,NA,NA,NA,8,7,/,/,/,/
2026-08-16T0100,1859A,110.4696,29.1244,张家界市,电业局,,28,20,23,19,14,25,NA,NA,NA,13,9,6,7,0.5,0.5
2026-08-16T0100,1860A,110.5573,29.3486,张家界市,未央路,,26,NA,9,18,13,19,NA,NA,NA,8,6,8,8,0.8,0.8
2026-08-16T0100,1864A,110.3091,25.2705,桂林市,龙隐路小学,,20,11,14,9,8,61,NA,NA,NA,4,5,4,4,0.5,0.6
2026-08-16T0100,1865A,110.2849361,25.22909545,桂林市,八中,,21,12,15,6,7,65,NA,NA,NA,8,10,4,4,0.5,0.4
2026-08-16T0100,1867A,109.1435,21.4085,北海市,海滩公园,,32,18,23,12,13,101,NA,NA,NA,3,4,2,3,0.4,0.5
2026-08-16T0100,1868A,109.0983,21.466,北海市,新市环保局,,31,16,16,10,11,98,NA,NA,NA,4,8,4,4,0.4,0.5
2026-08-16T0100,1869A,109.1775,21.5232,北海市,北海工业园,,24,12,19,9,17,76,NA,NA,NA,7,5,1,2,0.5,0.5
2026-08-16T0100,1870A,109.4854,24.3898,柳州市,柳东小学,,23,23,15,7,10,68,NA,NA,NA,5,7,4,7,0.7,0.7
2026-08-16T0100,1871A,109.4109,24.3304,柳州市,环保监测站,,26,22,17,18,11,34,NA,NA,NA,12,10,9,7,0.7,0.7
2026-08-16T0100,1872A,109.3886,24.3408,柳州市,河西水厂,颗粒物(PM10),55,56,29,17,18,28,NA,NA,NA,19,14,13,14,0.8,0.7
2026-08-16T0100,1873A,109.4263,24.2951,柳州市,市四中,,40,40,23,17,11,42,NA,NA,NA,12,8,10,9,0.7,0.7
2026-08-16T0100,1874A,109.396,24.3658,柳州市,市九中,,23,19,26,16,15,33,NA,NA,NA,10,9,13,11,0.5,0.6
2026-08-16T0100,1875A,109.4912,24.3164,柳州市,古亭山,,26,NA,19,18,14,48,NA,NA,NA,13,11,4,5,0.8,0.7
2026-08-16T0100,1877A,109.4962,18.2682,三亚市,河西子站,,18,15,16,7,9,55,NA,NA,NA,6,6,3,3,0.3,0.3
2026-08-16T0100,1878A,104.7775,31.4741,绵阳市,富乐山,,47,47,42,26,22,109,NA,NA,NA,11,10,7,6,0.7,0.6
2026-08-16T0100,1880A,104.6698,31.4668,绵阳市,高新区自来水公司,,42,35,40,29,26,115,NA,NA,NA,6,14,8,9,0.8,0.8
2026-08-16T0100,1883A,104.6204,28.7728,宜宾市,市委,细颗粒物(PM2.5),103,79,38,63,26,49,NA,NA,NA,26,14,8,12,1.1,0.9
2026-08-16T0100,1884A,104.6056,28.7931,宜宾市,宜宾四中,细颗粒物(PM2.5),90,74,40,55,27,69,NA,NA,NA,13,10,11,13,1.0,0.8
2026-08-16T0100,1886A,104.5743,28.7199,宜宾市,黄金嘴,细颗粒物(PM2.5),76,56,36,48,25,56,NA,NA,NA,21,15,10,14,0.7,0.6
2026-08-16T0100,1888A,101.6891,26.571,攀枝花市,弄弄坪,颗粒物(PM10),55,57,52,21,13,54,NA,NA,NA,21,23,8,12,0.4,0.6
2026-08-16T0100,1889A,101.577,26.5914,攀枝花市,河门口,,50,50,49,31,28,44,NA,NA,NA,21,17,52,32,0.7,1.3
2026-08-16T0100,1891A,101.7365,26.4986,攀枝花市,仁和,,46,38,38,32,28,41,NA,NA,NA,11,11,7,12,0.7,0.8
2026-08-16T0100,1894A,105.4427,28.9063,泸州市,小市上码头,细颗粒物(PM2.5),92,96,48,56,27,50,NA,NA,NA,23,11,6,6,0.6,0.5
2026-08-16T0100,1895A,105.4241,28.8573,泸州市,兰田宪桥,,40,40,38,20,19,23,NA,NA,NA,26,15,4,4,0.7,0.6
2026-08-16T0100,1896A,105.4378,28.8833,泸州市,市环监站,颗粒物(PM10),51,51,31,21,11,41,NA,NA,NA,37,17,6,4,0.7,0.7
2026-08-16T0100,1901A,104.424,31.1209,德阳市,东山公园,,35,NA,29,24,30,105,NA,NA,NA,6,8,4,9,1.0,1
2026-08-16T0100,1902A,104.3827,31.1318,德阳市,西小区,,34,NA,38,22,33,108,NA,NA,NA,9,16,9,19,0.8,0.8
2026-08-16T0100,1904A,104.3553,31.1091,德阳市,耐火材料厂,,35,NA,41,24,34,110,NA,NA,NA,5,12,2,12,0.8,0.9
2026-08-16T0100,1906A,106.0791,30.8022,南充市,南充市委,,49,47,32,34,20,31,NA,NA,NA,23,15,7,7,0.4,0.4
2026-08-16T0100,1907A,106.1038,30.8215,南充市,南充炼油厂,细颗粒物(PM2.5),113,89,42,74,26,37,NA,NA,NA,24,14,11,10,0.7,0.4
2026-08-16T0100,1911A,106.9218,27.6872,遵义市,丁字口,,20,20,16,13,8,49,NA,NA,NA,8,7,6,6,0.7,0.7
2026-08-16T0100,1912A,106.9241,27.7044,遵义市,凤凰山,,19,10,13,10,8,58,NA,NA,NA,5,4,7,7,0.5,0.5
2026-08-16T0100,1913A,106.8895,27.648,遵义市,忠庄,,26,26,16,6,9,49,NA,NA,NA,6,7,2,2,0.6,0.6
2026-08-16T0100,1915A,106.9225,27.7253,遵义市,干田坝,,27,27,24,8,9,56,NA,NA,NA,8,8,4,4,0.6,0.6
2026-08-16T0100,1916A,103.7897,25.5036,曲靖市,环境监测站,,35,35,35,22,22,79,NA,NA,NA,18,17,5,6,0.8,0.8
2026-08-16T0100,1917A,103.8013,25.5357,曲靖市,烟厂办公区,,29,29,32,18,19,78,NA,NA,NA,14,14,5,8,0.8,0.8
2026-08-16T0100,1919A,108.6726,34.315,咸阳市,实验中学,NA,NA,40,32,24,18,53,NA,NA,NA,25,10,NA,8,0.4,0.4
2026-08-16T0100,1920A,108.7226,34.3622,咸阳市,师范学院,,41,41,35,25,21,63,NA,NA,NA,15,12,6,8,0.8,0.7
2026-08-16T0100,1923A,109.0696,35.0699,铜川市,王益区政府,,33,33,28,23,19,15,NA,NA,NA,20,11,8,8,0.6,0.5
2026-08-16T0100,1924A,108.9345,34.9059,铜川市,新区管委会,,20,16,27,14,17,33,NA,NA,NA,16,13,6,7,0.5,0.5
2026-08-16T0100,1927A,109.4569,36.6161,延安市,延大医附院,,29,9,21,6,11,92,NA,NA,NA,4,9,2,2,0.4,0.4
2026-08-16T0100,1929A,109.5053,36.6105,延安市,百米大道,,31,31,46,5,17,96,NA,NA,NA,5,14,1,2,0.5,0.5
2026-08-16T0100,1931A,107.0802,34.3129,宝鸡市,竹园沟,,23,NA,26,16,19,32,NA,NA,NA,9,8,4,4,0.5,0.5
2026-08-16T0100,1933A,107.1429,34.3549,宝鸡市,监测站,,30,30,35,21,23,36,NA,NA,NA,15,12,4,4,0.4,0.4
2026-08-16T0100,1934A,107.1172,34.3759,宝鸡市,技工学校,,35,31,33,24,23,42,NA,NA,NA,6,6,6,7,0.6,0.6
2026-08-16T0100,1936A,107.2025,34.3518,宝鸡市,文理学院,,32,32,39,21,24,53,NA,NA,NA,14,16,4,5,0.5,0.5
2026-08-16T0100,1937A,107.2396,34.3626,宝鸡市,三迪小学,,30,26,37,21,24,51,NA,NA,NA,13,14,3,4,0.6,0.6
2026-08-16T0100,1940A,109.4605,34.4927,渭南市,体育馆,,35,34,33,24,18,49,NA,NA,NA,18,13,8,8,0.3,0.3
2026-08-16T0100,1941A,109.4257,34.5067,渭南市,高新一小,,43,43,32,26,17,50,NA,NA,NA,19,11,3,4,0.4,0.4
2026-08-16T0100,1944A,102.1691,38.5166,金昌市,天庆家园,,33,24,106,12,30,104,NA,NA,NA,6,6,30,21,0.2,0.2
2026-08-16T0100,1945A,98.291,39.7705,嘉峪关市,气象局,颗粒物(PM10),67,73,41,25,13,90,NA,NA,NA,12,7,7,6,0.6,0.4
2026-08-16T0100,1948A,106.3668,39.0145,石嘴山市,大武口朝阳西街,,45,45,58,12,26,55,NA,NA,NA,31,27,29,34,0.7,1
2026-08-16T0100,1949A,106.7713,39.2278,石嘴山市,惠农南大街,,46,46,41,14,15,59,NA,NA,NA,31,21,22,17,0.5,0.5
2026-08-16T0100,1950A,106.7074,39.1332,石嘴山市,红果子镇惠新街,,35,35,40,12,14,59,NA,NA,NA,37,22,24,16,0.5,0.5
2026-08-16T0100,1951A,84.886,45.6029,克拉玛依市,长征新村,颗粒物(PM10),71,79,33,29,13,86,NA,NA,NA,8,7,4,4,0.4,0.4
2026-08-16T0100,1952A,84.8894,45.5827,克拉玛依市,南林小区,颗粒物(PM10),85,99,37,25,4,86,NA,NA,NA,5,8,10,9,0.2,0.2
2026-08-16T0100,1954A,84.896,44.3328,克拉玛依市,独山子区,,38,17,25,2,6,119,NA,NA,NA,2,4,7,7,0.3,0.3
2026-08-16T0100,1955A,85.6888,46.0909,克拉玛依市,乌尔禾区商贸楼,,25,25,27,9,10,75,NA,NA,NA,11,10,6,6,0.3,0.3
2026-08-16T0100,1956A,86.1476,41.7529,巴音郭楞蒙古自治州,孔雀公园,,30,11,20,3,7,96,NA,NA,NA,12,6,7,7,0.2,0.2
2026-08-16T0100,1957A,86.1971,41.7166,巴音郭楞蒙古自治州,棉纺厂,,25,12,29,6,8,80,NA,NA,NA,17,10,/,/,/,/
2026-08-16T0100,1958A,86.236,41.7172,巴音郭楞蒙古自治州,经济开发区,,31,16,20,4,7,97,NA,NA,NA,8,7,4,4,0.2,0.1
2026-08-16T0100,1961A,117.5323,36.6865,济南市,东山小学,,44,44,36,21,16,62,NA,NA,NA,26,17,5,5,0.2,0.2
2026-08-16T0100,1982A,122.0693,37.2175,威海市,文登开发区,,22,18,16,15,11,19,NA,NA,NA,14,12,/,/,/,/
2026-08-16T0100,2031A,113.1836,27.9959,株洲市,云田中学,细颗粒物(PM2.5),56,51,32,38,24,19,NA,NA,NA,13,10,8,8,0.5,0.3
2026-08-16T0100,2054A,114.1096,32.1059,信阳市,平桥分局,,15,14,13,6,10,46,NA,NA,NA,11,7,6,6,0.4,0.4
2026-08-16T0100,2064A,113.9956,32.1272,信阳市,南湾水厂,,31,31,22,10,10,36,NA,NA,NA,7,7,6,6,0.6,0.6
2026-08-16T0100,2065A,114.078,32.1194,信阳市,市酿酒公司,,23,23,20,14,9,44,NA,NA,NA,8,6,5,5,0.6,0.6
2026-08-16T0100,2066A,114.0712,32.1393,信阳市,审计局,,33,33,29,12,10,57,NA,NA,NA,8,8,6,7,0.4,0.3
2026-08-16T0100,2068A,114.6755,33.6347,周口市,周口师范,,17,10,31,5,18,54,NA,NA,NA,14,14,3,4,0.4,0.5
2026-08-16T0100,2160A,112.8496,35.5051,晋城市,自来水公司,,50,50,38,19,19,43,NA,NA,NA,24,12,5,5,0.6,0.6
2026-08-16T0100,2162A,112.8509,35.4886,晋城市,市环保局,,46,46,42,22,24,45,NA,NA,NA,21,10,4,4,0.6,0.6
2026-08-16T0100,2166A,112.4399,39.3521,朔州市,平朔,,37,37,23,10,7,25,NA,NA,NA,50,12,4,5,0.2,0.2
2026-08-16T0100,2167A,112.4574,39.362,朔州市,朔唯,,32,32,31,13,9,24,NA,NA,NA,58,16,6,6,/,/
2026-08-16T0100,2168A,112.426,39.3199,朔州市,区政府,,30,30,24,11,8,51,NA,NA,NA,29,11,4,4,0.2,0.2
2026-08-16T0100,2169A,112.4075,39.3277,朔州市,市环保局,,22,19,22,9,10,68,NA,NA,NA,14,10,3,4,/,/
2026-08-16T0100,2170A,112.4273,39.3682,朔州市,市二中,,34,27,27,7,7,24,NA,NA,NA,68,24,4,4,/,/
2026-08-16T0100,2174A,112.6992,37.6984,晋中市,榆次区政府,,37,7,28,5,20,116,NA,NA,NA,2,11,7,10,0.5,0.6
2026-08-16T0100,2175A,110.996,35.0148,运城市,运城中学,,38,26,21,20,11,120,NA,NA,NA,7,5,6,4,0.5,0.5
2026-08-16T0100,2178A,110.9685,35.0305,运城市,地区技校,,37,20,20,20,13,117,NA,NA,NA,6,6,5,3,0.6,0.6
2026-08-16T0100,2181A,112.7313,38.457,忻州市,开发区,,30,17,24,6,15,96,NA,NA,NA,12,14,6,5,0.6,0.6
2026-08-16T0100,2182A,112.7023,38.4932,忻州市,会展中心,,30,10,21,8,14,94,NA,NA,NA,12,12,2,3,0.6,0.5
2026-08-16T0100,2183A,111.1447,37.5212,吕梁市,环保局,,28,13,40,7,15,87,NA,NA,NA,10,15,6,7,0.4,0.5
2026-08-16T0100,2185A,111.1285,37.5338,吕梁市,自来水公司,,29,17,36,6,14,90,NA,NA,NA,9,14,5,6,0.5,0.6
2026-08-16T0100,2187A,106.8172,39.6972,乌海市,市林业局,,32,23,39,9,14,100,NA,NA,NA,5,13,7,12,0.3,0.5
2026-08-16T0100,2188A,106.7907,39.6666,乌海市,中海勃湾学校,,27,26,37,11,14,84,NA,NA,NA,9,16,10,15,0.4,0.6
2026-08-16T0100,2191A,122.253,43.6801,通辽市,艺术职业学校,,46,46,26,10,11,14,NA,NA,NA,63,18,5,4,0.6,0.7
2026-08-16T0100,2195A,107.4206,40.7609,巴彦淖尔市,附二中,,28,28,38,16,15,49,NA,NA,NA,28,15,12,10,0.4,0.5
2026-08-16T0100,2196A,107.37,40.7372,巴彦淖尔市,市环保大楼,,40,40,49,10,13,69,NA,NA,NA,12,12,14,13,0.6,0.7
2026-08-16T0100,2197A,113.1306,40.9924,乌兰察布市,集宁新区,,28,13,27,8,16,87,NA,NA,NA,5,12,11,12,0.2,0.2
2026-08-16T0100,2202A,116.1048,43.9318,锡林郭勒盟,市环保监测站,,25,14,13,12,7,79,NA,NA,NA,5,5,3,2,0.3,0.3
2026-08-16T0100,2203A,116.0778,43.9312,锡林郭勒盟,市政府,,25,9,10,6,6,80,NA,NA,NA,5,5,4,3,0.2,0.2
2026-08-16T0100,2205A,105.699,38.8409,阿拉善盟,蒙二幼,,41,17,39,8,11,129,NA,NA,NA,2,4,8,9,0.4,0.4
2026-08-16T0100,2206A,105.7198,38.8508,阿拉善盟,环保局新楼,,42,18,32,4,11,133,NA,NA,NA,2,4,10,12,0.5,0.5
2026-08-16T0100,2207A,121.6095,41.9978,阜新市,工业园区,,39,39,28,23,11,5,NA,NA,NA,58,22,17,5,0.6,0.5
2026-08-16T0100,2208A,121.6567,42.0188,阜新市,长青街,,36,NA,20,25,9,70,NA,NA,NA,21,17,9,9,0.5,0.4
2026-08-16T0100,2209A,121.6672,42.07,阜新市,农业园区,,33,24,21,23,8,73,NA,NA,NA,18,14,5,5,0.6,0.6
2026-08-16T0100,2211A,121.6343,42.0455,阜新市,玉龙新城,,28,28,24,16,9,8,NA,NA,NA,53,24,7,8,0.7,0.5
2026-08-16T0100,2212A,123.1978,41.2036,辽阳市,宏伟区,,17,17,40,4,20,32,NA,NA,NA,5,13,5,9,0.3,0.8
2026-08-16T0100,2213A,123.1684,41.2497,辽阳市,新华园,NA,NA,19,43,NA,NA,37,NA,NA,NA,15,21,2,7,0.4,0.7
2026-08-16T0100,2214A,123.2355,41.2663,辽阳市,滨河路,,15,10,40,3,19,48,NA,NA,NA,7,20,6,10,0.6,0.8
2026-08-16T0100,2217A,123.865,42.292,铁岭市,水上乐园,,28,28,24,16,9,23,NA,NA,NA,27,22,9,9,0.5,0.3
2026-08-16T0100,2219A,123.7158,42.2218,铁岭市,金沙江路北,,22,20,21,15,10,16,NA,NA,NA,24,16,3,9,0.6,0.4
2026-08-16T0100,2220A,120.4318,41.588,朝阳市,西梁,,48,48,28,11,9,8,NA,NA,NA,43,16,10,11,0.6,0.5
2026-08-16T0100,2221A,120.452,41.565,朝阳市,河畔小区,,25,23,20,17,8,21,NA,NA,NA,43,13,18,13,0.6,0.5
2026-08-16T0100,2222A,120.4176,41.5648,朝阳市,八里堡,,41,41,27,11,8,36,NA,NA,NA,36,16,14,13,0.8,0.7
2026-08-16T0100,2226A,124.3744,43.1842,四平市,境园,,19,19,22,9,14,54,NA,NA,NA,13,16,4,6,0.4,0.5
2026-08-16T0100,2227A,125.1359,42.8845,辽源市,环保局,,19,19,21,4,6,58,NA,NA,NA,9,8,4,5,0.4,0.4
2026-08-16T0100,2229A,125.9359,41.7174,通化市,光明,,14,14,12,3,5,38,NA,NA,NA,8,6,8,8,0.3,0.3
2026-08-16T0100,2230A,125.9446,41.7323,通化市,铁路,,10,10,12,4,4,31,NA,NA,NA,17,13,9,9,0.4,0.4
2026-08-16T0100,2231A,126.4219,41.9172,白山市,喜丰,,27,27,35,5,8,14,NA,NA,NA,20,19,6,9,0.6,0.7
2026-08-16T0100,2232A,126.4082,41.9416,白山市,环保局,,13,13,14,1,5,26,NA,NA,NA,5,6,11,10,0.7,0.6
2026-08-16T0100,2233A,124.8007,45.1213,松原市,江南,,36,NA,17,25,12,51,NA,NA,NA,12,8,2,2,0.4,0.4
2026-08-16T0100,2234A,124.7967,45.1721,松原市,江北,,32,32,22,16,11,25,NA,NA,NA,19,12,1,2,0.4,0.4
2026-08-16T0100,2235A,122.7909,45.608,白城市,洮北区环保局,,26,24,28,18,11,4,NA,NA,NA,23,11,4,6,0.4,0.3
2026-08-16T0100,2236A,122.8741,45.5725,白城市,市环保局,,22,22,14,9,9,34,NA,NA,NA,23,16,4,3,0.4,0.4
2026-08-16T0100,2237A,129.4704,42.8885,延边朝鲜族自治州,妇幼医院,,16,16,12,6,6,30,NA,NA,NA,8,6,8,6,0.3,0.3
2026-08-16T0100,2238A,129.5047,42.9117,延边朝鲜族自治州,延边医院,NA,NA,NA,10,4,7,36,NA,NA,NA,2,4,4,4,0.4,0.4
2026-08-16T0100,2239A,129.395,42.8884,延边朝鲜族自治州,朝阳川镇医院,,10,10,12,7,7,18,NA,NA,NA,9,7,6,7,0.2,0.3
2026-08-16T0100,2240A,130.9618,45.2926,鸡西市,环保局,,13,9,18,9,13,30,NA,NA,NA,8,11,4,5,0.3,0.4
2026-08-16T0100,2243A,130.9294,45.2959,鸡西市,第一中学,,18,18,16,2,7,28,NA,NA,NA,8,11,6,6,0.2,0.3
2026-08-16T0100,2244A,130.2537,47.3416,鹤岗市,哈啤分公司,,17,17,22,7,6,22,NA,NA,NA,11,7,6,6,0.4,0.4
2026-08-16T0100,2245A,130.2683,47.3087,鹤岗市,斯达机电,,34,34,25,6,5,32,NA,NA,NA,16,9,5,4,0.5,0.4
2026-08-16T0100,2246A,130.3114,47.3388,鹤岗市,东山纸板厂,,40,40,40,5,6,3,NA,NA,NA,25,12,7,6,0.3,0.1
2026-08-16T0100,2248A,131.1509,46.6936,双鸭山市,双合村,,33,33,26,14,9,3,NA,NA,NA,17,15,8,8,0.5,0.4
2026-08-16T0100,2249A,131.1651,46.6191,双鸭山市,南小市,,9,NA,20,6,8,9,NA,NA,NA,7,12,6,7,0.7,0.8
2026-08-16T0100,2250A,131.1526,46.6554,双鸭山市,环保局,,21,21,24,6,10,8,NA,NA,NA,14,16,7,7,0.6,0.8
2026-08-16T0100,2252A,128.8663,47.7199,伊春市,环保局,,16,16,19,9,10,42,NA,NA,NA,4,6,1,2,0.5,0.4
2026-08-16T0100,2253A,128.9014,47.732,伊春市,电力嘉园,,17,17,20,7,9,38,NA,NA,NA,3,6,4,4,0.9,0.8
2026-08-16T0100,2255A,130.2749,46.8028,佳木斯市,佳纺,颗粒物(PM10),62,66,33,15,9,1,NA,NA,NA,27,17,3,4,0.4,0.3
2026-08-16T0100,2257A,130.3258,46.7975,佳木斯市,环保局,,21,21,24,4,8,2,NA,NA,NA,35,16,3,4,0.4,0.3
2026-08-16T0100,2263A,127.4832,50.2524,黑河市,交通局,,18,17,21,12,10,14,NA,NA,NA,8,8,7,7,0.3,0.3
2026-08-16T0100,2264A,127.5146,50.2339,黑河市,环保局,,45,45,24,19,12,4,NA,NA,NA,19,12,9,8,0.5,0.4
2026-08-16T0100,2266A,126.9783,46.6365,绥化市,人和东街,,16,14,17,9,5,50,NA,NA,NA,8,10,9,10,0.1,0.2
2026-08-16T0100,2267A,126.964,46.6527,绥化市,党政办公中心,,20,16,20,14,6,60,NA,NA,NA,6,13,7,7,0.1,0.1
2026-08-16T0100,2269A,124.1068,50.4091,大兴安岭地区,科技局,,21,21,20,6,11,14,NA,NA,NA,14,4,4,4,0.3,0.2
2026-08-16T0100,2270A,117.396,32.9389,蚌埠市,工人疗养院,,36,36,23,22,11,19,NA,NA,NA,45,10,8,6,0.5,0.4
2026-08-16T0100,2271A,117.3606,32.9428,蚌埠市,百货大楼,,31,31,18,20,9,25,NA,NA,NA,39,14,10,10,0.6,0.5
2026-08-16T0100,2273A,117.4183,32.8909,蚌埠市,蚌埠学院,,28,NA,24,19,11,49,NA,NA,NA,18,10,5,6,0.4,0.3
2026-08-16T0100,2274A,117.3534,32.9672,蚌埠市,淮上区政府,,29,27,18,20,11,18,NA,NA,NA,40,10,5,5,0.5,0.4
2026-08-16T0100,2275A,117.3143,32.8977,蚌埠市,高新区,,28,24,16,19,8,12,NA,NA,NA,48,15,32,11,0.4,0.4
2026-08-16T0100,2277A,116.8304,32.7726,淮南市,潘集区政府,,20,NA,12,14,12,39,NA,NA,NA,8,9,5,5,0.3,0.3
2026-08-16T0100,2279A,116.8569,32.5949,淮南市,谢家集区政府,,36,36,16,17,13,45,NA,NA,NA,8,9,12,13,0.3,0.3
2026-08-16T0100,2280A,116.8279,32.6333,淮南市,八公山区政府,,18,18,18,11,15,45,NA,NA,NA,7,8,10,10,0.2,0.2
2026-08-16T0100,2282A,116.8005,33.9749,淮北市,监测站,,30,25,16,21,9,48,NA,NA,NA,12,7,4,4,0.6,0.5
2026-08-16T0100,2283A,116.8094,33.9008,淮北市,烈山区政府,,38,38,13,24,5,44,NA,NA,NA,22,6,2,4,0.5,0.2
2026-08-16T0100,2285A,117.8176,30.9412,铜陵市,市第四中学,,28,28,35,16,20,54,NA,NA,NA,7,11,8,8,0.5,0.6
2026-08-16T0100,2287A,117.7806,30.9413,铜陵市,市新民污水厂,,30,30,33,18,22,25,NA,NA,NA,12,14,7,10,0.5,0.6
2026-08-16T0100,2289A,117.846,30.9414,铜陵市,车站新区,,35,35,44,14,19,40,NA,NA,NA,11,14,8,8,0.5,0.6
2026-08-16T0100,2290A,117.8472,30.9699,铜陵市,市职教基地,,31,31,34,18,17,49,NA,NA,NA,8,12,9,9,0.5,0.6
2026-08-16T0100,2291A,117.0806,30.5181,安庆市,环科院,,19,NA,16,13,12,58,NA,NA,NA,6,5,4,4,0.5,0.6
2026-08-16T0100,2292A,117.0331,30.5118,安庆市,马山宾馆,,20,NA,16,14,13,63,NA,NA,NA,7,6,3,3,0.6,0.7
2026-08-16T0100,2294A,116.9897,30.6146,安庆市,安庆大学,,20,17,13,12,9,61,NA,NA,NA,6,6,4,4,0.4,0.5
2026-08-16T0100,2295A,118.2905,29.6965,黄山市,延安路89号,,15,14,15,3,5,45,NA,NA,NA,2,4,2,3,0.6,0.7
2026-08-16T0100,2297A,118.1369,30.2755,黄山市,黄山区政府5号楼,,22,22,14,12,5,44,NA,NA,NA,2,3,4,3,0.5,0.5
2026-08-16T0100,2301A,115.8276,32.8929,阜阳市,市监测站,,32,27,26,22,16,40,NA,NA,NA,18,15,6,6,0.7,0.6
2026-08-16T0100,2303A,115.8551,32.8606,阜阳市,开发区,颗粒物(PM10),53,53,31,26,16,31,NA,NA,NA,18,12,4,4,0.6,0.5
2026-08-16T0100,2307A,116.5078,31.7369,六安市,监测大楼,,30,NA,10,21,11,37,NA,NA,NA,3,3,3,4,0.4,0.4
2026-08-16T0100,2308A,116.4738,31.7642,六安市,皖西学院,,29,NA,9,20,10,28,NA,NA,NA,3,3,6,6,0.6,0.6
2026-08-16T0100,2309A,116.4997,31.7904,六安市,朝阳厂,,35,NA,7,24,9,26,NA,NA,NA,7,6,2,2,0.3,0.2
2026-08-16T0100,2310A,116.5566,31.7885,六安市,开发区,,35,NA,7,24,11,30,NA,NA,NA,5,5,5,6,0.2,0.2
2026-08-16T0100,2311A,115.8071,33.8399,亳州市,污水处理厂,,16,16,11,9,4,36,NA,NA,NA,10,7,10,4,0.3,0.2
2026-08-16T0100,2312A,115.7789,33.8519,亳州市,三国揽胜宫,,16,13,16,10,4,51,NA,NA,NA,8,3,4,5,0.4,0.4
2026-08-16T0100,2314A,117.4698,30.6617,池州市,池州学院,,28,28,23,16,16,36,NA,NA,NA,19,12,4,4,0.5,0.5
2026-08-16T0100,2316A,118.7578,30.9457,宣城市,鳌峰子站,,25,NA,18,17,18,39,NA,NA,NA,8,5,7,7,0.4,0.5
2026-08-16T0100,2317A,118.7384,30.9745,宣城市,敬亭山子站,,34,34,21,8,17,19,NA,NA,NA,2,6,4,4,0.3,0.4
2026-08-16T0100,2318A,118.7172,30.9428,宣城市,开发区子站,,19,15,19,13,18,42,NA,NA,NA,2,5,8,9,0.2,0.3
2026-08-16T0100,2319A,119.0142,25.4324,莆田市,荔城区仓后路,,22,22,25,10,17,48,NA,NA,NA,8,10,/,/,/,/
2026-08-16T0100,2320A,119.0016,25.4553,莆田市,莆田市监测站,,19,14,24,13,12,35,NA,NA,NA,7,7,5,5,0.5,0.5
2026-08-16T0100,2321A,119.112,25.4561,莆田市,涵江区六中,,18,18,24,7,10,35,NA,NA,NA,14,13,/,/,0.4,0.4
2026-08-16T0100,2322A,119.1014,25.3215,莆田市,秀屿区政府,,17,10,26,0,11,54,NA,NA,NA,3,6,6,7,0.3,0.4
2026-08-16T0100,2324A,117.621,26.2626,三明市,三钢,,12,11,20,8,11,21,NA,NA,NA,10,11,12,8,0.8,0.8
2026-08-16T0100,2325A,117.6352,26.2714,三明市,三明二中,,20,20,22,10,13,17,NA,NA,NA,9,10,6,8,0.6,0.8
2026-08-16T0100,2326A,117.6028,26.2377,三明市,三元区政府,,22,22,22,13,15,17,NA,NA,NA,7,9,5,8,0.6,0.6
2026-08-16T0100,2332A,118.1682,26.6371,南平市,南平市监测站,,22,21,17,15,11,15,NA,NA,NA,12,7,4,4,0.6,0.5
2026-08-16T0100,2334A,118.1757,26.6276,南平市,南平七中,,16,NA,19,11,10,5,NA,NA,NA,14,8,3,3,0.5,0.4
2026-08-16T0100,2336A,117.022,25.1031,龙岩市,龙岩市监测站,,11,11,12,7,9,34,NA,NA,NA,12,5,7,5,0.2,0.2
2026-08-16T0100,2337A,117.0257,25.0662,龙岩市,闽西职业技术学院,,14,14,16,9,9,35,NA,NA,NA,8,5,5,5,0.5,0.4
2026-08-16T0100,2338A,117.0195,25.0306,龙岩市,龙岩学院,,18,18,17,8,10,26,NA,NA,NA,6,4,4,4,/,/
2026-08-16T0100,2341A,119.5387,26.6611,宁德市,宁德市监测站,,22,22,25,10,13,32,NA,NA,NA,12,17,4,5,0.8,0.9
2026-08-16T0100,2343A,117.2114,29.2931,景德镇市,老干部活动中心,,13,7,15,7,12,39,NA,NA,NA,4,8,3,6,0.7,0.8
2026-08-16T0100,2344A,117.1893,29.2789,景德镇市,兽医站,,14,9,25,2,6,42,NA,NA,NA,2,6,4,4,0.6,0.6
2026-08-16T0100,2346A,117.246,29.2958,景德镇市,陶研所,,9,7,21,6,15,24,NA,NA,NA,4,13,3,4,0.8,1.1
2026-08-16T0100,2348A,113.8384,27.6436,萍乡市,中医院,,37,37,21,13,12,36,NA,NA,NA,18,11,6,7,0.6,0.7
2026-08-16T0100,2350A,113.8677,27.6438,萍乡市,市环保局,,36,NA,18,25,18,45,NA,NA,NA,9,8,1,2,0.5,0.5
2026-08-16T0100,2351A,113.8663,27.6202,萍乡市,安源区政府,,28,21,18,19,14,37,NA,NA,NA,6,5,5,5,0.4,0.4
2026-08-16T0100,2353A,114.9887,27.8433,新余市,飞宇,,30,30,20,18,8,17,NA,NA,NA,12,12,4,4,0.9,0.7
2026-08-16T0100,2354A,114.9234,27.8248,新余市,第二水厂,,28,28,18,19,8,64,NA,NA,NA,9,8,4,3,0.8,0.7
2026-08-16T0100,2355A,114.931,27.8037,新余市,市气象局,,32,32,18,22,10,74,NA,NA,NA,7,6,1,1,1.0,0.7
2026-08-16T0100,2358A,117.0561,28.2641,鹰潭市,新监测站,,31,31,23,12,8,70,NA,NA,NA,4,4,4,4,0.6,0.6
2026-08-16T0100,2359A,117.0312,28.2474,鹰潭市,财苑宾馆,,28,28,24,19,11,61,NA,NA,NA,10,6,5,4,/,/
2026-08-16T0100,2360A,117.0221,28.2263,鹰潭市,体育馆,,24,24,27,14,8,62,NA,NA,NA,6,6,5,4,0.7,0.6
2026-08-16T0100,2363A,114.9368,25.8663,赣州市,地委,,15,15,22,9,7,30,NA,NA,NA,12,6,13,5,0.9,0.9
2026-08-16T0100,2364A,114.946,25.8483,赣州市,气象台,,18,18,16,3,6,40,NA,NA,NA,6,9,11,5,0.6,0.7
2026-08-16T0100,2365A,114.932,25.8332,赣州市,市图书馆,,16,16,15,5,6,44,NA,NA,NA,6,6,6,4,1.0,0.9
2026-08-16T0100,2366A,114.8905,25.8472,赣州市,华坚鞋城,,19,19,23,4,9,45,NA,NA,NA,3,8,2,2,0.6,0.7
2026-08-16T0100,2367A,114.9753,27.0803,吉安市,红声器材厂,,36,36,23,5,4,50,NA,NA,NA,5,6,7,7,0.3,0.4
2026-08-16T0100,2369A,114.9903,27.1313,吉安市,市环境监测站,,16,14,15,2,3,49,NA,NA,NA,4,4,8,9,/,/
2026-08-16T0100,2370A,115.009527,27.096792,吉安市,青原区法院,,17,17,17,2,4,54,NA,NA,NA,5,6,6,7,0.3,0.5
2026-08-16T0100,2373A,114.3954,27.7843,宜春市,市石油公司,,38,38,23,16,12,64,NA,NA,NA,16,13,10,10,0.7,0.8
2026-08-16T0100,2374A,114.37,27.7916,宜春市,市气象局,,36,36,25,17,13,56,NA,NA,NA,10,8,5,3,0.8,0.9
2026-08-16T0100,2375A,114.401,27.8059,宜春市,市广电局,,38,NA,19,26,15,66,NA,NA,NA,10,8,7,4,0.4,0.6
2026-08-16T0100,2377A,116.3544,27.9833,抚州市,市站,,26,26,25,4,10,69,NA,NA,NA,5,6,1,3,0.8,0.7
2026-08-16T0100,2378A,116.3562,27.9631,抚州市,血防站,,34,34,28,7,7,70,NA,NA,NA,5,7,7,7,0.7,0.7
2026-08-16T0100,2379A,116.3561,28.0007,抚州市,采茶剧团,,24,23,24,14,10,76,NA,NA,NA,7,7,11,11,0.4,0.4
2026-08-16T0100,2380A,116.3854,27.9648,抚州市,医学分院,,23,23,22,6,9,71,NA,NA,NA,5,5,4,5,0.7,0.7
2026-08-16T0100,2382A,117.9758,28.4439,上饶市,市监测站,,28,28,53,8,18,13,NA,NA,NA,16,6,1,7,/,/
2026-08-16T0100,2383A,117.9521,28.4637,上饶市,凤凰光学,,20,19,28,14,34,38,NA,NA,NA,8,6,4,14,0.5,0.5
2026-08-16T0100,2385A,114.17,35.9019,鹤壁市,市监测站,细颗粒物(PM2.5),58,NA,33,39,29,64,NA,NA,NA,2,3,4,4,0.6,0.7
2026-08-16T0100,2386A,114.2953,35.7512,鹤壁市,市交警支队,,42,42,34,27,24,53,NA,NA,NA,15,12,3,2,0.5,0.5
2026-08-16T0100,2387A,114.2877,35.7302,鹤壁市,迎宾馆,,35,NA,37,24,20,44,NA,NA,NA,9,8,1,2,0.6,0.6
2026-08-16T0100,2389A,113.836,35.3104,新乡市,环保西院,,50,50,42,27,23,51,NA,NA,NA,20,13,8,10,0.7,0.7
2026-08-16T0100,2390A,113.8847,35.2724,新乡市,开发区,,39,37,30,27,19,73,NA,NA,NA,16,13,8,9,0.5,0.5
2026-08-16T0100,2391A,113.8836,35.3028,新乡市,环保东院,,38,38,41,16,19,86,NA,NA,NA,13,10,6,8,0.4,0.4
2026-08-16T0100,2392A,115.0312,35.7636,濮阳市,环保局,,46,NA,40,32,27,99,NA,NA,NA,10,11,4,7,0.7,0.6
2026-08-16T0100,2398A,113.7904,33.9949,许昌市,开发区,颗粒物(PM10),66,72,45,39,29,52,NA,NA,NA,16,13,4,4,0.9,0.6
2026-08-16T0100,2399A,114.051,33.5721,漯河市,三五一五工厂,,40,29,39,28,31,56,NA,NA,NA,22,15,6,5,0.4,0.5
2026-08-16T0100,2400A,114.0055,33.5698,漯河市,漯河大学,,31,31,47,20,33,54,NA,NA,NA,18,13,6,7,0.5,0.6
2026-08-16T0100,2401A,114.0134,33.5826,漯河市,市水利局,,26,24,37,18,30,58,NA,NA,NA,17,14,6,7,0.5,0.6
2026-08-16T0100,2402A,114.0261,33.5697,漯河市,市广电局,,34,34,42,17,26,56,NA,NA,NA,17,10,4,6,0.5,0.6
2026-08-16T0100,2404A,112.5338,33.0086,南阳市,瓦房庄,,46,46,37,26,18,54,NA,NA,NA,18,10,5,5,0.6,0.5
2026-08-16T0100,2405A,112.5002,32.9734,南阳市,汉画馆,,40,40,34,26,18,40,NA,NA,NA,17,11,6,6,0.8,0.8
2026-08-16T0100,2406A,112.5778,33.0144,南阳市,气象站,,46,46,33,24,17,59,NA,NA,NA,13,7,7,7,0.6,0.5
2026-08-16T0100,2407A,112.548,32.9687,南阳市,理工学院,,44,44,34,27,20,42,NA,NA,NA,27,11,7,8,0.8,0.7
2026-08-16T0100,2408A,115.6701,34.4283,商丘市,环境监测站,,33,33,26,14,17,59,NA,NA,NA,7,5,5,6,0.3,0.3
2026-08-16T0100,2409A,115.6458,34.4047,商丘市,粮食局,,34,34,27,17,14,52,NA,NA,NA,12,6,4,5,0.4,0.3
2026-08-16T0100,2420A,114.0194,32.9648,驻马店市,市一纸厂,,18,18,32,11,22,44,NA,NA,NA,16,10,5,6,0.3,0.3
2026-08-16T0100,2421A,114.0112,33.0149,驻马店市,市彩印厂,,24,24,55,9,21,58,NA,NA,NA,7,7,6,7,0.2,0.3
2026-08-16T0100,2423A,115.0547,30.2332,黄石市,沈家营,,32,32,26,10,8,32,NA,NA,NA,11,5,5,4,0.5,0.6
2026-08-16T0100,2426A,114.899,30.211,黄石市,铁山,,28,28,25,9,6,17,NA,NA,NA,15,10,4,4,0.5,0.5
2026-08-16T0100,2427A,115.0259,30.2108,黄石市,团城山,,43,43,25,16,7,41,NA,NA,NA,14,5,12,5,0.7,0.7
2026-08-16T0100,2429A,110.78,32.6494,十堰市,滨河新村,,39,39,28,24,12,27,NA,NA,NA,14,11,/,/,0.9,0.8
2026-08-16T0100,2430A,110.7305,32.6408,十堰市,刘家沟,,39,39,28,20,10,32,NA,NA,NA,5,5,/,/,/,/
2026-08-16T0100,2431A,110.8843,32.5712,十堰市,铁二处,,21,21,26,12,13,19,NA,NA,NA,5,6,8,8,0.6,0.6
2026-08-16T0100,2432A,112.1555,32.0197,襄阳市,襄城运动路,NA,NA,48,34,27,21,NA,NA,NA,NA,21,10,8,8,0.7,0.5
2026-08-16T0100,2434A,112.1829,32.1146,襄阳市,高新管委会,,45,42,35,31,26,52,NA,NA,NA,19,12,7,7,0.6,0.6
2026-08-16T0100,2435A,112.2105,32.0903,襄阳市,襄州航空路,,38,37,37,26,25,46,NA,NA,NA,13,14,8,8,0.9,0.7
2026-08-16T0100,2436A,114.894,30.3989,鄂州市,市政府,,15,15,16,3,6,23,NA,NA,NA,14,14,3,4,0.4,0.4
2026-08-16T0100,2437A,114.8986,30.3714,鄂州市,赵家坝,,25,25,17,6,6,28,NA,NA,NA,17,11,8,8,0.5,0.5
2026-08-16T0100,2439A,112.2012,31.048,荆门市,竹园小学,,35,34,37,24,23,38,NA,NA,NA,11,5,6,7,0.6,0.6
2026-08-16T0100,2440A,112.1968,30.9892,荆门市,掇刀,,40,40,30,26,22,33,NA,NA,NA,22,5,8,8,0.5,0.5
2026-08-16T0100,2444A,113.9062,30.9378,孝感市,东城区,,14,14,18,0,2,40,NA,NA,NA,9,4,4,4,0.4,0.4
2026-08-16T0100,2446A,114.9021,30.474,黄冈市,职工中心,,15,13,11,10,5,32,NA,NA,NA,14,6,9,9,0.3,0.3
2026-08-16T0100,2451A,113.3587,31.7275,随州市,市委党校,NA,NA,36,33,21,17,NA,NA,NA,NA,31,9,8,8,0.9,0.8
2026-08-16T0100,2452A,113.3745,31.6926,随州市,市林业局,,23,23,27,12,15,44,NA,NA,NA,12,7,5,2,0.7,0.7
2026-08-16T0100,2453A,113.3984,31.7309,随州市,市立交桥水厂,,23,23,26,8,15,34,NA,NA,NA,9,5,4,4,0.6,0.5
2026-08-16T0100,2454A,109.4978,30.2979,恩施土家族苗族自治州,湖北民院,,28,28,17,9,7,42,NA,NA,NA,2,2,6,6,0.4,0.1
2026-08-16T0100,2457A,112.6209,26.9268,衡阳市,衡阳化工总厂,颗粒物(PM10),64,69,19,21,11,15,NA,NA,NA,24,11,5,5,0.6,0.5
2026-08-16T0100,2458A,112.621,26.8957,衡阳市,珠晖区环保局,,33,31,18,23,9,35,NA,NA,NA,18,12,8,7,1.4,0.9
2026-08-16T0100,2459A,112.628,26.8654,衡阳市,市委党校,,40,40,22,24,12,25,NA,NA,NA,20,8,6,5,0.9,0.9
2026-08-16T0100,2460A,112.6007,26.8977,衡阳市,市监测站,,32,32,17,21,11,27,NA,NA,NA,24,9,2,2,2.3,0.7
2026-08-16T0100,2461A,112.5658,26.9013,衡阳市,真空机电公司,,48,48,17,29,14,22,NA,NA,NA,29,9,7,6,1.3,0.8
2026-08-16T0100,2464A,111.5277,27.2442,邵阳市,市化工厂,细颗粒物(PM2.5),62,NA,19,41,19,19,NA,NA,NA,20,8,5,5,0.5,0.4
2026-08-16T0100,2466A,111.4327,27.2276,邵阳市,市环保局,颗粒物(PM10),63,67,22,37,19,16,NA,NA,NA,25,10,4,4,0.8,0.7
2026-08-16T0100,2468A,112.3458,28.581,益阳市,市环保局,,39,NA,27,27,21,54,NA,NA,NA,6,7,6,6,0.9,0.8
2026-08-16T0100,2473A,113.0116,25.8228,郴州市,市职中,,29,29,21,20,12,11,NA,NA,NA,13,5,6,6,0.7,0.6
2026-08-16T0100,2475A,113.0381,25.8074,郴州市,市审计局,,33,31,18,23,15,17,NA,NA,NA,15,8,7,6,/,/
2026-08-16T0100,2476A,113.0348,25.7757,郴州市,市环保局,细颗粒物(PM2.5),64,51,16,42,16,33,NA,NA,NA,12,7,20,10,0.9,0.6
2026-08-16T0100,2478A,111.6126,26.4266,永州市,市环境监测站,,30,30,21,21,13,42,NA,NA,NA,14,8,10,6,0.8,0.8
2026-08-16T0100,2480A,111.6248,26.3803,永州市,永州市环保局,,30,28,20,21,14,63,NA,NA,NA,6,5,6,6,0.8,0.8
2026-08-16T0100,2481A,111.5989,26.4523,永州市,冷水滩区环保局,,33,33,26,20,13,48,NA,NA,NA,9,5,6,7,0.8,0.7
2026-08-16T0100,2483A,109.9297,27.5383,怀化市,河西地税局,,37,37,24,23,16,2,NA,NA,NA,20,11,8,10,/,/
2026-08-16T0100,2484A,109.9783,27.5342,怀化市,市四医院,,28,26,24,19,17,27,NA,NA,NA,14,10,6,6,0.4,0.4
2026-08-16T0100,2485A,109.9971,27.5579,怀化市,监测楼,颗粒物(PM10),51,51,32,13,21,20,NA,NA,NA,12,8,1,5,0.4,0.3
2026-08-16T0100,2488A,111.9984,27.7346,娄底市,市监测站,,48,48,28,31,18,25,NA,NA,NA,29,12,3,4,1.0,0.7
2026-08-16T0100,2491A,111.9888,27.7035,娄底市,市政府,细颗粒物(PM2.5),70,NA,20,45,24,38,NA,NA,NA,7,5,10,6,0.4,0.4
2026-08-16T0100,2493A,109.7298,28.3164,湘西土家族苗族自治州,州政府,,39,39,28,18,15,16,NA,NA,NA,5,5,3,3,0.4,0.4
2026-08-16T0100,2494A,109.6957,28.2676,湘西土家族苗族自治州,吉首市计生局,,28,20,21,19,13,14,NA,NA,NA,9,8,5,4,0.2,0.2
2026-08-16T0100,2496A,111.3126,23.4772,梧州市,市十一中,,41,41,16,18,6,11,NA,NA,NA,28,15,8,8,0.8,0.7
2026-08-16T0100,2498A,111.26,23.4794,梧州市,龙新,,46,46,24,11,8,6,NA,NA,NA,24,14,11,9,0.9,0.9
2026-08-16T0100,2499A,108.3411,21.6159,防城港市,沙万,,37,22,31,21,17,116,NA,NA,NA,9,9,4,5,0.7,0.7
2026-08-16T0100,2500A,108.3515,21.7733,防城港市,防城档案局,,30,12,31,9,16,94,NA,NA,NA,2,5,3,4,0.5,0.6
2026-08-16T0100,2501A,108.3506,21.6414,防城港市,大海花园,,40,NA,26,22,18,126,NA,NA,NA,4,6,5,6,0.6,0.6
2026-08-16T0100,2502A,108.6238,21.9667,钦州市,市环保站,,32,29,25,19,14,101,NA,NA,NA,7,9,6,6,0.7,0.8
2026-08-16T0100,2503A,108.655,21.9481,钦州市,沙埠小学,,28,28,26,8,14,88,NA,NA,NA,9,12,8,8,0.5,0.6
2026-08-16T0100,2504A,108.5989,21.7435,钦州市,港区一小,,33,33,31,7,14,100,NA,NA,NA,8,10,5,6,0.8,0.8
2026-08-16T0100,2506A,109.604387,23.066791,贵港市,江南子站,,22,19,16,15,13,44,NA,NA,NA,17,11,6,3,0.8,0.7
2026-08-16T0100,2508A,109.5669,23.1065,贵港市,荷城子站,,17,17,14,10,10,53,NA,NA,NA,13,12,4,3,0.7,0.6
2026-08-16T0100,2511A,110.1433,22.6162,玉林市,南江一中,,22,22,22,15,11,52,NA,NA,NA,14,12,10,11,0.5,0.5
2026-08-16T0100,2512A,106.6102,23.901,百色市,市监测站,,17,17,12,5,5,10,NA,NA,NA,21,7,7,7,0.6,0.5
2026-08-16T0100,2513A,106.6524,23.8842,百色市,市中心血站,,41,41,21,11,10,13,NA,NA,NA,22,10,7,9,0.4,0.5
2026-08-16T0100,2514A,111.5264,24.4178,贺州市,环保小区,,25,23,16,17,12,35,NA,NA,NA,10,6,13,12,0.4,0.4
2026-08-16T0100,2515A,111.561,24.4074,贺州市,政协大楼,,35,NA,13,24,13,25,NA,NA,NA,12,9,12,12,0.6,0.6
2026-08-16T0100,2517A,108.0496,24.6957,河池市,市环保站,,19,19,14,8,7,23,NA,NA,NA,12,6,6,6,0.8,0.7
2026-08-16T0100,2520A,109.2203,23.7252,来宾市,来宾技工学校,颗粒物(PM10),58,60,22,33,18,21,NA,NA,NA,31,11,25,10,0.7,0.6
2026-08-16T0100,2521A,107.3473,22.4137,崇左市,市环保局江州分局,,16,8,21,4,8,51,NA,NA,NA,6,7,3,3,0.5,0.5
2026-08-16T0100,2524A,105.8211,32.4444,广元市,老城,,37,37,24,17,10,35,NA,NA,NA,27,16,4,5,0.6,0.5
2026-08-16T0100,2526A,105.8629,32.429,广元市,监测站,,30,30,32,16,12,55,NA,NA,NA,11,11,7,8,0.5,0.5
2026-08-16T0100,2528A,105.5581,30.5231,遂宁市,市监测站,颗粒物(PM10),51,51,36,28,19,53,NA,NA,NA,22,19,8,8,0.8,0.7
2026-08-16T0100,2530A,105.5917,30.4727,遂宁市,美宁食品公司,细颗粒物(PM2.5),78,71,40,49,26,34,NA,NA,NA,55,28,9,9,1.0,0.8
2026-08-16T0100,2531A,105.0703,29.61,内江市,市监测站,细颗粒物(PM2.5),106,NA,40,66,38,65,NA,NA,NA,14,13,10,10,0.8,0.6
2026-08-16T0100,2533A,105.0657,29.5807,内江市,内江二中,细颗粒物(PM2.5),76,58,42,48,36,69,NA,NA,NA,16,18,11,12,0.5,0.4
2026-08-16T0100,2534A,105.0407,29.5828,内江市,内江日报社,细颗粒物(PM2.5),78,NA,30,49,33,50,NA,NA,NA,42,19,12,12,0.6,0.4
2026-08-16T0100,2536A,103.7629,29.5844,乐山市,牛耳桥,细颗粒物(PM2.5),90,88,55,55,29,73,NA,NA,NA,19,17,7,7,1.2,1.2
2026-08-16T0100,2537A,103.7501,29.6002,乐山市,市第三水厂,细颗粒物(PM2.5),98,78,49,59,33,71,NA,NA,NA,22,16,4,5,0.9,0.8
2026-08-16T0100,2538A,103.7571,29.5664,乐山市,市监测站,细颗粒物(PM2.5),80,74,54,50,32,72,NA,NA,NA,21,15,9,7,1.3,1.2
2026-08-16T0100,2540A,103.8414,30.0871,眉山市,气象局,细颗粒物(PM2.5),72,52,38,46,28,79,NA,NA,NA,22,32,9,9,1.1,1
2026-08-16T0100,2544A,106.6307,30.4577,广安市,市委,细颗粒物(PM2.5),58,NA,23,39,20,48,NA,NA,NA,13,11,10,10,0.5,0.4
2026-08-16T0100,2545A,106.6266,30.4662,广安市,友谊中学,细颗粒物(PM2.5),54,NA,22,37,19,61,NA,NA,NA,11,9,12,12,0.6,0.5
2026-08-16T0100,2547A,106.6386,30.4551,广安市,广电花园,细颗粒物(PM2.5),54,38,22,37,23,62,NA,NA,NA,10,9,10,10,0.6,0.6
2026-08-16T0100,2549A,107.5087,31.2186,达州市,市环境监测站,,38,38,30,20,10,32,NA,NA,NA,25,18,6,7,0.6,0.5
2026-08-16T0100,2550A,107.4988,31.2132,达州市,凤凰小区,,44,44,30,27,12,38,NA,NA,NA,26,18,6,6,0.5,0.4
2026-08-16T0100,2551A,107.5081,31.1987,达州市,达县机关宾馆,细颗粒物(PM2.5),66,53,36,43,18,27,NA,NA,NA,40,30,5,6,0.6,0.5
2026-08-16T0100,2552A,107.4644,31.2124,达州市,市政中心,颗粒物(PM10),53,54,41,28,14,34,NA,NA,NA,34,21,4,5,0.4,0.3
2026-08-16T0100,2555A,103.011,29.9833,雅安市,市政府,,36,36,36,23,24,78,NA,NA,NA,9,9,5,6,0.6,0.6
2026-08-16T0100,2556A,102.9907,29.9778,雅安市,川农大,细颗粒物(PM2.5),54,40,28,37,23,70,NA,NA,NA,17,7,5,5,0.7,0.6
2026-08-16T0100,2562A,104.6357,30.1508,资阳市,资阳中学,细颗粒物(PM2.5),101,67,49,61,36,76,NA,NA,NA,13,12,11,10,0.7,0.5
2026-08-16T0100,2565A,104.6297,30.1259,资阳市,区法院,细颗粒物(PM2.5),102,NA,36,62,38,72,NA,NA,NA,20,17,10,9,0.8,0.7
2026-08-16T0100,2568A,102.2503,31.8896,阿坝藏族羌族自治州,马师校,,29,29,22,8,8,50,NA,NA,NA,4,6,4,4,0.4,0.3
2026-08-16T0100,2570A,101.96,30.048,甘孜藏族自治州,水桥子,,38,14,19,13,10,119,NA,NA,NA,8,17,3,3,0.4,0.4
2026-08-16T0100,2573A,102.2629,27.8981,凉山彝族自治州,西昌市政府,,32,32,22,17,17,76,NA,NA,NA,3,7,3,6,0.5,0.4
2026-08-16T0100,2574A,102.2686,27.885,凉山彝族自治州,凉山州政府,,25,22,23,17,15,76,NA,NA,NA,4,8,2,5,0.5,0.4
2026-08-16T0100,2577A,104.8293,26.592,六盘水市,黄土坡,,26,24,19,18,13,68,NA,NA,NA,8,9,3,4,0.3,0.4
2026-08-16T0100,2579A,104.8481,26.5898,六盘水市,民中,,30,20,19,18,14,94,NA,NA,NA,7,13,2,2,0.4,0.4
2026-08-16T0100,2580A,104.9541,26.5506,六盘水市,双水,,25,17,21,9,14,77,NA,NA,NA,5,11,5,6,0.5,0.6
2026-08-16T0100,2585A,109.1839,27.7344,铜仁市,铜仁卫校,,34,34,26,10,7,18,NA,NA,NA,12,5,2,2,0.5,0.5
2026-08-16T0100,2586A,109.1752,27.6945,铜仁市,铜仁七中,,24,24,20,9,8,22,NA,NA,NA,7,6,4,4,0.4,0.4
2026-08-16T0100,2587A,105.287,27.3133,毕节市,八中,,29,20,23,20,22,24,NA,NA,NA,23,15,4,6,0.5,0.5
2026-08-16T0100,2588A,105.3079,27.2987,毕节市,师专,,32,32,28,18,17,28,NA,NA,NA,19,14,6,9,0.5,0.5
2026-08-16T0100,2589A,104.9022,25.0943,黔西南布依族苗族自治州,场坝街,,25,NA,20,17,18,58,NA,NA,NA,13,12,32,23,0.4,0.4
2026-08-16T0100,2590A,104.8812,25.0994,黔西南布依族苗族自治州,坪东大道,,27,27,21,18,17,62,NA,NA,NA,10,11,17,10,0.4,0.4
2026-08-16T0100,2591A,107.9765,26.5724,黔东南苗族侗族自治州,市环境监测站,,22,19,14,15,9,25,NA,NA,NA,16,5,2,2,0.5,0.5
2026-08-16T0100,2593A,107.5223,26.2371,黔南布依族苗族自治州,小围寨,,15,NA,7,10,7,33,NA,NA,NA,9,6,5,4,0.5,0.5
2026-08-16T0100,2594A,99.1589,25.1137,保山市,市环境监测站,,11,11,16,2,7,33,NA,NA,NA,5,10,7,7,0.3,0.3
2026-08-16T0100,2595A,99.1616,25.1381,保山市,市环保局,,12,NA,9,8,7,35,NA,NA,NA,3,5,5,5,0.4,0.5
2026-08-16T0100,2596A,103.7668,27.3736,昭通市,监测站,颗粒物(PM10),57,59,41,29,26,81,NA,NA,NA,22,11,14,9,0.5,0.4
2026-08-16T0100,2599A,100.2497,26.8802,丽江市,丽江古城,,29,24,17,20,9,66,NA,NA,NA,6,4,7,8,0.6,0.5
2026-08-16T0100,2600A,100.2203,26.8906,丽江市,市中心,,28,28,17,11,8,53,NA,NA,NA,9,8,8,8,0.4,0.4
2026-08-16T0100,2601A,100.9801,22.7634,普洱市,市环保局,,27,27,28,6,8,38,NA,NA,NA,3,6,6,6,0.8,0.8
2026-08-16T0100,2602A,100.9763,22.8237,普洱市,普洱第二中学,,26,26,23,8,9,27,NA,NA,NA,12,8,8,8,0.6,0.6
2026-08-16T0100,2603A,100.0779,23.8981,临沧市,市环保局,,10,NA,20,7,9,32,NA,NA,NA,10,9,8,9,0.6,0.6
2026-08-16T0100,2604A,100.0894,23.882,临沧市,市气象局,,19,16,18,13,10,36,NA,NA,NA,10,7,9,10,0.5,0.5
2026-08-16T0100,2606A,101.5379,25.0492,楚雄彝族自治州,市经济开发区,,33,33,24,16,14,73,NA,NA,NA,7,13,3,3,0.4,0.3
2026-08-16T0100,2610A,104.2533,23.3595,文山壮族苗族自治州,州水务局,,19,18,30,9,17,60,NA,NA,NA,10,10,8,9,0.3,0.4
2026-08-16T0100,2611A,104.2319,23.3892,文山壮族苗族自治州,市便民服务中心,,23,19,25,13,17,71,NA,NA,NA,14,13,3,5,0.3,0.3
2026-08-16T0100,2612A,100.8018,21.9995,西双版纳傣族自治州,景洪市江南,,26,26,20,14,10,36,NA,NA,NA,6,6,11,11,0.9,0.8
2026-08-16T0100,2613A,100.7995,22.0238,西双版纳傣族自治州,景洪市江北,,22,22,19,12,11,23,NA,NA,NA,6,6,9,9,0.7,0.7
2026-08-16T0100,2614A,100.2168,25.5818,大理白族自治州,大理市环境监测站,,22,11,10,10,6,69,NA,NA,NA,8,6,5,5,0.2,0.2
2026-08-16T0100,2615A,100.1542,25.7055,大理白族自治州,大理古城,,19,NA,15,5,10,60,NA,NA,NA,10,11,4,4,0.5,0.5
2026-08-16T0100,2616A,98.5611,24.4273,德宏傣族景颇族自治州,德宏州监测站,,22,NA,10,15,9,27,NA,NA,NA,9,7,8,9,0.6,0.7
2026-08-16T0100,2618A,98.859,25.8541,怒江傈僳族自治州,州监测站,,26,26,18,8,7,19,NA,NA,NA,18,8,5,5,0.5,0.4
2026-08-16T0100,2619A,98.8607,25.8168,怒江傈僳族自治州,泸水一中,,18,12,15,12,7,25,NA,NA,NA,18,10,4,4,0.5,0.5
2026-08-16T0100,2621A,99.7054,27.8319,迪庆藏族自治州,迪庆州站,,22,18,17,9,8,70,NA,NA,NA,8,10,8,8,0.1,0.2
2026-08-16T0100,2622A,97.1813,31.1289,昌都市,昌都监测站,,26,NA,9,3,4,83,NA,NA,NA,4,5,4,4,0.2,0.2
2026-08-16T0100,2624A,91.7592,29.234,山南市,山南监测站,,26,7,7,2,2,81,NA,NA,NA,2,3,8,8,0.2,0.2
2026-08-16T0100,2625A,91.7701,29.2436,山南市,山南人民医院,,25,8,10,4,3,80,NA,NA,NA,1,3,9,9,0.3,0.3
2026-08-16T0100,2626A,88.8873,29.2723,日喀则市,日喀则监测站,,23,2,4,0,2,73,NA,NA,NA,4,5,5,6,0.4,0.3
2026-08-16T0100,2628A,92.0653,31.4846,那曲市,那曲监测站,,25,6,15,5,12,78,NA,NA,NA,5,10,7,7,0.3,0.4
2026-08-16T0100,2630A,80.1171,32.4999,阿里地区,阿里监测站,,26,17,11,3,2,82,NA,NA,NA,16,5,4,6,0.2,0.1
2026-08-16T0100,2632A,94.3683,29.6373,林芝市,林芝监测站,,18,5,6,1,4,55,NA,NA,NA,3,4,3,3,0.4,0.5
2026-08-16T0100,2633A,94.3616,29.6634,林芝市,林芝人民医院,,14,5,7,1,5,44,NA,NA,NA,5,5,3,3,0.3,0.3
2026-08-16T0100,2635A,107.0155,33.0707,汉中市,市监测站,NA,NA,NA,21,21,13,58,NA,NA,NA,7,7,4,4,0.4,0.4
2026-08-16T0100,2636A,107.0083,33.114,汉中市,鑫源开发区,,20,NA,20,10,10,64,NA,NA,NA,7,8,5,6,0.2,0.2
2026-08-16T0100,2637A,107.0072,33.0323,汉中市,南郑大河坎水厂,,39,33,23,27,15,51,NA,NA,NA,10,8,6,5,0.7,0.7
2026-08-16T0100,2639A,109.7445,38.2919,榆林市,世纪广场,,32,6,22,6,13,100,NA,NA,NA,12,8,5,8,0.3,0.4
2026-08-16T0100,2640A,109.729,38.2837,榆林市,实验中学,,31,6,23,6,13,97,NA,NA,NA,10,8,5,7,0.3,0.3
2026-08-16T0100,2641A,109.7347,38.2491,榆林市,环保监测大楼,,29,16,24,7,14,92,NA,NA,NA,11,9,5,9,0.2,0.3
2026-08-16T0100,2644A,109.0088,32.6974,安康市,汉滨区检察院,,18,18,20,6,8,16,NA,NA,NA,7,6,5,6,0.4,0.4
2026-08-16T0100,2645A,109.9155,33.8714,商洛市,监测站,,25,25,24,12,12,4,NA,NA,NA,17,12,8,10,0.4,0.4
2026-08-16T0100,2647A,104.1727,36.5448,白银市,第三小学,,32,26,31,22,13,85,NA,NA,NA,12,9,8,13,0.6,0.7
2026-08-16T0100,2648A,104.1467,36.5482,白银市,动力公司,,32,32,24,14,10,76,NA,NA,NA,16,12,2,3,1.0,0.7
2026-08-16T0100,2650A,105.72058,34.57859,天水市,公园小学,,33,33,32,18,16,31,NA,NA,NA,22,14,9,8,0.6,0.6
2026-08-16T0100,2651A,105.89428,34.55353,天水市,麦积国土局,,27,27,26,17,16,36,NA,NA,NA,15,8,9,11,0.4,0.4
2026-08-16T0100,2652A,102.6203,37.925,武威市,监测站,,48,48,59,16,19,100,NA,NA,NA,5,11,11,11,0.2,0.3
2026-08-16T0100,2654A,100.4699,38.9525,张掖市,润泉湖,,37,37,171,13,48,99,NA,NA,NA,8,9,8,8,0.3,0.3
2026-08-16T0100,2655A,100.4155,38.9422,张掖市,区工会,,39,39,162,18,49,99,NA,NA,NA,8,6,8,7,0.5,0.5
2026-08-16T0100,2656A,106.6633,35.5338,平凉市,聚贤嘉苑,,35,32,40,24,26,38,NA,NA,NA,18,24,9,9,0.7,0.8
2026-08-16T0100,2657A,106.7021,35.5307,平凉市,博物馆,,42,42,47,16,26,36,NA,NA,NA,19,22,8,9,0.7,0.7
2026-08-16T0100,2661A,107.6325,35.7357,庆阳市,庆阳五中,,26,22,29,18,15,69,NA,NA,NA,19,9,2,2,0.3,0.4
2026-08-16T0100,2662A,107.6361,35.7067,庆阳市,市环保局,,27,21,30,12,16,86,NA,NA,NA,10,9,3,4,0.5,0.6
2026-08-16T0100,2669A,102.9097,34.9841,甘南藏族自治州,州政府,,36,36,23,10,13,26,NA,NA,NA,32,10,5,6,0.3,0.3
2026-08-16T0100,2671A,100.9016,36.9464,海北藏族自治州,海晏县西海镇,,33,27,17,23,11,63,NA,NA,NA,19,5,11,8,0.6,0.4
2026-08-16T0100,2672A,102.02,35.5101,黄南藏族自治州,同仁县隆务镇,,27,27,24,12,13,81,NA,NA,NA,2,3,8,8,0.2,0.2
2026-08-16T0100,2673A,100.6158,36.2985,海南藏族自治州,共和县恰卜恰镇,,33,33,19,16,9,67,NA,NA,NA,18,5,7,8,0.5,0.5
2026-08-16T0100,2674A,100.2262,34.4854,果洛藏族自治州,玛沁县大武镇,,19,12,12,4,6,59,NA,NA,NA,1,2,19,17,0.4,0.4
2026-08-16T0100,2675A,97.0386,33.0138,玉树藏族自治州,玉树县结古镇,,25,4,10,3,3,77,NA,NA,NA,8,10,6,6,0.4,0.4
2026-08-16T0100,2676A,97.373,37.376,海西蒙古族藏族自治州,德令哈市,,45,27,25,7,10,141,NA,NA,NA,2,2,12,11,0.3,0.4
2026-08-16T0100,2677A,106.1535,37.9648,吴忠市,教育园区,,40,40,49,20,22,78,NA,NA,NA,9,15,6,9,0.3,0.5
2026-08-16T0100,2679A,106.1851,37.9957,吴忠市,新区二泵站,,48,48,50,15,19,77,NA,NA,NA,10,14,6,13,0.3,0.5
2026-08-16T0100,2682A,105.1965,37.4996,中卫市,环保局站,颗粒物(PM10),72,80,39,31,16,94,NA,NA,NA,14,19,4,3,0.7,0.5
2026-08-16T0100,2684A,106.2753,36.0057,固原市,监测站,,22,22,21,12,15,61,NA,NA,NA,29,17,7,6,0.4,0.4
2026-08-16T0100,2685A,106.2384,36.0189,固原市,新区,,22,22,22,6,14,34,NA,NA,NA,43,17,6,7,0.9,0.5
2026-08-16T0100,2686A,89.1905,42.9419,吐鲁番市,市环保局,颗粒物(PM10),98,117,233,52,54,112,NA,NA,NA,5,10,5,5,0.5,0.5
2026-08-16T0100,2687A,89.1674,42.9558,吐鲁番市,地区环保局,颗粒物(PM10),90,106,213,42,61,87,NA,NA,NA,10,13,3,2,0.8,0.8
2026-08-16T0100,2688A,93.5124,42.8176,哈密市,地区监测站,颗粒物(PM10),457,557,95,168,30,117,NA,NA,NA,2,12,2,4,0.1,0.3
2026-08-16T0100,2689A,93.5014,42.8312,哈密市,哈密师范学校,颗粒物(PM10),460,560,98,160,28,115,NA,NA,NA,3,13,6,7,0.2,0.3
2026-08-16T0100,2692A,87.2722,44.0298,昌吉回族自治州,新区政务中心,颗粒物(PM10),95,113,40,18,13,99,NA,NA,NA,6,12,12,8,0.5,0.5
2026-08-16T0100,2693A,82.0482,44.8553,博尔塔拉蒙古自治州,市党校,,27,27,23,10,6,77,NA,NA,NA,5,4,3,3,0.1,0.1
2026-08-16T0100,2694A,82.0805,44.8966,博尔塔拉蒙古自治州,市环保局,NA,NA,27,34,5,6,NA,NA,NA,NA,8,7,4,4,0.2,0.1
2026-08-16T0100,2695A,80.2899,41.1684,阿克苏地区,电视台,细颗粒物(PM2.5),72,70,74,46,44,57,NA,NA,NA,18,12,3,4,0.7,0.6
2026-08-16T0100,2696A,80.2592,41.1541,阿克苏地区,艺术中心,细颗粒物(PM2.5),96,63,54,58,42,60,NA,NA,NA,31,16,3,4,0.6,0.4
2026-08-16T0100,2697A,76.1457,39.7143,克孜勒苏柯尔克孜自治州,市人民政府,颗粒物(PM10),109,142,59,60,22,80,NA,NA,NA,22,5,2,2,0.1,0.1
2026-08-16T0100,2698A,76.0071,39.466,喀什地区,巡警大队,细颗粒物(PM2.5),134,155,58,97,20,99,NA,NA,NA,18,8,4,4,0.3,0.2
2026-08-16T0100,2699A,75.9756,39.4693,喀什地区,吾办,颗粒物(PM10),120,170,56,66,17,92,NA,NA,NA,15,6,3,4,0.5,0.4
2026-08-16T0100,2704A,81.3002,43.9177,伊犁哈萨克自治州,新政府片区,,45,45,40,9,10,87,NA,NA,NA,15,11,4,4,0.6,0.6
2026-08-16T0100,2705A,81.3364,43.9409,伊犁哈萨克自治州,第二水厂,,36,36,44,16,12,86,NA,NA,NA,11,11,5,6,0.5,0.5
2026-08-16T0100,2706A,82.9993,46.7432,塔城地区,东门外小游园,,32,32,42,14,8,59,NA,NA,NA,3,4,1,2,0.1,0.2
2026-08-16T0100,2708A,88.1266,47.8515,阿勒泰地区,市站,,39,39,27,8,5,53,NA,NA,NA,14,12,9,9,0.5,0.4
2026-08-16T0100,2709A,86.0391,44.298,石河子市,艾青诗歌馆,颗粒物(PM10),129,195,67,11,10,105,NA,NA,NA,3,6,5,5,0.4,0.4
2026-08-16T0100,2711A,87.5352,44.1606,五家渠市,农水大厦,颗粒物(PM10),148,244,72,31,18,100,NA,NA,NA,2,14,2,3,0.2,0.4
2026-08-16T0100,2809A,113.6668,24.7756,韶关市,大学路288号,,16,15,18,11,8,33,NA,NA,NA,7,6,19,12,/,/
2026-08-16T0100,2835A,101.7222,26.567,攀枝花市,四十中小,颗粒物(PM10),52,52,44,31,25,45,NA,NA,NA,30,21,27,18,1.1,0.9
2026-08-16T0100,2842A,118.0937,24.5054,厦门市,湖里中学,,16,16,18,9,11,35,NA,NA,NA,9,11,3,2,0.5,0.4
2026-08-16T0100,2845A,113.1561,36.1912,长治市,德盛苑,,31,31,24,19,17,74,NA,NA,NA,6,8,10,11,1.0,1.2
2026-08-16T0100,2846A,113.3209,23.1323,广州市,体育西,,25,24,20,17,14,61,NA,NA,NA,37,23,5,5,0.7,0.6
2026-08-16T0100,2858A,117.7917,39.2473,天津市,河西一经路,颗粒物(PM10),55,56,44,35,19,102,NA,NA,NA,16,26,8,11,0.9,0.9
2026-08-16T0100,2859A,117.3747,38.9845,天津市,津沽路,颗粒物(PM10),55,57,40,30,19,101,NA,NA,NA,24,29,4,7,0.7,0.9
2026-08-16T0100,2860A,117.159,39.0844,天津市,宾水西道,颗粒物(PM10),56,58,29,28,16,113,NA,NA,NA,14,18,5,6,0.4,0.4
2026-08-16T0100,2865A,112.7195,37.683,晋中市,榆次三中,,38,14,28,9,21,120,NA,NA,NA,4,10,6,7,0.3,0.5
2026-08-16T0100,2867A,111.1225,37.5093,吕梁市,马茂庄小学,,27,14,41,12,14,84,NA,NA,NA,14,16,4,6,0.4,0.5
2026-08-16T0100,2868A,126.4737,43.953,吉林市,九站,,33,31,36,23,19,15,NA,NA,NA,34,23,14,11,0.5,0.5
2026-08-16T0100,2869A,119.4472,32.4156,扬州市,五台山医院,,26,26,14,11,7,35,NA,NA,NA,16,6,10,4,0.5,0.5
2026-08-16T0100,2870A,119.4369,32.1891,镇江市,市疾控中心,,23,23,15,12,7,9,NA,NA,NA,20,9,5,7,0.6,0.6
2026-08-16T0100,2871A,121.6156,29.9015,宁波市,万里国际学校,,49,NA,20,34,15,59,NA,NA,NA,12,10,7,7,0.7,0.6
2026-08-16T0100,2872A,120.7845,30.7524,嘉兴市,南湖区残联,,18,15,15,12,11,31,NA,NA,NA,15,14,5,5,0.5,0.5
2026-08-16T0100,2873A,120.083,30.8929,湖州市,仁皇山新区,,33,28,21,23,18,31,NA,NA,NA,17,18,4,4,0.6,0.6
2026-08-16T0100,2875A,115.783962,32.889217,阜阳市,阜阳职业技术学院,,48,48,25,30,16,33,NA,NA,NA,20,12,3,3,0.5,0.4
2026-08-16T0100,2877A,119.1638,36.6524,潍坊市,坊子邮政,,31,31,24,13,9,59,NA,NA,NA,19,11,3,3,0.2,0.2
2026-08-16T0100,2880A,104.0219,30.6561,成都市,大石西路,,50,50,52,27,38,120,NA,NA,NA,11,19,4,5,0.5,0.6
2026-08-16T0100,2881A,107.8909,26.531,黔东南苗族侗族自治州,凯里学院,,16,NA,6,11,11,24,NA,NA,NA,12,6,3,3,0.5,0.4
2026-08-16T0100,2882A,102.5388,24.3703,玉溪市,玉溪一中,,31,31,25,17,13,34,NA,NA,NA,16,12,4,4,0.4,0.3
2026-08-16T0100,2883A,102.5382,24.339,玉溪市,文体中心,,25,20,24,17,12,31,NA,NA,NA,29,13,7,6,0.7,0.5
2026-08-16T0100,2884A,98.2672,39.7978,嘉峪关市,酒钢宾馆,颗粒物(PM10),67,73,42,25,14,96,NA,NA,NA,13,14,11,10,0.5,0.6
2026-08-16T0100,2885A,104.9344,33.3827,陇南市,滨江中学,,31,31,25,18,15,69,NA,NA,NA,7,7,8,9,0.7,0.7
2026-08-16T0100,2894A,117.0561,32.6536,淮南市,经济技术开发区消防队,,30,21,14,21,13,32,NA,NA,NA,27,15,10,10,0.3,0.2
2026-08-16T0100,2897A,123.2429,41.7341,沈阳市,沈辽西路,,27,27,38,17,20,28,NA,NA,NA,27,27,4,5,1.2,0.8
2026-08-16T0100,2900A,123.5951,41.9085,沈阳市,裕农路,,15,15,18,10,11,31,NA,NA,NA,10,12,4,5,0.7,0.6
2026-08-16T0100,2902A,106.6347,30.4868,广安市,北辰小学,,45,37,33,31,21,62,NA,NA,NA,12,10,9,9,0.6,0.5
2026-08-16T0100,2907A,120.1846,30.8592,湖州市,吴兴区站,,25,22,18,17,17,31,NA,NA,NA,17,20,6,6,0.7,0.6
2026-08-16T0100,2919A,116.7022,39.5454,廊坊市,河北工业大学,,48,48,37,26,18,93,NA,NA,NA,13,10,3,2,0.6,0.5
2026-08-16T0100,2920A,117.71,24.5048,漳州市,蓝田镇,,26,26,24,18,15,37,NA,NA,NA,10,12,5,6,0.4,0.4
2026-08-16T0100,2921A,120.5482,30.0003,绍兴市,树下王站,,33,NA,15,23,15,45,NA,NA,NA,13,14,3,3,0.8,0.8
2026-08-16T0100,2922A,117.194,39.1069,天津市,大理道,颗粒物(PM10),55,56,33,30,16,122,NA,NA,NA,16,22,5,6,0.7,0.7
2026-08-16T0100,2924A,106.2266,38.4417,银川市,水乡路,,36,36,49,9,17,88,NA,NA,NA,8,17,6,8,0.4,0.6
2026-08-16T0100,2925A,106.2758,38.4841,银川市,上海东路,,49,49,44,12,17,87,NA,NA,NA,11,19,7,9,0.2,0.4
2026-08-16T0100,2926A,106.1016,38.4971,银川市,文昌北街,,38,38,54,5,18,75,NA,NA,NA,12,25,4,7,0.4,0.5
2026-08-16T0100,2929A,114.8858,30.4519,黄冈市,红卫路,NA,NA,12,11,NA,7,30,NA,NA,NA,11,8,8,8,0.3,0.1
2026-08-16T0100,2996A,118.2781,33.9658,宿迁市,市供电局,,25,22,22,17,16,46,NA,NA,NA,14,13,2,5,0.3,0.3
2026-08-16T0100,2997A,119.8767,32.3291,泰州市,王营,,15,10,6,10,4,39,NA,NA,NA,11,4,8,8,0.4,0.4
2026-08-16T0100,3000A,119.3577,34.6971,连云港市,德源药业,,24,24,34,7,15,22,NA,NA,NA,29,29,4,7,0.6,0.6
2026-08-16T0100,3002A,119.9701,31.813,常州市,行政中心,,23,23,18,14,9,30,NA,NA,NA,22,12,7,7,0.3,0.3
2026-08-16T0100,3003A,120.0434,31.7726,常州市,经开区,,31,31,22,14,9,29,NA,NA,NA,22,18,3,3,0.4,0.5
2026-08-16T0100,3004A,120.1543,33.3664,盐城市,宝龙广场,,17,17,10,4,3,24,NA,NA,NA,11,5,8,8,0.6,0.6
2026-08-16T0100,3005A,117.1812,34.29,徐州市,鼓楼区政府,,20,20,14,12,9,52,NA,NA,NA,15,14,6,6,0.6,0.5
2026-08-16T0100,3006A,117.1693,34.1781,徐州市,铜山区招生办,,31,31,22,21,9,19,NA,NA,NA,25,11,16,7,0.7,0.6
2026-08-16T0100,3007A,119.178,34.8442,连云港市,新城一中,,30,30,27,13,16,42,NA,NA,NA,21,14,9,13,0.5,0.8
2026-08-16T0100,3008A,119.3607,34.7519,连云港市,胡沟管理处,,22,19,19,9,12,29,NA,NA,NA,44,20,14,15,0.7,0.9
2026-08-16T0100,3009A,119.1478,34.5913,连云港市,矿山设计院,,25,22,20,17,11,6,NA,NA,NA,45,13,2,3,0.4,0.3
2026-08-16T0100,3010A,119.8919,31.7892,常州市,钟楼,,26,NA,16,18,9,29,NA,NA,NA,22,13,8,7,0.3,0.3
2026-08-16T0100,3012A,112.1849,31.0361,荆门市,西山林语,,35,34,33,24,22,43,NA,NA,NA,6,7,8,8,0.6,0.6
2026-08-16T0100,3014A,106.4958,29.5347,重庆市,歇台子,,35,35,24,11,8,83,NA,NA,NA,13,12,8,8,0.5,0.5
2026-08-16T0100,3015A,106.4067,29.5729,重庆市,龙井湾,,23,18,16,11,8,73,NA,NA,NA,17,11,9,9,0.5,0.5
2026-08-16T0100,3016A,106.5506,29.415,重庆市,龙洲湾,,25,24,20,11,8,77,NA,NA,NA,15,10,8,8,0.4,0.3
2026-08-16T0100,3018A,111.5048,36.1015,临汾市,唐尧大酒店,颗粒物(PM10),62,66,56,22,16,71,NA,NA,NA,14,11,17,7,1.1,0.9
2026-08-16T0100,3020A,117.2096,39.1698,天津市,中山北路,颗粒物(PM10),53,53,44,28,20,111,NA,NA,NA,14,24,6,6,0.9,0.8
2026-08-16T0100,3021A,115,35.7667,濮阳市,濮水河管理处,细颗粒物(PM2.5),54,54,38,37,26,32,NA,NA,NA,10,10,4,5,0.8,0.8
2026-08-16T0100,3025A,113.0479,23.6343,清远市,技师学院,,27,27,17,15,11,6,NA,NA,NA,44,10,6,8,0.5,0.4
2026-08-16T0100,3026A,116.6179,23.6608,潮州市,市政府,,24,24,25,14,12,34,NA,NA,NA,13,15,5,5,0.7,0.7
2026-08-16T0100,3028A,104.7765,29.3623,自贡市,檀木林体育馆,细颗粒物(PM2.5),52,43,42,36,35,93,NA,NA,NA,16,11,8,8,0.7,1.3
2026-08-16T0100,3033A,87.4652,43.4569,乌鲁木齐市,培训基地,,39,39,16,10,8,112,NA,NA,NA,3,3,3,3,0.2,0.3
2026-08-16T0100,3034A,113.1076,41.0385,乌兰察布市,光明街小学,,27,21,31,2,14,86,NA,NA,NA,9,13,5,9,0.3,0.4
2026-08-16T0100,3036A,118.6903,37.4337,东营市,开发区管委会,,29,NA,21,20,9,92,NA,NA,NA,11,7,4,3,0.5,0.3
2026-08-16T0100,3038A,103.3757,23.3679,红河哈尼族彝族自治州,州图书馆,,25,17,18,15,16,80,NA,NA,NA,3,4,4,6,0.3,0.4
2026-08-16T0100,3039A,111.1911,34.7829,三门峡市,三门峡市第一小学,,37,37,30,22,20,86,NA,NA,NA,11,8,4,4,0.7,0.5
2026-08-16T0100,3045A,109.9647,33.8486,商洛市,商州区中学,,32,32,25,13,13,7,NA,NA,NA,21,15,7,13,0.4,0.4
2026-08-16T0100,3046A,115.9084,28.6062,南昌市,机电学校,,21,16,18,13,11,67,NA,NA,NA,11,9,8,7,0.8,0.8
2026-08-16T0100,3048A,119.5799,26.0937,福州市,九龙,,24,24,21,5,8,27,NA,NA,NA,11,10,5,6,0.5,0.5
2026-08-16T0100,3051A,117.385,39.1483,天津市,西四道,颗粒物(PM10),58,60,38,37,19,70,NA,NA,NA,30,27,2,4,0.8,0.7
2026-08-16T0100,3054A,113.9194,35.2847,新乡市,市委党校,,32,31,27,22,17,65,NA,NA,NA,26,14,5,6,0.4,0.4
2026-08-16T0100,3055A,101.7775,36.643,西宁市,城北区政府,,28,NA,21,19,15,39,NA,NA,NA,26,15,6,11,0.8,1
2026-08-16T0100,3057A,121.5989,37.4016,烟台市,牟平检察院,,17,NA,11,10,8,54,NA,NA,NA,7,8,20,10,0.2,0.3
2026-08-16T0100,3058A,119.2656,42.0356,赤峰市,银河街,,33,26,27,23,16,53,NA,NA,NA,14,15,9,16,0.6,0.7
2026-08-16T0100,3059A,117.7181,36.205,济南市,泰兴公司,,29,29,32,20,21,29,NA,NA,NA,39,24,5,6,0.5,0.4
2026-08-16T0100,3061A,119.7511,49.1576,呼伦贝尔市,国华电力东,,22,9,21,9,12,68,NA,NA,NA,6,6,4,4,0.2,0.2
2026-08-16T0100,3064A,117.6861,36.2172,济南市,莱芜战役纪念馆,,36,36,34,23,20,62,NA,NA,NA,32,20,11,7,0.8,0.4
2026-08-16T0100,3065A,101.9534,29.9976,甘孜藏族自治州,州环保局,,32,27,23,16,9,102,NA,NA,NA,11,19,4,4,0.4,0.3
2026-08-16T0100,3066A,116.2722,37.438,德州市,九衢泉纯净水厂,,32,27,24,9,12,102,NA,NA,NA,22,18,13,12,0.5,0.4
2026-08-16T0100,3109A,115.0094,25.8614,赣州市,赣县区卫计委,,10,10,17,6,7,31,NA,NA,NA,11,11,4,2,0.8,0.8
2026-08-16T0100,3123A,105.9408,26.2431,安顺市,凤凰山,,25,24,22,17,16,36,NA,NA,NA,11,9,18,11,0.5,0.4
2026-08-16T0100,3124A,105.9443,26.2567,安顺市,金钟山,,19,18,16,13,15,49,NA,NA,NA,5,7,15,10,0.5,0.5
2026-08-16T0100,3125A,105.8983,26.248,安顺市,娄家坡,,25,17,18,17,15,42,NA,NA,NA,5,6,24,11,0.5,0.5
2026-08-16T0100,3131A,114.878,40.7992,张家口市,烟厂,,29,29,26,17,15,67,NA,NA,NA,9,9,/,/,/,/
2026-08-16T0100,3132A,119.5979,39.938,秦皇岛市,文明里,,42,42,30,20,9,54,NA,NA,NA,37,8,10,9,0.4,0.3
2026-08-16T0100,3133A,106.5469,29.5655,重庆市,上清寺,,36,36,21,20,8,52,NA,NA,NA,34,20,10,10,0.5,0.4
2026-08-16T0100,3134A,113.8172,34.0339,许昌市,市一中,NA,NA,NA,39,33,30,78,NA,NA,NA,9,12,4,4,0.9,0.8
2026-08-16T0100,3136A,104.2724,30.559,成都市,龙泉驿区区政府,细颗粒物(PM2.5),56,39,27,38,26,122,NA,NA,NA,10,8,3,3,0.7,0.6
2026-08-16T0100,3138A,111.7152,29.0288,常德市,武陵区永安,,40,34,30,28,17,45,NA,NA,NA,15,8,7,7,0.7,0.6
2026-08-16T0100,3139A,111.6891,28.9881,常德市,鼎城区玉霞,,40,36,29,28,19,15,NA,NA,NA,29,11,9,10,0.9,0.8
2026-08-16T0100,3140A,111.6651,29.0526,常德市,武陵区长庚,,48,48,31,31,20,39,NA,NA,NA,23,8,8,8,0.8,0.7
2026-08-16T0100,3141A,114.3921,36.0879,安阳市,信访局,,48,47,37,33,26,48,NA,NA,NA,24,8,3,3,0.8,0.7
2026-08-16T0100,3147A,114.3434,34.8101,开封市,龙亭公园,颗粒物(PM10),55,57,47,34,26,76,NA,NA,NA,10,8,4,5,0.7,0.6
2026-08-16T0100,3148A,103.829,30.0563,眉山市,区人社局,细颗粒物(PM2.5),70,69,53,45,26,86,NA,NA,NA,23,34,10,10,0.9,0.8
2026-08-16T0100,3149A,115.0174,30.1591,黄石市,笔架山北路,颗粒物(PM10),52,52,41,16,9,45,NA,NA,NA,6,11,6,8,0.6,0.7
2026-08-16T0100,3151A,114.375,27.8096,宜春市,宜春学院北校区,,33,33,21,21,10,66,NA,NA,NA,7,5,9,5,0.6,0.7
2026-08-16T0100,3153A,114.3876,30.4908,武汉市,民族大道182号,,19,17,17,13,8,44,NA,NA,NA,13,10,4,4,0.4,0.4
2026-08-16T0100,3164A,119.4682,32.394,扬州市,广陵建设局,,24,24,18,13,7,23,NA,NA,NA,33,14,6,4,0.3,0.2
2026-08-16T0100,3171A,115.6069,34.4465,商丘市,梁园区档案局,,46,46,32,21,19,38,NA,NA,NA,31,10,2,3,0.5,0.5
2026-08-16T0100,3173A,117.0598,30.5351,安庆市,市人大,,19,17,16,13,12,55,NA,NA,NA,6,3,5,5,0.5,0.7
2026-08-16T0100,3178A,119.0587,36.7209,潍坊市,潍坊七中,,18,17,29,7,8,57,NA,NA,NA,14,10,2,3,0.3,0.3
2026-08-16T0100,3179A,102.7491,25.012,昆明市,官渡区博物馆,,29,24,30,20,17,85,NA,NA,NA,18,22,7,5,0.8,0.6
2026-08-16T0100,3180A,99.7122,27.8129,迪庆藏族自治州,质量技术监督局,,24,11,15,8,7,74,NA,NA,NA,6,11,7,7,0.2,0.2
2026-08-16T0100,3181A,106.776805,31.852614,巴中市,市五中,,36,28,20,25,14,40,NA,NA,NA,12,10,9,10,0.6,0.5
2026-08-16T0100,3183A,106.7419,31.8654,巴中市,圣泉水务公司,,38,NA,19,26,16,39,NA,NA,NA,14,10,10,10,0.7,0.5
2026-08-16T0100,3187A,116.9508,33.666,宿州市,远航博物馆,,40,NA,19,28,10,27,NA,NA,NA,37,11,7,6,0.4,0.3
2026-08-16T0100,3188A,115.6684,37.7216,衡水市,市城管局,,33,33,31,23,18,69,NA,NA,NA,19,10,3,5,0.2,0.4
2026-08-16T0100,3190A,116.0254,29.6995,九江市,外国语学校,,18,NA,12,10,6,57,NA,NA,NA,14,14,4,4,0.8,0.7
2026-08-16T0100,3191A,118.3243,33.95,宿迁市,宿豫区政府,,32,27,22,22,15,46,NA,NA,NA,24,16,5,7,0.7,0.6
2026-08-16T0100,3192A,80.0906,32.5029,阿里地区,阿里藏医院,,29,6,13,3,3,91,NA,NA,NA,4,3,7,7,0.2,0.1
2026-08-16T0100,3194A,112.2749,30.3124,荆州市,管委会,,40,40,29,19,20,54,NA,NA,NA,14,9,4,4,0.6,0.6
2026-08-16T0100,3195A,119.3649,32.3961,扬州市,市体育局,,24,24,15,11,4,27,NA,NA,NA,12,3,9,6,0.3,0.2
2026-08-16T0100,3200A,115.9772,36.4986,聊城市,监控中心,,38,38,27,25,19,45,NA,NA,NA,32,15,11,11,0.3,0.3
2026-08-16T0100,3206A,114.9148,27.8069,新余市,新钢沁园村,,36,25,16,25,8,73,NA,NA,NA,7,6,6,3,0.6,0.5
2026-08-16T0100,3207A,118.31131,32.3033,滁州市,市政府原办公楼,,33,NA,10,23,17,40,NA,NA,NA,11,8,6,6,0.3,0.3
2026-08-16T0100,3208A,112.7279,38.4157,忻州市,市政府,,31,30,28,20,16,98,NA,NA,NA,12,12,9,6,0.7,0.7
2026-08-16T0100,3209A,119.5231,26.6562,宁德市,宁德一中,,42,42,28,15,16,23,NA,NA,NA,5,8,10,11,0.5,0.6
2026-08-16T0100,3210A,114.3645,34.7955,开封市,汴京公园,颗粒物(PM10),54,55,47,36,29,77,NA,NA,NA,7,9,4,4,0.1,0
2026-08-16T0100,3216A,117.662,24.5187,漳州市,漳州党校,,26,26,27,13,15,43,NA,NA,NA,9,13,/,/,/,/
2026-08-16T0100,3237A,117.4918,30.6617,池州市,展览馆,,33,33,24,20,16,32,NA,NA,NA,12,10,4,3,0.6,0.4
2026-08-16T0100,3241A,103.7439,36.0841,兰州市,百合公园,,37,37,35,18,16,74,NA,NA,NA,21,16,8,6,0.3,0.2
2026-08-16T0100,3242A,103.9613,35.9985,兰州市,和平,,26,18,29,9,16,82,NA,NA,NA,13,9,9,10,0.5,0.5
2026-08-16T0100,3247A,104.9551,33.3709,陇南市,市总工会,,34,34,31,8,13,45,NA,NA,NA,4,6,7,8,0.6,0.6
2026-08-16T0100,3248A,98.2644,39.7723,嘉峪关市,雄关区,颗粒物(PM10),61,65,43,25,12,94,NA,NA,NA,14,10,4,4,0.3,0.3
2026-08-16T0100,3265A,121.4242,31.3303,上海市,宝山庙行,,19,16,16,10,12,58,NA,NA,NA,12,16,6,5,0.3,0.3
2026-08-16T0100,3266A,121.8789,31.4662,上海市,崇明上实东滩,,22,8,11,7,9,68,NA,NA,NA,5,6,5,5,0.2,0.2
2026-08-16T0100,3268A,121.316,31.2839,上海市,嘉定南翔,,26,21,14,18,13,53,NA,NA,NA,12,16,6,6,0.2,0.2
2026-08-16T0100,3269A,121.3357,30.7455,上海市,金山新城,,32,32,22,22,18,19,NA,NA,NA,17,10,6,4,0.7,0.7
2026-08-16T0100,3270A,121.4996,31.0741,上海市,闵行浦江,,31,31,23,21,17,48,NA,NA,NA,18,17,6,6,0.6,0.7
2026-08-16T0100,3271A,121.2886,31.1663,上海市,青浦徐泾,,40,40,19,26,13,47,NA,NA,NA,10,10,8,6,0.8,0.4
2026-08-16T0100,3272A,121.2193,31.0382,上海市,松江图书馆,,39,32,24,27,18,49,NA,NA,NA,14,16,6,6,0.5,0.4
2026-08-16T0100,3273A,121.3904,31.206,上海市,长宁仙霞,,21,10,18,9,14,66,NA,NA,NA,6,14,4,5,0.2,0.4
2026-08-16T0100,3274A,121.7964,31.0507,上海市,浦东惠南,细颗粒物(PM2.5),58,50,29,39,22,43,NA,NA,NA,19,20,9,9,0.7,0.7
2026-08-16T0100,3282A,113.3399,40.0586,大同市,大同市卫生学校,,29,28,28,20,13,55,NA,NA,NA,25,16,6,9,0.6,0.5
2026-08-16T0100,3283A,109.9154,40.5684,包头市,滨河大厦,,35,NA,25,24,15,72,NA,NA,NA,22,19,4,8,0.5,0.5
2026-08-16T0100,3284A,106.8129,39.7274,乌海市,海北新区,,31,21,50,4,12,98,NA,NA,NA,5,17,12,18,0.3,0.5
2026-08-16T0100,3285A,113.1383,40.9513,乌兰察布市,北京八中,,29,25,33,2,10,92,NA,NA,NA,3,12,6,8,0.2,0.2
2026-08-16T0100,3286A,118.9359,42.3146,赤峰市,桥北物流园区,,23,12,19,9,11,71,NA,NA,NA,9,18,4,5,0.4,0.4
2026-08-16T0100,3287A,119.3842,32.198,镇江市,富润路1号,,25,25,15,17,12,20,NA,NA,NA,32,14,4,4,0.3,0.2
2026-08-16T0100,3288A,117.4619,34.4368,徐州市,大泉街道,,29,24,23,20,9,53,NA,NA,NA,20,10,9,10,0.5,0.4
2026-08-16T0100,3289A,120.7431,31.3188,苏州市,方洲路,,12,11,11,8,9,25,NA,NA,NA,14,17,7,7,0.6,0.6
2026-08-16T0100,3290A,120.4979,31.2777,苏州市,木渎中学,,23,23,15,13,9,29,NA,NA,NA,16,14,5,4,0.7,0.6
2026-08-16T0100,3291A,121.0631,32.0644,南通市,通州监测站,,12,5,7,3,4,38,NA,NA,NA,5,6,2,2,0.6,0.7
2026-08-16T0100,3293A,120.1518,33.3369,盐城市,月亮广场,,15,15,10,10,7,43,NA,NA,NA,4,3,9,8,0.2,0.2
2026-08-16T0100,3294A,119.565282,32.422263,扬州市,引江管理处,,22,NA,13,15,10,35,NA,NA,NA,17,7,9,4,0.5,0.4
2026-08-16T0100,3295A,120.1226,32.515,泰州市,姜堰区政府广场,,26,22,13,18,8,51,NA,NA,NA,10,3,8,8,0.6,0.4
2026-08-16T0100,3298A,113.5718,23.5493,广州市,从化街口,,34,34,17,20,12,49,NA,NA,NA,22,14,7,8,0.8,0.7
2026-08-16T0100,3299A,113.3463,23.369,广州市,白云竹料,,35,28,22,24,17,78,NA,NA,NA,20,15,4,3,0.7,0.6
2026-08-16T0100,3300A,113.2981,23.2365,广州市,白云嘉禾,,38,30,23,26,16,57,NA,NA,NA,35,20,6,6,/,/
2026-08-16T0100,3301A,113.4256,23.1716,广州市,黄埔科学城,,29,29,17,18,14,43,NA,NA,NA,31,15,6,19,0.7,0.7
2026-08-16T0100,3302A,113.3942,23.0485,广州市,番禺大学城,,26,21,17,18,12,61,NA,NA,NA,26,17,8,7,0.5,0.5
2026-08-16T0100,3303A,113.4923,22.8169,广州市,南沙黄阁,,19,17,20,13,18,37,NA,NA,NA,38,17,8,8,/,/
2026-08-16T0100,3304A,113.534,22.7893,广州市,南沙街,,23,23,21,13,15,47,NA,NA,NA,16,13,10,10,0.8,0.7
2026-08-16T0100,3305A,114.0614,22.556,深圳市,莲花,,24,24,19,12,10,30,NA,NA,NA,13,11,/,/,/,/
2026-08-16T0100,3306A,114.0144,22.6163,深圳市,民治,,26,26,23,17,12,12,NA,NA,NA,50,22,/,/,/,/
2026-08-16T0100,3307A,114.1756,22.6421,深圳市,横岗,,23,23,18,4,11,27,NA,NA,NA,35,22,/,/,/,/
2026-08-16T0100,3308A,113.3493,22.0572,珠海市,金湾,,30,27,21,21,14,46,NA,NA,NA,9,7,/,/,0.5,0.5
2026-08-16T0100,3311A,113.1077,22.5647,江门市,江海富民,,32,32,33,19,20,40,NA,NA,NA,17,12,/,/,0.5,0.5
2026-08-16T0100,3313A,112.4572,23.0163,肇庆市,高要湖西,,24,24,22,16,16,28,NA,NA,NA,20,12,9,6,0.8,0.7
2026-08-16T0100,3314A,114.4334,22.8134,惠州市,惠阳秋长,,41,41,16,27,11,24,NA,NA,NA,33,15,/,/,/,/
2026-08-16T0100,3315A,116.1234,24.2994,梅州市,梅龙,,20,19,17,14,12,37,NA,NA,NA,10,8,12,7,0.6,0.5
2026-08-16T0100,3317A,111.9785,21.8954,阳江市,两阳中学,细颗粒物(PM2.5),60,NA,19,40,19,26,NA,NA,NA,12,15,/,/,0.4,0.4
2026-08-16T0100,3318A,112.9898,23.7403,清远市,清新太和,,15,15,20,8,13,43,NA,NA,NA,4,8,6,6,0.6,0.6
2026-08-16T0100,3319A,113.7283,23.041,东莞市,万江金泰,,26,22,25,18,19,78,NA,NA,NA,18,20,4,5,0.9,0.9
2026-08-16T0100,3320A,116.4028,23.5699,揭阳市,曲溪,,30,30,19,10,12,38,NA,NA,NA,10,12,2,2,0.5,0.6
2026-08-16T0100,3323A,115.2772,40.9723,张家口市,青少年活动中心,,14,8,15,2,10,44,NA,NA,NA,3,4,3,3,0.2,0.3
2026-08-16T0100,3324A,116.8011,38.294,沧州市,河北水利电力学院,,35,34,27,20,16,112,NA,NA,NA,10,9,5,4,0.6,0.4
2026-08-16T0100,3325A,117.0362,39.3827,天津市,雍阳西道,颗粒物(PM10),52,52,39,29,21,91,NA,NA,NA,20,20,7,8,0.6,0.3
2026-08-16T0100,3326A,117.0291,39.0612,天津市,辛老路,颗粒物(PM10),78,88,34,45,16,106,NA,NA,NA,17,21,7,7,0.4,0.4
2026-08-16T0100,3327A,116.9638,38.9374,天津市,地纬路,颗粒物(PM10),63,67,35,36,17,96,NA,NA,NA,23,22,8,7,0.7,0.6
2026-08-16T0100,3328A,118.4209,31.3704,芜湖市,市气象局,,26,26,17,13,13,20,NA,NA,NA,38,13,7,7,0.5,0.5
2026-08-16T0100,3329A,117.011,32.5891,淮南市,山南新区,,23,NA,12,16,12,57,NA,NA,NA,10,12,12,12,0.2,0.2
2026-08-16T0100,3331A,118.3268,32.2633,滁州市,图书馆,,20,20,11,13,9,37,NA,NA,NA,17,9,7,7,0.2,0.2
2026-08-16T0100,3332A,115.7631,33.803,亳州市,亳州学院,,18,18,10,8,4,55,NA,NA,NA,7,4,1,2,0.7,0.6
2026-08-16T0100,3333A,117.5626,30.695,池州市,第八中学,,28,28,28,17,16,30,NA,NA,NA,14,14,5,4,0.8,0.7
2026-08-16T0100,3334A,117.5037,30.6242,池州市,第十二中学,,29,29,22,19,15,37,NA,NA,NA,11,10,2,2,1.1,0.8
2026-08-16T0100,3335A,113.3137,35.2643,焦作市,马村街道办,,35,32,34,24,24,63,NA,NA,NA,7,7,6,7,2.0,0.6
2026-08-16T0100,3336A,113.2464,35.2374,焦作市,焦作技师学院,,31,31,36,20,23,71,NA,NA,NA,6,6,7,7,0.2,0.4
2026-08-16T0100,3337A,113.8611,34.0443,许昌市,许昌学院,颗粒物(PM10),54,55,42,22,28,79,NA,NA,NA,6,11,5,5,0.5,0.5
2026-08-16T0100,3338A,113.8428,34.0825,许昌市,芙蓉广场,细颗粒物(PM2.5),52,46,41,36,29,77,NA,NA,NA,12,15,6,5,0.5,0.5
2026-08-16T0100,3339A,114.0002,33.0404,驻马店市,小管楼,,21,21,38,14,25,56,NA,NA,NA,9,11,3,4,0.1,0.2
2026-08-16T0100,3340A,112.6005,34.6323,洛阳市,伊滨,颗粒物(PM10),54,55,42,33,27,28,NA,NA,NA,21,12,5,5,0.6,0.5
2026-08-16T0100,3341A,112.495,34.6338,洛阳市,中移产业园,颗粒物(PM10),55,56,40,37,27,36,NA,NA,NA,30,16,10,10,1.0,0.9
2026-08-16T0100,3342A,128.7948,47.7291,伊春市,中心小学,,12,9,17,5,7,38,NA,NA,NA,4,5,1,1,0.7,0.7
2026-08-16T0100,3343A,128.6736,47.729,伊春市,检察院,,24,24,22,2,8,28,NA,NA,NA,4,5,3,4,0.3,0.4
2026-08-16T0100,3345A,131.0413,45.7795,七台河市,中波台,,8,NA,5,4,4,13,NA,NA,NA,10,10,3,15,0.8,0.6
2026-08-16T0100,3346A,108.3871,31.1627,重庆市,安康,,37,37,23,4,8,30,NA,NA,NA,16,10,8,8,0.7,0.6
2026-08-16T0100,3347A,105.8983,29.36,重庆市,北山路,,31,31,24,18,15,76,NA,NA,NA,16,14,9,9,0.5,0.5
2026-08-16T0100,3350A,106.648859,29.023807,重庆市,滩子口,,35,34,21,24,12,32,NA,NA,NA,18,9,15,11,0.4,0.3
2026-08-16T0100,3351A,105.7164,29.7077,重庆市,棠香,颗粒物(PM10),97,115,24,29,21,48,NA,NA,NA,20,14,8,6,0.7,0.6
2026-08-16T0100,3352A,107.0733,29.8618,重庆市,桃源西路,,40,31,25,28,15,60,NA,NA,NA,9,8,4,6,0.4,0.3
2026-08-16T0100,3353A,107.3536,29.7283,重庆市,迎宾大道,,31,31,20,15,11,29,NA,NA,NA,31,17,3,4,0.5,0.4
2026-08-16T0100,3354A,108.8152,29.5079,重庆市,舟白,,11,11,14,6,4,31,NA,NA,NA,8,4,8,9,0.3,0.3
2026-08-16T0100,3355A,108.3679,30.8429,重庆市,周家坝,,39,39,26,23,13,31,NA,NA,NA,28,14,6,5,0.5,0.5
2026-08-16T0100,3356A,108.4323,30.7554,重庆市,百安坝,,48,48,22,21,11,42,NA,NA,NA,12,10,6,5,0.4,0.4
2026-08-16T0100,3357A,104.0028,30.6891,成都市,金博路,,36,25,45,25,38,113,NA,NA,NA,10,23,9,10,0.9,1
2026-08-16T0100,3359A,104.056,30.5228,成都市,华阳,细颗粒物(PM2.5),64,NA,34,42,26,122,NA,NA,NA,12,13,2,3,1.0,0.9
2026-08-16T0100,3360A,104.7894,29.3197,自贡市,南湖救助站,细颗粒物(PM2.5),115,77,73,76,55,94,NA,NA,NA,15,12,10,6,0.9,0.8
2026-08-16T0100,3361A,103.7313,29.563,乐山市,理工大学,细颗粒物(PM2.5),90,64,48,55,31,55,NA,NA,NA,27,16,4,5,1.1,1
2026-08-16T0100,3363A,117.9883,36.8372,淄博市,新区,,28,24,23,19,16,73,NA,NA,NA,18,23,8,9,0.8,0.7
2026-08-16T0100,3364A,117.316,34.8106,枣庄市,市环保局,,44,44,26,24,16,60,NA,NA,NA,20,10,9,8,0.7,0.5
2026-08-16T0100,3365A,118.5721,37.5654,东营市,垦利区民丰路,,48,NA,24,33,16,101,NA,NA,NA,10,8,3,3,0.5,0.4
2026-08-16T0100,3366A,121.5202,37.4336,烟台市,中国农业大学,,14,12,13,4,4,42,NA,NA,NA,8,9,7,10,0.5,0.5
2026-08-16T0100,3368A,119.1978,36.6871,潍坊市,高新实验学校,,24,24,23,11,6,28,NA,NA,NA,23,9,1,2,0.6,0.5
2026-08-16T0100,3370A,118.3563,35.0215,临沂市,十里堡居委,,45,36,22,31,20,54,NA,NA,NA,26,18,13,12,0.6,0.6
2026-08-16T0100,3371A,116.3693,37.44,德州市,开发区人民医院,,34,34,25,11,15,82,NA,NA,NA,21,15,7,7,0.5,0.5
2026-08-16T0100,3374A,115.5562,35.089,菏泽市,定陶老年大学,,40,34,38,28,28,55,NA,NA,NA,9,10,4,5,0.5,0.5
2026-08-16T0100,3375A,102.8016,24.8336,昆明市,青年创业园,,27,27,26,15,15,70,NA,NA,NA,23,17,4,5,0.6,0.5
2026-08-16T0100,3376A,103.7926,25.4651,曲靖市,南苑二区,,40,40,29,22,20,75,NA,NA,NA,16,12,4,4,0.6,0.6
2026-08-16T0100,3377A,103.7442,25.5259,曲靖市,曲靖师范学院,,32,28,33,22,24,82,NA,NA,NA,12,23,5,10,0.6,0.7
2026-08-16T0100,3379A,122.1122,40.2275,营口市,鲅鱼圈市民活动中心,,23,23,53,10,23,43,NA,NA,NA,7,24,7,9,0.5,0.7
2026-08-16T0100,3380A,102.8915,34.9618,甘南藏族自治州,甘肃民族师范学院,颗粒物(PM10),51,51,31,16,20,24,NA,NA,NA,39,16,4,5,0.3,0.3
2026-08-16T0100,3396A,112.0764,32.0089,襄阳市,襄城隆中路,,41,41,28,25,19,67,NA,NA,NA,12,11,9,7,0.5,0.5
2026-08-16T0100,3397A,112.1154,32.103,襄阳市,高新台子湾,NA,NA,45,28,32,22,NA,NA,NA,NA,18,13,10,8,0.8,0.7
2026-08-16T0100,3398A,114.9134,30.4446,黄冈市,市林业局,,15,11,12,6,5,46,NA,NA,NA,12,8,4,4,0.2,0.2
2026-08-16T0100,3399A,112.6703,26.8817,衡阳市,师范学院,,29,22,16,20,11,26,NA,NA,NA,19,6,10,10,0.8,0.8
2026-08-16T0100,3400A,109.1844,21.4396,北海市,龙潭自来水厂,,28,24,18,9,10,89,NA,NA,NA,2,4,3,3,0.7,0.7
2026-08-16T0100,3401A,108.4829,22.762,南宁市,红星社区,细颗粒物(PM2.5),52,41,22,36,16,52,NA,NA,NA,20,10,6,6,0.9,0.7
2026-08-16T0100,3402A,109.5422,24.3994,柳州市,市二中,,26,26,19,16,11,60,NA,NA,NA,7,9,6,8,0.5,0.5
2026-08-16T0100,3404A,108.5959,21.9634,钦州市,北职校,,33,32,31,23,19,91,NA,NA,NA,9,9,7,6,0.5,0.6
2026-08-16T0100,3405A,109.5886,23.1172,贵港市,新世纪学校,,22,22,14,15,13,49,NA,NA,NA,15,10,/,/,0.7,0.7
2026-08-16T0100,3407A,120.6915,30.7741,嘉兴市,秀洲住建,,23,19,13,16,12,21,NA,NA,NA,16,10,3,4,0.6,0.5
2026-08-16T0100,3408A,120.5685,29.936,绍兴市,绍兴中专,,20,20,21,12,13,54,NA,NA,NA,10,9,4,4,0.7,0.7
2026-08-16T0100,3409A,120.4905,30.086,绍兴市,柯桥区政府,,32,23,21,22,18,37,NA,NA,NA,19,16,5,5,0.9,0.8
2026-08-16T0100,3410A,120.8751,30.0249,绍兴市,重华小学,,49,44,29,34,20,37,NA,NA,NA,17,12,12,12,1.2,1
2026-08-16T0100,3411A,120.837,30.0137,绍兴市,上虞中学,,40,36,29,28,20,40,NA,NA,NA,16,15,7,8,0.7,0.6
2026-08-16T0100,3416A,119.1758,36.7139,潍坊市,潍坊学院,,27,22,22,9,8,23,NA,NA,NA,54,16,5,6,0.5,0.4
2026-08-16T0100,3418A,116.8336,40.4095,北京市,密云新城,,26,25,16,18,11,30,NA,NA,NA,5,6,1,1,0.6,0.5
2026-08-16T0100,3419A,109.9449,40.6259,包头市,包头市委党校,,32,32,24,12,16,88,NA,NA,NA,18,24,6,12,0.4,0.6
2026-08-16T0100,3421A,113.1776,40.9779,乌兰察布市,市委党校,,32,20,27,6,16,102,NA,NA,NA,3,12,1,3,0.2,0.3
2026-08-16T0100,3422A,118.8443,31.919,南京市,江宁彩虹桥,,17,14,20,10,8,4,NA,NA,NA,33,18,4,4,0.6,0.4
2026-08-16T0100,3425A,120.642,31.1733,苏州市,越秀幼儿园,NA,NA,17,14,10,7,NA,NA,NA,NA,11,11,2,2,0.6,0.7
2026-08-16T0100,3426A,118.8757,33.2897,淮安市,新华书店,,31,31,20,19,11,17,NA,NA,NA,27,13,27,12,0.8,0.8
2026-08-16T0100,3427A,118.8497,32.3599,南京市,六合雄州,,24,24,15,10,4,20,NA,NA,NA,17,7,4,4,0.5,0.5
2026-08-16T0100,3429A,119.8595,31.706,常州市,武进经发区,,30,30,23,17,13,29,NA,NA,NA,24,19,5,5,0.7,0.8
2026-08-16T0100,3430A,119.5812,31.7256,常州市,金坛城区,,28,20,18,19,13,17,NA,NA,NA,29,15,7,6,0.7,0.6
2026-08-16T0100,3431A,120.6502,31.4117,苏州市,高铁新城,,14,14,9,7,5,15,NA,NA,NA,28,20,6,6,0.5,0.5
2026-08-16T0100,3432A,120.9348,31.9874,南通市,环境教育馆,,22,22,12,7,4,35,NA,NA,NA,10,7,5,5,0.4,0.4
2026-08-16T0100,3434A,119.2414,34.6539,连云港市,工贸学校,,19,11,20,6,11,58,NA,NA,NA,9,14,10,9,0.3,0.3
2026-08-16T0100,3435A,119.9186,32.4322,泰州市,周山河街区,,20,15,10,13,7,62,NA,NA,NA,9,6,8,7,0.4,0.4
2026-08-16T0100,3436A,120.4283,33.2048,盐城市,大丰高级中学,,20,14,9,14,6,32,NA,NA,NA,13,5,8,8,0.3,0.3
2026-08-16T0100,3437A,88.3088,43.3637,乌鲁木齐市,达坂城区环保局,,30,20,28,10,8,94,NA,NA,NA,6,8,8,10,0.2,0.2
2026-08-16T0100,3438A,87.6132,43.8791,乌鲁木齐市,红光山片区,颗粒物(PM10),62,66,47,24,17,103,NA,NA,NA,8,22,3,3,0.6,0.6
2026-08-16T0100,3439A,87.7008,43.8003,乌鲁木齐市,新师大温泉校区,颗粒物(PM10),63,67,40,24,12,107,NA,NA,NA,6,11,8,8,0.3,0.2
2026-08-16T0100,3440A,87.4892,43.84,乌鲁木齐市,大绿谷,颗粒物(PM10),73,82,42,34,11,105,NA,NA,NA,10,12,2,2,0.6,0.4
2026-08-16T0100,3441A,87.5461,44.1909,五家渠市,经开区管委会,颗粒物(PM10),147,240,70,27,16,92,NA,NA,NA,3,14,3,2,0.2,0.4
2026-08-16T0100,3442A,86.047,44.2331,石河子市,南区管委会,颗粒物(PM10),78,89,50,9,7,102,NA,NA,NA,3,5,8,8,0.2,0.2
2026-08-16T0100,3443A,113.2905,23.5541,广州市,花都梯面,,30,30,19,18,13,18,NA,NA,NA,21,10,4,4,/,/
2026-08-16T0100,3444A,116.4539,23.2684,汕头市,潮南峡山,,20,20,17,11,9,45,NA,NA,NA,6,6,6,7,0.5,0.4
2026-08-16T0100,3445A,113.786,23.7479,广州市,从化良口,,17,17,11,11,7,39,NA,NA,NA,10,9,5,5,/,/
2026-08-16T0100,3446A,113.805,23.2614,广州市,增城荔城,,27,27,20,16,16,56,NA,NA,NA,24,15,10,7,0.7,0.5
2026-08-16T0100,3447A,114.344,22.7115,深圳市,坪山,,27,27,16,17,9,25,NA,NA,NA,28,17,4,4,0.9,0.9
2026-08-16T0100,3448A,113.5436,22.1163,珠海市,横琴,,22,22,21,15,12,65,NA,NA,NA,3,4,/,/,/,/
2026-08-16T0100,3449A,113.0496,22.4669,江门市,新会银湖,,30,30,24,16,18,23,NA,NA,NA,28,14,1,1,0.6,0.6
2026-08-16T0100,3450A,111.0101,21.5165,茂名市,电白水东,,29,29,24,18,21,49,NA,NA,NA,22,11,4,7,/,/
2026-08-16T0100,3451A,112.5617,23.2082,肇庆市,鼎湖凤凰,,16,16,15,6,8,14,NA,NA,NA,3,4,5,5,/,/
2026-08-16T0100,3452A,114.6521,22.7755,惠州市,大亚湾霞涌,,18,NA,14,12,8,51,NA,NA,NA,7,8,/,/,/,/
2026-08-16T0100,3453A,112.0125,21.8749,阳江市,阳东陶然,,48,NA,26,33,22,36,NA,NA,NA,11,14,7,4,0.6,0.7
2026-08-16T0100,3454A,113.3527,22.4781,中山市,中山南区,,16,9,15,7,17,51,NA,NA,NA,8,8,6,7,0.4,0.4
2026-08-16T0100,3455A,113.076,23.72,清远市,清城东城,,28,28,17,13,10,21,NA,NA,NA,10,9,/,/,/,/
2026-08-16T0100,3456A,114.2887,38.0905,石家庄市,鹿泉一中,,39,37,35,27,17,74,NA,NA,NA,4,4,3,3,0.3,0.3
2026-08-16T0100,3457A,118.4357,39.277,唐山市,冀东油田职工医院,颗粒物(PM10),67,73,43,21,20,76,NA,NA,NA,20,16,4,7,0.4,0.6
2026-08-16T0100,3458A,114.7893,36.5592,邯郸市,香泉濮院小区,,49,NA,25,34,26,87,NA,NA,NA,11,12,3,3,0.4,0.3
2026-08-16T0100,3459A,115.599,37.5491,衡水市,地表水厂,,38,38,36,15,16,12,NA,NA,NA,54,23,8,5,0.3,0.3
2026-08-16T0100,3460A,117.4065,40.0583,天津市,北环路,,27,27,30,16,17,74,NA,NA,NA,5,6,5,6,0.5,0.5
2026-08-16T0100,3461A,117.3041,39.7167,天津市,建设路,颗粒物(PM10),58,61,39,34,23,78,NA,NA,NA,25,18,7,8,1.0,1
2026-08-16T0100,3462A,117.8201,39.3519,天津市,滨水东路,,50,50,44,24,20,105,NA,NA,NA,23,19,12,13,0.6,0.7
2026-08-16T0100,3463A,116.9708,33.5911,宿州市,社会福利中心,,38,NA,18,26,12,17,NA,NA,NA,35,13,6,6,0.3,0.3
2026-08-16T0100,3464A,117.3802,31.9148,合肥市,高教基地,,19,19,18,13,9,16,NA,NA,NA,10,6,7,7,0.4,0.4
2026-08-16T0100,3465A,118.4783,31.3226,芜湖市,清苑社区,,25,22,18,17,14,5,NA,NA,NA,34,20,3,3,0.5,0.4
2026-08-16T0100,3466A,118.2746,31.2326,芜湖市,扬子职业技术学院,,20,NA,19,14,14,28,NA,NA,NA,18,12,4,4,0.4,0.5
2026-08-16T0100,3468A,115.79,32.8614,阜阳市,市规划展馆,,38,38,24,18,16,52,NA,NA,NA,14,11,2,3,0.5,0.5
2026-08-16T0100,3469A,115.835101,32.918568,阜阳市,枣园社区,颗粒物(PM10),58,60,30,29,18,30,NA,NA,NA,21,17,5,5,0.5,0.4
2026-08-16T0100,3471A,113.6104,34.8688,郑州市,惠济区政府,颗粒物(PM10),56,58,37,35,24,84,NA,NA,NA,18,17,2,3,0.7,0.6
2026-08-16T0100,3473A,114.2485,34.8306,开封市,技师学院,细颗粒物(PM2.5),62,52,42,41,28,82,NA,NA,NA,15,12,5,5,0.7,0.6
2026-08-16T0100,3474A,114.2616,35.6824,鹤壁市,大新区,,33,33,33,22,26,39,NA,NA,NA,6,4,4,4,0.6,0.6
2026-08-16T0100,3475A,113.9189,35.3042,新乡市,市政府,,40,40,38,22,20,70,NA,NA,NA,19,10,5,5,0.2,0.3
2026-08-16T0100,3477A,113.1656,35.2536,焦作市,中站许衡医院,,50,50,38,27,23,86,NA,NA,NA,7,7,8,9,0.3,0.4
2026-08-16T0100,3478A,113.9691,33.568,漯河市,市图书馆,,38,38,46,24,31,52,NA,NA,NA,11,9,7,8,0.6,0.7
2026-08-16T0100,3481A,125.127,46.6277,大庆市,萨区政府监测点,,23,23,19,13,6,64,NA,NA,NA,7,5,6,6,0.3,0.3
2026-08-16T0100,3482A,107.754,29.3275,重庆市,芙蓉中路,,8,8,12,5,4,18,NA,NA,NA,10,6,10,10,0.5,0.5
2026-08-16T0100,3484A,106.2629,29.3202,重庆市,行政中心,,47,47,39,18,21,37,NA,NA,NA,28,17,11,13,0.7,0.6
2026-08-16T0100,3486A,124.4029,43.1411,四平市,植物园,NA,NA,10,22,8,11,26,NA,NA,NA,NA,18,25,8,NA,0.3
2026-08-16T0100,3488A,104.387954,30.746684,成都市,青白江技师分院,,49,NA,33,34,28,111,NA,NA,NA,11,14,5,6,1.0,1
2026-08-16T0100,3489A,104.0788,30.4054,成都市,科学城,,40,38,30,21,27,126,NA,NA,NA,12,9,7,7,0.8,0.7
2026-08-16T0100,3491A,104.6899,31.5324,绵阳市,西科大附属小学,,47,47,42,25,24,95,NA,NA,NA,11,18,8,8,0.6,0.5
2026-08-16T0100,3492A,104.5647,31.5343,绵阳市,安州区旅游局,,35,29,39,18,24,110,NA,NA,NA,8,12,7,8,0.3,0.3
2026-08-16T0100,3494A,117.1673,36.9782,济南市,济阳区政府,,42,42,38,27,18,83,NA,NA,NA,16,15,11,10,0.4,0.3
2026-08-16T0100,3495A,117.1168,36.6299,济南市,锦屏中学,,22,22,31,11,16,64,NA,NA,NA,6,8,4,3,0.1,0.2
2026-08-16T0100,3496A,118.359,35.1067,临沂市,南坊新区,,38,36,34,26,24,66,NA,NA,NA,22,18,11,10,0.4,0.4
2026-08-16T0100,3498A,118.5063,37.8606,东营市,河口城区,细颗粒物(PM2.5),58,NA,23,39,15,124,NA,NA,NA,4,6,3,7,0.8,0.7
2026-08-16T0100,3500A,116.5808,35.3703,济宁市,北湖一中,,50,50,39,30,23,76,NA,NA,NA,10,7,1,2,0.4,0.4
2026-08-16T0100,3501A,116.8251,35.5592,济宁市,服务中心,细颗粒物(PM2.5),56,43,36,38,26,63,NA,NA,NA,27,12,2,2,0.4,0.4
2026-08-16T0100,3502A,117.1812,36.2273,泰安市,国网新校,,42,34,24,29,24,66,NA,NA,NA,17,11,6,7,0.5,0.5
2026-08-16T0100,3503A,117.0315,36.2017,泰安市,交通技校,,39,37,30,27,23,20,NA,NA,NA,41,18,5,5,0.4,0.3
2026-08-16T0100,3504A,117.083,36.13,泰安市,山东第一医科大学,,45,34,29,31,26,31,NA,NA,NA,49,29,8,9,0.5,0.4
2026-08-16T0100,3505A,122.1379,37.3414,威海市,临港区管委会,,20,12,11,12,8,61,NA,NA,NA,5,6,9,8,0.2,0.2
2026-08-16T0100,3507A,119.5326,35.4627,日照市,职业技术学院,,23,22,31,14,22,72,NA,NA,NA,17,22,11,10,1.3,0.8
2026-08-16T0100,3511A,116.5687,37.3331,德州市,陵城艺术中心,,34,34,28,16,18,91,NA,NA,NA,12,10,6,6,0.5,0.4
2026-08-16T0100,3513A,116.0443,36.436,聊城市,九州社区,,45,45,50,22,23,61,NA,NA,NA,20,14,9,11,0.5,0.5
2026-08-16T0100,3514A,117.9379,37.3959,滨州市,中海酒店,,43,NA,24,30,14,106,NA,NA,NA,11,10,10,12,0.5,0.4
2026-08-16T0100,3515A,117.9381509,37.35547456,滨州市,开发区一中,,46,34,30,32,16,86,NA,NA,NA,10,9,12,13,0.4,0.3
2026-08-16T0100,3516A,118.0914,37.6938,滨州市,金海六路,细颗粒物(PM2.5),82,NA,25,51,22,117,NA,NA,NA,13,17,8,7,0.3,0.3
2026-08-16T0100,3520A,106.3495,38.9837,石嘴山市,妇女儿童医院,,40,40,51,18,24,60,NA,NA,NA,28,22,14,13,0.7,1
2026-08-16T0100,3521A,106.7495,39.2068,石嘴山市,石大公路,,49,49,45,27,14,63,NA,NA,NA,30,24,20,13,0.7,0.5
2026-08-16T0100,3523A,106.5105,38.3857,银川市,滨河新区,,28,21,39,7,16,89,NA,NA,NA,7,12,5,17,0.4,0.7
2026-08-16T0100,3525A,108.6394,34.408,咸阳市,奥体中心,颗粒物(PM10),56,58,32,35,22,24,NA,NA,NA,48,17,3,4,0.5,0.4
2026-08-16T0100,3526A,119.5188,25.9666,福州市,吴航,,24,24,21,14,12,42,NA,NA,NA,11,10,7,7,0.6,0.6
2026-08-16T0100,3527A,118.0961,24.5689,厦门市,集美中学,,20,20,20,10,11,38,NA,NA,NA,13,13,2,2,0.1,0.1
2026-08-16T0100,3528A,118.1502,24.7246,厦门市,同安二实小,,14,14,15,7,10,34,NA,NA,NA,15,11,2,2,0.5,0.6
2026-08-16T0100,3530A,117.6288,24.5309,漳州市,西洋坪路,,26,26,30,13,17,42,NA,NA,NA,7,13,4,6,0.6,0.6
2026-08-16T0100,3531A,110.296,25.1254,桂林市,旅游学院,,25,25,19,11,9,60,NA,NA,NA,6,12,1,2,0.3,0.4
2026-08-16T0100,3532A,110.1951,22.6832,玉林市,玉林师范学院东校区,,21,21,14,14,9,58,NA,NA,NA,10,10,11,2,0.5,0.4
2026-08-16T0100,3533A,110.0527,22.5894,玉林市,福绵环保局,,26,18,21,18,13,63,NA,NA,NA,9,12,1,6,0.5,0.5
2026-08-16T0100,3534A,111.4744,24.455,贺州市,西湾,,34,34,21,10,11,35,NA,NA,NA,11,8,11,11,0.4,0.4
2026-08-16T0100,3535A,109.1781,23.7293,来宾市,兴宾区政府,NA,NA,NA,20,NA,13,NA,NA,102,NA,NA,10,NA,8,NA,0.5
2026-08-16T0100,3538A,107.5175,26.2977,黔南布依族苗族自治州,沙坝,,17,17,12,9,7,20,NA,NA,NA,12,6,3,5,0.5,0.5
2026-08-16T0100,3539A,110.5111,19.9737,海口市,桂林洋子站,,27,27,24,13,12,26,NA,NA,NA,11,10,/,/,/,/
2026-08-16T0100,3540A,109.7348,18.3443,三亚市,君悦子站,,19,12,21,4,7,58,NA,NA,NA,9,9,3,3,0.4,0.4
2026-08-16T0100,3541A,109.5726195,19.51688767,儋州市,第一中学子站,,19,19,22,13,11,36,NA,NA,NA,4,4,2,2,0.5,0.5
2026-08-16T0100,3542A,109.5567,19.5187,儋州市,东坡学校子站,,18,18,17,11,10,33,NA,NA,NA,3,3,4,4,0.5,0.5
2026-08-16T0100,3544A,121.4891,30.925,上海市,奉贤南桥新城,,35,35,20,20,13,19,NA,NA,NA,29,14,3,3,0.8,0.6
2026-08-16T0100,3545A,110.8053,32.8401,十堰市,郧阳区金沙路,,23,23,23,14,11,47,NA,NA,NA,7,6,10,9,0.8,0.8
2026-08-16T0100,3546A,111.4606,30.5519,宜昌市,猇亭区张家湾站,,30,30,21,16,8,40,NA,NA,NA,13,8,7,5,0.4,0.3
2026-08-16T0100,3547A,112.1631,31.0134,荆门市,龙泉中学南校,,30,27,26,21,18,46,NA,NA,NA,28,8,8,8,0.7,0.7
2026-08-16T0100,3549A,109.5061,30.3771,恩施土家族苗族自治州,龙凤新区,,24,24,14,8,10,22,NA,NA,NA,6,5,6,6,0.4,0.3
2026-08-16T0100,3550A,102.8,24.9787,昆明市,昆明学院,,40,40,39,24,16,69,NA,NA,NA,28,19,4,5,0.7,0.6
2026-08-16T0100,3551A,102.5969,24.6738,昆明市,晋宁区生态环境分局,,35,30,24,24,20,79,NA,NA,NA,11,11,3,2,1.0,0.8
2026-08-16T0100,3552A,102.6673,24.9861,昆明市,云天化总部,,33,33,25,21,14,68,NA,NA,NA,18,14,5,6,0.8,0.7
2026-08-16T0100,3557A,119.9463,30.0496,杭州市,镇二中,,23,18,18,16,12,37,NA,NA,NA,11,14,5,5,0.7,0.7
2026-08-16T0100,3558A,119.7184,30.2367,杭州市,市府大楼,,23,NA,9,16,12,52,NA,NA,NA,5,7,8,8,0.7,0.6
2026-08-16T0100,3560A,120.4715,30.0414,绍兴市,柯桥妇保,,30,30,28,21,17,36,NA,NA,NA,9,10,6,7,0.6,0.5
2026-08-16T0100,3561A,120.6985,27.9252,温州市,茶山,,13,13,19,5,9,36,NA,NA,NA,13,13,/,/,/,/
2026-08-16T0100,3562A,120.4146,30.8538,湖州市,南浔区站,,23,NA,17,16,16,33,NA,NA,NA,20,20,5,5,0.6,0.6
2026-08-16T0100,3564A,121.25678,28.66823971,台州市,台州科技职业学院,,20,20,20,14,13,33,NA,NA,NA,21,13,7,7,0.6,0.6
2026-08-16T0100,3565A,113.1371,40.1122,大同市,云冈站,,20,20,31,10,14,32,NA,NA,NA,10,12,5,9,0.5,0.5
2026-08-16T0100,3566A,113.1186,40.2556,大同市,图书馆,,21,21,26,13,12,56,NA,NA,NA,9,9,6,6,0.5,0.5
2026-08-16T0100,3567A,113.5931,40.0459,大同市,区一中,,23,23,27,16,11,53,NA,NA,NA,17,8,10,11,0.6,0.5
2026-08-16T0100,3568A,113.0603,36.0464,长治市,向阳小学,,42,42,38,22,22,74,NA,NA,NA,5,6,10,10,0.8,0.8
2026-08-16T0100,3569A,112.8788,36.315,长治市,屯留一中,,49,39,43,34,33,77,NA,NA,NA,10,11,12,12,1.0,1.2
2026-08-16T0100,3571A,112.2938,39.5296,朔州市,一水厂,,23,20,21,5,8,73,NA,NA,NA,4,8,2,3,0.4,0.4
2026-08-16T0100,3575A,118.0927,39.5807,唐山市,正泰大街热力站,,50,39,43,35,18,50,NA,NA,NA,20,19,5,7,0.4,0.7
2026-08-16T0100,3576A,118.1561,39.8322,唐山市,丰润区政府,颗粒物(PM10),101,121,43,36,9,30,NA,NA,NA,46,18,11,7,1.2,0.8
2026-08-16T0100,3577A,118.436906,39.73802,唐山市,金山小学,,47,47,37,20,24,63,NA,NA,NA,31,18,23,10,0.5,0.9
2026-08-16T0100,3578A,118.2449,39.6693,唐山市,政府服务中心,,48,48,50,25,20,64,NA,NA,NA,30,21,3,4,0.6,0.7
2026-08-16T0100,3580A,114.1998,36.4439,邯郸市,峰峰矿区临水派出所,,46,43,31,32,21,82,NA,NA,NA,8,6,4,4,0.3,0.3
2026-08-16T0100,3581A,115.3136,38.9511,保定市,满城区生态环境分局,,29,29,27,17,20,55,NA,NA,NA,11,10,3,3,0.2,0.2
2026-08-16T0100,3582A,115.4709,38.7628,保定市,清苑区第二中学,,50,50,30,24,18,36,NA,NA,NA,48,12,3,3,0.4,0.4
2026-08-16T0100,3583A,115.6231,39.0223,保定市,徐水物探局,,34,34,22,19,16,36,NA,NA,NA,21,10,3,3,0.3,0.3
2026-08-16T0100,3590A,113.8362,34.566,郑州市,北区建设指挥部,颗粒物(PM10),56,58,36,37,27,58,NA,NA,NA,32,19,5,4,0.6,0.4
2026-08-16T0100,3591A,113.3029,34.8041,郑州市,上街区政府,,50,50,42,30,28,74,NA,NA,NA,16,13,6,6,0.5,0.6
2026-08-16T0100,3592A,114.4518,34.7503,开封市,祥符区生态环境局,细颗粒物(PM2.5),68,61,48,44,32,54,NA,NA,NA,26,14,6,7,0.6,0.6
2026-08-16T0100,3593A,112.5736,34.8993,洛阳市,吉利监测站,,47,47,45,31,27,27,NA,NA,NA,22,12,9,8,0.3,0.3
2026-08-16T0100,3594A,112.8736,33.9068,平顶山市,石龙区,,49,48,34,34,25,72,NA,NA,NA,15,10,8,10,0.5,0.5
2026-08-16T0100,3596A,114.1573,35.9607,鹤壁市,南山宾馆,细颗粒物(PM2.5),56,NA,30,38,33,53,NA,NA,NA,8,8,3,4,0.3,0.5
2026-08-16T0100,3598A,111.1031,34.719,三门峡市,富达温泉假日酒店,,31,31,28,21,15,69,NA,NA,NA,15,11,7,7,0.6,0.6
2026-08-16T0100,3599A,106.2648,29.9853,重庆市,书院路,细颗粒物(PM2.5),112,NA,26,73,28,40,NA,NA,NA,14,10,19,9,1.1,0.8
2026-08-16T0100,3600A,106.2334,29.5583,重庆市,虎峰,,32,32,25,16,10,83,NA,NA,NA,19,14,8,9,0.4,0.4
2026-08-16T0100,3601A,106.0497,29.8345,重庆市,龙门街,细颗粒物(PM2.5),68,NA,29,44,16,69,NA,NA,NA,16,13,24,20,0.7,0.6
2026-08-16T0100,3604A,119.3267,35.1043,日照市,岚山环保分局,,22,22,37,13,20,50,NA,NA,NA,25,24,12,18,0.7,1.2
2026-08-16T0100,3605A,109.1019,34.5302,西安市,无线电监控中心,细颗粒物(PM2.5),60,60,32,40,19,35,NA,NA,NA,36,17,5,6,0.7,0.6
2026-08-16T0100,3610A,105.5931,29.4105,重庆市,昌元,NA,NA,109,48,NA,21,42,NA,NA,NA,35,21,9,9,1.0,0.5
2026-08-16T0100,3612A,85.1045,45.6895,克拉玛依市,白碱滩区新站,颗粒物(PM10),83,95,34,23,9,89,NA,NA,NA,4,4,4,4,0.2,0.2
2026-08-16T0100,3613A,87.3069,44.0093,昌吉回族自治州,亚心广场,颗粒物(PM10),58,61,52,14,9,107,NA,NA,NA,3,16,8,9,0.2,0.4
2026-08-16T0100,3614A,79.9241,37.0878,和田地区,地区环保局,颗粒物(PM10),98,117,126,48,45,63,NA,NA,NA,13,7,2,2,0.4,0.4
2026-08-16T0100,3615A,79.9132,37.1137,和田地区,市环保局,颗粒物(PM10),93,110,111,42,44,81,NA,NA,NA,1,3,1,2,0.5,0.5
2026-08-16T0100,3616A,106.7617,31.8343,巴中市,市中心医院,颗粒物(PM10),53,54,30,36,17,25,NA,NA,NA,24,14,6,7,0.8,0.7
2026-08-16T0100,3617A,105.8047,32.4167,广元市,经开区,,37,37,26,20,14,43,NA,NA,NA,26,19,7,6,0.6,0.5
2026-08-16T0100,3618A,112.4702,37.7821,太原市,金胜,,32,NA,30,13,17,102,NA,NA,NA,5,12,6,8,0.1,0.2
2026-08-16T0100,3619A,113.6169,37.8565,阳泉市,龙柱,,48,41,52,33,31,31,NA,NA,NA,22,21,6,11,1.4,1.2
2026-08-16T0100,3620A,112.8258,35.4804,晋城市,泽州一中,颗粒物(PM10),53,54,46,33,26,64,NA,NA,NA,17,12,12,6,0.7,0.7
2026-08-16T0100,3622A,113.5556,24.8082,韶关市,碧湖山庄,,12,8,18,3,10,37,NA,NA,NA,9,8,9,8,0.6,0.5
2026-08-16T0100,3623A,113.8952,22.586,深圳市,西乡,,38,38,27,23,12,41,NA,NA,NA,35,21,6,6,0.9,0.8
2026-08-16T0100,3624A,116.4069,23.2533,汕头市,潮南子站,,16,16,13,8,8,48,NA,NA,NA,5,8,7,7,/,/
2026-08-16T0100,3625A,113.2568,22.7629,佛山市,容桂街道办,,32,NA,21,22,22,53,NA,NA,NA,18,16,/,/,/,/
2026-08-16T0100,3628A,112.0335,22.9376,云浮市,文笔,,38,38,29,18,16,6,NA,NA,NA,28,15,6,7,0.7,0.7
2026-08-16T0100,3629A,101.8304,36.5785,西宁市,世纪职校,,15,11,18,9,17,48,NA,NA,NA,8,14,1,4,0.3,0.5
2026-08-16T0100,3633A,118.4914,31.681,马鞍山市,雨山,,36,36,21,21,14,7,NA,NA,NA,38,16,8,6,0.9,0.8
2026-08-16T0100,3635A,112.3678,34.6623,洛阳市,河科大西苑校区,细颗粒物(PM2.5),66,63,39,43,27,27,NA,NA,NA,37,14,12,8,0.6,0.5
2026-08-16T0100,3636A,112.4387,34.678,洛阳市,英才小学,,49,48,40,34,29,35,NA,NA,NA,35,20,11,11,0.7,0.6
2026-08-16T0100,3637A,131.0136,45.7688,七台河市,人民广场,,12,12,15,4,6,10,NA,NA,NA,16,13,9,9,0.6,0.5
2026-08-16T0100,3638A,104.7637,29.3373,自贡市,轻化工大学,细颗粒物(PM2.5),82,55,47,51,42,49,NA,NA,NA,30,17,10,10,0.8,0.7
2026-08-16T0100,3642A,120.3454,36.0735,青岛市,市北区南部,,32,11,19,5,12,102,NA,NA,NA,18,24,7,6,0.6,0.4
2026-08-16T0100,3643A,120.3897,36.18,青岛市,李沧区北部,,20,7,17,4,12,62,NA,NA,NA,18,19,4,5,0.5,0.6
2026-08-16T0100,3644A,117.8662,36.8049,淄博市,三金集团,,29,29,44,15,21,84,NA,NA,NA,17,21,5,9,0.5,0.5
2026-08-16T0100,3645A,118.0259,36.8409,淄博市,东风化工厂,,42,42,43,23,18,82,NA,NA,NA,18,20,9,10,0.5,0.4
2026-08-16T0100,3646A,118.4979,37.4623,东营市,胜利站,,33,NA,29,14,15,104,NA,NA,NA,7,7,10,12,0.7,0.6
2026-08-16T0100,3648A,106.2176,37.9832,吴忠市,文卫南街,颗粒物(PM10),68,75,50,16,24,77,NA,NA,NA,9,12,8,9,0.4,0.5
2026-08-16T0100,3650A,105.1696,37.5164,中卫市,沙坡头区政府站,颗粒物(PM10),83,95,38,33,19,85,NA,NA,NA,21,19,6,5,0.5,0.4
2026-08-16T0100,3654A,114.8093,30.4091,鄂州市,精准医疗中心,,12,12,15,7,5,35,NA,NA,NA,9,8,4,5,0.6,0.6
2026-08-16T0100,3655A,114.3379,29.8683,咸宁市,长江产业园,,25,25,24,13,10,41,NA,NA,NA,9,11,4,4,0.6,0.6
2026-08-16T0100,3656A,120.1554,30.2863,杭州市,消防大队,,29,22,15,20,11,32,NA,NA,NA,13,16,9,9,0.8,0.8
2026-08-16T0100,3658A,120.6156,30.0762,绍兴市,袍江中学,,22,19,22,15,15,37,NA,NA,NA,14,14,5,5,0.6,0.6
2026-08-16T0100,3659A,119.656,29.1132,金华市,气象局,,15,15,18,6,11,41,NA,NA,NA,27,12,4,4,0.6,0.5
2026-08-16T0100,3662A,123.6341,47.2079,齐齐哈尔市,富区青少年活动中心,,18,18,23,4,4,39,NA,NA,NA,10,9,4,4,0.3,0.3
2026-08-16T0100,3663A,124.117,50.4279,大兴安岭地区,红旗社区,,15,NA,11,10,8,26,NA,NA,NA,8,7,3,3,0.3,0.3
2026-08-16T0100,3664A,119.4171,34.734,连云港市,连云街道,,20,18,18,9,13,62,NA,NA,NA,18,16,4,8,0.6,0.8
2026-08-16T0100,3665A,76.1654,39.7157,克孜勒苏柯尔克孜自治州,克州文化中心,颗粒物(PM10),112,151,74,71,29,95,NA,NA,NA,14,4,2,3,0.2,0.2
2026-08-16T0100,3667A,111.0279,35.0543,运城市,水利职院,,40,25,26,16,13,125,NA,NA,NA,7,9,5,5,0.2,0.2
2026-08-16T0100,3669A,114.4706,36.0634,安阳市,左辅环卫站,颗粒物(PM10),58,60,32,29,23,35,NA,NA,NA,30,12,3,3,0.6,0.6
2026-08-16T0100,3670A,111.0522,35.0439,运城市,禹都公园,,41,21,22,20,14,130,NA,NA,NA,4,5,5,5,0.2,0.2
2026-08-16T0100,3671A,116.0879,39.9725,北京市,门头沟三家店,,20,11,23,5,12,62,NA,NA,NA,17,16,1,1,0.6,0.6
2026-08-16T0100,3672A,116.1507,39.8246,北京市,丰台云岗,,22,22,28,8,12,57,NA,NA,NA,10,10,3,2,0.4,0.4
2026-08-16T0100,3674A,115.9578,39.7602,北京市,房山燕山,,22,22,19,14,12,61,NA,NA,NA,8,7,2,2,0.4,0.4
2026-08-16T0100,3675A,116.4669,39.7734,北京市,大兴旧宫,,23,11,23,6,13,71,NA,NA,NA,17,12,2,2,0.5,0.6
2026-08-16T0100,3677A,98.5887,24.4366,德宏傣族景颇族自治州,芒市人民政府综合楼,,31,31,29,10,7,25,NA,NA,NA,8,6,8,8,0.8,0.8
2026-08-16T0100,3678A,116.5907,35.4054,济宁市,市第七中学,,42,42,38,27,23,80,NA,NA,NA,14,8,5,6,0.5,0.5
2026-08-16T0100,3683A,109.8332,40.6577,包头市,昆区政府,,24,8,29,8,14,75,NA,NA,NA,17,23,5,13,0.3,0.5
2026-08-16T0100,3684A,130.8639,45.8144,七台河市,新建矿广场,,10,7,16,7,6,15,NA,NA,NA,17,15,6,6,0.5,0.4
2026-08-16T0100,3685A,117.897,28.4316,上饶市,双创科技城,,30,30,26,12,19,30,NA,NA,NA,12,12,9,16,0.5,0.6
2026-08-16T0100,3689A,113.9002,35.372,新乡市,行政服务中心,,38,34,34,26,20,21,NA,NA,NA,20,11,8,8,0.6,0.5
2026-08-16T0100,3690A,115.9718,28.7032,南昌市,外国语学校,,19,19,14,12,10,57,NA,NA,NA,8,7,13,12,0.5,0.5
2026-08-16T0100,3692A,118.2043,39.6703,唐山市,消防缸窑路中队,颗粒物(PM10),56,58,53,28,19,67,NA,NA,NA,25,18,6,6,0.6,0.7
2026-08-16T0100,3693A,118.1432,39.6203,唐山市,路南电大,,49,48,44,34,22,83,NA,NA,NA,12,8,10,8,0.5,0.6
2026-08-16T0100,3694A,115.9859,40.4562,北京市,延庆石河营,,26,24,16,18,11,57,NA,NA,NA,8,5,3,3,0.3,0.4
2026-08-16T0100,3695A,116.6151,40.3052,北京市,怀柔新城,,22,18,16,13,10,68,NA,NA,NA,4,5,1,1,0.5,0.5
2026-08-16T0100,3696A,116.2542,39.8764,北京市,丰台小屯,,21,21,22,10,12,64,NA,NA,NA,13,16,2,3,0.4,0.5
2026-08-16T0100,3697A,116.8399,40.3843,北京市,密云镇,,25,25,20,17,12,50,NA,NA,NA,11,13,4,4,0.5,0.5
2026-08-16T0100,3699A,111.6519,40.8389,呼和浩特市,海东办,,24,24,20,8,5,38,NA,NA,NA,44,21,8,8,0.3,0.3
2026-08-16T0100,3701A,116.9647,33.6252,宿州市,皖北煤电集团,,43,NA,19,30,11,51,NA,NA,NA,15,8,7,7,0.3,0.2
2026-08-16T0100,3706A,122.2584,43.6333,通辽市,老干部活动中心,,33,33,25,17,9,51,NA,NA,NA,15,12,7,8,0.6,0.5
2026-08-16T0100,3707A,131.0069,45.2988,鸡西市,欧美日汽修厂,,18,18,19,6,8,26,NA,NA,NA,9,10,3,3,0.4,0.4
2026-08-16T0100,3708A,122.2923,43.6189,通辽市,东方明珠社区,,45,45,27,9,9,41,NA,NA,NA,31,15,11,13,0.6,0.5
2026-08-16T0100,3710A,121.5593,29.8976,宁波市,白沙活动中心,NA,NA,44,19,36,18,66,NA,NA,NA,7,10,8,8,NA,NA
2026-08-16T0100,3713A,124.3286,43.1726,四平市,世纪城,,24,14,23,13,13,75,NA,NA,NA,13,17,3,6,0.3,0.3
2026-08-16T0100,3715A,117.3091,32.9314,蚌埠市,蚌埠田家炳中学,,37,37,22,25,10,4,NA,NA,NA,53,12,8,8,0.5,0.4
2026-08-16T0100,3719A,97.1707,31.1428,昌都市,昌都会议中心,,28,3,9,3,5,87,NA,NA,NA,4,4,2,3,0.3,0.3
2026-08-16T0100,3726A,88.8775,29.2425,日喀则市,林业技术推广中心,,22,3,7,1,0,69,NA,NA,NA,2,2,8,7,0.2,0.2
2026-08-16T0100,3728A,104.6701,28.8053,宜宾市,白酒学院,细颗粒物(PM2.5),96,62,36,58,27,72,NA,NA,NA,16,13,6,8,0.8,0.7
2026-08-16T0100,3734A,118.5753,37.4405,东营市,理想之城,,29,12,20,9,10,92,NA,NA,NA,11,8,8,10,0.4,0.4
2026-08-16T0100,3860A,118.3915,35.0297,临沂市,皇山花园小区,细颗粒物(PM2.5),58,NA,28,39,20,62,NA,NA,NA,20,18,13,11,0.8,0.7
2026-08-16T0100,3861A,119.2046,36.7696,潍坊市,寒亭区实验一小,,27,27,20,10,8,55,NA,NA,NA,24,13,6,6,0.4,0.4
2026-08-16T0100,3866A,122.2469,40.663,营口市,三高中,,32,32,36,19,18,31,NA,NA,NA,22,21,10,11,0.6,0.8
2026-08-16T0100,3867A,102.074,36.5056,海东市,平安区公安局北苑,,22,16,27,6,15,68,NA,NA,NA,2,6,6,8,0.4,0.5
2026-08-16T0100,3981A,113.2456,35.18,焦作市,原李万街道办,,39,39,43,24,23,56,NA,NA,NA,12,8,7,8,0.4,0.3
2026-08-16T0100,3994A,102.2174,31.9016,阿坝藏族羌族自治州,马尔康中学西区,,19,15,10,7,9,58,NA,NA,NA,6,7,4,4,0.3,0.2
2026-08-16T0100,4002A,109.2312,23.7428,来宾市,中南小学,,41,41,21,19,12,28,NA,NA,NA,28,12,8,8,0.8,0.7
2026-08-16T0100,4004A,115.4199,38.8665,保定市,双鹰农机,,46,42,28,32,20,61,NA,NA,NA,10,6,3,3,0.2,0.3
2026-08-16T0100,4006A,122.3622,40.6762,营口市,老边实验小学,,39,NA,44,27,28,26,NA,NA,NA,17,23,7,11,0.7,1.4
2026-08-16T0100,4008A,112.5233,32.9921,南阳市,卧龙区政府,颗粒物(PM10),58,60,38,33,19,51,NA,NA,NA,36,11,6,6,0.7,0.7
2026-08-16T0100,4010A,112.5608,37.8807,太原市,育英中学,,30,15,29,9,21,96,NA,NA,NA,19,13,10,9,1.1,0.5
2026-08-16T0100,4011A,103.8505,30.6946,成都市,光华大道三段,,41,36,43,21,30,129,NA,NA,NA,5,11,3,8,0.8,0.9
2026-08-16T0100,4017A,116.7926,33.9534,淮北市,市博物馆,,35,33,15,24,10,64,NA,NA,NA,14,7,4,3,0.6,0.4
2026-08-16T0100,4018A,116.0564,36.4609,聊城市,星美广场,,46,46,44,30,26,58,NA,NA,NA,24,14,7,8,0.5,0.5
2026-08-16T0100,4022A,102.1648,38.5369,金昌市,金川区人防中心,,33,17,108,4,31,105,NA,NA,NA,6,4,1,1,0.2,0.2
2026-08-16T0100,4024A,114.6491,37.9014,石家庄市,栾城区星河路,,42,42,26,27,20,59,NA,NA,NA,25,12,5,2,0.3,0.2
2026-08-16T0100,4027A,75.9485,39.4688,喀什地区,老干局,颗粒物(PM10),118,165,54,52,12,91,NA,NA,NA,16,6,4,4,0.4,0.3
2026-08-16T0100,4028A,117.9955,37.3752,滨州市,滨州市西街道办事处,,45,34,29,31,16,94,NA,NA,NA,10,10,4,6,0.4,0.3
2026-08-16T0100,4033A,122.3124,29.9619,舟山市,普陀东港中学,细颗粒物(PM2.5),54,NA,28,37,23,55,NA,NA,NA,19,19,6,6,0.9,0.8
2026-08-16T0100,4034A,115.515,38.8589,保定市,植保所站,,35,31,25,24,14,75,NA,NA,NA,14,11,3,2,0.2,0.2
2026-08-16T0100,4036A,116.646,23.676,潮州市,金山,,22,22,19,13,12,37,NA,NA,NA,13,13,4,4,0.5,0.5
2026-08-16T0100,4051A,86.0791,44.3018,石河子市,世纪广场,颗粒物(PM10),130,197,54,11,8,109,NA,NA,NA,6,10,2,3,0.3,0.3
2026-08-16T0100,4054A,109.0324,32.6913,安康市,市邮政管理局,,17,17,21,9,11,27,NA,NA,NA,8,8,2,3,0.6,0.6
2026-08-16T0100,4055A,108.8869,34.2662,西安市,行知小学,,41,41,33,22,18,64,NA,NA,NA,33,15,6,7,0.8,0.7
2026-08-16T0100,4056A,108.6601,34.3767,咸阳市,五陵塬路2号,颗粒物(PM10),51,51,42,31,25,54,NA,NA,NA,29,18,5,6,0.7,0.6
2026-08-16T0100,4057A,115.9423,40.4431,北京市,延庆百泉,,26,16,16,9,10,81,NA,NA,NA,3,3,2,2,0.4,0.5
2026-08-16T0100,4058A,116.6598,39.9164,北京市,通州新华,,29,6,35,3,21,91,NA,NA,NA,23,16,3,3,0.3,0.5
2026-08-16T0100,4059A,114.4563,38.0365,石家庄市,裕华西路63号,,35,32,26,24,16,83,NA,NA,NA,10,6,1,1,0.4,0.3
2026-08-16T0100,4060A,114.5586,38.0581,石家庄市,和平路363号,,40,38,24,28,18,62,NA,NA,NA,17,8,3,3,0.4,0.4
2026-08-16T0100,4061A,114.8347,38.0213,石家庄市,廉州西路160号,,35,34,35,24,21,73,NA,NA,NA,9,13,1,2,0.6,0.6
2026-08-16T0100,4062A,114.4498,38.0729,石家庄市,北城路41号,,39,39,32,20,16,94,NA,NA,NA,12,10,2,2,0.4,0.4
2026-08-16T0100,4063A,115.2124,37.9433,辛集市,市政府,,39,39,40,22,22,79,NA,NA,NA,16,13,9,6,0.5,0.4
2026-08-16T0100,4064A,115.2008,37.9338,辛集市,城管大队,,47,47,40,17,23,74,NA,NA,NA,14,10,6,3,0.7,0.6
2026-08-16T0100,4065A,118.1267,39.6579,唐山市,光明北路515号,,31,31,30,20,18,97,NA,NA,NA,17,16,5,6,0.4,0.5
2026-08-16T0100,4066A,119.7458,39.9952,秦皇岛市,南园路157号,,33,33,23,9,6,78,NA,NA,NA,27,21,6,7,0.3,0.3
2026-08-16T0100,4067A,119.5131,39.8858,秦皇岛市,翠岛大街1号,,37,37,23,11,9,41,NA,NA,NA,45,10,6,7,0.4,0.3
2026-08-16T0100,4068A,114.5209,36.7697,邯郸市,建安街268号,颗粒物(PM10),53,54,38,34,20,46,NA,NA,NA,29,17,3,2,0.3,0.3
2026-08-16T0100,4069A,114.5488,36.6177,邯郸市,丛台东路558号,细颗粒物(PM2.5),70,63,41,45,24,52,NA,NA,NA,30,16,2,2,0.7,0.3
2026-08-16T0100,4070A,114.5558,37.0578,邢台市,襄都区政府南院,颗粒物(PM10),54,55,37,31,23,66,NA,NA,NA,16,13,2,2,0.4,0.3
2026-08-16T0100,4071A,114.9883,38.5232,定州市,交通局,颗粒物(PM10),54,55,53,19,21,79,NA,NA,NA,9,10,3,3,0.6,0.6
2026-08-16T0100,4072A,115.0045,38.5136,定州市,第五中学,,39,33,48,27,19,78,NA,NA,NA,10,11,5,6,0.4,0.4
2026-08-16T0100,4073A,117.9462,40.95,承德市,杏林街1号,,27,27,21,15,15,15,NA,NA,NA,16,12,4,9,0.5,0.4
2026-08-16T0100,4074A,112.449,37.8509,太原市,西矿街336号,,35,10,30,10,21,109,NA,NA,NA,10,12,7,8,0.4,0.5
2026-08-16T0100,4075A,112.4792,37.9393,太原市,迎宾北路9号,,31,NA,28,13,18,98,NA,NA,NA,8,11,6,9,0.6,0.7
2026-08-16T0100,4076A,112.551,37.8575,太原市,迎泽大街248号,,28,14,33,7,20,89,NA,NA,NA,18,14,9,9,1.4,0.8
2026-08-16T0100,4077A,113.588,37.8712,阳泉市,宁波路,,47,47,39,20,23,38,NA,NA,NA,34,17,16,15,0.6,0.7
2026-08-16T0100,4078A,112.8246,35.5152,晋城市,前书院路,颗粒物(PM10),51,51,45,24,23,47,NA,NA,NA,12,7,5,6,0.6,0.7
2026-08-16T0100,4079A,112.8864,35.4773,晋城市,祥云街666号,,39,37,37,27,25,54,NA,NA,NA,21,10,4,5,0.6,0.7
2026-08-16T0100,4080A,112.7375,37.7215,晋中市,广安街188号,,36,NA,32,11,21,113,NA,NA,NA,3,10,10,12,0.2,0.3
2026-08-16T0100,4081A,111.0081,35.0748,运城市,学苑北路2555号,,34,29,27,17,14,106,NA,NA,NA,8,7,6,6,0.7,0.6
2026-08-16T0100,4082A,121.2548,38.8188,大连市,旅顺,,23,23,33,14,19,27,NA,NA,NA,13,10,7,8,0.7,0.8
2026-08-16T0100,4083A,123.153,41.2874,辽阳市,铁西路150号,,20,20,38,11,19,39,NA,NA,NA,14,20,5,7,0.7,0.9
2026-08-16T0100,4084A,123.835,42.2853,铁岭市,新华街20号,,28,28,26,13,9,44,NA,NA,NA,17,18,10,10,0.4,0.2
2026-08-16T0100,4085A,125.0998,42.9134,辽源市,安宁大街333号,,20,6,18,4,7,61,NA,NA,NA,7,6,4,3,0.4,0.4
2026-08-16T0100,4086A,118.7641,32.0841,南京市,新模范马路66号,,19,19,19,6,4,24,NA,NA,NA,24,8,5,4,0.3,0.3
2026-08-16T0100,4087A,120.3138,31.4927,无锡市,清舒道1号,NA,NA,30,19,16,11,NA,NA,NA,NA,18,17,NA,16,0.8,0.8
2026-08-16T0100,4088A,117.1553,34.2567,徐州市,纺织东路16号,,29,NA,12,20,10,42,NA,NA,NA,19,11,6,6,0.6,0.5
2026-08-16T0100,4089A,119.9551,31.863,常州市,崇义南街5-H号,,21,21,16,12,8,23,NA,NA,NA,22,12,6,6,0.2,0.1
2026-08-16T0100,4090A,120.4282,31.3228,苏州市,学森路9号,,29,29,18,12,7,30,NA,NA,NA,14,13,9,7,0.7,0.7
2026-08-16T0100,4091A,120.8692,31.9885,南通市,洪江路,,18,18,7,7,6,40,NA,NA,NA,6,4,4,4,0.7,0.7
2026-08-16T0100,4092A,119.119691,33.550006,淮安市,枚皋中路89号,,20,18,18,14,9,1,NA,NA,NA,34,14,4,5,0.5,0.5
2026-08-16T0100,4093A,119.5202,32.3705,扬州市,廖家沟步道,,13,13,15,9,6,34,NA,NA,NA,21,9,6,6,0.2,0.2
2026-08-16T0100,4094A,118.352,33.7886,宿迁市,春华路,,28,28,23,18,13,34,NA,NA,NA,16,10,4,5,0.2,0.2
2026-08-16T0100,4095A,121.8962,29.7529,宁波市,中科路88号,,26,15,25,9,14,82,NA,NA,NA,6,11,7,7,0.7,0.7
2026-08-16T0100,4096A,120.6935,28.0114,温州市,鹿城惠民路,,27,27,23,16,11,45,NA,NA,NA,15,13,/,/,0.5,0.5
2026-08-16T0100,4097A,118.9646,28.9832,衢州市,衢州三中,,16,15,19,11,14,42,NA,NA,NA,15,12,4,3,0.6,0.6
2026-08-16T0100,4098A,117.2518,31.8404,合肥市,中国科学技术大学,,39,29,18,27,13,35,NA,NA,NA,17,12,4,4,0.4,0.4
2026-08-16T0100,4099A,118.5726,31.1371,芜湖市,湾沚区人民法院,,25,17,14,17,15,18,NA,NA,NA,26,10,3,3,0.3,0.3
2026-08-16T0100,4100A,116.8322,33.9884,淮北市,杜集区第一实验学校,,44,44,24,16,5,30,NA,NA,NA,12,5,4,5,0.6,0.5
2026-08-16T0100,4101A,118.3196,32.3335,滁州市,银山路666号,,29,25,16,20,12,25,NA,NA,NA,15,7,5,4,0.3,0.3
2026-08-16T0100,4102A,118.3426,32.2979,滁州市,黄山路555号,,28,26,18,19,12,40,NA,NA,NA,14,7,8,8,0.3,0.2
2026-08-16T0100,4103A,116.9929,33.6412,宿州市,中兴路,,49,49,23,20,11,22,NA,NA,NA,19,9,10,10,0.4,0.4
2026-08-16T0100,4104A,119.3106,26.0648,福州市,路通桥巷6号,,21,21,23,14,15,32,NA,NA,NA,12,9,/,/,/,/
2026-08-16T0100,4105A,118.6355,24.9148,泉州市,霞新路6号,,15,13,21,9,12,48,NA,NA,NA,8,13,/,/,0.4,0.4
2026-08-16T0100,4106A,115.7923,28.6873,南昌市,工业二路,,21,20,14,12,10,65,NA,NA,NA,5,4,6,6,0.6,0.5
2026-08-16T0100,4107A,113.8686,27.6668,萍乡市,联洪村委会,,38,38,28,24,17,30,NA,NA,NA,16,9,10,9,0.7,0.6
2026-08-16T0100,4108A,117.7107,36.2385,济南市,山财大街5号,,35,31,23,24,18,33,NA,NA,NA,47,22,8,7,1.1,0.6
2026-08-16T0100,4109A,116.9744,36.6889,济南市,无影山路12号,,34,34,32,18,18,80,NA,NA,NA,25,21,3,3,0.4,0.4
2026-08-16T0100,4110A,120.5222,36.4089,青岛市,盟旺路653号,,16,16,25,8,14,37,NA,NA,NA,14,14,8,8,0.6,0.6
2026-08-16T0100,4111A,116.6075,35.4566,济宁市,任和路,"颗粒物(PM10),细颗粒物(PM2.5)",58,60,37,39,21,62,NA,NA,NA,17,9,3,2,0.6,0.6
2026-08-16T0100,4112A,116.5648,35.3921,济宁市,文体南路1号,细颗粒物(PM2.5),52,38,33,36,22,69,NA,NA,NA,22,11,4,4,0.2,0.2
2026-08-16T0100,4113A,116.0091,36.4495,聊城市,利民路,,27,27,33,16,20,74,NA,NA,NA,20,13,9,11,0.5,0.4
2026-08-16T0100,4114A,115.4239,35.2593,菏泽市,黄河路600号,,45,44,45,31,28,62,NA,NA,NA,19,12,4,5,0.4,0.4
2026-08-16T0100,4115A,115.5025,35.2727,菏泽市,菏泽市人社局,,42,42,43,27,27,82,NA,NA,NA,16,10,4,5,0.5,0.5
2026-08-16T0100,4116A,113.284,33.7139,平顶山市,姚电大道23号,颗粒物(PM10),63,68,54,31,29,72,NA,NA,NA,10,13,10,9,0.7,0.6
2026-08-16T0100,4117A,114.2918,36.0769,安阳市,钢三路198号,,40,31,36,28,23,54,NA,NA,NA,8,6,4,4,0.4,0.5
2026-08-16T0100,4118A,115.0552,35.7816,濮阳市,中原东路68号,颗粒物(PM10),56,58,50,31,25,86,NA,NA,NA,14,11,5,5,0.9,0.8
2026-08-16T0100,4119A,115.6701,34.3767,商丘市,北海东路185号,,34,34,24,21,13,45,NA,NA,NA,13,10,4,5,0.5,0.4
2026-08-16T0100,4120A,115.6172,34.3704,商丘市,中山大街3号,,48,48,30,19,15,27,NA,NA,NA,26,12,5,6,0.4,0.4
2026-08-16T0100,4121A,114.8466,33.7333,周口市,羲皇大道,,38,38,30,21,18,45,NA,NA,NA,13,10,4,4,0.5,0.8
2026-08-16T0100,4122A,112.6071,35.1015,济源市,市委党校,颗粒物(PM10),53,53,52,34,29,24,NA,NA,NA,22,13,4,4,0.7,0.7
2026-08-16T0100,4123A,112.596,35.0702,济源市,沁园中路1号,颗粒物(PM10),56,58,52,36,31,44,NA,NA,NA,25,14,5,3,1.8,1.1
2026-08-16T0100,4124A,112.2213,31.0654,荆门市,新台西路6号,,36,36,35,25,24,25,NA,NA,NA,15,9,7,8,0.7,0.6
2026-08-16T0100,4125A,113.946,30.8999,孝感市,天仙南路1号,,20,NA,14,14,10,42,NA,NA,NA,11,8,4,5,0.3,0.4
2026-08-16T0100,4127A,111.9812,27.7591,娄底市,涟钢职大,,43,43,21,22,12,25,NA,NA,NA,14,6,4,3,2.0,0.9
2026-08-16T0100,4128A,112.0303,27.7457,娄底市,娄底体校,NA,NA,NA,32,NA,13,NA,NA,74,NA,NA,8,NA,2,NA,0.5
2026-08-16T0100,4129A,113.8666,23.1062,东莞市,裕兴路,,30,26,30,21,23,69,NA,NA,NA,23,17,7,7,0.6,0.6
2026-08-16T0100,4130A,114.0076,22.9739,东莞市,教育路1号,,50,50,30,30,19,28,NA,NA,NA,60,23,9,8,0.9,0.7
2026-08-16T0100,4131A,113.7981,22.8124,东莞市,长怡路1号,,40,40,31,27,17,42,NA,NA,NA,37,18,6,6,0.9,0.8
2026-08-16T0100,4132A,108.2927,23.1477,南宁市,起凤路9号,,30,25,27,21,20,91,NA,NA,NA,8,14,4,6,0.6,0.6
2026-08-16T0100,4133A,106.6273,23.8798,百色市,龙景西路,,16,15,11,11,8,18,NA,NA,NA,16,7,7,8,0.4,0.4
2026-08-16T0100,4134A,110.1952,20.0451,海口市,长滨二路9号,,21,21,21,13,12,53,NA,NA,NA,11,13,/,/,/,/
2026-08-16T0100,4135A,109.1714,18.3739,三亚市,城东小学站,,17,17,20,8,8,41,NA,NA,NA,6,6,/,/,/,/
2026-08-16T0100,4136A,108.6971,30.9377,重庆市,云师幼儿园,,26,18,15,18,8,31,NA,NA,NA,20,13,5,5,0.7,0.6
2026-08-16T0100,4137A,107.3276,30.3284,重庆市,公安局,NA,NA,NA,17,12,7,NA,NA,NA,NA,13,8,8,8,0.6,0.6
2026-08-16T0100,4138A,108.0575,30.3254,重庆市,忠县中学,,32,27,22,22,12,32,NA,NA,NA,26,18,5,5,0.7,0.6
2026-08-16T0100,4139A,109.4542,31.0182,重庆市,竹枝路2号,,24,24,15,4,7,45,NA,NA,NA,16,13,5,5,0.4,0.3
2026-08-16T0100,4140A,107.7422,29.871,重庆市,龙河路,,16,16,19,7,8,39,NA,NA,NA,19,11,6,7,0.4,0.4
2026-08-16T0100,4141A,108.7636,28.84,重庆市,桃花源中路,,33,33,25,10,8,24,NA,NA,NA,9,8,7,8,0.6,0.6
2026-08-16T0100,4142A,108.9758,28.4416,重庆市,秀山县高级中学,,13,11,16,9,8,29,NA,NA,NA,7,5,7,7,0.6,0.6
2026-08-16T0100,4143A,108.1558,29.2859,重庆市,河堡街,,20,20,12,10,7,34,NA,NA,NA,6,5,6,6,0.5,0.6
2026-08-16T0100,4144A,104.3257,30.6406,成都市,八角井街185号,,46,46,38,29,24,117,NA,NA,NA,11,11,8,8,0.6,0.6
2026-08-16T0100,4145A,104.4144,31.1495,德阳市,市林业局,,35,31,48,24,32,112,NA,NA,NA,10,14,11,14,0.5,0.6
2026-08-16T0100,4146A,104.7092,31.4972,绵阳市,科技城新区公安局,,40,40,43,27,24,112,NA,NA,NA,10,16,8,8,0.7,0.7
2026-08-16T0100,4147A,105.0433,29.6105,内江市,玉峰路西段888号,细颗粒物(PM2.5),106,76,40,66,37,55,NA,NA,NA,18,15,13,12,0.8,0.5
2026-08-16T0100,4148A,103.8836,30.0695,眉山市,眉职院,"颗粒物(PM10),细颗粒物(PM2.5)",68,74,54,44,29,87,NA,NA,NA,24,24,9,10,0.9,0.9
2026-08-16T0100,4149A,104.6146,28.7422,宜宾市,宜宾市职业技术学校,细颗粒物(PM2.5),98,72,42,59,31,56,NA,NA,NA,24,14,8,10,1.2,1
2026-08-16T0100,4150A,104.6646,30.1116,资阳市,正兴街66号,细颗粒物(PM2.5),80,61,51,50,38,60,NA,NA,NA,14,12,6,6,0.5,0.4
2026-08-16T0100,4151A,104.8899,26.5685,六盘水市,钟山大道中段564号,,23,22,30,12,14,71,NA,NA,NA,8,14,2,2,0.6,0.9
2026-08-16T0100,4152A,107.0425,27.7087,遵义市,乌江大道东段1号,,15,10,9,3,6,47,NA,NA,NA,9,6,8,7,0.5,0.5
2026-08-16T0100,4153A,101.5536,25.0343,楚雄彝族自治州,团结路562号,,26,20,21,7,10,81,NA,NA,NA,4,9,3,3,0.3,0.3
2026-08-16T0100,4154A,103.401,23.3561,红河哈尼族彝族自治州,蒙自市朝阳路,,22,NA,14,14,12,68,NA,NA,NA,7,6,8,10,0.5,0.5
2026-08-16T0100,4155A,107.1721,34.3558,宝鸡市,滨河北路,,39,37,33,27,25,41,NA,NA,NA,12,10,3,4,0.6,0.6
2026-08-16T0100,4156A,108.6372,34.3031,咸阳市,胭脂路9号,细颗粒物(PM2.5),64,51,31,42,22,29,NA,NA,NA,40,11,2,4,0.6,0.4
2026-08-16T0100,4157A,108.0371,34.3035,咸阳市,杨扶路,细颗粒物(PM2.5),80,53,33,50,28,43,NA,NA,NA,15,9,3,3,0.5,0.4
2026-08-16T0100,4158A,108.0895,34.2623,咸阳市,新桥路,细颗粒物(PM2.5),72,56,44,46,29,45,NA,NA,NA,28,17,5,6,0.7,0.4
2026-08-16T0100,4159A,110.4531,35.4578,渭南市,桢州大街,,33,24,33,23,23,36,NA,NA,NA,5,5,11,13,1.0,1.2
2026-08-16T0100,4160A,110.4368,35.4773,渭南市,太史大街,,38,38,41,21,24,38,NA,NA,NA,12,10,6,9,0.6,0.8
2026-08-16T0100,4161A,109.485,36.6347,延安市,志丹路,,35,13,24,7,12,109,NA,NA,NA,6,11,2,3,0.4,0.4
2026-08-16T0100,4162A,101.6769,36.6535,西宁市,海晏路105号,,23,19,19,16,14,24,NA,NA,NA,33,14,2,3,0.6,0.5
2026-08-16T0100,4163A,102.0984,36.5119,海东市,滨河路,,18,15,21,12,18,44,NA,NA,NA,12,25,5,7,0.6,0.7
2026-08-16T0100,4164A,87.2057,43.9289,昌吉回族自治州,财政所,颗粒物(PM10),70,78,53,15,10,105,NA,NA,NA,1,6,8,8,0.1,0.2
2026-08-16T0100,4165A,82.9716,46.7464,塔城地区,文化广场,,41,41,28,15,8,61,NA,NA,NA,6,5,3,2,0.5,0.5
2026-08-16T0100,4166A,88.1198,47.7931,阿勒泰地区,阿勒泰路33号,,49,49,29,16,4,63,NA,NA,NA,17,9,7,7,0.5,0.4
2026-08-16T0100,4167A,86.0126,44.2349,石河子市,城南景苑小区,,38,38,37,7,6,109,NA,NA,NA,4,7,6,6,0.2,0.2
2026-08-16T0100,4168A,87.055284,43.999117,五家渠市,建设西街760号,颗粒物(PM10),79,90,70,12,11,100,NA,NA,NA,6,17,4,5,0.5,0.5
2026-08-16T0100,4180A,113.8157285,34.126705,许昌市,新元大道996号,,50,38,37,35,28,68,NA,NA,NA,14,13,5,11,0.6,0.3
2026-08-16T0100,4181A,112.3571,28.5588,益阳市,龙洲站,,39,39,30,26,21,42,NA,NA,NA,16,11,8,8,0.6,0.5
2026-08-16T0100,4182A,116.1942,39.9158,北京市,石景山八角,,26,17,30,9,13,81,NA,NA,NA,17,19,1,2,0.4,0.5
2026-08-16T0100,4183A,121.417401,31.16637,上海市,冠生园路458号,,22,14,17,12,14,69,NA,NA,NA,11,15,7,7,0.5,0.6
2026-08-16T0100,4184A,115.479691,35.244011,菏泽市,永昌路1号,颗粒物(PM10),52,52,43,31,25,76,NA,NA,NA,16,9,7,8,0.3,0.3
2026-08-16T0100,4185A,115.078022,30.21118,黄石市,磁湖东路29号,,38,38,27,7,8,38,NA,NA,NA,9,6,4,4,0.7,0.7
2026-08-16T0100,4186A,117.194237,34.229354,徐州市,解放南路202号,,24,24,22,11,9,31,NA,NA,NA,16,13,5,6,0.7,0.7
2026-08-16T0100,4187A,112.3425,28.611,益阳市,幸福渠东路223号,,40,30,30,28,21,45,NA,NA,NA,11,8,8,7,0.7,0.6
2026-08-16T0100,4188A,112.3712,28.5764,益阳市,益鑫泰路85号,,40,40,32,28,22,50,NA,NA,NA,11,9,10,10,0.7,0.9
2026-08-16T0100,4189A,113.113092,36.199482,长治市,英华南巷50号,,40,40,32,22,19,60,NA,NA,NA,6,5,13,13,0.6,0.9
2026-08-16T0100,4190A,113.23666,36.33435,长治市,学府街1号,,41,41,34,20,20,66,NA,NA,NA,2,2,7,7,0.8,0.8
2026-08-16T0100,4191A,118.527362,31.722269,马鞍山市,慈湖高新区,,36,36,23,18,15,13,NA,NA,NA,24,13,5,5,0.5,0.5
2026-08-16T0100,4192A,115.931587,28.686774,南昌市,南京东路235号,,22,14,10,12,10,69,NA,NA,NA,8,7,4,4,0.9,0.8
2026-08-16T0100,4193A,115.471542,35.280012,菏泽市,长城路999号,,39,39,39,21,23,74,NA,NA,NA,16,11,6,6,0.1,0.2
2026-08-16T0100,4194A,117.078628,40.151726,北京市,平谷新城,,30,28,29,21,18,54,NA,NA,NA,8,9,2,2,0.5,0.6
2026-08-16T0100,4196A,117.24369,39.102911,天津市,光华路,颗粒物(PM10),55,56,41,32,19,110,NA,NA,NA,15,17,8,11,0.6,0.7
2026-08-16T0100,4197A,118.130859,39.636026,唐山市,友谊北路34号,颗粒物(PM10),59,62,48,31,22,89,NA,NA,NA,9,7,8,7,0.5,0.6
2026-08-16T0100,4198A,119.509013,39.825305,秦皇岛市,北戴河轮滑馆,,40,40,29,19,10,65,NA,NA,NA,33,20,8,8,0.4,0.4
2026-08-16T0100,4199A,113.2798248,40.09972476,大同市,魏都大道141号,,32,32,45,17,15,50,NA,NA,NA,22,21,8,9,0.5,0.5
2026-08-16T0100,4200A,112.7478,37.6954,晋中市,迎宾街26号,,37,9,24,2,18,118,NA,NA,NA,5,8,7,9,0.4,0.4
2026-08-16T0100,4201A,122.944647,41.082639,鞍山市,兴盛南路290号,,34,34,48,13,22,5,NA,NA,NA,45,32,7,10,0.5,0.9
2026-08-16T0100,4202A,113.9856,32.9802,驻马店市,交通路1233号,,26,25,38,18,22,44,NA,NA,NA,16,10,6,6,0.4,0.4
2026-08-16T0100,4203A,111.3168,30.7203,宜昌市,西陵二路116号,,27,27,21,15,7,36,NA,NA,NA,8,10,6,6,0.4,0.4
2026-08-16T0100,4204A,111.3526,30.6374,宜昌市,沈家店路6号,,34,34,23,16,10,8,NA,NA,NA,42,14,5,6,0.5,0.4
2026-08-16T0100,4205A,121.541914,31.268301,上海市,宁武路151号,,17,14,17,11,12,54,NA,NA,NA,23,19,6,7,0.5,0.6
2026-08-16T0100,4206A,119.028838,33.631911,淮安市,承德北路606号,,26,24,19,18,12,4,NA,NA,NA,40,15,6,6,0.9,0.9
2026-08-16T0100,4207A,120.12211,33.393982,盐城市,黄海中路88号,,38,27,16,26,8,20,NA,NA,NA,12,4,9,9,0.5,0.4
2026-08-16T0100,4209A,117.003137,32.644456,淮南市,国庆中路369号,,48,48,28,23,13,21,NA,NA,NA,30,15,15,13,0.5,0.4
2026-08-16T0100,4210A,118.335445,29.720283,黄山市,滨江东路7-2号,,29,29,21,5,6,33,NA,NA,NA,2,5,/,/,/,/
2026-08-16T0100,4211A,118.190438,28.444845,上饶市,裕丰大道,,19,19,21,9,15,18,NA,NA,NA,4,4,6,10,0.5,0.6
2026-08-16T0100,4212A,118.3039243,36.82708161,淄博市,广场路1号,,42,NA,19,29,18,44,NA,NA,NA,25,19,4,7,0.4,0.4
2026-08-16T0100,4213A,121.364239,37.529648,烟台市,青年南路118号,,13,NA,13,9,8,30,NA,NA,NA,18,15,8,8,0.2,0.3
2026-08-16T0100,4214A,112.460027,34.694929,洛阳市,春都路1号院,,42,40,38,29,28,43,NA,NA,NA,21,16,5,3,0.4,0.3
2026-08-16T0100,4215A,113.916569,35.331547,新乡市,建设东路46号,,29,23,36,20,21,48,NA,NA,NA,18,8,8,9,0.2,0.3
2026-08-16T0100,4216A,115.0923632,35.76857718,濮阳市,任丘路479号,颗粒物(PM10),70,78,56,41,29,64,NA,NA,NA,17,12,5,6,0.6,0.5
2026-08-16T0100,4217A,114.3182,29.8447,咸宁市,双鹤路18号,NA,NA,27,23,9,11,NA,NA,NA,NA,4,6,13,57,0.6,0.5
2026-08-16T0100,4218A,111.446,27.2472,邵阳市,北塔二期4-26地块,颗粒物(PM10),52,52,19,31,10,22,NA,NA,NA,14,7,5,6,0.6,0.5
2026-08-16T0100,4219A,111.4739,27.2282,邵阳市,邵水西路287号,颗粒物(PM10),56,58,21,37,19,35,NA,NA,NA,14,9,4,3,0.7,0.6
2026-08-16T0100,4220A,114.214113,22.713717,深圳市,黄阁路,,39,39,23,16,9,22,NA,NA,NA,42,15,5,5,1.2,1
2026-08-16T0100,4221A,108.2177,22.7774,南宁市,乐贤路16号,,50,44,34,35,22,37,NA,NA,NA,40,21,6,8,0.8,0.7
2026-08-16T0100,4222A,110.1835,25.2444,桂林市,环湖路276号,,20,14,14,14,12,59,NA,NA,NA,5,4,6,10,0.4,0.4
2026-08-16T0100,4223A,106.4686218,29.48920871,重庆市,双山路147号,,27,25,19,6,8,86,NA,NA,NA,9,8,4,5,0.4,0.3
2026-08-16T0100,4224A,104.2433276,30.53529463,成都市,鲸龙路1057号,细颗粒物(PM2.5),52,46,38,36,26,125,NA,NA,NA,11,15,9,9,0.8,0.7
2026-08-16T0100,4225A,104.714266,29.338571,自贡市,贡兴路74号,细颗粒物(PM2.5),120,NA,46,81,42,58,NA,NA,NA,19,12,9,9,0.7,0.6
2026-08-16T0100,4226A,104.765114,31.453094,绵阳市,绵阳市气象局,,36,33,37,23,22,113,NA,NA,NA,11,14,8,7,0.5,0.5
2026-08-16T0100,4227A,106.108336,30.788436,南充市,梨树横街98号,细颗粒物(PM2.5),96,77,36,58,25,57,NA,NA,NA,19,15,10,10,0.6,0.4
2026-08-16T0100,4229A,102.2342,27.8859,凉山彝族自治州,凯乐南路30号,,24,24,31,16,20,62,NA,NA,NA,12,17,3,7,0.4,0.6
2026-08-16T0100,4230A,106.688212,26.56952,贵阳市,花果园大街66号,,32,32,16,16,7,21,NA,NA,NA,21,11,3,3,/,/
2026-08-16T0100,4231A,106.687268,26.516892,贵阳市,漓江路57号,,24,24,14,14,8,7,NA,NA,NA,24,12,2,2,0.6,0.5
2026-08-16T0100,4233A,108.596239,34.118792,西安市,西苑北路977号,,38,38,42,21,22,41,NA,NA,NA,21,14,2,3,0.4,0.4
2026-08-16T0100,4234A,108.949652,34.870529,铜川市,大唐三路,,23,23,35,13,19,46,NA,NA,NA,11,12,6,7,0.6,0.6
2026-08-16T0100,4235A,109.5051,34.4921,渭南市,渭花路4号,,32,29,26,22,18,30,NA,NA,NA,17,9,4,5,0.3,0.3
2026-08-16T0100,4236A,103.629272,36.093822,兰州市,庄浪东路808号,,27,27,34,15,15,71,NA,NA,NA,27,20,9,12,0.3,0.3
2026-08-16T0100,4237A,103.7251,36.104344,兰州市,安宁西路88号,,42,42,38,22,20,88,NA,NA,NA,19,12,9,10,0.3,0.4
2026-08-16T0100,4238A,103.846982,36.067567,兰州市,北滨河东路1号,,40,40,37,16,16,56,NA,NA,NA,35,23,4,4,0.8,0.5
2026-08-16T0100,4239A,102.193042,38.531887,金昌市,长春路96号,,35,34,102,7,28,112,NA,NA,NA,5,4,7,5,0.1,0
2026-08-16T0100,4240A,98.495752,39.733935,酒泉市,玉门东路5号,颗粒物(PM10),74,83,45,33,16,63,NA,NA,NA,20,6,8,7,0.5,0.4
2026-08-16T0100,4241A,98.5099,39.7506,酒泉市,北大街108号,颗粒物(PM10),67,73,46,29,19,78,NA,NA,NA,12,5,12,11,0.3,0.3
2026-08-16T0100,4242A,106.226373,38.491976,银川市,广场西路,,36,36,47,5,16,93,NA,NA,NA,9,19,7,10,0.5,0.7
2026-08-16T0100,4243A,92.0515,31.4787,那曲市,那曲市委宣传部,,25,3,8,3,9,80,NA,NA,NA,5,8,7,7,0.2,0.2
2026-08-16T0100,4244A,111.4879,36.053,临汾市,启星学校,,49,47,38,34,25,61,NA,NA,NA,16,12,25,7,1.2,0.9
2026-08-16T0100,4245A,106.8609,27.5969,遵义市,遵南大道1161号,,26,26,20,13,13,49,NA,NA,NA,4,5,5,4,0.7,0.7
2026-08-16T0100,4246A,105.833962,30.18863087,重庆市,桃园路24号,细颗粒物(PM2.5),101,92,37,61,31,74,NA,NA,NA,12,9,4,4,0.6,0.7
2026-08-16T0100,4247A,107.091033,29.153966,重庆市,钟楼街32号,细颗粒物(PM2.5),76,NA,17,48,13,28,NA,NA,NA,15,8,12,12,0.7,0.5
2026-08-16T0100,4248A,107.8042979,30.67350233,重庆市,人民南路309号,,40,40,31,10,7,66,NA,NA,NA,10,8,7,7,0.1,0.1
2026-08-16T0100,4249A,118.8707617,31.34017673,南京市,汶溪路181号,,18,12,13,12,6,29,NA,NA,NA,11,7,3,3,0.7,0.6
2026-08-16T0100,4250A,114.089259,33.588274,漯河市,韶山路11号,,30,26,52,21,30,61,NA,NA,NA,16,13,38,8,0.4,0.5
2026-08-16T0100,4251A,112.1433,32.0581,襄阳市,铁院东路4号,,44,44,33,24,19,46,NA,NA,NA,16,11,9,8,0.8,0.6
2026-08-16T0100,4252A,113.0138,25.8011,郴州市,好美居路49号,,24,24,17,13,10,9,NA,NA,NA,22,6,6,4,/,/
2026-08-16T0100,4253A,116.010205,29.659402,九江市,莲花大道8号,,16,15,16,11,7,29,NA,NA,NA,8,7,7,7,0.5,0.5
2026-08-16T0100,4254A,120.2925,31.5685,无锡市,健康路105号,,34,34,22,18,10,13,NA,NA,NA,35,22,7,7,0.7,0.8
2026-08-16T0100,4255A,110.16795,22.640993,玉林市,人民东路196号,,30,22,16,21,14,48,NA,NA,NA,13,8,33,6,0.8,0.7
2026-08-16T0100,4256A,107.375,22.3736,崇左市,石景林东路7号,,21,21,19,5,8,54,NA,NA,NA,7,8,4,4,0.5,0.5
2026-08-16T0100,4257A,104.6092,35.5962,定西市,将台街,,42,42,38,15,14,12,NA,NA,NA,41,17,6,6,0.3,0.3
2026-08-16T0100,4258A,111.2416,23.4155,梧州市,政贤路18号,,45,45,18,15,8,2,NA,NA,NA,42,13,6,6,0.8,0.6
2026-08-16T0100,4259A,113.835877,34.0155267,许昌市,望田路111号,颗粒物(PM10),53,54,44,24,28,70,NA,NA,NA,13,14,2,2,0.7,0.7
2026-08-16T0100,4260A,109.5933,23.095,贵港市,中山路155-3号,,26,26,23,12,14,54,NA,NA,NA,13,8,/,/,0.7,0.7
2026-08-16T0100,4261A,103.7247,27.3415,昭通市,环东路146号,,34,32,35,17,21,108,NA,NA,NA,16,15,8,10,0.4,0.5
2026-08-16T0100,4263A,105.3688,27.3598,毕节市,工业大道,,36,36,32,20,17,10,NA,NA,NA,36,16,9,9,/,/
2026-08-16T0100,4264A,113.234,35.219,焦作市,新安路1731号,,36,36,39,19,24,79,NA,NA,NA,6,8,5,6,0.4,0.4
2026-08-16T0100,4265A,113.108806,29.353066,岳阳市,求索西路365号,,45,37,29,31,18,29,NA,NA,NA,22,10,2,3,0.7,0.6
2026-08-16T0100,4266A,117.7325,34.5683,枣庄市,文化路178号,,36,34,23,25,13,49,NA,NA,NA,28,16,7,14,0.4,0.4
2026-08-16T0100,4268A,112.1722,30.3366,荆州市,学苑路85号,,40,39,25,28,20,12,NA,NA,NA,55,13,7,8,0.6,0.5
2026-08-16T0100,4269A,114.6701,33.6167,周口市,七一路,,20,19,25,14,20,55,NA,NA,NA,13,9,2,3,0.3,0.4
2026-08-16T0100,4270A,102.6447,37.9293,武威市,钟楼街149号,,48,48,55,16,17,98,NA,NA,NA,8,10,10,10,0.2,0.3
2026-08-16T0100,4271A,103.2464,35.6123,临夏回族自治州,滨河东路1号,颗粒物(PM10),53,53,47,34,25,34,NA,NA,NA,19,16,8,8,0.5,0.4
2026-08-16T0100,4273A,81.2737,43.9337,伊犁哈萨克自治州,安徽路800号,,46,46,42,19,10,89,NA,NA,NA,14,12,5,6,0.5,0.5
2026-08-16T0100,4274A,117.7994,40.9605,承德市,滨河大街98号,,24,24,23,6,10,8,NA,NA,NA,9,8,5,19,0.4,0.5
2026-08-16T0100,4275A,111.591512,40.827312,呼和浩特市,成吉思汗西街8号,,22,17,21,15,9,48,NA,NA,NA,33,25,4,5,0.4,0.4
2026-08-16T0100,4276A,111.6597,40.8077,呼和浩特市,公园东路75号,,28,24,21,5,10,87,NA,NA,NA,10,12,7,8,0.3,0.3
2026-08-16T0100,4277A,111.5427,40.7846,呼和浩特市,金海路35号,,25,NA,26,17,11,48,NA,NA,NA,28,22,4,5,0.4,0.4
2026-08-16T0100,4278A,106.8212,39.6741,乌海市,海拉北路,,33,15,37,11,20,104,NA,NA,NA,3,14,8,16,0.2,0.5
2026-08-16T0100,4279A,119.7569,49.2222,呼伦贝尔市,伊敏大街东7号,,23,17,21,9,12,71,NA,NA,NA,6,9,6,5,0.2,0.3
2026-08-16T0100,4280A,122.0921,46.065,兴安盟,洮儿河南路,,32,NA,21,22,11,18,NA,NA,NA,20,13,6,5,0.2,0.3
2026-08-16T0100,4281A,125.334645,43.916281,长春市,北亚泰大街1068号,,20,NA,28,11,15,62,NA,NA,NA,13,23,5,5,0.4,0.4
2026-08-16T0100,4282A,126.6769,45.7379,哈尔滨市,华山路1号,,22,22,16,9,5,50,NA,NA,NA,10,10,2,2,0,0
2026-08-16T0100,4283A,126.9717,45.5356,哈尔滨市,解放大街52号,,37,37,30,3,3,12,NA,NA,NA,33,20,4,6,0.5,0.6
2026-08-16T0100,4284A,128.8325,47.8447,伊春市,永安路4-1号,,12,11,12,7,6,38,NA,NA,NA,3,3,2,2,0.4,0.3
2026-08-16T0100,4285A,130.363,46.806,佳木斯市,顺和街,,22,22,32,7,7,10,NA,NA,NA,23,12,3,4,0.3,0.2
2026-08-16T0100,4286A,130.3952,46.8268,佳木斯市,长安路196号,,41,41,23,14,8,2,NA,NA,NA,34,14,4,5,0.4,0.3
2026-08-16T0100,4287A,129.5992,44.5964,牡丹江市,东晓云街98号,,19,19,18,2,4,24,NA,NA,NA,7,5,8,8,0.2,0.2
2026-08-16T0100,4288A,117.2438,34.2844,徐州市,龙潭环路5号,,24,24,18,15,10,22,NA,NA,NA,19,13,7,8,0.8,0.7
2026-08-16T0100,4289A,117.154766,29.256967,景德镇市,青少年活动中心,,14,14,20,5,7,36,NA,NA,NA,3,6,5,7,/,/
2026-08-16T0100,4290A,120.196923,35.954556,青岛市,珠江路669号,,36,19,27,7,15,114,NA,NA,NA,13,30,6,6,0.9,0.8
2026-08-16T0100,4291A,120.0424,35.8656,青岛市,黄岛区人民政府广场,,24,22,23,12,16,74,NA,NA,NA,23,20,7,7,0.6,0.4
2026-08-16T0100,4292A,116.352738,37.420875,德州市,新河东路,,27,24,21,9,12,85,NA,NA,NA,24,19,9,9,0.3,0.5
2026-08-16T0100,4293A,113.605125,34.755221,郑州市,计划路2号,颗粒物(PM10),58,60,43,35,25,74,NA,NA,NA,18,13,3,4,0.7,0.4
2026-08-16T0100,4294A,113.6525645,34.77362682,郑州市,同乐路9号,细颗粒物(PM2.5),52,42,38,36,31,75,NA,NA,NA,12,13,3,3,0.6,0.4
2026-08-16T0100,4295A,113.2722,35.2121,焦作市,人民路3066号,,43,43,37,26,26,50,NA,NA,NA,10,6,5,4,0.8,0.8
2026-08-16T0100,4296A,114.6421,33.6417,周口市,健康路46号,NA,NA,NA,NA,NA,NA,NA,NA,NA,NA,NA,NA,NA,NA,NA,NA
2026-08-16T0100,4297A,114.649,33.596,周口市,太昊路,,26,26,33,7,16,55,NA,NA,NA,14,12,2,3,0.2,0.3
2026-08-16T0100,4298A,114.284,29.8595,咸宁市,碧桂路,,26,26,28,10,14,26,NA,NA,NA,7,9,4,5,0.4,0.4
2026-08-16T0100,4299A,111.6195,26.2253,永州市,徐家井路86号,,38,35,24,26,16,47,NA,NA,NA,12,9,5,6,0.8,0.7
2026-08-16T0100,4300A,114.4089,23.1147,惠州市,文华一路1号,,35,31,20,24,14,65,NA,NA,NA,17,9,/,/,/,/
2026-08-16T0100,4301A,110.2803,25.2773,桂林市,信义路13号,,20,14,15,10,9,63,NA,NA,NA,4,5,4,4,0.7,0.6
2026-08-16T0100,4302A,108.0901,24.6945,河池市,上任中路54号,,32,32,17,9,6,20,NA,NA,NA,21,15,5,5,0.8,0.8
2026-08-16T0100,4303A,105.5911,30.5368,遂宁市,环岛商务中心9号楼,,42,42,33,29,20,55,NA,NA,NA,17,13,10,8,0.8,0.6
2026-08-16T0100,4304A,106.1172,30.843,南充市,清泉寺北路188号,细颗粒物(PM2.5),110,73,41,70,29,46,NA,NA,NA,20,12,10,9,0.7,0.4
2026-08-16T0100,4305A,106.067,30.7616,南充市,同庆路1号,细颗粒物(PM2.5),68,NA,29,44,18,46,NA,NA,NA,23,13,6,7,0.6,0.4
2026-08-16T0100,4306A,103.0544,30.0133,雅安市,滨江西路,,49,47,35,34,23,83,NA,NA,NA,16,9,8,9,0.6,0.5
2026-08-16T0100,4307A,108.9817,34.2035,西安市,曲江池东路988号,,45,45,35,22,18,40,NA,NA,NA,26,16,2,3,0.5,0.5
2026-08-16T0100,4308A,107.3898,34.3601,宝鸡市,陈仓区北开路21号,,36,35,35,25,22,56,NA,NA,NA,15,13,5,4,0.4,0.3
2026-08-16T0100,4309A,104.6159,35.5701,定西市,正龙路62号,,32,32,32,10,12,45,NA,NA,NA,13,10,5,5,0.3,0.2
2026-08-16T0100,4310A,103.207136,35.599807,临夏回族自治州,新华街21号,颗粒物(PM10),52,52,44,30,23,38,NA,NA,NA,15,10,9,11,0.3,0.3
2026-08-16T0100,4311A,122.0383,46.0691,兴安盟,科尔沁北路63号,,12,NA,4,8,4,2,NA,NA,NA,16,13,4,4,1.0,1
2026-08-16T0100,4312A,119.019,31.6512,南京市,中山西路1号,,25,19,12,17,5,10,NA,NA,NA,20,8,4,3,0.5,0.9
2026-08-16T0100,4314A,114.0494,38.059,石家庄市,矿区区委大楼,,37,37,30,10,9,50,NA,NA,NA,13,9,5,5,0.4,0.3
2026-08-16T0100,4325A,105.3665,28.77434,泸州市,纳溪区委政协,细颗粒物(PM2.5),62,NA,30,41,28,43,NA,NA,NA,24,15,6,6,0.8,0.7
2026-08-16T0100,4326A,113.0794,22.5999,江门市,五邑大学,,27,27,29,16,18,24,NA,NA,NA,46,15,5,6,0.5,0.5
